{"resourceType":"CodeSystem","id":"NIHSS1bLOC","text":{"status":"generated","div":"<div xmlns=\"http://www.w3.org/1999/xhtml\"><p class=\"res-header-id\"><b>Generated Narrative: CodeSystem NIHSS1bLOC</b></p><a name=\"NIHSS1bLOC\"> </a><a name=\"hcNIHSS1bLOC\"> </a><a name=\"NIHSS1bLOC-en-US\"> </a><p>This  code system <code>https://kip.rkkp.dk/fhir/CodeSystem/NIHSS1bLOC</code> defines the following codes:</p><table class=\"codes\"><tr><td style=\"white-space:nowrap\"><b>Code</b></td><td><b>Definition</b></td></tr><tr><td style=\"white-space:nowrap\">0<a name=\"NIHSS1bLOC-0\"> </a></td><td>Answers both questions correctly.</td></tr><tr><td style=\"white-space:nowrap\">1<a name=\"NIHSS1bLOC-1\"> </a></td><td>Answers one question correctly.</td></tr><tr><td style=\"white-space:nowrap\">2<a name=\"NIHSS1bLOC-2\"> </a></td><td>Answers neither question correctly.</td></tr></table></div>"},"url":"https://kip.rkkp.dk/fhir/CodeSystem/NIHSS1bLOC","version":"0.1.8","name":"NIHSS1bLOC","title":"The National Institute of Health Stroke Scale (NIHSS) - 1b. Level of Consciousness: Questions","status":"active","date":"2022-06-23T00:00:00+02:00","publisher":"Sundhedsvæsnets Kvalistetsinstitut with Trifork Digital Health A/S","contact":[{"name":"Sundhedsvæsnets Kvalistetsinstitut with Trifork Digital Health A/S","telecom":[{"system":"url","value":"https://trifork.com"},{"system":"email","value":"rbk@trifork.com"}]}],"description":"The National Institute of Health Stroke Scale (NIHSS) - 1b. Level of Consciousness: Questions; Link: https://www.ninds.nih.gov/stroke-scales-and-related-information","content":"complete","count":3,"concept":[{"code":"0","display":"0","definition":"Answers both questions correctly."},{"code":"1","display":"1","definition":"Answers one question correctly."},{"code":"2","display":"2","definition":"Answers neither question correctly."}]}