{"resourceType":"CodeSystem","id":"EORTCQLQC1514","text":{"status":"generated","div":"<div xmlns=\"http://www.w3.org/1999/xhtml\"><p class=\"res-header-id\"><b>Generated Narrative: CodeSystem EORTCQLQC1514</b></p><a name=\"EORTCQLQC1514\"> </a><a name=\"hcEORTCQLQC1514\"> </a><a name=\"EORTCQLQC1514-en-US\"> </a><p>This case-insensitive code system <code>https://kip.rkkp.dk/fhir/CodeSystem/EORTCQLQC1514</code> defines the following codes:</p><table class=\"codes\"><tr><td style=\"white-space:nowrap\"><b>Code</b></td><td><b>Display</b></td><td><b>Definition</b></td></tr><tr><td style=\"white-space:nowrap\">grade_1<a name=\"EORTCQLQC1514-grade_1\"> </a></td><td>1. Slet ikke</td><td><div><ol>\n<li>Slet ikke</li>\n</ol>\n</div></td></tr><tr><td style=\"white-space:nowrap\">grade_2<a name=\"EORTCQLQC1514-grade_2\"> </a></td><td>2. Lidt</td><td><div><ol start=\"2\">\n<li>Lidt</li>\n</ol>\n</div></td></tr><tr><td style=\"white-space:nowrap\">grade_3<a name=\"EORTCQLQC1514-grade_3\"> </a></td><td>3. En del</td><td><div><ol start=\"3\">\n<li>En del</li>\n</ol>\n</div></td></tr><tr><td style=\"white-space:nowrap\">grade_4<a name=\"EORTCQLQC1514-grade_4\"> </a></td><td>4. Meget</td><td><div><ol start=\"4\">\n<li>Meget</li>\n</ol>\n</div></td></tr></table></div>"},"url":"https://kip.rkkp.dk/fhir/CodeSystem/EORTCQLQC1514","version":"0.1.6","name":"EORTCQLQC1514","title":"EORTC QLQ-C15-PAL 1-4","status":"active","date":"2022-07-28T00:00:00+02:00","publisher":"Sundhedsvæsnets Kvalistetsinstitut with Trifork Digital Health A/S","contact":[{"name":"Sundhedsvæsnets Kvalistetsinstitut with Trifork Digital Health A/S","telecom":[{"system":"url","value":"https://trifork.com"},{"system":"email","value":"rbk@trifork.com"}]}],"description":"EORTC Palliativ spørgeskema (1-15) grad 1-4. Se https://www.eortc.org/research_field/quality-of-life/","caseSensitive":false,"content":"complete","count":4,"concept":[{"code":"grade_1","display":"1. Slet ikke","definition":"1. Slet ikke"},{"code":"grade_2","display":"2. Lidt","definition":"2. Lidt"},{"code":"grade_3","display":"3. En del","definition":"3. En del"},{"code":"grade_4","display":"4. Meget","definition":"4. Meget"}]}