{"resourceType":"CodeSystem","id":"FunctionalScoreTypes","text":{"status":"generated","div":"<div xmlns=\"http://www.w3.org/1999/xhtml\"><p class=\"res-header-id\"><b>Generated Narrative: CodeSystem FunctionalScoreTypes</b></p><a name=\"FunctionalScoreTypes\"> </a><a name=\"hcFunctionalScoreTypes\"> </a><a name=\"FunctionalScoreTypes-en-US\"> </a><p>This  code system <code>https://kip.rkkp.dk/fhir/CodeSystem/FunctionalScoreTypes</code> defines the following codes:</p><table class=\"codes\"><tr><td style=\"white-space:nowrap\"><b>Code</b></td><td><b>Display</b></td><td><b>Definition</b></td></tr><tr><td style=\"white-space:nowrap\">CAS<a name=\"FunctionalScoreTypes-CAS\"> </a></td><td>Cumulated Ambulation Score (CAS)</td><td>Cumulated Ambulation Score</td></tr><tr><td style=\"white-space:nowrap\">NMS<a name=\"FunctionalScoreTypes-NMS\"> </a></td><td>New Mobility Score (NMS)</td><td>New Mobility Score</td></tr></table></div>"},"url":"https://kip.rkkp.dk/fhir/CodeSystem/FunctionalScoreTypes","version":"2.9.1","name":"FunctionalScoreTypes","title":"FunctionalScoreTypes","status":"active","date":"2024-10-07T00:00:00+02:00","publisher":"Sundhedsvæsnets Kvalistetsinstitut with Trifork Digital Health A/S","contact":[{"name":"Sundhedsvæsnets Kvalistetsinstitut with Trifork Digital Health A/S","telecom":[{"system":"url","value":"https://trifork.com"},{"system":"email","value":"rbk@trifork.com"}]}],"description":"Anvendte typer ved måling af helbreds- eller funktionel score","content":"complete","count":2,"concept":[{"code":"CAS","display":"Cumulated Ambulation Score (CAS)","definition":"Cumulated Ambulation Score"},{"code":"NMS","display":"New Mobility Score (NMS)","definition":"New Mobility Score"}]}