{"resourceType":"CodeSystem","id":"MeasurementDevices","text":{"status":"generated","div":"<div xmlns=\"http://www.w3.org/1999/xhtml\"><p class=\"res-header-id\"><b>Generated Narrative: CodeSystem MeasurementDevices</b></p><a name=\"MeasurementDevices\"> </a><a name=\"hcMeasurementDevices\"> </a><a name=\"MeasurementDevices-en-US\"> </a><p>This case-insensitive code system <code>https://kip.rkkp.dk/fhir/CodeSystem/MeasurementDevices</code> defines the following codes:</p><table class=\"codes\"><tr><td style=\"white-space:nowrap\"><b>Code</b></td><td><b>Display</b></td><td><b>Definition</b></td></tr><tr><td style=\"white-space:nowrap\">kt-1000_kt-2000<a name=\"MeasurementDevices-kt-1000_kt-2000\"> </a></td><td>KT-1000/KT-2000</td><td>KT-1000/KT-2000</td></tr><tr><td style=\"white-space:nowrap\">rolimeter<a name=\"MeasurementDevices-rolimeter\"> </a></td><td>Rolimeter</td><td>Rolimeter</td></tr></table></div>"},"url":"https://kip.rkkp.dk/fhir/CodeSystem/MeasurementDevices","version":"0.1.8","name":"MeasurementDevices","title":"Measurement devices","status":"active","date":"2022-09-15T00:00:00+02:00","publisher":"Sundhedsvæsnets Kvalistetsinstitut with Trifork Digital Health A/S","contact":[{"name":"Sundhedsvæsnets Kvalistetsinstitut with Trifork Digital Health A/S","telecom":[{"system":"url","value":"https://trifork.com"},{"system":"email","value":"rbk@trifork.com"}]}],"description":"Measurement devices","caseSensitive":false,"content":"complete","count":2,"concept":[{"code":"kt-1000_kt-2000","display":"KT-1000/KT-2000","definition":"KT-1000/KT-2000"},{"code":"rolimeter","display":"Rolimeter","definition":"Rolimeter"}]}