{"resourceType":"CodeSystem","id":"ContactPlace","text":{"status":"generated","div":"<div xmlns=\"http://www.w3.org/1999/xhtml\"><p class=\"res-header-id\"><b>Generated Narrative: CodeSystem ContactPlace</b></p><a name=\"ContactPlace\"> </a><a name=\"hcContactPlace\"> </a><a name=\"ContactPlace-en-US\"> </a><p>This case-insensitive code system <code>https://kip.rkkp.dk/fhir/CodeSystem/ContactPlace</code> defines the following codes:</p><table class=\"codes\"><tr><td style=\"white-space:nowrap\"><b>Code</b></td><td><b>Display</b></td><td><b>Definition</b></td></tr><tr><td style=\"white-space:nowrap\">outpatient_clinic<a name=\"ContactPlace-outpatient_clinic\"> </a></td><td>Outpatient clinic</td><td>Outpatient clinic / Ambulatorium</td></tr><tr><td style=\"white-space:nowrap\">home_visit<a name=\"ContactPlace-home_visit\"> </a></td><td>Home visit</td><td>Home visit / Hjemmebesøg / SNOMED-CT: 439708006</td></tr><tr><td style=\"white-space:nowrap\">oversight<a name=\"ContactPlace-oversight\"> </a></td><td>Oversight</td><td>Oversight on another department / Tilsyn anden afdeling uden samtidig tilknytning af patienten til det palliative team</td></tr><tr><td style=\"white-space:nowrap\">oversight_palliative<a name=\"ContactPlace-oversight_palliative\"> </a></td><td>Oversight (Palliative)</td><td>Oversight on another department (Palliative) / Tilsyn anden afdeling med samtidig tilknytning af patienten til det palliative team</td></tr></table></div>"},"url":"https://kip.rkkp.dk/fhir/CodeSystem/ContactPlace","version":"2.9.1","name":"ContactPlace","title":"Contact; Place of contact","status":"active","date":"2022-08-23T00:00:00+02:00","publisher":"Sundhedsvæsnets Kvalistetsinstitut with Trifork Digital Health A/S","contact":[{"name":"Sundhedsvæsnets Kvalistetsinstitut with Trifork Digital Health A/S","telecom":[{"system":"url","value":"https://trifork.com"},{"system":"email","value":"rbk@trifork.com"}]}],"description":"Contact; Place of contact","caseSensitive":false,"content":"complete","count":4,"concept":[{"code":"outpatient_clinic","display":"Outpatient clinic","definition":"Outpatient clinic / Ambulatorium"},{"code":"home_visit","display":"Home visit","definition":"Home visit / Hjemmebesøg / SNOMED-CT: 439708006"},{"code":"oversight","display":"Oversight","definition":"Oversight on another department / Tilsyn anden afdeling uden samtidig tilknytning af patienten til det palliative team"},{"code":"oversight_palliative","display":"Oversight (Palliative)","definition":"Oversight on another department (Palliative) / Tilsyn anden afdeling med samtidig tilknytning af patienten til det palliative team"}]}