{"resourceType":"CodeSystem","id":"SurgicalAttire","text":{"status":"generated","div":"<div xmlns=\"http://www.w3.org/1999/xhtml\"><p class=\"res-header-id\"><b>Generated Narrative: CodeSystem SurgicalAttire</b></p><a name=\"SurgicalAttire\"> </a><a name=\"hcSurgicalAttire\"> </a><a name=\"SurgicalAttire-en-US\"> </a><p>This case-insensitive code system <code>https://kip.rkkp.dk/fhir/CodeSystem/SurgicalAttire</code> defines the following codes in an undefined hierarchy:</p><table class=\"codes\"><tr><td><b>Lvl</b></td><td style=\"white-space:nowrap\"><b>Code</b></td><td><b>Display</b></td><td><b>Definition</b></td></tr><tr><td>1</td><td style=\"white-space:nowrap\">helmet<a name=\"SurgicalAttire-helmet\"> </a></td><td>Helmet</td><td>Helmet</td></tr><tr><td>2</td><td style=\"white-space:nowrap\">\u00a0\u00a0with_venting<a name=\"SurgicalAttire-with_venting\"> </a></td><td>Helmet with venting</td><td>Helmet with venting</td></tr><tr><td>2</td><td style=\"white-space:nowrap\">\u00a0\u00a0without_venting<a name=\"SurgicalAttire-without_venting\"> </a></td><td>Helmet without venting</td><td>Helmet without venting</td></tr></table></div>"},"url":"https://kip.rkkp.dk/fhir/CodeSystem/SurgicalAttire","version":"0.2.1","name":"SurgicalAttire","title":"Surgical attire, during operations","status":"active","date":"2022-07-04T00:00:00+02:00","publisher":"Sundhedsvæsnets Kvalistetsinstitut with Trifork Digital Health A/S","contact":[{"name":"Sundhedsvæsnets Kvalistetsinstitut with Trifork Digital Health A/S","telecom":[{"system":"url","value":"https://trifork.com"},{"system":"email","value":"rbk@trifork.com"}]}],"description":"Surgical attire, during operations","caseSensitive":false,"content":"complete","count":3,"concept":[{"code":"helmet","display":"Helmet","definition":"Helmet","concept":[{"code":"with_venting","display":"Helmet with venting","definition":"Helmet with venting"},{"code":"without_venting","display":"Helmet without venting","definition":"Helmet without venting"}]}]}