{"resourceType":"CodeSystem","id":"SmerteKvalme","text":{"status":"generated","div":"<div xmlns=\"http://www.w3.org/1999/xhtml\"><p class=\"res-header-id\"><b>Generated Narrative: CodeSystem SmerteKvalme</b></p><a name=\"SmerteKvalme\"> </a><a name=\"hcSmerteKvalme\"> </a><a name=\"SmerteKvalme-en-US\"> </a><p>This  code system <code>https://kip.rkkp.dk/fhir/CodeSystem/SmerteKvalme</code> defines the following codes:</p><table class=\"codes\"><tr><td style=\"white-space:nowrap\"><b>Code</b></td><td><b>Definition</b></td></tr><tr><td style=\"white-space:nowrap\">0<a name=\"SmerteKvalme-0\"> </a></td><td>0</td></tr><tr><td style=\"white-space:nowrap\">1<a name=\"SmerteKvalme-1\"> </a></td><td>1</td></tr><tr><td style=\"white-space:nowrap\">2<a name=\"SmerteKvalme-2\"> </a></td><td>2</td></tr><tr><td style=\"white-space:nowrap\">3<a name=\"SmerteKvalme-3\"> </a></td><td>3</td></tr></table></div>"},"url":"https://kip.rkkp.dk/fhir/CodeSystem/SmerteKvalme","version":"0.1.6","name":"SmerteKvalme","title":"Smerter og kvalme","status":"active","date":"2022-06-14T00:00:00+02:00","publisher":"Sundhedsvæsnets Kvalistetsinstitut with Trifork Digital Health A/S","contact":[{"name":"Sundhedsvæsnets Kvalistetsinstitut with Trifork Digital Health A/S","telecom":[{"system":"url","value":"https://trifork.com"},{"system":"email","value":"rbk@trifork.com"}]}],"description":"Smerter og kvalme målt i forskellige situationer","content":"complete","count":4,"concept":[{"code":"0","display":"0","definition":"0"},{"code":"1","display":"1","definition":"1"},{"code":"2","display":"2","definition":"2"},{"code":"3","display":"3","definition":"3"}]}