{"resourceType":"CodeSystem","id":"MeshType","text":{"status":"generated","div":"<div xmlns=\"http://www.w3.org/1999/xhtml\"><p class=\"res-header-id\"><b>Generated Narrative: CodeSystem MeshType</b></p><a name=\"MeshType\"> </a><a name=\"hcMeshType\"> </a><a name=\"MeshType-en-US\"> </a><p>This case-insensitive code system <code>https://kip.sundk.dk/fhir/CodeSystem/MeshType</code> defines the following codes:</p><table class=\"codes\"><tr><td style=\"white-space:nowrap\"><b>Code</b></td><td><b>Display</b></td><td><b>Definition</b></td></tr><tr><td style=\"white-space:nowrap\">adhesix<a name=\"MeshType-adhesix\"> </a></td><td>Adhesix</td><td>Adhesix</td></tr><tr><td style=\"white-space:nowrap\">adhesix_bard<a name=\"MeshType-adhesix_bard\"> </a></td><td>Adhesix, BARD</td><td>Adhesix, BARD</td></tr><tr><td style=\"white-space:nowrap\">adhesix_lap<a name=\"MeshType-adhesix_lap\"> </a></td><td>Adhesix lap.</td><td>Adhesix lap.</td></tr><tr><td style=\"white-space:nowrap\">bard_3d<a name=\"MeshType-bard_3d\"> </a></td><td>BARD 3D</td><td>BARD 3D</td></tr><tr><td style=\"white-space:nowrap\">bard_3d_light<a name=\"MeshType-bard_3d_light\"> </a></td><td>Bard 3D Light</td><td>Bard 3D Light</td></tr><tr><td style=\"white-space:nowrap\">bard_flatmesh<a name=\"MeshType-bard_flatmesh\"> </a></td><td>BARD Flatmesh</td><td>BARD Flatmesh</td></tr><tr><td style=\"white-space:nowrap\">bard_perfix_plug<a name=\"MeshType-bard_perfix_plug\"> </a></td><td>BARD PerFix Plug</td><td>BARD PerFix Plug</td></tr><tr><td style=\"white-space:nowrap\">bard_polysoft<a name=\"MeshType-bard_polysoft\"> </a></td><td>BARD PolySoft Hernia Patch</td><td>BARD PolySoft Hernia Patch</td></tr><tr><td style=\"white-space:nowrap\">bard_soft<a name=\"MeshType-bard_soft\"> </a></td><td>BARD Soft</td><td>BARD Soft</td></tr><tr><td style=\"white-space:nowrap\">bio_a<a name=\"MeshType-bio_a\"> </a></td><td>BIO-A</td><td>BIO-A</td></tr><tr><td style=\"white-space:nowrap\">cabs_air<a name=\"MeshType-cabs_air\"> </a></td><td>CABS AIR Composite, Cousin Biotech</td><td>CABS AIR Composite, Cousin Biotech</td></tr><tr><td style=\"white-space:nowrap\">cousin<a name=\"MeshType-cousin\"> </a></td><td>Cousin</td><td>Cousin</td></tr><tr><td style=\"white-space:nowrap\">dextile_medtronic<a name=\"MeshType-dextile_medtronic\"> </a></td><td>Dextile fra Medtronic</td><td>Dextile fra Medtronic</td></tr><tr><td style=\"white-space:nowrap\">dynamesh_kebomed<a name=\"MeshType-dynamesh_kebomed\"> </a></td><td>Dynamesh, Kebomed</td><td>Dynamesh, Kebomed</td></tr><tr><td style=\"white-space:nowrap\">dynamesh_ipom<a name=\"MeshType-dynamesh_ipom\"> </a></td><td>Dynamesh IPOM, Kebomed</td><td>Dynamesh IPOM, Kebomed</td></tr><tr><td style=\"white-space:nowrap\">dynamesh_pp<a name=\"MeshType-dynamesh_pp\"> </a></td><td>Dynamesh PP</td><td>Dynamesh PP</td></tr><tr><td style=\"white-space:nowrap\">dynamesh_visible<a name=\"MeshType-dynamesh_visible\"> </a></td><td>Dynamesh Visible</td><td>Dynamesh Visible</td></tr><tr><td style=\"white-space:nowrap\">galmesh<a name=\"MeshType-galmesh\"> </a></td><td>Galmesh</td><td>Galmesh</td></tr><tr><td style=\"white-space:nowrap\">galmesh_light<a name=\"MeshType-galmesh_light\"> </a></td><td>Galmesh Light</td><td>Galmesh Light</td></tr><tr><td style=\"white-space:nowrap\">galmesh_umbilical<a name=\"MeshType-galmesh_umbilical\"> </a></td><td>Galmesh Umbilical</td><td>Galmesh Umbilical</td></tr><tr><td style=\"white-space:nowrap\">gore_dualmesh<a name=\"MeshType-gore_dualmesh\"> </a></td><td>Gore Dualmesh, ViCare Medical</td><td>Gore Dualmesh, ViCare Medical</td></tr><tr><td style=\"white-space:nowrap\">intramesh<a name=\"MeshType-intramesh\"> </a></td><td>Intramesh (T1/P8/W3), Cousin Biotech</td><td>Intramesh (T1/P8/W3), Cousin Biotech</td></tr><tr><td style=\"white-space:nowrap\">klas<a name=\"MeshType-klas\"> </a></td><td>Klas</td><td>Klas</td></tr><tr><td style=\"white-space:nowrap\">medcare_prolene<a name=\"MeshType-medcare_prolene\"> </a></td><td>Medcare Prolene</td><td>Medcare Prolene</td></tr><tr><td style=\"white-space:nowrap\">optilene_mesh<a name=\"MeshType-optilene_mesh\"> </a></td><td>Optilene Mesh</td><td>Optilene Mesh</td></tr><tr><td style=\"white-space:nowrap\">optilene_mesh_elastic<a name=\"MeshType-optilene_mesh_elastic\"> </a></td><td>Optilene Mesh Elastic</td><td>Optilene Mesh Elastic</td></tr><tr><td style=\"white-space:nowrap\">optilene_mesh_lp<a name=\"MeshType-optilene_mesh_lp\"> </a></td><td>Optilene Mesh LP</td><td>Optilene Mesh LP</td></tr><tr><td style=\"white-space:nowrap\">parietene<a name=\"MeshType-parietene\"> </a></td><td>Parietene</td><td>Parietene</td></tr><tr><td style=\"white-space:nowrap\">parietene_composite<a name=\"MeshType-parietene_composite\"> </a></td><td>Parietene Composite</td><td>Parietene Composite</td></tr><tr><td style=\"white-space:nowrap\">parietene_covidien<a name=\"MeshType-parietene_covidien\"> </a></td><td>Parietene Covidien</td><td>Parietene Covidien</td></tr><tr><td style=\"white-space:nowrap\">parietex<a name=\"MeshType-parietex\"> </a></td><td>Parietex</td><td>Parietex</td></tr><tr><td style=\"white-space:nowrap\">parietex_composite<a name=\"MeshType-parietex_composite\"> </a></td><td>Parietex Composite (incl. Optimized), Covidien</td><td>Parietex Composite (incl. Optimized), Covidien</td></tr><tr><td style=\"white-space:nowrap\">parietex_covidien<a name=\"MeshType-parietex_covidien\"> </a></td><td>Parietex Covidien</td><td>Parietex Covidien</td></tr><tr><td style=\"white-space:nowrap\">parietex_ventral<a name=\"MeshType-parietex_ventral\"> </a></td><td>Parietex Ventral Patch</td><td>Parietex Ventral Patch</td></tr><tr><td style=\"white-space:nowrap\">parietex_progrip<a name=\"MeshType-parietex_progrip\"> </a></td><td>Parietex Progrip</td><td>Parietex Progrip</td></tr><tr><td style=\"white-space:nowrap\">permacol_covidien<a name=\"MeshType-permacol_covidien\"> </a></td><td>Permacol, Covidien</td><td>Permacol, Covidien</td></tr><tr><td style=\"white-space:nowrap\">phasix<a name=\"MeshType-phasix\"> </a></td><td>Phasix</td><td>Phasix</td></tr><tr><td style=\"white-space:nowrap\">phasix_st<a name=\"MeshType-phasix_st\"> </a></td><td>Phasix ST</td><td>Phasix ST</td></tr><tr><td style=\"white-space:nowrap\">physiomesh<a name=\"MeshType-physiomesh\"> </a></td><td>Physiomesh</td><td>Physiomesh</td></tr><tr><td style=\"white-space:nowrap\">physiomesh_ethicon<a name=\"MeshType-physiomesh_ethicon\"> </a></td><td>Physiomesh, Ethicon</td><td>Physiomesh, Ethicon</td></tr><tr><td style=\"white-space:nowrap\">polypropylene<a name=\"MeshType-polypropylene\"> </a></td><td>Polypropylene</td><td>Polypropylene</td></tr><tr><td style=\"white-space:nowrap\">proceed_ehticon<a name=\"MeshType-proceed_ehticon\"> </a></td><td>Proceed, Ethicon</td><td>Proceed, Ethicon</td></tr><tr><td style=\"white-space:nowrap\">proceed_ventral<a name=\"MeshType-proceed_ventral\"> </a></td><td>Proceed Ventral Patch, Ethicon</td><td>Proceed Ventral Patch, Ethicon</td></tr><tr><td style=\"white-space:nowrap\">progrip<a name=\"MeshType-progrip\"> </a></td><td>Progrip</td><td>Progrip</td></tr><tr><td style=\"white-space:nowrap\">prolene<a name=\"MeshType-prolene\"> </a></td><td>Prolene</td><td>Prolene</td></tr><tr><td style=\"white-space:nowrap\">prolite<a name=\"MeshType-prolite\"> </a></td><td>Prolite</td><td>Prolite</td></tr><tr><td style=\"white-space:nowrap\">softmesh_bard<a name=\"MeshType-softmesh_bard\"> </a></td><td>SoftMesh, BARD</td><td>SoftMesh, BARD</td></tr><tr><td style=\"white-space:nowrap\">strattice_lifecell<a name=\"MeshType-strattice_lifecell\"> </a></td><td>Strattice, Lifecell</td><td>Strattice, Lifecell</td></tr><tr><td style=\"white-space:nowrap\">supramesh<a name=\"MeshType-supramesh\"> </a></td><td>Supramesh</td><td>Supramesh</td></tr><tr><td style=\"white-space:nowrap\">supromesh<a name=\"MeshType-supromesh\"> </a></td><td>Supromesh</td><td>Supromesh</td></tr><tr><td style=\"white-space:nowrap\">surgimesh<a name=\"MeshType-surgimesh\"> </a></td><td>Surgimesh</td><td>Surgimesh</td></tr><tr><td style=\"white-space:nowrap\">surgipro<a name=\"MeshType-surgipro\"> </a></td><td>Surgipro</td><td>Surgipro</td></tr><tr><td style=\"white-space:nowrap\">symbotex_composite<a name=\"MeshType-symbotex_composite\"> </a></td><td>Symbotex Composite</td><td>Symbotex Composite</td></tr><tr><td style=\"white-space:nowrap\">tigr<a name=\"MeshType-tigr\"> </a></td><td>TIGR</td><td>TIGR</td></tr><tr><td style=\"white-space:nowrap\">timesh<a name=\"MeshType-timesh\"> </a></td><td>TiMesh</td><td>TiMesh</td></tr><tr><td style=\"white-space:nowrap\">ultrapro<a name=\"MeshType-ultrapro\"> </a></td><td>Ultrapro</td><td>Ultrapro</td></tr><tr><td style=\"white-space:nowrap\">ultrapro_advanced<a name=\"MeshType-ultrapro_advanced\"> </a></td><td>Ultrapro Advanced</td><td>Ultrapro Advanced</td></tr><tr><td style=\"white-space:nowrap\">ultrapro_ethicon<a name=\"MeshType-ultrapro_ethicon\"> </a></td><td>Ultrapro, Ethicon</td><td>Ultrapro, Ethicon</td></tr><tr><td style=\"white-space:nowrap\">ventralex_st_bard<a name=\"MeshType-ventralex_st_bard\"> </a></td><td>Ventralex ST, BARD</td><td>Ventralex ST, BARD</td></tr><tr><td style=\"white-space:nowrap\">ventralight_st_bard<a name=\"MeshType-ventralight_st_bard\"> </a></td><td>Ventralight ST, BARD</td><td>Ventralight ST, BARD</td></tr><tr><td style=\"white-space:nowrap\">ventrio_hernia_st_bard<a name=\"MeshType-ventrio_hernia_st_bard\"> </a></td><td>Ventrio Hernia ST, BARD</td><td>Ventrio Hernia ST, BARD</td></tr><tr><td style=\"white-space:nowrap\">versatex<a name=\"MeshType-versatex\"> </a></td><td>Versatex</td><td>Versatex</td></tr><tr><td style=\"white-space:nowrap\">versatex_monofilament_mesh<a name=\"MeshType-versatex_monofilament_mesh\"> </a></td><td>Versatex Monofilament Mesh</td><td>Versatex Monofilament Mesh</td></tr><tr><td style=\"white-space:nowrap\">vypro<a name=\"MeshType-vypro\"> </a></td><td>Vypro</td><td>Vypro</td></tr><tr><td style=\"white-space:nowrap\">vypro_ethicon<a name=\"MeshType-vypro_ethicon\"> </a></td><td>Vypro, Ethicon</td><td>Vypro, Ethicon</td></tr><tr><td style=\"white-space:nowrap\">xenmatrix<a name=\"MeshType-xenmatrix\"> </a></td><td>Xenmatrix</td><td>Xenmatrix</td></tr></table></div>"},"url":"https://kip.sundk.dk/fhir/CodeSystem/MeshType","version":"0.0.9","name":"MeshType","title":"Mesh type","status":"active","date":"2022-07-20T00:00:00+02:00","publisher":"Sundhedsvæsnets Kvalistetsinstitut with Trifork Public A/S","contact":[{"name":"Sundhedsvæsnets Kvalistetsinstitut with Trifork Public A/S","telecom":[{"system":"url","value":"https://trifork.com"},{"system":"email","value":"rbk@trifork.com"}]}],"description":"Mesh type","caseSensitive":false,"content":"complete","count":66,"concept":[{"code":"adhesix","display":"Adhesix","definition":"Adhesix"},{"code":"adhesix_bard","display":"Adhesix, BARD","definition":"Adhesix, BARD"},{"code":"adhesix_lap","display":"Adhesix lap.","definition":"Adhesix lap."},{"code":"bard_3d","display":"BARD 3D","definition":"BARD 3D"},{"code":"bard_3d_light","display":"Bard 3D Light","definition":"Bard 3D Light"},{"code":"bard_flatmesh","display":"BARD Flatmesh","definition":"BARD Flatmesh"},{"code":"bard_perfix_plug","display":"BARD PerFix Plug","definition":"BARD PerFix Plug"},{"code":"bard_polysoft","display":"BARD PolySoft Hernia Patch","definition":"BARD PolySoft Hernia Patch"},{"code":"bard_soft","display":"BARD Soft","definition":"BARD Soft"},{"code":"bio_a","display":"BIO-A","definition":"BIO-A"},{"code":"cabs_air","display":"CABS AIR Composite, Cousin Biotech","definition":"CABS AIR Composite, Cousin Biotech"},{"code":"cousin","display":"Cousin","definition":"Cousin"},{"code":"dextile_medtronic","display":"Dextile fra Medtronic","definition":"Dextile fra Medtronic"},{"code":"dynamesh_kebomed","display":"Dynamesh, Kebomed","definition":"Dynamesh, Kebomed"},{"code":"dynamesh_ipom","display":"Dynamesh IPOM, Kebomed","definition":"Dynamesh IPOM, Kebomed"},{"code":"dynamesh_pp","display":"Dynamesh PP","definition":"Dynamesh PP"},{"code":"dynamesh_visible","display":"Dynamesh Visible","definition":"Dynamesh Visible"},{"code":"galmesh","display":"Galmesh","definition":"Galmesh"},{"code":"galmesh_light","display":"Galmesh Light","definition":"Galmesh Light"},{"code":"galmesh_umbilical","display":"Galmesh Umbilical","definition":"Galmesh Umbilical"},{"code":"gore_dualmesh","display":"Gore Dualmesh, ViCare Medical","definition":"Gore Dualmesh, ViCare Medical"},{"code":"intramesh","display":"Intramesh (T1/P8/W3), Cousin Biotech","definition":"Intramesh (T1/P8/W3), Cousin Biotech"},{"code":"klas","display":"Klas","definition":"Klas"},{"code":"medcare_prolene","display":"Medcare Prolene","definition":"Medcare Prolene"},{"code":"optilene_mesh","display":"Optilene Mesh","definition":"Optilene Mesh"},{"code":"optilene_mesh_elastic","display":"Optilene Mesh Elastic","definition":"Optilene Mesh Elastic"},{"code":"optilene_mesh_lp","display":"Optilene Mesh LP","definition":"Optilene Mesh LP"},{"code":"parietene","display":"Parietene","definition":"Parietene"},{"code":"parietene_composite","display":"Parietene Composite","definition":"Parietene Composite"},{"code":"parietene_covidien","display":"Parietene Covidien","definition":"Parietene Covidien"},{"code":"parietex","display":"Parietex","definition":"Parietex"},{"code":"parietex_composite","display":"Parietex Composite (incl. Optimized), Covidien","definition":"Parietex Composite (incl. Optimized), Covidien"},{"code":"parietex_covidien","display":"Parietex Covidien","definition":"Parietex Covidien"},{"code":"parietex_ventral","display":"Parietex Ventral Patch","definition":"Parietex Ventral Patch"},{"code":"parietex_progrip","display":"Parietex Progrip","definition":"Parietex Progrip"},{"code":"permacol_covidien","display":"Permacol, Covidien","definition":"Permacol, Covidien"},{"code":"phasix","display":"Phasix","definition":"Phasix"},{"code":"phasix_st","display":"Phasix ST","definition":"Phasix ST"},{"code":"physiomesh","display":"Physiomesh","definition":"Physiomesh"},{"code":"physiomesh_ethicon","display":"Physiomesh, Ethicon","definition":"Physiomesh, Ethicon"},{"code":"polypropylene","display":"Polypropylene","definition":"Polypropylene"},{"code":"proceed_ehticon","display":"Proceed, Ethicon","definition":"Proceed, Ethicon"},{"code":"proceed_ventral","display":"Proceed Ventral Patch, Ethicon","definition":"Proceed Ventral Patch, Ethicon"},{"code":"progrip","display":"Progrip","definition":"Progrip"},{"code":"prolene","display":"Prolene","definition":"Prolene"},{"code":"prolite","display":"Prolite","definition":"Prolite"},{"code":"softmesh_bard","display":"SoftMesh, BARD","definition":"SoftMesh, BARD"},{"code":"strattice_lifecell","display":"Strattice, Lifecell","definition":"Strattice, Lifecell"},{"code":"supramesh","display":"Supramesh","definition":"Supramesh"},{"code":"supromesh","display":"Supromesh","definition":"Supromesh"},{"code":"surgimesh","display":"Surgimesh","definition":"Surgimesh"},{"code":"surgipro","display":"Surgipro","definition":"Surgipro"},{"code":"symbotex_composite","display":"Symbotex Composite","definition":"Symbotex Composite"},{"code":"tigr","display":"TIGR","definition":"TIGR"},{"code":"timesh","display":"TiMesh","definition":"TiMesh"},{"code":"ultrapro","display":"Ultrapro","definition":"Ultrapro"},{"code":"ultrapro_advanced","display":"Ultrapro Advanced","definition":"Ultrapro Advanced"},{"code":"ultrapro_ethicon","display":"Ultrapro, Ethicon","definition":"Ultrapro, Ethicon"},{"code":"ventralex_st_bard","display":"Ventralex ST, BARD","definition":"Ventralex ST, BARD"},{"code":"ventralight_st_bard","display":"Ventralight ST, BARD","definition":"Ventralight ST, BARD"},{"code":"ventrio_hernia_st_bard","display":"Ventrio Hernia ST, BARD","definition":"Ventrio Hernia ST, BARD"},{"code":"versatex","display":"Versatex","definition":"Versatex"},{"code":"versatex_monofilament_mesh","display":"Versatex Monofilament Mesh","definition":"Versatex Monofilament Mesh"},{"code":"vypro","display":"Vypro","definition":"Vypro"},{"code":"vypro_ethicon","display":"Vypro, Ethicon","definition":"Vypro, Ethicon"},{"code":"xenmatrix","display":"Xenmatrix","definition":"Xenmatrix"}]}