{"resourceType":"CodeSystem","id":"ActivityType","text":{"status":"generated","div":"<div xmlns=\"http://www.w3.org/1999/xhtml\"><p class=\"res-header-id\"><b>Generated Narrative: CodeSystem ActivityType</b></p><a name=\"ActivityType\"> </a><a name=\"hcActivityType\"> </a><a name=\"ActivityType-en-US\"> </a><p>This case-insensitive code system <code>https://kip.rkkp.dk/fhir/CodeSystem/ActivityType</code> defines the following codes in an undefined hierarchy:</p><table class=\"codes\"><tr><td><b>Lvl</b></td><td style=\"white-space:nowrap\"><b>Code</b></td><td><b>Display</b></td><td><b>Definition</b></td></tr><tr><td>1</td><td style=\"white-space:nowrap\">adl<a name=\"ActivityType-adl\"> </a></td><td>ADL</td><td>ADL</td></tr><tr><td>1</td><td style=\"white-space:nowrap\">sports<a name=\"ActivityType-sports\"> </a></td><td>Sports</td><td>Sports / Sport</td></tr><tr><td>2</td><td style=\"white-space:nowrap\">\u00a0\u00a0football<a name=\"ActivityType-football\"> </a></td><td>Football</td><td>Football / Fodbold</td></tr><tr><td>2</td><td style=\"white-space:nowrap\">\u00a0\u00a0handball<a name=\"ActivityType-handball\"> </a></td><td>Handball</td><td>Handball / Håndbold</td></tr><tr><td>2</td><td style=\"white-space:nowrap\">\u00a0\u00a0alpine<a name=\"ActivityType-alpine\"> </a></td><td>Alpine</td><td>Alpine / Alpint</td></tr><tr><td>2</td><td style=\"white-space:nowrap\">\u00a0\u00a0snowboard<a name=\"ActivityType-snowboard\"> </a></td><td>Snowboard</td><td>Snowboard</td></tr><tr><td>2</td><td style=\"white-space:nowrap\">\u00a0\u00a0cross-country_skiing<a name=\"ActivityType-cross-country_skiing\"> </a></td><td>Cross-country skiing</td><td>Cross-country skiing / Langrend</td></tr><tr><td>2</td><td style=\"white-space:nowrap\">\u00a0\u00a0ice_hockey<a name=\"ActivityType-ice_hockey\"> </a></td><td>Ice hockey</td><td>Ice hockey / Ishockey</td></tr><tr><td>2</td><td style=\"white-space:nowrap\">\u00a0\u00a0badminton<a name=\"ActivityType-badminton\"> </a></td><td>Badminton</td><td>Badminton</td></tr><tr><td>2</td><td style=\"white-space:nowrap\">\u00a0\u00a0tennis_squash<a name=\"ActivityType-tennis_squash\"> </a></td><td>Tennis/Squash</td><td>Tennis/Squash</td></tr><tr><td>2</td><td style=\"white-space:nowrap\">\u00a0\u00a0martial_arts<a name=\"ActivityType-martial_arts\"> </a></td><td>Martial arts</td><td>Martial arts / Kampsport</td></tr><tr><td>2</td><td style=\"white-space:nowrap\">\u00a0\u00a0basketball<a name=\"ActivityType-basketball\"> </a></td><td>Basketball</td><td>Basketball</td></tr><tr><td>1</td><td style=\"white-space:nowrap\">trafic<a name=\"ActivityType-trafic\"> </a></td><td>Trafic</td><td>Trafic / Trafik</td></tr><tr><td>1</td><td style=\"white-space:nowrap\">work<a name=\"ActivityType-work\"> </a></td><td>Work</td><td>Work / Arbejde</td></tr></table></div>"},"url":"https://kip.rkkp.dk/fhir/CodeSystem/ActivityType","version":"0.1.6","name":"ActivityType","title":"Activity type","status":"active","date":"2022-09-15T00:00:00+02:00","publisher":"Sundhedsvæsnets Kvalistetsinstitut with Trifork Digital Health A/S","contact":[{"name":"Sundhedsvæsnets Kvalistetsinstitut with Trifork Digital Health A/S","telecom":[{"system":"url","value":"https://trifork.com"},{"system":"email","value":"rbk@trifork.com"}]}],"description":"Activity type","caseSensitive":false,"content":"complete","count":14,"concept":[{"code":"adl","display":"ADL","definition":"ADL"},{"code":"sports","display":"Sports","definition":"Sports / Sport","concept":[{"code":"football","display":"Football","definition":"Football / Fodbold"},{"code":"handball","display":"Handball","definition":"Handball / Håndbold"},{"code":"alpine","display":"Alpine","definition":"Alpine / Alpint"},{"code":"snowboard","display":"Snowboard","definition":"Snowboard"},{"code":"cross-country_skiing","display":"Cross-country skiing","definition":"Cross-country skiing / Langrend"},{"code":"ice_hockey","display":"Ice hockey","definition":"Ice hockey / Ishockey"},{"code":"badminton","display":"Badminton","definition":"Badminton"},{"code":"tennis_squash","display":"Tennis/Squash","definition":"Tennis/Squash"},{"code":"martial_arts","display":"Martial arts","definition":"Martial arts / Kampsport"},{"code":"basketball","display":"Basketball","definition":"Basketball"}]},{"code":"trafic","display":"Trafic","definition":"Trafic / Trafik"},{"code":"work","display":"Work","definition":"Work / Arbejde"}]}