{"resourceType":"CodeSystem","id":"MDTNotFollowed","text":{"status":"generated","div":"<div xmlns=\"http://www.w3.org/1999/xhtml\"><p class=\"res-header-id\"><b>Generated Narrative: CodeSystem MDTNotFollowed</b></p><a name=\"MDTNotFollowed\"> </a><a name=\"hcMDTNotFollowed\"> </a><a name=\"MDTNotFollowed-en-US\"> </a><p>This  code system <code>https://kip.rkkp.dk/fhir/CodeSystem/MDTNotFollowed</code> defines the following codes:</p><table class=\"codes\"><tr><td style=\"white-space:nowrap\"><b>Code</b></td><td><b>Display</b></td><td><b>Definition</b></td></tr><tr><td style=\"white-space:nowrap\">wishfornotreatment<a name=\"MDTNotFollowed-wishfornotreatment\"> </a></td><td>Ønsker ikke behandlingen</td><td>Patienten ønsker ikke behandlingen</td></tr><tr><td style=\"white-space:nowrap\">nonoperable<a name=\"MDTNotFollowed-nonoperable\"> </a></td><td>Non-operabel</td><td>Patienten er blevet non-operabel</td></tr><tr><td style=\"white-space:nowrap\">nonresectable<a name=\"MDTNotFollowed-nonresectable\"> </a></td><td>Non-resektabel</td><td>Patienten er blevet non-resektabel</td></tr><tr><td style=\"white-space:nowrap\">death<a name=\"MDTNotFollowed-death\"> </a></td><td>Død</td><td>Patienten er død</td></tr></table></div>"},"url":"https://kip.rkkp.dk/fhir/CodeSystem/MDTNotFollowed","version":"0.1.8","name":"MDTNotFollowed","title":"Reasons for MDT-decision not followed","status":"active","date":"2022-06-03T00:00:00+02:00","publisher":"Sundhedsvæsnets Kvalistetsinstitut with Trifork Digital Health A/S","contact":[{"name":"Sundhedsvæsnets Kvalistetsinstitut with Trifork Digital Health A/S","telecom":[{"system":"url","value":"https://trifork.com"},{"system":"email","value":"rbk@trifork.com"}]}],"description":"Årsagen til hvorfor MDT-beslutning (Multidisciplinære Teamkonferencer) ikke er fuldt","content":"complete","count":4,"concept":[{"code":"wishfornotreatment","display":"Ønsker ikke behandlingen","definition":"Patienten ønsker ikke behandlingen"},{"code":"nonoperable","display":"Non-operabel","definition":"Patienten er blevet non-operabel"},{"code":"nonresectable","display":"Non-resektabel","definition":"Patienten er blevet non-resektabel"},{"code":"death","display":"Død","definition":"Patienten er død"}]}