{"resourceType":"CodeSystem","id":"AKBehandling","text":{"status":"generated","div":"<div xmlns=\"http://www.w3.org/1999/xhtml\"><p class=\"res-header-id\"><b>Generated Narrative: CodeSystem AKBehandling</b></p><a name=\"AKBehandling\"> </a><a name=\"hcAKBehandling\"> </a><a name=\"AKBehandling-en-US\"> </a><p>This  code system <code>https://kip.rkkp.dk/fhir/CodeSystem/AKBehandling</code> defines the following codes:</p><table class=\"codes\"><tr><td style=\"white-space:nowrap\"><b>Code</b></td><td><b>Display</b></td><td><b>Definition</b></td></tr><tr><td style=\"white-space:nowrap\">clopidogrel<a name=\"AKBehandling-clopidogrel\"> </a></td><td>Clopidogrel (fx Plavix), Ticagrelor (Brilique)</td><td>Clopidogrel (fx Plavix), Ticagrelor (Brilique)</td></tr><tr><td style=\"white-space:nowrap\">persantin<a name=\"AKBehandling-persantin\"> </a></td><td>Persantin</td><td>Persantin</td></tr><tr><td style=\"white-space:nowrap\">orisantin<a name=\"AKBehandling-orisantin\"> </a></td><td>Orisantin (Asasantin)</td><td>Orisantin (Asasantin)</td></tr><tr><td style=\"white-space:nowrap\">acetylsalicylsyre<a name=\"AKBehandling-acetylsalicylsyre\"> </a></td><td>Acetylsalicylsyre (fx Magnyl)</td><td>Acetylsalicylsyre (fx Magnyl)</td></tr><tr><td style=\"white-space:nowrap\">vitamin_k<a name=\"AKBehandling-vitamin_k\"> </a></td><td>Vitamin-K antagonist (Ma-ravan, Warfarin, Marcoumar)</td><td>Vitamin-K antagonist (Ma-ravan, Warfarin, Marcoumar)</td></tr><tr><td style=\"white-space:nowrap\">noak<a name=\"AKBehandling-noak\"> </a></td><td>NOAK (fx Xarelto, Pradaxa, Eliquis)</td><td>NOAK (fx Xarelto, Pradaxa, Eliquis)</td></tr></table></div>"},"url":"https://kip.rkkp.dk/fhir/CodeSystem/AKBehandling","version":"2.9.3","name":"AKBehandling","title":"AK Behandling (DKR)","status":"active","date":"2023-12-18T00:00:00+02:00","publisher":"Sundhedsvæsenets Kvalitetsinstitut with Trifork Digital Health A/S","contact":[{"name":"Sundhedsvæsenets Kvalitetsinstitut with Trifork Digital Health A/S","telecom":[{"system":"url","value":"https://trifork.com"},{"system":"email","value":"rbk@trifork.com"}]}],"description":"AK Behandling (DKR)","content":"complete","count":6,"concept":[{"code":"clopidogrel","display":"Clopidogrel (fx Plavix), Ticagrelor (Brilique)","definition":"Clopidogrel (fx Plavix), Ticagrelor (Brilique)"},{"code":"persantin","display":"Persantin","definition":"Persantin"},{"code":"orisantin","display":"Orisantin (Asasantin)","definition":"Orisantin (Asasantin)"},{"code":"acetylsalicylsyre","display":"Acetylsalicylsyre (fx Magnyl)","definition":"Acetylsalicylsyre (fx Magnyl)"},{"code":"vitamin_k","display":"Vitamin-K antagonist (Ma-ravan, Warfarin, Marcoumar)","definition":"Vitamin-K antagonist (Ma-ravan, Warfarin, Marcoumar)"},{"code":"noak","display":"NOAK (fx Xarelto, Pradaxa, Eliquis)","definition":"NOAK (fx Xarelto, Pradaxa, Eliquis)"}]}