{"resourceType":"CodeSystem","id":"ImplantComponents","text":{"status":"generated","div":"<div xmlns=\"http://www.w3.org/1999/xhtml\"><p class=\"res-header-id\"><b>Generated Narrative: CodeSystem ImplantComponents</b></p><a name=\"ImplantComponents\"> </a><a name=\"hcImplantComponents\"> </a><a name=\"ImplantComponents-en-US\"> </a><p>This  code system <code>https://kip.rkkp.dk/fhir/CodeSystem/ImplantComponents</code> defines the following codes in an undefined hierarchy:</p><table class=\"codes\"><tr><td><b>Lvl</b></td><td style=\"white-space:nowrap\"><b>Code</b></td><td><b>Display</b></td><td><b>Definition</b></td></tr><tr><td>1</td><td style=\"white-space:nowrap\">cement_spacer<a name=\"ImplantComponents-cement_spacer\"> </a></td><td>Cement spacer</td><td>Cement spacer</td></tr><tr><td>1</td><td style=\"white-space:nowrap\">implant<a name=\"ImplantComponents-implant\"> </a></td><td>Implant</td><td>Implant / Implantat</td></tr><tr><td>1</td><td style=\"white-space:nowrap\">cavitas_untouched<a name=\"ImplantComponents-cavitas_untouched\"> </a></td><td>Cavitas urørt</td><td>Cavitas urørt</td></tr><tr><td>1</td><td style=\"white-space:nowrap\">cavitas_inforeret<a name=\"ImplantComponents-cavitas_inforeret\"> </a></td><td>Cavitas inforeret</td><td>Cavitas inforeret</td></tr><tr><td>1</td><td style=\"white-space:nowrap\">cavitas_reamet<a name=\"ImplantComponents-cavitas_reamet\"> </a></td><td>Cavitas reamet</td><td>Cavitas reamet</td></tr><tr><td>1</td><td style=\"white-space:nowrap\">cavitas_removed<a name=\"ImplantComponents-cavitas_removed\"> </a></td><td>Cavitas fjernet</td><td>Cavitas fjernet</td></tr><tr><td>1</td><td style=\"white-space:nowrap\">resurfacing<a name=\"ImplantComponents-resurfacing\"> </a></td><td>Resurfacing</td><td>Resurfacing</td></tr><tr><td>1</td><td style=\"white-space:nowrap\">stemless<a name=\"ImplantComponents-stemless\"> </a></td><td>Stemless</td><td>Stemless</td></tr><tr><td>1</td><td style=\"white-space:nowrap\">stem<a name=\"ImplantComponents-stem\"> </a></td><td>Stem</td><td>Stem</td></tr><tr><td>2</td><td style=\"white-space:nowrap\">\u00a0\u00a0standard_length<a name=\"ImplantComponents-standard_length\"> </a></td><td>Standard length</td><td>Standard length / Standard længde</td></tr><tr><td>2</td><td style=\"white-space:nowrap\">\u00a0\u00a0extra_length<a name=\"ImplantComponents-extra_length\"> </a></td><td>Extra length</td><td>Extra length / Extra længde</td></tr><tr><td>2</td><td style=\"white-space:nowrap\">\u00a0\u00a0short_mini_length<a name=\"ImplantComponents-short_mini_length\"> </a></td><td>Short/mini</td><td>Short/mini / Short/mini</td></tr><tr><td>2</td><td style=\"white-space:nowrap\">\u00a0\u00a0stem_femur<a name=\"ImplantComponents-stem_femur\"> </a></td><td>Stem (femur)</td><td>Stem (femur)</td></tr><tr><td>2</td><td style=\"white-space:nowrap\">\u00a0\u00a0stem_tibia<a name=\"ImplantComponents-stem_tibia\"> </a></td><td>Stem (tibia)</td><td>Stem (tibia)</td></tr><tr><td>1</td><td style=\"white-space:nowrap\">augment<a name=\"ImplantComponents-augment\"> </a></td><td>Augment</td><td>Augment</td></tr><tr><td>2</td><td style=\"white-space:nowrap\">\u00a0\u00a0augment_femur<a name=\"ImplantComponents-augment_femur\"> </a></td><td>Augment (femur)</td><td>Augment (femur)</td></tr><tr><td>2</td><td style=\"white-space:nowrap\">\u00a0\u00a0augment_tibia<a name=\"ImplantComponents-augment_tibia\"> </a></td><td>Augment (tibia)</td><td>Augment (tibia)</td></tr><tr><td>1</td><td style=\"white-space:nowrap\">cone_sleeve<a name=\"ImplantComponents-cone_sleeve\"> </a></td><td>Cone/sleeve</td><td>Cone/sleeve</td></tr><tr><td>2</td><td style=\"white-space:nowrap\">\u00a0\u00a0cone_sleeve_femur<a name=\"ImplantComponents-cone_sleeve_femur\"> </a></td><td>Cone/sleeve (femur)</td><td>Cone/sleeve (femur)</td></tr><tr><td>2</td><td style=\"white-space:nowrap\">\u00a0\u00a0cone_sleeve_tibia<a name=\"ImplantComponents-cone_sleeve_tibia\"> </a></td><td>Cone/sleeve (tibia)</td><td>Cone/sleeve (tibia)</td></tr><tr><td>1</td><td style=\"white-space:nowrap\">cemented<a name=\"ImplantComponents-cemented\"> </a></td><td>Cemented</td><td>Cemented / Cementeret</td></tr><tr><td>1</td><td style=\"white-space:nowrap\">uncemented<a name=\"ImplantComponents-uncemented\"> </a></td><td>Uncemented</td><td>Uncemented / Ucementeret</td></tr><tr><td>1</td><td style=\"white-space:nowrap\">hybrid<a name=\"ImplantComponents-hybrid\"> </a></td><td>Hybrid</td><td>Hybrid</td></tr><tr><td>2</td><td style=\"white-space:nowrap\">\u00a0\u00a0hybrid_a<a name=\"ImplantComponents-hybrid_a\"> </a></td><td>Hybrid A</td><td>Hybrid A</td></tr><tr><td>2</td><td style=\"white-space:nowrap\">\u00a0\u00a0hybrid_b<a name=\"ImplantComponents-hybrid_b\"> </a></td><td>Hybrid B</td><td>Hybrid B</td></tr><tr><td>1</td><td style=\"white-space:nowrap\">girdlestone<a name=\"ImplantComponents-girdlestone\"> </a></td><td>Girdlestone</td><td>Girdlestone</td></tr><tr><td>1</td><td style=\"white-space:nowrap\">anatomic<a name=\"ImplantComponents-anatomic\"> </a></td><td>Anatomic</td><td>Anatomic / Anatomisk / SNOMED-CT: 36298004</td></tr><tr><td>2</td><td style=\"white-space:nowrap\">\u00a0\u00a0symmetrical<a name=\"ImplantComponents-symmetrical\"> </a></td><td>Symmetrical</td><td>Symmetrical / Symmetrisk / SNOMED-CT: 255473004</td></tr><tr><td>2</td><td style=\"white-space:nowrap\">\u00a0\u00a0offset<a name=\"ImplantComponents-offset\"> </a></td><td>Offset</td><td>Offset</td></tr><tr><td>2</td><td style=\"white-space:nowrap\">\u00a0\u00a0helplast<a name=\"ImplantComponents-helplast\"> </a></td><td>Helplast</td><td>Helplast</td></tr><tr><td>2</td><td style=\"white-space:nowrap\">\u00a0\u00a0metalbacked<a name=\"ImplantComponents-metalbacked\"> </a></td><td>Metalbacked</td><td/></tr><tr><td>1</td><td style=\"white-space:nowrap\">reverse<a name=\"ImplantComponents-reverse\"> </a></td><td>Reverse</td><td>Reverse</td></tr><tr><td>2</td><td style=\"white-space:nowrap\">\u00a0\u00a0standard<a name=\"ImplantComponents-standard\"> </a></td><td>Standard</td><td>Standard</td></tr><tr><td>2</td><td style=\"white-space:nowrap\">\u00a0\u00a0eccentric<a name=\"ImplantComponents-eccentric\"> </a></td><td>Excentrisk</td><td>Excentrisk</td></tr><tr><td>1</td><td style=\"white-space:nowrap\">modular<a name=\"ImplantComponents-modular\"> </a></td><td>Modular</td><td>Modular / Modulært</td></tr><tr><td>2</td><td style=\"white-space:nowrap\">\u00a0\u00a0firm_neck<a name=\"ImplantComponents-firm_neck\"> </a></td><td>Firm neck</td><td>Firm neck / Fast hals</td></tr><tr><td>2</td><td style=\"white-space:nowrap\">\u00a0\u00a0detachable_neck<a name=\"ImplantComponents-detachable_neck\"> </a></td><td>Detachable neck</td><td>Detachable neck / Aftagelig hals</td></tr><tr><td>1</td><td style=\"white-space:nowrap\">adherent<a name=\"ImplantComponents-adherent\"> </a></td><td>Adherent</td><td>Adherent / Fastsiddende</td></tr><tr><td>1</td><td style=\"white-space:nowrap\">ordninary<a name=\"ImplantComponents-ordninary\"> </a></td><td>Ordinary</td><td>Ordinary / Almindelig</td></tr><tr><td>1</td><td style=\"white-space:nowrap\">extended<a name=\"ImplantComponents-extended\"> </a></td><td>Extended</td><td>Extended</td></tr><tr><td>1</td><td style=\"white-space:nowrap\">with_holes<a name=\"ImplantComponents-with_holes\"> </a></td><td>With holes</td><td>With holes / Med huller</td></tr><tr><td>1</td><td style=\"white-space:nowrap\">without_holes<a name=\"ImplantComponents-without_holes\"> </a></td><td>Without holes</td><td>Without holes / Uden huller</td></tr><tr><td>1</td><td style=\"white-space:nowrap\">metal<a name=\"ImplantComponents-metal\"> </a></td><td>Metal</td><td>Metal / SNOMED-CT: 425620007</td></tr><tr><td>1</td><td style=\"white-space:nowrap\">metal_pegs<a name=\"ImplantComponents-metal_pegs\"> </a></td><td>Metal pegs</td><td>Metal pegs</td></tr><tr><td>1</td><td style=\"white-space:nowrap\">metal_backing<a name=\"ImplantComponents-metal_backing\"> </a></td><td>Metal-backing</td><td>Metal-backing</td></tr><tr><td>1</td><td style=\"white-space:nowrap\">screws<a name=\"ImplantComponents-screws\"> </a></td><td>Skruer</td><td>Skruer</td></tr><tr><td>1</td><td style=\"white-space:nowrap\">augmented<a name=\"ImplantComponents-augmented\"> </a></td><td>Augmented</td><td>Augmented</td></tr><tr><td>1</td><td style=\"white-space:nowrap\">polyethylene<a name=\"ImplantComponents-polyethylene\"> </a></td><td>Polyethylene</td><td>Polyethylene / Polyethylen / SNOMED-CT: 71463006</td></tr><tr><td>2</td><td style=\"white-space:nowrap\">\u00a0\u00a0polyethylene_cool<a name=\"ImplantComponents-polyethylene_cool\"> </a></td><td>Polyethylen køl</td><td>Polyethylen køl</td></tr><tr><td>2</td><td style=\"white-space:nowrap\">\u00a0\u00a0polyethylene_pegs<a name=\"ImplantComponents-polyethylene_pegs\"> </a></td><td>Polyethylen pegs</td><td>Polyethylen pegs</td></tr><tr><td>1</td><td style=\"white-space:nowrap\">pyrocarbon<a name=\"ImplantComponents-pyrocarbon\"> </a></td><td>Pyrocarbon</td><td>Pyrocarbon</td></tr><tr><td>1</td><td style=\"white-space:nowrap\">ceramics<a name=\"ImplantComponents-ceramics\"> </a></td><td>Ceramics</td><td>Ceramics / Keramik</td></tr><tr><td>1</td><td style=\"white-space:nowrap\">spongiotic<a name=\"ImplantComponents-spongiotic\"> </a></td><td>Spongiotic</td><td>Spongiotic / Spongiøs</td></tr><tr><td>1</td><td style=\"white-space:nowrap\">structural<a name=\"ImplantComponents-structural\"> </a></td><td>Structural</td><td>Structural / Strukturel</td></tr><tr><td>1</td><td style=\"white-space:nowrap\">constrained<a name=\"ImplantComponents-constrained\"> </a></td><td>Constrained</td><td>Constrained</td></tr><tr><td>1</td><td style=\"white-space:nowrap\">non_constrained<a name=\"ImplantComponents-non_constrained\"> </a></td><td>Non-constrained</td><td>Non-constrained / Ikke-constrained</td></tr><tr><td>1</td><td style=\"white-space:nowrap\">double_mobility<a name=\"ImplantComponents-double_mobility\"> </a></td><td>Double mobility</td><td>Double mobility</td></tr><tr><td>1</td><td style=\"white-space:nowrap\">non_highy_crosslinked<a name=\"ImplantComponents-non_highy_crosslinked\"> </a></td><td>Ikke highly-crosslinked</td><td>Ikke highly-crosslinked</td></tr><tr><td>1</td><td style=\"white-space:nowrap\">highly_crosslinked<a name=\"ImplantComponents-highly_crosslinked\"> </a></td><td>Highly crosslinked</td><td>Highly crosslinked</td></tr><tr><td>1</td><td style=\"white-space:nowrap\">highly_crosslinked_antioxidant<a name=\"ImplantComponents-highly_crosslinked_antioxidant\"> </a></td><td>Highly crosslinked med antioxidant (Vitamin E og AOX)</td><td>Highly crosslinked med antioxidant (Vitamin E og AOX)</td></tr><tr><td>1</td><td style=\"white-space:nowrap\">humerus<a name=\"ImplantComponents-humerus\"> </a></td><td>Humerus</td><td>Humerus</td></tr><tr><td>2</td><td style=\"white-space:nowrap\">\u00a0\u00a0liner<a name=\"ImplantComponents-liner\"> </a></td><td>Liner</td><td>Liner</td></tr><tr><td>2</td><td style=\"white-space:nowrap\">\u00a0\u00a0caput<a name=\"ImplantComponents-caput\"> </a></td><td>Caput</td><td>Caput</td></tr><tr><td>2</td><td style=\"white-space:nowrap\">\u00a0\u00a0component<a name=\"ImplantComponents-component\"> </a></td><td>Komponent</td><td>Komponent</td></tr><tr><td>1</td><td style=\"white-space:nowrap\">cavitas<a name=\"ImplantComponents-cavitas\"> </a></td><td>Cavitas</td><td>Cavitas</td></tr><tr><td>1</td><td style=\"white-space:nowrap\">acetabulum_component<a name=\"ImplantComponents-acetabulum_component\"> </a></td><td>Acetabulumkomponent</td><td>Acetabulumkomponent</td></tr><tr><td>1</td><td style=\"white-space:nowrap\">acetabulum_liner<a name=\"ImplantComponents-acetabulum_liner\"> </a></td><td>Acetabulumliner</td><td>Acetabulumliner</td></tr><tr><td>1</td><td style=\"white-space:nowrap\">femur_component<a name=\"ImplantComponents-femur_component\"> </a></td><td>Femurkomponent</td><td>Femurkomponent</td></tr><tr><td>1</td><td style=\"white-space:nowrap\">tibia_component<a name=\"ImplantComponents-tibia_component\"> </a></td><td>Tibiakomponent</td><td>Tibiakomponent</td></tr><tr><td>1</td><td style=\"white-space:nowrap\">patella_component<a name=\"ImplantComponents-patella_component\"> </a></td><td>Patellakomponent</td><td>Patellakomponent</td></tr><tr><td>1</td><td style=\"white-space:nowrap\">soft_tissue<a name=\"ImplantComponents-soft_tissue\"> </a></td><td>Bløddelsrevisioner uden udskiftning af protesekomponenter</td><td>Bløddelsrevisioner uden udskiftning af protesekomponenter</td></tr><tr><td>1</td><td style=\"white-space:nowrap\">polyethylene_change<a name=\"ImplantComponents-polyethylene_change\"> </a></td><td>Polyethylen-skift (ved revision)</td><td>Polyethylen-skift (ved revision) (Tibia)</td></tr><tr><td>1</td><td style=\"white-space:nowrap\">long<a name=\"ImplantComponents-long\"> </a></td><td>Long</td><td>Long / Lang</td></tr><tr><td>1</td><td style=\"white-space:nowrap\">dysplasia_prosthesis<a name=\"ImplantComponents-dysplasia_prosthesis\"> </a></td><td>Dysplasia prosthesis</td><td>Dysplasia prosthesis / Dysplasiprotese</td></tr><tr><td>1</td><td style=\"white-space:nowrap\">resection_prosthesis<a name=\"ImplantComponents-resection_prosthesis\"> </a></td><td>Resection prosthesis</td><td>Resection prosthesis / Resektionsprotese</td></tr><tr><td>1</td><td style=\"white-space:nowrap\">open_mixture<a name=\"ImplantComponents-open_mixture\"> </a></td><td>Open mixture</td><td>Open mixture / Åben blanding af væske og pulver</td></tr><tr><td>1</td><td style=\"white-space:nowrap\">closed_mixture<a name=\"ImplantComponents-closed_mixture\"> </a></td><td>Closed mixture</td><td>Closed mixture / Fuldstændig lukket blanding af væske og pulver</td></tr><tr><td>1</td><td style=\"white-space:nowrap\">massive_transplant<a name=\"ImplantComponents-massive_transplant\"> </a></td><td>Massive transplant</td><td>Massiv transplantering</td></tr><tr><td>1</td><td style=\"white-space:nowrap\">crumble<a name=\"ImplantComponents-crumble\"> </a></td><td>Minor crumble</td><td>Lidt smuld</td></tr></table></div>"},"url":"https://kip.rkkp.dk/fhir/CodeSystem/ImplantComponents","version":"2.9.1","name":"ImplantComponents","title":"Implant components","status":"active","date":"2022-07-04T00:00:00+02:00","publisher":"Sundhedsvæsnets Kvalistetsinstitut with Trifork Digital Health A/S","contact":[{"name":"Sundhedsvæsnets Kvalistetsinstitut with Trifork Digital Health A/S","telecom":[{"system":"url","value":"https://trifork.com"},{"system":"email","value":"rbk@trifork.com"}]}],"description":"Implant components","content":"complete","count":79,"concept":[{"code":"cement_spacer","display":"Cement spacer","definition":"Cement spacer"},{"code":"implant","display":"Implant","definition":"Implant / Implantat"},{"code":"cavitas_untouched","display":"Cavitas urørt","definition":"Cavitas urørt"},{"code":"cavitas_inforeret","display":"Cavitas inforeret","definition":"Cavitas inforeret"},{"code":"cavitas_reamet","display":"Cavitas reamet","definition":"Cavitas reamet"},{"code":"cavitas_removed","display":"Cavitas fjernet","definition":"Cavitas fjernet"},{"code":"resurfacing","display":"Resurfacing","definition":"Resurfacing"},{"code":"stemless","display":"Stemless","definition":"Stemless"},{"code":"stem","display":"Stem","definition":"Stem","concept":[{"code":"standard_length","display":"Standard length","definition":"Standard length / Standard længde"},{"code":"extra_length","display":"Extra length","definition":"Extra length / Extra længde"},{"code":"short_mini_length","display":"Short/mini","definition":"Short/mini / Short/mini"},{"code":"stem_femur","display":"Stem (femur)","definition":"Stem (femur)"},{"code":"stem_tibia","display":"Stem (tibia)","definition":"Stem (tibia)"}]},{"code":"augment","display":"Augment","definition":"Augment","concept":[{"code":"augment_femur","display":"Augment (femur)","definition":"Augment (femur)"},{"code":"augment_tibia","display":"Augment (tibia)","definition":"Augment (tibia)"}]},{"code":"cone_sleeve","display":"Cone/sleeve","definition":"Cone/sleeve","concept":[{"code":"cone_sleeve_femur","display":"Cone/sleeve (femur)","definition":"Cone/sleeve (femur)"},{"code":"cone_sleeve_tibia","display":"Cone/sleeve (tibia)","definition":"Cone/sleeve (tibia)"}]},{"code":"cemented","display":"Cemented","definition":"Cemented / Cementeret"},{"code":"uncemented","display":"Uncemented","definition":"Uncemented / Ucementeret"},{"code":"hybrid","display":"Hybrid","definition":"Hybrid","concept":[{"code":"hybrid_a","display":"Hybrid A","definition":"Hybrid A"},{"code":"hybrid_b","display":"Hybrid B","definition":"Hybrid B"}]},{"code":"girdlestone","display":"Girdlestone","definition":"Girdlestone"},{"code":"anatomic","display":"Anatomic","definition":"Anatomic / Anatomisk / SNOMED-CT: 36298004","concept":[{"code":"symmetrical","display":"Symmetrical","definition":"Symmetrical / Symmetrisk / SNOMED-CT: 255473004"},{"code":"offset","display":"Offset","definition":"Offset"},{"code":"helplast","display":"Helplast","definition":"Helplast"},{"code":"metalbacked","display":"Metalbacked"}]},{"code":"reverse","display":"Reverse","definition":"Reverse","concept":[{"code":"standard","display":"Standard","definition":"Standard"},{"code":"eccentric","display":"Excentrisk","definition":"Excentrisk"}]},{"code":"modular","display":"Modular","definition":"Modular / Modulært","concept":[{"code":"firm_neck","display":"Firm neck","definition":"Firm neck / Fast hals"},{"code":"detachable_neck","display":"Detachable neck","definition":"Detachable neck / Aftagelig hals"}]},{"code":"adherent","display":"Adherent","definition":"Adherent / Fastsiddende"},{"code":"ordninary","display":"Ordinary","definition":"Ordinary / Almindelig"},{"code":"extended","display":"Extended","definition":"Extended"},{"code":"with_holes","display":"With holes","definition":"With holes / Med huller"},{"code":"without_holes","display":"Without holes","definition":"Without holes / Uden huller"},{"code":"metal","display":"Metal","definition":"Metal / SNOMED-CT: 425620007"},{"code":"metal_pegs","display":"Metal pegs","definition":"Metal pegs"},{"code":"metal_backing","display":"Metal-backing","definition":"Metal-backing"},{"code":"screws","display":"Skruer","definition":"Skruer"},{"code":"augmented","display":"Augmented","definition":"Augmented"},{"code":"polyethylene","display":"Polyethylene","definition":"Polyethylene / Polyethylen / SNOMED-CT: 71463006","concept":[{"code":"polyethylene_cool","display":"Polyethylen køl","definition":"Polyethylen køl"},{"code":"polyethylene_pegs","display":"Polyethylen pegs","definition":"Polyethylen pegs"}]},{"code":"pyrocarbon","display":"Pyrocarbon","definition":"Pyrocarbon"},{"code":"ceramics","display":"Ceramics","definition":"Ceramics / Keramik"},{"code":"spongiotic","display":"Spongiotic","definition":"Spongiotic / Spongiøs"},{"code":"structural","display":"Structural","definition":"Structural / Strukturel"},{"code":"constrained","display":"Constrained","definition":"Constrained"},{"code":"non_constrained","display":"Non-constrained","definition":"Non-constrained / Ikke-constrained"},{"code":"double_mobility","display":"Double mobility","definition":"Double mobility"},{"code":"non_highy_crosslinked","display":"Ikke highly-crosslinked","definition":"Ikke highly-crosslinked"},{"code":"highly_crosslinked","display":"Highly crosslinked","definition":"Highly crosslinked"},{"code":"highly_crosslinked_antioxidant","display":"Highly crosslinked med antioxidant (Vitamin E og AOX)","definition":"Highly crosslinked med antioxidant (Vitamin E og AOX)"},{"code":"humerus","display":"Humerus","definition":"Humerus","concept":[{"code":"liner","display":"Liner","definition":"Liner"},{"code":"caput","display":"Caput","definition":"Caput"},{"code":"component","display":"Komponent","definition":"Komponent"}]},{"code":"cavitas","display":"Cavitas","definition":"Cavitas"},{"code":"acetabulum_component","display":"Acetabulumkomponent","definition":"Acetabulumkomponent"},{"code":"acetabulum_liner","display":"Acetabulumliner","definition":"Acetabulumliner"},{"code":"femur_component","display":"Femurkomponent","definition":"Femurkomponent"},{"code":"tibia_component","display":"Tibiakomponent","definition":"Tibiakomponent"},{"code":"patella_component","display":"Patellakomponent","definition":"Patellakomponent"},{"code":"soft_tissue","display":"Bløddelsrevisioner uden udskiftning af protesekomponenter","definition":"Bløddelsrevisioner uden udskiftning af protesekomponenter"},{"code":"polyethylene_change","display":"Polyethylen-skift (ved revision)","definition":"Polyethylen-skift (ved revision) (Tibia)"},{"code":"long","display":"Long","definition":"Long / Lang"},{"code":"dysplasia_prosthesis","display":"Dysplasia prosthesis","definition":"Dysplasia prosthesis / Dysplasiprotese"},{"code":"resection_prosthesis","display":"Resection prosthesis","definition":"Resection prosthesis / Resektionsprotese"},{"code":"open_mixture","display":"Open mixture","definition":"Open mixture / Åben blanding af væske og pulver"},{"code":"closed_mixture","display":"Closed mixture","definition":"Closed mixture / Fuldstændig lukket blanding af væske og pulver"},{"code":"massive_transplant","display":"Massive transplant","definition":"Massiv transplantering"},{"code":"crumble","display":"Minor crumble","definition":"Lidt smuld"}]}