{"resourceType":"CodeSystem","id":"FunctionTest","text":{"status":"generated","div":"<div xmlns=\"http://www.w3.org/1999/xhtml\"><p class=\"res-header-id\"><b>Generated Narrative: CodeSystem FunctionTest</b></p><a name=\"FunctionTest\"> </a><a name=\"hcFunctionTest\"> </a><a name=\"FunctionTest-en-US\"> </a><p>This case-insensitive code system <code>https://kip.rkkp.dk/fhir/CodeSystem/FunctionTest</code> defines the following codes:</p><table class=\"codes\"><tr><td style=\"white-space:nowrap\"><b>Code</b></td><td><b>Display</b></td><td><b>Definition</b></td></tr><tr><td style=\"white-space:nowrap\">faq_iadl<a name=\"FunctionTest-faq_iadl\"> </a></td><td>FAQ (IADL)</td><td>FAQ (IADL)</td></tr><tr><td style=\"white-space:nowrap\">dad<a name=\"FunctionTest-dad\"> </a></td><td>DAD</td><td>DAD</td></tr><tr><td style=\"white-space:nowrap\">adcs_adl<a name=\"FunctionTest-adcs_adl\"> </a></td><td>ADCS-ADL</td><td>ADCS-ADL</td></tr></table></div>"},"url":"https://kip.rkkp.dk/fhir/CodeSystem/FunctionTest","version":"0.1.6","name":"FunctionTest","title":"Function test","status":"active","date":"2022-07-19T00:00:00+02:00","publisher":"Sundhedsvæsnets Kvalistetsinstitut with Trifork Digital Health A/S","contact":[{"name":"Sundhedsvæsnets Kvalistetsinstitut with Trifork Digital Health A/S","telecom":[{"system":"url","value":"https://trifork.com"},{"system":"email","value":"rbk@trifork.com"}]}],"description":"Function test","caseSensitive":false,"content":"complete","count":3,"concept":[{"code":"faq_iadl","display":"FAQ (IADL)","definition":"FAQ (IADL)"},{"code":"dad","display":"DAD","definition":"DAD"},{"code":"adcs_adl","display":"ADCS-ADL","definition":"ADCS-ADL"}]}