{"resourceType":"CodeSystem","id":"EHSIncisionalHerniaClassification","text":{"status":"generated","div":"<div xmlns=\"http://www.w3.org/1999/xhtml\"><p class=\"res-header-id\"><b>Generated Narrative: CodeSystem EHSIncisionalHerniaClassification</b></p><a name=\"EHSIncisionalHerniaClassification\"> </a><a name=\"hcEHSIncisionalHerniaClassification\"> </a><a name=\"EHSIncisionalHerniaClassification-en-US\"> </a><p>This case-insensitive code system <code>https://kip.sundk.dk/fhir/CodeSystem/EHSIncisionalHerniaClassification</code> defines the following codes:</p><table class=\"codes\"><tr><td style=\"white-space:nowrap\"><b>Code</b></td><td><b>Display</b></td><td><b>Definition</b></td></tr><tr><td style=\"white-space:nowrap\">m1<a name=\"EHSIncisionalHerniaClassification-m1\"> </a></td><td>M1</td><td>M1 - Subxiphoidal</td></tr><tr><td style=\"white-space:nowrap\">m2<a name=\"EHSIncisionalHerniaClassification-m2\"> </a></td><td>M2</td><td>M2 - Epigastric</td></tr><tr><td style=\"white-space:nowrap\">m3<a name=\"EHSIncisionalHerniaClassification-m3\"> </a></td><td>M3</td><td>M3 - Umbilical</td></tr><tr><td style=\"white-space:nowrap\">m4<a name=\"EHSIncisionalHerniaClassification-m4\"> </a></td><td>M4</td><td>M4 - Infraumbilical</td></tr><tr><td style=\"white-space:nowrap\">m5<a name=\"EHSIncisionalHerniaClassification-m5\"> </a></td><td>M5</td><td>M5 - Suprapubic</td></tr><tr><td style=\"white-space:nowrap\">l1<a name=\"EHSIncisionalHerniaClassification-l1\"> </a></td><td>L1</td><td>L1 - Subcostal</td></tr><tr><td style=\"white-space:nowrap\">l2<a name=\"EHSIncisionalHerniaClassification-l2\"> </a></td><td>L2</td><td>L2 - Flank</td></tr><tr><td style=\"white-space:nowrap\">l3<a name=\"EHSIncisionalHerniaClassification-l3\"> </a></td><td>L3</td><td>L3 - Iliac</td></tr><tr><td style=\"white-space:nowrap\">l4<a name=\"EHSIncisionalHerniaClassification-l4\"> </a></td><td>L4</td><td>L4 - Lumbar</td></tr><tr><td style=\"white-space:nowrap\">l1l<a name=\"EHSIncisionalHerniaClassification-l1l\"> </a></td><td>L1</td><td>L1 - Subcostal (Left)</td></tr><tr><td style=\"white-space:nowrap\">l2l<a name=\"EHSIncisionalHerniaClassification-l2l\"> </a></td><td>L2</td><td>L2 - Flank (Left)</td></tr><tr><td style=\"white-space:nowrap\">l3l<a name=\"EHSIncisionalHerniaClassification-l3l\"> </a></td><td>L3</td><td>L3 - Iliac (Left)</td></tr><tr><td style=\"white-space:nowrap\">l4l<a name=\"EHSIncisionalHerniaClassification-l4l\"> </a></td><td>L4</td><td>L4 - Lumbar (Left)</td></tr><tr><td style=\"white-space:nowrap\">l1r<a name=\"EHSIncisionalHerniaClassification-l1r\"> </a></td><td>L1</td><td>L1 - Subcostal (Right)</td></tr><tr><td style=\"white-space:nowrap\">l2r<a name=\"EHSIncisionalHerniaClassification-l2r\"> </a></td><td>L2</td><td>L2 - Flank (Right)</td></tr><tr><td style=\"white-space:nowrap\">l3r<a name=\"EHSIncisionalHerniaClassification-l3r\"> </a></td><td>L3</td><td>L3 - Iliac (Right)</td></tr><tr><td style=\"white-space:nowrap\">l4r<a name=\"EHSIncisionalHerniaClassification-l4r\"> </a></td><td>L4</td><td>L4 - Lumbar (Right)</td></tr></table></div>"},"url":"https://kip.sundk.dk/fhir/CodeSystem/EHSIncisionalHerniaClassification","version":"0.0.9","name":"EHSIncisionalHerniaClassification","title":"EHS - Incisional hernia classification","status":"active","date":"2022-06-28T00:00:00+02:00","publisher":"Sundhedsvæsnets Kvalistetsinstitut with Trifork Public A/S","contact":[{"name":"Sundhedsvæsnets Kvalistetsinstitut with Trifork Public A/S","telecom":[{"system":"url","value":"https://trifork.com"},{"system":"email","value":"rbk@trifork.com"}]}],"description":"EHS (European Hernia Society) - Incisional hernia classification; Link: https://www.ncbi.nlm.nih.gov/pmc/articles/PMC2719726/","caseSensitive":false,"content":"complete","count":17,"concept":[{"code":"m1","display":"M1","definition":"M1 - Subxiphoidal"},{"code":"m2","display":"M2","definition":"M2 - Epigastric"},{"code":"m3","display":"M3","definition":"M3 - Umbilical"},{"code":"m4","display":"M4","definition":"M4 - Infraumbilical"},{"code":"m5","display":"M5","definition":"M5 - Suprapubic"},{"code":"l1","display":"L1","definition":"L1 - Subcostal"},{"code":"l2","display":"L2","definition":"L2 - Flank"},{"code":"l3","display":"L3","definition":"L3 - Iliac"},{"code":"l4","display":"L4","definition":"L4 - Lumbar"},{"code":"l1l","display":"L1","definition":"L1 - Subcostal (Left)"},{"code":"l2l","display":"L2","definition":"L2 - Flank (Left)"},{"code":"l3l","display":"L3","definition":"L3 - Iliac (Left)"},{"code":"l4l","display":"L4","definition":"L4 - Lumbar (Left)"},{"code":"l1r","display":"L1","definition":"L1 - Subcostal (Right)"},{"code":"l2r","display":"L2","definition":"L2 - Flank (Right)"},{"code":"l3r","display":"L3","definition":"L3 - Iliac (Right)"},{"code":"l4r","display":"L4","definition":"L4 - Lumbar (Right)"}]}