{"resourceType":"CodeSystem","id":"SSSHandshake","text":{"status":"generated","div":"<div xmlns=\"http://www.w3.org/1999/xhtml\"><p class=\"res-header-id\"><b>Generated Narrative: CodeSystem SSSHandshake</b></p><a name=\"SSSHandshake\"> </a><a name=\"hcSSSHandshake\"> </a><a name=\"SSSHandshake-en-US\"> </a><p>This  code system <code>https://kip.sundk.dk/fhir/CodeSystem/SSSHandshake</code> defines the following codes:</p><table class=\"codes\"><tr><td style=\"white-space:nowrap\"><b>Code</b></td><td><b>Definition</b></td></tr><tr><td style=\"white-space:nowrap\">6<a name=\"SSSHandshake-6\"> </a></td><td>Normal kraft for bevægelsen.</td></tr><tr><td style=\"white-space:nowrap\">4<a name=\"SSSHandshake-4\"> </a></td><td>Normal bevægelse, men nedsat kraft.</td></tr><tr><td style=\"white-space:nowrap\">2<a name=\"SSSHandshake-2\"> </a></td><td>Nogen bevægelse, kan ikke knytte hånden.</td></tr><tr><td style=\"white-space:nowrap\">0<a name=\"SSSHandshake-0\"> </a></td><td>Paralyse: Ingen bevægelse mulig.</td></tr></table></div>"},"url":"https://kip.sundk.dk/fhir/CodeSystem/SSSHandshake","version":"0.0.9","name":"SSSHandshake","title":"Scandinavian Stroke Scale (SSS) - Handshake","status":"active","date":"2022-06-23T00:00:00+02:00","publisher":"Sundhedsvæsnets Kvalistetsinstitut with Trifork Public A/S","contact":[{"name":"Sundhedsvæsnets Kvalistetsinstitut with Trifork Public A/S","telecom":[{"system":"url","value":"https://trifork.com"},{"system":"email","value":"rbk@trifork.com"}]}],"description":"Scandinavian Stroke Scale (SSS) - Handshake: Vurderes på begge hænder, men der noteres kun i forhold til siden af en eventuel lammelse","content":"complete","count":4,"concept":[{"code":"6","display":"6","definition":"Normal kraft for bevægelsen."},{"code":"4","display":"4","definition":"Normal bevægelse, men nedsat kraft."},{"code":"2","display":"2","definition":"Nogen bevægelse, kan ikke knytte hånden."},{"code":"0","display":"0","definition":"Paralyse: Ingen bevægelse mulig."}]}