{"resourceType":"CodeSystem","id":"CALRGeneType","text":{"status":"generated","div":"<div xmlns=\"http://www.w3.org/1999/xhtml\"><p class=\"res-header-id\"><b>Generated Narrative: CodeSystem CALRGeneType</b></p><a name=\"CALRGeneType\"> </a><a name=\"hcCALRGeneType\"> </a><a name=\"CALRGeneType-en-US\"> </a><p>This case-insensitive code system <code>https://kip.rkkp.dk/fhir/CodeSystem/CALRGeneType</code> defines the following codes:</p><table class=\"codes\"><tr><td style=\"white-space:nowrap\"><b>Code</b></td><td><b>Display</b></td><td><b>Definition</b></td></tr><tr><td style=\"white-space:nowrap\">type_1<a name=\"CALRGeneType-type_1\"> </a></td><td>Type 1</td><td>Type 1</td></tr><tr><td style=\"white-space:nowrap\">type_2<a name=\"CALRGeneType-type_2\"> </a></td><td>Type 2</td><td>Type 2</td></tr></table></div>"},"url":"https://kip.rkkp.dk/fhir/CodeSystem/CALRGeneType","version":"2.9.0","name":"CALRGeneType","title":"CALR gene type","status":"active","date":"2022-07-11T00:00:00+02:00","publisher":"Sundhedsvæsnets Kvalistetsinstitut with Trifork Digital Health A/S","contact":[{"name":"Sundhedsvæsnets Kvalistetsinstitut with Trifork Digital Health A/S","telecom":[{"system":"url","value":"https://trifork.com"},{"system":"email","value":"rbk@trifork.com"}]}],"description":"CALR gene type","caseSensitive":false,"content":"complete","count":2,"concept":[{"code":"type_1","display":"Type 1","definition":"Type 1"},{"code":"type_2","display":"Type 2","definition":"Type 2"}]}