{"resourceType":"CodeSystem","id":"ChromosomPair","text":{"status":"generated","div":"<div xmlns=\"http://www.w3.org/1999/xhtml\"><p class=\"res-header-id\"><b>Generated Narrative: CodeSystem ChromosomPair</b></p><a name=\"ChromosomPair\"> </a><a name=\"hcChromosomPair\"> </a><a name=\"ChromosomPair-en-US\"> </a><p>This case-insensitive code system <code>https://kip.sundk.dk/fhir/CodeSystem/ChromosomPair</code> defines the following codes:</p><table class=\"codes\"><tr><td style=\"white-space:nowrap\"><b>Code</b></td><td><b>Display</b></td><td><b>Definition</b></td></tr><tr><td style=\"white-space:nowrap\">pair_13<a name=\"ChromosomPair-pair_13\"> </a></td><td>Chromosom pair 13</td><td>Chromosom pair 13 / Kromosompar 13 / SNOMED-CT: 55401003</td></tr><tr><td style=\"white-space:nowrap\">pair_17<a name=\"ChromosomPair-pair_17\"> </a></td><td>Chromosom pair 17</td><td>Chromosom pair 17 / Kromosompar 17 / SNOMED-CT: 45201007</td></tr></table></div>"},"url":"https://kip.sundk.dk/fhir/CodeSystem/ChromosomPair","version":"0.0.9","name":"ChromosomPair","title":"Chromosom pair","status":"active","date":"2022-07-13T00:00:00+02:00","publisher":"Sundhedsvæsnets Kvalistetsinstitut with Trifork Public A/S","contact":[{"name":"Sundhedsvæsnets Kvalistetsinstitut with Trifork Public A/S","telecom":[{"system":"url","value":"https://trifork.com"},{"system":"email","value":"rbk@trifork.com"}]}],"description":"Chromosom pair","caseSensitive":false,"content":"complete","count":2,"concept":[{"code":"pair_13","display":"Chromosom pair 13","definition":"Chromosom pair 13 / Kromosompar 13 / SNOMED-CT: 55401003"},{"code":"pair_17","display":"Chromosom pair 17","definition":"Chromosom pair 17 / Kromosompar 17 / SNOMED-CT: 45201007"}]}