{"resourceType":"CodeSystem","id":"IncisionChoice","text":{"status":"generated","div":"<div xmlns=\"http://www.w3.org/1999/xhtml\"><p class=\"res-header-id\"><b>Generated Narrative: CodeSystem IncisionChoice</b></p><a name=\"IncisionChoice\"> </a><a name=\"hcIncisionChoice\"> </a><a name=\"IncisionChoice-en-US\"> </a><p>This case-insensitive code system <code>https://kip.rkkp.dk/fhir/CodeSystem/IncisionChoice</code> defines the following codes:</p><table class=\"codes\"><tr><td style=\"white-space:nowrap\"><b>Code</b></td><td><b>Display</b></td><td><b>Definition</b></td></tr><tr><td style=\"white-space:nowrap\">abdomnial<a name=\"IncisionChoice-abdomnial\"> </a></td><td>Abdominal adgang</td><td>Abdominal adgang</td></tr><tr><td style=\"white-space:nowrap\">abdominal_thoracic<a name=\"IncisionChoice-abdominal_thoracic\"> </a></td><td>Separat abdominal og torakal adgang</td><td>Separat abdominal og torakal adgang</td></tr><tr><td style=\"white-space:nowrap\">toracoabdominal<a name=\"IncisionChoice-toracoabdominal\"> </a></td><td>Torakabdominal adgang</td><td>Torakabdominal adgang med deling af diafragma</td></tr><tr><td style=\"white-space:nowrap\">transhiatal_siewert<a name=\"IncisionChoice-transhiatal_siewert\"> </a></td><td>Transhiatal adgang (a.m. Siewert)</td><td>Transhiatal adgang (a.m. Siewert)</td></tr><tr><td style=\"white-space:nowrap\">transhiatal_neck<a name=\"IncisionChoice-transhiatal_neck\"> </a></td><td>Transhiatal adgang og anastomose på hals</td><td>Transhiatal adgang og anastomose på hals</td></tr><tr><td style=\"white-space:nowrap\">abdominal_thoracoskopic<a name=\"IncisionChoice-abdominal_thoracoskopic\"> </a></td><td>Separat abdominal &amp; torakoskopisk</td><td>Separat abdominal &amp; torakoskopisk</td></tr><tr><td style=\"white-space:nowrap\">laparoscopic_thoracoskopic<a name=\"IncisionChoice-laparoscopic_thoracoskopic\"> </a></td><td>Laparoskopisk &amp; torakoskopisk</td><td>Laparoskopisk &amp; torakoskopisk</td></tr><tr><td style=\"white-space:nowrap\">laparoscopic_thoracotomy<a name=\"IncisionChoice-laparoscopic_thoracotomy\"> </a></td><td>Laparoskopisk &amp; separat torakotomi</td><td>Laparoskopisk &amp; separat torakotomi</td></tr><tr><td style=\"white-space:nowrap\">laparoscopic<a name=\"IncisionChoice-laparoscopic\"> </a></td><td>Laparoskopisk</td><td>Laparoskopisk</td></tr><tr><td style=\"white-space:nowrap\">endoscopic<a name=\"IncisionChoice-endoscopic\"> </a></td><td>Endoskopisk</td><td>Endoskopisk</td></tr><tr><td style=\"white-space:nowrap\">cervical<a name=\"IncisionChoice-cervical\"> </a></td><td>Cervikal adgang</td><td>Cervikal adgang (frit tyndtarmstransplantat)</td></tr><tr><td style=\"white-space:nowrap\">delto_pectoral<a name=\"IncisionChoice-delto_pectoral\"> </a></td><td>Delto-pectoral</td><td>Delto-pectoral</td></tr><tr><td style=\"white-space:nowrap\">mackenzie<a name=\"IncisionChoice-mackenzie\"> </a></td><td>Antero-superior (MacKenzie)</td><td>Antero-superior (MacKenzie)</td></tr><tr><td style=\"white-space:nowrap\">lateral_for_patella<a name=\"IncisionChoice-lateral_for_patella\"> </a></td><td>Lateral for patella</td><td>Lateral for patella</td></tr><tr><td style=\"white-space:nowrap\">medial_for_patella<a name=\"IncisionChoice-medial_for_patella\"> </a></td><td>Medial for patella</td><td>Medial for patella</td></tr><tr><td style=\"white-space:nowrap\">medial_parapatellar_quadriceps<a name=\"IncisionChoice-medial_parapatellar_quadriceps\"> </a></td><td>Medial parapatellar, gennem quadricepssenen</td><td>Medial parapatellar, gennem quadricepssenen</td></tr><tr><td style=\"white-space:nowrap\">medial_parapatellar_vastus_medialis<a name=\"IncisionChoice-medial_parapatellar_vastus_medialis\"> </a></td><td>Medial parapatellar, vastus medialis split</td><td>Medial parapatellar, vastus medialis split</td></tr><tr><td style=\"white-space:nowrap\">center_quadriceps<a name=\"IncisionChoice-center_quadriceps\"> </a></td><td>Midtlinie, gennem quadricepssenen</td><td>Midtlinie, gennem quadricepssenen</td></tr><tr><td style=\"white-space:nowrap\">center_vastus_medialis<a name=\"IncisionChoice-center_vastus_medialis\"> </a></td><td>Midtlinie, vastus medialis split</td><td>Midtlinie, vastus medialis split</td></tr><tr><td style=\"white-space:nowrap\">minimal_invasive<a name=\"IncisionChoice-minimal_invasive\"> </a></td><td>Minimal invasiv kirurgi</td><td>Minimal invasiv kirurgi</td></tr></table></div>"},"url":"https://kip.rkkp.dk/fhir/CodeSystem/IncisionChoice","version":"2.9.3","name":"IncisionChoice","title":"Incision choice","status":"active","date":"2022-06-03T00:00:00+02:00","publisher":"Sundhedsvæsenets Kvalitetsinstitut with Trifork Digital Health A/S","contact":[{"name":"Sundhedsvæsenets Kvalitetsinstitut with Trifork Digital Health A/S","telecom":[{"system":"url","value":"https://trifork.com"},{"system":"email","value":"rbk@trifork.com"}]}],"description":"Incisionsvalg eller operativ adgang","caseSensitive":false,"content":"complete","count":20,"concept":[{"code":"abdomnial","display":"Abdominal adgang","definition":"Abdominal adgang"},{"code":"abdominal_thoracic","display":"Separat abdominal og torakal adgang","definition":"Separat abdominal og torakal adgang"},{"code":"toracoabdominal","display":"Torakabdominal adgang","definition":"Torakabdominal adgang med deling af diafragma"},{"code":"transhiatal_siewert","display":"Transhiatal adgang (a.m. Siewert)","definition":"Transhiatal adgang (a.m. Siewert)"},{"code":"transhiatal_neck","display":"Transhiatal adgang og anastomose på hals","definition":"Transhiatal adgang og anastomose på hals"},{"code":"abdominal_thoracoskopic","display":"Separat abdominal & torakoskopisk","definition":"Separat abdominal & torakoskopisk"},{"code":"laparoscopic_thoracoskopic","display":"Laparoskopisk & torakoskopisk","definition":"Laparoskopisk & torakoskopisk"},{"code":"laparoscopic_thoracotomy","display":"Laparoskopisk & separat torakotomi","definition":"Laparoskopisk & separat torakotomi"},{"code":"laparoscopic","display":"Laparoskopisk","definition":"Laparoskopisk"},{"code":"endoscopic","display":"Endoskopisk","definition":"Endoskopisk"},{"code":"cervical","display":"Cervikal adgang","definition":"Cervikal adgang (frit tyndtarmstransplantat)"},{"code":"delto_pectoral","display":"Delto-pectoral","definition":"Delto-pectoral"},{"code":"mackenzie","display":"Antero-superior (MacKenzie)","definition":"Antero-superior (MacKenzie)"},{"code":"lateral_for_patella","display":"Lateral for patella","definition":"Lateral for patella"},{"code":"medial_for_patella","display":"Medial for patella","definition":"Medial for patella"},{"code":"medial_parapatellar_quadriceps","display":"Medial parapatellar, gennem quadricepssenen","definition":"Medial parapatellar, gennem quadricepssenen"},{"code":"medial_parapatellar_vastus_medialis","display":"Medial parapatellar, vastus medialis split","definition":"Medial parapatellar, vastus medialis split"},{"code":"center_quadriceps","display":"Midtlinie, gennem quadricepssenen","definition":"Midtlinie, gennem quadricepssenen"},{"code":"center_vastus_medialis","display":"Midtlinie, vastus medialis split","definition":"Midtlinie, vastus medialis split"},{"code":"minimal_invasive","display":"Minimal invasiv kirurgi","definition":"Minimal invasiv kirurgi"}]}