{"resourceType":"CodeSystem","id":"AssessmentType","text":{"status":"generated","div":"<div xmlns=\"http://www.w3.org/1999/xhtml\"><p class=\"res-header-id\"><b>Generated Narrative: CodeSystem AssessmentType</b></p><a name=\"AssessmentType\"> </a><a name=\"hcAssessmentType\"> </a><a name=\"AssessmentType-en-US\"> </a><p>This case-insensitive code system <code>https://kip.rkkp.dk/fhir/CodeSystem/AssessmentType</code> defines the following codes:</p><table class=\"codes\"><tr><td style=\"white-space:nowrap\"><b>Code</b></td><td><b>Display</b></td><td><b>Definition</b></td></tr><tr><td style=\"white-space:nowrap\">clinical<a name=\"AssessmentType-clinical\"> </a></td><td>Clinical</td><td>Clinical / Klinisk / SNOMED-CT: 58147004</td></tr><tr><td style=\"white-space:nowrap\">genetic_counseling<a name=\"AssessmentType-genetic_counseling\"> </a></td><td>Genetic counseling</td><td>Genetic counseling / Genetisk rådgivning / SNOMED-CT: 79841006</td></tr><tr><td style=\"white-space:nowrap\">primary_dementia_assessment<a name=\"AssessmentType-primary_dementia_assessment\"> </a></td><td>Primary dementia assessment</td><td>Primary dementia assessment / Primær demensudredning</td></tr><tr><td style=\"white-space:nowrap\">second_opinion<a name=\"AssessmentType-second_opinion\"> </a></td><td>Second opinion</td><td>Second opinion</td></tr><tr><td style=\"white-space:nowrap\">referred_again_behavioral_problems<a name=\"AssessmentType-referred_again_behavioral_problems\"> </a></td><td>Referred again beacause of behavioral problems</td><td>Referred again beacause of behavioral problems / Genhenvist pga. adfærdsforstyrrelser</td></tr><tr><td style=\"white-space:nowrap\">referred_again_dementia_treatment<a name=\"AssessmentType-referred_again_dementia_treatment\"> </a></td><td>Referred again beacause of dementia treatment</td><td>Referred again beacause of dementia treatment / Genhenvist pga. demensbehandling</td></tr><tr><td style=\"white-space:nowrap\">revisited_primary_assessment<a name=\"AssessmentType-revisited_primary_assessment\"> </a></td><td>Revisited for primary assessment</td><td>Revisited for primary assessment / Omvisiteret til primær udredning</td></tr><tr><td style=\"white-space:nowrap\">no_wish_for_assessment<a name=\"AssessmentType-no_wish_for_assessment\"> </a></td><td>Patient wishes for no further assessment</td><td>Patient wishes for no further assessment / Patient ønsker ikke yderligere undersøgelser</td></tr></table></div>"},"url":"https://kip.rkkp.dk/fhir/CodeSystem/AssessmentType","version":"2.9.1","name":"AssessmentType","title":"Assessment type","status":"active","date":"2022-07-19T00:00:00+02:00","publisher":"Sundhedsvæsnets Kvalistetsinstitut with Trifork Digital Health A/S","contact":[{"name":"Sundhedsvæsnets Kvalistetsinstitut with Trifork Digital Health A/S","telecom":[{"system":"url","value":"https://trifork.com"},{"system":"email","value":"rbk@trifork.com"}]}],"description":"Assessment type","caseSensitive":false,"content":"complete","count":8,"concept":[{"code":"clinical","display":"Clinical","definition":"Clinical / Klinisk / SNOMED-CT: 58147004"},{"code":"genetic_counseling","display":"Genetic counseling","definition":"Genetic counseling / Genetisk rådgivning / SNOMED-CT: 79841006"},{"code":"primary_dementia_assessment","display":"Primary dementia assessment","definition":"Primary dementia assessment / Primær demensudredning"},{"code":"second_opinion","display":"Second opinion","definition":"Second opinion"},{"code":"referred_again_behavioral_problems","display":"Referred again beacause of behavioral problems","definition":"Referred again beacause of behavioral problems / Genhenvist pga. adfærdsforstyrrelser"},{"code":"referred_again_dementia_treatment","display":"Referred again beacause of dementia treatment","definition":"Referred again beacause of dementia treatment / Genhenvist pga. demensbehandling"},{"code":"revisited_primary_assessment","display":"Revisited for primary assessment","definition":"Revisited for primary assessment / Omvisiteret til primær udredning"},{"code":"no_wish_for_assessment","display":"Patient wishes for no further assessment","definition":"Patient wishes for no further assessment / Patient ønsker ikke yderligere undersøgelser"}]}