{"resourceType":"CodeSystem","id":"FixationCruciateLigaments","text":{"status":"generated","div":"<div xmlns=\"http://www.w3.org/1999/xhtml\"><p class=\"res-header-id\"><b>Generated Narrative: CodeSystem FixationCruciateLigaments</b></p><a name=\"FixationCruciateLigaments\"> </a><a name=\"hcFixationCruciateLigaments\"> </a><a name=\"FixationCruciateLigaments-en-US\"> </a><p>This case-insensitive code system <code>https://kip.rkkp.dk/fhir/CodeSystem/FixationCruciateLigaments</code> defines the following codes:</p><table class=\"codes\"><tr><td style=\"white-space:nowrap\"><b>Code</b></td><td><b>Display</b></td><td><b>Definition</b></td></tr><tr><td style=\"white-space:nowrap\">arthrek_biotenodesis_plla<a name=\"FixationCruciateLigaments-arthrek_biotenodesis_plla\"> </a></td><td>Arthrek Biotenodesis PLLA skrue</td><td>Arthrek Biotenodesis PLLA skrue [Tibia]</td></tr><tr><td style=\"white-space:nowrap\">arthrek_plla_retro<a name=\"FixationCruciateLigaments-arthrek_plla_retro\"> </a></td><td>Arthrek PLLA retro-skrue</td><td>Arthrek PLLA retro-skrue [Tibia]</td></tr><tr><td style=\"white-space:nowrap\">arthrek_plla<a name=\"FixationCruciateLigaments-arthrek_plla\"> </a></td><td>Arthrek PLLA skrue</td><td>Arthrek PLLA skrue [Tibia]</td></tr><tr><td style=\"white-space:nowrap\">arthrek_titanium<a name=\"FixationCruciateLigaments-arthrek_titanium\"> </a></td><td>Arthrek Titanium skrue</td><td>Arthrek Titanium skrue [Tibia]</td></tr><tr><td style=\"white-space:nowrap\">arthrex_biotenodesis_plla<a name=\"FixationCruciateLigaments-arthrex_biotenodesis_plla\"> </a></td><td>Arthrex Biotenodesis PLLA skrue</td><td>Arthrex Biotenodesis PLLA skrue [Femur]</td></tr><tr><td style=\"white-space:nowrap\">arthrex_delta<a name=\"FixationCruciateLigaments-arthrex_delta\"> </a></td><td>Arthrex Deltaskrue</td><td>Arthrex Deltaskrue [Tibia]</td></tr><tr><td style=\"white-space:nowrap\">arthrex_graftbolt<a name=\"FixationCruciateLigaments-arthrex_graftbolt\"> </a></td><td>Arthrex GraftBolt</td><td>Arthrex GraftBolt [Tibia]</td></tr><tr><td style=\"white-space:nowrap\">arthrex_peek<a name=\"FixationCruciateLigaments-arthrex_peek\"> </a></td><td>Arthrex PEEK Skrue</td><td>Arthrex PEEK Skrue [Femur + Tibia]</td></tr><tr><td style=\"white-space:nowrap\">arthrex_plla<a name=\"FixationCruciateLigaments-arthrex_plla\"> </a></td><td>Arthrex PLLA skrue</td><td>Arthrex PLLA skrue [Femur]</td></tr><tr><td style=\"white-space:nowrap\">arthrex_retrobutton<a name=\"FixationCruciateLigaments-arthrex_retrobutton\"> </a></td><td>Arthrex Retrobutton</td><td>Arthrex Retrobutton [Femur]</td></tr><tr><td style=\"white-space:nowrap\">arthrex_tight_rope<a name=\"FixationCruciateLigaments-arthrex_tight_rope\"> </a></td><td>Arthrex Tight Rope</td><td>Arthrex Tight Rope [Femur + Tibia]</td></tr><tr><td style=\"white-space:nowrap\">arthrex_titanium<a name=\"FixationCruciateLigaments-arthrex_titanium\"> </a></td><td>Arthrex Titanium skrue</td><td>Arthrex Titanium skrue [Femur]</td></tr><tr><td style=\"white-space:nowrap\">arthrex_transfix<a name=\"FixationCruciateLigaments-arthrex_transfix\"> </a></td><td>Arthrex Transfix</td><td>Arthrex Transfix [Femur]</td></tr><tr><td style=\"white-space:nowrap\">arthrocare_bilok_trans<a name=\"FixationCruciateLigaments-arthrocare_bilok_trans\"> </a></td><td>Arthrocare Bilok Trans-skrue</td><td>Arthrocare Bilok Trans-skrue [Femur]</td></tr><tr><td style=\"white-space:nowrap\">atlantech_bilok<a name=\"FixationCruciateLigaments-atlantech_bilok\"> </a></td><td>Atlantech Bilok Skrue</td><td>Atlantech Bilok Skrue [Femur + Tibia]</td></tr><tr><td style=\"white-space:nowrap\">atlantech_cobra<a name=\"FixationCruciateLigaments-atlantech_cobra\"> </a></td><td>Atlantech Cobra</td><td>Atlantech Cobra [Tibia]</td></tr><tr><td style=\"white-space:nowrap\">atlantech_metal<a name=\"FixationCruciateLigaments-atlantech_metal\"> </a></td><td>Atlantech metal skrue</td><td>Atlantech metal skrue [Femur + Tibia]</td></tr><tr><td style=\"white-space:nowrap\">biomet_centraloc<a name=\"FixationCruciateLigaments-biomet_centraloc\"> </a></td><td>Biomet Centraloc</td><td>Biomet Centraloc [Tibia]</td></tr><tr><td style=\"white-space:nowrap\">biomet_ez_loc<a name=\"FixationCruciateLigaments-biomet_ez_loc\"> </a></td><td>Biomet EZ Loc</td><td>Biomet EZ Loc [Femur]</td></tr><tr><td style=\"white-space:nowrap\">biomet_metal_tunneloc<a name=\"FixationCruciateLigaments-biomet_metal_tunneloc\"> </a></td><td>Biomet metal skrue (Tunneloc)</td><td>Biomet metal skrue (Tunneloc) [Femur + Tibia]</td></tr><tr><td style=\"white-space:nowrap\">biomet_peek_tibia_nail_tunneloc<a name=\"FixationCruciateLigaments-biomet_peek_tibia_nail_tunneloc\"> </a></td><td>Biomet peek tibia nail (Tunneloc)</td><td>Biomet peek tibia nail (Tunneloc) [Tibia]</td></tr><tr><td style=\"white-space:nowrap\">biomet_plla_gentlethread<a name=\"FixationCruciateLigaments-biomet_plla_gentlethread\"> </a></td><td>Biomet PLLA skrue (Gentletread)</td><td>Biomet PLLA skrue (Gentletread) [Femur + Tibia]</td></tr><tr><td style=\"white-space:nowrap\">biomet_togglelock_zipploop<a name=\"FixationCruciateLigaments-biomet_togglelock_zipploop\"> </a></td><td>Biomet Togglelock Zipploop</td><td>Biomet Togglelock Zipploop [Femur]</td></tr><tr><td style=\"white-space:nowrap\">biomet_washerloc<a name=\"FixationCruciateLigaments-biomet_washerloc\"> </a></td><td>Biomet Washerloc</td><td>Biomet Washerloc [Tibia]</td></tr><tr><td style=\"white-space:nowrap\">cayenne_aperfix<a name=\"FixationCruciateLigaments-cayenne_aperfix\"> </a></td><td>Cayenne Aperfix</td><td>Cayenne Aperfix [Femur + Tibia]</td></tr><tr><td style=\"white-space:nowrap\">conmed_guardsman<a name=\"FixationCruciateLigaments-conmed_guardsman\"> </a></td><td>Conmed Guardsman metal</td><td>Conmed Guardsman metal [Femur]</td></tr><tr><td style=\"white-space:nowrap\">conmed_martryx<a name=\"FixationCruciateLigaments-conmed_martryx\"> </a></td><td>ConMed Martryx</td><td>ConMed Martryx [Tibia]</td></tr><tr><td style=\"white-space:nowrap\">conmed_metal_propel<a name=\"FixationCruciateLigaments-conmed_metal_propel\"> </a></td><td>ConMed Metal skrue (Propel)</td><td>ConMed Metal skrue (Propel) [Femur + Tibia]</td></tr><tr><td style=\"white-space:nowrap\">conmed_plla_bioscrew<a name=\"FixationCruciateLigaments-conmed_plla_bioscrew\"> </a></td><td>ConMed PLLA skrue (Bioscrew)</td><td>ConMed PLLA skrue (Bioscrew) [Femur + Tibia]</td></tr><tr><td style=\"white-space:nowrap\">conmed_xo_button<a name=\"FixationCruciateLigaments-conmed_xo_button\"> </a></td><td>ConMed XO Button</td><td>ConMed XO Button [Femur]</td></tr><tr><td style=\"white-space:nowrap\">depuy_milagro_advance_peek<a name=\"FixationCruciateLigaments-depuy_milagro_advance_peek\"> </a></td><td>Depuy Milagro ADVANCE PEEK</td><td>Depuy Milagro ADVANCE PEEK [Tibia]</td></tr><tr><td style=\"white-space:nowrap\">depuy_mitek_femoral_intrafix<a name=\"FixationCruciateLigaments-depuy_mitek_femoral_intrafix\"> </a></td><td>Depuy Mitek Femoral Intrafix</td><td>Depuy Mitek Femoral Intrafix [Femur]</td></tr><tr><td style=\"white-space:nowrap\">depuy_mitek_intrafix<a name=\"FixationCruciateLigaments-depuy_mitek_intrafix\"> </a></td><td>Depuy Mitek Intrafix</td><td>Depuy Mitek Intrafix [Tibia]</td></tr><tr><td style=\"white-space:nowrap\">depuy_mitek_intrafix_bio<a name=\"FixationCruciateLigaments-depuy_mitek_intrafix_bio\"> </a></td><td>Depuy Mitek Intrafix Bio</td><td>Depuy Mitek Intrafix Bio [Tibia]</td></tr><tr><td style=\"white-space:nowrap\">depuy_mitek_milagro<a name=\"FixationCruciateLigaments-depuy_mitek_milagro\"> </a></td><td>Depuy Mitek Milagro skrue</td><td>Depuy Mitek Milagro skrue [Femur + Tibia]</td></tr><tr><td style=\"white-space:nowrap\">depuy_mitek_rigidfix<a name=\"FixationCruciateLigaments-depuy_mitek_rigidfix\"> </a></td><td>Depuy Mitek Rigidfix</td><td>Depuy Mitek Rigidfix [Femur]</td></tr><tr><td style=\"white-space:nowrap\">depuy_mitek_titanium<a name=\"FixationCruciateLigaments-depuy_mitek_titanium\"> </a></td><td>Depuy Mitek Titanium skrue</td><td>Depuy Mitek Titanium skrue [Femur + Tibia]</td></tr><tr><td style=\"white-space:nowrap\">depuy_rigidfix_curve<a name=\"FixationCruciateLigaments-depuy_rigidfix_curve\"> </a></td><td>Depuy Rigidfix CURVE</td><td>Depuy Rigidfix CURVE [Femur]</td></tr><tr><td style=\"white-space:nowrap\">depuy_rigidloop_adjustable<a name=\"FixationCruciateLigaments-depuy_rigidloop_adjustable\"> </a></td><td>Depuy Rigidloop Adjustable</td><td>Depuy Rigidloop Adjustable [Tibia]</td></tr><tr><td style=\"white-space:nowrap\">depuy_rigidloop_adjustable_loop<a name=\"FixationCruciateLigaments-depuy_rigidloop_adjustable_loop\"> </a></td><td>Depuy RIGIDLOOP adjustable loop</td><td>Depuy RIGIDLOOP adjustable loop [Femur]</td></tr><tr><td style=\"white-space:nowrap\">depuy_rigidloop_fixed_loop<a name=\"FixationCruciateLigaments-depuy_rigidloop_fixed_loop\"> </a></td><td>Depuy RIGIDLOOP fixed loop</td><td>Depuy RIGIDLOOP fixed loop [Femur]</td></tr><tr><td style=\"white-space:nowrap\">femoral_intrafix<a name=\"FixationCruciateLigaments-femoral_intrafix\"> </a></td><td>Femoral Intrafix</td><td>Femoral Intrafix [Femur]</td></tr><tr><td style=\"white-space:nowrap\">inion_hexalon<a name=\"FixationCruciateLigaments-inion_hexalon\"> </a></td><td>Inion Hexalon skrue</td><td>Inion Hexalon skrue [Femur + Tibia]</td></tr><tr><td style=\"white-space:nowrap\">intrafix_advance<a name=\"FixationCruciateLigaments-intrafix_advance\"> </a></td><td>Intrafix Advance</td><td>Intrafix Advance [Tibia]</td></tr><tr><td style=\"white-space:nowrap\">kramper<a name=\"FixationCruciateLigaments-kramper\"> </a></td><td>Kramper</td><td>Kramper [Tibia]</td></tr><tr><td style=\"white-space:nowrap\">smith&amp;nephew_biosure_peek<a name=\"FixationCruciateLigaments-smith.38nephew_biosure_peek\"> </a></td><td>Smith &amp; Nephew Biosure PEEK skrue</td><td>Smith &amp; Nephew Biosure PEEK skrue [Femur + Tibia]</td></tr><tr><td style=\"white-space:nowrap\">smith&amp;nephew_biosure_regensorb<a name=\"FixationCruciateLigaments-smith.38nephew_biosure_regensorb\"> </a></td><td>Smith &amp; Nephew Biosure Regensorb</td><td>Smith &amp; Nephew Biosure Regensorb [Tibia]</td></tr><tr><td style=\"white-space:nowrap\">smith&amp;nephew_calaxo<a name=\"FixationCruciateLigaments-smith.38nephew_calaxo\"> </a></td><td>Smith &amp; Nephew Calaxo</td><td>Smith &amp; Nephew Calaxo [Femur]</td></tr><tr><td style=\"white-space:nowrap\">smith&amp;nephew_endobutton_cl<a name=\"FixationCruciateLigaments-smith.38nephew_endobutton_cl\"> </a></td><td>Smith &amp; Nephew Endobutton CL</td><td>Smith &amp; Nephew Endobutton CL [Femur]</td></tr><tr><td style=\"white-space:nowrap\">smith&amp;nephew_rci_calaxo<a name=\"FixationCruciateLigaments-smith.38nephew_rci_calaxo\"> </a></td><td>Smith &amp; Nephew RCI Calaxo</td><td>Smith &amp; Nephew RCI Calaxo [Tibia]</td></tr><tr><td style=\"white-space:nowrap\">smith&amp;nephew_rci_metal<a name=\"FixationCruciateLigaments-smith.38nephew_rci_metal\"> </a></td><td>Smith &amp; Nephew RCI metal</td><td>Smith &amp; Nephew RCI metal [Femur + Tibia]</td></tr><tr><td style=\"white-space:nowrap\">smith&amp;nephew_rci_plla<a name=\"FixationCruciateLigaments-smith.38nephew_rci_plla\"> </a></td><td>Smith &amp; Nephew RCI PLLA</td><td>Smith &amp; Nephew RCI PLLA [Femur + Tibia]</td></tr><tr><td style=\"white-space:nowrap\">smith&amp;nephew_rci_plla/ha<a name=\"FixationCruciateLigaments-smith.38nephew_rci_plla.47ha\"> </a></td><td>Smith &amp; Nephew RCI PLLA/HA</td><td>Smith &amp; Nephew RCI PLLA/HA [Femur + Tibia]</td></tr><tr><td style=\"white-space:nowrap\">smith&amp;nephew_softsilk_metal<a name=\"FixationCruciateLigaments-smith.38nephew_softsilk_metal\"> </a></td><td>Smith &amp; Nephew Softsilk metal</td><td>Smith &amp; Nephew Softsilk metal [Femur + Tibia]</td></tr><tr><td style=\"white-space:nowrap\">smith&amp;nephew_ultrabutton<a name=\"FixationCruciateLigaments-smith.38nephew_ultrabutton\"> </a></td><td>Smith &amp; Nephew UltraButton</td><td>Smith &amp; Nephew UltraButton [Femur]</td></tr><tr><td style=\"white-space:nowrap\">storz_flip-tac<a name=\"FixationCruciateLigaments-storz_flip-tac\"> </a></td><td>Storz Flip-Tac</td><td>Storz Flip-Tac [Femur]</td></tr><tr><td style=\"white-space:nowrap\">storz_megafix<a name=\"FixationCruciateLigaments-storz_megafix\"> </a></td><td>Storz Megafix</td><td>Storz Megafix [Tibia]</td></tr><tr><td style=\"white-space:nowrap\">stryker_bioosteon<a name=\"FixationCruciateLigaments-stryker_bioosteon\"> </a></td><td>Stryker Bioosteon skrue</td><td>Stryker Bioosteon skrue [Femur + Tibia]</td></tr><tr><td style=\"white-space:nowrap\">stryker_crossscrew_ha/plla<a name=\"FixationCruciateLigaments-stryker_crossscrew_ha.47plla\"> </a></td><td>Stryker Crossscrew (HA/PLLA)</td><td>Stryker Crossscrew (HA/PLLA) [Femur + Tibia]</td></tr><tr><td style=\"white-space:nowrap\">stryker_crossscrew_titanium<a name=\"FixationCruciateLigaments-stryker_crossscrew_titanium\"> </a></td><td>Stryker Crossscrew (Titanium)</td><td>Stryker Crossscrew (Titanium) [Femur + Tibia]</td></tr><tr><td style=\"white-space:nowrap\">stryker_plla<a name=\"FixationCruciateLigaments-stryker_plla\"> </a></td><td>Stryker PLLA skrue</td><td>Stryker PLLA skrue [Femur + Tibia]</td></tr><tr><td style=\"white-space:nowrap\">stryker_procinch<a name=\"FixationCruciateLigaments-stryker_procinch\"> </a></td><td>Stryker ProCinch</td><td>Stryker ProCinch [Femur]</td></tr><tr><td style=\"white-space:nowrap\">stryker_titanium<a name=\"FixationCruciateLigaments-stryker_titanium\"> </a></td><td>Stryker titanium skrue</td><td>Stryker titanium skrue [Femur + Tibia]</td></tr><tr><td style=\"white-space:nowrap\">stryker_versitomic_g-lok<a name=\"FixationCruciateLigaments-stryker_versitomic_g-lok\"> </a></td><td>Stryker VersiTomic G-lok</td><td>Stryker VersiTomic G-lok [Femur]</td></tr><tr><td style=\"white-space:nowrap\">bona_canal<a name=\"FixationCruciateLigaments-bona_canal\"> </a></td><td>Knoglekanal</td><td>Knoglekanal [Tibia]</td></tr><tr><td style=\"white-space:nowrap\">screw/washer<a name=\"FixationCruciateLigaments-screw.47washer\"> </a></td><td>Skrue/washer</td><td>Skrue/washer [Femur + Tibia]</td></tr></table></div>"},"url":"https://kip.rkkp.dk/fhir/CodeSystem/FixationCruciateLigaments","version":"2.9.0","name":"FixationCruciateLigaments","title":"Fixation for cruciate ligaments (femur and tibia); types of screws","status":"active","date":"2025-03-04T00:00:00+02:00","publisher":"Sundhedsvæsnets Kvalistetsinstitut with Trifork Digital Health A/S","contact":[{"name":"Sundhedsvæsnets Kvalistetsinstitut with Trifork Digital Health A/S","telecom":[{"system":"url","value":"https://trifork.com"},{"system":"email","value":"rbk@trifork.com"}]}],"description":"Fixation for cruciate ligaments (femur and tibia), types of screws","caseSensitive":false,"content":"complete","count":66,"concept":[{"code":"arthrek_biotenodesis_plla","display":"Arthrek Biotenodesis PLLA skrue","definition":"Arthrek Biotenodesis PLLA skrue [Tibia]"},{"code":"arthrek_plla_retro","display":"Arthrek PLLA retro-skrue","definition":"Arthrek PLLA retro-skrue [Tibia]"},{"code":"arthrek_plla","display":"Arthrek PLLA skrue","definition":"Arthrek PLLA skrue [Tibia]"},{"code":"arthrek_titanium","display":"Arthrek Titanium skrue","definition":"Arthrek Titanium skrue [Tibia]"},{"code":"arthrex_biotenodesis_plla","display":"Arthrex Biotenodesis PLLA skrue","definition":"Arthrex Biotenodesis PLLA skrue [Femur]"},{"code":"arthrex_delta","display":"Arthrex Deltaskrue","definition":"Arthrex Deltaskrue [Tibia]"},{"code":"arthrex_graftbolt","display":"Arthrex GraftBolt","definition":"Arthrex GraftBolt [Tibia]"},{"code":"arthrex_peek","display":"Arthrex PEEK Skrue","definition":"Arthrex PEEK Skrue [Femur + Tibia]"},{"code":"arthrex_plla","display":"Arthrex PLLA skrue","definition":"Arthrex PLLA skrue [Femur]"},{"code":"arthrex_retrobutton","display":"Arthrex Retrobutton","definition":"Arthrex Retrobutton [Femur]"},{"code":"arthrex_tight_rope","display":"Arthrex Tight Rope","definition":"Arthrex Tight Rope [Femur + Tibia]"},{"code":"arthrex_titanium","display":"Arthrex Titanium skrue","definition":"Arthrex Titanium skrue [Femur]"},{"code":"arthrex_transfix","display":"Arthrex Transfix","definition":"Arthrex Transfix [Femur]"},{"code":"arthrocare_bilok_trans","display":"Arthrocare Bilok Trans-skrue","definition":"Arthrocare Bilok Trans-skrue [Femur]"},{"code":"atlantech_bilok","display":"Atlantech Bilok Skrue","definition":"Atlantech Bilok Skrue [Femur + Tibia]"},{"code":"atlantech_cobra","display":"Atlantech Cobra","definition":"Atlantech Cobra [Tibia]"},{"code":"atlantech_metal","display":"Atlantech metal skrue","definition":"Atlantech metal skrue [Femur + Tibia]"},{"code":"biomet_centraloc","display":"Biomet Centraloc","definition":"Biomet Centraloc [Tibia]"},{"code":"biomet_ez_loc","display":"Biomet EZ Loc","definition":"Biomet EZ Loc [Femur]"},{"code":"biomet_metal_tunneloc","display":"Biomet metal skrue (Tunneloc)","definition":"Biomet metal skrue (Tunneloc) [Femur + Tibia]"},{"code":"biomet_peek_tibia_nail_tunneloc","display":"Biomet peek tibia nail (Tunneloc)","definition":"Biomet peek tibia nail (Tunneloc) [Tibia]"},{"code":"biomet_plla_gentlethread","display":"Biomet PLLA skrue (Gentletread)","definition":"Biomet PLLA skrue (Gentletread) [Femur + Tibia]"},{"code":"biomet_togglelock_zipploop","display":"Biomet Togglelock Zipploop","definition":"Biomet Togglelock Zipploop [Femur]"},{"code":"biomet_washerloc","display":"Biomet Washerloc","definition":"Biomet Washerloc [Tibia]"},{"code":"cayenne_aperfix","display":"Cayenne Aperfix","definition":"Cayenne Aperfix [Femur + Tibia]"},{"code":"conmed_guardsman","display":"Conmed Guardsman metal","definition":"Conmed Guardsman metal [Femur]"},{"code":"conmed_martryx","display":"ConMed Martryx","definition":"ConMed Martryx [Tibia]"},{"code":"conmed_metal_propel","display":"ConMed Metal skrue (Propel)","definition":"ConMed Metal skrue (Propel) [Femur + Tibia]"},{"code":"conmed_plla_bioscrew","display":"ConMed PLLA skrue (Bioscrew)","definition":"ConMed PLLA skrue (Bioscrew) [Femur + Tibia]"},{"code":"conmed_xo_button","display":"ConMed XO Button","definition":"ConMed XO Button [Femur]"},{"code":"depuy_milagro_advance_peek","display":"Depuy Milagro ADVANCE PEEK","definition":"Depuy Milagro ADVANCE PEEK [Tibia]"},{"code":"depuy_mitek_femoral_intrafix","display":"Depuy Mitek Femoral Intrafix","definition":"Depuy Mitek Femoral Intrafix [Femur]"},{"code":"depuy_mitek_intrafix","display":"Depuy Mitek Intrafix","definition":"Depuy Mitek Intrafix [Tibia]"},{"code":"depuy_mitek_intrafix_bio","display":"Depuy Mitek Intrafix Bio","definition":"Depuy Mitek Intrafix Bio [Tibia]"},{"code":"depuy_mitek_milagro","display":"Depuy Mitek Milagro skrue","definition":"Depuy Mitek Milagro skrue [Femur + Tibia]"},{"code":"depuy_mitek_rigidfix","display":"Depuy Mitek Rigidfix","definition":"Depuy Mitek Rigidfix [Femur]"},{"code":"depuy_mitek_titanium","display":"Depuy Mitek Titanium skrue","definition":"Depuy Mitek Titanium skrue [Femur + Tibia]"},{"code":"depuy_rigidfix_curve","display":"Depuy Rigidfix CURVE","definition":"Depuy Rigidfix CURVE [Femur]"},{"code":"depuy_rigidloop_adjustable","display":"Depuy Rigidloop Adjustable","definition":"Depuy Rigidloop Adjustable [Tibia]"},{"code":"depuy_rigidloop_adjustable_loop","display":"Depuy RIGIDLOOP adjustable loop","definition":"Depuy RIGIDLOOP adjustable loop [Femur]"},{"code":"depuy_rigidloop_fixed_loop","display":"Depuy RIGIDLOOP fixed loop","definition":"Depuy RIGIDLOOP fixed loop [Femur]"},{"code":"femoral_intrafix","display":"Femoral Intrafix","definition":"Femoral Intrafix [Femur]"},{"code":"inion_hexalon","display":"Inion Hexalon skrue","definition":"Inion Hexalon skrue [Femur + Tibia]"},{"code":"intrafix_advance","display":"Intrafix Advance","definition":"Intrafix Advance [Tibia]"},{"code":"kramper","display":"Kramper","definition":"Kramper [Tibia]"},{"code":"smith&nephew_biosure_peek","display":"Smith & Nephew Biosure PEEK skrue","definition":"Smith & Nephew Biosure PEEK skrue [Femur + Tibia]"},{"code":"smith&nephew_biosure_regensorb","display":"Smith & Nephew Biosure Regensorb","definition":"Smith & Nephew Biosure Regensorb [Tibia]"},{"code":"smith&nephew_calaxo","display":"Smith & Nephew Calaxo","definition":"Smith & Nephew Calaxo [Femur]"},{"code":"smith&nephew_endobutton_cl","display":"Smith & Nephew Endobutton CL","definition":"Smith & Nephew Endobutton CL [Femur]"},{"code":"smith&nephew_rci_calaxo","display":"Smith & Nephew RCI Calaxo","definition":"Smith & Nephew RCI Calaxo [Tibia]"},{"code":"smith&nephew_rci_metal","display":"Smith & Nephew RCI metal","definition":"Smith & Nephew RCI metal [Femur + Tibia]"},{"code":"smith&nephew_rci_plla","display":"Smith & Nephew RCI PLLA","definition":"Smith & Nephew RCI PLLA [Femur + Tibia]"},{"code":"smith&nephew_rci_plla/ha","display":"Smith & Nephew RCI PLLA/HA","definition":"Smith & Nephew RCI PLLA/HA [Femur + Tibia]"},{"code":"smith&nephew_softsilk_metal","display":"Smith & Nephew Softsilk metal","definition":"Smith & Nephew Softsilk metal [Femur + Tibia]"},{"code":"smith&nephew_ultrabutton","display":"Smith & Nephew UltraButton","definition":"Smith & Nephew UltraButton [Femur]"},{"code":"storz_flip-tac","display":"Storz Flip-Tac","definition":"Storz Flip-Tac [Femur]"},{"code":"storz_megafix","display":"Storz Megafix","definition":"Storz Megafix [Tibia]"},{"code":"stryker_bioosteon","display":"Stryker Bioosteon skrue","definition":"Stryker Bioosteon skrue [Femur + Tibia]"},{"code":"stryker_crossscrew_ha/plla","display":"Stryker Crossscrew (HA/PLLA)","definition":"Stryker Crossscrew (HA/PLLA) [Femur + Tibia]"},{"code":"stryker_crossscrew_titanium","display":"Stryker Crossscrew (Titanium)","definition":"Stryker Crossscrew (Titanium) [Femur + Tibia]"},{"code":"stryker_plla","display":"Stryker PLLA skrue","definition":"Stryker PLLA skrue [Femur + Tibia]"},{"code":"stryker_procinch","display":"Stryker ProCinch","definition":"Stryker ProCinch [Femur]"},{"code":"stryker_titanium","display":"Stryker titanium skrue","definition":"Stryker titanium skrue [Femur + Tibia]"},{"code":"stryker_versitomic_g-lok","display":"Stryker VersiTomic G-lok","definition":"Stryker VersiTomic G-lok [Femur]"},{"code":"bona_canal","display":"Knoglekanal","definition":"Knoglekanal [Tibia]"},{"code":"screw/washer","display":"Skrue/washer","definition":"Skrue/washer [Femur + Tibia]"}]}