{"resourceType":"CodeSystem","id":"ReferredForTraining","text":{"status":"generated","div":"<div xmlns=\"http://www.w3.org/1999/xhtml\"><p class=\"res-header-id\"><b>Generated Narrative: CodeSystem ReferredForTraining</b></p><a name=\"ReferredForTraining\"> </a><a name=\"hcReferredForTraining\"> </a><a name=\"ReferredForTraining-en-US\"> </a><p>This  code system <code>https://kip.rkkp.dk/fhir/CodeSystem/ReferredForTraining</code> defines the following codes:</p><table class=\"codes\"><tr><td style=\"white-space:nowrap\"><b>Code</b></td><td><b>Display</b></td><td><b>Definition</b></td></tr><tr><td style=\"white-space:nowrap\">hospitalregi<a name=\"ReferredForTraining-hospitalregi\"> </a></td><td>Henvist til superviseret fysisk træning i hospitalsregi</td><td>Henvist til superviseret fysisk træning i hospitalsregi</td></tr><tr><td style=\"white-space:nowrap\">kommunaltregi<a name=\"ReferredForTraining-kommunaltregi\"> </a></td><td>Henvist til superviseret fysisk træning i kommunalt regi</td><td>envist til superviseret fysisk træning i kommunalt regi</td></tr></table></div>"},"url":"https://kip.rkkp.dk/fhir/CodeSystem/ReferredForTraining","version":"2.9.1","name":"ReferredForTraining","title":"Specifikation of where the paitent is referred to for physical training","status":"active","date":"2022-06-03T00:00:00+02:00","publisher":"Sundhedsvæsnets Kvalistetsinstitut with Trifork Digital Health A/S","contact":[{"name":"Sundhedsvæsnets Kvalistetsinstitut with Trifork Digital Health A/S","telecom":[{"system":"url","value":"https://trifork.com"},{"system":"email","value":"rbk@trifork.com"}]}],"description":"Uddybning af hvor patienten er henvist til fysisk træning","content":"complete","count":2,"concept":[{"code":"hospitalregi","display":"Henvist til superviseret fysisk træning i hospitalsregi","definition":"Henvist til superviseret fysisk træning i hospitalsregi"},{"code":"kommunaltregi","display":"Henvist til superviseret fysisk træning i kommunalt regi","definition":"envist til superviseret fysisk træning i kommunalt regi"}]}