{"resourceType":"CodeSystem","id":"GenericValues","text":{"status":"generated","div":"<div xmlns=\"http://www.w3.org/1999/xhtml\"><p class=\"res-header-id\"><b>Generated Narrative: CodeSystem GenericValues</b></p><a name=\"GenericValues\"> </a><a name=\"hcGenericValues\"> </a><a name=\"GenericValues-en-US\"> </a><p>This case-insensitive code system <code>https://kip.rkkp.dk/fhir/CodeSystem/GenericValues</code> defines the following codes in an undefined hierarchy:</p><table class=\"codes\"><tr><td><b>Lvl</b></td><td style=\"white-space:nowrap\"><b>Code</b></td><td><b>Display</b></td><td><b>Definition</b></td></tr><tr><td>1</td><td style=\"white-space:nowrap\">other<a name=\"GenericValues-other\"> </a></td><td>Other</td><td>Other - used to choose unspecific value not in a valueset</td></tr><tr><td>1</td><td style=\"white-space:nowrap\">none<a name=\"GenericValues-none\"> </a></td><td>None</td><td>None - used to choose none of the available values</td></tr><tr><td>1</td><td style=\"white-space:nowrap\">all<a name=\"GenericValues-all\"> </a></td><td>All</td><td>All - used to indicate all values of a question</td></tr><tr><td>1</td><td style=\"white-space:nowrap\">various<a name=\"GenericValues-various\"> </a></td><td>Various</td><td>Forskelligt</td></tr><tr><td>1</td><td style=\"white-space:nowrap\">na<a name=\"GenericValues-na\"> </a></td><td>N/A</td><td>Not available</td></tr><tr><td>1</td><td style=\"white-space:nowrap\">not_performed<a name=\"GenericValues-not_performed\"> </a></td><td>Not performed</td><td>Not performed - used to indicate, if a procedure or test has not been performed</td></tr><tr><td>1</td><td style=\"white-space:nowrap\">normal<a name=\"GenericValues-normal\"> </a></td><td>Normal</td><td>Normal</td></tr><tr><td>1</td><td style=\"white-space:nowrap\">abnormal<a name=\"GenericValues-abnormal\"> </a></td><td>Abnormal</td><td>Abnormal / Unormal</td></tr><tr><td>1</td><td style=\"white-space:nowrap\">ukn<a name=\"GenericValues-ukn\"> </a></td><td>Unknown</td><td>Ukendt</td></tr><tr><td>1</td><td style=\"white-space:nowrap\">changes<a name=\"GenericValues-changes\"> </a></td><td>Changes</td><td>Changes</td></tr><tr><td>1</td><td style=\"white-space:nowrap\">very_good<a name=\"GenericValues-very_good\"> </a></td><td>Very good</td><td>Very good</td></tr><tr><td>1</td><td style=\"white-space:nowrap\">good<a name=\"GenericValues-good\"> </a></td><td>Good</td><td>Good / SNOMED-CT: 20572008</td></tr><tr><td>1</td><td style=\"white-space:nowrap\">postive<a name=\"GenericValues-postive\"> </a></td><td>Positive</td><td>Positiv</td></tr><tr><td>1</td><td style=\"white-space:nowrap\">negative<a name=\"GenericValues-negative\"> </a></td><td>Negative</td><td>Negativ</td></tr><tr><td>1</td><td style=\"white-space:nowrap\">intermediate<a name=\"GenericValues-intermediate\"> </a></td><td>Intermediate</td><td>Intermediate / SNOMED-CT: 11896004 </td></tr><tr><td>1</td><td style=\"white-space:nowrap\">poorly<a name=\"GenericValues-poorly\"> </a></td><td>Poorly</td><td>Poorly / SNOMED-CT: 556001</td></tr><tr><td>1</td><td style=\"white-space:nowrap\">fracture<a name=\"GenericValues-fracture\"> </a></td><td>Fracture</td><td>Fracture</td></tr><tr><td>1</td><td style=\"white-space:nowrap\">full_remission<a name=\"GenericValues-full_remission\"> </a></td><td>In full remission</td><td>In full remission / SNOMED-CT: 103338009</td></tr><tr><td>1</td><td style=\"white-space:nowrap\">partial_remission<a name=\"GenericValues-partial_remission\"> </a></td><td>In partial remission</td><td>In partial remission / SNOMED-CT: 103337004</td></tr><tr><td>1</td><td style=\"white-space:nowrap\">stable<a name=\"GenericValues-stable\"> </a></td><td>Stable</td><td>Stable / SNOMED-CT: 58158008</td></tr><tr><td>1</td><td style=\"white-space:nowrap\">uncercertain<a name=\"GenericValues-uncercertain\"> </a></td><td>Uncertain</td><td>Uncertain / SNOMED-CT: 64957009</td></tr><tr><td>1</td><td style=\"white-space:nowrap\">not_examined_for<a name=\"GenericValues-not_examined_for\"> </a></td><td>Not examined for</td><td>Not examined for / SNOMED-CT: 75134009</td></tr><tr><td>1</td><td style=\"white-space:nowrap\">progressive<a name=\"GenericValues-progressive\"> </a></td><td>Progressive</td><td>Progressive / SNOMED-CT: 255314001</td></tr><tr><td>1</td><td style=\"white-space:nowrap\">regressive<a name=\"GenericValues-regressive\"> </a></td><td>Regressive</td><td>Regressive / SNOMED-CT: 37865006</td></tr><tr><td>1</td><td style=\"white-space:nowrap\">high<a name=\"GenericValues-high\"> </a></td><td>High</td><td>High (risk, etc.)</td></tr><tr><td>1</td><td style=\"white-space:nowrap\">moderate<a name=\"GenericValues-moderate\"> </a></td><td>Moderate</td><td>Moderate (risk, etc.)</td></tr><tr><td>1</td><td style=\"white-space:nowrap\">low<a name=\"GenericValues-low\"> </a></td><td>Low</td><td>Low (risk, etc.)</td></tr><tr><td>1</td><td style=\"white-space:nowrap\">combined<a name=\"GenericValues-combined\"> </a></td><td>Combined</td><td>Combined / Kombineret / SNOMED-CT: 89780004</td></tr><tr><td>1</td><td style=\"white-space:nowrap\">medial_lateral<a name=\"GenericValues-medial_lateral\"> </a></td><td>Medial and lateral</td><td>Medial and lateral</td></tr><tr><td>1</td><td style=\"white-space:nowrap\">spared<a name=\"GenericValues-spared\"> </a></td><td>Spared</td><td>Spared / Skånet</td></tr><tr><td>1</td><td style=\"white-space:nowrap\">parted<a name=\"GenericValues-parted\"> </a></td><td>Parted</td><td>Parted / Delt</td></tr><tr><td>1</td><td style=\"white-space:nowrap\">bilateral<a name=\"GenericValues-bilateral\"> </a></td><td>Bilateral</td><td>Bilateral</td></tr><tr><td>1</td><td style=\"white-space:nowrap\">unilateral<a name=\"GenericValues-unilateral\"> </a></td><td>Unilateral</td><td>Unilateral</td></tr><tr><td>1</td><td style=\"white-space:nowrap\">central<a name=\"GenericValues-central\"> </a></td><td>Central</td><td>Central / Centralt / SNOMED-CT: 26216008</td></tr><tr><td>1</td><td style=\"white-space:nowrap\">paper_report<a name=\"GenericValues-paper_report\"> </a></td><td>Paper report</td><td>Paper report / Papir indberetning</td></tr><tr><td>1</td><td style=\"white-space:nowrap\">electronic_report<a name=\"GenericValues-electronic_report\"> </a></td><td>Electronic report</td><td>Electronic report / Elektronisk indberetning</td></tr><tr><td>1</td><td style=\"white-space:nowrap\">not_indicated<a name=\"GenericValues-not_indicated\"> </a></td><td>Not indicated</td><td>Not indicated / Ikke indiceret</td></tr><tr><td>1</td><td style=\"white-space:nowrap\">permanent<a name=\"GenericValues-permanent\"> </a></td><td>Permanent</td><td>Permanent / SNOMED-CT: 6934004</td></tr><tr><td>1</td><td style=\"white-space:nowrap\">temporary<a name=\"GenericValues-temporary\"> </a></td><td>Temporary</td><td>Temporary / Midlertidig</td></tr><tr><td>1</td><td style=\"white-space:nowrap\">single_dose<a name=\"GenericValues-single_dose\"> </a></td><td>Single dose</td><td>Single dose / Engangsdosis</td></tr><tr><td>1</td><td style=\"white-space:nowrap\">multiple_doses<a name=\"GenericValues-multiple_doses\"> </a></td><td>Multiple doses</td><td>Multiple doses / Flere doser</td></tr><tr><td>1</td><td style=\"white-space:nowrap\">conditional<a name=\"GenericValues-conditional\"> </a></td><td>Conditional</td><td>Conditional / Betinget</td></tr><tr><td>1</td><td style=\"white-space:nowrap\">death<a name=\"GenericValues-death\"> </a></td><td>Death</td><td>Death / Død</td></tr><tr><td>1</td><td style=\"white-space:nowrap\">specified<a name=\"GenericValues-specified\"> </a></td><td>Specificeret</td><td>Specificeret</td></tr><tr><td>1</td><td style=\"white-space:nowrap\">unspecified<a name=\"GenericValues-unspecified\"> </a></td><td>Uspecificeret</td><td>Uspecificeret</td></tr><tr><td>1</td><td style=\"white-space:nowrap\">intact<a name=\"GenericValues-intact\"> </a></td><td>Intact</td><td>Intact / Intakt / SNOMED-CT: 11163003</td></tr><tr><td>1</td><td style=\"white-space:nowrap\">not_reconstructable<a name=\"GenericValues-not_reconstructable\"> </a></td><td>Not reconstructable</td><td>Not reconstructable / Ikke rekonstruerbar</td></tr><tr><td>1</td><td style=\"white-space:nowrap\">not_inserted<a name=\"GenericValues-not_inserted\"> </a></td><td>Not inserted</td><td>Not inserted / Ikke indsat</td></tr><tr><td>1</td><td style=\"white-space:nowrap\">inserted<a name=\"GenericValues-inserted\"> </a></td><td>Inserted</td><td>Inserted / Indsat</td></tr><tr><td>1</td><td style=\"white-space:nowrap\">removed<a name=\"GenericValues-removed\"> </a></td><td>Removed</td><td>Removed / Fjernet</td></tr><tr><td>1</td><td style=\"white-space:nowrap\">replaced<a name=\"GenericValues-replaced\"> </a></td><td>Replaced</td><td>Replaced / Udskiftet</td></tr><tr><td>2</td><td style=\"white-space:nowrap\">\u00a0\u00a0total_replacement<a name=\"GenericValues-total_replacement\"> </a></td><td>Total replacement</td><td>Total replacement / Total udskiftning</td></tr><tr><td>2</td><td style=\"white-space:nowrap\">\u00a0\u00a0partial_replacement<a name=\"GenericValues-partial_replacement\"> </a></td><td>Partial replacement</td><td>Partial replacement / Delvis udskiftning</td></tr><tr><td>1</td><td style=\"white-space:nowrap\">not_replaced<a name=\"GenericValues-not_replaced\"> </a></td><td>Not replaced</td><td>Not replaced / Ikke udskiftet</td></tr><tr><td>1</td><td style=\"white-space:nowrap\">not_replaced_hemi<a name=\"GenericValues-not_replaced_hemi\"> </a></td><td>Ikke udskiftet, tidligere hemialloplastik</td><td>Ikke udskiftet, tidligere hemialloplastik</td></tr><tr><td>1</td><td style=\"white-space:nowrap\">heterologous<a name=\"GenericValues-heterologous\"> </a></td><td>Heterologous</td><td>Heterologous / Heterolog / SNOMED-CT: 255346001</td></tr><tr><td>1</td><td style=\"white-space:nowrap\">vancouver<a name=\"GenericValues-vancouver\"> </a></td><td>Vancouver</td><td>Vancouver</td></tr><tr><td>1</td><td style=\"white-space:nowrap\">anterior_approach<a name=\"GenericValues-anterior_approach\"> </a></td><td>Anterior approach</td><td>Anterior approach / Anterior adgang / SNOMED-CT: 83037006</td></tr><tr><td>1</td><td style=\"white-space:nowrap\">posterior_approach<a name=\"GenericValues-posterior_approach\"> </a></td><td>Posterior approach</td><td>Posterior approach / Posterior adgang / SNOMED-CT: 112238006</td></tr><tr><td>1</td><td style=\"white-space:nowrap\">lateral_approach<a name=\"GenericValues-lateral_approach\"> </a></td><td>Lateral approach</td><td>Lateral approach / Lateral adgang / SNOMED-CT: 34459009</td></tr><tr><td>1</td><td style=\"white-space:nowrap\">without<a name=\"GenericValues-without\"> </a></td><td>Without</td><td>Without / Uden / SNOMED-CT: 45169001</td></tr><tr><td>1</td><td style=\"white-space:nowrap\">with<a name=\"GenericValues-with\"> </a></td><td>With</td><td>Without / Med / SNOMED-CT: 20401003</td></tr><tr><td>1</td><td style=\"white-space:nowrap\">continuous<a name=\"GenericValues-continuous\"> </a></td><td>Continuous</td><td>Continuous / Kontinuerlig</td></tr><tr><td>1</td><td style=\"white-space:nowrap\">custom<a name=\"GenericValues-custom\"> </a></td><td>Custom</td><td>Custom made</td></tr></table></div>"},"url":"https://kip.rkkp.dk/fhir/CodeSystem/GenericValues","version":"0.1.8","name":"GenericValues","title":"Generic values","status":"active","date":"2022-07-06T00:00:00+02:00","publisher":"Sundhedsvæsnets Kvalistetsinstitut with Trifork Digital Health A/S","contact":[{"name":"Sundhedsvæsnets Kvalistetsinstitut with Trifork Digital Health A/S","telecom":[{"system":"url","value":"https://trifork.com"},{"system":"email","value":"rbk@trifork.com"}]}],"description":"Generic values for a multitude of questions. This is meant as an extension to several codesystems, where codes from below might appear.","caseSensitive":false,"content":"complete","count":64,"concept":[{"code":"other","display":"Other","definition":"Other - used to choose unspecific value not in a valueset"},{"code":"none","display":"None","definition":"None - used to choose none of the available values"},{"code":"all","display":"All","definition":"All - used to indicate all values of a question"},{"code":"various","display":"Various","definition":"Forskelligt"},{"code":"na","display":"N/A","definition":"Not available"},{"code":"not_performed","display":"Not performed","definition":"Not performed - used to indicate, if a procedure or test has not been performed"},{"code":"normal","display":"Normal","definition":"Normal"},{"code":"abnormal","display":"Abnormal","definition":"Abnormal / Unormal"},{"code":"ukn","display":"Unknown","definition":"Ukendt"},{"code":"changes","display":"Changes","definition":"Changes"},{"code":"very_good","display":"Very good","definition":"Very good"},{"code":"good","display":"Good","definition":"Good / SNOMED-CT: 20572008"},{"code":"postive","display":"Positive","definition":"Positiv"},{"code":"negative","display":"Negative","definition":"Negativ"},{"code":"intermediate","display":"Intermediate","definition":"Intermediate / SNOMED-CT: 11896004 "},{"code":"poorly","display":"Poorly","definition":"Poorly / SNOMED-CT: 556001"},{"code":"fracture","display":"Fracture","definition":"Fracture"},{"code":"full_remission","display":"In full remission","definition":"In full remission / SNOMED-CT: 103338009"},{"code":"partial_remission","display":"In partial remission","definition":"In partial remission / SNOMED-CT: 103337004"},{"code":"stable","display":"Stable","definition":"Stable / SNOMED-CT: 58158008"},{"code":"uncercertain","display":"Uncertain","definition":"Uncertain / SNOMED-CT: 64957009"},{"code":"not_examined_for","display":"Not examined for","definition":"Not examined for / SNOMED-CT: 75134009"},{"code":"progressive","display":"Progressive","definition":"Progressive / SNOMED-CT: 255314001"},{"code":"regressive","display":"Regressive","definition":"Regressive / SNOMED-CT: 37865006"},{"code":"high","display":"High","definition":"High (risk, etc.)"},{"code":"moderate","display":"Moderate","definition":"Moderate (risk, etc.)"},{"code":"low","display":"Low","definition":"Low (risk, etc.)"},{"code":"combined","display":"Combined","definition":"Combined / Kombineret / SNOMED-CT: 89780004"},{"code":"medial_lateral","display":"Medial and lateral","definition":"Medial and lateral"},{"code":"spared","display":"Spared","definition":"Spared / Skånet"},{"code":"parted","display":"Parted","definition":"Parted / Delt"},{"code":"bilateral","display":"Bilateral","definition":"Bilateral"},{"code":"unilateral","display":"Unilateral","definition":"Unilateral"},{"code":"central","display":"Central","definition":"Central / Centralt / SNOMED-CT: 26216008"},{"code":"paper_report","display":"Paper report","definition":"Paper report / Papir indberetning"},{"code":"electronic_report","display":"Electronic report","definition":"Electronic report / Elektronisk indberetning"},{"code":"not_indicated","display":"Not indicated","definition":"Not indicated / Ikke indiceret"},{"code":"permanent","display":"Permanent","definition":"Permanent / SNOMED-CT: 6934004"},{"code":"temporary","display":"Temporary","definition":"Temporary / Midlertidig"},{"code":"single_dose","display":"Single dose","definition":"Single dose / Engangsdosis"},{"code":"multiple_doses","display":"Multiple doses","definition":"Multiple doses / Flere doser"},{"code":"conditional","display":"Conditional","definition":"Conditional / Betinget"},{"code":"death","display":"Death","definition":"Death / Død"},{"code":"specified","display":"Specificeret","definition":"Specificeret"},{"code":"unspecified","display":"Uspecificeret","definition":"Uspecificeret"},{"code":"intact","display":"Intact","definition":"Intact / Intakt / SNOMED-CT: 11163003"},{"code":"not_reconstructable","display":"Not reconstructable","definition":"Not reconstructable / Ikke rekonstruerbar"},{"code":"not_inserted","display":"Not inserted","definition":"Not inserted / Ikke indsat"},{"code":"inserted","display":"Inserted","definition":"Inserted / Indsat"},{"code":"removed","display":"Removed","definition":"Removed / Fjernet"},{"code":"replaced","display":"Replaced","definition":"Replaced / Udskiftet","concept":[{"code":"total_replacement","display":"Total replacement","definition":"Total replacement / Total udskiftning"},{"code":"partial_replacement","display":"Partial replacement","definition":"Partial replacement / Delvis udskiftning"}]},{"code":"not_replaced","display":"Not replaced","definition":"Not replaced / Ikke udskiftet"},{"code":"not_replaced_hemi","display":"Ikke udskiftet, tidligere hemialloplastik","definition":"Ikke udskiftet, tidligere hemialloplastik"},{"code":"heterologous","display":"Heterologous","definition":"Heterologous / Heterolog / SNOMED-CT: 255346001"},{"code":"vancouver","display":"Vancouver","definition":"Vancouver"},{"code":"anterior_approach","display":"Anterior approach","definition":"Anterior approach / Anterior adgang / SNOMED-CT: 83037006"},{"code":"posterior_approach","display":"Posterior approach","definition":"Posterior approach / Posterior adgang / SNOMED-CT: 112238006"},{"code":"lateral_approach","display":"Lateral approach","definition":"Lateral approach / Lateral adgang / SNOMED-CT: 34459009"},{"code":"without","display":"Without","definition":"Without / Uden / SNOMED-CT: 45169001"},{"code":"with","display":"With","definition":"Without / Med / SNOMED-CT: 20401003"},{"code":"continuous","display":"Continuous","definition":"Continuous / Kontinuerlig"},{"code":"custom","display":"Custom","definition":"Custom made"}]}