{"resourceType":"CodeSystem","id":"HjertestopAarsag","text":{"status":"generated","div":"<div xmlns=\"http://www.w3.org/1999/xhtml\"><p class=\"res-header-id\"><b>Generated Narrative: CodeSystem HjertestopAarsag</b></p><a name=\"HjertestopAarsag\"> </a><a name=\"hcHjertestopAarsag\"> </a><a name=\"HjertestopAarsag-en-US\"> </a><p>This  code system <code>https://kip.sundk.dk/fhir/CodeSystem/HjertestopAarsag</code> defines the following codes:</p><table class=\"codes\"><tr><td style=\"white-space:nowrap\"><b>Code</b></td><td><b>Display</b></td><td><b>Definition</b></td></tr><tr><td style=\"white-space:nowrap\">non_kardial<a name=\"HjertestopAarsag-non_kardial\"> </a></td><td>Non-kardial</td><td>Non-kardial</td></tr><tr><td style=\"white-space:nowrap\">formodet_kardial<a name=\"HjertestopAarsag-formodet_kardial\"> </a></td><td>Formodet kardial</td><td>Formodet kardial</td></tr></table></div>"},"url":"https://kip.sundk.dk/fhir/CodeSystem/HjertestopAarsag","version":"0.0.9","name":"HjertestopAarsag","title":"Hjertestop Årsag","status":"active","date":"2022-06-29T00:00:00+02:00","publisher":"Sundhedsvæsnets Kvalistetsinstitut with Trifork Public A/S","contact":[{"name":"Sundhedsvæsnets Kvalistetsinstitut with Trifork Public A/S","telecom":[{"system":"url","value":"https://trifork.com"},{"system":"email","value":"rbk@trifork.com"}]}],"description":"Årsag til hjertestop","content":"complete","count":2,"concept":[{"code":"non_kardial","display":"Non-kardial","definition":"Non-kardial"},{"code":"formodet_kardial","display":"Formodet kardial","definition":"Formodet kardial"}]}