{"resourceType":"CodeSystem","id":"FollowUp","text":{"status":"generated","div":"<div xmlns=\"http://www.w3.org/1999/xhtml\"><p class=\"res-header-id\"><b>Generated Narrative: CodeSystem FollowUp</b></p><a name=\"FollowUp\"> </a><a name=\"hcFollowUp\"> </a><a name=\"FollowUp-en-US\"> </a><p>This case-insensitive code system <code>https://kip.rkkp.dk/fhir/CodeSystem/FollowUp</code> defines the following codes:</p><table class=\"codes\"><tr><td style=\"white-space:nowrap\"><b>Code</b></td><td><b>Display</b></td><td><b>Definition</b></td></tr><tr><td style=\"white-space:nowrap\">aar_1<a name=\"FollowUp-aar_1\"> </a></td><td>1 year</td><td>1 år</td></tr><tr><td style=\"white-space:nowrap\">aar_2<a name=\"FollowUp-aar_2\"> </a></td><td>2 year</td><td>2 år</td></tr><tr><td style=\"white-space:nowrap\">aar_3<a name=\"FollowUp-aar_3\"> </a></td><td>3 year</td><td>3 år</td></tr><tr><td style=\"white-space:nowrap\">aar_5<a name=\"FollowUp-aar_5\"> </a></td><td>5 year</td><td>5 år</td></tr><tr><td style=\"white-space:nowrap\">aar_10<a name=\"FollowUp-aar_10\"> </a></td><td>10 year</td><td>10 år</td></tr></table></div>"},"url":"https://kip.rkkp.dk/fhir/CodeSystem/FollowUp","version":"2.9.0","name":"FollowUp","title":"Opfølgning - intervaller","status":"active","date":"2023-07-03T00:00:00+02:00","publisher":"Sundhedsvæsnets Kvalistetsinstitut with Trifork Digital Health A/S","contact":[{"name":"Sundhedsvæsnets Kvalistetsinstitut with Trifork Digital Health A/S","telecom":[{"system":"url","value":"https://trifork.com"},{"system":"email","value":"rbk@trifork.com"}]}],"description":"Opfølgningsperiode, dage, uger, måneder, år","caseSensitive":false,"content":"complete","count":5,"concept":[{"code":"aar_1","display":"1 year","definition":"1 år"},{"code":"aar_2","display":"2 year","definition":"2 år"},{"code":"aar_3","display":"3 year","definition":"3 år"},{"code":"aar_5","display":"5 year","definition":"5 år"},{"code":"aar_10","display":"10 year","definition":"10 år"}]}