{"resourceType":"CodeSystem","id":"Rytme1Obs","text":{"status":"generated","div":"<div xmlns=\"http://www.w3.org/1999/xhtml\"><p class=\"res-header-id\"><b>Generated Narrative: CodeSystem Rytme1Obs</b></p><a name=\"Rytme1Obs\"> </a><a name=\"hcRytme1Obs\"> </a><a name=\"Rytme1Obs-en-US\"> </a><p>This  code system <code>https://kip.rkkp.dk/fhir/CodeSystem/Rytme1Obs</code> defines the following codes:</p><table class=\"codes\"><tr><td style=\"white-space:nowrap\"><b>Code</b></td><td><b>Display</b></td><td><b>Definition</b></td></tr><tr><td style=\"white-space:nowrap\">vf<a name=\"Rytme1Obs-vf\"> </a></td><td>VF</td><td>VF</td></tr><tr><td style=\"white-space:nowrap\">pulslos_vt<a name=\"Rytme1Obs-pulslos_vt\"> </a></td><td>Pulsløs VT</td><td>Pulsløs VT</td></tr><tr><td style=\"white-space:nowrap\">pea<a name=\"Rytme1Obs-pea\"> </a></td><td>PEA</td><td>PEA</td></tr><tr><td style=\"white-space:nowrap\">asystoli<a name=\"Rytme1Obs-asystoli\"> </a></td><td>Asystoli</td><td>Asystoli</td></tr><tr><td style=\"white-space:nowrap\">ingen_man<a name=\"Rytme1Obs-ingen_man\"> </a></td><td>Ingen manuel rytmeanalyse</td><td>Ingen manuel rytmeanalyse</td></tr><tr><td style=\"white-space:nowrap\">pulsgiv<a name=\"Rytme1Obs-pulsgiv\"> </a></td><td>Pulsgivende</td><td>Pulsgivende</td></tr></table></div>"},"url":"https://kip.rkkp.dk/fhir/CodeSystem/Rytme1Obs","version":"2.9.3","name":"Rytme1Obs","title":"Hjerterytme - første obs","status":"active","date":"2022-06-29T00:00:00+02:00","publisher":"Sundhedsvæsenets Kvalitetsinstitut with Trifork Digital Health A/S","contact":[{"name":"Sundhedsvæsenets Kvalitetsinstitut with Trifork Digital Health A/S","telecom":[{"system":"url","value":"https://trifork.com"},{"system":"email","value":"rbk@trifork.com"}]}],"description":"Første observerede hjerterytme","content":"complete","count":6,"concept":[{"code":"vf","display":"VF","definition":"VF"},{"code":"pulslos_vt","display":"Pulsløs VT","definition":"Pulsløs VT"},{"code":"pea","display":"PEA","definition":"PEA"},{"code":"asystoli","display":"Asystoli","definition":"Asystoli"},{"code":"ingen_man","display":"Ingen manuel rytmeanalyse","definition":"Ingen manuel rytmeanalyse"},{"code":"pulsgiv","display":"Pulsgivende","definition":"Pulsgivende"}]}