{"resourceType":"CodeSystem","id":"OncologyTreatmentCurative","text":{"status":"generated","div":"<div xmlns=\"http://www.w3.org/1999/xhtml\"><p class=\"res-header-id\"><b>Generated Narrative: CodeSystem OncologyTreatmentCurative</b></p><a name=\"OncologyTreatmentCurative\"> </a><a name=\"hcOncologyTreatmentCurative\"> </a><a name=\"OncologyTreatmentCurative-en-US\"> </a><p>This  code system <code>https://kip.sundk.dk/fhir/CodeSystem/OncologyTreatmentCurative</code> defines the following codes:</p><table class=\"codes\"><tr><td style=\"white-space:nowrap\"><b>Code</b></td><td><b>Display</b></td><td><b>Definition</b></td></tr><tr><td style=\"white-space:nowrap\">adjuvant<a name=\"OncologyTreatmentCurative-adjuvant\"> </a></td><td>Adjuverende behandling</td><td>Hvis Adjuverende behandling</td></tr><tr><td style=\"white-space:nowrap\">neoadjuvant<a name=\"OncologyTreatmentCurative-neoadjuvant\"> </a></td><td>Neo-adjuverende behandling</td><td>Hvis Neo-adjuverende behandling</td></tr><tr><td style=\"white-space:nowrap\">perioperative<a name=\"OncologyTreatmentCurative-perioperative\"> </a></td><td>Perioperativ behandling</td><td>Hvis Perioperativ behandling</td></tr><tr><td style=\"white-space:nowrap\">radio/chemo<a name=\"OncologyTreatmentCurative-radio.47chemo\"> </a></td><td>Definitiv kemo/radioterapi behandling</td><td>Hvis Definitiv kemo/radioterapi behandling</td></tr></table></div>"},"url":"https://kip.sundk.dk/fhir/CodeSystem/OncologyTreatmentCurative","version":"0.0.9","name":"OncologyTreatmentCurative","title":"Oncology Treatment (curative)","status":"active","date":"2022-04-28T00:00:00+02:00","publisher":"Sundhedsvæsnets Kvalistetsinstitut with Trifork Public A/S","contact":[{"name":"Sundhedsvæsnets Kvalistetsinstitut with Trifork Public A/S","telecom":[{"system":"url","value":"https://trifork.com"},{"system":"email","value":"rbk@trifork.com"}]}],"description":"Types of oncology treatments for curative treatment intention","content":"complete","count":4,"concept":[{"code":"adjuvant","display":"Adjuverende behandling","definition":"Hvis Adjuverende behandling"},{"code":"neoadjuvant","display":"Neo-adjuverende behandling","definition":"Hvis Neo-adjuverende behandling"},{"code":"perioperative","display":"Perioperativ behandling","definition":"Hvis Perioperativ behandling"},{"code":"radio/chemo","display":"Definitiv kemo/radioterapi behandling","definition":"Hvis Definitiv kemo/radioterapi behandling"}]}