{"resourceType":"CodeSystem","id":"CoronaryArteryGraph","text":{"status":"generated","div":"<div xmlns=\"http://www.w3.org/1999/xhtml\"><p class=\"res-header-id\"><b>Generated Narrative: CodeSystem CoronaryArteryGraph</b></p><a name=\"CoronaryArteryGraph\"> </a><a name=\"hcCoronaryArteryGraph\"> </a><a name=\"CoronaryArteryGraph-en-US\"> </a><p>This  code system <code>https://kip.rkkp.dk/fhir/CodeSystem/CoronaryArteryGraph</code> defines the following codes:</p><table class=\"codes\"><tr><td style=\"white-space:nowrap\"><b>Code</b></td><td><b>Display</b></td><td><b>Definition</b></td></tr><tr><td style=\"white-space:nowrap\">coronary_artery_graph_instant_KAG<a name=\"CoronaryArteryGraph-coronary_artery_graph_instant_KAG\"> </a></td><td>Instant KAG</td><td>Do a KAG Instantantly</td></tr><tr><td style=\"white-space:nowrap\">coronary_artery_graph_high_risk<a name=\"CoronaryArteryGraph-coronary_artery_graph_high_risk\"> </a></td><td>High risk KAG</td><td>Do a KAG within 24 hours</td></tr><tr><td style=\"white-space:nowrap\">coronary_artery_graph_low_risk<a name=\"CoronaryArteryGraph-coronary_artery_graph_low_risk\"> </a></td><td>Low risk KAG</td><td>Selectiv strategy</td></tr><tr><td style=\"white-space:nowrap\">coronary_artery_graph_unknown_risk<a name=\"CoronaryArteryGraph-coronary_artery_graph_unknown_risk\"> </a></td><td>No risk assesment</td><td>Assment that KAG isnt relevent</td></tr></table></div>"},"url":"https://kip.rkkp.dk/fhir/CodeSystem/CoronaryArteryGraph","version":"0.2.1","name":"CoronaryArteryGraph","title":"KAG risk assesment","status":"active","date":"2022-05-31T00:00:00+02:00","publisher":"Sundhedsvæsnets Kvalistetsinstitut with Trifork Digital Health A/S","contact":[{"name":"Sundhedsvæsnets Kvalistetsinstitut with Trifork Digital Health A/S","telecom":[{"system":"url","value":"https://trifork.com"},{"system":"email","value":"rbk@trifork.com"}]}],"description":"Should the patient get a KAG","content":"complete","count":4,"concept":[{"code":"coronary_artery_graph_instant_KAG","display":"Instant KAG","definition":"Do a KAG Instantantly"},{"code":"coronary_artery_graph_high_risk","display":"High risk KAG","definition":"Do a KAG within 24 hours"},{"code":"coronary_artery_graph_low_risk","display":"Low risk KAG","definition":"Selectiv strategy"},{"code":"coronary_artery_graph_unknown_risk","display":"No risk assesment","definition":"Assment that KAG isnt relevent"}]}