{"resourceType":"CodeSystem","id":"AnasthesiaTypeGen","text":{"status":"generated","div":"<div xmlns=\"http://www.w3.org/1999/xhtml\"><p class=\"res-header-id\"><b>Generated Narrative: CodeSystem AnasthesiaTypeGen</b></p><a name=\"AnasthesiaTypeGen\"> </a><a name=\"hcAnasthesiaTypeGen\"> </a><a name=\"AnasthesiaTypeGen-en-US\"> </a><p>This  code system <code>https://kip.sundk.dk/fhir/CodeSystem/AnasthesiaTypeGen</code> defines the following codes:</p><table class=\"codes\"><tr><td style=\"white-space:nowrap\"><b>Code</b></td><td><b>Display</b></td><td><b>Definition</b></td></tr><tr><td style=\"white-space:nowrap\">inhalation<a name=\"AnasthesiaTypeGen-inhalation\"> </a></td><td>Inhalation</td><td>Inhalation</td></tr><tr><td style=\"white-space:nowrap\">IV_inhalation<a name=\"AnasthesiaTypeGen-IV_inhalation\"> </a></td><td>IV og inhalation</td><td>IV og inhalation</td></tr><tr><td style=\"white-space:nowrap\">TIVA<a name=\"AnasthesiaTypeGen-TIVA\"> </a></td><td>TIVA</td><td>TIVA</td></tr></table></div>"},"url":"https://kip.sundk.dk/fhir/CodeSystem/AnasthesiaTypeGen","version":"0.0.9","name":"AnasthesiaTypeGen","title":"Anæstesi Type Generel","status":"active","date":"2022-06-30T00:00:00+02:00","publisher":"Sundhedsvæsnets Kvalistetsinstitut with Trifork Public A/S","contact":[{"name":"Sundhedsvæsnets Kvalistetsinstitut with Trifork Public A/S","telecom":[{"system":"url","value":"https://trifork.com"},{"system":"email","value":"rbk@trifork.com"}]}],"description":"Generel Anæstesiydelse - Tillæg","content":"complete","count":3,"concept":[{"code":"inhalation","display":"Inhalation","definition":"Inhalation"},{"code":"IV_inhalation","display":"IV og inhalation","definition":"IV og inhalation"},{"code":"TIVA","display":"TIVA","definition":"TIVA"}]}