{"resourceType":"CodeSystem","id":"Sygdomsomraader","text":{"status":"generated","div":"<div xmlns=\"http://www.w3.org/1999/xhtml\"><p class=\"res-header-id\"><b>Generated Narrative: CodeSystem Sygdomsomraader</b></p><a name=\"Sygdomsomraader\"> </a><a name=\"hcSygdomsomraader\"> </a><a name=\"Sygdomsomraader-en-US\"> </a><p>This  code system <code>https://kip.rkkp.dk/fhir/CodeSystem/Sygdomsomraader</code> defines the following codes:</p><table class=\"codes\"><tr><td style=\"white-space:nowrap\"><b>Code</b></td><td><b>Display</b></td><td><b>Definition</b></td></tr><tr><td style=\"white-space:nowrap\">ald<a name=\"Sygdomsomraader-ald\"> </a></td><td>ALD</td><td>Dansk Akut Leukæmi Database</td></tr><tr><td style=\"white-space:nowrap\">cll<a name=\"Sygdomsomraader-cll\"> </a></td><td>CLL</td><td>Dansk Kronisk Lymfatisk Leukæmi Database</td></tr><tr><td style=\"white-space:nowrap\">dad<a name=\"Sygdomsomraader-dad\"> </a></td><td>DAD</td><td>Dansk Anæstesi Database</td></tr><tr><td style=\"white-space:nowrap\">damyda<a name=\"Sygdomsomraader-damyda\"> </a></td><td>DAMYDA</td><td>Dansk Myelomatose Database</td></tr><tr><td style=\"white-space:nowrap\">danaks<a name=\"Sygdomsomraader-danaks\"> </a></td><td>DANAKS</td><td>Dansk Register for Akut Koronart Syndrom</td></tr><tr><td style=\"white-space:nowrap\">danarrest<a name=\"Sygdomsomraader-danarrest\"> </a></td><td>DANARREST </td><td>DANARREST - Registrering af hjertestop på hospital</td></tr><tr><td style=\"white-space:nowrap\">dandem<a name=\"Sygdomsomraader-dandem\"> </a></td><td>DANDEM</td><td>Dansk Klinisk Kvalitetsdatabase for Demens</td></tr><tr><td style=\"white-space:nowrap\">danstroke<a name=\"Sygdomsomraader-danstroke\"> </a></td><td>DANSTROKE</td><td>Dansk Stroke Register</td></tr><tr><td style=\"white-space:nowrap\">dccg<a name=\"Sygdomsomraader-dccg\"> </a></td><td>DCCG</td><td>Dansk Kolorektal Cancer Database</td></tr><tr><td style=\"white-space:nowrap\">degc<a name=\"Sygdomsomraader-degc\"> </a></td><td>DEGC</td><td>Dansk EsophagoGastrisk Cancer Gruppe database</td></tr><tr><td style=\"white-space:nowrap\">dhd<a name=\"Sygdomsomraader-dhd\"> </a></td><td>DHD</td><td>Dansk Hjertesvigts Database</td></tr><tr><td style=\"white-space:nowrap\">dhdb<a name=\"Sygdomsomraader-dhdb\"> </a></td><td>DHDB</td><td>Dansk Hernie Database</td></tr><tr><td style=\"white-space:nowrap\">dhr<a name=\"Sygdomsomraader-dhr\"> </a></td><td>DHR</td><td>Dansk Hoftealloplastik Register</td></tr><tr><td style=\"white-space:nowrap\">dkr<a name=\"Sygdomsomraader-dkr\"> </a></td><td>DKR</td><td>Dansk Knæalloplastik Register</td></tr><tr><td style=\"white-space:nowrap\">dkrr<a name=\"Sygdomsomraader-dkrr\"> </a></td><td>DKRR</td><td>Dansk Korsbåndsregister</td></tr><tr><td style=\"white-space:nowrap\">dmpn<a name=\"Sygdomsomraader-dmpn\"> </a></td><td>DMPN</td><td>Dansk Database for Kroniske Myeloproliferative Neoplasier</td></tr><tr><td style=\"white-space:nowrap\">dnsl<a name=\"Sygdomsomraader-dnsl\"> </a></td><td>DNSL</td><td>Dansk Nefrologisk Selskabs Landsregister</td></tr><tr><td style=\"white-space:nowrap\">dpd<a name=\"Sygdomsomraader-dpd\"> </a></td><td>DPD</td><td>Dansk Palliativ Database</td></tr><tr><td style=\"white-space:nowrap\">dsr<a name=\"Sygdomsomraader-dsr\"> </a></td><td>DSR</td><td>Dansk Skulderalloplastik Register</td></tr><tr><td style=\"white-space:nowrap\">dts<a name=\"Sygdomsomraader-dts\"> </a></td><td>DTS</td><td>Dansk Tarmkræftscreeningsdataabase</td></tr><tr><td style=\"white-space:nowrap\">duga<a name=\"Sygdomsomraader-duga\"> </a></td><td>DUGA</td><td>Dansk Urogynækologisk Database</td></tr><tr><td style=\"white-space:nowrap\">hofter<a name=\"Sygdomsomraader-hofter\"> </a></td><td>HOFTER</td><td>Dansk Tværfagligt Register for Hoftenære Lårbensbrud</td></tr><tr><td style=\"white-space:nowrap\">kar<a name=\"Sygdomsomraader-kar\"> </a></td><td>KAR</td><td>Landsregistret Karbase</td></tr><tr><td style=\"white-space:nowrap\">lyfo<a name=\"Sygdomsomraader-lyfo\"> </a></td><td>LYFO</td><td>Dansk Lymfom Database</td></tr><tr><td style=\"white-space:nowrap\">mds<a name=\"Sygdomsomraader-mds\"> </a></td><td>MDS</td><td>Myelodysplastisk Neoplasi Database</td></tr><tr><td style=\"white-space:nowrap\">retspsyk<a name=\"Sygdomsomraader-retspsyk\"> </a></td><td>RETSPSYK</td><td>Dansk Retspsykiatrisk Database</td></tr><tr><td style=\"white-space:nowrap\">hemgenix<a name=\"Sygdomsomraader-hemgenix\"> </a></td><td>HEMGENIX</td><td>Amgros – Hemgenix, effektmål til kontrakt</td></tr></table></div>"},"url":"https://kip.rkkp.dk/fhir/CodeSystem/Sygdomsomraader","version":"0.2.1","name":"Sygdomsomraader","title":"Sygdomsområder","status":"active","date":"2023-05-10T00:00:00+02:00","publisher":"Sundhedsvæsnets Kvalistetsinstitut with Trifork Digital Health A/S","contact":[{"name":"Sundhedsvæsnets Kvalistetsinstitut with Trifork Digital Health A/S","telecom":[{"system":"url","value":"https://trifork.com"},{"system":"email","value":"rbk@trifork.com"}]}],"description":"Sygdomsområder i KIP","content":"complete","count":27,"concept":[{"code":"ald","display":"ALD","definition":"Dansk Akut Leukæmi Database"},{"code":"cll","display":"CLL","definition":"Dansk Kronisk Lymfatisk Leukæmi Database"},{"code":"dad","display":"DAD","definition":"Dansk Anæstesi Database"},{"code":"damyda","display":"DAMYDA","definition":"Dansk Myelomatose Database"},{"code":"danaks","display":"DANAKS","definition":"Dansk Register for Akut Koronart Syndrom"},{"code":"danarrest","display":"DANARREST ","definition":"DANARREST - Registrering af hjertestop på hospital"},{"code":"dandem","display":"DANDEM","definition":"Dansk Klinisk Kvalitetsdatabase for Demens"},{"code":"danstroke","display":"DANSTROKE","definition":"Dansk Stroke Register"},{"code":"dccg","display":"DCCG","definition":"Dansk Kolorektal Cancer Database"},{"code":"degc","display":"DEGC","definition":"Dansk EsophagoGastrisk Cancer Gruppe database"},{"code":"dhd","display":"DHD","definition":"Dansk Hjertesvigts Database"},{"code":"dhdb","display":"DHDB","definition":"Dansk Hernie Database"},{"code":"dhr","display":"DHR","definition":"Dansk Hoftealloplastik Register"},{"code":"dkr","display":"DKR","definition":"Dansk Knæalloplastik Register"},{"code":"dkrr","display":"DKRR","definition":"Dansk Korsbåndsregister"},{"code":"dmpn","display":"DMPN","definition":"Dansk Database for Kroniske Myeloproliferative Neoplasier"},{"code":"dnsl","display":"DNSL","definition":"Dansk Nefrologisk Selskabs Landsregister"},{"code":"dpd","display":"DPD","definition":"Dansk Palliativ Database"},{"code":"dsr","display":"DSR","definition":"Dansk Skulderalloplastik Register"},{"code":"dts","display":"DTS","definition":"Dansk Tarmkræftscreeningsdataabase"},{"code":"duga","display":"DUGA","definition":"Dansk Urogynækologisk Database"},{"code":"hofter","display":"HOFTER","definition":"Dansk Tværfagligt Register for Hoftenære Lårbensbrud"},{"code":"kar","display":"KAR","definition":"Landsregistret Karbase"},{"code":"lyfo","display":"LYFO","definition":"Dansk Lymfom Database"},{"code":"mds","display":"MDS","definition":"Myelodysplastisk Neoplasi Database"},{"code":"retspsyk","display":"RETSPSYK","definition":"Dansk Retspsykiatrisk Database"},{"code":"hemgenix","display":"HEMGENIX","definition":"Amgros – Hemgenix, effektmål til kontrakt"}]}