{"resourceType":"CodeSystem","id":"OperationType","text":{"status":"generated","div":"<div xmlns=\"http://www.w3.org/1999/xhtml\"><p class=\"res-header-id\"><b>Generated Narrative: CodeSystem OperationType</b></p><a name=\"OperationType\"> </a><a name=\"hcOperationType\"> </a><a name=\"OperationType-en-US\"> </a><p>This case-insensitive code system <code>https://kip.rkkp.dk/fhir/CodeSystem/OperationType</code> defines the following codes:</p><table class=\"codes\"><tr><td style=\"white-space:nowrap\"><b>Code</b></td><td><b>Display</b></td><td><b>Definition</b></td></tr><tr><td style=\"white-space:nowrap\">extirpation<a name=\"OperationType-extirpation\"> </a></td><td>Extirpation</td><td>Extirpation / Ekstirpation / SNOMED-CT: 360020006</td></tr><tr><td style=\"white-space:nowrap\">primary<a name=\"OperationType-primary\"> </a></td><td>Primary</td><td>Primary</td></tr><tr><td style=\"white-space:nowrap\">secondary<a name=\"OperationType-secondary\"> </a></td><td>Secondary</td><td>Secondary</td></tr><tr><td style=\"white-space:nowrap\">revision<a name=\"OperationType-revision\"> </a></td><td>Revision</td><td>Revision</td></tr><tr><td style=\"white-space:nowrap\">first_time<a name=\"OperationType-first_time\"> </a></td><td>First time</td><td>First time / Første gang</td></tr><tr><td style=\"white-space:nowrap\">recurrent<a name=\"OperationType-recurrent\"> </a></td><td>Recurrent</td><td>Recurrent / Recidiv</td></tr></table></div>"},"url":"https://kip.rkkp.dk/fhir/CodeSystem/OperationType","version":"0.2.1","name":"OperationType","title":"Operation type","status":"active","date":"2022-07-04T00:00:00+02:00","publisher":"Sundhedsvæsnets Kvalistetsinstitut with Trifork Digital Health A/S","contact":[{"name":"Sundhedsvæsnets Kvalistetsinstitut with Trifork Digital Health A/S","telecom":[{"system":"url","value":"https://trifork.com"},{"system":"email","value":"rbk@trifork.com"}]}],"description":"Operation type (primary, revision, extirpation)","caseSensitive":false,"content":"complete","count":6,"concept":[{"code":"extirpation","display":"Extirpation","definition":"Extirpation / Ekstirpation / SNOMED-CT: 360020006"},{"code":"primary","display":"Primary","definition":"Primary"},{"code":"secondary","display":"Secondary","definition":"Secondary"},{"code":"revision","display":"Revision","definition":"Revision"},{"code":"first_time","display":"First time","definition":"First time / Første gang"},{"code":"recurrent","display":"Recurrent","definition":"Recurrent / Recidiv"}]}