{"resourceType":"CodeSystem","id":"AssistDevices","text":{"status":"generated","div":"<div xmlns=\"http://www.w3.org/1999/xhtml\"><p class=\"res-header-id\"><b>Generated Narrative: CodeSystem AssistDevices</b></p><a name=\"AssistDevices\"> </a><a name=\"hcAssistDevices\"> </a><a name=\"AssistDevices-en-US\"> </a><p>This  code system <code>https://kip.rkkp.dk/fhir/CodeSystem/AssistDevices</code> defines the following codes:</p><table class=\"codes\"><tr><td style=\"white-space:nowrap\"><b>Code</b></td><td><b>Display</b></td><td><b>Definition</b></td></tr><tr><td style=\"white-space:nowrap\">balloon<a name=\"AssistDevices-balloon\"> </a></td><td>Balloon</td><td>Intra-aortic balloon</td></tr><tr><td style=\"white-space:nowrap\">stent<a name=\"AssistDevices-stent\"> </a></td><td>Stent</td><td>Stent</td></tr></table></div>"},"url":"https://kip.rkkp.dk/fhir/CodeSystem/AssistDevices","version":"2.9.1","name":"AssistDevices","title":"Assist devices","status":"active","date":"2022-06-29T00:00:00+02:00","publisher":"Sundhedsvæsnets Kvalistetsinstitut with Trifork Digital Health A/S","contact":[{"name":"Sundhedsvæsnets Kvalistetsinstitut with Trifork Digital Health A/S","telecom":[{"system":"url","value":"https://trifork.com"},{"system":"email","value":"rbk@trifork.com"}]}],"description":"Assist devices","content":"complete","count":2,"concept":[{"code":"balloon","display":"Balloon","definition":"Intra-aortic balloon"},{"code":"stent","display":"Stent","definition":"Stent"}]}