{"resourceType":"CodeSystem","id":"CognitiveTest","text":{"status":"generated","div":"<div xmlns=\"http://www.w3.org/1999/xhtml\"><p class=\"res-header-id\"><b>Generated Narrative: CodeSystem CognitiveTest</b></p><a name=\"CognitiveTest\"> </a><a name=\"hcCognitiveTest\"> </a><a name=\"CognitiveTest-en-US\"> </a><p>This case-insensitive code system <code>https://kip.rkkp.dk/fhir/CodeSystem/CognitiveTest</code> defines the following codes:</p><table class=\"codes\"><tr><td style=\"white-space:nowrap\"><b>Code</b></td><td><b>Display</b></td><td><b>Definition</b></td></tr><tr><td style=\"white-space:nowrap\">mmse<a name=\"CognitiveTest-mmse\"> </a></td><td>MMSE</td><td>MMSE</td></tr><tr><td style=\"white-space:nowrap\">ace<a name=\"CognitiveTest-ace\"> </a></td><td>ACE</td><td>ACE</td></tr><tr><td style=\"white-space:nowrap\">basic<a name=\"CognitiveTest-basic\"> </a></td><td>BASIC</td><td>BASIC</td></tr><tr><td style=\"white-space:nowrap\">camcog<a name=\"CognitiveTest-camcog\"> </a></td><td>CAMcog</td><td>CAMcog</td></tr><tr><td style=\"white-space:nowrap\">moca<a name=\"CognitiveTest-moca\"> </a></td><td>MoCa</td><td>MoCa</td></tr><tr><td style=\"white-space:nowrap\">rudas<a name=\"CognitiveTest-rudas\"> </a></td><td>RUDAS</td><td>RUDAS</td></tr><tr><td style=\"white-space:nowrap\">trinvold/dsqiid<a name=\"CognitiveTest-trinvold.47dsqiid\"> </a></td><td>Trinvold/DSQIID</td><td>Trinvold/DSQIID</td></tr></table></div>"},"url":"https://kip.rkkp.dk/fhir/CodeSystem/CognitiveTest","version":"0.1.6","name":"CognitiveTest","title":"Cognitive test","status":"active","date":"2022-07-19T00:00:00+02:00","publisher":"Sundhedsvæsnets Kvalistetsinstitut with Trifork Digital Health A/S","contact":[{"name":"Sundhedsvæsnets Kvalistetsinstitut with Trifork Digital Health A/S","telecom":[{"system":"url","value":"https://trifork.com"},{"system":"email","value":"rbk@trifork.com"}]}],"description":"Cognitive test","caseSensitive":false,"content":"complete","count":7,"concept":[{"code":"mmse","display":"MMSE","definition":"MMSE"},{"code":"ace","display":"ACE","definition":"ACE"},{"code":"basic","display":"BASIC","definition":"BASIC"},{"code":"camcog","display":"CAMcog","definition":"CAMcog"},{"code":"moca","display":"MoCa","definition":"MoCa"},{"code":"rudas","display":"RUDAS","definition":"RUDAS"},{"code":"trinvold/dsqiid","display":"Trinvold/DSQIID","definition":"Trinvold/DSQIID"}]}