{"resourceType":"CodeSystem","id":"MedicalFixationClosing","text":{"status":"generated","div":"<div xmlns=\"http://www.w3.org/1999/xhtml\"><p class=\"res-header-id\"><b>Generated Narrative: CodeSystem MedicalFixationClosing</b></p><a name=\"MedicalFixationClosing\"> </a><a name=\"hcMedicalFixationClosing\"> </a><a name=\"MedicalFixationClosing-en-US\"> </a><p>This case-insensitive code system <code>https://kip.sundk.dk/fhir/CodeSystem/MedicalFixationClosing</code> provides <b>a fragment</b> that includes following codes in an undefined hierarchy:</p><table class=\"codes\"><tr><td><b>Lvl</b></td><td style=\"white-space:nowrap\"><b>Code</b></td><td><b>Display</b></td><td><b>Definition</b></td></tr><tr><td>1</td><td style=\"white-space:nowrap\">suture<a name=\"MedicalFixationClosing-suture\"> </a></td><td>Suture</td><td>Suture / Sutur / SNODMED-CT: 408099007</td></tr><tr><td>2</td><td style=\"white-space:nowrap\">\u00a0\u00a0not_self_locking<a name=\"MedicalFixationClosing-not_self_locking\"> </a></td><td>Not self-locking</td><td>Not self-locking / Ikke selvlåsende</td></tr><tr><td>2</td><td style=\"white-space:nowrap\">\u00a0\u00a0self_locking<a name=\"MedicalFixationClosing-self_locking\"> </a></td><td>Self-locking</td><td>Self-locking / Selvlåsende</td></tr><tr><td>3</td><td style=\"white-space:nowrap\">\u00a0\u00a0\u00a0\u00a0v_loc<a name=\"MedicalFixationClosing-v_loc\"> </a></td><td>Self-locking (V-LOC)</td><td>Self-locking (V-LOC) / Selflåsende (V-LOC)</td></tr><tr><td>3</td><td style=\"white-space:nowrap\">\u00a0\u00a0\u00a0\u00a0stratafix<a name=\"MedicalFixationClosing-stratafix\"> </a></td><td>Self-locking (Stratafix)</td><td>Self-locking (Stratafix) / Selflåsende (Stratafix)</td></tr><tr><td>2</td><td style=\"white-space:nowrap\">\u00a0\u00a0multifilament<a name=\"MedicalFixationClosing-multifilament\"> </a></td><td>Multifilament</td><td>Multifilament</td></tr><tr><td>3</td><td style=\"white-space:nowrap\">\u00a0\u00a0\u00a0\u00a0ethibond<a name=\"MedicalFixationClosing-ethibond\"> </a></td><td>Ethibond</td><td>Ethibond</td></tr><tr><td>3</td><td style=\"white-space:nowrap\">\u00a0\u00a0\u00a0\u00a0mersilene<a name=\"MedicalFixationClosing-mersilene\"> </a></td><td>Mersilene</td><td>Mersilene</td></tr><tr><td>3</td><td style=\"white-space:nowrap\">\u00a0\u00a0\u00a0\u00a0vicryl<a name=\"MedicalFixationClosing-vicryl\"> </a></td><td>Vicryl</td><td>Vicryl</td></tr><tr><td>2</td><td style=\"white-space:nowrap\">\u00a0\u00a0monofilament<a name=\"MedicalFixationClosing-monofilament\"> </a></td><td>Monofilament</td><td>Monofilament</td></tr><tr><td>3</td><td style=\"white-space:nowrap\">\u00a0\u00a0\u00a0\u00a0pds<a name=\"MedicalFixationClosing-pds\"> </a></td><td>PDS</td><td>PDS</td></tr><tr><td>3</td><td style=\"white-space:nowrap\">\u00a0\u00a0\u00a0\u00a0dexon<a name=\"MedicalFixationClosing-dexon\"> </a></td><td>Dexon</td><td>Dexon</td></tr><tr><td>3</td><td style=\"white-space:nowrap\">\u00a0\u00a0\u00a0\u00a0maxon<a name=\"MedicalFixationClosing-maxon\"> </a></td><td>Maxon</td><td>Maxon</td></tr><tr><td>3</td><td style=\"white-space:nowrap\">\u00a0\u00a0\u00a0\u00a0monocryl<a name=\"MedicalFixationClosing-monocryl\"> </a></td><td>Monocryl</td><td>Monocryl</td></tr><tr><td>3</td><td style=\"white-space:nowrap\">\u00a0\u00a0\u00a0\u00a0monoplus<a name=\"MedicalFixationClosing-monoplus\"> </a></td><td>MonoPlus</td><td>MonoPlus</td></tr><tr><td>3</td><td style=\"white-space:nowrap\">\u00a0\u00a0\u00a0\u00a0momomax<a name=\"MedicalFixationClosing-momomax\"> </a></td><td>MonoMax</td><td>MonoMax</td></tr><tr><td>3</td><td style=\"white-space:nowrap\">\u00a0\u00a0\u00a0\u00a0nylon<a name=\"MedicalFixationClosing-nylon\"> </a></td><td>Nylon</td><td>Nylon</td></tr><tr><td>3</td><td style=\"white-space:nowrap\">\u00a0\u00a0\u00a0\u00a0prolene<a name=\"MedicalFixationClosing-prolene\"> </a></td><td>Prolene</td><td>Prolene</td></tr><tr><td>2</td><td style=\"white-space:nowrap\">\u00a0\u00a0fast_resorbable<a name=\"MedicalFixationClosing-fast_resorbable\"> </a></td><td>Fast resorbable</td><td>Fast resorbable / Hurtig resorberbar</td></tr><tr><td>2</td><td style=\"white-space:nowrap\">\u00a0\u00a0slow_resorbable<a name=\"MedicalFixationClosing-slow_resorbable\"> </a></td><td>Slow resorbable</td><td>Slow resorbable / Langsom resorberbar</td></tr><tr><td>2</td><td style=\"white-space:nowrap\">\u00a0\u00a0non_resorbable<a name=\"MedicalFixationClosing-non_resorbable\"> </a></td><td>Non resorbable</td><td>Non resorbable / Non-resorberbar</td></tr><tr><td>2</td><td style=\"white-space:nowrap\">\u00a0\u00a0intracutaneous<a name=\"MedicalFixationClosing-intracutaneous\"> </a></td><td>Intracutaneous</td><td>Intracutaneous / Intrakutan</td></tr><tr><td>2</td><td style=\"white-space:nowrap\">\u00a0\u00a0not_intracutaneous<a name=\"MedicalFixationClosing-not_intracutaneous\"> </a></td><td>Not intracutaneous</td><td>Not intracutaneous / Ikke intrakutan</td></tr><tr><td>1</td><td style=\"white-space:nowrap\">tack<a name=\"MedicalFixationClosing-tack\"> </a></td><td>Tack</td><td>Tack / SNOMED-CT: 705723004</td></tr><tr><td>2</td><td style=\"white-space:nowrap\">\u00a0\u00a0absorbable<a name=\"MedicalFixationClosing-absorbable\"> </a></td><td>Absorbable</td><td>Absorbable / Absorberbar</td></tr><tr><td>3</td><td style=\"white-space:nowrap\">\u00a0\u00a0\u00a0\u00a0absorbatack<a name=\"MedicalFixationClosing-absorbatack\"> </a></td><td>Absorbatack</td><td>Absorbatack</td></tr><tr><td>3</td><td style=\"white-space:nowrap\">\u00a0\u00a0\u00a0\u00a0optifix<a name=\"MedicalFixationClosing-optifix\"> </a></td><td>Optifix</td><td>Optifix</td></tr><tr><td>3</td><td style=\"white-space:nowrap\">\u00a0\u00a0\u00a0\u00a0reliatack<a name=\"MedicalFixationClosing-reliatack\"> </a></td><td>Reliatack</td><td>Reliatack</td></tr><tr><td>3</td><td style=\"white-space:nowrap\">\u00a0\u00a0\u00a0\u00a0securestrap<a name=\"MedicalFixationClosing-securestrap\"> </a></td><td>Securestrap</td><td>Securestrap</td></tr><tr><td>2</td><td style=\"white-space:nowrap\">\u00a0\u00a0non_absorbable<a name=\"MedicalFixationClosing-non_absorbable\"> </a></td><td>Non-absorbable</td><td>Non-absorbable / Non-absorberbar</td></tr><tr><td>3</td><td style=\"white-space:nowrap\">\u00a0\u00a0\u00a0\u00a0capsure<a name=\"MedicalFixationClosing-capsure\"> </a></td><td>Capsure</td><td>Capsure</td></tr><tr><td>3</td><td style=\"white-space:nowrap\">\u00a0\u00a0\u00a0\u00a0protack<a name=\"MedicalFixationClosing-protack\"> </a></td><td>Protack</td><td>Protack</td></tr><tr><td>1</td><td style=\"white-space:nowrap\">clip<a name=\"MedicalFixationClosing-clip\"> </a></td><td>Clip</td><td>Clip / Clip / SNOMED-CT: 77720000</td></tr><tr><td>1</td><td style=\"white-space:nowrap\">surgical_glue<a name=\"MedicalFixationClosing-surgical_glue\"> </a></td><td>Surgical glue</td><td>Surgical glue / Kirurgisk lim / SNOMED-CT: 303532007</td></tr><tr><td>2</td><td style=\"white-space:nowrap\">\u00a0\u00a0histoacryl<a name=\"MedicalFixationClosing-histoacryl\"> </a></td><td>Histoacryl</td><td>Histoacryl</td></tr><tr><td>2</td><td style=\"white-space:nowrap\">\u00a0\u00a0tisseel<a name=\"MedicalFixationClosing-tisseel\"> </a></td><td>Tisseel</td><td>Tisseel</td></tr><tr><td>1</td><td style=\"white-space:nowrap\">self_fixative_mesh<a name=\"MedicalFixationClosing-self_fixative_mesh\"> </a></td><td>Self-fixative mesh</td><td>Self-fixative mesh / Selvfikserende mesh</td></tr><tr><td>1</td><td style=\"white-space:nowrap\">surgical_staple<a name=\"MedicalFixationClosing-surgical_staple\"> </a></td><td>Surgical staple</td><td>Surgical staple / Kirurgisk hæfteklamme / SNOMED-CT: 386014009</td></tr><tr><td>1</td><td style=\"white-space:nowrap\">combi_fixation<a name=\"MedicalFixationClosing-combi_fixation\"> </a></td><td>Combined fixation methods</td><td>Kombinerede fiksationer</td></tr><tr><td>2</td><td style=\"white-space:nowrap\">\u00a0\u00a0tack_sutur<a name=\"MedicalFixationClosing-tack_sutur\"> </a></td><td>Tack + suture</td><td>Tack + sutur</td></tr><tr><td>2</td><td style=\"white-space:nowrap\">\u00a0\u00a0glue_sutur<a name=\"MedicalFixationClosing-glue_sutur\"> </a></td><td>Glue + suture</td><td>Lim + sutur</td></tr><tr><td>2</td><td style=\"white-space:nowrap\">\u00a0\u00a0glue_tack_clip<a name=\"MedicalFixationClosing-glue_tack_clip\"> </a></td><td>Glue + tack/clip</td><td>Lim + Tack/clips</td></tr></table></div>"},"url":"https://kip.sundk.dk/fhir/CodeSystem/MedicalFixationClosing","version":"0.0.9","name":"MedicalFixationClosing","title":"Medical fixation and closing","status":"active","date":"2022-07-20T00:00:00+02:00","publisher":"Sundhedsvæsnets Kvalistetsinstitut with Trifork Public A/S","contact":[{"name":"Sundhedsvæsnets Kvalistetsinstitut with Trifork Public A/S","telecom":[{"system":"url","value":"https://trifork.com"},{"system":"email","value":"rbk@trifork.com"}]}],"description":"Medical fixation and closing","caseSensitive":false,"content":"fragment","concept":[{"code":"suture","display":"Suture","definition":"Suture / Sutur / SNODMED-CT: 408099007","concept":[{"code":"not_self_locking","display":"Not self-locking","definition":"Not self-locking / Ikke selvlåsende"},{"code":"self_locking","display":"Self-locking","definition":"Self-locking / Selvlåsende","concept":[{"code":"v_loc","display":"Self-locking (V-LOC)","definition":"Self-locking (V-LOC) / Selflåsende (V-LOC)"},{"code":"stratafix","display":"Self-locking (Stratafix)","definition":"Self-locking (Stratafix) / Selflåsende (Stratafix)"}]},{"code":"multifilament","display":"Multifilament","definition":"Multifilament","concept":[{"code":"ethibond","display":"Ethibond","definition":"Ethibond"},{"code":"mersilene","display":"Mersilene","definition":"Mersilene"},{"code":"vicryl","display":"Vicryl","definition":"Vicryl"}]},{"code":"monofilament","display":"Monofilament","definition":"Monofilament","concept":[{"code":"pds","display":"PDS","definition":"PDS"},{"code":"dexon","display":"Dexon","definition":"Dexon"},{"code":"maxon","display":"Maxon","definition":"Maxon"},{"code":"monocryl","display":"Monocryl","definition":"Monocryl"},{"code":"monoplus","display":"MonoPlus","definition":"MonoPlus"},{"code":"momomax","display":"MonoMax","definition":"MonoMax"},{"code":"nylon","display":"Nylon","definition":"Nylon"},{"code":"prolene","display":"Prolene","definition":"Prolene"}]},{"code":"fast_resorbable","display":"Fast resorbable","definition":"Fast resorbable / Hurtig resorberbar"},{"code":"slow_resorbable","display":"Slow resorbable","definition":"Slow resorbable / Langsom resorberbar"},{"code":"non_resorbable","display":"Non resorbable","definition":"Non resorbable / Non-resorberbar"},{"code":"intracutaneous","display":"Intracutaneous","definition":"Intracutaneous / Intrakutan"},{"code":"not_intracutaneous","display":"Not intracutaneous","definition":"Not intracutaneous / Ikke intrakutan"}]},{"code":"tack","display":"Tack","definition":"Tack / SNOMED-CT: 705723004","concept":[{"code":"absorbable","display":"Absorbable","definition":"Absorbable / Absorberbar","concept":[{"code":"absorbatack","display":"Absorbatack","definition":"Absorbatack"},{"code":"optifix","display":"Optifix","definition":"Optifix"},{"code":"reliatack","display":"Reliatack","definition":"Reliatack"},{"code":"securestrap","display":"Securestrap","definition":"Securestrap"}]},{"code":"non_absorbable","display":"Non-absorbable","definition":"Non-absorbable / Non-absorberbar","concept":[{"code":"capsure","display":"Capsure","definition":"Capsure"},{"code":"protack","display":"Protack","definition":"Protack"}]}]},{"code":"clip","display":"Clip","definition":"Clip / Clip / SNOMED-CT: 77720000"},{"code":"surgical_glue","display":"Surgical glue","definition":"Surgical glue / Kirurgisk lim / SNOMED-CT: 303532007","concept":[{"code":"histoacryl","display":"Histoacryl","definition":"Histoacryl"},{"code":"tisseel","display":"Tisseel","definition":"Tisseel"}]},{"code":"self_fixative_mesh","display":"Self-fixative mesh","definition":"Self-fixative mesh / Selvfikserende mesh"},{"code":"surgical_staple","display":"Surgical staple","definition":"Surgical staple / Kirurgisk hæfteklamme / SNOMED-CT: 386014009"},{"code":"combi_fixation","display":"Combined fixation methods","definition":"Kombinerede fiksationer","concept":[{"code":"tack_sutur","display":"Tack + suture","definition":"Tack + sutur"},{"code":"glue_sutur","display":"Glue + suture","definition":"Lim + sutur"},{"code":"glue_tack_clip","display":"Glue + tack/clip","definition":"Lim + Tack/clips"}]}]}