{"resourceType":"CodeSystem","id":"Onkologibehandling","text":{"status":"generated","div":"<div xmlns=\"http://www.w3.org/1999/xhtml\"><p class=\"res-header-id\"><b>Generated Narrative: CodeSystem Onkologibehandling</b></p><a name=\"Onkologibehandling\"> </a><a name=\"hcOnkologibehandling\"> </a><a name=\"Onkologibehandling-en-US\"> </a><p>This  code system <code>https://kip.rkkp.dk/fhir/CodeSystem/Onkologibehandling</code> defines the following codes:</p><table class=\"codes\"><tr><td style=\"white-space:nowrap\"><b>Code</b></td><td><b>Display</b></td><td><b>Definition</b></td></tr><tr><td style=\"white-space:nowrap\">kurativ<a name=\"Onkologibehandling-kurativ\"> </a></td><td>Kurativ</td><td>Kurativ behandling</td></tr><tr><td style=\"white-space:nowrap\">palliativ<a name=\"Onkologibehandling-palliativ\"> </a></td><td>Palliativ</td><td>Palliativ behandling</td></tr><tr><td style=\"white-space:nowrap\">ingen<a name=\"Onkologibehandling-ingen\"> </a></td><td>Ingen</td><td>Ingen behandling</td></tr></table></div>"},"url":"https://kip.rkkp.dk/fhir/CodeSystem/Onkologibehandling","version":"2.9.3","name":"Onkologibehandling","title":"Onkologibehandlinger","status":"active","date":"2022-04-28T00:00:00+02:00","publisher":"Sundhedsvæsenets Kvalitetsinstitut with Trifork Digital Health A/S","contact":[{"name":"Sundhedsvæsenets Kvalitetsinstitut with Trifork Digital Health A/S","telecom":[{"system":"url","value":"https://trifork.com"},{"system":"email","value":"rbk@trifork.com"}]}],"description":"Typer af onkologibehandlinger","content":"complete","count":3,"concept":[{"code":"kurativ","display":"Kurativ","definition":"Kurativ behandling"},{"code":"palliativ","display":"Palliativ","definition":"Palliativ behandling"},{"code":"ingen","display":"Ingen","definition":"Ingen behandling"}]}