{"resourceType":"CodeSystem","id":"KorsbaandEjBevaret","text":{"status":"generated","div":"<div xmlns=\"http://www.w3.org/1999/xhtml\"><p class=\"res-header-id\"><b>Generated Narrative: CodeSystem KorsbaandEjBevaret</b></p><a name=\"KorsbaandEjBevaret\"> </a><a name=\"hcKorsbaandEjBevaret\"> </a><a name=\"KorsbaandEjBevaret-en-US\"> </a><p>This  code system <code>https://kip.rkkp.dk/fhir/CodeSystem/KorsbaandEjBevaret</code> defines the following codes:</p><table class=\"codes\"><tr><td style=\"white-space:nowrap\"><b>Code</b></td><td><b>Display</b></td><td><b>Definition</b></td></tr><tr><td style=\"white-space:nowrap\">ofret<a name=\"KorsbaandEjBevaret-ofret\"> </a></td><td>Ofret ved kirurgi</td><td>Ofret ved kirurgi</td></tr><tr><td style=\"white-space:nowrap\">fravaerende<a name=\"KorsbaandEjBevaret-fravaerende\"> </a></td><td>Fraværende</td><td>Fraværende</td></tr><tr><td style=\"white-space:nowrap\">beskadiget<a name=\"KorsbaandEjBevaret-beskadiget\"> </a></td><td>Beskadiget</td><td>Beskadiget</td></tr></table></div>"},"url":"https://kip.rkkp.dk/fhir/CodeSystem/KorsbaandEjBevaret","version":"0.1.8","name":"KorsbaandEjBevaret","title":"Korsbånd ikke bevaret","status":"active","date":"2023-12-18T00:00:00+02:00","publisher":"Sundhedsvæsnets Kvalistetsinstitut with Trifork Digital Health A/S","contact":[{"name":"Sundhedsvæsnets Kvalistetsinstitut with Trifork Digital Health A/S","telecom":[{"system":"url","value":"https://trifork.com"},{"system":"email","value":"rbk@trifork.com"}]}],"description":"Korsbånd ikke bevaret efter operation","content":"complete","count":3,"concept":[{"code":"ofret","display":"Ofret ved kirurgi","definition":"Ofret ved kirurgi"},{"code":"fravaerende","display":"Fraværende","definition":"Fraværende"},{"code":"beskadiget","display":"Beskadiget","definition":"Beskadiget"}]}