{"resourceType":"CodeSystem","id":"PreoperativTemplating","text":{"status":"generated","div":"<div xmlns=\"http://www.w3.org/1999/xhtml\"><p class=\"res-header-id\"><b>Generated Narrative: CodeSystem PreoperativTemplating</b></p><a name=\"PreoperativTemplating\"> </a><a name=\"hcPreoperativTemplating\"> </a><a name=\"PreoperativTemplating-en-US\"> </a><p>This case-insensitive code system <code>https://kip.rkkp.dk/fhir/CodeSystem/PreoperativTemplating</code> defines the following codes:</p><table class=\"codes\"><tr><td style=\"white-space:nowrap\"><b>Code</b></td><td><b>Display</b></td><td><b>Definition</b></td></tr><tr><td style=\"white-space:nowrap\">analog<a name=\"PreoperativTemplating-analog\"> </a></td><td>Analog templating</td><td>Analog templating</td></tr><tr><td style=\"white-space:nowrap\">digital_both<a name=\"PreoperativTemplating-digital_both\"> </a></td><td>Digital templating af begge komponenter</td><td>Digital templating af begge komponenter</td></tr><tr><td style=\"white-space:nowrap\">digital_single<a name=\"PreoperativTemplating-digital_single\"> </a></td><td>Digital templating af en komponent</td><td>Digital templating af en komponent</td></tr></table></div>"},"url":"https://kip.rkkp.dk/fhir/CodeSystem/PreoperativTemplating","version":"0.1.6","name":"PreoperativTemplating","title":"Preoperativ templating","status":"active","date":"2024-01-03T00:00:00+02:00","publisher":"Sundhedsvæsnets Kvalistetsinstitut with Trifork Digital Health A/S","contact":[{"name":"Sundhedsvæsnets Kvalistetsinstitut with Trifork Digital Health A/S","telecom":[{"system":"url","value":"https://trifork.com"},{"system":"email","value":"rbk@trifork.com"}]}],"description":"Preoperativ templating","caseSensitive":false,"content":"complete","count":3,"concept":[{"code":"analog","display":"Analog templating","definition":"Analog templating"},{"code":"digital_both","display":"Digital templating af begge komponenter","definition":"Digital templating af begge komponenter"},{"code":"digital_single","display":"Digital templating af en komponent","definition":"Digital templating af en komponent"}]}