{"resourceType":"CodeSystem","id":"ICHAction","text":{"status":"generated","div":"<div xmlns=\"http://www.w3.org/1999/xhtml\"><p class=\"res-header-id\"><b>Generated Narrative: CodeSystem ICHAction</b></p><a name=\"ICHAction\"> </a><a name=\"hcICHAction\"> </a><a name=\"ICHAction-en-US\"> </a><p>This  code system <code>https://kip.rkkp.dk/fhir/CodeSystem/ICHAction</code> defines the following codes:</p><table class=\"codes\"><tr><td style=\"white-space:nowrap\"><b>Code</b></td><td><b>Display</b></td><td><b>Definition</b></td></tr><tr><td style=\"white-space:nowrap\">evacution<a name=\"ICHAction-evacution\"> </a></td><td>Evacuation required</td><td>Evacuation required</td></tr><tr><td style=\"white-space:nowrap\">noevacuation<a name=\"ICHAction-noevacuation\"> </a></td><td>Evacutation is not required</td><td>Evacuation is not required</td></tr></table></div>"},"url":"https://kip.rkkp.dk/fhir/CodeSystem/ICHAction","version":"2.9.1","name":"ICHAction","title":"Action upon discovery of ICH","status":"active","date":"2022-06-28T00:00:00+02:00","publisher":"Sundhedsvæsnets Kvalistetsinstitut with Trifork Digital Health A/S","contact":[{"name":"Sundhedsvæsnets Kvalistetsinstitut with Trifork Digital Health A/S","telecom":[{"system":"url","value":"https://trifork.com"},{"system":"email","value":"rbk@trifork.com"}]}],"description":"Action upon discovery of ICH (Intracerebral haematoma)","content":"complete","count":2,"concept":[{"code":"evacution","display":"Evacuation required","definition":"Evacuation required"},{"code":"noevacuation","display":"Evacutation is not required","definition":"Evacuation is not required"}]}