{"resourceType":"CodeSystem","id":"Respiration","text":{"status":"generated","div":"<div xmlns=\"http://www.w3.org/1999/xhtml\"><p class=\"res-header-id\"><b>Generated Narrative: CodeSystem Respiration</b></p><a name=\"Respiration\"> </a><a name=\"hcRespiration\"> </a><a name=\"Respiration-en-US\"> </a><p>This  code system <code>https://kip.rkkp.dk/fhir/CodeSystem/Respiration</code> defines the following codes:</p><table class=\"codes\"><tr><td style=\"white-space:nowrap\"><b>Code</b></td><td><b>Display</b></td><td><b>Definition</b></td></tr><tr><td style=\"white-space:nowrap\">spontane_resp<a name=\"Respiration-spontane_resp\"> </a></td><td>Spontane respiration</td><td>Spontan respiration</td></tr><tr><td style=\"white-space:nowrap\">spontane_resp_only<a name=\"Respiration-spontane_resp_only\"> </a></td><td>Spontane respiration ONLY</td><td>KUN spontan respiration</td></tr><tr><td style=\"white-space:nowrap\">mask_vent<a name=\"Respiration-mask_vent\"> </a></td><td>Mask ventilation</td><td>Maskeventilation</td></tr><tr><td style=\"white-space:nowrap\">larynx_all<a name=\"Respiration-larynx_all\"> </a></td><td>Larynx mask (all types)</td><td>Larynxmaske (alle typer)</td></tr><tr><td style=\"white-space:nowrap\">intubation<a name=\"Respiration-intubation\"> </a></td><td>Intubation</td><td>Intubation</td></tr><tr><td style=\"white-space:nowrap\">intub_dir_laryngo<a name=\"Respiration-intub_dir_laryngo\"> </a></td><td>Intubation by direct laryngoskopia</td><td>Intubation ved direkte laryngoskopi</td></tr><tr><td style=\"white-space:nowrap\">intub_video_laryngo<a name=\"Respiration-intub_video_laryngo\"> </a></td><td>Intubation using videolaryngoskopia</td><td>Intubation med videolaryngoskopi</td></tr><tr><td style=\"white-space:nowrap\">intub_flex_skop<a name=\"Respiration-intub_flex_skop\"> </a></td><td>Intubation using flexibal skop</td><td>Intubation med fleksibelt skopi</td></tr><tr><td style=\"white-space:nowrap\">intub_diff<a name=\"Respiration-intub_diff\"> </a></td><td>Intubation using different method</td><td>Intubation ved anden metode</td></tr><tr><td style=\"white-space:nowrap\">tracheostomi<a name=\"Respiration-tracheostomi\"> </a></td><td>Tracheostomi</td><td>Tracheostomi</td></tr><tr><td style=\"white-space:nowrap\">tracheostomi_loc<a name=\"Respiration-tracheostomi_loc\"> </a></td><td>Tracheostomi in local anesthesia</td><td>Tracheostomi i lokalanæstesi</td></tr><tr><td style=\"white-space:nowrap\">tracheostomi_emg<a name=\"Respiration-tracheostomi_emg\"> </a></td><td>Emergency tracheostomi</td><td>Nødtracheostomi</td></tr><tr><td style=\"white-space:nowrap\">is_intub_trach<a name=\"Respiration-is_intub_trach\"> </a></td><td>Allready intubated/tracheostometered</td><td>Er intuberet/tracheostomeret</td></tr><tr><td style=\"white-space:nowrap\">without_further<a name=\"Respiration-without_further\"> </a></td><td>No further action relevant</td><td>Intet yderligere</td></tr><tr><td style=\"white-space:nowrap\">na<a name=\"Respiration-na\"> </a></td><td>Not applicable</td><td>Ikke relevant</td></tr></table></div>"},"url":"https://kip.rkkp.dk/fhir/CodeSystem/Respiration","version":"2.9.3","name":"Respiration","title":"Plan for eller støtte til luftvejsassistance","status":"active","date":"2022-06-01T00:00:00+02:00","publisher":"Sundhedsvæsenets Kvalitetsinstitut with Trifork Digital Health A/S","contact":[{"name":"Sundhedsvæsenets Kvalitetsinstitut with Trifork Digital Health A/S","telecom":[{"system":"url","value":"https://trifork.com"},{"system":"email","value":"rbk@trifork.com"}]}],"description":"Mulige indgreb vedr luftvejsstøtte","content":"complete","count":15,"concept":[{"code":"spontane_resp","display":"Spontane respiration","definition":"Spontan respiration"},{"code":"spontane_resp_only","display":"Spontane respiration ONLY","definition":"KUN spontan respiration"},{"code":"mask_vent","display":"Mask ventilation","definition":"Maskeventilation"},{"code":"larynx_all","display":"Larynx mask (all types)","definition":"Larynxmaske (alle typer)"},{"code":"intubation","display":"Intubation","definition":"Intubation"},{"code":"intub_dir_laryngo","display":"Intubation by direct laryngoskopia","definition":"Intubation ved direkte laryngoskopi"},{"code":"intub_video_laryngo","display":"Intubation using videolaryngoskopia","definition":"Intubation med videolaryngoskopi"},{"code":"intub_flex_skop","display":"Intubation using flexibal skop","definition":"Intubation med fleksibelt skopi"},{"code":"intub_diff","display":"Intubation using different method","definition":"Intubation ved anden metode"},{"code":"tracheostomi","display":"Tracheostomi","definition":"Tracheostomi"},{"code":"tracheostomi_loc","display":"Tracheostomi in local anesthesia","definition":"Tracheostomi i lokalanæstesi"},{"code":"tracheostomi_emg","display":"Emergency tracheostomi","definition":"Nødtracheostomi"},{"code":"is_intub_trach","display":"Allready intubated/tracheostometered","definition":"Er intuberet/tracheostomeret"},{"code":"without_further","display":"No further action relevant","definition":"Intet yderligere"},{"code":"na","display":"Not applicable","definition":"Ikke relevant"}]}