{"resourceType":"CodeSystem","id":"Interventionsforloeb","text":{"status":"generated","div":"<div xmlns=\"http://www.w3.org/1999/xhtml\"><p class=\"res-header-id\"><b>Generated Narrative: CodeSystem Interventionsforloeb</b></p><a name=\"Interventionsforloeb\"> </a><a name=\"hcInterventionsforloeb\"> </a><a name=\"Interventionsforloeb-en-US\"> </a><p>This case-insensitive code system <code>https://kip.rkkp.dk/fhir/CodeSystem/Interventionsforloeb</code> defines the following codes:</p><table class=\"codes\"><tr><td style=\"white-space:nowrap\"><b>Code</b></td><td><b>Display</b></td><td><b>Definition</b></td></tr><tr><td style=\"white-space:nowrap\">HD<a name=\"Interventionsforloeb-HD\"> </a></td><td>Hæmodialyse</td><td>Hæmodialyse</td></tr><tr><td style=\"white-space:nowrap\">PD<a name=\"Interventionsforloeb-PD\"> </a></td><td>Peritonealdialyse</td><td>Peritonealdialyse</td></tr><tr><td style=\"white-space:nowrap\">TX<a name=\"Interventionsforloeb-TX\"> </a></td><td>Transplantation</td><td>Transplantation</td></tr></table></div>"},"url":"https://kip.rkkp.dk/fhir/CodeSystem/Interventionsforloeb","version":"2.9.1","name":"Interventionsforloeb","title":"Interventionsforløb","status":"active","date":"2024-01-10T00:00:00+02:00","publisher":"Sundhedsvæsnets Kvalistetsinstitut with Trifork Digital Health A/S","contact":[{"name":"Sundhedsvæsnets Kvalistetsinstitut with Trifork Digital Health A/S","telecom":[{"system":"url","value":"https://trifork.com"},{"system":"email","value":"rbk@trifork.com"}]}],"description":"Interventionsforløb","caseSensitive":false,"content":"complete","count":3,"concept":[{"code":"HD","display":"Hæmodialyse","definition":"Hæmodialyse"},{"code":"PD","display":"Peritonealdialyse","definition":"Peritonealdialyse"},{"code":"TX","display":"Transplantation","definition":"Transplantation"}]}