{"resourceType":"CodeSystem","id":"TreatmentSufficient","text":{"status":"generated","div":"<div xmlns=\"http://www.w3.org/1999/xhtml\"><p class=\"res-header-id\"><b>Generated Narrative: CodeSystem TreatmentSufficient</b></p><a name=\"TreatmentSufficient\"> </a><a name=\"hcTreatmentSufficient\"> </a><a name=\"TreatmentSufficient-en-US\"> </a><p>This  code system <code>https://kip.rkkp.dk/fhir/CodeSystem/TreatmentSufficient</code> defines the following codes:</p><table class=\"codes\"><tr><td style=\"white-space:nowrap\"><b>Code</b></td><td><b>Display</b></td><td><b>Definition</b></td></tr><tr><td style=\"white-space:nowrap\">insufficient<a name=\"TreatmentSufficient-insufficient\"> </a></td><td>Insufficient treatment</td><td>Insufficient treatment</td></tr><tr><td style=\"white-space:nowrap\">sufficient<a name=\"TreatmentSufficient-sufficient\"> </a></td><td>Sufficient treatment</td><td>Sufficient treatment</td></tr></table></div>"},"url":"https://kip.rkkp.dk/fhir/CodeSystem/TreatmentSufficient","version":"2.9.0","name":"TreatmentSufficient","title":"Treatment sufficient","status":"active","date":"2022-06-29T00:00:00+02:00","publisher":"Sundhedsvæsnets Kvalistetsinstitut with Trifork Digital Health A/S","contact":[{"name":"Sundhedsvæsnets Kvalistetsinstitut with Trifork Digital Health A/S","telecom":[{"system":"url","value":"https://trifork.com"},{"system":"email","value":"rbk@trifork.com"}]}],"description":"Treatment sufficient","content":"complete","count":2,"concept":[{"code":"insufficient","display":"Insufficient treatment","definition":"Insufficient treatment"},{"code":"sufficient","display":"Sufficient treatment","definition":"Sufficient treatment"}]}