{"resourceType":"ValueSet","id":"TidligereOperationDKR","text":{"status":"extensions","div":"<div xmlns=\"http://www.w3.org/1999/xhtml\"><p class=\"res-header-id\"><b>Generated Narrative: ValueSet TidligereOperationDKR</b></p><a name=\"TidligereOperationDKR\"> </a><a name=\"hcTidligereOperationDKR\"> </a><a name=\"TidligereOperationDKR-en-US\"> </a><p>This value set includes codes based on the following rules:</p><ul><li>Include these codes as defined in <a href=\"CodeSystem-ProcedureType.html\"><code>https://kip.rkkp.dk/fhir/CodeSystem/ProcedureType</code></a><table class=\"none\"><tr><td style=\"white-space:nowrap\"><b>Code</b></td><td><b>Display</b></td><td><b>Definition</b></td></tr><tr><td><a href=\"CodeSystem-ProcedureType.html#ProcedureType-meniscetomy\">meniscetomy</a></td><td>Partiel eller total meniskektomi</td><td>Meniscectomy / Meniskektomi</td></tr><tr><td><a href=\"CodeSystem-ProcedureType.html#ProcedureType-arthroscopy\">arthroscopy</a></td><td>Artroskopi med house cleaning</td><td>Artroskopi</td></tr><tr><td><a href=\"CodeSystem-ProcedureType.html#ProcedureType-reconstruction_cruciate_ligaments\">reconstruction_cruciate_ligaments</a></td><td>Korsbåndsrekonstruktion</td><td>Reconstruction of cruciate ligaments / Korsbåndsrekonstruktion</td></tr><tr><td><a href=\"CodeSystem-ProcedureType.html#ProcedureType-proximal_tibial_osteotomy\">proximal_tibial_osteotomy</a></td><td>Proksimal tibiaosteotomi</td><td>Proksimal tibiaosteotomi</td></tr><tr><td><a href=\"CodeSystem-ProcedureType.html#ProcedureType-osteosynthesis_condyle_fracture\">osteosynthesis_condyle_fracture</a></td><td>Osteosyntese af kondylfraktur</td><td>Osteosyntese af kondylfraktur</td></tr><tr><td><a href=\"CodeSystem-ProcedureType.html#ProcedureType-patellectomy\">patellectomy</a></td><td>Patellektomi</td><td/></tr><tr><td><a href=\"CodeSystem-ProcedureType.html#ProcedureType-arthrodesis\">arthrodesis</a></td><td>Artrodese</td><td>Artrodese</td></tr></table></li><li>Include these codes as defined in <a href=\"CodeSystem-GenericValues.html\"><code>https://kip.rkkp.dk/fhir/CodeSystem/GenericValues</code></a><table class=\"none\"><tr><td style=\"white-space:nowrap\"><b>Code</b></td><td><b>Display</b></td><td><b>Definition</b></td></tr><tr><td><a href=\"CodeSystem-GenericValues.html#GenericValues-other\">other</a></td><td>Andet</td><td>Other - used to choose unspecific value not in a valueset</td></tr></table></li></ul></div>"},"url":"https://kip.rkkp.dk/fhir/ValueSet/TidligereOperationDKR","version":"2.9.0","name":"TidligereOperationDKR","title":"Tidligere operation (DKR)","status":"active","experimental":true,"date":"2022-10-12T00:00:00+02:00","publisher":"Sundhedsvæsnets Kvalistetsinstitut with Trifork Digital Health A/S","contact":[{"name":"Sundhedsvæsnets Kvalistetsinstitut with Trifork Digital Health A/S","telecom":[{"system":"url","value":"https://trifork.com"},{"system":"email","value":"rbk@trifork.com"}]}],"description":"Tidligere operation (DKR)","compose":{"include":[{"system":"https://kip.rkkp.dk/fhir/CodeSystem/ProcedureType","concept":[{"code":"meniscetomy","display":"Partiel eller total meniskektomi"},{"code":"arthroscopy","display":"Artroskopi med house cleaning"},{"code":"reconstruction_cruciate_ligaments","display":"Korsbåndsrekonstruktion"},{"code":"proximal_tibial_osteotomy","display":"Proksimal tibiaosteotomi"},{"code":"osteosynthesis_condyle_fracture","display":"Osteosyntese af kondylfraktur"},{"code":"patellectomy","display":"Patellektomi"},{"code":"arthrodesis","display":"Artrodese"}]},{"system":"https://kip.rkkp.dk/fhir/CodeSystem/GenericValues","concept":[{"code":"other","display":"Andet"}]}]}}