{"resourceType":"ValueSet","id":"RobotDKR","text":{"status":"extensions","div":"<div xmlns=\"http://www.w3.org/1999/xhtml\"><p class=\"res-header-id\"><b>Generated Narrative: ValueSet RobotDKR</b></p><a name=\"RobotDKR\"> </a><a name=\"hcRobotDKR\"> </a><a name=\"RobotDKR-en-US\"> </a><ul><li>Include these codes as defined in <a href=\"CodeSystem-RobotAssistDKR.html\"><code>https://kip.rkkp.dk/fhir/CodeSystem/RobotAssistDKR</code></a><table class=\"none\"><tr><td style=\"white-space:nowrap\"><b>Code</b></td><td><b>Display</b></td><td><b>Definition</b></td></tr><tr><td><a href=\"CodeSystem-RobotAssistDKR.html#RobotAssistDKR-mako\">mako</a></td><td>Mako</td><td>Mako</td></tr><tr><td><a href=\"CodeSystem-RobotAssistDKR.html#RobotAssistDKR-rosa\">rosa</a></td><td>Rosa</td><td>Rosa</td></tr><tr><td><a href=\"CodeSystem-RobotAssistDKR.html#RobotAssistDKR-velys\">velys</a></td><td>Velys</td><td>Velys</td></tr><tr><td><a href=\"CodeSystem-RobotAssistDKR.html#RobotAssistDKR-other\">other</a></td><td>Andet</td><td>Andet</td></tr></table></li></ul></div>"},"url":"https://kip.rkkp.dk/fhir/ValueSet/RobotDKR","version":"2.9.1","name":"RobotDKR","title":"Robot (DKR)","status":"active","experimental":true,"date":"2024-12-02T00:00:00+02:00","publisher":"Sundhedsvæsnets Kvalistetsinstitut with Trifork Digital Health A/S","contact":[{"name":"Sundhedsvæsnets Kvalistetsinstitut with Trifork Digital Health A/S","telecom":[{"system":"url","value":"https://trifork.com"},{"system":"email","value":"rbk@trifork.com"}]}],"description":"Robottyper til robot assisteret kirurgi (DKR)","compose":{"include":[{"system":"https://kip.rkkp.dk/fhir/CodeSystem/RobotAssistDKR","concept":[{"code":"mako","display":"Mako"},{"code":"rosa","display":"Rosa"},{"code":"velys","display":"Velys"},{"code":"other","display":"Andet"}]}]}}