{"resourceType":"ValueSet","id":"AnasthesiaTypeGen","text":{"status":"extensions","div":"<div xmlns=\"http://www.w3.org/1999/xhtml\"><p class=\"res-header-id\"><b>Generated Narrative: ValueSet AnasthesiaTypeGen</b></p><a name=\"AnasthesiaTypeGen\"> </a><a name=\"hcAnasthesiaTypeGen\"> </a><a name=\"AnasthesiaTypeGen-en-US\"> </a><ul><li>Include these codes as defined in <a href=\"CodeSystem-AnasthesiaTypeGen.html\"><code>https://kip.rkkp.dk/fhir/CodeSystem/AnasthesiaTypeGen</code></a><table class=\"none\"><tr><td style=\"white-space:nowrap\"><b>Code</b></td><td><b>Display</b></td><td><b>Definition</b></td></tr><tr><td><a href=\"CodeSystem-AnasthesiaTypeGen.html#AnasthesiaTypeGen-inhalation\">inhalation</a></td><td>Inhalation</td><td>Inhalation</td></tr><tr><td><a href=\"CodeSystem-AnasthesiaTypeGen.html#AnasthesiaTypeGen-IV_inhalation\">IV_inhalation</a></td><td>IV og inhalation</td><td>IV og inhalation</td></tr><tr><td><a href=\"CodeSystem-AnasthesiaTypeGen.html#AnasthesiaTypeGen-TIVA\">TIVA</a></td><td>TIVA</td><td>TIVA</td></tr></table></li></ul></div>"},"url":"https://kip.rkkp.dk/fhir/ValueSet/AnasthesiaTypeGen","version":"2.9.0","name":"AnasthesiaTypeGen","title":"Anæstesi Type Generel","status":"active","experimental":true,"date":"2022-06-09T00:00:00+02:00","publisher":"Sundhedsvæsnets Kvalistetsinstitut with Trifork Digital Health A/S","contact":[{"name":"Sundhedsvæsnets Kvalistetsinstitut with Trifork Digital Health A/S","telecom":[{"system":"url","value":"https://trifork.com"},{"system":"email","value":"rbk@trifork.com"}]}],"description":"Generel Anæstesiydelse - Tillæg","compose":{"include":[{"system":"https://kip.rkkp.dk/fhir/CodeSystem/AnasthesiaTypeGen","concept":[{"code":"inhalation","display":"Inhalation"},{"code":"IV_inhalation","display":"IV og inhalation"},{"code":"TIVA","display":"TIVA"}]}]}}