{"resourceType":"ValueSet","id":"Alkohol0til10","text":{"status":"extensions","div":"<div xmlns=\"http://www.w3.org/1999/xhtml\"><p class=\"res-header-id\"><b>Generated Narrative: ValueSet Alkohol0til10</b></p><a name=\"Alkohol0til10\"> </a><a name=\"hcAlkohol0til10\"> </a><a name=\"Alkohol0til10-en-US\"> </a><ul><li>Include these codes as defined in <a href=\"CodeSystem-Alchohol.html\"><code>https://kip.rkkp.dk/fhir/CodeSystem/Alchohol</code></a><table class=\"none\"><tr><td style=\"white-space:nowrap\"><b>Code</b></td><td><b>Display</b></td><td><b>Definition</b></td></tr><tr><td><a href=\"CodeSystem-Alchohol.html#Alchohol-0-10\">0-10</a></td><td>0-10 genstande pr. uge</td><td>0-10 genstande pr. uge</td></tr><tr><td><a href=\"CodeSystem-Alchohol.html#Alchohol-gte11\">gte11</a></td><td>Over 10 genstande pr. uge</td><td>Over 11 genstande pr. uge</td></tr></table></li></ul></div>"},"url":"https://kip.rkkp.dk/fhir/ValueSet/Alkohol0til10","version":"0.1.6","name":"Alkohol0til10","title":"Alkohol 0-10","status":"active","experimental":true,"date":"2022-06-21T00:00:00+02:00","publisher":"Sundhedsvæsnets Kvalistetsinstitut with Trifork Digital Health A/S","contact":[{"name":"Sundhedsvæsnets Kvalistetsinstitut with Trifork Digital Health A/S","telecom":[{"system":"url","value":"https://trifork.com"},{"system":"email","value":"rbk@trifork.com"}]}],"description":"Udfald for alkohol","compose":{"include":[{"system":"https://kip.rkkp.dk/fhir/CodeSystem/Alchohol","concept":[{"code":"0-10","display":"0-10 genstande pr. uge"},{"code":"gte11","display":"Over 10 genstande pr. uge"}]}]}}