{"resourceType":"ValueSet","id":"StemkarakteristikDSR","text":{"status":"extensions","div":"<div xmlns=\"http://www.w3.org/1999/xhtml\"><p class=\"res-header-id\"><b>Generated Narrative: ValueSet StemkarakteristikDSR</b></p><a name=\"StemkarakteristikDSR\"> </a><a name=\"hcStemkarakteristikDSR\"> </a><a name=\"StemkarakteristikDSR-en-US\"> </a><ul><li>Include these codes as defined in <a href=\"CodeSystem-ImplantComponents.html\"><code>https://kip.rkkp.dk/fhir/CodeSystem/ImplantComponents</code></a><table class=\"none\"><tr><td style=\"white-space:nowrap\"><b>Code</b></td><td><b>Display</b></td><td><b>Definition</b></td></tr><tr><td><a href=\"CodeSystem-ImplantComponents.html#ImplantComponents-resurfacing\">resurfacing</a></td><td>Resurfacing (inkl hemicap)</td><td>Resurfacing</td></tr><tr><td><a href=\"CodeSystem-ImplantComponents.html#ImplantComponents-stemless\">stemless</a></td><td>Stemless (metafysær fiksation)</td><td>Stemless</td></tr><tr><td><a href=\"CodeSystem-ImplantComponents.html#ImplantComponents-stem\">stem</a></td><td>Stem</td><td>Stem</td></tr></table></li></ul></div>"},"url":"https://kip.rkkp.dk/fhir/ValueSet/StemkarakteristikDSR","version":"2.9.1","name":"StemkarakteristikDSR","title":"Stemkarakteristik (DSR)","status":"active","experimental":true,"date":"2022-10-06T00:00:00+02:00","publisher":"Sundhedsvæsnets Kvalistetsinstitut with Trifork Digital Health A/S","contact":[{"name":"Sundhedsvæsnets Kvalistetsinstitut with Trifork Digital Health A/S","telecom":[{"system":"url","value":"https://trifork.com"},{"system":"email","value":"rbk@trifork.com"}]}],"description":"Stemkarakteristik (DSR)","compose":{"include":[{"system":"https://kip.rkkp.dk/fhir/CodeSystem/ImplantComponents","concept":[{"code":"resurfacing","display":"Resurfacing (inkl hemicap)"},{"code":"stemless","display":"Stemless (metafysær fiksation)"},{"code":"stem","display":"Stem"}]}]}}