{"resourceType":"ValueSet","id":"Transplantation1","text":{"status":"extensions","div":"<div xmlns=\"http://www.w3.org/1999/xhtml\"><p class=\"res-header-id\"><b>Generated Narrative: ValueSet Transplantation1</b></p><a name=\"Transplantation1\"> </a><a name=\"hcTransplantation1\"> </a><a name=\"Transplantation1-en-US\"> </a><ul><li>Include these codes as defined in <a href=\"CodeSystem-SKS.html\"><code>https://kip.sundk.dk/fhir/CodeSystem/SKS</code></a><table class=\"none\"><tr><td style=\"white-space:nowrap\"><b>Code</b></td><td><b>Display</b></td><td><b>Definition</b></td></tr><tr><td><a href=\"CodeSystem-SKS.html#SKS-BOQF0\">BOQF0</a></td><td>Autolog</td><td>BOQF0 - Autolog knoglemarvstransplantation</td></tr><tr><td><a href=\"CodeSystem-SKS.html#SKS-BOQF1\">BOQF1</a></td><td>Konventionel Allogen</td><td>BOQF1 - Allogen knoglemarvstransplantation</td></tr><tr><td><a href=\"CodeSystem-SKS.html#SKS-BOQF2\">BOQF2</a></td><td>Mini-Allogen</td><td>BOQF2 - Non myeloablativ knoglemarvstransplantation (mini-KMT)</td></tr></table></li></ul></div>"},"url":"https://kip.sundk.dk/fhir/ValueSet/Transplantation1","version":"0.0.9","name":"Transplantation1","title":"Transplantation uden svarmuligheden Ingen transplantation","status":"active","experimental":true,"date":"2022-09-26T00:00:00+02:00","publisher":"Sundhedsvæsnets Kvalistetsinstitut with Trifork Public A/S","contact":[{"name":"Sundhedsvæsnets Kvalistetsinstitut with Trifork Public A/S","telecom":[{"system":"url","value":"https://trifork.com"},{"system":"email","value":"rbk@trifork.com"}]}],"description":"Er en Transplantation udført","compose":{"include":[{"system":"https://kip.sundk.dk/fhir/CodeSystem/SKS","concept":[{"code":"BOQF0","display":"Autolog"},{"code":"BOQF1","display":"Konventionel Allogen"},{"code":"BOQF2","display":"Mini-Allogen"}]}]}}