{"resourceType":"ValueSet","id":"VasospasmerPaavisning","text":{"status":"extensions","div":"<div xmlns=\"http://www.w3.org/1999/xhtml\"><p class=\"res-header-id\"><b>Generated Narrative: ValueSet VasospasmerPaavisning</b></p><a name=\"VasospasmerPaavisning\"> </a><a name=\"hcVasospasmerPaavisning\"> </a><a name=\"VasospasmerPaavisning-en-US\"> </a><ul><li>Include these codes as defined in <a href=\"CodeSystem-DetectionMethods.html\"><code>https://kip.rkkp.dk/fhir/CodeSystem/DetectionMethods</code></a><table class=\"none\"><tr><td style=\"white-space:nowrap\"><b>Code</b></td><td><b>Display</b></td><td><b>Definition</b></td></tr><tr><td><a href=\"CodeSystem-DetectionMethods.html#DetectionMethods-doppler\">doppler</a></td><td>Transcraniel doppler</td><td>Transcraniel doppler</td></tr><tr><td><a href=\"CodeSystem-DetectionMethods.html#DetectionMethods-clinical\">clinical</a></td><td>Kliniske</td><td>Kliniske</td></tr><tr><td><a href=\"CodeSystem-DetectionMethods.html#DetectionMethods-radiological\">radiological</a></td><td>Radiologisk påvist</td><td>Radiologisk bekræftet</td></tr></table></li></ul></div>"},"url":"https://kip.rkkp.dk/fhir/ValueSet/VasospasmerPaavisning","version":"0.2.1","name":"VasospasmerPaavisning","title":"Påvisning af vasospasme; metode","status":"active","experimental":true,"date":"2022-06-29T00:00:00+02:00","publisher":"Sundhedsvæsnets Kvalistetsinstitut with Trifork Digital Health A/S","contact":[{"name":"Sundhedsvæsnets Kvalistetsinstitut with Trifork Digital Health A/S","telecom":[{"system":"url","value":"https://trifork.com"},{"system":"email","value":"rbk@trifork.com"}]}],"description":"Påvisning af vasospasme; metode","compose":{"include":[{"system":"https://kip.rkkp.dk/fhir/CodeSystem/DetectionMethods","concept":[{"code":"doppler","display":"Transcraniel doppler"},{"code":"clinical","display":"Kliniske"},{"code":"radiological","display":"Radiologisk påvist"}]}]}}