{"resourceType":"ValueSet","id":"BegrundelseEndoskopiskLokalresektioen","text":{"status":"extensions","div":"<div xmlns=\"http://www.w3.org/1999/xhtml\"><p class=\"res-header-id\"><b>Generated Narrative: ValueSet BegrundelseEndoskopiskLokalresektioen</b></p><a name=\"BegrundelseEndoskopiskLokalresektioen\"> </a><a name=\"hcBegrundelseEndoskopiskLokalresektioen\"> </a><a name=\"BegrundelseEndoskopiskLokalresektioen-en-US\"> </a><p>This value set includes codes based on the following rules:</p><ul><li>Include these codes as defined in <a href=\"CodeSystem-GenericValues.html\"><code>https://kip.rkkp.dk/fhir/CodeSystem/GenericValues</code></a><table class=\"none\"><tr><td style=\"white-space:nowrap\"><b>Code</b></td><td><b>Display</b></td><td><b>Definition</b></td></tr><tr><td><a href=\"CodeSystem-GenericValues.html#GenericValues-none\">none</a></td><td>Ingen klinisk indikation for supplerende resektion jf. retningslinjer</td><td>None - used to choose none of the available values</td></tr><tr><td><a href=\"CodeSystem-GenericValues.html#GenericValues-other\">other</a></td><td>Anden årsag</td><td>Other - used to choose unspecific value not in a valueset</td></tr></table></li><li>Include these codes as defined in <a href=\"CodeSystem-ProcedureNotCompleted.html\"><code>https://kip.rkkp.dk/fhir/CodeSystem/ProcedureNotCompleted</code></a><table class=\"none\"><tr><td style=\"white-space:nowrap\"><b>Code</b></td><td><b>Display</b></td><td><b>Definition</b></td></tr><tr><td><a href=\"CodeSystem-ProcedureNotCompleted.html#ProcedureNotCompleted-patients_wish\">patients_wish</a></td><td>Patientønske</td><td>Patient's wish / Patientønske</td></tr><tr><td><a href=\"CodeSystem-ProcedureNotCompleted.html#ProcedureNotCompleted-comorbidity\">comorbidity</a></td><td>Komorbiditet</td><td>Comorbidity / Komorbiditet</td></tr><tr><td><a href=\"CodeSystem-ProcedureNotCompleted.html#ProcedureNotCompleted-death\">death</a></td><td>Død</td><td>Death / Dødsfald</td></tr></table></li></ul></div>"},"url":"https://kip.rkkp.dk/fhir/ValueSet/BegrundelseEndoskopiskLokalresektioen","version":"2.9.0","name":"BegrundelseEndoskopiskLokalresektioen","title":"Begrundelse for kun endoskopisk lokalresektion","status":"active","experimental":true,"date":"2022-10-13T00:00:00+02:00","publisher":"Sundhedsvæsnets Kvalistetsinstitut with Trifork Digital Health A/S","contact":[{"name":"Sundhedsvæsnets Kvalistetsinstitut with Trifork Digital Health A/S","telecom":[{"system":"url","value":"https://trifork.com"},{"system":"email","value":"rbk@trifork.com"}]}],"description":"Begrundelse for kun endoskopisk lokalresektion","compose":{"include":[{"system":"https://kip.rkkp.dk/fhir/CodeSystem/GenericValues","concept":[{"code":"none","display":"Ingen klinisk indikation for supplerende resektion jf. retningslinjer"},{"code":"other","display":"Anden årsag"}]},{"system":"https://kip.rkkp.dk/fhir/CodeSystem/ProcedureNotCompleted","concept":[{"code":"patients_wish","display":"Patientønske"},{"code":"comorbidity","display":"Komorbiditet"},{"code":"death","display":"Død"}]}]}}