{"resourceType":"ValueSet","id":"NerveBlockTypeUpper","text":{"status":"extensions","div":"<div xmlns=\"http://www.w3.org/1999/xhtml\"><p class=\"res-header-id\"><b>Generated Narrative: ValueSet NerveBlockTypeUpper</b></p><a name=\"NerveBlockTypeUpper\"> </a><a name=\"hcNerveBlockTypeUpper\"> </a><a name=\"NerveBlockTypeUpper-en-US\"> </a><ul><li>Include these codes as defined in <a href=\"CodeSystem-BlockTypes.html\"><code>https://kip.sundk.dk/fhir/CodeSystem/BlockTypes</code></a><table class=\"none\"><tr><td style=\"white-space:nowrap\"><b>Code</b></td><td><b>Display</b></td><td><b>Definition</b></td></tr><tr><td><a href=\"CodeSystem-BlockTypes.html#BlockTypes-plexus_cervicalis.34\">plexus_cervicalis&quot;</a></td><td>Plexus cervicalis</td><td/></tr><tr><td><a href=\"CodeSystem-BlockTypes.html#BlockTypes-interscalener.34\">interscalener&quot;</a></td><td>Interscalener (Skalener)</td><td/></tr><tr><td><a href=\"CodeSystem-BlockTypes.html#BlockTypes-supraclavicular.34\">supraclavicular&quot;</a></td><td>Supraklavikulær</td><td/></tr><tr><td><a href=\"CodeSystem-BlockTypes.html#BlockTypes-infraclavicular.34\">infraclavicular&quot;</a></td><td>Infraklavikulær</td><td/></tr><tr><td><a href=\"CodeSystem-BlockTypes.html#BlockTypes-aksil.34\">aksil&quot;</a></td><td>Aksil</td><td/></tr><tr><td><a href=\"CodeSystem-BlockTypes.html#BlockTypes-suprascapularis.34\">suprascapularis&quot;</a></td><td>N. Suprascapularis</td><td/></tr><tr><td><a href=\"CodeSystem-BlockTypes.html#BlockTypes-axillaris.34\">axillaris&quot;</a></td><td>N. Axillaris</td><td/></tr><tr><td><a href=\"CodeSystem-BlockTypes.html#BlockTypes-musculocutaneus.34\">musculocutaneus&quot;</a></td><td>N. Musculocutaneus</td><td/></tr><tr><td><a href=\"CodeSystem-BlockTypes.html#BlockTypes-medianus.34\">medianus&quot;</a></td><td>N. Medianus</td><td/></tr><tr><td><a href=\"CodeSystem-BlockTypes.html#BlockTypes-radialis.34\">radialis&quot;</a></td><td>N. Radialis</td><td/></tr><tr><td><a href=\"CodeSystem-BlockTypes.html#BlockTypes-ulnaris.34\">ulnaris&quot;</a></td><td>N. Ulnaris</td><td/></tr><tr><td><a href=\"CodeSystem-BlockTypes.html#BlockTypes-other\">other</a></td><td>Anden</td><td>Anden blokadetype</td></tr></table></li></ul></div>"},"url":"https://kip.sundk.dk/fhir/ValueSet/NerveBlockTypeUpper","version":"0.0.9","name":"NerveBlockTypeUpper","title":"Typer af blokade overekstremiteter","status":"active","experimental":true,"date":"2022-06-09T00:00:00+02:00","publisher":"Sundhedsvæsnets Kvalistetsinstitut with Trifork Public A/S","contact":[{"name":"Sundhedsvæsnets Kvalistetsinstitut with Trifork Public A/S","telecom":[{"system":"url","value":"https://trifork.com"},{"system":"email","value":"rbk@trifork.com"}]}],"description":"Typer af perifer nerveblokade - overekstremiteter","compose":{"include":[{"system":"https://kip.sundk.dk/fhir/CodeSystem/BlockTypes","concept":[{"code":"plexus_cervicalis\"","display":"Plexus cervicalis"},{"code":"interscalener\"","display":"Interscalener (Skalener)"},{"code":"supraclavicular\"","display":"Supraklavikulær"},{"code":"infraclavicular\"","display":"Infraklavikulær"},{"code":"aksil\"","display":"Aksil"},{"code":"suprascapularis\"","display":"N. Suprascapularis"},{"code":"axillaris\"","display":"N. Axillaris"},{"code":"musculocutaneus\"","display":"N. Musculocutaneus"},{"code":"medianus\"","display":"N. Medianus"},{"code":"radialis\"","display":"N. Radialis"},{"code":"ulnaris\"","display":"N. Ulnaris"},{"code":"other","display":"Anden"}]}]}}