{"resourceType":"ValueSet","id":"Behandlingsintention","text":{"status":"extensions","div":"<div xmlns=\"http://www.w3.org/1999/xhtml\"><p class=\"res-header-id\"><b>Generated Narrative: ValueSet Behandlingsintention</b></p><a name=\"Behandlingsintention\"> </a><a name=\"hcBehandlingsintention\"> </a><a name=\"Behandlingsintention-en-US\"> </a><ul><li>Include these codes as defined in <a href=\"CodeSystem-TreatmentIntention.html\"><code>https://kip.rkkp.dk/fhir/CodeSystem/TreatmentIntention</code></a><table class=\"none\"><tr><td style=\"white-space:nowrap\"><b>Code</b></td><td><b>Display</b></td><td><b>Definition</b></td></tr><tr><td><a href=\"CodeSystem-TreatmentIntention.html#TreatmentIntention-surgical.47endoscopic\">surgical/endoscopic</a></td><td>Kurativt intenderet, kirurgi/endoskopi</td><td>Kurativt intenderet, kirurgi/endoskopi</td></tr><tr><td><a href=\"CodeSystem-TreatmentIntention.html#TreatmentIntention-oncological\">oncological</a></td><td>Kurativt intenderet, definitiv onkologisk</td><td>Kurativt intenderet, definitiv onkologisk</td></tr><tr><td><a href=\"CodeSystem-TreatmentIntention.html#TreatmentIntention-palliative\">palliative</a></td><td>Primær palliativt intenderet</td><td>Palliativt intenderet</td></tr></table></li></ul></div>"},"url":"https://kip.rkkp.dk/fhir/ValueSet/Behandlingsintention","version":"2.9.0","name":"Behandlingsintention","title":"Behandlingsintention","status":"active","experimental":true,"date":"2022-05-16T00:00:00+02:00","publisher":"Sundhedsvæsnets Kvalistetsinstitut with Trifork Digital Health A/S","contact":[{"name":"Sundhedsvæsnets Kvalistetsinstitut with Trifork Digital Health A/S","telecom":[{"system":"url","value":"https://trifork.com"},{"system":"email","value":"rbk@trifork.com"}]}],"description":"Behandlingsintention","compose":{"include":[{"system":"https://kip.rkkp.dk/fhir/CodeSystem/TreatmentIntention","concept":[{"code":"surgical/endoscopic","display":"Kurativt intenderet, kirurgi/endoskopi"},{"code":"oncological","display":"Kurativt intenderet, definitiv onkologisk"},{"code":"palliative","display":"Primær palliativt intenderet"}]}]}}