{"resourceType":"ValueSet","id":"MenisklaesionBehandlingDKRR","text":{"status":"extensions","div":"<div xmlns=\"http://www.w3.org/1999/xhtml\"><p class=\"res-header-id\"><b>Generated Narrative: ValueSet MenisklaesionBehandlingDKRR</b></p><a name=\"MenisklaesionBehandlingDKRR\"> </a><a name=\"hcMenisklaesionBehandlingDKRR\"> </a><a name=\"MenisklaesionBehandlingDKRR-en-US\"> </a><p>This value set includes codes based on the following rules:</p><ul><li>Include these codes as defined in <a href=\"CodeSystem-TreatmentLesion.html\"><code>https://kip.rkkp.dk/fhir/CodeSystem/TreatmentLesion</code></a><table class=\"none\"><tr><td style=\"white-space:nowrap\"><b>Code</b></td><td><b>Display</b></td><td><b>Definition</b></td></tr><tr><td><a href=\"CodeSystem-TreatmentLesion.html#TreatmentLesion-resection\">resection</a></td><td>Resektion</td><td>Resection / Resektion</td></tr><tr><td><a href=\"CodeSystem-TreatmentLesion.html#TreatmentLesion-suture\">suture</a></td><td>Sutur</td><td>Suture / Sutur</td></tr><tr><td><a href=\"CodeSystem-TreatmentLesion.html#TreatmentLesion-all_inside\">all_inside</a></td><td>All inside</td><td>All inside</td></tr></table></li><li>Include these codes as defined in <a href=\"CodeSystem-GenericValues.html\"><code>https://kip.rkkp.dk/fhir/CodeSystem/GenericValues</code></a><table class=\"none\"><tr><td style=\"white-space:nowrap\"><b>Code</b></td><td><b>Display</b></td><td><b>Definition</b></td></tr><tr><td><a href=\"CodeSystem-GenericValues.html#GenericValues-other\">other</a></td><td>Anden operation</td><td>Other - used to choose unspecific value not in a valueset</td></tr></table></li></ul></div>"},"url":"https://kip.rkkp.dk/fhir/ValueSet/MenisklaesionBehandlingDKRR","version":"0.2.1","name":"MenisklaesionBehandlingDKRR","title":"Menisklæsion, behandling (DKRR)","status":"active","experimental":true,"date":"2022-09-19T00:00:00+02:00","publisher":"Sundhedsvæsnets Kvalistetsinstitut with Trifork Digital Health A/S","contact":[{"name":"Sundhedsvæsnets Kvalistetsinstitut with Trifork Digital Health A/S","telecom":[{"system":"url","value":"https://trifork.com"},{"system":"email","value":"rbk@trifork.com"}]}],"description":"Menisklæsion, behandling (DKRR)","compose":{"include":[{"system":"https://kip.rkkp.dk/fhir/CodeSystem/TreatmentLesion","concept":[{"code":"resection","display":"Resektion"},{"code":"suture","display":"Sutur"},{"code":"all_inside","display":"All inside"}]},{"system":"https://kip.rkkp.dk/fhir/CodeSystem/GenericValues","concept":[{"code":"other","display":"Anden operation"}]}]}}