{"resourceType":"ValueSet","id":"EORTC17DPD","text":{"status":"extensions","div":"<div xmlns=\"http://www.w3.org/1999/xhtml\"><p class=\"res-header-id\"><b>Generated Narrative: ValueSet EORTC17DPD</b></p><a name=\"EORTC17DPD\"> </a><a name=\"hcEORTC17DPD\"> </a><a name=\"EORTC17DPD-en-US\"> </a><ul><li>Include these codes as defined in <a href=\"CodeSystem-EORTCQLQC1517.html\"><code>https://kip.rkkp.dk/fhir/CodeSystem/EORTCQLQC1517</code></a><table class=\"none\"><tr><td style=\"white-space:nowrap\"><b>Code</b></td><td><b>Display</b></td><td><b>Definition</b></td></tr><tr><td><a href=\"CodeSystem-EORTCQLQC1517.html#EORTCQLQC1517-grade_1\">grade_1</a></td><td>1. Meget dårlig</td><td>1. Meget dårlig</td></tr><tr><td><a href=\"CodeSystem-EORTCQLQC1517.html#EORTCQLQC1517-grade_2\">grade_2</a></td><td>2. Dårlig</td><td>2. Dårlig</td></tr><tr><td><a href=\"CodeSystem-EORTCQLQC1517.html#EORTCQLQC1517-grade_3\">grade_3</a></td><td>3. Mindre dårlig</td><td>3. Mindre dårlig</td></tr><tr><td><a href=\"CodeSystem-EORTCQLQC1517.html#EORTCQLQC1517-grade_4\">grade_4</a></td><td>4. Hverken god eller dårlig</td><td>4. Hverken god eller dårlig</td></tr><tr><td><a href=\"CodeSystem-EORTCQLQC1517.html#EORTCQLQC1517-grade_5\">grade_5</a></td><td>5. Mindre god</td><td>5. Mindre god</td></tr><tr><td><a href=\"CodeSystem-EORTCQLQC1517.html#EORTCQLQC1517-grade_6\">grade_6</a></td><td>6. God</td><td>6. God</td></tr><tr><td><a href=\"CodeSystem-EORTCQLQC1517.html#EORTCQLQC1517-grade_7\">grade_7</a></td><td>7. Særdeles god</td><td>7. Særdeles god</td></tr></table></li></ul></div>"},"url":"https://kip.rkkp.dk/fhir/ValueSet/EORTC17DPD","version":"2.9.1","name":"EORTC17DPD","title":"EORTC Grad 1-7 (DPD)","status":"active","experimental":true,"date":"2022-07-28T00:00:00+02:00","publisher":"Sundhedsvæsnets Kvalistetsinstitut with Trifork Digital Health A/S","contact":[{"name":"Sundhedsvæsnets Kvalistetsinstitut with Trifork Digital Health A/S","telecom":[{"system":"url","value":"https://trifork.com"},{"system":"email","value":"rbk@trifork.com"}]}],"description":"EORTC Grad 1-7 - Livskvalitetssvurdering (DPD)","compose":{"include":[{"system":"https://kip.rkkp.dk/fhir/CodeSystem/EORTCQLQC1517","concept":[{"code":"grade_1","display":"1. Meget dårlig"},{"code":"grade_2","display":"2. Dårlig"},{"code":"grade_3","display":"3. Mindre dårlig"},{"code":"grade_4","display":"4. Hverken god eller dårlig"},{"code":"grade_5","display":"5. Mindre god"},{"code":"grade_6","display":"6. God"},{"code":"grade_7","display":"7. Særdeles god"}]}]}}