{"resourceType":"ValueSet","id":"ImplantatMaterialeKeramikMetalAndet","text":{"status":"extensions","div":"<div xmlns=\"http://www.w3.org/1999/xhtml\"><p class=\"res-header-id\"><b>Generated Narrative: ValueSet ImplantatMaterialeKeramikMetalAndet</b></p><a name=\"ImplantatMaterialeKeramikMetalAndet\"> </a><a name=\"hcImplantatMaterialeKeramikMetalAndet\"> </a><a name=\"ImplantatMaterialeKeramikMetalAndet-en-US\"> </a><p>This value set includes codes based on the following rules:</p><ul><li>Include these codes as defined in <a href=\"CodeSystem-ImplantComponents.html\"><code>https://kip.rkkp.dk/fhir/CodeSystem/ImplantComponents</code></a><table class=\"none\"><tr><td style=\"white-space:nowrap\"><b>Code</b></td><td><b>Display</b></td><td><b>Definition</b></td></tr><tr><td><a href=\"CodeSystem-ImplantComponents.html#ImplantComponents-ceramics\">ceramics</a></td><td>Keramik</td><td>Ceramics / Keramik</td></tr><tr><td><a href=\"CodeSystem-ImplantComponents.html#ImplantComponents-metal\">metal</a></td><td>Metal</td><td>Metal / SNOMED-CT: 425620007</td></tr></table></li><li>Include these codes as defined in <a href=\"CodeSystem-GenericValues.html\"><code>https://kip.rkkp.dk/fhir/CodeSystem/GenericValues</code></a><table class=\"none\"><tr><td style=\"white-space:nowrap\"><b>Code</b></td><td><b>Display</b></td><td><b>Definition</b></td></tr><tr><td><a href=\"CodeSystem-GenericValues.html#GenericValues-other\">other</a></td><td>Andet</td><td>Other - used to choose unspecific value not in a valueset</td></tr></table></li></ul></div>"},"url":"https://kip.rkkp.dk/fhir/ValueSet/ImplantatMaterialeKeramikMetalAndet","version":"2.9.0","name":"ImplantatMaterialeKeramikMetalAndet","title":"Implantat - materiale (keramik, metal, andet)","status":"active","experimental":true,"date":"2022-11-02T00:00:00+02:00","publisher":"Sundhedsvæsnets Kvalistetsinstitut with Trifork Digital Health A/S","contact":[{"name":"Sundhedsvæsnets Kvalistetsinstitut with Trifork Digital Health A/S","telecom":[{"system":"url","value":"https://trifork.com"},{"system":"email","value":"rbk@trifork.com"}]}],"description":"Implantat - materiale (keramik, metal, andet)","compose":{"include":[{"system":"https://kip.rkkp.dk/fhir/CodeSystem/ImplantComponents","concept":[{"code":"ceramics","display":"Keramik"},{"code":"metal","display":"Metal"}]},{"system":"https://kip.rkkp.dk/fhir/CodeSystem/GenericValues","concept":[{"code":"other","display":"Andet"}]}]}}