{"resourceType":"ValueSet","id":"TreatmentCrossSection","text":{"status":"extensions","div":"<div xmlns=\"http://www.w3.org/1999/xhtml\"><p class=\"res-header-id\"><b>Generated Narrative: ValueSet TreatmentCrossSection</b></p><a name=\"TreatmentCrossSection\"> </a><a name=\"hcTreatmentCrossSection\"> </a><a name=\"TreatmentCrossSection-en-US\"> </a><p>This value set includes codes based on the following rules:</p><ul><li>Include these codes as defined in <a href=\"CodeSystem-SKS.html\"><code>https://kip.rkkp.dk/fhir/CodeSystem/SKS</code></a><table class=\"none\"><tr><td style=\"white-space:nowrap\"><b>Code</b></td><td><b>Display</b></td><td><b>Definition</b></td></tr><tr><td><a href=\"CodeSystem-SKS.html#SKS-BWG\">BWG</a></td><td>Strålebehandling</td><td>BWG - Strålebehandling</td></tr><tr><td><a href=\"CodeSystem-SKS.html#SKS-BWHA\">BWHA</a></td><td>Cytostatika</td><td>Cytostatisk behandling</td></tr><tr><td><a href=\"CodeSystem-SKS.html#SKS-BOHJ1\">BOHJ1</a></td><td>Antistof</td><td>Behandling med antistoffer</td></tr></table></li><li>Include these codes as defined in <a href=\"CodeSystem-TreatmentType.html\"><code>https://kip.rkkp.dk/fhir/CodeSystem/TreatmentType</code></a><table class=\"none\"><tr><td style=\"white-space:nowrap\"><b>Code</b></td><td><b>Display</b></td><td><b>Definition</b></td></tr><tr><td><a href=\"CodeSystem-TreatmentType.html#TreatmentType-operation\">operation</a></td><td>Operation</td><td>Operation</td></tr></table></li><li>Include these codes as defined in <a href=\"CodeSystem-GenericValues.html\"><code>https://kip.rkkp.dk/fhir/CodeSystem/GenericValues</code></a><table class=\"none\"><tr><td style=\"white-space:nowrap\"><b>Code</b></td><td><b>Display</b></td><td><b>Definition</b></td></tr><tr><td><a href=\"CodeSystem-GenericValues.html#GenericValues-none\">none</a></td><td>Ingen</td><td>None - used to choose none of the available values</td></tr></table></li></ul></div>"},"url":"https://kip.rkkp.dk/fhir/ValueSet/TreatmentCrossSection","version":"2.9.3","name":"TreatmentCrossSection","title":"Behandling af tværsnit","status":"active","experimental":true,"date":"2022-12-07T00:00:00+02:00","publisher":"Sundhedsvæsenets Kvalitetsinstitut with Trifork Digital Health A/S","contact":[{"name":"Sundhedsvæsenets Kvalitetsinstitut with Trifork Digital Health A/S","telecom":[{"system":"url","value":"https://trifork.com"},{"system":"email","value":"rbk@trifork.com"}]}],"description":"Hvilken type af tværsnit behandling blev valg","compose":{"include":[{"system":"https://kip.rkkp.dk/fhir/CodeSystem/SKS","concept":[{"code":"BWG","display":"Strålebehandling"},{"code":"BWHA","display":"Cytostatika"},{"code":"BOHJ1","display":"Antistof"}]},{"system":"https://kip.rkkp.dk/fhir/CodeSystem/TreatmentType","concept":[{"code":"operation","display":"Operation"}]},{"system":"https://kip.rkkp.dk/fhir/CodeSystem/GenericValues","concept":[{"code":"none","display":"Ingen"}]}]}}