{"resourceType":"ValueSet","id":"Intubation","text":{"status":"extensions","div":"<div xmlns=\"http://www.w3.org/1999/xhtml\"><p class=\"res-header-id\"><b>Generated Narrative: ValueSet Intubation</b></p><a name=\"Intubation\"> </a><a name=\"hcIntubation\"> </a><a name=\"Intubation-en-US\"> </a><ul><li>Include these codes as defined in <a href=\"CodeSystem-Intubation.html\"><code>https://kip.rkkp.dk/fhir/CodeSystem/Intubation</code></a><table class=\"none\"><tr><td style=\"white-space:nowrap\"><b>Code</b></td><td><b>Display</b></td><td><b>Definition</b></td></tr><tr><td><a href=\"CodeSystem-Intubation.html#Intubation-max2_dir\">max2_dir</a></td><td>Højest 2 forsøg, seneste ved direkte laryngoskopi</td><td>Højest 2 forsøg, seneste ved direkte laryngoskopi</td></tr><tr><td><a href=\"CodeSystem-Intubation.html#Intubation-max2_video\">max2_video</a></td><td>Højest 2 forsøg, seneste ved videolaryngoskopi</td><td>Højest 2 forsøg, seneste ved videolaryngoskopi</td></tr><tr><td><a href=\"CodeSystem-Intubation.html#Intubation-max2_flex\">max2_flex</a></td><td>Højest 2 forsøg, seneste ved fleksibel skopi</td><td>Højest 2 forsøg, seneste ved fleksibel skopi</td></tr><tr><td><a href=\"CodeSystem-Intubation.html#Intubation-max2_other\">max2_other</a></td><td>Højest 2 forsøg seneste ved andet end ovennævnte metoder</td><td>Højest 2 forsøg seneste ved andet end ovennævnte metoder</td></tr><tr><td><a href=\"CodeSystem-Intubation.html#Intubation-3_or_more\">3_or_more</a></td><td>3 forsøg eller flere uanset metode</td><td>3 forsøg eller flere uanset metode</td></tr><tr><td><a href=\"CodeSystem-Intubation.html#Intubation-abandon\">abandon</a></td><td>Intubation opgivet</td><td>Intubation opgivet</td></tr></table></li></ul></div>"},"url":"https://kip.rkkp.dk/fhir/ValueSet/Intubation","version":"0.1.8","name":"Intubation","title":"Intubation","status":"active","experimental":true,"date":"2022-06-09T00:00:00+02:00","publisher":"Sundhedsvæsnets Kvalistetsinstitut with Trifork Digital Health A/S","contact":[{"name":"Sundhedsvæsnets Kvalistetsinstitut with Trifork Digital Health A/S","telecom":[{"system":"url","value":"https://trifork.com"},{"system":"email","value":"rbk@trifork.com"}]}],"description":"Resultat af luftvejshåndtering vha. intubation","compose":{"include":[{"system":"https://kip.rkkp.dk/fhir/CodeSystem/Intubation","concept":[{"code":"max2_dir","display":"Højest 2 forsøg, seneste ved direkte laryngoskopi"},{"code":"max2_video","display":"Højest 2 forsøg, seneste ved videolaryngoskopi"},{"code":"max2_flex","display":"Højest 2 forsøg, seneste ved fleksibel skopi"},{"code":"max2_other","display":"Højest 2 forsøg seneste ved andet end ovennævnte metoder"},{"code":"3_or_more","display":"3 forsøg eller flere uanset metode"},{"code":"abandon","display":"Intubation opgivet"}]}]}}