{"resourceType":"ValueSet","id":"FiksationTibiaDKRR","text":{"status":"extensions","div":"<div xmlns=\"http://www.w3.org/1999/xhtml\"><p class=\"res-header-id\"><b>Generated Narrative: ValueSet FiksationTibiaDKRR</b></p><a name=\"FiksationTibiaDKRR\"> </a><a name=\"hcFiksationTibiaDKRR\"> </a><a name=\"FiksationTibiaDKRR-en-US\"> </a><p>This value set includes codes based on the following rules:</p><ul><li>Include these codes as defined in <a href=\"CodeSystem-FixationCruciateLigaments.html\"><code>https://kip.sundk.dk/fhir/CodeSystem/FixationCruciateLigaments</code></a><table class=\"none\"><tr><td style=\"white-space:nowrap\"><b>Code</b></td><td><b>Display</b></td><td><b>Definition</b></td></tr><tr><td><a href=\"CodeSystem-FixationCruciateLigaments.html#FixationCruciateLigaments-arthrek_biotenodesis_plla\">arthrek_biotenodesis_plla</a></td><td>Arthrek Biotenodesis PLLA skrue</td><td>Arthrek Biotenodesis PLLA skrue [Tibia]</td></tr><tr><td><a href=\"CodeSystem-FixationCruciateLigaments.html#FixationCruciateLigaments-arthrek_plla_retro\">arthrek_plla_retro</a></td><td>Arthrek PLLA retro-skrue</td><td>Arthrek PLLA retro-skrue [Tibia]</td></tr><tr><td><a href=\"CodeSystem-FixationCruciateLigaments.html#FixationCruciateLigaments-arthrek_plla\">arthrek_plla</a></td><td>Arthrek PLLA skrue</td><td>Arthrek PLLA skrue [Tibia]</td></tr><tr><td><a href=\"CodeSystem-FixationCruciateLigaments.html#FixationCruciateLigaments-arthrek_titanium\">arthrek_titanium</a></td><td>Arthrek Titanium skrue</td><td>Arthrek Titanium skrue [Tibia]</td></tr><tr><td><a href=\"CodeSystem-FixationCruciateLigaments.html#FixationCruciateLigaments-arthrex_delta\">arthrex_delta</a></td><td>Arthrex Deltaskrue</td><td>Arthrex Deltaskrue [Tibia]</td></tr><tr><td><a href=\"CodeSystem-FixationCruciateLigaments.html#FixationCruciateLigaments-arthrex_graftbolt\">arthrex_graftbolt</a></td><td>Arthrex GraftBolt</td><td>Arthrex GraftBolt [Tibia]</td></tr><tr><td><a href=\"CodeSystem-FixationCruciateLigaments.html#FixationCruciateLigaments-arthrex_peek\">arthrex_peek</a></td><td>Arthrex PEEK Skrue</td><td>Arthrex PEEK Skrue [Femur + Tibia]</td></tr><tr><td><a href=\"CodeSystem-FixationCruciateLigaments.html#FixationCruciateLigaments-arthrex_tight_rope\">arthrex_tight_rope</a></td><td>Arthrex Tight Rope</td><td>Arthrex Tight Rope [Femur + Tibia]</td></tr><tr><td><a href=\"CodeSystem-FixationCruciateLigaments.html#FixationCruciateLigaments-atlantech_bilok\">atlantech_bilok</a></td><td>Atlantech Bilok Skrue</td><td>Atlantech Bilok Skrue [Femur + Tibia]</td></tr><tr><td><a href=\"CodeSystem-FixationCruciateLigaments.html#FixationCruciateLigaments-atlantech_cobra\">atlantech_cobra</a></td><td>Atlantech Cobra</td><td>Atlantech Cobra [Tibia]</td></tr><tr><td><a href=\"CodeSystem-FixationCruciateLigaments.html#FixationCruciateLigaments-atlantech_metal\">atlantech_metal</a></td><td>Atlantech metal skrue</td><td>Atlantech metal skrue [Femur + Tibia]</td></tr><tr><td><a href=\"CodeSystem-FixationCruciateLigaments.html#FixationCruciateLigaments-biomet_centraloc\">biomet_centraloc</a></td><td>Biomet Centraloc</td><td>Biomet Centraloc [Tibia]</td></tr><tr><td><a href=\"CodeSystem-FixationCruciateLigaments.html#FixationCruciateLigaments-biomet_metal_tunneloc\">biomet_metal_tunneloc</a></td><td>Biomet metal skrue (Tunneloc)</td><td>Biomet metal skrue (Tunneloc) [Femur + Tibia]</td></tr><tr><td><a href=\"CodeSystem-FixationCruciateLigaments.html#FixationCruciateLigaments-biomet_peek_tibia_nail_tunneloc\">biomet_peek_tibia_nail_tunneloc</a></td><td>Biomet peek tibia nail (Tunneloc)</td><td>Biomet peek tibia nail (Tunneloc) [Tibia]</td></tr><tr><td><a href=\"CodeSystem-FixationCruciateLigaments.html#FixationCruciateLigaments-biomet_plla_gentlethread\">biomet_plla_gentlethread</a></td><td>Biomet PLLA skrue (Gentletread)</td><td>Biomet PLLA skrue (Gentletread) [Femur + Tibia]</td></tr><tr><td><a href=\"CodeSystem-FixationCruciateLigaments.html#FixationCruciateLigaments-biomet_washerloc\">biomet_washerloc</a></td><td>Biomet Washerloc</td><td>Biomet Washerloc [Tibia]</td></tr><tr><td><a href=\"CodeSystem-FixationCruciateLigaments.html#FixationCruciateLigaments-cayenne_aperfix\">cayenne_aperfix</a></td><td>Cayenne Aperfix</td><td>Cayenne Aperfix [Femur + Tibia]</td></tr><tr><td><a href=\"CodeSystem-FixationCruciateLigaments.html#FixationCruciateLigaments-conmed_martryx\">conmed_martryx</a></td><td>ConMed Martryx</td><td>ConMed Martryx [Tibia]</td></tr><tr><td><a href=\"CodeSystem-FixationCruciateLigaments.html#FixationCruciateLigaments-conmed_metal_propel\">conmed_metal_propel</a></td><td>ConMed Metal skrue (Propel)</td><td>ConMed Metal skrue (Propel) [Femur + Tibia]</td></tr><tr><td><a href=\"CodeSystem-FixationCruciateLigaments.html#FixationCruciateLigaments-conmed_plla_bioscrew\">conmed_plla_bioscrew</a></td><td>ConMed PLLA skrue (Bioscrew)</td><td>ConMed PLLA skrue (Bioscrew) [Femur + Tibia]</td></tr><tr><td><a href=\"CodeSystem-FixationCruciateLigaments.html#FixationCruciateLigaments-depuy_milagro_advance_peek\">depuy_milagro_advance_peek</a></td><td>Depuy Milagro ADVANCE PEEK</td><td>Depuy Milagro ADVANCE PEEK [Tibia]</td></tr><tr><td><a href=\"CodeSystem-FixationCruciateLigaments.html#FixationCruciateLigaments-depuy_mitek_intrafix\">depuy_mitek_intrafix</a></td><td>Depuy Mitek Intrafix</td><td>Depuy Mitek Intrafix [Tibia]</td></tr><tr><td><a href=\"CodeSystem-FixationCruciateLigaments.html#FixationCruciateLigaments-depuy_mitek_intrafix_bio\">depuy_mitek_intrafix_bio</a></td><td>Depuy Mitek Intrafix Bio</td><td>Depuy Mitek Intrafix Bio [Tibia]</td></tr><tr><td><a href=\"CodeSystem-FixationCruciateLigaments.html#FixationCruciateLigaments-depuy_mitek_milagro\">depuy_mitek_milagro</a></td><td>Depuy Mitek Milagro skrue</td><td>Depuy Mitek Milagro skrue [Femur + Tibia]</td></tr><tr><td><a href=\"CodeSystem-FixationCruciateLigaments.html#FixationCruciateLigaments-depuy_mitek_titanium\">depuy_mitek_titanium</a></td><td>Depuy Mitek Titanium skrue</td><td>Depuy Mitek Titanium skrue [Femur + Tibia]</td></tr><tr><td><a href=\"CodeSystem-FixationCruciateLigaments.html#FixationCruciateLigaments-depuy_rigidloop_adjustable\">depuy_rigidloop_adjustable</a></td><td>Depuy Rigidloop Adjustable</td><td>Depuy Rigidloop Adjustable [Tibia]</td></tr><tr><td><a href=\"CodeSystem-FixationCruciateLigaments.html#FixationCruciateLigaments-inion_hexalon\">inion_hexalon</a></td><td>Inion Hexalon skrue</td><td>Inion Hexalon skrue [Femur + Tibia]</td></tr><tr><td><a href=\"CodeSystem-FixationCruciateLigaments.html#FixationCruciateLigaments-intrafix_advance\">intrafix_advance</a></td><td>Intrafix Advance</td><td>Intrafix Advance [Tibia]</td></tr><tr><td><a href=\"CodeSystem-FixationCruciateLigaments.html#FixationCruciateLigaments-kramper\">kramper</a></td><td>Kramper</td><td>Kramper [Tibia]</td></tr><tr><td><a href=\"CodeSystem-FixationCruciateLigaments.html#FixationCruciateLigaments-smith.38nephew_biosure_peek\">smith&amp;nephew_biosure_peek</a></td><td>Smith &amp; Nephew Biosure PEEK skrue</td><td>Smith &amp; Nephew Biosure PEEK skrue [Femur + Tibia]</td></tr><tr><td><a href=\"CodeSystem-FixationCruciateLigaments.html#FixationCruciateLigaments-smith.38nephew_biosure_regensorb\">smith&amp;nephew_biosure_regensorb</a></td><td>Smith &amp; Nephew Biosure Regensorb</td><td>Smith &amp; Nephew Biosure Regensorb [Tibia]</td></tr><tr><td><a href=\"CodeSystem-FixationCruciateLigaments.html#FixationCruciateLigaments-smith.38nephew_rci_calaxo\">smith&amp;nephew_rci_calaxo</a></td><td>Smith &amp; Nephew RCI Calaxo</td><td>Smith &amp; Nephew RCI Calaxo [Tibia]</td></tr><tr><td><a href=\"CodeSystem-FixationCruciateLigaments.html#FixationCruciateLigaments-smith.38nephew_rci_metal\">smith&amp;nephew_rci_metal</a></td><td>Smith &amp; Nephew RCI metal</td><td>Smith &amp; Nephew RCI metal [Femur + Tibia]</td></tr><tr><td><a href=\"CodeSystem-FixationCruciateLigaments.html#FixationCruciateLigaments-smith.38nephew_rci_plla\">smith&amp;nephew_rci_plla</a></td><td>Smith &amp; Nephew RCI PLLA</td><td>Smith &amp; Nephew RCI PLLA [Femur + Tibia]</td></tr><tr><td><a href=\"CodeSystem-FixationCruciateLigaments.html#FixationCruciateLigaments-smith.38nephew_rci_plla.47ha\">smith&amp;nephew_rci_plla/ha</a></td><td>Smith &amp; Nephew RCI PLLA/HA</td><td>Smith &amp; Nephew RCI PLLA/HA [Femur + Tibia]</td></tr><tr><td><a href=\"CodeSystem-FixationCruciateLigaments.html#FixationCruciateLigaments-smith.38nephew_softsilk_metal\">smith&amp;nephew_softsilk_metal</a></td><td>Smith &amp; Nephew Softsilk metal</td><td>Smith &amp; Nephew Softsilk metal [Femur + Tibia]</td></tr><tr><td><a href=\"CodeSystem-FixationCruciateLigaments.html#FixationCruciateLigaments-storz_megafix\">storz_megafix</a></td><td>Storz Megafix</td><td>Storz Megafix [Tibia]</td></tr><tr><td><a href=\"CodeSystem-FixationCruciateLigaments.html#FixationCruciateLigaments-stryker_bioosteon\">stryker_bioosteon</a></td><td>Stryker Bioosteon skrue</td><td>Stryker Bioosteon skrue [Femur + Tibia]</td></tr><tr><td><a href=\"CodeSystem-FixationCruciateLigaments.html#FixationCruciateLigaments-stryker_crossscrew_ha.47plla\">stryker_crossscrew_ha/plla</a></td><td>Stryker Crossscrew (HA/PLLA)</td><td>Stryker Crossscrew (HA/PLLA) [Femur + Tibia]</td></tr><tr><td><a href=\"CodeSystem-FixationCruciateLigaments.html#FixationCruciateLigaments-stryker_crossscrew_titanium\">stryker_crossscrew_titanium</a></td><td>Stryker Crossscrew (Titanium)</td><td>Stryker Crossscrew (Titanium) [Femur + Tibia]</td></tr><tr><td><a href=\"CodeSystem-FixationCruciateLigaments.html#FixationCruciateLigaments-stryker_plla\">stryker_plla</a></td><td>Stryker PLLA skrue</td><td>Stryker PLLA skrue [Femur + Tibia]</td></tr><tr><td><a href=\"CodeSystem-FixationCruciateLigaments.html#FixationCruciateLigaments-stryker_titanium\">stryker_titanium</a></td><td>Stryker titanium skrue</td><td>Stryker titanium skrue [Femur + Tibia]</td></tr><tr><td><a href=\"CodeSystem-FixationCruciateLigaments.html#FixationCruciateLigaments-bona_canal\">bona_canal</a></td><td>Knoglekanal</td><td>Knoglekanal [Tibia]</td></tr><tr><td><a href=\"CodeSystem-FixationCruciateLigaments.html#FixationCruciateLigaments-screw.47washer\">screw/washer</a></td><td>Skrue/washer</td><td>Skrue/washer [Femur + Tibia]</td></tr></table></li><li>Include these codes as defined in <a href=\"CodeSystem-GenericValues.html\"><code>https://kip.sundk.dk/fhir/CodeSystem/GenericValues</code></a><table class=\"none\"><tr><td style=\"white-space:nowrap\"><b>Code</b></td><td><b>Display</b></td><td><b>Definition</b></td></tr><tr><td><a href=\"CodeSystem-GenericValues.html#GenericValues-other\">other</a></td><td>Andet</td><td>Other - used to choose unspecific value not in a valueset</td></tr></table></li></ul></div>"},"url":"https://kip.sundk.dk/fhir/ValueSet/FiksationTibiaDKRR","version":"0.0.9","name":"FiksationTibiaDKRR","title":"Fiksation, Tibia (DKRR)","status":"active","experimental":true,"date":"2022-09-21T00:00:00+02:00","publisher":"Sundhedsvæsnets Kvalistetsinstitut with Trifork Public A/S","contact":[{"name":"Sundhedsvæsnets Kvalistetsinstitut with Trifork Public A/S","telecom":[{"system":"url","value":"https://trifork.com"},{"system":"email","value":"rbk@trifork.com"}]}],"description":"Fiksation, Tibia (DKRR)","compose":{"include":[{"system":"https://kip.sundk.dk/fhir/CodeSystem/FixationCruciateLigaments","concept":[{"code":"arthrek_biotenodesis_plla","display":"Arthrek Biotenodesis PLLA skrue"},{"code":"arthrek_plla_retro","display":"Arthrek PLLA retro-skrue"},{"code":"arthrek_plla","display":"Arthrek PLLA skrue"},{"code":"arthrek_titanium","display":"Arthrek Titanium skrue"},{"code":"arthrex_delta","display":"Arthrex Deltaskrue"},{"code":"arthrex_graftbolt","display":"Arthrex GraftBolt"},{"code":"arthrex_peek","display":"Arthrex PEEK Skrue"},{"code":"arthrex_tight_rope","display":"Arthrex Tight Rope"},{"code":"atlantech_bilok","display":"Atlantech Bilok Skrue"},{"code":"atlantech_cobra","display":"Atlantech Cobra"},{"code":"atlantech_metal","display":"Atlantech metal skrue"},{"code":"biomet_centraloc","display":"Biomet Centraloc"},{"code":"biomet_metal_tunneloc","display":"Biomet metal skrue (Tunneloc)"},{"code":"biomet_peek_tibia_nail_tunneloc","display":"Biomet peek tibia nail (Tunneloc)"},{"code":"biomet_plla_gentlethread","display":"Biomet PLLA skrue (Gentletread)"},{"code":"biomet_washerloc","display":"Biomet Washerloc"},{"code":"cayenne_aperfix","display":"Cayenne Aperfix"},{"code":"conmed_martryx","display":"ConMed Martryx"},{"code":"conmed_metal_propel","display":"ConMed Metal skrue (Propel)"},{"code":"conmed_plla_bioscrew","display":"ConMed PLLA skrue (Bioscrew)"},{"code":"depuy_milagro_advance_peek","display":"Depuy Milagro ADVANCE PEEK"},{"code":"depuy_mitek_intrafix","display":"Depuy Mitek Intrafix"},{"code":"depuy_mitek_intrafix_bio","display":"Depuy Mitek Intrafix Bio"},{"code":"depuy_mitek_milagro","display":"Depuy Mitek Milagro skrue"},{"code":"depuy_mitek_titanium","display":"Depuy Mitek Titanium skrue"},{"code":"depuy_rigidloop_adjustable","display":"Depuy Rigidloop Adjustable"},{"code":"inion_hexalon","display":"Inion Hexalon skrue"},{"code":"intrafix_advance","display":"Intrafix Advance"},{"code":"kramper","display":"Kramper"},{"code":"smith&nephew_biosure_peek","display":"Smith & Nephew Biosure PEEK skrue"},{"code":"smith&nephew_biosure_regensorb","display":"Smith & Nephew Biosure Regensorb"},{"code":"smith&nephew_rci_calaxo","display":"Smith & Nephew RCI Calaxo"},{"code":"smith&nephew_rci_metal","display":"Smith & Nephew RCI metal"},{"code":"smith&nephew_rci_plla","display":"Smith & Nephew RCI PLLA"},{"code":"smith&nephew_rci_plla/ha","display":"Smith & Nephew RCI PLLA/HA"},{"code":"smith&nephew_softsilk_metal","display":"Smith & Nephew Softsilk metal"},{"code":"storz_megafix","display":"Storz Megafix"},{"code":"stryker_bioosteon","display":"Stryker Bioosteon skrue"},{"code":"stryker_crossscrew_ha/plla","display":"Stryker Crossscrew (HA/PLLA)"},{"code":"stryker_crossscrew_titanium","display":"Stryker Crossscrew (Titanium)"},{"code":"stryker_plla","display":"Stryker PLLA skrue"},{"code":"stryker_titanium","display":"Stryker titanium skrue"},{"code":"bona_canal","display":"Knoglekanal"},{"code":"screw/washer","display":"Skrue/washer"}]},{"system":"https://kip.sundk.dk/fhir/CodeSystem/GenericValues","concept":[{"code":"other","display":"Andet"}]}]}}