{"resourceType":"ValueSet","id":"CancertypeDCCG","text":{"status":"extensions","div":"<div xmlns=\"http://www.w3.org/1999/xhtml\"><p class=\"res-header-id\"><b>Generated Narrative: ValueSet CancertypeDCCG</b></p><a name=\"CancertypeDCCG\"> </a><a name=\"hcCancertypeDCCG\"> </a><a name=\"CancertypeDCCG-en-US\"> </a><ul><li>Include these codes as defined in <a href=\"CodeSystem-SKS.html\"><code>https://kip.rkkp.dk/fhir/CodeSystem/SKS</code></a><table class=\"none\"><tr><td style=\"white-space:nowrap\"><b>Code</b></td><td><b>Display</b></td><td><b>Definition</b></td></tr><tr><td><a href=\"CodeSystem-SKS.html#SKS-DC18\">DC18</a></td><td>Kolon</td><td>Kræft i tyktarmen</td></tr><tr><td><a href=\"CodeSystem-SKS.html#SKS-DC20\">DC20</a></td><td>Rektum</td><td>Kræft i endetarmen</td></tr></table></li></ul></div>"},"url":"https://kip.rkkp.dk/fhir/ValueSet/CancertypeDCCG","version":"2.9.0","name":"CancertypeDCCG","title":"Cancertype DCCG","status":"active","experimental":true,"date":"2022-09-06T00:00:00+02:00","publisher":"Sundhedsvæsnets Kvalistetsinstitut with Trifork Digital Health A/S","contact":[{"name":"Sundhedsvæsnets Kvalistetsinstitut with Trifork Digital Health A/S","telecom":[{"system":"url","value":"https://trifork.com"},{"system":"email","value":"rbk@trifork.com"}]}],"description":"Cancertype DCCG","compose":{"include":[{"system":"https://kip.rkkp.dk/fhir/CodeSystem/SKS","concept":[{"code":"DC18","display":"Kolon"},{"code":"DC20","display":"Rektum"}]}]}}