{"resourceType":"ValueSet","id":"Ingen","text":{"status":"extensions","div":"<div xmlns=\"http://www.w3.org/1999/xhtml\"><p class=\"res-header-id\"><b>Generated Narrative: ValueSet Ingen</b></p><a name=\"Ingen\"> </a><a name=\"hcIngen\"> </a><a name=\"Ingen-en-US\"> </a><ul><li>Include these codes as defined in <a href=\"CodeSystem-GenericValues.html\"><code>https://kip.sundk.dk/fhir/CodeSystem/GenericValues</code></a><table class=\"none\"><tr><td style=\"white-space:nowrap\"><b>Code</b></td><td><b>Display</b></td><td><b>Definition</b></td></tr><tr><td><a href=\"CodeSystem-GenericValues.html#GenericValues-none\">none</a></td><td>Ingen</td><td>None - used to choose none of the available values</td></tr></table></li></ul></div>"},"url":"https://kip.sundk.dk/fhir/ValueSet/Ingen","version":"0.0.9","name":"Ingen","title":"Ingen (enkelt udfald)","status":"active","experimental":true,"date":"2022-09-28T00:00:00+02:00","publisher":"Sundhedsvæsnets Kvalistetsinstitut with Trifork Public A/S","contact":[{"name":"Sundhedsvæsnets Kvalistetsinstitut with Trifork Public A/S","telecom":[{"system":"url","value":"https://trifork.com"},{"system":"email","value":"rbk@trifork.com"}]}],"description":"Giver mulighed for at svare ingen","compose":{"include":[{"system":"https://kip.sundk.dk/fhir/CodeSystem/GenericValues","concept":[{"code":"none","display":"Ingen"}]}]}}