{"resourceType":"ValueSet","id":"TidligereOperationHofte","text":{"status":"extensions","div":"<div xmlns=\"http://www.w3.org/1999/xhtml\"><p class=\"res-header-id\"><b>Generated Narrative: ValueSet TidligereOperationHofte</b></p><a name=\"TidligereOperationHofte\"> </a><a name=\"hcTidligereOperationHofte\"> </a><a name=\"TidligereOperationHofte-en-US\"> </a><p>This value set includes codes based on the following rules:</p><ul><li>Include these codes as defined in <a href=\"CodeSystem-AlloplastyTypes.html\"><code>https://kip.rkkp.dk/fhir/CodeSystem/AlloplastyTypes</code></a><table class=\"none\"><tr><td style=\"white-space:nowrap\"><b>Code</b></td><td><b>Display</b></td><td><b>Definition</b></td></tr><tr><td><a href=\"CodeSystem-AlloplastyTypes.html#AlloplastyTypes-periacetabular_osteotomy\">periacetabular_osteotomy</a></td><td>Periacetabulær osteotomi</td><td>Periacetabulær osteotomi</td></tr><tr><td><a href=\"CodeSystem-AlloplastyTypes.html#AlloplastyTypes-osteosynthesis\">osteosynthesis</a></td><td>Osteosyntese pga. proksimal femurfraktur</td><td>Osteosynthesis</td></tr><tr><td><a href=\"CodeSystem-AlloplastyTypes.html#AlloplastyTypes-hemialloplasty\">hemialloplasty</a></td><td>Hemialloplastik</td><td>Hemialloplasty</td></tr><tr><td><a href=\"CodeSystem-AlloplastyTypes.html#AlloplastyTypes-acetabulum_fracture\">acetabulum_fracture</a></td><td>Operation for acetabulumfraktur</td><td>Acetabulum fracture</td></tr><tr><td><a href=\"CodeSystem-AlloplastyTypes.html#AlloplastyTypes-proximal_femur_osteotomy\">proximal_femur_osteotomy</a></td><td>Proksimal femurosteotomi</td><td>Proximal femur osteotomy</td></tr><tr><td><a href=\"CodeSystem-AlloplastyTypes.html#AlloplastyTypes-total_alloplasty\">total_alloplasty</a></td><td>Total alloplastik</td><td>Total alloplasty</td></tr></table></li><li>Include these codes as defined in <a href=\"CodeSystem-GenericValues.html\"><code>https://kip.rkkp.dk/fhir/CodeSystem/GenericValues</code></a><table class=\"none\"><tr><td style=\"white-space:nowrap\"><b>Code</b></td><td><b>Display</b></td><td><b>Definition</b></td></tr><tr><td><a href=\"CodeSystem-GenericValues.html#GenericValues-other\">other</a></td><td>Andet</td><td>Other - used to choose unspecific value not in a valueset</td></tr></table></li></ul></div>"},"url":"https://kip.rkkp.dk/fhir/ValueSet/TidligereOperationHofte","version":"0.1.6","name":"TidligereOperationHofte","title":"Tidligere operation hofte (hoftealloplastik)","status":"active","experimental":true,"date":"2022-07-04T00:00:00+02:00","publisher":"Sundhedsvæsnets Kvalistetsinstitut with Trifork Digital Health A/S","contact":[{"name":"Sundhedsvæsnets Kvalistetsinstitut with Trifork Digital Health A/S","telecom":[{"system":"url","value":"https://trifork.com"},{"system":"email","value":"rbk@trifork.com"}]}],"description":"Tidligere operation hofte (hoftealloplastik)","compose":{"include":[{"system":"https://kip.rkkp.dk/fhir/CodeSystem/AlloplastyTypes","concept":[{"code":"periacetabular_osteotomy","display":"Periacetabulær osteotomi"},{"code":"osteosynthesis","display":"Osteosyntese pga. proksimal femurfraktur"},{"code":"hemialloplasty","display":"Hemialloplastik"},{"code":"acetabulum_fracture","display":"Operation for acetabulumfraktur"},{"code":"proximal_femur_osteotomy","display":"Proksimal femurosteotomi"},{"code":"total_alloplasty","display":"Total alloplastik"}]},{"system":"https://kip.rkkp.dk/fhir/CodeSystem/GenericValues","concept":[{"code":"other","display":"Andet"}]}]}}