{"resourceType":"ValueSet","id":"MorsDiagnoseInfektionerDNSL","text":{"status":"generated","div":"<div xmlns=\"http://www.w3.org/1999/xhtml\"><p class=\"res-header-id\"><b>Generated Narrative: ValueSet MorsDiagnoseInfektionerDNSL</b></p><a name=\"MorsDiagnoseInfektionerDNSL\"> </a><a name=\"hcMorsDiagnoseInfektionerDNSL\"> </a><a name=\"MorsDiagnoseInfektionerDNSL-en-US\"> </a><ul><li>Include these codes as defined in <a href=\"CodeSystem-MorsDiagnosekoder.html\"><code>https://kip.rkkp.dk/fhir/CodeSystem/MorsDiagnosekoder</code></a><table class=\"none\"><tr><td style=\"white-space:nowrap\"><b>Code</b></td><td><b>Display</b></td></tr><tr><td><a href=\"CodeSystem-MorsDiagnosekoder.html#MorsDiagnosekoder-DA162\">DA162</a></td><td>DA162: Lungetuberkulose u angivelse af bakt eller hist verif</td></tr><tr><td><a href=\"CodeSystem-MorsDiagnosekoder.html#MorsDiagnosekoder-DA188\">DA188</a></td><td>DA188: Tuberkulose i andre specificerede organer</td></tr><tr><td><a href=\"CodeSystem-MorsDiagnosekoder.html#MorsDiagnosekoder-DA419\">DA419</a></td><td>DA419: Septikæmi uden specifikation</td></tr><tr><td><a href=\"CodeSystem-MorsDiagnosekoder.html#MorsDiagnosekoder-DB349\">DB349</a></td><td>DB349: Virusinfektion uden specifikation</td></tr><tr><td><a href=\"CodeSystem-MorsDiagnosekoder.html#MorsDiagnosekoder-DB999\">DB999</a></td><td>DB999: Andre og ikke specificerede infektiøse sygdomme</td></tr><tr><td><a href=\"CodeSystem-MorsDiagnosekoder.html#MorsDiagnosekoder-DJ129\">DJ129</a></td><td>DJ129: Viruspneumoni uden specifikation</td></tr><tr><td><a href=\"CodeSystem-MorsDiagnosekoder.html#MorsDiagnosekoder-DJ159\">DJ159</a></td><td>DJ159: Bakteriel pneumoni uden specifikation</td></tr><tr><td><a href=\"CodeSystem-MorsDiagnosekoder.html#MorsDiagnosekoder-DJ168\">DJ168</a></td><td>DJ168: Pneumonier forårsaget af andre specificerede infekt agentia</td></tr><tr><td><a href=\"CodeSystem-MorsDiagnosekoder.html#MorsDiagnosekoder-DK650\">DK650</a></td><td>DK650: Peritonitis acuta</td></tr></table></li></ul></div>"},"url":"https://kip.rkkp.dk/fhir/ValueSet/MorsDiagnoseInfektionerDNSL","version":"0.2.1","name":"MorsDiagnoseInfektionerDNSL","title":"Mors Diagnosekode - Infektioner (DNSL)","status":"active","experimental":true,"date":"2024-01-10T00:00:00+02:00","publisher":"Sundhedsvæsnets Kvalistetsinstitut with Trifork Digital Health A/S","contact":[{"name":"Sundhedsvæsnets Kvalistetsinstitut with Trifork Digital Health A/S","telecom":[{"system":"url","value":"https://trifork.com"},{"system":"email","value":"rbk@trifork.com"}]}],"description":"Mors Diagnosekode - Infektioner (DNSL)","compose":{"include":[{"system":"https://kip.rkkp.dk/fhir/CodeSystem/MorsDiagnosekoder","concept":[{"code":"DA162","display":"DA162: Lungetuberkulose u angivelse af bakt eller hist verif"},{"code":"DA188","display":"DA188: Tuberkulose i andre specificerede organer"},{"code":"DA419","display":"DA419: Septikæmi uden specifikation"},{"code":"DB349","display":"DB349: Virusinfektion uden specifikation"},{"code":"DB999","display":"DB999: Andre og ikke specificerede infektiøse sygdomme"},{"code":"DJ129","display":"DJ129: Viruspneumoni uden specifikation"},{"code":"DJ159","display":"DJ159: Bakteriel pneumoni uden specifikation"},{"code":"DJ168","display":"DJ168: Pneumonier forårsaget af andre specificerede infekt agentia"},{"code":"DK650","display":"DK650: Peritonitis acuta"}]}]}}