{"resourceType":"ValueSet","id":"AKBehandlingDKR","text":{"status":"extensions","div":"<div xmlns=\"http://www.w3.org/1999/xhtml\"><p class=\"res-header-id\"><b>Generated Narrative: ValueSet AKBehandlingDKR</b></p><a name=\"AKBehandlingDKR\"> </a><a name=\"hcAKBehandlingDKR\"> </a><a name=\"AKBehandlingDKR-en-US\"> </a><p>This value set includes codes based on the following rules:</p><ul><li>Include these codes as defined in <a href=\"CodeSystem-AKBehandling.html\"><code>https://kip.rkkp.dk/fhir/CodeSystem/AKBehandling</code></a><table class=\"none\"><tr><td style=\"white-space:nowrap\"><b>Code</b></td><td><b>Display</b></td><td><b>Definition</b></td></tr><tr><td><a href=\"CodeSystem-AKBehandling.html#AKBehandling-clopidogrel\">clopidogrel</a></td><td>Clopidogrel (fx Plavix), Ticagrelor (Brilique)</td><td>Clopidogrel (fx Plavix), Ticagrelor (Brilique)</td></tr><tr><td><a href=\"CodeSystem-AKBehandling.html#AKBehandling-persantin\">persantin</a></td><td>Persantin</td><td>Persantin</td></tr><tr><td><a href=\"CodeSystem-AKBehandling.html#AKBehandling-orisantin\">orisantin</a></td><td>Orisantin (Asasantin)</td><td>Orisantin (Asasantin)</td></tr><tr><td><a href=\"CodeSystem-AKBehandling.html#AKBehandling-acetylsalicylsyre\">acetylsalicylsyre</a></td><td>Acetylsalicylsyre (fx Magnyl)</td><td>Acetylsalicylsyre (fx Magnyl)</td></tr><tr><td><a href=\"CodeSystem-AKBehandling.html#AKBehandling-vitamin_k\">vitamin_k</a></td><td>Vitamin-K antagonist (Ma-ravan, Warfarin, Marcoumar)</td><td>Vitamin-K antagonist (Ma-ravan, Warfarin, Marcoumar)</td></tr><tr><td><a href=\"CodeSystem-AKBehandling.html#AKBehandling-noak\">noak</a></td><td>NOAK (fx Xarelto, Pradaxa, Eliquis)</td><td>NOAK (fx Xarelto, Pradaxa, Eliquis)</td></tr></table></li><li>Include these codes as defined in <a href=\"CodeSystem-GenericValues.html\"><code>https://kip.rkkp.dk/fhir/CodeSystem/GenericValues</code></a><table class=\"none\"><tr><td style=\"white-space:nowrap\"><b>Code</b></td><td><b>Display</b></td><td><b>Definition</b></td></tr><tr><td><a href=\"CodeSystem-GenericValues.html#GenericValues-other\">other</a></td><td>Andet</td><td>Other - used to choose unspecific value not in a valueset</td></tr></table></li></ul></div>"},"url":"https://kip.rkkp.dk/fhir/ValueSet/AKBehandlingDKR","version":"2.9.1","name":"AKBehandlingDKR","title":"AK Behandling (DKR)","status":"active","experimental":true,"date":"2022-10-13T00:00:00+02:00","publisher":"Sundhedsvæsnets Kvalistetsinstitut with Trifork Digital Health A/S","contact":[{"name":"Sundhedsvæsnets Kvalistetsinstitut with Trifork Digital Health A/S","telecom":[{"system":"url","value":"https://trifork.com"},{"system":"email","value":"rbk@trifork.com"}]}],"description":"AK Behandling (DKR)","compose":{"include":[{"system":"https://kip.rkkp.dk/fhir/CodeSystem/AKBehandling","concept":[{"code":"clopidogrel","display":"Clopidogrel (fx Plavix), Ticagrelor (Brilique)"},{"code":"persantin","display":"Persantin"},{"code":"orisantin","display":"Orisantin (Asasantin)"},{"code":"acetylsalicylsyre","display":"Acetylsalicylsyre (fx Magnyl)"},{"code":"vitamin_k","display":"Vitamin-K antagonist (Ma-ravan, Warfarin, Marcoumar)"},{"code":"noak","display":"NOAK (fx Xarelto, Pradaxa, Eliquis)"}]},{"system":"https://kip.rkkp.dk/fhir/CodeSystem/GenericValues","concept":[{"code":"other","display":"Andet"}]}]}}