{"resourceType":"ValueSet","id":"JaNejEjMaalt","text":{"status":"extensions","div":"<div xmlns=\"http://www.w3.org/1999/xhtml\"><p class=\"res-header-id\"><b>Generated Narrative: ValueSet JaNejEjMaalt</b></p><a name=\"JaNejEjMaalt\"> </a><a name=\"hcJaNejEjMaalt\"> </a><a name=\"JaNejEjMaalt-en-US\"> </a><ul><li>Include these codes as defined in <a href=\"http://terminology.hl7.org/3.1.0/CodeSystem-v2-0532.html\"><code>http://terminology.hl7.org/CodeSystem/v2-0532</code></a><table class=\"none\"><tr><td style=\"white-space:nowrap\"><b>Code</b></td><td><b>Display</b></td><td><b>Definition</b></td></tr><tr><td><a href=\"http://terminology.hl7.org/3.1.0/CodeSystem-v2-0532.html#v2-0532-Y\">Y</a></td><td>Ja</td><td>Yes</td></tr><tr><td><a href=\"http://terminology.hl7.org/3.1.0/CodeSystem-v2-0532.html#v2-0532-N\">N</a></td><td>Nej</td><td>No</td></tr><tr><td><a href=\"http://terminology.hl7.org/3.1.0/CodeSystem-v2-0532.html#v2-0532-NI\">NI</a></td><td>Ikke målt</td><td>No Information</td></tr></table></li></ul></div>"},"url":"https://kip.rkkp.dk/fhir/ValueSet/JaNejEjMaalt","version":"2.9.3","name":"JaNejEjMaalt","title":"Ja / Nej / Ikke målt","status":"active","experimental":true,"date":"2022-05-16T00:00:00+02:00","publisher":"Sundhedsvæsenets Kvalitetsinstitut with Trifork Digital Health A/S","contact":[{"name":"Sundhedsvæsenets Kvalitetsinstitut with Trifork Digital Health A/S","telecom":[{"system":"url","value":"https://trifork.com"},{"system":"email","value":"rbk@trifork.com"}]}],"description":"Giver mulighed for et 'ikke-målt' svar","compose":{"include":[{"system":"http://terminology.hl7.org/CodeSystem/v2-0532","concept":[{"code":"Y","display":"Ja"},{"code":"N","display":"Nej"},{"code":"NI","display":"Ikke målt"}]}]}}