{"resourceType":"ValueSet","id":"BehandlinsplanAendretAarsagDCCG","text":{"status":"extensions","div":"<div xmlns=\"http://www.w3.org/1999/xhtml\"><p class=\"res-header-id\"><b>Generated Narrative: ValueSet BehandlinsplanAendretAarsagDCCG</b></p><a name=\"BehandlinsplanAendretAarsagDCCG\"> </a><a name=\"hcBehandlinsplanAendretAarsagDCCG\"> </a><a name=\"BehandlinsplanAendretAarsagDCCG-en-US\"> </a><p>This value set includes codes based on the following rules:</p><ul><li>Include these codes as defined in <a href=\"CodeSystem-ProcedureNotCompleted.html\"><code>https://kip.rkkp.dk/fhir/CodeSystem/ProcedureNotCompleted</code></a><table class=\"none\"><tr><td style=\"white-space:nowrap\"><b>Code</b></td><td><b>Display</b></td><td><b>Definition</b></td></tr><tr><td><a href=\"CodeSystem-ProcedureNotCompleted.html#ProcedureNotCompleted-disease_progression\">disease_progression</a></td><td>Sygdomsprogression</td><td>Progression of disease / Sygdomsprogression</td></tr><tr><td><a href=\"CodeSystem-ProcedureNotCompleted.html#ProcedureNotCompleted-disease_regression\">disease_regression</a></td><td>Sygdomsregression</td><td>Regression of disease / Sygdomsregression</td></tr></table></li><li>Include these codes as defined in <a href=\"CodeSystem-GenericValues.html\"><code>https://kip.rkkp.dk/fhir/CodeSystem/GenericValues</code></a><table class=\"none\"><tr><td style=\"white-space:nowrap\"><b>Code</b></td><td><b>Display</b></td><td><b>Definition</b></td></tr><tr><td><a href=\"CodeSystem-GenericValues.html#GenericValues-other\">other</a></td><td>Anden årsag</td><td>Other - used to choose unspecific value not in a valueset</td></tr></table></li></ul></div>"},"url":"https://kip.rkkp.dk/fhir/ValueSet/BehandlinsplanAendretAarsagDCCG","version":"2.9.1","name":"BehandlinsplanAendretAarsagDCCG","title":"Årsag til ændret behandlingsplan DCCG","status":"active","experimental":true,"date":"2022-09-07T00:00:00+02:00","publisher":"Sundhedsvæsnets Kvalistetsinstitut with Trifork Digital Health A/S","contact":[{"name":"Sundhedsvæsnets Kvalistetsinstitut with Trifork Digital Health A/S","telecom":[{"system":"url","value":"https://trifork.com"},{"system":"email","value":"rbk@trifork.com"}]}],"description":"Årsag til ændret behandlingsplan DCCG","compose":{"include":[{"system":"https://kip.rkkp.dk/fhir/CodeSystem/ProcedureNotCompleted","concept":[{"code":"disease_progression","display":"Sygdomsprogression"},{"code":"disease_regression","display":"Sygdomsregression"}]},{"system":"https://kip.rkkp.dk/fhir/CodeSystem/GenericValues","concept":[{"code":"other","display":"Anden årsag"}]}]}}