{"resourceType":"ValueSet","id":"MorsDiagnosegrupper","text":{"status":"extensions","div":"<div xmlns=\"http://www.w3.org/1999/xhtml\"><p class=\"res-header-id\"><b>Generated Narrative: ValueSet MorsDiagnosegrupper</b></p><a name=\"MorsDiagnosegrupper\"> </a><a name=\"hcMorsDiagnosegrupper\"> </a><a name=\"MorsDiagnosegrupper-en-US\"> </a><p>This value set includes codes based on the following rules:</p><ul><li>Include these codes as defined in <a href=\"CodeSystem-GenericValues.html\"><code>https://kip.rkkp.dk/fhir/CodeSystem/GenericValues</code></a><table class=\"none\"><tr><td style=\"white-space:nowrap\"><b>Code</b></td><td><b>Display</b></td><td><b>Definition</b></td></tr><tr><td><a href=\"CodeSystem-GenericValues.html#GenericValues-various\">various</a></td><td>Forskelligt</td><td>Forskelligt</td></tr></table></li><li>Include these codes as defined in <a href=\"CodeSystem-MorsDiagnosegrupper.html\"><code>https://kip.rkkp.dk/fhir/CodeSystem/MorsDiagnosegrupper</code></a><table class=\"none\"><tr><td style=\"white-space:nowrap\"><b>Code</b></td><td><b>Display</b></td></tr><tr><td><a href=\"CodeSystem-MorsDiagnosegrupper.html#MorsDiagnosegrupper-infektion\">infektion</a></td><td>Infektioner</td></tr><tr><td><a href=\"CodeSystem-MorsDiagnosegrupper.html#MorsDiagnosegrupper-kardinal\">kardinal</a></td><td>Kardiale årsager</td></tr><tr><td><a href=\"CodeSystem-MorsDiagnosegrupper.html#MorsDiagnosegrupper-Lever\">Lever</a></td><td>Leverlidelser</td></tr><tr><td><a href=\"CodeSystem-MorsDiagnosegrupper.html#MorsDiagnosegrupper-social\">social</a></td><td>Socialt</td></tr><tr><td><a href=\"CodeSystem-MorsDiagnosegrupper.html#MorsDiagnosegrupper-ulykker\">ulykker</a></td><td>Ulykke</td></tr><tr><td><a href=\"CodeSystem-MorsDiagnosegrupper.html#MorsDiagnosegrupper-vaskulaer\">vaskulaer</a></td><td>Vaskulære årsager</td></tr></table></li></ul></div>"},"url":"https://kip.rkkp.dk/fhir/ValueSet/MorsDiagnosegrupper","version":"2.9.3","name":"MorsDiagnosegrupper","title":"Mors Diagnosegrupper (DNSL)","status":"active","experimental":true,"date":"2024-01-10T00:00:00+02:00","publisher":"Sundhedsvæsenets Kvalitetsinstitut with Trifork Digital Health A/S","contact":[{"name":"Sundhedsvæsenets Kvalitetsinstitut with Trifork Digital Health A/S","telecom":[{"system":"url","value":"https://trifork.com"},{"system":"email","value":"rbk@trifork.com"}]}],"description":"Vurdering af en given behandling","compose":{"include":[{"system":"https://kip.rkkp.dk/fhir/CodeSystem/GenericValues","concept":[{"code":"various","display":"Forskelligt"}]},{"system":"https://kip.rkkp.dk/fhir/CodeSystem/MorsDiagnosegrupper","concept":[{"code":"infektion","display":"Infektioner"},{"code":"kardinal","display":"Kardiale årsager"},{"code":"Lever","display":"Leverlidelser"},{"code":"social","display":"Socialt"},{"code":"ulykker","display":"Ulykke"},{"code":"vaskulaer","display":"Vaskulære årsager"}]}]}}