{"resourceType":"ValueSet","id":"OperationssideHoejreVenstreDobbeltsidig","text":{"status":"extensions","div":"<div xmlns=\"http://www.w3.org/1999/xhtml\"><p class=\"res-header-id\"><b>Generated Narrative: ValueSet OperationssideHoejreVenstreDobbeltsidig</b></p><a name=\"OperationssideHoejreVenstreDobbeltsidig\"> </a><a name=\"hcOperationssideHoejreVenstreDobbeltsidig\"> </a><a name=\"OperationssideHoejreVenstreDobbeltsidig-en-US\"> </a><ul><li>Include these codes as defined in <a href=\"CodeSystem-SKS.html\"><code>https://kip.rkkp.dk/fhir/CodeSystem/SKS</code></a><table class=\"none\"><tr><td style=\"white-space:nowrap\"><b>Code</b></td><td><b>Display</b></td><td><b>Definition</b></td></tr><tr><td><a href=\"CodeSystem-SKS.html#SKS-TUL1\">TUL1</a></td><td>Højre</td><td>TUL1 - højresidig</td></tr><tr><td><a href=\"CodeSystem-SKS.html#SKS-TUL2\">TUL2</a></td><td>Venstre</td><td>TUL2 - venstresidig</td></tr><tr><td><a href=\"CodeSystem-SKS.html#SKS-TUL3\">TUL3</a></td><td>Dobbeltsidig/Bilateralt</td><td>TUL3 - dobbeltsidig</td></tr></table></li></ul></div>"},"url":"https://kip.rkkp.dk/fhir/ValueSet/OperationssideHoejreVenstreDobbeltsidig","version":"2.9.1","name":"OperationssideHoejreVenstreDobbeltsidig","title":"Operationsside (højre/venstre/dobbeltsidig)","status":"active","experimental":true,"date":"2022-07-20T00:00:00+02:00","publisher":"Sundhedsvæsnets Kvalistetsinstitut with Trifork Digital Health A/S","contact":[{"name":"Sundhedsvæsnets Kvalistetsinstitut with Trifork Digital Health A/S","telecom":[{"system":"url","value":"https://trifork.com"},{"system":"email","value":"rbk@trifork.com"}]}],"description":"Operationsside (højre/venstre/dobbeltsidig)","compose":{"include":[{"system":"https://kip.rkkp.dk/fhir/CodeSystem/SKS","concept":[{"code":"TUL1","display":"Højre"},{"code":"TUL2","display":"Venstre"},{"code":"TUL3","display":"Dobbeltsidig/Bilateralt"}]}]}}