{"resourceType":"ValueSet","id":"SSSFacialisparese","text":{"status":"extensions","div":"<div xmlns=\"http://www.w3.org/1999/xhtml\"><p class=\"res-header-id\"><b>Generated Narrative: ValueSet SSSFacialisparese</b></p><a name=\"SSSFacialisparese\"> </a><a name=\"hcSSSFacialisparese\"> </a><a name=\"SSSFacialisparese-en-US\"> </a><ul><li>Include these codes as defined in <a href=\"CodeSystem-SSSFacialParesis.html\"><code>https://kip.rkkp.dk/fhir/CodeSystem/SSSFacialParesis</code></a><table class=\"none\"><tr><td style=\"white-space:nowrap\"><b>Code</b></td><td><b>Display</b></td><td><b>Definition</b></td></tr><tr><td><a href=\"CodeSystem-SSSFacialParesis.html#SSSFacialParesis-2\">2</a></td><td>2: ingen eller tvivlsom</td><td>Ingen eller tvivlsom parese.</td></tr><tr><td><a href=\"CodeSystem-SSSFacialParesis.html#SSSFacialParesis-0\">0</a></td><td>0: til stede</td><td>Sikker facialisparese</td></tr></table></li></ul></div>"},"url":"https://kip.rkkp.dk/fhir/ValueSet/SSSFacialisparese","version":"0.1.8","name":"SSSFacialisparese","title":"Scandinavian Stroke Scale - Facialisparese","status":"active","experimental":true,"date":"2022-06-23T00:00:00+02:00","publisher":"Sundhedsvæsnets Kvalistetsinstitut with Trifork Digital Health A/S","contact":[{"name":"Sundhedsvæsnets Kvalistetsinstitut with Trifork Digital Health A/S","telecom":[{"system":"url","value":"https://trifork.com"},{"system":"email","value":"rbk@trifork.com"}]}],"description":"Scandinavian Stroke Scale - Facialisparese","compose":{"include":[{"system":"https://kip.rkkp.dk/fhir/CodeSystem/SSSFacialParesis","concept":[{"code":"2","display":"2: ingen eller tvivlsom"},{"code":"0","display":"0: til stede"}]}]}}