{"resourceType":"ValueSet","id":"MaaleudstyrDKRR","text":{"status":"extensions","div":"<div xmlns=\"http://www.w3.org/1999/xhtml\"><p class=\"res-header-id\"><b>Generated Narrative: ValueSet MaaleudstyrDKRR</b></p><a name=\"MaaleudstyrDKRR\"> </a><a name=\"hcMaaleudstyrDKRR\"> </a><a name=\"MaaleudstyrDKRR-en-US\"> </a><p>This value set includes codes based on the following rules:</p><ul><li>Include these codes as defined in <a href=\"CodeSystem-MeasurementDevices.html\"><code>https://kip.rkkp.dk/fhir/CodeSystem/MeasurementDevices</code></a><table class=\"none\"><tr><td style=\"white-space:nowrap\"><b>Code</b></td><td><b>Display</b></td><td><b>Definition</b></td></tr><tr><td><a href=\"CodeSystem-MeasurementDevices.html#MeasurementDevices-kt-1000_kt-2000\">kt-1000_kt-2000</a></td><td>KT-1000/KT-2000</td><td>KT-1000/KT-2000</td></tr><tr><td><a href=\"CodeSystem-MeasurementDevices.html#MeasurementDevices-rolimeter\">rolimeter</a></td><td>Rolimeter</td><td>Rolimeter</td></tr></table></li><li>Include these codes as defined in <a href=\"CodeSystem-GenericValues.html\"><code>https://kip.rkkp.dk/fhir/CodeSystem/GenericValues</code></a><table class=\"none\"><tr><td style=\"white-space:nowrap\"><b>Code</b></td><td><b>Display</b></td><td><b>Definition</b></td></tr><tr><td><a href=\"CodeSystem-GenericValues.html#GenericValues-other\">other</a></td><td>Andet</td><td>Other - used to choose unspecific value not in a valueset</td></tr></table></li></ul></div>"},"url":"https://kip.rkkp.dk/fhir/ValueSet/MaaleudstyrDKRR","version":"2.9.0","name":"MaaleudstyrDKRR","title":"Måleudstyr (DKRR)","status":"active","experimental":true,"date":"2022-09-19T00:00:00+02:00","publisher":"Sundhedsvæsnets Kvalistetsinstitut with Trifork Digital Health A/S","contact":[{"name":"Sundhedsvæsnets Kvalistetsinstitut with Trifork Digital Health A/S","telecom":[{"system":"url","value":"https://trifork.com"},{"system":"email","value":"rbk@trifork.com"}]}],"description":"Måleudstyr (DKRR)","compose":{"include":[{"system":"https://kip.rkkp.dk/fhir/CodeSystem/MeasurementDevices","concept":[{"code":"kt-1000_kt-2000","display":"KT-1000/KT-2000"},{"code":"rolimeter","display":"Rolimeter"}]},{"system":"https://kip.rkkp.dk/fhir/CodeSystem/GenericValues","concept":[{"code":"other","display":"Andet"}]}]}}