{"resourceType":"ValueSet","id":"ProcedureTypeDCCG2","text":{"status":"extensions","div":"<div xmlns=\"http://www.w3.org/1999/xhtml\"><p class=\"res-header-id\"><b>Generated Narrative: ValueSet ProcedureTypeDCCG2</b></p><a name=\"ProcedureTypeDCCG2\"> </a><a name=\"hcProcedureTypeDCCG2\"> </a><a name=\"ProcedureTypeDCCG2-en-US\"> </a><p>This value set includes codes based on the following rules:</p><ul><li>Include these codes as defined in <a href=\"CodeSystem-GenericValues.html\"><code>https://kip.sundk.dk/fhir/CodeSystem/GenericValues</code></a><table class=\"none\"><tr><td style=\"white-space:nowrap\"><b>Code</b></td><td><b>Display</b></td><td><b>Definition</b></td></tr><tr><td><a href=\"CodeSystem-GenericValues.html#GenericValues-none\">none</a></td><td>Ingen konvertering</td><td>None - used to choose none of the available values</td></tr></table></li><li>Include these codes as defined in <a href=\"CodeSystem-ProcedureType.html\"><code>https://kip.sundk.dk/fhir/CodeSystem/ProcedureType</code></a><table class=\"none\"><tr><td style=\"white-space:nowrap\"><b>Code</b></td><td><b>Display</b></td><td><b>Definition</b></td></tr><tr><td><a href=\"CodeSystem-ProcedureType.html#ProcedureType-laparotomy\">laparotomy</a></td><td>Laparotomi</td><td>Laparotomy / Laparotomi / SNOMED-CT: 86481000</td></tr><tr><td><a href=\"CodeSystem-ProcedureType.html#ProcedureType-multiple_ports\">multiple_ports</a></td><td>Flerport laparoskopi</td><td>Multiple ports / Flerport</td></tr><tr><td><a href=\"CodeSystem-ProcedureType.html#ProcedureType-transanal_dissection\">transanal_dissection</a></td><td>Transanal dissektion</td><td>Transanal dissektion</td></tr></table></li></ul></div>"},"url":"https://kip.sundk.dk/fhir/ValueSet/ProcedureTypeDCCG2","version":"0.0.9","name":"ProcedureTypeDCCG2","title":"Proceduretyper til DCCG 2","status":"active","experimental":true,"date":"2022-10-11T00:00:00+02:00","publisher":"Sundhedsvæsnets Kvalistetsinstitut with Trifork Public A/S","contact":[{"name":"Sundhedsvæsnets Kvalistetsinstitut with Trifork Public A/S","telecom":[{"system":"url","value":"https://trifork.com"},{"system":"email","value":"rbk@trifork.com"}]}],"description":"Proceduretyper til DCCG 2","compose":{"include":[{"system":"https://kip.sundk.dk/fhir/CodeSystem/GenericValues","concept":[{"code":"none","display":"Ingen konvertering"}]},{"system":"https://kip.sundk.dk/fhir/CodeSystem/ProcedureType","concept":[{"code":"laparotomy","display":"Laparotomi"},{"code":"multiple_ports","display":"Flerport laparoskopi"},{"code":"transanal_dissection","display":"Transanal dissektion"}]}]}}