{"resourceType":"ValueSet","id":"IndgrebAabenMeshIngvinalhernieDHDB","text":{"status":"extensions","div":"<div xmlns=\"http://www.w3.org/1999/xhtml\"><p class=\"res-header-id\"><b>Generated Narrative: ValueSet IndgrebAabenMeshIngvinalhernieDHDB</b></p><a name=\"IndgrebAabenMeshIngvinalhernieDHDB\"> </a><a name=\"hcIndgrebAabenMeshIngvinalhernieDHDB\"> </a><a name=\"IndgrebAabenMeshIngvinalhernieDHDB-en-US\"> </a><p>This value set includes codes based on the following rules:</p><ul><li>Include these codes as defined in <a href=\"CodeSystem-ProcedureType.html\"><code>https://kip.sundk.dk/fhir/CodeSystem/ProcedureType</code></a><table class=\"none\"><tr><td style=\"white-space:nowrap\"><b>Code</b></td><td><b>Display</b></td><td><b>Definition</b></td></tr><tr><td><a href=\"CodeSystem-ProcedureType.html#ProcedureType-plug\">plug</a></td><td>Plug alene</td><td>Plug</td></tr><tr><td><a href=\"CodeSystem-ProcedureType.html#ProcedureType-plug_plate\">plug_plate</a></td><td>Plug plus plade</td><td>Plug and plate / Plug og plade</td></tr></table></li><li>Include these codes as defined in <a href=\"CodeSystem-GenericValues.html\"><code>https://kip.sundk.dk/fhir/CodeSystem/GenericValues</code></a><table class=\"none\"><tr><td style=\"white-space:nowrap\"><b>Code</b></td><td><b>Display</b></td><td><b>Definition</b></td></tr><tr><td><a href=\"CodeSystem-GenericValues.html#GenericValues-other\">other</a></td><td>Øvrige åben mesh</td><td>Other - used to choose unspecific value not in a valueset</td></tr></table></li></ul></div>"},"url":"https://kip.sundk.dk/fhir/ValueSet/IndgrebAabenMeshIngvinalhernieDHDB","version":"0.0.9","name":"IndgrebAabenMeshIngvinalhernieDHDB","title":"Indgreb, åben mesh - ingvinalhernie (DHDB)","status":"active","experimental":true,"date":"2022-07-20T00:00:00+02:00","publisher":"Sundhedsvæsnets Kvalistetsinstitut with Trifork Public A/S","contact":[{"name":"Sundhedsvæsnets Kvalistetsinstitut with Trifork Public A/S","telecom":[{"system":"url","value":"https://trifork.com"},{"system":"email","value":"rbk@trifork.com"}]}],"description":"Indgreb, åben mesh - ingvinalhernie (DHDB)","compose":{"include":[{"system":"https://kip.sundk.dk/fhir/CodeSystem/ProcedureType","concept":[{"code":"plug","display":"Plug alene"},{"code":"plug_plate","display":"Plug plus plade"}]},{"system":"https://kip.sundk.dk/fhir/CodeSystem/GenericValues","concept":[{"code":"other","display":"Øvrige åben mesh"}]}]}}