{"resourceType":"ValueSet","id":"DetectionMethodCR","text":{"status":"extensions","div":"<div xmlns=\"http://www.w3.org/1999/xhtml\"><p class=\"res-header-id\"><b>Generated Narrative: ValueSet DetectionMethodCR</b></p><a name=\"DetectionMethodCR\"> </a><a name=\"hcDetectionMethodCR\"> </a><a name=\"DetectionMethodCR-en-US\"> </a><ul><li>Include these codes as defined in <a href=\"CodeSystem-DetectionMethods.html\"><code>https://kip.rkkp.dk/fhir/CodeSystem/DetectionMethods</code></a><table class=\"none\"><tr><td style=\"white-space:nowrap\"><b>Code</b></td><td><b>Display</b></td><td><b>Definition</b></td></tr><tr><td><a href=\"CodeSystem-DetectionMethods.html#DetectionMethods-clinical\">clinical</a></td><td>Klinisk bedømt</td><td>Kliniske</td></tr><tr><td><a href=\"CodeSystem-DetectionMethods.html#DetectionMethods-radiological\">radiological</a></td><td>Radiologisk påvist</td><td>Radiologisk bekræftet</td></tr></table></li></ul></div>"},"url":"https://kip.rkkp.dk/fhir/ValueSet/DetectionMethodCR","version":"0.1.6","name":"DetectionMethodCR","title":"Detection Method C/R","status":"active","experimental":true,"date":"2022-07-18T00:00:00+02:00","publisher":"Sundhedsvæsnets Kvalistetsinstitut with Trifork Digital Health A/S","contact":[{"name":"Sundhedsvæsnets Kvalistetsinstitut with Trifork Digital Health A/S","telecom":[{"system":"url","value":"https://trifork.com"},{"system":"email","value":"rbk@trifork.com"}]}],"description":"Detection Method Clinical/Radiological","compose":{"include":[{"system":"https://kip.rkkp.dk/fhir/CodeSystem/DetectionMethods","concept":[{"code":"clinical","display":"Klinisk bedømt"},{"code":"radiological","display":"Radiologisk påvist"}]}]}}