{"resourceType":"ValueSet","id":"JaEnkeltUdfald","text":{"status":"extensions","div":"<div xmlns=\"http://www.w3.org/1999/xhtml\"><p class=\"res-header-id\"><b>Generated Narrative: ValueSet JaEnkeltUdfald</b></p><a name=\"JaEnkeltUdfald\"> </a><a name=\"hcJaEnkeltUdfald\"> </a><a name=\"JaEnkeltUdfald-en-US\"> </a><ul><li>Include these codes as defined in <a href=\"http://terminology.hl7.org/3.1.0/CodeSystem-v2-0532.html\"><code>http://terminology.hl7.org/CodeSystem/v2-0532</code></a><table class=\"none\"><tr><td style=\"white-space:nowrap\"><b>Code</b></td><td><b>Display</b></td><td><b>Definition</b></td></tr><tr><td><a href=\"http://terminology.hl7.org/3.1.0/CodeSystem-v2-0532.html#v2-0532-Y\">Y</a></td><td>Ja</td><td>Yes</td></tr></table></li></ul></div>"},"url":"https://kip.rkkp.dk/fhir/ValueSet/JaEnkeltUdfald","version":"2.9.0","name":"JaEnkeltUdfald","title":"Ja (enkelt udfald)","status":"active","experimental":true,"date":"2022-10-11T00:00:00+02:00","publisher":"Sundhedsvæsnets Kvalistetsinstitut with Trifork Digital Health A/S","contact":[{"name":"Sundhedsvæsnets Kvalistetsinstitut with Trifork Digital Health A/S","telecom":[{"system":"url","value":"https://trifork.com"},{"system":"email","value":"rbk@trifork.com"}]}],"description":"Ja (enkelt udfald)","compose":{"include":[{"system":"http://terminology.hl7.org/CodeSystem/v2-0532","concept":[{"code":"Y","display":"Ja"}]}]}}