{"resourceType":"ValueSet","id":"ErklaeringRETSPSYK","text":{"status":"extensions","div":"<div xmlns=\"http://www.w3.org/1999/xhtml\"><p class=\"res-header-id\"><b>Generated Narrative: ValueSet ErklaeringRETSPSYK</b></p><a name=\"ErklaeringRETSPSYK\"> </a><a name=\"hcErklaeringRETSPSYK\"> </a><a name=\"ErklaeringRETSPSYK-en-US\"> </a><p>This value set includes codes based on the following rules:</p><ul><li>Include these codes as defined in <a href=\"CodeSystem-MentalDeclaration.html\"><code>https://kip.rkkp.dk/fhir/CodeSystem/MentalDeclaration</code></a><table class=\"none\"><tr><td style=\"white-space:nowrap\"><b>Code</b></td><td><b>Display</b></td><td><b>Definition</b></td></tr><tr><td><a href=\"CodeSystem-MentalDeclaration.html#MentalDeclaration-new_mental_examination\">new_mental_examination</a></td><td>Ny mentalundersøgelse er foretaget i forbindelse med aktuelle dom</td><td>Ny mentalundersøgelse er foretaget i forbindelse med aktuelle dom</td></tr><tr><td><a href=\"CodeSystem-MentalDeclaration.html#MentalDeclaration-previous_mental_examination\">previous_mental_examination</a></td><td>Der foreligger mentalundersøgelse fra tidligere, der anvendes i aktuel sag</td><td>Der foreligger mentalundersøgelse fra tidligere, der anvendes i aktuel sag</td></tr><tr><td><a href=\"CodeSystem-MentalDeclaration.html#MentalDeclaration-statement\">statement</a></td><td>Udtalelse givet efter igangværende undersøgelse af behandlingsansvarlig i henhold til dom</td><td>Udtalelse givet efter igangværende undersøgelse af behandlingsansvarlig i henhold til dom</td></tr></table></li><li>Include these codes as defined in <a href=\"CodeSystem-GenericValues.html\"><code>https://kip.rkkp.dk/fhir/CodeSystem/GenericValues</code></a><table class=\"none\"><tr><td style=\"white-space:nowrap\"><b>Code</b></td><td><b>Display</b></td><td><b>Definition</b></td></tr><tr><td><a href=\"CodeSystem-GenericValues.html#GenericValues-other\">other</a></td><td>Andet</td><td>Other - used to choose unspecific value not in a valueset</td></tr></table></li></ul></div>"},"url":"https://kip.rkkp.dk/fhir/ValueSet/ErklaeringRETSPSYK","version":"2.9.1","name":"ErklaeringRETSPSYK","title":"Erklæring (RETSPSYK)","status":"active","experimental":true,"date":"2022-09-30T00:00:00+02:00","publisher":"Sundhedsvæsnets Kvalistetsinstitut with Trifork Digital Health A/S","contact":[{"name":"Sundhedsvæsnets Kvalistetsinstitut with Trifork Digital Health A/S","telecom":[{"system":"url","value":"https://trifork.com"},{"system":"email","value":"rbk@trifork.com"}]}],"description":"Erklæring (RETSPSYK)","compose":{"include":[{"system":"https://kip.rkkp.dk/fhir/CodeSystem/MentalDeclaration","concept":[{"code":"new_mental_examination","display":"Ny mentalundersøgelse er foretaget i forbindelse med aktuelle dom"},{"code":"previous_mental_examination","display":"Der foreligger mentalundersøgelse fra tidligere, der anvendes i aktuel sag"},{"code":"statement","display":"Udtalelse givet efter igangværende undersøgelse af behandlingsansvarlig i henhold til dom"}]},{"system":"https://kip.rkkp.dk/fhir/CodeSystem/GenericValues","concept":[{"code":"other","display":"Andet"}]}]}}