{"resourceType":"ValueSet","id":"SuturHurtigResorberbarMultiDHDB","text":{"status":"extensions","div":"<div xmlns=\"http://www.w3.org/1999/xhtml\"><p class=\"res-header-id\"><b>Generated Narrative: ValueSet SuturHurtigResorberbarMultiDHDB</b></p><a name=\"SuturHurtigResorberbarMultiDHDB\"> </a><a name=\"hcSuturHurtigResorberbarMultiDHDB\"> </a><a name=\"SuturHurtigResorberbarMultiDHDB-en-US\"> </a><p>This value set includes codes based on the following rules:</p><ul><li>Include these codes as defined in <a href=\"CodeSystem-MedicalFixationClosing.html\"><code>https://kip.rkkp.dk/fhir/CodeSystem/MedicalFixationClosing</code></a><table class=\"none\"><tr><td style=\"white-space:nowrap\"><b>Code</b></td><td><b>Display</b></td><td><b>Definition</b></td></tr><tr><td><a href=\"CodeSystem-MedicalFixationClosing.html#MedicalFixationClosing-vicryl\">vicryl</a></td><td>Vicryl</td><td>Vicryl</td></tr></table></li><li>Include these codes as defined in <a href=\"CodeSystem-GenericValues.html\"><code>https://kip.rkkp.dk/fhir/CodeSystem/GenericValues</code></a><table class=\"none\"><tr><td style=\"white-space:nowrap\"><b>Code</b></td><td><b>Display</b></td><td><b>Definition</b></td></tr><tr><td><a href=\"CodeSystem-GenericValues.html#GenericValues-other\">other</a></td><td>Anden type sutur</td><td>Other - used to choose unspecific value not in a valueset</td></tr></table></li></ul></div>"},"url":"https://kip.rkkp.dk/fhir/ValueSet/SuturHurtigResorberbarMultiDHDB","version":"2.9.0","name":"SuturHurtigResorberbarMultiDHDB","title":"Suturtype hurtig resorberbar multifilament ventralhernie (DHDB)","status":"active","experimental":true,"date":"2023-07-06T00:00:00+02:00","publisher":"Sundhedsvæsnets Kvalistetsinstitut with Trifork Digital Health A/S","contact":[{"name":"Sundhedsvæsnets Kvalistetsinstitut with Trifork Digital Health A/S","telecom":[{"system":"url","value":"https://trifork.com"},{"system":"email","value":"rbk@trifork.com"}]}],"description":"Suturtype hurtig resorberbar multifilament, ventralhernie (DHDB)","compose":{"include":[{"system":"https://kip.rkkp.dk/fhir/CodeSystem/MedicalFixationClosing","concept":[{"code":"vicryl","display":"Vicryl"}]},{"system":"https://kip.rkkp.dk/fhir/CodeSystem/GenericValues","concept":[{"code":"other","display":"Anden type sutur"}]}]}}