{"resourceType":"ValueSet","id":"OperativAdgangDKR","text":{"status":"extensions","div":"<div xmlns=\"http://www.w3.org/1999/xhtml\"><p class=\"res-header-id\"><b>Generated Narrative: ValueSet OperativAdgangDKR</b></p><a name=\"OperativAdgangDKR\"> </a><a name=\"hcOperativAdgangDKR\"> </a><a name=\"OperativAdgangDKR-en-US\"> </a><ul><li>Include these codes as defined in <a href=\"CodeSystem-IncisionChoice.html\"><code>https://kip.rkkp.dk/fhir/CodeSystem/IncisionChoice</code></a><table class=\"none\"><tr><td style=\"white-space:nowrap\"><b>Code</b></td><td><b>Display</b></td><td><b>Definition</b></td></tr><tr><td><a href=\"CodeSystem-IncisionChoice.html#IncisionChoice-medial_for_patella\">medial_for_patella</a></td><td>Medial for patella</td><td>Medial for patella</td></tr><tr><td><a href=\"CodeSystem-IncisionChoice.html#IncisionChoice-lateral_for_patella\">lateral_for_patella</a></td><td>Lateral for patella</td><td>Lateral for patella</td></tr></table></li></ul></div>"},"url":"https://kip.rkkp.dk/fhir/ValueSet/OperativAdgangDKR","version":"0.2.1","name":"OperativAdgangDKR","title":"Operativ adgang (DKR)","status":"active","experimental":true,"date":"2022-10-14T00:00:00+02:00","publisher":"Sundhedsvæsnets Kvalistetsinstitut with Trifork Digital Health A/S","contact":[{"name":"Sundhedsvæsnets Kvalistetsinstitut with Trifork Digital Health A/S","telecom":[{"system":"url","value":"https://trifork.com"},{"system":"email","value":"rbk@trifork.com"}]}],"description":"Operativ adgang (DKR)","compose":{"include":[{"system":"https://kip.rkkp.dk/fhir/CodeSystem/IncisionChoice","concept":[{"code":"medial_for_patella","display":"Medial for patella"},{"code":"lateral_for_patella","display":"Lateral for patella"}]}]}}