{"resourceType":"ValueSet","id":"SubscapularisDSR","text":{"status":"extensions","div":"<div xmlns=\"http://www.w3.org/1999/xhtml\"><p class=\"res-header-id\"><b>Generated Narrative: ValueSet SubscapularisDSR</b></p><a name=\"SubscapularisDSR\"> </a><a name=\"hcSubscapularisDSR\"> </a><a name=\"SubscapularisDSR-en-US\"> </a><p>This value set includes codes based on the following rules:</p><ul><li>Include these codes as defined in <a href=\"CodeSystem-ProcedureType.html\"><code>https://kip.rkkp.dk/fhir/CodeSystem/ProcedureType</code></a><table class=\"none\"><tr><td style=\"white-space:nowrap\"><b>Code</b></td><td><b>Display</b></td><td><b>Definition</b></td></tr><tr><td><a href=\"CodeSystem-ProcedureType.html#ProcedureType-tenotomy\">tenotomy</a></td><td>Tenotomi</td><td>Tenotomy / Tenotomi / SNOMED-CT: 78545003</td></tr><tr><td><a href=\"CodeSystem-ProcedureType.html#ProcedureType-osteotomy\">osteotomy</a></td><td>Osteotomi</td><td>Osteotomy / Osteotomi</td></tr></table></li><li>Include these codes as defined in <a href=\"CodeSystem-GenericValues.html\"><code>https://kip.rkkp.dk/fhir/CodeSystem/GenericValues</code></a><table class=\"none\"><tr><td style=\"white-space:nowrap\"><b>Code</b></td><td><b>Display</b></td><td><b>Definition</b></td></tr><tr><td><a href=\"CodeSystem-GenericValues.html#GenericValues-intact\">intact</a></td><td>Bevares intakt (fx ved fraktur)</td><td>Intact / Intakt / SNOMED-CT: 11163003</td></tr><tr><td><a href=\"CodeSystem-GenericValues.html#GenericValues-not_reconstructable\">not_reconstructable</a></td><td>Ikke rekonstruerbar/ruptur</td><td>Not reconstructable / Ikke rekonstruerbar</td></tr><tr><td><a href=\"CodeSystem-GenericValues.html#GenericValues-other\">other</a></td><td>Andet</td><td>Other - used to choose unspecific value not in a valueset</td></tr></table></li></ul></div>"},"url":"https://kip.rkkp.dk/fhir/ValueSet/SubscapularisDSR","version":"0.1.8","name":"SubscapularisDSR","title":"Subscapularis (DSR)","status":"active","experimental":true,"date":"2022-10-06T00:00:00+02:00","publisher":"Sundhedsvæsnets Kvalistetsinstitut with Trifork Digital Health A/S","contact":[{"name":"Sundhedsvæsnets Kvalistetsinstitut with Trifork Digital Health A/S","telecom":[{"system":"url","value":"https://trifork.com"},{"system":"email","value":"rbk@trifork.com"}]}],"description":"Subscapularis (DSR)","compose":{"include":[{"system":"https://kip.rkkp.dk/fhir/CodeSystem/ProcedureType","concept":[{"code":"tenotomy","display":"Tenotomi"},{"code":"osteotomy","display":"Osteotomi"}]},{"system":"https://kip.rkkp.dk/fhir/CodeSystem/GenericValues","concept":[{"code":"intact","display":"Bevares intakt (fx ved fraktur)"},{"code":"not_reconstructable","display":"Ikke rekonstruerbar/ruptur"},{"code":"other","display":"Andet"}]}]}}