{"resourceType":"ValueSet","id":"DialyseadgangDNSL","text":{"status":"generated","div":"<div xmlns=\"http://www.w3.org/1999/xhtml\"><p class=\"res-header-id\"><b>Generated Narrative: ValueSet DialyseadgangDNSL</b></p><a name=\"DialyseadgangDNSL\"> </a><a name=\"hcDialyseadgangDNSL\"> </a><a name=\"DialyseadgangDNSL-en-US\"> </a><ul><li>Include these codes as defined in <a href=\"CodeSystem-Dialyseadgang.html\"><code>https://kip.rkkp.dk/fhir/CodeSystem/Dialyseadgang</code></a><table class=\"none\"><tr><td style=\"white-space:nowrap\"><b>Code</b></td><td><b>Display</b></td></tr><tr><td><a href=\"CodeSystem-Dialyseadgang.html#Dialyseadgang-av_fistel\">av_fistel</a></td><td>AV fistel</td></tr><tr><td><a href=\"CodeSystem-Dialyseadgang.html#Dialyseadgang-hd_permanent\">hd_permanent</a></td><td>Permanent HD kateter som patientens blivende adgang</td></tr><tr><td><a href=\"CodeSystem-Dialyseadgang.html#Dialyseadgang-hd_temp\">hd_temp</a></td><td>Midlertidig HD kateter</td></tr><tr><td><a href=\"CodeSystem-Dialyseadgang.html#Dialyseadgang-hd_permanent_av\">hd_permanent_av</a></td><td>Permanent HD kateter, hvor der planlægges senere AV fistel</td></tr></table></li></ul></div>"},"url":"https://kip.rkkp.dk/fhir/ValueSet/DialyseadgangDNSL","version":"2.9.0","name":"DialyseadgangDNSL","title":"Dialyseadgang ved første dialyse (DNSL)","status":"active","experimental":true,"date":"2024-01-10T00:00:00+02:00","publisher":"Sundhedsvæsnets Kvalistetsinstitut with Trifork Digital Health A/S","contact":[{"name":"Sundhedsvæsnets Kvalistetsinstitut with Trifork Digital Health A/S","telecom":[{"system":"url","value":"https://trifork.com"},{"system":"email","value":"rbk@trifork.com"}]}],"description":"Dialyseadgang ved første dialyse","compose":{"include":[{"system":"https://kip.rkkp.dk/fhir/CodeSystem/Dialyseadgang","concept":[{"code":"av_fistel","display":"AV fistel"},{"code":"hd_permanent","display":"Permanent HD kateter som patientens blivende adgang"},{"code":"hd_temp","display":"Midlertidig HD kateter"},{"code":"hd_permanent_av","display":"Permanent HD kateter, hvor der planlægges senere AV fistel"}]}]}}