{"resourceType":"ValueSet","id":"MolecularRemission","text":{"status":"extensions","div":"<div xmlns=\"http://www.w3.org/1999/xhtml\"><p class=\"res-header-id\"><b>Generated Narrative: ValueSet MolecularRemission</b></p><a name=\"MolecularRemission\"> </a><a name=\"hcMolecularRemission\"> </a><a name=\"MolecularRemission-en-US\"> </a><ul><li>Include these codes as defined in <a href=\"CodeSystem-MolecularRemission.html\"><code>https://kip.rkkp.dk/fhir/CodeSystem/MolecularRemission</code></a><table class=\"none\"><tr><td style=\"white-space:nowrap\"><b>Code</b></td><td><b>Display</b></td><td><b>Definition</b></td></tr><tr><td><a href=\"CodeSystem-MolecularRemission.html#MolecularRemission-mr_4\">mr_4</a></td><td>MR4</td><td>MR4</td></tr><tr><td><a href=\"CodeSystem-MolecularRemission.html#MolecularRemission-mr_4.465\">mr_4.5</a></td><td>MR4.5</td><td>MR4.5</td></tr><tr><td><a href=\"CodeSystem-MolecularRemission.html#MolecularRemission-mr_5\">mr_5</a></td><td>MR5</td><td>MR5</td></tr></table></li></ul></div>"},"url":"https://kip.rkkp.dk/fhir/ValueSet/MolecularRemission","version":"2.9.1","name":"MolecularRemission","title":"Molecular remission (MR)","status":"active","experimental":true,"date":"2022-07-18T00:00:00+02:00","publisher":"Sundhedsvæsnets Kvalistetsinstitut with Trifork Digital Health A/S","contact":[{"name":"Sundhedsvæsnets Kvalistetsinstitut with Trifork Digital Health A/S","telecom":[{"system":"url","value":"https://trifork.com"},{"system":"email","value":"rbk@trifork.com"}]}],"description":"Molekylær remission (MR)","compose":{"include":[{"system":"https://kip.rkkp.dk/fhir/CodeSystem/MolecularRemission","concept":[{"code":"mr_4","display":"MR4"},{"code":"mr_4.5","display":"MR4.5"},{"code":"mr_5","display":"MR5"}]}]}}