{"resourceType":"ValueSet","id":"UdredningKliniskGenetisk","text":{"status":"extensions","div":"<div xmlns=\"http://www.w3.org/1999/xhtml\"><p class=\"res-header-id\"><b>Generated Narrative: ValueSet UdredningKliniskGenetisk</b></p><a name=\"UdredningKliniskGenetisk\"> </a><a name=\"hcUdredningKliniskGenetisk\"> </a><a name=\"UdredningKliniskGenetisk-en-US\"> </a><ul><li>Include these codes as defined in <a href=\"CodeSystem-AssessmentType.html\"><code>https://kip.rkkp.dk/fhir/CodeSystem/AssessmentType</code></a><table class=\"none\"><tr><td style=\"white-space:nowrap\"><b>Code</b></td><td><b>Display</b></td><td><b>Definition</b></td></tr><tr><td><a href=\"CodeSystem-AssessmentType.html#AssessmentType-clinical\">clinical</a></td><td>Klinisk udredning</td><td>Clinical / Klinisk / SNOMED-CT: 58147004</td></tr><tr><td><a href=\"CodeSystem-AssessmentType.html#AssessmentType-genetic_counseling\">genetic_counseling</a></td><td>Genetisk rådgivning/udredning</td><td>Genetic counseling / Genetisk rådgivning / SNOMED-CT: 79841006</td></tr></table></li></ul></div>"},"url":"https://kip.rkkp.dk/fhir/ValueSet/UdredningKliniskGenetisk","version":"0.1.6","name":"UdredningKliniskGenetisk","title":"Udredning - Klinisk/genetisk","status":"active","experimental":true,"date":"2022-07-19T00:00:00+02:00","publisher":"Sundhedsvæsnets Kvalistetsinstitut with Trifork Digital Health A/S","contact":[{"name":"Sundhedsvæsnets Kvalistetsinstitut with Trifork Digital Health A/S","telecom":[{"system":"url","value":"https://trifork.com"},{"system":"email","value":"rbk@trifork.com"}]}],"description":"Udredning - Klinisk/genetisk","compose":{"include":[{"system":"https://kip.rkkp.dk/fhir/CodeSystem/AssessmentType","concept":[{"code":"clinical","display":"Klinisk udredning"},{"code":"genetic_counseling","display":"Genetisk rådgivning/udredning"}]}]}}