{"resourceType":"ValueSet","id":"DoedsaarsagCLL","text":{"status":"extensions","div":"<div xmlns=\"http://www.w3.org/1999/xhtml\"><p class=\"res-header-id\"><b>Generated Narrative: ValueSet DoedsaarsagCLL</b></p><a name=\"DoedsaarsagCLL\"> </a><a name=\"hcDoedsaarsagCLL\"> </a><a name=\"DoedsaarsagCLL-en-US\"> </a><p>This value set includes codes based on the following rules:</p><ul><li>Include these codes as defined in <a href=\"CodeSystem-CauseOfDeath.html\"><code>https://kip.rkkp.dk/fhir/CodeSystem/CauseOfDeath</code></a><table class=\"none\"><tr><td style=\"white-space:nowrap\"><b>Code</b></td><td><b>Display</b></td><td><b>Definition</b></td></tr><tr><td><a href=\"CodeSystem-CauseOfDeath.html#CauseOfDeath-cll\">cll</a></td><td>CLL</td><td>CLL</td></tr></table></li><li>Include these codes as defined in <a href=\"CodeSystem-GenericValues.html\"><code>https://kip.rkkp.dk/fhir/CodeSystem/GenericValues</code></a><table class=\"none\"><tr><td style=\"white-space:nowrap\"><b>Code</b></td><td><b>Display</b></td><td><b>Definition</b></td></tr><tr><td><a href=\"CodeSystem-GenericValues.html#GenericValues-other\">other</a></td><td>Anden årsag</td><td>Other - used to choose unspecific value not in a valueset</td></tr></table></li><li>Include these codes as defined in <a href=\"http://terminology.hl7.org/3.1.0/CodeSystem-v2-0532.html\"><code>http://terminology.hl7.org/CodeSystem/v2-0532</code></a><table class=\"none\"><tr><td style=\"white-space:nowrap\"><b>Code</b></td><td><b>Display</b></td></tr><tr><td><a href=\"http://terminology.hl7.org/3.1.0/CodeSystem-v2-0532.html#v2-0532-UKN\">UKN</a></td><td>Ukendt</td></tr></table></li></ul></div>"},"url":"https://kip.rkkp.dk/fhir/ValueSet/DoedsaarsagCLL","version":"0.1.6","name":"DoedsaarsagCLL","title":"Doedsaarsag [CLL]","status":"active","experimental":true,"date":"2022-07-13T00:00:00+02:00","publisher":"Sundhedsvæsnets Kvalistetsinstitut with Trifork Digital Health A/S","contact":[{"name":"Sundhedsvæsnets Kvalistetsinstitut with Trifork Digital Health A/S","telecom":[{"system":"url","value":"https://trifork.com"},{"system":"email","value":"rbk@trifork.com"}]}],"description":"Dødsårsag [CLL]","compose":{"include":[{"system":"https://kip.rkkp.dk/fhir/CodeSystem/CauseOfDeath","concept":[{"code":"cll","display":"CLL"}]},{"system":"https://kip.rkkp.dk/fhir/CodeSystem/GenericValues","concept":[{"code":"other","display":"Anden årsag"}]},{"system":"http://terminology.hl7.org/CodeSystem/v2-0532","concept":[{"code":"UKN","display":"Ukendt"}]}]}}