{"resourceType":"ValueSet","id":"DHDeksklusionskriterie","text":{"status":"extensions","div":"<div xmlns=\"http://www.w3.org/1999/xhtml\"><p class=\"res-header-id\"><b>Generated Narrative: ValueSet DHDeksklusionskriterie</b></p><a name=\"DHDeksklusionskriterie\"> </a><a name=\"hcDHDeksklusionskriterie\"> </a><a name=\"DHDeksklusionskriterie-en-US\"> </a><ul><li>Include these codes as defined in <a href=\"CodeSystem-DHDeksklusionskriterie.html\"><code>https://kip.rkkp.dk/fhir/CodeSystem/DHDeksklusionskriterie</code></a><table class=\"none\"><tr><td style=\"white-space:nowrap\"><b>Code</b></td><td><b>Display</b></td><td><b>Definition</b></td></tr><tr><td><a href=\"CodeSystem-DHDeksklusionskriterie.html#DHDeksklusionskriterie-DHDA1\">DHDA1</a></td><td>A1: Patienten har tidligere kendt og korrekt diagnosticeret og behandlet hjertesvigt</td><td>A1: Patienten har tidligere kendt og korrekt diagnosticeret og behandlet hjertesvigt</td></tr><tr><td><a href=\"CodeSystem-DHDeksklusionskriterie.html#DHDeksklusionskriterie-DHDA2\">DHDA2</a></td><td>A2: Patienter med akut myokardieinfarkt (AMI) med nedsat ejection fraction (EF/LVEF), hvor AMI er A-diagnosen</td><td>A2: Patienter med akut myokardieinfarkt (AMI) med nedsat ejection fraction (EF/LVEF), hvor AMI er A-diagnosen</td></tr><tr><td><a href=\"CodeSystem-DHDeksklusionskriterie.html#DHDeksklusionskriterie-DHDA3\">DHDA3</a></td><td>A3: Patienten har ikke korrigerbar strukturel hjertesygdom og deraf følgende hjertesvigt</td><td>A3: Patienten har ikke korrigerbar strukturel hjertesygdom og deraf følgende hjertesvigt</td></tr><tr><td><a href=\"CodeSystem-DHDeksklusionskriterie.html#DHDeksklusionskriterie-DHDA4\">DHDA4</a></td><td>A4: Primær årsag til hjertesvigt er hjerteklapsygdom og deraf følgende hjertesvigt</td><td>A4: Primær årsag til hjertesvigt er hjerteklapsygdom og deraf følgende hjertesvigt</td></tr><tr><td><a href=\"CodeSystem-DHDeksklusionskriterie.html#DHDeksklusionskriterie-DHDA5\">DHDA5</a></td><td>A5: Primær årsag til hjertesvigt er hurtig hjerteryme (ofte atrieflimren) (kræver kardiologisk vurdering)</td><td>A5: Primær årsag til hjertesvigt er hurtig hjerteryme (ofte atrieflimren) (kræver kardiologisk vurdering)</td></tr><tr><td><a href=\"CodeSystem-DHDeksklusionskriterie.html#DHDeksklusionskriterie-DHDA6\">DHDA6</a></td><td>A6: Patienten har cor pulmunale</td><td>A6: Patienten har cor pulmunale</td></tr><tr><td><a href=\"CodeSystem-DHDeksklusionskriterie.html#DHDeksklusionskriterie-DHDA7\">DHDA7</a></td><td>A7: Patienten har isoleret højresidig hjertesvigt</td><td>A7: Patienten har isoleret højresidig hjertesvigt</td></tr><tr><td><a href=\"CodeSystem-DHDeksklusionskriterie.html#DHDeksklusionskriterie-DHDA8\">DHDA8</a></td><td>A8: Patienten har gået hos privatpraktiserende speciallæge i kardiologi og er blevet diagnosticeret og behandlet hos denne</td><td>A8: Patienten har gået hos privatpraktiserende speciallæge i kardiologi og er blevet diagnosticeret og behandlet hos denne</td></tr><tr><td><a href=\"CodeSystem-DHDeksklusionskriterie.html#DHDeksklusionskriterie-DHDA9\">DHDA9</a></td><td>A9: A-diagnose er ikke hjertesvigt</td><td>A9: A-diagnose er ikke hjertesvigt</td></tr><tr><td><a href=\"CodeSystem-DHDeksklusionskriterie.html#DHDeksklusionskriterie-DHDA10\">DHDA10</a></td><td>A10: Patientforløb flyttet i KIP til behandlingsansvarlig afd</td><td>A10: Patientforløb flyttet i KIP til behandlingsansvarlig afd</td></tr></table></li></ul></div>"},"url":"https://kip.rkkp.dk/fhir/ValueSet/DHDeksklusionskriterie","version":"0.2.1","name":"DHDeksklusionskriterie","title":"DHD eksklusionskriterie","status":"active","experimental":true,"date":"2022-06-22T00:00:00+02:00","publisher":"Sundhedsvæsnets Kvalistetsinstitut with Trifork Digital Health A/S","contact":[{"name":"Sundhedsvæsnets Kvalistetsinstitut with Trifork Digital Health A/S","telecom":[{"system":"url","value":"https://trifork.com"},{"system":"email","value":"rbk@trifork.com"}]}],"description":"Patienten skal ikke indberettes til DHD, fordi patienten opfylder et af følgende eksklusionskriterier","compose":{"include":[{"system":"https://kip.rkkp.dk/fhir/CodeSystem/DHDeksklusionskriterie","concept":[{"code":"DHDA1","display":"A1: Patienten har tidligere kendt og korrekt diagnosticeret og behandlet hjertesvigt"},{"code":"DHDA2","display":"A2: Patienter med akut myokardieinfarkt (AMI) med nedsat ejection fraction (EF/LVEF), hvor AMI er A-diagnosen"},{"code":"DHDA3","display":"A3: Patienten har ikke korrigerbar strukturel hjertesygdom og deraf følgende hjertesvigt"},{"code":"DHDA4","display":"A4: Primær årsag til hjertesvigt er hjerteklapsygdom og deraf følgende hjertesvigt"},{"code":"DHDA5","display":"A5: Primær årsag til hjertesvigt er hurtig hjerteryme (ofte atrieflimren) (kræver kardiologisk vurdering)"},{"code":"DHDA6","display":"A6: Patienten har cor pulmunale"},{"code":"DHDA7","display":"A7: Patienten har isoleret højresidig hjertesvigt"},{"code":"DHDA8","display":"A8: Patienten har gået hos privatpraktiserende speciallæge i kardiologi og er blevet diagnosticeret og behandlet hos denne"},{"code":"DHDA9","display":"A9: A-diagnose er ikke hjertesvigt"},{"code":"DHDA10","display":"A10: Patientforløb flyttet i KIP til behandlingsansvarlig afd"}]}]}}