{"resourceType":"ValueSet","id":"Chemotherapy","text":{"status":"extensions","div":"<div xmlns=\"http://www.w3.org/1999/xhtml\"><p class=\"res-header-id\"><b>Generated Narrative: ValueSet Chemotherapy</b></p><a name=\"Chemotherapy\"> </a><a name=\"hcChemotherapy\"> </a><a name=\"Chemotherapy-en-US\"> </a><ul><li>Include these codes as defined in <a href=\"CodeSystem-TreatmentIntention.html\"><code>https://kip.rkkp.dk/fhir/CodeSystem/TreatmentIntention</code></a><table class=\"none\"><tr><td style=\"white-space:nowrap\"><b>Code</b></td><td><b>Display</b></td><td><b>Definition</b></td></tr><tr><td><a href=\"CodeSystem-TreatmentIntention.html#TreatmentIntention-curative\">curative</a></td><td>Kurativ intenderet</td><td>Kurativt intenderet</td></tr><tr><td><a href=\"CodeSystem-TreatmentIntention.html#TreatmentIntention-palliative\">palliative</a></td><td>Pallitativ</td><td>Palliativt intenderet</td></tr><tr><td><a href=\"CodeSystem-TreatmentIntention.html#TreatmentIntention-semiintensiv\">semiintensiv</a></td><td>Semiintensiv</td><td>Semiintensiv</td></tr></table></li></ul></div>"},"url":"https://kip.rkkp.dk/fhir/ValueSet/Chemotherapy","version":"0.1.6","name":"Chemotherapy","title":"Kemoterapi","status":"active","experimental":true,"date":"2022-07-11T00:00:00+02:00","publisher":"Sundhedsvæsnets Kvalistetsinstitut with Trifork Digital Health A/S","contact":[{"name":"Sundhedsvæsnets Kvalistetsinstitut with Trifork Digital Health A/S","telecom":[{"system":"url","value":"https://trifork.com"},{"system":"email","value":"rbk@trifork.com"}]}],"description":"Hvilken art kemoterapi","compose":{"include":[{"system":"https://kip.rkkp.dk/fhir/CodeSystem/TreatmentIntention","concept":[{"code":"curative","display":"Kurativ intenderet"},{"code":"palliative","display":"Pallitativ"},{"code":"semiintensiv","display":"Semiintensiv"}]}]}}