{"resourceType":"ValueSet","id":"SuturNonResorberbarMultiDHDB","text":{"status":"extensions","div":"<div xmlns=\"http://www.w3.org/1999/xhtml\"><p class=\"res-header-id\"><b>Generated Narrative: ValueSet SuturNonResorberbarMultiDHDB</b></p><a name=\"SuturNonResorberbarMultiDHDB\"> </a><a name=\"hcSuturNonResorberbarMultiDHDB\"> </a><a name=\"SuturNonResorberbarMultiDHDB-en-US\"> </a><p>This value set includes codes based on the following rules:</p><ul><li>Include these codes as defined in <a href=\"CodeSystem-MedicalFixationClosing.html\"><code>https://kip.sundk.dk/fhir/CodeSystem/MedicalFixationClosing</code></a><table class=\"none\"><tr><td style=\"white-space:nowrap\"><b>Code</b></td><td><b>Display</b></td><td><b>Definition</b></td></tr><tr><td><a href=\"CodeSystem-MedicalFixationClosing.html#MedicalFixationClosing-thibond\">thibond</a></td><td>Ethibond</td><td/></tr><tr><td><a href=\"CodeSystem-MedicalFixationClosing.html#MedicalFixationClosing-mersilene\">mersilene</a></td><td>Mersilene</td><td>Mersilene</td></tr></table></li><li>Include these codes as defined in <a href=\"CodeSystem-GenericValues.html\"><code>https://kip.sundk.dk/fhir/CodeSystem/GenericValues</code></a><table class=\"none\"><tr><td style=\"white-space:nowrap\"><b>Code</b></td><td><b>Display</b></td><td><b>Definition</b></td></tr><tr><td><a href=\"CodeSystem-GenericValues.html#GenericValues-other\">other</a></td><td>Anden type sutur</td><td>Other - used to choose unspecific value not in a valueset</td></tr></table></li></ul></div>"},"url":"https://kip.sundk.dk/fhir/ValueSet/SuturNonResorberbarMultiDHDB","version":"0.0.9","name":"SuturNonResorberbarMultiDHDB","title":"Suturtype non-resorberbar multifilament ventralhernie (DHDB)","status":"active","experimental":true,"date":"2023-07-06T00:00:00+02:00","publisher":"Sundhedsvæsnets Kvalistetsinstitut with Trifork Public A/S","contact":[{"name":"Sundhedsvæsnets Kvalistetsinstitut with Trifork Public A/S","telecom":[{"system":"url","value":"https://trifork.com"},{"system":"email","value":"rbk@trifork.com"}]}],"description":"Suturtype non-resorberbar multifilament, ventralhernie (DHDB)","compose":{"include":[{"system":"https://kip.sundk.dk/fhir/CodeSystem/MedicalFixationClosing","concept":[{"code":"thibond","display":"Ethibond"},{"code":"mersilene","display":"Mersilene"}]},{"system":"https://kip.sundk.dk/fhir/CodeSystem/GenericValues","concept":[{"code":"other","display":"Anden type sutur"}]}]}}