{"resourceType":"ValueSet","id":"KontaktSted","text":{"status":"extensions","div":"<div xmlns=\"http://www.w3.org/1999/xhtml\"><p class=\"res-header-id\"><b>Generated Narrative: ValueSet KontaktSted</b></p><a name=\"KontaktSted\"> </a><a name=\"hcKontaktSted\"> </a><a name=\"KontaktSted-en-US\"> </a><ul><li>Include these codes as defined in <a href=\"CodeSystem-ContactPlace.html\"><code>https://kip.rkkp.dk/fhir/CodeSystem/ContactPlace</code></a><table class=\"none\"><tr><td style=\"white-space:nowrap\"><b>Code</b></td><td><b>Display</b></td><td><b>Definition</b></td></tr><tr><td><a href=\"CodeSystem-ContactPlace.html#ContactPlace-outpatient_clinic\">outpatient_clinic</a></td><td>Fremmøde i ambulatorium</td><td>Outpatient clinic / Ambulatorium</td></tr><tr><td><a href=\"CodeSystem-ContactPlace.html#ContactPlace-home_visit\">home_visit</a></td><td>Hjemmebesøg</td><td>Home visit / Hjemmebesøg / SNOMED-CT: 439708006</td></tr><tr><td><a href=\"CodeSystem-ContactPlace.html#ContactPlace-oversight\">oversight</a></td><td>Tilsyn anden afdeling uden samtidig tilknytning af patienten til det palliative team</td><td>Oversight on another department / Tilsyn anden afdeling uden samtidig tilknytning af patienten til det palliative team</td></tr><tr><td><a href=\"CodeSystem-ContactPlace.html#ContactPlace-oversight_palliative\">oversight_palliative</a></td><td>Tilsyn anden afdeling med samtidig tilknytning af patienten til det palliative team</td><td>Oversight on another department (Palliative) / Tilsyn anden afdeling med samtidig tilknytning af patienten til det palliative team</td></tr></table></li></ul></div>"},"url":"https://kip.rkkp.dk/fhir/ValueSet/KontaktSted","version":"0.1.8","name":"KontaktSted","title":"Foerste kontakt sted","status":"active","experimental":true,"date":"2022-09-06T00:00:00+02:00","publisher":"Sundhedsvæsnets Kvalistetsinstitut with Trifork Digital Health A/S","contact":[{"name":"Sundhedsvæsnets Kvalistetsinstitut with Trifork Digital Health A/S","telecom":[{"system":"url","value":"https://trifork.com"},{"system":"email","value":"rbk@trifork.com"}]}],"description":"Sted for første kontakt","compose":{"include":[{"system":"https://kip.rkkp.dk/fhir/CodeSystem/ContactPlace","concept":[{"code":"outpatient_clinic","display":"Fremmøde i ambulatorium"},{"code":"home_visit","display":"Hjemmebesøg"},{"code":"oversight","display":"Tilsyn anden afdeling uden samtidig tilknytning af patienten til det palliative team"},{"code":"oversight_palliative","display":"Tilsyn anden afdeling med samtidig tilknytning af patienten til det palliative team"}]}]}}