{"resourceType":"ValueSet","id":"ImplantatAnatomiskOffset","text":{"status":"extensions","div":"<div xmlns=\"http://www.w3.org/1999/xhtml\"><p class=\"res-header-id\"><b>Generated Narrative: ValueSet ImplantatAnatomiskOffset</b></p><a name=\"ImplantatAnatomiskOffset\"> </a><a name=\"hcImplantatAnatomiskOffset\"> </a><a name=\"ImplantatAnatomiskOffset-en-US\"> </a><ul><li>Include these codes as defined in <a href=\"CodeSystem-ImplantComponents.html\"><code>https://kip.rkkp.dk/fhir/CodeSystem/ImplantComponents</code></a><table class=\"none\"><tr><td style=\"white-space:nowrap\"><b>Code</b></td><td><b>Display</b></td><td><b>Definition</b></td></tr><tr><td><a href=\"CodeSystem-ImplantComponents.html#ImplantComponents-symmetrical\">symmetrical</a></td><td>Symmetrisk</td><td>Symmetrical / Symmetrisk / SNOMED-CT: 255473004</td></tr><tr><td><a href=\"CodeSystem-ImplantComponents.html#ImplantComponents-offset\">offset</a></td><td>Offset</td><td>Offset</td></tr></table></li></ul></div>"},"url":"https://kip.rkkp.dk/fhir/ValueSet/ImplantatAnatomiskOffset","version":"2.9.0","name":"ImplantatAnatomiskOffset","title":"Implantat - anatomisk: offset","status":"active","experimental":true,"date":"2022-10-06T00:00:00+02:00","publisher":"Sundhedsvæsnets Kvalistetsinstitut with Trifork Digital Health A/S","contact":[{"name":"Sundhedsvæsnets Kvalistetsinstitut with Trifork Digital Health A/S","telecom":[{"system":"url","value":"https://trifork.com"},{"system":"email","value":"rbk@trifork.com"}]}],"description":"Implantat - anatomisk: offset","compose":{"include":[{"system":"https://kip.rkkp.dk/fhir/CodeSystem/ImplantComponents","concept":[{"code":"symmetrical","display":"Symmetrisk"},{"code":"offset","display":"Offset"}]}]}}