{"resourceType":"ValueSet","id":"SygdomsomraaderHaema","text":{"status":"extensions","div":"<div xmlns=\"http://www.w3.org/1999/xhtml\"><p class=\"res-header-id\"><b>Generated Narrative: ValueSet SygdomsomraaderHaema</b></p><a name=\"SygdomsomraaderHaema\"> </a><a name=\"hcSygdomsomraaderHaema\"> </a><a name=\"SygdomsomraaderHaema-en-US\"> </a><ul><li>Include these codes as defined in <a href=\"CodeSystem-Sygdomsomraader.html\"><code>https://kip.sundk.dk/fhir/CodeSystem/Sygdomsomraader</code></a><table class=\"none\"><tr><td style=\"white-space:nowrap\"><b>Code</b></td><td><b>Display</b></td><td><b>Definition</b></td></tr><tr><td><a href=\"CodeSystem-Sygdomsomraader.html#Sygdomsomraader-ald\">ald</a></td><td>ALD</td><td>Dansk Akut Leukæmi Database</td></tr><tr><td><a href=\"CodeSystem-Sygdomsomraader.html#Sygdomsomraader-cll\">cll</a></td><td>CLL</td><td>Dansk Kronisk Lymfatisk Leukæmi Database</td></tr><tr><td><a href=\"CodeSystem-Sygdomsomraader.html#Sygdomsomraader-damyda\">damyda</a></td><td>DAMYDA</td><td>Dansk Myelomatose Database</td></tr><tr><td><a href=\"CodeSystem-Sygdomsomraader.html#Sygdomsomraader-lyfo\">lyfo</a></td><td>LYFO</td><td>Dansk Lymfom Database</td></tr><tr><td><a href=\"CodeSystem-Sygdomsomraader.html#Sygdomsomraader-mds\">mds</a></td><td>MDS</td><td>Myelodysplastisk Syndrom Database</td></tr></table></li></ul></div>"},"url":"https://kip.sundk.dk/fhir/ValueSet/SygdomsomraaderHaema","version":"0.0.9","name":"SygdomsomraaderHaema","title":"Sygdomsområder - HÆMA","status":"active","experimental":true,"date":"2023-05-10T00:00:00+02:00","publisher":"Sundhedsvæsnets Kvalistetsinstitut with Trifork Public A/S","contact":[{"name":"Sundhedsvæsnets Kvalistetsinstitut with Trifork Public A/S","telecom":[{"system":"url","value":"https://trifork.com"},{"system":"email","value":"rbk@trifork.com"}]}],"description":"Alle Sygdomsområder i KIP vedr. hæmatologi","compose":{"include":[{"system":"https://kip.sundk.dk/fhir/CodeSystem/Sygdomsomraader","concept":[{"code":"ald","display":"ALD"},{"code":"cll","display":"CLL"},{"code":"damyda","display":"DAMYDA"},{"code":"lyfo","display":"LYFO"},{"code":"mds","display":"MDS"}]}]}}