{"resourceType":"ValueSet","id":"MComponentTypeLyfo","text":{"status":"extensions","div":"<div xmlns=\"http://www.w3.org/1999/xhtml\"><p class=\"res-header-id\"><b>Generated Narrative: ValueSet MComponentTypeLyfo</b></p><a name=\"MComponentTypeLyfo\"> </a><a name=\"hcMComponentTypeLyfo\"> </a><a name=\"MComponentTypeLyfo-en-US\"> </a><p>This value set includes codes based on the following rules:</p><ul><li>Include these codes as defined in <a href=\"CodeSystem-GenericValues.html\"><code>https://kip.rkkp.dk/fhir/CodeSystem/GenericValues</code></a><table class=\"none\"><tr><td style=\"white-space:nowrap\"><b>Code</b></td><td><b>Display</b></td><td><b>Definition</b></td></tr><tr><td><a href=\"CodeSystem-GenericValues.html#GenericValues-none\">none</a></td><td>Ingen</td><td>None - used to choose none of the available values</td></tr></table></li><li>Include these codes as defined in <a href=\"CodeSystem-MComponentType.html\"><code>https://kip.rkkp.dk/fhir/CodeSystem/MComponentType</code></a><table class=\"none\"><tr><td style=\"white-space:nowrap\"><b>Code</b></td><td><b>Display</b></td><td><b>Definition</b></td></tr><tr><td><a href=\"CodeSystem-MComponentType.html#MComponentType-iga\">iga</a></td><td>Iga</td><td>IgA</td></tr><tr><td><a href=\"CodeSystem-MComponentType.html#MComponentType-igg\">igg</a></td><td>IgG</td><td>IgG</td></tr><tr><td><a href=\"CodeSystem-MComponentType.html#MComponentType-igm\">igm</a></td><td>IgM</td><td>IgM</td></tr></table></li><li>Include these codes as defined in <a href=\"http://terminology.hl7.org/3.1.0/CodeSystem-v2-0532.html\"><code>http://terminology.hl7.org/CodeSystem/v2-0532</code></a><table class=\"none\"><tr><td style=\"white-space:nowrap\"><b>Code</b></td><td><b>Display</b></td><td><b>Definition</b></td></tr><tr><td><a href=\"http://terminology.hl7.org/3.1.0/CodeSystem-v2-0532.html#v2-0532-UNK\">UNK</a></td><td>Uoplyst</td><td>unknown</td></tr></table></li></ul></div>"},"url":"https://kip.rkkp.dk/fhir/ValueSet/MComponentTypeLyfo","version":"0.1.8","name":"MComponentTypeLyfo","title":"M komponent (Myeloma protein) type","status":"active","experimental":true,"date":"2022-06-08T00:00:00+02:00","publisher":"Sundhedsvæsnets Kvalistetsinstitut with Trifork Digital Health A/S","contact":[{"name":"Sundhedsvæsnets Kvalistetsinstitut with Trifork Digital Health A/S","telecom":[{"system":"url","value":"https://trifork.com"},{"system":"email","value":"rbk@trifork.com"}]}],"description":"M komponent (Myeloma protein) type [LYFO]","compose":{"include":[{"system":"https://kip.rkkp.dk/fhir/CodeSystem/GenericValues","concept":[{"code":"none","display":"Ingen"}]},{"system":"https://kip.rkkp.dk/fhir/CodeSystem/MComponentType","concept":[{"code":"iga","display":"Iga"},{"code":"igg","display":"IgG"},{"code":"igm","display":"IgM"}]},{"system":"http://terminology.hl7.org/CodeSystem/v2-0532","concept":[{"code":"UNK","display":"Uoplyst"}]}]}}