{"resourceType":"ValueSet","id":"FiksationCementeretUcementeret","text":{"status":"extensions","div":"<div xmlns=\"http://www.w3.org/1999/xhtml\"><p class=\"res-header-id\"><b>Generated Narrative: ValueSet FiksationCementeretUcementeret</b></p><a name=\"FiksationCementeretUcementeret\"> </a><a name=\"hcFiksationCementeretUcementeret\"> </a><a name=\"FiksationCementeretUcementeret-en-US\"> </a><ul><li>Include these codes as defined in <a href=\"CodeSystem-ImplantComponents.html\"><code>https://kip.rkkp.dk/fhir/CodeSystem/ImplantComponents</code></a><table class=\"none\"><tr><td style=\"white-space:nowrap\"><b>Code</b></td><td><b>Display</b></td><td><b>Definition</b></td></tr><tr><td><a href=\"CodeSystem-ImplantComponents.html#ImplantComponents-cemented\">cemented</a></td><td>Cementeret</td><td>Cemented / Cementeret</td></tr><tr><td><a href=\"CodeSystem-ImplantComponents.html#ImplantComponents-uncemented\">uncemented</a></td><td>Ucementeret</td><td>Uncemented / Ucementeret</td></tr></table></li></ul></div>"},"url":"https://kip.rkkp.dk/fhir/ValueSet/FiksationCementeretUcementeret","version":"0.2.1","name":"FiksationCementeretUcementeret","title":"Fiksation - cementeret/ucementeret","status":"active","experimental":true,"date":"2022-10-06T00:00:00+02:00","publisher":"Sundhedsvæsnets Kvalistetsinstitut with Trifork Digital Health A/S","contact":[{"name":"Sundhedsvæsnets Kvalistetsinstitut with Trifork Digital Health A/S","telecom":[{"system":"url","value":"https://trifork.com"},{"system":"email","value":"rbk@trifork.com"}]}],"description":"Fiksation - cementeret/ucementeret","compose":{"include":[{"system":"https://kip.rkkp.dk/fhir/CodeSystem/ImplantComponents","concept":[{"code":"cemented","display":"Cementeret"},{"code":"uncemented","display":"Ucementeret"}]}]}}