{"resourceType":"ValueSet","id":"Uspecificeret","text":{"status":"extensions","div":"<div xmlns=\"http://www.w3.org/1999/xhtml\"><p class=\"res-header-id\"><b>Generated Narrative: ValueSet Uspecificeret</b></p><a name=\"Uspecificeret\"> </a><a name=\"hcUspecificeret\"> </a><a name=\"Uspecificeret-en-US\"> </a><ul><li>Include these codes as defined in <a href=\"CodeSystem-GenericValues.html\"><code>https://kip.sundk.dk/fhir/CodeSystem/GenericValues</code></a><table class=\"none\"><tr><td style=\"white-space:nowrap\"><b>Code</b></td><td><b>Display</b></td><td><b>Definition</b></td></tr><tr><td><a href=\"CodeSystem-GenericValues.html#GenericValues-unspecified\">unspecified</a></td><td>Uspecificeret</td><td>Uspecificeret</td></tr></table></li></ul></div>"},"url":"https://kip.sundk.dk/fhir/ValueSet/Uspecificeret","version":"0.0.9","name":"Uspecificeret","title":"Uspecificeret (enkelt udfald)","status":"active","experimental":true,"date":"2022-10-11T00:00:00+02:00","publisher":"Sundhedsvæsnets Kvalistetsinstitut with Trifork Public A/S","contact":[{"name":"Sundhedsvæsnets Kvalistetsinstitut with Trifork Public A/S","telecom":[{"system":"url","value":"https://trifork.com"},{"system":"email","value":"rbk@trifork.com"}]}],"description":"Uspecificeret (enkelt udfald)","compose":{"include":[{"system":"https://kip.sundk.dk/fhir/CodeSystem/GenericValues","concept":[{"code":"unspecified","display":"Uspecificeret"}]}]}}