{"resourceType":"ValueSet","id":"Kontamineringsgrad","text":{"status":"extensions","div":"<div xmlns=\"http://www.w3.org/1999/xhtml\"><p class=\"res-header-id\"><b>Generated Narrative: ValueSet Kontamineringsgrad</b></p><a name=\"Kontamineringsgrad\"> </a><a name=\"hcKontamineringsgrad\"> </a><a name=\"Kontamineringsgrad-en-US\"> </a><ul><li>Include these codes as defined in <a href=\"CodeSystem-ContaminationDegree.html\"><code>https://kip.rkkp.dk/fhir/CodeSystem/ContaminationDegree</code></a><table class=\"none\"><tr><td style=\"white-space:nowrap\"><b>Code</b></td><td><b>Display</b></td><td><b>Definition</b></td></tr><tr><td><a href=\"CodeSystem-ContaminationDegree.html#ContaminationDegree-clean\">clean</a></td><td>Ren</td><td>Clean / Ren</td></tr><tr><td><a href=\"CodeSystem-ContaminationDegree.html#ContaminationDegree-potentially_contaminated\">potentially_contaminated</a></td><td>Potentielt kontamineret</td><td>Potentially contaminated / Potentielt kontamineret</td></tr><tr><td><a href=\"CodeSystem-ContaminationDegree.html#ContaminationDegree-contaminated\">contaminated</a></td><td>Kontamineret</td><td>Contaminated / Kontamineret</td></tr><tr><td><a href=\"CodeSystem-ContaminationDegree.html#ContaminationDegree-dirty\">dirty</a></td><td>Snavset</td><td>Dirty / Snavset</td></tr></table></li></ul></div>"},"url":"https://kip.rkkp.dk/fhir/ValueSet/Kontamineringsgrad","version":"2.9.3","name":"Kontamineringsgrad","title":"Kontamineringsgrad","status":"active","experimental":true,"date":"2022-07-20T00:00:00+02:00","publisher":"Sundhedsvæsenets Kvalitetsinstitut with Trifork Digital Health A/S","contact":[{"name":"Sundhedsvæsenets Kvalitetsinstitut with Trifork Digital Health A/S","telecom":[{"system":"url","value":"https://trifork.com"},{"system":"email","value":"rbk@trifork.com"}]}],"description":"Kontamineringsgrad","compose":{"include":[{"system":"https://kip.rkkp.dk/fhir/CodeSystem/ContaminationDegree","concept":[{"code":"clean","display":"Ren"},{"code":"potentially_contaminated","display":"Potentielt kontamineret"},{"code":"contaminated","display":"Kontamineret"},{"code":"dirty","display":"Snavset"}]}]}}