{"resourceType":"ValueSet","id":"FiksationCementeretUcementeretHybrid","text":{"status":"extensions","div":"<div xmlns=\"http://www.w3.org/1999/xhtml\"><p class=\"res-header-id\"><b>Generated Narrative: ValueSet FiksationCementeretUcementeretHybrid</b></p><a name=\"FiksationCementeretUcementeretHybrid\"> </a><a name=\"hcFiksationCementeretUcementeretHybrid\"> </a><a name=\"FiksationCementeretUcementeretHybrid-en-US\"> </a><ul><li>Include these codes as defined in <a href=\"CodeSystem-ImplantComponents.html\"><code>https://kip.rkkp.dk/fhir/CodeSystem/ImplantComponents</code></a><table class=\"none\"><tr><td style=\"white-space:nowrap\"><b>Code</b></td><td><b>Display</b></td><td><b>Definition</b></td></tr><tr><td><a href=\"CodeSystem-ImplantComponents.html#ImplantComponents-cemented\">cemented</a></td><td>Cementeret</td><td>Cemented / Cementeret</td></tr><tr><td><a href=\"CodeSystem-ImplantComponents.html#ImplantComponents-uncemented\">uncemented</a></td><td>Ucementeret</td><td>Uncemented / Ucementeret</td></tr><tr><td><a href=\"CodeSystem-ImplantComponents.html#ImplantComponents-hybrid\">hybrid</a></td><td>Hybrid</td><td>Hybrid</td></tr></table></li></ul></div>"},"url":"https://kip.rkkp.dk/fhir/ValueSet/FiksationCementeretUcementeretHybrid","version":"2.9.3","name":"FiksationCementeretUcementeretHybrid","title":"Fiksation - cementeret/ucementeret/hybrid","status":"active","experimental":true,"date":"2022-10-06T00:00:00+02:00","publisher":"Sundhedsvæsenets Kvalitetsinstitut with Trifork Digital Health A/S","contact":[{"name":"Sundhedsvæsenets Kvalitetsinstitut with Trifork Digital Health A/S","telecom":[{"system":"url","value":"https://trifork.com"},{"system":"email","value":"rbk@trifork.com"}]}],"description":"Fiksation - cementeret/ucementeret/hybrid","compose":{"include":[{"system":"https://kip.rkkp.dk/fhir/CodeSystem/ImplantComponents","concept":[{"code":"cemented","display":"Cementeret"},{"code":"uncemented","display":"Ucementeret"},{"code":"hybrid","display":"Hybrid"}]}]}}