{"resourceType":"ValueSet","id":"SuturTypeVentralhernieDHDB","text":{"status":"extensions","div":"<div xmlns=\"http://www.w3.org/1999/xhtml\"><p class=\"res-header-id\"><b>Generated Narrative: ValueSet SuturTypeVentralhernieDHDB</b></p><a name=\"SuturTypeVentralhernieDHDB\"> </a><a name=\"hcSuturTypeVentralhernieDHDB\"> </a><a name=\"SuturTypeVentralhernieDHDB-en-US\"> </a><ul><li>Include these codes as defined in <a href=\"CodeSystem-MedicalFixationClosing.html\"><code>https://kip.sundk.dk/fhir/CodeSystem/MedicalFixationClosing</code></a><table class=\"none\"><tr><td style=\"white-space:nowrap\"><b>Code</b></td><td><b>Display</b></td><td><b>Definition</b></td></tr><tr><td><a href=\"CodeSystem-MedicalFixationClosing.html#MedicalFixationClosing-multifilament\">multifilament</a></td><td>Multifilament</td><td>Multifilament</td></tr><tr><td><a href=\"CodeSystem-MedicalFixationClosing.html#MedicalFixationClosing-monofilament\">monofilament</a></td><td>Monofilament</td><td>Monofilament</td></tr></table></li></ul></div>"},"url":"https://kip.sundk.dk/fhir/ValueSet/SuturTypeVentralhernieDHDB","version":"0.0.9","name":"SuturTypeVentralhernieDHDB","title":"Sutur type, ventralhernie (DHDB)","status":"active","experimental":true,"date":"2022-07-20T00:00:00+02:00","publisher":"Sundhedsvæsnets Kvalistetsinstitut with Trifork Public A/S","contact":[{"name":"Sundhedsvæsnets Kvalistetsinstitut with Trifork Public A/S","telecom":[{"system":"url","value":"https://trifork.com"},{"system":"email","value":"rbk@trifork.com"}]}],"description":"Sutur type, ventralhernie (DHDB)","compose":{"include":[{"system":"https://kip.sundk.dk/fhir/CodeSystem/MedicalFixationClosing","concept":[{"code":"multifilament","display":"Multifilament"},{"code":"monofilament","display":"Monofilament"}]}]}}