{"resourceType":"ValueSet","id":"TransplantationstypeCML","text":{"status":"extensions","div":"<div xmlns=\"http://www.w3.org/1999/xhtml\"><p class=\"res-header-id\"><b>Generated Narrative: ValueSet TransplantationstypeCML</b></p><a name=\"TransplantationstypeCML\"> </a><a name=\"hcTransplantationstypeCML\"> </a><a name=\"TransplantationstypeCML-en-US\"> </a><ul><li>Include these codes as defined in <a href=\"CodeSystem-SKS.html\"><code>https://kip.rkkp.dk/fhir/CodeSystem/SKS</code></a><table class=\"none\"><tr><td style=\"white-space:nowrap\"><b>Code</b></td><td><b>Display</b></td><td><b>Definition</b></td></tr><tr><td><a href=\"CodeSystem-SKS.html#SKS-BOQF0\">BOQF0</a></td><td>Autolog knoglemarvstransplantation</td><td>BOQF0 - Autolog knoglemarvstransplantation</td></tr><tr><td><a href=\"CodeSystem-SKS.html#SKS-BOQF1\">BOQF1</a></td><td>Allogen knoglemarvstransplantation</td><td>BOQF1 - Allogen knoglemarvstransplantation</td></tr><tr><td><a href=\"CodeSystem-SKS.html#SKS-BOQF2\">BOQF2</a></td><td>Non myeloablativ knoglemarvstransplantation (mini-KMT)</td><td>BOQF2 - Non myeloablativ knoglemarvstransplantation (mini-KMT)</td></tr></table></li></ul></div>"},"url":"https://kip.rkkp.dk/fhir/ValueSet/TransplantationstypeCML","version":"0.1.6","name":"TransplantationstypeCML","title":"Transplantationstype (CML)","status":"active","experimental":true,"date":"2022-07-18T00:00:00+02:00","publisher":"Sundhedsvæsnets Kvalistetsinstitut with Trifork Digital Health A/S","contact":[{"name":"Sundhedsvæsnets Kvalistetsinstitut with Trifork Digital Health A/S","telecom":[{"system":"url","value":"https://trifork.com"},{"system":"email","value":"rbk@trifork.com"}]}],"description":"Transplantationstype (CML)","compose":{"include":[{"system":"https://kip.rkkp.dk/fhir/CodeSystem/SKS","concept":[{"code":"BOQF0","display":"Autolog knoglemarvstransplantation"},{"code":"BOQF1","display":"Allogen knoglemarvstransplantation"},{"code":"BOQF2","display":"Non myeloablativ knoglemarvstransplantation (mini-KMT)"}]}]}}