{"resourceType":"ValueSet","id":"HeartAttackTypes","text":{"status":"extensions","div":"<div xmlns=\"http://www.w3.org/1999/xhtml\"><p class=\"res-header-id\"><b>Generated Narrative: ValueSet HeartAttackTypes</b></p><a name=\"HeartAttackTypes\"> </a><a name=\"hcHeartAttackTypes\"> </a><a name=\"HeartAttackTypes-en-US\"> </a><ul><li>Include these codes as defined in <a href=\"CodeSystem-Complications.html\"><code>https://kip.rkkp.dk/fhir/CodeSystem/Complications</code></a><table class=\"none\"><tr><td style=\"white-space:nowrap\"><b>Code</b></td><td><b>Display</b></td><td><b>Definition</b></td></tr><tr><td><a href=\"CodeSystem-Complications.html#Complications-segment_elevation_myocardial_infarction\">segment_elevation_myocardial_infarction</a></td><td>STEMI</td><td>Type of heart attack that mainly affects your hearts lower chambers</td></tr><tr><td><a href=\"CodeSystem-Complications.html#Complications-bundle_branch_block_myocardial_infarction\">bundle_branch_block_myocardial_infarction</a></td><td>BBBMI</td><td>--</td></tr><tr><td><a href=\"CodeSystem-Complications.html#Complications-non_segment_elevation_myocardial_infarction\">non_segment_elevation_myocardial_infarction</a></td><td>NSTEMI</td><td>--</td></tr><tr><td><a href=\"CodeSystem-Complications.html#Complications-unstable_agina\">unstable_agina</a></td><td>UAP</td><td>--</td></tr><tr><td><a href=\"CodeSystem-Complications.html#Complications-rulled_out_heart_attack\">rulled_out_heart_attack</a></td><td>Ikke AKS</td><td>--</td></tr></table></li></ul></div>"},"url":"https://kip.rkkp.dk/fhir/ValueSet/HeartAttackTypes","version":"0.2.1","name":"HeartAttackTypes","title":"Hjertestop type","status":"active","experimental":true,"date":"2022-06-07T00:00:00+02:00","publisher":"Sundhedsvæsnets Kvalistetsinstitut with Trifork Digital Health A/S","contact":[{"name":"Sundhedsvæsnets Kvalistetsinstitut with Trifork Digital Health A/S","telecom":[{"system":"url","value":"https://trifork.com"},{"system":"email","value":"rbk@trifork.com"}]}],"description":"Forskellige arter af hjertestop / fejl","compose":{"include":[{"system":"https://kip.rkkp.dk/fhir/CodeSystem/Complications","concept":[{"code":"segment_elevation_myocardial_infarction","display":"STEMI"},{"code":"bundle_branch_block_myocardial_infarction","display":"BBBMI"},{"code":"non_segment_elevation_myocardial_infarction","display":"NSTEMI"},{"code":"unstable_agina","display":"UAP"},{"code":"rulled_out_heart_attack","display":"Ikke AKS"}]}]}}