{"resourceType":"ValueSet","id":"SuturMonofilamentTypeVentralhernieDHDB","text":{"status":"extensions","div":"<div xmlns=\"http://www.w3.org/1999/xhtml\"><p class=\"res-header-id\"><b>Generated Narrative: ValueSet SuturMonofilamentTypeVentralhernieDHDB</b></p><a name=\"SuturMonofilamentTypeVentralhernieDHDB\"> </a><a name=\"hcSuturMonofilamentTypeVentralhernieDHDB\"> </a><a name=\"SuturMonofilamentTypeVentralhernieDHDB-en-US\"> </a><p>This value set includes codes based on the following rules:</p><ul><li>Include these codes as defined in <a href=\"CodeSystem-MedicalFixationClosing.html\"><code>https://kip.rkkp.dk/fhir/CodeSystem/MedicalFixationClosing</code></a><table class=\"none\"><tr><td style=\"white-space:nowrap\"><b>Code</b></td><td><b>Display</b></td><td><b>Definition</b></td></tr><tr><td><a href=\"CodeSystem-MedicalFixationClosing.html#MedicalFixationClosing-pds\">pds</a></td><td>PDS</td><td>PDS</td></tr><tr><td><a href=\"CodeSystem-MedicalFixationClosing.html#MedicalFixationClosing-maxon\">maxon</a></td><td>Maxon</td><td>Maxon</td></tr><tr><td><a href=\"CodeSystem-MedicalFixationClosing.html#MedicalFixationClosing-monoplus\">monoplus</a></td><td>MonoPlus</td><td>MonoPlus</td></tr><tr><td><a href=\"CodeSystem-MedicalFixationClosing.html#MedicalFixationClosing-momomax\">momomax</a></td><td>MonoMax</td><td>MonoMax</td></tr></table></li><li>Include these codes as defined in <a href=\"CodeSystem-GenericValues.html\"><code>https://kip.rkkp.dk/fhir/CodeSystem/GenericValues</code></a><table class=\"none\"><tr><td style=\"white-space:nowrap\"><b>Code</b></td><td><b>Display</b></td><td><b>Definition</b></td></tr><tr><td><a href=\"CodeSystem-GenericValues.html#GenericValues-other\">other</a></td><td>Anden type sutur</td><td>Other - used to choose unspecific value not in a valueset</td></tr></table></li></ul></div>"},"url":"https://kip.rkkp.dk/fhir/ValueSet/SuturMonofilamentTypeVentralhernieDHDB","version":"2.9.1","name":"SuturMonofilamentTypeVentralhernieDHDB","title":"Sutur monofilament type, ventralhernie (DHDB)","status":"active","experimental":true,"date":"2022-07-20T00:00:00+02:00","publisher":"Sundhedsvæsnets Kvalistetsinstitut with Trifork Digital Health A/S","contact":[{"name":"Sundhedsvæsnets Kvalistetsinstitut with Trifork Digital Health A/S","telecom":[{"system":"url","value":"https://trifork.com"},{"system":"email","value":"rbk@trifork.com"}]}],"description":"Sutur monofilament type, ventralhernie (DHDB)","compose":{"include":[{"system":"https://kip.rkkp.dk/fhir/CodeSystem/MedicalFixationClosing","concept":[{"code":"pds","display":"PDS"},{"code":"maxon","display":"Maxon"},{"code":"monoplus","display":"MonoPlus"},{"code":"momomax","display":"MonoMax"}]},{"system":"https://kip.rkkp.dk/fhir/CodeSystem/GenericValues","concept":[{"code":"other","display":"Anden type sutur"}]}]}}