{"resourceType":"ValueSet","id":"HumeruskomponentDSR","text":{"status":"extensions","div":"<div xmlns=\"http://www.w3.org/1999/xhtml\"><p class=\"res-header-id\"><b>Generated Narrative: ValueSet HumeruskomponentDSR</b></p><a name=\"HumeruskomponentDSR\"> </a><a name=\"hcHumeruskomponentDSR\"> </a><a name=\"HumeruskomponentDSR-en-US\"> </a><p>This value set includes codes based on the following rules:</p><ul><li>Include these codes as defined in <a href=\"CodeSystem-GenericValues.html\"><code>https://kip.rkkp.dk/fhir/CodeSystem/GenericValues</code></a><table class=\"none\"><tr><td style=\"white-space:nowrap\"><b>Code</b></td><td><b>Display</b></td><td><b>Definition</b></td></tr><tr><td><a href=\"CodeSystem-GenericValues.html#GenericValues-not_inserted\">not_inserted</a></td><td>Ikke Indsat / fjernet</td><td>Not inserted / Ikke indsat</td></tr></table></li><li>Include these codes as defined in <a href=\"CodeSystem-ImplantComponents.html\"><code>https://kip.rkkp.dk/fhir/CodeSystem/ImplantComponents</code></a><table class=\"none\"><tr><td style=\"white-space:nowrap\"><b>Code</b></td><td><b>Display</b></td><td><b>Definition</b></td></tr><tr><td><a href=\"CodeSystem-ImplantComponents.html#ImplantComponents-cement_spacer\">cement_spacer</a></td><td>Indsat cementspacer</td><td>Cement spacer</td></tr><tr><td><a href=\"CodeSystem-ImplantComponents.html#ImplantComponents-implant\">implant</a></td><td>Indsat egentligt implantat</td><td>Implant / Implantat</td></tr></table></li></ul></div>"},"url":"https://kip.rkkp.dk/fhir/ValueSet/HumeruskomponentDSR","version":"0.1.8","name":"HumeruskomponentDSR","title":"Humeruskomponent (DSR)","status":"active","experimental":true,"date":"2022-10-06T00:00:00+02:00","publisher":"Sundhedsvæsnets Kvalistetsinstitut with Trifork Digital Health A/S","contact":[{"name":"Sundhedsvæsnets Kvalistetsinstitut with Trifork Digital Health A/S","telecom":[{"system":"url","value":"https://trifork.com"},{"system":"email","value":"rbk@trifork.com"}]}],"description":"Humeruskomponent (DSR)","compose":{"include":[{"system":"https://kip.rkkp.dk/fhir/CodeSystem/GenericValues","concept":[{"code":"not_inserted","display":"Ikke Indsat / fjernet"}]},{"system":"https://kip.rkkp.dk/fhir/CodeSystem/ImplantComponents","concept":[{"code":"cement_spacer","display":"Indsat cementspacer"},{"code":"implant","display":"Indsat egentligt implantat"}]}]}}