{"resourceType":"ValueSet","id":"POPQBpDUGA","text":{"status":"extensions","div":"<div xmlns=\"http://www.w3.org/1999/xhtml\"><p class=\"res-header-id\"><b>Generated Narrative: ValueSet POPQBpDUGA</b></p><a name=\"POPQBpDUGA\"> </a><a name=\"hcPOPQBpDUGA\"> </a><a name=\"POPQBpDUGA-en-US\"> </a><ul><li>Include these codes as defined in <a href=\"CodeSystem-IntervalsExact.html\"><code>https://kip.rkkp.dk/fhir/CodeSystem/IntervalsExact</code></a><table class=\"none\"><tr><td style=\"white-space:nowrap\"><b>Code</b></td><td><b>Display</b></td><td><b>Definition</b></td></tr><tr><td><a href=\"CodeSystem-IntervalsExact.html#IntervalsExact-m3\">m3</a></td><td>-3</td><td>-3,0</td></tr><tr><td><a href=\"CodeSystem-IntervalsExact.html#IntervalsExact-m2-5\">m2-5</a></td><td>-2,5</td><td>-2,5</td></tr><tr><td><a href=\"CodeSystem-IntervalsExact.html#IntervalsExact-m2\">m2</a></td><td>-2</td><td>-2,0</td></tr><tr><td><a href=\"CodeSystem-IntervalsExact.html#IntervalsExact-m1-5\">m1-5</a></td><td>-1,5</td><td>-1,5</td></tr><tr><td><a href=\"CodeSystem-IntervalsExact.html#IntervalsExact-m1\">m1</a></td><td>-1</td><td>-1,0</td></tr><tr><td><a href=\"CodeSystem-IntervalsExact.html#IntervalsExact-m0-5\">m0-5</a></td><td>-0,5</td><td>-0,5</td></tr><tr><td><a href=\"CodeSystem-IntervalsExact.html#IntervalsExact-0\">0</a></td><td>0</td><td>0,0</td></tr><tr><td><a href=\"CodeSystem-IntervalsExact.html#IntervalsExact-0-5\">0-5</a></td><td>0,5</td><td>0,5</td></tr><tr><td><a href=\"CodeSystem-IntervalsExact.html#IntervalsExact-1\">1</a></td><td>1</td><td>1,0</td></tr><tr><td><a href=\"CodeSystem-IntervalsExact.html#IntervalsExact-1-5\">1-5</a></td><td>1,5</td><td>1,5</td></tr><tr><td><a href=\"CodeSystem-IntervalsExact.html#IntervalsExact-2\">2</a></td><td>2</td><td>2,0</td></tr><tr><td><a href=\"CodeSystem-IntervalsExact.html#IntervalsExact-2-5\">2-5</a></td><td>2,5</td><td>2,5</td></tr><tr><td><a href=\"CodeSystem-IntervalsExact.html#IntervalsExact-3\">3</a></td><td>3</td><td>3,0</td></tr><tr><td><a href=\"CodeSystem-IntervalsExact.html#IntervalsExact-3-5\">3-5</a></td><td>3,5</td><td>3,5</td></tr><tr><td><a href=\"CodeSystem-IntervalsExact.html#IntervalsExact-4\">4</a></td><td>4</td><td>4,0</td></tr><tr><td><a href=\"CodeSystem-IntervalsExact.html#IntervalsExact-4-5\">4-5</a></td><td>4,5</td><td>4,5</td></tr><tr><td><a href=\"CodeSystem-IntervalsExact.html#IntervalsExact-5\">5</a></td><td>5</td><td>5,0</td></tr><tr><td><a href=\"CodeSystem-IntervalsExact.html#IntervalsExact-5-5\">5-5</a></td><td>5,5</td><td>5,5</td></tr><tr><td><a href=\"CodeSystem-IntervalsExact.html#IntervalsExact-6\">6</a></td><td>6</td><td>6,0</td></tr><tr><td><a href=\"CodeSystem-IntervalsExact.html#IntervalsExact-6-5\">6-5</a></td><td>6,5</td><td>6,5</td></tr><tr><td><a href=\"CodeSystem-IntervalsExact.html#IntervalsExact-7\">7</a></td><td>7</td><td>7,0</td></tr></table></li></ul></div>"},"url":"https://kip.rkkp.dk/fhir/ValueSet/POPQBpDUGA","version":"2.9.1","name":"POPQBpDUGA","title":"POP-Q undersøgelse Bp (DUGA)","status":"active","experimental":true,"date":"2024-02-13T00:00:00+02:00","publisher":"Sundhedsvæsnets Kvalistetsinstitut with Trifork Digital Health A/S","contact":[{"name":"Sundhedsvæsnets Kvalistetsinstitut with Trifork Digital Health A/S","telecom":[{"system":"url","value":"https://trifork.com"},{"system":"email","value":"rbk@trifork.com"}]}],"description":"Nedsynkning - POP-Q undersøgelse Bp (DUGA)","compose":{"include":[{"system":"https://kip.rkkp.dk/fhir/CodeSystem/IntervalsExact","concept":[{"code":"m3","display":"-3"},{"code":"m2-5","display":"-2,5"},{"code":"m2","display":"-2"},{"code":"m1-5","display":"-1,5"},{"code":"m1","display":"-1"},{"code":"m0-5","display":"-0,5"},{"code":"0","display":"0"},{"code":"0-5","display":"0,5"},{"code":"1","display":"1"},{"code":"1-5","display":"1,5"},{"code":"2","display":"2"},{"code":"2-5","display":"2,5"},{"code":"3","display":"3"},{"code":"3-5","display":"3,5"},{"code":"4","display":"4"},{"code":"4-5","display":"4,5"},{"code":"5","display":"5"},{"code":"5-5","display":"5,5"},{"code":"6","display":"6"},{"code":"6-5","display":"6,5"},{"code":"7","display":"7"}]}]}}