{"resourceType":"ValueSet","id":"DatabasesHAEMA","text":{"status":"extensions","div":"<div xmlns=\"http://www.w3.org/1999/xhtml\"><p class=\"res-header-id\"><b>Generated Narrative: ValueSet DatabasesHAEMA</b></p><a name=\"DatabasesHAEMA\"> </a><a name=\"hcDatabasesHAEMA\"> </a><a name=\"DatabasesHAEMA-en-US\"> </a><ul><li>Include these codes as defined in <a href=\"CodeSystem-DatabasesKIP.html\"><code>https://kip.rkkp.dk/fhir/CodeSystem/DatabasesKIP</code></a><table class=\"none\"><tr><td style=\"white-space:nowrap\"><b>Code</b></td><td><b>Display</b></td><td><b>Definition</b></td></tr><tr><td><a href=\"CodeSystem-DatabasesKIP.html#DatabasesKIP-ALD\">ALD</a></td><td>ALD</td><td>HÆMA - ALD</td></tr><tr><td><a href=\"CodeSystem-DatabasesKIP.html#DatabasesKIP-DAMYDA\">DAMYDA</a></td><td>DAMYDA</td><td>HÆMA - DAMYDA</td></tr><tr><td><a href=\"CodeSystem-DatabasesKIP.html#DatabasesKIP-MDS\">MDS</a></td><td>MDS</td><td>HÆMA - MDS</td></tr></table></li></ul></div>"},"url":"https://kip.rkkp.dk/fhir/ValueSet/DatabasesHAEMA","version":"2.9.3","name":"DatabasesHAEMA","title":"Databaser i HÆMA","status":"active","experimental":true,"date":"2023-03-15T00:00:00+02:00","publisher":"Sundhedsvæsenets Kvalitetsinstitut with Trifork Digital Health A/S","contact":[{"name":"Sundhedsvæsenets Kvalitetsinstitut with Trifork Digital Health A/S","telecom":[{"system":"url","value":"https://trifork.com"},{"system":"email","value":"rbk@trifork.com"}]}],"description":"Databaser i HÆMA","compose":{"include":[{"system":"https://kip.rkkp.dk/fhir/CodeSystem/DatabasesKIP","concept":[{"code":"ALD","display":"ALD"},{"code":"DAMYDA","display":"DAMYDA"},{"code":"MDS","display":"MDS"}]}]}}