{"resourceType":"ValueSet","id":"SKScTNMcT","text":{"status":"extensions","div":"<div xmlns=\"http://www.w3.org/1999/xhtml\"><p class=\"res-header-id\"><b>Generated Narrative: ValueSet SKScTNMcT</b></p><a name=\"SKScTNMcT\"> </a><a name=\"hcSKScTNMcT\"> </a><a name=\"SKScTNMcT-en-US\"> </a><ul><li>Include these codes as defined in <a href=\"CodeSystem-SKS.html\"><code>https://kip.sundk.dk/fhir/CodeSystem/SKS</code></a><table class=\"none\"><tr><td style=\"white-space:nowrap\"><b>Code</b></td><td><b>Display</b></td><td><b>Definition</b></td></tr><tr><td><a href=\"CodeSystem-SKS.html#SKS-AZCD10\">AZCD10</a></td><td>cT0: Primær tumor ikke påvist</td><td>AZCD10 - cT0: Primær tumor ikke påvist</td></tr><tr><td><a href=\"CodeSystem-SKS.html#SKS-AZCD12\">AZCD12</a></td><td>cTis: Carcinoma in situ</td><td>AZCD12 - cTis: Carcinoma in situ</td></tr><tr><td><a href=\"CodeSystem-SKS.html#SKS-AZCD13\">AZCD13</a></td><td>cT1: Primær tumors størrelse/udstrækning</td><td>AZCD13 - cT1: Primær tumors størrelse/udstrækning</td></tr><tr><td><a href=\"CodeSystem-SKS.html#SKS-AZCD14\">AZCD14</a></td><td>cT2: Primær tumors størrelse/udstrækning</td><td>AZCD14 - cT2: Primær tumors størrelse/udstrækning</td></tr><tr><td><a href=\"CodeSystem-SKS.html#SKS-AZCD15\">AZCD15</a></td><td>cT3: Primær tumors størrelse/udstrækning</td><td>AZCD15 - cT3: Primær tumors størrelse/udstrækning</td></tr><tr><td><a href=\"CodeSystem-SKS.html#SKS-AZCD16\">AZCD16</a></td><td>cT4: Primær tumors størrelse/udstrækning</td><td>AZCD16 - cT4: Primær tumors størrelse/udstrækning</td></tr><tr><td><a href=\"CodeSystem-SKS.html#SKS-AZCD19\">AZCD19</a></td><td>cTx: Oplysning om tumors størrelse foreligger ikke i afd.</td><td>AZCD19 - cTx: Oplysning om tumors størrelse foreligger ikke i afd.</td></tr></table></li></ul></div>"},"url":"https://kip.sundk.dk/fhir/ValueSet/SKScTNMcT","version":"0.0.9","name":"SKScTNMcT","title":"SKS: cTNM klassifikation, cT","status":"active","experimental":true,"date":"2022-06-08T00:00:00+02:00","publisher":"Sundhedsvæsnets Kvalistetsinstitut with Trifork Public A/S","contact":[{"name":"Sundhedsvæsnets Kvalistetsinstitut with Trifork Public A/S","telecom":[{"system":"url","value":"https://trifork.com"},{"system":"email","value":"rbk@trifork.com"}]}],"description":"SKS koderne relevante cT tillægskoder","compose":{"include":[{"system":"https://kip.sundk.dk/fhir/CodeSystem/SKS","concept":[{"code":"AZCD10","display":"cT0: Primær tumor ikke påvist"},{"code":"AZCD12","display":"cTis: Carcinoma in situ"},{"code":"AZCD13","display":"cT1: Primær tumors størrelse/udstrækning"},{"code":"AZCD14","display":"cT2: Primær tumors størrelse/udstrækning"},{"code":"AZCD15","display":"cT3: Primær tumors størrelse/udstrækning"},{"code":"AZCD16","display":"cT4: Primær tumors størrelse/udstrækning"},{"code":"AZCD19","display":"cTx: Oplysning om tumors størrelse foreligger ikke i afd."}]}]}}