{"resourceType":"ValueSet","id":"WFNSGradering","text":{"status":"extensions","div":"<div xmlns=\"http://www.w3.org/1999/xhtml\"><p class=\"res-header-id\"><b>Generated Narrative: ValueSet WFNSGradering</b></p><a name=\"WFNSGradering\"> </a><a name=\"hcWFNSGradering\"> </a><a name=\"WFNSGradering-en-US\"> </a><ul><li>Include these codes as defined in <a href=\"CodeSystem-WFNSGradingSystem.html\"><code>https://kip.rkkp.dk/fhir/CodeSystem/WFNSGradingSystem</code></a><table class=\"none\"><tr><td style=\"white-space:nowrap\"><b>Code</b></td><td><b>Display</b></td><td><b>Definition</b></td></tr><tr><td><a href=\"CodeSystem-WFNSGradingSystem.html#WFNSGradingSystem-grade1\">grade1</a></td><td>1: GCS 15 uden motoriske udfald</td><td>GCS 15, no motor deficit</td></tr><tr><td><a href=\"CodeSystem-WFNSGradingSystem.html#WFNSGradingSystem-grade2\">grade2</a></td><td>2: GCS 14-13 uden motoriske udfald</td><td>GCS 13-14 without deficit</td></tr><tr><td><a href=\"CodeSystem-WFNSGradingSystem.html#WFNSGradingSystem-grade3\">grade3</a></td><td>3: GCS 14-13 med motoriske udfald</td><td>GCS 13-14 with focal neurological deficit</td></tr><tr><td><a href=\"CodeSystem-WFNSGradingSystem.html#WFNSGradingSystem-grade4\">grade4</a></td><td>4: GCS 12-7 med/uden motoriske udfald</td><td>GCS 7-12, with or without deficit</td></tr><tr><td><a href=\"CodeSystem-WFNSGradingSystem.html#WFNSGradingSystem-grade5\">grade5</a></td><td>5: GCS 6-3 med/uden motoriske udfald</td><td>GCS &lt;7 , with or without deficit</td></tr></table></li></ul></div>"},"url":"https://kip.rkkp.dk/fhir/ValueSet/WFNSGradering","version":"2.9.3","name":"WFNSGradering","title":"WFSN grad","status":"active","experimental":true,"date":"2022-06-28T00:00:00+02:00","publisher":"Sundhedsvæsenets Kvalitetsinstitut with Trifork Digital Health A/S","contact":[{"name":"Sundhedsvæsenets Kvalitetsinstitut with Trifork Digital Health A/S","telecom":[{"system":"url","value":"https://trifork.com"},{"system":"email","value":"rbk@trifork.com"}]}],"description":"World Federation of Neurosurgical Societies (WFNS) grad.","compose":{"include":[{"system":"https://kip.rkkp.dk/fhir/CodeSystem/WFNSGradingSystem","concept":[{"code":"grade1","display":"1: GCS 15 uden motoriske udfald"},{"code":"grade2","display":"2: GCS 14-13 uden motoriske udfald"},{"code":"grade3","display":"3: GCS 14-13 med motoriske udfald"},{"code":"grade4","display":"4: GCS 12-7 med/uden motoriske udfald"},{"code":"grade5","display":"5: GCS 6-3 med/uden motoriske udfald"}]}]}}