{"resourceType":"ValueSet","id":"HarrisHipScoreSiddefunktion","text":{"status":"extensions","div":"<div xmlns=\"http://www.w3.org/1999/xhtml\"><p class=\"res-header-id\"><b>Generated Narrative: ValueSet HarrisHipScoreSiddefunktion</b></p><a name=\"HarrisHipScoreSiddefunktion\"> </a><a name=\"hcHarrisHipScoreSiddefunktion\"> </a><a name=\"HarrisHipScoreSiddefunktion-en-US\"> </a><ul><li>Include these codes as defined in <a href=\"CodeSystem-HarrisHipScoreSitting.html\"><code>https://kip.rkkp.dk/fhir/CodeSystem/HarrisHipScoreSitting</code></a><table class=\"none\"><tr><td style=\"white-space:nowrap\"><b>Code</b></td><td><b>Display</b></td><td><b>Definition</b></td></tr><tr><td><a href=\"CodeSystem-HarrisHipScoreSitting.html#HarrisHipScoreSitting-5\">5</a></td><td>Bekvemt i lænestol</td><td>Comfortably, ordinary chair for one hour (5)</td></tr><tr><td><a href=\"CodeSystem-HarrisHipScoreSitting.html#HarrisHipScoreSitting-3\">3</a></td><td>På høj stol i ca. 30 min.</td><td>On a high chair for 30 minutes (3)</td></tr><tr><td><a href=\"CodeSystem-HarrisHipScoreSitting.html#HarrisHipScoreSitting-0\">0</a></td><td>Sidder aldrig bekvemt</td><td>Unable to sit comfortably on any chair (0)</td></tr></table></li></ul></div>"},"url":"https://kip.rkkp.dk/fhir/ValueSet/HarrisHipScoreSiddefunktion","version":"0.2.1","name":"HarrisHipScoreSiddefunktion","title":"Harris Hip Score - Siddefunktion","status":"active","experimental":true,"date":"2022-11-15T00:00:00+02:00","publisher":"Sundhedsvæsnets Kvalistetsinstitut with Trifork Digital Health A/S","contact":[{"name":"Sundhedsvæsnets Kvalistetsinstitut with Trifork Digital Health A/S","telecom":[{"system":"url","value":"https://trifork.com"},{"system":"email","value":"rbk@trifork.com"}]}],"description":"Harris Hip Score - Siddefunktion","compose":{"include":[{"system":"https://kip.rkkp.dk/fhir/CodeSystem/HarrisHipScoreSitting","concept":[{"code":"5","display":"Bekvemt i lænestol"},{"code":"3","display":"På høj stol i ca. 30 min."},{"code":"0","display":"Sidder aldrig bekvemt"}]}]}}