{"resourceType":"ValueSet","id":"HarrisHipScoreTrappegang","text":{"status":"extensions","div":"<div xmlns=\"http://www.w3.org/1999/xhtml\"><p class=\"res-header-id\"><b>Generated Narrative: ValueSet HarrisHipScoreTrappegang</b></p><a name=\"HarrisHipScoreTrappegang\"> </a><a name=\"hcHarrisHipScoreTrappegang\"> </a><a name=\"HarrisHipScoreTrappegang-en-US\"> </a><ul><li>Include these codes as defined in <a href=\"CodeSystem-HarrisHipScoreStairs.html\"><code>https://kip.rkkp.dk/fhir/CodeSystem/HarrisHipScoreStairs</code></a><table class=\"none\"><tr><td style=\"white-space:nowrap\"><b>Code</b></td><td><b>Display</b></td><td><b>Definition</b></td></tr><tr><td><a href=\"CodeSystem-HarrisHipScoreStairs.html#HarrisHipScoreStairs-4\">4</a></td><td>Bruger ikke gelænderet</td><td>Normally without using a railing (4)</td></tr><tr><td><a href=\"CodeSystem-HarrisHipScoreStairs.html#HarrisHipScoreStairs-2\">2</a></td><td>Bruger gelænderet</td><td>Normally using a railing (2)</td></tr><tr><td><a href=\"CodeSystem-HarrisHipScoreStairs.html#HarrisHipScoreStairs-1\">1</a></td><td>Yderst besværligt</td><td>In any manner (1)</td></tr><tr><td><a href=\"CodeSystem-HarrisHipScoreStairs.html#HarrisHipScoreStairs-0\">0</a></td><td>Kan ikke</td><td>Unable to do stairs (0)</td></tr></table></li></ul></div>"},"url":"https://kip.rkkp.dk/fhir/ValueSet/HarrisHipScoreTrappegang","version":"0.1.8","name":"HarrisHipScoreTrappegang","title":"Harris Hip Score - Trappegang","status":"active","experimental":true,"date":"2022-11-15T00:00:00+02:00","publisher":"Sundhedsvæsnets Kvalistetsinstitut with Trifork Digital Health A/S","contact":[{"name":"Sundhedsvæsnets Kvalistetsinstitut with Trifork Digital Health A/S","telecom":[{"system":"url","value":"https://trifork.com"},{"system":"email","value":"rbk@trifork.com"}]}],"description":"Harris Hip Score - Trappegang","compose":{"include":[{"system":"https://kip.rkkp.dk/fhir/CodeSystem/HarrisHipScoreStairs","concept":[{"code":"4","display":"Bruger ikke gelænderet"},{"code":"2","display":"Bruger gelænderet"},{"code":"1","display":"Yderst besværligt"},{"code":"0","display":"Kan ikke"}]}]}}