{"resourceType":"ValueSet","id":"PatobankSNOMEDDiagnoserLYFO","text":{"status":"extensions","div":"<div xmlns=\"http://www.w3.org/1999/xhtml\"><p class=\"res-header-id\"><b>Generated Narrative: ValueSet PatobankSNOMEDDiagnoserLYFO</b></p><a name=\"PatobankSNOMEDDiagnoserLYFO\"> </a><a name=\"hcPatobankSNOMEDDiagnoserLYFO\"> </a><a name=\"PatobankSNOMEDDiagnoserLYFO-en-US\"> </a><p>This value set includes codes based on the following rules:</p><ul><li>Include these codes as defined in <a href=\"CodeSystem-PatobankSNOMED.html\"><code>https://kip.rkkp.dk/fhir/CodeSystem/PatobankSNOMED</code></a><table class=\"none\"><tr><td style=\"white-space:nowrap\"><b>Code</b></td><td><b>Display</b></td><td><b>Definition</b></td></tr><tr><td><a href=\"CodeSystem-PatobankSNOMED.html#PatobankSNOMED-M97283\">M97283</a></td><td>9728 - Precursor B lymphoblastic lymphoma</td><td>Precursor B-lymfoblastisk lymfom</td></tr><tr><td><a href=\"CodeSystem-PatobankSNOMED.html#PatobankSNOMED-M96703\">M96703</a></td><td>9670 - Small lymphocytic lymphoma</td><td>Småcellet lymfocytært lymfom</td></tr><tr><td><a href=\"CodeSystem-PatobankSNOMED.html#PatobankSNOMED-M96713\">M96713</a></td><td>9671 - Lymphoplasmacytic lymphoma</td><td>Lymfoplasmacytært lymfom</td></tr><tr><td><a href=\"CodeSystem-PatobankSNOMED.html#PatobankSNOMED-M96893\">M96893</a></td><td>9689 - Splenic marginal zone lymphoma</td><td>Splenisk marginalzone B-cellelymfom</td></tr><tr><td><a href=\"CodeSystem-PatobankSNOMED.html#PatobankSNOMED-M96993\">M96993</a></td><td>9699 - Marginal zone B-cell lymphoma</td><td>marginalzone B-cellelymfom</td></tr><tr><td><a href=\"CodeSystem-PatobankSNOMED.html#PatobankSNOMED-M96733\">M96733</a></td><td>9673 - Mantle cell lymphoma</td><td>Mantlecellelymfom</td></tr><tr><td><a href=\"CodeSystem-PatobankSNOMED.html#PatobankSNOMED-M96793\">M96793</a></td><td>9679 - Mediastinal (thymic) large B-cell lymphoma</td><td>mediastinalt storcellet B-cellelymfom</td></tr><tr><td><a href=\"CodeSystem-PatobankSNOMED.html#PatobankSNOMED-M96803\">M96803</a></td><td>9680 - Diffuse large B-cell lymphoma</td><td>Diffust storcellet B-cellelymfom</td></tr><tr><td><a href=\"CodeSystem-PatobankSNOMED.html#PatobankSNOMED-M968H3\">M968H3</a></td><td>968H - High Grade B-Lymfom</td><td>high-grade B-lymfom</td></tr><tr><td><a href=\"CodeSystem-PatobankSNOMED.html#PatobankSNOMED-M968I3\">M968I3</a></td><td>968I - High Grade B-Lymfom med MYC og BCL2og/eller BCL-6</td><td>high-grade B-lymfom med MYC og BCL2 og/eller BCL6 rearr.</td></tr><tr><td><a href=\"CodeSystem-PatobankSNOMED.html#PatobankSNOMED-M96783\">M96783</a></td><td>9678 - Primary effusion lymphoma</td><td>primært effusionslymfom</td></tr><tr><td><a href=\"CodeSystem-PatobankSNOMED.html#PatobankSNOMED-M96873\">M96873</a></td><td>9687 - Burkitt lymphoma</td><td>Burkitt lymfom</td></tr><tr><td><a href=\"CodeSystem-PatobankSNOMED.html#PatobankSNOMED-M97353\">M97353</a></td><td>9735 - Plasmablastisk lymfom</td><td>plasmablastisk lymfom</td></tr><tr><td><a href=\"CodeSystem-PatobankSNOMED.html#PatobankSNOMED-M97373\">M97373</a></td><td>9737 - Storcellet ALK-positivt B-celle lymfom</td><td>storcellet B-cellelymfom, ALK-positivt</td></tr><tr><td><a href=\"CodeSystem-PatobankSNOMED.html#PatobankSNOMED-M99711\">M99711</a></td><td>9970 - Post-transplant lymphoproliferative disorder, polymorphic</td><td>post-transplantation lymfoproliferativ sygdom</td></tr><tr><td><a href=\"CodeSystem-PatobankSNOMED.html#PatobankSNOMED-M97293\">M97293</a></td><td>9729 - Precursor T-lymphoblastic lymphoma</td><td>precursor T-lymfoblastisk lymfom</td></tr><tr><td><a href=\"CodeSystem-PatobankSNOMED.html#PatobankSNOMED-M98273\">M98273</a></td><td>9827 - Adult T-cell lymphoma</td><td>adult T-cellelymfom/leukæmi</td></tr><tr><td><a href=\"CodeSystem-PatobankSNOMED.html#PatobankSNOMED-M97193\">M97193</a></td><td>9719 - Extranodal NK/Tcell lymphoma, nasal type</td><td>ekstranodalt NK/T-cellelymfom, nasal type</td></tr><tr><td><a href=\"CodeSystem-PatobankSNOMED.html#PatobankSNOMED-M97173\">M97173</a></td><td>9717 - Enteropathy-type T-cell lymphoma</td><td>enteropati-associeret T-cellelymfom</td></tr><tr><td><a href=\"CodeSystem-PatobankSNOMED.html#PatobankSNOMED-M97163\">M97163</a></td><td>9716 - Hepatosplenic T-cell lymphoma</td><td>hepatosplenisk T-cellelymfom</td></tr><tr><td><a href=\"CodeSystem-PatobankSNOMED.html#PatobankSNOMED-M97023\">M97023</a></td><td>9702 - Peripheral T-cell lymphoma, unspecified</td><td>perifert T-cellelymfom</td></tr><tr><td><a href=\"CodeSystem-PatobankSNOMED.html#PatobankSNOMED-M97053\">M97053</a></td><td>9705 - Angioimmunoblastic T-cell lymphoma</td><td>angioimmunoblastisk T-cellelymfom</td></tr><tr><td><a href=\"CodeSystem-PatobankSNOMED.html#PatobankSNOMED-M97143\">M97143</a></td><td>9714 - Anaplastic large cell lymphoma</td><td>anaplastisk storcellet lymfom</td></tr><tr><td><a href=\"CodeSystem-PatobankSNOMED.html#PatobankSNOMED-M97083\">M97083</a></td><td>9708 - Subcutaneous panniculitis-like T-cell lymphoma</td><td>subkutant panniculit-lignende T-cellelymfom</td></tr><tr><td><a href=\"CodeSystem-PatobankSNOMED.html#PatobankSNOMED-M97003\">M97003</a></td><td>9700 - Mycosis fungoides</td><td>mycosis fungoides</td></tr><tr><td><a href=\"CodeSystem-PatobankSNOMED.html#PatobankSNOMED-M97013\">M97013</a></td><td>9701 - Sezary syndrome</td><td>Sezarys syndrom</td></tr><tr><td><a href=\"CodeSystem-PatobankSNOMED.html#PatobankSNOMED-M97183\">M97183</a></td><td>9718 - Primært kutant anaplastisk storcellet lymfom</td><td>primært kutant anaplastisk storcellet lymfom</td></tr><tr><td><a href=\"CodeSystem-PatobankSNOMED.html#PatobankSNOMED-M97263\">M97263</a></td><td>9726 - Primært kutant gamma-delta T-celle lymfom</td><td>primært kutant gamma-delta T-cellelymfom</td></tr><tr><td><a href=\"CodeSystem-PatobankSNOMED.html#PatobankSNOMED-M96593\">M96593</a></td><td>9659 - Nodular lymphocyte predominant Hodgkin lymphoma</td><td>Hodgkin lymfom, nodulær, lymfocyt dominans</td></tr><tr><td><a href=\"CodeSystem-PatobankSNOMED.html#PatobankSNOMED-M96503\">M96503</a></td><td>9650 - Classical Hodgkin lymphoma</td><td>Hodgkin lymfom, klassisk type</td></tr><tr><td><a href=\"CodeSystem-PatobankSNOMED.html#PatobankSNOMED-M96633\">M96633</a></td><td>9663 - Nodular sclerosis classical Hodgkin lymphoma</td><td>Hodgkin lymfom, klassisk type, nodulær sklerose</td></tr><tr><td><a href=\"CodeSystem-PatobankSNOMED.html#PatobankSNOMED-M96513\">M96513</a></td><td>9651 - Lymphocyte-rich classical Hodgkin lymphoma</td><td>Hodgkin lymfom, klassisk type, lymfocytrig</td></tr><tr><td><a href=\"CodeSystem-PatobankSNOMED.html#PatobankSNOMED-M96523\">M96523</a></td><td>9652 - Mixed cellularity classical Hodgkin lymphoma</td><td>Hodgkin lymfom, klassisk type, mixed cellularitet</td></tr><tr><td><a href=\"CodeSystem-PatobankSNOMED.html#PatobankSNOMED-M96533\">M96533</a></td><td>9653 - Lymphocyte-depleted classical Hodgkin lymphoma</td><td>Hodgkin lymfom, klassisk type, lymfocytdepleteret</td></tr><tr><td><a href=\"CodeSystem-PatobankSNOMED.html#PatobankSNOMED-M96103\">M96103</a></td><td>9610 - Modne B-cell neoplasier </td><td>B-cellelymfom</td></tr></table></li><li>Include these codes as defined in <a href=\"CodeSystem-DiseasesUnspecified.html\"><code>https://kip.rkkp.dk/fhir/CodeSystem/DiseasesUnspecified</code></a><table class=\"none\"><tr><td style=\"white-space:nowrap\"><b>Code</b></td><td><b>Display</b></td><td><b>Definition</b></td></tr><tr><td><a href=\"CodeSystem-DiseasesUnspecified.html#DiseasesUnspecified-M96903\">M96903</a></td><td>9690 - Follicular lymphoma</td><td>Follikulært lymfom ukendt grad</td></tr><tr><td><a href=\"CodeSystem-DiseasesUnspecified.html#DiseasesUnspecified-M96913\">M96913</a></td><td>9691 - Follicular lymphoma grade I</td><td>Follikulært lymfom grad 1</td></tr><tr><td><a href=\"CodeSystem-DiseasesUnspecified.html#DiseasesUnspecified-M96953\">M96953</a></td><td>9695 - Follicular lymphoma grade II</td><td>Follikulært lymfom grad 2</td></tr><tr><td><a href=\"CodeSystem-DiseasesUnspecified.html#DiseasesUnspecified-M96983\">M96983</a></td><td>9698 - Follicular lymphoma grade III</td><td>Follikulært lymfom grad 3</td></tr><tr><td><a href=\"CodeSystem-DiseasesUnspecified.html#DiseasesUnspecified-Prim.230rt_kutant_CD4_positivt_sm.229_medium_T_celle_lymfom\">Primært_kutant_CD4_positivt_små_medium_T_celle_lymfom</a></td><td>9706 - Primært kutant CD4-positivt små/medium T-celle lymfom </td><td>Primært kutant CD4-positivt små/medium T-celle lymfom</td></tr><tr><td><a href=\"CodeSystem-DiseasesUnspecified.html#DiseasesUnspecified-Malignt_lymfom\">Malignt_lymfom</a></td><td>9590 - Malignant lymphoma, NOS </td><td>Malignt lymfom</td></tr><tr><td><a href=\"CodeSystem-DiseasesUnspecified.html#DiseasesUnspecified-non-Hodgkin_malignt_lymfom\">non-Hodgkin_malignt_lymfom</a></td><td>9591 - Malignant non-Hodgkin lymphoma, NOS </td><td>non-Hodgkin malignt lymfom</td></tr></table></li></ul></div>"},"url":"https://kip.rkkp.dk/fhir/ValueSet/PatobankSNOMEDDiagnoserLYFO","version":"2.9.1","name":"PatobankSNOMEDDiagnoserLYFO","title":"PatobankSNOMED - Diagnoser (LYFO)","status":"active","experimental":true,"date":"2022-07-18T00:00:00+02:00","publisher":"Sundhedsvæsnets Kvalistetsinstitut with Trifork Digital Health A/S","contact":[{"name":"Sundhedsvæsnets Kvalistetsinstitut with Trifork Digital Health A/S","telecom":[{"system":"url","value":"https://trifork.com"},{"system":"email","value":"rbk@trifork.com"}]}],"description":"PatobankSNOMED - Diagnoser (LYFO)","compose":{"include":[{"system":"https://kip.rkkp.dk/fhir/CodeSystem/PatobankSNOMED","concept":[{"code":"M97283","display":"9728 - Precursor B lymphoblastic lymphoma"},{"code":"M96703","display":"9670 - Small lymphocytic lymphoma"},{"code":"M96713","display":"9671 - Lymphoplasmacytic lymphoma"},{"code":"M96893","display":"9689 - Splenic marginal zone lymphoma"},{"code":"M96993","display":"9699 - Marginal zone B-cell lymphoma"},{"code":"M96733","display":"9673 - Mantle cell lymphoma"},{"code":"M96793","display":"9679 - Mediastinal (thymic) large B-cell lymphoma"},{"code":"M96803","display":"9680 - Diffuse large B-cell lymphoma"},{"code":"M968H3","display":"968H - High Grade B-Lymfom"},{"code":"M968I3","display":"968I - High Grade B-Lymfom med MYC og BCL2og/eller BCL-6"},{"code":"M96783","display":"9678 - Primary effusion lymphoma"},{"code":"M96873","display":"9687 - Burkitt lymphoma"},{"code":"M97353","display":"9735 - Plasmablastisk lymfom"},{"code":"M97373","display":"9737 - Storcellet ALK-positivt B-celle lymfom"},{"code":"M99711","display":"9970 - Post-transplant lymphoproliferative disorder, polymorphic"},{"code":"M97293","display":"9729 - Precursor T-lymphoblastic lymphoma"},{"code":"M98273","display":"9827 - Adult T-cell lymphoma"},{"code":"M97193","display":"9719 - Extranodal NK/Tcell lymphoma, nasal type"},{"code":"M97173","display":"9717 - Enteropathy-type T-cell lymphoma"},{"code":"M97163","display":"9716 - Hepatosplenic T-cell lymphoma"},{"code":"M97023","display":"9702 - Peripheral T-cell lymphoma, unspecified"},{"code":"M97053","display":"9705 - Angioimmunoblastic T-cell lymphoma"},{"code":"M97143","display":"9714 - Anaplastic large cell lymphoma"},{"code":"M97083","display":"9708 - Subcutaneous panniculitis-like T-cell lymphoma"},{"code":"M97003","display":"9700 - Mycosis fungoides"},{"code":"M97013","display":"9701 - Sezary syndrome"},{"code":"M97183","display":"9718 - Primært kutant anaplastisk storcellet lymfom"},{"code":"M97263","display":"9726 - Primært kutant gamma-delta T-celle lymfom"},{"code":"M96593","display":"9659 - Nodular lymphocyte predominant Hodgkin lymphoma"},{"code":"M96503","display":"9650 - Classical Hodgkin lymphoma"},{"code":"M96633","display":"9663 - Nodular sclerosis classical Hodgkin lymphoma"},{"code":"M96513","display":"9651 - Lymphocyte-rich classical Hodgkin lymphoma"},{"code":"M96523","display":"9652 - Mixed cellularity classical Hodgkin lymphoma"},{"code":"M96533","display":"9653 - Lymphocyte-depleted classical Hodgkin lymphoma"},{"code":"M96103","display":"9610 - Modne B-cell neoplasier "}]},{"system":"https://kip.rkkp.dk/fhir/CodeSystem/DiseasesUnspecified","concept":[{"code":"M96903","display":"9690 - Follicular lymphoma"},{"code":"M96913","display":"9691 - Follicular lymphoma grade I"},{"code":"M96953","display":"9695 - Follicular lymphoma grade II"},{"code":"M96983","display":"9698 - Follicular lymphoma grade III"},{"code":"Primært_kutant_CD4_positivt_små_medium_T_celle_lymfom","display":"9706 - Primært kutant CD4-positivt små/medium T-celle lymfom "},{"code":"Malignt_lymfom","display":"9590 - Malignant lymphoma, NOS "},{"code":"non-Hodgkin_malignt_lymfom","display":"9591 - Malignant non-Hodgkin lymphoma, NOS "}]}]}}