{"resourceType":"ValueSet","id":"RevisionIndikationDHR","text":{"status":"extensions","div":"<div xmlns=\"http://www.w3.org/1999/xhtml\"><p class=\"res-header-id\"><b>Generated Narrative: ValueSet RevisionIndikationDHR</b></p><a name=\"RevisionIndikationDHR\"> </a><a name=\"hcRevisionIndikationDHR\"> </a><a name=\"RevisionIndikationDHR-en-US\"> </a><p>This value set includes codes based on the following rules:</p><ul><li>Include these codes as defined in <a href=\"CodeSystem-RevisionIndication.html\"><code>https://kip.rkkp.dk/fhir/CodeSystem/RevisionIndication</code></a><table class=\"none\"><tr><td style=\"white-space:nowrap\"><b>Code</b></td><td><b>Display</b></td><td><b>Definition</b></td></tr><tr><td><a href=\"CodeSystem-RevisionIndication.html#RevisionIndication-femur_acetabulum_osteolysis\">femur_acetabulum_osteolysis</a></td><td>Aseptisk løsning af femur- og acetabulumkomp. med osteolyse</td><td>Femur og acetabulum med osteolyse</td></tr><tr><td><a href=\"CodeSystem-RevisionIndication.html#RevisionIndication-femur_acetabulum\">femur_acetabulum</a></td><td>Aseptisk løsning af femur- og acetabulumkomp. uden osteolyse</td><td>Femur og acetabulum</td></tr><tr><td><a href=\"CodeSystem-RevisionIndication.html#RevisionIndication-femur_osteolysis\">femur_osteolysis</a></td><td>Aseptisk løsning alene af femurkomp. med osteolyse</td><td>Femur med osteolyse</td></tr><tr><td><a href=\"CodeSystem-RevisionIndication.html#RevisionIndication-femur\">femur</a></td><td>Aseptisk løsning alene af femurkomp. uden osteolyse</td><td>Femur</td></tr><tr><td><a href=\"CodeSystem-RevisionIndication.html#RevisionIndication-acetabulum_osteolysis\">acetabulum_osteolysis</a></td><td>Aseptisk løsning alene af acetabulumkomp. med osteolyse</td><td>Acetabulum med osteolyse</td></tr><tr><td><a href=\"CodeSystem-RevisionIndication.html#RevisionIndication-acetabulum\">acetabulum</a></td><td>Aseptisk løsning alene af acetabulumkomp. uden osteolyse</td><td>Acetabulum</td></tr><tr><td><a href=\"CodeSystem-RevisionIndication.html#RevisionIndication-polyethylene_wear\">polyethylene_wear</a></td><td>Polyethylenslitage uden aseptisk løsning</td><td>Polyethylenslitage</td></tr><tr><td><a href=\"CodeSystem-RevisionIndication.html#RevisionIndication-infection\">infection</a></td><td>Dyb infektion</td><td>Infection / Infektion</td></tr><tr><td><a href=\"CodeSystem-RevisionIndication.html#RevisionIndication-femur_fracture\">femur_fracture</a></td><td>Femurfraktur (Vancouver klassifikation for fraktur)</td><td>Femurfraktur</td></tr><tr><td><a href=\"CodeSystem-RevisionIndication.html#RevisionIndication-dislocation\">dislocation</a></td><td>Luksation</td><td>Luksation</td></tr><tr><td><a href=\"CodeSystem-RevisionIndication.html#RevisionIndication-component_failure\">component_failure</a></td><td>Komponentsvigt</td><td>Komponentsvigt</td></tr><tr><td><a href=\"CodeSystem-RevisionIndication.html#RevisionIndication-pain\">pain</a></td><td>Smerter</td><td>Pain / Smerter</td></tr><tr><td><a href=\"CodeSystem-RevisionIndication.html#RevisionIndication-osteolysis\">osteolysis</a></td><td>Osteolyse/granulom uden løsning</td><td>Osteolyse</td></tr></table></li><li>Include these codes as defined in <a href=\"CodeSystem-GenericValues.html\"><code>https://kip.rkkp.dk/fhir/CodeSystem/GenericValues</code></a><table class=\"none\"><tr><td style=\"white-space:nowrap\"><b>Code</b></td><td><b>Display</b></td><td><b>Definition</b></td></tr><tr><td><a href=\"CodeSystem-GenericValues.html#GenericValues-other\">other</a></td><td>Andet</td><td>Other - used to choose unspecific value not in a valueset</td></tr></table></li></ul></div>"},"url":"https://kip.rkkp.dk/fhir/ValueSet/RevisionIndikationDHR","version":"2.9.3","name":"RevisionIndikationDHR","title":"Revision, indikation (DHR)","status":"active","experimental":true,"date":"2022-11-15T00:00:00+02:00","publisher":"Sundhedsvæsenets Kvalitetsinstitut with Trifork Digital Health A/S","contact":[{"name":"Sundhedsvæsenets Kvalitetsinstitut with Trifork Digital Health A/S","telecom":[{"system":"url","value":"https://trifork.com"},{"system":"email","value":"rbk@trifork.com"}]}],"description":"Revision, indikation (DHR)","compose":{"include":[{"system":"https://kip.rkkp.dk/fhir/CodeSystem/RevisionIndication","concept":[{"code":"femur_acetabulum_osteolysis","display":"Aseptisk løsning af femur- og acetabulumkomp. med osteolyse"},{"code":"femur_acetabulum","display":"Aseptisk løsning af femur- og acetabulumkomp. uden osteolyse"},{"code":"femur_osteolysis","display":"Aseptisk løsning alene af femurkomp. med osteolyse"},{"code":"femur","display":"Aseptisk løsning alene af femurkomp. uden osteolyse"},{"code":"acetabulum_osteolysis","display":"Aseptisk løsning alene af acetabulumkomp. med osteolyse"},{"code":"acetabulum","display":"Aseptisk løsning alene af acetabulumkomp. uden osteolyse"},{"code":"polyethylene_wear","display":"Polyethylenslitage uden aseptisk løsning"},{"code":"infection","display":"Dyb infektion"},{"code":"femur_fracture","display":"Femurfraktur (Vancouver klassifikation for fraktur)"},{"code":"dislocation","display":"Luksation"},{"code":"component_failure","display":"Komponentsvigt"},{"code":"pain","display":"Smerter"},{"code":"osteolysis","display":"Osteolyse/granulom uden løsning"}]},{"system":"https://kip.rkkp.dk/fhir/CodeSystem/GenericValues","concept":[{"code":"other","display":"Andet"}]}]}}