{"resourceType":"ValueSet","id":"POPQKompartmentDUGA","text":{"status":"extensions","div":"<div xmlns=\"http://www.w3.org/1999/xhtml\"><p class=\"res-header-id\"><b>Generated Narrative: ValueSet POPQKompartmentDUGA</b></p><a name=\"POPQKompartmentDUGA\"> </a><a name=\"hcPOPQKompartmentDUGA\"> </a><a name=\"POPQKompartmentDUGA-en-US\"> </a><ul><li>Include these codes as defined in <a href=\"CodeSystem-IntervalsExact.html\"><code>https://kip.rkkp.dk/fhir/CodeSystem/IntervalsExact</code></a><table class=\"none\"><tr><td style=\"white-space:nowrap\"><b>Code</b></td><td><b>Display</b></td><td><b>Definition</b></td></tr><tr><td><a href=\"CodeSystem-IntervalsExact.html#IntervalsExact-0\">0</a></td><td>0</td><td>0,0</td></tr><tr><td><a href=\"CodeSystem-IntervalsExact.html#IntervalsExact-1\">1</a></td><td>1</td><td>1,0</td></tr><tr><td><a href=\"CodeSystem-IntervalsExact.html#IntervalsExact-2\">2</a></td><td>2</td><td>2,0</td></tr><tr><td><a href=\"CodeSystem-IntervalsExact.html#IntervalsExact-3\">3</a></td><td>3</td><td>3,0</td></tr><tr><td><a href=\"CodeSystem-IntervalsExact.html#IntervalsExact-4\">4</a></td><td>4</td><td>4,0</td></tr></table></li></ul></div>"},"url":"https://kip.rkkp.dk/fhir/ValueSet/POPQKompartmentDUGA","version":"0.1.8","name":"POPQKompartmentDUGA","title":"POP-Q undersøgelse Kompartment (DUGA)","status":"active","experimental":true,"date":"2024-02-13T00:00:00+02:00","publisher":"Sundhedsvæsnets Kvalistetsinstitut with Trifork Digital Health A/S","contact":[{"name":"Sundhedsvæsnets Kvalistetsinstitut with Trifork Digital Health A/S","telecom":[{"system":"url","value":"https://trifork.com"},{"system":"email","value":"rbk@trifork.com"}]}],"description":"Nedsynkning - POP-Q undersøgelse Kompartment (DUGA)","compose":{"include":[{"system":"https://kip.rkkp.dk/fhir/CodeSystem/IntervalsExact","concept":[{"code":"0","display":"0"},{"code":"1","display":"1"},{"code":"2","display":"2"},{"code":"3","display":"3"},{"code":"4","display":"4"}]}]}}