{"resourceType":"ValueSet","id":"Imaging","text":{"status":"extensions","div":"<div xmlns=\"http://www.w3.org/1999/xhtml\"><p class=\"res-header-id\"><b>Generated Narrative: ValueSet Imaging</b></p><a name=\"Imaging\"> </a><a name=\"hcImaging\"> </a><a name=\"Imaging-en-US\"> </a><ul><li>Include these codes as defined in <a href=\"CodeSystem-MedicalScanningTypes.html\"><code>https://kip.rkkp.dk/fhir/CodeSystem/MedicalScanningTypes</code></a><table class=\"none\"><tr><td style=\"white-space:nowrap\"><b>Code</b></td><td><b>Display</b></td><td><b>Definition</b></td></tr><tr><td><a href=\"CodeSystem-MedicalScanningTypes.html#MedicalScanningTypes-ct\">ct</a></td><td>CT</td><td>Computed tomography (CT)</td></tr><tr><td><a href=\"CodeSystem-MedicalScanningTypes.html#MedicalScanningTypes-mri\">mri</a></td><td>MR</td><td>Magnetic Resonance imaging (MRI)</td></tr></table></li></ul></div>"},"url":"https://kip.rkkp.dk/fhir/ValueSet/Imaging","version":"0.1.6","name":"Imaging","title":"Imaging","status":"active","experimental":true,"date":"2024-04-29T00:00:00+02:00","publisher":"Sundhedsvæsnets Kvalistetsinstitut with Trifork Digital Health A/S","contact":[{"name":"Sundhedsvæsnets Kvalistetsinstitut with Trifork Digital Health A/S","telecom":[{"system":"url","value":"https://trifork.com"},{"system":"email","value":"rbk@trifork.com"}]}],"description":"Imaging","compose":{"include":[{"system":"https://kip.rkkp.dk/fhir/CodeSystem/MedicalScanningTypes","concept":[{"code":"ct","display":"CT"},{"code":"mri","display":"MR"}]}]}}