{"resourceType":"ValueSet","id":"KomponentTypeFemurDHR","text":{"status":"extensions","div":"<div xmlns=\"http://www.w3.org/1999/xhtml\"><p class=\"res-header-id\"><b>Generated Narrative: ValueSet KomponentTypeFemurDHR</b></p><a name=\"KomponentTypeFemurDHR\"> </a><a name=\"hcKomponentTypeFemurDHR\"> </a><a name=\"KomponentTypeFemurDHR-en-US\"> </a><p>This value set includes codes based on the following rules:</p><ul><li>Include these codes as defined in <a href=\"CodeSystem-ImplantComponents.html\"><code>https://kip.sundk.dk/fhir/CodeSystem/ImplantComponents</code></a><table class=\"none\"><tr><td style=\"white-space:nowrap\"><b>Code</b></td><td><b>Display</b></td><td><b>Definition</b></td></tr><tr><td><a href=\"CodeSystem-ImplantComponents.html#ImplantComponents-standard\">standard</a></td><td>Standard</td><td>Standard</td></tr><tr><td><a href=\"CodeSystem-ImplantComponents.html#ImplantComponents-long\">long</a></td><td>Lang</td><td>Long / Lang</td></tr><tr><td><a href=\"CodeSystem-ImplantComponents.html#ImplantComponents-dysplasia_prosthesis\">dysplasia_prosthesis</a></td><td>Dysplasiprotese</td><td>Dysplasia prosthesis / Dysplasiprotese</td></tr><tr><td><a href=\"CodeSystem-ImplantComponents.html#ImplantComponents-resection_prosthesis\">resection_prosthesis</a></td><td>Resektionsprotese</td><td>Resection prosthesis / Resektionsprotese</td></tr><tr><td><a href=\"CodeSystem-ImplantComponents.html#ImplantComponents-resurfacing\">resurfacing</a></td><td>Resurfacing</td><td>Resurfacing</td></tr></table></li><li>Include these codes as defined in <a href=\"CodeSystem-GenericValues.html\"><code>https://kip.sundk.dk/fhir/CodeSystem/GenericValues</code></a><table class=\"none\"><tr><td style=\"white-space:nowrap\"><b>Code</b></td><td><b>Display</b></td><td><b>Definition</b></td></tr><tr><td><a href=\"CodeSystem-GenericValues.html#GenericValues-other\">other</a></td><td>Andet</td><td>Other - used to choose unspecific value not in a valueset</td></tr></table></li></ul></div>"},"url":"https://kip.sundk.dk/fhir/ValueSet/KomponentTypeFemurDHR","version":"0.0.9","name":"KomponentTypeFemurDHR","title":"Komponent type - femur (DHR)","status":"active","experimental":true,"date":"2022-11-07T00:00:00+02:00","publisher":"Sundhedsvæsnets Kvalistetsinstitut with Trifork Public A/S","contact":[{"name":"Sundhedsvæsnets Kvalistetsinstitut with Trifork Public A/S","telecom":[{"system":"url","value":"https://trifork.com"},{"system":"email","value":"rbk@trifork.com"}]}],"description":"Komponent type - femur (DHR)","compose":{"include":[{"system":"https://kip.sundk.dk/fhir/CodeSystem/ImplantComponents","concept":[{"code":"standard","display":"Standard"},{"code":"long","display":"Lang"},{"code":"dysplasia_prosthesis","display":"Dysplasiprotese"},{"code":"resection_prosthesis","display":"Resektionsprotese"},{"code":"resurfacing","display":"Resurfacing"}]},{"system":"https://kip.sundk.dk/fhir/CodeSystem/GenericValues","concept":[{"code":"other","display":"Andet"}]}]}}