{"resourceType":"ValueSet","id":"GlenoidalkomponentIkkeIndsatDSR","text":{"status":"extensions","div":"<div xmlns=\"http://www.w3.org/1999/xhtml\"><p class=\"res-header-id\"><b>Generated Narrative: ValueSet GlenoidalkomponentIkkeIndsatDSR</b></p><a name=\"GlenoidalkomponentIkkeIndsatDSR\"> </a><a name=\"hcGlenoidalkomponentIkkeIndsatDSR\"> </a><a name=\"GlenoidalkomponentIkkeIndsatDSR-en-US\"> </a><p>This value set includes codes based on the following rules:</p><ul><li>Include these codes as defined in <a href=\"CodeSystem-ImplantComponents.html\"><code>https://kip.rkkp.dk/fhir/CodeSystem/ImplantComponents</code></a><table class=\"none\"><tr><td style=\"white-space:nowrap\"><b>Code</b></td><td><b>Display</b></td><td><b>Definition</b></td></tr><tr><td><a href=\"CodeSystem-ImplantComponents.html#ImplantComponents-cavitas_untouched\">cavitas_untouched</a></td><td>Cavitas urørt</td><td>Cavitas urørt</td></tr><tr><td><a href=\"CodeSystem-ImplantComponents.html#ImplantComponents-cavitas_inforeret\">cavitas_inforeret</a></td><td>Cavitas inforeret</td><td>Cavitas inforeret</td></tr><tr><td><a href=\"CodeSystem-ImplantComponents.html#ImplantComponents-cavitas_reamet\">cavitas_reamet</a></td><td>Cavitas reamet</td><td>Cavitas reamet</td></tr><tr><td><a href=\"CodeSystem-ImplantComponents.html#ImplantComponents-cavitas_removed\">cavitas_removed</a></td><td>Glenoidal komponent fjernet</td><td>Cavitas fjernet</td></tr></table></li><li>Include these codes as defined in <a href=\"CodeSystem-GenericValues.html\"><code>https://kip.rkkp.dk/fhir/CodeSystem/GenericValues</code></a><table class=\"none\"><tr><td style=\"white-space:nowrap\"><b>Code</b></td><td><b>Display</b></td><td><b>Definition</b></td></tr><tr><td><a href=\"CodeSystem-GenericValues.html#GenericValues-other\">other</a></td><td>Andet</td><td>Other - used to choose unspecific value not in a valueset</td></tr></table></li></ul></div>"},"url":"https://kip.rkkp.dk/fhir/ValueSet/GlenoidalkomponentIkkeIndsatDSR","version":"0.1.8","name":"GlenoidalkomponentIkkeIndsatDSR","title":"Glenoidalkomponent - ikke indsat (DSR)","status":"active","experimental":true,"date":"2022-10-06T00:00:00+02:00","publisher":"Sundhedsvæsnets Kvalistetsinstitut with Trifork Digital Health A/S","contact":[{"name":"Sundhedsvæsnets Kvalistetsinstitut with Trifork Digital Health A/S","telecom":[{"system":"url","value":"https://trifork.com"},{"system":"email","value":"rbk@trifork.com"}]}],"description":"Glenoidalkomponent - ikke indsat (DSR)","compose":{"include":[{"system":"https://kip.rkkp.dk/fhir/CodeSystem/ImplantComponents","concept":[{"code":"cavitas_untouched","display":"Cavitas urørt"},{"code":"cavitas_inforeret","display":"Cavitas inforeret"},{"code":"cavitas_reamet","display":"Cavitas reamet"},{"code":"cavitas_removed","display":"Glenoidal komponent fjernet"}]},{"system":"https://kip.rkkp.dk/fhir/CodeSystem/GenericValues","concept":[{"code":"other","display":"Andet"}]}]}}