{"resourceType":"ValueSet","id":"GrundlidelseDKR","text":{"status":"extensions","div":"<div xmlns=\"http://www.w3.org/1999/xhtml\"><p class=\"res-header-id\"><b>Generated Narrative: ValueSet GrundlidelseDKR</b></p><a name=\"GrundlidelseDKR\"> </a><a name=\"hcGrundlidelseDKR\"> </a><a name=\"GrundlidelseDKR-en-US\"> </a><p>This value set includes codes based on the following rules:</p><ul><li>Include these codes as defined in <a href=\"CodeSystem-BasicDisorder.html\"><code>https://kip.rkkp.dk/fhir/CodeSystem/BasicDisorder</code></a><table class=\"none\"><tr><td style=\"white-space:nowrap\"><b>Code</b></td><td><b>Display</b></td><td><b>Definition</b></td></tr><tr><td><a href=\"CodeSystem-BasicDisorder.html#BasicDisorder-arthrosis\">arthrosis</a></td><td>Primær (idiopatisk) artrose</td><td>Artrose</td></tr><tr><td><a href=\"CodeSystem-BasicDisorder.html#BasicDisorder-secondary_arthrosis\">secondary_arthrosis</a></td><td>Sek. artrose (f.eks. menisktomi)</td><td>Sekundær artrose</td></tr><tr><td><a href=\"CodeSystem-BasicDisorder.html#BasicDisorder-fracture_tibia_condyle\">fracture_tibia_condyle</a></td><td>Følger efter tibiakondylfraktur</td><td>Følger efter tibiakondylfraktur</td></tr><tr><td><a href=\"CodeSystem-BasicDisorder.html#BasicDisorder-fresh_fracture_tibia_condyle\">fresh_fracture_tibia_condyle</a></td><td>Frisk tibiakondylfraktur (inden for 14 dage)</td><td>Frisk tibiakondylfraktur</td></tr><tr><td><a href=\"CodeSystem-BasicDisorder.html#BasicDisorder-fracture_femoral_condyle\">fracture_femoral_condyle</a></td><td>Følger efter femurkondylfraktur</td><td>Følger efter tibiakondylfraktur</td></tr><tr><td><a href=\"CodeSystem-BasicDisorder.html#BasicDisorder-fresh_fracture_femoral_condyle\">fresh_fracture_femoral_condyle</a></td><td>Frisk femurkondylfraktur (inden for 14 dage)</td><td>Frisk femurkondylfraktur</td></tr><tr><td><a href=\"CodeSystem-BasicDisorder.html#BasicDisorder-fracture_patella\">fracture_patella</a></td><td>Følger efter patellafraktur</td><td>Følger efter patellafraktur</td></tr><tr><td><a href=\"CodeSystem-BasicDisorder.html#BasicDisorder-rheumatoid\">rheumatoid</a></td><td>Reumatoid artrit</td><td>Reumatoid artrit</td></tr><tr><td><a href=\"CodeSystem-BasicDisorder.html#BasicDisorder-other_arthritis\">other_arthritis</a></td><td>Følger efter anden artrit</td><td>Anden artrit</td></tr><tr><td><a href=\"CodeSystem-BasicDisorder.html#BasicDisorder-hemophilia\">hemophilia</a></td><td>Hæmofili</td><td>Hæmofili</td></tr><tr><td><a href=\"CodeSystem-BasicDisorder.html#BasicDisorder-primary_tumor\">primary_tumor</a></td><td>Tumor - primær</td><td>Primær tumor</td></tr><tr><td><a href=\"CodeSystem-BasicDisorder.html#BasicDisorder-metastases\">metastases</a></td><td>Tumor - metastase</td><td>Metastaser</td></tr><tr><td><a href=\"CodeSystem-BasicDisorder.html#BasicDisorder-osteonecrosis\">osteonecrosis</a></td><td>Osteonekrose</td><td>Osteonekrose</td></tr></table></li><li>Include these codes as defined in <a href=\"CodeSystem-GenericValues.html\"><code>https://kip.rkkp.dk/fhir/CodeSystem/GenericValues</code></a><table class=\"none\"><tr><td style=\"white-space:nowrap\"><b>Code</b></td><td><b>Display</b></td><td><b>Definition</b></td></tr><tr><td><a href=\"CodeSystem-GenericValues.html#GenericValues-other\">other</a></td><td>Andet</td><td>Other - used to choose unspecific value not in a valueset</td></tr></table></li></ul></div>"},"url":"https://kip.rkkp.dk/fhir/ValueSet/GrundlidelseDKR","version":"2.9.0","name":"GrundlidelseDKR","title":"Grundlidelse (DKR)","status":"active","experimental":true,"date":"2022-10-12T00:00:00+02:00","publisher":"Sundhedsvæsnets Kvalistetsinstitut with Trifork Digital Health A/S","contact":[{"name":"Sundhedsvæsnets Kvalistetsinstitut with Trifork Digital Health A/S","telecom":[{"system":"url","value":"https://trifork.com"},{"system":"email","value":"rbk@trifork.com"}]}],"description":"Grundlidelse (DKR)","compose":{"include":[{"system":"https://kip.rkkp.dk/fhir/CodeSystem/BasicDisorder","concept":[{"code":"arthrosis","display":"Primær (idiopatisk) artrose"},{"code":"secondary_arthrosis","display":"Sek. artrose (f.eks. menisktomi)"},{"code":"fracture_tibia_condyle","display":"Følger efter tibiakondylfraktur"},{"code":"fresh_fracture_tibia_condyle","display":"Frisk tibiakondylfraktur (inden for 14 dage)"},{"code":"fracture_femoral_condyle","display":"Følger efter femurkondylfraktur"},{"code":"fresh_fracture_femoral_condyle","display":"Frisk femurkondylfraktur (inden for 14 dage)"},{"code":"fracture_patella","display":"Følger efter patellafraktur"},{"code":"rheumatoid","display":"Reumatoid artrit"},{"code":"other_arthritis","display":"Følger efter anden artrit"},{"code":"hemophilia","display":"Hæmofili"},{"code":"primary_tumor","display":"Tumor - primær"},{"code":"metastases","display":"Tumor - metastase"},{"code":"osteonecrosis","display":"Osteonekrose"}]},{"system":"https://kip.rkkp.dk/fhir/CodeSystem/GenericValues","concept":[{"code":"other","display":"Andet"}]}]}}