{"resourceType":"ValueSet","id":"SuturMaterialeVentralhernieDHDB","text":{"status":"extensions","div":"<div xmlns=\"http://www.w3.org/1999/xhtml\"><p class=\"res-header-id\"><b>Generated Narrative: ValueSet SuturMaterialeVentralhernieDHDB</b></p><a name=\"SuturMaterialeVentralhernieDHDB\"> </a><a name=\"hcSuturMaterialeVentralhernieDHDB\"> </a><a name=\"SuturMaterialeVentralhernieDHDB-en-US\"> </a><ul><li>Include these codes as defined in <a href=\"CodeSystem-MedicalFixationClosing.html\"><code>https://kip.rkkp.dk/fhir/CodeSystem/MedicalFixationClosing</code></a><table class=\"none\"><tr><td style=\"white-space:nowrap\"><b>Code</b></td><td><b>Display</b></td><td><b>Definition</b></td></tr><tr><td><a href=\"CodeSystem-MedicalFixationClosing.html#MedicalFixationClosing-fast_resorbable\">fast_resorbable</a></td><td>Hurtigt resorbérbar sutur (eks. Vicryl, Dexon, Monocryl) </td><td>Fast resorbable / Hurtig resorberbar</td></tr><tr><td><a href=\"CodeSystem-MedicalFixationClosing.html#MedicalFixationClosing-slow_resorbable\">slow_resorbable</a></td><td>Langsomt resorbérbar sutur (eks. PDS, Maxon, Monomax) </td><td>Slow resorbable / Langsom resorberbar</td></tr><tr><td><a href=\"CodeSystem-MedicalFixationClosing.html#MedicalFixationClosing-non_resorbable\">non_resorbable</a></td><td>Non-resorbérbar (eks. Prolene, nylon, Ethibond, Mersilene)</td><td>Non resorbable / Non-resorberbar</td></tr></table></li></ul></div>"},"url":"https://kip.rkkp.dk/fhir/ValueSet/SuturMaterialeVentralhernieDHDB","version":"2.9.0","name":"SuturMaterialeVentralhernieDHDB","title":"Sutur materiale, ventralhernie (DHDB)","status":"active","experimental":true,"date":"2022-07-20T00:00:00+02:00","publisher":"Sundhedsvæsnets Kvalistetsinstitut with Trifork Digital Health A/S","contact":[{"name":"Sundhedsvæsnets Kvalistetsinstitut with Trifork Digital Health A/S","telecom":[{"system":"url","value":"https://trifork.com"},{"system":"email","value":"rbk@trifork.com"}]}],"description":"Sutur materiale, ventralhernie (DHDB)","compose":{"include":[{"system":"https://kip.rkkp.dk/fhir/CodeSystem/MedicalFixationClosing","concept":[{"code":"fast_resorbable","display":"Hurtigt resorbérbar sutur (eks. Vicryl, Dexon, Monocryl) "},{"code":"slow_resorbable","display":"Langsomt resorbérbar sutur (eks. PDS, Maxon, Monomax) "},{"code":"non_resorbable","display":"Non-resorbérbar (eks. Prolene, nylon, Ethibond, Mersilene)"}]}]}}