{"resourceType":"ValueSet","id":"GradAkutDHDB","text":{"status":"extensions","div":"<div xmlns=\"http://www.w3.org/1999/xhtml\"><p class=\"res-header-id\"><b>Generated Narrative: ValueSet GradAkutDHDB</b></p><a name=\"GradAkutDHDB\"> </a><a name=\"hcGradAkutDHDB\"> </a><a name=\"GradAkutDHDB-en-US\"> </a><ul><li>Include these codes as defined in <a href=\"CodeSystem-Priority.html\"><code>https://kip.rkkp.dk/fhir/CodeSystem/Priority</code></a><table class=\"none\"><tr><td style=\"white-space:nowrap\"><b>Code</b></td><td><b>Display</b></td><td><b>Definition</b></td></tr><tr><td><a href=\"CodeSystem-Priority.html#Priority-24hrs\">24hrs</a></td><td>Indenfor 24 timer</td><td>Indenfor 24 timer</td></tr><tr><td><a href=\"CodeSystem-Priority.html#Priority-72hrs\">72hrs</a></td><td>Indenfor 72 timer</td><td>Indenfor 72 timer</td></tr><tr><td><a href=\"CodeSystem-Priority.html#Priority-14days\">14days</a></td><td>Indenfor 14 dage</td><td>Indenfor 14 dage</td></tr></table></li></ul></div>"},"url":"https://kip.rkkp.dk/fhir/ValueSet/GradAkutDHDB","version":"2.9.1","name":"GradAkutDHDB","title":"Grad af akut (DHDB)","status":"active","experimental":true,"date":"2024-09-10T00:00:00+02:00","publisher":"Sundhedsvæsnets Kvalistetsinstitut with Trifork Digital Health A/S","contact":[{"name":"Sundhedsvæsnets Kvalistetsinstitut with Trifork Digital Health A/S","telecom":[{"system":"url","value":"https://trifork.com"},{"system":"email","value":"rbk@trifork.com"}]}],"description":"Grad af akut (DHDB)","compose":{"include":[{"system":"https://kip.rkkp.dk/fhir/CodeSystem/Priority","concept":[{"code":"24hrs","display":"Indenfor 24 timer"},{"code":"72hrs","display":"Indenfor 72 timer"},{"code":"14days","display":"Indenfor 14 dage"}]}]}}