{"resourceType":"ValueSet","id":"DomForanstaltningstypeRETSPSYK","text":{"status":"extensions","div":"<div xmlns=\"http://www.w3.org/1999/xhtml\"><p class=\"res-header-id\"><b>Generated Narrative: ValueSet DomForanstaltningstypeRETSPSYK</b></p><a name=\"DomForanstaltningstypeRETSPSYK\"> </a><a name=\"hcDomForanstaltningstypeRETSPSYK\"> </a><a name=\"DomForanstaltningstypeRETSPSYK-en-US\"> </a><ul><li>Include these codes as defined in <a href=\"CodeSystem-Verdict.html\"><code>https://kip.rkkp.dk/fhir/CodeSystem/Verdict</code></a><table class=\"none\"><tr><td style=\"white-space:nowrap\"><b>Code</b></td><td><b>Display</b></td><td><b>Definition</b></td></tr><tr><td><a href=\"CodeSystem-Verdict.html#Verdict-placement_psychiatric_ward\">placement_psychiatric_ward</a></td><td>Dom til anbringelse i psykiatrisk afdeling</td><td>Dom til anbringelse i psykiatrisk afdeling</td></tr><tr><td><a href=\"CodeSystem-Verdict.html#Verdict-treatment\">treatment</a></td><td>Dom til behandling på psykiatrisk afdeling</td><td>Dom til behandling på psykiatrisk afdeling</td></tr><tr><td><a href=\"CodeSystem-Verdict.html#Verdict-treatment_outpatient\">treatment_outpatient</a></td><td>Dom til ambulant behandling ved psykiatrisk afdeling</td><td>Dom til ambulant behandling ved psykiatrisk afdeling</td></tr></table></li></ul></div>"},"url":"https://kip.rkkp.dk/fhir/ValueSet/DomForanstaltningstypeRETSPSYK","version":"0.2.1","name":"DomForanstaltningstypeRETSPSYK","title":"Dom - Foranstaltningstype (RETSPSYK)","status":"active","experimental":true,"date":"2022-09-28T00:00:00+02:00","publisher":"Sundhedsvæsnets Kvalistetsinstitut with Trifork Digital Health A/S","contact":[{"name":"Sundhedsvæsnets Kvalistetsinstitut with Trifork Digital Health A/S","telecom":[{"system":"url","value":"https://trifork.com"},{"system":"email","value":"rbk@trifork.com"}]}],"description":"Dom - Foranstaltningstype (RETSPSYK)","compose":{"include":[{"system":"https://kip.rkkp.dk/fhir/CodeSystem/Verdict","concept":[{"code":"placement_psychiatric_ward","display":"Dom til anbringelse i psykiatrisk afdeling"},{"code":"treatment","display":"Dom til behandling på psykiatrisk afdeling"},{"code":"treatment_outpatient","display":"Dom til ambulant behandling ved psykiatrisk afdeling"}]}]}}