{"resourceType":"ValueSet","id":"SymptomerMikrovaskulaer","text":{"status":"extensions","div":"<div xmlns=\"http://www.w3.org/1999/xhtml\"><p class=\"res-header-id\"><b>Generated Narrative: ValueSet SymptomerMikrovaskulaer</b></p><a name=\"SymptomerMikrovaskulaer\"> </a><a name=\"hcSymptomerMikrovaskulaer\"> </a><a name=\"SymptomerMikrovaskulaer-en-US\"> </a><ul><li>Include these codes as defined in <a href=\"CodeSystem-Symptoms.html\"><code>https://kip.rkkp.dk/fhir/CodeSystem/Symptoms</code></a><table class=\"none\"><tr><td style=\"white-space:nowrap\"><b>Code</b></td><td><b>Display</b></td><td><b>Definition</b></td></tr><tr><td><a href=\"CodeSystem-Symptoms.html#Symptoms-visual_disorders\">visual_disorders</a></td><td>Synsforstyrrelser</td><td>Visual disorders / Synsforstyrrelser</td></tr><tr><td><a href=\"CodeSystem-Symptoms.html#Symptoms-dizziness\">dizziness</a></td><td>Svimmelhed</td><td>Dizziness / Svimmelhed</td></tr><tr><td><a href=\"CodeSystem-Symptoms.html#Symptoms-headache\">headache</a></td><td>Hovedpine</td><td>Headache / Hovedpine</td></tr><tr><td><a href=\"CodeSystem-Symptoms.html#Symptoms-erythromelalgia\">erythromelalgia</a></td><td>Erythromelagi</td><td>Erythromelalgia / Erythromelagi</td></tr><tr><td><a href=\"CodeSystem-Symptoms.html#Symptoms-necrosis\">necrosis</a></td><td>Nekrose/sårdannelser</td><td>Necrosis / Nekrose; sårdannelse</td></tr></table></li></ul></div>"},"url":"https://kip.rkkp.dk/fhir/ValueSet/SymptomerMikrovaskulaer","version":"2.9.3","name":"SymptomerMikrovaskulaer","title":"Symptomer Mikrovaskulære","status":"active","experimental":true,"date":"2022-07-18T00:00:00+02:00","publisher":"Sundhedsvæsenets Kvalitetsinstitut with Trifork Digital Health A/S","contact":[{"name":"Sundhedsvæsenets Kvalitetsinstitut with Trifork Digital Health A/S","telecom":[{"system":"url","value":"https://trifork.com"},{"system":"email","value":"rbk@trifork.com"}]}],"description":"Typer af mikrovaskulære symptomeromplikationer - DMPN","compose":{"include":[{"system":"https://kip.rkkp.dk/fhir/CodeSystem/Symptoms","concept":[{"code":"visual_disorders","display":"Synsforstyrrelser"},{"code":"dizziness","display":"Svimmelhed"},{"code":"headache","display":"Hovedpine"},{"code":"erythromelalgia","display":"Erythromelagi"},{"code":"necrosis","display":"Nekrose/sårdannelser"}]}]}}