{"resourceType":"ValueSet","id":"DomAendringPauseringRETSPSYK","text":{"status":"extensions","div":"<div xmlns=\"http://www.w3.org/1999/xhtml\"><p class=\"res-header-id\"><b>Generated Narrative: ValueSet DomAendringPauseringRETSPSYK</b></p><a name=\"DomAendringPauseringRETSPSYK\"> </a><a name=\"hcDomAendringPauseringRETSPSYK\"> </a><a name=\"DomAendringPauseringRETSPSYK-en-US\"> </a><ul><li>Include these codes as defined in <a href=\"CodeSystem-Verdict.html\"><code>https://kip.rkkp.dk/fhir/CodeSystem/Verdict</code></a><table class=\"none\"><tr><td style=\"white-space:nowrap\"><b>Code</b></td><td><b>Display</b></td><td><b>Definition</b></td></tr><tr><td><a href=\"CodeSystem-Verdict.html#Verdict-change\">change</a></td><td>Ændring af dom</td><td>Change of verdict / Ændring af dom</td></tr><tr><td><a href=\"CodeSystem-Verdict.html#Verdict-pause\">pause</a></td><td>Pausering af dom</td><td>Pause of verdict / Pausering af dom</td></tr></table></li></ul></div>"},"url":"https://kip.rkkp.dk/fhir/ValueSet/DomAendringPauseringRETSPSYK","version":"0.1.6","name":"DomAendringPauseringRETSPSYK","title":"Dom - Ændring/pausering (RETSPSYK)","status":"active","experimental":true,"date":"2022-10-03T00:00:00+02:00","publisher":"Sundhedsvæsnets Kvalistetsinstitut with Trifork Digital Health A/S","contact":[{"name":"Sundhedsvæsnets Kvalistetsinstitut with Trifork Digital Health A/S","telecom":[{"system":"url","value":"https://trifork.com"},{"system":"email","value":"rbk@trifork.com"}]}],"description":"Dom - Ændring/pausering (RETSPSYK)","compose":{"include":[{"system":"https://kip.rkkp.dk/fhir/CodeSystem/Verdict","concept":[{"code":"change","display":"Ændring af dom"},{"code":"pause","display":"Pausering af dom"}]}]}}