{"resourceType":"ValueSet","id":"ProcedureUdfoertR3DCCG","text":{"status":"extensions","div":"<div xmlns=\"http://www.w3.org/1999/xhtml\"><p class=\"res-header-id\"><b>Generated Narrative: ValueSet ProcedureUdfoertR3DCCG</b></p><a name=\"ProcedureUdfoertR3DCCG\"> </a><a name=\"hcProcedureUdfoertR3DCCG\"> </a><a name=\"ProcedureUdfoertR3DCCG-en-US\"> </a><ul><li>Include these codes as defined in <a href=\"CodeSystem-ProcedureType.html\"><code>https://kip.rkkp.dk/fhir/CodeSystem/ProcedureType</code></a><table class=\"none\"><tr><td style=\"white-space:nowrap\"><b>Code</b></td><td><b>Display</b></td><td><b>Definition</b></td></tr><tr><td><a href=\"CodeSystem-ProcedureType.html#ProcedureType-polypectomy\">polypectomy</a></td><td>Polypektomi</td><td>Polypektomi</td></tr><tr><td><a href=\"CodeSystem-ProcedureType.html#ProcedureType-emr\">emr</a></td><td>EMR inkl. piecemeal EMR</td><td>EMR inkl. piecemeal EMR</td></tr><tr><td><a href=\"CodeSystem-ProcedureType.html#ProcedureType-esd\">esd</a></td><td>ESD inkl. piecemeal ESD</td><td>ESD inkl. piecemeal ESD</td></tr><tr><td><a href=\"CodeSystem-ProcedureType.html#ProcedureType-piecemeal_resection\">piecemeal_resection</a></td><td>Piecemeal resektion</td><td>Piecemeal resektion</td></tr><tr><td><a href=\"CodeSystem-ProcedureType.html#ProcedureType-full_wall_resection\">full_wall_resection</a></td><td>Endoskopisk fuldvægsresektion</td><td>Endoskopisk fuldvægsresektion</td></tr><tr><td><a href=\"CodeSystem-ProcedureType.html#ProcedureType-other_endoscopic\">other_endoscopic</a></td><td>Anden endoskopisk procedure</td><td>Anden endoskopisk procedure</td></tr></table></li></ul></div>"},"url":"https://kip.rkkp.dk/fhir/ValueSet/ProcedureUdfoertR3DCCG","version":"2.9.0","name":"ProcedureUdfoertR3DCCG","title":"Udført procedure R3 (DCCG)","status":"active","experimental":true,"date":"2023-03-02T00:00:00+02:00","publisher":"Sundhedsvæsnets Kvalistetsinstitut with Trifork Digital Health A/S","contact":[{"name":"Sundhedsvæsnets Kvalistetsinstitut with Trifork Digital Health A/S","telecom":[{"system":"url","value":"https://trifork.com"},{"system":"email","value":"rbk@trifork.com"}]}],"description":"Udført procedure R3 (DCCG)","compose":{"include":[{"system":"https://kip.rkkp.dk/fhir/CodeSystem/ProcedureType","concept":[{"code":"polypectomy","display":"Polypektomi"},{"code":"emr","display":"EMR inkl. piecemeal EMR"},{"code":"esd","display":"ESD inkl. piecemeal ESD"},{"code":"piecemeal_resection","display":"Piecemeal resektion"},{"code":"full_wall_resection","display":"Endoskopisk fuldvægsresektion"},{"code":"other_endoscopic","display":"Anden endoskopisk procedure"}]}]}}