{"resourceType":"ValueSet","id":"FrekvensLaekDUGA","text":{"status":"extensions","div":"<div xmlns=\"http://www.w3.org/1999/xhtml\"><p class=\"res-header-id\"><b>Generated Narrative: ValueSet FrekvensLaekDUGA</b></p><a name=\"FrekvensLaekDUGA\"> </a><a name=\"hcFrekvensLaekDUGA\"> </a><a name=\"FrekvensLaekDUGA-en-US\"> </a><ul><li>Include these codes as defined in <a href=\"CodeSystem-Frekvens.html\"><code>https://kip.rkkp.dk/fhir/CodeSystem/Frekvens</code></a><table class=\"none\"><tr><td style=\"white-space:nowrap\"><b>Code</b></td><td><b>Display</b></td><td><b>Definition</b></td></tr><tr><td><a href=\"CodeSystem-Frekvens.html#Frekvens-aldrig\">aldrig</a></td><td>Aldrig</td><td>Aldrig / Slet ikke</td></tr><tr><td><a href=\"CodeSystem-Frekvens.html#Frekvens-ugl-le1\">ugl-le1</a></td><td>Ca. 1 gang om ugen eller mindre</td><td>1 gang om ugen eller mindre</td></tr><tr><td><a href=\"CodeSystem-Frekvens.html#Frekvens-ugl-2-3\">ugl-2-3</a></td><td>2-3 gange om ugen</td><td>2-3 gange om ugen</td></tr><tr><td><a href=\"CodeSystem-Frekvens.html#Frekvens-dgl-1\">dgl-1</a></td><td>Ca. 1 gang dagligt</td><td>1 gang om dagen</td></tr><tr><td><a href=\"CodeSystem-Frekvens.html#Frekvens-dgl-ge1\">dgl-ge1</a></td><td>Flere gange om dagen</td><td>1 eller flere gange om dagen</td></tr><tr><td><a href=\"CodeSystem-Frekvens.html#Frekvens-konstant\">konstant</a></td><td>Hele tiden</td><td>Hele tiden</td></tr></table></li></ul></div>"},"url":"https://kip.rkkp.dk/fhir/ValueSet/FrekvensLaekDUGA","version":"0.1.8","name":"FrekvensLaekDUGA","title":"Frekvens læk (DUGA)","status":"active","experimental":true,"date":"2024-02-13T00:00:00+02:00","publisher":"Sundhedsvæsnets Kvalistetsinstitut with Trifork Digital Health A/S","contact":[{"name":"Sundhedsvæsnets Kvalistetsinstitut with Trifork Digital Health A/S","telecom":[{"system":"url","value":"https://trifork.com"},{"system":"email","value":"rbk@trifork.com"}]}],"description":"Hvor ofte lækkes urin (DUGA)","compose":{"include":[{"system":"https://kip.rkkp.dk/fhir/CodeSystem/Frekvens","concept":[{"code":"aldrig","display":"Aldrig"},{"code":"ugl-le1","display":"Ca. 1 gang om ugen eller mindre"},{"code":"ugl-2-3","display":"2-3 gange om ugen"},{"code":"dgl-1","display":"Ca. 1 gang dagligt"},{"code":"dgl-ge1","display":"Flere gange om dagen"},{"code":"konstant","display":"Hele tiden"}]}]}}