{"resourceType":"ValueSet","id":"AnastomoseLaekageGraduering","text":{"status":"extensions","div":"<div xmlns=\"http://www.w3.org/1999/xhtml\"><p class=\"res-header-id\"><b>Generated Narrative: ValueSet AnastomoseLaekageGraduering</b></p><a name=\"AnastomoseLaekageGraduering\"> </a><a name=\"hcAnastomoseLaekageGraduering\"> </a><a name=\"AnastomoseLaekageGraduering-en-US\"> </a><ul><li>Include these codes as defined in <a href=\"CodeSystem-AnastomosisLeakGrading.html\"><code>https://kip.rkkp.dk/fhir/CodeSystem/AnastomosisLeakGrading</code></a><table class=\"none\"><tr><td style=\"white-space:nowrap\"><b>Code</b></td><td><b>Display</b></td><td><b>Definition</b></td></tr><tr><td><a href=\"CodeSystem-AnastomosisLeakGrading.html#AnastomosisLeakGrading-grade_a\">grade_a</a></td><td>Grad A - Kræver ikke nogen form for aktiv terapeutisk behandling</td><td>Grad A - Kræver ikke nogen form for aktiv terapeutisk behandling</td></tr><tr><td><a href=\"CodeSystem-AnastomosisLeakGrading.html#AnastomosisLeakGrading-grade_b\">grade_b</a></td><td>Grad B - Kræver aktiv terapeutisk behandling men ikke re-labaroskopi eller re-laparotomi</td><td>Grad B - Kræver aktiv terapeutisk behandling men ikke re-labaroskopi eller re-laparotomi</td></tr><tr><td><a href=\"CodeSystem-AnastomosisLeakGrading.html#AnastomosisLeakGrading-grade_c\">grade_c</a></td><td>Grad C - Kræver aktiv terapeutisk behandling med re-labaroskopi eller re-laparotomi</td><td>Grad C - Kræver aktiv terapeutisk behandling med re-labaroskopi eller re-laparotomi</td></tr></table></li></ul></div>"},"url":"https://kip.rkkp.dk/fhir/ValueSet/AnastomoseLaekageGraduering","version":"2.9.1","name":"AnastomoseLaekageGraduering","title":"AnastomoseLaekage graduering","status":"active","experimental":true,"date":"2022-10-19T00:00:00+02:00","publisher":"Sundhedsvæsnets Kvalistetsinstitut with Trifork Digital Health A/S","contact":[{"name":"Sundhedsvæsnets Kvalistetsinstitut with Trifork Digital Health A/S","telecom":[{"system":"url","value":"https://trifork.com"},{"system":"email","value":"rbk@trifork.com"}]}],"description":"AnastomoseLaekage graduering","compose":{"include":[{"system":"https://kip.rkkp.dk/fhir/CodeSystem/AnastomosisLeakGrading","concept":[{"code":"grade_a","display":"Grad A - Kræver ikke nogen form for aktiv terapeutisk behandling"},{"code":"grade_b","display":"Grad B - Kræver aktiv terapeutisk behandling men ikke re-labaroskopi eller re-laparotomi"},{"code":"grade_c","display":"Grad C - Kræver aktiv terapeutisk behandling med re-labaroskopi eller re-laparotomi"}]}]}}