{"resourceType":"ValueSet","id":"SuturTypeDHDB","text":{"status":"extensions","div":"<div xmlns=\"http://www.w3.org/1999/xhtml\"><p class=\"res-header-id\"><b>Generated Narrative: ValueSet SuturTypeDHDB</b></p><a name=\"SuturTypeDHDB\"> </a><a name=\"hcSuturTypeDHDB\"> </a><a name=\"SuturTypeDHDB-en-US\"> </a><ul><li>Include these codes as defined in <a href=\"CodeSystem-MedicalFixationClosing.html\"><code>https://kip.sundk.dk/fhir/CodeSystem/MedicalFixationClosing</code></a><table class=\"none\"><tr><td style=\"white-space:nowrap\"><b>Code</b></td><td><b>Display</b></td><td><b>Definition</b></td></tr><tr><td><a href=\"CodeSystem-MedicalFixationClosing.html#MedicalFixationClosing-not_self_locking\">not_self_locking</a></td><td>Ikke-selvlåsende</td><td>Not self-locking / Ikke selvlåsende</td></tr><tr><td><a href=\"CodeSystem-MedicalFixationClosing.html#MedicalFixationClosing-v_loc\">v_loc</a></td><td>Selvlåsende (V-LOC)</td><td>Self-locking (V-LOC) / Selflåsende (V-LOC)</td></tr><tr><td><a href=\"CodeSystem-MedicalFixationClosing.html#MedicalFixationClosing-stratafix\">stratafix</a></td><td>Selvlåsende (Stratafix)</td><td>Self-locking (Stratafix) / Selflåsende (Stratafix)</td></tr><tr><td><a href=\"CodeSystem-MedicalFixationClosing.html#MedicalFixationClosing-self_locking\">self_locking</a></td><td>Selvlåsende (anden, uspecifik)</td><td>Self-locking / Selvlåsende</td></tr></table></li></ul></div>"},"url":"https://kip.sundk.dk/fhir/ValueSet/SuturTypeDHDB","version":"0.0.9","name":"SuturTypeDHDB","title":"Sutur type; selvlåsende (DHDB)","status":"active","experimental":true,"date":"2022-07-20T00:00:00+02:00","publisher":"Sundhedsvæsnets Kvalistetsinstitut with Trifork Public A/S","contact":[{"name":"Sundhedsvæsnets Kvalistetsinstitut with Trifork Public A/S","telecom":[{"system":"url","value":"https://trifork.com"},{"system":"email","value":"rbk@trifork.com"}]}],"description":"Suturtype; selvlåsende (DHDB)","compose":{"include":[{"system":"https://kip.sundk.dk/fhir/CodeSystem/MedicalFixationClosing","concept":[{"code":"not_self_locking","display":"Ikke-selvlåsende"},{"code":"v_loc","display":"Selvlåsende (V-LOC)"},{"code":"stratafix","display":"Selvlåsende (Stratafix)"},{"code":"self_locking","display":"Selvlåsende (anden, uspecifik)"}]}]}}