{"resourceType":"ValueSet","id":"CALRvariant","text":{"status":"extensions","div":"<div xmlns=\"http://www.w3.org/1999/xhtml\"><p class=\"res-header-id\"><b>Generated Narrative: ValueSet CALRvariant</b></p><a name=\"CALRvariant\"> </a><a name=\"hcCALRvariant\"> </a><a name=\"CALRvariant-en-US\"> </a><p>This value set includes codes based on the following rules:</p><ul><li>Include these codes as defined in <a href=\"CodeSystem-CALRGeneType.html\"><code>https://kip.rkkp.dk/fhir/CodeSystem/CALRGeneType</code></a><table class=\"none\"><tr><td style=\"white-space:nowrap\"><b>Code</b></td><td><b>Display</b></td><td><b>Definition</b></td></tr><tr><td><a href=\"CodeSystem-CALRGeneType.html#CALRGeneType-type_1\">type_1</a></td><td>Type 1</td><td>Type 1</td></tr><tr><td><a href=\"CodeSystem-CALRGeneType.html#CALRGeneType-type_2\">type_2</a></td><td>Type 2</td><td>Type 2</td></tr></table></li><li>Include these codes as defined in <a href=\"CodeSystem-GenericValues.html\"><code>https://kip.rkkp.dk/fhir/CodeSystem/GenericValues</code></a><table class=\"none\"><tr><td style=\"white-space:nowrap\"><b>Code</b></td><td><b>Display</b></td><td><b>Definition</b></td></tr><tr><td><a href=\"CodeSystem-GenericValues.html#GenericValues-other\">other</a></td><td>Anden CALR mutation</td><td>Other - used to choose unspecific value not in a valueset</td></tr></table></li><li>Include these codes as defined in <a href=\"http://terminology.hl7.org/3.1.0/CodeSystem-v2-0532.html\"><code>http://terminology.hl7.org/CodeSystem/v2-0532</code></a><table class=\"none\"><tr><td style=\"white-space:nowrap\"><b>Code</b></td><td><b>Display</b></td><td><b>Definition</b></td></tr><tr><td><a href=\"http://terminology.hl7.org/3.1.0/CodeSystem-v2-0532.html#v2-0532-UNK\">UNK</a></td><td>Uoplyst</td><td>unknown</td></tr></table></li></ul></div>"},"url":"https://kip.rkkp.dk/fhir/ValueSet/CALRvariant","version":"2.9.1","name":"CALRvariant","title":"CALR variant","status":"active","experimental":true,"date":"2022-07-18T00:00:00+02:00","publisher":"Sundhedsvæsnets Kvalistetsinstitut with Trifork Digital Health A/S","contact":[{"name":"Sundhedsvæsnets Kvalistetsinstitut with Trifork Digital Health A/S","telecom":[{"system":"url","value":"https://trifork.com"},{"system":"email","value":"rbk@trifork.com"}]}],"description":"CALR variant","compose":{"include":[{"system":"https://kip.rkkp.dk/fhir/CodeSystem/CALRGeneType","concept":[{"code":"type_1","display":"Type 1"},{"code":"type_2","display":"Type 2"}]},{"system":"https://kip.rkkp.dk/fhir/CodeSystem/GenericValues","concept":[{"code":"other","display":"Anden CALR mutation"}]},{"system":"http://terminology.hl7.org/CodeSystem/v2-0532","concept":[{"code":"UNK","display":"Uoplyst"}]}]}}