{"resourceType":"ValueSet","id":"TypeLokalresektionDCCG","text":{"status":"extensions","div":"<div xmlns=\"http://www.w3.org/1999/xhtml\"><p class=\"res-header-id\"><b>Generated Narrative: ValueSet TypeLokalresektionDCCG</b></p><a name=\"TypeLokalresektionDCCG\"> </a><a name=\"hcTypeLokalresektionDCCG\"> </a><a name=\"TypeLokalresektionDCCG-en-US\"> </a><p>This value set includes codes based on the following rules:</p><ul><li>Include these codes as defined in <a href=\"CodeSystem-ProcedureType.html\"><code>https://kip.rkkp.dk/fhir/CodeSystem/ProcedureType</code></a><table class=\"none\"><tr><td style=\"white-space:nowrap\"><b>Code</b></td><td><b>Display</b></td><td><b>Definition</b></td></tr><tr><td><a href=\"CodeSystem-ProcedureType.html#ProcedureType-local_resection\">local_resection</a></td><td>Endoskopisk lokalresektion (ekskl. TES)</td><td>Local ressection / Lokalresektion</td></tr><tr><td><a href=\"CodeSystem-ProcedureType.html#ProcedureType-local_resection_tes\">local_resection_tes</a></td><td>Endoskopisk lokalresektion efterfulgt af TES</td><td>Local ressection followed by TES / Lokalresektion efterfulgt af TES</td></tr><tr><td><a href=\"CodeSystem-ProcedureType.html#ProcedureType-transanal_resection\">transanal_resection</a></td><td>Transanal endoskopisk lokalresektion (TES)</td><td>Transanal endoskopisk lokalresektion (TES)</td></tr><tr><td><a href=\"CodeSystem-ProcedureType.html#ProcedureType-polypectomy\">polypectomy</a></td><td>Polypektomi</td><td>Polypektomi</td></tr><tr><td><a href=\"CodeSystem-ProcedureType.html#ProcedureType-emr\">emr</a></td><td>EMR inkl. piecemeal EMR</td><td>EMR inkl. piecemeal EMR</td></tr><tr><td><a href=\"CodeSystem-ProcedureType.html#ProcedureType-piecemeal_resection\">piecemeal_resection</a></td><td>Piecemeal resektion</td><td>Piecemeal resektion</td></tr><tr><td><a href=\"CodeSystem-ProcedureType.html#ProcedureType-full_wall_resection\">full_wall_resection</a></td><td>Endoskopisk fuldvægsresektion</td><td>Endoskopisk fuldvægsresektion</td></tr></table></li><li>Include these codes as defined in <a href=\"CodeSystem-GenericValues.html\"><code>https://kip.rkkp.dk/fhir/CodeSystem/GenericValues</code></a><table class=\"none\"><tr><td style=\"white-space:nowrap\"><b>Code</b></td><td><b>Display</b></td><td><b>Definition</b></td></tr><tr><td><a href=\"CodeSystem-GenericValues.html#GenericValues-other\">other</a></td><td>Anden endoskopisk procedure</td><td>Other - used to choose unspecific value not in a valueset</td></tr></table></li></ul></div>"},"url":"https://kip.rkkp.dk/fhir/ValueSet/TypeLokalresektionDCCG","version":"0.1.8","name":"TypeLokalresektionDCCG","title":"Type af præoperativ endoskopisk lokalresektion DCCG","status":"retired","experimental":true,"date":"2022-09-07T00:00:00+02:00","publisher":"Sundhedsvæsnets Kvalistetsinstitut with Trifork Digital Health A/S","contact":[{"name":"Sundhedsvæsnets Kvalistetsinstitut with Trifork Digital Health A/S","telecom":[{"system":"url","value":"https://trifork.com"},{"system":"email","value":"rbk@trifork.com"}]}],"description":"Type af præoperativ endoskopisk lokalresektion DCCG","compose":{"include":[{"system":"https://kip.rkkp.dk/fhir/CodeSystem/ProcedureType","concept":[{"code":"local_resection","display":"Endoskopisk lokalresektion (ekskl. TES)"},{"code":"local_resection_tes","display":"Endoskopisk lokalresektion efterfulgt af TES"},{"code":"transanal_resection","display":"Transanal endoskopisk lokalresektion (TES)"},{"code":"polypectomy","display":"Polypektomi"},{"code":"emr","display":"EMR inkl. piecemeal EMR"},{"code":"piecemeal_resection","display":"Piecemeal resektion"},{"code":"full_wall_resection","display":"Endoskopisk fuldvægsresektion"}]},{"system":"https://kip.rkkp.dk/fhir/CodeSystem/GenericValues","concept":[{"code":"other","display":"Anden endoskopisk procedure"}]}]}}