{"resourceType":"ValueSet","id":"NIHSS9Sprog","text":{"status":"extensions","div":"<div xmlns=\"http://www.w3.org/1999/xhtml\"><p class=\"res-header-id\"><b>Generated Narrative: ValueSet NIHSS9Sprog</b></p><a name=\"NIHSS9Sprog\"> </a><a name=\"hcNIHSS9Sprog\"> </a><a name=\"NIHSS9Sprog-en-US\"> </a><ul><li>Include these codes as defined in <a href=\"CodeSystem-NIHSS9Language.html\"><code>https://kip.sundk.dk/fhir/CodeSystem/NIHSS9Language</code></a><table class=\"none\"><tr><td style=\"white-space:nowrap\"><b>Code</b></td><td><b>Display</b></td><td><b>Definition</b></td></tr><tr><td><a href=\"CodeSystem-NIHSS9Language.html#NIHSS9Language-0\">0</a></td><td>0 = Ingen afasi</td><td>No aphasia; normal.</td></tr><tr><td><a href=\"CodeSystem-NIHSS9Language.html#NIHSS9Language-1\">1</a></td><td>1 = Let til moderat afasi</td><td>Mild-to-moderate aphasia; some obvious loss of fluency or facility of comprehension, without significant limitation on ideas expressed or form of expression. Reduction of speech and/or comprehension, however, makes conversation about provided materials difficult or impossible. For example, in conversation about provided materials, examiner can identify picture or naming card content from patient's response.</td></tr><tr><td><a href=\"CodeSystem-NIHSS9Language.html#NIHSS9Language-2\">2</a></td><td>2 = Svær afasi</td><td>Severe aphasia; all communication is through fragmentary expression; great need for inference, questioning, and guessing by the listener. Range of information that can be exchanged is limited; listener carries burden of communication. Examiner cannot identify materials provided from patient response.</td></tr><tr><td><a href=\"CodeSystem-NIHSS9Language.html#NIHSS9Language-3\">3</a></td><td>3 = Global afasi</td><td>Mute, global aphasia; no usable speech or auditory comprehension.</td></tr></table></li></ul></div>"},"url":"https://kip.sundk.dk/fhir/ValueSet/NIHSS9Sprog","version":"0.0.9","name":"NIHSS9Sprog","title":"NIHSS - 9. Sprog","status":"active","experimental":true,"date":"2022-06-27T00:00:00+02:00","publisher":"Sundhedsvæsnets Kvalistetsinstitut with Trifork Public A/S","contact":[{"name":"Sundhedsvæsnets Kvalistetsinstitut with Trifork Public A/S","telecom":[{"system":"url","value":"https://trifork.com"},{"system":"email","value":"rbk@trifork.com"}]}],"description":"The National Institute of Health Stroke Scale (NIHSS) - 9. Sprog (bed patienten beskrive billeder, benævne genstande, læse sætninger)","compose":{"include":[{"system":"https://kip.sundk.dk/fhir/CodeSystem/NIHSS9Language","concept":[{"code":"0","display":"0 = Ingen afasi"},{"code":"1","display":"1 = Let til moderat afasi"},{"code":"2","display":"2 = Svær afasi"},{"code":"3","display":"3 = Global afasi"}]}]}}