{"resourceType":"ValueSet","id":"RisikofaktorerDMPN","text":{"status":"extensions","div":"<div xmlns=\"http://www.w3.org/1999/xhtml\"><p class=\"res-header-id\"><b>Generated Narrative: ValueSet RisikofaktorerDMPN</b></p><a name=\"RisikofaktorerDMPN\"> </a><a name=\"hcRisikofaktorerDMPN\"> </a><a name=\"RisikofaktorerDMPN-en-US\"> </a><p>This value set includes codes based on the following rules:</p><ul><li>Include these codes as defined in <a href=\"CodeSystem-RiskFactors.html\"><code>https://kip.rkkp.dk/fhir/CodeSystem/RiskFactors</code></a><table class=\"none\"><tr><td style=\"white-space:nowrap\"><b>Code</b></td><td><b>Display</b></td><td><b>Definition</b></td></tr><tr><td><a href=\"CodeSystem-RiskFactors.html#RiskFactors-bmi\">bmi</a></td><td>Adipositas (BMI &gt;30)</td><td>Body mass index (BMI)</td></tr><tr><td><a href=\"CodeSystem-RiskFactors.html#RiskFactors-hypertension\">hypertension</a></td><td>Hypertension</td><td>Hypertension</td></tr><tr><td><a href=\"CodeSystem-RiskFactors.html#RiskFactors-hyperlipidemia\">hyperlipidemia</a></td><td>Hyperlipidæmi</td><td>Hyperlipidemia / Hyperlipidæmi</td></tr></table></li><li>Include these codes as defined in <a href=\"CodeSystem-Smoking.html\"><code>https://kip.rkkp.dk/fhir/CodeSystem/Smoking</code></a><table class=\"none\"><tr><td style=\"white-space:nowrap\"><b>Code</b></td><td><b>Display</b></td><td><b>Definition</b></td></tr><tr><td><a href=\"CodeSystem-Smoking.html#Smoking-smoker\">smoker</a></td><td>Ryger</td><td>Ryger</td></tr><tr><td><a href=\"CodeSystem-Smoking.html#Smoking-formersmoker\">formersmoker</a></td><td>Tidligere ryger</td><td>Tidligere ryger</td></tr></table></li><li>Include these codes as defined in <a href=\"CodeSystem-DiseasesUnspecified.html\"><code>https://kip.rkkp.dk/fhir/CodeSystem/DiseasesUnspecified</code></a><table class=\"none\"><tr><td style=\"white-space:nowrap\"><b>Code</b></td><td><b>Display</b></td><td><b>Definition</b></td></tr><tr><td><a href=\"CodeSystem-DiseasesUnspecified.html#DiseasesUnspecified-diabetes\">diabetes</a></td><td>Diabetes</td><td>Diabetes / Diabetes</td></tr></table></li></ul></div>"},"url":"https://kip.rkkp.dk/fhir/ValueSet/RisikofaktorerDMPN","version":"0.2.1","name":"RisikofaktorerDMPN","title":"Risikofaktorer DMPN","status":"active","experimental":true,"date":"2022-07-18T00:00:00+02:00","publisher":"Sundhedsvæsnets Kvalistetsinstitut with Trifork Digital Health A/S","contact":[{"name":"Sundhedsvæsnets Kvalistetsinstitut with Trifork Digital Health A/S","telecom":[{"system":"url","value":"https://trifork.com"},{"system":"email","value":"rbk@trifork.com"}]}],"description":"Risikofaktorer - DMPN","compose":{"include":[{"system":"https://kip.rkkp.dk/fhir/CodeSystem/RiskFactors","concept":[{"code":"bmi","display":"Adipositas (BMI >30)"},{"code":"hypertension","display":"Hypertension"},{"code":"hyperlipidemia","display":"Hyperlipidæmi"}]},{"system":"https://kip.rkkp.dk/fhir/CodeSystem/Smoking","concept":[{"code":"smoker","display":"Ryger"},{"code":"formersmoker","display":"Tidligere ryger"}]},{"system":"https://kip.rkkp.dk/fhir/CodeSystem/DiseasesUnspecified","concept":[{"code":"diabetes","display":"Diabetes"}]}]}}