{"resourceType":"ValueSet","id":"LinerUdenPostDKR","text":{"status":"generated","div":"<div xmlns=\"http://www.w3.org/1999/xhtml\"><p class=\"res-header-id\"><b>Generated Narrative: ValueSet LinerUdenPostDKR</b></p><a name=\"LinerUdenPostDKR\"> </a><a name=\"hcLinerUdenPostDKR\"> </a><a name=\"LinerUdenPostDKR-en-US\"> </a><ul><li>Include these codes as defined in <a href=\"CodeSystem-KomponentLiner.html\"><code>https://kip.sundk.dk/fhir/CodeSystem/KomponentLiner</code></a><table class=\"none\"><tr><td style=\"white-space:nowrap\"><b>Code</b></td><td><b>Display</b></td></tr><tr><td><a href=\"CodeSystem-KomponentLiner.html#KomponentLiner-traditional_cr\">traditional_cr</a></td><td>Ingen constraint (traditionel CR)</td></tr><tr><td><a href=\"CodeSystem-KomponentLiner.html#KomponentLiner-medial\">medial</a></td><td>Medial stabilized (øget kongruens og konformitet kun medialt)</td></tr><tr><td><a href=\"CodeSystem-KomponentLiner.html#KomponentLiner-medial_lateral\">medial_lateral</a></td><td>Medial og lateral øget constraint (typisk er der øget constraint anteriort)</td></tr><tr><td><a href=\"CodeSystem-KomponentLiner.html#KomponentLiner-rotating\">rotating</a></td><td>Rotating platform</td></tr><tr><td><a href=\"CodeSystem-KomponentLiner.html#KomponentLiner-bi_retain\">bi_retain</a></td><td>Bi-cruciate retaining (begge korsbånd bevaret)</td></tr></table></li></ul></div>"},"url":"https://kip.sundk.dk/fhir/ValueSet/LinerUdenPostDKR","version":"0.0.9","name":"LinerUdenPostDKR","title":"Liner komponent uden Post (DKR)","status":"active","experimental":true,"date":"2023-12-18T00:00:00+02:00","publisher":"Sundhedsvæsnets Kvalistetsinstitut with Trifork Public A/S","contact":[{"name":"Sundhedsvæsnets Kvalistetsinstitut with Trifork Public A/S","telecom":[{"system":"url","value":"https://trifork.com"},{"system":"email","value":"rbk@trifork.com"}]}],"description":"Liner komponent uden Post (DKR)","compose":{"include":[{"system":"https://kip.sundk.dk/fhir/CodeSystem/KomponentLiner","concept":[{"code":"traditional_cr","display":"Ingen constraint (traditionel CR)"},{"code":"medial","display":"Medial stabilized (øget kongruens og konformitet kun medialt)"},{"code":"medial_lateral","display":"Medial og lateral øget constraint (typisk er der øget constraint anteriort)"},{"code":"rotating","display":"Rotating platform"},{"code":"bi_retain","display":"Bi-cruciate retaining (begge korsbånd bevaret)"}]}]}}