{"resourceType":"ValueSet","id":"AnatomiskLokation4","text":{"status":"extensions","div":"<div xmlns=\"http://www.w3.org/1999/xhtml\"><p class=\"res-header-id\"><b>Generated Narrative: ValueSet AnatomiskLokation4</b></p><a name=\"AnatomiskLokation4\"> </a><a name=\"hcAnatomiskLokation4\"> </a><a name=\"AnatomiskLokation4-en-US\"> </a><ul><li>Include these codes as defined in <a href=\"CodeSystem-AnatomicalLocations.html\"><code>https://kip.sundk.dk/fhir/CodeSystem/AnatomicalLocations</code></a><table class=\"none\"><tr><td style=\"white-space:nowrap\"><b>Code</b></td><td><b>Display</b></td><td><b>Definition</b></td></tr><tr><td><a href=\"CodeSystem-AnatomicalLocations.html#AnatomicalLocations-ileocolica_centralt\">ileocolica_centralt</a></td><td>Ileocolica centralt</td><td>Ileocolica centralt</td></tr><tr><td><a href=\"CodeSystem-AnatomicalLocations.html#AnatomicalLocations-ileocolica_perifert\">ileocolica_perifert</a></td><td>Ileocolica perifert</td><td>Ileocolica perifert</td></tr><tr><td><a href=\"CodeSystem-AnatomicalLocations.html#AnatomicalLocations-a_colica_media_centralt\">a_colica_media_centralt</a></td><td>A. colica media centralt</td><td>A. colica media centralt</td></tr><tr><td><a href=\"CodeSystem-AnatomicalLocations.html#AnatomicalLocations-a_colica_media_hoejre\">a_colica_media_hoejre</a></td><td>Højre gren af  a. colica media</td><td>Højre gren af a. colica media</td></tr><tr><td><a href=\"CodeSystem-AnatomicalLocations.html#AnatomicalLocations-a_colica_media_venstre\">a_colica_media_venstre</a></td><td>Venstre gren af  a. colica media</td><td>Venstre gren af  a. colica media</td></tr><tr><td><a href=\"CodeSystem-AnatomicalLocations.html#AnatomicalLocations-a_mesenterica_inferior\">a_mesenterica_inferior</a></td><td>A. mesenterica inf.</td><td>A. mesenterica inf.</td></tr><tr><td><a href=\"CodeSystem-AnatomicalLocations.html#AnatomicalLocations-a_colica_sinistra\">a_colica_sinistra</a></td><td>A. colica sin.</td><td>A. colica sin.</td></tr><tr><td><a href=\"CodeSystem-AnatomicalLocations.html#AnatomicalLocations-a_mesenterica_inferior_perifert\">a_mesenterica_inferior_perifert</a></td><td>A. mesenterica inf perifert</td><td>A. mesenterica inf perifert</td></tr><tr><td><a href=\"CodeSystem-AnatomicalLocations.html#AnatomicalLocations-aa_sigmoideae\">aa_sigmoideae</a></td><td>Aa. sigmoideae</td><td>Aa. sigmoideae</td></tr><tr><td><a href=\"CodeSystem-AnatomicalLocations.html#AnatomicalLocations-a_rectalis_superior\">a_rectalis_superior</a></td><td>A. rectalis superior</td><td>A. rectalis superior</td></tr></table></li></ul></div>"},"url":"https://kip.sundk.dk/fhir/ValueSet/AnatomiskLokation4","version":"0.0.9","name":"AnatomiskLokation4","title":"Anatomisk lokation 4","status":"active","experimental":true,"date":"2022-10-19T00:00:00+02:00","publisher":"Sundhedsvæsnets Kvalistetsinstitut with Trifork Public A/S","contact":[{"name":"Sundhedsvæsnets Kvalistetsinstitut with Trifork Public A/S","telecom":[{"system":"url","value":"https://trifork.com"},{"system":"email","value":"rbk@trifork.com"}]}],"description":"Anatomisk lokation 4","compose":{"include":[{"system":"https://kip.sundk.dk/fhir/CodeSystem/AnatomicalLocations","concept":[{"code":"ileocolica_centralt","display":"Ileocolica centralt"},{"code":"ileocolica_perifert","display":"Ileocolica perifert"},{"code":"a_colica_media_centralt","display":"A. colica media centralt"},{"code":"a_colica_media_hoejre","display":"Højre gren af  a. colica media"},{"code":"a_colica_media_venstre","display":"Venstre gren af  a. colica media"},{"code":"a_mesenterica_inferior","display":"A. mesenterica inf."},{"code":"a_colica_sinistra","display":"A. colica sin."},{"code":"a_mesenterica_inferior_perifert","display":"A. mesenterica inf perifert"},{"code":"aa_sigmoideae","display":"Aa. sigmoideae"},{"code":"a_rectalis_superior","display":"A. rectalis superior"}]}]}}