{"resourceType":"ValueSet","id":"Maengder","text":{"status":"extensions","div":"<div xmlns=\"http://www.w3.org/1999/xhtml\"><p class=\"res-header-id\"><b>Generated Narrative: ValueSet Maengder</b></p><a name=\"Maengder\"> </a><a name=\"hcMaengder\"> </a><a name=\"Maengder-en-US\"> </a><ul><li>Include these codes as defined in <a href=\"CodeSystem-Maengde.html\"><code>https://kip.rkkp.dk/fhir/CodeSystem/Maengde</code></a><table class=\"none\"><tr><td style=\"white-space:nowrap\"><b>Code</b></td><td><b>Display</b></td><td><b>Definition</b></td></tr><tr><td><a href=\"CodeSystem-Maengde.html#Maengde-ingen\">ingen</a></td><td>Ingen</td><td>Ingen</td></tr><tr><td><a href=\"CodeSystem-Maengde.html#Maengde-lille\">lille</a></td><td>En lille mængde</td><td>Lille mængde</td></tr><tr><td><a href=\"CodeSystem-Maengde.html#Maengde-moderat\">moderat</a></td><td>En moderat mængde</td><td>Moderat mængde</td></tr><tr><td><a href=\"CodeSystem-Maengde.html#Maengde-stor\">stor</a></td><td>En stor mængde</td><td>Stor mængde</td></tr></table></li></ul></div>"},"url":"https://kip.rkkp.dk/fhir/ValueSet/Maengder","version":"0.1.8","name":"Maengder","title":"Mængder","status":"active","experimental":true,"date":"2023-02-13T00:00:00+02:00","publisher":"Sundhedsvæsnets Kvalistetsinstitut with Trifork Digital Health A/S","contact":[{"name":"Sundhedsvæsnets Kvalistetsinstitut with Trifork Digital Health A/S","telecom":[{"system":"url","value":"https://trifork.com"},{"system":"email","value":"rbk@trifork.com"}]}],"description":"Angivelse af mængder","compose":{"include":[{"system":"https://kip.rkkp.dk/fhir/CodeSystem/Maengde","concept":[{"code":"ingen","display":"Ingen"},{"code":"lille","display":"En lille mængde"},{"code":"moderat","display":"En moderat mængde"},{"code":"stor","display":"En stor mængde"}]}]}}