{"resourceType":"ValueSet","id":"KomplOrganperfDiagDUGA","text":{"status":"extensions","div":"<div xmlns=\"http://www.w3.org/1999/xhtml\"><p class=\"res-header-id\"><b>Generated Narrative: ValueSet KomplOrganperfDiagDUGA</b></p><a name=\"KomplOrganperfDiagDUGA\"> </a><a name=\"hcKomplOrganperfDiagDUGA\"> </a><a name=\"KomplOrganperfDiagDUGA-en-US\"> </a><ul><li>Include these codes as defined in <a href=\"CodeSystem-ProcedureUrogyn.html\"><code>https://kip.rkkp.dk/fhir/CodeSystem/ProcedureUrogyn</code></a><table class=\"none\"><tr><td style=\"white-space:nowrap\"><b>Code</b></td><td><b>Display</b></td><td><b>Definition</b></td></tr><tr><td><a href=\"CodeSystem-ProcedureUrogyn.html#ProcedureUrogyn-DT812G\">DT812G</a></td><td>DT812G: Utilsigtet peroperativ punktur eller læsion af gastrointestinalkanalen</td><td>Utilsigtet peroperativ punktur eller læsion af gastrointestinalkanalen</td></tr><tr><td><a href=\"CodeSystem-ProcedureUrogyn.html#ProcedureUrogyn-DT812H\">DT812H</a></td><td>DT812H: Utilsigtet peroperativ punktur eller læsion af kvindeligt kønsorgan</td><td>Utilsigtet peroperativ punktur eller læsion af kvindeligt kønsorgan</td></tr><tr><td><a href=\"CodeSystem-ProcedureUrogyn.html#ProcedureUrogyn-DT812UC\">DT812UC</a></td><td>DT812UC: Utilsigtet peroperativ punktur eller læsion af urinleder</td><td>Utilsigtet peroperativ punktur eller læsion af urinleder</td></tr><tr><td><a href=\"CodeSystem-ProcedureUrogyn.html#ProcedureUrogyn-DT812UD\">DT812UD</a></td><td>DT812UD: Utilsigtet peroperativ punktur eller læsion af urinblære</td><td>Utilsigtet peroperativ punktur eller læsion af urinblære</td></tr><tr><td><a href=\"CodeSystem-ProcedureUrogyn.html#ProcedureUrogyn-DT812UE\">DT812UE</a></td><td>DT812UE: Utilsigtet peroperativ punktur eller læsion af urinrør</td><td>Utilsigtet peroperativ punktur eller læsion af urinrør</td></tr></table></li></ul></div>"},"url":"https://kip.rkkp.dk/fhir/ValueSet/KomplOrganperfDiagDUGA","version":"2.9.1","name":"KomplOrganperfDiagDUGA","title":"Komplikationer pga. organperforation - Diagnosekoder (DUGA)","status":"active","experimental":true,"date":"2024-02-21T00:00:00+02:00","publisher":"Sundhedsvæsnets Kvalistetsinstitut with Trifork Digital Health A/S","contact":[{"name":"Sundhedsvæsnets Kvalistetsinstitut with Trifork Digital Health A/S","telecom":[{"system":"url","value":"https://trifork.com"},{"system":"email","value":"rbk@trifork.com"}]}],"description":"Komplikationer pga. organperforation - Diagnosekoder (DUGA)","compose":{"include":[{"system":"https://kip.rkkp.dk/fhir/CodeSystem/ProcedureUrogyn","concept":[{"code":"DT812G","display":"DT812G: Utilsigtet peroperativ punktur eller læsion af gastrointestinalkanalen"},{"code":"DT812H","display":"DT812H: Utilsigtet peroperativ punktur eller læsion af kvindeligt kønsorgan"},{"code":"DT812UC","display":"DT812UC: Utilsigtet peroperativ punktur eller læsion af urinleder"},{"code":"DT812UD","display":"DT812UD: Utilsigtet peroperativ punktur eller læsion af urinblære"},{"code":"DT812UE","display":"DT812UE: Utilsigtet peroperativ punktur eller læsion af urinrør"}]}]}}