{"resourceType":"ValueSet","id":"AnaestesiRegionalDHR","text":{"status":"extensions","div":"<div xmlns=\"http://www.w3.org/1999/xhtml\"><p class=\"res-header-id\"><b>Generated Narrative: ValueSet AnaestesiRegionalDHR</b></p><a name=\"AnaestesiRegionalDHR\"> </a><a name=\"hcAnaestesiRegionalDHR\"> </a><a name=\"AnaestesiRegionalDHR-en-US\"> </a><ul><li>Include these codes as defined in <a href=\"CodeSystem-AnasthesiaService.html\"><code>https://kip.rkkp.dk/fhir/CodeSystem/AnasthesiaService</code></a><table class=\"none\"><tr><td style=\"white-space:nowrap\"><b>Code</b></td><td><b>Display</b></td><td><b>Definition</b></td></tr><tr><td><a href=\"CodeSystem-AnasthesiaService.html#AnasthesiaService-spinal\">spinal</a></td><td>Spinalanæstesi</td><td>Spinal</td></tr><tr><td><a href=\"CodeSystem-AnasthesiaService.html#AnasthesiaService-normotensive\">normotensive</a></td><td>Normotensiv epiduralanæstesi</td><td>Normotensive epidural anaesthesia</td></tr><tr><td><a href=\"CodeSystem-AnasthesiaService.html#AnasthesiaService-hypotensive\">hypotensive</a></td><td>Hypotensiv epiduralanæstesi</td><td>Hypotensive epidural anaesthesia</td></tr></table></li></ul></div>"},"url":"https://kip.rkkp.dk/fhir/ValueSet/AnaestesiRegionalDHR","version":"0.2.1","name":"AnaestesiRegionalDHR","title":"Anæstesi - Regional [DHR]","status":"active","experimental":true,"date":"2022-06-09T00:00:00+02:00","publisher":"Sundhedsvæsnets Kvalistetsinstitut with Trifork Digital Health A/S","contact":[{"name":"Sundhedsvæsnets Kvalistetsinstitut with Trifork Digital Health A/S","telecom":[{"system":"url","value":"https://trifork.com"},{"system":"email","value":"rbk@trifork.com"}]}],"description":"Anæstesi - Regional [DHR]","compose":{"include":[{"system":"https://kip.rkkp.dk/fhir/CodeSystem/AnasthesiaService","concept":[{"code":"spinal","display":"Spinalanæstesi"},{"code":"normotensive","display":"Normotensiv epiduralanæstesi"},{"code":"hypotensive","display":"Hypotensiv epiduralanæstesi"}]}]}}