{"resourceType":"ValueSet","id":"RegistreringEksklusionHAEMA","text":{"status":"extensions","div":"<div xmlns=\"http://www.w3.org/1999/xhtml\"><p class=\"res-header-id\"><b>Generated Narrative: ValueSet RegistreringEksklusionHAEMA</b></p><a name=\"RegistreringEksklusionHAEMA\"> </a><a name=\"hcRegistreringEksklusionHAEMA\"> </a><a name=\"RegistreringEksklusionHAEMA-en-US\"> </a><p>This value set includes codes based on the following rules:</p><ul><li>Include these codes as defined in <a href=\"CodeSystem-DiseasesUnspecified.html\"><code>https://kip.sundk.dk/fhir/CodeSystem/DiseasesUnspecified</code></a><table class=\"none\"><tr><td style=\"white-space:nowrap\"><b>Code</b></td><td><b>Display</b></td><td><b>Definition</b></td></tr><tr><td><a href=\"CodeSystem-DiseasesUnspecified.html#DiseasesUnspecified-amyloidose.602012\">amyloidose&lt;2012</a></td><td>Amyloidose før 2012</td><td>Amyloidose før 2012</td></tr><tr><td><a href=\"CodeSystem-DiseasesUnspecified.html#DiseasesUnspecified-all.602005\">all&lt;2005</a></td><td>ALL før 2005</td><td>ALL før 2005</td></tr><tr><td><a href=\"CodeSystem-DiseasesUnspecified.html#DiseasesUnspecified-all.602000\">all&lt;2000</a></td><td>AML før 2000</td><td>AML før 2000</td></tr><tr><td><a href=\"CodeSystem-DiseasesUnspecified.html#DiseasesUnspecified-cll.602008\">cll&lt;2008</a></td><td>CLL før 2008</td><td>CLL før 2008</td></tr><tr><td><a href=\"CodeSystem-DiseasesUnspecified.html#DiseasesUnspecified-hodgkin.601998\">hodgkin&lt;1998</a></td><td>Hodgkin diagnosticeret før 1998 (2000 ØstDK)</td><td>Hodgkin diagnosticeret før 1998 (2000 ØstDK)</td></tr><tr><td><a href=\"CodeSystem-DiseasesUnspecified.html#DiseasesUnspecified-lymfom.601983\">lymfom&lt;1983</a></td><td>Lymfom diagnosticeret før 1983 (2000 ØstDK)</td><td>Lymfom diagnosticeret før 1983 (2000 ØstDK)</td></tr><tr><td><a href=\"CodeSystem-DiseasesUnspecified.html#DiseasesUnspecified-mds.602010\">mds&lt;2010</a></td><td>MDS diagnosticeret før 2010</td><td>MDS diagnosticeret før 2010</td></tr><tr><td><a href=\"CodeSystem-DiseasesUnspecified.html#DiseasesUnspecified-mgus.602013\">mgus&lt;2013</a></td><td>MGUS eller Amyloidose før 2013</td><td>MGUS eller Amyloidose før 2013</td></tr><tr><td><a href=\"CodeSystem-DiseasesUnspecified.html#DiseasesUnspecified-myelom.602005\">myelom&lt;2005</a></td><td>Myelomatose diagnosticeret før 2005</td><td>Myelomatose diagnosticeret før 2005</td></tr><tr><td><a href=\"CodeSystem-DiseasesUnspecified.html#DiseasesUnspecified-mpn.602010\">mpn&lt;2010</a></td><td>Myeloproliferativ sygdom diagnosticeret før 2010</td><td>Myeloproliferativ sygdom diagnosticeret før 2010</td></tr><tr><td><a href=\"CodeSystem-DiseasesUnspecified.html#DiseasesUnspecified-leukaemi_haarcelle\">leukaemi_haarcelle</a></td><td>Hårcelle leukæmi</td><td>Hårcelle leukæmi</td></tr><tr><td><a href=\"CodeSystem-DiseasesUnspecified.html#DiseasesUnspecified-lgl\">lgl</a></td><td>Large Granular Leukemia (LGL)</td><td>Large Granular Leukemia (LGL)</td></tr><tr><td><a href=\"CodeSystem-DiseasesUnspecified.html#DiseasesUnspecified-t_pll\">t_pll</a></td><td>T-Prolymfocytleukæmi</td><td>T-Prolymfocytleukæmi</td></tr></table></li><li>Include these codes as defined in <a href=\"CodeSystem-Registry.html\"><code>https://kip.sundk.dk/fhir/CodeSystem/Registry</code></a><table class=\"none\"><tr><td style=\"white-space:nowrap\"><b>Code</b></td><td><b>Display</b></td><td><b>Definition</b></td></tr><tr><td><a href=\"CodeSystem-Registry.html#Registry-ej_reg_pligtig\">ej_reg_pligtig</a></td><td>Ej registreringspligtig hæmatologisk sygdom</td><td>Ej registreringspligtig hæmatologisk sygdom</td></tr><tr><td><a href=\"CodeSystem-Registry.html#Registry-eksisterende\">eksisterende</a></td><td>Eksisterende registreringer dækker over de(n) hæmatologiske sygdomme pt har</td><td>Eksisterende registreringer dækker over de(n) hæmatologiske sygdomme pt har</td></tr><tr><td><a href=\"CodeSystem-Registry.html#Registry-udland\">udland</a></td><td>Bosiddende i udlandet på diagnosetidspunktet</td><td>Bosiddende i udlandet på diagnosetidspunktet</td></tr><tr><td><a href=\"CodeSystem-Registry.html#Registry-flyttet\">flyttet</a></td><td>Patientforløb flyttet til anden hæmatologisk afdeling</td><td>Patientforløb flyttet til anden hæmatologisk afdeling</td></tr><tr><td><a href=\"CodeSystem-Registry.html#Registry-barn\">barn</a></td><td>Behandlet på børneafdeling el anden IKKE hæmatologisk afd</td><td>Behandlet på børneafdeling el anden IKKE hæmatologisk afd</td></tr><tr><td><a href=\"CodeSystem-Registry.html#Registry-ej_relaps\">ej_relaps</a></td><td>Pt har ikke relaps/progression</td><td>Pt har ikke relaps/progression</td></tr><tr><td><a href=\"CodeSystem-Registry.html#Registry-afsluttet\">afsluttet</a></td><td>Afsluttet: Patientens forløb er afsluttet fra afdeling og følges IKKE på anden hæmatologisk afdeling</td><td>Afsluttet: Patientens forløb er afsluttet fra afdeling og følges IKKE på anden hæmatologisk afdeling</td></tr></table></li></ul></div>"},"url":"https://kip.sundk.dk/fhir/ValueSet/RegistreringEksklusionHAEMA","version":"0.0.9","name":"RegistreringEksklusionHAEMA","title":"Registrering - Eksklusionsårsag (HAEMA)","status":"active","experimental":true,"date":"2022-08-22T00:00:00+02:00","publisher":"Sundhedsvæsnets Kvalistetsinstitut with Trifork Public A/S","contact":[{"name":"Sundhedsvæsnets Kvalistetsinstitut with Trifork Public A/S","telecom":[{"system":"url","value":"https://trifork.com"},{"system":"email","value":"rbk@trifork.com"}]}],"description":"Registrering - Eksklusionsårsag (HAEMA)","compose":{"include":[{"system":"https://kip.sundk.dk/fhir/CodeSystem/DiseasesUnspecified","concept":[{"code":"amyloidose<2012","display":"Amyloidose før 2012"},{"code":"all<2005","display":"ALL før 2005"},{"code":"all<2000","display":"AML før 2000"},{"code":"cll<2008","display":"CLL før 2008"},{"code":"hodgkin<1998","display":"Hodgkin diagnosticeret før 1998 (2000 ØstDK)"},{"code":"lymfom<1983","display":"Lymfom diagnosticeret før 1983 (2000 ØstDK)"},{"code":"mds<2010","display":"MDS diagnosticeret før 2010"},{"code":"mgus<2013","display":"MGUS eller Amyloidose før 2013"},{"code":"myelom<2005","display":"Myelomatose diagnosticeret før 2005"},{"code":"mpn<2010","display":"Myeloproliferativ sygdom diagnosticeret før 2010"},{"code":"leukaemi_haarcelle","display":"Hårcelle leukæmi"},{"code":"lgl","display":"Large Granular Leukemia (LGL)"},{"code":"t_pll","display":"T-Prolymfocytleukæmi"}]},{"system":"https://kip.sundk.dk/fhir/CodeSystem/Registry","concept":[{"code":"ej_reg_pligtig","display":"Ej registreringspligtig hæmatologisk sygdom"},{"code":"eksisterende","display":"Eksisterende registreringer dækker over de(n) hæmatologiske sygdomme pt har"},{"code":"udland","display":"Bosiddende i udlandet på diagnosetidspunktet"},{"code":"flyttet","display":"Patientforløb flyttet til anden hæmatologisk afdeling"},{"code":"barn","display":"Behandlet på børneafdeling el anden IKKE hæmatologisk afd"},{"code":"ej_relaps","display":"Pt har ikke relaps/progression"},{"code":"afsluttet","display":"Afsluttet: Patientens forløb er afsluttet fra afdeling og følges IKKE på anden hæmatologisk afdeling"}]}]}}