{"resourceType":"ValueSet","id":"SSSArmloeft","text":{"status":"extensions","div":"<div xmlns=\"http://www.w3.org/1999/xhtml\"><p class=\"res-header-id\"><b>Generated Narrative: ValueSet SSSArmloeft</b></p><a name=\"SSSArmloeft\"> </a><a name=\"hcSSSArmloeft\"> </a><a name=\"SSSArmloeft-en-US\"> </a><ul><li>Include these codes as defined in <a href=\"CodeSystem-SSSArmLift.html\"><code>https://kip.sundk.dk/fhir/CodeSystem/SSSArmLift</code></a><table class=\"none\"><tr><td style=\"white-space:nowrap\"><b>Code</b></td><td><b>Display</b></td><td><b>Definition</b></td></tr><tr><td><a href=\"CodeSystem-SSSArmLift.html#SSSArmLift-6\">6</a></td><td>6: løfter arm med normal kraft</td><td>Løfter arm med normal kraft</td></tr><tr><td><a href=\"CodeSystem-SSSArmLift.html#SSSArmLift-5\">5</a></td><td>5: løfter arm med nedsat kraft</td><td>Løfter strakt arm med nedsat kraft</td></tr><tr><td><a href=\"CodeSystem-SSSArmLift.html#SSSArmLift-4\">4</a></td><td>4: løfter arm med fleksion af albuen</td><td>Løfter arm med fleksion af albue</td></tr><tr><td><a href=\"CodeSystem-SSSArmLift.html#SSSArmLift-2\">2</a></td><td>2: bevæger arm men ikke mod tyngden</td><td>Bevæger armen men ikke mod tyngden</td></tr><tr><td><a href=\"CodeSystem-SSSArmLift.html#SSSArmLift-0\">0</a></td><td>0: paralyse</td><td>Paralyse: Ingen bevægelse mulig.</td></tr></table></li></ul></div>"},"url":"https://kip.sundk.dk/fhir/ValueSet/SSSArmloeft","version":"0.0.9","name":"SSSArmloeft","title":"Scandinavian Stroke Scale - Armløft","status":"active","experimental":true,"date":"2022-06-23T00:00:00+02:00","publisher":"Sundhedsvæsnets Kvalistetsinstitut with Trifork Public A/S","contact":[{"name":"Sundhedsvæsnets Kvalistetsinstitut with Trifork Public A/S","telecom":[{"system":"url","value":"https://trifork.com"},{"system":"email","value":"rbk@trifork.com"}]}],"description":"Scandinavian Stroke Scale - Armløft","compose":{"include":[{"system":"https://kip.sundk.dk/fhir/CodeSystem/SSSArmLift","concept":[{"code":"6","display":"6: løfter arm med normal kraft"},{"code":"5","display":"5: løfter arm med nedsat kraft"},{"code":"4","display":"4: løfter arm med fleksion af albuen"},{"code":"2","display":"2: bevæger arm men ikke mod tyngden"},{"code":"0","display":"0: paralyse"}]}]}}