{"resourceType":"ValueSet","id":"AnastomoseType3","text":{"status":"extensions","div":"<div xmlns=\"http://www.w3.org/1999/xhtml\"><p class=\"res-header-id\"><b>Generated Narrative: ValueSet AnastomoseType3</b></p><a name=\"AnastomoseType3\"> </a><a name=\"hcAnastomoseType3\"> </a><a name=\"AnastomoseType3-en-US\"> </a><p>This value set includes codes based on the following rules:</p><ul><li>Include these codes as defined in <a href=\"CodeSystem-AnastomosisType.html\"><code>https://kip.rkkp.dk/fhir/CodeSystem/AnastomosisType</code></a><table class=\"none\"><tr><td style=\"white-space:nowrap\"><b>Code</b></td><td><b>Display</b></td><td><b>Definition</b></td></tr><tr><td><a href=\"CodeSystem-AnastomosisType.html#AnastomosisType-end_to_end\">end_to_end</a></td><td>End-to-end</td><td>End-to-end</td></tr><tr><td><a href=\"CodeSystem-AnastomosisType.html#AnastomosisType-side_to_end\">side_to_end</a></td><td>Side-to-end</td><td>Side-to-end</td></tr><tr><td><a href=\"CodeSystem-AnastomosisType.html#AnastomosisType-end_to_side\">end_to_side</a></td><td>End-to-side</td><td>End-to-side</td></tr><tr><td><a href=\"CodeSystem-AnastomosisType.html#AnastomosisType-side_to_side\">side_to_side</a></td><td>Side-to-side</td><td>Side-to-side</td></tr><tr><td><a href=\"CodeSystem-AnastomosisType.html#AnastomosisType-functional_end_to_end\">functional_end_to_end</a></td><td>Funktionel end-to-end</td><td>Functional end-to-end / Funktionelt end-to-end</td></tr><tr><td><a href=\"CodeSystem-AnastomosisType.html#AnastomosisType-pouch\">pouch</a></td><td>Pouch</td><td>Pouch</td></tr></table></li><li>Include these codes as defined in <a href=\"CodeSystem-GenericValues.html\"><code>https://kip.rkkp.dk/fhir/CodeSystem/GenericValues</code></a><table class=\"none\"><tr><td style=\"white-space:nowrap\"><b>Code</b></td><td><b>Display</b></td><td><b>Definition</b></td></tr><tr><td><a href=\"CodeSystem-GenericValues.html#GenericValues-other\">other</a></td><td>Anden</td><td>Other - used to choose unspecific value not in a valueset</td></tr></table></li></ul></div>"},"url":"https://kip.rkkp.dk/fhir/ValueSet/AnastomoseType3","version":"2.9.3","name":"AnastomoseType3","title":"Anastomosetype 3","status":"active","experimental":true,"date":"2022-10-11T00:00:00+02:00","publisher":"Sundhedsvæsenets Kvalitetsinstitut with Trifork Digital Health A/S","contact":[{"name":"Sundhedsvæsenets Kvalitetsinstitut with Trifork Digital Health A/S","telecom":[{"system":"url","value":"https://trifork.com"},{"system":"email","value":"rbk@trifork.com"}]}],"description":"Anastomosetype 3","compose":{"include":[{"system":"https://kip.rkkp.dk/fhir/CodeSystem/AnastomosisType","concept":[{"code":"end_to_end","display":"End-to-end"},{"code":"side_to_end","display":"Side-to-end"},{"code":"end_to_side","display":"End-to-side"},{"code":"side_to_side","display":"Side-to-side"},{"code":"functional_end_to_end","display":"Funktionel end-to-end"},{"code":"pouch","display":"Pouch"}]},{"system":"https://kip.rkkp.dk/fhir/CodeSystem/GenericValues","concept":[{"code":"other","display":"Anden"}]}]}}