{"resourceType":"ValueSet","id":"Interventionsforloeb","text":{"status":"extensions","div":"<div xmlns=\"http://www.w3.org/1999/xhtml\"><p class=\"res-header-id\"><b>Generated Narrative: ValueSet Interventionsforloeb</b></p><a name=\"Interventionsforloeb\"> </a><a name=\"hcInterventionsforloeb\"> </a><a name=\"Interventionsforloeb-en-US\"> </a><ul><li>Include these codes as defined in <a href=\"CodeSystem-Interventionsforloeb.html\"><code>https://kip.sundk.dk/fhir/CodeSystem/Interventionsforloeb</code></a><table class=\"none\"><tr><td style=\"white-space:nowrap\"><b>Code</b></td><td><b>Display</b></td><td><b>Definition</b></td></tr><tr><td><a href=\"CodeSystem-Interventionsforloeb.html#Interventionsforloeb-HD\">HD</a></td><td>Hæmodialyse</td><td>Hæmodialyse</td></tr><tr><td><a href=\"CodeSystem-Interventionsforloeb.html#Interventionsforloeb-PD\">PD</a></td><td>Peritonealdialyse</td><td>Peritonealdialyse</td></tr><tr><td><a href=\"CodeSystem-Interventionsforloeb.html#Interventionsforloeb-TX\">TX</a></td><td>Transplantation</td><td>Transplantation</td></tr></table></li></ul></div>"},"url":"https://kip.sundk.dk/fhir/ValueSet/Interventionsforloeb","version":"0.0.9","name":"Interventionsforloeb","title":"Interventionsforløb","status":"active","experimental":true,"date":"2024-01-10T00:00:00+02:00","publisher":"Sundhedsvæsnets Kvalistetsinstitut with Trifork Public A/S","contact":[{"name":"Sundhedsvæsnets Kvalistetsinstitut with Trifork Public A/S","telecom":[{"system":"url","value":"https://trifork.com"},{"system":"email","value":"rbk@trifork.com"}]}],"description":"Interventionsforløb","compose":{"include":[{"system":"https://kip.sundk.dk/fhir/CodeSystem/Interventionsforloeb","concept":[{"code":"HD","display":"Hæmodialyse"},{"code":"PD","display":"Peritonealdialyse"},{"code":"TX","display":"Transplantation"}]}]}}