{"resourceType":"ValueSet","id":"Alkohol021","text":{"status":"extensions","div":"<div xmlns=\"http://www.w3.org/1999/xhtml\"><p class=\"res-header-id\"><b>Generated Narrative: ValueSet Alkohol021</b></p><a name=\"Alkohol021\"> </a><a name=\"hcAlkohol021\"> </a><a name=\"Alkohol021-en-US\"> </a><ul><li>Include these codes as defined in <a href=\"CodeSystem-Alchohol.html\"><code>https://kip.sundk.dk/fhir/CodeSystem/Alchohol</code></a><table class=\"none\"><tr><td style=\"white-space:nowrap\"><b>Code</b></td><td><b>Display</b></td><td><b>Definition</b></td></tr><tr><td><a href=\"CodeSystem-Alchohol.html#Alchohol-0\">0</a></td><td>Ingen alkohol</td><td>Ingen alkohol</td></tr><tr><td><a href=\"CodeSystem-Alchohol.html#Alchohol-1-21\">1-21</a></td><td>1-21 genstande per uge</td><td>1-21 genstande per uge</td></tr><tr><td><a href=\"CodeSystem-Alchohol.html#Alchohol-gt21\">gt21</a></td><td>Mere end 21 genstande per uge</td><td>Mere end 21 genstande per uge</td></tr></table></li></ul></div>"},"url":"https://kip.sundk.dk/fhir/ValueSet/Alkohol021","version":"0.0.9","name":"Alkohol021","title":"Alkohol 0-21","status":"active","experimental":true,"date":"2022-06-15T00:00:00+02:00","publisher":"Sundhedsvæsnets Kvalistetsinstitut with Trifork Public A/S","contact":[{"name":"Sundhedsvæsnets Kvalistetsinstitut with Trifork Public A/S","telecom":[{"system":"url","value":"https://trifork.com"},{"system":"email","value":"rbk@trifork.com"}]}],"description":"0, 1-21 eller flere genstande per uge","compose":{"include":[{"system":"https://kip.sundk.dk/fhir/CodeSystem/Alchohol","concept":[{"code":"0","display":"Ingen alkohol"},{"code":"1-21","display":"1-21 genstande per uge"},{"code":"gt21","display":"Mere end 21 genstande per uge"}]}]}}