{"resourceType":"ValueSet","id":"StopTeam","text":{"status":"extensions","div":"<div xmlns=\"http://www.w3.org/1999/xhtml\"><p class=\"res-header-id\"><b>Generated Narrative: ValueSet StopTeam</b></p><a name=\"StopTeam\"> </a><a name=\"hcStopTeam\"> </a><a name=\"StopTeam-en-US\"> </a><ul><li>Include these codes as defined in <a href=\"CodeSystem-StopTeam.html\"><code>https://kip.sundk.dk/fhir/CodeSystem/StopTeam</code></a><table class=\"none\"><tr><td style=\"white-space:nowrap\"><b>Code</b></td><td><b>Display</b></td><td><b>Definition</b></td></tr><tr><td><a href=\"CodeSystem-StopTeam.html#StopTeam-anastesiLaege\">anastesiLaege</a></td><td>Anæstesilæge(r)</td><td>Anæstesilæge(r)</td></tr><tr><td><a href=\"CodeSystem-StopTeam.html#StopTeam-anastesiSP\">anastesiSP</a></td><td>Anæstesisygeplejerske(r)</td><td>Anæstesisygeplejerske(r)</td></tr><tr><td><a href=\"CodeSystem-StopTeam.html#StopTeam-kardiolog\">kardiolog</a></td><td>Kardiolog(er)</td><td>Kardiolog(er)</td></tr><tr><td><a href=\"CodeSystem-StopTeam.html#StopTeam-SP\">SP</a></td><td>Sygeplejerske(r)</td><td>Sygeplejerske(r)</td></tr><tr><td><a href=\"CodeSystem-StopTeam.html#StopTeam-portor\">portor</a></td><td>Portør/serviceass.</td><td>Portør/serviceass.</td></tr><tr><td><a href=\"CodeSystem-StopTeam.html#StopTeam-andre\">andre</a></td><td>Andre</td><td>Andre</td></tr></table></li></ul></div>"},"url":"https://kip.sundk.dk/fhir/ValueSet/StopTeam","version":"0.0.9","name":"StopTeam","title":"Teammedlemmer på stopholdet","status":"active","experimental":true,"date":"2022-06-29T00:00:00+02:00","publisher":"Sundhedsvæsnets Kvalistetsinstitut with Trifork Public A/S","contact":[{"name":"Sundhedsvæsnets Kvalistetsinstitut with Trifork Public A/S","telecom":[{"system":"url","value":"https://trifork.com"},{"system":"email","value":"rbk@trifork.com"}]}],"description":"Teammedlemmer/personale på stopholdet","compose":{"include":[{"system":"https://kip.sundk.dk/fhir/CodeSystem/StopTeam","concept":[{"code":"anastesiLaege","display":"Anæstesilæge(r)"},{"code":"anastesiSP","display":"Anæstesisygeplejerske(r)"},{"code":"kardiolog","display":"Kardiolog(er)"},{"code":"SP","display":"Sygeplejerske(r)"},{"code":"portor","display":"Portør/serviceass."},{"code":"andre","display":"Andre"}]}]}}