{"resourceType":"ValueSet","id":"Cytopeni","text":{"status":"extensions","div":"<div xmlns=\"http://www.w3.org/1999/xhtml\"><p class=\"res-header-id\"><b>Generated Narrative: ValueSet Cytopeni</b></p><a name=\"Cytopeni\"> </a><a name=\"hcCytopeni\"> </a><a name=\"Cytopeni-en-US\"> </a><ul><li>Include these codes as defined in <a href=\"CodeSystem-DiseasesUnspecified.html\"><code>https://kip.rkkp.dk/fhir/CodeSystem/DiseasesUnspecified</code></a><table class=\"none\"><tr><td style=\"white-space:nowrap\"><b>Code</b></td><td><b>Display</b></td><td><b>Definition</b></td></tr><tr><td><a href=\"CodeSystem-DiseasesUnspecified.html#DiseasesUnspecified-anemia\">anemia</a></td><td>Anæmi (hgb &lt; 6,2 mmol/l)</td><td>Anemia / Anæmi</td></tr><tr><td><a href=\"CodeSystem-DiseasesUnspecified.html#DiseasesUnspecified-thrombocytopenic_disorder\">thrombocytopenic_disorder</a></td><td>Trombocytopeni (&lt; 100 x mia/l)</td><td>Thrombocytopenic disorder / Trombocytopeni</td></tr><tr><td><a href=\"CodeSystem-DiseasesUnspecified.html#DiseasesUnspecified-neutropenia\">neutropenia</a></td><td>Neutropeni (&lt; 1,8 x mia/l)</td><td>Neutropenia / Neutropeni</td></tr></table></li></ul></div>"},"url":"https://kip.rkkp.dk/fhir/ValueSet/Cytopeni","version":"0.1.6","name":"Cytopeni","title":"Cytopeni","status":"active","experimental":true,"date":"2022-07-12T00:00:00+02:00","publisher":"Sundhedsvæsnets Kvalistetsinstitut with Trifork Digital Health A/S","contact":[{"name":"Sundhedsvæsnets Kvalistetsinstitut with Trifork Digital Health A/S","telecom":[{"system":"url","value":"https://trifork.com"},{"system":"email","value":"rbk@trifork.com"}]}],"description":"Cytopeni","compose":{"include":[{"system":"https://kip.rkkp.dk/fhir/CodeSystem/DiseasesUnspecified","concept":[{"code":"anemia","display":"Anæmi (hgb < 6,2 mmol/l)"},{"code":"thrombocytopenic_disorder","display":"Trombocytopeni (< 100 x mia/l)"},{"code":"neutropenia","display":"Neutropeni (< 1,8 x mia/l)"}]}]}}