{"resourceType":"ValueSet","id":"MComponentTypeDAMYDA","text":{"status":"extensions","div":"<div xmlns=\"http://www.w3.org/1999/xhtml\"><p class=\"res-header-id\"><b>Generated Narrative: ValueSet MComponentTypeDAMYDA</b></p><a name=\"MComponentTypeDAMYDA\"> </a><a name=\"hcMComponentTypeDAMYDA\"> </a><a name=\"MComponentTypeDAMYDA-en-US\"> </a><ul><li>Include these codes as defined in <a href=\"CodeSystem-MComponentType.html\"><code>https://kip.rkkp.dk/fhir/CodeSystem/MComponentType</code></a><table class=\"none\"><tr><td style=\"white-space:nowrap\"><b>Code</b></td><td><b>Display</b></td><td><b>Definition</b></td></tr><tr><td><a href=\"CodeSystem-MComponentType.html#MComponentType-iga_kappa\">iga_kappa</a></td><td>IgA kappa</td><td>IgA kappa</td></tr><tr><td><a href=\"CodeSystem-MComponentType.html#MComponentType-iga_lambda\">iga_lambda</a></td><td>IgA lambda</td><td>IgA lambda</td></tr><tr><td><a href=\"CodeSystem-MComponentType.html#MComponentType-igg_kappa\">igg_kappa</a></td><td>IgG kappa</td><td>IgG kappa</td></tr><tr><td><a href=\"CodeSystem-MComponentType.html#MComponentType-igg_lambda\">igg_lambda</a></td><td>IgG lambda</td><td>IgG lambda</td></tr><tr><td><a href=\"CodeSystem-MComponentType.html#MComponentType-igm_kappa\">igm_kappa</a></td><td>IgM kappa</td><td>IgM kappa</td></tr><tr><td><a href=\"CodeSystem-MComponentType.html#MComponentType-igm_lambda\">igm_lambda</a></td><td>IgM lambda</td><td>IgM lambda</td></tr><tr><td><a href=\"CodeSystem-MComponentType.html#MComponentType-igd_kappa\">igd_kappa</a></td><td>IgD kappa</td><td>IgD kappa</td></tr><tr><td><a href=\"CodeSystem-MComponentType.html#MComponentType-igd_lambda\">igd_lambda</a></td><td>IgD lambda</td><td>IgD lambda</td></tr><tr><td><a href=\"CodeSystem-MComponentType.html#MComponentType-ige_kappa\">ige_kappa</a></td><td>IgE kappa</td><td>IgE kappa</td></tr><tr><td><a href=\"CodeSystem-MComponentType.html#MComponentType-ige_lambda\">ige_lambda</a></td><td>IgE lambda</td><td>IgE lambda</td></tr><tr><td><a href=\"CodeSystem-MComponentType.html#MComponentType-kappa\">kappa</a></td><td>Kappa (frie kæder)</td><td>Kappa (frie kæder)</td></tr><tr><td><a href=\"CodeSystem-MComponentType.html#MComponentType-lambda\">lambda</a></td><td>Lambda (frie kæder)</td><td>Lambda (frie kæder)</td></tr></table></li></ul></div>"},"url":"https://kip.rkkp.dk/fhir/ValueSet/MComponentTypeDAMYDA","version":"2.9.1","name":"MComponentTypeDAMYDA","title":"Plasma M komponent (Myeloma protein) type","status":"active","experimental":true,"date":"2022-06-08T00:00:00+02:00","publisher":"Sundhedsvæsnets Kvalistetsinstitut with Trifork Digital Health A/S","contact":[{"name":"Sundhedsvæsnets Kvalistetsinstitut with Trifork Digital Health A/S","telecom":[{"system":"url","value":"https://trifork.com"},{"system":"email","value":"rbk@trifork.com"}]}],"description":"Plasma M komponent (Myeloma protein) type [DAMYDA]","compose":{"include":[{"system":"https://kip.rkkp.dk/fhir/CodeSystem/MComponentType","concept":[{"code":"iga_kappa","display":"IgA kappa"},{"code":"iga_lambda","display":"IgA lambda"},{"code":"igg_kappa","display":"IgG kappa"},{"code":"igg_lambda","display":"IgG lambda"},{"code":"igm_kappa","display":"IgM kappa"},{"code":"igm_lambda","display":"IgM lambda"},{"code":"igd_kappa","display":"IgD kappa"},{"code":"igd_lambda","display":"IgD lambda"},{"code":"ige_kappa","display":"IgE kappa"},{"code":"ige_lambda","display":"IgE lambda"},{"code":"kappa","display":"Kappa (frie kæder)"},{"code":"lambda","display":"Lambda (frie kæder)"}]}]}}