{"resourceType":"ValueSet","id":"AdministrationTypeDCCG","text":{"status":"extensions","div":"<div xmlns=\"http://www.w3.org/1999/xhtml\"><p class=\"res-header-id\"><b>Generated Narrative: ValueSet AdministrationTypeDCCG</b></p><a name=\"AdministrationTypeDCCG\"> </a><a name=\"hcAdministrationTypeDCCG\"> </a><a name=\"AdministrationTypeDCCG-en-US\"> </a><ul><li>Include these codes as defined in <a href=\"CodeSystem-MedicalTreatmentAdministrationType.html\"><code>https://kip.rkkp.dk/fhir/CodeSystem/MedicalTreatmentAdministrationType</code></a><table class=\"none\"><tr><td style=\"white-space:nowrap\"><b>Code</b></td><td><b>Display</b></td><td><b>Definition</b></td></tr><tr><td><a href=\"CodeSystem-MedicalTreatmentAdministrationType.html#MedicalTreatmentAdministrationType-oral\">oral</a></td><td>Oral behandling</td><td>Oral / SNOMED-CT: 260548002</td></tr><tr><td><a href=\"CodeSystem-MedicalTreatmentAdministrationType.html#MedicalTreatmentAdministrationType-intravenous\">intravenous</a></td><td>Intravenøs behandling</td><td>Intravenous / Intravenøs / SNOMED-CT: 255560000</td></tr></table></li></ul></div>"},"url":"https://kip.rkkp.dk/fhir/ValueSet/AdministrationTypeDCCG","version":"2.9.0","name":"AdministrationTypeDCCG","title":"Administrationstype Jern (DCCG)","status":"active","experimental":true,"date":"2022-11-09T00:00:00+02:00","publisher":"Sundhedsvæsnets Kvalistetsinstitut with Trifork Digital Health A/S","contact":[{"name":"Sundhedsvæsnets Kvalistetsinstitut with Trifork Digital Health A/S","telecom":[{"system":"url","value":"https://trifork.com"},{"system":"email","value":"rbk@trifork.com"}]}],"description":"Administration af præoperativ jernbehandling","compose":{"include":[{"system":"https://kip.rkkp.dk/fhir/CodeSystem/MedicalTreatmentAdministrationType","concept":[{"code":"oral","display":"Oral behandling"},{"code":"intravenous","display":"Intravenøs behandling"}]}]}}