{"resourceType":"ValueSet","id":"SygdomMedicinskBehandletDHDB","text":{"status":"extensions","div":"<div xmlns=\"http://www.w3.org/1999/xhtml\"><p class=\"res-header-id\"><b>Generated Narrative: ValueSet SygdomMedicinskBehandletDHDB</b></p><a name=\"SygdomMedicinskBehandletDHDB\"> </a><a name=\"hcSygdomMedicinskBehandletDHDB\"> </a><a name=\"SygdomMedicinskBehandletDHDB-en-US\"> </a><p>This value set includes codes based on the following rules:</p><ul><li>Include these codes as defined in <a href=\"CodeSystem-DiseasesUnspecified.html\"><code>https://kip.rkkp.dk/fhir/CodeSystem/DiseasesUnspecified</code></a><table class=\"none\"><tr><td style=\"white-space:nowrap\"><b>Code</b></td><td><b>Display</b></td><td><b>Definition</b></td></tr><tr><td><a href=\"CodeSystem-DiseasesUnspecified.html#DiseasesUnspecified-diabetes\">diabetes</a></td><td>Diabetes mellitus</td><td>Diabetes / Diabetes</td></tr><tr><td><a href=\"CodeSystem-DiseasesUnspecified.html#DiseasesUnspecified-heart_disease\">heart_disease</a></td><td>Hjertesygdom (dog ikke velbeh. hypertension)</td><td>Heart disease / Hjertesygdom</td></tr><tr><td><a href=\"CodeSystem-DiseasesUnspecified.html#DiseasesUnspecified-lung_disease\">lung_disease</a></td><td>Lungesygdom</td><td>Lung disease / Lungesygdom</td></tr></table></li><li>Include these codes as defined in <a href=\"CodeSystem-GenericValues.html\"><code>https://kip.rkkp.dk/fhir/CodeSystem/GenericValues</code></a><table class=\"none\"><tr><td style=\"white-space:nowrap\"><b>Code</b></td><td><b>Display</b></td><td><b>Definition</b></td></tr><tr><td><a href=\"CodeSystem-GenericValues.html#GenericValues-other\">other</a></td><td>Andre (eks. lever, nyrer, hjerne, thyroidea)</td><td>Other - used to choose unspecific value not in a valueset</td></tr></table></li></ul></div>"},"url":"https://kip.rkkp.dk/fhir/ValueSet/SygdomMedicinskBehandletDHDB","version":"0.2.1","name":"SygdomMedicinskBehandletDHDB","title":"Sygdom; medicinsk behandlet (DHDB)","status":"active","experimental":true,"date":"2022-07-20T00:00:00+02:00","publisher":"Sundhedsvæsnets Kvalistetsinstitut with Trifork Digital Health A/S","contact":[{"name":"Sundhedsvæsnets Kvalistetsinstitut with Trifork Digital Health A/S","telecom":[{"system":"url","value":"https://trifork.com"},{"system":"email","value":"rbk@trifork.com"}]}],"description":"Sygdom; medicinsk behandlet (DHDB)","compose":{"include":[{"system":"https://kip.rkkp.dk/fhir/CodeSystem/DiseasesUnspecified","concept":[{"code":"diabetes","display":"Diabetes mellitus"},{"code":"heart_disease","display":"Hjertesygdom (dog ikke velbeh. hypertension)"},{"code":"lung_disease","display":"Lungesygdom"}]},{"system":"https://kip.rkkp.dk/fhir/CodeSystem/GenericValues","concept":[{"code":"other","display":"Andre (eks. lever, nyrer, hjerne, thyroidea)"}]}]}}