{"resourceType":"ValueSet","id":"AssistDevicesBallonStent","text":{"status":"extensions","div":"<div xmlns=\"http://www.w3.org/1999/xhtml\"><p class=\"res-header-id\"><b>Generated Narrative: ValueSet AssistDevicesBallonStent</b></p><a name=\"AssistDevicesBallonStent\"> </a><a name=\"hcAssistDevicesBallonStent\"> </a><a name=\"AssistDevicesBallonStent-en-US\"> </a><ul><li>Include these codes as defined in <a href=\"CodeSystem-AssistDevices.html\"><code>https://kip.rkkp.dk/fhir/CodeSystem/AssistDevices</code></a><table class=\"none\"><tr><td style=\"white-space:nowrap\"><b>Code</b></td><td><b>Display</b></td><td><b>Definition</b></td></tr><tr><td><a href=\"CodeSystem-AssistDevices.html#AssistDevices-balloon\">balloon</a></td><td>Ballon</td><td>Intra-aortic balloon</td></tr><tr><td><a href=\"CodeSystem-AssistDevices.html#AssistDevices-stent\">stent</a></td><td>Stent</td><td>Stent</td></tr></table></li></ul></div>"},"url":"https://kip.rkkp.dk/fhir/ValueSet/AssistDevicesBallonStent","version":"2.9.3","name":"AssistDevicesBallonStent","title":"Assist devices; Ballon og stent","status":"active","experimental":true,"date":"2022-06-29T00:00:00+02:00","publisher":"Sundhedsvæsenets Kvalitetsinstitut with Trifork Digital Health A/S","contact":[{"name":"Sundhedsvæsenets Kvalitetsinstitut with Trifork Digital Health A/S","telecom":[{"system":"url","value":"https://trifork.com"},{"system":"email","value":"rbk@trifork.com"}]}],"description":"Assist devices; Ballon og stent","compose":{"include":[{"system":"https://kip.rkkp.dk/fhir/CodeSystem/AssistDevices","concept":[{"code":"balloon","display":"Ballon"},{"code":"stent","display":"Stent"}]}]}}