{"resourceType":"ValueSet","id":"GrundlidelseDHR","text":{"status":"extensions","div":"<div xmlns=\"http://www.w3.org/1999/xhtml\"><p class=\"res-header-id\"><b>Generated Narrative: ValueSet GrundlidelseDHR</b></p><a name=\"GrundlidelseDHR\"> </a><a name=\"hcGrundlidelseDHR\"> </a><a name=\"GrundlidelseDHR-en-US\"> </a><p>This value set includes codes based on the following rules:</p><ul><li>Include these codes as defined in <a href=\"CodeSystem-BasicDisorder.html\"><code>https://kip.rkkp.dk/fhir/CodeSystem/BasicDisorder</code></a><table class=\"none\"><tr><td style=\"white-space:nowrap\"><b>Code</b></td><td><b>Display</b></td><td><b>Definition</b></td></tr><tr><td><a href=\"CodeSystem-BasicDisorder.html#BasicDisorder-arthrosis\">arthrosis</a></td><td>Primær (idiopatisk) artrose</td><td>Artrose</td></tr><tr><td><a href=\"CodeSystem-BasicDisorder.html#BasicDisorder-femoral_no_operation\">femoral_no_operation</a></td><td>Prox femurfraktur: uden OP (tidl ostesyntese eller hemi)</td><td>Prox femurfraktur: uden OP (tidl ostesyntese eller hemi)</td></tr><tr><td><a href=\"CodeSystem-BasicDisorder.html#BasicDisorder-femoral_previous_operation\">femoral_previous_operation</a></td><td>Prox femurfraktur: med tidl. OP (osteosyntese eller hemi)</td><td>Prox femurfraktur: med tidl. OP (osteosyntese eller hemi)</td></tr><tr><td><a href=\"CodeSystem-BasicDisorder.html#BasicDisorder-acetabulum_fracture\">acetabulum_fracture</a></td><td>Acetabulumfraktur</td><td>Acetabulumfraktur</td></tr><tr><td><a href=\"CodeSystem-BasicDisorder.html#BasicDisorder-traumatic\">traumatic</a></td><td>Traumatisk hofteluksation</td><td>Traumatisk hofteluksation</td></tr><tr><td><a href=\"CodeSystem-BasicDisorder.html#BasicDisorder-caputnecrosis\">caputnecrosis</a></td><td>Atraumatisk caputnekrose</td><td>Caputnekrose</td></tr><tr><td><a href=\"CodeSystem-BasicDisorder.html#BasicDisorder-rheumatoid\">rheumatoid</a></td><td>Reumatoid artrit</td><td>Reumatoid artrit</td></tr><tr><td><a href=\"CodeSystem-BasicDisorder.html#BasicDisorder-mb_bechterew\">mb_bechterew</a></td><td>Mb. Bechterew</td><td>Mb. Bechterew</td></tr><tr><td><a href=\"CodeSystem-BasicDisorder.html#BasicDisorder-other_arthritis\">other_arthritis</a></td><td>Anden artrit</td><td>Anden artrit</td></tr><tr><td><a href=\"CodeSystem-BasicDisorder.html#BasicDisorder-congenital\">congenital</a></td><td>Kongenit hofteluksation</td><td>Kongenit hofteluksation</td></tr><tr><td><a href=\"CodeSystem-BasicDisorder.html#BasicDisorder-mb_calve_legg_perthes\">mb_calve_legg_perthes</a></td><td>Mb. Calvé-Legg-Perthes</td><td>Mb. Calvé-Legg-Perthes</td></tr><tr><td><a href=\"CodeSystem-BasicDisorder.html#BasicDisorder-epiphysiolysis\">epiphysiolysis</a></td><td>Epifysiolyse</td><td>Epifysiolyse</td></tr><tr><td><a href=\"CodeSystem-BasicDisorder.html#BasicDisorder-acetabulum_dysplasia\">acetabulum_dysplasia</a></td><td>Acetabulumdysplasi</td><td>Acetabulumdysplasi</td></tr><tr><td><a href=\"CodeSystem-BasicDisorder.html#BasicDisorder-primary_tumor\">primary_tumor</a></td><td>Primær tumor</td><td>Primær tumor</td></tr><tr><td><a href=\"CodeSystem-BasicDisorder.html#BasicDisorder-metastases\">metastases</a></td><td>Metastaser</td><td>Metastaser</td></tr></table></li><li>Include these codes as defined in <a href=\"CodeSystem-GenericValues.html\"><code>https://kip.rkkp.dk/fhir/CodeSystem/GenericValues</code></a><table class=\"none\"><tr><td style=\"white-space:nowrap\"><b>Code</b></td><td><b>Display</b></td><td><b>Definition</b></td></tr><tr><td><a href=\"CodeSystem-GenericValues.html#GenericValues-other\">other</a></td><td>Andet</td><td>Other - used to choose unspecific value not in a valueset</td></tr></table></li></ul></div>"},"url":"https://kip.rkkp.dk/fhir/ValueSet/GrundlidelseDHR","version":"2.9.0","name":"GrundlidelseDHR","title":"Grundlidelse [DHR]","status":"active","experimental":true,"date":"2022-07-04T00:00:00+02:00","publisher":"Sundhedsvæsnets Kvalistetsinstitut with Trifork Digital Health A/S","contact":[{"name":"Sundhedsvæsnets Kvalistetsinstitut with Trifork Digital Health A/S","telecom":[{"system":"url","value":"https://trifork.com"},{"system":"email","value":"rbk@trifork.com"}]}],"description":"Grundlidelse [DHR]","compose":{"include":[{"system":"https://kip.rkkp.dk/fhir/CodeSystem/BasicDisorder","concept":[{"code":"arthrosis","display":"Primær (idiopatisk) artrose"},{"code":"femoral_no_operation","display":"Prox femurfraktur: uden OP (tidl ostesyntese eller hemi)"},{"code":"femoral_previous_operation","display":"Prox femurfraktur: med tidl. OP (osteosyntese eller hemi)"},{"code":"acetabulum_fracture","display":"Acetabulumfraktur"},{"code":"traumatic","display":"Traumatisk hofteluksation"},{"code":"caputnecrosis","display":"Atraumatisk caputnekrose"},{"code":"rheumatoid","display":"Reumatoid artrit"},{"code":"mb_bechterew","display":"Mb. Bechterew"},{"code":"other_arthritis","display":"Anden artrit"},{"code":"congenital","display":"Kongenit hofteluksation"},{"code":"mb_calve_legg_perthes","display":"Mb. Calvé-Legg-Perthes"},{"code":"epiphysiolysis","display":"Epifysiolyse"},{"code":"acetabulum_dysplasia","display":"Acetabulumdysplasi"},{"code":"primary_tumor","display":"Primær tumor"},{"code":"metastases","display":"Metastaser"}]},{"system":"https://kip.rkkp.dk/fhir/CodeSystem/GenericValues","concept":[{"code":"other","display":"Andet"}]}]}}