{"resourceType":"ValueSet","id":"KontaktPatient","text":{"status":"extensions","div":"<div xmlns=\"http://www.w3.org/1999/xhtml\"><p class=\"res-header-id\"><b>Generated Narrative: ValueSet KontaktPatient</b></p><a name=\"KontaktPatient\"> </a><a name=\"hcKontaktPatient\"> </a><a name=\"KontaktPatient-en-US\"> </a><ul><li>Include these codes as defined in <a href=\"CodeSystem-ContactPatient.html\"><code>https://kip.rkkp.dk/fhir/CodeSystem/ContactPatient</code></a><table class=\"none\"><tr><td style=\"white-space:nowrap\"><b>Code</b></td><td><b>Display</b></td><td><b>Definition</b></td></tr><tr><td><a href=\"CodeSystem-ContactPatient.html#ContactPatient-interview\">interview</a></td><td>Gennemført interview/undersøgelse</td><td>Gennemført interview/undersøgelse</td></tr><tr><td><a href=\"CodeSystem-ContactPatient.html#ContactPatient-ikke-etableret\">ikke-etableret</a></td><td>Forsøgt, men ikke opnået</td><td>Forsøgt, men ikke opnået</td></tr></table></li></ul></div>"},"url":"https://kip.rkkp.dk/fhir/ValueSet/KontaktPatient","version":"2.9.0","name":"KontaktPatient","title":"Kontakt til patienten","status":"active","experimental":true,"date":"2024-02-21T00:00:00+02:00","publisher":"Sundhedsvæsnets Kvalistetsinstitut with Trifork Digital Health A/S","contact":[{"name":"Sundhedsvæsnets Kvalistetsinstitut with Trifork Digital Health A/S","telecom":[{"system":"url","value":"https://trifork.com"},{"system":"email","value":"rbk@trifork.com"}]}],"description":"Kontakt til patienten","compose":{"include":[{"system":"https://kip.rkkp.dk/fhir/CodeSystem/ContactPatient","concept":[{"code":"interview","display":"Gennemført interview/undersøgelse"},{"code":"ikke-etableret","display":"Forsøgt, men ikke opnået"}]}]}}