{"resourceType":"ValueSet","id":"NIHSS7Ataksi","text":{"status":"extensions","div":"<div xmlns=\"http://www.w3.org/1999/xhtml\"><p class=\"res-header-id\"><b>Generated Narrative: ValueSet NIHSS7Ataksi</b></p><a name=\"NIHSS7Ataksi\"> </a><a name=\"hcNIHSS7Ataksi\"> </a><a name=\"NIHSS7Ataksi-en-US\"> </a><ul><li>Include these codes as defined in <a href=\"CodeSystem-NIHSS7LimbAtaxia.html\"><code>https://kip.rkkp.dk/fhir/CodeSystem/NIHSS7LimbAtaxia</code></a><table class=\"none\"><tr><td style=\"white-space:nowrap\"><b>Code</b></td><td><b>Display</b></td><td><b>Definition</b></td></tr><tr><td><a href=\"CodeSystem-NIHSS7LimbAtaxia.html#NIHSS7LimbAtaxia-0\">0</a></td><td>0 = Ingen ataksi</td><td>Absent.</td></tr><tr><td><a href=\"CodeSystem-NIHSS7LimbAtaxia.html#NIHSS7LimbAtaxia-1\">1</a></td><td>1 = Ataksi i én ekstremitet</td><td>Present in one limb.</td></tr><tr><td><a href=\"CodeSystem-NIHSS7LimbAtaxia.html#NIHSS7LimbAtaxia-2\">2</a></td><td>2 = Ataksi i to ekstremiteter</td><td>Present in two limbs.</td></tr></table></li></ul></div>"},"url":"https://kip.rkkp.dk/fhir/ValueSet/NIHSS7Ataksi","version":"0.2.1","name":"NIHSS7Ataksi","title":"NIHSS - 7. Ekstremitets ataksi","status":"active","experimental":true,"date":"2022-06-27T00:00:00+02:00","publisher":"Sundhedsvæsnets Kvalistetsinstitut with Trifork Digital Health A/S","contact":[{"name":"Sundhedsvæsnets Kvalistetsinstitut with Trifork Digital Health A/S","telecom":[{"system":"url","value":"https://trifork.com"},{"system":"email","value":"rbk@trifork.com"}]}],"description":"The National Institute of Health Stroke Scale (NIHSS) - 7. Ekstremitets ataksi","compose":{"include":[{"system":"https://kip.rkkp.dk/fhir/CodeSystem/NIHSS7LimbAtaxia","concept":[{"code":"0","display":"0 = Ingen ataksi"},{"code":"1","display":"1 = Ataksi i én ekstremitet"},{"code":"2","display":"2 = Ataksi i to ekstremiteter"}]}]}}