{"resourceType":"ValueSet","id":"ResttumorGradering","text":{"status":"extensions","div":"<div xmlns=\"http://www.w3.org/1999/xhtml\"><p class=\"res-header-id\"><b>Generated Narrative: ValueSet ResttumorGradering</b></p><a name=\"ResttumorGradering\"> </a><a name=\"hcResttumorGradering\"> </a><a name=\"ResttumorGradering-en-US\"> </a><ul><li>Include these codes as defined in <a href=\"CodeSystem-ResidualTumorGrading.html\"><code>https://kip.rkkp.dk/fhir/CodeSystem/ResidualTumorGrading</code></a><table class=\"none\"><tr><td style=\"white-space:nowrap\"><b>Code</b></td><td><b>Display</b></td><td><b>Definition</b></td></tr><tr><td><a href=\"CodeSystem-ResidualTumorGrading.html#ResidualTumorGrading-gradei\">gradei</a></td><td>Grad I - Veldifferentieret</td><td>Grad I - Veldifferentieret</td></tr><tr><td><a href=\"CodeSystem-ResidualTumorGrading.html#ResidualTumorGrading-gradeii\">gradeii</a></td><td>Grad II - Moderat differentieret</td><td>Grad II - Moderat differentieret</td></tr><tr><td><a href=\"CodeSystem-ResidualTumorGrading.html#ResidualTumorGrading-gradeiii\">gradeiii</a></td><td>Grad III - Lavt differentieret</td><td>Grad III - Lavt differentieret</td></tr><tr><td><a href=\"CodeSystem-ResidualTumorGrading.html#ResidualTumorGrading-gradex\">gradex</a></td><td>Grad X - Gradering ikke mulig</td><td>Grad X - Gradering ikke mulig</td></tr></table></li></ul></div>"},"url":"https://kip.rkkp.dk/fhir/ValueSet/ResttumorGradering","version":"2.9.0","name":"ResttumorGradering","title":"Gradering","status":"active","experimental":true,"date":"2022-06-08T00:00:00+02:00","publisher":"Sundhedsvæsnets Kvalistetsinstitut with Trifork Digital Health A/S","contact":[{"name":"Sundhedsvæsnets Kvalistetsinstitut with Trifork Digital Health A/S","telecom":[{"system":"url","value":"https://trifork.com"},{"system":"email","value":"rbk@trifork.com"}]}],"description":"Gradering hvis der er fundet nogen resttumor","compose":{"include":[{"system":"https://kip.rkkp.dk/fhir/CodeSystem/ResidualTumorGrading","concept":[{"code":"gradei","display":"Grad I - Veldifferentieret"},{"code":"gradeii","display":"Grad II - Moderat differentieret"},{"code":"gradeiii","display":"Grad III - Lavt differentieret"},{"code":"gradex","display":"Grad X - Gradering ikke mulig"}]}]}}