{"resourceType":"ValueSet","id":"KomplBloedDiagDUGA","text":{"status":"extensions","div":"<div xmlns=\"http://www.w3.org/1999/xhtml\"><p class=\"res-header-id\"><b>Generated Narrative: ValueSet KomplBloedDiagDUGA</b></p><a name=\"KomplBloedDiagDUGA\"> </a><a name=\"hcKomplBloedDiagDUGA\"> </a><a name=\"KomplBloedDiagDUGA-en-US\"> </a><ul><li>Include these codes as defined in <a href=\"CodeSystem-ProcedureUrogyn.html\"><code>https://kip.rkkp.dk/fhir/CodeSystem/ProcedureUrogyn</code></a><table class=\"none\"><tr><td style=\"white-space:nowrap\"><b>Code</b></td><td><b>Display</b></td><td><b>Definition</b></td></tr><tr><td><a href=\"CodeSystem-ProcedureUrogyn.html#ProcedureUrogyn-DT810G\">DT810G</a></td><td>DT810G: Postoperativ blødning UNS</td><td>Postoperativ blødning UNS</td></tr><tr><td><a href=\"CodeSystem-ProcedureUrogyn.html#ProcedureUrogyn-DT810H\">DT810H</a></td><td>DT810H: Postoperativt hæmatom UNS</td><td>Postoperativt hæmatom UNS</td></tr><tr><td><a href=\"CodeSystem-ProcedureUrogyn.html#ProcedureUrogyn-DT818F\">DT818F</a></td><td>DT818F: Peroperativ blødning UNS</td><td>Peroperativ blødning UNS</td></tr></table></li></ul></div>"},"url":"https://kip.rkkp.dk/fhir/ValueSet/KomplBloedDiagDUGA","version":"0.1.6","name":"KomplBloedDiagDUGA","title":"Komplikationer pga. blødning - Diagnosekoder (DUGA)","status":"active","experimental":true,"date":"2024-02-21T00:00:00+02:00","publisher":"Sundhedsvæsnets Kvalistetsinstitut with Trifork Digital Health A/S","contact":[{"name":"Sundhedsvæsnets Kvalistetsinstitut with Trifork Digital Health A/S","telecom":[{"system":"url","value":"https://trifork.com"},{"system":"email","value":"rbk@trifork.com"}]}],"description":"Komplikationer pga. blødning - Diagnosekoder (DUGA)","compose":{"include":[{"system":"https://kip.rkkp.dk/fhir/CodeSystem/ProcedureUrogyn","concept":[{"code":"DT810G","display":"DT810G: Postoperativ blødning UNS"},{"code":"DT810H","display":"DT810H: Postoperativt hæmatom UNS"},{"code":"DT818F","display":"DT818F: Peroperativ blødning UNS"}]}]}}