{"resourceType":"ValueSet","id":"IDC10DPDCancer","text":{"status":"extensions","div":"<div xmlns=\"http://www.w3.org/1999/xhtml\"><p class=\"res-header-id\"><b>Generated Narrative: ValueSet IDC10DPDCancer</b></p><a name=\"IDC10DPDCancer\"> </a><a name=\"hcIDC10DPDCancer\"> </a><a name=\"IDC10DPDCancer-en-US\"> </a><p>This value set includes codes based on the following rules:</p><ul><li>Include these codes as defined in <a href=\"CodeSystem-SKSCodeCollection.html\"><code>https://kip.rkkp.dk/fhir/CodeSystem/SKSCodeCollection</code></a><table class=\"none\"><tr><td style=\"white-space:nowrap\"><b>Code</b></td><td><b>Display</b></td><td><b>Definition</b></td></tr><tr><td><a href=\"CodeSystem-SKSCodeCollection.html#SKSCodeCollection-lips_mouth_throat\">lips_mouth_throat</a></td><td>Mundhule og svælg (DC00-DC14)</td><td>Kræft i læber, mundhule og svælg (DC00-DC14)</td></tr><tr><td><a href=\"CodeSystem-SKSCodeCollection.html#SKSCodeCollection-colon_rectum\">colon_rectum</a></td><td>Tyktarm og endetarm (DC18-DC20)</td><td>Kræft i tyktarm og endetarm (DC18-DC20)</td></tr><tr><td><a href=\"CodeSystem-SKSCodeCollection.html#SKSCodeCollection-trachea_bronchi_lung\">trachea_bronchi_lung</a></td><td>Lunge, bronkier og luftrør (DC33-DC34)</td><td>Kræft i luftrøret og bronkier og lunge (DC33-DC34)</td></tr><tr><td><a href=\"CodeSystem-SKSCodeCollection.html#SKSCodeCollection-uterus\">uterus</a></td><td>Livmoder (inkl. uspecifik) (DC54-DC55)</td><td>Kræft i livmoderen (inkl. uspecifik) (DC54-DC55)</td></tr><tr><td><a href=\"CodeSystem-SKSCodeCollection.html#SKSCodeCollection-ovary_fallopian_tube\">ovary_fallopian_tube</a></td><td>Æggestokke (DC56+DC570-DC574)</td><td>Kræft i æggestok og æggeleder (DC56+DC570-DC574)</td></tr><tr><td><a href=\"CodeSystem-SKSCodeCollection.html#SKSCodeCollection-kidney_pelvis_ureter\">kidney_pelvis_ureter</a></td><td>Nyre, nyrebækken og urinleder (DC64-DC66)</td><td>Kræft i nyre, nyrebækken og urinleder (DC64-DC66)</td></tr><tr><td><a href=\"CodeSystem-SKSCodeCollection.html#SKSCodeCollection-central_nervous_system\">central_nervous_system</a></td><td>Hjerne og centralnervesystem (DC70-DC72+DC751-DC753)</td><td>Kræft i centralnervesystem (DC70-DC72+DC751-DC753)</td></tr><tr><td><a href=\"CodeSystem-SKSCodeCollection.html#SKSCodeCollection-non_hodgkin\">non_hodgkin</a></td><td>Non-hodgkin malignt lymform (DC82-DC85)</td><td>Non-hodking malignt lymform (DC82-DC85)</td></tr><tr><td><a href=\"CodeSystem-SKSCodeCollection.html#SKSCodeCollection-leukemia\">leukemia</a></td><td>Leukæmi (DC91-DC95)</td><td>Leukæmi (DC91-DC95)</td></tr><tr><td><a href=\"CodeSystem-SKSCodeCollection.html#SKSCodeCollection-mesotel_tissue\">mesotel_tissue</a></td><td>Sarkomer og andre bløddele (DC45-DC49)</td><td>Kræft i mesotel, bindevæv og andet bløddelsvæv (DC45-DC49)</td></tr><tr><td><a href=\"CodeSystem-SKSCodeCollection.html#SKSCodeCollection-unspecific\">unspecific</a></td><td>Ukendt kræft</td><td>Kræft med dårligt specificerede, sekundære, ikke specificerede og ukendte lokalisationer (DC76-DC80+DD37-DD48)</td></tr><tr><td><a href=\"CodeSystem-SKSCodeCollection.html#SKSCodeCollection-other_cancer_diseases\">other_cancer_diseases</a></td><td>Anden kræft (C76-80+D37-D48)</td><td>Ikke-kræft sygdomme</td></tr></table></li><li>Include these codes as defined in <a href=\"CodeSystem-SKS.html\"><code>https://kip.rkkp.dk/fhir/CodeSystem/SKS</code></a><table class=\"none\"><tr><td style=\"white-space:nowrap\"><b>Code</b></td><td><b>Display</b></td><td><b>Definition</b></td></tr><tr><td><a href=\"CodeSystem-SKS.html#SKS-DC15\">DC15</a></td><td>Spiserør (DC15)</td><td>Kræft i spiserøret</td></tr><tr><td><a href=\"CodeSystem-SKS.html#SKS-DC16\">DC16</a></td><td>Mavesæk (DC16)</td><td>Kræft i mavesækken</td></tr><tr><td><a href=\"CodeSystem-SKS.html#SKS-DC17\">DC17</a></td><td>Tyndtarmen (DC17)</td><td>Kræft i tyndtarmen</td></tr><tr><td><a href=\"CodeSystem-SKS.html#SKS-DC22\">DC22</a></td><td>Lever og intrahepatiske galdeveje (DC22)</td><td>Kræft i leveren og intrahepatiske galdegange</td></tr><tr><td><a href=\"CodeSystem-SKS.html#SKS-DC25\">DC25</a></td><td>Bugspytkirtel (DC25)</td><td>Kræft i bugspytkirtlen</td></tr><tr><td><a href=\"CodeSystem-SKS.html#SKS-DC32\">DC32</a></td><td>Strubehoved (DC32)</td><td>Kræft i strubehovedet</td></tr><tr><td><a href=\"CodeSystem-SKS.html#SKS-DC43\">DC43</a></td><td>Modermærkekræft (DC43)</td><td>Modermærkekræft i huden</td></tr><tr><td><a href=\"CodeSystem-SKS.html#SKS-DC50\">DC50</a></td><td>Bryst (DC50)</td><td>Brystkræft</td></tr><tr><td><a href=\"CodeSystem-SKS.html#SKS-DC53\">DC53</a></td><td>Livmoderhals (DC53)</td><td>Kræft i livmoderhalsen</td></tr><tr><td><a href=\"CodeSystem-SKS.html#SKS-DC61\">DC61</a></td><td>Blærehalskirtel (DC61)</td><td>Kræft i blærehalskirtlen</td></tr><tr><td><a href=\"CodeSystem-SKS.html#SKS-DC62\">DC62</a></td><td>Testikel (DC62)</td><td>Testikelkræft</td></tr><tr><td><a href=\"CodeSystem-SKS.html#SKS-DC67\">DC67</a></td><td>Urinblære (DC67)</td><td>Kræft i urinblæren</td></tr><tr><td><a href=\"CodeSystem-SKS.html#SKS-DC73\">DC73</a></td><td>Skjoldbruskkirtel (DC73)</td><td>Kræft i skjoldbruskkirtlen</td></tr><tr><td><a href=\"CodeSystem-SKS.html#SKS-DC81\">DC81</a></td><td>Hodgkin malignt lymfom (DC81)</td><td>Hodgkin lymfomer</td></tr><tr><td><a href=\"CodeSystem-SKS.html#SKS-DC90\">DC90</a></td><td>Myleomatose (DC90)</td><td>Maligne plasmacelle neoplasier</td></tr></table></li></ul></div>"},"url":"https://kip.rkkp.dk/fhir/ValueSet/IDC10DPDCancer","version":"2.9.1","name":"IDC10DPDCancer","title":"ICD 10 cancer koder til DPD","status":"active","experimental":true,"date":"2022-08-25T00:00:00+02:00","publisher":"Sundhedsvæsnets Kvalistetsinstitut with Trifork Digital Health A/S","contact":[{"name":"Sundhedsvæsnets Kvalistetsinstitut with Trifork Digital Health A/S","telecom":[{"system":"url","value":"https://trifork.com"},{"system":"email","value":"rbk@trifork.com"}]}],"description":"ICD 10 cancer koder til DPD","compose":{"include":[{"system":"https://kip.rkkp.dk/fhir/CodeSystem/SKSCodeCollection","concept":[{"code":"lips_mouth_throat","display":"Mundhule og svælg (DC00-DC14)"},{"code":"colon_rectum","display":"Tyktarm og endetarm (DC18-DC20)"},{"code":"trachea_bronchi_lung","display":"Lunge, bronkier og luftrør (DC33-DC34)"},{"code":"uterus","display":"Livmoder (inkl. uspecifik) (DC54-DC55)"},{"code":"ovary_fallopian_tube","display":"Æggestokke (DC56+DC570-DC574)"},{"code":"kidney_pelvis_ureter","display":"Nyre, nyrebækken og urinleder (DC64-DC66)"},{"code":"central_nervous_system","display":"Hjerne og centralnervesystem (DC70-DC72+DC751-DC753)"},{"code":"non_hodgkin","display":"Non-hodgkin malignt lymform (DC82-DC85)"},{"code":"leukemia","display":"Leukæmi (DC91-DC95)"},{"code":"mesotel_tissue","display":"Sarkomer og andre bløddele (DC45-DC49)"},{"code":"unspecific","display":"Ukendt kræft"},{"code":"other_cancer_diseases","display":"Anden kræft (C76-80+D37-D48)"}]},{"system":"https://kip.rkkp.dk/fhir/CodeSystem/SKS","concept":[{"code":"DC15","display":"Spiserør (DC15)"},{"code":"DC16","display":"Mavesæk (DC16)"},{"code":"DC17","display":"Tyndtarmen (DC17)"},{"code":"DC22","display":"Lever og intrahepatiske galdeveje (DC22)"},{"code":"DC25","display":"Bugspytkirtel (DC25)"},{"code":"DC32","display":"Strubehoved (DC32)"},{"code":"DC43","display":"Modermærkekræft (DC43)"},{"code":"DC50","display":"Bryst (DC50)"},{"code":"DC53","display":"Livmoderhals (DC53)"},{"code":"DC61","display":"Blærehalskirtel (DC61)"},{"code":"DC62","display":"Testikel (DC62)"},{"code":"DC67","display":"Urinblære (DC67)"},{"code":"DC73","display":"Skjoldbruskkirtel (DC73)"},{"code":"DC81","display":"Hodgkin malignt lymfom (DC81)"},{"code":"DC90","display":"Myleomatose (DC90)"}]}]}}