{"resourceType":"ValueSet","id":"IndgrebNerveSet","text":{"status":"extensions","div":"<div xmlns=\"http://www.w3.org/1999/xhtml\"><p class=\"res-header-id\"><b>Generated Narrative: ValueSet IndgrebNerveSet</b></p><a name=\"IndgrebNerveSet\"> </a><a name=\"hcIndgrebNerveSet\"> </a><a name=\"IndgrebNerveSet-en-US\"> </a><ul><li>Include these codes as defined in <a href=\"CodeSystem-GenericValues.html\"><code>https://kip.rkkp.dk/fhir/CodeSystem/GenericValues</code></a><table class=\"none\"><tr><td style=\"white-space:nowrap\"><b>Code</b></td><td><b>Display</b></td><td><b>Definition</b></td></tr><tr><td><a href=\"CodeSystem-GenericValues.html#GenericValues-spared\">spared</a></td><td>Skånet</td><td>Spared / Skånet</td></tr><tr><td><a href=\"CodeSystem-GenericValues.html#GenericValues-parted\">parted</a></td><td>Delt</td><td>Parted / Delt</td></tr><tr><td><a href=\"CodeSystem-GenericValues.html#GenericValues-not_indicated\">not_indicated</a></td><td>Ikke set</td><td>Not indicated / Ikke indiceret</td></tr></table></li></ul></div>"},"url":"https://kip.rkkp.dk/fhir/ValueSet/IndgrebNerveSet","version":"2.9.3","name":"IndgrebNerveSet","title":"Indgreb - hvad gøres hvis en nerve er set","status":"active","experimental":true,"date":"2022-07-20T00:00:00+02:00","publisher":"Sundhedsvæsenets Kvalitetsinstitut with Trifork Digital Health A/S","contact":[{"name":"Sundhedsvæsenets Kvalitetsinstitut with Trifork Digital Health A/S","telecom":[{"system":"url","value":"https://trifork.com"},{"system":"email","value":"rbk@trifork.com"}]}],"description":"Indgreb - hvad gøres hvis en nerve er set","compose":{"include":[{"system":"https://kip.rkkp.dk/fhir/CodeSystem/GenericValues","concept":[{"code":"spared","display":"Skånet"},{"code":"parted","display":"Delt"},{"code":"not_indicated","display":"Ikke set"}]}]}}