{"resourceType":"ValueSet","id":"Faggruppe","text":{"status":"extensions","div":"<div xmlns=\"http://www.w3.org/1999/xhtml\"><p class=\"res-header-id\"><b>Generated Narrative: ValueSet Faggruppe</b></p><a name=\"Faggruppe\"> </a><a name=\"hcFaggruppe\"> </a><a name=\"Faggruppe-en-US\"> </a><ul><li>Include these codes as defined in <a href=\"CodeSystem-Faggruppe.html\"><code>https://kip.rkkp.dk/fhir/CodeSystem/Faggruppe</code></a><table class=\"none\"><tr><td style=\"white-space:nowrap\"><b>Code</b></td><td><b>Display</b></td><td><b>Definition</b></td></tr><tr><td><a href=\"CodeSystem-Faggruppe.html#Faggruppe-sund_pers\">sund_pers</a></td><td>Sundhedspersonale</td><td>Sundhedspersonale</td></tr><tr><td><a href=\"CodeSystem-Faggruppe.html#Faggruppe-andre\">andre</a></td><td>Andre</td><td>Andre</td></tr></table></li></ul></div>"},"url":"https://kip.rkkp.dk/fhir/ValueSet/Faggruppe","version":"2.9.1","name":"Faggruppe","title":"Faggruppe","status":"active","experimental":true,"date":"2022-06-29T00:00:00+02:00","publisher":"Sundhedsvæsnets Kvalistetsinstitut with Trifork Digital Health A/S","contact":[{"name":"Sundhedsvæsnets Kvalistetsinstitut with Trifork Digital Health A/S","telecom":[{"system":"url","value":"https://trifork.com"},{"system":"email","value":"rbk@trifork.com"}]}],"description":"Hvilken faggruppe er involveret i en given hændelse","compose":{"include":[{"system":"https://kip.rkkp.dk/fhir/CodeSystem/Faggruppe","concept":[{"code":"sund_pers","display":"Sundhedspersonale"},{"code":"andre","display":"Andre"}]}]}}