{"resourceType":"ValueSet","id":"RevisionIndikationAseptiskDSR","text":{"status":"extensions","div":"<div xmlns=\"http://www.w3.org/1999/xhtml\"><p class=\"res-header-id\"><b>Generated Narrative: ValueSet RevisionIndikationAseptiskDSR</b></p><a name=\"RevisionIndikationAseptiskDSR\"> </a><a name=\"hcRevisionIndikationAseptiskDSR\"> </a><a name=\"RevisionIndikationAseptiskDSR-en-US\"> </a><ul><li>Include these codes as defined in <a href=\"CodeSystem-RevisionIndication.html\"><code>https://kip.rkkp.dk/fhir/CodeSystem/RevisionIndication</code></a><table class=\"none\"><tr><td style=\"white-space:nowrap\"><b>Code</b></td><td><b>Display</b></td><td><b>Definition</b></td></tr><tr><td><a href=\"CodeSystem-RevisionIndication.html#RevisionIndication-glenoid\">glenoid</a></td><td>Glenoid</td><td>Glenoid</td></tr><tr><td><a href=\"CodeSystem-RevisionIndication.html#RevisionIndication-humerus\">humerus</a></td><td>Humerus</td><td>Humerus</td></tr></table></li></ul></div>"},"url":"https://kip.rkkp.dk/fhir/ValueSet/RevisionIndikationAseptiskDSR","version":"0.1.8","name":"RevisionIndikationAseptiskDSR","title":"Revision, indikation - Aseptisk løsning (DSR)","status":"active","experimental":true,"date":"2022-10-07T00:00:00+02:00","publisher":"Sundhedsvæsnets Kvalistetsinstitut with Trifork Digital Health A/S","contact":[{"name":"Sundhedsvæsnets Kvalistetsinstitut with Trifork Digital Health A/S","telecom":[{"system":"url","value":"https://trifork.com"},{"system":"email","value":"rbk@trifork.com"}]}],"description":"Revision, indikation - Aseptisk løsning (DSR)","compose":{"include":[{"system":"https://kip.rkkp.dk/fhir/CodeSystem/RevisionIndication","concept":[{"code":"glenoid","display":"Glenoid"},{"code":"humerus","display":"Humerus"}]}]}}