{"resourceType":"ValueSet","id":"EHSVentralHernieMidtlinie","text":{"status":"extensions","div":"<div xmlns=\"http://www.w3.org/1999/xhtml\"><p class=\"res-header-id\"><b>Generated Narrative: ValueSet EHSVentralHernieMidtlinie</b></p><a name=\"EHSVentralHernieMidtlinie\"> </a><a name=\"hcEHSVentralHernieMidtlinie\"> </a><a name=\"EHSVentralHernieMidtlinie-en-US\"> </a><ul><li>Include these codes as defined in <a href=\"CodeSystem-EHSIncisionalHerniaClassification.html\"><code>https://kip.rkkp.dk/fhir/CodeSystem/EHSIncisionalHerniaClassification</code></a><table class=\"none\"><tr><td style=\"white-space:nowrap\"><b>Code</b></td><td><b>Display</b></td><td><b>Definition</b></td></tr><tr><td><a href=\"CodeSystem-EHSIncisionalHerniaClassification.html#EHSIncisionalHerniaClassification-m1\">m1</a></td><td>M1 subxiphoidal</td><td>M1 - Subxiphoidal</td></tr><tr><td><a href=\"CodeSystem-EHSIncisionalHerniaClassification.html#EHSIncisionalHerniaClassification-m2\">m2</a></td><td>M2 epigastrielt</td><td>M2 - Epigastric</td></tr><tr><td><a href=\"CodeSystem-EHSIncisionalHerniaClassification.html#EHSIncisionalHerniaClassification-m3\">m3</a></td><td>M3 umbilikalt</td><td>M3 - Umbilical</td></tr><tr><td><a href=\"CodeSystem-EHSIncisionalHerniaClassification.html#EHSIncisionalHerniaClassification-m4\">m4</a></td><td>M4 infraumbilikalt</td><td>M4 - Infraumbilical</td></tr><tr><td><a href=\"CodeSystem-EHSIncisionalHerniaClassification.html#EHSIncisionalHerniaClassification-m5\">m5</a></td><td>M5 suprapubisk</td><td>M5 - Suprapubic</td></tr></table></li></ul></div>"},"url":"https://kip.rkkp.dk/fhir/ValueSet/EHSVentralHernieMidtlinie","version":"0.2.1","name":"EHSVentralHernieMidtlinie","title":"EHS ventral hernie - midtlinie","status":"active","experimental":true,"date":"2022-07-20T00:00:00+02:00","publisher":"Sundhedsvæsnets Kvalistetsinstitut with Trifork Digital Health A/S","contact":[{"name":"Sundhedsvæsnets Kvalistetsinstitut with Trifork Digital Health A/S","telecom":[{"system":"url","value":"https://trifork.com"},{"system":"email","value":"rbk@trifork.com"}]}],"description":"EHS ventral hernie - midtlinie","compose":{"include":[{"system":"https://kip.rkkp.dk/fhir/CodeSystem/EHSIncisionalHerniaClassification","concept":[{"code":"m1","display":"M1 subxiphoidal"},{"code":"m2","display":"M2 epigastrielt"},{"code":"m3","display":"M3 umbilikalt"},{"code":"m4","display":"M4 infraumbilikalt"},{"code":"m5","display":"M5 suprapubisk"}]}]}}