{"resourceType":"ValueSet","id":"BloedningsprofylakseDHR","text":{"status":"extensions","div":"<div xmlns=\"http://www.w3.org/1999/xhtml\"><p class=\"res-header-id\"><b>Generated Narrative: ValueSet BloedningsprofylakseDHR</b></p><a name=\"BloedningsprofylakseDHR\"> </a><a name=\"hcBloedningsprofylakseDHR\"> </a><a name=\"BloedningsprofylakseDHR-en-US\"> </a><p>This value set includes codes based on the following rules:</p><ul><li>Include these codes as defined in <a href=\"CodeSystem-ATC.html\"><code>https://kip.rkkp.dk/fhir/CodeSystem/ATC</code></a><table class=\"none\"><tr><td style=\"white-space:nowrap\"><b>Code</b></td><td><b>Display</b></td><td><b>Definition</b></td></tr><tr><td><a href=\"CodeSystem-ATC.html#ATC-B02AA02\">B02AA02</a></td><td>Tranexamsyre</td><td>B02AA02 - Tranexamic acid</td></tr></table></li><li>Include these codes as defined in <a href=\"CodeSystem-GenericValues.html\"><code>https://kip.rkkp.dk/fhir/CodeSystem/GenericValues</code></a><table class=\"none\"><tr><td style=\"white-space:nowrap\"><b>Code</b></td><td><b>Display</b></td><td><b>Definition</b></td></tr><tr><td><a href=\"CodeSystem-GenericValues.html#GenericValues-other\">other</a></td><td>Andet</td><td>Other - used to choose unspecific value not in a valueset</td></tr></table></li></ul></div>"},"url":"https://kip.rkkp.dk/fhir/ValueSet/BloedningsprofylakseDHR","version":"2.9.1","name":"BloedningsprofylakseDHR","title":"Blødningsprofylakse (DHR)","status":"active","experimental":true,"date":"2022-11-15T00:00:00+02:00","publisher":"Sundhedsvæsnets Kvalistetsinstitut with Trifork Digital Health A/S","contact":[{"name":"Sundhedsvæsnets Kvalistetsinstitut with Trifork Digital Health A/S","telecom":[{"system":"url","value":"https://trifork.com"},{"system":"email","value":"rbk@trifork.com"}]}],"description":"Blødningsprofylakse (DHR)","compose":{"include":[{"system":"https://kip.rkkp.dk/fhir/CodeSystem/ATC","concept":[{"code":"B02AA02","display":"Tranexamsyre"}]},{"system":"https://kip.rkkp.dk/fhir/CodeSystem/GenericValues","concept":[{"code":"other","display":"Andet"}]}]}}