{"resourceType":"ValueSet","id":"MorsDiagnoseForskelligtDNSL","text":{"status":"generated","div":"<div xmlns=\"http://www.w3.org/1999/xhtml\"><p class=\"res-header-id\"><b>Generated Narrative: ValueSet MorsDiagnoseForskelligtDNSL</b></p><a name=\"MorsDiagnoseForskelligtDNSL\"> </a><a name=\"hcMorsDiagnoseForskelligtDNSL\"> </a><a name=\"MorsDiagnoseForskelligtDNSL-en-US\"> </a><ul><li>Include these codes as defined in <a href=\"CodeSystem-MorsDiagnosekoder.html\"><code>https://kip.rkkp.dk/fhir/CodeSystem/MorsDiagnosekoder</code></a><table class=\"none\"><tr><td style=\"white-space:nowrap\"><b>Code</b></td><td><b>Display</b></td></tr><tr><td><a href=\"CodeSystem-MorsDiagnosekoder.html#MorsDiagnosekoder-DD489\">DD489</a></td><td>DD489: Neopl uden specifikation og lokalisation</td></tr><tr><td><a href=\"CodeSystem-MorsDiagnosekoder.html#MorsDiagnosekoder-DD729\">DD729</a></td><td>DD729: Sygdomme i hvide blodlegemer uden specifikation</td></tr><tr><td><a href=\"CodeSystem-MorsDiagnosekoder.html#MorsDiagnosekoder-DF039\">DF039</a></td><td>DF039: Demens uden specifikation</td></tr><tr><td><a href=\"CodeSystem-MorsDiagnosekoder.html#MorsDiagnosekoder-DJ449\">DJ449</a></td><td>DJ449: Kronisk obstruktiv lungesygdom uden specifikation</td></tr><tr><td><a href=\"CodeSystem-MorsDiagnosekoder.html#MorsDiagnosekoder-DK281\">DK281</a></td><td>DK281: Ulcus gastrojejunale pepticum acutum m perforation</td></tr><tr><td><a href=\"CodeSystem-MorsDiagnosekoder.html#MorsDiagnosekoder-DK631\">DK631</a></td><td>DK631: Perforatio intestini non traumatica</td></tr><tr><td><a href=\"CodeSystem-MorsDiagnosekoder.html#MorsDiagnosekoder-DK668\">DK668</a></td><td>DK668: Sygdom i bughinde, andre specificerede</td></tr><tr><td><a href=\"CodeSystem-MorsDiagnosekoder.html#MorsDiagnosekoder-DK859\">DK859</a></td><td>DK859: Pancreatitis acuta</td></tr><tr><td><a href=\"CodeSystem-MorsDiagnosekoder.html#MorsDiagnosekoder-DR649\">DR649</a></td><td>DR649: Cachexia</td></tr><tr><td><a href=\"CodeSystem-MorsDiagnosekoder.html#MorsDiagnosekoder-DR999\">DR999</a></td><td>DR999: Mors uden specifkation</td></tr></table></li></ul></div>"},"url":"https://kip.rkkp.dk/fhir/ValueSet/MorsDiagnoseForskelligtDNSL","version":"0.2.1","name":"MorsDiagnoseForskelligtDNSL","title":"Mors Diagnosekode - Forskelligt (DNSL)","status":"active","experimental":true,"date":"2024-01-10T00:00:00+02:00","publisher":"Sundhedsvæsnets Kvalistetsinstitut with Trifork Digital Health A/S","contact":[{"name":"Sundhedsvæsnets Kvalistetsinstitut with Trifork Digital Health A/S","telecom":[{"system":"url","value":"https://trifork.com"},{"system":"email","value":"rbk@trifork.com"}]}],"description":"Mors Diagnosekode - Forskelligt (DNSL)","compose":{"include":[{"system":"https://kip.rkkp.dk/fhir/CodeSystem/MorsDiagnosekoder","concept":[{"code":"DD489","display":"DD489: Neopl uden specifikation og lokalisation"},{"code":"DD729","display":"DD729: Sygdomme i hvide blodlegemer uden specifikation"},{"code":"DF039","display":"DF039: Demens uden specifikation"},{"code":"DJ449","display":"DJ449: Kronisk obstruktiv lungesygdom uden specifikation"},{"code":"DK281","display":"DK281: Ulcus gastrojejunale pepticum acutum m perforation"},{"code":"DK631","display":"DK631: Perforatio intestini non traumatica"},{"code":"DK668","display":"DK668: Sygdom i bughinde, andre specificerede"},{"code":"DK859","display":"DK859: Pancreatitis acuta"},{"code":"DR649","display":"DR649: Cachexia"},{"code":"DR999","display":"DR999: Mors uden specifkation"}]}]}}