{"resourceType":"ValueSet","id":"WOOSArmloeftDSR","text":{"status":"extensions","div":"<div xmlns=\"http://www.w3.org/1999/xhtml\"><p class=\"res-header-id\"><b>Generated Narrative: ValueSet WOOSArmloeftDSR</b></p><a name=\"WOOSArmloeftDSR\"> </a><a name=\"hcWOOSArmloeftDSR\"> </a><a name=\"WOOSArmloeftDSR-en-US\"> </a><ul><li>Include these codes as defined in <a href=\"CodeSystem-WOOS.html\"><code>https://kip.rkkp.dk/fhir/CodeSystem/WOOS</code></a><table class=\"none\"><tr><td style=\"white-space:nowrap\"><b>Code</b></td><td><b>Display</b></td><td><b>Definition</b></td></tr><tr><td><a href=\"CodeSystem-WOOS.html#WOOS-unable_to_life_arm\">unable_to_life_arm</a></td><td>Kan slet ikke løfte armen</td><td>Kan slet ikke løfte armen</td></tr></table></li></ul></div>"},"url":"https://kip.rkkp.dk/fhir/ValueSet/WOOSArmloeftDSR","version":"0.1.8","name":"WOOSArmloeftDSR","title":"WOOS - Armløft (DSR)","status":"active","experimental":true,"date":"2022-10-07T00:00:00+02:00","publisher":"Sundhedsvæsnets Kvalistetsinstitut with Trifork Digital Health A/S","contact":[{"name":"Sundhedsvæsnets Kvalistetsinstitut with Trifork Digital Health A/S","telecom":[{"system":"url","value":"https://trifork.com"},{"system":"email","value":"rbk@trifork.com"}]}],"description":"WOOS - Armløft (DSR)","compose":{"include":[{"system":"https://kip.rkkp.dk/fhir/CodeSystem/WOOS","concept":[{"code":"unable_to_life_arm","display":"Kan slet ikke løfte armen"}]}]}}