{"resourceType":"ValueSet","id":"FISHSamples202502","text":{"status":"extensions","div":"<div xmlns=\"http://www.w3.org/1999/xhtml\"><p class=\"res-header-id\"><b>Generated Narrative: ValueSet FISHSamples202502</b></p><a name=\"FISHSamples202502\"> </a><a name=\"hcFISHSamples202502\"> </a><a name=\"FISHSamples202502-en-US\"> </a><p>This value set includes codes based on the following rules:</p><ul><li>Include these codes as defined in <a href=\"CodeSystem-FISHVariables.html\"><code>https://kip.rkkp.dk/fhir/CodeSystem/FISHVariables</code></a><table class=\"none\"><tr><td style=\"white-space:nowrap\"><b>Code</b></td><td><b>Display</b></td><td><b>Definition</b></td></tr><tr><td><a href=\"CodeSystem-FISHVariables.html#FISHVariables-igh_fgfr3\">igh_fgfr3</a></td><td>t(4;14)/IGH-FGFR3</td><td>t(4;14)/IGH-FGFR3</td></tr><tr><td><a href=\"CodeSystem-FISHVariables.html#FISHVariables-igh_ccnd1\">igh_ccnd1</a></td><td>t(11;14)/IGH-CCND1</td><td>t(11;14)/IGH-CCND1</td></tr><tr><td><a href=\"CodeSystem-FISHVariables.html#FISHVariables-igh_mbf\">igh_mbf</a></td><td>t(14;16)/IGH-MBF</td><td>t(14;16)/IGH-MBF</td></tr><tr><td><a href=\"CodeSystem-FISHVariables.html#FISHVariables-igh_mafb\">igh_mafb</a></td><td>t(14;20)/IGH-MAFB</td><td>t(14;20)/IGH-MAFB</td></tr><tr><td><a href=\"CodeSystem-FISHVariables.html#FISHVariables-tp53_deletion\">tp53_deletion</a></td><td>TP53 deletion</td><td>TP53 deletion</td></tr><tr><td><a href=\"CodeSystem-FISHVariables.html#FISHVariables-1q21gain\">1q21gain</a></td><td>1q21 gain (3 spot)</td><td>1q21 gain (3 spot)</td></tr><tr><td><a href=\"CodeSystem-FISHVariables.html#FISHVariables-1q21\">1q21</a></td><td>1q21 amplifikation (≥ 4 spot)</td><td>1q21 amplifikation</td></tr><tr><td><a href=\"CodeSystem-FISHVariables.html#FISHVariables-1qdeletion\">1qdeletion</a></td><td>1p deletion</td><td>1p deletion</td></tr></table></li><li>Include these codes as defined in <a href=\"CodeSystem-GenericValues.html\"><code>https://kip.rkkp.dk/fhir/CodeSystem/GenericValues</code></a><table class=\"none\"><tr><td style=\"white-space:nowrap\"><b>Code</b></td><td><b>Display</b></td><td><b>Definition</b></td></tr><tr><td><a href=\"CodeSystem-GenericValues.html#GenericValues-other\">other</a></td><td>Anden IGH translokation</td><td>Other - used to choose unspecific value not in a valueset</td></tr></table></li></ul></div>"},"url":"https://kip.rkkp.dk/fhir/ValueSet/FISHSamples202502","version":"0.2.1","name":"FISHSamples202502","title":"Anvendte FISH prober 202502","status":"active","experimental":true,"date":"2025-02-21T00:00:00+02:00","publisher":"Sundhedsvæsnets Kvalistetsinstitut with Trifork Digital Health A/S","contact":[{"name":"Sundhedsvæsnets Kvalistetsinstitut with Trifork Digital Health A/S","telecom":[{"system":"url","value":"https://trifork.com"},{"system":"email","value":"rbk@trifork.com"}]}],"description":"Anvendte FISH prober 202502 - Fjernet udgået udfald og tilføjet nye","compose":{"include":[{"system":"https://kip.rkkp.dk/fhir/CodeSystem/FISHVariables","concept":[{"code":"igh_fgfr3","display":"t(4;14)/IGH-FGFR3"},{"code":"igh_ccnd1","display":"t(11;14)/IGH-CCND1"},{"code":"igh_mbf","display":"t(14;16)/IGH-MBF"},{"code":"igh_mafb","display":"t(14;20)/IGH-MAFB"},{"code":"tp53_deletion","display":"TP53 deletion"},{"code":"1q21gain","display":"1q21 gain (3 spot)"},{"code":"1q21","display":"1q21 amplifikation (≥ 4 spot)"},{"code":"1qdeletion","display":"1p deletion"}]},{"system":"https://kip.rkkp.dk/fhir/CodeSystem/GenericValues","concept":[{"code":"other","display":"Anden IGH translokation"}]}]}}