{"resourceType":"ValueSet","id":"SSSOejenmotorik","text":{"status":"extensions","div":"<div xmlns=\"http://www.w3.org/1999/xhtml\"><p class=\"res-header-id\"><b>Generated Narrative: ValueSet SSSOejenmotorik</b></p><a name=\"SSSOejenmotorik\"> </a><a name=\"hcSSSOejenmotorik\"> </a><a name=\"SSSOejenmotorik-en-US\"> </a><ul><li>Include these codes as defined in <a href=\"CodeSystem-SSSEyeMotorSkills.html\"><code>https://kip.sundk.dk/fhir/CodeSystem/SSSEyeMotorSkills</code></a><table class=\"none\"><tr><td style=\"white-space:nowrap\"><b>Code</b></td><td><b>Display</b></td><td><b>Definition</b></td></tr><tr><td><a href=\"CodeSystem-SSSEyeMotorSkills.html#SSSEyeMotorSkills-4\">4</a></td><td>4: ingen blikparese </td><td>Parallelle, frie øjenbevægelser. Der må godt foreligge isolerede øjenmuskelpareser på den ene side.</td></tr><tr><td><a href=\"CodeSystem-SSSEyeMotorSkills.html#SSSEyeMotorSkills-2\">2</a></td><td>2: blikparese til stede</td><td>Konjugeret blikparese: Pt. kan ikke dreje øjnene samtidigt til den ene side.</td></tr><tr><td><a href=\"CodeSystem-SSSEyeMotorSkills.html#SSSEyeMotorSkills-0\">0</a></td><td>0: konjugeret blikdeviation</td><td>Blikdeviation: Pt.s øjne er tvangsmæssigt drejet til den ene side.</td></tr></table></li></ul></div>"},"url":"https://kip.sundk.dk/fhir/ValueSet/SSSOejenmotorik","version":"0.0.9","name":"SSSOejenmotorik","title":"Scandinavian Stroke Scale - Øjenmotorik","status":"active","experimental":true,"date":"2022-06-23T00:00:00+02:00","publisher":"Sundhedsvæsnets Kvalistetsinstitut with Trifork Public A/S","contact":[{"name":"Sundhedsvæsnets Kvalistetsinstitut with Trifork Public A/S","telecom":[{"system":"url","value":"https://trifork.com"},{"system":"email","value":"rbk@trifork.com"}]}],"description":"Scandinavian Stroke Scale - Øjenmotorik","compose":{"include":[{"system":"https://kip.sundk.dk/fhir/CodeSystem/SSSEyeMotorSkills","concept":[{"code":"4","display":"4: ingen blikparese "},{"code":"2","display":"2: blikparese til stede"},{"code":"0","display":"0: konjugeret blikdeviation"}]}]}}