{"resourceType":"ValueSet","id":"DomBehandlingAmbulantRETSPSYK","text":{"status":"extensions","div":"<div xmlns=\"http://www.w3.org/1999/xhtml\"><p class=\"res-header-id\"><b>Generated Narrative: ValueSet DomBehandlingAmbulantRETSPSYK</b></p><a name=\"DomBehandlingAmbulantRETSPSYK\"> </a><a name=\"hcDomBehandlingAmbulantRETSPSYK\"> </a><a name=\"DomBehandlingAmbulantRETSPSYK-en-US\"> </a><ul><li>Include these codes as defined in <a href=\"CodeSystem-Verdict.html\"><code>https://kip.rkkp.dk/fhir/CodeSystem/Verdict</code></a><table class=\"none\"><tr><td style=\"white-space:nowrap\"><b>Code</b></td><td><b>Display</b></td><td><b>Definition</b></td></tr><tr><td><a href=\"CodeSystem-Verdict.html#Verdict-treatment_outpatient\">treatment_outpatient</a></td><td>Dom til ambulant behandling ved psykiatrisk afdeling etc.</td><td>Dom til ambulant behandling ved psykiatrisk afdeling</td></tr><tr><td><a href=\"CodeSystem-Verdict.html#Verdict-treatment_outpatient_correctional\">treatment_outpatient_correctional</a></td><td>Dom til ambulant behandling ved psykiatrisk afdeling med tilsyn af Kriminalforsorgen etc.</td><td>Dom til ambulant behandling ved psykiatrisk afdeling med tilsyn af Kriminalforsorgen</td></tr><tr><td><a href=\"CodeSystem-Verdict.html#Verdict-treatment_outpatient_admission\">treatment_outpatient_admission</a></td><td>Dom til ambulant behandling ved psykiatrisk afdeling med mulighed for indlæggelse etc.</td><td>Dom til ambulant behandling ved psykiatrisk afdeling med mulighed for indlæggelse</td></tr><tr><td><a href=\"CodeSystem-Verdict.html#Verdict-treatment_outpatient_correctional_admission\">treatment_outpatient_correctional_admission</a></td><td>Dom til ambulant behandling ved psykiatrisk afdeling med tilsyn af Kriminalforsorgen og mulighed for indlæggelse etc.</td><td>Dom til ambulant behandling ved psykiatrisk afdeling med tilsyn af Kriminalforsorgen og mulighed for indlæggelse</td></tr></table></li></ul></div>"},"url":"https://kip.rkkp.dk/fhir/ValueSet/DomBehandlingAmbulantRETSPSYK","version":"0.1.6","name":"DomBehandlingAmbulantRETSPSYK","title":"Dom - Behandling, ambulant (RETSPSYK)","status":"active","experimental":true,"date":"2022-09-28T00:00:00+02:00","publisher":"Sundhedsvæsnets Kvalistetsinstitut with Trifork Digital Health A/S","contact":[{"name":"Sundhedsvæsnets Kvalistetsinstitut with Trifork Digital Health A/S","telecom":[{"system":"url","value":"https://trifork.com"},{"system":"email","value":"rbk@trifork.com"}]}],"description":"Dom - Behandling, ambulant (RETSPSYK)","compose":{"include":[{"system":"https://kip.rkkp.dk/fhir/CodeSystem/Verdict","concept":[{"code":"treatment_outpatient","display":"Dom til ambulant behandling ved psykiatrisk afdeling etc."},{"code":"treatment_outpatient_correctional","display":"Dom til ambulant behandling ved psykiatrisk afdeling med tilsyn af Kriminalforsorgen etc."},{"code":"treatment_outpatient_admission","display":"Dom til ambulant behandling ved psykiatrisk afdeling med mulighed for indlæggelse etc."},{"code":"treatment_outpatient_correctional_admission","display":"Dom til ambulant behandling ved psykiatrisk afdeling med tilsyn af Kriminalforsorgen og mulighed for indlæggelse etc."}]}]}}