{"resourceType":"ValueSet","id":"LinertypeDHR","text":{"status":"extensions","div":"<div xmlns=\"http://www.w3.org/1999/xhtml\"><p class=\"res-header-id\"><b>Generated Narrative: ValueSet LinertypeDHR</b></p><a name=\"LinertypeDHR\"> </a><a name=\"hcLinertypeDHR\"> </a><a name=\"LinertypeDHR-en-US\"> </a><ul><li>Include these codes as defined in <a href=\"CodeSystem-ImplantComponents.html\"><code>https://kip.rkkp.dk/fhir/CodeSystem/ImplantComponents</code></a><table class=\"none\"><tr><td style=\"white-space:nowrap\"><b>Code</b></td><td><b>Display</b></td><td><b>Definition</b></td></tr><tr><td><a href=\"CodeSystem-ImplantComponents.html#ImplantComponents-non_constrained\">non_constrained</a></td><td>Ikke-constrained</td><td>Non-constrained / Ikke-constrained</td></tr><tr><td><a href=\"CodeSystem-ImplantComponents.html#ImplantComponents-constrained\">constrained</a></td><td>Constrained</td><td>Constrained</td></tr><tr><td><a href=\"CodeSystem-ImplantComponents.html#ImplantComponents-double_mobility\">double_mobility</a></td><td>Double mobility</td><td>Double mobility</td></tr></table></li></ul></div>"},"url":"https://kip.rkkp.dk/fhir/ValueSet/LinertypeDHR","version":"0.2.1","name":"LinertypeDHR","title":"Linertype - (DHR)","status":"active","experimental":true,"date":"2022-11-02T00:00:00+02:00","publisher":"Sundhedsvæsnets Kvalistetsinstitut with Trifork Digital Health A/S","contact":[{"name":"Sundhedsvæsnets Kvalistetsinstitut with Trifork Digital Health A/S","telecom":[{"system":"url","value":"https://trifork.com"},{"system":"email","value":"rbk@trifork.com"}]}],"description":"Linertype - (DHR)","compose":{"include":[{"system":"https://kip.rkkp.dk/fhir/CodeSystem/ImplantComponents","concept":[{"code":"non_constrained","display":"Ikke-constrained"},{"code":"constrained","display":"Constrained"},{"code":"double_mobility","display":"Double mobility"}]}]}}