{"resourceType":"ValueSet","id":"StraffelovsparagrafRETSPSYK","text":{"status":"extensions","div":"<div xmlns=\"http://www.w3.org/1999/xhtml\"><p class=\"res-header-id\"><b>Generated Narrative: ValueSet StraffelovsparagrafRETSPSYK</b></p><a name=\"StraffelovsparagrafRETSPSYK\"> </a><a name=\"hcStraffelovsparagrafRETSPSYK\"> </a><a name=\"StraffelovsparagrafRETSPSYK-en-US\"> </a><ul><li>Include these codes as defined in <a href=\"CodeSystem-Paragraph.html\"><code>https://kip.rkkp.dk/fhir/CodeSystem/Paragraph</code></a><table class=\"none\"><tr><td style=\"white-space:nowrap\"><b>Code</b></td><td><b>Display</b></td><td><b>Definition</b></td></tr><tr><td><a href=\"CodeSystem-Paragraph.html#Paragraph-.16716\">§16</a></td><td>§16</td><td>§16</td></tr><tr><td><a href=\"CodeSystem-Paragraph.html#Paragraph-.16769\">§69</a></td><td>§69</td><td>§69</td></tr><tr><td><a href=\"CodeSystem-Paragraph.html#Paragraph-.16773\">§73</a></td><td>§73</td><td>§73</td></tr></table></li></ul></div>"},"url":"https://kip.rkkp.dk/fhir/ValueSet/StraffelovsparagrafRETSPSYK","version":"0.1.6","name":"StraffelovsparagrafRETSPSYK","title":"Straffelovsparagraf (RETSPSYK)","status":"active","experimental":true,"date":"2022-09-28T00:00:00+02:00","publisher":"Sundhedsvæsnets Kvalistetsinstitut with Trifork Digital Health A/S","contact":[{"name":"Sundhedsvæsnets Kvalistetsinstitut with Trifork Digital Health A/S","telecom":[{"system":"url","value":"https://trifork.com"},{"system":"email","value":"rbk@trifork.com"}]}],"description":"Straffelovsparagraf (RETSPSYK)","compose":{"include":[{"system":"https://kip.rkkp.dk/fhir/CodeSystem/Paragraph","concept":[{"code":"§16","display":"§16"},{"code":"§69","display":"§69"},{"code":"§73","display":"§73"}]}]}}