{"resourceType":"ValueSet","id":"HemialloplastikFemur","text":{"status":"extensions","div":"<div xmlns=\"http://www.w3.org/1999/xhtml\"><p class=\"res-header-id\"><b>Generated Narrative: ValueSet HemialloplastikFemur</b></p><a name=\"HemialloplastikFemur\"> </a><a name=\"hcHemialloplastikFemur\"> </a><a name=\"HemialloplastikFemur-en-US\"> </a><ul><li>Include these codes as defined in <a href=\"CodeSystem-AlloplastyTypes.html\"><code>https://kip.rkkp.dk/fhir/CodeSystem/AlloplastyTypes</code></a><table class=\"none\"><tr><td style=\"white-space:nowrap\"><b>Code</b></td><td><b>Display</b></td><td><b>Definition</b></td></tr><tr><td><a href=\"CodeSystem-AlloplastyTypes.html#AlloplastyTypes-cemented\">cemented</a></td><td>Cementeret femurkomponent</td><td>Cementet component</td></tr><tr><td><a href=\"CodeSystem-AlloplastyTypes.html#AlloplastyTypes-uncemented\">uncemented</a></td><td>Ucementeret femurkomponent</td><td>Uncemented component</td></tr></table></li></ul></div>"},"url":"https://kip.rkkp.dk/fhir/ValueSet/HemialloplastikFemur","version":"2.9.3","name":"HemialloplastikFemur","title":"Hemialloplastik undertyper (femurkomponent)","status":"active","experimental":true,"date":"2022-07-04T00:00:00+02:00","publisher":"Sundhedsvæsenets Kvalitetsinstitut with Trifork Digital Health A/S","contact":[{"name":"Sundhedsvæsenets Kvalitetsinstitut with Trifork Digital Health A/S","telecom":[{"system":"url","value":"https://trifork.com"},{"system":"email","value":"rbk@trifork.com"}]}],"description":"Hemialloplastik undertyper (femurkomponent)","compose":{"include":[{"system":"https://kip.rkkp.dk/fhir/CodeSystem/AlloplastyTypes","concept":[{"code":"cemented","display":"Cementeret femurkomponent"},{"code":"uncemented","display":"Ucementeret femurkomponent"}]}]}}