{"resourceType":"ValueSet","id":"Operationsside","text":{"status":"extensions","div":"<div xmlns=\"http://www.w3.org/1999/xhtml\"><p class=\"res-header-id\"><b>Generated Narrative: ValueSet Operationsside</b></p><a name=\"Operationsside\"> </a><a name=\"hcOperationsside\"> </a><a name=\"Operationsside-en-US\"> </a><ul><li>Include these codes as defined in <a href=\"http://terminology.hl7.org/3.1.0/CodeSystem-v2-0894.html\"><code>http://terminology.hl7.org/CodeSystem/v2-0894</code></a><table class=\"none\"><tr><td style=\"white-space:nowrap\"><b>Code</b></td><td><b>Display</b></td><td><b>Definition</b></td></tr><tr><td><a href=\"http://terminology.hl7.org/3.1.0/CodeSystem-v2-0894.html#v2-0894-R\">R</a></td><td>Højre</td><td>Right</td></tr><tr><td><a href=\"http://terminology.hl7.org/3.1.0/CodeSystem-v2-0894.html#v2-0894-L\">L</a></td><td>Venstre</td><td>Left</td></tr></table></li></ul></div>"},"url":"https://kip.rkkp.dk/fhir/ValueSet/Operationsside","version":"0.1.6","name":"Operationsside","title":"Operationsside (højre/venstre)","status":"active","experimental":true,"date":"2022-07-04T00:00:00+02:00","publisher":"Sundhedsvæsnets Kvalistetsinstitut with Trifork Digital Health A/S","contact":[{"name":"Sundhedsvæsnets Kvalistetsinstitut with Trifork Digital Health A/S","telecom":[{"system":"url","value":"https://trifork.com"},{"system":"email","value":"rbk@trifork.com"}]}],"description":"Operationsside (højre/venstre)","compose":{"include":[{"system":"http://terminology.hl7.org/CodeSystem/v2-0894","concept":[{"code":"R","display":"Højre"},{"code":"L","display":"Venstre"}]}]}}