{"resourceType":"ValueSet","id":"KnogletransplantationDHR","text":{"status":"extensions","div":"<div xmlns=\"http://www.w3.org/1999/xhtml\"><p class=\"res-header-id\"><b>Generated Narrative: ValueSet KnogletransplantationDHR</b></p><a name=\"KnogletransplantationDHR\"> </a><a name=\"hcKnogletransplantationDHR\"> </a><a name=\"KnogletransplantationDHR-en-US\"> </a><ul><li>Include these codes as defined in <a href=\"CodeSystem-ImplantComponents.html\"><code>https://kip.rkkp.dk/fhir/CodeSystem/ImplantComponents</code></a><table class=\"none\"><tr><td style=\"white-space:nowrap\"><b>Code</b></td><td><b>Display</b></td><td><b>Definition</b></td></tr><tr><td><a href=\"CodeSystem-ImplantComponents.html#ImplantComponents-crumble\">crumble</a></td><td>Lidt smuld</td><td>Lidt smuld</td></tr><tr><td><a href=\"CodeSystem-ImplantComponents.html#ImplantComponents-massive_transplant\">massive_transplant</a></td><td>Massiv transplantering</td><td>Massiv transplantering</td></tr><tr><td><a href=\"CodeSystem-ImplantComponents.html#ImplantComponents-structural\">structural</a></td><td>Strukturel graft</td><td>Structural / Strukturel</td></tr></table></li></ul></div>"},"url":"https://kip.rkkp.dk/fhir/ValueSet/KnogletransplantationDHR","version":"0.1.6","name":"KnogletransplantationDHR","title":"Knogletransplantation (DHR)","status":"active","experimental":true,"date":"2023-04-19T00:00:00+02:00","publisher":"Sundhedsvæsnets Kvalistetsinstitut with Trifork Digital Health A/S","contact":[{"name":"Sundhedsvæsnets Kvalistetsinstitut with Trifork Digital Health A/S","telecom":[{"system":"url","value":"https://trifork.com"},{"system":"email","value":"rbk@trifork.com"}]}],"description":"Knogletransplantation acetabulum/femur (DHR)","compose":{"include":[{"system":"https://kip.rkkp.dk/fhir/CodeSystem/ImplantComponents","concept":[{"code":"crumble","display":"Lidt smuld"},{"code":"massive_transplant","display":"Massiv transplantering"},{"code":"structural","display":"Strukturel graft"}]}]}}