{"resourceType":"ValueSet","id":"StomiTypeDHDB","text":{"status":"extensions","div":"<div xmlns=\"http://www.w3.org/1999/xhtml\"><p class=\"res-header-id\"><b>Generated Narrative: ValueSet StomiTypeDHDB</b></p><a name=\"StomiTypeDHDB\"> </a><a name=\"hcStomiTypeDHDB\"> </a><a name=\"StomiTypeDHDB-en-US\"> </a><ul><li>Include these codes as defined in <a href=\"CodeSystem-DiseasesUnspecified.html\"><code>https://kip.rkkp.dk/fhir/CodeSystem/DiseasesUnspecified</code></a><table class=\"none\"><tr><td style=\"white-space:nowrap\"><b>Code</b></td><td><b>Display</b></td><td><b>Definition</b></td></tr><tr><td><a href=\"CodeSystem-DiseasesUnspecified.html#DiseasesUnspecified-colostomy\">colostomy</a></td><td>Colostomi</td><td>Colostomy / Colostomi / SNOMED-CT: 264585001</td></tr><tr><td><a href=\"CodeSystem-DiseasesUnspecified.html#DiseasesUnspecified-ileostomy\">ileostomy</a></td><td>Ileostomi</td><td>Ileostomy / Ileostomi / SNOMED-CT: 264364002</td></tr><tr><td><a href=\"CodeSystem-DiseasesUnspecified.html#DiseasesUnspecified-urologicalstomy\">urologicalstomy</a></td><td>Urostomi</td><td>Urological stomy / Urostomi / SNOMED-CT: 281601009</td></tr></table></li></ul></div>"},"url":"https://kip.rkkp.dk/fhir/ValueSet/StomiTypeDHDB","version":"2.9.3","name":"StomiTypeDHDB","title":"Stomi type (DHDB)","status":"active","experimental":true,"date":"2022-07-20T00:00:00+02:00","publisher":"Sundhedsvæsenets Kvalitetsinstitut with Trifork Digital Health A/S","contact":[{"name":"Sundhedsvæsenets Kvalitetsinstitut with Trifork Digital Health A/S","telecom":[{"system":"url","value":"https://trifork.com"},{"system":"email","value":"rbk@trifork.com"}]}],"description":"Stomi type (DHDB)","compose":{"include":[{"system":"https://kip.rkkp.dk/fhir/CodeSystem/DiseasesUnspecified","concept":[{"code":"colostomy","display":"Colostomi"},{"code":"ileostomy","display":"Ileostomi"},{"code":"urologicalstomy","display":"Urostomi"}]}]}}