{"resourceType":"ValueSet","id":"IntraoperativeLaesionerKDCCG","text":{"status":"extensions","div":"<div xmlns=\"http://www.w3.org/1999/xhtml\"><p class=\"res-header-id\"><b>Generated Narrative: ValueSet IntraoperativeLaesionerKDCCG</b></p><a name=\"IntraoperativeLaesionerKDCCG\"> </a><a name=\"hcIntraoperativeLaesionerKDCCG\"> </a><a name=\"IntraoperativeLaesionerKDCCG-en-US\"> </a><p>This value set includes codes based on the following rules:</p><ul><li>Include these codes as defined in <a href=\"CodeSystem-SKS.html\"><code>https://kip.rkkp.dk/fhir/CodeSystem/SKS</code></a><table class=\"none\"><tr><td style=\"white-space:nowrap\"><b>Code</b></td><td><b>Display</b></td><td><b>Definition</b></td></tr><tr><td><a href=\"CodeSystem-SKS.html#SKS-T000703\">T000703</a></td><td>Duodenum T000703</td><td>T000703 - duodenum</td></tr><tr><td><a href=\"CodeSystem-SKS.html#SKS-T000627\">T000627</a></td><td>Galdeblære T000627</td><td>T000627 - galdeblære</td></tr><tr><td><a href=\"CodeSystem-SKS.html#SKS-T000725\">T000725</a></td><td>Kolon T000725</td><td>T000725 - colon</td></tr><tr><td><a href=\"CodeSystem-SKS.html#SKS-T000607\">T000607</a></td><td>Lever T000607</td><td>T000607 - lever</td></tr><tr><td><a href=\"CodeSystem-SKS.html#SKS-T000132\">T000132</a></td><td>Milt T000132</td><td>T000132 - milt</td></tr><tr><td><a href=\"CodeSystem-SKS.html#SKS-T000638\">T000638</a></td><td>Pancreas T000638</td><td>T000638 - pancreas</td></tr><tr><td><a href=\"CodeSystem-SKS.html#SKS-T000695\">T000695</a></td><td>Tyndtarm eksklusive duodenum T000695</td><td>T000695 - tyndtarm</td></tr><tr><td><a href=\"CodeSystem-SKS.html#SKS-T000803\">T000803</a></td><td>Ureter T000803</td><td>T000803 - ureter</td></tr><tr><td><a href=\"CodeSystem-SKS.html#SKS-T000824\">T000824</a></td><td>Urethra T000824</td><td>T000824 - urethra</td></tr><tr><td><a href=\"CodeSystem-SKS.html#SKS-T000812\">T000812</a></td><td>Urinblære T000812</td><td>T000812 - vesica urinaria</td></tr><tr><td><a href=\"CodeSystem-SKS.html#SKS-T000892\">T000892</a></td><td>Vagina T000892</td><td>T000892 - vagina</td></tr><tr><td><a href=\"CodeSystem-SKS.html#SKS-T000670\">T000670</a></td><td>Ventrikel T000670</td><td>T000670 - ventrikel</td></tr></table></li><li>Include these codes as defined in <a href=\"CodeSystem-GenericValues.html\"><code>https://kip.rkkp.dk/fhir/CodeSystem/GenericValues</code></a><table class=\"none\"><tr><td style=\"white-space:nowrap\"><b>Code</b></td><td><b>Display</b></td><td><b>Definition</b></td></tr><tr><td><a href=\"CodeSystem-GenericValues.html#GenericValues-other\">other</a></td><td>Andet</td><td>Other - used to choose unspecific value not in a valueset</td></tr></table></li></ul></div>"},"url":"https://kip.rkkp.dk/fhir/ValueSet/IntraoperativeLaesionerKDCCG","version":"0.1.8","name":"IntraoperativeLaesionerKDCCG","title":"Intraoperative læsioner - Kvinder (DCCG)","status":"active","experimental":true,"date":"2022-11-10T00:00:00+02:00","publisher":"Sundhedsvæsnets Kvalistetsinstitut with Trifork Digital Health A/S","contact":[{"name":"Sundhedsvæsnets Kvalistetsinstitut with Trifork Digital Health A/S","telecom":[{"system":"url","value":"https://trifork.com"},{"system":"email","value":"rbk@trifork.com"}]}],"description":"Intraoperative læsioner - Kvinder (DCCG)","compose":{"include":[{"system":"https://kip.rkkp.dk/fhir/CodeSystem/SKS","concept":[{"code":"T000703","display":"Duodenum T000703"},{"code":"T000627","display":"Galdeblære T000627"},{"code":"T000725","display":"Kolon T000725"},{"code":"T000607","display":"Lever T000607"},{"code":"T000132","display":"Milt T000132"},{"code":"T000638","display":"Pancreas T000638"},{"code":"T000695","display":"Tyndtarm eksklusive duodenum T000695"},{"code":"T000803","display":"Ureter T000803"},{"code":"T000824","display":"Urethra T000824"},{"code":"T000812","display":"Urinblære T000812"},{"code":"T000892","display":"Vagina T000892"},{"code":"T000670","display":"Ventrikel T000670"}]},{"system":"https://kip.rkkp.dk/fhir/CodeSystem/GenericValues","concept":[{"code":"other","display":"Andet"}]}]}}