{"resourceType":"ValueSet","id":"ImplantatReverseDesign","text":{"status":"extensions","div":"<div xmlns=\"http://www.w3.org/1999/xhtml\"><p class=\"res-header-id\"><b>Generated Narrative: ValueSet ImplantatReverseDesign</b></p><a name=\"ImplantatReverseDesign\"> </a><a name=\"hcImplantatReverseDesign\"> </a><a name=\"ImplantatReverseDesign-en-US\"> </a><ul><li>Include these codes as defined in <a href=\"CodeSystem-ImplantComponents.html\"><code>https://kip.rkkp.dk/fhir/CodeSystem/ImplantComponents</code></a><table class=\"none\"><tr><td style=\"white-space:nowrap\"><b>Code</b></td><td><b>Display</b></td><td><b>Definition</b></td></tr><tr><td><a href=\"CodeSystem-ImplantComponents.html#ImplantComponents-standard\">standard</a></td><td>Standard</td><td>Standard</td></tr><tr><td><a href=\"CodeSystem-ImplantComponents.html#ImplantComponents-eccentric\">eccentric</a></td><td>Excentrisk</td><td>Excentrisk</td></tr></table></li></ul></div>"},"url":"https://kip.rkkp.dk/fhir/ValueSet/ImplantatReverseDesign","version":"0.1.6","name":"ImplantatReverseDesign","title":"Implantat - reverse design","status":"active","experimental":true,"date":"2022-10-06T00:00:00+02:00","publisher":"Sundhedsvæsnets Kvalistetsinstitut with Trifork Digital Health A/S","contact":[{"name":"Sundhedsvæsnets Kvalistetsinstitut with Trifork Digital Health A/S","telecom":[{"system":"url","value":"https://trifork.com"},{"system":"email","value":"rbk@trifork.com"}]}],"description":"Implantat - reverse design","compose":{"include":[{"system":"https://kip.rkkp.dk/fhir/CodeSystem/ImplantComponents","concept":[{"code":"standard","display":"Standard"},{"code":"eccentric","display":"Excentrisk"}]}]}}