{"resourceType":"CodeSystem","id":"IntubationRelaks","text":{"status":"generated","div":"<div xmlns=\"http://www.w3.org/1999/xhtml\"><p class=\"res-header-id\"><b>Generated Narrative: CodeSystem IntubationRelaks</b></p><a name=\"IntubationRelaks\"> </a><a name=\"hcIntubationRelaks\"> </a><a name=\"IntubationRelaks-en-US\"> </a><p>This  code system <code>https://kip.rkkp.dk/fhir/CodeSystem/IntubationRelaks</code> defines the following codes:</p><table class=\"codes\"><tr><td style=\"white-space:nowrap\"><b>Code</b></td><td><b>Display</b></td><td><b>Definition</b></td></tr><tr><td style=\"white-space:nowrap\">depolar<a name=\"IntubationRelaks-depolar\"> </a></td><td>Depolarising</td><td>Depolariserende</td></tr><tr><td style=\"white-space:nowrap\">non_depolar<a name=\"IntubationRelaks-non_depolar\"> </a></td><td>Non-depolarising</td><td>Non-depolariserende</td></tr></table></div>"},"url":"https://kip.rkkp.dk/fhir/CodeSystem/IntubationRelaks","version":"0.1.8","name":"IntubationRelaks","title":"Relaksation til intubation","status":"active","date":"2022-06-09T00:00:00+02:00","publisher":"Sundhedsvæsnets Kvalistetsinstitut with Trifork Digital Health A/S","contact":[{"name":"Sundhedsvæsnets Kvalistetsinstitut with Trifork Digital Health A/S","telecom":[{"system":"url","value":"https://trifork.com"},{"system":"email","value":"rbk@trifork.com"}]}],"description":"Relaksation til intubation","content":"complete","count":2,"concept":[{"code":"depolar","display":"Depolarising","definition":"Depolariserende"},{"code":"non_depolar","display":"Non-depolarising","definition":"Non-depolariserende"}]}