{"resourceType":"CodeSystem","id":"MedicalScanningTypes","text":{"status":"generated","div":"<div xmlns=\"http://www.w3.org/1999/xhtml\"><p class=\"res-header-id\"><b>Generated Narrative: CodeSystem MedicalScanningTypes</b></p><a name=\"MedicalScanningTypes\"> </a><a name=\"hcMedicalScanningTypes\"> </a><a name=\"MedicalScanningTypes-en-US\"> </a><p>This case-insensitive code system <code>https://kip.rkkp.dk/fhir/CodeSystem/MedicalScanningTypes</code> provides <b>a fragment</b> that includes following codes:</p><table class=\"codes\"><tr><td style=\"white-space:nowrap\"><b>Code</b></td><td><b>Display</b></td><td><b>Definition</b></td></tr><tr><td style=\"white-space:nowrap\">ct<a name=\"MedicalScanningTypes-ct\"> </a></td><td>CT</td><td>Computed tomography (CT)</td></tr><tr><td style=\"white-space:nowrap\">mri<a name=\"MedicalScanningTypes-mri\"> </a></td><td>MRI</td><td>Magnetic Resonance imaging (MRI)</td></tr><tr><td style=\"white-space:nowrap\">pet<a name=\"MedicalScanningTypes-pet\"> </a></td><td>PET</td><td>Positron emission tomography (PET)</td></tr><tr><td style=\"white-space:nowrap\">x-ray<a name=\"MedicalScanningTypes-x-ray\"> </a></td><td>X-ray</td><td>X-ray / Røntgen</td></tr><tr><td style=\"white-space:nowrap\">radiology<a name=\"MedicalScanningTypes-radiology\"> </a></td><td>Radiology</td><td>Radiology (x-ray)</td></tr><tr><td style=\"white-space:nowrap\">ultrasound<a name=\"MedicalScanningTypes-ultrasound\"> </a></td><td>Ultrasound</td><td>Medical ultrasound</td></tr><tr><td style=\"white-space:nowrap\">scintigraphy<a name=\"MedicalScanningTypes-scintigraphy\"> </a></td><td>Scintigraphy</td><td>Scintigraphy</td></tr><tr><td style=\"white-space:nowrap\">dexa<a name=\"MedicalScanningTypes-dexa\"> </a></td><td>DEXA/DXA</td><td>Dual-emission X-ray absorptiometry (DEXA/DXA)</td></tr><tr><td style=\"white-space:nowrap\">ct_angio<a name=\"MedicalScanningTypes-ct_angio\"> </a></td><td>CT angio</td><td>CT angio</td></tr><tr><td style=\"white-space:nowrap\">mri_angio<a name=\"MedicalScanningTypes-mri_angio\"> </a></td><td>MR angio</td><td>MR angio</td></tr></table></div>"},"url":"https://kip.rkkp.dk/fhir/CodeSystem/MedicalScanningTypes","version":"0.1.8","name":"MedicalScanningTypes","title":"Medical scanning types","status":"active","date":"2022-06-27T00:00:00+02:00","publisher":"Sundhedsvæsnets Kvalistetsinstitut with Trifork Digital Health A/S","contact":[{"name":"Sundhedsvæsnets Kvalistetsinstitut with Trifork Digital Health A/S","telecom":[{"system":"url","value":"https://trifork.com"},{"system":"email","value":"rbk@trifork.com"}]}],"description":"Medical scanning types","caseSensitive":false,"content":"fragment","concept":[{"code":"ct","display":"CT","definition":"Computed tomography (CT)"},{"code":"mri","display":"MRI","definition":"Magnetic Resonance imaging (MRI)"},{"code":"pet","display":"PET","definition":"Positron emission tomography (PET)"},{"code":"x-ray","display":"X-ray","definition":"X-ray / Røntgen"},{"code":"radiology","display":"Radiology","definition":"Radiology (x-ray)"},{"code":"ultrasound","display":"Ultrasound","definition":"Medical ultrasound"},{"code":"scintigraphy","display":"Scintigraphy","definition":"Scintigraphy"},{"code":"dexa","display":"DEXA/DXA","definition":"Dual-emission X-ray absorptiometry (DEXA/DXA)"},{"code":"ct_angio","display":"CT angio","definition":"CT angio"},{"code":"mri_angio","display":"MR angio","definition":"MR angio"}]}