{"resourceType":"CodeSystem","id":"SSSConsciousness","text":{"status":"generated","div":"<div xmlns=\"http://www.w3.org/1999/xhtml\"><p class=\"res-header-id\"><b>Generated Narrative: CodeSystem SSSConsciousness</b></p><a name=\"SSSConsciousness\"> </a><a name=\"hcSSSConsciousness\"> </a><a name=\"SSSConsciousness-en-US\"> </a><p>This  code system <code>https://kip.rkkp.dk/fhir/CodeSystem/SSSConsciousness</code> defines the following codes:</p><table class=\"codes\"><tr><td style=\"white-space:nowrap\"><b>Code</b></td><td><b>Definition</b></td></tr><tr><td style=\"white-space:nowrap\">6<a name=\"SSSConsciousness-6\"> </a></td><td>Vågen, er ved fuld bevidsthed</td></tr><tr><td style=\"white-space:nowrap\">4<a name=\"SSSConsciousness-4\"> </a></td><td>Somnolent: pt. kan vækkes til vågen tilstand, men pt. falder hen, når vedkommende overlades til sig selv.</td></tr><tr><td style=\"white-space:nowrap\">2<a name=\"SSSConsciousness-2\"> </a></td><td>Reagerer på verbal opfordring</td></tr><tr><td style=\"white-space:nowrap\">0<a name=\"SSSConsciousness-0\"> </a></td><td>Dybt bevidstløs.</td></tr></table></div>"},"url":"https://kip.rkkp.dk/fhir/CodeSystem/SSSConsciousness","version":"0.1.8","name":"SSSConsciousness","title":"Scandinavian Stroke Scale (SSS) - Consciousness","status":"active","date":"2022-06-23T00:00:00+02:00","publisher":"Sundhedsvæsnets Kvalistetsinstitut with Trifork Digital Health A/S","contact":[{"name":"Sundhedsvæsnets Kvalistetsinstitut with Trifork Digital Health A/S","telecom":[{"system":"url","value":"https://trifork.com"},{"system":"email","value":"rbk@trifork.com"}]}],"description":"Scandinavian Stroke Scale (SSS) - Consciousness: Svækket bevidsthed kan være udtryk for komplikationer som eksempelvis blødning eller ødem","content":"complete","count":4,"concept":[{"code":"6","display":"6","definition":"Vågen, er ved fuld bevidsthed"},{"code":"4","display":"4","definition":"Somnolent: pt. kan vækkes til vågen tilstand, men pt. falder hen, når vedkommende overlades til sig selv."},{"code":"2","display":"2","definition":"Reagerer på verbal opfordring"},{"code":"0","display":"0","definition":"Dybt bevidstløs."}]}