{"resourceType":"CodeSystem","id":"SNOMEDCT","text":{"status":"generated","div":"<div xmlns=\"http://www.w3.org/1999/xhtml\"><p class=\"res-header-id\"><b>Generated Narrative: CodeSystem SNOMEDCT</b></p><a name=\"SNOMEDCT\"> </a><a name=\"hcSNOMEDCT\"> </a><a name=\"SNOMEDCT-en-US\"> </a><p>This case-sensitive code system <code>https://kip.rkkp.dk/fhir/CodeSystem/SNOMEDCT</code> provides <b>a fragment</b> that includes following codes:</p><table class=\"codes\"><tr><td style=\"white-space:nowrap\"><b>Code</b></td><td><b>Display</b></td><td><b>Definition</b></td></tr><tr><td style=\"white-space:nowrap\">58158008<a name=\"SNOMEDCT-58158008\"> </a></td><td>Stable</td><td>Stable</td></tr><tr><td style=\"white-space:nowrap\">64957009<a name=\"SNOMEDCT-64957009\"> </a></td><td>Uncertain</td><td>Uncertain</td></tr><tr><td style=\"white-space:nowrap\">75134009<a name=\"SNOMEDCT-75134009\"> </a></td><td>Not examined for</td><td>Not examined for</td></tr><tr><td style=\"white-space:nowrap\">103337004<a name=\"SNOMEDCT-103337004\"> </a></td><td>In partial remission</td><td>In partial remission</td></tr><tr><td style=\"white-space:nowrap\">103338009<a name=\"SNOMEDCT-103338009\"> </a></td><td>In full remission</td><td>In full remission</td></tr><tr><td style=\"white-space:nowrap\">255314001<a name=\"SNOMEDCT-255314001\"> </a></td><td>Progressive</td><td>Progressive</td></tr><tr><td style=\"white-space:nowrap\">278179005<a name=\"SNOMEDCT-278179005\"> </a></td><td>Accelerated phase</td><td>Accelerated phase</td></tr><tr><td style=\"white-space:nowrap\">278177007<a name=\"SNOMEDCT-278177007\"> </a></td><td>Chronic phase</td><td>Chronic phase</td></tr><tr><td style=\"white-space:nowrap\">419099009<a name=\"SNOMEDCT-419099009\"> </a></td><td>Dead</td><td>Dead</td></tr><tr><td style=\"white-space:nowrap\">438949009<a name=\"SNOMEDCT-438949009\"> </a></td><td>Alive</td><td>Alive</td></tr><tr><td style=\"white-space:nowrap\">303071001<a name=\"SNOMEDCT-303071001\"> </a></td><td>Person in the family</td><td>Person in the family</td></tr><tr><td style=\"white-space:nowrap\">394863008<a name=\"SNOMEDCT-394863008\"> </a></td><td>Non-family member</td><td>Non-family member</td></tr><tr><td style=\"white-space:nowrap\">40683002<a name=\"SNOMEDCT-40683002\"> </a></td><td>Parent</td><td>Forælder</td></tr><tr><td style=\"white-space:nowrap\">375005<a name=\"SNOMEDCT-375005\"> </a></td><td>Sibling</td><td>Søster/Bror</td></tr><tr><td style=\"white-space:nowrap\">11286003<a name=\"SNOMEDCT-11286003\"> </a></td><td>Twin sibling</td><td>Tvilling</td></tr><tr><td style=\"white-space:nowrap\">10896006<a name=\"SNOMEDCT-10896006\"> </a></td><td>Identical twin sibling</td><td>Tvilling (monocygot)</td></tr><tr><td style=\"white-space:nowrap\">713369009<a name=\"SNOMEDCT-713369009\"> </a></td><td>Live related kidney donor</td><td>Levende familiedonor</td></tr><tr><td style=\"white-space:nowrap\">105457003<a name=\"SNOMEDCT-105457003\"> </a></td><td>Cadaver donor</td><td>Afdød donor</td></tr><tr><td style=\"white-space:nowrap\">713183000<a name=\"SNOMEDCT-713183000\"> </a></td><td>Cadaver donor for kidney transplant</td><td>Afdød donor (Nekronyre)</td></tr><tr><td style=\"white-space:nowrap\">418460001<a name=\"SNOMEDCT-418460001\"> </a></td><td>Bone marrow stromal stem cell</td><td>Bone marrow stromal stem cell</td></tr><tr><td style=\"white-space:nowrap\">419583006<a name=\"SNOMEDCT-419583006\"> </a></td><td>Peripheral blood stem cell</td><td>Peripheral blood stem cell</td></tr></table></div>"},"url":"https://kip.rkkp.dk/fhir/CodeSystem/SNOMEDCT","identifier":[{"system":"urn:ietf:rfc:3986","value":"urn:oid:2.16.840.1.113883.6.96"}],"version":"0.1.8","name":"SNOMEDCT","title":"SNOMED-CT","status":"active","date":"2022-06-07T00:00:00+02:00","publisher":"Sundhedsvæsnets Kvalistetsinstitut with Trifork Digital Health A/S","contact":[{"name":"Sundhedsvæsnets Kvalistetsinstitut with Trifork Digital Health A/S","telecom":[{"system":"url","value":"https://trifork.com"},{"system":"email","value":"rbk@trifork.com"}]}],"description":"SNOMED-CT - Codes used in databases. Link: https://browser.ihtsdotools.org/","caseSensitive":true,"content":"fragment","concept":[{"code":"58158008","display":"Stable","definition":"Stable"},{"code":"64957009","display":"Uncertain","definition":"Uncertain"},{"code":"75134009","display":"Not examined for","definition":"Not examined for"},{"code":"103337004","display":"In partial remission","definition":"In partial remission"},{"code":"103338009","display":"In full remission","definition":"In full remission"},{"code":"255314001","display":"Progressive","definition":"Progressive"},{"code":"278179005","display":"Accelerated phase","definition":"Accelerated phase"},{"code":"278177007","display":"Chronic phase","definition":"Chronic phase"},{"code":"419099009","display":"Dead","definition":"Dead"},{"code":"438949009","display":"Alive","definition":"Alive"},{"code":"303071001","display":"Person in the family","definition":"Person in the family"},{"code":"394863008","display":"Non-family member","definition":"Non-family member"},{"code":"40683002","display":"Parent","definition":"Forælder"},{"code":"375005","display":"Sibling","definition":"Søster/Bror"},{"code":"11286003","display":"Twin sibling","definition":"Tvilling"},{"code":"10896006","display":"Identical twin sibling","definition":"Tvilling (monocygot)"},{"code":"713369009","display":"Live related kidney donor","definition":"Levende familiedonor"},{"code":"105457003","display":"Cadaver donor","definition":"Afdød donor"},{"code":"713183000","display":"Cadaver donor for kidney transplant","definition":"Afdød donor (Nekronyre)"},{"code":"418460001","display":"Bone marrow stromal stem cell","definition":"Bone marrow stromal stem cell"},{"code":"419583006","display":"Peripheral blood stem cell","definition":"Peripheral blood stem cell"}]}