{"resourceType":"CodeSystem","id":"KliniskeSymptomerDCCG","text":{"status":"generated","div":"<div xmlns=\"http://www.w3.org/1999/xhtml\"><p class=\"res-header-id\"><b>Generated Narrative: CodeSystem KliniskeSymptomerDCCG</b></p><a name=\"KliniskeSymptomerDCCG\"> </a><a name=\"hcKliniskeSymptomerDCCG\"> </a><a name=\"KliniskeSymptomerDCCG-en-US\"> </a><p>This  code system <code>https://kip.rkkp.dk/fhir/CodeSystem/KliniskeSymptomerDCCG</code> defines the following codes:</p><table class=\"codes\"><tr><td style=\"white-space:nowrap\"><b>Code</b></td><td><b>Display</b></td><td><b>Definition</b></td></tr><tr><td style=\"white-space:nowrap\">ileus<a name=\"KliniskeSymptomerDCCG-ileus\"> </a></td><td>Ileus</td><td>Ileus</td></tr><tr><td style=\"white-space:nowrap\">spontan_perf<a name=\"KliniskeSymptomerDCCG-spontan_perf\"> </a></td><td>Spontan perforation</td><td>Spontan perforation</td></tr><tr><td style=\"white-space:nowrap\">bloedning<a name=\"KliniskeSymptomerDCCG-bloedning\"> </a></td><td>Blødning</td><td>Blødning</td></tr><tr><td style=\"white-space:nowrap\">endoscopi_foelge<a name=\"KliniskeSymptomerDCCG-endoscopi_foelge\"> </a></td><td>Følge efter endoskopi</td><td>Følge efter endoskopi</td></tr><tr><td style=\"white-space:nowrap\">endoscopi_lokalresek_foelge<a name=\"KliniskeSymptomerDCCG-endoscopi_lokalresek_foelge\"> </a></td><td>Følge efter endoskopisk lokalresektion</td><td>Følge efter endoskopisk lokalresektion</td></tr><tr><td style=\"white-space:nowrap\">stent_foelge<a name=\"KliniskeSymptomerDCCG-stent_foelge\"> </a></td><td>Følge af stentanlæggelse</td><td>Følge af stentanlæggelse</td></tr></table></div>"},"url":"https://kip.rkkp.dk/fhir/CodeSystem/KliniskeSymptomerDCCG","version":"0.1.8","name":"KliniskeSymptomerDCCG","title":"Kliniske symptomer (DCCG)","status":"active","date":"2022-11-09T00:00:00+02:00","publisher":"Sundhedsvæsnets Kvalistetsinstitut with Trifork Digital Health A/S","contact":[{"name":"Sundhedsvæsnets Kvalistetsinstitut with Trifork Digital Health A/S","telecom":[{"system":"url","value":"https://trifork.com"},{"system":"email","value":"rbk@trifork.com"}]}],"description":"Kliniske symptomer (DCCG)","content":"complete","count":6,"concept":[{"code":"ileus","display":"Ileus","definition":"Ileus"},{"code":"spontan_perf","display":"Spontan perforation","definition":"Spontan perforation"},{"code":"bloedning","display":"Blødning","definition":"Blødning"},{"code":"endoscopi_foelge","display":"Følge efter endoskopi","definition":"Følge efter endoskopi"},{"code":"endoscopi_lokalresek_foelge","display":"Følge efter endoskopisk lokalresektion","definition":"Følge efter endoskopisk lokalresektion"},{"code":"stent_foelge","display":"Følge af stentanlæggelse","definition":"Følge af stentanlæggelse"}]}