{"resourceType":"CodeSystem","id":"Regioner","text":{"status":"generated","div":"<div xmlns=\"http://www.w3.org/1999/xhtml\"><p class=\"res-header-id\"><b>Generated Narrative: CodeSystem Regioner</b></p><a name=\"Regioner\"> </a><a name=\"hcRegioner\"> </a><a name=\"Regioner-en-US\"> </a><p>This  code system <code>https://kip.rkkp.dk/fhir/CodeSystem/Regioner</code> defines the following codes:</p><table class=\"codes\"><tr><td style=\"white-space:nowrap\"><b>Code</b></td><td><b>Display</b></td><td><b>Definition</b></td></tr><tr><td style=\"white-space:nowrap\">hovedstaden<a name=\"Regioner-hovedstaden\"> </a></td><td>Hovedstaden</td><td>Hovedstaden</td></tr><tr><td style=\"white-space:nowrap\">midtjylland<a name=\"Regioner-midtjylland\"> </a></td><td>Midtjylland</td><td>Midtjylland</td></tr><tr><td style=\"white-space:nowrap\">nordjylland<a name=\"Regioner-nordjylland\"> </a></td><td>Nordjylland</td><td>Nordjylland</td></tr><tr><td style=\"white-space:nowrap\">sjaelland<a name=\"Regioner-sjaelland\"> </a></td><td>Sjælland</td><td>Sjælland</td></tr><tr><td style=\"white-space:nowrap\">syddanmark<a name=\"Regioner-syddanmark\"> </a></td><td>Syddanmark</td><td>Syddanmark</td></tr></table></div>"},"url":"https://kip.rkkp.dk/fhir/CodeSystem/Regioner","version":"0.1.8","name":"Regioner","title":"Regioner","status":"active","date":"2024-03-13T00:00:00+02:00","publisher":"Sundhedsvæsnets Kvalistetsinstitut with Trifork Digital Health A/S","contact":[{"name":"Sundhedsvæsnets Kvalistetsinstitut with Trifork Digital Health A/S","telecom":[{"system":"url","value":"https://trifork.com"},{"system":"email","value":"rbk@trifork.com"}]}],"description":"Danske regioner","content":"complete","count":5,"concept":[{"code":"hovedstaden","display":"Hovedstaden","definition":"Hovedstaden"},{"code":"midtjylland","display":"Midtjylland","definition":"Midtjylland"},{"code":"nordjylland","display":"Nordjylland","definition":"Nordjylland"},{"code":"sjaelland","display":"Sjælland","definition":"Sjælland"},{"code":"syddanmark","display":"Syddanmark","definition":"Syddanmark"}]}