{"resourceType":"CodeSystem","id":"NIHSS8Sensory","text":{"status":"generated","div":"<div xmlns=\"http://www.w3.org/1999/xhtml\"><p class=\"res-header-id\"><b>Generated Narrative: CodeSystem NIHSS8Sensory</b></p><a name=\"NIHSS8Sensory\"> </a><a name=\"hcNIHSS8Sensory\"> </a><a name=\"NIHSS8Sensory-en-US\"> </a><p>This  code system <code>https://kip.rkkp.dk/fhir/CodeSystem/NIHSS8Sensory</code> defines the following codes:</p><table class=\"codes\"><tr><td style=\"white-space:nowrap\"><b>Code</b></td><td><b>Definition</b></td></tr><tr><td style=\"white-space:nowrap\">0<a name=\"NIHSS8Sensory-0\"> </a></td><td>Normal; no sensory loss.</td></tr><tr><td style=\"white-space:nowrap\">1<a name=\"NIHSS8Sensory-1\"> </a></td><td>Mild-to-moderate sensory loss; patient feels pinprick is less sharp or is dull on the affected side; or there is a loss of superficial pain with pinprick, but patient is aware of being touched.</td></tr><tr><td style=\"white-space:nowrap\">2<a name=\"NIHSS8Sensory-2\"> </a></td><td>Severe to total sensory loss; patient is not aware of being touched in the face, arm, and leg.</td></tr></table></div>"},"url":"https://kip.rkkp.dk/fhir/CodeSystem/NIHSS8Sensory","version":"0.1.8","name":"NIHSS8Sensory","title":"The National Institute of Health Stroke Scale (NIHSS) - 8. Sensory","status":"active","date":"2022-06-23T00:00:00+02:00","publisher":"Sundhedsvæsnets Kvalistetsinstitut with Trifork Digital Health A/S","contact":[{"name":"Sundhedsvæsnets Kvalistetsinstitut with Trifork Digital Health A/S","telecom":[{"system":"url","value":"https://trifork.com"},{"system":"email","value":"rbk@trifork.com"}]}],"description":"The National Institute of Health Stroke Scale (NIHSS) - 8. Sensory; Link: https://www.ninds.nih.gov/stroke-scales-and-related-information","content":"complete","count":3,"concept":[{"code":"0","display":"0","definition":"Normal; no sensory loss."},{"code":"1","display":"1","definition":"Mild-to-moderate sensory loss; patient feels pinprick is less sharp or is dull on the affected side; or there is a loss of superficial pain with pinprick, but patient is aware of being touched."},{"code":"2","display":"2","definition":"Severe to total sensory loss; patient is not aware of being touched in the face, arm, and leg."}]}