{"resourceType":"CodeSystem","id":"SSSEyeMotorSkills","text":{"status":"generated","div":"<div xmlns=\"http://www.w3.org/1999/xhtml\"><p class=\"res-header-id\"><b>Generated Narrative: CodeSystem SSSEyeMotorSkills</b></p><a name=\"SSSEyeMotorSkills\"> </a><a name=\"hcSSSEyeMotorSkills\"> </a><a name=\"SSSEyeMotorSkills-en-US\"> </a><p>This  code system <code>https://kip.rkkp.dk/fhir/CodeSystem/SSSEyeMotorSkills</code> defines the following codes:</p><table class=\"codes\"><tr><td style=\"white-space:nowrap\"><b>Code</b></td><td><b>Definition</b></td></tr><tr><td style=\"white-space:nowrap\">4<a name=\"SSSEyeMotorSkills-4\"> </a></td><td>Parallelle, frie øjenbevægelser. Der må godt foreligge isolerede øjenmuskelpareser på den ene side.</td></tr><tr><td style=\"white-space:nowrap\">2<a name=\"SSSEyeMotorSkills-2\"> </a></td><td>Konjugeret blikparese: Pt. kan ikke dreje øjnene samtidigt til den ene side.</td></tr><tr><td style=\"white-space:nowrap\">0<a name=\"SSSEyeMotorSkills-0\"> </a></td><td>Blikdeviation: Pt.s øjne er tvangsmæssigt drejet til den ene side.</td></tr></table></div>"},"url":"https://kip.rkkp.dk/fhir/CodeSystem/SSSEyeMotorSkills","version":"0.1.8","name":"SSSEyeMotorSkills","title":"Scandinavian Stroke Scale (SSS) - Eye motor skills","status":"active","date":"2022-06-23T00:00:00+02:00","publisher":"Sundhedsvæsnets Kvalistetsinstitut with Trifork Digital Health A/S","contact":[{"name":"Sundhedsvæsnets Kvalistetsinstitut with Trifork Digital Health A/S","telecom":[{"system":"url","value":"https://trifork.com"},{"system":"email","value":"rbk@trifork.com"}]}],"description":"Scandinavian Stroke Scale (SSS) - Eye motor skills: Øjendeviation er ligeledes et dårligt prognostisk tegn.","content":"complete","count":3,"concept":[{"code":"4","display":"4","definition":"Parallelle, frie øjenbevægelser. Der må godt foreligge isolerede øjenmuskelpareser på den ene side."},{"code":"2","display":"2","definition":"Konjugeret blikparese: Pt. kan ikke dreje øjnene samtidigt til den ene side."},{"code":"0","display":"0","definition":"Blikdeviation: Pt.s øjne er tvangsmæssigt drejet til den ene side."}]}