{"resourceType":"CodeSystem","id":"TreatmentType","text":{"status":"generated","div":"<div xmlns=\"http://www.w3.org/1999/xhtml\"><p class=\"res-header-id\"><b>Generated Narrative: CodeSystem TreatmentType</b></p><a name=\"TreatmentType\"> </a><a name=\"hcTreatmentType\"> </a><a name=\"TreatmentType-en-US\"> </a><p>This  code system <code>https://kip.rkkp.dk/fhir/CodeSystem/TreatmentType</code> defines the following codes in an undefined hierarchy:</p><table class=\"codes\"><tr><td><b>Lvl</b></td><td style=\"white-space:nowrap\"><b>Code</b></td><td><b>Display</b></td><td><b>Definition</b></td></tr><tr><td>1</td><td style=\"white-space:nowrap\">endovascular<a name=\"TreatmentType-endovascular\"> </a></td><td>Endovascular</td><td>Endovascular treatment</td></tr><tr><td>2</td><td style=\"white-space:nowrap\">\u00a0\u00a0coil<a name=\"TreatmentType-coil\"> </a></td><td>Coil</td><td>Coil</td></tr><tr><td>2</td><td style=\"white-space:nowrap\">\u00a0\u00a0intrasakkulat<a name=\"TreatmentType-intrasakkulat\"> </a></td><td>Intrasakkulat flowdiversion</td><td>Intrasakkulat flowdiversion</td></tr><tr><td>2</td><td style=\"white-space:nowrap\">\u00a0\u00a0ekstrasakkulat<a name=\"TreatmentType-ekstrasakkulat\"> </a></td><td>Ekstrasakkulat flowdiversion</td><td>Ekstrasakkulat flowdiversion</td></tr><tr><td>1</td><td style=\"white-space:nowrap\">surgical<a name=\"TreatmentType-surgical\"> </a></td><td>Surgical</td><td>Surgical treatment</td></tr><tr><td>1</td><td style=\"white-space:nowrap\">operation<a name=\"TreatmentType-operation\"> </a></td><td>Operation</td><td>Operation</td></tr><tr><td>1</td><td style=\"white-space:nowrap\">radiotherapy<a name=\"TreatmentType-radiotherapy\"> </a></td><td>radiotherapy</td><td>Radiation / Strålebehandling</td></tr><tr><td>1</td><td style=\"white-space:nowrap\">chemotherapy<a name=\"TreatmentType-chemotherapy\"> </a></td><td>Chemoterapy</td><td>Chemotherapy / Kemoterapi</td></tr><tr><td>1</td><td style=\"white-space:nowrap\">chemoradiationtherapy<a name=\"TreatmentType-chemoradiationtherapy\"> </a></td><td>Chemoradiationtherapy</td><td>Chemoradiationtherapy / Kemostråleterapi</td></tr><tr><td>1</td><td style=\"white-space:nowrap\">immunotherapy<a name=\"TreatmentType-immunotherapy\"> </a></td><td>Immunotherapy</td><td>Immunotherapy / Immunterapi</td></tr><tr><td>1</td><td style=\"white-space:nowrap\">neoadjuvant<a name=\"TreatmentType-neoadjuvant\"> </a></td><td>Neoadjuvant</td><td>Neoadjuvant / Neoadjuverende</td></tr><tr><td>1</td><td style=\"white-space:nowrap\">watchfull_waiting<a name=\"TreatmentType-watchfull_waiting\"> </a></td><td>Watchfull waiting</td><td>Watchfull waiting</td></tr><tr><td>1</td><td style=\"white-space:nowrap\">cerclage<a name=\"TreatmentType-cerclage\"> </a></td><td>Cerclage</td><td>Cerclage / SNOMED-CT: 1455007</td></tr><tr><td>1</td><td style=\"white-space:nowrap\">trochantergrip<a name=\"TreatmentType-trochantergrip\"> </a></td><td>Trochantergrip</td><td>Trochantergrip</td></tr><tr><td>1</td><td style=\"white-space:nowrap\">splint<a name=\"TreatmentType-splint\"> </a></td><td>Splint</td><td>Splint / SNOMED-CT: 16650009</td></tr><tr><td>1</td><td style=\"white-space:nowrap\">skinne<a name=\"TreatmentType-skinne\"> </a></td><td>Skinne</td><td>Skinne</td></tr><tr><td>1</td><td style=\"white-space:nowrap\">stem<a name=\"TreatmentType-stem\"> </a></td><td>Stem</td><td>Stem</td></tr><tr><td>1</td><td style=\"white-space:nowrap\">uns<a name=\"TreatmentType-uns\"> </a></td><td>UNS</td><td>UNS</td></tr><tr><td>1</td><td style=\"white-space:nowrap\">retrahere<a name=\"TreatmentType-retrahere\"> </a></td><td>Retrahere</td><td>Retraheret - Tilbagetrækning, skrumpning</td></tr><tr><td>1</td><td style=\"white-space:nowrap\">exidere<a name=\"TreatmentType-exidere\"> </a></td><td>Exidere</td><td>Exideret - Fjerne</td></tr><tr><td>1</td><td style=\"white-space:nowrap\">in_situ<a name=\"TreatmentType-in_situ\"> </a></td><td>Left in situ</td><td>Efterladt in situ</td></tr></table></div>"},"url":"https://kip.rkkp.dk/fhir/CodeSystem/TreatmentType","version":"0.1.8","name":"TreatmentType","title":"Treatment type","status":"active","date":"2022-06-03T00:00:00+02:00","publisher":"Sundhedsvæsnets Kvalistetsinstitut with Trifork Digital Health A/S","contact":[{"name":"Sundhedsvæsnets Kvalistetsinstitut with Trifork Digital Health A/S","telecom":[{"system":"url","value":"https://trifork.com"},{"system":"email","value":"rbk@trifork.com"}]}],"description":"Treatment type","content":"complete","count":21,"concept":[{"code":"endovascular","display":"Endovascular","definition":"Endovascular treatment","concept":[{"code":"coil","display":"Coil","definition":"Coil"},{"code":"intrasakkulat","display":"Intrasakkulat flowdiversion","definition":"Intrasakkulat flowdiversion"},{"code":"ekstrasakkulat","display":"Ekstrasakkulat flowdiversion","definition":"Ekstrasakkulat flowdiversion"}]},{"code":"surgical","display":"Surgical","definition":"Surgical treatment"},{"code":"operation","display":"Operation","definition":"Operation"},{"code":"radiotherapy","display":"radiotherapy","definition":"Radiation / Strålebehandling"},{"code":"chemotherapy","display":"Chemoterapy","definition":"Chemotherapy / Kemoterapi"},{"code":"chemoradiationtherapy","display":"Chemoradiationtherapy","definition":"Chemoradiationtherapy / Kemostråleterapi"},{"code":"immunotherapy","display":"Immunotherapy","definition":"Immunotherapy / Immunterapi"},{"code":"neoadjuvant","display":"Neoadjuvant","definition":"Neoadjuvant / Neoadjuverende"},{"code":"watchfull_waiting","display":"Watchfull waiting","definition":"Watchfull waiting"},{"code":"cerclage","display":"Cerclage","definition":"Cerclage / SNOMED-CT: 1455007"},{"code":"trochantergrip","display":"Trochantergrip","definition":"Trochantergrip"},{"code":"splint","display":"Splint","definition":"Splint / SNOMED-CT: 16650009"},{"code":"skinne","display":"Skinne","definition":"Skinne"},{"code":"stem","display":"Stem","definition":"Stem"},{"code":"uns","display":"UNS","definition":"UNS"},{"code":"retrahere","display":"Retrahere","definition":"Retraheret - Tilbagetrækning, skrumpning"},{"code":"exidere","display":"Exidere","definition":"Exideret - Fjerne"},{"code":"in_situ","display":"Left in situ","definition":"Efterladt in situ"}]}