{"resourceType":"ValueSet","id":"OperationstypePrimaerRevision","text":{"status":"extensions","div":"<div xmlns=\"http://www.w3.org/1999/xhtml\"><p class=\"res-header-id\"><b>Generated Narrative: ValueSet OperationstypePrimaerRevision</b></p><a name=\"OperationstypePrimaerRevision\"> </a><a name=\"hcOperationstypePrimaerRevision\"> </a><a name=\"OperationstypePrimaerRevision-en-US\"> </a><ul><li>Include these codes as defined in <a href=\"CodeSystem-OperationType.html\"><code>https://kip.rkkp.dk/fhir/CodeSystem/OperationType</code></a><table class=\"none\"><tr><td style=\"white-space:nowrap\"><b>Code</b></td><td><b>Display</b></td><td><b>Definition</b></td></tr><tr><td><a href=\"CodeSystem-OperationType.html#OperationType-primary\">primary</a></td><td>Primær</td><td>Primary</td></tr><tr><td><a href=\"CodeSystem-OperationType.html#OperationType-revision\">revision</a></td><td>Revision</td><td>Revision</td></tr></table></li></ul></div>"},"url":"https://kip.rkkp.dk/fhir/ValueSet/OperationstypePrimaerRevision","version":"0.1.8","name":"OperationstypePrimaerRevision","title":"Operationstype (primær/revision)","status":"active","experimental":true,"date":"2022-07-04T00:00:00+02:00","publisher":"Sundhedsvæsnets Kvalistetsinstitut with Trifork Digital Health A/S","contact":[{"name":"Sundhedsvæsnets Kvalistetsinstitut with Trifork Digital Health A/S","telecom":[{"system":"url","value":"https://trifork.com"},{"system":"email","value":"rbk@trifork.com"}]}],"description":"Operationstype (primær/revision)","compose":{"include":[{"system":"https://kip.rkkp.dk/fhir/CodeSystem/OperationType","concept":[{"code":"primary","display":"Primær"},{"code":"revision","display":"Revision"}]}]}}