{"resourceType":"ValueSet","id":"AsaIVkort","text":{"status":"extensions","div":"<div xmlns=\"http://www.w3.org/1999/xhtml\"><p class=\"res-header-id\"><b>Generated Narrative: ValueSet AsaIVkort</b></p><a name=\"AsaIVkort\"> </a><a name=\"hcAsaIVkort\"> </a><a name=\"AsaIVkort-en-US\"> </a><ul><li>Include these codes as defined in <a href=\"CodeSystem-ASAClassification.html\"><code>https://kip.rkkp.dk/fhir/CodeSystem/ASAClassification</code></a><table class=\"none\"><tr><td style=\"white-space:nowrap\"><b>Code</b></td><td><b>Display</b></td><td><b>Definition</b></td></tr><tr><td><a href=\"CodeSystem-ASAClassification.html#ASAClassification-asai\">asai</a></td><td>ASA I</td><td>A normal healthy patient</td></tr><tr><td><a href=\"CodeSystem-ASAClassification.html#ASAClassification-asaii\">asaii</a></td><td>ASA II</td><td>A patient with mild systemic disease</td></tr><tr><td><a href=\"CodeSystem-ASAClassification.html#ASAClassification-asaiii\">asaiii</a></td><td>ASA III</td><td>A patient with severe systemic disease</td></tr><tr><td><a href=\"CodeSystem-ASAClassification.html#ASAClassification-asaiv\">asaiv</a></td><td>ASA IV</td><td>A patient with severe systemic disease that is a constant threat to life</td></tr><tr><td><a href=\"CodeSystem-ASAClassification.html#ASAClassification-asav\">asav</a></td><td>ASA V</td><td>A moribund patient who is not expected to survive without the operation</td></tr></table></li></ul></div>"},"url":"https://kip.rkkp.dk/fhir/ValueSet/AsaIVkort","version":"0.1.8","name":"AsaIVkort","title":"ASA klassifikation I-V Kort","status":"active","experimental":true,"date":"2022-10-19T00:00:00+02:00","publisher":"Sundhedsvæsnets Kvalistetsinstitut with Trifork Digital Health A/S","contact":[{"name":"Sundhedsvæsnets Kvalistetsinstitut with Trifork Digital Health A/S","telecom":[{"system":"url","value":"https://trifork.com"},{"system":"email","value":"rbk@trifork.com"}]}],"description":"ASA klassifikation: De udvalgte koder for ASA fra I-V i kort version","compose":{"include":[{"system":"https://kip.rkkp.dk/fhir/CodeSystem/ASAClassification","concept":[{"code":"asai","display":"ASA I"},{"code":"asaii","display":"ASA II"},{"code":"asaiii","display":"ASA III"},{"code":"asaiv","display":"ASA IV"},{"code":"asav","display":"ASA V"}]}]}}