{"resourceType":"ValueSet","id":"KorsbaandEjBevaret","text":{"status":"extensions","div":"<div xmlns=\"http://www.w3.org/1999/xhtml\"><p class=\"res-header-id\"><b>Generated Narrative: ValueSet KorsbaandEjBevaret</b></p><a name=\"KorsbaandEjBevaret\"> </a><a name=\"hcKorsbaandEjBevaret\"> </a><a name=\"KorsbaandEjBevaret-en-US\"> </a><ul><li>Include these codes as defined in <a href=\"CodeSystem-KorsbaandEjBevaret.html\"><code>https://kip.rkkp.dk/fhir/CodeSystem/KorsbaandEjBevaret</code></a><table class=\"none\"><tr><td style=\"white-space:nowrap\"><b>Code</b></td><td><b>Display</b></td><td><b>Definition</b></td></tr><tr><td><a href=\"CodeSystem-KorsbaandEjBevaret.html#KorsbaandEjBevaret-ofret\">ofret</a></td><td>Ofret ved kirurgi</td><td>Ofret ved kirurgi</td></tr><tr><td><a href=\"CodeSystem-KorsbaandEjBevaret.html#KorsbaandEjBevaret-fravaerende\">fravaerende</a></td><td>Fraværende</td><td>Fraværende</td></tr><tr><td><a href=\"CodeSystem-KorsbaandEjBevaret.html#KorsbaandEjBevaret-beskadiget\">beskadiget</a></td><td>Beskadiget</td><td>Beskadiget</td></tr></table></li></ul></div>"},"url":"https://kip.rkkp.dk/fhir/ValueSet/KorsbaandEjBevaret","version":"0.1.8","name":"KorsbaandEjBevaret","title":"Korsbånd ikke bevaret","status":"active","experimental":true,"date":"2023-12-18T00:00:00+02:00","publisher":"Sundhedsvæsnets Kvalistetsinstitut with Trifork Digital Health A/S","contact":[{"name":"Sundhedsvæsnets Kvalistetsinstitut with Trifork Digital Health A/S","telecom":[{"system":"url","value":"https://trifork.com"},{"system":"email","value":"rbk@trifork.com"}]}],"description":"Korsbånd ikke bevaret efter operation","compose":{"include":[{"system":"https://kip.rkkp.dk/fhir/CodeSystem/KorsbaandEjBevaret","concept":[{"code":"ofret","display":"Ofret ved kirurgi"},{"code":"fravaerende","display":"Fraværende"},{"code":"beskadiget","display":"Beskadiget"}]}]}}