{"resourceType":"ValueSet","id":"OperationstypeLYFO","text":{"status":"extensions","div":"<div xmlns=\"http://www.w3.org/1999/xhtml\"><p class=\"res-header-id\"><b>Generated Narrative: ValueSet OperationstypeLYFO</b></p><a name=\"OperationstypeLYFO\"> </a><a name=\"hcOperationstypeLYFO\"> </a><a name=\"OperationstypeLYFO-en-US\"> </a><p>This value set includes codes based on the following rules:</p><ul><li>Include these codes as defined in <a href=\"CodeSystem-GenericValues.html\"><code>https://kip.rkkp.dk/fhir/CodeSystem/GenericValues</code></a><table class=\"none\"><tr><td style=\"white-space:nowrap\"><b>Code</b></td><td><b>Display</b></td><td><b>Definition</b></td></tr><tr><td><a href=\"CodeSystem-GenericValues.html#GenericValues-none\">none</a></td><td>Ingen kirurgi</td><td>None - used to choose none of the available values</td></tr><tr><td><a href=\"CodeSystem-GenericValues.html#GenericValues-other\">other</a></td><td>Anden kirurgi</td><td>Other - used to choose unspecific value not in a valueset</td></tr></table></li><li>Include these codes as defined in <a href=\"CodeSystem-OperationType.html\"><code>https://kip.rkkp.dk/fhir/CodeSystem/OperationType</code></a><table class=\"none\"><tr><td style=\"white-space:nowrap\"><b>Code</b></td><td><b>Display</b></td><td><b>Definition</b></td></tr><tr><td><a href=\"CodeSystem-OperationType.html#OperationType-extirpation\">extirpation</a></td><td>Lymfom extirpation (-&gt; tumormængde reduceret betydeligt)</td><td>Extirpation / Ekstirpation / SNOMED-CT: 360020006</td></tr></table></li><li>Include these codes as defined in <a href=\"CodeSystem-SKS.html\"><code>https://kip.rkkp.dk/fhir/CodeSystem/SKS</code></a><table class=\"none\"><tr><td style=\"white-space:nowrap\"><b>Code</b></td><td><b>Display</b></td><td><b>Definition</b></td></tr><tr><td><a href=\"CodeSystem-SKS.html#SKS-KJMA\">KJMA</a></td><td>Splenektomi</td><td>KJMA - Splenektomier</td></tr></table></li></ul></div>"},"url":"https://kip.rkkp.dk/fhir/ValueSet/OperationstypeLYFO","version":"0.1.8","name":"OperationstypeLYFO","title":"Operationstype - kirurgi (LYFO)","status":"active","experimental":true,"date":"2022-07-18T00:00:00+02:00","publisher":"Sundhedsvæsnets Kvalistetsinstitut with Trifork Digital Health A/S","contact":[{"name":"Sundhedsvæsnets Kvalistetsinstitut with Trifork Digital Health A/S","telecom":[{"system":"url","value":"https://trifork.com"},{"system":"email","value":"rbk@trifork.com"}]}],"description":"Operationstype - kirurgi (LYFO)","compose":{"include":[{"system":"https://kip.rkkp.dk/fhir/CodeSystem/GenericValues","concept":[{"code":"none","display":"Ingen kirurgi"},{"code":"other","display":"Anden kirurgi"}]},{"system":"https://kip.rkkp.dk/fhir/CodeSystem/OperationType","concept":[{"code":"extirpation","display":"Lymfom extirpation (-> tumormængde reduceret betydeligt)"}]},{"system":"https://kip.rkkp.dk/fhir/CodeSystem/SKS","concept":[{"code":"KJMA","display":"Splenektomi"}]}]}}