{"resourceType":"ValueSet","id":"SSSGang","text":{"status":"extensions","div":"<div xmlns=\"http://www.w3.org/1999/xhtml\"><p class=\"res-header-id\"><b>Generated Narrative: ValueSet SSSGang</b></p><a name=\"SSSGang\"> </a><a name=\"hcSSSGang\"> </a><a name=\"SSSGang-en-US\"> </a><ul><li>Include these codes as defined in <a href=\"CodeSystem-SSSWalk.html\"><code>https://kip.rkkp.dk/fhir/CodeSystem/SSSWalk</code></a><table class=\"none\"><tr><td style=\"white-space:nowrap\"><b>Code</b></td><td><b>Display</b></td><td><b>Definition</b></td></tr><tr><td><a href=\"CodeSystem-SSSWalk.html#SSSWalk-12\">12</a></td><td>12: går 5 m uden hjælpemidler</td><td>Pt. kan gå mindst 5 m uden hjælpemidler.</td></tr><tr><td><a href=\"CodeSystem-SSSWalk.html#SSSWalk-9\">9</a></td><td>9: går med hjælpemidler</td><td>Pt. kan gå mindst 5 m med hjælpemidler.</td></tr><tr><td><a href=\"CodeSystem-SSSWalk.html#SSSWalk-6\">6</a></td><td>6: går med personstøtte</td><td>Pt. kan gå mindst 5 m med personstøtte.</td></tr><tr><td><a href=\"CodeSystem-SSSWalk.html#SSSWalk-3\">3</a></td><td>3: går ikke, sidder uden støtte</td><td>Pt. kan sidde uden støtte.</td></tr><tr><td><a href=\"CodeSystem-SSSWalk.html#SSSWalk-0\">0</a></td><td>0: seng eller kørestolsbunden</td><td>Sengebunden eller i kørestol med støtte.</td></tr></table></li></ul></div>"},"url":"https://kip.rkkp.dk/fhir/ValueSet/SSSGang","version":"0.1.8","name":"SSSGang","title":"Scandinavian Stroke Scale - Gang","status":"active","experimental":true,"date":"2022-06-23T00:00:00+02:00","publisher":"Sundhedsvæsnets Kvalistetsinstitut with Trifork Digital Health A/S","contact":[{"name":"Sundhedsvæsnets Kvalistetsinstitut with Trifork Digital Health A/S","telecom":[{"system":"url","value":"https://trifork.com"},{"system":"email","value":"rbk@trifork.com"}]}],"description":"Scandinavian Stroke Scale - Gang","compose":{"include":[{"system":"https://kip.rkkp.dk/fhir/CodeSystem/SSSWalk","concept":[{"code":"12","display":"12: går 5 m uden hjælpemidler"},{"code":"9","display":"9: går med hjælpemidler"},{"code":"6","display":"6: går med personstøtte"},{"code":"3","display":"3: går ikke, sidder uden støtte"},{"code":"0","display":"0: seng eller kørestolsbunden"}]}]}}