{"resourceType":"ValueSet","id":"MeshPlaceringDHDB","text":{"status":"extensions","div":"<div xmlns=\"http://www.w3.org/1999/xhtml\"><p class=\"res-header-id\"><b>Generated Narrative: ValueSet MeshPlaceringDHDB</b></p><a name=\"MeshPlaceringDHDB\"> </a><a name=\"hcMeshPlaceringDHDB\"> </a><a name=\"MeshPlaceringDHDB-en-US\"> </a><p>This value set includes codes based on the following rules:</p><ul><li>Include these codes as defined in <a href=\"CodeSystem-MeshPlacement.html\"><code>https://kip.rkkp.dk/fhir/CodeSystem/MeshPlacement</code></a><table class=\"none\"><tr><td style=\"white-space:nowrap\"><b>Code</b></td><td><b>Display</b></td><td><b>Definition</b></td></tr><tr><td><a href=\"CodeSystem-MeshPlacement.html#MeshPlacement-onlay\">onlay</a></td><td>Onlay</td><td>Onlay</td></tr><tr><td><a href=\"CodeSystem-MeshPlacement.html#MeshPlacement-inlay\">inlay</a></td><td>Inlay</td><td>Inlay</td></tr><tr><td><a href=\"CodeSystem-MeshPlacement.html#MeshPlacement-sublay\">sublay</a></td><td>Sublay</td><td>Sublay</td></tr><tr><td><a href=\"CodeSystem-MeshPlacement.html#MeshPlacement-retromuscular_preperitoneal\">retromuscular_preperitoneal</a></td><td>Retromuskulær + præperitoneal</td><td>Retromuskulær + præperitoneal</td></tr><tr><td><a href=\"CodeSystem-MeshPlacement.html#MeshPlacement-preperitoneal\">preperitoneal</a></td><td>Præperitoneal</td><td>Præperitoneal</td></tr><tr><td><a href=\"CodeSystem-MeshPlacement.html#MeshPlacement-intraperitoneal\">intraperitoneal</a></td><td>Intraperitoneal</td><td>Intraperitoneal</td></tr></table></li><li>Include these codes as defined in <a href=\"CodeSystem-GenericValues.html\"><code>https://kip.rkkp.dk/fhir/CodeSystem/GenericValues</code></a><table class=\"none\"><tr><td style=\"white-space:nowrap\"><b>Code</b></td><td><b>Display</b></td><td><b>Definition</b></td></tr><tr><td><a href=\"CodeSystem-GenericValues.html#GenericValues-other\">other</a></td><td>Anden placering</td><td>Other - used to choose unspecific value not in a valueset</td></tr></table></li></ul></div>"},"url":"https://kip.rkkp.dk/fhir/ValueSet/MeshPlaceringDHDB","version":"0.1.8","name":"MeshPlaceringDHDB","title":"Mesh placering (DHDB)","status":"active","experimental":true,"date":"2022-07-20T00:00:00+02:00","publisher":"Sundhedsvæsnets Kvalistetsinstitut with Trifork Digital Health A/S","contact":[{"name":"Sundhedsvæsnets Kvalistetsinstitut with Trifork Digital Health A/S","telecom":[{"system":"url","value":"https://trifork.com"},{"system":"email","value":"rbk@trifork.com"}]}],"description":"Mesh Placering (DHDB)","compose":{"include":[{"system":"https://kip.rkkp.dk/fhir/CodeSystem/MeshPlacement","concept":[{"code":"onlay","display":"Onlay"},{"code":"inlay","display":"Inlay"},{"code":"sublay","display":"Sublay"},{"code":"retromuscular_preperitoneal","display":"Retromuskulær + præperitoneal"},{"code":"preperitoneal","display":"Præperitoneal"},{"code":"intraperitoneal","display":"Intraperitoneal"}]},{"system":"https://kip.rkkp.dk/fhir/CodeSystem/GenericValues","concept":[{"code":"other","display":"Anden placering"}]}]}}