{"resourceType":"ValueSet","id":"UndersoegelsesTypeDUGA","text":{"status":"extensions","div":"<div xmlns=\"http://www.w3.org/1999/xhtml\"><p class=\"res-header-id\"><b>Generated Narrative: ValueSet UndersoegelsesTypeDUGA</b></p><a name=\"UndersoegelsesTypeDUGA\"> </a><a name=\"hcUndersoegelsesTypeDUGA\"> </a><a name=\"UndersoegelsesTypeDUGA-en-US\"> </a><ul><li>Include these codes as defined in <a href=\"CodeSystem-UndersoegelsesTypeDUGA.html\"><code>https://kip.rkkp.dk/fhir/CodeSystem/UndersoegelsesTypeDUGA</code></a><table class=\"none\"><tr><td style=\"white-space:nowrap\"><b>Code</b></td><td><b>Display</b></td><td><b>Definition</b></td></tr><tr><td><a href=\"CodeSystem-UndersoegelsesTypeDUGA.html#UndersoegelsesTypeDUGA-urin_inkontinens\">urin_inkontinens</a></td><td>Urin inkontinens</td><td>Urin inkontinens</td></tr><tr><td><a href=\"CodeSystem-UndersoegelsesTypeDUGA.html#UndersoegelsesTypeDUGA-genital_prolaps\">genital_prolaps</a></td><td>Genital prolaps</td><td>Genital prolaps</td></tr></table></li></ul></div>"},"url":"https://kip.rkkp.dk/fhir/ValueSet/UndersoegelsesTypeDUGA","version":"0.1.8","name":"UndersoegelsesTypeDUGA","title":"Undersøgelsestype (DUGA)","status":"active","experimental":true,"date":"2024-03-06T00:00:00+02:00","publisher":"Sundhedsvæsnets Kvalistetsinstitut with Trifork Digital Health A/S","contact":[{"name":"Sundhedsvæsnets Kvalistetsinstitut with Trifork Digital Health A/S","telecom":[{"system":"url","value":"https://trifork.com"},{"system":"email","value":"rbk@trifork.com"}]}],"description":"Undersøgelsestype (DUGA)","compose":{"include":[{"system":"https://kip.rkkp.dk/fhir/CodeSystem/UndersoegelsesTypeDUGA","concept":[{"code":"urin_inkontinens","display":"Urin inkontinens"},{"code":"genital_prolaps","display":"Genital prolaps"}]}]}}