{"resourceType":"ValueSet","id":"AnastomoseLaekageGradingering","text":{"status":"extensions","div":"<div xmlns=\"http://www.w3.org/1999/xhtml\"><p class=\"res-header-id\"><b>Generated Narrative: ValueSet AnastomoseLaekageGradingering</b></p><a name=\"AnastomoseLaekageGradingering\"> </a><a name=\"hcAnastomoseLaekageGradingering\"> </a><a name=\"AnastomoseLaekageGradingering-en-US\"> </a><ul><li>Include these codes as defined in <a href=\"CodeSystem-AnastomosisLeakGrading.html\"><code>https://kip.rkkp.dk/fhir/CodeSystem/AnastomosisLeakGrading</code></a><table class=\"none\"><tr><td style=\"white-space:nowrap\"><b>Code</b></td><td><b>Display</b></td><td><b>Definition</b></td></tr><tr><td><a href=\"CodeSystem-AnastomosisLeakGrading.html#AnastomosisLeakGrading-grade_a\">grade_a</a></td><td>Grade A - subklinisk/radiologisk</td><td>Grad A - Kræver ikke nogen form for aktiv terapeutisk behandling</td></tr><tr><td><a href=\"CodeSystem-AnastomosisLeakGrading.html#AnastomosisLeakGrading-grade_b\">grade_b</a></td><td>Grade B - klinisk lokal peritonit</td><td>Grad B - Kræver aktiv terapeutisk behandling men ikke re-labaroskopi eller re-laparotomi</td></tr><tr><td><a href=\"CodeSystem-AnastomosisLeakGrading.html#AnastomosisLeakGrading-grade_c\">grade_c</a></td><td>Grade C - klinisk generaliseret peritonit</td><td>Grad C - Kræver aktiv terapeutisk behandling med re-labaroskopi eller re-laparotomi</td></tr></table></li></ul></div>"},"url":"https://kip.rkkp.dk/fhir/ValueSet/AnastomoseLaekageGradingering","version":"0.1.8","name":"AnastomoseLaekageGradingering","title":"AnastomoseLaekage gradingering","status":"retired","experimental":true,"date":"2022-10-19T00:00:00+02:00","publisher":"Sundhedsvæsnets Kvalistetsinstitut with Trifork Digital Health A/S","contact":[{"name":"Sundhedsvæsnets Kvalistetsinstitut with Trifork Digital Health A/S","telecom":[{"system":"url","value":"https://trifork.com"},{"system":"email","value":"rbk@trifork.com"}]}],"description":"AnastomoseLaekage gradingering","compose":{"include":[{"system":"https://kip.rkkp.dk/fhir/CodeSystem/AnastomosisLeakGrading","concept":[{"code":"grade_a","display":"Grade A - subklinisk/radiologisk"},{"code":"grade_b","display":"Grade B - klinisk lokal peritonit"},{"code":"grade_c","display":"Grade C - klinisk generaliseret peritonit"}]}]}}