{"resourceType":"ValueSet","id":"NIHSS4Facialisparese","text":{"status":"extensions","div":"<div xmlns=\"http://www.w3.org/1999/xhtml\"><p class=\"res-header-id\"><b>Generated Narrative: ValueSet NIHSS4Facialisparese</b></p><a name=\"NIHSS4Facialisparese\"> </a><a name=\"hcNIHSS4Facialisparese\"> </a><a name=\"NIHSS4Facialisparese-en-US\"> </a><ul><li>Include these codes as defined in <a href=\"CodeSystem-NIHSS4FacialPalsy.html\"><code>https://kip.rkkp.dk/fhir/CodeSystem/NIHSS4FacialPalsy</code></a><table class=\"none\"><tr><td style=\"white-space:nowrap\"><b>Code</b></td><td><b>Display</b></td><td><b>Definition</b></td></tr><tr><td><a href=\"CodeSystem-NIHSS4FacialPalsy.html#NIHSS4FacialPalsy-0\">0</a></td><td>0 = Normale, symmetriske ansigtsbevægelser</td><td>Normal symmetrical movements.</td></tr><tr><td><a href=\"CodeSystem-NIHSS4FacialPalsy.html#NIHSS4FacialPalsy-1\">1</a></td><td>1 = Let parese (udglattet nasolabialfure eller asymmetri ved smil)</td><td>Minor paralysis (flattened nasolabial fold, asymmetry on smiling).</td></tr><tr><td><a href=\"CodeSystem-NIHSS4FacialPalsy.html#NIHSS4FacialPalsy-2\">2</a></td><td>2 = Partiel parese (svær eller total parese af nedre ansigtshalvdel)</td><td>Partial paralysis (total or near-total paralysis of lower face).</td></tr><tr><td><a href=\"CodeSystem-NIHSS4FacialPalsy.html#NIHSS4FacialPalsy-3\">3</a></td><td>3 = Total paralyse af én eller begge sider</td><td>Complete paralysis of one or both sides (absence of facial movement in the upper and lower face).</td></tr></table></li></ul></div>"},"url":"https://kip.rkkp.dk/fhir/ValueSet/NIHSS4Facialisparese","version":"0.1.8","name":"NIHSS4Facialisparese","title":"NIHSS - 4. Facialisparese","status":"active","experimental":true,"date":"2022-06-27T00:00:00+02:00","publisher":"Sundhedsvæsnets Kvalistetsinstitut with Trifork Digital Health A/S","contact":[{"name":"Sundhedsvæsnets Kvalistetsinstitut with Trifork Digital Health A/S","telecom":[{"system":"url","value":"https://trifork.com"},{"system":"email","value":"rbk@trifork.com"}]}],"description":"The National Institute of Health Stroke Scale (NIHSS) - 4. Facialisparese (bed patienten om at vise tænder/løfte øjenbryn og lukke øjnene fast i)","compose":{"include":[{"system":"https://kip.rkkp.dk/fhir/CodeSystem/NIHSS4FacialPalsy","concept":[{"code":"0","display":"0 = Normale, symmetriske ansigtsbevægelser"},{"code":"1","display":"1 = Let parese (udglattet nasolabialfure eller asymmetri ved smil)"},{"code":"2","display":"2 = Partiel parese (svær eller total parese af nedre ansigtshalvdel)"},{"code":"3","display":"3 = Total paralyse af én eller begge sider"}]}]}}