{"resourceType":"ValueSet","id":"NIHSS5FunktionArm","text":{"status":"extensions","div":"<div xmlns=\"http://www.w3.org/1999/xhtml\"><p class=\"res-header-id\"><b>Generated Narrative: ValueSet NIHSS5FunktionArm</b></p><a name=\"NIHSS5FunktionArm\"> </a><a name=\"hcNIHSS5FunktionArm\"> </a><a name=\"NIHSS5FunktionArm-en-US\"> </a><ul><li>Include these codes as defined in <a href=\"CodeSystem-NIHSS5MotorArm.html\"><code>https://kip.rkkp.dk/fhir/CodeSystem/NIHSS5MotorArm</code></a><table class=\"none\"><tr><td style=\"white-space:nowrap\"><b>Code</b></td><td><b>Display</b></td><td><b>Definition</b></td></tr><tr><td><a href=\"CodeSystem-NIHSS5MotorArm.html#NIHSS5MotorArm-0\">0</a></td><td>0 = Ingen nedsynkning</td><td>No drift; limb holds 90 (or 45) degrees for full 10 seconds.</td></tr><tr><td><a href=\"CodeSystem-NIHSS5MotorArm.html#NIHSS5MotorArm-1\">1</a></td><td>1 = Nedsynkning, men ikke til underlag</td><td>Drift; limb holds 90 (or 45) degrees, but drifts down before full 10 seconds; does not hit bed or other support.</td></tr><tr><td><a href=\"CodeSystem-NIHSS5MotorArm.html#NIHSS5MotorArm-2\">2</a></td><td>2 = Nogen kraft mod tyngde</td><td>Some effort against gravity; limb cannot get to or maintain (if cued) 90 (or 45) degrees, drifts down to bed, but has some effort against gravity.</td></tr><tr><td><a href=\"CodeSystem-NIHSS5MotorArm.html#NIHSS5MotorArm-3\">3</a></td><td>3 = Falder til underlag</td><td>No effort against gravity; limb falls.</td></tr><tr><td><a href=\"CodeSystem-NIHSS5MotorArm.html#NIHSS5MotorArm-4\">4</a></td><td>4 = Ingen bevægelse</td><td>No movement.</td></tr><tr><td><a href=\"CodeSystem-NIHSS5MotorArm.html#NIHSS5MotorArm-UN\">UN</a></td><td>5 = Kan ikke testes (amputation/stivgjort led/andet)</td><td>Amputation or joint fusion, explain:</td></tr></table></li></ul></div>"},"url":"https://kip.rkkp.dk/fhir/ValueSet/NIHSS5FunktionArm","version":"0.1.8","name":"NIHSS5FunktionArm","title":"NIHSS - 5. Motorisk funktion i arm","status":"active","experimental":true,"date":"2022-06-27T00:00:00+02:00","publisher":"Sundhedsvæsnets Kvalistetsinstitut with Trifork Digital Health A/S","contact":[{"name":"Sundhedsvæsnets Kvalistetsinstitut with Trifork Digital Health A/S","telecom":[{"system":"url","value":"https://trifork.com"},{"system":"email","value":"rbk@trifork.com"}]}],"description":"The National Institute of Health Stroke Scale (NIHSS) - 5. Motorisk funktion i arm","compose":{"include":[{"system":"https://kip.rkkp.dk/fhir/CodeSystem/NIHSS5MotorArm","concept":[{"code":"0","display":"0 = Ingen nedsynkning"},{"code":"1","display":"1 = Nedsynkning, men ikke til underlag"},{"code":"2","display":"2 = Nogen kraft mod tyngde"},{"code":"3","display":"3 = Falder til underlag"},{"code":"4","display":"4 = Ingen bevægelse"},{"code":"UN","display":"5 = Kan ikke testes (amputation/stivgjort led/andet)"}]}]}}