{"resourceType":"ValueSet","id":"UrniLaekDUGA","text":{"status":"extensions","div":"<div xmlns=\"http://www.w3.org/1999/xhtml\"><p class=\"res-header-id\"><b>Generated Narrative: ValueSet UrniLaekDUGA</b></p><a name=\"UrniLaekDUGA\"> </a><a name=\"hcUrniLaekDUGA\"> </a><a name=\"UrniLaekDUGA-en-US\"> </a><ul><li>Include these codes as defined in <a href=\"CodeSystem-HaendelseIndtraeffer.html\"><code>https://kip.rkkp.dk/fhir/CodeSystem/HaendelseIndtraeffer</code></a><table class=\"none\"><tr><td style=\"white-space:nowrap\"><b>Code</b></td><td><b>Display</b></td><td><b>Definition</b></td></tr><tr><td><a href=\"CodeSystem-HaendelseIndtraeffer.html#HaendelseIndtraeffer-aldrig\">aldrig</a></td><td>Lækker aldrig urin</td><td>Aldrig</td></tr><tr><td><a href=\"CodeSystem-HaendelseIndtraeffer.html#HaendelseIndtraeffer-inden-toilet\">inden-toilet</a></td><td>Lækker før jeg kan nå på toilettet</td><td>Inden toilet</td></tr><tr><td><a href=\"CodeSystem-HaendelseIndtraeffer.html#HaendelseIndtraeffer-hoste\">hoste</a></td><td>Lækker når jeg hoster eller nyser</td><td>Ved hoste</td></tr><tr><td><a href=\"CodeSystem-HaendelseIndtraeffer.html#HaendelseIndtraeffer-sover\">sover</a></td><td>Lækker når jeg sover</td><td>Sover</td></tr><tr><td><a href=\"CodeSystem-HaendelseIndtraeffer.html#HaendelseIndtraeffer-aktiv\">aktiv</a></td><td>Lækker når jeg er fysisk aktiv</td><td>Fysisk aktiv</td></tr><tr><td><a href=\"CodeSystem-HaendelseIndtraeffer.html#HaendelseIndtraeffer-efter-toilet\">efter-toilet</a></td><td>Lækker når jeg er færdig med at lade vandet og har fået tøj på</td><td>Efter toilet</td></tr><tr><td><a href=\"CodeSystem-HaendelseIndtraeffer.html#HaendelseIndtraeffer-uden-grund\">uden-grund</a></td><td>Lækker uden nogen grund</td><td>Uden grund</td></tr><tr><td><a href=\"CodeSystem-HaendelseIndtraeffer.html#HaendelseIndtraeffer-altid\">altid</a></td><td>Lækker hele tiden</td><td>Hele tiden</td></tr></table></li></ul></div>"},"url":"https://kip.rkkp.dk/fhir/ValueSet/UrniLaekDUGA","version":"0.1.8","name":"UrniLaekDUGA","title":"Urin lækker (DUGA)","status":"active","experimental":true,"date":"2024-02-13T00:00:00+02:00","publisher":"Sundhedsvæsnets Kvalistetsinstitut with Trifork Digital Health A/S","contact":[{"name":"Sundhedsvæsnets Kvalistetsinstitut with Trifork Digital Health A/S","telecom":[{"system":"url","value":"https://trifork.com"},{"system":"email","value":"rbk@trifork.com"}]}],"description":"Hvornår lækker urin (DUGA)","compose":{"include":[{"system":"https://kip.rkkp.dk/fhir/CodeSystem/HaendelseIndtraeffer","concept":[{"code":"aldrig","display":"Lækker aldrig urin"},{"code":"inden-toilet","display":"Lækker før jeg kan nå på toilettet"},{"code":"hoste","display":"Lækker når jeg hoster eller nyser"},{"code":"sover","display":"Lækker når jeg sover"},{"code":"aktiv","display":"Lækker når jeg er fysisk aktiv"},{"code":"efter-toilet","display":"Lækker når jeg er færdig med at lade vandet og har fået tøj på"},{"code":"uden-grund","display":"Lækker uden nogen grund"},{"code":"altid","display":"Lækker hele tiden"}]}]}}