<?xml version="1.0" encoding="UTF-8"?>

<CodeSystem xmlns="http://hl7.org/fhir">
  <id value="Alchohol"/>
  <text>
    <status value="generated"/><div xmlns="http://www.w3.org/1999/xhtml"><p class="res-header-id"><b>Generated Narrative: CodeSystem Alchohol</b></p><a name="Alchohol"> </a><a name="hcAlchohol"> </a><a name="Alchohol-en-US"> </a><p>This  code system <code>https://kip.rkkp.dk/fhir/CodeSystem/Alchohol</code> defines the following codes:</p><table class="codes"><tr><td style="white-space:nowrap"><b>Code</b></td><td><b>Display</b></td><td><b>Definition</b></td></tr><tr><td style="white-space:nowrap">0<a name="Alchohol-0"> </a></td><td>0</td><td>Ingen alkohol</td></tr><tr><td style="white-space:nowrap">le7/14<a name="Alchohol-le7.4714"> </a></td><td>7/14 genstande eller færre</td><td>Under eller lig 7/14 genstande per uge (kvinde/mand)</td></tr><tr><td style="white-space:nowrap">gt7/14<a name="Alchohol-gt7.4714"> </a></td><td>OVer 7/14 genstande</td><td>Over 7/14 genstande per uge (kvinde/mand)</td></tr><tr><td style="white-space:nowrap">0-10<a name="Alchohol-0-10"> </a></td><td>0-10 genstande pr. uge</td><td>0-10 genstande pr. uge</td></tr><tr><td style="white-space:nowrap">gte11<a name="Alchohol-gte11"> </a></td><td>Over 11 genstande pr. uge</td><td>Over 11 genstande pr. uge</td></tr><tr><td style="white-space:nowrap">1-21<a name="Alchohol-1-21"> </a></td><td>1-21</td><td>1-21 genstande per uge</td></tr><tr><td style="white-space:nowrap">gt21<a name="Alchohol-gt21"> </a></td><td>&gt;21</td><td>Mere end 21 genstande per uge</td></tr></table></div>
  </text>
  <url value="https://kip.rkkp.dk/fhir/CodeSystem/Alchohol"/>
  <version value="0.2.1"/>
  <name value="Alchohol"/>
  <title value="Alchohol"/>
  <status value="active"/>
  <date value="2022-05-31T00:00:00+02:00"/>
  <publisher value="Sundhedsvæsnets Kvalistetsinstitut with Trifork Digital Health A/S"/>
  <contact>
    <name value="Sundhedsvæsnets Kvalistetsinstitut with Trifork Digital Health A/S"/>
    <telecom>
      <system value="url"/>
      <value value="https://trifork.com"/>
    </telecom>
    <telecom>
      <system value="email"/>
      <value value="rbk@trifork.com"/>
    </telecom>
  </contact>
  <description value="Healthfactor alchohol"/>
  <content value="complete"/>
  <count value="7"/>
  <concept>
    <code value="0"/>
    <display value="0"/>
    <definition value="Ingen alkohol"/>
  </concept>
  <concept>
    <code value="le7/14"/>
    <display value="7/14 genstande eller færre"/>
    <definition value="Under eller lig 7/14 genstande per uge (kvinde/mand)"/>
  </concept>
  <concept>
    <code value="gt7/14"/>
    <display value="OVer 7/14 genstande"/>
    <definition value="Over 7/14 genstande per uge (kvinde/mand)"/>
  </concept>
  <concept>
    <code value="0-10"/>
    <display value="0-10 genstande pr. uge"/>
    <definition value="0-10 genstande pr. uge"/>
  </concept>
  <concept>
    <code value="gte11"/>
    <display value="Over 11 genstande pr. uge"/>
    <definition value="Over 11 genstande pr. uge"/>
  </concept>
  <concept>
    <code value="1-21"/>
    <display value="1-21"/>
    <definition value="1-21 genstande per uge"/>
  </concept>
  <concept>
    <code value="gt21"/>
    <display value="&gt;21"/>
    <definition value="Mere end 21 genstande per uge"/>
  </concept>
</CodeSystem>