<?xml version="1.0" encoding="UTF-8"?>

<CodeSystem xmlns="http://hl7.org/fhir">
  <id value="CytogeneticChanges"/>
  <text>
    <status value="generated"/><div xmlns="http://www.w3.org/1999/xhtml"><p class="res-header-id"><b>Generated Narrative: CodeSystem CytogeneticChanges</b></p><a name="CytogeneticChanges"> </a><a name="hcCytogeneticChanges"> </a><a name="CytogeneticChanges-en-US"> </a><p>This case-insensitive code system <code>https://kip.rkkp.dk/fhir/CodeSystem/CytogeneticChanges</code> defines the following codes:</p><table class="codes"><tr><td style="white-space:nowrap"><b>Code</b></td><td><b>Display</b></td><td><b>Definition</b></td></tr><tr><td style="white-space:nowrap">hyperdiploidy<a name="CytogeneticChanges-hyperdiploidy"> </a></td><td>Hyperdiploidy</td><td>hyperdiploidi / hyperdiploidi / SNOMED-CT: 55597007</td></tr><tr><td style="white-space:nowrap">hypodiploidy<a name="CytogeneticChanges-hypodiploidy"> </a></td><td>Hypoploidy</td><td>Hypoploidy / hypodiploidi / SNOMED-CT: 15486006</td></tr><tr><td style="white-space:nowrap">pseudodiploidy<a name="CytogeneticChanges-pseudodiploidy"> </a></td><td>Pseudodiploidy</td><td>Pseudodiploidy / Pseudodiploidi</td></tr></table></div>
  </text>
  <url value="https://kip.rkkp.dk/fhir/CodeSystem/CytogeneticChanges"/>
  <version value="0.2.1"/>
  <name value="CytogeneticChanges"/>
  <title value="Cytogenetic changes"/>
  <status value="active"/>
  <date value="2022-07-13T00:00:00+02:00"/>
  <publisher value="Sundhedsvæsnets Kvalistetsinstitut with Trifork Digital Health A/S"/>
  <contact>
    <name value="Sundhedsvæsnets Kvalistetsinstitut with Trifork Digital Health A/S"/>
    <telecom>
      <system value="url"/>
      <value value="https://trifork.com"/>
    </telecom>
    <telecom>
      <system value="email"/>
      <value value="rbk@trifork.com"/>
    </telecom>
  </contact>
  <description value="Cytogenetic changes"/>
  <caseSensitive value="false"/>
  <content value="complete"/>
  <count value="3"/>
  <concept>
    <code value="hyperdiploidy"/>
    <display value="Hyperdiploidy"/>
    <definition value="hyperdiploidi / hyperdiploidi / SNOMED-CT: 55597007"/>
  </concept>
  <concept>
    <code value="hypodiploidy"/>
    <display value="Hypoploidy"/>
    <definition value="Hypoploidy / hypodiploidi / SNOMED-CT: 15486006"/>
  </concept>
  <concept>
    <code value="pseudodiploidy"/>
    <display value="Pseudodiploidy"/>
    <definition value="Pseudodiploidy / Pseudodiploidi"/>
  </concept>
</CodeSystem>