<?xml version="1.0" encoding="UTF-8"?>

<CodeSystem xmlns="http://hl7.org/fhir">
  <id value="TreatmentInitiatives"/>
  <text>
    <status value="generated"/><div xmlns="http://www.w3.org/1999/xhtml"><p class="res-header-id"><b>Generated Narrative: CodeSystem TreatmentInitiatives</b></p><a name="TreatmentInitiatives"> </a><a name="hcTreatmentInitiatives"> </a><a name="TreatmentInitiatives-en-US"> </a><p>This  code system <code>https://kip.rkkp.dk/fhir/CodeSystem/TreatmentInitiatives</code> defines the following codes:</p><table class="codes"><tr><td style="white-space:nowrap"><b>Code</b></td><td><b>Display</b></td><td><b>Definition</b></td></tr><tr><td style="white-space:nowrap">oxygenmonitoring<a name="TreatmentInitiatives-oxygenmonitoring"> </a></td><td>Iltmonitorering</td><td>Iltmonitorering</td></tr><tr><td style="white-space:nowrap">hypertensiontreatment<a name="TreatmentInitiatives-hypertensiontreatment"> </a></td><td>Hypertensionsbehandling</td><td>Hypertensionsbehandling</td></tr><tr><td style="white-space:nowrap">endovascularmedical<a name="TreatmentInitiatives-endovascularmedical"> </a></td><td>Endovaskulær medicinsk behandling</td><td>Endovaskulær medicinsk behandling</td></tr><tr><td style="white-space:nowrap">endovascularmechanical<a name="TreatmentInitiatives-endovascularmechanical"> </a></td><td>Endovaskulær mekanisk behandling</td><td>Endovaskulær mekanisk behandling</td></tr><tr><td style="white-space:nowrap">temporarydrain<a name="TreatmentInitiatives-temporarydrain"> </a></td><td>Midlertidigt dræn</td><td>Midlertidigt dræn</td></tr><tr><td style="white-space:nowrap">permanentshunt<a name="TreatmentInitiatives-permanentshunt"> </a></td><td>Permanent shunt</td><td>Permanent shunt</td></tr></table></div>
  </text>
  <url value="https://kip.rkkp.dk/fhir/CodeSystem/TreatmentInitiatives"/>
  <version value="0.2.1"/>
  <name value="TreatmentInitiatives"/>
  <title value="Treatment initiatives"/>
  <status value="active"/>
  <date value="2022-06-29T00:00:00+02:00"/>
  <publisher value="Sundhedsvæsnets Kvalistetsinstitut with Trifork Digital Health A/S"/>
  <contact>
    <name value="Sundhedsvæsnets Kvalistetsinstitut with Trifork Digital Health A/S"/>
    <telecom>
      <system value="url"/>
      <value value="https://trifork.com"/>
    </telecom>
    <telecom>
      <system value="email"/>
      <value value="rbk@trifork.com"/>
    </telecom>
  </contact>
  <description value="Treatment initiatives"/>
  <content value="complete"/>
  <count value="6"/>
  <concept>
    <code value="oxygenmonitoring"/>
    <display value="Iltmonitorering"/>
    <definition value="Iltmonitorering"/>
  </concept>
  <concept>
    <code value="hypertensiontreatment"/>
    <display value="Hypertensionsbehandling"/>
    <definition value="Hypertensionsbehandling"/>
  </concept>
  <concept>
    <code value="endovascularmedical"/>
    <display value="Endovaskulær medicinsk behandling"/>
    <definition value="Endovaskulær medicinsk behandling"/>
  </concept>
  <concept>
    <code value="endovascularmechanical"/>
    <display value="Endovaskulær mekanisk behandling"/>
    <definition value="Endovaskulær mekanisk behandling"/>
  </concept>
  <concept>
    <code value="temporarydrain"/>
    <display value="Midlertidigt dræn"/>
    <definition value="Midlertidigt dræn"/>
  </concept>
  <concept>
    <code value="permanentshunt"/>
    <display value="Permanent shunt"/>
    <definition value="Permanent shunt"/>
  </concept>
</CodeSystem>