<?xml version="1.0" encoding="UTF-8"?>

<CodeSystem xmlns="http://hl7.org/fhir">
  <id value="BoneLossAcetabulumFemurClassification"/>
  <text>
    <status value="generated"/><div xmlns="http://www.w3.org/1999/xhtml"><p class="res-header-id"><b>Generated Narrative: CodeSystem BoneLossAcetabulumFemurClassification</b></p><a name="BoneLossAcetabulumFemurClassification"> </a><a name="hcBoneLossAcetabulumFemurClassification"> </a><a name="BoneLossAcetabulumFemurClassification-en-US"> </a><p>This case-insensitive code system <code>https://kip.rkkp.dk/fhir/CodeSystem/BoneLossAcetabulumFemurClassification</code> defines the following codes:</p><table class="codes"><tr><td style="white-space:nowrap"><b>Code</b></td><td><b>Display</b></td><td><b>Definition</b></td></tr><tr><td style="white-space:nowrap">acetabulum_type_1<a name="BoneLossAcetabulumFemurClassification-acetabulum_type_1"> </a></td><td>Type I: Intet væsentligt knogletab</td><td>Type I: Intet væsentligt knogletab</td></tr><tr><td style="white-space:nowrap">acetabulum_type_2<a name="BoneLossAcetabulumFemurClassification-acetabulum_type_2"> </a></td><td>Type II: Contained knogletab (intakt rim)</td><td>Type II: Contained knogletab (intakt rim)</td></tr><tr><td style="white-space:nowrap">acetabulum_type_3<a name="BoneLossAcetabulumFemurClassification-acetabulum_type_3"> </a></td><td>Type III: Ikke contained segmentel knogletab</td><td>Type III: Ikke contained segmentel knogletab</td></tr><tr><td style="white-space:nowrap">acetabulum_type_4<a name="BoneLossAcetabulumFemurClassification-acetabulum_type_4"> </a></td><td>Type IV: Ikke contained segmentelt knogletab involverende mere end 50% af acetabulum</td><td>Type IV: Ikke contained segmentelt knogletab involverende mere end 50% af acetabulum</td></tr><tr><td style="white-space:nowrap">acetabulum_type_5<a name="BoneLossAcetabulumFemurClassification-acetabulum_type_5"> </a></td><td>Type V: Knogletab med discontinuitet af acetabulum</td><td>Type V: Knogletab med discontinuitet af acetabulum</td></tr><tr><td style="white-space:nowrap">femur_type_1<a name="BoneLossAcetabulumFemurClassification-femur_type_1"> </a></td><td>Type I: Intet væsentligt knogletab</td><td>Type I: Intet væsentligt knogletab</td></tr><tr><td style="white-space:nowrap">femur_type_2<a name="BoneLossAcetabulumFemurClassification-femur_type_2"> </a></td><td>Type II: Contained knogletab med cortikal udtynding</td><td>Type II: Contained knogletab med cortikal udtynding</td></tr><tr><td style="white-space:nowrap">femur_type_3<a name="BoneLossAcetabulumFemurClassification-femur_type_3"> </a></td><td>Type III: Ikke contained knogletab involverende calcar og trochanter minor med perforation af cortex</td><td>Type III: Ikke contained knogletab involverende calcar og trochanter minor med perforation af cortex</td></tr><tr><td style="white-space:nowrap">femur_type_4<a name="BoneLossAcetabulumFemurClassification-femur_type_4"> </a></td><td>Type IV: Ikke contained knogletab gående ned i diafysen</td><td>Type IV: Ikke contained knogletab gående ned i diafysen</td></tr><tr><td style="white-space:nowrap">femur_type_5<a name="BoneLossAcetabulumFemurClassification-femur_type_5"> </a></td><td>Type V: Fraktur omkring femurstemmet med circumferentielt knogletab svarende til type IV</td><td>Type V: Fraktur omkring femurstemmet med circumferentielt knogletab svarende til type IV</td></tr><tr><td style="white-space:nowrap">femur_type_6<a name="BoneLossAcetabulumFemurClassification-femur_type_6"> </a></td><td>Type VI: Fraktur omkring femurstemmet med knogletab svarende til type I-III</td><td>Type VI: Fraktur omkring femurstemmet med knogletab svarende til type I-III</td></tr></table></div>
  </text>
  <url value="https://kip.rkkp.dk/fhir/CodeSystem/BoneLossAcetabulumFemurClassification"/>
  <version value="0.2.1"/>
  <name value="BoneLossAcetabulumFemurClassification"/>
  <title value="Bone loss - Acetabulum Femur Classification"/>
  <status value="active"/>
  <date value="2022-10-06T00:00:00+02:00"/>
  <publisher value="Sundhedsvæsnets Kvalistetsinstitut with Trifork Digital Health A/S"/>
  <contact>
    <name value="Sundhedsvæsnets Kvalistetsinstitut with Trifork Digital Health A/S"/>
    <telecom>
      <system value="url"/>
      <value value="https://trifork.com"/>
    </telecom>
    <telecom>
      <system value="email"/>
      <value value="rbk@trifork.com"/>
    </telecom>
  </contact>
  <description value="Walch classification; Link: https://radiopaedia.org/articles/walch-classification-of-glenoid-morphology-1"/>
  <caseSensitive value="false"/>
  <content value="complete"/>
  <count value="11"/>
  <concept>
    <code value="acetabulum_type_1"/>
    <display value="Type I: Intet væsentligt knogletab"/>
    <definition value="Type I: Intet væsentligt knogletab"/>
  </concept>
  <concept>
    <code value="acetabulum_type_2"/>
    <display value="Type II: Contained knogletab (intakt rim)"/>
    <definition value="Type II: Contained knogletab (intakt rim)"/>
  </concept>
  <concept>
    <code value="acetabulum_type_3"/>
    <display value="Type III: Ikke contained segmentel knogletab"/>
    <definition value="Type III: Ikke contained segmentel knogletab"/>
  </concept>
  <concept>
    <code value="acetabulum_type_4"/>
    <display value="Type IV: Ikke contained segmentelt knogletab involverende mere end 50% af acetabulum"/>
    <definition value="Type IV: Ikke contained segmentelt knogletab involverende mere end 50% af acetabulum"/>
  </concept>
  <concept>
    <code value="acetabulum_type_5"/>
    <display value="Type V: Knogletab med discontinuitet af acetabulum"/>
    <definition value="Type V: Knogletab med discontinuitet af acetabulum"/>
  </concept>
  <concept>
    <code value="femur_type_1"/>
    <display value="Type I: Intet væsentligt knogletab"/>
    <definition value="Type I: Intet væsentligt knogletab"/>
  </concept>
  <concept>
    <code value="femur_type_2"/>
    <display value="Type II: Contained knogletab med cortikal udtynding"/>
    <definition value="Type II: Contained knogletab med cortikal udtynding"/>
  </concept>
  <concept>
    <code value="femur_type_3"/>
    <display value="Type III: Ikke contained knogletab involverende calcar og trochanter minor med perforation af cortex"/>
    <definition value="Type III: Ikke contained knogletab involverende calcar og trochanter minor med perforation af cortex"/>
  </concept>
  <concept>
    <code value="femur_type_4"/>
    <display value="Type IV: Ikke contained knogletab gående ned i diafysen"/>
    <definition value="Type IV: Ikke contained knogletab gående ned i diafysen"/>
  </concept>
  <concept>
    <code value="femur_type_5"/>
    <display value="Type V: Fraktur omkring femurstemmet med circumferentielt knogletab svarende til type IV"/>
    <definition value="Type V: Fraktur omkring femurstemmet med circumferentielt knogletab svarende til type IV"/>
  </concept>
  <concept>
    <code value="femur_type_6"/>
    <display value="Type VI: Fraktur omkring femurstemmet med knogletab svarende til type I-III"/>
    <definition value="Type VI: Fraktur omkring femurstemmet med knogletab svarende til type I-III"/>
  </concept>
</CodeSystem>