<?xml version="1.0" encoding="UTF-8"?>

<CodeSystem xmlns="http://hl7.org/fhir">
  <id value="HuntHessClassification"/>
  <text>
    <status value="generated"/><div xmlns="http://www.w3.org/1999/xhtml"><p class="res-header-id"><b>Generated Narrative: CodeSystem HuntHessClassification</b></p><a name="HuntHessClassification"> </a><a name="hcHuntHessClassification"> </a><a name="HuntHessClassification-en-US"> </a><p>This  code system <code>https://kip.rkkp.dk/fhir/CodeSystem/HuntHessClassification</code> defines the following codes:</p><table class="codes"><tr><td style="white-space:nowrap"><b>Code</b></td><td><b>Display</b></td><td><b>Definition</b></td></tr><tr><td style="white-space:nowrap">grade_1<a name="HuntHessClassification-grade_1"> </a></td><td>Grade 1</td><td>Grade 1: Asymptomatic or minimal headache and slight neck stiffness</td></tr><tr><td style="white-space:nowrap">grade_2<a name="HuntHessClassification-grade_2"> </a></td><td>Grade 2</td><td>Grade 2: Moderate to severe headache; neck stiffness; no neurologic deficit except cranial nerve palsy</td></tr><tr><td style="white-space:nowrap">grade_3<a name="HuntHessClassification-grade_3"> </a></td><td>Grade 3</td><td>Grade 3: Drowsy; minimal neurologic deficit</td></tr><tr><td style="white-space:nowrap">grade_4<a name="HuntHessClassification-grade_4"> </a></td><td>Grade 4</td><td>Grade 4: Stuporous; moderate to severe hemiparesis; possibly early decerebrate rigidity and vegetative disturbances</td></tr><tr><td style="white-space:nowrap">grade_5<a name="HuntHessClassification-grade_5"> </a></td><td>Grade 5</td><td>Grade 5: Deep coma; decerebrate rigidity; moribund</td></tr></table></div>
  </text>
  <url value="https://kip.rkkp.dk/fhir/CodeSystem/HuntHessClassification"/>
  <version value="0.2.1"/>
  <name value="HuntHessClassification"/>
  <title value="Hunt and Hess scale"/>
  <status value="active"/>
  <date value="2022-06-28T00:00:00+02:00"/>
  <publisher value="Sundhedsvæsnets Kvalistetsinstitut with Trifork Digital Health A/S"/>
  <contact>
    <name value="Sundhedsvæsnets Kvalistetsinstitut with Trifork Digital Health A/S"/>
    <telecom>
      <system value="url"/>
      <value value="https://trifork.com"/>
    </telecom>
    <telecom>
      <system value="email"/>
      <value value="rbk@trifork.com"/>
    </telecom>
  </contact>
  <description value="Hunt and Hess scale; Link: https://radiopaedia.org/articles/hunt-and-hess-grading-system"/>
  <content value="complete"/>
  <count value="5"/>
  <concept>
    <code value="grade_1"/>
    <display value="Grade 1"/>
    <definition value="Grade 1: Asymptomatic or minimal headache and slight neck stiffness"/>
  </concept>
  <concept>
    <code value="grade_2"/>
    <display value="Grade 2"/>
    <definition value="Grade 2: Moderate to severe headache; neck stiffness; no neurologic deficit except cranial nerve palsy"/>
  </concept>
  <concept>
    <code value="grade_3"/>
    <display value="Grade 3"/>
    <definition value="Grade 3: Drowsy; minimal neurologic deficit"/>
  </concept>
  <concept>
    <code value="grade_4"/>
    <display value="Grade 4"/>
    <definition value="Grade 4: Stuporous; moderate to severe hemiparesis; possibly early decerebrate rigidity and vegetative disturbances"/>
  </concept>
  <concept>
    <code value="grade_5"/>
    <display value="Grade 5"/>
    <definition value="Grade 5: Deep coma; decerebrate rigidity; moribund"/>
  </concept>
</CodeSystem>