<?xml version="1.0" encoding="UTF-8"?>

<CodeSystem xmlns="http://hl7.org/fhir">
  <id value="AnastomosisLeakGrading"/>
  <text>
    <status value="generated"/><div xmlns="http://www.w3.org/1999/xhtml"><p class="res-header-id"><b>Generated Narrative: CodeSystem AnastomosisLeakGrading</b></p><a name="AnastomosisLeakGrading"> </a><a name="hcAnastomosisLeakGrading"> </a><a name="AnastomosisLeakGrading-en-US"> </a><p>This  code system <code>https://kip.rkkp.dk/fhir/CodeSystem/AnastomosisLeakGrading</code> defines the following codes:</p><table class="codes"><tr><td style="white-space:nowrap"><b>Code</b></td><td><b>Display</b></td><td><b>Definition</b></td></tr><tr><td style="white-space:nowrap">grade_a<a name="AnastomosisLeakGrading-grade_a"> </a></td><td>Grade A</td><td>Grad A - Kræver ikke nogen form for aktiv terapeutisk behandling</td></tr><tr><td style="white-space:nowrap">grade_b<a name="AnastomosisLeakGrading-grade_b"> </a></td><td>Grade B</td><td>Grad B - Kræver aktiv terapeutisk behandling men ikke re-labaroskopi eller re-laparotomi</td></tr><tr><td style="white-space:nowrap">grade_c<a name="AnastomosisLeakGrading-grade_c"> </a></td><td>Grade C</td><td>Grad C - Kræver aktiv terapeutisk behandling med re-labaroskopi eller re-laparotomi</td></tr></table></div>
  </text>
  <url value="https://kip.rkkp.dk/fhir/CodeSystem/AnastomosisLeakGrading"/>
  <version value="0.2.1"/>
  <name value="AnastomosisLeakGrading"/>
  <title value="Anastomosis leak grading"/>
  <status value="active"/>
  <date value="2022-08-17T00:00:00+02:00"/>
  <publisher value="Sundhedsvæsnets Kvalistetsinstitut with Trifork Digital Health A/S"/>
  <contact>
    <name value="Sundhedsvæsnets Kvalistetsinstitut with Trifork Digital Health A/S"/>
    <telecom>
      <system value="url"/>
      <value value="https://trifork.com"/>
    </telecom>
    <telecom>
      <system value="email"/>
      <value value="rbk@trifork.com"/>
    </telecom>
  </contact>
  <description value="Anastomosis leak grading"/>
  <content value="complete"/>
  <count value="3"/>
  <concept>
    <code value="grade_a"/>
    <display value="Grade A"/>
    <definition value="Grad A - Kræver ikke nogen form for aktiv terapeutisk behandling"/>
  </concept>
  <concept>
    <code value="grade_b"/>
    <display value="Grade B"/>
    <definition value="Grad B - Kræver aktiv terapeutisk behandling men ikke re-labaroskopi eller re-laparotomi"/>
  </concept>
  <concept>
    <code value="grade_c"/>
    <display value="Grade C"/>
    <definition value="Grad C - Kræver aktiv terapeutisk behandling med re-labaroskopi eller re-laparotomi"/>
  </concept>
</CodeSystem>