<?xml version="1.0" encoding="UTF-8"?>

<CodeSystem xmlns="http://hl7.org/fhir">
  <id value="DiseasePhase"/>
  <text>
    <status value="generated"/><div xmlns="http://www.w3.org/1999/xhtml"><p class="res-header-id"><b>Generated Narrative: CodeSystem DiseasePhase</b></p><a name="DiseasePhase"> </a><a name="hcDiseasePhase"> </a><a name="DiseasePhase-en-US"> </a><p>This case-insensitive code system <code>https://kip.rkkp.dk/fhir/CodeSystem/DiseasePhase</code> defines the following codes:</p><table class="codes"><tr><td style="white-space:nowrap"><b>Code</b></td><td><b>Display</b></td><td><b>Definition</b></td></tr><tr><td style="white-space:nowrap">chronic<a name="DiseasePhase-chronic"> </a></td><td>Chronic phase</td><td>Chronic phase / Kronisk fase / SNOMED-CT: 278177007</td></tr><tr><td style="white-space:nowrap">accelerated<a name="DiseasePhase-accelerated"> </a></td><td>Accelerated phase</td><td>Accelerated phase / Accelereret fase / SNOMED-CT: 278179005</td></tr><tr><td style="white-space:nowrap">blast_crisis<a name="DiseasePhase-blast_crisis"> </a></td><td>Blast crisis</td><td>Blast crisis / Blastkrise</td></tr></table></div>
  </text>
  <url value="https://kip.rkkp.dk/fhir/CodeSystem/DiseasePhase"/>
  <version value="0.2.1"/>
  <name value="DiseasePhase"/>
  <title value="Disease phase"/>
  <status value="active"/>
  <date value="2022-06-07T00:00:00+02:00"/>
  <publisher value="Sundhedsvæsnets Kvalistetsinstitut with Trifork Digital Health A/S"/>
  <contact>
    <name value="Sundhedsvæsnets Kvalistetsinstitut with Trifork Digital Health A/S"/>
    <telecom>
      <system value="url"/>
      <value value="https://trifork.com"/>
    </telecom>
    <telecom>
      <system value="email"/>
      <value value="rbk@trifork.com"/>
    </telecom>
  </contact>
  <description value="Disease phase"/>
  <caseSensitive value="false"/>
  <content value="complete"/>
  <count value="3"/>
  <concept>
    <code value="chronic"/>
    <display value="Chronic phase"/>
    <definition value="Chronic phase / Kronisk fase / SNOMED-CT: 278177007"/>
  </concept>
  <concept>
    <code value="accelerated"/>
    <display value="Accelerated phase"/>
    <definition value="Accelerated phase / Accelereret fase / SNOMED-CT: 278179005"/>
  </concept>
  <concept>
    <code value="blast_crisis"/>
    <display value="Blast crisis"/>
    <definition value="Blast crisis / Blastkrise"/>
  </concept>
</CodeSystem>