<?xml version="1.0" encoding="UTF-8"?>

<CodeSystem xmlns="http://hl7.org/fhir">
  <id value="ChemotherapyRegimen"/>
  <text>
    <status value="generated"/><div xmlns="http://www.w3.org/1999/xhtml"><p class="res-header-id"><b>Generated Narrative: CodeSystem ChemotherapyRegimen</b></p><a name="ChemotherapyRegimen"> </a><a name="hcChemotherapyRegimen"> </a><a name="ChemotherapyRegimen-en-US"> </a><p>This case-insensitive code system <code>https://kip.rkkp.dk/fhir/CodeSystem/ChemotherapyRegimen</code> defines the following codes:</p><table class="codes"><tr><td style="white-space:nowrap"><b>Code</b></td><td><b>Display</b></td><td><b>Definition</b></td></tr><tr><td style="white-space:nowrap">abvd<a name="ChemotherapyRegimen-abvd"> </a></td><td>ABVD</td><td>ABVD / SKS: BWHA167</td></tr><tr><td style="white-space:nowrap">copp<a name="ChemotherapyRegimen-copp"> </a></td><td>COPP</td><td>COPP / SKS: BWHA156</td></tr><tr><td style="white-space:nowrap">abvd/copp<a name="ChemotherapyRegimen-abvd.47copp"> </a></td><td>ABVD/COPP</td><td>ABVD/COPP</td></tr><tr><td style="white-space:nowrap">acvbp<a name="ChemotherapyRegimen-acvbp"> </a></td><td>ACVBP</td><td>ACVBP</td></tr><tr><td style="white-space:nowrap">all_regime<a name="ChemotherapyRegimen-all_regime"> </a></td><td>ALL regime</td><td>ALL regime</td></tr><tr><td style="white-space:nowrap">adriamycin<a name="ChemotherapyRegimen-adriamycin"> </a></td><td>Adriamycin</td><td>Adriamycin</td></tr><tr><td style="white-space:nowrap">bac<a name="ChemotherapyRegimen-bac"> </a></td><td>BAC</td><td>BAC (Bendamustin Ara-c)</td></tr><tr><td style="white-space:nowrap">bfm<a name="ChemotherapyRegimen-bfm"> </a></td><td>BFM</td><td>BFM</td></tr><tr><td style="white-space:nowrap">cap<a name="ChemotherapyRegimen-cap"> </a></td><td>CAP</td><td>CAP</td></tr><tr><td style="white-space:nowrap">ccvp<a name="ChemotherapyRegimen-ccvp"> </a></td><td>CCVP</td><td>CCVP</td></tr><tr><td style="white-space:nowrap">chic<a name="ChemotherapyRegimen-chic"> </a></td><td>CHIC</td><td>CHIC</td></tr><tr><td style="white-space:nowrap">chlorambucil_vinblastin_procarb<a name="ChemotherapyRegimen-chlorambucil_vinblastin_procarb"> </a></td><td>Chlorambucil og Vinblastin og procarb</td><td>Chlorambucil og Vinblastin og procarb</td></tr><tr><td style="white-space:nowrap">cnsbonn<a name="ChemotherapyRegimen-cnsbonn"> </a></td><td>CNSBONN</td><td>CNSBONN</td></tr><tr><td style="white-space:nowrap">cns_matrix<a name="ChemotherapyRegimen-cns_matrix"> </a></td><td>CNS matrix</td><td>CNS matrix</td></tr><tr><td style="white-space:nowrap">cns_mvbp<a name="ChemotherapyRegimen-cns_mvbp"> </a></td><td>CNS MVBP</td><td>CNS MVBP</td></tr><tr><td style="white-space:nowrap">cns_mvp<a name="ChemotherapyRegimen-cns_mvp"> </a></td><td>CNS MVP</td><td>CNS MVP</td></tr><tr><td style="white-space:nowrap">codox_m/ivac<a name="ChemotherapyRegimen-codox_m.47ivac"> </a></td><td>CODOX-M/IVAC</td><td>CODOX-M/IVAC</td></tr><tr><td style="white-space:nowrap">comp<a name="ChemotherapyRegimen-comp"> </a></td><td>COMP</td><td>COMP</td></tr><tr><td style="white-space:nowrap">cope<a name="ChemotherapyRegimen-cope"> </a></td><td>COPE</td><td>COPE</td></tr><tr><td style="white-space:nowrap">cvbp<a name="ChemotherapyRegimen-cvbp"> </a></td><td>CVBP</td><td>CVBP</td></tr><tr><td style="white-space:nowrap">cvp<a name="ChemotherapyRegimen-cvp"> </a></td><td>CVP</td><td>CVP</td></tr><tr><td style="white-space:nowrap">dexabeam<a name="ChemotherapyRegimen-dexabeam"> </a></td><td>DexaBEAM</td><td>DexaBEAM</td></tr><tr><td style="white-space:nowrap">dhap<a name="ChemotherapyRegimen-dhap"> </a></td><td>DHAP</td><td>DHAP</td></tr><tr><td style="white-space:nowrap">ecapp<a name="ChemotherapyRegimen-ecapp"> </a></td><td>ECAPP</td><td>ECAPP</td></tr><tr><td style="white-space:nowrap">epoch<a name="ChemotherapyRegimen-epoch"> </a></td><td>EPOCH</td><td>EPOCH</td></tr><tr><td style="white-space:nowrap">eshap<a name="ChemotherapyRegimen-eshap"> </a></td><td>ESHAP</td><td>ESHAP</td></tr><tr><td style="white-space:nowrap">fcd<a name="ChemotherapyRegimen-fcd"> </a></td><td>FCD</td><td>FCD</td></tr><tr><td style="white-space:nowrap">fnd<a name="ChemotherapyRegimen-fnd"> </a></td><td>FND</td><td>FND</td></tr><tr><td style="white-space:nowrap">gdp<a name="ChemotherapyRegimen-gdp"> </a></td><td>GDP</td><td>GDP</td></tr><tr><td style="white-space:nowrap">gem_p_28<a name="ChemotherapyRegimen-gem_p_28"> </a></td><td>GEM-P-28</td><td>GEM-P-28</td></tr><tr><td style="white-space:nowrap">gemox<a name="ChemotherapyRegimen-gemox"> </a></td><td>GemOx</td><td>GemOx</td></tr><tr><td style="white-space:nowrap">hd_ara_c<a name="ChemotherapyRegimen-hd_ara_c"> </a></td><td>HD-Ara-C</td><td>HD-Ara-C</td></tr><tr><td style="white-space:nowrap">hd_ctx<a name="ChemotherapyRegimen-hd_ctx"> </a></td><td>HD-CTX</td><td>HD-CTX</td></tr><tr><td style="white-space:nowrap">hd_ctx_vp16<a name="ChemotherapyRegimen-hd_ctx_vp16"> </a></td><td>HD-CTX+VP16</td><td>HD-CTX+VP16</td></tr><tr><td style="white-space:nowrap">hd_vp16<a name="ChemotherapyRegimen-hd_vp16"> </a></td><td>HD-VP16</td><td>HD-VP16</td></tr><tr><td style="white-space:nowrap">hd_mtx<a name="ChemotherapyRegimen-hd_mtx"> </a></td><td>HD-MTX</td><td>HD-MTX</td></tr><tr><td style="white-space:nowrap">hyper_cvad<a name="ChemotherapyRegimen-hyper_cvad"> </a></td><td>Hyper-CVAD/IVAC</td><td>Hyper-CVAD/IVAC</td></tr><tr><td style="white-space:nowrap">ice<a name="ChemotherapyRegimen-ice"> </a></td><td>ICE</td><td>ICE</td></tr><tr><td style="white-space:nowrap">igev<a name="ChemotherapyRegimen-igev"> </a></td><td>IGEV</td><td>IGEV</td></tr><tr><td style="white-space:nowrap">ike<a name="ChemotherapyRegimen-ike"> </a></td><td>IKE</td><td>IKE</td></tr><tr><td style="white-space:nowrap">ive<a name="ChemotherapyRegimen-ive"> </a></td><td>IVE</td><td>IVE</td></tr><tr><td style="white-space:nowrap">it_behandling<a name="ChemotherapyRegimen-it_behandling"> </a></td><td>IT-behandling</td><td>IT-behandling</td></tr><tr><td style="white-space:nowrap">macop_b<a name="ChemotherapyRegimen-macop_b"> </a></td><td>MACOP-B</td><td>MACOP-b</td></tr><tr><td style="white-space:nowrap">mantle_2<a name="ChemotherapyRegimen-mantle_2"> </a></td><td>Mantle 2</td><td>Mantle 2</td></tr><tr><td style="white-space:nowrap">maxi_mime<a name="ChemotherapyRegimen-maxi_mime"> </a></td><td>Maxi-MIME</td><td>Maxi-MIME</td></tr><tr><td style="white-space:nowrap">mini_beam<a name="ChemotherapyRegimen-mini_beam"> </a></td><td>Mini-BEAM</td><td>Mini-BEAM</td></tr><tr><td style="white-space:nowrap">mini_chop<a name="ChemotherapyRegimen-mini_chop"> </a></td><td>Mini-CHOP</td><td>Mini-CHOP</td></tr><tr><td style="white-space:nowrap">nopho<a name="ChemotherapyRegimen-nopho"> </a></td><td>NOPHO</td><td>NOPHO</td></tr><tr><td style="white-space:nowrap">pix_etoposid_benda<a name="ChemotherapyRegimen-pix_etoposid_benda"> </a></td><td>Pix-etoposid-Benda</td><td>Pix-etoposid-Benda</td></tr><tr><td style="white-space:nowrap">peroral_cytostatika<a name="ChemotherapyRegimen-peroral_cytostatika"> </a></td><td>Peroral cytostatika</td><td>Peroral cytostatika</td></tr><tr><td style="white-space:nowrap">smile<a name="ChemotherapyRegimen-smile"> </a></td><td>Smile</td><td>Smile</td></tr><tr><td style="white-space:nowrap">triangle_mantle<a name="ChemotherapyRegimen-triangle_mantle"> </a></td><td>Triangle (Mantle)</td><td>Triangle (Mantle)</td></tr><tr><td style="white-space:nowrap">velbe<a name="ChemotherapyRegimen-velbe"> </a></td><td>Velbe</td><td>Velbe</td></tr><tr><td style="white-space:nowrap">velcade<a name="ChemotherapyRegimen-velcade"> </a></td><td>Velcade</td><td>Velcade</td></tr><tr><td style="white-space:nowrap">copdac<a name="ChemotherapyRegimen-copdac"> </a></td><td>COPDAC</td><td>COPDAC</td></tr><tr><td style="white-space:nowrap">ebvp<a name="ChemotherapyRegimen-ebvp"> </a></td><td>EBVP</td><td>EBVP</td></tr><tr><td style="white-space:nowrap">ipe<a name="ChemotherapyRegimen-ipe"> </a></td><td>IPE</td><td>IPE</td></tr><tr><td style="white-space:nowrap">oepa<a name="ChemotherapyRegimen-oepa"> </a></td><td>OEPA</td><td>OEPA</td></tr><tr><td style="white-space:nowrap">oppa<a name="ChemotherapyRegimen-oppa"> </a></td><td>OPPA</td><td>OPPA</td></tr></table></div>
  </text>
  <url value="https://kip.rkkp.dk/fhir/CodeSystem/ChemotherapyRegimen"/>
  <version value="0.2.1"/>
  <name value="ChemotherapyRegimen"/>
  <title value="Chemotherapy regimen"/>
  <status value="active"/>
  <date value="2022-07-15T00:00:00+02:00"/>
  <publisher value="Sundhedsvæsnets Kvalistetsinstitut with Trifork Digital Health A/S"/>
  <contact>
    <name value="Sundhedsvæsnets Kvalistetsinstitut with Trifork Digital Health A/S"/>
    <telecom>
      <system value="url"/>
      <value value="https://trifork.com"/>
    </telecom>
    <telecom>
      <system value="email"/>
      <value value="rbk@trifork.com"/>
    </telecom>
  </contact>
  <description value="Chemotherapy regimen"/>
  <caseSensitive value="false"/>
  <content value="complete"/>
  <count value="59"/>
  <concept>
    <code value="abvd"/>
    <display value="ABVD"/>
    <definition value="ABVD / SKS: BWHA167"/>
  </concept>
  <concept>
    <code value="copp"/>
    <display value="COPP"/>
    <definition value="COPP / SKS: BWHA156"/>
  </concept>
  <concept>
    <code value="abvd/copp"/>
    <display value="ABVD/COPP"/>
    <definition value="ABVD/COPP"/>
  </concept>
  <concept>
    <code value="acvbp"/>
    <display value="ACVBP"/>
    <definition value="ACVBP"/>
  </concept>
  <concept>
    <code value="all_regime"/>
    <display value="ALL regime"/>
    <definition value="ALL regime"/>
  </concept>
  <concept>
    <code value="adriamycin"/>
    <display value="Adriamycin"/>
    <definition value="Adriamycin"/>
  </concept>
  <concept>
    <code value="bac"/>
    <display value="BAC"/>
    <definition value="BAC (Bendamustin Ara-c)"/>
  </concept>
  <concept>
    <code value="bfm"/>
    <display value="BFM"/>
    <definition value="BFM"/>
  </concept>
  <concept>
    <code value="cap"/>
    <display value="CAP"/>
    <definition value="CAP"/>
  </concept>
  <concept>
    <code value="ccvp"/>
    <display value="CCVP"/>
    <definition value="CCVP"/>
  </concept>
  <concept>
    <code value="chic"/>
    <display value="CHIC"/>
    <definition value="CHIC"/>
  </concept>
  <concept>
    <code value="chlorambucil_vinblastin_procarb"/>
    <display value="Chlorambucil og Vinblastin og procarb"/>
    <definition value="Chlorambucil og Vinblastin og procarb"/>
  </concept>
  <concept>
    <code value="cnsbonn"/>
    <display value="CNSBONN"/>
    <definition value="CNSBONN"/>
  </concept>
  <concept>
    <code value="cns_matrix"/>
    <display value="CNS matrix"/>
    <definition value="CNS matrix"/>
  </concept>
  <concept>
    <code value="cns_mvbp"/>
    <display value="CNS MVBP"/>
    <definition value="CNS MVBP"/>
  </concept>
  <concept>
    <code value="cns_mvp"/>
    <display value="CNS MVP"/>
    <definition value="CNS MVP"/>
  </concept>
  <concept>
    <code value="codox_m/ivac"/>
    <display value="CODOX-M/IVAC"/>
    <definition value="CODOX-M/IVAC"/>
  </concept>
  <concept>
    <code value="comp"/>
    <display value="COMP"/>
    <definition value="COMP"/>
  </concept>
  <concept>
    <code value="cope"/>
    <display value="COPE"/>
    <definition value="COPE"/>
  </concept>
  <concept>
    <code value="cvbp"/>
    <display value="CVBP"/>
    <definition value="CVBP"/>
  </concept>
  <concept>
    <code value="cvp"/>
    <display value="CVP"/>
    <definition value="CVP"/>
  </concept>
  <concept>
    <code value="dexabeam"/>
    <display value="DexaBEAM"/>
    <definition value="DexaBEAM"/>
  </concept>
  <concept>
    <code value="dhap"/>
    <display value="DHAP"/>
    <definition value="DHAP"/>
  </concept>
  <concept>
    <code value="ecapp"/>
    <display value="ECAPP"/>
    <definition value="ECAPP"/>
  </concept>
  <concept>
    <code value="epoch"/>
    <display value="EPOCH"/>
    <definition value="EPOCH"/>
  </concept>
  <concept>
    <code value="eshap"/>
    <display value="ESHAP"/>
    <definition value="ESHAP"/>
  </concept>
  <concept>
    <code value="fcd"/>
    <display value="FCD"/>
    <definition value="FCD"/>
  </concept>
  <concept>
    <code value="fnd"/>
    <display value="FND"/>
    <definition value="FND"/>
  </concept>
  <concept>
    <code value="gdp"/>
    <display value="GDP"/>
    <definition value="GDP"/>
  </concept>
  <concept>
    <code value="gem_p_28"/>
    <display value="GEM-P-28"/>
    <definition value="GEM-P-28"/>
  </concept>
  <concept>
    <code value="gemox"/>
    <display value="GemOx"/>
    <definition value="GemOx"/>
  </concept>
  <concept>
    <code value="hd_ara_c"/>
    <display value="HD-Ara-C"/>
    <definition value="HD-Ara-C"/>
  </concept>
  <concept>
    <code value="hd_ctx"/>
    <display value="HD-CTX"/>
    <definition value="HD-CTX"/>
  </concept>
  <concept>
    <code value="hd_ctx_vp16"/>
    <display value="HD-CTX+VP16"/>
    <definition value="HD-CTX+VP16"/>
  </concept>
  <concept>
    <code value="hd_vp16"/>
    <display value="HD-VP16"/>
    <definition value="HD-VP16"/>
  </concept>
  <concept>
    <code value="hd_mtx"/>
    <display value="HD-MTX"/>
    <definition value="HD-MTX"/>
  </concept>
  <concept>
    <code value="hyper_cvad"/>
    <display value="Hyper-CVAD/IVAC"/>
    <definition value="Hyper-CVAD/IVAC"/>
  </concept>
  <concept>
    <code value="ice"/>
    <display value="ICE"/>
    <definition value="ICE"/>
  </concept>
  <concept>
    <code value="igev"/>
    <display value="IGEV"/>
    <definition value="IGEV"/>
  </concept>
  <concept>
    <code value="ike"/>
    <display value="IKE"/>
    <definition value="IKE"/>
  </concept>
  <concept>
    <code value="ive"/>
    <display value="IVE"/>
    <definition value="IVE"/>
  </concept>
  <concept>
    <code value="it_behandling"/>
    <display value="IT-behandling"/>
    <definition value="IT-behandling"/>
  </concept>
  <concept>
    <code value="macop_b"/>
    <display value="MACOP-B"/>
    <definition value="MACOP-b"/>
  </concept>
  <concept>
    <code value="mantle_2"/>
    <display value="Mantle 2"/>
    <definition value="Mantle 2"/>
  </concept>
  <concept>
    <code value="maxi_mime"/>
    <display value="Maxi-MIME"/>
    <definition value="Maxi-MIME"/>
  </concept>
  <concept>
    <code value="mini_beam"/>
    <display value="Mini-BEAM"/>
    <definition value="Mini-BEAM"/>
  </concept>
  <concept>
    <code value="mini_chop"/>
    <display value="Mini-CHOP"/>
    <definition value="Mini-CHOP"/>
  </concept>
  <concept>
    <code value="nopho"/>
    <display value="NOPHO"/>
    <definition value="NOPHO"/>
  </concept>
  <concept>
    <code value="pix_etoposid_benda"/>
    <display value="Pix-etoposid-Benda"/>
    <definition value="Pix-etoposid-Benda"/>
  </concept>
  <concept>
    <code value="peroral_cytostatika"/>
    <display value="Peroral cytostatika"/>
    <definition value="Peroral cytostatika"/>
  </concept>
  <concept>
    <code value="smile"/>
    <display value="Smile"/>
    <definition value="Smile"/>
  </concept>
  <concept>
    <code value="triangle_mantle"/>
    <display value="Triangle (Mantle)"/>
    <definition value="Triangle (Mantle)"/>
  </concept>
  <concept>
    <code value="velbe"/>
    <display value="Velbe"/>
    <definition value="Velbe"/>
  </concept>
  <concept>
    <code value="velcade"/>
    <display value="Velcade"/>
    <definition value="Velcade"/>
  </concept>
  <concept>
    <code value="copdac"/>
    <display value="COPDAC"/>
    <definition value="COPDAC"/>
  </concept>
  <concept>
    <code value="ebvp"/>
    <display value="EBVP"/>
    <definition value="EBVP"/>
  </concept>
  <concept>
    <code value="ipe"/>
    <display value="IPE"/>
    <definition value="IPE"/>
  </concept>
  <concept>
    <code value="oepa"/>
    <display value="OEPA"/>
    <definition value="OEPA"/>
  </concept>
  <concept>
    <code value="oppa"/>
    <display value="OPPA"/>
    <definition value="OPPA"/>
  </concept>
</CodeSystem>