<?xml version="1.0" encoding="UTF-8"?>

<SearchParameter xmlns="http://hl7.org/fhir">
  <id value="QuestionnaireResponseResponsibleOnCarePlan"/>
  <text>
    <status value="generated"/><div xmlns="http://www.w3.org/1999/xhtml"><p class="res-header-id"><b>Generated Narrative: SearchParameter QuestionnaireResponseResponsibleOnCarePlan</b></p><a name="QuestionnaireResponseResponsibleOnCarePlan"> </a><a name="hcQuestionnaireResponseResponsibleOnCarePlan"> </a><a name="QuestionnaireResponseResponsibleOnCarePlan-en-US"> </a><h2>QuestionnaireResponseResponsibleOnCarePlan</h2><p>Parameter <code>questionnaire-response-responsible-sor</code>:<code>token</code></p><div><p>Search a CarePlan for responsible SOR code on a QuestionnaireResponse</p>
</div><table class="grid"><tr><td>Resource</td><td><a href="http://hl7.org/fhir/R4/careplan.html">CarePlan</a></td></tr><tr><td>Expression</td><td><code>CarePlan.activity.outcomeReference.extension.where(url='responsible')</code></td></tr><tr><td>Multiples</td><td><ul><li>multipleAnd: It's up to the server whether the parameter may repeat in order to specify multiple values that must all be true</li><li>multipleOr: It's up to the server whether the parameter can have multiple values (separated by comma) where at least one must be true</li></ul></td></tr><tr><td>Comparators</td><td>Allowed: eq</td></tr></table></div>
  </text>
  <url value="https://kip.rkkp.dk/fhir/SearchParameter/QuestionnaireResponseResponsibleOnCarePlan"/>
  <version value="0.2.1"/>
  <name value="QuestionnaireResponseResponsibleOnCarePlan"/>
  <status value="active"/>
  <date value="2025-03-14T09:53:26+00:00"/>
  <publisher value="Sundhedsvæsnets Kvalistetsinstitut with Trifork Digital Health A/S"/>
  <contact>
    <name value="Sundhedsvæsnets Kvalistetsinstitut with Trifork Digital Health A/S"/>
    <telecom>
      <system value="url"/>
      <value value="https://trifork.com"/>
    </telecom>
    <telecom>
      <system value="email"/>
      <value value="rbk@trifork.com"/>
    </telecom>
  </contact>
  <description value="Search a CarePlan for responsible SOR code on a QuestionnaireResponse"/>
  <code value="questionnaire-response-responsible-sor"/>
  <base value="CarePlan"/>
  <type value="token"/>
  <expression value="CarePlan.activity.outcomeReference.extension.where(url='responsible')"/>
  <comparator value="eq"/>
</SearchParameter>