<?xml version="1.0" encoding="UTF-8"?>

<ValueSet xmlns="http://hl7.org/fhir">
  <id value="LinerCrosslinkedDHR"/>
  <text>
    <status value="extensions"/><div xmlns="http://www.w3.org/1999/xhtml"><p class="res-header-id"><b>Generated Narrative: ValueSet LinerCrosslinkedDHR</b></p><a name="LinerCrosslinkedDHR"> </a><a name="hcLinerCrosslinkedDHR"> </a><a name="LinerCrosslinkedDHR-en-US"> </a><ul><li>Include these codes as defined in <a href="CodeSystem-ImplantComponents.html"><code>https://kip.rkkp.dk/fhir/CodeSystem/ImplantComponents</code></a><table class="none"><tr><td style="white-space:nowrap"><b>Code</b></td><td><b>Display</b></td><td><b>Definition</b></td></tr><tr><td><a href="CodeSystem-ImplantComponents.html#ImplantComponents-non_highy_crosslinked">non_highy_crosslinked</a></td><td>Ikke highly-crosslinked</td><td>Ikke highly-crosslinked</td></tr><tr><td><a href="CodeSystem-ImplantComponents.html#ImplantComponents-highly_crosslinked">highly_crosslinked</a></td><td>Highly crosslinked</td><td>Highly crosslinked</td></tr><tr><td><a href="CodeSystem-ImplantComponents.html#ImplantComponents-highly_crosslinked_antioxidant">highly_crosslinked_antioxidant</a></td><td>Highly crosslinked med antioxidant (Vitamin E og AOX)</td><td>Highly crosslinked med antioxidant (Vitamin E og AOX)</td></tr></table></li></ul></div>
  </text>
  <url value="https://kip.rkkp.dk/fhir/ValueSet/LinerCrosslinkedDHR"/>
  <version value="0.2.1"/>
  <name value="LinerCrosslinkedDHR"/>
  <title value="Liner - Crosslinked (DHR)"/>
  <status value="active"/>
  <experimental value="true"/>
  <date value="2022-11-08T00:00:00+02:00"/>
  <publisher value="Sundhedsvæsnets Kvalistetsinstitut with Trifork Digital Health A/S"/>
  <contact>
    <name value="Sundhedsvæsnets Kvalistetsinstitut with Trifork Digital Health A/S"/>
    <telecom>
      <system value="url"/>
      <value value="https://trifork.com"/>
    </telecom>
    <telecom>
      <system value="email"/>
      <value value="rbk@trifork.com"/>
    </telecom>
  </contact>
  <description value="Liner - Crosslinked (DHR)"/>
  <compose>
    <include>
      <system value="https://kip.rkkp.dk/fhir/CodeSystem/ImplantComponents"/>
      <concept>
        <code value="non_highy_crosslinked"/>
        <display value="Ikke highly-crosslinked"/>
      </concept>
      <concept>
        <code value="highly_crosslinked"/>
        <display value="Highly crosslinked"/>
      </concept>
      <concept>
        <code value="highly_crosslinked_antioxidant"/>
        <display value="Highly crosslinked med antioxidant (Vitamin E og AOX)"/>
      </concept>
    </include>
  </compose>
</ValueSet>