<?xml version="1.0" encoding="UTF-8"?>

<ValueSet xmlns="http://hl7.org/fhir">
  <id value="VarighedPostOPTrombDKR"/>
  <text>
    <status value="extensions"/><div xmlns="http://www.w3.org/1999/xhtml"><p class="res-header-id"><b>Generated Narrative: ValueSet VarighedPostOPTrombDKR</b></p><a name="VarighedPostOPTrombDKR"> </a><a name="hcVarighedPostOPTrombDKR"> </a><a name="VarighedPostOPTrombDKR-en-US"> </a><p>This value set includes codes based on the following rules:</p><ul><li>Include these codes as defined in <a href="CodeSystem-Cyclus.html"><code>https://kip.rkkp.dk/fhir/CodeSystem/Cyclus</code></a><table class="none"><tr><td style="white-space:nowrap"><b>Code</b></td><td><b>Display</b></td><td><b>Definition</b></td></tr><tr><td><a href="CodeSystem-Cyclus.html#Cyclus-le5-dage">le5-dage</a></td><td>&lt;= 5 dage (kun under indlæggelse)</td><td>&lt;=5 dage</td></tr><tr><td><a href="CodeSystem-Cyclus.html#Cyclus-6-10-dage">6-10-dage</a></td><td>6-10 dage (forlænget profylakse)</td><td>6-10 dage</td></tr><tr><td><a href="CodeSystem-Cyclus.html#Cyclus-gt10-dage">gt10-dage</a></td><td>&gt;10 dage (ekstra forlænget profylakse)</td><td>&gt;10 dage</td></tr></table></li><li>Include these codes as defined in <a href="CodeSystem-Medicine.html"><code>https://kip.rkkp.dk/fhir/CodeSystem/Medicine</code></a><table class="none"><tr><td style="white-space:nowrap"><b>Code</b></td><td><b>Display</b></td><td><b>Definition</b></td></tr><tr><td><a href="CodeSystem-Medicine.html#Medicine-beh-vitamin_k">beh-vitamin_k</a></td><td>Patienten er i varig behandling med Vitamin-K-antagonist og fortsætter med tromboseprofylakse umiddelbart postoperativt indtil INR er i niveau</td><td>Behandling med vitamin-K-antagonist</td></tr><tr><td><a href="CodeSystem-Medicine.html#Medicine-noak_a">noak_a</a></td><td>Patienten er i varig NOAK-behandling og fortsætter med vanligt præparat i halv dosering de første 1-2 postoperative døgn</td><td>NOAK halv dosis</td></tr><tr><td><a href="CodeSystem-Medicine.html#Medicine-noak_b">noak_b</a></td><td>Patienten er i varig NOAK-behandling og fortsætter med vanligt præparat i fuld dosering umiddelbart postoperativt</td><td>NOAK fuld dosis</td></tr></table></li><li>Include these codes as defined in <a href="CodeSystem-GenericValues.html"><code>https://kip.rkkp.dk/fhir/CodeSystem/GenericValues</code></a><table class="none"><tr><td style="white-space:nowrap"><b>Code</b></td><td><b>Display</b></td><td><b>Definition</b></td></tr><tr><td><a href="CodeSystem-GenericValues.html#GenericValues-other">other</a></td><td>Andet</td><td>Other - used to choose unspecific value not in a valueset</td></tr></table></li></ul></div>
  </text>
  <url value="https://kip.rkkp.dk/fhir/ValueSet/VarighedPostOPTrombDKR"/>
  <version value="0.2.1"/>
  <name value="VarighedPostOPTrombDKR"/>
  <title value="Varighed PostOP trombolyseprofylakse (DKR)"/>
  <status value="active"/>
  <experimental value="true"/>
  <date value="2023-12-19T00:00:00+02:00"/>
  <publisher value="Sundhedsvæsnets Kvalistetsinstitut with Trifork Digital Health A/S"/>
  <contact>
    <name value="Sundhedsvæsnets Kvalistetsinstitut with Trifork Digital Health A/S"/>
    <telecom>
      <system value="url"/>
      <value value="https://trifork.com"/>
    </telecom>
    <telecom>
      <system value="email"/>
      <value value="rbk@trifork.com"/>
    </telecom>
  </contact>
  <description value="Planlagt varighed Postoperativ trombolyseprofylakse (DKR)"/>
  <compose>
    <include>
      <system value="https://kip.rkkp.dk/fhir/CodeSystem/Cyclus"/>
      <concept>
        <code value="le5-dage"/>
        <display value="&lt;= 5 dage (kun under indlæggelse)"/>
      </concept>
      <concept>
        <code value="6-10-dage"/>
        <display value="6-10 dage (forlænget profylakse)"/>
      </concept>
      <concept>
        <code value="gt10-dage"/>
        <display value="&gt;10 dage (ekstra forlænget profylakse)"/>
      </concept>
    </include>
    <include>
      <system value="https://kip.rkkp.dk/fhir/CodeSystem/Medicine"/>
      <concept>
        <code value="beh-vitamin_k"/>
        <display value="Patienten er i varig behandling med Vitamin-K-antagonist og fortsætter med tromboseprofylakse umiddelbart postoperativt indtil INR er i niveau"/>
      </concept>
      <concept>
        <code value="noak_a"/>
        <display value="Patienten er i varig NOAK-behandling og fortsætter med vanligt præparat i halv dosering de første 1-2 postoperative døgn"/>
      </concept>
      <concept>
        <code value="noak_b"/>
        <display value="Patienten er i varig NOAK-behandling og fortsætter med vanligt præparat i fuld dosering umiddelbart postoperativt"/>
      </concept>
    </include>
    <include>
      <system value="https://kip.rkkp.dk/fhir/CodeSystem/GenericValues"/>
      <concept>
        <code value="other"/>
        <display value="Andet"/>
      </concept>
    </include>
  </compose>
</ValueSet>