<?xml version="1.0" encoding="UTF-8"?>

<ValueSet xmlns="http://hl7.org/fhir">
  <id value="ObservationsstedPO"/>
  <text>
    <status value="extensions"/><div xmlns="http://www.w3.org/1999/xhtml"><p class="res-header-id"><b>Generated Narrative: ValueSet ObservationsstedPO</b></p><a name="ObservationsstedPO"> </a><a name="hcObservationsstedPO"> </a><a name="ObservationsstedPO-en-US"> </a><ul><li>Include these codes as defined in <a href="CodeSystem-Observationssted.html"><code>https://kip.rkkp.dk/fhir/CodeSystem/Observationssted</code></a><table class="none"><tr><td style="white-space:nowrap"><b>Code</b></td><td><b>Display</b></td><td><b>Definition</b></td></tr><tr><td><a href="CodeSystem-Observationssted.html#Observationssted-central_obs">central_obs</a></td><td>Centralt observationsafsnit</td><td>Centralt observationsafsnit</td></tr><tr><td><a href="CodeSystem-Observationssted.html#Observationssted-andet_obs">andet_obs</a></td><td>Andet observationsafsnit</td><td>Andet observationsafsnit</td></tr><tr><td><a href="CodeSystem-Observationssted.html#Observationssted-opergang">opergang</a></td><td>Operationsgangen</td><td>Operationsgangen</td></tr></table></li></ul></div>
  </text>
  <url value="https://kip.rkkp.dk/fhir/ValueSet/ObservationsstedPO"/>
  <version value="0.2.1"/>
  <name value="ObservationsstedPO"/>
  <title value="Observationssted postoperativt"/>
  <status value="active"/>
  <experimental value="true"/>
  <date value="2022-05-16T00:00:00+02:00"/>
  <publisher value="Sundhedsvæsnets Kvalistetsinstitut with Trifork Digital Health A/S"/>
  <contact>
    <name value="Sundhedsvæsnets Kvalistetsinstitut with Trifork Digital Health A/S"/>
    <telecom>
      <system value="url"/>
      <value value="https://trifork.com"/>
    </telecom>
    <telecom>
      <system value="email"/>
      <value value="rbk@trifork.com"/>
    </telecom>
  </contact>
  <description value="Observationssted for postoperativ anæstesi observation"/>
  <compose>
    <include>
      <system value="https://kip.rkkp.dk/fhir/CodeSystem/Observationssted"/>
      <concept>
        <code value="central_obs"/>
        <display value="Centralt observationsafsnit"/>
      </concept>
      <concept>
        <code value="andet_obs"/>
        <display value="Andet observationsafsnit"/>
      </concept>
      <concept>
        <code value="opergang"/>
        <display value="Operationsgangen"/>
      </concept>
    </include>
  </compose>
</ValueSet>