<?xml version="1.0" encoding="UTF-8"?>

<ValueSet xmlns="http://hl7.org/fhir">
  <id value="ImplantatAnatomiskOffset"/>
  <text>
    <status value="extensions"/><div xmlns="http://www.w3.org/1999/xhtml"><p class="res-header-id"><b>Generated Narrative: ValueSet ImplantatAnatomiskOffset</b></p><a name="ImplantatAnatomiskOffset"> </a><a name="hcImplantatAnatomiskOffset"> </a><a name="ImplantatAnatomiskOffset-en-US"> </a><ul><li>Include these codes as defined in <a href="CodeSystem-ImplantComponents.html"><code>https://kip.rkkp.dk/fhir/CodeSystem/ImplantComponents</code></a><table class="none"><tr><td style="white-space:nowrap"><b>Code</b></td><td><b>Display</b></td><td><b>Definition</b></td></tr><tr><td><a href="CodeSystem-ImplantComponents.html#ImplantComponents-symmetrical">symmetrical</a></td><td>Symmetrisk</td><td>Symmetrical / Symmetrisk / SNOMED-CT: 255473004</td></tr><tr><td><a href="CodeSystem-ImplantComponents.html#ImplantComponents-offset">offset</a></td><td>Offset</td><td>Offset</td></tr></table></li></ul></div>
  </text>
  <url value="https://kip.rkkp.dk/fhir/ValueSet/ImplantatAnatomiskOffset"/>
  <version value="0.2.1"/>
  <name value="ImplantatAnatomiskOffset"/>
  <title value="Implantat - anatomisk: offset"/>
  <status value="active"/>
  <experimental value="true"/>
  <date value="2022-10-06T00:00:00+02:00"/>
  <publisher value="Sundhedsvæsnets Kvalistetsinstitut with Trifork Digital Health A/S"/>
  <contact>
    <name value="Sundhedsvæsnets Kvalistetsinstitut with Trifork Digital Health A/S"/>
    <telecom>
      <system value="url"/>
      <value value="https://trifork.com"/>
    </telecom>
    <telecom>
      <system value="email"/>
      <value value="rbk@trifork.com"/>
    </telecom>
  </contact>
  <description value="Implantat - anatomisk: offset"/>
  <compose>
    <include>
      <system value="https://kip.rkkp.dk/fhir/CodeSystem/ImplantComponents"/>
      <concept>
        <code value="symmetrical"/>
        <display value="Symmetrisk"/>
      </concept>
      <concept>
        <code value="offset"/>
        <display value="Offset"/>
      </concept>
    </include>
  </compose>
</ValueSet>