<?xml version="1.0" encoding="UTF-8"?>

<ValueSet xmlns="http://hl7.org/fhir">
  <id value="SOROverflytningRETSPSYKMJ"/>
  <text>
    <status value="extensions"/><div xmlns="http://www.w3.org/1999/xhtml"><p class="res-header-id"><b>Generated Narrative: ValueSet SOROverflytningRETSPSYKMJ</b></p><a name="SOROverflytningRETSPSYKMJ"> </a><a name="hcSOROverflytningRETSPSYKMJ"> </a><a name="SOROverflytningRETSPSYKMJ-en-US"> </a><ul><li>Include these codes as defined in <a href="CodeSystem-SOR.html"><code>https://kip.rkkp.dk/fhir/CodeSystem/SOR</code></a><table class="none"><tr><td style="white-space:nowrap"><b>Code</b></td><td><b>Display</b></td><td><b>Definition</b></td></tr><tr><td><a href="CodeSystem-SOR.html#SOR-695151000016003">695151000016003</a></td><td>Afdeling for Psykoser - AUH</td><td>Afdeling for Psykoser - AUH</td></tr><tr><td><a href="CodeSystem-SOR.html#SOR-694891000016001">694891000016001</a></td><td>ADA Klinik for Angst og OCD - AUH</td><td>Psykiatrien Region Midtjylland - ADA Klinik for Angst og OCD - AUH</td></tr><tr><td><a href="CodeSystem-SOR.html#SOR-1200011000016005">1200011000016005</a></td><td>ADA Klinik for Bipolar Sygdom - AUH</td><td>Psykiatrien Region Midtjylland - ADA Klinik for Bipolar Sygdom - AUH</td></tr><tr><td><a href="CodeSystem-SOR.html#SOR-1199951000016004">1199951000016004</a></td><td>ADA Klinik for Depression - AUH</td><td>ADA Klinik for Depression - AUH</td></tr><tr><td><a href="CodeSystem-SOR.html#SOR-694841000016009">694841000016009</a></td><td>ADA Klinik for Personlighedsforstyrrelser - AUH</td><td>Psykiatrien Region Midtjylland - ADA Klinik for Personlighedsforstyrrelser - AUH</td></tr><tr><td><a href="CodeSystem-SOR.html#SOR-694901000016000">694901000016000</a></td><td>ADA Klinik for PTSD og Transkulturel Psykiatri - AUH</td><td>Psykiatrien Region Midtjylland - ADA Klinik for PTSD og Transkulturel Psykiatri - AUH</td></tr><tr><td><a href="CodeSystem-SOR.html#SOR-695161000016000">695161000016000</a></td><td>AFP Psykiatri Sengeafsnit for Psykoser - AUH</td><td>Psykiatrien Region Midtjylland - AFP Psykiatri Sengeafsnit for Psykoser - AUH</td></tr><tr><td><a href="CodeSystem-SOR.html#SOR-695251000016007">695251000016007</a></td><td>AFP Psykiatrisk Klinik 1 - AUH</td><td>Psykiatrien Region Midtjylland - AFP Psykiatrisk Klinik 1 - AUH</td></tr><tr><td><a href="CodeSystem-SOR.html#SOR-695281000016003">695281000016003</a></td><td>AFP Psykiatrisk Klinik 2 - AUH</td><td>Psykiatrien Region Midtjylland - AFP Psykiatrisk Klinik 2 - AUH</td></tr><tr><td><a href="CodeSystem-SOR.html#SOR-694441000016007">694441000016007</a></td><td>BUA Psykiatrisk Klinik for Unge</td><td>BUA Psykiatrisk Klinik for Unge</td></tr><tr><td><a href="CodeSystem-SOR.html#SOR-694461000016008">694461000016008</a></td><td>BUA Børne- og Ungdomspsykiatri - Sengeafsnit</td><td>BUA Børne- og Ungdomspsykiatri - Sengeafsnit</td></tr><tr><td><a href="CodeSystem-SOR.html#SOR-694681000016004">694681000016004</a></td><td>BUA Klinik for Mentalobservation - AUH</td><td>Psykiatrien Region Midtjylland - BUA Klinik for Mentalobservation - AUH</td></tr><tr><td><a href="CodeSystem-SOR.html#SOR-694271000016004">694271000016004</a></td><td>RET Retspsykiatri - Sengeafsnit 1 - AUH</td><td>RET Retspsykiatri - Sengeafsnit 1 - AUH</td></tr><tr><td><a href="CodeSystem-SOR.html#SOR-694281000016002">694281000016002</a></td><td>RET Retspsykiatri - Sengeafsnit 2 - AUH</td><td>RET Retspsykiatri - Sengeafsnit 2 - AUH</td></tr><tr><td><a href="CodeSystem-SOR.html#SOR-694291000016000">694291000016000</a></td><td>RET Retspsykiatri - Sengeafsnit 3 - AUH</td><td>RET Retspsykiatri - Sengeafsnit 3 - AUH</td></tr><tr><td><a href="CodeSystem-SOR.html#SOR-694301000016001">694301000016001</a></td><td>RET Retspsykiatri - Sengeafsnit 4 - AUH</td><td>RET Retspsykiatri - Sengeafsnit 4 - AUH</td></tr><tr><td><a href="CodeSystem-SOR.html#SOR-694331000016005">694331000016005</a></td><td>RET Retspsykiatrisk Opsøgende Team - AUH </td><td>RET Retspsykiatrisk Opsøgende Team - AUH</td></tr><tr><td><a href="CodeSystem-SOR.html#SOR-694231000016001">694231000016001</a></td><td>RET Psykiatri Sengeafsnit for Retspsykiatri - AUH</td><td>Psykiatrien Region Midtjylland - RET Psykiatri Sengeafsnit for Retspsykiatri  - AUH</td></tr><tr><td><a href="CodeSystem-SOR.html#SOR-694251000016006">694251000016006</a></td><td>RET Retspsykiatrisk Klinik - AUH</td><td>Psykiatrien Region Midtjylland - RET Retspsykiatrisk Klinik - AUH</td></tr><tr><td><a href="CodeSystem-SOR.html#SOR-694221000016003">694221000016003</a></td><td>Retspsykiatrisk Afdeling - AUH</td><td>Psykiatrien Region Midtjylland - Retspsykiatrisk Afdeling - AUH</td></tr><tr><td><a href="CodeSystem-SOR.html#SOR-694351000016000">694351000016000</a></td><td>Afdeling for Depression og Angst - AUH</td><td>Afdeling for Depression og Angst - AUH</td></tr><tr><td><a href="CodeSystem-SOR.html#SOR-454451000016003">454451000016003</a></td><td>PMI Klinik for psykoser - Midt</td><td>Psykiatrien Region Midtjylland - PMI Klinik for psykoser - Midt</td></tr><tr><td><a href="CodeSystem-SOR.html#SOR-454461000016000">454461000016000</a></td><td>PMI Klinik for retspsykiatri - Midt</td><td>Psykiatrien Region Midtjylland - PMI Klinik for retspsykiatri - Midt</td></tr><tr><td><a href="CodeSystem-SOR.html#SOR-391151000016008">391151000016008</a></td><td>PMI Regionspsykiatrien Midt</td><td>Psykiatrien Region Midtjylland - PMI Regionspsykiatrien Midt</td></tr><tr><td><a href="CodeSystem-SOR.html#SOR-454401000016004">454401000016004</a></td><td>PMI Sengeafsnit - Regionspsykiatri Midt</td><td>Psykiatrien Region Midtjylland - PMI Sengeafsnit - Regionspsykiatri Midt</td></tr><tr><td><a href="CodeSystem-SOR.html#SOR-603271000016004">603271000016004</a></td><td>PMI R1 Sengeafsnit retspsykiatri - Viborg</td><td>PMI R1 Sengeafsnit retspsykiatri - Viborg</td></tr><tr><td><a href="CodeSystem-SOR.html#SOR-603281000016002">603281000016002</a></td><td>PMI R2 Sengeafsnit retspsykiatri - Viborg</td><td>PMI R2 Sengeafsnit retspsykiatri - Viborg</td></tr><tr><td><a href="CodeSystem-SOR.html#SOR-463791000016008">463791000016008</a></td><td>PMI Sengeafsnit retspsykiatri - Viborg</td><td>Psykiatrien Region Midtjylland - PMI Sengeafsnit retspsykiatri - Viborg</td></tr><tr><td><a href="CodeSystem-SOR.html#SOR-687931000016002">687931000016002</a></td><td>PMI Særlige Pladser - Viborg</td><td>PMI Særlige Pladser - Viborg</td></tr><tr><td><a href="CodeSystem-SOR.html#SOR-884331000016001">884331000016001</a></td><td>PMI Klinik for retspsykiatri - Viborg-Skive</td><td>PMI Klinik for retspsykiatri - Viborg-Skive</td></tr><tr><td><a href="CodeSystem-SOR.html#SOR-884301000016005">884301000016005</a></td><td>PMI ADHD og Rusmiddelteam - Silkeborg</td><td>PMI ADHD og Rusmiddelteam - Silkeborg</td></tr><tr><td><a href="CodeSystem-SOR.html#SOR-884201000016001">884201000016001</a></td><td>PMI Team for depression og mani - Silkeborg</td><td>PMI Team for depression og mani - Silkeborg</td></tr><tr><td><a href="CodeSystem-SOR.html#SOR-884181000016000">884181000016000</a></td><td>PMI Team for OCD og Angstlidelser - Silkeborg</td><td>PMI Team for OCD og Angstlidelser - Silkeborg</td></tr><tr><td><a href="CodeSystem-SOR.html#SOR-884321000016003">884321000016003</a></td><td>PMI Team for psykoser - Silkeborg</td><td>PMI Team for psykoser - Silkeborg</td></tr><tr><td><a href="CodeSystem-SOR.html#SOR-479201000016002">479201000016002</a></td><td>Klinik 1 for Psykiatriske Lidelser - Regionspsykiatrien Horsens </td><td>PHO Klinik 1 for Psykiatriske Lidelser - Horsens</td></tr><tr><td><a href="CodeSystem-SOR.html#SOR-934471000016008">934471000016008</a></td><td>PHO Team for Retspsykiatri - Horsens</td><td>PHO Team for Retspsykiatri - Horsens</td></tr><tr><td><a href="CodeSystem-SOR.html#SOR-391161000016006">391161000016006</a></td><td>PHO Regionspsykiatrien Horsens</td><td>PHO Regionspsykiatrien Horsens</td></tr><tr><td><a href="CodeSystem-SOR.html#SOR-479221000016009">479221000016009</a></td><td>PHO O1 Sengeafsnit Regionspsykiatri - Horsens</td><td>Psykiatrien Region Midtjylland - PHO O1 Sengeafsnit Regionspsykiatri - Horsens</td></tr><tr><td><a href="CodeSystem-SOR.html#SOR-391171000016001">391171000016001</a></td><td>Regionspsykiatrien Randers</td><td>Regionspsykiatrien Randers</td></tr><tr><td><a href="CodeSystem-SOR.html#SOR-486741000016006">486741000016006</a></td><td>PRA Psykiatrisk Klinik 2 - Randers</td><td>Psykiatrien Region Midtjylland - PRA Psykiatrisk Klinik 2 - Randers</td></tr><tr><td><a href="CodeSystem-SOR.html#SOR-387101000016000">387101000016000</a></td><td>PVE Ambulant psykose enhed - vest</td><td>Psykiatrien Region Midtjylland - PVE Ambulant psykose enhed - vest</td></tr><tr><td><a href="CodeSystem-SOR.html#SOR-1223721000016002">1223721000016002</a></td><td>RPG Enhed for Retspsykiatri – Gødstrup</td><td>RPG Enhed for Retspsykiatri – Gødstrup</td></tr><tr><td><a href="CodeSystem-SOR.html#SOR-986621000016007">986621000016007</a></td><td>Regionspsykiatrien Gødstrup</td><td>Regionspsykiatrien Gødstrup</td></tr><tr><td><a href="CodeSystem-SOR.html#SOR-986631000016009">986631000016009</a></td><td>RPG Sengeafdeling Regionpsykiatrien - Gødstrup</td><td>RPG Sengeafdeling Regionpsykiatrien - Gødstrup</td></tr><tr><td><a href="CodeSystem-SOR.html#SOR-1223761000016008">1223761000016008</a></td><td>RPG Team for Retspsykiatri - Gødstrup</td><td>RPG Team for Retspsykiatri - Gødstrup</td></tr></table></li></ul></div>
  </text>
  <url value="https://kip.rkkp.dk/fhir/ValueSet/SOROverflytningRETSPSYKMJ"/>
  <version value="0.2.1"/>
  <name value="SOROverflytningRETSPSYKMJ"/>
  <title value="SOR: Overflytning Midtjylland (RETSPSYK)"/>
  <status value="active"/>
  <experimental value="true"/>
  <date value="2024-03-13T00:00:00+02:00"/>
  <publisher value="Sundhedsvæsnets Kvalistetsinstitut with Trifork Digital Health A/S"/>
  <contact>
    <name value="Sundhedsvæsnets Kvalistetsinstitut with Trifork Digital Health A/S"/>
    <telecom>
      <system value="url"/>
      <value value="https://trifork.com"/>
    </telecom>
    <telecom>
      <system value="email"/>
      <value value="rbk@trifork.com"/>
    </telecom>
  </contact>
  <description value="SOR: Overflytning Midtjylland (RETSPSYK)"/>
  <compose>
    <include>
      <system value="https://kip.rkkp.dk/fhir/CodeSystem/SOR"/>
      <concept>
        <code value="695151000016003"/>
        <display value="Afdeling for Psykoser - AUH"/>
      </concept>
      <concept>
        <code value="694891000016001"/>
        <display value="ADA Klinik for Angst og OCD - AUH"/>
      </concept>
      <concept>
        <code value="1200011000016005"/>
        <display value="ADA Klinik for Bipolar Sygdom - AUH"/>
      </concept>
      <concept>
        <code value="1199951000016004"/>
        <display value="ADA Klinik for Depression - AUH"/>
      </concept>
      <concept>
        <code value="694841000016009"/>
        <display value="ADA Klinik for Personlighedsforstyrrelser - AUH"/>
      </concept>
      <concept>
        <code value="694901000016000"/>
        <display value="ADA Klinik for PTSD og Transkulturel Psykiatri - AUH"/>
      </concept>
      <concept>
        <code value="695161000016000"/>
        <display value="AFP Psykiatri Sengeafsnit for Psykoser - AUH"/>
      </concept>
      <concept>
        <code value="695251000016007"/>
        <display value="AFP Psykiatrisk Klinik 1 - AUH"/>
      </concept>
      <concept>
        <code value="695281000016003"/>
        <display value="AFP Psykiatrisk Klinik 2 - AUH"/>
      </concept>
      <concept>
        <code value="694441000016007"/>
        <display value="BUA Psykiatrisk Klinik for Unge"/>
      </concept>
      <concept>
        <code value="694461000016008"/>
        <display value="BUA Børne- og Ungdomspsykiatri - Sengeafsnit"/>
      </concept>
      <concept>
        <code value="694681000016004"/>
        <display value="BUA Klinik for Mentalobservation - AUH"/>
      </concept>
      <concept>
        <code value="694271000016004"/>
        <display value="RET Retspsykiatri - Sengeafsnit 1 - AUH"/>
      </concept>
      <concept>
        <code value="694281000016002"/>
        <display value="RET Retspsykiatri - Sengeafsnit 2 - AUH"/>
      </concept>
      <concept>
        <code value="694291000016000"/>
        <display value="RET Retspsykiatri - Sengeafsnit 3 - AUH"/>
      </concept>
      <concept>
        <code value="694301000016001"/>
        <display value="RET Retspsykiatri - Sengeafsnit 4 - AUH"/>
      </concept>
      <concept>
        <code value="694331000016005"/>
        <display value="RET Retspsykiatrisk Opsøgende Team - AUH "/>
      </concept>
      <concept>
        <code value="694231000016001"/>
        <display value="RET Psykiatri Sengeafsnit for Retspsykiatri - AUH"/>
      </concept>
      <concept>
        <code value="694251000016006"/>
        <display value="RET Retspsykiatrisk Klinik - AUH"/>
      </concept>
      <concept>
        <code value="694221000016003"/>
        <display value="Retspsykiatrisk Afdeling - AUH"/>
      </concept>
      <concept>
        <code value="694351000016000"/>
        <display value="Afdeling for Depression og Angst - AUH"/>
      </concept>
      <concept>
        <code value="454451000016003"/>
        <display value="PMI Klinik for psykoser - Midt"/>
      </concept>
      <concept>
        <code value="454461000016000"/>
        <display value="PMI Klinik for retspsykiatri - Midt"/>
      </concept>
      <concept>
        <code value="391151000016008"/>
        <display value="PMI Regionspsykiatrien Midt"/>
      </concept>
      <concept>
        <code value="454401000016004"/>
        <display value="PMI Sengeafsnit - Regionspsykiatri Midt"/>
      </concept>
      <concept>
        <code value="603271000016004"/>
        <display value="PMI R1 Sengeafsnit retspsykiatri - Viborg"/>
      </concept>
      <concept>
        <code value="603281000016002"/>
        <display value="PMI R2 Sengeafsnit retspsykiatri - Viborg"/>
      </concept>
      <concept>
        <code value="463791000016008"/>
        <display value="PMI Sengeafsnit retspsykiatri - Viborg"/>
      </concept>
      <concept>
        <code value="687931000016002"/>
        <display value="PMI Særlige Pladser - Viborg"/>
      </concept>
      <concept>
        <code value="884331000016001"/>
        <display value="PMI Klinik for retspsykiatri - Viborg-Skive"/>
      </concept>
      <concept>
        <code value="884301000016005"/>
        <display value="PMI ADHD og Rusmiddelteam - Silkeborg"/>
      </concept>
      <concept>
        <code value="884201000016001"/>
        <display value="PMI Team for depression og mani - Silkeborg"/>
      </concept>
      <concept>
        <code value="884181000016000"/>
        <display value="PMI Team for OCD og Angstlidelser - Silkeborg"/>
      </concept>
      <concept>
        <code value="884321000016003"/>
        <display value="PMI Team for psykoser - Silkeborg"/>
      </concept>
      <concept>
        <code value="479201000016002"/>
        <display value="Klinik 1 for Psykiatriske Lidelser - Regionspsykiatrien Horsens "/>
      </concept>
      <concept>
        <code value="934471000016008"/>
        <display value="PHO Team for Retspsykiatri - Horsens"/>
      </concept>
      <concept>
        <code value="391161000016006"/>
        <display value="PHO Regionspsykiatrien Horsens"/>
      </concept>
      <concept>
        <code value="479221000016009"/>
        <display value="PHO O1 Sengeafsnit Regionspsykiatri - Horsens"/>
      </concept>
      <concept>
        <code value="391171000016001"/>
        <display value="Regionspsykiatrien Randers"/>
      </concept>
      <concept>
        <code value="486741000016006"/>
        <display value="PRA Psykiatrisk Klinik 2 - Randers"/>
      </concept>
      <concept>
        <code value="387101000016000"/>
        <display value="PVE Ambulant psykose enhed - vest"/>
      </concept>
      <concept>
        <code value="1223721000016002"/>
        <display value="RPG Enhed for Retspsykiatri – Gødstrup"/>
      </concept>
      <concept>
        <code value="986621000016007"/>
        <display value="Regionspsykiatrien Gødstrup"/>
      </concept>
      <concept>
        <code value="986631000016009"/>
        <display value="RPG Sengeafdeling Regionpsykiatrien - Gødstrup"/>
      </concept>
      <concept>
        <code value="1223761000016008"/>
        <display value="RPG Team for Retspsykiatri - Gødstrup"/>
      </concept>
    </include>
  </compose>
</ValueSet>