<?xml version="1.0" encoding="UTF-8"?>

<ValueSet xmlns="http://hl7.org/fhir">
  <id value="BanffClassifikation"/>
  <text>
    <status value="extensions"/><div xmlns="http://www.w3.org/1999/xhtml"><p class="res-header-id"><b>Generated Narrative: ValueSet BanffClassifikation</b></p><a name="BanffClassifikation"> </a><a name="hcBanffClassifikation"> </a><a name="BanffClassifikation-en-US"> </a><ul><li>Include these codes as defined in <a href="CodeSystem-BANFF.html"><code>https://kip.rkkp.dk/fhir/CodeSystem/BANFF</code></a><table class="none"><tr><td style="white-space:nowrap"><b>Code</b></td><td><b>Display</b></td><td><b>Definition</b></td></tr><tr><td><a href="CodeSystem-BANFF.html#BANFF-Borderline">Borderline</a></td><td>Borderline</td><td>Borderline</td></tr><tr><td><a href="CodeSystem-BANFF.html#BANFF-1A">1A</a></td><td>1A</td><td>1A</td></tr><tr><td><a href="CodeSystem-BANFF.html#BANFF-1B">1B</a></td><td>1B</td><td>1B</td></tr><tr><td><a href="CodeSystem-BANFF.html#BANFF-2A">2A</a></td><td>2A</td><td>2A</td></tr><tr><td><a href="CodeSystem-BANFF.html#BANFF-2B">2B</a></td><td>2B</td><td>2B</td></tr><tr><td><a href="CodeSystem-BANFF.html#BANFF-3">3</a></td><td>3</td><td>3</td></tr><tr><td><a href="CodeSystem-BANFF.html#BANFF-InsufBiopsi">InsufBiopsi</a></td><td>Insufficient biopsi</td><td>Insufficient biopsi</td></tr><tr><td><a href="CodeSystem-BANFF.html#BANFF-AntistofMedi">AntistofMedi</a></td><td>Antistof-medieret</td><td>Antistof-medieret</td></tr></table></li></ul></div>
  </text>
  <url value="https://kip.rkkp.dk/fhir/ValueSet/BanffClassifikation"/>
  <version value="0.2.1"/>
  <name value="BanffClassifikation"/>
  <title value="Banff Classifikation"/>
  <status value="active"/>
  <experimental value="true"/>
  <date value="2024-10-01T00:00:00+02:00"/>
  <publisher value="Sundhedsvæsnets Kvalistetsinstitut with Trifork Digital Health A/S"/>
  <contact>
    <name value="Sundhedsvæsnets Kvalistetsinstitut with Trifork Digital Health A/S"/>
    <telecom>
      <system value="url"/>
      <value value="https://trifork.com"/>
    </telecom>
    <telecom>
      <system value="email"/>
      <value value="rbk@trifork.com"/>
    </telecom>
  </contact>
  <description value="Banff Classifikation(DNSL)"/>
  <compose>
    <include>
      <system value="https://kip.rkkp.dk/fhir/CodeSystem/BANFF"/>
      <concept>
        <code value="Borderline"/>
        <display value="Borderline"/>
      </concept>
      <concept>
        <code value="1A"/>
        <display value="1A"/>
      </concept>
      <concept>
        <code value="1B"/>
        <display value="1B"/>
      </concept>
      <concept>
        <code value="2A"/>
        <display value="2A"/>
      </concept>
      <concept>
        <code value="2B"/>
        <display value="2B"/>
      </concept>
      <concept>
        <code value="3"/>
        <display value="3"/>
      </concept>
      <concept>
        <code value="InsufBiopsi"/>
        <display value="Insufficient biopsi"/>
      </concept>
      <concept>
        <code value="AntistofMedi"/>
        <display value="Antistof-medieret"/>
      </concept>
    </include>
  </compose>
</ValueSet>