<?xml version="1.0" encoding="UTF-8"?>

<ValueSet xmlns="http://hl7.org/fhir">
  <id value="LokalBloedningDAP"/>
  <text>
    <status value="extensions"/><div xmlns="http://www.w3.org/1999/xhtml"><p class="res-header-id"><b>Generated Narrative: ValueSet LokalBloedningDAP</b></p><a name="LokalBloedningDAP"> </a><a name="hcLokalBloedningDAP"> </a><a name="LokalBloedningDAP-en-US"> </a><ul><li>Include these codes as defined in <a href="CodeSystem-BleedingStroke.html"><code>https://kip.rkkp.dk/fhir/CodeSystem/BleedingStroke</code></a><table class="none"><tr><td style="white-space:nowrap"><b>Code</b></td><td><b>Display</b></td><td><b>Definition</b></td></tr><tr><td><a href="CodeSystem-BleedingStroke.html#BleedingStroke-hi_1">hi_1</a></td><td>HI 1</td><td>HI 1</td></tr><tr><td><a href="CodeSystem-BleedingStroke.html#BleedingStroke-hi_2">hi_2</a></td><td>HI 2</td><td>HI 2</td></tr><tr><td><a href="CodeSystem-BleedingStroke.html#BleedingStroke-ph_1">ph_1</a></td><td>PH 1</td><td>PH 1</td></tr><tr><td><a href="CodeSystem-BleedingStroke.html#BleedingStroke-ph_2">ph_2</a></td><td>PH 2</td><td>PH 2</td></tr></table></li></ul></div>
  </text>
  <url value="https://kip.rkkp.dk/fhir/ValueSet/LokalBloedningDAP"/>
  <version value="0.2.1"/>
  <name value="LokalBloedningDAP"/>
  <title value="Lokal blødning (DAP)"/>
  <status value="active"/>
  <experimental value="true"/>
  <date value="2022-09-02T00:00:00+02:00"/>
  <publisher value="Sundhedsvæsnets Kvalistetsinstitut with Trifork Digital Health A/S"/>
  <contact>
    <name value="Sundhedsvæsnets Kvalistetsinstitut with Trifork Digital Health A/S"/>
    <telecom>
      <system value="url"/>
      <value value="https://trifork.com"/>
    </telecom>
    <telecom>
      <system value="email"/>
      <value value="rbk@trifork.com"/>
    </telecom>
  </contact>
  <description value="Lokal blødning fundet i forbindelse med billeddiagnostisk undersøgelse (DAP)"/>
  <compose>
    <include>
      <system value="https://kip.rkkp.dk/fhir/CodeSystem/BleedingStroke"/>
      <concept>
        <code value="hi_1"/>
        <display value="HI 1"/>
      </concept>
      <concept>
        <code value="hi_2"/>
        <display value="HI 2"/>
      </concept>
      <concept>
        <code value="ph_1"/>
        <display value="PH 1"/>
      </concept>
      <concept>
        <code value="ph_2"/>
        <display value="PH 2"/>
      </concept>
    </include>
  </compose>
</ValueSet>