<?xml version="1.0" encoding="UTF-8"?>

<ValueSet xmlns="http://hl7.org/fhir">
  <id value="MenisklaesionBehandlingDKRR"/>
  <text>
    <status value="extensions"/><div xmlns="http://www.w3.org/1999/xhtml"><p class="res-header-id"><b>Generated Narrative: ValueSet MenisklaesionBehandlingDKRR</b></p><a name="MenisklaesionBehandlingDKRR"> </a><a name="hcMenisklaesionBehandlingDKRR"> </a><a name="MenisklaesionBehandlingDKRR-en-US"> </a><p>This value set includes codes based on the following rules:</p><ul><li>Include these codes as defined in <a href="CodeSystem-TreatmentLesion.html"><code>https://kip.rkkp.dk/fhir/CodeSystem/TreatmentLesion</code></a><table class="none"><tr><td style="white-space:nowrap"><b>Code</b></td><td><b>Display</b></td><td><b>Definition</b></td></tr><tr><td><a href="CodeSystem-TreatmentLesion.html#TreatmentLesion-resection">resection</a></td><td>Resektion</td><td>Resection / Resektion</td></tr><tr><td><a href="CodeSystem-TreatmentLesion.html#TreatmentLesion-suture">suture</a></td><td>Sutur</td><td>Suture / Sutur</td></tr><tr><td><a href="CodeSystem-TreatmentLesion.html#TreatmentLesion-all_inside">all_inside</a></td><td>All inside</td><td>All inside</td></tr></table></li><li>Include these codes as defined in <a href="CodeSystem-GenericValues.html"><code>https://kip.rkkp.dk/fhir/CodeSystem/GenericValues</code></a><table class="none"><tr><td style="white-space:nowrap"><b>Code</b></td><td><b>Display</b></td><td><b>Definition</b></td></tr><tr><td><a href="CodeSystem-GenericValues.html#GenericValues-other">other</a></td><td>Anden operation</td><td>Other - used to choose unspecific value not in a valueset</td></tr></table></li></ul></div>
  </text>
  <url value="https://kip.rkkp.dk/fhir/ValueSet/MenisklaesionBehandlingDKRR"/>
  <version value="0.2.1"/>
  <name value="MenisklaesionBehandlingDKRR"/>
  <title value="Menisklæsion, behandling (DKRR)"/>
  <status value="active"/>
  <experimental value="true"/>
  <date value="2022-09-19T00:00:00+02:00"/>
  <publisher value="Sundhedsvæsnets Kvalistetsinstitut with Trifork Digital Health A/S"/>
  <contact>
    <name value="Sundhedsvæsnets Kvalistetsinstitut with Trifork Digital Health A/S"/>
    <telecom>
      <system value="url"/>
      <value value="https://trifork.com"/>
    </telecom>
    <telecom>
      <system value="email"/>
      <value value="rbk@trifork.com"/>
    </telecom>
  </contact>
  <description value="Menisklæsion, behandling (DKRR)"/>
  <compose>
    <include>
      <system value="https://kip.rkkp.dk/fhir/CodeSystem/TreatmentLesion"/>
      <concept>
        <code value="resection"/>
        <display value="Resektion"/>
      </concept>
      <concept>
        <code value="suture"/>
        <display value="Sutur"/>
      </concept>
      <concept>
        <code value="all_inside"/>
        <display value="All inside"/>
      </concept>
    </include>
    <include>
      <system value="https://kip.rkkp.dk/fhir/CodeSystem/GenericValues"/>
      <concept>
        <code value="other"/>
        <display value="Anden operation"/>
      </concept>
    </include>
  </compose>
</ValueSet>