<?xml version="1.0" encoding="UTF-8"?>

<ValueSet xmlns="http://hl7.org/fhir">
  <id value="MLInstabilitetDKR"/>
  <text>
    <status value="extensions"/><div xmlns="http://www.w3.org/1999/xhtml"><p class="res-header-id"><b>Generated Narrative: ValueSet MLInstabilitetDKR</b></p><a name="MLInstabilitetDKR"> </a><a name="hcMLInstabilitetDKR"> </a><a name="MLInstabilitetDKR-en-US"> </a><ul><li>Include these codes as defined in <a href="CodeSystem-Intervals.html"><code>https://kip.rkkp.dk/fhir/CodeSystem/Intervals</code></a><table class="none"><tr><td style="white-space:nowrap"><b>Code</b></td><td><b>Display</b></td><td><b>Definition</b></td></tr><tr><td><a href="CodeSystem-Intervals.html#Intervals-.605">&lt;5</a></td><td>&lt;5 grader</td><td>&lt;5</td></tr><tr><td><a href="CodeSystem-Intervals.html#Intervals-5-9">5-9</a></td><td>5-9 grader</td><td>5-9</td></tr><tr><td><a href="CodeSystem-Intervals.html#Intervals-10-14">10-14</a></td><td>10-14 grader</td><td>10-14</td></tr><tr><td><a href="CodeSystem-Intervals.html#Intervals-.6214">&gt;14</a></td><td>&gt;14 grader</td><td>&gt;14</td></tr></table></li></ul></div>
  </text>
  <url value="https://kip.rkkp.dk/fhir/ValueSet/MLInstabilitetDKR"/>
  <version value="0.2.1"/>
  <name value="MLInstabilitetDKR"/>
  <title value="ML-instabilitet (DKR)"/>
  <status value="active"/>
  <experimental value="true"/>
  <date value="2022-10-12T00:00:00+02:00"/>
  <publisher value="Sundhedsvæsnets Kvalistetsinstitut with Trifork Digital Health A/S"/>
  <contact>
    <name value="Sundhedsvæsnets Kvalistetsinstitut with Trifork Digital Health A/S"/>
    <telecom>
      <system value="url"/>
      <value value="https://trifork.com"/>
    </telecom>
    <telecom>
      <system value="email"/>
      <value value="rbk@trifork.com"/>
    </telecom>
  </contact>
  <description value="ML-instabilitet (DKR)"/>
  <compose>
    <include>
      <system value="https://kip.rkkp.dk/fhir/CodeSystem/Intervals"/>
      <concept>
        <code value="&lt;5"/>
        <display value="&lt;5 grader"/>
      </concept>
      <concept>
        <code value="5-9"/>
        <display value="5-9 grader"/>
      </concept>
      <concept>
        <code value="10-14"/>
        <display value="10-14 grader"/>
      </concept>
      <concept>
        <code value="&gt;14"/>
        <display value="&gt;14 grader"/>
      </concept>
    </include>
  </compose>
</ValueSet>