<?xml version="1.0" encoding="UTF-8"?>

<ValueSet xmlns="http://hl7.org/fhir">
  <id value="AflastendeProcedure"/>
  <text>
    <status value="extensions"/><div xmlns="http://www.w3.org/1999/xhtml"><p class="res-header-id"><b>Generated Narrative: ValueSet AflastendeProcedure</b></p><a name="AflastendeProcedure"> </a><a name="hcAflastendeProcedure"> </a><a name="AflastendeProcedure-en-US"> </a><p>This value set includes codes based on the following rules:</p><ul><li>Include these codes as defined in <a href="CodeSystem-GenericValues.html"><code>https://kip.rkkp.dk/fhir/CodeSystem/GenericValues</code></a><table class="none"><tr><td style="white-space:nowrap"><b>Code</b></td><td><b>Display</b></td><td><b>Definition</b></td></tr><tr><td><a href="CodeSystem-GenericValues.html#GenericValues-none">none</a></td><td>Ingen</td><td>None - used to choose none of the available values</td></tr><tr><td><a href="CodeSystem-GenericValues.html#GenericValues-other">other</a></td><td>Anden</td><td>Other - used to choose unspecific value not in a valueset</td></tr></table></li><li>Include these codes as defined in <a href="CodeSystem-ProcedureType.html"><code>https://kip.rkkp.dk/fhir/CodeSystem/ProcedureType</code></a><table class="none"><tr><td style="white-space:nowrap"><b>Code</b></td><td><b>Display</b></td><td><b>Definition</b></td></tr><tr><td><a href="CodeSystem-ProcedureType.html#ProcedureType-stent">stent</a></td><td>Stent</td><td>Stent / SNOMED-CT: 65818007</td></tr><tr><td><a href="CodeSystem-ProcedureType.html#ProcedureType-stoma_shunt">stoma_shunt</a></td><td>Aflastende stomi</td><td>Kun aflastende stomi eller intern shunt</td></tr><tr><td><a href="CodeSystem-ProcedureType.html#ProcedureType-damage_control">damage_control</a></td><td>Damage controle</td><td>Damage control</td></tr></table></li></ul></div>
  </text>
  <url value="https://kip.rkkp.dk/fhir/ValueSet/AflastendeProcedure"/>
  <version value="0.2.1"/>
  <name value="AflastendeProcedure"/>
  <title value="Aflastende procedure DCCG"/>
  <status value="active"/>
  <experimental value="true"/>
  <date value="2022-09-07T00:00:00+02:00"/>
  <publisher value="Sundhedsvæsnets Kvalistetsinstitut with Trifork Digital Health A/S"/>
  <contact>
    <name value="Sundhedsvæsnets Kvalistetsinstitut with Trifork Digital Health A/S"/>
    <telecom>
      <system value="url"/>
      <value value="https://trifork.com"/>
    </telecom>
    <telecom>
      <system value="email"/>
      <value value="rbk@trifork.com"/>
    </telecom>
  </contact>
  <description value="Aflastende procedure DCCG"/>
  <compose>
    <include>
      <system value="https://kip.rkkp.dk/fhir/CodeSystem/GenericValues"/>
      <concept>
        <code value="none"/>
        <display value="Ingen"/>
      </concept>
      <concept>
        <code value="other"/>
        <display value="Anden"/>
      </concept>
    </include>
    <include>
      <system value="https://kip.rkkp.dk/fhir/CodeSystem/ProcedureType"/>
      <concept>
        <code value="stent"/>
        <display value="Stent"/>
      </concept>
      <concept>
        <code value="stoma_shunt"/>
        <display value="Aflastende stomi"/>
      </concept>
      <concept>
        <code value="damage_control"/>
        <display value="Damage controle"/>
      </concept>
    </include>
  </compose>
</ValueSet>