<?xml version="1.0" encoding="UTF-8"?>

<ValueSet xmlns="http://hl7.org/fhir">
  <id value="CancertypeDCCG"/>
  <text>
    <status value="extensions"/><div xmlns="http://www.w3.org/1999/xhtml"><p class="res-header-id"><b>Generated Narrative: ValueSet CancertypeDCCG</b></p><a name="CancertypeDCCG"> </a><a name="hcCancertypeDCCG"> </a><a name="CancertypeDCCG-en-US"> </a><ul><li>Include these codes as defined in <a href="CodeSystem-SKS.html"><code>https://kip.rkkp.dk/fhir/CodeSystem/SKS</code></a><table class="none"><tr><td style="white-space:nowrap"><b>Code</b></td><td><b>Display</b></td><td><b>Definition</b></td></tr><tr><td><a href="CodeSystem-SKS.html#SKS-DC18">DC18</a></td><td>Kolon</td><td>Kræft i tyktarmen</td></tr><tr><td><a href="CodeSystem-SKS.html#SKS-DC20">DC20</a></td><td>Rektum</td><td>Kræft i endetarmen</td></tr></table></li></ul></div>
  </text>
  <url value="https://kip.rkkp.dk/fhir/ValueSet/CancertypeDCCG"/>
  <version value="0.2.1"/>
  <name value="CancertypeDCCG"/>
  <title value="Cancertype DCCG"/>
  <status value="active"/>
  <experimental value="true"/>
  <date value="2022-09-06T00:00:00+02:00"/>
  <publisher value="Sundhedsvæsnets Kvalistetsinstitut with Trifork Digital Health A/S"/>
  <contact>
    <name value="Sundhedsvæsnets Kvalistetsinstitut with Trifork Digital Health A/S"/>
    <telecom>
      <system value="url"/>
      <value value="https://trifork.com"/>
    </telecom>
    <telecom>
      <system value="email"/>
      <value value="rbk@trifork.com"/>
    </telecom>
  </contact>
  <description value="Cancertype DCCG"/>
  <compose>
    <include>
      <system value="https://kip.rkkp.dk/fhir/CodeSystem/SKS"/>
      <concept>
        <code value="DC18"/>
        <display value="Kolon"/>
      </concept>
      <concept>
        <code value="DC20"/>
        <display value="Rektum"/>
      </concept>
    </include>
  </compose>
</ValueSet>