<?xml version="1.0" encoding="UTF-8"?>

<ValueSet xmlns="http://hl7.org/fhir">
  <id value="OperativeAdgangDHR"/>
  <text>
    <status value="extensions"/><div xmlns="http://www.w3.org/1999/xhtml"><p class="res-header-id"><b>Generated Narrative: ValueSet OperativeAdgangDHR</b></p><a name="OperativeAdgangDHR"> </a><a name="hcOperativeAdgangDHR"> </a><a name="OperativeAdgangDHR-en-US"> </a><ul><li>Include these codes as defined in <a href="CodeSystem-GenericValues.html"><code>https://kip.rkkp.dk/fhir/CodeSystem/GenericValues</code></a><table class="none"><tr><td style="white-space:nowrap"><b>Code</b></td><td><b>Display</b></td><td><b>Definition</b></td></tr><tr><td><a href="CodeSystem-GenericValues.html#GenericValues-posterior_approach">posterior_approach</a></td><td>Bagre adgang</td><td>Posterior approach / Posterior adgang / SNOMED-CT: 112238006</td></tr><tr><td><a href="CodeSystem-GenericValues.html#GenericValues-anterior_approach">anterior_approach</a></td><td>Forreste adgang</td><td>Anterior approach / Anterior adgang / SNOMED-CT: 83037006</td></tr><tr><td><a href="CodeSystem-GenericValues.html#GenericValues-lateral_approach">lateral_approach</a></td><td>Lateral adgang</td><td>Lateral approach / Lateral adgang / SNOMED-CT: 34459009</td></tr><tr><td><a href="CodeSystem-GenericValues.html#GenericValues-other">other</a></td><td>Andet</td><td>Other - used to choose unspecific value not in a valueset</td></tr></table></li></ul></div>
  </text>
  <url value="https://kip.rkkp.dk/fhir/ValueSet/OperativeAdgangDHR"/>
  <version value="0.2.1"/>
  <name value="OperativeAdgangDHR"/>
  <title value="Operative adgang (DHR)"/>
  <status value="active"/>
  <experimental value="true"/>
  <date value="2022-11-15T00:00:00+02:00"/>
  <publisher value="Sundhedsvæsnets Kvalistetsinstitut with Trifork Digital Health A/S"/>
  <contact>
    <name value="Sundhedsvæsnets Kvalistetsinstitut with Trifork Digital Health A/S"/>
    <telecom>
      <system value="url"/>
      <value value="https://trifork.com"/>
    </telecom>
    <telecom>
      <system value="email"/>
      <value value="rbk@trifork.com"/>
    </telecom>
  </contact>
  <description value="Operative adgang (DHR)"/>
  <compose>
    <include>
      <system value="https://kip.rkkp.dk/fhir/CodeSystem/GenericValues"/>
      <concept>
        <code value="posterior_approach"/>
        <display value="Bagre adgang"/>
      </concept>
      <concept>
        <code value="anterior_approach"/>
        <display value="Forreste adgang"/>
      </concept>
      <concept>
        <code value="lateral_approach"/>
        <display value="Lateral adgang"/>
      </concept>
      <concept>
        <code value="other"/>
        <display value="Andet"/>
      </concept>
    </include>
  </compose>
</ValueSet>