<?xml version="1.0" encoding="UTF-8"?>

<ValueSet xmlns="http://hl7.org/fhir">
  <id value="OperationKanalFemurPlaceringDKRR"/>
  <text>
    <status value="extensions"/><div xmlns="http://www.w3.org/1999/xhtml"><p class="res-header-id"><b>Generated Narrative: ValueSet OperationKanalFemurPlaceringDKRR</b></p><a name="OperationKanalFemurPlaceringDKRR"> </a><a name="hcOperationKanalFemurPlaceringDKRR"> </a><a name="OperationKanalFemurPlaceringDKRR-en-US"> </a><ul><li>Include these codes as defined in <a href="CodeSystem-OperationCanal.html"><code>https://kip.rkkp.dk/fhir/CodeSystem/OperationCanal</code></a><table class="none"><tr><td style="white-space:nowrap"><b>Code</b></td><td><b>Display</b></td><td><b>Definition</b></td></tr><tr><td><a href="CodeSystem-OperationCanal.html#OperationCanal-transtibial">transtibial</a></td><td>Transtibial</td><td>Transtibial</td></tr><tr><td><a href="CodeSystem-OperationCanal.html#OperationCanal-anatomical">anatomical</a></td><td>Anatomisk</td><td>Anatomical / Anatomisk</td></tr></table></li></ul></div>
  </text>
  <url value="https://kip.rkkp.dk/fhir/ValueSet/OperationKanalFemurPlaceringDKRR"/>
  <version value="0.2.1"/>
  <name value="OperationKanalFemurPlaceringDKRR"/>
  <title value="Operation kanal - femur, placering (DKRR)"/>
  <status value="active"/>
  <experimental value="true"/>
  <date value="2022-09-19T00:00:00+02:00"/>
  <publisher value="Sundhedsvæsnets Kvalistetsinstitut with Trifork Digital Health A/S"/>
  <contact>
    <name value="Sundhedsvæsnets Kvalistetsinstitut with Trifork Digital Health A/S"/>
    <telecom>
      <system value="url"/>
      <value value="https://trifork.com"/>
    </telecom>
    <telecom>
      <system value="email"/>
      <value value="rbk@trifork.com"/>
    </telecom>
  </contact>
  <description value="Operation kanal - femur, placering (DKRR)"/>
  <compose>
    <include>
      <system value="https://kip.rkkp.dk/fhir/CodeSystem/OperationCanal"/>
      <concept>
        <code value="transtibial"/>
        <display value="Transtibial"/>
      </concept>
      <concept>
        <code value="anatomical"/>
        <display value="Anatomisk"/>
      </concept>
    </include>
  </compose>
</ValueSet>