<?xml version="1.0" encoding="UTF-8"?>

<ValueSet xmlns="http://hl7.org/fhir">
  <id value="TKategoriDCCG"/>
  <text>
    <status value="extensions"/><div xmlns="http://www.w3.org/1999/xhtml"><p class="res-header-id"><b>Generated Narrative: ValueSet TKategoriDCCG</b></p><a name="TKategoriDCCG"> </a><a name="hcTKategoriDCCG"> </a><a name="TKategoriDCCG-en-US"> </a><ul><li>Include these codes as defined in <a href="CodeSystem-SKS.html"><code>https://kip.rkkp.dk/fhir/CodeSystem/SKS</code></a><table class="none"><tr><td style="white-space:nowrap"><b>Code</b></td><td><b>Display</b></td><td><b>Definition</b></td></tr><tr><td><a href="CodeSystem-SKS.html#SKS-AZCD10">AZCD10</a></td><td>T0</td><td>AZCD10 - cT0: Primær tumor ikke påvist</td></tr><tr><td><a href="CodeSystem-SKS.html#SKS-AZCD13">AZCD13</a></td><td>T1</td><td>AZCD13 - cT1: Primær tumors størrelse/udstrækning</td></tr><tr><td><a href="CodeSystem-SKS.html#SKS-AZCD14">AZCD14</a></td><td>T2</td><td>AZCD14 - cT2: Primær tumors størrelse/udstrækning</td></tr><tr><td><a href="CodeSystem-SKS.html#SKS-AZCD15">AZCD15</a></td><td>T3</td><td>AZCD15 - cT3: Primær tumors størrelse/udstrækning</td></tr><tr><td><a href="CodeSystem-SKS.html#SKS-AZCD16">AZCD16</a></td><td>T4</td><td>AZCD16 - cT4: Primær tumors størrelse/udstrækning</td></tr><tr><td><a href="CodeSystem-SKS.html#SKS-AZCD16A">AZCD16A</a></td><td>T4a (gennemvækst af peritoneum)</td><td>AZCD16A - cT4a: Primær tumors størrelse/udstrækning</td></tr><tr><td><a href="CodeSystem-SKS.html#SKS-AZCD16B">AZCD16B</a></td><td>T4b (indvækst i naboorgan/-struktur)</td><td>AZCD16B - cT4b: Primær tumors størrelse/udstrækning</td></tr><tr><td><a href="CodeSystem-SKS.html#SKS-AZCD19">AZCD19</a></td><td>Tx</td><td>AZCD19 - cTx: Oplysning om tumors størrelse foreligger ikke i afd.</td></tr></table></li></ul></div>
  </text>
  <url value="https://kip.rkkp.dk/fhir/ValueSet/TKategoriDCCG"/>
  <version value="0.2.1"/>
  <name value="TKategoriDCCG"/>
  <title value="Klinisk T-kategori DCCG"/>
  <status value="active"/>
  <experimental value="true"/>
  <date value="2022-11-08T00:00:00+02:00"/>
  <publisher value="Sundhedsvæsnets Kvalistetsinstitut with Trifork Digital Health A/S"/>
  <contact>
    <name value="Sundhedsvæsnets Kvalistetsinstitut with Trifork Digital Health A/S"/>
    <telecom>
      <system value="url"/>
      <value value="https://trifork.com"/>
    </telecom>
    <telecom>
      <system value="email"/>
      <value value="rbk@trifork.com"/>
    </telecom>
  </contact>
  <description value="Klinisk T-kategori DCCG"/>
  <compose>
    <include>
      <system value="https://kip.rkkp.dk/fhir/CodeSystem/SKS"/>
      <concept>
        <code value="AZCD10"/>
        <display value="T0"/>
      </concept>
      <concept>
        <code value="AZCD13"/>
        <display value="T1"/>
      </concept>
      <concept>
        <code value="AZCD14"/>
        <display value="T2"/>
      </concept>
      <concept>
        <code value="AZCD15"/>
        <display value="T3"/>
      </concept>
      <concept>
        <code value="AZCD16"/>
        <display value="T4"/>
      </concept>
      <concept>
        <code value="AZCD16A"/>
        <display value="T4a (gennemvækst af peritoneum)"/>
      </concept>
      <concept>
        <code value="AZCD16B"/>
        <display value="T4b (indvækst i naboorgan/-struktur)"/>
      </concept>
      <concept>
        <code value="AZCD19"/>
        <display value="Tx"/>
      </concept>
    </include>
  </compose>
</ValueSet>