<?xml version="1.0" encoding="UTF-8"?>

<ValueSet xmlns="http://hl7.org/fhir">
  <id value="GenoplivStoppet"/>
  <text>
    <status value="extensions"/><div xmlns="http://www.w3.org/1999/xhtml"><p class="res-header-id"><b>Generated Narrative: ValueSet GenoplivStoppet</b></p><a name="GenoplivStoppet"> </a><a name="hcGenoplivStoppet"> </a><a name="GenoplivStoppet-en-US"> </a><ul><li>Include these codes as defined in <a href="CodeSystem-GenoplivStoppet.html"><code>https://kip.rkkp.dk/fhir/CodeSystem/GenoplivStoppet</code></a><table class="none"><tr><td style="white-space:nowrap"><b>Code</b></td><td><b>Display</b></td><td><b>Definition</b></td></tr><tr><td><a href="CodeSystem-GenoplivStoppet.html#GenoplivStoppet-spontan_kreds">spontan_kreds</a></td><td>Spontant kredsløb</td><td>Spontant kredsløb</td></tr><tr><td><a href="CodeSystem-GenoplivStoppet.html#GenoplivStoppet-doed">doed</a></td><td>Død</td><td>Død</td></tr><tr><td><a href="CodeSystem-GenoplivStoppet.html#GenoplivStoppet-kunstig_kreds">kunstig_kreds</a></td><td>Kunstig kredsløb (f.eks. ECMO, CPS, m.fl.)</td><td>Kunstig kredsløb (f.eks. ECMO, CPS, m.fl.)</td></tr></table></li></ul></div>
  </text>
  <url value="https://kip.rkkp.dk/fhir/ValueSet/GenoplivStoppet"/>
  <version value="0.2.1"/>
  <name value="GenoplivStoppet"/>
  <title value="Genoplivning indstillet - årsag"/>
  <status value="active"/>
  <experimental value="true"/>
  <date value="2022-06-29T00:00:00+02:00"/>
  <publisher value="Sundhedsvæsnets Kvalistetsinstitut with Trifork Digital Health A/S"/>
  <contact>
    <name value="Sundhedsvæsnets Kvalistetsinstitut with Trifork Digital Health A/S"/>
    <telecom>
      <system value="url"/>
      <value value="https://trifork.com"/>
    </telecom>
    <telecom>
      <system value="email"/>
      <value value="rbk@trifork.com"/>
    </telecom>
  </contact>
  <description value="Årsager til indstilling af genoplivningsforsøg"/>
  <compose>
    <include>
      <system value="https://kip.rkkp.dk/fhir/CodeSystem/GenoplivStoppet"/>
      <concept>
        <code value="spontan_kreds"/>
        <display value="Spontant kredsløb"/>
      </concept>
      <concept>
        <code value="doed"/>
        <display value="Død"/>
      </concept>
      <concept>
        <code value="kunstig_kreds"/>
        <display value="Kunstig kredsløb (f.eks. ECMO, CPS, m.fl.)"/>
      </concept>
    </include>
  </compose>
</ValueSet>