<?xml version="1.0" encoding="UTF-8"?>

<ValueSet xmlns="http://hl7.org/fhir">
  <id value="Alkohol021"/>
  <text>
    <status value="extensions"/><div xmlns="http://www.w3.org/1999/xhtml"><p class="res-header-id"><b>Generated Narrative: ValueSet Alkohol021</b></p><a name="Alkohol021"> </a><a name="hcAlkohol021"> </a><a name="Alkohol021-en-US"> </a><ul><li>Include these codes as defined in <a href="CodeSystem-Alchohol.html"><code>https://kip.rkkp.dk/fhir/CodeSystem/Alchohol</code></a><table class="none"><tr><td style="white-space:nowrap"><b>Code</b></td><td><b>Display</b></td><td><b>Definition</b></td></tr><tr><td><a href="CodeSystem-Alchohol.html#Alchohol-0">0</a></td><td>Ingen alkohol</td><td>Ingen alkohol</td></tr><tr><td><a href="CodeSystem-Alchohol.html#Alchohol-1-21">1-21</a></td><td>1-21 genstande per uge</td><td>1-21 genstande per uge</td></tr><tr><td><a href="CodeSystem-Alchohol.html#Alchohol-gt21">gt21</a></td><td>Mere end 21 genstande per uge</td><td>Mere end 21 genstande per uge</td></tr></table></li></ul></div>
  </text>
  <url value="https://kip.rkkp.dk/fhir/ValueSet/Alkohol021"/>
  <version value="0.2.1"/>
  <name value="Alkohol021"/>
  <title value="Alkohol 0-21"/>
  <status value="active"/>
  <experimental value="true"/>
  <date value="2022-06-15T00:00:00+02:00"/>
  <publisher value="Sundhedsvæsnets Kvalistetsinstitut with Trifork Digital Health A/S"/>
  <contact>
    <name value="Sundhedsvæsnets Kvalistetsinstitut with Trifork Digital Health A/S"/>
    <telecom>
      <system value="url"/>
      <value value="https://trifork.com"/>
    </telecom>
    <telecom>
      <system value="email"/>
      <value value="rbk@trifork.com"/>
    </telecom>
  </contact>
  <description value="0, 1-21 eller flere genstande per uge"/>
  <compose>
    <include>
      <system value="https://kip.rkkp.dk/fhir/CodeSystem/Alchohol"/>
      <concept>
        <code value="0"/>
        <display value="Ingen alkohol"/>
      </concept>
      <concept>
        <code value="1-21"/>
        <display value="1-21 genstande per uge"/>
      </concept>
      <concept>
        <code value="gt21"/>
        <display value="Mere end 21 genstande per uge"/>
      </concept>
    </include>
  </compose>
</ValueSet>