<?xml version="1.0" encoding="UTF-8"?>

<ValueSet xmlns="http://hl7.org/fhir">
  <id value="LuftvejForsoeg"/>
  <text>
    <status value="extensions"/><div xmlns="http://www.w3.org/1999/xhtml"><p class="res-header-id"><b>Generated Narrative: ValueSet LuftvejForsoeg</b></p><a name="LuftvejForsoeg"> </a><a name="hcLuftvejForsoeg"> </a><a name="LuftvejForsoeg-en-US"> </a><ul><li>Include these codes as defined in <a href="CodeSystem-Respiration.html"><code>https://kip.rkkp.dk/fhir/CodeSystem/Respiration</code></a><table class="none"><tr><td style="white-space:nowrap"><b>Code</b></td><td><b>Display</b></td><td><b>Definition</b></td></tr><tr><td><a href="CodeSystem-Respiration.html#Respiration-without_further">without_further</a></td><td>Intet yderligere</td><td>Intet yderligere</td></tr><tr><td><a href="CodeSystem-Respiration.html#Respiration-larynx_all">larynx_all</a></td><td>Larynxmaske (alle typer)</td><td>Larynxmaske (alle typer)</td></tr><tr><td><a href="CodeSystem-Respiration.html#Respiration-intub_dir_laryngo">intub_dir_laryngo</a></td><td>Intubation ved direkte laryngoskopi</td><td>Intubation ved direkte laryngoskopi</td></tr><tr><td><a href="CodeSystem-Respiration.html#Respiration-intub_video_laryngo">intub_video_laryngo</a></td><td>Intubation med videolaryngoskopi</td><td>Intubation med videolaryngoskopi</td></tr><tr><td><a href="CodeSystem-Respiration.html#Respiration-intub_flex_skop">intub_flex_skop</a></td><td>Intubation med fleksibelt skopi</td><td>Intubation med fleksibelt skopi</td></tr><tr><td><a href="CodeSystem-Respiration.html#Respiration-tracheostomi_loc">tracheostomi_loc</a></td><td>Tracheostomi i lokalanæstesi</td><td>Tracheostomi i lokalanæstesi</td></tr><tr><td><a href="CodeSystem-Respiration.html#Respiration-tracheostomi_emg">tracheostomi_emg</a></td><td>Nødtracheostomi</td><td>Nødtracheostomi</td></tr><tr><td><a href="CodeSystem-Respiration.html#Respiration-intub_diff">intub_diff</a></td><td>Intubation ved anden metode</td><td>Intubation ved anden metode</td></tr></table></li></ul></div>
  </text>
  <url value="https://kip.rkkp.dk/fhir/ValueSet/LuftvejForsoeg"/>
  <version value="0.2.1"/>
  <name value="LuftvejForsoeg"/>
  <title value="LuftvejForsøgsplan"/>
  <status value="active"/>
  <experimental value="true"/>
  <date value="2022-06-01T00:00:00+02:00"/>
  <publisher value="Sundhedsvæsnets Kvalistetsinstitut with Trifork Digital Health A/S"/>
  <contact>
    <name value="Sundhedsvæsnets Kvalistetsinstitut with Trifork Digital Health A/S"/>
    <telecom>
      <system value="url"/>
      <value value="https://trifork.com"/>
    </telecom>
    <telecom>
      <system value="email"/>
      <value value="rbk@trifork.com"/>
    </telecom>
  </contact>
  <description value="1.-6. forsøg på etablering af Luftvejsadgang"/>
  <compose>
    <include>
      <system value="https://kip.rkkp.dk/fhir/CodeSystem/Respiration"/>
      <concept>
        <code value="without_further"/>
        <display value="Intet yderligere"/>
      </concept>
      <concept>
        <code value="larynx_all"/>
        <display value="Larynxmaske (alle typer)"/>
      </concept>
      <concept>
        <code value="intub_dir_laryngo"/>
        <display value="Intubation ved direkte laryngoskopi"/>
      </concept>
      <concept>
        <code value="intub_video_laryngo"/>
        <display value="Intubation med videolaryngoskopi"/>
      </concept>
      <concept>
        <code value="intub_flex_skop"/>
        <display value="Intubation med fleksibelt skopi"/>
      </concept>
      <concept>
        <code value="tracheostomi_loc"/>
        <display value="Tracheostomi i lokalanæstesi"/>
      </concept>
      <concept>
        <code value="tracheostomi_emg"/>
        <display value="Nødtracheostomi"/>
      </concept>
      <concept>
        <code value="intub_diff"/>
        <display value="Intubation ved anden metode"/>
      </concept>
    </include>
  </compose>
</ValueSet>