<?xml version="1.0" encoding="UTF-8"?>

<ValueSet xmlns="http://hl7.org/fhir">
  <id value="HemialloplastikFemur"/>
  <text>
    <status value="extensions"/><div xmlns="http://www.w3.org/1999/xhtml"><p class="res-header-id"><b>Generated Narrative: ValueSet HemialloplastikFemur</b></p><a name="HemialloplastikFemur"> </a><a name="hcHemialloplastikFemur"> </a><a name="HemialloplastikFemur-en-US"> </a><ul><li>Include these codes as defined in <a href="CodeSystem-AlloplastyTypes.html"><code>https://kip.rkkp.dk/fhir/CodeSystem/AlloplastyTypes</code></a><table class="none"><tr><td style="white-space:nowrap"><b>Code</b></td><td><b>Display</b></td><td><b>Definition</b></td></tr><tr><td><a href="CodeSystem-AlloplastyTypes.html#AlloplastyTypes-cemented">cemented</a></td><td>Cementeret femurkomponent</td><td>Cementet component</td></tr><tr><td><a href="CodeSystem-AlloplastyTypes.html#AlloplastyTypes-uncemented">uncemented</a></td><td>Ucementeret femurkomponent</td><td>Uncemented component</td></tr></table></li></ul></div>
  </text>
  <url value="https://kip.rkkp.dk/fhir/ValueSet/HemialloplastikFemur"/>
  <version value="0.2.1"/>
  <name value="HemialloplastikFemur"/>
  <title value="Hemialloplastik undertyper (femurkomponent)"/>
  <status value="active"/>
  <experimental value="true"/>
  <date value="2022-07-04T00:00:00+02:00"/>
  <publisher value="Sundhedsvæsnets Kvalistetsinstitut with Trifork Digital Health A/S"/>
  <contact>
    <name value="Sundhedsvæsnets Kvalistetsinstitut with Trifork Digital Health A/S"/>
    <telecom>
      <system value="url"/>
      <value value="https://trifork.com"/>
    </telecom>
    <telecom>
      <system value="email"/>
      <value value="rbk@trifork.com"/>
    </telecom>
  </contact>
  <description value="Hemialloplastik undertyper (femurkomponent)"/>
  <compose>
    <include>
      <system value="https://kip.rkkp.dk/fhir/CodeSystem/AlloplastyTypes"/>
      <concept>
        <code value="cemented"/>
        <display value="Cementeret femurkomponent"/>
      </concept>
      <concept>
        <code value="uncemented"/>
        <display value="Ucementeret femurkomponent"/>
      </concept>
    </include>
  </compose>
</ValueSet>