<?xml version="1.0" encoding="UTF-8"?>

<ValueSet xmlns="http://hl7.org/fhir">
  <id value="DonorRelationship"/>
  <text>
    <status value="extensions"/><div xmlns="http://www.w3.org/1999/xhtml"><p class="res-header-id"><b>Generated Narrative: ValueSet DonorRelationship</b></p><a name="DonorRelationship"> </a><a name="hcDonorRelationship"> </a><a name="DonorRelationship-en-US"> </a><p>This value set includes codes based on the following rules:</p><ul><li>Include these codes as defined in <a href="CodeSystem-SNOMEDCT.html"><code>https://kip.rkkp.dk/fhir/CodeSystem/SNOMEDCT</code></a><table class="none"><tr><td style="white-space:nowrap"><b>Code</b></td><td><b>Display</b></td><td><b>Definition</b></td></tr><tr><td><a href="CodeSystem-SNOMEDCT.html#SNOMEDCT-303071001">303071001</a></td><td>Familiedonor</td><td>Person in the family</td></tr><tr><td><a href="CodeSystem-SNOMEDCT.html#SNOMEDCT-11286003">11286003</a></td><td>Tvilling</td><td>Tvilling</td></tr><tr><td><a href="CodeSystem-SNOMEDCT.html#SNOMEDCT-394863008">394863008</a></td><td>Ubeslægtet</td><td>Non-family member</td></tr></table></li><li>Include these codes as defined in <a href="http://terminology.hl7.org/3.1.0/CodeSystem-v2-0532.html"><code>http://terminology.hl7.org/CodeSystem/v2-0532</code></a><table class="none"><tr><td style="white-space:nowrap"><b>Code</b></td><td><b>Display</b></td><td><b>Definition</b></td></tr><tr><td><a href="http://terminology.hl7.org/3.1.0/CodeSystem-v2-0532.html#v2-0532-UNK">UNK</a></td><td>Uvist</td><td>unknown</td></tr></table></li></ul></div>
  </text>
  <url value="https://kip.rkkp.dk/fhir/ValueSet/DonorRelationship"/>
  <version value="0.2.1"/>
  <name value="DonorRelationship"/>
  <title value="Relationen til doner"/>
  <status value="active"/>
  <experimental value="true"/>
  <date value="2022-07-13T00:00:00+02:00"/>
  <publisher value="Sundhedsvæsnets Kvalistetsinstitut with Trifork Digital Health A/S"/>
  <contact>
    <name value="Sundhedsvæsnets Kvalistetsinstitut with Trifork Digital Health A/S"/>
    <telecom>
      <system value="url"/>
      <value value="https://trifork.com"/>
    </telecom>
    <telecom>
      <system value="email"/>
      <value value="rbk@trifork.com"/>
    </telecom>
  </contact>
  <description value="Familie relation til donor"/>
  <compose>
    <include>
      <system value="https://kip.rkkp.dk/fhir/CodeSystem/SNOMEDCT"/>
      <concept>
        <code value="303071001"/>
        <display value="Familiedonor"/>
      </concept>
      <concept>
        <code value="11286003"/>
        <display value="Tvilling"/>
      </concept>
      <concept>
        <code value="394863008"/>
        <display value="Ubeslægtet"/>
      </concept>
    </include>
    <include>
      <system value="http://terminology.hl7.org/CodeSystem/v2-0532"/>
      <concept>
        <code value="UNK"/>
        <display value="Uvist"/>
      </concept>
    </include>
  </compose>
</ValueSet>