<?xml version="1.0" encoding="UTF-8"?>

<ValueSet xmlns="http://hl7.org/fhir">
  <id value="NIHSS5FunktionArm"/>
  <text>
    <status value="extensions"/><div xmlns="http://www.w3.org/1999/xhtml"><p class="res-header-id"><b>Generated Narrative: ValueSet NIHSS5FunktionArm</b></p><a name="NIHSS5FunktionArm"> </a><a name="hcNIHSS5FunktionArm"> </a><a name="NIHSS5FunktionArm-en-US"> </a><ul><li>Include these codes as defined in <a href="CodeSystem-NIHSS5MotorArm.html"><code>https://kip.rkkp.dk/fhir/CodeSystem/NIHSS5MotorArm</code></a><table class="none"><tr><td style="white-space:nowrap"><b>Code</b></td><td><b>Display</b></td><td><b>Definition</b></td></tr><tr><td><a href="CodeSystem-NIHSS5MotorArm.html#NIHSS5MotorArm-0">0</a></td><td>0 = Ingen nedsynkning</td><td>No drift; limb holds 90 (or 45) degrees for full 10 seconds.</td></tr><tr><td><a href="CodeSystem-NIHSS5MotorArm.html#NIHSS5MotorArm-1">1</a></td><td>1 = Nedsynkning, men ikke til underlag</td><td>Drift; limb holds 90 (or 45) degrees, but drifts down before full 10 seconds; does not hit bed or other support.</td></tr><tr><td><a href="CodeSystem-NIHSS5MotorArm.html#NIHSS5MotorArm-2">2</a></td><td>2 = Nogen kraft mod tyngde</td><td>Some effort against gravity; limb cannot get to or maintain (if cued) 90 (or 45) degrees, drifts down to bed, but has some effort against gravity.</td></tr><tr><td><a href="CodeSystem-NIHSS5MotorArm.html#NIHSS5MotorArm-3">3</a></td><td>3 = Falder til underlag</td><td>No effort against gravity; limb falls.</td></tr><tr><td><a href="CodeSystem-NIHSS5MotorArm.html#NIHSS5MotorArm-4">4</a></td><td>4 = Ingen bevægelse</td><td>No movement.</td></tr><tr><td><a href="CodeSystem-NIHSS5MotorArm.html#NIHSS5MotorArm-UN">UN</a></td><td>5 = Kan ikke testes (amputation/stivgjort led/andet)</td><td>Amputation or joint fusion, explain:</td></tr></table></li></ul></div>
  </text>
  <url value="https://kip.rkkp.dk/fhir/ValueSet/NIHSS5FunktionArm"/>
  <version value="0.2.1"/>
  <name value="NIHSS5FunktionArm"/>
  <title value="NIHSS - 5. Motorisk funktion i arm"/>
  <status value="active"/>
  <experimental value="true"/>
  <date value="2022-06-27T00:00:00+02:00"/>
  <publisher value="Sundhedsvæsnets Kvalistetsinstitut with Trifork Digital Health A/S"/>
  <contact>
    <name value="Sundhedsvæsnets Kvalistetsinstitut with Trifork Digital Health A/S"/>
    <telecom>
      <system value="url"/>
      <value value="https://trifork.com"/>
    </telecom>
    <telecom>
      <system value="email"/>
      <value value="rbk@trifork.com"/>
    </telecom>
  </contact>
  <description value="The National Institute of Health Stroke Scale (NIHSS) - 5. Motorisk funktion i arm"/>
  <compose>
    <include>
      <system value="https://kip.rkkp.dk/fhir/CodeSystem/NIHSS5MotorArm"/>
      <concept>
        <code value="0"/>
        <display value="0 = Ingen nedsynkning"/>
      </concept>
      <concept>
        <code value="1"/>
        <display value="1 = Nedsynkning, men ikke til underlag"/>
      </concept>
      <concept>
        <code value="2"/>
        <display value="2 = Nogen kraft mod tyngde"/>
      </concept>
      <concept>
        <code value="3"/>
        <display value="3 = Falder til underlag"/>
      </concept>
      <concept>
        <code value="4"/>
        <display value="4 = Ingen bevægelse"/>
      </concept>
      <concept>
        <code value="UN"/>
        <display value="5 = Kan ikke testes (amputation/stivgjort led/andet)"/>
      </concept>
    </include>
  </compose>
</ValueSet>