<?xml version="1.0" encoding="UTF-8"?>

<ValueSet xmlns="http://hl7.org/fhir">
  <id value="SygdomsomraaderDOF"/>
  <text>
    <status value="extensions"/><div xmlns="http://www.w3.org/1999/xhtml"><p class="res-header-id"><b>Generated Narrative: ValueSet SygdomsomraaderDOF</b></p><a name="SygdomsomraaderDOF"> </a><a name="hcSygdomsomraaderDOF"> </a><a name="SygdomsomraaderDOF-en-US"> </a><ul><li>Include these codes as defined in <a href="CodeSystem-Sygdomsomraader.html"><code>https://kip.rkkp.dk/fhir/CodeSystem/Sygdomsomraader</code></a><table class="none"><tr><td style="white-space:nowrap"><b>Code</b></td><td><b>Display</b></td><td><b>Definition</b></td></tr><tr><td><a href="CodeSystem-Sygdomsomraader.html#Sygdomsomraader-dhr">dhr</a></td><td>DHR</td><td>Dansk Hoftealloplastik Register</td></tr><tr><td><a href="CodeSystem-Sygdomsomraader.html#Sygdomsomraader-dkr">dkr</a></td><td>DKR</td><td>Dansk Knæalloplastik Register</td></tr><tr><td><a href="CodeSystem-Sygdomsomraader.html#Sygdomsomraader-dkrr">dkrr</a></td><td>DKRR</td><td>Dansk Korsbåndsregister</td></tr><tr><td><a href="CodeSystem-Sygdomsomraader.html#Sygdomsomraader-dsr">dsr</a></td><td>DSR</td><td>Dansk Skulderalloplastik Register</td></tr></table></li></ul></div>
  </text>
  <url value="https://kip.rkkp.dk/fhir/ValueSet/SygdomsomraaderDOF"/>
  <version value="0.2.1"/>
  <name value="SygdomsomraaderDOF"/>
  <title value="Sygdomsområder - Ortopædkirurgi"/>
  <status value="active"/>
  <experimental value="true"/>
  <date value="2023-05-10T00:00:00+02:00"/>
  <publisher value="Sundhedsvæsnets Kvalistetsinstitut with Trifork Digital Health A/S"/>
  <contact>
    <name value="Sundhedsvæsnets Kvalistetsinstitut with Trifork Digital Health A/S"/>
    <telecom>
      <system value="url"/>
      <value value="https://trifork.com"/>
    </telecom>
    <telecom>
      <system value="email"/>
      <value value="rbk@trifork.com"/>
    </telecom>
  </contact>
  <description value="Alle Sygdomsområder i KIP vedr. ortopædkirurgi"/>
  <compose>
    <include>
      <system value="https://kip.rkkp.dk/fhir/CodeSystem/Sygdomsomraader"/>
      <concept>
        <code value="dhr"/>
        <display value="DHR"/>
      </concept>
      <concept>
        <code value="dkr"/>
        <display value="DKR"/>
      </concept>
      <concept>
        <code value="dkrr"/>
        <display value="DKRR"/>
      </concept>
      <concept>
        <code value="dsr"/>
        <display value="DSR"/>
      </concept>
    </include>
  </compose>
</ValueSet>