<?xml version="1.0" encoding="UTF-8"?>

<CodeSystem xmlns="http://hl7.org/fhir">
  <id value="HousingType"/>
  <text>
    <status value="generated"/><div xmlns="http://www.w3.org/1999/xhtml"><p class="res-header-id"><b>Generated Narrative: CodeSystem HousingType</b></p><a name="HousingType"> </a><a name="hcHousingType"> </a><a name="HousingType-en-US"> </a><p>This  code system <code>https://kip.rkkp.dk/fhir/CodeSystem/HousingType</code> defines the following codes:</p><table class="codes"><tr><td style="white-space:nowrap"><b>Code</b></td><td><b>Display</b></td><td><b>Definition</b></td></tr><tr><td style="white-space:nowrap">private<a name="HousingType-private"> </a></td><td>Private</td><td>Private / Privat</td></tr><tr><td style="white-space:nowrap">house/apartment<a name="HousingType-house.47apartment"> </a></td><td>Hus/lejlighed</td><td>Hus/lejlighed (privat bolig)</td></tr><tr><td style="white-space:nowrap">nursinghome<a name="HousingType-nursinghome"> </a></td><td>Plejebolig</td><td>Plejebolig</td></tr><tr><td style="white-space:nowrap">own_residence<a name="HousingType-own_residence"> </a></td><td>Own residence</td><td>Own residence / Egen bolig</td></tr><tr><td style="white-space:nowrap">institution<a name="HousingType-institution"> </a></td><td>Institution</td><td>Institution</td></tr><tr><td style="white-space:nowrap">homeless<a name="HousingType-homeless"> </a></td><td>Homeless</td><td>Homeless / Hjemløs</td></tr><tr><td style="white-space:nowrap">other<a name="HousingType-other"> </a></td><td>Andet</td><td>Andet</td></tr></table></div>
  </text>
  <url value="https://kip.rkkp.dk/fhir/CodeSystem/HousingType"/>
  <version value="2.9.0"/>
  <name value="HousingType"/>
  <title value="Housing type"/>
  <status value="active"/>
  <date value="2022-06-21T00:00:00+02:00"/>
  <publisher value="Sundhedsvæsnets Kvalistetsinstitut with Trifork Digital Health A/S"/>
  <contact>
    <name value="Sundhedsvæsnets Kvalistetsinstitut with Trifork Digital Health A/S"/>
    <telecom>
      <system value="url"/>
      <value value="https://trifork.com"/>
    </telecom>
    <telecom>
      <system value="email"/>
      <value value="rbk@trifork.com"/>
    </telecom>
  </contact>
  <description value="Housing type"/>
  <content value="complete"/>
  <count value="7"/>
  <concept>
    <code value="private"/>
    <display value="Private"/>
    <definition value="Private / Privat"/>
  </concept>
  <concept>
    <code value="house/apartment"/>
    <display value="Hus/lejlighed"/>
    <definition value="Hus/lejlighed (privat bolig)"/>
  </concept>
  <concept>
    <code value="nursinghome"/>
    <display value="Plejebolig"/>
    <definition value="Plejebolig"/>
  </concept>
  <concept>
    <code value="own_residence"/>
    <display value="Own residence"/>
    <definition value="Own residence / Egen bolig"/>
  </concept>
  <concept>
    <code value="institution"/>
    <display value="Institution"/>
    <definition value="Institution"/>
  </concept>
  <concept>
    <code value="homeless"/>
    <display value="Homeless"/>
    <definition value="Homeless / Hjemløs"/>
  </concept>
  <concept>
    <code value="other"/>
    <display value="Andet"/>
    <definition value="Andet"/>
  </concept>
</CodeSystem>