<?xml version="1.0" encoding="UTF-8"?>

<CodeSystem xmlns="http://hl7.org/fhir">
  <id value="EDTACodes"/>
  <text>
    <status value="generated"/><div xmlns="http://www.w3.org/1999/xhtml"><p class="res-header-id"><b>Generated Narrative: CodeSystem EDTACodes</b></p><a name="EDTACodes"> </a><a name="hcEDTACodes"> </a><a name="EDTACodes-en-US"> </a><p>This case-insensitive code system <code>https://kip.rkkp.dk/fhir/CodeSystem/EDTACodes</code> defines the following codes:</p><table class="codes"><tr><td style="white-space:nowrap"><b>Code</b></td><td><b>Display</b></td><td><b>Definition</b></td></tr><tr><td style="white-space:nowrap">EDTA10<a name="EDTACodes-EDTA10"> </a></td><td>EDTA10, Center-hæmodialyse</td><td>EDTA 10, Center-hæmodialyse</td></tr><tr><td style="white-space:nowrap">EDTA11<a name="EDTACodes-EDTA11"> </a></td><td>EDTA11, Limited-care dialyse</td><td>EDTA 11, Limited-care dialyse</td></tr><tr><td style="white-space:nowrap">EDTA20<a name="EDTACodes-EDTA20"> </a></td><td>EDTA20, Hjemme-hæmodialyse</td><td>EDTA 20, Hjemme-hæmodialyse</td></tr><tr><td style="white-space:nowrap">EDTA30<a name="EDTACodes-EDTA30"> </a></td><td>EDTA30, IPD-dialyse (hospital)</td><td>EDTA 30, IPD-dialyse (hospital)</td></tr><tr><td style="white-space:nowrap">EDTA40<a name="EDTACodes-EDTA40"> </a></td><td>EDTA40, CAPD-dialyse</td><td>EDTA 40, CAPD-dialyse</td></tr><tr><td style="white-space:nowrap">EDTA41<a name="EDTACodes-EDTA41"> </a></td><td>EDTA41, APD-dialyse</td><td>EDTA 41, APD-dialyse</td></tr><tr><td style="white-space:nowrap">EDTA45<a name="EDTACodes-EDTA45"> </a></td><td>EDTA45, Blandet PDHD-dialyse</td><td>EDTA 45, Blandet PDHD-dialyse</td></tr><tr><td style="white-space:nowrap">EDTA46<a name="EDTACodes-EDTA46"> </a></td><td>EDTA46, Assisteret PD (kun professionel; husk også at indtaste APD(CAPD))</td><td>EDTA 46, Assisteret PD (kun professionel; husk også at indtaste APD(CAPD))</td></tr><tr><td style="white-space:nowrap">EDTA46a<a name="EDTACodes-EDTA46a"> </a></td><td>EDTA46a, Assisteret CAPD (kun professionel)</td><td>EDTA 46a, Assisteret CAPD (kun professionel)</td></tr><tr><td style="white-space:nowrap">EDTA46b<a name="EDTACodes-EDTA46b"> </a></td><td>EDTA46b, Assisteret APD (kun professionel)</td><td>EDTA 46b, Assisteret APD (kun professionel)</td></tr><tr><td style="white-space:nowrap">EDTA50<a name="EDTACodes-EDTA50"> </a></td><td>EDTA50, Transplantation</td><td>EDTA50, Transplantation</td></tr><tr><td style="white-space:nowrap">EDTA60<a name="EDTACodes-EDTA60"> </a></td><td>EDTA60, Nyrefunktion start</td><td>EDTA60, Nyrefunktion start</td></tr><tr><td style="white-space:nowrap">EDTA61<a name="EDTACodes-EDTA61"> </a></td><td>EDTA61, Akut rejektion</td><td>EDTA61, Akut rejektion</td></tr><tr><td style="white-space:nowrap">EDTA70<a name="EDTACodes-EDTA70"> </a></td><td>EDTA70, Grafttab, irreversibelt (årsag ukendt)</td><td>EDTA70, Grafttab, irreversibelt (årsag ukendt)</td></tr><tr><td style="white-space:nowrap">EDTA71<a name="EDTACodes-EDTA71"> </a></td><td>EDTA71, Grafttab, hyperakut rejektion</td><td>EDTA71, Grafttab, hyperakut rejektion</td></tr><tr><td style="white-space:nowrap">EDTA72<a name="EDTACodes-EDTA72"> </a></td><td>EDTA72, Grafttab, rejektion (med immunosuppressiv beh.)</td><td>EDTA72, Grafttab, rejektion (med immunosuppressiv beh.)</td></tr><tr><td style="white-space:nowrap">EDTA73<a name="EDTACodes-EDTA73"> </a></td><td>EDTA73, Grafttab, rejektion (uden immunosuppressiv beh.)</td><td>EDTA73, Grafttab, rejektion (uden immunosuppressiv beh.)</td></tr><tr><td style="white-space:nowrap">EDTA74<a name="EDTACodes-EDTA74"> </a></td><td>EDTA74, Grafttab, reccurent primær leverlidelse</td><td>EDTA74, Grafttab, reccurent primær leverlidelse</td></tr><tr><td style="white-space:nowrap">EDTA75<a name="EDTACodes-EDTA75"> </a></td><td>EDTA75, Grafttab, vasculær/ureter operativt problem</td><td>EDTA75, Grafttab, vasculær/ureter operativt problem</td></tr><tr><td style="white-space:nowrap">EDTA76<a name="EDTACodes-EDTA76"> </a></td><td>EDTA76, Grafttab, vasculær thrombose uden op problem</td><td>EDTA76, Grafttab, vasculær thrombose uden op problem</td></tr><tr><td style="white-space:nowrap">EDTA77<a name="EDTACodes-EDTA77"> </a></td><td>EDTA77, Grafttab, infektion</td><td>EDTA77, Grafttab, infektion</td></tr><tr><td style="white-space:nowrap">EDTA78<a name="EDTACodes-EDTA78"> </a></td><td>EDTA78, Grafttab, fjernelse af fungerende graft</td><td>EDTA78, Grafttab, fjernelse af fungerende graft</td></tr><tr><td style="white-space:nowrap">EDTA79<a name="EDTACodes-EDTA79"> </a></td><td>EDTA79, Grafttab, ikke-fungerende graft</td><td>EDTA79, Grafttab, ikke-fungerende graft</td></tr></table></div>
  </text>
  <url value="https://kip.rkkp.dk/fhir/CodeSystem/EDTACodes"/>
  <version value="2.9.0"/>
  <name value="EDTACodes"/>
  <title value="EDTA koder (DNSL)"/>
  <status value="active"/>
  <date value="2024-01-10T00:00:00+02:00"/>
  <publisher value="Sundhedsvæsnets Kvalistetsinstitut with Trifork Digital Health A/S"/>
  <contact>
    <name value="Sundhedsvæsnets Kvalistetsinstitut with Trifork Digital Health A/S"/>
    <telecom>
      <system value="url"/>
      <value value="https://trifork.com"/>
    </telecom>
    <telecom>
      <system value="email"/>
      <value value="rbk@trifork.com"/>
    </telecom>
  </contact>
  <description value="EDTA koder (DNSL)"/>
  <caseSensitive value="false"/>
  <content value="complete"/>
  <count value="23"/>
  <concept>
    <code value="EDTA10"/>
    <display value="EDTA10, Center-hæmodialyse"/>
    <definition value="EDTA 10, Center-hæmodialyse"/>
  </concept>
  <concept>
    <code value="EDTA11"/>
    <display value="EDTA11, Limited-care dialyse"/>
    <definition value="EDTA 11, Limited-care dialyse"/>
  </concept>
  <concept>
    <code value="EDTA20"/>
    <display value="EDTA20, Hjemme-hæmodialyse"/>
    <definition value="EDTA 20, Hjemme-hæmodialyse"/>
  </concept>
  <concept>
    <code value="EDTA30"/>
    <display value="EDTA30, IPD-dialyse (hospital)"/>
    <definition value="EDTA 30, IPD-dialyse (hospital)"/>
  </concept>
  <concept>
    <code value="EDTA40"/>
    <display value="EDTA40, CAPD-dialyse"/>
    <definition value="EDTA 40, CAPD-dialyse"/>
  </concept>
  <concept>
    <code value="EDTA41"/>
    <display value="EDTA41, APD-dialyse"/>
    <definition value="EDTA 41, APD-dialyse"/>
  </concept>
  <concept>
    <code value="EDTA45"/>
    <display value="EDTA45, Blandet PDHD-dialyse"/>
    <definition value="EDTA 45, Blandet PDHD-dialyse"/>
  </concept>
  <concept>
    <code value="EDTA46"/>
    <display value="EDTA46, Assisteret PD (kun professionel; husk også at indtaste APD(CAPD))"/>
    <definition value="EDTA 46, Assisteret PD (kun professionel; husk også at indtaste APD(CAPD))"/>
  </concept>
  <concept>
    <code value="EDTA46a"/>
    <display value="EDTA46a, Assisteret CAPD (kun professionel)"/>
    <definition value="EDTA 46a, Assisteret CAPD (kun professionel)"/>
  </concept>
  <concept>
    <code value="EDTA46b"/>
    <display value="EDTA46b, Assisteret APD (kun professionel)"/>
    <definition value="EDTA 46b, Assisteret APD (kun professionel)"/>
  </concept>
  <concept>
    <code value="EDTA50"/>
    <display value="EDTA50, Transplantation"/>
    <definition value="EDTA50, Transplantation"/>
  </concept>
  <concept>
    <code value="EDTA60"/>
    <display value="EDTA60, Nyrefunktion start"/>
    <definition value="EDTA60, Nyrefunktion start"/>
  </concept>
  <concept>
    <code value="EDTA61"/>
    <display value="EDTA61, Akut rejektion"/>
    <definition value="EDTA61, Akut rejektion"/>
  </concept>
  <concept>
    <code value="EDTA70"/>
    <display value="EDTA70, Grafttab, irreversibelt (årsag ukendt)"/>
    <definition value="EDTA70, Grafttab, irreversibelt (årsag ukendt)"/>
  </concept>
  <concept>
    <code value="EDTA71"/>
    <display value="EDTA71, Grafttab, hyperakut rejektion"/>
    <definition value="EDTA71, Grafttab, hyperakut rejektion"/>
  </concept>
  <concept>
    <code value="EDTA72"/>
    <display value="EDTA72, Grafttab, rejektion (med immunosuppressiv beh.)"/>
    <definition value="EDTA72, Grafttab, rejektion (med immunosuppressiv beh.)"/>
  </concept>
  <concept>
    <code value="EDTA73"/>
    <display value="EDTA73, Grafttab, rejektion (uden immunosuppressiv beh.)"/>
    <definition value="EDTA73, Grafttab, rejektion (uden immunosuppressiv beh.)"/>
  </concept>
  <concept>
    <code value="EDTA74"/>
    <display value="EDTA74, Grafttab, reccurent primær leverlidelse"/>
    <definition value="EDTA74, Grafttab, reccurent primær leverlidelse"/>
  </concept>
  <concept>
    <code value="EDTA75"/>
    <display value="EDTA75, Grafttab, vasculær/ureter operativt problem"/>
    <definition value="EDTA75, Grafttab, vasculær/ureter operativt problem"/>
  </concept>
  <concept>
    <code value="EDTA76"/>
    <display value="EDTA76, Grafttab, vasculær thrombose uden op problem"/>
    <definition value="EDTA76, Grafttab, vasculær thrombose uden op problem"/>
  </concept>
  <concept>
    <code value="EDTA77"/>
    <display value="EDTA77, Grafttab, infektion"/>
    <definition value="EDTA77, Grafttab, infektion"/>
  </concept>
  <concept>
    <code value="EDTA78"/>
    <display value="EDTA78, Grafttab, fjernelse af fungerende graft"/>
    <definition value="EDTA78, Grafttab, fjernelse af fungerende graft"/>
  </concept>
  <concept>
    <code value="EDTA79"/>
    <display value="EDTA79, Grafttab, ikke-fungerende graft"/>
    <definition value="EDTA79, Grafttab, ikke-fungerende graft"/>
  </concept>
</CodeSystem>