<?xml version="1.0" encoding="UTF-8"?>

<CodeSystem xmlns="http://hl7.org/fhir">
  <id value="CytogeneticExamination"/>
  <text>
    <status value="generated"/><div xmlns="http://www.w3.org/1999/xhtml"><p class="res-header-id"><b>Generated Narrative: CodeSystem CytogeneticExamination</b></p><a name="CytogeneticExamination"> </a><a name="hcCytogeneticExamination"> </a><a name="CytogeneticExamination-en-US"> </a><p>This case-insensitive code system <code>https://kip.rkkp.dk/fhir/CodeSystem/CytogeneticExamination</code> defines the following codes:</p><table class="codes"><tr><td style="white-space:nowrap"><b>Code</b></td><td><b>Display</b></td><td><b>Definition</b></td></tr><tr><td style="white-space:nowrap">jak2_v617f<a name="CytogeneticExamination-jak2_v617f"> </a></td><td>JAK2 V617F</td><td>JAK2 V617F</td></tr><tr><td style="white-space:nowrap">jak2_exon12<a name="CytogeneticExamination-jak2_exon12"> </a></td><td>JAK2 Exon12</td><td>JAK2 Exon12</td></tr><tr><td style="white-space:nowrap">mpl<a name="CytogeneticExamination-mpl"> </a></td><td>MPL</td><td>MPL</td></tr><tr><td style="white-space:nowrap">cal-r<a name="CytogeneticExamination-cal-r"> </a></td><td>CAL-R</td><td>CAL-R</td></tr><tr><td style="white-space:nowrap">asxl1<a name="CytogeneticExamination-asxl1"> </a></td><td>ASXL1</td><td>ASXL1</td></tr></table></div>
  </text>
  <url value="https://kip.rkkp.dk/fhir/CodeSystem/CytogeneticExamination"/>
  <version value="2.9.0"/>
  <name value="CytogeneticExamination"/>
  <title value="Cytogenetic examination"/>
  <status value="active"/>
  <date value="2022-06-14T00:00:00+02:00"/>
  <publisher value="Sundhedsvæsnets Kvalistetsinstitut with Trifork Digital Health A/S"/>
  <contact>
    <name value="Sundhedsvæsnets Kvalistetsinstitut with Trifork Digital Health A/S"/>
    <telecom>
      <system value="url"/>
      <value value="https://trifork.com"/>
    </telecom>
    <telecom>
      <system value="email"/>
      <value value="rbk@trifork.com"/>
    </telecom>
  </contact>
  <description value="Examination; cytogenetic examination"/>
  <caseSensitive value="false"/>
  <content value="complete"/>
  <count value="5"/>
  <concept>
    <code value="jak2_v617f"/>
    <display value="JAK2 V617F"/>
    <definition value="JAK2 V617F"/>
  </concept>
  <concept>
    <code value="jak2_exon12"/>
    <display value="JAK2 Exon12"/>
    <definition value="JAK2 Exon12"/>
  </concept>
  <concept>
    <code value="mpl"/>
    <display value="MPL"/>
    <definition value="MPL"/>
  </concept>
  <concept>
    <code value="cal-r"/>
    <display value="CAL-R"/>
    <definition value="CAL-R"/>
  </concept>
  <concept>
    <code value="asxl1"/>
    <display value="ASXL1"/>
    <definition value="ASXL1"/>
  </concept>
</CodeSystem>