<?xml version="1.0" encoding="UTF-8"?>

<CodeSystem xmlns="http://hl7.org/fhir">
  <id value="Smoking"/>
  <text>
    <status value="generated"/><div xmlns="http://www.w3.org/1999/xhtml"><p class="res-header-id"><b>Generated Narrative: CodeSystem Smoking</b></p><a name="Smoking"> </a><a name="hcSmoking"> </a><a name="Smoking-en-US"> </a><p>This  code system <code>https://kip.rkkp.dk/fhir/CodeSystem/Smoking</code> defines the following codes:</p><table class="codes"><tr><td style="white-space:nowrap"><b>Code</b></td><td><b>Display</b></td><td><b>Definition</b></td></tr><tr><td style="white-space:nowrap">smoker<a name="Smoking-smoker"> </a></td><td>Ryger</td><td>Ryger</td></tr><tr><td style="white-space:nowrap">passivesmoker<a name="Smoking-passivesmoker"> </a></td><td>Passiv ryger</td><td>Passiv ryger</td></tr><tr><td style="white-space:nowrap">non-smoker<a name="Smoking-non-smoker"> </a></td><td>Ikkeryger</td><td>Ikkeryger</td></tr><tr><td style="white-space:nowrap">never-smoker<a name="Smoking-never-smoker"> </a></td><td>Aldrig ryger</td><td>Aldrig ryger</td></tr><tr><td style="white-space:nowrap">formersmoker<a name="Smoking-formersmoker"> </a></td><td>Tidligere ryger</td><td>Tidligere ryger</td></tr></table></div>
  </text>
  <url value="https://kip.rkkp.dk/fhir/CodeSystem/Smoking"/>
  <version value="2.9.0"/>
  <name value="Smoking"/>
  <title value="Smoking"/>
  <status value="active"/>
  <date value="2022-05-31T00:00:00+02:00"/>
  <publisher value="Sundhedsvæsnets Kvalistetsinstitut with Trifork Digital Health A/S"/>
  <contact>
    <name value="Sundhedsvæsnets Kvalistetsinstitut with Trifork Digital Health A/S"/>
    <telecom>
      <system value="url"/>
      <value value="https://trifork.com"/>
    </telecom>
    <telecom>
      <system value="email"/>
      <value value="rbk@trifork.com"/>
    </telecom>
  </contact>
  <description value="Healthfactor smoking"/>
  <content value="complete"/>
  <count value="5"/>
  <concept>
    <code value="smoker"/>
    <display value="Ryger"/>
    <definition value="Ryger"/>
  </concept>
  <concept>
    <code value="passivesmoker"/>
    <display value="Passiv ryger"/>
    <definition value="Passiv ryger"/>
  </concept>
  <concept>
    <code value="non-smoker"/>
    <display value="Ikkeryger"/>
    <definition value="Ikkeryger"/>
  </concept>
  <concept>
    <code value="never-smoker"/>
    <display value="Aldrig ryger"/>
    <definition value="Aldrig ryger"/>
  </concept>
  <concept>
    <code value="formersmoker"/>
    <display value="Tidligere ryger"/>
    <definition value="Tidligere ryger"/>
  </concept>
</CodeSystem>