<?xml version="1.0" encoding="UTF-8"?>

<CodeSystem xmlns="http://hl7.org/fhir">
  <id value="Competence"/>
  <text>
    <status value="generated"/><div xmlns="http://www.w3.org/1999/xhtml"><p class="res-header-id"><b>Generated Narrative: CodeSystem Competence</b></p><a name="Competence"> </a><a name="hcCompetence"> </a><a name="Competence-en-US"> </a><p>This  code system <code>https://kip.rkkp.dk/fhir/CodeSystem/Competence</code> defines the following codes in an undefined hierarchy:</p><table class="codes"><tr><td><b>Lvl</b></td><td style="white-space:nowrap"><b>Code</b></td><td><b>Display</b></td><td><b>Definition</b></td></tr><tr><td>1</td><td style="white-space:nowrap">nursegeneral<a name="Competence-nursegeneral"> </a></td><td>Nurse (general)</td><td>Sygeplejerske generelt</td></tr><tr><td>2</td><td style="white-space:nowrap">  nu_anesthesia<a name="Competence-nu_anesthesia"> </a></td><td>Anesthesia nurse</td><td>Sygeplejerske med specialuddannelse i anæstesi</td></tr><tr><td>2</td><td style="white-space:nowrap">  nu_anesthesia_edu<a name="Competence-nu_anesthesia_edu"> </a></td><td>Nurse (education)</td><td>Sygeplejerske under uddannelse til anæstesisygeplejerske</td></tr><tr><td>2</td><td style="white-space:nowrap">  nu_recovery<a name="Competence-nu_recovery"> </a></td><td>Nurse (recovey)</td><td>Opvågningsygeplejerske</td></tr><tr><td>1</td><td style="white-space:nowrap">anesthesiologist<a name="Competence-anesthesiologist"> </a></td><td>Anesthesia specialist</td><td>Læge som har specialuddannelse i anæstesiologi</td></tr><tr><td>1</td><td style="white-space:nowrap">doc<a name="Competence-doc"> </a></td><td>Doctor</td><td>Læge som ikke er under uddannelse til speciallæge i anæstesiologi</td></tr><tr><td>1</td><td style="white-space:nowrap">anae_edu<a name="Competence-anae_edu"> </a></td><td>Medical education</td><td>Uddannelsesforløb</td></tr><tr><td>2</td><td style="white-space:nowrap">  doc_edu_anae_main<a name="Competence-doc_edu_anae_main"> </a></td><td>Main medical education</td><td>Læge som er i hoveduddannelsesforløb til speciallæge i anæstesiologi</td></tr><tr><td>2</td><td style="white-space:nowrap">  doc_edu_anae_intro<a name="Competence-doc_edu_anae_intro"> </a></td><td>Medical introductional education</td><td>Læge som er i introduktionsforløb til anæstesiologi</td></tr></table></div>
  </text>
  <url value="https://kip.rkkp.dk/fhir/CodeSystem/Competence"/>
  <version value="2.9.0"/>
  <name value="Competence"/>
  <title value="Fagligt niveau"/>
  <status value="active"/>
  <date value="2022-05-31T00:00:00+02:00"/>
  <publisher value="Sundhedsvæsnets Kvalistetsinstitut with Trifork Digital Health A/S"/>
  <contact>
    <name value="Sundhedsvæsnets Kvalistetsinstitut with Trifork Digital Health A/S"/>
    <telecom>
      <system value="url"/>
      <value value="https://trifork.com"/>
    </telecom>
    <telecom>
      <system value="email"/>
      <value value="rbk@trifork.com"/>
    </telecom>
  </contact>
  <description value="Udførende personales faglighed"/>
  <content value="complete"/>
  <count value="9"/>
  <concept>
    <code value="nursegeneral"/>
    <display value="Nurse (general)"/>
    <definition value="Sygeplejerske generelt"/>
    <concept>
      <code value="nu_anesthesia"/>
      <display value="Anesthesia nurse"/>
      <definition value="Sygeplejerske med specialuddannelse i anæstesi"/>
    </concept>
    <concept>
      <code value="nu_anesthesia_edu"/>
      <display value="Nurse (education)"/>
      <definition value="Sygeplejerske under uddannelse til anæstesisygeplejerske"/>
    </concept>
    <concept>
      <code value="nu_recovery"/>
      <display value="Nurse (recovey)"/>
      <definition value="Opvågningsygeplejerske"/>
    </concept>
  </concept>
  <concept>
    <code value="anesthesiologist"/>
    <display value="Anesthesia specialist"/>
    <definition value="Læge som har specialuddannelse i anæstesiologi"/>
  </concept>
  <concept>
    <code value="doc"/>
    <display value="Doctor"/>
    <definition value="Læge som ikke er under uddannelse til speciallæge i anæstesiologi"/>
  </concept>
  <concept>
    <code value="anae_edu"/>
    <display value="Medical education"/>
    <definition value="Uddannelsesforløb"/>
    <concept>
      <code value="doc_edu_anae_main"/>
      <display value="Main medical education"/>
      <definition value="Læge som er i hoveduddannelsesforløb til speciallæge i anæstesiologi"/>
    </concept>
    <concept>
      <code value="doc_edu_anae_intro"/>
      <display value="Medical introductional education"/>
      <definition value="Læge som er i introduktionsforløb til anæstesiologi"/>
    </concept>
  </concept>
</CodeSystem>