<?xml version="1.0" encoding="UTF-8"?>

<CodeSystem xmlns="http://hl7.org/fhir">
  <id value="DatabasesKIP"/>
  <text>
    <status value="generated"/><div xmlns="http://www.w3.org/1999/xhtml"><p class="res-header-id"><b>Generated Narrative: CodeSystem DatabasesKIP</b></p><a name="DatabasesKIP"> </a><a name="hcDatabasesKIP"> </a><a name="DatabasesKIP-en-US"> </a><p>This  code system <code>https://kip.rkkp.dk/fhir/CodeSystem/DatabasesKIP</code> defines the following codes:</p><table class="codes"><tr><td style="white-space:nowrap"><b>Code</b></td><td><b>Definition</b></td></tr><tr><td style="white-space:nowrap">ALD<a name="DatabasesKIP-ALD"> </a></td><td>HÆMA - ALD</td></tr><tr><td style="white-space:nowrap">DAMYDA<a name="DatabasesKIP-DAMYDA"> </a></td><td>HÆMA - DAMYDA</td></tr><tr><td style="white-space:nowrap">MDS<a name="DatabasesKIP-MDS"> </a></td><td>HÆMA - MDS</td></tr></table></div>
  </text>
  <url value="https://kip.rkkp.dk/fhir/CodeSystem/DatabasesKIP"/>
  <version value="2.9.0"/>
  <name value="DatabasesKIP"/>
  <title value="Databaser - KIP"/>
  <status value="active"/>
  <date value="2023-03-15T00:00:00+02:00"/>
  <publisher value="Sundhedsvæsnets Kvalistetsinstitut with Trifork Digital Health A/S"/>
  <contact>
    <name value="Sundhedsvæsnets Kvalistetsinstitut with Trifork Digital Health A/S"/>
    <telecom>
      <system value="url"/>
      <value value="https://trifork.com"/>
    </telecom>
    <telecom>
      <system value="email"/>
      <value value="rbk@trifork.com"/>
    </telecom>
  </contact>
  <description value="Databaser i KIP"/>
  <content value="complete"/>
  <count value="3"/>
  <concept>
    <code value="ALD"/>
    <display value="ALD"/>
    <definition value="HÆMA - ALD"/>
  </concept>
  <concept>
    <code value="DAMYDA"/>
    <display value="DAMYDA"/>
    <definition value="HÆMA - DAMYDA"/>
  </concept>
  <concept>
    <code value="MDS"/>
    <display value="MDS"/>
    <definition value="HÆMA - MDS"/>
  </concept>
</CodeSystem>