<?xml version="1.0" encoding="UTF-8"?>

<CodeSystem xmlns="http://hl7.org/fhir">
  <id value="RevisionType"/>
  <text>
    <status value="generated"/><div xmlns="http://www.w3.org/1999/xhtml"><p class="res-header-id"><b>Generated Narrative: CodeSystem RevisionType</b></p><a name="RevisionType"> </a><a name="hcRevisionType"> </a><a name="RevisionType-en-US"> </a><p>This case-insensitive code system <code>https://kip.rkkp.dk/fhir/CodeSystem/RevisionType</code> defines the following codes:</p><table class="codes"><tr><td style="white-space:nowrap"><b>Code</b></td><td><b>Display</b></td><td><b>Definition</b></td></tr><tr><td style="white-space:nowrap">one-stage<a name="RevisionType-one-stage"> </a></td><td>One-stage</td><td>One-stage</td></tr><tr><td style="white-space:nowrap">two-stage_step_1<a name="RevisionType-two-stage_step_1"> </a></td><td>Two-stage - Step 1</td><td>Two-stage - Step 1</td></tr><tr><td style="white-space:nowrap">two-stage_step_2<a name="RevisionType-two-stage_step_2"> </a></td><td>Two-stage - Step 2</td><td>Two-stage - Step 2</td></tr></table></div>
  </text>
  <url value="https://kip.rkkp.dk/fhir/CodeSystem/RevisionType"/>
  <version value="2.9.0"/>
  <name value="RevisionType"/>
  <title value="Revision; type"/>
  <status value="active"/>
  <date value="2022-10-07T00:00:00+02:00"/>
  <publisher value="Sundhedsvæsnets Kvalistetsinstitut with Trifork Digital Health A/S"/>
  <contact>
    <name value="Sundhedsvæsnets Kvalistetsinstitut with Trifork Digital Health A/S"/>
    <telecom>
      <system value="url"/>
      <value value="https://trifork.com"/>
    </telecom>
    <telecom>
      <system value="email"/>
      <value value="rbk@trifork.com"/>
    </telecom>
  </contact>
  <description value="Revision; type"/>
  <caseSensitive value="false"/>
  <content value="complete"/>
  <count value="3"/>
  <concept>
    <code value="one-stage"/>
    <display value="One-stage"/>
    <definition value="One-stage"/>
  </concept>
  <concept>
    <code value="two-stage_step_1"/>
    <display value="Two-stage - Step 1"/>
    <definition value="Two-stage - Step 1"/>
  </concept>
  <concept>
    <code value="two-stage_step_2"/>
    <display value="Two-stage - Step 2"/>
    <definition value="Two-stage - Step 2"/>
  </concept>
</CodeSystem>