<?xml version="1.0" encoding="UTF-8"?>

<ValueSet xmlns="http://hl7.org/fhir">
  <id value="StraalebehandlingMaal"/>
  <text>
    <status value="extensions"/><div xmlns="http://www.w3.org/1999/xhtml"><p class="res-header-id"><b>Generated Narrative: ValueSet StraalebehandlingMaal</b></p><a name="StraalebehandlingMaal"> </a><a name="hcStraalebehandlingMaal"> </a><a name="StraalebehandlingMaal-en-US"> </a><ul><li>Include these codes as defined in <a href="CodeSystem-RadiationTherapyTarget.html"><code>https://kip.rkkp.dk/fhir/CodeSystem/RadiationTherapyTarget</code></a><table class="none"><tr><td style="white-space:nowrap"><b>Code</b></td><td><b>Display</b></td><td><b>Definition</b></td></tr><tr><td><a href="CodeSystem-RadiationTherapyTarget.html#RadiationTherapyTarget-primarytumor">primarytumor</a></td><td>Primær tumor</td><td>Primary tumor</td></tr><tr><td><a href="CodeSystem-RadiationTherapyTarget.html#RadiationTherapyTarget-bonemetastases">bonemetastases</a></td><td>Knoglemetastase</td><td>Bone metastases</td></tr><tr><td><a href="CodeSystem-RadiationTherapyTarget.html#RadiationTherapyTarget-cns">cns</a></td><td>CNS</td><td>Central nervous system (CNS)</td></tr><tr><td><a href="CodeSystem-RadiationTherapyTarget.html#RadiationTherapyTarget-other">other</a></td><td>Anden/Ikke specificeret</td><td>Other target/non-specified target</td></tr></table></li></ul></div>
  </text>
  <url value="https://kip.rkkp.dk/fhir/ValueSet/StraalebehandlingMaal"/>
  <version value="2.9.0"/>
  <name value="StraalebehandlingMaal"/>
  <title value="Strålebehandlingens mål"/>
  <status value="active"/>
  <experimental value="true"/>
  <date value="2022-05-16T00:00:00+02:00"/>
  <publisher value="Sundhedsvæsnets Kvalistetsinstitut with Trifork Digital Health A/S"/>
  <contact>
    <name value="Sundhedsvæsnets Kvalistetsinstitut with Trifork Digital Health A/S"/>
    <telecom>
      <system value="url"/>
      <value value="https://trifork.com"/>
    </telecom>
    <telecom>
      <system value="email"/>
      <value value="rbk@trifork.com"/>
    </telecom>
  </contact>
  <description value="Alle mål for strålebehandling"/>
  <compose>
    <include>
      <system value="https://kip.rkkp.dk/fhir/CodeSystem/RadiationTherapyTarget"/>
      <concept>
        <code value="primarytumor"/>
        <display value="Primær tumor"/>
      </concept>
      <concept>
        <code value="bonemetastases"/>
        <display value="Knoglemetastase"/>
      </concept>
      <concept>
        <code value="cns"/>
        <display value="CNS"/>
      </concept>
      <concept>
        <code value="other"/>
        <display value="Anden/Ikke specificeret"/>
      </concept>
    </include>
  </compose>
</ValueSet>