<?xml version="1.0" encoding="UTF-8"?>

<ValueSet xmlns="http://hl7.org/fhir">
  <id value="TreatmentTypeOncology"/>
  <text>
    <status value="extensions"/><div xmlns="http://www.w3.org/1999/xhtml"><p class="res-header-id"><b>Generated Narrative: ValueSet TreatmentTypeOncology</b></p><a name="TreatmentTypeOncology"> </a><a name="hcTreatmentTypeOncology"> </a><a name="TreatmentTypeOncology-en-US"> </a><ul><li>Include these codes as defined in <a href="CodeSystem-OncologyTreatmentCurative.html"><code>https://kip.rkkp.dk/fhir/CodeSystem/OncologyTreatmentCurative</code></a><table class="none"><tr><td style="white-space:nowrap"><b>Code</b></td><td><b>Display</b></td><td><b>Definition</b></td></tr><tr><td><a href="CodeSystem-OncologyTreatmentCurative.html#OncologyTreatmentCurative-neoadjuvant">neoadjuvant</a></td><td>Neo-adjuverende behandling</td><td>Hvis Neo-adjuverende behandling</td></tr><tr><td><a href="CodeSystem-OncologyTreatmentCurative.html#OncologyTreatmentCurative-perioperative">perioperative</a></td><td>Perioperativ behandling</td><td>Hvis Perioperativ behandling</td></tr><tr><td><a href="CodeSystem-OncologyTreatmentCurative.html#OncologyTreatmentCurative-adjuvant">adjuvant</a></td><td>Adjuverende behandling</td><td>Hvis Adjuverende behandling</td></tr></table></li></ul></div>
  </text>
  <url value="https://kip.rkkp.dk/fhir/ValueSet/TreatmentTypeOncology"/>
  <version value="2.9.0"/>
  <name value="TreatmentTypeOncology"/>
  <title value="Behandlingstyper"/>
  <status value="active"/>
  <experimental value="true"/>
  <date value="2022-05-16T00:00:00+02:00"/>
  <publisher value="Sundhedsvæsnets Kvalistetsinstitut with Trifork Digital Health A/S"/>
  <contact>
    <name value="Sundhedsvæsnets Kvalistetsinstitut with Trifork Digital Health A/S"/>
    <telecom>
      <system value="url"/>
      <value value="https://trifork.com"/>
    </telecom>
    <telecom>
      <system value="email"/>
      <value value="rbk@trifork.com"/>
    </telecom>
  </contact>
  <description value="Hvilken behandlingstype blev der valgt"/>
  <compose>
    <include>
      <system value="https://kip.rkkp.dk/fhir/CodeSystem/OncologyTreatmentCurative"/>
      <concept>
        <code value="neoadjuvant"/>
        <display value="Neo-adjuverende behandling"/>
      </concept>
      <concept>
        <code value="perioperative"/>
        <display value="Perioperativ behandling"/>
      </concept>
      <concept>
        <code value="adjuvant"/>
        <display value="Adjuverende behandling"/>
      </concept>
    </include>
  </compose>
</ValueSet>