<?xml version="1.0" encoding="UTF-8"?>

<ValueSet xmlns="http://hl7.org/fhir">
  <id value="LokalStraaleterapi"/>
  <text>
    <status value="extensions"/><div xmlns="http://www.w3.org/1999/xhtml"><p class="res-header-id"><b>Generated Narrative: ValueSet LokalStraaleterapi</b></p><a name="LokalStraaleterapi"> </a><a name="hcLokalStraaleterapi"> </a><a name="LokalStraaleterapi-en-US"> </a><p>This value set includes codes based on the following rules:</p><ul><li>Include these codes as defined in <a href="CodeSystem-TreatmentType.html"><code>https://kip.rkkp.dk/fhir/CodeSystem/TreatmentType</code></a><table class="none"><tr><td style="white-space:nowrap"><b>Code</b></td><td><b>Display</b></td><td><b>Definition</b></td></tr><tr><td><a href="CodeSystem-TreatmentType.html#TreatmentType-neoadjuvant">neoadjuvant</a></td><td>Neoadjuverende/downsizing</td><td>Neoadjuvant / Neoadjuverende</td></tr><tr><td><a href="CodeSystem-TreatmentType.html#TreatmentType-watchfull_waiting">watchfull_waiting</a></td><td>Watchfull waiting</td><td>Watchfull waiting</td></tr></table></li><li>Include these codes as defined in <a href="CodeSystem-GenericValues.html"><code>https://kip.rkkp.dk/fhir/CodeSystem/GenericValues</code></a><table class="none"><tr><td style="white-space:nowrap"><b>Code</b></td><td><b>Display</b></td><td><b>Definition</b></td></tr><tr><td><a href="CodeSystem-GenericValues.html#GenericValues-other">other</a></td><td>Anden indikation</td><td>Other - used to choose unspecific value not in a valueset</td></tr></table></li></ul></div>
  </text>
  <url value="https://kip.rkkp.dk/fhir/ValueSet/LokalStraaleterapi"/>
  <version value="2.9.0"/>
  <name value="LokalStraaleterapi"/>
  <title value="Præoperativ lokal stråleterapi ved malign indikation for TES"/>
  <status value="active"/>
  <experimental value="true"/>
  <date value="2022-10-13T00:00:00+02:00"/>
  <publisher value="Sundhedsvæsnets Kvalistetsinstitut with Trifork Digital Health A/S"/>
  <contact>
    <name value="Sundhedsvæsnets Kvalistetsinstitut with Trifork Digital Health A/S"/>
    <telecom>
      <system value="url"/>
      <value value="https://trifork.com"/>
    </telecom>
    <telecom>
      <system value="email"/>
      <value value="rbk@trifork.com"/>
    </telecom>
  </contact>
  <description value="Præoperativ lokal stråleterapi ved malign indikation for TES"/>
  <compose>
    <include>
      <system value="https://kip.rkkp.dk/fhir/CodeSystem/TreatmentType"/>
      <concept>
        <code value="neoadjuvant"/>
        <display value="Neoadjuverende/downsizing"/>
      </concept>
      <concept>
        <code value="watchfull_waiting"/>
        <display value="Watchfull waiting"/>
      </concept>
    </include>
    <include>
      <system value="https://kip.rkkp.dk/fhir/CodeSystem/GenericValues"/>
      <concept>
        <code value="other"/>
        <display value="Anden indikation"/>
      </concept>
    </include>
  </compose>
</ValueSet>