<?xml version="1.0" encoding="UTF-8"?>

<ValueSet xmlns="http://hl7.org/fhir">
  <id value="RisikovurderingRETSPSYK"/>
  <text>
    <status value="extensions"/><div xmlns="http://www.w3.org/1999/xhtml"><p class="res-header-id"><b>Generated Narrative: ValueSet RisikovurderingRETSPSYK</b></p><a name="RisikovurderingRETSPSYK"> </a><a name="hcRisikovurderingRETSPSYK"> </a><a name="RisikovurderingRETSPSYK-en-US"> </a><p>This value set includes codes based on the following rules:</p><ul><li>Include these codes as defined in <a href="CodeSystem-RiskAssessment.html"><code>https://kip.rkkp.dk/fhir/CodeSystem/RiskAssessment</code></a><table class="none"><tr><td style="white-space:nowrap"><b>Code</b></td><td><b>Display</b></td><td><b>Definition</b></td></tr><tr><td><a href="CodeSystem-RiskAssessment.html#RiskAssessment-hcr-20">hcr-20</a></td><td>HCR-20</td><td>HCR-20</td></tr><tr><td><a href="CodeSystem-RiskAssessment.html#RiskAssessment-start">start</a></td><td>START</td><td>START</td></tr><tr><td><a href="CodeSystem-RiskAssessment.html#RiskAssessment-saprof">saprof</a></td><td>SAPROF</td><td>SAPROF</td></tr><tr><td><a href="CodeSystem-RiskAssessment.html#RiskAssessment-rsvp">rsvp</a></td><td>RSVP</td><td>RSVP</td></tr><tr><td><a href="CodeSystem-RiskAssessment.html#RiskAssessment-v-risk-10">v-risk-10</a></td><td>V-RISK-10</td><td>V-RISK-10</td></tr></table></li><li>Include these codes as defined in <a href="CodeSystem-GenericValues.html"><code>https://kip.rkkp.dk/fhir/CodeSystem/GenericValues</code></a><table class="none"><tr><td style="white-space:nowrap"><b>Code</b></td><td><b>Display</b></td><td><b>Definition</b></td></tr><tr><td><a href="CodeSystem-GenericValues.html#GenericValues-other">other</a></td><td>Andet</td><td>Other - used to choose unspecific value not in a valueset</td></tr></table></li></ul></div>
  </text>
  <url value="https://kip.rkkp.dk/fhir/ValueSet/RisikovurderingRETSPSYK"/>
  <version value="2.9.0"/>
  <name value="RisikovurderingRETSPSYK"/>
  <title value="Risikovurdering (RETSPSYK)"/>
  <status value="active"/>
  <experimental value="true"/>
  <date value="2022-09-30T00:00:00+02:00"/>
  <publisher value="Sundhedsvæsnets Kvalistetsinstitut with Trifork Digital Health A/S"/>
  <contact>
    <name value="Sundhedsvæsnets Kvalistetsinstitut with Trifork Digital Health A/S"/>
    <telecom>
      <system value="url"/>
      <value value="https://trifork.com"/>
    </telecom>
    <telecom>
      <system value="email"/>
      <value value="rbk@trifork.com"/>
    </telecom>
  </contact>
  <description value="Risikovurdering (RETSPSYK)"/>
  <compose>
    <include>
      <system value="https://kip.rkkp.dk/fhir/CodeSystem/RiskAssessment"/>
      <concept>
        <code value="hcr-20"/>
        <display value="HCR-20"/>
      </concept>
      <concept>
        <code value="start"/>
        <display value="START"/>
      </concept>
      <concept>
        <code value="saprof"/>
        <display value="SAPROF"/>
      </concept>
      <concept>
        <code value="rsvp"/>
        <display value="RSVP"/>
      </concept>
      <concept>
        <code value="v-risk-10"/>
        <display value="V-RISK-10"/>
      </concept>
    </include>
    <include>
      <system value="https://kip.rkkp.dk/fhir/CodeSystem/GenericValues"/>
      <concept>
        <code value="other"/>
        <display value="Andet"/>
      </concept>
    </include>
  </compose>
</ValueSet>