<?xml version="1.0" encoding="UTF-8"?>

<ValueSet xmlns="http://hl7.org/fhir">
  <id value="MKategoriDCCG"/>
  <text>
    <status value="extensions"/><div xmlns="http://www.w3.org/1999/xhtml"><p class="res-header-id"><b>Generated Narrative: ValueSet MKategoriDCCG</b></p><a name="MKategoriDCCG"> </a><a name="hcMKategoriDCCG"> </a><a name="MKategoriDCCG-en-US"> </a><ul><li>Include these codes as defined in <a href="CodeSystem-SKS.html"><code>https://kip.rkkp.dk/fhir/CodeSystem/SKS</code></a><table class="none"><tr><td style="white-space:nowrap"><b>Code</b></td><td><b>Display</b></td><td><b>Definition</b></td></tr><tr><td><a href="CodeSystem-SKS.html#SKS-DC787">DC787</a></td><td>(M1) Fjernmetastaser i leveren</td><td>Fjernmetastase i leveren</td></tr><tr><td><a href="CodeSystem-SKS.html#SKS-DC780">DC780</a></td><td>(M1) Fjernmetastaser i lungen</td><td>Fjernmetastase i lunge</td></tr><tr><td><a href="CodeSystem-SKS.html#SKS-AZCD41C">AZCD41C</a></td><td>(M1c) Peritoneale fjernmetastaser</td><td>AZCD41C - cM1c: Fjernmetastase</td></tr><tr><td><a href="CodeSystem-SKS.html#SKS-AZCD41">AZCD41</a></td><td>(M1) Metastaser et andet sted</td><td>AZCD41 - cM1: Fjernmetastase</td></tr></table></li></ul></div>
  </text>
  <url value="https://kip.rkkp.dk/fhir/ValueSet/MKategoriDCCG"/>
  <version value="2.9.0"/>
  <name value="MKategoriDCCG"/>
  <title value="Klinisk M-kategori DCCG"/>
  <status value="active"/>
  <experimental value="true"/>
  <date value="2022-09-07T00:00:00+02:00"/>
  <publisher value="Sundhedsvæsnets Kvalistetsinstitut with Trifork Digital Health A/S"/>
  <contact>
    <name value="Sundhedsvæsnets Kvalistetsinstitut with Trifork Digital Health A/S"/>
    <telecom>
      <system value="url"/>
      <value value="https://trifork.com"/>
    </telecom>
    <telecom>
      <system value="email"/>
      <value value="rbk@trifork.com"/>
    </telecom>
  </contact>
  <description value="Klinisk M-kategori DCCG"/>
  <compose>
    <include>
      <system value="https://kip.rkkp.dk/fhir/CodeSystem/SKS"/>
      <concept>
        <code value="DC787"/>
        <display value="(M1) Fjernmetastaser i leveren"/>
      </concept>
      <concept>
        <code value="DC780"/>
        <display value="(M1) Fjernmetastaser i lungen"/>
      </concept>
      <concept>
        <code value="AZCD41C"/>
        <display value="(M1c) Peritoneale fjernmetastaser"/>
      </concept>
      <concept>
        <code value="AZCD41"/>
        <display value="(M1) Metastaser et andet sted"/>
      </concept>
    </include>
  </compose>
</ValueSet>