<?xml version="1.0" encoding="UTF-8"?>

<ValueSet xmlns="http://hl7.org/fhir">
  <id value="ScoreTyperHOFTER"/>
  <text>
    <status value="extensions"/><div xmlns="http://www.w3.org/1999/xhtml"><p class="res-header-id"><b>Generated Narrative: ValueSet ScoreTyperHOFTER</b></p><a name="ScoreTyperHOFTER"> </a><a name="hcScoreTyperHOFTER"> </a><a name="ScoreTyperHOFTER-en-US"> </a><ul><li>Include these codes as defined in <a href="CodeSystem-FunctionalScoreTypes.html"><code>https://kip.rkkp.dk/fhir/CodeSystem/FunctionalScoreTypes</code></a><table class="none"><tr><td style="white-space:nowrap"><b>Code</b></td><td><b>Display</b></td><td><b>Definition</b></td></tr><tr><td><a href="CodeSystem-FunctionalScoreTypes.html#FunctionalScoreTypes-CAS">CAS</a></td><td>CAS</td><td>Cumulated Ambulation Score</td></tr><tr><td><a href="CodeSystem-FunctionalScoreTypes.html#FunctionalScoreTypes-NMS">NMS</a></td><td>NMS</td><td>New Mobility Score</td></tr></table></li></ul></div>
  </text>
  <url value="https://kip.rkkp.dk/fhir/ValueSet/ScoreTyperHOFTER"/>
  <version value="2.9.0"/>
  <name value="ScoreTyperHOFTER"/>
  <title value="ScoreTyper HOFTER"/>
  <status value="active"/>
  <experimental value="true"/>
  <date value="2024-10-07T00:00:00+02:00"/>
  <publisher value="Sundhedsvæsnets Kvalistetsinstitut with Trifork Digital Health A/S"/>
  <contact>
    <name value="Sundhedsvæsnets Kvalistetsinstitut with Trifork Digital Health A/S"/>
    <telecom>
      <system value="url"/>
      <value value="https://trifork.com"/>
    </telecom>
    <telecom>
      <system value="email"/>
      <value value="rbk@trifork.com"/>
    </telecom>
  </contact>
  <description value="Score type brugt ved vurdering af funktionsniveau"/>
  <compose>
    <include>
      <system value="https://kip.rkkp.dk/fhir/CodeSystem/FunctionalScoreTypes"/>
      <concept>
        <code value="CAS"/>
        <display value="CAS"/>
      </concept>
      <concept>
        <code value="NMS"/>
        <display value="NMS"/>
      </concept>
    </include>
  </compose>
</ValueSet>