<?xml version="1.0" encoding="UTF-8"?>

<ValueSet xmlns="http://hl7.org/fhir">
  <id value="HumeruskomponentDSR"/>
  <text>
    <status value="extensions"/><div xmlns="http://www.w3.org/1999/xhtml"><p class="res-header-id"><b>Generated Narrative: ValueSet HumeruskomponentDSR</b></p><a name="HumeruskomponentDSR"> </a><a name="hcHumeruskomponentDSR"> </a><a name="HumeruskomponentDSR-en-US"> </a><p>This value set includes codes based on the following rules:</p><ul><li>Include these codes as defined in <a href="CodeSystem-GenericValues.html"><code>https://kip.rkkp.dk/fhir/CodeSystem/GenericValues</code></a><table class="none"><tr><td style="white-space:nowrap"><b>Code</b></td><td><b>Display</b></td><td><b>Definition</b></td></tr><tr><td><a href="CodeSystem-GenericValues.html#GenericValues-not_inserted">not_inserted</a></td><td>Ikke Indsat / fjernet</td><td>Not inserted / Ikke indsat</td></tr></table></li><li>Include these codes as defined in <a href="CodeSystem-ImplantComponents.html"><code>https://kip.rkkp.dk/fhir/CodeSystem/ImplantComponents</code></a><table class="none"><tr><td style="white-space:nowrap"><b>Code</b></td><td><b>Display</b></td><td><b>Definition</b></td></tr><tr><td><a href="CodeSystem-ImplantComponents.html#ImplantComponents-cement_spacer">cement_spacer</a></td><td>Indsat cementspacer</td><td>Cement spacer</td></tr><tr><td><a href="CodeSystem-ImplantComponents.html#ImplantComponents-implant">implant</a></td><td>Indsat egentligt implantat</td><td>Implant / Implantat</td></tr></table></li></ul></div>
  </text>
  <url value="https://kip.rkkp.dk/fhir/ValueSet/HumeruskomponentDSR"/>
  <version value="2.9.0"/>
  <name value="HumeruskomponentDSR"/>
  <title value="Humeruskomponent (DSR)"/>
  <status value="active"/>
  <experimental value="true"/>
  <date value="2022-10-06T00:00:00+02:00"/>
  <publisher value="Sundhedsvæsnets Kvalistetsinstitut with Trifork Digital Health A/S"/>
  <contact>
    <name value="Sundhedsvæsnets Kvalistetsinstitut with Trifork Digital Health A/S"/>
    <telecom>
      <system value="url"/>
      <value value="https://trifork.com"/>
    </telecom>
    <telecom>
      <system value="email"/>
      <value value="rbk@trifork.com"/>
    </telecom>
  </contact>
  <description value="Humeruskomponent (DSR)"/>
  <compose>
    <include>
      <system value="https://kip.rkkp.dk/fhir/CodeSystem/GenericValues"/>
      <concept>
        <code value="not_inserted"/>
        <display value="Ikke Indsat / fjernet"/>
      </concept>
    </include>
    <include>
      <system value="https://kip.rkkp.dk/fhir/CodeSystem/ImplantComponents"/>
      <concept>
        <code value="cement_spacer"/>
        <display value="Indsat cementspacer"/>
      </concept>
      <concept>
        <code value="implant"/>
        <display value="Indsat egentligt implantat"/>
      </concept>
    </include>
  </compose>
</ValueSet>