<?xml version="1.0" encoding="UTF-8"?>

<ValueSet xmlns="http://hl7.org/fhir">
  <id value="MedicinVarighedDSR"/>
  <text>
    <status value="extensions"/><div xmlns="http://www.w3.org/1999/xhtml"><p class="res-header-id"><b>Generated Narrative: ValueSet MedicinVarighedDSR</b></p><a name="MedicinVarighedDSR"> </a><a name="hcMedicinVarighedDSR"> </a><a name="MedicinVarighedDSR-en-US"> </a><ul><li>Include these codes as defined in <a href="CodeSystem-MedicalTreatmentDuration.html"><code>https://kip.rkkp.dk/fhir/CodeSystem/MedicalTreatmentDuration</code></a><table class="none"><tr><td style="white-space:nowrap"><b>Code</b></td><td><b>Display</b></td><td><b>Definition</b></td></tr><tr><td><a href="CodeSystem-MedicalTreatmentDuration.html#MedicalTreatmentDuration-preoperative_peroperative">preoperative_peroperative</a></td><td>Kun Præ-/peroperativt</td><td>Præ-/peroperativt</td></tr><tr><td><a href="CodeSystem-MedicalTreatmentDuration.html#MedicalTreatmentDuration-postoperative_1_day">postoperative_1_day</a></td><td>1 døgn postopr.</td><td>Postoperativ, 1 døgn</td></tr><tr><td><a href="CodeSystem-MedicalTreatmentDuration.html#MedicalTreatmentDuration-postoperative_multiple_days">postoperative_multiple_days</a></td><td>Flere døgn postopr.</td><td>Postoperativ, flere døgn</td></tr></table></li></ul></div>
  </text>
  <url value="https://kip.rkkp.dk/fhir/ValueSet/MedicinVarighedDSR"/>
  <version value="2.9.0"/>
  <name value="MedicinVarighedDSR"/>
  <title value="Medicin varighed (DSR)"/>
  <status value="active"/>
  <experimental value="true"/>
  <date value="2022-10-06T00:00:00+02:00"/>
  <publisher value="Sundhedsvæsnets Kvalistetsinstitut with Trifork Digital Health A/S"/>
  <contact>
    <name value="Sundhedsvæsnets Kvalistetsinstitut with Trifork Digital Health A/S"/>
    <telecom>
      <system value="url"/>
      <value value="https://trifork.com"/>
    </telecom>
    <telecom>
      <system value="email"/>
      <value value="rbk@trifork.com"/>
    </telecom>
  </contact>
  <description value="Medicin varighed (DSR)"/>
  <compose>
    <include>
      <system value="https://kip.rkkp.dk/fhir/CodeSystem/MedicalTreatmentDuration"/>
      <concept>
        <code value="preoperative_peroperative"/>
        <display value="Kun Præ-/peroperativt"/>
      </concept>
      <concept>
        <code value="postoperative_1_day"/>
        <display value="1 døgn postopr."/>
      </concept>
      <concept>
        <code value="postoperative_multiple_days"/>
        <display value="Flere døgn postopr."/>
      </concept>
    </include>
  </compose>
</ValueSet>