<?xml version="1.0" encoding="UTF-8"?>

<ValueSet xmlns="http://hl7.org/fhir">
  <id value="CancerUdredning"/>
  <text>
    <status value="extensions"/><div xmlns="http://www.w3.org/1999/xhtml"><p class="res-header-id"><b>Generated Narrative: ValueSet CancerUdredning</b></p><a name="CancerUdredning"> </a><a name="hcCancerUdredning"> </a><a name="CancerUdredning-en-US"> </a><ul><li>Include these codes as defined in <a href="CodeSystem-CancerInvestigation.html"><code>https://kip.rkkp.dk/fhir/CodeSystem/CancerInvestigation</code></a><table class="none"><tr><td style="white-space:nowrap"><b>Code</b></td><td><b>Display</b></td><td><b>Definition</b></td></tr><tr><td><a href="CodeSystem-CancerInvestigation.html#CancerInvestigation-eus">eus</a></td><td>EUS</td><td>EUS</td></tr><tr><td><a href="CodeSystem-CancerInvestigation.html#CancerInvestigation-lap.47lus">lap/lus</a></td><td>Lap/LUS</td><td>Lap/LUS</td></tr><tr><td><a href="CodeSystem-CancerInvestigation.html#CancerInvestigation-ct">ct</a></td><td>CT</td><td>CT</td></tr><tr><td><a href="CodeSystem-CancerInvestigation.html#CancerInvestigation-pet.47ct">pet/ct</a></td><td>PET/CT</td><td>PET/CT</td></tr><tr><td><a href="CodeSystem-CancerInvestigation.html#CancerInvestigation-mr">mr</a></td><td>MR</td><td>MR</td></tr><tr><td><a href="CodeSystem-CancerInvestigation.html#CancerInvestigation-abdomen">abdomen</a></td><td>UL abdomen</td><td>UL abdomen</td></tr><tr><td><a href="CodeSystem-CancerInvestigation.html#CancerInvestigation-neck">neck</a></td><td>UL hals</td><td>UL hals</td></tr><tr><td><a href="CodeSystem-CancerInvestigation.html#CancerInvestigation-ebus">ebus</a></td><td>EBUS</td><td>EBUS</td></tr><tr><td><a href="CodeSystem-CancerInvestigation.html#CancerInvestigation-other">other</a></td><td>Øvrige</td><td>Øvrige</td></tr></table></li></ul></div>
  </text>
  <url value="https://kip.rkkp.dk/fhir/ValueSet/CancerUdredning"/>
  <version value="2.9.0"/>
  <name value="CancerUdredning"/>
  <title value="Cancer udredning"/>
  <status value="active"/>
  <experimental value="true"/>
  <date value="2022-06-08T00:00:00+02:00"/>
  <publisher value="Sundhedsvæsnets Kvalistetsinstitut with Trifork Digital Health A/S"/>
  <contact>
    <name value="Sundhedsvæsnets Kvalistetsinstitut with Trifork Digital Health A/S"/>
    <telecom>
      <system value="url"/>
      <value value="https://trifork.com"/>
    </telecom>
    <telecom>
      <system value="email"/>
      <value value="rbk@trifork.com"/>
    </telecom>
  </contact>
  <description value="Valgmulighederne for cancer udredning"/>
  <compose>
    <include>
      <system value="https://kip.rkkp.dk/fhir/CodeSystem/CancerInvestigation"/>
      <concept>
        <code value="eus"/>
        <display value="EUS"/>
      </concept>
      <concept>
        <code value="lap/lus"/>
        <display value="Lap/LUS"/>
      </concept>
      <concept>
        <code value="ct"/>
        <display value="CT"/>
      </concept>
      <concept>
        <code value="pet/ct"/>
        <display value="PET/CT"/>
      </concept>
      <concept>
        <code value="mr"/>
        <display value="MR"/>
      </concept>
      <concept>
        <code value="abdomen"/>
        <display value="UL abdomen"/>
      </concept>
      <concept>
        <code value="neck"/>
        <display value="UL hals"/>
      </concept>
      <concept>
        <code value="ebus"/>
        <display value="EBUS"/>
      </concept>
      <concept>
        <code value="other"/>
        <display value="Øvrige"/>
      </concept>
    </include>
  </compose>
</ValueSet>