<?xml version="1.0" encoding="UTF-8"?>

<ValueSet xmlns="http://hl7.org/fhir">
  <id value="RobotDKR"/>
  <text>
    <status value="extensions"/><div xmlns="http://www.w3.org/1999/xhtml"><p class="res-header-id"><b>Generated Narrative: ValueSet RobotDKR</b></p><a name="RobotDKR"> </a><a name="hcRobotDKR"> </a><a name="RobotDKR-en-US"> </a><ul><li>Include these codes as defined in <a href="CodeSystem-RobotAssistDKR.html"><code>https://kip.rkkp.dk/fhir/CodeSystem/RobotAssistDKR</code></a><table class="none"><tr><td style="white-space:nowrap"><b>Code</b></td><td><b>Display</b></td><td><b>Definition</b></td></tr><tr><td><a href="CodeSystem-RobotAssistDKR.html#RobotAssistDKR-mako">mako</a></td><td>Mako</td><td>Mako</td></tr><tr><td><a href="CodeSystem-RobotAssistDKR.html#RobotAssistDKR-rosa">rosa</a></td><td>Rosa</td><td>Rosa</td></tr><tr><td><a href="CodeSystem-RobotAssistDKR.html#RobotAssistDKR-velys">velys</a></td><td>Velys</td><td>Velys</td></tr><tr><td><a href="CodeSystem-RobotAssistDKR.html#RobotAssistDKR-other">other</a></td><td>Andet</td><td>Andet</td></tr></table></li></ul></div>
  </text>
  <url value="https://kip.rkkp.dk/fhir/ValueSet/RobotDKR"/>
  <version value="2.9.0"/>
  <name value="RobotDKR"/>
  <title value="Robot (DKR)"/>
  <status value="active"/>
  <experimental value="true"/>
  <date value="2024-12-02T00:00:00+02:00"/>
  <publisher value="Sundhedsvæsnets Kvalistetsinstitut with Trifork Digital Health A/S"/>
  <contact>
    <name value="Sundhedsvæsnets Kvalistetsinstitut with Trifork Digital Health A/S"/>
    <telecom>
      <system value="url"/>
      <value value="https://trifork.com"/>
    </telecom>
    <telecom>
      <system value="email"/>
      <value value="rbk@trifork.com"/>
    </telecom>
  </contact>
  <description value="Robottyper til robot assisteret kirurgi (DKR)"/>
  <compose>
    <include>
      <system value="https://kip.rkkp.dk/fhir/CodeSystem/RobotAssistDKR"/>
      <concept>
        <code value="mako"/>
        <display value="Mako"/>
      </concept>
      <concept>
        <code value="rosa"/>
        <display value="Rosa"/>
      </concept>
      <concept>
        <code value="velys"/>
        <display value="Velys"/>
      </concept>
      <concept>
        <code value="other"/>
        <display value="Andet"/>
      </concept>
    </include>
  </compose>
</ValueSet>