<?xml version="1.0" encoding="UTF-8"?>

<ValueSet xmlns="http://hl7.org/fhir">
  <id value="HydrocephalusTiltag"/>
  <text>
    <status value="extensions"/><div xmlns="http://www.w3.org/1999/xhtml"><p class="res-header-id"><b>Generated Narrative: ValueSet HydrocephalusTiltag</b></p><a name="HydrocephalusTiltag"> </a><a name="hcHydrocephalusTiltag"> </a><a name="HydrocephalusTiltag-en-US"> </a><ul><li>Include these codes as defined in <a href="CodeSystem-TreatmentInitiatives.html"><code>https://kip.rkkp.dk/fhir/CodeSystem/TreatmentInitiatives</code></a><table class="none"><tr><td style="white-space:nowrap"><b>Code</b></td><td><b>Display</b></td><td><b>Definition</b></td></tr><tr><td><a href="CodeSystem-TreatmentInitiatives.html#TreatmentInitiatives-temporarydrain">temporarydrain</a></td><td>Midlertidigt dræn</td><td>Midlertidigt dræn</td></tr><tr><td><a href="CodeSystem-TreatmentInitiatives.html#TreatmentInitiatives-permanentshunt">permanentshunt</a></td><td>Kræver permanent shunt</td><td>Permanent shunt</td></tr></table></li></ul></div>
  </text>
  <url value="https://kip.rkkp.dk/fhir/ValueSet/HydrocephalusTiltag"/>
  <version value="2.9.0"/>
  <name value="HydrocephalusTiltag"/>
  <title value="Tiltag i forbindelse med hydrocephalus"/>
  <status value="active"/>
  <experimental value="true"/>
  <date value="2022-06-29T00:00:00+02:00"/>
  <publisher value="Sundhedsvæsnets Kvalistetsinstitut with Trifork Digital Health A/S"/>
  <contact>
    <name value="Sundhedsvæsnets Kvalistetsinstitut with Trifork Digital Health A/S"/>
    <telecom>
      <system value="url"/>
      <value value="https://trifork.com"/>
    </telecom>
    <telecom>
      <system value="email"/>
      <value value="rbk@trifork.com"/>
    </telecom>
  </contact>
  <description value="Tiltag i forbindelse med hydrocephalus"/>
  <compose>
    <include>
      <system value="https://kip.rkkp.dk/fhir/CodeSystem/TreatmentInitiatives"/>
      <concept>
        <code value="temporarydrain"/>
        <display value="Midlertidigt dræn"/>
      </concept>
      <concept>
        <code value="permanentshunt"/>
        <display value="Kræver permanent shunt"/>
      </concept>
    </include>
  </compose>
</ValueSet>