<?xml version="1.0" encoding="UTF-8"?>

<ValueSet xmlns="http://hl7.org/fhir">
  <id value="LokalitetDANARREST"/>
  <text>
    <status value="extensions"/><div xmlns="http://www.w3.org/1999/xhtml"><p class="res-header-id"><b>Generated Narrative: ValueSet LokalitetDANARREST</b></p><a name="LokalitetDANARREST"> </a><a name="hcLokalitetDANARREST"> </a><a name="LokalitetDANARREST-en-US"> </a><ul><li>Include these codes as defined in <a href="CodeSystem-Observationssted.html"><code>https://kip.rkkp.dk/fhir/CodeSystem/Observationssted</code></a><table class="none"><tr><td style="white-space:nowrap"><b>Code</b></td><td><b>Display</b></td><td><b>Definition</b></td></tr><tr><td><a href="CodeSystem-Observationssted.html#Observationssted-akutmodt">akutmodt</a></td><td>Akutmodtagelse</td><td>Akutmodtagelse</td></tr><tr><td><a href="CodeSystem-Observationssted.html#Observationssted-ambulat">ambulat</a></td><td>Ambulatorium</td><td>Ambulatorium</td></tr><tr><td><a href="CodeSystem-Observationssted.html#Observationssted-sengeafd">sengeafd</a></td><td>Sengeafdeling</td><td>Sengeafdeling</td></tr><tr><td><a href="CodeSystem-Observationssted.html#Observationssted-opergang">opergang</a></td><td>Operationsgang</td><td>Operationsgangen</td></tr><tr><td><a href="CodeSystem-Observationssted.html#Observationssted-opvaagn">opvaagn</a></td><td>Opvågningsafdeling</td><td>Opvågningsafdeling</td></tr><tr><td><a href="CodeSystem-Observationssted.html#Observationssted-intensiv">intensiv</a></td><td>Intensivafdeling</td><td>Intensiv afdeling</td></tr><tr><td><a href="CodeSystem-Observationssted.html#Observationssted-kardio_lab">kardio_lab</a></td><td>Kardiologisk laboratorium</td><td>Kardiologisk laboratorium</td></tr><tr><td><a href="CodeSystem-Observationssted.html#Observationssted-neonatal">neonatal</a></td><td>Neonatalafdeling</td><td>Neonatalafdeling</td></tr><tr><td><a href="CodeSystem-Observationssted.html#Observationssted-andet">andet</a></td><td>Andet</td><td>Andet</td></tr></table></li></ul></div>
  </text>
  <url value="https://kip.rkkp.dk/fhir/ValueSet/LokalitetDANARREST"/>
  <version value="2.9.0"/>
  <name value="LokalitetDANARREST"/>
  <title value="Lokalitet DANARREST"/>
  <status value="active"/>
  <experimental value="true"/>
  <date value="2022-06-29T00:00:00+02:00"/>
  <publisher value="Sundhedsvæsnets Kvalistetsinstitut with Trifork Digital Health A/S"/>
  <contact>
    <name value="Sundhedsvæsnets Kvalistetsinstitut with Trifork Digital Health A/S"/>
    <telecom>
      <system value="url"/>
      <value value="https://trifork.com"/>
    </telecom>
    <telecom>
      <system value="email"/>
      <value value="rbk@trifork.com"/>
    </telecom>
  </contact>
  <description value="Lokalitet DANARREST"/>
  <compose>
    <include>
      <system value="https://kip.rkkp.dk/fhir/CodeSystem/Observationssted"/>
      <concept>
        <code value="akutmodt"/>
        <display value="Akutmodtagelse"/>
      </concept>
      <concept>
        <code value="ambulat"/>
        <display value="Ambulatorium"/>
      </concept>
      <concept>
        <code value="sengeafd"/>
        <display value="Sengeafdeling"/>
      </concept>
      <concept>
        <code value="opergang"/>
        <display value="Operationsgang"/>
      </concept>
      <concept>
        <code value="opvaagn"/>
        <display value="Opvågningsafdeling"/>
      </concept>
      <concept>
        <code value="intensiv"/>
        <display value="Intensivafdeling"/>
      </concept>
      <concept>
        <code value="kardio_lab"/>
        <display value="Kardiologisk laboratorium"/>
      </concept>
      <concept>
        <code value="neonatal"/>
        <display value="Neonatalafdeling"/>
      </concept>
      <concept>
        <code value="andet"/>
        <display value="Andet"/>
      </concept>
    </include>
  </compose>
</ValueSet>