<?xml version="1.0" encoding="UTF-8"?>

<ValueSet xmlns="http://hl7.org/fhir">
  <id value="CentralBlock"/>
  <text>
    <status value="extensions"/><div xmlns="http://www.w3.org/1999/xhtml"><p class="res-header-id"><b>Generated Narrative: ValueSet CentralBlock</b></p><a name="CentralBlock"> </a><a name="hcCentralBlock"> </a><a name="CentralBlock-en-US"> </a><ul><li>Include these codes as defined in <a href="CodeSystem-CentralBlock.html"><code>https://kip.rkkp.dk/fhir/CodeSystem/CentralBlock</code></a><table class="none"><tr><td style="white-space:nowrap"><b>Code</b></td><td><b>Display</b></td><td><b>Definition</b></td></tr><tr><td><a href="CodeSystem-CentralBlock.html#CentralBlock-block_perop">block_perop</a></td><td>Blokade anlagt peroperativt</td><td>Blokade anlagt peroperativt</td></tr><tr><td><a href="CodeSystem-CentralBlock.html#CentralBlock-block_preop_WA">block_preop_WA</a></td><td>Blokade anlagt præoperativt, videre forløb kirurgi MED anæstesi</td><td>Blokade anlagt præoperativt, videre forløb kirurgi MED anæstesi</td></tr><tr><td><a href="CodeSystem-CentralBlock.html#CentralBlock-block_preop_WOA">block_preop_WOA</a></td><td>Blokade anlagt præoperativt, videre forløb kirurgi UDEN anæstesi</td><td>Blokade anlagt præoperativt, videre forløb kirurgi UDEN anæstesi</td></tr></table></li></ul></div>
  </text>
  <url value="https://kip.rkkp.dk/fhir/ValueSet/CentralBlock"/>
  <version value="2.9.0"/>
  <name value="CentralBlock"/>
  <title value="Tidspunkt for central blokade"/>
  <status value="active"/>
  <experimental value="true"/>
  <date value="2022-06-09T00:00:00+02:00"/>
  <publisher value="Sundhedsvæsnets Kvalistetsinstitut with Trifork Digital Health A/S"/>
  <contact>
    <name value="Sundhedsvæsnets Kvalistetsinstitut with Trifork Digital Health A/S"/>
    <telecom>
      <system value="url"/>
      <value value="https://trifork.com"/>
    </telecom>
    <telecom>
      <system value="email"/>
      <value value="rbk@trifork.com"/>
    </telecom>
  </contact>
  <description value="Tidspunkt for central blokade"/>
  <compose>
    <include>
      <system value="https://kip.rkkp.dk/fhir/CodeSystem/CentralBlock"/>
      <concept>
        <code value="block_perop"/>
        <display value="Blokade anlagt peroperativt"/>
      </concept>
      <concept>
        <code value="block_preop_WA"/>
        <display value="Blokade anlagt præoperativt, videre forløb kirurgi MED anæstesi"/>
      </concept>
      <concept>
        <code value="block_preop_WOA"/>
        <display value="Blokade anlagt præoperativt, videre forløb kirurgi UDEN anæstesi"/>
      </concept>
    </include>
  </compose>
</ValueSet>