<?xml version="1.0" encoding="UTF-8"?>

<ValueSet xmlns="http://hl7.org/fhir">
  <id value="KomponentTypeFemurDHR"/>
  <text>
    <status value="extensions"/><div xmlns="http://www.w3.org/1999/xhtml"><p class="res-header-id"><b>Generated Narrative: ValueSet KomponentTypeFemurDHR</b></p><a name="KomponentTypeFemurDHR"> </a><a name="hcKomponentTypeFemurDHR"> </a><a name="KomponentTypeFemurDHR-en-US"> </a><p>This value set includes codes based on the following rules:</p><ul><li>Include these codes as defined in <a href="CodeSystem-ImplantComponents.html"><code>https://kip.rkkp.dk/fhir/CodeSystem/ImplantComponents</code></a><table class="none"><tr><td style="white-space:nowrap"><b>Code</b></td><td><b>Display</b></td><td><b>Definition</b></td></tr><tr><td><a href="CodeSystem-ImplantComponents.html#ImplantComponents-standard">standard</a></td><td>Standard</td><td>Standard</td></tr><tr><td><a href="CodeSystem-ImplantComponents.html#ImplantComponents-long">long</a></td><td>Lang</td><td>Long / Lang</td></tr><tr><td><a href="CodeSystem-ImplantComponents.html#ImplantComponents-dysplasia_prosthesis">dysplasia_prosthesis</a></td><td>Dysplasiprotese</td><td>Dysplasia prosthesis / Dysplasiprotese</td></tr><tr><td><a href="CodeSystem-ImplantComponents.html#ImplantComponents-resection_prosthesis">resection_prosthesis</a></td><td>Resektionsprotese</td><td>Resection prosthesis / Resektionsprotese</td></tr><tr><td><a href="CodeSystem-ImplantComponents.html#ImplantComponents-resurfacing">resurfacing</a></td><td>Resurfacing</td><td>Resurfacing</td></tr></table></li><li>Include these codes as defined in <a href="CodeSystem-GenericValues.html"><code>https://kip.rkkp.dk/fhir/CodeSystem/GenericValues</code></a><table class="none"><tr><td style="white-space:nowrap"><b>Code</b></td><td><b>Display</b></td><td><b>Definition</b></td></tr><tr><td><a href="CodeSystem-GenericValues.html#GenericValues-other">other</a></td><td>Andet</td><td>Other - used to choose unspecific value not in a valueset</td></tr></table></li></ul></div>
  </text>
  <url value="https://kip.rkkp.dk/fhir/ValueSet/KomponentTypeFemurDHR"/>
  <version value="2.9.0"/>
  <name value="KomponentTypeFemurDHR"/>
  <title value="Komponent type - femur (DHR)"/>
  <status value="active"/>
  <experimental value="true"/>
  <date value="2022-11-07T00:00:00+02:00"/>
  <publisher value="Sundhedsvæsnets Kvalistetsinstitut with Trifork Digital Health A/S"/>
  <contact>
    <name value="Sundhedsvæsnets Kvalistetsinstitut with Trifork Digital Health A/S"/>
    <telecom>
      <system value="url"/>
      <value value="https://trifork.com"/>
    </telecom>
    <telecom>
      <system value="email"/>
      <value value="rbk@trifork.com"/>
    </telecom>
  </contact>
  <description value="Komponent type - femur (DHR)"/>
  <compose>
    <include>
      <system value="https://kip.rkkp.dk/fhir/CodeSystem/ImplantComponents"/>
      <concept>
        <code value="standard"/>
        <display value="Standard"/>
      </concept>
      <concept>
        <code value="long"/>
        <display value="Lang"/>
      </concept>
      <concept>
        <code value="dysplasia_prosthesis"/>
        <display value="Dysplasiprotese"/>
      </concept>
      <concept>
        <code value="resection_prosthesis"/>
        <display value="Resektionsprotese"/>
      </concept>
      <concept>
        <code value="resurfacing"/>
        <display value="Resurfacing"/>
      </concept>
    </include>
    <include>
      <system value="https://kip.rkkp.dk/fhir/CodeSystem/GenericValues"/>
      <concept>
        <code value="other"/>
        <display value="Andet"/>
      </concept>
    </include>
  </compose>
</ValueSet>