<?xml version="1.0" encoding="UTF-8"?>

<ValueSet xmlns="http://hl7.org/fhir">
  <id value="MKomponentLaboratoriesvar"/>
  <text>
    <status value="extensions"/><div xmlns="http://www.w3.org/1999/xhtml"><p class="res-header-id"><b>Generated Narrative: ValueSet MKomponentLaboratoriesvar</b></p><a name="MKomponentLaboratoriesvar"> </a><a name="hcMKomponentLaboratoriesvar"> </a><a name="MKomponentLaboratoriesvar-en-US"> </a><ul><li>Include these codes as defined in <a href="CodeSystem-GenericValues.html"><code>https://kip.rkkp.dk/fhir/CodeSystem/GenericValues</code></a><table class="none"><tr><td style="white-space:nowrap"><b>Code</b></td><td><b>Display</b></td><td><b>Definition</b></td></tr><tr><td><a href="CodeSystem-GenericValues.html#GenericValues-none">none</a></td><td>Der foreligger ikke noget lab. svar</td><td>None - used to choose none of the available values</td></tr><tr><td><a href="CodeSystem-GenericValues.html#GenericValues-unspecified">unspecified</a></td><td>Lab. svar angiver ikke en specifik type</td><td>Uspecificeret</td></tr><tr><td><a href="CodeSystem-GenericValues.html#GenericValues-specified">specified</a></td><td>Lab. svar foreligger, med en specifik M-komponent type</td><td>Specificeret</td></tr></table></li></ul></div>
  </text>
  <url value="https://kip.rkkp.dk/fhir/ValueSet/MKomponentLaboratoriesvar"/>
  <version value="2.9.0"/>
  <name value="MKomponentLaboratoriesvar"/>
  <title value="M-komponent; laboratoriesvar"/>
  <status value="active"/>
  <experimental value="true"/>
  <date value="2022-10-05T00:00:00+02:00"/>
  <publisher value="Sundhedsvæsnets Kvalistetsinstitut with Trifork Digital Health A/S"/>
  <contact>
    <name value="Sundhedsvæsnets Kvalistetsinstitut with Trifork Digital Health A/S"/>
    <telecom>
      <system value="url"/>
      <value value="https://trifork.com"/>
    </telecom>
    <telecom>
      <system value="email"/>
      <value value="rbk@trifork.com"/>
    </telecom>
  </contact>
  <description value="M-komponent; laboratoriesvar"/>
  <compose>
    <include>
      <system value="https://kip.rkkp.dk/fhir/CodeSystem/GenericValues"/>
      <concept>
        <code value="none"/>
        <display value="Der foreligger ikke noget lab. svar"/>
      </concept>
      <concept>
        <code value="unspecified"/>
        <display value="Lab. svar angiver ikke en specifik type"/>
      </concept>
      <concept>
        <code value="specified"/>
        <display value="Lab. svar foreligger, med en specifik M-komponent type"/>
      </concept>
    </include>
  </compose>
</ValueSet>