<?xml version="1.0" encoding="UTF-8"?>

<ValueSet xmlns="http://hl7.org/fhir">
  <id value="MeshFikseringDHDB"/>
  <text>
    <status value="extensions"/><div xmlns="http://www.w3.org/1999/xhtml"><p class="res-header-id"><b>Generated Narrative: ValueSet MeshFikseringDHDB</b></p><a name="MeshFikseringDHDB"> </a><a name="hcMeshFikseringDHDB"> </a><a name="MeshFikseringDHDB-en-US"> </a><p>This value set includes codes based on the following rules:</p><ul><li>Include these codes as defined in <a href="CodeSystem-MedicalFixationClosing.html"><code>https://kip.rkkp.dk/fhir/CodeSystem/MedicalFixationClosing</code></a><table class="none"><tr><td style="white-space:nowrap"><b>Code</b></td><td><b>Display</b></td><td><b>Definition</b></td></tr><tr><td><a href="CodeSystem-MedicalFixationClosing.html#MedicalFixationClosing-suture">suture</a></td><td>Sutur</td><td>Suture / Sutur / SNODMED-CT: 408099007</td></tr><tr><td><a href="CodeSystem-MedicalFixationClosing.html#MedicalFixationClosing-tack">tack</a></td><td>Tackers</td><td>Tack / SNOMED-CT: 705723004</td></tr><tr><td><a href="CodeSystem-MedicalFixationClosing.html#MedicalFixationClosing-tack_sutur">tack_sutur</a></td><td>Tackers &amp; sutur</td><td>Tack + sutur</td></tr><tr><td><a href="CodeSystem-MedicalFixationClosing.html#MedicalFixationClosing-clip">clip</a></td><td>Clips</td><td>Clip / Clip / SNOMED-CT: 77720000</td></tr><tr><td><a href="CodeSystem-MedicalFixationClosing.html#MedicalFixationClosing-surgical_glue">surgical_glue</a></td><td>Lim</td><td>Surgical glue / Kirurgisk lim / SNOMED-CT: 303532007</td></tr><tr><td><a href="CodeSystem-MedicalFixationClosing.html#MedicalFixationClosing-glue_sutur">glue_sutur</a></td><td>Lim &amp; sutur</td><td>Lim + sutur</td></tr><tr><td><a href="CodeSystem-MedicalFixationClosing.html#MedicalFixationClosing-glue_tack_clip">glue_tack_clip</a></td><td>Lim &amp; tackers/clips</td><td>Lim + Tack/clips</td></tr><tr><td><a href="CodeSystem-MedicalFixationClosing.html#MedicalFixationClosing-self_fixative_mesh">self_fixative_mesh</a></td><td>Selvfikserende mesh</td><td>Self-fixative mesh / Selvfikserende mesh</td></tr></table></li><li>Include these codes as defined in <a href="CodeSystem-GenericValues.html"><code>https://kip.rkkp.dk/fhir/CodeSystem/GenericValues</code></a><table class="none"><tr><td style="white-space:nowrap"><b>Code</b></td><td><b>Display</b></td><td><b>Definition</b></td></tr><tr><td><a href="CodeSystem-GenericValues.html#GenericValues-other">other</a></td><td>Anden fiksering</td><td>Other - used to choose unspecific value not in a valueset</td></tr><tr><td><a href="CodeSystem-GenericValues.html#GenericValues-none">none</a></td><td>Ikke fixeret</td><td>None - used to choose none of the available values</td></tr></table></li></ul></div>
  </text>
  <url value="https://kip.rkkp.dk/fhir/ValueSet/MeshFikseringDHDB"/>
  <version value="2.9.0"/>
  <name value="MeshFikseringDHDB"/>
  <title value="Mesh fiksering (DHDB)"/>
  <status value="active"/>
  <experimental value="true"/>
  <date value="2022-07-20T00:00:00+02:00"/>
  <publisher value="Sundhedsvæsnets Kvalistetsinstitut with Trifork Digital Health A/S"/>
  <contact>
    <name value="Sundhedsvæsnets Kvalistetsinstitut with Trifork Digital Health A/S"/>
    <telecom>
      <system value="url"/>
      <value value="https://trifork.com"/>
    </telecom>
    <telecom>
      <system value="email"/>
      <value value="rbk@trifork.com"/>
    </telecom>
  </contact>
  <description value="Mesh fiksering (DHDB)"/>
  <compose>
    <include>
      <system value="https://kip.rkkp.dk/fhir/CodeSystem/MedicalFixationClosing"/>
      <concept>
        <code value="suture"/>
        <display value="Sutur"/>
      </concept>
      <concept>
        <code value="tack"/>
        <display value="Tackers"/>
      </concept>
      <concept>
        <code value="tack_sutur"/>
        <display value="Tackers &amp; sutur"/>
      </concept>
      <concept>
        <code value="clip"/>
        <display value="Clips"/>
      </concept>
      <concept>
        <code value="surgical_glue"/>
        <display value="Lim"/>
      </concept>
      <concept>
        <code value="glue_sutur"/>
        <display value="Lim &amp; sutur"/>
      </concept>
      <concept>
        <code value="glue_tack_clip"/>
        <display value="Lim &amp; tackers/clips"/>
      </concept>
      <concept>
        <code value="self_fixative_mesh"/>
        <display value="Selvfikserende mesh"/>
      </concept>
    </include>
    <include>
      <system value="https://kip.rkkp.dk/fhir/CodeSystem/GenericValues"/>
      <concept>
        <code value="other"/>
        <display value="Anden fiksering"/>
      </concept>
      <concept>
        <code value="none"/>
        <display value="Ikke fixeret"/>
      </concept>
    </include>
  </compose>
</ValueSet>