<?xml version="1.0" encoding="UTF-8"?>

<ValueSet xmlns="http://hl7.org/fhir">
  <id value="DomOphaevelseAarsagRETSPSYK"/>
  <text>
    <status value="extensions"/><div xmlns="http://www.w3.org/1999/xhtml"><p class="res-header-id"><b>Generated Narrative: ValueSet DomOphaevelseAarsagRETSPSYK</b></p><a name="DomOphaevelseAarsagRETSPSYK"> </a><a name="hcDomOphaevelseAarsagRETSPSYK"> </a><a name="DomOphaevelseAarsagRETSPSYK-en-US"> </a><ul><li>Include these codes as defined in <a href="CodeSystem-Verdict.html"><code>https://kip.rkkp.dk/fhir/CodeSystem/Verdict</code></a><table class="none"><tr><td style="white-space:nowrap"><b>Code</b></td><td><b>Display</b></td><td><b>Definition</b></td></tr><tr><td><a href="CodeSystem-Verdict.html#Verdict-criminality">criminality</a></td><td>Dom ophæves pga. ny kriminalitet, men ingen ny foranstaltning i psykiatrien</td><td>Dom ophæves pga. ny kriminalitet, men ingen ny foranstaltning</td></tr><tr><td><a href="CodeSystem-Verdict.html#Verdict-criminality_measure">criminality_measure</a></td><td>Dom ophæves pga. ny kriminalitet og ny foranstaltning i psykiatrien</td><td>Dom ophæves pga. ny kriminalitet og ny foranstaltning</td></tr><tr><td><a href="CodeSystem-Verdict.html#Verdict-expire">expire</a></td><td>Dom ophæves / udløbet (ingen ny kriminalitet)</td><td>Dom ophæves / udløbet (ingen ny kriminalitet)</td></tr></table></li></ul></div>
  </text>
  <url value="https://kip.rkkp.dk/fhir/ValueSet/DomOphaevelseAarsagRETSPSYK"/>
  <version value="2.9.0"/>
  <name value="DomOphaevelseAarsagRETSPSYK"/>
  <title value="Dom - Ophævelse, årsag (RETSPSYK)"/>
  <status value="active"/>
  <experimental value="true"/>
  <date value="2022-10-03T00:00:00+02:00"/>
  <publisher value="Sundhedsvæsnets Kvalistetsinstitut with Trifork Digital Health A/S"/>
  <contact>
    <name value="Sundhedsvæsnets Kvalistetsinstitut with Trifork Digital Health A/S"/>
    <telecom>
      <system value="url"/>
      <value value="https://trifork.com"/>
    </telecom>
    <telecom>
      <system value="email"/>
      <value value="rbk@trifork.com"/>
    </telecom>
  </contact>
  <description value="Dom - Ophævelse, årsag (RETSPSYK)"/>
  <compose>
    <include>
      <system value="https://kip.rkkp.dk/fhir/CodeSystem/Verdict"/>
      <concept>
        <code value="criminality"/>
        <display value="Dom ophæves pga. ny kriminalitet, men ingen ny foranstaltning i psykiatrien"/>
      </concept>
      <concept>
        <code value="criminality_measure"/>
        <display value="Dom ophæves pga. ny kriminalitet og ny foranstaltning i psykiatrien"/>
      </concept>
      <concept>
        <code value="expire"/>
        <display value="Dom ophæves / udløbet (ingen ny kriminalitet)"/>
      </concept>
    </include>
  </compose>
</ValueSet>