<?xml version="1.0" encoding="UTF-8"?>

<ValueSet xmlns="http://hl7.org/fhir">
  <id value="ProtesestatusDHR"/>
  <text>
    <status value="extensions"/><div xmlns="http://www.w3.org/1999/xhtml"><p class="res-header-id"><b>Generated Narrative: ValueSet ProtesestatusDHR</b></p><a name="ProtesestatusDHR"> </a><a name="hcProtesestatusDHR"> </a><a name="ProtesestatusDHR-en-US"> </a><p>This value set includes codes based on the following rules:</p><ul><li>Include these codes as defined in <a href="CodeSystem-ImplantComponents.html"><code>https://kip.rkkp.dk/fhir/CodeSystem/ImplantComponents</code></a><table class="none"><tr><td style="white-space:nowrap"><b>Code</b></td><td><b>Display</b></td><td><b>Definition</b></td></tr><tr><td><a href="CodeSystem-ImplantComponents.html#ImplantComponents-cemented">cemented</a></td><td>Cementeret</td><td>Cemented / Cementeret</td></tr><tr><td><a href="CodeSystem-ImplantComponents.html#ImplantComponents-uncemented">uncemented</a></td><td>Ucementeret</td><td>Uncemented / Ucementeret</td></tr><tr><td><a href="CodeSystem-ImplantComponents.html#ImplantComponents-hybrid_a">hybrid_a</a></td><td>Hybrid A (cementeret femur)</td><td>Hybrid A</td></tr><tr><td><a href="CodeSystem-ImplantComponents.html#ImplantComponents-hybrid_b">hybrid_b</a></td><td>Hybrid B (cementeret acetabulum)</td><td>Hybrid B</td></tr><tr><td><a href="CodeSystem-ImplantComponents.html#ImplantComponents-girdlestone">girdlestone</a></td><td>Girdlestone status</td><td>Girdlestone</td></tr><tr><td><a href="CodeSystem-ImplantComponents.html#ImplantComponents-cement_spacer">cement_spacer</a></td><td>Cementspacer</td><td>Cement spacer</td></tr></table></li><li>Include these codes as defined in <a href="CodeSystem-GenericValues.html"><code>https://kip.rkkp.dk/fhir/CodeSystem/GenericValues</code></a><table class="none"><tr><td style="white-space:nowrap"><b>Code</b></td><td><b>Display</b></td><td><b>Definition</b></td></tr><tr><td><a href="CodeSystem-GenericValues.html#GenericValues-other">other</a></td><td>Anden</td><td>Other - used to choose unspecific value not in a valueset</td></tr></table></li></ul></div>
  </text>
  <url value="https://kip.rkkp.dk/fhir/ValueSet/ProtesestatusDHR"/>
  <version value="2.9.0"/>
  <name value="ProtesestatusDHR"/>
  <title value="Protesestatus (DHR)"/>
  <status value="active"/>
  <experimental value="true"/>
  <date value="2022-11-08T00:00:00+02:00"/>
  <publisher value="Sundhedsvæsnets Kvalistetsinstitut with Trifork Digital Health A/S"/>
  <contact>
    <name value="Sundhedsvæsnets Kvalistetsinstitut with Trifork Digital Health A/S"/>
    <telecom>
      <system value="url"/>
      <value value="https://trifork.com"/>
    </telecom>
    <telecom>
      <system value="email"/>
      <value value="rbk@trifork.com"/>
    </telecom>
  </contact>
  <description value="Protesestatus (DHR)"/>
  <compose>
    <include>
      <system value="https://kip.rkkp.dk/fhir/CodeSystem/ImplantComponents"/>
      <concept>
        <code value="cemented"/>
        <display value="Cementeret"/>
      </concept>
      <concept>
        <code value="uncemented"/>
        <display value="Ucementeret"/>
      </concept>
      <concept>
        <code value="hybrid_a"/>
        <display value="Hybrid A (cementeret femur)"/>
      </concept>
      <concept>
        <code value="hybrid_b"/>
        <display value="Hybrid B (cementeret acetabulum)"/>
      </concept>
      <concept>
        <code value="girdlestone"/>
        <display value="Girdlestone status"/>
      </concept>
      <concept>
        <code value="cement_spacer"/>
        <display value="Cementspacer"/>
      </concept>
    </include>
    <include>
      <system value="https://kip.rkkp.dk/fhir/CodeSystem/GenericValues"/>
      <concept>
        <code value="other"/>
        <display value="Anden"/>
      </concept>
    </include>
  </compose>
</ValueSet>