<?xml version="1.0" encoding="UTF-8"?>

<ValueSet xmlns="http://hl7.org/fhir">
  <id value="MenisklaesionTypeDKRR"/>
  <text>
    <status value="extensions"/><div xmlns="http://www.w3.org/1999/xhtml"><p class="res-header-id"><b>Generated Narrative: ValueSet MenisklaesionTypeDKRR</b></p><a name="MenisklaesionTypeDKRR"> </a><a name="hcMenisklaesionTypeDKRR"> </a><a name="MenisklaesionTypeDKRR-en-US"> </a><ul><li>Include these codes as defined in <a href="CodeSystem-LesionType.html"><code>https://kip.rkkp.dk/fhir/CodeSystem/LesionType</code></a><table class="none"><tr><td style="white-space:nowrap"><b>Code</b></td><td><b>Display</b></td><td><b>Definition</b></td></tr><tr><td><a href="CodeSystem-LesionType.html#LesionType-meniscal">meniscal</a></td><td>Menisklæsion</td><td>Meniscal lesion / Menisklæsion</td></tr><tr><td><a href="CodeSystem-LesionType.html#LesionType-root">root</a></td><td>Rodlæsion</td><td>Root lesion / Rodlæsion</td></tr><tr><td><a href="CodeSystem-LesionType.html#LesionType-ramp">ramp</a></td><td>RAMP læsion</td><td>RAMP lesion / RAMP læsion</td></tr></table></li></ul></div>
  </text>
  <url value="https://kip.rkkp.dk/fhir/ValueSet/MenisklaesionTypeDKRR"/>
  <version value="2.9.0"/>
  <name value="MenisklaesionTypeDKRR"/>
  <title value="Menisklæsion, type (DKRR)"/>
  <status value="active"/>
  <experimental value="true"/>
  <date value="2022-09-19T00:00:00+02:00"/>
  <publisher value="Sundhedsvæsnets Kvalistetsinstitut with Trifork Digital Health A/S"/>
  <contact>
    <name value="Sundhedsvæsnets Kvalistetsinstitut with Trifork Digital Health A/S"/>
    <telecom>
      <system value="url"/>
      <value value="https://trifork.com"/>
    </telecom>
    <telecom>
      <system value="email"/>
      <value value="rbk@trifork.com"/>
    </telecom>
  </contact>
  <description value="Menisklæsion, type (DKRR)"/>
  <compose>
    <include>
      <system value="https://kip.rkkp.dk/fhir/CodeSystem/LesionType"/>
      <concept>
        <code value="meniscal"/>
        <display value="Menisklæsion"/>
      </concept>
      <concept>
        <code value="root"/>
        <display value="Rodlæsion"/>
      </concept>
      <concept>
        <code value="ramp"/>
        <display value="RAMP læsion"/>
      </concept>
    </include>
  </compose>
</ValueSet>