<?xml version="1.0" encoding="UTF-8"?>

<ValueSet xmlns="http://hl7.org/fhir">
  <id value="AnatomiskLokation4"/>
  <text>
    <status value="extensions"/><div xmlns="http://www.w3.org/1999/xhtml"><p class="res-header-id"><b>Generated Narrative: ValueSet AnatomiskLokation4</b></p><a name="AnatomiskLokation4"> </a><a name="hcAnatomiskLokation4"> </a><a name="AnatomiskLokation4-en-US"> </a><ul><li>Include these codes as defined in <a href="CodeSystem-AnatomicalLocations.html"><code>https://kip.rkkp.dk/fhir/CodeSystem/AnatomicalLocations</code></a><table class="none"><tr><td style="white-space:nowrap"><b>Code</b></td><td><b>Display</b></td><td><b>Definition</b></td></tr><tr><td><a href="CodeSystem-AnatomicalLocations.html#AnatomicalLocations-ileocolica_centralt">ileocolica_centralt</a></td><td>Ileocolica centralt</td><td>Ileocolica centralt</td></tr><tr><td><a href="CodeSystem-AnatomicalLocations.html#AnatomicalLocations-ileocolica_perifert">ileocolica_perifert</a></td><td>Ileocolica perifert</td><td>Ileocolica perifert</td></tr><tr><td><a href="CodeSystem-AnatomicalLocations.html#AnatomicalLocations-a_colica_media_centralt">a_colica_media_centralt</a></td><td>A. colica media centralt</td><td>A. colica media centralt</td></tr><tr><td><a href="CodeSystem-AnatomicalLocations.html#AnatomicalLocations-a_colica_media_hoejre">a_colica_media_hoejre</a></td><td>Højre gren af  a. colica media</td><td>Højre gren af a. colica media</td></tr><tr><td><a href="CodeSystem-AnatomicalLocations.html#AnatomicalLocations-a_colica_media_venstre">a_colica_media_venstre</a></td><td>Venstre gren af  a. colica media</td><td>Venstre gren af  a. colica media</td></tr><tr><td><a href="CodeSystem-AnatomicalLocations.html#AnatomicalLocations-a_mesenterica_inferior">a_mesenterica_inferior</a></td><td>A. mesenterica inf.</td><td>A. mesenterica inf.</td></tr><tr><td><a href="CodeSystem-AnatomicalLocations.html#AnatomicalLocations-a_colica_sinistra">a_colica_sinistra</a></td><td>A. colica sin.</td><td>A. colica sin.</td></tr><tr><td><a href="CodeSystem-AnatomicalLocations.html#AnatomicalLocations-a_mesenterica_inferior_perifert">a_mesenterica_inferior_perifert</a></td><td>A. mesenterica inf perifert</td><td>A. mesenterica inf perifert</td></tr><tr><td><a href="CodeSystem-AnatomicalLocations.html#AnatomicalLocations-aa_sigmoideae">aa_sigmoideae</a></td><td>Aa. sigmoideae</td><td>Aa. sigmoideae</td></tr><tr><td><a href="CodeSystem-AnatomicalLocations.html#AnatomicalLocations-a_rectalis_superior">a_rectalis_superior</a></td><td>A. rectalis superior</td><td>A. rectalis superior</td></tr></table></li></ul></div>
  </text>
  <url value="https://kip.rkkp.dk/fhir/ValueSet/AnatomiskLokation4"/>
  <version value="2.9.0"/>
  <name value="AnatomiskLokation4"/>
  <title value="Anatomisk lokation 4"/>
  <status value="active"/>
  <experimental value="true"/>
  <date value="2022-10-19T00:00:00+02:00"/>
  <publisher value="Sundhedsvæsnets Kvalistetsinstitut with Trifork Digital Health A/S"/>
  <contact>
    <name value="Sundhedsvæsnets Kvalistetsinstitut with Trifork Digital Health A/S"/>
    <telecom>
      <system value="url"/>
      <value value="https://trifork.com"/>
    </telecom>
    <telecom>
      <system value="email"/>
      <value value="rbk@trifork.com"/>
    </telecom>
  </contact>
  <description value="Anatomisk lokation 4"/>
  <compose>
    <include>
      <system value="https://kip.rkkp.dk/fhir/CodeSystem/AnatomicalLocations"/>
      <concept>
        <code value="ileocolica_centralt"/>
        <display value="Ileocolica centralt"/>
      </concept>
      <concept>
        <code value="ileocolica_perifert"/>
        <display value="Ileocolica perifert"/>
      </concept>
      <concept>
        <code value="a_colica_media_centralt"/>
        <display value="A. colica media centralt"/>
      </concept>
      <concept>
        <code value="a_colica_media_hoejre"/>
        <display value="Højre gren af  a. colica media"/>
      </concept>
      <concept>
        <code value="a_colica_media_venstre"/>
        <display value="Venstre gren af  a. colica media"/>
      </concept>
      <concept>
        <code value="a_mesenterica_inferior"/>
        <display value="A. mesenterica inf."/>
      </concept>
      <concept>
        <code value="a_colica_sinistra"/>
        <display value="A. colica sin."/>
      </concept>
      <concept>
        <code value="a_mesenterica_inferior_perifert"/>
        <display value="A. mesenterica inf perifert"/>
      </concept>
      <concept>
        <code value="aa_sigmoideae"/>
        <display value="Aa. sigmoideae"/>
      </concept>
      <concept>
        <code value="a_rectalis_superior"/>
        <display value="A. rectalis superior"/>
      </concept>
    </include>
  </compose>
</ValueSet>