<?xml version="1.0" encoding="UTF-8"?>

<ValueSet xmlns="http://hl7.org/fhir">
  <id value="ATCAntibiotikaprofylakseDKR"/>
  <text>
    <status value="extensions"/><div xmlns="http://www.w3.org/1999/xhtml"><p class="res-header-id"><b>Generated Narrative: ValueSet ATCAntibiotikaprofylakseDKR</b></p><a name="ATCAntibiotikaprofylakseDKR"> </a><a name="hcATCAntibiotikaprofylakseDKR"> </a><a name="ATCAntibiotikaprofylakseDKR-en-US"> </a><p>This value set includes codes based on the following rules:</p><ul><li>Include these codes as defined in <a href="CodeSystem-ATC.html"><code>https://kip.rkkp.dk/fhir/CodeSystem/ATC</code></a><table class="none"><tr><td style="white-space:nowrap"><b>Code</b></td><td><b>Display</b></td><td><b>Definition</b></td></tr><tr><td><a href="CodeSystem-ATC.html#ATC-J01DC02">J01DC02</a></td><td>Cefuroxim</td><td>J01DC02 - cefuroxime</td></tr><tr><td><a href="CodeSystem-ATC.html#ATC-J01CF01">J01CF01</a></td><td>Dicloxacillin</td><td>J01CF01 - dicloxacillin</td></tr><tr><td><a href="CodeSystem-ATC.html#ATC-J01XA01">J01XA01</a></td><td>Vancomycin</td><td>J01XA01 - vancomycin</td></tr></table></li><li>Include these codes as defined in <a href="CodeSystem-GenericValues.html"><code>https://kip.rkkp.dk/fhir/CodeSystem/GenericValues</code></a><table class="none"><tr><td style="white-space:nowrap"><b>Code</b></td><td><b>Display</b></td><td><b>Definition</b></td></tr><tr><td><a href="CodeSystem-GenericValues.html#GenericValues-other">other</a></td><td>Andet</td><td>Other - used to choose unspecific value not in a valueset</td></tr></table></li></ul></div>
  </text>
  <url value="https://kip.rkkp.dk/fhir/ValueSet/ATCAntibiotikaprofylakseDKR"/>
  <version value="2.9.0"/>
  <name value="ATCAntibiotikaprofylakseDKR"/>
  <title value="ATC - Antibiotikaprofylakse (DKR)"/>
  <status value="active"/>
  <experimental value="true"/>
  <date value="2022-10-14T00:00:00+02:00"/>
  <publisher value="Sundhedsvæsnets Kvalistetsinstitut with Trifork Digital Health A/S"/>
  <contact>
    <name value="Sundhedsvæsnets Kvalistetsinstitut with Trifork Digital Health A/S"/>
    <telecom>
      <system value="url"/>
      <value value="https://trifork.com"/>
    </telecom>
    <telecom>
      <system value="email"/>
      <value value="rbk@trifork.com"/>
    </telecom>
  </contact>
  <description value="ATC - Antibiotikaprofylakse (DKR)"/>
  <compose>
    <include>
      <system value="https://kip.rkkp.dk/fhir/CodeSystem/ATC"/>
      <concept>
        <code value="J01DC02"/>
        <display value="Cefuroxim"/>
      </concept>
      <concept>
        <code value="J01CF01"/>
        <display value="Dicloxacillin"/>
      </concept>
      <concept>
        <code value="J01XA01"/>
        <display value="Vancomycin"/>
      </concept>
    </include>
    <include>
      <system value="https://kip.rkkp.dk/fhir/CodeSystem/GenericValues"/>
      <concept>
        <code value="other"/>
        <display value="Andet"/>
      </concept>
    </include>
  </compose>
</ValueSet>