<?xml version="1.0" encoding="UTF-8"?>

<ValueSet xmlns="http://hl7.org/fhir">
  <id value="JaEnkeltUdfald"/>
  <text>
    <status value="extensions"/><div xmlns="http://www.w3.org/1999/xhtml"><p class="res-header-id"><b>Generated Narrative: ValueSet JaEnkeltUdfald</b></p><a name="JaEnkeltUdfald"> </a><a name="hcJaEnkeltUdfald"> </a><a name="JaEnkeltUdfald-en-US"> </a><ul><li>Include these codes as defined in <a href="http://terminology.hl7.org/3.1.0/CodeSystem-v2-0532.html"><code>http://terminology.hl7.org/CodeSystem/v2-0532</code></a><table class="none"><tr><td style="white-space:nowrap"><b>Code</b></td><td><b>Display</b></td><td><b>Definition</b></td></tr><tr><td><a href="http://terminology.hl7.org/3.1.0/CodeSystem-v2-0532.html#v2-0532-Y">Y</a></td><td>Ja</td><td>Yes</td></tr></table></li></ul></div>
  </text>
  <url value="https://kip.rkkp.dk/fhir/ValueSet/JaEnkeltUdfald"/>
  <version value="2.9.0"/>
  <name value="JaEnkeltUdfald"/>
  <title value="Ja (enkelt udfald)"/>
  <status value="active"/>
  <experimental value="true"/>
  <date value="2022-10-11T00:00:00+02:00"/>
  <publisher value="Sundhedsvæsnets Kvalistetsinstitut with Trifork Digital Health A/S"/>
  <contact>
    <name value="Sundhedsvæsnets Kvalistetsinstitut with Trifork Digital Health A/S"/>
    <telecom>
      <system value="url"/>
      <value value="https://trifork.com"/>
    </telecom>
    <telecom>
      <system value="email"/>
      <value value="rbk@trifork.com"/>
    </telecom>
  </contact>
  <description value="Ja (enkelt udfald)"/>
  <compose>
    <include>
      <system value="http://terminology.hl7.org/CodeSystem/v2-0532"/>
      <concept>
        <code value="Y"/>
        <display value="Ja"/>
      </concept>
    </include>
  </compose>
</ValueSet>