<?xml version="1.0" encoding="UTF-8"?>

<ValueSet xmlns="http://hl7.org/fhir">
  <id value="EHSVentralHernieSamlet"/>
  <text>
    <status value="extensions"/><div xmlns="http://www.w3.org/1999/xhtml"><p class="res-header-id"><b>Generated Narrative: ValueSet EHSVentralHernieSamlet</b></p><a name="EHSVentralHernieSamlet"> </a><a name="hcEHSVentralHernieSamlet"> </a><a name="EHSVentralHernieSamlet-en-US"> </a><ul><li>Include these codes as defined in <a href="CodeSystem-EHSIncisionalHerniaClassification.html"><code>https://kip.rkkp.dk/fhir/CodeSystem/EHSIncisionalHerniaClassification</code></a><table class="none"><tr><td style="white-space:nowrap"><b>Code</b></td><td><b>Display</b></td><td><b>Definition</b></td></tr><tr><td><a href="CodeSystem-EHSIncisionalHerniaClassification.html#EHSIncisionalHerniaClassification-l1r">l1r</a></td><td>L1 subcostal (Højre)</td><td>L1 - Subcostal (Right)</td></tr><tr><td><a href="CodeSystem-EHSIncisionalHerniaClassification.html#EHSIncisionalHerniaClassification-l2r">l2r</a></td><td>L2 flanke (Højre)</td><td>L2 - Flank (Right)</td></tr><tr><td><a href="CodeSystem-EHSIncisionalHerniaClassification.html#EHSIncisionalHerniaClassification-l3r">l3r</a></td><td>L3 fossa iliaca (Højre)</td><td>L3 - Iliac (Right)</td></tr><tr><td><a href="CodeSystem-EHSIncisionalHerniaClassification.html#EHSIncisionalHerniaClassification-l4r">l4r</a></td><td>L4 lumbal (Højre)</td><td>L4 - Lumbar (Right)</td></tr><tr><td><a href="CodeSystem-EHSIncisionalHerniaClassification.html#EHSIncisionalHerniaClassification-m1">m1</a></td><td>M1 subxiphoidal</td><td>M1 - Subxiphoidal</td></tr><tr><td><a href="CodeSystem-EHSIncisionalHerniaClassification.html#EHSIncisionalHerniaClassification-m2">m2</a></td><td>M2 epigastrielt</td><td>M2 - Epigastric</td></tr><tr><td><a href="CodeSystem-EHSIncisionalHerniaClassification.html#EHSIncisionalHerniaClassification-m3">m3</a></td><td>M3 umbilikalt</td><td>M3 - Umbilical</td></tr><tr><td><a href="CodeSystem-EHSIncisionalHerniaClassification.html#EHSIncisionalHerniaClassification-m4">m4</a></td><td>M4 infraumbilikalt</td><td>M4 - Infraumbilical</td></tr><tr><td><a href="CodeSystem-EHSIncisionalHerniaClassification.html#EHSIncisionalHerniaClassification-m5">m5</a></td><td>M5 suprapubisk</td><td>M5 - Suprapubic</td></tr><tr><td><a href="CodeSystem-EHSIncisionalHerniaClassification.html#EHSIncisionalHerniaClassification-l1l">l1l</a></td><td>L1 subcostal (Venstre)</td><td>L1 - Subcostal (Left)</td></tr><tr><td><a href="CodeSystem-EHSIncisionalHerniaClassification.html#EHSIncisionalHerniaClassification-l2l">l2l</a></td><td>L2 flanke (Venstre)</td><td>L2 - Flank (Left)</td></tr><tr><td><a href="CodeSystem-EHSIncisionalHerniaClassification.html#EHSIncisionalHerniaClassification-l3l">l3l</a></td><td>L3 fossa iliaca (Venstre)</td><td>L3 - Iliac (Left)</td></tr><tr><td><a href="CodeSystem-EHSIncisionalHerniaClassification.html#EHSIncisionalHerniaClassification-l4l">l4l</a></td><td>L4 lumbal (Venstre)</td><td>L4 - Lumbar (Left)</td></tr></table></li></ul></div>
  </text>
  <url value="https://kip.rkkp.dk/fhir/ValueSet/EHSVentralHernieSamlet"/>
  <version value="2.9.0"/>
  <name value="EHSVentralHernieSamlet"/>
  <title value="EHS ventral hernie - samlet"/>
  <status value="active"/>
  <experimental value="true"/>
  <date value="2023-07-06T00:00:00+02:00"/>
  <publisher value="Sundhedsvæsnets Kvalistetsinstitut with Trifork Digital Health A/S"/>
  <contact>
    <name value="Sundhedsvæsnets Kvalistetsinstitut with Trifork Digital Health A/S"/>
    <telecom>
      <system value="url"/>
      <value value="https://trifork.com"/>
    </telecom>
    <telecom>
      <system value="email"/>
      <value value="rbk@trifork.com"/>
    </telecom>
  </contact>
  <description value="EHS ventral hernie - lateral fordelt på højre/venstre og kombineret med midtlinje"/>
  <compose>
    <include>
      <system value="https://kip.rkkp.dk/fhir/CodeSystem/EHSIncisionalHerniaClassification"/>
      <concept>
        <code value="l1r"/>
        <display value="L1 subcostal (Højre)"/>
      </concept>
      <concept>
        <code value="l2r"/>
        <display value="L2 flanke (Højre)"/>
      </concept>
      <concept>
        <code value="l3r"/>
        <display value="L3 fossa iliaca (Højre)"/>
      </concept>
      <concept>
        <code value="l4r"/>
        <display value="L4 lumbal (Højre)"/>
      </concept>
      <concept>
        <code value="m1"/>
        <display value="M1 subxiphoidal"/>
      </concept>
      <concept>
        <code value="m2"/>
        <display value="M2 epigastrielt"/>
      </concept>
      <concept>
        <code value="m3"/>
        <display value="M3 umbilikalt"/>
      </concept>
      <concept>
        <code value="m4"/>
        <display value="M4 infraumbilikalt"/>
      </concept>
      <concept>
        <code value="m5"/>
        <display value="M5 suprapubisk"/>
      </concept>
      <concept>
        <code value="l1l"/>
        <display value="L1 subcostal (Venstre)"/>
      </concept>
      <concept>
        <code value="l2l"/>
        <display value="L2 flanke (Venstre)"/>
      </concept>
      <concept>
        <code value="l3l"/>
        <display value="L3 fossa iliaca (Venstre)"/>
      </concept>
      <concept>
        <code value="l4l"/>
        <display value="L4 lumbal (Venstre)"/>
      </concept>
    </include>
  </compose>
</ValueSet>