<?xml version="1.0" encoding="UTF-8"?>

<ValueSet xmlns="http://hl7.org/fhir">
  <id value="Regioner"/>
  <text>
    <status value="extensions"/><div xmlns="http://www.w3.org/1999/xhtml"><p class="res-header-id"><b>Generated Narrative: ValueSet Regioner</b></p><a name="Regioner"> </a><a name="hcRegioner"> </a><a name="Regioner-en-US"> </a><ul><li>Include these codes as defined in <a href="CodeSystem-Regioner.html"><code>https://kip.rkkp.dk/fhir/CodeSystem/Regioner</code></a><table class="none"><tr><td style="white-space:nowrap"><b>Code</b></td><td><b>Display</b></td><td><b>Definition</b></td></tr><tr><td><a href="CodeSystem-Regioner.html#Regioner-hovedstaden">hovedstaden</a></td><td>Hovedstaden</td><td>Hovedstaden</td></tr><tr><td><a href="CodeSystem-Regioner.html#Regioner-midtjylland">midtjylland</a></td><td>Midtjylland</td><td>Midtjylland</td></tr><tr><td><a href="CodeSystem-Regioner.html#Regioner-nordjylland">nordjylland</a></td><td>Nordjylland</td><td>Nordjylland</td></tr><tr><td><a href="CodeSystem-Regioner.html#Regioner-sjaelland">sjaelland</a></td><td>Sjælland</td><td>Sjælland</td></tr><tr><td><a href="CodeSystem-Regioner.html#Regioner-syddanmark">syddanmark</a></td><td>Syddanmark</td><td>Syddanmark</td></tr></table></li></ul></div>
  </text>
  <url value="https://kip.rkkp.dk/fhir/ValueSet/Regioner"/>
  <version value="2.9.0"/>
  <name value="Regioner"/>
  <title value="Regioner"/>
  <status value="active"/>
  <experimental value="true"/>
  <date value="2024-03-13T00:00:00+02:00"/>
  <publisher value="Sundhedsvæsnets Kvalistetsinstitut with Trifork Digital Health A/S"/>
  <contact>
    <name value="Sundhedsvæsnets Kvalistetsinstitut with Trifork Digital Health A/S"/>
    <telecom>
      <system value="url"/>
      <value value="https://trifork.com"/>
    </telecom>
    <telecom>
      <system value="email"/>
      <value value="rbk@trifork.com"/>
    </telecom>
  </contact>
  <description value="Danske Regioner"/>
  <compose>
    <include>
      <system value="https://kip.rkkp.dk/fhir/CodeSystem/Regioner"/>
      <concept>
        <code value="hovedstaden"/>
        <display value="Hovedstaden"/>
      </concept>
      <concept>
        <code value="midtjylland"/>
        <display value="Midtjylland"/>
      </concept>
      <concept>
        <code value="nordjylland"/>
        <display value="Nordjylland"/>
      </concept>
      <concept>
        <code value="sjaelland"/>
        <display value="Sjælland"/>
      </concept>
      <concept>
        <code value="syddanmark"/>
        <display value="Syddanmark"/>
      </concept>
    </include>
  </compose>
</ValueSet>