<?xml version="1.0" encoding="UTF-8"?>

<ValueSet xmlns="http://hl7.org/fhir">
  <id value="GrundlidelseDHR"/>
  <text>
    <status value="extensions"/><div xmlns="http://www.w3.org/1999/xhtml"><p class="res-header-id"><b>Generated Narrative: ValueSet GrundlidelseDHR</b></p><a name="GrundlidelseDHR"> </a><a name="hcGrundlidelseDHR"> </a><a name="GrundlidelseDHR-en-US"> </a><p>This value set includes codes based on the following rules:</p><ul><li>Include these codes as defined in <a href="CodeSystem-BasicDisorder.html"><code>https://kip.rkkp.dk/fhir/CodeSystem/BasicDisorder</code></a><table class="none"><tr><td style="white-space:nowrap"><b>Code</b></td><td><b>Display</b></td><td><b>Definition</b></td></tr><tr><td><a href="CodeSystem-BasicDisorder.html#BasicDisorder-arthrosis">arthrosis</a></td><td>Primær (idiopatisk) artrose</td><td>Artrose</td></tr><tr><td><a href="CodeSystem-BasicDisorder.html#BasicDisorder-femoral_no_operation">femoral_no_operation</a></td><td>Prox femurfraktur: uden OP (tidl ostesyntese eller hemi)</td><td>Prox femurfraktur: uden OP (tidl ostesyntese eller hemi)</td></tr><tr><td><a href="CodeSystem-BasicDisorder.html#BasicDisorder-femoral_previous_operation">femoral_previous_operation</a></td><td>Prox femurfraktur: med tidl. OP (osteosyntese eller hemi)</td><td>Prox femurfraktur: med tidl. OP (osteosyntese eller hemi)</td></tr><tr><td><a href="CodeSystem-BasicDisorder.html#BasicDisorder-acetabulum_fracture">acetabulum_fracture</a></td><td>Acetabulumfraktur</td><td>Acetabulumfraktur</td></tr><tr><td><a href="CodeSystem-BasicDisorder.html#BasicDisorder-traumatic">traumatic</a></td><td>Traumatisk hofteluksation</td><td>Traumatisk hofteluksation</td></tr><tr><td><a href="CodeSystem-BasicDisorder.html#BasicDisorder-caputnecrosis">caputnecrosis</a></td><td>Atraumatisk caputnekrose</td><td>Caputnekrose</td></tr><tr><td><a href="CodeSystem-BasicDisorder.html#BasicDisorder-rheumatoid">rheumatoid</a></td><td>Reumatoid artrit</td><td>Reumatoid artrit</td></tr><tr><td><a href="CodeSystem-BasicDisorder.html#BasicDisorder-mb_bechterew">mb_bechterew</a></td><td>Mb. Bechterew</td><td>Mb. Bechterew</td></tr><tr><td><a href="CodeSystem-BasicDisorder.html#BasicDisorder-other_arthritis">other_arthritis</a></td><td>Anden artrit</td><td>Anden artrit</td></tr><tr><td><a href="CodeSystem-BasicDisorder.html#BasicDisorder-congenital">congenital</a></td><td>Kongenit hofteluksation</td><td>Kongenit hofteluksation</td></tr><tr><td><a href="CodeSystem-BasicDisorder.html#BasicDisorder-mb_calve_legg_perthes">mb_calve_legg_perthes</a></td><td>Mb. Calvé-Legg-Perthes</td><td>Mb. Calvé-Legg-Perthes</td></tr><tr><td><a href="CodeSystem-BasicDisorder.html#BasicDisorder-epiphysiolysis">epiphysiolysis</a></td><td>Epifysiolyse</td><td>Epifysiolyse</td></tr><tr><td><a href="CodeSystem-BasicDisorder.html#BasicDisorder-acetabulum_dysplasia">acetabulum_dysplasia</a></td><td>Acetabulumdysplasi</td><td>Acetabulumdysplasi</td></tr><tr><td><a href="CodeSystem-BasicDisorder.html#BasicDisorder-primary_tumor">primary_tumor</a></td><td>Primær tumor</td><td>Primær tumor</td></tr><tr><td><a href="CodeSystem-BasicDisorder.html#BasicDisorder-metastases">metastases</a></td><td>Metastaser</td><td>Metastaser</td></tr></table></li><li>Include these codes as defined in <a href="CodeSystem-GenericValues.html"><code>https://kip.rkkp.dk/fhir/CodeSystem/GenericValues</code></a><table class="none"><tr><td style="white-space:nowrap"><b>Code</b></td><td><b>Display</b></td><td><b>Definition</b></td></tr><tr><td><a href="CodeSystem-GenericValues.html#GenericValues-other">other</a></td><td>Andet</td><td>Other - used to choose unspecific value not in a valueset</td></tr></table></li></ul></div>
  </text>
  <url value="https://kip.rkkp.dk/fhir/ValueSet/GrundlidelseDHR"/>
  <version value="2.9.0"/>
  <name value="GrundlidelseDHR"/>
  <title value="Grundlidelse [DHR]"/>
  <status value="active"/>
  <experimental value="true"/>
  <date value="2022-07-04T00:00:00+02:00"/>
  <publisher value="Sundhedsvæsnets Kvalistetsinstitut with Trifork Digital Health A/S"/>
  <contact>
    <name value="Sundhedsvæsnets Kvalistetsinstitut with Trifork Digital Health A/S"/>
    <telecom>
      <system value="url"/>
      <value value="https://trifork.com"/>
    </telecom>
    <telecom>
      <system value="email"/>
      <value value="rbk@trifork.com"/>
    </telecom>
  </contact>
  <description value="Grundlidelse [DHR]"/>
  <compose>
    <include>
      <system value="https://kip.rkkp.dk/fhir/CodeSystem/BasicDisorder"/>
      <concept>
        <code value="arthrosis"/>
        <display value="Primær (idiopatisk) artrose"/>
      </concept>
      <concept>
        <code value="femoral_no_operation"/>
        <display value="Prox femurfraktur: uden OP (tidl ostesyntese eller hemi)"/>
      </concept>
      <concept>
        <code value="femoral_previous_operation"/>
        <display value="Prox femurfraktur: med tidl. OP (osteosyntese eller hemi)"/>
      </concept>
      <concept>
        <code value="acetabulum_fracture"/>
        <display value="Acetabulumfraktur"/>
      </concept>
      <concept>
        <code value="traumatic"/>
        <display value="Traumatisk hofteluksation"/>
      </concept>
      <concept>
        <code value="caputnecrosis"/>
        <display value="Atraumatisk caputnekrose"/>
      </concept>
      <concept>
        <code value="rheumatoid"/>
        <display value="Reumatoid artrit"/>
      </concept>
      <concept>
        <code value="mb_bechterew"/>
        <display value="Mb. Bechterew"/>
      </concept>
      <concept>
        <code value="other_arthritis"/>
        <display value="Anden artrit"/>
      </concept>
      <concept>
        <code value="congenital"/>
        <display value="Kongenit hofteluksation"/>
      </concept>
      <concept>
        <code value="mb_calve_legg_perthes"/>
        <display value="Mb. Calvé-Legg-Perthes"/>
      </concept>
      <concept>
        <code value="epiphysiolysis"/>
        <display value="Epifysiolyse"/>
      </concept>
      <concept>
        <code value="acetabulum_dysplasia"/>
        <display value="Acetabulumdysplasi"/>
      </concept>
      <concept>
        <code value="primary_tumor"/>
        <display value="Primær tumor"/>
      </concept>
      <concept>
        <code value="metastases"/>
        <display value="Metastaser"/>
      </concept>
    </include>
    <include>
      <system value="https://kip.rkkp.dk/fhir/CodeSystem/GenericValues"/>
      <concept>
        <code value="other"/>
        <display value="Andet"/>
      </concept>
    </include>
  </compose>
</ValueSet>