<?xml version="1.0" encoding="UTF-8"?>

<ValueSet xmlns="http://hl7.org/fhir">
  <id value="BoligforholdRETSPSYK"/>
  <text>
    <status value="extensions"/><div xmlns="http://www.w3.org/1999/xhtml"><p class="res-header-id"><b>Generated Narrative: ValueSet BoligforholdRETSPSYK</b></p><a name="BoligforholdRETSPSYK"> </a><a name="hcBoligforholdRETSPSYK"> </a><a name="BoligforholdRETSPSYK-en-US"> </a><ul><li>Include these codes as defined in <a href="CodeSystem-HousingType.html"><code>https://kip.rkkp.dk/fhir/CodeSystem/HousingType</code></a><table class="none"><tr><td style="white-space:nowrap"><b>Code</b></td><td><b>Display</b></td><td><b>Definition</b></td></tr><tr><td><a href="CodeSystem-HousingType.html#HousingType-own_residence">own_residence</a></td><td>Egen bolig / bor hjemme</td><td>Own residence / Egen bolig</td></tr><tr><td><a href="CodeSystem-HousingType.html#HousingType-institution">institution</a></td><td>Bosted / institution</td><td>Institution</td></tr><tr><td><a href="CodeSystem-HousingType.html#HousingType-homeless">homeless</a></td><td>Boligløs</td><td>Homeless / Hjemløs</td></tr></table></li></ul></div>
  </text>
  <url value="https://kip.rkkp.dk/fhir/ValueSet/BoligforholdRETSPSYK"/>
  <version value="2.9.0"/>
  <name value="BoligforholdRETSPSYK"/>
  <title value="Boligforhold (RETSPSYK)"/>
  <status value="active"/>
  <experimental value="true"/>
  <date value="2022-09-30T00:00:00+02:00"/>
  <publisher value="Sundhedsvæsnets Kvalistetsinstitut with Trifork Digital Health A/S"/>
  <contact>
    <name value="Sundhedsvæsnets Kvalistetsinstitut with Trifork Digital Health A/S"/>
    <telecom>
      <system value="url"/>
      <value value="https://trifork.com"/>
    </telecom>
    <telecom>
      <system value="email"/>
      <value value="rbk@trifork.com"/>
    </telecom>
  </contact>
  <description value="Boligforhold (RETSPSYK)"/>
  <compose>
    <include>
      <system value="https://kip.rkkp.dk/fhir/CodeSystem/HousingType"/>
      <concept>
        <code value="own_residence"/>
        <display value="Egen bolig / bor hjemme"/>
      </concept>
      <concept>
        <code value="institution"/>
        <display value="Bosted / institution"/>
      </concept>
      <concept>
        <code value="homeless"/>
        <display value="Boligløs"/>
      </concept>
    </include>
  </compose>
</ValueSet>