<?xml version="1.0" encoding="UTF-8"?>

<ValueSet xmlns="http://hl7.org/fhir">
  <id value="RisikofaktorerDMPN"/>
  <text>
    <status value="extensions"/><div xmlns="http://www.w3.org/1999/xhtml"><p class="res-header-id"><b>Generated Narrative: ValueSet RisikofaktorerDMPN</b></p><a name="RisikofaktorerDMPN"> </a><a name="hcRisikofaktorerDMPN"> </a><a name="RisikofaktorerDMPN-en-US"> </a><p>This value set includes codes based on the following rules:</p><ul><li>Include these codes as defined in <a href="CodeSystem-RiskFactors.html"><code>https://kip.rkkp.dk/fhir/CodeSystem/RiskFactors</code></a><table class="none"><tr><td style="white-space:nowrap"><b>Code</b></td><td><b>Display</b></td><td><b>Definition</b></td></tr><tr><td><a href="CodeSystem-RiskFactors.html#RiskFactors-bmi">bmi</a></td><td>Adipositas (BMI &gt;30)</td><td>Body mass index (BMI)</td></tr><tr><td><a href="CodeSystem-RiskFactors.html#RiskFactors-hypertension">hypertension</a></td><td>Hypertension</td><td>Hypertension</td></tr><tr><td><a href="CodeSystem-RiskFactors.html#RiskFactors-hyperlipidemia">hyperlipidemia</a></td><td>Hyperlipidæmi</td><td>Hyperlipidemia / Hyperlipidæmi</td></tr></table></li><li>Include these codes as defined in <a href="CodeSystem-Smoking.html"><code>https://kip.rkkp.dk/fhir/CodeSystem/Smoking</code></a><table class="none"><tr><td style="white-space:nowrap"><b>Code</b></td><td><b>Display</b></td><td><b>Definition</b></td></tr><tr><td><a href="CodeSystem-Smoking.html#Smoking-smoker">smoker</a></td><td>Ryger</td><td>Ryger</td></tr><tr><td><a href="CodeSystem-Smoking.html#Smoking-formersmoker">formersmoker</a></td><td>Tidligere ryger</td><td>Tidligere ryger</td></tr></table></li><li>Include these codes as defined in <a href="CodeSystem-DiseasesUnspecified.html"><code>https://kip.rkkp.dk/fhir/CodeSystem/DiseasesUnspecified</code></a><table class="none"><tr><td style="white-space:nowrap"><b>Code</b></td><td><b>Display</b></td><td><b>Definition</b></td></tr><tr><td><a href="CodeSystem-DiseasesUnspecified.html#DiseasesUnspecified-diabetes">diabetes</a></td><td>Diabetes</td><td>Diabetes / Diabetes</td></tr></table></li></ul></div>
  </text>
  <url value="https://kip.rkkp.dk/fhir/ValueSet/RisikofaktorerDMPN"/>
  <version value="2.9.0"/>
  <name value="RisikofaktorerDMPN"/>
  <title value="Risikofaktorer DMPN"/>
  <status value="active"/>
  <experimental value="true"/>
  <date value="2022-07-18T00:00:00+02:00"/>
  <publisher value="Sundhedsvæsnets Kvalistetsinstitut with Trifork Digital Health A/S"/>
  <contact>
    <name value="Sundhedsvæsnets Kvalistetsinstitut with Trifork Digital Health A/S"/>
    <telecom>
      <system value="url"/>
      <value value="https://trifork.com"/>
    </telecom>
    <telecom>
      <system value="email"/>
      <value value="rbk@trifork.com"/>
    </telecom>
  </contact>
  <description value="Risikofaktorer - DMPN"/>
  <compose>
    <include>
      <system value="https://kip.rkkp.dk/fhir/CodeSystem/RiskFactors"/>
      <concept>
        <code value="bmi"/>
        <display value="Adipositas (BMI &gt;30)"/>
      </concept>
      <concept>
        <code value="hypertension"/>
        <display value="Hypertension"/>
      </concept>
      <concept>
        <code value="hyperlipidemia"/>
        <display value="Hyperlipidæmi"/>
      </concept>
    </include>
    <include>
      <system value="https://kip.rkkp.dk/fhir/CodeSystem/Smoking"/>
      <concept>
        <code value="smoker"/>
        <display value="Ryger"/>
      </concept>
      <concept>
        <code value="formersmoker"/>
        <display value="Tidligere ryger"/>
      </concept>
    </include>
    <include>
      <system value="https://kip.rkkp.dk/fhir/CodeSystem/DiseasesUnspecified"/>
      <concept>
        <code value="diabetes"/>
        <display value="Diabetes"/>
      </concept>
    </include>
  </compose>
</ValueSet>