{"resourceType":"CodeSystem","id":"FisherGradingScale","text":{"status":"generated","div":"<div xmlns=\"http://www.w3.org/1999/xhtml\"><p class=\"res-header-id\"><b>Generated Narrative: CodeSystem FisherGradingScale</b></p><a name=\"FisherGradingScale\"> </a><a name=\"hcFisherGradingScale\"> </a><a name=\"FisherGradingScale-en-US\"> </a><p>This  code system <code>https://kip.sundk.dk/fhir/CodeSystem/FisherGradingScale</code> defines the following codes:</p><table class=\"codes\"><tr><td style=\"white-space:nowrap\"><b>Code</b></td><td><b>Display</b></td><td><b>Definition</b></td></tr><tr><td style=\"white-space:nowrap\">grade1<a name=\"FisherGradingScale-grade1\"> </a></td><td>Grade 1</td><td>Grade 1: No SAH detected</td></tr><tr><td style=\"white-space:nowrap\">grade2<a name=\"FisherGradingScale-grade2\"> </a></td><td>Grade 2</td><td>Grade 2: Diffuse or vertical layer of subarachnoid blood &lt; 1mm thick</td></tr><tr><td style=\"white-space:nowrap\">grade3<a name=\"FisherGradingScale-grade3\"> </a></td><td>Grade 3</td><td>Grade 3: Localized clot and/or vertical layer within the subarachnoid space &gt; 1mm thick</td></tr><tr><td style=\"white-space:nowrap\">grade4<a name=\"FisherGradingScale-grade4\"> </a></td><td>Grade 4</td><td>Grade 4: Intracerebral hemorrhage (ICH) or intraventricular hemorrhage (IVH) with diffuse or no SAH</td></tr></table></div>"},"url":"https://kip.sundk.dk/fhir/CodeSystem/FisherGradingScale","version":"0.0.9","name":"FisherGradingScale","title":"Fisher grading scale","status":"active","date":"2022-06-28T00:00:00+02:00","publisher":"Sundhedsvæsnets Kvalistetsinstitut with Trifork Public A/S","contact":[{"name":"Sundhedsvæsnets Kvalistetsinstitut with Trifork Public A/S","telecom":[{"system":"url","value":"https://trifork.com"},{"system":"email","value":"rbk@trifork.com"}]}],"description":"Fisher grading scale; Link: https://radiopaedia.org/articles/fisher-scale","content":"complete","count":4,"concept":[{"code":"grade1","display":"Grade 1","definition":"Grade 1: No SAH detected"},{"code":"grade2","display":"Grade 2","definition":"Grade 2: Diffuse or vertical layer of subarachnoid blood < 1mm thick"},{"code":"grade3","display":"Grade 3","definition":"Grade 3: Localized clot and/or vertical layer within the subarachnoid space > 1mm thick"},{"code":"grade4","display":"Grade 4","definition":"Grade 4: Intracerebral hemorrhage (ICH) or intraventricular hemorrhage (IVH) with diffuse or no SAH"}]}