{"resourceType":"CodeSystem","id":"Smoking","text":{"status":"generated","div":"<div xmlns=\"http://www.w3.org/1999/xhtml\"><p class=\"res-header-id\"><b>Generated Narrative: CodeSystem Smoking</b></p><a name=\"Smoking\"> </a><a name=\"hcSmoking\"> </a><a name=\"Smoking-en-US\"> </a><p>This  code system <code>https://kip.sundk.dk/fhir/CodeSystem/Smoking</code> defines the following codes:</p><table class=\"codes\"><tr><td style=\"white-space:nowrap\"><b>Code</b></td><td><b>Display</b></td><td><b>Definition</b></td></tr><tr><td style=\"white-space:nowrap\">smoker<a name=\"Smoking-smoker\"> </a></td><td>Ryger</td><td>Ryger</td></tr><tr><td style=\"white-space:nowrap\">passivesmoker<a name=\"Smoking-passivesmoker\"> </a></td><td>Passiv ryger</td><td>Passiv ryger</td></tr><tr><td style=\"white-space:nowrap\">non-smoker<a name=\"Smoking-non-smoker\"> </a></td><td>Ikkeryger</td><td>Ikkeryger</td></tr><tr><td style=\"white-space:nowrap\">never-smoker<a name=\"Smoking-never-smoker\"> </a></td><td>Aldrig ryger</td><td>Aldrig ryger</td></tr><tr><td style=\"white-space:nowrap\">formersmoker<a name=\"Smoking-formersmoker\"> </a></td><td>Tidligere ryger</td><td>Tidligere ryger</td></tr></table></div>"},"url":"https://kip.sundk.dk/fhir/CodeSystem/Smoking","version":"0.0.9","name":"Smoking","title":"Smoking","status":"active","date":"2022-05-31T00:00:00+02:00","publisher":"Sundhedsvæsnets Kvalistetsinstitut with Trifork Public A/S","contact":[{"name":"Sundhedsvæsnets Kvalistetsinstitut with Trifork Public A/S","telecom":[{"system":"url","value":"https://trifork.com"},{"system":"email","value":"rbk@trifork.com"}]}],"description":"Healthfactor smoking","content":"complete","count":5,"concept":[{"code":"smoker","display":"Ryger","definition":"Ryger"},{"code":"passivesmoker","display":"Passiv ryger","definition":"Passiv ryger"},{"code":"non-smoker","display":"Ikkeryger","definition":"Ikkeryger"},{"code":"never-smoker","display":"Aldrig ryger","definition":"Aldrig ryger"},{"code":"formersmoker","display":"Tidligere ryger","definition":"Tidligere ryger"}]}