{"resourceType":"CodeSystem","id":"Dosis","text":{"status":"generated","div":"<div xmlns=\"http://www.w3.org/1999/xhtml\"><p class=\"res-header-id\"><b>Generated Narrative: CodeSystem Dosis</b></p><a name=\"Dosis\"> </a><a name=\"hcDosis\"> </a><a name=\"Dosis-en-US\"> </a><p>This  code system <code>https://kip.sundk.dk/fhir/CodeSystem/Dosis</code> defines the following codes:</p><table class=\"codes\"><tr><td style=\"white-space:nowrap\"><b>Code</b></td><td><b>Display</b></td><td><b>Definition</b></td></tr><tr><td style=\"white-space:nowrap\">le5000ie<a name=\"Dosis-le5000ie\"> </a></td><td>&lt;= 5000</td><td>&lt;= 5000 IE</td></tr><tr><td style=\"white-space:nowrap\">gt5000ie<a name=\"Dosis-gt5000ie\"> </a></td><td>&gt; 5000</td><td>&gt; 5000 IE</td></tr></table></div>"},"url":"https://kip.sundk.dk/fhir/CodeSystem/Dosis","version":"0.0.9","name":"Dosis","title":"Dosis","status":"active","date":"2023-12-19T00:00:00+02:00","publisher":"Sundhedsvæsnets Kvalistetsinstitut with Trifork Public A/S","contact":[{"name":"Sundhedsvæsnets Kvalistetsinstitut with Trifork Public A/S","telecom":[{"system":"url","value":"https://trifork.com"},{"system":"email","value":"rbk@trifork.com"}]}],"description":"Dosis i givne mængder","content":"complete","count":2,"concept":[{"code":"le5000ie","display":"<= 5000","definition":"<= 5000 IE"},{"code":"gt5000ie","display":"> 5000","definition":"> 5000 IE"}]}