{"resourceType":"CodeSystem","id":"AlloplastyTypes","text":{"status":"generated","div":"<div xmlns=\"http://www.w3.org/1999/xhtml\"><p class=\"res-header-id\"><b>Generated Narrative: CodeSystem AlloplastyTypes</b></p><a name=\"AlloplastyTypes\"> </a><a name=\"hcAlloplastyTypes\"> </a><a name=\"AlloplastyTypes-en-US\"> </a><p>This case-insensitive code system <code>https://kip.sundk.dk/fhir/CodeSystem/AlloplastyTypes</code> defines the following codes in an undefined hierarchy:</p><table class=\"codes\"><tr><td><b>Lvl</b></td><td style=\"white-space:nowrap\"><b>Code</b></td><td><b>Display</b></td><td><b>Definition</b></td></tr><tr><td>1</td><td style=\"white-space:nowrap\">hemialloplasty<a name=\"AlloplastyTypes-hemialloplasty\"> </a></td><td>Hemialloplasty</td><td>Hemialloplasty</td></tr><tr><td>2</td><td style=\"white-space:nowrap\">\u00a0\u00a0cemented<a name=\"AlloplastyTypes-cemented\"> </a></td><td>Cemented component</td><td>Cementet component</td></tr><tr><td>2</td><td style=\"white-space:nowrap\">\u00a0\u00a0uncemented<a name=\"AlloplastyTypes-uncemented\"> </a></td><td>Uncemented component</td><td>Uncemented component</td></tr><tr><td>1</td><td style=\"white-space:nowrap\">acetabulum_fracture<a name=\"AlloplastyTypes-acetabulum_fracture\"> </a></td><td>Acetabulum fracture</td><td>Acetabulum fracture</td></tr><tr><td>1</td><td style=\"white-space:nowrap\">osteosynthesis<a name=\"AlloplastyTypes-osteosynthesis\"> </a></td><td>Osteosynthesis</td><td>Osteosynthesis</td></tr><tr><td>1</td><td style=\"white-space:nowrap\">periacetabular_osteotomy<a name=\"AlloplastyTypes-periacetabular_osteotomy\"> </a></td><td>Periacetabulær osteotomi</td><td>Periacetabulær osteotomi</td></tr><tr><td>1</td><td style=\"white-space:nowrap\">proximal_femur_osteotomy<a name=\"AlloplastyTypes-proximal_femur_osteotomy\"> </a></td><td>Proximal femur osteotomy</td><td>Proximal femur osteotomy</td></tr><tr><td>1</td><td style=\"white-space:nowrap\">total_alloplasty<a name=\"AlloplastyTypes-total_alloplasty\"> </a></td><td>Total alloplasty</td><td>Total alloplasty</td></tr><tr><td>1</td><td style=\"white-space:nowrap\">medial_unilateral_knee<a name=\"AlloplastyTypes-medial_unilateral_knee\"> </a></td><td>Medial UKA</td><td>Medial UKA</td></tr><tr><td>1</td><td style=\"white-space:nowrap\">lateral_unitaleral_knee<a name=\"AlloplastyTypes-lateral_unitaleral_knee\"> </a></td><td>Lateral UKA</td><td>Lateral UKA</td></tr><tr><td>1</td><td style=\"white-space:nowrap\">patellofemoral_unitaleral_knee<a name=\"AlloplastyTypes-patellofemoral_unitaleral_knee\"> </a></td><td>Patellofemoral UKA</td><td>Patellofemoral UKA</td></tr><tr><td>1</td><td style=\"white-space:nowrap\">hinge_knee<a name=\"AlloplastyTypes-hinge_knee\"> </a></td><td>Roterende hængselalloplastik</td><td>Roterende hængselalloplastik</td></tr><tr><td>1</td><td style=\"white-space:nowrap\">hinge_knee_resection<a name=\"AlloplastyTypes-hinge_knee_resection\"> </a></td><td>Roterende hængselsalloplastik m. kondylresektion</td><td>Roterende hængselsalloplastik m. kondylresektion</td></tr><tr><td>1</td><td style=\"white-space:nowrap\">partial_resurfacing<a name=\"AlloplastyTypes-partial_resurfacing\"> </a></td><td>Partiel resurfacing</td><td>Partiel resurfacing</td></tr><tr><td>1</td><td style=\"white-space:nowrap\">cement_spacer_articulated<a name=\"AlloplastyTypes-cement_spacer_articulated\"> </a></td><td>Cementspacer, artikuleret</td><td>Cementspacer, artikuleret</td></tr><tr><td>1</td><td style=\"white-space:nowrap\">cement_spacer_fixated<a name=\"AlloplastyTypes-cement_spacer_fixated\"> </a></td><td>Cementspacer, fikseret</td><td>Cementspacer, fikseret</td></tr><tr><td>1</td><td style=\"white-space:nowrap\">artrodesis<a name=\"AlloplastyTypes-artrodesis\"> </a></td><td>Artrodese</td><td>Artrodese</td></tr><tr><td>1</td><td style=\"white-space:nowrap\">femoral_amputation<a name=\"AlloplastyTypes-femoral_amputation\"> </a></td><td>Femuramputation</td><td>Femuramputation</td></tr></table></div>"},"url":"https://kip.sundk.dk/fhir/CodeSystem/AlloplastyTypes","version":"0.0.9","name":"AlloplastyTypes","title":"Alloplasty operation types","status":"active","date":"2022-07-04T00:00:00+02:00","publisher":"Sundhedsvæsnets Kvalistetsinstitut with Trifork Public A/S","contact":[{"name":"Sundhedsvæsnets Kvalistetsinstitut with Trifork Public A/S","telecom":[{"system":"url","value":"https://trifork.com"},{"system":"email","value":"rbk@trifork.com"}]}],"description":"Alloplasty operation types","caseSensitive":false,"content":"complete","count":18,"concept":[{"code":"hemialloplasty","display":"Hemialloplasty","definition":"Hemialloplasty","concept":[{"code":"cemented","display":"Cemented component","definition":"Cementet component"},{"code":"uncemented","display":"Uncemented component","definition":"Uncemented component"}]},{"code":"acetabulum_fracture","display":"Acetabulum fracture","definition":"Acetabulum fracture"},{"code":"osteosynthesis","display":"Osteosynthesis","definition":"Osteosynthesis"},{"code":"periacetabular_osteotomy","display":"Periacetabulær osteotomi","definition":"Periacetabulær osteotomi"},{"code":"proximal_femur_osteotomy","display":"Proximal femur osteotomy","definition":"Proximal femur osteotomy"},{"code":"total_alloplasty","display":"Total alloplasty","definition":"Total alloplasty"},{"code":"medial_unilateral_knee","display":"Medial UKA","definition":"Medial UKA"},{"code":"lateral_unitaleral_knee","display":"Lateral UKA","definition":"Lateral UKA"},{"code":"patellofemoral_unitaleral_knee","display":"Patellofemoral UKA","definition":"Patellofemoral UKA"},{"code":"hinge_knee","display":"Roterende hængselalloplastik","definition":"Roterende hængselalloplastik"},{"code":"hinge_knee_resection","display":"Roterende hængselsalloplastik m. kondylresektion","definition":"Roterende hængselsalloplastik m. kondylresektion"},{"code":"partial_resurfacing","display":"Partiel resurfacing","definition":"Partiel resurfacing"},{"code":"cement_spacer_articulated","display":"Cementspacer, artikuleret","definition":"Cementspacer, artikuleret"},{"code":"cement_spacer_fixated","display":"Cementspacer, fikseret","definition":"Cementspacer, fikseret"},{"code":"artrodesis","display":"Artrodese","definition":"Artrodese"},{"code":"femoral_amputation","display":"Femuramputation","definition":"Femuramputation"}]}