{"resourceType":"CodeSystem","id":"StraalebehandlingTA","text":{"status":"generated","div":"<div xmlns=\"http://www.w3.org/1999/xhtml\"><p class=\"res-header-id\"><b>Generated Narrative: CodeSystem StraalebehandlingTA</b></p><a name=\"StraalebehandlingTA\"> </a><a name=\"hcStraalebehandlingTA\"> </a><a name=\"StraalebehandlingTA-en-US\"> </a><p>This  code system <code>https://kip.sundk.dk/fhir/CodeSystem/StraalebehandlingTA</code> defines the following codes:</p><table class=\"codes\"><tr><td style=\"white-space:nowrap\"><b>Code</b></td><td><b>Display</b></td><td><b>Definition</b></td></tr><tr><td style=\"white-space:nowrap\">priTum<a name=\"StraalebehandlingTA-priTum\"> </a></td><td>Primær tumor</td><td>Hvis den primære tumor var målet</td></tr><tr><td style=\"white-space:nowrap\">kngTast<a name=\"StraalebehandlingTA-kngTast\"> </a></td><td>Knoglemetastase</td><td>Hvis knoglemetastase var målet</td></tr><tr><td style=\"white-space:nowrap\">cns<a name=\"StraalebehandlingTA-cns\"> </a></td><td>CNS</td><td>Hvis CNS var målet</td></tr><tr><td style=\"white-space:nowrap\">anden<a name=\"StraalebehandlingTA-anden\"> </a></td><td>Anden/Ikke specificeret</td><td>Hvis andet eller ikke specificeret mål blev valgt</td></tr></table></div>"},"url":"https://kip.sundk.dk/fhir/CodeSystem/StraalebehandlingTA","version":"0.0.9","name":"StraalebehandlingTA","title":"Strålebehandling mål","status":"active","date":"2022-05-17T00:00:00+02:00","publisher":"Sundhedsvæsnets Kvalistetsinstitut with Trifork Public A/S","contact":[{"name":"Sundhedsvæsnets Kvalistetsinstitut with Trifork Public A/S","telecom":[{"system":"url","value":"https://trifork.com"},{"system":"email","value":"rbk@trifork.com"}]}],"description":"Mål for strålebehandling","content":"complete","count":4,"concept":[{"code":"priTum","display":"Primær tumor","definition":"Hvis den primære tumor var målet"},{"code":"kngTast","display":"Knoglemetastase","definition":"Hvis knoglemetastase var målet"},{"code":"cns","display":"CNS","definition":"Hvis CNS var målet"},{"code":"anden","display":"Anden/Ikke specificeret","definition":"Hvis andet eller ikke specificeret mål blev valgt"}]}