{"resourceType":"CodeSystem","id":"ImplantattypeDUGA","text":{"status":"generated","div":"<div xmlns=\"http://www.w3.org/1999/xhtml\"><p class=\"res-header-id\"><b>Generated Narrative: CodeSystem ImplantattypeDUGA</b></p><a name=\"ImplantattypeDUGA\"> </a><a name=\"hcImplantattypeDUGA\"> </a><a name=\"ImplantattypeDUGA-en-US\"> </a><p>This  code system <code>https://kip.sundk.dk/fhir/CodeSystem/ImplantattypeDUGA</code> defines the following codes:</p><table class=\"codes\"><tr><td style=\"white-space:nowrap\"><b>Code</b></td><td><b>Display</b></td><td><b>Definition</b></td></tr><tr><td style=\"white-space:nowrap\">mesh_resorberbar<a name=\"ImplantattypeDUGA-mesh_resorberbar\"> </a></td><td>Syntetisk mesh, resorberbar</td><td>Syntetisk mesh, resorberbar</td></tr><tr><td style=\"white-space:nowrap\">mesh_non_resorberbar<a name=\"ImplantattypeDUGA-mesh_non_resorberbar\"> </a></td><td>Syntetisk mesh, non-resorberbar</td><td>Syntetisk mesh, non-resorberbar</td></tr><tr><td style=\"white-space:nowrap\">bio_autolog_graft<a name=\"ImplantattypeDUGA-bio_autolog_graft\"> </a></td><td>Biologisk implantat, autolog graft</td><td>Biologisk implantat, autolog graft</td></tr><tr><td style=\"white-space:nowrap\">bio_allograft<a name=\"ImplantattypeDUGA-bio_allograft\"> </a></td><td>Biologisk implantat, allograft</td><td>Biologisk implantat, allograft</td></tr><tr><td style=\"white-space:nowrap\">bio_xenograft<a name=\"ImplantattypeDUGA-bio_xenograft\"> </a></td><td>Biologisk implantat, xenograft</td><td>Biologisk implantat, xenograft</td></tr></table></div>"},"url":"https://kip.sundk.dk/fhir/CodeSystem/ImplantattypeDUGA","version":"0.0.9","name":"ImplantattypeDUGA","title":"Implantattype - Urogynækologi (DUGA)","status":"active","date":"2024-02-14T00:00:00+02:00","publisher":"Sundhedsvæsnets Kvalistetsinstitut with Trifork Public A/S","contact":[{"name":"Sundhedsvæsnets Kvalistetsinstitut with Trifork Public A/S","telecom":[{"system":"url","value":"https://trifork.com"},{"system":"email","value":"rbk@trifork.com"}]}],"description":"Implantattype - Urogynækologi (DUGA)","content":"complete","count":5,"concept":[{"code":"mesh_resorberbar","display":"Syntetisk mesh, resorberbar","definition":"Syntetisk mesh, resorberbar"},{"code":"mesh_non_resorberbar","display":"Syntetisk mesh, non-resorberbar","definition":"Syntetisk mesh, non-resorberbar"},{"code":"bio_autolog_graft","display":"Biologisk implantat, autolog graft","definition":"Biologisk implantat, autolog graft"},{"code":"bio_allograft","display":"Biologisk implantat, allograft","definition":"Biologisk implantat, allograft"},{"code":"bio_xenograft","display":"Biologisk implantat, xenograft","definition":"Biologisk implantat, xenograft"}]}