{"resourceType":"CodeSystem","id":"MorsDiagnosegrupper","text":{"status":"generated","div":"<div xmlns=\"http://www.w3.org/1999/xhtml\"><p class=\"res-header-id\"><b>Generated Narrative: CodeSystem MorsDiagnosegrupper</b></p><a name=\"MorsDiagnosegrupper\"> </a><a name=\"hcMorsDiagnosegrupper\"> </a><a name=\"MorsDiagnosegrupper-en-US\"> </a><p>This case-insensitive code system <code>https://kip.sundk.dk/fhir/CodeSystem/MorsDiagnosegrupper</code> defines the following codes:</p><table class=\"codes\"><tr><td style=\"white-space:nowrap\"><b>Code</b></td><td><b>Display</b></td></tr><tr><td style=\"white-space:nowrap\">infektion<a name=\"MorsDiagnosegrupper-infektion\"> </a></td><td>Infektioner</td></tr><tr><td style=\"white-space:nowrap\">kardinal<a name=\"MorsDiagnosegrupper-kardinal\"> </a></td><td>Kardiale årsager</td></tr><tr><td style=\"white-space:nowrap\">Lever<a name=\"MorsDiagnosegrupper-Lever\"> </a></td><td>Leverlidelser</td></tr><tr><td style=\"white-space:nowrap\">social<a name=\"MorsDiagnosegrupper-social\"> </a></td><td>Socialt</td></tr><tr><td style=\"white-space:nowrap\">ulykker<a name=\"MorsDiagnosegrupper-ulykker\"> </a></td><td>Ulykke</td></tr><tr><td style=\"white-space:nowrap\">vaskulaer<a name=\"MorsDiagnosegrupper-vaskulaer\"> </a></td><td>Vaskulære årsager</td></tr></table></div>"},"url":"https://kip.sundk.dk/fhir/CodeSystem/MorsDiagnosegrupper","version":"0.0.9","name":"MorsDiagnosegrupper","title":"Mors Diagnosegrupper (DNSL)","status":"active","date":"2024-01-10T00:00:00+02:00","publisher":"Sundhedsvæsnets Kvalistetsinstitut with Trifork Public A/S","contact":[{"name":"Sundhedsvæsnets Kvalistetsinstitut with Trifork Public A/S","telecom":[{"system":"url","value":"https://trifork.com"},{"system":"email","value":"rbk@trifork.com"}]}],"description":"Mors Diagnosegrupper (DNSL)","caseSensitive":false,"content":"complete","count":6,"concept":[{"code":"infektion","display":"Infektioner"},{"code":"kardinal","display":"Kardiale årsager"},{"code":"Lever","display":"Leverlidelser"},{"code":"social","display":"Socialt"},{"code":"ulykker","display":"Ulykke"},{"code":"vaskulaer","display":"Vaskulære årsager"}]}