{"resourceType":"CodeSystem","id":"TumorClassificationHistology","text":{"status":"generated","div":"<div xmlns=\"http://www.w3.org/1999/xhtml\"><p class=\"res-header-id\"><b>Generated Narrative: CodeSystem TumorClassificationHistology</b></p><a name=\"TumorClassificationHistology\"> </a><a name=\"hcTumorClassificationHistology\"> </a><a name=\"TumorClassificationHistology-en-US\"> </a><p>This  code system <code>https://kip.sundk.dk/fhir/CodeSystem/TumorClassificationHistology</code> defines the following codes in an undefined hierarchy:</p><table class=\"codes\"><tr><td><b>Lvl</b></td><td style=\"white-space:nowrap\"><b>Code</b></td><td><b>Display</b></td><td><b>Definition</b></td></tr><tr><td>1</td><td style=\"white-space:nowrap\">adenocarcinoma<a name=\"TumorClassificationHistology-adenocarcinoma\"> </a></td><td>Adenokarcinom</td><td>Adenokarcinom</td></tr><tr><td>2</td><td style=\"white-space:nowrap\">\u00a0\u00a0glandular<a name=\"TumorClassificationHistology-glandular\"> </a></td><td>Adenokarcinom (glandulær)</td><td>Adenokarcinom af glandulær type</td></tr><tr><td>2</td><td style=\"white-space:nowrap\">\u00a0\u00a0lowdifferentiated<a name=\"TumorClassificationHistology-lowdifferentiated\"> </a></td><td>Adenokarcinom (lavt differentieret)</td><td>Lavt differentieret adenokarcinom</td></tr><tr><td>2</td><td style=\"white-space:nowrap\">\u00a0\u00a0mucinous<a name=\"TumorClassificationHistology-mucinous\"> </a></td><td>Adenokarcinom (mucinøst)</td><td>Mucinøst adenokarcinom (&gt; 50% af tumorarealet udgøres af mucin)</td></tr><tr><td>1</td><td style=\"white-space:nowrap\">carcinoma<a name=\"TumorClassificationHistology-carcinoma\"> </a></td><td>Karcinom</td><td>Karcinom</td></tr><tr><td>2</td><td style=\"white-space:nowrap\">\u00a0\u00a0signetringcell<a name=\"TumorClassificationHistology-signetringcell\"> </a></td><td>Signetringscelle karcinom</td><td>Signetringscelle karcinom (&gt; 50% af tumorcellerne er signetringsceller)</td></tr><tr><td>2</td><td style=\"white-space:nowrap\">\u00a0\u00a0planocellular<a name=\"TumorClassificationHistology-planocellular\"> </a></td><td>Planocellulært karcinom</td><td>Planocellulært karcinom</td></tr><tr><td>2</td><td style=\"white-space:nowrap\">\u00a0\u00a0adenoquamous<a name=\"TumorClassificationHistology-adenoquamous\"> </a></td><td>Adenoskvamøst karcinom</td><td>Adenoskvamøst karcinom</td></tr><tr><td>2</td><td style=\"white-space:nowrap\">\u00a0\u00a0undifferentiated<a name=\"TumorClassificationHistology-undifferentiated\"> </a></td><td>Udifferentieret karcinom</td><td>Udifferentieret karcinom</td></tr><tr><td>2</td><td style=\"white-space:nowrap\">\u00a0\u00a0medullary<a name=\"TumorClassificationHistology-medullary\"> </a></td><td>Medullært karcinom</td><td>Medullært karcinom</td></tr><tr><td>2</td><td style=\"white-space:nowrap\">\u00a0\u00a0other<a name=\"TumorClassificationHistology-other\"> </a></td><td>Anden type karcinom</td><td>Anden type karcinom</td></tr><tr><td>2</td><td style=\"white-space:nowrap\">\u00a0\u00a0noresidualtumor<a name=\"TumorClassificationHistology-noresidualtumor\"> </a></td><td>Ingen resttumor</td><td>Ingen resttumor</td></tr></table></div>"},"url":"https://kip.sundk.dk/fhir/CodeSystem/TumorClassificationHistology","version":"0.0.9","name":"TumorClassificationHistology","title":"Histologisk\tklassifikation (fordøjelsessystemet)","status":"active","date":"2022-05-31T00:00:00+02:00","publisher":"Sundhedsvæsnets Kvalistetsinstitut with Trifork Public A/S","contact":[{"name":"Sundhedsvæsnets Kvalistetsinstitut with Trifork Public A/S","telecom":[{"system":"url","value":"https://trifork.com"},{"system":"email","value":"rbk@trifork.com"}]}],"description":"Tumor klassificeres histologisk jvf. WHO Classification of Tumours of the Digestive System. Link: https://dccg.dk/wp-content/uploads/2017/08/Tumorklassifikation.pdf","content":"complete","count":12,"concept":[{"code":"adenocarcinoma","display":"Adenokarcinom","definition":"Adenokarcinom","concept":[{"code":"glandular","display":"Adenokarcinom (glandulær)","definition":"Adenokarcinom af glandulær type"},{"code":"lowdifferentiated","display":"Adenokarcinom (lavt differentieret)","definition":"Lavt differentieret adenokarcinom"},{"code":"mucinous","display":"Adenokarcinom (mucinøst)","definition":"Mucinøst adenokarcinom (> 50% af tumorarealet udgøres af mucin)"}]},{"code":"carcinoma","display":"Karcinom","definition":"Karcinom","concept":[{"code":"signetringcell","display":"Signetringscelle karcinom","definition":"Signetringscelle karcinom (> 50% af tumorcellerne er signetringsceller)"},{"code":"planocellular","display":"Planocellulært karcinom","definition":"Planocellulært karcinom"},{"code":"adenoquamous","display":"Adenoskvamøst karcinom","definition":"Adenoskvamøst karcinom"},{"code":"undifferentiated","display":"Udifferentieret karcinom","definition":"Udifferentieret karcinom"},{"code":"medullary","display":"Medullært karcinom","definition":"Medullært karcinom"},{"code":"other","display":"Anden type karcinom","definition":"Anden type karcinom"},{"code":"noresidualtumor","display":"Ingen resttumor","definition":"Ingen resttumor"}]}]}