{"resourceType":"CodeSystem","id":"HarrisHipScorePain","text":{"status":"generated","div":"<div xmlns=\"http://www.w3.org/1999/xhtml\"><p class=\"res-header-id\"><b>Generated Narrative: CodeSystem HarrisHipScorePain</b></p><a name=\"HarrisHipScorePain\"> </a><a name=\"hcHarrisHipScorePain\"> </a><a name=\"HarrisHipScorePain-en-US\"> </a><p>This case-insensitive code system <code>https://kip.sundk.dk/fhir/CodeSystem/HarrisHipScorePain</code> defines the following codes:</p><table class=\"codes\"><tr><td style=\"white-space:nowrap\"><b>Code</b></td><td><b>Display</b></td><td><b>Definition</b></td></tr><tr><td style=\"white-space:nowrap\">44<a name=\"HarrisHipScorePain-44\"> </a></td><td>None, or ignores it</td><td>None, or ignores it (44)</td></tr><tr><td style=\"white-space:nowrap\">40<a name=\"HarrisHipScorePain-40\"> </a></td><td>Slight, occasional, no compromise in activity</td><td>Slight, occasional, no compromise in activity (40)</td></tr><tr><td style=\"white-space:nowrap\">30<a name=\"HarrisHipScorePain-30\"> </a></td><td>Mild pain, no effect on average activities, rarely moderate pain with unusual activity, may take aspirin</td><td>Mild pain, no effect on average activities, rarely moderate pain with unusual activity, may take aspirin (30)</td></tr><tr><td style=\"white-space:nowrap\">20<a name=\"HarrisHipScorePain-20\"> </a></td><td>Moderate pain, tolerable but makes concessions to pain. Some limitations of ordinary activity or work. May require occasional pain medication stronger than aspirin</td><td>Moderate pain, tolerable but makes concessions to pain. Some limitations of ordinary activity or work. May require occasional pain medication stronger than aspirin (20)</td></tr><tr><td style=\"white-space:nowrap\">10<a name=\"HarrisHipScorePain-10\"> </a></td><td>Marked pain, serious limitation of activities</td><td>Marked pain, serious limitation of activities (10)</td></tr><tr><td style=\"white-space:nowrap\">0<a name=\"HarrisHipScorePain-0\"> </a></td><td>Totally disabled, crippled, pain in bed, bedridden</td><td>Totally disabled, crippled, pain in bed, bedridden (0)</td></tr></table></div>"},"url":"https://kip.sundk.dk/fhir/CodeSystem/HarrisHipScorePain","version":"0.0.9","name":"HarrisHipScorePain","title":"Harris Hip Score (HHS) - Pain","status":"active","date":"2022-07-06T00:00:00+02:00","publisher":"Sundhedsvæsnets Kvalistetsinstitut with Trifork Public A/S","contact":[{"name":"Sundhedsvæsnets Kvalistetsinstitut with Trifork Public A/S","telecom":[{"system":"url","value":"https://trifork.com"},{"system":"email","value":"rbk@trifork.com"}]}],"description":"Harris Hip Score (HHS) - Pain. Link: https://www.orthopaedicscore.com/scorepages/harris_hip_score.html","caseSensitive":false,"content":"complete","count":6,"concept":[{"code":"44","display":"None, or ignores it","definition":"None, or ignores it (44)"},{"code":"40","display":"Slight, occasional, no compromise in activity","definition":"Slight, occasional, no compromise in activity (40)"},{"code":"30","display":"Mild pain, no effect on average activities, rarely moderate pain with unusual activity, may take aspirin","definition":"Mild pain, no effect on average activities, rarely moderate pain with unusual activity, may take aspirin (30)"},{"code":"20","display":"Moderate pain, tolerable but makes concessions to pain. Some limitations of ordinary activity or work. May require occasional pain medication stronger than aspirin","definition":"Moderate pain, tolerable but makes concessions to pain. Some limitations of ordinary activity or work. May require occasional pain medication stronger than aspirin (20)"},{"code":"10","display":"Marked pain, serious limitation of activities","definition":"Marked pain, serious limitation of activities (10)"},{"code":"0","display":"Totally disabled, crippled, pain in bed, bedridden","definition":"Totally disabled, crippled, pain in bed, bedridden (0)"}]}