{"resourceType":"CodeSystem","id":"IntervalsExact","text":{"status":"generated","div":"<div xmlns=\"http://www.w3.org/1999/xhtml\"><p class=\"res-header-id\"><b>Generated Narrative: CodeSystem IntervalsExact</b></p><a name=\"IntervalsExact\"> </a><a name=\"hcIntervalsExact\"> </a><a name=\"IntervalsExact-en-US\"> </a><p>This case-insensitive code system <code>https://kip.sundk.dk/fhir/CodeSystem/IntervalsExact</code> defines the following codes:</p><table class=\"codes\"><tr><td style=\"white-space:nowrap\"><b>Code</b></td><td><b>Display</b></td><td><b>Definition</b></td></tr><tr><td style=\"white-space:nowrap\">m10<a name=\"IntervalsExact-m10\"> </a></td><td>-10</td><td>-10,0</td></tr><tr><td style=\"white-space:nowrap\">m9-5<a name=\"IntervalsExact-m9-5\"> </a></td><td>-9,5</td><td>-9,5</td></tr><tr><td style=\"white-space:nowrap\">m9<a name=\"IntervalsExact-m9\"> </a></td><td>-9</td><td>-9,0</td></tr><tr><td style=\"white-space:nowrap\">m8-5<a name=\"IntervalsExact-m8-5\"> </a></td><td>-8,5</td><td>-8,5</td></tr><tr><td style=\"white-space:nowrap\">m8<a name=\"IntervalsExact-m8\"> </a></td><td>-8</td><td>-8,0</td></tr><tr><td style=\"white-space:nowrap\">m7-5<a name=\"IntervalsExact-m7-5\"> </a></td><td>-7,5</td><td>-7,5</td></tr><tr><td style=\"white-space:nowrap\">m7<a name=\"IntervalsExact-m7\"> </a></td><td>-7</td><td>-7,0</td></tr><tr><td style=\"white-space:nowrap\">m6-5<a name=\"IntervalsExact-m6-5\"> </a></td><td>-6,5</td><td>-6,5</td></tr><tr><td style=\"white-space:nowrap\">m6<a name=\"IntervalsExact-m6\"> </a></td><td>-6</td><td>-6,0</td></tr><tr><td style=\"white-space:nowrap\">m5-5<a name=\"IntervalsExact-m5-5\"> </a></td><td>-5,5</td><td>-5,5</td></tr><tr><td style=\"white-space:nowrap\">m5<a name=\"IntervalsExact-m5\"> </a></td><td>-5</td><td>-5,0</td></tr><tr><td style=\"white-space:nowrap\">m4-5<a name=\"IntervalsExact-m4-5\"> </a></td><td>-4,5</td><td>-4,5</td></tr><tr><td style=\"white-space:nowrap\">m4<a name=\"IntervalsExact-m4\"> </a></td><td>-4</td><td>-4,0</td></tr><tr><td style=\"white-space:nowrap\">m3-5<a name=\"IntervalsExact-m3-5\"> </a></td><td>-3,5</td><td>-3,5</td></tr><tr><td style=\"white-space:nowrap\">m3<a name=\"IntervalsExact-m3\"> </a></td><td>-3</td><td>-3,0</td></tr><tr><td style=\"white-space:nowrap\">m2-5<a name=\"IntervalsExact-m2-5\"> </a></td><td>-2,5</td><td>-2,5</td></tr><tr><td style=\"white-space:nowrap\">m2<a name=\"IntervalsExact-m2\"> </a></td><td>-2</td><td>-2,0</td></tr><tr><td style=\"white-space:nowrap\">m1-5<a name=\"IntervalsExact-m1-5\"> </a></td><td>-1,5</td><td>-1,5</td></tr><tr><td style=\"white-space:nowrap\">m1<a name=\"IntervalsExact-m1\"> </a></td><td>-1</td><td>-1,0</td></tr><tr><td style=\"white-space:nowrap\">m0-5<a name=\"IntervalsExact-m0-5\"> </a></td><td>-0,5</td><td>-0,5</td></tr><tr><td style=\"white-space:nowrap\">0<a name=\"IntervalsExact-0\"> </a></td><td>0</td><td>0,0</td></tr><tr><td style=\"white-space:nowrap\">0-5<a name=\"IntervalsExact-0-5\"> </a></td><td>0,5</td><td>0,5</td></tr><tr><td style=\"white-space:nowrap\">1<a name=\"IntervalsExact-1\"> </a></td><td>1</td><td>1,0</td></tr><tr><td style=\"white-space:nowrap\">1-5<a name=\"IntervalsExact-1-5\"> </a></td><td>1,5</td><td>1,5</td></tr><tr><td style=\"white-space:nowrap\">2<a name=\"IntervalsExact-2\"> </a></td><td>2</td><td>2,0</td></tr><tr><td style=\"white-space:nowrap\">2-5<a name=\"IntervalsExact-2-5\"> </a></td><td>2,5</td><td>2,5</td></tr><tr><td style=\"white-space:nowrap\">3<a name=\"IntervalsExact-3\"> </a></td><td>3</td><td>3,0</td></tr><tr><td style=\"white-space:nowrap\">3-5<a name=\"IntervalsExact-3-5\"> </a></td><td>3,5</td><td>3,5</td></tr><tr><td style=\"white-space:nowrap\">4<a name=\"IntervalsExact-4\"> </a></td><td>4</td><td>4,0</td></tr><tr><td style=\"white-space:nowrap\">4-5<a name=\"IntervalsExact-4-5\"> </a></td><td>4,5</td><td>4,5</td></tr><tr><td style=\"white-space:nowrap\">5<a name=\"IntervalsExact-5\"> </a></td><td>5</td><td>5,0</td></tr><tr><td style=\"white-space:nowrap\">5-5<a name=\"IntervalsExact-5-5\"> </a></td><td>5,5</td><td>5,5</td></tr><tr><td style=\"white-space:nowrap\">6<a name=\"IntervalsExact-6\"> </a></td><td>6</td><td>6,0</td></tr><tr><td style=\"white-space:nowrap\">6-5<a name=\"IntervalsExact-6-5\"> </a></td><td>6,5</td><td>6,5</td></tr><tr><td style=\"white-space:nowrap\">7<a name=\"IntervalsExact-7\"> </a></td><td>7</td><td>7,0</td></tr><tr><td style=\"white-space:nowrap\">7-5<a name=\"IntervalsExact-7-5\"> </a></td><td>7,5</td><td>7,5</td></tr><tr><td style=\"white-space:nowrap\">8<a name=\"IntervalsExact-8\"> </a></td><td>8</td><td>8,0</td></tr><tr><td style=\"white-space:nowrap\">8-5<a name=\"IntervalsExact-8-5\"> </a></td><td>8,5</td><td>8,5</td></tr><tr><td style=\"white-space:nowrap\">9<a name=\"IntervalsExact-9\"> </a></td><td>9</td><td>9,0</td></tr><tr><td style=\"white-space:nowrap\">9-5<a name=\"IntervalsExact-9-5\"> </a></td><td>9,5</td><td>9,5</td></tr><tr><td style=\"white-space:nowrap\">10<a name=\"IntervalsExact-10\"> </a></td><td>10</td><td>10,0</td></tr><tr><td style=\"white-space:nowrap\">10-5<a name=\"IntervalsExact-10-5\"> </a></td><td>10,5</td><td>10,5</td></tr><tr><td style=\"white-space:nowrap\">11<a name=\"IntervalsExact-11\"> </a></td><td>11</td><td>11,0</td></tr><tr><td style=\"white-space:nowrap\">11-5<a name=\"IntervalsExact-11-5\"> </a></td><td>11,5</td><td>1,5</td></tr><tr><td style=\"white-space:nowrap\">12<a name=\"IntervalsExact-12\"> </a></td><td>12</td><td>12,0</td></tr><tr><td style=\"white-space:nowrap\">12-5<a name=\"IntervalsExact-12-5\"> </a></td><td>12,5</td><td>2,5</td></tr><tr><td style=\"white-space:nowrap\">13<a name=\"IntervalsExact-13\"> </a></td><td>13</td><td>13,0</td></tr><tr><td style=\"white-space:nowrap\">13-5<a name=\"IntervalsExact-13-5\"> </a></td><td>13,5</td><td>3,5</td></tr><tr><td style=\"white-space:nowrap\">14<a name=\"IntervalsExact-14\"> </a></td><td>14</td><td>14,0</td></tr><tr><td style=\"white-space:nowrap\">14-5<a name=\"IntervalsExact-14-5\"> </a></td><td>14,5</td><td>4,5</td></tr><tr><td style=\"white-space:nowrap\">15<a name=\"IntervalsExact-15\"> </a></td><td>15</td><td>15,0</td></tr></table></div>"},"url":"https://kip.sundk.dk/fhir/CodeSystem/IntervalsExact","version":"0.0.9","name":"IntervalsExact","title":"Intervaller eksakte værdier","status":"active","date":"2024-02-13T00:00:00+02:00","publisher":"Sundhedsvæsnets Kvalistetsinstitut with Trifork Public A/S","contact":[{"name":"Sundhedsvæsnets Kvalistetsinstitut with Trifork Public A/S","telecom":[{"system":"url","value":"https://trifork.com"},{"system":"email","value":"rbk@trifork.com"}]}],"description":"Intervaller med varierende eksakte værdier","caseSensitive":false,"content":"complete","count":51,"concept":[{"code":"m10","display":"-10","definition":"-10,0"},{"code":"m9-5","display":"-9,5","definition":"-9,5"},{"code":"m9","display":"-9","definition":"-9,0"},{"code":"m8-5","display":"-8,5","definition":"-8,5"},{"code":"m8","display":"-8","definition":"-8,0"},{"code":"m7-5","display":"-7,5","definition":"-7,5"},{"code":"m7","display":"-7","definition":"-7,0"},{"code":"m6-5","display":"-6,5","definition":"-6,5"},{"code":"m6","display":"-6","definition":"-6,0"},{"code":"m5-5","display":"-5,5","definition":"-5,5"},{"code":"m5","display":"-5","definition":"-5,0"},{"code":"m4-5","display":"-4,5","definition":"-4,5"},{"code":"m4","display":"-4","definition":"-4,0"},{"code":"m3-5","display":"-3,5","definition":"-3,5"},{"code":"m3","display":"-3","definition":"-3,0"},{"code":"m2-5","display":"-2,5","definition":"-2,5"},{"code":"m2","display":"-2","definition":"-2,0"},{"code":"m1-5","display":"-1,5","definition":"-1,5"},{"code":"m1","display":"-1","definition":"-1,0"},{"code":"m0-5","display":"-0,5","definition":"-0,5"},{"code":"0","display":"0","definition":"0,0"},{"code":"0-5","display":"0,5","definition":"0,5"},{"code":"1","display":"1","definition":"1,0"},{"code":"1-5","display":"1,5","definition":"1,5"},{"code":"2","display":"2","definition":"2,0"},{"code":"2-5","display":"2,5","definition":"2,5"},{"code":"3","display":"3","definition":"3,0"},{"code":"3-5","display":"3,5","definition":"3,5"},{"code":"4","display":"4","definition":"4,0"},{"code":"4-5","display":"4,5","definition":"4,5"},{"code":"5","display":"5","definition":"5,0"},{"code":"5-5","display":"5,5","definition":"5,5"},{"code":"6","display":"6","definition":"6,0"},{"code":"6-5","display":"6,5","definition":"6,5"},{"code":"7","display":"7","definition":"7,0"},{"code":"7-5","display":"7,5","definition":"7,5"},{"code":"8","display":"8","definition":"8,0"},{"code":"8-5","display":"8,5","definition":"8,5"},{"code":"9","display":"9","definition":"9,0"},{"code":"9-5","display":"9,5","definition":"9,5"},{"code":"10","display":"10","definition":"10,0"},{"code":"10-5","display":"10,5","definition":"10,5"},{"code":"11","display":"11","definition":"11,0"},{"code":"11-5","display":"11,5","definition":"1,5"},{"code":"12","display":"12","definition":"12,0"},{"code":"12-5","display":"12,5","definition":"2,5"},{"code":"13","display":"13","definition":"13,0"},{"code":"13-5","display":"13,5","definition":"3,5"},{"code":"14","display":"14","definition":"14,0"},{"code":"14-5","display":"14,5","definition":"4,5"},{"code":"15","display":"15","definition":"15,0"}]}