{"resourceType":"ValueSet","id":"JaNejIkkerelevant","text":{"status":"extensions","div":"<div xmlns=\"http://www.w3.org/1999/xhtml\"><p class=\"res-header-id\"><b>Generated Narrative: ValueSet JaNejIkkerelevant</b></p><a name=\"JaNejIkkerelevant\"> </a><a name=\"hcJaNejIkkerelevant\"> </a><a name=\"JaNejIkkerelevant-en-US\"> </a><ul><li>Include these codes as defined in <a href=\"http://terminology.hl7.org/3.1.0/CodeSystem-v2-0532.html\"><code>http://terminology.hl7.org/CodeSystem/v2-0532</code></a><table class=\"none\"><tr><td style=\"white-space:nowrap\"><b>Code</b></td><td><b>Display</b></td><td><b>Definition</b></td></tr><tr><td><a href=\"http://terminology.hl7.org/3.1.0/CodeSystem-v2-0532.html#v2-0532-Y\">Y</a></td><td>Ja</td><td>Yes</td></tr><tr><td><a href=\"http://terminology.hl7.org/3.1.0/CodeSystem-v2-0532.html#v2-0532-N\">N</a></td><td>Nej</td><td>No</td></tr><tr><td><a href=\"http://terminology.hl7.org/3.1.0/CodeSystem-v2-0532.html#v2-0532-NA\">NA</a></td><td>Ikke relevant</td><td>not applicable</td></tr></table></li></ul></div>"},"url":"https://kip.sundk.dk/fhir/ValueSet/JaNejIkkerelevant","version":"0.0.9","name":"JaNejIkkerelevant","title":"Ja / Nej / Ikke relevant","status":"active","experimental":true,"date":"2022-05-16T00:00:00+02:00","publisher":"Sundhedsvæsnets Kvalistetsinstitut with Trifork Public A/S","contact":[{"name":"Sundhedsvæsnets Kvalistetsinstitut with Trifork Public A/S","telecom":[{"system":"url","value":"https://trifork.com"},{"system":"email","value":"rbk@trifork.com"}]}],"description":"Dækker over Ja/nej/ikke relevant.","compose":{"include":[{"system":"http://terminology.hl7.org/CodeSystem/v2-0532","concept":[{"code":"Y","display":"Ja"},{"code":"N","display":"Nej"},{"code":"NA","display":"Ikke relevant"}]}]}}