{"resourceType":"ValueSet","id":"RadiologicalBoneChanges","text":{"status":"extensions","div":"<div xmlns=\"http://www.w3.org/1999/xhtml\"><p class=\"res-header-id\"><b>Generated Narrative: ValueSet RadiologicalBoneChanges</b></p><a name=\"RadiologicalBoneChanges\"> </a><a name=\"hcRadiologicalBoneChanges\"> </a><a name=\"RadiologicalBoneChanges-en-US\"> </a><p>This value set includes codes based on the following rules:</p><ul><li>Include these codes as defined in <a href=\"CodeSystem-GenericValues.html\"><code>https://kip.sundk.dk/fhir/CodeSystem/GenericValues</code></a><table class=\"none\"><tr><td style=\"white-space:nowrap\"><b>Code</b></td><td><b>Display</b></td><td><b>Definition</b></td></tr><tr><td><a href=\"CodeSystem-GenericValues.html#GenericValues-none\">none</a></td><td>Ingen knogleforandringer</td><td>None - used to choose none of the available values</td></tr></table></li><li>Include these codes as defined in <a href=\"CodeSystem-RadiologicalBoneChanges.html\"><code>https://kip.sundk.dk/fhir/CodeSystem/RadiologicalBoneChanges</code></a><table class=\"none\"><tr><td style=\"white-space:nowrap\"><b>Code</b></td><td><b>Display</b></td><td><b>Definition</b></td></tr><tr><td><a href=\"CodeSystem-RadiologicalBoneChanges.html#RadiologicalBoneChanges-diffuse_halisteresis\">diffuse_halisteresis</a></td><td>Diffus halisterese (som eneste forandring)</td><td>Diffus halisterese (som eneste forandring)</td></tr><tr><td><a href=\"CodeSystem-RadiologicalBoneChanges.html#RadiologicalBoneChanges-few\">few</a></td><td>Enkelte knogleforandr. i én/enkelte region(er)</td><td>Enkelte knogleforandr. i én/enkelte region(er)</td></tr><tr><td><a href=\"CodeSystem-RadiologicalBoneChanges.html#RadiologicalBoneChanges-multiple\">multiple</a></td><td>Multiple knogleforandr. i én/flere regioner</td><td>Multiple knogleforandr. i én/flere regioner</td></tr></table></li></ul></div>"},"url":"https://kip.sundk.dk/fhir/ValueSet/RadiologicalBoneChanges","version":"0.0.9","name":"RadiologicalBoneChanges","title":"Knogle forandringer","status":"active","experimental":true,"date":"2022-07-14T00:00:00+02:00","publisher":"Sundhedsvæsnets Kvalistetsinstitut with Trifork Public A/S","contact":[{"name":"Sundhedsvæsnets Kvalistetsinstitut with Trifork Public A/S","telecom":[{"system":"url","value":"https://trifork.com"},{"system":"email","value":"rbk@trifork.com"}]}],"description":"Radiologiske knogleforandringer","compose":{"include":[{"system":"https://kip.sundk.dk/fhir/CodeSystem/GenericValues","concept":[{"code":"none","display":"Ingen knogleforandringer"}]},{"system":"https://kip.sundk.dk/fhir/CodeSystem/RadiologicalBoneChanges","concept":[{"code":"diffuse_halisteresis","display":"Diffus halisterese (som eneste forandring)"},{"code":"few","display":"Enkelte knogleforandr. i én/enkelte region(er)"},{"code":"multiple","display":"Multiple knogleforandr. i én/flere regioner"}]}]}}