{"resourceType":"ValueSet","id":"TrombektomiPerfusion","text":{"status":"extensions","div":"<div xmlns=\"http://www.w3.org/1999/xhtml\"><p class=\"res-header-id\"><b>Generated Narrative: ValueSet TrombektomiPerfusion</b></p><a name=\"TrombektomiPerfusion\"> </a><a name=\"hcTrombektomiPerfusion\"> </a><a name=\"TrombektomiPerfusion-en-US\"> </a><ul><li>Include these codes as defined in <a href=\"CodeSystem-TrombektomiPerfusion.html\"><code>https://kip.sundk.dk/fhir/CodeSystem/TrombektomiPerfusion</code></a><table class=\"none\"><tr><td style=\"white-space:nowrap\"><b>Code</b></td><td><b>Display</b></td><td><b>Definition</b></td></tr><tr><td><a href=\"CodeSystem-TrombektomiPerfusion.html#TrombektomiPerfusion-med_reperfusion\">med_reperfusion</a></td><td>Trombektomi med efterfølgende helt eller delvist opnået reperfusion</td><td>Trombektomi med efterfølgende helt eller delvist opnået reperfusion</td></tr><tr><td><a href=\"CodeSystem-TrombektomiPerfusion.html#TrombektomiPerfusion-uden_reperfusion\">uden_reperfusion</a></td><td>Trombektomi uden efterfølgende reperfusion</td><td>Trombektomi uden efterfølgende reperfusion</td></tr><tr><td><a href=\"CodeSystem-TrombektomiPerfusion.html#TrombektomiPerfusion-spontan_reperfusion\">spontan_reperfusion</a></td><td>Spontan reperfusion</td><td>Spontan reperfusion</td></tr><tr><td><a href=\"CodeSystem-TrombektomiPerfusion.html#TrombektomiPerfusion-hypoperfusion\">hypoperfusion</a></td><td>Stenosebetinget hypoperfusion uden trombektomi behandlet</td><td>Stenosebetinget hypoperfusion uden trombektomi behandlet</td></tr></table></li></ul></div>"},"url":"https://kip.sundk.dk/fhir/ValueSet/TrombektomiPerfusion","version":"0.0.9","name":"TrombektomiPerfusion","title":"Trombektomi-Perfusion (Danstroke)","status":"active","experimental":true,"date":"2023-05-16T00:00:00+02:00","publisher":"Sundhedsvæsnets Kvalistetsinstitut with Trifork Public A/S","contact":[{"name":"Sundhedsvæsnets Kvalistetsinstitut with Trifork Public A/S","telecom":[{"system":"url","value":"https://trifork.com"},{"system":"email","value":"rbk@trifork.com"}]}],"description":"Perfusion opnået under trombektomi","compose":{"include":[{"system":"https://kip.sundk.dk/fhir/CodeSystem/TrombektomiPerfusion","concept":[{"code":"med_reperfusion","display":"Trombektomi med efterfølgende helt eller delvist opnået reperfusion"},{"code":"uden_reperfusion","display":"Trombektomi uden efterfølgende reperfusion"},{"code":"spontan_reperfusion","display":"Spontan reperfusion"},{"code":"hypoperfusion","display":"Stenosebetinget hypoperfusion uden trombektomi behandlet"}]}]}}