{"resourceType":"ValueSet","id":"ProcedureVarighed15min","text":{"status":"extensions","div":"<div xmlns=\"http://www.w3.org/1999/xhtml\"><p class=\"res-header-id\"><b>Generated Narrative: ValueSet ProcedureVarighed15min</b></p><a name=\"ProcedureVarighed15min\"> </a><a name=\"hcProcedureVarighed15min\"> </a><a name=\"ProcedureVarighed15min-en-US\"> </a><ul><li>Include these codes as defined in <a href=\"CodeSystem-ProcedureDuration.html\"><code>https://kip.sundk.dk/fhir/CodeSystem/ProcedureDuration</code></a><table class=\"none\"><tr><td style=\"white-space:nowrap\"><b>Code</b></td><td><b>Display</b></td><td><b>Definition</b></td></tr><tr><td><a href=\"CodeSystem-ProcedureDuration.html#ProcedureDuration-.6215\">&gt;15</a></td><td>Over 15 min.</td><td>&gt;15</td></tr><tr><td><a href=\"CodeSystem-ProcedureDuration.html#ProcedureDuration-.61.6015\">=&lt;15</a></td><td>Under eller lig 15 min.</td><td>=&lt;15</td></tr></table></li></ul></div>"},"url":"https://kip.sundk.dk/fhir/ValueSet/ProcedureVarighed15min","version":"0.0.9","name":"ProcedureVarighed15min","title":"Procedure varighed; over/under 15 min.","status":"active","experimental":true,"date":"2022-06-29T00:00:00+02:00","publisher":"Sundhedsvæsnets Kvalistetsinstitut with Trifork Public A/S","contact":[{"name":"Sundhedsvæsnets Kvalistetsinstitut with Trifork Public A/S","telecom":[{"system":"url","value":"https://trifork.com"},{"system":"email","value":"rbk@trifork.com"}]}],"description":"Procedure varighed; over/under 15 min.","compose":{"include":[{"system":"https://kip.sundk.dk/fhir/CodeSystem/ProcedureDuration","concept":[{"code":">15","display":"Over 15 min."},{"code":"=<15","display":"Under eller lig 15 min."}]}]}}