{"resourceType":"ValueSet","id":"BehandlingsresponsCML","text":{"status":"extensions","div":"<div xmlns=\"http://www.w3.org/1999/xhtml\"><p class=\"res-header-id\"><b>Generated Narrative: ValueSet BehandlingsresponsCML</b></p><a name=\"BehandlingsresponsCML\"> </a><a name=\"hcBehandlingsresponsCML\"> </a><a name=\"BehandlingsresponsCML-en-US\"> </a><p>This value set includes codes based on the following rules:</p><ul><li>Include these codes as defined in <a href=\"CodeSystem-TreatmentResponseEvaluation.html\"><code>https://kip.sundk.dk/fhir/CodeSystem/TreatmentResponseEvaluation</code></a><table class=\"none\"><tr><td style=\"white-space:nowrap\"><b>Code</b></td><td><b>Display</b></td><td><b>Definition</b></td></tr><tr><td><a href=\"CodeSystem-TreatmentResponseEvaluation.html#TreatmentResponseEvaluation-complete_hematological_response\">complete_hematological_response</a></td><td>Komplet hæmatologisk respons (CHR)</td><td>Complete Hematological response (CHR)</td></tr><tr><td><a href=\"CodeSystem-TreatmentResponseEvaluation.html#TreatmentResponseEvaluation-complete_cytogenetic_response\">complete_cytogenetic_response</a></td><td>Komplet cytogenetisk Respons (CCyR)</td><td>Complete cytogenetic response (CCyR)</td></tr><tr><td><a href=\"CodeSystem-TreatmentResponseEvaluation.html#TreatmentResponseEvaluation-partial_cytogenetic_response\">partial_cytogenetic_response</a></td><td>Partiel cytogenetisk Respons (PCyR)</td><td>Partial cytogenetic response (PCyR)</td></tr><tr><td><a href=\"CodeSystem-TreatmentResponseEvaluation.html#TreatmentResponseEvaluation-major_molecular_response\">major_molecular_response</a></td><td>Major molekylært Respons (MMR)</td><td>Major molecular response (MMR)</td></tr></table></li><li>Include these codes as defined in <a href=\"CodeSystem-GenericValues.html\"><code>https://kip.sundk.dk/fhir/CodeSystem/GenericValues</code></a><table class=\"none\"><tr><td style=\"white-space:nowrap\"><b>Code</b></td><td><b>Display</b></td><td><b>Definition</b></td></tr><tr><td><a href=\"CodeSystem-GenericValues.html#GenericValues-none\">none</a></td><td>Ikke målbar molekylær sygdom</td><td>None - used to choose none of the available values</td></tr></table></li><li>Include these codes as defined in <a href=\"http://terminology.hl7.org/3.1.0/CodeSystem-v2-0532.html\"><code>http://terminology.hl7.org/CodeSystem/v2-0532</code></a><table class=\"none\"><tr><td style=\"white-space:nowrap\"><b>Code</b></td><td><b>Display</b></td><td><b>Definition</b></td></tr><tr><td><a href=\"http://terminology.hl7.org/3.1.0/CodeSystem-v2-0532.html#v2-0532-UNK\">UNK</a></td><td>Uoplyst</td><td>unknown</td></tr></table></li></ul></div>"},"url":"https://kip.sundk.dk/fhir/ValueSet/BehandlingsresponsCML","version":"0.0.9","name":"BehandlingsresponsCML","title":"Behandlingsrespons CML","status":"active","experimental":true,"date":"2022-07-18T00:00:00+02:00","publisher":"Sundhedsvæsnets Kvalistetsinstitut with Trifork Public A/S","contact":[{"name":"Sundhedsvæsnets Kvalistetsinstitut with Trifork Public A/S","telecom":[{"system":"url","value":"https://trifork.com"},{"system":"email","value":"rbk@trifork.com"}]}],"description":"Vurdering af behandlingsrespons CML","compose":{"include":[{"system":"https://kip.sundk.dk/fhir/CodeSystem/TreatmentResponseEvaluation","concept":[{"code":"complete_hematological_response","display":"Komplet hæmatologisk respons (CHR)"},{"code":"complete_cytogenetic_response","display":"Komplet cytogenetisk Respons (CCyR)"},{"code":"partial_cytogenetic_response","display":"Partiel cytogenetisk Respons (PCyR)"},{"code":"major_molecular_response","display":"Major molekylært Respons (MMR)"}]},{"system":"https://kip.sundk.dk/fhir/CodeSystem/GenericValues","concept":[{"code":"none","display":"Ikke målbar molekylær sygdom"}]},{"system":"http://terminology.hl7.org/CodeSystem/v2-0532","concept":[{"code":"UNK","display":"Uoplyst"}]}]}}