{"resourceType":"ValueSet","id":"AlleMaaleEnheder","text":{"status":"extensions","div":"<div xmlns=\"http://www.w3.org/1999/xhtml\"><p class=\"res-header-id\"><b>Generated Narrative: ValueSet AlleMaaleEnheder</b></p><a name=\"AlleMaaleEnheder\"> </a><a name=\"hcAlleMaaleEnheder\"> </a><a name=\"AlleMaaleEnheder-en-US\"> </a><ul><li>Include these codes as defined in <a href=\"CodeSystem-MaaleEnheder.html\"><code>https://kip.sundk.dk/fhir/CodeSystem/MaaleEnheder</code></a><table class=\"none\"><tr><td style=\"white-space:nowrap\"><b>Code</b></td><td><b>Display</b></td><td><b>Definition</b></td></tr><tr><td><a href=\"CodeSystem-MaaleEnheder.html#MaaleEnheder-procent\">procent</a></td><td>% procent</td><td>Procent</td></tr><tr><td><a href=\"CodeSystem-MaaleEnheder.html#MaaleEnheder-nm\">nm</a></td><td>nm Nanometer</td><td>Nanometer</td></tr><tr><td><a href=\"CodeSystem-MaaleEnheder.html#MaaleEnheder-.956m\">μm</a></td><td>μm Micrometer</td><td>Micrometer</td></tr><tr><td><a href=\"CodeSystem-MaaleEnheder.html#MaaleEnheder-mm\">mm</a></td><td>mm Millimeter</td><td>Millimeter</td></tr><tr><td><a href=\"CodeSystem-MaaleEnheder.html#MaaleEnheder-cm\">cm</a></td><td>cm Centimeter</td><td>Centimeter</td></tr><tr><td><a href=\"CodeSystem-MaaleEnheder.html#MaaleEnheder-mg\">mg</a></td><td>mg Milligram</td><td>Milligram</td></tr><tr><td><a href=\"CodeSystem-MaaleEnheder.html#MaaleEnheder-g\">g</a></td><td>g Gram</td><td>Gram</td></tr><tr><td><a href=\"CodeSystem-MaaleEnheder.html#MaaleEnheder-kg\">kg</a></td><td>kg Kilogram</td><td>Kilogram</td></tr><tr><td><a href=\"CodeSystem-MaaleEnheder.html#MaaleEnheder-mol-l\">mol-l</a></td><td>mol/l Molær koncentration per liter</td><td>Molær koncentration per liter</td></tr><tr><td><a href=\"CodeSystem-MaaleEnheder.html#MaaleEnheder-mmol-l\">mmol-l</a></td><td>mmol/l Millimol per liter</td><td>Millimol per liter</td></tr><tr><td><a href=\"CodeSystem-MaaleEnheder.html#MaaleEnheder-.956mol-l\">μmol-l</a></td><td>μmol/l Mikromol per liter</td><td>Mikromol per liter</td></tr><tr><td><a href=\"CodeSystem-MaaleEnheder.html#MaaleEnheder-nmol-l\">nmol-l</a></td><td>nmol/l Nanomol per liter</td><td>Nanomol per liter</td></tr><tr><td><a href=\"CodeSystem-MaaleEnheder.html#MaaleEnheder-u-l\">u-l</a></td><td>u/l Enhed U per liter</td><td>Enhed U per liter</td></tr><tr><td><a href=\"CodeSystem-MaaleEnheder.html#MaaleEnheder-kiu-l\">kiu-l</a></td><td>kiu/l Kilo antistof enhed per liter</td><td>Kilo antistof enhed per liter</td></tr><tr><td><a href=\"CodeSystem-MaaleEnheder.html#MaaleEnheder-mia-L\">mia-L</a></td><td>mia/L Antal milliarder per liter</td><td>Antal milliarder per liter</td></tr><tr><td><a href=\"CodeSystem-MaaleEnheder.html#MaaleEnheder-fl\">fl</a></td><td>fl 10^-15 L</td><td>10^-15 L</td></tr><tr><td><a href=\"CodeSystem-MaaleEnheder.html#MaaleEnheder-g-l\">g-l</a></td><td>g/l Gram per liter</td><td>Gram per liter</td></tr><tr><td><a href=\"CodeSystem-MaaleEnheder.html#MaaleEnheder-arb-enh\">arb-enh</a></td><td>Arbejdsenheder</td><td>Arbejdsenheder</td></tr><tr><td><a href=\"CodeSystem-MaaleEnheder.html#MaaleEnheder-g-24h\">g-24h</a></td><td>g/24h Gram per døgn</td><td>Gram per døgn</td></tr><tr><td><a href=\"CodeSystem-MaaleEnheder.html#MaaleEnheder-mg-l\">mg-l</a></td><td>mg/l Milligram per liter</td><td>Milligram per liter</td></tr><tr><td><a href=\"CodeSystem-MaaleEnheder.html#MaaleEnheder-.956g-l\">μg-l</a></td><td>μg/l Mikrogram per liter</td><td>Mikrogram per liter</td></tr><tr><td><a href=\"CodeSystem-MaaleEnheder.html#MaaleEnheder-microglobulin-l\">microglobulin-l</a></td><td>Microglobulin per liter</td><td>Microglobulin per liter</td></tr><tr><td><a href=\"CodeSystem-MaaleEnheder.html#MaaleEnheder-volfr\">volfr</a></td><td>vol.fr volumenfraktion</td><td>volumenfraktion</td></tr><tr><td><a href=\"CodeSystem-MaaleEnheder.html#MaaleEnheder-mCi-kg\">mCi-kg</a></td><td>mCi/kg milliCurie/kg</td><td>milliCurie/kg</td></tr><tr><td><a href=\"CodeSystem-MaaleEnheder.html#MaaleEnheder-gy\">gy</a></td><td>gy Gray</td><td>Gray</td></tr><tr><td><a href=\"CodeSystem-MaaleEnheder.html#MaaleEnheder-liter\">liter</a></td><td>l Liter</td><td>Liter</td></tr><tr><td><a href=\"CodeSystem-MaaleEnheder.html#MaaleEnheder-deciliter\">deciliter</a></td><td>dl Deciliter</td><td>Deciliter</td></tr><tr><td><a href=\"CodeSystem-MaaleEnheder.html#MaaleEnheder-centiliter\">centiliter</a></td><td>cl Centiliter</td><td>Centiliter</td></tr><tr><td><a href=\"CodeSystem-MaaleEnheder.html#MaaleEnheder-milliliter\">milliliter</a></td><td>ml Milliliter</td><td>Milliliter</td></tr></table></li></ul></div>"},"url":"https://kip.sundk.dk/fhir/ValueSet/AlleMaaleEnheder","version":"0.0.9","name":"AlleMaaleEnheder","title":"Alle Måleenheder","status":"active","experimental":true,"date":"2022-08-04T00:00:00+02:00","publisher":"Sundhedsvæsnets Kvalistetsinstitut with Trifork Public A/S","contact":[{"name":"Sundhedsvæsnets Kvalistetsinstitut with Trifork Public A/S","telecom":[{"system":"url","value":"https://trifork.com"},{"system":"email","value":"rbk@trifork.com"}]}],"description":"Alle måleenheder","compose":{"include":[{"system":"https://kip.sundk.dk/fhir/CodeSystem/MaaleEnheder","concept":[{"code":"procent","display":"% procent"},{"code":"nm","display":"nm Nanometer"},{"code":"μm","display":"μm Micrometer"},{"code":"mm","display":"mm Millimeter"},{"code":"cm","display":"cm Centimeter"},{"code":"mg","display":"mg Milligram"},{"code":"g","display":"g Gram"},{"code":"kg","display":"kg Kilogram"},{"code":"mol-l","display":"mol/l Molær koncentration per liter"},{"code":"mmol-l","display":"mmol/l Millimol per liter"},{"code":"μmol-l","display":"μmol/l Mikromol per liter"},{"code":"nmol-l","display":"nmol/l Nanomol per liter"},{"code":"u-l","display":"u/l Enhed U per liter"},{"code":"kiu-l","display":"kiu/l Kilo antistof enhed per liter"},{"code":"mia-L","display":"mia/L Antal milliarder per liter"},{"code":"fl","display":"fl 10^-15 L"},{"code":"g-l","display":"g/l Gram per liter"},{"code":"arb-enh","display":"Arbejdsenheder"},{"code":"g-24h","display":"g/24h Gram per døgn"},{"code":"mg-l","display":"mg/l Milligram per liter"},{"code":"μg-l","display":"μg/l Mikrogram per liter"},{"code":"microglobulin-l","display":"Microglobulin per liter"},{"code":"volfr","display":"vol.fr volumenfraktion"},{"code":"mCi-kg","display":"mCi/kg milliCurie/kg"},{"code":"gy","display":"gy Gray"},{"code":"liter","display":"l Liter"},{"code":"deciliter","display":"dl Deciliter"},{"code":"centiliter","display":"cl Centiliter"},{"code":"milliliter","display":"ml Milliliter"}]}]}}