{"resourceType":"ValueSet","id":"Luftvejsplan","text":{"status":"extensions","div":"<div xmlns=\"http://www.w3.org/1999/xhtml\"><p class=\"res-header-id\"><b>Generated Narrative: ValueSet Luftvejsplan</b></p><a name=\"Luftvejsplan\"> </a><a name=\"hcLuftvejsplan\"> </a><a name=\"Luftvejsplan-en-US\"> </a><ul><li>Include these codes as defined in <a href=\"CodeSystem-Respiration.html\"><code>https://kip.sundk.dk/fhir/CodeSystem/Respiration</code></a><table class=\"none\"><tr><td style=\"white-space:nowrap\"><b>Code</b></td><td><b>Display</b></td><td><b>Definition</b></td></tr><tr><td><a href=\"CodeSystem-Respiration.html#Respiration-spontane_resp\">spontane_resp</a></td><td>Spontan respiration</td><td>Spontan respiration</td></tr><tr><td><a href=\"CodeSystem-Respiration.html#Respiration-mask_vent\">mask_vent</a></td><td>Maskeventilation</td><td>Maskeventilation</td></tr><tr><td><a href=\"CodeSystem-Respiration.html#Respiration-larynx_all\">larynx_all</a></td><td>Larynxmaske (alle typer)</td><td>Larynxmaske (alle typer)</td></tr><tr><td><a href=\"CodeSystem-Respiration.html#Respiration-intub_dir_laryngo\">intub_dir_laryngo</a></td><td>Intubation ved direkte laryngoskopi</td><td>Intubation ved direkte laryngoskopi</td></tr><tr><td><a href=\"CodeSystem-Respiration.html#Respiration-intub_video_laryngo\">intub_video_laryngo</a></td><td>Intubation med videolaryngoskopi</td><td>Intubation med videolaryngoskopi</td></tr><tr><td><a href=\"CodeSystem-Respiration.html#Respiration-intub_flex_skop\">intub_flex_skop</a></td><td>Intubation med fleksibelt skop</td><td>Intubation med fleksibelt skopi</td></tr><tr><td><a href=\"CodeSystem-Respiration.html#Respiration-intub_diff\">intub_diff</a></td><td>Intubation ved anden metode</td><td>Intubation ved anden metode</td></tr><tr><td><a href=\"CodeSystem-Respiration.html#Respiration-tracheostomi_loc\">tracheostomi_loc</a></td><td>Tracheostomi i lokalanæstesi</td><td>Tracheostomi i lokalanæstesi</td></tr><tr><td><a href=\"CodeSystem-Respiration.html#Respiration-is_intub_trach\">is_intub_trach</a></td><td>Er intuberet/tracheostomeret</td><td>Er intuberet/tracheostomeret</td></tr></table></li></ul></div>"},"url":"https://kip.sundk.dk/fhir/ValueSet/Luftvejsplan","version":"0.0.9","name":"Luftvejsplan","title":"Luftvejsplan","status":"active","experimental":true,"date":"2022-06-01T00:00:00+02:00","publisher":"Sundhedsvæsnets Kvalistetsinstitut with Trifork Public A/S","contact":[{"name":"Sundhedsvæsnets Kvalistetsinstitut with Trifork Public A/S","telecom":[{"system":"url","value":"https://trifork.com"},{"system":"email","value":"rbk@trifork.com"}]}],"description":"Mulige planlagte indgreb til luftvejsunderstøttelse","compose":{"include":[{"system":"https://kip.sundk.dk/fhir/CodeSystem/Respiration","concept":[{"code":"spontane_resp","display":"Spontan respiration"},{"code":"mask_vent","display":"Maskeventilation"},{"code":"larynx_all","display":"Larynxmaske (alle typer)"},{"code":"intub_dir_laryngo","display":"Intubation ved direkte laryngoskopi"},{"code":"intub_video_laryngo","display":"Intubation med videolaryngoskopi"},{"code":"intub_flex_skop","display":"Intubation med fleksibelt skop"},{"code":"intub_diff","display":"Intubation ved anden metode"},{"code":"tracheostomi_loc","display":"Tracheostomi i lokalanæstesi"},{"code":"is_intub_trach","display":"Er intuberet/tracheostomeret"}]}]}}