{"resourceType":"ValueSet","id":"NerveBlockTypeOther","text":{"status":"extensions","div":"<div xmlns=\"http://www.w3.org/1999/xhtml\"><p class=\"res-header-id\"><b>Generated Narrative: ValueSet NerveBlockTypeOther</b></p><a name=\"NerveBlockTypeOther\"> </a><a name=\"hcNerveBlockTypeOther\"> </a><a name=\"NerveBlockTypeOther-en-US\"> </a><ul><li>Include these codes as defined in <a href=\"CodeSystem-BlockTypes.html\"><code>https://kip.sundk.dk/fhir/CodeSystem/BlockTypes</code></a><table class=\"none\"><tr><td style=\"white-space:nowrap\"><b>Code</b></td><td><b>Display</b></td><td><b>Definition</b></td></tr><tr><td><a href=\"CodeSystem-BlockTypes.html#BlockTypes-thorakal_Paravertebral\">thorakal_Paravertebral</a></td><td>Thorakal Paravertebral blokade</td><td>Thorakal Paravertebral blokade</td></tr><tr><td><a href=\"CodeSystem-BlockTypes.html#BlockTypes-intercostal\">intercostal</a></td><td>Intercostal blokade</td><td>Intercostal blokade</td></tr><tr><td><a href=\"CodeSystem-BlockTypes.html#BlockTypes-quadratus_lumborum\">quadratus_lumborum</a></td><td>Quadratus lumborum blokade</td><td>Quadratus lumborum blokade</td></tr><tr><td><a href=\"CodeSystem-BlockTypes.html#BlockTypes-transversus_abdominis\">transversus_abdominis</a></td><td>Transversus abdominis plane (TAP) blokade</td><td>Transversus abdominis plane (TAP) blokade</td></tr><tr><td><a href=\"CodeSystem-BlockTypes.html#BlockTypes-ilioinguinalis_iliohypogastricus\">ilioinguinalis_iliohypogastricus</a></td><td>Ilioinguinalis/iliohypogastricus</td><td>Ilioinguinalis/iliohypogastricus</td></tr><tr><td><a href=\"CodeSystem-BlockTypes.html#BlockTypes-pectoralis\">pectoralis</a></td><td>N. Pectoralis</td><td>N. Pectoralis</td></tr><tr><td><a href=\"CodeSystem-BlockTypes.html#BlockTypes-other\">other</a></td><td>Anden</td><td>Anden blokadetype</td></tr></table></li></ul></div>"},"url":"https://kip.sundk.dk/fhir/ValueSet/NerveBlockTypeOther","version":"0.0.9","name":"NerveBlockTypeOther","title":"Typer af blokade øvrige","status":"active","experimental":true,"date":"2022-06-09T00:00:00+02:00","publisher":"Sundhedsvæsnets Kvalistetsinstitut with Trifork Public A/S","contact":[{"name":"Sundhedsvæsnets Kvalistetsinstitut with Trifork Public A/S","telecom":[{"system":"url","value":"https://trifork.com"},{"system":"email","value":"rbk@trifork.com"}]}],"description":"Type Perifer nerveblokade Trunkal/Abdominal/Øvrige","compose":{"include":[{"system":"https://kip.sundk.dk/fhir/CodeSystem/BlockTypes","concept":[{"code":"thorakal_Paravertebral","display":"Thorakal Paravertebral blokade"},{"code":"intercostal","display":"Intercostal blokade"},{"code":"quadratus_lumborum","display":"Quadratus lumborum blokade"},{"code":"transversus_abdominis","display":"Transversus abdominis plane (TAP) blokade"},{"code":"ilioinguinalis_iliohypogastricus","display":"Ilioinguinalis/iliohypogastricus"},{"code":"pectoralis","display":"N. Pectoralis"},{"code":"other","display":"Anden"}]}]}}