{"resourceType":"ValueSet","id":"ImplantatMaterialePolyethylenKeramikMetal","text":{"status":"extensions","div":"<div xmlns=\"http://www.w3.org/1999/xhtml\"><p class=\"res-header-id\"><b>Generated Narrative: ValueSet ImplantatMaterialePolyethylenKeramikMetal</b></p><a name=\"ImplantatMaterialePolyethylenKeramikMetal\"> </a><a name=\"hcImplantatMaterialePolyethylenKeramikMetal\"> </a><a name=\"ImplantatMaterialePolyethylenKeramikMetal-en-US\"> </a><ul><li>Include these codes as defined in <a href=\"CodeSystem-ImplantComponents.html\"><code>https://kip.sundk.dk/fhir/CodeSystem/ImplantComponents</code></a><table class=\"none\"><tr><td style=\"white-space:nowrap\"><b>Code</b></td><td><b>Display</b></td><td><b>Definition</b></td></tr><tr><td><a href=\"CodeSystem-ImplantComponents.html#ImplantComponents-polyethylene\">polyethylene</a></td><td>Polyethylen</td><td>Polyethylene / Polyethylen / SNOMED-CT: 71463006</td></tr><tr><td><a href=\"CodeSystem-ImplantComponents.html#ImplantComponents-ceramics\">ceramics</a></td><td>Keramik</td><td>Ceramics / Keramik</td></tr><tr><td><a href=\"CodeSystem-ImplantComponents.html#ImplantComponents-metal\">metal</a></td><td>Metal</td><td>Metal / SNOMED-CT: 425620007</td></tr></table></li></ul></div>"},"url":"https://kip.sundk.dk/fhir/ValueSet/ImplantatMaterialePolyethylenKeramikMetal","version":"0.0.9","name":"ImplantatMaterialePolyethylenKeramikMetal","title":"Implantat - materiale (polyethylen, keramik, metal)","status":"active","experimental":true,"date":"2022-11-02T00:00:00+02:00","publisher":"Sundhedsvæsnets Kvalistetsinstitut with Trifork Public A/S","contact":[{"name":"Sundhedsvæsnets Kvalistetsinstitut with Trifork Public A/S","telecom":[{"system":"url","value":"https://trifork.com"},{"system":"email","value":"rbk@trifork.com"}]}],"description":"Implantat - materiale (polyethylen, keramik, metal)","compose":{"include":[{"system":"https://kip.sundk.dk/fhir/CodeSystem/ImplantComponents","concept":[{"code":"polyethylene","display":"Polyethylen"},{"code":"ceramics","display":"Keramik"},{"code":"metal","display":"Metal"}]}]}}