{"resourceType":"ValueSet","id":"OperationspaaklaedningDHR","text":{"status":"extensions","div":"<div xmlns=\"http://www.w3.org/1999/xhtml\"><p class=\"res-header-id\"><b>Generated Narrative: ValueSet OperationspaaklaedningDHR</b></p><a name=\"OperationspaaklaedningDHR\"> </a><a name=\"hcOperationspaaklaedningDHR\"> </a><a name=\"OperationspaaklaedningDHR-en-US\"> </a><p>This value set includes codes based on the following rules:</p><ul><li>Include these codes as defined in <a href=\"CodeSystem-GenericValues.html\"><code>https://kip.sundk.dk/fhir/CodeSystem/GenericValues</code></a><table class=\"none\"><tr><td style=\"white-space:nowrap\"><b>Code</b></td><td><b>Display</b></td><td><b>Definition</b></td></tr><tr><td><a href=\"CodeSystem-GenericValues.html#GenericValues-none\">none</a></td><td>Ingen hjelm</td><td>None - used to choose none of the available values</td></tr></table></li><li>Include these codes as defined in <a href=\"CodeSystem-SurgicalAttire.html\"><code>https://kip.sundk.dk/fhir/CodeSystem/SurgicalAttire</code></a><table class=\"none\"><tr><td style=\"white-space:nowrap\"><b>Code</b></td><td><b>Display</b></td><td><b>Definition</b></td></tr><tr><td><a href=\"CodeSystem-SurgicalAttire.html#SurgicalAttire-without_venting\">without_venting</a></td><td>Hjelm u/udluftning</td><td>Helmet without venting</td></tr><tr><td><a href=\"CodeSystem-SurgicalAttire.html#SurgicalAttire-with_venting\">with_venting</a></td><td>Hjelm m/udluftning</td><td>Helmet with venting</td></tr></table></li></ul></div>"},"url":"https://kip.sundk.dk/fhir/ValueSet/OperationspaaklaedningDHR","version":"0.0.9","name":"OperationspaaklaedningDHR","title":"Operationspåklædning [DHR]","status":"active","experimental":true,"date":"2022-07-06T00:00:00+02:00","publisher":"Sundhedsvæsnets Kvalistetsinstitut with Trifork Public A/S","contact":[{"name":"Sundhedsvæsnets Kvalistetsinstitut with Trifork Public A/S","telecom":[{"system":"url","value":"https://trifork.com"},{"system":"email","value":"rbk@trifork.com"}]}],"description":"Operationspåklædning [DHR]","compose":{"include":[{"system":"https://kip.sundk.dk/fhir/CodeSystem/GenericValues","concept":[{"code":"none","display":"Ingen hjelm"}]},{"system":"https://kip.sundk.dk/fhir/CodeSystem/SurgicalAttire","concept":[{"code":"without_venting","display":"Hjelm u/udluftning"},{"code":"with_venting","display":"Hjelm m/udluftning"}]}]}}