{"resourceType":"ValueSet","id":"MKategoriDCCG","text":{"status":"extensions","div":"<div xmlns=\"http://www.w3.org/1999/xhtml\"><p class=\"res-header-id\"><b>Generated Narrative: ValueSet MKategoriDCCG</b></p><a name=\"MKategoriDCCG\"> </a><a name=\"hcMKategoriDCCG\"> </a><a name=\"MKategoriDCCG-en-US\"> </a><ul><li>Include these codes as defined in <a href=\"CodeSystem-SKS.html\"><code>https://kip.sundk.dk/fhir/CodeSystem/SKS</code></a><table class=\"none\"><tr><td style=\"white-space:nowrap\"><b>Code</b></td><td><b>Display</b></td><td><b>Definition</b></td></tr><tr><td><a href=\"CodeSystem-SKS.html#SKS-DC787\">DC787</a></td><td>(M1) Fjernmetastaser i leveren</td><td>Fjernmetastase i leveren</td></tr><tr><td><a href=\"CodeSystem-SKS.html#SKS-DC780\">DC780</a></td><td>(M1) Fjernmetastaser i lungen</td><td>Fjernmetastase i lunge</td></tr><tr><td><a href=\"CodeSystem-SKS.html#SKS-AZCD41C\">AZCD41C</a></td><td>(M1c) Peritoneale fjernmetastaser</td><td>AZCD41C - cM1c: Fjernmetastase</td></tr><tr><td><a href=\"CodeSystem-SKS.html#SKS-AZCD41\">AZCD41</a></td><td>(M1) Metastaser et andet sted</td><td>AZCD41 - cM1: Fjernmetastase</td></tr></table></li></ul></div>"},"url":"https://kip.sundk.dk/fhir/ValueSet/MKategoriDCCG","version":"0.0.9","name":"MKategoriDCCG","title":"Klinisk M-kategori DCCG","status":"active","experimental":true,"date":"2022-09-07T00:00:00+02:00","publisher":"Sundhedsvæsnets Kvalistetsinstitut with Trifork Public A/S","contact":[{"name":"Sundhedsvæsnets Kvalistetsinstitut with Trifork Public A/S","telecom":[{"system":"url","value":"https://trifork.com"},{"system":"email","value":"rbk@trifork.com"}]}],"description":"Klinisk M-kategori DCCG","compose":{"include":[{"system":"https://kip.sundk.dk/fhir/CodeSystem/SKS","concept":[{"code":"DC787","display":"(M1) Fjernmetastaser i leveren"},{"code":"DC780","display":"(M1) Fjernmetastaser i lungen"},{"code":"AZCD41C","display":"(M1c) Peritoneale fjernmetastaser"},{"code":"AZCD41","display":"(M1) Metastaser et andet sted"}]}]}}