{"resourceType":"ValueSet","id":"DomAnbringelseRETSPSYK","text":{"status":"extensions","div":"<div xmlns=\"http://www.w3.org/1999/xhtml\"><p class=\"res-header-id\"><b>Generated Narrative: ValueSet DomAnbringelseRETSPSYK</b></p><a name=\"DomAnbringelseRETSPSYK\"> </a><a name=\"hcDomAnbringelseRETSPSYK\"> </a><a name=\"DomAnbringelseRETSPSYK-en-US\"> </a><ul><li>Include these codes as defined in <a href=\"CodeSystem-Verdict.html\"><code>https://kip.sundk.dk/fhir/CodeSystem/Verdict</code></a><table class=\"none\"><tr><td style=\"white-space:nowrap\"><b>Code</b></td><td><b>Display</b></td><td><b>Definition</b></td></tr><tr><td><a href=\"CodeSystem-Verdict.html#Verdict-placement_secure_ward\">placement_secure_ward</a></td><td>Dom til anbringelse på sikringsafdelingen</td><td>Dom til anbringelse på sikringsafdelingen</td></tr><tr><td><a href=\"CodeSystem-Verdict.html#Verdict-placement_psychiatric_ward_etc\">placement_psychiatric_ward_etc</a></td><td>Dom til anbringelse på psykiatrisk afdeling etc.</td><td>Dom til anbringelse på psykiatrisk afdeling etc.</td></tr></table></li></ul></div>"},"url":"https://kip.sundk.dk/fhir/ValueSet/DomAnbringelseRETSPSYK","version":"0.0.9","name":"DomAnbringelseRETSPSYK","title":"Dom - Anbringelse (RETSPSYK)","status":"active","experimental":true,"date":"2022-09-28T00:00:00+02:00","publisher":"Sundhedsvæsnets Kvalistetsinstitut with Trifork Public A/S","contact":[{"name":"Sundhedsvæsnets Kvalistetsinstitut with Trifork Public A/S","telecom":[{"system":"url","value":"https://trifork.com"},{"system":"email","value":"rbk@trifork.com"}]}],"description":"Dom - Anbringelse (RETSPSYK)","compose":{"include":[{"system":"https://kip.sundk.dk/fhir/CodeSystem/Verdict","concept":[{"code":"placement_secure_ward","display":"Dom til anbringelse på sikringsafdelingen"},{"code":"placement_psychiatric_ward_etc","display":"Dom til anbringelse på psykiatrisk afdeling etc."}]}]}}