{"resourceType":"ValueSet","id":"IndgrebComponentsSeparationDHDB","text":{"status":"extensions","div":"<div xmlns=\"http://www.w3.org/1999/xhtml\"><p class=\"res-header-id\"><b>Generated Narrative: ValueSet IndgrebComponentsSeparationDHDB</b></p><a name=\"IndgrebComponentsSeparationDHDB\"> </a><a name=\"hcIndgrebComponentsSeparationDHDB\"> </a><a name=\"IndgrebComponentsSeparationDHDB-en-US\"> </a><ul><li>Include these codes as defined in <a href=\"CodeSystem-ProcedureType.html\"><code>https://kip.sundk.dk/fhir/CodeSystem/ProcedureType</code></a><table class=\"none\"><tr><td style=\"white-space:nowrap\"><b>Code</b></td><td><b>Display</b></td><td><b>Definition</b></td></tr><tr><td><a href=\"CodeSystem-ProcedureType.html#ProcedureType-open\">open</a></td><td>Åben</td><td>Open / Åbent</td></tr><tr><td><a href=\"CodeSystem-ProcedureType.html#ProcedureType-endoscopic\">endoscopic</a></td><td>Endoskopisk</td><td>Endoscopic / Endoskopisk</td></tr></table></li></ul></div>"},"url":"https://kip.sundk.dk/fhir/ValueSet/IndgrebComponentsSeparationDHDB","version":"0.0.9","name":"IndgrebComponentsSeparationDHDB","title":"Indgreb - Components Separation (DHDB)","status":"active","experimental":true,"date":"2022-07-20T00:00:00+02:00","publisher":"Sundhedsvæsnets Kvalistetsinstitut with Trifork Public A/S","contact":[{"name":"Sundhedsvæsnets Kvalistetsinstitut with Trifork Public A/S","telecom":[{"system":"url","value":"https://trifork.com"},{"system":"email","value":"rbk@trifork.com"}]}],"description":"Indgreb - Components Separation (DHDB)","compose":{"include":[{"system":"https://kip.sundk.dk/fhir/CodeSystem/ProcedureType","concept":[{"code":"open","display":"Åben"},{"code":"endoscopic","display":"Endoskopisk"}]}]}}