{"resourceType":"ValueSet","id":"ImplantatMaterialeDSR","text":{"status":"extensions","div":"<div xmlns=\"http://www.w3.org/1999/xhtml\"><p class=\"res-header-id\"><b>Generated Narrative: ValueSet ImplantatMaterialeDSR</b></p><a name=\"ImplantatMaterialeDSR\"> </a><a name=\"hcImplantatMaterialeDSR\"> </a><a name=\"ImplantatMaterialeDSR-en-US\"> </a><p>This value set includes codes based on the following rules:</p><ul><li>Include these codes as defined in <a href=\"CodeSystem-ImplantComponents.html\"><code>https://kip.sundk.dk/fhir/CodeSystem/ImplantComponents</code></a><table class=\"none\"><tr><td style=\"white-space:nowrap\"><b>Code</b></td><td><b>Display</b></td><td><b>Definition</b></td></tr><tr><td><a href=\"CodeSystem-ImplantComponents.html#ImplantComponents-metal\">metal</a></td><td>Metal</td><td>Metal / SNOMED-CT: 425620007</td></tr><tr><td><a href=\"CodeSystem-ImplantComponents.html#ImplantComponents-polyethylene\">polyethylene</a></td><td>Polyethylen</td><td>Polyethylene / Polyethylen / SNOMED-CT: 71463006</td></tr><tr><td><a href=\"CodeSystem-ImplantComponents.html#ImplantComponents-pyrocarbon\">pyrocarbon</a></td><td>Pyrocarbon</td><td>Pyrocarbon</td></tr></table></li><li>Include these codes as defined in <a href=\"CodeSystem-GenericValues.html\"><code>https://kip.sundk.dk/fhir/CodeSystem/GenericValues</code></a><table class=\"none\"><tr><td style=\"white-space:nowrap\"><b>Code</b></td><td><b>Display</b></td><td><b>Definition</b></td></tr><tr><td><a href=\"CodeSystem-GenericValues.html#GenericValues-other\">other</a></td><td>Andet</td><td>Other - used to choose unspecific value not in a valueset</td></tr></table></li></ul></div>"},"url":"https://kip.sundk.dk/fhir/ValueSet/ImplantatMaterialeDSR","version":"0.0.9","name":"ImplantatMaterialeDSR","title":"Implantat - materiale (DSR)","status":"active","experimental":true,"date":"2022-10-06T00:00:00+02:00","publisher":"Sundhedsvæsnets Kvalistetsinstitut with Trifork Public A/S","contact":[{"name":"Sundhedsvæsnets Kvalistetsinstitut with Trifork Public A/S","telecom":[{"system":"url","value":"https://trifork.com"},{"system":"email","value":"rbk@trifork.com"}]}],"description":"Implantat - materiale (DSR)","compose":{"include":[{"system":"https://kip.sundk.dk/fhir/CodeSystem/ImplantComponents","concept":[{"code":"metal","display":"Metal"},{"code":"polyethylene","display":"Polyethylen"},{"code":"pyrocarbon","display":"Pyrocarbon"}]},{"system":"https://kip.sundk.dk/fhir/CodeSystem/GenericValues","concept":[{"code":"other","display":"Andet"}]}]}}