{"resourceType":"ValueSet","id":"ProcedureUdfoertR4DCCG","text":{"status":"extensions","div":"<div xmlns=\"http://www.w3.org/1999/xhtml\"><p class=\"res-header-id\"><b>Generated Narrative: ValueSet ProcedureUdfoertR4DCCG</b></p><a name=\"ProcedureUdfoertR4DCCG\"> </a><a name=\"hcProcedureUdfoertR4DCCG\"> </a><a name=\"ProcedureUdfoertR4DCCG-en-US\"> </a><ul><li>Include these codes as defined in <a href=\"CodeSystem-ProcedureType.html\"><code>https://kip.sundk.dk/fhir/CodeSystem/ProcedureType</code></a><table class=\"none\"><tr><td style=\"white-space:nowrap\"><b>Code</b></td><td><b>Display</b></td><td><b>Definition</b></td></tr><tr><td><a href=\"CodeSystem-ProcedureType.html#ProcedureType-tem\">tem</a></td><td>TEM</td><td>TEM</td></tr><tr><td><a href=\"CodeSystem-ProcedureType.html#ProcedureType-tamis\">tamis</a></td><td>TAMIS</td><td>TAMIS</td></tr><tr><td><a href=\"CodeSystem-ProcedureType.html#ProcedureType-teo\">teo</a></td><td>TEO</td><td>TEO</td></tr><tr><td><a href=\"CodeSystem-ProcedureType.html#ProcedureType-other_transanal\">other_transanal</a></td><td>Anden transanal adgang/teknik</td><td>Anden transanal adgang/teknik</td></tr></table></li></ul></div>"},"url":"https://kip.sundk.dk/fhir/ValueSet/ProcedureUdfoertR4DCCG","version":"0.0.9","name":"ProcedureUdfoertR4DCCG","title":"Udført procedure R4 (DCCG)","status":"active","experimental":true,"date":"2023-03-02T00:00:00+02:00","publisher":"Sundhedsvæsnets Kvalistetsinstitut with Trifork Public A/S","contact":[{"name":"Sundhedsvæsnets Kvalistetsinstitut with Trifork Public A/S","telecom":[{"system":"url","value":"https://trifork.com"},{"system":"email","value":"rbk@trifork.com"}]}],"description":"Udført procedure R4 (DCCG)","compose":{"include":[{"system":"https://kip.sundk.dk/fhir/CodeSystem/ProcedureType","concept":[{"code":"tem","display":"TEM"},{"code":"tamis","display":"TAMIS"},{"code":"teo","display":"TEO"},{"code":"other_transanal","display":"Anden transanal adgang/teknik"}]}]}}