{"resourceType":"ValueSet","id":"EndoskopiskUdseende","text":{"status":"extensions","div":"<div xmlns=\"http://www.w3.org/1999/xhtml\"><p class=\"res-header-id\"><b>Generated Narrative: ValueSet EndoskopiskUdseende</b></p><a name=\"EndoskopiskUdseende\"> </a><a name=\"hcEndoskopiskUdseende\"> </a><a name=\"EndoskopiskUdseende-en-US\"> </a><p>This value set includes codes based on the following rules:</p><ul><li>Include these codes as defined in <a href=\"CodeSystem-EndoscopicAppearance.html\"><code>https://kip.sundk.dk/fhir/CodeSystem/EndoscopicAppearance</code></a><table class=\"none\"><tr><td style=\"white-space:nowrap\"><b>Code</b></td><td><b>Display</b></td><td><b>Definition</b></td></tr><tr><td><a href=\"CodeSystem-EndoscopicAppearance.html#EndoscopicAppearance-stalk\">stalk</a></td><td>Stilket</td><td>Stalked / Stilket</td></tr><tr><td><a href=\"CodeSystem-EndoscopicAppearance.html#EndoscopicAppearance-broad\">broad</a></td><td>Bredbaset</td><td>Broad based / Bredbaset</td></tr><tr><td><a href=\"CodeSystem-EndoscopicAppearance.html#EndoscopicAppearance-non_polypoid\">non_polypoid</a></td><td>Non-polypoid</td><td>Non-polypoid</td></tr></table></li><li>Include these codes as defined in <a href=\"CodeSystem-GenericValues.html\"><code>https://kip.sundk.dk/fhir/CodeSystem/GenericValues</code></a><table class=\"none\"><tr><td style=\"white-space:nowrap\"><b>Code</b></td><td><b>Display</b></td><td><b>Definition</b></td></tr><tr><td><a href=\"CodeSystem-GenericValues.html#GenericValues-other\">other</a></td><td>Anden morfologi</td><td>Other - used to choose unspecific value not in a valueset</td></tr></table></li></ul></div>"},"url":"https://kip.sundk.dk/fhir/ValueSet/EndoskopiskUdseende","version":"0.0.9","name":"EndoskopiskUdseende","title":"Polyppens endoskopiske udseende","status":"active","experimental":true,"date":"2022-09-07T00:00:00+02:00","publisher":"Sundhedsvæsnets Kvalistetsinstitut with Trifork Public A/S","contact":[{"name":"Sundhedsvæsnets Kvalistetsinstitut with Trifork Public A/S","telecom":[{"system":"url","value":"https://trifork.com"},{"system":"email","value":"rbk@trifork.com"}]}],"description":"Polyppens endoskopiske udseende","compose":{"include":[{"system":"https://kip.sundk.dk/fhir/CodeSystem/EndoscopicAppearance","concept":[{"code":"stalk","display":"Stilket"},{"code":"broad","display":"Bredbaset"},{"code":"non_polypoid","display":"Non-polypoid"}]},{"system":"https://kip.sundk.dk/fhir/CodeSystem/GenericValues","concept":[{"code":"other","display":"Anden morfologi"}]}]}}