{"resourceType":"ValueSet","id":"BilateralUnilateral","text":{"status":"extensions","div":"<div xmlns=\"http://www.w3.org/1999/xhtml\"><p class=\"res-header-id\"><b>Generated Narrative: ValueSet BilateralUnilateral</b></p><a name=\"BilateralUnilateral\"> </a><a name=\"hcBilateralUnilateral\"> </a><a name=\"BilateralUnilateral-en-US\"> </a><ul><li>Include these codes as defined in <a href=\"CodeSystem-GenericValues.html\"><code>https://kip.sundk.dk/fhir/CodeSystem/GenericValues</code></a><table class=\"none\"><tr><td style=\"white-space:nowrap\"><b>Code</b></td><td><b>Display</b></td><td><b>Definition</b></td></tr><tr><td><a href=\"CodeSystem-GenericValues.html#GenericValues-bilateral\">bilateral</a></td><td>Bilateral</td><td>Bilateral</td></tr><tr><td><a href=\"CodeSystem-GenericValues.html#GenericValues-unilateral\">unilateral</a></td><td>Unilateral</td><td>Unilateral</td></tr></table></li></ul></div>"},"url":"https://kip.sundk.dk/fhir/ValueSet/BilateralUnilateral","version":"0.0.9","name":"BilateralUnilateral","title":"Bilateral / Unilateral","status":"active","experimental":true,"date":"2022-07-20T00:00:00+02:00","publisher":"Sundhedsvæsnets Kvalistetsinstitut with Trifork Public A/S","contact":[{"name":"Sundhedsvæsnets Kvalistetsinstitut with Trifork Public A/S","telecom":[{"system":"url","value":"https://trifork.com"},{"system":"email","value":"rbk@trifork.com"}]}],"description":"Bilateral / Unilateral","compose":{"include":[{"system":"https://kip.sundk.dk/fhir/CodeSystem/GenericValues","concept":[{"code":"bilateral","display":"Bilateral"},{"code":"unilateral","display":"Unilateral"}]}]}}