{"resourceType":"ValueSet","id":"PeroperativMetastasebehandling","text":{"status":"extensions","div":"<div xmlns=\"http://www.w3.org/1999/xhtml\"><p class=\"res-header-id\"><b>Generated Narrative: ValueSet PeroperativMetastasebehandling</b></p><a name=\"PeroperativMetastasebehandling\"> </a><a name=\"hcPeroperativMetastasebehandling\"> </a><a name=\"PeroperativMetastasebehandling-en-US\"> </a><p>This value set includes codes based on the following rules:</p><ul><li>Include these codes as defined in <a href=\"CodeSystem-ProcedureType.html\"><code>https://kip.sundk.dk/fhir/CodeSystem/ProcedureType</code></a><table class=\"none\"><tr><td style=\"white-space:nowrap\"><b>Code</b></td><td><b>Display</b></td><td><b>Definition</b></td></tr><tr><td><a href=\"CodeSystem-ProcedureType.html#ProcedureType-extensive_excision\">extensive_excision</a></td><td>Ekstensiv excision af peritoneum og HIPEC</td><td>Extensive excision / Ekstensiv excision af peritoneum og  HIPEC</td></tr><tr><td><a href=\"CodeSystem-ProcedureType.html#ProcedureType-rfa\">rfa</a></td><td>RFA af hepar</td><td>RFA / RFA af hepar</td></tr><tr><td><a href=\"CodeSystem-ProcedureType.html#ProcedureType-metasis_resection\">metasis_resection</a></td><td>Levermetastaseresektion</td><td>Metastasis resection / Metastaseresektion</td></tr></table></li><li>Include these codes as defined in <a href=\"CodeSystem-GenericValues.html\"><code>https://kip.sundk.dk/fhir/CodeSystem/GenericValues</code></a><table class=\"none\"><tr><td style=\"white-space:nowrap\"><b>Code</b></td><td><b>Display</b></td><td><b>Definition</b></td></tr><tr><td><a href=\"CodeSystem-GenericValues.html#GenericValues-other\">other</a></td><td>Anden</td><td>Other - used to choose unspecific value not in a valueset</td></tr></table></li></ul></div>"},"url":"https://kip.sundk.dk/fhir/ValueSet/PeroperativMetastasebehandling","version":"0.0.9","name":"PeroperativMetastasebehandling","title":"Peroperativ metastasebehandling","status":"active","experimental":true,"date":"2022-10-13T00:00:00+02:00","publisher":"Sundhedsvæsnets Kvalistetsinstitut with Trifork Public A/S","contact":[{"name":"Sundhedsvæsnets Kvalistetsinstitut with Trifork Public A/S","telecom":[{"system":"url","value":"https://trifork.com"},{"system":"email","value":"rbk@trifork.com"}]}],"description":"Peroperativ metastasebehandling","compose":{"include":[{"system":"https://kip.sundk.dk/fhir/CodeSystem/ProcedureType","concept":[{"code":"extensive_excision","display":"Ekstensiv excision af peritoneum og HIPEC"},{"code":"rfa","display":"RFA af hepar"},{"code":"metasis_resection","display":"Levermetastaseresektion"}]},{"system":"https://kip.sundk.dk/fhir/CodeSystem/GenericValues","concept":[{"code":"other","display":"Anden"}]}]}}