{"resourceType":"ValueSet","id":"PerforationDUGA","text":{"status":"extensions","div":"<div xmlns=\"http://www.w3.org/1999/xhtml\"><p class=\"res-header-id\"><b>Generated Narrative: ValueSet PerforationDUGA</b></p><a name=\"PerforationDUGA\"> </a><a name=\"hcPerforationDUGA\"> </a><a name=\"PerforationDUGA-en-US\"> </a><ul><li>Include these codes as defined in <a href=\"CodeSystem-ProcedureUrogyn.html\"><code>https://kip.sundk.dk/fhir/CodeSystem/ProcedureUrogyn</code></a><table class=\"none\"><tr><td style=\"white-space:nowrap\"><b>Code</b></td><td><b>Display</b></td><td><b>Definition</b></td></tr><tr><td><a href=\"CodeSystem-ProcedureUrogyn.html#ProcedureUrogyn-DT812UC\">DT812UC</a></td><td>DT812UC: Utilsigtet peroperativ punktur eller læsion af urinleder</td><td>Utilsigtet peroperativ punktur eller læsion af urinleder</td></tr><tr><td><a href=\"CodeSystem-ProcedureUrogyn.html#ProcedureUrogyn-DT812UD\">DT812UD</a></td><td>DT812UD: Utilsigtet peroperativ punktur eller læsion af urinblære</td><td>Utilsigtet peroperativ punktur eller læsion af urinblære</td></tr><tr><td><a href=\"CodeSystem-ProcedureUrogyn.html#ProcedureUrogyn-DT812UE\">DT812UE</a></td><td>DT812UE: Utilsigtet peroperativ punktur eller læsion af urinrør</td><td>Utilsigtet peroperativ punktur eller læsion af urinrør</td></tr></table></li></ul></div>"},"url":"https://kip.sundk.dk/fhir/ValueSet/PerforationDUGA","version":"0.0.9","name":"PerforationDUGA","title":"Perforation (DUGA)","status":"active","experimental":true,"date":"2024-02-14T00:00:00+02:00","publisher":"Sundhedsvæsnets Kvalistetsinstitut with Trifork Public A/S","contact":[{"name":"Sundhedsvæsnets Kvalistetsinstitut with Trifork Public A/S","telecom":[{"system":"url","value":"https://trifork.com"},{"system":"email","value":"rbk@trifork.com"}]}],"description":"Procedurekode - Perforation (DUGA)","compose":{"include":[{"system":"https://kip.sundk.dk/fhir/CodeSystem/ProcedureUrogyn","concept":[{"code":"DT812UC","display":"DT812UC: Utilsigtet peroperativ punktur eller læsion af urinleder"},{"code":"DT812UD","display":"DT812UD: Utilsigtet peroperativ punktur eller læsion af urinblære"},{"code":"DT812UE","display":"DT812UE: Utilsigtet peroperativ punktur eller læsion af urinrør"}]}]}}