{"resourceType":"ValueSet","id":"IndgrebAabenIngvinalhernieDHDB","text":{"status":"extensions","div":"<div xmlns=\"http://www.w3.org/1999/xhtml\"><p class=\"res-header-id\"><b>Generated Narrative: ValueSet IndgrebAabenIngvinalhernieDHDB</b></p><a name=\"IndgrebAabenIngvinalhernieDHDB\"> </a><a name=\"hcIndgrebAabenIngvinalhernieDHDB\"> </a><a name=\"IndgrebAabenIngvinalhernieDHDB-en-US\"> </a><p>This value set includes codes based on the following rules:</p><ul><li>Include these codes as defined in <a href=\"CodeSystem-ProcedureType.html\"><code>https://kip.sundk.dk/fhir/CodeSystem/ProcedureType</code></a><table class=\"none\"><tr><td style=\"white-space:nowrap\"><b>Code</b></td><td><b>Display</b></td><td><b>Definition</b></td></tr><tr><td><a href=\"CodeSystem-ProcedureType.html#ProcedureType-anuloraphi\">anuloraphi</a></td><td>Anuloraphi (alene)</td><td>Anuloraphi</td></tr><tr><td><a href=\"CodeSystem-ProcedureType.html#ProcedureType-mcvay\">mcvay</a></td><td>McVay</td><td>McVay</td></tr><tr><td><a href=\"CodeSystem-ProcedureType.html#ProcedureType-bassini\">bassini</a></td><td>Bassini</td><td>Bassini</td></tr><tr><td><a href=\"CodeSystem-ProcedureType.html#ProcedureType-shouldice\">shouldice</a></td><td>Shouldice</td><td>Shouldice</td></tr></table></li><li>Include these codes as defined in <a href=\"CodeSystem-GenericValues.html\"><code>https://kip.sundk.dk/fhir/CodeSystem/GenericValues</code></a><table class=\"none\"><tr><td style=\"white-space:nowrap\"><b>Code</b></td><td><b>Display</b></td><td><b>Definition</b></td></tr><tr><td><a href=\"CodeSystem-GenericValues.html#GenericValues-other\">other</a></td><td>Øvrige åben uden mesh</td><td>Other - used to choose unspecific value not in a valueset</td></tr></table></li></ul></div>"},"url":"https://kip.sundk.dk/fhir/ValueSet/IndgrebAabenIngvinalhernieDHDB","version":"0.0.9","name":"IndgrebAabenIngvinalhernieDHDB","title":"Indgreb, åben uden mesh - ingvinalhernie (DHDB)","status":"active","experimental":true,"date":"2022-07-20T00:00:00+02:00","publisher":"Sundhedsvæsnets Kvalistetsinstitut with Trifork Public A/S","contact":[{"name":"Sundhedsvæsnets Kvalistetsinstitut with Trifork Public A/S","telecom":[{"system":"url","value":"https://trifork.com"},{"system":"email","value":"rbk@trifork.com"}]}],"description":"Indgreb, åben uden mesh - ingvinalhernie (DHDB)","compose":{"include":[{"system":"https://kip.sundk.dk/fhir/CodeSystem/ProcedureType","concept":[{"code":"anuloraphi","display":"Anuloraphi (alene)"},{"code":"mcvay","display":"McVay"},{"code":"bassini","display":"Bassini"},{"code":"shouldice","display":"Shouldice"}]},{"system":"https://kip.sundk.dk/fhir/CodeSystem/GenericValues","concept":[{"code":"other","display":"Øvrige åben uden mesh"}]}]}}