{"resourceType":"ValueSet","id":"StraalebehandlingMaal","text":{"status":"extensions","div":"<div xmlns=\"http://www.w3.org/1999/xhtml\"><p class=\"res-header-id\"><b>Generated Narrative: ValueSet StraalebehandlingMaal</b></p><a name=\"StraalebehandlingMaal\"> </a><a name=\"hcStraalebehandlingMaal\"> </a><a name=\"StraalebehandlingMaal-en-US\"> </a><ul><li>Include these codes as defined in <a href=\"CodeSystem-RadiationTherapyTarget.html\"><code>https://kip.sundk.dk/fhir/CodeSystem/RadiationTherapyTarget</code></a><table class=\"none\"><tr><td style=\"white-space:nowrap\"><b>Code</b></td><td><b>Display</b></td><td><b>Definition</b></td></tr><tr><td><a href=\"CodeSystem-RadiationTherapyTarget.html#RadiationTherapyTarget-primarytumor\">primarytumor</a></td><td>Primær tumor</td><td>Primary tumor</td></tr><tr><td><a href=\"CodeSystem-RadiationTherapyTarget.html#RadiationTherapyTarget-bonemetastases\">bonemetastases</a></td><td>Knoglemetastase</td><td>Bone metastases</td></tr><tr><td><a href=\"CodeSystem-RadiationTherapyTarget.html#RadiationTherapyTarget-cns\">cns</a></td><td>CNS</td><td>Central nervous system (CNS)</td></tr><tr><td><a href=\"CodeSystem-RadiationTherapyTarget.html#RadiationTherapyTarget-other\">other</a></td><td>Anden/Ikke specificeret</td><td>Other target/non-specified target</td></tr></table></li></ul></div>"},"url":"https://kip.sundk.dk/fhir/ValueSet/StraalebehandlingMaal","version":"0.0.9","name":"StraalebehandlingMaal","title":"Strålebehandlingens mål","status":"active","experimental":true,"date":"2022-05-16T00:00:00+02:00","publisher":"Sundhedsvæsnets Kvalistetsinstitut with Trifork Public A/S","contact":[{"name":"Sundhedsvæsnets Kvalistetsinstitut with Trifork Public A/S","telecom":[{"system":"url","value":"https://trifork.com"},{"system":"email","value":"rbk@trifork.com"}]}],"description":"Alle mål for strålebehandling","compose":{"include":[{"system":"https://kip.sundk.dk/fhir/CodeSystem/RadiationTherapyTarget","concept":[{"code":"primarytumor","display":"Primær tumor"},{"code":"bonemetastases","display":"Knoglemetastase"},{"code":"cns","display":"CNS"},{"code":"other","display":"Anden/Ikke specificeret"}]}]}}