{"resourceType":"ValueSet","id":"HarrisHipScoreGangafvikling","text":{"status":"extensions","div":"<div xmlns=\"http://www.w3.org/1999/xhtml\"><p class=\"res-header-id\"><b>Generated Narrative: ValueSet HarrisHipScoreGangafvikling</b></p><a name=\"HarrisHipScoreGangafvikling\"> </a><a name=\"hcHarrisHipScoreGangafvikling\"> </a><a name=\"HarrisHipScoreGangafvikling-en-US\"> </a><ul><li>Include these codes as defined in <a href=\"CodeSystem-HarrisHipScoreLimp.html\"><code>https://kip.sundk.dk/fhir/CodeSystem/HarrisHipScoreLimp</code></a><table class=\"none\"><tr><td style=\"white-space:nowrap\"><b>Code</b></td><td><b>Display</b></td><td><b>Definition</b></td></tr><tr><td><a href=\"CodeSystem-HarrisHipScoreLimp.html#HarrisHipScoreLimp-11\">11</a></td><td>Ingen halten</td><td>None (11)</td></tr><tr><td><a href=\"CodeSystem-HarrisHipScoreLimp.html#HarrisHipScoreLimp-8\">8</a></td><td>Let halten</td><td>Slight (8)</td></tr><tr><td><a href=\"CodeSystem-HarrisHipScoreLimp.html#HarrisHipScoreLimp-5\">5</a></td><td>Tydelig halten</td><td>Moderate (5)</td></tr><tr><td><a href=\"CodeSystem-HarrisHipScoreLimp.html#HarrisHipScoreLimp-0\">0</a></td><td>Udtalt halten</td><td>Severe (0)</td></tr></table></li></ul></div>"},"url":"https://kip.sundk.dk/fhir/ValueSet/HarrisHipScoreGangafvikling","version":"0.0.9","name":"HarrisHipScoreGangafvikling","title":"Harris Hip Score - Gangafvikling","status":"active","experimental":true,"date":"2022-11-15T00:00:00+02:00","publisher":"Sundhedsvæsnets Kvalistetsinstitut with Trifork Public A/S","contact":[{"name":"Sundhedsvæsnets Kvalistetsinstitut with Trifork Public A/S","telecom":[{"system":"url","value":"https://trifork.com"},{"system":"email","value":"rbk@trifork.com"}]}],"description":"Harris Hip Score - Gangafvikling","compose":{"include":[{"system":"https://kip.sundk.dk/fhir/CodeSystem/HarrisHipScoreLimp","concept":[{"code":"11","display":"Ingen halten"},{"code":"8","display":"Let halten"},{"code":"5","display":"Tydelig halten"},{"code":"0","display":"Udtalt halten"}]}]}}