{"resourceType":"ValueSet","id":"SSSHaandtryk","text":{"status":"extensions","div":"<div xmlns=\"http://www.w3.org/1999/xhtml\"><p class=\"res-header-id\"><b>Generated Narrative: ValueSet SSSHaandtryk</b></p><a name=\"SSSHaandtryk\"> </a><a name=\"hcSSSHaandtryk\"> </a><a name=\"SSSHaandtryk-en-US\"> </a><ul><li>Include these codes as defined in <a href=\"CodeSystem-SSSHandshake.html\"><code>https://kip.sundk.dk/fhir/CodeSystem/SSSHandshake</code></a><table class=\"none\"><tr><td style=\"white-space:nowrap\"><b>Code</b></td><td><b>Display</b></td><td><b>Definition</b></td></tr><tr><td><a href=\"CodeSystem-SSSHandshake.html#SSSHandshake-6\">6</a></td><td>6: normal kraft</td><td>Normal kraft for bevægelsen.</td></tr><tr><td><a href=\"CodeSystem-SSSHandshake.html#SSSHandshake-4\">4</a></td><td>4: nedsat kraft, men normal bevægelighed</td><td>Normal bevægelse, men nedsat kraft.</td></tr><tr><td><a href=\"CodeSystem-SSSHandshake.html#SSSHandshake-2\">2</a></td><td>2: nogen bevægelse, kan ikke knytte hånden</td><td>Nogen bevægelse, kan ikke knytte hånden.</td></tr><tr><td><a href=\"CodeSystem-SSSHandshake.html#SSSHandshake-0\">0</a></td><td>0: paralyse</td><td>Paralyse: Ingen bevægelse mulig.</td></tr></table></li></ul></div>"},"url":"https://kip.sundk.dk/fhir/ValueSet/SSSHaandtryk","version":"0.0.9","name":"SSSHaandtryk","title":"Scandinavian Stroke Scale - Håndtryk","status":"active","experimental":true,"date":"2022-06-23T00:00:00+02:00","publisher":"Sundhedsvæsnets Kvalistetsinstitut with Trifork Public A/S","contact":[{"name":"Sundhedsvæsnets Kvalistetsinstitut with Trifork Public A/S","telecom":[{"system":"url","value":"https://trifork.com"},{"system":"email","value":"rbk@trifork.com"}]}],"description":"Scandinavian Stroke Scale - Håndtryk","compose":{"include":[{"system":"https://kip.sundk.dk/fhir/CodeSystem/SSSHandshake","concept":[{"code":"6","display":"6: normal kraft"},{"code":"4","display":"4: nedsat kraft, men normal bevægelighed"},{"code":"2","display":"2: nogen bevægelse, kan ikke knytte hånden"},{"code":"0","display":"0: paralyse"}]}]}}