<?xml version="1.0" encoding="UTF-8"?>

<CodeSystem xmlns="http://hl7.org/fhir">
  <id value="AlchoholDrugs"/>
  <text>
    <status value="generated"/><div xmlns="http://www.w3.org/1999/xhtml"><p class="res-header-id"><b>Generated Narrative: CodeSystem AlchoholDrugs</b></p><a name="AlchoholDrugs"> </a><a name="hcAlchoholDrugs"> </a><a name="AlchoholDrugs-en-US"> </a><p>This case-insensitive code system <code>https://kip.rkkp.dk/fhir/CodeSystem/AlchoholDrugs</code> defines the following codes:</p><table class="codes"><tr><td style="white-space:nowrap"><b>Code</b></td><td><b>Display</b></td><td><b>Definition</b></td></tr><tr><td style="white-space:nowrap">alchohol<a name="AlchoholDrugs-alchohol"> </a></td><td>Alchohol</td><td>Alchohol / Alkohol</td></tr><tr><td style="white-space:nowrap">cannabis<a name="AlchoholDrugs-cannabis"> </a></td><td>Cannabis</td><td>Cannabis</td></tr><tr><td style="white-space:nowrap">central_stimulants<a name="AlchoholDrugs-central_stimulants"> </a></td><td>Central stimulants</td><td>Central stimulants / Centralstimulerende stoffer</td></tr><tr><td style="white-space:nowrap">opioids<a name="AlchoholDrugs-opioids"> </a></td><td>Opiods</td><td>Opioids / Opioider</td></tr><tr><td style="white-space:nowrap">benzodiazepines<a name="AlchoholDrugs-benzodiazepines"> </a></td><td>Benzodiazepines</td><td>Benzodiazepines / Benzodiazepiner</td></tr><tr><td style="white-space:nowrap">steroids<a name="AlchoholDrugs-steroids"> </a></td><td>Steroids</td><td>Steroids / Steroider</td></tr></table></div>
  </text>
  <url value="https://kip.rkkp.dk/fhir/CodeSystem/AlchoholDrugs"/>
  <version value="0.1.8"/>
  <name value="AlchoholDrugs"/>
  <title value="Alchohol or drugs"/>
  <status value="active"/>
  <date value="2022-09-30T00:00:00+02:00"/>
  <publisher value="Sundhedsvæsnets Kvalistetsinstitut with Trifork Digital Health A/S"/>
  <contact>
    <name value="Sundhedsvæsnets Kvalistetsinstitut with Trifork Digital Health A/S"/>
    <telecom>
      <system value="url"/>
      <value value="https://trifork.com"/>
    </telecom>
    <telecom>
      <system value="email"/>
      <value value="rbk@trifork.com"/>
    </telecom>
  </contact>
  <description value="Alchohol or drugs"/>
  <caseSensitive value="false"/>
  <content value="complete"/>
  <count value="6"/>
  <concept>
    <code value="alchohol"/>
    <display value="Alchohol"/>
    <definition value="Alchohol / Alkohol"/>
  </concept>
  <concept>
    <code value="cannabis"/>
    <display value="Cannabis"/>
    <definition value="Cannabis"/>
  </concept>
  <concept>
    <code value="central_stimulants"/>
    <display value="Central stimulants"/>
    <definition value="Central stimulants / Centralstimulerende stoffer"/>
  </concept>
  <concept>
    <code value="opioids"/>
    <display value="Opiods"/>
    <definition value="Opioids / Opioider"/>
  </concept>
  <concept>
    <code value="benzodiazepines"/>
    <display value="Benzodiazepines"/>
    <definition value="Benzodiazepines / Benzodiazepiner"/>
  </concept>
  <concept>
    <code value="steroids"/>
    <display value="Steroids"/>
    <definition value="Steroids / Steroider"/>
  </concept>
</CodeSystem>