<?xml version="1.0" encoding="UTF-8"?>

<CodeSystem xmlns="http://hl7.org/fhir">
  <id value="MComponentType"/>
  <text>
    <status value="generated"/><div xmlns="http://www.w3.org/1999/xhtml"><p class="res-header-id"><b>Generated Narrative: CodeSystem MComponentType</b></p><a name="MComponentType"> </a><a name="hcMComponentType"> </a><a name="MComponentType-en-US"> </a><p>This case-insensitive code system <code>https://kip.rkkp.dk/fhir/CodeSystem/MComponentType</code> defines the following codes in an undefined hierarchy:</p><table class="codes"><tr><td><b>Lvl</b></td><td style="white-space:nowrap"><b>Code</b></td><td><b>Display</b></td><td><b>Definition</b></td></tr><tr><td>1</td><td style="white-space:nowrap">iga<a name="MComponentType-iga"> </a></td><td>IgA</td><td>IgA</td></tr><tr><td>2</td><td style="white-space:nowrap">  iga_kappa<a name="MComponentType-iga_kappa"> </a></td><td>IgA kappa</td><td>IgA kappa</td></tr><tr><td>2</td><td style="white-space:nowrap">  iga_lambda<a name="MComponentType-iga_lambda"> </a></td><td>IgA lambda</td><td>IgA lambda</td></tr><tr><td>1</td><td style="white-space:nowrap">igg<a name="MComponentType-igg"> </a></td><td>IgG</td><td>IgG</td></tr><tr><td>2</td><td style="white-space:nowrap">  igg_kappa<a name="MComponentType-igg_kappa"> </a></td><td>IgG kappa</td><td>IgG kappa</td></tr><tr><td>2</td><td style="white-space:nowrap">  igg_lambda<a name="MComponentType-igg_lambda"> </a></td><td>IgG lambda</td><td>IgG lambda</td></tr><tr><td>1</td><td style="white-space:nowrap">igm<a name="MComponentType-igm"> </a></td><td>IgM</td><td>IgM</td></tr><tr><td>2</td><td style="white-space:nowrap">  igm_kappa<a name="MComponentType-igm_kappa"> </a></td><td>IgM kappa</td><td>IgM kappa</td></tr><tr><td>2</td><td style="white-space:nowrap">  igm_lambda<a name="MComponentType-igm_lambda"> </a></td><td>IgM lambda</td><td>IgM lambda</td></tr><tr><td>1</td><td style="white-space:nowrap">igd<a name="MComponentType-igd"> </a></td><td>IgD</td><td>IgD</td></tr><tr><td>2</td><td style="white-space:nowrap">  igd_kappa<a name="MComponentType-igd_kappa"> </a></td><td>IgD kappa</td><td>IgD kappa</td></tr><tr><td>2</td><td style="white-space:nowrap">  igd_lambda<a name="MComponentType-igd_lambda"> </a></td><td>IgD lambda</td><td>IgD lambda</td></tr><tr><td>1</td><td style="white-space:nowrap">ige<a name="MComponentType-ige"> </a></td><td>IgE</td><td>IgE</td></tr><tr><td>2</td><td style="white-space:nowrap">  ige_kappa<a name="MComponentType-ige_kappa"> </a></td><td>IgE kappa</td><td>IgE kappa</td></tr><tr><td>2</td><td style="white-space:nowrap">  ige_lambda<a name="MComponentType-ige_lambda"> </a></td><td>IgE lambda</td><td>IgE lambda</td></tr><tr><td>1</td><td style="white-space:nowrap">kappa<a name="MComponentType-kappa"> </a></td><td>Kappa (frie kæder)</td><td>Kappa (frie kæder)</td></tr><tr><td>1</td><td style="white-space:nowrap">lambda<a name="MComponentType-lambda"> </a></td><td>Lambda (frie kæder)</td><td>Lambda (frie kæder)</td></tr></table></div>
  </text>
  <url value="https://kip.rkkp.dk/fhir/CodeSystem/MComponentType"/>
  <version value="0.1.8"/>
  <name value="MComponentType"/>
  <title value="M component (Myeloma protein) type"/>
  <status value="active"/>
  <date value="2022-06-27T00:00:00+02:00"/>
  <publisher value="Sundhedsvæsnets Kvalistetsinstitut with Trifork Digital Health A/S"/>
  <contact>
    <name value="Sundhedsvæsnets Kvalistetsinstitut with Trifork Digital Health A/S"/>
    <telecom>
      <system value="url"/>
      <value value="https://trifork.com"/>
    </telecom>
    <telecom>
      <system value="email"/>
      <value value="rbk@trifork.com"/>
    </telecom>
  </contact>
  <description value="M component (Myeloma protein) type"/>
  <caseSensitive value="false"/>
  <content value="complete"/>
  <count value="17"/>
  <concept>
    <code value="iga"/>
    <display value="IgA"/>
    <definition value="IgA"/>
    <concept>
      <code value="iga_kappa"/>
      <display value="IgA kappa"/>
      <definition value="IgA kappa"/>
    </concept>
    <concept>
      <code value="iga_lambda"/>
      <display value="IgA lambda"/>
      <definition value="IgA lambda"/>
    </concept>
  </concept>
  <concept>
    <code value="igg"/>
    <display value="IgG"/>
    <definition value="IgG"/>
    <concept>
      <code value="igg_kappa"/>
      <display value="IgG kappa"/>
      <definition value="IgG kappa"/>
    </concept>
    <concept>
      <code value="igg_lambda"/>
      <display value="IgG lambda"/>
      <definition value="IgG lambda"/>
    </concept>
  </concept>
  <concept>
    <code value="igm"/>
    <display value="IgM"/>
    <definition value="IgM"/>
    <concept>
      <code value="igm_kappa"/>
      <display value="IgM kappa"/>
      <definition value="IgM kappa"/>
    </concept>
    <concept>
      <code value="igm_lambda"/>
      <display value="IgM lambda"/>
      <definition value="IgM lambda"/>
    </concept>
  </concept>
  <concept>
    <code value="igd"/>
    <display value="IgD"/>
    <definition value="IgD"/>
    <concept>
      <code value="igd_kappa"/>
      <display value="IgD kappa"/>
      <definition value="IgD kappa"/>
    </concept>
    <concept>
      <code value="igd_lambda"/>
      <display value="IgD lambda"/>
      <definition value="IgD lambda"/>
    </concept>
  </concept>
  <concept>
    <code value="ige"/>
    <display value="IgE"/>
    <definition value="IgE"/>
    <concept>
      <code value="ige_kappa"/>
      <display value="IgE kappa"/>
      <definition value="IgE kappa"/>
    </concept>
    <concept>
      <code value="ige_lambda"/>
      <display value="IgE lambda"/>
      <definition value="IgE lambda"/>
    </concept>
  </concept>
  <concept>
    <code value="kappa"/>
    <display value="Kappa (frie kæder)"/>
    <definition value="Kappa (frie kæder)"/>
  </concept>
  <concept>
    <code value="lambda"/>
    <display value="Lambda (frie kæder)"/>
    <definition value="Lambda (frie kæder)"/>
  </concept>
</CodeSystem>