<?xml version="1.0" encoding="UTF-8"?>

<CodeSystem xmlns="http://hl7.org/fhir">
  <id value="TreatmentSchedule"/>
  <text>
    <status value="generated"/><div xmlns="http://www.w3.org/1999/xhtml"><p class="res-header-id"><b>Generated Narrative: CodeSystem TreatmentSchedule</b></p><a name="TreatmentSchedule"> </a><a name="hcTreatmentSchedule"> </a><a name="TreatmentSchedule-en-US"> </a><p>This case-insensitive code system <code>https://kip.rkkp.dk/fhir/CodeSystem/TreatmentSchedule</code> defines the following codes:</p><table class="codes"><tr><td style="white-space:nowrap"><b>Code</b></td><td><b>Display</b></td><td><b>Definition</b></td></tr><tr><td style="white-space:nowrap">implemented<a name="TreatmentSchedule-implemented"> </a></td><td>Implemented or planned implementation</td><td>Implemented or planned implementation of treatment / Iværksat eller planlagt iværksættelse af behandling</td></tr><tr><td style="white-space:nowrap">wait_and_watch<a name="TreatmentSchedule-wait_and_watch"> </a></td><td>Wait and watch (WAW) strategy</td><td>Wait and watch (WAW) strategy / Wait and watch strategi</td></tr><tr><td style="white-space:nowrap">no_planned_treatment<a name="TreatmentSchedule-no_planned_treatment"> </a></td><td>No planned treatment</td><td>No planned treatment / Ingen planlagt behandling er iværksat</td></tr></table></div>
  </text>
  <url value="https://kip.rkkp.dk/fhir/CodeSystem/TreatmentSchedule"/>
  <version value="0.1.8"/>
  <name value="TreatmentSchedule"/>
  <title value="Treatment schedule"/>
  <status value="active"/>
  <date value="2022-06-03T00:00:00+02:00"/>
  <publisher value="Sundhedsvæsnets Kvalistetsinstitut with Trifork Digital Health A/S"/>
  <contact>
    <name value="Sundhedsvæsnets Kvalistetsinstitut with Trifork Digital Health A/S"/>
    <telecom>
      <system value="url"/>
      <value value="https://trifork.com"/>
    </telecom>
    <telecom>
      <system value="email"/>
      <value value="rbk@trifork.com"/>
    </telecom>
  </contact>
  <description value="Treatment schedule"/>
  <caseSensitive value="false"/>
  <content value="complete"/>
  <count value="3"/>
  <concept>
    <code value="implemented"/>
    <display value="Implemented or planned implementation"/>
    <definition value="Implemented or planned implementation of treatment / Iværksat eller planlagt iværksættelse af behandling"/>
  </concept>
  <concept>
    <code value="wait_and_watch"/>
    <display value="Wait and watch (WAW) strategy"/>
    <definition value="Wait and watch (WAW) strategy / Wait and watch strategi"/>
  </concept>
  <concept>
    <code value="no_planned_treatment"/>
    <display value="No planned treatment"/>
    <definition value="No planned treatment / Ingen planlagt behandling er iværksat"/>
  </concept>
</CodeSystem>