<?xml version="1.0" encoding="UTF-8"?>

<CodeSystem xmlns="http://hl7.org/fhir">
  <id value="MedicalTreatmentAdministrationType"/>
  <text>
    <status value="generated"/><div xmlns="http://www.w3.org/1999/xhtml"><p class="res-header-id"><b>Generated Narrative: CodeSystem MedicalTreatmentAdministrationType</b></p><a name="MedicalTreatmentAdministrationType"> </a><a name="hcMedicalTreatmentAdministrationType"> </a><a name="MedicalTreatmentAdministrationType-en-US"> </a><p>This case-insensitive code system <code>https://kip.rkkp.dk/fhir/CodeSystem/MedicalTreatmentAdministrationType</code> defines the following codes:</p><table class="codes"><tr><td style="white-space:nowrap"><b>Code</b></td><td><b>Display</b></td><td><b>Definition</b></td></tr><tr><td style="white-space:nowrap">oral<a name="MedicalTreatmentAdministrationType-oral"> </a></td><td>Oral</td><td>Oral / SNOMED-CT: 260548002</td></tr><tr><td style="white-space:nowrap">intravenous<a name="MedicalTreatmentAdministrationType-intravenous"> </a></td><td>Intravenous</td><td>Intravenous / Intravenøs / SNOMED-CT: 255560000</td></tr><tr><td style="white-space:nowrap">peroral<a name="MedicalTreatmentAdministrationType-peroral"> </a></td><td>Peroral</td><td>Medication administration: oral / peroral medicingivning / SNOMED-CT: 386359008</td></tr><tr><td style="white-space:nowrap">rectum<a name="MedicalTreatmentAdministrationType-rectum"> </a></td><td>Rectum</td><td>Medication administration: rectal / Medicingivning i rectum / SNOMED-CT: 386360003</td></tr></table></div>
  </text>
  <url value="https://kip.rkkp.dk/fhir/CodeSystem/MedicalTreatmentAdministrationType"/>
  <version value="0.1.8"/>
  <name value="MedicalTreatmentAdministrationType"/>
  <title value="Medical treatment: Medication administration"/>
  <status value="active"/>
  <date value="2022-08-17T00:00:00+02:00"/>
  <publisher value="Sundhedsvæsnets Kvalistetsinstitut with Trifork Digital Health A/S"/>
  <contact>
    <name value="Sundhedsvæsnets Kvalistetsinstitut with Trifork Digital Health A/S"/>
    <telecom>
      <system value="url"/>
      <value value="https://trifork.com"/>
    </telecom>
    <telecom>
      <system value="email"/>
      <value value="rbk@trifork.com"/>
    </telecom>
  </contact>
  <description value="Medical treatment: Medication administration"/>
  <caseSensitive value="false"/>
  <content value="complete"/>
  <count value="4"/>
  <concept>
    <code value="oral"/>
    <display value="Oral"/>
    <definition value="Oral / SNOMED-CT: 260548002"/>
  </concept>
  <concept>
    <code value="intravenous"/>
    <display value="Intravenous"/>
    <definition value="Intravenous / Intravenøs / SNOMED-CT: 255560000"/>
  </concept>
  <concept>
    <code value="peroral"/>
    <display value="Peroral"/>
    <definition value="Medication administration: oral / peroral medicingivning / SNOMED-CT: 386359008"/>
  </concept>
  <concept>
    <code value="rectum"/>
    <display value="Rectum"/>
    <definition value="Medication administration: rectal / Medicingivning i rectum / SNOMED-CT: 386360003"/>
  </concept>
</CodeSystem>