<?xml version="1.0" encoding="UTF-8"?>

<CodeSystem xmlns="http://hl7.org/fhir">
  <id value="KneeJointArthroplastyComponent"/>
  <text>
    <status value="generated"/><div xmlns="http://www.w3.org/1999/xhtml"><p class="res-header-id"><b>Generated Narrative: CodeSystem KneeJointArthroplastyComponent</b></p><a name="KneeJointArthroplastyComponent"> </a><a name="hcKneeJointArthroplastyComponent"> </a><a name="KneeJointArthroplastyComponent-en-US"> </a><p>This case-insensitive code system <code>https://kip.rkkp.dk/fhir/CodeSystem/KneeJointArthroplastyComponent</code> defines the following codes:</p><table class="codes"><tr><td style="white-space:nowrap"><b>Code</b></td><td><b>Display</b></td><td><b>Definition</b></td></tr><tr><td style="white-space:nowrap">arthrosurface_hemicap<a name="KneeJointArthroplastyComponent-arthrosurface_hemicap"> </a></td><td>Arthrosurface: HemiCAP</td><td>Arthrosurface: HemiCAP (Femur)</td></tr><tr><td style="white-space:nowrap">arthrosurface_hemicap_pf<a name="KneeJointArthroplastyComponent-arthrosurface_hemicap_pf"> </a></td><td>Arthrosurface: Hemicap PF</td><td>Arthrosurface: Hemicap PF (Femur)</td></tr><tr><td style="white-space:nowrap">arthrosurface_unicap<a name="KneeJointArthroplastyComponent-arthrosurface_unicap"> </a></td><td>Arthrosurface: Unicap</td><td>Arthrosurface: Unicap (Femur + Tibia)</td></tr><tr><td style="white-space:nowrap">biomet_agc_hp_posterior_stabilizer<a name="KneeJointArthroplastyComponent-biomet_agc_hp_posterior_stabilizer"> </a></td><td>Biomet: AGC HP Posterior Stabilizer</td><td>Biomet: AGC HP Posterior Stabilizer (Femur)</td></tr><tr><td style="white-space:nowrap">biomet_agc_v2<a name="KneeJointArthroplastyComponent-biomet_agc_v2"> </a></td><td>Zimmer Biomet: AGC V2</td><td>Zimmer Biomet: AGC V2 (Tibia)</td></tr><tr><td style="white-space:nowrap">biomet_agc_v2_universal<a name="KneeJointArthroplastyComponent-biomet_agc_v2_universal"> </a></td><td>Zimmer Biomet: AGC V2 Universal</td><td>Zimmer Biomet: AGC V2 Universal (Femur)</td></tr><tr><td style="white-space:nowrap">biomet_maxim<a name="KneeJointArthroplastyComponent-biomet_maxim"> </a></td><td>Biomet: Maxim</td><td>Biomet: Maxim (Tibia)</td></tr><tr><td style="white-space:nowrap">biomet_maxim_constrained<a name="KneeJointArthroplastyComponent-biomet_maxim_constrained"> </a></td><td>Biomet: Maxim Constrained</td><td>Biomet: Maxim Constrained (Femur)</td></tr><tr><td style="white-space:nowrap">biomet_maxim_posterior_stabilized<a name="KneeJointArthroplastyComponent-biomet_maxim_posterior_stabilized"> </a></td><td>Biomet: Maxim Posterior Stabilized</td><td>Biomet: Maxim Posterior Stabilized (Femur)</td></tr><tr><td style="white-space:nowrap">biomet_oxford_domed_lateral_pkr<a name="KneeJointArthroplastyComponent-biomet_oxford_domed_lateral_pkr"> </a></td><td>Zimmer Biomet: Oxford domed lateral PKR</td><td>Zimmer Biomet: Oxford domed lateral PKR (Tibia)</td></tr><tr><td style="white-space:nowrap">biomet_oxford_phase_iii_alpha<a name="KneeJointArthroplastyComponent-biomet_oxford_phase_iii_alpha"> </a></td><td>Zimmer Biomet: Oxford Phase III alpha</td><td>Zimmer Biomet: Oxford Phase III alpha (Femur)</td></tr><tr><td style="white-space:nowrap">biomet_rhk_rotating_hinge_knee<a name="KneeJointArthroplastyComponent-biomet_rhk_rotating_hinge_knee"> </a></td><td>Zimmer Biomet: RHK Rotating Hinge Knee</td><td>Zimmer Biomet: RHK Rotating Hinge Knee (Femur + Tibia)</td></tr><tr><td style="white-space:nowrap">biomet_tibia_offset_tray<a name="KneeJointArthroplastyComponent-biomet_tibia_offset_tray"> </a></td><td>Biomet: Tibia Offset Tray</td><td>Biomet: Tibia Offset Tray (Tibia)</td></tr><tr><td style="white-space:nowrap">biomet_vanguard_cr<a name="KneeJointArthroplastyComponent-biomet_vanguard_cr"> </a></td><td>Zimmer Biomet: Vanguard CR</td><td>Zimmer Biomet: Vanguard CR (Femur + Tibia)</td></tr><tr><td style="white-space:nowrap">biomet_vanguard_m_unicompartmental<a name="KneeJointArthroplastyComponent-biomet_vanguard_m_unicompartmental"> </a></td><td>Biomet: Vanguard M Unicompartmental</td><td>Biomet: Vanguard M Unicompartmental (Femur)</td></tr><tr><td style="white-space:nowrap">biomet_vanguard_pfr<a name="KneeJointArthroplastyComponent-biomet_vanguard_pfr"> </a></td><td>Biomet: Vanguard PFR</td><td>Biomet: Vanguard PFR (Femur)</td></tr><tr><td style="white-space:nowrap">biomet_vanguard_ps<a name="KneeJointArthroplastyComponent-biomet_vanguard_ps"> </a></td><td>Biomet: Vanguard PS</td><td>Biomet: Vanguard PS (Femur + Tibia)</td></tr><tr><td style="white-space:nowrap">biomet_vanguard_rocc_interlok_femur<a name="KneeJointArthroplastyComponent-biomet_vanguard_rocc_interlok_femur"> </a></td><td>Biomet: Vanguard ROCC - Interlok Femur</td><td>Biomet: Vanguard ROCC - Interlok Femur (Femur)</td></tr><tr><td style="white-space:nowrap">biomet_vanguard_rocc_interlok_tibia<a name="KneeJointArthroplastyComponent-biomet_vanguard_rocc_interlok_tibia"> </a></td><td>Zimmer Biomet: Vanguard ROCC - Interlok Tibia</td><td>Zimmer Biomet: Vanguard ROCC - Interlok Tibia (Tibia)</td></tr><tr><td style="white-space:nowrap">biomet_vanguard_rocc_interlok_tibia_pps_ha<a name="KneeJointArthroplastyComponent-biomet_vanguard_rocc_interlok_tibia_pps_ha"> </a></td><td>Biomet: Vanguard ROCC - Tibia PPS + HA</td><td>Biomet: Vanguard ROCC - Tibia PPS + HA (Tibia)</td></tr><tr><td style="white-space:nowrap">biomet_vanguard_ssk<a name="KneeJointArthroplastyComponent-biomet_vanguard_ssk"> </a></td><td>Biomet: Vanguard SSK</td><td>Biomet: Vanguard SSK (Femur)</td></tr><tr><td style="white-space:nowrap">biomet_vanguard_unicompartmental<a name="KneeJointArthroplastyComponent-biomet_vanguard_unicompartmental"> </a></td><td>Zimmer Biomet: Vanguard Unicompartmental</td><td>Zimmer Biomet: Vanguard Unicompartmental (Tibia)</td></tr><tr><td style="white-space:nowrap">corin_rotaglide<a name="KneeJointArthroplastyComponent-corin_rotaglide"> </a></td><td>Corin: Rotaglide</td><td>Corin: Rotaglide (Tibia)</td></tr><tr><td style="white-space:nowrap">corin_rotaglide_pegged<a name="KneeJointArthroplastyComponent-corin_rotaglide_pegged"> </a></td><td>Corin: Rotaglide Pegged</td><td>Corin: Rotaglide Pegged (Femur)</td></tr><tr><td style="white-space:nowrap">corin_rotaglide_posterior_stabilizer<a name="KneeJointArthroplastyComponent-corin_rotaglide_posterior_stabilizer"> </a></td><td>Corin: Rotaglide Posterior Stabilizer</td><td>Corin: Rotaglide Posterior Stabilizer (Femur)</td></tr><tr><td style="white-space:nowrap">corin_rotaglide_stemless<a name="KneeJointArthroplastyComponent-corin_rotaglide_stemless"> </a></td><td>Corin: Rotaglide Stemless</td><td>Corin: Rotaglide Stemless (Femur)</td></tr><tr><td style="white-space:nowrap">corin_rotaglide_stemmed<a name="KneeJointArthroplastyComponent-corin_rotaglide_stemmed"> </a></td><td>Corin: Rotaglide Stemmed</td><td>Corin: Rotaglide Stemmed (Femur)</td></tr><tr><td style="white-space:nowrap">depuy_attune_cr<a name="KneeJointArthroplastyComponent-depuy_attune_cr"> </a></td><td>Johnson &amp; Johnson: Attune CR</td><td>Johnson &amp; Johnson: Attune CR (Femur)</td></tr><tr><td style="white-space:nowrap">depuy_limb_preservation_system<a name="KneeJointArthroplastyComponent-depuy_limb_preservation_system"> </a></td><td>Johnson &amp; Johnson: Limb Preservation System</td><td>Johnson &amp; Johnson: Limb Preservation System (Femur)</td></tr><tr><td style="white-space:nowrap">depuy_sigma_hp_partiel_knee<a name="KneeJointArthroplastyComponent-depuy_sigma_hp_partiel_knee"> </a></td><td>DePuy: Sigma HP partial knee</td><td>DePuy: Sigma HP partial knee (Femur + Tibia)</td></tr><tr><td style="white-space:nowrap">episealer_condyle_solo<a name="KneeJointArthroplastyComponent-episealer_condyle_solo"> </a></td><td>Episurf Medical: Episealer Condyle Solo</td><td>Episurf Medical: Episealer Condyle Solo (Femur)</td></tr><tr><td style="white-space:nowrap">howmedica_duracon_all_plastic<a name="KneeJointArthroplastyComponent-howmedica_duracon_all_plastic"> </a></td><td>Howmedica: Duracon All-Plastic</td><td>Howmedica: Duracon All-Plastic (Tibia)</td></tr><tr><td style="white-space:nowrap">howmedica_duracon_cruciform<a name="KneeJointArthroplastyComponent-howmedica_duracon_cruciform"> </a></td><td>Howmedica: Duracon Cruciform</td><td>Howmedica: Duracon Cruciform (Tibia)</td></tr><tr><td style="white-space:nowrap">howmedica_duracon_modular<a name="KneeJointArthroplastyComponent-howmedica_duracon_modular"> </a></td><td>Howmedica: Duracon Modular</td><td>Howmedica: Duracon Modular (Femur)</td></tr><tr><td style="white-space:nowrap">howmedica_duracon_standard<a name="KneeJointArthroplastyComponent-howmedica_duracon_standard"> </a></td><td>Howmedica: Duracon Standard</td><td>Howmedica: Duracon Standard (Femur)</td></tr><tr><td style="white-space:nowrap">howmedica_duracon_stemmed_stabilizer<a name="KneeJointArthroplastyComponent-howmedica_duracon_stemmed_stabilizer"> </a></td><td>Howmedica: Duracon Stemmed Stabilizer</td><td>Howmedica: Duracon Stemmed Stabilizer (Femur)</td></tr><tr><td style="white-space:nowrap">howmedica_duracon_universal<a name="KneeJointArthroplastyComponent-howmedica_duracon_universal"> </a></td><td>Howmedica: Duracon Universal</td><td>Howmedica: Duracon Universal (Tibia)</td></tr><tr><td style="white-space:nowrap">howmedica_interax<a name="KneeJointArthroplastyComponent-howmedica_interax"> </a></td><td>Howmedica: Interax</td><td>Howmedica: Interax (Tibia)</td></tr><tr><td style="white-space:nowrap">howmedica_interax_stabilizer<a name="KneeJointArthroplastyComponent-howmedica_interax_stabilizer"> </a></td><td>Howmedica: Interax Stabiliser</td><td>Howmedica: Interax Stabiliser (Femur)</td></tr><tr><td style="white-space:nowrap">howmedica_interax_standard<a name="KneeJointArthroplastyComponent-howmedica_interax_standard"> </a></td><td>Howmedica: Interax Standard</td><td>Howmedica: Interax Standard (Femur)</td></tr><tr><td style="white-space:nowrap">howmedica_kinemax_plus_stabilizer<a name="KneeJointArthroplastyComponent-howmedica_kinemax_plus_stabilizer"> </a></td><td>Howmedica: Kinemax Plus Stabilizer</td><td>Howmedica: Kinemax Plus Stabilizer (Femur)</td></tr><tr><td style="white-space:nowrap">howmedica_kinemax_plus_standard<a name="KneeJointArthroplastyComponent-howmedica_kinemax_plus_standard"> </a></td><td>Howmedica: Kinemax Plus Standard</td><td>Howmedica: Kinemax Plus Standard (Femur + Tibia)</td></tr><tr><td style="white-space:nowrap">howmedica_kinemax_plus_superstabilizer<a name="KneeJointArthroplastyComponent-howmedica_kinemax_plus_superstabilizer"> </a></td><td>Howmedica: Kinemax Plus Superstabilizer</td><td>Howmedica: Kinemax Plus Superstabilizer (Femur + Tibia)</td></tr><tr><td style="white-space:nowrap">implex_cks_all_poly<a name="KneeJointArthroplastyComponent-implex_cks_all_poly"> </a></td><td>Implex: CKS All Poly</td><td>Implex: CKS All Poly (Tibia)</td></tr><tr><td style="white-space:nowrap">implex_cks_continuum_posterior_stabilized<a name="KneeJointArthroplastyComponent-implex_cks_continuum_posterior_stabilized"> </a></td><td>Implex: CKS Continuum Posterior Stabilized</td><td>Implex: CKS Continuum Posterior Stabilized (Femur)</td></tr><tr><td style="white-space:nowrap">implex_cks_modular<a name="KneeJointArthroplastyComponent-implex_cks_modular"> </a></td><td>Implex: CKS Modular</td><td>Implex: CKS Modular (Tibia)</td></tr><tr><td style="white-space:nowrap">implex_cks_primary<a name="KneeJointArthroplastyComponent-implex_cks_primary"> </a></td><td>Implex: CKS Primary</td><td>Implex: CKS Primary (Femur)</td></tr><tr><td style="white-space:nowrap">insall_burstein<a name="KneeJointArthroplastyComponent-insall_burstein"> </a></td><td>Insall-Burstein</td><td>Insall-Burstein (Tibia)</td></tr><tr><td style="white-space:nowrap">johnson&amp;johnson_attune_crs<a name="KneeJointArthroplastyComponent-johnson.38johnson_attune_crs"> </a></td><td>Johnson &amp; Johnson: Attune CRS (Constrained Revision System)</td><td>Johnson &amp; Johnson: Attune CRS (Constrained Revision System) (Femur)</td></tr><tr><td style="white-space:nowrap">johnson&amp;johnson_attune_fb<a name="KneeJointArthroplastyComponent-johnson.38johnson_attune_fb"> </a></td><td>Johnson &amp; Johnson: Attune FB</td><td>Johnson &amp; Johnson: Attune FB (Tibia)</td></tr><tr><td style="white-space:nowrap">johnson&amp;johnson_attune_fixed_crs<a name="KneeJointArthroplastyComponent-johnson.38johnson_attune_fixed_crs"> </a></td><td>Johnson &amp; Johnson: Attune Fixed CRS (Constrained Revision System)</td><td>Johnson &amp; Johnson: Attune Fixed CRS (Constrained Revision System) (Tibia)</td></tr><tr><td style="white-space:nowrap">johnson&amp;johnson_attune_mbt_crs<a name="KneeJointArthroplastyComponent-johnson.38johnson_attune_mbt_crs"> </a></td><td>Johnson &amp; Johnson: Attune Revision Tibial Base Rotating Platform</td><td>Johnson &amp; Johnson: Attune Revision Tibial Base Rotating Platform (Tibia)</td></tr><tr><td style="white-space:nowrap">johnson&amp;johnson_attune_rotation_platfom<a name="KneeJointArthroplastyComponent-johnson.38johnson_attune_rotation_platfom"> </a></td><td>Johnson &amp; Johnson: Attune Rotation Platfom</td><td>Johnson &amp; Johnson: Attune Rotation Platfom (Tibia)</td></tr><tr><td style="white-space:nowrap">johnson&amp;johnson_pfc_cruciate_substituting<a name="KneeJointArthroplastyComponent-johnson.38johnson_pfc_cruciate_substituting"> </a></td><td>Johnson &amp; Johnson: PFC Crusiate-Substituting</td><td>Johnson &amp; Johnson: PFC Crusiate-Substituting (Tibia)</td></tr><tr><td style="white-space:nowrap">johnson&amp;johnson_pfc_modular<a name="KneeJointArthroplastyComponent-johnson.38johnson_pfc_modular"> </a></td><td>Johnson &amp; Johnson: PFC Modular</td><td>Johnson &amp; Johnson: PFC Modular (Tibia)</td></tr><tr><td style="white-space:nowrap">johnson&amp;johnson_pfc_sigma_all_poly<a name="KneeJointArthroplastyComponent-johnson.38johnson_pfc_sigma_all_poly"> </a></td><td>Johnson &amp; Johnson: PFC Sigma All-Poly</td><td>Johnson &amp; Johnson: PFC Sigma All-Poly (Tibia)</td></tr><tr><td style="white-space:nowrap">johnson&amp;johnson_pfc_sigma_cruciate_retaining<a name="KneeJointArthroplastyComponent-johnson.38johnson_pfc_sigma_cruciate_retaining"> </a></td><td>Johnson &amp; Johnson: PFC Sigma Cruciate-Retaining</td><td>Johnson &amp; Johnson: PFC Sigma Cruciate-Retaining (Femur + Tibia)</td></tr><tr><td style="white-space:nowrap">johnson&amp;johnson_pfc_sigma_cruciate_substituting<a name="KneeJointArthroplastyComponent-johnson.38johnson_pfc_sigma_cruciate_substituting"> </a></td><td>Johnson &amp; Johnson: PFC Sigma Cruciate-Substituting</td><td>Johnson &amp; Johnson: PFC Sigma Cruciate-Substituting (Femur)</td></tr><tr><td style="white-space:nowrap">johnson&amp;johnson_pfc_sigma_ps<a name="KneeJointArthroplastyComponent-johnson.38johnson_pfc_sigma_ps"> </a></td><td>Johnson &amp; Johnson: PFC Sigma PS</td><td>Johnson &amp; Johnson: PFC Sigma PS (Tibia)</td></tr><tr><td style="white-space:nowrap">johnson&amp;johnson_pfc_sigma_revision_tc3<a name="KneeJointArthroplastyComponent-johnson.38johnson_pfc_sigma_revision_tc3"> </a></td><td>Johnson &amp; Johnson: PFC Sigma Revision and TC3</td><td>Johnson &amp; Johnson: PFC Sigma Revision and TC3 (Tibia)</td></tr><tr><td style="white-space:nowrap">johnson&amp;johnson_pfc_sigma_tc3<a name="KneeJointArthroplastyComponent-johnson.38johnson_pfc_sigma_tc3"> </a></td><td>Johnson &amp; Johnson: PFC Sigma TC3</td><td>Johnson &amp; Johnson: PFC Sigma TC3 (Femur)</td></tr><tr><td style="white-space:nowrap">johnson&amp;johnson_pfc_sigma_rotating_platform<a name="KneeJointArthroplastyComponent-johnson.38johnson_pfc_sigma_rotating_platform"> </a></td><td>Johnson &amp; Johnson: PFC Sigma Rotating Platform</td><td>Johnson &amp; Johnson: PFC Sigma Rotating Platform (Tibia)</td></tr><tr><td style="white-space:nowrap">johnson&amp;johnson_pfc_sigma_rp_stabilized<a name="KneeJointArthroplastyComponent-johnson.38johnson_pfc_sigma_rp_stabilized"> </a></td><td>Johnson &amp; Johnson: PFC Sigma RP Stabilized</td><td>Johnson &amp; Johnson: PFC Sigma RP Stabilized (Tibia)</td></tr><tr><td style="white-space:nowrap">johnson&amp;johnson_pfc_standard<a name="KneeJointArthroplastyComponent-johnson.38johnson_pfc_standard"> </a></td><td>Johnson &amp; Johnson: PFC Standard</td><td>Johnson &amp; Johnson: PFC Standard (Tibia)</td></tr><tr><td style="white-space:nowrap">johnson&amp;johnson_preservation_uni_all_poly<a name="KneeJointArthroplastyComponent-johnson.38johnson_preservation_uni_all_poly"> </a></td><td>Johnson &amp; Johnson: Preservation uni all poly</td><td>Johnson &amp; Johnson: Preservation uni all poly (Tibia)</td></tr><tr><td style="white-space:nowrap">johnson&amp;johnson_preservation_uni_tray<a name="KneeJointArthroplastyComponent-johnson.38johnson_preservation_uni_tray"> </a></td><td>Johnson &amp; Johnson: Preservation uni tray</td><td>Johnson &amp; Johnson: Preservation uni tray (Tibia)</td></tr><tr><td style="white-space:nowrap">johnson&amp;johnson_s_rom_noiles<a name="KneeJointArthroplastyComponent-johnson.38johnson_s_rom_noiles"> </a></td><td>Johnson &amp; Johnson: S-ROM Noiles</td><td>Johnson &amp; Johnson: S-ROM Noiles (Femur + Tibia)</td></tr><tr><td style="white-space:nowrap">legion_oxinium_cr<a name="KneeJointArthroplastyComponent-legion_oxinium_cr"> </a></td><td>Legion: Oxinium CR</td><td>Legion: Oxinium CR (Femur)</td></tr><tr><td style="white-space:nowrap">limb_preservation_system_distal_femur<a name="KneeJointArthroplastyComponent-limb_preservation_system_distal_femur"> </a></td><td>Limb Preservation System Distal Femur</td><td>Limb Preservation System Distal Femur (Femur)</td></tr><tr><td style="white-space:nowrap">link_endo_model_rotational<a name="KneeJointArthroplastyComponent-link_endo_model_rotational"> </a></td><td>LINK: Endo-Model Rotational</td><td>LINK: Endo-Model Rotational (Femur + Tibia)</td></tr><tr><td style="white-space:nowrap">link_endo_model_sled_hemi<a name="KneeJointArthroplastyComponent-link_endo_model_sled_hemi"> </a></td><td>LINK: Endo-Model Sled Hemi</td><td>LINK: Endo-Model Sled Hemi (Femur + Tibia)</td></tr><tr><td style="white-space:nowrap">link_endo_model_total_hinge<a name="KneeJointArthroplastyComponent-link_endo_model_total_hinge"> </a></td><td>LINK: Endo-Model Total Hinge</td><td>LINK: Endo-Model Total Hinge (Femur + Tibia)</td></tr><tr><td style="white-space:nowrap">link_lubinus_patella_femoral<a name="KneeJointArthroplastyComponent-link_lubinus_patella_femoral"> </a></td><td>LINK: Lubinus Patella-Femoral</td><td>LINK: Lubinus Patella-Femoral (Femur + Tibia)</td></tr><tr><td style="white-space:nowrap">link_st_georg<a name="KneeJointArthroplastyComponent-link_st_georg"> </a></td><td>LINK: St. Georg</td><td>LINK: St. Georg (Femur + Tibia)</td></tr><tr><td style="white-space:nowrap">link_tack_cementless<a name="KneeJointArthroplastyComponent-link_tack_cementless"> </a></td><td>LINK: TACK Cementless</td><td>LINK: TACK Cementless (Femur + Tibia)</td></tr><tr><td style="white-space:nowrap">maxim_constrained<a name="KneeJointArthroplastyComponent-maxim_constrained"> </a></td><td>Maxim Constrained</td><td>Maxim Constrained (Tibia)</td></tr><tr><td style="white-space:nowrap">maxim_ps<a name="KneeJointArthroplastyComponent-maxim_ps"> </a></td><td>Maxim PS</td><td>Maxim PS (Tibia)</td></tr><tr><td style="white-space:nowrap">megasystem_c<a name="KneeJointArthroplastyComponent-megasystem_c"> </a></td><td>LINK: Megasystem C</td><td>LINK: Megasystem C (Femur + Tibia)</td></tr><tr><td style="white-space:nowrap">nexgen_zuk<a name="KneeJointArthroplastyComponent-nexgen_zuk"> </a></td><td>Zimmer Biomet: NexGen Zuk</td><td>Zimmer Biomet: NexGen Zuk (Femur + Tibia)</td></tr><tr><td style="white-space:nowrap">osteonics_7000_all_poly<a name="KneeJointArthroplastyComponent-osteonics_7000_all_poly"> </a></td><td>Osteonics: All Poly</td><td>Osteonics: All Poly (Tibia)</td></tr><tr><td style="white-space:nowrap">osteonics_7000_modular<a name="KneeJointArthroplastyComponent-osteonics_7000_modular"> </a></td><td>Osteonics: 7000 Modular</td><td>Osteonics: 7000 Modular (Femur + Tibia)</td></tr><tr><td style="white-space:nowrap">osteonics_7000_posterior_stabilized<a name="KneeJointArthroplastyComponent-osteonics_7000_posterior_stabilized"> </a></td><td>Osteonics: 7000 Posterior Stabilized</td><td>Osteonics: 7000 Posterior Stabilized (Femur)</td></tr><tr><td style="white-space:nowrap">osteonics_7000_standard<a name="KneeJointArthroplastyComponent-osteonics_7000_standard"> </a></td><td>Osteonics: 7000 Standard</td><td>Osteonics: 7000 Standard (Femur + Tibia)</td></tr><tr><td style="white-space:nowrap">oxford_domed_lateral_pkr<a name="KneeJointArthroplastyComponent-oxford_domed_lateral_pkr"> </a></td><td>Zimmer Biomet: Oxford domed lateral PKR</td><td>Zimmer Biomet: Oxford domed lateral PKR (Femur)</td></tr><tr><td style="white-space:nowrap">oxford_phase_iii_alpha<a name="KneeJointArthroplastyComponent-oxford_phase_iii_alpha"> </a></td><td>Zimmer Biomet: Oxford Phase III alpha</td><td>Zimmer Biomet: Oxford Phase III alpha (Tibia)</td></tr><tr><td style="white-space:nowrap">oxford_2_peg<a name="KneeJointArthroplastyComponent-oxford_2_peg"> </a></td><td>Zimmer Biomet: Oxford 2-peg</td><td>Zimmer Biomet: Oxford 2-peg (Femur)</td></tr><tr><td style="white-space:nowrap">persona_cr<a name="KneeJointArthroplastyComponent-persona_cr"> </a></td><td>Zimmer Biomet: Persona CR</td><td>Zimmer Biomet: Persona CR (Femur + Tibia)</td></tr><tr><td style="white-space:nowrap">persona_mc<a name="KneeJointArthroplastyComponent-persona_mc"> </a></td><td>Zimmer Biomet: Persona MC</td><td>Zimmer Biomet: Persona MC (Tibia)</td></tr><tr><td style="white-space:nowrap">persona_ps<a name="KneeJointArthroplastyComponent-persona_ps"> </a></td><td>Zimmer Biomet: Persona PS</td><td>Zimmer Biomet: Persona PS (Femur + Tibia)</td></tr><tr><td style="white-space:nowrap">persona_uc<a name="KneeJointArthroplastyComponent-persona_uc"> </a></td><td>Zimmer Biomet: Persona UC</td><td>Zimmer Biomet: Persona UC (Tibia)</td></tr><tr><td style="white-space:nowrap">pfc_sigma_offset_tibial_tray<a name="KneeJointArthroplastyComponent-pfc_sigma_offset_tibial_tray"> </a></td><td>PFC Sigma Offset Tibial Tray</td><td>PFC Sigma Offset Tibial Tray (Tibia)</td></tr><tr><td style="white-space:nowrap">physica_cr<a name="KneeJointArthroplastyComponent-physica_cr"> </a></td><td>Lima: Physica CR</td><td>Lima: Physica CR (Femur + Tibia)</td></tr><tr><td style="white-space:nowrap">physica_kr<a name="KneeJointArthroplastyComponent-physica_kr"> </a></td><td>Lima: Physica KR</td><td>Lima: Physica KR (Femur + Tibia)</td></tr><tr><td style="white-space:nowrap">physica_ps<a name="KneeJointArthroplastyComponent-physica_ps"> </a></td><td>Lima: Physica PS</td><td>Lima: Physica PS (Femur + Tibia)</td></tr><tr><td style="white-space:nowrap">preservation<a name="KneeJointArthroplastyComponent-preservation"> </a></td><td>Preservation</td><td>Preservation (Femur + Tibia)</td></tr><tr><td style="white-space:nowrap">sigma_hp_partiel_knee<a name="KneeJointArthroplastyComponent-sigma_hp_partiel_knee"> </a></td><td>Johnson &amp; Johnson: Sigma HP Partial Knee</td><td>Johnson &amp; Johnson: Sigma HP Partial Knee (Femur)</td></tr><tr><td style="white-space:nowrap">sigma_hp_partiel_knee_all_poly<a name="KneeJointArthroplastyComponent-sigma_hp_partiel_knee_all_poly"> </a></td><td>Sigma HP Partial Knee all-poly</td><td>Sigma HP Partial Knee all-poly (Tibia)</td></tr><tr><td style="white-space:nowrap">sigma_hp_partiel_knee_modular<a name="KneeJointArthroplastyComponent-sigma_hp_partiel_knee_modular"> </a></td><td>Johnson &amp; Johnson: Sigma HP Partial Knee modular</td><td>Johnson &amp; Johnson: Sigma HP Partial Knee modular (Tibia)</td></tr><tr><td style="white-space:nowrap">smith&amp;nephew_competitor_pfj<a name="KneeJointArthroplastyComponent-smith.38nephew_competitor_pfj"> </a></td><td>Smith &amp; Nephew: Competitor PFJ</td><td>Smith &amp; Nephew: Competitor PFJ (Femur)</td></tr><tr><td style="white-space:nowrap">smith&amp;nephew_genesis<a name="KneeJointArthroplastyComponent-smith.38nephew_genesis"> </a></td><td>Smith &amp; Nephew: Genesis</td><td>Smith &amp; Nephew: Genesis (Tibia)</td></tr><tr><td style="white-space:nowrap">smith&amp;nephew_genesis_all_poly<a name="KneeJointArthroplastyComponent-smith.38nephew_genesis_all_poly"> </a></td><td>Smith &amp; Nephew: Genesis All-Poly</td><td>Smith &amp; Nephew: Genesis All-Poly (Tibia)</td></tr><tr><td style="white-space:nowrap">smith&amp;nephew_genesis_cruciate_retaining<a name="KneeJointArthroplastyComponent-smith.38nephew_genesis_cruciate_retaining"> </a></td><td>Smith &amp; Nephew: Genesis Cruciate-Retaining</td><td>Smith &amp; Nephew: Genesis Cruciate-Retaining (Femur)</td></tr><tr><td style="white-space:nowrap">smith&amp;nephew_genesis_ii<a name="KneeJointArthroplastyComponent-smith.38nephew_genesis_ii"> </a></td><td>Smith &amp; Nephew: Genesis II</td><td>Smith &amp; Nephew: Genesis II (Tibia)</td></tr><tr><td style="white-space:nowrap">smith&amp;nephew_genesis_ii_all_poly<a name="KneeJointArthroplastyComponent-smith.38nephew_genesis_ii_all_poly"> </a></td><td>Smith &amp; Nephew: Genesis II All-Poly</td><td>Smith &amp; Nephew: Genesis II All-Poly (Tibia)</td></tr><tr><td style="white-space:nowrap">smith&amp;nephew_genesis_ii_cruciate_retaining<a name="KneeJointArthroplastyComponent-smith.38nephew_genesis_ii_cruciate_retaining"> </a></td><td>Smith &amp; Nephew: Genesis II Cruciate Retaining</td><td>Smith &amp; Nephew: Genesis II Cruciate Retaining (Femur)</td></tr><tr><td style="white-space:nowrap">smith&amp;nephew_genesis_ii_long_stem_taper<a name="KneeJointArthroplastyComponent-smith.38nephew_genesis_ii_long_stem_taper"> </a></td><td>Smith &amp; Nephew: Genesis II Long Stem Taper</td><td>Smith &amp; Nephew: Genesis II Long Stem Taper (Femur)</td></tr><tr><td style="white-space:nowrap">smith&amp;nephew_genesis_ii_posterior_stabilized<a name="KneeJointArthroplastyComponent-smith.38nephew_genesis_ii_posterior_stabilized"> </a></td><td>Smith &amp; Nephew: Genesis II Posterior Stabilized</td><td>Smith &amp; Nephew: Genesis II Posterior Stabilized (Femur)</td></tr><tr><td style="white-space:nowrap">smith&amp;nephew_genesis_ii_ps_taper<a name="KneeJointArthroplastyComponent-smith.38nephew_genesis_ii_ps_taper"> </a></td><td>Smith &amp; Nephew: Genesis II PS Taper</td><td>Smith &amp; Nephew: Genesis II PS Taper (Femur)</td></tr><tr><td style="white-space:nowrap">smith&amp;nephew_genesis_ii_revision<a name="KneeJointArthroplastyComponent-smith.38nephew_genesis_ii_revision"> </a></td><td>Smith &amp; Nephew: Genesis II Revision</td><td>Smith &amp; Nephew: Genesis II Revision (Femur + Tibia)</td></tr><tr><td style="white-space:nowrap">smith&amp;nephew_genesis_long_stem_taper<a name="KneeJointArthroplastyComponent-smith.38nephew_genesis_long_stem_taper"> </a></td><td>Smith &amp; Nephew: Genesis Long Stem Taper</td><td>Smith &amp; Nephew: Genesis Long Stem Taper (Femur)</td></tr><tr><td style="white-space:nowrap">smith&amp;nephew_genesis_posterior_stabilized<a name="KneeJointArthroplastyComponent-smith.38nephew_genesis_posterior_stabilized"> </a></td><td>Smith &amp; Nephew: Genesis Posterior Stabilized</td><td>Smith &amp; Nephew: Genesis Posterior Stabilized (Femur)</td></tr><tr><td style="white-space:nowrap">smith&amp;nephew_genesis_ps_taper<a name="KneeJointArthroplastyComponent-smith.38nephew_genesis_ps_taper"> </a></td><td>Smith &amp; Nephew: Genesis PS Taper</td><td>Smith &amp; Nephew: Genesis PS Taper (Femur)</td></tr><tr><td style="white-space:nowrap">smith&amp;nephew_genesis_revision<a name="KneeJointArthroplastyComponent-smith.38nephew_genesis_revision"> </a></td><td>Smith &amp; Nephew: Genesis Revision</td><td>Smith &amp; Nephew: Genesis Revision (Femur + Tibia)</td></tr><tr><td style="white-space:nowrap">smith&amp;nephew_genesis_genesis_uni<a name="KneeJointArthroplastyComponent-smith.38nephew_genesis_genesis_uni"> </a></td><td>Smith &amp; Nephew: Genesis Uni</td><td>Smith &amp; Nephew: Genesis Uni (Femur + Tibia)</td></tr><tr><td style="white-space:nowrap">smith&amp;nephew_genesis_journey_pfj<a name="KneeJointArthroplastyComponent-smith.38nephew_genesis_journey_pfj"> </a></td><td>Smith &amp; Nephew: Journey PFJ</td><td>Smith &amp; Nephew: Journey PFJ (Femur)</td></tr><tr><td style="white-space:nowrap">smith&amp;nephew_genesis_legion_cr_oxinium<a name="KneeJointArthroplastyComponent-smith.38nephew_genesis_legion_cr_oxinium"> </a></td><td>Smith &amp; Nephew: Legion CR Oxinium</td><td>Smith &amp; Nephew: Legion CR Oxinium (Femur)</td></tr><tr><td style="white-space:nowrap">smith&amp;nephew_genesis_patella_mod_iii_cartier<a name="KneeJointArthroplastyComponent-smith.38nephew_genesis_patella_mod_iii_cartier"> </a></td><td>Smith &amp; Nephew: Patella Mod III Cartier</td><td>Smith &amp; Nephew: Patella Mod III Cartier (Femur)</td></tr><tr><td style="white-space:nowrap">smith&amp;nephew_genesis_profix<a name="KneeJointArthroplastyComponent-smith.38nephew_genesis_profix"> </a></td><td>Smith &amp; Nephew: Profix</td><td>Smith &amp; Nephew: Profix (Femur + Tibia)</td></tr><tr><td style="white-space:nowrap">smith&amp;nephew_genesis_profix_all_poly<a name="KneeJointArthroplastyComponent-smith.38nephew_genesis_profix_all_poly"> </a></td><td>Smith &amp; Nephew: Profix All-Poly</td><td>Smith &amp; Nephew: Profix All-Poly (Tibia)</td></tr><tr><td style="white-space:nowrap">smith&amp;nephew_genesis_profix_cruciate_retaining<a name="KneeJointArthroplastyComponent-smith.38nephew_genesis_profix_cruciate_retaining"> </a></td><td>Smith &amp; Nephew: Profix Cruciate Retaining</td><td>Smith &amp; Nephew: Profix Cruciate Retaining (Femur)</td></tr><tr><td style="white-space:nowrap">smith&amp;nephew_genesis_profix_long_stem_taper<a name="KneeJointArthroplastyComponent-smith.38nephew_genesis_profix_long_stem_taper"> </a></td><td>Smith &amp; Nephew: Profix Long Stem Taper</td><td>Smith &amp; Nephew: Profix Long Stem Taper (Femur)</td></tr><tr><td style="white-space:nowrap">smith&amp;nephew_genesis_profix_posterior_stabilized<a name="KneeJointArthroplastyComponent-smith.38nephew_genesis_profix_posterior_stabilized"> </a></td><td>Smith &amp; Nephew: Profix Posterior Stabilized</td><td>Smith &amp; Nephew: Profix Posterior Stabilized (Femur)</td></tr><tr><td style="white-space:nowrap">smith&amp;nephew_genesis_profix_ps_taper<a name="KneeJointArthroplastyComponent-smith.38nephew_genesis_profix_ps_taper"> </a></td><td>Smith &amp; Nephew: Profix PS Taper</td><td>Smith &amp; Nephew: Profix PS Taper (Femur)</td></tr><tr><td style="white-space:nowrap">smith&amp;nephew_genesis_profix_revision<a name="KneeJointArthroplastyComponent-smith.38nephew_genesis_profix_revision"> </a></td><td>Smith &amp; Nephew: Profix Revision</td><td>Smith &amp; Nephew: Profix Revision (Femur + Tibia)</td></tr><tr><td style="white-space:nowrap">stryker_howmetica_avon<a name="KneeJointArthroplastyComponent-stryker_howmetica_avon"> </a></td><td>Stryker/Howmetica: Avon</td><td>Stryker/Howmetica: Avon (Femur)</td></tr><tr><td style="white-space:nowrap">stryker_gmrs<a name="KneeJointArthroplastyComponent-stryker_gmrs"> </a></td><td>Stryker: GMRS</td><td>Stryker: GMRS (Femur + Tibia)</td></tr><tr><td style="white-space:nowrap">stryker_modular_rotating_hinge<a name="KneeJointArthroplastyComponent-stryker_modular_rotating_hinge"> </a></td><td>Stryker: Modular Rotating Hinge</td><td>Stryker: Modular Rotating Hinge (Femur + Tibia)</td></tr><tr><td style="white-space:nowrap">stryker_restoris_pfa<a name="KneeJointArthroplastyComponent-stryker_restoris_pfa"> </a></td><td>Stryker: Restoris PFA</td><td>Stryker: Restoris PFA</td></tr><tr><td style="white-space:nowrap">stryker_restoris_medial_uni<a name="KneeJointArthroplastyComponent-stryker_restoris_medial_uni"> </a></td><td>Stryker: Restoris Medial Uni</td><td>Stryker: Restoris Medial Uni</td></tr><tr><td style="white-space:nowrap">stryker_restoris_lateral_uni<a name="KneeJointArthroplastyComponent-stryker_restoris_lateral_uni"> </a></td><td>Stryker: Restoris Lateral Uni</td><td>Stryker: Restoris Lateral Uni</td></tr><tr><td style="white-space:nowrap">stryker_scorpio<a name="KneeJointArthroplastyComponent-stryker_scorpio"> </a></td><td>Stryker: Scorpio</td><td>Stryker: Scorpio (Tibia)</td></tr><tr><td style="white-space:nowrap">stryker_scorpio_all_poly<a name="KneeJointArthroplastyComponent-stryker_scorpio_all_poly"> </a></td><td>Stryker: Scorpio All Poly</td><td>Stryker: Scorpio All Poly (Tibia)</td></tr><tr><td style="white-space:nowrap">stryker_scorpio_cr<a name="KneeJointArthroplastyComponent-stryker_scorpio_cr"> </a></td><td>Stryker: Scorpio CR</td><td>Stryker: Scorpio CR (Femur)</td></tr><tr><td style="white-space:nowrap">stryker_scorpio_mobile_bearing<a name="KneeJointArthroplastyComponent-stryker_scorpio_mobile_bearing"> </a></td><td>Stryker: Scorpio + Mobile bearing</td><td>Stryker: Scorpio + Mobile bearing (Tibia)</td></tr><tr><td style="white-space:nowrap">stryker_scorpio_ps<a name="KneeJointArthroplastyComponent-stryker_scorpio_ps"> </a></td><td>Stryker: Scorpio PS</td><td>Stryker: Scorpio PS (Femur)</td></tr><tr><td style="white-space:nowrap">stryker_scorpio_ts<a name="KneeJointArthroplastyComponent-stryker_scorpio_ts"> </a></td><td>Stryker: Scorpio TS</td><td>Stryker: Scorpio TS (Femur + Tibia)</td></tr><tr><td style="white-space:nowrap">stryker_triathlon<a name="KneeJointArthroplastyComponent-stryker_triathlon"> </a></td><td>Stryker: Triathlon</td><td>Stryker: Triathlon (Tibia)</td></tr><tr><td style="white-space:nowrap">stryker_triathlon_all_poly<a name="KneeJointArthroplastyComponent-stryker_triathlon_all_poly"> </a></td><td>Stryker: Triathlon All Poly</td><td>Stryker: Triathlon All Poly (Tibia)</td></tr><tr><td style="white-space:nowrap">stryker_triathlon_cr<a name="KneeJointArthroplastyComponent-stryker_triathlon_cr"> </a></td><td>Stryker: Triathlon CR</td><td>Stryker: Triathlon CR (Femur)</td></tr><tr><td style="white-space:nowrap">stryker_thriathlon_pkr<a name="KneeJointArthroplastyComponent-stryker_thriathlon_pkr"> </a></td><td>Stryker: Triathlon PKR</td><td>Stryker: Triathlon PKR (Femur + Tibia)</td></tr><tr><td style="white-space:nowrap">stryker_thriathlon_ps<a name="KneeJointArthroplastyComponent-stryker_thriathlon_ps"> </a></td><td>Stryker: Triathlon PS</td><td>Stryker: Triathlon PS (Femur)</td></tr><tr><td style="white-space:nowrap">stryker_thriathlon_ts<a name="KneeJointArthroplastyComponent-stryker_thriathlon_ts"> </a></td><td>Stryker: Triathlon TS</td><td>Stryker: Triathlon TS (Femur + Tibia)</td></tr><tr><td style="white-space:nowrap">stryker_triathlon_universal<a name="KneeJointArthroplastyComponent-stryker_triathlon_universal"> </a></td><td>Stryker: Triathlon Universal</td><td>Stryker: Triathlon Universal (Tibia)</td></tr><tr><td style="white-space:nowrap">vanguard_da_360<a name="KneeJointArthroplastyComponent-vanguard_da_360"> </a></td><td>Vanguard: DA 360</td><td>Vanguard: DA 360 (Femur)</td></tr><tr><td style="white-space:nowrap">vanguard_da_360_tibia_tray<a name="KneeJointArthroplastyComponent-vanguard_da_360_tibia_tray"> </a></td><td>Vanguard DA 360 tibia tray</td><td>Vanguard DA 360 tibia tray (Tibia)</td></tr><tr><td style="white-space:nowrap">vanguard_rocc_femur_pps_ha_biomet<a name="KneeJointArthroplastyComponent-vanguard_rocc_femur_pps_ha_biomet"> </a></td><td>Vanguard: ROCC - Femur PPS + HA Biomet</td><td>Vanguard: ROCC - Femur PPS + HA Biomet (Femur)</td></tr><tr><td style="white-space:nowrap">vanguard_ssk_360<a name="KneeJointArthroplastyComponent-vanguard_ssk_360"> </a></td><td>Vanguard: SSK 360</td><td>Vanguard: SSK 360 (Femur)</td></tr><tr><td style="white-space:nowrap">vanguard_ssk_360_tibia_tray<a name="KneeJointArthroplastyComponent-vanguard_ssk_360_tibia_tray"> </a></td><td>Vanguard: SSK 360 tibia tray</td><td>Vanguard SSK 360 tibia tray (Tibia)</td></tr><tr><td style="white-space:nowrap">vanguard_xp<a name="KneeJointArthroplastyComponent-vanguard_xp"> </a></td><td>Vanguard: XP</td><td>Vanguard: XP (Femur + Tibia)</td></tr><tr><td style="white-space:nowrap">vanguard_xp_cr<a name="KneeJointArthroplastyComponent-vanguard_xp_cr"> </a></td><td>Vanguard: XP CR</td><td>Vanguard XP CR (Tibia)</td></tr><tr><td style="white-space:nowrap">wright_advance_medial_pivot<a name="KneeJointArthroplastyComponent-wright_advance_medial_pivot"> </a></td><td>Wright: Advance Medial Pivot</td><td>Wright: Advance Medial Pivot (Femur + Tibia)</td></tr><tr><td style="white-space:nowrap">wright_advance_revision<a name="KneeJointArthroplastyComponent-wright_advance_revision"> </a></td><td>Wright: Advance Revision</td><td>Wright: Advance Revision (Femur)</td></tr><tr><td style="white-space:nowrap">wright_advance_revision_constrained<a name="KneeJointArthroplastyComponent-wright_advance_revision_constrained"> </a></td><td>Wright: Advance Revision, Constrained</td><td>Wright: Advance Revision, Constrained (Tibia)</td></tr><tr><td style="white-space:nowrap">wright_advance_revision_ps<a name="KneeJointArthroplastyComponent-wright_advance_revision_ps"> </a></td><td>Wright: Advance Revision, PS</td><td>Wright: Advance Revision, PS (Tibia)</td></tr><tr><td style="white-space:nowrap">wright_advance_statures<a name="KneeJointArthroplastyComponent-wright_advance_statures"> </a></td><td>Wright: Advance Stature</td><td>Wright: Advance Stature (Femur)</td></tr><tr><td style="white-space:nowrap">wright_advance_stemmet<a name="KneeJointArthroplastyComponent-wright_advance_stemmet"> </a></td><td>Wright: Advance Stemmet</td><td>Wright: Advance Stemmet (Femur)</td></tr><tr><td style="white-space:nowrap">zimmer_biomet_oxford_lateral_fixed_bearing<a name="KneeJointArthroplastyComponent-zimmer_biomet_oxford_lateral_fixed_bearing"> </a></td><td>Zimmer-Biomet: Oxford Lateral Fixed Bearing</td><td>Zimmer-Biomet: Oxford Lateral Fixed Bearing (Tibia)</td></tr><tr><td style="white-space:nowrap">zimmer_insall_burstein<a name="KneeJointArthroplastyComponent-zimmer_insall_burstein"> </a></td><td>Zimmer: Insall-Burstein</td><td>Zimmer: Insall-Burstein (Femur)</td></tr><tr><td style="white-space:nowrap">zimmer_miller_galante<a name="KneeJointArthroplastyComponent-zimmer_miller_galante"> </a></td><td>Zimmer: Miller Galante</td><td>Zimmer: Miller Galante (Femur + Tibia)</td></tr><tr><td style="white-space:nowrap">zimmer_nexgen_cr<a name="KneeJointArthroplastyComponent-zimmer_nexgen_cr"> </a></td><td>Zimmer Biomet: NexGen CR</td><td>Zimmer Biomet: NexGen CR (Femur + Tibia)</td></tr><tr><td style="white-space:nowrap">zimmer_nexgen_cr_flex<a name="KneeJointArthroplastyComponent-zimmer_nexgen_cr_flex"> </a></td><td>Zimmer: NexGen CR Flex</td><td>Zimmer: NexGen CR Flex (Femur + Tibia)</td></tr><tr><td style="white-space:nowrap">zimmer_nexgen_cr_flex_gender<a name="KneeJointArthroplastyComponent-zimmer_nexgen_cr_flex_gender"> </a></td><td>Zimmer: NexGen CR Flex Gender</td><td>Zimmer: NexGen CR Flex Gender (Femur)</td></tr><tr><td style="white-space:nowrap">zimmer_nexgen_cr_modular_tmt<a name="KneeJointArthroplastyComponent-zimmer_nexgen_cr_modular_tmt"> </a></td><td>Zimmer Biomet: NexGen CR modulær TMT</td><td>Zimmer Biomet: NexGen CR modulær TMT (Tibia)</td></tr><tr><td style="white-space:nowrap">zimmer_nexgen_cr_monoblock_tmt<a name="KneeJointArthroplastyComponent-zimmer_nexgen_cr_monoblock_tmt"> </a></td><td>Zimmer Biomet: NexGen CR Monoblok, TMT</td><td>Zimmer Biomet: NexGen CR Monoblok, TMT (Tibia)</td></tr><tr><td style="white-space:nowrap">zimmer_nexgen_lcck<a name="KneeJointArthroplastyComponent-zimmer_nexgen_lcck"> </a></td><td>Zimmer Biomet: NexGen LCCK</td><td>Zimmer Biomet: NexGen LCCK (Femur + Tibia)</td></tr><tr><td style="white-space:nowrap">zimmer_nexgen_lps<a name="KneeJointArthroplastyComponent-zimmer_nexgen_lps"> </a></td><td>Zimmer Biomet: NexGen LPS</td><td>Zimmer Biomet: NexGen LPS (Femur + Tibia)</td></tr><tr><td style="white-space:nowrap">zimmer_nexgen_lps_flex<a name="KneeJointArthroplastyComponent-zimmer_nexgen_lps_flex"> </a></td><td>Zimmer Biomet: NexGen LPS Flex</td><td>Zimmer Biomet: NexGen LPS Flex (Femur + Tibia)</td></tr><tr><td style="white-space:nowrap">zimmer_nexgen_lps_modular_tmt<a name="KneeJointArthroplastyComponent-zimmer_nexgen_lps_modular_tmt"> </a></td><td>Zimmer Biomet: NexGen LPS Modulær TMT</td><td>Zimmer Biomet: NexGen LPS Modulær TMT (Tibia)</td></tr><tr><td style="white-space:nowrap">zimmer_nexgen_lps_monoblock_tmt<a name="KneeJointArthroplastyComponent-zimmer_nexgen_lps_monoblock_tmt"> </a></td><td>Zimmer Biomet: NexGen LPS Monoblok TMT</td><td>Zimmer Biomet: NexGen LPS Monoblok TMT (Tibia)</td></tr><tr><td style="white-space:nowrap">zimmer_nexgen_rhk<a name="KneeJointArthroplastyComponent-zimmer_nexgen_rhk"> </a></td><td>Zimmer Biomet: NexGen RHK</td><td>Zimmer Biomet: NexGen RHK (Femur + Tibia)</td></tr><tr><td style="white-space:nowrap">zimmer_nexgen_pfj<a name="KneeJointArthroplastyComponent-zimmer_nexgen_pfj"> </a></td><td>Zimmer Biomet: PFJ</td><td>Zimmer Biomet: PFJ (Femur)</td></tr><tr><td style="white-space:nowrap">zimmer_segmental_system<a name="KneeJointArthroplastyComponent-zimmer_segmental_system"> </a></td><td>Zimmer: Segmental System</td><td>Zimmer: Segmental System (Femur)</td></tr></table></div>
  </text>
  <url value="https://kip.rkkp.dk/fhir/CodeSystem/KneeJointArthroplastyComponent"/>
  <version value="0.1.8"/>
  <name value="KneeJointArthroplastyComponent"/>
  <title value="Knee joint arthroplasty - components"/>
  <status value="active"/>
  <date value="2022-10-17T00:00:00+02:00"/>
  <publisher value="Sundhedsvæsnets Kvalistetsinstitut with Trifork Digital Health A/S"/>
  <contact>
    <name value="Sundhedsvæsnets Kvalistetsinstitut with Trifork Digital Health A/S"/>
    <telecom>
      <system value="url"/>
      <value value="https://trifork.com"/>
    </telecom>
    <telecom>
      <system value="email"/>
      <value value="rbk@trifork.com"/>
    </telecom>
  </contact>
  <description value="Knee joint arthroplasty - components"/>
  <caseSensitive value="false"/>
  <content value="complete"/>
  <count value="172"/>
  <concept>
    <code value="arthrosurface_hemicap"/>
    <display value="Arthrosurface: HemiCAP"/>
    <definition value="Arthrosurface: HemiCAP (Femur)"/>
  </concept>
  <concept>
    <code value="arthrosurface_hemicap_pf"/>
    <display value="Arthrosurface: Hemicap PF"/>
    <definition value="Arthrosurface: Hemicap PF (Femur)"/>
  </concept>
  <concept>
    <code value="arthrosurface_unicap"/>
    <display value="Arthrosurface: Unicap"/>
    <definition value="Arthrosurface: Unicap (Femur + Tibia)"/>
  </concept>
  <concept>
    <code value="biomet_agc_hp_posterior_stabilizer"/>
    <display value="Biomet: AGC HP Posterior Stabilizer"/>
    <definition value="Biomet: AGC HP Posterior Stabilizer (Femur)"/>
  </concept>
  <concept>
    <code value="biomet_agc_v2"/>
    <display value="Zimmer Biomet: AGC V2"/>
    <definition value="Zimmer Biomet: AGC V2 (Tibia)"/>
  </concept>
  <concept>
    <code value="biomet_agc_v2_universal"/>
    <display value="Zimmer Biomet: AGC V2 Universal"/>
    <definition value="Zimmer Biomet: AGC V2 Universal (Femur)"/>
  </concept>
  <concept>
    <code value="biomet_maxim"/>
    <display value="Biomet: Maxim"/>
    <definition value="Biomet: Maxim (Tibia)"/>
  </concept>
  <concept>
    <code value="biomet_maxim_constrained"/>
    <display value="Biomet: Maxim Constrained"/>
    <definition value="Biomet: Maxim Constrained (Femur)"/>
  </concept>
  <concept>
    <code value="biomet_maxim_posterior_stabilized"/>
    <display value="Biomet: Maxim Posterior Stabilized"/>
    <definition value="Biomet: Maxim Posterior Stabilized (Femur)"/>
  </concept>
  <concept>
    <code value="biomet_oxford_domed_lateral_pkr"/>
    <display value="Zimmer Biomet: Oxford domed lateral PKR"/>
    <definition value="Zimmer Biomet: Oxford domed lateral PKR (Tibia)"/>
  </concept>
  <concept>
    <code value="biomet_oxford_phase_iii_alpha"/>
    <display value="Zimmer Biomet: Oxford Phase III alpha"/>
    <definition value="Zimmer Biomet: Oxford Phase III alpha (Femur)"/>
  </concept>
  <concept>
    <code value="biomet_rhk_rotating_hinge_knee"/>
    <display value="Zimmer Biomet: RHK Rotating Hinge Knee"/>
    <definition value="Zimmer Biomet: RHK Rotating Hinge Knee (Femur + Tibia)"/>
  </concept>
  <concept>
    <code value="biomet_tibia_offset_tray"/>
    <display value="Biomet: Tibia Offset Tray"/>
    <definition value="Biomet: Tibia Offset Tray (Tibia)"/>
  </concept>
  <concept>
    <code value="biomet_vanguard_cr"/>
    <display value="Zimmer Biomet: Vanguard CR"/>
    <definition value="Zimmer Biomet: Vanguard CR (Femur + Tibia)"/>
  </concept>
  <concept>
    <code value="biomet_vanguard_m_unicompartmental"/>
    <display value="Biomet: Vanguard M Unicompartmental"/>
    <definition value="Biomet: Vanguard M Unicompartmental (Femur)"/>
  </concept>
  <concept>
    <code value="biomet_vanguard_pfr"/>
    <display value="Biomet: Vanguard PFR"/>
    <definition value="Biomet: Vanguard PFR (Femur)"/>
  </concept>
  <concept>
    <code value="biomet_vanguard_ps"/>
    <display value="Biomet: Vanguard PS"/>
    <definition value="Biomet: Vanguard PS (Femur + Tibia)"/>
  </concept>
  <concept>
    <code value="biomet_vanguard_rocc_interlok_femur"/>
    <display value="Biomet: Vanguard ROCC - Interlok Femur"/>
    <definition value="Biomet: Vanguard ROCC - Interlok Femur (Femur)"/>
  </concept>
  <concept>
    <code value="biomet_vanguard_rocc_interlok_tibia"/>
    <display value="Zimmer Biomet: Vanguard ROCC - Interlok Tibia"/>
    <definition value="Zimmer Biomet: Vanguard ROCC - Interlok Tibia (Tibia)"/>
  </concept>
  <concept>
    <code value="biomet_vanguard_rocc_interlok_tibia_pps_ha"/>
    <display value="Biomet: Vanguard ROCC - Tibia PPS + HA"/>
    <definition value="Biomet: Vanguard ROCC - Tibia PPS + HA (Tibia)"/>
  </concept>
  <concept>
    <code value="biomet_vanguard_ssk"/>
    <display value="Biomet: Vanguard SSK"/>
    <definition value="Biomet: Vanguard SSK (Femur)"/>
  </concept>
  <concept>
    <code value="biomet_vanguard_unicompartmental"/>
    <display value="Zimmer Biomet: Vanguard Unicompartmental"/>
    <definition value="Zimmer Biomet: Vanguard Unicompartmental (Tibia)"/>
  </concept>
  <concept>
    <code value="corin_rotaglide"/>
    <display value="Corin: Rotaglide"/>
    <definition value="Corin: Rotaglide (Tibia)"/>
  </concept>
  <concept>
    <code value="corin_rotaglide_pegged"/>
    <display value="Corin: Rotaglide Pegged"/>
    <definition value="Corin: Rotaglide Pegged (Femur)"/>
  </concept>
  <concept>
    <code value="corin_rotaglide_posterior_stabilizer"/>
    <display value="Corin: Rotaglide Posterior Stabilizer"/>
    <definition value="Corin: Rotaglide Posterior Stabilizer (Femur)"/>
  </concept>
  <concept>
    <code value="corin_rotaglide_stemless"/>
    <display value="Corin: Rotaglide Stemless"/>
    <definition value="Corin: Rotaglide Stemless (Femur)"/>
  </concept>
  <concept>
    <code value="corin_rotaglide_stemmed"/>
    <display value="Corin: Rotaglide Stemmed"/>
    <definition value="Corin: Rotaglide Stemmed (Femur)"/>
  </concept>
  <concept>
    <code value="depuy_attune_cr"/>
    <display value="Johnson &amp; Johnson: Attune CR"/>
    <definition value="Johnson &amp; Johnson: Attune CR (Femur)"/>
  </concept>
  <concept>
    <code value="depuy_limb_preservation_system"/>
    <display value="Johnson &amp; Johnson: Limb Preservation System"/>
    <definition value="Johnson &amp; Johnson: Limb Preservation System (Femur)"/>
  </concept>
  <concept>
    <code value="depuy_sigma_hp_partiel_knee"/>
    <display value="DePuy: Sigma HP partial knee"/>
    <definition value="DePuy: Sigma HP partial knee (Femur + Tibia)"/>
  </concept>
  <concept>
    <code value="episealer_condyle_solo"/>
    <display value="Episurf Medical: Episealer Condyle Solo"/>
    <definition value="Episurf Medical: Episealer Condyle Solo (Femur)"/>
  </concept>
  <concept>
    <code value="howmedica_duracon_all_plastic"/>
    <display value="Howmedica: Duracon All-Plastic"/>
    <definition value="Howmedica: Duracon All-Plastic (Tibia)"/>
  </concept>
  <concept>
    <code value="howmedica_duracon_cruciform"/>
    <display value="Howmedica: Duracon Cruciform"/>
    <definition value="Howmedica: Duracon Cruciform (Tibia)"/>
  </concept>
  <concept>
    <code value="howmedica_duracon_modular"/>
    <display value="Howmedica: Duracon Modular"/>
    <definition value="Howmedica: Duracon Modular (Femur)"/>
  </concept>
  <concept>
    <code value="howmedica_duracon_standard"/>
    <display value="Howmedica: Duracon Standard"/>
    <definition value="Howmedica: Duracon Standard (Femur)"/>
  </concept>
  <concept>
    <code value="howmedica_duracon_stemmed_stabilizer"/>
    <display value="Howmedica: Duracon Stemmed Stabilizer"/>
    <definition value="Howmedica: Duracon Stemmed Stabilizer (Femur)"/>
  </concept>
  <concept>
    <code value="howmedica_duracon_universal"/>
    <display value="Howmedica: Duracon Universal"/>
    <definition value="Howmedica: Duracon Universal (Tibia)"/>
  </concept>
  <concept>
    <code value="howmedica_interax"/>
    <display value="Howmedica: Interax"/>
    <definition value="Howmedica: Interax (Tibia)"/>
  </concept>
  <concept>
    <code value="howmedica_interax_stabilizer"/>
    <display value="Howmedica: Interax Stabiliser"/>
    <definition value="Howmedica: Interax Stabiliser (Femur)"/>
  </concept>
  <concept>
    <code value="howmedica_interax_standard"/>
    <display value="Howmedica: Interax Standard"/>
    <definition value="Howmedica: Interax Standard (Femur)"/>
  </concept>
  <concept>
    <code value="howmedica_kinemax_plus_stabilizer"/>
    <display value="Howmedica: Kinemax Plus Stabilizer"/>
    <definition value="Howmedica: Kinemax Plus Stabilizer (Femur)"/>
  </concept>
  <concept>
    <code value="howmedica_kinemax_plus_standard"/>
    <display value="Howmedica: Kinemax Plus Standard"/>
    <definition value="Howmedica: Kinemax Plus Standard (Femur + Tibia)"/>
  </concept>
  <concept>
    <code value="howmedica_kinemax_plus_superstabilizer"/>
    <display value="Howmedica: Kinemax Plus Superstabilizer"/>
    <definition value="Howmedica: Kinemax Plus Superstabilizer (Femur + Tibia)"/>
  </concept>
  <concept>
    <code value="implex_cks_all_poly"/>
    <display value="Implex: CKS All Poly"/>
    <definition value="Implex: CKS All Poly (Tibia)"/>
  </concept>
  <concept>
    <code value="implex_cks_continuum_posterior_stabilized"/>
    <display value="Implex: CKS Continuum Posterior Stabilized"/>
    <definition value="Implex: CKS Continuum Posterior Stabilized (Femur)"/>
  </concept>
  <concept>
    <code value="implex_cks_modular"/>
    <display value="Implex: CKS Modular"/>
    <definition value="Implex: CKS Modular (Tibia)"/>
  </concept>
  <concept>
    <code value="implex_cks_primary"/>
    <display value="Implex: CKS Primary"/>
    <definition value="Implex: CKS Primary (Femur)"/>
  </concept>
  <concept>
    <code value="insall_burstein"/>
    <display value="Insall-Burstein"/>
    <definition value="Insall-Burstein (Tibia)"/>
  </concept>
  <concept>
    <code value="johnson&amp;johnson_attune_crs"/>
    <display value="Johnson &amp; Johnson: Attune CRS (Constrained Revision System)"/>
    <definition value="Johnson &amp; Johnson: Attune CRS (Constrained Revision System) (Femur)"/>
  </concept>
  <concept>
    <code value="johnson&amp;johnson_attune_fb"/>
    <display value="Johnson &amp; Johnson: Attune FB"/>
    <definition value="Johnson &amp; Johnson: Attune FB (Tibia)"/>
  </concept>
  <concept>
    <code value="johnson&amp;johnson_attune_fixed_crs"/>
    <display value="Johnson &amp; Johnson: Attune Fixed CRS (Constrained Revision System)"/>
    <definition value="Johnson &amp; Johnson: Attune Fixed CRS (Constrained Revision System) (Tibia)"/>
  </concept>
  <concept>
    <code value="johnson&amp;johnson_attune_mbt_crs"/>
    <display value="Johnson &amp; Johnson: Attune Revision Tibial Base Rotating Platform"/>
    <definition value="Johnson &amp; Johnson: Attune Revision Tibial Base Rotating Platform (Tibia)"/>
  </concept>
  <concept>
    <code value="johnson&amp;johnson_attune_rotation_platfom"/>
    <display value="Johnson &amp; Johnson: Attune Rotation Platfom"/>
    <definition value="Johnson &amp; Johnson: Attune Rotation Platfom (Tibia)"/>
  </concept>
  <concept>
    <code value="johnson&amp;johnson_pfc_cruciate_substituting"/>
    <display value="Johnson &amp; Johnson: PFC Crusiate-Substituting"/>
    <definition value="Johnson &amp; Johnson: PFC Crusiate-Substituting (Tibia)"/>
  </concept>
  <concept>
    <code value="johnson&amp;johnson_pfc_modular"/>
    <display value="Johnson &amp; Johnson: PFC Modular"/>
    <definition value="Johnson &amp; Johnson: PFC Modular (Tibia)"/>
  </concept>
  <concept>
    <code value="johnson&amp;johnson_pfc_sigma_all_poly"/>
    <display value="Johnson &amp; Johnson: PFC Sigma All-Poly"/>
    <definition value="Johnson &amp; Johnson: PFC Sigma All-Poly (Tibia)"/>
  </concept>
  <concept>
    <code value="johnson&amp;johnson_pfc_sigma_cruciate_retaining"/>
    <display value="Johnson &amp; Johnson: PFC Sigma Cruciate-Retaining"/>
    <definition value="Johnson &amp; Johnson: PFC Sigma Cruciate-Retaining (Femur + Tibia)"/>
  </concept>
  <concept>
    <code value="johnson&amp;johnson_pfc_sigma_cruciate_substituting"/>
    <display value="Johnson &amp; Johnson: PFC Sigma Cruciate-Substituting"/>
    <definition value="Johnson &amp; Johnson: PFC Sigma Cruciate-Substituting (Femur)"/>
  </concept>
  <concept>
    <code value="johnson&amp;johnson_pfc_sigma_ps"/>
    <display value="Johnson &amp; Johnson: PFC Sigma PS"/>
    <definition value="Johnson &amp; Johnson: PFC Sigma PS (Tibia)"/>
  </concept>
  <concept>
    <code value="johnson&amp;johnson_pfc_sigma_revision_tc3"/>
    <display value="Johnson &amp; Johnson: PFC Sigma Revision and TC3"/>
    <definition value="Johnson &amp; Johnson: PFC Sigma Revision and TC3 (Tibia)"/>
  </concept>
  <concept>
    <code value="johnson&amp;johnson_pfc_sigma_tc3"/>
    <display value="Johnson &amp; Johnson: PFC Sigma TC3"/>
    <definition value="Johnson &amp; Johnson: PFC Sigma TC3 (Femur)"/>
  </concept>
  <concept>
    <code value="johnson&amp;johnson_pfc_sigma_rotating_platform"/>
    <display value="Johnson &amp; Johnson: PFC Sigma Rotating Platform"/>
    <definition value="Johnson &amp; Johnson: PFC Sigma Rotating Platform (Tibia)"/>
  </concept>
  <concept>
    <code value="johnson&amp;johnson_pfc_sigma_rp_stabilized"/>
    <display value="Johnson &amp; Johnson: PFC Sigma RP Stabilized"/>
    <definition value="Johnson &amp; Johnson: PFC Sigma RP Stabilized (Tibia)"/>
  </concept>
  <concept>
    <code value="johnson&amp;johnson_pfc_standard"/>
    <display value="Johnson &amp; Johnson: PFC Standard"/>
    <definition value="Johnson &amp; Johnson: PFC Standard (Tibia)"/>
  </concept>
  <concept>
    <code value="johnson&amp;johnson_preservation_uni_all_poly"/>
    <display value="Johnson &amp; Johnson: Preservation uni all poly"/>
    <definition value="Johnson &amp; Johnson: Preservation uni all poly (Tibia)"/>
  </concept>
  <concept>
    <code value="johnson&amp;johnson_preservation_uni_tray"/>
    <display value="Johnson &amp; Johnson: Preservation uni tray"/>
    <definition value="Johnson &amp; Johnson: Preservation uni tray (Tibia)"/>
  </concept>
  <concept>
    <code value="johnson&amp;johnson_s_rom_noiles"/>
    <display value="Johnson &amp; Johnson: S-ROM Noiles"/>
    <definition value="Johnson &amp; Johnson: S-ROM Noiles (Femur + Tibia)"/>
  </concept>
  <concept>
    <code value="legion_oxinium_cr"/>
    <display value="Legion: Oxinium CR"/>
    <definition value="Legion: Oxinium CR (Femur)"/>
  </concept>
  <concept>
    <code value="limb_preservation_system_distal_femur"/>
    <display value="Limb Preservation System Distal Femur"/>
    <definition value="Limb Preservation System Distal Femur (Femur)"/>
  </concept>
  <concept>
    <code value="link_endo_model_rotational"/>
    <display value="LINK: Endo-Model Rotational"/>
    <definition value="LINK: Endo-Model Rotational (Femur + Tibia)"/>
  </concept>
  <concept>
    <code value="link_endo_model_sled_hemi"/>
    <display value="LINK: Endo-Model Sled Hemi"/>
    <definition value="LINK: Endo-Model Sled Hemi (Femur + Tibia)"/>
  </concept>
  <concept>
    <code value="link_endo_model_total_hinge"/>
    <display value="LINK: Endo-Model Total Hinge"/>
    <definition value="LINK: Endo-Model Total Hinge (Femur + Tibia)"/>
  </concept>
  <concept>
    <code value="link_lubinus_patella_femoral"/>
    <display value="LINK: Lubinus Patella-Femoral"/>
    <definition value="LINK: Lubinus Patella-Femoral (Femur + Tibia)"/>
  </concept>
  <concept>
    <code value="link_st_georg"/>
    <display value="LINK: St. Georg"/>
    <definition value="LINK: St. Georg (Femur + Tibia)"/>
  </concept>
  <concept>
    <code value="link_tack_cementless"/>
    <display value="LINK: TACK Cementless"/>
    <definition value="LINK: TACK Cementless (Femur + Tibia)"/>
  </concept>
  <concept>
    <code value="maxim_constrained"/>
    <display value="Maxim Constrained"/>
    <definition value="Maxim Constrained (Tibia)"/>
  </concept>
  <concept>
    <code value="maxim_ps"/>
    <display value="Maxim PS"/>
    <definition value="Maxim PS (Tibia)"/>
  </concept>
  <concept>
    <code value="megasystem_c"/>
    <display value="LINK: Megasystem C"/>
    <definition value="LINK: Megasystem C (Femur + Tibia)"/>
  </concept>
  <concept>
    <code value="nexgen_zuk"/>
    <display value="Zimmer Biomet: NexGen Zuk"/>
    <definition value="Zimmer Biomet: NexGen Zuk (Femur + Tibia)"/>
  </concept>
  <concept>
    <code value="osteonics_7000_all_poly"/>
    <display value="Osteonics: All Poly"/>
    <definition value="Osteonics: All Poly (Tibia)"/>
  </concept>
  <concept>
    <code value="osteonics_7000_modular"/>
    <display value="Osteonics: 7000 Modular"/>
    <definition value="Osteonics: 7000 Modular (Femur + Tibia)"/>
  </concept>
  <concept>
    <code value="osteonics_7000_posterior_stabilized"/>
    <display value="Osteonics: 7000 Posterior Stabilized"/>
    <definition value="Osteonics: 7000 Posterior Stabilized (Femur)"/>
  </concept>
  <concept>
    <code value="osteonics_7000_standard"/>
    <display value="Osteonics: 7000 Standard"/>
    <definition value="Osteonics: 7000 Standard (Femur + Tibia)"/>
  </concept>
  <concept>
    <code value="oxford_domed_lateral_pkr"/>
    <display value="Zimmer Biomet: Oxford domed lateral PKR"/>
    <definition value="Zimmer Biomet: Oxford domed lateral PKR (Femur)"/>
  </concept>
  <concept>
    <code value="oxford_phase_iii_alpha"/>
    <display value="Zimmer Biomet: Oxford Phase III alpha"/>
    <definition value="Zimmer Biomet: Oxford Phase III alpha (Tibia)"/>
  </concept>
  <concept>
    <code value="oxford_2_peg"/>
    <display value="Zimmer Biomet: Oxford 2-peg"/>
    <definition value="Zimmer Biomet: Oxford 2-peg (Femur)"/>
  </concept>
  <concept>
    <code value="persona_cr"/>
    <display value="Zimmer Biomet: Persona CR"/>
    <definition value="Zimmer Biomet: Persona CR (Femur + Tibia)"/>
  </concept>
  <concept>
    <code value="persona_mc"/>
    <display value="Zimmer Biomet: Persona MC"/>
    <definition value="Zimmer Biomet: Persona MC (Tibia)"/>
  </concept>
  <concept>
    <code value="persona_ps"/>
    <display value="Zimmer Biomet: Persona PS"/>
    <definition value="Zimmer Biomet: Persona PS (Femur + Tibia)"/>
  </concept>
  <concept>
    <code value="persona_uc"/>
    <display value="Zimmer Biomet: Persona UC"/>
    <definition value="Zimmer Biomet: Persona UC (Tibia)"/>
  </concept>
  <concept>
    <code value="pfc_sigma_offset_tibial_tray"/>
    <display value="PFC Sigma Offset Tibial Tray"/>
    <definition value="PFC Sigma Offset Tibial Tray (Tibia)"/>
  </concept>
  <concept>
    <code value="physica_cr"/>
    <display value="Lima: Physica CR"/>
    <definition value="Lima: Physica CR (Femur + Tibia)"/>
  </concept>
  <concept>
    <code value="physica_kr"/>
    <display value="Lima: Physica KR"/>
    <definition value="Lima: Physica KR (Femur + Tibia)"/>
  </concept>
  <concept>
    <code value="physica_ps"/>
    <display value="Lima: Physica PS"/>
    <definition value="Lima: Physica PS (Femur + Tibia)"/>
  </concept>
  <concept>
    <code value="preservation"/>
    <display value="Preservation"/>
    <definition value="Preservation (Femur + Tibia)"/>
  </concept>
  <concept>
    <code value="sigma_hp_partiel_knee"/>
    <display value="Johnson &amp; Johnson: Sigma HP Partial Knee"/>
    <definition value="Johnson &amp; Johnson: Sigma HP Partial Knee (Femur)"/>
  </concept>
  <concept>
    <code value="sigma_hp_partiel_knee_all_poly"/>
    <display value="Sigma HP Partial Knee all-poly"/>
    <definition value="Sigma HP Partial Knee all-poly (Tibia)"/>
  </concept>
  <concept>
    <code value="sigma_hp_partiel_knee_modular"/>
    <display value="Johnson &amp; Johnson: Sigma HP Partial Knee modular"/>
    <definition value="Johnson &amp; Johnson: Sigma HP Partial Knee modular (Tibia)"/>
  </concept>
  <concept>
    <code value="smith&amp;nephew_competitor_pfj"/>
    <display value="Smith &amp; Nephew: Competitor PFJ"/>
    <definition value="Smith &amp; Nephew: Competitor PFJ (Femur)"/>
  </concept>
  <concept>
    <code value="smith&amp;nephew_genesis"/>
    <display value="Smith &amp; Nephew: Genesis"/>
    <definition value="Smith &amp; Nephew: Genesis (Tibia)"/>
  </concept>
  <concept>
    <code value="smith&amp;nephew_genesis_all_poly"/>
    <display value="Smith &amp; Nephew: Genesis All-Poly"/>
    <definition value="Smith &amp; Nephew: Genesis All-Poly (Tibia)"/>
  </concept>
  <concept>
    <code value="smith&amp;nephew_genesis_cruciate_retaining"/>
    <display value="Smith &amp; Nephew: Genesis Cruciate-Retaining"/>
    <definition value="Smith &amp; Nephew: Genesis Cruciate-Retaining (Femur)"/>
  </concept>
  <concept>
    <code value="smith&amp;nephew_genesis_ii"/>
    <display value="Smith &amp; Nephew: Genesis II"/>
    <definition value="Smith &amp; Nephew: Genesis II (Tibia)"/>
  </concept>
  <concept>
    <code value="smith&amp;nephew_genesis_ii_all_poly"/>
    <display value="Smith &amp; Nephew: Genesis II All-Poly"/>
    <definition value="Smith &amp; Nephew: Genesis II All-Poly (Tibia)"/>
  </concept>
  <concept>
    <code value="smith&amp;nephew_genesis_ii_cruciate_retaining"/>
    <display value="Smith &amp; Nephew: Genesis II Cruciate Retaining"/>
    <definition value="Smith &amp; Nephew: Genesis II Cruciate Retaining (Femur)"/>
  </concept>
  <concept>
    <code value="smith&amp;nephew_genesis_ii_long_stem_taper"/>
    <display value="Smith &amp; Nephew: Genesis II Long Stem Taper"/>
    <definition value="Smith &amp; Nephew: Genesis II Long Stem Taper (Femur)"/>
  </concept>
  <concept>
    <code value="smith&amp;nephew_genesis_ii_posterior_stabilized"/>
    <display value="Smith &amp; Nephew: Genesis II Posterior Stabilized"/>
    <definition value="Smith &amp; Nephew: Genesis II Posterior Stabilized (Femur)"/>
  </concept>
  <concept>
    <code value="smith&amp;nephew_genesis_ii_ps_taper"/>
    <display value="Smith &amp; Nephew: Genesis II PS Taper"/>
    <definition value="Smith &amp; Nephew: Genesis II PS Taper (Femur)"/>
  </concept>
  <concept>
    <code value="smith&amp;nephew_genesis_ii_revision"/>
    <display value="Smith &amp; Nephew: Genesis II Revision"/>
    <definition value="Smith &amp; Nephew: Genesis II Revision (Femur + Tibia)"/>
  </concept>
  <concept>
    <code value="smith&amp;nephew_genesis_long_stem_taper"/>
    <display value="Smith &amp; Nephew: Genesis Long Stem Taper"/>
    <definition value="Smith &amp; Nephew: Genesis Long Stem Taper (Femur)"/>
  </concept>
  <concept>
    <code value="smith&amp;nephew_genesis_posterior_stabilized"/>
    <display value="Smith &amp; Nephew: Genesis Posterior Stabilized"/>
    <definition value="Smith &amp; Nephew: Genesis Posterior Stabilized (Femur)"/>
  </concept>
  <concept>
    <code value="smith&amp;nephew_genesis_ps_taper"/>
    <display value="Smith &amp; Nephew: Genesis PS Taper"/>
    <definition value="Smith &amp; Nephew: Genesis PS Taper (Femur)"/>
  </concept>
  <concept>
    <code value="smith&amp;nephew_genesis_revision"/>
    <display value="Smith &amp; Nephew: Genesis Revision"/>
    <definition value="Smith &amp; Nephew: Genesis Revision (Femur + Tibia)"/>
  </concept>
  <concept>
    <code value="smith&amp;nephew_genesis_genesis_uni"/>
    <display value="Smith &amp; Nephew: Genesis Uni"/>
    <definition value="Smith &amp; Nephew: Genesis Uni (Femur + Tibia)"/>
  </concept>
  <concept>
    <code value="smith&amp;nephew_genesis_journey_pfj"/>
    <display value="Smith &amp; Nephew: Journey PFJ"/>
    <definition value="Smith &amp; Nephew: Journey PFJ (Femur)"/>
  </concept>
  <concept>
    <code value="smith&amp;nephew_genesis_legion_cr_oxinium"/>
    <display value="Smith &amp; Nephew: Legion CR Oxinium"/>
    <definition value="Smith &amp; Nephew: Legion CR Oxinium (Femur)"/>
  </concept>
  <concept>
    <code value="smith&amp;nephew_genesis_patella_mod_iii_cartier"/>
    <display value="Smith &amp; Nephew: Patella Mod III Cartier"/>
    <definition value="Smith &amp; Nephew: Patella Mod III Cartier (Femur)"/>
  </concept>
  <concept>
    <code value="smith&amp;nephew_genesis_profix"/>
    <display value="Smith &amp; Nephew: Profix"/>
    <definition value="Smith &amp; Nephew: Profix (Femur + Tibia)"/>
  </concept>
  <concept>
    <code value="smith&amp;nephew_genesis_profix_all_poly"/>
    <display value="Smith &amp; Nephew: Profix All-Poly"/>
    <definition value="Smith &amp; Nephew: Profix All-Poly (Tibia)"/>
  </concept>
  <concept>
    <code value="smith&amp;nephew_genesis_profix_cruciate_retaining"/>
    <display value="Smith &amp; Nephew: Profix Cruciate Retaining"/>
    <definition value="Smith &amp; Nephew: Profix Cruciate Retaining (Femur)"/>
  </concept>
  <concept>
    <code value="smith&amp;nephew_genesis_profix_long_stem_taper"/>
    <display value="Smith &amp; Nephew: Profix Long Stem Taper"/>
    <definition value="Smith &amp; Nephew: Profix Long Stem Taper (Femur)"/>
  </concept>
  <concept>
    <code value="smith&amp;nephew_genesis_profix_posterior_stabilized"/>
    <display value="Smith &amp; Nephew: Profix Posterior Stabilized"/>
    <definition value="Smith &amp; Nephew: Profix Posterior Stabilized (Femur)"/>
  </concept>
  <concept>
    <code value="smith&amp;nephew_genesis_profix_ps_taper"/>
    <display value="Smith &amp; Nephew: Profix PS Taper"/>
    <definition value="Smith &amp; Nephew: Profix PS Taper (Femur)"/>
  </concept>
  <concept>
    <code value="smith&amp;nephew_genesis_profix_revision"/>
    <display value="Smith &amp; Nephew: Profix Revision"/>
    <definition value="Smith &amp; Nephew: Profix Revision (Femur + Tibia)"/>
  </concept>
  <concept>
    <code value="stryker_howmetica_avon"/>
    <display value="Stryker/Howmetica: Avon"/>
    <definition value="Stryker/Howmetica: Avon (Femur)"/>
  </concept>
  <concept>
    <code value="stryker_gmrs"/>
    <display value="Stryker: GMRS"/>
    <definition value="Stryker: GMRS (Femur + Tibia)"/>
  </concept>
  <concept>
    <code value="stryker_modular_rotating_hinge"/>
    <display value="Stryker: Modular Rotating Hinge"/>
    <definition value="Stryker: Modular Rotating Hinge (Femur + Tibia)"/>
  </concept>
  <concept>
    <code value="stryker_restoris_pfa"/>
    <display value="Stryker: Restoris PFA"/>
    <definition value="Stryker: Restoris PFA"/>
  </concept>
  <concept>
    <code value="stryker_restoris_medial_uni"/>
    <display value="Stryker: Restoris Medial Uni"/>
    <definition value="Stryker: Restoris Medial Uni"/>
  </concept>
  <concept>
    <code value="stryker_restoris_lateral_uni"/>
    <display value="Stryker: Restoris Lateral Uni"/>
    <definition value="Stryker: Restoris Lateral Uni"/>
  </concept>
  <concept>
    <code value="stryker_scorpio"/>
    <display value="Stryker: Scorpio"/>
    <definition value="Stryker: Scorpio (Tibia)"/>
  </concept>
  <concept>
    <code value="stryker_scorpio_all_poly"/>
    <display value="Stryker: Scorpio All Poly"/>
    <definition value="Stryker: Scorpio All Poly (Tibia)"/>
  </concept>
  <concept>
    <code value="stryker_scorpio_cr"/>
    <display value="Stryker: Scorpio CR"/>
    <definition value="Stryker: Scorpio CR (Femur)"/>
  </concept>
  <concept>
    <code value="stryker_scorpio_mobile_bearing"/>
    <display value="Stryker: Scorpio + Mobile bearing"/>
    <definition value="Stryker: Scorpio + Mobile bearing (Tibia)"/>
  </concept>
  <concept>
    <code value="stryker_scorpio_ps"/>
    <display value="Stryker: Scorpio PS"/>
    <definition value="Stryker: Scorpio PS (Femur)"/>
  </concept>
  <concept>
    <code value="stryker_scorpio_ts"/>
    <display value="Stryker: Scorpio TS"/>
    <definition value="Stryker: Scorpio TS (Femur + Tibia)"/>
  </concept>
  <concept>
    <code value="stryker_triathlon"/>
    <display value="Stryker: Triathlon"/>
    <definition value="Stryker: Triathlon (Tibia)"/>
  </concept>
  <concept>
    <code value="stryker_triathlon_all_poly"/>
    <display value="Stryker: Triathlon All Poly"/>
    <definition value="Stryker: Triathlon All Poly (Tibia)"/>
  </concept>
  <concept>
    <code value="stryker_triathlon_cr"/>
    <display value="Stryker: Triathlon CR"/>
    <definition value="Stryker: Triathlon CR (Femur)"/>
  </concept>
  <concept>
    <code value="stryker_thriathlon_pkr"/>
    <display value="Stryker: Triathlon PKR"/>
    <definition value="Stryker: Triathlon PKR (Femur + Tibia)"/>
  </concept>
  <concept>
    <code value="stryker_thriathlon_ps"/>
    <display value="Stryker: Triathlon PS"/>
    <definition value="Stryker: Triathlon PS (Femur)"/>
  </concept>
  <concept>
    <code value="stryker_thriathlon_ts"/>
    <display value="Stryker: Triathlon TS"/>
    <definition value="Stryker: Triathlon TS (Femur + Tibia)"/>
  </concept>
  <concept>
    <code value="stryker_triathlon_universal"/>
    <display value="Stryker: Triathlon Universal"/>
    <definition value="Stryker: Triathlon Universal (Tibia)"/>
  </concept>
  <concept>
    <code value="vanguard_da_360"/>
    <display value="Vanguard: DA 360"/>
    <definition value="Vanguard: DA 360 (Femur)"/>
  </concept>
  <concept>
    <code value="vanguard_da_360_tibia_tray"/>
    <display value="Vanguard DA 360 tibia tray"/>
    <definition value="Vanguard DA 360 tibia tray (Tibia)"/>
  </concept>
  <concept>
    <code value="vanguard_rocc_femur_pps_ha_biomet"/>
    <display value="Vanguard: ROCC - Femur PPS + HA Biomet"/>
    <definition value="Vanguard: ROCC - Femur PPS + HA Biomet (Femur)"/>
  </concept>
  <concept>
    <code value="vanguard_ssk_360"/>
    <display value="Vanguard: SSK 360"/>
    <definition value="Vanguard: SSK 360 (Femur)"/>
  </concept>
  <concept>
    <code value="vanguard_ssk_360_tibia_tray"/>
    <display value="Vanguard: SSK 360 tibia tray"/>
    <definition value="Vanguard SSK 360 tibia tray (Tibia)"/>
  </concept>
  <concept>
    <code value="vanguard_xp"/>
    <display value="Vanguard: XP"/>
    <definition value="Vanguard: XP (Femur + Tibia)"/>
  </concept>
  <concept>
    <code value="vanguard_xp_cr"/>
    <display value="Vanguard: XP CR"/>
    <definition value="Vanguard XP CR (Tibia)"/>
  </concept>
  <concept>
    <code value="wright_advance_medial_pivot"/>
    <display value="Wright: Advance Medial Pivot"/>
    <definition value="Wright: Advance Medial Pivot (Femur + Tibia)"/>
  </concept>
  <concept>
    <code value="wright_advance_revision"/>
    <display value="Wright: Advance Revision"/>
    <definition value="Wright: Advance Revision (Femur)"/>
  </concept>
  <concept>
    <code value="wright_advance_revision_constrained"/>
    <display value="Wright: Advance Revision, Constrained"/>
    <definition value="Wright: Advance Revision, Constrained (Tibia)"/>
  </concept>
  <concept>
    <code value="wright_advance_revision_ps"/>
    <display value="Wright: Advance Revision, PS"/>
    <definition value="Wright: Advance Revision, PS (Tibia)"/>
  </concept>
  <concept>
    <code value="wright_advance_statures"/>
    <display value="Wright: Advance Stature"/>
    <definition value="Wright: Advance Stature (Femur)"/>
  </concept>
  <concept>
    <code value="wright_advance_stemmet"/>
    <display value="Wright: Advance Stemmet"/>
    <definition value="Wright: Advance Stemmet (Femur)"/>
  </concept>
  <concept>
    <code value="zimmer_biomet_oxford_lateral_fixed_bearing"/>
    <display value="Zimmer-Biomet: Oxford Lateral Fixed Bearing"/>
    <definition value="Zimmer-Biomet: Oxford Lateral Fixed Bearing (Tibia)"/>
  </concept>
  <concept>
    <code value="zimmer_insall_burstein"/>
    <display value="Zimmer: Insall-Burstein"/>
    <definition value="Zimmer: Insall-Burstein (Femur)"/>
  </concept>
  <concept>
    <code value="zimmer_miller_galante"/>
    <display value="Zimmer: Miller Galante"/>
    <definition value="Zimmer: Miller Galante (Femur + Tibia)"/>
  </concept>
  <concept>
    <code value="zimmer_nexgen_cr"/>
    <display value="Zimmer Biomet: NexGen CR"/>
    <definition value="Zimmer Biomet: NexGen CR (Femur + Tibia)"/>
  </concept>
  <concept>
    <code value="zimmer_nexgen_cr_flex"/>
    <display value="Zimmer: NexGen CR Flex"/>
    <definition value="Zimmer: NexGen CR Flex (Femur + Tibia)"/>
  </concept>
  <concept>
    <code value="zimmer_nexgen_cr_flex_gender"/>
    <display value="Zimmer: NexGen CR Flex Gender"/>
    <definition value="Zimmer: NexGen CR Flex Gender (Femur)"/>
  </concept>
  <concept>
    <code value="zimmer_nexgen_cr_modular_tmt"/>
    <display value="Zimmer Biomet: NexGen CR modulær TMT"/>
    <definition value="Zimmer Biomet: NexGen CR modulær TMT (Tibia)"/>
  </concept>
  <concept>
    <code value="zimmer_nexgen_cr_monoblock_tmt"/>
    <display value="Zimmer Biomet: NexGen CR Monoblok, TMT"/>
    <definition value="Zimmer Biomet: NexGen CR Monoblok, TMT (Tibia)"/>
  </concept>
  <concept>
    <code value="zimmer_nexgen_lcck"/>
    <display value="Zimmer Biomet: NexGen LCCK"/>
    <definition value="Zimmer Biomet: NexGen LCCK (Femur + Tibia)"/>
  </concept>
  <concept>
    <code value="zimmer_nexgen_lps"/>
    <display value="Zimmer Biomet: NexGen LPS"/>
    <definition value="Zimmer Biomet: NexGen LPS (Femur + Tibia)"/>
  </concept>
  <concept>
    <code value="zimmer_nexgen_lps_flex"/>
    <display value="Zimmer Biomet: NexGen LPS Flex"/>
    <definition value="Zimmer Biomet: NexGen LPS Flex (Femur + Tibia)"/>
  </concept>
  <concept>
    <code value="zimmer_nexgen_lps_modular_tmt"/>
    <display value="Zimmer Biomet: NexGen LPS Modulær TMT"/>
    <definition value="Zimmer Biomet: NexGen LPS Modulær TMT (Tibia)"/>
  </concept>
  <concept>
    <code value="zimmer_nexgen_lps_monoblock_tmt"/>
    <display value="Zimmer Biomet: NexGen LPS Monoblok TMT"/>
    <definition value="Zimmer Biomet: NexGen LPS Monoblok TMT (Tibia)"/>
  </concept>
  <concept>
    <code value="zimmer_nexgen_rhk"/>
    <display value="Zimmer Biomet: NexGen RHK"/>
    <definition value="Zimmer Biomet: NexGen RHK (Femur + Tibia)"/>
  </concept>
  <concept>
    <code value="zimmer_nexgen_pfj"/>
    <display value="Zimmer Biomet: PFJ"/>
    <definition value="Zimmer Biomet: PFJ (Femur)"/>
  </concept>
  <concept>
    <code value="zimmer_segmental_system"/>
    <display value="Zimmer: Segmental System"/>
    <definition value="Zimmer: Segmental System (Femur)"/>
  </concept>
</CodeSystem>