<?xml version="1.0" encoding="UTF-8"?>

<CodeSystem xmlns="http://hl7.org/fhir">
  <id value="HarrisHipScoreDistanceWalked"/>
  <text>
    <status value="generated"/><div xmlns="http://www.w3.org/1999/xhtml"><p class="res-header-id"><b>Generated Narrative: CodeSystem HarrisHipScoreDistanceWalked</b></p><a name="HarrisHipScoreDistanceWalked"> </a><a name="hcHarrisHipScoreDistanceWalked"> </a><a name="HarrisHipScoreDistanceWalked-en-US"> </a><p>This case-insensitive code system <code>https://kip.rkkp.dk/fhir/CodeSystem/HarrisHipScoreDistanceWalked</code> defines the following codes:</p><table class="codes"><tr><td style="white-space:nowrap"><b>Code</b></td><td><b>Display</b></td><td><b>Definition</b></td></tr><tr><td style="white-space:nowrap">11<a name="HarrisHipScoreDistanceWalked-11"> </a></td><td>Unlimited</td><td>Unlimited (11)</td></tr><tr><td style="white-space:nowrap">8<a name="HarrisHipScoreDistanceWalked-8"> </a></td><td>Six blocks (30 minutes)</td><td>Six blocks (30 minutes) (8)</td></tr><tr><td style="white-space:nowrap">5<a name="HarrisHipScoreDistanceWalked-5"> </a></td><td>Two og three blocks (10-15 minutes)</td><td>Two og three blocks (10-15 minutes) (5)</td></tr><tr><td style="white-space:nowrap">2<a name="HarrisHipScoreDistanceWalked-2"> </a></td><td>Indoors only</td><td>Indoors only (2)</td></tr><tr><td style="white-space:nowrap">0<a name="HarrisHipScoreDistanceWalked-0"> </a></td><td>Bed and chair only</td><td>Bed and chair only (0)</td></tr></table></div>
  </text>
  <url value="https://kip.rkkp.dk/fhir/CodeSystem/HarrisHipScoreDistanceWalked"/>
  <version value="0.1.8"/>
  <name value="HarrisHipScoreDistanceWalked"/>
  <title value="Harris Hip Score (HHS) - Distance walked"/>
  <status value="active"/>
  <date value="2022-07-06T00:00:00+02:00"/>
  <publisher value="Sundhedsvæsnets Kvalistetsinstitut with Trifork Digital Health A/S"/>
  <contact>
    <name value="Sundhedsvæsnets Kvalistetsinstitut with Trifork Digital Health A/S"/>
    <telecom>
      <system value="url"/>
      <value value="https://trifork.com"/>
    </telecom>
    <telecom>
      <system value="email"/>
      <value value="rbk@trifork.com"/>
    </telecom>
  </contact>
  <description value="Harris Hip Score (HHS) - Distance walked. Link: https://www.orthopaedicscore.com/scorepages/harris_hip_score.html"/>
  <caseSensitive value="false"/>
  <content value="complete"/>
  <count value="5"/>
  <concept>
    <code value="11"/>
    <display value="Unlimited"/>
    <definition value="Unlimited (11)"/>
  </concept>
  <concept>
    <code value="8"/>
    <display value="Six blocks (30 minutes)"/>
    <definition value="Six blocks (30 minutes) (8)"/>
  </concept>
  <concept>
    <code value="5"/>
    <display value="Two og three blocks (10-15 minutes)"/>
    <definition value="Two og three blocks (10-15 minutes) (5)"/>
  </concept>
  <concept>
    <code value="2"/>
    <display value="Indoors only"/>
    <definition value="Indoors only (2)"/>
  </concept>
  <concept>
    <code value="0"/>
    <display value="Bed and chair only"/>
    <definition value="Bed and chair only (0)"/>
  </concept>
</CodeSystem>