<?xml version="1.0" encoding="UTF-8"?>

<CodeSystem xmlns="http://hl7.org/fhir">
  <id value="MuligVanskeligUmulig"/>
  <text>
    <status value="generated"/><div xmlns="http://www.w3.org/1999/xhtml"><p class="res-header-id"><b>Generated Narrative: CodeSystem MuligVanskeligUmulig</b></p><a name="MuligVanskeligUmulig"> </a><a name="hcMuligVanskeligUmulig"> </a><a name="MuligVanskeligUmulig-en-US"> </a><p>This  code system <code>https://kip.rkkp.dk/fhir/CodeSystem/MuligVanskeligUmulig</code> defines the following codes:</p><table class="codes"><tr><td style="white-space:nowrap"><b>Code</b></td><td><b>Display</b></td><td><b>Definition</b></td></tr><tr><td style="white-space:nowrap">mulig<a name="MuligVanskeligUmulig-mulig"> </a></td><td>Mulig</td><td>Behandlingen er mulig</td></tr><tr><td style="white-space:nowrap">vanskelig<a name="MuligVanskeligUmulig-vanskelig"> </a></td><td>Vanskelig</td><td>Behandlingen er vanskelig men mulig</td></tr><tr><td style="white-space:nowrap">umulig<a name="MuligVanskeligUmulig-umulig"> </a></td><td>Umulig</td><td>Behandlingen er ikke mulig</td></tr></table></div>
  </text>
  <url value="https://kip.rkkp.dk/fhir/CodeSystem/MuligVanskeligUmulig"/>
  <version value="0.1.8"/>
  <name value="MuligVanskeligUmulig"/>
  <title value="Mulig-Vanskelig-Umulig"/>
  <status value="active"/>
  <date value="2022-06-09T00:00:00+02:00"/>
  <publisher value="Sundhedsvæsnets Kvalistetsinstitut with Trifork Digital Health A/S"/>
  <contact>
    <name value="Sundhedsvæsnets Kvalistetsinstitut with Trifork Digital Health A/S"/>
    <telecom>
      <system value="url"/>
      <value value="https://trifork.com"/>
    </telecom>
    <telecom>
      <system value="email"/>
      <value value="rbk@trifork.com"/>
    </telecom>
  </contact>
  <description value="Vurdering af behandling"/>
  <content value="complete"/>
  <count value="3"/>
  <concept>
    <code value="mulig"/>
    <display value="Mulig"/>
    <definition value="Behandlingen er mulig"/>
  </concept>
  <concept>
    <code value="vanskelig"/>
    <display value="Vanskelig"/>
    <definition value="Behandlingen er vanskelig men mulig"/>
  </concept>
  <concept>
    <code value="umulig"/>
    <display value="Umulig"/>
    <definition value="Behandlingen er ikke mulig"/>
  </concept>
</CodeSystem>