<?xml version="1.0" encoding="UTF-8"?>

<ValueSet xmlns="http://hl7.org/fhir">
  <id value="HaemoglobinTransf4"/>
  <text>
    <status value="extensions"/><div xmlns="http://www.w3.org/1999/xhtml"><p class="res-header-id"><b>Generated Narrative: ValueSet HaemoglobinTransf4</b></p><a name="HaemoglobinTransf4"> </a><a name="hcHaemoglobinTransf4"> </a><a name="HaemoglobinTransf4-en-US"> </a><ul><li>Include these codes as defined in <a href="CodeSystem-HaemoglobinTransf4.html"><code>https://kip.rkkp.dk/fhir/CodeSystem/HaemoglobinTransf4</code></a><table class="none"><tr><td style="white-space:nowrap"><b>Code</b></td><td><b>Display</b></td><td><b>Definition</b></td></tr><tr><td><a href="CodeSystem-HaemoglobinTransf4.html#HaemoglobinTransf4-hgb_trfGE56">hgb_trfGE56</a></td><td>=&gt;5,6 mmol/L</td><td>=&gt;5,6 mmol/L</td></tr><tr><td><a href="CodeSystem-HaemoglobinTransf4.html#HaemoglobinTransf4-hgb_trfGE43">hgb_trfGE43</a></td><td>=&gt;4,3 mmol/L og &lt;5,6 mmol/L</td><td>=&gt;4,3 mmol/L og &lt;5,6 mmol/L</td></tr><tr><td><a href="CodeSystem-HaemoglobinTransf4.html#HaemoglobinTransf4-hgb_trfLT43">hgb_trfLT43</a></td><td>&lt;4,3 mmol/L</td><td>&lt;4,3 mmol/L</td></tr><tr><td><a href="CodeSystem-HaemoglobinTransf4.html#HaemoglobinTransf4-hgb_novalue">hgb_novalue</a></td><td>Ikke målt</td><td>Ikke målt</td></tr></table></li></ul></div>
  </text>
  <url value="https://kip.rkkp.dk/fhir/ValueSet/HaemoglobinTransf4"/>
  <version value="0.1.8"/>
  <name value="HaemoglobinTransf4"/>
  <title value="HGBTransfusion4"/>
  <status value="active"/>
  <experimental value="true"/>
  <date value="2022-05-16T00:00:00+02:00"/>
  <publisher value="Sundhedsvæsnets Kvalistetsinstitut with Trifork Digital Health A/S"/>
  <contact>
    <name value="Sundhedsvæsnets Kvalistetsinstitut with Trifork Digital Health A/S"/>
    <telecom>
      <system value="url"/>
      <value value="https://trifork.com"/>
    </telecom>
    <telecom>
      <system value="email"/>
      <value value="rbk@trifork.com"/>
    </telecom>
  </contact>
  <description value="Hæmoglobinværdi før blodtransfusion - 4 valg"/>
  <compose>
    <include>
      <system value="https://kip.rkkp.dk/fhir/CodeSystem/HaemoglobinTransf4"/>
      <concept>
        <code value="hgb_trfGE56"/>
        <display value="=&gt;5,6 mmol/L"/>
      </concept>
      <concept>
        <code value="hgb_trfGE43"/>
        <display value="=&gt;4,3 mmol/L og &lt;5,6 mmol/L"/>
      </concept>
      <concept>
        <code value="hgb_trfLT43"/>
        <display value="&lt;4,3 mmol/L"/>
      </concept>
      <concept>
        <code value="hgb_novalue"/>
        <display value="Ikke målt"/>
      </concept>
    </include>
  </compose>
</ValueSet>