<?xml version="1.0" encoding="UTF-8"?>

<ValueSet xmlns="http://hl7.org/fhir">
  <id value="SymptomerMikrovaskulaer"/>
  <text>
    <status value="extensions"/><div xmlns="http://www.w3.org/1999/xhtml"><p class="res-header-id"><b>Generated Narrative: ValueSet SymptomerMikrovaskulaer</b></p><a name="SymptomerMikrovaskulaer"> </a><a name="hcSymptomerMikrovaskulaer"> </a><a name="SymptomerMikrovaskulaer-en-US"> </a><ul><li>Include these codes as defined in <a href="CodeSystem-Symptoms.html"><code>https://kip.rkkp.dk/fhir/CodeSystem/Symptoms</code></a><table class="none"><tr><td style="white-space:nowrap"><b>Code</b></td><td><b>Display</b></td><td><b>Definition</b></td></tr><tr><td><a href="CodeSystem-Symptoms.html#Symptoms-visual_disorders">visual_disorders</a></td><td>Synsforstyrrelser</td><td>Visual disorders / Synsforstyrrelser</td></tr><tr><td><a href="CodeSystem-Symptoms.html#Symptoms-dizziness">dizziness</a></td><td>Svimmelhed</td><td>Dizziness / Svimmelhed</td></tr><tr><td><a href="CodeSystem-Symptoms.html#Symptoms-headache">headache</a></td><td>Hovedpine</td><td>Headache / Hovedpine</td></tr><tr><td><a href="CodeSystem-Symptoms.html#Symptoms-erythromelalgia">erythromelalgia</a></td><td>Erythromelagi</td><td>Erythromelalgia / Erythromelagi</td></tr><tr><td><a href="CodeSystem-Symptoms.html#Symptoms-necrosis">necrosis</a></td><td>Nekrose/sårdannelser</td><td>Necrosis / Nekrose; sårdannelse</td></tr></table></li></ul></div>
  </text>
  <url value="https://kip.rkkp.dk/fhir/ValueSet/SymptomerMikrovaskulaer"/>
  <version value="0.1.8"/>
  <name value="SymptomerMikrovaskulaer"/>
  <title value="Symptomer Mikrovaskulære"/>
  <status value="active"/>
  <experimental value="true"/>
  <date value="2022-07-18T00:00:00+02:00"/>
  <publisher value="Sundhedsvæsnets Kvalistetsinstitut with Trifork Digital Health A/S"/>
  <contact>
    <name value="Sundhedsvæsnets Kvalistetsinstitut with Trifork Digital Health A/S"/>
    <telecom>
      <system value="url"/>
      <value value="https://trifork.com"/>
    </telecom>
    <telecom>
      <system value="email"/>
      <value value="rbk@trifork.com"/>
    </telecom>
  </contact>
  <description value="Typer af mikrovaskulære symptomeromplikationer - DMPN"/>
  <compose>
    <include>
      <system value="https://kip.rkkp.dk/fhir/CodeSystem/Symptoms"/>
      <concept>
        <code value="visual_disorders"/>
        <display value="Synsforstyrrelser"/>
      </concept>
      <concept>
        <code value="dizziness"/>
        <display value="Svimmelhed"/>
      </concept>
      <concept>
        <code value="headache"/>
        <display value="Hovedpine"/>
      </concept>
      <concept>
        <code value="erythromelalgia"/>
        <display value="Erythromelagi"/>
      </concept>
      <concept>
        <code value="necrosis"/>
        <display value="Nekrose/sårdannelser"/>
      </concept>
    </include>
  </compose>
</ValueSet>