<?xml version="1.0" encoding="UTF-8"?>

<ValueSet xmlns="http://hl7.org/fhir">
  <id value="DiagnosegruppeHAEMA"/>
  <text>
    <status value="extensions"/><div xmlns="http://www.w3.org/1999/xhtml"><p class="res-header-id"><b>Generated Narrative: ValueSet DiagnosegruppeHAEMA</b></p><a name="DiagnosegruppeHAEMA"> </a><a name="hcDiagnosegruppeHAEMA"> </a><a name="DiagnosegruppeHAEMA-en-US"> </a><ul><li>Include these codes as defined in <a href="CodeSystem-DiseasesUnspecified.html"><code>https://kip.rkkp.dk/fhir/CodeSystem/DiseasesUnspecified</code></a><table class="none"><tr><td style="white-space:nowrap"><b>Code</b></td><td><b>Display</b></td><td><b>Definition</b></td></tr><tr><td><a href="CodeSystem-DiseasesUnspecified.html#DiseasesUnspecified-al">al</a></td><td>Akut leukæmi (AL)</td><td>Akut leumæmi (AL)</td></tr><tr><td><a href="CodeSystem-DiseasesUnspecified.html#DiseasesUnspecified-cll">cll</a></td><td>Kronisk lymfatisk leukæmi (CLL)</td><td>Kronisk lymfatisk leukæmi (CLL)</td></tr><tr><td><a href="CodeSystem-DiseasesUnspecified.html#DiseasesUnspecified-lymfom">lymfom</a></td><td>Lymfom (LYFO)</td><td>Lymfom (LYFO)</td></tr><tr><td><a href="CodeSystem-DiseasesUnspecified.html#DiseasesUnspecified-mds">mds</a></td><td>Myelodysplasi (MDS)</td><td>Myelodysplasi (MDS)</td></tr><tr><td><a href="CodeSystem-DiseasesUnspecified.html#DiseasesUnspecified-myeloproliferativ_sygdom">myeloproliferativ_sygdom</a></td><td>Myeloproliferativ sygdom</td><td>Myeloproliferativ sygdom</td></tr><tr><td><a href="CodeSystem-DiseasesUnspecified.html#DiseasesUnspecified-myelomatose">myelomatose</a></td><td>Myelomatose</td><td>Myelomatose</td></tr></table></li></ul></div>
  </text>
  <url value="https://kip.rkkp.dk/fhir/ValueSet/DiagnosegruppeHAEMA"/>
  <version value="0.1.8"/>
  <name value="DiagnosegruppeHAEMA"/>
  <title value="Diagnosegruppe (HAEMA)"/>
  <status value="active"/>
  <experimental value="true"/>
  <date value="2022-08-22T00:00:00+02:00"/>
  <publisher value="Sundhedsvæsnets Kvalistetsinstitut with Trifork Digital Health A/S"/>
  <contact>
    <name value="Sundhedsvæsnets Kvalistetsinstitut with Trifork Digital Health A/S"/>
    <telecom>
      <system value="url"/>
      <value value="https://trifork.com"/>
    </telecom>
    <telecom>
      <system value="email"/>
      <value value="rbk@trifork.com"/>
    </telecom>
  </contact>
  <description value="Diagnosegruppe (HAEMA)"/>
  <compose>
    <include>
      <system value="https://kip.rkkp.dk/fhir/CodeSystem/DiseasesUnspecified"/>
      <concept>
        <code value="al"/>
        <display value="Akut leukæmi (AL)"/>
      </concept>
      <concept>
        <code value="cll"/>
        <display value="Kronisk lymfatisk leukæmi (CLL)"/>
      </concept>
      <concept>
        <code value="lymfom"/>
        <display value="Lymfom (LYFO)"/>
      </concept>
      <concept>
        <code value="mds"/>
        <display value="Myelodysplasi (MDS)"/>
      </concept>
      <concept>
        <code value="myeloproliferativ_sygdom"/>
        <display value="Myeloproliferativ sygdom"/>
      </concept>
      <concept>
        <code value="myelomatose"/>
        <display value="Myelomatose"/>
      </concept>
    </include>
  </compose>
</ValueSet>