<?xml version="1.0" encoding="UTF-8"?>

<ValueSet xmlns="http://hl7.org/fhir">
  <id value="VancouverKlassifikationDHR"/>
  <text>
    <status value="extensions"/><div xmlns="http://www.w3.org/1999/xhtml"><p class="res-header-id"><b>Generated Narrative: ValueSet VancouverKlassifikationDHR</b></p><a name="VancouverKlassifikationDHR"> </a><a name="hcVancouverKlassifikationDHR"> </a><a name="VancouverKlassifikationDHR-en-US"> </a><ul><li>Include these codes as defined in <a href="CodeSystem-VancouverClassification.html"><code>https://kip.rkkp.dk/fhir/CodeSystem/VancouverClassification</code></a><table class="none"><tr><td style="white-space:nowrap"><b>Code</b></td><td><b>Display</b></td><td><b>Definition</b></td></tr><tr><td><a href="CodeSystem-VancouverClassification.html#VancouverClassification-type_ag">type_ag</a></td><td>A1. Fraktur svarende til trochanter major</td><td>Type A(G): greater trochanter</td></tr><tr><td><a href="CodeSystem-VancouverClassification.html#VancouverClassification-type_al">type_al</a></td><td>A2. Fraktur svarende til trochanter minor</td><td>Type A(L): lesser trochanter</td></tr><tr><td><a href="CodeSystem-VancouverClassification.html#VancouverClassification-type_b1">type_b1</a></td><td>B1. Fraktur omkring fastsiddende stem eller lige nedenfor stem spids</td><td>Type B1: stem stable</td></tr><tr><td><a href="CodeSystem-VancouverClassification.html#VancouverClassification-type_b2">type_b2</a></td><td>B2. Fraktur omkring løst stem eller lige nedenfor stem spids med god knoglekvalitet</td><td>Type B2: stem loose</td></tr><tr><td><a href="CodeSystem-VancouverClassification.html#VancouverClassification-type_b3">type_b3</a></td><td>B3. Fraktur omkring løst stem eller lige nedenfor stem spids med dårlig knoglekvalitet</td><td>Type B3: stem loose, bone stock inadequate</td></tr><tr><td><a href="CodeSystem-VancouverClassification.html#VancouverClassification-type_c1">type_c1</a></td><td>C1. Fraktur klart distalt for stemmet uden osteosynteseyntese</td><td>Type C1</td></tr><tr><td><a href="CodeSystem-VancouverClassification.html#VancouverClassification-type_c2">type_c2</a></td><td>C2. Fraktur klart distalt for stemmet med osteosyntese</td><td>Type C2</td></tr></table></li></ul></div>
  </text>
  <url value="https://kip.rkkp.dk/fhir/ValueSet/VancouverKlassifikationDHR"/>
  <version value="0.1.8"/>
  <name value="VancouverKlassifikationDHR"/>
  <title value="Vancouver klassifikation (DHR)"/>
  <status value="active"/>
  <experimental value="true"/>
  <date value="2022-07-20T00:00:00+02:00"/>
  <publisher value="Sundhedsvæsnets Kvalistetsinstitut with Trifork Digital Health A/S"/>
  <contact>
    <name value="Sundhedsvæsnets Kvalistetsinstitut with Trifork Digital Health A/S"/>
    <telecom>
      <system value="url"/>
      <value value="https://trifork.com"/>
    </telecom>
    <telecom>
      <system value="email"/>
      <value value="rbk@trifork.com"/>
    </telecom>
  </contact>
  <description value="Vancouver klassifikation (DHR)"/>
  <compose>
    <include>
      <system value="https://kip.rkkp.dk/fhir/CodeSystem/VancouverClassification"/>
      <concept>
        <code value="type_ag"/>
        <display value="A1. Fraktur svarende til trochanter major"/>
      </concept>
      <concept>
        <code value="type_al"/>
        <display value="A2. Fraktur svarende til trochanter minor"/>
      </concept>
      <concept>
        <code value="type_b1"/>
        <display value="B1. Fraktur omkring fastsiddende stem eller lige nedenfor stem spids"/>
      </concept>
      <concept>
        <code value="type_b2"/>
        <display value="B2. Fraktur omkring løst stem eller lige nedenfor stem spids med god knoglekvalitet"/>
      </concept>
      <concept>
        <code value="type_b3"/>
        <display value="B3. Fraktur omkring løst stem eller lige nedenfor stem spids med dårlig knoglekvalitet"/>
      </concept>
      <concept>
        <code value="type_c1"/>
        <display value="C1. Fraktur klart distalt for stemmet uden osteosynteseyntese"/>
      </concept>
      <concept>
        <code value="type_c2"/>
        <display value="C2. Fraktur klart distalt for stemmet med osteosyntese"/>
      </concept>
    </include>
  </compose>
</ValueSet>