<?xml version="1.0" encoding="UTF-8"?>

<ValueSet xmlns="http://hl7.org/fhir">
  <id value="CaputModulaerTypeDHR"/>
  <text>
    <status value="extensions"/><div xmlns="http://www.w3.org/1999/xhtml"><p class="res-header-id"><b>Generated Narrative: ValueSet CaputModulaerTypeDHR</b></p><a name="CaputModulaerTypeDHR"> </a><a name="hcCaputModulaerTypeDHR"> </a><a name="CaputModulaerTypeDHR-en-US"> </a><ul><li>Include these codes as defined in <a href="CodeSystem-ImplantComponents.html"><code>https://kip.rkkp.dk/fhir/CodeSystem/ImplantComponents</code></a><table class="none"><tr><td style="white-space:nowrap"><b>Code</b></td><td><b>Display</b></td><td><b>Definition</b></td></tr><tr><td><a href="CodeSystem-ImplantComponents.html#ImplantComponents-firm_neck">firm_neck</a></td><td>Fast hals</td><td>Firm neck / Fast hals</td></tr><tr><td><a href="CodeSystem-ImplantComponents.html#ImplantComponents-detachable_neck">detachable_neck</a></td><td>Aftagelig hals (neck segment)</td><td>Detachable neck / Aftagelig hals</td></tr></table></li></ul></div>
  </text>
  <url value="https://kip.rkkp.dk/fhir/ValueSet/CaputModulaerTypeDHR"/>
  <version value="0.1.8"/>
  <name value="CaputModulaerTypeDHR"/>
  <title value="Caput modulær type - (DHR)"/>
  <status value="active"/>
  <experimental value="true"/>
  <date value="2022-11-02T00:00:00+02:00"/>
  <publisher value="Sundhedsvæsnets Kvalistetsinstitut with Trifork Digital Health A/S"/>
  <contact>
    <name value="Sundhedsvæsnets Kvalistetsinstitut with Trifork Digital Health A/S"/>
    <telecom>
      <system value="url"/>
      <value value="https://trifork.com"/>
    </telecom>
    <telecom>
      <system value="email"/>
      <value value="rbk@trifork.com"/>
    </telecom>
  </contact>
  <description value="Caput modulær type - (DHR)"/>
  <compose>
    <include>
      <system value="https://kip.rkkp.dk/fhir/CodeSystem/ImplantComponents"/>
      <concept>
        <code value="firm_neck"/>
        <display value="Fast hals"/>
      </concept>
      <concept>
        <code value="detachable_neck"/>
        <display value="Aftagelig hals (neck segment)"/>
      </concept>
    </include>
  </compose>
</ValueSet>