<?xml version="1.0" encoding="UTF-8"?>

<ValueSet xmlns="http://hl7.org/fhir">
  <id value="Operationsside"/>
  <text>
    <status value="extensions"/><div xmlns="http://www.w3.org/1999/xhtml"><p class="res-header-id"><b>Generated Narrative: ValueSet Operationsside</b></p><a name="Operationsside"> </a><a name="hcOperationsside"> </a><a name="Operationsside-en-US"> </a><ul><li>Include these codes as defined in <a href="http://terminology.hl7.org/3.1.0/CodeSystem-v2-0894.html"><code>http://terminology.hl7.org/CodeSystem/v2-0894</code></a><table class="none"><tr><td style="white-space:nowrap"><b>Code</b></td><td><b>Display</b></td><td><b>Definition</b></td></tr><tr><td><a href="http://terminology.hl7.org/3.1.0/CodeSystem-v2-0894.html#v2-0894-R">R</a></td><td>Højre</td><td>Right</td></tr><tr><td><a href="http://terminology.hl7.org/3.1.0/CodeSystem-v2-0894.html#v2-0894-L">L</a></td><td>Venstre</td><td>Left</td></tr></table></li></ul></div>
  </text>
  <url value="https://kip.rkkp.dk/fhir/ValueSet/Operationsside"/>
  <version value="0.1.8"/>
  <name value="Operationsside"/>
  <title value="Operationsside (højre/venstre)"/>
  <status value="active"/>
  <experimental value="true"/>
  <date value="2022-07-04T00:00:00+02:00"/>
  <publisher value="Sundhedsvæsnets Kvalistetsinstitut with Trifork Digital Health A/S"/>
  <contact>
    <name value="Sundhedsvæsnets Kvalistetsinstitut with Trifork Digital Health A/S"/>
    <telecom>
      <system value="url"/>
      <value value="https://trifork.com"/>
    </telecom>
    <telecom>
      <system value="email"/>
      <value value="rbk@trifork.com"/>
    </telecom>
  </contact>
  <description value="Operationsside (højre/venstre)"/>
  <compose>
    <include>
      <system value="http://terminology.hl7.org/CodeSystem/v2-0894"/>
      <concept>
        <code value="R"/>
        <display value="Højre"/>
      </concept>
      <concept>
        <code value="L"/>
        <display value="Venstre"/>
      </concept>
    </include>
  </compose>
</ValueSet>