<?xml version="1.0" encoding="UTF-8"?>

<ValueSet xmlns="http://hl7.org/fhir">
  <id value="RKlassifikationTilDegc"/>
  <text>
    <status value="extensions"/><div xmlns="http://www.w3.org/1999/xhtml"><p class="res-header-id"><b>Generated Narrative: ValueSet RKlassifikationTilDegc</b></p><a name="RKlassifikationTilDegc"> </a><a name="hcRKlassifikationTilDegc"> </a><a name="RKlassifikationTilDegc-en-US"> </a><ul><li>Include these codes as defined in <a href="CodeSystem-ResidualTumorClassification.html"><code>https://kip.rkkp.dk/fhir/CodeSystem/ResidualTumorClassification</code></a><table class="none"><tr><td style="white-space:nowrap"><b>Code</b></td><td><b>Display</b></td><td><b>Definition</b></td></tr><tr><td><a href="CodeSystem-ResidualTumorClassification.html#ResidualTumorClassification-r01">r01</a></td><td>R0/R1 - Ingen synlig resttumor</td><td>No visible presence of residual tumor</td></tr><tr><td><a href="CodeSystem-ResidualTumorClassification.html#ResidualTumorClassification-r2">r2</a></td><td>R2 - Makroskopisk resttumor</td><td>R2 Macroscopic residual tumor.</td></tr></table></li></ul></div>
  </text>
  <url value="https://kip.rkkp.dk/fhir/ValueSet/RKlassifikationTilDegc"/>
  <version value="0.1.8"/>
  <name value="RKlassifikationTilDegc"/>
  <title value="R-klassifikation til DEGC"/>
  <status value="active"/>
  <experimental value="true"/>
  <date value="2022-09-21T00:00:00+02:00"/>
  <publisher value="Sundhedsvæsnets Kvalistetsinstitut with Trifork Digital Health A/S"/>
  <contact>
    <name value="Sundhedsvæsnets Kvalistetsinstitut with Trifork Digital Health A/S"/>
    <telecom>
      <system value="url"/>
      <value value="https://trifork.com"/>
    </telecom>
    <telecom>
      <system value="email"/>
      <value value="rbk@trifork.com"/>
    </telecom>
  </contact>
  <description value="R-klassifikation (Residual tumor) til DEGC"/>
  <compose>
    <include>
      <system value="https://kip.rkkp.dk/fhir/CodeSystem/ResidualTumorClassification"/>
      <concept>
        <code value="r01"/>
        <display value="R0/R1 - Ingen synlig resttumor"/>
      </concept>
      <concept>
        <code value="r2"/>
        <display value="R2 - Makroskopisk resttumor"/>
      </concept>
    </include>
  </compose>
</ValueSet>