<?xml version="1.0" encoding="UTF-8"?>

<ValueSet xmlns="http://hl7.org/fhir">
  <id value="ProcedureIkkeGennemfortDCCG"/>
  <text>
    <status value="extensions"/><div xmlns="http://www.w3.org/1999/xhtml"><p class="res-header-id"><b>Generated Narrative: ValueSet ProcedureIkkeGennemfortDCCG</b></p><a name="ProcedureIkkeGennemfortDCCG"> </a><a name="hcProcedureIkkeGennemfortDCCG"> </a><a name="ProcedureIkkeGennemfortDCCG-en-US"> </a><p>This value set includes codes based on the following rules:</p><ul><li>Include these codes as defined in <a href="CodeSystem-ProcedureNotCompleted.html"><code>https://kip.rkkp.dk/fhir/CodeSystem/ProcedureNotCompleted</code></a><table class="none"><tr><td style="white-space:nowrap"><b>Code</b></td><td><b>Display</b></td><td><b>Definition</b></td></tr><tr><td><a href="CodeSystem-ProcedureNotCompleted.html#ProcedureNotCompleted-disease_progression">disease_progression</a></td><td>Sygdomsprogression</td><td>Progression of disease / Sygdomsprogression</td></tr><tr><td><a href="CodeSystem-ProcedureNotCompleted.html#ProcedureNotCompleted-disease_regression">disease_regression</a></td><td>Sygdomsregression</td><td>Regression of disease / Sygdomsregression</td></tr><tr><td><a href="CodeSystem-ProcedureNotCompleted.html#ProcedureNotCompleted-comorbidity">comorbidity</a></td><td>Komorbiditet</td><td>Comorbidity / Komorbiditet</td></tr><tr><td><a href="CodeSystem-ProcedureNotCompleted.html#ProcedureNotCompleted-patients_wish">patients_wish</a></td><td>Patientønske</td><td>Patient's wish / Patientønske</td></tr><tr><td><a href="CodeSystem-ProcedureNotCompleted.html#ProcedureNotCompleted-death">death</a></td><td>Dødsfald</td><td>Death / Dødsfald</td></tr></table></li><li>Include these codes as defined in <a href="CodeSystem-GenericValues.html"><code>https://kip.rkkp.dk/fhir/CodeSystem/GenericValues</code></a><table class="none"><tr><td style="white-space:nowrap"><b>Code</b></td><td><b>Display</b></td><td><b>Definition</b></td></tr><tr><td><a href="CodeSystem-GenericValues.html#GenericValues-other">other</a></td><td>Anden eller ikke oplyst årsag</td><td>Other - used to choose unspecific value not in a valueset</td></tr></table></li></ul></div>
  </text>
  <url value="https://kip.rkkp.dk/fhir/ValueSet/ProcedureIkkeGennemfortDCCG"/>
  <version value="0.1.8"/>
  <name value="ProcedureIkkeGennemfortDCCG"/>
  <title value="Procedure Ikke Gennemført DCCG"/>
  <status value="active"/>
  <experimental value="true"/>
  <date value="2022-09-07T00:00:00+02:00"/>
  <publisher value="Sundhedsvæsnets Kvalistetsinstitut with Trifork Digital Health A/S"/>
  <contact>
    <name value="Sundhedsvæsnets Kvalistetsinstitut with Trifork Digital Health A/S"/>
    <telecom>
      <system value="url"/>
      <value value="https://trifork.com"/>
    </telecom>
    <telecom>
      <system value="email"/>
      <value value="rbk@trifork.com"/>
    </telecom>
  </contact>
  <description value="Procedure Ikke Gennemført DCCG"/>
  <compose>
    <include>
      <system value="https://kip.rkkp.dk/fhir/CodeSystem/ProcedureNotCompleted"/>
      <concept>
        <code value="disease_progression"/>
        <display value="Sygdomsprogression"/>
      </concept>
      <concept>
        <code value="disease_regression"/>
        <display value="Sygdomsregression"/>
      </concept>
      <concept>
        <code value="comorbidity"/>
        <display value="Komorbiditet"/>
      </concept>
      <concept>
        <code value="patients_wish"/>
        <display value="Patientønske"/>
      </concept>
      <concept>
        <code value="death"/>
        <display value="Dødsfald"/>
      </concept>
    </include>
    <include>
      <system value="https://kip.rkkp.dk/fhir/CodeSystem/GenericValues"/>
      <concept>
        <code value="other"/>
        <display value="Anden eller ikke oplyst årsag"/>
      </concept>
    </include>
  </compose>
</ValueSet>