<?xml version="1.0" encoding="UTF-8"?>

<ValueSet xmlns="http://hl7.org/fhir">
  <id value="KomplBloedDiagDUGA"/>
  <text>
    <status value="extensions"/><div xmlns="http://www.w3.org/1999/xhtml"><p class="res-header-id"><b>Generated Narrative: ValueSet KomplBloedDiagDUGA</b></p><a name="KomplBloedDiagDUGA"> </a><a name="hcKomplBloedDiagDUGA"> </a><a name="KomplBloedDiagDUGA-en-US"> </a><ul><li>Include these codes as defined in <a href="CodeSystem-ProcedureUrogyn.html"><code>https://kip.rkkp.dk/fhir/CodeSystem/ProcedureUrogyn</code></a><table class="none"><tr><td style="white-space:nowrap"><b>Code</b></td><td><b>Display</b></td><td><b>Definition</b></td></tr><tr><td><a href="CodeSystem-ProcedureUrogyn.html#ProcedureUrogyn-DT810G">DT810G</a></td><td>DT810G: Postoperativ blødning UNS</td><td>Postoperativ blødning UNS</td></tr><tr><td><a href="CodeSystem-ProcedureUrogyn.html#ProcedureUrogyn-DT810H">DT810H</a></td><td>DT810H: Postoperativt hæmatom UNS</td><td>Postoperativt hæmatom UNS</td></tr><tr><td><a href="CodeSystem-ProcedureUrogyn.html#ProcedureUrogyn-DT818F">DT818F</a></td><td>DT818F: Peroperativ blødning UNS</td><td>Peroperativ blødning UNS</td></tr></table></li></ul></div>
  </text>
  <url value="https://kip.rkkp.dk/fhir/ValueSet/KomplBloedDiagDUGA"/>
  <version value="0.1.8"/>
  <name value="KomplBloedDiagDUGA"/>
  <title value="Komplikationer pga. blødning - Diagnosekoder (DUGA)"/>
  <status value="active"/>
  <experimental value="true"/>
  <date value="2024-02-21T00:00:00+02:00"/>
  <publisher value="Sundhedsvæsnets Kvalistetsinstitut with Trifork Digital Health A/S"/>
  <contact>
    <name value="Sundhedsvæsnets Kvalistetsinstitut with Trifork Digital Health A/S"/>
    <telecom>
      <system value="url"/>
      <value value="https://trifork.com"/>
    </telecom>
    <telecom>
      <system value="email"/>
      <value value="rbk@trifork.com"/>
    </telecom>
  </contact>
  <description value="Komplikationer pga. blødning - Diagnosekoder (DUGA)"/>
  <compose>
    <include>
      <system value="https://kip.rkkp.dk/fhir/CodeSystem/ProcedureUrogyn"/>
      <concept>
        <code value="DT810G"/>
        <display value="DT810G: Postoperativ blødning UNS"/>
      </concept>
      <concept>
        <code value="DT810H"/>
        <display value="DT810H: Postoperativt hæmatom UNS"/>
      </concept>
      <concept>
        <code value="DT818F"/>
        <display value="DT818F: Peroperativ blødning UNS"/>
      </concept>
    </include>
  </compose>
</ValueSet>