<?xml version="1.0" encoding="UTF-8"?>

<ValueSet xmlns="http://hl7.org/fhir">
  <id value="BoligformDAP"/>
  <text>
    <status value="extensions"/><div xmlns="http://www.w3.org/1999/xhtml"><p class="res-header-id"><b>Generated Narrative: ValueSet BoligformDAP</b></p><a name="BoligformDAP"> </a><a name="hcBoligformDAP"> </a><a name="BoligformDAP-en-US"> </a><ul><li>Include these codes as defined in <a href="CodeSystem-HousingType.html"><code>https://kip.rkkp.dk/fhir/CodeSystem/HousingType</code></a><table class="none"><tr><td style="white-space:nowrap"><b>Code</b></td><td><b>Display</b></td><td><b>Definition</b></td></tr><tr><td><a href="CodeSystem-HousingType.html#HousingType-house.47apartment">house/apartment</a></td><td>Egen bolig (Hus/lejlighed)</td><td>Hus/lejlighed (privat bolig)</td></tr><tr><td><a href="CodeSystem-HousingType.html#HousingType-nursinghome">nursinghome</a></td><td>Plejebolig</td><td>Plejebolig</td></tr><tr><td><a href="CodeSystem-HousingType.html#HousingType-other">other</a></td><td>Andet</td><td>Andet</td></tr></table></li></ul></div>
  </text>
  <url value="https://kip.rkkp.dk/fhir/ValueSet/BoligformDAP"/>
  <version value="0.1.8"/>
  <name value="BoligformDAP"/>
  <title value="Boligform [DAP]"/>
  <status value="active"/>
  <experimental value="true"/>
  <date value="2022-06-23T00:00:00+02:00"/>
  <publisher value="Sundhedsvæsnets Kvalistetsinstitut with Trifork Digital Health A/S"/>
  <contact>
    <name value="Sundhedsvæsnets Kvalistetsinstitut with Trifork Digital Health A/S"/>
    <telecom>
      <system value="url"/>
      <value value="https://trifork.com"/>
    </telecom>
    <telecom>
      <system value="email"/>
      <value value="rbk@trifork.com"/>
    </telecom>
  </contact>
  <description value="Boligform for Apopleksi [DAP]"/>
  <compose>
    <include>
      <system value="https://kip.rkkp.dk/fhir/CodeSystem/HousingType"/>
      <concept>
        <code value="house/apartment"/>
        <display value="Egen bolig (Hus/lejlighed)"/>
      </concept>
      <concept>
        <code value="nursinghome"/>
        <display value="Plejebolig"/>
      </concept>
      <concept>
        <code value="other"/>
        <display value="Andet"/>
      </concept>
    </include>
  </compose>
</ValueSet>