<?xml version="1.0" encoding="UTF-8"?>

<ValueSet xmlns="http://hl7.org/fhir">
  <id value="NeoadjuverendeBehandling"/>
  <text>
    <status value="extensions"/><div xmlns="http://www.w3.org/1999/xhtml"><p class="res-header-id"><b>Generated Narrative: ValueSet NeoadjuverendeBehandling</b></p><a name="NeoadjuverendeBehandling"> </a><a name="hcNeoadjuverendeBehandling"> </a><a name="NeoadjuverendeBehandling-en-US"> </a><ul><li>Include these codes as defined in <a href="CodeSystem-TreatmentType.html"><code>https://kip.rkkp.dk/fhir/CodeSystem/TreatmentType</code></a><table class="none"><tr><td style="white-space:nowrap"><b>Code</b></td><td><b>Display</b></td><td><b>Definition</b></td></tr><tr><td><a href="CodeSystem-TreatmentType.html#TreatmentType-radiotherapy">radiotherapy</a></td><td>Strålebehandling</td><td>Radiation / Strålebehandling</td></tr><tr><td><a href="CodeSystem-TreatmentType.html#TreatmentType-chemotherapy">chemotherapy</a></td><td>Kemoterapi</td><td>Chemotherapy / Kemoterapi</td></tr><tr><td><a href="CodeSystem-TreatmentType.html#TreatmentType-chemoradiationtherapy">chemoradiationtherapy</a></td><td>Kemostråleterapi</td><td>Chemoradiationtherapy / Kemostråleterapi</td></tr><tr><td><a href="CodeSystem-TreatmentType.html#TreatmentType-immunotherapy">immunotherapy</a></td><td>Immunterapi</td><td>Immunotherapy / Immunterapi</td></tr><tr><td><a href="CodeSystem-TreatmentType.html#TreatmentType-uns">uns</a></td><td>UNS</td><td>UNS</td></tr></table></li></ul></div>
  </text>
  <url value="https://kip.rkkp.dk/fhir/ValueSet/NeoadjuverendeBehandling"/>
  <version value="0.1.8"/>
  <name value="NeoadjuverendeBehandling"/>
  <title value="Neoadjuverende behandling DCCG"/>
  <status value="active"/>
  <experimental value="true"/>
  <date value="2022-09-07T00:00:00+02:00"/>
  <publisher value="Sundhedsvæsnets Kvalistetsinstitut with Trifork Digital Health A/S"/>
  <contact>
    <name value="Sundhedsvæsnets Kvalistetsinstitut with Trifork Digital Health A/S"/>
    <telecom>
      <system value="url"/>
      <value value="https://trifork.com"/>
    </telecom>
    <telecom>
      <system value="email"/>
      <value value="rbk@trifork.com"/>
    </telecom>
  </contact>
  <description value="Neoadjuverende behandling DCCG"/>
  <compose>
    <include>
      <system value="https://kip.rkkp.dk/fhir/CodeSystem/TreatmentType"/>
      <concept>
        <code value="radiotherapy"/>
        <display value="Strålebehandling"/>
      </concept>
      <concept>
        <code value="chemotherapy"/>
        <display value="Kemoterapi"/>
      </concept>
      <concept>
        <code value="chemoradiationtherapy"/>
        <display value="Kemostråleterapi"/>
      </concept>
      <concept>
        <code value="immunotherapy"/>
        <display value="Immunterapi"/>
      </concept>
      <concept>
        <code value="uns"/>
        <display value="UNS"/>
      </concept>
    </include>
  </compose>
</ValueSet>