<?xml version="1.0" encoding="UTF-8"?>

<ValueSet xmlns="http://hl7.org/fhir">
  <id value="NerveBlockTypeUpper"/>
  <text>
    <status value="extensions"/><div xmlns="http://www.w3.org/1999/xhtml"><p class="res-header-id"><b>Generated Narrative: ValueSet NerveBlockTypeUpper</b></p><a name="NerveBlockTypeUpper"> </a><a name="hcNerveBlockTypeUpper"> </a><a name="NerveBlockTypeUpper-en-US"> </a><ul><li>Include these codes as defined in <a href="CodeSystem-BlockTypes.html"><code>https://kip.rkkp.dk/fhir/CodeSystem/BlockTypes</code></a><table class="none"><tr><td style="white-space:nowrap"><b>Code</b></td><td><b>Display</b></td><td><b>Definition</b></td></tr><tr><td><a href="CodeSystem-BlockTypes.html#BlockTypes-plexus_cervicalis.34">plexus_cervicalis&quot;</a></td><td>Plexus cervicalis</td><td/></tr><tr><td><a href="CodeSystem-BlockTypes.html#BlockTypes-interscalener.34">interscalener&quot;</a></td><td>Interscalener (Skalener)</td><td/></tr><tr><td><a href="CodeSystem-BlockTypes.html#BlockTypes-supraclavicular.34">supraclavicular&quot;</a></td><td>Supraklavikulær</td><td/></tr><tr><td><a href="CodeSystem-BlockTypes.html#BlockTypes-infraclavicular.34">infraclavicular&quot;</a></td><td>Infraklavikulær</td><td/></tr><tr><td><a href="CodeSystem-BlockTypes.html#BlockTypes-aksil.34">aksil&quot;</a></td><td>Aksil</td><td/></tr><tr><td><a href="CodeSystem-BlockTypes.html#BlockTypes-suprascapularis.34">suprascapularis&quot;</a></td><td>N. Suprascapularis</td><td/></tr><tr><td><a href="CodeSystem-BlockTypes.html#BlockTypes-axillaris.34">axillaris&quot;</a></td><td>N. Axillaris</td><td/></tr><tr><td><a href="CodeSystem-BlockTypes.html#BlockTypes-musculocutaneus.34">musculocutaneus&quot;</a></td><td>N. Musculocutaneus</td><td/></tr><tr><td><a href="CodeSystem-BlockTypes.html#BlockTypes-medianus.34">medianus&quot;</a></td><td>N. Medianus</td><td/></tr><tr><td><a href="CodeSystem-BlockTypes.html#BlockTypes-radialis.34">radialis&quot;</a></td><td>N. Radialis</td><td/></tr><tr><td><a href="CodeSystem-BlockTypes.html#BlockTypes-ulnaris.34">ulnaris&quot;</a></td><td>N. Ulnaris</td><td/></tr><tr><td><a href="CodeSystem-BlockTypes.html#BlockTypes-other">other</a></td><td>Anden</td><td>Anden blokadetype</td></tr></table></li></ul></div>
  </text>
  <url value="https://kip.rkkp.dk/fhir/ValueSet/NerveBlockTypeUpper"/>
  <version value="0.1.8"/>
  <name value="NerveBlockTypeUpper"/>
  <title value="Typer af blokade overekstremiteter"/>
  <status value="active"/>
  <experimental value="true"/>
  <date value="2022-06-09T00:00:00+02:00"/>
  <publisher value="Sundhedsvæsnets Kvalistetsinstitut with Trifork Digital Health A/S"/>
  <contact>
    <name value="Sundhedsvæsnets Kvalistetsinstitut with Trifork Digital Health A/S"/>
    <telecom>
      <system value="url"/>
      <value value="https://trifork.com"/>
    </telecom>
    <telecom>
      <system value="email"/>
      <value value="rbk@trifork.com"/>
    </telecom>
  </contact>
  <description value="Typer af perifer nerveblokade - overekstremiteter"/>
  <compose>
    <include>
      <system value="https://kip.rkkp.dk/fhir/CodeSystem/BlockTypes"/>
      <concept>
        <code value="plexus_cervicalis&quot;"/>
        <display value="Plexus cervicalis"/>
      </concept>
      <concept>
        <code value="interscalener&quot;"/>
        <display value="Interscalener (Skalener)"/>
      </concept>
      <concept>
        <code value="supraclavicular&quot;"/>
        <display value="Supraklavikulær"/>
      </concept>
      <concept>
        <code value="infraclavicular&quot;"/>
        <display value="Infraklavikulær"/>
      </concept>
      <concept>
        <code value="aksil&quot;"/>
        <display value="Aksil"/>
      </concept>
      <concept>
        <code value="suprascapularis&quot;"/>
        <display value="N. Suprascapularis"/>
      </concept>
      <concept>
        <code value="axillaris&quot;"/>
        <display value="N. Axillaris"/>
      </concept>
      <concept>
        <code value="musculocutaneus&quot;"/>
        <display value="N. Musculocutaneus"/>
      </concept>
      <concept>
        <code value="medianus&quot;"/>
        <display value="N. Medianus"/>
      </concept>
      <concept>
        <code value="radialis&quot;"/>
        <display value="N. Radialis"/>
      </concept>
      <concept>
        <code value="ulnaris&quot;"/>
        <display value="N. Ulnaris"/>
      </concept>
      <concept>
        <code value="other"/>
        <display value="Anden"/>
      </concept>
    </include>
  </compose>
</ValueSet>