<?xml version="1.0" encoding="UTF-8"?>

<ValueSet xmlns="http://hl7.org/fhir">
  <id value="MorsDiagnoseUlykkeDNSL"/>
  <text>
    <status value="generated"/><div xmlns="http://www.w3.org/1999/xhtml"><p class="res-header-id"><b>Generated Narrative: ValueSet MorsDiagnoseUlykkeDNSL</b></p><a name="MorsDiagnoseUlykkeDNSL"> </a><a name="hcMorsDiagnoseUlykkeDNSL"> </a><a name="MorsDiagnoseUlykkeDNSL-en-US"> </a><ul><li>Include these codes as defined in <a href="CodeSystem-MorsDiagnosekoder.html"><code>https://kip.rkkp.dk/fhir/CodeSystem/MorsDiagnosekoder</code></a><table class="none"><tr><td style="white-space:nowrap"><b>Code</b></td><td><b>Display</b></td></tr><tr><td><a href="CodeSystem-MorsDiagnosekoder.html#MorsDiagnosekoder-DT758">DT758</a></td><td>DT758: Skader af ydre påvirkninger, andre specificerede</td></tr><tr><td><a href="CodeSystem-MorsDiagnosekoder.html#MorsDiagnosekoder-DT888">DT888</a></td><td>DT888: Kompl til kir og med beh ikke klass ansted, andre spec</td></tr></table></li></ul></div>
  </text>
  <url value="https://kip.rkkp.dk/fhir/ValueSet/MorsDiagnoseUlykkeDNSL"/>
  <version value="0.1.8"/>
  <name value="MorsDiagnoseUlykkeDNSL"/>
  <title value="Mors Diagnosekode - Ulykke (DNSL)"/>
  <status value="active"/>
  <experimental value="true"/>
  <date value="2024-01-10T00:00:00+02:00"/>
  <publisher value="Sundhedsvæsnets Kvalistetsinstitut with Trifork Digital Health A/S"/>
  <contact>
    <name value="Sundhedsvæsnets Kvalistetsinstitut with Trifork Digital Health A/S"/>
    <telecom>
      <system value="url"/>
      <value value="https://trifork.com"/>
    </telecom>
    <telecom>
      <system value="email"/>
      <value value="rbk@trifork.com"/>
    </telecom>
  </contact>
  <description value="Mors Diagnosekode - Ulykke (DNSL)"/>
  <compose>
    <include>
      <system value="https://kip.rkkp.dk/fhir/CodeSystem/MorsDiagnosekoder"/>
      <concept>
        <code value="DT758"/>
        <display value="DT758: Skader af ydre påvirkninger, andre specificerede"/>
      </concept>
      <concept>
        <code value="DT888"/>
        <display value="DT888: Kompl til kir og med beh ikke klass ansted, andre spec"/>
      </concept>
    </include>
  </compose>
</ValueSet>