<?xml version="1.0" encoding="UTF-8"?>

<ValueSet xmlns="http://hl7.org/fhir">
  <id value="KnaeakseDKR"/>
  <text>
    <status value="extensions"/><div xmlns="http://www.w3.org/1999/xhtml"><p class="res-header-id"><b>Generated Narrative: ValueSet KnaeakseDKR</b></p><a name="KnaeakseDKR"> </a><a name="hcKnaeakseDKR"> </a><a name="KnaeakseDKR-en-US"> </a><ul><li>Include these codes as defined in <a href="CodeSystem-Intervals.html"><code>https://kip.rkkp.dk/fhir/CodeSystem/Intervals</code></a><table class="none"><tr><td style="white-space:nowrap"><b>Code</b></td><td><b>Display</b></td><td><b>Definition</b></td></tr><tr><td><a href="CodeSystem-Intervals.html#Intervals-.600">&lt;0</a></td><td>&lt;0 grader (varus)</td><td>&lt;0</td></tr><tr><td><a href="CodeSystem-Intervals.html#Intervals-0-4">0-4</a></td><td>0-4 grader</td><td>0-4</td></tr><tr><td><a href="CodeSystem-Intervals.html#Intervals-5-10">5-10</a></td><td>5-10 grader (normal)</td><td>5-10</td></tr><tr><td><a href="CodeSystem-Intervals.html#Intervals-11-15">11-15</a></td><td>11-15 grader</td><td>11-15</td></tr><tr><td><a href="CodeSystem-Intervals.html#Intervals-.6215">&gt;15</a></td><td>&gt;15 grader (valgus)</td><td>&gt;15</td></tr></table></li></ul></div>
  </text>
  <url value="https://kip.rkkp.dk/fhir/ValueSet/KnaeakseDKR"/>
  <version value="0.1.8"/>
  <name value="KnaeakseDKR"/>
  <title value="Knæakse (DKR)"/>
  <status value="active"/>
  <experimental value="true"/>
  <date value="2022-10-12T00:00:00+02:00"/>
  <publisher value="Sundhedsvæsnets Kvalistetsinstitut with Trifork Digital Health A/S"/>
  <contact>
    <name value="Sundhedsvæsnets Kvalistetsinstitut with Trifork Digital Health A/S"/>
    <telecom>
      <system value="url"/>
      <value value="https://trifork.com"/>
    </telecom>
    <telecom>
      <system value="email"/>
      <value value="rbk@trifork.com"/>
    </telecom>
  </contact>
  <description value="Knæakse (DKR)"/>
  <compose>
    <include>
      <system value="https://kip.rkkp.dk/fhir/CodeSystem/Intervals"/>
      <concept>
        <code value="&lt;0"/>
        <display value="&lt;0 grader (varus)"/>
      </concept>
      <concept>
        <code value="0-4"/>
        <display value="0-4 grader"/>
      </concept>
      <concept>
        <code value="5-10"/>
        <display value="5-10 grader (normal)"/>
      </concept>
      <concept>
        <code value="11-15"/>
        <display value="11-15 grader"/>
      </concept>
      <concept>
        <code value="&gt;15"/>
        <display value="&gt;15 grader (valgus)"/>
      </concept>
    </include>
  </compose>
</ValueSet>