<?xml version="1.0" encoding="UTF-8"?>

<ValueSet xmlns="http://hl7.org/fhir">
  <id value="WFNSGradering"/>
  <text>
    <status value="extensions"/><div xmlns="http://www.w3.org/1999/xhtml"><p class="res-header-id"><b>Generated Narrative: ValueSet WFNSGradering</b></p><a name="WFNSGradering"> </a><a name="hcWFNSGradering"> </a><a name="WFNSGradering-en-US"> </a><ul><li>Include these codes as defined in <a href="CodeSystem-WFNSGradingSystem.html"><code>https://kip.rkkp.dk/fhir/CodeSystem/WFNSGradingSystem</code></a><table class="none"><tr><td style="white-space:nowrap"><b>Code</b></td><td><b>Display</b></td><td><b>Definition</b></td></tr><tr><td><a href="CodeSystem-WFNSGradingSystem.html#WFNSGradingSystem-grade1">grade1</a></td><td>1: GCS 15 uden motoriske udfald</td><td>GCS 15, no motor deficit</td></tr><tr><td><a href="CodeSystem-WFNSGradingSystem.html#WFNSGradingSystem-grade2">grade2</a></td><td>2: GCS 14-13 uden motoriske udfald</td><td>GCS 13-14 without deficit</td></tr><tr><td><a href="CodeSystem-WFNSGradingSystem.html#WFNSGradingSystem-grade3">grade3</a></td><td>3: GCS 14-13 med motoriske udfald</td><td>GCS 13-14 with focal neurological deficit</td></tr><tr><td><a href="CodeSystem-WFNSGradingSystem.html#WFNSGradingSystem-grade4">grade4</a></td><td>4: GCS 12-7 med/uden motoriske udfald</td><td>GCS 7-12, with or without deficit</td></tr><tr><td><a href="CodeSystem-WFNSGradingSystem.html#WFNSGradingSystem-grade5">grade5</a></td><td>5: GCS 6-3 med/uden motoriske udfald</td><td>GCS &lt;7 , with or without deficit</td></tr></table></li></ul></div>
  </text>
  <url value="https://kip.rkkp.dk/fhir/ValueSet/WFNSGradering"/>
  <version value="0.1.8"/>
  <name value="WFNSGradering"/>
  <title value="WFSN grad"/>
  <status value="active"/>
  <experimental value="true"/>
  <date value="2022-06-28T00:00:00+02:00"/>
  <publisher value="Sundhedsvæsnets Kvalistetsinstitut with Trifork Digital Health A/S"/>
  <contact>
    <name value="Sundhedsvæsnets Kvalistetsinstitut with Trifork Digital Health A/S"/>
    <telecom>
      <system value="url"/>
      <value value="https://trifork.com"/>
    </telecom>
    <telecom>
      <system value="email"/>
      <value value="rbk@trifork.com"/>
    </telecom>
  </contact>
  <description value="World Federation of Neurosurgical Societies (WFNS) grad."/>
  <compose>
    <include>
      <system value="https://kip.rkkp.dk/fhir/CodeSystem/WFNSGradingSystem"/>
      <concept>
        <code value="grade1"/>
        <display value="1: GCS 15 uden motoriske udfald"/>
      </concept>
      <concept>
        <code value="grade2"/>
        <display value="2: GCS 14-13 uden motoriske udfald"/>
      </concept>
      <concept>
        <code value="grade3"/>
        <display value="3: GCS 14-13 med motoriske udfald"/>
      </concept>
      <concept>
        <code value="grade4"/>
        <display value="4: GCS 12-7 med/uden motoriske udfald"/>
      </concept>
      <concept>
        <code value="grade5"/>
        <display value="5: GCS 6-3 med/uden motoriske udfald"/>
      </concept>
    </include>
  </compose>
</ValueSet>