<?xml version="1.0" encoding="UTF-8"?>

<ValueSet xmlns="http://hl7.org/fhir">
  <id value="SORAfdelingerHaema"/>
  <text>
    <status value="extensions"/><div xmlns="http://www.w3.org/1999/xhtml"><p class="res-header-id"><b>Generated Narrative: ValueSet SORAfdelingerHaema</b></p><a name="SORAfdelingerHaema"> </a><a name="hcSORAfdelingerHaema"> </a><a name="SORAfdelingerHaema-en-US"> </a><ul><li>Include these codes as defined in <a href="CodeSystem-SOR.html"><code>https://kip.rkkp.dk/fhir/CodeSystem/SOR</code></a><table class="none"><tr><td style="white-space:nowrap"><b>Code</b></td><td><b>Display</b></td><td><b>Definition</b></td></tr><tr><td><a href="CodeSystem-SOR.html#SOR-1095041000016007">1095041000016007</a></td><td>Sønderborg</td><td>Sygehus Sønderjylland - SHS Blodsygdomme Ambulatorium (Sønderborg) (Shak: 500061A)</td></tr><tr><td><a href="CodeSystem-SOR.html#SOR-239081000016004">239081000016004</a></td><td>Odense</td><td>Odense Universitetshospital - Svendborg - OUH Hæmatologisk Afsnit X (Odense) (Shak: 4202560)</td></tr><tr><td><a href="CodeSystem-SOR.html#SOR-244701000016009">244701000016009</a></td><td>Esbjerg</td><td>Sydvestjysk Sygehus - SVS Blodsygdomme Afsnit (Esbjerg) (Shak: 5501053)</td></tr><tr><td><a href="CodeSystem-SOR.html#SOR-275721000016002">275721000016002</a></td><td>Aalborg</td><td>Aalborg Universitetshospital - Alb Hæmatologisk afd. (Shak: 8001101)</td></tr><tr><td><a href="CodeSystem-SOR.html#SOR-380011000016000">380011000016000</a></td><td>Roskilde</td><td>Region Sjællands Sygehusvæsen - ROS Hæmatologisk Afd.(Shak: 3800A20)</td></tr><tr><td><a href="CodeSystem-SOR.html#SOR-384851000016002">384851000016002</a></td><td>Vejle</td><td>Sygehus Lillebælt - SLB Hæmatologisk Afsnit (Vejle) (Shak: 6008260)</td></tr><tr><td><a href="CodeSystem-SOR.html#SOR-440781000016009">440781000016009</a></td><td>Aarhus</td><td>Aarhus Universitetshospital - Blodsygdomme Sengeafsnit (Shak: 6620141)</td></tr><tr><td><a href="CodeSystem-SOR.html#SOR-900651000016000">900651000016000</a></td><td>Gødstrup</td><td>Regionshospitalet Gødstrup - Klinik for Blodsygdomme Gødstrup - RHG (Shak: 664038K)</td></tr><tr><td><a href="CodeSystem-SOR.html#SOR-926731000016006">926731000016006</a></td><td>Rigshospitalet</td><td>Rigshospitalet - Blodsygdomme L, Senge (Shak: 1301101)</td></tr></table></li></ul></div>
  </text>
  <url value="https://kip.rkkp.dk/fhir/ValueSet/SORAfdelingerHaema"/>
  <version value="0.1.8"/>
  <name value="SORAfdelingerHaema"/>
  <title value="SOR: Afdelinger (HÆMA)"/>
  <status value="active"/>
  <experimental value="true"/>
  <date value="2022-11-24T00:00:00+02:00"/>
  <publisher value="Sundhedsvæsnets Kvalistetsinstitut with Trifork Digital Health A/S"/>
  <contact>
    <name value="Sundhedsvæsnets Kvalistetsinstitut with Trifork Digital Health A/S"/>
    <telecom>
      <system value="url"/>
      <value value="https://trifork.com"/>
    </telecom>
    <telecom>
      <system value="email"/>
      <value value="rbk@trifork.com"/>
    </telecom>
  </contact>
  <description value="SOR: Afdelinger (HÆMA)"/>
  <compose>
    <include>
      <system value="https://kip.rkkp.dk/fhir/CodeSystem/SOR"/>
      <concept>
        <code value="1095041000016007"/>
        <display value="Sønderborg"/>
      </concept>
      <concept>
        <code value="239081000016004"/>
        <display value="Odense"/>
      </concept>
      <concept>
        <code value="244701000016009"/>
        <display value="Esbjerg"/>
      </concept>
      <concept>
        <code value="275721000016002"/>
        <display value="Aalborg"/>
      </concept>
      <concept>
        <code value="380011000016000"/>
        <display value="Roskilde"/>
      </concept>
      <concept>
        <code value="384851000016002"/>
        <display value="Vejle"/>
      </concept>
      <concept>
        <code value="440781000016009"/>
        <display value="Aarhus"/>
      </concept>
      <concept>
        <code value="900651000016000"/>
        <display value="Gødstrup"/>
      </concept>
      <concept>
        <code value="926731000016006"/>
        <display value="Rigshospitalet"/>
      </concept>
    </include>
  </compose>
</ValueSet>