<?xml version="1.0" encoding="UTF-8"?>

<ValueSet xmlns="http://hl7.org/fhir">
  <id value="PraeoperativMetastaseBehandlingDCCG"/>
  <text>
    <status value="extensions"/><div xmlns="http://www.w3.org/1999/xhtml"><p class="res-header-id"><b>Generated Narrative: ValueSet PraeoperativMetastaseBehandlingDCCG</b></p><a name="PraeoperativMetastaseBehandlingDCCG"> </a><a name="hcPraeoperativMetastaseBehandlingDCCG"> </a><a name="PraeoperativMetastaseBehandlingDCCG-en-US"> </a><p>This value set includes codes based on the following rules:</p><ul><li>Include these codes as defined in <a href="CodeSystem-SKS.html"><code>https://kip.rkkp.dk/fhir/CodeSystem/SKS</code></a><table class="none"><tr><td style="white-space:nowrap"><b>Code</b></td><td><b>Display</b></td><td><b>Definition</b></td></tr><tr><td><a href="CodeSystem-SKS.html#SKS-T000607">T000607</a></td><td>Lever</td><td>T000607 - lever</td></tr><tr><td><a href="CodeSystem-SKS.html#SKS-T000398">T000398</a></td><td>Lunge</td><td>T000398 - lunge</td></tr></table></li><li>Include these codes as defined in <a href="CodeSystem-GenericValues.html"><code>https://kip.rkkp.dk/fhir/CodeSystem/GenericValues</code></a><table class="none"><tr><td style="white-space:nowrap"><b>Code</b></td><td><b>Display</b></td><td><b>Definition</b></td></tr><tr><td><a href="CodeSystem-GenericValues.html#GenericValues-other">other</a></td><td>Andet sted</td><td>Other - used to choose unspecific value not in a valueset</td></tr></table></li></ul></div>
  </text>
  <url value="https://kip.rkkp.dk/fhir/ValueSet/PraeoperativMetastaseBehandlingDCCG"/>
  <version value="0.1.8"/>
  <name value="PraeoperativMetastaseBehandlingDCCG"/>
  <title value="Præoperativ Metastasebehandling (DCCG)"/>
  <status value="active"/>
  <experimental value="true"/>
  <date value="2022-11-09T00:00:00+02:00"/>
  <publisher value="Sundhedsvæsnets Kvalistetsinstitut with Trifork Digital Health A/S"/>
  <contact>
    <name value="Sundhedsvæsnets Kvalistetsinstitut with Trifork Digital Health A/S"/>
    <telecom>
      <system value="url"/>
      <value value="https://trifork.com"/>
    </telecom>
    <telecom>
      <system value="email"/>
      <value value="rbk@trifork.com"/>
    </telecom>
  </contact>
  <description value="Præoperativ Metastasebehandling (DCCG)"/>
  <compose>
    <include>
      <system value="https://kip.rkkp.dk/fhir/CodeSystem/SKS"/>
      <concept>
        <code value="T000607"/>
        <display value="Lever"/>
      </concept>
      <concept>
        <code value="T000398"/>
        <display value="Lunge"/>
      </concept>
    </include>
    <include>
      <system value="https://kip.rkkp.dk/fhir/CodeSystem/GenericValues"/>
      <concept>
        <code value="other"/>
        <display value="Andet sted"/>
      </concept>
    </include>
  </compose>
</ValueSet>