<?xml version="1.0" encoding="UTF-8"?>

<ValueSet xmlns="http://hl7.org/fhir">
  <id value="AlleMaaleEnheder"/>
  <text>
    <status value="extensions"/><div xmlns="http://www.w3.org/1999/xhtml"><p class="res-header-id"><b>Generated Narrative: ValueSet AlleMaaleEnheder</b></p><a name="AlleMaaleEnheder"> </a><a name="hcAlleMaaleEnheder"> </a><a name="AlleMaaleEnheder-en-US"> </a><ul><li>Include these codes as defined in <a href="CodeSystem-MaaleEnheder.html"><code>https://kip.rkkp.dk/fhir/CodeSystem/MaaleEnheder</code></a><table class="none"><tr><td style="white-space:nowrap"><b>Code</b></td><td><b>Display</b></td><td><b>Definition</b></td></tr><tr><td><a href="CodeSystem-MaaleEnheder.html#MaaleEnheder-procent">procent</a></td><td>% procent</td><td>Procent</td></tr><tr><td><a href="CodeSystem-MaaleEnheder.html#MaaleEnheder-nm">nm</a></td><td>nm Nanometer</td><td>Nanometer</td></tr><tr><td><a href="CodeSystem-MaaleEnheder.html#MaaleEnheder-.956m">μm</a></td><td>μm Micrometer</td><td>Micrometer</td></tr><tr><td><a href="CodeSystem-MaaleEnheder.html#MaaleEnheder-mm">mm</a></td><td>mm Millimeter</td><td>Millimeter</td></tr><tr><td><a href="CodeSystem-MaaleEnheder.html#MaaleEnheder-cm">cm</a></td><td>cm Centimeter</td><td>Centimeter</td></tr><tr><td><a href="CodeSystem-MaaleEnheder.html#MaaleEnheder-mg">mg</a></td><td>mg Milligram</td><td>Milligram</td></tr><tr><td><a href="CodeSystem-MaaleEnheder.html#MaaleEnheder-g">g</a></td><td>g Gram</td><td>Gram</td></tr><tr><td><a href="CodeSystem-MaaleEnheder.html#MaaleEnheder-kg">kg</a></td><td>kg Kilogram</td><td>Kilogram</td></tr><tr><td><a href="CodeSystem-MaaleEnheder.html#MaaleEnheder-mol-l">mol-l</a></td><td>mol/l Molær koncentration per liter</td><td>Molær koncentration per liter</td></tr><tr><td><a href="CodeSystem-MaaleEnheder.html#MaaleEnheder-mmol-l">mmol-l</a></td><td>mmol/l Millimol per liter</td><td>Millimol per liter</td></tr><tr><td><a href="CodeSystem-MaaleEnheder.html#MaaleEnheder-.956mol-l">μmol-l</a></td><td>μmol/l Mikromol per liter</td><td>Mikromol per liter</td></tr><tr><td><a href="CodeSystem-MaaleEnheder.html#MaaleEnheder-nmol-l">nmol-l</a></td><td>nmol/l Nanomol per liter</td><td>Nanomol per liter</td></tr><tr><td><a href="CodeSystem-MaaleEnheder.html#MaaleEnheder-u-l">u-l</a></td><td>u/l Enhed U per liter</td><td>Enhed U per liter</td></tr><tr><td><a href="CodeSystem-MaaleEnheder.html#MaaleEnheder-kiu-l">kiu-l</a></td><td>kiu/l Kilo antistof enhed per liter</td><td>Kilo antistof enhed per liter</td></tr><tr><td><a href="CodeSystem-MaaleEnheder.html#MaaleEnheder-mia-L">mia-L</a></td><td>mia/L Antal milliarder per liter</td><td>Antal milliarder per liter</td></tr><tr><td><a href="CodeSystem-MaaleEnheder.html#MaaleEnheder-fl">fl</a></td><td>fl 10^-15 L</td><td>10^-15 L</td></tr><tr><td><a href="CodeSystem-MaaleEnheder.html#MaaleEnheder-g-l">g-l</a></td><td>g/l Gram per liter</td><td>Gram per liter</td></tr><tr><td><a href="CodeSystem-MaaleEnheder.html#MaaleEnheder-arb-enh">arb-enh</a></td><td>Arbejdsenheder</td><td>Arbejdsenheder</td></tr><tr><td><a href="CodeSystem-MaaleEnheder.html#MaaleEnheder-g-24h">g-24h</a></td><td>g/24h Gram per døgn</td><td>Gram per døgn</td></tr><tr><td><a href="CodeSystem-MaaleEnheder.html#MaaleEnheder-mg-l">mg-l</a></td><td>mg/l Milligram per liter</td><td>Milligram per liter</td></tr><tr><td><a href="CodeSystem-MaaleEnheder.html#MaaleEnheder-.956g-l">μg-l</a></td><td>μg/l Mikrogram per liter</td><td>Mikrogram per liter</td></tr><tr><td><a href="CodeSystem-MaaleEnheder.html#MaaleEnheder-microglobulin-l">microglobulin-l</a></td><td>Microglobulin per liter</td><td>Microglobulin per liter</td></tr><tr><td><a href="CodeSystem-MaaleEnheder.html#MaaleEnheder-volfr">volfr</a></td><td>vol.fr volumenfraktion</td><td>volumenfraktion</td></tr><tr><td><a href="CodeSystem-MaaleEnheder.html#MaaleEnheder-mCi-kg">mCi-kg</a></td><td>mCi/kg milliCurie/kg</td><td>milliCurie/kg</td></tr><tr><td><a href="CodeSystem-MaaleEnheder.html#MaaleEnheder-gy">gy</a></td><td>gy Gray</td><td>Gray</td></tr><tr><td><a href="CodeSystem-MaaleEnheder.html#MaaleEnheder-liter">liter</a></td><td>l Liter</td><td>Liter</td></tr><tr><td><a href="CodeSystem-MaaleEnheder.html#MaaleEnheder-deciliter">deciliter</a></td><td>dl Deciliter</td><td>Deciliter</td></tr><tr><td><a href="CodeSystem-MaaleEnheder.html#MaaleEnheder-centiliter">centiliter</a></td><td>cl Centiliter</td><td>Centiliter</td></tr><tr><td><a href="CodeSystem-MaaleEnheder.html#MaaleEnheder-milliliter">milliliter</a></td><td>ml Milliliter</td><td>Milliliter</td></tr></table></li></ul></div>
  </text>
  <url value="https://kip.rkkp.dk/fhir/ValueSet/AlleMaaleEnheder"/>
  <version value="0.1.8"/>
  <name value="AlleMaaleEnheder"/>
  <title value="Alle Måleenheder"/>
  <status value="active"/>
  <experimental value="true"/>
  <date value="2022-08-04T00:00:00+02:00"/>
  <publisher value="Sundhedsvæsnets Kvalistetsinstitut with Trifork Digital Health A/S"/>
  <contact>
    <name value="Sundhedsvæsnets Kvalistetsinstitut with Trifork Digital Health A/S"/>
    <telecom>
      <system value="url"/>
      <value value="https://trifork.com"/>
    </telecom>
    <telecom>
      <system value="email"/>
      <value value="rbk@trifork.com"/>
    </telecom>
  </contact>
  <description value="Alle måleenheder"/>
  <compose>
    <include>
      <system value="https://kip.rkkp.dk/fhir/CodeSystem/MaaleEnheder"/>
      <concept>
        <code value="procent"/>
        <display value="% procent"/>
      </concept>
      <concept>
        <code value="nm"/>
        <display value="nm Nanometer"/>
      </concept>
      <concept>
        <code value="μm"/>
        <display value="μm Micrometer"/>
      </concept>
      <concept>
        <code value="mm"/>
        <display value="mm Millimeter"/>
      </concept>
      <concept>
        <code value="cm"/>
        <display value="cm Centimeter"/>
      </concept>
      <concept>
        <code value="mg"/>
        <display value="mg Milligram"/>
      </concept>
      <concept>
        <code value="g"/>
        <display value="g Gram"/>
      </concept>
      <concept>
        <code value="kg"/>
        <display value="kg Kilogram"/>
      </concept>
      <concept>
        <code value="mol-l"/>
        <display value="mol/l Molær koncentration per liter"/>
      </concept>
      <concept>
        <code value="mmol-l"/>
        <display value="mmol/l Millimol per liter"/>
      </concept>
      <concept>
        <code value="μmol-l"/>
        <display value="μmol/l Mikromol per liter"/>
      </concept>
      <concept>
        <code value="nmol-l"/>
        <display value="nmol/l Nanomol per liter"/>
      </concept>
      <concept>
        <code value="u-l"/>
        <display value="u/l Enhed U per liter"/>
      </concept>
      <concept>
        <code value="kiu-l"/>
        <display value="kiu/l Kilo antistof enhed per liter"/>
      </concept>
      <concept>
        <code value="mia-L"/>
        <display value="mia/L Antal milliarder per liter"/>
      </concept>
      <concept>
        <code value="fl"/>
        <display value="fl 10^-15 L"/>
      </concept>
      <concept>
        <code value="g-l"/>
        <display value="g/l Gram per liter"/>
      </concept>
      <concept>
        <code value="arb-enh"/>
        <display value="Arbejdsenheder"/>
      </concept>
      <concept>
        <code value="g-24h"/>
        <display value="g/24h Gram per døgn"/>
      </concept>
      <concept>
        <code value="mg-l"/>
        <display value="mg/l Milligram per liter"/>
      </concept>
      <concept>
        <code value="μg-l"/>
        <display value="μg/l Mikrogram per liter"/>
      </concept>
      <concept>
        <code value="microglobulin-l"/>
        <display value="Microglobulin per liter"/>
      </concept>
      <concept>
        <code value="volfr"/>
        <display value="vol.fr volumenfraktion"/>
      </concept>
      <concept>
        <code value="mCi-kg"/>
        <display value="mCi/kg milliCurie/kg"/>
      </concept>
      <concept>
        <code value="gy"/>
        <display value="gy Gray"/>
      </concept>
      <concept>
        <code value="liter"/>
        <display value="l Liter"/>
      </concept>
      <concept>
        <code value="deciliter"/>
        <display value="dl Deciliter"/>
      </concept>
      <concept>
        <code value="centiliter"/>
        <display value="cl Centiliter"/>
      </concept>
      <concept>
        <code value="milliliter"/>
        <display value="ml Milliliter"/>
      </concept>
    </include>
  </compose>
</ValueSet>