<?xml version="1.0" encoding="UTF-8"?>

<ValueSet xmlns="http://hl7.org/fhir">
  <id value="AcetabulumKnogletabKlassifikationDHR"/>
  <text>
    <status value="extensions"/><div xmlns="http://www.w3.org/1999/xhtml"><p class="res-header-id"><b>Generated Narrative: ValueSet AcetabulumKnogletabKlassifikationDHR</b></p><a name="AcetabulumKnogletabKlassifikationDHR"> </a><a name="hcAcetabulumKnogletabKlassifikationDHR"> </a><a name="AcetabulumKnogletabKlassifikationDHR-en-US"> </a><ul><li>Include these codes as defined in <a href="CodeSystem-BoneLossAcetabulumFemurClassification.html"><code>https://kip.rkkp.dk/fhir/CodeSystem/BoneLossAcetabulumFemurClassification</code></a><table class="none"><tr><td style="white-space:nowrap"><b>Code</b></td><td><b>Display</b></td><td><b>Definition</b></td></tr><tr><td><a href="CodeSystem-BoneLossAcetabulumFemurClassification.html#BoneLossAcetabulumFemurClassification-acetabulum_type_1">acetabulum_type_1</a></td><td>Type I</td><td>Type I: Intet væsentligt knogletab</td></tr><tr><td><a href="CodeSystem-BoneLossAcetabulumFemurClassification.html#BoneLossAcetabulumFemurClassification-acetabulum_type_2">acetabulum_type_2</a></td><td>Type II</td><td>Type II: Contained knogletab (intakt rim)</td></tr><tr><td><a href="CodeSystem-BoneLossAcetabulumFemurClassification.html#BoneLossAcetabulumFemurClassification-acetabulum_type_3">acetabulum_type_3</a></td><td>Type III</td><td>Type III: Ikke contained segmentel knogletab</td></tr><tr><td><a href="CodeSystem-BoneLossAcetabulumFemurClassification.html#BoneLossAcetabulumFemurClassification-acetabulum_type_4">acetabulum_type_4</a></td><td>Type IV</td><td>Type IV: Ikke contained segmentelt knogletab involverende mere end 50% af acetabulum</td></tr><tr><td><a href="CodeSystem-BoneLossAcetabulumFemurClassification.html#BoneLossAcetabulumFemurClassification-acetabulum_type_5">acetabulum_type_5</a></td><td>Type V</td><td>Type V: Knogletab med discontinuitet af acetabulum</td></tr></table></li></ul></div>
  </text>
  <url value="https://kip.rkkp.dk/fhir/ValueSet/AcetabulumKnogletabKlassifikationDHR"/>
  <version value="0.1.8"/>
  <name value="AcetabulumKnogletabKlassifikationDHR"/>
  <title value="Acetabulum knogletab klassifikation (DHR)"/>
  <status value="active"/>
  <experimental value="true"/>
  <date value="2022-11-08T00:00:00+02:00"/>
  <publisher value="Sundhedsvæsnets Kvalistetsinstitut with Trifork Digital Health A/S"/>
  <contact>
    <name value="Sundhedsvæsnets Kvalistetsinstitut with Trifork Digital Health A/S"/>
    <telecom>
      <system value="url"/>
      <value value="https://trifork.com"/>
    </telecom>
    <telecom>
      <system value="email"/>
      <value value="rbk@trifork.com"/>
    </telecom>
  </contact>
  <description value="Acetabulum knogletab klassifikation (DHR)"/>
  <compose>
    <include>
      <system value="https://kip.rkkp.dk/fhir/CodeSystem/BoneLossAcetabulumFemurClassification"/>
      <concept>
        <code value="acetabulum_type_1"/>
        <display value="Type I"/>
      </concept>
      <concept>
        <code value="acetabulum_type_2"/>
        <display value="Type II"/>
      </concept>
      <concept>
        <code value="acetabulum_type_3"/>
        <display value="Type III"/>
      </concept>
      <concept>
        <code value="acetabulum_type_4"/>
        <display value="Type IV"/>
      </concept>
      <concept>
        <code value="acetabulum_type_5"/>
        <display value="Type V"/>
      </concept>
    </include>
  </compose>
</ValueSet>