{
  "resourceType" : "CodeSystem",
  "id" : "ChemotherapyRegimen",
  "text" : {
    "status" : "generated",
    "div" : "<div xmlns=\"http://www.w3.org/1999/xhtml\"><p class=\"res-header-id\"><b>Generated Narrative: CodeSystem ChemotherapyRegimen</b></p><a name=\"ChemotherapyRegimen\"> </a><a name=\"hcChemotherapyRegimen\"> </a><a name=\"ChemotherapyRegimen-en-US\"> </a><p>This case-insensitive code system <code>https://kip.rkkp.dk/fhir/CodeSystem/ChemotherapyRegimen</code> defines the following codes:</p><table class=\"codes\"><tr><td style=\"white-space:nowrap\"><b>Code</b></td><td><b>Display</b></td><td><b>Definition</b></td></tr><tr><td style=\"white-space:nowrap\">abvd<a name=\"ChemotherapyRegimen-abvd\"> </a></td><td>ABVD</td><td>ABVD / SKS: BWHA167</td></tr><tr><td style=\"white-space:nowrap\">copp<a name=\"ChemotherapyRegimen-copp\"> </a></td><td>COPP</td><td>COPP / SKS: BWHA156</td></tr><tr><td style=\"white-space:nowrap\">abvd/copp<a name=\"ChemotherapyRegimen-abvd.47copp\"> </a></td><td>ABVD/COPP</td><td>ABVD/COPP</td></tr><tr><td style=\"white-space:nowrap\">acvbp<a name=\"ChemotherapyRegimen-acvbp\"> </a></td><td>ACVBP</td><td>ACVBP</td></tr><tr><td style=\"white-space:nowrap\">all_regime<a name=\"ChemotherapyRegimen-all_regime\"> </a></td><td>ALL regime</td><td>ALL regime</td></tr><tr><td style=\"white-space:nowrap\">adriamycin<a name=\"ChemotherapyRegimen-adriamycin\"> </a></td><td>Adriamycin</td><td>Adriamycin</td></tr><tr><td style=\"white-space:nowrap\">bac<a name=\"ChemotherapyRegimen-bac\"> </a></td><td>BAC</td><td>BAC (Bendamustin Ara-c)</td></tr><tr><td style=\"white-space:nowrap\">bfm<a name=\"ChemotherapyRegimen-bfm\"> </a></td><td>BFM</td><td>BFM</td></tr><tr><td style=\"white-space:nowrap\">cap<a name=\"ChemotherapyRegimen-cap\"> </a></td><td>CAP</td><td>CAP</td></tr><tr><td style=\"white-space:nowrap\">ccvp<a name=\"ChemotherapyRegimen-ccvp\"> </a></td><td>CCVP</td><td>CCVP</td></tr><tr><td style=\"white-space:nowrap\">chic<a name=\"ChemotherapyRegimen-chic\"> </a></td><td>CHIC</td><td>CHIC</td></tr><tr><td style=\"white-space:nowrap\">chlorambucil_vinblastin_procarb<a name=\"ChemotherapyRegimen-chlorambucil_vinblastin_procarb\"> </a></td><td>Chlorambucil og Vinblastin og procarb</td><td>Chlorambucil og Vinblastin og procarb</td></tr><tr><td style=\"white-space:nowrap\">cnsbonn<a name=\"ChemotherapyRegimen-cnsbonn\"> </a></td><td>CNSBONN</td><td>CNSBONN</td></tr><tr><td style=\"white-space:nowrap\">cns_matrix<a name=\"ChemotherapyRegimen-cns_matrix\"> </a></td><td>CNS matrix</td><td>CNS matrix</td></tr><tr><td style=\"white-space:nowrap\">cns_mvbp<a name=\"ChemotherapyRegimen-cns_mvbp\"> </a></td><td>CNS MVBP</td><td>CNS MVBP</td></tr><tr><td style=\"white-space:nowrap\">cns_mvp<a name=\"ChemotherapyRegimen-cns_mvp\"> </a></td><td>CNS MVP</td><td>CNS MVP</td></tr><tr><td style=\"white-space:nowrap\">codox_m/ivac<a name=\"ChemotherapyRegimen-codox_m.47ivac\"> </a></td><td>CODOX-M/IVAC</td><td>CODOX-M/IVAC</td></tr><tr><td style=\"white-space:nowrap\">comp<a name=\"ChemotherapyRegimen-comp\"> </a></td><td>COMP</td><td>COMP</td></tr><tr><td style=\"white-space:nowrap\">cope<a name=\"ChemotherapyRegimen-cope\"> </a></td><td>COPE</td><td>COPE</td></tr><tr><td style=\"white-space:nowrap\">cvbp<a name=\"ChemotherapyRegimen-cvbp\"> </a></td><td>CVBP</td><td>CVBP</td></tr><tr><td style=\"white-space:nowrap\">cvp<a name=\"ChemotherapyRegimen-cvp\"> </a></td><td>CVP</td><td>CVP</td></tr><tr><td style=\"white-space:nowrap\">dexabeam<a name=\"ChemotherapyRegimen-dexabeam\"> </a></td><td>DexaBEAM</td><td>DexaBEAM</td></tr><tr><td style=\"white-space:nowrap\">dhap<a name=\"ChemotherapyRegimen-dhap\"> </a></td><td>DHAP</td><td>DHAP</td></tr><tr><td style=\"white-space:nowrap\">ecapp<a name=\"ChemotherapyRegimen-ecapp\"> </a></td><td>ECAPP</td><td>ECAPP</td></tr><tr><td style=\"white-space:nowrap\">epoch<a name=\"ChemotherapyRegimen-epoch\"> </a></td><td>EPOCH</td><td>EPOCH</td></tr><tr><td style=\"white-space:nowrap\">eshap<a name=\"ChemotherapyRegimen-eshap\"> </a></td><td>ESHAP</td><td>ESHAP</td></tr><tr><td style=\"white-space:nowrap\">fcd<a name=\"ChemotherapyRegimen-fcd\"> </a></td><td>FCD</td><td>FCD</td></tr><tr><td style=\"white-space:nowrap\">fnd<a name=\"ChemotherapyRegimen-fnd\"> </a></td><td>FND</td><td>FND</td></tr><tr><td style=\"white-space:nowrap\">gdp<a name=\"ChemotherapyRegimen-gdp\"> </a></td><td>GDP</td><td>GDP</td></tr><tr><td style=\"white-space:nowrap\">gem_p_28<a name=\"ChemotherapyRegimen-gem_p_28\"> </a></td><td>GEM-P-28</td><td>GEM-P-28</td></tr><tr><td style=\"white-space:nowrap\">gemox<a name=\"ChemotherapyRegimen-gemox\"> </a></td><td>GemOx</td><td>GemOx</td></tr><tr><td style=\"white-space:nowrap\">hd_ara_c<a name=\"ChemotherapyRegimen-hd_ara_c\"> </a></td><td>HD-Ara-C</td><td>HD-Ara-C</td></tr><tr><td style=\"white-space:nowrap\">hd_ctx<a name=\"ChemotherapyRegimen-hd_ctx\"> </a></td><td>HD-CTX</td><td>HD-CTX</td></tr><tr><td style=\"white-space:nowrap\">hd_ctx_vp16<a name=\"ChemotherapyRegimen-hd_ctx_vp16\"> </a></td><td>HD-CTX+VP16</td><td>HD-CTX+VP16</td></tr><tr><td style=\"white-space:nowrap\">hd_vp16<a name=\"ChemotherapyRegimen-hd_vp16\"> </a></td><td>HD-VP16</td><td>HD-VP16</td></tr><tr><td style=\"white-space:nowrap\">hd_mtx<a name=\"ChemotherapyRegimen-hd_mtx\"> </a></td><td>HD-MTX</td><td>HD-MTX</td></tr><tr><td style=\"white-space:nowrap\">hyper_cvad<a name=\"ChemotherapyRegimen-hyper_cvad\"> </a></td><td>Hyper-CVAD/IVAC</td><td>Hyper-CVAD/IVAC</td></tr><tr><td style=\"white-space:nowrap\">ice<a name=\"ChemotherapyRegimen-ice\"> </a></td><td>ICE</td><td>ICE</td></tr><tr><td style=\"white-space:nowrap\">igev<a name=\"ChemotherapyRegimen-igev\"> </a></td><td>IGEV</td><td>IGEV</td></tr><tr><td style=\"white-space:nowrap\">ike<a name=\"ChemotherapyRegimen-ike\"> </a></td><td>IKE</td><td>IKE</td></tr><tr><td style=\"white-space:nowrap\">ive<a name=\"ChemotherapyRegimen-ive\"> </a></td><td>IVE</td><td>IVE</td></tr><tr><td style=\"white-space:nowrap\">it_behandling<a name=\"ChemotherapyRegimen-it_behandling\"> </a></td><td>IT-behandling</td><td>IT-behandling</td></tr><tr><td style=\"white-space:nowrap\">macop_b<a name=\"ChemotherapyRegimen-macop_b\"> </a></td><td>MACOP-B</td><td>MACOP-b</td></tr><tr><td style=\"white-space:nowrap\">mantle_2<a name=\"ChemotherapyRegimen-mantle_2\"> </a></td><td>Mantle 2</td><td>Mantle 2</td></tr><tr><td style=\"white-space:nowrap\">maxi_mime<a name=\"ChemotherapyRegimen-maxi_mime\"> </a></td><td>Maxi-MIME</td><td>Maxi-MIME</td></tr><tr><td style=\"white-space:nowrap\">mini_beam<a name=\"ChemotherapyRegimen-mini_beam\"> </a></td><td>Mini-BEAM</td><td>Mini-BEAM</td></tr><tr><td style=\"white-space:nowrap\">mini_chop<a name=\"ChemotherapyRegimen-mini_chop\"> </a></td><td>Mini-CHOP</td><td>Mini-CHOP</td></tr><tr><td style=\"white-space:nowrap\">nopho<a name=\"ChemotherapyRegimen-nopho\"> </a></td><td>NOPHO</td><td>NOPHO</td></tr><tr><td style=\"white-space:nowrap\">pix_etoposid_benda<a name=\"ChemotherapyRegimen-pix_etoposid_benda\"> </a></td><td>Pix-etoposid-Benda</td><td>Pix-etoposid-Benda</td></tr><tr><td style=\"white-space:nowrap\">peroral_cytostatika<a name=\"ChemotherapyRegimen-peroral_cytostatika\"> </a></td><td>Peroral cytostatika</td><td>Peroral cytostatika</td></tr><tr><td style=\"white-space:nowrap\">smile<a name=\"ChemotherapyRegimen-smile\"> </a></td><td>Smile</td><td>Smile</td></tr><tr><td style=\"white-space:nowrap\">triangle_mantle<a name=\"ChemotherapyRegimen-triangle_mantle\"> </a></td><td>Triangle (Mantle)</td><td>Triangle (Mantle)</td></tr><tr><td style=\"white-space:nowrap\">velbe<a name=\"ChemotherapyRegimen-velbe\"> </a></td><td>Velbe</td><td>Velbe</td></tr><tr><td style=\"white-space:nowrap\">velcade<a name=\"ChemotherapyRegimen-velcade\"> </a></td><td>Velcade</td><td>Velcade</td></tr><tr><td style=\"white-space:nowrap\">copdac<a name=\"ChemotherapyRegimen-copdac\"> </a></td><td>COPDAC</td><td>COPDAC</td></tr><tr><td style=\"white-space:nowrap\">ebvp<a name=\"ChemotherapyRegimen-ebvp\"> </a></td><td>EBVP</td><td>EBVP</td></tr><tr><td style=\"white-space:nowrap\">ipe<a name=\"ChemotherapyRegimen-ipe\"> </a></td><td>IPE</td><td>IPE</td></tr><tr><td style=\"white-space:nowrap\">oepa<a name=\"ChemotherapyRegimen-oepa\"> </a></td><td>OEPA</td><td>OEPA</td></tr><tr><td style=\"white-space:nowrap\">oppa<a name=\"ChemotherapyRegimen-oppa\"> </a></td><td>OPPA</td><td>OPPA</td></tr></table></div>"
  },
  "url" : "https://kip.rkkp.dk/fhir/CodeSystem/ChemotherapyRegimen",
  "version" : "2.9.0",
  "name" : "ChemotherapyRegimen",
  "title" : "Chemotherapy regimen",
  "status" : "active",
  "date" : "2022-07-15T00:00:00+02:00",
  "publisher" : "Sundhedsvæsnets Kvalistetsinstitut with Trifork Digital Health A/S",
  "contact" : [{
    "name" : "Sundhedsvæsnets Kvalistetsinstitut with Trifork Digital Health A/S",
    "telecom" : [{
      "system" : "url",
      "value" : "https://trifork.com"
    },
    {
      "system" : "email",
      "value" : "rbk@trifork.com"
    }]
  }],
  "description" : "Chemotherapy regimen",
  "caseSensitive" : false,
  "content" : "complete",
  "count" : 59,
  "concept" : [{
    "code" : "abvd",
    "display" : "ABVD",
    "definition" : "ABVD / SKS: BWHA167"
  },
  {
    "code" : "copp",
    "display" : "COPP",
    "definition" : "COPP / SKS: BWHA156"
  },
  {
    "code" : "abvd/copp",
    "display" : "ABVD/COPP",
    "definition" : "ABVD/COPP"
  },
  {
    "code" : "acvbp",
    "display" : "ACVBP",
    "definition" : "ACVBP"
  },
  {
    "code" : "all_regime",
    "display" : "ALL regime",
    "definition" : "ALL regime"
  },
  {
    "code" : "adriamycin",
    "display" : "Adriamycin",
    "definition" : "Adriamycin"
  },
  {
    "code" : "bac",
    "display" : "BAC",
    "definition" : "BAC (Bendamustin Ara-c)"
  },
  {
    "code" : "bfm",
    "display" : "BFM",
    "definition" : "BFM"
  },
  {
    "code" : "cap",
    "display" : "CAP",
    "definition" : "CAP"
  },
  {
    "code" : "ccvp",
    "display" : "CCVP",
    "definition" : "CCVP"
  },
  {
    "code" : "chic",
    "display" : "CHIC",
    "definition" : "CHIC"
  },
  {
    "code" : "chlorambucil_vinblastin_procarb",
    "display" : "Chlorambucil og Vinblastin og procarb",
    "definition" : "Chlorambucil og Vinblastin og procarb"
  },
  {
    "code" : "cnsbonn",
    "display" : "CNSBONN",
    "definition" : "CNSBONN"
  },
  {
    "code" : "cns_matrix",
    "display" : "CNS matrix",
    "definition" : "CNS matrix"
  },
  {
    "code" : "cns_mvbp",
    "display" : "CNS MVBP",
    "definition" : "CNS MVBP"
  },
  {
    "code" : "cns_mvp",
    "display" : "CNS MVP",
    "definition" : "CNS MVP"
  },
  {
    "code" : "codox_m/ivac",
    "display" : "CODOX-M/IVAC",
    "definition" : "CODOX-M/IVAC"
  },
  {
    "code" : "comp",
    "display" : "COMP",
    "definition" : "COMP"
  },
  {
    "code" : "cope",
    "display" : "COPE",
    "definition" : "COPE"
  },
  {
    "code" : "cvbp",
    "display" : "CVBP",
    "definition" : "CVBP"
  },
  {
    "code" : "cvp",
    "display" : "CVP",
    "definition" : "CVP"
  },
  {
    "code" : "dexabeam",
    "display" : "DexaBEAM",
    "definition" : "DexaBEAM"
  },
  {
    "code" : "dhap",
    "display" : "DHAP",
    "definition" : "DHAP"
  },
  {
    "code" : "ecapp",
    "display" : "ECAPP",
    "definition" : "ECAPP"
  },
  {
    "code" : "epoch",
    "display" : "EPOCH",
    "definition" : "EPOCH"
  },
  {
    "code" : "eshap",
    "display" : "ESHAP",
    "definition" : "ESHAP"
  },
  {
    "code" : "fcd",
    "display" : "FCD",
    "definition" : "FCD"
  },
  {
    "code" : "fnd",
    "display" : "FND",
    "definition" : "FND"
  },
  {
    "code" : "gdp",
    "display" : "GDP",
    "definition" : "GDP"
  },
  {
    "code" : "gem_p_28",
    "display" : "GEM-P-28",
    "definition" : "GEM-P-28"
  },
  {
    "code" : "gemox",
    "display" : "GemOx",
    "definition" : "GemOx"
  },
  {
    "code" : "hd_ara_c",
    "display" : "HD-Ara-C",
    "definition" : "HD-Ara-C"
  },
  {
    "code" : "hd_ctx",
    "display" : "HD-CTX",
    "definition" : "HD-CTX"
  },
  {
    "code" : "hd_ctx_vp16",
    "display" : "HD-CTX+VP16",
    "definition" : "HD-CTX+VP16"
  },
  {
    "code" : "hd_vp16",
    "display" : "HD-VP16",
    "definition" : "HD-VP16"
  },
  {
    "code" : "hd_mtx",
    "display" : "HD-MTX",
    "definition" : "HD-MTX"
  },
  {
    "code" : "hyper_cvad",
    "display" : "Hyper-CVAD/IVAC",
    "definition" : "Hyper-CVAD/IVAC"
  },
  {
    "code" : "ice",
    "display" : "ICE",
    "definition" : "ICE"
  },
  {
    "code" : "igev",
    "display" : "IGEV",
    "definition" : "IGEV"
  },
  {
    "code" : "ike",
    "display" : "IKE",
    "definition" : "IKE"
  },
  {
    "code" : "ive",
    "display" : "IVE",
    "definition" : "IVE"
  },
  {
    "code" : "it_behandling",
    "display" : "IT-behandling",
    "definition" : "IT-behandling"
  },
  {
    "code" : "macop_b",
    "display" : "MACOP-B",
    "definition" : "MACOP-b"
  },
  {
    "code" : "mantle_2",
    "display" : "Mantle 2",
    "definition" : "Mantle 2"
  },
  {
    "code" : "maxi_mime",
    "display" : "Maxi-MIME",
    "definition" : "Maxi-MIME"
  },
  {
    "code" : "mini_beam",
    "display" : "Mini-BEAM",
    "definition" : "Mini-BEAM"
  },
  {
    "code" : "mini_chop",
    "display" : "Mini-CHOP",
    "definition" : "Mini-CHOP"
  },
  {
    "code" : "nopho",
    "display" : "NOPHO",
    "definition" : "NOPHO"
  },
  {
    "code" : "pix_etoposid_benda",
    "display" : "Pix-etoposid-Benda",
    "definition" : "Pix-etoposid-Benda"
  },
  {
    "code" : "peroral_cytostatika",
    "display" : "Peroral cytostatika",
    "definition" : "Peroral cytostatika"
  },
  {
    "code" : "smile",
    "display" : "Smile",
    "definition" : "Smile"
  },
  {
    "code" : "triangle_mantle",
    "display" : "Triangle (Mantle)",
    "definition" : "Triangle (Mantle)"
  },
  {
    "code" : "velbe",
    "display" : "Velbe",
    "definition" : "Velbe"
  },
  {
    "code" : "velcade",
    "display" : "Velcade",
    "definition" : "Velcade"
  },
  {
    "code" : "copdac",
    "display" : "COPDAC",
    "definition" : "COPDAC"
  },
  {
    "code" : "ebvp",
    "display" : "EBVP",
    "definition" : "EBVP"
  },
  {
    "code" : "ipe",
    "display" : "IPE",
    "definition" : "IPE"
  },
  {
    "code" : "oepa",
    "display" : "OEPA",
    "definition" : "OEPA"
  },
  {
    "code" : "oppa",
    "display" : "OPPA",
    "definition" : "OPPA"
  }]
}