{
  "resourceType" : "CodeSystem",
  "id" : "MuligVanskeligUmulig",
  "text" : {
    "status" : "generated",
    "div" : "<div xmlns=\"http://www.w3.org/1999/xhtml\"><p class=\"res-header-id\"><b>Generated Narrative: CodeSystem MuligVanskeligUmulig</b></p><a name=\"MuligVanskeligUmulig\"> </a><a name=\"hcMuligVanskeligUmulig\"> </a><a name=\"MuligVanskeligUmulig-en-US\"> </a><p>This  code system <code>https://kip.rkkp.dk/fhir/CodeSystem/MuligVanskeligUmulig</code> defines the following codes:</p><table class=\"codes\"><tr><td style=\"white-space:nowrap\"><b>Code</b></td><td><b>Display</b></td><td><b>Definition</b></td></tr><tr><td style=\"white-space:nowrap\">mulig<a name=\"MuligVanskeligUmulig-mulig\"> </a></td><td>Mulig</td><td>Behandlingen er mulig</td></tr><tr><td style=\"white-space:nowrap\">vanskelig<a name=\"MuligVanskeligUmulig-vanskelig\"> </a></td><td>Vanskelig</td><td>Behandlingen er vanskelig men mulig</td></tr><tr><td style=\"white-space:nowrap\">umulig<a name=\"MuligVanskeligUmulig-umulig\"> </a></td><td>Umulig</td><td>Behandlingen er ikke mulig</td></tr></table></div>"
  },
  "url" : "https://kip.rkkp.dk/fhir/CodeSystem/MuligVanskeligUmulig",
  "version" : "2.9.0",
  "name" : "MuligVanskeligUmulig",
  "title" : "Mulig-Vanskelig-Umulig",
  "status" : "active",
  "date" : "2022-06-09T00:00:00+02:00",
  "publisher" : "Sundhedsvæsnets Kvalistetsinstitut with Trifork Digital Health A/S",
  "contact" : [{
    "name" : "Sundhedsvæsnets Kvalistetsinstitut with Trifork Digital Health A/S",
    "telecom" : [{
      "system" : "url",
      "value" : "https://trifork.com"
    },
    {
      "system" : "email",
      "value" : "rbk@trifork.com"
    }]
  }],
  "description" : "Vurdering af behandling",
  "content" : "complete",
  "count" : 3,
  "concept" : [{
    "code" : "mulig",
    "display" : "Mulig",
    "definition" : "Behandlingen er mulig"
  },
  {
    "code" : "vanskelig",
    "display" : "Vanskelig",
    "definition" : "Behandlingen er vanskelig men mulig"
  },
  {
    "code" : "umulig",
    "display" : "Umulig",
    "definition" : "Behandlingen er ikke mulig"
  }]
}