{
  "resourceType" : "CodeSystem",
  "id" : "ClinicalProtocolCodes",
  "text" : {
    "status" : "generated",
    "div" : "<div xmlns=\"http://www.w3.org/1999/xhtml\"><p class=\"res-header-id\"><b>Generated Narrative: CodeSystem ClinicalProtocolCodes</b></p><a name=\"ClinicalProtocolCodes\"> </a><a name=\"hcClinicalProtocolCodes\"> </a><a name=\"ClinicalProtocolCodes-en-US\"> </a><p>This case-insensitive code system <code>https://kip.rkkp.dk/fhir/CodeSystem/ClinicalProtocolCodes</code> defines the following codes:</p><table class=\"codes\"><tr><td style=\"white-space:nowrap\"><b>Code</b></td><td><b>Display</b></td><td><b>Definition</b></td></tr><tr><td style=\"white-space:nowrap\">mrc_15<a name=\"ClinicalProtocolCodes-mrc_15\"> </a></td><td>MRC-15</td><td>MRC-15 protocol</td></tr><tr><td style=\"white-space:nowrap\">mrc_16<a name=\"ClinicalProtocolCodes-mrc_16\"> </a></td><td>MRC-16</td><td>MRC-16 protocol</td></tr><tr><td style=\"white-space:nowrap\">mrc_17<a name=\"ClinicalProtocolCodes-mrc_17\"> </a></td><td>MRC-17</td><td>MRC-17 protocol</td></tr><tr><td style=\"white-space:nowrap\">mrc_18<a name=\"ClinicalProtocolCodes-mrc_18\"> </a></td><td>MRC-18</td><td>MRC-18 protocol</td></tr><tr><td style=\"white-space:nowrap\">mrc_19<a name=\"ClinicalProtocolCodes-mrc_19\"> </a></td><td>MRC-19</td><td>MRC-19 protocol</td></tr><tr><td style=\"white-space:nowrap\">mrc_li<a name=\"ClinicalProtocolCodes-mrc_li\"> </a></td><td>MRC-LI</td><td>MRC-LI protocol</td></tr></table></div>"
  },
  "url" : "https://kip.rkkp.dk/fhir/CodeSystem/ClinicalProtocolCodes",
  "version" : "2.9.0",
  "name" : "ClinicalProtocolCodes",
  "title" : "Clinical protocol; name",
  "status" : "active",
  "date" : "2022-07-12T00:00:00+02:00",
  "publisher" : "Sundhedsvæsnets Kvalistetsinstitut with Trifork Digital Health A/S",
  "contact" : [{
    "name" : "Sundhedsvæsnets Kvalistetsinstitut with Trifork Digital Health A/S",
    "telecom" : [{
      "system" : "url",
      "value" : "https://trifork.com"
    },
    {
      "system" : "email",
      "value" : "rbk@trifork.com"
    }]
  }],
  "description" : "Clinical protocol; name",
  "caseSensitive" : false,
  "content" : "complete",
  "count" : 6,
  "concept" : [{
    "code" : "mrc_15",
    "display" : "MRC-15",
    "definition" : "MRC-15 protocol"
  },
  {
    "code" : "mrc_16",
    "display" : "MRC-16",
    "definition" : "MRC-16 protocol"
  },
  {
    "code" : "mrc_17",
    "display" : "MRC-17",
    "definition" : "MRC-17 protocol"
  },
  {
    "code" : "mrc_18",
    "display" : "MRC-18",
    "definition" : "MRC-18 protocol"
  },
  {
    "code" : "mrc_19",
    "display" : "MRC-19",
    "definition" : "MRC-19 protocol"
  },
  {
    "code" : "mrc_li",
    "display" : "MRC-LI",
    "definition" : "MRC-LI protocol"
  }]
}