{
  "resourceType" : "CodeSystem",
  "id" : "ResidualTumorGrading",
  "text" : {
    "status" : "generated",
    "div" : "<div xmlns=\"http://www.w3.org/1999/xhtml\"><p class=\"res-header-id\"><b>Generated Narrative: CodeSystem ResidualTumorGrading</b></p><a name=\"ResidualTumorGrading\"> </a><a name=\"hcResidualTumorGrading\"> </a><a name=\"ResidualTumorGrading-en-US\"> </a><p>This  code system <code>https://kip.rkkp.dk/fhir/CodeSystem/ResidualTumorGrading</code> defines the following codes:</p><table class=\"codes\"><tr><td style=\"white-space:nowrap\"><b>Code</b></td><td><b>Display</b></td><td><b>Definition</b></td></tr><tr><td style=\"white-space:nowrap\">gradei<a name=\"ResidualTumorGrading-gradei\"> </a></td><td>Grad I</td><td>Grad I - Veldifferentieret</td></tr><tr><td style=\"white-space:nowrap\">gradeii<a name=\"ResidualTumorGrading-gradeii\"> </a></td><td>Grad II</td><td>Grad II - Moderat differentieret</td></tr><tr><td style=\"white-space:nowrap\">gradeiii<a name=\"ResidualTumorGrading-gradeiii\"> </a></td><td>Grad III</td><td>Grad III - Lavt differentieret</td></tr><tr><td style=\"white-space:nowrap\">gradex<a name=\"ResidualTumorGrading-gradex\"> </a></td><td>Grad X</td><td>Grad X - Gradering ikke mulig</td></tr></table></div>"
  },
  "url" : "https://kip.rkkp.dk/fhir/CodeSystem/ResidualTumorGrading",
  "version" : "2.9.0",
  "name" : "ResidualTumorGrading",
  "title" : "Residual Tumor Grading",
  "status" : "active",
  "date" : "2022-06-07T00:00:00+02:00",
  "publisher" : "Sundhedsvæsnets Kvalistetsinstitut with Trifork Digital Health A/S",
  "contact" : [{
    "name" : "Sundhedsvæsnets Kvalistetsinstitut with Trifork Digital Health A/S",
    "telecom" : [{
      "system" : "url",
      "value" : "https://trifork.com"
    },
    {
      "system" : "email",
      "value" : "rbk@trifork.com"
    }]
  }],
  "description" : "Gradering hvis der er registreret resttumor i histologisk klassifikation",
  "content" : "complete",
  "count" : 4,
  "concept" : [{
    "code" : "gradei",
    "display" : "Grad I",
    "definition" : "Grad I - Veldifferentieret"
  },
  {
    "code" : "gradeii",
    "display" : "Grad II",
    "definition" : "Grad II - Moderat differentieret"
  },
  {
    "code" : "gradeiii",
    "display" : "Grad III",
    "definition" : "Grad III - Lavt differentieret"
  },
  {
    "code" : "gradex",
    "display" : "Grad X",
    "definition" : "Grad X - Gradering ikke mulig"
  }]
}