{
  "resourceType" : "CodeSystem",
  "id" : "SizesGeneral",
  "text" : {
    "status" : "generated",
    "div" : "<div xmlns=\"http://www.w3.org/1999/xhtml\"><p class=\"res-header-id\"><b>Generated Narrative: CodeSystem SizesGeneral</b></p><a name=\"SizesGeneral\"> </a><a name=\"hcSizesGeneral\"> </a><a name=\"SizesGeneral-en-US\"> </a><p>This  code system <code>https://kip.rkkp.dk/fhir/CodeSystem/SizesGeneral</code> provides <b>a fragment</b> that includes following codes:</p><table class=\"codes\"><tr><td style=\"white-space:nowrap\"><b>Code</b></td><td><b>Definition</b></td></tr><tr><td style=\"white-space:nowrap\">28<a name=\"SizesGeneral-28\"> </a></td><td>28</td></tr><tr><td style=\"white-space:nowrap\">32<a name=\"SizesGeneral-32\"> </a></td><td>32</td></tr><tr><td style=\"white-space:nowrap\">36<a name=\"SizesGeneral-36\"> </a></td><td>36</td></tr><tr><td style=\"white-space:nowrap\">40<a name=\"SizesGeneral-40\"> </a></td><td>40</td></tr><tr><td style=\"white-space:nowrap\">44<a name=\"SizesGeneral-44\"> </a></td><td>44</td></tr></table></div>"
  },
  "url" : "https://kip.rkkp.dk/fhir/CodeSystem/SizesGeneral",
  "version" : "2.9.0",
  "name" : "SizesGeneral",
  "title" : "General size scale",
  "status" : "active",
  "date" : "2023-05-23T00:00:00+02:00",
  "publisher" : "Sundhedsvæsnets Kvalistetsinstitut with Trifork Digital Health A/S",
  "contact" : [{
    "name" : "Sundhedsvæsnets Kvalistetsinstitut with Trifork Digital Health A/S",
    "telecom" : [{
      "system" : "url",
      "value" : "https://trifork.com"
    },
    {
      "system" : "email",
      "value" : "rbk@trifork.com"
    }]
  }],
  "description" : "General size scale",
  "content" : "fragment",
  "concept" : [{
    "code" : "28",
    "display" : "28",
    "definition" : "28"
  },
  {
    "code" : "32",
    "display" : "32",
    "definition" : "32"
  },
  {
    "code" : "36",
    "display" : "36",
    "definition" : "36"
  },
  {
    "code" : "40",
    "display" : "40",
    "definition" : "40"
  },
  {
    "code" : "44",
    "display" : "44",
    "definition" : "44"
  }]
}