{
  "resourceType" : "CodeSystem",
  "id" : "VisitationCriteriaNotMet",
  "text" : {
    "status" : "generated",
    "div" : "<div xmlns=\"http://www.w3.org/1999/xhtml\"><p class=\"res-header-id\"><b>Generated Narrative: CodeSystem VisitationCriteriaNotMet</b></p><a name=\"VisitationCriteriaNotMet\"> </a><a name=\"hcVisitationCriteriaNotMet\"> </a><a name=\"VisitationCriteriaNotMet-en-US\"> </a><p>This case-insensitive code system <code>https://kip.rkkp.dk/fhir/CodeSystem/VisitationCriteriaNotMet</code> defines the following codes:</p><table class=\"codes\"><tr><td style=\"white-space:nowrap\"><b>Code</b></td><td><b>Display</b></td><td><b>Definition</b></td></tr><tr><td style=\"white-space:nowrap\">not_terminally_ill<a name=\"VisitationCriteriaNotMet-not_terminally_ill\"> </a></td><td>Not terminally ill</td><td>Not terminally ill / Ikke uhelbredeligt syg</td></tr><tr><td style=\"white-space:nowrap\">no_symptomatology<a name=\"VisitationCriteriaNotMet-no_symptomatology\"> </a></td><td>No symptomatology</td><td>No symptomatology / Ikke symptomatologi, som kræver en specialiseret/tværfaglig indsats</td></tr><tr><td style=\"white-space:nowrap\">not_diagnostically_completed<a name=\"VisitationCriteriaNotMet-not_diagnostically_completed\"> </a></td><td>Not diagnostically completed</td><td>Not diagnostically completed / Ikke diagnostisk færdigudredt</td></tr><tr><td style=\"white-space:nowrap\">not_informed<a name=\"VisitationCriteriaNotMet-not_informed\"> </a></td><td>Patient not well informed</td><td>Patient not well informed / Patienten ikke velinformeret om sin sygdom</td></tr></table></div>"
  },
  "url" : "https://kip.rkkp.dk/fhir/CodeSystem/VisitationCriteriaNotMet",
  "version" : "2.9.0",
  "name" : "VisitationCriteriaNotMet",
  "title" : "Visitation criteria not met; cause",
  "status" : "active",
  "date" : "2022-08-23T00:00:00+02:00",
  "publisher" : "Sundhedsvæsnets Kvalistetsinstitut with Trifork Digital Health A/S",
  "contact" : [{
    "name" : "Sundhedsvæsnets Kvalistetsinstitut with Trifork Digital Health A/S",
    "telecom" : [{
      "system" : "url",
      "value" : "https://trifork.com"
    },
    {
      "system" : "email",
      "value" : "rbk@trifork.com"
    }]
  }],
  "description" : "Visitation criteria not met; cause",
  "caseSensitive" : false,
  "content" : "complete",
  "count" : 4,
  "concept" : [{
    "code" : "not_terminally_ill",
    "display" : "Not terminally ill",
    "definition" : "Not terminally ill / Ikke uhelbredeligt syg"
  },
  {
    "code" : "no_symptomatology",
    "display" : "No symptomatology",
    "definition" : "No symptomatology / Ikke symptomatologi, som kræver en specialiseret/tværfaglig indsats"
  },
  {
    "code" : "not_diagnostically_completed",
    "display" : "Not diagnostically completed",
    "definition" : "Not diagnostically completed / Ikke diagnostisk færdigudredt"
  },
  {
    "code" : "not_informed",
    "display" : "Patient not well informed",
    "definition" : "Patient not well informed / Patienten ikke velinformeret om sin sygdom"
  }]
}