{
  "resourceType" : "ValueSet",
  "id" : "HenvistFra",
  "text" : {
    "status" : "extensions",
    "div" : "<div xmlns=\"http://www.w3.org/1999/xhtml\"><p class=\"res-header-id\"><b>Generated Narrative: ValueSet HenvistFra</b></p><a name=\"HenvistFra\"> </a><a name=\"hcHenvistFra\"> </a><a name=\"HenvistFra-en-US\"> </a><p>This value set includes codes based on the following rules:</p><ul><li>Include these codes as defined in <a href=\"CodeSystem-ReferredFrom.html\"><code>https://kip.rkkp.dk/fhir/CodeSystem/ReferredFrom</code></a><table class=\"none\"><tr><td style=\"white-space:nowrap\"><b>Code</b></td><td><b>Display</b></td><td><b>Definition</b></td></tr><tr><td><a href=\"CodeSystem-ReferredFrom.html#ReferredFrom-own_doctor\">own_doctor</a></td><td>Egen læge</td><td>Own doctor / Egen læge</td></tr><tr><td><a href=\"CodeSystem-ReferredFrom.html#ReferredFrom-specialist_doctor\">specialist_doctor</a></td><td>Praktiserende speciallæge</td><td>Specialist doctor / Speciallæge</td></tr><tr><td><a href=\"CodeSystem-ReferredFrom.html#ReferredFrom-hospital_department\">hospital_department</a></td><td>Sygehusafdeling</td><td>Hospital department / Sygehusafdeling</td></tr><tr><td><a href=\"CodeSystem-ReferredFrom.html#ReferredFrom-palliative_department\">palliative_department</a></td><td>Anden palliativ enhed</td><td>Palliative department / Palliativ enhed</td></tr><tr><td><a href=\"CodeSystem-ReferredFrom.html#ReferredFrom-patient_relavtives\">patient_relavtives</a></td><td>Patienten selv eller pårørende</td><td>Patient or relatives / Patienten selv eller pårørende</td></tr></table></li><li>Include these codes as defined in <a href=\"CodeSystem-GenericValues.html\"><code>https://kip.rkkp.dk/fhir/CodeSystem/GenericValues</code></a><table class=\"none\"><tr><td style=\"white-space:nowrap\"><b>Code</b></td><td><b>Display</b></td><td><b>Definition</b></td></tr><tr><td><a href=\"CodeSystem-GenericValues.html#GenericValues-other\">other</a></td><td>Anden</td><td>Other - used to choose unspecific value not in a valueset</td></tr></table></li></ul></div>"
  },
  "url" : "https://kip.rkkp.dk/fhir/ValueSet/HenvistFra",
  "version" : "2.9.0",
  "name" : "HenvistFra",
  "title" : "Henvist fra",
  "status" : "active",
  "experimental" : true,
  "date" : "2022-09-06T00:00:00+02:00",
  "publisher" : "Sundhedsvæsnets Kvalistetsinstitut with Trifork Digital Health A/S",
  "contact" : [{
    "name" : "Sundhedsvæsnets Kvalistetsinstitut with Trifork Digital Health A/S",
    "telecom" : [{
      "system" : "url",
      "value" : "https://trifork.com"
    },
    {
      "system" : "email",
      "value" : "rbk@trifork.com"
    }]
  }],
  "description" : "Hvor er patienten blevet henvist fra",
  "compose" : {
    "include" : [{
      "system" : "https://kip.rkkp.dk/fhir/CodeSystem/ReferredFrom",
      "concept" : [{
        "code" : "own_doctor",
        "display" : "Egen læge"
      },
      {
        "code" : "specialist_doctor",
        "display" : "Praktiserende speciallæge"
      },
      {
        "code" : "hospital_department",
        "display" : "Sygehusafdeling"
      },
      {
        "code" : "palliative_department",
        "display" : "Anden palliativ enhed"
      },
      {
        "code" : "patient_relavtives",
        "display" : "Patienten selv eller pårørende"
      }]
    },
    {
      "system" : "https://kip.rkkp.dk/fhir/CodeSystem/GenericValues",
      "concept" : [{
        "code" : "other",
        "display" : "Anden"
      }]
    }]
  }
}