{
  "resourceType" : "ValueSet",
  "id" : "DomAfslutningRETSPSYK",
  "text" : {
    "status" : "extensions",
    "div" : "<div xmlns=\"http://www.w3.org/1999/xhtml\"><p class=\"res-header-id\"><b>Generated Narrative: ValueSet DomAfslutningRETSPSYK</b></p><a name=\"DomAfslutningRETSPSYK\"> </a><a name=\"hcDomAfslutningRETSPSYK\"> </a><a name=\"DomAfslutningRETSPSYK-en-US\"> </a><p>This value set includes codes based on the following rules:</p><ul><li>Include these codes as defined in <a href=\"CodeSystem-Verdict.html\"><code>https://kip.rkkp.dk/fhir/CodeSystem/Verdict</code></a><table class=\"none\"><tr><td style=\"white-space:nowrap\"><b>Code</b></td><td><b>Display</b></td><td><b>Definition</b></td></tr><tr><td><a href=\"CodeSystem-Verdict.html#Verdict-cancellation\">cancellation</a></td><td>Dom ophæves</td><td>Cancellation / Ophævelse</td></tr></table></li><li>Include these codes as defined in <a href=\"CodeSystem-GenericValues.html\"><code>https://kip.rkkp.dk/fhir/CodeSystem/GenericValues</code></a><table class=\"none\"><tr><td style=\"white-space:nowrap\"><b>Code</b></td><td><b>Display</b></td><td><b>Definition</b></td></tr><tr><td><a href=\"CodeSystem-GenericValues.html#GenericValues-death\">death</a></td><td>Død</td><td>Death / Død</td></tr></table></li></ul></div>"
  },
  "url" : "https://kip.rkkp.dk/fhir/ValueSet/DomAfslutningRETSPSYK",
  "version" : "2.9.0",
  "name" : "DomAfslutningRETSPSYK",
  "title" : "Dom - Afslutning (RETSPSYK)",
  "status" : "active",
  "experimental" : true,
  "date" : "2022-10-03T00:00:00+02:00",
  "publisher" : "Sundhedsvæsnets Kvalistetsinstitut with Trifork Digital Health A/S",
  "contact" : [{
    "name" : "Sundhedsvæsnets Kvalistetsinstitut with Trifork Digital Health A/S",
    "telecom" : [{
      "system" : "url",
      "value" : "https://trifork.com"
    },
    {
      "system" : "email",
      "value" : "rbk@trifork.com"
    }]
  }],
  "description" : "Dom - Afslutning (RETSPSYK)",
  "compose" : {
    "include" : [{
      "system" : "https://kip.rkkp.dk/fhir/CodeSystem/Verdict",
      "concept" : [{
        "code" : "cancellation",
        "display" : "Dom ophæves"
      }]
    },
    {
      "system" : "https://kip.rkkp.dk/fhir/CodeSystem/GenericValues",
      "concept" : [{
        "code" : "death",
        "display" : "Død"
      }]
    }]
  }
}