{
  "resourceType" : "ValueSet",
  "id" : "SKScTNMcN",
  "text" : {
    "status" : "extensions",
    "div" : "<div xmlns=\"http://www.w3.org/1999/xhtml\"><p class=\"res-header-id\"><b>Generated Narrative: ValueSet SKScTNMcN</b></p><a name=\"SKScTNMcN\"> </a><a name=\"hcSKScTNMcN\"> </a><a name=\"SKScTNMcN-en-US\"> </a><ul><li>Include these codes as defined in <a href=\"CodeSystem-SKS.html\"><code>https://kip.rkkp.dk/fhir/CodeSystem/SKS</code></a><table class=\"none\"><tr><td style=\"white-space:nowrap\"><b>Code</b></td><td><b>Display</b></td><td><b>Definition</b></td></tr><tr><td><a href=\"CodeSystem-SKS.html#SKS-AZCD30\">AZCD30</a></td><td>cN0: Ingen regionale lymfeknudemetastaser</td><td>AZCD30 - cN0: Ingen regionale lymfeknudemetastaser</td></tr><tr><td><a href=\"CodeSystem-SKS.html#SKS-AZCD31\">AZCD31</a></td><td>cN1: Regional lymfeknudemetastase</td><td>AZCD31 - cN1: Regional lymfeknudemetastase</td></tr><tr><td><a href=\"CodeSystem-SKS.html#SKS-AZCD32\">AZCD32</a></td><td>cN2: Regional lymfeknudemetastase</td><td>AZCD32 - cN2: Regional lymfeknudemetastase</td></tr><tr><td><a href=\"CodeSystem-SKS.html#SKS-AZCD33\">AZCD33</a></td><td>cN3: Regional lymfeknudemetastase</td><td>AZCD33 - cN3: Regional lymfeknudemetastase</td></tr><tr><td><a href=\"CodeSystem-SKS.html#SKS-AZCD39\">AZCD39</a></td><td>cNx: Opl om regional lymfeknudestatus foreligger ikke i afd</td><td>AZCD39 - cNx: Opl om regional lymfeknudestatus foreligger ikke i afd</td></tr></table></li></ul></div>"
  },
  "url" : "https://kip.rkkp.dk/fhir/ValueSet/SKScTNMcN",
  "version" : "2.9.0",
  "name" : "SKScTNMcN",
  "title" : "SKS: cTNM klassifikation, cN",
  "status" : "active",
  "experimental" : true,
  "date" : "2022-06-08T00:00:00+02:00",
  "publisher" : "Sundhedsvæsnets Kvalistetsinstitut with Trifork Digital Health A/S",
  "contact" : [{
    "name" : "Sundhedsvæsnets Kvalistetsinstitut with Trifork Digital Health A/S",
    "telecom" : [{
      "system" : "url",
      "value" : "https://trifork.com"
    },
    {
      "system" : "email",
      "value" : "rbk@trifork.com"
    }]
  }],
  "description" : "SKS koderne relevante cN tillægskoder",
  "compose" : {
    "include" : [{
      "system" : "https://kip.rkkp.dk/fhir/CodeSystem/SKS",
      "concept" : [{
        "code" : "AZCD30",
        "display" : "cN0: Ingen regionale lymfeknudemetastaser"
      },
      {
        "code" : "AZCD31",
        "display" : "cN1: Regional lymfeknudemetastase"
      },
      {
        "code" : "AZCD32",
        "display" : "cN2: Regional lymfeknudemetastase"
      },
      {
        "code" : "AZCD33",
        "display" : "cN3: Regional lymfeknudemetastase"
      },
      {
        "code" : "AZCD39",
        "display" : "cNx: Opl om regional lymfeknudestatus foreligger ikke i afd"
      }]
    }]
  }
}