{
  "resourceType" : "ValueSet",
  "id" : "DosisAKbehDKR",
  "text" : {
    "status" : "extensions",
    "div" : "<div xmlns=\"http://www.w3.org/1999/xhtml\"><p class=\"res-header-id\"><b>Generated Narrative: ValueSet DosisAKbehDKR</b></p><a name=\"DosisAKbehDKR\"> </a><a name=\"hcDosisAKbehDKR\"> </a><a name=\"DosisAKbehDKR-en-US\"> </a><ul><li>Include these codes as defined in <a href=\"CodeSystem-Dosis.html\"><code>https://kip.rkkp.dk/fhir/CodeSystem/Dosis</code></a><table class=\"none\"><tr><td style=\"white-space:nowrap\"><b>Code</b></td><td><b>Display</b></td><td><b>Definition</b></td></tr><tr><td><a href=\"CodeSystem-Dosis.html#Dosis-le5000ie\">le5000ie</a></td><td>&lt;= 5000 IE</td><td>&lt;= 5000 IE</td></tr><tr><td><a href=\"CodeSystem-Dosis.html#Dosis-gt5000ie\">gt5000ie</a></td><td>&gt; 5000 IE</td><td>&gt; 5000 IE</td></tr></table></li></ul></div>"
  },
  "url" : "https://kip.rkkp.dk/fhir/ValueSet/DosisAKbehDKR",
  "version" : "2.9.0",
  "name" : "DosisAKbehDKR",
  "title" : "Dosis AK behandling (DKR)",
  "status" : "active",
  "experimental" : true,
  "date" : "2023-12-19T00:00:00+02:00",
  "publisher" : "Sundhedsvæsnets Kvalistetsinstitut with Trifork Digital Health A/S",
  "contact" : [{
    "name" : "Sundhedsvæsnets Kvalistetsinstitut with Trifork Digital Health A/S",
    "telecom" : [{
      "system" : "url",
      "value" : "https://trifork.com"
    },
    {
      "system" : "email",
      "value" : "rbk@trifork.com"
    }]
  }],
  "description" : "Døgndosis AK behandling (DKR)",
  "compose" : {
    "include" : [{
      "system" : "https://kip.rkkp.dk/fhir/CodeSystem/Dosis",
      "concept" : [{
        "code" : "le5000ie",
        "display" : "<= 5000 IE"
      },
      {
        "code" : "gt5000ie",
        "display" : "> 5000 IE"
      }]
    }]
  }
}