{
  "resourceType" : "ValueSet",
  "id" : "ICHEvakuering",
  "text" : {
    "status" : "extensions",
    "div" : "<div xmlns=\"http://www.w3.org/1999/xhtml\"><p class=\"res-header-id\"><b>Generated Narrative: ValueSet ICHEvakuering</b></p><a name=\"ICHEvakuering\"> </a><a name=\"hcICHEvakuering\"> </a><a name=\"ICHEvakuering-en-US\"> </a><ul><li>Include these codes as defined in <a href=\"CodeSystem-ICHAction.html\"><code>https://kip.rkkp.dk/fhir/CodeSystem/ICHAction</code></a><table class=\"none\"><tr><td style=\"white-space:nowrap\"><b>Code</b></td><td><b>Display</b></td><td><b>Definition</b></td></tr><tr><td><a href=\"CodeSystem-ICHAction.html#ICHAction-evacution\">evacution</a></td><td>Kræver evakuering</td><td>Evacuation required</td></tr><tr><td><a href=\"CodeSystem-ICHAction.html#ICHAction-noevacuation\">noevacuation</a></td><td>Kræver ikke evakuering</td><td>Evacuation is not required</td></tr></table></li></ul></div>"
  },
  "url" : "https://kip.rkkp.dk/fhir/ValueSet/ICHEvakuering",
  "version" : "2.9.0",
  "name" : "ICHEvakuering",
  "title" : "Ved fund af ICH, skal der evkaueres eller ej",
  "status" : "active",
  "experimental" : true,
  "date" : "2022-06-23T00:00:00+02:00",
  "publisher" : "Sundhedsvæsnets Kvalistetsinstitut with Trifork Digital Health A/S",
  "contact" : [{
    "name" : "Sundhedsvæsnets Kvalistetsinstitut with Trifork Digital Health A/S",
    "telecom" : [{
      "system" : "url",
      "value" : "https://trifork.com"
    },
    {
      "system" : "email",
      "value" : "rbk@trifork.com"
    }]
  }],
  "description" : "Ved fund af intracerebralt hæmatom (ICH), skal der evkaueres eller ej",
  "compose" : {
    "include" : [{
      "system" : "https://kip.rkkp.dk/fhir/CodeSystem/ICHAction",
      "concept" : [{
        "code" : "evacution",
        "display" : "Kræver evakuering"
      },
      {
        "code" : "noevacuation",
        "display" : "Kræver ikke evakuering"
      }]
    }]
  }
}