{
  "resourceType" : "ValueSet",
  "id" : "ParagrafferRETSPSYK",
  "text" : {
    "status" : "extensions",
    "div" : "<div xmlns=\"http://www.w3.org/1999/xhtml\"><p class=\"res-header-id\"><b>Generated Narrative: ValueSet ParagrafferRETSPSYK</b></p><a name=\"ParagrafferRETSPSYK\"> </a><a name=\"hcParagrafferRETSPSYK\"> </a><a name=\"ParagrafferRETSPSYK-en-US\"> </a><p>This value set includes codes based on the following rules:</p><ul><li>Include these codes as defined in <a href=\"CodeSystem-Paragraph.html\"><code>https://kip.rkkp.dk/fhir/CodeSystem/Paragraph</code></a><table class=\"none\"><tr><td style=\"white-space:nowrap\"><b>Code</b></td><td><b>Display</b></td><td><b>Definition</b></td></tr><tr><td><a href=\"CodeSystem-Paragraph.html#Paragraph-.167.167237-241\">§§237-241</a></td><td>Manddrab §§ 237-241</td><td>Manddrab §§ 237-241</td></tr><tr><td><a href=\"CodeSystem-Paragraph.html#Paragraph-.167.167237-241_.16721\">§§237-241_§21</a></td><td>Manddrab, forsøg §§ 237-241, jf. § 21</td><td>Manddrab, forsøg §§ 237-241, jf. § 21</td></tr><tr><td><a href=\"CodeSystem-Paragraph.html#Paragraph-.167244\">§244</a></td><td>Vold § 244</td><td>Vold § 244</td></tr><tr><td><a href=\"CodeSystem-Paragraph.html#Paragraph-.167244_.16721\">§244_§21</a></td><td>Vold, forsøg § 244, jf. § 21</td><td>Vold, forsøg § 244, jf. § 21</td></tr><tr><td><a href=\"CodeSystem-Paragraph.html#Paragraph-.167245\">§245</a></td><td>Kvalificeret vold m/skade på legeme eller helbred § 245</td><td>Kvalificeret vold m/skade på legeme eller helbred § 245</td></tr><tr><td><a href=\"CodeSystem-Paragraph.html#Paragraph-.167245_.16721\">§245_§21</a></td><td>Kvalificeret vold m/skade på legeme eller helbred, forsøg § 245, jf. § 21</td><td>Kvalificeret vold m/skade på legeme eller helbred, forsøg § 245, jf. § 21</td></tr><tr><td><a href=\"CodeSystem-Paragraph.html#Paragraph-.167246\">§246</a></td><td>Kvalificeret vold m/grov skade § 246</td><td>Kvalificeret vold m/grov skade § 246</td></tr><tr><td><a href=\"CodeSystem-Paragraph.html#Paragraph-.167246_.16721\">§246_§21</a></td><td>Kvalificeret vold m/grov skade, forsøg § 246, jf. § 21</td><td>Kvalificeret vold m/grov skade, forsøg § 246, jf. § 21</td></tr><tr><td><a href=\"CodeSystem-Paragraph.html#Paragraph-.167119\">§119</a></td><td>Vold og lign. mod nogen i offentlig tjeneste § 119</td><td>Vold og lign. mod nogen i offentlig tjeneste § 119</td></tr><tr><td><a href=\"CodeSystem-Paragraph.html#Paragraph-.167119_.16721\">§119_§21</a></td><td>Vold og lign. mod nogen i offentlig tjeneste, forsøg § 119, jf. § 21</td><td>Vold og lign. mod nogen i offentlig tjeneste, forsøg § 119, jf. § 21</td></tr><tr><td><a href=\"CodeSystem-Paragraph.html#Paragraph-.167.167249-255\">§§249-255</a></td><td>Anden personfarlig kriminalitet § 249-255</td><td>Anden personfarlig kriminalitet § 249-255</td></tr><tr><td><a href=\"CodeSystem-Paragraph.html#Paragraph-.167.167249-255_.16721\">§§249-255_§21</a></td><td>Anden personfarlig kriminalitet, forsøg § 249-255, jf. § 21</td><td>Anden personfarlig kriminalitet, forsøg § 249-255, jf. § 21</td></tr><tr><td><a href=\"CodeSystem-Paragraph.html#Paragraph-.167.167265-266\">§§265-266</a></td><td>Trusler § 265-266</td><td>Trusler § 265-266</td></tr><tr><td><a href=\"CodeSystem-Paragraph.html#Paragraph-.167.167265-266_attempt\">§§265-266_attempt</a></td><td>Trusler, forsøg § 265-266</td><td>Trusler, forsøg § 265-266</td></tr><tr><td><a href=\"CodeSystem-Paragraph.html#Paragraph-.167123\">§123</a></td><td>Trusler, vidnetrusler §123</td><td>Trusler, vidnetrusler §123</td></tr><tr><td><a href=\"CodeSystem-Paragraph.html#Paragraph-.167.167260-262\">§§260-262</a></td><td>Ulovlig tvang §§ 260-262</td><td>Ulovlig tvang §§ 260-262</td></tr><tr><td><a href=\"CodeSystem-Paragraph.html#Paragraph-.167.167260-262_attempt\">§§260-262_attempt</a></td><td>Ulovlig tvang, forsøg §§ 260-262</td><td>Ulovlig tvang, forsøg §§ 260-262</td></tr><tr><td><a href=\"CodeSystem-Paragraph.html#Paragraph-.167180\">§180</a></td><td>Brandstiftelse, kvalificeret § 180</td><td>Brandstiftelse, kvalificeret § 180</td></tr><tr><td><a href=\"CodeSystem-Paragraph.html#Paragraph-.167180_.16721\">§180_§21</a></td><td>Brandstiftelse, kvalificeret, forsøg § 180, jf. § 21</td><td>Brandstiftelse, kvalificeret, forsøg § 180, jf. § 21</td></tr><tr><td><a href=\"CodeSystem-Paragraph.html#Paragraph-.167181\">§181</a></td><td>Brandstiftelse, forsætlig § 181</td><td>Brandstiftelse, forsætlig § 181</td></tr><tr><td><a href=\"CodeSystem-Paragraph.html#Paragraph-.167181_.16721\">§181_§21</a></td><td>Brandstiftelse, forsætlig, forsøg § 181, jf. § 21</td><td>Brandstiftelse, forsætlig, forsøg § 181, jf. § 21</td></tr><tr><td><a href=\"CodeSystem-Paragraph.html#Paragraph-.167216\">§216</a></td><td>Voldtægt § 216</td><td>Voldtægt § 216</td></tr><tr><td><a href=\"CodeSystem-Paragraph.html#Paragraph-.167216_.16721\">§216_§21</a></td><td>Voldtægt, forsøg § 216, jf. § 21</td><td>Voldtægt, forsøg § 216, jf. § 21</td></tr><tr><td><a href=\"CodeSystem-Paragraph.html#Paragraph-.167.167210-236\">§§210-236</a></td><td>Anden sædelighed §§ 210-236 (- § 216)</td><td>Anden sædelighed §§ 210-236 (- § 216)</td></tr><tr><td><a href=\"CodeSystem-Paragraph.html#Paragraph-.167.167210-236_.16721\">§§210-236_§21</a></td><td>Anden sædelighed, forsøg §§ 210-236 (- § 216), jf. § 21</td><td>Anden sædelighed, forsøg §§ 210-236 (- § 216), jf. § 21</td></tr><tr><td><a href=\"CodeSystem-Paragraph.html#Paragraph-.167191\">§191</a></td><td>Narkotikakriminalitet § 191</td><td>Narkotikakriminalitet § 191</td></tr><tr><td><a href=\"CodeSystem-Paragraph.html#Paragraph-.167191_.16721\">§191_§21</a></td><td>Narkotikakriminalitet, forsøg § 191, jf. § 21</td><td>Narkotikakriminalitet, forsøg § 191, jf. § 21</td></tr><tr><td><a href=\"CodeSystem-Paragraph.html#Paragraph-narcotics\">narcotics</a></td><td>Lov om euforiserende stoffer</td><td>Lov om euforiserende stoffer</td></tr><tr><td><a href=\"CodeSystem-Paragraph.html#Paragraph-narcotics_attempt\">narcotics_attempt</a></td><td>Lov om euforiserende stoffer, forsøg</td><td>Lov om euforiserende stoffer, forsøg</td></tr><tr><td><a href=\"CodeSystem-Paragraph.html#Paragraph-.167288\">§288</a></td><td>Røveri §288</td><td>Røveri §288</td></tr><tr><td><a href=\"CodeSystem-Paragraph.html#Paragraph-.167288_1\">§288_1</a></td><td>Røveri § 288, stk. 1</td><td>Røveri § 288, stk. 1</td></tr><tr><td><a href=\"CodeSystem-Paragraph.html#Paragraph-.167288_1_.16721\">§288_1_§21</a></td><td>Røveri, forsøg § 288, stk. 1, jf. § 21</td><td>Røveri, forsøg § 288, stk. 1, jf. § 21</td></tr><tr><td><a href=\"CodeSystem-Paragraph.html#Paragraph-.167288_2\">§288_2</a></td><td>Røveri, særligt farligt, § 288, stk. 2</td><td>Røveri, særligt farligt, § 288, stk. 2</td></tr><tr><td><a href=\"CodeSystem-Paragraph.html#Paragraph-.167288_2_.16721\">§288_2_§21</a></td><td>Røveri, særligt farligt, forsøg § 288, stk. 2, jf. § 21</td><td>Røveri, særligt farligt, forsøg § 288, stk. 2, jf. § 21</td></tr><tr><td><a href=\"CodeSystem-Paragraph.html#Paragraph-.167276\">§276</a></td><td>Tyveri § 276</td><td>Tyveri § 276</td></tr><tr><td><a href=\"CodeSystem-Paragraph.html#Paragraph-.167276_.16721\">§276_§21</a></td><td>Tyveri, forsøg § 276, jf. § 21</td><td>Tyveri, forsøg § 276, jf. § 21</td></tr><tr><td><a href=\"CodeSystem-Paragraph.html#Paragraph-.167.167278-280\">§§278-280</a></td><td>Bedrageri mv. §§ 278-280</td><td>Bedrageri mv. §§ 278-280</td></tr><tr><td><a href=\"CodeSystem-Paragraph.html#Paragraph-.167.167278-280_.16721\">§§278-280_§21</a></td><td>Bedrageri mv., forsøg §§ 278-280, jf. § 21</td><td>Bedrageri mv., forsøg §§ 278-280, jf. § 21</td></tr><tr><td><a href=\"CodeSystem-Paragraph.html#Paragraph-.167291\">§291</a></td><td>Hærværk § 291</td><td>Hærværk § 291</td></tr><tr><td><a href=\"CodeSystem-Paragraph.html#Paragraph-.167291_.16721\">§291_§21</a></td><td>Hærværk, forsøg § 291, jf. § 21</td><td>Hærværk, forsøg § 291, jf. § 21</td></tr><tr><td><a href=\"CodeSystem-Paragraph.html#Paragraph-criminal_law_other\">criminal_law_other</a></td><td>Straffeloven, øvrige</td><td>Straffeloven, øvrige</td></tr><tr><td><a href=\"CodeSystem-Paragraph.html#Paragraph-criminal_law_other_attempt\">criminal_law_other_attempt</a></td><td>Straffeloven, øvrige, forsøg</td><td>Straffeloven, øvrige, forsøg</td></tr><tr><td><a href=\"CodeSystem-Paragraph.html#Paragraph-weapons_decree\">weapons_decree</a></td><td>Våbenbekendtgørelsen</td><td>Våbenbekendtgørelsen</td></tr><tr><td><a href=\"CodeSystem-Paragraph.html#Paragraph-weapons_decree_attempt\">weapons_decree_attempt</a></td><td>Våbenbekendtgørelsen, forsøg</td><td>Våbenbekendtgørelsen, forsøg</td></tr><tr><td><a href=\"CodeSystem-Paragraph.html#Paragraph-traffic_law\">traffic_law</a></td><td>Færdselsloven</td><td>Færdselsloven</td></tr><tr><td><a href=\"CodeSystem-Paragraph.html#Paragraph-traffic_law_attempt\">traffic_law_attempt</a></td><td>Færdselsloven, forsøg</td><td>Færdselsloven, forsøg</td></tr><tr><td><a href=\"CodeSystem-Paragraph.html#Paragraph-special_law\">special_law</a></td><td>Særloven, øvrige</td><td>Særloven, øvrige</td></tr><tr><td><a href=\"CodeSystem-Paragraph.html#Paragraph-special_law_attempt\">special_law_attempt</a></td><td>Særloven, øvrige, forsøg</td><td>Særloven, øvrige, forsøg</td></tr><tr><td><a href=\"CodeSystem-Paragraph.html#Paragraph-pardon_petition\">pardon_petition</a></td><td>Benådningsandragende</td><td>Benådningsandragende</td></tr><tr><td><a href=\"CodeSystem-Paragraph.html#Paragraph-asylum_seeker\">asylum_seeker</a></td><td>Asylansøger</td><td>Asylansøger</td></tr></table></li><li>Include these codes as defined in <a href=\"CodeSystem-GenericValues.html\"><code>https://kip.rkkp.dk/fhir/CodeSystem/GenericValues</code></a><table class=\"none\"><tr><td style=\"white-space:nowrap\"><b>Code</b></td><td><b>Display</b></td><td><b>Definition</b></td></tr><tr><td><a href=\"CodeSystem-GenericValues.html#GenericValues-other\">other</a></td><td>Andet</td><td>Other - used to choose unspecific value not in a valueset</td></tr></table></li></ul></div>"
  },
  "url" : "https://kip.rkkp.dk/fhir/ValueSet/ParagrafferRETSPSYK",
  "version" : "2.9.0",
  "name" : "ParagrafferRETSPSYK",
  "title" : "Paragraffer (RETSPSYK)",
  "status" : "active",
  "experimental" : true,
  "date" : "2022-09-28T00:00:00+02:00",
  "publisher" : "Sundhedsvæsnets Kvalistetsinstitut with Trifork Digital Health A/S",
  "contact" : [{
    "name" : "Sundhedsvæsnets Kvalistetsinstitut with Trifork Digital Health A/S",
    "telecom" : [{
      "system" : "url",
      "value" : "https://trifork.com"
    },
    {
      "system" : "email",
      "value" : "rbk@trifork.com"
    }]
  }],
  "description" : "Paragraffer (RETSPSYK)",
  "compose" : {
    "include" : [{
      "system" : "https://kip.rkkp.dk/fhir/CodeSystem/Paragraph",
      "concept" : [{
        "code" : "§§237-241",
        "display" : "Manddrab §§ 237-241"
      },
      {
        "code" : "§§237-241_§21",
        "display" : "Manddrab, forsøg §§ 237-241, jf. § 21"
      },
      {
        "code" : "§244",
        "display" : "Vold § 244"
      },
      {
        "code" : "§244_§21",
        "display" : "Vold, forsøg § 244, jf. § 21"
      },
      {
        "code" : "§245",
        "display" : "Kvalificeret vold m/skade på legeme eller helbred § 245"
      },
      {
        "code" : "§245_§21",
        "display" : "Kvalificeret vold m/skade på legeme eller helbred, forsøg § 245, jf. § 21"
      },
      {
        "code" : "§246",
        "display" : "Kvalificeret vold m/grov skade § 246"
      },
      {
        "code" : "§246_§21",
        "display" : "Kvalificeret vold m/grov skade, forsøg § 246, jf. § 21"
      },
      {
        "code" : "§119",
        "display" : "Vold og lign. mod nogen i offentlig tjeneste § 119"
      },
      {
        "code" : "§119_§21",
        "display" : "Vold og lign. mod nogen i offentlig tjeneste, forsøg § 119, jf. § 21"
      },
      {
        "code" : "§§249-255",
        "display" : "Anden personfarlig kriminalitet § 249-255"
      },
      {
        "code" : "§§249-255_§21",
        "display" : "Anden personfarlig kriminalitet, forsøg § 249-255, jf. § 21"
      },
      {
        "code" : "§§265-266",
        "display" : "Trusler § 265-266"
      },
      {
        "code" : "§§265-266_attempt",
        "display" : "Trusler, forsøg § 265-266"
      },
      {
        "code" : "§123",
        "display" : "Trusler, vidnetrusler §123"
      },
      {
        "code" : "§§260-262",
        "display" : "Ulovlig tvang §§ 260-262"
      },
      {
        "code" : "§§260-262_attempt",
        "display" : "Ulovlig tvang, forsøg §§ 260-262"
      },
      {
        "code" : "§180",
        "display" : "Brandstiftelse, kvalificeret § 180"
      },
      {
        "code" : "§180_§21",
        "display" : "Brandstiftelse, kvalificeret, forsøg § 180, jf. § 21"
      },
      {
        "code" : "§181",
        "display" : "Brandstiftelse, forsætlig § 181"
      },
      {
        "code" : "§181_§21",
        "display" : "Brandstiftelse, forsætlig, forsøg § 181, jf. § 21"
      },
      {
        "code" : "§216",
        "display" : "Voldtægt § 216"
      },
      {
        "code" : "§216_§21",
        "display" : "Voldtægt, forsøg § 216, jf. § 21"
      },
      {
        "code" : "§§210-236",
        "display" : "Anden sædelighed §§ 210-236 (- § 216)"
      },
      {
        "code" : "§§210-236_§21",
        "display" : "Anden sædelighed, forsøg §§ 210-236 (- § 216), jf. § 21"
      },
      {
        "code" : "§191",
        "display" : "Narkotikakriminalitet § 191"
      },
      {
        "code" : "§191_§21",
        "display" : "Narkotikakriminalitet, forsøg § 191, jf. § 21"
      },
      {
        "code" : "narcotics",
        "display" : "Lov om euforiserende stoffer"
      },
      {
        "code" : "narcotics_attempt",
        "display" : "Lov om euforiserende stoffer, forsøg"
      },
      {
        "code" : "§288",
        "display" : "Røveri §288"
      },
      {
        "code" : "§288_1",
        "display" : "Røveri § 288, stk. 1"
      },
      {
        "code" : "§288_1_§21",
        "display" : "Røveri, forsøg § 288, stk. 1, jf. § 21"
      },
      {
        "code" : "§288_2",
        "display" : "Røveri, særligt farligt, § 288, stk. 2"
      },
      {
        "code" : "§288_2_§21",
        "display" : "Røveri, særligt farligt, forsøg § 288, stk. 2, jf. § 21"
      },
      {
        "code" : "§276",
        "display" : "Tyveri § 276"
      },
      {
        "code" : "§276_§21",
        "display" : "Tyveri, forsøg § 276, jf. § 21"
      },
      {
        "code" : "§§278-280",
        "display" : "Bedrageri mv. §§ 278-280"
      },
      {
        "code" : "§§278-280_§21",
        "display" : "Bedrageri mv., forsøg §§ 278-280, jf. § 21"
      },
      {
        "code" : "§291",
        "display" : "Hærværk § 291"
      },
      {
        "code" : "§291_§21",
        "display" : "Hærværk, forsøg § 291, jf. § 21"
      },
      {
        "code" : "criminal_law_other",
        "display" : "Straffeloven, øvrige"
      },
      {
        "code" : "criminal_law_other_attempt",
        "display" : "Straffeloven, øvrige, forsøg"
      },
      {
        "code" : "weapons_decree",
        "display" : "Våbenbekendtgørelsen"
      },
      {
        "code" : "weapons_decree_attempt",
        "display" : "Våbenbekendtgørelsen, forsøg"
      },
      {
        "code" : "traffic_law",
        "display" : "Færdselsloven"
      },
      {
        "code" : "traffic_law_attempt",
        "display" : "Færdselsloven, forsøg"
      },
      {
        "code" : "special_law",
        "display" : "Særloven, øvrige"
      },
      {
        "code" : "special_law_attempt",
        "display" : "Særloven, øvrige, forsøg"
      },
      {
        "code" : "pardon_petition",
        "display" : "Benådningsandragende"
      },
      {
        "code" : "asylum_seeker",
        "display" : "Asylansøger"
      }]
    },
    {
      "system" : "https://kip.rkkp.dk/fhir/CodeSystem/GenericValues",
      "concept" : [{
        "code" : "other",
        "display" : "Andet"
      }]
    }]
  }
}