{
  "resourceType" : "ValueSet",
  "id" : "Alkohol714",
  "text" : {
    "status" : "extensions",
    "div" : "<div xmlns=\"http://www.w3.org/1999/xhtml\"><p class=\"res-header-id\"><b>Generated Narrative: ValueSet Alkohol714</b></p><a name=\"Alkohol714\"> </a><a name=\"hcAlkohol714\"> </a><a name=\"Alkohol714-en-US\"> </a><ul><li>Include these codes as defined in <a href=\"CodeSystem-Alchohol.html\"><code>https://kip.rkkp.dk/fhir/CodeSystem/Alchohol</code></a><table class=\"none\"><tr><td style=\"white-space:nowrap\"><b>Code</b></td><td><b>Display</b></td><td><b>Definition</b></td></tr><tr><td><a href=\"CodeSystem-Alchohol.html#Alchohol-le7.4714\">le7/14</a></td><td>7/14 genstande eller færre (kvinde/mand)</td><td>Under eller lig 7/14 genstande per uge (kvinde/mand)</td></tr><tr><td><a href=\"CodeSystem-Alchohol.html#Alchohol-gt7.4714\">gt7/14</a></td><td>Over 7/14 genstande per uge (kvinde/mand)</td><td>Over 7/14 genstande per uge (kvinde/mand)</td></tr></table></li></ul></div>"
  },
  "url" : "https://kip.rkkp.dk/fhir/ValueSet/Alkohol714",
  "version" : "2.9.0",
  "name" : "Alkohol714",
  "title" : "Alkohol - 7/14 genstande per uge",
  "status" : "active",
  "experimental" : true,
  "date" : "2022-06-08T00:00:00+02:00",
  "publisher" : "Sundhedsvæsnets Kvalistetsinstitut with Trifork Digital Health A/S",
  "contact" : [{
    "name" : "Sundhedsvæsnets Kvalistetsinstitut with Trifork Digital Health A/S",
    "telecom" : [{
      "system" : "url",
      "value" : "https://trifork.com"
    },
    {
      "system" : "email",
      "value" : "rbk@trifork.com"
    }]
  }],
  "description" : "Udfald for alkohol - 7/14 genstande per uge",
  "compose" : {
    "include" : [{
      "system" : "https://kip.rkkp.dk/fhir/CodeSystem/Alchohol",
      "concept" : [{
        "code" : "le7/14",
        "display" : "7/14 genstande eller færre (kvinde/mand)"
      },
      {
        "code" : "gt7/14",
        "display" : "Over 7/14 genstande per uge (kvinde/mand)"
      }]
    }]
  }
}