{
  "resourceType" : "ValueSet",
  "id" : "TidligereIndgrebDSR",
  "text" : {
    "status" : "extensions",
    "div" : "<div xmlns=\"http://www.w3.org/1999/xhtml\"><p class=\"res-header-id\"><b>Generated Narrative: ValueSet TidligereIndgrebDSR</b></p><a name=\"TidligereIndgrebDSR\"> </a><a name=\"hcTidligereIndgrebDSR\"> </a><a name=\"TidligereIndgrebDSR-en-US\"> </a><p>This value set includes codes based on the following rules:</p><ul><li>Include these codes as defined in <a href=\"CodeSystem-ProcedureType.html\"><code>https://kip.rkkp.dk/fhir/CodeSystem/ProcedureType</code></a><table class=\"none\"><tr><td style=\"white-space:nowrap\"><b>Code</b></td><td><b>Display</b></td><td><b>Definition</b></td></tr><tr><td><a href=\"CodeSystem-ProcedureType.html#ProcedureType-osteosynthesis\">osteosynthesis</a></td><td>Osteosyntese</td><td>Osteosynthesis / Osteosyntese</td></tr><tr><td><a href=\"CodeSystem-ProcedureType.html#ProcedureType-operation_infection\">operation_infection</a></td><td>Operation pga. infektion</td><td>Operation because of an infection / Operation pga. infektion</td></tr><tr><td><a href=\"CodeSystem-ProcedureType.html#ProcedureType-stabilizing\">stabilizing</a></td><td>Stabiliserende indgreb</td><td>Stabilizing / Stabiliserende indgreb</td></tr><tr><td><a href=\"CodeSystem-ProcedureType.html#ProcedureType-cuff_reconstruction\">cuff_reconstruction</a></td><td>Cuff rekonstruktion</td><td>Cuff reconstruction / Cuff rekonstruktion</td></tr><tr><td><a href=\"CodeSystem-ProcedureType.html#ProcedureType-arthroscopic\">arthroscopic</a></td><td>Artroskopisk operation uden indsættelse af fremmedlegeme</td><td>Arthroscopic operation / Artroskopisk operation uden indsættelse af fremmedlegeme</td></tr></table></li><li>Include these codes as defined in <a href=\"CodeSystem-GenericValues.html\"><code>https://kip.rkkp.dk/fhir/CodeSystem/GenericValues</code></a><table class=\"none\"><tr><td style=\"white-space:nowrap\"><b>Code</b></td><td><b>Display</b></td><td><b>Definition</b></td></tr><tr><td><a href=\"CodeSystem-GenericValues.html#GenericValues-other\">other</a></td><td>Andet indgreb</td><td>Other - used to choose unspecific value not in a valueset</td></tr></table></li></ul></div>"
  },
  "url" : "https://kip.rkkp.dk/fhir/ValueSet/TidligereIndgrebDSR",
  "version" : "2.9.0",
  "name" : "TidligereIndgrebDSR",
  "title" : "Tidligere indgreb (DSR)",
  "status" : "active",
  "experimental" : true,
  "date" : "2022-07-04T00:00:00+02:00",
  "publisher" : "Sundhedsvæsnets Kvalistetsinstitut with Trifork Digital Health A/S",
  "contact" : [{
    "name" : "Sundhedsvæsnets Kvalistetsinstitut with Trifork Digital Health A/S",
    "telecom" : [{
      "system" : "url",
      "value" : "https://trifork.com"
    },
    {
      "system" : "email",
      "value" : "rbk@trifork.com"
    }]
  }],
  "description" : "Tidligere indgreb (DSR)",
  "compose" : {
    "include" : [{
      "system" : "https://kip.rkkp.dk/fhir/CodeSystem/ProcedureType",
      "concept" : [{
        "code" : "osteosynthesis",
        "display" : "Osteosyntese"
      },
      {
        "code" : "operation_infection",
        "display" : "Operation pga. infektion"
      },
      {
        "code" : "stabilizing",
        "display" : "Stabiliserende indgreb"
      },
      {
        "code" : "cuff_reconstruction",
        "display" : "Cuff rekonstruktion"
      },
      {
        "code" : "arthroscopic",
        "display" : "Artroskopisk operation uden indsættelse af fremmedlegeme"
      }]
    },
    {
      "system" : "https://kip.rkkp.dk/fhir/CodeSystem/GenericValues",
      "concept" : [{
        "code" : "other",
        "display" : "Andet indgreb"
      }]
    }]
  }
}