{
  "resourceType" : "ValueSet",
  "id" : "IDC10DPD",
  "text" : {
    "status" : "extensions",
    "div" : "<div xmlns=\"http://www.w3.org/1999/xhtml\"><p class=\"res-header-id\"><b>Generated Narrative: ValueSet IDC10DPD</b></p><a name=\"IDC10DPD\"> </a><a name=\"hcIDC10DPD\"> </a><a name=\"IDC10DPD-en-US\"> </a><p>This value set includes codes based on the following rules:</p><ul><li>Include these codes as defined in <a href=\"CodeSystem-SKSCodeCollection.html\"><code>https://kip.rkkp.dk/fhir/CodeSystem/SKSCodeCollection</code></a><table class=\"none\"><tr><td style=\"white-space:nowrap\"><b>Code</b></td><td><b>Display</b></td><td><b>Definition</b></td></tr><tr><td><a href=\"CodeSystem-SKSCodeCollection.html#SKSCodeCollection-lips_mouth_throat\">lips_mouth_throat</a></td><td>Kræft i læber, mundhule og svælg (DC00-DC14)</td><td>Kræft i læber, mundhule og svælg (DC00-DC14)</td></tr><tr><td><a href=\"CodeSystem-SKSCodeCollection.html#SKSCodeCollection-colon_rectum\">colon_rectum</a></td><td>Kræft i tyktarm og endetarm (DC18-DC20)</td><td>Kræft i tyktarm og endetarm (DC18-DC20)</td></tr><tr><td><a href=\"CodeSystem-SKSCodeCollection.html#SKSCodeCollection-trachea_bronchi_lung\">trachea_bronchi_lung</a></td><td>Kræft i luftrøret og bronkier og lunge (DC33-DC34)</td><td>Kræft i luftrøret og bronkier og lunge (DC33-DC34)</td></tr><tr><td><a href=\"CodeSystem-SKSCodeCollection.html#SKSCodeCollection-uterus\">uterus</a></td><td>Kræft i livmoderen (inkl. uspecifik) (DC54-DC55)</td><td>Kræft i livmoderen (inkl. uspecifik) (DC54-DC55)</td></tr><tr><td><a href=\"CodeSystem-SKSCodeCollection.html#SKSCodeCollection-ovary_fallopian_tube\">ovary_fallopian_tube</a></td><td>Kræft i æggestok og æggeleder (DC56+DC570-DC574)</td><td>Kræft i æggestok og æggeleder (DC56+DC570-DC574)</td></tr><tr><td><a href=\"CodeSystem-SKSCodeCollection.html#SKSCodeCollection-kidney_pelvis_ureter\">kidney_pelvis_ureter</a></td><td>Kræft i nyre, nyrebækken og urinleder (DC64-DC66)</td><td>Kræft i nyre, nyrebækken og urinleder (DC64-DC66)</td></tr><tr><td><a href=\"CodeSystem-SKSCodeCollection.html#SKSCodeCollection-central_nervous_system\">central_nervous_system</a></td><td>Kræft i centralnervesystem (DC70-DC72+DC751-DC753)</td><td>Kræft i centralnervesystem (DC70-DC72+DC751-DC753)</td></tr><tr><td><a href=\"CodeSystem-SKSCodeCollection.html#SKSCodeCollection-non_hodgkin\">non_hodgkin</a></td><td>Non-hodgkin malignt lymform (DC82-DC85)</td><td>Non-hodking malignt lymform (DC82-DC85)</td></tr><tr><td><a href=\"CodeSystem-SKSCodeCollection.html#SKSCodeCollection-leukemia\">leukemia</a></td><td>Leukæmi (DC91-DC95)</td><td>Leukæmi (DC91-DC95)</td></tr><tr><td><a href=\"CodeSystem-SKSCodeCollection.html#SKSCodeCollection-mesotel_tissue\">mesotel_tissue</a></td><td>Kræft i mesotel, bindevæv og andet bløddelsvæv (DC45-DC49)</td><td>Kræft i mesotel, bindevæv og andet bløddelsvæv (DC45-DC49)</td></tr><tr><td><a href=\"CodeSystem-SKSCodeCollection.html#SKSCodeCollection-unspecific\">unspecific</a></td><td>Kræft med dårligt specificerede, sekundære og ikke specificerede lokalisationer (DC76-DC80)</td><td>Kræft med dårligt specificerede, sekundære, ikke specificerede og ukendte lokalisationer (DC76-DC80+DD37-DD48)</td></tr><tr><td><a href=\"CodeSystem-SKSCodeCollection.html#SKSCodeCollection-heart_vessel\">heart_vessel</a></td><td>Hjertekar sygdom (DI00-DI52+DI70-DI99)</td><td>Hjertekar sygdom (DI00-DI52+DI70-DI99)</td></tr><tr><td><a href=\"CodeSystem-SKSCodeCollection.html#SKSCodeCollection-neurological\">neurological</a></td><td>Neurologisk sygdom (ikke apopleksi) (DI64-DI69+DG00-DG99+DF00-DF03)</td><td>Neurologisk sygdom (ikke apopleksi) (DI64-DI69+DG00-DG99+DF00-DF03)</td></tr><tr><td><a href=\"CodeSystem-SKSCodeCollection.html#SKSCodeCollection-apoplexia\">apoplexia</a></td><td>Apopleksi (cerebral thrombose/hæmorrhagi) (DI60-DI63)</td><td>Apopleksi (cerebral thrombose/hæmorrhagi) (DI60-DI63)</td></tr><tr><td><a href=\"CodeSystem-SKSCodeCollection.html#SKSCodeCollection-lung\">lung</a></td><td>Lungesygdomme (DJ00-DJ99+DE84)</td><td>Lungesygdomme (DJ00-DJ99+DE84)</td></tr><tr><td><a href=\"CodeSystem-SKSCodeCollection.html#SKSCodeCollection-kidney\">kidney</a></td><td>Nyresygdomme (DN00-DN29)</td><td>Nyresygdomme (DN00-DN29)</td></tr></table></li><li>Include these codes as defined in <a href=\"CodeSystem-SKS.html\"><code>https://kip.rkkp.dk/fhir/CodeSystem/SKS</code></a><table class=\"none\"><tr><td style=\"white-space:nowrap\"><b>Code</b></td><td><b>Display</b></td><td><b>Definition</b></td></tr><tr><td><a href=\"CodeSystem-SKS.html#SKS-DC15\">DC15</a></td><td>Kræft i spiserøret</td><td>Kræft i spiserøret</td></tr><tr><td><a href=\"CodeSystem-SKS.html#SKS-DC16\">DC16</a></td><td>Kræft i mavesækken</td><td>Kræft i mavesækken</td></tr><tr><td><a href=\"CodeSystem-SKS.html#SKS-DC17\">DC17</a></td><td>Kræft i tyndtarmen</td><td>Kræft i tyndtarmen</td></tr><tr><td><a href=\"CodeSystem-SKS.html#SKS-DC22\">DC22</a></td><td>Kræft i leveren og intrahepatiske galdegange</td><td>Kræft i leveren og intrahepatiske galdegange</td></tr><tr><td><a href=\"CodeSystem-SKS.html#SKS-DC25\">DC25</a></td><td>Kræft i bugspytkirtlen</td><td>Kræft i bugspytkirtlen</td></tr><tr><td><a href=\"CodeSystem-SKS.html#SKS-DC32\">DC32</a></td><td>Kræft i strubehovedet</td><td>Kræft i strubehovedet</td></tr><tr><td><a href=\"CodeSystem-SKS.html#SKS-DC43\">DC43</a></td><td>Modermærkekræft i huden</td><td>Modermærkekræft i huden</td></tr><tr><td><a href=\"CodeSystem-SKS.html#SKS-DC50\">DC50</a></td><td>Brystkræft</td><td>Brystkræft</td></tr><tr><td><a href=\"CodeSystem-SKS.html#SKS-DC53\">DC53</a></td><td>Kræft i livmoderhalsen</td><td>Kræft i livmoderhalsen</td></tr><tr><td><a href=\"CodeSystem-SKS.html#SKS-DC61\">DC61</a></td><td>Kræft i blærehalskirtlen</td><td>Kræft i blærehalskirtlen</td></tr><tr><td><a href=\"CodeSystem-SKS.html#SKS-DC62\">DC62</a></td><td>Testikelkræft</td><td>Testikelkræft</td></tr><tr><td><a href=\"CodeSystem-SKS.html#SKS-DC67\">DC67</a></td><td>Kræft i urinblæren</td><td>Kræft i urinblæren</td></tr><tr><td><a href=\"CodeSystem-SKS.html#SKS-DC73\">DC73</a></td><td>Kræft i skjoldbruskkirtlen</td><td>Kræft i skjoldbruskkirtlen</td></tr><tr><td><a href=\"CodeSystem-SKS.html#SKS-DC81\">DC81</a></td><td>Hodgkin lymfomer</td><td>Hodgkin lymfomer</td></tr><tr><td><a href=\"CodeSystem-SKS.html#SKS-DC90\">DC90</a></td><td>Maligne plasmacelle neoplasier</td><td>Maligne plasmacelle neoplasier</td></tr></table></li><li>Include these codes as defined in <a href=\"CodeSystem-GenericValues.html\"><code>https://kip.rkkp.dk/fhir/CodeSystem/GenericValues</code></a><table class=\"none\"><tr><td style=\"white-space:nowrap\"><b>Code</b></td><td><b>Display</b></td><td><b>Definition</b></td></tr><tr><td><a href=\"CodeSystem-GenericValues.html#GenericValues-other\">other</a></td><td>Anden sygdom</td><td>Other - used to choose unspecific value not in a valueset</td></tr></table></li></ul></div>"
  },
  "url" : "https://kip.rkkp.dk/fhir/ValueSet/IDC10DPD",
  "version" : "2.9.0",
  "name" : "IDC10DPD",
  "title" : "ICD 10 koder til DPD",
  "status" : "active",
  "experimental" : true,
  "date" : "2022-08-25T00:00:00+02:00",
  "publisher" : "Sundhedsvæsnets Kvalistetsinstitut with Trifork Digital Health A/S",
  "contact" : [{
    "name" : "Sundhedsvæsnets Kvalistetsinstitut with Trifork Digital Health A/S",
    "telecom" : [{
      "system" : "url",
      "value" : "https://trifork.com"
    },
    {
      "system" : "email",
      "value" : "rbk@trifork.com"
    }]
  }],
  "description" : "ICD 10 koder til DPD",
  "compose" : {
    "include" : [{
      "system" : "https://kip.rkkp.dk/fhir/CodeSystem/SKSCodeCollection",
      "concept" : [{
        "code" : "lips_mouth_throat",
        "display" : "Kræft i læber, mundhule og svælg (DC00-DC14)"
      },
      {
        "code" : "colon_rectum",
        "display" : "Kræft i tyktarm og endetarm (DC18-DC20)"
      },
      {
        "code" : "trachea_bronchi_lung",
        "display" : "Kræft i luftrøret og bronkier og lunge (DC33-DC34)"
      },
      {
        "code" : "uterus",
        "display" : "Kræft i livmoderen (inkl. uspecifik) (DC54-DC55)"
      },
      {
        "code" : "ovary_fallopian_tube",
        "display" : "Kræft i æggestok og æggeleder (DC56+DC570-DC574)"
      },
      {
        "code" : "kidney_pelvis_ureter",
        "display" : "Kræft i nyre, nyrebækken og urinleder (DC64-DC66)"
      },
      {
        "code" : "central_nervous_system",
        "display" : "Kræft i centralnervesystem (DC70-DC72+DC751-DC753)"
      },
      {
        "code" : "non_hodgkin",
        "display" : "Non-hodgkin malignt lymform (DC82-DC85)"
      },
      {
        "code" : "leukemia",
        "display" : "Leukæmi (DC91-DC95)"
      },
      {
        "code" : "mesotel_tissue",
        "display" : "Kræft i mesotel, bindevæv og andet bløddelsvæv (DC45-DC49)"
      },
      {
        "code" : "unspecific",
        "display" : "Kræft med dårligt specificerede, sekundære og ikke specificerede lokalisationer (DC76-DC80)"
      },
      {
        "code" : "heart_vessel",
        "display" : "Hjertekar sygdom (DI00-DI52+DI70-DI99)"
      },
      {
        "code" : "neurological",
        "display" : "Neurologisk sygdom (ikke apopleksi) (DI64-DI69+DG00-DG99+DF00-DF03)"
      },
      {
        "code" : "apoplexia",
        "display" : "Apopleksi (cerebral thrombose/hæmorrhagi) (DI60-DI63)"
      },
      {
        "code" : "lung",
        "display" : "Lungesygdomme (DJ00-DJ99+DE84)"
      },
      {
        "code" : "kidney",
        "display" : "Nyresygdomme (DN00-DN29)"
      }]
    },
    {
      "system" : "https://kip.rkkp.dk/fhir/CodeSystem/SKS",
      "concept" : [{
        "code" : "DC15",
        "display" : "Kræft i spiserøret"
      },
      {
        "code" : "DC16",
        "display" : "Kræft i mavesækken"
      },
      {
        "code" : "DC17",
        "display" : "Kræft i tyndtarmen"
      },
      {
        "code" : "DC22",
        "display" : "Kræft i leveren og intrahepatiske galdegange"
      },
      {
        "code" : "DC25",
        "display" : "Kræft i bugspytkirtlen"
      },
      {
        "code" : "DC32",
        "display" : "Kræft i strubehovedet"
      },
      {
        "code" : "DC43",
        "display" : "Modermærkekræft i huden"
      },
      {
        "code" : "DC50",
        "display" : "Brystkræft"
      },
      {
        "code" : "DC53",
        "display" : "Kræft i livmoderhalsen"
      },
      {
        "code" : "DC61",
        "display" : "Kræft i blærehalskirtlen"
      },
      {
        "code" : "DC62",
        "display" : "Testikelkræft"
      },
      {
        "code" : "DC67",
        "display" : "Kræft i urinblæren"
      },
      {
        "code" : "DC73",
        "display" : "Kræft i skjoldbruskkirtlen"
      },
      {
        "code" : "DC81",
        "display" : "Hodgkin lymfomer"
      },
      {
        "code" : "DC90",
        "display" : "Maligne plasmacelle neoplasier"
      }]
    },
    {
      "system" : "https://kip.rkkp.dk/fhir/CodeSystem/GenericValues",
      "concept" : [{
        "code" : "other",
        "display" : "Anden sygdom"
      }]
    }]
  }
}