{
  "resourceType" : "ValueSet",
  "id" : "KomplAndreProcDUGA",
  "text" : {
    "status" : "extensions",
    "div" : "<div xmlns=\"http://www.w3.org/1999/xhtml\"><p class=\"res-header-id\"><b>Generated Narrative: ValueSet KomplAndreProcDUGA</b></p><a name=\"KomplAndreProcDUGA\"> </a><a name=\"hcKomplAndreProcDUGA\"> </a><a name=\"KomplAndreProcDUGA-en-US\"> </a><ul><li>Include these codes as defined in <a href=\"CodeSystem-ProcedureUrogyn.html\"><code>https://kip.rkkp.dk/fhir/CodeSystem/ProcedureUrogyn</code></a><table class=\"none\"><tr><td style=\"white-space:nowrap\"><b>Code</b></td><td><b>Display</b></td><td><b>Definition</b></td></tr><tr><td><a href=\"CodeSystem-ProcedureUrogyn.html#ProcedureUrogyn-KLWW96\">KLWW96</a></td><td>KLWW96: Anden reoperation efter gynækologisk operation</td><td>Anden reoperation efter gynækologisk operation</td></tr><tr><td><a href=\"CodeSystem-ProcedureUrogyn.html#ProcedureUrogyn-KLWW96A\">KLWW96A</a></td><td>KLWW96A: Fjernelse af fremmedlegeme i bækkenhulen efter gynækologisk operation</td><td>Fjernelse af fremmedlegeme i bækkenhulen efter gynækologisk operation</td></tr><tr><td><a href=\"CodeSystem-ProcedureUrogyn.html#ProcedureUrogyn-KLWW97A\">KLWW97A</a></td><td>KLWW97A: Laparoskopisk fjernelse af fremmedlegeme i bækkenhulen efter gynækologisk operation</td><td>Laparoskopisk fjernelse af fremmedlegeme i bækkenhulen efter gynækologisk operation</td></tr><tr><td><a href=\"CodeSystem-ProcedureUrogyn.html#ProcedureUrogyn-KTLE10\">KTLE10</a></td><td>KTLE10: Fjernelse af fremmedlegeme fra vagina</td><td>Fjernelse af fremmedlegeme fra vagina</td></tr><tr><td><a href=\"CodeSystem-ProcedureUrogyn.html#ProcedureUrogyn-KTLW99B\">KTLW99B</a></td><td>KTLW99B: Stramning af vaginal slynge</td><td>Stramning af vaginal slynge</td></tr></table></li></ul></div>"
  },
  "url" : "https://kip.rkkp.dk/fhir/ValueSet/KomplAndreProcDUGA",
  "version" : "2.9.0",
  "name" : "KomplAndreProcDUGA",
  "title" : "Komplikationer pga. 'Andre' - Procedurekoder (DUGA)",
  "status" : "active",
  "experimental" : true,
  "date" : "2024-02-21T00:00:00+02:00",
  "publisher" : "Sundhedsvæsnets Kvalistetsinstitut with Trifork Digital Health A/S",
  "contact" : [{
    "name" : "Sundhedsvæsnets Kvalistetsinstitut with Trifork Digital Health A/S",
    "telecom" : [{
      "system" : "url",
      "value" : "https://trifork.com"
    },
    {
      "system" : "email",
      "value" : "rbk@trifork.com"
    }]
  }],
  "description" : "Komplikationer pga. 'Andre' - Procedurekoder (DUGA)",
  "compose" : {
    "include" : [{
      "system" : "https://kip.rkkp.dk/fhir/CodeSystem/ProcedureUrogyn",
      "concept" : [{
        "code" : "KLWW96",
        "display" : "KLWW96: Anden reoperation efter gynækologisk operation"
      },
      {
        "code" : "KLWW96A",
        "display" : "KLWW96A: Fjernelse af fremmedlegeme i bækkenhulen efter gynækologisk operation"
      },
      {
        "code" : "KLWW97A",
        "display" : "KLWW97A: Laparoskopisk fjernelse af fremmedlegeme i bækkenhulen efter gynækologisk operation"
      },
      {
        "code" : "KTLE10",
        "display" : "KTLE10: Fjernelse af fremmedlegeme fra vagina"
      },
      {
        "code" : "KTLW99B",
        "display" : "KTLW99B: Stramning af vaginal slynge"
      }]
    }]
  }
}