{
  "resourceType" : "ValueSet",
  "id" : "RadiologicalBoneChanges202412",
  "text" : {
    "status" : "extensions",
    "div" : "<div xmlns=\"http://www.w3.org/1999/xhtml\"><p class=\"res-header-id\"><b>Generated Narrative: ValueSet RadiologicalBoneChanges202412</b></p><a name=\"RadiologicalBoneChanges202412\"> </a><a name=\"hcRadiologicalBoneChanges202412\"> </a><a name=\"RadiologicalBoneChanges202412-en-US\"> </a><p>This value set includes codes based on the following rules:</p><ul><li>Include these codes as defined in <a href=\"CodeSystem-GenericValues.html\"><code>https://kip.rkkp.dk/fhir/CodeSystem/GenericValues</code></a><table class=\"none\"><tr><td style=\"white-space:nowrap\"><b>Code</b></td><td><b>Display</b></td><td><b>Definition</b></td></tr><tr><td><a href=\"CodeSystem-GenericValues.html#GenericValues-none\">none</a></td><td>Ingen knogleforandringer</td><td>None - used to choose none of the available values</td></tr></table></li><li>Include these codes as defined in <a href=\"CodeSystem-RadiologicalBoneChanges.html\"><code>https://kip.rkkp.dk/fhir/CodeSystem/RadiologicalBoneChanges</code></a><table class=\"none\"><tr><td style=\"white-space:nowrap\"><b>Code</b></td><td><b>Display</b></td><td><b>Definition</b></td></tr><tr><td><a href=\"CodeSystem-RadiologicalBoneChanges.html#RadiologicalBoneChanges-few\">few</a></td><td>Enkelte knogleforandr. i én/enkelte region(er)</td><td>Enkelte knogleforandr. i én/enkelte region(er)</td></tr><tr><td><a href=\"CodeSystem-RadiologicalBoneChanges.html#RadiologicalBoneChanges-multiple\">multiple</a></td><td>Multiple knogleforandr. i én/flere regioner</td><td>Multiple knogleforandr. i én/flere regioner</td></tr></table></li></ul></div>"
  },
  "url" : "https://kip.rkkp.dk/fhir/ValueSet/RadiologicalBoneChanges202412",
  "version" : "2.9.0",
  "name" : "RadiologicalBoneChanges202412",
  "title" : "Knogle forandringer 202412",
  "status" : "active",
  "experimental" : true,
  "date" : "2024-11-29T00:00:00+02:00",
  "publisher" : "Sundhedsvæsnets Kvalistetsinstitut with Trifork Digital Health A/S",
  "contact" : [{
    "name" : "Sundhedsvæsnets Kvalistetsinstitut with Trifork Digital Health A/S",
    "telecom" : [{
      "system" : "url",
      "value" : "https://trifork.com"
    },
    {
      "system" : "email",
      "value" : "rbk@trifork.com"
    }]
  }],
  "description" : "Radiologiske knogleforandringer",
  "compose" : {
    "include" : [{
      "system" : "https://kip.rkkp.dk/fhir/CodeSystem/GenericValues",
      "concept" : [{
        "code" : "none",
        "display" : "Ingen knogleforandringer"
      }]
    },
    {
      "system" : "https://kip.rkkp.dk/fhir/CodeSystem/RadiologicalBoneChanges",
      "concept" : [{
        "code" : "few",
        "display" : "Enkelte knogleforandr. i én/enkelte region(er)"
      },
      {
        "code" : "multiple",
        "display" : "Multiple knogleforandr. i én/flere regioner"
      }]
    }]
  }
}