{
  "resourceType" : "ValueSet",
  "id" : "LocationNodal",
  "text" : {
    "status" : "extensions",
    "div" : "<div xmlns=\"http://www.w3.org/1999/xhtml\"><p class=\"res-header-id\"><b>Generated Narrative: ValueSet LocationNodal</b></p><a name=\"LocationNodal\"> </a><a name=\"hcLocationNodal\"> </a><a name=\"LocationNodal-en-US\"> </a><ul><li>Include these codes as defined in <a href=\"CodeSystem-SKS.html\"><code>https://kip.rkkp.dk/fhir/CodeSystem/SKS</code></a><table class=\"none\"><tr><td style=\"white-space:nowrap\"><b>Code</b></td><td><b>Display</b></td><td><b>Definition</b></td></tr><tr><td><a href=\"CodeSystem-SKS.html#SKS-T000647\">T000647</a></td><td>Rhinopharynx</td><td>T000647 - Pharynx</td></tr><tr><td><a href=\"CodeSystem-SKS.html#SKS-T000654\">T000654</a></td><td>Waldeyers svælgring</td><td>T000654 - Ganetonsil</td></tr><tr><td><a href=\"CodeSystem-SKS.html#SKS-T000657\">T000657</a></td><td>Tonsilla Palatina</td><td>T000657 - Ganetonsiller</td></tr><tr><td><a href=\"CodeSystem-SKS.html#SKS-T000146\">T000146</a></td><td>Hals, Øvre</td><td>T000146 - lymfeknude på hals</td></tr><tr><td><a href=\"CodeSystem-SKS.html#SKS-T000148\">T000148</a></td><td>Supraclaviculært</td><td>T000148 - supraclaviculær lymfeknude</td></tr><tr><td><a href=\"CodeSystem-SKS.html#SKS-T000154\">T000154</a></td><td>Infraclaviculært</td><td>T000154 - infraclaviculær lymfeknude</td></tr><tr><td><a href=\"CodeSystem-SKS.html#SKS-T000174\">T000174</a></td><td>Axiller</td><td>T000174 - lymfeknude i aksil</td></tr><tr><td><a href=\"CodeSystem-SKS.html#SKS-T001210\">T001210</a></td><td>Mediastinum</td><td>T001210 - mediastinum</td></tr><tr><td><a href=\"CodeSystem-SKS.html#SKS-T000400\">T000400</a></td><td>Lungehili</td><td>T000400 - lungehilum</td></tr><tr><td><a href=\"CodeSystem-SKS.html#SKS-T001227\">T001227</a></td><td>Retroperitoneum</td><td>T001227 - retroperitoneum</td></tr><tr><td><a href=\"CodeSystem-SKS.html#SKS-T000132\">T000132</a></td><td>Milt</td><td>T000132 - milt</td></tr><tr><td><a href=\"CodeSystem-SKS.html#SKS-T000702\">T000702</a></td><td>Tarmkrøs</td><td>T000702 - mesenterium</td></tr><tr><td><a href=\"CodeSystem-SKS.html#SKS-T001231\">T001231</a></td><td>Pelvis</td><td>T001231 - Pelvis</td></tr><tr><td><a href=\"CodeSystem-SKS.html#SKS-T000177\">T000177</a></td><td>Ingvinale</td><td>T000177 - lymfeknude i inguen</td></tr></table></li></ul></div>"
  },
  "url" : "https://kip.rkkp.dk/fhir/ValueSet/LocationNodal",
  "version" : "2.9.0",
  "name" : "LocationNodal",
  "title" : "Sygdomslokalisation er kun nodalt (LYFO)",
  "status" : "active",
  "experimental" : true,
  "date" : "2023-03-15T00:00:00+02:00",
  "publisher" : "Sundhedsvæsnets Kvalistetsinstitut with Trifork Digital Health A/S",
  "contact" : [{
    "name" : "Sundhedsvæsnets Kvalistetsinstitut with Trifork Digital Health A/S",
    "telecom" : [{
      "system" : "url",
      "value" : "https://trifork.com"
    },
    {
      "system" : "email",
      "value" : "rbk@trifork.com"
    }]
  }],
  "description" : "Sygdomslokalisation i lymfe områder er kun nodalt (LYFO)",
  "compose" : {
    "include" : [{
      "system" : "https://kip.rkkp.dk/fhir/CodeSystem/SKS",
      "concept" : [{
        "code" : "T000647",
        "display" : "Rhinopharynx"
      },
      {
        "code" : "T000654",
        "display" : "Waldeyers svælgring"
      },
      {
        "code" : "T000657",
        "display" : "Tonsilla Palatina"
      },
      {
        "code" : "T000146",
        "display" : "Hals, Øvre"
      },
      {
        "code" : "T000148",
        "display" : "Supraclaviculært"
      },
      {
        "code" : "T000154",
        "display" : "Infraclaviculært"
      },
      {
        "code" : "T000174",
        "display" : "Axiller"
      },
      {
        "code" : "T001210",
        "display" : "Mediastinum"
      },
      {
        "code" : "T000400",
        "display" : "Lungehili"
      },
      {
        "code" : "T001227",
        "display" : "Retroperitoneum"
      },
      {
        "code" : "T000132",
        "display" : "Milt"
      },
      {
        "code" : "T000702",
        "display" : "Tarmkrøs"
      },
      {
        "code" : "T001231",
        "display" : "Pelvis"
      },
      {
        "code" : "T000177",
        "display" : "Ingvinale"
      }]
    }]
  }
}