{
  "resourceType" : "ValueSet",
  "id" : "TumorLokalisationDCCG",
  "text" : {
    "status" : "extensions",
    "div" : "<div xmlns=\"http://www.w3.org/1999/xhtml\"><p class=\"res-header-id\"><b>Generated Narrative: ValueSet TumorLokalisationDCCG</b></p><a name=\"TumorLokalisationDCCG\"> </a><a name=\"hcTumorLokalisationDCCG\"> </a><a name=\"TumorLokalisationDCCG-en-US\"> </a><ul><li>Include these codes as defined in <a href=\"CodeSystem-SKS.html\"><code>https://kip.rkkp.dk/fhir/CodeSystem/SKS</code></a><table class=\"none\"><tr><td style=\"white-space:nowrap\"><b>Code</b></td><td><b>Display</b></td><td><b>Definition</b></td></tr><tr><td><a href=\"CodeSystem-SKS.html#SKS-DC180\">DC180</a></td><td>Caecum</td><td>Kræft i caecum</td></tr><tr><td><a href=\"CodeSystem-SKS.html#SKS-DC182\">DC182</a></td><td>Colon ascendens</td><td>Kræft i colon ascendens</td></tr><tr><td><a href=\"CodeSystem-SKS.html#SKS-DC183\">DC183</a></td><td>Højre colon fleksur</td><td>Kræft i flexura coli dextra</td></tr><tr><td><a href=\"CodeSystem-SKS.html#SKS-DC184\">DC184</a></td><td>Colon transversum</td><td>Kræft i colon transversum</td></tr><tr><td><a href=\"CodeSystem-SKS.html#SKS-DC185\">DC185</a></td><td>Venstre colon fleksur</td><td>Kræft i flexura coli sinistra</td></tr><tr><td><a href=\"CodeSystem-SKS.html#SKS-DC186\">DC186</a></td><td>Colon descendens</td><td>Kræft i colon descendens</td></tr><tr><td><a href=\"CodeSystem-SKS.html#SKS-DC187\">DC187</a></td><td>Colon sigmoideum</td><td>Kræft i colon sigmoideum</td></tr><tr><td><a href=\"CodeSystem-SKS.html#SKS-DC189\">DC189</a></td><td>Colon UNS</td><td>Kræft i tyktarmen UNS</td></tr></table></li></ul></div>"
  },
  "url" : "https://kip.rkkp.dk/fhir/ValueSet/TumorLokalisationDCCG",
  "version" : "2.9.0",
  "name" : "TumorLokalisationDCCG",
  "title" : "Primærtumors lokalisation DCCG",
  "status" : "active",
  "experimental" : true,
  "date" : "2022-09-07T00:00:00+02:00",
  "publisher" : "Sundhedsvæsnets Kvalistetsinstitut with Trifork Digital Health A/S",
  "contact" : [{
    "name" : "Sundhedsvæsnets Kvalistetsinstitut with Trifork Digital Health A/S",
    "telecom" : [{
      "system" : "url",
      "value" : "https://trifork.com"
    },
    {
      "system" : "email",
      "value" : "rbk@trifork.com"
    }]
  }],
  "description" : "Primærtumors lokalisation DCCG",
  "compose" : {
    "include" : [{
      "system" : "https://kip.rkkp.dk/fhir/CodeSystem/SKS",
      "concept" : [{
        "code" : "DC180",
        "display" : "Caecum"
      },
      {
        "code" : "DC182",
        "display" : "Colon ascendens"
      },
      {
        "code" : "DC183",
        "display" : "Højre colon fleksur"
      },
      {
        "code" : "DC184",
        "display" : "Colon transversum"
      },
      {
        "code" : "DC185",
        "display" : "Venstre colon fleksur"
      },
      {
        "code" : "DC186",
        "display" : "Colon descendens"
      },
      {
        "code" : "DC187",
        "display" : "Colon sigmoideum"
      },
      {
        "code" : "DC189",
        "display" : "Colon UNS"
      }]
    }]
  }
}