<?xml version="1.0" encoding="UTF-8"?>

<CodeSystem xmlns="http://hl7.org/fhir">
  <id value="RaymondRoyClassification"/>
  <text>
    <status value="generated"/><div xmlns="http://www.w3.org/1999/xhtml"><p class="res-header-id"><b>Generated Narrative: CodeSystem RaymondRoyClassification</b></p><a name="RaymondRoyClassification"> </a><a name="hcRaymondRoyClassification"> </a><a name="RaymondRoyClassification-en-US"> </a><p>This  code system <code>https://kip.rkkp.dk/fhir/CodeSystem/RaymondRoyClassification</code> defines the following codes in an undefined hierarchy:</p><table class="codes"><tr><td><b>Lvl</b></td><td style="white-space:nowrap"><b>Code</b></td><td><b>Display</b></td><td><b>Definition</b></td></tr><tr><td>1</td><td style="white-space:nowrap">classi<a name="RaymondRoyClassification-classi"> </a></td><td>Class I</td><td>Class I: Complete obliteration</td></tr><tr><td>1</td><td style="white-space:nowrap">classii<a name="RaymondRoyClassification-classii"> </a></td><td>Class II</td><td>Class II: Residual neck</td></tr><tr><td>1</td><td style="white-space:nowrap">classiii<a name="RaymondRoyClassification-classiii"> </a></td><td>Class III</td><td>Class III: residual aneurysm (only in RROC)</td></tr><tr><td>2</td><td style="white-space:nowrap">  classiiia<a name="RaymondRoyClassification-classiiia"> </a></td><td>Class IIIa</td><td>Class IIIa: Contrast opacification within the coil interstices of a residual aneurysm (only in MRRC)</td></tr><tr><td>2</td><td style="white-space:nowrap">  classiiib<a name="RaymondRoyClassification-classiiib"> </a></td><td>Class IIIb</td><td>Class IIIb: contrast opacification outside the coil interstices, along the residual aneurysm wall (only in MRRC)</td></tr></table></div>
  </text>
  <url value="https://kip.rkkp.dk/fhir/CodeSystem/RaymondRoyClassification"/>
  <version value="2.9.1"/>
  <name value="RaymondRoyClassification"/>
  <title value="Raymond-Roy occlusion Classification (RROC), incl. modified classification (MRRC)"/>
  <status value="active"/>
  <date value="2022-06-29T00:00:00+02:00"/>
  <publisher value="Sundhedsvæsnets Kvalistetsinstitut with Trifork Digital Health A/S"/>
  <contact>
    <name value="Sundhedsvæsnets Kvalistetsinstitut with Trifork Digital Health A/S"/>
    <telecom>
      <system value="url"/>
      <value value="https://trifork.com"/>
    </telecom>
    <telecom>
      <system value="email"/>
      <value value="rbk@trifork.com"/>
    </telecom>
  </contact>
  <description value="Raymond-Roy occlusion Classification (RROC), incl. modified classification (MRRC); Link: https://radiopaedia.org/articles/raymondroy-occlusion-classification-of-intracranial-aneurysms-1"/>
  <content value="complete"/>
  <count value="5"/>
  <concept>
    <code value="classi"/>
    <display value="Class I"/>
    <definition value="Class I: Complete obliteration"/>
  </concept>
  <concept>
    <code value="classii"/>
    <display value="Class II"/>
    <definition value="Class II: Residual neck"/>
  </concept>
  <concept>
    <code value="classiii"/>
    <display value="Class III"/>
    <definition value="Class III: residual aneurysm (only in RROC)"/>
    <concept>
      <code value="classiiia"/>
      <display value="Class IIIa"/>
      <definition value="Class IIIa: Contrast opacification within the coil interstices of a residual aneurysm (only in MRRC)"/>
    </concept>
    <concept>
      <code value="classiiib"/>
      <display value="Class IIIb"/>
      <definition value="Class IIIb: contrast opacification outside the coil interstices, along the residual aneurysm wall (only in MRRC)"/>
    </concept>
  </concept>
</CodeSystem>