<?xml version="1.0" encoding="UTF-8"?>

<CodeSystem xmlns="http://hl7.org/fhir">
  <id value="Paragraph"/>
  <text>
    <status value="generated"/><div xmlns="http://www.w3.org/1999/xhtml"><p class="res-header-id"><b>Generated Narrative: CodeSystem Paragraph</b></p><a name="Paragraph"> </a><a name="hcParagraph"> </a><a name="Paragraph-en-US"> </a><p>This case-insensitive code system <code>https://kip.rkkp.dk/fhir/CodeSystem/Paragraph</code> defines the following codes in an undefined hierarchy:</p><table class="codes"><tr><td><b>Lvl</b></td><td style="white-space:nowrap"><b>Code</b></td><td><b>Display</b></td><td><b>Definition</b></td></tr><tr><td>1</td><td style="white-space:nowrap">§16<a name="Paragraph-.16716"> </a></td><td>§16</td><td>§16</td></tr><tr><td>1</td><td style="white-space:nowrap">§69<a name="Paragraph-.16769"> </a></td><td>§69</td><td>§69</td></tr><tr><td>1</td><td style="white-space:nowrap">§73<a name="Paragraph-.16773"> </a></td><td>§73</td><td>§73</td></tr><tr><td>1</td><td style="white-space:nowrap">§119<a name="Paragraph-.167119"> </a></td><td>Vold og lign. mod nogen i offentlig tjeneste § 119</td><td>Vold og lign. mod nogen i offentlig tjeneste § 119</td></tr><tr><td>2</td><td style="white-space:nowrap">  §119_§21<a name="Paragraph-.167119_.16721"> </a></td><td>Vold og lign. mod nogen i offentlig tjeneste, forsøg § 119, jf. § 21</td><td>Vold og lign. mod nogen i offentlig tjeneste, forsøg § 119, jf. § 21</td></tr><tr><td>1</td><td style="white-space:nowrap">§123<a name="Paragraph-.167123"> </a></td><td>Trusler, vidnetrusler §123</td><td>Trusler, vidnetrusler §123</td></tr><tr><td>1</td><td style="white-space:nowrap">§180<a name="Paragraph-.167180"> </a></td><td>Brandstiftelse, kvalificeret § 180</td><td>Brandstiftelse, kvalificeret § 180</td></tr><tr><td>2</td><td style="white-space:nowrap">  §180_§21<a name="Paragraph-.167180_.16721"> </a></td><td>Brandstiftelse, kvalificeret, forsøg § 180, jf. § 21</td><td>Brandstiftelse, kvalificeret, forsøg § 180, jf. § 21</td></tr><tr><td>1</td><td style="white-space:nowrap">§181<a name="Paragraph-.167181"> </a></td><td>Brandstiftelse, forsætlig § 181</td><td>Brandstiftelse, forsætlig § 181</td></tr><tr><td>2</td><td style="white-space:nowrap">  §181_§21<a name="Paragraph-.167181_.16721"> </a></td><td>Brandstiftelse, forsætlig, forsøg § 181, jf. § 21</td><td>Brandstiftelse, forsætlig, forsøg § 181, jf. § 21</td></tr><tr><td>1</td><td style="white-space:nowrap">§191<a name="Paragraph-.167191"> </a></td><td>Narkotikakriminalitet § 191</td><td>Narkotikakriminalitet § 191</td></tr><tr><td>2</td><td style="white-space:nowrap">  §191_§21<a name="Paragraph-.167191_.16721"> </a></td><td>Narkotikakriminalitet, forsøg § 191, jf. § 21</td><td>Narkotikakriminalitet, forsøg § 191, jf. § 21</td></tr><tr><td>1</td><td style="white-space:nowrap">§216<a name="Paragraph-.167216"> </a></td><td>Voldtægt § 216</td><td>Voldtægt § 216</td></tr><tr><td>2</td><td style="white-space:nowrap">  §216_§21<a name="Paragraph-.167216_.16721"> </a></td><td>Voldtægt, forsøg § 216, jf. § 21</td><td>Voldtægt, forsøg § 216, jf. § 21</td></tr><tr><td>1</td><td style="white-space:nowrap">§244<a name="Paragraph-.167244"> </a></td><td>Vold § 244</td><td>Vold § 244</td></tr><tr><td>2</td><td style="white-space:nowrap">  §244_§21<a name="Paragraph-.167244_.16721"> </a></td><td>Vold, forsøg § 244, jf. § 21</td><td>Vold, forsøg § 244, jf. § 21</td></tr><tr><td>1</td><td style="white-space:nowrap">§245<a name="Paragraph-.167245"> </a></td><td>Kvalificeret vold m/skade på legeme eller helbred § 245</td><td>Kvalificeret vold m/skade på legeme eller helbred § 245</td></tr><tr><td>2</td><td style="white-space:nowrap">  §245_§21<a name="Paragraph-.167245_.16721"> </a></td><td>Kvalificeret vold m/skade på legeme eller helbred, forsøg § 245, jf. § 21</td><td>Kvalificeret vold m/skade på legeme eller helbred, forsøg § 245, jf. § 21</td></tr><tr><td>1</td><td style="white-space:nowrap">§246<a name="Paragraph-.167246"> </a></td><td>Kvalificeret vold m/grov skade § 246</td><td>Kvalificeret vold m/grov skade § 246</td></tr><tr><td>2</td><td style="white-space:nowrap">  §246_§21<a name="Paragraph-.167246_.16721"> </a></td><td>Kvalificeret vold m/grov skade, forsøg § 246, jf. § 21</td><td>Kvalificeret vold m/grov skade, forsøg § 246, jf. § 21</td></tr><tr><td>1</td><td style="white-space:nowrap">§276<a name="Paragraph-.167276"> </a></td><td>Tyveri § 276</td><td>Tyveri § 276</td></tr><tr><td>2</td><td style="white-space:nowrap">  §276_§21<a name="Paragraph-.167276_.16721"> </a></td><td>Tyveri, forsøg § 276, jf. § 21</td><td>Tyveri, forsøg § 276, jf. § 21</td></tr><tr><td>1</td><td style="white-space:nowrap">§288<a name="Paragraph-.167288"> </a></td><td>Røveri §288</td><td>Røveri §288</td></tr><tr><td>2</td><td style="white-space:nowrap">  §288_1<a name="Paragraph-.167288_1"> </a></td><td>Røveri § 288, stk. 1</td><td>Røveri § 288, stk. 1</td></tr><tr><td>3</td><td style="white-space:nowrap">    §288_1_§21<a name="Paragraph-.167288_1_.16721"> </a></td><td>Røveri, forsøg § 288, stk. 1, jf. § 21</td><td>Røveri, forsøg § 288, stk. 1, jf. § 21</td></tr><tr><td>2</td><td style="white-space:nowrap">  §288_2<a name="Paragraph-.167288_2"> </a></td><td>Røveri, særligt farligt, § 288, stk. 2</td><td>Røveri, særligt farligt, § 288, stk. 2</td></tr><tr><td>3</td><td style="white-space:nowrap">    §288_2_§21<a name="Paragraph-.167288_2_.16721"> </a></td><td>Røveri, særligt farligt, forsøg § 288, stk. 2, jf. § 21</td><td>Røveri, særligt farligt, forsøg § 288, stk. 2, jf. § 21</td></tr><tr><td>1</td><td style="white-space:nowrap">§291<a name="Paragraph-.167291"> </a></td><td>Hærværk § 291</td><td>Hærværk § 291</td></tr><tr><td>2</td><td style="white-space:nowrap">  §291_§21<a name="Paragraph-.167291_.16721"> </a></td><td>Hærværk, forsøg § 291, jf. § 21</td><td>Hærværk, forsøg § 291, jf. § 21</td></tr><tr><td>1</td><td style="white-space:nowrap">§§210-236<a name="Paragraph-.167.167210-236"> </a></td><td>Anden sædelighed §§ 210-236 (- § 216)</td><td>Anden sædelighed §§ 210-236 (- § 216)</td></tr><tr><td>2</td><td style="white-space:nowrap">  §§210-236_§21<a name="Paragraph-.167.167210-236_.16721"> </a></td><td>Anden sædelighed, forsøg §§ 210-236 (- § 216), jf. § 21</td><td>Anden sædelighed, forsøg §§ 210-236 (- § 216), jf. § 21</td></tr><tr><td>1</td><td style="white-space:nowrap">§§237-241<a name="Paragraph-.167.167237-241"> </a></td><td>Manddrab §§ 237-241</td><td>Manddrab §§ 237-241</td></tr><tr><td>2</td><td style="white-space:nowrap">  §§237-241_§21<a name="Paragraph-.167.167237-241_.16721"> </a></td><td>Manddrab, forsøg §§ 237-241, jf. § 21</td><td>Manddrab, forsøg §§ 237-241, jf. § 21</td></tr><tr><td>1</td><td style="white-space:nowrap">§§249-255<a name="Paragraph-.167.167249-255"> </a></td><td>Anden personfarlig kriminalitet § 249-255</td><td>Anden personfarlig kriminalitet § 249-255</td></tr><tr><td>2</td><td style="white-space:nowrap">  §§249-255_§21<a name="Paragraph-.167.167249-255_.16721"> </a></td><td>Anden personfarlig kriminalitet, forsøg § 249-255, jf. § 21</td><td>Anden personfarlig kriminalitet, forsøg § 249-255, jf. § 21</td></tr><tr><td>1</td><td style="white-space:nowrap">§§260-262<a name="Paragraph-.167.167260-262"> </a></td><td>Ulovlig tvang §§ 260-262</td><td>Ulovlig tvang §§ 260-262</td></tr><tr><td>2</td><td style="white-space:nowrap">  §§260-262_attempt<a name="Paragraph-.167.167260-262_attempt"> </a></td><td>Ulovlig tvang, forsøg §§ 260-262</td><td>Ulovlig tvang, forsøg §§ 260-262</td></tr><tr><td>1</td><td style="white-space:nowrap">§§265-266<a name="Paragraph-.167.167265-266"> </a></td><td>Trusler § 265-266</td><td>Trusler § 265-266</td></tr><tr><td>2</td><td style="white-space:nowrap">  §§265-266_attempt<a name="Paragraph-.167.167265-266_attempt"> </a></td><td>Trusler, forsøg § 265-266</td><td>Trusler, forsøg § 265-266</td></tr><tr><td>1</td><td style="white-space:nowrap">§§278-280<a name="Paragraph-.167.167278-280"> </a></td><td>Bedrageri mv. §§ 278-280</td><td>Bedrageri mv. §§ 278-280</td></tr><tr><td>2</td><td style="white-space:nowrap">  §§278-280_§21<a name="Paragraph-.167.167278-280_.16721"> </a></td><td>Bedrageri mv., forsøg §§ 278-280, jf. § 21</td><td>Bedrageri mv., forsøg §§ 278-280, jf. § 21</td></tr><tr><td>1</td><td style="white-space:nowrap">narcotics<a name="Paragraph-narcotics"> </a></td><td>Lov om euforiserende stoffer</td><td>Lov om euforiserende stoffer</td></tr><tr><td>2</td><td style="white-space:nowrap">  narcotics_attempt<a name="Paragraph-narcotics_attempt"> </a></td><td>Lov om euforiserende stoffer, forsøg</td><td>Lov om euforiserende stoffer, forsøg</td></tr><tr><td>1</td><td style="white-space:nowrap">criminal_law_other<a name="Paragraph-criminal_law_other"> </a></td><td>Straffeloven, øvrige</td><td>Straffeloven, øvrige</td></tr><tr><td>2</td><td style="white-space:nowrap">  criminal_law_other_attempt<a name="Paragraph-criminal_law_other_attempt"> </a></td><td>Straffeloven, øvrige, forsøg</td><td>Straffeloven, øvrige, forsøg</td></tr><tr><td>1</td><td style="white-space:nowrap">weapons_decree<a name="Paragraph-weapons_decree"> </a></td><td>Våbenbekendtgørelsen</td><td>Våbenbekendtgørelsen</td></tr><tr><td>2</td><td style="white-space:nowrap">  weapons_decree_attempt<a name="Paragraph-weapons_decree_attempt"> </a></td><td>Våbenbekendtgørelsen, forsøg</td><td>Våbenbekendtgørelsen, forsøg</td></tr><tr><td>1</td><td style="white-space:nowrap">traffic_law<a name="Paragraph-traffic_law"> </a></td><td>Færdselsloven</td><td>Færdselsloven</td></tr><tr><td>2</td><td style="white-space:nowrap">  traffic_law_attempt<a name="Paragraph-traffic_law_attempt"> </a></td><td>Færdselsloven, forsøg</td><td>Færdselsloven, forsøg</td></tr><tr><td>1</td><td style="white-space:nowrap">special_law<a name="Paragraph-special_law"> </a></td><td>Særloven, øvrige</td><td>Særloven, øvrige</td></tr><tr><td>2</td><td style="white-space:nowrap">  special_law_attempt<a name="Paragraph-special_law_attempt"> </a></td><td>Særloven, øvrige, forsøg</td><td>Særloven, øvrige, forsøg</td></tr><tr><td>1</td><td style="white-space:nowrap">pardon_petition<a name="Paragraph-pardon_petition"> </a></td><td>Benådningsandragende</td><td>Benådningsandragende</td></tr><tr><td>1</td><td style="white-space:nowrap">asylum_seeker<a name="Paragraph-asylum_seeker"> </a></td><td>Asylansøger</td><td>Asylansøger</td></tr></table></div>
  </text>
  <url value="https://kip.rkkp.dk/fhir/CodeSystem/Paragraph"/>
  <version value="0.1.6"/>
  <name value="Paragraph"/>
  <title value="Paragraph"/>
  <status value="active"/>
  <date value="2022-09-28T00:00:00+02:00"/>
  <publisher value="Sundhedsvæsnets Kvalistetsinstitut with Trifork Digital Health A/S"/>
  <contact>
    <name value="Sundhedsvæsnets Kvalistetsinstitut with Trifork Digital Health A/S"/>
    <telecom>
      <system value="url"/>
      <value value="https://trifork.com"/>
    </telecom>
    <telecom>
      <system value="email"/>
      <value value="rbk@trifork.com"/>
    </telecom>
  </contact>
  <description value="Paragraph"/>
  <caseSensitive value="false"/>
  <content value="complete"/>
  <count value="53"/>
  <concept>
    <code value="§16"/>
    <display value="§16"/>
    <definition value="§16"/>
  </concept>
  <concept>
    <code value="§69"/>
    <display value="§69"/>
    <definition value="§69"/>
  </concept>
  <concept>
    <code value="§73"/>
    <display value="§73"/>
    <definition value="§73"/>
  </concept>
  <concept>
    <code value="§119"/>
    <display value="Vold og lign. mod nogen i offentlig tjeneste § 119"/>
    <definition value="Vold og lign. mod nogen i offentlig tjeneste § 119"/>
    <concept>
      <code value="§119_§21"/>
      <display value="Vold og lign. mod nogen i offentlig tjeneste, forsøg § 119, jf. § 21"/>
      <definition value="Vold og lign. mod nogen i offentlig tjeneste, forsøg § 119, jf. § 21"/>
    </concept>
  </concept>
  <concept>
    <code value="§123"/>
    <display value="Trusler, vidnetrusler §123"/>
    <definition value="Trusler, vidnetrusler §123"/>
  </concept>
  <concept>
    <code value="§180"/>
    <display value="Brandstiftelse, kvalificeret § 180"/>
    <definition value="Brandstiftelse, kvalificeret § 180"/>
    <concept>
      <code value="§180_§21"/>
      <display value="Brandstiftelse, kvalificeret, forsøg § 180, jf. § 21"/>
      <definition value="Brandstiftelse, kvalificeret, forsøg § 180, jf. § 21"/>
    </concept>
  </concept>
  <concept>
    <code value="§181"/>
    <display value="Brandstiftelse, forsætlig § 181"/>
    <definition value="Brandstiftelse, forsætlig § 181"/>
    <concept>
      <code value="§181_§21"/>
      <display value="Brandstiftelse, forsætlig, forsøg § 181, jf. § 21"/>
      <definition value="Brandstiftelse, forsætlig, forsøg § 181, jf. § 21"/>
    </concept>
  </concept>
  <concept>
    <code value="§191"/>
    <display value="Narkotikakriminalitet § 191"/>
    <definition value="Narkotikakriminalitet § 191"/>
    <concept>
      <code value="§191_§21"/>
      <display value="Narkotikakriminalitet, forsøg § 191, jf. § 21"/>
      <definition value="Narkotikakriminalitet, forsøg § 191, jf. § 21"/>
    </concept>
  </concept>
  <concept>
    <code value="§216"/>
    <display value="Voldtægt § 216"/>
    <definition value="Voldtægt § 216"/>
    <concept>
      <code value="§216_§21"/>
      <display value="Voldtægt, forsøg § 216, jf. § 21"/>
      <definition value="Voldtægt, forsøg § 216, jf. § 21"/>
    </concept>
  </concept>
  <concept>
    <code value="§244"/>
    <display value="Vold § 244"/>
    <definition value="Vold § 244"/>
    <concept>
      <code value="§244_§21"/>
      <display value="Vold, forsøg § 244, jf. § 21"/>
      <definition value="Vold, forsøg § 244, jf. § 21"/>
    </concept>
  </concept>
  <concept>
    <code value="§245"/>
    <display value="Kvalificeret vold m/skade på legeme eller helbred § 245"/>
    <definition value="Kvalificeret vold m/skade på legeme eller helbred § 245"/>
    <concept>
      <code value="§245_§21"/>
      <display value="Kvalificeret vold m/skade på legeme eller helbred, forsøg § 245, jf. § 21"/>
      <definition value="Kvalificeret vold m/skade på legeme eller helbred, forsøg § 245, jf. § 21"/>
    </concept>
  </concept>
  <concept>
    <code value="§246"/>
    <display value="Kvalificeret vold m/grov skade § 246"/>
    <definition value="Kvalificeret vold m/grov skade § 246"/>
    <concept>
      <code value="§246_§21"/>
      <display value="Kvalificeret vold m/grov skade, forsøg § 246, jf. § 21"/>
      <definition value="Kvalificeret vold m/grov skade, forsøg § 246, jf. § 21"/>
    </concept>
  </concept>
  <concept>
    <code value="§276"/>
    <display value="Tyveri § 276"/>
    <definition value="Tyveri § 276"/>
    <concept>
      <code value="§276_§21"/>
      <display value="Tyveri, forsøg § 276, jf. § 21"/>
      <definition value="Tyveri, forsøg § 276, jf. § 21"/>
    </concept>
  </concept>
  <concept>
    <code value="§288"/>
    <display value="Røveri §288"/>
    <definition value="Røveri §288"/>
    <concept>
      <code value="§288_1"/>
      <display value="Røveri § 288, stk. 1"/>
      <definition value="Røveri § 288, stk. 1"/>
      <concept>
        <code value="§288_1_§21"/>
        <display value="Røveri, forsøg § 288, stk. 1, jf. § 21"/>
        <definition value="Røveri, forsøg § 288, stk. 1, jf. § 21"/>
      </concept>
    </concept>
    <concept>
      <code value="§288_2"/>
      <display value="Røveri, særligt farligt, § 288, stk. 2"/>
      <definition value="Røveri, særligt farligt, § 288, stk. 2"/>
      <concept>
        <code value="§288_2_§21"/>
        <display value="Røveri, særligt farligt, forsøg § 288, stk. 2, jf. § 21"/>
        <definition value="Røveri, særligt farligt, forsøg § 288, stk. 2, jf. § 21"/>
      </concept>
    </concept>
  </concept>
  <concept>
    <code value="§291"/>
    <display value="Hærværk § 291"/>
    <definition value="Hærværk § 291"/>
    <concept>
      <code value="§291_§21"/>
      <display value="Hærværk, forsøg § 291, jf. § 21"/>
      <definition value="Hærværk, forsøg § 291, jf. § 21"/>
    </concept>
  </concept>
  <concept>
    <code value="§§210-236"/>
    <display value="Anden sædelighed §§ 210-236 (- § 216)"/>
    <definition value="Anden sædelighed §§ 210-236 (- § 216)"/>
    <concept>
      <code value="§§210-236_§21"/>
      <display value="Anden sædelighed, forsøg §§ 210-236 (- § 216), jf. § 21"/>
      <definition value="Anden sædelighed, forsøg §§ 210-236 (- § 216), jf. § 21"/>
    </concept>
  </concept>
  <concept>
    <code value="§§237-241"/>
    <display value="Manddrab §§ 237-241"/>
    <definition value="Manddrab §§ 237-241"/>
    <concept>
      <code value="§§237-241_§21"/>
      <display value="Manddrab, forsøg §§ 237-241, jf. § 21"/>
      <definition value="Manddrab, forsøg §§ 237-241, jf. § 21"/>
    </concept>
  </concept>
  <concept>
    <code value="§§249-255"/>
    <display value="Anden personfarlig kriminalitet § 249-255"/>
    <definition value="Anden personfarlig kriminalitet § 249-255"/>
    <concept>
      <code value="§§249-255_§21"/>
      <display value="Anden personfarlig kriminalitet, forsøg § 249-255, jf. § 21"/>
      <definition value="Anden personfarlig kriminalitet, forsøg § 249-255, jf. § 21"/>
    </concept>
  </concept>
  <concept>
    <code value="§§260-262"/>
    <display value="Ulovlig tvang §§ 260-262"/>
    <definition value="Ulovlig tvang §§ 260-262"/>
    <concept>
      <code value="§§260-262_attempt"/>
      <display value="Ulovlig tvang, forsøg §§ 260-262"/>
      <definition value="Ulovlig tvang, forsøg §§ 260-262"/>
    </concept>
  </concept>
  <concept>
    <code value="§§265-266"/>
    <display value="Trusler § 265-266"/>
    <definition value="Trusler § 265-266"/>
    <concept>
      <code value="§§265-266_attempt"/>
      <display value="Trusler, forsøg § 265-266"/>
      <definition value="Trusler, forsøg § 265-266"/>
    </concept>
  </concept>
  <concept>
    <code value="§§278-280"/>
    <display value="Bedrageri mv. §§ 278-280"/>
    <definition value="Bedrageri mv. §§ 278-280"/>
    <concept>
      <code value="§§278-280_§21"/>
      <display value="Bedrageri mv., forsøg §§ 278-280, jf. § 21"/>
      <definition value="Bedrageri mv., forsøg §§ 278-280, jf. § 21"/>
    </concept>
  </concept>
  <concept>
    <code value="narcotics"/>
    <display value="Lov om euforiserende stoffer"/>
    <definition value="Lov om euforiserende stoffer"/>
    <concept>
      <code value="narcotics_attempt"/>
      <display value="Lov om euforiserende stoffer, forsøg"/>
      <definition value="Lov om euforiserende stoffer, forsøg"/>
    </concept>
  </concept>
  <concept>
    <code value="criminal_law_other"/>
    <display value="Straffeloven, øvrige"/>
    <definition value="Straffeloven, øvrige"/>
    <concept>
      <code value="criminal_law_other_attempt"/>
      <display value="Straffeloven, øvrige, forsøg"/>
      <definition value="Straffeloven, øvrige, forsøg"/>
    </concept>
  </concept>
  <concept>
    <code value="weapons_decree"/>
    <display value="Våbenbekendtgørelsen"/>
    <definition value="Våbenbekendtgørelsen"/>
    <concept>
      <code value="weapons_decree_attempt"/>
      <display value="Våbenbekendtgørelsen, forsøg"/>
      <definition value="Våbenbekendtgørelsen, forsøg"/>
    </concept>
  </concept>
  <concept>
    <code value="traffic_law"/>
    <display value="Færdselsloven"/>
    <definition value="Færdselsloven"/>
    <concept>
      <code value="traffic_law_attempt"/>
      <display value="Færdselsloven, forsøg"/>
      <definition value="Færdselsloven, forsøg"/>
    </concept>
  </concept>
  <concept>
    <code value="special_law"/>
    <display value="Særloven, øvrige"/>
    <definition value="Særloven, øvrige"/>
    <concept>
      <code value="special_law_attempt"/>
      <display value="Særloven, øvrige, forsøg"/>
      <definition value="Særloven, øvrige, forsøg"/>
    </concept>
  </concept>
  <concept>
    <code value="pardon_petition"/>
    <display value="Benådningsandragende"/>
    <definition value="Benådningsandragende"/>
  </concept>
  <concept>
    <code value="asylum_seeker"/>
    <display value="Asylansøger"/>
    <definition value="Asylansøger"/>
  </concept>
</CodeSystem>