<?xml version="1.0" encoding="UTF-8"?>

<CodeSystem xmlns="http://hl7.org/fhir">
  <id value="Faggruppe"/>
  <text>
    <status value="generated"/><div xmlns="http://www.w3.org/1999/xhtml"><p class="res-header-id"><b>Generated Narrative: CodeSystem Faggruppe</b></p><a name="Faggruppe"> </a><a name="hcFaggruppe"> </a><a name="Faggruppe-en-US"> </a><p>This  code system <code>https://kip.rkkp.dk/fhir/CodeSystem/Faggruppe</code> defines the following codes:</p><table class="codes"><tr><td style="white-space:nowrap"><b>Code</b></td><td><b>Display</b></td><td><b>Definition</b></td></tr><tr><td style="white-space:nowrap">sund_pers<a name="Faggruppe-sund_pers"> </a></td><td>Sundhedspersonale</td><td>Sundhedspersonale</td></tr><tr><td style="white-space:nowrap">andre<a name="Faggruppe-andre"> </a></td><td>Andre</td><td>Andre</td></tr></table></div>
  </text>
  <url value="https://kip.rkkp.dk/fhir/CodeSystem/Faggruppe"/>
  <version value="2.9.1"/>
  <name value="Faggruppe"/>
  <title value="Faggruppe"/>
  <status value="active"/>
  <date value="2022-06-29T00:00:00+02:00"/>
  <publisher value="Sundhedsvæsnets Kvalistetsinstitut with Trifork Digital Health A/S"/>
  <contact>
    <name value="Sundhedsvæsnets Kvalistetsinstitut with Trifork Digital Health A/S"/>
    <telecom>
      <system value="url"/>
      <value value="https://trifork.com"/>
    </telecom>
    <telecom>
      <system value="email"/>
      <value value="rbk@trifork.com"/>
    </telecom>
  </contact>
  <description value="Faggruppe involveret i hændelser"/>
  <content value="complete"/>
  <count value="2"/>
  <concept>
    <code value="sund_pers"/>
    <display value="Sundhedspersonale"/>
    <definition value="Sundhedspersonale"/>
  </concept>
  <concept>
    <code value="andre"/>
    <display value="Andre"/>
    <definition value="Andre"/>
  </concept>
</CodeSystem>