<?xml version="1.0" encoding="UTF-8"?>

<CodeSystem xmlns="http://hl7.org/fhir">
  <id value="PupilCondition"/>
  <text>
    <status value="generated"/><div xmlns="http://www.w3.org/1999/xhtml"><p class="res-header-id"><b>Generated Narrative: CodeSystem PupilCondition</b></p><a name="PupilCondition"> </a><a name="hcPupilCondition"> </a><a name="PupilCondition-en-US"> </a><p>This  code system <code>https://kip.sundk.dk/fhir/CodeSystem/PupilCondition</code> defines the following codes:</p><table class="codes"><tr><td style="white-space:nowrap"><b>Code</b></td><td><b>Display</b></td><td><b>Definition</b></td></tr><tr><td style="white-space:nowrap">normal<a name="PupilCondition-normal"> </a></td><td>Normal</td><td>Normal</td></tr><tr><td style="white-space:nowrap">difference<a name="PupilCondition-difference"> </a></td><td>Pupil difference</td><td>Pupil difference</td></tr></table></div>
  </text>
  <url value="https://kip.sundk.dk/fhir/CodeSystem/PupilCondition"/>
  <version value="0.0.9"/>
  <name value="PupilCondition"/>
  <title value="Pupil condition"/>
  <status value="active"/>
  <date value="2022-05-31T00:00:00+02:00"/>
  <publisher value="Sundhedsvæsnets Kvalistetsinstitut with Trifork Public A/S"/>
  <contact>
    <name value="Sundhedsvæsnets Kvalistetsinstitut with Trifork Public A/S"/>
    <telecom>
      <system value="url"/>
      <value value="https://trifork.com"/>
    </telecom>
    <telecom>
      <system value="email"/>
      <value value="rbk@trifork.com"/>
    </telecom>
  </contact>
  <description value="Pupil condition"/>
  <content value="complete"/>
  <count value="2"/>
  <concept>
    <code value="normal"/>
    <display value="Normal"/>
    <definition value="Normal"/>
  </concept>
  <concept>
    <code value="difference"/>
    <display value="Pupil difference"/>
    <definition value="Pupil difference"/>
  </concept>
</CodeSystem>