<?xml version="1.0" encoding="UTF-8"?>

<CodeSystem xmlns="http://hl7.org/fhir">
  <id value="ReferredForTraining"/>
  <text>
    <status value="generated"/><div xmlns="http://www.w3.org/1999/xhtml"><p class="res-header-id"><b>Generated Narrative: CodeSystem ReferredForTraining</b></p><a name="ReferredForTraining"> </a><a name="hcReferredForTraining"> </a><a name="ReferredForTraining-en-US"> </a><p>This  code system <code>https://kip.rkkp.dk/fhir/CodeSystem/ReferredForTraining</code> defines the following codes:</p><table class="codes"><tr><td style="white-space:nowrap"><b>Code</b></td><td><b>Display</b></td><td><b>Definition</b></td></tr><tr><td style="white-space:nowrap">hospitalregi<a name="ReferredForTraining-hospitalregi"> </a></td><td>Henvist til superviseret fysisk træning i hospitalsregi</td><td>Henvist til superviseret fysisk træning i hospitalsregi</td></tr><tr><td style="white-space:nowrap">kommunaltregi<a name="ReferredForTraining-kommunaltregi"> </a></td><td>Henvist til superviseret fysisk træning i kommunalt regi</td><td>envist til superviseret fysisk træning i kommunalt regi</td></tr></table></div>
  </text>
  <url value="https://kip.rkkp.dk/fhir/CodeSystem/ReferredForTraining"/>
  <version value="2.9.0"/>
  <name value="ReferredForTraining"/>
  <title value="Specifikation of where the paitent is referred to for physical training"/>
  <status value="active"/>
  <date value="2022-06-03T00:00:00+02:00"/>
  <publisher value="Sundhedsvæsnets Kvalistetsinstitut with Trifork Digital Health A/S"/>
  <contact>
    <name value="Sundhedsvæsnets Kvalistetsinstitut with Trifork Digital Health A/S"/>
    <telecom>
      <system value="url"/>
      <value value="https://trifork.com"/>
    </telecom>
    <telecom>
      <system value="email"/>
      <value value="rbk@trifork.com"/>
    </telecom>
  </contact>
  <description value="Uddybning af hvor patienten er henvist til fysisk træning"/>
  <content value="complete"/>
  <count value="2"/>
  <concept>
    <code value="hospitalregi"/>
    <display value="Henvist til superviseret fysisk træning i hospitalsregi"/>
    <definition value="Henvist til superviseret fysisk træning i hospitalsregi"/>
  </concept>
  <concept>
    <code value="kommunaltregi"/>
    <display value="Henvist til superviseret fysisk træning i kommunalt regi"/>
    <definition value="envist til superviseret fysisk træning i kommunalt regi"/>
  </concept>
</CodeSystem>