<?xml version="1.0" encoding="UTF-8"?>

<CodeSystem xmlns="http://hl7.org/fhir">
  <id value="RevisionIndication"/>
  <text>
    <status value="generated"/><div xmlns="http://www.w3.org/1999/xhtml"><p class="res-header-id"><b>Generated Narrative: CodeSystem RevisionIndication</b></p><a name="RevisionIndication"> </a><a name="hcRevisionIndication"> </a><a name="RevisionIndication-en-US"> </a><p>This case-insensitive code system <code>https://kip.rkkp.dk/fhir/CodeSystem/RevisionIndication</code> defines the following codes in an undefined hierarchy:</p><table class="codes"><tr><td><b>Lvl</b></td><td style="white-space:nowrap"><b>Code</b></td><td><b>Display</b></td><td><b>Definition</b></td></tr><tr><td>1</td><td style="white-space:nowrap">aseptic_solution<a name="RevisionIndication-aseptic_solution"> </a></td><td>Aseptisk løsning</td><td>Aseptisk løsning</td></tr><tr><td>2</td><td style="white-space:nowrap">  glenoid<a name="RevisionIndication-glenoid"> </a></td><td>Glenoid</td><td>Glenoid</td></tr><tr><td>2</td><td style="white-space:nowrap">  humerus<a name="RevisionIndication-humerus"> </a></td><td>Humerus</td><td>Humerus</td></tr><tr><td>2</td><td style="white-space:nowrap">  acetabulum<a name="RevisionIndication-acetabulum"> </a></td><td>Acetabulum</td><td>Acetabulum</td></tr><tr><td>2</td><td style="white-space:nowrap">  acetabulum_osteolysis<a name="RevisionIndication-acetabulum_osteolysis"> </a></td><td>Acetabulum med osteolyse</td><td>Acetabulum med osteolyse</td></tr><tr><td>2</td><td style="white-space:nowrap">  femur<a name="RevisionIndication-femur"> </a></td><td>Femur</td><td>Femur</td></tr><tr><td>2</td><td style="white-space:nowrap">  femur_osteolysis<a name="RevisionIndication-femur_osteolysis"> </a></td><td>Femur med osteolyse</td><td>Femur med osteolyse</td></tr><tr><td>2</td><td style="white-space:nowrap">  femur_acetabulum<a name="RevisionIndication-femur_acetabulum"> </a></td><td>Femur og acetabulum</td><td>Femur og acetabulum</td></tr><tr><td>2</td><td style="white-space:nowrap">  femur_acetabulum_osteolysis<a name="RevisionIndication-femur_acetabulum_osteolysis"> </a></td><td>Femur og acetabulum med osteolyse</td><td>Femur og acetabulum med osteolyse</td></tr><tr><td>1</td><td style="white-space:nowrap">osteolysis<a name="RevisionIndication-osteolysis"> </a></td><td>Osteolyse</td><td>Osteolyse</td></tr><tr><td>1</td><td style="white-space:nowrap">suspected_infection<a name="RevisionIndication-suspected_infection"> </a></td><td>Mistænkt eller manifest infektion</td><td>Mistænkt eller manifest infektion</td></tr><tr><td>1</td><td style="white-space:nowrap">infection<a name="RevisionIndication-infection"> </a></td><td>Infection</td><td>Infection / Infektion</td></tr><tr><td>1</td><td style="white-space:nowrap">instability<a name="RevisionIndication-instability"> </a></td><td>Instabilitet</td><td>Instabilitet</td></tr><tr><td>1</td><td style="white-space:nowrap">dislocation<a name="RevisionIndication-dislocation"> </a></td><td>Luksation</td><td>Luksation</td></tr><tr><td>1</td><td style="white-space:nowrap">rotator_cuff<a name="RevisionIndication-rotator_cuff"> </a></td><td>Rotator cuff ruptur / insufficiens</td><td>Rotator cuff ruptur / insufficiens</td></tr><tr><td>1</td><td style="white-space:nowrap">cavitas_erosion<a name="RevisionIndication-cavitas_erosion"> </a></td><td>Cavitas erosion</td><td>Cavitas erosion</td></tr><tr><td>1</td><td style="white-space:nowrap">prosthetic_joint_fracture<a name="RevisionIndication-prosthetic_joint_fracture"> </a></td><td>Protesenær fraktur</td><td>Protesenær fraktur</td></tr><tr><td>1</td><td style="white-space:nowrap">periprosthetic_fracture<a name="RevisionIndication-periprosthetic_fracture"> </a></td><td>Periprostetisk fraktur</td><td>Periprostetisk fraktur</td></tr><tr><td>1</td><td style="white-space:nowrap">malplaced_component<a name="RevisionIndication-malplaced_component"> </a></td><td>Malplaceret komponent</td><td>Malplaceret komponent</td></tr><tr><td>1</td><td style="white-space:nowrap">component_failure<a name="RevisionIndication-component_failure"> </a></td><td>Komponentsvigt</td><td>Komponentsvigt</td></tr><tr><td>1</td><td style="white-space:nowrap">implant_failure<a name="RevisionIndication-implant_failure"> </a></td><td>Implantat failure</td><td>Implantat failure</td></tr><tr><td>1</td><td style="white-space:nowrap">pain<a name="RevisionIndication-pain"> </a></td><td>Pain</td><td>Pain / Smerter</td></tr><tr><td>1</td><td style="white-space:nowrap">constrained_mobility<a name="RevisionIndication-constrained_mobility"> </a></td><td>Indskrænket bevægelighed</td><td>Indskrænket bevægelighed</td></tr><tr><td>1</td><td style="white-space:nowrap">arthrosis_progression<a name="RevisionIndication-arthrosis_progression"> </a></td><td>Athrosis progression</td><td>Athrosis progression / Artrose progression</td></tr><tr><td>1</td><td style="white-space:nowrap">second_part_two_stage_revision<a name="RevisionIndication-second_part_two_stage_revision"> </a></td><td>2. del af 2-stadie revision</td><td>2. del af 2-stadie revision</td></tr><tr><td>1</td><td style="white-space:nowrap">secondary_insertion<a name="RevisionIndication-secondary_insertion"> </a></td><td>Sekundær isættelse</td><td>Sekundær isættelse</td></tr><tr><td>1</td><td style="white-space:nowrap">polyethylene_wear<a name="RevisionIndication-polyethylene_wear"> </a></td><td>Polyethylenslitage</td><td>Polyethylenslitage</td></tr><tr><td>1</td><td style="white-space:nowrap">polyethylene_failure<a name="RevisionIndication-polyethylene_failure"> </a></td><td>Polyethylen-svigt</td><td>Polyethylen-svigt</td></tr><tr><td>2</td><td style="white-space:nowrap">  polyethylene_failure_tibia<a name="RevisionIndication-polyethylene_failure_tibia"> </a></td><td>Polyethylen-svigt (tibia)</td><td>Polyethylen-svigt (tibia)</td></tr><tr><td>2</td><td style="white-space:nowrap">  polyethylene_failure_patella<a name="RevisionIndication-polyethylene_failure_patella"> </a></td><td>Polyethylen-svigt (patella)</td><td>Polyethylen-svigt (patella)</td></tr><tr><td>1</td><td style="white-space:nowrap">femur_fracture<a name="RevisionIndication-femur_fracture"> </a></td><td>Femurfraktur</td><td>Femurfraktur</td></tr></table></div>
  </text>
  <url value="https://kip.rkkp.dk/fhir/CodeSystem/RevisionIndication"/>
  <version value="2.9.0"/>
  <name value="RevisionIndication"/>
  <title value="Revision; indication"/>
  <status value="active"/>
  <date value="2022-10-07T00:00:00+02:00"/>
  <publisher value="Sundhedsvæsnets Kvalistetsinstitut with Trifork Digital Health A/S"/>
  <contact>
    <name value="Sundhedsvæsnets Kvalistetsinstitut with Trifork Digital Health A/S"/>
    <telecom>
      <system value="url"/>
      <value value="https://trifork.com"/>
    </telecom>
    <telecom>
      <system value="email"/>
      <value value="rbk@trifork.com"/>
    </telecom>
  </contact>
  <description value="Revision; indication"/>
  <caseSensitive value="false"/>
  <content value="complete"/>
  <count value="31"/>
  <concept>
    <code value="aseptic_solution"/>
    <display value="Aseptisk løsning"/>
    <definition value="Aseptisk løsning"/>
    <concept>
      <code value="glenoid"/>
      <display value="Glenoid"/>
      <definition value="Glenoid"/>
    </concept>
    <concept>
      <code value="humerus"/>
      <display value="Humerus"/>
      <definition value="Humerus"/>
    </concept>
    <concept>
      <code value="acetabulum"/>
      <display value="Acetabulum"/>
      <definition value="Acetabulum"/>
    </concept>
    <concept>
      <code value="acetabulum_osteolysis"/>
      <display value="Acetabulum med osteolyse"/>
      <definition value="Acetabulum med osteolyse"/>
    </concept>
    <concept>
      <code value="femur"/>
      <display value="Femur"/>
      <definition value="Femur"/>
    </concept>
    <concept>
      <code value="femur_osteolysis"/>
      <display value="Femur med osteolyse"/>
      <definition value="Femur med osteolyse"/>
    </concept>
    <concept>
      <code value="femur_acetabulum"/>
      <display value="Femur og acetabulum"/>
      <definition value="Femur og acetabulum"/>
    </concept>
    <concept>
      <code value="femur_acetabulum_osteolysis"/>
      <display value="Femur og acetabulum med osteolyse"/>
      <definition value="Femur og acetabulum med osteolyse"/>
    </concept>
  </concept>
  <concept>
    <code value="osteolysis"/>
    <display value="Osteolyse"/>
    <definition value="Osteolyse"/>
  </concept>
  <concept>
    <code value="suspected_infection"/>
    <display value="Mistænkt eller manifest infektion"/>
    <definition value="Mistænkt eller manifest infektion"/>
  </concept>
  <concept>
    <code value="infection"/>
    <display value="Infection"/>
    <definition value="Infection / Infektion"/>
  </concept>
  <concept>
    <code value="instability"/>
    <display value="Instabilitet"/>
    <definition value="Instabilitet"/>
  </concept>
  <concept>
    <code value="dislocation"/>
    <display value="Luksation"/>
    <definition value="Luksation"/>
  </concept>
  <concept>
    <code value="rotator_cuff"/>
    <display value="Rotator cuff ruptur / insufficiens"/>
    <definition value="Rotator cuff ruptur / insufficiens"/>
  </concept>
  <concept>
    <code value="cavitas_erosion"/>
    <display value="Cavitas erosion"/>
    <definition value="Cavitas erosion"/>
  </concept>
  <concept>
    <code value="prosthetic_joint_fracture"/>
    <display value="Protesenær fraktur"/>
    <definition value="Protesenær fraktur"/>
  </concept>
  <concept>
    <code value="periprosthetic_fracture"/>
    <display value="Periprostetisk fraktur"/>
    <definition value="Periprostetisk fraktur"/>
  </concept>
  <concept>
    <code value="malplaced_component"/>
    <display value="Malplaceret komponent"/>
    <definition value="Malplaceret komponent"/>
  </concept>
  <concept>
    <code value="component_failure"/>
    <display value="Komponentsvigt"/>
    <definition value="Komponentsvigt"/>
  </concept>
  <concept>
    <code value="implant_failure"/>
    <display value="Implantat failure"/>
    <definition value="Implantat failure"/>
  </concept>
  <concept>
    <code value="pain"/>
    <display value="Pain"/>
    <definition value="Pain / Smerter"/>
  </concept>
  <concept>
    <code value="constrained_mobility"/>
    <display value="Indskrænket bevægelighed"/>
    <definition value="Indskrænket bevægelighed"/>
  </concept>
  <concept>
    <code value="arthrosis_progression"/>
    <display value="Athrosis progression"/>
    <definition value="Athrosis progression / Artrose progression"/>
  </concept>
  <concept>
    <code value="second_part_two_stage_revision"/>
    <display value="2. del af 2-stadie revision"/>
    <definition value="2. del af 2-stadie revision"/>
  </concept>
  <concept>
    <code value="secondary_insertion"/>
    <display value="Sekundær isættelse"/>
    <definition value="Sekundær isættelse"/>
  </concept>
  <concept>
    <code value="polyethylene_wear"/>
    <display value="Polyethylenslitage"/>
    <definition value="Polyethylenslitage"/>
  </concept>
  <concept>
    <code value="polyethylene_failure"/>
    <display value="Polyethylen-svigt"/>
    <definition value="Polyethylen-svigt"/>
    <concept>
      <code value="polyethylene_failure_tibia"/>
      <display value="Polyethylen-svigt (tibia)"/>
      <definition value="Polyethylen-svigt (tibia)"/>
    </concept>
    <concept>
      <code value="polyethylene_failure_patella"/>
      <display value="Polyethylen-svigt (patella)"/>
      <definition value="Polyethylen-svigt (patella)"/>
    </concept>
  </concept>
  <concept>
    <code value="femur_fracture"/>
    <display value="Femurfraktur"/>
    <definition value="Femurfraktur"/>
  </concept>
</CodeSystem>