<?xml version="1.0" encoding="UTF-8"?>

<CodeSystem xmlns="http://hl7.org/fhir">
  <id value="ACTherapyNotGiven"/>
  <text>
    <status value="generated"/><div xmlns="http://www.w3.org/1999/xhtml"><p class="res-header-id"><b>Generated Narrative: CodeSystem ACTherapyNotGiven</b></p><a name="ACTherapyNotGiven"> </a><a name="hcACTherapyNotGiven"> </a><a name="ACTherapyNotGiven-en-US"> </a><p>This  code system <code>https://kip.rkkp.dk/fhir/CodeSystem/ACTherapyNotGiven</code> defines the following codes:</p><table class="codes"><tr><td style="white-space:nowrap"><b>Code</b></td><td><b>Display</b></td><td><b>Definition</b></td></tr><tr><td style="white-space:nowrap">activebleeding<a name="ACTherapyNotGiven-activebleeding"> </a></td><td>Aktiv blødning</td><td>Aktiv blødning</td></tr><tr><td style="white-space:nowrap">intracerebralhaemorrhage<a name="ACTherapyNotGiven-intracerebralhaemorrhage"> </a></td><td>Nylig intracerebral blødning</td><td>Nylig intracerebral blødning</td></tr><tr><td style="white-space:nowrap">hypertension<a name="ACTherapyNotGiven-hypertension"> </a></td><td>Ukontrolleret hypertension</td><td>Ukontrolleret hypertension (≥160 mmHg)</td></tr><tr><td style="white-space:nowrap">diathesis<a name="ACTherapyNotGiven-diathesis"> </a></td><td>Hæmoragisk diatese</td><td>Hæmoragisk diatese</td></tr><tr><td style="white-space:nowrap">othertreatment<a name="ACTherapyNotGiven-othertreatment"> </a></td><td>Anden behandling</td><td>Anden behandling (aurikellukning, LMWH i terapeutiske doser)</td></tr><tr><td style="white-space:nowrap">dementia<a name="ACTherapyNotGiven-dementia"> </a></td><td>Svær demens</td><td>Svær demens</td></tr><tr><td style="white-space:nowrap">reducedfunctionlevel<a name="ACTherapyNotGiven-reducedfunctionlevel"> </a></td><td>Betydelig reduceret funktionsniveau</td><td>Betydelig reduceret funktionsniveau (mRS ≥4)</td></tr><tr><td style="white-space:nowrap">lifespanbelow3months<a name="ACTherapyNotGiven-lifespanbelow3months"> </a></td><td>Forventet livslængde under 3 måneder</td><td>Forventet livslængde under 3 måneder</td></tr><tr><td style="white-space:nowrap">nopatientconsent<a name="ACTherapyNotGiven-nopatientconsent"> </a></td><td>Manglende patientsamtykke</td><td>Manglende patientsamtykke</td></tr></table></div>
  </text>
  <url value="https://kip.rkkp.dk/fhir/CodeSystem/ACTherapyNotGiven"/>
  <version value="0.1.8"/>
  <name value="ACTherapyNotGiven"/>
  <title value="Reasons for not giving anticoagulation therapy"/>
  <status value="active"/>
  <date value="2022-06-03T00:00:00+02:00"/>
  <publisher value="Sundhedsvæsnets Kvalistetsinstitut with Trifork Digital Health A/S"/>
  <contact>
    <name value="Sundhedsvæsnets Kvalistetsinstitut with Trifork Digital Health A/S"/>
    <telecom>
      <system value="url"/>
      <value value="https://trifork.com"/>
    </telecom>
    <telecom>
      <system value="email"/>
      <value value="rbk@trifork.com"/>
    </telecom>
  </contact>
  <description value="Årsagen til hvorfor man har fravalgt antikoagulationsbehandling."/>
  <content value="complete"/>
  <count value="9"/>
  <concept>
    <code value="activebleeding"/>
    <display value="Aktiv blødning"/>
    <definition value="Aktiv blødning"/>
  </concept>
  <concept>
    <code value="intracerebralhaemorrhage"/>
    <display value="Nylig intracerebral blødning"/>
    <definition value="Nylig intracerebral blødning"/>
  </concept>
  <concept>
    <code value="hypertension"/>
    <display value="Ukontrolleret hypertension"/>
    <definition value="Ukontrolleret hypertension (≥160 mmHg)"/>
  </concept>
  <concept>
    <code value="diathesis"/>
    <display value="Hæmoragisk diatese"/>
    <definition value="Hæmoragisk diatese"/>
  </concept>
  <concept>
    <code value="othertreatment"/>
    <display value="Anden behandling"/>
    <definition value="Anden behandling (aurikellukning, LMWH i terapeutiske doser)"/>
  </concept>
  <concept>
    <code value="dementia"/>
    <display value="Svær demens"/>
    <definition value="Svær demens"/>
  </concept>
  <concept>
    <code value="reducedfunctionlevel"/>
    <display value="Betydelig reduceret funktionsniveau"/>
    <definition value="Betydelig reduceret funktionsniveau (mRS ≥4)"/>
  </concept>
  <concept>
    <code value="lifespanbelow3months"/>
    <display value="Forventet livslængde under 3 måneder"/>
    <definition value="Forventet livslængde under 3 måneder"/>
  </concept>
  <concept>
    <code value="nopatientconsent"/>
    <display value="Manglende patientsamtykke"/>
    <definition value="Manglende patientsamtykke"/>
  </concept>
</CodeSystem>