<?xml version="1.0" encoding="UTF-8"?>

<CodeSystem xmlns="http://hl7.org/fhir">
  <id value="PersonFamilyRelation"/>
  <text>
    <status value="generated"/><div xmlns="http://www.w3.org/1999/xhtml"><p class="res-header-id"><b>Generated Narrative: CodeSystem PersonFamilyRelation</b></p><a name="PersonFamilyRelation"> </a><a name="hcPersonFamilyRelation"> </a><a name="PersonFamilyRelation-en-US"> </a><p>This case-sensitive code system <code>https://kip.sundk.dk/fhir/CodeSystem/PersonFamilyRelation</code> defines the following codes:</p><table class="codes"><tr><td style="white-space:nowrap"><b>Code</b></td><td><b>Display</b></td><td><b>Definition</b></td></tr><tr><td style="white-space:nowrap">person_family<a name="PersonFamilyRelation-person_family"> </a></td><td>Person in the family</td><td>Person in the family / SNOMED-CT: 303071001</td></tr><tr><td style="white-space:nowrap">non_family_member<a name="PersonFamilyRelation-non_family_member"> </a></td><td>Non-family member</td><td>Non-family member / SNOMED-CT: 394863008</td></tr><tr><td style="white-space:nowrap">twin_sibling<a name="PersonFamilyRelation-twin_sibling"> </a></td><td>Twin sibling</td><td>Twin sibling / SNODMED-CT: 11286003</td></tr></table></div>
  </text>
  <url value="https://kip.sundk.dk/fhir/CodeSystem/PersonFamilyRelation"/>
  <version value="0.0.9"/>
  <name value="PersonFamilyRelation"/>
  <title value="Person relation; relation to another person"/>
  <status value="active"/>
  <date value="2022-06-07T00:00:00+02:00"/>
  <publisher value="Sundhedsvæsnets Kvalistetsinstitut with Trifork Public A/S"/>
  <contact>
    <name value="Sundhedsvæsnets Kvalistetsinstitut with Trifork Public A/S"/>
    <telecom>
      <system value="url"/>
      <value value="https://trifork.com"/>
    </telecom>
    <telecom>
      <system value="email"/>
      <value value="rbk@trifork.com"/>
    </telecom>
  </contact>
  <description value="Person relation; relation to another person"/>
  <caseSensitive value="true"/>
  <content value="complete"/>
  <count value="3"/>
  <concept>
    <code value="person_family"/>
    <display value="Person in the family"/>
    <definition value="Person in the family / SNOMED-CT: 303071001"/>
  </concept>
  <concept>
    <code value="non_family_member"/>
    <display value="Non-family member"/>
    <definition value="Non-family member / SNOMED-CT: 394863008"/>
  </concept>
  <concept>
    <code value="twin_sibling"/>
    <display value="Twin sibling"/>
    <definition value="Twin sibling / SNODMED-CT: 11286003"/>
  </concept>
</CodeSystem>