<?xml version="1.0" encoding="UTF-8"?>

<CodeSystem xmlns="http://hl7.org/fhir">
  <id value="SSSFacialParesis"/>
  <text>
    <status value="generated"/><div xmlns="http://www.w3.org/1999/xhtml"><p class="res-header-id"><b>Generated Narrative: CodeSystem SSSFacialParesis</b></p><a name="SSSFacialParesis"> </a><a name="hcSSSFacialParesis"> </a><a name="SSSFacialParesis-en-US"> </a><p>This  code system <code>https://kip.rkkp.dk/fhir/CodeSystem/SSSFacialParesis</code> defines the following codes:</p><table class="codes"><tr><td style="white-space:nowrap"><b>Code</b></td><td><b>Definition</b></td></tr><tr><td style="white-space:nowrap">2<a name="SSSFacialParesis-2"> </a></td><td>Ingen eller tvivlsom parese.</td></tr><tr><td style="white-space:nowrap">0<a name="SSSFacialParesis-0"> </a></td><td>Sikker facialisparese</td></tr></table></div>
  </text>
  <url value="https://kip.rkkp.dk/fhir/CodeSystem/SSSFacialParesis"/>
  <version value="2.9.0"/>
  <name value="SSSFacialParesis"/>
  <title value="Scandinavian Stroke Scale (SSS) - Facial paresis"/>
  <status value="active"/>
  <date value="2022-06-23T00:00:00+02:00"/>
  <publisher value="Sundhedsvæsnets Kvalistetsinstitut with Trifork Digital Health A/S"/>
  <contact>
    <name value="Sundhedsvæsnets Kvalistetsinstitut with Trifork Digital Health A/S"/>
    <telecom>
      <system value="url"/>
      <value value="https://trifork.com"/>
    </telecom>
    <telecom>
      <system value="email"/>
      <value value="rbk@trifork.com"/>
    </telecom>
  </contact>
  <description value="Scandinavian Stroke Scale (SSS) - Facial paresis: Kun en sikker facialisparese giver 0. Hvis man er i tvivl gives 2."/>
  <content value="complete"/>
  <count value="2"/>
  <concept>
    <code value="2"/>
    <display value="2"/>
    <definition value="Ingen eller tvivlsom parese."/>
  </concept>
  <concept>
    <code value="0"/>
    <display value="0"/>
    <definition value="Sikker facialisparese"/>
  </concept>
</CodeSystem>