<?xml version="1.0" encoding="UTF-8"?>

<CodeSystem xmlns="http://hl7.org/fhir">
  <id value="OncologyTreatmentCurative"/>
  <text>
    <status value="generated"/><div xmlns="http://www.w3.org/1999/xhtml"><p class="res-header-id"><b>Generated Narrative: CodeSystem OncologyTreatmentCurative</b></p><a name="OncologyTreatmentCurative"> </a><a name="hcOncologyTreatmentCurative"> </a><a name="OncologyTreatmentCurative-en-US"> </a><p>This  code system <code>https://kip.rkkp.dk/fhir/CodeSystem/OncologyTreatmentCurative</code> defines the following codes:</p><table class="codes"><tr><td style="white-space:nowrap"><b>Code</b></td><td><b>Display</b></td><td><b>Definition</b></td></tr><tr><td style="white-space:nowrap">adjuvant<a name="OncologyTreatmentCurative-adjuvant"> </a></td><td>Adjuverende behandling</td><td>Hvis Adjuverende behandling</td></tr><tr><td style="white-space:nowrap">neoadjuvant<a name="OncologyTreatmentCurative-neoadjuvant"> </a></td><td>Neo-adjuverende behandling</td><td>Hvis Neo-adjuverende behandling</td></tr><tr><td style="white-space:nowrap">perioperative<a name="OncologyTreatmentCurative-perioperative"> </a></td><td>Perioperativ behandling</td><td>Hvis Perioperativ behandling</td></tr><tr><td style="white-space:nowrap">radio/chemo<a name="OncologyTreatmentCurative-radio.47chemo"> </a></td><td>Definitiv kemo/radioterapi behandling</td><td>Hvis Definitiv kemo/radioterapi behandling</td></tr></table></div>
  </text>
  <url value="https://kip.rkkp.dk/fhir/CodeSystem/OncologyTreatmentCurative"/>
  <version value="2.9.0"/>
  <name value="OncologyTreatmentCurative"/>
  <title value="Oncology Treatment (curative)"/>
  <status value="active"/>
  <date value="2022-04-28T00:00:00+02:00"/>
  <publisher value="Sundhedsvæsnets Kvalistetsinstitut with Trifork Digital Health A/S"/>
  <contact>
    <name value="Sundhedsvæsnets Kvalistetsinstitut with Trifork Digital Health A/S"/>
    <telecom>
      <system value="url"/>
      <value value="https://trifork.com"/>
    </telecom>
    <telecom>
      <system value="email"/>
      <value value="rbk@trifork.com"/>
    </telecom>
  </contact>
  <description value="Types of oncology treatments for curative treatment intention"/>
  <content value="complete"/>
  <count value="4"/>
  <concept>
    <code value="adjuvant"/>
    <display value="Adjuverende behandling"/>
    <definition value="Hvis Adjuverende behandling"/>
  </concept>
  <concept>
    <code value="neoadjuvant"/>
    <display value="Neo-adjuverende behandling"/>
    <definition value="Hvis Neo-adjuverende behandling"/>
  </concept>
  <concept>
    <code value="perioperative"/>
    <display value="Perioperativ behandling"/>
    <definition value="Hvis Perioperativ behandling"/>
  </concept>
  <concept>
    <code value="radio/chemo"/>
    <display value="Definitiv kemo/radioterapi behandling"/>
    <definition value="Hvis Definitiv kemo/radioterapi behandling"/>
  </concept>
</CodeSystem>