<?xml version="1.0" encoding="UTF-8"?>

<CodeSystem xmlns="http://hl7.org/fhir">
  <id value="ProcedureUrogyn"/>
  <text>
    <status value="generated"/><div xmlns="http://www.w3.org/1999/xhtml"><p class="res-header-id"><b>Generated Narrative: CodeSystem ProcedureUrogyn</b></p><a name="ProcedureUrogyn"> </a><a name="hcProcedureUrogyn"> </a><a name="ProcedureUrogyn-en-US"> </a><p>This  code system <code>https://kip.rkkp.dk/fhir/CodeSystem/ProcedureUrogyn</code> defines the following codes:</p><table class="codes"><tr><td style="white-space:nowrap"><b>Code</b></td><td><b>Display</b></td><td><b>Definition</b></td></tr><tr><td style="white-space:nowrap">KKDG00<a name="ProcedureUrogyn-KKDG00"> </a></td><td>Retropubisk supension af urinrør</td><td>Retropubisk supension af urinrør</td></tr><tr><td style="white-space:nowrap">KKDG30<a name="ProcedureUrogyn-KKDG30"> </a></td><td>Abdominal uretrocystopeksi med slynge</td><td>Abdominal uretrocystopeksi med slynge</td></tr><tr><td style="white-space:nowrap">KKDV22<a name="ProcedureUrogyn-KKDV22"> </a></td><td>Uretroskopisk submukøs injektionsbehandling i urinrør</td><td>Uretroskopisk submukøs injektionsbehandling i urinrør</td></tr><tr><td style="white-space:nowrap">KLEG10<a name="ProcedureUrogyn-KLEG10"> </a></td><td>Vaginal uretrocystopeksi med slynge</td><td>Vaginal uretrocystopeksi med slynge</td></tr><tr><td style="white-space:nowrap">KLEG10A<a name="ProcedureUrogyn-KLEG10A"> </a></td><td>Vaginal uretrocystopeksi med slynge gennem foramen obturatum</td><td>Vaginal uretrocystopeksi med slynge gennem foramen obturatum</td></tr><tr><td style="white-space:nowrap">KLEF00<a name="ProcedureUrogyn-KLEF00"> </a></td><td>Forreste kolporafi</td><td>Forreste kolporafi</td></tr><tr><td style="white-space:nowrap">KLEF00A<a name="ProcedureUrogyn-KLEF00A"> </a></td><td>Forreste kolporafi med meche</td><td>Forreste kolporafi med meche</td></tr><tr><td style="white-space:nowrap">KLEF03<a name="ProcedureUrogyn-KLEF03"> </a></td><td>Bageste kolporafi</td><td>Bageste kolporafi</td></tr><tr><td style="white-space:nowrap">KLEF03A<a name="ProcedureUrogyn-KLEF03A"> </a></td><td>Bageste kolporafi med meche</td><td>Bageste kolporafi med meche</td></tr><tr><td style="white-space:nowrap">KLEF20<a name="ProcedureUrogyn-KLEF20"> </a></td><td>Partiel kolpokleise</td><td>Partiel kolpokleise</td></tr><tr><td style="white-space:nowrap">KLEF40<a name="ProcedureUrogyn-KLEF40"> </a></td><td>Vaginal operation for enterocele</td><td>Vaginal operation for enterocele</td></tr><tr><td style="white-space:nowrap">KLEF40A<a name="ProcedureUrogyn-KLEF40A"> </a></td><td>Vaginal operation for enterocele med meche</td><td>Vaginal operation for enterocele med meche</td></tr><tr><td style="white-space:nowrap">KLEF43<a name="ProcedureUrogyn-KLEF43"> </a></td><td>Abdominal operation for enterocele</td><td>Abdominal operation for enterocele</td></tr><tr><td style="white-space:nowrap">KLEF43A<a name="ProcedureUrogyn-KLEF43A"> </a></td><td>Abdominal operation for enterocele med meche</td><td>Abdominal operation for enterocele med meche</td></tr><tr><td style="white-space:nowrap">KLEF50<a name="ProcedureUrogyn-KLEF50"> </a></td><td>Abdominal apikal kolpopeksi efter tidligere hysterektomi</td><td>Abdominal apikal kolpopeksi efter tidligere hysterektomi</td></tr><tr><td style="white-space:nowrap">KLEF50A<a name="ProcedureUrogyn-KLEF50A"> </a></td><td>Abdominal apikal kolpopeksi eft. tidl. hysterektomi m. meche</td><td>Abdominal apikal kolpopeksi eft. tidl. hysterektomi m. meche</td></tr><tr><td style="white-space:nowrap">KLEF51<a name="ProcedureUrogyn-KLEF51"> </a></td><td>Laparoskopisk apikal kolpopeksi efter tidligere hysterektomi</td><td>Laparoskopisk apikal kolpopeksi efter tidligere hysterektomi</td></tr><tr><td style="white-space:nowrap">KLEF51A<a name="ProcedureUrogyn-KLEF51A"> </a></td><td>Laparoskop. apikal kolpopeksi eft.tidl. hysterektomi m. meche</td><td>Laparoskop. apikal kolpopeksi eft.tidl. hysterektomi m. meche</td></tr><tr><td style="white-space:nowrap">KLEF53<a name="ProcedureUrogyn-KLEF53"> </a></td><td>Vaginal apikal kolpopeksi efter tidligere hysterektomi</td><td>Vaginal apikal kolpopeksi efter tidligere hysterektomi</td></tr><tr><td style="white-space:nowrap">KLEF53A<a name="ProcedureUrogyn-KLEF53A"> </a></td><td>Vaginal apikal kolpopeksi efter tidl. hysterektomi med meche</td><td>Vaginal apikal kolpopeksi efter tidl. hysterektomi med meche</td></tr><tr><td style="white-space:nowrap">KLEF53B<a name="ProcedureUrogyn-KLEF53B"> </a></td><td>Vaginal apikal kolpopeksi til det sakrospinøse ligament</td><td>Vaginal apikal kolpopeksi til det sakrospinøse ligament</td></tr><tr><td style="white-space:nowrap">KLEF60<a name="ProcedureUrogyn-KLEF60"> </a></td><td>Vaginal lateral kolpopeksi</td><td>Vaginal lateral kolpopeksi</td></tr><tr><td style="white-space:nowrap">KLEF63<a name="ProcedureUrogyn-KLEF63"> </a></td><td>Abdominal lateral kolpopeksi</td><td>Abdominal lateral kolpopeksi</td></tr><tr><td style="white-space:nowrap">KLCG20<a name="ProcedureUrogyn-KLCG20"> </a></td><td>Hysteropeksi</td><td>Hysteropeksi</td></tr><tr><td style="white-space:nowrap">KLCG21<a name="ProcedureUrogyn-KLCG21"> </a></td><td>Laparoskopisk hysteropeksi</td><td>Laparoskopisk hysteropeksi</td></tr><tr><td style="white-space:nowrap">KLCG21A<a name="ProcedureUrogyn-KLCG21A"> </a></td><td>Laparoskopisk hysteropeksi med mesh</td><td>Laparoskopisk hysteropeksi med mesh</td></tr><tr><td style="white-space:nowrap">KLCD10<a name="ProcedureUrogyn-KLCD10"> </a></td><td>Vaginal hysterektomi</td><td>Vaginal hysterektomi</td></tr><tr><td style="white-space:nowrap">KLDC10<a name="ProcedureUrogyn-KLDC10"> </a></td><td>Resektion af livmoderhals</td><td>Resektion af livmoderhals</td></tr><tr><td style="white-space:nowrap">KLED00<a name="ProcedureUrogyn-KLED00"> </a></td><td>Kolpektomi</td><td>Kolpektomi</td></tr><tr><td style="white-space:nowrap">KZLA01<a name="ProcedureUrogyn-KZLA01"> </a></td><td>Suspension af vaginaltop a.m. McCall</td><td>Suspension af vaginaltop a.m. McCall</td></tr><tr><td style="white-space:nowrap">KZLA02<a name="ProcedureUrogyn-KZLA02"> </a></td><td>Suspension af vaginaltop a.m. Bob Shull</td><td>Suspension af vaginaltop a.m. Bob Shull</td></tr><tr><td style="white-space:nowrap">KLEE00<a name="ProcedureUrogyn-KLEE00"> </a></td><td>Sutur af vagina</td><td>Sutur af vagina</td></tr><tr><td style="white-space:nowrap">KLFE00<a name="ProcedureUrogyn-KLFE00"> </a></td><td>Sutur af vulva</td><td>Sutur af vulva</td></tr><tr><td style="white-space:nowrap">KLFE96<a name="ProcedureUrogyn-KLFE96"> </a></td><td>Anden rekonstruktion på vulva eller perineum</td><td>Anden rekonstruktion på vulva eller perineum</td></tr><tr><td style="white-space:nowrap">KJHC10<a name="ProcedureUrogyn-KJHC10"> </a></td><td>Rekonstruktion af sphincter ani</td><td>Rekonstruktion af sphincter ani</td></tr><tr><td style="white-space:nowrap">KUKC02<a name="ProcedureUrogyn-KUKC02"> </a></td><td>Cystoskopi</td><td>Cystoskopi</td></tr><tr><td style="white-space:nowrap">KZXF84A<a name="ProcedureUrogyn-KZXF84A"> </a></td><td>Ikke resorberbar sutur</td><td>Ikke resorberbar sutur</td></tr><tr><td style="white-space:nowrap">KZXF84B<a name="ProcedureUrogyn-KZXF84B"> </a></td><td>Korttidsresorberbar sutur (&lt; 3 uger)</td><td>Korttidsresorberbar sutur (&lt; 3 uger)</td></tr><tr><td style="white-space:nowrap">KZXF84C<a name="ProcedureUrogyn-KZXF84C"> </a></td><td>Forsinket resorberbar sutur</td><td>Forsinket resorberbar sutur</td></tr><tr><td style="white-space:nowrap">KZXX00<a name="ProcedureUrogyn-KZXX00"> </a></td><td>Anvendelse af robot</td><td>Anvendelse af robot</td></tr><tr><td style="white-space:nowrap">DN393<a name="ProcedureUrogyn-DN393"> </a></td><td>Stress-inkontinens</td><td>Stress-inkontinens</td></tr><tr><td style="white-space:nowrap">DN895D<a name="ProcedureUrogyn-DN895D"> </a></td><td>Vaginal striktur</td><td>Vaginal striktur</td></tr><tr><td style="white-space:nowrap">DR102B<a name="ProcedureUrogyn-DR102B"> </a></td><td>Mavesmerter lokaliseret til bækken</td><td>Mavesmerter lokaliseret til bækken</td></tr><tr><td style="white-space:nowrap">DR339D<a name="ProcedureUrogyn-DR339D"> </a></td><td>Residualurin</td><td>Residualurin</td></tr><tr><td style="white-space:nowrap">DR391<a name="ProcedureUrogyn-DR391"> </a></td><td>Vandladningsbesvær UNS</td><td>Vandladningsbesvær UNS</td></tr><tr><td style="white-space:nowrap">DR522B<a name="ProcedureUrogyn-DR522B"> </a></td><td>Smerter i kønsorganer</td><td>Smerter i kønsorganer</td></tr><tr><td style="white-space:nowrap">DT810G<a name="ProcedureUrogyn-DT810G"> </a></td><td>Postoperativ blødning UNS</td><td>Postoperativ blødning UNS</td></tr><tr><td style="white-space:nowrap">DT810H<a name="ProcedureUrogyn-DT810H"> </a></td><td>Postoperativt hæmatom UNS</td><td>Postoperativt hæmatom UNS</td></tr><tr><td style="white-space:nowrap">DT812G<a name="ProcedureUrogyn-DT812G"> </a></td><td>Utilsigtet peroperativ punktur eller læsion af gastrointestinalkanalen</td><td>Utilsigtet peroperativ punktur eller læsion af gastrointestinalkanalen</td></tr><tr><td style="white-space:nowrap">DT812H<a name="ProcedureUrogyn-DT812H"> </a></td><td>Utilsigtet peroperativ punktur eller læsion af kvindeligt kønsorgan</td><td>Utilsigtet peroperativ punktur eller læsion af kvindeligt kønsorgan</td></tr><tr><td style="white-space:nowrap">DT812UC<a name="ProcedureUrogyn-DT812UC"> </a></td><td>Utilsigtet peroperativ punktur eller læsion af urinleder</td><td>Utilsigtet peroperativ punktur eller læsion af urinleder</td></tr><tr><td style="white-space:nowrap">DT812UD<a name="ProcedureUrogyn-DT812UD"> </a></td><td>Utilsigtet peroperativ punktur eller læsion af urinblære</td><td>Utilsigtet peroperativ punktur eller læsion af urinblære</td></tr><tr><td style="white-space:nowrap">DT812UE<a name="ProcedureUrogyn-DT812UE"> </a></td><td>Utilsigtet peroperativ punktur eller læsion af urinrør</td><td>Utilsigtet peroperativ punktur eller læsion af urinrør</td></tr><tr><td style="white-space:nowrap">DT814F<a name="ProcedureUrogyn-DT814F"> </a></td><td>Postoperativ sårinfektion</td><td>Postoperativ sårinfektion</td></tr><tr><td style="white-space:nowrap">DT814U<a name="ProcedureUrogyn-DT814U"> </a></td><td>Postoperativ urinvejsinfektion</td><td>Postoperativ urinvejsinfektion</td></tr><tr><td style="white-space:nowrap">DT818F<a name="ProcedureUrogyn-DT818F"> </a></td><td>Peroperativ blødning UNS</td><td>Peroperativ blødning UNS</td></tr><tr><td style="white-space:nowrap">DT835<a name="ProcedureUrogyn-DT835"> </a></td><td>Infektion eller inflammation omkring protese, implantat eller transplantat i urinvejene</td><td>Infektion eller inflammation omkring protese, implantat eller transplantat i urinvejene</td></tr><tr><td style="white-space:nowrap">DT836<a name="ProcedureUrogyn-DT836"> </a></td><td>Infektion eller inflammation omkring protese, implantat eller transplantat i kønsorganerne</td><td>Infektion eller inflammation omkring protese, implantat eller transplantat i kønsorganerne</td></tr><tr><td style="white-space:nowrap">DT983C<a name="ProcedureUrogyn-DT983C"> </a></td><td>Postoperativ seksuel dysfunktion</td><td>Postoperativ seksuel dysfunktion</td></tr><tr><td style="white-space:nowrap">KKBF00<a name="ProcedureUrogyn-KKBF00"> </a></td><td>Fjernelse af fremmedlegeme i urinleder</td><td>Fjernelse af fremmedlegeme i urinleder</td></tr><tr><td style="white-space:nowrap">KKCF01<a name="ProcedureUrogyn-KKCF01"> </a></td><td>Perkutan endoskopisk fjernelse af fremmedlegeme i urinblære</td><td>Perkutan endoskopisk fjernelse af fremmedlegeme i urinblære</td></tr><tr><td style="white-space:nowrap">KKDE20<a name="ProcedureUrogyn-KKDE20"> </a></td><td>Fjernelse af fremmedlegeme fra urinrør</td><td>Fjernelse af fremmedlegeme fra urinrør</td></tr><tr><td style="white-space:nowrap">KLWB00<a name="ProcedureUrogyn-KLWB00"> </a></td><td>Reoperation ved overfladisk infektion efter gynækologisk operation</td><td>Reoperation ved overfladisk infektion efter gynækologisk operation</td></tr><tr><td style="white-space:nowrap">KLWC00<a name="ProcedureUrogyn-KLWC00"> </a></td><td>Reoperation ved dyb infektion efter gynækologisk operation</td><td>Reoperation ved dyb infektion efter gynækologisk operation</td></tr><tr><td style="white-space:nowrap">KLWC01<a name="ProcedureUrogyn-KLWC01"> </a></td><td>Laparoskopisk reoperation ved dyb infektion efter gynækologisk operation</td><td>Laparoskopisk reoperation ved dyb infektion efter gynækologisk operation</td></tr><tr><td style="white-space:nowrap">KLWD00<a name="ProcedureUrogyn-KLWD00"> </a></td><td>Reoperation for overfladisk blødning efter gynækologisk operation</td><td>Reoperation for overfladisk blødning efter gynækologisk operation</td></tr><tr><td style="white-space:nowrap">KLWE00<a name="ProcedureUrogyn-KLWE00"> </a></td><td>Reoperation for dyb blødning efter gynækologisk operation</td><td>Reoperation for dyb blødning efter gynækologisk operation</td></tr><tr><td style="white-space:nowrap">KLWE01<a name="ProcedureUrogyn-KLWE01"> </a></td><td>Laparoskopisk reoperation for dyb blødning efter gynækologisk operation</td><td>Laparoskopisk reoperation for dyb blødning efter gynækologisk operation</td></tr><tr><td style="white-space:nowrap">KLWW96<a name="ProcedureUrogyn-KLWW96"> </a></td><td>Anden reoperation efter gynækologisk operation</td><td>Anden reoperation efter gynækologisk operation</td></tr><tr><td style="white-space:nowrap">KLWW96A<a name="ProcedureUrogyn-KLWW96A"> </a></td><td>Fjernelse af fremmedlegeme i bækkenhulen efter gynækologisk operation</td><td>Fjernelse af fremmedlegeme i bækkenhulen efter gynækologisk operation</td></tr><tr><td style="white-space:nowrap">KLWW97A<a name="ProcedureUrogyn-KLWW97A"> </a></td><td>Laparoskopisk fjernelse af fremmedlegeme i bækkenhulen efter gynækologisk operation</td><td>Laparoskopisk fjernelse af fremmedlegeme i bækkenhulen efter gynækologisk operation</td></tr><tr><td style="white-space:nowrap">KTLE10<a name="ProcedureUrogyn-KTLE10"> </a></td><td>Fjernelse af fremmedlegeme fra vagina</td><td>Fjernelse af fremmedlegeme fra vagina</td></tr><tr><td style="white-space:nowrap">KTLW99A<a name="ProcedureUrogyn-KTLW99A"> </a></td><td>Løsning eller overskæring af vaginal slynge</td><td>Løsning eller overskæring af vaginal slynge</td></tr><tr><td style="white-space:nowrap">KTLW99B<a name="ProcedureUrogyn-KTLW99B"> </a></td><td>Stramning af vaginal slynge</td><td>Stramning af vaginal slynge</td></tr><tr><td style="white-space:nowrap">BJAA0<a name="ProcedureUrogyn-BJAA0"> </a></td><td>Engangskateterisation af blæren</td><td>Engangskateterisation af blæren</td></tr><tr><td style="white-space:nowrap">BJAZ0<a name="ProcedureUrogyn-BJAZ0"> </a></td><td>Anlæggelse af blærekateter</td><td>Anlæggelse af blærekateter</td></tr><tr><td style="white-space:nowrap">BJKA02<a name="ProcedureUrogyn-BJKA02"> </a></td><td>Vejledning og undervisning i selvkateterisation</td><td>Vejledning og undervisning i selvkateterisation</td></tr><tr><td style="white-space:nowrap">BOQA0<a name="ProcedureUrogyn-BOQA0"> </a></td><td>Blodtransfusion</td><td>Blodtransfusion</td></tr><tr><td style="white-space:nowrap">BPH<a name="ProcedureUrogyn-BPH"> </a></td><td>Systemisk antibiotikabehandling af infektionssygdomme</td><td>Systemisk antibiotikabehandling af infektionssygdomme</td></tr><tr><td style="white-space:nowrap">ZZ1295<a name="ProcedureUrogyn-ZZ1295"> </a></td><td>Væske og vandladningsskema</td><td>Væske og vandladningsskema</td></tr></table></div>
  </text>
  <url value="https://kip.rkkp.dk/fhir/CodeSystem/ProcedureUrogyn"/>
  <version value="2.9.3"/>
  <name value="ProcedureUrogyn"/>
  <title value="Procedurekoder - Urogynækologi (DUGA)"/>
  <status value="active"/>
  <date value="2024-02-14T00:00:00+02:00"/>
  <publisher value="Sundhedsvæsenets Kvalitetsinstitut with Trifork Digital Health A/S"/>
  <contact>
    <name value="Sundhedsvæsenets Kvalitetsinstitut with Trifork Digital Health A/S"/>
    <telecom>
      <system value="url"/>
      <value value="https://trifork.com"/>
    </telecom>
    <telecom>
      <system value="email"/>
      <value value="rbk@trifork.com"/>
    </telecom>
  </contact>
  <description value="Procedurekoder - Urogynækolog (DUGA)"/>
  <content value="complete"/>
  <count value="80"/>
  <concept>
    <code value="KKDG00"/>
    <display value="Retropubisk supension af urinrør"/>
    <definition value="Retropubisk supension af urinrør"/>
  </concept>
  <concept>
    <code value="KKDG30"/>
    <display value="Abdominal uretrocystopeksi med slynge"/>
    <definition value="Abdominal uretrocystopeksi med slynge"/>
  </concept>
  <concept>
    <code value="KKDV22"/>
    <display value="Uretroskopisk submukøs injektionsbehandling i urinrør"/>
    <definition value="Uretroskopisk submukøs injektionsbehandling i urinrør"/>
  </concept>
  <concept>
    <code value="KLEG10"/>
    <display value="Vaginal uretrocystopeksi med slynge"/>
    <definition value="Vaginal uretrocystopeksi med slynge"/>
  </concept>
  <concept>
    <code value="KLEG10A"/>
    <display value="Vaginal uretrocystopeksi med slynge gennem foramen obturatum"/>
    <definition value="Vaginal uretrocystopeksi med slynge gennem foramen obturatum"/>
  </concept>
  <concept>
    <code value="KLEF00"/>
    <display value="Forreste kolporafi"/>
    <definition value="Forreste kolporafi"/>
  </concept>
  <concept>
    <code value="KLEF00A"/>
    <display value="Forreste kolporafi med meche"/>
    <definition value="Forreste kolporafi med meche"/>
  </concept>
  <concept>
    <code value="KLEF03"/>
    <display value="Bageste kolporafi"/>
    <definition value="Bageste kolporafi"/>
  </concept>
  <concept>
    <code value="KLEF03A"/>
    <display value="Bageste kolporafi med meche"/>
    <definition value="Bageste kolporafi med meche"/>
  </concept>
  <concept>
    <code value="KLEF20"/>
    <display value="Partiel kolpokleise"/>
    <definition value="Partiel kolpokleise"/>
  </concept>
  <concept>
    <code value="KLEF40"/>
    <display value="Vaginal operation for enterocele"/>
    <definition value="Vaginal operation for enterocele"/>
  </concept>
  <concept>
    <code value="KLEF40A"/>
    <display value="Vaginal operation for enterocele med meche"/>
    <definition value="Vaginal operation for enterocele med meche"/>
  </concept>
  <concept>
    <code value="KLEF43"/>
    <display value="Abdominal operation for enterocele"/>
    <definition value="Abdominal operation for enterocele"/>
  </concept>
  <concept>
    <code value="KLEF43A"/>
    <display value="Abdominal operation for enterocele med meche"/>
    <definition value="Abdominal operation for enterocele med meche"/>
  </concept>
  <concept>
    <code value="KLEF50"/>
    <display value="Abdominal apikal kolpopeksi efter tidligere hysterektomi"/>
    <definition value="Abdominal apikal kolpopeksi efter tidligere hysterektomi"/>
  </concept>
  <concept>
    <code value="KLEF50A"/>
    <display value="Abdominal apikal kolpopeksi eft. tidl. hysterektomi m. meche"/>
    <definition value="Abdominal apikal kolpopeksi eft. tidl. hysterektomi m. meche"/>
  </concept>
  <concept>
    <code value="KLEF51"/>
    <display value="Laparoskopisk apikal kolpopeksi efter tidligere hysterektomi"/>
    <definition value="Laparoskopisk apikal kolpopeksi efter tidligere hysterektomi"/>
  </concept>
  <concept>
    <code value="KLEF51A"/>
    <display value="Laparoskop. apikal kolpopeksi eft.tidl. hysterektomi m. meche"/>
    <definition value="Laparoskop. apikal kolpopeksi eft.tidl. hysterektomi m. meche"/>
  </concept>
  <concept>
    <code value="KLEF53"/>
    <display value="Vaginal apikal kolpopeksi efter tidligere hysterektomi"/>
    <definition value="Vaginal apikal kolpopeksi efter tidligere hysterektomi"/>
  </concept>
  <concept>
    <code value="KLEF53A"/>
    <display value="Vaginal apikal kolpopeksi efter tidl. hysterektomi med meche"/>
    <definition value="Vaginal apikal kolpopeksi efter tidl. hysterektomi med meche"/>
  </concept>
  <concept>
    <code value="KLEF53B"/>
    <display value="Vaginal apikal kolpopeksi til det sakrospinøse ligament"/>
    <definition value="Vaginal apikal kolpopeksi til det sakrospinøse ligament"/>
  </concept>
  <concept>
    <code value="KLEF60"/>
    <display value="Vaginal lateral kolpopeksi"/>
    <definition value="Vaginal lateral kolpopeksi"/>
  </concept>
  <concept>
    <code value="KLEF63"/>
    <display value="Abdominal lateral kolpopeksi"/>
    <definition value="Abdominal lateral kolpopeksi"/>
  </concept>
  <concept>
    <code value="KLCG20"/>
    <display value="Hysteropeksi"/>
    <definition value="Hysteropeksi"/>
  </concept>
  <concept>
    <code value="KLCG21"/>
    <display value="Laparoskopisk hysteropeksi"/>
    <definition value="Laparoskopisk hysteropeksi"/>
  </concept>
  <concept>
    <code value="KLCG21A"/>
    <display value="Laparoskopisk hysteropeksi med mesh"/>
    <definition value="Laparoskopisk hysteropeksi med mesh"/>
  </concept>
  <concept>
    <code value="KLCD10"/>
    <display value="Vaginal hysterektomi"/>
    <definition value="Vaginal hysterektomi"/>
  </concept>
  <concept>
    <code value="KLDC10"/>
    <display value="Resektion af livmoderhals"/>
    <definition value="Resektion af livmoderhals"/>
  </concept>
  <concept>
    <code value="KLED00"/>
    <display value="Kolpektomi"/>
    <definition value="Kolpektomi"/>
  </concept>
  <concept>
    <code value="KZLA01"/>
    <display value="Suspension af vaginaltop a.m. McCall"/>
    <definition value="Suspension af vaginaltop a.m. McCall"/>
  </concept>
  <concept>
    <code value="KZLA02"/>
    <display value="Suspension af vaginaltop a.m. Bob Shull"/>
    <definition value="Suspension af vaginaltop a.m. Bob Shull"/>
  </concept>
  <concept>
    <code value="KLEE00"/>
    <display value="Sutur af vagina"/>
    <definition value="Sutur af vagina"/>
  </concept>
  <concept>
    <code value="KLFE00"/>
    <display value="Sutur af vulva"/>
    <definition value="Sutur af vulva"/>
  </concept>
  <concept>
    <code value="KLFE96"/>
    <display value="Anden rekonstruktion på vulva eller perineum"/>
    <definition value="Anden rekonstruktion på vulva eller perineum"/>
  </concept>
  <concept>
    <code value="KJHC10"/>
    <display value="Rekonstruktion af sphincter ani"/>
    <definition value="Rekonstruktion af sphincter ani"/>
  </concept>
  <concept>
    <code value="KUKC02"/>
    <display value="Cystoskopi"/>
    <definition value="Cystoskopi"/>
  </concept>
  <concept>
    <code value="KZXF84A"/>
    <display value="Ikke resorberbar sutur"/>
    <definition value="Ikke resorberbar sutur"/>
  </concept>
  <concept>
    <code value="KZXF84B"/>
    <display value="Korttidsresorberbar sutur (&lt; 3 uger)"/>
    <definition value="Korttidsresorberbar sutur (&lt; 3 uger)"/>
  </concept>
  <concept>
    <code value="KZXF84C"/>
    <display value="Forsinket resorberbar sutur"/>
    <definition value="Forsinket resorberbar sutur"/>
  </concept>
  <concept>
    <code value="KZXX00"/>
    <display value="Anvendelse af robot"/>
    <definition value="Anvendelse af robot"/>
  </concept>
  <concept>
    <code value="DN393"/>
    <display value="Stress-inkontinens"/>
    <definition value="Stress-inkontinens"/>
  </concept>
  <concept>
    <code value="DN895D"/>
    <display value="Vaginal striktur"/>
    <definition value="Vaginal striktur"/>
  </concept>
  <concept>
    <code value="DR102B"/>
    <display value="Mavesmerter lokaliseret til bækken"/>
    <definition value="Mavesmerter lokaliseret til bækken"/>
  </concept>
  <concept>
    <code value="DR339D"/>
    <display value="Residualurin"/>
    <definition value="Residualurin"/>
  </concept>
  <concept>
    <code value="DR391"/>
    <display value="Vandladningsbesvær UNS"/>
    <definition value="Vandladningsbesvær UNS"/>
  </concept>
  <concept>
    <code value="DR522B"/>
    <display value="Smerter i kønsorganer"/>
    <definition value="Smerter i kønsorganer"/>
  </concept>
  <concept>
    <code value="DT810G"/>
    <display value="Postoperativ blødning UNS"/>
    <definition value="Postoperativ blødning UNS"/>
  </concept>
  <concept>
    <code value="DT810H"/>
    <display value="Postoperativt hæmatom UNS"/>
    <definition value="Postoperativt hæmatom UNS"/>
  </concept>
  <concept>
    <code value="DT812G"/>
    <display value="Utilsigtet peroperativ punktur eller læsion af gastrointestinalkanalen"/>
    <definition value="Utilsigtet peroperativ punktur eller læsion af gastrointestinalkanalen"/>
  </concept>
  <concept>
    <code value="DT812H"/>
    <display value="Utilsigtet peroperativ punktur eller læsion af kvindeligt kønsorgan"/>
    <definition value="Utilsigtet peroperativ punktur eller læsion af kvindeligt kønsorgan"/>
  </concept>
  <concept>
    <code value="DT812UC"/>
    <display value="Utilsigtet peroperativ punktur eller læsion af urinleder"/>
    <definition value="Utilsigtet peroperativ punktur eller læsion af urinleder"/>
  </concept>
  <concept>
    <code value="DT812UD"/>
    <display value="Utilsigtet peroperativ punktur eller læsion af urinblære"/>
    <definition value="Utilsigtet peroperativ punktur eller læsion af urinblære"/>
  </concept>
  <concept>
    <code value="DT812UE"/>
    <display value="Utilsigtet peroperativ punktur eller læsion af urinrør"/>
    <definition value="Utilsigtet peroperativ punktur eller læsion af urinrør"/>
  </concept>
  <concept>
    <code value="DT814F"/>
    <display value="Postoperativ sårinfektion"/>
    <definition value="Postoperativ sårinfektion"/>
  </concept>
  <concept>
    <code value="DT814U"/>
    <display value="Postoperativ urinvejsinfektion"/>
    <definition value="Postoperativ urinvejsinfektion"/>
  </concept>
  <concept>
    <code value="DT818F"/>
    <display value="Peroperativ blødning UNS"/>
    <definition value="Peroperativ blødning UNS"/>
  </concept>
  <concept>
    <code value="DT835"/>
    <display value="Infektion eller inflammation omkring protese, implantat eller transplantat i urinvejene"/>
    <definition value="Infektion eller inflammation omkring protese, implantat eller transplantat i urinvejene"/>
  </concept>
  <concept>
    <code value="DT836"/>
    <display value="Infektion eller inflammation omkring protese, implantat eller transplantat i kønsorganerne"/>
    <definition value="Infektion eller inflammation omkring protese, implantat eller transplantat i kønsorganerne"/>
  </concept>
  <concept>
    <code value="DT983C"/>
    <display value="Postoperativ seksuel dysfunktion"/>
    <definition value="Postoperativ seksuel dysfunktion"/>
  </concept>
  <concept>
    <code value="KKBF00"/>
    <display value="Fjernelse af fremmedlegeme i urinleder"/>
    <definition value="Fjernelse af fremmedlegeme i urinleder"/>
  </concept>
  <concept>
    <code value="KKCF01"/>
    <display value="Perkutan endoskopisk fjernelse af fremmedlegeme i urinblære"/>
    <definition value="Perkutan endoskopisk fjernelse af fremmedlegeme i urinblære"/>
  </concept>
  <concept>
    <code value="KKDE20"/>
    <display value="Fjernelse af fremmedlegeme fra urinrør"/>
    <definition value="Fjernelse af fremmedlegeme fra urinrør"/>
  </concept>
  <concept>
    <code value="KLWB00"/>
    <display value="Reoperation ved overfladisk infektion efter gynækologisk operation"/>
    <definition value="Reoperation ved overfladisk infektion efter gynækologisk operation"/>
  </concept>
  <concept>
    <code value="KLWC00"/>
    <display value="Reoperation ved dyb infektion efter gynækologisk operation"/>
    <definition value="Reoperation ved dyb infektion efter gynækologisk operation"/>
  </concept>
  <concept>
    <code value="KLWC01"/>
    <display value="Laparoskopisk reoperation ved dyb infektion efter gynækologisk operation"/>
    <definition value="Laparoskopisk reoperation ved dyb infektion efter gynækologisk operation"/>
  </concept>
  <concept>
    <code value="KLWD00"/>
    <display value="Reoperation for overfladisk blødning efter gynækologisk operation"/>
    <definition value="Reoperation for overfladisk blødning efter gynækologisk operation"/>
  </concept>
  <concept>
    <code value="KLWE00"/>
    <display value="Reoperation for dyb blødning efter gynækologisk operation"/>
    <definition value="Reoperation for dyb blødning efter gynækologisk operation"/>
  </concept>
  <concept>
    <code value="KLWE01"/>
    <display value="Laparoskopisk reoperation for dyb blødning efter gynækologisk operation"/>
    <definition value="Laparoskopisk reoperation for dyb blødning efter gynækologisk operation"/>
  </concept>
  <concept>
    <code value="KLWW96"/>
    <display value="Anden reoperation efter gynækologisk operation"/>
    <definition value="Anden reoperation efter gynækologisk operation"/>
  </concept>
  <concept>
    <code value="KLWW96A"/>
    <display value="Fjernelse af fremmedlegeme i bækkenhulen efter gynækologisk operation"/>
    <definition value="Fjernelse af fremmedlegeme i bækkenhulen efter gynækologisk operation"/>
  </concept>
  <concept>
    <code value="KLWW97A"/>
    <display value="Laparoskopisk fjernelse af fremmedlegeme i bækkenhulen efter gynækologisk operation"/>
    <definition value="Laparoskopisk fjernelse af fremmedlegeme i bækkenhulen efter gynækologisk operation"/>
  </concept>
  <concept>
    <code value="KTLE10"/>
    <display value="Fjernelse af fremmedlegeme fra vagina"/>
    <definition value="Fjernelse af fremmedlegeme fra vagina"/>
  </concept>
  <concept>
    <code value="KTLW99A"/>
    <display value="Løsning eller overskæring af vaginal slynge"/>
    <definition value="Løsning eller overskæring af vaginal slynge"/>
  </concept>
  <concept>
    <code value="KTLW99B"/>
    <display value="Stramning af vaginal slynge"/>
    <definition value="Stramning af vaginal slynge"/>
  </concept>
  <concept>
    <code value="BJAA0"/>
    <display value="Engangskateterisation af blæren"/>
    <definition value="Engangskateterisation af blæren"/>
  </concept>
  <concept>
    <code value="BJAZ0"/>
    <display value="Anlæggelse af blærekateter"/>
    <definition value="Anlæggelse af blærekateter"/>
  </concept>
  <concept>
    <code value="BJKA02"/>
    <display value="Vejledning og undervisning i selvkateterisation"/>
    <definition value="Vejledning og undervisning i selvkateterisation"/>
  </concept>
  <concept>
    <code value="BOQA0"/>
    <display value="Blodtransfusion"/>
    <definition value="Blodtransfusion"/>
  </concept>
  <concept>
    <code value="BPH"/>
    <display value="Systemisk antibiotikabehandling af infektionssygdomme"/>
    <definition value="Systemisk antibiotikabehandling af infektionssygdomme"/>
  </concept>
  <concept>
    <code value="ZZ1295"/>
    <display value="Væske og vandladningsskema"/>
    <definition value="Væske og vandladningsskema"/>
  </concept>
</CodeSystem>