<?xml version="1.0" encoding="UTF-8"?>

<CodeSystem xmlns="http://hl7.org/fhir">
  <id value="OperatingRoom"/>
  <text>
    <status value="generated"/><div xmlns="http://www.w3.org/1999/xhtml"><p class="res-header-id"><b>Generated Narrative: CodeSystem OperatingRoom</b></p><a name="OperatingRoom"> </a><a name="hcOperatingRoom"> </a><a name="OperatingRoom-en-US"> </a><p>This  code system <code>https://kip.rkkp.dk/fhir/CodeSystem/OperatingRoom</code> defines the following codes:</p><table class="codes"><tr><td style="white-space:nowrap"><b>Code</b></td><td><b>Display</b></td><td><b>Definition</b></td></tr><tr><td style="white-space:nowrap">flow<a name="OperatingRoom-flow"> </a></td><td>Flow stue/green house</td><td>Flow stue/green house</td></tr><tr><td style="white-space:nowrap">conventional<a name="OperatingRoom-conventional"> </a></td><td>Konventionel stue</td><td>Konventionel stue</td></tr><tr><td style="white-space:nowrap">turbulent_air<a name="OperatingRoom-turbulent_air"> </a></td><td>Turbulent Air Flow</td><td>Turbulent Air stue</td></tr></table></div>
  </text>
  <url value="https://kip.rkkp.dk/fhir/CodeSystem/OperatingRoom"/>
  <version value="2.9.1"/>
  <name value="OperatingRoom"/>
  <title value="Operating room, attributes"/>
  <status value="active"/>
  <date value="2022-07-06T00:00:00+02:00"/>
  <publisher value="Sundhedsvæsnets Kvalistetsinstitut with Trifork Digital Health A/S"/>
  <contact>
    <name value="Sundhedsvæsnets Kvalistetsinstitut with Trifork Digital Health A/S"/>
    <telecom>
      <system value="url"/>
      <value value="https://trifork.com"/>
    </telecom>
    <telecom>
      <system value="email"/>
      <value value="rbk@trifork.com"/>
    </telecom>
  </contact>
  <description value="Operating room, attributes"/>
  <content value="complete"/>
  <count value="3"/>
  <concept>
    <code value="flow"/>
    <display value="Flow stue/green house"/>
    <definition value="Flow stue/green house"/>
  </concept>
  <concept>
    <code value="conventional"/>
    <display value="Konventionel stue"/>
    <definition value="Konventionel stue"/>
  </concept>
  <concept>
    <code value="turbulent_air"/>
    <display value="Turbulent Air Flow"/>
    <definition value="Turbulent Air stue"/>
  </concept>
</CodeSystem>