<?xml version="1.0" encoding="UTF-8"?>

<CodeSystem xmlns="http://hl7.org/fhir">
  <id value="Registry"/>
  <text>
    <status value="generated"/><div xmlns="http://www.w3.org/1999/xhtml"><p class="res-header-id"><b>Generated Narrative: CodeSystem Registry</b></p><a name="Registry"> </a><a name="hcRegistry"> </a><a name="Registry-en-US"> </a><p>This case-insensitive code system <code>https://kip.rkkp.dk/fhir/CodeSystem/Registry</code> defines the following codes:</p><table class="codes"><tr><td style="white-space:nowrap"><b>Code</b></td><td><b>Display</b></td><td><b>Definition</b></td></tr><tr><td style="white-space:nowrap">ej_reg_pligtig<a name="Registry-ej_reg_pligtig"> </a></td><td>Ej registreringspligtig hæmatologisk sygdom</td><td>Ej registreringspligtig hæmatologisk sygdom</td></tr><tr><td style="white-space:nowrap">eksisterende<a name="Registry-eksisterende"> </a></td><td>Eksisterende registreringer dækker over de(n) hæmatologiske sygdomme pt har</td><td>Eksisterende registreringer dækker over de(n) hæmatologiske sygdomme pt har</td></tr><tr><td style="white-space:nowrap">udland<a name="Registry-udland"> </a></td><td>Bosiddende i udlandet på diagnosetidspunktet</td><td>Bosiddende i udlandet på diagnosetidspunktet</td></tr><tr><td style="white-space:nowrap">flyttet<a name="Registry-flyttet"> </a></td><td>Patientforløb flyttet til anden hæmatologisk afdeling</td><td>Patientforløb flyttet til anden hæmatologisk afdeling</td></tr><tr><td style="white-space:nowrap">barn<a name="Registry-barn"> </a></td><td>Behandlet på børneafdeling el anden IKKE hæmatologisk afd</td><td>Behandlet på børneafdeling el anden IKKE hæmatologisk afd</td></tr><tr><td style="white-space:nowrap">ej_relaps<a name="Registry-ej_relaps"> </a></td><td>Pt har ikke relaps/progression</td><td>Pt har ikke relaps/progression</td></tr><tr><td style="white-space:nowrap">afsluttet<a name="Registry-afsluttet"> </a></td><td>Afsluttet: Patientens forløb er afsluttet fra afdeling og følges IKKE på anden hæmatologisk afdeling</td><td>Afsluttet: Patientens forløb er afsluttet fra afdeling og følges IKKE på anden hæmatologisk afdeling</td></tr></table></div>
  </text>
  <url value="https://kip.rkkp.dk/fhir/CodeSystem/Registry"/>
  <version value="0.2.1"/>
  <name value="Registry"/>
  <title value="Registry - Unspecified codes"/>
  <status value="active"/>
  <date value="2022-08-22T00:00:00+02:00"/>
  <publisher value="Sundhedsvæsnets Kvalistetsinstitut with Trifork Digital Health A/S"/>
  <contact>
    <name value="Sundhedsvæsnets Kvalistetsinstitut with Trifork Digital Health A/S"/>
    <telecom>
      <system value="url"/>
      <value value="https://trifork.com"/>
    </telecom>
    <telecom>
      <system value="email"/>
      <value value="rbk@trifork.com"/>
    </telecom>
  </contact>
  <description value="Registry - Unspecified codes"/>
  <caseSensitive value="false"/>
  <content value="complete"/>
  <count value="7"/>
  <concept>
    <code value="ej_reg_pligtig"/>
    <display value="Ej registreringspligtig hæmatologisk sygdom"/>
    <definition value="Ej registreringspligtig hæmatologisk sygdom"/>
  </concept>
  <concept>
    <code value="eksisterende"/>
    <display value="Eksisterende registreringer dækker over de(n) hæmatologiske sygdomme pt har"/>
    <definition value="Eksisterende registreringer dækker over de(n) hæmatologiske sygdomme pt har"/>
  </concept>
  <concept>
    <code value="udland"/>
    <display value="Bosiddende i udlandet på diagnosetidspunktet"/>
    <definition value="Bosiddende i udlandet på diagnosetidspunktet"/>
  </concept>
  <concept>
    <code value="flyttet"/>
    <display value="Patientforløb flyttet til anden hæmatologisk afdeling"/>
    <definition value="Patientforløb flyttet til anden hæmatologisk afdeling"/>
  </concept>
  <concept>
    <code value="barn"/>
    <display value="Behandlet på børneafdeling el anden IKKE hæmatologisk afd"/>
    <definition value="Behandlet på børneafdeling el anden IKKE hæmatologisk afd"/>
  </concept>
  <concept>
    <code value="ej_relaps"/>
    <display value="Pt har ikke relaps/progression"/>
    <definition value="Pt har ikke relaps/progression"/>
  </concept>
  <concept>
    <code value="afsluttet"/>
    <display value="Afsluttet: Patientens forløb er afsluttet fra afdeling og følges IKKE på anden hæmatologisk afdeling"/>
    <definition value="Afsluttet: Patientens forløb er afsluttet fra afdeling og følges IKKE på anden hæmatologisk afdeling"/>
  </concept>
</CodeSystem>