<?xml version="1.0" encoding="UTF-8"?>

<CodeSystem xmlns="http://hl7.org/fhir">
  <id value="HjerterytmeAnalyse"/>
  <text>
    <status value="generated"/><div xmlns="http://www.w3.org/1999/xhtml"><p class="res-header-id"><b>Generated Narrative: CodeSystem HjerterytmeAnalyse</b></p><a name="HjerterytmeAnalyse"> </a><a name="hcHjerterytmeAnalyse"> </a><a name="HjerterytmeAnalyse-en-US"> </a><p>This  code system <code>https://kip.sundk.dk/fhir/CodeSystem/HjerterytmeAnalyse</code> defines the following codes:</p><table class="codes"><tr><td style="white-space:nowrap"><b>Code</b></td><td><b>Display</b></td><td><b>Definition</b></td></tr><tr><td style="white-space:nowrap">non_stoed<a name="HjerterytmeAnalyse-non_stoed"> </a></td><td>Ikke-stødbar rytme</td><td>Ikke-stødbar rytme</td></tr><tr><td style="white-space:nowrap">stoed<a name="HjerterytmeAnalyse-stoed"> </a></td><td>Stødbar rytme</td><td>Stødbar rytme</td></tr><tr><td style="white-space:nowrap">ingen_rytmeana<a name="HjerterytmeAnalyse-ingen_rytmeana"> </a></td><td>Ingen rytmeanalyse</td><td>Ingen rytmeanalyse</td></tr></table></div>
  </text>
  <url value="https://kip.sundk.dk/fhir/CodeSystem/HjerterytmeAnalyse"/>
  <version value="0.0.9"/>
  <name value="HjerterytmeAnalyse"/>
  <title value="HjerterytmeAnalyse"/>
  <status value="active"/>
  <date value="2022-06-29T00:00:00+02:00"/>
  <publisher value="Sundhedsvæsnets Kvalistetsinstitut with Trifork Public A/S"/>
  <contact>
    <name value="Sundhedsvæsnets Kvalistetsinstitut with Trifork Public A/S"/>
    <telecom>
      <system value="url"/>
      <value value="https://trifork.com"/>
    </telecom>
    <telecom>
      <system value="email"/>
      <value value="rbk@trifork.com"/>
    </telecom>
  </contact>
  <description value="Analyse af hjerterytme"/>
  <content value="complete"/>
  <count value="3"/>
  <concept>
    <code value="non_stoed"/>
    <display value="Ikke-stødbar rytme"/>
    <definition value="Ikke-stødbar rytme"/>
  </concept>
  <concept>
    <code value="stoed"/>
    <display value="Stødbar rytme"/>
    <definition value="Stødbar rytme"/>
  </concept>
  <concept>
    <code value="ingen_rytmeana"/>
    <display value="Ingen rytmeanalyse"/>
    <definition value="Ingen rytmeanalyse"/>
  </concept>
</CodeSystem>