<?xml version="1.0" encoding="UTF-8"?>

<CodeSystem xmlns="http://hl7.org/fhir">
  <id value="GraftCruciateLigaments"/>
  <text>
    <status value="generated"/><div xmlns="http://www.w3.org/1999/xhtml"><p class="res-header-id"><b>Generated Narrative: CodeSystem GraftCruciateLigaments</b></p><a name="GraftCruciateLigaments"> </a><a name="hcGraftCruciateLigaments"> </a><a name="GraftCruciateLigaments-en-US"> </a><p>This case-insensitive code system <code>https://kip.rkkp.dk/fhir/CodeSystem/GraftCruciateLigaments</code> defines the following codes:</p><table class="codes"><tr><td style="white-space:nowrap"><b>Code</b></td><td><b>Display</b></td><td><b>Definition</b></td></tr><tr><td style="white-space:nowrap">acl_repair_synthetic_reinforced<a name="GraftCruciateLigaments-acl_repair_synthetic_reinforced"> </a></td><td>ACL repair med syntetisk forstærkning</td><td>ACL repair med syntetisk forstærkning</td></tr><tr><td style="white-space:nowrap">bach-allo<a name="GraftCruciateLigaments-bach-allo"> </a></td><td>BACH-Allo</td><td>BACH-Allo</td></tr><tr><td style="white-space:nowrap">bptb<a name="GraftCruciateLigaments-bptb"> </a></td><td>BPTB</td><td>BPTB</td></tr><tr><td style="white-space:nowrap">bptb-allo<a name="GraftCruciateLigaments-bptb-allo"> </a></td><td>BPTB-Allo</td><td>BPTB-Allo</td></tr><tr><td style="white-space:nowrap">bqt<a name="GraftCruciateLigaments-bqt"> </a></td><td>BQT</td><td>BQT</td></tr><tr><td style="white-space:nowrap">bqt-allo<a name="GraftCruciateLigaments-bqt-allo"> </a></td><td>BQT-Allo</td><td>BQT-Allo</td></tr><tr><td style="white-space:nowrap">direct_suture<a name="GraftCruciateLigaments-direct_suture"> </a></td><td>Direkte sutur</td><td>Direkte sutur</td></tr><tr><td style="white-space:nowrap">double-bundle_bqt<a name="GraftCruciateLigaments-double-bundle_bqt"> </a></td><td>Double-bundle BQT</td><td>Double-bundle BQT</td></tr><tr><td style="white-space:nowrap">double-bundle_st<a name="GraftCruciateLigaments-double-bundle_st"> </a></td><td>Double-bundle ST</td><td>Double-bundle ST</td></tr><tr><td style="white-space:nowrap">qt_without_bone_block<a name="GraftCruciateLigaments-qt_without_bone_block"> </a></td><td>QT uden knogleklods</td><td>QT uden knogleklods</td></tr><tr><td style="white-space:nowrap">st_double<a name="GraftCruciateLigaments-st_double"> </a></td><td>ST - Double</td><td>ST - Double</td></tr><tr><td style="white-space:nowrap">st_quadro<a name="GraftCruciateLigaments-st_quadro"> </a></td><td>ST - Quadro</td><td>ST - Quadro</td></tr><tr><td style="white-space:nowrap">st_triple<a name="GraftCruciateLigaments-st_triple"> </a></td><td>ST - Triple</td><td>ST - Triple</td></tr><tr><td style="white-space:nowrap">st/gr<a name="GraftCruciateLigaments-st.47gr"> </a></td><td>ST/GR</td><td>ST/GR</td></tr><tr><td style="white-space:nowrap">st/gr_allo<a name="GraftCruciateLigaments-st.47gr_allo"> </a></td><td>ST/GR allo</td><td>ST/GR allo</td></tr><tr><td style="white-space:nowrap">synthetic<a name="GraftCruciateLigaments-synthetic"> </a></td><td>Syntetisk graft</td><td>Syntetisk graft</td></tr></table></div>
  </text>
  <url value="https://kip.rkkp.dk/fhir/CodeSystem/GraftCruciateLigaments"/>
  <version value="2.9.3"/>
  <name value="GraftCruciateLigaments"/>
  <title value="Grafts for cruciate ligaments; types of grafts"/>
  <status value="active"/>
  <date value="2022-09-19T00:00:00+02:00"/>
  <publisher value="Sundhedsvæsenets Kvalitetsinstitut with Trifork Digital Health A/S"/>
  <contact>
    <name value="Sundhedsvæsenets Kvalitetsinstitut with Trifork Digital Health A/S"/>
    <telecom>
      <system value="url"/>
      <value value="https://trifork.com"/>
    </telecom>
    <telecom>
      <system value="email"/>
      <value value="rbk@trifork.com"/>
    </telecom>
  </contact>
  <description value="Grafts for cruciate ligaments, types of grafts"/>
  <caseSensitive value="false"/>
  <content value="complete"/>
  <count value="16"/>
  <concept>
    <code value="acl_repair_synthetic_reinforced"/>
    <display value="ACL repair med syntetisk forstærkning"/>
    <definition value="ACL repair med syntetisk forstærkning"/>
  </concept>
  <concept>
    <code value="bach-allo"/>
    <display value="BACH-Allo"/>
    <definition value="BACH-Allo"/>
  </concept>
  <concept>
    <code value="bptb"/>
    <display value="BPTB"/>
    <definition value="BPTB"/>
  </concept>
  <concept>
    <code value="bptb-allo"/>
    <display value="BPTB-Allo"/>
    <definition value="BPTB-Allo"/>
  </concept>
  <concept>
    <code value="bqt"/>
    <display value="BQT"/>
    <definition value="BQT"/>
  </concept>
  <concept>
    <code value="bqt-allo"/>
    <display value="BQT-Allo"/>
    <definition value="BQT-Allo"/>
  </concept>
  <concept>
    <code value="direct_suture"/>
    <display value="Direkte sutur"/>
    <definition value="Direkte sutur"/>
  </concept>
  <concept>
    <code value="double-bundle_bqt"/>
    <display value="Double-bundle BQT"/>
    <definition value="Double-bundle BQT"/>
  </concept>
  <concept>
    <code value="double-bundle_st"/>
    <display value="Double-bundle ST"/>
    <definition value="Double-bundle ST"/>
  </concept>
  <concept>
    <code value="qt_without_bone_block"/>
    <display value="QT uden knogleklods"/>
    <definition value="QT uden knogleklods"/>
  </concept>
  <concept>
    <code value="st_double"/>
    <display value="ST - Double"/>
    <definition value="ST - Double"/>
  </concept>
  <concept>
    <code value="st_quadro"/>
    <display value="ST - Quadro"/>
    <definition value="ST - Quadro"/>
  </concept>
  <concept>
    <code value="st_triple"/>
    <display value="ST - Triple"/>
    <definition value="ST - Triple"/>
  </concept>
  <concept>
    <code value="st/gr"/>
    <display value="ST/GR"/>
    <definition value="ST/GR"/>
  </concept>
  <concept>
    <code value="st/gr_allo"/>
    <display value="ST/GR allo"/>
    <definition value="ST/GR allo"/>
  </concept>
  <concept>
    <code value="synthetic"/>
    <display value="Syntetisk graft"/>
    <definition value="Syntetisk graft"/>
  </concept>
</CodeSystem>