<?xml version="1.0" encoding="UTF-8"?>

<CodeSystem xmlns="http://hl7.org/fhir">
  <id value="SSSLegLift"/>
  <text>
    <status value="generated"/><div xmlns="http://www.w3.org/1999/xhtml"><p class="res-header-id"><b>Generated Narrative: CodeSystem SSSLegLift</b></p><a name="SSSLegLift"> </a><a name="hcSSSLegLift"> </a><a name="SSSLegLift-en-US"> </a><p>This  code system <code>https://kip.rkkp.dk/fhir/CodeSystem/SSSLegLift</code> defines the following codes:</p><table class="codes"><tr><td style="white-space:nowrap"><b>Code</b></td><td><b>Definition</b></td></tr><tr><td style="white-space:nowrap">6<a name="SSSLegLift-6"> </a></td><td>Løfter ben med normal kraft</td></tr><tr><td style="white-space:nowrap">5<a name="SSSLegLift-5"> </a></td><td>Løfter strakt ben med nedsat kraft</td></tr><tr><td style="white-space:nowrap">4<a name="SSSLegLift-4"> </a></td><td>Løfter arm med fleksion af knæ</td></tr><tr><td style="white-space:nowrap">2<a name="SSSLegLift-2"> </a></td><td>Bevæger benet men ikke mod tyngden</td></tr><tr><td style="white-space:nowrap">0<a name="SSSLegLift-0"> </a></td><td>Paralyse: Ingen bevægelse mulig.</td></tr></table></div>
  </text>
  <url value="https://kip.rkkp.dk/fhir/CodeSystem/SSSLegLift"/>
  <version value="0.1.8"/>
  <name value="SSSLegLift"/>
  <title value="Scandinavian Stroke Scale (SSS) - Leg lift"/>
  <status value="active"/>
  <date value="2022-06-23T00:00:00+02:00"/>
  <publisher value="Sundhedsvæsnets Kvalistetsinstitut with Trifork Digital Health A/S"/>
  <contact>
    <name value="Sundhedsvæsnets Kvalistetsinstitut with Trifork Digital Health A/S"/>
    <telecom>
      <system value="url"/>
      <value value="https://trifork.com"/>
    </telecom>
    <telecom>
      <system value="email"/>
      <value value="rbk@trifork.com"/>
    </telecom>
  </contact>
  <description value="Scandinavian Stroke Scale (SSS) - Leg lift: Vurderes på begge ben, men der noteres kun i forhold til siden for en eventuel lammelse"/>
  <content value="complete"/>
  <count value="5"/>
  <concept>
    <code value="6"/>
    <display value="6"/>
    <definition value="Løfter ben med normal kraft"/>
  </concept>
  <concept>
    <code value="5"/>
    <display value="5"/>
    <definition value="Løfter strakt ben med nedsat kraft"/>
  </concept>
  <concept>
    <code value="4"/>
    <display value="4"/>
    <definition value="Løfter arm med fleksion af knæ"/>
  </concept>
  <concept>
    <code value="2"/>
    <display value="2"/>
    <definition value="Bevæger benet men ikke mod tyngden"/>
  </concept>
  <concept>
    <code value="0"/>
    <display value="0"/>
    <definition value="Paralyse: Ingen bevægelse mulig."/>
  </concept>
</CodeSystem>