<?xml version="1.0" encoding="UTF-8"?>

<CodeSystem xmlns="http://hl7.org/fhir">
  <id value="EsophagealLokalization"/>
  <text>
    <status value="generated"/><div xmlns="http://www.w3.org/1999/xhtml"><p class="res-header-id"><b>Generated Narrative: CodeSystem EsophagealLokalization</b></p><a name="EsophagealLokalization"> </a><a name="hcEsophagealLokalization"> </a><a name="EsophagealLokalization-en-US"> </a><p>This  code system <code>https://kip.rkkp.dk/fhir/CodeSystem/EsophagealLokalization</code> defines the following codes:</p><table class="codes"><tr><td style="white-space:nowrap"><b>Code</b></td><td><b>Display</b></td><td><b>Definition</b></td></tr><tr><td style="white-space:nowrap">upper<a name="EsophagealLokalization-upper"> </a></td><td>Øverste tredjedel</td><td>Øverste tredjedel</td></tr><tr><td style="white-space:nowrap">middle<a name="EsophagealLokalization-middle"> </a></td><td>Midterste tredjedel</td><td>Midterste tredjedel</td></tr><tr><td style="white-space:nowrap">lower<a name="EsophagealLokalization-lower"> </a></td><td>Nederste tredjedel</td><td>Nederste tredjedel</td></tr></table></div>
  </text>
  <url value="https://kip.rkkp.dk/fhir/CodeSystem/EsophagealLokalization"/>
  <version value="2.9.3"/>
  <name value="EsophagealLokalization"/>
  <title value="Lokalization esophagus cancer"/>
  <status value="active"/>
  <date value="2022-06-07T00:00:00+02:00"/>
  <publisher value="Sundhedsvæsenets Kvalitetsinstitut with Trifork Digital Health A/S"/>
  <contact>
    <name value="Sundhedsvæsenets Kvalitetsinstitut with Trifork Digital Health A/S"/>
    <telecom>
      <system value="url"/>
      <value value="https://trifork.com"/>
    </telecom>
    <telecom>
      <system value="email"/>
      <value value="rbk@trifork.com"/>
    </telecom>
  </contact>
  <description value="Lokalization esophagus cancer"/>
  <content value="complete"/>
  <count value="3"/>
  <concept>
    <code value="upper"/>
    <display value="Øverste tredjedel"/>
    <definition value="Øverste tredjedel"/>
  </concept>
  <concept>
    <code value="middle"/>
    <display value="Midterste tredjedel"/>
    <definition value="Midterste tredjedel"/>
  </concept>
  <concept>
    <code value="lower"/>
    <display value="Nederste tredjedel"/>
    <definition value="Nederste tredjedel"/>
  </concept>
</CodeSystem>