<?xml version="1.0" encoding="UTF-8"?>

<CodeSystem xmlns="http://hl7.org/fhir">
  <id value="Genoplivning"/>
  <text>
    <status value="generated"/><div xmlns="http://www.w3.org/1999/xhtml"><p class="res-header-id"><b>Generated Narrative: CodeSystem Genoplivning</b></p><a name="Genoplivning"> </a><a name="hcGenoplivning"> </a><a name="Genoplivning-en-US"> </a><p>This  code system <code>https://kip.rkkp.dk/fhir/CodeSystem/Genoplivning</code> defines the following codes:</p><table class="codes"><tr><td style="white-space:nowrap"><b>Code</b></td><td><b>Display</b></td><td><b>Definition</b></td></tr><tr><td style="white-space:nowrap">hjertemass<a name="Genoplivning-hjertemass"> </a></td><td>Hjertemassage</td><td>Hjertemassage alene</td></tr><tr><td style="white-space:nowrap">ventilation<a name="Genoplivning-ventilation"> </a></td><td>Ventilation</td><td>Ventilation alene</td></tr><tr><td style="white-space:nowrap">hjmass_vent<a name="Genoplivning-hjmass_vent"> </a></td><td>Hjertemassage og ventilation</td><td>Hjertemassage og ventilation</td></tr><tr><td style="white-space:nowrap">ingen<a name="Genoplivning-ingen"> </a></td><td>Ingen</td><td>Ingen</td></tr></table></div>
  </text>
  <url value="https://kip.rkkp.dk/fhir/CodeSystem/Genoplivning"/>
  <version value="0.1.8"/>
  <name value="Genoplivning"/>
  <title value="Genoplivning"/>
  <status value="active"/>
  <date value="2022-06-29T00:00:00+02:00"/>
  <publisher value="Sundhedsvæsnets Kvalistetsinstitut with Trifork Digital Health A/S"/>
  <contact>
    <name value="Sundhedsvæsnets Kvalistetsinstitut with Trifork Digital Health A/S"/>
    <telecom>
      <system value="url"/>
      <value value="https://trifork.com"/>
    </telecom>
    <telecom>
      <system value="email"/>
      <value value="rbk@trifork.com"/>
    </telecom>
  </contact>
  <description value="Aktivitet ifm genoplivning"/>
  <content value="complete"/>
  <count value="4"/>
  <concept>
    <code value="hjertemass"/>
    <display value="Hjertemassage"/>
    <definition value="Hjertemassage alene"/>
  </concept>
  <concept>
    <code value="ventilation"/>
    <display value="Ventilation"/>
    <definition value="Ventilation alene"/>
  </concept>
  <concept>
    <code value="hjmass_vent"/>
    <display value="Hjertemassage og ventilation"/>
    <definition value="Hjertemassage og ventilation"/>
  </concept>
  <concept>
    <code value="ingen"/>
    <display value="Ingen"/>
    <definition value="Ingen"/>
  </concept>
</CodeSystem>