<?xml version="1.0" encoding="UTF-8"?>

<CodeSystem xmlns="http://hl7.org/fhir">
  <id value="NIHSS7LimbAtaxia"/>
  <text>
    <status value="generated"/><div xmlns="http://www.w3.org/1999/xhtml"><p class="res-header-id"><b>Generated Narrative: CodeSystem NIHSS7LimbAtaxia</b></p><a name="NIHSS7LimbAtaxia"> </a><a name="hcNIHSS7LimbAtaxia"> </a><a name="NIHSS7LimbAtaxia-en-US"> </a><p>This  code system <code>https://kip.sundk.dk/fhir/CodeSystem/NIHSS7LimbAtaxia</code> defines the following codes:</p><table class="codes"><tr><td style="white-space:nowrap"><b>Code</b></td><td><b>Definition</b></td></tr><tr><td style="white-space:nowrap">0<a name="NIHSS7LimbAtaxia-0"> </a></td><td>Absent.</td></tr><tr><td style="white-space:nowrap">1<a name="NIHSS7LimbAtaxia-1"> </a></td><td>Present in one limb.</td></tr><tr><td style="white-space:nowrap">2<a name="NIHSS7LimbAtaxia-2"> </a></td><td>Present in two limbs.</td></tr><tr><td style="white-space:nowrap">UN<a name="NIHSS7LimbAtaxia-UN"> </a></td><td>Amputation or joint fusion, explain:</td></tr></table></div>
  </text>
  <url value="https://kip.sundk.dk/fhir/CodeSystem/NIHSS7LimbAtaxia"/>
  <version value="0.0.9"/>
  <name value="NIHSS7LimbAtaxia"/>
  <title value="The National Institute of Health Stroke Scale (NIHSS) - 7. Limb Ataxia"/>
  <status value="active"/>
  <date value="2022-06-23T00:00:00+02:00"/>
  <publisher value="Sundhedsvæsnets Kvalistetsinstitut with Trifork Public A/S"/>
  <contact>
    <name value="Sundhedsvæsnets Kvalistetsinstitut with Trifork Public A/S"/>
    <telecom>
      <system value="url"/>
      <value value="https://trifork.com"/>
    </telecom>
    <telecom>
      <system value="email"/>
      <value value="rbk@trifork.com"/>
    </telecom>
  </contact>
  <description value="The National Institute of Health Stroke Scale (NIHSS) - 7. Limb Ataxia; Link: https://www.ninds.nih.gov/stroke-scales-and-related-information"/>
  <content value="complete"/>
  <count value="4"/>
  <concept>
    <code value="0"/>
    <display value="0"/>
    <definition value="Absent."/>
  </concept>
  <concept>
    <code value="1"/>
    <display value="1"/>
    <definition value="Present in one limb."/>
  </concept>
  <concept>
    <code value="2"/>
    <display value="2"/>
    <definition value="Present in two limbs."/>
  </concept>
  <concept>
    <code value="UN"/>
    <display value="UN"/>
    <definition value="Amputation or joint fusion, explain:"/>
  </concept>
</CodeSystem>