<?xml version="1.0" encoding="UTF-8"?>

<CodeSystem xmlns="http://hl7.org/fhir">
  <id value="SSSSpeech"/>
  <text>
    <status value="generated"/><div xmlns="http://www.w3.org/1999/xhtml"><p class="res-header-id"><b>Generated Narrative: CodeSystem SSSSpeech</b></p><a name="SSSSpeech"> </a><a name="hcSSSSpeech"> </a><a name="SSSSpeech-en-US"> </a><p>This  code system <code>https://kip.rkkp.dk/fhir/CodeSystem/SSSSpeech</code> defines the following codes:</p><table class="codes"><tr><td style="white-space:nowrap"><b>Code</b></td><td><b>Definition</b></td></tr><tr><td style="white-space:nowrap">10<a name="SSSSpeech-10"> </a></td><td>Ingen afasi.</td></tr><tr><td style="white-space:nowrap">6<a name="SSSSpeech-6"> </a></td><td>Begrænset ordforråd, usammenhængende tale.</td></tr><tr><td style="white-space:nowrap">3<a name="SSSSpeech-3"> </a></td><td>Mere end ja og nej, men højst korte sætninger.</td></tr><tr><td style="white-space:nowrap">0<a name="SSSSpeech-0"> </a></td><td>Kun ja og nej eller dårligere.</td></tr></table></div>
  </text>
  <url value="https://kip.rkkp.dk/fhir/CodeSystem/SSSSpeech"/>
  <version value="0.2.1"/>
  <name value="SSSSpeech"/>
  <title value="Scandinavian Stroke Scale (SSS) - Speech"/>
  <status value="active"/>
  <date value="2022-06-23T00:00:00+02:00"/>
  <publisher value="Sundhedsvæsnets Kvalistetsinstitut with Trifork Digital Health A/S"/>
  <contact>
    <name value="Sundhedsvæsnets Kvalistetsinstitut with Trifork Digital Health A/S"/>
    <telecom>
      <system value="url"/>
      <value value="https://trifork.com"/>
    </telecom>
    <telecom>
      <system value="email"/>
      <value value="rbk@trifork.com"/>
    </telecom>
  </contact>
  <description value="Scandinavian Stroke Scale (SSS) - Speech: Talebesvær på grund af dysartri scorer 10. Kun hvis man er sikker på, at der er sproglige forstyrrelser scores 6, 3 eller 0."/>
  <content value="complete"/>
  <count value="4"/>
  <concept>
    <code value="10"/>
    <display value="10"/>
    <definition value="Ingen afasi."/>
  </concept>
  <concept>
    <code value="6"/>
    <display value="6"/>
    <definition value="Begrænset ordforråd, usammenhængende tale."/>
  </concept>
  <concept>
    <code value="3"/>
    <display value="3"/>
    <definition value="Mere end ja og nej, men højst korte sætninger."/>
  </concept>
  <concept>
    <code value="0"/>
    <display value="0"/>
    <definition value="Kun ja og nej eller dårligere."/>
  </concept>
</CodeSystem>