<?xml version="1.0" encoding="UTF-8"?>

<CodeSystem xmlns="http://hl7.org/fhir">
  <id value="Dialyseadgang"/>
  <text>
    <status value="generated"/><div xmlns="http://www.w3.org/1999/xhtml"><p class="res-header-id"><b>Generated Narrative: CodeSystem Dialyseadgang</b></p><a name="Dialyseadgang"> </a><a name="hcDialyseadgang"> </a><a name="Dialyseadgang-en-US"> </a><p>This case-insensitive code system <code>https://kip.rkkp.dk/fhir/CodeSystem/Dialyseadgang</code> defines the following codes:</p><table class="codes"><tr><td style="white-space:nowrap"><b>Code</b></td><td><b>Display</b></td></tr><tr><td style="white-space:nowrap">av_fistel<a name="Dialyseadgang-av_fistel"> </a></td><td>AV fistel</td></tr><tr><td style="white-space:nowrap">hd_permanent<a name="Dialyseadgang-hd_permanent"> </a></td><td>Permanent HD kateter som patientens blivende adgang</td></tr><tr><td style="white-space:nowrap">hd_permanent_av<a name="Dialyseadgang-hd_permanent_av"> </a></td><td>Permanent HD kateter, hvor der planlægges senere AV fistel</td></tr><tr><td style="white-space:nowrap">hd_temp<a name="Dialyseadgang-hd_temp"> </a></td><td>Midlertidig HD kateter</td></tr></table></div>
  </text>
  <url value="https://kip.rkkp.dk/fhir/CodeSystem/Dialyseadgang"/>
  <version value="0.2.1"/>
  <name value="Dialyseadgang"/>
  <title value="Dialyseadgang"/>
  <status value="active"/>
  <date value="2024-01-10T00:00:00+02:00"/>
  <publisher value="Sundhedsvæsnets Kvalistetsinstitut with Trifork Digital Health A/S"/>
  <contact>
    <name value="Sundhedsvæsnets Kvalistetsinstitut with Trifork Digital Health A/S"/>
    <telecom>
      <system value="url"/>
      <value value="https://trifork.com"/>
    </telecom>
    <telecom>
      <system value="email"/>
      <value value="rbk@trifork.com"/>
    </telecom>
  </contact>
  <description value="Dialyseadgang"/>
  <caseSensitive value="false"/>
  <content value="complete"/>
  <count value="4"/>
  <concept>
    <code value="av_fistel"/>
    <display value="AV fistel"/>
  </concept>
  <concept>
    <code value="hd_permanent"/>
    <display value="Permanent HD kateter som patientens blivende adgang"/>
  </concept>
  <concept>
    <code value="hd_permanent_av"/>
    <display value="Permanent HD kateter, hvor der planlægges senere AV fistel"/>
  </concept>
  <concept>
    <code value="hd_temp"/>
    <display value="Midlertidig HD kateter"/>
  </concept>
</CodeSystem>