<?xml version="1.0" encoding="UTF-8"?>

<CodeSystem xmlns="http://hl7.org/fhir">
  <id value="RadiologicalBoneChanges"/>
  <text>
    <status value="generated"/><div xmlns="http://www.w3.org/1999/xhtml"><p class="res-header-id"><b>Generated Narrative: CodeSystem RadiologicalBoneChanges</b></p><a name="RadiologicalBoneChanges"> </a><a name="hcRadiologicalBoneChanges"> </a><a name="RadiologicalBoneChanges-en-US"> </a><p>This case-insensitive code system <code>https://kip.sundk.dk/fhir/CodeSystem/RadiologicalBoneChanges</code> defines the following codes:</p><table class="codes"><tr><td style="white-space:nowrap"><b>Code</b></td><td><b>Display</b></td><td><b>Definition</b></td></tr><tr><td style="white-space:nowrap">none<a name="RadiologicalBoneChanges-none"> </a></td><td>Ingen knogleforandringer</td><td>Ingen knogleforandringer</td></tr><tr><td style="white-space:nowrap">diffuse_halisteresis<a name="RadiologicalBoneChanges-diffuse_halisteresis"> </a></td><td>Diffus halisterese (som eneste forandring)</td><td>Diffus halisterese (som eneste forandring)</td></tr><tr><td style="white-space:nowrap">few<a name="RadiologicalBoneChanges-few"> </a></td><td>Enkelte knogleforandr. i én/enkelte region(er)</td><td>Enkelte knogleforandr. i én/enkelte region(er)</td></tr><tr><td style="white-space:nowrap">multiple<a name="RadiologicalBoneChanges-multiple"> </a></td><td>Multiple knogleforandr. i én/flere regioner</td><td>Multiple knogleforandr. i én/flere regioner</td></tr></table></div>
  </text>
  <url value="https://kip.sundk.dk/fhir/CodeSystem/RadiologicalBoneChanges"/>
  <version value="0.0.9"/>
  <name value="RadiologicalBoneChanges"/>
  <title value="Radiological bone changes - Indication of changes in bones"/>
  <status value="active"/>
  <date value="2022-06-07T00:00:00+02:00"/>
  <publisher value="Sundhedsvæsnets Kvalistetsinstitut with Trifork Public A/S"/>
  <contact>
    <name value="Sundhedsvæsnets Kvalistetsinstitut with Trifork Public A/S"/>
    <telecom>
      <system value="url"/>
      <value value="https://trifork.com"/>
    </telecom>
    <telecom>
      <system value="email"/>
      <value value="rbk@trifork.com"/>
    </telecom>
  </contact>
  <description value="Radiological bone changes - Indication of changes in bones"/>
  <caseSensitive value="false"/>
  <content value="complete"/>
  <count value="4"/>
  <concept>
    <code value="none"/>
    <display value="Ingen knogleforandringer"/>
    <definition value="Ingen knogleforandringer"/>
  </concept>
  <concept>
    <code value="diffuse_halisteresis"/>
    <display value="Diffus halisterese (som eneste forandring)"/>
    <definition value="Diffus halisterese (som eneste forandring)"/>
  </concept>
  <concept>
    <code value="few"/>
    <display value="Enkelte knogleforandr. i én/enkelte region(er)"/>
    <definition value="Enkelte knogleforandr. i én/enkelte region(er)"/>
  </concept>
  <concept>
    <code value="multiple"/>
    <display value="Multiple knogleforandr. i én/flere regioner"/>
    <definition value="Multiple knogleforandr. i én/flere regioner"/>
  </concept>
</CodeSystem>