<?xml version="1.0" encoding="UTF-8"?>

<CodeSystem xmlns="http://hl7.org/fhir">
  <id value="BehandlingAfbrudt"/>
  <text>
    <status value="generated"/><div xmlns="http://www.w3.org/1999/xhtml"><p class="res-header-id"><b>Generated Narrative: CodeSystem BehandlingAfbrudt</b></p><a name="BehandlingAfbrudt"> </a><a name="hcBehandlingAfbrudt"> </a><a name="BehandlingAfbrudt-en-US"> </a><p>This case-insensitive code system <code>https://kip.rkkp.dk/fhir/CodeSystem/BehandlingAfbrudt</code> defines the following codes:</p><table class="codes"><tr><td style="white-space:nowrap"><b>Code</b></td><td><b>Display</b></td><td><b>Definition</b></td></tr><tr><td style="white-space:nowrap">transplant<a name="BehandlingAfbrudt-transplant"> </a></td><td>Transplantation</td><td>Transplantation</td></tr><tr><td style="white-space:nowrap">peritonitis<a name="BehandlingAfbrudt-peritonitis"> </a></td><td>Peritonitis</td><td>Peritonitis</td></tr><tr><td style="white-space:nowrap">ultrafilt_svigt<a name="BehandlingAfbrudt-ultrafilt_svigt"> </a></td><td>Ultrafiltrationssvigt</td><td>Ultrafiltrationssvigt</td></tr><tr><td style="white-space:nowrap">inadekvat_dialyse<a name="BehandlingAfbrudt-inadekvat_dialyse"> </a></td><td>Inadekvat dialyse</td><td>Inadekvat dialyse</td></tr><tr><td style="white-space:nowrap">hernia<a name="BehandlingAfbrudt-hernia"> </a></td><td>Hernia (inkl Diafragma)</td><td>Hernia (inkl Diafragma)</td></tr><tr><td style="white-space:nowrap">teknisk<a name="BehandlingAfbrudt-teknisk"> </a></td><td>Teknisk (fx kateterproblem)</td><td>Teknisk (fx kateterproblem)</td></tr><tr><td style="white-space:nowrap">anden_medicinsk<a name="BehandlingAfbrudt-anden_medicinsk"> </a></td><td>Andre medicinske årsager (fx apopleksi)</td><td>Andre medicinske årsager (fx apopleksi)</td></tr><tr><td style="white-space:nowrap">patient_valg<a name="BehandlingAfbrudt-patient_valg"> </a></td><td>Patient valg</td><td>Patient valg</td></tr><tr><td style="white-space:nowrap">socialt<a name="BehandlingAfbrudt-socialt"> </a></td><td>Socialt</td><td>Socialt</td></tr><tr><td style="white-space:nowrap">abdominal_op<a name="BehandlingAfbrudt-abdominal_op"> </a></td><td>Abdominal operation</td><td>Abdominal operation</td></tr></table></div>
  </text>
  <url value="https://kip.rkkp.dk/fhir/CodeSystem/BehandlingAfbrudt"/>
  <version value="0.1.6"/>
  <name value="BehandlingAfbrudt"/>
  <title value="Behandling afbrudt/ophørt"/>
  <status value="active"/>
  <date value="2024-01-10T00:00:00+02:00"/>
  <publisher value="Sundhedsvæsnets Kvalistetsinstitut with Trifork Digital Health A/S"/>
  <contact>
    <name value="Sundhedsvæsnets Kvalistetsinstitut with Trifork Digital Health A/S"/>
    <telecom>
      <system value="url"/>
      <value value="https://trifork.com"/>
    </telecom>
    <telecom>
      <system value="email"/>
      <value value="rbk@trifork.com"/>
    </telecom>
  </contact>
  <description value="Årsager til behandling eller forløb er afbrudt/ophørt"/>
  <caseSensitive value="false"/>
  <content value="complete"/>
  <count value="10"/>
  <concept>
    <code value="transplant"/>
    <display value="Transplantation"/>
    <definition value="Transplantation"/>
  </concept>
  <concept>
    <code value="peritonitis"/>
    <display value="Peritonitis"/>
    <definition value="Peritonitis"/>
  </concept>
  <concept>
    <code value="ultrafilt_svigt"/>
    <display value="Ultrafiltrationssvigt"/>
    <definition value="Ultrafiltrationssvigt"/>
  </concept>
  <concept>
    <code value="inadekvat_dialyse"/>
    <display value="Inadekvat dialyse"/>
    <definition value="Inadekvat dialyse"/>
  </concept>
  <concept>
    <code value="hernia"/>
    <display value="Hernia (inkl Diafragma)"/>
    <definition value="Hernia (inkl Diafragma)"/>
  </concept>
  <concept>
    <code value="teknisk"/>
    <display value="Teknisk (fx kateterproblem)"/>
    <definition value="Teknisk (fx kateterproblem)"/>
  </concept>
  <concept>
    <code value="anden_medicinsk"/>
    <display value="Andre medicinske årsager (fx apopleksi)"/>
    <definition value="Andre medicinske årsager (fx apopleksi)"/>
  </concept>
  <concept>
    <code value="patient_valg"/>
    <display value="Patient valg"/>
    <definition value="Patient valg"/>
  </concept>
  <concept>
    <code value="socialt"/>
    <display value="Socialt"/>
    <definition value="Socialt"/>
  </concept>
  <concept>
    <code value="abdominal_op"/>
    <display value="Abdominal operation"/>
    <definition value="Abdominal operation"/>
  </concept>
</CodeSystem>