<?xml version="1.0" encoding="UTF-8"?>

<CodeSystem xmlns="http://hl7.org/fhir">
  <id value="ICHAction"/>
  <text>
    <status value="generated"/><div xmlns="http://www.w3.org/1999/xhtml"><p class="res-header-id"><b>Generated Narrative: CodeSystem ICHAction</b></p><a name="ICHAction"> </a><a name="hcICHAction"> </a><a name="ICHAction-en-US"> </a><p>This  code system <code>https://kip.rkkp.dk/fhir/CodeSystem/ICHAction</code> defines the following codes:</p><table class="codes"><tr><td style="white-space:nowrap"><b>Code</b></td><td><b>Display</b></td><td><b>Definition</b></td></tr><tr><td style="white-space:nowrap">evacution<a name="ICHAction-evacution"> </a></td><td>Evacuation required</td><td>Evacuation required</td></tr><tr><td style="white-space:nowrap">noevacuation<a name="ICHAction-noevacuation"> </a></td><td>Evacutation is not required</td><td>Evacuation is not required</td></tr></table></div>
  </text>
  <url value="https://kip.rkkp.dk/fhir/CodeSystem/ICHAction"/>
  <version value="2.9.0"/>
  <name value="ICHAction"/>
  <title value="Action upon discovery of ICH"/>
  <status value="active"/>
  <date value="2022-06-28T00:00:00+02:00"/>
  <publisher value="Sundhedsvæsnets Kvalistetsinstitut with Trifork Digital Health A/S"/>
  <contact>
    <name value="Sundhedsvæsnets Kvalistetsinstitut with Trifork Digital Health A/S"/>
    <telecom>
      <system value="url"/>
      <value value="https://trifork.com"/>
    </telecom>
    <telecom>
      <system value="email"/>
      <value value="rbk@trifork.com"/>
    </telecom>
  </contact>
  <description value="Action upon discovery of ICH (Intracerebral haematoma)"/>
  <content value="complete"/>
  <count value="2"/>
  <concept>
    <code value="evacution"/>
    <display value="Evacuation required"/>
    <definition value="Evacuation required"/>
  </concept>
  <concept>
    <code value="noevacuation"/>
    <display value="Evacutation is not required"/>
    <definition value="Evacuation is not required"/>
  </concept>
</CodeSystem>