<?xml version="1.0" encoding="UTF-8"?>

<CodeSystem xmlns="http://hl7.org/fhir">
  <id value="CementType"/>
  <text>
    <status value="generated"/><div xmlns="http://www.w3.org/1999/xhtml"><p class="res-header-id"><b>Generated Narrative: CodeSystem CementType</b></p><a name="CementType"> </a><a name="hcCementType"> </a><a name="CementType-en-US"> </a><p>This case-insensitive code system <code>https://kip.rkkp.dk/fhir/CodeSystem/CementType</code> defines the following codes:</p><table class="codes"><tr><td style="white-space:nowrap"><b>Code</b></td><td><b>Display</b></td><td><b>Definition</b></td></tr><tr><td style="white-space:nowrap">biomet_cement_lv<a name="CementType-biomet_cement_lv"> </a></td><td>Biomet: Bone Cement LV</td><td>Biomet: Bone Cement LV</td></tr><tr><td style="white-space:nowrap">biomet_cement_r<a name="CementType-biomet_cement_r"> </a></td><td>Biomet: Bone Cement R</td><td>Biomet: Bone Cement R</td></tr><tr><td style="white-space:nowrap">biomet_cement_v<a name="CementType-biomet_cement_v"> </a></td><td>Biomet: Bone Cement V</td><td>Biomet: Bone Cement V</td></tr><tr><td style="white-space:nowrap">biomet_cement_plus<a name="CementType-biomet_cement_plus"> </a></td><td>Biomet: Plus Bone Cement</td><td>Biomet: Plus Bone Cement</td></tr><tr><td style="white-space:nowrap">cmw1<a name="CementType-cmw1"> </a></td><td>CMW I</td><td>CMW I</td></tr><tr><td style="white-space:nowrap">cmw2<a name="CementType-cmw2"> </a></td><td>CMW II</td><td>CMW II</td></tr><tr><td style="white-space:nowrap">cmw3<a name="CementType-cmw3"> </a></td><td>CMW III</td><td>CMW III</td></tr><tr><td style="white-space:nowrap">copal_gc<a name="CementType-copal_gc"> </a></td><td>Copal G+C</td><td>Copal G+C</td></tr><tr><td style="white-space:nowrap">copal_gv<a name="CementType-copal_gv"> </a></td><td>Copal G+V</td><td>Copal G+V</td></tr><tr><td style="white-space:nowrap">lvc_standard<a name="CementType-lvc_standard"> </a></td><td>LVC-standard</td><td>LVC-standard</td></tr><tr><td style="white-space:nowrap">palacos<a name="CementType-palacos"> </a></td><td>Palacos</td><td>Palacos</td></tr><tr><td style="white-space:nowrap">palacos_low<a name="CementType-palacos_low"> </a></td><td>Palacos low</td><td>Palacos low</td></tr><tr><td style="white-space:nowrap">palacos_rg<a name="CementType-palacos_rg"> </a></td><td>Palacos R+G</td><td>Palacos R+G</td></tr><tr><td style="white-space:nowrap">refobacin_cement_lv<a name="CementType-refobacin_cement_lv"> </a></td><td>Refobacin: Bone Cement LV</td><td>Refobacin: Bone Cement LV</td></tr><tr><td style="white-space:nowrap">refobacin_cement_r<a name="CementType-refobacin_cement_r"> </a></td><td>Refobacin: Bone Cement R</td><td>Refobacin: Bone Cement R</td></tr><tr><td style="white-space:nowrap">refobacin_cement_plus<a name="CementType-refobacin_cement_plus"> </a></td><td>Refobacin: Plus Bone Cement</td><td>Refobacin: Plus Bone Cement</td></tr><tr><td style="white-space:nowrap">refobacin_revision<a name="CementType-refobacin_revision"> </a></td><td>Refobacin: Revision</td><td>Refobacin: Revision</td></tr><tr><td style="white-space:nowrap">simplex<a name="CementType-simplex"> </a></td><td>Simplex</td><td>Simplex</td></tr><tr><td style="white-space:nowrap">simplex_p<a name="CementType-simplex_p"> </a></td><td>Simplex P</td><td>Simplex P</td></tr><tr><td style="white-space:nowrap">smartmix<a name="CementType-smartmix"> </a></td><td>SmartMix</td><td>SmartMix</td></tr><tr><td style="white-space:nowrap">smartset<a name="CementType-smartset"> </a></td><td>SmartSet</td><td>SmartSet</td></tr><tr><td style="white-space:nowrap">sulfix<a name="CementType-sulfix"> </a></td><td>Sulfix</td><td>Sulfix</td></tr></table></div>
  </text>
  <url value="https://kip.rkkp.dk/fhir/CodeSystem/CementType"/>
  <version value="2.9.0"/>
  <name value="CementType"/>
  <title value="Cement type"/>
  <status value="active"/>
  <date value="2022-10-13T00:00:00+02:00"/>
  <publisher value="Sundhedsvæsnets Kvalistetsinstitut with Trifork Digital Health A/S"/>
  <contact>
    <name value="Sundhedsvæsnets Kvalistetsinstitut with Trifork Digital Health A/S"/>
    <telecom>
      <system value="url"/>
      <value value="https://trifork.com"/>
    </telecom>
    <telecom>
      <system value="email"/>
      <value value="rbk@trifork.com"/>
    </telecom>
  </contact>
  <description value="Cement type"/>
  <caseSensitive value="false"/>
  <content value="complete"/>
  <count value="22"/>
  <concept>
    <code value="biomet_cement_lv"/>
    <display value="Biomet: Bone Cement LV"/>
    <definition value="Biomet: Bone Cement LV"/>
  </concept>
  <concept>
    <code value="biomet_cement_r"/>
    <display value="Biomet: Bone Cement R"/>
    <definition value="Biomet: Bone Cement R"/>
  </concept>
  <concept>
    <code value="biomet_cement_v"/>
    <display value="Biomet: Bone Cement V"/>
    <definition value="Biomet: Bone Cement V"/>
  </concept>
  <concept>
    <code value="biomet_cement_plus"/>
    <display value="Biomet: Plus Bone Cement"/>
    <definition value="Biomet: Plus Bone Cement"/>
  </concept>
  <concept>
    <code value="cmw1"/>
    <display value="CMW I"/>
    <definition value="CMW I"/>
  </concept>
  <concept>
    <code value="cmw2"/>
    <display value="CMW II"/>
    <definition value="CMW II"/>
  </concept>
  <concept>
    <code value="cmw3"/>
    <display value="CMW III"/>
    <definition value="CMW III"/>
  </concept>
  <concept>
    <code value="copal_gc"/>
    <display value="Copal G+C"/>
    <definition value="Copal G+C"/>
  </concept>
  <concept>
    <code value="copal_gv"/>
    <display value="Copal G+V"/>
    <definition value="Copal G+V"/>
  </concept>
  <concept>
    <code value="lvc_standard"/>
    <display value="LVC-standard"/>
    <definition value="LVC-standard"/>
  </concept>
  <concept>
    <code value="palacos"/>
    <display value="Palacos"/>
    <definition value="Palacos"/>
  </concept>
  <concept>
    <code value="palacos_low"/>
    <display value="Palacos low"/>
    <definition value="Palacos low"/>
  </concept>
  <concept>
    <code value="palacos_rg"/>
    <display value="Palacos R+G"/>
    <definition value="Palacos R+G"/>
  </concept>
  <concept>
    <code value="refobacin_cement_lv"/>
    <display value="Refobacin: Bone Cement LV"/>
    <definition value="Refobacin: Bone Cement LV"/>
  </concept>
  <concept>
    <code value="refobacin_cement_r"/>
    <display value="Refobacin: Bone Cement R"/>
    <definition value="Refobacin: Bone Cement R"/>
  </concept>
  <concept>
    <code value="refobacin_cement_plus"/>
    <display value="Refobacin: Plus Bone Cement"/>
    <definition value="Refobacin: Plus Bone Cement"/>
  </concept>
  <concept>
    <code value="refobacin_revision"/>
    <display value="Refobacin: Revision"/>
    <definition value="Refobacin: Revision"/>
  </concept>
  <concept>
    <code value="simplex"/>
    <display value="Simplex"/>
    <definition value="Simplex"/>
  </concept>
  <concept>
    <code value="simplex_p"/>
    <display value="Simplex P"/>
    <definition value="Simplex P"/>
  </concept>
  <concept>
    <code value="smartmix"/>
    <display value="SmartMix"/>
    <definition value="SmartMix"/>
  </concept>
  <concept>
    <code value="smartset"/>
    <display value="SmartSet"/>
    <definition value="SmartSet"/>
  </concept>
  <concept>
    <code value="sulfix"/>
    <display value="Sulfix"/>
    <definition value="Sulfix"/>
  </concept>
</CodeSystem>