<?xml version="1.0" encoding="UTF-8"?>

<CodeSystem xmlns="http://hl7.org/fhir">
  <id value="KomponentLiner"/>
  <text>
    <status value="generated"/><div xmlns="http://www.w3.org/1999/xhtml"><p class="res-header-id"><b>Generated Narrative: CodeSystem KomponentLiner</b></p><a name="KomponentLiner"> </a><a name="hcKomponentLiner"> </a><a name="KomponentLiner-en-US"> </a><p>This  code system <code>https://kip.rkkp.dk/fhir/CodeSystem/KomponentLiner</code> defines the following codes:</p><table class="codes"><tr><td style="white-space:nowrap"><b>Code</b></td><td><b>Display</b></td></tr><tr><td style="white-space:nowrap">ps_traditional_ap<a name="KomponentLiner-ps_traditional_ap"> </a></td><td>PS (traditionel PS post med AP constraint)</td></tr><tr><td style="white-space:nowrap">ps_rotating<a name="KomponentLiner-ps_rotating"> </a></td><td>PS med roterende platform</td></tr><tr><td style="white-space:nowrap">ckk_VV<a name="KomponentLiner-ckk_VV"> </a></td><td>CCK (Constrained Condylar - Post med VV og rotations constraint)</td></tr><tr><td style="white-space:nowrap">ckk_rotating<a name="KomponentLiner-ckk_rotating"> </a></td><td>CCK med roterende platform</td></tr><tr><td style="white-space:nowrap">bi_cs<a name="KomponentLiner-bi_cs"> </a></td><td>Bi-CS: bicruciate substituting (forreste og bageste korsbånd ofres og substitueres med post og 2 cams)</td></tr><tr><td style="white-space:nowrap">traditional_cr<a name="KomponentLiner-traditional_cr"> </a></td><td>Ingen constraint (traditionel CR)</td></tr><tr><td style="white-space:nowrap">medial<a name="KomponentLiner-medial"> </a></td><td>Medial stabilized (øget kongruens og konformitet kun medialt)</td></tr><tr><td style="white-space:nowrap">medial_lateral<a name="KomponentLiner-medial_lateral"> </a></td><td>Medial og lateral øget constraint (typisk er der øget constraint anteriort)</td></tr><tr><td style="white-space:nowrap">rotating<a name="KomponentLiner-rotating"> </a></td><td>Rotating platform</td></tr><tr><td style="white-space:nowrap">bi_retain<a name="KomponentLiner-bi_retain"> </a></td><td>Bi-cruciate retaining (begge korsbånd bevaret)</td></tr></table></div>
  </text>
  <url value="https://kip.rkkp.dk/fhir/CodeSystem/KomponentLiner"/>
  <version value="2.9.0"/>
  <name value="KomponentLiner"/>
  <title value="Liner komponent"/>
  <status value="active"/>
  <date value="2023-12-18T00:00:00+02:00"/>
  <publisher value="Sundhedsvæsnets Kvalistetsinstitut with Trifork Digital Health A/S"/>
  <contact>
    <name value="Sundhedsvæsnets Kvalistetsinstitut with Trifork Digital Health A/S"/>
    <telecom>
      <system value="url"/>
      <value value="https://trifork.com"/>
    </telecom>
    <telecom>
      <system value="email"/>
      <value value="rbk@trifork.com"/>
    </telecom>
  </contact>
  <description value="Liner komponenter med/uden post"/>
  <content value="complete"/>
  <count value="10"/>
  <concept>
    <code value="ps_traditional_ap"/>
    <display value="PS (traditionel PS post med AP constraint)"/>
  </concept>
  <concept>
    <code value="ps_rotating"/>
    <display value="PS med roterende platform"/>
  </concept>
  <concept>
    <code value="ckk_VV"/>
    <display value="CCK (Constrained Condylar - Post med VV og rotations constraint)"/>
  </concept>
  <concept>
    <code value="ckk_rotating"/>
    <display value="CCK med roterende platform"/>
  </concept>
  <concept>
    <code value="bi_cs"/>
    <display value="Bi-CS: bicruciate substituting (forreste og bageste korsbånd ofres og substitueres med post og 2 cams)"/>
  </concept>
  <concept>
    <code value="traditional_cr"/>
    <display value="Ingen constraint (traditionel CR)"/>
  </concept>
  <concept>
    <code value="medial"/>
    <display value="Medial stabilized (øget kongruens og konformitet kun medialt)"/>
  </concept>
  <concept>
    <code value="medial_lateral"/>
    <display value="Medial og lateral øget constraint (typisk er der øget constraint anteriort)"/>
  </concept>
  <concept>
    <code value="rotating"/>
    <display value="Rotating platform"/>
  </concept>
  <concept>
    <code value="bi_retain"/>
    <display value="Bi-cruciate retaining (begge korsbånd bevaret)"/>
  </concept>
</CodeSystem>