<?xml version="1.0" encoding="UTF-8"?>

<CodeSystem xmlns="http://hl7.org/fhir">
  <id value="ProcedureType"/>
  <text>
    <status value="generated"/><div xmlns="http://www.w3.org/1999/xhtml"><p class="res-header-id"><b>Generated Narrative: CodeSystem ProcedureType</b></p><a name="ProcedureType"> </a><a name="hcProcedureType"> </a><a name="ProcedureType-en-US"> </a><p>This case-insensitive code system <code>https://kip.rkkp.dk/fhir/CodeSystem/ProcedureType</code> defines the following codes in an undefined hierarchy:</p><table class="codes"><tr><td><b>Lvl</b></td><td style="white-space:nowrap"><b>Code</b></td><td><b>Display</b></td><td><b>Definition</b></td></tr><tr><td>1</td><td style="white-space:nowrap">lichtenstein<a name="ProcedureType-lichtenstein"> </a></td><td>Lichtenstein</td><td>Lichtenstein</td></tr><tr><td>1</td><td style="white-space:nowrap">maclichtenstein<a name="ProcedureType-maclichtenstein"> </a></td><td>Modified Lichtenstein/MacLichtenstein</td><td>Modificeret Lichtenstein/MacLichtenstein</td></tr><tr><td>1</td><td style="white-space:nowrap">onstep<a name="ProcedureType-onstep"> </a></td><td>Onstep</td><td>Onstep</td></tr><tr><td>1</td><td style="white-space:nowrap">open_mesh<a name="ProcedureType-open_mesh"> </a></td><td>Open mesh</td><td>Open mesh / Åbent mesh</td></tr><tr><td>2</td><td style="white-space:nowrap">  plug<a name="ProcedureType-plug"> </a></td><td>Plug</td><td>Plug</td></tr><tr><td>2</td><td style="white-space:nowrap">  plug_plate<a name="ProcedureType-plug_plate"> </a></td><td>Plug and plate</td><td>Plug and plate / Plug og plade</td></tr><tr><td>1</td><td style="white-space:nowrap">open<a name="ProcedureType-open"> </a></td><td>Open</td><td>Open / Åbent</td></tr><tr><td>2</td><td style="white-space:nowrap">  anuloraphi<a name="ProcedureType-anuloraphi"> </a></td><td>Anuloraphi</td><td>Anuloraphi</td></tr><tr><td>2</td><td style="white-space:nowrap">  mcvay<a name="ProcedureType-mcvay"> </a></td><td>McVay</td><td>McVay</td></tr><tr><td>2</td><td style="white-space:nowrap">  bassini<a name="ProcedureType-bassini"> </a></td><td>Bassini</td><td>Bassini</td></tr><tr><td>2</td><td style="white-space:nowrap">  shouldice<a name="ProcedureType-shouldice"> </a></td><td>Shouldice</td><td>Shouldice</td></tr><tr><td>1</td><td style="white-space:nowrap">laparoscopic<a name="ProcedureType-laparoscopic"> </a></td><td>Laparoscopic</td><td>Laparoscopic / Laparoskopisk</td></tr><tr><td>2</td><td style="white-space:nowrap">  transperitoneal<a name="ProcedureType-transperitoneal"> </a></td><td>Transperitoneal</td><td>Transperitoneal</td></tr><tr><td>2</td><td style="white-space:nowrap">  extraperitoneal<a name="ProcedureType-extraperitoneal"> </a></td><td>Extraperitoneal</td><td>Extraperitoneal</td></tr><tr><td>2</td><td style="white-space:nowrap">  multiple_ports<a name="ProcedureType-multiple_ports"> </a></td><td>Multiple ports</td><td>Multiple ports / Flerport</td></tr><tr><td>1</td><td style="white-space:nowrap">laparotomy<a name="ProcedureType-laparotomy"> </a></td><td>Laparotomy</td><td>Laparotomy / Laparotomi / SNOMED-CT: 86481000</td></tr><tr><td>1</td><td style="white-space:nowrap">converted_open<a name="ProcedureType-converted_open"> </a></td><td>Converted to open from laparoscopic</td><td>Converted to open from laparoscopic / Konverteret til åben fra laparoskopisk</td></tr><tr><td>1</td><td style="white-space:nowrap">converted_open_to_lap<a name="ProcedureType-converted_open_to_lap"> </a></td><td>Converted from open to laparoscopic</td><td>Open converted to laparoscopic / Åben konverteret til laparoskopisk</td></tr><tr><td>1</td><td style="white-space:nowrap">combined_open<a name="ProcedureType-combined_open"> </a></td><td>Combined open</td><td>Combined open / Kombineret åben</td></tr><tr><td>1</td><td style="white-space:nowrap">robot_assisted<a name="ProcedureType-robot_assisted"> </a></td><td>Robot assisted</td><td>Robot assisted / Robotassisteret</td></tr><tr><td>2</td><td style="white-space:nowrap">  robot_laparoscopic<a name="ProcedureType-robot_laparoscopic"> </a></td><td>Robot assisted laparoscopic</td><td>Robot assisted laparoscopic / Robot-assisteret laparoskopisk</td></tr><tr><td>2</td><td style="white-space:nowrap">  robot_converted_laparoscopic<a name="ProcedureType-robot_converted_laparoscopic"> </a></td><td>Robot assisted laparoscopic converted to laparoscopic</td><td>Robot assisted laparoscopic converted to laparoscopic / Robot-assisteret laparoskopisk konverteret til laparoskopisk</td></tr><tr><td>2</td><td style="white-space:nowrap">  robot_converted_open<a name="ProcedureType-robot_converted_open"> </a></td><td>Robot assisted laparoscopic converted to open</td><td>Robot assisted laparoscopic converted to open / Robot-assisteret laparoskopisk konverteret til åben</td></tr><tr><td>1</td><td style="white-space:nowrap">milos<a name="ProcedureType-milos"> </a></td><td>MILOS</td><td>MILOS</td></tr><tr><td>1</td><td style="white-space:nowrap">emilos<a name="ProcedureType-emilos"> </a></td><td>eMILOS</td><td>eMILOS</td></tr><tr><td>1</td><td style="white-space:nowrap">etep<a name="ProcedureType-etep"> </a></td><td>eTEP</td><td>eTEP - Robot-assisteret metode</td></tr><tr><td>1</td><td style="white-space:nowrap">tarup<a name="ProcedureType-tarup"> </a></td><td>TARUP</td><td>TARUP - Robot-assisteret metode</td></tr><tr><td>1</td><td style="white-space:nowrap">tapp<a name="ProcedureType-tapp"> </a></td><td>TAPP</td><td>TAPP - Robot-assisteret metode</td></tr><tr><td>1</td><td style="white-space:nowrap">endoscopic<a name="ProcedureType-endoscopic"> </a></td><td>Endoscopic</td><td>Endoscopic / Endoskopisk</td></tr><tr><td>2</td><td style="white-space:nowrap">  local_resection<a name="ProcedureType-local_resection"> </a></td><td>Local ressection</td><td>Local ressection / Lokalresektion</td></tr><tr><td>2</td><td style="white-space:nowrap">  local_resection_tes<a name="ProcedureType-local_resection_tes"> </a></td><td>Local ressection (incl. TES)</td><td>Local ressection followed by TES / Lokalresektion efterfulgt af TES</td></tr><tr><td>2</td><td style="white-space:nowrap">  local_resection_ex_tes<a name="ProcedureType-local_resection_ex_tes"> </a></td><td>Local ressection (excl. TES)</td><td>Local ressection (excl. TES) / Endoskopisk lokalresektion (ekskl. TES)</td></tr><tr><td>2</td><td style="white-space:nowrap">  transanal_resection<a name="ProcedureType-transanal_resection"> </a></td><td>Transanal endoskopisk lokalresektion (TES)</td><td>Transanal endoskopisk lokalresektion (TES)</td></tr><tr><td>2</td><td style="white-space:nowrap">  full_wall_resection<a name="ProcedureType-full_wall_resection"> </a></td><td>Endoskopisk fuldvægsresektion</td><td>Endoskopisk fuldvægsresektion</td></tr><tr><td>2</td><td style="white-space:nowrap">  other_endoscopic<a name="ProcedureType-other_endoscopic"> </a></td><td>Anden endoskopisk procedure</td><td>Anden endoskopisk procedure</td></tr><tr><td>1</td><td style="white-space:nowrap">cels<a name="ProcedureType-cels"> </a></td><td>Kombineret endoskopisk og laparoskopisk procedure (CELS)</td><td>Kombineret endoskopisk og laparoskopisk procedure (CELS)</td></tr><tr><td>1</td><td style="white-space:nowrap">externus_obliquus<a name="ProcedureType-externus_obliquus"> </a></td><td>Externus Obliquus</td><td>Externus Obliquus</td></tr><tr><td>1</td><td style="white-space:nowrap">transversus_abdominis<a name="ProcedureType-transversus_abdominis"> </a></td><td>Transversus Abdominis</td><td>Transversus Abdominis</td></tr><tr><td>1</td><td style="white-space:nowrap">dissection<a name="ProcedureType-dissection"> </a></td><td>Dissection</td><td>Dissection / Dissektion / SNOMED-CT: 122459003</td></tr><tr><td>2</td><td style="white-space:nowrap">  transanal_dissection<a name="ProcedureType-transanal_dissection"> </a></td><td>Transanal dissection</td><td>Transanal dissektion</td></tr><tr><td>1</td><td style="white-space:nowrap">polypectomy<a name="ProcedureType-polypectomy"> </a></td><td>Polypektomi</td><td>Polypektomi</td></tr><tr><td>1</td><td style="white-space:nowrap">emr<a name="ProcedureType-emr"> </a></td><td>EMR inkl. piecemeal EMR</td><td>EMR inkl. piecemeal EMR</td></tr><tr><td>1</td><td style="white-space:nowrap">piecemeal_resection<a name="ProcedureType-piecemeal_resection"> </a></td><td>Piecemeal resektion</td><td>Piecemeal resektion</td></tr><tr><td>1</td><td style="white-space:nowrap">stent<a name="ProcedureType-stent"> </a></td><td>Stent</td><td>Stent / SNOMED-CT: 65818007</td></tr><tr><td>2</td><td style="white-space:nowrap">  stent_rectum<a name="ProcedureType-stent_rectum"> </a></td><td>Stentanlæggelse i rektum</td><td>Stentanlæggelse i rektum</td></tr><tr><td>2</td><td style="white-space:nowrap">  stent_colon<a name="ProcedureType-stent_colon"> </a></td><td>Stentanlæggelse i colon</td><td>Stentanlæggelse i colon</td></tr><tr><td>1</td><td style="white-space:nowrap">stoma<a name="ProcedureType-stoma"> </a></td><td>Stoma</td><td>Stoma / Stomi / SNOMED-CT: 245857005</td></tr><tr><td>1</td><td style="white-space:nowrap">damage_control<a name="ProcedureType-damage_control"> </a></td><td>Damage control</td><td>Damage control</td></tr><tr><td>1</td><td style="white-space:nowrap">tme<a name="ProcedureType-tme"> </a></td><td>TME</td><td>TME</td></tr><tr><td>1</td><td style="white-space:nowrap">tem<a name="ProcedureType-tem"> </a></td><td>TEM</td><td>TEM</td></tr><tr><td>1</td><td style="white-space:nowrap">pme<a name="ProcedureType-pme"> </a></td><td>PME</td><td>PME</td></tr><tr><td>1</td><td style="white-space:nowrap">extensive_excision<a name="ProcedureType-extensive_excision"> </a></td><td>Extensive excision</td><td>Extensive excision / Ekstensiv excision af peritoneum og  HIPEC</td></tr><tr><td>1</td><td style="white-space:nowrap">rfa<a name="ProcedureType-rfa"> </a></td><td>RFA</td><td>RFA / RFA af hepar</td></tr><tr><td>1</td><td style="white-space:nowrap">metasis_resection<a name="ProcedureType-metasis_resection"> </a></td><td>Metastasis resection</td><td>Metastasis resection / Metastaseresektion</td></tr><tr><td>1</td><td style="white-space:nowrap">ape_conventional<a name="ProcedureType-ape_conventional"> </a></td><td>APE, konventionel</td><td>APE, konventionel</td></tr><tr><td>1</td><td style="white-space:nowrap">proctocolectomy_pouch<a name="ProcedureType-proctocolectomy_pouch"> </a></td><td>Proktokolektomi med ileoanal pouch</td><td>Proktokolektomi med ileoanal pouch</td></tr><tr><td>1</td><td style="white-space:nowrap">stoma_shunt<a name="ProcedureType-stoma_shunt"> </a></td><td>Kun aflastende stomi eller intern shunt</td><td>Kun aflastende stomi eller intern shunt</td></tr><tr><td>1</td><td style="white-space:nowrap">exploratory_intervention<a name="ProcedureType-exploratory_intervention"> </a></td><td>Kun eksplorativt indgreb</td><td>Kun eksplorativt indgreb</td></tr><tr><td>1</td><td style="white-space:nowrap">esd<a name="ProcedureType-esd"> </a></td><td>ESD inkl. piecemeal ESD</td><td>ESD inkl. piecemeal ESD</td></tr><tr><td>1</td><td style="white-space:nowrap">tamis<a name="ProcedureType-tamis"> </a></td><td>TAMIS</td><td>TAMIS</td></tr><tr><td>1</td><td style="white-space:nowrap">teo<a name="ProcedureType-teo"> </a></td><td>TEO</td><td>TEO</td></tr><tr><td>1</td><td style="white-space:nowrap">other_transanal<a name="ProcedureType-other_transanal"> </a></td><td>Anden transanal adgang/teknik</td><td>Anden transanal adgang/teknik</td></tr><tr><td>1</td><td style="white-space:nowrap">transplant<a name="ProcedureType-transplant"> </a></td><td>Transplant</td><td>Transplant / Transplantation</td></tr><tr><td>2</td><td style="white-space:nowrap">  cage<a name="ProcedureType-cage"> </a></td><td>Cage</td><td>Cage</td></tr><tr><td>2</td><td style="white-space:nowrap">  augments<a name="ProcedureType-augments"> </a></td><td>Augments</td><td>Augments</td></tr><tr><td>1</td><td style="white-space:nowrap">luxation<a name="ProcedureType-luxation"> </a></td><td>Luxation</td><td>Luxation / Luksation</td></tr><tr><td>1</td><td style="white-space:nowrap">tractus_tendonesis<a name="ProcedureType-tractus_tendonesis"> </a></td><td>Tractus tendonesis</td><td>Tractus tendonesis</td></tr><tr><td>1</td><td style="white-space:nowrap">internal_brace<a name="ProcedureType-internal_brace"> </a></td><td>Internal brace</td><td>Internal brace / Syntetisk forstærkning</td></tr><tr><td>1</td><td style="white-space:nowrap">multiple_ligaments_reconstruction<a name="ProcedureType-multiple_ligaments_reconstruction"> </a></td><td>Multiple ligaments reconstruction</td><td>Multiple ligaments reconstruction / Flerligament-rekonstruktion (inkl. isoleret PCL, LCL, MCL)</td></tr><tr><td>1</td><td style="white-space:nowrap">synovectomy<a name="ProcedureType-synovectomy"> </a></td><td>Synovectomy</td><td>Synovectomy / Synovektomi</td></tr><tr><td>1</td><td style="white-space:nowrap">implant_removal<a name="ProcedureType-implant_removal"> </a></td><td>Implant removal</td><td>Implant removal / Implantatfjernelse</td></tr><tr><td>1</td><td style="white-space:nowrap">osteotomy<a name="ProcedureType-osteotomy"> </a></td><td>Osteotomy</td><td>Osteotomy / Osteotomi</td></tr><tr><td>1</td><td style="white-space:nowrap">osteosynthesis<a name="ProcedureType-osteosynthesis"> </a></td><td>Osteosynthesis</td><td>Osteosynthesis / Osteosyntese</td></tr><tr><td>1</td><td style="white-space:nowrap">operation_infection<a name="ProcedureType-operation_infection"> </a></td><td>Operation because of an infection</td><td>Operation because of an infection / Operation pga. infektion</td></tr><tr><td>1</td><td style="white-space:nowrap">bone_transplantation<a name="ProcedureType-bone_transplantation"> </a></td><td>Bone transplantation</td><td>Bone transplantation / Knogletransplantation</td></tr><tr><td>1</td><td style="white-space:nowrap">operational_mobilization<a name="ProcedureType-operational_mobilization"> </a></td><td>Operational mobilization</td><td>Operational mobilization / Operativ mobilisering</td></tr><tr><td>1</td><td style="white-space:nowrap">tenodesis<a name="ProcedureType-tenodesis"> </a></td><td>Tenodesis</td><td>Tenodesis</td></tr><tr><td>1</td><td style="white-space:nowrap">stabilizing<a name="ProcedureType-stabilizing"> </a></td><td>Stabilizing</td><td>Stabilizing / Stabiliserende indgreb</td></tr><tr><td>1</td><td style="white-space:nowrap">cuff_reconstruction<a name="ProcedureType-cuff_reconstruction"> </a></td><td>Cuff reconstruction</td><td>Cuff reconstruction / Cuff rekonstruktion</td></tr><tr><td>1</td><td style="white-space:nowrap">arthroscopic<a name="ProcedureType-arthroscopic"> </a></td><td>Arthroscopic operation</td><td>Arthroscopic operation / Artroskopisk operation uden indsættelse af fremmedlegeme</td></tr><tr><td>1</td><td style="white-space:nowrap">templating<a name="ProcedureType-templating"> </a></td><td>Templating</td><td>Templating</td></tr><tr><td>1</td><td style="white-space:nowrap">psi<a name="ProcedureType-psi"> </a></td><td>PSI (Patient specific instruments)</td><td>PSI (Patient specific instruments) / PSI (Patientspecifikke instrumenter)</td></tr><tr><td>1</td><td style="white-space:nowrap">tenotomy<a name="ProcedureType-tenotomy"> </a></td><td>Tenotomy</td><td>Tenotomy / Tenotomi / SNOMED-CT: 78545003</td></tr><tr><td>1</td><td style="white-space:nowrap">meniscetomy<a name="ProcedureType-meniscetomy"> </a></td><td>Meniscectomy</td><td>Meniscectomy / Meniskektomi</td></tr><tr><td>1</td><td style="white-space:nowrap">arthroscopy<a name="ProcedureType-arthroscopy"> </a></td><td>Artroskopi</td><td>Artroskopi</td></tr><tr><td>1</td><td style="white-space:nowrap">reconstruction_cruciate_ligaments<a name="ProcedureType-reconstruction_cruciate_ligaments"> </a></td><td>Reconstruction of cruciate ligaments</td><td>Reconstruction of cruciate ligaments / Korsbåndsrekonstruktion</td></tr><tr><td>1</td><td style="white-space:nowrap">proximal_tibial_osteotomy<a name="ProcedureType-proximal_tibial_osteotomy"> </a></td><td>Proksimal tibiaosteotomi</td><td>Proksimal tibiaosteotomi</td></tr><tr><td>1</td><td style="white-space:nowrap">osteosynthesis_condyle_fracture<a name="ProcedureType-osteosynthesis_condyle_fracture"> </a></td><td>Osteosyntese af kondylfraktur</td><td>Osteosyntese af kondylfraktur</td></tr><tr><td>1</td><td style="white-space:nowrap">patellectomy<a name="ProcedureType-patellectomy"> </a></td><td>Patellektomi</td><td/></tr><tr><td>1</td><td style="white-space:nowrap">arthrodesis<a name="ProcedureType-arthrodesis"> </a></td><td>Artrodese</td><td>Artrodese</td></tr><tr><td>1</td><td style="white-space:nowrap">tumor_resection<a name="ProcedureType-tumor_resection"> </a></td><td>Tumor resection</td><td>Resektion af tumorbærende tarmsegment</td></tr></table></div>
  </text>
  <url value="https://kip.rkkp.dk/fhir/CodeSystem/ProcedureType"/>
  <version value="2.9.0"/>
  <name value="ProcedureType"/>
  <title value="Procedure type: Codes for different durations"/>
  <status value="active"/>
  <date value="2022-07-20T00:00:00+02:00"/>
  <publisher value="Sundhedsvæsnets Kvalistetsinstitut with Trifork Digital Health A/S"/>
  <contact>
    <name value="Sundhedsvæsnets Kvalistetsinstitut with Trifork Digital Health A/S"/>
    <telecom>
      <system value="url"/>
      <value value="https://trifork.com"/>
    </telecom>
    <telecom>
      <system value="email"/>
      <value value="rbk@trifork.com"/>
    </telecom>
  </contact>
  <description value="Procedure type: Codes for different durations"/>
  <caseSensitive value="false"/>
  <content value="complete"/>
  <count value="91"/>
  <concept>
    <code value="lichtenstein"/>
    <display value="Lichtenstein"/>
    <definition value="Lichtenstein"/>
  </concept>
  <concept>
    <code value="maclichtenstein"/>
    <display value="Modified Lichtenstein/MacLichtenstein"/>
    <definition value="Modificeret Lichtenstein/MacLichtenstein"/>
  </concept>
  <concept>
    <code value="onstep"/>
    <display value="Onstep"/>
    <definition value="Onstep"/>
  </concept>
  <concept>
    <code value="open_mesh"/>
    <display value="Open mesh"/>
    <definition value="Open mesh / Åbent mesh"/>
    <concept>
      <code value="plug"/>
      <display value="Plug"/>
      <definition value="Plug"/>
    </concept>
    <concept>
      <code value="plug_plate"/>
      <display value="Plug and plate"/>
      <definition value="Plug and plate / Plug og plade"/>
    </concept>
  </concept>
  <concept>
    <code value="open"/>
    <display value="Open"/>
    <definition value="Open / Åbent"/>
    <concept>
      <code value="anuloraphi"/>
      <display value="Anuloraphi"/>
      <definition value="Anuloraphi"/>
    </concept>
    <concept>
      <code value="mcvay"/>
      <display value="McVay"/>
      <definition value="McVay"/>
    </concept>
    <concept>
      <code value="bassini"/>
      <display value="Bassini"/>
      <definition value="Bassini"/>
    </concept>
    <concept>
      <code value="shouldice"/>
      <display value="Shouldice"/>
      <definition value="Shouldice"/>
    </concept>
  </concept>
  <concept>
    <code value="laparoscopic"/>
    <display value="Laparoscopic"/>
    <definition value="Laparoscopic / Laparoskopisk"/>
    <concept>
      <code value="transperitoneal"/>
      <display value="Transperitoneal"/>
      <definition value="Transperitoneal"/>
    </concept>
    <concept>
      <code value="extraperitoneal"/>
      <display value="Extraperitoneal"/>
      <definition value="Extraperitoneal"/>
    </concept>
    <concept>
      <code value="multiple_ports"/>
      <display value="Multiple ports"/>
      <definition value="Multiple ports / Flerport"/>
    </concept>
  </concept>
  <concept>
    <code value="laparotomy"/>
    <display value="Laparotomy"/>
    <definition value="Laparotomy / Laparotomi / SNOMED-CT: 86481000"/>
  </concept>
  <concept>
    <code value="converted_open"/>
    <display value="Converted to open from laparoscopic"/>
    <definition value="Converted to open from laparoscopic / Konverteret til åben fra laparoskopisk"/>
  </concept>
  <concept>
    <code value="converted_open_to_lap"/>
    <display value="Converted from open to laparoscopic"/>
    <definition value="Open converted to laparoscopic / Åben konverteret til laparoskopisk"/>
  </concept>
  <concept>
    <code value="combined_open"/>
    <display value="Combined open"/>
    <definition value="Combined open / Kombineret åben"/>
  </concept>
  <concept>
    <code value="robot_assisted"/>
    <display value="Robot assisted"/>
    <definition value="Robot assisted / Robotassisteret"/>
    <concept>
      <code value="robot_laparoscopic"/>
      <display value="Robot assisted laparoscopic"/>
      <definition value="Robot assisted laparoscopic / Robot-assisteret laparoskopisk"/>
    </concept>
    <concept>
      <code value="robot_converted_laparoscopic"/>
      <display value="Robot assisted laparoscopic converted to laparoscopic"/>
      <definition value="Robot assisted laparoscopic converted to laparoscopic / Robot-assisteret laparoskopisk konverteret til laparoskopisk"/>
    </concept>
    <concept>
      <code value="robot_converted_open"/>
      <display value="Robot assisted laparoscopic converted to open"/>
      <definition value="Robot assisted laparoscopic converted to open / Robot-assisteret laparoskopisk konverteret til åben"/>
    </concept>
  </concept>
  <concept>
    <code value="milos"/>
    <display value="MILOS"/>
    <definition value="MILOS"/>
  </concept>
  <concept>
    <code value="emilos"/>
    <display value="eMILOS"/>
    <definition value="eMILOS"/>
  </concept>
  <concept>
    <code value="etep"/>
    <display value="eTEP"/>
    <definition value="eTEP - Robot-assisteret metode"/>
  </concept>
  <concept>
    <code value="tarup"/>
    <display value="TARUP"/>
    <definition value="TARUP - Robot-assisteret metode"/>
  </concept>
  <concept>
    <code value="tapp"/>
    <display value="TAPP"/>
    <definition value="TAPP - Robot-assisteret metode"/>
  </concept>
  <concept>
    <code value="endoscopic"/>
    <display value="Endoscopic"/>
    <definition value="Endoscopic / Endoskopisk"/>
    <concept>
      <code value="local_resection"/>
      <display value="Local ressection"/>
      <definition value="Local ressection / Lokalresektion"/>
    </concept>
    <concept>
      <code value="local_resection_tes"/>
      <display value="Local ressection (incl. TES)"/>
      <definition value="Local ressection followed by TES / Lokalresektion efterfulgt af TES"/>
    </concept>
    <concept>
      <code value="local_resection_ex_tes"/>
      <display value="Local ressection (excl. TES)"/>
      <definition value="Local ressection (excl. TES) / Endoskopisk lokalresektion (ekskl. TES)"/>
    </concept>
    <concept>
      <code value="transanal_resection"/>
      <display value="Transanal endoskopisk lokalresektion (TES)"/>
      <definition value="Transanal endoskopisk lokalresektion (TES)"/>
    </concept>
    <concept>
      <code value="full_wall_resection"/>
      <display value="Endoskopisk fuldvægsresektion"/>
      <definition value="Endoskopisk fuldvægsresektion"/>
    </concept>
    <concept>
      <code value="other_endoscopic"/>
      <display value="Anden endoskopisk procedure"/>
      <definition value="Anden endoskopisk procedure"/>
    </concept>
  </concept>
  <concept>
    <code value="cels"/>
    <display value="Kombineret endoskopisk og laparoskopisk procedure (CELS)"/>
    <definition value="Kombineret endoskopisk og laparoskopisk procedure (CELS)"/>
  </concept>
  <concept>
    <code value="externus_obliquus"/>
    <display value="Externus Obliquus"/>
    <definition value="Externus Obliquus"/>
  </concept>
  <concept>
    <code value="transversus_abdominis"/>
    <display value="Transversus Abdominis"/>
    <definition value="Transversus Abdominis"/>
  </concept>
  <concept>
    <code value="dissection"/>
    <display value="Dissection"/>
    <definition value="Dissection / Dissektion / SNOMED-CT: 122459003"/>
    <concept>
      <code value="transanal_dissection"/>
      <display value="Transanal dissection"/>
      <definition value="Transanal dissektion"/>
    </concept>
  </concept>
  <concept>
    <code value="polypectomy"/>
    <display value="Polypektomi"/>
    <definition value="Polypektomi"/>
  </concept>
  <concept>
    <code value="emr"/>
    <display value="EMR inkl. piecemeal EMR"/>
    <definition value="EMR inkl. piecemeal EMR"/>
  </concept>
  <concept>
    <code value="piecemeal_resection"/>
    <display value="Piecemeal resektion"/>
    <definition value="Piecemeal resektion"/>
  </concept>
  <concept>
    <code value="stent"/>
    <display value="Stent"/>
    <definition value="Stent / SNOMED-CT: 65818007"/>
    <concept>
      <code value="stent_rectum"/>
      <display value="Stentanlæggelse i rektum"/>
      <definition value="Stentanlæggelse i rektum"/>
    </concept>
    <concept>
      <code value="stent_colon"/>
      <display value="Stentanlæggelse i colon"/>
      <definition value="Stentanlæggelse i colon"/>
    </concept>
  </concept>
  <concept>
    <code value="stoma"/>
    <display value="Stoma"/>
    <definition value="Stoma / Stomi / SNOMED-CT: 245857005"/>
  </concept>
  <concept>
    <code value="damage_control"/>
    <display value="Damage control"/>
    <definition value="Damage control"/>
  </concept>
  <concept>
    <code value="tme"/>
    <display value="TME"/>
    <definition value="TME"/>
  </concept>
  <concept>
    <code value="tem"/>
    <display value="TEM"/>
    <definition value="TEM"/>
  </concept>
  <concept>
    <code value="pme"/>
    <display value="PME"/>
    <definition value="PME"/>
  </concept>
  <concept>
    <code value="extensive_excision"/>
    <display value="Extensive excision"/>
    <definition value="Extensive excision / Ekstensiv excision af peritoneum og  HIPEC"/>
  </concept>
  <concept>
    <code value="rfa"/>
    <display value="RFA"/>
    <definition value="RFA / RFA af hepar"/>
  </concept>
  <concept>
    <code value="metasis_resection"/>
    <display value="Metastasis resection"/>
    <definition value="Metastasis resection / Metastaseresektion"/>
  </concept>
  <concept>
    <code value="ape_conventional"/>
    <display value="APE, konventionel"/>
    <definition value="APE, konventionel"/>
  </concept>
  <concept>
    <code value="proctocolectomy_pouch"/>
    <display value="Proktokolektomi med ileoanal pouch"/>
    <definition value="Proktokolektomi med ileoanal pouch"/>
  </concept>
  <concept>
    <code value="stoma_shunt"/>
    <display value="Kun aflastende stomi eller intern shunt"/>
    <definition value="Kun aflastende stomi eller intern shunt"/>
  </concept>
  <concept>
    <code value="exploratory_intervention"/>
    <display value="Kun eksplorativt indgreb"/>
    <definition value="Kun eksplorativt indgreb"/>
  </concept>
  <concept>
    <code value="esd"/>
    <display value="ESD inkl. piecemeal ESD"/>
    <definition value="ESD inkl. piecemeal ESD"/>
  </concept>
  <concept>
    <code value="tamis"/>
    <display value="TAMIS"/>
    <definition value="TAMIS"/>
  </concept>
  <concept>
    <code value="teo"/>
    <display value="TEO"/>
    <definition value="TEO"/>
  </concept>
  <concept>
    <code value="other_transanal"/>
    <display value="Anden transanal adgang/teknik"/>
    <definition value="Anden transanal adgang/teknik"/>
  </concept>
  <concept>
    <code value="transplant"/>
    <display value="Transplant"/>
    <definition value="Transplant / Transplantation"/>
    <concept>
      <code value="cage"/>
      <display value="Cage"/>
      <definition value="Cage"/>
    </concept>
    <concept>
      <code value="augments"/>
      <display value="Augments"/>
      <definition value="Augments"/>
    </concept>
  </concept>
  <concept>
    <code value="luxation"/>
    <display value="Luxation"/>
    <definition value="Luxation / Luksation"/>
  </concept>
  <concept>
    <code value="tractus_tendonesis"/>
    <display value="Tractus tendonesis"/>
    <definition value="Tractus tendonesis"/>
  </concept>
  <concept>
    <code value="internal_brace"/>
    <display value="Internal brace"/>
    <definition value="Internal brace / Syntetisk forstærkning"/>
  </concept>
  <concept>
    <code value="multiple_ligaments_reconstruction"/>
    <display value="Multiple ligaments reconstruction"/>
    <definition value="Multiple ligaments reconstruction / Flerligament-rekonstruktion (inkl. isoleret PCL, LCL, MCL)"/>
  </concept>
  <concept>
    <code value="synovectomy"/>
    <display value="Synovectomy"/>
    <definition value="Synovectomy / Synovektomi"/>
  </concept>
  <concept>
    <code value="implant_removal"/>
    <display value="Implant removal"/>
    <definition value="Implant removal / Implantatfjernelse"/>
  </concept>
  <concept>
    <code value="osteotomy"/>
    <display value="Osteotomy"/>
    <definition value="Osteotomy / Osteotomi"/>
  </concept>
  <concept>
    <code value="osteosynthesis"/>
    <display value="Osteosynthesis"/>
    <definition value="Osteosynthesis / Osteosyntese"/>
  </concept>
  <concept>
    <code value="operation_infection"/>
    <display value="Operation because of an infection"/>
    <definition value="Operation because of an infection / Operation pga. infektion"/>
  </concept>
  <concept>
    <code value="bone_transplantation"/>
    <display value="Bone transplantation"/>
    <definition value="Bone transplantation / Knogletransplantation"/>
  </concept>
  <concept>
    <code value="operational_mobilization"/>
    <display value="Operational mobilization"/>
    <definition value="Operational mobilization / Operativ mobilisering"/>
  </concept>
  <concept>
    <code value="tenodesis"/>
    <display value="Tenodesis"/>
    <definition value="Tenodesis"/>
  </concept>
  <concept>
    <code value="stabilizing"/>
    <display value="Stabilizing"/>
    <definition value="Stabilizing / Stabiliserende indgreb"/>
  </concept>
  <concept>
    <code value="cuff_reconstruction"/>
    <display value="Cuff reconstruction"/>
    <definition value="Cuff reconstruction / Cuff rekonstruktion"/>
  </concept>
  <concept>
    <code value="arthroscopic"/>
    <display value="Arthroscopic operation"/>
    <definition value="Arthroscopic operation / Artroskopisk operation uden indsættelse af fremmedlegeme"/>
  </concept>
  <concept>
    <code value="templating"/>
    <display value="Templating"/>
    <definition value="Templating"/>
  </concept>
  <concept>
    <code value="psi"/>
    <display value="PSI (Patient specific instruments)"/>
    <definition value="PSI (Patient specific instruments) / PSI (Patientspecifikke instrumenter)"/>
  </concept>
  <concept>
    <code value="tenotomy"/>
    <display value="Tenotomy"/>
    <definition value="Tenotomy / Tenotomi / SNOMED-CT: 78545003"/>
  </concept>
  <concept>
    <code value="meniscetomy"/>
    <display value="Meniscectomy"/>
    <definition value="Meniscectomy / Meniskektomi"/>
  </concept>
  <concept>
    <code value="arthroscopy"/>
    <display value="Artroskopi"/>
    <definition value="Artroskopi"/>
  </concept>
  <concept>
    <code value="reconstruction_cruciate_ligaments"/>
    <display value="Reconstruction of cruciate ligaments"/>
    <definition value="Reconstruction of cruciate ligaments / Korsbåndsrekonstruktion"/>
  </concept>
  <concept>
    <code value="proximal_tibial_osteotomy"/>
    <display value="Proksimal tibiaosteotomi"/>
    <definition value="Proksimal tibiaosteotomi"/>
  </concept>
  <concept>
    <code value="osteosynthesis_condyle_fracture"/>
    <display value="Osteosyntese af kondylfraktur"/>
    <definition value="Osteosyntese af kondylfraktur"/>
  </concept>
  <concept>
    <code value="patellectomy"/>
    <display value="Patellektomi"/>
  </concept>
  <concept>
    <code value="arthrodesis"/>
    <display value="Artrodese"/>
    <definition value="Artrodese"/>
  </concept>
  <concept>
    <code value="tumor_resection"/>
    <display value="Tumor resection"/>
    <definition value="Resektion af tumorbærende tarmsegment"/>
  </concept>
</CodeSystem>