<?xml version="1.0" encoding="UTF-8"?>

<CodeSystem xmlns="http://hl7.org/fhir">
  <id value="MTICIClassification"/>
  <text>
    <status value="generated"/><div xmlns="http://www.w3.org/1999/xhtml"><p class="res-header-id"><b>Generated Narrative: CodeSystem MTICIClassification</b></p><a name="MTICIClassification"> </a><a name="hcMTICIClassification"> </a><a name="MTICIClassification-en-US"> </a><p>This case-insensitive code system <code>https://kip.rkkp.dk/fhir/CodeSystem/MTICIClassification</code> defines the following codes in an undefined hierarchy:</p><table class="codes"><tr><td><b>Lvl</b></td><td style="white-space:nowrap"><b>Code</b></td><td><b>Display</b></td><td><b>Definition</b></td></tr><tr><td>1</td><td style="white-space:nowrap">grade0<a name="MTICIClassification-grade0"> </a></td><td>Grade 0</td><td>Grade 0: No perfusion</td></tr><tr><td>1</td><td style="white-space:nowrap">grade1<a name="MTICIClassification-grade1"> </a></td><td>Grade 1</td><td>Grade 1: Antegrade reperfusion past the initial occlusion, but limited distal branch filling with little or slow distal reperfusion</td></tr><tr><td>1</td><td style="white-space:nowrap">grade2<a name="MTICIClassification-grade2"> </a></td><td>Grade 2</td><td>Grade 2</td></tr><tr><td>2</td><td style="white-space:nowrap">  grade2a<a name="MTICIClassification-grade2a"> </a></td><td>Grade 2a</td><td>Grade 2a: Antegrade reperfusion of less than half of the occluded target artery previously ischemic territory (e.g. in one major division of the middle cerebral artery (MCA) and its territory)</td></tr><tr><td>2</td><td style="white-space:nowrap">  grade2b<a name="MTICIClassification-grade2b"> </a></td><td>Grade 2b</td><td>Grade 2b: Antegrade reperfusion of more than half of the previously occluded target artery ischemic territory (e.g. in two major divisions of the MCA and their territories)</td></tr><tr><td>2</td><td style="white-space:nowrap">  grade2c<a name="MTICIClassification-grade2c"> </a></td><td>Grade 2c</td><td>Grade 2c: Near complete perfusion except for slow flow or distal emboli in a few distal cortical vessels</td></tr><tr><td>1</td><td style="white-space:nowrap">grade3<a name="MTICIClassification-grade3"> </a></td><td>Grade 3</td><td>Grade 3: Complete antegrade reperfusion of the previously occluded target artery ischemic territory, with absence of visualized occlusion in all distal branches</td></tr></table></div>
  </text>
  <url value="https://kip.rkkp.dk/fhir/CodeSystem/MTICIClassification"/>
  <version value="0.1.8"/>
  <name value="MTICIClassification"/>
  <title value="Modified treatment in cerebral ischemia (mTICI) score"/>
  <status value="active"/>
  <date value="2022-06-28T00:00:00+02:00"/>
  <publisher value="Sundhedsvæsnets Kvalistetsinstitut with Trifork Digital Health A/S"/>
  <contact>
    <name value="Sundhedsvæsnets Kvalistetsinstitut with Trifork Digital Health A/S"/>
    <telecom>
      <system value="url"/>
      <value value="https://trifork.com"/>
    </telecom>
    <telecom>
      <system value="email"/>
      <value value="rbk@trifork.com"/>
    </telecom>
  </contact>
  <description value="Modified treatment in cerebral ischemia (mTICI) score; Link: https://radiopaedia.org/articles/modified-treatment-in-cerebral-ischaemia-mtici-score"/>
  <caseSensitive value="false"/>
  <content value="complete"/>
  <count value="7"/>
  <concept>
    <code value="grade0"/>
    <display value="Grade 0"/>
    <definition value="Grade 0: No perfusion"/>
  </concept>
  <concept>
    <code value="grade1"/>
    <display value="Grade 1"/>
    <definition value="Grade 1: Antegrade reperfusion past the initial occlusion, but limited distal branch filling with little or slow distal reperfusion"/>
  </concept>
  <concept>
    <code value="grade2"/>
    <display value="Grade 2"/>
    <definition value="Grade 2"/>
    <concept>
      <code value="grade2a"/>
      <display value="Grade 2a"/>
      <definition value="Grade 2a: Antegrade reperfusion of less than half of the occluded target artery previously ischemic territory (e.g. in one major division of the middle cerebral artery (MCA) and its territory)"/>
    </concept>
    <concept>
      <code value="grade2b"/>
      <display value="Grade 2b"/>
      <definition value="Grade 2b: Antegrade reperfusion of more than half of the previously occluded target artery ischemic territory (e.g. in two major divisions of the MCA and their territories)"/>
    </concept>
    <concept>
      <code value="grade2c"/>
      <display value="Grade 2c"/>
      <definition value="Grade 2c: Near complete perfusion except for slow flow or distal emboli in a few distal cortical vessels"/>
    </concept>
  </concept>
  <concept>
    <code value="grade3"/>
    <display value="Grade 3"/>
    <definition value="Grade 3: Complete antegrade reperfusion of the previously occluded target artery ischemic territory, with absence of visualized occlusion in all distal branches"/>
  </concept>
</CodeSystem>