<?xml version="1.0" encoding="UTF-8"?>

<CodeSystem xmlns="http://hl7.org/fhir">
  <id value="IkkeBesvaret"/>
  <text>
    <status value="generated"/><div xmlns="http://www.w3.org/1999/xhtml"><p class="res-header-id"><b>Generated Narrative: CodeSystem IkkeBesvaret</b></p><a name="IkkeBesvaret"> </a><a name="hcIkkeBesvaret"> </a><a name="IkkeBesvaret-en-US"> </a><p>This  code system <code>https://kip.rkkp.dk/fhir/CodeSystem/IkkeBesvaret</code> defines the following codes:</p><table class="codes"><tr><td style="white-space:nowrap"><b>Code</b></td><td><b>Display</b></td><td><b>Definition</b></td></tr><tr><td style="white-space:nowrap">ej_tilg<a name="IkkeBesvaret-ej_tilg"> </a></td><td>Ikke tilgængelig</td><td>Data ikke tilgængelig</td></tr><tr><td style="white-space:nowrap">ej_udt<a name="IkkeBesvaret-ej_udt"> </a></td><td>Ikke udtømmende</td><td>Svarmuligheder er ikke udtømmende</td></tr><tr><td style="white-space:nowrap">na<a name="IkkeBesvaret-na"> </a></td><td>ikke relevant</td><td>Ikke relevant</td></tr></table></div>
  </text>
  <url value="https://kip.rkkp.dk/fhir/CodeSystem/IkkeBesvaret"/>
  <version value="2.9.0"/>
  <name value="IkkeBesvaret"/>
  <title value="Ikke besvaret"/>
  <status value="active"/>
  <date value="2022-10-19T00:00:00+02:00"/>
  <publisher value="Sundhedsvæsnets Kvalistetsinstitut with Trifork Digital Health A/S"/>
  <contact>
    <name value="Sundhedsvæsnets Kvalistetsinstitut with Trifork Digital Health A/S"/>
    <telecom>
      <system value="url"/>
      <value value="https://trifork.com"/>
    </telecom>
    <telecom>
      <system value="email"/>
      <value value="rbk@trifork.com"/>
    </telecom>
  </contact>
  <description value="Årsager til ikke-besvaret spørgsmål"/>
  <content value="complete"/>
  <count value="3"/>
  <concept>
    <code value="ej_tilg"/>
    <display value="Ikke tilgængelig"/>
    <definition value="Data ikke tilgængelig"/>
  </concept>
  <concept>
    <code value="ej_udt"/>
    <display value="Ikke udtømmende"/>
    <definition value="Svarmuligheder er ikke udtømmende"/>
  </concept>
  <concept>
    <code value="na"/>
    <display value="ikke relevant"/>
    <definition value="Ikke relevant"/>
  </concept>
</CodeSystem>