<?xml version="1.0" encoding="UTF-8"?>

<CodeSystem xmlns="http://hl7.org/fhir">
  <id value="BlockTypes"/>
  <text>
    <status value="generated"/><div xmlns="http://www.w3.org/1999/xhtml"><p class="res-header-id"><b>Generated Narrative: CodeSystem BlockTypes</b></p><a name="BlockTypes"> </a><a name="hcBlockTypes"> </a><a name="BlockTypes-en-US"> </a><p>This  code system <code>https://kip.rkkp.dk/fhir/CodeSystem/BlockTypes</code> defines the following codes in an undefined hierarchy:</p><table class="codes"><tr><td><b>Lvl</b></td><td style="white-space:nowrap"><b>Code</b></td><td><b>Display</b></td><td><b>Definition</b></td></tr><tr><td>1</td><td style="white-space:nowrap">central_block_types<a name="BlockTypes-central_block_types"> </a></td><td>Block given peropratively</td><td>Blokade anlagt peroperativt</td></tr><tr><td>2</td><td style="white-space:nowrap">  epidural_cervical<a name="BlockTypes-epidural_cervical"> </a></td><td>Epidural Cervical</td><td>Epidural Cervical</td></tr><tr><td>2</td><td style="white-space:nowrap">  epidural_thorakal<a name="BlockTypes-epidural_thorakal"> </a></td><td>Epidural Thorakal</td><td>Epidural Thorakal</td></tr><tr><td>2</td><td style="white-space:nowrap">  epidural_lumbal<a name="BlockTypes-epidural_lumbal"> </a></td><td>Epidural Lumbal</td><td>Epidural Lumbal</td></tr><tr><td>2</td><td style="white-space:nowrap">  epidural_sakral<a name="BlockTypes-epidural_sakral"> </a></td><td>Epidural Sakral</td><td>Epidural Sakral</td></tr><tr><td>2</td><td style="white-space:nowrap">  epidural+spinal<a name="BlockTypes-epidural.43spinal"> </a></td><td>Epidural+Spinal</td><td>Epidural+Spinal</td></tr><tr><td>2</td><td style="white-space:nowrap">  spinal_lumbal&quot;<a name="BlockTypes-spinal_lumbal.34"> </a></td><td>Spinal lumbal</td><td>Spinal lumbal</td></tr><tr><td>2</td><td style="white-space:nowrap">  spinal_catheter<a name="BlockTypes-spinal_catheter"> </a></td><td>Spinal catheter</td><td>Spinal kateter</td></tr><tr><td>1</td><td style="white-space:nowrap">nerve-block_upper_extr<a name="BlockTypes-nerve-block_upper_extr"> </a></td><td>Block types upper extremities</td><td>Type Perifer nerveblokade Overekstremitet</td></tr><tr><td>2</td><td style="white-space:nowrap">  plexus_cervicalis&quot;<a name="BlockTypes-plexus_cervicalis.34"> </a></td><td>Plexus cervicalis</td><td/></tr><tr><td>2</td><td style="white-space:nowrap">  interscalener&quot;<a name="BlockTypes-interscalener.34"> </a></td><td>Interscalener (Skalener)</td><td/></tr><tr><td>2</td><td style="white-space:nowrap">  supraclavicular&quot;<a name="BlockTypes-supraclavicular.34"> </a></td><td>Supraklavikulær</td><td/></tr><tr><td>2</td><td style="white-space:nowrap">  infraclavicular&quot;<a name="BlockTypes-infraclavicular.34"> </a></td><td>Infraklavikulær</td><td/></tr><tr><td>2</td><td style="white-space:nowrap">  aksil&quot;<a name="BlockTypes-aksil.34"> </a></td><td>Aksil</td><td/></tr><tr><td>2</td><td style="white-space:nowrap">  suprascapularis&quot;<a name="BlockTypes-suprascapularis.34"> </a></td><td>N. Suprascapularis</td><td/></tr><tr><td>2</td><td style="white-space:nowrap">  axillaris&quot;<a name="BlockTypes-axillaris.34"> </a></td><td>N. Axillaris</td><td/></tr><tr><td>2</td><td style="white-space:nowrap">  musculocutaneus&quot;<a name="BlockTypes-musculocutaneus.34"> </a></td><td>N. Musculocutaneus</td><td/></tr><tr><td>2</td><td style="white-space:nowrap">  medianus&quot;<a name="BlockTypes-medianus.34"> </a></td><td>N. Medianus</td><td/></tr><tr><td>2</td><td style="white-space:nowrap">  radialis&quot;<a name="BlockTypes-radialis.34"> </a></td><td>N. Radialis</td><td/></tr><tr><td>2</td><td style="white-space:nowrap">  ulnaris&quot;<a name="BlockTypes-ulnaris.34"> </a></td><td>N. Ulnaris</td><td/></tr><tr><td>1</td><td style="white-space:nowrap">nerve-block_lower_extr<a name="BlockTypes-nerve-block_lower_extr"> </a></td><td>Block types lower extremities</td><td>Type Perifer nerveblokade Underekstremitet</td></tr><tr><td>2</td><td style="white-space:nowrap">  plexus_lumbalis<a name="BlockTypes-plexus_lumbalis"> </a></td><td>Plexus lumbalis</td><td>Plexus lumbalis</td></tr><tr><td>2</td><td style="white-space:nowrap">  plexus_lumbosacralis<a name="BlockTypes-plexus_lumbosacralis"> </a></td><td>Plexus lumbosacralis</td><td>Plexus lumbosacralis</td></tr><tr><td>2</td><td style="white-space:nowrap">  plexus_sacralis<a name="BlockTypes-plexus_sacralis"> </a></td><td>Plexus sacralis</td><td>Plexus sacralis</td></tr><tr><td>2</td><td style="white-space:nowrap">  femoralis<a name="BlockTypes-femoralis"> </a></td><td>N. Femoralis</td><td>N. Femoralis</td></tr><tr><td>2</td><td style="white-space:nowrap">  cutaneus_femoris_lateralis<a name="BlockTypes-cutaneus_femoris_lateralis"> </a></td><td>N. Cutaneus femoris lateralis</td><td>N. Cutaneus femoris lateralis</td></tr><tr><td>2</td><td style="white-space:nowrap">  saphenus<a name="BlockTypes-saphenus"> </a></td><td>N. Saphenus</td><td>N. Saphenus</td></tr><tr><td>2</td><td style="white-space:nowrap">  obturatorius<a name="BlockTypes-obturatorius"> </a></td><td>N. Obturatoriusblock</td><td>N. Obturatoriusblokade</td></tr><tr><td>2</td><td style="white-space:nowrap">  ischiadicus_poplitea<a name="BlockTypes-ischiadicus_poplitea"> </a></td><td>N. Ischiadicus/poplitea block</td><td>N. Ischiadicus/poplitea blokade</td></tr><tr><td>2</td><td style="white-space:nowrap">  tibialis<a name="BlockTypes-tibialis"> </a></td><td>N. Tibialis</td><td>N. Tibialis</td></tr><tr><td>2</td><td style="white-space:nowrap">  peroneus<a name="BlockTypes-peroneus"> </a></td><td>Peroneus (communis) block</td><td>Peroneus (communis) blokade</td></tr><tr><td>1</td><td style="white-space:nowrap">nerve-block_other<a name="BlockTypes-nerve-block_other"> </a></td><td>Block types other</td><td>Type Perifer nerveblokade Trunkal/Abdominal/Øvrige</td></tr><tr><td>2</td><td style="white-space:nowrap">  thorakal_Paravertebral<a name="BlockTypes-thorakal_Paravertebral"> </a></td><td>Thorakal Paravertebral block</td><td>Thorakal Paravertebral blokade</td></tr><tr><td>2</td><td style="white-space:nowrap">  intercostal<a name="BlockTypes-intercostal"> </a></td><td>Intercostal block</td><td>Intercostal blokade</td></tr><tr><td>2</td><td style="white-space:nowrap">  quadratus_lumborum<a name="BlockTypes-quadratus_lumborum"> </a></td><td>Quadratus lumborum block</td><td>Quadratus lumborum blokade</td></tr><tr><td>2</td><td style="white-space:nowrap">  transversus_abdominis<a name="BlockTypes-transversus_abdominis"> </a></td><td>Transversus abdominis plane (TAP) block</td><td>Transversus abdominis plane (TAP) blokade</td></tr><tr><td>2</td><td style="white-space:nowrap">  ilioinguinalis_iliohypogastricus<a name="BlockTypes-ilioinguinalis_iliohypogastricus"> </a></td><td>Ilioinguinalis/iliohypogastricus</td><td>Ilioinguinalis/iliohypogastricus</td></tr><tr><td>2</td><td style="white-space:nowrap">  pectoralis<a name="BlockTypes-pectoralis"> </a></td><td>N. Pectoralis</td><td>N. Pectoralis</td></tr><tr><td>1</td><td style="white-space:nowrap">other<a name="BlockTypes-other"> </a></td><td>Other block type</td><td>Anden blokadetype</td></tr></table></div>
  </text>
  <url value="https://kip.rkkp.dk/fhir/CodeSystem/BlockTypes"/>
  <version value="2.9.3"/>
  <name value="BlockTypes"/>
  <title value="Typer af blokader"/>
  <status value="active"/>
  <date value="2022-06-09T00:00:00+02:00"/>
  <publisher value="Sundhedsvæsenets Kvalitetsinstitut with Trifork Digital Health A/S"/>
  <contact>
    <name value="Sundhedsvæsenets Kvalitetsinstitut with Trifork Digital Health A/S"/>
    <telecom>
      <system value="url"/>
      <value value="https://trifork.com"/>
    </telecom>
    <telecom>
      <system value="email"/>
      <value value="rbk@trifork.com"/>
    </telecom>
  </contact>
  <description value="Blokader - Central, Underekstremitet, Overekstremitet"/>
  <content value="complete"/>
  <count value="39"/>
  <concept>
    <code value="central_block_types"/>
    <display value="Block given peropratively"/>
    <definition value="Blokade anlagt peroperativt"/>
    <concept>
      <code value="epidural_cervical"/>
      <display value="Epidural Cervical"/>
      <definition value="Epidural Cervical"/>
    </concept>
    <concept>
      <code value="epidural_thorakal"/>
      <display value="Epidural Thorakal"/>
      <definition value="Epidural Thorakal"/>
    </concept>
    <concept>
      <code value="epidural_lumbal"/>
      <display value="Epidural Lumbal"/>
      <definition value="Epidural Lumbal"/>
    </concept>
    <concept>
      <code value="epidural_sakral"/>
      <display value="Epidural Sakral"/>
      <definition value="Epidural Sakral"/>
    </concept>
    <concept>
      <code value="epidural+spinal"/>
      <display value="Epidural+Spinal"/>
      <definition value="Epidural+Spinal"/>
    </concept>
    <concept>
      <code value="spinal_lumbal&quot;"/>
      <display value="Spinal lumbal"/>
      <definition value="Spinal lumbal"/>
    </concept>
    <concept>
      <code value="spinal_catheter"/>
      <display value="Spinal catheter"/>
      <definition value="Spinal kateter"/>
    </concept>
  </concept>
  <concept>
    <code value="nerve-block_upper_extr"/>
    <display value="Block types upper extremities"/>
    <definition value="Type Perifer nerveblokade Overekstremitet"/>
    <concept>
      <code value="plexus_cervicalis&quot;"/>
      <display value="Plexus cervicalis"/>
    </concept>
    <concept>
      <code value="interscalener&quot;"/>
      <display value="Interscalener (Skalener)"/>
    </concept>
    <concept>
      <code value="supraclavicular&quot;"/>
      <display value="Supraklavikulær"/>
    </concept>
    <concept>
      <code value="infraclavicular&quot;"/>
      <display value="Infraklavikulær"/>
    </concept>
    <concept>
      <code value="aksil&quot;"/>
      <display value="Aksil"/>
    </concept>
    <concept>
      <code value="suprascapularis&quot;"/>
      <display value="N. Suprascapularis"/>
    </concept>
    <concept>
      <code value="axillaris&quot;"/>
      <display value="N. Axillaris"/>
    </concept>
    <concept>
      <code value="musculocutaneus&quot;"/>
      <display value="N. Musculocutaneus"/>
    </concept>
    <concept>
      <code value="medianus&quot;"/>
      <display value="N. Medianus"/>
    </concept>
    <concept>
      <code value="radialis&quot;"/>
      <display value="N. Radialis"/>
    </concept>
    <concept>
      <code value="ulnaris&quot;"/>
      <display value="N. Ulnaris"/>
    </concept>
  </concept>
  <concept>
    <code value="nerve-block_lower_extr"/>
    <display value="Block types lower extremities"/>
    <definition value="Type Perifer nerveblokade Underekstremitet"/>
    <concept>
      <code value="plexus_lumbalis"/>
      <display value="Plexus lumbalis"/>
      <definition value="Plexus lumbalis"/>
    </concept>
    <concept>
      <code value="plexus_lumbosacralis"/>
      <display value="Plexus lumbosacralis"/>
      <definition value="Plexus lumbosacralis"/>
    </concept>
    <concept>
      <code value="plexus_sacralis"/>
      <display value="Plexus sacralis"/>
      <definition value="Plexus sacralis"/>
    </concept>
    <concept>
      <code value="femoralis"/>
      <display value="N. Femoralis"/>
      <definition value="N. Femoralis"/>
    </concept>
    <concept>
      <code value="cutaneus_femoris_lateralis"/>
      <display value="N. Cutaneus femoris lateralis"/>
      <definition value="N. Cutaneus femoris lateralis"/>
    </concept>
    <concept>
      <code value="saphenus"/>
      <display value="N. Saphenus"/>
      <definition value="N. Saphenus"/>
    </concept>
    <concept>
      <code value="obturatorius"/>
      <display value="N. Obturatoriusblock"/>
      <definition value="N. Obturatoriusblokade"/>
    </concept>
    <concept>
      <code value="ischiadicus_poplitea"/>
      <display value="N. Ischiadicus/poplitea block"/>
      <definition value="N. Ischiadicus/poplitea blokade"/>
    </concept>
    <concept>
      <code value="tibialis"/>
      <display value="N. Tibialis"/>
      <definition value="N. Tibialis"/>
    </concept>
    <concept>
      <code value="peroneus"/>
      <display value="Peroneus (communis) block"/>
      <definition value="Peroneus (communis) blokade"/>
    </concept>
  </concept>
  <concept>
    <code value="nerve-block_other"/>
    <display value="Block types other"/>
    <definition value="Type Perifer nerveblokade Trunkal/Abdominal/Øvrige"/>
    <concept>
      <code value="thorakal_Paravertebral"/>
      <display value="Thorakal Paravertebral block"/>
      <definition value="Thorakal Paravertebral blokade"/>
    </concept>
    <concept>
      <code value="intercostal"/>
      <display value="Intercostal block"/>
      <definition value="Intercostal blokade"/>
    </concept>
    <concept>
      <code value="quadratus_lumborum"/>
      <display value="Quadratus lumborum block"/>
      <definition value="Quadratus lumborum blokade"/>
    </concept>
    <concept>
      <code value="transversus_abdominis"/>
      <display value="Transversus abdominis plane (TAP) block"/>
      <definition value="Transversus abdominis plane (TAP) blokade"/>
    </concept>
    <concept>
      <code value="ilioinguinalis_iliohypogastricus"/>
      <display value="Ilioinguinalis/iliohypogastricus"/>
      <definition value="Ilioinguinalis/iliohypogastricus"/>
    </concept>
    <concept>
      <code value="pectoralis"/>
      <display value="N. Pectoralis"/>
      <definition value="N. Pectoralis"/>
    </concept>
  </concept>
  <concept>
    <code value="other"/>
    <display value="Other block type"/>
    <definition value="Anden blokadetype"/>
  </concept>
</CodeSystem>