<?xml version="1.0" encoding="UTF-8"?>

<CodeSystem xmlns="http://hl7.org/fhir">
  <id value="Medicine"/>
  <text>
    <status value="generated"/><div xmlns="http://www.w3.org/1999/xhtml"><p class="res-header-id"><b>Generated Narrative: CodeSystem Medicine</b></p><a name="Medicine"> </a><a name="hcMedicine"> </a><a name="Medicine-en-US"> </a><p>This case-insensitive code system <code>https://kip.sundk.dk/fhir/CodeSystem/Medicine</code> defines the following codes:</p><table class="codes"><tr><td style="white-space:nowrap"><b>Code</b></td><td><b>Display</b></td><td><b>Definition</b></td></tr><tr><td style="white-space:nowrap">beh-vitamin_k<a name="Medicine-beh-vitamin_k"> </a></td><td>Vitamin-K-antagonist</td><td>Behandling med vitamin-K-antagonist</td></tr><tr><td style="white-space:nowrap">noak_a<a name="Medicine-noak_a"> </a></td><td>NOAK halv dosis</td><td>NOAK halv dosis</td></tr><tr><td style="white-space:nowrap">noak_b<a name="Medicine-noak_b"> </a></td><td>NOAK fuld dosis</td><td>NOAK fuld dosis</td></tr><tr><td style="white-space:nowrap">antibiotics<a name="Medicine-antibiotics"> </a></td><td>Antibiotics</td><td>Antibiotics / Antibiotika</td></tr><tr><td style="white-space:nowrap">penicillin<a name="Medicine-penicillin"> </a></td><td>Penicillin</td><td>Penicillin</td></tr><tr><td style="white-space:nowrap">penicillinase_stabile<a name="Medicine-penicillinase_stabile"> </a></td><td>Penicillinasestabilt penicilin</td><td>Penicillinasestabilt penicilin</td></tr><tr><td style="white-space:nowrap">cephalosporin<a name="Medicine-cephalosporin"> </a></td><td>Cefalosporin</td><td>Cefalosporin</td></tr><tr><td style="white-space:nowrap">alteplase<a name="Medicine-alteplase"> </a></td><td>Actilyse (alteplase)</td><td>Actilyse (alteplase)</td></tr><tr><td style="white-space:nowrap">tenecteplase<a name="Medicine-tenecteplase"> </a></td><td>Metalyse (tenecteplase)</td><td>Metalyse (tenecteplase)</td></tr></table></div>
  </text>
  <url value="https://kip.sundk.dk/fhir/CodeSystem/Medicine"/>
  <version value="0.0.9"/>
  <name value="Medicine"/>
  <title value="Medicine"/>
  <status value="active"/>
  <date value="2022-10-06T00:00:00+02:00"/>
  <publisher value="Sundhedsvæsnets Kvalistetsinstitut with Trifork Public A/S"/>
  <contact>
    <name value="Sundhedsvæsnets Kvalistetsinstitut with Trifork Public A/S"/>
    <telecom>
      <system value="url"/>
      <value value="https://trifork.com"/>
    </telecom>
    <telecom>
      <system value="email"/>
      <value value="rbk@trifork.com"/>
    </telecom>
  </contact>
  <description value="Medicine"/>
  <caseSensitive value="false"/>
  <content value="complete"/>
  <count value="9"/>
  <concept>
    <code value="beh-vitamin_k"/>
    <display value="Vitamin-K-antagonist"/>
    <definition value="Behandling med vitamin-K-antagonist"/>
  </concept>
  <concept>
    <code value="noak_a"/>
    <display value="NOAK halv dosis"/>
    <definition value="NOAK halv dosis"/>
  </concept>
  <concept>
    <code value="noak_b"/>
    <display value="NOAK fuld dosis"/>
    <definition value="NOAK fuld dosis"/>
  </concept>
  <concept>
    <code value="antibiotics"/>
    <display value="Antibiotics"/>
    <definition value="Antibiotics / Antibiotika"/>
  </concept>
  <concept>
    <code value="penicillin"/>
    <display value="Penicillin"/>
    <definition value="Penicillin"/>
  </concept>
  <concept>
    <code value="penicillinase_stabile"/>
    <display value="Penicillinasestabilt penicilin"/>
    <definition value="Penicillinasestabilt penicilin"/>
  </concept>
  <concept>
    <code value="cephalosporin"/>
    <display value="Cefalosporin"/>
    <definition value="Cefalosporin"/>
  </concept>
  <concept>
    <code value="alteplase"/>
    <display value="Actilyse (alteplase)"/>
    <definition value="Actilyse (alteplase)"/>
  </concept>
  <concept>
    <code value="tenecteplase"/>
    <display value="Metalyse (tenecteplase)"/>
    <definition value="Metalyse (tenecteplase)"/>
  </concept>
</CodeSystem>