<?xml version="1.0" encoding="UTF-8"?>

<CodeSystem xmlns="http://hl7.org/fhir">
  <id value="ReoperationCause"/>
  <text>
    <status value="generated"/><div xmlns="http://www.w3.org/1999/xhtml"><p class="res-header-id"><b>Generated Narrative: CodeSystem ReoperationCause</b></p><a name="ReoperationCause"> </a><a name="hcReoperationCause"> </a><a name="ReoperationCause-en-US"> </a><p>This  code system <code>https://kip.rkkp.dk/fhir/CodeSystem/ReoperationCause</code> defines the following codes:</p><table class="codes"><tr><td style="white-space:nowrap"><b>Code</b></td><td><b>Display</b></td><td><b>Definition</b></td></tr><tr><td style="white-space:nowrap">infection<a name="ReoperationCause-infection"> </a></td><td>Infection</td><td>Infektion</td></tr><tr><td style="white-space:nowrap">movement_restriction<a name="ReoperationCause-movement_restriction"> </a></td><td>Movement restriction</td><td>Bevægelsesindskrænkning (artrofibrose)</td></tr><tr><td style="white-space:nowrap">meniscus_damage<a name="ReoperationCause-meniscus_damage"> </a></td><td>Meniscus damage</td><td>Menisk skade</td></tr><tr><td style="white-space:nowrap">cartilage_damage<a name="ReoperationCause-cartilage_damage"> </a></td><td>Cartilage damage</td><td>Brusk skade</td></tr><tr><td style="white-space:nowrap">implant_removed<a name="ReoperationCause-implant_removed"> </a></td><td>Implant removed</td><td>Implantat fjernet</td></tr><tr><td style="white-space:nowrap">cicatricial_tissue<a name="ReoperationCause-cicatricial_tissue"> </a></td><td>Cicatricial tissue</td><td>Arvæv/Cyklop dannelse</td></tr></table></div>
  </text>
  <url value="https://kip.rkkp.dk/fhir/CodeSystem/ReoperationCause"/>
  <version value="2.9.3"/>
  <name value="ReoperationCause"/>
  <title value="Cause of reoperation"/>
  <status value="active"/>
  <date value="2022-12-06T00:00:00+02:00"/>
  <publisher value="Sundhedsvæsenets Kvalitetsinstitut with Trifork Digital Health A/S"/>
  <contact>
    <name value="Sundhedsvæsenets Kvalitetsinstitut with Trifork Digital Health A/S"/>
    <telecom>
      <system value="url"/>
      <value value="https://trifork.com"/>
    </telecom>
    <telecom>
      <system value="email"/>
      <value value="rbk@trifork.com"/>
    </telecom>
  </contact>
  <description value="Cause of reoperation"/>
  <content value="complete"/>
  <count value="6"/>
  <concept>
    <code value="infection"/>
    <display value="Infection"/>
    <definition value="Infektion"/>
  </concept>
  <concept>
    <code value="movement_restriction"/>
    <display value="Movement restriction"/>
    <definition value="Bevægelsesindskrænkning (artrofibrose)"/>
  </concept>
  <concept>
    <code value="meniscus_damage"/>
    <display value="Meniscus damage"/>
    <definition value="Menisk skade"/>
  </concept>
  <concept>
    <code value="cartilage_damage"/>
    <display value="Cartilage damage"/>
    <definition value="Brusk skade"/>
  </concept>
  <concept>
    <code value="implant_removed"/>
    <display value="Implant removed"/>
    <definition value="Implantat fjernet"/>
  </concept>
  <concept>
    <code value="cicatricial_tissue"/>
    <display value="Cicatricial tissue"/>
    <definition value="Arvæv/Cyklop dannelse"/>
  </concept>
</CodeSystem>