<?xml version="1.0" encoding="UTF-8"?>

<CodeSystem xmlns="http://hl7.org/fhir">
  <id value="IntervalsExact"/>
  <text>
    <status value="generated"/><div xmlns="http://www.w3.org/1999/xhtml"><p class="res-header-id"><b>Generated Narrative: CodeSystem IntervalsExact</b></p><a name="IntervalsExact"> </a><a name="hcIntervalsExact"> </a><a name="IntervalsExact-en-US"> </a><p>This case-insensitive code system <code>https://kip.sundk.dk/fhir/CodeSystem/IntervalsExact</code> defines the following codes:</p><table class="codes"><tr><td style="white-space:nowrap"><b>Code</b></td><td><b>Display</b></td><td><b>Definition</b></td></tr><tr><td style="white-space:nowrap">m10<a name="IntervalsExact-m10"> </a></td><td>-10</td><td>-10,0</td></tr><tr><td style="white-space:nowrap">m9-5<a name="IntervalsExact-m9-5"> </a></td><td>-9,5</td><td>-9,5</td></tr><tr><td style="white-space:nowrap">m9<a name="IntervalsExact-m9"> </a></td><td>-9</td><td>-9,0</td></tr><tr><td style="white-space:nowrap">m8-5<a name="IntervalsExact-m8-5"> </a></td><td>-8,5</td><td>-8,5</td></tr><tr><td style="white-space:nowrap">m8<a name="IntervalsExact-m8"> </a></td><td>-8</td><td>-8,0</td></tr><tr><td style="white-space:nowrap">m7-5<a name="IntervalsExact-m7-5"> </a></td><td>-7,5</td><td>-7,5</td></tr><tr><td style="white-space:nowrap">m7<a name="IntervalsExact-m7"> </a></td><td>-7</td><td>-7,0</td></tr><tr><td style="white-space:nowrap">m6-5<a name="IntervalsExact-m6-5"> </a></td><td>-6,5</td><td>-6,5</td></tr><tr><td style="white-space:nowrap">m6<a name="IntervalsExact-m6"> </a></td><td>-6</td><td>-6,0</td></tr><tr><td style="white-space:nowrap">m5-5<a name="IntervalsExact-m5-5"> </a></td><td>-5,5</td><td>-5,5</td></tr><tr><td style="white-space:nowrap">m5<a name="IntervalsExact-m5"> </a></td><td>-5</td><td>-5,0</td></tr><tr><td style="white-space:nowrap">m4-5<a name="IntervalsExact-m4-5"> </a></td><td>-4,5</td><td>-4,5</td></tr><tr><td style="white-space:nowrap">m4<a name="IntervalsExact-m4"> </a></td><td>-4</td><td>-4,0</td></tr><tr><td style="white-space:nowrap">m3-5<a name="IntervalsExact-m3-5"> </a></td><td>-3,5</td><td>-3,5</td></tr><tr><td style="white-space:nowrap">m3<a name="IntervalsExact-m3"> </a></td><td>-3</td><td>-3,0</td></tr><tr><td style="white-space:nowrap">m2-5<a name="IntervalsExact-m2-5"> </a></td><td>-2,5</td><td>-2,5</td></tr><tr><td style="white-space:nowrap">m2<a name="IntervalsExact-m2"> </a></td><td>-2</td><td>-2,0</td></tr><tr><td style="white-space:nowrap">m1-5<a name="IntervalsExact-m1-5"> </a></td><td>-1,5</td><td>-1,5</td></tr><tr><td style="white-space:nowrap">m1<a name="IntervalsExact-m1"> </a></td><td>-1</td><td>-1,0</td></tr><tr><td style="white-space:nowrap">m0-5<a name="IntervalsExact-m0-5"> </a></td><td>-0,5</td><td>-0,5</td></tr><tr><td style="white-space:nowrap">0<a name="IntervalsExact-0"> </a></td><td>0</td><td>0,0</td></tr><tr><td style="white-space:nowrap">0-5<a name="IntervalsExact-0-5"> </a></td><td>0,5</td><td>0,5</td></tr><tr><td style="white-space:nowrap">1<a name="IntervalsExact-1"> </a></td><td>1</td><td>1,0</td></tr><tr><td style="white-space:nowrap">1-5<a name="IntervalsExact-1-5"> </a></td><td>1,5</td><td>1,5</td></tr><tr><td style="white-space:nowrap">2<a name="IntervalsExact-2"> </a></td><td>2</td><td>2,0</td></tr><tr><td style="white-space:nowrap">2-5<a name="IntervalsExact-2-5"> </a></td><td>2,5</td><td>2,5</td></tr><tr><td style="white-space:nowrap">3<a name="IntervalsExact-3"> </a></td><td>3</td><td>3,0</td></tr><tr><td style="white-space:nowrap">3-5<a name="IntervalsExact-3-5"> </a></td><td>3,5</td><td>3,5</td></tr><tr><td style="white-space:nowrap">4<a name="IntervalsExact-4"> </a></td><td>4</td><td>4,0</td></tr><tr><td style="white-space:nowrap">4-5<a name="IntervalsExact-4-5"> </a></td><td>4,5</td><td>4,5</td></tr><tr><td style="white-space:nowrap">5<a name="IntervalsExact-5"> </a></td><td>5</td><td>5,0</td></tr><tr><td style="white-space:nowrap">5-5<a name="IntervalsExact-5-5"> </a></td><td>5,5</td><td>5,5</td></tr><tr><td style="white-space:nowrap">6<a name="IntervalsExact-6"> </a></td><td>6</td><td>6,0</td></tr><tr><td style="white-space:nowrap">6-5<a name="IntervalsExact-6-5"> </a></td><td>6,5</td><td>6,5</td></tr><tr><td style="white-space:nowrap">7<a name="IntervalsExact-7"> </a></td><td>7</td><td>7,0</td></tr><tr><td style="white-space:nowrap">7-5<a name="IntervalsExact-7-5"> </a></td><td>7,5</td><td>7,5</td></tr><tr><td style="white-space:nowrap">8<a name="IntervalsExact-8"> </a></td><td>8</td><td>8,0</td></tr><tr><td style="white-space:nowrap">8-5<a name="IntervalsExact-8-5"> </a></td><td>8,5</td><td>8,5</td></tr><tr><td style="white-space:nowrap">9<a name="IntervalsExact-9"> </a></td><td>9</td><td>9,0</td></tr><tr><td style="white-space:nowrap">9-5<a name="IntervalsExact-9-5"> </a></td><td>9,5</td><td>9,5</td></tr><tr><td style="white-space:nowrap">10<a name="IntervalsExact-10"> </a></td><td>10</td><td>10,0</td></tr><tr><td style="white-space:nowrap">10-5<a name="IntervalsExact-10-5"> </a></td><td>10,5</td><td>10,5</td></tr><tr><td style="white-space:nowrap">11<a name="IntervalsExact-11"> </a></td><td>11</td><td>11,0</td></tr><tr><td style="white-space:nowrap">11-5<a name="IntervalsExact-11-5"> </a></td><td>11,5</td><td>1,5</td></tr><tr><td style="white-space:nowrap">12<a name="IntervalsExact-12"> </a></td><td>12</td><td>12,0</td></tr><tr><td style="white-space:nowrap">12-5<a name="IntervalsExact-12-5"> </a></td><td>12,5</td><td>2,5</td></tr><tr><td style="white-space:nowrap">13<a name="IntervalsExact-13"> </a></td><td>13</td><td>13,0</td></tr><tr><td style="white-space:nowrap">13-5<a name="IntervalsExact-13-5"> </a></td><td>13,5</td><td>3,5</td></tr><tr><td style="white-space:nowrap">14<a name="IntervalsExact-14"> </a></td><td>14</td><td>14,0</td></tr><tr><td style="white-space:nowrap">14-5<a name="IntervalsExact-14-5"> </a></td><td>14,5</td><td>4,5</td></tr><tr><td style="white-space:nowrap">15<a name="IntervalsExact-15"> </a></td><td>15</td><td>15,0</td></tr></table></div>
  </text>
  <url value="https://kip.sundk.dk/fhir/CodeSystem/IntervalsExact"/>
  <version value="0.0.9"/>
  <name value="IntervalsExact"/>
  <title value="Intervaller eksakte værdier"/>
  <status value="active"/>
  <date value="2024-02-13T00:00:00+02:00"/>
  <publisher value="Sundhedsvæsnets Kvalistetsinstitut with Trifork Public A/S"/>
  <contact>
    <name value="Sundhedsvæsnets Kvalistetsinstitut with Trifork Public A/S"/>
    <telecom>
      <system value="url"/>
      <value value="https://trifork.com"/>
    </telecom>
    <telecom>
      <system value="email"/>
      <value value="rbk@trifork.com"/>
    </telecom>
  </contact>
  <description value="Intervaller med varierende eksakte værdier"/>
  <caseSensitive value="false"/>
  <content value="complete"/>
  <count value="51"/>
  <concept>
    <code value="m10"/>
    <display value="-10"/>
    <definition value="-10,0"/>
  </concept>
  <concept>
    <code value="m9-5"/>
    <display value="-9,5"/>
    <definition value="-9,5"/>
  </concept>
  <concept>
    <code value="m9"/>
    <display value="-9"/>
    <definition value="-9,0"/>
  </concept>
  <concept>
    <code value="m8-5"/>
    <display value="-8,5"/>
    <definition value="-8,5"/>
  </concept>
  <concept>
    <code value="m8"/>
    <display value="-8"/>
    <definition value="-8,0"/>
  </concept>
  <concept>
    <code value="m7-5"/>
    <display value="-7,5"/>
    <definition value="-7,5"/>
  </concept>
  <concept>
    <code value="m7"/>
    <display value="-7"/>
    <definition value="-7,0"/>
  </concept>
  <concept>
    <code value="m6-5"/>
    <display value="-6,5"/>
    <definition value="-6,5"/>
  </concept>
  <concept>
    <code value="m6"/>
    <display value="-6"/>
    <definition value="-6,0"/>
  </concept>
  <concept>
    <code value="m5-5"/>
    <display value="-5,5"/>
    <definition value="-5,5"/>
  </concept>
  <concept>
    <code value="m5"/>
    <display value="-5"/>
    <definition value="-5,0"/>
  </concept>
  <concept>
    <code value="m4-5"/>
    <display value="-4,5"/>
    <definition value="-4,5"/>
  </concept>
  <concept>
    <code value="m4"/>
    <display value="-4"/>
    <definition value="-4,0"/>
  </concept>
  <concept>
    <code value="m3-5"/>
    <display value="-3,5"/>
    <definition value="-3,5"/>
  </concept>
  <concept>
    <code value="m3"/>
    <display value="-3"/>
    <definition value="-3,0"/>
  </concept>
  <concept>
    <code value="m2-5"/>
    <display value="-2,5"/>
    <definition value="-2,5"/>
  </concept>
  <concept>
    <code value="m2"/>
    <display value="-2"/>
    <definition value="-2,0"/>
  </concept>
  <concept>
    <code value="m1-5"/>
    <display value="-1,5"/>
    <definition value="-1,5"/>
  </concept>
  <concept>
    <code value="m1"/>
    <display value="-1"/>
    <definition value="-1,0"/>
  </concept>
  <concept>
    <code value="m0-5"/>
    <display value="-0,5"/>
    <definition value="-0,5"/>
  </concept>
  <concept>
    <code value="0"/>
    <display value="0"/>
    <definition value="0,0"/>
  </concept>
  <concept>
    <code value="0-5"/>
    <display value="0,5"/>
    <definition value="0,5"/>
  </concept>
  <concept>
    <code value="1"/>
    <display value="1"/>
    <definition value="1,0"/>
  </concept>
  <concept>
    <code value="1-5"/>
    <display value="1,5"/>
    <definition value="1,5"/>
  </concept>
  <concept>
    <code value="2"/>
    <display value="2"/>
    <definition value="2,0"/>
  </concept>
  <concept>
    <code value="2-5"/>
    <display value="2,5"/>
    <definition value="2,5"/>
  </concept>
  <concept>
    <code value="3"/>
    <display value="3"/>
    <definition value="3,0"/>
  </concept>
  <concept>
    <code value="3-5"/>
    <display value="3,5"/>
    <definition value="3,5"/>
  </concept>
  <concept>
    <code value="4"/>
    <display value="4"/>
    <definition value="4,0"/>
  </concept>
  <concept>
    <code value="4-5"/>
    <display value="4,5"/>
    <definition value="4,5"/>
  </concept>
  <concept>
    <code value="5"/>
    <display value="5"/>
    <definition value="5,0"/>
  </concept>
  <concept>
    <code value="5-5"/>
    <display value="5,5"/>
    <definition value="5,5"/>
  </concept>
  <concept>
    <code value="6"/>
    <display value="6"/>
    <definition value="6,0"/>
  </concept>
  <concept>
    <code value="6-5"/>
    <display value="6,5"/>
    <definition value="6,5"/>
  </concept>
  <concept>
    <code value="7"/>
    <display value="7"/>
    <definition value="7,0"/>
  </concept>
  <concept>
    <code value="7-5"/>
    <display value="7,5"/>
    <definition value="7,5"/>
  </concept>
  <concept>
    <code value="8"/>
    <display value="8"/>
    <definition value="8,0"/>
  </concept>
  <concept>
    <code value="8-5"/>
    <display value="8,5"/>
    <definition value="8,5"/>
  </concept>
  <concept>
    <code value="9"/>
    <display value="9"/>
    <definition value="9,0"/>
  </concept>
  <concept>
    <code value="9-5"/>
    <display value="9,5"/>
    <definition value="9,5"/>
  </concept>
  <concept>
    <code value="10"/>
    <display value="10"/>
    <definition value="10,0"/>
  </concept>
  <concept>
    <code value="10-5"/>
    <display value="10,5"/>
    <definition value="10,5"/>
  </concept>
  <concept>
    <code value="11"/>
    <display value="11"/>
    <definition value="11,0"/>
  </concept>
  <concept>
    <code value="11-5"/>
    <display value="11,5"/>
    <definition value="1,5"/>
  </concept>
  <concept>
    <code value="12"/>
    <display value="12"/>
    <definition value="12,0"/>
  </concept>
  <concept>
    <code value="12-5"/>
    <display value="12,5"/>
    <definition value="2,5"/>
  </concept>
  <concept>
    <code value="13"/>
    <display value="13"/>
    <definition value="13,0"/>
  </concept>
  <concept>
    <code value="13-5"/>
    <display value="13,5"/>
    <definition value="3,5"/>
  </concept>
  <concept>
    <code value="14"/>
    <display value="14"/>
    <definition value="14,0"/>
  </concept>
  <concept>
    <code value="14-5"/>
    <display value="14,5"/>
    <definition value="4,5"/>
  </concept>
  <concept>
    <code value="15"/>
    <display value="15"/>
    <definition value="15,0"/>
  </concept>
</CodeSystem>