<?xml version="1.0" encoding="UTF-8"?>

<CodeSystem xmlns="http://hl7.org/fhir">
  <id value="Maengde"/>
  <text>
    <status value="generated"/><div xmlns="http://www.w3.org/1999/xhtml"><p class="res-header-id"><b>Generated Narrative: CodeSystem Maengde</b></p><a name="Maengde"> </a><a name="hcMaengde"> </a><a name="Maengde-en-US"> </a><p>This  code system <code>https://kip.rkkp.dk/fhir/CodeSystem/Maengde</code> defines the following codes:</p><table class="codes"><tr><td style="white-space:nowrap"><b>Code</b></td><td><b>Display</b></td><td><b>Definition</b></td></tr><tr><td style="white-space:nowrap">ingen<a name="Maengde-ingen"> </a></td><td>Ingen</td><td>Ingen</td></tr><tr><td style="white-space:nowrap">lille<a name="Maengde-lille"> </a></td><td>Lille</td><td>Lille mængde</td></tr><tr><td style="white-space:nowrap">moderat<a name="Maengde-moderat"> </a></td><td>Moderat</td><td>Moderat mængde</td></tr><tr><td style="white-space:nowrap">stor<a name="Maengde-stor"> </a></td><td>Stor</td><td>Stor mængde</td></tr></table></div>
  </text>
  <url value="https://kip.rkkp.dk/fhir/CodeSystem/Maengde"/>
  <version value="2.9.0"/>
  <name value="Maengde"/>
  <title value="Mængde"/>
  <status value="active"/>
  <date value="2024-02-13T00:00:00+02:00"/>
  <publisher value="Sundhedsvæsnets Kvalistetsinstitut with Trifork Digital Health A/S"/>
  <contact>
    <name value="Sundhedsvæsnets Kvalistetsinstitut with Trifork Digital Health A/S"/>
    <telecom>
      <system value="url"/>
      <value value="https://trifork.com"/>
    </telecom>
    <telecom>
      <system value="email"/>
      <value value="rbk@trifork.com"/>
    </telecom>
  </contact>
  <description value="Angivelse af mængder"/>
  <content value="complete"/>
  <count value="4"/>
  <concept>
    <code value="ingen"/>
    <display value="Ingen"/>
    <definition value="Ingen"/>
  </concept>
  <concept>
    <code value="lille"/>
    <display value="Lille"/>
    <definition value="Lille mængde"/>
  </concept>
  <concept>
    <code value="moderat"/>
    <display value="Moderat"/>
    <definition value="Moderat mængde"/>
  </concept>
  <concept>
    <code value="stor"/>
    <display value="Stor"/>
    <definition value="Stor mængde"/>
  </concept>
</CodeSystem>