<?xml version="1.0" encoding="UTF-8"?>

<CodeSystem xmlns="http://hl7.org/fhir">
  <id value="FollowUp"/>
  <text>
    <status value="generated"/><div xmlns="http://www.w3.org/1999/xhtml"><p class="res-header-id"><b>Generated Narrative: CodeSystem FollowUp</b></p><a name="FollowUp"> </a><a name="hcFollowUp"> </a><a name="FollowUp-en-US"> </a><p>This case-insensitive code system <code>https://kip.rkkp.dk/fhir/CodeSystem/FollowUp</code> defines the following codes:</p><table class="codes"><tr><td style="white-space:nowrap"><b>Code</b></td><td><b>Display</b></td><td><b>Definition</b></td></tr><tr><td style="white-space:nowrap">aar_1<a name="FollowUp-aar_1"> </a></td><td>1 year</td><td>1 år</td></tr><tr><td style="white-space:nowrap">aar_2<a name="FollowUp-aar_2"> </a></td><td>2 year</td><td>2 år</td></tr><tr><td style="white-space:nowrap">aar_3<a name="FollowUp-aar_3"> </a></td><td>3 year</td><td>3 år</td></tr><tr><td style="white-space:nowrap">aar_5<a name="FollowUp-aar_5"> </a></td><td>5 year</td><td>5 år</td></tr><tr><td style="white-space:nowrap">aar_10<a name="FollowUp-aar_10"> </a></td><td>10 year</td><td>10 år</td></tr></table></div>
  </text>
  <url value="https://kip.rkkp.dk/fhir/CodeSystem/FollowUp"/>
  <version value="0.1.6"/>
  <name value="FollowUp"/>
  <title value="Opfølgning - intervaller"/>
  <status value="active"/>
  <date value="2023-07-03T00:00:00+02:00"/>
  <publisher value="Sundhedsvæsnets Kvalistetsinstitut with Trifork Digital Health A/S"/>
  <contact>
    <name value="Sundhedsvæsnets Kvalistetsinstitut with Trifork Digital Health A/S"/>
    <telecom>
      <system value="url"/>
      <value value="https://trifork.com"/>
    </telecom>
    <telecom>
      <system value="email"/>
      <value value="rbk@trifork.com"/>
    </telecom>
  </contact>
  <description value="Opfølgningsperiode, dage, uger, måneder, år"/>
  <caseSensitive value="false"/>
  <content value="complete"/>
  <count value="5"/>
  <concept>
    <code value="aar_1"/>
    <display value="1 year"/>
    <definition value="1 år"/>
  </concept>
  <concept>
    <code value="aar_2"/>
    <display value="2 year"/>
    <definition value="2 år"/>
  </concept>
  <concept>
    <code value="aar_3"/>
    <display value="3 year"/>
    <definition value="3 år"/>
  </concept>
  <concept>
    <code value="aar_5"/>
    <display value="5 year"/>
    <definition value="5 år"/>
  </concept>
  <concept>
    <code value="aar_10"/>
    <display value="10 year"/>
    <definition value="10 år"/>
  </concept>
</CodeSystem>