<?xml version="1.0" encoding="UTF-8"?>

<CodeSystem xmlns="http://hl7.org/fhir">
  <id value="HarrisHipScorePublicTransportation"/>
  <text>
    <status value="generated"/><div xmlns="http://www.w3.org/1999/xhtml"><p class="res-header-id"><b>Generated Narrative: CodeSystem HarrisHipScorePublicTransportation</b></p><a name="HarrisHipScorePublicTransportation"> </a><a name="hcHarrisHipScorePublicTransportation"> </a><a name="HarrisHipScorePublicTransportation-en-US"> </a><p>This case-insensitive code system <code>https://kip.rkkp.dk/fhir/CodeSystem/HarrisHipScorePublicTransportation</code> defines the following codes:</p><table class="codes"><tr><td style="white-space:nowrap"><b>Code</b></td><td><b>Display</b></td><td><b>Definition</b></td></tr><tr><td style="white-space:nowrap">1<a name="HarrisHipScorePublicTransportation-1"> </a></td><td>Able to use transportation (bus)</td><td>Able to use transportation (bus) (1)</td></tr><tr><td style="white-space:nowrap">0<a name="HarrisHipScorePublicTransportation-0"> </a></td><td>Unable to use public transportation (bus)</td><td>Unable to use public transportation (bus) (0)</td></tr></table></div>
  </text>
  <url value="https://kip.rkkp.dk/fhir/CodeSystem/HarrisHipScorePublicTransportation"/>
  <version value="0.1.8"/>
  <name value="HarrisHipScorePublicTransportation"/>
  <title value="Harris Hip Score (HHS) - Public transportation"/>
  <status value="active"/>
  <date value="2022-07-06T00:00:00+02:00"/>
  <publisher value="Sundhedsvæsnets Kvalistetsinstitut with Trifork Digital Health A/S"/>
  <contact>
    <name value="Sundhedsvæsnets Kvalistetsinstitut with Trifork Digital Health A/S"/>
    <telecom>
      <system value="url"/>
      <value value="https://trifork.com"/>
    </telecom>
    <telecom>
      <system value="email"/>
      <value value="rbk@trifork.com"/>
    </telecom>
  </contact>
  <description value="Harris Hip Score (HHS) - Public transportation. Link: https://www.orthopaedicscore.com/scorepages/harris_hip_score.html"/>
  <caseSensitive value="false"/>
  <content value="complete"/>
  <count value="2"/>
  <concept>
    <code value="1"/>
    <display value="Able to use transportation (bus)"/>
    <definition value="Able to use transportation (bus) (1)"/>
  </concept>
  <concept>
    <code value="0"/>
    <display value="Unable to use public transportation (bus)"/>
    <definition value="Unable to use public transportation (bus) (0)"/>
  </concept>
</CodeSystem>