<?xml version="1.0" encoding="UTF-8"?>

<CodeSystem xmlns="http://hl7.org/fhir">
  <id value="KliniskeSymptomerDCCG"/>
  <text>
    <status value="generated"/><div xmlns="http://www.w3.org/1999/xhtml"><p class="res-header-id"><b>Generated Narrative: CodeSystem KliniskeSymptomerDCCG</b></p><a name="KliniskeSymptomerDCCG"> </a><a name="hcKliniskeSymptomerDCCG"> </a><a name="KliniskeSymptomerDCCG-en-US"> </a><p>This  code system <code>https://kip.rkkp.dk/fhir/CodeSystem/KliniskeSymptomerDCCG</code> defines the following codes:</p><table class="codes"><tr><td style="white-space:nowrap"><b>Code</b></td><td><b>Display</b></td><td><b>Definition</b></td></tr><tr><td style="white-space:nowrap">ileus<a name="KliniskeSymptomerDCCG-ileus"> </a></td><td>Ileus</td><td>Ileus</td></tr><tr><td style="white-space:nowrap">spontan_perf<a name="KliniskeSymptomerDCCG-spontan_perf"> </a></td><td>Spontan perforation</td><td>Spontan perforation</td></tr><tr><td style="white-space:nowrap">bloedning<a name="KliniskeSymptomerDCCG-bloedning"> </a></td><td>Blødning</td><td>Blødning</td></tr><tr><td style="white-space:nowrap">endoscopi_foelge<a name="KliniskeSymptomerDCCG-endoscopi_foelge"> </a></td><td>Følge efter endoskopi</td><td>Følge efter endoskopi</td></tr><tr><td style="white-space:nowrap">endoscopi_lokalresek_foelge<a name="KliniskeSymptomerDCCG-endoscopi_lokalresek_foelge"> </a></td><td>Følge efter endoskopisk lokalresektion</td><td>Følge efter endoskopisk lokalresektion</td></tr><tr><td style="white-space:nowrap">stent_foelge<a name="KliniskeSymptomerDCCG-stent_foelge"> </a></td><td>Følge af stentanlæggelse</td><td>Følge af stentanlæggelse</td></tr></table></div>
  </text>
  <url value="https://kip.rkkp.dk/fhir/CodeSystem/KliniskeSymptomerDCCG"/>
  <version value="2.9.0"/>
  <name value="KliniskeSymptomerDCCG"/>
  <title value="Kliniske symptomer (DCCG)"/>
  <status value="active"/>
  <date value="2022-11-09T00:00:00+02:00"/>
  <publisher value="Sundhedsvæsnets Kvalistetsinstitut with Trifork Digital Health A/S"/>
  <contact>
    <name value="Sundhedsvæsnets Kvalistetsinstitut with Trifork Digital Health A/S"/>
    <telecom>
      <system value="url"/>
      <value value="https://trifork.com"/>
    </telecom>
    <telecom>
      <system value="email"/>
      <value value="rbk@trifork.com"/>
    </telecom>
  </contact>
  <description value="Kliniske symptomer (DCCG)"/>
  <content value="complete"/>
  <count value="6"/>
  <concept>
    <code value="ileus"/>
    <display value="Ileus"/>
    <definition value="Ileus"/>
  </concept>
  <concept>
    <code value="spontan_perf"/>
    <display value="Spontan perforation"/>
    <definition value="Spontan perforation"/>
  </concept>
  <concept>
    <code value="bloedning"/>
    <display value="Blødning"/>
    <definition value="Blødning"/>
  </concept>
  <concept>
    <code value="endoscopi_foelge"/>
    <display value="Følge efter endoskopi"/>
    <definition value="Følge efter endoskopi"/>
  </concept>
  <concept>
    <code value="endoscopi_lokalresek_foelge"/>
    <display value="Følge efter endoskopisk lokalresektion"/>
    <definition value="Følge efter endoskopisk lokalresektion"/>
  </concept>
  <concept>
    <code value="stent_foelge"/>
    <display value="Følge af stentanlæggelse"/>
    <definition value="Følge af stentanlæggelse"/>
  </concept>
</CodeSystem>