<?xml version="1.0" encoding="UTF-8"?>

<CodeSystem xmlns="http://hl7.org/fhir">
  <id value="CALRGeneType"/>
  <text>
    <status value="generated"/><div xmlns="http://www.w3.org/1999/xhtml"><p class="res-header-id"><b>Generated Narrative: CodeSystem CALRGeneType</b></p><a name="CALRGeneType"> </a><a name="hcCALRGeneType"> </a><a name="CALRGeneType-en-US"> </a><p>This case-insensitive code system <code>https://kip.rkkp.dk/fhir/CodeSystem/CALRGeneType</code> defines the following codes:</p><table class="codes"><tr><td style="white-space:nowrap"><b>Code</b></td><td><b>Display</b></td><td><b>Definition</b></td></tr><tr><td style="white-space:nowrap">type_1<a name="CALRGeneType-type_1"> </a></td><td>Type 1</td><td>Type 1</td></tr><tr><td style="white-space:nowrap">type_2<a name="CALRGeneType-type_2"> </a></td><td>Type 2</td><td>Type 2</td></tr></table></div>
  </text>
  <url value="https://kip.rkkp.dk/fhir/CodeSystem/CALRGeneType"/>
  <version value="0.2.1"/>
  <name value="CALRGeneType"/>
  <title value="CALR gene type"/>
  <status value="active"/>
  <date value="2022-07-11T00:00:00+02:00"/>
  <publisher value="Sundhedsvæsnets Kvalistetsinstitut with Trifork Digital Health A/S"/>
  <contact>
    <name value="Sundhedsvæsnets Kvalistetsinstitut with Trifork Digital Health A/S"/>
    <telecom>
      <system value="url"/>
      <value value="https://trifork.com"/>
    </telecom>
    <telecom>
      <system value="email"/>
      <value value="rbk@trifork.com"/>
    </telecom>
  </contact>
  <description value="CALR gene type"/>
  <caseSensitive value="false"/>
  <content value="complete"/>
  <count value="2"/>
  <concept>
    <code value="type_1"/>
    <display value="Type 1"/>
    <definition value="Type 1"/>
  </concept>
  <concept>
    <code value="type_2"/>
    <display value="Type 2"/>
    <definition value="Type 2"/>
  </concept>
</CodeSystem>