<?xml version="1.0" encoding="UTF-8"?>

<CodeSystem xmlns="http://hl7.org/fhir">
  <id value="DetectionMethods"/>
  <text>
    <status value="generated"/><div xmlns="http://www.w3.org/1999/xhtml"><p class="res-header-id"><b>Generated Narrative: CodeSystem DetectionMethods</b></p><a name="DetectionMethods"> </a><a name="hcDetectionMethods"> </a><a name="DetectionMethods-en-US"> </a><p>This case-insensitive code system <code>https://kip.rkkp.dk/fhir/CodeSystem/DetectionMethods</code> defines the following codes:</p><table class="codes"><tr><td style="white-space:nowrap"><b>Code</b></td><td><b>Display</b></td><td><b>Definition</b></td></tr><tr><td style="white-space:nowrap">doppler<a name="DetectionMethods-doppler"> </a></td><td>Doppler</td><td>Transcraniel doppler</td></tr><tr><td style="white-space:nowrap">clinical<a name="DetectionMethods-clinical"> </a></td><td>Klinisk</td><td>Kliniske</td></tr><tr><td style="white-space:nowrap">radiological<a name="DetectionMethods-radiological"> </a></td><td>Radiologisk</td><td>Radiologisk bekræftet</td></tr><tr><td style="white-space:nowrap">splenomegaly_clinical<a name="DetectionMethods-splenomegaly_clinical"> </a></td><td>Splenomegali, klinisk bedømt</td><td>Splenomegali, klinisk bedømt</td></tr><tr><td style="white-space:nowrap">splenomegaly_radiological<a name="DetectionMethods-splenomegaly_radiological"> </a></td><td>Splenomegali, radiologisk påvist</td><td>Splenomegali, radiologisk påvist</td></tr></table></div>
  </text>
  <url value="https://kip.rkkp.dk/fhir/CodeSystem/DetectionMethods"/>
  <version value="2.9.0"/>
  <name value="DetectionMethods"/>
  <title value="Detection methods"/>
  <status value="active"/>
  <date value="2022-06-29T00:00:00+02:00"/>
  <publisher value="Sundhedsvæsnets Kvalistetsinstitut with Trifork Digital Health A/S"/>
  <contact>
    <name value="Sundhedsvæsnets Kvalistetsinstitut with Trifork Digital Health A/S"/>
    <telecom>
      <system value="url"/>
      <value value="https://trifork.com"/>
    </telecom>
    <telecom>
      <system value="email"/>
      <value value="rbk@trifork.com"/>
    </telecom>
  </contact>
  <description value="Detection methods (vasospasms etc.)"/>
  <caseSensitive value="false"/>
  <content value="complete"/>
  <count value="5"/>
  <concept>
    <code value="doppler"/>
    <display value="Doppler"/>
    <definition value="Transcraniel doppler"/>
  </concept>
  <concept>
    <code value="clinical"/>
    <display value="Klinisk"/>
    <definition value="Kliniske"/>
  </concept>
  <concept>
    <code value="radiological"/>
    <display value="Radiologisk"/>
    <definition value="Radiologisk bekræftet"/>
  </concept>
  <concept>
    <code value="splenomegaly_clinical"/>
    <display value="Splenomegali, klinisk bedømt"/>
    <definition value="Splenomegali, klinisk bedømt"/>
  </concept>
  <concept>
    <code value="splenomegaly_radiological"/>
    <display value="Splenomegali, radiologisk påvist"/>
    <definition value="Splenomegali, radiologisk påvist"/>
  </concept>
</CodeSystem>