<?xml version="1.0" encoding="UTF-8"?>

<CodeSystem xmlns="http://hl7.org/fhir">
  <id value="BasicDisorder"/>
  <text>
    <status value="generated"/><div xmlns="http://www.w3.org/1999/xhtml"><p class="res-header-id"><b>Generated Narrative: CodeSystem BasicDisorder</b></p><a name="BasicDisorder"> </a><a name="hcBasicDisorder"> </a><a name="BasicDisorder-en-US"> </a><p>This  code system <code>https://kip.rkkp.dk/fhir/CodeSystem/BasicDisorder</code> defines the following codes in an undefined hierarchy:</p><table class="codes"><tr><td><b>Lvl</b></td><td style="white-space:nowrap"><b>Code</b></td><td><b>Display</b></td><td><b>Definition</b></td></tr><tr><td>1</td><td style="white-space:nowrap">arthrosis<a name="BasicDisorder-arthrosis"> </a></td><td>Artrose</td><td>Artrose</td></tr><tr><td>2</td><td style="white-space:nowrap">  secondary_arthrosis<a name="BasicDisorder-secondary_arthrosis"> </a></td><td>Sekundær artrose</td><td>Sekundær artrose</td></tr><tr><td>2</td><td style="white-space:nowrap">  instability<a name="BasicDisorder-instability"> </a></td><td>Instabilitet</td><td>Instabilitet</td></tr><tr><td>1</td><td style="white-space:nowrap">fracture<a name="BasicDisorder-fracture"> </a></td><td>Fraktur</td><td>Fraktur</td></tr><tr><td>2</td><td style="white-space:nowrap">  fracture_tibia<a name="BasicDisorder-fracture_tibia"> </a></td><td>Tibiafraktur</td><td>Tibiafraktur</td></tr><tr><td>2</td><td style="white-space:nowrap">  fresh_fracture_tibia_condyle<a name="BasicDisorder-fresh_fracture_tibia_condyle"> </a></td><td>Frisk tibiakondylfraktur</td><td>Frisk tibiakondylfraktur</td></tr><tr><td>2</td><td style="white-space:nowrap">  fracture_tibia_condyle<a name="BasicDisorder-fracture_tibia_condyle"> </a></td><td>Følger efter tibiakondylfraktur</td><td>Følger efter tibiakondylfraktur</td></tr><tr><td>2</td><td style="white-space:nowrap">  fracture_femur<a name="BasicDisorder-fracture_femur"> </a></td><td>Femurfraktur</td><td>Femurfraktur</td></tr><tr><td>2</td><td style="white-space:nowrap">  fresh_fracture_femoral_condyle<a name="BasicDisorder-fresh_fracture_femoral_condyle"> </a></td><td>Frisk femurkondylfraktur</td><td>Frisk femurkondylfraktur</td></tr><tr><td>2</td><td style="white-space:nowrap">  fracture_femoral_condyle<a name="BasicDisorder-fracture_femoral_condyle"> </a></td><td>Følger efter tibiakondylfraktur</td><td>Følger efter tibiakondylfraktur</td></tr><tr><td>2</td><td style="white-space:nowrap">  fracture_patella<a name="BasicDisorder-fracture_patella"> </a></td><td>Følger efter patellafraktur</td><td>Følger efter patellafraktur</td></tr><tr><td>1</td><td style="white-space:nowrap">femoral_fracture<a name="BasicDisorder-femoral_fracture"> </a></td><td>Femoral fracture</td><td>Femoral fracture</td></tr><tr><td>2</td><td style="white-space:nowrap">  femoral_no_operation<a name="BasicDisorder-femoral_no_operation"> </a></td><td>Prox femurfraktur: uden OP (tidl ostesyntese eller hemi)</td><td>Prox femurfraktur: uden OP (tidl ostesyntese eller hemi)</td></tr><tr><td>2</td><td style="white-space:nowrap">  femoral_previous_operation<a name="BasicDisorder-femoral_previous_operation"> </a></td><td>Prox femurfraktur: uden OP (tidl ostesyntese eller hemi)</td><td>Prox femurfraktur: med tidl. OP (osteosyntese eller hemi)</td></tr><tr><td>1</td><td style="white-space:nowrap">acetabulum_fracture<a name="BasicDisorder-acetabulum_fracture"> </a></td><td>Acetabulumfraktur</td><td>Acetabulumfraktur</td></tr><tr><td>1</td><td style="white-space:nowrap">hip_dislocation<a name="BasicDisorder-hip_dislocation"> </a></td><td>Hofteluksation</td><td>Hofteluksation</td></tr><tr><td>2</td><td style="white-space:nowrap">  traumatic<a name="BasicDisorder-traumatic"> </a></td><td>Traumatisk</td><td>Traumatisk hofteluksation</td></tr><tr><td>2</td><td style="white-space:nowrap">  congenital<a name="BasicDisorder-congenital"> </a></td><td>Kongenit</td><td>Kongenit hofteluksation</td></tr><tr><td>1</td><td style="white-space:nowrap">caputnecrosis<a name="BasicDisorder-caputnecrosis"> </a></td><td>Caputnekrose</td><td>Caputnekrose</td></tr><tr><td>1</td><td style="white-space:nowrap">osteonecrosis<a name="BasicDisorder-osteonecrosis"> </a></td><td>Osteonekrose</td><td>Osteonekrose</td></tr><tr><td>1</td><td style="white-space:nowrap">arthritis<a name="BasicDisorder-arthritis"> </a></td><td>Artrit</td><td>Artrit</td></tr><tr><td>2</td><td style="white-space:nowrap">  rheumatoid<a name="BasicDisorder-rheumatoid"> </a></td><td>Reumatoid</td><td>Reumatoid artrit</td></tr><tr><td>2</td><td style="white-space:nowrap">  other_arthritis<a name="BasicDisorder-other_arthritis"> </a></td><td>Anden</td><td>Anden artrit</td></tr><tr><td>1</td><td style="white-space:nowrap">mb_bechterew<a name="BasicDisorder-mb_bechterew"> </a></td><td>Mb. Bechterew</td><td>Mb. Bechterew</td></tr><tr><td>1</td><td style="white-space:nowrap">mb_calve_legg_perthes<a name="BasicDisorder-mb_calve_legg_perthes"> </a></td><td>Mb. Calvé-Legg-Perthes</td><td>Mb. Calvé-Legg-Perthes</td></tr><tr><td>1</td><td style="white-space:nowrap">epiphysiolysis<a name="BasicDisorder-epiphysiolysis"> </a></td><td>Epifysiolyse</td><td>Epifysiolyse</td></tr><tr><td>1</td><td style="white-space:nowrap">acetabulum_dysplasia<a name="BasicDisorder-acetabulum_dysplasia"> </a></td><td>Acetabulumdysplasi</td><td>Acetabulumdysplasi</td></tr><tr><td>1</td><td style="white-space:nowrap">primary_tumor<a name="BasicDisorder-primary_tumor"> </a></td><td>Primær tumor</td><td>Primær tumor</td></tr><tr><td>1</td><td style="white-space:nowrap">metastases<a name="BasicDisorder-metastases"> </a></td><td>Metastaser</td><td>Metastaser</td></tr><tr><td>1</td><td style="white-space:nowrap">cuff_rupture<a name="BasicDisorder-cuff_rupture"> </a></td><td>Flersenet rotator cuff ruptur uden degenerative forandringer</td><td>Flersenet rotator cuff ruptur uden degenerative forandringer</td></tr><tr><td>1</td><td style="white-space:nowrap">cuff_rupture_degenerative<a name="BasicDisorder-cuff_rupture_degenerative"> </a></td><td>Cuff artopati (Flersenet rotator cuff ruptur med degenerative forandringer)</td><td>Cuff artopati (Flersenet rotator cuff ruptur med degenerative forandringer)</td></tr><tr><td>1</td><td style="white-space:nowrap">hemophilia<a name="BasicDisorder-hemophilia"> </a></td><td>Hæmofili</td><td>Hæmofili</td></tr></table></div>
  </text>
  <url value="https://kip.rkkp.dk/fhir/CodeSystem/BasicDisorder"/>
  <version value="0.2.1"/>
  <name value="BasicDisorder"/>
  <title value="Basic disorder"/>
  <status value="active"/>
  <date value="2022-07-04T00:00:00+02:00"/>
  <publisher value="Sundhedsvæsnets Kvalistetsinstitut with Trifork Digital Health A/S"/>
  <contact>
    <name value="Sundhedsvæsnets Kvalistetsinstitut with Trifork Digital Health A/S"/>
    <telecom>
      <system value="url"/>
      <value value="https://trifork.com"/>
    </telecom>
    <telecom>
      <system value="email"/>
      <value value="rbk@trifork.com"/>
    </telecom>
  </contact>
  <description value="Basic disorder"/>
  <content value="complete"/>
  <count value="32"/>
  <concept>
    <code value="arthrosis"/>
    <display value="Artrose"/>
    <definition value="Artrose"/>
    <concept>
      <code value="secondary_arthrosis"/>
      <display value="Sekundær artrose"/>
      <definition value="Sekundær artrose"/>
    </concept>
    <concept>
      <code value="instability"/>
      <display value="Instabilitet"/>
      <definition value="Instabilitet"/>
    </concept>
  </concept>
  <concept>
    <code value="fracture"/>
    <display value="Fraktur"/>
    <definition value="Fraktur"/>
    <concept>
      <code value="fracture_tibia"/>
      <display value="Tibiafraktur"/>
      <definition value="Tibiafraktur"/>
    </concept>
    <concept>
      <code value="fresh_fracture_tibia_condyle"/>
      <display value="Frisk tibiakondylfraktur"/>
      <definition value="Frisk tibiakondylfraktur"/>
    </concept>
    <concept>
      <code value="fracture_tibia_condyle"/>
      <display value="Følger efter tibiakondylfraktur"/>
      <definition value="Følger efter tibiakondylfraktur"/>
    </concept>
    <concept>
      <code value="fracture_femur"/>
      <display value="Femurfraktur"/>
      <definition value="Femurfraktur"/>
    </concept>
    <concept>
      <code value="fresh_fracture_femoral_condyle"/>
      <display value="Frisk femurkondylfraktur"/>
      <definition value="Frisk femurkondylfraktur"/>
    </concept>
    <concept>
      <code value="fracture_femoral_condyle"/>
      <display value="Følger efter tibiakondylfraktur"/>
      <definition value="Følger efter tibiakondylfraktur"/>
    </concept>
    <concept>
      <code value="fracture_patella"/>
      <display value="Følger efter patellafraktur"/>
      <definition value="Følger efter patellafraktur"/>
    </concept>
  </concept>
  <concept>
    <code value="femoral_fracture"/>
    <display value="Femoral fracture"/>
    <definition value="Femoral fracture"/>
    <concept>
      <code value="femoral_no_operation"/>
      <display value="Prox femurfraktur: uden OP (tidl ostesyntese eller hemi)"/>
      <definition value="Prox femurfraktur: uden OP (tidl ostesyntese eller hemi)"/>
    </concept>
    <concept>
      <code value="femoral_previous_operation"/>
      <display value="Prox femurfraktur: uden OP (tidl ostesyntese eller hemi)"/>
      <definition value="Prox femurfraktur: med tidl. OP (osteosyntese eller hemi)"/>
    </concept>
  </concept>
  <concept>
    <code value="acetabulum_fracture"/>
    <display value="Acetabulumfraktur"/>
    <definition value="Acetabulumfraktur"/>
  </concept>
  <concept>
    <code value="hip_dislocation"/>
    <display value="Hofteluksation"/>
    <definition value="Hofteluksation"/>
    <concept>
      <code value="traumatic"/>
      <display value="Traumatisk"/>
      <definition value="Traumatisk hofteluksation"/>
    </concept>
    <concept>
      <code value="congenital"/>
      <display value="Kongenit"/>
      <definition value="Kongenit hofteluksation"/>
    </concept>
  </concept>
  <concept>
    <code value="caputnecrosis"/>
    <display value="Caputnekrose"/>
    <definition value="Caputnekrose"/>
  </concept>
  <concept>
    <code value="osteonecrosis"/>
    <display value="Osteonekrose"/>
    <definition value="Osteonekrose"/>
  </concept>
  <concept>
    <code value="arthritis"/>
    <display value="Artrit"/>
    <definition value="Artrit"/>
    <concept>
      <code value="rheumatoid"/>
      <display value="Reumatoid"/>
      <definition value="Reumatoid artrit"/>
    </concept>
    <concept>
      <code value="other_arthritis"/>
      <display value="Anden"/>
      <definition value="Anden artrit"/>
    </concept>
  </concept>
  <concept>
    <code value="mb_bechterew"/>
    <display value="Mb. Bechterew"/>
    <definition value="Mb. Bechterew"/>
  </concept>
  <concept>
    <code value="mb_calve_legg_perthes"/>
    <display value="Mb. Calvé-Legg-Perthes"/>
    <definition value="Mb. Calvé-Legg-Perthes"/>
  </concept>
  <concept>
    <code value="epiphysiolysis"/>
    <display value="Epifysiolyse"/>
    <definition value="Epifysiolyse"/>
  </concept>
  <concept>
    <code value="acetabulum_dysplasia"/>
    <display value="Acetabulumdysplasi"/>
    <definition value="Acetabulumdysplasi"/>
  </concept>
  <concept>
    <code value="primary_tumor"/>
    <display value="Primær tumor"/>
    <definition value="Primær tumor"/>
  </concept>
  <concept>
    <code value="metastases"/>
    <display value="Metastaser"/>
    <definition value="Metastaser"/>
  </concept>
  <concept>
    <code value="cuff_rupture"/>
    <display value="Flersenet rotator cuff ruptur uden degenerative forandringer"/>
    <definition value="Flersenet rotator cuff ruptur uden degenerative forandringer"/>
  </concept>
  <concept>
    <code value="cuff_rupture_degenerative"/>
    <display value="Cuff artopati (Flersenet rotator cuff ruptur med degenerative forandringer)"/>
    <definition value="Cuff artopati (Flersenet rotator cuff ruptur med degenerative forandringer)"/>
  </concept>
  <concept>
    <code value="hemophilia"/>
    <display value="Hæmofili"/>
    <definition value="Hæmofili"/>
  </concept>
</CodeSystem>