<?xml version="1.0" encoding="UTF-8"?>

<CodeSystem xmlns="http://hl7.org/fhir">
  <id value="Priority"/>
  <text>
    <status value="generated"/><div xmlns="http://www.w3.org/1999/xhtml"><p class="res-header-id"><b>Generated Narrative: CodeSystem Priority</b></p><a name="Priority"> </a><a name="hcPriority"> </a><a name="Priority-en-US"> </a><p>This case-insensitive code system <code>https://kip.rkkp.dk/fhir/CodeSystem/Priority</code> defines the following codes:</p><table class="codes"><tr><td style="white-space:nowrap"><b>Code</b></td><td><b>Display</b></td><td><b>Definition</b></td></tr><tr><td style="white-space:nowrap">emergency<a name="Priority-emergency"> </a></td><td>Emergency</td><td>Emergency / Akut / SNOMED-CT: 25876001</td></tr><tr><td style="white-space:nowrap">elective<a name="Priority-elective"> </a></td><td>Elective</td><td>Elective / Elektiv / SNOMED-CT: 103390000</td></tr><tr><td style="white-space:nowrap">hasten<a name="Priority-hasten"> </a></td><td>Hastened</td><td>Fremskyndet (dage)</td></tr><tr><td style="white-space:nowrap">urgent<a name="Priority-urgent"> </a></td><td>Urgent</td><td>Hastende (timer) / SNOMED-CT: 103391001</td></tr><tr><td style="white-space:nowrap">lethal<a name="Priority-lethal"> </a></td><td>Life-threatening</td><td>Umiddelbart livstruende</td></tr><tr><td style="white-space:nowrap">24hrs<a name="Priority-24hrs"> </a></td><td>Within 24 hours</td><td>Indenfor 24 timer</td></tr><tr><td style="white-space:nowrap">72hrs<a name="Priority-72hrs"> </a></td><td>Within 72 hours</td><td>Indenfor 72 timer</td></tr><tr><td style="white-space:nowrap">14days<a name="Priority-14days"> </a></td><td>Within 14 days</td><td>Indenfor 14 dage</td></tr></table></div>
  </text>
  <url value="https://kip.rkkp.dk/fhir/CodeSystem/Priority"/>
  <version value="2.9.3"/>
  <name value="Priority"/>
  <title value="Prioritering"/>
  <status value="active"/>
  <date value="2022-05-31T00:00:00+02:00"/>
  <publisher value="Sundhedsvæsenets Kvalitetsinstitut with Trifork Digital Health A/S"/>
  <contact>
    <name value="Sundhedsvæsenets Kvalitetsinstitut with Trifork Digital Health A/S"/>
    <telecom>
      <system value="url"/>
      <value value="https://trifork.com"/>
    </telecom>
    <telecom>
      <system value="email"/>
      <value value="rbk@trifork.com"/>
    </telecom>
  </contact>
  <description value="Patientens prioriteringsbehov"/>
  <caseSensitive value="false"/>
  <content value="complete"/>
  <count value="8"/>
  <concept>
    <code value="emergency"/>
    <display value="Emergency"/>
    <definition value="Emergency / Akut / SNOMED-CT: 25876001"/>
  </concept>
  <concept>
    <code value="elective"/>
    <display value="Elective"/>
    <definition value="Elective / Elektiv / SNOMED-CT: 103390000"/>
  </concept>
  <concept>
    <code value="hasten"/>
    <display value="Hastened"/>
    <definition value="Fremskyndet (dage)"/>
  </concept>
  <concept>
    <code value="urgent"/>
    <display value="Urgent"/>
    <definition value="Hastende (timer) / SNOMED-CT: 103391001"/>
  </concept>
  <concept>
    <code value="lethal"/>
    <display value="Life-threatening"/>
    <definition value="Umiddelbart livstruende"/>
  </concept>
  <concept>
    <code value="24hrs"/>
    <display value="Within 24 hours"/>
    <definition value="Indenfor 24 timer"/>
  </concept>
  <concept>
    <code value="72hrs"/>
    <display value="Within 72 hours"/>
    <definition value="Indenfor 72 timer"/>
  </concept>
  <concept>
    <code value="14days"/>
    <display value="Within 14 days"/>
    <definition value="Indenfor 14 dage"/>
  </concept>
</CodeSystem>