<?xml version="1.0" encoding="UTF-8"?>

<CodeSystem xmlns="http://hl7.org/fhir">
  <id value="SSSEyeMotorSkills"/>
  <text>
    <status value="generated"/><div xmlns="http://www.w3.org/1999/xhtml"><p class="res-header-id"><b>Generated Narrative: CodeSystem SSSEyeMotorSkills</b></p><a name="SSSEyeMotorSkills"> </a><a name="hcSSSEyeMotorSkills"> </a><a name="SSSEyeMotorSkills-en-US"> </a><p>This  code system <code>https://kip.rkkp.dk/fhir/CodeSystem/SSSEyeMotorSkills</code> defines the following codes:</p><table class="codes"><tr><td style="white-space:nowrap"><b>Code</b></td><td><b>Definition</b></td></tr><tr><td style="white-space:nowrap">4<a name="SSSEyeMotorSkills-4"> </a></td><td>Parallelle, frie øjenbevægelser. Der må godt foreligge isolerede øjenmuskelpareser på den ene side.</td></tr><tr><td style="white-space:nowrap">2<a name="SSSEyeMotorSkills-2"> </a></td><td>Konjugeret blikparese: Pt. kan ikke dreje øjnene samtidigt til den ene side.</td></tr><tr><td style="white-space:nowrap">0<a name="SSSEyeMotorSkills-0"> </a></td><td>Blikdeviation: Pt.s øjne er tvangsmæssigt drejet til den ene side.</td></tr></table></div>
  </text>
  <url value="https://kip.rkkp.dk/fhir/CodeSystem/SSSEyeMotorSkills"/>
  <version value="2.9.3"/>
  <name value="SSSEyeMotorSkills"/>
  <title value="Scandinavian Stroke Scale (SSS) - Eye motor skills"/>
  <status value="active"/>
  <date value="2022-06-23T00:00:00+02:00"/>
  <publisher value="Sundhedsvæsenets Kvalitetsinstitut with Trifork Digital Health A/S"/>
  <contact>
    <name value="Sundhedsvæsenets Kvalitetsinstitut with Trifork Digital Health A/S"/>
    <telecom>
      <system value="url"/>
      <value value="https://trifork.com"/>
    </telecom>
    <telecom>
      <system value="email"/>
      <value value="rbk@trifork.com"/>
    </telecom>
  </contact>
  <description value="Scandinavian Stroke Scale (SSS) - Eye motor skills: Øjendeviation er ligeledes et dårligt prognostisk tegn."/>
  <content value="complete"/>
  <count value="3"/>
  <concept>
    <code value="4"/>
    <display value="4"/>
    <definition value="Parallelle, frie øjenbevægelser. Der må godt foreligge isolerede øjenmuskelpareser på den ene side."/>
  </concept>
  <concept>
    <code value="2"/>
    <display value="2"/>
    <definition value="Konjugeret blikparese: Pt. kan ikke dreje øjnene samtidigt til den ene side."/>
  </concept>
  <concept>
    <code value="0"/>
    <display value="0"/>
    <definition value="Blikdeviation: Pt.s øjne er tvangsmæssigt drejet til den ene side."/>
  </concept>
</CodeSystem>