<?xml version="1.0" encoding="UTF-8"?>

<CodeSystem xmlns="http://hl7.org/fhir">
  <id value="Regioner"/>
  <text>
    <status value="generated"/><div xmlns="http://www.w3.org/1999/xhtml"><p class="res-header-id"><b>Generated Narrative: CodeSystem Regioner</b></p><a name="Regioner"> </a><a name="hcRegioner"> </a><a name="Regioner-en-US"> </a><p>This  code system <code>https://kip.rkkp.dk/fhir/CodeSystem/Regioner</code> defines the following codes:</p><table class="codes"><tr><td style="white-space:nowrap"><b>Code</b></td><td><b>Display</b></td><td><b>Definition</b></td></tr><tr><td style="white-space:nowrap">hovedstaden<a name="Regioner-hovedstaden"> </a></td><td>Hovedstaden</td><td>Hovedstaden</td></tr><tr><td style="white-space:nowrap">midtjylland<a name="Regioner-midtjylland"> </a></td><td>Midtjylland</td><td>Midtjylland</td></tr><tr><td style="white-space:nowrap">nordjylland<a name="Regioner-nordjylland"> </a></td><td>Nordjylland</td><td>Nordjylland</td></tr><tr><td style="white-space:nowrap">sjaelland<a name="Regioner-sjaelland"> </a></td><td>Sjælland</td><td>Sjælland</td></tr><tr><td style="white-space:nowrap">syddanmark<a name="Regioner-syddanmark"> </a></td><td>Syddanmark</td><td>Syddanmark</td></tr></table></div>
  </text>
  <url value="https://kip.rkkp.dk/fhir/CodeSystem/Regioner"/>
  <version value="2.9.0"/>
  <name value="Regioner"/>
  <title value="Regioner"/>
  <status value="active"/>
  <date value="2024-03-13T00:00:00+02:00"/>
  <publisher value="Sundhedsvæsnets Kvalistetsinstitut with Trifork Digital Health A/S"/>
  <contact>
    <name value="Sundhedsvæsnets Kvalistetsinstitut with Trifork Digital Health A/S"/>
    <telecom>
      <system value="url"/>
      <value value="https://trifork.com"/>
    </telecom>
    <telecom>
      <system value="email"/>
      <value value="rbk@trifork.com"/>
    </telecom>
  </contact>
  <description value="Danske regioner"/>
  <content value="complete"/>
  <count value="5"/>
  <concept>
    <code value="hovedstaden"/>
    <display value="Hovedstaden"/>
    <definition value="Hovedstaden"/>
  </concept>
  <concept>
    <code value="midtjylland"/>
    <display value="Midtjylland"/>
    <definition value="Midtjylland"/>
  </concept>
  <concept>
    <code value="nordjylland"/>
    <display value="Nordjylland"/>
    <definition value="Nordjylland"/>
  </concept>
  <concept>
    <code value="sjaelland"/>
    <display value="Sjælland"/>
    <definition value="Sjælland"/>
  </concept>
  <concept>
    <code value="syddanmark"/>
    <display value="Syddanmark"/>
    <definition value="Syddanmark"/>
  </concept>
</CodeSystem>