<?xml version="1.0" encoding="UTF-8"?>

<CodeSystem xmlns="http://hl7.org/fhir">
  <id value="TreatmentUnspecified"/>
  <text>
    <status value="generated"/><div xmlns="http://www.w3.org/1999/xhtml"><p class="res-header-id"><b>Generated Narrative: CodeSystem TreatmentUnspecified</b></p><a name="TreatmentUnspecified"> </a><a name="hcTreatmentUnspecified"> </a><a name="TreatmentUnspecified-en-US"> </a><p>This case-insensitive code system <code>https://kip.rkkp.dk/fhir/CodeSystem/TreatmentUnspecified</code> defines the following codes:</p><table class="codes"><tr><td style="white-space:nowrap"><b>Code</b></td><td><b>Display</b></td><td><b>Definition</b></td></tr><tr><td style="white-space:nowrap">glofitamab<a name="TreatmentUnspecified-glofitamab"> </a></td><td>Glofitamab</td><td>Glofitamab</td></tr><tr><td style="white-space:nowrap">incision_vein<a name="TreatmentUnspecified-incision_vein"> </a></td><td>Incision of Vein</td><td>Incision of Vein / Venesektion</td></tr><tr><td style="white-space:nowrap">demethylating<a name="TreatmentUnspecified-demethylating"> </a></td><td>Demethylating treatment</td><td>Demethylating treatment / Demethylerende behandling</td></tr><tr><td style="white-space:nowrap">chemotherapi_aml<a name="TreatmentUnspecified-chemotherapi_aml"> </a></td><td>AML-like chemotherapy</td><td>AML-like chemotherapy / AML lignende kemoterapi</td></tr><tr><td style="white-space:nowrap">g_csf<a name="TreatmentUnspecified-g_csf"> </a></td><td>G-CSF</td><td>G-CSF</td></tr><tr><td style="white-space:nowrap">iron_chelated<a name="TreatmentUnspecified-iron_chelated"> </a></td><td>Iron chelated</td><td>Iron chelated / Jernkelerende behandling</td></tr></table></div>
  </text>
  <url value="https://kip.rkkp.dk/fhir/CodeSystem/TreatmentUnspecified"/>
  <version value="2.9.0"/>
  <name value="TreatmentUnspecified"/>
  <title value="Treatment unspecified"/>
  <status value="active"/>
  <date value="2022-06-03T00:00:00+02:00"/>
  <publisher value="Sundhedsvæsnets Kvalistetsinstitut with Trifork Digital Health A/S"/>
  <contact>
    <name value="Sundhedsvæsnets Kvalistetsinstitut with Trifork Digital Health A/S"/>
    <telecom>
      <system value="url"/>
      <value value="https://trifork.com"/>
    </telecom>
    <telecom>
      <system value="email"/>
      <value value="rbk@trifork.com"/>
    </telecom>
  </contact>
  <description value="Treatment unspecified"/>
  <caseSensitive value="false"/>
  <content value="complete"/>
  <count value="6"/>
  <concept>
    <code value="glofitamab"/>
    <display value="Glofitamab"/>
    <definition value="Glofitamab"/>
  </concept>
  <concept>
    <code value="incision_vein"/>
    <display value="Incision of Vein"/>
    <definition value="Incision of Vein / Venesektion"/>
  </concept>
  <concept>
    <code value="demethylating"/>
    <display value="Demethylating treatment"/>
    <definition value="Demethylating treatment / Demethylerende behandling"/>
  </concept>
  <concept>
    <code value="chemotherapi_aml"/>
    <display value="AML-like chemotherapy"/>
    <definition value="AML-like chemotherapy / AML lignende kemoterapi"/>
  </concept>
  <concept>
    <code value="g_csf"/>
    <display value="G-CSF"/>
    <definition value="G-CSF"/>
  </concept>
  <concept>
    <code value="iron_chelated"/>
    <display value="Iron chelated"/>
    <definition value="Iron chelated / Jernkelerende behandling"/>
  </concept>
</CodeSystem>