<?xml version="1.0" encoding="UTF-8"?>

<CodeSystem xmlns="http://hl7.org/fhir">
  <id value="SKS"/>
  <text>
    <status value="generated"/><div xmlns="http://www.w3.org/1999/xhtml"><p class="res-header-id"><b>Generated Narrative: CodeSystem SKS</b></p><a name="SKS"> </a><a name="hcSKS"> </a><a name="SKS-en-US"> </a><p>This  code system <code>https://kip.rkkp.dk/fhir/CodeSystem/SKS</code> provides <b>a fragment</b> that includes following codes in an undefined hierarchy:</p><table class="codes"><tr><td><b>Lvl</b></td><td style="white-space:nowrap"><b>Code</b></td><td><b>Display</b></td><td><b>Definition</b></td></tr><tr><td>1</td><td style="white-space:nowrap">AAF1<a name="SKS-AAF1"> </a></td><td>Indlæggelse</td><td>AAF1 - Indlæggelse</td></tr><tr><td>1</td><td style="white-space:nowrap">AAF2<a name="SKS-AAF2"> </a></td><td>Ambulant</td><td>AAF2 - Ambulant</td></tr><tr><td>1</td><td style="white-space:nowrap">AZCD10<a name="SKS-AZCD10"> </a></td><td>cT0: Primær tumor ikke påvist</td><td>AZCD10 - cT0: Primær tumor ikke påvist</td></tr><tr><td>1</td><td style="white-space:nowrap">AZCD12<a name="SKS-AZCD12"> </a></td><td>cTis: Carcinoma in situ</td><td>AZCD12 - cTis: Carcinoma in situ</td></tr><tr><td>1</td><td style="white-space:nowrap">AZCD13<a name="SKS-AZCD13"> </a></td><td>cT1: Primær tumors størrelse/udstrækning</td><td>AZCD13 - cT1: Primær tumors størrelse/udstrækning</td></tr><tr><td>1</td><td style="white-space:nowrap">AZCD14<a name="SKS-AZCD14"> </a></td><td>cT2: Primær tumors størrelse/udstrækning</td><td>AZCD14 - cT2: Primær tumors størrelse/udstrækning</td></tr><tr><td>1</td><td style="white-space:nowrap">AZCD15<a name="SKS-AZCD15"> </a></td><td>cT3: Primær tumors størrelse/udstrækning</td><td>AZCD15 - cT3: Primær tumors størrelse/udstrækning</td></tr><tr><td>1</td><td style="white-space:nowrap">AZCD16<a name="SKS-AZCD16"> </a></td><td>cT4: Primær tumors størrelse/udstrækning</td><td>AZCD16 - cT4: Primær tumors størrelse/udstrækning</td></tr><tr><td>2</td><td style="white-space:nowrap">  AZCD16A<a name="SKS-AZCD16A"> </a></td><td>cT4a: Primær tumors størrelse/udstrækning</td><td>AZCD16A - cT4a: Primær tumors størrelse/udstrækning</td></tr><tr><td>2</td><td style="white-space:nowrap">  AZCD16B<a name="SKS-AZCD16B"> </a></td><td>cT4b: Primær tumors størrelse/udstrækning</td><td>AZCD16B - cT4b: Primær tumors størrelse/udstrækning</td></tr><tr><td>2</td><td style="white-space:nowrap">  AZCD16C<a name="SKS-AZCD16C"> </a></td><td>cT4c: Primær tumors størrelse/udstrækning</td><td>AZCD16C - cT4c: Primær tumors størrelse/udstrækning</td></tr><tr><td>2</td><td style="white-space:nowrap">  AZCD16D<a name="SKS-AZCD16D"> </a></td><td>cT4d: Primær tumors størrelse/udstrækning</td><td>AZCD16D - cT4d: Primær tumors størrelse/udstrækning</td></tr><tr><td>2</td><td style="white-space:nowrap">  AZCD16E<a name="SKS-AZCD16E"> </a></td><td>cT4e: Primær tumors størrelse/udstrækning</td><td>AZCD16E - cT4e: Primær tumors størrelse/udstrækning</td></tr><tr><td>1</td><td style="white-space:nowrap">AZCD19<a name="SKS-AZCD19"> </a></td><td>cTx: Oplysning om tumors størrelse foreligger ikke i afd.</td><td>AZCD19 - cTx: Oplysning om tumors størrelse foreligger ikke i afd.</td></tr><tr><td>1</td><td style="white-space:nowrap">AZCD30<a name="SKS-AZCD30"> </a></td><td>cN0: Ingen regionale lymfeknudemetastaser</td><td>AZCD30 - cN0: Ingen regionale lymfeknudemetastaser</td></tr><tr><td>1</td><td style="white-space:nowrap">AZCD31<a name="SKS-AZCD31"> </a></td><td>cN1: Regional lymfeknudemetastase</td><td>AZCD31 - cN1: Regional lymfeknudemetastase</td></tr><tr><td>1</td><td style="white-space:nowrap">AZCD32<a name="SKS-AZCD32"> </a></td><td>cN2: Regional lymfeknudemetastase</td><td>AZCD32 - cN2: Regional lymfeknudemetastase</td></tr><tr><td>1</td><td style="white-space:nowrap">AZCD33<a name="SKS-AZCD33"> </a></td><td>cN3: Regional lymfeknudemetastase</td><td>AZCD33 - cN3: Regional lymfeknudemetastase</td></tr><tr><td>1</td><td style="white-space:nowrap">AZCD39<a name="SKS-AZCD39"> </a></td><td>cNx: Opl om regional lymfeknudestatus foreligger ikke i afd</td><td>AZCD39 - cNx: Opl om regional lymfeknudestatus foreligger ikke i afd</td></tr><tr><td>1</td><td style="white-space:nowrap">AZCD40<a name="SKS-AZCD40"> </a></td><td>cM0: Ingen fjernmetastaser</td><td>AZCD40 - cM0: Ingen fjernmetastaser</td></tr><tr><td>1</td><td style="white-space:nowrap">AZCD41<a name="SKS-AZCD41"> </a></td><td>cM1: Fjernmetastase</td><td>AZCD41 - cM1: Fjernmetastase</td></tr><tr><td>2</td><td style="white-space:nowrap">  AZCD41C<a name="SKS-AZCD41C"> </a></td><td>cM1c: Fjernmetastase</td><td>AZCD41C - cM1c: Fjernmetastase</td></tr><tr><td>1</td><td style="white-space:nowrap">BOHJ1<a name="SKS-BOHJ1"> </a></td><td>Behandling med antistoffer</td><td>Behandling med antistoffer</td></tr><tr><td>1</td><td style="white-space:nowrap">BOQA<a name="SKS-BOQA"> </a></td><td>Behandling med blodtransfusion</td><td>Behandling med blodtransfusion</td></tr><tr><td>1</td><td style="white-space:nowrap">BOQF0<a name="SKS-BOQF0"> </a></td><td>Autolog knoglemarvstransplantation</td><td>BOQF0 - Autolog knoglemarvstransplantation</td></tr><tr><td>1</td><td style="white-space:nowrap">BOQF1<a name="SKS-BOQF1"> </a></td><td>Allogen knoglemarvstransplantation</td><td>BOQF1 - Allogen knoglemarvstransplantation</td></tr><tr><td>1</td><td style="white-space:nowrap">BOQF2<a name="SKS-BOQF2"> </a></td><td>Non myeloablativ knoglemarvstransplantation (mini-KMT)</td><td>BOQF2 - Non myeloablativ knoglemarvstransplantation (mini-KMT)</td></tr><tr><td>1</td><td style="white-space:nowrap">BWG<a name="SKS-BWG"> </a></td><td>Strålebehandling</td><td>BWG - Strålebehandling</td></tr><tr><td>1</td><td style="white-space:nowrap">BWHA<a name="SKS-BWHA"> </a></td><td>Cytostatisk behandling</td><td>Cytostatisk behandling</td></tr><tr><td>2</td><td style="white-space:nowrap">  BWHA119<a name="SKS-BWHA119"> </a></td><td>Behandling med cyclophosphamid+doxorubicin+vinkristin+prednisolon (CHOP)</td><td>Behandling med cyclophosphamid+doxorubicin+vinkristin+prednisolon (CHOP)</td></tr><tr><td>2</td><td style="white-space:nowrap">  BWHA120<a name="SKS-BWHA120"> </a></td><td>Behandling med MIME</td><td>Behandling med MIME</td></tr><tr><td>2</td><td style="white-space:nowrap">  BWHA134<a name="SKS-BWHA134"> </a></td><td>Behandling med cyclophosphamid+vinkristin+prednisolon (CVP) (COP)</td><td>Behandling med cyclophosphamid+vinkristin+prednisolon (CVP) (COP)</td></tr><tr><td>2</td><td style="white-space:nowrap">  BWHA137<a name="SKS-BWHA137"> </a></td><td>Behandling med mitoxantron+vinkristin+prednisolon (NOP)</td><td>Behandling med mitoxantron+vinkristin+prednisolon (NOP)</td></tr><tr><td>2</td><td style="white-space:nowrap">  BWHA138<a name="SKS-BWHA138"> </a></td><td>Behandling med BEACOPP</td><td>Behandling med BEACOPP</td></tr><tr><td>2</td><td style="white-space:nowrap">  BWHA156<a name="SKS-BWHA156"> </a></td><td>Behandling med cyclophosphamid+procarbazin+vinkristin+prednisolon (COPP)</td><td>Behandling med cyclophosphamid+procarbazin+vinkristin+prednisolon (COPP)</td></tr><tr><td>2</td><td style="white-space:nowrap">  BWHA164<a name="SKS-BWHA164"> </a></td><td>Behandling med cyclophosphamid+etoposid+vinkristin+prednisolon (CEOP)</td><td>Behandling med cyclophosphamid+etoposid+vinkristin+prednisolon (CEOP)</td></tr><tr><td>2</td><td style="white-space:nowrap">  BWHA165<a name="SKS-BWHA165"> </a></td><td>Behandling med cyclophosphamid+doxorubicin+vinkristin+etoposid+prednisolon (CHOEP)</td><td>Behandling med cyclophosphamid+doxorubicin+vinkristin+etoposid+prednisolon (CHOEP)</td></tr><tr><td>2</td><td style="white-space:nowrap">  BWHA166<a name="SKS-BWHA166"> </a></td><td>Behandling med cyclophosphamid+mitoxantron+vinkristin+prednisolon (CNOP)</td><td>Behandling med cyclophosphamid+mitoxantron+vinkristin+prednisolon (CNOP)</td></tr><tr><td>2</td><td style="white-space:nowrap">  BWHA167<a name="SKS-BWHA167"> </a></td><td>Behandling med doxyrubicin+bleomycin+vinblastin+dacarbazin (ABVD)</td><td>Behandling med doxyrubicin+bleomycin+vinblastin+dacarbazin (ABVD)</td></tr><tr><td>2</td><td style="white-space:nowrap">  BWHA168<a name="SKS-BWHA168"> </a></td><td>Behandling med klorambucil+vinblastin+procarbazin+prednisolon (LVPP)</td><td>Behandling med klorambucil+vinblastin+procarbazin+prednisolon (LVPP)</td></tr><tr><td>2</td><td style="white-space:nowrap">  BWHA258<a name="SKS-BWHA258"> </a></td><td>Behandling med cylophosphamid+doxorubicin+vinkristin+prednisolon eskaleret dosis (maxiCHOP)</td><td>Behandling med cylophosphamid+doxorubicin+vinkristin+prednisolon eskaleret dosis (maxiCHOP)</td></tr><tr><td>2</td><td style="white-space:nowrap">  BWHA309<a name="SKS-BWHA309"> </a></td><td>Behandling med højdosis melfalan (konditionering)</td><td>BWHA309 - Behandling med højdosis melfalan (konditionering)</td></tr><tr><td>2</td><td style="white-space:nowrap">  BWHA310<a name="SKS-BWHA310"> </a></td><td>Behandling med BEAM (konditionering)</td><td>Behandling med BEAM (konditionering)</td></tr><tr><td>1</td><td style="white-space:nowrap">DC15<a name="SKS-DC15"> </a></td><td>Kræft i spiserøret</td><td>Kræft i spiserøret</td></tr><tr><td>1</td><td style="white-space:nowrap">DC16<a name="SKS-DC16"> </a></td><td>Kræft i mavesækken</td><td>Kræft i mavesækken</td></tr><tr><td>1</td><td style="white-space:nowrap">DC17<a name="SKS-DC17"> </a></td><td>Kræft i tyndtarmen</td><td>Kræft i tyndtarmen</td></tr><tr><td>1</td><td style="white-space:nowrap">DC22<a name="SKS-DC22"> </a></td><td>Kræft i leveren og intrahepatiske galdegange</td><td>Kræft i leveren og intrahepatiske galdegange</td></tr><tr><td>1</td><td style="white-space:nowrap">DC25<a name="SKS-DC25"> </a></td><td>Kræft i bugspytkirtlen</td><td>Kræft i bugspytkirtlen</td></tr><tr><td>1</td><td style="white-space:nowrap">DC32<a name="SKS-DC32"> </a></td><td>Kræft i strubehovedet</td><td>Kræft i strubehovedet</td></tr><tr><td>1</td><td style="white-space:nowrap">DC43<a name="SKS-DC43"> </a></td><td>Modermærkekræft i huden</td><td>Modermærkekræft i huden</td></tr><tr><td>1</td><td style="white-space:nowrap">DC50<a name="SKS-DC50"> </a></td><td>Brystkræft</td><td>Brystkræft</td></tr><tr><td>1</td><td style="white-space:nowrap">DC53<a name="SKS-DC53"> </a></td><td>Kræft i livmoderhalsen</td><td>Kræft i livmoderhalsen</td></tr><tr><td>1</td><td style="white-space:nowrap">DC61<a name="SKS-DC61"> </a></td><td>Kræft i blærehalskirtlen</td><td>Kræft i blærehalskirtlen</td></tr><tr><td>1</td><td style="white-space:nowrap">DC62<a name="SKS-DC62"> </a></td><td>Testikelkræft</td><td>Testikelkræft</td></tr><tr><td>1</td><td style="white-space:nowrap">DC67<a name="SKS-DC67"> </a></td><td>Kræft i urinblæren</td><td>Kræft i urinblæren</td></tr><tr><td>1</td><td style="white-space:nowrap">DC64-DC66<a name="SKS-DC64-DC66"> </a></td><td>Kræft i nyre, nyrebækken og urinleder</td><td>Kræft i nyre, nyrebækken og urinleder</td></tr><tr><td>1</td><td style="white-space:nowrap">DC73<a name="SKS-DC73"> </a></td><td>Kræft i skjoldbruskkirtlen</td><td>Kræft i skjoldbruskkirtlen</td></tr><tr><td>1</td><td style="white-space:nowrap">DC81<a name="SKS-DC81"> </a></td><td>Hodgkin lymfomer</td><td>Hodgkin lymfomer</td></tr><tr><td>1</td><td style="white-space:nowrap">DC90<a name="SKS-DC90"> </a></td><td>Maligne plasmacelle neoplasier</td><td>Maligne plasmacelle neoplasier</td></tr><tr><td>1</td><td style="white-space:nowrap">DC18<a name="SKS-DC18"> </a></td><td>Kræft i tyktarmen</td><td>Kræft i tyktarmen</td></tr><tr><td>2</td><td style="white-space:nowrap">  DC180<a name="SKS-DC180"> </a></td><td>Kræft i caecum</td><td>Kræft i caecum</td></tr><tr><td>2</td><td style="white-space:nowrap">  DC182<a name="SKS-DC182"> </a></td><td>Kræft i colon ascendens</td><td>Kræft i colon ascendens</td></tr><tr><td>2</td><td style="white-space:nowrap">  DC183<a name="SKS-DC183"> </a></td><td>Kræft i flexura coli dextra</td><td>Kræft i flexura coli dextra</td></tr><tr><td>2</td><td style="white-space:nowrap">  DC184<a name="SKS-DC184"> </a></td><td>Kræft i colon transversum</td><td>Kræft i colon transversum</td></tr><tr><td>2</td><td style="white-space:nowrap">  DC185<a name="SKS-DC185"> </a></td><td>Kræft i flexura coli sinistra</td><td>Kræft i flexura coli sinistra</td></tr><tr><td>2</td><td style="white-space:nowrap">  DC186<a name="SKS-DC186"> </a></td><td>Kræft i colon descendens</td><td>Kræft i colon descendens</td></tr><tr><td>2</td><td style="white-space:nowrap">  DC187<a name="SKS-DC187"> </a></td><td>Kræft i colon sigmoideum</td><td>Kræft i colon sigmoideum</td></tr><tr><td>2</td><td style="white-space:nowrap">  DC189<a name="SKS-DC189"> </a></td><td>Kræft i tyktarmen UNS</td><td>Kræft i tyktarmen UNS</td></tr><tr><td>1</td><td style="white-space:nowrap">DC20<a name="SKS-DC20"> </a></td><td>Kræft i endetarmen</td><td>Kræft i endetarmen</td></tr><tr><td>1</td><td style="white-space:nowrap">DC780<a name="SKS-DC780"> </a></td><td>Fjernmetastase i lunge</td><td>Fjernmetastase i lunge</td></tr><tr><td>1</td><td style="white-space:nowrap">DC786B<a name="SKS-DC786B"> </a></td><td>Metastase i peritoneum</td><td>DC786B - Metastase i peritoneum</td></tr><tr><td>1</td><td style="white-space:nowrap">DC787<a name="SKS-DC787"> </a></td><td>Fjernmetastase i leveren</td><td>Fjernmetastase i leveren</td></tr><tr><td>1</td><td style="white-space:nowrap">DC798D<a name="SKS-DC798D"> </a></td><td>Fjernmetastase UNS</td><td>Fjernmetastase UNS</td></tr><tr><td>1</td><td style="white-space:nowrap">DI110<a name="SKS-DI110"> </a></td><td>Hypertensiv hjertesygdom med inkompenseret hjertesvigt</td><td>DI110 - Hypertensiv hjertesygdom med inkompenseret hjertesvigt</td></tr><tr><td>1</td><td style="white-space:nowrap">DI130<a name="SKS-DI130"> </a></td><td>Hypertensiv hjertesygdom og nyresygdom med hjertesvigt</td><td>DI130 - Hypertensiv hjertesygdom og nyresygdom med hjertesvigt</td></tr><tr><td>1</td><td style="white-space:nowrap">DI132<a name="SKS-DI132"> </a></td><td>Hypertensiv hjertesygdom og nyresygdom med hjertesvigt og nyresvigt</td><td>DI132 - Hypertensiv hjertesygdom og nyresygdom med hjertesvigt og nyresvigt</td></tr><tr><td>1</td><td style="white-space:nowrap">DI420<a name="SKS-DI420"> </a></td><td>Dilateret kardiomyopati</td><td>DI420 - Dilateret kardiomyopati</td></tr><tr><td>1</td><td style="white-space:nowrap">DI426<a name="SKS-DI426"> </a></td><td>Alkoholisk kardiomyopati</td><td>DI426 - Alkoholisk kardiomyopati</td></tr><tr><td>1</td><td style="white-space:nowrap">DI427<a name="SKS-DI427"> </a></td><td>Kardiomyopati forårsaget af lægemiddel eller andet agens</td><td>DI427 - Kardiomyopati forårsaget af lægemiddel eller andet agens</td></tr><tr><td>1</td><td style="white-space:nowrap">DI429<a name="SKS-DI429"> </a></td><td>Kardiomyopati UNS</td><td>DI429 - Kardiomyopati UNS</td></tr><tr><td>1</td><td style="white-space:nowrap">DI500<a name="SKS-DI500"> </a></td><td>Kronisk hjerteinsufficiens</td><td>DI500 - Kronisk hjerteinsufficiens</td></tr><tr><td>1</td><td style="white-space:nowrap">DI501<a name="SKS-DI501"> </a></td><td>Venstresidig hjerteinsufficiens</td><td>DI501 - Venstresidig hjerteinsufficiens</td></tr><tr><td>2</td><td style="white-space:nowrap">  DI501B<a name="SKS-DI501B"> </a></td><td>Kardielt lungeødem</td><td>DI501B - Kardielt lungeødem</td></tr><tr><td>1</td><td style="white-space:nowrap">DI509<a name="SKS-DI509"> </a></td><td>Hjertesvigt UNS</td><td>DI509 - Hjertesvigt UNS</td></tr><tr><td>1</td><td style="white-space:nowrap">DI60<a name="SKS-DI60"> </a></td><td>Subaraknoidalblødning</td><td>DI60 - Subaraknoidalblødning</td></tr><tr><td>1</td><td style="white-space:nowrap">DI61<a name="SKS-DI61"> </a></td><td>Hjerneblødning</td><td>DI61 - Hjerneblødning</td></tr><tr><td>1</td><td style="white-space:nowrap">DI63<a name="SKS-DI63"> </a></td><td>Hjerneinfarkt</td><td>DI63 - Hjerneinfarkt</td></tr><tr><td>2</td><td style="white-space:nowrap">  DI630<a name="SKS-DI630"> </a></td><td>Hjerneinfarkt forårsaget af trombose i præcerebral arterie</td><td>DI630 - Hjerneinfarkt forårsaget af trombose i præcerebral arterie</td></tr><tr><td>2</td><td style="white-space:nowrap">  DI631<a name="SKS-DI631"> </a></td><td>Hjerneinfarkt forårsaget af emboli i præcerebral arterie</td><td>DI631 - Hjerneinfarkt forårsaget af emboli i præcerebral arterie</td></tr><tr><td>2</td><td style="white-space:nowrap">  DI632<a name="SKS-DI632"> </a></td><td>Hjerneinfarkt forårsaget af tillukning eller stenose i præcerebral arterie UNS</td><td>DI632 - Hjerneinfarkt forårsaget af tillukning eller stenose i præcerebral arterie UNS</td></tr><tr><td>2</td><td style="white-space:nowrap">  DI633<a name="SKS-DI633"> </a></td><td>Hjerneinfarkt forårsaget af trombose i cerebral arterie</td><td>DI633 - Hjerneinfarkt forårsaget af trombose i cerebral arterie</td></tr><tr><td>2</td><td style="white-space:nowrap">  DI634<a name="SKS-DI634"> </a></td><td>Hjerneinfarkt forårsaget af emboli i cerebral arterie</td><td>DI634 - Hjerneinfarkt forårsaget af emboli i cerebral arterie</td></tr><tr><td>2</td><td style="white-space:nowrap">  DI635<a name="SKS-DI635"> </a></td><td>Hjerneinfarkt forårsaget af tillukning eller stenose i cerebral arterie UNS</td><td>DI635 - Hjerneinfarkt forårsaget af tillukning eller stenose i cerebral arterie UNS</td></tr><tr><td>2</td><td style="white-space:nowrap">  DI638<a name="SKS-DI638"> </a></td><td>Anden form for hjerneinfarkt</td><td>DI638 - Anden form for hjerneinfarkt</td></tr><tr><td>2</td><td style="white-space:nowrap">  DI639<a name="SKS-DI639"> </a></td><td>Hjerneinfarkt UNS</td><td>DI639 - Hjerneinfarkt UNS</td></tr><tr><td>1</td><td style="white-space:nowrap">DI64<a name="SKS-DI64"> </a></td><td>Slagtilfælde uden oplysning om blødning eller infarkt</td><td>DI64 - Slagtilfælde uden oplysning om blødning eller infarkt</td></tr><tr><td>1</td><td style="white-space:nowrap">DG45<a name="SKS-DG45"> </a></td><td>Transitorisk cerebral iskæmi og beslægtede syndromer</td><td>DG45 - Transitorisk cerebral iskæmi og beslægtede syndromer</td></tr><tr><td>1</td><td style="white-space:nowrap">DK40<a name="SKS-DK40"> </a></td><td>Lyskebrok</td><td>DK40 - Lyskebrok</td></tr><tr><td>1</td><td style="white-space:nowrap">DK41<a name="SKS-DK41"> </a></td><td>Lårbrok</td><td>DK41 - Lårbrok</td></tr><tr><td>1</td><td style="white-space:nowrap">KJFB20<a name="SKS-KJFB20"> </a></td><td>Ileocækal resektion</td><td>KJFB20 - Ileocækal resektion</td></tr><tr><td>1</td><td style="white-space:nowrap">KJFB30<a name="SKS-KJFB30"> </a></td><td>Højresidig hemikolektomi</td><td>KJFB30 - Højresidig hemikolektomi</td></tr><tr><td>2</td><td style="white-space:nowrap">  KJFB30A<a name="SKS-KJFB30A"> </a></td><td>Udvidet højresidig hemikolektomi</td><td>KJFB30A - Udvidet højresidig hemikolektomi</td></tr><tr><td>1</td><td style="white-space:nowrap">KJFB34<a name="SKS-KJFB34"> </a></td><td>Anden laparoskopisk samtidig resektion af tyndtarm og tyktarm</td><td>KJFB34 - Anden laparoskopisk samtidig resektion af tyndtarm og tyktarm</td></tr><tr><td>1</td><td style="white-space:nowrap">KJFB40<a name="SKS-KJFB40"> </a></td><td>Resektion af colon transversum</td><td>KJFB40 - Resektion af colon transversum</td></tr><tr><td>1</td><td style="white-space:nowrap">KJFB43<a name="SKS-KJFB43"> </a></td><td>Venstresidig hemikolektomi</td><td>KJFB43 - Venstresidig hemikolektomi</td></tr><tr><td>1</td><td style="white-space:nowrap">KJFB46<a name="SKS-KJFB46"> </a></td><td>Resektion af colon sigmoideum</td><td>KJFB46 - Resektion af colon sigmoideum</td></tr><tr><td>1</td><td style="white-space:nowrap">KJFB50<a name="SKS-KJFB50"> </a></td><td>Anden colonresektion</td><td>KJFB50 - Anden colonresektion</td></tr><tr><td>1</td><td style="white-space:nowrap">KJFB53<a name="SKS-KJFB53"> </a></td><td>Resektion af venstre fleksur</td><td>KJFB53 - Resektion af venstre fleksur</td></tr><tr><td>1</td><td style="white-space:nowrap">KJFB60<a name="SKS-KJFB60"> </a></td><td>Resektion af colon sigmoideum med kolostomi</td><td>KJFB60 - Resektion af colon sigmoideum med kolostomi</td></tr><tr><td>1</td><td style="white-space:nowrap">KJFB63<a name="SKS-KJFB63"> </a></td><td>Anden tyktarmsresektion med kolostomi og distal lukning</td><td>KJFB63 - Anden tyktarmsresektion med kolostomi og distal lukning</td></tr><tr><td>1</td><td style="white-space:nowrap">KJFH00<a name="SKS-KJFH00"> </a></td><td>Kolektomi og ileorektostomi</td><td>KJFH00 - Kolektomi og ileorektostomi</td></tr><tr><td>1</td><td style="white-space:nowrap">KJFH10<a name="SKS-KJFH10"> </a></td><td>Kolektomi og ileostomi</td><td>KJFH10 - Kolektomi og ileostomi</td></tr><tr><td>1</td><td style="white-space:nowrap">KJFH20<a name="SKS-KJFH20"> </a></td><td>Proktokolektomi og ileostomi</td><td>KJFH20 - Proktokolektomi og ileostomi</td></tr><tr><td>1</td><td style="white-space:nowrap">KJGB00<a name="SKS-KJGB00"> </a></td><td>Resektion af endetarm</td><td>KJGB00 - Resektion af endetarm</td></tr><tr><td>1</td><td style="white-space:nowrap">KJGB10<a name="SKS-KJGB10"> </a></td><td>Resektion af endetarm med kolostomi</td><td>KJGB10 - Resektion af endetarm med kolostomi</td></tr><tr><td>1</td><td style="white-space:nowrap">KJGB32<a name="SKS-KJGB32"> </a></td><td>Abdominal og intersphincterisk excision af endetarm</td><td>KJGB32 - Abdominal og intersphincterisk excision af endetarm</td></tr><tr><td>1</td><td style="white-space:nowrap">KJGB35<a name="SKS-KJGB35"> </a></td><td>Abdominal og ischioanal excision af endetarm</td><td>KJGB35 - Abdominal og ischioanal excision af endetarm</td></tr><tr><td>1</td><td style="white-space:nowrap">KJGB36<a name="SKS-KJGB36"> </a></td><td>Abdominal og ekstralevatorisk excision af endetarm</td><td>KJGB36 - Abdominal og ekstralevatorisk excision af endetarm</td></tr><tr><td>1</td><td style="white-space:nowrap">KJAH00<a name="SKS-KJAH00"> </a></td><td>Eksplorativ laparotomi</td><td>KJAH00 - Eksplorativ laparotomi</td></tr><tr><td>1</td><td style="white-space:nowrap">KJMA<a name="SKS-KJMA"> </a></td><td>Splenektomier</td><td>KJMA - Splenektomier</td></tr><tr><td>1</td><td style="white-space:nowrap">KPAF20<a name="SKS-KPAF20"> </a></td><td>Trombendarterektomi i a. carotis communis</td><td>KPAF20 - Trombendarterektomi i a. carotis communis</td></tr><tr><td>1</td><td style="white-space:nowrap">KPAF21<a name="SKS-KPAF21"> </a></td><td>Trombendarterektomi i a. carotis interna</td><td>KPAF21 - Trombendarterektomi i a. carotis interna</td></tr><tr><td>1</td><td style="white-space:nowrap">KPAF22<a name="SKS-KPAF22"> </a></td><td>Trombendarterektomi i a. carotis externa</td><td>KPAF22 - Trombendarterektomi i a. carotis externa</td></tr><tr><td>1</td><td style="white-space:nowrap">KPAK21<a name="SKS-KPAK21"> </a></td><td>Reimplantation af a. carotis interna</td><td>KPAK21 - Reimplantation af a. carotis interna</td></tr><tr><td>1</td><td style="white-space:nowrap">KPAP10<a name="SKS-KPAP10"> </a></td><td>Perkut. plastik på truncus brachiocephalicus</td><td>KPAP10 - Perkut. plastik på truncus brachiocephalicus</td></tr><tr><td>1</td><td style="white-space:nowrap">KPAP20<a name="SKS-KPAP20"> </a></td><td>Perkut. plastik på a. carotis communis</td><td>KPAP20 - Perkut. plastik på a. carotis communis</td></tr><tr><td>1</td><td style="white-space:nowrap">KPAP21<a name="SKS-KPAP21"> </a></td><td>Perkut. plastik på a. carotis interna</td><td>KPAP21 - Perkut. plastik på a. carotis interna</td></tr><tr><td>1</td><td style="white-space:nowrap">KPAP30<a name="SKS-KPAP30"> </a></td><td>Perkutan plastik på a. subclavia</td><td>KPAP30 - Perkutan plastik på a. subclavia</td></tr><tr><td>1</td><td style="white-space:nowrap">KPAP99<a name="SKS-KPAP99"> </a></td><td>Perkut. plastik på an. gren på a. afgå. fra aortabuen</td><td>KPAP99 - Perkut. plastik på an. gren på a. afgå. fra aortabuen</td></tr><tr><td>1</td><td style="white-space:nowrap">KPBP10<a name="SKS-KPBP10"> </a></td><td>Perkutan plastik på a. axillaris</td><td>KPBP10 - Perkutan plastik på a. axillaris</td></tr><tr><td>1</td><td style="white-space:nowrap">KPBP20<a name="SKS-KPBP20"> </a></td><td>Perkutan plastik på a. brachialis</td><td>KPBP20 - Perkutan plastik på a. brachialis</td></tr><tr><td>1</td><td style="white-space:nowrap">KPBP99<a name="SKS-KPBP99"> </a></td><td>Perkut. plastik på anden arterie i overekstremitet</td><td>KPBP99 - Perkut. plastik på anden arterie i overekstremitet</td></tr><tr><td>1</td><td style="white-space:nowrap">KPBQ10<a name="SKS-KPBQ10"> </a></td><td>Indsættelse af endoprotese i a. axillaris</td><td>KPBQ10 - Indsættelse af endoprotese i a. axillaris</td></tr><tr><td>1</td><td style="white-space:nowrap">KPBQ20<a name="SKS-KPBQ20"> </a></td><td>Indsættelse af endoprotese i a. brachialis</td><td>KPBQ20 - Indsættelse af endoprotese i a. brachialis</td></tr><tr><td>1</td><td style="white-space:nowrap">KPBQ99<a name="SKS-KPBQ99"> </a></td><td>Indsættelse af endoprotese i anden arterie i overekstremitet</td><td>KPBQ99 - Indsættelse af endoprotese i anden arterie i overekstremitet</td></tr><tr><td>1</td><td style="white-space:nowrap">KPCG10<a name="SKS-KPCG10"> </a></td><td>Aneurismeoperation på supracøliakale el. jukstarenale ao.</td><td>KPCG10 - Aneurismeoperation på supracøliakale el. jukstarenale ao.</td></tr><tr><td>1</td><td style="white-space:nowrap">KPCP10<a name="SKS-KPCP10"> </a></td><td>Perkutan plastik på suprarenale aorta</td><td>KPCP10 - Perkutan plastik på suprarenale aorta</td></tr><tr><td>1</td><td style="white-space:nowrap">KPCP20<a name="SKS-KPCP20"> </a></td><td>Perkut. plastik på truncus coeliacus el. grene</td><td>KPCP20 - Perkut. plastik på truncus coeliacus el. grene</td></tr><tr><td>1</td><td style="white-space:nowrap">KPCP30<a name="SKS-KPCP30"> </a></td><td>Perkut. plastik på a. mesenterica superior</td><td>KPCP30 - Perkut. plastik på a. mesenterica superior</td></tr><tr><td>1</td><td style="white-space:nowrap">KPCP40<a name="SKS-KPCP40"> </a></td><td>Perkutan plastik på a. renalis</td><td>KPCP40 - Perkutan plastik på a. renalis</td></tr><tr><td>1</td><td style="white-space:nowrap">KPCP40A<a name="SKS-KPCP40A"> </a></td><td>Perkut. plastik på arterie til transplanteret nyre</td><td>KPCP40A - Perkut. plastik på arterie til transplanteret nyre</td></tr><tr><td>1</td><td style="white-space:nowrap">KPCP99<a name="SKS-KPCP99"> </a></td><td>Perkut. plastik på anden visceralarterie</td><td>KPCP99 - Perkut. plastik på anden visceralarterie</td></tr><tr><td>1</td><td style="white-space:nowrap">KPCQ10<a name="SKS-KPCQ10"> </a></td><td>Inds af endoprotese i supracøliakale el. jukstrarenale aorta</td><td>KPCQ10 - Inds af endoprotese i supracøliakale el. jukstrarenale aorta</td></tr><tr><td>1</td><td style="white-space:nowrap">KPCQ20<a name="SKS-KPCQ20"> </a></td><td>Indsættelse af endoprotese i truncus coeliacus el. grene</td><td>KPCQ20 - Indsættelse af endoprotese i truncus coeliacus el. grene</td></tr><tr><td>1</td><td style="white-space:nowrap">KPCQ30<a name="SKS-KPCQ30"> </a></td><td>Indsættelse af endoprotese i a. mesenterica superior</td><td>KPCQ30 - Indsættelse af endoprotese i a. mesenterica superior</td></tr><tr><td>1</td><td style="white-space:nowrap">KPCQ40<a name="SKS-KPCQ40"> </a></td><td>Indsættelse af endoprotese i a. renalis</td><td>KPCQ40 - Indsættelse af endoprotese i a. renalis</td></tr><tr><td>1</td><td style="white-space:nowrap">KPCQ99<a name="SKS-KPCQ99"> </a></td><td>Indsættelse af endoprotese i anden visceralarterie</td><td>KPCQ99 - Indsættelse af endoprotese i anden visceralarterie</td></tr><tr><td>1</td><td style="white-space:nowrap">KPCU83<a name="SKS-KPCU83"> </a></td><td>Perkut. plastik på byp. fra suprarenale ao. el. viscerala.</td><td>KPCU83 - Perkut. plastik på byp. fra suprarenale ao. el. viscerala.</td></tr><tr><td>1</td><td style="white-space:nowrap">KPCU84<a name="SKS-KPCU84"> </a></td><td>Indsæt. af stent i byp. fra suprarenale ao. el. viscerala.</td><td>KPCU84 - Indsæt. af stent i byp. fra suprarenale ao. el. viscerala.</td></tr><tr><td>1</td><td style="white-space:nowrap">KPCW20<a name="SKS-KPCW20"> </a></td><td>Perkut. translum. fenestrering af suprarenale ao.</td><td>KPCW20 - Perkut. translum. fenestrering af suprarenale ao.</td></tr><tr><td>1</td><td style="white-space:nowrap">KPDA10<a name="SKS-KPDA10"> </a></td><td>Eksploration af infrarenale aorta</td><td>KPDA10 - Eksploration af infrarenale aorta</td></tr><tr><td>1</td><td style="white-space:nowrap">KPDG10<a name="SKS-KPDG10"> </a></td><td>Aneurismeoperation på infrarenale aorta</td><td>KPDG10 - Aneurismeoperation på infrarenale aorta</td></tr><tr><td>1</td><td style="white-space:nowrap">KPDG20<a name="SKS-KPDG20"> </a></td><td>Aneurismeoperation m. aortoiliakal byp.</td><td>KPDG20 - Aneurismeoperation m. aortoiliakal byp.</td></tr><tr><td>1</td><td style="white-space:nowrap">KPDG21<a name="SKS-KPDG21"> </a></td><td>Aneurismeoperation m. aortobi-iliakal byp.</td><td>KPDG21 - Aneurismeoperation m. aortobi-iliakal byp.</td></tr><tr><td>1</td><td style="white-space:nowrap">KPDG22<a name="SKS-KPDG22"> </a></td><td>Aneurismeop. m. aortoiliakal/kontralat. iliakofemoral byp.</td><td>KPDG22 - Aneurismeop. m. aortoiliakal/kontralat. iliakofemoral byp.</td></tr><tr><td>1</td><td style="white-space:nowrap">KPDG23<a name="SKS-KPDG23"> </a></td><td>Aneurismeoperation m. aortofemoral byp.</td><td>KPDG23 - Aneurismeoperation m. aortofemoral byp.</td></tr><tr><td>1</td><td style="white-space:nowrap">KPDG24<a name="SKS-KPDG24"> </a></td><td>Aneurismeoperation m. aortobifemoral byp.</td><td>KPDG24 - Aneurismeoperation m. aortobifemoral byp.</td></tr><tr><td>1</td><td style="white-space:nowrap">KPDP10<a name="SKS-KPDP10"> </a></td><td>Perkutan plastik på infrarenale aorta</td><td>KPDP10 - Perkutan plastik på infrarenale aorta</td></tr><tr><td>1</td><td style="white-space:nowrap">KPDP30<a name="SKS-KPDP30"> </a></td><td>Perkutan plastik på iliaka-arterie</td><td>KPDP30 - Perkutan plastik på iliaka-arterie</td></tr><tr><td>1</td><td style="white-space:nowrap">KPDQ10<a name="SKS-KPDQ10"> </a></td><td>Indsættelse af endoprotese i infrarenale aorta</td><td>KPDQ10 - Indsættelse af endoprotese i infrarenale aorta</td></tr><tr><td>1</td><td style="white-space:nowrap">KPDQ20<a name="SKS-KPDQ20"> </a></td><td>Indsættelse af endoprotese aorto-iliakalt</td><td>KPDQ20 - Indsættelse af endoprotese aorto-iliakalt</td></tr><tr><td>1</td><td style="white-space:nowrap">KPDQ21<a name="SKS-KPDQ21"> </a></td><td>Indsættelse af endoprotese aorto-bi-iliakalt</td><td>KPDQ21 - Indsættelse af endoprotese aorto-bi-iliakalt</td></tr><tr><td>1</td><td style="white-space:nowrap">KPDU83<a name="SKS-KPDU83"> </a></td><td>Perkut. plastik på byp. fra infraren. ao. el. iliaka-a.</td><td>KPDU83 - Perkut. plastik på byp. fra infraren. ao. el. iliaka-a.</td></tr><tr><td>1</td><td style="white-space:nowrap">KPDU84<a name="SKS-KPDU84"> </a></td><td>Indsæt. af stent i byp. fra infraren. ao. el. iliaka-a.</td><td>KPDU84 - Indsæt. af stent i byp. fra infraren. ao. el. iliaka-a.</td></tr><tr><td>1</td><td style="white-space:nowrap">KPDW20<a name="SKS-KPDW20"> </a></td><td>Perkut. translum. fenestrering af infrarenale ao.</td><td>KPDW20 - Perkut. translum. fenestrering af infrarenale ao.</td></tr><tr><td>1</td><td style="white-space:nowrap">KPEH20<a name="SKS-KPEH20"> </a></td><td>Byp. fra a. femor. til a. poplit. oven for knæet</td><td>KPEH20 - Byp. fra a. femor. til a. poplit. oven for knæet</td></tr><tr><td>1</td><td style="white-space:nowrap">KPEH30<a name="SKS-KPEH30"> </a></td><td>Byp. fra a. femor. til a. poplit. neden for knæet</td><td>KPEH30 - Byp. fra a. femor. til a. poplit. neden for knæet</td></tr><tr><td>1</td><td style="white-space:nowrap">KPEP10<a name="SKS-KPEP10"> </a></td><td>Perkut. plastik på a. femoralis communis</td><td>KPEP10 - Perkut. plastik på a. femoralis communis</td></tr><tr><td>1</td><td style="white-space:nowrap">KPEP11<a name="SKS-KPEP11"> </a></td><td>Perkut. plastik på a. profunda femoris</td><td>KPEP11 - Perkut. plastik på a. profunda femoris</td></tr><tr><td>1</td><td style="white-space:nowrap">KPEP12<a name="SKS-KPEP12"> </a></td><td>Perkut. plastik på a. femoralis superficialis</td><td>KPEP12 - Perkut. plastik på a. femoralis superficialis</td></tr><tr><td>1</td><td style="white-space:nowrap">KPEQ10<a name="SKS-KPEQ10"> </a></td><td>Indsættelse af endoprotese i a. femoralis communis</td><td>KPEQ10 - Indsættelse af endoprotese i a. femoralis communis</td></tr><tr><td>1</td><td style="white-space:nowrap">KPEQ11<a name="SKS-KPEQ11"> </a></td><td>Indsættelse af endoprotese i a. profunda femoris</td><td>KPEQ11 - Indsættelse af endoprotese i a. profunda femoris</td></tr><tr><td>1</td><td style="white-space:nowrap">KPEQ12<a name="SKS-KPEQ12"> </a></td><td>Indsættelse af endoprotese i a. femoralis superficialis</td><td>KPEQ12 - Indsættelse af endoprotese i a. femoralis superficialis</td></tr><tr><td>1</td><td style="white-space:nowrap">KPEQ99<a name="SKS-KPEQ99"> </a></td><td>An. indsæt. af endoprotese i a. femor. el. dens grene</td><td>KPEQ99 - An. indsæt. af endoprotese i a. femor. el. dens grene</td></tr><tr><td>1</td><td style="white-space:nowrap">KPEU83<a name="SKS-KPEU83"> </a></td><td>Perkut. plastik på byp. fra a. femor. til a. poplit.</td><td>KPEU83 - Perkut. plastik på byp. fra a. femor. til a. poplit.</td></tr><tr><td>1</td><td style="white-space:nowrap">KPEU84<a name="SKS-KPEU84"> </a></td><td>Indsæt. af stent i byp. fra a. femor. til a. poplit.</td><td>KPEU84 - Indsæt. af stent i byp. fra a. femor. til a. poplit.</td></tr><tr><td>1</td><td style="white-space:nowrap">KPFH20<a name="SKS-KPFH20"> </a></td><td>Byp. fra a. femor. el. a. poplit. til a. i underben</td><td>KPFH20 - Byp. fra a. femor. el. a. poplit. til a. i underben</td></tr><tr><td>1</td><td style="white-space:nowrap">KPFH21<a name="SKS-KPFH21"> </a></td><td>Byp. fra a. femor/poplit. til proks. del af a. tibialis ant.</td><td>KPFH21 - Byp. fra a. femor/poplit. til proks. del af a. tibialis ant.</td></tr><tr><td>1</td><td style="white-space:nowrap">KPFH22<a name="SKS-KPFH22"> </a></td><td>Byp. fra a. femor/poplit. til dist. del af a. tibialis ant.</td><td>KPFH22 - Byp. fra a. femor/poplit. til dist. del af a. tibialis ant.</td></tr><tr><td>1</td><td style="white-space:nowrap">KPFH23<a name="SKS-KPFH23"> </a></td><td>Byp. fra a. femor. el. a. poplit. til trun. tibioperonealis</td><td>KPFH23 - Byp. fra a. femor. el. a. poplit. til trun. tibioperonealis</td></tr><tr><td>1</td><td style="white-space:nowrap">KPFH24<a name="SKS-KPFH24"> </a></td><td>Byp. fra a. femor/poplit. til proks. a. tibialis post.</td><td>KPFH24 - Byp. fra a. femor/poplit. til proks. a. tibialis post.</td></tr><tr><td>1</td><td style="white-space:nowrap">KPFH25<a name="SKS-KPFH25"> </a></td><td>Byp. fra a. femor. el. a. poplit. til dist. a. tibialis post</td><td>KPFH25 - Byp. fra a. femor. el. a. poplit. til dist. a. tibialis post</td></tr><tr><td>1</td><td style="white-space:nowrap">KPFH26<a name="SKS-KPFH26"> </a></td><td>Byp. fra a. femor. el. a. poplit. til proks. a. peronealis</td><td>KPFH26 - Byp. fra a. femor. el. a. poplit. til proks. a. peronealis</td></tr><tr><td>1</td><td style="white-space:nowrap">KPFH27<a name="SKS-KPFH27"> </a></td><td>Byp. fra a. femor. el. a. poplit. til dist. a. peronealis</td><td>KPFH27 - Byp. fra a. femor. el. a. poplit. til dist. a. peronealis</td></tr><tr><td>1</td><td style="white-space:nowrap">KPFH28<a name="SKS-KPFH28"> </a></td><td>Byp. fra a. femor. el. a. poplit. til a. dorsalis pedis</td><td>KPFH28 - Byp. fra a. femor. el. a. poplit. til a. dorsalis pedis</td></tr><tr><td>1</td><td style="white-space:nowrap">KPFH29<a name="SKS-KPFH29"> </a></td><td>Byp. fra a. femor/poplit. til a. tibialis post. i fod</td><td>KPFH29 - Byp. fra a. femor/poplit. til a. tibialis post. i fod</td></tr><tr><td>1</td><td style="white-space:nowrap">KPFH99<a name="SKS-KPFH99"> </a></td><td>An. byp. fra a. femor. el. a. poplit. til a. i underben/fod</td><td>KPFH99 - An. byp. fra a. femor. el. a. poplit. til a. i underben/fod</td></tr><tr><td>1</td><td style="white-space:nowrap">KPFP10<a name="SKS-KPFP10"> </a></td><td>Perkutan plastik på a. poplitea</td><td>KPFP10 - Perkutan plastik på a. poplitea</td></tr><tr><td>1</td><td style="white-space:nowrap">KPFP30<a name="SKS-KPFP30"> </a></td><td>Perkut. plastik på arterie i underben el. fod</td><td>KPFP30 - Perkut. plastik på arterie i underben el. fod</td></tr><tr><td>1</td><td style="white-space:nowrap">KPFQ10<a name="SKS-KPFQ10"> </a></td><td>Indsættelse af endoprotese i a. poplitea</td><td>KPFQ10 - Indsættelse af endoprotese i a. poplitea</td></tr><tr><td>1</td><td style="white-space:nowrap">KPFQ30<a name="SKS-KPFQ30"> </a></td><td>Indsættelse af endoprotese i arterie i underben el. fod</td><td>KPFQ30 - Indsættelse af endoprotese i arterie i underben el. fod</td></tr><tr><td>1</td><td style="white-space:nowrap">KPFU83<a name="SKS-KPFU83"> </a></td><td>Perkut. plastik på byp. fra a-fem/poplit. til a-underben/fod</td><td>KPFU83 - Perkut. plastik på byp. fra a-fem/poplit. til a-underben/fod</td></tr><tr><td>1</td><td style="white-space:nowrap">KPFU84<a name="SKS-KPFU84"> </a></td><td>Indsæt. stent i byp. fra a. femor/poplit. til a-underben/fod</td><td>KPFU84 - Indsæt. stent i byp. fra a. femor/poplit. til a-underben/fod</td></tr><tr><td>1</td><td style="white-space:nowrap">KPGU83<a name="SKS-KPGU83"> </a></td><td>Perkut. plastik på ekstra-anatomisk byp.</td><td>KPGU83 - Perkut. plastik på ekstra-anatomisk byp.</td></tr><tr><td>1</td><td style="white-space:nowrap">KPGU84<a name="SKS-KPGU84"> </a></td><td>Indsættelse af stent i ekstra-anatomisk byp.</td><td>KPGU84 - Indsættelse af stent i ekstra-anatomisk byp.</td></tr><tr><td>1</td><td style="white-space:nowrap">T000010<a name="SKS-T000010"> </a></td><td>hud</td><td>T000010 - hud</td></tr><tr><td>1</td><td style="white-space:nowrap">T000094<a name="SKS-T000094"> </a></td><td>mamma</td><td>T000094 - mamma</td></tr><tr><td>1</td><td style="white-space:nowrap">T000113<a name="SKS-T000113"> </a></td><td>knoglemarv</td><td>T000113 - konglemarv</td></tr><tr><td>1</td><td style="white-space:nowrap">T000132<a name="SKS-T000132"> </a></td><td>milt</td><td>T000132 - milt</td></tr><tr><td>1</td><td style="white-space:nowrap">T000134<a name="SKS-T000134"> </a></td><td>lymfeknude</td><td>T000134 - lymfeknude</td></tr><tr><td>1</td><td style="white-space:nowrap">T000146<a name="SKS-T000146"> </a></td><td>lymfeknude på hals</td><td>T000146 - lymfeknude på hals</td></tr><tr><td>1</td><td style="white-space:nowrap">T000148<a name="SKS-T000148"> </a></td><td>supraclaviculær lymfeknude</td><td>T000148 - supraclaviculær lymfeknude</td></tr><tr><td>1</td><td style="white-space:nowrap">T000154<a name="SKS-T000154"> </a></td><td>infraclaviculær lymfeknude</td><td>T000154 - infraclaviculær lymfeknude</td></tr><tr><td>1</td><td style="white-space:nowrap">T000174<a name="SKS-T000174"> </a></td><td>lymfeknude i aksil</td><td>T000174 - lymfeknude i aksil</td></tr><tr><td>1</td><td style="white-space:nowrap">T000177<a name="SKS-T000177"> </a></td><td>lymfeknude i inguen</td><td>T000177 - lymfeknude i inguen</td></tr><tr><td>1</td><td style="white-space:nowrap">T000224<a name="SKS-T000224"> </a></td><td>Knogle</td><td>T000224 - Knogle</td></tr><tr><td>1</td><td style="white-space:nowrap">T000240<a name="SKS-T000240"> </a></td><td>os sacrum</td><td>T000240 - os sacrum</td></tr><tr><td>1</td><td style="white-space:nowrap">T000241<a name="SKS-T000241"> </a></td><td>os coccygis</td><td>T000241 - os coccygis</td></tr><tr><td>1</td><td style="white-space:nowrap">T000298<a name="SKS-T000298"> </a></td><td>skeletmuskulatur</td><td>T000298 - skeletmuskulatur</td></tr><tr><td>1</td><td style="white-space:nowrap">T000347<a name="SKS-T000347"> </a></td><td>cavitas nasi</td><td>T000347 - cavitas nasi</td></tr><tr><td>1</td><td style="white-space:nowrap">T000352<a name="SKS-T000352"> </a></td><td>Bihule</td><td>T000352 - Bihule</td></tr><tr><td>1</td><td style="white-space:nowrap">T000398<a name="SKS-T000398"> </a></td><td>lunge</td><td>T000398 - lunge</td></tr><tr><td>1</td><td style="white-space:nowrap">T000400<a name="SKS-T000400"> </a></td><td>lungehilum</td><td>T000400 - lungehilum</td></tr><tr><td>1</td><td style="white-space:nowrap">T000438<a name="SKS-T000438"> </a></td><td>Hjerte</td><td>T000438 - Hjerte</td></tr><tr><td>1</td><td style="white-space:nowrap">T000492<a name="SKS-T000492"> </a></td><td>blodkar</td><td>T000492 - blodkar</td></tr><tr><td>1</td><td style="white-space:nowrap">T000522<a name="SKS-T000522"> </a></td><td>arteria carotis interna</td><td>T000522 - arteria carotis interna</td></tr><tr><td>1</td><td style="white-space:nowrap">T000523<a name="SKS-T000523"> </a></td><td>arteria communicans posterior</td><td>T000523 - arteria communicans posterior</td></tr><tr><td>1</td><td style="white-space:nowrap">T000526<a name="SKS-T000526"> </a></td><td>arteria communicans anterior</td><td>T000526 - arteria communicans anterior</td></tr><tr><td>1</td><td style="white-space:nowrap">T000527<a name="SKS-T000527"> </a></td><td>arteria cerebri anterior</td><td>T000527 - arteria cerebri anterior</td></tr><tr><td>1</td><td style="white-space:nowrap">T000528<a name="SKS-T000528"> </a></td><td>arteria cerebri media</td><td>T000528 - arteria cerebri media</td></tr><tr><td>1</td><td style="white-space:nowrap">T000529<a name="SKS-T000529"> </a></td><td>arteria vertebralis</td><td>T000529 - arteria vertebralis</td></tr><tr><td>1</td><td style="white-space:nowrap">T000530<a name="SKS-T000530"> </a></td><td>arteria basilaris</td><td>T000530 - arteria basilaris</td></tr><tr><td>1</td><td style="white-space:nowrap">T000531<a name="SKS-T000531"> </a></td><td>arteria cerebelli</td><td>T000531 - arteria cerebelli</td></tr><tr><td>1</td><td style="white-space:nowrap">T000569<a name="SKS-T000569"> </a></td><td>mund</td><td>T000569 - mund</td></tr><tr><td>1</td><td style="white-space:nowrap">T000600<a name="SKS-T000600"> </a></td><td>Spytkirtler</td><td>T000600 - Spytkirtler</td></tr><tr><td>1</td><td style="white-space:nowrap">T000607<a name="SKS-T000607"> </a></td><td>lever</td><td>T000607 - lever</td></tr><tr><td>1</td><td style="white-space:nowrap">T000627<a name="SKS-T000627"> </a></td><td>galdeblære</td><td>T000627 - galdeblære</td></tr><tr><td>1</td><td style="white-space:nowrap">T000638<a name="SKS-T000638"> </a></td><td>pancreas</td><td>T000638 - pancreas</td></tr><tr><td>1</td><td style="white-space:nowrap">T000647<a name="SKS-T000647"> </a></td><td>Pharynx</td><td>T000647 - Pharynx</td></tr><tr><td>1</td><td style="white-space:nowrap">T000654<a name="SKS-T000654"> </a></td><td>Ganetonsil</td><td>T000654 - Ganetonsil</td></tr><tr><td>1</td><td style="white-space:nowrap">T000657<a name="SKS-T000657"> </a></td><td>Ganetonsiller</td><td>T000657 - Ganetonsiller</td></tr><tr><td>1</td><td style="white-space:nowrap">T000662<a name="SKS-T000662"> </a></td><td>øsofagus</td><td>T000662 - øsofagus</td></tr><tr><td>1</td><td style="white-space:nowrap">T000670<a name="SKS-T000670"> </a></td><td>ventrikel</td><td>T000670 - ventrikel</td></tr><tr><td>1</td><td style="white-space:nowrap">T000695<a name="SKS-T000695"> </a></td><td>tyndtarm</td><td>T000695 - tyndtarm</td></tr><tr><td>1</td><td style="white-space:nowrap">T000702<a name="SKS-T000702"> </a></td><td>mesenterium</td><td>T000702 - mesenterium</td></tr><tr><td>1</td><td style="white-space:nowrap">T000703<a name="SKS-T000703"> </a></td><td>duodenum</td><td>T000703 - duodenum</td></tr><tr><td>1</td><td style="white-space:nowrap">T000725<a name="SKS-T000725"> </a></td><td>colon</td><td>T000725 - colon</td></tr><tr><td>1</td><td style="white-space:nowrap">T000773<a name="SKS-T000773"> </a></td><td>nyre</td><td>T000773 - nyre</td></tr><tr><td>1</td><td style="white-space:nowrap">T000803<a name="SKS-T000803"> </a></td><td>ureter</td><td>T000803 - ureter</td></tr><tr><td>1</td><td style="white-space:nowrap">T000812<a name="SKS-T000812"> </a></td><td>vesica urinaria</td><td>T000812 - vesica urinaria</td></tr><tr><td>1</td><td style="white-space:nowrap">T000824<a name="SKS-T000824"> </a></td><td>urethra</td><td>T000824 - urethra</td></tr><tr><td>1</td><td style="white-space:nowrap">T000834<a name="SKS-T000834"> </a></td><td>prostata</td><td>T000834 - prostata</td></tr><tr><td>1</td><td style="white-space:nowrap">T000840<a name="SKS-T000840"> </a></td><td>vesicula seminalis</td><td>T000840 - vesicula seminalis</td></tr><tr><td>1</td><td style="white-space:nowrap">T000842<a name="SKS-T000842"> </a></td><td>testis</td><td>T000842 - testis</td></tr><tr><td>1</td><td style="white-space:nowrap">T000854<a name="SKS-T000854"> </a></td><td>begge testes</td><td>T000854 - begge testes</td></tr><tr><td>1</td><td style="white-space:nowrap">T000892<a name="SKS-T000892"> </a></td><td>vagina</td><td>T000892 - vagina</td></tr><tr><td>1</td><td style="white-space:nowrap">T000898<a name="SKS-T000898"> </a></td><td>uterus</td><td>T000898 - uterus</td></tr><tr><td>1</td><td style="white-space:nowrap">T000948<a name="SKS-T000948"> </a></td><td>begge ovarier</td><td>T000948 - begge ovarier</td></tr><tr><td>1</td><td style="white-space:nowrap">T001022<a name="SKS-T001022"> </a></td><td>glandula thyroidea</td><td>T001022 - glandula thyroidea</td></tr><tr><td>1</td><td style="white-space:nowrap">T001039<a name="SKS-T001039"> </a></td><td>centralnervesystem</td><td>T001039 - centralnervesystem</td></tr><tr><td>1</td><td style="white-space:nowrap">T001057<a name="SKS-T001057"> </a></td><td>arachnoidea</td><td>T001057 - arachnoidea</td></tr><tr><td>1</td><td style="white-space:nowrap">T001127<a name="SKS-T001127"> </a></td><td>bulbus oculi</td><td>T001127 - bulbus oculi</td></tr><tr><td>1</td><td style="white-space:nowrap">T001145<a name="SKS-T001145"> </a></td><td>glandula lacrimalis</td><td>T001145 - glandula lacrimalis</td></tr><tr><td>1</td><td style="white-space:nowrap">T001182<a name="SKS-T001182"> </a></td><td>Orbita</td><td>T001182 - Orbita</td></tr><tr><td>1</td><td style="white-space:nowrap">T001210<a name="SKS-T001210"> </a></td><td>mediastinum</td><td>T001210 - mediastinum</td></tr><tr><td>1</td><td style="white-space:nowrap">T001220<a name="SKS-T001220"> </a></td><td>bugvæg</td><td>T001220 - bugvæg</td></tr><tr><td>1</td><td style="white-space:nowrap">T001222<a name="SKS-T001222"> </a></td><td>peritoneum</td><td>T001222 - peritoneum</td></tr><tr><td>1</td><td style="white-space:nowrap">T001227<a name="SKS-T001227"> </a></td><td>retroperitoneum</td><td>T001227 - retroperitoneum</td></tr><tr><td>1</td><td style="white-space:nowrap">T001231<a name="SKS-T001231"> </a></td><td>Pelvis</td><td>T001231 - Pelvis</td></tr><tr><td>1</td><td style="white-space:nowrap">TUL1<a name="SKS-TUL1"> </a></td><td>højresidig</td><td>TUL1 - højresidig</td></tr><tr><td>1</td><td style="white-space:nowrap">TUL2<a name="SKS-TUL2"> </a></td><td>venstresidig</td><td>TUL2 - venstresidig</td></tr><tr><td>1</td><td style="white-space:nowrap">TUL3<a name="SKS-TUL3"> </a></td><td>dobbeltsidig</td><td>TUL3 - dobbeltsidig</td></tr><tr><td>1</td><td style="white-space:nowrap">TUL7<a name="SKS-TUL7"> </a></td><td>side kan ikke angives</td><td>TUL7 - side kan ikke angives</td></tr><tr><td>1</td><td style="white-space:nowrap">TUL9A<a name="SKS-TUL9A"> </a></td><td>lateral</td><td>TUL9A - lateral</td></tr><tr><td>1</td><td style="white-space:nowrap">TUL9B<a name="SKS-TUL9B"> </a></td><td>medial</td><td>TUL9B - medial</td></tr><tr><td>1</td><td style="white-space:nowrap">ZDA03A1<a name="SKS-ZDA03A1"> </a></td><td>Clavien grad 1</td><td>Clavien grad 1</td></tr><tr><td>1</td><td style="white-space:nowrap">ZDA03A2<a name="SKS-ZDA03A2"> </a></td><td>Clavien grad 2</td><td>Clavien grad 2</td></tr><tr><td>1</td><td style="white-space:nowrap">ZDA03A3<a name="SKS-ZDA03A3"> </a></td><td>Clavien grad 3</td><td>Clavien grad 3</td></tr><tr><td>2</td><td style="white-space:nowrap">  ZDA03A3A<a name="SKS-ZDA03A3A"> </a></td><td>Clavien grad 3a</td><td>Clavien grad 3a</td></tr><tr><td>2</td><td style="white-space:nowrap">  ZDA03A3B<a name="SKS-ZDA03A3B"> </a></td><td>Clavien grad 3b</td><td>Clavien grad 3b</td></tr><tr><td>1</td><td style="white-space:nowrap">ZDA03A4<a name="SKS-ZDA03A4"> </a></td><td>Clavien grad 4</td><td>Clavien grad 4</td></tr><tr><td>2</td><td style="white-space:nowrap">  ZDA03A4A<a name="SKS-ZDA03A4A"> </a></td><td>Clavien grad 4a</td><td>Clavien grad 4a</td></tr><tr><td>2</td><td style="white-space:nowrap">  ZDA03A4B<a name="SKS-ZDA03A4B"> </a></td><td>Clavien grad 4b</td><td>Clavien grad 4b</td></tr><tr><td>1</td><td style="white-space:nowrap">ZDA03A5<a name="SKS-ZDA03A5"> </a></td><td>Clavien grad 5</td><td>Clavien grad 5</td></tr><tr><td>1</td><td style="white-space:nowrap">ZDI021<a name="SKS-ZDI021"> </a></td><td>asymptomatisk</td><td>ZDI021 - asymptomatisk</td></tr><tr><td>1</td><td style="white-space:nowrap">ZDI022<a name="SKS-ZDI022"> </a></td><td>symptomatisk</td><td>ZDI022 - symptomatisk</td></tr></table></div>
  </text>
  <url value="https://kip.rkkp.dk/fhir/CodeSystem/SKS"/>
  <identifier>
    <system value="urn:ietf:rfc:3986"/>
    <value value="urn:oid:1.2.208.176.2.4"/>
  </identifier>
  <version value="2.9.1"/>
  <name value="SKS"/>
  <title value="Sundhedsvæsenets klassifikationssystem (SKS)"/>
  <status value="active"/>
  <date value="2022-06-07T00:00:00+02:00"/>
  <publisher value="Sundhedsvæsnets Kvalistetsinstitut with Trifork Digital Health A/S"/>
  <contact>
    <name value="Sundhedsvæsnets Kvalistetsinstitut with Trifork Digital Health A/S"/>
    <telecom>
      <system value="url"/>
      <value value="https://trifork.com"/>
    </telecom>
    <telecom>
      <system value="email"/>
      <value value="rbk@trifork.com"/>
    </telecom>
  </contact>
  <description value="Sundhedsvæsenets klassifikationssystem (SKS) - Udvalgte koder i RKKP. Link: urn:oid:1.2.208.176.2.4"/>
  <content value="fragment"/>
  <concept>
    <code value="AAF1"/>
    <display value="Indlæggelse"/>
    <definition value="AAF1 - Indlæggelse"/>
  </concept>
  <concept>
    <code value="AAF2"/>
    <display value="Ambulant"/>
    <definition value="AAF2 - Ambulant"/>
  </concept>
  <concept>
    <code value="AZCD10"/>
    <display value="cT0: Primær tumor ikke påvist"/>
    <definition value="AZCD10 - cT0: Primær tumor ikke påvist"/>
  </concept>
  <concept>
    <code value="AZCD12"/>
    <display value="cTis: Carcinoma in situ"/>
    <definition value="AZCD12 - cTis: Carcinoma in situ"/>
  </concept>
  <concept>
    <code value="AZCD13"/>
    <display value="cT1: Primær tumors størrelse/udstrækning"/>
    <definition value="AZCD13 - cT1: Primær tumors størrelse/udstrækning"/>
  </concept>
  <concept>
    <code value="AZCD14"/>
    <display value="cT2: Primær tumors størrelse/udstrækning"/>
    <definition value="AZCD14 - cT2: Primær tumors størrelse/udstrækning"/>
  </concept>
  <concept>
    <code value="AZCD15"/>
    <display value="cT3: Primær tumors størrelse/udstrækning"/>
    <definition value="AZCD15 - cT3: Primær tumors størrelse/udstrækning"/>
  </concept>
  <concept>
    <code value="AZCD16"/>
    <display value="cT4: Primær tumors størrelse/udstrækning"/>
    <definition value="AZCD16 - cT4: Primær tumors størrelse/udstrækning"/>
    <concept>
      <code value="AZCD16A"/>
      <display value="cT4a: Primær tumors størrelse/udstrækning"/>
      <definition value="AZCD16A - cT4a: Primær tumors størrelse/udstrækning"/>
    </concept>
    <concept>
      <code value="AZCD16B"/>
      <display value="cT4b: Primær tumors størrelse/udstrækning"/>
      <definition value="AZCD16B - cT4b: Primær tumors størrelse/udstrækning"/>
    </concept>
    <concept>
      <code value="AZCD16C"/>
      <display value="cT4c: Primær tumors størrelse/udstrækning"/>
      <definition value="AZCD16C - cT4c: Primær tumors størrelse/udstrækning"/>
    </concept>
    <concept>
      <code value="AZCD16D"/>
      <display value="cT4d: Primær tumors størrelse/udstrækning"/>
      <definition value="AZCD16D - cT4d: Primær tumors størrelse/udstrækning"/>
    </concept>
    <concept>
      <code value="AZCD16E"/>
      <display value="cT4e: Primær tumors størrelse/udstrækning"/>
      <definition value="AZCD16E - cT4e: Primær tumors størrelse/udstrækning"/>
    </concept>
  </concept>
  <concept>
    <code value="AZCD19"/>
    <display value="cTx: Oplysning om tumors størrelse foreligger ikke i afd."/>
    <definition value="AZCD19 - cTx: Oplysning om tumors størrelse foreligger ikke i afd."/>
  </concept>
  <concept>
    <code value="AZCD30"/>
    <display value="cN0: Ingen regionale lymfeknudemetastaser"/>
    <definition value="AZCD30 - cN0: Ingen regionale lymfeknudemetastaser"/>
  </concept>
  <concept>
    <code value="AZCD31"/>
    <display value="cN1: Regional lymfeknudemetastase"/>
    <definition value="AZCD31 - cN1: Regional lymfeknudemetastase"/>
  </concept>
  <concept>
    <code value="AZCD32"/>
    <display value="cN2: Regional lymfeknudemetastase"/>
    <definition value="AZCD32 - cN2: Regional lymfeknudemetastase"/>
  </concept>
  <concept>
    <code value="AZCD33"/>
    <display value="cN3: Regional lymfeknudemetastase"/>
    <definition value="AZCD33 - cN3: Regional lymfeknudemetastase"/>
  </concept>
  <concept>
    <code value="AZCD39"/>
    <display value="cNx: Opl om regional lymfeknudestatus foreligger ikke i afd"/>
    <definition value="AZCD39 - cNx: Opl om regional lymfeknudestatus foreligger ikke i afd"/>
  </concept>
  <concept>
    <code value="AZCD40"/>
    <display value="cM0: Ingen fjernmetastaser"/>
    <definition value="AZCD40 - cM0: Ingen fjernmetastaser"/>
  </concept>
  <concept>
    <code value="AZCD41"/>
    <display value="cM1: Fjernmetastase"/>
    <definition value="AZCD41 - cM1: Fjernmetastase"/>
    <concept>
      <code value="AZCD41C"/>
      <display value="cM1c: Fjernmetastase"/>
      <definition value="AZCD41C - cM1c: Fjernmetastase"/>
    </concept>
  </concept>
  <concept>
    <code value="BOHJ1"/>
    <display value="Behandling med antistoffer"/>
    <definition value="Behandling med antistoffer"/>
  </concept>
  <concept>
    <code value="BOQA"/>
    <display value="Behandling med blodtransfusion"/>
    <definition value="Behandling med blodtransfusion"/>
  </concept>
  <concept>
    <code value="BOQF0"/>
    <display value="Autolog knoglemarvstransplantation"/>
    <definition value="BOQF0 - Autolog knoglemarvstransplantation"/>
  </concept>
  <concept>
    <code value="BOQF1"/>
    <display value="Allogen knoglemarvstransplantation"/>
    <definition value="BOQF1 - Allogen knoglemarvstransplantation"/>
  </concept>
  <concept>
    <code value="BOQF2"/>
    <display value="Non myeloablativ knoglemarvstransplantation (mini-KMT)"/>
    <definition value="BOQF2 - Non myeloablativ knoglemarvstransplantation (mini-KMT)"/>
  </concept>
  <concept>
    <code value="BWG"/>
    <display value="Strålebehandling"/>
    <definition value="BWG - Strålebehandling"/>
  </concept>
  <concept>
    <code value="BWHA"/>
    <display value="Cytostatisk behandling"/>
    <definition value="Cytostatisk behandling"/>
    <concept>
      <code value="BWHA119"/>
      <display value="Behandling med cyclophosphamid+doxorubicin+vinkristin+prednisolon (CHOP)"/>
      <definition value="Behandling med cyclophosphamid+doxorubicin+vinkristin+prednisolon (CHOP)"/>
    </concept>
    <concept>
      <code value="BWHA120"/>
      <display value="Behandling med MIME"/>
      <definition value="Behandling med MIME"/>
    </concept>
    <concept>
      <code value="BWHA134"/>
      <display value="Behandling med cyclophosphamid+vinkristin+prednisolon (CVP) (COP)"/>
      <definition value="Behandling med cyclophosphamid+vinkristin+prednisolon (CVP) (COP)"/>
    </concept>
    <concept>
      <code value="BWHA137"/>
      <display value="Behandling med mitoxantron+vinkristin+prednisolon (NOP)"/>
      <definition value="Behandling med mitoxantron+vinkristin+prednisolon (NOP)"/>
    </concept>
    <concept>
      <code value="BWHA138"/>
      <display value="Behandling med BEACOPP"/>
      <definition value="Behandling med BEACOPP"/>
    </concept>
    <concept>
      <code value="BWHA156"/>
      <display value="Behandling med cyclophosphamid+procarbazin+vinkristin+prednisolon (COPP)"/>
      <definition value="Behandling med cyclophosphamid+procarbazin+vinkristin+prednisolon (COPP)"/>
    </concept>
    <concept>
      <code value="BWHA164"/>
      <display value="Behandling med cyclophosphamid+etoposid+vinkristin+prednisolon (CEOP)"/>
      <definition value="Behandling med cyclophosphamid+etoposid+vinkristin+prednisolon (CEOP)"/>
    </concept>
    <concept>
      <code value="BWHA165"/>
      <display value="Behandling med cyclophosphamid+doxorubicin+vinkristin+etoposid+prednisolon (CHOEP)"/>
      <definition value="Behandling med cyclophosphamid+doxorubicin+vinkristin+etoposid+prednisolon (CHOEP)"/>
    </concept>
    <concept>
      <code value="BWHA166"/>
      <display value="Behandling med cyclophosphamid+mitoxantron+vinkristin+prednisolon (CNOP)"/>
      <definition value="Behandling med cyclophosphamid+mitoxantron+vinkristin+prednisolon (CNOP)"/>
    </concept>
    <concept>
      <code value="BWHA167"/>
      <display value="Behandling med doxyrubicin+bleomycin+vinblastin+dacarbazin (ABVD)"/>
      <definition value="Behandling med doxyrubicin+bleomycin+vinblastin+dacarbazin (ABVD)"/>
    </concept>
    <concept>
      <code value="BWHA168"/>
      <display value="Behandling med klorambucil+vinblastin+procarbazin+prednisolon (LVPP)"/>
      <definition value="Behandling med klorambucil+vinblastin+procarbazin+prednisolon (LVPP)"/>
    </concept>
    <concept>
      <code value="BWHA258"/>
      <display value="Behandling med cylophosphamid+doxorubicin+vinkristin+prednisolon eskaleret dosis (maxiCHOP)"/>
      <definition value="Behandling med cylophosphamid+doxorubicin+vinkristin+prednisolon eskaleret dosis (maxiCHOP)"/>
    </concept>
    <concept>
      <code value="BWHA309"/>
      <display value="Behandling med højdosis melfalan (konditionering)"/>
      <definition value="BWHA309 - Behandling med højdosis melfalan (konditionering)"/>
    </concept>
    <concept>
      <code value="BWHA310"/>
      <display value="Behandling med BEAM (konditionering)"/>
      <definition value="Behandling med BEAM (konditionering)"/>
    </concept>
  </concept>
  <concept>
    <code value="DC15"/>
    <display value="Kræft i spiserøret"/>
    <definition value="Kræft i spiserøret"/>
  </concept>
  <concept>
    <code value="DC16"/>
    <display value="Kræft i mavesækken"/>
    <definition value="Kræft i mavesækken"/>
  </concept>
  <concept>
    <code value="DC17"/>
    <display value="Kræft i tyndtarmen"/>
    <definition value="Kræft i tyndtarmen"/>
  </concept>
  <concept>
    <code value="DC22"/>
    <display value="Kræft i leveren og intrahepatiske galdegange"/>
    <definition value="Kræft i leveren og intrahepatiske galdegange"/>
  </concept>
  <concept>
    <code value="DC25"/>
    <display value="Kræft i bugspytkirtlen"/>
    <definition value="Kræft i bugspytkirtlen"/>
  </concept>
  <concept>
    <code value="DC32"/>
    <display value="Kræft i strubehovedet"/>
    <definition value="Kræft i strubehovedet"/>
  </concept>
  <concept>
    <code value="DC43"/>
    <display value="Modermærkekræft i huden"/>
    <definition value="Modermærkekræft i huden"/>
  </concept>
  <concept>
    <code value="DC50"/>
    <display value="Brystkræft"/>
    <definition value="Brystkræft"/>
  </concept>
  <concept>
    <code value="DC53"/>
    <display value="Kræft i livmoderhalsen"/>
    <definition value="Kræft i livmoderhalsen"/>
  </concept>
  <concept>
    <code value="DC61"/>
    <display value="Kræft i blærehalskirtlen"/>
    <definition value="Kræft i blærehalskirtlen"/>
  </concept>
  <concept>
    <code value="DC62"/>
    <display value="Testikelkræft"/>
    <definition value="Testikelkræft"/>
  </concept>
  <concept>
    <code value="DC67"/>
    <display value="Kræft i urinblæren"/>
    <definition value="Kræft i urinblæren"/>
  </concept>
  <concept>
    <code value="DC64-DC66"/>
    <display value="Kræft i nyre, nyrebækken og urinleder"/>
    <definition value="Kræft i nyre, nyrebækken og urinleder"/>
  </concept>
  <concept>
    <code value="DC73"/>
    <display value="Kræft i skjoldbruskkirtlen"/>
    <definition value="Kræft i skjoldbruskkirtlen"/>
  </concept>
  <concept>
    <code value="DC81"/>
    <display value="Hodgkin lymfomer"/>
    <definition value="Hodgkin lymfomer"/>
  </concept>
  <concept>
    <code value="DC90"/>
    <display value="Maligne plasmacelle neoplasier"/>
    <definition value="Maligne plasmacelle neoplasier"/>
  </concept>
  <concept>
    <code value="DC18"/>
    <display value="Kræft i tyktarmen"/>
    <definition value="Kræft i tyktarmen"/>
    <concept>
      <code value="DC180"/>
      <display value="Kræft i caecum"/>
      <definition value="Kræft i caecum"/>
    </concept>
    <concept>
      <code value="DC182"/>
      <display value="Kræft i colon ascendens"/>
      <definition value="Kræft i colon ascendens"/>
    </concept>
    <concept>
      <code value="DC183"/>
      <display value="Kræft i flexura coli dextra"/>
      <definition value="Kræft i flexura coli dextra"/>
    </concept>
    <concept>
      <code value="DC184"/>
      <display value="Kræft i colon transversum"/>
      <definition value="Kræft i colon transversum"/>
    </concept>
    <concept>
      <code value="DC185"/>
      <display value="Kræft i flexura coli sinistra"/>
      <definition value="Kræft i flexura coli sinistra"/>
    </concept>
    <concept>
      <code value="DC186"/>
      <display value="Kræft i colon descendens"/>
      <definition value="Kræft i colon descendens"/>
    </concept>
    <concept>
      <code value="DC187"/>
      <display value="Kræft i colon sigmoideum"/>
      <definition value="Kræft i colon sigmoideum"/>
    </concept>
    <concept>
      <code value="DC189"/>
      <display value="Kræft i tyktarmen UNS"/>
      <definition value="Kræft i tyktarmen UNS"/>
    </concept>
  </concept>
  <concept>
    <code value="DC20"/>
    <display value="Kræft i endetarmen"/>
    <definition value="Kræft i endetarmen"/>
  </concept>
  <concept>
    <code value="DC780"/>
    <display value="Fjernmetastase i lunge"/>
    <definition value="Fjernmetastase i lunge"/>
  </concept>
  <concept>
    <code value="DC786B"/>
    <display value="Metastase i peritoneum"/>
    <definition value="DC786B - Metastase i peritoneum"/>
  </concept>
  <concept>
    <code value="DC787"/>
    <display value="Fjernmetastase i leveren"/>
    <definition value="Fjernmetastase i leveren"/>
  </concept>
  <concept>
    <code value="DC798D"/>
    <display value="Fjernmetastase UNS"/>
    <definition value="Fjernmetastase UNS"/>
  </concept>
  <concept>
    <code value="DI110"/>
    <display value="Hypertensiv hjertesygdom med inkompenseret hjertesvigt"/>
    <definition value="DI110 - Hypertensiv hjertesygdom med inkompenseret hjertesvigt"/>
  </concept>
  <concept>
    <code value="DI130"/>
    <display value="Hypertensiv hjertesygdom og nyresygdom med hjertesvigt"/>
    <definition value="DI130 - Hypertensiv hjertesygdom og nyresygdom med hjertesvigt"/>
  </concept>
  <concept>
    <code value="DI132"/>
    <display value="Hypertensiv hjertesygdom og nyresygdom med hjertesvigt og nyresvigt"/>
    <definition value="DI132 - Hypertensiv hjertesygdom og nyresygdom med hjertesvigt og nyresvigt"/>
  </concept>
  <concept>
    <code value="DI420"/>
    <display value="Dilateret kardiomyopati"/>
    <definition value="DI420 - Dilateret kardiomyopati"/>
  </concept>
  <concept>
    <code value="DI426"/>
    <display value="Alkoholisk kardiomyopati"/>
    <definition value="DI426 - Alkoholisk kardiomyopati"/>
  </concept>
  <concept>
    <code value="DI427"/>
    <display value="Kardiomyopati forårsaget af lægemiddel eller andet agens"/>
    <definition value="DI427 - Kardiomyopati forårsaget af lægemiddel eller andet agens"/>
  </concept>
  <concept>
    <code value="DI429"/>
    <display value="Kardiomyopati UNS"/>
    <definition value="DI429 - Kardiomyopati UNS"/>
  </concept>
  <concept>
    <code value="DI500"/>
    <display value="Kronisk hjerteinsufficiens"/>
    <definition value="DI500 - Kronisk hjerteinsufficiens"/>
  </concept>
  <concept>
    <code value="DI501"/>
    <display value="Venstresidig hjerteinsufficiens"/>
    <definition value="DI501 - Venstresidig hjerteinsufficiens"/>
    <concept>
      <code value="DI501B"/>
      <display value="Kardielt lungeødem"/>
      <definition value="DI501B - Kardielt lungeødem"/>
    </concept>
  </concept>
  <concept>
    <code value="DI509"/>
    <display value="Hjertesvigt UNS"/>
    <definition value="DI509 - Hjertesvigt UNS"/>
  </concept>
  <concept>
    <code value="DI60"/>
    <display value="Subaraknoidalblødning"/>
    <definition value="DI60 - Subaraknoidalblødning"/>
  </concept>
  <concept>
    <code value="DI61"/>
    <display value="Hjerneblødning"/>
    <definition value="DI61 - Hjerneblødning"/>
  </concept>
  <concept>
    <code value="DI63"/>
    <display value="Hjerneinfarkt"/>
    <definition value="DI63 - Hjerneinfarkt"/>
    <concept>
      <code value="DI630"/>
      <display value="Hjerneinfarkt forårsaget af trombose i præcerebral arterie"/>
      <definition value="DI630 - Hjerneinfarkt forårsaget af trombose i præcerebral arterie"/>
    </concept>
    <concept>
      <code value="DI631"/>
      <display value="Hjerneinfarkt forårsaget af emboli i præcerebral arterie"/>
      <definition value="DI631 - Hjerneinfarkt forårsaget af emboli i præcerebral arterie"/>
    </concept>
    <concept>
      <code value="DI632"/>
      <display value="Hjerneinfarkt forårsaget af tillukning eller stenose i præcerebral arterie UNS"/>
      <definition value="DI632 - Hjerneinfarkt forårsaget af tillukning eller stenose i præcerebral arterie UNS"/>
    </concept>
    <concept>
      <code value="DI633"/>
      <display value="Hjerneinfarkt forårsaget af trombose i cerebral arterie"/>
      <definition value="DI633 - Hjerneinfarkt forårsaget af trombose i cerebral arterie"/>
    </concept>
    <concept>
      <code value="DI634"/>
      <display value="Hjerneinfarkt forårsaget af emboli i cerebral arterie"/>
      <definition value="DI634 - Hjerneinfarkt forårsaget af emboli i cerebral arterie"/>
    </concept>
    <concept>
      <code value="DI635"/>
      <display value="Hjerneinfarkt forårsaget af tillukning eller stenose i cerebral arterie UNS"/>
      <definition value="DI635 - Hjerneinfarkt forårsaget af tillukning eller stenose i cerebral arterie UNS"/>
    </concept>
    <concept>
      <code value="DI638"/>
      <display value="Anden form for hjerneinfarkt"/>
      <definition value="DI638 - Anden form for hjerneinfarkt"/>
    </concept>
    <concept>
      <code value="DI639"/>
      <display value="Hjerneinfarkt UNS"/>
      <definition value="DI639 - Hjerneinfarkt UNS"/>
    </concept>
  </concept>
  <concept>
    <code value="DI64"/>
    <display value="Slagtilfælde uden oplysning om blødning eller infarkt"/>
    <definition value="DI64 - Slagtilfælde uden oplysning om blødning eller infarkt"/>
  </concept>
  <concept>
    <code value="DG45"/>
    <display value="Transitorisk cerebral iskæmi og beslægtede syndromer"/>
    <definition value="DG45 - Transitorisk cerebral iskæmi og beslægtede syndromer"/>
  </concept>
  <concept>
    <code value="DK40"/>
    <display value="Lyskebrok"/>
    <definition value="DK40 - Lyskebrok"/>
  </concept>
  <concept>
    <code value="DK41"/>
    <display value="Lårbrok"/>
    <definition value="DK41 - Lårbrok"/>
  </concept>
  <concept>
    <code value="KJFB20"/>
    <display value="Ileocækal resektion"/>
    <definition value="KJFB20 - Ileocækal resektion"/>
  </concept>
  <concept>
    <code value="KJFB30"/>
    <display value="Højresidig hemikolektomi"/>
    <definition value="KJFB30 - Højresidig hemikolektomi"/>
    <concept>
      <code value="KJFB30A"/>
      <display value="Udvidet højresidig hemikolektomi"/>
      <definition value="KJFB30A - Udvidet højresidig hemikolektomi"/>
    </concept>
  </concept>
  <concept>
    <code value="KJFB34"/>
    <display value="Anden laparoskopisk samtidig resektion af tyndtarm og tyktarm"/>
    <definition value="KJFB34 - Anden laparoskopisk samtidig resektion af tyndtarm og tyktarm"/>
  </concept>
  <concept>
    <code value="KJFB40"/>
    <display value="Resektion af colon transversum"/>
    <definition value="KJFB40 - Resektion af colon transversum"/>
  </concept>
  <concept>
    <code value="KJFB43"/>
    <display value="Venstresidig hemikolektomi"/>
    <definition value="KJFB43 - Venstresidig hemikolektomi"/>
  </concept>
  <concept>
    <code value="KJFB46"/>
    <display value="Resektion af colon sigmoideum"/>
    <definition value="KJFB46 - Resektion af colon sigmoideum"/>
  </concept>
  <concept>
    <code value="KJFB50"/>
    <display value="Anden colonresektion"/>
    <definition value="KJFB50 - Anden colonresektion"/>
  </concept>
  <concept>
    <code value="KJFB53"/>
    <display value="Resektion af venstre fleksur"/>
    <definition value="KJFB53 - Resektion af venstre fleksur"/>
  </concept>
  <concept>
    <code value="KJFB60"/>
    <display value="Resektion af colon sigmoideum med kolostomi"/>
    <definition value="KJFB60 - Resektion af colon sigmoideum med kolostomi"/>
  </concept>
  <concept>
    <code value="KJFB63"/>
    <display value="Anden tyktarmsresektion med kolostomi og distal lukning"/>
    <definition value="KJFB63 - Anden tyktarmsresektion med kolostomi og distal lukning"/>
  </concept>
  <concept>
    <code value="KJFH00"/>
    <display value="Kolektomi og ileorektostomi"/>
    <definition value="KJFH00 - Kolektomi og ileorektostomi"/>
  </concept>
  <concept>
    <code value="KJFH10"/>
    <display value="Kolektomi og ileostomi"/>
    <definition value="KJFH10 - Kolektomi og ileostomi"/>
  </concept>
  <concept>
    <code value="KJFH20"/>
    <display value="Proktokolektomi og ileostomi"/>
    <definition value="KJFH20 - Proktokolektomi og ileostomi"/>
  </concept>
  <concept>
    <code value="KJGB00"/>
    <display value="Resektion af endetarm"/>
    <definition value="KJGB00 - Resektion af endetarm"/>
  </concept>
  <concept>
    <code value="KJGB10"/>
    <display value="Resektion af endetarm med kolostomi"/>
    <definition value="KJGB10 - Resektion af endetarm med kolostomi"/>
  </concept>
  <concept>
    <code value="KJGB32"/>
    <display value="Abdominal og intersphincterisk excision af endetarm"/>
    <definition value="KJGB32 - Abdominal og intersphincterisk excision af endetarm"/>
  </concept>
  <concept>
    <code value="KJGB35"/>
    <display value="Abdominal og ischioanal excision af endetarm"/>
    <definition value="KJGB35 - Abdominal og ischioanal excision af endetarm"/>
  </concept>
  <concept>
    <code value="KJGB36"/>
    <display value="Abdominal og ekstralevatorisk excision af endetarm"/>
    <definition value="KJGB36 - Abdominal og ekstralevatorisk excision af endetarm"/>
  </concept>
  <concept>
    <code value="KJAH00"/>
    <display value="Eksplorativ laparotomi"/>
    <definition value="KJAH00 - Eksplorativ laparotomi"/>
  </concept>
  <concept>
    <code value="KJMA"/>
    <display value="Splenektomier"/>
    <definition value="KJMA - Splenektomier"/>
  </concept>
  <concept>
    <code value="KPAF20"/>
    <display value="Trombendarterektomi i a. carotis communis"/>
    <definition value="KPAF20 - Trombendarterektomi i a. carotis communis"/>
  </concept>
  <concept>
    <code value="KPAF21"/>
    <display value="Trombendarterektomi i a. carotis interna"/>
    <definition value="KPAF21 - Trombendarterektomi i a. carotis interna"/>
  </concept>
  <concept>
    <code value="KPAF22"/>
    <display value="Trombendarterektomi i a. carotis externa"/>
    <definition value="KPAF22 - Trombendarterektomi i a. carotis externa"/>
  </concept>
  <concept>
    <code value="KPAK21"/>
    <display value="Reimplantation af a. carotis interna"/>
    <definition value="KPAK21 - Reimplantation af a. carotis interna"/>
  </concept>
  <concept>
    <code value="KPAP10"/>
    <display value="Perkut. plastik på truncus brachiocephalicus"/>
    <definition value="KPAP10 - Perkut. plastik på truncus brachiocephalicus"/>
  </concept>
  <concept>
    <code value="KPAP20"/>
    <display value="Perkut. plastik på a. carotis communis"/>
    <definition value="KPAP20 - Perkut. plastik på a. carotis communis"/>
  </concept>
  <concept>
    <code value="KPAP21"/>
    <display value="Perkut. plastik på a. carotis interna"/>
    <definition value="KPAP21 - Perkut. plastik på a. carotis interna"/>
  </concept>
  <concept>
    <code value="KPAP30"/>
    <display value="Perkutan plastik på a. subclavia"/>
    <definition value="KPAP30 - Perkutan plastik på a. subclavia"/>
  </concept>
  <concept>
    <code value="KPAP99"/>
    <display value="Perkut. plastik på an. gren på a. afgå. fra aortabuen"/>
    <definition value="KPAP99 - Perkut. plastik på an. gren på a. afgå. fra aortabuen"/>
  </concept>
  <concept>
    <code value="KPBP10"/>
    <display value="Perkutan plastik på a. axillaris"/>
    <definition value="KPBP10 - Perkutan plastik på a. axillaris"/>
  </concept>
  <concept>
    <code value="KPBP20"/>
    <display value="Perkutan plastik på a. brachialis"/>
    <definition value="KPBP20 - Perkutan plastik på a. brachialis"/>
  </concept>
  <concept>
    <code value="KPBP99"/>
    <display value="Perkut. plastik på anden arterie i overekstremitet"/>
    <definition value="KPBP99 - Perkut. plastik på anden arterie i overekstremitet"/>
  </concept>
  <concept>
    <code value="KPBQ10"/>
    <display value="Indsættelse af endoprotese i a. axillaris"/>
    <definition value="KPBQ10 - Indsættelse af endoprotese i a. axillaris"/>
  </concept>
  <concept>
    <code value="KPBQ20"/>
    <display value="Indsættelse af endoprotese i a. brachialis"/>
    <definition value="KPBQ20 - Indsættelse af endoprotese i a. brachialis"/>
  </concept>
  <concept>
    <code value="KPBQ99"/>
    <display value="Indsættelse af endoprotese i anden arterie i overekstremitet"/>
    <definition value="KPBQ99 - Indsættelse af endoprotese i anden arterie i overekstremitet"/>
  </concept>
  <concept>
    <code value="KPCG10"/>
    <display value="Aneurismeoperation på supracøliakale el. jukstarenale ao."/>
    <definition value="KPCG10 - Aneurismeoperation på supracøliakale el. jukstarenale ao."/>
  </concept>
  <concept>
    <code value="KPCP10"/>
    <display value="Perkutan plastik på suprarenale aorta"/>
    <definition value="KPCP10 - Perkutan plastik på suprarenale aorta"/>
  </concept>
  <concept>
    <code value="KPCP20"/>
    <display value="Perkut. plastik på truncus coeliacus el. grene"/>
    <definition value="KPCP20 - Perkut. plastik på truncus coeliacus el. grene"/>
  </concept>
  <concept>
    <code value="KPCP30"/>
    <display value="Perkut. plastik på a. mesenterica superior"/>
    <definition value="KPCP30 - Perkut. plastik på a. mesenterica superior"/>
  </concept>
  <concept>
    <code value="KPCP40"/>
    <display value="Perkutan plastik på a. renalis"/>
    <definition value="KPCP40 - Perkutan plastik på a. renalis"/>
  </concept>
  <concept>
    <code value="KPCP40A"/>
    <display value="Perkut. plastik på arterie til transplanteret nyre"/>
    <definition value="KPCP40A - Perkut. plastik på arterie til transplanteret nyre"/>
  </concept>
  <concept>
    <code value="KPCP99"/>
    <display value="Perkut. plastik på anden visceralarterie"/>
    <definition value="KPCP99 - Perkut. plastik på anden visceralarterie"/>
  </concept>
  <concept>
    <code value="KPCQ10"/>
    <display value="Inds af endoprotese i supracøliakale el. jukstrarenale aorta"/>
    <definition value="KPCQ10 - Inds af endoprotese i supracøliakale el. jukstrarenale aorta"/>
  </concept>
  <concept>
    <code value="KPCQ20"/>
    <display value="Indsættelse af endoprotese i truncus coeliacus el. grene"/>
    <definition value="KPCQ20 - Indsættelse af endoprotese i truncus coeliacus el. grene"/>
  </concept>
  <concept>
    <code value="KPCQ30"/>
    <display value="Indsættelse af endoprotese i a. mesenterica superior"/>
    <definition value="KPCQ30 - Indsættelse af endoprotese i a. mesenterica superior"/>
  </concept>
  <concept>
    <code value="KPCQ40"/>
    <display value="Indsættelse af endoprotese i a. renalis"/>
    <definition value="KPCQ40 - Indsættelse af endoprotese i a. renalis"/>
  </concept>
  <concept>
    <code value="KPCQ99"/>
    <display value="Indsættelse af endoprotese i anden visceralarterie"/>
    <definition value="KPCQ99 - Indsættelse af endoprotese i anden visceralarterie"/>
  </concept>
  <concept>
    <code value="KPCU83"/>
    <display value="Perkut. plastik på byp. fra suprarenale ao. el. viscerala."/>
    <definition value="KPCU83 - Perkut. plastik på byp. fra suprarenale ao. el. viscerala."/>
  </concept>
  <concept>
    <code value="KPCU84"/>
    <display value="Indsæt. af stent i byp. fra suprarenale ao. el. viscerala."/>
    <definition value="KPCU84 - Indsæt. af stent i byp. fra suprarenale ao. el. viscerala."/>
  </concept>
  <concept>
    <code value="KPCW20"/>
    <display value="Perkut. translum. fenestrering af suprarenale ao."/>
    <definition value="KPCW20 - Perkut. translum. fenestrering af suprarenale ao."/>
  </concept>
  <concept>
    <code value="KPDA10"/>
    <display value="Eksploration af infrarenale aorta"/>
    <definition value="KPDA10 - Eksploration af infrarenale aorta"/>
  </concept>
  <concept>
    <code value="KPDG10"/>
    <display value="Aneurismeoperation på infrarenale aorta"/>
    <definition value="KPDG10 - Aneurismeoperation på infrarenale aorta"/>
  </concept>
  <concept>
    <code value="KPDG20"/>
    <display value="Aneurismeoperation m. aortoiliakal byp."/>
    <definition value="KPDG20 - Aneurismeoperation m. aortoiliakal byp."/>
  </concept>
  <concept>
    <code value="KPDG21"/>
    <display value="Aneurismeoperation m. aortobi-iliakal byp."/>
    <definition value="KPDG21 - Aneurismeoperation m. aortobi-iliakal byp."/>
  </concept>
  <concept>
    <code value="KPDG22"/>
    <display value="Aneurismeop. m. aortoiliakal/kontralat. iliakofemoral byp."/>
    <definition value="KPDG22 - Aneurismeop. m. aortoiliakal/kontralat. iliakofemoral byp."/>
  </concept>
  <concept>
    <code value="KPDG23"/>
    <display value="Aneurismeoperation m. aortofemoral byp."/>
    <definition value="KPDG23 - Aneurismeoperation m. aortofemoral byp."/>
  </concept>
  <concept>
    <code value="KPDG24"/>
    <display value="Aneurismeoperation m. aortobifemoral byp."/>
    <definition value="KPDG24 - Aneurismeoperation m. aortobifemoral byp."/>
  </concept>
  <concept>
    <code value="KPDP10"/>
    <display value="Perkutan plastik på infrarenale aorta"/>
    <definition value="KPDP10 - Perkutan plastik på infrarenale aorta"/>
  </concept>
  <concept>
    <code value="KPDP30"/>
    <display value="Perkutan plastik på iliaka-arterie"/>
    <definition value="KPDP30 - Perkutan plastik på iliaka-arterie"/>
  </concept>
  <concept>
    <code value="KPDQ10"/>
    <display value="Indsættelse af endoprotese i infrarenale aorta"/>
    <definition value="KPDQ10 - Indsættelse af endoprotese i infrarenale aorta"/>
  </concept>
  <concept>
    <code value="KPDQ20"/>
    <display value="Indsættelse af endoprotese aorto-iliakalt"/>
    <definition value="KPDQ20 - Indsættelse af endoprotese aorto-iliakalt"/>
  </concept>
  <concept>
    <code value="KPDQ21"/>
    <display value="Indsættelse af endoprotese aorto-bi-iliakalt"/>
    <definition value="KPDQ21 - Indsættelse af endoprotese aorto-bi-iliakalt"/>
  </concept>
  <concept>
    <code value="KPDU83"/>
    <display value="Perkut. plastik på byp. fra infraren. ao. el. iliaka-a."/>
    <definition value="KPDU83 - Perkut. plastik på byp. fra infraren. ao. el. iliaka-a."/>
  </concept>
  <concept>
    <code value="KPDU84"/>
    <display value="Indsæt. af stent i byp. fra infraren. ao. el. iliaka-a."/>
    <definition value="KPDU84 - Indsæt. af stent i byp. fra infraren. ao. el. iliaka-a."/>
  </concept>
  <concept>
    <code value="KPDW20"/>
    <display value="Perkut. translum. fenestrering af infrarenale ao."/>
    <definition value="KPDW20 - Perkut. translum. fenestrering af infrarenale ao."/>
  </concept>
  <concept>
    <code value="KPEH20"/>
    <display value="Byp. fra a. femor. til a. poplit. oven for knæet"/>
    <definition value="KPEH20 - Byp. fra a. femor. til a. poplit. oven for knæet"/>
  </concept>
  <concept>
    <code value="KPEH30"/>
    <display value="Byp. fra a. femor. til a. poplit. neden for knæet"/>
    <definition value="KPEH30 - Byp. fra a. femor. til a. poplit. neden for knæet"/>
  </concept>
  <concept>
    <code value="KPEP10"/>
    <display value="Perkut. plastik på a. femoralis communis"/>
    <definition value="KPEP10 - Perkut. plastik på a. femoralis communis"/>
  </concept>
  <concept>
    <code value="KPEP11"/>
    <display value="Perkut. plastik på a. profunda femoris"/>
    <definition value="KPEP11 - Perkut. plastik på a. profunda femoris"/>
  </concept>
  <concept>
    <code value="KPEP12"/>
    <display value="Perkut. plastik på a. femoralis superficialis"/>
    <definition value="KPEP12 - Perkut. plastik på a. femoralis superficialis"/>
  </concept>
  <concept>
    <code value="KPEQ10"/>
    <display value="Indsættelse af endoprotese i a. femoralis communis"/>
    <definition value="KPEQ10 - Indsættelse af endoprotese i a. femoralis communis"/>
  </concept>
  <concept>
    <code value="KPEQ11"/>
    <display value="Indsættelse af endoprotese i a. profunda femoris"/>
    <definition value="KPEQ11 - Indsættelse af endoprotese i a. profunda femoris"/>
  </concept>
  <concept>
    <code value="KPEQ12"/>
    <display value="Indsættelse af endoprotese i a. femoralis superficialis"/>
    <definition value="KPEQ12 - Indsættelse af endoprotese i a. femoralis superficialis"/>
  </concept>
  <concept>
    <code value="KPEQ99"/>
    <display value="An. indsæt. af endoprotese i a. femor. el. dens grene"/>
    <definition value="KPEQ99 - An. indsæt. af endoprotese i a. femor. el. dens grene"/>
  </concept>
  <concept>
    <code value="KPEU83"/>
    <display value="Perkut. plastik på byp. fra a. femor. til a. poplit."/>
    <definition value="KPEU83 - Perkut. plastik på byp. fra a. femor. til a. poplit."/>
  </concept>
  <concept>
    <code value="KPEU84"/>
    <display value="Indsæt. af stent i byp. fra a. femor. til a. poplit."/>
    <definition value="KPEU84 - Indsæt. af stent i byp. fra a. femor. til a. poplit."/>
  </concept>
  <concept>
    <code value="KPFH20"/>
    <display value="Byp. fra a. femor. el. a. poplit. til a. i underben"/>
    <definition value="KPFH20 - Byp. fra a. femor. el. a. poplit. til a. i underben"/>
  </concept>
  <concept>
    <code value="KPFH21"/>
    <display value="Byp. fra a. femor/poplit. til proks. del af a. tibialis ant."/>
    <definition value="KPFH21 - Byp. fra a. femor/poplit. til proks. del af a. tibialis ant."/>
  </concept>
  <concept>
    <code value="KPFH22"/>
    <display value="Byp. fra a. femor/poplit. til dist. del af a. tibialis ant."/>
    <definition value="KPFH22 - Byp. fra a. femor/poplit. til dist. del af a. tibialis ant."/>
  </concept>
  <concept>
    <code value="KPFH23"/>
    <display value="Byp. fra a. femor. el. a. poplit. til trun. tibioperonealis"/>
    <definition value="KPFH23 - Byp. fra a. femor. el. a. poplit. til trun. tibioperonealis"/>
  </concept>
  <concept>
    <code value="KPFH24"/>
    <display value="Byp. fra a. femor/poplit. til proks. a. tibialis post."/>
    <definition value="KPFH24 - Byp. fra a. femor/poplit. til proks. a. tibialis post."/>
  </concept>
  <concept>
    <code value="KPFH25"/>
    <display value="Byp. fra a. femor. el. a. poplit. til dist. a. tibialis post"/>
    <definition value="KPFH25 - Byp. fra a. femor. el. a. poplit. til dist. a. tibialis post"/>
  </concept>
  <concept>
    <code value="KPFH26"/>
    <display value="Byp. fra a. femor. el. a. poplit. til proks. a. peronealis"/>
    <definition value="KPFH26 - Byp. fra a. femor. el. a. poplit. til proks. a. peronealis"/>
  </concept>
  <concept>
    <code value="KPFH27"/>
    <display value="Byp. fra a. femor. el. a. poplit. til dist. a. peronealis"/>
    <definition value="KPFH27 - Byp. fra a. femor. el. a. poplit. til dist. a. peronealis"/>
  </concept>
  <concept>
    <code value="KPFH28"/>
    <display value="Byp. fra a. femor. el. a. poplit. til a. dorsalis pedis"/>
    <definition value="KPFH28 - Byp. fra a. femor. el. a. poplit. til a. dorsalis pedis"/>
  </concept>
  <concept>
    <code value="KPFH29"/>
    <display value="Byp. fra a. femor/poplit. til a. tibialis post. i fod"/>
    <definition value="KPFH29 - Byp. fra a. femor/poplit. til a. tibialis post. i fod"/>
  </concept>
  <concept>
    <code value="KPFH99"/>
    <display value="An. byp. fra a. femor. el. a. poplit. til a. i underben/fod"/>
    <definition value="KPFH99 - An. byp. fra a. femor. el. a. poplit. til a. i underben/fod"/>
  </concept>
  <concept>
    <code value="KPFP10"/>
    <display value="Perkutan plastik på a. poplitea"/>
    <definition value="KPFP10 - Perkutan plastik på a. poplitea"/>
  </concept>
  <concept>
    <code value="KPFP30"/>
    <display value="Perkut. plastik på arterie i underben el. fod"/>
    <definition value="KPFP30 - Perkut. plastik på arterie i underben el. fod"/>
  </concept>
  <concept>
    <code value="KPFQ10"/>
    <display value="Indsættelse af endoprotese i a. poplitea"/>
    <definition value="KPFQ10 - Indsættelse af endoprotese i a. poplitea"/>
  </concept>
  <concept>
    <code value="KPFQ30"/>
    <display value="Indsættelse af endoprotese i arterie i underben el. fod"/>
    <definition value="KPFQ30 - Indsættelse af endoprotese i arterie i underben el. fod"/>
  </concept>
  <concept>
    <code value="KPFU83"/>
    <display value="Perkut. plastik på byp. fra a-fem/poplit. til a-underben/fod"/>
    <definition value="KPFU83 - Perkut. plastik på byp. fra a-fem/poplit. til a-underben/fod"/>
  </concept>
  <concept>
    <code value="KPFU84"/>
    <display value="Indsæt. stent i byp. fra a. femor/poplit. til a-underben/fod"/>
    <definition value="KPFU84 - Indsæt. stent i byp. fra a. femor/poplit. til a-underben/fod"/>
  </concept>
  <concept>
    <code value="KPGU83"/>
    <display value="Perkut. plastik på ekstra-anatomisk byp."/>
    <definition value="KPGU83 - Perkut. plastik på ekstra-anatomisk byp."/>
  </concept>
  <concept>
    <code value="KPGU84"/>
    <display value="Indsættelse af stent i ekstra-anatomisk byp."/>
    <definition value="KPGU84 - Indsættelse af stent i ekstra-anatomisk byp."/>
  </concept>
  <concept>
    <code value="T000010"/>
    <display value="hud"/>
    <definition value="T000010 - hud"/>
  </concept>
  <concept>
    <code value="T000094"/>
    <display value="mamma"/>
    <definition value="T000094 - mamma"/>
  </concept>
  <concept>
    <code value="T000113"/>
    <display value="knoglemarv"/>
    <definition value="T000113 - konglemarv"/>
  </concept>
  <concept>
    <code value="T000132"/>
    <display value="milt"/>
    <definition value="T000132 - milt"/>
  </concept>
  <concept>
    <code value="T000134"/>
    <display value="lymfeknude"/>
    <definition value="T000134 - lymfeknude"/>
  </concept>
  <concept>
    <code value="T000146"/>
    <display value="lymfeknude på hals"/>
    <definition value="T000146 - lymfeknude på hals"/>
  </concept>
  <concept>
    <code value="T000148"/>
    <display value="supraclaviculær lymfeknude"/>
    <definition value="T000148 - supraclaviculær lymfeknude"/>
  </concept>
  <concept>
    <code value="T000154"/>
    <display value="infraclaviculær lymfeknude"/>
    <definition value="T000154 - infraclaviculær lymfeknude"/>
  </concept>
  <concept>
    <code value="T000174"/>
    <display value="lymfeknude i aksil"/>
    <definition value="T000174 - lymfeknude i aksil"/>
  </concept>
  <concept>
    <code value="T000177"/>
    <display value="lymfeknude i inguen"/>
    <definition value="T000177 - lymfeknude i inguen"/>
  </concept>
  <concept>
    <code value="T000224"/>
    <display value="Knogle"/>
    <definition value="T000224 - Knogle"/>
  </concept>
  <concept>
    <code value="T000240"/>
    <display value="os sacrum"/>
    <definition value="T000240 - os sacrum"/>
  </concept>
  <concept>
    <code value="T000241"/>
    <display value="os coccygis"/>
    <definition value="T000241 - os coccygis"/>
  </concept>
  <concept>
    <code value="T000298"/>
    <display value="skeletmuskulatur"/>
    <definition value="T000298 - skeletmuskulatur"/>
  </concept>
  <concept>
    <code value="T000347"/>
    <display value="cavitas nasi"/>
    <definition value="T000347 - cavitas nasi"/>
  </concept>
  <concept>
    <code value="T000352"/>
    <display value="Bihule"/>
    <definition value="T000352 - Bihule"/>
  </concept>
  <concept>
    <code value="T000398"/>
    <display value="lunge"/>
    <definition value="T000398 - lunge"/>
  </concept>
  <concept>
    <code value="T000400"/>
    <display value="lungehilum"/>
    <definition value="T000400 - lungehilum"/>
  </concept>
  <concept>
    <code value="T000438"/>
    <display value="Hjerte"/>
    <definition value="T000438 - Hjerte"/>
  </concept>
  <concept>
    <code value="T000492"/>
    <display value="blodkar"/>
    <definition value="T000492 - blodkar"/>
  </concept>
  <concept>
    <code value="T000522"/>
    <display value="arteria carotis interna"/>
    <definition value="T000522 - arteria carotis interna"/>
  </concept>
  <concept>
    <code value="T000523"/>
    <display value="arteria communicans posterior"/>
    <definition value="T000523 - arteria communicans posterior"/>
  </concept>
  <concept>
    <code value="T000526"/>
    <display value="arteria communicans anterior"/>
    <definition value="T000526 - arteria communicans anterior"/>
  </concept>
  <concept>
    <code value="T000527"/>
    <display value="arteria cerebri anterior"/>
    <definition value="T000527 - arteria cerebri anterior"/>
  </concept>
  <concept>
    <code value="T000528"/>
    <display value="arteria cerebri media"/>
    <definition value="T000528 - arteria cerebri media"/>
  </concept>
  <concept>
    <code value="T000529"/>
    <display value="arteria vertebralis"/>
    <definition value="T000529 - arteria vertebralis"/>
  </concept>
  <concept>
    <code value="T000530"/>
    <display value="arteria basilaris"/>
    <definition value="T000530 - arteria basilaris"/>
  </concept>
  <concept>
    <code value="T000531"/>
    <display value="arteria cerebelli"/>
    <definition value="T000531 - arteria cerebelli"/>
  </concept>
  <concept>
    <code value="T000569"/>
    <display value="mund"/>
    <definition value="T000569 - mund"/>
  </concept>
  <concept>
    <code value="T000600"/>
    <display value="Spytkirtler"/>
    <definition value="T000600 - Spytkirtler"/>
  </concept>
  <concept>
    <code value="T000607"/>
    <display value="lever"/>
    <definition value="T000607 - lever"/>
  </concept>
  <concept>
    <code value="T000627"/>
    <display value="galdeblære"/>
    <definition value="T000627 - galdeblære"/>
  </concept>
  <concept>
    <code value="T000638"/>
    <display value="pancreas"/>
    <definition value="T000638 - pancreas"/>
  </concept>
  <concept>
    <code value="T000647"/>
    <display value="Pharynx"/>
    <definition value="T000647 - Pharynx"/>
  </concept>
  <concept>
    <code value="T000654"/>
    <display value="Ganetonsil"/>
    <definition value="T000654 - Ganetonsil"/>
  </concept>
  <concept>
    <code value="T000657"/>
    <display value="Ganetonsiller"/>
    <definition value="T000657 - Ganetonsiller"/>
  </concept>
  <concept>
    <code value="T000662"/>
    <display value="øsofagus"/>
    <definition value="T000662 - øsofagus"/>
  </concept>
  <concept>
    <code value="T000670"/>
    <display value="ventrikel"/>
    <definition value="T000670 - ventrikel"/>
  </concept>
  <concept>
    <code value="T000695"/>
    <display value="tyndtarm"/>
    <definition value="T000695 - tyndtarm"/>
  </concept>
  <concept>
    <code value="T000702"/>
    <display value="mesenterium"/>
    <definition value="T000702 - mesenterium"/>
  </concept>
  <concept>
    <code value="T000703"/>
    <display value="duodenum"/>
    <definition value="T000703 - duodenum"/>
  </concept>
  <concept>
    <code value="T000725"/>
    <display value="colon"/>
    <definition value="T000725 - colon"/>
  </concept>
  <concept>
    <code value="T000773"/>
    <display value="nyre"/>
    <definition value="T000773 - nyre"/>
  </concept>
  <concept>
    <code value="T000803"/>
    <display value="ureter"/>
    <definition value="T000803 - ureter"/>
  </concept>
  <concept>
    <code value="T000812"/>
    <display value="vesica urinaria"/>
    <definition value="T000812 - vesica urinaria"/>
  </concept>
  <concept>
    <code value="T000824"/>
    <display value="urethra"/>
    <definition value="T000824 - urethra"/>
  </concept>
  <concept>
    <code value="T000834"/>
    <display value="prostata"/>
    <definition value="T000834 - prostata"/>
  </concept>
  <concept>
    <code value="T000840"/>
    <display value="vesicula seminalis"/>
    <definition value="T000840 - vesicula seminalis"/>
  </concept>
  <concept>
    <code value="T000842"/>
    <display value="testis"/>
    <definition value="T000842 - testis"/>
  </concept>
  <concept>
    <code value="T000854"/>
    <display value="begge testes"/>
    <definition value="T000854 - begge testes"/>
  </concept>
  <concept>
    <code value="T000892"/>
    <display value="vagina"/>
    <definition value="T000892 - vagina"/>
  </concept>
  <concept>
    <code value="T000898"/>
    <display value="uterus"/>
    <definition value="T000898 - uterus"/>
  </concept>
  <concept>
    <code value="T000948"/>
    <display value="begge ovarier"/>
    <definition value="T000948 - begge ovarier"/>
  </concept>
  <concept>
    <code value="T001022"/>
    <display value="glandula thyroidea"/>
    <definition value="T001022 - glandula thyroidea"/>
  </concept>
  <concept>
    <code value="T001039"/>
    <display value="centralnervesystem"/>
    <definition value="T001039 - centralnervesystem"/>
  </concept>
  <concept>
    <code value="T001057"/>
    <display value="arachnoidea"/>
    <definition value="T001057 - arachnoidea"/>
  </concept>
  <concept>
    <code value="T001127"/>
    <display value="bulbus oculi"/>
    <definition value="T001127 - bulbus oculi"/>
  </concept>
  <concept>
    <code value="T001145"/>
    <display value="glandula lacrimalis"/>
    <definition value="T001145 - glandula lacrimalis"/>
  </concept>
  <concept>
    <code value="T001182"/>
    <display value="Orbita"/>
    <definition value="T001182 - Orbita"/>
  </concept>
  <concept>
    <code value="T001210"/>
    <display value="mediastinum"/>
    <definition value="T001210 - mediastinum"/>
  </concept>
  <concept>
    <code value="T001220"/>
    <display value="bugvæg"/>
    <definition value="T001220 - bugvæg"/>
  </concept>
  <concept>
    <code value="T001222"/>
    <display value="peritoneum"/>
    <definition value="T001222 - peritoneum"/>
  </concept>
  <concept>
    <code value="T001227"/>
    <display value="retroperitoneum"/>
    <definition value="T001227 - retroperitoneum"/>
  </concept>
  <concept>
    <code value="T001231"/>
    <display value="Pelvis"/>
    <definition value="T001231 - Pelvis"/>
  </concept>
  <concept>
    <code value="TUL1"/>
    <display value="højresidig"/>
    <definition value="TUL1 - højresidig"/>
  </concept>
  <concept>
    <code value="TUL2"/>
    <display value="venstresidig"/>
    <definition value="TUL2 - venstresidig"/>
  </concept>
  <concept>
    <code value="TUL3"/>
    <display value="dobbeltsidig"/>
    <definition value="TUL3 - dobbeltsidig"/>
  </concept>
  <concept>
    <code value="TUL7"/>
    <display value="side kan ikke angives"/>
    <definition value="TUL7 - side kan ikke angives"/>
  </concept>
  <concept>
    <code value="TUL9A"/>
    <display value="lateral"/>
    <definition value="TUL9A - lateral"/>
  </concept>
  <concept>
    <code value="TUL9B"/>
    <display value="medial"/>
    <definition value="TUL9B - medial"/>
  </concept>
  <concept>
    <code value="ZDA03A1"/>
    <display value="Clavien grad 1"/>
    <definition value="Clavien grad 1"/>
  </concept>
  <concept>
    <code value="ZDA03A2"/>
    <display value="Clavien grad 2"/>
    <definition value="Clavien grad 2"/>
  </concept>
  <concept>
    <code value="ZDA03A3"/>
    <display value="Clavien grad 3"/>
    <definition value="Clavien grad 3"/>
    <concept>
      <code value="ZDA03A3A"/>
      <display value="Clavien grad 3a"/>
      <definition value="Clavien grad 3a"/>
    </concept>
    <concept>
      <code value="ZDA03A3B"/>
      <display value="Clavien grad 3b"/>
      <definition value="Clavien grad 3b"/>
    </concept>
  </concept>
  <concept>
    <code value="ZDA03A4"/>
    <display value="Clavien grad 4"/>
    <definition value="Clavien grad 4"/>
    <concept>
      <code value="ZDA03A4A"/>
      <display value="Clavien grad 4a"/>
      <definition value="Clavien grad 4a"/>
    </concept>
    <concept>
      <code value="ZDA03A4B"/>
      <display value="Clavien grad 4b"/>
      <definition value="Clavien grad 4b"/>
    </concept>
  </concept>
  <concept>
    <code value="ZDA03A5"/>
    <display value="Clavien grad 5"/>
    <definition value="Clavien grad 5"/>
  </concept>
  <concept>
    <code value="ZDI021"/>
    <display value="asymptomatisk"/>
    <definition value="ZDI021 - asymptomatisk"/>
  </concept>
  <concept>
    <code value="ZDI022"/>
    <display value="symptomatisk"/>
    <definition value="ZDI022 - symptomatisk"/>
  </concept>
</CodeSystem>