<?xml version="1.0" encoding="UTF-8"?>

<CodeSystem xmlns="http://hl7.org/fhir">
  <id value="FunctionalScoreTypes"/>
  <text>
    <status value="generated"/><div xmlns="http://www.w3.org/1999/xhtml"><p class="res-header-id"><b>Generated Narrative: CodeSystem FunctionalScoreTypes</b></p><a name="FunctionalScoreTypes"> </a><a name="hcFunctionalScoreTypes"> </a><a name="FunctionalScoreTypes-en-US"> </a><p>This  code system <code>https://kip.rkkp.dk/fhir/CodeSystem/FunctionalScoreTypes</code> defines the following codes:</p><table class="codes"><tr><td style="white-space:nowrap"><b>Code</b></td><td><b>Display</b></td><td><b>Definition</b></td></tr><tr><td style="white-space:nowrap">CAS<a name="FunctionalScoreTypes-CAS"> </a></td><td>Cumulated Ambulation Score (CAS)</td><td>Cumulated Ambulation Score</td></tr><tr><td style="white-space:nowrap">NMS<a name="FunctionalScoreTypes-NMS"> </a></td><td>New Mobility Score (NMS)</td><td>New Mobility Score</td></tr></table></div>
  </text>
  <url value="https://kip.rkkp.dk/fhir/CodeSystem/FunctionalScoreTypes"/>
  <version value="2.9.3"/>
  <name value="FunctionalScoreTypes"/>
  <title value="FunctionalScoreTypes"/>
  <status value="active"/>
  <date value="2024-10-07T00:00:00+02:00"/>
  <publisher value="Sundhedsvæsenets Kvalitetsinstitut with Trifork Digital Health A/S"/>
  <contact>
    <name value="Sundhedsvæsenets Kvalitetsinstitut with Trifork Digital Health A/S"/>
    <telecom>
      <system value="url"/>
      <value value="https://trifork.com"/>
    </telecom>
    <telecom>
      <system value="email"/>
      <value value="rbk@trifork.com"/>
    </telecom>
  </contact>
  <description value="Anvendte typer ved måling af helbreds- eller funktionel score"/>
  <content value="complete"/>
  <count value="2"/>
  <concept>
    <code value="CAS"/>
    <display value="Cumulated Ambulation Score (CAS)"/>
    <definition value="Cumulated Ambulation Score"/>
  </concept>
  <concept>
    <code value="NMS"/>
    <display value="New Mobility Score (NMS)"/>
    <definition value="New Mobility Score"/>
  </concept>
</CodeSystem>