<?xml version="1.0" encoding="UTF-8"?>

<SearchParameter xmlns="http://hl7.org/fhir">
  <id value="SorQuestionnaire"/>
  <text>
    <status value="generated"/><div xmlns="http://www.w3.org/1999/xhtml"><p class="res-header-id"><b>Generated Narrative: SearchParameter SorQuestionnaire</b></p><a name="SorQuestionnaire"> </a><a name="hcSorQuestionnaire"> </a><a name="SorQuestionnaire-en-US"> </a><h2>SorQuestionnaire</h2><p>Parameter <code>sor</code>:<code>token</code></p><div><p>Search By SOR in Questionnaire</p>
</div><table class="grid"><tr><td>Resource</td><td><a href="http://hl7.org/fhir/R4/questionnaire.html">Questionnaire</a></td></tr><tr><td>Expression</td><td><code>Questionnaire.jurisdiction.extension.where(url='sor')</code></td></tr><tr><td>Multiples</td><td><ul><li>multipleAnd: It's up to the server whether the parameter may repeat in order to specify multiple values that must all be true</li><li>multipleOr: It's up to the server whether the parameter can have multiple values (separated by comma) where at least one must be true</li></ul></td></tr><tr><td>Comparators</td><td>Allowed: eq</td></tr></table></div>
  </text>
  <url value="https://kip.rkkp.dk/fhir/SearchParameter/SorQuestionnaire"/>
  <version value="2.9.3"/>
  <name value="SorQuestionnaire"/>
  <status value="active"/>
  <date value="2025-03-17T14:39:21+00:00"/>
  <publisher value="Sundhedsvæsenets Kvalitetsinstitut with Trifork Digital Health A/S"/>
  <contact>
    <name value="Sundhedsvæsenets Kvalitetsinstitut with Trifork Digital Health A/S"/>
    <telecom>
      <system value="url"/>
      <value value="https://trifork.com"/>
    </telecom>
    <telecom>
      <system value="email"/>
      <value value="rbk@trifork.com"/>
    </telecom>
  </contact>
  <description value="Search By SOR in Questionnaire"/>
  <code value="sor"/>
  <base value="Questionnaire"/>
  <type value="token"/>
  <expression value="Questionnaire.jurisdiction.extension.where(url='sor')"/>
  <comparator value="eq"/>
</SearchParameter>