<?xml version="1.0" encoding="UTF-8"?>

<SearchParameter xmlns="http://hl7.org/fhir">
  <id value="QuestionnaireResponseOnCarePlan"/>
  <text>
    <status value="generated"/><div xmlns="http://www.w3.org/1999/xhtml"><p class="res-header-id"><b>Generated Narrative: SearchParameter QuestionnaireResponseOnCarePlan</b></p><a name="QuestionnaireResponseOnCarePlan"> </a><a name="hcQuestionnaireResponseOnCarePlan"> </a><a name="QuestionnaireResponseOnCarePlan-en-US"> </a><h2>QuestionnaireResponseOnCarePlan</h2><p>Parameter <code>questionnaire-response-reference</code>:<code>reference</code></p><div><p>Search by a QuestionnaireResponse reference for a CarePlan</p>
</div><table class="grid"><tr><td>Resource</td><td><a href="http://hl7.org/fhir/R4/careplan.html">CarePlan</a></td></tr><tr><td>Expression</td><td><code>CarePlan.activity.outcomeReference</code></td></tr><tr><td>Multiples</td><td><ul><li>multipleAnd: It's up to the server whether the parameter may repeat in order to specify multiple values that must all be true</li><li>multipleOr: It's up to the server whether the parameter can have multiple values (separated by comma) where at least one must be true</li></ul></td></tr><tr><td>Comparators</td><td>Allowed: eq</td></tr></table></div>
  </text>
  <url value="https://kip.rkkp.dk/fhir/SearchParameter/QuestionnaireResponseOnCarePlan"/>
  <version value="0.2.1"/>
  <name value="QuestionnaireResponseOnCarePlan"/>
  <status value="active"/>
  <date value="2025-03-14T09:57:04+00:00"/>
  <publisher value="Sundhedsvæsnets Kvalistetsinstitut with Trifork Digital Health A/S"/>
  <contact>
    <name value="Sundhedsvæsnets Kvalistetsinstitut with Trifork Digital Health A/S"/>
    <telecom>
      <system value="url"/>
      <value value="https://trifork.com"/>
    </telecom>
    <telecom>
      <system value="email"/>
      <value value="rbk@trifork.com"/>
    </telecom>
  </contact>
  <description value="Search by a QuestionnaireResponse reference for a CarePlan"/>
  <code value="questionnaire-response-reference"/>
  <base value="CarePlan"/>
  <type value="reference"/>
  <expression value="CarePlan.activity.outcomeReference"/>
  <comparator value="eq"/>
</SearchParameter>