<?xml version="1.0" encoding="UTF-8"?>

<ValueSet xmlns="http://hl7.org/fhir">
  <id value="ReferredForTraining"/>
  <text>
    <status value="extensions"/><div xmlns="http://www.w3.org/1999/xhtml"><p class="res-header-id"><b>Generated Narrative: ValueSet ReferredForTraining</b></p><a name="ReferredForTraining"> </a><a name="hcReferredForTraining"> </a><a name="ReferredForTraining-en-US"> </a><ul><li>Include these codes as defined in <a href="CodeSystem-ReferredForTraining.html"><code>https://kip.rkkp.dk/fhir/CodeSystem/ReferredForTraining</code></a><table class="none"><tr><td style="white-space:nowrap"><b>Code</b></td><td><b>Display</b></td><td><b>Definition</b></td></tr><tr><td><a href="CodeSystem-ReferredForTraining.html#ReferredForTraining-hospitalregi">hospitalregi</a></td><td>Henvist til superviseret fysisk træning i hospitalsregi</td><td>Henvist til superviseret fysisk træning i hospitalsregi</td></tr><tr><td><a href="CodeSystem-ReferredForTraining.html#ReferredForTraining-kommunaltregi">kommunaltregi</a></td><td>Henvist til superviseret fysisk træning i kommunalt regi</td><td>envist til superviseret fysisk træning i kommunalt regi</td></tr></table></li></ul></div>
  </text>
  <url value="https://kip.rkkp.dk/fhir/ValueSet/ReferredForTraining"/>
  <version value="2.9.1"/>
  <name value="ReferredForTraining"/>
  <title value="Uddybning af hvor patienten er henvist til fysisk træning"/>
  <status value="active"/>
  <experimental value="true"/>
  <date value="2022-07-21T00:00:00+02:00"/>
  <publisher value="Sundhedsvæsnets Kvalistetsinstitut with Trifork Digital Health A/S"/>
  <contact>
    <name value="Sundhedsvæsnets Kvalistetsinstitut with Trifork Digital Health A/S"/>
    <telecom>
      <system value="url"/>
      <value value="https://trifork.com"/>
    </telecom>
    <telecom>
      <system value="email"/>
      <value value="rbk@trifork.com"/>
    </telecom>
  </contact>
  <description value="Uddybning af hvor patienten er henvist til fysisk træning"/>
  <compose>
    <include>
      <system value="https://kip.rkkp.dk/fhir/CodeSystem/ReferredForTraining"/>
      <concept>
        <code value="hospitalregi"/>
        <display value="Henvist til superviseret fysisk træning i hospitalsregi"/>
      </concept>
      <concept>
        <code value="kommunaltregi"/>
        <display value="Henvist til superviseret fysisk træning i kommunalt regi"/>
      </concept>
    </include>
  </compose>
</ValueSet>