<?xml version="1.0" encoding="UTF-8"?>

<ValueSet xmlns="http://hl7.org/fhir">
  <id value="UdskrevetTil"/>
  <text>
    <status value="extensions"/><div xmlns="http://www.w3.org/1999/xhtml"><p class="res-header-id"><b>Generated Narrative: ValueSet UdskrevetTil</b></p><a name="UdskrevetTil"> </a><a name="hcUdskrevetTil"> </a><a name="UdskrevetTil-en-US"> </a><ul><li>Include these codes as defined in <a href="CodeSystem-UdskrevetTil.html"><code>https://kip.rkkp.dk/fhir/CodeSystem/UdskrevetTil</code></a><table class="none"><tr><td style="white-space:nowrap"><b>Code</b></td><td><b>Display</b></td><td><b>Definition</b></td></tr><tr><td><a href="CodeSystem-UdskrevetTil.html#UdskrevetTil-stamafd">stamafd</a></td><td>Stamafdeling</td><td>Stamafdeling</td></tr><tr><td><a href="CodeSystem-UdskrevetTil.html#UdskrevetTil-hjemmet">hjemmet</a></td><td>Hjemmet</td><td>Hjemmet</td></tr><tr><td><a href="CodeSystem-UdskrevetTil.html#UdskrevetTil-reoper">reoper</a></td><td>Reoperation</td><td>Reoperation</td></tr><tr><td><a href="CodeSystem-UdskrevetTil.html#UdskrevetTil-intensiv">intensiv</a></td><td>Intensiv afdeling</td><td>Intensiv afdeling</td></tr><tr><td><a href="CodeSystem-UdskrevetTil.html#UdskrevetTil-andet_hosp">andet_hosp</a></td><td>Andet hospital</td><td>Andet hospital</td></tr><tr><td><a href="CodeSystem-UdskrevetTil.html#UdskrevetTil-doed_u_obs">doed_u_obs</a></td><td>Død i observationsperioden</td><td>Død i observationsperioden</td></tr></table></li></ul></div>
  </text>
  <url value="https://kip.rkkp.dk/fhir/ValueSet/UdskrevetTil"/>
  <version value="0.1.6"/>
  <name value="UdskrevetTil"/>
  <title value="Udskrevet til"/>
  <status value="active"/>
  <experimental value="true"/>
  <date value="2022-05-16T00:00:00+02:00"/>
  <publisher value="Sundhedsvæsnets Kvalistetsinstitut with Trifork Digital Health A/S"/>
  <contact>
    <name value="Sundhedsvæsnets Kvalistetsinstitut with Trifork Digital Health A/S"/>
    <telecom>
      <system value="url"/>
      <value value="https://trifork.com"/>
    </telecom>
    <telecom>
      <system value="email"/>
      <value value="rbk@trifork.com"/>
    </telecom>
  </contact>
  <description value="Udskrevet til"/>
  <compose>
    <include>
      <system value="https://kip.rkkp.dk/fhir/CodeSystem/UdskrevetTil"/>
      <concept>
        <code value="stamafd"/>
        <display value="Stamafdeling"/>
      </concept>
      <concept>
        <code value="hjemmet"/>
        <display value="Hjemmet"/>
      </concept>
      <concept>
        <code value="reoper"/>
        <display value="Reoperation"/>
      </concept>
      <concept>
        <code value="intensiv"/>
        <display value="Intensiv afdeling"/>
      </concept>
      <concept>
        <code value="andet_hosp"/>
        <display value="Andet hospital"/>
      </concept>
      <concept>
        <code value="doed_u_obs"/>
        <display value="Død i observationsperioden"/>
      </concept>
    </include>
  </compose>
</ValueSet>