<?xml version="1.0" encoding="UTF-8"?>

<ValueSet xmlns="http://hl7.org/fhir">
  <id value="KognitivPaavirkningDANDEM"/>
  <text>
    <status value="extensions"/><div xmlns="http://www.w3.org/1999/xhtml"><p class="res-header-id"><b>Generated Narrative: ValueSet KognitivPaavirkningDANDEM</b></p><a name="KognitivPaavirkningDANDEM"> </a><a name="hcKognitivPaavirkningDANDEM"> </a><a name="KognitivPaavirkningDANDEM-en-US"> </a><ul><li>Include these codes as defined in <a href="CodeSystem-CognitiveFunctionFinding.html"><code>https://kip.rkkp.dk/fhir/CodeSystem/CognitiveFunctionFinding</code></a><table class="none"><tr><td style="white-space:nowrap"><b>Code</b></td><td><b>Display</b></td><td><b>Definition</b></td></tr><tr><td><a href="CodeSystem-CognitiveFunctionFinding.html#CognitiveFunctionFinding-normal">normal</a></td><td>Habituel kognitiv funktion</td><td>Normal cognition / Normal kognitiv funktion / SNOMED-CT: 449888003</td></tr><tr><td><a href="CodeSystem-CognitiveFunctionFinding.html#CognitiveFunctionFinding-impaired">impaired</a></td><td>Kognitiv svækkelse, men ikke dement</td><td>Impaired cognition / Svækket erkendelsesevne / SNOMED-CT: 386806002</td></tr><tr><td><a href="CodeSystem-CognitiveFunctionFinding.html#CognitiveFunctionFinding-mild">mild</a></td><td>Demens i let grad jævnfør (ICD kriterier)</td><td>Mild / Let / SNOMED-CT: 255604002</td></tr><tr><td><a href="CodeSystem-CognitiveFunctionFinding.html#CognitiveFunctionFinding-moderate">moderate</a></td><td>Demens i moderat grad jævnfør (ICD kriterier)</td><td>Moderate / Moderat / SNOMED-CT: 6736007</td></tr><tr><td><a href="CodeSystem-CognitiveFunctionFinding.html#CognitiveFunctionFinding-severe">severe</a></td><td>Demens i svær grad jævnfør (ICD kriterier)</td><td>Severe / Svær / SNOMED-CT: 24484000</td></tr></table></li></ul></div>
  </text>
  <url value="https://kip.rkkp.dk/fhir/ValueSet/KognitivPaavirkningDANDEM"/>
  <version value="0.1.6"/>
  <name value="KognitivPaavirkningDANDEM"/>
  <title value="Kognitiv påvirkning (DANDEM)"/>
  <status value="active"/>
  <experimental value="true"/>
  <date value="2022-07-19T00:00:00+02:00"/>
  <publisher value="Sundhedsvæsnets Kvalistetsinstitut with Trifork Digital Health A/S"/>
  <contact>
    <name value="Sundhedsvæsnets Kvalistetsinstitut with Trifork Digital Health A/S"/>
    <telecom>
      <system value="url"/>
      <value value="https://trifork.com"/>
    </telecom>
    <telecom>
      <system value="email"/>
      <value value="rbk@trifork.com"/>
    </telecom>
  </contact>
  <description value="Kognitiv påvirkning (DANDEM)"/>
  <compose>
    <include>
      <system value="https://kip.rkkp.dk/fhir/CodeSystem/CognitiveFunctionFinding"/>
      <concept>
        <code value="normal"/>
        <display value="Habituel kognitiv funktion"/>
      </concept>
      <concept>
        <code value="impaired"/>
        <display value="Kognitiv svækkelse, men ikke dement"/>
      </concept>
      <concept>
        <code value="mild"/>
        <display value="Demens i let grad jævnfør (ICD kriterier)"/>
      </concept>
      <concept>
        <code value="moderate"/>
        <display value="Demens i moderat grad jævnfør (ICD kriterier)"/>
      </concept>
      <concept>
        <code value="severe"/>
        <display value="Demens i svær grad jævnfør (ICD kriterier)"/>
      </concept>
    </include>
  </compose>
</ValueSet>