<?xml version="1.0" encoding="UTF-8"?>

<ValueSet xmlns="http://hl7.org/fhir">
  <id value="Result"/>
  <text>
    <status value="extensions"/><div xmlns="http://www.w3.org/1999/xhtml"><p class="res-header-id"><b>Generated Narrative: ValueSet Result</b></p><a name="Result"> </a><a name="hcResult"> </a><a name="Result-en-US"> </a><ul><li>Include these codes as defined in <a href="CodeSystem-GenericValues.html"><code>https://kip.sundk.dk/fhir/CodeSystem/GenericValues</code></a><table class="none"><tr><td style="white-space:nowrap"><b>Code</b></td><td><b>Display</b></td><td><b>Definition</b></td></tr><tr><td><a href="CodeSystem-GenericValues.html#GenericValues-postive">postive</a></td><td>Positiv</td><td>Positiv</td></tr><tr><td><a href="CodeSystem-GenericValues.html#GenericValues-negative">negative</a></td><td>Negativ</td><td>Negativ</td></tr></table></li></ul></div>
  </text>
  <url value="https://kip.sundk.dk/fhir/ValueSet/Result"/>
  <version value="0.0.9"/>
  <name value="Result"/>
  <title value="Resultat"/>
  <status value="active"/>
  <experimental value="true"/>
  <date value="2024-03-06T00:00:00+02:00"/>
  <publisher value="Sundhedsvæsnets Kvalistetsinstitut with Trifork Public A/S"/>
  <contact>
    <name value="Sundhedsvæsnets Kvalistetsinstitut with Trifork Public A/S"/>
    <telecom>
      <system value="url"/>
      <value value="https://trifork.com"/>
    </telecom>
    <telecom>
      <system value="email"/>
      <value value="rbk@trifork.com"/>
    </telecom>
  </contact>
  <description value="Resultat Negativ/Positiv"/>
  <compose>
    <include>
      <system value="https://kip.sundk.dk/fhir/CodeSystem/GenericValues"/>
      <concept>
        <code value="postive"/>
        <display value="Positiv"/>
      </concept>
      <concept>
        <code value="negative"/>
        <display value="Negativ"/>
      </concept>
    </include>
  </compose>
</ValueSet>