<?xml version="1.0" encoding="UTF-8"?>

<ValueSet xmlns="http://hl7.org/fhir">
  <id value="PatobankSNOMEDDMPNDiagnose"/>
  <text>
    <status value="extensions"/><div xmlns="http://www.w3.org/1999/xhtml"><p class="res-header-id"><b>Generated Narrative: ValueSet PatobankSNOMEDDMPNDiagnose</b></p><a name="PatobankSNOMEDDMPNDiagnose"> </a><a name="hcPatobankSNOMEDDMPNDiagnose"> </a><a name="PatobankSNOMEDDMPNDiagnose-en-US"> </a><p>This value set includes codes based on the following rules:</p><ul><li>Include these codes as defined in <a href="CodeSystem-PatobankSNOMED.html"><code>https://kip.rkkp.dk/fhir/CodeSystem/PatobankSNOMED</code></a><table class="none"><tr><td style="white-space:nowrap"><b>Code</b></td><td><b>Display</b></td><td><b>Definition</b></td></tr><tr><td><a href="CodeSystem-PatobankSNOMED.html#PatobankSNOMED-M98753">M98753</a></td><td>Kronisk myeloid leukæmi, BCR-ABL1 positiv (CML)</td><td>Kronisk myeloid leukæmi, BCR-ABL1 positiv</td></tr><tr><td><a href="CodeSystem-PatobankSNOMED.html#PatobankSNOMED-M99453">M99453</a></td><td>Kronisk myelomonocytær leukæmi (CMML)</td><td>kronisk myelomonocytær leukæmi</td></tr><tr><td><a href="CodeSystem-PatobankSNOMED.html#PatobankSNOMED-M99503">M99503</a></td><td>Polycytæmia vera</td><td>polycytæmia vera</td></tr><tr><td><a href="CodeSystem-PatobankSNOMED.html#PatobankSNOMED-M99613">M99613</a></td><td>Primær Myelofibrose</td><td>myelofibrose</td></tr><tr><td><a href="CodeSystem-PatobankSNOMED.html#PatobankSNOMED-M99623">M99623</a></td><td>Essentiel trombocytæmi</td><td>essentiel trombocytæmi</td></tr><tr><td><a href="CodeSystem-PatobankSNOMED.html#PatobankSNOMED-M99753">M99753</a></td><td>Uklassificerbar myelodysplastisk/myeloproliferativ sygdom</td><td>uklassificerbar myelodysplastisk/myeloproliferativ sygdom</td></tr></table></li><li>Include these codes as defined in <a href="CodeSystem-DiseasesUnspecified.html"><code>https://kip.rkkp.dk/fhir/CodeSystem/DiseasesUnspecified</code></a><table class="none"><tr><td style="white-space:nowrap"><b>Code</b></td><td><b>Display</b></td><td><b>Definition</b></td></tr><tr><td><a href="CodeSystem-DiseasesUnspecified.html#DiseasesUnspecified-prefibrotic">prefibrotic</a></td><td>Præfibrotisk Myelofibrose</td><td>Prefibrotic myelofibrosis / Præfibrotisk Myelofibrose</td></tr></table></li></ul></div>
  </text>
  <url value="https://kip.rkkp.dk/fhir/ValueSet/PatobankSNOMEDDMPNDiagnose"/>
  <version value="0.2.1"/>
  <name value="PatobankSNOMEDDMPNDiagnose"/>
  <title value="Patobank SNOMED DMPN Diagnose"/>
  <status value="active"/>
  <experimental value="true"/>
  <date value="2022-07-14T00:00:00+02:00"/>
  <publisher value="Sundhedsvæsnets Kvalistetsinstitut with Trifork Digital Health A/S"/>
  <contact>
    <name value="Sundhedsvæsnets Kvalistetsinstitut with Trifork Digital Health A/S"/>
    <telecom>
      <system value="url"/>
      <value value="https://trifork.com"/>
    </telecom>
    <telecom>
      <system value="email"/>
      <value value="rbk@trifork.com"/>
    </telecom>
  </contact>
  <description value="DMPN diagnoser (Patobank SNOMED)"/>
  <compose>
    <include>
      <system value="https://kip.rkkp.dk/fhir/CodeSystem/PatobankSNOMED"/>
      <concept>
        <code value="M98753"/>
        <display value="Kronisk myeloid leukæmi, BCR-ABL1 positiv (CML)"/>
      </concept>
      <concept>
        <code value="M99453"/>
        <display value="Kronisk myelomonocytær leukæmi (CMML)"/>
      </concept>
      <concept>
        <code value="M99503"/>
        <display value="Polycytæmia vera"/>
      </concept>
      <concept>
        <code value="M99613"/>
        <display value="Primær Myelofibrose"/>
      </concept>
      <concept>
        <code value="M99623"/>
        <display value="Essentiel trombocytæmi"/>
      </concept>
      <concept>
        <code value="M99753"/>
        <display value="Uklassificerbar myelodysplastisk/myeloproliferativ sygdom"/>
      </concept>
    </include>
    <include>
      <system value="https://kip.rkkp.dk/fhir/CodeSystem/DiseasesUnspecified"/>
      <concept>
        <code value="prefibrotic"/>
        <display value="Præfibrotisk Myelofibrose"/>
      </concept>
    </include>
  </compose>
</ValueSet>