<?xml version="1.0" encoding="UTF-8"?>

<ValueSet xmlns="http://hl7.org/fhir">
  <id value="IntraoperativeLaesionerKDCCG"/>
  <text>
    <status value="extensions"/><div xmlns="http://www.w3.org/1999/xhtml"><p class="res-header-id"><b>Generated Narrative: ValueSet IntraoperativeLaesionerKDCCG</b></p><a name="IntraoperativeLaesionerKDCCG"> </a><a name="hcIntraoperativeLaesionerKDCCG"> </a><a name="IntraoperativeLaesionerKDCCG-en-US"> </a><p>This value set includes codes based on the following rules:</p><ul><li>Include these codes as defined in <a href="CodeSystem-SKS.html"><code>https://kip.rkkp.dk/fhir/CodeSystem/SKS</code></a><table class="none"><tr><td style="white-space:nowrap"><b>Code</b></td><td><b>Display</b></td><td><b>Definition</b></td></tr><tr><td><a href="CodeSystem-SKS.html#SKS-T000703">T000703</a></td><td>Duodenum T000703</td><td>T000703 - duodenum</td></tr><tr><td><a href="CodeSystem-SKS.html#SKS-T000627">T000627</a></td><td>Galdeblære T000627</td><td>T000627 - galdeblære</td></tr><tr><td><a href="CodeSystem-SKS.html#SKS-T000725">T000725</a></td><td>Kolon T000725</td><td>T000725 - colon</td></tr><tr><td><a href="CodeSystem-SKS.html#SKS-T000607">T000607</a></td><td>Lever T000607</td><td>T000607 - lever</td></tr><tr><td><a href="CodeSystem-SKS.html#SKS-T000132">T000132</a></td><td>Milt T000132</td><td>T000132 - milt</td></tr><tr><td><a href="CodeSystem-SKS.html#SKS-T000638">T000638</a></td><td>Pancreas T000638</td><td>T000638 - pancreas</td></tr><tr><td><a href="CodeSystem-SKS.html#SKS-T000695">T000695</a></td><td>Tyndtarm eksklusive duodenum T000695</td><td>T000695 - tyndtarm</td></tr><tr><td><a href="CodeSystem-SKS.html#SKS-T000803">T000803</a></td><td>Ureter T000803</td><td>T000803 - ureter</td></tr><tr><td><a href="CodeSystem-SKS.html#SKS-T000824">T000824</a></td><td>Urethra T000824</td><td>T000824 - urethra</td></tr><tr><td><a href="CodeSystem-SKS.html#SKS-T000812">T000812</a></td><td>Urinblære T000812</td><td>T000812 - vesica urinaria</td></tr><tr><td><a href="CodeSystem-SKS.html#SKS-T000892">T000892</a></td><td>Vagina T000892</td><td>T000892 - vagina</td></tr><tr><td><a href="CodeSystem-SKS.html#SKS-T000670">T000670</a></td><td>Ventrikel T000670</td><td>T000670 - ventrikel</td></tr></table></li><li>Include these codes as defined in <a href="CodeSystem-GenericValues.html"><code>https://kip.rkkp.dk/fhir/CodeSystem/GenericValues</code></a><table class="none"><tr><td style="white-space:nowrap"><b>Code</b></td><td><b>Display</b></td><td><b>Definition</b></td></tr><tr><td><a href="CodeSystem-GenericValues.html#GenericValues-other">other</a></td><td>Andet</td><td>Other - used to choose unspecific value not in a valueset</td></tr></table></li></ul></div>
  </text>
  <url value="https://kip.rkkp.dk/fhir/ValueSet/IntraoperativeLaesionerKDCCG"/>
  <version value="2.9.1"/>
  <name value="IntraoperativeLaesionerKDCCG"/>
  <title value="Intraoperative læsioner - Kvinder (DCCG)"/>
  <status value="active"/>
  <experimental value="true"/>
  <date value="2022-11-10T00:00:00+02:00"/>
  <publisher value="Sundhedsvæsnets Kvalistetsinstitut with Trifork Digital Health A/S"/>
  <contact>
    <name value="Sundhedsvæsnets Kvalistetsinstitut with Trifork Digital Health A/S"/>
    <telecom>
      <system value="url"/>
      <value value="https://trifork.com"/>
    </telecom>
    <telecom>
      <system value="email"/>
      <value value="rbk@trifork.com"/>
    </telecom>
  </contact>
  <description value="Intraoperative læsioner - Kvinder (DCCG)"/>
  <compose>
    <include>
      <system value="https://kip.rkkp.dk/fhir/CodeSystem/SKS"/>
      <concept>
        <code value="T000703"/>
        <display value="Duodenum T000703"/>
      </concept>
      <concept>
        <code value="T000627"/>
        <display value="Galdeblære T000627"/>
      </concept>
      <concept>
        <code value="T000725"/>
        <display value="Kolon T000725"/>
      </concept>
      <concept>
        <code value="T000607"/>
        <display value="Lever T000607"/>
      </concept>
      <concept>
        <code value="T000132"/>
        <display value="Milt T000132"/>
      </concept>
      <concept>
        <code value="T000638"/>
        <display value="Pancreas T000638"/>
      </concept>
      <concept>
        <code value="T000695"/>
        <display value="Tyndtarm eksklusive duodenum T000695"/>
      </concept>
      <concept>
        <code value="T000803"/>
        <display value="Ureter T000803"/>
      </concept>
      <concept>
        <code value="T000824"/>
        <display value="Urethra T000824"/>
      </concept>
      <concept>
        <code value="T000812"/>
        <display value="Urinblære T000812"/>
      </concept>
      <concept>
        <code value="T000892"/>
        <display value="Vagina T000892"/>
      </concept>
      <concept>
        <code value="T000670"/>
        <display value="Ventrikel T000670"/>
      </concept>
    </include>
    <include>
      <system value="https://kip.rkkp.dk/fhir/CodeSystem/GenericValues"/>
      <concept>
        <code value="other"/>
        <display value="Andet"/>
      </concept>
    </include>
  </compose>
</ValueSet>