<?xml version="1.0" encoding="UTF-8"?>

<ValueSet xmlns="http://hl7.org/fhir">
  <id value="HeartAttackTypes"/>
  <text>
    <status value="extensions"/><div xmlns="http://www.w3.org/1999/xhtml"><p class="res-header-id"><b>Generated Narrative: ValueSet HeartAttackTypes</b></p><a name="HeartAttackTypes"> </a><a name="hcHeartAttackTypes"> </a><a name="HeartAttackTypes-en-US"> </a><ul><li>Include these codes as defined in <a href="CodeSystem-Complications.html"><code>https://kip.rkkp.dk/fhir/CodeSystem/Complications</code></a><table class="none"><tr><td style="white-space:nowrap"><b>Code</b></td><td><b>Display</b></td><td><b>Definition</b></td></tr><tr><td><a href="CodeSystem-Complications.html#Complications-segment_elevation_myocardial_infarction">segment_elevation_myocardial_infarction</a></td><td>STEMI</td><td>Type of heart attack that mainly affects your hearts lower chambers</td></tr><tr><td><a href="CodeSystem-Complications.html#Complications-bundle_branch_block_myocardial_infarction">bundle_branch_block_myocardial_infarction</a></td><td>BBBMI</td><td>--</td></tr><tr><td><a href="CodeSystem-Complications.html#Complications-non_segment_elevation_myocardial_infarction">non_segment_elevation_myocardial_infarction</a></td><td>NSTEMI</td><td>--</td></tr><tr><td><a href="CodeSystem-Complications.html#Complications-unstable_agina">unstable_agina</a></td><td>UAP</td><td>--</td></tr><tr><td><a href="CodeSystem-Complications.html#Complications-rulled_out_heart_attack">rulled_out_heart_attack</a></td><td>Ikke AKS</td><td>--</td></tr></table></li></ul></div>
  </text>
  <url value="https://kip.rkkp.dk/fhir/ValueSet/HeartAttackTypes"/>
  <version value="2.9.3"/>
  <name value="HeartAttackTypes"/>
  <title value="Hjertestop type"/>
  <status value="active"/>
  <experimental value="true"/>
  <date value="2022-06-07T00:00:00+02:00"/>
  <publisher value="Sundhedsvæsenets Kvalitetsinstitut with Trifork Digital Health A/S"/>
  <contact>
    <name value="Sundhedsvæsenets Kvalitetsinstitut with Trifork Digital Health A/S"/>
    <telecom>
      <system value="url"/>
      <value value="https://trifork.com"/>
    </telecom>
    <telecom>
      <system value="email"/>
      <value value="rbk@trifork.com"/>
    </telecom>
  </contact>
  <description value="Forskellige arter af hjertestop / fejl"/>
  <compose>
    <include>
      <system value="https://kip.rkkp.dk/fhir/CodeSystem/Complications"/>
      <concept>
        <code value="segment_elevation_myocardial_infarction"/>
        <display value="STEMI"/>
      </concept>
      <concept>
        <code value="bundle_branch_block_myocardial_infarction"/>
        <display value="BBBMI"/>
      </concept>
      <concept>
        <code value="non_segment_elevation_myocardial_infarction"/>
        <display value="NSTEMI"/>
      </concept>
      <concept>
        <code value="unstable_agina"/>
        <display value="UAP"/>
      </concept>
      <concept>
        <code value="rulled_out_heart_attack"/>
        <display value="Ikke AKS"/>
      </concept>
    </include>
  </compose>
</ValueSet>