<?xml version="1.0" encoding="UTF-8"?>

<ValueSet xmlns="http://hl7.org/fhir">
  <id value="AKBehandlingDKR"/>
  <text>
    <status value="extensions"/><div xmlns="http://www.w3.org/1999/xhtml"><p class="res-header-id"><b>Generated Narrative: ValueSet AKBehandlingDKR</b></p><a name="AKBehandlingDKR"> </a><a name="hcAKBehandlingDKR"> </a><a name="AKBehandlingDKR-en-US"> </a><p>This value set includes codes based on the following rules:</p><ul><li>Include these codes as defined in <a href="CodeSystem-AKBehandling.html"><code>https://kip.rkkp.dk/fhir/CodeSystem/AKBehandling</code></a><table class="none"><tr><td style="white-space:nowrap"><b>Code</b></td><td><b>Display</b></td><td><b>Definition</b></td></tr><tr><td><a href="CodeSystem-AKBehandling.html#AKBehandling-clopidogrel">clopidogrel</a></td><td>Clopidogrel (fx Plavix), Ticagrelor (Brilique)</td><td>Clopidogrel (fx Plavix), Ticagrelor (Brilique)</td></tr><tr><td><a href="CodeSystem-AKBehandling.html#AKBehandling-persantin">persantin</a></td><td>Persantin</td><td>Persantin</td></tr><tr><td><a href="CodeSystem-AKBehandling.html#AKBehandling-orisantin">orisantin</a></td><td>Orisantin (Asasantin)</td><td>Orisantin (Asasantin)</td></tr><tr><td><a href="CodeSystem-AKBehandling.html#AKBehandling-acetylsalicylsyre">acetylsalicylsyre</a></td><td>Acetylsalicylsyre (fx Magnyl)</td><td>Acetylsalicylsyre (fx Magnyl)</td></tr><tr><td><a href="CodeSystem-AKBehandling.html#AKBehandling-vitamin_k">vitamin_k</a></td><td>Vitamin-K antagonist (Ma-ravan, Warfarin, Marcoumar)</td><td>Vitamin-K antagonist (Ma-ravan, Warfarin, Marcoumar)</td></tr><tr><td><a href="CodeSystem-AKBehandling.html#AKBehandling-noak">noak</a></td><td>NOAK (fx Xarelto, Pradaxa, Eliquis)</td><td>NOAK (fx Xarelto, Pradaxa, Eliquis)</td></tr></table></li><li>Include these codes as defined in <a href="CodeSystem-GenericValues.html"><code>https://kip.rkkp.dk/fhir/CodeSystem/GenericValues</code></a><table class="none"><tr><td style="white-space:nowrap"><b>Code</b></td><td><b>Display</b></td><td><b>Definition</b></td></tr><tr><td><a href="CodeSystem-GenericValues.html#GenericValues-other">other</a></td><td>Andet</td><td>Other - used to choose unspecific value not in a valueset</td></tr></table></li></ul></div>
  </text>
  <url value="https://kip.rkkp.dk/fhir/ValueSet/AKBehandlingDKR"/>
  <version value="0.2.1"/>
  <name value="AKBehandlingDKR"/>
  <title value="AK Behandling (DKR)"/>
  <status value="active"/>
  <experimental value="true"/>
  <date value="2022-10-13T00:00:00+02:00"/>
  <publisher value="Sundhedsvæsnets Kvalistetsinstitut with Trifork Digital Health A/S"/>
  <contact>
    <name value="Sundhedsvæsnets Kvalistetsinstitut with Trifork Digital Health A/S"/>
    <telecom>
      <system value="url"/>
      <value value="https://trifork.com"/>
    </telecom>
    <telecom>
      <system value="email"/>
      <value value="rbk@trifork.com"/>
    </telecom>
  </contact>
  <description value="AK Behandling (DKR)"/>
  <compose>
    <include>
      <system value="https://kip.rkkp.dk/fhir/CodeSystem/AKBehandling"/>
      <concept>
        <code value="clopidogrel"/>
        <display value="Clopidogrel (fx Plavix), Ticagrelor (Brilique)"/>
      </concept>
      <concept>
        <code value="persantin"/>
        <display value="Persantin"/>
      </concept>
      <concept>
        <code value="orisantin"/>
        <display value="Orisantin (Asasantin)"/>
      </concept>
      <concept>
        <code value="acetylsalicylsyre"/>
        <display value="Acetylsalicylsyre (fx Magnyl)"/>
      </concept>
      <concept>
        <code value="vitamin_k"/>
        <display value="Vitamin-K antagonist (Ma-ravan, Warfarin, Marcoumar)"/>
      </concept>
      <concept>
        <code value="noak"/>
        <display value="NOAK (fx Xarelto, Pradaxa, Eliquis)"/>
      </concept>
    </include>
    <include>
      <system value="https://kip.rkkp.dk/fhir/CodeSystem/GenericValues"/>
      <concept>
        <code value="other"/>
        <display value="Andet"/>
      </concept>
    </include>
  </compose>
</ValueSet>