<?xml version="1.0" encoding="UTF-8"?>

<ValueSet xmlns="http://hl7.org/fhir">
  <id value="AfdelingDandem"/>
  <text>
    <status value="extensions"/><div xmlns="http://www.w3.org/1999/xhtml"><p class="res-header-id"><b>Generated Narrative: ValueSet AfdelingDandem</b></p><a name="AfdelingDandem"> </a><a name="hcAfdelingDandem"> </a><a name="AfdelingDandem-en-US"> </a><p>This value set includes codes based on the following rules:</p><ul><li>Include these codes as defined in <a href="CodeSystem-SOR.html"><code>https://kip.rkkp.dk/fhir/CodeSystem/SOR</code></a><table class="none"><tr><td style="white-space:nowrap"><b>Code</b></td><td><b>Display</b></td><td><b>Definition</b></td></tr><tr><td><a href="CodeSystem-SOR.html#SOR-253121000016002">253121000016002</a></td><td>Rigshospitalet, Blegdamsvej (253121000016002)</td><td>Rigshospitalet - Hukommelsesklinikken, N7 (Shak: 1301227)</td></tr><tr><td><a href="CodeSystem-SOR.html#SOR-911061000016003">911061000016003</a></td><td>Aalborg UH, Demensenheden (911061000016003)</td><td>Aalborg Universitetshospital - Alb Demensenheden, RN (Shak: 800119D)</td></tr><tr><td><a href="CodeSystem-SOR.html#SOR-275991000016001">275991000016001</a></td><td>Aalborg UH, Neurologisk (275991000016001)</td><td>Aalborg Universitetshospital - Alb Neurologisk amb. (Shak: 8001199)</td></tr></table></li><li>Include these codes as defined in <a href="CodeSystem-GenericValues.html"><code>https://kip.rkkp.dk/fhir/CodeSystem/GenericValues</code></a><table class="none"><tr><td style="white-space:nowrap"><b>Code</b></td><td><b>Display</b></td><td><b>Definition</b></td></tr><tr><td><a href="CodeSystem-GenericValues.html#GenericValues-other">other</a></td><td>Anden afdeling</td><td>Other - used to choose unspecific value not in a valueset</td></tr></table></li></ul></div>
  </text>
  <url value="https://kip.rkkp.dk/fhir/ValueSet/AfdelingDandem"/>
  <version value="2.9.0"/>
  <name value="AfdelingDandem"/>
  <title value="Afdelinger til DANDEM"/>
  <status value="active"/>
  <experimental value="true"/>
  <date value="2023-03-08T00:00:00+02:00"/>
  <publisher value="Sundhedsvæsnets Kvalistetsinstitut with Trifork Digital Health A/S"/>
  <contact>
    <name value="Sundhedsvæsnets Kvalistetsinstitut with Trifork Digital Health A/S"/>
    <telecom>
      <system value="url"/>
      <value value="https://trifork.com"/>
    </telecom>
    <telecom>
      <system value="email"/>
      <value value="rbk@trifork.com"/>
    </telecom>
  </contact>
  <description value="Afdelinger til DANDEM"/>
  <compose>
    <include>
      <system value="https://kip.rkkp.dk/fhir/CodeSystem/SOR"/>
      <concept>
        <code value="253121000016002"/>
        <display value="Rigshospitalet, Blegdamsvej (253121000016002)"/>
      </concept>
      <concept>
        <code value="911061000016003"/>
        <display value="Aalborg UH, Demensenheden (911061000016003)"/>
      </concept>
      <concept>
        <code value="275991000016001"/>
        <display value="Aalborg UH, Neurologisk (275991000016001)"/>
      </concept>
    </include>
    <include>
      <system value="https://kip.rkkp.dk/fhir/CodeSystem/GenericValues"/>
      <concept>
        <code value="other"/>
        <display value="Anden afdeling"/>
      </concept>
    </include>
  </compose>
</ValueSet>