<?xml version="1.0" encoding="UTF-8"?>

<ValueSet xmlns="http://hl7.org/fhir">
  <id value="KontaktPatient"/>
  <text>
    <status value="extensions"/><div xmlns="http://www.w3.org/1999/xhtml"><p class="res-header-id"><b>Generated Narrative: ValueSet KontaktPatient</b></p><a name="KontaktPatient"> </a><a name="hcKontaktPatient"> </a><a name="KontaktPatient-en-US"> </a><ul><li>Include these codes as defined in <a href="CodeSystem-ContactPatient.html"><code>https://kip.sundk.dk/fhir/CodeSystem/ContactPatient</code></a><table class="none"><tr><td style="white-space:nowrap"><b>Code</b></td><td><b>Display</b></td><td><b>Definition</b></td></tr><tr><td><a href="CodeSystem-ContactPatient.html#ContactPatient-interview">interview</a></td><td>Gennemført interview/undersøgelse</td><td>Gennemført interview/undersøgelse</td></tr><tr><td><a href="CodeSystem-ContactPatient.html#ContactPatient-ikke-etableret">ikke-etableret</a></td><td>Forsøgt, men ikke opnået</td><td>Forsøgt, men ikke opnået</td></tr></table></li></ul></div>
  </text>
  <url value="https://kip.sundk.dk/fhir/ValueSet/KontaktPatient"/>
  <version value="0.0.9"/>
  <name value="KontaktPatient"/>
  <title value="Kontakt til patienten"/>
  <status value="active"/>
  <experimental value="true"/>
  <date value="2024-02-21T00:00:00+02:00"/>
  <publisher value="Sundhedsvæsnets Kvalistetsinstitut with Trifork Public A/S"/>
  <contact>
    <name value="Sundhedsvæsnets Kvalistetsinstitut with Trifork Public A/S"/>
    <telecom>
      <system value="url"/>
      <value value="https://trifork.com"/>
    </telecom>
    <telecom>
      <system value="email"/>
      <value value="rbk@trifork.com"/>
    </telecom>
  </contact>
  <description value="Kontakt til patienten"/>
  <compose>
    <include>
      <system value="https://kip.sundk.dk/fhir/CodeSystem/ContactPatient"/>
      <concept>
        <code value="interview"/>
        <display value="Gennemført interview/undersøgelse"/>
      </concept>
      <concept>
        <code value="ikke-etableret"/>
        <display value="Forsøgt, men ikke opnået"/>
      </concept>
    </include>
  </compose>
</ValueSet>