<?xml version="1.0" encoding="UTF-8"?>

<ValueSet xmlns="http://hl7.org/fhir">
  <id value="BrusklaesionBehandlingDKRR"/>
  <text>
    <status value="extensions"/><div xmlns="http://www.w3.org/1999/xhtml"><p class="res-header-id"><b>Generated Narrative: ValueSet BrusklaesionBehandlingDKRR</b></p><a name="BrusklaesionBehandlingDKRR"> </a><a name="hcBrusklaesionBehandlingDKRR"> </a><a name="BrusklaesionBehandlingDKRR-en-US"> </a><p>This value set includes codes based on the following rules:</p><ul><li>Include these codes as defined in <a href="CodeSystem-TreatmentLesion.html"><code>https://kip.rkkp.dk/fhir/CodeSystem/TreatmentLesion</code></a><table class="none"><tr><td style="white-space:nowrap"><b>Code</b></td><td><b>Display</b></td><td><b>Definition</b></td></tr><tr><td><a href="CodeSystem-TreatmentLesion.html#TreatmentLesion-debridement">debridement</a></td><td>Debridement</td><td>Debridement</td></tr><tr><td><a href="CodeSystem-TreatmentLesion.html#TreatmentLesion-microfracture">microfracture</a></td><td>Mikrofraktur</td><td>Microfracture / Mikrofraktur</td></tr><tr><td><a href="CodeSystem-TreatmentLesion.html#TreatmentLesion-mosaic_plastic">mosaic_plastic</a></td><td>Mosaikplastik</td><td>Mosaic plastic / Mosaikplastik</td></tr><tr><td><a href="CodeSystem-TreatmentLesion.html#TreatmentLesion-synthetic_scaffold">synthetic_scaffold</a></td><td>Syntetisk scaffold</td><td>Synthetic scaffold / Syntetisk scaffold</td></tr><tr><td><a href="CodeSystem-TreatmentLesion.html#TreatmentLesion-cell_transplantation">cell_transplantation</a></td><td>Celletransplantation</td><td>Cell transplantation / Celletransplantation</td></tr></table></li><li>Include these codes as defined in <a href="CodeSystem-GenericValues.html"><code>https://kip.rkkp.dk/fhir/CodeSystem/GenericValues</code></a><table class="none"><tr><td style="white-space:nowrap"><b>Code</b></td><td><b>Display</b></td><td><b>Definition</b></td></tr><tr><td><a href="CodeSystem-GenericValues.html#GenericValues-other">other</a></td><td>Andet</td><td>Other - used to choose unspecific value not in a valueset</td></tr></table></li></ul></div>
  </text>
  <url value="https://kip.rkkp.dk/fhir/ValueSet/BrusklaesionBehandlingDKRR"/>
  <version value="2.9.1"/>
  <name value="BrusklaesionBehandlingDKRR"/>
  <title value="Brusklæsion, behandling (DKRR)"/>
  <status value="active"/>
  <experimental value="true"/>
  <date value="2022-09-19T00:00:00+02:00"/>
  <publisher value="Sundhedsvæsnets Kvalistetsinstitut with Trifork Digital Health A/S"/>
  <contact>
    <name value="Sundhedsvæsnets Kvalistetsinstitut with Trifork Digital Health A/S"/>
    <telecom>
      <system value="url"/>
      <value value="https://trifork.com"/>
    </telecom>
    <telecom>
      <system value="email"/>
      <value value="rbk@trifork.com"/>
    </telecom>
  </contact>
  <description value="Brusklæsion, behandling (DKRR)"/>
  <compose>
    <include>
      <system value="https://kip.rkkp.dk/fhir/CodeSystem/TreatmentLesion"/>
      <concept>
        <code value="debridement"/>
        <display value="Debridement"/>
      </concept>
      <concept>
        <code value="microfracture"/>
        <display value="Mikrofraktur"/>
      </concept>
      <concept>
        <code value="mosaic_plastic"/>
        <display value="Mosaikplastik"/>
      </concept>
      <concept>
        <code value="synthetic_scaffold"/>
        <display value="Syntetisk scaffold"/>
      </concept>
      <concept>
        <code value="cell_transplantation"/>
        <display value="Celletransplantation"/>
      </concept>
    </include>
    <include>
      <system value="https://kip.rkkp.dk/fhir/CodeSystem/GenericValues"/>
      <concept>
        <code value="other"/>
        <display value="Andet"/>
      </concept>
    </include>
  </compose>
</ValueSet>