<?xml version="1.0" encoding="UTF-8"?>

<ValueSet xmlns="http://hl7.org/fhir">
  <id value="IkkeBesvaret"/>
  <text>
    <status value="extensions"/><div xmlns="http://www.w3.org/1999/xhtml"><p class="res-header-id"><b>Generated Narrative: ValueSet IkkeBesvaret</b></p><a name="IkkeBesvaret"> </a><a name="hcIkkeBesvaret"> </a><a name="IkkeBesvaret-en-US"> </a><ul><li>Include these codes as defined in <a href="CodeSystem-IkkeBesvaret.html"><code>https://kip.rkkp.dk/fhir/CodeSystem/IkkeBesvaret</code></a><table class="none"><tr><td style="white-space:nowrap"><b>Code</b></td><td><b>Display</b></td><td><b>Definition</b></td></tr><tr><td><a href="CodeSystem-IkkeBesvaret.html#IkkeBesvaret-ej_tilg">ej_tilg</a></td><td>Data kan ikke fremskaffes</td><td>Data ikke tilgængelig</td></tr><tr><td><a href="CodeSystem-IkkeBesvaret.html#IkkeBesvaret-na">na</a></td><td>Ikke relevant</td><td>Ikke relevant</td></tr><tr><td><a href="CodeSystem-IkkeBesvaret.html#IkkeBesvaret-ej_udt">ej_udt</a></td><td>Svarmuligheder er ikke udtømmende</td><td>Svarmuligheder er ikke udtømmende</td></tr></table></li></ul></div>
  </text>
  <url value="https://kip.rkkp.dk/fhir/ValueSet/IkkeBesvaret"/>
  <version value="2.9.1"/>
  <name value="IkkeBesvaret"/>
  <title value="Ikke besvaret (MDS)"/>
  <status value="active"/>
  <experimental value="true"/>
  <date value="2022-10-19T00:00:00+02:00"/>
  <publisher value="Sundhedsvæsnets Kvalistetsinstitut with Trifork Digital Health A/S"/>
  <contact>
    <name value="Sundhedsvæsnets Kvalistetsinstitut with Trifork Digital Health A/S"/>
    <telecom>
      <system value="url"/>
      <value value="https://trifork.com"/>
    </telecom>
    <telecom>
      <system value="email"/>
      <value value="rbk@trifork.com"/>
    </telecom>
  </contact>
  <description value="Årsager til ikke-besvaret spørgsmål (MDS)"/>
  <compose>
    <include>
      <system value="https://kip.rkkp.dk/fhir/CodeSystem/IkkeBesvaret"/>
      <concept>
        <code value="ej_tilg"/>
        <display value="Data kan ikke fremskaffes"/>
      </concept>
      <concept>
        <code value="na"/>
        <display value="Ikke relevant"/>
      </concept>
      <concept>
        <code value="ej_udt"/>
        <display value="Svarmuligheder er ikke udtømmende"/>
      </concept>
    </include>
  </compose>
</ValueSet>