<?xml version="1.0" encoding="UTF-8"?>

<ValueSet xmlns="http://hl7.org/fhir">
  <id value="OperationssideHoejreVenstreDobbeltsidig"/>
  <text>
    <status value="extensions"/><div xmlns="http://www.w3.org/1999/xhtml"><p class="res-header-id"><b>Generated Narrative: ValueSet OperationssideHoejreVenstreDobbeltsidig</b></p><a name="OperationssideHoejreVenstreDobbeltsidig"> </a><a name="hcOperationssideHoejreVenstreDobbeltsidig"> </a><a name="OperationssideHoejreVenstreDobbeltsidig-en-US"> </a><ul><li>Include these codes as defined in <a href="CodeSystem-SKS.html"><code>https://kip.rkkp.dk/fhir/CodeSystem/SKS</code></a><table class="none"><tr><td style="white-space:nowrap"><b>Code</b></td><td><b>Display</b></td><td><b>Definition</b></td></tr><tr><td><a href="CodeSystem-SKS.html#SKS-TUL1">TUL1</a></td><td>Højre</td><td>TUL1 - højresidig</td></tr><tr><td><a href="CodeSystem-SKS.html#SKS-TUL2">TUL2</a></td><td>Venstre</td><td>TUL2 - venstresidig</td></tr><tr><td><a href="CodeSystem-SKS.html#SKS-TUL3">TUL3</a></td><td>Dobbeltsidig/Bilateralt</td><td>TUL3 - dobbeltsidig</td></tr></table></li></ul></div>
  </text>
  <url value="https://kip.rkkp.dk/fhir/ValueSet/OperationssideHoejreVenstreDobbeltsidig"/>
  <version value="0.1.6"/>
  <name value="OperationssideHoejreVenstreDobbeltsidig"/>
  <title value="Operationsside (højre/venstre/dobbeltsidig)"/>
  <status value="active"/>
  <experimental value="true"/>
  <date value="2022-07-20T00:00:00+02:00"/>
  <publisher value="Sundhedsvæsnets Kvalistetsinstitut with Trifork Digital Health A/S"/>
  <contact>
    <name value="Sundhedsvæsnets Kvalistetsinstitut with Trifork Digital Health A/S"/>
    <telecom>
      <system value="url"/>
      <value value="https://trifork.com"/>
    </telecom>
    <telecom>
      <system value="email"/>
      <value value="rbk@trifork.com"/>
    </telecom>
  </contact>
  <description value="Operationsside (højre/venstre/dobbeltsidig)"/>
  <compose>
    <include>
      <system value="https://kip.rkkp.dk/fhir/CodeSystem/SKS"/>
      <concept>
        <code value="TUL1"/>
        <display value="Højre"/>
      </concept>
      <concept>
        <code value="TUL2"/>
        <display value="Venstre"/>
      </concept>
      <concept>
        <code value="TUL3"/>
        <display value="Dobbeltsidig/Bilateralt"/>
      </concept>
    </include>
  </compose>
</ValueSet>