<?xml version="1.0" encoding="UTF-8"?>

<ValueSet xmlns="http://hl7.org/fhir">
  <id value="MorsDiagnoseSocialtDNSL"/>
  <text>
    <status value="generated"/><div xmlns="http://www.w3.org/1999/xhtml"><p class="res-header-id"><b>Generated Narrative: ValueSet MorsDiagnoseSocialtDNSL</b></p><a name="MorsDiagnoseSocialtDNSL"> </a><a name="hcMorsDiagnoseSocialtDNSL"> </a><a name="MorsDiagnoseSocialtDNSL-en-US"> </a><ul><li>Include these codes as defined in <a href="CodeSystem-MorsDiagnosekoder.html"><code>https://kip.rkkp.dk/fhir/CodeSystem/MorsDiagnosekoder</code></a><table class="none"><tr><td style="white-space:nowrap"><b>Code</b></td><td><b>Display</b></td></tr><tr><td><a href="CodeSystem-MorsDiagnosekoder.html#MorsDiagnosekoder-DN199">DN199</a></td><td>DN199: Uræmi uden specifikation</td></tr><tr><td><a href="CodeSystem-MorsDiagnosekoder.html#MorsDiagnosekoder-DZ915">DZ915</a></td><td>DZ915: Selvpåført skade</td></tr></table></li></ul></div>
  </text>
  <url value="https://kip.rkkp.dk/fhir/ValueSet/MorsDiagnoseSocialtDNSL"/>
  <version value="0.1.6"/>
  <name value="MorsDiagnoseSocialtDNSL"/>
  <title value="Mors Diagnosekode - Socialt (DNSL)"/>
  <status value="active"/>
  <experimental value="true"/>
  <date value="2024-01-10T00:00:00+02:00"/>
  <publisher value="Sundhedsvæsnets Kvalistetsinstitut with Trifork Digital Health A/S"/>
  <contact>
    <name value="Sundhedsvæsnets Kvalistetsinstitut with Trifork Digital Health A/S"/>
    <telecom>
      <system value="url"/>
      <value value="https://trifork.com"/>
    </telecom>
    <telecom>
      <system value="email"/>
      <value value="rbk@trifork.com"/>
    </telecom>
  </contact>
  <description value="Mors Diagnosekode - Socialt (DNSL)"/>
  <compose>
    <include>
      <system value="https://kip.rkkp.dk/fhir/CodeSystem/MorsDiagnosekoder"/>
      <concept>
        <code value="DN199"/>
        <display value="DN199: Uræmi uden specifikation"/>
      </concept>
      <concept>
        <code value="DZ915"/>
        <display value="DZ915: Selvpåført skade"/>
      </concept>
    </include>
  </compose>
</ValueSet>