<?xml version="1.0" encoding="UTF-8"?>

<ValueSet xmlns="http://hl7.org/fhir">
  <id value="CytogeneticExamination"/>
  <text>
    <status value="extensions"/><div xmlns="http://www.w3.org/1999/xhtml"><p class="res-header-id"><b>Generated Narrative: ValueSet CytogeneticExamination</b></p><a name="CytogeneticExamination"> </a><a name="hcCytogeneticExamination"> </a><a name="CytogeneticExamination-en-US"> </a><p>This value set includes codes based on the following rules:</p><ul><li>Include these codes as defined in <a href="CodeSystem-CytogeneticExamination.html"><code>https://kip.rkkp.dk/fhir/CodeSystem/CytogeneticExamination</code></a><table class="none"><tr><td style="white-space:nowrap"><b>Code</b></td><td><b>Display</b></td><td><b>Definition</b></td></tr><tr><td><a href="CodeSystem-CytogeneticExamination.html#CytogeneticExamination-jak2_v617f">jak2_v617f</a></td><td>JAK2 V617F</td><td>JAK2 V617F</td></tr><tr><td><a href="CodeSystem-CytogeneticExamination.html#CytogeneticExamination-jak2_exon12">jak2_exon12</a></td><td>JAK2 Exon12</td><td>JAK2 Exon12</td></tr><tr><td><a href="CodeSystem-CytogeneticExamination.html#CytogeneticExamination-mpl">mpl</a></td><td>MPL</td><td>MPL</td></tr><tr><td><a href="CodeSystem-CytogeneticExamination.html#CytogeneticExamination-cal-r">cal-r</a></td><td>CAL-R</td><td>CAL-R</td></tr><tr><td><a href="CodeSystem-CytogeneticExamination.html#CytogeneticExamination-asxl1">asxl1</a></td><td>ASXL1</td><td>ASXL1</td></tr></table></li><li>Include these codes as defined in <a href="CodeSystem-GenericValues.html"><code>https://kip.rkkp.dk/fhir/CodeSystem/GenericValues</code></a><table class="none"><tr><td style="white-space:nowrap"><b>Code</b></td><td><b>Display</b></td><td><b>Definition</b></td></tr><tr><td><a href="CodeSystem-GenericValues.html#GenericValues-other">other</a></td><td>Andre</td><td>Other - used to choose unspecific value not in a valueset</td></tr></table></li></ul></div>
  </text>
  <url value="https://kip.rkkp.dk/fhir/ValueSet/CytogeneticExamination"/>
  <version value="2.9.0"/>
  <name value="CytogeneticExamination"/>
  <title value="Cytogenetic Examination"/>
  <status value="active"/>
  <experimental value="true"/>
  <date value="2022-07-14T00:00:00+02:00"/>
  <publisher value="Sundhedsvæsnets Kvalistetsinstitut with Trifork Digital Health A/S"/>
  <contact>
    <name value="Sundhedsvæsnets Kvalistetsinstitut with Trifork Digital Health A/S"/>
    <telecom>
      <system value="url"/>
      <value value="https://trifork.com"/>
    </telecom>
    <telecom>
      <system value="email"/>
      <value value="rbk@trifork.com"/>
    </telecom>
  </contact>
  <description value="Hvilke cytogenetiske forandringer er undersøgt - DMPN"/>
  <compose>
    <include>
      <system value="https://kip.rkkp.dk/fhir/CodeSystem/CytogeneticExamination"/>
      <concept>
        <code value="jak2_v617f"/>
        <display value="JAK2 V617F"/>
      </concept>
      <concept>
        <code value="jak2_exon12"/>
        <display value="JAK2 Exon12"/>
      </concept>
      <concept>
        <code value="mpl"/>
        <display value="MPL"/>
      </concept>
      <concept>
        <code value="cal-r"/>
        <display value="CAL-R"/>
      </concept>
      <concept>
        <code value="asxl1"/>
        <display value="ASXL1"/>
      </concept>
    </include>
    <include>
      <system value="https://kip.rkkp.dk/fhir/CodeSystem/GenericValues"/>
      <concept>
        <code value="other"/>
        <display value="Andre"/>
      </concept>
    </include>
  </compose>
</ValueSet>