<?xml version="1.0" encoding="UTF-8"?>

<ValueSet xmlns="http://hl7.org/fhir">
  <id value="GynUndersoegDUGA"/>
  <text>
    <status value="extensions"/><div xmlns="http://www.w3.org/1999/xhtml"><p class="res-header-id"><b>Generated Narrative: ValueSet GynUndersoegDUGA</b></p><a name="GynUndersoegDUGA"> </a><a name="hcGynUndersoegDUGA"> </a><a name="GynUndersoegDUGA-en-US"> </a><ul><li>Include these codes as defined in <a href="CodeSystem-GynUndersoegDUGA.html"><code>https://kip.rkkp.dk/fhir/CodeSystem/GynUndersoegDUGA</code></a><table class="none"><tr><td style="white-space:nowrap"><b>Code</b></td><td><b>Display</b></td><td><b>Definition</b></td></tr><tr><td><a href="CodeSystem-GynUndersoegDUGA.html#GynUndersoegDUGA-popq">popq</a></td><td>POPQ</td><td>POPQ</td></tr><tr><td><a href="CodeSystem-GynUndersoegDUGA.html#GynUndersoegDUGA-hymscore">hymscore</a></td><td>Undersøg score (i forhold til hymenal plan)</td><td>Score i forhold til hymenal plan</td></tr></table></li></ul></div>
  </text>
  <url value="https://kip.rkkp.dk/fhir/ValueSet/GynUndersoegDUGA"/>
  <version value="0.2.1"/>
  <name value="GynUndersoegDUGA"/>
  <title value="Gynækologisk undersøgelsesmetode (DUGA)"/>
  <status value="active"/>
  <experimental value="true"/>
  <date value="2024-02-13T00:00:00+02:00"/>
  <publisher value="Sundhedsvæsnets Kvalistetsinstitut with Trifork Digital Health A/S"/>
  <contact>
    <name value="Sundhedsvæsnets Kvalistetsinstitut with Trifork Digital Health A/S"/>
    <telecom>
      <system value="url"/>
      <value value="https://trifork.com"/>
    </telecom>
    <telecom>
      <system value="email"/>
      <value value="rbk@trifork.com"/>
    </telecom>
  </contact>
  <description value="Gynækologisk undersøgelsesmetode (DUGA)"/>
  <compose>
    <include>
      <system value="https://kip.rkkp.dk/fhir/CodeSystem/GynUndersoegDUGA"/>
      <concept>
        <code value="popq"/>
        <display value="POPQ"/>
      </concept>
      <concept>
        <code value="hymscore"/>
        <display value="Undersøg score (i forhold til hymenal plan)"/>
      </concept>
    </include>
  </compose>
</ValueSet>