<?xml version="1.0" encoding="UTF-8"?>

<ValueSet xmlns="http://hl7.org/fhir">
  <id value="GradAkutDHDB"/>
  <text>
    <status value="extensions"/><div xmlns="http://www.w3.org/1999/xhtml"><p class="res-header-id"><b>Generated Narrative: ValueSet GradAkutDHDB</b></p><a name="GradAkutDHDB"> </a><a name="hcGradAkutDHDB"> </a><a name="GradAkutDHDB-en-US"> </a><ul><li>Include these codes as defined in <a href="CodeSystem-Priority.html"><code>https://kip.rkkp.dk/fhir/CodeSystem/Priority</code></a><table class="none"><tr><td style="white-space:nowrap"><b>Code</b></td><td><b>Display</b></td><td><b>Definition</b></td></tr><tr><td><a href="CodeSystem-Priority.html#Priority-24hrs">24hrs</a></td><td>Indenfor 24 timer</td><td>Indenfor 24 timer</td></tr><tr><td><a href="CodeSystem-Priority.html#Priority-72hrs">72hrs</a></td><td>Indenfor 72 timer</td><td>Indenfor 72 timer</td></tr><tr><td><a href="CodeSystem-Priority.html#Priority-14days">14days</a></td><td>Indenfor 14 dage</td><td>Indenfor 14 dage</td></tr></table></li></ul></div>
  </text>
  <url value="https://kip.rkkp.dk/fhir/ValueSet/GradAkutDHDB"/>
  <version value="2.9.0"/>
  <name value="GradAkutDHDB"/>
  <title value="Grad af akut (DHDB)"/>
  <status value="active"/>
  <experimental value="true"/>
  <date value="2024-09-10T00:00:00+02:00"/>
  <publisher value="Sundhedsvæsnets Kvalistetsinstitut with Trifork Digital Health A/S"/>
  <contact>
    <name value="Sundhedsvæsnets Kvalistetsinstitut with Trifork Digital Health A/S"/>
    <telecom>
      <system value="url"/>
      <value value="https://trifork.com"/>
    </telecom>
    <telecom>
      <system value="email"/>
      <value value="rbk@trifork.com"/>
    </telecom>
  </contact>
  <description value="Grad af akut (DHDB)"/>
  <compose>
    <include>
      <system value="https://kip.rkkp.dk/fhir/CodeSystem/Priority"/>
      <concept>
        <code value="24hrs"/>
        <display value="Indenfor 24 timer"/>
      </concept>
      <concept>
        <code value="72hrs"/>
        <display value="Indenfor 72 timer"/>
      </concept>
      <concept>
        <code value="14days"/>
        <display value="Indenfor 14 dage"/>
      </concept>
    </include>
  </compose>
</ValueSet>