<?xml version="1.0" encoding="UTF-8"?>

<ValueSet xmlns="http://hl7.org/fhir">
  <id value="SubscapularisDSR"/>
  <text>
    <status value="extensions"/><div xmlns="http://www.w3.org/1999/xhtml"><p class="res-header-id"><b>Generated Narrative: ValueSet SubscapularisDSR</b></p><a name="SubscapularisDSR"> </a><a name="hcSubscapularisDSR"> </a><a name="SubscapularisDSR-en-US"> </a><p>This value set includes codes based on the following rules:</p><ul><li>Include these codes as defined in <a href="CodeSystem-ProcedureType.html"><code>https://kip.rkkp.dk/fhir/CodeSystem/ProcedureType</code></a><table class="none"><tr><td style="white-space:nowrap"><b>Code</b></td><td><b>Display</b></td><td><b>Definition</b></td></tr><tr><td><a href="CodeSystem-ProcedureType.html#ProcedureType-tenotomy">tenotomy</a></td><td>Tenotomi</td><td>Tenotomy / Tenotomi / SNOMED-CT: 78545003</td></tr><tr><td><a href="CodeSystem-ProcedureType.html#ProcedureType-osteotomy">osteotomy</a></td><td>Osteotomi</td><td>Osteotomy / Osteotomi</td></tr></table></li><li>Include these codes as defined in <a href="CodeSystem-GenericValues.html"><code>https://kip.rkkp.dk/fhir/CodeSystem/GenericValues</code></a><table class="none"><tr><td style="white-space:nowrap"><b>Code</b></td><td><b>Display</b></td><td><b>Definition</b></td></tr><tr><td><a href="CodeSystem-GenericValues.html#GenericValues-intact">intact</a></td><td>Bevares intakt (fx ved fraktur)</td><td>Intact / Intakt / SNOMED-CT: 11163003</td></tr><tr><td><a href="CodeSystem-GenericValues.html#GenericValues-not_reconstructable">not_reconstructable</a></td><td>Ikke rekonstruerbar/ruptur</td><td>Not reconstructable / Ikke rekonstruerbar</td></tr><tr><td><a href="CodeSystem-GenericValues.html#GenericValues-other">other</a></td><td>Andet</td><td>Other - used to choose unspecific value not in a valueset</td></tr></table></li></ul></div>
  </text>
  <url value="https://kip.rkkp.dk/fhir/ValueSet/SubscapularisDSR"/>
  <version value="2.9.1"/>
  <name value="SubscapularisDSR"/>
  <title value="Subscapularis (DSR)"/>
  <status value="active"/>
  <experimental value="true"/>
  <date value="2022-10-06T00:00:00+02:00"/>
  <publisher value="Sundhedsvæsnets Kvalistetsinstitut with Trifork Digital Health A/S"/>
  <contact>
    <name value="Sundhedsvæsnets Kvalistetsinstitut with Trifork Digital Health A/S"/>
    <telecom>
      <system value="url"/>
      <value value="https://trifork.com"/>
    </telecom>
    <telecom>
      <system value="email"/>
      <value value="rbk@trifork.com"/>
    </telecom>
  </contact>
  <description value="Subscapularis (DSR)"/>
  <compose>
    <include>
      <system value="https://kip.rkkp.dk/fhir/CodeSystem/ProcedureType"/>
      <concept>
        <code value="tenotomy"/>
        <display value="Tenotomi"/>
      </concept>
      <concept>
        <code value="osteotomy"/>
        <display value="Osteotomi"/>
      </concept>
    </include>
    <include>
      <system value="https://kip.rkkp.dk/fhir/CodeSystem/GenericValues"/>
      <concept>
        <code value="intact"/>
        <display value="Bevares intakt (fx ved fraktur)"/>
      </concept>
      <concept>
        <code value="not_reconstructable"/>
        <display value="Ikke rekonstruerbar/ruptur"/>
      </concept>
      <concept>
        <code value="other"/>
        <display value="Andet"/>
      </concept>
    </include>
  </compose>
</ValueSet>