<?xml version="1.0" encoding="UTF-8"?>

<ValueSet xmlns="http://hl7.org/fhir">
  <id value="HeartAttackSTEMIPosition"/>
  <text>
    <status value="extensions"/><div xmlns="http://www.w3.org/1999/xhtml"><p class="res-header-id"><b>Generated Narrative: ValueSet HeartAttackSTEMIPosition</b></p><a name="HeartAttackSTEMIPosition"> </a><a name="hcHeartAttackSTEMIPosition"> </a><a name="HeartAttackSTEMIPosition-en-US"> </a><ul><li>Include these codes as defined in <a href="CodeSystem-Complications.html"><code>https://kip.rkkp.dk/fhir/CodeSystem/Complications</code></a><table class="none"><tr><td style="white-space:nowrap"><b>Code</b></td><td><b>Display</b></td><td><b>Definition</b></td></tr><tr><td><a href="CodeSystem-Complications.html#Complications-anterior_segment_elevation_myocardial_infarction">anterior_segment_elevation_myocardial_infarction</a></td><td>Anteriort (ST-elevationer i prækordiale afledninger/aVL/I</td><td>--</td></tr><tr><td><a href="CodeSystem-Complications.html#Complications-non_anterior_segment_elevation_myocardial_infarction">non_anterior_segment_elevation_myocardial_infarction</a></td><td>Non anteriort (ST-elevationer i inferiore afledninger/reciprokke anteriore ST-depressioner)</td><td>--</td></tr></table></li></ul></div>
  </text>
  <url value="https://kip.rkkp.dk/fhir/ValueSet/HeartAttackSTEMIPosition"/>
  <version value="2.9.0"/>
  <name value="HeartAttackSTEMIPosition"/>
  <title value="Position af STEMI hjertestop"/>
  <status value="active"/>
  <experimental value="true"/>
  <date value="2022-06-07T00:00:00+02:00"/>
  <publisher value="Sundhedsvæsnets Kvalistetsinstitut with Trifork Digital Health A/S"/>
  <contact>
    <name value="Sundhedsvæsnets Kvalistetsinstitut with Trifork Digital Health A/S"/>
    <telecom>
      <system value="url"/>
      <value value="https://trifork.com"/>
    </telecom>
    <telecom>
      <system value="email"/>
      <value value="rbk@trifork.com"/>
    </telecom>
  </contact>
  <description value="En mere detailiert positions beskrivelse af hjertestop"/>
  <compose>
    <include>
      <system value="https://kip.rkkp.dk/fhir/CodeSystem/Complications"/>
      <concept>
        <code value="anterior_segment_elevation_myocardial_infarction"/>
        <display value="Anteriort (ST-elevationer i prækordiale afledninger/aVL/I"/>
      </concept>
      <concept>
        <code value="non_anterior_segment_elevation_myocardial_infarction"/>
        <display value="Non anteriort (ST-elevationer i inferiore afledninger/reciprokke anteriore ST-depressioner)"/>
      </concept>
    </include>
  </compose>
</ValueSet>