<?xml version="1.0" encoding="UTF-8"?>

<ValueSet xmlns="http://hl7.org/fhir">
  <id value="BinetStagingSystem"/>
  <text>
    <status value="extensions"/><div xmlns="http://www.w3.org/1999/xhtml"><p class="res-header-id"><b>Generated Narrative: ValueSet BinetStagingSystem</b></p><a name="BinetStagingSystem"> </a><a name="hcBinetStagingSystem"> </a><a name="BinetStagingSystem-en-US"> </a><ul><li>Include these codes as defined in <a href="CodeSystem-BinetStagingSystem.html"><code>https://kip.rkkp.dk/fhir/CodeSystem/BinetStagingSystem</code></a><table class="none"><tr><td style="white-space:nowrap"><b>Code</b></td><td><b>Display</b></td><td><b>Definition</b></td></tr><tr><td><a href="CodeSystem-BinetStagingSystem.html#BinetStagingSystem-stage_a">stage_a</a></td><td>Binet A: &lt;3 regioner med forstørrede lymfeknuder, med fravær af anæmi og trombocytopeni.</td><td>Stage A: &lt;3 areas of lymphadenopathy*, and normal hemoglobin and platelet count</td></tr><tr><td><a href="CodeSystem-BinetStagingSystem.html#BinetStagingSystem-stage_b">stage_b</a></td><td>Binet B: ≥3 regioner med forstørrede lymfeknuder og/eller anæmi (&lt; 6.2 mmol/l), ingen trombocytopeni.</td><td>≥3 areas of lymphadenopathy*, and normal hemoglobin and platelet count</td></tr><tr><td><a href="CodeSystem-BinetStagingSystem.html#BinetStagingSystem-stage_c">stage_c</a></td><td>Binet C: Tilstedeværelse af anæmi (&lt; 6.2 mmol/l) og trombocytopeni (&lt; 100 mia/l).</td><td>Anemia (Hgb &lt;10 g/dL) and/or thrombocytopenia (platelets &lt;100,000/mm³), regardless of number of areas of lymphadenopathy</td></tr></table></li></ul></div>
  </text>
  <url value="https://kip.rkkp.dk/fhir/ValueSet/BinetStagingSystem"/>
  <version value="0.1.8"/>
  <name value="BinetStagingSystem"/>
  <title value="BinetStagingSystem"/>
  <status value="active"/>
  <experimental value="true"/>
  <date value="2022-07-12T00:00:00+02:00"/>
  <publisher value="Sundhedsvæsnets Kvalistetsinstitut with Trifork Digital Health A/S"/>
  <contact>
    <name value="Sundhedsvæsnets Kvalistetsinstitut with Trifork Digital Health A/S"/>
    <telecom>
      <system value="url"/>
      <value value="https://trifork.com"/>
    </telecom>
    <telecom>
      <system value="email"/>
      <value value="rbk@trifork.com"/>
    </telecom>
  </contact>
  <description value="Binet staging system for Chroniz Lymphocytic Leukemia"/>
  <compose>
    <include>
      <system value="https://kip.rkkp.dk/fhir/CodeSystem/BinetStagingSystem"/>
      <concept>
        <code value="stage_a"/>
        <display value="Binet A: &lt;3 regioner med forstørrede lymfeknuder, med fravær af anæmi og trombocytopeni."/>
      </concept>
      <concept>
        <code value="stage_b"/>
        <display value="Binet B: ≥3 regioner med forstørrede lymfeknuder og/eller anæmi (&lt; 6.2 mmol/l), ingen trombocytopeni."/>
      </concept>
      <concept>
        <code value="stage_c"/>
        <display value="Binet C: Tilstedeværelse af anæmi (&lt; 6.2 mmol/l) og trombocytopeni (&lt; 100 mia/l)."/>
      </concept>
    </include>
  </compose>
</ValueSet>