<?xml version="1.0" encoding="UTF-8"?>

<ValueSet xmlns="http://hl7.org/fhir">
  <id value="TreatmentScheduledALD"/>
  <text>
    <status value="extensions"/><div xmlns="http://www.w3.org/1999/xhtml"><p class="res-header-id"><b>Generated Narrative: ValueSet TreatmentScheduledALD</b></p><a name="TreatmentScheduledALD"> </a><a name="hcTreatmentScheduledALD"> </a><a name="TreatmentScheduledALD-en-US"> </a><ul><li>Include these codes as defined in <a href="CodeSystem-TreatmentSchedule.html"><code>https://kip.rkkp.dk/fhir/CodeSystem/TreatmentSchedule</code></a><table class="none"><tr><td style="white-space:nowrap"><b>Code</b></td><td><b>Display</b></td><td><b>Definition</b></td></tr><tr><td><a href="CodeSystem-TreatmentSchedule.html#TreatmentSchedule-implemented">implemented</a></td><td>Ja</td><td>Implemented or planned implementation of treatment / Iværksat eller planlagt iværksættelse af behandling</td></tr><tr><td><a href="CodeSystem-TreatmentSchedule.html#TreatmentSchedule-wait_and_watch">wait_and_watch</a></td><td>Wait-and-watch strategi.</td><td>Wait and watch (WAW) strategy / Wait and watch strategi</td></tr><tr><td><a href="CodeSystem-TreatmentSchedule.html#TreatmentSchedule-no_planned_treatment">no_planned_treatment</a></td><td>Nej</td><td>No planned treatment / Ingen planlagt behandling er iværksat</td></tr></table></li></ul></div>
  </text>
  <url value="https://kip.rkkp.dk/fhir/ValueSet/TreatmentScheduledALD"/>
  <version value="0.2.1"/>
  <name value="TreatmentScheduledALD"/>
  <title value="Planlagt eller iværksat behandling"/>
  <status value="active"/>
  <experimental value="true"/>
  <date value="2022-12-07T00:00:00+02:00"/>
  <publisher value="Sundhedsvæsnets Kvalistetsinstitut with Trifork Digital Health A/S"/>
  <contact>
    <name value="Sundhedsvæsnets Kvalistetsinstitut with Trifork Digital Health A/S"/>
    <telecom>
      <system value="url"/>
      <value value="https://trifork.com"/>
    </telecom>
    <telecom>
      <system value="email"/>
      <value value="rbk@trifork.com"/>
    </telecom>
  </contact>
  <description value="Planlagt eller iværksat behandling"/>
  <compose>
    <include>
      <system value="https://kip.rkkp.dk/fhir/CodeSystem/TreatmentSchedule"/>
      <concept>
        <code value="implemented"/>
        <display value="Ja"/>
      </concept>
      <concept>
        <code value="wait_and_watch"/>
        <display value="Wait-and-watch strategi."/>
      </concept>
      <concept>
        <code value="no_planned_treatment"/>
        <display value="Nej"/>
      </concept>
    </include>
  </compose>
</ValueSet>