<?xml version="1.0" encoding="UTF-8"?>

<ValueSet xmlns="http://hl7.org/fhir">
  <id value="AnatomiskLokation2"/>
  <text>
    <status value="extensions"/><div xmlns="http://www.w3.org/1999/xhtml"><p class="res-header-id"><b>Generated Narrative: ValueSet AnatomiskLokation2</b></p><a name="AnatomiskLokation2"> </a><a name="hcAnatomiskLokation2"> </a><a name="AnatomiskLokation2-en-US"> </a><p>This value set includes codes based on the following rules:</p><ul><li>Include these codes as defined in <a href="CodeSystem-GenericValues.html"><code>https://kip.sundk.dk/fhir/CodeSystem/GenericValues</code></a><table class="none"><tr><td style="white-space:nowrap"><b>Code</b></td><td><b>Display</b></td><td><b>Definition</b></td></tr><tr><td><a href="CodeSystem-GenericValues.html#GenericValues-other">other</a></td><td>Anden</td><td>Other - used to choose unspecific value not in a valueset</td></tr></table></li><li>Include these codes as defined in <a href="CodeSystem-AnatomicalLocations.html"><code>https://kip.sundk.dk/fhir/CodeSystem/AnatomicalLocations</code></a><table class="none"><tr><td style="white-space:nowrap"><b>Code</b></td><td><b>Display</b></td><td><b>Definition</b></td></tr><tr><td><a href="CodeSystem-AnatomicalLocations.html#AnatomicalLocations-adneks">adneks</a></td><td>Adneks</td><td>Adneks</td></tr><tr><td><a href="CodeSystem-AnatomicalLocations.html#AnatomicalLocations-gastrocolic_ligament">gastrocolic_ligament</a></td><td>Gastrokoliske ligament</td><td>Gastrokoliske ligament</td></tr><tr><td><a href="CodeSystem-AnatomicalLocations.html#AnatomicalLocations-lymfeknude_lateral">lymfeknude_lateral</a></td><td>Lateralt lymfeknudecompartment på bækken væg</td><td>Lateralt lymfeknudecompartment på bækken væg</td></tr></table></li><li>Include these codes as defined in <a href="CodeSystem-SKS.html"><code>https://kip.sundk.dk/fhir/CodeSystem/SKS</code></a><table class="none"><tr><td style="white-space:nowrap"><b>Code</b></td><td><b>Display</b></td><td><b>Definition</b></td></tr><tr><td><a href="CodeSystem-SKS.html#SKS-T001220">T001220</a></td><td>Bugvæg</td><td>T001220 - bugvæg</td></tr><tr><td><a href="CodeSystem-SKS.html#SKS-T000703">T000703</a></td><td>Duodenum</td><td>T000703 - duodenum</td></tr><tr><td><a href="CodeSystem-SKS.html#SKS-T000627">T000627</a></td><td>Galdeblære</td><td>T000627 - galdeblære</td></tr><tr><td><a href="CodeSystem-SKS.html#SKS-T000607">T000607</a></td><td>Lever</td><td>T000607 - lever</td></tr><tr><td><a href="CodeSystem-SKS.html#SKS-T000132">T000132</a></td><td>Milt</td><td>T000132 - milt</td></tr><tr><td><a href="CodeSystem-SKS.html#SKS-T000773">T000773</a></td><td>Nyre</td><td>T000773 - nyre</td></tr><tr><td><a href="CodeSystem-SKS.html#SKS-T000240">T000240</a></td><td>Os sacrum</td><td>T000240 - os sacrum</td></tr><tr><td><a href="CodeSystem-SKS.html#SKS-T000241">T000241</a></td><td>Os coccygis</td><td>T000241 - os coccygis</td></tr><tr><td><a href="CodeSystem-SKS.html#SKS-T000638">T000638</a></td><td>Pancreas</td><td>T000638 - pancreas</td></tr><tr><td><a href="CodeSystem-SKS.html#SKS-T001222">T001222</a></td><td>Peritoneum parietale</td><td>T001222 - peritoneum</td></tr><tr><td><a href="CodeSystem-SKS.html#SKS-T000695">T000695</a></td><td>Tyndtarm</td><td>T000695 - tyndtarm</td></tr><tr><td><a href="CodeSystem-SKS.html#SKS-T000803">T000803</a></td><td>Urteter</td><td>T000803 - ureter</td></tr><tr><td><a href="CodeSystem-SKS.html#SKS-T000812">T000812</a></td><td>Urinblære</td><td>T000812 - vesica urinaria</td></tr><tr><td><a href="CodeSystem-SKS.html#SKS-T000898">T000898</a></td><td>Uterus</td><td>T000898 - uterus</td></tr><tr><td><a href="CodeSystem-SKS.html#SKS-T000892">T000892</a></td><td>Vagina</td><td>T000892 - vagina</td></tr><tr><td><a href="CodeSystem-SKS.html#SKS-T000670">T000670</a></td><td>Ventrikel</td><td>T000670 - ventrikel</td></tr></table></li></ul></div>
  </text>
  <url value="https://kip.sundk.dk/fhir/ValueSet/AnatomiskLokation2"/>
  <version value="0.0.9"/>
  <name value="AnatomiskLokation2"/>
  <title value="Anatomisk lokation 2"/>
  <status value="active"/>
  <experimental value="true"/>
  <date value="2022-10-12T00:00:00+02:00"/>
  <publisher value="Sundhedsvæsnets Kvalistetsinstitut with Trifork Public A/S"/>
  <contact>
    <name value="Sundhedsvæsnets Kvalistetsinstitut with Trifork Public A/S"/>
    <telecom>
      <system value="url"/>
      <value value="https://trifork.com"/>
    </telecom>
    <telecom>
      <system value="email"/>
      <value value="rbk@trifork.com"/>
    </telecom>
  </contact>
  <description value="Anatomisk lokation 2"/>
  <compose>
    <include>
      <system value="https://kip.sundk.dk/fhir/CodeSystem/GenericValues"/>
      <concept>
        <code value="other"/>
        <display value="Anden"/>
      </concept>
    </include>
    <include>
      <system value="https://kip.sundk.dk/fhir/CodeSystem/AnatomicalLocations"/>
      <concept>
        <code value="adneks"/>
        <display value="Adneks"/>
      </concept>
      <concept>
        <code value="gastrocolic_ligament"/>
        <display value="Gastrokoliske ligament"/>
      </concept>
      <concept>
        <code value="lymfeknude_lateral"/>
        <display value="Lateralt lymfeknudecompartment på bækken væg"/>
      </concept>
    </include>
    <include>
      <system value="https://kip.sundk.dk/fhir/CodeSystem/SKS"/>
      <concept>
        <code value="T001220"/>
        <display value="Bugvæg"/>
      </concept>
      <concept>
        <code value="T000703"/>
        <display value="Duodenum"/>
      </concept>
      <concept>
        <code value="T000627"/>
        <display value="Galdeblære"/>
      </concept>
      <concept>
        <code value="T000607"/>
        <display value="Lever"/>
      </concept>
      <concept>
        <code value="T000132"/>
        <display value="Milt"/>
      </concept>
      <concept>
        <code value="T000773"/>
        <display value="Nyre"/>
      </concept>
      <concept>
        <code value="T000240"/>
        <display value="Os sacrum"/>
      </concept>
      <concept>
        <code value="T000241"/>
        <display value="Os coccygis"/>
      </concept>
      <concept>
        <code value="T000638"/>
        <display value="Pancreas"/>
      </concept>
      <concept>
        <code value="T001222"/>
        <display value="Peritoneum parietale"/>
      </concept>
      <concept>
        <code value="T000695"/>
        <display value="Tyndtarm"/>
      </concept>
      <concept>
        <code value="T000803"/>
        <display value="Urteter"/>
      </concept>
      <concept>
        <code value="T000812"/>
        <display value="Urinblære"/>
      </concept>
      <concept>
        <code value="T000898"/>
        <display value="Uterus"/>
      </concept>
      <concept>
        <code value="T000892"/>
        <display value="Vagina"/>
      </concept>
      <concept>
        <code value="T000670"/>
        <display value="Ventrikel"/>
      </concept>
    </include>
  </compose>
</ValueSet>