<?xml version="1.0" encoding="UTF-8"?>

<ValueSet xmlns="http://hl7.org/fhir">
  <id value="AnastomoseLaekageGradingering"/>
  <text>
    <status value="extensions"/><div xmlns="http://www.w3.org/1999/xhtml"><p class="res-header-id"><b>Generated Narrative: ValueSet AnastomoseLaekageGradingering</b></p><a name="AnastomoseLaekageGradingering"> </a><a name="hcAnastomoseLaekageGradingering"> </a><a name="AnastomoseLaekageGradingering-en-US"> </a><ul><li>Include these codes as defined in <a href="CodeSystem-AnastomosisLeakGrading.html"><code>https://kip.rkkp.dk/fhir/CodeSystem/AnastomosisLeakGrading</code></a><table class="none"><tr><td style="white-space:nowrap"><b>Code</b></td><td><b>Display</b></td><td><b>Definition</b></td></tr><tr><td><a href="CodeSystem-AnastomosisLeakGrading.html#AnastomosisLeakGrading-grade_a">grade_a</a></td><td>Grade A - subklinisk/radiologisk</td><td>Grad A - Kræver ikke nogen form for aktiv terapeutisk behandling</td></tr><tr><td><a href="CodeSystem-AnastomosisLeakGrading.html#AnastomosisLeakGrading-grade_b">grade_b</a></td><td>Grade B - klinisk lokal peritonit</td><td>Grad B - Kræver aktiv terapeutisk behandling men ikke re-labaroskopi eller re-laparotomi</td></tr><tr><td><a href="CodeSystem-AnastomosisLeakGrading.html#AnastomosisLeakGrading-grade_c">grade_c</a></td><td>Grade C - klinisk generaliseret peritonit</td><td>Grad C - Kræver aktiv terapeutisk behandling med re-labaroskopi eller re-laparotomi</td></tr></table></li></ul></div>
  </text>
  <url value="https://kip.rkkp.dk/fhir/ValueSet/AnastomoseLaekageGradingering"/>
  <version value="0.1.6"/>
  <name value="AnastomoseLaekageGradingering"/>
  <title value="AnastomoseLaekage gradingering"/>
  <status value="retired"/>
  <experimental value="true"/>
  <date value="2022-10-19T00:00:00+02:00"/>
  <publisher value="Sundhedsvæsnets Kvalistetsinstitut with Trifork Digital Health A/S"/>
  <contact>
    <name value="Sundhedsvæsnets Kvalistetsinstitut with Trifork Digital Health A/S"/>
    <telecom>
      <system value="url"/>
      <value value="https://trifork.com"/>
    </telecom>
    <telecom>
      <system value="email"/>
      <value value="rbk@trifork.com"/>
    </telecom>
  </contact>
  <description value="AnastomoseLaekage gradingering"/>
  <compose>
    <include>
      <system value="https://kip.rkkp.dk/fhir/CodeSystem/AnastomosisLeakGrading"/>
      <concept>
        <code value="grade_a"/>
        <display value="Grade A - subklinisk/radiologisk"/>
      </concept>
      <concept>
        <code value="grade_b"/>
        <display value="Grade B - klinisk lokal peritonit"/>
      </concept>
      <concept>
        <code value="grade_c"/>
        <display value="Grade C - klinisk generaliseret peritonit"/>
      </concept>
    </include>
  </compose>
</ValueSet>