<?xml version="1.0" encoding="UTF-8"?>

<ValueSet xmlns="http://hl7.org/fhir">
  <id value="EDTATransplantationDNSL"/>
  <text>
    <status value="extensions"/><div xmlns="http://www.w3.org/1999/xhtml"><p class="res-header-id"><b>Generated Narrative: ValueSet EDTATransplantationDNSL</b></p><a name="EDTATransplantationDNSL"> </a><a name="hcEDTATransplantationDNSL"> </a><a name="EDTATransplantationDNSL-en-US"> </a><ul><li>Include these codes as defined in <a href="CodeSystem-EDTACodes.html"><code>https://kip.sundk.dk/fhir/CodeSystem/EDTACodes</code></a><table class="none"><tr><td style="white-space:nowrap"><b>Code</b></td><td><b>Display</b></td><td><b>Definition</b></td></tr><tr><td><a href="CodeSystem-EDTACodes.html#EDTACodes-EDTA70">EDTA70</a></td><td>EDTA 70, Grafttab, irreversibelt (årsag ukendt)</td><td>EDTA70, Grafttab, irreversibelt (årsag ukendt)</td></tr><tr><td><a href="CodeSystem-EDTACodes.html#EDTACodes-EDTA71">EDTA71</a></td><td>EDTA 71, Grafttab, hyperakut rejektion</td><td>EDTA71, Grafttab, hyperakut rejektion</td></tr><tr><td><a href="CodeSystem-EDTACodes.html#EDTACodes-EDTA72">EDTA72</a></td><td>EDTA 72, Grafttab, rejektion (med immunosuppressiv beh.)</td><td>EDTA72, Grafttab, rejektion (med immunosuppressiv beh.)</td></tr><tr><td><a href="CodeSystem-EDTACodes.html#EDTACodes-EDTA73">EDTA73</a></td><td>EDTA 73, Grafttab, rejektion (uden immunosuppressiv beh.)</td><td>EDTA73, Grafttab, rejektion (uden immunosuppressiv beh.)</td></tr><tr><td><a href="CodeSystem-EDTACodes.html#EDTACodes-EDTA74">EDTA74</a></td><td>EDTA 74, Grafttab, reccurent primær leverlidelse</td><td>EDTA74, Grafttab, reccurent primær leverlidelse</td></tr><tr><td><a href="CodeSystem-EDTACodes.html#EDTACodes-EDTA75">EDTA75</a></td><td>EDTA 75, Grafttab, vasculær/ureter operativt problem</td><td>EDTA75, Grafttab, vasculær/ureter operativt problem</td></tr><tr><td><a href="CodeSystem-EDTACodes.html#EDTACodes-EDTA76">EDTA76</a></td><td>EDTA 76, Grafttab, vasculær thrombose uden op problem</td><td>EDTA76, Grafttab, vasculær thrombose uden op problem</td></tr><tr><td><a href="CodeSystem-EDTACodes.html#EDTACodes-EDTA77">EDTA77</a></td><td>EDTA 77, Grafttab, infektion</td><td>EDTA77, Grafttab, infektion</td></tr><tr><td><a href="CodeSystem-EDTACodes.html#EDTACodes-EDTA78">EDTA78</a></td><td>EDTA 78, Grafttab, fjernelse af fungerende graft</td><td>EDTA78, Grafttab, fjernelse af fungerende graft</td></tr><tr><td><a href="CodeSystem-EDTACodes.html#EDTACodes-EDTA79">EDTA79</a></td><td>EDTA 79, Grafttab, ikke-fungerende graft</td><td>EDTA79, Grafttab, ikke-fungerende graft</td></tr></table></li></ul></div>
  </text>
  <url value="https://kip.sundk.dk/fhir/ValueSet/EDTATransplantationDNSL"/>
  <version value="0.0.9"/>
  <name value="EDTATransplantationDNSL"/>
  <title value="EDTA koder Transplantation (DNSL)"/>
  <status value="active"/>
  <experimental value="true"/>
  <date value="2024-01-10T00:00:00+02:00"/>
  <publisher value="Sundhedsvæsnets Kvalistetsinstitut with Trifork Public A/S"/>
  <contact>
    <name value="Sundhedsvæsnets Kvalistetsinstitut with Trifork Public A/S"/>
    <telecom>
      <system value="url"/>
      <value value="https://trifork.com"/>
    </telecom>
    <telecom>
      <system value="email"/>
      <value value="rbk@trifork.com"/>
    </telecom>
  </contact>
  <description value="EDTA koder Transplantation (DNSL)"/>
  <compose>
    <include>
      <system value="https://kip.sundk.dk/fhir/CodeSystem/EDTACodes"/>
      <concept>
        <code value="EDTA70"/>
        <display value="EDTA 70, Grafttab, irreversibelt (årsag ukendt)"/>
      </concept>
      <concept>
        <code value="EDTA71"/>
        <display value="EDTA 71, Grafttab, hyperakut rejektion"/>
      </concept>
      <concept>
        <code value="EDTA72"/>
        <display value="EDTA 72, Grafttab, rejektion (med immunosuppressiv beh.)"/>
      </concept>
      <concept>
        <code value="EDTA73"/>
        <display value="EDTA 73, Grafttab, rejektion (uden immunosuppressiv beh.)"/>
      </concept>
      <concept>
        <code value="EDTA74"/>
        <display value="EDTA 74, Grafttab, reccurent primær leverlidelse"/>
      </concept>
      <concept>
        <code value="EDTA75"/>
        <display value="EDTA 75, Grafttab, vasculær/ureter operativt problem"/>
      </concept>
      <concept>
        <code value="EDTA76"/>
        <display value="EDTA 76, Grafttab, vasculær thrombose uden op problem"/>
      </concept>
      <concept>
        <code value="EDTA77"/>
        <display value="EDTA 77, Grafttab, infektion"/>
      </concept>
      <concept>
        <code value="EDTA78"/>
        <display value="EDTA 78, Grafttab, fjernelse af fungerende graft"/>
      </concept>
      <concept>
        <code value="EDTA79"/>
        <display value="EDTA 79, Grafttab, ikke-fungerende graft"/>
      </concept>
    </include>
  </compose>
</ValueSet>