<?xml version="1.0" encoding="UTF-8"?>

<ValueSet xmlns="http://hl7.org/fhir">
  <id value="Faggruppe"/>
  <text>
    <status value="extensions"/><div xmlns="http://www.w3.org/1999/xhtml"><p class="res-header-id"><b>Generated Narrative: ValueSet Faggruppe</b></p><a name="Faggruppe"> </a><a name="hcFaggruppe"> </a><a name="Faggruppe-en-US"> </a><ul><li>Include these codes as defined in <a href="CodeSystem-Faggruppe.html"><code>https://kip.rkkp.dk/fhir/CodeSystem/Faggruppe</code></a><table class="none"><tr><td style="white-space:nowrap"><b>Code</b></td><td><b>Display</b></td><td><b>Definition</b></td></tr><tr><td><a href="CodeSystem-Faggruppe.html#Faggruppe-sund_pers">sund_pers</a></td><td>Sundhedspersonale</td><td>Sundhedspersonale</td></tr><tr><td><a href="CodeSystem-Faggruppe.html#Faggruppe-andre">andre</a></td><td>Andre</td><td>Andre</td></tr></table></li></ul></div>
  </text>
  <url value="https://kip.rkkp.dk/fhir/ValueSet/Faggruppe"/>
  <version value="0.2.1"/>
  <name value="Faggruppe"/>
  <title value="Faggruppe"/>
  <status value="active"/>
  <experimental value="true"/>
  <date value="2022-06-29T00:00:00+02:00"/>
  <publisher value="Sundhedsvæsnets Kvalistetsinstitut with Trifork Digital Health A/S"/>
  <contact>
    <name value="Sundhedsvæsnets Kvalistetsinstitut with Trifork Digital Health A/S"/>
    <telecom>
      <system value="url"/>
      <value value="https://trifork.com"/>
    </telecom>
    <telecom>
      <system value="email"/>
      <value value="rbk@trifork.com"/>
    </telecom>
  </contact>
  <description value="Hvilken faggruppe er involveret i en given hændelse"/>
  <compose>
    <include>
      <system value="https://kip.rkkp.dk/fhir/CodeSystem/Faggruppe"/>
      <concept>
        <code value="sund_pers"/>
        <display value="Sundhedspersonale"/>
      </concept>
      <concept>
        <code value="andre"/>
        <display value="Andre"/>
      </concept>
    </include>
  </compose>
</ValueSet>