<?xml version="1.0" encoding="UTF-8"?>

<ValueSet xmlns="http://hl7.org/fhir">
  <id value="RevisionUdskiftningDHR"/>
  <text>
    <status value="extensions"/><div xmlns="http://www.w3.org/1999/xhtml"><p class="res-header-id"><b>Generated Narrative: ValueSet RevisionUdskiftningDHR</b></p><a name="RevisionUdskiftningDHR"> </a><a name="hcRevisionUdskiftningDHR"> </a><a name="RevisionUdskiftningDHR-en-US"> </a><p>This value set includes codes based on the following rules:</p><ul><li>Include these codes as defined in <a href="CodeSystem-ImplantComponents.html"><code>https://kip.sundk.dk/fhir/CodeSystem/ImplantComponents</code></a><table class="none"><tr><td style="white-space:nowrap"><b>Code</b></td><td><b>Display</b></td><td><b>Definition</b></td></tr><tr><td><a href="CodeSystem-ImplantComponents.html#ImplantComponents-acetabulum_component">acetabulum_component</a></td><td>Acetabulumkomponent</td><td>Acetabulumkomponent</td></tr><tr><td><a href="CodeSystem-ImplantComponents.html#ImplantComponents-acetabulum_liner">acetabulum_liner</a></td><td>Acetabulumliner</td><td>Acetabulumliner</td></tr><tr><td><a href="CodeSystem-ImplantComponents.html#ImplantComponents-caput">caput</a></td><td>Caput</td><td>Caput</td></tr><tr><td><a href="CodeSystem-ImplantComponents.html#ImplantComponents-detachable_neck">detachable_neck</a></td><td>Udskiftning af aftagelig hals (neck segment)</td><td>Detachable neck / Aftagelig hals</td></tr><tr><td><a href="CodeSystem-ImplantComponents.html#ImplantComponents-femur_component">femur_component</a></td><td>Femurkomponent</td><td>Femurkomponent</td></tr><tr><td><a href="CodeSystem-ImplantComponents.html#ImplantComponents-soft_tissue">soft_tissue</a></td><td>Bløddelsrevisioner uden udskiftning af protesekomponenter</td><td>Bløddelsrevisioner uden udskiftning af protesekomponenter</td></tr></table></li><li>Include these codes as defined in <a href="CodeSystem-GenericValues.html"><code>https://kip.sundk.dk/fhir/CodeSystem/GenericValues</code></a><table class="none"><tr><td style="white-space:nowrap"><b>Code</b></td><td><b>Display</b></td><td><b>Definition</b></td></tr><tr><td><a href="CodeSystem-GenericValues.html#GenericValues-other">other</a></td><td>Andet</td><td>Other - used to choose unspecific value not in a valueset</td></tr></table></li></ul></div>
  </text>
  <url value="https://kip.sundk.dk/fhir/ValueSet/RevisionUdskiftningDHR"/>
  <version value="0.0.9"/>
  <name value="RevisionUdskiftningDHR"/>
  <title value="Revision, udskiftning (DHR)"/>
  <status value="active"/>
  <experimental value="true"/>
  <date value="2022-11-08T00:00:00+02:00"/>
  <publisher value="Sundhedsvæsnets Kvalistetsinstitut with Trifork Public A/S"/>
  <contact>
    <name value="Sundhedsvæsnets Kvalistetsinstitut with Trifork Public A/S"/>
    <telecom>
      <system value="url"/>
      <value value="https://trifork.com"/>
    </telecom>
    <telecom>
      <system value="email"/>
      <value value="rbk@trifork.com"/>
    </telecom>
  </contact>
  <description value="Revision, udskiftning (DHR)"/>
  <compose>
    <include>
      <system value="https://kip.sundk.dk/fhir/CodeSystem/ImplantComponents"/>
      <concept>
        <code value="acetabulum_component"/>
        <display value="Acetabulumkomponent"/>
      </concept>
      <concept>
        <code value="acetabulum_liner"/>
        <display value="Acetabulumliner"/>
      </concept>
      <concept>
        <code value="caput"/>
        <display value="Caput"/>
      </concept>
      <concept>
        <code value="detachable_neck"/>
        <display value="Udskiftning af aftagelig hals (neck segment)"/>
      </concept>
      <concept>
        <code value="femur_component"/>
        <display value="Femurkomponent"/>
      </concept>
      <concept>
        <code value="soft_tissue"/>
        <display value="Bløddelsrevisioner uden udskiftning af protesekomponenter"/>
      </concept>
    </include>
    <include>
      <system value="https://kip.sundk.dk/fhir/CodeSystem/GenericValues"/>
      <concept>
        <code value="other"/>
        <display value="Andet"/>
      </concept>
    </include>
  </compose>
</ValueSet>