<?xml version="1.0" encoding="UTF-8"?>

<ValueSet xmlns="http://hl7.org/fhir">
  <id value="ActilyseIkkeGivet"/>
  <text>
    <status value="extensions"/><div xmlns="http://www.w3.org/1999/xhtml"><p class="res-header-id"><b>Generated Narrative: ValueSet ActilyseIkkeGivet</b></p><a name="ActilyseIkkeGivet"> </a><a name="hcActilyseIkkeGivet"> </a><a name="ActilyseIkkeGivet-en-US"> </a><ul><li>Include these codes as defined in <a href="CodeSystem-ActilyseNotGiven.html"><code>https://kip.rkkp.dk/fhir/CodeSystem/ActilyseNotGiven</code></a><table class="none"><tr><td style="white-space:nowrap"><b>Code</b></td><td><b>Display</b></td><td><b>Definition</b></td></tr><tr><td><a href="CodeSystem-ActilyseNotGiven.html#ActilyseNotGiven-clinicaldeterioration">clinicaldeterioration</a></td><td>Klinisk forringelse</td><td>Klinisk forringelse</td></tr><tr><td><a href="CodeSystem-ActilyseNotGiven.html#ActilyseNotGiven-allergicreaction">allergicreaction</a></td><td>Allergisk reaktion</td><td>Allergisk reaktion</td></tr><tr><td><a href="CodeSystem-ActilyseNotGiven.html#ActilyseNotGiven-plannedtreatment">plannedtreatment</a></td><td>Planlagt interventionel behandling</td><td>Planlagt interventionel behandling</td></tr><tr><td><a href="CodeSystem-ActilyseNotGiven.html#ActilyseNotGiven-other">other</a></td><td>Andet</td><td>Andet</td></tr></table></li></ul></div>
  </text>
  <url value="https://kip.rkkp.dk/fhir/ValueSet/ActilyseIkkeGivet"/>
  <version value="0.2.1"/>
  <name value="ActilyseIkkeGivet"/>
  <title value="Totaldosis i.v. actilyse er ikke givet; årsag"/>
  <status value="active"/>
  <experimental value="true"/>
  <date value="2022-06-28T00:00:00+02:00"/>
  <publisher value="Sundhedsvæsnets Kvalistetsinstitut with Trifork Digital Health A/S"/>
  <contact>
    <name value="Sundhedsvæsnets Kvalistetsinstitut with Trifork Digital Health A/S"/>
    <telecom>
      <system value="url"/>
      <value value="https://trifork.com"/>
    </telecom>
    <telecom>
      <system value="email"/>
      <value value="rbk@trifork.com"/>
    </telecom>
  </contact>
  <description value="Årsagen til hvorfor Totaldosis i.v. actilyse ikke er givet"/>
  <compose>
    <include>
      <system value="https://kip.rkkp.dk/fhir/CodeSystem/ActilyseNotGiven"/>
      <concept>
        <code value="clinicaldeterioration"/>
        <display value="Klinisk forringelse"/>
      </concept>
      <concept>
        <code value="allergicreaction"/>
        <display value="Allergisk reaktion"/>
      </concept>
      <concept>
        <code value="plannedtreatment"/>
        <display value="Planlagt interventionel behandling"/>
      </concept>
      <concept>
        <code value="other"/>
        <display value="Andet"/>
      </concept>
    </include>
  </compose>
</ValueSet>