<?xml version="1.0" encoding="UTF-8"?>

<ValueSet xmlns="http://hl7.org/fhir">
  <id value="SOROverflytningRETSPSYKSD"/>
  <text>
    <status value="extensions"/><div xmlns="http://www.w3.org/1999/xhtml"><p class="res-header-id"><b>Generated Narrative: ValueSet SOROverflytningRETSPSYKSD</b></p><a name="SOROverflytningRETSPSYKSD"> </a><a name="hcSOROverflytningRETSPSYKSD"> </a><a name="SOROverflytningRETSPSYKSD-en-US"> </a><ul><li>Include these codes as defined in <a href="CodeSystem-SOR.html"><code>https://kip.rkkp.dk/fhir/CodeSystem/SOR</code></a><table class="none"><tr><td style="white-space:nowrap"><b>Code</b></td><td><b>Display</b></td><td><b>Definition</b></td></tr><tr><td><a href="CodeSystem-SOR.html#SOR-243921000016002">243921000016002</a></td><td>PSY Retspsykiatrisk afdeling (Middelfart)</td><td>Psykiatrien Region Syddanmark - PSY Retspsykiatrisk afdeling (Middelfart)</td></tr><tr><td><a href="CodeSystem-SOR.html#SOR-243951000016005">243951000016005</a></td><td>PSY Retspsykiatrisk Ambulatorium (Middelfart)</td><td>Psykiatrien Region Syddanmark - PSY Retspsykiatrisk Ambulatorium (Middelfart)</td></tr></table></li></ul></div>
  </text>
  <url value="https://kip.rkkp.dk/fhir/ValueSet/SOROverflytningRETSPSYKSD"/>
  <version value="0.2.1"/>
  <name value="SOROverflytningRETSPSYKSD"/>
  <title value="SOR: Overflytning Syddanmark (RETSPSYK)"/>
  <status value="active"/>
  <experimental value="true"/>
  <date value="2024-03-13T00:00:00+02:00"/>
  <publisher value="Sundhedsvæsnets Kvalistetsinstitut with Trifork Digital Health A/S"/>
  <contact>
    <name value="Sundhedsvæsnets Kvalistetsinstitut with Trifork Digital Health A/S"/>
    <telecom>
      <system value="url"/>
      <value value="https://trifork.com"/>
    </telecom>
    <telecom>
      <system value="email"/>
      <value value="rbk@trifork.com"/>
    </telecom>
  </contact>
  <description value="SOR: Overflytning Syddanmark (RETSPSYK)"/>
  <compose>
    <include>
      <system value="https://kip.rkkp.dk/fhir/CodeSystem/SOR"/>
      <concept>
        <code value="243921000016002"/>
        <display value="PSY Retspsykiatrisk afdeling (Middelfart)"/>
      </concept>
      <concept>
        <code value="243951000016005"/>
        <display value="PSY Retspsykiatrisk Ambulatorium (Middelfart)"/>
      </concept>
    </include>
  </compose>
</ValueSet>