<?xml version="1.0" encoding="UTF-8"?>

<ValueSet xmlns="http://hl7.org/fhir">
  <id value="DomAfslutningRETSPSYK"/>
  <text>
    <status value="extensions"/><div xmlns="http://www.w3.org/1999/xhtml"><p class="res-header-id"><b>Generated Narrative: ValueSet DomAfslutningRETSPSYK</b></p><a name="DomAfslutningRETSPSYK"> </a><a name="hcDomAfslutningRETSPSYK"> </a><a name="DomAfslutningRETSPSYK-en-US"> </a><p>This value set includes codes based on the following rules:</p><ul><li>Include these codes as defined in <a href="CodeSystem-Verdict.html"><code>https://kip.rkkp.dk/fhir/CodeSystem/Verdict</code></a><table class="none"><tr><td style="white-space:nowrap"><b>Code</b></td><td><b>Display</b></td><td><b>Definition</b></td></tr><tr><td><a href="CodeSystem-Verdict.html#Verdict-cancellation">cancellation</a></td><td>Dom ophæves</td><td>Cancellation / Ophævelse</td></tr></table></li><li>Include these codes as defined in <a href="CodeSystem-GenericValues.html"><code>https://kip.rkkp.dk/fhir/CodeSystem/GenericValues</code></a><table class="none"><tr><td style="white-space:nowrap"><b>Code</b></td><td><b>Display</b></td><td><b>Definition</b></td></tr><tr><td><a href="CodeSystem-GenericValues.html#GenericValues-death">death</a></td><td>Død</td><td>Death / Død</td></tr></table></li></ul></div>
  </text>
  <url value="https://kip.rkkp.dk/fhir/ValueSet/DomAfslutningRETSPSYK"/>
  <version value="2.9.0"/>
  <name value="DomAfslutningRETSPSYK"/>
  <title value="Dom - Afslutning (RETSPSYK)"/>
  <status value="active"/>
  <experimental value="true"/>
  <date value="2022-10-03T00:00:00+02:00"/>
  <publisher value="Sundhedsvæsnets Kvalistetsinstitut with Trifork Digital Health A/S"/>
  <contact>
    <name value="Sundhedsvæsnets Kvalistetsinstitut with Trifork Digital Health A/S"/>
    <telecom>
      <system value="url"/>
      <value value="https://trifork.com"/>
    </telecom>
    <telecom>
      <system value="email"/>
      <value value="rbk@trifork.com"/>
    </telecom>
  </contact>
  <description value="Dom - Afslutning (RETSPSYK)"/>
  <compose>
    <include>
      <system value="https://kip.rkkp.dk/fhir/CodeSystem/Verdict"/>
      <concept>
        <code value="cancellation"/>
        <display value="Dom ophæves"/>
      </concept>
    </include>
    <include>
      <system value="https://kip.rkkp.dk/fhir/CodeSystem/GenericValues"/>
      <concept>
        <code value="death"/>
        <display value="Død"/>
      </concept>
    </include>
  </compose>
</ValueSet>