<?xml version="1.0" encoding="UTF-8"?>

<ValueSet xmlns="http://hl7.org/fhir">
  <id value="SKScTNMcM"/>
  <text>
    <status value="extensions"/><div xmlns="http://www.w3.org/1999/xhtml"><p class="res-header-id"><b>Generated Narrative: ValueSet SKScTNMcM</b></p><a name="SKScTNMcM"> </a><a name="hcSKScTNMcM"> </a><a name="SKScTNMcM-en-US"> </a><ul><li>Include these codes as defined in <a href="CodeSystem-SKS.html"><code>https://kip.sundk.dk/fhir/CodeSystem/SKS</code></a><table class="none"><tr><td style="white-space:nowrap"><b>Code</b></td><td><b>Display</b></td><td><b>Definition</b></td></tr><tr><td><a href="CodeSystem-SKS.html#SKS-AZCD40">AZCD40</a></td><td>cM0: Ingen fjernmetastaser</td><td>AZCD40 - cM0: Ingen fjernmetastaser</td></tr><tr><td><a href="CodeSystem-SKS.html#SKS-AZCD41">AZCD41</a></td><td>cM1: Fjernmetastase</td><td>AZCD41 - cM1: Fjernmetastase</td></tr></table></li></ul></div>
  </text>
  <url value="https://kip.sundk.dk/fhir/ValueSet/SKScTNMcM"/>
  <version value="0.0.9"/>
  <name value="SKScTNMcM"/>
  <title value="SKS: cTNM klassifikation, cM"/>
  <status value="active"/>
  <experimental value="true"/>
  <date value="2022-06-08T00:00:00+02:00"/>
  <publisher value="Sundhedsvæsnets Kvalistetsinstitut with Trifork Public A/S"/>
  <contact>
    <name value="Sundhedsvæsnets Kvalistetsinstitut with Trifork Public A/S"/>
    <telecom>
      <system value="url"/>
      <value value="https://trifork.com"/>
    </telecom>
    <telecom>
      <system value="email"/>
      <value value="rbk@trifork.com"/>
    </telecom>
  </contact>
  <description value="SKS koderne relevante cM tillægskoder"/>
  <compose>
    <include>
      <system value="https://kip.sundk.dk/fhir/CodeSystem/SKS"/>
      <concept>
        <code value="AZCD40"/>
        <display value="cM0: Ingen fjernmetastaser"/>
      </concept>
      <concept>
        <code value="AZCD41"/>
        <display value="cM1: Fjernmetastase"/>
      </concept>
    </include>
  </compose>
</ValueSet>