<?xml version="1.0" encoding="UTF-8"?>

<ValueSet xmlns="http://hl7.org/fhir">
  <id value="CytogeneticRiskGrimwade2010DAMYDA"/>
  <text>
    <status value="extensions"/><div xmlns="http://www.w3.org/1999/xhtml"><p class="res-header-id"><b>Generated Narrative: ValueSet CytogeneticRiskGrimwade2010DAMYDA</b></p><a name="CytogeneticRiskGrimwade2010DAMYDA"> </a><a name="hcCytogeneticRiskGrimwade2010DAMYDA"> </a><a name="CytogeneticRiskGrimwade2010DAMYDA-en-US"> </a><p>This value set includes codes based on the following rules:</p><ul><li>Include these codes as defined in <a href="CodeSystem-GenericValues.html"><code>https://kip.rkkp.dk/fhir/CodeSystem/GenericValues</code></a><table class="none"><tr><td style="white-space:nowrap"><b>Code</b></td><td><b>Display</b></td><td><b>Definition</b></td></tr><tr><td><a href="CodeSystem-GenericValues.html#GenericValues-high">high</a></td><td>Høj (Grimwade 2010)</td><td>High (risk, etc.)</td></tr><tr><td><a href="CodeSystem-GenericValues.html#GenericValues-normal">normal</a></td><td>Intermediær (Grimwade 2010)</td><td>Normal</td></tr><tr><td><a href="CodeSystem-GenericValues.html#GenericValues-low">low</a></td><td>Lav (Grimwade 2010)</td><td>Low (risk, etc.)</td></tr></table></li><li>Include these codes as defined in <a href="http://terminology.hl7.org/3.1.0/CodeSystem-v2-0532.html"><code>http://terminology.hl7.org/CodeSystem/v2-0532</code></a><table class="none"><tr><td style="white-space:nowrap"><b>Code</b></td><td><b>Display</b></td><td><b>Definition</b></td></tr><tr><td><a href="http://terminology.hl7.org/3.1.0/CodeSystem-v2-0532.html#v2-0532-UNK">UNK</a></td><td>Uvist</td><td>unknown</td></tr></table></li></ul></div>
  </text>
  <url value="https://kip.rkkp.dk/fhir/ValueSet/CytogeneticRiskGrimwade2010DAMYDA"/>
  <version value="2.9.0"/>
  <name value="CytogeneticRiskGrimwade2010DAMYDA"/>
  <title value="Cytogenetisk risiki Grimwade 2010 [DAMYDA]"/>
  <status value="active"/>
  <experimental value="true"/>
  <date value="2022-07-13T00:00:00+02:00"/>
  <publisher value="Sundhedsvæsnets Kvalistetsinstitut with Trifork Digital Health A/S"/>
  <contact>
    <name value="Sundhedsvæsnets Kvalistetsinstitut with Trifork Digital Health A/S"/>
    <telecom>
      <system value="url"/>
      <value value="https://trifork.com"/>
    </telecom>
    <telecom>
      <system value="email"/>
      <value value="rbk@trifork.com"/>
    </telecom>
  </contact>
  <description value="Cytogenetiske risiko vurdering i henhold til Grimwade 2010 kriterier [DAMYDA]"/>
  <compose>
    <include>
      <system value="https://kip.rkkp.dk/fhir/CodeSystem/GenericValues"/>
      <concept>
        <code value="high"/>
        <display value="Høj (Grimwade 2010)"/>
      </concept>
      <concept>
        <code value="normal"/>
        <display value="Intermediær (Grimwade 2010)"/>
      </concept>
      <concept>
        <code value="low"/>
        <display value="Lav (Grimwade 2010)"/>
      </concept>
    </include>
    <include>
      <system value="http://terminology.hl7.org/CodeSystem/v2-0532"/>
      <concept>
        <code value="UNK"/>
        <display value="Uvist"/>
      </concept>
    </include>
  </compose>
</ValueSet>