<?xml version="1.0" encoding="UTF-8"?>

<ValueSet xmlns="http://hl7.org/fhir">
  <id value="MorsDiagnoseKardialDNSL"/>
  <text>
    <status value="generated"/><div xmlns="http://www.w3.org/1999/xhtml"><p class="res-header-id"><b>Generated Narrative: ValueSet MorsDiagnoseKardialDNSL</b></p><a name="MorsDiagnoseKardialDNSL"> </a><a name="hcMorsDiagnoseKardialDNSL"> </a><a name="MorsDiagnoseKardialDNSL-en-US"> </a><ul><li>Include these codes as defined in <a href="CodeSystem-MorsDiagnosekoder.html"><code>https://kip.rkkp.dk/fhir/CodeSystem/MorsDiagnosekoder</code></a><table class="none"><tr><td style="white-space:nowrap"><b>Code</b></td><td><b>Display</b></td></tr><tr><td><a href="CodeSystem-MorsDiagnosekoder.html#MorsDiagnosekoder-DE875">DE875</a></td><td>DE875: Kaliumoverskud</td></tr><tr><td><a href="CodeSystem-MorsDiagnosekoder.html#MorsDiagnosekoder-DE876A">DE876A</a></td><td>DE876A: Hypokaliæmi</td></tr><tr><td><a href="CodeSystem-MorsDiagnosekoder.html#MorsDiagnosekoder-DE877">DE877</a></td><td>DE877: Væskeoverskud</td></tr><tr><td><a href="CodeSystem-MorsDiagnosekoder.html#MorsDiagnosekoder-DI110">DI110</a></td><td>DI110: Incompensatio corids hypertensiva</td></tr><tr><td><a href="CodeSystem-MorsDiagnosekoder.html#MorsDiagnosekoder-DI219">DI219</a></td><td>DI219: Akut myokardieinfarkt (AMI uden specifikation</td></tr><tr><td><a href="CodeSystem-MorsDiagnosekoder.html#MorsDiagnosekoder-DI461">DI461</a></td><td>DI461: Pludselig hjertedød</td></tr><tr><td><a href="CodeSystem-MorsDiagnosekoder.html#MorsDiagnosekoder-DI509">DI509</a></td><td>DI509: Hjerteinkompensation uden specifikation</td></tr><tr><td><a href="CodeSystem-MorsDiagnosekoder.html#MorsDiagnosekoder-DN188B">DN188B</a></td><td>DN188B: Pericarditis, uræmisk</td></tr></table></li></ul></div>
  </text>
  <url value="https://kip.rkkp.dk/fhir/ValueSet/MorsDiagnoseKardialDNSL"/>
  <version value="0.1.6"/>
  <name value="MorsDiagnoseKardialDNSL"/>
  <title value="Mors Diagnosekode - Kardial (DNSL)"/>
  <status value="active"/>
  <experimental value="true"/>
  <date value="2024-01-10T00:00:00+02:00"/>
  <publisher value="Sundhedsvæsnets Kvalistetsinstitut with Trifork Digital Health A/S"/>
  <contact>
    <name value="Sundhedsvæsnets Kvalistetsinstitut with Trifork Digital Health A/S"/>
    <telecom>
      <system value="url"/>
      <value value="https://trifork.com"/>
    </telecom>
    <telecom>
      <system value="email"/>
      <value value="rbk@trifork.com"/>
    </telecom>
  </contact>
  <description value="Mors Diagnosekode - Kardiale årsager (DNSL)"/>
  <compose>
    <include>
      <system value="https://kip.rkkp.dk/fhir/CodeSystem/MorsDiagnosekoder"/>
      <concept>
        <code value="DE875"/>
        <display value="DE875: Kaliumoverskud"/>
      </concept>
      <concept>
        <code value="DE876A"/>
        <display value="DE876A: Hypokaliæmi"/>
      </concept>
      <concept>
        <code value="DE877"/>
        <display value="DE877: Væskeoverskud"/>
      </concept>
      <concept>
        <code value="DI110"/>
        <display value="DI110: Incompensatio corids hypertensiva"/>
      </concept>
      <concept>
        <code value="DI219"/>
        <display value="DI219: Akut myokardieinfarkt (AMI uden specifikation"/>
      </concept>
      <concept>
        <code value="DI461"/>
        <display value="DI461: Pludselig hjertedød"/>
      </concept>
      <concept>
        <code value="DI509"/>
        <display value="DI509: Hjerteinkompensation uden specifikation"/>
      </concept>
      <concept>
        <code value="DN188B"/>
        <display value="DN188B: Pericarditis, uræmisk"/>
      </concept>
    </include>
  </compose>
</ValueSet>