<?xml version="1.0" encoding="UTF-8"?>

<ValueSet xmlns="http://hl7.org/fhir">
  <id value="GrundlidelseDSR"/>
  <text>
    <status value="extensions"/><div xmlns="http://www.w3.org/1999/xhtml"><p class="res-header-id"><b>Generated Narrative: ValueSet GrundlidelseDSR</b></p><a name="GrundlidelseDSR"> </a><a name="hcGrundlidelseDSR"> </a><a name="GrundlidelseDSR-en-US"> </a><p>This value set includes codes based on the following rules:</p><ul><li>Include these codes as defined in <a href="CodeSystem-BasicDisorder.html"><code>https://kip.rkkp.dk/fhir/CodeSystem/BasicDisorder</code></a><table class="none"><tr><td style="white-space:nowrap"><b>Code</b></td><td><b>Display</b></td><td><b>Definition</b></td></tr><tr><td><a href="CodeSystem-BasicDisorder.html#BasicDisorder-fracture">fracture</a></td><td>Fraktur</td><td>Fraktur</td></tr><tr><td><a href="CodeSystem-BasicDisorder.html#BasicDisorder-arthrosis">arthrosis</a></td><td>Artrose</td><td>Artrose</td></tr><tr><td><a href="CodeSystem-BasicDisorder.html#BasicDisorder-arthritis">arthritis</a></td><td>Artritis</td><td>Artrit</td></tr><tr><td><a href="CodeSystem-BasicDisorder.html#BasicDisorder-cuff_rupture_degenerative">cuff_rupture_degenerative</a></td><td>Cuff artopati (Flersenet rotator cuff ruptur med degenerative forandringer)</td><td>Cuff artopati (Flersenet rotator cuff ruptur med degenerative forandringer)</td></tr><tr><td><a href="CodeSystem-BasicDisorder.html#BasicDisorder-cuff_rupture">cuff_rupture</a></td><td>Flersenet rotator cuff ruptur uden degenerative forandringer</td><td>Flersenet rotator cuff ruptur uden degenerative forandringer</td></tr><tr><td><a href="CodeSystem-BasicDisorder.html#BasicDisorder-caputnecrosis">caputnecrosis</a></td><td>Caputnekrose</td><td>Caputnekrose</td></tr></table></li><li>Include these codes as defined in <a href="CodeSystem-GenericValues.html"><code>https://kip.rkkp.dk/fhir/CodeSystem/GenericValues</code></a><table class="none"><tr><td style="white-space:nowrap"><b>Code</b></td><td><b>Display</b></td><td><b>Definition</b></td></tr><tr><td><a href="CodeSystem-GenericValues.html#GenericValues-other">other</a></td><td>Anden diagnose</td><td>Other - used to choose unspecific value not in a valueset</td></tr></table></li></ul></div>
  </text>
  <url value="https://kip.rkkp.dk/fhir/ValueSet/GrundlidelseDSR"/>
  <version value="2.9.0"/>
  <name value="GrundlidelseDSR"/>
  <title value="Grundlidelse (DSR)"/>
  <status value="active"/>
  <experimental value="true"/>
  <date value="2022-10-05T00:00:00+02:00"/>
  <publisher value="Sundhedsvæsnets Kvalistetsinstitut with Trifork Digital Health A/S"/>
  <contact>
    <name value="Sundhedsvæsnets Kvalistetsinstitut with Trifork Digital Health A/S"/>
    <telecom>
      <system value="url"/>
      <value value="https://trifork.com"/>
    </telecom>
    <telecom>
      <system value="email"/>
      <value value="rbk@trifork.com"/>
    </telecom>
  </contact>
  <description value="Grundlidelse (DSR)"/>
  <compose>
    <include>
      <system value="https://kip.rkkp.dk/fhir/CodeSystem/BasicDisorder"/>
      <concept>
        <code value="fracture"/>
        <display value="Fraktur"/>
      </concept>
      <concept>
        <code value="arthrosis"/>
        <display value="Artrose"/>
      </concept>
      <concept>
        <code value="arthritis"/>
        <display value="Artritis"/>
      </concept>
      <concept>
        <code value="cuff_rupture_degenerative"/>
        <display value="Cuff artopati (Flersenet rotator cuff ruptur med degenerative forandringer)"/>
      </concept>
      <concept>
        <code value="cuff_rupture"/>
        <display value="Flersenet rotator cuff ruptur uden degenerative forandringer"/>
      </concept>
      <concept>
        <code value="caputnecrosis"/>
        <display value="Caputnekrose"/>
      </concept>
    </include>
    <include>
      <system value="https://kip.rkkp.dk/fhir/CodeSystem/GenericValues"/>
      <concept>
        <code value="other"/>
        <display value="Anden diagnose"/>
      </concept>
    </include>
  </compose>
</ValueSet>