<?xml version="1.0" encoding="UTF-8"?>

<ValueSet xmlns="http://hl7.org/fhir">
  <id value="MaaleudstyrDKRR"/>
  <text>
    <status value="extensions"/><div xmlns="http://www.w3.org/1999/xhtml"><p class="res-header-id"><b>Generated Narrative: ValueSet MaaleudstyrDKRR</b></p><a name="MaaleudstyrDKRR"> </a><a name="hcMaaleudstyrDKRR"> </a><a name="MaaleudstyrDKRR-en-US"> </a><p>This value set includes codes based on the following rules:</p><ul><li>Include these codes as defined in <a href="CodeSystem-MeasurementDevices.html"><code>https://kip.rkkp.dk/fhir/CodeSystem/MeasurementDevices</code></a><table class="none"><tr><td style="white-space:nowrap"><b>Code</b></td><td><b>Display</b></td><td><b>Definition</b></td></tr><tr><td><a href="CodeSystem-MeasurementDevices.html#MeasurementDevices-kt-1000_kt-2000">kt-1000_kt-2000</a></td><td>KT-1000/KT-2000</td><td>KT-1000/KT-2000</td></tr><tr><td><a href="CodeSystem-MeasurementDevices.html#MeasurementDevices-rolimeter">rolimeter</a></td><td>Rolimeter</td><td>Rolimeter</td></tr></table></li><li>Include these codes as defined in <a href="CodeSystem-GenericValues.html"><code>https://kip.rkkp.dk/fhir/CodeSystem/GenericValues</code></a><table class="none"><tr><td style="white-space:nowrap"><b>Code</b></td><td><b>Display</b></td><td><b>Definition</b></td></tr><tr><td><a href="CodeSystem-GenericValues.html#GenericValues-other">other</a></td><td>Andet</td><td>Other - used to choose unspecific value not in a valueset</td></tr></table></li></ul></div>
  </text>
  <url value="https://kip.rkkp.dk/fhir/ValueSet/MaaleudstyrDKRR"/>
  <version value="0.2.1"/>
  <name value="MaaleudstyrDKRR"/>
  <title value="Måleudstyr (DKRR)"/>
  <status value="active"/>
  <experimental value="true"/>
  <date value="2022-09-19T00:00:00+02:00"/>
  <publisher value="Sundhedsvæsnets Kvalistetsinstitut with Trifork Digital Health A/S"/>
  <contact>
    <name value="Sundhedsvæsnets Kvalistetsinstitut with Trifork Digital Health A/S"/>
    <telecom>
      <system value="url"/>
      <value value="https://trifork.com"/>
    </telecom>
    <telecom>
      <system value="email"/>
      <value value="rbk@trifork.com"/>
    </telecom>
  </contact>
  <description value="Måleudstyr (DKRR)"/>
  <compose>
    <include>
      <system value="https://kip.rkkp.dk/fhir/CodeSystem/MeasurementDevices"/>
      <concept>
        <code value="kt-1000_kt-2000"/>
        <display value="KT-1000/KT-2000"/>
      </concept>
      <concept>
        <code value="rolimeter"/>
        <display value="Rolimeter"/>
      </concept>
    </include>
    <include>
      <system value="https://kip.rkkp.dk/fhir/CodeSystem/GenericValues"/>
      <concept>
        <code value="other"/>
        <display value="Andet"/>
      </concept>
    </include>
  </compose>
</ValueSet>