<?xml version="1.0" encoding="UTF-8"?>

<ValueSet xmlns="http://hl7.org/fhir">
  <id value="Kemoterapiregime"/>
  <text>
    <status value="extensions"/><div xmlns="http://www.w3.org/1999/xhtml"><p class="res-header-id"><b>Generated Narrative: ValueSet Kemoterapiregime</b></p><a name="Kemoterapiregime"> </a><a name="hcKemoterapiregime"> </a><a name="Kemoterapiregime-en-US"> </a><p>This value set includes codes based on the following rules:</p><ul><li>Include these codes as defined in <a href="CodeSystem-SKS.html"><code>https://kip.rkkp.dk/fhir/CodeSystem/SKS</code></a><table class="none"><tr><td style="white-space:nowrap"><b>Code</b></td><td><b>Display</b></td><td><b>Definition</b></td></tr><tr><td><a href="CodeSystem-SKS.html#SKS-BWHA167">BWHA167</a></td><td>ABVD</td><td>Behandling med doxyrubicin+bleomycin+vinblastin+dacarbazin (ABVD)</td></tr><tr><td><a href="CodeSystem-SKS.html#SKS-BWHA138">BWHA138</a></td><td>BeaCOPP</td><td>Behandling med BEACOPP</td></tr><tr><td><a href="CodeSystem-SKS.html#SKS-BWHA310">BWHA310</a></td><td>BEAM</td><td>Behandling med BEAM (konditionering)</td></tr><tr><td><a href="CodeSystem-SKS.html#SKS-BWHA165">BWHA165</a></td><td>CHOEP</td><td>Behandling med cyclophosphamid+doxorubicin+vinkristin+etoposid+prednisolon (CHOEP)</td></tr><tr><td><a href="CodeSystem-SKS.html#SKS-BWHA119">BWHA119</a></td><td>CHOP</td><td>Behandling med cyclophosphamid+doxorubicin+vinkristin+prednisolon (CHOP)</td></tr><tr><td><a href="CodeSystem-SKS.html#SKS-BWHA166">BWHA166</a></td><td>CNOP</td><td>Behandling med cyclophosphamid+mitoxantron+vinkristin+prednisolon (CNOP)</td></tr><tr><td><a href="CodeSystem-SKS.html#SKS-BWHA134">BWHA134</a></td><td>COP</td><td>Behandling med cyclophosphamid+vinkristin+prednisolon (CVP) (COP)</td></tr><tr><td><a href="CodeSystem-SKS.html#SKS-BWHA168">BWHA168</a></td><td>LVPP</td><td>Behandling med klorambucil+vinblastin+procarbazin+prednisolon (LVPP)</td></tr><tr><td><a href="CodeSystem-SKS.html#SKS-BWHA258">BWHA258</a></td><td>Maxi-CHOP (CTX 1200mg/m2 &amp; doxorubicin 75mg/m2)</td><td>Behandling med cylophosphamid+doxorubicin+vinkristin+prednisolon eskaleret dosis (maxiCHOP)</td></tr><tr><td><a href="CodeSystem-SKS.html#SKS-BWHA120">BWHA120</a></td><td>MIME</td><td>Behandling med MIME</td></tr><tr><td><a href="CodeSystem-SKS.html#SKS-BWHA137">BWHA137</a></td><td>NOP</td><td>Behandling med mitoxantron+vinkristin+prednisolon (NOP)</td></tr><tr><td><a href="CodeSystem-SKS.html#SKS-BWHA156">BWHA156</a></td><td>COPP</td><td>Behandling med cyclophosphamid+procarbazin+vinkristin+prednisolon (COPP)</td></tr></table></li><li>Include these codes as defined in <a href="CodeSystem-ChemotherapyRegimen.html"><code>https://kip.rkkp.dk/fhir/CodeSystem/ChemotherapyRegimen</code></a><table class="none"><tr><td style="white-space:nowrap"><b>Code</b></td><td><b>Display</b></td><td><b>Definition</b></td></tr><tr><td><a href="CodeSystem-ChemotherapyRegimen.html#ChemotherapyRegimen-abvd.47copp">abvd/copp</a></td><td>ABVD/COPP</td><td>ABVD/COPP</td></tr><tr><td><a href="CodeSystem-ChemotherapyRegimen.html#ChemotherapyRegimen-acvbp">acvbp</a></td><td>ACVBP</td><td>ACVBP</td></tr><tr><td><a href="CodeSystem-ChemotherapyRegimen.html#ChemotherapyRegimen-all_regime">all_regime</a></td><td>ALL regime</td><td>ALL regime</td></tr><tr><td><a href="CodeSystem-ChemotherapyRegimen.html#ChemotherapyRegimen-adriamycin">adriamycin</a></td><td>Adriamycin</td><td>Adriamycin</td></tr><tr><td><a href="CodeSystem-ChemotherapyRegimen.html#ChemotherapyRegimen-bac">bac</a></td><td>BAC (Bendamustin Ara-c)</td><td>BAC (Bendamustin Ara-c)</td></tr><tr><td><a href="CodeSystem-ChemotherapyRegimen.html#ChemotherapyRegimen-bfm">bfm</a></td><td>BFM</td><td>BFM</td></tr><tr><td><a href="CodeSystem-ChemotherapyRegimen.html#ChemotherapyRegimen-cap">cap</a></td><td>CAP</td><td>CAP</td></tr><tr><td><a href="CodeSystem-ChemotherapyRegimen.html#ChemotherapyRegimen-ccvp">ccvp</a></td><td>CCVP</td><td>CCVP</td></tr><tr><td><a href="CodeSystem-ChemotherapyRegimen.html#ChemotherapyRegimen-chic">chic</a></td><td>CHIC</td><td>CHIC</td></tr><tr><td><a href="CodeSystem-ChemotherapyRegimen.html#ChemotherapyRegimen-chlorambucil_vinblastin_procarb">chlorambucil_vinblastin_procarb</a></td><td>Chlorambucil og Vinblastin og procarb</td><td>Chlorambucil og Vinblastin og procarb</td></tr><tr><td><a href="CodeSystem-ChemotherapyRegimen.html#ChemotherapyRegimen-cnsbonn">cnsbonn</a></td><td>CNSBONN</td><td>CNSBONN</td></tr><tr><td><a href="CodeSystem-ChemotherapyRegimen.html#ChemotherapyRegimen-cns_matrix">cns_matrix</a></td><td>CNS matrix</td><td>CNS matrix</td></tr><tr><td><a href="CodeSystem-ChemotherapyRegimen.html#ChemotherapyRegimen-cns_mvbp">cns_mvbp</a></td><td>CNS MVBP</td><td>CNS MVBP</td></tr><tr><td><a href="CodeSystem-ChemotherapyRegimen.html#ChemotherapyRegimen-cns_mvp">cns_mvp</a></td><td>CNS MVP</td><td>CNS MVP</td></tr><tr><td><a href="CodeSystem-ChemotherapyRegimen.html#ChemotherapyRegimen-codox_m.47ivac">codox_m/ivac</a></td><td>CODOX-M/IVAC</td><td>CODOX-M/IVAC</td></tr><tr><td><a href="CodeSystem-ChemotherapyRegimen.html#ChemotherapyRegimen-comp">comp</a></td><td>COMP</td><td>COMP</td></tr><tr><td><a href="CodeSystem-ChemotherapyRegimen.html#ChemotherapyRegimen-cope">cope</a></td><td>COPE</td><td>COPE</td></tr><tr><td><a href="CodeSystem-ChemotherapyRegimen.html#ChemotherapyRegimen-cvbp">cvbp</a></td><td>CVBP</td><td>CVBP</td></tr><tr><td><a href="CodeSystem-ChemotherapyRegimen.html#ChemotherapyRegimen-cvp">cvp</a></td><td>CVP</td><td>CVP</td></tr><tr><td><a href="CodeSystem-ChemotherapyRegimen.html#ChemotherapyRegimen-dexabeam">dexabeam</a></td><td>DexaBEAM</td><td>DexaBEAM</td></tr><tr><td><a href="CodeSystem-ChemotherapyRegimen.html#ChemotherapyRegimen-dhap">dhap</a></td><td>DHAP og DHAoX</td><td>DHAP</td></tr><tr><td><a href="CodeSystem-ChemotherapyRegimen.html#ChemotherapyRegimen-ecapp">ecapp</a></td><td>ECAPP</td><td>ECAPP</td></tr><tr><td><a href="CodeSystem-ChemotherapyRegimen.html#ChemotherapyRegimen-epoch">epoch</a></td><td>EPOCH</td><td>EPOCH</td></tr><tr><td><a href="CodeSystem-ChemotherapyRegimen.html#ChemotherapyRegimen-eshap">eshap</a></td><td>ESHAP</td><td>ESHAP</td></tr><tr><td><a href="CodeSystem-ChemotherapyRegimen.html#ChemotherapyRegimen-fcd">fcd</a></td><td>FC (Fludarin &amp; Cyclofosfamid +/- prednison)</td><td>FCD</td></tr><tr><td><a href="CodeSystem-ChemotherapyRegimen.html#ChemotherapyRegimen-fnd">fnd</a></td><td>FND (Fludarabin+Novantrone)</td><td>FND</td></tr><tr><td><a href="CodeSystem-ChemotherapyRegimen.html#ChemotherapyRegimen-gdp">gdp</a></td><td>GDP</td><td>GDP</td></tr><tr><td><a href="CodeSystem-ChemotherapyRegimen.html#ChemotherapyRegimen-gem_p_28">gem_p_28</a></td><td>GEM-P-28</td><td>GEM-P-28</td></tr><tr><td><a href="CodeSystem-ChemotherapyRegimen.html#ChemotherapyRegimen-gemox">gemox</a></td><td>GemOx</td><td>GemOx</td></tr><tr><td><a href="CodeSystem-ChemotherapyRegimen.html#ChemotherapyRegimen-hd_ara_c">hd_ara_c</a></td><td>HD-Ara-C</td><td>HD-Ara-C</td></tr><tr><td><a href="CodeSystem-ChemotherapyRegimen.html#ChemotherapyRegimen-hd_ctx">hd_ctx</a></td><td>HD-CTX</td><td>HD-CTX</td></tr><tr><td><a href="CodeSystem-ChemotherapyRegimen.html#ChemotherapyRegimen-hd_ctx_vp16">hd_ctx_vp16</a></td><td>HD-CTX+VP16</td><td>HD-CTX+VP16</td></tr><tr><td><a href="CodeSystem-ChemotherapyRegimen.html#ChemotherapyRegimen-hd_vp16">hd_vp16</a></td><td>HD-VP16</td><td>HD-VP16</td></tr><tr><td><a href="CodeSystem-ChemotherapyRegimen.html#ChemotherapyRegimen-hd_mtx">hd_mtx</a></td><td>HD-MTX</td><td>HD-MTX</td></tr><tr><td><a href="CodeSystem-ChemotherapyRegimen.html#ChemotherapyRegimen-hyper_cvad">hyper_cvad</a></td><td>Hyper-CVAD/IVAC</td><td>Hyper-CVAD/IVAC</td></tr><tr><td><a href="CodeSystem-ChemotherapyRegimen.html#ChemotherapyRegimen-ice">ice</a></td><td>ICE</td><td>ICE</td></tr><tr><td><a href="CodeSystem-ChemotherapyRegimen.html#ChemotherapyRegimen-igev">igev</a></td><td>IGEV</td><td>IGEV</td></tr><tr><td><a href="CodeSystem-ChemotherapyRegimen.html#ChemotherapyRegimen-ike">ike</a></td><td>IKE</td><td>IKE</td></tr><tr><td><a href="CodeSystem-ChemotherapyRegimen.html#ChemotherapyRegimen-ive">ive</a></td><td>IVE</td><td>IVE</td></tr><tr><td><a href="CodeSystem-ChemotherapyRegimen.html#ChemotherapyRegimen-it_behandling">it_behandling</a></td><td>IT-behandling</td><td>IT-behandling</td></tr><tr><td><a href="CodeSystem-ChemotherapyRegimen.html#ChemotherapyRegimen-macop_b">macop_b</a></td><td>MACOP-B</td><td>MACOP-b</td></tr><tr><td><a href="CodeSystem-ChemotherapyRegimen.html#ChemotherapyRegimen-mantle_2">mantle_2</a></td><td>Mantle 2</td><td>Mantle 2</td></tr><tr><td><a href="CodeSystem-ChemotherapyRegimen.html#ChemotherapyRegimen-maxi_mime">maxi_mime</a></td><td>Maxi-MIME</td><td>Maxi-MIME</td></tr><tr><td><a href="CodeSystem-ChemotherapyRegimen.html#ChemotherapyRegimen-mini_beam">mini_beam</a></td><td>Mini-BEAM</td><td>Mini-BEAM</td></tr><tr><td><a href="CodeSystem-ChemotherapyRegimen.html#ChemotherapyRegimen-mini_chop">mini_chop</a></td><td>Mini-CHOP</td><td>Mini-CHOP</td></tr><tr><td><a href="CodeSystem-ChemotherapyRegimen.html#ChemotherapyRegimen-nopho">nopho</a></td><td>NOPHO - alle varianter</td><td>NOPHO</td></tr><tr><td><a href="CodeSystem-ChemotherapyRegimen.html#ChemotherapyRegimen-pix_etoposid_benda">pix_etoposid_benda</a></td><td>Pix-etoposid-Benda</td><td>Pix-etoposid-Benda</td></tr><tr><td><a href="CodeSystem-ChemotherapyRegimen.html#ChemotherapyRegimen-peroral_cytostatika">peroral_cytostatika</a></td><td>Peroral cytostatika</td><td>Peroral cytostatika</td></tr><tr><td><a href="CodeSystem-ChemotherapyRegimen.html#ChemotherapyRegimen-smile">smile</a></td><td>Smile</td><td>Smile</td></tr><tr><td><a href="CodeSystem-ChemotherapyRegimen.html#ChemotherapyRegimen-triangle_mantle">triangle_mantle</a></td><td>Triangle (Mantle)</td><td>Triangle (Mantle)</td></tr><tr><td><a href="CodeSystem-ChemotherapyRegimen.html#ChemotherapyRegimen-velbe">velbe</a></td><td>Velbe</td><td>Velbe</td></tr><tr><td><a href="CodeSystem-ChemotherapyRegimen.html#ChemotherapyRegimen-velcade">velcade</a></td><td>Velcade</td><td>Velcade</td></tr><tr><td><a href="CodeSystem-ChemotherapyRegimen.html#ChemotherapyRegimen-copdac">copdac</a></td><td>COPDAC</td><td>COPDAC</td></tr><tr><td><a href="CodeSystem-ChemotherapyRegimen.html#ChemotherapyRegimen-ebvp">ebvp</a></td><td>EBVP</td><td>EBVP</td></tr><tr><td><a href="CodeSystem-ChemotherapyRegimen.html#ChemotherapyRegimen-ipe">ipe</a></td><td>IPE</td><td>IPE</td></tr><tr><td><a href="CodeSystem-ChemotherapyRegimen.html#ChemotherapyRegimen-oepa">oepa</a></td><td>OEPA</td><td>OEPA</td></tr><tr><td><a href="CodeSystem-ChemotherapyRegimen.html#ChemotherapyRegimen-oppa">oppa</a></td><td>OPPA</td><td>OPPA</td></tr></table></li><li>Include these codes as defined in <a href="CodeSystem-ATC.html"><code>https://kip.rkkp.dk/fhir/CodeSystem/ATC</code></a><table class="none"><tr><td style="white-space:nowrap"><b>Code</b></td><td><b>Display</b></td><td><b>Definition</b></td></tr><tr><td><a href="CodeSystem-ATC.html#ATC-L01BC07">L01BC07</a></td><td>Azacitidin</td><td>L01BC07 - azacitidine</td></tr><tr><td><a href="CodeSystem-ATC.html#ATC-L01AD01">L01AD01</a></td><td>BCNU</td><td>L01AD01 - carmustine</td></tr><tr><td><a href="CodeSystem-ATC.html#ATC-L01AA09">L01AA09</a></td><td>Bendamustin</td><td>L01AA09 - bendamustine</td></tr><tr><td><a href="CodeSystem-ATC.html#ATC-L01DC01">L01DC01</a></td><td>Bleomycin</td><td>L01DC01 - bleomycin</td></tr><tr><td><a href="CodeSystem-ATC.html#ATC-L01AA02">L01AA02</a></td><td>Leukeran/Chlorambucil</td><td>L01AA02 - chlorambucil</td></tr><tr><td><a href="CodeSystem-ATC.html#ATC-L01XA01">L01XA01</a></td><td>Cisplatin</td><td>L01XA01 - Cisplatin</td></tr><tr><td><a href="CodeSystem-ATC.html#ATC-L04AD01">L04AD01</a></td><td>Ciclosporin og andre immunsupresiva</td><td>L04AD01 - ciclosporin</td></tr><tr><td><a href="CodeSystem-ATC.html#ATC-L04AA40">L04AA40</a></td><td>Cladribin</td><td>L04AA40 - cladribine</td></tr><tr><td><a href="CodeSystem-ATC.html#ATC-L01AA01">L01AA01</a></td><td>Cyclofosfamid</td><td>L01AA01 - cyclophosphamide</td></tr><tr><td><a href="CodeSystem-ATC.html#ATC-L01AX04">L01AX04</a></td><td>Darcabazin</td><td>L01AX04 - dacarbazine</td></tr><tr><td><a href="CodeSystem-ATC.html#ATC-L01DB01">L01DB01</a></td><td>Doxorubicin</td><td>L01DB01 - Doxorubicin</td></tr><tr><td><a href="CodeSystem-ATC.html#ATC-L01CB01">L01CB01</a></td><td>Etopsid el Etopofos</td><td>L01CB01 - etoposide</td></tr><tr><td><a href="CodeSystem-ATC.html#ATC-L01BB05">L01BB05</a></td><td>Fludarabin</td><td>L01BB05 - fludarabine</td></tr><tr><td><a href="CodeSystem-ATC.html#ATC-L01BC05">L01BC05</a></td><td>Gemcitabin</td><td>L01BC02 - Gemcitabine</td></tr><tr><td><a href="CodeSystem-ATC.html#ATC-L01EL01">L01EL01</a></td><td>Ibrutinib (incl analoger)</td><td>L01EL01 - ibrutinib</td></tr><tr><td><a href="CodeSystem-ATC.html#ATC-L01EM01">L01EM01</a></td><td>Idelalisib (PI3K)</td><td>L01EM01 - idelalisib</td></tr><tr><td><a href="CodeSystem-ATC.html#ATC-L03AB">L03AB</a></td><td>Interferon</td><td>L03AB - Interferons</td></tr><tr><td><a href="CodeSystem-ATC.html#ATC-L01AA06">L01AA06</a></td><td>Ifosfamid</td><td>L01AA06 - ifosfamide</td></tr><tr><td><a href="CodeSystem-ATC.html#ATC-L04AX04">L04AX04</a></td><td>Lenalidomid og lign</td><td>L04AX04 - lenalidomide</td></tr><tr><td><a href="CodeSystem-ATC.html#ATC-L01AA03">L01AA03</a></td><td>Melphalan</td><td>L01AA03 - melphalan</td></tr><tr><td><a href="CodeSystem-ATC.html#ATC-L01DB07">L01DB07</a></td><td>Mitozantrone</td><td>L01DB07 - mitoxantrone</td></tr><tr><td><a href="CodeSystem-ATC.html#ATC-L01CA02">L01CA02</a></td><td>Oncovin</td><td>L01CA02 - vincristine</td></tr><tr><td><a href="CodeSystem-ATC.html#ATC-L01DB11">L01DB11</a></td><td>Pixantrone</td><td>L01DB11 - pixantrone</td></tr><tr><td><a href="CodeSystem-ATC.html#ATC-L01AX03">L01AX03</a></td><td>Temozolomid</td><td>L01AX03 - temozolomide</td></tr><tr><td><a href="CodeSystem-ATC.html#ATC-L04AX02">L04AX02</a></td><td>Thalidomid</td><td>L04AX02 - thalidomide</td></tr><tr><td><a href="CodeSystem-ATC.html#ATC-L01XX52">L01XX52</a></td><td>Venetoclax</td><td>L01XX52 - venetoclax</td></tr><tr><td><a href="CodeSystem-ATC.html#ATC-L01XH01">L01XH01</a></td><td>Vorinostat</td><td>L01XH01 - vorinostat</td></tr></table></li></ul></div>
  </text>
  <url value="https://kip.rkkp.dk/fhir/ValueSet/Kemoterapiregime"/>
  <version value="0.1.8"/>
  <name value="Kemoterapiregime"/>
  <title value="Kemoterapiregime"/>
  <status value="active"/>
  <experimental value="true"/>
  <date value="2022-07-18T00:00:00+02:00"/>
  <publisher value="Sundhedsvæsnets Kvalistetsinstitut with Trifork Digital Health A/S"/>
  <contact>
    <name value="Sundhedsvæsnets Kvalistetsinstitut with Trifork Digital Health A/S"/>
    <telecom>
      <system value="url"/>
      <value value="https://trifork.com"/>
    </telecom>
    <telecom>
      <system value="email"/>
      <value value="rbk@trifork.com"/>
    </telecom>
  </contact>
  <description value="Kemoterapiregime (blanding af ATC, SKS og uspecifikke koder)"/>
  <compose>
    <include>
      <system value="https://kip.rkkp.dk/fhir/CodeSystem/SKS"/>
      <concept>
        <code value="BWHA167"/>
        <display value="ABVD"/>
      </concept>
      <concept>
        <code value="BWHA138"/>
        <display value="BeaCOPP"/>
      </concept>
      <concept>
        <code value="BWHA310"/>
        <display value="BEAM"/>
      </concept>
      <concept>
        <code value="BWHA165"/>
        <display value="CHOEP"/>
      </concept>
      <concept>
        <code value="BWHA119"/>
        <display value="CHOP"/>
      </concept>
      <concept>
        <code value="BWHA166"/>
        <display value="CNOP"/>
      </concept>
      <concept>
        <code value="BWHA134"/>
        <display value="COP"/>
      </concept>
      <concept>
        <code value="BWHA168"/>
        <display value="LVPP"/>
      </concept>
      <concept>
        <code value="BWHA258"/>
        <display value="Maxi-CHOP (CTX 1200mg/m2 &amp; doxorubicin 75mg/m2)"/>
      </concept>
      <concept>
        <code value="BWHA120"/>
        <display value="MIME"/>
      </concept>
      <concept>
        <code value="BWHA137"/>
        <display value="NOP"/>
      </concept>
      <concept>
        <code value="BWHA156"/>
        <display value="COPP"/>
      </concept>
    </include>
    <include>
      <system value="https://kip.rkkp.dk/fhir/CodeSystem/ChemotherapyRegimen"/>
      <concept>
        <code value="abvd/copp"/>
        <display value="ABVD/COPP"/>
      </concept>
      <concept>
        <code value="acvbp"/>
        <display value="ACVBP"/>
      </concept>
      <concept>
        <code value="all_regime"/>
        <display value="ALL regime"/>
      </concept>
      <concept>
        <code value="adriamycin"/>
        <display value="Adriamycin"/>
      </concept>
      <concept>
        <code value="bac"/>
        <display value="BAC (Bendamustin Ara-c)"/>
      </concept>
      <concept>
        <code value="bfm"/>
        <display value="BFM"/>
      </concept>
      <concept>
        <code value="cap"/>
        <display value="CAP"/>
      </concept>
      <concept>
        <code value="ccvp"/>
        <display value="CCVP"/>
      </concept>
      <concept>
        <code value="chic"/>
        <display value="CHIC"/>
      </concept>
      <concept>
        <code value="chlorambucil_vinblastin_procarb"/>
        <display value="Chlorambucil og Vinblastin og procarb"/>
      </concept>
      <concept>
        <code value="cnsbonn"/>
        <display value="CNSBONN"/>
      </concept>
      <concept>
        <code value="cns_matrix"/>
        <display value="CNS matrix"/>
      </concept>
      <concept>
        <code value="cns_mvbp"/>
        <display value="CNS MVBP"/>
      </concept>
      <concept>
        <code value="cns_mvp"/>
        <display value="CNS MVP"/>
      </concept>
      <concept>
        <code value="codox_m/ivac"/>
        <display value="CODOX-M/IVAC"/>
      </concept>
      <concept>
        <code value="comp"/>
        <display value="COMP"/>
      </concept>
      <concept>
        <code value="cope"/>
        <display value="COPE"/>
      </concept>
      <concept>
        <code value="cvbp"/>
        <display value="CVBP"/>
      </concept>
      <concept>
        <code value="cvp"/>
        <display value="CVP"/>
      </concept>
      <concept>
        <code value="dexabeam"/>
        <display value="DexaBEAM"/>
      </concept>
      <concept>
        <code value="dhap"/>
        <display value="DHAP og DHAoX"/>
      </concept>
      <concept>
        <code value="ecapp"/>
        <display value="ECAPP"/>
      </concept>
      <concept>
        <code value="epoch"/>
        <display value="EPOCH"/>
      </concept>
      <concept>
        <code value="eshap"/>
        <display value="ESHAP"/>
      </concept>
      <concept>
        <code value="fcd"/>
        <display value="FC (Fludarin &amp; Cyclofosfamid +/- prednison)"/>
      </concept>
      <concept>
        <code value="fnd"/>
        <display value="FND (Fludarabin+Novantrone)"/>
      </concept>
      <concept>
        <code value="gdp"/>
        <display value="GDP"/>
      </concept>
      <concept>
        <code value="gem_p_28"/>
        <display value="GEM-P-28"/>
      </concept>
      <concept>
        <code value="gemox"/>
        <display value="GemOx"/>
      </concept>
      <concept>
        <code value="hd_ara_c"/>
        <display value="HD-Ara-C"/>
      </concept>
      <concept>
        <code value="hd_ctx"/>
        <display value="HD-CTX"/>
      </concept>
      <concept>
        <code value="hd_ctx_vp16"/>
        <display value="HD-CTX+VP16"/>
      </concept>
      <concept>
        <code value="hd_vp16"/>
        <display value="HD-VP16"/>
      </concept>
      <concept>
        <code value="hd_mtx"/>
        <display value="HD-MTX"/>
      </concept>
      <concept>
        <code value="hyper_cvad"/>
        <display value="Hyper-CVAD/IVAC"/>
      </concept>
      <concept>
        <code value="ice"/>
        <display value="ICE"/>
      </concept>
      <concept>
        <code value="igev"/>
        <display value="IGEV"/>
      </concept>
      <concept>
        <code value="ike"/>
        <display value="IKE"/>
      </concept>
      <concept>
        <code value="ive"/>
        <display value="IVE"/>
      </concept>
      <concept>
        <code value="it_behandling"/>
        <display value="IT-behandling"/>
      </concept>
      <concept>
        <code value="macop_b"/>
        <display value="MACOP-B"/>
      </concept>
      <concept>
        <code value="mantle_2"/>
        <display value="Mantle 2"/>
      </concept>
      <concept>
        <code value="maxi_mime"/>
        <display value="Maxi-MIME"/>
      </concept>
      <concept>
        <code value="mini_beam"/>
        <display value="Mini-BEAM"/>
      </concept>
      <concept>
        <code value="mini_chop"/>
        <display value="Mini-CHOP"/>
      </concept>
      <concept>
        <code value="nopho"/>
        <display value="NOPHO - alle varianter"/>
      </concept>
      <concept>
        <code value="pix_etoposid_benda"/>
        <display value="Pix-etoposid-Benda"/>
      </concept>
      <concept>
        <code value="peroral_cytostatika"/>
        <display value="Peroral cytostatika"/>
      </concept>
      <concept>
        <code value="smile"/>
        <display value="Smile"/>
      </concept>
      <concept>
        <code value="triangle_mantle"/>
        <display value="Triangle (Mantle)"/>
      </concept>
      <concept>
        <code value="velbe"/>
        <display value="Velbe"/>
      </concept>
      <concept>
        <code value="velcade"/>
        <display value="Velcade"/>
      </concept>
      <concept>
        <code value="copdac"/>
        <display value="COPDAC"/>
      </concept>
      <concept>
        <code value="ebvp"/>
        <display value="EBVP"/>
      </concept>
      <concept>
        <code value="ipe"/>
        <display value="IPE"/>
      </concept>
      <concept>
        <code value="oepa"/>
        <display value="OEPA"/>
      </concept>
      <concept>
        <code value="oppa"/>
        <display value="OPPA"/>
      </concept>
    </include>
    <include>
      <system value="https://kip.rkkp.dk/fhir/CodeSystem/ATC"/>
      <concept>
        <code value="L01BC07"/>
        <display value="Azacitidin"/>
      </concept>
      <concept>
        <code value="L01AD01"/>
        <display value="BCNU"/>
      </concept>
      <concept>
        <code value="L01AA09"/>
        <display value="Bendamustin"/>
      </concept>
      <concept>
        <code value="L01DC01"/>
        <display value="Bleomycin"/>
      </concept>
      <concept>
        <code value="L01AA02"/>
        <display value="Leukeran/Chlorambucil"/>
      </concept>
      <concept>
        <code value="L01XA01"/>
        <display value="Cisplatin"/>
      </concept>
      <concept>
        <code value="L04AD01"/>
        <display value="Ciclosporin og andre immunsupresiva"/>
      </concept>
      <concept>
        <code value="L04AA40"/>
        <display value="Cladribin"/>
      </concept>
      <concept>
        <code value="L01AA01"/>
        <display value="Cyclofosfamid"/>
      </concept>
      <concept>
        <code value="L01AX04"/>
        <display value="Darcabazin"/>
      </concept>
      <concept>
        <code value="L01DB01"/>
        <display value="Doxorubicin"/>
      </concept>
      <concept>
        <code value="L01CB01"/>
        <display value="Etopsid el Etopofos"/>
      </concept>
      <concept>
        <code value="L01BB05"/>
        <display value="Fludarabin"/>
      </concept>
      <concept>
        <code value="L01BC05"/>
        <display value="Gemcitabin"/>
      </concept>
      <concept>
        <code value="L01EL01"/>
        <display value="Ibrutinib (incl analoger)"/>
      </concept>
      <concept>
        <code value="L01EM01"/>
        <display value="Idelalisib (PI3K)"/>
      </concept>
      <concept>
        <code value="L03AB"/>
        <display value="Interferon"/>
      </concept>
      <concept>
        <code value="L01AA06"/>
        <display value="Ifosfamid"/>
      </concept>
      <concept>
        <code value="L04AX04"/>
        <display value="Lenalidomid og lign"/>
      </concept>
      <concept>
        <code value="L01AA03"/>
        <display value="Melphalan"/>
      </concept>
      <concept>
        <code value="L01DB07"/>
        <display value="Mitozantrone"/>
      </concept>
      <concept>
        <code value="L01CA02"/>
        <display value="Oncovin"/>
      </concept>
      <concept>
        <code value="L01DB11"/>
        <display value="Pixantrone"/>
      </concept>
      <concept>
        <code value="L01AX03"/>
        <display value="Temozolomid"/>
      </concept>
      <concept>
        <code value="L04AX02"/>
        <display value="Thalidomid"/>
      </concept>
      <concept>
        <code value="L01XX52"/>
        <display value="Venetoclax"/>
      </concept>
      <concept>
        <code value="L01XH01"/>
        <display value="Vorinostat"/>
      </concept>
    </include>
  </compose>
</ValueSet>