<?xml version="1.0" encoding="UTF-8"?>

<ValueSet xmlns="http://hl7.org/fhir">
  <id value="KomponentSupplementDKR"/>
  <text>
    <status value="extensions"/><div xmlns="http://www.w3.org/1999/xhtml"><p class="res-header-id"><b>Generated Narrative: ValueSet KomponentSupplementDKR</b></p><a name="KomponentSupplementDKR"> </a><a name="hcKomponentSupplementDKR"> </a><a name="KomponentSupplementDKR-en-US"> </a><p>This value set includes codes based on the following rules:</p><ul><li>Include these codes as defined in <a href="CodeSystem-ImplantComponents.html"><code>https://kip.rkkp.dk/fhir/CodeSystem/ImplantComponents</code></a><table class="none"><tr><td style="white-space:nowrap"><b>Code</b></td><td><b>Display</b></td><td><b>Definition</b></td></tr><tr><td><a href="CodeSystem-ImplantComponents.html#ImplantComponents-stem_femur">stem_femur</a></td><td>Femur stem</td><td>Stem (femur)</td></tr><tr><td><a href="CodeSystem-ImplantComponents.html#ImplantComponents-augment_femur">augment_femur</a></td><td>Femuraugment</td><td>Augment (femur)</td></tr><tr><td><a href="CodeSystem-ImplantComponents.html#ImplantComponents-cone_sleeve_femur">cone_sleeve_femur</a></td><td>Femurcone/-sleve</td><td>Cone/sleeve (femur)</td></tr><tr><td><a href="CodeSystem-ImplantComponents.html#ImplantComponents-stem_tibia">stem_tibia</a></td><td>Tibiastem</td><td>Stem (tibia)</td></tr><tr><td><a href="CodeSystem-ImplantComponents.html#ImplantComponents-augment_tibia">augment_tibia</a></td><td>Tibiaaugment</td><td>Augment (tibia)</td></tr><tr><td><a href="CodeSystem-ImplantComponents.html#ImplantComponents-cone_sleeve_tibia">cone_sleeve_tibia</a></td><td>Tibiacone/-sleve</td><td>Cone/sleeve (tibia)</td></tr></table></li><li>Include these codes as defined in <a href="CodeSystem-GenericValues.html"><code>https://kip.rkkp.dk/fhir/CodeSystem/GenericValues</code></a><table class="none"><tr><td style="white-space:nowrap"><b>Code</b></td><td><b>Display</b></td><td><b>Definition</b></td></tr><tr><td><a href="CodeSystem-GenericValues.html#GenericValues-other">other</a></td><td>Andet</td><td>Other - used to choose unspecific value not in a valueset</td></tr><tr><td><a href="CodeSystem-GenericValues.html#GenericValues-none">none</a></td><td>Ingen</td><td>None - used to choose none of the available values</td></tr></table></li></ul></div>
  </text>
  <url value="https://kip.rkkp.dk/fhir/ValueSet/KomponentSupplementDKR"/>
  <version value="0.2.1"/>
  <name value="KomponentSupplementDKR"/>
  <title value="Komponent - supplement (DKR)"/>
  <status value="active"/>
  <experimental value="true"/>
  <date value="2022-10-13T00:00:00+02:00"/>
  <publisher value="Sundhedsvæsnets Kvalistetsinstitut with Trifork Digital Health A/S"/>
  <contact>
    <name value="Sundhedsvæsnets Kvalistetsinstitut with Trifork Digital Health A/S"/>
    <telecom>
      <system value="url"/>
      <value value="https://trifork.com"/>
    </telecom>
    <telecom>
      <system value="email"/>
      <value value="rbk@trifork.com"/>
    </telecom>
  </contact>
  <description value="Komponent - supplement (DKR)"/>
  <compose>
    <include>
      <system value="https://kip.rkkp.dk/fhir/CodeSystem/ImplantComponents"/>
      <concept>
        <code value="stem_femur"/>
        <display value="Femur stem"/>
      </concept>
      <concept>
        <code value="augment_femur"/>
        <display value="Femuraugment"/>
      </concept>
      <concept>
        <code value="cone_sleeve_femur"/>
        <display value="Femurcone/-sleve"/>
      </concept>
      <concept>
        <code value="stem_tibia"/>
        <display value="Tibiastem"/>
      </concept>
      <concept>
        <code value="augment_tibia"/>
        <display value="Tibiaaugment"/>
      </concept>
      <concept>
        <code value="cone_sleeve_tibia"/>
        <display value="Tibiacone/-sleve"/>
      </concept>
    </include>
    <include>
      <system value="https://kip.rkkp.dk/fhir/CodeSystem/GenericValues"/>
      <concept>
        <code value="other"/>
        <display value="Andet"/>
      </concept>
      <concept>
        <code value="none"/>
        <display value="Ingen"/>
      </concept>
    </include>
  </compose>
</ValueSet>