<?xml version="1.0" encoding="UTF-8"?>

<ValueSet xmlns="http://hl7.org/fhir">
  <id value="FiksationFemurDKRR202503"/>
  <text>
    <status value="extensions"/><div xmlns="http://www.w3.org/1999/xhtml"><p class="res-header-id"><b>Generated Narrative: ValueSet FiksationFemurDKRR202503</b></p><a name="FiksationFemurDKRR202503"> </a><a name="hcFiksationFemurDKRR202503"> </a><a name="FiksationFemurDKRR202503-en-US"> </a><p>This value set includes codes based on the following rules:</p><ul><li>Include these codes as defined in <a href="CodeSystem-FixationCruciateLigaments.html"><code>https://kip.rkkp.dk/fhir/CodeSystem/FixationCruciateLigaments</code></a><table class="none"><tr><td style="white-space:nowrap"><b>Code</b></td><td><b>Display</b></td><td><b>Definition</b></td></tr><tr><td><a href="CodeSystem-FixationCruciateLigaments.html#FixationCruciateLigaments-arthrex_biotenodesis_plla">arthrex_biotenodesis_plla</a></td><td>Arthrex Biotenodesis PLLA skrue</td><td>Arthrex Biotenodesis PLLA skrue [Femur]</td></tr><tr><td><a href="CodeSystem-FixationCruciateLigaments.html#FixationCruciateLigaments-arthrex_peek">arthrex_peek</a></td><td>Arthrex PEEK Skrue</td><td>Arthrex PEEK Skrue [Femur + Tibia]</td></tr><tr><td><a href="CodeSystem-FixationCruciateLigaments.html#FixationCruciateLigaments-arthrex_plla">arthrex_plla</a></td><td>Arthrex PLLA skrue</td><td>Arthrex PLLA skrue [Femur]</td></tr><tr><td><a href="CodeSystem-FixationCruciateLigaments.html#FixationCruciateLigaments-arthrex_retrobutton">arthrex_retrobutton</a></td><td>Arthrex Retrobutton</td><td>Arthrex Retrobutton [Femur]</td></tr><tr><td><a href="CodeSystem-FixationCruciateLigaments.html#FixationCruciateLigaments-arthrex_tight_rope">arthrex_tight_rope</a></td><td>Arthrex Tight Rope</td><td>Arthrex Tight Rope [Femur + Tibia]</td></tr><tr><td><a href="CodeSystem-FixationCruciateLigaments.html#FixationCruciateLigaments-arthrex_titanium">arthrex_titanium</a></td><td>Arthrex Titanium skrue</td><td>Arthrex Titanium skrue [Femur]</td></tr><tr><td><a href="CodeSystem-FixationCruciateLigaments.html#FixationCruciateLigaments-arthrex_transfix">arthrex_transfix</a></td><td>Arthrex Transfix</td><td>Arthrex Transfix [Femur]</td></tr><tr><td><a href="CodeSystem-FixationCruciateLigaments.html#FixationCruciateLigaments-arthrocare_bilok_trans">arthrocare_bilok_trans</a></td><td>Arthrocare Bilok Trans-skrue</td><td>Arthrocare Bilok Trans-skrue [Femur]</td></tr><tr><td><a href="CodeSystem-FixationCruciateLigaments.html#FixationCruciateLigaments-atlantech_bilok">atlantech_bilok</a></td><td>Atlantech Bilok Skrue</td><td>Atlantech Bilok Skrue [Femur + Tibia]</td></tr><tr><td><a href="CodeSystem-FixationCruciateLigaments.html#FixationCruciateLigaments-atlantech_metal">atlantech_metal</a></td><td>Atlantech metal skrue</td><td>Atlantech metal skrue [Femur + Tibia]</td></tr><tr><td><a href="CodeSystem-FixationCruciateLigaments.html#FixationCruciateLigaments-biomet_ez_loc">biomet_ez_loc</a></td><td>Biomet EZ Loc</td><td>Biomet EZ Loc [Femur]</td></tr><tr><td><a href="CodeSystem-FixationCruciateLigaments.html#FixationCruciateLigaments-biomet_metal_tunneloc">biomet_metal_tunneloc</a></td><td>Biomet metal skrue (Tunneloc)</td><td>Biomet metal skrue (Tunneloc) [Femur + Tibia]</td></tr><tr><td><a href="CodeSystem-FixationCruciateLigaments.html#FixationCruciateLigaments-biomet_plla_gentlethread">biomet_plla_gentlethread</a></td><td>Biomet PLLA skrue (Gentletread)</td><td>Biomet PLLA skrue (Gentletread) [Femur + Tibia]</td></tr><tr><td><a href="CodeSystem-FixationCruciateLigaments.html#FixationCruciateLigaments-biomet_togglelock_zipploop">biomet_togglelock_zipploop</a></td><td>Biomet Togglelock Zipploop</td><td>Biomet Togglelock Zipploop [Femur]</td></tr><tr><td><a href="CodeSystem-FixationCruciateLigaments.html#FixationCruciateLigaments-cayenne_aperfix">cayenne_aperfix</a></td><td>Cayenne Aperfix</td><td>Cayenne Aperfix [Femur + Tibia]</td></tr><tr><td><a href="CodeSystem-FixationCruciateLigaments.html#FixationCruciateLigaments-conmed_guardsman">conmed_guardsman</a></td><td>Conmed Guardsman metal</td><td>Conmed Guardsman metal [Femur]</td></tr><tr><td><a href="CodeSystem-FixationCruciateLigaments.html#FixationCruciateLigaments-conmed_metal_propel">conmed_metal_propel</a></td><td>ConMed Metal skrue (Propel)</td><td>ConMed Metal skrue (Propel) [Femur + Tibia]</td></tr><tr><td><a href="CodeSystem-FixationCruciateLigaments.html#FixationCruciateLigaments-conmed_plla_bioscrew">conmed_plla_bioscrew</a></td><td>ConMed PLLA skrue (Bioscrew)</td><td>ConMed PLLA skrue (Bioscrew) [Femur + Tibia]</td></tr><tr><td><a href="CodeSystem-FixationCruciateLigaments.html#FixationCruciateLigaments-conmed_xo_button">conmed_xo_button</a></td><td>ConMed XO Button</td><td>ConMed XO Button [Femur]</td></tr><tr><td><a href="CodeSystem-FixationCruciateLigaments.html#FixationCruciateLigaments-depuy_mitek_femoral_intrafix">depuy_mitek_femoral_intrafix</a></td><td>Depuy Mitek Femoral Intrafix</td><td>Depuy Mitek Femoral Intrafix [Femur]</td></tr><tr><td><a href="CodeSystem-FixationCruciateLigaments.html#FixationCruciateLigaments-depuy_mitek_milagro">depuy_mitek_milagro</a></td><td>Depuy Mitek Milagro skrue</td><td>Depuy Mitek Milagro skrue [Femur + Tibia]</td></tr><tr><td><a href="CodeSystem-FixationCruciateLigaments.html#FixationCruciateLigaments-depuy_mitek_rigidfix">depuy_mitek_rigidfix</a></td><td>Depuy Mitek Rigidfix</td><td>Depuy Mitek Rigidfix [Femur]</td></tr><tr><td><a href="CodeSystem-FixationCruciateLigaments.html#FixationCruciateLigaments-depuy_mitek_titanium">depuy_mitek_titanium</a></td><td>Depuy Mitek Titanium skrue</td><td>Depuy Mitek Titanium skrue [Femur + Tibia]</td></tr><tr><td><a href="CodeSystem-FixationCruciateLigaments.html#FixationCruciateLigaments-depuy_rigidfix_curve">depuy_rigidfix_curve</a></td><td>Depuy Rigidfix CURVE</td><td>Depuy Rigidfix CURVE [Femur]</td></tr><tr><td><a href="CodeSystem-FixationCruciateLigaments.html#FixationCruciateLigaments-depuy_rigidloop_adjustable_loop">depuy_rigidloop_adjustable_loop</a></td><td>Depuy RIGIDLOOP adjustable loop</td><td>Depuy RIGIDLOOP adjustable loop [Femur]</td></tr><tr><td><a href="CodeSystem-FixationCruciateLigaments.html#FixationCruciateLigaments-depuy_rigidloop_fixed_loop">depuy_rigidloop_fixed_loop</a></td><td>Depuy RIGIDLOOP fixed loop</td><td>Depuy RIGIDLOOP fixed loop [Femur]</td></tr><tr><td><a href="CodeSystem-FixationCruciateLigaments.html#FixationCruciateLigaments-femoral_intrafix">femoral_intrafix</a></td><td>Femoral Intrafix</td><td>Femoral Intrafix [Femur]</td></tr><tr><td><a href="CodeSystem-FixationCruciateLigaments.html#FixationCruciateLigaments-inion_hexalon">inion_hexalon</a></td><td>Inion Hexalon skrue</td><td>Inion Hexalon skrue [Femur + Tibia]</td></tr><tr><td><a href="CodeSystem-FixationCruciateLigaments.html#FixationCruciateLigaments-smith.38nephew_biosure_peek">smith&amp;nephew_biosure_peek</a></td><td>Smith &amp; Nephew Biosure PEEK skrue</td><td>Smith &amp; Nephew Biosure PEEK skrue [Femur + Tibia]</td></tr><tr><td><a href="CodeSystem-FixationCruciateLigaments.html#FixationCruciateLigaments-smith.38nephew_calaxo">smith&amp;nephew_calaxo</a></td><td>Smith &amp; Nephew Calaxo</td><td>Smith &amp; Nephew Calaxo [Femur]</td></tr><tr><td><a href="CodeSystem-FixationCruciateLigaments.html#FixationCruciateLigaments-smith.38nephew_endobutton_cl">smith&amp;nephew_endobutton_cl</a></td><td>Smith &amp; Nephew Endobutton CL</td><td>Smith &amp; Nephew Endobutton CL [Femur]</td></tr><tr><td><a href="CodeSystem-FixationCruciateLigaments.html#FixationCruciateLigaments-smith.38nephew_rci_metal">smith&amp;nephew_rci_metal</a></td><td>Smith &amp; Nephew RCI metal</td><td>Smith &amp; Nephew RCI metal [Femur + Tibia]</td></tr><tr><td><a href="CodeSystem-FixationCruciateLigaments.html#FixationCruciateLigaments-smith.38nephew_rci_plla">smith&amp;nephew_rci_plla</a></td><td>Smith &amp; Nephew RCI PLLA</td><td>Smith &amp; Nephew RCI PLLA [Femur + Tibia]</td></tr><tr><td><a href="CodeSystem-FixationCruciateLigaments.html#FixationCruciateLigaments-smith.38nephew_rci_plla.47ha">smith&amp;nephew_rci_plla/ha</a></td><td>Smith &amp; Nephew RCI PLLA/HA</td><td>Smith &amp; Nephew RCI PLLA/HA [Femur + Tibia]</td></tr><tr><td><a href="CodeSystem-FixationCruciateLigaments.html#FixationCruciateLigaments-smith.38nephew_softsilk_metal">smith&amp;nephew_softsilk_metal</a></td><td>Smith &amp; Nephew Softsilk metal</td><td>Smith &amp; Nephew Softsilk metal [Femur + Tibia]</td></tr><tr><td><a href="CodeSystem-FixationCruciateLigaments.html#FixationCruciateLigaments-smith.38nephew_ultrabutton">smith&amp;nephew_ultrabutton</a></td><td>Smith &amp; Nephew UltraButton</td><td>Smith &amp; Nephew UltraButton [Femur]</td></tr><tr><td><a href="CodeSystem-FixationCruciateLigaments.html#FixationCruciateLigaments-storz_flip-tac">storz_flip-tac</a></td><td>Storz Flip-Tac</td><td>Storz Flip-Tac [Femur]</td></tr><tr><td><a href="CodeSystem-FixationCruciateLigaments.html#FixationCruciateLigaments-stryker_bioosteon">stryker_bioosteon</a></td><td>Stryker Bioosteon skrue</td><td>Stryker Bioosteon skrue [Femur + Tibia]</td></tr><tr><td><a href="CodeSystem-FixationCruciateLigaments.html#FixationCruciateLigaments-stryker_crossscrew_ha.47plla">stryker_crossscrew_ha/plla</a></td><td>Stryker Crossscrew (HA/PLLA)</td><td>Stryker Crossscrew (HA/PLLA) [Femur + Tibia]</td></tr><tr><td><a href="CodeSystem-FixationCruciateLigaments.html#FixationCruciateLigaments-stryker_crossscrew_titanium">stryker_crossscrew_titanium</a></td><td>Stryker Crossscrew (Titanium)</td><td>Stryker Crossscrew (Titanium) [Femur + Tibia]</td></tr><tr><td><a href="CodeSystem-FixationCruciateLigaments.html#FixationCruciateLigaments-stryker_plla">stryker_plla</a></td><td>Stryker PLLA skrue</td><td>Stryker PLLA skrue [Femur + Tibia]</td></tr><tr><td><a href="CodeSystem-FixationCruciateLigaments.html#FixationCruciateLigaments-stryker_procinch">stryker_procinch</a></td><td>Stryker ProCinch</td><td>Stryker ProCinch [Femur]</td></tr><tr><td><a href="CodeSystem-FixationCruciateLigaments.html#FixationCruciateLigaments-stryker_titanium">stryker_titanium</a></td><td>Stryker titanium skrue</td><td>Stryker titanium skrue [Femur + Tibia]</td></tr><tr><td><a href="CodeSystem-FixationCruciateLigaments.html#FixationCruciateLigaments-stryker_versitomic_g-lok">stryker_versitomic_g-lok</a></td><td>Stryker VersiTomic G-lok</td><td>Stryker VersiTomic G-lok [Femur]</td></tr><tr><td><a href="CodeSystem-FixationCruciateLigaments.html#FixationCruciateLigaments-screw.47washer">screw/washer</a></td><td>Skrue/washer</td><td>Skrue/washer [Femur + Tibia]</td></tr></table></li><li>Include these codes as defined in <a href="CodeSystem-GenericValues.html"><code>https://kip.rkkp.dk/fhir/CodeSystem/GenericValues</code></a><table class="none"><tr><td style="white-space:nowrap"><b>Code</b></td><td><b>Display</b></td><td><b>Definition</b></td></tr><tr><td><a href="CodeSystem-GenericValues.html#GenericValues-other">other</a></td><td>Andet</td><td>Other - used to choose unspecific value not in a valueset</td></tr></table></li></ul></div>
  </text>
  <url value="https://kip.rkkp.dk/fhir/ValueSet/FiksationFemurDKRR202503"/>
  <version value="2.9.1"/>
  <name value="FiksationFemurDKRR202503"/>
  <title value="Fiksation, Femur (DKRR) 2025"/>
  <status value="active"/>
  <experimental value="true"/>
  <date value="2025-09-21T00:00:00+02:00"/>
  <publisher value="Sundhedsvæsnets Kvalistetsinstitut with Trifork Digital Health A/S"/>
  <contact>
    <name value="Sundhedsvæsnets Kvalistetsinstitut with Trifork Digital Health A/S"/>
    <telecom>
      <system value="url"/>
      <value value="https://trifork.com"/>
    </telecom>
    <telecom>
      <system value="email"/>
      <value value="rbk@trifork.com"/>
    </telecom>
  </contact>
  <description value="Fiksation, Femur (DKRR) 2025 rettelse"/>
  <compose>
    <include>
      <system value="https://kip.rkkp.dk/fhir/CodeSystem/FixationCruciateLigaments"/>
      <concept>
        <code value="arthrex_biotenodesis_plla"/>
        <display value="Arthrex Biotenodesis PLLA skrue"/>
      </concept>
      <concept>
        <code value="arthrex_peek"/>
        <display value="Arthrex PEEK Skrue"/>
      </concept>
      <concept>
        <code value="arthrex_plla"/>
        <display value="Arthrex PLLA skrue"/>
      </concept>
      <concept>
        <code value="arthrex_retrobutton"/>
        <display value="Arthrex Retrobutton"/>
      </concept>
      <concept>
        <code value="arthrex_tight_rope"/>
        <display value="Arthrex Tight Rope"/>
      </concept>
      <concept>
        <code value="arthrex_titanium"/>
        <display value="Arthrex Titanium skrue"/>
      </concept>
      <concept>
        <code value="arthrex_transfix"/>
        <display value="Arthrex Transfix"/>
      </concept>
      <concept>
        <code value="arthrocare_bilok_trans"/>
        <display value="Arthrocare Bilok Trans-skrue"/>
      </concept>
      <concept>
        <code value="atlantech_bilok"/>
        <display value="Atlantech Bilok Skrue"/>
      </concept>
      <concept>
        <code value="atlantech_metal"/>
        <display value="Atlantech metal skrue"/>
      </concept>
      <concept>
        <code value="biomet_ez_loc"/>
        <display value="Biomet EZ Loc"/>
      </concept>
      <concept>
        <code value="biomet_metal_tunneloc"/>
        <display value="Biomet metal skrue (Tunneloc)"/>
      </concept>
      <concept>
        <code value="biomet_plla_gentlethread"/>
        <display value="Biomet PLLA skrue (Gentletread)"/>
      </concept>
      <concept>
        <code value="biomet_togglelock_zipploop"/>
        <display value="Biomet Togglelock Zipploop"/>
      </concept>
      <concept>
        <code value="cayenne_aperfix"/>
        <display value="Cayenne Aperfix"/>
      </concept>
      <concept>
        <code value="conmed_guardsman"/>
        <display value="Conmed Guardsman metal"/>
      </concept>
      <concept>
        <code value="conmed_metal_propel"/>
        <display value="ConMed Metal skrue (Propel)"/>
      </concept>
      <concept>
        <code value="conmed_plla_bioscrew"/>
        <display value="ConMed PLLA skrue (Bioscrew)"/>
      </concept>
      <concept>
        <code value="conmed_xo_button"/>
        <display value="ConMed XO Button"/>
      </concept>
      <concept>
        <code value="depuy_mitek_femoral_intrafix"/>
        <display value="Depuy Mitek Femoral Intrafix"/>
      </concept>
      <concept>
        <code value="depuy_mitek_milagro"/>
        <display value="Depuy Mitek Milagro skrue"/>
      </concept>
      <concept>
        <code value="depuy_mitek_rigidfix"/>
        <display value="Depuy Mitek Rigidfix"/>
      </concept>
      <concept>
        <code value="depuy_mitek_titanium"/>
        <display value="Depuy Mitek Titanium skrue"/>
      </concept>
      <concept>
        <code value="depuy_rigidfix_curve"/>
        <display value="Depuy Rigidfix CURVE"/>
      </concept>
      <concept>
        <code value="depuy_rigidloop_adjustable_loop"/>
        <display value="Depuy RIGIDLOOP adjustable loop"/>
      </concept>
      <concept>
        <code value="depuy_rigidloop_fixed_loop"/>
        <display value="Depuy RIGIDLOOP fixed loop"/>
      </concept>
      <concept>
        <code value="femoral_intrafix"/>
        <display value="Femoral Intrafix"/>
      </concept>
      <concept>
        <code value="inion_hexalon"/>
        <display value="Inion Hexalon skrue"/>
      </concept>
      <concept>
        <code value="smith&amp;nephew_biosure_peek"/>
        <display value="Smith &amp; Nephew Biosure PEEK skrue"/>
      </concept>
      <concept>
        <code value="smith&amp;nephew_calaxo"/>
        <display value="Smith &amp; Nephew Calaxo"/>
      </concept>
      <concept>
        <code value="smith&amp;nephew_endobutton_cl"/>
        <display value="Smith &amp; Nephew Endobutton CL"/>
      </concept>
      <concept>
        <code value="smith&amp;nephew_rci_metal"/>
        <display value="Smith &amp; Nephew RCI metal"/>
      </concept>
      <concept>
        <code value="smith&amp;nephew_rci_plla"/>
        <display value="Smith &amp; Nephew RCI PLLA"/>
      </concept>
      <concept>
        <code value="smith&amp;nephew_rci_plla/ha"/>
        <display value="Smith &amp; Nephew RCI PLLA/HA"/>
      </concept>
      <concept>
        <code value="smith&amp;nephew_softsilk_metal"/>
        <display value="Smith &amp; Nephew Softsilk metal"/>
      </concept>
      <concept>
        <code value="smith&amp;nephew_ultrabutton"/>
        <display value="Smith &amp; Nephew UltraButton"/>
      </concept>
      <concept>
        <code value="storz_flip-tac"/>
        <display value="Storz Flip-Tac"/>
      </concept>
      <concept>
        <code value="stryker_bioosteon"/>
        <display value="Stryker Bioosteon skrue"/>
      </concept>
      <concept>
        <code value="stryker_crossscrew_ha/plla"/>
        <display value="Stryker Crossscrew (HA/PLLA)"/>
      </concept>
      <concept>
        <code value="stryker_crossscrew_titanium"/>
        <display value="Stryker Crossscrew (Titanium)"/>
      </concept>
      <concept>
        <code value="stryker_plla"/>
        <display value="Stryker PLLA skrue"/>
      </concept>
      <concept>
        <code value="stryker_procinch"/>
        <display value="Stryker ProCinch"/>
      </concept>
      <concept>
        <code value="stryker_titanium"/>
        <display value="Stryker titanium skrue"/>
      </concept>
      <concept>
        <code value="stryker_versitomic_g-lok"/>
        <display value="Stryker VersiTomic G-lok"/>
      </concept>
      <concept>
        <code value="screw/washer"/>
        <display value="Skrue/washer"/>
      </concept>
    </include>
    <include>
      <system value="https://kip.rkkp.dk/fhir/CodeSystem/GenericValues"/>
      <concept>
        <code value="other"/>
        <display value="Andet"/>
      </concept>
    </include>
  </compose>
</ValueSet>