<?xml version="1.0" encoding="UTF-8"?>

<ValueSet xmlns="http://hl7.org/fhir">
  <id value="BehandlingKirurgiskEndovaskulaer"/>
  <text>
    <status value="extensions"/><div xmlns="http://www.w3.org/1999/xhtml"><p class="res-header-id"><b>Generated Narrative: ValueSet BehandlingKirurgiskEndovaskulaer</b></p><a name="BehandlingKirurgiskEndovaskulaer"> </a><a name="hcBehandlingKirurgiskEndovaskulaer"> </a><a name="BehandlingKirurgiskEndovaskulaer-en-US"> </a><ul><li>Include these codes as defined in <a href="CodeSystem-TreatmentType.html"><code>https://kip.rkkp.dk/fhir/CodeSystem/TreatmentType</code></a><table class="none"><tr><td style="white-space:nowrap"><b>Code</b></td><td><b>Display</b></td><td><b>Definition</b></td></tr><tr><td><a href="CodeSystem-TreatmentType.html#TreatmentType-endovascular">endovascular</a></td><td>Endovaskulær behandling</td><td>Endovascular treatment</td></tr><tr><td><a href="CodeSystem-TreatmentType.html#TreatmentType-surgical">surgical</a></td><td>Kirurgisk behandling</td><td>Surgical treatment</td></tr></table></li></ul></div>
  </text>
  <url value="https://kip.rkkp.dk/fhir/ValueSet/BehandlingKirurgiskEndovaskulaer"/>
  <version value="0.1.6"/>
  <name value="BehandlingKirurgiskEndovaskulaer"/>
  <title value="Behandling; kirurgisk og endovaskulær"/>
  <status value="active"/>
  <experimental value="true"/>
  <date value="2022-06-28T00:00:00+02:00"/>
  <publisher value="Sundhedsvæsnets Kvalistetsinstitut with Trifork Digital Health A/S"/>
  <contact>
    <name value="Sundhedsvæsnets Kvalistetsinstitut with Trifork Digital Health A/S"/>
    <telecom>
      <system value="url"/>
      <value value="https://trifork.com"/>
    </telecom>
    <telecom>
      <system value="email"/>
      <value value="rbk@trifork.com"/>
    </telecom>
  </contact>
  <description value="Behandling; kirurgisk og endovaskulær"/>
  <compose>
    <include>
      <system value="https://kip.rkkp.dk/fhir/CodeSystem/TreatmentType"/>
      <concept>
        <code value="endovascular"/>
        <display value="Endovaskulær behandling"/>
      </concept>
      <concept>
        <code value="surgical"/>
        <display value="Kirurgisk behandling"/>
      </concept>
    </include>
  </compose>
</ValueSet>