<?xml version="1.0" encoding="UTF-8"?>

<ValueSet xmlns="http://hl7.org/fhir">
  <id value="BiobankSamples"/>
  <text>
    <status value="extensions"/><div xmlns="http://www.w3.org/1999/xhtml"><p class="res-header-id"><b>Generated Narrative: ValueSet BiobankSamples</b></p><a name="BiobankSamples"> </a><a name="hcBiobankSamples"> </a><a name="BiobankSamples-en-US"> </a><p>This value set includes codes based on the following rules:</p><ul><li>Include these codes as defined in <a href="CodeSystem-BiobankSamples.html"><code>https://kip.rkkp.dk/fhir/CodeSystem/BiobankSamples</code></a><table class="none"><tr><td style="white-space:nowrap"><b>Code</b></td><td><b>Display</b></td><td><b>Definition</b></td></tr><tr><td><a href="CodeSystem-BiobankSamples.html#BiobankSamples-serum.47plasma">serum/plasma</a></td><td>Serum / Plasma</td><td>Serum/plasma</td></tr><tr><td><a href="CodeSystem-BiobankSamples.html#BiobankSamples-vital_frozen">vital_frozen</a></td><td>Mononukleære marvceller (Vitalfrosne)</td><td>Vital frozen / Vitalfrosne; dvs. usorterede ved -196°C</td></tr><tr><td><a href="CodeSystem-BiobankSamples.html#BiobankSamples-not_vital_frozen">not_vital_frozen</a></td><td>Mononukleære marvceller (Ikke Vitalfrosne)</td><td>Not vital frozen / Ikke vitalfrosne; dvs. usorterede ved -80°C</td></tr><tr><td><a href="CodeSystem-BiobankSamples.html#BiobankSamples-isolated">isolated</a></td><td>Isolerede myelomceller</td><td>Isolated myolema cells</td></tr><tr><td><a href="CodeSystem-BiobankSamples.html#BiobankSamples-marrow_cells">marrow_cells</a></td><td>Andre marvceller</td><td>Marrow cells (unspecified/other)</td></tr><tr><td><a href="CodeSystem-BiobankSamples.html#BiobankSamples-rna">rna</a></td><td>RNA</td><td>RNA</td></tr><tr><td><a href="CodeSystem-BiobankSamples.html#BiobankSamples-dna">dna</a></td><td>DNA</td><td>DNA</td></tr><tr><td><a href="CodeSystem-BiobankSamples.html#BiobankSamples-marrow_plasma">marrow_plasma</a></td><td>Marvplasma</td><td>Marrow plasma</td></tr></table></li><li>Include these codes as defined in <a href="CodeSystem-GenericValues.html"><code>https://kip.rkkp.dk/fhir/CodeSystem/GenericValues</code></a><table class="none"><tr><td style="white-space:nowrap"><b>Code</b></td><td><b>Display</b></td><td><b>Definition</b></td></tr><tr><td><a href="CodeSystem-GenericValues.html#GenericValues-other">other</a></td><td>Andet</td><td>Other - used to choose unspecific value not in a valueset</td></tr></table></li></ul></div>
  </text>
  <url value="https://kip.rkkp.dk/fhir/ValueSet/BiobankSamples"/>
  <version value="2.9.1"/>
  <name value="BiobankSamples"/>
  <title value="Dansk national biobank"/>
  <status value="active"/>
  <experimental value="true"/>
  <date value="2022-06-29T00:00:00+02:00"/>
  <publisher value="Sundhedsvæsnets Kvalistetsinstitut with Trifork Digital Health A/S"/>
  <contact>
    <name value="Sundhedsvæsnets Kvalistetsinstitut with Trifork Digital Health A/S"/>
    <telecom>
      <system value="url"/>
      <value value="https://trifork.com"/>
    </telecom>
    <telecom>
      <system value="email"/>
      <value value="rbk@trifork.com"/>
    </telecom>
  </contact>
  <description value="Dansk national biobank - Samples og matrialer"/>
  <compose>
    <include>
      <system value="https://kip.rkkp.dk/fhir/CodeSystem/BiobankSamples"/>
      <concept>
        <code value="serum/plasma"/>
        <display value="Serum / Plasma"/>
      </concept>
      <concept>
        <code value="vital_frozen"/>
        <display value="Mononukleære marvceller (Vitalfrosne)"/>
      </concept>
      <concept>
        <code value="not_vital_frozen"/>
        <display value="Mononukleære marvceller (Ikke Vitalfrosne)"/>
      </concept>
      <concept>
        <code value="isolated"/>
        <display value="Isolerede myelomceller"/>
      </concept>
      <concept>
        <code value="marrow_cells"/>
        <display value="Andre marvceller"/>
      </concept>
      <concept>
        <code value="rna"/>
        <display value="RNA"/>
      </concept>
      <concept>
        <code value="dna"/>
        <display value="DNA"/>
      </concept>
      <concept>
        <code value="marrow_plasma"/>
        <display value="Marvplasma"/>
      </concept>
    </include>
    <include>
      <system value="https://kip.rkkp.dk/fhir/CodeSystem/GenericValues"/>
      <concept>
        <code value="other"/>
        <display value="Andet"/>
      </concept>
    </include>
  </compose>
</ValueSet>