<?xml version="1.0" encoding="UTF-8"?>

<ValueSet xmlns="http://hl7.org/fhir">
  <id value="HarrisHipScoreGangdistance"/>
  <text>
    <status value="extensions"/><div xmlns="http://www.w3.org/1999/xhtml"><p class="res-header-id"><b>Generated Narrative: ValueSet HarrisHipScoreGangdistance</b></p><a name="HarrisHipScoreGangdistance"> </a><a name="hcHarrisHipScoreGangdistance"> </a><a name="HarrisHipScoreGangdistance-en-US"> </a><ul><li>Include these codes as defined in <a href="CodeSystem-HarrisHipScoreDistanceWalked.html"><code>https://kip.rkkp.dk/fhir/CodeSystem/HarrisHipScoreDistanceWalked</code></a><table class="none"><tr><td style="white-space:nowrap"><b>Code</b></td><td><b>Display</b></td><td><b>Definition</b></td></tr><tr><td><a href="CodeSystem-HarrisHipScoreDistanceWalked.html#HarrisHipScoreDistanceWalked-11">11</a></td><td>Ubegrænset</td><td>Unlimited (11)</td></tr><tr><td><a href="CodeSystem-HarrisHipScoreDistanceWalked.html#HarrisHipScoreDistanceWalked-8">8</a></td><td>1,5-2 km</td><td>Six blocks (30 minutes) (8)</td></tr><tr><td><a href="CodeSystem-HarrisHipScoreDistanceWalked.html#HarrisHipScoreDistanceWalked-5">5</a></td><td>0,5-1 km</td><td>Two og three blocks (10-15 minutes) (5)</td></tr><tr><td><a href="CodeSystem-HarrisHipScoreDistanceWalked.html#HarrisHipScoreDistanceWalked-2">2</a></td><td>Kun indendørs</td><td>Indoors only (2)</td></tr><tr><td><a href="CodeSystem-HarrisHipScoreDistanceWalked.html#HarrisHipScoreDistanceWalked-0">0</a></td><td>Bunden til seng/kørestol</td><td>Bed and chair only (0)</td></tr></table></li></ul></div>
  </text>
  <url value="https://kip.rkkp.dk/fhir/ValueSet/HarrisHipScoreGangdistance"/>
  <version value="0.2.1"/>
  <name value="HarrisHipScoreGangdistance"/>
  <title value="Harris Hip Score - Gangdistance"/>
  <status value="active"/>
  <experimental value="true"/>
  <date value="2022-11-15T00:00:00+02:00"/>
  <publisher value="Sundhedsvæsnets Kvalistetsinstitut with Trifork Digital Health A/S"/>
  <contact>
    <name value="Sundhedsvæsnets Kvalistetsinstitut with Trifork Digital Health A/S"/>
    <telecom>
      <system value="url"/>
      <value value="https://trifork.com"/>
    </telecom>
    <telecom>
      <system value="email"/>
      <value value="rbk@trifork.com"/>
    </telecom>
  </contact>
  <description value="Harris Hip Score - Gangdistance"/>
  <compose>
    <include>
      <system value="https://kip.rkkp.dk/fhir/CodeSystem/HarrisHipScoreDistanceWalked"/>
      <concept>
        <code value="11"/>
        <display value="Ubegrænset"/>
      </concept>
      <concept>
        <code value="8"/>
        <display value="1,5-2 km"/>
      </concept>
      <concept>
        <code value="5"/>
        <display value="0,5-1 km"/>
      </concept>
      <concept>
        <code value="2"/>
        <display value="Kun indendørs"/>
      </concept>
      <concept>
        <code value="0"/>
        <display value="Bunden til seng/kørestol"/>
      </concept>
    </include>
  </compose>
</ValueSet>