<?xml version="1.0" encoding="UTF-8"?>

<ValueSet xmlns="http://hl7.org/fhir">
  <id value="TypeLokalresektionRektumDCCG"/>
  <text>
    <status value="extensions"/><div xmlns="http://www.w3.org/1999/xhtml"><p class="res-header-id"><b>Generated Narrative: ValueSet TypeLokalresektionRektumDCCG</b></p><a name="TypeLokalresektionRektumDCCG"> </a><a name="hcTypeLokalresektionRektumDCCG"> </a><a name="TypeLokalresektionRektumDCCG-en-US"> </a><ul><li>Include these codes as defined in <a href="CodeSystem-ProcedureType.html"><code>https://kip.rkkp.dk/fhir/CodeSystem/ProcedureType</code></a><table class="none"><tr><td style="white-space:nowrap"><b>Code</b></td><td><b>Display</b></td><td><b>Definition</b></td></tr><tr><td><a href="CodeSystem-ProcedureType.html#ProcedureType-local_resection">local_resection</a></td><td>Endoskopisk lokalresektion (ekskl. TES)</td><td>Local ressection / Lokalresektion</td></tr><tr><td><a href="CodeSystem-ProcedureType.html#ProcedureType-local_resection_tes">local_resection_tes</a></td><td>Endoskopisk lokalresektion efterfulgt af TES</td><td>Local ressection followed by TES / Lokalresektion efterfulgt af TES</td></tr><tr><td><a href="CodeSystem-ProcedureType.html#ProcedureType-transanal_resection">transanal_resection</a></td><td>Transanal endoskopisk lokalresektion (TES)</td><td>Transanal endoskopisk lokalresektion (TES)</td></tr></table></li></ul></div>
  </text>
  <url value="https://kip.rkkp.dk/fhir/ValueSet/TypeLokalresektionRektumDCCG"/>
  <version value="0.1.6"/>
  <name value="TypeLokalresektionRektumDCCG"/>
  <title value="Type af præoperativ endoskopisk lokalresektion (Rektum) DCCG"/>
  <status value="active"/>
  <experimental value="true"/>
  <date value="2023-04-13T00:00:00+02:00"/>
  <publisher value="Sundhedsvæsnets Kvalistetsinstitut with Trifork Digital Health A/S"/>
  <contact>
    <name value="Sundhedsvæsnets Kvalistetsinstitut with Trifork Digital Health A/S"/>
    <telecom>
      <system value="url"/>
      <value value="https://trifork.com"/>
    </telecom>
    <telecom>
      <system value="email"/>
      <value value="rbk@trifork.com"/>
    </telecom>
  </contact>
  <description value="Type af præoperativ endoskopisk lokalresektion (Rektum) DCCG"/>
  <compose>
    <include>
      <system value="https://kip.rkkp.dk/fhir/CodeSystem/ProcedureType"/>
      <concept>
        <code value="local_resection"/>
        <display value="Endoskopisk lokalresektion (ekskl. TES)"/>
      </concept>
      <concept>
        <code value="local_resection_tes"/>
        <display value="Endoskopisk lokalresektion efterfulgt af TES"/>
      </concept>
      <concept>
        <code value="transanal_resection"/>
        <display value="Transanal endoskopisk lokalresektion (TES)"/>
      </concept>
    </include>
  </compose>
</ValueSet>