<?xml version="1.0" encoding="UTF-8"?>

<ValueSet xmlns="http://hl7.org/fhir">
  <id value="KomplAndreDiagDUGA"/>
  <text>
    <status value="extensions"/><div xmlns="http://www.w3.org/1999/xhtml"><p class="res-header-id"><b>Generated Narrative: ValueSet KomplAndreDiagDUGA</b></p><a name="KomplAndreDiagDUGA"> </a><a name="hcKomplAndreDiagDUGA"> </a><a name="KomplAndreDiagDUGA-en-US"> </a><ul><li>Include these codes as defined in <a href="CodeSystem-ProcedureUrogyn.html"><code>https://kip.rkkp.dk/fhir/CodeSystem/ProcedureUrogyn</code></a><table class="none"><tr><td style="white-space:nowrap"><b>Code</b></td><td><b>Display</b></td><td><b>Definition</b></td></tr><tr><td><a href="CodeSystem-ProcedureUrogyn.html#ProcedureUrogyn-DN393">DN393</a></td><td>DN393: Stress-inkontinens</td><td>Stress-inkontinens</td></tr><tr><td><a href="CodeSystem-ProcedureUrogyn.html#ProcedureUrogyn-DN895D">DN895D</a></td><td>DN895D: Vaginal striktur</td><td>Vaginal striktur</td></tr><tr><td><a href="CodeSystem-ProcedureUrogyn.html#ProcedureUrogyn-DR102B">DR102B</a></td><td>DR102B: Mavesmerter lokaliseret til bækken</td><td>Mavesmerter lokaliseret til bækken</td></tr><tr><td><a href="CodeSystem-ProcedureUrogyn.html#ProcedureUrogyn-DR522B">DR522B</a></td><td>DR522B: Smerter i kønsorganer</td><td>Smerter i kønsorganer</td></tr><tr><td><a href="CodeSystem-ProcedureUrogyn.html#ProcedureUrogyn-DT983C">DT983C</a></td><td>DT983C: Postoperativ seksuel dysfunktion</td><td>Postoperativ seksuel dysfunktion</td></tr></table></li></ul></div>
  </text>
  <url value="https://kip.rkkp.dk/fhir/ValueSet/KomplAndreDiagDUGA"/>
  <version value="2.9.3"/>
  <name value="KomplAndreDiagDUGA"/>
  <title value="Komplikationer pga. 'Andre' - Diagnosekoder (DUGA)"/>
  <status value="active"/>
  <experimental value="true"/>
  <date value="2024-02-21T00:00:00+02:00"/>
  <publisher value="Sundhedsvæsenets Kvalitetsinstitut with Trifork Digital Health A/S"/>
  <contact>
    <name value="Sundhedsvæsenets Kvalitetsinstitut with Trifork Digital Health A/S"/>
    <telecom>
      <system value="url"/>
      <value value="https://trifork.com"/>
    </telecom>
    <telecom>
      <system value="email"/>
      <value value="rbk@trifork.com"/>
    </telecom>
  </contact>
  <description value="Komplikationer pga. 'Andre' - Diagnosekoder (DUGA)"/>
  <compose>
    <include>
      <system value="https://kip.rkkp.dk/fhir/CodeSystem/ProcedureUrogyn"/>
      <concept>
        <code value="DN393"/>
        <display value="DN393: Stress-inkontinens"/>
      </concept>
      <concept>
        <code value="DN895D"/>
        <display value="DN895D: Vaginal striktur"/>
      </concept>
      <concept>
        <code value="DR102B"/>
        <display value="DR102B: Mavesmerter lokaliseret til bækken"/>
      </concept>
      <concept>
        <code value="DR522B"/>
        <display value="DR522B: Smerter i kønsorganer"/>
      </concept>
      <concept>
        <code value="DT983C"/>
        <display value="DT983C: Postoperativ seksuel dysfunktion"/>
      </concept>
    </include>
  </compose>
</ValueSet>