<?xml version="1.0" encoding="UTF-8"?>

<ValueSet xmlns="http://hl7.org/fhir">
  <id value="StraffelovsparagrafRETSPSYK"/>
  <text>
    <status value="extensions"/><div xmlns="http://www.w3.org/1999/xhtml"><p class="res-header-id"><b>Generated Narrative: ValueSet StraffelovsparagrafRETSPSYK</b></p><a name="StraffelovsparagrafRETSPSYK"> </a><a name="hcStraffelovsparagrafRETSPSYK"> </a><a name="StraffelovsparagrafRETSPSYK-en-US"> </a><ul><li>Include these codes as defined in <a href="CodeSystem-Paragraph.html"><code>https://kip.rkkp.dk/fhir/CodeSystem/Paragraph</code></a><table class="none"><tr><td style="white-space:nowrap"><b>Code</b></td><td><b>Display</b></td><td><b>Definition</b></td></tr><tr><td><a href="CodeSystem-Paragraph.html#Paragraph-.16716">§16</a></td><td>§16</td><td>§16</td></tr><tr><td><a href="CodeSystem-Paragraph.html#Paragraph-.16769">§69</a></td><td>§69</td><td>§69</td></tr><tr><td><a href="CodeSystem-Paragraph.html#Paragraph-.16773">§73</a></td><td>§73</td><td>§73</td></tr></table></li></ul></div>
  </text>
  <url value="https://kip.rkkp.dk/fhir/ValueSet/StraffelovsparagrafRETSPSYK"/>
  <version value="2.9.1"/>
  <name value="StraffelovsparagrafRETSPSYK"/>
  <title value="Straffelovsparagraf (RETSPSYK)"/>
  <status value="active"/>
  <experimental value="true"/>
  <date value="2022-09-28T00:00:00+02:00"/>
  <publisher value="Sundhedsvæsnets Kvalistetsinstitut with Trifork Digital Health A/S"/>
  <contact>
    <name value="Sundhedsvæsnets Kvalistetsinstitut with Trifork Digital Health A/S"/>
    <telecom>
      <system value="url"/>
      <value value="https://trifork.com"/>
    </telecom>
    <telecom>
      <system value="email"/>
      <value value="rbk@trifork.com"/>
    </telecom>
  </contact>
  <description value="Straffelovsparagraf (RETSPSYK)"/>
  <compose>
    <include>
      <system value="https://kip.rkkp.dk/fhir/CodeSystem/Paragraph"/>
      <concept>
        <code value="§16"/>
        <display value="§16"/>
      </concept>
      <concept>
        <code value="§69"/>
        <display value="§69"/>
      </concept>
      <concept>
        <code value="§73"/>
        <display value="§73"/>
      </concept>
    </include>
  </compose>
</ValueSet>