<?xml version="1.0" encoding="UTF-8"?>

<ValueSet xmlns="http://hl7.org/fhir">
  <id value="DomBehandlingRETSPSYK"/>
  <text>
    <status value="extensions"/><div xmlns="http://www.w3.org/1999/xhtml"><p class="res-header-id"><b>Generated Narrative: ValueSet DomBehandlingRETSPSYK</b></p><a name="DomBehandlingRETSPSYK"> </a><a name="hcDomBehandlingRETSPSYK"> </a><a name="DomBehandlingRETSPSYK-en-US"> </a><ul><li>Include these codes as defined in <a href="CodeSystem-Verdict.html"><code>https://kip.rkkp.dk/fhir/CodeSystem/Verdict</code></a><table class="none"><tr><td style="white-space:nowrap"><b>Code</b></td><td><b>Display</b></td><td><b>Definition</b></td></tr><tr><td><a href="CodeSystem-Verdict.html#Verdict-treatment_correctional">treatment_correctional</a></td><td>Dom til behandling på psykiatrisk afdeling med tilsyn af Kriminalforsorgen etc.</td><td>Dom til behandling på psykiatrisk afdeling med tilsyn af Kriminalforsorgen</td></tr><tr><td><a href="CodeSystem-Verdict.html#Verdict-treatment">treatment</a></td><td>Dom til behandling på psykiatrisk afdeling etc.</td><td>Dom til behandling på psykiatrisk afdeling</td></tr></table></li></ul></div>
  </text>
  <url value="https://kip.rkkp.dk/fhir/ValueSet/DomBehandlingRETSPSYK"/>
  <version value="0.2.1"/>
  <name value="DomBehandlingRETSPSYK"/>
  <title value="Dom - Behandling (RETSPSYK)"/>
  <status value="active"/>
  <experimental value="true"/>
  <date value="2022-09-28T00:00:00+02:00"/>
  <publisher value="Sundhedsvæsnets Kvalistetsinstitut with Trifork Digital Health A/S"/>
  <contact>
    <name value="Sundhedsvæsnets Kvalistetsinstitut with Trifork Digital Health A/S"/>
    <telecom>
      <system value="url"/>
      <value value="https://trifork.com"/>
    </telecom>
    <telecom>
      <system value="email"/>
      <value value="rbk@trifork.com"/>
    </telecom>
  </contact>
  <description value="Dom - Behandling (RETSPSYK)"/>
  <compose>
    <include>
      <system value="https://kip.rkkp.dk/fhir/CodeSystem/Verdict"/>
      <concept>
        <code value="treatment_correctional"/>
        <display value="Dom til behandling på psykiatrisk afdeling med tilsyn af Kriminalforsorgen etc."/>
      </concept>
      <concept>
        <code value="treatment"/>
        <display value="Dom til behandling på psykiatrisk afdeling etc."/>
      </concept>
    </include>
  </compose>
</ValueSet>