<?xml version="1.0" encoding="UTF-8"?>

<ValueSet xmlns="http://hl7.org/fhir">
  <id value="ProcedureVarighed5min"/>
  <text>
    <status value="extensions"/><div xmlns="http://www.w3.org/1999/xhtml"><p class="res-header-id"><b>Generated Narrative: ValueSet ProcedureVarighed5min</b></p><a name="ProcedureVarighed5min"> </a><a name="hcProcedureVarighed5min"> </a><a name="ProcedureVarighed5min-en-US"> </a><ul><li>Include these codes as defined in <a href="CodeSystem-ProcedureDuration.html"><code>https://kip.rkkp.dk/fhir/CodeSystem/ProcedureDuration</code></a><table class="none"><tr><td style="white-space:nowrap"><b>Code</b></td><td><b>Display</b></td><td><b>Definition</b></td></tr><tr><td><a href="CodeSystem-ProcedureDuration.html#ProcedureDuration-.625">&gt;5</a></td><td>Over 5 min.</td><td>&gt;5</td></tr><tr><td><a href="CodeSystem-ProcedureDuration.html#ProcedureDuration-.61.605">=&lt;5</a></td><td>Under eller lig 5 min.</td><td>=&lt;5</td></tr></table></li></ul></div>
  </text>
  <url value="https://kip.rkkp.dk/fhir/ValueSet/ProcedureVarighed5min"/>
  <version value="0.1.8"/>
  <name value="ProcedureVarighed5min"/>
  <title value="Procedure varighed; over/under 5 min."/>
  <status value="active"/>
  <experimental value="true"/>
  <date value="2022-06-29T00:00:00+02:00"/>
  <publisher value="Sundhedsvæsnets Kvalistetsinstitut with Trifork Digital Health A/S"/>
  <contact>
    <name value="Sundhedsvæsnets Kvalistetsinstitut with Trifork Digital Health A/S"/>
    <telecom>
      <system value="url"/>
      <value value="https://trifork.com"/>
    </telecom>
    <telecom>
      <system value="email"/>
      <value value="rbk@trifork.com"/>
    </telecom>
  </contact>
  <description value="Procedure varighed; over/under 5 min."/>
  <compose>
    <include>
      <system value="https://kip.rkkp.dk/fhir/CodeSystem/ProcedureDuration"/>
      <concept>
        <code value="&gt;5"/>
        <display value="Over 5 min."/>
      </concept>
      <concept>
        <code value="=&lt;5"/>
        <display value="Under eller lig 5 min."/>
      </concept>
    </include>
  </compose>
</ValueSet>