<?xml version="1.0" encoding="UTF-8"?>

<ValueSet xmlns="http://hl7.org/fhir">
  <id value="IndgrebAabenMeshIngvinalhernieDHDB"/>
  <text>
    <status value="extensions"/><div xmlns="http://www.w3.org/1999/xhtml"><p class="res-header-id"><b>Generated Narrative: ValueSet IndgrebAabenMeshIngvinalhernieDHDB</b></p><a name="IndgrebAabenMeshIngvinalhernieDHDB"> </a><a name="hcIndgrebAabenMeshIngvinalhernieDHDB"> </a><a name="IndgrebAabenMeshIngvinalhernieDHDB-en-US"> </a><p>This value set includes codes based on the following rules:</p><ul><li>Include these codes as defined in <a href="CodeSystem-ProcedureType.html"><code>https://kip.rkkp.dk/fhir/CodeSystem/ProcedureType</code></a><table class="none"><tr><td style="white-space:nowrap"><b>Code</b></td><td><b>Display</b></td><td><b>Definition</b></td></tr><tr><td><a href="CodeSystem-ProcedureType.html#ProcedureType-plug">plug</a></td><td>Plug alene</td><td>Plug</td></tr><tr><td><a href="CodeSystem-ProcedureType.html#ProcedureType-plug_plate">plug_plate</a></td><td>Plug plus plade</td><td>Plug and plate / Plug og plade</td></tr></table></li><li>Include these codes as defined in <a href="CodeSystem-GenericValues.html"><code>https://kip.rkkp.dk/fhir/CodeSystem/GenericValues</code></a><table class="none"><tr><td style="white-space:nowrap"><b>Code</b></td><td><b>Display</b></td><td><b>Definition</b></td></tr><tr><td><a href="CodeSystem-GenericValues.html#GenericValues-other">other</a></td><td>Øvrige åben mesh</td><td>Other - used to choose unspecific value not in a valueset</td></tr></table></li></ul></div>
  </text>
  <url value="https://kip.rkkp.dk/fhir/ValueSet/IndgrebAabenMeshIngvinalhernieDHDB"/>
  <version value="2.9.3"/>
  <name value="IndgrebAabenMeshIngvinalhernieDHDB"/>
  <title value="Indgreb, åben mesh - ingvinalhernie (DHDB)"/>
  <status value="active"/>
  <experimental value="true"/>
  <date value="2022-07-20T00:00:00+02:00"/>
  <publisher value="Sundhedsvæsenets Kvalitetsinstitut with Trifork Digital Health A/S"/>
  <contact>
    <name value="Sundhedsvæsenets Kvalitetsinstitut with Trifork Digital Health A/S"/>
    <telecom>
      <system value="url"/>
      <value value="https://trifork.com"/>
    </telecom>
    <telecom>
      <system value="email"/>
      <value value="rbk@trifork.com"/>
    </telecom>
  </contact>
  <description value="Indgreb, åben mesh - ingvinalhernie (DHDB)"/>
  <compose>
    <include>
      <system value="https://kip.rkkp.dk/fhir/CodeSystem/ProcedureType"/>
      <concept>
        <code value="plug"/>
        <display value="Plug alene"/>
      </concept>
      <concept>
        <code value="plug_plate"/>
        <display value="Plug plus plade"/>
      </concept>
    </include>
    <include>
      <system value="https://kip.rkkp.dk/fhir/CodeSystem/GenericValues"/>
      <concept>
        <code value="other"/>
        <display value="Øvrige åben mesh"/>
      </concept>
    </include>
  </compose>
</ValueSet>