<?xml version="1.0" encoding="UTF-8"?>

<ValueSet xmlns="http://hl7.org/fhir">
  <id value="NIHSS4Facialisparese"/>
  <text>
    <status value="extensions"/><div xmlns="http://www.w3.org/1999/xhtml"><p class="res-header-id"><b>Generated Narrative: ValueSet NIHSS4Facialisparese</b></p><a name="NIHSS4Facialisparese"> </a><a name="hcNIHSS4Facialisparese"> </a><a name="NIHSS4Facialisparese-en-US"> </a><ul><li>Include these codes as defined in <a href="CodeSystem-NIHSS4FacialPalsy.html"><code>https://kip.rkkp.dk/fhir/CodeSystem/NIHSS4FacialPalsy</code></a><table class="none"><tr><td style="white-space:nowrap"><b>Code</b></td><td><b>Display</b></td><td><b>Definition</b></td></tr><tr><td><a href="CodeSystem-NIHSS4FacialPalsy.html#NIHSS4FacialPalsy-0">0</a></td><td>0 = Normale, symmetriske ansigtsbevægelser</td><td>Normal symmetrical movements.</td></tr><tr><td><a href="CodeSystem-NIHSS4FacialPalsy.html#NIHSS4FacialPalsy-1">1</a></td><td>1 = Let parese (udglattet nasolabialfure eller asymmetri ved smil)</td><td>Minor paralysis (flattened nasolabial fold, asymmetry on smiling).</td></tr><tr><td><a href="CodeSystem-NIHSS4FacialPalsy.html#NIHSS4FacialPalsy-2">2</a></td><td>2 = Partiel parese (svær eller total parese af nedre ansigtshalvdel)</td><td>Partial paralysis (total or near-total paralysis of lower face).</td></tr><tr><td><a href="CodeSystem-NIHSS4FacialPalsy.html#NIHSS4FacialPalsy-3">3</a></td><td>3 = Total paralyse af én eller begge sider</td><td>Complete paralysis of one or both sides (absence of facial movement in the upper and lower face).</td></tr></table></li></ul></div>
  </text>
  <url value="https://kip.rkkp.dk/fhir/ValueSet/NIHSS4Facialisparese"/>
  <version value="2.9.0"/>
  <name value="NIHSS4Facialisparese"/>
  <title value="NIHSS - 4. Facialisparese"/>
  <status value="active"/>
  <experimental value="true"/>
  <date value="2022-06-27T00:00:00+02:00"/>
  <publisher value="Sundhedsvæsnets Kvalistetsinstitut with Trifork Digital Health A/S"/>
  <contact>
    <name value="Sundhedsvæsnets Kvalistetsinstitut with Trifork Digital Health A/S"/>
    <telecom>
      <system value="url"/>
      <value value="https://trifork.com"/>
    </telecom>
    <telecom>
      <system value="email"/>
      <value value="rbk@trifork.com"/>
    </telecom>
  </contact>
  <description value="The National Institute of Health Stroke Scale (NIHSS) - 4. Facialisparese (bed patienten om at vise tænder/løfte øjenbryn og lukke øjnene fast i)"/>
  <compose>
    <include>
      <system value="https://kip.rkkp.dk/fhir/CodeSystem/NIHSS4FacialPalsy"/>
      <concept>
        <code value="0"/>
        <display value="0 = Normale, symmetriske ansigtsbevægelser"/>
      </concept>
      <concept>
        <code value="1"/>
        <display value="1 = Let parese (udglattet nasolabialfure eller asymmetri ved smil)"/>
      </concept>
      <concept>
        <code value="2"/>
        <display value="2 = Partiel parese (svær eller total parese af nedre ansigtshalvdel)"/>
      </concept>
      <concept>
        <code value="3"/>
        <display value="3 = Total paralyse af én eller begge sider"/>
      </concept>
    </include>
  </compose>
</ValueSet>