<?xml version="1.0" encoding="UTF-8"?>

<ValueSet xmlns="http://hl7.org/fhir">
  <id value="FunktionsgruppeDHR"/>
  <text>
    <status value="extensions"/><div xmlns="http://www.w3.org/1999/xhtml"><p class="res-header-id"><b>Generated Narrative: ValueSet FunktionsgruppeDHR</b></p><a name="FunktionsgruppeDHR"> </a><a name="hcFunktionsgruppeDHR"> </a><a name="FunktionsgruppeDHR-en-US"> </a><p>This value set includes codes based on the following rules:</p><ul><li>Include these codes as defined in <a href="CodeSystem-FunctionGroupAlloplasty.html"><code>https://kip.rkkp.dk/fhir/CodeSystem/FunctionGroupAlloplasty</code></a><table class="none"><tr><td style="white-space:nowrap"><b>Code</b></td><td><b>Display</b></td><td><b>Definition</b></td></tr><tr><td><a href="CodeSystem-FunctionGroupAlloplasty.html#FunctionGroupAlloplasty-one_hip">one_hip</a></td><td>En hofte afficeret</td><td>One hip affected</td></tr><tr><td><a href="CodeSystem-FunctionGroupAlloplasty.html#FunctionGroupAlloplasty-both_hips">both_hips</a></td><td>Begge hofter afficerede</td><td>Both hips affected</td></tr></table></li><li>Include these codes as defined in <a href="CodeSystem-GenericValues.html"><code>https://kip.rkkp.dk/fhir/CodeSystem/GenericValues</code></a><table class="none"><tr><td style="white-space:nowrap"><b>Code</b></td><td><b>Display</b></td><td><b>Definition</b></td></tr><tr><td><a href="CodeSystem-GenericValues.html#GenericValues-other">other</a></td><td>Anden funktionshæmmende lidelse</td><td>Other - used to choose unspecific value not in a valueset</td></tr></table></li></ul></div>
  </text>
  <url value="https://kip.rkkp.dk/fhir/ValueSet/FunktionsgruppeDHR"/>
  <version value="2.9.1"/>
  <name value="FunktionsgruppeDHR"/>
  <title value="Funktionsgruppe [DHR]"/>
  <status value="active"/>
  <experimental value="true"/>
  <date value="2022-07-04T00:00:00+02:00"/>
  <publisher value="Sundhedsvæsnets Kvalistetsinstitut with Trifork Digital Health A/S"/>
  <contact>
    <name value="Sundhedsvæsnets Kvalistetsinstitut with Trifork Digital Health A/S"/>
    <telecom>
      <system value="url"/>
      <value value="https://trifork.com"/>
    </telecom>
    <telecom>
      <system value="email"/>
      <value value="rbk@trifork.com"/>
    </telecom>
  </contact>
  <description value="Funktionsgruppe [DHR]"/>
  <compose>
    <include>
      <system value="https://kip.rkkp.dk/fhir/CodeSystem/FunctionGroupAlloplasty"/>
      <concept>
        <code value="one_hip"/>
        <display value="En hofte afficeret"/>
      </concept>
      <concept>
        <code value="both_hips"/>
        <display value="Begge hofter afficerede"/>
      </concept>
    </include>
    <include>
      <system value="https://kip.rkkp.dk/fhir/CodeSystem/GenericValues"/>
      <concept>
        <code value="other"/>
        <display value="Anden funktionshæmmende lidelse"/>
      </concept>
    </include>
  </compose>
</ValueSet>