<?xml version="1.0" encoding="UTF-8"?>

<ValueSet xmlns="http://hl7.org/fhir">
  <id value="VentralHernieTypeDHDB"/>
  <text>
    <status value="extensions"/><div xmlns="http://www.w3.org/1999/xhtml"><p class="res-header-id"><b>Generated Narrative: ValueSet VentralHernieTypeDHDB</b></p><a name="VentralHernieTypeDHDB"> </a><a name="hcVentralHernieTypeDHDB"> </a><a name="VentralHernieTypeDHDB-en-US"> </a><p>This value set includes codes based on the following rules:</p><ul><li>Include these codes as defined in <a href="CodeSystem-DiseasesUnspecified.html"><code>https://kip.sundk.dk/fhir/CodeSystem/DiseasesUnspecified</code></a><table class="none"><tr><td style="white-space:nowrap"><b>Code</b></td><td><b>Display</b></td><td><b>Definition</b></td></tr><tr><td><a href="CodeSystem-DiseasesUnspecified.html#DiseasesUnspecified-umbilical">umbilical</a></td><td>Umbilicalt</td><td>Umbilical / Umbilicalt</td></tr><tr><td><a href="CodeSystem-DiseasesUnspecified.html#DiseasesUnspecified-incisional">incisional</a></td><td>Incisionelt</td><td>Incisional / Incisionelt</td></tr><tr><td><a href="CodeSystem-DiseasesUnspecified.html#DiseasesUnspecified-linea_alba">linea_alba</a></td><td>Linea alba</td><td>Linea alba</td></tr><tr><td><a href="CodeSystem-DiseasesUnspecified.html#DiseasesUnspecified-stomi">stomi</a></td><td>Stomi-hernie</td><td>Stomi</td></tr><tr><td><a href="CodeSystem-DiseasesUnspecified.html#DiseasesUnspecified-stomi_herniotomi">stomi_herniotomi</a></td><td>Tilbagelægning eller flytning af stomi + herniotomi</td><td>Stomi and herniotomi / Stomi og herniotomi</td></tr><tr><td><a href="CodeSystem-DiseasesUnspecified.html#DiseasesUnspecified-port">port</a></td><td>Port-hernie</td><td>Port</td></tr><tr><td><a href="CodeSystem-DiseasesUnspecified.html#DiseasesUnspecified-spiegel">spiegel</a></td><td>Spiegel-hernie</td><td>Spiegel</td></tr></table></li><li>Include these codes as defined in <a href="CodeSystem-GenericValues.html"><code>https://kip.sundk.dk/fhir/CodeSystem/GenericValues</code></a><table class="none"><tr><td style="white-space:nowrap"><b>Code</b></td><td><b>Display</b></td><td><b>Definition</b></td></tr><tr><td><a href="CodeSystem-GenericValues.html#GenericValues-other">other</a></td><td>Anden hernietype</td><td>Other - used to choose unspecific value not in a valueset</td></tr></table></li></ul></div>
  </text>
  <url value="https://kip.sundk.dk/fhir/ValueSet/VentralHernieTypeDHDB"/>
  <version value="0.0.9"/>
  <name value="VentralHernieTypeDHDB"/>
  <title value="Ventral hernie type (DHDB)"/>
  <status value="active"/>
  <experimental value="true"/>
  <date value="2022-07-20T00:00:00+02:00"/>
  <publisher value="Sundhedsvæsnets Kvalistetsinstitut with Trifork Public A/S"/>
  <contact>
    <name value="Sundhedsvæsnets Kvalistetsinstitut with Trifork Public A/S"/>
    <telecom>
      <system value="url"/>
      <value value="https://trifork.com"/>
    </telecom>
    <telecom>
      <system value="email"/>
      <value value="rbk@trifork.com"/>
    </telecom>
  </contact>
  <description value="Ventral hernie type (DHDB)"/>
  <compose>
    <include>
      <system value="https://kip.sundk.dk/fhir/CodeSystem/DiseasesUnspecified"/>
      <concept>
        <code value="umbilical"/>
        <display value="Umbilicalt"/>
      </concept>
      <concept>
        <code value="incisional"/>
        <display value="Incisionelt"/>
      </concept>
      <concept>
        <code value="linea_alba"/>
        <display value="Linea alba"/>
      </concept>
      <concept>
        <code value="stomi"/>
        <display value="Stomi-hernie"/>
      </concept>
      <concept>
        <code value="stomi_herniotomi"/>
        <display value="Tilbagelægning eller flytning af stomi + herniotomi"/>
      </concept>
      <concept>
        <code value="port"/>
        <display value="Port-hernie"/>
      </concept>
      <concept>
        <code value="spiegel"/>
        <display value="Spiegel-hernie"/>
      </concept>
    </include>
    <include>
      <system value="https://kip.sundk.dk/fhir/CodeSystem/GenericValues"/>
      <concept>
        <code value="other"/>
        <display value="Anden hernietype"/>
      </concept>
    </include>
  </compose>
</ValueSet>