<?xml version="1.0" encoding="UTF-8"?>

<ValueSet xmlns="http://hl7.org/fhir">
  <id value="AarsagOphoerDNSL"/>
  <text>
    <status value="extensions"/><div xmlns="http://www.w3.org/1999/xhtml"><p class="res-header-id"><b>Generated Narrative: ValueSet AarsagOphoerDNSL</b></p><a name="AarsagOphoerDNSL"> </a><a name="hcAarsagOphoerDNSL"> </a><a name="AarsagOphoerDNSL-en-US"> </a><ul><li>Include these codes as defined in <a href="CodeSystem-BehandlingAfbrudt.html"><code>https://kip.sundk.dk/fhir/CodeSystem/BehandlingAfbrudt</code></a><table class="none"><tr><td style="white-space:nowrap"><b>Code</b></td><td><b>Display</b></td><td><b>Definition</b></td></tr><tr><td><a href="CodeSystem-BehandlingAfbrudt.html#BehandlingAfbrudt-transplant">transplant</a></td><td>Transplantation</td><td>Transplantation</td></tr><tr><td><a href="CodeSystem-BehandlingAfbrudt.html#BehandlingAfbrudt-peritonitis">peritonitis</a></td><td>Peritonitis</td><td>Peritonitis</td></tr><tr><td><a href="CodeSystem-BehandlingAfbrudt.html#BehandlingAfbrudt-ultrafilt_svigt">ultrafilt_svigt</a></td><td>Ultrafiltrationssvigt</td><td>Ultrafiltrationssvigt</td></tr><tr><td><a href="CodeSystem-BehandlingAfbrudt.html#BehandlingAfbrudt-inadekvat_dialyse">inadekvat_dialyse</a></td><td>Inadekvat dialyse</td><td>Inadekvat dialyse</td></tr><tr><td><a href="CodeSystem-BehandlingAfbrudt.html#BehandlingAfbrudt-hernia">hernia</a></td><td>Hernia (inkl Diafragma)</td><td>Hernia (inkl Diafragma)</td></tr><tr><td><a href="CodeSystem-BehandlingAfbrudt.html#BehandlingAfbrudt-teknisk">teknisk</a></td><td>Teknisk (fx kateterproblem)</td><td>Teknisk (fx kateterproblem)</td></tr><tr><td><a href="CodeSystem-BehandlingAfbrudt.html#BehandlingAfbrudt-anden_medicinsk">anden_medicinsk</a></td><td>Andre medicinske årsager (fx apopleksi)</td><td>Andre medicinske årsager (fx apopleksi)</td></tr><tr><td><a href="CodeSystem-BehandlingAfbrudt.html#BehandlingAfbrudt-patient_valg">patient_valg</a></td><td>Patient valg</td><td>Patient valg</td></tr><tr><td><a href="CodeSystem-BehandlingAfbrudt.html#BehandlingAfbrudt-socialt">socialt</a></td><td>Socialt</td><td>Socialt</td></tr><tr><td><a href="CodeSystem-BehandlingAfbrudt.html#BehandlingAfbrudt-abdominal_op">abdominal_op</a></td><td>Abdominal operation</td><td>Abdominal operation</td></tr></table></li></ul></div>
  </text>
  <url value="https://kip.sundk.dk/fhir/ValueSet/AarsagOphoerDNSL"/>
  <version value="0.0.9"/>
  <name value="AarsagOphoerDNSL"/>
  <title value="Årsag til ophør (DNSL)"/>
  <status value="active"/>
  <experimental value="true"/>
  <date value="2024-01-10T00:00:00+02:00"/>
  <publisher value="Sundhedsvæsnets Kvalistetsinstitut with Trifork Public A/S"/>
  <contact>
    <name value="Sundhedsvæsnets Kvalistetsinstitut with Trifork Public A/S"/>
    <telecom>
      <system value="url"/>
      <value value="https://trifork.com"/>
    </telecom>
    <telecom>
      <system value="email"/>
      <value value="rbk@trifork.com"/>
    </telecom>
  </contact>
  <description value="Årsager til interventionsforløb er ophørt"/>
  <compose>
    <include>
      <system value="https://kip.sundk.dk/fhir/CodeSystem/BehandlingAfbrudt"/>
      <concept>
        <code value="transplant"/>
        <display value="Transplantation"/>
      </concept>
      <concept>
        <code value="peritonitis"/>
        <display value="Peritonitis"/>
      </concept>
      <concept>
        <code value="ultrafilt_svigt"/>
        <display value="Ultrafiltrationssvigt"/>
      </concept>
      <concept>
        <code value="inadekvat_dialyse"/>
        <display value="Inadekvat dialyse"/>
      </concept>
      <concept>
        <code value="hernia"/>
        <display value="Hernia (inkl Diafragma)"/>
      </concept>
      <concept>
        <code value="teknisk"/>
        <display value="Teknisk (fx kateterproblem)"/>
      </concept>
      <concept>
        <code value="anden_medicinsk"/>
        <display value="Andre medicinske årsager (fx apopleksi)"/>
      </concept>
      <concept>
        <code value="patient_valg"/>
        <display value="Patient valg"/>
      </concept>
      <concept>
        <code value="socialt"/>
        <display value="Socialt"/>
      </concept>
      <concept>
        <code value="abdominal_op"/>
        <display value="Abdominal operation"/>
      </concept>
    </include>
  </compose>
</ValueSet>