<?xml version="1.0" encoding="UTF-8"?>

<ValueSet xmlns="http://hl7.org/fhir">
  <id value="SKScTNMcT"/>
  <text>
    <status value="extensions"/><div xmlns="http://www.w3.org/1999/xhtml"><p class="res-header-id"><b>Generated Narrative: ValueSet SKScTNMcT</b></p><a name="SKScTNMcT"> </a><a name="hcSKScTNMcT"> </a><a name="SKScTNMcT-en-US"> </a><ul><li>Include these codes as defined in <a href="CodeSystem-SKS.html"><code>https://kip.rkkp.dk/fhir/CodeSystem/SKS</code></a><table class="none"><tr><td style="white-space:nowrap"><b>Code</b></td><td><b>Display</b></td><td><b>Definition</b></td></tr><tr><td><a href="CodeSystem-SKS.html#SKS-AZCD10">AZCD10</a></td><td>cT0: Primær tumor ikke påvist</td><td>AZCD10 - cT0: Primær tumor ikke påvist</td></tr><tr><td><a href="CodeSystem-SKS.html#SKS-AZCD12">AZCD12</a></td><td>cTis: Carcinoma in situ</td><td>AZCD12 - cTis: Carcinoma in situ</td></tr><tr><td><a href="CodeSystem-SKS.html#SKS-AZCD13">AZCD13</a></td><td>cT1: Primær tumors størrelse/udstrækning</td><td>AZCD13 - cT1: Primær tumors størrelse/udstrækning</td></tr><tr><td><a href="CodeSystem-SKS.html#SKS-AZCD14">AZCD14</a></td><td>cT2: Primær tumors størrelse/udstrækning</td><td>AZCD14 - cT2: Primær tumors størrelse/udstrækning</td></tr><tr><td><a href="CodeSystem-SKS.html#SKS-AZCD15">AZCD15</a></td><td>cT3: Primær tumors størrelse/udstrækning</td><td>AZCD15 - cT3: Primær tumors størrelse/udstrækning</td></tr><tr><td><a href="CodeSystem-SKS.html#SKS-AZCD16">AZCD16</a></td><td>cT4: Primær tumors størrelse/udstrækning</td><td>AZCD16 - cT4: Primær tumors størrelse/udstrækning</td></tr><tr><td><a href="CodeSystem-SKS.html#SKS-AZCD19">AZCD19</a></td><td>cTx: Oplysning om tumors størrelse foreligger ikke i afd.</td><td>AZCD19 - cTx: Oplysning om tumors størrelse foreligger ikke i afd.</td></tr></table></li></ul></div>
  </text>
  <url value="https://kip.rkkp.dk/fhir/ValueSet/SKScTNMcT"/>
  <version value="2.9.3"/>
  <name value="SKScTNMcT"/>
  <title value="SKS: cTNM klassifikation, cT"/>
  <status value="active"/>
  <experimental value="true"/>
  <date value="2022-06-08T00:00:00+02:00"/>
  <publisher value="Sundhedsvæsenets Kvalitetsinstitut with Trifork Digital Health A/S"/>
  <contact>
    <name value="Sundhedsvæsenets Kvalitetsinstitut with Trifork Digital Health A/S"/>
    <telecom>
      <system value="url"/>
      <value value="https://trifork.com"/>
    </telecom>
    <telecom>
      <system value="email"/>
      <value value="rbk@trifork.com"/>
    </telecom>
  </contact>
  <description value="SKS koderne relevante cT tillægskoder"/>
  <compose>
    <include>
      <system value="https://kip.rkkp.dk/fhir/CodeSystem/SKS"/>
      <concept>
        <code value="AZCD10"/>
        <display value="cT0: Primær tumor ikke påvist"/>
      </concept>
      <concept>
        <code value="AZCD12"/>
        <display value="cTis: Carcinoma in situ"/>
      </concept>
      <concept>
        <code value="AZCD13"/>
        <display value="cT1: Primær tumors størrelse/udstrækning"/>
      </concept>
      <concept>
        <code value="AZCD14"/>
        <display value="cT2: Primær tumors størrelse/udstrækning"/>
      </concept>
      <concept>
        <code value="AZCD15"/>
        <display value="cT3: Primær tumors størrelse/udstrækning"/>
      </concept>
      <concept>
        <code value="AZCD16"/>
        <display value="cT4: Primær tumors størrelse/udstrækning"/>
      </concept>
      <concept>
        <code value="AZCD19"/>
        <display value="cTx: Oplysning om tumors størrelse foreligger ikke i afd."/>
      </concept>
    </include>
  </compose>
</ValueSet>