<?xml version="1.0" encoding="UTF-8"?>

<ValueSet xmlns="http://hl7.org/fhir">
  <id value="LocationExtranodalFemale"/>
  <text>
    <status value="extensions"/><div xmlns="http://www.w3.org/1999/xhtml"><p class="res-header-id"><b>Generated Narrative: ValueSet LocationExtranodalFemale</b></p><a name="LocationExtranodalFemale"> </a><a name="hcLocationExtranodalFemale"> </a><a name="LocationExtranodalFemale-en-US"> </a><p>This value set includes codes based on the following rules:</p><ul><li>Include these codes as defined in <a href="CodeSystem-SKS.html"><code>https://kip.rkkp.dk/fhir/CodeSystem/SKS</code></a><table class="none"><tr><td style="white-space:nowrap"><b>Code</b></td><td><b>Display</b></td><td><b>Definition</b></td></tr><tr><td><a href="CodeSystem-SKS.html#SKS-T001182">T001182</a></td><td>Orbita</td><td>T001182 - Orbita</td></tr><tr><td><a href="CodeSystem-SKS.html#SKS-T001127">T001127</a></td><td>Øje</td><td>T001127 - bulbus oculi</td></tr><tr><td><a href="CodeSystem-SKS.html#SKS-T001145">T001145</a></td><td>Tårekirtel</td><td>T001145 - glandula lacrimalis</td></tr><tr><td><a href="CodeSystem-SKS.html#SKS-T000352">T000352</a></td><td>Bihuler</td><td>T000352 - Bihule</td></tr><tr><td><a href="CodeSystem-SKS.html#SKS-T000347">T000347</a></td><td>Cavum nasi</td><td>T000347 - cavitas nasi</td></tr><tr><td><a href="CodeSystem-SKS.html#SKS-T000569">T000569</a></td><td>Mundhule i øvrigt</td><td>T000569 - mund</td></tr><tr><td><a href="CodeSystem-SKS.html#SKS-T000600">T000600</a></td><td>Spytkirtler</td><td>T000600 - Spytkirtler</td></tr><tr><td><a href="CodeSystem-SKS.html#SKS-T001022">T001022</a></td><td>Gl. thyroidea</td><td>T001022 - glandula thyroidea</td></tr><tr><td><a href="CodeSystem-SKS.html#SKS-T000438">T000438</a></td><td>Cor</td><td>T000438 - Hjerte</td></tr><tr><td><a href="CodeSystem-SKS.html#SKS-T000094">T000094</a></td><td>Mamma</td><td>T000094 - mamma</td></tr><tr><td><a href="CodeSystem-SKS.html#SKS-T000398">T000398</a></td><td>Lunge</td><td>T000398 - lunge</td></tr><tr><td><a href="CodeSystem-SKS.html#SKS-T000670">T000670</a></td><td>Ventrikel</td><td>T000670 - ventrikel</td></tr><tr><td><a href="CodeSystem-SKS.html#SKS-T000695">T000695</a></td><td>Tyndtarm</td><td>T000695 - tyndtarm</td></tr><tr><td><a href="CodeSystem-SKS.html#SKS-T000725">T000725</a></td><td>Tyktarm</td><td>T000725 - colon</td></tr><tr><td><a href="CodeSystem-SKS.html#SKS-T000638">T000638</a></td><td>Pancreas</td><td>T000638 - pancreas</td></tr><tr><td><a href="CodeSystem-SKS.html#SKS-T000773">T000773</a></td><td>Nyrer</td><td>T000773 - nyre</td></tr><tr><td><a href="CodeSystem-SKS.html#SKS-T000607">T000607</a></td><td>Lever</td><td>T000607 - lever</td></tr><tr><td><a href="CodeSystem-SKS.html#SKS-T000812">T000812</a></td><td>Urinblære</td><td>T000812 - vesica urinaria</td></tr><tr><td><a href="CodeSystem-SKS.html#SKS-T000948">T000948</a></td><td>Ovarier</td><td>T000948 - begge ovarier</td></tr><tr><td><a href="CodeSystem-SKS.html#SKS-T000892">T000892</a></td><td>Vagina</td><td>T000892 - vagina</td></tr><tr><td><a href="CodeSystem-SKS.html#SKS-T000898">T000898</a></td><td>Uterus</td><td>T000898 - uterus</td></tr><tr><td><a href="CodeSystem-SKS.html#SKS-T000010">T000010</a></td><td>Hud</td><td>T000010 - hud</td></tr><tr><td><a href="CodeSystem-SKS.html#SKS-T000298">T000298</a></td><td>Muskulatur</td><td>T000298 - skeletmuskulatur</td></tr><tr><td><a href="CodeSystem-SKS.html#SKS-T000224">T000224</a></td><td>Knogler</td><td>T000224 - Knogle</td></tr><tr><td><a href="CodeSystem-SKS.html#SKS-T000113">T000113</a></td><td>Knoglemarv</td><td>T000113 - konglemarv</td></tr><tr><td><a href="CodeSystem-SKS.html#SKS-T001039">T001039</a></td><td>CNS</td><td>T001039 - centralnervesystem</td></tr><tr><td><a href="CodeSystem-SKS.html#SKS-T001057">T001057</a></td><td>Leptomeninges</td><td>T001057 - arachnoidea</td></tr><tr><td><a href="CodeSystem-SKS.html#SKS-T000492">T000492</a></td><td>Intravaskulært</td><td>T000492 - blodkar</td></tr></table></li><li>Include these codes as defined in <a href="CodeSystem-DiseasesUnspecified.html"><code>https://kip.rkkp.dk/fhir/CodeSystem/DiseasesUnspecified</code></a><table class="none"><tr><td style="white-space:nowrap"><b>Code</b></td><td><b>Display</b></td><td><b>Definition</b></td></tr><tr><td><a href="CodeSystem-DiseasesUnspecified.html#DiseasesUnspecified-ascites_lymfom">ascites_lymfom</a></td><td>Ascites med lymfomceller</td><td>Ascites med lymfomceller</td></tr><tr><td><a href="CodeSystem-DiseasesUnspecified.html#DiseasesUnspecified-perikardieeksudat_lymfom">perikardieeksudat_lymfom</a></td><td>Perikardieeksudat med lymfomceller</td><td>Perikardieeksudat med lymfomceller</td></tr><tr><td><a href="CodeSystem-DiseasesUnspecified.html#DiseasesUnspecified-pleuraeksudat_lymfom">pleuraeksudat_lymfom</a></td><td>Pleuraeksudat med lymfomceller</td><td/></tr></table></li></ul></div>
  </text>
  <url value="https://kip.rkkp.dk/fhir/ValueSet/LocationExtranodalFemale"/>
  <version value="0.2.1"/>
  <name value="LocationExtranodalFemale"/>
  <title value="Sygdomslokalisation er kun ekstranodalt, kvinder (LYFO)"/>
  <status value="active"/>
  <experimental value="true"/>
  <date value="2023-03-15T00:00:00+02:00"/>
  <publisher value="Sundhedsvæsnets Kvalistetsinstitut with Trifork Digital Health A/S"/>
  <contact>
    <name value="Sundhedsvæsnets Kvalistetsinstitut with Trifork Digital Health A/S"/>
    <telecom>
      <system value="url"/>
      <value value="https://trifork.com"/>
    </telecom>
    <telecom>
      <system value="email"/>
      <value value="rbk@trifork.com"/>
    </telecom>
  </contact>
  <description value="Sygdomslokalisation i lymfe områder er kun ekstranodalt, og patienten er en kvinde (LYFO)"/>
  <compose>
    <include>
      <system value="https://kip.rkkp.dk/fhir/CodeSystem/SKS"/>
      <concept>
        <code value="T001182"/>
        <display value="Orbita"/>
      </concept>
      <concept>
        <code value="T001127"/>
        <display value="Øje"/>
      </concept>
      <concept>
        <code value="T001145"/>
        <display value="Tårekirtel"/>
      </concept>
      <concept>
        <code value="T000352"/>
        <display value="Bihuler"/>
      </concept>
      <concept>
        <code value="T000347"/>
        <display value="Cavum nasi"/>
      </concept>
      <concept>
        <code value="T000569"/>
        <display value="Mundhule i øvrigt"/>
      </concept>
      <concept>
        <code value="T000600"/>
        <display value="Spytkirtler"/>
      </concept>
      <concept>
        <code value="T001022"/>
        <display value="Gl. thyroidea"/>
      </concept>
      <concept>
        <code value="T000438"/>
        <display value="Cor"/>
      </concept>
      <concept>
        <code value="T000094"/>
        <display value="Mamma"/>
      </concept>
      <concept>
        <code value="T000398"/>
        <display value="Lunge"/>
      </concept>
      <concept>
        <code value="T000670"/>
        <display value="Ventrikel"/>
      </concept>
      <concept>
        <code value="T000695"/>
        <display value="Tyndtarm"/>
      </concept>
      <concept>
        <code value="T000725"/>
        <display value="Tyktarm"/>
      </concept>
      <concept>
        <code value="T000638"/>
        <display value="Pancreas"/>
      </concept>
      <concept>
        <code value="T000773"/>
        <display value="Nyrer"/>
      </concept>
      <concept>
        <code value="T000607"/>
        <display value="Lever"/>
      </concept>
      <concept>
        <code value="T000812"/>
        <display value="Urinblære"/>
      </concept>
      <concept>
        <code value="T000948"/>
        <display value="Ovarier"/>
      </concept>
      <concept>
        <code value="T000892"/>
        <display value="Vagina"/>
      </concept>
      <concept>
        <code value="T000898"/>
        <display value="Uterus"/>
      </concept>
      <concept>
        <code value="T000010"/>
        <display value="Hud"/>
      </concept>
      <concept>
        <code value="T000298"/>
        <display value="Muskulatur"/>
      </concept>
      <concept>
        <code value="T000224"/>
        <display value="Knogler"/>
      </concept>
      <concept>
        <code value="T000113"/>
        <display value="Knoglemarv"/>
      </concept>
      <concept>
        <code value="T001039"/>
        <display value="CNS"/>
      </concept>
      <concept>
        <code value="T001057"/>
        <display value="Leptomeninges"/>
      </concept>
      <concept>
        <code value="T000492"/>
        <display value="Intravaskulært"/>
      </concept>
    </include>
    <include>
      <system value="https://kip.rkkp.dk/fhir/CodeSystem/DiseasesUnspecified"/>
      <concept>
        <code value="ascites_lymfom"/>
        <display value="Ascites med lymfomceller"/>
      </concept>
      <concept>
        <code value="perikardieeksudat_lymfom"/>
        <display value="Perikardieeksudat med lymfomceller"/>
      </concept>
      <concept>
        <code value="pleuraeksudat_lymfom"/>
        <display value="Pleuraeksudat med lymfomceller"/>
      </concept>
    </include>
  </compose>
</ValueSet>