<?xml version="1.0" encoding="UTF-8"?>

<ValueSet xmlns="http://hl7.org/fhir">
  <id value="ImplantatMaterialePolyethylenKeramikMetal"/>
  <text>
    <status value="extensions"/><div xmlns="http://www.w3.org/1999/xhtml"><p class="res-header-id"><b>Generated Narrative: ValueSet ImplantatMaterialePolyethylenKeramikMetal</b></p><a name="ImplantatMaterialePolyethylenKeramikMetal"> </a><a name="hcImplantatMaterialePolyethylenKeramikMetal"> </a><a name="ImplantatMaterialePolyethylenKeramikMetal-en-US"> </a><ul><li>Include these codes as defined in <a href="CodeSystem-ImplantComponents.html"><code>https://kip.rkkp.dk/fhir/CodeSystem/ImplantComponents</code></a><table class="none"><tr><td style="white-space:nowrap"><b>Code</b></td><td><b>Display</b></td><td><b>Definition</b></td></tr><tr><td><a href="CodeSystem-ImplantComponents.html#ImplantComponents-polyethylene">polyethylene</a></td><td>Polyethylen</td><td>Polyethylene / Polyethylen / SNOMED-CT: 71463006</td></tr><tr><td><a href="CodeSystem-ImplantComponents.html#ImplantComponents-ceramics">ceramics</a></td><td>Keramik</td><td>Ceramics / Keramik</td></tr><tr><td><a href="CodeSystem-ImplantComponents.html#ImplantComponents-metal">metal</a></td><td>Metal</td><td>Metal / SNOMED-CT: 425620007</td></tr></table></li></ul></div>
  </text>
  <url value="https://kip.rkkp.dk/fhir/ValueSet/ImplantatMaterialePolyethylenKeramikMetal"/>
  <version value="2.9.1"/>
  <name value="ImplantatMaterialePolyethylenKeramikMetal"/>
  <title value="Implantat - materiale (polyethylen, keramik, metal)"/>
  <status value="active"/>
  <experimental value="true"/>
  <date value="2022-11-02T00:00:00+02:00"/>
  <publisher value="Sundhedsvæsnets Kvalistetsinstitut with Trifork Digital Health A/S"/>
  <contact>
    <name value="Sundhedsvæsnets Kvalistetsinstitut with Trifork Digital Health A/S"/>
    <telecom>
      <system value="url"/>
      <value value="https://trifork.com"/>
    </telecom>
    <telecom>
      <system value="email"/>
      <value value="rbk@trifork.com"/>
    </telecom>
  </contact>
  <description value="Implantat - materiale (polyethylen, keramik, metal)"/>
  <compose>
    <include>
      <system value="https://kip.rkkp.dk/fhir/CodeSystem/ImplantComponents"/>
      <concept>
        <code value="polyethylene"/>
        <display value="Polyethylen"/>
      </concept>
      <concept>
        <code value="ceramics"/>
        <display value="Keramik"/>
      </concept>
      <concept>
        <code value="metal"/>
        <display value="Metal"/>
      </concept>
    </include>
  </compose>
</ValueSet>