<?xml version="1.0" encoding="UTF-8"?>

<ValueSet xmlns="http://hl7.org/fhir">
  <id value="MaalingCalcium"/>
  <text>
    <status value="extensions"/><div xmlns="http://www.w3.org/1999/xhtml"><p class="res-header-id"><b>Generated Narrative: ValueSet MaalingCalcium</b></p><a name="MaalingCalcium"> </a><a name="hcMaalingCalcium"> </a><a name="MaalingCalcium-en-US"> </a><ul><li>Include these codes as defined in <a href="CodeSystem-CalciumType.html"><code>https://kip.rkkp.dk/fhir/CodeSystem/CalciumType</code></a><table class="none"><tr><td style="white-space:nowrap"><b>Code</b></td><td><b>Display</b></td><td><b>Definition</b></td></tr><tr><td><a href="CodeSystem-CalciumType.html#CalciumType-albumin_corrected">albumin_corrected</a></td><td>Albuminkorrigeret</td><td>Albumin corrected / Albuminkorrigeret</td></tr><tr><td><a href="CodeSystem-CalciumType.html#CalciumType-ionized">ionized</a></td><td>Ioniseret</td><td>Ionized / Ioniseret</td></tr></table></li></ul></div>
  </text>
  <url value="https://kip.rkkp.dk/fhir/ValueSet/MaalingCalcium"/>
  <version value="2.9.1"/>
  <name value="MaalingCalcium"/>
  <title value="Måling, calcium"/>
  <status value="active"/>
  <experimental value="true"/>
  <date value="2022-09-19T00:00:00+02:00"/>
  <publisher value="Sundhedsvæsnets Kvalistetsinstitut with Trifork Digital Health A/S"/>
  <contact>
    <name value="Sundhedsvæsnets Kvalistetsinstitut with Trifork Digital Health A/S"/>
    <telecom>
      <system value="url"/>
      <value value="https://trifork.com"/>
    </telecom>
    <telecom>
      <system value="email"/>
      <value value="rbk@trifork.com"/>
    </telecom>
  </contact>
  <description value="Måling, calcium"/>
  <compose>
    <include>
      <system value="https://kip.rkkp.dk/fhir/CodeSystem/CalciumType"/>
      <concept>
        <code value="albumin_corrected"/>
        <display value="Albuminkorrigeret"/>
      </concept>
      <concept>
        <code value="ionized"/>
        <display value="Ioniseret"/>
      </concept>
    </include>
  </compose>
</ValueSet>