<?xml version="1.0" encoding="UTF-8"?>

<ValueSet xmlns="http://hl7.org/fhir">
  <id value="SSSOejenmotorik"/>
  <text>
    <status value="extensions"/><div xmlns="http://www.w3.org/1999/xhtml"><p class="res-header-id"><b>Generated Narrative: ValueSet SSSOejenmotorik</b></p><a name="SSSOejenmotorik"> </a><a name="hcSSSOejenmotorik"> </a><a name="SSSOejenmotorik-en-US"> </a><ul><li>Include these codes as defined in <a href="CodeSystem-SSSEyeMotorSkills.html"><code>https://kip.rkkp.dk/fhir/CodeSystem/SSSEyeMotorSkills</code></a><table class="none"><tr><td style="white-space:nowrap"><b>Code</b></td><td><b>Display</b></td><td><b>Definition</b></td></tr><tr><td><a href="CodeSystem-SSSEyeMotorSkills.html#SSSEyeMotorSkills-4">4</a></td><td>4: ingen blikparese </td><td>Parallelle, frie øjenbevægelser. Der må godt foreligge isolerede øjenmuskelpareser på den ene side.</td></tr><tr><td><a href="CodeSystem-SSSEyeMotorSkills.html#SSSEyeMotorSkills-2">2</a></td><td>2: blikparese til stede</td><td>Konjugeret blikparese: Pt. kan ikke dreje øjnene samtidigt til den ene side.</td></tr><tr><td><a href="CodeSystem-SSSEyeMotorSkills.html#SSSEyeMotorSkills-0">0</a></td><td>0: konjugeret blikdeviation</td><td>Blikdeviation: Pt.s øjne er tvangsmæssigt drejet til den ene side.</td></tr></table></li></ul></div>
  </text>
  <url value="https://kip.rkkp.dk/fhir/ValueSet/SSSOejenmotorik"/>
  <version value="2.9.0"/>
  <name value="SSSOejenmotorik"/>
  <title value="Scandinavian Stroke Scale - Øjenmotorik"/>
  <status value="active"/>
  <experimental value="true"/>
  <date value="2022-06-23T00:00:00+02:00"/>
  <publisher value="Sundhedsvæsnets Kvalistetsinstitut with Trifork Digital Health A/S"/>
  <contact>
    <name value="Sundhedsvæsnets Kvalistetsinstitut with Trifork Digital Health A/S"/>
    <telecom>
      <system value="url"/>
      <value value="https://trifork.com"/>
    </telecom>
    <telecom>
      <system value="email"/>
      <value value="rbk@trifork.com"/>
    </telecom>
  </contact>
  <description value="Scandinavian Stroke Scale - Øjenmotorik"/>
  <compose>
    <include>
      <system value="https://kip.rkkp.dk/fhir/CodeSystem/SSSEyeMotorSkills"/>
      <concept>
        <code value="4"/>
        <display value="4: ingen blikparese "/>
      </concept>
      <concept>
        <code value="2"/>
        <display value="2: blikparese til stede"/>
      </concept>
      <concept>
        <code value="0"/>
        <display value="0: konjugeret blikdeviation"/>
      </concept>
    </include>
  </compose>
</ValueSet>