<?xml version="1.0" encoding="UTF-8"?>

<ValueSet xmlns="http://hl7.org/fhir">
  <id value="DomAnbringelseRETSPSYK"/>
  <text>
    <status value="extensions"/><div xmlns="http://www.w3.org/1999/xhtml"><p class="res-header-id"><b>Generated Narrative: ValueSet DomAnbringelseRETSPSYK</b></p><a name="DomAnbringelseRETSPSYK"> </a><a name="hcDomAnbringelseRETSPSYK"> </a><a name="DomAnbringelseRETSPSYK-en-US"> </a><ul><li>Include these codes as defined in <a href="CodeSystem-Verdict.html"><code>https://kip.rkkp.dk/fhir/CodeSystem/Verdict</code></a><table class="none"><tr><td style="white-space:nowrap"><b>Code</b></td><td><b>Display</b></td><td><b>Definition</b></td></tr><tr><td><a href="CodeSystem-Verdict.html#Verdict-placement_secure_ward">placement_secure_ward</a></td><td>Dom til anbringelse på sikringsafdelingen</td><td>Dom til anbringelse på sikringsafdelingen</td></tr><tr><td><a href="CodeSystem-Verdict.html#Verdict-placement_psychiatric_ward_etc">placement_psychiatric_ward_etc</a></td><td>Dom til anbringelse på psykiatrisk afdeling etc.</td><td>Dom til anbringelse på psykiatrisk afdeling etc.</td></tr></table></li></ul></div>
  </text>
  <url value="https://kip.rkkp.dk/fhir/ValueSet/DomAnbringelseRETSPSYK"/>
  <version value="2.9.1"/>
  <name value="DomAnbringelseRETSPSYK"/>
  <title value="Dom - Anbringelse (RETSPSYK)"/>
  <status value="active"/>
  <experimental value="true"/>
  <date value="2022-09-28T00:00:00+02:00"/>
  <publisher value="Sundhedsvæsnets Kvalistetsinstitut with Trifork Digital Health A/S"/>
  <contact>
    <name value="Sundhedsvæsnets Kvalistetsinstitut with Trifork Digital Health A/S"/>
    <telecom>
      <system value="url"/>
      <value value="https://trifork.com"/>
    </telecom>
    <telecom>
      <system value="email"/>
      <value value="rbk@trifork.com"/>
    </telecom>
  </contact>
  <description value="Dom - Anbringelse (RETSPSYK)"/>
  <compose>
    <include>
      <system value="https://kip.rkkp.dk/fhir/CodeSystem/Verdict"/>
      <concept>
        <code value="placement_secure_ward"/>
        <display value="Dom til anbringelse på sikringsafdelingen"/>
      </concept>
      <concept>
        <code value="placement_psychiatric_ward_etc"/>
        <display value="Dom til anbringelse på psykiatrisk afdeling etc."/>
      </concept>
    </include>
  </compose>
</ValueSet>