<?xml version="1.0" encoding="UTF-8"?>

<ValueSet xmlns="http://hl7.org/fhir">
  <id value="WHOPerformanceStatus04"/>
  <text>
    <status value="extensions"/><div xmlns="http://www.w3.org/1999/xhtml"><p class="res-header-id"><b>Generated Narrative: ValueSet WHOPerformanceStatus04</b></p><a name="WHOPerformanceStatus04"> </a><a name="hcWHOPerformanceStatus04"> </a><a name="WHOPerformanceStatus04-en-US"> </a><ul><li>Include these codes as defined in <a href="CodeSystem-PerformanceStatusScore.html"><code>https://kip.rkkp.dk/fhir/CodeSystem/PerformanceStatusScore</code></a><table class="none"><tr><td style="white-space:nowrap"><b>Code</b></td><td><b>Display</b></td><td><b>Definition</b></td></tr><tr><td><a href="CodeSystem-PerformanceStatusScore.html#PerformanceStatusScore-grade_0">grade_0</a></td><td>Performance status 0</td><td>Fully active, able to carry on all pre-disease performance without restriction</td></tr><tr><td><a href="CodeSystem-PerformanceStatusScore.html#PerformanceStatusScore-grade_1">grade_1</a></td><td>Performance status 1</td><td>Restricted in physically strenuous activity but ambulatory and able to carry out work of a light or sedentary nature, e.g., light house work, office work</td></tr><tr><td><a href="CodeSystem-PerformanceStatusScore.html#PerformanceStatusScore-grade_2">grade_2</a></td><td>Performance status 2</td><td>Ambulatory and capable of all selfcare but unable to carry out any work activities; up and about more than 50% of waking hours</td></tr><tr><td><a href="CodeSystem-PerformanceStatusScore.html#PerformanceStatusScore-grade_3">grade_3</a></td><td>Performance status 3</td><td>Capable of only limited selfcare; confined to bed or chair more than 50% of waking hours</td></tr><tr><td><a href="CodeSystem-PerformanceStatusScore.html#PerformanceStatusScore-grade_4">grade_4</a></td><td>Performance status 4</td><td>Completely disabled; cannot carry on any selfcare; totally confined to bed or chair</td></tr></table></li></ul></div>
  </text>
  <url value="https://kip.rkkp.dk/fhir/ValueSet/WHOPerformanceStatus04"/>
  <version value="2.9.0"/>
  <name value="WHOPerformanceStatus04"/>
  <title value="WHO Performance status grad 1-4"/>
  <status value="active"/>
  <experimental value="true"/>
  <date value="2022-11-08T00:00:00+02:00"/>
  <publisher value="Sundhedsvæsnets Kvalistetsinstitut with Trifork Digital Health A/S"/>
  <contact>
    <name value="Sundhedsvæsnets Kvalistetsinstitut with Trifork Digital Health A/S"/>
    <telecom>
      <system value="url"/>
      <value value="https://trifork.com"/>
    </telecom>
    <telecom>
      <system value="email"/>
      <value value="rbk@trifork.com"/>
    </telecom>
  </contact>
  <description value="WHO Performance status grad 1-4"/>
  <compose>
    <include>
      <system value="https://kip.rkkp.dk/fhir/CodeSystem/PerformanceStatusScore"/>
      <concept>
        <code value="grade_0"/>
        <display value="Performance status 0"/>
      </concept>
      <concept>
        <code value="grade_1"/>
        <display value="Performance status 1"/>
      </concept>
      <concept>
        <code value="grade_2"/>
        <display value="Performance status 2"/>
      </concept>
      <concept>
        <code value="grade_3"/>
        <display value="Performance status 3"/>
      </concept>
      <concept>
        <code value="grade_4"/>
        <display value="Performance status 4"/>
      </concept>
    </include>
  </compose>
</ValueSet>