<?xml version="1.0" encoding="UTF-8"?>

<ValueSet xmlns="http://hl7.org/fhir">
  <id value="DialyseadgangDNSL"/>
  <text>
    <status value="generated"/><div xmlns="http://www.w3.org/1999/xhtml"><p class="res-header-id"><b>Generated Narrative: ValueSet DialyseadgangDNSL</b></p><a name="DialyseadgangDNSL"> </a><a name="hcDialyseadgangDNSL"> </a><a name="DialyseadgangDNSL-en-US"> </a><ul><li>Include these codes as defined in <a href="CodeSystem-Dialyseadgang.html"><code>https://kip.rkkp.dk/fhir/CodeSystem/Dialyseadgang</code></a><table class="none"><tr><td style="white-space:nowrap"><b>Code</b></td><td><b>Display</b></td></tr><tr><td><a href="CodeSystem-Dialyseadgang.html#Dialyseadgang-av_fistel">av_fistel</a></td><td>AV fistel</td></tr><tr><td><a href="CodeSystem-Dialyseadgang.html#Dialyseadgang-hd_permanent">hd_permanent</a></td><td>Permanent HD kateter som patientens blivende adgang</td></tr><tr><td><a href="CodeSystem-Dialyseadgang.html#Dialyseadgang-hd_temp">hd_temp</a></td><td>Midlertidig HD kateter</td></tr><tr><td><a href="CodeSystem-Dialyseadgang.html#Dialyseadgang-hd_permanent_av">hd_permanent_av</a></td><td>Permanent HD kateter, hvor der planlægges senere AV fistel</td></tr></table></li></ul></div>
  </text>
  <url value="https://kip.rkkp.dk/fhir/ValueSet/DialyseadgangDNSL"/>
  <version value="0.2.1"/>
  <name value="DialyseadgangDNSL"/>
  <title value="Dialyseadgang ved første dialyse (DNSL)"/>
  <status value="active"/>
  <experimental value="true"/>
  <date value="2024-01-10T00:00:00+02:00"/>
  <publisher value="Sundhedsvæsnets Kvalistetsinstitut with Trifork Digital Health A/S"/>
  <contact>
    <name value="Sundhedsvæsnets Kvalistetsinstitut with Trifork Digital Health A/S"/>
    <telecom>
      <system value="url"/>
      <value value="https://trifork.com"/>
    </telecom>
    <telecom>
      <system value="email"/>
      <value value="rbk@trifork.com"/>
    </telecom>
  </contact>
  <description value="Dialyseadgang ved første dialyse"/>
  <compose>
    <include>
      <system value="https://kip.rkkp.dk/fhir/CodeSystem/Dialyseadgang"/>
      <concept>
        <code value="av_fistel"/>
        <display value="AV fistel"/>
      </concept>
      <concept>
        <code value="hd_permanent"/>
        <display value="Permanent HD kateter som patientens blivende adgang"/>
      </concept>
      <concept>
        <code value="hd_temp"/>
        <display value="Midlertidig HD kateter"/>
      </concept>
      <concept>
        <code value="hd_permanent_av"/>
        <display value="Permanent HD kateter, hvor der planlægges senere AV fistel"/>
      </concept>
    </include>
  </compose>
</ValueSet>