<?xml version="1.0" encoding="UTF-8"?>

<ValueSet xmlns="http://hl7.org/fhir">
  <id value="ClavienKomplikationsgrad"/>
  <text>
    <status value="extensions"/><div xmlns="http://www.w3.org/1999/xhtml"><p class="res-header-id"><b>Generated Narrative: ValueSet ClavienKomplikationsgrad</b></p><a name="ClavienKomplikationsgrad"> </a><a name="hcClavienKomplikationsgrad"> </a><a name="ClavienKomplikationsgrad-en-US"> </a><p>This value set includes codes based on the following rules:</p><ul><li>Include these codes as defined in <a href="CodeSystem-SKS.html"><code>https://kip.rkkp.dk/fhir/CodeSystem/SKS</code></a><table class="none"><tr><td style="white-space:nowrap"><b>Code</b></td><td><b>Display</b></td><td><b>Definition</b></td></tr><tr><td><a href="CodeSystem-SKS.html#SKS-ZDA03A1">ZDA03A1</a></td><td>Clavien grad 1</td><td>Clavien grad 1</td></tr><tr><td><a href="CodeSystem-SKS.html#SKS-ZDA03A2">ZDA03A2</a></td><td>Clavien grad 2</td><td>Clavien grad 2</td></tr><tr><td><a href="CodeSystem-SKS.html#SKS-ZDA03A3">ZDA03A3</a></td><td>Clavien grad 3</td><td>Clavien grad 3</td></tr><tr><td><a href="CodeSystem-SKS.html#SKS-ZDA03A3A">ZDA03A3A</a></td><td>Clavien grad 3a</td><td>Clavien grad 3a</td></tr><tr><td><a href="CodeSystem-SKS.html#SKS-ZDA03A3B">ZDA03A3B</a></td><td>Clavien grad 3b</td><td>Clavien grad 3b</td></tr><tr><td><a href="CodeSystem-SKS.html#SKS-ZDA03A4">ZDA03A4</a></td><td>Clavien grad 4</td><td>Clavien grad 4</td></tr><tr><td><a href="CodeSystem-SKS.html#SKS-ZDA03A4A">ZDA03A4A</a></td><td>Clavien grad 4a</td><td>Clavien grad 4a</td></tr><tr><td><a href="CodeSystem-SKS.html#SKS-ZDA03A4B">ZDA03A4B</a></td><td>Clavien grad 4b</td><td>Clavien grad 4b</td></tr><tr><td><a href="CodeSystem-SKS.html#SKS-ZDA03A5">ZDA03A5</a></td><td>Clavien grad 5</td><td>Clavien grad 5</td></tr></table></li><li>Include these codes as defined in <a href="CodeSystem-GenericValues.html"><code>https://kip.rkkp.dk/fhir/CodeSystem/GenericValues</code></a><table class="none"><tr><td style="white-space:nowrap"><b>Code</b></td><td><b>Display</b></td><td><b>Definition</b></td></tr><tr><td><a href="CodeSystem-GenericValues.html#GenericValues-none">none</a></td><td>Ingen</td><td>None - used to choose none of the available values</td></tr></table></li></ul></div>
  </text>
  <url value="https://kip.rkkp.dk/fhir/ValueSet/ClavienKomplikationsgrad"/>
  <version value="2.9.1"/>
  <name value="ClavienKomplikationsgrad"/>
  <title value="Clavien komplikationsgrad"/>
  <status value="active"/>
  <experimental value="true"/>
  <date value="2022-10-04T00:00:00+02:00"/>
  <publisher value="Sundhedsvæsnets Kvalistetsinstitut with Trifork Digital Health A/S"/>
  <contact>
    <name value="Sundhedsvæsnets Kvalistetsinstitut with Trifork Digital Health A/S"/>
    <telecom>
      <system value="url"/>
      <value value="https://trifork.com"/>
    </telecom>
    <telecom>
      <system value="email"/>
      <value value="rbk@trifork.com"/>
    </telecom>
  </contact>
  <description value="Clavien komplikationsgrad"/>
  <compose>
    <include>
      <system value="https://kip.rkkp.dk/fhir/CodeSystem/SKS"/>
      <concept>
        <code value="ZDA03A1"/>
        <display value="Clavien grad 1"/>
      </concept>
      <concept>
        <code value="ZDA03A2"/>
        <display value="Clavien grad 2"/>
      </concept>
      <concept>
        <code value="ZDA03A3"/>
        <display value="Clavien grad 3"/>
      </concept>
      <concept>
        <code value="ZDA03A3A"/>
        <display value="Clavien grad 3a"/>
      </concept>
      <concept>
        <code value="ZDA03A3B"/>
        <display value="Clavien grad 3b"/>
      </concept>
      <concept>
        <code value="ZDA03A4"/>
        <display value="Clavien grad 4"/>
      </concept>
      <concept>
        <code value="ZDA03A4A"/>
        <display value="Clavien grad 4a"/>
      </concept>
      <concept>
        <code value="ZDA03A4B"/>
        <display value="Clavien grad 4b"/>
      </concept>
      <concept>
        <code value="ZDA03A5"/>
        <display value="Clavien grad 5"/>
      </concept>
    </include>
    <include>
      <system value="https://kip.rkkp.dk/fhir/CodeSystem/GenericValues"/>
      <concept>
        <code value="none"/>
        <display value="Ingen"/>
      </concept>
    </include>
  </compose>
</ValueSet>