<?xml version="1.0" encoding="UTF-8"?>

<ValueSet xmlns="http://hl7.org/fhir">
  <id value="TackernavnAbsorberbarDHDB"/>
  <text>
    <status value="extensions"/><div xmlns="http://www.w3.org/1999/xhtml"><p class="res-header-id"><b>Generated Narrative: ValueSet TackernavnAbsorberbarDHDB</b></p><a name="TackernavnAbsorberbarDHDB"> </a><a name="hcTackernavnAbsorberbarDHDB"> </a><a name="TackernavnAbsorberbarDHDB-en-US"> </a><p>This value set includes codes based on the following rules:</p><ul><li>Include these codes as defined in <a href="CodeSystem-MedicalFixationClosing.html"><code>https://kip.sundk.dk/fhir/CodeSystem/MedicalFixationClosing</code></a><table class="none"><tr><td style="white-space:nowrap"><b>Code</b></td><td><b>Display</b></td><td><b>Definition</b></td></tr><tr><td><a href="CodeSystem-MedicalFixationClosing.html#MedicalFixationClosing-absorbatack">absorbatack</a></td><td>Absorbatack</td><td>Absorbatack</td></tr><tr><td><a href="CodeSystem-MedicalFixationClosing.html#MedicalFixationClosing-optifix">optifix</a></td><td>Optifix</td><td>Optifix</td></tr><tr><td><a href="CodeSystem-MedicalFixationClosing.html#MedicalFixationClosing-reliatack">reliatack</a></td><td>Reliatack</td><td>Reliatack</td></tr><tr><td><a href="CodeSystem-MedicalFixationClosing.html#MedicalFixationClosing-securestrap">securestrap</a></td><td>Securestrap</td><td>Securestrap</td></tr></table></li><li>Include these codes as defined in <a href="CodeSystem-GenericValues.html"><code>https://kip.sundk.dk/fhir/CodeSystem/GenericValues</code></a><table class="none"><tr><td style="white-space:nowrap"><b>Code</b></td><td><b>Display</b></td><td><b>Definition</b></td></tr><tr><td><a href="CodeSystem-GenericValues.html#GenericValues-other">other</a></td><td>Anden</td><td>Other - used to choose unspecific value not in a valueset</td></tr></table></li></ul></div>
  </text>
  <url value="https://kip.sundk.dk/fhir/ValueSet/TackernavnAbsorberbarDHDB"/>
  <version value="0.0.9"/>
  <name value="TackernavnAbsorberbarDHDB"/>
  <title value="Tackernavn; Absorberbare tackers (DHDB)"/>
  <status value="active"/>
  <experimental value="true"/>
  <date value="2022-07-20T00:00:00+02:00"/>
  <publisher value="Sundhedsvæsnets Kvalistetsinstitut with Trifork Public A/S"/>
  <contact>
    <name value="Sundhedsvæsnets Kvalistetsinstitut with Trifork Public A/S"/>
    <telecom>
      <system value="url"/>
      <value value="https://trifork.com"/>
    </telecom>
    <telecom>
      <system value="email"/>
      <value value="rbk@trifork.com"/>
    </telecom>
  </contact>
  <description value="Tackernavn; Absorberbare tackers (DHDB)"/>
  <compose>
    <include>
      <system value="https://kip.sundk.dk/fhir/CodeSystem/MedicalFixationClosing"/>
      <concept>
        <code value="absorbatack"/>
        <display value="Absorbatack"/>
      </concept>
      <concept>
        <code value="optifix"/>
        <display value="Optifix"/>
      </concept>
      <concept>
        <code value="reliatack"/>
        <display value="Reliatack"/>
      </concept>
      <concept>
        <code value="securestrap"/>
        <display value="Securestrap"/>
      </concept>
    </include>
    <include>
      <system value="https://kip.sundk.dk/fhir/CodeSystem/GenericValues"/>
      <concept>
        <code value="other"/>
        <display value="Anden"/>
      </concept>
    </include>
  </compose>
</ValueSet>