<?xml version="1.0" encoding="UTF-8"?>

<ValueSet xmlns="http://hl7.org/fhir">
  <id value="MeshPlaceringDHDB"/>
  <text>
    <status value="extensions"/><div xmlns="http://www.w3.org/1999/xhtml"><p class="res-header-id"><b>Generated Narrative: ValueSet MeshPlaceringDHDB</b></p><a name="MeshPlaceringDHDB"> </a><a name="hcMeshPlaceringDHDB"> </a><a name="MeshPlaceringDHDB-en-US"> </a><p>This value set includes codes based on the following rules:</p><ul><li>Include these codes as defined in <a href="CodeSystem-MeshPlacement.html"><code>https://kip.sundk.dk/fhir/CodeSystem/MeshPlacement</code></a><table class="none"><tr><td style="white-space:nowrap"><b>Code</b></td><td><b>Display</b></td><td><b>Definition</b></td></tr><tr><td><a href="CodeSystem-MeshPlacement.html#MeshPlacement-onlay">onlay</a></td><td>Onlay</td><td>Onlay</td></tr><tr><td><a href="CodeSystem-MeshPlacement.html#MeshPlacement-inlay">inlay</a></td><td>Inlay</td><td>Inlay</td></tr><tr><td><a href="CodeSystem-MeshPlacement.html#MeshPlacement-sublay">sublay</a></td><td>Sublay</td><td>Sublay</td></tr><tr><td><a href="CodeSystem-MeshPlacement.html#MeshPlacement-retromuscular_preperitoneal">retromuscular_preperitoneal</a></td><td>Retromuskulær + præperitoneal</td><td>Retromuskulær + præperitoneal</td></tr><tr><td><a href="CodeSystem-MeshPlacement.html#MeshPlacement-preperitoneal">preperitoneal</a></td><td>Præperitoneal</td><td>Præperitoneal</td></tr><tr><td><a href="CodeSystem-MeshPlacement.html#MeshPlacement-intraperitoneal">intraperitoneal</a></td><td>Intraperitoneal</td><td>Intraperitoneal</td></tr></table></li><li>Include these codes as defined in <a href="CodeSystem-GenericValues.html"><code>https://kip.sundk.dk/fhir/CodeSystem/GenericValues</code></a><table class="none"><tr><td style="white-space:nowrap"><b>Code</b></td><td><b>Display</b></td><td><b>Definition</b></td></tr><tr><td><a href="CodeSystem-GenericValues.html#GenericValues-other">other</a></td><td>Anden placering</td><td>Other - used to choose unspecific value not in a valueset</td></tr></table></li></ul></div>
  </text>
  <url value="https://kip.sundk.dk/fhir/ValueSet/MeshPlaceringDHDB"/>
  <version value="0.0.9"/>
  <name value="MeshPlaceringDHDB"/>
  <title value="Mesh placering (DHDB)"/>
  <status value="active"/>
  <experimental value="true"/>
  <date value="2022-07-20T00:00:00+02:00"/>
  <publisher value="Sundhedsvæsnets Kvalistetsinstitut with Trifork Public A/S"/>
  <contact>
    <name value="Sundhedsvæsnets Kvalistetsinstitut with Trifork Public A/S"/>
    <telecom>
      <system value="url"/>
      <value value="https://trifork.com"/>
    </telecom>
    <telecom>
      <system value="email"/>
      <value value="rbk@trifork.com"/>
    </telecom>
  </contact>
  <description value="Mesh Placering (DHDB)"/>
  <compose>
    <include>
      <system value="https://kip.sundk.dk/fhir/CodeSystem/MeshPlacement"/>
      <concept>
        <code value="onlay"/>
        <display value="Onlay"/>
      </concept>
      <concept>
        <code value="inlay"/>
        <display value="Inlay"/>
      </concept>
      <concept>
        <code value="sublay"/>
        <display value="Sublay"/>
      </concept>
      <concept>
        <code value="retromuscular_preperitoneal"/>
        <display value="Retromuskulær + præperitoneal"/>
      </concept>
      <concept>
        <code value="preperitoneal"/>
        <display value="Præperitoneal"/>
      </concept>
      <concept>
        <code value="intraperitoneal"/>
        <display value="Intraperitoneal"/>
      </concept>
    </include>
    <include>
      <system value="https://kip.sundk.dk/fhir/CodeSystem/GenericValues"/>
      <concept>
        <code value="other"/>
        <display value="Anden placering"/>
      </concept>
    </include>
  </compose>
</ValueSet>