<?xml version="1.0" encoding="UTF-8"?>

<ValueSet xmlns="http://hl7.org/fhir">
  <id value="Alkohol714"/>
  <text>
    <status value="extensions"/><div xmlns="http://www.w3.org/1999/xhtml"><p class="res-header-id"><b>Generated Narrative: ValueSet Alkohol714</b></p><a name="Alkohol714"> </a><a name="hcAlkohol714"> </a><a name="Alkohol714-en-US"> </a><ul><li>Include these codes as defined in <a href="CodeSystem-Alchohol.html"><code>https://kip.rkkp.dk/fhir/CodeSystem/Alchohol</code></a><table class="none"><tr><td style="white-space:nowrap"><b>Code</b></td><td><b>Display</b></td><td><b>Definition</b></td></tr><tr><td><a href="CodeSystem-Alchohol.html#Alchohol-le7.4714">le7/14</a></td><td>7/14 genstande eller færre (kvinde/mand)</td><td>Under eller lig 7/14 genstande per uge (kvinde/mand)</td></tr><tr><td><a href="CodeSystem-Alchohol.html#Alchohol-gt7.4714">gt7/14</a></td><td>Over 7/14 genstande per uge (kvinde/mand)</td><td>Over 7/14 genstande per uge (kvinde/mand)</td></tr></table></li></ul></div>
  </text>
  <url value="https://kip.rkkp.dk/fhir/ValueSet/Alkohol714"/>
  <version value="0.1.6"/>
  <name value="Alkohol714"/>
  <title value="Alkohol - 7/14 genstande per uge"/>
  <status value="active"/>
  <experimental value="true"/>
  <date value="2022-06-08T00:00:00+02:00"/>
  <publisher value="Sundhedsvæsnets Kvalistetsinstitut with Trifork Digital Health A/S"/>
  <contact>
    <name value="Sundhedsvæsnets Kvalistetsinstitut with Trifork Digital Health A/S"/>
    <telecom>
      <system value="url"/>
      <value value="https://trifork.com"/>
    </telecom>
    <telecom>
      <system value="email"/>
      <value value="rbk@trifork.com"/>
    </telecom>
  </contact>
  <description value="Udfald for alkohol - 7/14 genstande per uge"/>
  <compose>
    <include>
      <system value="https://kip.rkkp.dk/fhir/CodeSystem/Alchohol"/>
      <concept>
        <code value="le7/14"/>
        <display value="7/14 genstande eller færre (kvinde/mand)"/>
      </concept>
      <concept>
        <code value="gt7/14"/>
        <display value="Over 7/14 genstande per uge (kvinde/mand)"/>
      </concept>
    </include>
  </compose>
</ValueSet>