<?xml version="1.0" encoding="UTF-8"?>

<ValueSet xmlns="http://hl7.org/fhir">
  <id value="TrombolyseprofylakseDHR"/>
  <text>
    <status value="extensions"/><div xmlns="http://www.w3.org/1999/xhtml"><p class="res-header-id"><b>Generated Narrative: ValueSet TrombolyseprofylakseDHR</b></p><a name="TrombolyseprofylakseDHR"> </a><a name="hcTrombolyseprofylakseDHR"> </a><a name="TrombolyseprofylakseDHR-en-US"> </a><p>This value set includes codes based on the following rules:</p><ul><li>Include these codes as defined in <a href="CodeSystem-MedicationName.html"><code>https://kip.rkkp.dk/fhir/CodeSystem/MedicationName</code></a><table class="none"><tr><td style="white-space:nowrap"><b>Code</b></td><td><b>Display</b></td><td><b>Definition</b></td></tr><tr><td><a href="CodeSystem-MedicationName.html#MedicationName-apixaban">apixaban</a></td><td>Apixaban</td><td>Apixaban (B01AF02)</td></tr><tr><td><a href="CodeSystem-MedicationName.html#MedicationName-arixtra">arixtra</a></td><td>Arixtra</td><td>Arixtra (B01AX05)</td></tr><tr><td><a href="CodeSystem-MedicationName.html#MedicationName-fragmin">fragmin</a></td><td>Fragmin</td><td>Fragmin (B01AB04)</td></tr><tr><td><a href="CodeSystem-MedicationName.html#MedicationName-innohep">innohep</a></td><td>Innohep</td><td>Innohep (B01AB10)</td></tr><tr><td><a href="CodeSystem-MedicationName.html#MedicationName-klexane">klexane</a></td><td>Klexane</td><td>Klexane (B01AB05)</td></tr><tr><td><a href="CodeSystem-MedicationName.html#MedicationName-logiparin">logiparin</a></td><td>Logiparin</td><td>Logiparin (B01AB10)</td></tr><tr><td><a href="CodeSystem-MedicationName.html#MedicationName-marevan">marevan</a></td><td>Marevan</td><td>Marevan (B01AA03)</td></tr><tr><td><a href="CodeSystem-MedicationName.html#MedicationName-noparin">noparin</a></td><td>Noparin</td><td>Noparin (B01AB01)</td></tr><tr><td><a href="CodeSystem-MedicationName.html#MedicationName-pradaxa">pradaxa</a></td><td>Pradaxa</td><td>Pradaxa (B01AE07)</td></tr><tr><td><a href="CodeSystem-MedicationName.html#MedicationName-tinzaparin">tinzaparin</a></td><td>Tinzaparin</td><td>Tinzaparin (B01AB10)</td></tr><tr><td><a href="CodeSystem-MedicationName.html#MedicationName-xarelto">xarelto</a></td><td>Xarelto</td><td>Xarelto (B01AF01)</td></tr></table></li><li>Include these codes as defined in <a href="CodeSystem-GenericValues.html"><code>https://kip.rkkp.dk/fhir/CodeSystem/GenericValues</code></a><table class="none"><tr><td style="white-space:nowrap"><b>Code</b></td><td><b>Display</b></td><td><b>Definition</b></td></tr><tr><td><a href="CodeSystem-GenericValues.html#GenericValues-other">other</a></td><td>Andet</td><td>Other - used to choose unspecific value not in a valueset</td></tr></table></li></ul></div>
  </text>
  <url value="https://kip.rkkp.dk/fhir/ValueSet/TrombolyseprofylakseDHR"/>
  <version value="2.9.1"/>
  <name value="TrombolyseprofylakseDHR"/>
  <title value="Trombolyseprofylakse (DHR)"/>
  <status value="active"/>
  <experimental value="true"/>
  <date value="2022-11-18T00:00:00+02:00"/>
  <publisher value="Sundhedsvæsnets Kvalistetsinstitut with Trifork Digital Health A/S"/>
  <contact>
    <name value="Sundhedsvæsnets Kvalistetsinstitut with Trifork Digital Health A/S"/>
    <telecom>
      <system value="url"/>
      <value value="https://trifork.com"/>
    </telecom>
    <telecom>
      <system value="email"/>
      <value value="rbk@trifork.com"/>
    </telecom>
  </contact>
  <description value="Trombolyseprofylakse (DHR)"/>
  <compose>
    <include>
      <system value="https://kip.rkkp.dk/fhir/CodeSystem/MedicationName"/>
      <concept>
        <code value="apixaban"/>
        <display value="Apixaban"/>
      </concept>
      <concept>
        <code value="arixtra"/>
        <display value="Arixtra"/>
      </concept>
      <concept>
        <code value="fragmin"/>
        <display value="Fragmin"/>
      </concept>
      <concept>
        <code value="innohep"/>
        <display value="Innohep"/>
      </concept>
      <concept>
        <code value="klexane"/>
        <display value="Klexane"/>
      </concept>
      <concept>
        <code value="logiparin"/>
        <display value="Logiparin"/>
      </concept>
      <concept>
        <code value="marevan"/>
        <display value="Marevan"/>
      </concept>
      <concept>
        <code value="noparin"/>
        <display value="Noparin"/>
      </concept>
      <concept>
        <code value="pradaxa"/>
        <display value="Pradaxa"/>
      </concept>
      <concept>
        <code value="tinzaparin"/>
        <display value="Tinzaparin"/>
      </concept>
      <concept>
        <code value="xarelto"/>
        <display value="Xarelto"/>
      </concept>
    </include>
    <include>
      <system value="https://kip.rkkp.dk/fhir/CodeSystem/GenericValues"/>
      <concept>
        <code value="other"/>
        <display value="Andet"/>
      </concept>
    </include>
  </compose>
</ValueSet>