<?xml version="1.0" encoding="UTF-8"?>

<ValueSet xmlns="http://hl7.org/fhir">
  <id value="KomplOrganperfDiagDUGA"/>
  <text>
    <status value="extensions"/><div xmlns="http://www.w3.org/1999/xhtml"><p class="res-header-id"><b>Generated Narrative: ValueSet KomplOrganperfDiagDUGA</b></p><a name="KomplOrganperfDiagDUGA"> </a><a name="hcKomplOrganperfDiagDUGA"> </a><a name="KomplOrganperfDiagDUGA-en-US"> </a><ul><li>Include these codes as defined in <a href="CodeSystem-ProcedureUrogyn.html"><code>https://kip.rkkp.dk/fhir/CodeSystem/ProcedureUrogyn</code></a><table class="none"><tr><td style="white-space:nowrap"><b>Code</b></td><td><b>Display</b></td><td><b>Definition</b></td></tr><tr><td><a href="CodeSystem-ProcedureUrogyn.html#ProcedureUrogyn-DT812G">DT812G</a></td><td>DT812G: Utilsigtet peroperativ punktur eller læsion af gastrointestinalkanalen</td><td>Utilsigtet peroperativ punktur eller læsion af gastrointestinalkanalen</td></tr><tr><td><a href="CodeSystem-ProcedureUrogyn.html#ProcedureUrogyn-DT812H">DT812H</a></td><td>DT812H: Utilsigtet peroperativ punktur eller læsion af kvindeligt kønsorgan</td><td>Utilsigtet peroperativ punktur eller læsion af kvindeligt kønsorgan</td></tr><tr><td><a href="CodeSystem-ProcedureUrogyn.html#ProcedureUrogyn-DT812UC">DT812UC</a></td><td>DT812UC: Utilsigtet peroperativ punktur eller læsion af urinleder</td><td>Utilsigtet peroperativ punktur eller læsion af urinleder</td></tr><tr><td><a href="CodeSystem-ProcedureUrogyn.html#ProcedureUrogyn-DT812UD">DT812UD</a></td><td>DT812UD: Utilsigtet peroperativ punktur eller læsion af urinblære</td><td>Utilsigtet peroperativ punktur eller læsion af urinblære</td></tr><tr><td><a href="CodeSystem-ProcedureUrogyn.html#ProcedureUrogyn-DT812UE">DT812UE</a></td><td>DT812UE: Utilsigtet peroperativ punktur eller læsion af urinrør</td><td>Utilsigtet peroperativ punktur eller læsion af urinrør</td></tr></table></li></ul></div>
  </text>
  <url value="https://kip.rkkp.dk/fhir/ValueSet/KomplOrganperfDiagDUGA"/>
  <version value="0.1.8"/>
  <name value="KomplOrganperfDiagDUGA"/>
  <title value="Komplikationer pga. organperforation - Diagnosekoder (DUGA)"/>
  <status value="active"/>
  <experimental value="true"/>
  <date value="2024-02-21T00:00:00+02:00"/>
  <publisher value="Sundhedsvæsnets Kvalistetsinstitut with Trifork Digital Health A/S"/>
  <contact>
    <name value="Sundhedsvæsnets Kvalistetsinstitut with Trifork Digital Health A/S"/>
    <telecom>
      <system value="url"/>
      <value value="https://trifork.com"/>
    </telecom>
    <telecom>
      <system value="email"/>
      <value value="rbk@trifork.com"/>
    </telecom>
  </contact>
  <description value="Komplikationer pga. organperforation - Diagnosekoder (DUGA)"/>
  <compose>
    <include>
      <system value="https://kip.rkkp.dk/fhir/CodeSystem/ProcedureUrogyn"/>
      <concept>
        <code value="DT812G"/>
        <display value="DT812G: Utilsigtet peroperativ punktur eller læsion af gastrointestinalkanalen"/>
      </concept>
      <concept>
        <code value="DT812H"/>
        <display value="DT812H: Utilsigtet peroperativ punktur eller læsion af kvindeligt kønsorgan"/>
      </concept>
      <concept>
        <code value="DT812UC"/>
        <display value="DT812UC: Utilsigtet peroperativ punktur eller læsion af urinleder"/>
      </concept>
      <concept>
        <code value="DT812UD"/>
        <display value="DT812UD: Utilsigtet peroperativ punktur eller læsion af urinblære"/>
      </concept>
      <concept>
        <code value="DT812UE"/>
        <display value="DT812UE: Utilsigtet peroperativ punktur eller læsion af urinrør"/>
      </concept>
    </include>
  </compose>
</ValueSet>