<?xml version="1.0" encoding="UTF-8"?>

<ValueSet xmlns="http://hl7.org/fhir">
  <id value="PerioderMK"/>
  <text>
    <status value="extensions"/><div xmlns="http://www.w3.org/1999/xhtml"><p class="res-header-id"><b>Generated Narrative: ValueSet PerioderMK</b></p><a name="PerioderMK"> </a><a name="hcPerioderMK"> </a><a name="PerioderMK-en-US"> </a><ul><li>Include these codes as defined in <a href="CodeSystem-Periods.html"><code>https://kip.sundk.dk/fhir/CodeSystem/Periods</code></a><table class="none"><tr><td style="white-space:nowrap"><b>Code</b></td><td><b>Display</b></td><td><b>Definition</b></td></tr><tr><td><a href="CodeSystem-Periods.html#Periods-month">month</a></td><td>Måned</td><td>Måned</td></tr><tr><td><a href="CodeSystem-Periods.html#Periods-quarter">quarter</a></td><td>Kvartal</td><td>Kvartal</td></tr></table></li></ul></div>
  </text>
  <url value="https://kip.sundk.dk/fhir/ValueSet/PerioderMK"/>
  <version value="0.0.9"/>
  <name value="PerioderMK"/>
  <title value="Perioder Måned / Kvartal"/>
  <status value="active"/>
  <experimental value="true"/>
  <date value="2022-11-21T00:00:00+02:00"/>
  <publisher value="Sundhedsvæsnets Kvalistetsinstitut with Trifork Public A/S"/>
  <contact>
    <name value="Sundhedsvæsnets Kvalistetsinstitut with Trifork Public A/S"/>
    <telecom>
      <system value="url"/>
      <value value="https://trifork.com"/>
    </telecom>
    <telecom>
      <system value="email"/>
      <value value="rbk@trifork.com"/>
    </telecom>
  </contact>
  <description value="Perioder Måned / Kvartal"/>
  <compose>
    <include>
      <system value="https://kip.sundk.dk/fhir/CodeSystem/Periods"/>
      <concept>
        <code value="month"/>
        <display value="Måned"/>
      </concept>
      <concept>
        <code value="quarter"/>
        <display value="Kvartal"/>
      </concept>
    </include>
  </compose>
</ValueSet>