<?xml version="1.0" encoding="UTF-8"?>

<ValueSet xmlns="http://hl7.org/fhir">
  <id value="SSSOrientering"/>
  <text>
    <status value="extensions"/><div xmlns="http://www.w3.org/1999/xhtml"><p class="res-header-id"><b>Generated Narrative: ValueSet SSSOrientering</b></p><a name="SSSOrientering"> </a><a name="hcSSSOrientering"> </a><a name="SSSOrientering-en-US"> </a><ul><li>Include these codes as defined in <a href="CodeSystem-SSSOrientation.html"><code>https://kip.rkkp.dk/fhir/CodeSystem/SSSOrientation</code></a><table class="none"><tr><td style="white-space:nowrap"><b>Code</b></td><td><b>Display</b></td><td><b>Definition</b></td></tr><tr><td><a href="CodeSystem-SSSOrientation.html#SSSOrientation-6">6</a></td><td>6: alle</td><td>3 korrekte svar.</td></tr><tr><td><a href="CodeSystem-SSSOrientation.html#SSSOrientation-4">4</a></td><td>4: 2 ud af 3</td><td>2 af 3 svar korrekte.</td></tr><tr><td><a href="CodeSystem-SSSOrientation.html#SSSOrientation-2">2</a></td><td>2: 1 ud af 3</td><td>1 af 3 svar korrekte.</td></tr><tr><td><a href="CodeSystem-SSSOrientation.html#SSSOrientation-0">0</a></td><td>0: 0 ud af 3</td><td>Ingen korrekte svar.</td></tr></table></li></ul></div>
  </text>
  <url value="https://kip.rkkp.dk/fhir/ValueSet/SSSOrientering"/>
  <version value="0.1.8"/>
  <name value="SSSOrientering"/>
  <title value="Scandinavian Stroke Scale - Orientering"/>
  <status value="active"/>
  <experimental value="true"/>
  <date value="2022-06-23T00:00:00+02:00"/>
  <publisher value="Sundhedsvæsnets Kvalistetsinstitut with Trifork Digital Health A/S"/>
  <contact>
    <name value="Sundhedsvæsnets Kvalistetsinstitut with Trifork Digital Health A/S"/>
    <telecom>
      <system value="url"/>
      <value value="https://trifork.com"/>
    </telecom>
    <telecom>
      <system value="email"/>
      <value value="rbk@trifork.com"/>
    </telecom>
  </contact>
  <description value="Scandinavian Stroke Scale - Orientering"/>
  <compose>
    <include>
      <system value="https://kip.rkkp.dk/fhir/CodeSystem/SSSOrientation"/>
      <concept>
        <code value="6"/>
        <display value="6: alle"/>
      </concept>
      <concept>
        <code value="4"/>
        <display value="4: 2 ud af 3"/>
      </concept>
      <concept>
        <code value="2"/>
        <display value="2: 1 ud af 3"/>
      </concept>
      <concept>
        <code value="0"/>
        <display value="0: 0 ud af 3"/>
      </concept>
    </include>
  </compose>
</ValueSet>