<?xml version="1.0" encoding="UTF-8"?>

<ValueSet xmlns="http://hl7.org/fhir">
  <id value="BehandlingsVarighedDHR"/>
  <text>
    <status value="extensions"/><div xmlns="http://www.w3.org/1999/xhtml"><p class="res-header-id"><b>Generated Narrative: ValueSet BehandlingsVarighedDHR</b></p><a name="BehandlingsVarighedDHR"> </a><a name="hcBehandlingsVarighedDHR"> </a><a name="BehandlingsVarighedDHR-en-US"> </a><p>This value set includes codes based on the following rules:</p><ul><li>Include these codes as defined in <a href="http://terminology.hl7.org/3.1.0/CodeSystem-v2-0532.html"><code>http://terminology.hl7.org/CodeSystem/v2-0532</code></a><table class="none"><tr><td style="white-space:nowrap"><b>Code</b></td><td><b>Display</b></td><td><b>Definition</b></td></tr><tr><td><a href="http://terminology.hl7.org/3.1.0/CodeSystem-v2-0532.html#v2-0532-NA">NA</a></td><td>Kun præoperativt (varighed angives ikke)</td><td>not applicable</td></tr></table></li><li>Include these codes as defined in <a href="CodeSystem-ProcedureDuration.html"><code>https://kip.sundk.dk/fhir/CodeSystem/ProcedureDuration</code></a><table class="none"><tr><td style="white-space:nowrap"><b>Code</b></td><td><b>Display</b></td><td><b>Definition</b></td></tr><tr><td><a href="CodeSystem-ProcedureDuration.html#ProcedureDuration-.61.601">=&lt;1</a></td><td>Max. i 1 døgn</td><td>=&lt;1</td></tr><tr><td><a href="CodeSystem-ProcedureDuration.html#ProcedureDuration-.621">&gt;1</a></td><td>&gt;1 døgn</td><td>&gt;1</td></tr></table></li></ul></div>
  </text>
  <url value="https://kip.sundk.dk/fhir/ValueSet/BehandlingsVarighedDHR"/>
  <version value="0.0.9"/>
  <name value="BehandlingsVarighedDHR"/>
  <title value="Behandlingsvarighed"/>
  <status value="active"/>
  <experimental value="true"/>
  <date value="2022-07-06T00:00:00+02:00"/>
  <publisher value="Sundhedsvæsnets Kvalistetsinstitut with Trifork Public A/S"/>
  <contact>
    <name value="Sundhedsvæsnets Kvalistetsinstitut with Trifork Public A/S"/>
    <telecom>
      <system value="url"/>
      <value value="https://trifork.com"/>
    </telecom>
    <telecom>
      <system value="email"/>
      <value value="rbk@trifork.com"/>
    </telecom>
  </contact>
  <description value="Behandlingsvarighed [DHR]"/>
  <compose>
    <include>
      <system value="http://terminology.hl7.org/CodeSystem/v2-0532"/>
      <concept>
        <code value="NA"/>
        <display value="Kun præoperativt (varighed angives ikke)"/>
      </concept>
    </include>
    <include>
      <system value="https://kip.sundk.dk/fhir/CodeSystem/ProcedureDuration"/>
      <concept>
        <code value="=&lt;1"/>
        <display value="Max. i 1 døgn"/>
      </concept>
      <concept>
        <code value="&gt;1"/>
        <display value="&gt;1 døgn"/>
      </concept>
    </include>
  </compose>
</ValueSet>