<?xml version="1.0" encoding="UTF-8"?>

<ValueSet xmlns="http://hl7.org/fhir">
  <id value="PivotShift"/>
  <text>
    <status value="extensions"/><div xmlns="http://www.w3.org/1999/xhtml"><p class="res-header-id"><b>Generated Narrative: ValueSet PivotShift</b></p><a name="PivotShift"> </a><a name="hcPivotShift"> </a><a name="PivotShift-en-US"> </a><ul><li>Include these codes as defined in <a href="CodeSystem-PivotShiftGrading.html"><code>https://kip.rkkp.dk/fhir/CodeSystem/PivotShiftGrading</code></a><table class="none"><tr><td style="white-space:nowrap"><b>Code</b></td><td><b>Display</b></td><td><b>Definition</b></td></tr><tr><td><a href="CodeSystem-PivotShiftGrading.html#PivotShiftGrading-grade_0">grade_0</a></td><td>Equal</td><td>Grade 0: Equal</td></tr><tr><td><a href="CodeSystem-PivotShiftGrading.html#PivotShiftGrading-grade_1">grade_1</a></td><td>+Glide</td><td>Grade 1: Glide+</td></tr><tr><td><a href="CodeSystem-PivotShiftGrading.html#PivotShiftGrading-grade_2">grade_2</a></td><td>++Clunk</td><td>Grade 2: Clunk++</td></tr><tr><td><a href="CodeSystem-PivotShiftGrading.html#PivotShiftGrading-grade_3">grade_3</a></td><td>+++Gross</td><td>Grade 3: Gross+++</td></tr></table></li></ul></div>
  </text>
  <url value="https://kip.rkkp.dk/fhir/ValueSet/PivotShift"/>
  <version value="2.9.0"/>
  <name value="PivotShift"/>
  <title value="Pivot Shift"/>
  <status value="active"/>
  <experimental value="true"/>
  <date value="2022-09-19T00:00:00+02:00"/>
  <publisher value="Sundhedsvæsnets Kvalistetsinstitut with Trifork Digital Health A/S"/>
  <contact>
    <name value="Sundhedsvæsnets Kvalistetsinstitut with Trifork Digital Health A/S"/>
    <telecom>
      <system value="url"/>
      <value value="https://trifork.com"/>
    </telecom>
    <telecom>
      <system value="email"/>
      <value value="rbk@trifork.com"/>
    </telecom>
  </contact>
  <description value="Pivot Shift"/>
  <compose>
    <include>
      <system value="https://kip.rkkp.dk/fhir/CodeSystem/PivotShiftGrading"/>
      <concept>
        <code value="grade_0"/>
        <display value="Equal"/>
      </concept>
      <concept>
        <code value="grade_1"/>
        <display value="+Glide"/>
      </concept>
      <concept>
        <code value="grade_2"/>
        <display value="++Clunk"/>
      </concept>
      <concept>
        <code value="grade_3"/>
        <display value="+++Gross"/>
      </concept>
    </include>
  </compose>
</ValueSet>