<?xml version="1.0" encoding="UTF-8"?>

<ValueSet xmlns="http://hl7.org/fhir">
  <id value="Rygning"/>
  <text>
    <status value="extensions"/><div xmlns="http://www.w3.org/1999/xhtml"><p class="res-header-id"><b>Generated Narrative: ValueSet Rygning</b></p><a name="Rygning"> </a><a name="hcRygning"> </a><a name="Rygning-en-US"> </a><ul><li>Include these codes as defined in <a href="CodeSystem-Smoking.html"><code>https://kip.rkkp.dk/fhir/CodeSystem/Smoking</code></a><table class="none"><tr><td style="white-space:nowrap"><b>Code</b></td><td><b>Display</b></td><td><b>Definition</b></td></tr><tr><td><a href="CodeSystem-Smoking.html#Smoking-smoker">smoker</a></td><td>Ryger</td><td>Ryger</td></tr><tr><td><a href="CodeSystem-Smoking.html#Smoking-formersmoker">formersmoker</a></td><td>Tidligere ryger</td><td>Tidligere ryger</td></tr><tr><td><a href="CodeSystem-Smoking.html#Smoking-never-smoker">never-smoker</a></td><td>Aldrig ryger</td><td>Aldrig ryger</td></tr></table></li></ul></div>
  </text>
  <url value="https://kip.rkkp.dk/fhir/ValueSet/Rygning"/>
  <version value="2.9.1"/>
  <name value="Rygning"/>
  <title value="Rygning"/>
  <status value="active"/>
  <experimental value="true"/>
  <date value="2022-06-08T00:00:00+02:00"/>
  <publisher value="Sundhedsvæsnets Kvalistetsinstitut with Trifork Digital Health A/S"/>
  <contact>
    <name value="Sundhedsvæsnets Kvalistetsinstitut with Trifork Digital Health A/S"/>
    <telecom>
      <system value="url"/>
      <value value="https://trifork.com"/>
    </telecom>
    <telecom>
      <system value="email"/>
      <value value="rbk@trifork.com"/>
    </telecom>
  </contact>
  <description value="Udfald for rygning"/>
  <compose>
    <include>
      <system value="https://kip.rkkp.dk/fhir/CodeSystem/Smoking"/>
      <concept>
        <code value="smoker"/>
        <display value="Ryger"/>
      </concept>
      <concept>
        <code value="formersmoker"/>
        <display value="Tidligere ryger"/>
      </concept>
      <concept>
        <code value="never-smoker"/>
        <display value="Aldrig ryger"/>
      </concept>
    </include>
  </compose>
</ValueSet>