<?xml version="1.0" encoding="UTF-8"?>

<ValueSet xmlns="http://hl7.org/fhir">
  <id value="CivilstandDAP"/>
  <text>
    <status value="extensions"/><div xmlns="http://www.w3.org/1999/xhtml"><p class="res-header-id"><b>Generated Narrative: ValueSet CivilstandDAP</b></p><a name="CivilstandDAP"> </a><a name="hcCivilstandDAP"> </a><a name="CivilstandDAP-en-US"> </a><ul><li>Include these codes as defined in <a href="CodeSystem-MaritalStatus.html"><code>https://kip.rkkp.dk/fhir/CodeSystem/MaritalStatus</code></a><table class="none"><tr><td style="white-space:nowrap"><b>Code</b></td><td><b>Display</b></td><td><b>Definition</b></td></tr><tr><td><a href="CodeSystem-MaritalStatus.html#MaritalStatus-cohabitant">cohabitant</a></td><td>Samboende</td><td>Samboende</td></tr><tr><td><a href="CodeSystem-MaritalStatus.html#MaritalStatus-livingalone">livingalone</a></td><td>Bor alene</td><td>Bor alene</td></tr><tr><td><a href="CodeSystem-MaritalStatus.html#MaritalStatus-other">other</a></td><td>Andet</td><td>Andet</td></tr></table></li></ul></div>
  </text>
  <url value="https://kip.rkkp.dk/fhir/ValueSet/CivilstandDAP"/>
  <version value="2.9.0"/>
  <name value="CivilstandDAP"/>
  <title value="Civilstand [DAP]"/>
  <status value="active"/>
  <experimental value="true"/>
  <date value="2022-06-21T00:00:00+02:00"/>
  <publisher value="Sundhedsvæsnets Kvalistetsinstitut with Trifork Digital Health A/S"/>
  <contact>
    <name value="Sundhedsvæsnets Kvalistetsinstitut with Trifork Digital Health A/S"/>
    <telecom>
      <system value="url"/>
      <value value="https://trifork.com"/>
    </telecom>
    <telecom>
      <system value="email"/>
      <value value="rbk@trifork.com"/>
    </telecom>
  </contact>
  <description value="Civilstand for Apopleksi [DAP]"/>
  <compose>
    <include>
      <system value="https://kip.rkkp.dk/fhir/CodeSystem/MaritalStatus"/>
      <concept>
        <code value="cohabitant"/>
        <display value="Samboende"/>
      </concept>
      <concept>
        <code value="livingalone"/>
        <display value="Bor alene"/>
      </concept>
      <concept>
        <code value="other"/>
        <display value="Andet"/>
      </concept>
    </include>
  </compose>
</ValueSet>