<?xml version="1.0" encoding="UTF-8"?>

<ValueSet xmlns="http://hl7.org/fhir">
  <id value="DiagnoseDANDEM"/>
  <text>
    <status value="extensions"/><div xmlns="http://www.w3.org/1999/xhtml"><p class="res-header-id"><b>Generated Narrative: ValueSet DiagnoseDANDEM</b></p><a name="DiagnoseDANDEM"> </a><a name="hcDiagnoseDANDEM"> </a><a name="DiagnoseDANDEM-en-US"> </a><p>This value set includes codes based on the following rules:</p><ul><li>Include these codes as defined in <a href="CodeSystem-DiseasesUnspecified.html"><code>https://kip.rkkp.dk/fhir/CodeSystem/DiseasesUnspecified</code></a><table class="none"><tr><td style="white-space:nowrap"><b>Code</b></td><td><b>Display</b></td><td><b>Definition</b></td></tr><tr><td><a href="CodeSystem-DiseasesUnspecified.html#DiseasesUnspecified-alzheimers_dementia">alzheimers_dementia</a></td><td>Alzheimer sygdom</td><td>Alzheimers demens</td></tr><tr><td><a href="CodeSystem-DiseasesUnspecified.html#DiseasesUnspecified-lewy_body_dementia">lewy_body_dementia</a></td><td>Lewy Body sygdom</td><td>Lewy Body demens</td></tr><tr><td><a href="CodeSystem-DiseasesUnspecified.html#DiseasesUnspecified-parkinson_dementia">parkinson_dementia</a></td><td>Parkinson sygdom</td><td>Parkinson demens</td></tr><tr><td><a href="CodeSystem-DiseasesUnspecified.html#DiseasesUnspecified-vascular_dementia">vascular_dementia</a></td><td>Cerebrovaskulær sygdom </td><td>Vaskulær demens</td></tr><tr><td><a href="CodeSystem-DiseasesUnspecified.html#DiseasesUnspecified-mixed_dementia">mixed_dementia</a></td><td>Mixed (Alzheimer + Cerebrovaskulær)</td><td>Mixed demens (Alzheimers + vaskulær)</td></tr><tr><td><a href="CodeSystem-DiseasesUnspecified.html#DiseasesUnspecified-frontotemporal_dementia">frontotemporal_dementia</a></td><td>Frontotemporal demens</td><td>Frontotemporal demens</td></tr><tr><td><a href="CodeSystem-DiseasesUnspecified.html#DiseasesUnspecified-atypical_parkinson_dementia">atypical_parkinson_dementia</a></td><td>Atypisk Parkinson (MSA, CBS, PSP)</td><td>Atypisk Parkinson demens</td></tr><tr><td><a href="CodeSystem-DiseasesUnspecified.html#DiseasesUnspecified-hydrocephalus_dementia">hydrocephalus_dementia</a></td><td>Normaltryks hydrocephalus (NPH)</td><td>Normaltryks hydrocephalus demens</td></tr><tr><td><a href="CodeSystem-DiseasesUnspecified.html#DiseasesUnspecified-huntingtons_chorea_dementia">huntingtons_chorea_dementia</a></td><td>Huntingtons sygdom</td><td>Huntingtons Chorea demens</td></tr><tr><td><a href="CodeSystem-DiseasesUnspecified.html#DiseasesUnspecified-alchohol_dementia">alchohol_dementia</a></td><td>Alkohol</td><td>Alkohol demens</td></tr><tr><td><a href="CodeSystem-DiseasesUnspecified.html#DiseasesUnspecified-neurodegenerative_dementia">neurodegenerative_dementia</a></td><td>Anden specifik neurodegenerativ sygdom</td><td>Neurodegenerativ demens</td></tr><tr><td><a href="CodeSystem-DiseasesUnspecified.html#DiseasesUnspecified-not_affective_dementia">not_affective_dementia</a></td><td>Anden ikke neurodegenerativ sygdom</td><td>Ikke-affektiv demens</td></tr><tr><td><a href="CodeSystem-DiseasesUnspecified.html#DiseasesUnspecified-affective_dementia">affective_dementia</a></td><td>Psykiatrisk sygdom</td><td>Affektiv demens</td></tr></table></li><li>Include these codes as defined in <a href="CodeSystem-GenericValues.html"><code>https://kip.rkkp.dk/fhir/CodeSystem/GenericValues</code></a><table class="none"><tr><td style="white-space:nowrap"><b>Code</b></td><td><b>Display</b></td><td><b>Definition</b></td></tr><tr><td><a href="CodeSystem-GenericValues.html#GenericValues-uncercertain">uncercertain</a></td><td>Uafklaret ætiologi</td><td>Uncertain / SNOMED-CT: 64957009</td></tr></table></li></ul></div>
  </text>
  <url value="https://kip.rkkp.dk/fhir/ValueSet/DiagnoseDANDEM"/>
  <version value="2.9.3"/>
  <name value="DiagnoseDANDEM"/>
  <title value="Diagnose (DANDEM)"/>
  <status value="active"/>
  <experimental value="true"/>
  <date value="2022-07-19T00:00:00+02:00"/>
  <publisher value="Sundhedsvæsenets Kvalitetsinstitut with Trifork Digital Health A/S"/>
  <contact>
    <name value="Sundhedsvæsenets Kvalitetsinstitut with Trifork Digital Health A/S"/>
    <telecom>
      <system value="url"/>
      <value value="https://trifork.com"/>
    </telecom>
    <telecom>
      <system value="email"/>
      <value value="rbk@trifork.com"/>
    </telecom>
  </contact>
  <description value="Diagnose (DANDEM)"/>
  <compose>
    <include>
      <system value="https://kip.rkkp.dk/fhir/CodeSystem/DiseasesUnspecified"/>
      <concept>
        <code value="alzheimers_dementia"/>
        <display value="Alzheimer sygdom"/>
      </concept>
      <concept>
        <code value="lewy_body_dementia"/>
        <display value="Lewy Body sygdom"/>
      </concept>
      <concept>
        <code value="parkinson_dementia"/>
        <display value="Parkinson sygdom"/>
      </concept>
      <concept>
        <code value="vascular_dementia"/>
        <display value="Cerebrovaskulær sygdom "/>
      </concept>
      <concept>
        <code value="mixed_dementia"/>
        <display value="Mixed (Alzheimer + Cerebrovaskulær)"/>
      </concept>
      <concept>
        <code value="frontotemporal_dementia"/>
        <display value="Frontotemporal demens"/>
      </concept>
      <concept>
        <code value="atypical_parkinson_dementia"/>
        <display value="Atypisk Parkinson (MSA, CBS, PSP)"/>
      </concept>
      <concept>
        <code value="hydrocephalus_dementia"/>
        <display value="Normaltryks hydrocephalus (NPH)"/>
      </concept>
      <concept>
        <code value="huntingtons_chorea_dementia"/>
        <display value="Huntingtons sygdom"/>
      </concept>
      <concept>
        <code value="alchohol_dementia"/>
        <display value="Alkohol"/>
      </concept>
      <concept>
        <code value="neurodegenerative_dementia"/>
        <display value="Anden specifik neurodegenerativ sygdom"/>
      </concept>
      <concept>
        <code value="not_affective_dementia"/>
        <display value="Anden ikke neurodegenerativ sygdom"/>
      </concept>
      <concept>
        <code value="affective_dementia"/>
        <display value="Psykiatrisk sygdom"/>
      </concept>
    </include>
    <include>
      <system value="https://kip.rkkp.dk/fhir/CodeSystem/GenericValues"/>
      <concept>
        <code value="uncercertain"/>
        <display value="Uafklaret ætiologi"/>
      </concept>
    </include>
  </compose>
</ValueSet>