<?xml version="1.0" encoding="UTF-8"?>

<ValueSet xmlns="http://hl7.org/fhir">
  <id value="IndgrebComponentsSeparationTypeDHDB"/>
  <text>
    <status value="extensions"/><div xmlns="http://www.w3.org/1999/xhtml"><p class="res-header-id"><b>Generated Narrative: ValueSet IndgrebComponentsSeparationTypeDHDB</b></p><a name="IndgrebComponentsSeparationTypeDHDB"> </a><a name="hcIndgrebComponentsSeparationTypeDHDB"> </a><a name="IndgrebComponentsSeparationTypeDHDB-en-US"> </a><ul><li>Include these codes as defined in <a href="CodeSystem-ProcedureType.html"><code>https://kip.rkkp.dk/fhir/CodeSystem/ProcedureType</code></a><table class="none"><tr><td style="white-space:nowrap"><b>Code</b></td><td><b>Display</b></td><td><b>Definition</b></td></tr><tr><td><a href="CodeSystem-ProcedureType.html#ProcedureType-externus_obliquus">externus_obliquus</a></td><td>Externus Obliquus</td><td>Externus Obliquus</td></tr><tr><td><a href="CodeSystem-ProcedureType.html#ProcedureType-transversus_abdominis">transversus_abdominis</a></td><td>Transversus Abdominis</td><td>Transversus Abdominis</td></tr></table></li></ul></div>
  </text>
  <url value="https://kip.rkkp.dk/fhir/ValueSet/IndgrebComponentsSeparationTypeDHDB"/>
  <version value="2.9.0"/>
  <name value="IndgrebComponentsSeparationTypeDHDB"/>
  <title value="Indgreb - Components Separation, type (DHDB)"/>
  <status value="active"/>
  <experimental value="true"/>
  <date value="2022-07-20T00:00:00+02:00"/>
  <publisher value="Sundhedsvæsnets Kvalistetsinstitut with Trifork Digital Health A/S"/>
  <contact>
    <name value="Sundhedsvæsnets Kvalistetsinstitut with Trifork Digital Health A/S"/>
    <telecom>
      <system value="url"/>
      <value value="https://trifork.com"/>
    </telecom>
    <telecom>
      <system value="email"/>
      <value value="rbk@trifork.com"/>
    </telecom>
  </contact>
  <description value="Indgreb - Components Separation, type (DHDB)"/>
  <compose>
    <include>
      <system value="https://kip.rkkp.dk/fhir/CodeSystem/ProcedureType"/>
      <concept>
        <code value="externus_obliquus"/>
        <display value="Externus Obliquus"/>
      </concept>
      <concept>
        <code value="transversus_abdominis"/>
        <display value="Transversus Abdominis"/>
      </concept>
    </include>
  </compose>
</ValueSet>