<?xml version="1.0" encoding="UTF-8"?>

<ValueSet xmlns="http://hl7.org/fhir">
  <id value="AdministrationTypeDCCG"/>
  <text>
    <status value="extensions"/><div xmlns="http://www.w3.org/1999/xhtml"><p class="res-header-id"><b>Generated Narrative: ValueSet AdministrationTypeDCCG</b></p><a name="AdministrationTypeDCCG"> </a><a name="hcAdministrationTypeDCCG"> </a><a name="AdministrationTypeDCCG-en-US"> </a><ul><li>Include these codes as defined in <a href="CodeSystem-MedicalTreatmentAdministrationType.html"><code>https://kip.rkkp.dk/fhir/CodeSystem/MedicalTreatmentAdministrationType</code></a><table class="none"><tr><td style="white-space:nowrap"><b>Code</b></td><td><b>Display</b></td><td><b>Definition</b></td></tr><tr><td><a href="CodeSystem-MedicalTreatmentAdministrationType.html#MedicalTreatmentAdministrationType-oral">oral</a></td><td>Oral behandling</td><td>Oral / SNOMED-CT: 260548002</td></tr><tr><td><a href="CodeSystem-MedicalTreatmentAdministrationType.html#MedicalTreatmentAdministrationType-intravenous">intravenous</a></td><td>Intravenøs behandling</td><td>Intravenous / Intravenøs / SNOMED-CT: 255560000</td></tr></table></li></ul></div>
  </text>
  <url value="https://kip.rkkp.dk/fhir/ValueSet/AdministrationTypeDCCG"/>
  <version value="0.2.1"/>
  <name value="AdministrationTypeDCCG"/>
  <title value="Administrationstype Jern (DCCG)"/>
  <status value="active"/>
  <experimental value="true"/>
  <date value="2022-11-09T00:00:00+02:00"/>
  <publisher value="Sundhedsvæsnets Kvalistetsinstitut with Trifork Digital Health A/S"/>
  <contact>
    <name value="Sundhedsvæsnets Kvalistetsinstitut with Trifork Digital Health A/S"/>
    <telecom>
      <system value="url"/>
      <value value="https://trifork.com"/>
    </telecom>
    <telecom>
      <system value="email"/>
      <value value="rbk@trifork.com"/>
    </telecom>
  </contact>
  <description value="Administration af præoperativ jernbehandling"/>
  <compose>
    <include>
      <system value="https://kip.rkkp.dk/fhir/CodeSystem/MedicalTreatmentAdministrationType"/>
      <concept>
        <code value="oral"/>
        <display value="Oral behandling"/>
      </concept>
      <concept>
        <code value="intravenous"/>
        <display value="Intravenøs behandling"/>
      </concept>
    </include>
  </compose>
</ValueSet>