<?xml version="1.0" encoding="UTF-8"?>

<ValueSet xmlns="http://hl7.org/fhir">
  <id value="HuntHessClassification"/>
  <text>
    <status value="extensions"/><div xmlns="http://www.w3.org/1999/xhtml"><p class="res-header-id"><b>Generated Narrative: ValueSet HuntHessClassification</b></p><a name="HuntHessClassification"> </a><a name="hcHuntHessClassification"> </a><a name="HuntHessClassification-en-US"> </a><ul><li>Include these codes as defined in <a href="CodeSystem-HuntHessClassification.html"><code>https://kip.rkkp.dk/fhir/CodeSystem/HuntHessClassification</code></a><table class="none"><tr><td style="white-space:nowrap"><b>Code</b></td><td><b>Display</b></td><td><b>Definition</b></td></tr><tr><td><a href="CodeSystem-HuntHessClassification.html#HuntHessClassification-grade_1">grade_1</a></td><td>1: Assymptomatisk eller hovedpine med let nakke-rygstivhed</td><td>Grade 1: Asymptomatic or minimal headache and slight neck stiffness</td></tr><tr><td><a href="CodeSystem-HuntHessClassification.html#HuntHessClassification-grade_2">grade_2</a></td><td>2: Moderat til svær hovedpine, nakke-rygstivhed evt. med kranienerveudfald.</td><td>Grade 2: Moderate to severe headache; neck stiffness; no neurologic deficit except cranial nerve palsy</td></tr><tr><td><a href="CodeSystem-HuntHessClassification.html#HuntHessClassification-grade_3">grade_3</a></td><td>3: Milde fokale udfald eller tydelig desorientering</td><td>Grade 3: Drowsy; minimal neurologic deficit</td></tr><tr><td><a href="CodeSystem-HuntHessClassification.html#HuntHessClassification-grade_4">grade_4</a></td><td>4: Stupor, moderat til svær hemiparese, tidlig decerebrerings rigiditet</td><td>Grade 4: Stuporous; moderate to severe hemiparesis; possibly early decerebrate rigidity and vegetative disturbances</td></tr><tr><td><a href="CodeSystem-HuntHessClassification.html#HuntHessClassification-grade_5">grade_5</a></td><td>5: Dyb coma, decerebrerings rigiditet, moribund</td><td>Grade 5: Deep coma; decerebrate rigidity; moribund</td></tr></table></li></ul></div>
  </text>
  <url value="https://kip.rkkp.dk/fhir/ValueSet/HuntHessClassification"/>
  <version value="2.9.1"/>
  <name value="HuntHessClassification"/>
  <title value="Hunt-Hess score"/>
  <status value="active"/>
  <experimental value="true"/>
  <date value="2022-06-28T00:00:00+02:00"/>
  <publisher value="Sundhedsvæsnets Kvalistetsinstitut with Trifork Digital Health A/S"/>
  <contact>
    <name value="Sundhedsvæsnets Kvalistetsinstitut with Trifork Digital Health A/S"/>
    <telecom>
      <system value="url"/>
      <value value="https://trifork.com"/>
    </telecom>
    <telecom>
      <system value="email"/>
      <value value="rbk@trifork.com"/>
    </telecom>
  </contact>
  <description value="Hunt-Hess score ud fra klassifikationen."/>
  <compose>
    <include>
      <system value="https://kip.rkkp.dk/fhir/CodeSystem/HuntHessClassification"/>
      <concept>
        <code value="grade_1"/>
        <display value="1: Assymptomatisk eller hovedpine med let nakke-rygstivhed"/>
      </concept>
      <concept>
        <code value="grade_2"/>
        <display value="2: Moderat til svær hovedpine, nakke-rygstivhed evt. med kranienerveudfald."/>
      </concept>
      <concept>
        <code value="grade_3"/>
        <display value="3: Milde fokale udfald eller tydelig desorientering"/>
      </concept>
      <concept>
        <code value="grade_4"/>
        <display value="4: Stupor, moderat til svær hemiparese, tidlig decerebrerings rigiditet"/>
      </concept>
      <concept>
        <code value="grade_5"/>
        <display value="5: Dyb coma, decerebrerings rigiditet, moribund"/>
      </concept>
    </include>
  </compose>
</ValueSet>