<?xml version="1.0" encoding="UTF-8"?>

<ValueSet xmlns="http://hl7.org/fhir">
  <id value="LokationLymphomas"/>
  <text>
    <status value="extensions"/><div xmlns="http://www.w3.org/1999/xhtml"><p class="res-header-id"><b>Generated Narrative: ValueSet LokationLymphomas</b></p><a name="LokationLymphomas"> </a><a name="hcLokationLymphomas"> </a><a name="LokationLymphomas-en-US"> </a><ul><li>Include these codes as defined in <a href="CodeSystem-DiseaseLocalization.html"><code>https://kip.rkkp.dk/fhir/CodeSystem/DiseaseLocalization</code></a><table class="none"><tr><td style="white-space:nowrap"><b>Code</b></td><td><b>Display</b></td><td><b>Definition</b></td></tr><tr><td><a href="CodeSystem-DiseaseLocalization.html#DiseaseLocalization-nodal">nodal</a></td><td>Nodalt</td><td>Only nodal / Kun nodalt</td></tr><tr><td><a href="CodeSystem-DiseaseLocalization.html#DiseaseLocalization-extranodel">extranodel</a></td><td>Ekstranodalt</td><td>Only extranodal / Kun ekstranodalt</td></tr></table></li></ul></div>
  </text>
  <url value="https://kip.rkkp.dk/fhir/ValueSet/LokationLymphomas"/>
  <version value="0.1.8"/>
  <name value="LokationLymphomas"/>
  <title value="Sygdomsudbredelse i lymfe områder"/>
  <status value="active"/>
  <experimental value="true"/>
  <date value="2022-06-08T00:00:00+02:00"/>
  <publisher value="Sundhedsvæsnets Kvalistetsinstitut with Trifork Digital Health A/S"/>
  <contact>
    <name value="Sundhedsvæsnets Kvalistetsinstitut with Trifork Digital Health A/S"/>
    <telecom>
      <system value="url"/>
      <value value="https://trifork.com"/>
    </telecom>
    <telecom>
      <system value="email"/>
      <value value="rbk@trifork.com"/>
    </telecom>
  </contact>
  <description value="Sygdomsudbredelse i lymfe områder"/>
  <compose>
    <include>
      <system value="https://kip.rkkp.dk/fhir/CodeSystem/DiseaseLocalization"/>
      <concept>
        <code value="nodal"/>
        <display value="Nodalt"/>
      </concept>
      <concept>
        <code value="extranodel"/>
        <display value="Ekstranodalt"/>
      </concept>
    </include>
  </compose>
</ValueSet>