<?xml version="1.0" encoding="UTF-8"?>

<ValueSet xmlns="http://hl7.org/fhir">
  <id value="StemkarakteristikDSR"/>
  <text>
    <status value="extensions"/><div xmlns="http://www.w3.org/1999/xhtml"><p class="res-header-id"><b>Generated Narrative: ValueSet StemkarakteristikDSR</b></p><a name="StemkarakteristikDSR"> </a><a name="hcStemkarakteristikDSR"> </a><a name="StemkarakteristikDSR-en-US"> </a><ul><li>Include these codes as defined in <a href="CodeSystem-ImplantComponents.html"><code>https://kip.rkkp.dk/fhir/CodeSystem/ImplantComponents</code></a><table class="none"><tr><td style="white-space:nowrap"><b>Code</b></td><td><b>Display</b></td><td><b>Definition</b></td></tr><tr><td><a href="CodeSystem-ImplantComponents.html#ImplantComponents-resurfacing">resurfacing</a></td><td>Resurfacing (inkl hemicap)</td><td>Resurfacing</td></tr><tr><td><a href="CodeSystem-ImplantComponents.html#ImplantComponents-stemless">stemless</a></td><td>Stemless (metafysær fiksation)</td><td>Stemless</td></tr><tr><td><a href="CodeSystem-ImplantComponents.html#ImplantComponents-stem">stem</a></td><td>Stem</td><td>Stem</td></tr></table></li></ul></div>
  </text>
  <url value="https://kip.rkkp.dk/fhir/ValueSet/StemkarakteristikDSR"/>
  <version value="0.1.8"/>
  <name value="StemkarakteristikDSR"/>
  <title value="Stemkarakteristik (DSR)"/>
  <status value="active"/>
  <experimental value="true"/>
  <date value="2022-10-06T00:00:00+02:00"/>
  <publisher value="Sundhedsvæsnets Kvalistetsinstitut with Trifork Digital Health A/S"/>
  <contact>
    <name value="Sundhedsvæsnets Kvalistetsinstitut with Trifork Digital Health A/S"/>
    <telecom>
      <system value="url"/>
      <value value="https://trifork.com"/>
    </telecom>
    <telecom>
      <system value="email"/>
      <value value="rbk@trifork.com"/>
    </telecom>
  </contact>
  <description value="Stemkarakteristik (DSR)"/>
  <compose>
    <include>
      <system value="https://kip.rkkp.dk/fhir/CodeSystem/ImplantComponents"/>
      <concept>
        <code value="resurfacing"/>
        <display value="Resurfacing (inkl hemicap)"/>
      </concept>
      <concept>
        <code value="stemless"/>
        <display value="Stemless (metafysær fiksation)"/>
      </concept>
      <concept>
        <code value="stem"/>
        <display value="Stem"/>
      </concept>
    </include>
  </compose>
</ValueSet>