<?xml version="1.0" encoding="UTF-8"?>

<ValueSet xmlns="http://hl7.org/fhir">
  <id value="RytmeDefibrilleringMetode"/>
  <text>
    <status value="extensions"/><div xmlns="http://www.w3.org/1999/xhtml"><p class="res-header-id"><b>Generated Narrative: ValueSet RytmeDefibrilleringMetode</b></p><a name="RytmeDefibrilleringMetode"> </a><a name="hcRytmeDefibrilleringMetode"> </a><a name="RytmeDefibrilleringMetode-en-US"> </a><ul><li>Include these codes as defined in <a href="CodeSystem-DefibrilleringAnalyse.html"><code>https://kip.rkkp.dk/fhir/CodeSystem/DefibrilleringAnalyse</code></a><table class="none"><tr><td style="white-space:nowrap"><b>Code</b></td><td><b>Display</b></td><td><b>Definition</b></td></tr><tr><td><a href="CodeSystem-DefibrilleringAnalyse.html#DefibrilleringAnalyse-aed">aed</a></td><td>AED</td><td>AED</td></tr><tr><td><a href="CodeSystem-DefibrilleringAnalyse.html#DefibrilleringAnalyse-man_defibr">man_defibr</a></td><td>Manuel defibrillator</td><td>Manuel defibrillering</td></tr><tr><td><a href="CodeSystem-DefibrilleringAnalyse.html#DefibrilleringAnalyse-ingen_defibr">ingen_defibr</a></td><td>Ingen defibrillering</td><td>Ingen defibrillering</td></tr><tr><td><a href="CodeSystem-DefibrilleringAnalyse.html#DefibrilleringAnalyse-andet">andet</a></td><td>Andet</td><td>Andet</td></tr></table></li></ul></div>
  </text>
  <url value="https://kip.rkkp.dk/fhir/ValueSet/RytmeDefibrilleringMetode"/>
  <version value="0.1.8"/>
  <name value="RytmeDefibrilleringMetode"/>
  <title value="Rytme Defibrilleringsmetode"/>
  <status value="active"/>
  <experimental value="true"/>
  <date value="2022-06-29T00:00:00+02:00"/>
  <publisher value="Sundhedsvæsnets Kvalistetsinstitut with Trifork Digital Health A/S"/>
  <contact>
    <name value="Sundhedsvæsnets Kvalistetsinstitut with Trifork Digital Health A/S"/>
    <telecom>
      <system value="url"/>
      <value value="https://trifork.com"/>
    </telecom>
    <telecom>
      <system value="email"/>
      <value value="rbk@trifork.com"/>
    </telecom>
  </contact>
  <description value="Metode ved defibrillering af hjerterytme"/>
  <compose>
    <include>
      <system value="https://kip.rkkp.dk/fhir/CodeSystem/DefibrilleringAnalyse"/>
      <concept>
        <code value="aed"/>
        <display value="AED"/>
      </concept>
      <concept>
        <code value="man_defibr"/>
        <display value="Manuel defibrillator"/>
      </concept>
      <concept>
        <code value="ingen_defibr"/>
        <display value="Ingen defibrillering"/>
      </concept>
      <concept>
        <code value="andet"/>
        <display value="Andet"/>
      </concept>
    </include>
  </compose>
</ValueSet>