<?xml version="1.0" encoding="UTF-8"?>

<ValueSet xmlns="http://hl7.org/fhir">
  <id value="ClinicalProtocolCodes1"/>
  <text>
    <status value="extensions"/><div xmlns="http://www.w3.org/1999/xhtml"><p class="res-header-id"><b>Generated Narrative: ValueSet ClinicalProtocolCodes1</b></p><a name="ClinicalProtocolCodes1"> </a><a name="hcClinicalProtocolCodes1"> </a><a name="ClinicalProtocolCodes1-en-US"> </a><p>This value set includes codes based on the following rules:</p><ul><li>Include these codes as defined in <a href="CodeSystem-ClinicalProtocolCodes.html"><code>https://kip.rkkp.dk/fhir/CodeSystem/ClinicalProtocolCodes</code></a><table class="none"><tr><td style="white-space:nowrap"><b>Code</b></td><td><b>Display</b></td><td><b>Definition</b></td></tr><tr><td><a href="CodeSystem-ClinicalProtocolCodes.html#ClinicalProtocolCodes-mrc_18">mrc_18</a></td><td>MRC-18</td><td>MRC-18 protocol</td></tr></table></li><li>Include these codes as defined in <a href="CodeSystem-GenericValues.html"><code>https://kip.rkkp.dk/fhir/CodeSystem/GenericValues</code></a><table class="none"><tr><td style="white-space:nowrap"><b>Code</b></td><td><b>Display</b></td><td><b>Definition</b></td></tr><tr><td><a href="CodeSystem-GenericValues.html#GenericValues-other">other</a></td><td>Anden</td><td>Other - used to choose unspecific value not in a valueset</td></tr></table></li></ul></div>
  </text>
  <url value="https://kip.rkkp.dk/fhir/ValueSet/ClinicalProtocolCodes1"/>
  <version value="2.9.3"/>
  <name value="ClinicalProtocolCodes1"/>
  <title value="Kliniske protokolleret koder 1"/>
  <status value="active"/>
  <experimental value="true"/>
  <date value="2024-04-10T00:00:00+02:00"/>
  <publisher value="Sundhedsvæsenets Kvalitetsinstitut with Trifork Digital Health A/S"/>
  <contact>
    <name value="Sundhedsvæsenets Kvalitetsinstitut with Trifork Digital Health A/S"/>
    <telecom>
      <system value="url"/>
      <value value="https://trifork.com"/>
    </telecom>
    <telecom>
      <system value="email"/>
      <value value="rbk@trifork.com"/>
    </telecom>
  </contact>
  <description value="Kode til en klinisk protokolleret undersøgelse"/>
  <compose>
    <include>
      <system value="https://kip.rkkp.dk/fhir/CodeSystem/ClinicalProtocolCodes"/>
      <concept>
        <code value="mrc_18"/>
        <display value="MRC-18"/>
      </concept>
    </include>
    <include>
      <system value="https://kip.rkkp.dk/fhir/CodeSystem/GenericValues"/>
      <concept>
        <code value="other"/>
        <display value="Anden"/>
      </concept>
    </include>
  </compose>
</ValueSet>