<?xml version="1.0" encoding="UTF-8"?>

<ValueSet xmlns="http://hl7.org/fhir">
  <id value="HarrisHipScoreSmerter"/>
  <text>
    <status value="extensions"/><div xmlns="http://www.w3.org/1999/xhtml"><p class="res-header-id"><b>Generated Narrative: ValueSet HarrisHipScoreSmerter</b></p><a name="HarrisHipScoreSmerter"> </a><a name="hcHarrisHipScoreSmerter"> </a><a name="HarrisHipScoreSmerter-en-US"> </a><ul><li>Include these codes as defined in <a href="CodeSystem-HarrisHipScorePain.html"><code>https://kip.rkkp.dk/fhir/CodeSystem/HarrisHipScorePain</code></a><table class="none"><tr><td style="white-space:nowrap"><b>Code</b></td><td><b>Display</b></td><td><b>Definition</b></td></tr><tr><td><a href="CodeSystem-HarrisHipScorePain.html#HarrisHipScorePain-44">44</a></td><td>Ingen</td><td>None, or ignores it (44)</td></tr><tr><td><a href="CodeSystem-HarrisHipScorePain.html#HarrisHipScorePain-40">40</a></td><td>Lette, ingen aktivitetsbegrænsning</td><td>Slight, occasional, no compromise in activity (40)</td></tr><tr><td><a href="CodeSystem-HarrisHipScorePain.html#HarrisHipScorePain-30">30</a></td><td>Milde, ej ved aktivitet men ved sværere anstrengelse</td><td>Mild pain, no effect on average activities, rarely moderate pain with unusual activity, may take aspirin (30)</td></tr><tr><td><a href="CodeSystem-HarrisHipScorePain.html#HarrisHipScorePain-20">20</a></td><td>Moderate, kun ved dagl. aktivitet + arbejde, dagl. analgetika</td><td>Moderate pain, tolerable but makes concessions to pain. Some limitations of ordinary activity or work. May require occasional pain medication stronger than aspirin (20)</td></tr><tr><td><a href="CodeSystem-HarrisHipScorePain.html#HarrisHipScorePain-10">10</a></td><td>Sværere, stærk begrænsning i de daglige aktiviteter</td><td>Marked pain, serious limitation of activities (10)</td></tr><tr><td><a href="CodeSystem-HarrisHipScorePain.html#HarrisHipScorePain-0">0</a></td><td>Invaliderende hvilesmerter</td><td>Totally disabled, crippled, pain in bed, bedridden (0)</td></tr></table></li></ul></div>
  </text>
  <url value="https://kip.rkkp.dk/fhir/ValueSet/HarrisHipScoreSmerter"/>
  <version value="2.9.0"/>
  <name value="HarrisHipScoreSmerter"/>
  <title value="Harris Hip Score - Smerter"/>
  <status value="active"/>
  <experimental value="true"/>
  <date value="2022-11-15T00:00:00+02:00"/>
  <publisher value="Sundhedsvæsnets Kvalistetsinstitut with Trifork Digital Health A/S"/>
  <contact>
    <name value="Sundhedsvæsnets Kvalistetsinstitut with Trifork Digital Health A/S"/>
    <telecom>
      <system value="url"/>
      <value value="https://trifork.com"/>
    </telecom>
    <telecom>
      <system value="email"/>
      <value value="rbk@trifork.com"/>
    </telecom>
  </contact>
  <description value="Harris Hip Score - Smerter"/>
  <compose>
    <include>
      <system value="https://kip.rkkp.dk/fhir/CodeSystem/HarrisHipScorePain"/>
      <concept>
        <code value="44"/>
        <display value="Ingen"/>
      </concept>
      <concept>
        <code value="40"/>
        <display value="Lette, ingen aktivitetsbegrænsning"/>
      </concept>
      <concept>
        <code value="30"/>
        <display value="Milde, ej ved aktivitet men ved sværere anstrengelse"/>
      </concept>
      <concept>
        <code value="20"/>
        <display value="Moderate, kun ved dagl. aktivitet + arbejde, dagl. analgetika"/>
      </concept>
      <concept>
        <code value="10"/>
        <display value="Sværere, stærk begrænsning i de daglige aktiviteter"/>
      </concept>
      <concept>
        <code value="0"/>
        <display value="Invaliderende hvilesmerter"/>
      </concept>
    </include>
  </compose>
</ValueSet>