<?xml version="1.0" encoding="UTF-8"?>

<ValueSet xmlns="http://hl7.org/fhir">
  <id value="KomplInfektionDiagDUGA"/>
  <text>
    <status value="extensions"/><div xmlns="http://www.w3.org/1999/xhtml"><p class="res-header-id"><b>Generated Narrative: ValueSet KomplInfektionDiagDUGA</b></p><a name="KomplInfektionDiagDUGA"> </a><a name="hcKomplInfektionDiagDUGA"> </a><a name="KomplInfektionDiagDUGA-en-US"> </a><ul><li>Include these codes as defined in <a href="CodeSystem-ProcedureUrogyn.html"><code>https://kip.sundk.dk/fhir/CodeSystem/ProcedureUrogyn</code></a><table class="none"><tr><td style="white-space:nowrap"><b>Code</b></td><td><b>Display</b></td><td><b>Definition</b></td></tr><tr><td><a href="CodeSystem-ProcedureUrogyn.html#ProcedureUrogyn-DT814F">DT814F</a></td><td>DT814F: Postoperativ sårinfektion</td><td>Postoperativ sårinfektion</td></tr><tr><td><a href="CodeSystem-ProcedureUrogyn.html#ProcedureUrogyn-DT814U">DT814U</a></td><td>DT814U: Postoperativ urinvejsinfektion</td><td>Postoperativ urinvejsinfektion</td></tr><tr><td><a href="CodeSystem-ProcedureUrogyn.html#ProcedureUrogyn-DT835">DT835</a></td><td>DT835: Infektion eller inflammation omkring protese, implantat eller transplantat i urinvejene</td><td>Infektion eller inflammation omkring protese, implantat eller transplantat i urinvejene</td></tr><tr><td><a href="CodeSystem-ProcedureUrogyn.html#ProcedureUrogyn-DT836">DT836</a></td><td>DT836: Infektion eller inflammation omkring protese, implantat eller transplantat i kønsorganerne</td><td>Infektion eller inflammation omkring protese, implantat eller transplantat i kønsorganerne</td></tr></table></li></ul></div>
  </text>
  <url value="https://kip.sundk.dk/fhir/ValueSet/KomplInfektionDiagDUGA"/>
  <version value="0.0.9"/>
  <name value="KomplInfektionDiagDUGA"/>
  <title value="Komplikationer pga. infektion eller erosion - Diagnosekoder (DUGA)"/>
  <status value="active"/>
  <experimental value="true"/>
  <date value="2024-02-21T00:00:00+02:00"/>
  <publisher value="Sundhedsvæsnets Kvalistetsinstitut with Trifork Public A/S"/>
  <contact>
    <name value="Sundhedsvæsnets Kvalistetsinstitut with Trifork Public A/S"/>
    <telecom>
      <system value="url"/>
      <value value="https://trifork.com"/>
    </telecom>
    <telecom>
      <system value="email"/>
      <value value="rbk@trifork.com"/>
    </telecom>
  </contact>
  <description value="Komplikationer pga. infektion eller erosion - Diagnosekoder (DUGA)"/>
  <compose>
    <include>
      <system value="https://kip.sundk.dk/fhir/CodeSystem/ProcedureUrogyn"/>
      <concept>
        <code value="DT814F"/>
        <display value="DT814F: Postoperativ sårinfektion"/>
      </concept>
      <concept>
        <code value="DT814U"/>
        <display value="DT814U: Postoperativ urinvejsinfektion"/>
      </concept>
      <concept>
        <code value="DT835"/>
        <display value="DT835: Infektion eller inflammation omkring protese, implantat eller transplantat i urinvejene"/>
      </concept>
      <concept>
        <code value="DT836"/>
        <display value="DT836: Infektion eller inflammation omkring protese, implantat eller transplantat i kønsorganerne"/>
      </concept>
    </include>
  </compose>
</ValueSet>