<?xml version="1.0" encoding="UTF-8"?>

<ValueSet xmlns="http://hl7.org/fhir">
  <id value="SKSOperationerKAR"/>
  <text>
    <status value="extensions"/><div xmlns="http://www.w3.org/1999/xhtml"><p class="res-header-id"><b>Generated Narrative: ValueSet SKSOperationerKAR</b></p><a name="SKSOperationerKAR"> </a><a name="hcSKSOperationerKAR"> </a><a name="SKSOperationerKAR-en-US"> </a><ul><li>Include these codes as defined in <a href="CodeSystem-SKS.html"><code>https://kip.rkkp.dk/fhir/CodeSystem/SKS</code></a><table class="none"><tr><td style="white-space:nowrap"><b>Code</b></td><td><b>Display</b></td><td><b>Definition</b></td></tr><tr><td><a href="CodeSystem-SKS.html#SKS-KJAH00">KJAH00</a></td><td>KJAH00</td><td>KJAH00 - Eksplorativ laparotomi</td></tr><tr><td><a href="CodeSystem-SKS.html#SKS-KPAF20">KPAF20</a></td><td>KPAF20</td><td>KPAF20 - Trombendarterektomi i a. carotis communis</td></tr><tr><td><a href="CodeSystem-SKS.html#SKS-KPAF21">KPAF21</a></td><td>KPAF21</td><td>KPAF21 - Trombendarterektomi i a. carotis interna</td></tr><tr><td><a href="CodeSystem-SKS.html#SKS-KPAF22">KPAF22</a></td><td>KPAF22</td><td>KPAF22 - Trombendarterektomi i a. carotis externa</td></tr><tr><td><a href="CodeSystem-SKS.html#SKS-KPAK21">KPAK21</a></td><td>KPAK21</td><td>KPAK21 - Reimplantation af a. carotis interna</td></tr><tr><td><a href="CodeSystem-SKS.html#SKS-KPAP10">KPAP10</a></td><td>KPAP10</td><td>KPAP10 - Perkut. plastik på truncus brachiocephalicus</td></tr><tr><td><a href="CodeSystem-SKS.html#SKS-KPAP20">KPAP20</a></td><td>KPAP20</td><td>KPAP20 - Perkut. plastik på a. carotis communis</td></tr><tr><td><a href="CodeSystem-SKS.html#SKS-KPAP21">KPAP21</a></td><td>KPAP21</td><td>KPAP21 - Perkut. plastik på a. carotis interna</td></tr><tr><td><a href="CodeSystem-SKS.html#SKS-KPAP30">KPAP30</a></td><td>KPAP30</td><td>KPAP30 - Perkutan plastik på a. subclavia</td></tr><tr><td><a href="CodeSystem-SKS.html#SKS-KPAP99">KPAP99</a></td><td>KPAP99</td><td>KPAP99 - Perkut. plastik på an. gren på a. afgå. fra aortabuen</td></tr><tr><td><a href="CodeSystem-SKS.html#SKS-KPBP10">KPBP10</a></td><td>KPBP10</td><td>KPBP10 - Perkutan plastik på a. axillaris</td></tr><tr><td><a href="CodeSystem-SKS.html#SKS-KPBP20">KPBP20</a></td><td>KPBP20</td><td>KPBP20 - Perkutan plastik på a. brachialis</td></tr><tr><td><a href="CodeSystem-SKS.html#SKS-KPBP99">KPBP99</a></td><td>KPBP99</td><td>KPBP99 - Perkut. plastik på anden arterie i overekstremitet</td></tr><tr><td><a href="CodeSystem-SKS.html#SKS-KPBQ10">KPBQ10</a></td><td>KPBQ10</td><td>KPBQ10 - Indsættelse af endoprotese i a. axillaris</td></tr><tr><td><a href="CodeSystem-SKS.html#SKS-KPBQ20">KPBQ20</a></td><td>KPBQ20</td><td>KPBQ20 - Indsættelse af endoprotese i a. brachialis</td></tr><tr><td><a href="CodeSystem-SKS.html#SKS-KPBQ99">KPBQ99</a></td><td>KPBQ99</td><td>KPBQ99 - Indsættelse af endoprotese i anden arterie i overekstremitet</td></tr><tr><td><a href="CodeSystem-SKS.html#SKS-KPCG10">KPCG10</a></td><td>KPCG10</td><td>KPCG10 - Aneurismeoperation på supracøliakale el. jukstarenale ao.</td></tr><tr><td><a href="CodeSystem-SKS.html#SKS-KPCP10">KPCP10</a></td><td>KPCP10</td><td>KPCP10 - Perkutan plastik på suprarenale aorta</td></tr><tr><td><a href="CodeSystem-SKS.html#SKS-KPCP20">KPCP20</a></td><td>KPCP20</td><td>KPCP20 - Perkut. plastik på truncus coeliacus el. grene</td></tr><tr><td><a href="CodeSystem-SKS.html#SKS-KPCP30">KPCP30</a></td><td>KPCP30</td><td>KPCP30 - Perkut. plastik på a. mesenterica superior</td></tr><tr><td><a href="CodeSystem-SKS.html#SKS-KPCP40">KPCP40</a></td><td>KPCP40</td><td>KPCP40 - Perkutan plastik på a. renalis</td></tr><tr><td><a href="CodeSystem-SKS.html#SKS-KPCP40A">KPCP40A</a></td><td>KPCP40A</td><td>KPCP40A - Perkut. plastik på arterie til transplanteret nyre</td></tr><tr><td><a href="CodeSystem-SKS.html#SKS-KPCP99">KPCP99</a></td><td>KPCP99</td><td>KPCP99 - Perkut. plastik på anden visceralarterie</td></tr><tr><td><a href="CodeSystem-SKS.html#SKS-KPCQ10">KPCQ10</a></td><td>KPCQ10</td><td>KPCQ10 - Inds af endoprotese i supracøliakale el. jukstrarenale aorta</td></tr><tr><td><a href="CodeSystem-SKS.html#SKS-KPCQ20">KPCQ20</a></td><td>KPCQ20</td><td>KPCQ20 - Indsættelse af endoprotese i truncus coeliacus el. grene</td></tr><tr><td><a href="CodeSystem-SKS.html#SKS-KPCQ30">KPCQ30</a></td><td>KPCQ30</td><td>KPCQ30 - Indsættelse af endoprotese i a. mesenterica superior</td></tr><tr><td><a href="CodeSystem-SKS.html#SKS-KPCQ40">KPCQ40</a></td><td>KPCQ40</td><td>KPCQ40 - Indsættelse af endoprotese i a. renalis</td></tr><tr><td><a href="CodeSystem-SKS.html#SKS-KPCQ99">KPCQ99</a></td><td>KPCQ99</td><td>KPCQ99 - Indsættelse af endoprotese i anden visceralarterie</td></tr><tr><td><a href="CodeSystem-SKS.html#SKS-KPCU83">KPCU83</a></td><td>KPCU83</td><td>KPCU83 - Perkut. plastik på byp. fra suprarenale ao. el. viscerala.</td></tr><tr><td><a href="CodeSystem-SKS.html#SKS-KPCU84">KPCU84</a></td><td>KPCU84</td><td>KPCU84 - Indsæt. af stent i byp. fra suprarenale ao. el. viscerala.</td></tr><tr><td><a href="CodeSystem-SKS.html#SKS-KPCW20">KPCW20</a></td><td>KPCW20</td><td>KPCW20 - Perkut. translum. fenestrering af suprarenale ao.</td></tr><tr><td><a href="CodeSystem-SKS.html#SKS-KPDA10">KPDA10</a></td><td>KPDA10</td><td>KPDA10 - Eksploration af infrarenale aorta</td></tr><tr><td><a href="CodeSystem-SKS.html#SKS-KPDG10">KPDG10</a></td><td>KPDG10</td><td>KPDG10 - Aneurismeoperation på infrarenale aorta</td></tr><tr><td><a href="CodeSystem-SKS.html#SKS-KPDG20">KPDG20</a></td><td>KPDG20</td><td>KPDG20 - Aneurismeoperation m. aortoiliakal byp.</td></tr><tr><td><a href="CodeSystem-SKS.html#SKS-KPDG21">KPDG21</a></td><td>KPDG21</td><td>KPDG21 - Aneurismeoperation m. aortobi-iliakal byp.</td></tr><tr><td><a href="CodeSystem-SKS.html#SKS-KPDG22">KPDG22</a></td><td>KPDG22</td><td>KPDG22 - Aneurismeop. m. aortoiliakal/kontralat. iliakofemoral byp.</td></tr><tr><td><a href="CodeSystem-SKS.html#SKS-KPDG23">KPDG23</a></td><td>KPDG23</td><td>KPDG23 - Aneurismeoperation m. aortofemoral byp.</td></tr><tr><td><a href="CodeSystem-SKS.html#SKS-KPDG24">KPDG24</a></td><td>KPDG24</td><td>KPDG24 - Aneurismeoperation m. aortobifemoral byp.</td></tr><tr><td><a href="CodeSystem-SKS.html#SKS-KPDP10">KPDP10</a></td><td>KPDP10</td><td>KPDP10 - Perkutan plastik på infrarenale aorta</td></tr><tr><td><a href="CodeSystem-SKS.html#SKS-KPDP30">KPDP30</a></td><td>KPDP30</td><td>KPDP30 - Perkutan plastik på iliaka-arterie</td></tr><tr><td><a href="CodeSystem-SKS.html#SKS-KPDQ10">KPDQ10</a></td><td>KPDQ10</td><td>KPDQ10 - Indsættelse af endoprotese i infrarenale aorta</td></tr><tr><td><a href="CodeSystem-SKS.html#SKS-KPDQ20">KPDQ20</a></td><td>KPDQ20</td><td>KPDQ20 - Indsættelse af endoprotese aorto-iliakalt</td></tr><tr><td><a href="CodeSystem-SKS.html#SKS-KPDQ21">KPDQ21</a></td><td>KPDQ21</td><td>KPDQ21 - Indsættelse af endoprotese aorto-bi-iliakalt</td></tr><tr><td><a href="CodeSystem-SKS.html#SKS-KPDU83">KPDU83</a></td><td>KPDU83</td><td>KPDU83 - Perkut. plastik på byp. fra infraren. ao. el. iliaka-a.</td></tr><tr><td><a href="CodeSystem-SKS.html#SKS-KPDU84">KPDU84</a></td><td>KPDU84</td><td>KPDU84 - Indsæt. af stent i byp. fra infraren. ao. el. iliaka-a.</td></tr><tr><td><a href="CodeSystem-SKS.html#SKS-KPDW20">KPDW20</a></td><td>KPDW20</td><td>KPDW20 - Perkut. translum. fenestrering af infrarenale ao.</td></tr><tr><td><a href="CodeSystem-SKS.html#SKS-KPEH20">KPEH20</a></td><td>KPEH20</td><td>KPEH20 - Byp. fra a. femor. til a. poplit. oven for knæet</td></tr><tr><td><a href="CodeSystem-SKS.html#SKS-KPEH30">KPEH30</a></td><td>KPEH30</td><td>KPEH30 - Byp. fra a. femor. til a. poplit. neden for knæet</td></tr><tr><td><a href="CodeSystem-SKS.html#SKS-KPEP10">KPEP10</a></td><td>KPEP10</td><td>KPEP10 - Perkut. plastik på a. femoralis communis</td></tr><tr><td><a href="CodeSystem-SKS.html#SKS-KPEP11">KPEP11</a></td><td>KPEP11</td><td>KPEP11 - Perkut. plastik på a. profunda femoris</td></tr><tr><td><a href="CodeSystem-SKS.html#SKS-KPEP12">KPEP12</a></td><td>KPEP12</td><td>KPEP12 - Perkut. plastik på a. femoralis superficialis</td></tr><tr><td><a href="CodeSystem-SKS.html#SKS-KPEQ10">KPEQ10</a></td><td>KPEQ10</td><td>KPEQ10 - Indsættelse af endoprotese i a. femoralis communis</td></tr><tr><td><a href="CodeSystem-SKS.html#SKS-KPEQ11">KPEQ11</a></td><td>KPEQ11</td><td>KPEQ11 - Indsættelse af endoprotese i a. profunda femoris</td></tr><tr><td><a href="CodeSystem-SKS.html#SKS-KPEQ12">KPEQ12</a></td><td>KPEQ12</td><td>KPEQ12 - Indsættelse af endoprotese i a. femoralis superficialis</td></tr><tr><td><a href="CodeSystem-SKS.html#SKS-KPEQ99">KPEQ99</a></td><td>KPEQ99</td><td>KPEQ99 - An. indsæt. af endoprotese i a. femor. el. dens grene</td></tr><tr><td><a href="CodeSystem-SKS.html#SKS-KPEU83">KPEU83</a></td><td>KPEU83</td><td>KPEU83 - Perkut. plastik på byp. fra a. femor. til a. poplit.</td></tr><tr><td><a href="CodeSystem-SKS.html#SKS-KPEU84">KPEU84</a></td><td>KPEU84</td><td>KPEU84 - Indsæt. af stent i byp. fra a. femor. til a. poplit.</td></tr><tr><td><a href="CodeSystem-SKS.html#SKS-KPFH20">KPFH20</a></td><td>KPFH20</td><td>KPFH20 - Byp. fra a. femor. el. a. poplit. til a. i underben</td></tr><tr><td><a href="CodeSystem-SKS.html#SKS-KPFH21">KPFH21</a></td><td>KPFH21</td><td>KPFH21 - Byp. fra a. femor/poplit. til proks. del af a. tibialis ant.</td></tr><tr><td><a href="CodeSystem-SKS.html#SKS-KPFH22">KPFH22</a></td><td>KPFH22</td><td>KPFH22 - Byp. fra a. femor/poplit. til dist. del af a. tibialis ant.</td></tr><tr><td><a href="CodeSystem-SKS.html#SKS-KPFH23">KPFH23</a></td><td>KPFH23</td><td>KPFH23 - Byp. fra a. femor. el. a. poplit. til trun. tibioperonealis</td></tr><tr><td><a href="CodeSystem-SKS.html#SKS-KPFH24">KPFH24</a></td><td>KPFH24</td><td>KPFH24 - Byp. fra a. femor/poplit. til proks. a. tibialis post.</td></tr><tr><td><a href="CodeSystem-SKS.html#SKS-KPFH25">KPFH25</a></td><td>KPFH25</td><td>KPFH25 - Byp. fra a. femor. el. a. poplit. til dist. a. tibialis post</td></tr><tr><td><a href="CodeSystem-SKS.html#SKS-KPFH26">KPFH26</a></td><td>KPFH26</td><td>KPFH26 - Byp. fra a. femor. el. a. poplit. til proks. a. peronealis</td></tr><tr><td><a href="CodeSystem-SKS.html#SKS-KPFH27">KPFH27</a></td><td>KPFH27</td><td>KPFH27 - Byp. fra a. femor. el. a. poplit. til dist. a. peronealis</td></tr><tr><td><a href="CodeSystem-SKS.html#SKS-KPFH28">KPFH28</a></td><td>KPFH28</td><td>KPFH28 - Byp. fra a. femor. el. a. poplit. til a. dorsalis pedis</td></tr><tr><td><a href="CodeSystem-SKS.html#SKS-KPFH29">KPFH29</a></td><td>KPFH29</td><td>KPFH29 - Byp. fra a. femor/poplit. til a. tibialis post. i fod</td></tr><tr><td><a href="CodeSystem-SKS.html#SKS-KPFH99">KPFH99</a></td><td>KPFH99</td><td>KPFH99 - An. byp. fra a. femor. el. a. poplit. til a. i underben/fod</td></tr><tr><td><a href="CodeSystem-SKS.html#SKS-KPFP10">KPFP10</a></td><td>KPFP10</td><td>KPFP10 - Perkutan plastik på a. poplitea</td></tr><tr><td><a href="CodeSystem-SKS.html#SKS-KPFP30">KPFP30</a></td><td>KPFP30</td><td>KPFP30 - Perkut. plastik på arterie i underben el. fod</td></tr><tr><td><a href="CodeSystem-SKS.html#SKS-KPFQ10">KPFQ10</a></td><td>KPFQ10</td><td>KPFQ10 - Indsættelse af endoprotese i a. poplitea</td></tr><tr><td><a href="CodeSystem-SKS.html#SKS-KPFQ30">KPFQ30</a></td><td>KPFQ30</td><td>KPFQ30 - Indsættelse af endoprotese i arterie i underben el. fod</td></tr><tr><td><a href="CodeSystem-SKS.html#SKS-KPFU83">KPFU83</a></td><td>KPFU83</td><td>KPFU83 - Perkut. plastik på byp. fra a-fem/poplit. til a-underben/fod</td></tr><tr><td><a href="CodeSystem-SKS.html#SKS-KPFU84">KPFU84</a></td><td>KPFU84</td><td>KPFU84 - Indsæt. stent i byp. fra a. femor/poplit. til a-underben/fod</td></tr><tr><td><a href="CodeSystem-SKS.html#SKS-KPGU83">KPGU83</a></td><td>KPGU83</td><td>KPGU83 - Perkut. plastik på ekstra-anatomisk byp.</td></tr><tr><td><a href="CodeSystem-SKS.html#SKS-KPGU84">KPGU84</a></td><td>KPGU84</td><td>KPGU84 - Indsættelse af stent i ekstra-anatomisk byp.</td></tr></table></li></ul></div>
  </text>
  <url value="https://kip.rkkp.dk/fhir/ValueSet/SKSOperationerKAR"/>
  <version value="2.9.1"/>
  <name value="SKSOperationerKAR"/>
  <title value="SKS: Operationer (KAR)"/>
  <status value="active"/>
  <experimental value="true"/>
  <date value="2022-09-27T00:00:00+02:00"/>
  <publisher value="Sundhedsvæsnets Kvalistetsinstitut with Trifork Digital Health A/S"/>
  <contact>
    <name value="Sundhedsvæsnets Kvalistetsinstitut with Trifork Digital Health A/S"/>
    <telecom>
      <system value="url"/>
      <value value="https://trifork.com"/>
    </telecom>
    <telecom>
      <system value="email"/>
      <value value="rbk@trifork.com"/>
    </telecom>
  </contact>
  <description value="SKS: Operationer (KAR)"/>
  <compose>
    <include>
      <system value="https://kip.rkkp.dk/fhir/CodeSystem/SKS"/>
      <concept>
        <code value="KJAH00"/>
        <display value="KJAH00"/>
      </concept>
      <concept>
        <code value="KPAF20"/>
        <display value="KPAF20"/>
      </concept>
      <concept>
        <code value="KPAF21"/>
        <display value="KPAF21"/>
      </concept>
      <concept>
        <code value="KPAF22"/>
        <display value="KPAF22"/>
      </concept>
      <concept>
        <code value="KPAK21"/>
        <display value="KPAK21"/>
      </concept>
      <concept>
        <code value="KPAP10"/>
        <display value="KPAP10"/>
      </concept>
      <concept>
        <code value="KPAP20"/>
        <display value="KPAP20"/>
      </concept>
      <concept>
        <code value="KPAP21"/>
        <display value="KPAP21"/>
      </concept>
      <concept>
        <code value="KPAP30"/>
        <display value="KPAP30"/>
      </concept>
      <concept>
        <code value="KPAP99"/>
        <display value="KPAP99"/>
      </concept>
      <concept>
        <code value="KPBP10"/>
        <display value="KPBP10"/>
      </concept>
      <concept>
        <code value="KPBP20"/>
        <display value="KPBP20"/>
      </concept>
      <concept>
        <code value="KPBP99"/>
        <display value="KPBP99"/>
      </concept>
      <concept>
        <code value="KPBQ10"/>
        <display value="KPBQ10"/>
      </concept>
      <concept>
        <code value="KPBQ20"/>
        <display value="KPBQ20"/>
      </concept>
      <concept>
        <code value="KPBQ99"/>
        <display value="KPBQ99"/>
      </concept>
      <concept>
        <code value="KPCG10"/>
        <display value="KPCG10"/>
      </concept>
      <concept>
        <code value="KPCP10"/>
        <display value="KPCP10"/>
      </concept>
      <concept>
        <code value="KPCP20"/>
        <display value="KPCP20"/>
      </concept>
      <concept>
        <code value="KPCP30"/>
        <display value="KPCP30"/>
      </concept>
      <concept>
        <code value="KPCP40"/>
        <display value="KPCP40"/>
      </concept>
      <concept>
        <code value="KPCP40A"/>
        <display value="KPCP40A"/>
      </concept>
      <concept>
        <code value="KPCP99"/>
        <display value="KPCP99"/>
      </concept>
      <concept>
        <code value="KPCQ10"/>
        <display value="KPCQ10"/>
      </concept>
      <concept>
        <code value="KPCQ20"/>
        <display value="KPCQ20"/>
      </concept>
      <concept>
        <code value="KPCQ30"/>
        <display value="KPCQ30"/>
      </concept>
      <concept>
        <code value="KPCQ40"/>
        <display value="KPCQ40"/>
      </concept>
      <concept>
        <code value="KPCQ99"/>
        <display value="KPCQ99"/>
      </concept>
      <concept>
        <code value="KPCU83"/>
        <display value="KPCU83"/>
      </concept>
      <concept>
        <code value="KPCU84"/>
        <display value="KPCU84"/>
      </concept>
      <concept>
        <code value="KPCW20"/>
        <display value="KPCW20"/>
      </concept>
      <concept>
        <code value="KPDA10"/>
        <display value="KPDA10"/>
      </concept>
      <concept>
        <code value="KPDG10"/>
        <display value="KPDG10"/>
      </concept>
      <concept>
        <code value="KPDG20"/>
        <display value="KPDG20"/>
      </concept>
      <concept>
        <code value="KPDG21"/>
        <display value="KPDG21"/>
      </concept>
      <concept>
        <code value="KPDG22"/>
        <display value="KPDG22"/>
      </concept>
      <concept>
        <code value="KPDG23"/>
        <display value="KPDG23"/>
      </concept>
      <concept>
        <code value="KPDG24"/>
        <display value="KPDG24"/>
      </concept>
      <concept>
        <code value="KPDP10"/>
        <display value="KPDP10"/>
      </concept>
      <concept>
        <code value="KPDP30"/>
        <display value="KPDP30"/>
      </concept>
      <concept>
        <code value="KPDQ10"/>
        <display value="KPDQ10"/>
      </concept>
      <concept>
        <code value="KPDQ20"/>
        <display value="KPDQ20"/>
      </concept>
      <concept>
        <code value="KPDQ21"/>
        <display value="KPDQ21"/>
      </concept>
      <concept>
        <code value="KPDU83"/>
        <display value="KPDU83"/>
      </concept>
      <concept>
        <code value="KPDU84"/>
        <display value="KPDU84"/>
      </concept>
      <concept>
        <code value="KPDW20"/>
        <display value="KPDW20"/>
      </concept>
      <concept>
        <code value="KPEH20"/>
        <display value="KPEH20"/>
      </concept>
      <concept>
        <code value="KPEH30"/>
        <display value="KPEH30"/>
      </concept>
      <concept>
        <code value="KPEP10"/>
        <display value="KPEP10"/>
      </concept>
      <concept>
        <code value="KPEP11"/>
        <display value="KPEP11"/>
      </concept>
      <concept>
        <code value="KPEP12"/>
        <display value="KPEP12"/>
      </concept>
      <concept>
        <code value="KPEQ10"/>
        <display value="KPEQ10"/>
      </concept>
      <concept>
        <code value="KPEQ11"/>
        <display value="KPEQ11"/>
      </concept>
      <concept>
        <code value="KPEQ12"/>
        <display value="KPEQ12"/>
      </concept>
      <concept>
        <code value="KPEQ99"/>
        <display value="KPEQ99"/>
      </concept>
      <concept>
        <code value="KPEU83"/>
        <display value="KPEU83"/>
      </concept>
      <concept>
        <code value="KPEU84"/>
        <display value="KPEU84"/>
      </concept>
      <concept>
        <code value="KPFH20"/>
        <display value="KPFH20"/>
      </concept>
      <concept>
        <code value="KPFH21"/>
        <display value="KPFH21"/>
      </concept>
      <concept>
        <code value="KPFH22"/>
        <display value="KPFH22"/>
      </concept>
      <concept>
        <code value="KPFH23"/>
        <display value="KPFH23"/>
      </concept>
      <concept>
        <code value="KPFH24"/>
        <display value="KPFH24"/>
      </concept>
      <concept>
        <code value="KPFH25"/>
        <display value="KPFH25"/>
      </concept>
      <concept>
        <code value="KPFH26"/>
        <display value="KPFH26"/>
      </concept>
      <concept>
        <code value="KPFH27"/>
        <display value="KPFH27"/>
      </concept>
      <concept>
        <code value="KPFH28"/>
        <display value="KPFH28"/>
      </concept>
      <concept>
        <code value="KPFH29"/>
        <display value="KPFH29"/>
      </concept>
      <concept>
        <code value="KPFH99"/>
        <display value="KPFH99"/>
      </concept>
      <concept>
        <code value="KPFP10"/>
        <display value="KPFP10"/>
      </concept>
      <concept>
        <code value="KPFP30"/>
        <display value="KPFP30"/>
      </concept>
      <concept>
        <code value="KPFQ10"/>
        <display value="KPFQ10"/>
      </concept>
      <concept>
        <code value="KPFQ30"/>
        <display value="KPFQ30"/>
      </concept>
      <concept>
        <code value="KPFU83"/>
        <display value="KPFU83"/>
      </concept>
      <concept>
        <code value="KPFU84"/>
        <display value="KPFU84"/>
      </concept>
      <concept>
        <code value="KPGU83"/>
        <display value="KPGU83"/>
      </concept>
      <concept>
        <code value="KPGU84"/>
        <display value="KPGU84"/>
      </concept>
    </include>
  </compose>
</ValueSet>