<?xml version="1.0" encoding="UTF-8"?>

<ValueSet xmlns="http://hl7.org/fhir">
  <id value="Cytopeni"/>
  <text>
    <status value="extensions"/><div xmlns="http://www.w3.org/1999/xhtml"><p class="res-header-id"><b>Generated Narrative: ValueSet Cytopeni</b></p><a name="Cytopeni"> </a><a name="hcCytopeni"> </a><a name="Cytopeni-en-US"> </a><ul><li>Include these codes as defined in <a href="CodeSystem-DiseasesUnspecified.html"><code>https://kip.rkkp.dk/fhir/CodeSystem/DiseasesUnspecified</code></a><table class="none"><tr><td style="white-space:nowrap"><b>Code</b></td><td><b>Display</b></td><td><b>Definition</b></td></tr><tr><td><a href="CodeSystem-DiseasesUnspecified.html#DiseasesUnspecified-anemia">anemia</a></td><td>Anæmi (hgb &lt; 6,2 mmol/l)</td><td>Anemia / Anæmi</td></tr><tr><td><a href="CodeSystem-DiseasesUnspecified.html#DiseasesUnspecified-thrombocytopenic_disorder">thrombocytopenic_disorder</a></td><td>Trombocytopeni (&lt; 100 x mia/l)</td><td>Thrombocytopenic disorder / Trombocytopeni</td></tr><tr><td><a href="CodeSystem-DiseasesUnspecified.html#DiseasesUnspecified-neutropenia">neutropenia</a></td><td>Neutropeni (&lt; 1,8 x mia/l)</td><td>Neutropenia / Neutropeni</td></tr></table></li></ul></div>
  </text>
  <url value="https://kip.rkkp.dk/fhir/ValueSet/Cytopeni"/>
  <version value="0.2.1"/>
  <name value="Cytopeni"/>
  <title value="Cytopeni"/>
  <status value="active"/>
  <experimental value="true"/>
  <date value="2022-07-12T00:00:00+02:00"/>
  <publisher value="Sundhedsvæsnets Kvalistetsinstitut with Trifork Digital Health A/S"/>
  <contact>
    <name value="Sundhedsvæsnets Kvalistetsinstitut with Trifork Digital Health A/S"/>
    <telecom>
      <system value="url"/>
      <value value="https://trifork.com"/>
    </telecom>
    <telecom>
      <system value="email"/>
      <value value="rbk@trifork.com"/>
    </telecom>
  </contact>
  <description value="Cytopeni"/>
  <compose>
    <include>
      <system value="https://kip.rkkp.dk/fhir/CodeSystem/DiseasesUnspecified"/>
      <concept>
        <code value="anemia"/>
        <display value="Anæmi (hgb &lt; 6,2 mmol/l)"/>
      </concept>
      <concept>
        <code value="thrombocytopenic_disorder"/>
        <display value="Trombocytopeni (&lt; 100 x mia/l)"/>
      </concept>
      <concept>
        <code value="neutropenia"/>
        <display value="Neutropeni (&lt; 1,8 x mia/l)"/>
      </concept>
    </include>
  </compose>
</ValueSet>