<?xml version="1.0" encoding="UTF-8"?>

<ValueSet xmlns="http://hl7.org/fhir">
  <id value="PraeoperativPlanlaegningDSR"/>
  <text>
    <status value="extensions"/><div xmlns="http://www.w3.org/1999/xhtml"><p class="res-header-id"><b>Generated Narrative: ValueSet PraeoperativPlanlaegningDSR</b></p><a name="PraeoperativPlanlaegningDSR"> </a><a name="hcPraeoperativPlanlaegningDSR"> </a><a name="PraeoperativPlanlaegningDSR-en-US"> </a><p>This value set includes codes based on the following rules:</p><ul><li>Include these codes as defined in <a href="CodeSystem-MedicalScanningTypes.html"><code>https://kip.sundk.dk/fhir/CodeSystem/MedicalScanningTypes</code></a><table class="none"><tr><td style="white-space:nowrap"><b>Code</b></td><td><b>Display</b></td><td><b>Definition</b></td></tr><tr><td><a href="CodeSystem-MedicalScanningTypes.html#MedicalScanningTypes-x-ray">x-ray</a></td><td>Røntgen &lt;½ år</td><td>X-ray / Røntgen</td></tr><tr><td><a href="CodeSystem-MedicalScanningTypes.html#MedicalScanningTypes-ct">ct</a></td><td>CT</td><td>Computed tomography (CT)</td></tr><tr><td><a href="CodeSystem-MedicalScanningTypes.html#MedicalScanningTypes-mri">mri</a></td><td>MR</td><td>Magnetic Resonance imaging (MRI)</td></tr><tr><td><a href="CodeSystem-MedicalScanningTypes.html#MedicalScanningTypes-ultrasound">ultrasound</a></td><td>Ultralyd</td><td>Medical ultrasound</td></tr></table></li><li>Include these codes as defined in <a href="CodeSystem-ProcedureType.html"><code>https://kip.sundk.dk/fhir/CodeSystem/ProcedureType</code></a><table class="none"><tr><td style="white-space:nowrap"><b>Code</b></td><td><b>Display</b></td><td><b>Definition</b></td></tr><tr><td><a href="CodeSystem-ProcedureType.html#ProcedureType-templating">templating</a></td><td>Templating</td><td>Templating</td></tr><tr><td><a href="CodeSystem-ProcedureType.html#ProcedureType-psi">psi</a></td><td>PSI (Patient specifikke instrumenter)</td><td>PSI (Patient specific instruments) / PSI (Patientspecifikke instrumenter)</td></tr></table></li><li>Include these codes as defined in <a href="CodeSystem-GenericValues.html"><code>https://kip.sundk.dk/fhir/CodeSystem/GenericValues</code></a><table class="none"><tr><td style="white-space:nowrap"><b>Code</b></td><td><b>Display</b></td><td><b>Definition</b></td></tr><tr><td><a href="CodeSystem-GenericValues.html#GenericValues-other">other</a></td><td>Andet</td><td>Other - used to choose unspecific value not in a valueset</td></tr></table></li></ul></div>
  </text>
  <url value="https://kip.sundk.dk/fhir/ValueSet/PraeoperativPlanlaegningDSR"/>
  <version value="0.0.9"/>
  <name value="PraeoperativPlanlaegningDSR"/>
  <title value="Præoperativ planlægning (DSR)"/>
  <status value="active"/>
  <experimental value="true"/>
  <date value="2022-10-06T00:00:00+02:00"/>
  <publisher value="Sundhedsvæsnets Kvalistetsinstitut with Trifork Public A/S"/>
  <contact>
    <name value="Sundhedsvæsnets Kvalistetsinstitut with Trifork Public A/S"/>
    <telecom>
      <system value="url"/>
      <value value="https://trifork.com"/>
    </telecom>
    <telecom>
      <system value="email"/>
      <value value="rbk@trifork.com"/>
    </telecom>
  </contact>
  <description value="Præoperativ planlægning (DSR)"/>
  <compose>
    <include>
      <system value="https://kip.sundk.dk/fhir/CodeSystem/MedicalScanningTypes"/>
      <concept>
        <code value="x-ray"/>
        <display value="Røntgen &lt;½ år"/>
      </concept>
      <concept>
        <code value="ct"/>
        <display value="CT"/>
      </concept>
      <concept>
        <code value="mri"/>
        <display value="MR"/>
      </concept>
      <concept>
        <code value="ultrasound"/>
        <display value="Ultralyd"/>
      </concept>
    </include>
    <include>
      <system value="https://kip.sundk.dk/fhir/CodeSystem/ProcedureType"/>
      <concept>
        <code value="templating"/>
        <display value="Templating"/>
      </concept>
      <concept>
        <code value="psi"/>
        <display value="PSI (Patient specifikke instrumenter)"/>
      </concept>
    </include>
    <include>
      <system value="https://kip.sundk.dk/fhir/CodeSystem/GenericValues"/>
      <concept>
        <code value="other"/>
        <display value="Andet"/>
      </concept>
    </include>
  </compose>
</ValueSet>