<?xml version="1.0" encoding="UTF-8"?>

<ValueSet xmlns="http://hl7.org/fhir">
  <id value="BehandlingPsykofarmakologiskRETSPSYK"/>
  <text>
    <status value="extensions"/><div xmlns="http://www.w3.org/1999/xhtml"><p class="res-header-id"><b>Generated Narrative: ValueSet BehandlingPsykofarmakologiskRETSPSYK</b></p><a name="BehandlingPsykofarmakologiskRETSPSYK"> </a><a name="hcBehandlingPsykofarmakologiskRETSPSYK"> </a><a name="BehandlingPsykofarmakologiskRETSPSYK-en-US"> </a><p>This value set includes codes based on the following rules:</p><ul><li>Include these codes as defined in <a href="CodeSystem-TreatmentPsychopharmacological.html"><code>https://kip.rkkp.dk/fhir/CodeSystem/TreatmentPsychopharmacological</code></a><table class="none"><tr><td style="white-space:nowrap"><b>Code</b></td><td><b>Display</b></td><td><b>Definition</b></td></tr><tr><td><a href="CodeSystem-TreatmentPsychopharmacological.html#TreatmentPsychopharmacological-antipsychotics">antipsychotics</a></td><td>Antipsykotika</td><td>Antipsychotics / Antipsykotika</td></tr><tr><td><a href="CodeSystem-TreatmentPsychopharmacological.html#TreatmentPsychopharmacological-antipsychotics_depot">antipsychotics_depot</a></td><td>Antipsykotika, depot</td><td>Antipsychotics, depot / Antipsykotika, depot</td></tr><tr><td><a href="CodeSystem-TreatmentPsychopharmacological.html#TreatmentPsychopharmacological-antidepressants">antidepressants</a></td><td>Antidepressiva</td><td>Antidepressants / Antidepressiva</td></tr><tr><td><a href="CodeSystem-TreatmentPsychopharmacological.html#TreatmentPsychopharmacological-mood_stabilizer">mood_stabilizer</a></td><td>Stemningsstabiliserende</td><td>Mood stabilizer / Stemningsstabiliserende</td></tr><tr><td><a href="CodeSystem-TreatmentPsychopharmacological.html#TreatmentPsychopharmacological-benzodiazepines">benzodiazepines</a></td><td>Benzodiazepiner</td><td>Benzodiazepines / Benzodiazepiner</td></tr><tr><td><a href="CodeSystem-TreatmentPsychopharmacological.html#TreatmentPsychopharmacological-central_stimulants">central_stimulants</a></td><td>Centralstimulerende medicin</td><td>Central stimulants / Centralstimulerende medicin</td></tr></table></li><li>Include these codes as defined in <a href="CodeSystem-GenericValues.html"><code>https://kip.rkkp.dk/fhir/CodeSystem/GenericValues</code></a><table class="none"><tr><td style="white-space:nowrap"><b>Code</b></td><td><b>Display</b></td><td><b>Definition</b></td></tr><tr><td><a href="CodeSystem-GenericValues.html#GenericValues-other">other</a></td><td>Andet (anfør hvilke)</td><td>Other - used to choose unspecific value not in a valueset</td></tr></table></li></ul></div>
  </text>
  <url value="https://kip.rkkp.dk/fhir/ValueSet/BehandlingPsykofarmakologiskRETSPSYK"/>
  <version value="0.1.6"/>
  <name value="BehandlingPsykofarmakologiskRETSPSYK"/>
  <title value="Behandling: Psykofarmakologisk (RETSPSYK)"/>
  <status value="active"/>
  <experimental value="true"/>
  <date value="2022-09-30T00:00:00+02:00"/>
  <publisher value="Sundhedsvæsnets Kvalistetsinstitut with Trifork Digital Health A/S"/>
  <contact>
    <name value="Sundhedsvæsnets Kvalistetsinstitut with Trifork Digital Health A/S"/>
    <telecom>
      <system value="url"/>
      <value value="https://trifork.com"/>
    </telecom>
    <telecom>
      <system value="email"/>
      <value value="rbk@trifork.com"/>
    </telecom>
  </contact>
  <description value="Behandling: Psykofarmakologisk (RETSPSYK)"/>
  <compose>
    <include>
      <system value="https://kip.rkkp.dk/fhir/CodeSystem/TreatmentPsychopharmacological"/>
      <concept>
        <code value="antipsychotics"/>
        <display value="Antipsykotika"/>
      </concept>
      <concept>
        <code value="antipsychotics_depot"/>
        <display value="Antipsykotika, depot"/>
      </concept>
      <concept>
        <code value="antidepressants"/>
        <display value="Antidepressiva"/>
      </concept>
      <concept>
        <code value="mood_stabilizer"/>
        <display value="Stemningsstabiliserende"/>
      </concept>
      <concept>
        <code value="benzodiazepines"/>
        <display value="Benzodiazepiner"/>
      </concept>
      <concept>
        <code value="central_stimulants"/>
        <display value="Centralstimulerende medicin"/>
      </concept>
    </include>
    <include>
      <system value="https://kip.rkkp.dk/fhir/CodeSystem/GenericValues"/>
      <concept>
        <code value="other"/>
        <display value="Andet (anfør hvilke)"/>
      </concept>
    </include>
  </compose>
</ValueSet>