<?xml version="1.0" encoding="UTF-8"?>

<ValueSet xmlns="http://hl7.org/fhir">
  <id value="Hjerterytme"/>
  <text>
    <status value="extensions"/><div xmlns="http://www.w3.org/1999/xhtml"><p class="res-header-id"><b>Generated Narrative: ValueSet Hjerterytme</b></p><a name="Hjerterytme"> </a><a name="hcHjerterytme"> </a><a name="Hjerterytme-en-US"> </a><ul><li>Include these codes as defined in <a href="CodeSystem-HjerterytmeAnalyse.html"><code>https://kip.rkkp.dk/fhir/CodeSystem/HjerterytmeAnalyse</code></a><table class="none"><tr><td style="white-space:nowrap"><b>Code</b></td><td><b>Display</b></td><td><b>Definition</b></td></tr><tr><td><a href="CodeSystem-HjerterytmeAnalyse.html#HjerterytmeAnalyse-non_stoed">non_stoed</a></td><td>Ikke-stødbar rytme</td><td>Ikke-stødbar rytme</td></tr><tr><td><a href="CodeSystem-HjerterytmeAnalyse.html#HjerterytmeAnalyse-stoed">stoed</a></td><td>Stødbar rytme</td><td>Stødbar rytme</td></tr><tr><td><a href="CodeSystem-HjerterytmeAnalyse.html#HjerterytmeAnalyse-ingen_rytmeana">ingen_rytmeana</a></td><td>Ingen rytmeanalyse</td><td>Ingen rytmeanalyse</td></tr></table></li></ul></div>
  </text>
  <url value="https://kip.rkkp.dk/fhir/ValueSet/Hjerterytme"/>
  <version value="2.9.0"/>
  <name value="Hjerterytme"/>
  <title value="Hjerterytme"/>
  <status value="active"/>
  <experimental value="true"/>
  <date value="2022-06-29T00:00:00+02:00"/>
  <publisher value="Sundhedsvæsnets Kvalistetsinstitut with Trifork Digital Health A/S"/>
  <contact>
    <name value="Sundhedsvæsnets Kvalistetsinstitut with Trifork Digital Health A/S"/>
    <telecom>
      <system value="url"/>
      <value value="https://trifork.com"/>
    </telecom>
    <telecom>
      <system value="email"/>
      <value value="rbk@trifork.com"/>
    </telecom>
  </contact>
  <description value="Analyse af hjerterytme"/>
  <compose>
    <include>
      <system value="https://kip.rkkp.dk/fhir/CodeSystem/HjerterytmeAnalyse"/>
      <concept>
        <code value="non_stoed"/>
        <display value="Ikke-stødbar rytme"/>
      </concept>
      <concept>
        <code value="stoed"/>
        <display value="Stødbar rytme"/>
      </concept>
      <concept>
        <code value="ingen_rytmeana"/>
        <display value="Ingen rytmeanalyse"/>
      </concept>
    </include>
  </compose>
</ValueSet>