<?xml version="1.0" encoding="UTF-8"?>

<ValueSet xmlns="http://hl7.org/fhir">
  <id value="HjertestopAarsag"/>
  <text>
    <status value="extensions"/><div xmlns="http://www.w3.org/1999/xhtml"><p class="res-header-id"><b>Generated Narrative: ValueSet HjertestopAarsag</b></p><a name="HjertestopAarsag"> </a><a name="hcHjertestopAarsag"> </a><a name="HjertestopAarsag-en-US"> </a><ul><li>Include these codes as defined in <a href="CodeSystem-HjertestopAarsag.html"><code>https://kip.rkkp.dk/fhir/CodeSystem/HjertestopAarsag</code></a><table class="none"><tr><td style="white-space:nowrap"><b>Code</b></td><td><b>Display</b></td><td><b>Definition</b></td></tr><tr><td><a href="CodeSystem-HjertestopAarsag.html#HjertestopAarsag-non_kardial">non_kardial</a></td><td>Non-kardial</td><td>Non-kardial</td></tr><tr><td><a href="CodeSystem-HjertestopAarsag.html#HjertestopAarsag-formodet_kardial">formodet_kardial</a></td><td>Formodet kardial</td><td>Formodet kardial</td></tr></table></li></ul></div>
  </text>
  <url value="https://kip.rkkp.dk/fhir/ValueSet/HjertestopAarsag"/>
  <version value="0.1.8"/>
  <name value="HjertestopAarsag"/>
  <title value="Hjertestop Årsag"/>
  <status value="active"/>
  <experimental value="true"/>
  <date value="2022-06-29T00:00:00+02:00"/>
  <publisher value="Sundhedsvæsnets Kvalistetsinstitut with Trifork Digital Health A/S"/>
  <contact>
    <name value="Sundhedsvæsnets Kvalistetsinstitut with Trifork Digital Health A/S"/>
    <telecom>
      <system value="url"/>
      <value value="https://trifork.com"/>
    </telecom>
    <telecom>
      <system value="email"/>
      <value value="rbk@trifork.com"/>
    </telecom>
  </contact>
  <description value="Årsag til hjertestop"/>
  <compose>
    <include>
      <system value="https://kip.rkkp.dk/fhir/CodeSystem/HjertestopAarsag"/>
      <concept>
        <code value="non_kardial"/>
        <display value="Non-kardial"/>
      </concept>
      <concept>
        <code value="formodet_kardial"/>
        <display value="Formodet kardial"/>
      </concept>
    </include>
  </compose>
</ValueSet>