<?xml version="1.0" encoding="UTF-8"?>

<ValueSet xmlns="http://hl7.org/fhir">
  <id value="ClavienKomplikationsgradLangDCCG"/>
  <text>
    <status value="extensions"/><div xmlns="http://www.w3.org/1999/xhtml"><p class="res-header-id"><b>Generated Narrative: ValueSet ClavienKomplikationsgradLangDCCG</b></p><a name="ClavienKomplikationsgradLangDCCG"> </a><a name="hcClavienKomplikationsgradLangDCCG"> </a><a name="ClavienKomplikationsgradLangDCCG-en-US"> </a><p>This value set includes codes based on the following rules:</p><ul><li>Include these codes as defined in <a href="CodeSystem-GenericValues.html"><code>https://kip.rkkp.dk/fhir/CodeSystem/GenericValues</code></a><table class="none"><tr><td style="white-space:nowrap"><b>Code</b></td><td><b>Display</b></td><td><b>Definition</b></td></tr><tr><td><a href="CodeSystem-GenericValues.html#GenericValues-none">none</a></td><td>Ingen</td><td>None - used to choose none of the available values</td></tr></table></li><li>Include these codes as defined in <a href="CodeSystem-SKS.html"><code>https://kip.rkkp.dk/fhir/CodeSystem/SKS</code></a><table class="none"><tr><td style="white-space:nowrap"><b>Code</b></td><td><b>Display</b></td><td><b>Definition</b></td></tr><tr><td><a href="CodeSystem-SKS.html#SKS-ZDA03A1">ZDA03A1</a></td><td>Grad 1: Enhver afvigelse fra det normale postoperative forløb uden kirurgisk, endoskopisk, radiologisk eller farmakologisk intervention med undtagelse af
væskebehandling, behandling med antiemetika, febernedsættende medicin, smertestillende medicin eller diuretika og fysioterapi. Omfatter
sårspaltning bed-side og hjerteinsufficiens som udelukkende behandles med diuretika</td><td>Clavien grad 1</td></tr><tr><td><a href="CodeSystem-SKS.html#SKS-ZDA03A2">ZDA03A2</a></td><td>Grad 2: Medicinsk behandling inkl. blodtransfusion eller parenteral ernæring, men eksklusiv væskebehandling og behandling med antiemetika,
febernedsættende medicin, smertestillende medicin eller diuretika</td><td>Clavien grad 2</td></tr><tr><td><a href="CodeSystem-SKS.html#SKS-ZDA03A3A">ZDA03A3A</a></td><td>Grad 3a: Komplikation som er behandlet kirurgisk, endoskopisk eller radiologisk (perkutan drænage) behandling uden narkose, men inkl. eventuel rus</td><td>Clavien grad 3a</td></tr><tr><td><a href="CodeSystem-SKS.html#SKS-ZDA03A3B">ZDA03A3B</a></td><td>Grad 3b: Komplikation som er behandlet kirurgisk, endoskopisk eller radiologisk (perkutan drænage) behandling i narkose ekskl. rus</td><td>Clavien grad 3b</td></tr><tr><td><a href="CodeSystem-SKS.html#SKS-ZDA03A4A">ZDA03A4A</a></td><td>Grad 4a: Livstruende komplikation (inkl. CNS) som krævede indlæggelse på en intensiv afdeling, med svigt af et organ (inkl. dialyse)</td><td>Clavien grad 4a</td></tr><tr><td><a href="CodeSystem-SKS.html#SKS-ZDA03A4B">ZDA03A4B</a></td><td>Grad 4b: Livstruende komplikation (inkl. CNS) som krævede indlæggelse på en intensiv afdeling med multiorgansvigt</td><td>Clavien grad 4b</td></tr><tr><td><a href="CodeSystem-SKS.html#SKS-ZDA03A5">ZDA03A5</a></td><td>Grad 5: Død</td><td>Clavien grad 5</td></tr></table></li></ul></div>
  </text>
  <url value="https://kip.rkkp.dk/fhir/ValueSet/ClavienKomplikationsgradLangDCCG"/>
  <version value="0.2.1"/>
  <name value="ClavienKomplikationsgradLangDCCG"/>
  <title value="Clavien komplikationsgrad lang DCCG"/>
  <status value="active"/>
  <experimental value="true"/>
  <date value="2023-06-20T00:00:00+02:00"/>
  <publisher value="Sundhedsvæsnets Kvalistetsinstitut with Trifork Digital Health A/S"/>
  <contact>
    <name value="Sundhedsvæsnets Kvalistetsinstitut with Trifork Digital Health A/S"/>
    <telecom>
      <system value="url"/>
      <value value="https://trifork.com"/>
    </telecom>
    <telecom>
      <system value="email"/>
      <value value="rbk@trifork.com"/>
    </telecom>
  </contact>
  <description value="Clavien komplikationsgrad lang DCCG"/>
  <compose>
    <include>
      <system value="https://kip.rkkp.dk/fhir/CodeSystem/GenericValues"/>
      <concept>
        <code value="none"/>
        <display value="Ingen"/>
      </concept>
    </include>
    <include>
      <system value="https://kip.rkkp.dk/fhir/CodeSystem/SKS"/>
      <concept>
        <code value="ZDA03A1"/>
        <display value="Grad 1: Enhver afvigelse fra det normale postoperative forløb uden kirurgisk, endoskopisk, radiologisk eller farmakologisk intervention med undtagelse af&#xA;væskebehandling, behandling med antiemetika, febernedsættende medicin, smertestillende medicin eller diuretika og fysioterapi. Omfatter&#xA;sårspaltning bed-side og hjerteinsufficiens som udelukkende behandles med diuretika"/>
      </concept>
      <concept>
        <code value="ZDA03A2"/>
        <display value="Grad 2: Medicinsk behandling inkl. blodtransfusion eller parenteral ernæring, men eksklusiv væskebehandling og behandling med antiemetika,&#xA;febernedsættende medicin, smertestillende medicin eller diuretika"/>
      </concept>
      <concept>
        <code value="ZDA03A3A"/>
        <display value="Grad 3a: Komplikation som er behandlet kirurgisk, endoskopisk eller radiologisk (perkutan drænage) behandling uden narkose, men inkl. eventuel rus"/>
      </concept>
      <concept>
        <code value="ZDA03A3B"/>
        <display value="Grad 3b: Komplikation som er behandlet kirurgisk, endoskopisk eller radiologisk (perkutan drænage) behandling i narkose ekskl. rus"/>
      </concept>
      <concept>
        <code value="ZDA03A4A"/>
        <display value="Grad 4a: Livstruende komplikation (inkl. CNS) som krævede indlæggelse på en intensiv afdeling, med svigt af et organ (inkl. dialyse)"/>
      </concept>
      <concept>
        <code value="ZDA03A4B"/>
        <display value="Grad 4b: Livstruende komplikation (inkl. CNS) som krævede indlæggelse på en intensiv afdeling med multiorgansvigt"/>
      </concept>
      <concept>
        <code value="ZDA03A5"/>
        <display value="Grad 5: Død"/>
      </concept>
    </include>
  </compose>
</ValueSet>