<?xml version="1.0" encoding="UTF-8"?>

<ValueSet xmlns="http://hl7.org/fhir">
  <id value="EDTAPeritonedialyseDNSL"/>
  <text>
    <status value="extensions"/><div xmlns="http://www.w3.org/1999/xhtml"><p class="res-header-id"><b>Generated Narrative: ValueSet EDTAPeritonedialyseDNSL</b></p><a name="EDTAPeritonedialyseDNSL"> </a><a name="hcEDTAPeritonedialyseDNSL"> </a><a name="EDTAPeritonedialyseDNSL-en-US"> </a><ul><li>Include these codes as defined in <a href="CodeSystem-EDTACodes.html"><code>https://kip.rkkp.dk/fhir/CodeSystem/EDTACodes</code></a><table class="none"><tr><td style="white-space:nowrap"><b>Code</b></td><td><b>Display</b></td><td><b>Definition</b></td></tr><tr><td><a href="CodeSystem-EDTACodes.html#EDTACodes-EDTA30">EDTA30</a></td><td>EDTA 30, IPD-dialyse (hospital)</td><td>EDTA 30, IPD-dialyse (hospital)</td></tr><tr><td><a href="CodeSystem-EDTACodes.html#EDTACodes-EDTA40">EDTA40</a></td><td>EDTA 40, CAPD-dialyse</td><td>EDTA 40, CAPD-dialyse</td></tr><tr><td><a href="CodeSystem-EDTACodes.html#EDTACodes-EDTA41">EDTA41</a></td><td>EDTA 41, APD-dialyse</td><td>EDTA 41, APD-dialyse</td></tr><tr><td><a href="CodeSystem-EDTACodes.html#EDTACodes-EDTA45">EDTA45</a></td><td>EDTA 45, Blandet PDHD-dialyse</td><td>EDTA 45, Blandet PDHD-dialyse</td></tr><tr><td><a href="CodeSystem-EDTACodes.html#EDTACodes-EDTA46a">EDTA46a</a></td><td>EDTA46a, Assisteret CAPD (kun professionel)</td><td>EDTA 46a, Assisteret CAPD (kun professionel)</td></tr><tr><td><a href="CodeSystem-EDTACodes.html#EDTACodes-EDTA46b">EDTA46b</a></td><td>EDTA46b, Assisteret APD (kun professionel)</td><td>EDTA 46b, Assisteret APD (kun professionel)</td></tr></table></li></ul></div>
  </text>
  <url value="https://kip.rkkp.dk/fhir/ValueSet/EDTAPeritonedialyseDNSL"/>
  <version value="2.9.1"/>
  <name value="EDTAPeritonedialyseDNSL"/>
  <title value="EDTA koder Peritonedialyse (DNSL)"/>
  <status value="active"/>
  <experimental value="true"/>
  <date value="2024-01-31T00:00:00+02:00"/>
  <publisher value="Sundhedsvæsnets Kvalistetsinstitut with Trifork Digital Health A/S"/>
  <contact>
    <name value="Sundhedsvæsnets Kvalistetsinstitut with Trifork Digital Health A/S"/>
    <telecom>
      <system value="url"/>
      <value value="https://trifork.com"/>
    </telecom>
    <telecom>
      <system value="email"/>
      <value value="rbk@trifork.com"/>
    </telecom>
  </contact>
  <description value="EDTA koder Peritonedialyse (DNSL)"/>
  <compose>
    <include>
      <system value="https://kip.rkkp.dk/fhir/CodeSystem/EDTACodes"/>
      <concept>
        <code value="EDTA30"/>
        <display value="EDTA 30, IPD-dialyse (hospital)"/>
      </concept>
      <concept>
        <code value="EDTA40"/>
        <display value="EDTA 40, CAPD-dialyse"/>
      </concept>
      <concept>
        <code value="EDTA41"/>
        <display value="EDTA 41, APD-dialyse"/>
      </concept>
      <concept>
        <code value="EDTA45"/>
        <display value="EDTA 45, Blandet PDHD-dialyse"/>
      </concept>
      <concept>
        <code value="EDTA46a"/>
        <display value="EDTA46a, Assisteret CAPD (kun professionel)"/>
      </concept>
      <concept>
        <code value="EDTA46b"/>
        <display value="EDTA46b, Assisteret APD (kun professionel)"/>
      </concept>
    </include>
  </compose>
</ValueSet>