<?xml version="1.0" encoding="UTF-8"?>

<ValueSet xmlns="http://hl7.org/fhir">
  <id value="TackertypeDHDB"/>
  <text>
    <status value="extensions"/><div xmlns="http://www.w3.org/1999/xhtml"><p class="res-header-id"><b>Generated Narrative: ValueSet TackertypeDHDB</b></p><a name="TackertypeDHDB"> </a><a name="hcTackertypeDHDB"> </a><a name="TackertypeDHDB-en-US"> </a><ul><li>Include these codes as defined in <a href="CodeSystem-MedicalFixationClosing.html"><code>https://kip.rkkp.dk/fhir/CodeSystem/MedicalFixationClosing</code></a><table class="none"><tr><td style="white-space:nowrap"><b>Code</b></td><td><b>Display</b></td><td><b>Definition</b></td></tr><tr><td><a href="CodeSystem-MedicalFixationClosing.html#MedicalFixationClosing-absorbable">absorbable</a></td><td>Absorberbar</td><td>Absorbable / Absorberbar</td></tr><tr><td><a href="CodeSystem-MedicalFixationClosing.html#MedicalFixationClosing-non_absorbable">non_absorbable</a></td><td>Non-absorberbar</td><td>Non-absorbable / Non-absorberbar</td></tr></table></li></ul></div>
  </text>
  <url value="https://kip.rkkp.dk/fhir/ValueSet/TackertypeDHDB"/>
  <version value="0.1.8"/>
  <name value="TackertypeDHDB"/>
  <title value="Tackertype; absorberbar/non-absorberbar (DHDB)"/>
  <status value="active"/>
  <experimental value="true"/>
  <date value="2022-07-20T00:00:00+02:00"/>
  <publisher value="Sundhedsvæsnets Kvalistetsinstitut with Trifork Digital Health A/S"/>
  <contact>
    <name value="Sundhedsvæsnets Kvalistetsinstitut with Trifork Digital Health A/S"/>
    <telecom>
      <system value="url"/>
      <value value="https://trifork.com"/>
    </telecom>
    <telecom>
      <system value="email"/>
      <value value="rbk@trifork.com"/>
    </telecom>
  </contact>
  <description value="Tackertype; absorberbar/non-absorberbar (DHDB)"/>
  <compose>
    <include>
      <system value="https://kip.rkkp.dk/fhir/CodeSystem/MedicalFixationClosing"/>
      <concept>
        <code value="absorbable"/>
        <display value="Absorberbar"/>
      </concept>
      <concept>
        <code value="non_absorbable"/>
        <display value="Non-absorberbar"/>
      </concept>
    </include>
  </compose>
</ValueSet>