<?xml version="1.0" encoding="UTF-8"?>

<ValueSet xmlns="http://hl7.org/fhir">
  <id value="KnaeLoeshedGradering"/>
  <text>
    <status value="extensions"/><div xmlns="http://www.w3.org/1999/xhtml"><p class="res-header-id"><b>Generated Narrative: ValueSet KnaeLoeshedGradering</b></p><a name="KnaeLoeshedGradering"> </a><a name="hcKnaeLoeshedGradering"> </a><a name="KnaeLoeshedGradering-en-US"> </a><ul><li>Include these codes as defined in <a href="CodeSystem-KneeLoosenessGrading.html"><code>https://kip.rkkp.dk/fhir/CodeSystem/KneeLoosenessGrading</code></a><table class="none"><tr><td style="white-space:nowrap"><b>Code</b></td><td><b>Display</b></td><td><b>Definition</b></td></tr><tr><td><a href="CodeSystem-KneeLoosenessGrading.html#KneeLoosenessGrading-grade_0">grade_0</a></td><td>Grad 0 (0-2 mm)</td><td>Grade 0: 0-2 mm</td></tr><tr><td><a href="CodeSystem-KneeLoosenessGrading.html#KneeLoosenessGrading-grade_1">grade_1</a></td><td>Grad 1 (2-5 mm)</td><td>Grade 1: 2-5 mm</td></tr><tr><td><a href="CodeSystem-KneeLoosenessGrading.html#KneeLoosenessGrading-grade_2">grade_2</a></td><td>Grad 2 (6-10 mm)</td><td>Grade 2: 6-10 mm</td></tr><tr><td><a href="CodeSystem-KneeLoosenessGrading.html#KneeLoosenessGrading-grade_3">grade_3</a></td><td>Grad 3 (&gt;10 mm)</td><td>Grade 3: &gt;10 mm</td></tr></table></li></ul></div>
  </text>
  <url value="https://kip.rkkp.dk/fhir/ValueSet/KnaeLoeshedGradering"/>
  <version value="2.9.0"/>
  <name value="KnaeLoeshedGradering"/>
  <title value="Knæ løshed gradering"/>
  <status value="active"/>
  <experimental value="true"/>
  <date value="2022-09-19T00:00:00+02:00"/>
  <publisher value="Sundhedsvæsnets Kvalistetsinstitut with Trifork Digital Health A/S"/>
  <contact>
    <name value="Sundhedsvæsnets Kvalistetsinstitut with Trifork Digital Health A/S"/>
    <telecom>
      <system value="url"/>
      <value value="https://trifork.com"/>
    </telecom>
    <telecom>
      <system value="email"/>
      <value value="rbk@trifork.com"/>
    </telecom>
  </contact>
  <description value="Knæ løshed gradering"/>
  <compose>
    <include>
      <system value="https://kip.rkkp.dk/fhir/CodeSystem/KneeLoosenessGrading"/>
      <concept>
        <code value="grade_0"/>
        <display value="Grad 0 (0-2 mm)"/>
      </concept>
      <concept>
        <code value="grade_1"/>
        <display value="Grad 1 (2-5 mm)"/>
      </concept>
      <concept>
        <code value="grade_2"/>
        <display value="Grad 2 (6-10 mm)"/>
      </concept>
      <concept>
        <code value="grade_3"/>
        <display value="Grad 3 (&gt;10 mm)"/>
      </concept>
    </include>
  </compose>
</ValueSet>