<?xml version="1.0" encoding="UTF-8"?>

<ValueSet xmlns="http://hl7.org/fhir">
  <id value="SuturMaterialeVentralhernieDHDB"/>
  <text>
    <status value="extensions"/><div xmlns="http://www.w3.org/1999/xhtml"><p class="res-header-id"><b>Generated Narrative: ValueSet SuturMaterialeVentralhernieDHDB</b></p><a name="SuturMaterialeVentralhernieDHDB"> </a><a name="hcSuturMaterialeVentralhernieDHDB"> </a><a name="SuturMaterialeVentralhernieDHDB-en-US"> </a><ul><li>Include these codes as defined in <a href="CodeSystem-MedicalFixationClosing.html"><code>https://kip.rkkp.dk/fhir/CodeSystem/MedicalFixationClosing</code></a><table class="none"><tr><td style="white-space:nowrap"><b>Code</b></td><td><b>Display</b></td><td><b>Definition</b></td></tr><tr><td><a href="CodeSystem-MedicalFixationClosing.html#MedicalFixationClosing-fast_resorbable">fast_resorbable</a></td><td>Hurtigt resorbérbar sutur (eks. Vicryl, Dexon, Monocryl) </td><td>Fast resorbable / Hurtig resorberbar</td></tr><tr><td><a href="CodeSystem-MedicalFixationClosing.html#MedicalFixationClosing-slow_resorbable">slow_resorbable</a></td><td>Langsomt resorbérbar sutur (eks. PDS, Maxon, Monomax) </td><td>Slow resorbable / Langsom resorberbar</td></tr><tr><td><a href="CodeSystem-MedicalFixationClosing.html#MedicalFixationClosing-non_resorbable">non_resorbable</a></td><td>Non-resorbérbar (eks. Prolene, nylon, Ethibond, Mersilene)</td><td>Non resorbable / Non-resorberbar</td></tr></table></li></ul></div>
  </text>
  <url value="https://kip.rkkp.dk/fhir/ValueSet/SuturMaterialeVentralhernieDHDB"/>
  <version value="0.1.6"/>
  <name value="SuturMaterialeVentralhernieDHDB"/>
  <title value="Sutur materiale, ventralhernie (DHDB)"/>
  <status value="active"/>
  <experimental value="true"/>
  <date value="2022-07-20T00:00:00+02:00"/>
  <publisher value="Sundhedsvæsnets Kvalistetsinstitut with Trifork Digital Health A/S"/>
  <contact>
    <name value="Sundhedsvæsnets Kvalistetsinstitut with Trifork Digital Health A/S"/>
    <telecom>
      <system value="url"/>
      <value value="https://trifork.com"/>
    </telecom>
    <telecom>
      <system value="email"/>
      <value value="rbk@trifork.com"/>
    </telecom>
  </contact>
  <description value="Sutur materiale, ventralhernie (DHDB)"/>
  <compose>
    <include>
      <system value="https://kip.rkkp.dk/fhir/CodeSystem/MedicalFixationClosing"/>
      <concept>
        <code value="fast_resorbable"/>
        <display value="Hurtigt resorbérbar sutur (eks. Vicryl, Dexon, Monocryl) "/>
      </concept>
      <concept>
        <code value="slow_resorbable"/>
        <display value="Langsomt resorbérbar sutur (eks. PDS, Maxon, Monomax) "/>
      </concept>
      <concept>
        <code value="non_resorbable"/>
        <display value="Non-resorbérbar (eks. Prolene, nylon, Ethibond, Mersilene)"/>
      </concept>
    </include>
  </compose>
</ValueSet>