<?xml version="1.0" encoding="UTF-8"?>

<ValueSet xmlns="http://hl7.org/fhir">
  <id value="DonorRelationDNSL"/>
  <text>
    <status value="extensions"/><div xmlns="http://www.w3.org/1999/xhtml"><p class="res-header-id"><b>Generated Narrative: ValueSet DonorRelationDNSL</b></p><a name="DonorRelationDNSL"> </a><a name="hcDonorRelationDNSL"> </a><a name="DonorRelationDNSL-en-US"> </a><ul><li>Include these codes as defined in <a href="CodeSystem-SNOMEDCT.html"><code>https://kip.rkkp.dk/fhir/CodeSystem/SNOMEDCT</code></a><table class="none"><tr><td style="white-space:nowrap"><b>Code</b></td><td><b>Display</b></td><td><b>Definition</b></td></tr><tr><td><a href="CodeSystem-SNOMEDCT.html#SNOMEDCT-40683002">40683002</a></td><td>Forælder</td><td>Forælder</td></tr><tr><td><a href="CodeSystem-SNOMEDCT.html#SNOMEDCT-375005">375005</a></td><td>Søster/Bror</td><td>Søster/Bror</td></tr><tr><td><a href="CodeSystem-SNOMEDCT.html#SNOMEDCT-10896006">10896006</a></td><td>Tvilling (monozygot)</td><td>Tvilling (monocygot)</td></tr><tr><td><a href="CodeSystem-SNOMEDCT.html#SNOMEDCT-713369009">713369009</a></td><td>Anden levende familiedonor</td><td>Levende familiedonor</td></tr><tr><td><a href="CodeSystem-SNOMEDCT.html#SNOMEDCT-394863008">394863008</a></td><td>Levende non-related donor</td><td>Non-family member</td></tr><tr><td><a href="CodeSystem-SNOMEDCT.html#SNOMEDCT-713183000">713183000</a></td><td>Nekronyre</td><td>Afdød donor (Nekronyre)</td></tr><tr><td><a href="CodeSystem-SNOMEDCT.html#SNOMEDCT-105457003">105457003</a></td><td>Afdød</td><td>Afdød donor</td></tr></table></li></ul></div>
  </text>
  <url value="https://kip.rkkp.dk/fhir/ValueSet/DonorRelationDNSL"/>
  <version value="2.9.1"/>
  <name value="DonorRelationDNSL"/>
  <title value="Relationen til donor (DNSL)"/>
  <status value="active"/>
  <experimental value="true"/>
  <date value="2024-10-01T00:00:00+02:00"/>
  <publisher value="Sundhedsvæsnets Kvalistetsinstitut with Trifork Digital Health A/S"/>
  <contact>
    <name value="Sundhedsvæsnets Kvalistetsinstitut with Trifork Digital Health A/S"/>
    <telecom>
      <system value="url"/>
      <value value="https://trifork.com"/>
    </telecom>
    <telecom>
      <system value="email"/>
      <value value="rbk@trifork.com"/>
    </telecom>
  </contact>
  <description value="Familie relation til donor (DNSL)"/>
  <compose>
    <include>
      <system value="https://kip.rkkp.dk/fhir/CodeSystem/SNOMEDCT"/>
      <concept>
        <code value="40683002"/>
        <display value="Forælder"/>
      </concept>
      <concept>
        <code value="375005"/>
        <display value="Søster/Bror"/>
      </concept>
      <concept>
        <code value="10896006"/>
        <display value="Tvilling (monozygot)"/>
      </concept>
      <concept>
        <code value="713369009"/>
        <display value="Anden levende familiedonor"/>
      </concept>
      <concept>
        <code value="394863008"/>
        <display value="Levende non-related donor"/>
      </concept>
      <concept>
        <code value="713183000"/>
        <display value="Nekronyre"/>
      </concept>
      <concept>
        <code value="105457003"/>
        <display value="Afdød"/>
      </concept>
    </include>
  </compose>
</ValueSet>