<?xml version="1.0" encoding="UTF-8"?>

<ValueSet xmlns="http://hl7.org/fhir">
  <id value="OperationssideKAR"/>
  <text>
    <status value="extensions"/><div xmlns="http://www.w3.org/1999/xhtml"><p class="res-header-id"><b>Generated Narrative: ValueSet OperationssideKAR</b></p><a name="OperationssideKAR"> </a><a name="hcOperationssideKAR"> </a><a name="OperationssideKAR-en-US"> </a><p>This value set includes codes based on the following rules:</p><ul><li>Include these codes as defined in <a href="CodeSystem-SKS.html"><code>https://kip.rkkp.dk/fhir/CodeSystem/SKS</code></a><table class="none"><tr><td style="white-space:nowrap"><b>Code</b></td><td><b>Display</b></td><td><b>Definition</b></td></tr><tr><td><a href="CodeSystem-SKS.html#SKS-TUL1">TUL1</a></td><td>Højre</td><td>TUL1 - højresidig</td></tr><tr><td><a href="CodeSystem-SKS.html#SKS-TUL2">TUL2</a></td><td>Venstre</td><td>TUL2 - venstresidig</td></tr></table></li><li>Include these codes as defined in <a href="CodeSystem-GenericValues.html"><code>https://kip.rkkp.dk/fhir/CodeSystem/GenericValues</code></a><table class="none"><tr><td style="white-space:nowrap"><b>Code</b></td><td><b>Display</b></td><td><b>Definition</b></td></tr><tr><td><a href="CodeSystem-GenericValues.html#GenericValues-central">central</a></td><td>Centralt</td><td>Central / Centralt / SNOMED-CT: 26216008</td></tr></table></li></ul></div>
  </text>
  <url value="https://kip.rkkp.dk/fhir/ValueSet/OperationssideKAR"/>
  <version value="0.2.1"/>
  <name value="OperationssideKAR"/>
  <title value="Operationsside (højre/venstre/centralt) (KAR)"/>
  <status value="active"/>
  <experimental value="true"/>
  <date value="2022-09-27T00:00:00+02:00"/>
  <publisher value="Sundhedsvæsnets Kvalistetsinstitut with Trifork Digital Health A/S"/>
  <contact>
    <name value="Sundhedsvæsnets Kvalistetsinstitut with Trifork Digital Health A/S"/>
    <telecom>
      <system value="url"/>
      <value value="https://trifork.com"/>
    </telecom>
    <telecom>
      <system value="email"/>
      <value value="rbk@trifork.com"/>
    </telecom>
  </contact>
  <description value="Operationsside (højre/venstre/centralt) (KAR)"/>
  <compose>
    <include>
      <system value="https://kip.rkkp.dk/fhir/CodeSystem/SKS"/>
      <concept>
        <code value="TUL1"/>
        <display value="Højre"/>
      </concept>
      <concept>
        <code value="TUL2"/>
        <display value="Venstre"/>
      </concept>
    </include>
    <include>
      <system value="https://kip.rkkp.dk/fhir/CodeSystem/GenericValues"/>
      <concept>
        <code value="central"/>
        <display value="Centralt"/>
      </concept>
    </include>
  </compose>
</ValueSet>