<?xml version="1.0" encoding="UTF-8"?>

<ValueSet xmlns="http://hl7.org/fhir">
  <id value="BenlaengdeDHR"/>
  <text>
    <status value="extensions"/><div xmlns="http://www.w3.org/1999/xhtml"><p class="res-header-id"><b>Generated Narrative: ValueSet BenlaengdeDHR</b></p><a name="BenlaengdeDHR"> </a><a name="hcBenlaengdeDHR"> </a><a name="BenlaengdeDHR-en-US"> </a><ul><li>Include these codes as defined in <a href="CodeSystem-Intervals.html"><code>https://kip.rkkp.dk/fhir/CodeSystem/Intervals</code></a><table class="none"><tr><td style="white-space:nowrap"><b>Code</b></td><td><b>Display</b></td><td><b>Definition</b></td></tr><tr><td><a href="CodeSystem-Intervals.html#Intervals-.61.601">=&lt;1</a></td><td>Lige lange +/- 1 cm</td><td>=&lt;1</td></tr><tr><td><a href="CodeSystem-Intervals.html#Intervals-1-2">1-2</a></td><td>1-2 cm forskel</td><td>1-2</td></tr><tr><td><a href="CodeSystem-Intervals.html#Intervals-2-3">2-3</a></td><td>2-3 cm forskel</td><td>2-3</td></tr><tr><td><a href="CodeSystem-Intervals.html#Intervals-.623">&gt;3</a></td><td>&gt;3 cm</td><td>&gt;3</td></tr></table></li></ul></div>
  </text>
  <url value="https://kip.rkkp.dk/fhir/ValueSet/BenlaengdeDHR"/>
  <version value="2.9.0"/>
  <name value="BenlaengdeDHR"/>
  <title value="Benlængde (DHR)"/>
  <status value="active"/>
  <experimental value="true"/>
  <date value="2022-11-15T00:00:00+02:00"/>
  <publisher value="Sundhedsvæsnets Kvalistetsinstitut with Trifork Digital Health A/S"/>
  <contact>
    <name value="Sundhedsvæsnets Kvalistetsinstitut with Trifork Digital Health A/S"/>
    <telecom>
      <system value="url"/>
      <value value="https://trifork.com"/>
    </telecom>
    <telecom>
      <system value="email"/>
      <value value="rbk@trifork.com"/>
    </telecom>
  </contact>
  <description value="Benlængde (DHR)"/>
  <compose>
    <include>
      <system value="https://kip.rkkp.dk/fhir/CodeSystem/Intervals"/>
      <concept>
        <code value="=&lt;1"/>
        <display value="Lige lange +/- 1 cm"/>
      </concept>
      <concept>
        <code value="1-2"/>
        <display value="1-2 cm forskel"/>
      </concept>
      <concept>
        <code value="2-3"/>
        <display value="2-3 cm forskel"/>
      </concept>
      <concept>
        <code value="&gt;3"/>
        <display value="&gt;3 cm"/>
      </concept>
    </include>
  </compose>
</ValueSet>