<?xml version="1.0" encoding="UTF-8"?>

<ValueSet xmlns="http://hl7.org/fhir">
  <id value="AnastomoseType3"/>
  <text>
    <status value="extensions"/><div xmlns="http://www.w3.org/1999/xhtml"><p class="res-header-id"><b>Generated Narrative: ValueSet AnastomoseType3</b></p><a name="AnastomoseType3"> </a><a name="hcAnastomoseType3"> </a><a name="AnastomoseType3-en-US"> </a><p>This value set includes codes based on the following rules:</p><ul><li>Include these codes as defined in <a href="CodeSystem-AnastomosisType.html"><code>https://kip.rkkp.dk/fhir/CodeSystem/AnastomosisType</code></a><table class="none"><tr><td style="white-space:nowrap"><b>Code</b></td><td><b>Display</b></td><td><b>Definition</b></td></tr><tr><td><a href="CodeSystem-AnastomosisType.html#AnastomosisType-end_to_end">end_to_end</a></td><td>End-to-end</td><td>End-to-end</td></tr><tr><td><a href="CodeSystem-AnastomosisType.html#AnastomosisType-side_to_end">side_to_end</a></td><td>Side-to-end</td><td>Side-to-end</td></tr><tr><td><a href="CodeSystem-AnastomosisType.html#AnastomosisType-end_to_side">end_to_side</a></td><td>End-to-side</td><td>End-to-side</td></tr><tr><td><a href="CodeSystem-AnastomosisType.html#AnastomosisType-side_to_side">side_to_side</a></td><td>Side-to-side</td><td>Side-to-side</td></tr><tr><td><a href="CodeSystem-AnastomosisType.html#AnastomosisType-functional_end_to_end">functional_end_to_end</a></td><td>Funktionel end-to-end</td><td>Functional end-to-end / Funktionelt end-to-end</td></tr><tr><td><a href="CodeSystem-AnastomosisType.html#AnastomosisType-pouch">pouch</a></td><td>Pouch</td><td>Pouch</td></tr></table></li><li>Include these codes as defined in <a href="CodeSystem-GenericValues.html"><code>https://kip.rkkp.dk/fhir/CodeSystem/GenericValues</code></a><table class="none"><tr><td style="white-space:nowrap"><b>Code</b></td><td><b>Display</b></td><td><b>Definition</b></td></tr><tr><td><a href="CodeSystem-GenericValues.html#GenericValues-other">other</a></td><td>Anden</td><td>Other - used to choose unspecific value not in a valueset</td></tr></table></li></ul></div>
  </text>
  <url value="https://kip.rkkp.dk/fhir/ValueSet/AnastomoseType3"/>
  <version value="0.2.1"/>
  <name value="AnastomoseType3"/>
  <title value="Anastomosetype 3"/>
  <status value="active"/>
  <experimental value="true"/>
  <date value="2022-10-11T00:00:00+02:00"/>
  <publisher value="Sundhedsvæsnets Kvalistetsinstitut with Trifork Digital Health A/S"/>
  <contact>
    <name value="Sundhedsvæsnets Kvalistetsinstitut with Trifork Digital Health A/S"/>
    <telecom>
      <system value="url"/>
      <value value="https://trifork.com"/>
    </telecom>
    <telecom>
      <system value="email"/>
      <value value="rbk@trifork.com"/>
    </telecom>
  </contact>
  <description value="Anastomosetype 3"/>
  <compose>
    <include>
      <system value="https://kip.rkkp.dk/fhir/CodeSystem/AnastomosisType"/>
      <concept>
        <code value="end_to_end"/>
        <display value="End-to-end"/>
      </concept>
      <concept>
        <code value="side_to_end"/>
        <display value="Side-to-end"/>
      </concept>
      <concept>
        <code value="end_to_side"/>
        <display value="End-to-side"/>
      </concept>
      <concept>
        <code value="side_to_side"/>
        <display value="Side-to-side"/>
      </concept>
      <concept>
        <code value="functional_end_to_end"/>
        <display value="Funktionel end-to-end"/>
      </concept>
      <concept>
        <code value="pouch"/>
        <display value="Pouch"/>
      </concept>
    </include>
    <include>
      <system value="https://kip.rkkp.dk/fhir/CodeSystem/GenericValues"/>
      <concept>
        <code value="other"/>
        <display value="Anden"/>
      </concept>
    </include>
  </compose>
</ValueSet>