<?xml version="1.0" encoding="UTF-8"?>

<ValueSet xmlns="http://hl7.org/fhir">
  <id value="LifeStatus"/>
  <text>
    <status value="extensions"/><div xmlns="http://www.w3.org/1999/xhtml"><p class="res-header-id"><b>Generated Narrative: ValueSet LifeStatus</b></p><a name="LifeStatus"> </a><a name="hcLifeStatus"> </a><a name="LifeStatus-en-US"> </a><ul><li>Include these codes as defined in <a href="CodeSystem-LifeStatus.html"><code>https://kip.sundk.dk/fhir/CodeSystem/LifeStatus</code></a><table class="none"><tr><td style="white-space:nowrap"><b>Code</b></td><td><b>Display</b></td><td><b>Definition</b></td></tr><tr><td><a href="CodeSystem-LifeStatus.html#LifeStatus-alive">alive</a></td><td>Levende</td><td>Patienten udskrives levende</td></tr><tr><td><a href="CodeSystem-LifeStatus.html#LifeStatus-dead">dead</a></td><td>Død</td><td>Patienten udskrives død</td></tr></table></li></ul></div>
  </text>
  <url value="https://kip.sundk.dk/fhir/ValueSet/LifeStatus"/>
  <version value="0.0.9"/>
  <name value="LifeStatus"/>
  <title value="Livstatus"/>
  <status value="active"/>
  <experimental value="true"/>
  <date value="2022-06-22T00:00:00+02:00"/>
  <publisher value="Sundhedsvæsnets Kvalistetsinstitut with Trifork Public A/S"/>
  <contact>
    <name value="Sundhedsvæsnets Kvalistetsinstitut with Trifork Public A/S"/>
    <telecom>
      <system value="url"/>
      <value value="https://trifork.com"/>
    </telecom>
    <telecom>
      <system value="email"/>
      <value value="rbk@trifork.com"/>
    </telecom>
  </contact>
  <description value="Status ved udskrivelse"/>
  <compose>
    <include>
      <system value="https://kip.sundk.dk/fhir/CodeSystem/LifeStatus"/>
      <concept>
        <code value="alive"/>
        <display value="Levende"/>
      </concept>
      <concept>
        <code value="dead"/>
        <display value="Død"/>
      </concept>
    </include>
  </compose>
</ValueSet>