<?xml version="1.0" encoding="UTF-8"?>

<ValueSet xmlns="http://hl7.org/fhir">
  <id value="BrusklaesionArealDKRR"/>
  <text>
    <status value="extensions"/><div xmlns="http://www.w3.org/1999/xhtml"><p class="res-header-id"><b>Generated Narrative: ValueSet BrusklaesionArealDKRR</b></p><a name="BrusklaesionArealDKRR"> </a><a name="hcBrusklaesionArealDKRR"> </a><a name="BrusklaesionArealDKRR-en-US"> </a><ul><li>Include these codes as defined in <a href="CodeSystem-Intervals.html"><code>https://kip.rkkp.dk/fhir/CodeSystem/Intervals</code></a><table class="none"><tr><td style="white-space:nowrap"><b>Code</b></td><td><b>Display</b></td><td><b>Definition</b></td></tr><tr><td><a href="CodeSystem-Intervals.html#Intervals-.61.602">=&lt;2</a></td><td>=&lt;2 cm2</td><td>=&lt;2</td></tr><tr><td><a href="CodeSystem-Intervals.html#Intervals-.622">&gt;2</a></td><td>&gt;2 cm2</td><td>&gt;2</td></tr></table></li></ul></div>
  </text>
  <url value="https://kip.rkkp.dk/fhir/ValueSet/BrusklaesionArealDKRR"/>
  <version value="2.9.3"/>
  <name value="BrusklaesionArealDKRR"/>
  <title value="Brusklæsion, areal (DKRR)"/>
  <status value="active"/>
  <experimental value="true"/>
  <date value="2022-09-19T00:00:00+02:00"/>
  <publisher value="Sundhedsvæsenets Kvalitetsinstitut with Trifork Digital Health A/S"/>
  <contact>
    <name value="Sundhedsvæsenets Kvalitetsinstitut with Trifork Digital Health A/S"/>
    <telecom>
      <system value="url"/>
      <value value="https://trifork.com"/>
    </telecom>
    <telecom>
      <system value="email"/>
      <value value="rbk@trifork.com"/>
    </telecom>
  </contact>
  <description value="Brusklæsion, areal (DKRR)"/>
  <compose>
    <include>
      <system value="https://kip.rkkp.dk/fhir/CodeSystem/Intervals"/>
      <concept>
        <code value="=&lt;2"/>
        <display value="=&lt;2 cm2"/>
      </concept>
      <concept>
        <code value="&gt;2"/>
        <display value="&gt;2 cm2"/>
      </concept>
    </include>
  </compose>
</ValueSet>