<?xml version="1.0" encoding="UTF-8"?>

<ValueSet xmlns="http://hl7.org/fhir">
  <id value="OperationssaarInfektionKAR"/>
  <text>
    <status value="extensions"/><div xmlns="http://www.w3.org/1999/xhtml"><p class="res-header-id"><b>Generated Narrative: ValueSet OperationssaarInfektionKAR</b></p><a name="OperationssaarInfektionKAR"> </a><a name="hcOperationssaarInfektionKAR"> </a><a name="OperationssaarInfektionKAR-en-US"> </a><ul><li>Include these codes as defined in <a href="CodeSystem-Complications.html"><code>https://kip.rkkp.dk/fhir/CodeSystem/Complications</code></a><table class="none"><tr><td style="white-space:nowrap"><b>Code</b></td><td><b>Display</b></td><td><b>Definition</b></td></tr><tr><td><a href="CodeSystem-Complications.html#Complications-superficial_subcutaneous_infection">superficial_subcutaneous_infection</a></td><td>overfladisk / subcutan infektion (ved antibiotika eller operation)</td><td>overfladisk / subcutan infektion (ved antibiotika eller operation)</td></tr><tr><td><a href="CodeSystem-Complications.html#Complications-deep_prosthesis_infection">deep_prosthesis_infection</a></td><td>dyb / protese infektion (ved antibiotika eller operation)</td><td>Deep/prosthesis infection / dyb / protese infektion (ved antibiotika eller operation)</td></tr></table></li></ul></div>
  </text>
  <url value="https://kip.rkkp.dk/fhir/ValueSet/OperationssaarInfektionKAR"/>
  <version value="0.2.1"/>
  <name value="OperationssaarInfektionKAR"/>
  <title value="Operationssår infektion (KAR)"/>
  <status value="active"/>
  <experimental value="true"/>
  <date value="2022-09-27T00:00:00+02:00"/>
  <publisher value="Sundhedsvæsnets Kvalistetsinstitut with Trifork Digital Health A/S"/>
  <contact>
    <name value="Sundhedsvæsnets Kvalistetsinstitut with Trifork Digital Health A/S"/>
    <telecom>
      <system value="url"/>
      <value value="https://trifork.com"/>
    </telecom>
    <telecom>
      <system value="email"/>
      <value value="rbk@trifork.com"/>
    </telecom>
  </contact>
  <description value="Operationssår infektion (KAR)"/>
  <compose>
    <include>
      <system value="https://kip.rkkp.dk/fhir/CodeSystem/Complications"/>
      <concept>
        <code value="superficial_subcutaneous_infection"/>
        <display value="overfladisk / subcutan infektion (ved antibiotika eller operation)"/>
      </concept>
      <concept>
        <code value="deep_prosthesis_infection"/>
        <display value="dyb / protese infektion (ved antibiotika eller operation)"/>
      </concept>
    </include>
  </compose>
</ValueSet>