<?xml version="1.0" encoding="UTF-8"?>

<ValueSet xmlns="http://hl7.org/fhir">
  <id value="ScoreCentralBlock"/>
  <text>
    <status value="extensions"/><div xmlns="http://www.w3.org/1999/xhtml"><p class="res-header-id"><b>Generated Narrative: ValueSet ScoreCentralBlock</b></p><a name="ScoreCentralBlock"> </a><a name="hcScoreCentralBlock"> </a><a name="ScoreCentralBlock-en-US"> </a><ul><li>Include these codes as defined in <a href="CodeSystem-ScoreCentralBlock.html"><code>https://kip.rkkp.dk/fhir/CodeSystem/ScoreCentralBlock</code></a><table class="none"><tr><td style="white-space:nowrap"><b>Code</b></td><td><b>Display</b></td><td><b>Definition</b></td></tr><tr><td><a href="CodeSystem-ScoreCentralBlock.html#ScoreCentralBlock-attempt_LE3">attempt_LE3</a></td><td>Forsøgt anlagt antal &lt;=3 gange</td><td>Forsøgt anlagt antal &lt;=3 gange</td></tr><tr><td><a href="CodeSystem-ScoreCentralBlock.html#ScoreCentralBlock-attempt_GT3">attempt_GT3</a></td><td>Forsøgt anlagt &gt;3 gange</td><td>Forsøgt anlagt &gt;3 gange</td></tr><tr><td><a href="CodeSystem-ScoreCentralBlock.html#ScoreCentralBlock-epidural_on_arr">epidural_on_arr</a></td><td>Ankommet med anlagt epidural kateter</td><td>Ankommet med anlagt epidural kateter</td></tr><tr><td><a href="CodeSystem-ScoreCentralBlock.html#ScoreCentralBlock-abandon">abandon</a></td><td>Opgivet</td><td>Opgivet</td></tr></table></li></ul></div>
  </text>
  <url value="https://kip.rkkp.dk/fhir/ValueSet/ScoreCentralBlock"/>
  <version value="0.1.6"/>
  <name value="ScoreCentralBlock"/>
  <title value="Central blokade score"/>
  <status value="active"/>
  <experimental value="true"/>
  <date value="2022-06-09T00:00:00+02:00"/>
  <publisher value="Sundhedsvæsnets Kvalistetsinstitut with Trifork Digital Health A/S"/>
  <contact>
    <name value="Sundhedsvæsnets Kvalistetsinstitut with Trifork Digital Health A/S"/>
    <telecom>
      <system value="url"/>
      <value value="https://trifork.com"/>
    </telecom>
    <telecom>
      <system value="email"/>
      <value value="rbk@trifork.com"/>
    </telecom>
  </contact>
  <description value="Regional score ved central nerveblokade"/>
  <compose>
    <include>
      <system value="https://kip.rkkp.dk/fhir/CodeSystem/ScoreCentralBlock"/>
      <concept>
        <code value="attempt_LE3"/>
        <display value="Forsøgt anlagt antal &lt;=3 gange"/>
      </concept>
      <concept>
        <code value="attempt_GT3"/>
        <display value="Forsøgt anlagt &gt;3 gange"/>
      </concept>
      <concept>
        <code value="epidural_on_arr"/>
        <display value="Ankommet med anlagt epidural kateter"/>
      </concept>
      <concept>
        <code value="abandon"/>
        <display value="Opgivet"/>
      </concept>
    </include>
  </compose>
</ValueSet>