<?xml version="1.0" encoding="UTF-8"?>

<ValueSet xmlns="http://hl7.org/fhir">
  <id value="ASAIVI"/>
  <text>
    <status value="extensions"/><div xmlns="http://www.w3.org/1999/xhtml"><p class="res-header-id"><b>Generated Narrative: ValueSet ASAIVI</b></p><a name="ASAIVI"> </a><a name="hcASAIVI"> </a><a name="ASAIVI-en-US"> </a><ul><li>Include these codes as defined in <a href="CodeSystem-ASAClassification.html"><code>https://kip.rkkp.dk/fhir/CodeSystem/ASAClassification</code></a><table class="none"><tr><td style="white-space:nowrap"><b>Code</b></td><td><b>Display</b></td><td><b>Definition</b></td></tr><tr><td><a href="CodeSystem-ASAClassification.html#ASAClassification-asai">asai</a></td><td>ASA I - Fortrinlig</td><td>A normal healthy patient</td></tr><tr><td><a href="CodeSystem-ASAClassification.html#ASAClassification-asaii">asaii</a></td><td>ASA II - God</td><td>A patient with mild systemic disease</td></tr><tr><td><a href="CodeSystem-ASAClassification.html#ASAClassification-asaiii">asaiii</a></td><td>ASA III - Moderat påvirket</td><td>A patient with severe systemic disease</td></tr><tr><td><a href="CodeSystem-ASAClassification.html#ASAClassification-asaiv">asaiv</a></td><td>ASA IV - Dårlig</td><td>A patient with severe systemic disease that is a constant threat to life</td></tr><tr><td><a href="CodeSystem-ASAClassification.html#ASAClassification-asav">asav</a></td><td>ASA V - Yderst ringe</td><td>A moribund patient who is not expected to survive without the operation</td></tr><tr><td><a href="CodeSystem-ASAClassification.html#ASAClassification-asavi">asavi</a></td><td>ASA VI - Erklæret hjernedød</td><td>A declared brain-dead patient whose organs are being removed for donor purposes</td></tr></table></li></ul></div>
  </text>
  <url value="https://kip.rkkp.dk/fhir/ValueSet/ASAIVI"/>
  <version value="0.1.6"/>
  <name value="ASAIVI"/>
  <title value="ASA klassifikation I-VI"/>
  <status value="active"/>
  <experimental value="true"/>
  <date value="2022-06-14T00:00:00+02:00"/>
  <publisher value="Sundhedsvæsnets Kvalistetsinstitut with Trifork Digital Health A/S"/>
  <contact>
    <name value="Sundhedsvæsnets Kvalistetsinstitut with Trifork Digital Health A/S"/>
    <telecom>
      <system value="url"/>
      <value value="https://trifork.com"/>
    </telecom>
    <telecom>
      <system value="email"/>
      <value value="rbk@trifork.com"/>
    </telecom>
  </contact>
  <description value="ASA klassifikation I-VI"/>
  <compose>
    <include>
      <system value="https://kip.rkkp.dk/fhir/CodeSystem/ASAClassification"/>
      <concept>
        <code value="asai"/>
        <display value="ASA I - Fortrinlig"/>
      </concept>
      <concept>
        <code value="asaii"/>
        <display value="ASA II - God"/>
      </concept>
      <concept>
        <code value="asaiii"/>
        <display value="ASA III - Moderat påvirket"/>
      </concept>
      <concept>
        <code value="asaiv"/>
        <display value="ASA IV - Dårlig"/>
      </concept>
      <concept>
        <code value="asav"/>
        <display value="ASA V - Yderst ringe"/>
      </concept>
      <concept>
        <code value="asavi"/>
        <display value="ASA VI - Erklæret hjernedød"/>
      </concept>
    </include>
  </compose>
</ValueSet>