<?xml version="1.0" encoding="UTF-8"?>

<ValueSet xmlns="http://hl7.org/fhir">
  <id value="HeartFailure"/>
  <text>
    <status value="extensions"/><div xmlns="http://www.w3.org/1999/xhtml"><p class="res-header-id"><b>Generated Narrative: ValueSet HeartFailure</b></p><a name="HeartFailure"> </a><a name="hcHeartFailure"> </a><a name="HeartFailure-en-US"> </a><ul><li>Include these codes as defined in <a href="CodeSystem-Complications.html"><code>https://kip.rkkp.dk/fhir/CodeSystem/Complications</code></a><table class="none"><tr><td style="white-space:nowrap"><b>Code</b></td><td><b>Display</b></td><td><b>Definition</b></td></tr><tr><td><a href="CodeSystem-Complications.html#Complications-heart_failur_class_2">heart_failur_class_2</a></td><td>Killip klasse 2 (Væskeraslen ved respiration/halsvenestase)</td><td>--</td></tr><tr><td><a href="CodeSystem-Complications.html#Complications-heart_failur_class_3">heart_failur_class_3</a></td><td>Killip klasse 3 (Lungeødem)</td><td>--</td></tr><tr><td><a href="CodeSystem-Complications.html#Complications-heart_failur_class_4">heart_failur_class_4</a></td><td>Killip klasse 4 (Kardiogent shock)</td><td>--</td></tr></table></li></ul></div>
  </text>
  <url value="https://kip.rkkp.dk/fhir/ValueSet/HeartFailure"/>
  <version value="2.9.0"/>
  <name value="HeartFailure"/>
  <title value="Killip sværhedsgrad"/>
  <status value="active"/>
  <experimental value="true"/>
  <date value="2022-06-07T00:00:00+02:00"/>
  <publisher value="Sundhedsvæsnets Kvalistetsinstitut with Trifork Digital Health A/S"/>
  <contact>
    <name value="Sundhedsvæsnets Kvalistetsinstitut with Trifork Digital Health A/S"/>
    <telecom>
      <system value="url"/>
      <value value="https://trifork.com"/>
    </telecom>
    <telecom>
      <system value="email"/>
      <value value="rbk@trifork.com"/>
    </telecom>
  </contact>
  <description value="Killip sværhedsgrad af hjertestop"/>
  <compose>
    <include>
      <system value="https://kip.rkkp.dk/fhir/CodeSystem/Complications"/>
      <concept>
        <code value="heart_failur_class_2"/>
        <display value="Killip klasse 2 (Væskeraslen ved respiration/halsvenestase)"/>
      </concept>
      <concept>
        <code value="heart_failur_class_3"/>
        <display value="Killip klasse 3 (Lungeødem)"/>
      </concept>
      <concept>
        <code value="heart_failur_class_4"/>
        <display value="Killip klasse 4 (Kardiogent shock)"/>
      </concept>
    </include>
  </compose>
</ValueSet>