<?xml version="1.0" encoding="UTF-8"?>

<ValueSet xmlns="http://hl7.org/fhir">
  <id value="AKFravalgt"/>
  <text>
    <status value="extensions"/><div xmlns="http://www.w3.org/1999/xhtml"><p class="res-header-id"><b>Generated Narrative: ValueSet AKFravalgt</b></p><a name="AKFravalgt"> </a><a name="hcAKFravalgt"> </a><a name="AKFravalgt-en-US"> </a><p>This value set includes codes based on the following rules:</p><ul><li>Include these codes as defined in <a href="CodeSystem-ACTherapyNotGiven.html"><code>https://kip.rkkp.dk/fhir/CodeSystem/ACTherapyNotGiven</code></a><table class="none"><tr><td style="white-space:nowrap"><b>Code</b></td><td><b>Display</b></td><td><b>Definition</b></td></tr><tr><td><a href="CodeSystem-ACTherapyNotGiven.html#ACTherapyNotGiven-activebleeding">activebleeding</a></td><td>Aktiv blødning</td><td>Aktiv blødning</td></tr><tr><td><a href="CodeSystem-ACTherapyNotGiven.html#ACTherapyNotGiven-intracerebralhaemorrhage">intracerebralhaemorrhage</a></td><td>Nylig intracerebral blødning</td><td>Nylig intracerebral blødning</td></tr><tr><td><a href="CodeSystem-ACTherapyNotGiven.html#ACTherapyNotGiven-hypertension">hypertension</a></td><td>Ukontrolleret hypertension (≥160 mmHg)</td><td>Ukontrolleret hypertension (≥160 mmHg)</td></tr><tr><td><a href="CodeSystem-ACTherapyNotGiven.html#ACTherapyNotGiven-diathesis">diathesis</a></td><td>Hæmoragisk diatese</td><td>Hæmoragisk diatese</td></tr><tr><td><a href="CodeSystem-ACTherapyNotGiven.html#ACTherapyNotGiven-othertreatment">othertreatment</a></td><td>Anden behandling (aurikellukning, LMWH i terapeutiske doser)</td><td>Anden behandling (aurikellukning, LMWH i terapeutiske doser)</td></tr><tr><td><a href="CodeSystem-ACTherapyNotGiven.html#ACTherapyNotGiven-dementia">dementia</a></td><td>Svær demens</td><td>Svær demens</td></tr><tr><td><a href="CodeSystem-ACTherapyNotGiven.html#ACTherapyNotGiven-reducedfunctionlevel">reducedfunctionlevel</a></td><td>Betydelig reduceret funktionsniveau (mRS ≥4)</td><td>Betydelig reduceret funktionsniveau (mRS ≥4)</td></tr><tr><td><a href="CodeSystem-ACTherapyNotGiven.html#ACTherapyNotGiven-lifespanbelow3months">lifespanbelow3months</a></td><td>Forventet livslængde under 3 måneder</td><td>Forventet livslængde under 3 måneder</td></tr><tr><td><a href="CodeSystem-ACTherapyNotGiven.html#ACTherapyNotGiven-nopatientconsent">nopatientconsent</a></td><td>Manglende patientsamtykke</td><td>Manglende patientsamtykke</td></tr></table></li><li>Include these codes as defined in <a href="CodeSystem-GenericValues.html"><code>https://kip.rkkp.dk/fhir/CodeSystem/GenericValues</code></a><table class="none"><tr><td style="white-space:nowrap"><b>Code</b></td><td><b>Display</b></td><td><b>Definition</b></td></tr><tr><td><a href="CodeSystem-GenericValues.html#GenericValues-other">other</a></td><td>Anden årsag</td><td>Other - used to choose unspecific value not in a valueset</td></tr></table></li></ul></div>
  </text>
  <url value="https://kip.rkkp.dk/fhir/ValueSet/AKFravalgt"/>
  <version value="0.2.1"/>
  <name value="AKFravalgt"/>
  <title value="Fravalg af antikoagulationsbehandling; årsag"/>
  <status value="active"/>
  <experimental value="true"/>
  <date value="2022-06-23T00:00:00+02:00"/>
  <publisher value="Sundhedsvæsnets Kvalistetsinstitut with Trifork Digital Health A/S"/>
  <contact>
    <name value="Sundhedsvæsnets Kvalistetsinstitut with Trifork Digital Health A/S"/>
    <telecom>
      <system value="url"/>
      <value value="https://trifork.com"/>
    </telecom>
    <telecom>
      <system value="email"/>
      <value value="rbk@trifork.com"/>
    </telecom>
  </contact>
  <description value="Årsagen til hvorfor antikoagulationsbehandling er fravalgt"/>
  <compose>
    <include>
      <system value="https://kip.rkkp.dk/fhir/CodeSystem/ACTherapyNotGiven"/>
      <concept>
        <code value="activebleeding"/>
        <display value="Aktiv blødning"/>
      </concept>
      <concept>
        <code value="intracerebralhaemorrhage"/>
        <display value="Nylig intracerebral blødning"/>
      </concept>
      <concept>
        <code value="hypertension"/>
        <display value="Ukontrolleret hypertension (≥160 mmHg)"/>
      </concept>
      <concept>
        <code value="diathesis"/>
        <display value="Hæmoragisk diatese"/>
      </concept>
      <concept>
        <code value="othertreatment"/>
        <display value="Anden behandling (aurikellukning, LMWH i terapeutiske doser)"/>
      </concept>
      <concept>
        <code value="dementia"/>
        <display value="Svær demens"/>
      </concept>
      <concept>
        <code value="reducedfunctionlevel"/>
        <display value="Betydelig reduceret funktionsniveau (mRS ≥4)"/>
      </concept>
      <concept>
        <code value="lifespanbelow3months"/>
        <display value="Forventet livslængde under 3 måneder"/>
      </concept>
      <concept>
        <code value="nopatientconsent"/>
        <display value="Manglende patientsamtykke"/>
      </concept>
    </include>
    <include>
      <system value="https://kip.rkkp.dk/fhir/CodeSystem/GenericValues"/>
      <concept>
        <code value="other"/>
        <display value="Anden årsag"/>
      </concept>
    </include>
  </compose>
</ValueSet>