<?xml version="1.0" encoding="UTF-8"?>

<ValueSet xmlns="http://hl7.org/fhir">
  <id value="TreatmentResponseDAMYDA"/>
  <text>
    <status value="extensions"/><div xmlns="http://www.w3.org/1999/xhtml"><p class="res-header-id"><b>Generated Narrative: ValueSet TreatmentResponseDAMYDA</b></p><a name="TreatmentResponseDAMYDA"> </a><a name="hcTreatmentResponseDAMYDA"> </a><a name="TreatmentResponseDAMYDA-en-US"> </a><p>This value set includes codes based on the following rules:</p><ul><li>Include these codes as defined in <a href="CodeSystem-TreatmentResponseEvaluation.html"><code>https://kip.rkkp.dk/fhir/CodeSystem/TreatmentResponseEvaluation</code></a><table class="none"><tr><td style="white-space:nowrap"><b>Code</b></td><td><b>Display</b></td><td><b>Definition</b></td></tr><tr><td><a href="CodeSystem-TreatmentResponseEvaluation.html#TreatmentResponseEvaluation-stringent_complete_response">stringent_complete_response</a></td><td>Stringent Complete Response</td><td>Stringent Complete Response</td></tr><tr><td><a href="CodeSystem-TreatmentResponseEvaluation.html#TreatmentResponseEvaluation-complete_response">complete_response</a></td><td>Complete Response</td><td>Complete Response</td></tr><tr><td><a href="CodeSystem-TreatmentResponseEvaluation.html#TreatmentResponseEvaluation-presumed_complete_response">presumed_complete_response</a></td><td>Formodet CR</td><td>Presumed Complete Response</td></tr><tr><td><a href="CodeSystem-TreatmentResponseEvaluation.html#TreatmentResponseEvaluation-very_good_partial_response">very_good_partial_response</a></td><td>Very Good Partiel Response</td><td>Very Good Partial Response</td></tr><tr><td><a href="CodeSystem-TreatmentResponseEvaluation.html#TreatmentResponseEvaluation-partial_response">partial_response</a></td><td>Partiel Response</td><td>Partial response (PR)</td></tr><tr><td><a href="CodeSystem-TreatmentResponseEvaluation.html#TreatmentResponseEvaluation-minimal_response">minimal_response</a></td><td>Minimal Response</td><td>Minimal response</td></tr><tr><td><a href="CodeSystem-TreatmentResponseEvaluation.html#TreatmentResponseEvaluation-stable_disease">stable_disease</a></td><td>Stable Disease (No change/plateau)</td><td>Stable disease (SD/NC)</td></tr><tr><td><a href="CodeSystem-TreatmentResponseEvaluation.html#TreatmentResponseEvaluation-progressive_disease">progressive_disease</a></td><td>Progressive Disease</td><td>Progressive disease (PD)</td></tr></table></li><li>Include these codes as defined in <a href="CodeSystem-Complications.html"><code>https://kip.rkkp.dk/fhir/CodeSystem/Complications</code></a><table class="none"><tr><td style="white-space:nowrap"><b>Code</b></td><td><b>Display</b></td><td><b>Definition</b></td></tr><tr><td><a href="CodeSystem-Complications.html#Complications-mors">mors</a></td><td>Mors</td><td>Mors, uventet</td></tr></table></li><li>Include these codes as defined in <a href="http://terminology.hl7.org/3.1.0/CodeSystem-v2-0532.html"><code>http://terminology.hl7.org/CodeSystem/v2-0532</code></a><table class="none"><tr><td style="white-space:nowrap"><b>Code</b></td><td><b>Display</b></td></tr><tr><td><a href="http://terminology.hl7.org/3.1.0/CodeSystem-v2-0532.html#v2-0532-UKN">UKN</a></td><td>Ukendt</td></tr></table></li></ul></div>
  </text>
  <url value="https://kip.rkkp.dk/fhir/ValueSet/TreatmentResponseDAMYDA"/>
  <version value="2.9.1"/>
  <name value="TreatmentResponseDAMYDA"/>
  <title value="Patient respons på behandling (DAMYDA)"/>
  <status value="active"/>
  <experimental value="true"/>
  <date value="2022-07-14T00:00:00+02:00"/>
  <publisher value="Sundhedsvæsnets Kvalistetsinstitut with Trifork Digital Health A/S"/>
  <contact>
    <name value="Sundhedsvæsnets Kvalistetsinstitut with Trifork Digital Health A/S"/>
    <telecom>
      <system value="url"/>
      <value value="https://trifork.com"/>
    </telecom>
    <telecom>
      <system value="email"/>
      <value value="rbk@trifork.com"/>
    </telecom>
  </contact>
  <description value="Hvordan reagerer patienten på behandlingen [DAMYDA]"/>
  <compose>
    <include>
      <system value="https://kip.rkkp.dk/fhir/CodeSystem/TreatmentResponseEvaluation"/>
      <concept>
        <code value="stringent_complete_response"/>
        <display value="Stringent Complete Response"/>
      </concept>
      <concept>
        <code value="complete_response"/>
        <display value="Complete Response"/>
      </concept>
      <concept>
        <code value="presumed_complete_response"/>
        <display value="Formodet CR"/>
      </concept>
      <concept>
        <code value="very_good_partial_response"/>
        <display value="Very Good Partiel Response"/>
      </concept>
      <concept>
        <code value="partial_response"/>
        <display value="Partiel Response"/>
      </concept>
      <concept>
        <code value="minimal_response"/>
        <display value="Minimal Response"/>
      </concept>
      <concept>
        <code value="stable_disease"/>
        <display value="Stable Disease (No change/plateau)"/>
      </concept>
      <concept>
        <code value="progressive_disease"/>
        <display value="Progressive Disease"/>
      </concept>
    </include>
    <include>
      <system value="https://kip.rkkp.dk/fhir/CodeSystem/Complications"/>
      <concept>
        <code value="mors"/>
        <display value="Mors"/>
      </concept>
    </include>
    <include>
      <system value="http://terminology.hl7.org/CodeSystem/v2-0532"/>
      <concept>
        <code value="UKN"/>
        <display value="Ukendt"/>
      </concept>
    </include>
  </compose>
</ValueSet>