<?xml version="1.0" encoding="UTF-8"?>

<CodeSystem xmlns="http://hl7.org/fhir">
  <id value="MaaleEnheder"/>
  <text>
    <status value="generated"/><div xmlns="http://www.w3.org/1999/xhtml"><p class="res-header-id"><b>Generated Narrative: CodeSystem MaaleEnheder</b></p><a name="MaaleEnheder"> </a><a name="hcMaaleEnheder"> </a><a name="MaaleEnheder-en-US"> </a><p>This  code system <code>https://kip.rkkp.dk/fhir/CodeSystem/MaaleEnheder</code> defines the following codes:</p><table class="codes"><tr><td style="white-space:nowrap"><b>Code</b></td><td><b>Display</b></td><td><b>Definition</b></td></tr><tr><td style="white-space:nowrap">procent<a name="MaaleEnheder-procent"> </a></td><td>%</td><td>Procent</td></tr><tr><td style="white-space:nowrap">nm<a name="MaaleEnheder-nm"> </a></td><td>nm</td><td>Nanometer</td></tr><tr><td style="white-space:nowrap">μm<a name="MaaleEnheder-.956m"> </a></td><td>μm</td><td>Micrometer</td></tr><tr><td style="white-space:nowrap">mm<a name="MaaleEnheder-mm"> </a></td><td>mm</td><td>Millimeter</td></tr><tr><td style="white-space:nowrap">cm<a name="MaaleEnheder-cm"> </a></td><td>cm</td><td>Centimeter</td></tr><tr><td style="white-space:nowrap">mg<a name="MaaleEnheder-mg"> </a></td><td>mg</td><td>Milligram</td></tr><tr><td style="white-space:nowrap">g<a name="MaaleEnheder-g"> </a></td><td>g</td><td>Gram</td></tr><tr><td style="white-space:nowrap">kg<a name="MaaleEnheder-kg"> </a></td><td>kg</td><td>Kilogram</td></tr><tr><td style="white-space:nowrap">mol-l<a name="MaaleEnheder-mol-l"> </a></td><td>mol-l</td><td>Molær koncentration per liter</td></tr><tr><td style="white-space:nowrap">mmol-l<a name="MaaleEnheder-mmol-l"> </a></td><td>mmol/L</td><td>Millimol per liter</td></tr><tr><td style="white-space:nowrap">μmol-l<a name="MaaleEnheder-.956mol-l"> </a></td><td>μmol/L</td><td>Mikromol per liter</td></tr><tr><td style="white-space:nowrap">nmol-l<a name="MaaleEnheder-nmol-l"> </a></td><td>nmol/L</td><td>Nanomol per liter</td></tr><tr><td style="white-space:nowrap">u-l<a name="MaaleEnheder-u-l"> </a></td><td>U/L</td><td>Enhed U per liter</td></tr><tr><td style="white-space:nowrap">kiu-l<a name="MaaleEnheder-kiu-l"> </a></td><td>kiU/L</td><td>Kilo antistof enhed per liter</td></tr><tr><td style="white-space:nowrap">mia-L<a name="MaaleEnheder-mia-L"> </a></td><td>mia/L</td><td>Antal milliarder per liter</td></tr><tr><td style="white-space:nowrap">fl<a name="MaaleEnheder-fl"> </a></td><td>fl</td><td>10^-15 L</td></tr><tr><td style="white-space:nowrap">g-l<a name="MaaleEnheder-g-l"> </a></td><td>g/L</td><td>Gram per liter</td></tr><tr><td style="white-space:nowrap">arb-enh<a name="MaaleEnheder-arb-enh"> </a></td><td>arb.enh</td><td>Arbejdsenheder</td></tr><tr><td style="white-space:nowrap">g-24h<a name="MaaleEnheder-g-24h"> </a></td><td>g/24h</td><td>Gram per døgn</td></tr><tr><td style="white-space:nowrap">mg-l<a name="MaaleEnheder-mg-l"> </a></td><td>mg/L</td><td>Milligram per liter</td></tr><tr><td style="white-space:nowrap">microglobulin-l<a name="MaaleEnheder-microglobulin-l"> </a></td><td>microglobulin/L</td><td>Microglobulin per liter</td></tr><tr><td style="white-space:nowrap">volfr<a name="MaaleEnheder-volfr"> </a></td><td>vol.fr</td><td>volumenfraktion</td></tr><tr><td style="white-space:nowrap">μg-l<a name="MaaleEnheder-.956g-l"> </a></td><td>μg/L</td><td>Mikrogram per liter</td></tr><tr><td style="white-space:nowrap">mCi-kg<a name="MaaleEnheder-mCi-kg"> </a></td><td>mCi/kg</td><td>milliCurie/kg</td></tr><tr><td style="white-space:nowrap">gy<a name="MaaleEnheder-gy"> </a></td><td>Gy</td><td>Gray</td></tr><tr><td style="white-space:nowrap">liter<a name="MaaleEnheder-liter"> </a></td><td>l</td><td>Liter</td></tr><tr><td style="white-space:nowrap">deciliter<a name="MaaleEnheder-deciliter"> </a></td><td>dl</td><td>Deciliter</td></tr><tr><td style="white-space:nowrap">centiliter<a name="MaaleEnheder-centiliter"> </a></td><td>cl</td><td>Centiliter</td></tr><tr><td style="white-space:nowrap">milliliter<a name="MaaleEnheder-milliliter"> </a></td><td>ml</td><td>Milliliter</td></tr></table></div>
  </text>
  <url value="https://kip.rkkp.dk/fhir/CodeSystem/MaaleEnheder"/>
  <version value="0.1.6"/>
  <name value="MaaleEnheder"/>
  <title value="Måleenheder"/>
  <status value="active"/>
  <date value="2022-08-01T00:00:00+02:00"/>
  <publisher value="Sundhedsvæsnets Kvalistetsinstitut with Trifork Digital Health A/S"/>
  <contact>
    <name value="Sundhedsvæsnets Kvalistetsinstitut with Trifork Digital Health A/S"/>
    <telecom>
      <system value="url"/>
      <value value="https://trifork.com"/>
    </telecom>
    <telecom>
      <system value="email"/>
      <value value="rbk@trifork.com"/>
    </telecom>
  </contact>
  <description value="Enheder til dokumentation af mængde, vægt, længde mm."/>
  <content value="complete"/>
  <count value="29"/>
  <concept>
    <code value="procent"/>
    <display value="%"/>
    <definition value="Procent"/>
  </concept>
  <concept>
    <code value="nm"/>
    <display value="nm"/>
    <definition value="Nanometer"/>
  </concept>
  <concept>
    <code value="μm"/>
    <display value="μm"/>
    <definition value="Micrometer"/>
  </concept>
  <concept>
    <code value="mm"/>
    <display value="mm"/>
    <definition value="Millimeter"/>
  </concept>
  <concept>
    <code value="cm"/>
    <display value="cm"/>
    <definition value="Centimeter"/>
  </concept>
  <concept>
    <code value="mg"/>
    <display value="mg"/>
    <definition value="Milligram"/>
  </concept>
  <concept>
    <code value="g"/>
    <display value="g"/>
    <definition value="Gram"/>
  </concept>
  <concept>
    <code value="kg"/>
    <display value="kg"/>
    <definition value="Kilogram"/>
  </concept>
  <concept>
    <code value="mol-l"/>
    <display value="mol-l"/>
    <definition value="Molær koncentration per liter"/>
  </concept>
  <concept>
    <code value="mmol-l"/>
    <display value="mmol/L"/>
    <definition value="Millimol per liter"/>
  </concept>
  <concept>
    <code value="μmol-l"/>
    <display value="μmol/L"/>
    <definition value="Mikromol per liter"/>
  </concept>
  <concept>
    <code value="nmol-l"/>
    <display value="nmol/L"/>
    <definition value="Nanomol per liter"/>
  </concept>
  <concept>
    <code value="u-l"/>
    <display value="U/L"/>
    <definition value="Enhed U per liter"/>
  </concept>
  <concept>
    <code value="kiu-l"/>
    <display value="kiU/L"/>
    <definition value="Kilo antistof enhed per liter"/>
  </concept>
  <concept>
    <code value="mia-L"/>
    <display value="mia/L"/>
    <definition value="Antal milliarder per liter"/>
  </concept>
  <concept>
    <code value="fl"/>
    <display value="fl"/>
    <definition value="10^-15 L"/>
  </concept>
  <concept>
    <code value="g-l"/>
    <display value="g/L"/>
    <definition value="Gram per liter"/>
  </concept>
  <concept>
    <code value="arb-enh"/>
    <display value="arb.enh"/>
    <definition value="Arbejdsenheder"/>
  </concept>
  <concept>
    <code value="g-24h"/>
    <display value="g/24h"/>
    <definition value="Gram per døgn"/>
  </concept>
  <concept>
    <code value="mg-l"/>
    <display value="mg/L"/>
    <definition value="Milligram per liter"/>
  </concept>
  <concept>
    <code value="microglobulin-l"/>
    <display value="microglobulin/L"/>
    <definition value="Microglobulin per liter"/>
  </concept>
  <concept>
    <code value="volfr"/>
    <display value="vol.fr"/>
    <definition value="volumenfraktion"/>
  </concept>
  <concept>
    <code value="μg-l"/>
    <display value="μg/L"/>
    <definition value="Mikrogram per liter"/>
  </concept>
  <concept>
    <code value="mCi-kg"/>
    <display value="mCi/kg"/>
    <definition value="milliCurie/kg"/>
  </concept>
  <concept>
    <code value="gy"/>
    <display value="Gy"/>
    <definition value="Gray"/>
  </concept>
  <concept>
    <code value="liter"/>
    <display value="l"/>
    <definition value="Liter"/>
  </concept>
  <concept>
    <code value="deciliter"/>
    <display value="dl"/>
    <definition value="Deciliter"/>
  </concept>
  <concept>
    <code value="centiliter"/>
    <display value="cl"/>
    <definition value="Centiliter"/>
  </concept>
  <concept>
    <code value="milliliter"/>
    <display value="ml"/>
    <definition value="Milliliter"/>
  </concept>
</CodeSystem>