<?xml version="1.0" encoding="UTF-8"?>

<CodeSystem xmlns="http://hl7.org/fhir">
  <id value="PatobankSNOMED"/>
  <text>
    <status value="generated"/><div xmlns="http://www.w3.org/1999/xhtml"><p class="res-header-id"><b>Generated Narrative: CodeSystem PatobankSNOMED</b></p><a name="PatobankSNOMED"> </a><a name="hcPatobankSNOMED"> </a><a name="PatobankSNOMED-en-US"> </a><p>This case-sensitive code system <code>https://kip.rkkp.dk/fhir/CodeSystem/PatobankSNOMED</code> provides <b>a fragment</b> that includes following codes:</p><table class="codes"><tr><td style="white-space:nowrap"><b>Code</b></td><td><b>Display</b></td><td><b>Definition</b></td></tr><tr><td style="white-space:nowrap">M96103<a name="PatobankSNOMED-M96103"> </a></td><td>B-cellelymfom</td><td>B-cellelymfom</td></tr><tr><td style="white-space:nowrap">M96503<a name="PatobankSNOMED-M96503"> </a></td><td>Hodgkin lymfom, klassisk type</td><td>Hodgkin lymfom, klassisk type</td></tr><tr><td style="white-space:nowrap">M96513<a name="PatobankSNOMED-M96513"> </a></td><td>Hodgkin lymfom, klassisk type, lymfocytrig</td><td>Hodgkin lymfom, klassisk type, lymfocytrig</td></tr><tr><td style="white-space:nowrap">M96523<a name="PatobankSNOMED-M96523"> </a></td><td>Hodgkin lymfom, klassisk type, mixed cellularitet</td><td>Hodgkin lymfom, klassisk type, mixed cellularitet</td></tr><tr><td style="white-space:nowrap">M96533<a name="PatobankSNOMED-M96533"> </a></td><td>Hodgkin lymfom, klassisk type, lymfocytdepleteret</td><td>Hodgkin lymfom, klassisk type, lymfocytdepleteret</td></tr><tr><td style="white-space:nowrap">M96593<a name="PatobankSNOMED-M96593"> </a></td><td>Hodgkin lymfom, nodulær, lymfocyt dominans</td><td>Hodgkin lymfom, nodulær, lymfocyt dominans</td></tr><tr><td style="white-space:nowrap">M96633<a name="PatobankSNOMED-M96633"> </a></td><td>Hodgkin lymfom, klassisk type, nodulær sklerose</td><td>Hodgkin lymfom, klassisk type, nodulær sklerose</td></tr><tr><td style="white-space:nowrap">M96703<a name="PatobankSNOMED-M96703"> </a></td><td>Småcellet lymfocytært lymfom</td><td>Småcellet lymfocytært lymfom</td></tr><tr><td style="white-space:nowrap">M96783<a name="PatobankSNOMED-M96783"> </a></td><td>primært effusionslymfom</td><td>primært effusionslymfom</td></tr><tr><td style="white-space:nowrap">M96793<a name="PatobankSNOMED-M96793"> </a></td><td>mediastinalt storcellet B-cellelymfom</td><td>mediastinalt storcellet B-cellelymfom</td></tr><tr><td style="white-space:nowrap">M96873<a name="PatobankSNOMED-M96873"> </a></td><td>Burkitt lymfom</td><td>Burkitt lymfom</td></tr><tr><td style="white-space:nowrap">M968H3<a name="PatobankSNOMED-M968H3"> </a></td><td>high-grade B-lymfom</td><td>high-grade B-lymfom</td></tr><tr><td style="white-space:nowrap">M968I3<a name="PatobankSNOMED-M968I3"> </a></td><td>high-grade B-lymfom med MYC og BCL2 og/eller BCL6 rearr.</td><td>high-grade B-lymfom med MYC og BCL2 og/eller BCL6 rearr.</td></tr><tr><td style="white-space:nowrap">M96903<a name="PatobankSNOMED-M96903"> </a></td><td>follikulært lymfom</td><td>follikulært lymfom</td></tr><tr><td style="white-space:nowrap">M96993<a name="PatobankSNOMED-M96993"> </a></td><td>marginalzone B-cellelymfom</td><td>marginalzone B-cellelymfom</td></tr><tr><td style="white-space:nowrap">M97003<a name="PatobankSNOMED-M97003"> </a></td><td>mycosis fungoides</td><td>mycosis fungoides</td></tr><tr><td style="white-space:nowrap">M97013<a name="PatobankSNOMED-M97013"> </a></td><td>Sezarys syndrom</td><td>Sezarys syndrom</td></tr><tr><td style="white-space:nowrap">M97023<a name="PatobankSNOMED-M97023"> </a></td><td>perifert T-cellelymfom</td><td>perifert T-cellelymfom</td></tr><tr><td style="white-space:nowrap">M97053<a name="PatobankSNOMED-M97053"> </a></td><td>angioimmunoblastisk T-cellelymfom</td><td>angioimmunoblastisk T-cellelymfom</td></tr><tr><td style="white-space:nowrap">M97083<a name="PatobankSNOMED-M97083"> </a></td><td>subkutant panniculit-lignende T-cellelymfom</td><td>subkutant panniculit-lignende T-cellelymfom</td></tr><tr><td style="white-space:nowrap">M97143<a name="PatobankSNOMED-M97143"> </a></td><td>anaplastisk storcellet lymfom</td><td>anaplastisk storcellet lymfom</td></tr><tr><td style="white-space:nowrap">M97163<a name="PatobankSNOMED-M97163"> </a></td><td>hepatosplenisk T-cellelymfom</td><td>hepatosplenisk T-cellelymfom</td></tr><tr><td style="white-space:nowrap">M97173<a name="PatobankSNOMED-M97173"> </a></td><td>enteropati-associeret T-cellelymfom</td><td>enteropati-associeret T-cellelymfom</td></tr><tr><td style="white-space:nowrap">M97183<a name="PatobankSNOMED-M97183"> </a></td><td>primært kutant anaplastisk storcellet lymfom</td><td>primært kutant anaplastisk storcellet lymfom</td></tr><tr><td style="white-space:nowrap">M97193<a name="PatobankSNOMED-M97193"> </a></td><td>ekstranodalt NK/T-cellelymfom, nasal type</td><td>ekstranodalt NK/T-cellelymfom, nasal type</td></tr><tr><td style="white-space:nowrap">M97263<a name="PatobankSNOMED-M97263"> </a></td><td>primært kutant gamma-delta T-cellelymfom</td><td>primært kutant gamma-delta T-cellelymfom</td></tr><tr><td style="white-space:nowrap">M97293<a name="PatobankSNOMED-M97293"> </a></td><td>precursor T-lymfoblastisk lymfom</td><td>precursor T-lymfoblastisk lymfom</td></tr><tr><td style="white-space:nowrap">M97353<a name="PatobankSNOMED-M97353"> </a></td><td>plasmablastisk lymfom</td><td>plasmablastisk lymfom</td></tr><tr><td style="white-space:nowrap">M97373<a name="PatobankSNOMED-M97373"> </a></td><td>storcellet B-cellelymfom, ALK-positivt</td><td>storcellet B-cellelymfom, ALK-positivt</td></tr><tr><td style="white-space:nowrap">M96713<a name="PatobankSNOMED-M96713"> </a></td><td>Lymfoplasmacytært lymfom</td><td>Lymfoplasmacytært lymfom</td></tr><tr><td style="white-space:nowrap">M96733<a name="PatobankSNOMED-M96733"> </a></td><td>Mantlecellelymfom</td><td>Mantlecellelymfom</td></tr><tr><td style="white-space:nowrap">M96803<a name="PatobankSNOMED-M96803"> </a></td><td>Diffust storcellet B-cellelymfom</td><td>Diffust storcellet B-cellelymfom</td></tr><tr><td style="white-space:nowrap">M96893<a name="PatobankSNOMED-M96893"> </a></td><td>Splenisk marginalzone B-cellelymfom</td><td>Splenisk marginalzone B-cellelymfom</td></tr><tr><td style="white-space:nowrap">M97283<a name="PatobankSNOMED-M97283"> </a></td><td>Precursor B-lymfoblastisk lymfom</td><td>Precursor B-lymfoblastisk lymfom</td></tr><tr><td style="white-space:nowrap">M98013<a name="PatobankSNOMED-M98013"> </a></td><td>akut udifferentieret leukæmi</td><td>akut udifferentieret leukæmi</td></tr><tr><td style="white-space:nowrap">M98053<a name="PatobankSNOMED-M98053"> </a></td><td>akut leukæmi af ubestemmelig celletype</td><td>akut leukæmi af ubestemmelig celletype</td></tr><tr><td style="white-space:nowrap">M98063<a name="PatobankSNOMED-M98063"> </a></td><td>bl. fænotype akut leukæmi m. t(9;22); BCR-ABL1</td><td>bl. fænotype akut leukæmi m. t(9;22); BCR-ABL1</td></tr><tr><td style="white-space:nowrap">M98073<a name="PatobankSNOMED-M98073"> </a></td><td>bl. fænotype akut leukæmi m. t(v;11q); KMT2A rearr.</td><td>bl. fænotype akut leukæmi m. t(v;11q); KMT2A rearr.</td></tr><tr><td style="white-space:nowrap">M98143<a name="PatobankSNOMED-M98143"> </a></td><td>B-lymfobl. leukæmi/lymfom m. t(12;21); ETV6-RUNX1</td><td>B-lymfobl. leukæmi/lymfom m. t(12;21); ETV6-RUNX1</td></tr><tr><td style="white-space:nowrap">M98153<a name="PatobankSNOMED-M98153"> </a></td><td>B-lymfobl. leukæmi/lymfom med hyperdiploidi</td><td>B-lymfobl. leukæmi/lymfom med hyperdiploidi</td></tr><tr><td style="white-space:nowrap">M98173<a name="PatobankSNOMED-M98173"> </a></td><td>B-lymfobl. leukæmi/lymfom m. t(5;14); IgH/IL3</td><td>B-lymfobl. leukæmi/lymfom m. t(5;14); IgH/IL3</td></tr><tr><td style="white-space:nowrap">M98183<a name="PatobankSNOMED-M98183"> </a></td><td>B-lymfobl. leukæmi/lymfom m. t(1;19); TCF3-PBX1</td><td>B-lymfobl. leukæmi/lymfom m. t(1;19); TCF3-PBX1</td></tr><tr><td style="white-space:nowrap">M98273<a name="PatobankSNOMED-M98273"> </a></td><td>adult T-cellelymfom/leukæmi</td><td>adult T-cellelymfom/leukæmi</td></tr><tr><td style="white-space:nowrap">M98353<a name="PatobankSNOMED-M98353"> </a></td><td>precursor B-lymfoblastisk leukæmi</td><td>precursor B-lymfoblastisk leukæmi</td></tr><tr><td style="white-space:nowrap">M98373<a name="PatobankSNOMED-M98373"> </a></td><td>precursor T-lymfoblastisk leukæmi</td><td>precursor T-lymfoblastisk leukæmi</td></tr><tr><td style="white-space:nowrap">M98403<a name="PatobankSNOMED-M98403"> </a></td><td>erytroleukæmi (FAB-type M6)</td><td>erytroleukæmi (FAB-type M6)</td></tr><tr><td style="white-space:nowrap">M98613<a name="PatobankSNOMED-M98613"> </a></td><td>akut myeloid leukæmi</td><td>akut myeloid leukæmi</td></tr><tr><td style="white-space:nowrap">M98653<a name="PatobankSNOMED-M98653"> </a></td><td>AML m. t(6;9); DEK-NUP214</td><td>AML m. t(6;9); DEK-NUP214</td></tr><tr><td style="white-space:nowrap">M98663<a name="PatobankSNOMED-M98663"> </a></td><td>akut promyelocyt leukæmi m. t(15;17); PML-RARa</td><td>akut promyelocyt leukæmi m. t(15;17); PML-RARa</td></tr><tr><td style="white-space:nowrap">M98673<a name="PatobankSNOMED-M98673"> </a></td><td>akut myelomonocytær leukæmi</td><td>akut myelomonocytær leukæmi</td></tr><tr><td style="white-space:nowrap">M98693<a name="PatobankSNOMED-M98693"> </a></td><td>AML m inv(3)(q21q26.2)el t(3;3)(q21;q26.2);RPN1-EVI1</td><td>AML m inv(3)(q21q26.2)el t(3;3)(q21;q26.2);RPN1-EVI1</td></tr><tr><td style="white-space:nowrap">M98703<a name="PatobankSNOMED-M98703"> </a></td><td>akut basofil leukæmi</td><td>akut basofil leukæmi</td></tr><tr><td style="white-space:nowrap">M98713<a name="PatobankSNOMED-M98713"> </a></td><td>AML m. inv(16) el. t(16;16); CBFß-MYH11</td><td>AML m. inv(16) el. t(16;16); CBFß-MYH11</td></tr><tr><td style="white-space:nowrap">M98723<a name="PatobankSNOMED-M98723"> </a></td><td>Akut myeloid leukæmi, minimalt differentieret</td><td>Akut myeloid leukæmi, minimalt differentieret</td></tr><tr><td style="white-space:nowrap">M98733<a name="PatobankSNOMED-M98733"> </a></td><td>Akut myeloid leukæmi, uden modning</td><td>Akut myeloid leukæmi, uden modning</td></tr><tr><td style="white-space:nowrap">M98743<a name="PatobankSNOMED-M98743"> </a></td><td>Akut myeloid leukæmi, med modning</td><td>Akut myeloid leukæmi, med modning</td></tr><tr><td style="white-space:nowrap">M98753<a name="PatobankSNOMED-M98753"> </a></td><td>Kronisk myeloid leukæmi, BCR-ABL1 positiv</td><td>Kronisk myeloid leukæmi, BCR-ABL1 positiv</td></tr><tr><td style="white-space:nowrap">M98913<a name="PatobankSNOMED-M98913"> </a></td><td>Akut monoblastisk/monocytær leukæmi</td><td>Akut monoblastisk/monocytær leukæmi</td></tr><tr><td style="white-space:nowrap">M98953<a name="PatobankSNOMED-M98953"> </a></td><td>AML m. myelodysplasi-relaterede forandringer</td><td>AML m. myelodysplasi-relaterede forandringer</td></tr><tr><td style="white-space:nowrap">M98963<a name="PatobankSNOMED-M98963"> </a></td><td>AML m. t(8;21); RUNX1-RUNX1T1</td><td>AML m. t(8;21); RUNX1-RUNX1T1</td></tr><tr><td style="white-space:nowrap">M98973<a name="PatobankSNOMED-M98973"> </a></td><td>AML m. t(9;11); KMT2A-MLLT3</td><td>AML m. t(9;11); KMT2A-MLLT3</td></tr><tr><td style="white-space:nowrap">M99103<a name="PatobankSNOMED-M99103"> </a></td><td>akut megakaryoblastleukæmi</td><td>akut megakaryoblastleukæmi</td></tr><tr><td style="white-space:nowrap">M99113<a name="PatobankSNOMED-M99113"> </a></td><td>AML(megakaryoblastisk)m t(1;22)(p13;q13);RBM15-MLK1</td><td>AML(megakaryoblastisk)m t(1;22)(p13;q13);RBM15-MLK1</td></tr><tr><td style="white-space:nowrap">M99203<a name="PatobankSNOMED-M99203"> </a></td><td>terapirelateret myeloid neoplasi</td><td>terapirelateret myeloid neoplasi</td></tr><tr><td style="white-space:nowrap">M99303<a name="PatobankSNOMED-M99303"> </a></td><td>myeloidt sarkom</td><td>myeloidt sarkom</td></tr><tr><td style="white-space:nowrap">M99313<a name="PatobankSNOMED-M99313"> </a></td><td>panmyeloid proliferation med myelofibrose</td><td>panmyeloid proliferation med myelofibrose</td></tr><tr><td style="white-space:nowrap">M99453<a name="PatobankSNOMED-M99453"> </a></td><td>kronisk myelomonocytær leukæmi</td><td>kronisk myelomonocytær leukæmi</td></tr><tr><td style="white-space:nowrap">M99503<a name="PatobankSNOMED-M99503"> </a></td><td>polycytæmia vera</td><td>polycytæmia vera</td></tr><tr><td style="white-space:nowrap">M99613<a name="PatobankSNOMED-M99613"> </a></td><td>myelofibrose</td><td>myelofibrose</td></tr><tr><td style="white-space:nowrap">M99623<a name="PatobankSNOMED-M99623"> </a></td><td>essentiel trombocytæmi</td><td>essentiel trombocytæmi</td></tr><tr><td style="white-space:nowrap">M99711<a name="PatobankSNOMED-M99711"> </a></td><td>post-transplantation lymfoproliferativ sygdom</td><td>post-transplantation lymfoproliferativ sygdom</td></tr><tr><td style="white-space:nowrap">M99753<a name="PatobankSNOMED-M99753"> </a></td><td>uklassificerbar myelodysplastisk/myeloproliferativ sygdom</td><td>uklassificerbar myelodysplastisk/myeloproliferativ sygdom</td></tr><tr><td style="white-space:nowrap">M99803<a name="PatobankSNOMED-M99803"> </a></td><td>MDS med unilinie dysplasi</td><td>MDS med unilinie dysplasi</td></tr><tr><td style="white-space:nowrap">M99823<a name="PatobankSNOMED-M99823"> </a></td><td>MDS med ringsideroblaster og unilinie dysplasi</td><td>MDS med ringsideroblaster og unilinie dysplasi</td></tr><tr><td style="white-space:nowrap">M99833<a name="PatobankSNOMED-M99833"> </a></td><td>MDS med overskud af blaster</td><td>MDS med overskud af blaster</td></tr><tr><td style="white-space:nowrap">M99853<a name="PatobankSNOMED-M99853"> </a></td><td>MDS med multilineær dysplasi</td><td>MDS med multilineær dysplasi</td></tr><tr><td style="white-space:nowrap">M99863<a name="PatobankSNOMED-M99863"> </a></td><td>MDS med isoleret del(5q) kromosomafvigelse</td><td>MDS med isoleret del(5q) kromosomafvigelse</td></tr><tr><td style="white-space:nowrap">M99893<a name="PatobankSNOMED-M99893"> </a></td><td>myelodysplastisk syndrom</td><td>myelodysplastisk syndrom</td></tr><tr><td style="white-space:nowrap">AEF1810<a name="PatobankSNOMED-AEF1810"> </a></td><td>pTis</td><td>ÆF1810 - pTis</td></tr><tr><td style="white-space:nowrap">AEF1820<a name="PatobankSNOMED-AEF1820"> </a></td><td>pT0</td><td>ÆF1820 - pT0</td></tr><tr><td style="white-space:nowrap">AEF1830<a name="PatobankSNOMED-AEF1830"> </a></td><td>pT1</td><td>ÆF1830 - pT1</td></tr><tr><td style="white-space:nowrap">AEF1831<a name="PatobankSNOMED-AEF1831"> </a></td><td>pT1a</td><td>ÆF1831 - pT1a</td></tr><tr><td style="white-space:nowrap">AEF1832<a name="PatobankSNOMED-AEF1832"> </a></td><td>pT1b</td><td>ÆF1832 - pT1b</td></tr><tr><td style="white-space:nowrap">AEF1840<a name="PatobankSNOMED-AEF1840"> </a></td><td>pT2</td><td>ÆF1840 - pT2</td></tr><tr><td style="white-space:nowrap">AEF1850<a name="PatobankSNOMED-AEF1850"> </a></td><td>pT3</td><td>ÆF1850 - pT3</td></tr><tr><td style="white-space:nowrap">AEF1860<a name="PatobankSNOMED-AEF1860"> </a></td><td>pT4</td><td>ÆF1860 - pT4</td></tr><tr><td style="white-space:nowrap">AEF1861<a name="PatobankSNOMED-AEF1861"> </a></td><td>pT4a</td><td>ÆF1861 - pT4a</td></tr><tr><td style="white-space:nowrap">AEF1862<a name="PatobankSNOMED-AEF1862"> </a></td><td>pT4b</td><td>ÆF1862 - pT4b</td></tr><tr><td style="white-space:nowrap">AEF1870<a name="PatobankSNOMED-AEF1870"> </a></td><td>pTx</td><td>ÆF1870 - pTx</td></tr><tr><td style="white-space:nowrap">AEF1900<a name="PatobankSNOMED-AEF1900"> </a></td><td>pN0</td><td>ÆF1900 - pN0</td></tr><tr><td style="white-space:nowrap">AEF1910<a name="PatobankSNOMED-AEF1910"> </a></td><td>pN1</td><td>ÆF1910 - pN1</td></tr><tr><td style="white-space:nowrap">AEF1920<a name="PatobankSNOMED-AEF1920"> </a></td><td>pN2</td><td>ÆF1920 - pN2</td></tr><tr><td style="white-space:nowrap">AEF1930<a name="PatobankSNOMED-AEF1930"> </a></td><td>pN3</td><td>ÆF1930 - pN3</td></tr><tr><td style="white-space:nowrap">AEF1931<a name="PatobankSNOMED-AEF1931"> </a></td><td>pN3a</td><td>ÆF1931 - pN3a</td></tr><tr><td style="white-space:nowrap">AEF1932<a name="PatobankSNOMED-AEF1932"> </a></td><td>pN3b</td><td>ÆF1932 - pN3b</td></tr><tr><td style="white-space:nowrap">AEF1950<a name="PatobankSNOMED-AEF1950"> </a></td><td>pNx</td><td>ÆF1950 - pNx</td></tr><tr><td style="white-space:nowrap">AEF2000<a name="PatobankSNOMED-AEF2000"> </a></td><td>pM0</td><td>ÆF2000 - pM0</td></tr><tr><td style="white-space:nowrap">AEF2010<a name="PatobankSNOMED-AEF2010"> </a></td><td>pM1</td><td>ÆF2010 - pM1</td></tr></table></div>
  </text>
  <url value="https://kip.rkkp.dk/fhir/CodeSystem/PatobankSNOMED"/>
  <version value="0.1.6"/>
  <name value="PatobankSNOMED"/>
  <title value="Den Danske SNOMED for Patologi"/>
  <status value="active"/>
  <date value="2022-06-07T00:00:00+02:00"/>
  <publisher value="Sundhedsvæsnets Kvalistetsinstitut with Trifork Digital Health A/S"/>
  <contact>
    <name value="Sundhedsvæsnets Kvalistetsinstitut with Trifork Digital Health A/S"/>
    <telecom>
      <system value="url"/>
      <value value="https://trifork.com"/>
    </telecom>
    <telecom>
      <system value="email"/>
      <value value="rbk@trifork.com"/>
    </telecom>
  </contact>
  <description value="Den Danske SNOMED for Patologi - Udvalgte koder i RKKP. Link: https://www.patobank.dk/snomed/"/>
  <caseSensitive value="true"/>
  <content value="fragment"/>
  <concept>
    <code value="M96103"/>
    <display value="B-cellelymfom"/>
    <definition value="B-cellelymfom"/>
  </concept>
  <concept>
    <code value="M96503"/>
    <display value="Hodgkin lymfom, klassisk type"/>
    <definition value="Hodgkin lymfom, klassisk type"/>
  </concept>
  <concept>
    <code value="M96513"/>
    <display value="Hodgkin lymfom, klassisk type, lymfocytrig"/>
    <definition value="Hodgkin lymfom, klassisk type, lymfocytrig"/>
  </concept>
  <concept>
    <code value="M96523"/>
    <display value="Hodgkin lymfom, klassisk type, mixed cellularitet"/>
    <definition value="Hodgkin lymfom, klassisk type, mixed cellularitet"/>
  </concept>
  <concept>
    <code value="M96533"/>
    <display value="Hodgkin lymfom, klassisk type, lymfocytdepleteret"/>
    <definition value="Hodgkin lymfom, klassisk type, lymfocytdepleteret"/>
  </concept>
  <concept>
    <code value="M96593"/>
    <display value="Hodgkin lymfom, nodulær, lymfocyt dominans"/>
    <definition value="Hodgkin lymfom, nodulær, lymfocyt dominans"/>
  </concept>
  <concept>
    <code value="M96633"/>
    <display value="Hodgkin lymfom, klassisk type, nodulær sklerose"/>
    <definition value="Hodgkin lymfom, klassisk type, nodulær sklerose"/>
  </concept>
  <concept>
    <code value="M96703"/>
    <display value="Småcellet lymfocytært lymfom"/>
    <definition value="Småcellet lymfocytært lymfom"/>
  </concept>
  <concept>
    <code value="M96783"/>
    <display value="primært effusionslymfom"/>
    <definition value="primært effusionslymfom"/>
  </concept>
  <concept>
    <code value="M96793"/>
    <display value="mediastinalt storcellet B-cellelymfom"/>
    <definition value="mediastinalt storcellet B-cellelymfom"/>
  </concept>
  <concept>
    <code value="M96873"/>
    <display value="Burkitt lymfom"/>
    <definition value="Burkitt lymfom"/>
  </concept>
  <concept>
    <code value="M968H3"/>
    <display value="high-grade B-lymfom"/>
    <definition value="high-grade B-lymfom"/>
  </concept>
  <concept>
    <code value="M968I3"/>
    <display value="high-grade B-lymfom med MYC og BCL2 og/eller BCL6 rearr."/>
    <definition value="high-grade B-lymfom med MYC og BCL2 og/eller BCL6 rearr."/>
  </concept>
  <concept>
    <code value="M96903"/>
    <display value="follikulært lymfom"/>
    <definition value="follikulært lymfom"/>
  </concept>
  <concept>
    <code value="M96993"/>
    <display value="marginalzone B-cellelymfom"/>
    <definition value="marginalzone B-cellelymfom"/>
  </concept>
  <concept>
    <code value="M97003"/>
    <display value="mycosis fungoides"/>
    <definition value="mycosis fungoides"/>
  </concept>
  <concept>
    <code value="M97013"/>
    <display value="Sezarys syndrom"/>
    <definition value="Sezarys syndrom"/>
  </concept>
  <concept>
    <code value="M97023"/>
    <display value="perifert T-cellelymfom"/>
    <definition value="perifert T-cellelymfom"/>
  </concept>
  <concept>
    <code value="M97053"/>
    <display value="angioimmunoblastisk T-cellelymfom"/>
    <definition value="angioimmunoblastisk T-cellelymfom"/>
  </concept>
  <concept>
    <code value="M97083"/>
    <display value="subkutant panniculit-lignende T-cellelymfom"/>
    <definition value="subkutant panniculit-lignende T-cellelymfom"/>
  </concept>
  <concept>
    <code value="M97143"/>
    <display value="anaplastisk storcellet lymfom"/>
    <definition value="anaplastisk storcellet lymfom"/>
  </concept>
  <concept>
    <code value="M97163"/>
    <display value="hepatosplenisk T-cellelymfom"/>
    <definition value="hepatosplenisk T-cellelymfom"/>
  </concept>
  <concept>
    <code value="M97173"/>
    <display value="enteropati-associeret T-cellelymfom"/>
    <definition value="enteropati-associeret T-cellelymfom"/>
  </concept>
  <concept>
    <code value="M97183"/>
    <display value="primært kutant anaplastisk storcellet lymfom"/>
    <definition value="primært kutant anaplastisk storcellet lymfom"/>
  </concept>
  <concept>
    <code value="M97193"/>
    <display value="ekstranodalt NK/T-cellelymfom, nasal type"/>
    <definition value="ekstranodalt NK/T-cellelymfom, nasal type"/>
  </concept>
  <concept>
    <code value="M97263"/>
    <display value="primært kutant gamma-delta T-cellelymfom"/>
    <definition value="primært kutant gamma-delta T-cellelymfom"/>
  </concept>
  <concept>
    <code value="M97293"/>
    <display value="precursor T-lymfoblastisk lymfom"/>
    <definition value="precursor T-lymfoblastisk lymfom"/>
  </concept>
  <concept>
    <code value="M97353"/>
    <display value="plasmablastisk lymfom"/>
    <definition value="plasmablastisk lymfom"/>
  </concept>
  <concept>
    <code value="M97373"/>
    <display value="storcellet B-cellelymfom, ALK-positivt"/>
    <definition value="storcellet B-cellelymfom, ALK-positivt"/>
  </concept>
  <concept>
    <code value="M96713"/>
    <display value="Lymfoplasmacytært lymfom"/>
    <definition value="Lymfoplasmacytært lymfom"/>
  </concept>
  <concept>
    <code value="M96733"/>
    <display value="Mantlecellelymfom"/>
    <definition value="Mantlecellelymfom"/>
  </concept>
  <concept>
    <code value="M96803"/>
    <display value="Diffust storcellet B-cellelymfom"/>
    <definition value="Diffust storcellet B-cellelymfom"/>
  </concept>
  <concept>
    <code value="M96893"/>
    <display value="Splenisk marginalzone B-cellelymfom"/>
    <definition value="Splenisk marginalzone B-cellelymfom"/>
  </concept>
  <concept>
    <code value="M97283"/>
    <display value="Precursor B-lymfoblastisk lymfom"/>
    <definition value="Precursor B-lymfoblastisk lymfom"/>
  </concept>
  <concept>
    <code value="M98013"/>
    <display value="akut udifferentieret leukæmi"/>
    <definition value="akut udifferentieret leukæmi"/>
  </concept>
  <concept>
    <code value="M98053"/>
    <display value="akut leukæmi af ubestemmelig celletype"/>
    <definition value="akut leukæmi af ubestemmelig celletype"/>
  </concept>
  <concept>
    <code value="M98063"/>
    <display value="bl. fænotype akut leukæmi m. t(9;22); BCR-ABL1"/>
    <definition value="bl. fænotype akut leukæmi m. t(9;22); BCR-ABL1"/>
  </concept>
  <concept>
    <code value="M98073"/>
    <display value="bl. fænotype akut leukæmi m. t(v;11q); KMT2A rearr."/>
    <definition value="bl. fænotype akut leukæmi m. t(v;11q); KMT2A rearr."/>
  </concept>
  <concept>
    <code value="M98143"/>
    <display value="B-lymfobl. leukæmi/lymfom m. t(12;21); ETV6-RUNX1"/>
    <definition value="B-lymfobl. leukæmi/lymfom m. t(12;21); ETV6-RUNX1"/>
  </concept>
  <concept>
    <code value="M98153"/>
    <display value="B-lymfobl. leukæmi/lymfom med hyperdiploidi"/>
    <definition value="B-lymfobl. leukæmi/lymfom med hyperdiploidi"/>
  </concept>
  <concept>
    <code value="M98173"/>
    <display value="B-lymfobl. leukæmi/lymfom m. t(5;14); IgH/IL3"/>
    <definition value="B-lymfobl. leukæmi/lymfom m. t(5;14); IgH/IL3"/>
  </concept>
  <concept>
    <code value="M98183"/>
    <display value="B-lymfobl. leukæmi/lymfom m. t(1;19); TCF3-PBX1"/>
    <definition value="B-lymfobl. leukæmi/lymfom m. t(1;19); TCF3-PBX1"/>
  </concept>
  <concept>
    <code value="M98273"/>
    <display value="adult T-cellelymfom/leukæmi"/>
    <definition value="adult T-cellelymfom/leukæmi"/>
  </concept>
  <concept>
    <code value="M98353"/>
    <display value="precursor B-lymfoblastisk leukæmi"/>
    <definition value="precursor B-lymfoblastisk leukæmi"/>
  </concept>
  <concept>
    <code value="M98373"/>
    <display value="precursor T-lymfoblastisk leukæmi"/>
    <definition value="precursor T-lymfoblastisk leukæmi"/>
  </concept>
  <concept>
    <code value="M98403"/>
    <display value="erytroleukæmi (FAB-type M6)"/>
    <definition value="erytroleukæmi (FAB-type M6)"/>
  </concept>
  <concept>
    <code value="M98613"/>
    <display value="akut myeloid leukæmi"/>
    <definition value="akut myeloid leukæmi"/>
  </concept>
  <concept>
    <code value="M98653"/>
    <display value="AML m. t(6;9); DEK-NUP214"/>
    <definition value="AML m. t(6;9); DEK-NUP214"/>
  </concept>
  <concept>
    <code value="M98663"/>
    <display value="akut promyelocyt leukæmi m. t(15;17); PML-RARa"/>
    <definition value="akut promyelocyt leukæmi m. t(15;17); PML-RARa"/>
  </concept>
  <concept>
    <code value="M98673"/>
    <display value="akut myelomonocytær leukæmi"/>
    <definition value="akut myelomonocytær leukæmi"/>
  </concept>
  <concept>
    <code value="M98693"/>
    <display value="AML m inv(3)(q21q26.2)el t(3;3)(q21;q26.2);RPN1-EVI1"/>
    <definition value="AML m inv(3)(q21q26.2)el t(3;3)(q21;q26.2);RPN1-EVI1"/>
  </concept>
  <concept>
    <code value="M98703"/>
    <display value="akut basofil leukæmi"/>
    <definition value="akut basofil leukæmi"/>
  </concept>
  <concept>
    <code value="M98713"/>
    <display value="AML m. inv(16) el. t(16;16); CBFß-MYH11"/>
    <definition value="AML m. inv(16) el. t(16;16); CBFß-MYH11"/>
  </concept>
  <concept>
    <code value="M98723"/>
    <display value="Akut myeloid leukæmi, minimalt differentieret"/>
    <definition value="Akut myeloid leukæmi, minimalt differentieret"/>
  </concept>
  <concept>
    <code value="M98733"/>
    <display value="Akut myeloid leukæmi, uden modning"/>
    <definition value="Akut myeloid leukæmi, uden modning"/>
  </concept>
  <concept>
    <code value="M98743"/>
    <display value="Akut myeloid leukæmi, med modning"/>
    <definition value="Akut myeloid leukæmi, med modning"/>
  </concept>
  <concept>
    <code value="M98753"/>
    <display value="Kronisk myeloid leukæmi, BCR-ABL1 positiv"/>
    <definition value="Kronisk myeloid leukæmi, BCR-ABL1 positiv"/>
  </concept>
  <concept>
    <code value="M98913"/>
    <display value="Akut monoblastisk/monocytær leukæmi"/>
    <definition value="Akut monoblastisk/monocytær leukæmi"/>
  </concept>
  <concept>
    <code value="M98953"/>
    <display value="AML m. myelodysplasi-relaterede forandringer"/>
    <definition value="AML m. myelodysplasi-relaterede forandringer"/>
  </concept>
  <concept>
    <code value="M98963"/>
    <display value="AML m. t(8;21); RUNX1-RUNX1T1"/>
    <definition value="AML m. t(8;21); RUNX1-RUNX1T1"/>
  </concept>
  <concept>
    <code value="M98973"/>
    <display value="AML m. t(9;11); KMT2A-MLLT3"/>
    <definition value="AML m. t(9;11); KMT2A-MLLT3"/>
  </concept>
  <concept>
    <code value="M99103"/>
    <display value="akut megakaryoblastleukæmi"/>
    <definition value="akut megakaryoblastleukæmi"/>
  </concept>
  <concept>
    <code value="M99113"/>
    <display value="AML(megakaryoblastisk)m t(1;22)(p13;q13);RBM15-MLK1"/>
    <definition value="AML(megakaryoblastisk)m t(1;22)(p13;q13);RBM15-MLK1"/>
  </concept>
  <concept>
    <code value="M99203"/>
    <display value="terapirelateret myeloid neoplasi"/>
    <definition value="terapirelateret myeloid neoplasi"/>
  </concept>
  <concept>
    <code value="M99303"/>
    <display value="myeloidt sarkom"/>
    <definition value="myeloidt sarkom"/>
  </concept>
  <concept>
    <code value="M99313"/>
    <display value="panmyeloid proliferation med myelofibrose"/>
    <definition value="panmyeloid proliferation med myelofibrose"/>
  </concept>
  <concept>
    <code value="M99453"/>
    <display value="kronisk myelomonocytær leukæmi"/>
    <definition value="kronisk myelomonocytær leukæmi"/>
  </concept>
  <concept>
    <code value="M99503"/>
    <display value="polycytæmia vera"/>
    <definition value="polycytæmia vera"/>
  </concept>
  <concept>
    <code value="M99613"/>
    <display value="myelofibrose"/>
    <definition value="myelofibrose"/>
  </concept>
  <concept>
    <code value="M99623"/>
    <display value="essentiel trombocytæmi"/>
    <definition value="essentiel trombocytæmi"/>
  </concept>
  <concept>
    <code value="M99711"/>
    <display value="post-transplantation lymfoproliferativ sygdom"/>
    <definition value="post-transplantation lymfoproliferativ sygdom"/>
  </concept>
  <concept>
    <code value="M99753"/>
    <display value="uklassificerbar myelodysplastisk/myeloproliferativ sygdom"/>
    <definition value="uklassificerbar myelodysplastisk/myeloproliferativ sygdom"/>
  </concept>
  <concept>
    <code value="M99803"/>
    <display value="MDS med unilinie dysplasi"/>
    <definition value="MDS med unilinie dysplasi"/>
  </concept>
  <concept>
    <code value="M99823"/>
    <display value="MDS med ringsideroblaster og unilinie dysplasi"/>
    <definition value="MDS med ringsideroblaster og unilinie dysplasi"/>
  </concept>
  <concept>
    <code value="M99833"/>
    <display value="MDS med overskud af blaster"/>
    <definition value="MDS med overskud af blaster"/>
  </concept>
  <concept>
    <code value="M99853"/>
    <display value="MDS med multilineær dysplasi"/>
    <definition value="MDS med multilineær dysplasi"/>
  </concept>
  <concept>
    <code value="M99863"/>
    <display value="MDS med isoleret del(5q) kromosomafvigelse"/>
    <definition value="MDS med isoleret del(5q) kromosomafvigelse"/>
  </concept>
  <concept>
    <code value="M99893"/>
    <display value="myelodysplastisk syndrom"/>
    <definition value="myelodysplastisk syndrom"/>
  </concept>
  <concept>
    <code value="AEF1810"/>
    <display value="pTis"/>
    <definition value="ÆF1810 - pTis"/>
  </concept>
  <concept>
    <code value="AEF1820"/>
    <display value="pT0"/>
    <definition value="ÆF1820 - pT0"/>
  </concept>
  <concept>
    <code value="AEF1830"/>
    <display value="pT1"/>
    <definition value="ÆF1830 - pT1"/>
  </concept>
  <concept>
    <code value="AEF1831"/>
    <display value="pT1a"/>
    <definition value="ÆF1831 - pT1a"/>
  </concept>
  <concept>
    <code value="AEF1832"/>
    <display value="pT1b"/>
    <definition value="ÆF1832 - pT1b"/>
  </concept>
  <concept>
    <code value="AEF1840"/>
    <display value="pT2"/>
    <definition value="ÆF1840 - pT2"/>
  </concept>
  <concept>
    <code value="AEF1850"/>
    <display value="pT3"/>
    <definition value="ÆF1850 - pT3"/>
  </concept>
  <concept>
    <code value="AEF1860"/>
    <display value="pT4"/>
    <definition value="ÆF1860 - pT4"/>
  </concept>
  <concept>
    <code value="AEF1861"/>
    <display value="pT4a"/>
    <definition value="ÆF1861 - pT4a"/>
  </concept>
  <concept>
    <code value="AEF1862"/>
    <display value="pT4b"/>
    <definition value="ÆF1862 - pT4b"/>
  </concept>
  <concept>
    <code value="AEF1870"/>
    <display value="pTx"/>
    <definition value="ÆF1870 - pTx"/>
  </concept>
  <concept>
    <code value="AEF1900"/>
    <display value="pN0"/>
    <definition value="ÆF1900 - pN0"/>
  </concept>
  <concept>
    <code value="AEF1910"/>
    <display value="pN1"/>
    <definition value="ÆF1910 - pN1"/>
  </concept>
  <concept>
    <code value="AEF1920"/>
    <display value="pN2"/>
    <definition value="ÆF1920 - pN2"/>
  </concept>
  <concept>
    <code value="AEF1930"/>
    <display value="pN3"/>
    <definition value="ÆF1930 - pN3"/>
  </concept>
  <concept>
    <code value="AEF1931"/>
    <display value="pN3a"/>
    <definition value="ÆF1931 - pN3a"/>
  </concept>
  <concept>
    <code value="AEF1932"/>
    <display value="pN3b"/>
    <definition value="ÆF1932 - pN3b"/>
  </concept>
  <concept>
    <code value="AEF1950"/>
    <display value="pNx"/>
    <definition value="ÆF1950 - pNx"/>
  </concept>
  <concept>
    <code value="AEF2000"/>
    <display value="pM0"/>
    <definition value="ÆF2000 - pM0"/>
  </concept>
  <concept>
    <code value="AEF2010"/>
    <display value="pM1"/>
    <definition value="ÆF2010 - pM1"/>
  </concept>
</CodeSystem>