<?xml version="1.0" encoding="UTF-8"?>

<CodeSystem xmlns="http://hl7.org/fhir">
  <id value="WOOS"/>
  <text>
    <status value="generated"/><div xmlns="http://www.w3.org/1999/xhtml"><p class="res-header-id"><b>Generated Narrative: CodeSystem WOOS</b></p><a name="WOOS"> </a><a name="hcWOOS"> </a><a name="WOOS-en-US"> </a><p>This case-insensitive code system <code>https://kip.rkkp.dk/fhir/CodeSystem/WOOS</code> defines the following codes:</p><table class="codes"><tr><td style="white-space:nowrap"><b>Code</b></td><td><b>Display</b></td><td><b>Definition</b></td></tr><tr><td style="white-space:nowrap">unable_to_life_arm<a name="WOOS-unable_to_life_arm"> </a></td><td>Kan slet ikke løfte armen</td><td>Kan slet ikke løfte armen</td></tr><tr><td style="white-space:nowrap">left_handed<a name="WOOS-left_handed"> </a></td><td>Venstrehåndet</td><td>Venstrehåndet</td></tr><tr><td style="white-space:nowrap">right_handed<a name="WOOS-right_handed"> </a></td><td>Højrehåndet</td><td>Højrehåndet</td></tr><tr><td style="white-space:nowrap">both_hands<a name="WOOS-both_hands"> </a></td><td>Bruger begge hænder lige godt</td><td>Bruger begge hænder lige godt</td></tr><tr><td style="white-space:nowrap">no_physiotherapy<a name="WOOS-no_physiotherapy"> </a></td><td>Ingen fysioterapi</td><td>Ingen fysioterapi</td></tr><tr><td style="white-space:nowrap">home_training<a name="WOOS-home_training"> </a></td><td>Hjemmetræning efter instruks</td><td>Hjemmetræning efter instruks</td></tr><tr><td style="white-space:nowrap">supervised_municipality<a name="WOOS-supervised_municipality"> </a></td><td>Superviseret fysioterapi via kommunen  (træning eller noget af denne foregår hos fysioterapeut i kommunen hvor du bor)</td><td>Superviseret fysioterapi via kommunen  (træning eller noget af denne foregår hos fysioterapeut i kommunen hvor du bor)</td></tr><tr><td style="white-space:nowrap">supervised_hospital<a name="WOOS-supervised_hospital"> </a></td><td>Superviseret fysioterapi på sygehus/hospital  (træningen eller noget af denne foregår hos fysioterapi på sygehus)</td><td>Superviseret fysioterapi på sygehus/hospital  (træningen eller noget af denne foregår hos fysioterapi på sygehus)</td></tr></table></div>
  </text>
  <url value="https://kip.rkkp.dk/fhir/CodeSystem/WOOS"/>
  <version value="0.1.6"/>
  <name value="WOOS"/>
  <title value="WOOS"/>
  <status value="active"/>
  <date value="2022-10-07T00:00:00+02:00"/>
  <publisher value="Sundhedsvæsnets Kvalistetsinstitut with Trifork Digital Health A/S"/>
  <contact>
    <name value="Sundhedsvæsnets Kvalistetsinstitut with Trifork Digital Health A/S"/>
    <telecom>
      <system value="url"/>
      <value value="https://trifork.com"/>
    </telecom>
    <telecom>
      <system value="email"/>
      <value value="rbk@trifork.com"/>
    </telecom>
  </contact>
  <description value="WOOS"/>
  <caseSensitive value="false"/>
  <content value="complete"/>
  <count value="8"/>
  <concept>
    <code value="unable_to_life_arm"/>
    <display value="Kan slet ikke løfte armen"/>
    <definition value="Kan slet ikke løfte armen"/>
  </concept>
  <concept>
    <code value="left_handed"/>
    <display value="Venstrehåndet"/>
    <definition value="Venstrehåndet"/>
  </concept>
  <concept>
    <code value="right_handed"/>
    <display value="Højrehåndet"/>
    <definition value="Højrehåndet"/>
  </concept>
  <concept>
    <code value="both_hands"/>
    <display value="Bruger begge hænder lige godt"/>
    <definition value="Bruger begge hænder lige godt"/>
  </concept>
  <concept>
    <code value="no_physiotherapy"/>
    <display value="Ingen fysioterapi"/>
    <definition value="Ingen fysioterapi"/>
  </concept>
  <concept>
    <code value="home_training"/>
    <display value="Hjemmetræning efter instruks"/>
    <definition value="Hjemmetræning efter instruks"/>
  </concept>
  <concept>
    <code value="supervised_municipality"/>
    <display value="Superviseret fysioterapi via kommunen  (træning eller noget af denne foregår hos fysioterapeut i kommunen hvor du bor)"/>
    <definition value="Superviseret fysioterapi via kommunen  (træning eller noget af denne foregår hos fysioterapeut i kommunen hvor du bor)"/>
  </concept>
  <concept>
    <code value="supervised_hospital"/>
    <display value="Superviseret fysioterapi på sygehus/hospital  (træningen eller noget af denne foregår hos fysioterapi på sygehus)"/>
    <definition value="Superviseret fysioterapi på sygehus/hospital  (træningen eller noget af denne foregår hos fysioterapi på sygehus)"/>
  </concept>
</CodeSystem>