<?xml version="1.0" encoding="UTF-8"?>

<CodeSystem xmlns="http://hl7.org/fhir">
  <id value="Observationssted"/>
  <text>
    <status value="generated"/><div xmlns="http://www.w3.org/1999/xhtml"><p class="res-header-id"><b>Generated Narrative: CodeSystem Observationssted</b></p><a name="Observationssted"> </a><a name="hcObservationssted"> </a><a name="Observationssted-en-US"> </a><p>This  code system <code>https://kip.rkkp.dk/fhir/CodeSystem/Observationssted</code> defines the following codes:</p><table class="codes"><tr><td style="white-space:nowrap"><b>Code</b></td><td><b>Display</b></td><td><b>Definition</b></td></tr><tr><td style="white-space:nowrap">ambulat<a name="Observationssted-ambulat"> </a></td><td>Ambulatorium</td><td>Ambulatorium</td></tr><tr><td style="white-space:nowrap">akutmodt<a name="Observationssted-akutmodt"> </a></td><td>Akutmodtagelse</td><td>Akutmodtagelse</td></tr><tr><td style="white-space:nowrap">andet_obs<a name="Observationssted-andet_obs"> </a></td><td>Andet observationsafsnit</td><td>Andet observationsafsnit</td></tr><tr><td style="white-space:nowrap">central_obs<a name="Observationssted-central_obs"> </a></td><td>Centralt observationsafsnit</td><td>Centralt observationsafsnit</td></tr><tr><td style="white-space:nowrap">intensiv<a name="Observationssted-intensiv"> </a></td><td>Intensiv</td><td>Intensiv afdeling</td></tr><tr><td style="white-space:nowrap">kardio_lab<a name="Observationssted-kardio_lab"> </a></td><td>Kardiologisk laboratorium</td><td>Kardiologisk laboratorium</td></tr><tr><td style="white-space:nowrap">neonatal<a name="Observationssted-neonatal"> </a></td><td>Neonatalafdeling</td><td>Neonatalafdeling</td></tr><tr><td style="white-space:nowrap">opergang<a name="Observationssted-opergang"> </a></td><td>Operationsgangen</td><td>Operationsgangen</td></tr><tr><td style="white-space:nowrap">opvaagn<a name="Observationssted-opvaagn"> </a></td><td>Opvågningsafdeling</td><td>Opvågningsafdeling</td></tr><tr><td style="white-space:nowrap">sengeafd<a name="Observationssted-sengeafd"> </a></td><td>Sengeafdeling</td><td>Sengeafdeling</td></tr><tr><td style="white-space:nowrap">skadestue<a name="Observationssted-skadestue"> </a></td><td>Skadestue / modtagelse</td><td>Skadestue / modtagelse</td></tr><tr><td style="white-space:nowrap">egenafd<a name="Observationssted-egenafd"> </a></td><td>Egen afdeling</td><td>Egen afdeling</td></tr><tr><td style="white-space:nowrap">andet<a name="Observationssted-andet"> </a></td><td>Andet</td><td>Andet</td></tr></table></div>
  </text>
  <url value="https://kip.rkkp.dk/fhir/CodeSystem/Observationssted"/>
  <version value="0.1.6"/>
  <name value="Observationssted"/>
  <title value="Observationssted"/>
  <status value="active"/>
  <date value="2022-06-13T00:00:00+02:00"/>
  <publisher value="Sundhedsvæsnets Kvalistetsinstitut with Trifork Digital Health A/S"/>
  <contact>
    <name value="Sundhedsvæsnets Kvalistetsinstitut with Trifork Digital Health A/S"/>
    <telecom>
      <system value="url"/>
      <value value="https://trifork.com"/>
    </telecom>
    <telecom>
      <system value="email"/>
      <value value="rbk@trifork.com"/>
    </telecom>
  </contact>
  <description value="Sted hvor anæstesien observeres"/>
  <content value="complete"/>
  <count value="13"/>
  <concept>
    <code value="ambulat"/>
    <display value="Ambulatorium"/>
    <definition value="Ambulatorium"/>
  </concept>
  <concept>
    <code value="akutmodt"/>
    <display value="Akutmodtagelse"/>
    <definition value="Akutmodtagelse"/>
  </concept>
  <concept>
    <code value="andet_obs"/>
    <display value="Andet observationsafsnit"/>
    <definition value="Andet observationsafsnit"/>
  </concept>
  <concept>
    <code value="central_obs"/>
    <display value="Centralt observationsafsnit"/>
    <definition value="Centralt observationsafsnit"/>
  </concept>
  <concept>
    <code value="intensiv"/>
    <display value="Intensiv"/>
    <definition value="Intensiv afdeling"/>
  </concept>
  <concept>
    <code value="kardio_lab"/>
    <display value="Kardiologisk laboratorium"/>
    <definition value="Kardiologisk laboratorium"/>
  </concept>
  <concept>
    <code value="neonatal"/>
    <display value="Neonatalafdeling"/>
    <definition value="Neonatalafdeling"/>
  </concept>
  <concept>
    <code value="opergang"/>
    <display value="Operationsgangen"/>
    <definition value="Operationsgangen"/>
  </concept>
  <concept>
    <code value="opvaagn"/>
    <display value="Opvågningsafdeling"/>
    <definition value="Opvågningsafdeling"/>
  </concept>
  <concept>
    <code value="sengeafd"/>
    <display value="Sengeafdeling"/>
    <definition value="Sengeafdeling"/>
  </concept>
  <concept>
    <code value="skadestue"/>
    <display value="Skadestue / modtagelse"/>
    <definition value="Skadestue / modtagelse"/>
  </concept>
  <concept>
    <code value="egenafd"/>
    <display value="Egen afdeling"/>
    <definition value="Egen afdeling"/>
  </concept>
  <concept>
    <code value="andet"/>
    <display value="Andet"/>
    <definition value="Andet"/>
  </concept>
</CodeSystem>