<?xml version="1.0" encoding="UTF-8"?>

<CodeSystem xmlns="http://hl7.org/fhir">
  <id value="SSSWalk"/>
  <text>
    <status value="generated"/><div xmlns="http://www.w3.org/1999/xhtml"><p class="res-header-id"><b>Generated Narrative: CodeSystem SSSWalk</b></p><a name="SSSWalk"> </a><a name="hcSSSWalk"> </a><a name="SSSWalk-en-US"> </a><p>This  code system <code>https://kip.rkkp.dk/fhir/CodeSystem/SSSWalk</code> defines the following codes:</p><table class="codes"><tr><td style="white-space:nowrap"><b>Code</b></td><td><b>Definition</b></td></tr><tr><td style="white-space:nowrap">12<a name="SSSWalk-12"> </a></td><td>Pt. kan gå mindst 5 m uden hjælpemidler.</td></tr><tr><td style="white-space:nowrap">9<a name="SSSWalk-9"> </a></td><td>Pt. kan gå mindst 5 m med hjælpemidler.</td></tr><tr><td style="white-space:nowrap">6<a name="SSSWalk-6"> </a></td><td>Pt. kan gå mindst 5 m med personstøtte.</td></tr><tr><td style="white-space:nowrap">3<a name="SSSWalk-3"> </a></td><td>Pt. kan sidde uden støtte.</td></tr><tr><td style="white-space:nowrap">0<a name="SSSWalk-0"> </a></td><td>Sengebunden eller i kørestol med støtte.</td></tr></table></div>
  </text>
  <url value="https://kip.rkkp.dk/fhir/CodeSystem/SSSWalk"/>
  <version value="0.1.6"/>
  <name value="SSSWalk"/>
  <title value="Scandinavian Stroke Scale (SSS) - Walk"/>
  <status value="active"/>
  <date value="2022-06-23T00:00:00+02:00"/>
  <publisher value="Sundhedsvæsnets Kvalistetsinstitut with Trifork Digital Health A/S"/>
  <contact>
    <name value="Sundhedsvæsnets Kvalistetsinstitut with Trifork Digital Health A/S"/>
    <telecom>
      <system value="url"/>
      <value value="https://trifork.com"/>
    </telecom>
    <telecom>
      <system value="email"/>
      <value value="rbk@trifork.com"/>
    </telecom>
  </contact>
  <description value="Scandinavian Stroke Scale (SSS) - Walk: Hvis patienten ikke kan gå, bedømmes om patienten kan sidde oprejst på sengekanten uden at støtte hænderne (3) eller ikke (0)."/>
  <content value="complete"/>
  <count value="5"/>
  <concept>
    <code value="12"/>
    <display value="12"/>
    <definition value="Pt. kan gå mindst 5 m uden hjælpemidler."/>
  </concept>
  <concept>
    <code value="9"/>
    <display value="9"/>
    <definition value="Pt. kan gå mindst 5 m med hjælpemidler."/>
  </concept>
  <concept>
    <code value="6"/>
    <display value="6"/>
    <definition value="Pt. kan gå mindst 5 m med personstøtte."/>
  </concept>
  <concept>
    <code value="3"/>
    <display value="3"/>
    <definition value="Pt. kan sidde uden støtte."/>
  </concept>
  <concept>
    <code value="0"/>
    <display value="0"/>
    <definition value="Sengebunden eller i kørestol med støtte."/>
  </concept>
</CodeSystem>