<?xml version="1.0" encoding="UTF-8"?>

<CodeSystem xmlns="http://hl7.org/fhir">
  <id value="SlyngeDUGA"/>
  <text>
    <status value="generated"/><div xmlns="http://www.w3.org/1999/xhtml"><p class="res-header-id"><b>Generated Narrative: CodeSystem SlyngeDUGA</b></p><a name="SlyngeDUGA"> </a><a name="hcSlyngeDUGA"> </a><a name="SlyngeDUGA-en-US"> </a><p>This  code system <code>https://kip.rkkp.dk/fhir/CodeSystem/SlyngeDUGA</code> defines the following codes:</p><table class="codes"><tr><td style="white-space:nowrap"><b>Code</b></td><td><b>Display</b></td><td><b>Definition</b></td></tr><tr><td style="white-space:nowrap">Bard<a name="SlyngeDUGA-Bard"> </a></td><td>Bard</td><td>Bard</td></tr><tr><td style="white-space:nowrap">BostonScientific<a name="SlyngeDUGA-BostonScientific"> </a></td><td>Boston Scientific</td><td>Boston Scientific</td></tr><tr><td style="white-space:nowrap">Cousin<a name="SlyngeDUGA-Cousin"> </a></td><td>Cousin</td><td>Cousin</td></tr><tr><td style="white-space:nowrap">johnson&amp;johnson<a name="SlyngeDUGA-johnson.38johnson"> </a></td><td>Johnson &amp; Johnson</td><td>Johnson &amp; Johnson</td></tr></table></div>
  </text>
  <url value="https://kip.rkkp.dk/fhir/CodeSystem/SlyngeDUGA"/>
  <version value="0.1.6"/>
  <name value="SlyngeDUGA"/>
  <title value="Slynge - Urogynækologi (DUGA)"/>
  <status value="active"/>
  <date value="2024-02-14T00:00:00+02:00"/>
  <publisher value="Sundhedsvæsnets Kvalistetsinstitut with Trifork Digital Health A/S"/>
  <contact>
    <name value="Sundhedsvæsnets Kvalistetsinstitut with Trifork Digital Health A/S"/>
    <telecom>
      <system value="url"/>
      <value value="https://trifork.com"/>
    </telecom>
    <telecom>
      <system value="email"/>
      <value value="rbk@trifork.com"/>
    </telecom>
  </contact>
  <description value="Slynge - Urogynækologi (DUGA)"/>
  <content value="complete"/>
  <count value="4"/>
  <concept>
    <code value="Bard"/>
    <display value="Bard"/>
    <definition value="Bard"/>
  </concept>
  <concept>
    <code value="BostonScientific"/>
    <display value="Boston Scientific"/>
    <definition value="Boston Scientific"/>
  </concept>
  <concept>
    <code value="Cousin"/>
    <display value="Cousin"/>
    <definition value="Cousin"/>
  </concept>
  <concept>
    <code value="johnson&amp;johnson"/>
    <display value="Johnson &amp; Johnson"/>
    <definition value="Johnson &amp; Johnson"/>
  </concept>
</CodeSystem>