<?xml version="1.0" encoding="UTF-8"?>

<CodeSystem xmlns="http://hl7.org/fhir">
  <id value="ICRSGradingSystem"/>
  <text>
    <status value="generated"/><div xmlns="http://www.w3.org/1999/xhtml"><p class="res-header-id"><b>Generated Narrative: CodeSystem ICRSGradingSystem</b></p><a name="ICRSGradingSystem"> </a><a name="hcICRSGradingSystem"> </a><a name="ICRSGradingSystem-en-US"> </a><p>This case-insensitive code system <code>https://kip.rkkp.dk/fhir/CodeSystem/ICRSGradingSystem</code> defines the following codes in an undefined hierarchy:</p><table class="codes"><tr><td><b>Lvl</b></td><td style="white-space:nowrap"><b>Code</b></td><td><b>Display</b></td><td><b>Definition</b></td></tr><tr><td>1</td><td style="white-space:nowrap">grade_0<a name="ICRSGradingSystem-grade_0"> </a></td><td>Grade 0: Normal</td><td>Grade 0: Normal</td></tr><tr><td>1</td><td style="white-space:nowrap">grade_1<a name="ICRSGradingSystem-grade_1"> </a></td><td>Grade 1: Nearly normal, superficial lesions</td><td>Grade 1: Nearly normal, superficial lesions</td></tr><tr><td>2</td><td style="white-space:nowrap">  grade_1a<a name="ICRSGradingSystem-grade_1a"> </a></td><td>Grade 1A: Soft indentations</td><td>Grade 1A: Soft indentations</td></tr><tr><td>2</td><td style="white-space:nowrap">  grade_1b<a name="ICRSGradingSystem-grade_1b"> </a></td><td>Grade 1B: Superficial fissures and cracks</td><td>Grade 1B: Superficial fissures and cracks</td></tr><tr><td>1</td><td style="white-space:nowrap">grade_2<a name="ICRSGradingSystem-grade_2"> </a></td><td>Grade 2: Abnormal</td><td>Grade 2: Abnormal, lesiosn extending down to &lt;50% of cartilage depth</td></tr><tr><td>1</td><td style="white-space:nowrap">grade_3<a name="ICRSGradingSystem-grade_3"> </a></td><td>Grade 3: Severely abnormal</td><td>Grade 3: Severely abnormal, cartilage defects extending down &gt;50% of cartilage depth</td></tr><tr><td>2</td><td style="white-space:nowrap">  grade_3a<a name="ICRSGradingSystem-grade_3a"> </a></td><td>Grade 3A: Severely abnormal</td><td>Grade 3A: Cartilage defects extending down &gt;50% of cartilage depth...</td></tr><tr><td>2</td><td style="white-space:nowrap">  grade_3b<a name="ICRSGradingSystem-grade_3b"> </a></td><td>Grade 3B: Severely abnormal</td><td>Grade 3B: ...as well as down to calcified layer...</td></tr><tr><td>2</td><td style="white-space:nowrap">  grade_3c<a name="ICRSGradingSystem-grade_3c"> </a></td><td>Grade 3C: Severely abnormal</td><td>Grade 3C: ...and down to but not through the sunchondral bone.</td></tr><tr><td>2</td><td style="white-space:nowrap">  grade_3d<a name="ICRSGradingSystem-grade_3d"> </a></td><td>Grade 3D: Severely abnormal</td><td>Grade 3D: Blisters are included in this grade.</td></tr><tr><td>1</td><td style="white-space:nowrap">grade_4<a name="ICRSGradingSystem-grade_4"> </a></td><td>Grade 4: Severely abnormal</td><td>Grade 4: Severely abnormal</td></tr></table></div>
  </text>
  <url value="https://kip.rkkp.dk/fhir/CodeSystem/ICRSGradingSystem"/>
  <version value="0.1.6"/>
  <name value="ICRSGradingSystem"/>
  <title value="ICRS grading system"/>
  <status value="active"/>
  <date value="2022-09-19T00:00:00+02:00"/>
  <publisher value="Sundhedsvæsnets Kvalistetsinstitut with Trifork Digital Health A/S"/>
  <contact>
    <name value="Sundhedsvæsnets Kvalistetsinstitut with Trifork Digital Health A/S"/>
    <telecom>
      <system value="url"/>
      <value value="https://trifork.com"/>
    </telecom>
    <telecom>
      <system value="email"/>
      <value value="rbk@trifork.com"/>
    </telecom>
  </contact>
  <description value="ICRS grading system; Link: https://www.researchgate.net/figure/The-International-Cartilage-Repair-Society-ICRS-Cartilage-Lesion-Classification-System_fig2_224847959"/>
  <caseSensitive value="false"/>
  <content value="complete"/>
  <count value="11"/>
  <concept>
    <code value="grade_0"/>
    <display value="Grade 0: Normal"/>
    <definition value="Grade 0: Normal"/>
  </concept>
  <concept>
    <code value="grade_1"/>
    <display value="Grade 1: Nearly normal, superficial lesions"/>
    <definition value="Grade 1: Nearly normal, superficial lesions"/>
    <concept>
      <code value="grade_1a"/>
      <display value="Grade 1A: Soft indentations"/>
      <definition value="Grade 1A: Soft indentations"/>
    </concept>
    <concept>
      <code value="grade_1b"/>
      <display value="Grade 1B: Superficial fissures and cracks"/>
      <definition value="Grade 1B: Superficial fissures and cracks"/>
    </concept>
  </concept>
  <concept>
    <code value="grade_2"/>
    <display value="Grade 2: Abnormal"/>
    <definition value="Grade 2: Abnormal, lesiosn extending down to &lt;50% of cartilage depth"/>
  </concept>
  <concept>
    <code value="grade_3"/>
    <display value="Grade 3: Severely abnormal"/>
    <definition value="Grade 3: Severely abnormal, cartilage defects extending down &gt;50% of cartilage depth"/>
    <concept>
      <code value="grade_3a"/>
      <display value="Grade 3A: Severely abnormal"/>
      <definition value="Grade 3A: Cartilage defects extending down &gt;50% of cartilage depth..."/>
    </concept>
    <concept>
      <code value="grade_3b"/>
      <display value="Grade 3B: Severely abnormal"/>
      <definition value="Grade 3B: ...as well as down to calcified layer..."/>
    </concept>
    <concept>
      <code value="grade_3c"/>
      <display value="Grade 3C: Severely abnormal"/>
      <definition value="Grade 3C: ...and down to but not through the sunchondral bone."/>
    </concept>
    <concept>
      <code value="grade_3d"/>
      <display value="Grade 3D: Severely abnormal"/>
      <definition value="Grade 3D: Blisters are included in this grade."/>
    </concept>
  </concept>
  <concept>
    <code value="grade_4"/>
    <display value="Grade 4: Severely abnormal"/>
    <definition value="Grade 4: Severely abnormal"/>
  </concept>
</CodeSystem>