<?xml version="1.0" encoding="UTF-8"?>

<CodeSystem xmlns="http://hl7.org/fhir">
  <id value="EdemaStroke"/>
  <text>
    <status value="generated"/><div xmlns="http://www.w3.org/1999/xhtml"><p class="res-header-id"><b>Generated Narrative: CodeSystem EdemaStroke</b></p><a name="EdemaStroke"> </a><a name="hcEdemaStroke"> </a><a name="EdemaStroke-en-US"> </a><p>This case-insensitive code system <code>https://kip.rkkp.dk/fhir/CodeSystem/EdemaStroke</code> defines the following codes:</p><table class="codes"><tr><td style="white-space:nowrap"><b>Code</b></td><td><b>Display</b></td><td><b>Definition</b></td></tr><tr><td style="white-space:nowrap">coed_1<a name="EdemaStroke-coed_1"> </a></td><td>COED 1</td><td>COED 1</td></tr><tr><td style="white-space:nowrap">coed_2<a name="EdemaStroke-coed_2"> </a></td><td>COED 2</td><td>COED 2</td></tr><tr><td style="white-space:nowrap">coed_3<a name="EdemaStroke-coed_3"> </a></td><td>COED 3</td><td>COED 3</td></tr></table></div>
  </text>
  <url value="https://kip.rkkp.dk/fhir/CodeSystem/EdemaStroke"/>
  <version value="0.1.6"/>
  <name value="EdemaStroke"/>
  <title value="Edema (brain) - Stroke"/>
  <status value="active"/>
  <date value="2022-09-01T00:00:00+02:00"/>
  <publisher value="Sundhedsvæsnets Kvalistetsinstitut with Trifork Digital Health A/S"/>
  <contact>
    <name value="Sundhedsvæsnets Kvalistetsinstitut with Trifork Digital Health A/S"/>
    <telecom>
      <system value="url"/>
      <value value="https://trifork.com"/>
    </telecom>
    <telecom>
      <system value="email"/>
      <value value="rbk@trifork.com"/>
    </telecom>
  </contact>
  <description value="Edema (brain) - Stroke"/>
  <caseSensitive value="false"/>
  <content value="complete"/>
  <count value="3"/>
  <concept>
    <code value="coed_1"/>
    <display value="COED 1"/>
    <definition value="COED 1"/>
  </concept>
  <concept>
    <code value="coed_2"/>
    <display value="COED 2"/>
    <definition value="COED 2"/>
  </concept>
  <concept>
    <code value="coed_3"/>
    <display value="COED 3"/>
    <definition value="COED 3"/>
  </concept>
</CodeSystem>