<?xml version="1.0" encoding="UTF-8"?>

<CodeSystem xmlns="http://hl7.org/fhir">
  <id value="GenericValues"/>
  <text>
    <status value="generated"/><div xmlns="http://www.w3.org/1999/xhtml"><p class="res-header-id"><b>Generated Narrative: CodeSystem GenericValues</b></p><a name="GenericValues"> </a><a name="hcGenericValues"> </a><a name="GenericValues-en-US"> </a><p>This case-insensitive code system <code>https://kip.rkkp.dk/fhir/CodeSystem/GenericValues</code> defines the following codes in an undefined hierarchy:</p><table class="codes"><tr><td><b>Lvl</b></td><td style="white-space:nowrap"><b>Code</b></td><td><b>Display</b></td><td><b>Definition</b></td></tr><tr><td>1</td><td style="white-space:nowrap">other<a name="GenericValues-other"> </a></td><td>Other</td><td>Other - used to choose unspecific value not in a valueset</td></tr><tr><td>1</td><td style="white-space:nowrap">none<a name="GenericValues-none"> </a></td><td>None</td><td>None - used to choose none of the available values</td></tr><tr><td>1</td><td style="white-space:nowrap">all<a name="GenericValues-all"> </a></td><td>All</td><td>All - used to indicate all values of a question</td></tr><tr><td>1</td><td style="white-space:nowrap">various<a name="GenericValues-various"> </a></td><td>Various</td><td>Forskelligt</td></tr><tr><td>1</td><td style="white-space:nowrap">na<a name="GenericValues-na"> </a></td><td>N/A</td><td>Not available</td></tr><tr><td>1</td><td style="white-space:nowrap">not_performed<a name="GenericValues-not_performed"> </a></td><td>Not performed</td><td>Not performed - used to indicate, if a procedure or test has not been performed</td></tr><tr><td>1</td><td style="white-space:nowrap">normal<a name="GenericValues-normal"> </a></td><td>Normal</td><td>Normal</td></tr><tr><td>1</td><td style="white-space:nowrap">abnormal<a name="GenericValues-abnormal"> </a></td><td>Abnormal</td><td>Abnormal / Unormal</td></tr><tr><td>1</td><td style="white-space:nowrap">ukn<a name="GenericValues-ukn"> </a></td><td>Unknown</td><td>Ukendt</td></tr><tr><td>1</td><td style="white-space:nowrap">changes<a name="GenericValues-changes"> </a></td><td>Changes</td><td>Changes</td></tr><tr><td>1</td><td style="white-space:nowrap">very_good<a name="GenericValues-very_good"> </a></td><td>Very good</td><td>Very good</td></tr><tr><td>1</td><td style="white-space:nowrap">good<a name="GenericValues-good"> </a></td><td>Good</td><td>Good / SNOMED-CT: 20572008</td></tr><tr><td>1</td><td style="white-space:nowrap">postive<a name="GenericValues-postive"> </a></td><td>Positive</td><td>Positiv</td></tr><tr><td>1</td><td style="white-space:nowrap">negative<a name="GenericValues-negative"> </a></td><td>Negative</td><td>Negativ</td></tr><tr><td>1</td><td style="white-space:nowrap">intermediate<a name="GenericValues-intermediate"> </a></td><td>Intermediate</td><td>Intermediate / SNOMED-CT: 11896004 </td></tr><tr><td>1</td><td style="white-space:nowrap">poorly<a name="GenericValues-poorly"> </a></td><td>Poorly</td><td>Poorly / SNOMED-CT: 556001</td></tr><tr><td>1</td><td style="white-space:nowrap">fracture<a name="GenericValues-fracture"> </a></td><td>Fracture</td><td>Fracture</td></tr><tr><td>1</td><td style="white-space:nowrap">full_remission<a name="GenericValues-full_remission"> </a></td><td>In full remission</td><td>In full remission / SNOMED-CT: 103338009</td></tr><tr><td>1</td><td style="white-space:nowrap">partial_remission<a name="GenericValues-partial_remission"> </a></td><td>In partial remission</td><td>In partial remission / SNOMED-CT: 103337004</td></tr><tr><td>1</td><td style="white-space:nowrap">stable<a name="GenericValues-stable"> </a></td><td>Stable</td><td>Stable / SNOMED-CT: 58158008</td></tr><tr><td>1</td><td style="white-space:nowrap">uncercertain<a name="GenericValues-uncercertain"> </a></td><td>Uncertain</td><td>Uncertain / SNOMED-CT: 64957009</td></tr><tr><td>1</td><td style="white-space:nowrap">not_examined_for<a name="GenericValues-not_examined_for"> </a></td><td>Not examined for</td><td>Not examined for / SNOMED-CT: 75134009</td></tr><tr><td>1</td><td style="white-space:nowrap">progressive<a name="GenericValues-progressive"> </a></td><td>Progressive</td><td>Progressive / SNOMED-CT: 255314001</td></tr><tr><td>1</td><td style="white-space:nowrap">regressive<a name="GenericValues-regressive"> </a></td><td>Regressive</td><td>Regressive / SNOMED-CT: 37865006</td></tr><tr><td>1</td><td style="white-space:nowrap">high<a name="GenericValues-high"> </a></td><td>High</td><td>High (risk, etc.)</td></tr><tr><td>1</td><td style="white-space:nowrap">moderate<a name="GenericValues-moderate"> </a></td><td>Moderate</td><td>Moderate (risk, etc.)</td></tr><tr><td>1</td><td style="white-space:nowrap">low<a name="GenericValues-low"> </a></td><td>Low</td><td>Low (risk, etc.)</td></tr><tr><td>1</td><td style="white-space:nowrap">combined<a name="GenericValues-combined"> </a></td><td>Combined</td><td>Combined / Kombineret / SNOMED-CT: 89780004</td></tr><tr><td>1</td><td style="white-space:nowrap">medial_lateral<a name="GenericValues-medial_lateral"> </a></td><td>Medial and lateral</td><td>Medial and lateral</td></tr><tr><td>1</td><td style="white-space:nowrap">spared<a name="GenericValues-spared"> </a></td><td>Spared</td><td>Spared / Skånet</td></tr><tr><td>1</td><td style="white-space:nowrap">parted<a name="GenericValues-parted"> </a></td><td>Parted</td><td>Parted / Delt</td></tr><tr><td>1</td><td style="white-space:nowrap">bilateral<a name="GenericValues-bilateral"> </a></td><td>Bilateral</td><td>Bilateral</td></tr><tr><td>1</td><td style="white-space:nowrap">unilateral<a name="GenericValues-unilateral"> </a></td><td>Unilateral</td><td>Unilateral</td></tr><tr><td>1</td><td style="white-space:nowrap">central<a name="GenericValues-central"> </a></td><td>Central</td><td>Central / Centralt / SNOMED-CT: 26216008</td></tr><tr><td>1</td><td style="white-space:nowrap">paper_report<a name="GenericValues-paper_report"> </a></td><td>Paper report</td><td>Paper report / Papir indberetning</td></tr><tr><td>1</td><td style="white-space:nowrap">electronic_report<a name="GenericValues-electronic_report"> </a></td><td>Electronic report</td><td>Electronic report / Elektronisk indberetning</td></tr><tr><td>1</td><td style="white-space:nowrap">not_indicated<a name="GenericValues-not_indicated"> </a></td><td>Not indicated</td><td>Not indicated / Ikke indiceret</td></tr><tr><td>1</td><td style="white-space:nowrap">permanent<a name="GenericValues-permanent"> </a></td><td>Permanent</td><td>Permanent / SNOMED-CT: 6934004</td></tr><tr><td>1</td><td style="white-space:nowrap">temporary<a name="GenericValues-temporary"> </a></td><td>Temporary</td><td>Temporary / Midlertidig</td></tr><tr><td>1</td><td style="white-space:nowrap">single_dose<a name="GenericValues-single_dose"> </a></td><td>Single dose</td><td>Single dose / Engangsdosis</td></tr><tr><td>1</td><td style="white-space:nowrap">multiple_doses<a name="GenericValues-multiple_doses"> </a></td><td>Multiple doses</td><td>Multiple doses / Flere doser</td></tr><tr><td>1</td><td style="white-space:nowrap">conditional<a name="GenericValues-conditional"> </a></td><td>Conditional</td><td>Conditional / Betinget</td></tr><tr><td>1</td><td style="white-space:nowrap">death<a name="GenericValues-death"> </a></td><td>Death</td><td>Death / Død</td></tr><tr><td>1</td><td style="white-space:nowrap">specified<a name="GenericValues-specified"> </a></td><td>Specificeret</td><td>Specificeret</td></tr><tr><td>1</td><td style="white-space:nowrap">unspecified<a name="GenericValues-unspecified"> </a></td><td>Uspecificeret</td><td>Uspecificeret</td></tr><tr><td>1</td><td style="white-space:nowrap">intact<a name="GenericValues-intact"> </a></td><td>Intact</td><td>Intact / Intakt / SNOMED-CT: 11163003</td></tr><tr><td>1</td><td style="white-space:nowrap">not_reconstructable<a name="GenericValues-not_reconstructable"> </a></td><td>Not reconstructable</td><td>Not reconstructable / Ikke rekonstruerbar</td></tr><tr><td>1</td><td style="white-space:nowrap">not_inserted<a name="GenericValues-not_inserted"> </a></td><td>Not inserted</td><td>Not inserted / Ikke indsat</td></tr><tr><td>1</td><td style="white-space:nowrap">inserted<a name="GenericValues-inserted"> </a></td><td>Inserted</td><td>Inserted / Indsat</td></tr><tr><td>1</td><td style="white-space:nowrap">removed<a name="GenericValues-removed"> </a></td><td>Removed</td><td>Removed / Fjernet</td></tr><tr><td>1</td><td style="white-space:nowrap">replaced<a name="GenericValues-replaced"> </a></td><td>Replaced</td><td>Replaced / Udskiftet</td></tr><tr><td>2</td><td style="white-space:nowrap">  total_replacement<a name="GenericValues-total_replacement"> </a></td><td>Total replacement</td><td>Total replacement / Total udskiftning</td></tr><tr><td>2</td><td style="white-space:nowrap">  partial_replacement<a name="GenericValues-partial_replacement"> </a></td><td>Partial replacement</td><td>Partial replacement / Delvis udskiftning</td></tr><tr><td>1</td><td style="white-space:nowrap">not_replaced<a name="GenericValues-not_replaced"> </a></td><td>Not replaced</td><td>Not replaced / Ikke udskiftet</td></tr><tr><td>1</td><td style="white-space:nowrap">not_replaced_hemi<a name="GenericValues-not_replaced_hemi"> </a></td><td>Ikke udskiftet, tidligere hemialloplastik</td><td>Ikke udskiftet, tidligere hemialloplastik</td></tr><tr><td>1</td><td style="white-space:nowrap">heterologous<a name="GenericValues-heterologous"> </a></td><td>Heterologous</td><td>Heterologous / Heterolog / SNOMED-CT: 255346001</td></tr><tr><td>1</td><td style="white-space:nowrap">vancouver<a name="GenericValues-vancouver"> </a></td><td>Vancouver</td><td>Vancouver</td></tr><tr><td>1</td><td style="white-space:nowrap">anterior_approach<a name="GenericValues-anterior_approach"> </a></td><td>Anterior approach</td><td>Anterior approach / Anterior adgang / SNOMED-CT: 83037006</td></tr><tr><td>1</td><td style="white-space:nowrap">posterior_approach<a name="GenericValues-posterior_approach"> </a></td><td>Posterior approach</td><td>Posterior approach / Posterior adgang / SNOMED-CT: 112238006</td></tr><tr><td>1</td><td style="white-space:nowrap">lateral_approach<a name="GenericValues-lateral_approach"> </a></td><td>Lateral approach</td><td>Lateral approach / Lateral adgang / SNOMED-CT: 34459009</td></tr><tr><td>1</td><td style="white-space:nowrap">without<a name="GenericValues-without"> </a></td><td>Without</td><td>Without / Uden / SNOMED-CT: 45169001</td></tr><tr><td>1</td><td style="white-space:nowrap">with<a name="GenericValues-with"> </a></td><td>With</td><td>Without / Med / SNOMED-CT: 20401003</td></tr><tr><td>1</td><td style="white-space:nowrap">continuous<a name="GenericValues-continuous"> </a></td><td>Continuous</td><td>Continuous / Kontinuerlig</td></tr><tr><td>1</td><td style="white-space:nowrap">custom<a name="GenericValues-custom"> </a></td><td>Custom</td><td>Custom made</td></tr></table></div>
  </text>
  <url value="https://kip.rkkp.dk/fhir/CodeSystem/GenericValues"/>
  <version value="0.1.6"/>
  <name value="GenericValues"/>
  <title value="Generic values"/>
  <status value="active"/>
  <date value="2022-07-06T00:00:00+02:00"/>
  <publisher value="Sundhedsvæsnets Kvalistetsinstitut with Trifork Digital Health A/S"/>
  <contact>
    <name value="Sundhedsvæsnets Kvalistetsinstitut with Trifork Digital Health A/S"/>
    <telecom>
      <system value="url"/>
      <value value="https://trifork.com"/>
    </telecom>
    <telecom>
      <system value="email"/>
      <value value="rbk@trifork.com"/>
    </telecom>
  </contact>
  <description value="Generic values for a multitude of questions. This is meant as an extension to several codesystems, where codes from below might appear."/>
  <caseSensitive value="false"/>
  <content value="complete"/>
  <count value="64"/>
  <concept>
    <code value="other"/>
    <display value="Other"/>
    <definition value="Other - used to choose unspecific value not in a valueset"/>
  </concept>
  <concept>
    <code value="none"/>
    <display value="None"/>
    <definition value="None - used to choose none of the available values"/>
  </concept>
  <concept>
    <code value="all"/>
    <display value="All"/>
    <definition value="All - used to indicate all values of a question"/>
  </concept>
  <concept>
    <code value="various"/>
    <display value="Various"/>
    <definition value="Forskelligt"/>
  </concept>
  <concept>
    <code value="na"/>
    <display value="N/A"/>
    <definition value="Not available"/>
  </concept>
  <concept>
    <code value="not_performed"/>
    <display value="Not performed"/>
    <definition value="Not performed - used to indicate, if a procedure or test has not been performed"/>
  </concept>
  <concept>
    <code value="normal"/>
    <display value="Normal"/>
    <definition value="Normal"/>
  </concept>
  <concept>
    <code value="abnormal"/>
    <display value="Abnormal"/>
    <definition value="Abnormal / Unormal"/>
  </concept>
  <concept>
    <code value="ukn"/>
    <display value="Unknown"/>
    <definition value="Ukendt"/>
  </concept>
  <concept>
    <code value="changes"/>
    <display value="Changes"/>
    <definition value="Changes"/>
  </concept>
  <concept>
    <code value="very_good"/>
    <display value="Very good"/>
    <definition value="Very good"/>
  </concept>
  <concept>
    <code value="good"/>
    <display value="Good"/>
    <definition value="Good / SNOMED-CT: 20572008"/>
  </concept>
  <concept>
    <code value="postive"/>
    <display value="Positive"/>
    <definition value="Positiv"/>
  </concept>
  <concept>
    <code value="negative"/>
    <display value="Negative"/>
    <definition value="Negativ"/>
  </concept>
  <concept>
    <code value="intermediate"/>
    <display value="Intermediate"/>
    <definition value="Intermediate / SNOMED-CT: 11896004 "/>
  </concept>
  <concept>
    <code value="poorly"/>
    <display value="Poorly"/>
    <definition value="Poorly / SNOMED-CT: 556001"/>
  </concept>
  <concept>
    <code value="fracture"/>
    <display value="Fracture"/>
    <definition value="Fracture"/>
  </concept>
  <concept>
    <code value="full_remission"/>
    <display value="In full remission"/>
    <definition value="In full remission / SNOMED-CT: 103338009"/>
  </concept>
  <concept>
    <code value="partial_remission"/>
    <display value="In partial remission"/>
    <definition value="In partial remission / SNOMED-CT: 103337004"/>
  </concept>
  <concept>
    <code value="stable"/>
    <display value="Stable"/>
    <definition value="Stable / SNOMED-CT: 58158008"/>
  </concept>
  <concept>
    <code value="uncercertain"/>
    <display value="Uncertain"/>
    <definition value="Uncertain / SNOMED-CT: 64957009"/>
  </concept>
  <concept>
    <code value="not_examined_for"/>
    <display value="Not examined for"/>
    <definition value="Not examined for / SNOMED-CT: 75134009"/>
  </concept>
  <concept>
    <code value="progressive"/>
    <display value="Progressive"/>
    <definition value="Progressive / SNOMED-CT: 255314001"/>
  </concept>
  <concept>
    <code value="regressive"/>
    <display value="Regressive"/>
    <definition value="Regressive / SNOMED-CT: 37865006"/>
  </concept>
  <concept>
    <code value="high"/>
    <display value="High"/>
    <definition value="High (risk, etc.)"/>
  </concept>
  <concept>
    <code value="moderate"/>
    <display value="Moderate"/>
    <definition value="Moderate (risk, etc.)"/>
  </concept>
  <concept>
    <code value="low"/>
    <display value="Low"/>
    <definition value="Low (risk, etc.)"/>
  </concept>
  <concept>
    <code value="combined"/>
    <display value="Combined"/>
    <definition value="Combined / Kombineret / SNOMED-CT: 89780004"/>
  </concept>
  <concept>
    <code value="medial_lateral"/>
    <display value="Medial and lateral"/>
    <definition value="Medial and lateral"/>
  </concept>
  <concept>
    <code value="spared"/>
    <display value="Spared"/>
    <definition value="Spared / Skånet"/>
  </concept>
  <concept>
    <code value="parted"/>
    <display value="Parted"/>
    <definition value="Parted / Delt"/>
  </concept>
  <concept>
    <code value="bilateral"/>
    <display value="Bilateral"/>
    <definition value="Bilateral"/>
  </concept>
  <concept>
    <code value="unilateral"/>
    <display value="Unilateral"/>
    <definition value="Unilateral"/>
  </concept>
  <concept>
    <code value="central"/>
    <display value="Central"/>
    <definition value="Central / Centralt / SNOMED-CT: 26216008"/>
  </concept>
  <concept>
    <code value="paper_report"/>
    <display value="Paper report"/>
    <definition value="Paper report / Papir indberetning"/>
  </concept>
  <concept>
    <code value="electronic_report"/>
    <display value="Electronic report"/>
    <definition value="Electronic report / Elektronisk indberetning"/>
  </concept>
  <concept>
    <code value="not_indicated"/>
    <display value="Not indicated"/>
    <definition value="Not indicated / Ikke indiceret"/>
  </concept>
  <concept>
    <code value="permanent"/>
    <display value="Permanent"/>
    <definition value="Permanent / SNOMED-CT: 6934004"/>
  </concept>
  <concept>
    <code value="temporary"/>
    <display value="Temporary"/>
    <definition value="Temporary / Midlertidig"/>
  </concept>
  <concept>
    <code value="single_dose"/>
    <display value="Single dose"/>
    <definition value="Single dose / Engangsdosis"/>
  </concept>
  <concept>
    <code value="multiple_doses"/>
    <display value="Multiple doses"/>
    <definition value="Multiple doses / Flere doser"/>
  </concept>
  <concept>
    <code value="conditional"/>
    <display value="Conditional"/>
    <definition value="Conditional / Betinget"/>
  </concept>
  <concept>
    <code value="death"/>
    <display value="Death"/>
    <definition value="Death / Død"/>
  </concept>
  <concept>
    <code value="specified"/>
    <display value="Specificeret"/>
    <definition value="Specificeret"/>
  </concept>
  <concept>
    <code value="unspecified"/>
    <display value="Uspecificeret"/>
    <definition value="Uspecificeret"/>
  </concept>
  <concept>
    <code value="intact"/>
    <display value="Intact"/>
    <definition value="Intact / Intakt / SNOMED-CT: 11163003"/>
  </concept>
  <concept>
    <code value="not_reconstructable"/>
    <display value="Not reconstructable"/>
    <definition value="Not reconstructable / Ikke rekonstruerbar"/>
  </concept>
  <concept>
    <code value="not_inserted"/>
    <display value="Not inserted"/>
    <definition value="Not inserted / Ikke indsat"/>
  </concept>
  <concept>
    <code value="inserted"/>
    <display value="Inserted"/>
    <definition value="Inserted / Indsat"/>
  </concept>
  <concept>
    <code value="removed"/>
    <display value="Removed"/>
    <definition value="Removed / Fjernet"/>
  </concept>
  <concept>
    <code value="replaced"/>
    <display value="Replaced"/>
    <definition value="Replaced / Udskiftet"/>
    <concept>
      <code value="total_replacement"/>
      <display value="Total replacement"/>
      <definition value="Total replacement / Total udskiftning"/>
    </concept>
    <concept>
      <code value="partial_replacement"/>
      <display value="Partial replacement"/>
      <definition value="Partial replacement / Delvis udskiftning"/>
    </concept>
  </concept>
  <concept>
    <code value="not_replaced"/>
    <display value="Not replaced"/>
    <definition value="Not replaced / Ikke udskiftet"/>
  </concept>
  <concept>
    <code value="not_replaced_hemi"/>
    <display value="Ikke udskiftet, tidligere hemialloplastik"/>
    <definition value="Ikke udskiftet, tidligere hemialloplastik"/>
  </concept>
  <concept>
    <code value="heterologous"/>
    <display value="Heterologous"/>
    <definition value="Heterologous / Heterolog / SNOMED-CT: 255346001"/>
  </concept>
  <concept>
    <code value="vancouver"/>
    <display value="Vancouver"/>
    <definition value="Vancouver"/>
  </concept>
  <concept>
    <code value="anterior_approach"/>
    <display value="Anterior approach"/>
    <definition value="Anterior approach / Anterior adgang / SNOMED-CT: 83037006"/>
  </concept>
  <concept>
    <code value="posterior_approach"/>
    <display value="Posterior approach"/>
    <definition value="Posterior approach / Posterior adgang / SNOMED-CT: 112238006"/>
  </concept>
  <concept>
    <code value="lateral_approach"/>
    <display value="Lateral approach"/>
    <definition value="Lateral approach / Lateral adgang / SNOMED-CT: 34459009"/>
  </concept>
  <concept>
    <code value="without"/>
    <display value="Without"/>
    <definition value="Without / Uden / SNOMED-CT: 45169001"/>
  </concept>
  <concept>
    <code value="with"/>
    <display value="With"/>
    <definition value="Without / Med / SNOMED-CT: 20401003"/>
  </concept>
  <concept>
    <code value="continuous"/>
    <display value="Continuous"/>
    <definition value="Continuous / Kontinuerlig"/>
  </concept>
  <concept>
    <code value="custom"/>
    <display value="Custom"/>
    <definition value="Custom made"/>
  </concept>
</CodeSystem>