<?xml version="1.0" encoding="UTF-8"?>

<CodeSystem xmlns="http://hl7.org/fhir">
  <id value="ScoreCentralBlock"/>
  <text>
    <status value="generated"/><div xmlns="http://www.w3.org/1999/xhtml"><p class="res-header-id"><b>Generated Narrative: CodeSystem ScoreCentralBlock</b></p><a name="ScoreCentralBlock"> </a><a name="hcScoreCentralBlock"> </a><a name="ScoreCentralBlock-en-US"> </a><p>This  code system <code>https://kip.rkkp.dk/fhir/CodeSystem/ScoreCentralBlock</code> defines the following codes:</p><table class="codes"><tr><td style="white-space:nowrap"><b>Code</b></td><td><b>Display</b></td><td><b>Definition</b></td></tr><tr><td style="white-space:nowrap">attempt_LE3<a name="ScoreCentralBlock-attempt_LE3"> </a></td><td>Apply attemted &lt;=3</td><td>Forsøgt anlagt antal &lt;=3 gange</td></tr><tr><td style="white-space:nowrap">attempt_GT3<a name="ScoreCentralBlock-attempt_GT3"> </a></td><td>Apply attempted &gt;3</td><td>Forsøgt anlagt &gt;3 gange</td></tr><tr><td style="white-space:nowrap">epidural_on_arr<a name="ScoreCentralBlock-epidural_on_arr"> </a></td><td>Epidural catheter applied on arrival</td><td>Ankommet med anlagt epidural kateter</td></tr><tr><td style="white-space:nowrap">abandon<a name="ScoreCentralBlock-abandon"> </a></td><td>Abandonned</td><td>Opgivet</td></tr></table></div>
  </text>
  <url value="https://kip.rkkp.dk/fhir/CodeSystem/ScoreCentralBlock"/>
  <version value="0.1.6"/>
  <name value="ScoreCentralBlock"/>
  <title value="Score ved central blokade"/>
  <status value="active"/>
  <date value="2022-06-09T00:00:00+02:00"/>
  <publisher value="Sundhedsvæsnets Kvalistetsinstitut with Trifork Digital Health A/S"/>
  <contact>
    <name value="Sundhedsvæsnets Kvalistetsinstitut with Trifork Digital Health A/S"/>
    <telecom>
      <system value="url"/>
      <value value="https://trifork.com"/>
    </telecom>
    <telecom>
      <system value="email"/>
      <value value="rbk@trifork.com"/>
    </telecom>
  </contact>
  <description value="Regional score ved anlæg af central nerveblokade"/>
  <content value="complete"/>
  <count value="4"/>
  <concept>
    <code value="attempt_LE3"/>
    <display value="Apply attemted &lt;=3"/>
    <definition value="Forsøgt anlagt antal &lt;=3 gange"/>
  </concept>
  <concept>
    <code value="attempt_GT3"/>
    <display value="Apply attempted &gt;3"/>
    <definition value="Forsøgt anlagt &gt;3 gange"/>
  </concept>
  <concept>
    <code value="epidural_on_arr"/>
    <display value="Epidural catheter applied on arrival"/>
    <definition value="Ankommet med anlagt epidural kateter"/>
  </concept>
  <concept>
    <code value="abandon"/>
    <display value="Abandonned"/>
    <definition value="Opgivet"/>
  </concept>
</CodeSystem>