<?xml version="1.0" encoding="UTF-8"?>

<ValueSet xmlns="http://hl7.org/fhir">
  <id value="OperationstypePrimaerRevision"/>
  <text>
    <status value="extensions"/><div xmlns="http://www.w3.org/1999/xhtml"><p class="res-header-id"><b>Generated Narrative: ValueSet OperationstypePrimaerRevision</b></p><a name="OperationstypePrimaerRevision"> </a><a name="hcOperationstypePrimaerRevision"> </a><a name="OperationstypePrimaerRevision-en-US"> </a><ul><li>Include these codes as defined in <a href="CodeSystem-OperationType.html"><code>https://kip.rkkp.dk/fhir/CodeSystem/OperationType</code></a><table class="none"><tr><td style="white-space:nowrap"><b>Code</b></td><td><b>Display</b></td><td><b>Definition</b></td></tr><tr><td><a href="CodeSystem-OperationType.html#OperationType-primary">primary</a></td><td>Primær</td><td>Primary</td></tr><tr><td><a href="CodeSystem-OperationType.html#OperationType-revision">revision</a></td><td>Revision</td><td>Revision</td></tr></table></li></ul></div>
  </text>
  <url value="https://kip.rkkp.dk/fhir/ValueSet/OperationstypePrimaerRevision"/>
  <version value="0.1.6"/>
  <name value="OperationstypePrimaerRevision"/>
  <title value="Operationstype (primær/revision)"/>
  <status value="active"/>
  <experimental value="true"/>
  <date value="2022-07-04T00:00:00+02:00"/>
  <publisher value="Sundhedsvæsnets Kvalistetsinstitut with Trifork Digital Health A/S"/>
  <contact>
    <name value="Sundhedsvæsnets Kvalistetsinstitut with Trifork Digital Health A/S"/>
    <telecom>
      <system value="url"/>
      <value value="https://trifork.com"/>
    </telecom>
    <telecom>
      <system value="email"/>
      <value value="rbk@trifork.com"/>
    </telecom>
  </contact>
  <description value="Operationstype (primær/revision)"/>
  <compose>
    <include>
      <system value="https://kip.rkkp.dk/fhir/CodeSystem/OperationType"/>
      <concept>
        <code value="primary"/>
        <display value="Primær"/>
      </concept>
      <concept>
        <code value="revision"/>
        <display value="Revision"/>
      </concept>
    </include>
  </compose>
</ValueSet>