<?xml version="1.0" encoding="UTF-8"?>

<ValueSet xmlns="http://hl7.org/fhir">
  <id value="ResektionUdfoerelseDCCG"/>
  <text>
    <status value="extensions"/><div xmlns="http://www.w3.org/1999/xhtml"><p class="res-header-id"><b>Generated Narrative: ValueSet ResektionUdfoerelseDCCG</b></p><a name="ResektionUdfoerelseDCCG"> </a><a name="hcResektionUdfoerelseDCCG"> </a><a name="ResektionUdfoerelseDCCG-en-US"> </a><p>This value set includes codes based on the following rules:</p><ul><li>Include these codes as defined in <a href="CodeSystem-ResectionCompletion.html"><code>https://kip.rkkp.dk/fhir/CodeSystem/ResectionCompletion</code></a><table class="none"><tr><td style="white-space:nowrap"><b>Code</b></td><td><b>Display</b></td><td><b>Definition</b></td></tr><tr><td><a href="CodeSystem-ResectionCompletion.html#ResectionCompletion-missing_radicality_sektion">missing_radicality_sektion</a></td><td>Manglende radikalitet af endoskopiske lokalresektion</td><td>Manglende radikalitet af endoskopiske lokalresektion</td></tr><tr><td><a href="CodeSystem-ResectionCompletion.html#ResectionCompletion-undeterminable_radicality_piecemeal">undeterminable_radicality_piecemeal</a></td><td>Radikalitet af lokalresektionen kan ikke vurderes på grund af piecemeal teknik</td><td>Radikalitet af lokalresektionen kan ikke vurderes på grund af piecemeal teknik</td></tr><tr><td><a href="CodeSystem-ResectionCompletion.html#ResectionCompletion-pathology_risk_factors">pathology_risk_factors</a></td><td>Tilstedeværelse af en eller flere patologirisikofaktorer</td><td>Tilstedeværelse af en eller flere patologirisikofaktorer</td></tr><tr><td><a href="CodeSystem-ResectionCompletion.html#ResectionCompletion-missing_radicality_risk">missing_radicality_risk</a></td><td>Manglende radikalitet og tilstedeværelse af risikofaktorer</td><td>Manglende radikalitet og tilstedeværelse af risikofaktorer</td></tr></table></li><li>Include these codes as defined in <a href="CodeSystem-GenericValues.html"><code>https://kip.rkkp.dk/fhir/CodeSystem/GenericValues</code></a><table class="none"><tr><td style="white-space:nowrap"><b>Code</b></td><td><b>Display</b></td><td><b>Definition</b></td></tr><tr><td><a href="CodeSystem-GenericValues.html#GenericValues-other">other</a></td><td>Anden begrundelse inkl. patientønske</td><td>Other - used to choose unspecific value not in a valueset</td></tr></table></li></ul></div>
  </text>
  <url value="https://kip.rkkp.dk/fhir/ValueSet/ResektionUdfoerelseDCCG"/>
  <version value="0.1.6"/>
  <name value="ResektionUdfoerelseDCCG"/>
  <title value="Udførelse af resektion DCCG"/>
  <status value="active"/>
  <experimental value="true"/>
  <date value="2022-09-07T00:00:00+02:00"/>
  <publisher value="Sundhedsvæsnets Kvalistetsinstitut with Trifork Digital Health A/S"/>
  <contact>
    <name value="Sundhedsvæsnets Kvalistetsinstitut with Trifork Digital Health A/S"/>
    <telecom>
      <system value="url"/>
      <value value="https://trifork.com"/>
    </telecom>
    <telecom>
      <system value="email"/>
      <value value="rbk@trifork.com"/>
    </telecom>
  </contact>
  <description value="Udførelse af resektion DCCG"/>
  <compose>
    <include>
      <system value="https://kip.rkkp.dk/fhir/CodeSystem/ResectionCompletion"/>
      <concept>
        <code value="missing_radicality_sektion"/>
        <display value="Manglende radikalitet af endoskopiske lokalresektion"/>
      </concept>
      <concept>
        <code value="undeterminable_radicality_piecemeal"/>
        <display value="Radikalitet af lokalresektionen kan ikke vurderes på grund af piecemeal teknik"/>
      </concept>
      <concept>
        <code value="pathology_risk_factors"/>
        <display value="Tilstedeværelse af en eller flere patologirisikofaktorer"/>
      </concept>
      <concept>
        <code value="missing_radicality_risk"/>
        <display value="Manglende radikalitet og tilstedeværelse af risikofaktorer"/>
      </concept>
    </include>
    <include>
      <system value="https://kip.rkkp.dk/fhir/CodeSystem/GenericValues"/>
      <concept>
        <code value="other"/>
        <display value="Anden begrundelse inkl. patientønske"/>
      </concept>
    </include>
  </compose>
</ValueSet>