<?xml version="1.0" encoding="UTF-8"?>

<ValueSet xmlns="http://hl7.org/fhir">
  <id value="POPQCDDUGA"/>
  <text>
    <status value="extensions"/><div xmlns="http://www.w3.org/1999/xhtml"><p class="res-header-id"><b>Generated Narrative: ValueSet POPQCDDUGA</b></p><a name="POPQCDDUGA"> </a><a name="hcPOPQCDDUGA"> </a><a name="POPQCDDUGA-en-US"> </a><ul><li>Include these codes as defined in <a href="CodeSystem-IntervalsExact.html"><code>https://kip.rkkp.dk/fhir/CodeSystem/IntervalsExact</code></a><table class="none"><tr><td style="white-space:nowrap"><b>Code</b></td><td><b>Display</b></td><td><b>Definition</b></td></tr><tr><td><a href="CodeSystem-IntervalsExact.html#IntervalsExact-m10">m10</a></td><td>-10</td><td>-10,0</td></tr><tr><td><a href="CodeSystem-IntervalsExact.html#IntervalsExact-m9-5">m9-5</a></td><td>-9,5</td><td>-9,5</td></tr><tr><td><a href="CodeSystem-IntervalsExact.html#IntervalsExact-m9">m9</a></td><td>-9</td><td>-9,0</td></tr><tr><td><a href="CodeSystem-IntervalsExact.html#IntervalsExact-m8-5">m8-5</a></td><td>-8,5</td><td>-8,5</td></tr><tr><td><a href="CodeSystem-IntervalsExact.html#IntervalsExact-m8">m8</a></td><td>-8</td><td>-8,0</td></tr><tr><td><a href="CodeSystem-IntervalsExact.html#IntervalsExact-m7-5">m7-5</a></td><td>-7,5</td><td>-7,5</td></tr><tr><td><a href="CodeSystem-IntervalsExact.html#IntervalsExact-m7">m7</a></td><td>-7</td><td>-7,0</td></tr><tr><td><a href="CodeSystem-IntervalsExact.html#IntervalsExact-m6-5">m6-5</a></td><td>-6,5</td><td>-6,5</td></tr><tr><td><a href="CodeSystem-IntervalsExact.html#IntervalsExact-m6">m6</a></td><td>-6</td><td>-6,0</td></tr><tr><td><a href="CodeSystem-IntervalsExact.html#IntervalsExact-m5-5">m5-5</a></td><td>-5,5</td><td>-5,5</td></tr><tr><td><a href="CodeSystem-IntervalsExact.html#IntervalsExact-m5">m5</a></td><td>-5</td><td>-5,0</td></tr><tr><td><a href="CodeSystem-IntervalsExact.html#IntervalsExact-m4-5">m4-5</a></td><td>-4,5</td><td>-4,5</td></tr><tr><td><a href="CodeSystem-IntervalsExact.html#IntervalsExact-m4">m4</a></td><td>-4</td><td>-4,0</td></tr><tr><td><a href="CodeSystem-IntervalsExact.html#IntervalsExact-m3-5">m3-5</a></td><td>-3,5</td><td>-3,5</td></tr><tr><td><a href="CodeSystem-IntervalsExact.html#IntervalsExact-m3">m3</a></td><td>-3</td><td>-3,0</td></tr><tr><td><a href="CodeSystem-IntervalsExact.html#IntervalsExact-m2-5">m2-5</a></td><td>-2,5</td><td>-2,5</td></tr><tr><td><a href="CodeSystem-IntervalsExact.html#IntervalsExact-m2">m2</a></td><td>-2</td><td>-2,0</td></tr><tr><td><a href="CodeSystem-IntervalsExact.html#IntervalsExact-m1-5">m1-5</a></td><td>-1,5</td><td>-1,5</td></tr><tr><td><a href="CodeSystem-IntervalsExact.html#IntervalsExact-m1">m1</a></td><td>-1</td><td>-1,0</td></tr><tr><td><a href="CodeSystem-IntervalsExact.html#IntervalsExact-m0-5">m0-5</a></td><td>-0,5</td><td>-0,5</td></tr><tr><td><a href="CodeSystem-IntervalsExact.html#IntervalsExact-0">0</a></td><td>0</td><td>0,0</td></tr><tr><td><a href="CodeSystem-IntervalsExact.html#IntervalsExact-0-5">0-5</a></td><td>0,5</td><td>0,5</td></tr><tr><td><a href="CodeSystem-IntervalsExact.html#IntervalsExact-1">1</a></td><td>1</td><td>1,0</td></tr><tr><td><a href="CodeSystem-IntervalsExact.html#IntervalsExact-1-5">1-5</a></td><td>1,5</td><td>1,5</td></tr><tr><td><a href="CodeSystem-IntervalsExact.html#IntervalsExact-2">2</a></td><td>2</td><td>2,0</td></tr><tr><td><a href="CodeSystem-IntervalsExact.html#IntervalsExact-2-5">2-5</a></td><td>2,5</td><td>2,5</td></tr><tr><td><a href="CodeSystem-IntervalsExact.html#IntervalsExact-3">3</a></td><td>3</td><td>3,0</td></tr><tr><td><a href="CodeSystem-IntervalsExact.html#IntervalsExact-3-5">3-5</a></td><td>3,5</td><td>3,5</td></tr><tr><td><a href="CodeSystem-IntervalsExact.html#IntervalsExact-4">4</a></td><td>4</td><td>4,0</td></tr><tr><td><a href="CodeSystem-IntervalsExact.html#IntervalsExact-4-5">4-5</a></td><td>4,5</td><td>4,5</td></tr><tr><td><a href="CodeSystem-IntervalsExact.html#IntervalsExact-5">5</a></td><td>5</td><td>5,0</td></tr><tr><td><a href="CodeSystem-IntervalsExact.html#IntervalsExact-5-5">5-5</a></td><td>5,5</td><td>5,5</td></tr></table></li></ul></div>
  </text>
  <url value="https://kip.rkkp.dk/fhir/ValueSet/POPQCDDUGA"/>
  <version value="0.1.6"/>
  <name value="POPQCDDUGA"/>
  <title value="POP-Q undersøgelse C+D (DUGA)"/>
  <status value="active"/>
  <experimental value="true"/>
  <date value="2024-02-13T00:00:00+02:00"/>
  <publisher value="Sundhedsvæsnets Kvalistetsinstitut with Trifork Digital Health A/S"/>
  <contact>
    <name value="Sundhedsvæsnets Kvalistetsinstitut with Trifork Digital Health A/S"/>
    <telecom>
      <system value="url"/>
      <value value="https://trifork.com"/>
    </telecom>
    <telecom>
      <system value="email"/>
      <value value="rbk@trifork.com"/>
    </telecom>
  </contact>
  <description value="Nedsynkning - POP-Q undersøgelse C+D (DUGA)"/>
  <compose>
    <include>
      <system value="https://kip.rkkp.dk/fhir/CodeSystem/IntervalsExact"/>
      <concept>
        <code value="m10"/>
        <display value="-10"/>
      </concept>
      <concept>
        <code value="m9-5"/>
        <display value="-9,5"/>
      </concept>
      <concept>
        <code value="m9"/>
        <display value="-9"/>
      </concept>
      <concept>
        <code value="m8-5"/>
        <display value="-8,5"/>
      </concept>
      <concept>
        <code value="m8"/>
        <display value="-8"/>
      </concept>
      <concept>
        <code value="m7-5"/>
        <display value="-7,5"/>
      </concept>
      <concept>
        <code value="m7"/>
        <display value="-7"/>
      </concept>
      <concept>
        <code value="m6-5"/>
        <display value="-6,5"/>
      </concept>
      <concept>
        <code value="m6"/>
        <display value="-6"/>
      </concept>
      <concept>
        <code value="m5-5"/>
        <display value="-5,5"/>
      </concept>
      <concept>
        <code value="m5"/>
        <display value="-5"/>
      </concept>
      <concept>
        <code value="m4-5"/>
        <display value="-4,5"/>
      </concept>
      <concept>
        <code value="m4"/>
        <display value="-4"/>
      </concept>
      <concept>
        <code value="m3-5"/>
        <display value="-3,5"/>
      </concept>
      <concept>
        <code value="m3"/>
        <display value="-3"/>
      </concept>
      <concept>
        <code value="m2-5"/>
        <display value="-2,5"/>
      </concept>
      <concept>
        <code value="m2"/>
        <display value="-2"/>
      </concept>
      <concept>
        <code value="m1-5"/>
        <display value="-1,5"/>
      </concept>
      <concept>
        <code value="m1"/>
        <display value="-1"/>
      </concept>
      <concept>
        <code value="m0-5"/>
        <display value="-0,5"/>
      </concept>
      <concept>
        <code value="0"/>
        <display value="0"/>
      </concept>
      <concept>
        <code value="0-5"/>
        <display value="0,5"/>
      </concept>
      <concept>
        <code value="1"/>
        <display value="1"/>
      </concept>
      <concept>
        <code value="1-5"/>
        <display value="1,5"/>
      </concept>
      <concept>
        <code value="2"/>
        <display value="2"/>
      </concept>
      <concept>
        <code value="2-5"/>
        <display value="2,5"/>
      </concept>
      <concept>
        <code value="3"/>
        <display value="3"/>
      </concept>
      <concept>
        <code value="3-5"/>
        <display value="3,5"/>
      </concept>
      <concept>
        <code value="4"/>
        <display value="4"/>
      </concept>
      <concept>
        <code value="4-5"/>
        <display value="4,5"/>
      </concept>
      <concept>
        <code value="5"/>
        <display value="5"/>
      </concept>
      <concept>
        <code value="5-5"/>
        <display value="5,5"/>
      </concept>
    </include>
  </compose>
</ValueSet>