<?xml version="1.0" encoding="UTF-8"?>

<ValueSet xmlns="http://hl7.org/fhir">
  <id value="TransplantationcenterALG"/>
  <text>
    <status value="extensions"/><div xmlns="http://www.w3.org/1999/xhtml"><p class="res-header-id"><b>Generated Narrative: ValueSet TransplantationcenterALG</b></p><a name="TransplantationcenterALG"> </a><a name="hcTransplantationcenterALG"> </a><a name="TransplantationcenterALG-en-US"> </a><p>This value set includes codes based on the following rules:</p><ul><li>Include these codes as defined in <a href="CodeSystem-SOR.html"><code>https://kip.rkkp.dk/fhir/CodeSystem/SOR</code></a><table class="none"><tr><td style="white-space:nowrap"><b>Code</b></td><td><b>Display</b></td><td><b>Definition</b></td></tr><tr><td><a href="CodeSystem-SOR.html#SOR-926731000016006">926731000016006</a></td><td>926731000016006: Rigshospitalet - Blodsygdomme L, Senge (Shak: 1301101)</td><td>Rigshospitalet - Blodsygdomme L, Senge (Shak: 1301101)</td></tr><tr><td><a href="CodeSystem-SOR.html#SOR-380011000016000">380011000016000</a></td><td>380011000016000: Region Sjællands Sygehusvæsen - ROS Hæmatologisk Afd.(Shak: 3800A20)</td><td>Region Sjællands Sygehusvæsen - ROS Hæmatologisk Afd.(Shak: 3800A20)</td></tr><tr><td><a href="CodeSystem-SOR.html#SOR-239981000016003">239981000016003</a></td><td>239981000016003: Odense Universitetshospital - Svendborg - OUH Neurokirurgisk Afsnit U (Odense) (Shak: 4202150)</td><td>Odense Universitetshospital - Svendborg - OUH Neurokirurgisk Afsnit U (Odense) (Shak: 4202150)</td></tr><tr><td><a href="CodeSystem-SOR.html#SOR-1095041000016007">1095041000016007</a></td><td>1095041000016007: Sygehus Sønderjylland - SHS Blodsygdomme Ambulatorium (Sønderborg) (Shak: 500061A)</td><td>Sygehus Sønderjylland - SHS Blodsygdomme Ambulatorium (Sønderborg) (Shak: 500061A)</td></tr><tr><td><a href="CodeSystem-SOR.html#SOR-244701000016009">244701000016009</a></td><td>244701000016009: Sydvestjysk Sygehus - SVS Blodsygdomme Afsnit (Esbjerg) (Shak: 5501053)</td><td>Sydvestjysk Sygehus - SVS Blodsygdomme Afsnit (Esbjerg) (Shak: 5501053)</td></tr><tr><td><a href="CodeSystem-SOR.html#SOR-384851000016002">384851000016002</a></td><td>384851000016002: Sygehus Lillebælt - SLB Hæmatologisk Afsnit (Vejle) (Shak: 6008260)</td><td>Sygehus Lillebælt - SLB Hæmatologisk Afsnit (Vejle) (Shak: 6008260)</td></tr><tr><td><a href="CodeSystem-SOR.html#SOR-900651000016000">900651000016000</a></td><td>900651000016000: Regionshospitalet Gødstrup - Klinik for Blodsygdomme Gødstrup - RHG (Shak: 664038K)</td><td>Regionshospitalet Gødstrup - Klinik for Blodsygdomme Gødstrup - RHG (Shak: 664038K)</td></tr><tr><td><a href="CodeSystem-SOR.html#SOR-440781000016009">440781000016009</a></td><td>440781000016009: Aarhus Universitetshospital - Blodsygdomme Sengeafsnit (Shak: 6620141)</td><td>Aarhus Universitetshospital - Blodsygdomme Sengeafsnit (Shak: 6620141)</td></tr><tr><td><a href="CodeSystem-SOR.html#SOR-275721000016002">275721000016002</a></td><td>275721000016002: Aalborg Universitetshospital - Alb Hæmatologisk afd. (Shak: 8001101)</td><td>Aalborg Universitetshospital - Alb Hæmatologisk afd. (Shak: 8001101)</td></tr></table></li><li>Include these codes as defined in <a href="CodeSystem-GenericValues.html"><code>https://kip.rkkp.dk/fhir/CodeSystem/GenericValues</code></a><table class="none"><tr><td style="white-space:nowrap"><b>Code</b></td><td><b>Display</b></td><td><b>Definition</b></td></tr><tr><td><a href="CodeSystem-GenericValues.html#GenericValues-other">other</a></td><td>Andre</td><td>Other - used to choose unspecific value not in a valueset</td></tr></table></li></ul></div>
  </text>
  <url value="https://kip.rkkp.dk/fhir/ValueSet/TransplantationcenterALG"/>
  <version value="0.1.6"/>
  <name value="TransplantationcenterALG"/>
  <title value="Transplantationcenterliste til ALG"/>
  <status value="active"/>
  <experimental value="true"/>
  <date value="2022-09-22T00:00:00+02:00"/>
  <publisher value="Sundhedsvæsnets Kvalistetsinstitut with Trifork Digital Health A/S"/>
  <contact>
    <name value="Sundhedsvæsnets Kvalistetsinstitut with Trifork Digital Health A/S"/>
    <telecom>
      <system value="url"/>
      <value value="https://trifork.com"/>
    </telecom>
    <telecom>
      <system value="email"/>
      <value value="rbk@trifork.com"/>
    </telecom>
  </contact>
  <description value="Transplantationcenterliste til ALG"/>
  <compose>
    <include>
      <system value="https://kip.rkkp.dk/fhir/CodeSystem/SOR"/>
      <concept>
        <code value="926731000016006"/>
        <display value="926731000016006: Rigshospitalet - Blodsygdomme L, Senge (Shak: 1301101)"/>
      </concept>
      <concept>
        <code value="380011000016000"/>
        <display value="380011000016000: Region Sjællands Sygehusvæsen - ROS Hæmatologisk Afd.(Shak: 3800A20)"/>
      </concept>
      <concept>
        <code value="239981000016003"/>
        <display value="239981000016003: Odense Universitetshospital - Svendborg - OUH Neurokirurgisk Afsnit U (Odense) (Shak: 4202150)"/>
      </concept>
      <concept>
        <code value="1095041000016007"/>
        <display value="1095041000016007: Sygehus Sønderjylland - SHS Blodsygdomme Ambulatorium (Sønderborg) (Shak: 500061A)"/>
      </concept>
      <concept>
        <code value="244701000016009"/>
        <display value="244701000016009: Sydvestjysk Sygehus - SVS Blodsygdomme Afsnit (Esbjerg) (Shak: 5501053)"/>
      </concept>
      <concept>
        <code value="384851000016002"/>
        <display value="384851000016002: Sygehus Lillebælt - SLB Hæmatologisk Afsnit (Vejle) (Shak: 6008260)"/>
      </concept>
      <concept>
        <code value="900651000016000"/>
        <display value="900651000016000: Regionshospitalet Gødstrup - Klinik for Blodsygdomme Gødstrup - RHG (Shak: 664038K)"/>
      </concept>
      <concept>
        <code value="440781000016009"/>
        <display value="440781000016009: Aarhus Universitetshospital - Blodsygdomme Sengeafsnit (Shak: 6620141)"/>
      </concept>
      <concept>
        <code value="275721000016002"/>
        <display value="275721000016002: Aalborg Universitetshospital - Alb Hæmatologisk afd. (Shak: 8001101)"/>
      </concept>
    </include>
    <include>
      <system value="https://kip.rkkp.dk/fhir/CodeSystem/GenericValues"/>
      <concept>
        <code value="other"/>
        <display value="Andre"/>
      </concept>
    </include>
  </compose>
</ValueSet>