<?xml version="1.0" encoding="UTF-8"?>

<ValueSet xmlns="http://hl7.org/fhir">
  <id value="ProcedureVarighed15min"/>
  <text>
    <status value="extensions"/><div xmlns="http://www.w3.org/1999/xhtml"><p class="res-header-id"><b>Generated Narrative: ValueSet ProcedureVarighed15min</b></p><a name="ProcedureVarighed15min"> </a><a name="hcProcedureVarighed15min"> </a><a name="ProcedureVarighed15min-en-US"> </a><ul><li>Include these codes as defined in <a href="CodeSystem-ProcedureDuration.html"><code>https://kip.rkkp.dk/fhir/CodeSystem/ProcedureDuration</code></a><table class="none"><tr><td style="white-space:nowrap"><b>Code</b></td><td><b>Display</b></td><td><b>Definition</b></td></tr><tr><td><a href="CodeSystem-ProcedureDuration.html#ProcedureDuration-.6215">&gt;15</a></td><td>Over 15 min.</td><td>&gt;15</td></tr><tr><td><a href="CodeSystem-ProcedureDuration.html#ProcedureDuration-.61.6015">=&lt;15</a></td><td>Under eller lig 15 min.</td><td>=&lt;15</td></tr></table></li></ul></div>
  </text>
  <url value="https://kip.rkkp.dk/fhir/ValueSet/ProcedureVarighed15min"/>
  <version value="0.1.6"/>
  <name value="ProcedureVarighed15min"/>
  <title value="Procedure varighed; over/under 15 min."/>
  <status value="active"/>
  <experimental value="true"/>
  <date value="2022-06-29T00:00:00+02:00"/>
  <publisher value="Sundhedsvæsnets Kvalistetsinstitut with Trifork Digital Health A/S"/>
  <contact>
    <name value="Sundhedsvæsnets Kvalistetsinstitut with Trifork Digital Health A/S"/>
    <telecom>
      <system value="url"/>
      <value value="https://trifork.com"/>
    </telecom>
    <telecom>
      <system value="email"/>
      <value value="rbk@trifork.com"/>
    </telecom>
  </contact>
  <description value="Procedure varighed; over/under 15 min."/>
  <compose>
    <include>
      <system value="https://kip.rkkp.dk/fhir/CodeSystem/ProcedureDuration"/>
      <concept>
        <code value="&gt;15"/>
        <display value="Over 15 min."/>
      </concept>
      <concept>
        <code value="=&lt;15"/>
        <display value="Under eller lig 15 min."/>
      </concept>
    </include>
  </compose>
</ValueSet>