<?xml version="1.0" encoding="UTF-8"?>

<ValueSet xmlns="http://hl7.org/fhir">
  <id value="OperationKanalAntalDKRR"/>
  <text>
    <status value="extensions"/><div xmlns="http://www.w3.org/1999/xhtml"><p class="res-header-id"><b>Generated Narrative: ValueSet OperationKanalAntalDKRR</b></p><a name="OperationKanalAntalDKRR"> </a><a name="hcOperationKanalAntalDKRR"> </a><a name="OperationKanalAntalDKRR-en-US"> </a><ul><li>Include these codes as defined in <a href="CodeSystem-OperationCanal.html"><code>https://kip.rkkp.dk/fhir/CodeSystem/OperationCanal</code></a><table class="none"><tr><td style="white-space:nowrap"><b>Code</b></td><td><b>Display</b></td><td><b>Definition</b></td></tr><tr><td><a href="CodeSystem-OperationCanal.html#OperationCanal-1_canal">1_canal</a></td><td>1 kanal</td><td>1 canal / 1 kanal</td></tr><tr><td><a href="CodeSystem-OperationCanal.html#OperationCanal-2_canals">2_canals</a></td><td>2 kanaler</td><td>2 canals / 2 kanaler</td></tr></table></li></ul></div>
  </text>
  <url value="https://kip.rkkp.dk/fhir/ValueSet/OperationKanalAntalDKRR"/>
  <version value="0.1.6"/>
  <name value="OperationKanalAntalDKRR"/>
  <title value="Operation kanal - antal (DKRR)"/>
  <status value="active"/>
  <experimental value="true"/>
  <date value="2022-09-19T00:00:00+02:00"/>
  <publisher value="Sundhedsvæsnets Kvalistetsinstitut with Trifork Digital Health A/S"/>
  <contact>
    <name value="Sundhedsvæsnets Kvalistetsinstitut with Trifork Digital Health A/S"/>
    <telecom>
      <system value="url"/>
      <value value="https://trifork.com"/>
    </telecom>
    <telecom>
      <system value="email"/>
      <value value="rbk@trifork.com"/>
    </telecom>
  </contact>
  <description value="Operation kanal - antal (DKRR)"/>
  <compose>
    <include>
      <system value="https://kip.rkkp.dk/fhir/CodeSystem/OperationCanal"/>
      <concept>
        <code value="1_canal"/>
        <display value="1 kanal"/>
      </concept>
      <concept>
        <code value="2_canals"/>
        <display value="2 kanaler"/>
      </concept>
    </include>
  </compose>
</ValueSet>