<?xml version="1.0" encoding="UTF-8"?>

<ValueSet xmlns="http://hl7.org/fhir">
  <id value="Behandlingsintention"/>
  <text>
    <status value="extensions"/><div xmlns="http://www.w3.org/1999/xhtml"><p class="res-header-id"><b>Generated Narrative: ValueSet Behandlingsintention</b></p><a name="Behandlingsintention"> </a><a name="hcBehandlingsintention"> </a><a name="Behandlingsintention-en-US"> </a><ul><li>Include these codes as defined in <a href="CodeSystem-TreatmentIntention.html"><code>https://kip.rkkp.dk/fhir/CodeSystem/TreatmentIntention</code></a><table class="none"><tr><td style="white-space:nowrap"><b>Code</b></td><td><b>Display</b></td><td><b>Definition</b></td></tr><tr><td><a href="CodeSystem-TreatmentIntention.html#TreatmentIntention-surgical.47endoscopic">surgical/endoscopic</a></td><td>Kurativt intenderet, kirurgi/endoskopi</td><td>Kurativt intenderet, kirurgi/endoskopi</td></tr><tr><td><a href="CodeSystem-TreatmentIntention.html#TreatmentIntention-oncological">oncological</a></td><td>Kurativt intenderet, definitiv onkologisk</td><td>Kurativt intenderet, definitiv onkologisk</td></tr><tr><td><a href="CodeSystem-TreatmentIntention.html#TreatmentIntention-palliative">palliative</a></td><td>Primær palliativt intenderet</td><td>Palliativt intenderet</td></tr></table></li></ul></div>
  </text>
  <url value="https://kip.rkkp.dk/fhir/ValueSet/Behandlingsintention"/>
  <version value="0.1.6"/>
  <name value="Behandlingsintention"/>
  <title value="Behandlingsintention"/>
  <status value="active"/>
  <experimental value="true"/>
  <date value="2022-05-16T00:00:00+02:00"/>
  <publisher value="Sundhedsvæsnets Kvalistetsinstitut with Trifork Digital Health A/S"/>
  <contact>
    <name value="Sundhedsvæsnets Kvalistetsinstitut with Trifork Digital Health A/S"/>
    <telecom>
      <system value="url"/>
      <value value="https://trifork.com"/>
    </telecom>
    <telecom>
      <system value="email"/>
      <value value="rbk@trifork.com"/>
    </telecom>
  </contact>
  <description value="Behandlingsintention"/>
  <compose>
    <include>
      <system value="https://kip.rkkp.dk/fhir/CodeSystem/TreatmentIntention"/>
      <concept>
        <code value="surgical/endoscopic"/>
        <display value="Kurativt intenderet, kirurgi/endoskopi"/>
      </concept>
      <concept>
        <code value="oncological"/>
        <display value="Kurativt intenderet, definitiv onkologisk"/>
      </concept>
      <concept>
        <code value="palliative"/>
        <display value="Primær palliativt intenderet"/>
      </concept>
    </include>
  </compose>
</ValueSet>