<?xml version="1.0" encoding="UTF-8"?>

<ValueSet xmlns="http://hl7.org/fhir">
  <id value="WOOSTraeningDSR"/>
  <text>
    <status value="extensions"/><div xmlns="http://www.w3.org/1999/xhtml"><p class="res-header-id"><b>Generated Narrative: ValueSet WOOSTraeningDSR</b></p><a name="WOOSTraeningDSR"> </a><a name="hcWOOSTraeningDSR"> </a><a name="WOOSTraeningDSR-en-US"> </a><ul><li>Include these codes as defined in <a href="CodeSystem-WOOS.html"><code>https://kip.rkkp.dk/fhir/CodeSystem/WOOS</code></a><table class="none"><tr><td style="white-space:nowrap"><b>Code</b></td><td><b>Display</b></td><td><b>Definition</b></td></tr><tr><td><a href="CodeSystem-WOOS.html#WOOS-no_physiotherapy">no_physiotherapy</a></td><td>Ingen fysioterapi</td><td>Ingen fysioterapi</td></tr><tr><td><a href="CodeSystem-WOOS.html#WOOS-home_training">home_training</a></td><td>Hjemmetræning efter instruks</td><td>Hjemmetræning efter instruks</td></tr><tr><td><a href="CodeSystem-WOOS.html#WOOS-supervised_municipality">supervised_municipality</a></td><td>Superviseret fysioterapi via kommunen  (træning eller noget af denne foregår hos fysioterapeut i kommunen hvor du bor)</td><td>Superviseret fysioterapi via kommunen  (træning eller noget af denne foregår hos fysioterapeut i kommunen hvor du bor)</td></tr><tr><td><a href="CodeSystem-WOOS.html#WOOS-supervised_hospital">supervised_hospital</a></td><td>Superviseret fysioterapi på sygehus/hospital  (træningen eller noget af denne foregår hos fysioterapi på sygehus)</td><td>Superviseret fysioterapi på sygehus/hospital  (træningen eller noget af denne foregår hos fysioterapi på sygehus)</td></tr></table></li></ul></div>
  </text>
  <url value="https://kip.rkkp.dk/fhir/ValueSet/WOOSTraeningDSR"/>
  <version value="0.1.6"/>
  <name value="WOOSTraeningDSR"/>
  <title value="WOOS - Træning (DSR)"/>
  <status value="active"/>
  <experimental value="true"/>
  <date value="2022-10-07T00:00:00+02:00"/>
  <publisher value="Sundhedsvæsnets Kvalistetsinstitut with Trifork Digital Health A/S"/>
  <contact>
    <name value="Sundhedsvæsnets Kvalistetsinstitut with Trifork Digital Health A/S"/>
    <telecom>
      <system value="url"/>
      <value value="https://trifork.com"/>
    </telecom>
    <telecom>
      <system value="email"/>
      <value value="rbk@trifork.com"/>
    </telecom>
  </contact>
  <description value="WOOS - Træning (DSR)"/>
  <compose>
    <include>
      <system value="https://kip.rkkp.dk/fhir/CodeSystem/WOOS"/>
      <concept>
        <code value="no_physiotherapy"/>
        <display value="Ingen fysioterapi"/>
      </concept>
      <concept>
        <code value="home_training"/>
        <display value="Hjemmetræning efter instruks"/>
      </concept>
      <concept>
        <code value="supervised_municipality"/>
        <display value="Superviseret fysioterapi via kommunen  (træning eller noget af denne foregår hos fysioterapeut i kommunen hvor du bor)"/>
      </concept>
      <concept>
        <code value="supervised_hospital"/>
        <display value="Superviseret fysioterapi på sygehus/hospital  (træningen eller noget af denne foregår hos fysioterapi på sygehus)"/>
      </concept>
    </include>
  </compose>
</ValueSet>