<?xml version="1.0" encoding="UTF-8"?>

<ValueSet xmlns="http://hl7.org/fhir">
  <id value="StraalebehandlingTAAll"/>
  <text>
    <status value="extensions"/><div xmlns="http://www.w3.org/1999/xhtml"><p class="res-header-id"><b>Generated Narrative: ValueSet StraalebehandlingTAAll</b></p><a name="StraalebehandlingTAAll"> </a><a name="hcStraalebehandlingTAAll"> </a><a name="StraalebehandlingTAAll-en-US"> </a><ul><li>Include these codes as defined in <a href="CodeSystem-StraalebehandlingTA.html"><code>https://kip.rkkp.dk/fhir/CodeSystem/StraalebehandlingTA</code></a><table class="none"><tr><td style="white-space:nowrap"><b>Code</b></td><td><b>Display</b></td><td><b>Definition</b></td></tr><tr><td><a href="CodeSystem-StraalebehandlingTA.html#StraalebehandlingTA-priTum">priTum</a></td><td>Primær tumor</td><td>Hvis den primære tumor var målet</td></tr><tr><td><a href="CodeSystem-StraalebehandlingTA.html#StraalebehandlingTA-kngTast">kngTast</a></td><td>Knoglemetastase</td><td>Hvis knoglemetastase var målet</td></tr><tr><td><a href="CodeSystem-StraalebehandlingTA.html#StraalebehandlingTA-cns">cns</a></td><td>CNS</td><td>Hvis CNS var målet</td></tr><tr><td><a href="CodeSystem-StraalebehandlingTA.html#StraalebehandlingTA-anden">anden</a></td><td>Anden/Ikke specificeret</td><td>Hvis andet eller ikke specificeret mål blev valgt</td></tr></table></li></ul></div>
  </text>
  <url value="https://kip.rkkp.dk/fhir/ValueSet/StraalebehandlingTAAll"/>
  <version value="0.1.6"/>
  <name value="StraalebehandlingTAAll"/>
  <title value="Strålebehandlinger mål - alle"/>
  <status value="active"/>
  <experimental value="true"/>
  <date value="2022-05-16T00:00:00+02:00"/>
  <publisher value="Sundhedsvæsnets Kvalistetsinstitut with Trifork Digital Health A/S"/>
  <contact>
    <name value="Sundhedsvæsnets Kvalistetsinstitut with Trifork Digital Health A/S"/>
    <telecom>
      <system value="url"/>
      <value value="https://trifork.com"/>
    </telecom>
    <telecom>
      <system value="email"/>
      <value value="rbk@trifork.com"/>
    </telecom>
  </contact>
  <description value="Alle mål for strålebehandling"/>
  <compose>
    <include>
      <system value="https://kip.rkkp.dk/fhir/CodeSystem/StraalebehandlingTA"/>
      <concept>
        <code value="priTum"/>
        <display value="Primær tumor"/>
      </concept>
      <concept>
        <code value="kngTast"/>
        <display value="Knoglemetastase"/>
      </concept>
      <concept>
        <code value="cns"/>
        <display value="CNS"/>
      </concept>
      <concept>
        <code value="anden"/>
        <display value="Anden/Ikke specificeret"/>
      </concept>
    </include>
  </compose>
</ValueSet>