<?xml version="1.0" encoding="UTF-8"?>

<ValueSet xmlns="http://hl7.org/fhir">
  <id value="IndgrebNerveSet"/>
  <text>
    <status value="extensions"/><div xmlns="http://www.w3.org/1999/xhtml"><p class="res-header-id"><b>Generated Narrative: ValueSet IndgrebNerveSet</b></p><a name="IndgrebNerveSet"> </a><a name="hcIndgrebNerveSet"> </a><a name="IndgrebNerveSet-en-US"> </a><ul><li>Include these codes as defined in <a href="CodeSystem-GenericValues.html"><code>https://kip.rkkp.dk/fhir/CodeSystem/GenericValues</code></a><table class="none"><tr><td style="white-space:nowrap"><b>Code</b></td><td><b>Display</b></td><td><b>Definition</b></td></tr><tr><td><a href="CodeSystem-GenericValues.html#GenericValues-spared">spared</a></td><td>Skånet</td><td>Spared / Skånet</td></tr><tr><td><a href="CodeSystem-GenericValues.html#GenericValues-parted">parted</a></td><td>Delt</td><td>Parted / Delt</td></tr><tr><td><a href="CodeSystem-GenericValues.html#GenericValues-not_indicated">not_indicated</a></td><td>Ikke set</td><td>Not indicated / Ikke indiceret</td></tr></table></li></ul></div>
  </text>
  <url value="https://kip.rkkp.dk/fhir/ValueSet/IndgrebNerveSet"/>
  <version value="0.1.6"/>
  <name value="IndgrebNerveSet"/>
  <title value="Indgreb - hvad gøres hvis en nerve er set"/>
  <status value="active"/>
  <experimental value="true"/>
  <date value="2022-07-20T00:00:00+02:00"/>
  <publisher value="Sundhedsvæsnets Kvalistetsinstitut with Trifork Digital Health A/S"/>
  <contact>
    <name value="Sundhedsvæsnets Kvalistetsinstitut with Trifork Digital Health A/S"/>
    <telecom>
      <system value="url"/>
      <value value="https://trifork.com"/>
    </telecom>
    <telecom>
      <system value="email"/>
      <value value="rbk@trifork.com"/>
    </telecom>
  </contact>
  <description value="Indgreb - hvad gøres hvis en nerve er set"/>
  <compose>
    <include>
      <system value="https://kip.rkkp.dk/fhir/CodeSystem/GenericValues"/>
      <concept>
        <code value="spared"/>
        <display value="Skånet"/>
      </concept>
      <concept>
        <code value="parted"/>
        <display value="Delt"/>
      </concept>
      <concept>
        <code value="not_indicated"/>
        <display value="Ikke set"/>
      </concept>
    </include>
  </compose>
</ValueSet>