<?xml version="1.0" encoding="UTF-8"?>

<ValueSet xmlns="http://hl7.org/fhir">
  <id value="LaryngoskopiDegree"/>
  <text>
    <status value="extensions"/><div xmlns="http://www.w3.org/1999/xhtml"><p class="res-header-id"><b>Generated Narrative: ValueSet LaryngoskopiDegree</b></p><a name="LaryngoskopiDegree"> </a><a name="hcLaryngoskopiDegree"> </a><a name="LaryngoskopiDegree-en-US"> </a><ul><li>Include these codes as defined in <a href="CodeSystem-LaryngoskopiDegree.html"><code>https://kip.rkkp.dk/fhir/CodeSystem/LaryngoskopiDegree</code></a><table class="none"><tr><td style="white-space:nowrap"><b>Code</b></td><td><b>Display</b></td><td><b>Definition</b></td></tr><tr><td><a href="CodeSystem-LaryngoskopiDegree.html#LaryngoskopiDegree-degree1">degree1</a></td><td>Grad 1: Stemmebånd kan visualiseres i fuld længde</td><td>Grad 1: Stemmebånd kan visualiseres i fuld længde</td></tr><tr><td><a href="CodeSystem-LaryngoskopiDegree.html#LaryngoskopiDegree-degree2">degree2</a></td><td>Grad 2: 1/3 af stemmebåndene kan visualiseres</td><td>Grad 2: 1/3 af stemmebåndene kan visualiseres</td></tr><tr><td><a href="CodeSystem-LaryngoskopiDegree.html#LaryngoskopiDegree-degree3">degree3</a></td><td>Grad 3: Epiglottis men ikke stemmebånd kan visualiseres</td><td>Grad 3: Epiglottis men ikke stemmebånd kan visualiseres</td></tr><tr><td><a href="CodeSystem-LaryngoskopiDegree.html#LaryngoskopiDegree-degree4">degree4</a></td><td>Grad 4: Epiglottis kan ikke visualiseres</td><td>Grad 4: Epiglottis kan ikke visualiseres</td></tr><tr><td><a href="CodeSystem-LaryngoskopiDegree.html#LaryngoskopiDegree-noattempt">noattempt</a></td><td>Direkte laryngoskopi ikke forsøgt</td><td>Direkte laryngoskopi ikke forsøgt</td></tr></table></li></ul></div>
  </text>
  <url value="https://kip.rkkp.dk/fhir/ValueSet/LaryngoskopiDegree"/>
  <version value="0.1.6"/>
  <name value="LaryngoskopiDegree"/>
  <title value="Laryngoskopigrad"/>
  <status value="active"/>
  <experimental value="true"/>
  <date value="2022-06-09T00:00:00+02:00"/>
  <publisher value="Sundhedsvæsnets Kvalistetsinstitut with Trifork Digital Health A/S"/>
  <contact>
    <name value="Sundhedsvæsnets Kvalistetsinstitut with Trifork Digital Health A/S"/>
    <telecom>
      <system value="url"/>
      <value value="https://trifork.com"/>
    </telecom>
    <telecom>
      <system value="email"/>
      <value value="rbk@trifork.com"/>
    </telecom>
  </contact>
  <description value="Bedst opnåede laryngoskopigrad ved direkte laryngoskopi efter Cormack &amp; Lehane"/>
  <compose>
    <include>
      <system value="https://kip.rkkp.dk/fhir/CodeSystem/LaryngoskopiDegree"/>
      <concept>
        <code value="degree1"/>
        <display value="Grad 1: Stemmebånd kan visualiseres i fuld længde"/>
      </concept>
      <concept>
        <code value="degree2"/>
        <display value="Grad 2: 1/3 af stemmebåndene kan visualiseres"/>
      </concept>
      <concept>
        <code value="degree3"/>
        <display value="Grad 3: Epiglottis men ikke stemmebånd kan visualiseres"/>
      </concept>
      <concept>
        <code value="degree4"/>
        <display value="Grad 4: Epiglottis kan ikke visualiseres"/>
      </concept>
      <concept>
        <code value="noattempt"/>
        <display value="Direkte laryngoskopi ikke forsøgt"/>
      </concept>
    </include>
  </compose>
</ValueSet>