<?xml version="1.0" encoding="UTF-8"?>

<ValueSet xmlns="http://hl7.org/fhir">
  <id value="PTNMtype"/>
  <text>
    <status value="extensions"/><div xmlns="http://www.w3.org/1999/xhtml"><p class="res-header-id"><b>Generated Narrative: ValueSet PTNMtype</b></p><a name="PTNMtype"> </a><a name="hcPTNMtype"> </a><a name="PTNMtype-en-US"> </a><ul><li>Include these codes as defined in <a href="CodeSystem-PTNMType.html"><code>https://kip.rkkp.dk/fhir/CodeSystem/PTNMType</code></a><table class="none"><tr><td style="white-space:nowrap"><b>Code</b></td><td><b>Display</b></td><td><b>Definition</b></td></tr><tr><td><a href="CodeSystem-PTNMType.html#PTNMType-ptnm">ptnm</a></td><td>pTNM</td><td>pTNM</td></tr><tr><td><a href="CodeSystem-PTNMType.html#PTNMType-yptnm">yptnm</a></td><td>ypTNM</td><td>ypTNM</td></tr></table></li></ul></div>
  </text>
  <url value="https://kip.rkkp.dk/fhir/ValueSet/PTNMtype"/>
  <version value="0.1.6"/>
  <name value="PTNMtype"/>
  <title value="pTNM type"/>
  <status value="active"/>
  <experimental value="true"/>
  <date value="2022-06-08T00:00:00+02:00"/>
  <publisher value="Sundhedsvæsnets Kvalistetsinstitut with Trifork Digital Health A/S"/>
  <contact>
    <name value="Sundhedsvæsnets Kvalistetsinstitut with Trifork Digital Health A/S"/>
    <telecom>
      <system value="url"/>
      <value value="https://trifork.com"/>
    </telecom>
    <telecom>
      <system value="email"/>
      <value value="rbk@trifork.com"/>
    </telecom>
  </contact>
  <description value="Typen af pTNM klassifikationen"/>
  <compose>
    <include>
      <system value="https://kip.rkkp.dk/fhir/CodeSystem/PTNMType"/>
      <concept>
        <code value="ptnm"/>
        <display value="pTNM"/>
      </concept>
      <concept>
        <code value="yptnm"/>
        <display value="ypTNM"/>
      </concept>
    </include>
  </compose>
</ValueSet>