<?xml version="1.0" encoding="UTF-8"?>

<ValueSet xmlns="http://hl7.org/fhir">
  <id value="EORTC17DPD"/>
  <text>
    <status value="extensions"/><div xmlns="http://www.w3.org/1999/xhtml"><p class="res-header-id"><b>Generated Narrative: ValueSet EORTC17DPD</b></p><a name="EORTC17DPD"> </a><a name="hcEORTC17DPD"> </a><a name="EORTC17DPD-en-US"> </a><ul><li>Include these codes as defined in <a href="CodeSystem-EORTCQLQC1517.html"><code>https://kip.rkkp.dk/fhir/CodeSystem/EORTCQLQC1517</code></a><table class="none"><tr><td style="white-space:nowrap"><b>Code</b></td><td><b>Display</b></td><td><b>Definition</b></td></tr><tr><td><a href="CodeSystem-EORTCQLQC1517.html#EORTCQLQC1517-grade_1">grade_1</a></td><td>1. Meget dårlig</td><td>1. Meget dårlig</td></tr><tr><td><a href="CodeSystem-EORTCQLQC1517.html#EORTCQLQC1517-grade_2">grade_2</a></td><td>2. Dårlig</td><td>2. Dårlig</td></tr><tr><td><a href="CodeSystem-EORTCQLQC1517.html#EORTCQLQC1517-grade_3">grade_3</a></td><td>3. Mindre dårlig</td><td>3. Mindre dårlig</td></tr><tr><td><a href="CodeSystem-EORTCQLQC1517.html#EORTCQLQC1517-grade_4">grade_4</a></td><td>4. Hverken god eller dårlig</td><td>4. Hverken god eller dårlig</td></tr><tr><td><a href="CodeSystem-EORTCQLQC1517.html#EORTCQLQC1517-grade_5">grade_5</a></td><td>5. Mindre god</td><td>5. Mindre god</td></tr><tr><td><a href="CodeSystem-EORTCQLQC1517.html#EORTCQLQC1517-grade_6">grade_6</a></td><td>6. God</td><td>6. God</td></tr><tr><td><a href="CodeSystem-EORTCQLQC1517.html#EORTCQLQC1517-grade_7">grade_7</a></td><td>7. Særdeles god</td><td>7. Særdeles god</td></tr></table></li></ul></div>
  </text>
  <url value="https://kip.rkkp.dk/fhir/ValueSet/EORTC17DPD"/>
  <version value="0.1.6"/>
  <name value="EORTC17DPD"/>
  <title value="EORTC Grad 1-7 (DPD)"/>
  <status value="active"/>
  <experimental value="true"/>
  <date value="2022-07-28T00:00:00+02:00"/>
  <publisher value="Sundhedsvæsnets Kvalistetsinstitut with Trifork Digital Health A/S"/>
  <contact>
    <name value="Sundhedsvæsnets Kvalistetsinstitut with Trifork Digital Health A/S"/>
    <telecom>
      <system value="url"/>
      <value value="https://trifork.com"/>
    </telecom>
    <telecom>
      <system value="email"/>
      <value value="rbk@trifork.com"/>
    </telecom>
  </contact>
  <description value="EORTC Grad 1-7 - Livskvalitetssvurdering (DPD)"/>
  <compose>
    <include>
      <system value="https://kip.rkkp.dk/fhir/CodeSystem/EORTCQLQC1517"/>
      <concept>
        <code value="grade_1"/>
        <display value="1. Meget dårlig"/>
      </concept>
      <concept>
        <code value="grade_2"/>
        <display value="2. Dårlig"/>
      </concept>
      <concept>
        <code value="grade_3"/>
        <display value="3. Mindre dårlig"/>
      </concept>
      <concept>
        <code value="grade_4"/>
        <display value="4. Hverken god eller dårlig"/>
      </concept>
      <concept>
        <code value="grade_5"/>
        <display value="5. Mindre god"/>
      </concept>
      <concept>
        <code value="grade_6"/>
        <display value="6. God"/>
      </concept>
      <concept>
        <code value="grade_7"/>
        <display value="7. Særdeles god"/>
      </concept>
    </include>
  </compose>
</ValueSet>