<?xml version="1.0" encoding="UTF-8"?>

<ValueSet xmlns="http://hl7.org/fhir">
  <id value="DatabasesHAEMA"/>
  <text>
    <status value="extensions"/><div xmlns="http://www.w3.org/1999/xhtml"><p class="res-header-id"><b>Generated Narrative: ValueSet DatabasesHAEMA</b></p><a name="DatabasesHAEMA"> </a><a name="hcDatabasesHAEMA"> </a><a name="DatabasesHAEMA-en-US"> </a><ul><li>Include these codes as defined in <a href="CodeSystem-DatabasesKIP.html"><code>https://kip.rkkp.dk/fhir/CodeSystem/DatabasesKIP</code></a><table class="none"><tr><td style="white-space:nowrap"><b>Code</b></td><td><b>Display</b></td><td><b>Definition</b></td></tr><tr><td><a href="CodeSystem-DatabasesKIP.html#DatabasesKIP-ALD">ALD</a></td><td>ALD</td><td>HÆMA - ALD</td></tr><tr><td><a href="CodeSystem-DatabasesKIP.html#DatabasesKIP-DAMYDA">DAMYDA</a></td><td>DAMYDA</td><td>HÆMA - DAMYDA</td></tr><tr><td><a href="CodeSystem-DatabasesKIP.html#DatabasesKIP-MDS">MDS</a></td><td>MDS</td><td>HÆMA - MDS</td></tr></table></li></ul></div>
  </text>
  <url value="https://kip.rkkp.dk/fhir/ValueSet/DatabasesHAEMA"/>
  <version value="0.1.6"/>
  <name value="DatabasesHAEMA"/>
  <title value="Databaser i HÆMA"/>
  <status value="active"/>
  <experimental value="true"/>
  <date value="2023-03-15T00:00:00+02:00"/>
  <publisher value="Sundhedsvæsnets Kvalistetsinstitut with Trifork Digital Health A/S"/>
  <contact>
    <name value="Sundhedsvæsnets Kvalistetsinstitut with Trifork Digital Health A/S"/>
    <telecom>
      <system value="url"/>
      <value value="https://trifork.com"/>
    </telecom>
    <telecom>
      <system value="email"/>
      <value value="rbk@trifork.com"/>
    </telecom>
  </contact>
  <description value="Databaser i HÆMA"/>
  <compose>
    <include>
      <system value="https://kip.rkkp.dk/fhir/CodeSystem/DatabasesKIP"/>
      <concept>
        <code value="ALD"/>
        <display value="ALD"/>
      </concept>
      <concept>
        <code value="DAMYDA"/>
        <display value="DAMYDA"/>
      </concept>
      <concept>
        <code value="MDS"/>
        <display value="MDS"/>
      </concept>
    </include>
  </compose>
</ValueSet>