<?xml version="1.0" encoding="UTF-8"?>

<ValueSet xmlns="http://hl7.org/fhir">
  <id value="ImplantatReverseDesign"/>
  <text>
    <status value="extensions"/><div xmlns="http://www.w3.org/1999/xhtml"><p class="res-header-id"><b>Generated Narrative: ValueSet ImplantatReverseDesign</b></p><a name="ImplantatReverseDesign"> </a><a name="hcImplantatReverseDesign"> </a><a name="ImplantatReverseDesign-en-US"> </a><ul><li>Include these codes as defined in <a href="CodeSystem-ImplantComponents.html"><code>https://kip.rkkp.dk/fhir/CodeSystem/ImplantComponents</code></a><table class="none"><tr><td style="white-space:nowrap"><b>Code</b></td><td><b>Display</b></td><td><b>Definition</b></td></tr><tr><td><a href="CodeSystem-ImplantComponents.html#ImplantComponents-standard">standard</a></td><td>Standard</td><td>Standard</td></tr><tr><td><a href="CodeSystem-ImplantComponents.html#ImplantComponents-eccentric">eccentric</a></td><td>Excentrisk</td><td>Excentrisk</td></tr></table></li></ul></div>
  </text>
  <url value="https://kip.rkkp.dk/fhir/ValueSet/ImplantatReverseDesign"/>
  <version value="0.1.6"/>
  <name value="ImplantatReverseDesign"/>
  <title value="Implantat - reverse design"/>
  <status value="active"/>
  <experimental value="true"/>
  <date value="2022-10-06T00:00:00+02:00"/>
  <publisher value="Sundhedsvæsnets Kvalistetsinstitut with Trifork Digital Health A/S"/>
  <contact>
    <name value="Sundhedsvæsnets Kvalistetsinstitut with Trifork Digital Health A/S"/>
    <telecom>
      <system value="url"/>
      <value value="https://trifork.com"/>
    </telecom>
    <telecom>
      <system value="email"/>
      <value value="rbk@trifork.com"/>
    </telecom>
  </contact>
  <description value="Implantat - reverse design"/>
  <compose>
    <include>
      <system value="https://kip.rkkp.dk/fhir/CodeSystem/ImplantComponents"/>
      <concept>
        <code value="standard"/>
        <display value="Standard"/>
      </concept>
      <concept>
        <code value="eccentric"/>
        <display value="Excentrisk"/>
      </concept>
    </include>
  </compose>
</ValueSet>