<?xml version="1.0" encoding="UTF-8"?>

<ValueSet xmlns="http://hl7.org/fhir">
  <id value="SORTrombolyseenhedDAP"/>
  <text>
    <status value="extensions"/><div xmlns="http://www.w3.org/1999/xhtml"><p class="res-header-id"><b>Generated Narrative: ValueSet SORTrombolyseenhedDAP</b></p><a name="SORTrombolyseenhedDAP"> </a><a name="hcSORTrombolyseenhedDAP"> </a><a name="SORTrombolyseenhedDAP-en-US"> </a><ul><li>Include these codes as defined in <a href="CodeSystem-SOR.html"><code>https://kip.rkkp.dk/fhir/CodeSystem/SOR</code></a><table class="none"><tr><td style="white-space:nowrap"><b>Code</b></td><td><b>Display</b></td><td><b>Definition</b></td></tr><tr><td><a href="CodeSystem-SOR.html#SOR-253081000016000">253081000016000</a></td><td>Rigshospitalet, Blegdamsvej, Neurologisk</td><td>Rigshospitalet - Sengeafsnit 2094 (Shak: 1301221)</td></tr><tr><td><a href="CodeSystem-SOR.html#SOR-257721000016006">257721000016006</a></td><td>Bispebjerg og Frederiksberg Hospitaler, Neurologisk – akut apopleksi</td><td>Bispebjerg og Frederiksberg Hospitaler - Neurologisk afd. akut apopleksi (Shak: 1309170)</td></tr><tr><td><a href="CodeSystem-SOR.html#SOR-265621000016001">265621000016001</a></td><td>Bornholms Hospital</td><td>Bornholms Hospital - Medicinsk sengeafd. (Shak: 4001030)</td></tr><tr><td><a href="CodeSystem-SOR.html#SOR-223601000016004">223601000016004</a></td><td>Roskilde Neurovaskulær Afdeling</td><td>Region Sjællands Sygehusvæsen - ROS Neurologisk Afd. (Shak: 3800A80)</td></tr><tr><td><a href="CodeSystem-SOR.html#SOR-240121000016005">240121000016005</a></td><td>Odense, Neurologisk</td><td>Odense Universitetshospital - Svendborg - OUH Neurologisk Afsnit N (Shak: 4202160)</td></tr><tr><td><a href="CodeSystem-SOR.html#SOR-503321000016003">503321000016003</a></td><td>Sygehus Sønderjylland, Hjerne- og Nervesygdomme (Aabenraa)</td><td>Sygehus Sønderjylland - SHS Hjerne- og Nervesygdomme Sengeafsnit (Aabenraa) (Shak: 5000520)</td></tr><tr><td><a href="CodeSystem-SOR.html#SOR-245291000016005">245291000016005</a></td><td>Sydvestjysk Sygehus, Stroke Afsnit</td><td>Sydvestjysk Sygehus - SVS Stroke Afsnit (Esbjerg) (Shak: 550105B)</td></tr><tr><td><a href="CodeSystem-SOR.html#SOR-637201000016005">637201000016005</a></td><td>Sygehus Lillebælt, Hjerne- og Nervesygdomme (Kolding)</td><td>Sygehus Lillebælt - SLB Hjerne- og Nervesygdomme Senge (Kolding) (Shak: 6007320)</td></tr><tr><td><a href="CodeSystem-SOR.html#SOR-440081000016006">440081000016006</a></td><td>Aarhus, Stroke</td><td>Aarhus Universitetshospital - Neurologisk Sengeafdeling (Shak: 6620151)</td></tr><tr><td><a href="CodeSystem-SOR.html#SOR-900791000016001">900791000016001</a></td><td>Regionshospitalet Gødstrup, Neurologisk Afsnit</td><td>Regionshospitalet Gødstrup - Neurologisk Afsnit Gødstrup - RHG (Shak: 6640401)</td></tr><tr><td><a href="CodeSystem-SOR.html#SOR-275981000016003">275981000016003</a></td><td>Aalborg, Stroke</td><td>Aalborg Universitetshospital - Alb Neurologisk afd. (Shak: 8001191)</td></tr></table></li></ul></div>
  </text>
  <url value="https://kip.rkkp.dk/fhir/ValueSet/SORTrombolyseenhedDAP"/>
  <version value="0.1.6"/>
  <name value="SORTrombolyseenhedDAP"/>
  <title value="SOR: Trombolyseenhed (DAP)"/>
  <status value="active"/>
  <experimental value="true"/>
  <date value="2022-10-13T00:00:00+02:00"/>
  <publisher value="Sundhedsvæsnets Kvalistetsinstitut with Trifork Digital Health A/S"/>
  <contact>
    <name value="Sundhedsvæsnets Kvalistetsinstitut with Trifork Digital Health A/S"/>
    <telecom>
      <system value="url"/>
      <value value="https://trifork.com"/>
    </telecom>
    <telecom>
      <system value="email"/>
      <value value="rbk@trifork.com"/>
    </telecom>
  </contact>
  <description value="SOR: Trombolyseenhed (DAP)"/>
  <compose>
    <include>
      <system value="https://kip.rkkp.dk/fhir/CodeSystem/SOR"/>
      <concept>
        <code value="253081000016000"/>
        <display value="Rigshospitalet, Blegdamsvej, Neurologisk"/>
      </concept>
      <concept>
        <code value="257721000016006"/>
        <display value="Bispebjerg og Frederiksberg Hospitaler, Neurologisk – akut apopleksi"/>
      </concept>
      <concept>
        <code value="265621000016001"/>
        <display value="Bornholms Hospital"/>
      </concept>
      <concept>
        <code value="223601000016004"/>
        <display value="Roskilde Neurovaskulær Afdeling"/>
      </concept>
      <concept>
        <code value="240121000016005"/>
        <display value="Odense, Neurologisk"/>
      </concept>
      <concept>
        <code value="503321000016003"/>
        <display value="Sygehus Sønderjylland, Hjerne- og Nervesygdomme (Aabenraa)"/>
      </concept>
      <concept>
        <code value="245291000016005"/>
        <display value="Sydvestjysk Sygehus, Stroke Afsnit"/>
      </concept>
      <concept>
        <code value="637201000016005"/>
        <display value="Sygehus Lillebælt, Hjerne- og Nervesygdomme (Kolding)"/>
      </concept>
      <concept>
        <code value="440081000016006"/>
        <display value="Aarhus, Stroke"/>
      </concept>
      <concept>
        <code value="900791000016001"/>
        <display value="Regionshospitalet Gødstrup, Neurologisk Afsnit"/>
      </concept>
      <concept>
        <code value="275981000016003"/>
        <display value="Aalborg, Stroke"/>
      </concept>
    </include>
  </compose>
</ValueSet>