<?xml version="1.0" encoding="UTF-8"?>

<ValueSet xmlns="http://hl7.org/fhir">
  <id value="POPQTvlDUGA"/>
  <text>
    <status value="extensions"/><div xmlns="http://www.w3.org/1999/xhtml"><p class="res-header-id"><b>Generated Narrative: ValueSet POPQTvlDUGA</b></p><a name="POPQTvlDUGA"> </a><a name="hcPOPQTvlDUGA"> </a><a name="POPQTvlDUGA-en-US"> </a><ul><li>Include these codes as defined in <a href="CodeSystem-IntervalsExact.html"><code>https://kip.rkkp.dk/fhir/CodeSystem/IntervalsExact</code></a><table class="none"><tr><td style="white-space:nowrap"><b>Code</b></td><td><b>Display</b></td><td><b>Definition</b></td></tr><tr><td><a href="CodeSystem-IntervalsExact.html#IntervalsExact-6">6</a></td><td>6</td><td>6,0</td></tr><tr><td><a href="CodeSystem-IntervalsExact.html#IntervalsExact-6-5">6-5</a></td><td>6,5</td><td>6,5</td></tr><tr><td><a href="CodeSystem-IntervalsExact.html#IntervalsExact-7">7</a></td><td>7</td><td>7,0</td></tr><tr><td><a href="CodeSystem-IntervalsExact.html#IntervalsExact-7-5">7-5</a></td><td>7,5</td><td>7,5</td></tr><tr><td><a href="CodeSystem-IntervalsExact.html#IntervalsExact-8">8</a></td><td>8</td><td>8,0</td></tr><tr><td><a href="CodeSystem-IntervalsExact.html#IntervalsExact-8-5">8-5</a></td><td>8,5</td><td>8,5</td></tr><tr><td><a href="CodeSystem-IntervalsExact.html#IntervalsExact-9">9</a></td><td>9</td><td>9,0</td></tr><tr><td><a href="CodeSystem-IntervalsExact.html#IntervalsExact-9-5">9-5</a></td><td>9,5</td><td>9,5</td></tr><tr><td><a href="CodeSystem-IntervalsExact.html#IntervalsExact-10">10</a></td><td>10</td><td>10,0</td></tr><tr><td><a href="CodeSystem-IntervalsExact.html#IntervalsExact-10-5">10-5</a></td><td>10,5</td><td>10,5</td></tr><tr><td><a href="CodeSystem-IntervalsExact.html#IntervalsExact-11">11</a></td><td>11</td><td>11,0</td></tr><tr><td><a href="CodeSystem-IntervalsExact.html#IntervalsExact-11-5">11-5</a></td><td>11,5</td><td>1,5</td></tr><tr><td><a href="CodeSystem-IntervalsExact.html#IntervalsExact-12">12</a></td><td>12</td><td>12,0</td></tr><tr><td><a href="CodeSystem-IntervalsExact.html#IntervalsExact-12-5">12-5</a></td><td>12,5</td><td>2,5</td></tr><tr><td><a href="CodeSystem-IntervalsExact.html#IntervalsExact-13">13</a></td><td>13</td><td>13,0</td></tr></table></li></ul></div>
  </text>
  <url value="https://kip.rkkp.dk/fhir/ValueSet/POPQTvlDUGA"/>
  <version value="0.1.6"/>
  <name value="POPQTvlDUGA"/>
  <title value="POP-Q undersøgelse Tvl (DUGA)"/>
  <status value="active"/>
  <experimental value="true"/>
  <date value="2024-02-13T00:00:00+02:00"/>
  <publisher value="Sundhedsvæsnets Kvalistetsinstitut with Trifork Digital Health A/S"/>
  <contact>
    <name value="Sundhedsvæsnets Kvalistetsinstitut with Trifork Digital Health A/S"/>
    <telecom>
      <system value="url"/>
      <value value="https://trifork.com"/>
    </telecom>
    <telecom>
      <system value="email"/>
      <value value="rbk@trifork.com"/>
    </telecom>
  </contact>
  <description value="Nedsynkning - POP-Q undersøgelse Tvl (DUGA)"/>
  <compose>
    <include>
      <system value="https://kip.rkkp.dk/fhir/CodeSystem/IntervalsExact"/>
      <concept>
        <code value="6"/>
        <display value="6"/>
      </concept>
      <concept>
        <code value="6-5"/>
        <display value="6,5"/>
      </concept>
      <concept>
        <code value="7"/>
        <display value="7"/>
      </concept>
      <concept>
        <code value="7-5"/>
        <display value="7,5"/>
      </concept>
      <concept>
        <code value="8"/>
        <display value="8"/>
      </concept>
      <concept>
        <code value="8-5"/>
        <display value="8,5"/>
      </concept>
      <concept>
        <code value="9"/>
        <display value="9"/>
      </concept>
      <concept>
        <code value="9-5"/>
        <display value="9,5"/>
      </concept>
      <concept>
        <code value="10"/>
        <display value="10"/>
      </concept>
      <concept>
        <code value="10-5"/>
        <display value="10,5"/>
      </concept>
      <concept>
        <code value="11"/>
        <display value="11"/>
      </concept>
      <concept>
        <code value="11-5"/>
        <display value="11,5"/>
      </concept>
      <concept>
        <code value="12"/>
        <display value="12"/>
      </concept>
      <concept>
        <code value="12-5"/>
        <display value="12,5"/>
      </concept>
      <concept>
        <code value="13"/>
        <display value="13"/>
      </concept>
    </include>
  </compose>
</ValueSet>