<?xml version="1.0" encoding="UTF-8"?>

<ValueSet xmlns="http://hl7.org/fhir">
  <id value="GlenoidalkomponentIkkeIndsatDSR"/>
  <text>
    <status value="extensions"/><div xmlns="http://www.w3.org/1999/xhtml"><p class="res-header-id"><b>Generated Narrative: ValueSet GlenoidalkomponentIkkeIndsatDSR</b></p><a name="GlenoidalkomponentIkkeIndsatDSR"> </a><a name="hcGlenoidalkomponentIkkeIndsatDSR"> </a><a name="GlenoidalkomponentIkkeIndsatDSR-en-US"> </a><p>This value set includes codes based on the following rules:</p><ul><li>Include these codes as defined in <a href="CodeSystem-ImplantComponents.html"><code>https://kip.rkkp.dk/fhir/CodeSystem/ImplantComponents</code></a><table class="none"><tr><td style="white-space:nowrap"><b>Code</b></td><td><b>Display</b></td><td><b>Definition</b></td></tr><tr><td><a href="CodeSystem-ImplantComponents.html#ImplantComponents-cavitas_untouched">cavitas_untouched</a></td><td>Cavitas urørt</td><td>Cavitas urørt</td></tr><tr><td><a href="CodeSystem-ImplantComponents.html#ImplantComponents-cavitas_inforeret">cavitas_inforeret</a></td><td>Cavitas inforeret</td><td>Cavitas inforeret</td></tr><tr><td><a href="CodeSystem-ImplantComponents.html#ImplantComponents-cavitas_reamet">cavitas_reamet</a></td><td>Cavitas reamet</td><td>Cavitas reamet</td></tr><tr><td><a href="CodeSystem-ImplantComponents.html#ImplantComponents-cavitas_removed">cavitas_removed</a></td><td>Glenoidal komponent fjernet</td><td>Cavitas fjernet</td></tr></table></li><li>Include these codes as defined in <a href="CodeSystem-GenericValues.html"><code>https://kip.rkkp.dk/fhir/CodeSystem/GenericValues</code></a><table class="none"><tr><td style="white-space:nowrap"><b>Code</b></td><td><b>Display</b></td><td><b>Definition</b></td></tr><tr><td><a href="CodeSystem-GenericValues.html#GenericValues-other">other</a></td><td>Andet</td><td>Other - used to choose unspecific value not in a valueset</td></tr></table></li></ul></div>
  </text>
  <url value="https://kip.rkkp.dk/fhir/ValueSet/GlenoidalkomponentIkkeIndsatDSR"/>
  <version value="0.1.6"/>
  <name value="GlenoidalkomponentIkkeIndsatDSR"/>
  <title value="Glenoidalkomponent - ikke indsat (DSR)"/>
  <status value="active"/>
  <experimental value="true"/>
  <date value="2022-10-06T00:00:00+02:00"/>
  <publisher value="Sundhedsvæsnets Kvalistetsinstitut with Trifork Digital Health A/S"/>
  <contact>
    <name value="Sundhedsvæsnets Kvalistetsinstitut with Trifork Digital Health A/S"/>
    <telecom>
      <system value="url"/>
      <value value="https://trifork.com"/>
    </telecom>
    <telecom>
      <system value="email"/>
      <value value="rbk@trifork.com"/>
    </telecom>
  </contact>
  <description value="Glenoidalkomponent - ikke indsat (DSR)"/>
  <compose>
    <include>
      <system value="https://kip.rkkp.dk/fhir/CodeSystem/ImplantComponents"/>
      <concept>
        <code value="cavitas_untouched"/>
        <display value="Cavitas urørt"/>
      </concept>
      <concept>
        <code value="cavitas_inforeret"/>
        <display value="Cavitas inforeret"/>
      </concept>
      <concept>
        <code value="cavitas_reamet"/>
        <display value="Cavitas reamet"/>
      </concept>
      <concept>
        <code value="cavitas_removed"/>
        <display value="Glenoidal komponent fjernet"/>
      </concept>
    </include>
    <include>
      <system value="https://kip.rkkp.dk/fhir/CodeSystem/GenericValues"/>
      <concept>
        <code value="other"/>
        <display value="Andet"/>
      </concept>
    </include>
  </compose>
</ValueSet>