<?xml version="1.0" encoding="UTF-8"?>

<ValueSet xmlns="http://hl7.org/fhir">
  <id value="RKlassifikation"/>
  <text>
    <status value="extensions"/><div xmlns="http://www.w3.org/1999/xhtml"><p class="res-header-id"><b>Generated Narrative: ValueSet RKlassifikation</b></p><a name="RKlassifikation"> </a><a name="hcRKlassifikation"> </a><a name="RKlassifikation-en-US"> </a><ul><li>Include these codes as defined in <a href="CodeSystem-ResidualTumorClassification.html"><code>https://kip.rkkp.dk/fhir/CodeSystem/ResidualTumorClassification</code></a><table class="none"><tr><td style="white-space:nowrap"><b>Code</b></td><td><b>Display</b></td><td><b>Definition</b></td></tr><tr><td><a href="CodeSystem-ResidualTumorClassification.html#ResidualTumorClassification-r0">r0</a></td><td>R0 - Ingen resttumor</td><td>R0 No residual tumor.</td></tr><tr><td><a href="CodeSystem-ResidualTumorClassification.html#ResidualTumorClassification-r1">r1</a></td><td>R1 - Mikroskopisk resttumor</td><td>R1 Microscopic residual tumor.</td></tr><tr><td><a href="CodeSystem-ResidualTumorClassification.html#ResidualTumorClassification-r2">r2</a></td><td>R2 - Makroskopisk resttumor</td><td>R2 Macroscopic residual tumor.</td></tr></table></li></ul></div>
  </text>
  <url value="https://kip.rkkp.dk/fhir/ValueSet/RKlassifikation"/>
  <version value="0.1.6"/>
  <name value="RKlassifikation"/>
  <title value="R-klassifikation"/>
  <status value="active"/>
  <experimental value="true"/>
  <date value="2022-06-08T00:00:00+02:00"/>
  <publisher value="Sundhedsvæsnets Kvalistetsinstitut with Trifork Digital Health A/S"/>
  <contact>
    <name value="Sundhedsvæsnets Kvalistetsinstitut with Trifork Digital Health A/S"/>
    <telecom>
      <system value="url"/>
      <value value="https://trifork.com"/>
    </telecom>
    <telecom>
      <system value="email"/>
      <value value="rbk@trifork.com"/>
    </telecom>
  </contact>
  <description value="R-klassifikation (Residual tumor)"/>
  <compose>
    <include>
      <system value="https://kip.rkkp.dk/fhir/CodeSystem/ResidualTumorClassification"/>
      <concept>
        <code value="r0"/>
        <display value="R0 - Ingen resttumor"/>
      </concept>
      <concept>
        <code value="r1"/>
        <display value="R1 - Mikroskopisk resttumor"/>
      </concept>
      <concept>
        <code value="r2"/>
        <display value="R2 - Makroskopisk resttumor"/>
      </concept>
    </include>
  </compose>
</ValueSet>