<?xml version="1.0" encoding="UTF-8"?>

<ValueSet xmlns="http://hl7.org/fhir">
  <id value="DSAFundLokation"/>
  <text>
    <status value="extensions"/><div xmlns="http://www.w3.org/1999/xhtml"><p class="res-header-id"><b>Generated Narrative: ValueSet DSAFundLokation</b></p><a name="DSAFundLokation"> </a><a name="hcDSAFundLokation"> </a><a name="DSAFundLokation-en-US"> </a><p>This value set includes codes based on the following rules:</p><ul><li>Include these codes as defined in <a href="CodeSystem-DSAFindingsLocation.html"><code>https://kip.rkkp.dk/fhir/CodeSystem/DSAFindingsLocation</code></a><table class="none"><tr><td style="white-space:nowrap"><b>Code</b></td><td><b>Display</b></td><td><b>Definition</b></td></tr><tr><td><a href="CodeSystem-DSAFindingsLocation.html#DSAFindingsLocation-cca">cca</a></td><td>CCA</td><td>CCA</td></tr><tr><td><a href="CodeSystem-DSAFindingsLocation.html#DSAFindingsLocation-ica">ica</a></td><td>ICA</td><td>ICA</td></tr><tr><td><a href="CodeSystem-DSAFindingsLocation.html#DSAFindingsLocation-ica-t">ica-t</a></td><td>ICA-T</td><td>ICA-T</td></tr><tr><td><a href="CodeSystem-DSAFindingsLocation.html#DSAFindingsLocation-mca1">mca1</a></td><td>MCA 1</td><td>MCA 1</td></tr><tr><td><a href="CodeSystem-DSAFindingsLocation.html#DSAFindingsLocation-mca2">mca2</a></td><td>MCA 2</td><td>MCA 2</td></tr><tr><td><a href="CodeSystem-DSAFindingsLocation.html#DSAFindingsLocation-aca">aca</a></td><td>ACA</td><td>ACA</td></tr><tr><td><a href="CodeSystem-DSAFindingsLocation.html#DSAFindingsLocation-va">va</a></td><td>VA</td><td>VA</td></tr><tr><td><a href="CodeSystem-DSAFindingsLocation.html#DSAFindingsLocation-ba">ba</a></td><td>BA</td><td>BA</td></tr><tr><td><a href="CodeSystem-DSAFindingsLocation.html#DSAFindingsLocation-pca.47other">pca/other</a></td><td>PCA/Andet</td><td>PCA/Other</td></tr><tr><td><a href="CodeSystem-DSAFindingsLocation.html#DSAFindingsLocation-cervical_dissection">cervical_dissection</a></td><td>Cervical dissektion</td><td>Cervical dissection</td></tr></table></li><li>Include these codes as defined in <a href="CodeSystem-GenericValues.html"><code>https://kip.rkkp.dk/fhir/CodeSystem/GenericValues</code></a><table class="none"><tr><td style="white-space:nowrap"><b>Code</b></td><td><b>Display</b></td><td><b>Definition</b></td></tr><tr><td><a href="CodeSystem-GenericValues.html#GenericValues-none">none</a></td><td>Ingen</td><td>None - used to choose none of the available values</td></tr></table></li></ul></div>
  </text>
  <url value="https://kip.rkkp.dk/fhir/ValueSet/DSAFundLokation"/>
  <version value="0.1.6"/>
  <name value="DSAFundLokation"/>
  <title value="Lokation for tromber, fundet vha. DSA"/>
  <status value="active"/>
  <experimental value="true"/>
  <date value="2022-06-28T00:00:00+02:00"/>
  <publisher value="Sundhedsvæsnets Kvalistetsinstitut with Trifork Digital Health A/S"/>
  <contact>
    <name value="Sundhedsvæsnets Kvalistetsinstitut with Trifork Digital Health A/S"/>
    <telecom>
      <system value="url"/>
      <value value="https://trifork.com"/>
    </telecom>
    <telecom>
      <system value="email"/>
      <value value="rbk@trifork.com"/>
    </telecom>
  </contact>
  <description value="Lokation for tromber, fundet vha. digital subtraktionsangiografi (DSA)."/>
  <compose>
    <include>
      <system value="https://kip.rkkp.dk/fhir/CodeSystem/DSAFindingsLocation"/>
      <concept>
        <code value="cca"/>
        <display value="CCA"/>
      </concept>
      <concept>
        <code value="ica"/>
        <display value="ICA"/>
      </concept>
      <concept>
        <code value="ica-t"/>
        <display value="ICA-T"/>
      </concept>
      <concept>
        <code value="mca1"/>
        <display value="MCA 1"/>
      </concept>
      <concept>
        <code value="mca2"/>
        <display value="MCA 2"/>
      </concept>
      <concept>
        <code value="aca"/>
        <display value="ACA"/>
      </concept>
      <concept>
        <code value="va"/>
        <display value="VA"/>
      </concept>
      <concept>
        <code value="ba"/>
        <display value="BA"/>
      </concept>
      <concept>
        <code value="pca/other"/>
        <display value="PCA/Andet"/>
      </concept>
      <concept>
        <code value="cervical_dissection"/>
        <display value="Cervical dissektion"/>
      </concept>
    </include>
    <include>
      <system value="https://kip.rkkp.dk/fhir/CodeSystem/GenericValues"/>
      <concept>
        <code value="none"/>
        <display value="Ingen"/>
      </concept>
    </include>
  </compose>
</ValueSet>