<?xml version="1.0" encoding="UTF-8"?>

<ValueSet xmlns="http://hl7.org/fhir">
  <id value="KomplBlaereProcDUGA"/>
  <text>
    <status value="extensions"/><div xmlns="http://www.w3.org/1999/xhtml"><p class="res-header-id"><b>Generated Narrative: ValueSet KomplBlaereProcDUGA</b></p><a name="KomplBlaereProcDUGA"> </a><a name="hcKomplBlaereProcDUGA"> </a><a name="KomplBlaereProcDUGA-en-US"> </a><ul><li>Include these codes as defined in <a href="CodeSystem-ProcedureUrogyn.html"><code>https://kip.rkkp.dk/fhir/CodeSystem/ProcedureUrogyn</code></a><table class="none"><tr><td style="white-space:nowrap"><b>Code</b></td><td><b>Display</b></td><td><b>Definition</b></td></tr><tr><td><a href="CodeSystem-ProcedureUrogyn.html#ProcedureUrogyn-BJAZ0">BJAZ0</a></td><td>BJAZ0: Anlæggelse af blærekateter</td><td>Anlæggelse af blærekateter</td></tr><tr><td><a href="CodeSystem-ProcedureUrogyn.html#ProcedureUrogyn-BJKA02">BJKA02</a></td><td>BJKA02: Vejledning og undervisning i selvkateterisation</td><td>Vejledning og undervisning i selvkateterisation</td></tr><tr><td><a href="CodeSystem-ProcedureUrogyn.html#ProcedureUrogyn-BJAA0">BJAA0</a></td><td>BJAA0: Engangskateterisation af blæren</td><td>Engangskateterisation af blæren</td></tr><tr><td><a href="CodeSystem-ProcedureUrogyn.html#ProcedureUrogyn-KLWW96">KLWW96</a></td><td>KLWW96: Anden reoperation efter gynækologisk operation</td><td>Anden reoperation efter gynækologisk operation</td></tr><tr><td><a href="CodeSystem-ProcedureUrogyn.html#ProcedureUrogyn-KLWW96A">KLWW96A</a></td><td>KLWW96A: Fjernelse af fremmedlegeme i bækkenhulen efter gynækologisk operation</td><td>Fjernelse af fremmedlegeme i bækkenhulen efter gynækologisk operation</td></tr><tr><td><a href="CodeSystem-ProcedureUrogyn.html#ProcedureUrogyn-KLWW97A">KLWW97A</a></td><td>KLWW97A: Laparoskopisk fjernelse af fremmedlegeme i bækkenhulen efter gynækologisk operation</td><td>Laparoskopisk fjernelse af fremmedlegeme i bækkenhulen efter gynækologisk operation</td></tr><tr><td><a href="CodeSystem-ProcedureUrogyn.html#ProcedureUrogyn-KTLW99A">KTLW99A</a></td><td>KTLW99A: Løsning eller overskæring af vaginal slynge</td><td>Løsning eller overskæring af vaginal slynge</td></tr><tr><td><a href="CodeSystem-ProcedureUrogyn.html#ProcedureUrogyn-ZZ1295">ZZ1295</a></td><td>ZZ1295: Væske og vandladningsskema</td><td>Væske og vandladningsskema</td></tr></table></li></ul></div>
  </text>
  <url value="https://kip.rkkp.dk/fhir/ValueSet/KomplBlaereProcDUGA"/>
  <version value="0.1.6"/>
  <name value="KomplBlaereProcDUGA"/>
  <title value="Komplikationer pga. blæretømningsbesvær - Procedurekoder (DUGA)"/>
  <status value="active"/>
  <experimental value="true"/>
  <date value="2024-02-21T00:00:00+02:00"/>
  <publisher value="Sundhedsvæsnets Kvalistetsinstitut with Trifork Digital Health A/S"/>
  <contact>
    <name value="Sundhedsvæsnets Kvalistetsinstitut with Trifork Digital Health A/S"/>
    <telecom>
      <system value="url"/>
      <value value="https://trifork.com"/>
    </telecom>
    <telecom>
      <system value="email"/>
      <value value="rbk@trifork.com"/>
    </telecom>
  </contact>
  <description value="Komplikationer pga. blæretømningsbesvær - Procedurekoder (DUGA)"/>
  <compose>
    <include>
      <system value="https://kip.rkkp.dk/fhir/CodeSystem/ProcedureUrogyn"/>
      <concept>
        <code value="BJAZ0"/>
        <display value="BJAZ0: Anlæggelse af blærekateter"/>
      </concept>
      <concept>
        <code value="BJKA02"/>
        <display value="BJKA02: Vejledning og undervisning i selvkateterisation"/>
      </concept>
      <concept>
        <code value="BJAA0"/>
        <display value="BJAA0: Engangskateterisation af blæren"/>
      </concept>
      <concept>
        <code value="KLWW96"/>
        <display value="KLWW96: Anden reoperation efter gynækologisk operation"/>
      </concept>
      <concept>
        <code value="KLWW96A"/>
        <display value="KLWW96A: Fjernelse af fremmedlegeme i bækkenhulen efter gynækologisk operation"/>
      </concept>
      <concept>
        <code value="KLWW97A"/>
        <display value="KLWW97A: Laparoskopisk fjernelse af fremmedlegeme i bækkenhulen efter gynækologisk operation"/>
      </concept>
      <concept>
        <code value="KTLW99A"/>
        <display value="KTLW99A: Løsning eller overskæring af vaginal slynge"/>
      </concept>
      <concept>
        <code value="ZZ1295"/>
        <display value="ZZ1295: Væske og vandladningsskema"/>
      </concept>
    </include>
  </compose>
</ValueSet>