<?xml version="1.0" encoding="UTF-8"?>

<ValueSet xmlns="http://hl7.org/fhir">
  <id value="MedicalScanningTypes202412"/>
  <text>
    <status value="extensions"/><div xmlns="http://www.w3.org/1999/xhtml"><p class="res-header-id"><b>Generated Narrative: ValueSet MedicalScanningTypes202412</b></p><a name="MedicalScanningTypes202412"> </a><a name="hcMedicalScanningTypes202412"> </a><a name="MedicalScanningTypes202412-en-US"> </a><p>This value set includes codes based on the following rules:</p><ul><li>Include these codes as defined in <a href="CodeSystem-MedicalScanningTypes.html"><code>https://kip.rkkp.dk/fhir/CodeSystem/MedicalScanningTypes</code></a><table class="none"><tr><td style="white-space:nowrap"><b>Code</b></td><td><b>Display</b></td><td><b>Definition</b></td></tr><tr><td><a href="CodeSystem-MedicalScanningTypes.html#MedicalScanningTypes-scintigraphy">scintigraphy</a></td><td>Knoglescintigrafi</td><td>Scintigraphy</td></tr><tr><td><a href="CodeSystem-MedicalScanningTypes.html#MedicalScanningTypes-dexa">dexa</a></td><td>DEXA scanning</td><td>Dual-emission X-ray absorptiometry (DEXA/DXA)</td></tr><tr><td><a href="CodeSystem-MedicalScanningTypes.html#MedicalScanningTypes-mri">mri</a></td><td>MR scanning</td><td>Magnetic Resonance imaging (MRI)</td></tr><tr><td><a href="CodeSystem-MedicalScanningTypes.html#MedicalScanningTypes-pet">pet</a></td><td>PET-scanning</td><td>Positron emission tomography (PET)</td></tr></table></li><li>Include these codes as defined in <a href="CodeSystem-GenericValues.html"><code>https://kip.rkkp.dk/fhir/CodeSystem/GenericValues</code></a><table class="none"><tr><td style="white-space:nowrap"><b>Code</b></td><td><b>Display</b></td><td><b>Definition</b></td></tr><tr><td><a href="CodeSystem-GenericValues.html#GenericValues-other">other</a></td><td>Anden us</td><td>Other - used to choose unspecific value not in a valueset</td></tr></table></li></ul></div>
  </text>
  <url value="https://kip.rkkp.dk/fhir/ValueSet/MedicalScanningTypes202412"/>
  <version value="0.1.6"/>
  <name value="MedicalScanningTypes202412"/>
  <title value="Skannings metoder 202412"/>
  <status value="active"/>
  <experimental value="true"/>
  <date value="2022-07-14T00:00:00+02:00"/>
  <publisher value="Sundhedsvæsnets Kvalistetsinstitut with Trifork Digital Health A/S"/>
  <contact>
    <name value="Sundhedsvæsnets Kvalistetsinstitut with Trifork Digital Health A/S"/>
    <telecom>
      <system value="url"/>
      <value value="https://trifork.com"/>
    </telecom>
    <telecom>
      <system value="email"/>
      <value value="rbk@trifork.com"/>
    </telecom>
  </contact>
  <description value="Forskellige skannings metoder"/>
  <compose>
    <include>
      <system value="https://kip.rkkp.dk/fhir/CodeSystem/MedicalScanningTypes"/>
      <concept>
        <code value="scintigraphy"/>
        <display value="Knoglescintigrafi"/>
      </concept>
      <concept>
        <code value="dexa"/>
        <display value="DEXA scanning"/>
      </concept>
      <concept>
        <code value="mri"/>
        <display value="MR scanning"/>
      </concept>
      <concept>
        <code value="pet"/>
        <display value="PET-scanning"/>
      </concept>
    </include>
    <include>
      <system value="https://kip.rkkp.dk/fhir/CodeSystem/GenericValues"/>
      <concept>
        <code value="other"/>
        <display value="Anden us"/>
      </concept>
    </include>
  </compose>
</ValueSet>