<?xml version="1.0" encoding="UTF-8"?>

<ValueSet xmlns="http://hl7.org/fhir">
  <id value="KomplikationerEndovaskulaerSAH"/>
  <text>
    <status value="extensions"/><div xmlns="http://www.w3.org/1999/xhtml"><p class="res-header-id"><b>Generated Narrative: ValueSet KomplikationerEndovaskulaerSAH</b></p><a name="KomplikationerEndovaskulaerSAH"> </a><a name="hcKomplikationerEndovaskulaerSAH"> </a><a name="KomplikationerEndovaskulaerSAH-en-US"> </a><ul><li>Include these codes as defined in <a href="CodeSystem-Complications.html"><code>https://kip.rkkp.dk/fhir/CodeSystem/Complications</code></a><table class="none"><tr><td style="white-space:nowrap"><b>Code</b></td><td><b>Display</b></td><td><b>Definition</b></td></tr><tr><td><a href="CodeSystem-Complications.html#Complications-dissection">dissection</a></td><td>Dissektion</td><td>Dissektion</td></tr><tr><td><a href="CodeSystem-Complications.html#Complications-bloodvessel.47aneurysm">bloodvessel/aneurysm</a></td><td>Perforation af aneurismet eller kar</td><td>Perforation af kar eller aneurisme</td></tr><tr><td><a href="CodeSystem-Complications.html#Complications-thromboembolic">thromboembolic</a></td><td>Tromboemboliske komplikationer som medfører infarkt inden for 24 timer</td><td>Tromboemboliske komplikationer som medfører infarkt inden for 24 timer</td></tr><tr><td><a href="CodeSystem-Complications.html#Complications-groinbleeding">groinbleeding</a></td><td>Alvorlig blødning fra lysken</td><td>Alvorlig blødning fra lysken</td></tr><tr><td><a href="CodeSystem-Complications.html#Complications-mechanical">mechanical</a></td><td>Mekaniske komplikationer</td><td>Mekaniske komplikationer</td></tr></table></li></ul></div>
  </text>
  <url value="https://kip.rkkp.dk/fhir/ValueSet/KomplikationerEndovaskulaerSAH"/>
  <version value="0.1.6"/>
  <name value="KomplikationerEndovaskulaerSAH"/>
  <title value="Komplikationer, endovaskulær [SAH]"/>
  <status value="active"/>
  <experimental value="true"/>
  <date value="2022-06-08T00:00:00+02:00"/>
  <publisher value="Sundhedsvæsnets Kvalistetsinstitut with Trifork Digital Health A/S"/>
  <contact>
    <name value="Sundhedsvæsnets Kvalistetsinstitut with Trifork Digital Health A/S"/>
    <telecom>
      <system value="url"/>
      <value value="https://trifork.com"/>
    </telecom>
    <telecom>
      <system value="email"/>
      <value value="rbk@trifork.com"/>
    </telecom>
  </contact>
  <description value="Komplikationer i forhold til endovaskulær [SAH]"/>
  <compose>
    <include>
      <system value="https://kip.rkkp.dk/fhir/CodeSystem/Complications"/>
      <concept>
        <code value="dissection"/>
        <display value="Dissektion"/>
      </concept>
      <concept>
        <code value="bloodvessel/aneurysm"/>
        <display value="Perforation af aneurismet eller kar"/>
      </concept>
      <concept>
        <code value="thromboembolic"/>
        <display value="Tromboemboliske komplikationer som medfører infarkt inden for 24 timer"/>
      </concept>
      <concept>
        <code value="groinbleeding"/>
        <display value="Alvorlig blødning fra lysken"/>
      </concept>
      <concept>
        <code value="mechanical"/>
        <display value="Mekaniske komplikationer"/>
      </concept>
    </include>
  </compose>
</ValueSet>