<?xml version="1.0" encoding="UTF-8"?><CodeSystem xmlns="http://hl7.org/fhir"><id value="ResectionType"/><text><status value="generated"/><div xmlns="http://www.w3.org/1999/xhtml"><p class="res-header-id"><b>Generated Narrative: CodeSystem ResectionType</b></p><a name="ResectionType"> </a><a name="hcResectionType"> </a><a name="ResectionType-en-US"> </a><p>This  code system <code>https://kip.rkkp.dk/fhir/CodeSystem/ResectionType</code> defines the following codes:</p><table class="codes"><tr><td style="white-space:nowrap"><b>Code</b></td><td><b>Display</b></td><td><b>Definition</b></td></tr><tr><td style="white-space:nowrap">gastrectomy<a name="ResectionType-gastrectomy"> </a></td><td>Gastrektomi og øsofagojejunostomi (Roux)</td><td>Gastrektomi og øsofagojejunostomi (Roux) [KJDD00]</td></tr><tr><td style="white-space:nowrap">ventricular<a name="ResectionType-ventricular"> </a></td><td>Ventrikelresektion med gastrojejunostomi</td><td>Ventrikelresektion med gastrojejunostomi [KJDC20/KJCD30]</td></tr><tr><td style="white-space:nowrap">transthoracic_ventricular<a name="ResectionType-transthoracic_ventricular"> </a></td><td>Transtorakal øsofagustresektion og ventrikelresektion (øsofagogastrostomi)</td><td>Transtorakal øsofagustresektion og ventrikelresektion med øsofagogastrostomi [KJCC10/KJCC11]</td></tr><tr><td style="white-space:nowrap">transhiatal_ventricular<a name="ResectionType-transhiatal_ventricular"> </a></td><td>Transhiatal øsofagusresektion og ventrikelresektion (øsofagogastrostomi)</td><td>Transhiatal øsofagusresektion og ventrikelresektion med øsofagogastrostomi [KJCC00/KJDC40]</td></tr><tr><td style="white-space:nowrap">transthoracic_intestine<a name="ResectionType-transthoracic_intestine"> </a></td><td>Transtorakal øsofagusresektion (interposition af tarm)</td><td>Transtorakal øsofagusresektion med interposition af tarm [KJCC30]</td></tr><tr><td style="white-space:nowrap">transhiatal_intestine<a name="ResectionType-transhiatal_intestine"> </a></td><td>Transhiatal øsofagusresektion (interposition af tarm)</td><td>Transhiatal øsofagusresektion med interposition af tarm [KJCC20]</td></tr><tr><td style="white-space:nowrap">endoscopic<a name="ResectionType-endoscopic"> </a></td><td>Endoskopisk</td><td>Endoskopisk [KJCA52/KJCA52A/KJCA52B/KJCA52C]</td></tr><tr><td style="white-space:nowrap">otheresophagus<a name="ResectionType-otheresophagus"> </a></td><td>Anden resektion af øsofagus (rekonstruktion med frit transplantat)</td><td>Anden resektion af øsofagus med rekonstruktion med frit transplantat</td></tr><tr><td style="white-space:nowrap">other<a name="ResectionType-other"> </a></td><td>Andet</td><td>Andet</td></tr></table></div></text><url value="https://kip.rkkp.dk/fhir/CodeSystem/ResectionType"/><version value="2.9.3"/><name value="ResectionType"/><title value="Resection type"/><status value="active"/><date value="2022-06-07T00:00:00+02:00"/><publisher value="Sundhedsvæsenets Kvalitetsinstitut with Trifork Digital Health A/S"/><contact><name value="Sundhedsvæsenets Kvalitetsinstitut with Trifork Digital Health A/S"/><telecom><system value="url"/><value value="https://trifork.com"/></telecom><telecom><system value="email"/><value value="rbk@trifork.com"/></telecom></contact><description value="Resektionstype for kræft databaser (DEGC)"/><content value="complete"/><count value="9"/><concept><code value="gastrectomy"/><display value="Gastrektomi og øsofagojejunostomi (Roux)"/><definition value="Gastrektomi og øsofagojejunostomi (Roux) [KJDD00]"/></concept><concept><code value="ventricular"/><display value="Ventrikelresektion med gastrojejunostomi"/><definition value="Ventrikelresektion med gastrojejunostomi [KJDC20/KJCD30]"/></concept><concept><code value="transthoracic_ventricular"/><display value="Transtorakal øsofagustresektion og ventrikelresektion (øsofagogastrostomi)"/><definition value="Transtorakal øsofagustresektion og ventrikelresektion med øsofagogastrostomi [KJCC10/KJCC11]"/></concept><concept><code value="transhiatal_ventricular"/><display value="Transhiatal øsofagusresektion og ventrikelresektion (øsofagogastrostomi)"/><definition value="Transhiatal øsofagusresektion og ventrikelresektion med øsofagogastrostomi [KJCC00/KJDC40]"/></concept><concept><code value="transthoracic_intestine"/><display value="Transtorakal øsofagusresektion (interposition af tarm)"/><definition value="Transtorakal øsofagusresektion med interposition af tarm [KJCC30]"/></concept><concept><code value="transhiatal_intestine"/><display value="Transhiatal øsofagusresektion (interposition af tarm)"/><definition value="Transhiatal øsofagusresektion med interposition af tarm [KJCC20]"/></concept><concept><code value="endoscopic"/><display value="Endoskopisk"/><definition value="Endoskopisk [KJCA52/KJCA52A/KJCA52B/KJCA52C]"/></concept><concept><code value="otheresophagus"/><display value="Anden resektion af øsofagus (rekonstruktion med frit transplantat)"/><definition value="Anden resektion af øsofagus med rekonstruktion med frit transplantat"/></concept><concept><code value="other"/><display value="Andet"/><definition value="Andet"/></concept></CodeSystem>