<?xml version="1.0" encoding="UTF-8"?><CodeSystem xmlns="http://hl7.org/fhir"><id value="ClinicalProtocolCodes"/><text><status value="generated"/><div xmlns="http://www.w3.org/1999/xhtml"><p class="res-header-id"><b>Generated Narrative: CodeSystem ClinicalProtocolCodes</b></p><a name="ClinicalProtocolCodes"> </a><a name="hcClinicalProtocolCodes"> </a><a name="ClinicalProtocolCodes-en-US"> </a><p>This case-insensitive code system <code>https://kip.rkkp.dk/fhir/CodeSystem/ClinicalProtocolCodes</code> defines the following codes:</p><table class="codes"><tr><td style="white-space:nowrap"><b>Code</b></td><td><b>Display</b></td><td><b>Definition</b></td></tr><tr><td style="white-space:nowrap">mrc_15<a name="ClinicalProtocolCodes-mrc_15"> </a></td><td>MRC-15</td><td>MRC-15 protocol</td></tr><tr><td style="white-space:nowrap">mrc_16<a name="ClinicalProtocolCodes-mrc_16"> </a></td><td>MRC-16</td><td>MRC-16 protocol</td></tr><tr><td style="white-space:nowrap">mrc_17<a name="ClinicalProtocolCodes-mrc_17"> </a></td><td>MRC-17</td><td>MRC-17 protocol</td></tr><tr><td style="white-space:nowrap">mrc_18<a name="ClinicalProtocolCodes-mrc_18"> </a></td><td>MRC-18</td><td>MRC-18 protocol</td></tr><tr><td style="white-space:nowrap">mrc_19<a name="ClinicalProtocolCodes-mrc_19"> </a></td><td>MRC-19</td><td>MRC-19 protocol</td></tr><tr><td style="white-space:nowrap">mrc_li<a name="ClinicalProtocolCodes-mrc_li"> </a></td><td>MRC-LI</td><td>MRC-LI protocol</td></tr></table></div></text><url value="https://kip.rkkp.dk/fhir/CodeSystem/ClinicalProtocolCodes"/><version value="2.9.3"/><name value="ClinicalProtocolCodes"/><title value="Clinical protocol; name"/><status value="active"/><date value="2022-07-12T00:00:00+02:00"/><publisher value="Sundhedsvæsenets Kvalitetsinstitut with Trifork Digital Health A/S"/><contact><name value="Sundhedsvæsenets Kvalitetsinstitut with Trifork Digital Health A/S"/><telecom><system value="url"/><value value="https://trifork.com"/></telecom><telecom><system value="email"/><value value="rbk@trifork.com"/></telecom></contact><description value="Clinical protocol; name"/><caseSensitive value="false"/><content value="complete"/><count value="6"/><concept><code value="mrc_15"/><display value="MRC-15"/><definition value="MRC-15 protocol"/></concept><concept><code value="mrc_16"/><display value="MRC-16"/><definition value="MRC-16 protocol"/></concept><concept><code value="mrc_17"/><display value="MRC-17"/><definition value="MRC-17 protocol"/></concept><concept><code value="mrc_18"/><display value="MRC-18"/><definition value="MRC-18 protocol"/></concept><concept><code value="mrc_19"/><display value="MRC-19"/><definition value="MRC-19 protocol"/></concept><concept><code value="mrc_li"/><display value="MRC-LI"/><definition value="MRC-LI protocol"/></concept></CodeSystem>