<?xml version="1.0" encoding="UTF-8"?><CodeSystem xmlns="http://hl7.org/fhir"><id value="SystemiskPraeparat"/><text><status value="generated"/><div xmlns="http://www.w3.org/1999/xhtml"><p class="res-header-id"><b>Generated Narrative: CodeSystem SystemiskPraeparat</b></p><a name="SystemiskPraeparat"> </a><a name="hcSystemiskPraeparat"> </a><a name="SystemiskPraeparat-en-US"> </a><p>This  code system <code>https://kip.rkkp.dk/fhir/CodeSystem/SystemiskPraeparat</code> defines the following codes:</p><table class="codes"><tr><td style="white-space:nowrap"><b>Code</b></td><td><b>Display</b></td><td><b>Definition</b></td></tr><tr><td style="white-space:nowrap">cisplatin<a name="SystemiskPraeparat-cisplatin"> </a></td><td>Cisplatin</td><td>Et produkt der hedder Cisplatin</td></tr><tr><td style="white-space:nowrap">carboplatin<a name="SystemiskPraeparat-carboplatin"> </a></td><td>Carboplatin</td><td>Et andet produkt, der hedder Carboplatin</td></tr><tr><td style="white-space:nowrap">oxaliplatin<a name="SystemiskPraeparat-oxaliplatin"> </a></td><td>Oxaliplatin</td><td>Et produkt med navnet Oxaliplatin</td></tr><tr><td style="white-space:nowrap">5fu<a name="SystemiskPraeparat-5fu"> </a></td><td>5-FU</td><td>Noget forkortet 5-FU</td></tr><tr><td style="white-space:nowrap">ironetecan<a name="SystemiskPraeparat-ironetecan"> </a></td><td>Irontecan</td><td>Noget med jern i</td></tr><tr><td style="white-space:nowrap">doxorubicin<a name="SystemiskPraeparat-doxorubicin"> </a></td><td>Doxorubicin</td><td>Dette er Doxurubicin</td></tr><tr><td style="white-space:nowrap">paciltaxel<a name="SystemiskPraeparat-paciltaxel"> </a></td><td>Paciltaxel</td><td>Muligheden for Paciltaxel</td></tr><tr><td style="white-space:nowrap">docetaxel<a name="SystemiskPraeparat-docetaxel"> </a></td><td>Docetaxel</td><td>Præperat Docetaxel</td></tr><tr><td style="white-space:nowrap">gemcitabine<a name="SystemiskPraeparat-gemcitabine"> </a></td><td>Gamcitabine</td><td>Her er Gemcitabine</td></tr><tr><td style="white-space:nowrap">vinorelbine<a name="SystemiskPraeparat-vinorelbine"> </a></td><td>Vinorelbine</td><td>Dette er Vinorelbine</td></tr><tr><td style="white-space:nowrap">leucovorin<a name="SystemiskPraeparat-leucovorin"> </a></td><td>Leucovorin</td><td>Leucovorin-præperat</td></tr><tr><td style="white-space:nowrap">epirubicin<a name="SystemiskPraeparat-epirubicin"> </a></td><td>Epirubicin</td><td>Epirubicin mod smerter</td></tr><tr><td style="white-space:nowrap">pembrolizumab<a name="SystemiskPraeparat-pembrolizumab"> </a></td><td>Pembrolizumab</td><td>Præperatet Pembrolizumab</td></tr><tr><td style="white-space:nowrap">dtdTpi<a name="SystemiskPraeparat-dtdTpi"> </a></td><td>FTD/TPI</td><td>En kombo af FTD/TPI</td></tr><tr><td style="white-space:nowrap">nivolumab<a name="SystemiskPraeparat-nivolumab"> </a></td><td>Nivolumab</td><td>Dette er Nivolumab</td></tr><tr><td style="white-space:nowrap">bevacizumab<a name="SystemiskPraeparat-bevacizumab"> </a></td><td>Bevacizumab</td><td>Her er Bevacizumab</td></tr><tr><td style="white-space:nowrap">trastuzumab<a name="SystemiskPraeparat-trastuzumab"> </a></td><td>Trastuzumab</td><td>Dette kaldes Trastuzumab</td></tr><tr><td style="white-space:nowrap">capecitabine<a name="SystemiskPraeparat-capecitabine"> </a></td><td>Capecitabine</td><td>Muligheden Capecitabine</td></tr><tr><td style="white-space:nowrap">andet<a name="SystemiskPraeparat-andet"> </a></td><td>Andet</td><td>Hvis du har givet andet</td></tr></table></div></text><url value="https://kip.rkkp.dk/fhir/CodeSystem/SystemiskPraeparat"/><version value="2.9.3"/><name value="SystemiskPraeparat"/><title value="Systemiske præperater"/><status value="active"/><date value="2022-04-26T00:00:00+02:00"/><publisher value="Sundhedsvæsenets Kvalitetsinstitut with Trifork Digital Health A/S"/><contact><name value="Sundhedsvæsenets Kvalitetsinstitut with Trifork Digital Health A/S"/><telecom><system value="url"/><value value="https://trifork.com"/></telecom><telecom><system value="email"/><value value="rbk@trifork.com"/></telecom></contact><description value="Dette er systemiske præperater"/><content value="complete"/><count value="19"/><concept><code value="cisplatin"/><display value="Cisplatin"/><definition value="Et produkt der hedder Cisplatin"/></concept><concept><code value="carboplatin"/><display value="Carboplatin"/><definition value="Et andet produkt, der hedder Carboplatin"/></concept><concept><code value="oxaliplatin"/><display value="Oxaliplatin"/><definition value="Et produkt med navnet Oxaliplatin"/></concept><concept><code value="5fu"/><display value="5-FU"/><definition value="Noget forkortet 5-FU"/></concept><concept><code value="ironetecan"/><display value="Irontecan"/><definition value="Noget med jern i"/></concept><concept><code value="doxorubicin"/><display value="Doxorubicin"/><definition value="Dette er Doxurubicin"/></concept><concept><code value="paciltaxel"/><display value="Paciltaxel"/><definition value="Muligheden for Paciltaxel"/></concept><concept><code value="docetaxel"/><display value="Docetaxel"/><definition value="Præperat Docetaxel"/></concept><concept><code value="gemcitabine"/><display value="Gamcitabine"/><definition value="Her er Gemcitabine"/></concept><concept><code value="vinorelbine"/><display value="Vinorelbine"/><definition value="Dette er Vinorelbine"/></concept><concept><code value="leucovorin"/><display value="Leucovorin"/><definition value="Leucovorin-præperat"/></concept><concept><code value="epirubicin"/><display value="Epirubicin"/><definition value="Epirubicin mod smerter"/></concept><concept><code value="pembrolizumab"/><display value="Pembrolizumab"/><definition value="Præperatet Pembrolizumab"/></concept><concept><code value="dtdTpi"/><display value="FTD/TPI"/><definition value="En kombo af FTD/TPI"/></concept><concept><code value="nivolumab"/><display value="Nivolumab"/><definition value="Dette er Nivolumab"/></concept><concept><code value="bevacizumab"/><display value="Bevacizumab"/><definition value="Her er Bevacizumab"/></concept><concept><code value="trastuzumab"/><display value="Trastuzumab"/><definition value="Dette kaldes Trastuzumab"/></concept><concept><code value="capecitabine"/><display value="Capecitabine"/><definition value="Muligheden Capecitabine"/></concept><concept><code value="andet"/><display value="Andet"/><definition value="Hvis du har givet andet"/></concept></CodeSystem>