<?xml version="1.0" encoding="UTF-8"?><CodeSystem xmlns="http://hl7.org/fhir"><id value="AnastomosisLeakConsequence"/><text><status value="generated"/><div xmlns="http://www.w3.org/1999/xhtml"><p class="res-header-id"><b>Generated Narrative: CodeSystem AnastomosisLeakConsequence</b></p><a name="AnastomosisLeakConsequence"> </a><a name="hcAnastomosisLeakConsequence"> </a><a name="AnastomosisLeakConsequence-en-US"> </a><p>This case-insensitive code system <code>https://kip.rkkp.dk/fhir/CodeSystem/AnastomosisLeakConsequence</code> defines the following codes:</p><table class="codes"><tr><td style="white-space:nowrap"><b>Code</b></td><td><b>Display</b></td><td><b>Definition</b></td></tr><tr><td style="white-space:nowrap">preserved<a name="AnastomosisLeakConsequence-preserved"> </a></td><td>Anastomosis preserved</td><td>Anastomosis preserved / Anastomosen bevaret</td></tr><tr><td style="white-space:nowrap">preserved_surture<a name="AnastomosisLeakConsequence-preserved_surture"> </a></td><td>Anastomosis preserved, surturing of defect</td><td>Anastomosis preserved, surturing of defect / Anastomose bevaret, oversyning af defekt</td></tr><tr><td style="white-space:nowrap">preserved_endosponge_vac<a name="AnastomosisLeakConsequence-preserved_endosponge_vac"> </a></td><td>Anastomosis preserved; endosponge/VAC</td><td>Anastomosis preserved, endosponge/VAC / Anastomose bevaret, endosponge/VAC beh</td></tr><tr><td style="white-space:nowrap">preserved_drain_antibiotics<a name="AnastomosisLeakConsequence-preserved_drain_antibiotics"> </a></td><td>Anastomosis preserved, drain/antibiotics</td><td>Anastomosis preserved, drain/antibiotics / Anastomose bevaret, alene dræn, antibiotika etc</td></tr><tr><td style="white-space:nowrap">broken_down<a name="AnastomosisLeakConsequence-broken_down"> </a></td><td>Anastomosis broken down</td><td>Anastomosis broken down / Anastopmose nedbrudt</td></tr><tr><td style="white-space:nowrap">broken_down_stoma<a name="AnastomosisLeakConsequence-broken_down_stoma"> </a></td><td>Anastomosis broken down, stoma</td><td>Anastomosis broken down, stoma / Anastopmose nedbrudt, endestomi</td></tr><tr><td style="white-space:nowrap">broken_down_reanastomosis<a name="AnastomosisLeakConsequence-broken_down_reanastomosis"> </a></td><td>Anastomosis broken down, re-anastomosis</td><td>Anastomosis broken down, re-anastomosis / Anastopmose nedbrudt, re-anastomosering</td></tr></table></div></text><url value="https://kip.rkkp.dk/fhir/CodeSystem/AnastomosisLeakConsequence"/><version value="2.9.3"/><name value="AnastomosisLeakConsequence"/><title value="Anastomosis leak consequence"/><status value="active"/><date value="2022-08-22T00:00:00+02:00"/><publisher value="Sundhedsvæsenets Kvalitetsinstitut with Trifork Digital Health A/S"/><contact><name value="Sundhedsvæsenets Kvalitetsinstitut with Trifork Digital Health A/S"/><telecom><system value="url"/><value value="https://trifork.com"/></telecom><telecom><system value="email"/><value value="rbk@trifork.com"/></telecom></contact><description value="Anastomosis leak consequence"/><caseSensitive value="false"/><content value="complete"/><count value="7"/><concept><code value="preserved"/><display value="Anastomosis preserved"/><definition value="Anastomosis preserved / Anastomosen bevaret"/></concept><concept><code value="preserved_surture"/><display value="Anastomosis preserved, surturing of defect"/><definition value="Anastomosis preserved, surturing of defect / Anastomose bevaret, oversyning af defekt"/></concept><concept><code value="preserved_endosponge_vac"/><display value="Anastomosis preserved; endosponge/VAC"/><definition value="Anastomosis preserved, endosponge/VAC / Anastomose bevaret, endosponge/VAC beh"/></concept><concept><code value="preserved_drain_antibiotics"/><display value="Anastomosis preserved, drain/antibiotics"/><definition value="Anastomosis preserved, drain/antibiotics / Anastomose bevaret, alene dræn, antibiotika etc"/></concept><concept><code value="broken_down"/><display value="Anastomosis broken down"/><definition value="Anastomosis broken down / Anastopmose nedbrudt"/></concept><concept><code value="broken_down_stoma"/><display value="Anastomosis broken down, stoma"/><definition value="Anastomosis broken down, stoma / Anastopmose nedbrudt, endestomi"/></concept><concept><code value="broken_down_reanastomosis"/><display value="Anastomosis broken down, re-anastomosis"/><definition value="Anastomosis broken down, re-anastomosis / Anastopmose nedbrudt, re-anastomosering"/></concept></CodeSystem>