<?xml version="1.0" encoding="UTF-8"?><CodeSystem xmlns="http://hl7.org/fhir"><id value="ClinicalProtocolNotParticipated"/><text><status value="generated"/><div xmlns="http://www.w3.org/1999/xhtml"><p class="res-header-id"><b>Generated Narrative: CodeSystem ClinicalProtocolNotParticipated</b></p><a name="ClinicalProtocolNotParticipated"> </a><a name="hcClinicalProtocolNotParticipated"> </a><a name="ClinicalProtocolNotParticipated-en-US"> </a><p>This case-insensitive code system <code>https://kip.rkkp.dk/fhir/CodeSystem/ClinicalProtocolNotParticipated</code> defines the following codes:</p><table class="codes"><tr><td style="white-space:nowrap"><b>Code</b></td><td><b>Display</b></td><td><b>Definition</b></td></tr><tr><td style="white-space:nowrap">rejected<a name="ClinicalProtocolNotParticipated-rejected"> </a></td><td>Patient rejected invitation</td><td>Patient rejected invitation</td></tr><tr><td style="white-space:nowrap">deselected<a name="ClinicalProtocolNotParticipated-deselected"> </a></td><td>Health department deselected patient</td><td>Health department deselected patient</td></tr><tr><td style="white-space:nowrap">no_invitation<a name="ClinicalProtocolNotParticipated-no_invitation"> </a></td><td>Patient was not invited</td><td>Patient was not invited</td></tr></table></div></text><url value="https://kip.rkkp.dk/fhir/CodeSystem/ClinicalProtocolNotParticipated"/><version value="2.9.3"/><name value="ClinicalProtocolNotParticipated"/><title value="Clinical protocol - patient did not participated; cause"/><status value="active"/><date value="2022-07-11T00:00:00+02:00"/><publisher value="Sundhedsvæsenets Kvalitetsinstitut with Trifork Digital Health A/S"/><contact><name value="Sundhedsvæsenets Kvalitetsinstitut with Trifork Digital Health A/S"/><telecom><system value="url"/><value value="https://trifork.com"/></telecom><telecom><system value="email"/><value value="rbk@trifork.com"/></telecom></contact><description value="Clinical protocol -  patient did not participated; cause"/><caseSensitive value="false"/><content value="complete"/><count value="3"/><concept><code value="rejected"/><display value="Patient rejected invitation"/><definition value="Patient rejected invitation"/></concept><concept><code value="deselected"/><display value="Health department deselected patient"/><definition value="Health department deselected patient"/></concept><concept><code value="no_invitation"/><display value="Patient was not invited"/><definition value="Patient was not invited"/></concept></CodeSystem>