<?xml version="1.0" encoding="UTF-8"?><CodeSystem xmlns="http://hl7.org/fhir"><id value="AnastomosisType"/><text><status value="generated"/><div xmlns="http://www.w3.org/1999/xhtml"><p class="res-header-id"><b>Generated Narrative: CodeSystem AnastomosisType</b></p><a name="AnastomosisType"> </a><a name="hcAnastomosisType"> </a><a name="AnastomosisType-en-US"> </a><p>This case-insensitive code system <code>https://kip.rkkp.dk/fhir/CodeSystem/AnastomosisType</code> defines the following codes:</p><table class="codes"><tr><td style="white-space:nowrap"><b>Code</b></td><td><b>Display</b></td><td><b>Definition</b></td></tr><tr><td style="white-space:nowrap">hand_sewn<a name="AnastomosisType-hand_sewn"> </a></td><td>Hand sewn</td><td>Hand sewn / Håndsyet</td></tr><tr><td style="white-space:nowrap">stapled<a name="AnastomosisType-stapled"> </a></td><td>Stapled</td><td>Stapled / Staplet</td></tr><tr><td style="white-space:nowrap">intracorporeal<a name="AnastomosisType-intracorporeal"> </a></td><td>Intracorporeal</td><td>Intracorporeal / Intrakorporalt</td></tr><tr><td style="white-space:nowrap">extracorporeal<a name="AnastomosisType-extracorporeal"> </a></td><td>Extracorporeal</td><td>extracorporeal / Ekstrakorporalt</td></tr><tr><td style="white-space:nowrap">end_to_end<a name="AnastomosisType-end_to_end"> </a></td><td>End-to-end</td><td>End-to-end</td></tr><tr><td style="white-space:nowrap">side_to_end<a name="AnastomosisType-side_to_end"> </a></td><td>Side-to-end</td><td>Side-to-end</td></tr><tr><td style="white-space:nowrap">end_to_side<a name="AnastomosisType-end_to_side"> </a></td><td>End-to-side</td><td>End-to-side</td></tr><tr><td style="white-space:nowrap">side_to_side<a name="AnastomosisType-side_to_side"> </a></td><td>Side-to-side</td><td>Side-to-side</td></tr><tr><td style="white-space:nowrap">functional_end_to_end<a name="AnastomosisType-functional_end_to_end"> </a></td><td>Functional end-to-end</td><td>Functional end-to-end / Funktionelt end-to-end</td></tr><tr><td style="white-space:nowrap">pouch<a name="AnastomosisType-pouch"> </a></td><td>Pouch</td><td>Pouch</td></tr></table></div></text><url value="https://kip.rkkp.dk/fhir/CodeSystem/AnastomosisType"/><version value="2.9.3"/><name value="AnastomosisType"/><title value="Anastomosis type"/><status value="active"/><date value="2022-08-22T00:00:00+02:00"/><publisher value="Sundhedsvæsenets Kvalitetsinstitut with Trifork Digital Health A/S"/><contact><name value="Sundhedsvæsenets Kvalitetsinstitut with Trifork Digital Health A/S"/><telecom><system value="url"/><value value="https://trifork.com"/></telecom><telecom><system value="email"/><value value="rbk@trifork.com"/></telecom></contact><description value="Anastomosis type"/><caseSensitive value="false"/><content value="complete"/><count value="10"/><concept><code value="hand_sewn"/><display value="Hand sewn"/><definition value="Hand sewn / Håndsyet"/></concept><concept><code value="stapled"/><display value="Stapled"/><definition value="Stapled / Staplet"/></concept><concept><code value="intracorporeal"/><display value="Intracorporeal"/><definition value="Intracorporeal / Intrakorporalt"/></concept><concept><code value="extracorporeal"/><display value="Extracorporeal"/><definition value="extracorporeal / Ekstrakorporalt"/></concept><concept><code value="end_to_end"/><display value="End-to-end"/><definition value="End-to-end"/></concept><concept><code value="side_to_end"/><display value="Side-to-end"/><definition value="Side-to-end"/></concept><concept><code value="end_to_side"/><display value="End-to-side"/><definition value="End-to-side"/></concept><concept><code value="side_to_side"/><display value="Side-to-side"/><definition value="Side-to-side"/></concept><concept><code value="functional_end_to_end"/><display value="Functional end-to-end"/><definition value="Functional end-to-end / Funktionelt end-to-end"/></concept><concept><code value="pouch"/><display value="Pouch"/><definition value="Pouch"/></concept></CodeSystem>