<?xml version="1.0" encoding="UTF-8"?><CodeSystem xmlns="http://hl7.org/fhir"><id value="AktuelSygdomsforlob"/><text><status value="generated"/><div xmlns="http://www.w3.org/1999/xhtml"><p class="res-header-id"><b>Generated Narrative: CodeSystem AktuelSygdomsforlob</b></p><a name="AktuelSygdomsforlob"> </a><a name="hcAktuelSygdomsforlob"> </a><a name="AktuelSygdomsforlob-en-US"> </a><p>This  code system <code>https://kip.rkkp.dk/fhir/CodeSystem/AktuelSygdomsforlob</code> defines the following codes:</p><table class="codes"><tr><td style="white-space:nowrap"><b>Code</b></td><td><b>Display</b></td><td><b>Definition</b></td></tr><tr><td style="white-space:nowrap">indlagt<a name="AktuelSygdomsforlob-indlagt"> </a></td><td>Indlagt</td><td>Patienten er indlagt (stationær)</td></tr><tr><td style="white-space:nowrap">ambulant<a name="AktuelSygdomsforlob-ambulant"> </a></td><td>Ambulant</td><td>Patienten er ambulant</td></tr></table></div></text><url value="https://kip.rkkp.dk/fhir/CodeSystem/AktuelSygdomsforlob"/><version value="2.9.3"/><name value="AktuelSygdomsforlob"/><title value="Aktuel Sygdomsforløb"/><status value="active"/><date value="2022-06-22T00:00:00+02:00"/><publisher value="Sundhedsvæsenets Kvalitetsinstitut with Trifork Digital Health A/S"/><contact><name value="Sundhedsvæsenets Kvalitetsinstitut with Trifork Digital Health A/S"/><telecom><system value="url"/><value value="https://trifork.com"/></telecom><telecom><system value="email"/><value value="rbk@trifork.com"/></telecom></contact><description value="Er patienten i det aktuelle sygdomsforløb"/><content value="complete"/><count value="2"/><concept><code value="indlagt"/><display value="Indlagt"/><definition value="Patienten er indlagt (stationær)"/></concept><concept><code value="ambulant"/><display value="Ambulant"/><definition value="Patienten er ambulant"/></concept></CodeSystem>