<?xml version="1.0" encoding="UTF-8"?><ValueSet xmlns="http://hl7.org/fhir"><id value="CaputDiameterDHR"/><text><status value="extensions"/><div xmlns="http://www.w3.org/1999/xhtml"><p class="res-header-id"><b>Generated Narrative: ValueSet CaputDiameterDHR</b></p><a name="CaputDiameterDHR"> </a><a name="hcCaputDiameterDHR"> </a><a name="CaputDiameterDHR-en-US"> </a><p>This value set includes codes based on the following rules:</p><ul><li>Include these codes as defined in <a href="CodeSystem-SizesGeneral.html"><code>https://kip.rkkp.dk/fhir/CodeSystem/SizesGeneral</code></a><table class="none"><tr><td style="white-space:nowrap"><b>Code</b></td><td><b>Display</b></td><td><b>Definition</b></td></tr><tr><td><a href="CodeSystem-SizesGeneral.html#SizesGeneral-28">28</a></td><td>28</td><td>28</td></tr><tr><td><a href="CodeSystem-SizesGeneral.html#SizesGeneral-32">32</a></td><td>32</td><td>32</td></tr><tr><td><a href="CodeSystem-SizesGeneral.html#SizesGeneral-36">36</a></td><td>36</td><td>36</td></tr><tr><td><a href="CodeSystem-SizesGeneral.html#SizesGeneral-40">40</a></td><td>40</td><td>40</td></tr><tr><td><a href="CodeSystem-SizesGeneral.html#SizesGeneral-44">44</a></td><td>44</td><td>44</td></tr></table></li><li>Include these codes as defined in <a href="CodeSystem-GenericValues.html"><code>https://kip.rkkp.dk/fhir/CodeSystem/GenericValues</code></a><table class="none"><tr><td style="white-space:nowrap"><b>Code</b></td><td><b>Display</b></td><td><b>Definition</b></td></tr><tr><td><a href="CodeSystem-GenericValues.html#GenericValues-other">other</a></td><td>Andet</td><td>Other - used to choose unspecific value not in a valueset</td></tr></table></li></ul></div></text><url value="https://kip.rkkp.dk/fhir/ValueSet/CaputDiameterDHR"/><version value="2.9.3"/><name value="CaputDiameterDHR"/><title value="Caput Diameter - (DHR)"/><status value="active"/><experimental value="true"/><date value="2023-05-23T00:00:00+02:00"/><publisher value="Sundhedsvæsenets Kvalitetsinstitut with Trifork Digital Health A/S"/><contact><name value="Sundhedsvæsenets Kvalitetsinstitut with Trifork Digital Health A/S"/><telecom><system value="url"/><value value="https://trifork.com"/></telecom><telecom><system value="email"/><value value="rbk@trifork.com"/></telecom></contact><description value="Caput Diameter - (DHR)"/><compose><include><system value="https://kip.rkkp.dk/fhir/CodeSystem/SizesGeneral"/><concept><code value="28"/><display value="28"/></concept><concept><code value="32"/><display value="32"/></concept><concept><code value="36"/><display value="36"/></concept><concept><code value="40"/><display value="40"/></concept><concept><code value="44"/><display value="44"/></concept></include><include><system value="https://kip.rkkp.dk/fhir/CodeSystem/GenericValues"/><concept><code value="other"/><display value="Andet"/></concept></include></compose></ValueSet>