<?xml version="1.0" encoding="UTF-8"?><ValueSet xmlns="http://hl7.org/fhir"><id value="DomBehandlingAmbulantRETSPSYK"/><text><status value="extensions"/><div xmlns="http://www.w3.org/1999/xhtml"><p class="res-header-id"><b>Generated Narrative: ValueSet DomBehandlingAmbulantRETSPSYK</b></p><a name="DomBehandlingAmbulantRETSPSYK"> </a><a name="hcDomBehandlingAmbulantRETSPSYK"> </a><a name="DomBehandlingAmbulantRETSPSYK-en-US"> </a><ul><li>Include these codes as defined in <a href="CodeSystem-Verdict.html"><code>https://kip.rkkp.dk/fhir/CodeSystem/Verdict</code></a><table class="none"><tr><td style="white-space:nowrap"><b>Code</b></td><td><b>Display</b></td><td><b>Definition</b></td></tr><tr><td><a href="CodeSystem-Verdict.html#Verdict-treatment_outpatient">treatment_outpatient</a></td><td>Dom til ambulant behandling ved psykiatrisk afdeling etc.</td><td>Dom til ambulant behandling ved psykiatrisk afdeling</td></tr><tr><td><a href="CodeSystem-Verdict.html#Verdict-treatment_outpatient_correctional">treatment_outpatient_correctional</a></td><td>Dom til ambulant behandling ved psykiatrisk afdeling med tilsyn af Kriminalforsorgen etc.</td><td>Dom til ambulant behandling ved psykiatrisk afdeling med tilsyn af Kriminalforsorgen</td></tr><tr><td><a href="CodeSystem-Verdict.html#Verdict-treatment_outpatient_admission">treatment_outpatient_admission</a></td><td>Dom til ambulant behandling ved psykiatrisk afdeling med mulighed for indlæggelse etc.</td><td>Dom til ambulant behandling ved psykiatrisk afdeling med mulighed for indlæggelse</td></tr><tr><td><a href="CodeSystem-Verdict.html#Verdict-treatment_outpatient_correctional_admission">treatment_outpatient_correctional_admission</a></td><td>Dom til ambulant behandling ved psykiatrisk afdeling med tilsyn af Kriminalforsorgen og mulighed for indlæggelse etc.</td><td>Dom til ambulant behandling ved psykiatrisk afdeling med tilsyn af Kriminalforsorgen og mulighed for indlæggelse</td></tr></table></li></ul></div></text><url value="https://kip.rkkp.dk/fhir/ValueSet/DomBehandlingAmbulantRETSPSYK"/><version value="2.9.3"/><name value="DomBehandlingAmbulantRETSPSYK"/><title value="Dom - Behandling, ambulant (RETSPSYK)"/><status value="active"/><experimental value="true"/><date value="2022-09-28T00:00:00+02:00"/><publisher value="Sundhedsvæsenets Kvalitetsinstitut with Trifork Digital Health A/S"/><contact><name value="Sundhedsvæsenets Kvalitetsinstitut with Trifork Digital Health A/S"/><telecom><system value="url"/><value value="https://trifork.com"/></telecom><telecom><system value="email"/><value value="rbk@trifork.com"/></telecom></contact><description value="Dom - Behandling, ambulant (RETSPSYK)"/><compose><include><system value="https://kip.rkkp.dk/fhir/CodeSystem/Verdict"/><concept><code value="treatment_outpatient"/><display value="Dom til ambulant behandling ved psykiatrisk afdeling etc."/></concept><concept><code value="treatment_outpatient_correctional"/><display value="Dom til ambulant behandling ved psykiatrisk afdeling med tilsyn af Kriminalforsorgen etc."/></concept><concept><code value="treatment_outpatient_admission"/><display value="Dom til ambulant behandling ved psykiatrisk afdeling med mulighed for indlæggelse etc."/></concept><concept><code value="treatment_outpatient_correctional_admission"/><display value="Dom til ambulant behandling ved psykiatrisk afdeling med tilsyn af Kriminalforsorgen og mulighed for indlæggelse etc."/></concept></include></compose></ValueSet>