<?xml version="1.0" encoding="UTF-8"?><ValueSet xmlns="http://hl7.org/fhir"><id value="RadiologicalBoneChanges202412"/><text><status value="extensions"/><div xmlns="http://www.w3.org/1999/xhtml"><p class="res-header-id"><b>Generated Narrative: ValueSet RadiologicalBoneChanges202412</b></p><a name="RadiologicalBoneChanges202412"> </a><a name="hcRadiologicalBoneChanges202412"> </a><a name="RadiologicalBoneChanges202412-en-US"> </a><p>This value set includes codes based on the following rules:</p><ul><li>Include these codes as defined in <a href="CodeSystem-GenericValues.html"><code>https://kip.rkkp.dk/fhir/CodeSystem/GenericValues</code></a><table class="none"><tr><td style="white-space:nowrap"><b>Code</b></td><td><b>Display</b></td><td><b>Definition</b></td></tr><tr><td><a href="CodeSystem-GenericValues.html#GenericValues-none">none</a></td><td>Ingen knogleforandringer</td><td>None - used to choose none of the available values</td></tr></table></li><li>Include these codes as defined in <a href="CodeSystem-RadiologicalBoneChanges.html"><code>https://kip.rkkp.dk/fhir/CodeSystem/RadiologicalBoneChanges</code></a><table class="none"><tr><td style="white-space:nowrap"><b>Code</b></td><td><b>Display</b></td><td><b>Definition</b></td></tr><tr><td><a href="CodeSystem-RadiologicalBoneChanges.html#RadiologicalBoneChanges-few">few</a></td><td>Enkelte knogleforandr. i én/enkelte region(er)</td><td>Enkelte knogleforandr. i én/enkelte region(er)</td></tr><tr><td><a href="CodeSystem-RadiologicalBoneChanges.html#RadiologicalBoneChanges-multiple">multiple</a></td><td>Multiple knogleforandr. i én/flere regioner</td><td>Multiple knogleforandr. i én/flere regioner</td></tr></table></li></ul></div></text><url value="https://kip.rkkp.dk/fhir/ValueSet/RadiologicalBoneChanges202412"/><version value="2.9.3"/><name value="RadiologicalBoneChanges202412"/><title value="Knogle forandringer 202412"/><status value="active"/><experimental value="true"/><date value="2024-11-29T00:00:00+02:00"/><publisher value="Sundhedsvæsenets Kvalitetsinstitut with Trifork Digital Health A/S"/><contact><name value="Sundhedsvæsenets Kvalitetsinstitut with Trifork Digital Health A/S"/><telecom><system value="url"/><value value="https://trifork.com"/></telecom><telecom><system value="email"/><value value="rbk@trifork.com"/></telecom></contact><description value="Radiologiske knogleforandringer"/><compose><include><system value="https://kip.rkkp.dk/fhir/CodeSystem/GenericValues"/><concept><code value="none"/><display value="Ingen knogleforandringer"/></concept></include><include><system value="https://kip.rkkp.dk/fhir/CodeSystem/RadiologicalBoneChanges"/><concept><code value="few"/><display value="Enkelte knogleforandr. i én/enkelte region(er)"/></concept><concept><code value="multiple"/><display value="Multiple knogleforandr. i én/flere regioner"/></concept></include></compose></ValueSet>