<?xml version="1.0" encoding="UTF-8"?><ValueSet xmlns="http://hl7.org/fhir"><id value="NIHSS7Ataksi"/><text><status value="extensions"/><div xmlns="http://www.w3.org/1999/xhtml"><p class="res-header-id"><b>Generated Narrative: ValueSet NIHSS7Ataksi</b></p><a name="NIHSS7Ataksi"> </a><a name="hcNIHSS7Ataksi"> </a><a name="NIHSS7Ataksi-en-US"> </a><ul><li>Include these codes as defined in <a href="CodeSystem-NIHSS7LimbAtaxia.html"><code>https://kip.rkkp.dk/fhir/CodeSystem/NIHSS7LimbAtaxia</code></a><table class="none"><tr><td style="white-space:nowrap"><b>Code</b></td><td><b>Display</b></td><td><b>Definition</b></td></tr><tr><td><a href="CodeSystem-NIHSS7LimbAtaxia.html#NIHSS7LimbAtaxia-0">0</a></td><td>0 = Ingen ataksi</td><td>Absent.</td></tr><tr><td><a href="CodeSystem-NIHSS7LimbAtaxia.html#NIHSS7LimbAtaxia-1">1</a></td><td>1 = Ataksi i én ekstremitet</td><td>Present in one limb.</td></tr><tr><td><a href="CodeSystem-NIHSS7LimbAtaxia.html#NIHSS7LimbAtaxia-2">2</a></td><td>2 = Ataksi i to ekstremiteter</td><td>Present in two limbs.</td></tr></table></li></ul></div></text><url value="https://kip.rkkp.dk/fhir/ValueSet/NIHSS7Ataksi"/><version value="2.9.3"/><name value="NIHSS7Ataksi"/><title value="NIHSS - 7. Ekstremitets ataksi"/><status value="active"/><experimental value="true"/><date value="2022-06-27T00:00:00+02:00"/><publisher value="Sundhedsvæsenets Kvalitetsinstitut with Trifork Digital Health A/S"/><contact><name value="Sundhedsvæsenets Kvalitetsinstitut with Trifork Digital Health A/S"/><telecom><system value="url"/><value value="https://trifork.com"/></telecom><telecom><system value="email"/><value value="rbk@trifork.com"/></telecom></contact><description value="The National Institute of Health Stroke Scale (NIHSS) - 7. Ekstremitets ataksi"/><compose><include><system value="https://kip.rkkp.dk/fhir/CodeSystem/NIHSS7LimbAtaxia"/><concept><code value="0"/><display value="0 = Ingen ataksi"/></concept><concept><code value="1"/><display value="1 = Ataksi i én ekstremitet"/></concept><concept><code value="2"/><display value="2 = Ataksi i to ekstremiteter"/></concept></include></compose></ValueSet>