<?xml version="1.0" encoding="UTF-8"?><ValueSet xmlns="http://hl7.org/fhir"><id value="Intubation"/><text><status value="extensions"/><div xmlns="http://www.w3.org/1999/xhtml"><p class="res-header-id"><b>Generated Narrative: ValueSet Intubation</b></p><a name="Intubation"> </a><a name="hcIntubation"> </a><a name="Intubation-en-US"> </a><ul><li>Include these codes as defined in <a href="CodeSystem-Intubation.html"><code>https://kip.rkkp.dk/fhir/CodeSystem/Intubation</code></a><table class="none"><tr><td style="white-space:nowrap"><b>Code</b></td><td><b>Display</b></td><td><b>Definition</b></td></tr><tr><td><a href="CodeSystem-Intubation.html#Intubation-max2_dir">max2_dir</a></td><td>Højest 2 forsøg, seneste ved direkte laryngoskopi</td><td>Højest 2 forsøg, seneste ved direkte laryngoskopi</td></tr><tr><td><a href="CodeSystem-Intubation.html#Intubation-max2_video">max2_video</a></td><td>Højest 2 forsøg, seneste ved videolaryngoskopi</td><td>Højest 2 forsøg, seneste ved videolaryngoskopi</td></tr><tr><td><a href="CodeSystem-Intubation.html#Intubation-max2_flex">max2_flex</a></td><td>Højest 2 forsøg, seneste ved fleksibel skopi</td><td>Højest 2 forsøg, seneste ved fleksibel skopi</td></tr><tr><td><a href="CodeSystem-Intubation.html#Intubation-max2_other">max2_other</a></td><td>Højest 2 forsøg seneste ved andet end ovennævnte metoder</td><td>Højest 2 forsøg seneste ved andet end ovennævnte metoder</td></tr><tr><td><a href="CodeSystem-Intubation.html#Intubation-3_or_more">3_or_more</a></td><td>3 forsøg eller flere uanset metode</td><td>3 forsøg eller flere uanset metode</td></tr><tr><td><a href="CodeSystem-Intubation.html#Intubation-abandon">abandon</a></td><td>Intubation opgivet</td><td>Intubation opgivet</td></tr></table></li></ul></div></text><url value="https://kip.rkkp.dk/fhir/ValueSet/Intubation"/><version value="2.9.3"/><name value="Intubation"/><title value="Intubation"/><status value="active"/><experimental value="true"/><date value="2022-06-09T00:00:00+02:00"/><publisher value="Sundhedsvæsenets Kvalitetsinstitut with Trifork Digital Health A/S"/><contact><name value="Sundhedsvæsenets Kvalitetsinstitut with Trifork Digital Health A/S"/><telecom><system value="url"/><value value="https://trifork.com"/></telecom><telecom><system value="email"/><value value="rbk@trifork.com"/></telecom></contact><description value="Resultat af luftvejshåndtering vha. intubation"/><compose><include><system value="https://kip.rkkp.dk/fhir/CodeSystem/Intubation"/><concept><code value="max2_dir"/><display value="Højest 2 forsøg, seneste ved direkte laryngoskopi"/></concept><concept><code value="max2_video"/><display value="Højest 2 forsøg, seneste ved videolaryngoskopi"/></concept><concept><code value="max2_flex"/><display value="Højest 2 forsøg, seneste ved fleksibel skopi"/></concept><concept><code value="max2_other"/><display value="Højest 2 forsøg seneste ved andet end ovennævnte metoder"/></concept><concept><code value="3_or_more"/><display value="3 forsøg eller flere uanset metode"/></concept><concept><code value="abandon"/><display value="Intubation opgivet"/></concept></include></compose></ValueSet>