<?xml version="1.0" encoding="UTF-8"?><ValueSet xmlns="http://hl7.org/fhir"><id value="MenisklaesionMedialLateralDKRR"/><text><status value="extensions"/><div xmlns="http://www.w3.org/1999/xhtml"><p class="res-header-id"><b>Generated Narrative: ValueSet MenisklaesionMedialLateralDKRR</b></p><a name="MenisklaesionMedialLateralDKRR"> </a><a name="hcMenisklaesionMedialLateralDKRR"> </a><a name="MenisklaesionMedialLateralDKRR-en-US"> </a><ul><li>Include these codes as defined in <a href="CodeSystem-SKS.html"><code>https://kip.rkkp.dk/fhir/CodeSystem/SKS</code></a><table class="none"><tr><td style="white-space:nowrap"><b>Code</b></td><td><b>Display</b></td><td><b>Definition</b></td></tr><tr><td><a href="CodeSystem-SKS.html#SKS-TUL9A">TUL9A</a></td><td>Lateral læsion</td><td>TUL9A - lateral</td></tr><tr><td><a href="CodeSystem-SKS.html#SKS-TUL9B">TUL9B</a></td><td>Medial læsion</td><td>TUL9B - medial</td></tr></table></li></ul></div></text><url value="https://kip.rkkp.dk/fhir/ValueSet/MenisklaesionMedialLateralDKRR"/><version value="2.9.3"/><name value="MenisklaesionMedialLateralDKRR"/><title value="Menisklæsion, medial/lateral (DKRR)"/><status value="active"/><experimental value="true"/><date value="2022-09-19T00:00:00+02:00"/><publisher value="Sundhedsvæsenets Kvalitetsinstitut with Trifork Digital Health A/S"/><contact><name value="Sundhedsvæsenets Kvalitetsinstitut with Trifork Digital Health A/S"/><telecom><system value="url"/><value value="https://trifork.com"/></telecom><telecom><system value="email"/><value value="rbk@trifork.com"/></telecom></contact><description value="Menisklæsion, medial/lateral (DKRR)"/><compose><include><system value="https://kip.rkkp.dk/fhir/CodeSystem/SKS"/><concept><code value="TUL9A"/><display value="Lateral læsion"/></concept><concept><code value="TUL9B"/><display value="Medial læsion"/></concept></include></compose></ValueSet>