<?xml version="1.0" encoding="UTF-8"?><ValueSet xmlns="http://hl7.org/fhir"><id value="ECOG"/><text><status value="extensions"/><div xmlns="http://www.w3.org/1999/xhtml"><p class="res-header-id"><b>Generated Narrative: ValueSet ECOG</b></p><a name="ECOG"> </a><a name="hcECOG"> </a><a name="ECOG-en-US"> </a><ul><li>Include these codes as defined in <a href="CodeSystem-PerformanceStatusScore.html"><code>https://kip.rkkp.dk/fhir/CodeSystem/PerformanceStatusScore</code></a><table class="none"><tr><td style="white-space:nowrap"><b>Code</b></td><td><b>Display</b></td><td><b>Definition</b></td></tr><tr><td><a href="CodeSystem-PerformanceStatusScore.html#PerformanceStatusScore-grade_0">grade_0</a></td><td>0: Ingen symptomer</td><td>Fully active, able to carry on all pre-disease performance without restriction</td></tr><tr><td><a href="CodeSystem-PerformanceStatusScore.html#PerformanceStatusScore-grade_1">grade_1</a></td><td>1: Klarer ikke svær fysisk aktivitet</td><td>Restricted in physically strenuous activity but ambulatory and able to carry out work of a light or sedentary nature, e.g., light house work, office work</td></tr><tr><td><a href="CodeSystem-PerformanceStatusScore.html#PerformanceStatusScore-grade_2">grade_2</a></td><td>2: Klarer ikke moderat fysisk aktivitet</td><td>Ambulatory and capable of all selfcare but unable to carry out any work activities; up and about more than 50% of waking hours</td></tr><tr><td><a href="CodeSystem-PerformanceStatusScore.html#PerformanceStatusScore-grade_3">grade_3</a></td><td>3: Klarer ikke let fysisk aktivitet</td><td>Capable of only limited selfcare; confined to bed or chair more than 50% of waking hours</td></tr><tr><td><a href="CodeSystem-PerformanceStatusScore.html#PerformanceStatusScore-grade_4">grade_4</a></td><td>4: Sengeliggende</td><td>Completely disabled; cannot carry on any selfcare; totally confined to bed or chair</td></tr><tr><td><a href="CodeSystem-PerformanceStatusScore.html#PerformanceStatusScore-grade_5">grade_5</a></td><td>5: Død</td><td>Dead</td></tr></table></li></ul></div></text><url value="https://kip.rkkp.dk/fhir/ValueSet/ECOG"/><version value="2.9.3"/><name value="ECOG"/><title value="ECOG Performance Status Scale"/><status value="active"/><experimental value="true"/><date value="2022-06-08T00:00:00+02:00"/><publisher value="Sundhedsvæsenets Kvalitetsinstitut with Trifork Digital Health A/S"/><contact><name value="Sundhedsvæsenets Kvalitetsinstitut with Trifork Digital Health A/S"/><telecom><system value="url"/><value value="https://trifork.com"/></telecom><telecom><system value="email"/><value value="rbk@trifork.com"/></telecom></contact><description value="Valueset for ECOG skalaen"/><compose><include><system value="https://kip.rkkp.dk/fhir/CodeSystem/PerformanceStatusScore"/><concept><code value="grade_0"/><display value="0: Ingen symptomer"/></concept><concept><code value="grade_1"/><display value="1: Klarer ikke svær fysisk aktivitet"/></concept><concept><code value="grade_2"/><display value="2: Klarer ikke moderat fysisk aktivitet"/></concept><concept><code value="grade_3"/><display value="3: Klarer ikke let fysisk aktivitet"/></concept><concept><code value="grade_4"/><display value="4: Sengeliggende"/></concept><concept><code value="grade_5"/><display value="5: Død"/></concept></include></compose></ValueSet>