<?xml version="1.0" encoding="UTF-8"?><ValueSet xmlns="http://hl7.org/fhir"><id value="KomponentPatellaDKRrevision"/><text><status value="extensions"/><div xmlns="http://www.w3.org/1999/xhtml"><p class="res-header-id"><b>Generated Narrative: ValueSet KomponentPatellaDKRrevision</b></p><a name="KomponentPatellaDKRrevision"> </a><a name="hcKomponentPatellaDKRrevision"> </a><a name="KomponentPatellaDKRrevision-en-US"> </a><p>This value set includes codes based on the following rules:</p><ul><li>Include these codes as defined in <a href="CodeSystem-GenericValues.html"><code>https://kip.rkkp.dk/fhir/CodeSystem/GenericValues</code></a><table class="none"><tr><td style="white-space:nowrap"><b>Code</b></td><td><b>Display</b></td><td><b>Definition</b></td></tr><tr><td><a href="CodeSystem-GenericValues.html#GenericValues-none">none</a></td><td>Ingen</td><td>None - used to choose none of the available values</td></tr><tr><td><a href="CodeSystem-GenericValues.html#GenericValues-not_replaced">not_replaced</a></td><td>Ikke udskiftet (ved revision)</td><td>Not replaced / Ikke udskiftet</td></tr><tr><td><a href="CodeSystem-GenericValues.html#GenericValues-removed">removed</a></td><td>Fjernelse af patellakomponent</td><td>Removed / Fjernet</td></tr><tr><td><a href="CodeSystem-GenericValues.html#GenericValues-other">other</a></td><td>Anden komponent</td><td>Other - used to choose unspecific value not in a valueset</td></tr></table></li><li>Include these codes as defined in <a href="CodeSystem-ImplantComponents.html"><code>https://kip.rkkp.dk/fhir/CodeSystem/ImplantComponents</code></a><table class="none"><tr><td style="white-space:nowrap"><b>Code</b></td><td><b>Display</b></td><td><b>Definition</b></td></tr><tr><td><a href="CodeSystem-ImplantComponents.html#ImplantComponents-metal_backing">metal_backing</a></td><td>Metal-backing</td><td>Metal-backing</td></tr><tr><td><a href="CodeSystem-ImplantComponents.html#ImplantComponents-polyethylene">polyethylene</a></td><td>Polyethylen</td><td>Polyethylene / Polyethylen / SNOMED-CT: 71463006</td></tr></table></li></ul></div></text><url value="https://kip.rkkp.dk/fhir/ValueSet/KomponentPatellaDKRrevision"/><version value="2.9.3"/><name value="KomponentPatellaDKRrevision"/><title value="Komponent - patella (DKR) revision"/><status value="active"/><experimental value="true"/><date value="2023-01-16T00:00:00+02:00"/><publisher value="Sundhedsvæsenets Kvalitetsinstitut with Trifork Digital Health A/S"/><contact><name value="Sundhedsvæsenets Kvalitetsinstitut with Trifork Digital Health A/S"/><telecom><system value="url"/><value value="https://trifork.com"/></telecom><telecom><system value="email"/><value value="rbk@trifork.com"/></telecom></contact><description value="Komponent - patella (DKR) revision"/><compose><include><system value="https://kip.rkkp.dk/fhir/CodeSystem/GenericValues"/><concept><code value="none"/><display value="Ingen"/></concept><concept><code value="not_replaced"/><display value="Ikke udskiftet (ved revision)"/></concept><concept><code value="removed"/><display value="Fjernelse af patellakomponent"/></concept><concept><code value="other"/><display value="Anden komponent"/></concept></include><include><system value="https://kip.rkkp.dk/fhir/CodeSystem/ImplantComponents"/><concept><code value="metal_backing"/><display value="Metal-backing"/></concept><concept><code value="polyethylene"/><display value="Polyethylen"/></concept></include></compose></ValueSet>