<?xml version="1.0" encoding="UTF-8"?><ValueSet xmlns="http://hl7.org/fhir"><id value="NerveBlockTypeOther"/><text><status value="extensions"/><div xmlns="http://www.w3.org/1999/xhtml"><p class="res-header-id"><b>Generated Narrative: ValueSet NerveBlockTypeOther</b></p><a name="NerveBlockTypeOther"> </a><a name="hcNerveBlockTypeOther"> </a><a name="NerveBlockTypeOther-en-US"> </a><ul><li>Include these codes as defined in <a href="CodeSystem-BlockTypes.html"><code>https://kip.rkkp.dk/fhir/CodeSystem/BlockTypes</code></a><table class="none"><tr><td style="white-space:nowrap"><b>Code</b></td><td><b>Display</b></td><td><b>Definition</b></td></tr><tr><td><a href="CodeSystem-BlockTypes.html#BlockTypes-thorakal_Paravertebral">thorakal_Paravertebral</a></td><td>Thorakal Paravertebral blokade</td><td>Thorakal Paravertebral blokade</td></tr><tr><td><a href="CodeSystem-BlockTypes.html#BlockTypes-intercostal">intercostal</a></td><td>Intercostal blokade</td><td>Intercostal blokade</td></tr><tr><td><a href="CodeSystem-BlockTypes.html#BlockTypes-quadratus_lumborum">quadratus_lumborum</a></td><td>Quadratus lumborum blokade</td><td>Quadratus lumborum blokade</td></tr><tr><td><a href="CodeSystem-BlockTypes.html#BlockTypes-transversus_abdominis">transversus_abdominis</a></td><td>Transversus abdominis plane (TAP) blokade</td><td>Transversus abdominis plane (TAP) blokade</td></tr><tr><td><a href="CodeSystem-BlockTypes.html#BlockTypes-ilioinguinalis_iliohypogastricus">ilioinguinalis_iliohypogastricus</a></td><td>Ilioinguinalis/iliohypogastricus</td><td>Ilioinguinalis/iliohypogastricus</td></tr><tr><td><a href="CodeSystem-BlockTypes.html#BlockTypes-pectoralis">pectoralis</a></td><td>N. Pectoralis</td><td>N. Pectoralis</td></tr><tr><td><a href="CodeSystem-BlockTypes.html#BlockTypes-other">other</a></td><td>Anden</td><td>Anden blokadetype</td></tr></table></li></ul></div></text><url value="https://kip.rkkp.dk/fhir/ValueSet/NerveBlockTypeOther"/><version value="2.9.3"/><name value="NerveBlockTypeOther"/><title value="Typer af blokade øvrige"/><status value="active"/><experimental value="true"/><date value="2022-06-09T00:00:00+02:00"/><publisher value="Sundhedsvæsenets Kvalitetsinstitut with Trifork Digital Health A/S"/><contact><name value="Sundhedsvæsenets Kvalitetsinstitut with Trifork Digital Health A/S"/><telecom><system value="url"/><value value="https://trifork.com"/></telecom><telecom><system value="email"/><value value="rbk@trifork.com"/></telecom></contact><description value="Type Perifer nerveblokade Trunkal/Abdominal/Øvrige"/><compose><include><system value="https://kip.rkkp.dk/fhir/CodeSystem/BlockTypes"/><concept><code value="thorakal_Paravertebral"/><display value="Thorakal Paravertebral blokade"/></concept><concept><code value="intercostal"/><display value="Intercostal blokade"/></concept><concept><code value="quadratus_lumborum"/><display value="Quadratus lumborum blokade"/></concept><concept><code value="transversus_abdominis"/><display value="Transversus abdominis plane (TAP) blokade"/></concept><concept><code value="ilioinguinalis_iliohypogastricus"/><display value="Ilioinguinalis/iliohypogastricus"/></concept><concept><code value="pectoralis"/><display value="N. Pectoralis"/></concept><concept><code value="other"/><display value="Anden"/></concept></include></compose></ValueSet>