<?xml version="1.0" encoding="UTF-8"?><ValueSet xmlns="http://hl7.org/fhir"><id value="TumorklassifikationDiagnoseDEGC"/><text><status value="extensions"/><div xmlns="http://www.w3.org/1999/xhtml"><p class="res-header-id"><b>Generated Narrative: ValueSet TumorklassifikationDiagnoseDEGC</b></p><a name="TumorklassifikationDiagnoseDEGC"> </a><a name="hcTumorklassifikationDiagnoseDEGC"> </a><a name="TumorklassifikationDiagnoseDEGC-en-US"> </a><ul><li>Include these codes as defined in <a href="CodeSystem-TumorClassificationHistology.html"><code>https://kip.rkkp.dk/fhir/CodeSystem/TumorClassificationHistology</code></a><table class="none"><tr><td style="white-space:nowrap"><b>Code</b></td><td><b>Display</b></td><td><b>Definition</b></td></tr><tr><td><a href="CodeSystem-TumorClassificationHistology.html#TumorClassificationHistology-planocellular">planocellular</a></td><td>Planocellulært</td><td>Planocellulært karcinom</td></tr><tr><td><a href="CodeSystem-TumorClassificationHistology.html#TumorClassificationHistology-adenocarcinoma">adenocarcinoma</a></td><td>Adenocarcinom</td><td>Adenokarcinom</td></tr><tr><td><a href="CodeSystem-TumorClassificationHistology.html#TumorClassificationHistology-other">other</a></td><td>Andet carcinom</td><td>Anden type karcinom</td></tr></table></li></ul></div></text><url value="https://kip.rkkp.dk/fhir/ValueSet/TumorklassifikationDiagnoseDEGC"/><version value="2.9.3"/><name value="TumorklassifikationDiagnoseDEGC"/><title value="Tumorklassifikation"/><status value="active"/><experimental value="true"/><date value="2022-06-08T00:00:00+02:00"/><publisher value="Sundhedsvæsenets Kvalitetsinstitut with Trifork Digital Health A/S"/><contact><name value="Sundhedsvæsenets Kvalitetsinstitut with Trifork Digital Health A/S"/><telecom><system value="url"/><value value="https://trifork.com"/></telecom><telecom><system value="email"/><value value="rbk@trifork.com"/></telecom></contact><description value="Histologisk tumorklassifikation i DEGC (diagnose)"/><compose><include><system value="https://kip.rkkp.dk/fhir/CodeSystem/TumorClassificationHistology"/><concept><code value="planocellular"/><display value="Planocellulært"/></concept><concept><code value="adenocarcinoma"/><display value="Adenocarcinom"/></concept><concept><code value="other"/><display value="Andet carcinom"/></concept></include></compose></ValueSet>