<?xml version="1.0" encoding="UTF-8"?><ValueSet xmlns="http://hl7.org/fhir"><id value="Skematype"/><text><status value="extensions"/><div xmlns="http://www.w3.org/1999/xhtml"><p class="res-header-id"><b>Generated Narrative: ValueSet Skematype</b></p><a name="Skematype"> </a><a name="hcSkematype"> </a><a name="Skematype-en-US"> </a><ul><li>Include these codes as defined in <a href="CodeSystem-GenericValues.html"><code>https://kip.rkkp.dk/fhir/CodeSystem/GenericValues</code></a><table class="none"><tr><td style="white-space:nowrap"><b>Code</b></td><td><b>Display</b></td><td><b>Definition</b></td></tr><tr><td><a href="CodeSystem-GenericValues.html#GenericValues-paper_report">paper_report</a></td><td>Papir</td><td>Paper report / Papir indberetning</td></tr><tr><td><a href="CodeSystem-GenericValues.html#GenericValues-electronic_report">electronic_report</a></td><td>Elektronisk</td><td>Electronic report / Elektronisk indberetning</td></tr></table></li></ul></div></text><url value="https://kip.rkkp.dk/fhir/ValueSet/Skematype"/><version value="2.9.3"/><name value="Skematype"/><title value="Skematype"/><status value="active"/><experimental value="true"/><date value="2022-09-06T00:00:00+02:00"/><publisher value="Sundhedsvæsenets Kvalitetsinstitut with Trifork Digital Health A/S"/><contact><name value="Sundhedsvæsenets Kvalitetsinstitut with Trifork Digital Health A/S"/><telecom><system value="url"/><value value="https://trifork.com"/></telecom><telecom><system value="email"/><value value="rbk@trifork.com"/></telecom></contact><description value="Indleveringsform for eksterne skemaer"/><compose><include><system value="https://kip.rkkp.dk/fhir/CodeSystem/GenericValues"/><concept><code value="paper_report"/><display value="Papir"/></concept><concept><code value="electronic_report"/><display value="Elektronisk"/></concept></include></compose></ValueSet>