<?xml version="1.0" encoding="UTF-8"?><ValueSet xmlns="http://hl7.org/fhir"><id value="EDTAHaemodialyseDNSL"/><text><status value="extensions"/><div xmlns="http://www.w3.org/1999/xhtml"><p class="res-header-id"><b>Generated Narrative: ValueSet EDTAHaemodialyseDNSL</b></p><a name="EDTAHaemodialyseDNSL"> </a><a name="hcEDTAHaemodialyseDNSL"> </a><a name="EDTAHaemodialyseDNSL-en-US"> </a><ul><li>Include these codes as defined in <a href="CodeSystem-EDTACodes.html"><code>https://kip.rkkp.dk/fhir/CodeSystem/EDTACodes</code></a><table class="none"><tr><td style="white-space:nowrap"><b>Code</b></td><td><b>Display</b></td><td><b>Definition</b></td></tr><tr><td><a href="CodeSystem-EDTACodes.html#EDTACodes-EDTA10">EDTA10</a></td><td>EDTA 10, Center-hæmodialyse</td><td>EDTA 10, Center-hæmodialyse</td></tr><tr><td><a href="CodeSystem-EDTACodes.html#EDTACodes-EDTA11">EDTA11</a></td><td>EDTA 11, Limited-care dialyse</td><td>EDTA 11, Limited-care dialyse</td></tr><tr><td><a href="CodeSystem-EDTACodes.html#EDTACodes-EDTA20">EDTA20</a></td><td>EDTA 20, Hjemme-hæmodialyse</td><td>EDTA 20, Hjemme-hæmodialyse</td></tr></table></li></ul></div></text><url value="https://kip.rkkp.dk/fhir/ValueSet/EDTAHaemodialyseDNSL"/><version value="2.9.3"/><name value="EDTAHaemodialyseDNSL"/><title value="EDTA koder Hæmodialyse (DNSL)"/><status value="active"/><experimental value="true"/><date value="2024-01-31T00:00:00+02:00"/><publisher value="Sundhedsvæsenets Kvalitetsinstitut with Trifork Digital Health A/S"/><contact><name value="Sundhedsvæsenets Kvalitetsinstitut with Trifork Digital Health A/S"/><telecom><system value="url"/><value value="https://trifork.com"/></telecom><telecom><system value="email"/><value value="rbk@trifork.com"/></telecom></contact><description value="EDTA koder Hæmodialyse (DNSL)"/><compose><include><system value="https://kip.rkkp.dk/fhir/CodeSystem/EDTACodes"/><concept><code value="EDTA10"/><display value="EDTA 10, Center-hæmodialyse"/></concept><concept><code value="EDTA11"/><display value="EDTA 11, Limited-care dialyse"/></concept><concept><code value="EDTA20"/><display value="EDTA 20, Hjemme-hæmodialyse"/></concept></include></compose></ValueSet>