<?xml version="1.0" encoding="UTF-8"?><ValueSet xmlns="http://hl7.org/fhir"><id value="AnaestesiLokalGenerelSpinalEpidural"/><text><status value="extensions"/><div xmlns="http://www.w3.org/1999/xhtml"><p class="res-header-id"><b>Generated Narrative: ValueSet AnaestesiLokalGenerelSpinalEpidural</b></p><a name="AnaestesiLokalGenerelSpinalEpidural"> </a><a name="hcAnaestesiLokalGenerelSpinalEpidural"> </a><a name="AnaestesiLokalGenerelSpinalEpidural-en-US"> </a><ul><li>Include these codes as defined in <a href="CodeSystem-AnasthesiaService.html"><code>https://kip.rkkp.dk/fhir/CodeSystem/AnasthesiaService</code></a><table class="none"><tr><td style="white-space:nowrap"><b>Code</b></td><td><b>Display</b></td><td><b>Definition</b></td></tr><tr><td><a href="CodeSystem-AnasthesiaService.html#AnasthesiaService-regional">regional</a></td><td>Spinal/epidural</td><td>Regional (spinal/epidural) / SNOMED-CT: 231262009</td></tr><tr><td><a href="CodeSystem-AnasthesiaService.html#AnasthesiaService-gen_anesthesia">gen_anesthesia</a></td><td>Generel anæstesi</td><td>Generel anæstesi / SNOMED-CT: 50697003</td></tr><tr><td><a href="CodeSystem-AnasthesiaService.html#AnasthesiaService-local_anesthesia">local_anesthesia</a></td><td>Lokal anæstesi, alene</td><td>Lokal anæstesi / SNOMED-CT: 386761002</td></tr></table></li></ul></div></text><url value="https://kip.rkkp.dk/fhir/ValueSet/AnaestesiLokalGenerelSpinalEpidural"/><version value="2.9.3"/><name value="AnaestesiLokalGenerelSpinalEpidural"/><title value="Anæstesi - Generel, lokal og spinal/epidural anæstesi"/><status value="active"/><experimental value="true"/><date value="2022-07-20T00:00:00+02:00"/><publisher value="Sundhedsvæsenets Kvalitetsinstitut with Trifork Digital Health A/S"/><contact><name value="Sundhedsvæsenets Kvalitetsinstitut with Trifork Digital Health A/S"/><telecom><system value="url"/><value value="https://trifork.com"/></telecom><telecom><system value="email"/><value value="rbk@trifork.com"/></telecom></contact><description value="Værdier for generel, lokal og spinal/epidural anæstesi."/><compose><include><system value="https://kip.rkkp.dk/fhir/CodeSystem/AnasthesiaService"/><concept><code value="regional"/><display value="Spinal/epidural"/></concept><concept><code value="gen_anesthesia"/><display value="Generel anæstesi"/></concept><concept><code value="local_anesthesia"/><display value="Lokal anæstesi, alene"/></concept></include></compose></ValueSet>