<?xml version="1.0" encoding="UTF-8"?><ValueSet xmlns="http://hl7.org/fhir"><id value="CaputTypeDHR"/><text><status value="extensions"/><div xmlns="http://www.w3.org/1999/xhtml"><p class="res-header-id"><b>Generated Narrative: ValueSet CaputTypeDHR</b></p><a name="CaputTypeDHR"> </a><a name="hcCaputTypeDHR"> </a><a name="CaputTypeDHR-en-US"> </a><ul><li>Include these codes as defined in <a href="CodeSystem-ImplantComponents.html"><code>https://kip.rkkp.dk/fhir/CodeSystem/ImplantComponents</code></a><table class="none"><tr><td style="white-space:nowrap"><b>Code</b></td><td><b>Display</b></td><td><b>Definition</b></td></tr><tr><td><a href="CodeSystem-ImplantComponents.html#ImplantComponents-modular">modular</a></td><td>Modulært</td><td>Modular / Modulært</td></tr><tr><td><a href="CodeSystem-ImplantComponents.html#ImplantComponents-adherent">adherent</a></td><td>Fastsiddende (inkl. resurfacing)</td><td>Adherent / Fastsiddende</td></tr></table></li></ul></div></text><url value="https://kip.rkkp.dk/fhir/ValueSet/CaputTypeDHR"/><version value="2.9.3"/><name value="CaputTypeDHR"/><title value="Caput type - (DHR)"/><status value="active"/><experimental value="true"/><date value="2022-11-02T00:00:00+02:00"/><publisher value="Sundhedsvæsenets Kvalitetsinstitut with Trifork Digital Health A/S"/><contact><name value="Sundhedsvæsenets Kvalitetsinstitut with Trifork Digital Health A/S"/><telecom><system value="url"/><value value="https://trifork.com"/></telecom><telecom><system value="email"/><value value="rbk@trifork.com"/></telecom></contact><description value="Caput type - (DHR)"/><compose><include><system value="https://kip.rkkp.dk/fhir/CodeSystem/ImplantComponents"/><concept><code value="modular"/><display value="Modulært"/></concept><concept><code value="adherent"/><display value="Fastsiddende (inkl. resurfacing)"/></concept></include></compose></ValueSet>