<?xml version="1.0" encoding="UTF-8"?><ValueSet xmlns="http://hl7.org/fhir"><id value="CementBlandesystemDHR"/><text><status value="extensions"/><div xmlns="http://www.w3.org/1999/xhtml"><p class="res-header-id"><b>Generated Narrative: ValueSet CementBlandesystemDHR</b></p><a name="CementBlandesystemDHR"> </a><a name="hcCementBlandesystemDHR"> </a><a name="CementBlandesystemDHR-en-US"> </a><ul><li>Include these codes as defined in <a href="CodeSystem-ImplantComponents.html"><code>https://kip.rkkp.dk/fhir/CodeSystem/ImplantComponents</code></a><table class="none"><tr><td style="white-space:nowrap"><b>Code</b></td><td><b>Display</b></td><td><b>Definition</b></td></tr><tr><td><a href="CodeSystem-ImplantComponents.html#ImplantComponents-open_mixture">open_mixture</a></td><td>Åben blanding af væske og pulver</td><td>Open mixture / Åben blanding af væske og pulver</td></tr><tr><td><a href="CodeSystem-ImplantComponents.html#ImplantComponents-closed_mixture">closed_mixture</a></td><td>Fuldstændig lukket blanding af væske og pulver</td><td>Closed mixture / Fuldstændig lukket blanding af væske og pulver</td></tr></table></li></ul></div></text><url value="https://kip.rkkp.dk/fhir/ValueSet/CementBlandesystemDHR"/><version value="2.9.3"/><name value="CementBlandesystemDHR"/><title value="Cement blandesystem (DHR)"/><status value="active"/><experimental value="true"/><date value="2022-11-07T00:00:00+02:00"/><publisher value="Sundhedsvæsenets Kvalitetsinstitut with Trifork Digital Health A/S"/><contact><name value="Sundhedsvæsenets Kvalitetsinstitut with Trifork Digital Health A/S"/><telecom><system value="url"/><value value="https://trifork.com"/></telecom><telecom><system value="email"/><value value="rbk@trifork.com"/></telecom></contact><description value="Cement blandesystem (DHR)"/><compose><include><system value="https://kip.rkkp.dk/fhir/CodeSystem/ImplantComponents"/><concept><code value="open_mixture"/><display value="Åben blanding af væske og pulver"/></concept><concept><code value="closed_mixture"/><display value="Fuldstændig lukket blanding af væske og pulver"/></concept></include></compose></ValueSet>