<?xml version="1.0" encoding="UTF-8"?><ValueSet xmlns="http://hl7.org/fhir"><id value="KomponentAcetabulumDHR"/><text><status value="extensions"/><div xmlns="http://www.w3.org/1999/xhtml"><p class="res-header-id"><b>Generated Narrative: ValueSet KomponentAcetabulumDHR</b></p><a name="KomponentAcetabulumDHR"> </a><a name="hcKomponentAcetabulumDHR"> </a><a name="KomponentAcetabulumDHR-en-US"> </a><p>This value set includes codes based on the following rules:</p><ul><li>Include these codes as defined in <a href="CodeSystem-HipJointArthroplastyComponent.html"><code>https://kip.rkkp.dk/fhir/CodeSystem/HipJointArthroplastyComponent</code></a><table class="none"><tr><td style="white-space:nowrap"><b>Code</b></td><td><b>Display</b></td><td><b>Definition</b></td></tr><tr><td><a href="CodeSystem-HipJointArthroplastyComponent.html#HipJointArthroplastyComponent-depuy_bi_mentum_cemented_cup">depuy_bi_mentum_cemented_cup</a></td><td>DePuy: BI Mentum Cemented Cup</td><td>DePuy: BI MENTUM CEMENTED CUP</td></tr><tr><td><a href="CodeSystem-HipJointArthroplastyComponent.html#HipJointArthroplastyComponent-depuy_bi_mentum_plus_cup">depuy_bi_mentum_plus_cup</a></td><td>DePuy: BI Mentum Plus Cup</td><td>DePuy: BI MENTUM PLUS CUP</td></tr><tr><td><a href="CodeSystem-HipJointArthroplastyComponent.html#HipJointArthroplastyComponent-depuy_bi_mentum_pressfit_cup">depuy_bi_mentum_pressfit_cup</a></td><td>DePuy: BI Mentum Pressfit Cup</td><td>DePuy: BI MENTUM PRESSFIT CUP</td></tr><tr><td><a href="CodeSystem-HipJointArthroplastyComponent.html#HipJointArthroplastyComponent-depuy_bi_mentum_revision_cup">depuy_bi_mentum_revision_cup</a></td><td>DePuy: BI Mentum Revision Cup</td><td>DePuy: BI MENTUM REVISION CUP</td></tr><tr><td><a href="CodeSystem-HipJointArthroplastyComponent.html#HipJointArthroplastyComponent-depuy_pinnacle_gripton">depuy_pinnacle_gripton</a></td><td>DePuy: Pinnacle Gription</td><td>DePuy: Pinnacle Gription</td></tr><tr><td><a href="CodeSystem-HipJointArthroplastyComponent.html#HipJointArthroplastyComponent-depuy_pinnacle_porocoat">depuy_pinnacle_porocoat</a></td><td>DePuy: Pinnacle Porocoat</td><td>DePuy: Pinnacle Porocoat</td></tr><tr><td><a href="CodeSystem-HipJointArthroplastyComponent.html#HipJointArthroplastyComponent-implant_cast_mutars_lumic">implant_cast_mutars_lumic</a></td><td>Implantcast: Mutars Lumic</td><td>Implantcast: Mutars Lumic</td></tr><tr><td><a href="CodeSystem-HipJointArthroplastyComponent.html#HipJointArthroplastyComponent-link_lubinus">link_lubinus</a></td><td>Link: Lubinus</td><td>Link: Lubinus</td></tr><tr><td><a href="CodeSystem-HipJointArthroplastyComponent.html#HipJointArthroplastyComponent-ortotech_saturne">ortotech_saturne</a></td><td>Ortotech: Saturne</td><td>Ortotech: Saturne</td></tr><tr><td><a href="CodeSystem-HipJointArthroplastyComponent.html#HipJointArthroplastyComponent-ortotech_saturne_reconstruction">ortotech_saturne_reconstruction</a></td><td>Ortotech: Saturne rekonstruktion</td><td>Ortotech: Saturne rekonstruktion</td></tr><tr><td><a href="CodeSystem-HipJointArthroplastyComponent.html#HipJointArthroplastyComponent-serf_fischer_medical_novae_coptos_th">serf_fischer_medical_novae_coptos_th</a></td><td>Serf: Novae Coptos TH</td><td>Serf: Novae Coptos TH</td></tr><tr><td><a href="CodeSystem-HipJointArthroplastyComponent.html#HipJointArthroplastyComponent-serf_fischer_medical_novae_e_th">serf_fischer_medical_novae_e_th</a></td><td>Serf: Novae E TH</td><td>Serf: Novae E TH</td></tr><tr><td><a href="CodeSystem-HipJointArthroplastyComponent.html#HipJointArthroplastyComponent-serf_fischer_medical_novae_stick">serf_fischer_medical_novae_stick</a></td><td>Serf: Novae Stick</td><td>Serf: Novae Stick</td></tr><tr><td><a href="CodeSystem-HipJointArthroplastyComponent.html#HipJointArthroplastyComponent-serf_fischer_medical_novae_sunfit">serf_fischer_medical_novae_sunfit</a></td><td>Serf: Novae Sunfit</td><td>Serf: Novae Sunfit</td></tr><tr><td><a href="CodeSystem-HipJointArthroplastyComponent.html#HipJointArthroplastyComponent-smith.38nephew_bhr">smith&amp;nephew_bhr</a></td><td>Smith &amp; Nephew: BHR</td><td>Smith &amp; Nephew: BHR (Acetabulum + Femur)</td></tr><tr><td><a href="CodeSystem-HipJointArthroplastyComponent.html#HipJointArthroplastyComponent-smith.38nephew_polarcup">smith&amp;nephew_polarcup</a></td><td>Smith &amp; Nephew: Polarcup</td><td>Smith &amp; Nephew: Polarcup</td></tr><tr><td><a href="CodeSystem-HipJointArthroplastyComponent.html#HipJointArthroplastyComponent-smith.38nephew_r3">smith&amp;nephew_r3</a></td><td>Smith &amp; Nephew: R3</td><td>Smith &amp; Nephew: R3</td></tr><tr><td><a href="CodeSystem-HipJointArthroplastyComponent.html#HipJointArthroplastyComponent-stryker_contemporary">stryker_contemporary</a></td><td>Stryker: Contemporary</td><td>Stryker: Contemporary</td></tr><tr><td><a href="CodeSystem-HipJointArthroplastyComponent.html#HipJointArthroplastyComponent-stryker_exeter_rimfit_x3">stryker_exeter_rimfit_x3</a></td><td>Stryker: Exeter Rimfit X3</td><td>Stryker: Exeter Rimfit X3</td></tr><tr><td><a href="CodeSystem-HipJointArthroplastyComponent.html#HipJointArthroplastyComponent-stryker_restoration_anatomical">stryker_restoration_anatomical</a></td><td>Stryker: Restoration Anatomical</td><td>Stryker: Restoration Anatomical</td></tr><tr><td><a href="CodeSystem-HipJointArthroplastyComponent.html#HipJointArthroplastyComponent-stryker_trident_ad_hemispheric">stryker_trident_ad_hemispheric</a></td><td>Stryker: Trident AD hemisfærisk</td><td>Stryker: Trident AD hemisfærisk</td></tr><tr><td><a href="CodeSystem-HipJointArthroplastyComponent.html#HipJointArthroplastyComponent-stryker_trident_ad_psl">stryker_trident_ad_psl</a></td><td>Stryker: Trident AD PSL</td><td>Stryker: Trident AD PSL</td></tr><tr><td><a href="CodeSystem-HipJointArthroplastyComponent.html#HipJointArthroplastyComponent-stryker_trident_all_poly">stryker_trident_all_poly</a></td><td>Stryker: Trident All Poly</td><td>Stryker: Trident All Poly</td></tr><tr><td><a href="CodeSystem-HipJointArthroplastyComponent.html#HipJointArthroplastyComponent-stryker_trident_ii">stryker_trident_ii</a></td><td>Stryker: Trident II</td><td>Stryker: Trident II</td></tr><tr><td><a href="CodeSystem-HipJointArthroplastyComponent.html#HipJointArthroplastyComponent-stryker_trident_ii_psl">stryker_trident_ii_psl</a></td><td>Stryker: Trident II PSL</td><td>Stryker: Trident II PSL</td></tr><tr><td><a href="CodeSystem-HipJointArthroplastyComponent.html#HipJointArthroplastyComponent-stryker_trident_ii_tritanium">stryker_trident_ii_tritanium</a></td><td>Stryker: Trident II Tritanium</td><td>Stryker: Trident II Tritanium</td></tr><tr><td><a href="CodeSystem-HipJointArthroplastyComponent.html#HipJointArthroplastyComponent-stryker_trident_tritanium_primary">stryker_trident_tritanium_primary</a></td><td>Stryker: Trident Tritanium primary</td><td>Stryker: Trident Tritanium primary</td></tr><tr><td><a href="CodeSystem-HipJointArthroplastyComponent.html#HipJointArthroplastyComponent-stryker_trident_tritanium_revision">stryker_trident_tritanium_revision</a></td><td>Stryker: Trident Tritanium Revision</td><td>Stryker: Trident Tritanium Revision</td></tr><tr><td><a href="CodeSystem-HipJointArthroplastyComponent.html#HipJointArthroplastyComponent-zimmer_biomet_advantage">zimmer_biomet_advantage</a></td><td>Zimmer Biomet: Avantage</td><td>Zimmer Biomet: Avantage</td></tr><tr><td><a href="CodeSystem-HipJointArthroplastyComponent.html#HipJointArthroplastyComponent-zimmer_biomet_tmt_continuum">zimmer_biomet_tmt_continuum</a></td><td>Zimmer Biomet: Continuum</td><td>Zimmer Biomet: TMT Continuum</td></tr><tr><td><a href="CodeSystem-HipJointArthroplastyComponent.html#HipJointArthroplastyComponent-zimmer_biomet_exceed_cemented_flanged_e1">zimmer_biomet_exceed_cemented_flanged_e1</a></td><td>Zimmer Biomet: Exceed Cemented Flanged E1</td><td>Zimmer Biomet: Exceed Cemented Flanged E1</td></tr><tr><td><a href="CodeSystem-HipJointArthroplastyComponent.html#HipJointArthroplastyComponent-zimmer_biomet_exceed_cemented_muller_e1">zimmer_biomet_exceed_cemented_muller_e1</a></td><td>Zimmer Biomet: Exceed Cemented Muller E1</td><td>Zimmer Biomet: Exceed Cemented Muller E1</td></tr><tr><td><a href="CodeSystem-HipJointArthroplastyComponent.html#HipJointArthroplastyComponent-zimmer_biomet_exceed_cemented_non_flanged_e1">zimmer_biomet_exceed_cemented_non_flanged_e1</a></td><td>Zimmer Biomet: Exceed Cemented Non Flanged E1</td><td>Zimmer Biomet: Exceed Cemented Non Flanged E1</td></tr><tr><td><a href="CodeSystem-HipJointArthroplastyComponent.html#HipJointArthroplastyComponent-zimmer_biomet_g7_osseoti_coating">zimmer_biomet_g7_osseoti_coating</a></td><td>Zimmer Biomet: G7 OsseoTi coating </td><td>Zimmer Biomet: G7 OsseoTi coating </td></tr><tr><td><a href="CodeSystem-HipJointArthroplastyComponent.html#HipJointArthroplastyComponent-zimmer_biomet_g7_pps">zimmer_biomet_g7_pps</a></td><td>Zimmer Biomet: G7 PPS</td><td>Zimmer: G7 PPS</td></tr><tr><td><a href="CodeSystem-HipJointArthroplastyComponent.html#HipJointArthroplastyComponent-zimmer_biomet_mueller">zimmer_biomet_mueller</a></td><td>Zimmer Biomet: Müller</td><td>Zimmer Biomet: Müller</td></tr><tr><td><a href="CodeSystem-HipJointArthroplastyComponent.html#HipJointArthroplastyComponent-zimmer_biomet_tmt_revision">zimmer_biomet_tmt_revision</a></td><td>Zimmer Biomet: TMARS</td><td>Zimmer Biomet: TMARS</td></tr><tr><td><a href="CodeSystem-HipJointArthroplastyComponent.html#HipJointArthroplastyComponent-zimmer_biomet_tmt_modular_cup">zimmer_biomet_tmt_modular_cup</a></td><td>Zimmer Biomet: TMT Modular Cup</td><td>Zimmer Biomet: TMT Modular Cup</td></tr><tr><td><a href="CodeSystem-HipJointArthroplastyComponent.html#HipJointArthroplastyComponent-zimmer_biomet_trilogy">zimmer_biomet_trilogy</a></td><td>Zimmer Biomet: Trilogy</td><td>Zimmer Biomet: Trilogy</td></tr><tr><td><a href="CodeSystem-HipJointArthroplastyComponent.html#HipJointArthroplastyComponent-zimmer_biomet_trilogy_it">zimmer_biomet_trilogy_it</a></td><td>Zimmer Biomet: Trilogy IT</td><td>Zimmer: Trilogy IT</td></tr><tr><td><a href="CodeSystem-HipJointArthroplastyComponent.html#HipJointArthroplastyComponent-zimmer_biomet_zca">zimmer_biomet_zca</a></td><td>Zimmer Biomet: ZCA</td><td>Zimmer Biomet: ZCA</td></tr></table></li><li>Include these codes as defined in <a href="CodeSystem-GenericValues.html"><code>https://kip.rkkp.dk/fhir/CodeSystem/GenericValues</code></a><table class="none"><tr><td style="white-space:nowrap"><b>Code</b></td><td><b>Display</b></td><td><b>Definition</b></td></tr><tr><td><a href="CodeSystem-GenericValues.html#GenericValues-custom">custom</a></td><td>Custom made</td><td>Custom made</td></tr><tr><td><a href="CodeSystem-GenericValues.html#GenericValues-other">other</a></td><td>Anden komponent</td><td>Other - used to choose unspecific value not in a valueset</td></tr></table></li></ul></div></text><url value="https://kip.rkkp.dk/fhir/ValueSet/KomponentAcetabulumDHR"/><version value="2.9.3"/><name value="KomponentAcetabulumDHR"/><title value="Komponent - acetabulum (DHR)"/><status value="active"/><experimental value="true"/><date value="2022-11-16T00:00:00+02:00"/><publisher value="Sundhedsvæsenets Kvalitetsinstitut with Trifork Digital Health A/S"/><contact><name value="Sundhedsvæsenets Kvalitetsinstitut with Trifork Digital Health A/S"/><telecom><system value="url"/><value value="https://trifork.com"/></telecom><telecom><system value="email"/><value value="rbk@trifork.com"/></telecom></contact><description value="Komponent - acetabulum (DHR)"/><compose><include><system value="https://kip.rkkp.dk/fhir/CodeSystem/HipJointArthroplastyComponent"/><concept><code value="depuy_bi_mentum_cemented_cup"/><display value="DePuy: BI Mentum Cemented Cup"/></concept><concept><code value="depuy_bi_mentum_plus_cup"/><display value="DePuy: BI Mentum Plus Cup"/></concept><concept><code value="depuy_bi_mentum_pressfit_cup"/><display value="DePuy: BI Mentum Pressfit Cup"/></concept><concept><code value="depuy_bi_mentum_revision_cup"/><display value="DePuy: BI Mentum Revision Cup"/></concept><concept><code value="depuy_pinnacle_gripton"/><display value="DePuy: Pinnacle Gription"/></concept><concept><code value="depuy_pinnacle_porocoat"/><display value="DePuy: Pinnacle Porocoat"/></concept><concept><code value="implant_cast_mutars_lumic"/><display value="Implantcast: Mutars Lumic"/></concept><concept><code value="link_lubinus"/><display value="Link: Lubinus"/></concept><concept><code value="ortotech_saturne"/><display value="Ortotech: Saturne"/></concept><concept><code value="ortotech_saturne_reconstruction"/><display value="Ortotech: Saturne rekonstruktion"/></concept><concept><code value="serf_fischer_medical_novae_coptos_th"/><display value="Serf: Novae Coptos TH"/></concept><concept><code value="serf_fischer_medical_novae_e_th"/><display value="Serf: Novae E TH"/></concept><concept><code value="serf_fischer_medical_novae_stick"/><display value="Serf: Novae Stick"/></concept><concept><code value="serf_fischer_medical_novae_sunfit"/><display value="Serf: Novae Sunfit"/></concept><concept><code value="smith&amp;nephew_bhr"/><display value="Smith &amp; Nephew: BHR"/></concept><concept><code value="smith&amp;nephew_polarcup"/><display value="Smith &amp; Nephew: Polarcup"/></concept><concept><code value="smith&amp;nephew_r3"/><display value="Smith &amp; Nephew: R3"/></concept><concept><code value="stryker_contemporary"/><display value="Stryker: Contemporary"/></concept><concept><code value="stryker_exeter_rimfit_x3"/><display value="Stryker: Exeter Rimfit X3"/></concept><concept><code value="stryker_restoration_anatomical"/><display value="Stryker: Restoration Anatomical"/></concept><concept><code value="stryker_trident_ad_hemispheric"/><display value="Stryker: Trident AD hemisfærisk"/></concept><concept><code value="stryker_trident_ad_psl"/><display value="Stryker: Trident AD PSL"/></concept><concept><code value="stryker_trident_all_poly"/><display value="Stryker: Trident All Poly"/></concept><concept><code value="stryker_trident_ii"/><display value="Stryker: Trident II"/></concept><concept><code value="stryker_trident_ii_psl"/><display value="Stryker: Trident II PSL"/></concept><concept><code value="stryker_trident_ii_tritanium"/><display value="Stryker: Trident II Tritanium"/></concept><concept><code value="stryker_trident_tritanium_primary"/><display value="Stryker: Trident Tritanium primary"/></concept><concept><code value="stryker_trident_tritanium_revision"/><display value="Stryker: Trident Tritanium Revision"/></concept><concept><code value="zimmer_biomet_advantage"/><display value="Zimmer Biomet: Avantage"/></concept><concept><code value="zimmer_biomet_tmt_continuum"/><display value="Zimmer Biomet: Continuum"/></concept><concept><code value="zimmer_biomet_exceed_cemented_flanged_e1"/><display value="Zimmer Biomet: Exceed Cemented Flanged E1"/></concept><concept><code value="zimmer_biomet_exceed_cemented_muller_e1"/><display value="Zimmer Biomet: Exceed Cemented Muller E1"/></concept><concept><code value="zimmer_biomet_exceed_cemented_non_flanged_e1"/><display value="Zimmer Biomet: Exceed Cemented Non Flanged E1"/></concept><concept><code value="zimmer_biomet_g7_osseoti_coating"/><display value="Zimmer Biomet: G7 OsseoTi coating "/></concept><concept><code value="zimmer_biomet_g7_pps"/><display value="Zimmer Biomet: G7 PPS"/></concept><concept><code value="zimmer_biomet_mueller"/><display value="Zimmer Biomet: Müller"/></concept><concept><code value="zimmer_biomet_tmt_revision"/><display value="Zimmer Biomet: TMARS"/></concept><concept><code value="zimmer_biomet_tmt_modular_cup"/><display value="Zimmer Biomet: TMT Modular Cup"/></concept><concept><code value="zimmer_biomet_trilogy"/><display value="Zimmer Biomet: Trilogy"/></concept><concept><code value="zimmer_biomet_trilogy_it"/><display value="Zimmer Biomet: Trilogy IT"/></concept><concept><code value="zimmer_biomet_zca"/><display value="Zimmer Biomet: ZCA"/></concept></include><include><system value="https://kip.rkkp.dk/fhir/CodeSystem/GenericValues"/><concept><code value="custom"/><display value="Custom made"/></concept><concept><code value="other"/><display value="Anden komponent"/></concept></include></compose></ValueSet>