<?xml version="1.0" encoding="UTF-8"?><ValueSet xmlns="http://hl7.org/fhir"><id value="UdfoerendeLAB"/><text><status value="generated"/><div xmlns="http://www.w3.org/1999/xhtml"><p class="res-header-id"><b>Generated Narrative: ValueSet UdfoerendeLAB</b></p><a name="UdfoerendeLAB"> </a><a name="hcUdfoerendeLAB"> </a><a name="UdfoerendeLAB-en-US"> </a><ul><li>Include these codes as defined in <a href="CodeSystem-SOR.html"><code>https://kip.rkkp.dk/fhir/CodeSystem/SOR</code></a><table class="none"><tr><td style="white-space:nowrap"><b>Code</b></td><td><b>Display</b></td></tr><tr><td><a href="CodeSystem-SOR.html#SOR-682641000016004">682641000016004</a></td><td>Afdeling for blodprøver og biokemi, Aarhus Universitetshospital</td></tr><tr><td><a href="CodeSystem-SOR.html#SOR-256631000016003">256631000016003</a></td><td>Afdeling for Klinisk Biokemi – Blegdamsvej</td></tr></table></li></ul></div></text><url value="https://kip.rkkp.dk/fhir/ValueSet/UdfoerendeLAB"/><version value="2.9.3"/><name value="UdfoerendeLAB"/><title value="UdførendendeLAB"/><status value="active"/><experimental value="true"/><date value="2024-08-08T00:00:00+02:00"/><publisher value="Sundhedsvæsenets Kvalitetsinstitut with Trifork Digital Health A/S"/><contact><name value="Sundhedsvæsenets Kvalitetsinstitut with Trifork Digital Health A/S"/><telecom><system value="url"/><value value="https://trifork.com"/></telecom><telecom><system value="email"/><value value="rbk@trifork.com"/></telecom></contact><description value="UdførendeLAB"/><compose><include><system value="https://kip.rkkp.dk/fhir/CodeSystem/SOR"/><concept><code value="682641000016004"/><display value="Afdeling for blodprøver og biokemi, Aarhus Universitetshospital"/></concept><concept><code value="256631000016003"/><display value="Afdeling for Klinisk Biokemi – Blegdamsvej"/></concept></include></compose></ValueSet>