<?xml version="1.0" encoding="UTF-8"?><ValueSet xmlns="http://hl7.org/fhir"><id value="MDTIkkeFulgt"/><text><status value="extensions"/><div xmlns="http://www.w3.org/1999/xhtml"><p class="res-header-id"><b>Generated Narrative: ValueSet MDTIkkeFulgt</b></p><a name="MDTIkkeFulgt"> </a><a name="hcMDTIkkeFulgt"> </a><a name="MDTIkkeFulgt-en-US"> </a><ul><li>Include these codes as defined in <a href="CodeSystem-MDTNotFollowed.html"><code>https://kip.rkkp.dk/fhir/CodeSystem/MDTNotFollowed</code></a><table class="none"><tr><td style="white-space:nowrap"><b>Code</b></td><td><b>Display</b></td><td><b>Definition</b></td></tr><tr><td><a href="CodeSystem-MDTNotFollowed.html#MDTNotFollowed-wishfornotreatment">wishfornotreatment</a></td><td>Patienten ønsker ikke behandlingen</td><td>Patienten ønsker ikke behandlingen</td></tr><tr><td><a href="CodeSystem-MDTNotFollowed.html#MDTNotFollowed-nonoperable">nonoperable</a></td><td>Patienten er blevet non-operabel</td><td>Patienten er blevet non-operabel</td></tr><tr><td><a href="CodeSystem-MDTNotFollowed.html#MDTNotFollowed-nonresectable">nonresectable</a></td><td>Patienten er blevet non-resektabel</td><td>Patienten er blevet non-resektabel</td></tr><tr><td><a href="CodeSystem-MDTNotFollowed.html#MDTNotFollowed-death">death</a></td><td>Patienten er død</td><td>Patienten er død</td></tr></table></li></ul></div></text><url value="https://kip.rkkp.dk/fhir/ValueSet/MDTIkkeFulgt"/><version value="2.9.3"/><name value="MDTIkkeFulgt"/><title value="MDT-beslutning ikke fulgt; årsag"/><status value="active"/><experimental value="true"/><date value="2022-06-08T00:00:00+02:00"/><publisher value="Sundhedsvæsenets Kvalitetsinstitut with Trifork Digital Health A/S"/><contact><name value="Sundhedsvæsenets Kvalitetsinstitut with Trifork Digital Health A/S"/><telecom><system value="url"/><value value="https://trifork.com"/></telecom><telecom><system value="email"/><value value="rbk@trifork.com"/></telecom></contact><description value="Årsagen til hvorfor MDT-beslutning ikke er fuldt"/><compose><include><system value="https://kip.rkkp.dk/fhir/CodeSystem/MDTNotFollowed"/><concept><code value="wishfornotreatment"/><display value="Patienten ønsker ikke behandlingen"/></concept><concept><code value="nonoperable"/><display value="Patienten er blevet non-operabel"/></concept><concept><code value="nonresectable"/><display value="Patienten er blevet non-resektabel"/></concept><concept><code value="death"/><display value="Patienten er død"/></concept></include></compose></ValueSet>