<?xml version="1.0" encoding="UTF-8"?><ValueSet xmlns="http://hl7.org/fhir"><id value="NIHSS3Synsfelt"/><text><status value="extensions"/><div xmlns="http://www.w3.org/1999/xhtml"><p class="res-header-id"><b>Generated Narrative: ValueSet NIHSS3Synsfelt</b></p><a name="NIHSS3Synsfelt"> </a><a name="hcNIHSS3Synsfelt"> </a><a name="NIHSS3Synsfelt-en-US"> </a><ul><li>Include these codes as defined in <a href="CodeSystem-NIHSS3Visual.html"><code>https://kip.rkkp.dk/fhir/CodeSystem/NIHSS3Visual</code></a><table class="none"><tr><td style="white-space:nowrap"><b>Code</b></td><td><b>Display</b></td><td><b>Definition</b></td></tr><tr><td><a href="CodeSystem-NIHSS3Visual.html#NIHSS3Visual-0">0</a></td><td>0 = Normalt synsfelt</td><td>No visual loss.</td></tr><tr><td><a href="CodeSystem-NIHSS3Visual.html#NIHSS3Visual-1">1</a></td><td>1 = Partiel hemianopsi</td><td>Partial hemianopia.</td></tr><tr><td><a href="CodeSystem-NIHSS3Visual.html#NIHSS3Visual-2">2</a></td><td>2 = Komplet hemianopsi</td><td>Complete hemianopia.</td></tr><tr><td><a href="CodeSystem-NIHSS3Visual.html#NIHSS3Visual-3">3</a></td><td>3 = Bilateral blindhed (blind inkl. kortikal blindhed)</td><td>Bilateral hemianopia (blind including cortical blindness).</td></tr></table></li></ul></div></text><url value="https://kip.rkkp.dk/fhir/ValueSet/NIHSS3Synsfelt"/><version value="2.9.3"/><name value="NIHSS3Synsfelt"/><title value="NIHSS - 3. Test af synsfelt"/><status value="active"/><experimental value="true"/><date value="2022-06-27T00:00:00+02:00"/><publisher value="Sundhedsvæsenets Kvalitetsinstitut with Trifork Digital Health A/S"/><contact><name value="Sundhedsvæsenets Kvalitetsinstitut with Trifork Digital Health A/S"/><telecom><system value="url"/><value value="https://trifork.com"/></telecom><telecom><system value="email"/><value value="rbk@trifork.com"/></telecom></contact><description value="The National Institute of Health Stroke Scale (NIHSS) - 3. Test af synsfelt"/><compose><include><system value="https://kip.rkkp.dk/fhir/CodeSystem/NIHSS3Visual"/><concept><code value="0"/><display value="0 = Normalt synsfelt"/></concept><concept><code value="1"/><display value="1 = Partiel hemianopsi"/></concept><concept><code value="2"/><display value="2 = Komplet hemianopsi"/></concept><concept><code value="3"/><display value="3 = Bilateral blindhed (blind inkl. kortikal blindhed)"/></concept></include></compose></ValueSet>