<?xml version="1.0" encoding="UTF-8"?><ValueSet xmlns="http://hl7.org/fhir"><id value="SOROverflytningRETSPSYK"/><text><status value="extensions"/><div xmlns="http://www.w3.org/1999/xhtml"><p class="res-header-id"><b>Generated Narrative: ValueSet SOROverflytningRETSPSYK</b></p><a name="SOROverflytningRETSPSYK"> </a><a name="hcSOROverflytningRETSPSYK"> </a><a name="SOROverflytningRETSPSYK-en-US"> </a><ul><li>Include these codes as defined in <a href="CodeSystem-SOR.html"><code>https://kip.rkkp.dk/fhir/CodeSystem/SOR</code></a><table class="none"><tr><td style="white-space:nowrap"><b>Code</b></td><td><b>Display</b></td><td><b>Definition</b></td></tr><tr><td><a href="CodeSystem-SOR.html#SOR-1200011000016005">1200011000016005</a></td><td>ADA Klinik for Bipolar Sygdom - AUH</td><td>Psykiatrien Region Midtjylland - ADA Klinik for Bipolar Sygdom - AUH</td></tr><tr><td><a href="CodeSystem-SOR.html#SOR-237021000016009">237021000016009</a></td><td>Afdeling For Retspsykiatri - Ledelse</td><td>Region Sjællands Sygehusvæsen - Afdeling For Retspsykiatri - Ledelse</td></tr><tr><td><a href="CodeSystem-SOR.html#SOR-237041000016004">237041000016004</a></td><td>PSL Retspsykiatrisk Afd.</td><td>Region Sjællands Sygehusvæsen - PSL Retspsykiatrisk Afd.</td></tr><tr><td><a href="CodeSystem-SOR.html#SOR-243921000016002">243921000016002</a></td><td>PSY Retspsykiatrisk afdeling (Middelfart)</td><td>Psykiatrien Region Syddanmark - PSY Retspsykiatrisk afdeling (Middelfart)</td></tr><tr><td><a href="CodeSystem-SOR.html#SOR-243951000016005">243951000016005</a></td><td>PSY Retspsykiatrisk Ambulatorium (Middelfart)</td><td>Psykiatrien Region Syddanmark - PSY Retspsykiatrisk Ambulatorium (Middelfart)</td></tr><tr><td><a href="CodeSystem-SOR.html#SOR-261341000016001">261341000016001</a></td><td>Psyk. Center Amager, overafd.</td><td>Region Hovedstadens Psykiatri - Psyk. Center Amager, overafd.</td></tr><tr><td><a href="CodeSystem-SOR.html#SOR-261431000016003">261431000016003</a></td><td>Børne- og Ungdomspsykiatrisk overafdeling, Bispebjerg, B1</td><td>Region Hovedstadens Psykiatri - Børne- og Ungdomspsykiatrisk overafdeling, Bispebjerg, B1</td></tr><tr><td><a href="CodeSystem-SOR.html#SOR-261501000016006">261501000016006</a></td><td>Psyk. Center København, overafd. N,  Nørrebro-afdelingen</td><td>Region Hovedstadens Psykiatri - Psyk. Center København, overafd. N,  Nørrebro-afdelingen</td></tr><tr><td><a href="CodeSystem-SOR.html#SOR-262181000016004">262181000016004</a></td><td>Psyk. Center Sct. Hans, Retspsyk. overafd. R</td><td>Region Hovedstadens Psykiatri - Psyk. Center Sct. Hans, Retspsyk. overafd. R</td></tr><tr><td><a href="CodeSystem-SOR.html#SOR-262221000016007">262221000016007</a></td><td>Psyk. Center Sct. Hans, overafd. M</td><td>Region Hovedstadens Psykiatri - Psyk. Center Sct. Hans, overafd. M</td></tr><tr><td><a href="CodeSystem-SOR.html#SOR-262391000016004">262391000016004</a></td><td>Psyk. Center Ballerup, overafd. Ballerup</td><td>Region Hovedstadens Psykiatri - Psyk. Center Ballerup, overafd. Ballerup</td></tr><tr><td><a href="CodeSystem-SOR.html#SOR-262511000016000">262511000016000</a></td><td>Psyk. Center Nordsjælland, overafd.</td><td>Region Hovedstadens Psykiatri - Psyk. Center Nordsjælland, overafd.</td></tr><tr><td><a href="CodeSystem-SOR.html#SOR-262671000016009">262671000016009</a></td><td>Psyk. Center Glostrup, overafd.</td><td>Region Hovedstadens Psykiatri - Psyk. Center Glostrup, overafd.</td></tr><tr><td><a href="CodeSystem-SOR.html#SOR-262681000016006">262681000016006</a></td><td>PCGL, Psyk. sengeafd.</td><td>Region Hovedstadens Psykiatri - PCGL, Psyk. sengeafd.</td></tr><tr><td><a href="CodeSystem-SOR.html#SOR-278121000016009">278121000016009</a></td><td>PS Klinik Nord</td><td>Psykiatrien Nordjylland - PS Klinik Nord</td></tr><tr><td><a href="CodeSystem-SOR.html#SOR-278221000016002">278221000016002</a></td><td>PS Retspsykiatri</td><td>Psykiatrien Nordjylland - PS Retspsykiatri</td></tr><tr><td><a href="CodeSystem-SOR.html#SOR-278231000016000">278231000016000</a></td><td>PS Klinik Syd Retspsykiatri</td><td>Psykiatrien Nordjylland - PS Klinik Syd Retspsykiatri</td></tr><tr><td><a href="CodeSystem-SOR.html#SOR-278291000016004">278291000016004</a></td><td>PS Klinik Syd</td><td>Psykiatrien Nordjylland  - PS Klinik Syd</td></tr><tr><td><a href="CodeSystem-SOR.html#SOR-278321000016007">278321000016007</a></td><td>PS Klinik Syd Ambulatorier</td><td>Psykiatrien Nordjylland - PS Klinik Syd Ambulatorier</td></tr><tr><td><a href="CodeSystem-SOR.html#SOR-282651000016004">282651000016004</a></td><td>Psyk. Center Bornholm</td><td>Region Hovedstadens Psykiatri - Psyk. Center Bornholm</td></tr><tr><td><a href="CodeSystem-SOR.html#SOR-339031000016008">339031000016008</a></td><td>Børne- og Ungdomspsyk. Center Bispebjerg, B</td><td>Region Hovedstadens Psykiatri - Børne- og Ungdomspsyk. Center Bispebjerg, B</td></tr><tr><td><a href="CodeSystem-SOR.html#SOR-387101000016000">387101000016000</a></td><td>PVE Ambulant psykose enhed - vest</td><td>Psykiatrien Region Midtjylland - PVE Ambulant psykose enhed - vest</td></tr><tr><td><a href="CodeSystem-SOR.html#SOR-391151000016008">391151000016008</a></td><td>PMI Regionspsykiatrien Midt</td><td>Psykiatrien Region Midtjylland - PMI Regionspsykiatrien Midt</td></tr><tr><td><a href="CodeSystem-SOR.html#SOR-454401000016004">454401000016004</a></td><td>PMI Sengeafsnit - Regionspsykiatri Midt</td><td>Psykiatrien Region Midtjylland - PMI Sengeafsnit - Regionspsykiatri Midt</td></tr><tr><td><a href="CodeSystem-SOR.html#SOR-454411000016002">454411000016002</a></td><td>PMI Klinik for depression og mani - Midt</td><td>PMI Klinik for depression og mani - Midt</td></tr><tr><td><a href="CodeSystem-SOR.html#SOR-454451000016003">454451000016003</a></td><td>PMI Klinik for psykoser - Midt</td><td>Psykiatrien Region Midtjylland - PMI Klinik for psykoser - Midt</td></tr><tr><td><a href="CodeSystem-SOR.html#SOR-454461000016000">454461000016000</a></td><td>PMI Klinik for retspsykiatri - Midt</td><td>Psykiatrien Region Midtjylland - PMI Klinik for retspsykiatri - Midt</td></tr><tr><td><a href="CodeSystem-SOR.html#SOR-463791000016008">463791000016008</a></td><td>PMI Sengeafsnit retspsykiatri - Viborg</td><td>Psykiatrien Region Midtjylland - PMI Sengeafsnit retspsykiatri - Viborg</td></tr><tr><td><a href="CodeSystem-SOR.html#SOR-479221000016009">479221000016009</a></td><td>PHO O1 Sengeafsnit Regionspsykiatri - Horsens</td><td>Psykiatrien Region Midtjylland - PHO O1 Sengeafsnit Regionspsykiatri - Horsens</td></tr><tr><td><a href="CodeSystem-SOR.html#SOR-486741000016006">486741000016006</a></td><td>PRA Psykiatrisk Klinik 2 - Randers</td><td>Psykiatrien Region Midtjylland - PRA Psykiatrisk Klinik 2 - Randers</td></tr><tr><td><a href="CodeSystem-SOR.html#SOR-694221000016003">694221000016003</a></td><td>Retspsykiatrisk Afdeling - AUH</td><td>Psykiatrien Region Midtjylland - Retspsykiatrisk Afdeling - AUH</td></tr><tr><td><a href="CodeSystem-SOR.html#SOR-694231000016001">694231000016001</a></td><td>RET Psykiatri Sengeafsnit for Retspsykiatri  - AUH</td><td>Psykiatrien Region Midtjylland - RET Psykiatri Sengeafsnit for Retspsykiatri  - AUH</td></tr><tr><td><a href="CodeSystem-SOR.html#SOR-694251000016006">694251000016006</a></td><td>RET Retspsykiatrisk Klinik - AUH</td><td>Psykiatrien Region Midtjylland - RET Retspsykiatrisk Klinik - AUH</td></tr><tr><td><a href="CodeSystem-SOR.html#SOR-694681000016004">694681000016004</a></td><td>BUA Klinik for Mentalobservation - AUH</td><td>Psykiatrien Region Midtjylland - BUA Klinik for Mentalobservation - AUH</td></tr><tr><td><a href="CodeSystem-SOR.html#SOR-694841000016009">694841000016009</a></td><td>ADA Klinik for Personlighedsforstyrrelser - AUH</td><td>Psykiatrien Region Midtjylland - ADA Klinik for Personlighedsforstyrrelser - AUH</td></tr><tr><td><a href="CodeSystem-SOR.html#SOR-694891000016001">694891000016001</a></td><td>ADA Klinik for Angst og OCD - AUH</td><td>Psykiatrien Region Midtjylland - ADA Klinik for Angst og OCD - AUH</td></tr><tr><td><a href="CodeSystem-SOR.html#SOR-694901000016000">694901000016000</a></td><td>ADA Klinik for PTSD og Transkulturel Psykiatri - AUH</td><td>Psykiatrien Region Midtjylland - ADA Klinik for PTSD og Transkulturel Psykiatri - AUH</td></tr><tr><td><a href="CodeSystem-SOR.html#SOR-695161000016000">695161000016000</a></td><td>AFP Psykiatri Sengeafsnit for Psykoser - AUH</td><td>Psykiatrien Region Midtjylland - AFP Psykiatri Sengeafsnit for Psykoser - AUH</td></tr><tr><td><a href="CodeSystem-SOR.html#SOR-695251000016007">695251000016007</a></td><td>AFP Psykiatrisk Klinik 1 - AUH</td><td>Psykiatrien Region Midtjylland - AFP Psykiatrisk Klinik 1 - AUH</td></tr><tr><td><a href="CodeSystem-SOR.html#SOR-695281000016003">695281000016003</a></td><td>AFP Psykiatrisk Klinik 2 - AUH</td><td>Psykiatrien Region Midtjylland - AFP Psykiatrisk Klinik 2 - AUH</td></tr><tr><td><a href="CodeSystem-SOR.html#SOR-698861000016003">698861000016003</a></td><td>Brø Amb Midtv. Affektiv</td><td>Psykiatrien Nordjylland - Brø Amb Midtv. Affektiv</td></tr><tr><td><a href="CodeSystem-SOR.html#SOR-886951000016001">886951000016001</a></td><td>Psyk. Center Nordsjælland, overafd. - N4</td><td>Region Hovedstadens Psykiatri - Psyk. Center Nordsjælland, overafd. - N4</td></tr><tr><td><a href="CodeSystem-SOR.html#SOR-983041000016001">983041000016001</a></td><td>Brø Amb Midtv. Hjør. Psykose</td><td>Psykiatrien Nordjylland - Brø Amb Midtv. Hjør. Psykose</td></tr><tr><td><a href="CodeSystem-SOR.html#SOR-983051000016003">983051000016003</a></td><td>Brø Amb Midtv. Brøn. Psykose</td><td>Psykiatrien Nordjylland - Brø Amb Midtv. Brøn. Psykose</td></tr></table></li></ul></div></text><url value="https://kip.rkkp.dk/fhir/ValueSet/SOROverflytningRETSPSYK"/><version value="2.9.3"/><name value="SOROverflytningRETSPSYK"/><title value="SOR: Overflytning (RETSPSYK)"/><status value="active"/><experimental value="true"/><date value="2022-11-01T00:00:00+02:00"/><publisher value="Sundhedsvæsenets Kvalitetsinstitut with Trifork Digital Health A/S"/><contact><name value="Sundhedsvæsenets Kvalitetsinstitut with Trifork Digital Health A/S"/><telecom><system value="url"/><value value="https://trifork.com"/></telecom><telecom><system value="email"/><value value="rbk@trifork.com"/></telecom></contact><description value="SOR: Overflytning (RETSPSYK)"/><compose><include><system value="https://kip.rkkp.dk/fhir/CodeSystem/SOR"/><concept><code value="1200011000016005"/><display value="ADA Klinik for Bipolar Sygdom - AUH"/></concept><concept><code value="237021000016009"/><display value="Afdeling For Retspsykiatri - Ledelse"/></concept><concept><code value="237041000016004"/><display value="PSL Retspsykiatrisk Afd."/></concept><concept><code value="243921000016002"/><display value="PSY Retspsykiatrisk afdeling (Middelfart)"/></concept><concept><code value="243951000016005"/><display value="PSY Retspsykiatrisk Ambulatorium (Middelfart)"/></concept><concept><code value="261341000016001"/><display value="Psyk. Center Amager, overafd."/></concept><concept><code value="261431000016003"/><display value="Børne- og Ungdomspsykiatrisk overafdeling, Bispebjerg, B1"/></concept><concept><code value="261501000016006"/><display value="Psyk. Center København, overafd. N,  Nørrebro-afdelingen"/></concept><concept><code value="262181000016004"/><display value="Psyk. Center Sct. Hans, Retspsyk. overafd. R"/></concept><concept><code value="262221000016007"/><display value="Psyk. Center Sct. Hans, overafd. M"/></concept><concept><code value="262391000016004"/><display value="Psyk. Center Ballerup, overafd. Ballerup"/></concept><concept><code value="262511000016000"/><display value="Psyk. Center Nordsjælland, overafd."/></concept><concept><code value="262671000016009"/><display value="Psyk. Center Glostrup, overafd."/></concept><concept><code value="262681000016006"/><display value="PCGL, Psyk. sengeafd."/></concept><concept><code value="278121000016009"/><display value="PS Klinik Nord"/></concept><concept><code value="278221000016002"/><display value="PS Retspsykiatri"/></concept><concept><code value="278231000016000"/><display value="PS Klinik Syd Retspsykiatri"/></concept><concept><code value="278291000016004"/><display value="PS Klinik Syd"/></concept><concept><code value="278321000016007"/><display value="PS Klinik Syd Ambulatorier"/></concept><concept><code value="282651000016004"/><display value="Psyk. Center Bornholm"/></concept><concept><code value="339031000016008"/><display value="Børne- og Ungdomspsyk. Center Bispebjerg, B"/></concept><concept><code value="387101000016000"/><display value="PVE Ambulant psykose enhed - vest"/></concept><concept><code value="391151000016008"/><display value="PMI Regionspsykiatrien Midt"/></concept><concept><code value="454401000016004"/><display value="PMI Sengeafsnit - Regionspsykiatri Midt"/></concept><concept><code value="454411000016002"/><display value="PMI Klinik for depression og mani - Midt"/></concept><concept><code value="454451000016003"/><display value="PMI Klinik for psykoser - Midt"/></concept><concept><code value="454461000016000"/><display value="PMI Klinik for retspsykiatri - Midt"/></concept><concept><code value="463791000016008"/><display value="PMI Sengeafsnit retspsykiatri - Viborg"/></concept><concept><code value="479221000016009"/><display value="PHO O1 Sengeafsnit Regionspsykiatri - Horsens"/></concept><concept><code value="486741000016006"/><display value="PRA Psykiatrisk Klinik 2 - Randers"/></concept><concept><code value="694221000016003"/><display value="Retspsykiatrisk Afdeling - AUH"/></concept><concept><code value="694231000016001"/><display value="RET Psykiatri Sengeafsnit for Retspsykiatri  - AUH"/></concept><concept><code value="694251000016006"/><display value="RET Retspsykiatrisk Klinik - AUH"/></concept><concept><code value="694681000016004"/><display value="BUA Klinik for Mentalobservation - AUH"/></concept><concept><code value="694841000016009"/><display value="ADA Klinik for Personlighedsforstyrrelser - AUH"/></concept><concept><code value="694891000016001"/><display value="ADA Klinik for Angst og OCD - AUH"/></concept><concept><code value="694901000016000"/><display value="ADA Klinik for PTSD og Transkulturel Psykiatri - AUH"/></concept><concept><code value="695161000016000"/><display value="AFP Psykiatri Sengeafsnit for Psykoser - AUH"/></concept><concept><code value="695251000016007"/><display value="AFP Psykiatrisk Klinik 1 - AUH"/></concept><concept><code value="695281000016003"/><display value="AFP Psykiatrisk Klinik 2 - AUH"/></concept><concept><code value="698861000016003"/><display value="Brø Amb Midtv. Affektiv"/></concept><concept><code value="886951000016001"/><display value="Psyk. Center Nordsjælland, overafd. - N4"/></concept><concept><code value="983041000016001"/><display value="Brø Amb Midtv. Hjør. Psykose"/></concept><concept><code value="983051000016003"/><display value="Brø Amb Midtv. Brøn. Psykose"/></concept></include></compose></ValueSet>