<?xml version="1.0" encoding="UTF-8"?><ValueSet xmlns="http://hl7.org/fhir"><id value="TypeLokalresektionKolonDCCG"/><text><status value="extensions"/><div xmlns="http://www.w3.org/1999/xhtml"><p class="res-header-id"><b>Generated Narrative: ValueSet TypeLokalresektionKolonDCCG</b></p><a name="TypeLokalresektionKolonDCCG"> </a><a name="hcTypeLokalresektionKolonDCCG"> </a><a name="TypeLokalresektionKolonDCCG-en-US"> </a><p>This value set includes codes based on the following rules:</p><ul><li>Include these codes as defined in <a href="CodeSystem-ProcedureType.html"><code>https://kip.rkkp.dk/fhir/CodeSystem/ProcedureType</code></a><table class="none"><tr><td style="white-space:nowrap"><b>Code</b></td><td><b>Display</b></td><td><b>Definition</b></td></tr><tr><td><a href="CodeSystem-ProcedureType.html#ProcedureType-polypectomy">polypectomy</a></td><td>Polypektomi</td><td>Polypektomi</td></tr><tr><td><a href="CodeSystem-ProcedureType.html#ProcedureType-emr">emr</a></td><td>EMR inkl. piecemeal EMR</td><td>EMR inkl. piecemeal EMR</td></tr><tr><td><a href="CodeSystem-ProcedureType.html#ProcedureType-piecemeal_resection">piecemeal_resection</a></td><td>Piecemeal resektion</td><td>Piecemeal resektion</td></tr><tr><td><a href="CodeSystem-ProcedureType.html#ProcedureType-full_wall_resection">full_wall_resection</a></td><td>Endoskopisk fuldvægsresektion</td><td>Endoskopisk fuldvægsresektion</td></tr></table></li><li>Include these codes as defined in <a href="CodeSystem-GenericValues.html"><code>https://kip.rkkp.dk/fhir/CodeSystem/GenericValues</code></a><table class="none"><tr><td style="white-space:nowrap"><b>Code</b></td><td><b>Display</b></td><td><b>Definition</b></td></tr><tr><td><a href="CodeSystem-GenericValues.html#GenericValues-other">other</a></td><td>Anden endoskopisk procedure</td><td>Other - used to choose unspecific value not in a valueset</td></tr></table></li></ul></div></text><url value="https://kip.rkkp.dk/fhir/ValueSet/TypeLokalresektionKolonDCCG"/><version value="2.9.3"/><name value="TypeLokalresektionKolonDCCG"/><title value="Type af præoperativ endoskopisk lokalresektion (Kolon) DCCG"/><status value="active"/><experimental value="true"/><date value="2023-04-13T00:00:00+02:00"/><publisher value="Sundhedsvæsenets Kvalitetsinstitut with Trifork Digital Health A/S"/><contact><name value="Sundhedsvæsenets Kvalitetsinstitut with Trifork Digital Health A/S"/><telecom><system value="url"/><value value="https://trifork.com"/></telecom><telecom><system value="email"/><value value="rbk@trifork.com"/></telecom></contact><description value="Type af præoperativ endoskopisk lokalresektion (Kolon) DCCG"/><compose><include><system value="https://kip.rkkp.dk/fhir/CodeSystem/ProcedureType"/><concept><code value="polypectomy"/><display value="Polypektomi"/></concept><concept><code value="emr"/><display value="EMR inkl. piecemeal EMR"/></concept><concept><code value="piecemeal_resection"/><display value="Piecemeal resektion"/></concept><concept><code value="full_wall_resection"/><display value="Endoskopisk fuldvægsresektion"/></concept></include><include><system value="https://kip.rkkp.dk/fhir/CodeSystem/GenericValues"/><concept><code value="other"/><display value="Anden endoskopisk procedure"/></concept></include></compose></ValueSet>