<?xml version="1.0" encoding="UTF-8"?><ValueSet xmlns="http://hl7.org/fhir"><id value="InterventionsgruppeDialyseHaemoDNSL"/><text><status value="extensions"/><div xmlns="http://www.w3.org/1999/xhtml"><p class="res-header-id"><b>Generated Narrative: ValueSet InterventionsgruppeDialyseHaemoDNSL</b></p><a name="InterventionsgruppeDialyseHaemoDNSL"> </a><a name="hcInterventionsgruppeDialyseHaemoDNSL"> </a><a name="InterventionsgruppeDialyseHaemoDNSL-en-US"> </a><ul><li>Include these codes as defined in <a href="CodeSystem-Interventionsgruppe.html"><code>https://kip.rkkp.dk/fhir/CodeSystem/Interventionsgruppe</code></a><table class="none"><tr><td style="white-space:nowrap"><b>Code</b></td><td><b>Display</b></td><td><b>Definition</b></td></tr><tr><td><a href="CodeSystem-Interventionsgruppe.html#Interventionsgruppe-310">310</a></td><td>Hæmodialyse</td><td>Hæmodialyse</td></tr><tr><td><a href="CodeSystem-Interventionsgruppe.html#Interventionsgruppe-110">110</a></td><td>Genvunden funktion</td><td>Genvunden funktion</td></tr><tr><td><a href="CodeSystem-Interventionsgruppe.html#Interventionsgruppe-100">100</a></td><td>Ophør med aktiv behandling</td><td>Ophør med aktiv behandling</td></tr></table></li></ul></div></text><url value="https://kip.rkkp.dk/fhir/ValueSet/InterventionsgruppeDialyseHaemoDNSL"/><version value="2.9.3"/><name value="InterventionsgruppeDialyseHaemoDNSL"/><title value="Interventionsgruppe Hæmodialyse (DNSL)"/><status value="active"/><experimental value="true"/><date value="2024-01-10T00:00:00+02:00"/><publisher value="Sundhedsvæsenets Kvalitetsinstitut with Trifork Digital Health A/S"/><contact><name value="Sundhedsvæsenets Kvalitetsinstitut with Trifork Digital Health A/S"/><telecom><system value="url"/><value value="https://trifork.com"/></telecom><telecom><system value="email"/><value value="rbk@trifork.com"/></telecom></contact><description value="Interventionsgruppe Hæmodialyse (DNSL)"/><compose><include><system value="https://kip.rkkp.dk/fhir/CodeSystem/Interventionsgruppe"/><concept><code value="310"/><display value="Hæmodialyse"/></concept><concept><code value="110"/><display value="Genvunden funktion"/></concept><concept><code value="100"/><display value="Ophør med aktiv behandling"/></concept></include></compose></ValueSet>