<?xml version="1.0" encoding="UTF-8"?><ValueSet xmlns="http://hl7.org/fhir"><id value="ATCTromboseprofylakseDKR"/><text><status value="extensions"/><div xmlns="http://www.w3.org/1999/xhtml"><p class="res-header-id"><b>Generated Narrative: ValueSet ATCTromboseprofylakseDKR</b></p><a name="ATCTromboseprofylakseDKR"> </a><a name="hcATCTromboseprofylakseDKR"> </a><a name="ATCTromboseprofylakseDKR-en-US"> </a><p>This value set includes codes based on the following rules:</p><ul><li>Include these codes as defined in <a href="CodeSystem-ATC.html"><code>https://kip.rkkp.dk/fhir/CodeSystem/ATC</code></a><table class="none"><tr><td style="white-space:nowrap"><b>Code</b></td><td><b>Display</b></td><td><b>Definition</b></td></tr><tr><td><a href="CodeSystem-ATC.html#ATC-B01AF01">B01AF01</a></td><td>Rivaroxaban (Xarelto)</td><td>B01AF01 - rivaroxaban</td></tr><tr><td><a href="CodeSystem-ATC.html#ATC-B01AB04">B01AB04</a></td><td>Dalteparin (Fragmin)</td><td>B01AB04 - dalteparin</td></tr><tr><td><a href="CodeSystem-ATC.html#ATC-B01AB05">B01AB05</a></td><td>Enoxaparin (Klexane)</td><td>B01AB05 - enoxaparin</td></tr><tr><td><a href="CodeSystem-ATC.html#ATC-B01AE07">B01AE07</a></td><td>Dabigatranetexilat (Pradaxa)</td><td>B01AE07 - dabigatran etexilate</td></tr><tr><td><a href="CodeSystem-ATC.html#ATC-B01AF02">B01AF02</a></td><td>Apixaban (Eliquis)</td><td>B01AF02 - apixaban</td></tr></table></li><li>Include these codes as defined in <a href="CodeSystem-GenericValues.html"><code>https://kip.rkkp.dk/fhir/CodeSystem/GenericValues</code></a><table class="none"><tr><td style="white-space:nowrap"><b>Code</b></td><td><b>Display</b></td><td><b>Definition</b></td></tr><tr><td><a href="CodeSystem-GenericValues.html#GenericValues-other">other</a></td><td>Andet</td><td>Other - used to choose unspecific value not in a valueset</td></tr></table></li></ul></div></text><url value="https://kip.rkkp.dk/fhir/ValueSet/ATCTromboseprofylakseDKR"/><version value="2.9.3"/><name value="ATCTromboseprofylakseDKR"/><title value="ATC - Tromboseprofylakse (DKR)"/><status value="active"/><experimental value="true"/><date value="2022-10-14T00:00:00+02:00"/><publisher value="Sundhedsvæsenets Kvalitetsinstitut with Trifork Digital Health A/S"/><contact><name value="Sundhedsvæsenets Kvalitetsinstitut with Trifork Digital Health A/S"/><telecom><system value="url"/><value value="https://trifork.com"/></telecom><telecom><system value="email"/><value value="rbk@trifork.com"/></telecom></contact><description value="ATC - Tromboseprofylakse (DKR)"/><compose><include><system value="https://kip.rkkp.dk/fhir/CodeSystem/ATC"/><concept><code value="B01AF01"/><display value="Rivaroxaban (Xarelto)"/></concept><concept><code value="B01AB04"/><display value="Dalteparin (Fragmin)"/></concept><concept><code value="B01AB05"/><display value="Enoxaparin (Klexane)"/></concept><concept><code value="B01AE07"/><display value="Dabigatranetexilat (Pradaxa)"/></concept><concept><code value="B01AF02"/><display value="Apixaban (Eliquis)"/></concept></include><include><system value="https://kip.rkkp.dk/fhir/CodeSystem/GenericValues"/><concept><code value="other"/><display value="Andet"/></concept></include></compose></ValueSet>