<?xml version="1.0" encoding="UTF-8"?><ValueSet xmlns="http://hl7.org/fhir"><id value="KomplikationerBehandlingDEGC"/><text><status value="extensions"/><div xmlns="http://www.w3.org/1999/xhtml"><p class="res-header-id"><b>Generated Narrative: ValueSet KomplikationerBehandlingDEGC</b></p><a name="KomplikationerBehandlingDEGC"> </a><a name="hcKomplikationerBehandlingDEGC"> </a><a name="KomplikationerBehandlingDEGC-en-US"> </a><p>This value set includes codes based on the following rules:</p><ul><li>Include these codes as defined in <a href="CodeSystem-Complications.html"><code>https://kip.rkkp.dk/fhir/CodeSystem/Complications</code></a><table class="none"><tr><td style="white-space:nowrap"><b>Code</b></td><td><b>Display</b></td><td><b>Definition</b></td></tr><tr><td><a href="CodeSystem-Complications.html#Complications-ami">ami</a></td><td>AMI</td><td>AMI - Myocardieinfarkt</td></tr><tr><td><a href="CodeSystem-Complications.html#Complications-chylothorax">chylothorax</a></td><td>Chylothorax</td><td>Chylothorax</td></tr><tr><td><a href="CodeSystem-Complications.html#Complications-fascierupture">fascierupture</a></td><td>Fascieruptur</td><td>Fascieruptur</td></tr><tr><td><a href="CodeSystem-Complications.html#Complications-ileus">ileus</a></td><td>Ileus</td><td>Ileus</td></tr><tr><td><a href="CodeSystem-Complications.html#Complications-intrathoracicbleeding">intrathoracicbleeding</a></td><td>Intrathorakal blødning</td><td>Intrathorakal blødning</td></tr><tr><td><a href="CodeSystem-Complications.html#Complications-intraabdominalabscess">intraabdominalabscess</a></td><td>Intraabdominal absces</td><td>Intraabdominal absces</td></tr><tr><td><a href="CodeSystem-Complications.html#Complications-intraabdominalbleeding">intraabdominalbleeding</a></td><td>Intraabdominal blødning</td><td>Intraabdominal blødning</td></tr><tr><td><a href="CodeSystem-Complications.html#Complications-pulmonaryembolism">pulmonaryembolism</a></td><td>Lungeemboli</td><td>Lungeemboli</td></tr><tr><td><a href="CodeSystem-Complications.html#Complications-perforation">perforation</a></td><td>Perforation</td><td>Perforation</td></tr><tr><td><a href="CodeSystem-Complications.html#Complications-pleuraexudate">pleuraexudate</a></td><td>Pleuraeksudat</td><td>Pleuraeksudat</td></tr><tr><td><a href="CodeSystem-Complications.html#Complications-pneumonia">pneumonia</a></td><td>Pneumoni</td><td>Pneumoni</td></tr><tr><td><a href="CodeSystem-Complications.html#Complications-infection">infection</a></td><td>Sårinfektion</td><td>Sårinfektion</td></tr></table></li><li>Include these codes as defined in <a href="CodeSystem-GenericValues.html"><code>https://kip.rkkp.dk/fhir/CodeSystem/GenericValues</code></a><table class="none"><tr><td style="white-space:nowrap"><b>Code</b></td><td><b>Display</b></td><td><b>Definition</b></td></tr><tr><td><a href="CodeSystem-GenericValues.html#GenericValues-other">other</a></td><td>Andre</td><td>Other - used to choose unspecific value not in a valueset</td></tr></table></li></ul></div></text><url value="https://kip.rkkp.dk/fhir/ValueSet/KomplikationerBehandlingDEGC"/><version value="2.9.3"/><name value="KomplikationerBehandlingDEGC"/><title value="Komplikationer, behandling (DEGC)"/><status value="active"/><experimental value="true"/><date value="2022-06-08T00:00:00+02:00"/><publisher value="Sundhedsvæsenets Kvalitetsinstitut with Trifork Digital Health A/S"/><contact><name value="Sundhedsvæsenets Kvalitetsinstitut with Trifork Digital Health A/S"/><telecom><system value="url"/><value value="https://trifork.com"/></telecom><telecom><system value="email"/><value value="rbk@trifork.com"/></telecom></contact><description value="Komplikationer i forhold til DEGC operationer"/><compose><include><system value="https://kip.rkkp.dk/fhir/CodeSystem/Complications"/><concept><code value="ami"/><display value="AMI"/></concept><concept><code value="chylothorax"/><display value="Chylothorax"/></concept><concept><code value="fascierupture"/><display value="Fascieruptur"/></concept><concept><code value="ileus"/><display value="Ileus"/></concept><concept><code value="intrathoracicbleeding"/><display value="Intrathorakal blødning"/></concept><concept><code value="intraabdominalabscess"/><display value="Intraabdominal absces"/></concept><concept><code value="intraabdominalbleeding"/><display value="Intraabdominal blødning"/></concept><concept><code value="pulmonaryembolism"/><display value="Lungeemboli"/></concept><concept><code value="perforation"/><display value="Perforation"/></concept><concept><code value="pleuraexudate"/><display value="Pleuraeksudat"/></concept><concept><code value="pneumonia"/><display value="Pneumoni"/></concept><concept><code value="infection"/><display value="Sårinfektion"/></concept></include><include><system value="https://kip.rkkp.dk/fhir/CodeSystem/GenericValues"/><concept><code value="other"/><display value="Andre"/></concept></include></compose></ValueSet>