<?xml version="1.0" encoding="UTF-8"?><ValueSet xmlns="http://hl7.org/fhir"><id value="ImplantatMaterialeKeramikMetalAndet"/><text><status value="extensions"/><div xmlns="http://www.w3.org/1999/xhtml"><p class="res-header-id"><b>Generated Narrative: ValueSet ImplantatMaterialeKeramikMetalAndet</b></p><a name="ImplantatMaterialeKeramikMetalAndet"> </a><a name="hcImplantatMaterialeKeramikMetalAndet"> </a><a name="ImplantatMaterialeKeramikMetalAndet-en-US"> </a><p>This value set includes codes based on the following rules:</p><ul><li>Include these codes as defined in <a href="CodeSystem-ImplantComponents.html"><code>https://kip.rkkp.dk/fhir/CodeSystem/ImplantComponents</code></a><table class="none"><tr><td style="white-space:nowrap"><b>Code</b></td><td><b>Display</b></td><td><b>Definition</b></td></tr><tr><td><a href="CodeSystem-ImplantComponents.html#ImplantComponents-ceramics">ceramics</a></td><td>Keramik</td><td>Ceramics / Keramik</td></tr><tr><td><a href="CodeSystem-ImplantComponents.html#ImplantComponents-metal">metal</a></td><td>Metal</td><td>Metal / SNOMED-CT: 425620007</td></tr></table></li><li>Include these codes as defined in <a href="CodeSystem-GenericValues.html"><code>https://kip.rkkp.dk/fhir/CodeSystem/GenericValues</code></a><table class="none"><tr><td style="white-space:nowrap"><b>Code</b></td><td><b>Display</b></td><td><b>Definition</b></td></tr><tr><td><a href="CodeSystem-GenericValues.html#GenericValues-other">other</a></td><td>Andet</td><td>Other - used to choose unspecific value not in a valueset</td></tr></table></li></ul></div></text><url value="https://kip.rkkp.dk/fhir/ValueSet/ImplantatMaterialeKeramikMetalAndet"/><version value="2.9.3"/><name value="ImplantatMaterialeKeramikMetalAndet"/><title value="Implantat - materiale (keramik, metal, andet)"/><status value="active"/><experimental value="true"/><date value="2022-11-02T00:00:00+02:00"/><publisher value="Sundhedsvæsenets Kvalitetsinstitut with Trifork Digital Health A/S"/><contact><name value="Sundhedsvæsenets Kvalitetsinstitut with Trifork Digital Health A/S"/><telecom><system value="url"/><value value="https://trifork.com"/></telecom><telecom><system value="email"/><value value="rbk@trifork.com"/></telecom></contact><description value="Implantat - materiale (keramik, metal, andet)"/><compose><include><system value="https://kip.rkkp.dk/fhir/CodeSystem/ImplantComponents"/><concept><code value="ceramics"/><display value="Keramik"/></concept><concept><code value="metal"/><display value="Metal"/></concept></include><include><system value="https://kip.rkkp.dk/fhir/CodeSystem/GenericValues"/><concept><code value="other"/><display value="Andet"/></concept></include></compose></ValueSet>