<?xml version="1.0" encoding="UTF-8"?><CodeSystem xmlns="http://hl7.org/fhir"><id value="ConferenceParticipants"/><text><status value="generated"/><div xmlns="http://www.w3.org/1999/xhtml"><p class="res-header-id"><b>Generated Narrative: CodeSystem ConferenceParticipants</b></p><a name="ConferenceParticipants"> </a><a name="hcConferenceParticipants"> </a><a name="ConferenceParticipants-en-US"> </a><p>This  code system <code>https://kip.sundk.dk/fhir/CodeSystem/ConferenceParticipants</code> defines the following codes:</p><table class="codes"><tr><td style="white-space:nowrap"><b>Code</b></td><td><b>Display</b></td><td><b>Definition</b></td></tr><tr><td style="white-space:nowrap">2-3<a name="ConferenceParticipants-2-3"> </a></td><td>2 - 3 professions</td><td>2 - 3 specificerede faggrupper</td></tr><tr><td style="white-space:nowrap">4+<a name="ConferenceParticipants-4.43"> </a></td><td>minimum 4 professions</td><td>minimum 4 specificerede faggrupper</td></tr></table></div></text><url value="https://kip.sundk.dk/fhir/CodeSystem/ConferenceParticipants"/><version value="0.0.9"/><name value="ConferenceParticipants"/><title value="Conference Participants"/><status value="active"/><date value="2022-09-26T00:00:00+02:00"/><publisher value="Sundhedsvæsnets Kvalistetsinstitut with Trifork Public A/S"/><contact><name value="Sundhedsvæsnets Kvalistetsinstitut with Trifork Public A/S"/><telecom><system value="url"/><value value="https://trifork.com"/></telecom><telecom><system value="email"/><value value="rbk@trifork.com"/></telecom></contact><description value="Deltagende faggrupper"/><content value="complete"/><count value="2"/><concept><code value="2-3"/><display value="2 - 3 professions"/><definition value="2 - 3 specificerede faggrupper"/></concept><concept><code value="4+"/><display value="minimum 4 professions"/><definition value="minimum 4 specificerede faggrupper"/></concept></CodeSystem>