<?xml version="1.0" encoding="UTF-8"?><CodeSystem xmlns="http://hl7.org/fhir"><id value="BloodThinnersTreatment"/><text><status value="generated"/><div xmlns="http://www.w3.org/1999/xhtml"><p class="res-header-id"><b>Generated Narrative: CodeSystem BloodThinnersTreatment</b></p><a name="BloodThinnersTreatment"> </a><a name="hcBloodThinnersTreatment"> </a><a name="BloodThinnersTreatment-en-US"> </a><p>This  code system <code>https://kip.sundk.dk/fhir/CodeSystem/BloodThinnersTreatment</code> defines the following codes:</p><table class="codes"><tr><td style="white-space:nowrap"><b>Code</b></td><td><b>Display</b></td><td><b>Definition</b></td></tr><tr><td style="white-space:nowrap">anticoagulant<a name="BloodThinnersTreatment-anticoagulant"> </a></td><td>Anticoagulant treatment</td><td>Anticoagulant treatment</td></tr><tr><td style="white-space:nowrap">antiplatelet<a name="BloodThinnersTreatment-antiplatelet"> </a></td><td>Antiplatelet treatment</td><td>Antiplatelet treatment</td></tr></table></div></text><url value="https://kip.sundk.dk/fhir/CodeSystem/BloodThinnersTreatment"/><version value="0.0.9"/><name value="BloodThinnersTreatment"/><title value="Current treatment (if any) of medical blood thinners"/><status value="active"/><date value="2022-06-28T00:00:00+02:00"/><publisher value="Sundhedsvæsnets Kvalistetsinstitut with Trifork Public A/S"/><contact><name value="Sundhedsvæsnets Kvalistetsinstitut with Trifork Public A/S"/><telecom><system value="url"/><value value="https://trifork.com"/></telecom><telecom><system value="email"/><value value="rbk@trifork.com"/></telecom></contact><description value="Current treatment (if any) of medical blood thinners"/><content value="complete"/><count value="2"/><concept><code value="anticoagulant"/><display value="Anticoagulant treatment"/><definition value="Anticoagulant treatment"/></concept><concept><code value="antiplatelet"/><display value="Antiplatelet treatment"/><definition value="Antiplatelet treatment"/></concept></CodeSystem>