<?xml version="1.0" encoding="UTF-8"?><CodeSystem xmlns="http://hl7.org/fhir"><id value="DHDeksklusionskriterie"/><text><status value="generated"/><div xmlns="http://www.w3.org/1999/xhtml"><p class="res-header-id"><b>Generated Narrative: CodeSystem DHDeksklusionskriterie</b></p><a name="DHDeksklusionskriterie"> </a><a name="hcDHDeksklusionskriterie"> </a><a name="DHDeksklusionskriterie-en-US"> </a><p>This  code system <code>https://kip.sundk.dk/fhir/CodeSystem/DHDeksklusionskriterie</code> provides <b>a fragment</b> that includes following codes:</p><table class="codes"><tr><td style="white-space:nowrap"><b>Code</b></td><td><b>Display</b></td><td><b>Definition</b></td></tr><tr><td style="white-space:nowrap">DHDA1<a name="DHDeksklusionskriterie-DHDA1"> </a></td><td>A1</td><td>A1: Patienten har tidligere kendt og korrekt diagnosticeret og behandlet hjertesvigt</td></tr><tr><td style="white-space:nowrap">DHDA2<a name="DHDeksklusionskriterie-DHDA2"> </a></td><td>A2</td><td>A2: Patienter med akut myokardieinfarkt (AMI) med nedsat ejection fraction (EF/LVEF), hvor AMI er A-diagnosen</td></tr><tr><td style="white-space:nowrap">DHDA3<a name="DHDeksklusionskriterie-DHDA3"> </a></td><td>A3</td><td>A3: Patienten har ikke korrigerbar strukturel hjertesygdom og deraf følgende hjertesvigt</td></tr><tr><td style="white-space:nowrap">DHDA4<a name="DHDeksklusionskriterie-DHDA4"> </a></td><td>A4</td><td>A4: Primær årsag til hjertesvigt er hjerteklapsygdom og deraf følgende hjertesvigt</td></tr><tr><td style="white-space:nowrap">DHDA5<a name="DHDeksklusionskriterie-DHDA5"> </a></td><td>A5</td><td>A5: Primær årsag til hjertesvigt er hurtig hjerteryme (ofte atrieflimren) (kræver kardiologisk vurdering)</td></tr><tr><td style="white-space:nowrap">DHDA6<a name="DHDeksklusionskriterie-DHDA6"> </a></td><td>A6</td><td>A6: Patienten har cor pulmunale</td></tr><tr><td style="white-space:nowrap">DHDA7<a name="DHDeksklusionskriterie-DHDA7"> </a></td><td>A7</td><td>A7: Patienten har isoleret højresidig hjertesvigt</td></tr><tr><td style="white-space:nowrap">DHDA8<a name="DHDeksklusionskriterie-DHDA8"> </a></td><td>A8</td><td>A8: Patienten har gået hos privatpraktiserende speciallæge i kardiologi og er blevet diagnosticeret og behandlet hos denne</td></tr><tr><td style="white-space:nowrap">DHDA9<a name="DHDeksklusionskriterie-DHDA9"> </a></td><td>A9</td><td>A9: A-diagnose er ikke hjertesvigt</td></tr><tr><td style="white-space:nowrap">DHDA10<a name="DHDeksklusionskriterie-DHDA10"> </a></td><td>A10</td><td>A10: Patientforløb flyttet i KIP til behandlingsansvarlig afd</td></tr></table></div></text><url value="https://kip.sundk.dk/fhir/CodeSystem/DHDeksklusionskriterie"/><version value="0.0.9"/><name value="DHDeksklusionskriterie"/><title value="DHD eksklusionskriterier"/><status value="active"/><date value="2022-06-22T00:00:00+02:00"/><publisher value="Sundhedsvæsnets Kvalistetsinstitut with Trifork Public A/S"/><contact><name value="Sundhedsvæsnets Kvalistetsinstitut with Trifork Public A/S"/><telecom><system value="url"/><value value="https://trifork.com"/></telecom><telecom><system value="email"/><value value="rbk@trifork.com"/></telecom></contact><description value="Patienten skal ikke indberettes til DHD, fordi patienten opfylder et af følgende eksklusionskriterier."/><content value="fragment"/><count value="10"/><concept><code value="DHDA1"/><display value="A1"/><definition value="A1: Patienten har tidligere kendt og korrekt diagnosticeret og behandlet hjertesvigt"/></concept><concept><code value="DHDA2"/><display value="A2"/><definition value="A2: Patienter med akut myokardieinfarkt (AMI) med nedsat ejection fraction (EF/LVEF), hvor AMI er A-diagnosen"/></concept><concept><code value="DHDA3"/><display value="A3"/><definition value="A3: Patienten har ikke korrigerbar strukturel hjertesygdom og deraf følgende hjertesvigt"/></concept><concept><code value="DHDA4"/><display value="A4"/><definition value="A4: Primær årsag til hjertesvigt er hjerteklapsygdom og deraf følgende hjertesvigt"/></concept><concept><code value="DHDA5"/><display value="A5"/><definition value="A5: Primær årsag til hjertesvigt er hurtig hjerteryme (ofte atrieflimren) (kræver kardiologisk vurdering)"/></concept><concept><code value="DHDA6"/><display value="A6"/><definition value="A6: Patienten har cor pulmunale"/></concept><concept><code value="DHDA7"/><display value="A7"/><definition value="A7: Patienten har isoleret højresidig hjertesvigt"/></concept><concept><code value="DHDA8"/><display value="A8"/><definition value="A8: Patienten har gået hos privatpraktiserende speciallæge i kardiologi og er blevet diagnosticeret og behandlet hos denne"/></concept><concept><code value="DHDA9"/><display value="A9"/><definition value="A9: A-diagnose er ikke hjertesvigt"/></concept><concept><code value="DHDA10"/><display value="A10"/><definition value="A10: Patientforløb flyttet i KIP til behandlingsansvarlig afd"/></concept></CodeSystem>