<?xml version="1.0" encoding="UTF-8"?><CodeSystem xmlns="http://hl7.org/fhir"><id value="GynUndersoegDUGA"/><text><status value="generated"/><div xmlns="http://www.w3.org/1999/xhtml"><p class="res-header-id"><b>Generated Narrative: CodeSystem GynUndersoegDUGA</b></p><a name="GynUndersoegDUGA"> </a><a name="hcGynUndersoegDUGA"> </a><a name="GynUndersoegDUGA-en-US"> </a><p>This case-insensitive code system <code>https://kip.sundk.dk/fhir/CodeSystem/GynUndersoegDUGA</code> defines the following codes:</p><table class="codes"><tr><td style="white-space:nowrap"><b>Code</b></td><td><b>Display</b></td><td><b>Definition</b></td></tr><tr><td style="white-space:nowrap">popq<a name="GynUndersoegDUGA-popq"> </a></td><td>POPQ</td><td>POPQ</td></tr><tr><td style="white-space:nowrap">hymscore<a name="GynUndersoegDUGA-hymscore"> </a></td><td>Score i forhold til hymenal plan</td><td>Score i forhold til hymenal plan</td></tr></table></div></text><url value="https://kip.sundk.dk/fhir/CodeSystem/GynUndersoegDUGA"/><version value="0.0.9"/><name value="GynUndersoegDUGA"/><title value="Gynækologisk undersøgelsesmetode (DUGA)"/><status value="active"/><date value="2024-02-13T00:00:00+02:00"/><publisher value="Sundhedsvæsnets Kvalistetsinstitut with Trifork Public A/S"/><contact><name value="Sundhedsvæsnets Kvalistetsinstitut with Trifork Public A/S"/><telecom><system value="url"/><value value="https://trifork.com"/></telecom><telecom><system value="email"/><value value="rbk@trifork.com"/></telecom></contact><description value="Gynækologisk undersøgelsesmetode (DUGA)"/><caseSensitive value="false"/><content value="complete"/><count value="2"/><concept><code value="popq"/><display value="POPQ"/><definition value="POPQ"/></concept><concept><code value="hymscore"/><display value="Score i forhold til hymenal plan"/><definition value="Score i forhold til hymenal plan"/></concept></CodeSystem>