<?xml version="1.0" encoding="UTF-8"?><CodeSystem xmlns="http://hl7.org/fhir"><id value="LifeStatus"/><text><status value="generated"/><div xmlns="http://www.w3.org/1999/xhtml"><p class="res-header-id"><b>Generated Narrative: CodeSystem LifeStatus</b></p><a name="LifeStatus"> </a><a name="hcLifeStatus"> </a><a name="LifeStatus-en-US"> </a><p>This  code system <code>https://kip.sundk.dk/fhir/CodeSystem/LifeStatus</code> defines the following codes:</p><table class="codes"><tr><td style="white-space:nowrap"><b>Code</b></td><td><b>Display</b></td><td><b>Definition</b></td></tr><tr><td style="white-space:nowrap">alive<a name="LifeStatus-alive"> </a></td><td>Levende</td><td>Patienten udskrives levende</td></tr><tr><td style="white-space:nowrap">dead<a name="LifeStatus-dead"> </a></td><td>Palliativ</td><td>Patienten udskrives død</td></tr></table></div></text><url value="https://kip.sundk.dk/fhir/CodeSystem/LifeStatus"/><version value="0.0.9"/><name value="LifeStatus"/><title value="Liv Status"/><status value="active"/><date value="2022-06-22T00:00:00+02:00"/><publisher value="Sundhedsvæsnets Kvalistetsinstitut with Trifork Public A/S"/><contact><name value="Sundhedsvæsnets Kvalistetsinstitut with Trifork Public A/S"/><telecom><system value="url"/><value value="https://trifork.com"/></telecom><telecom><system value="email"/><value value="rbk@trifork.com"/></telecom></contact><description value="Patientens status ved udskrivelse"/><content value="complete"/><count value="2"/><concept><code value="alive"/><display value="Levende"/><definition value="Patienten udskrives levende"/></concept><concept><code value="dead"/><display value="Palliativ"/><definition value="Patienten udskrives død"/></concept></CodeSystem>