<?xml version="1.0" encoding="UTF-8"?><CodeSystem xmlns="http://hl7.org/fhir"><id value="AnatomicalLocations"/><text><status value="generated"/><div xmlns="http://www.w3.org/1999/xhtml"><p class="res-header-id"><b>Generated Narrative: CodeSystem AnatomicalLocations</b></p><a name="AnatomicalLocations"> </a><a name="hcAnatomicalLocations"> </a><a name="AnatomicalLocations-en-US"> </a><p>This  code system <code>https://kip.sundk.dk/fhir/CodeSystem/AnatomicalLocations</code> defines the following codes:</p><table class="codes"><tr><td style="white-space:nowrap"><b>Code</b></td><td><b>Display</b></td><td><b>Definition</b></td></tr><tr><td style="white-space:nowrap">acarotistop<a name="AnatomicalLocations-acarotistop"> </a></td><td>Top of arteria carotis</td><td>Top of arteria catoris</td></tr><tr><td style="white-space:nowrap">acerebellisuperior<a name="AnatomicalLocations-acerebellisuperior"> </a></td><td>Arteria cerebelli superior</td><td>Arteria cerebelli superior</td></tr><tr><td style="white-space:nowrap">acerebelliantinf<a name="AnatomicalLocations-acerebelliantinf"> </a></td><td>Arteria cerebelli anterior inferior</td><td>Arteria cerebelli anterior inferior</td></tr><tr><td style="white-space:nowrap">acerebelliposinf<a name="AnatomicalLocations-acerebelliposinf"> </a></td><td>Arteria cerebelli posterior inferior</td><td>Arteria cerebelli posterior inferior</td></tr><tr><td style="white-space:nowrap">acerebrimedia-acommunicanspos<a name="AnatomicalLocations-acerebrimedia-acommunicanspos"> </a></td><td>Arteria cerebri media =&lt; arteria communicans posterior</td><td>Arteria cerebri media =&lt; arteria communicans posterior</td></tr><tr><td style="white-space:nowrap">ileocolica_centralt<a name="AnatomicalLocations-ileocolica_centralt"> </a></td><td>Ileocolica centralt</td><td>Ileocolica centralt</td></tr><tr><td style="white-space:nowrap">ileocolica_perifert<a name="AnatomicalLocations-ileocolica_perifert"> </a></td><td>Ileocolica perifert</td><td>Ileocolica perifert</td></tr><tr><td style="white-space:nowrap">a_colica_media_centralt<a name="AnatomicalLocations-a_colica_media_centralt"> </a></td><td>A. colica media centralt</td><td>A. colica media centralt</td></tr><tr><td style="white-space:nowrap">a_colica_media_hoejre<a name="AnatomicalLocations-a_colica_media_hoejre"> </a></td><td>Højre gren af a. colica media</td><td>Højre gren af a. colica media</td></tr><tr><td style="white-space:nowrap">a_colica_media_venstre<a name="AnatomicalLocations-a_colica_media_venstre"> </a></td><td>Venstre gren af  a. colica media</td><td>Venstre gren af  a. colica media</td></tr><tr><td style="white-space:nowrap">a_mesenterica_inferior<a name="AnatomicalLocations-a_mesenterica_inferior"> </a></td><td>A. mesenterica inf.</td><td>A. mesenterica inf.</td></tr><tr><td style="white-space:nowrap">a_colica_sinistra<a name="AnatomicalLocations-a_colica_sinistra"> </a></td><td>A. colica sin.</td><td>A. colica sin.</td></tr><tr><td style="white-space:nowrap">a_mesenterica_inferior_perifert<a name="AnatomicalLocations-a_mesenterica_inferior_perifert"> </a></td><td>A. mesenterica inf perifert</td><td>A. mesenterica inf perifert</td></tr><tr><td style="white-space:nowrap">aa_sigmoideae<a name="AnatomicalLocations-aa_sigmoideae"> </a></td><td>Aa. sigmoideae</td><td>Aa. sigmoideae</td></tr><tr><td style="white-space:nowrap">a_rectalis_superior<a name="AnatomicalLocations-a_rectalis_superior"> </a></td><td>A. rectalis superior</td><td>A. rectalis superior</td></tr><tr><td style="white-space:nowrap">vena_sacralis<a name="AnatomicalLocations-vena_sacralis"> </a></td><td>Vena sacralis</td><td>Vena sacralis / Sakralvene</td></tr><tr><td style="white-space:nowrap">gastrocolic_ligament<a name="AnatomicalLocations-gastrocolic_ligament"> </a></td><td>Gastrokoliske ligament</td><td>Gastrokoliske ligament</td></tr><tr><td style="white-space:nowrap">adneks<a name="AnatomicalLocations-adneks"> </a></td><td>Adneks</td><td>Adneks</td></tr><tr><td style="white-space:nowrap">lymfeknude_lateral<a name="AnatomicalLocations-lymfeknude_lateral"> </a></td><td>Lateralt lymfeknudecompartment på bækken væg</td><td>Lateralt lymfeknudecompartment på bækken væg</td></tr><tr><td style="white-space:nowrap">other<a name="AnatomicalLocations-other"> </a></td><td>Other</td><td>Other</td></tr><tr><td style="white-space:nowrap">acl<a name="AnatomicalLocations-acl"> </a></td><td>ACL</td><td>ACL</td></tr><tr><td style="white-space:nowrap">pcl<a name="AnatomicalLocations-pcl"> </a></td><td>PCL</td><td>PCL</td></tr><tr><td style="white-space:nowrap">mcl<a name="AnatomicalLocations-mcl"> </a></td><td>MCL</td><td>MCL</td></tr><tr><td style="white-space:nowrap">lcl<a name="AnatomicalLocations-lcl"> </a></td><td>LCL</td><td>LCL</td></tr><tr><td style="white-space:nowrap">plc<a name="AnatomicalLocations-plc"> </a></td><td>PLC</td><td>PLC</td></tr><tr><td style="white-space:nowrap">all<a name="AnatomicalLocations-all"> </a></td><td>ALL</td><td>ALL</td></tr><tr><td style="white-space:nowrap">lateral_meniscus<a name="AnatomicalLocations-lateral_meniscus"> </a></td><td>Lateral meniscus</td><td>Lateral meniscus / Laterale menisk</td></tr><tr><td style="white-space:nowrap">medial_meniscus<a name="AnatomicalLocations-medial_meniscus"> </a></td><td>Medial meniscus</td><td>Medial meniscus / Mediale menisk</td></tr><tr><td style="white-space:nowrap">cartilage<a name="AnatomicalLocations-cartilage"> </a></td><td>Cartilage</td><td>Cartilage / Brusk</td></tr><tr><td style="white-space:nowrap">Patella_medial<a name="AnatomicalLocations-Patella_medial"> </a></td><td>Patella (mediale facet)</td><td>Patella (mediale facet)</td></tr><tr><td style="white-space:nowrap">Patella_lateral<a name="AnatomicalLocations-Patella_lateral"> </a></td><td>Patella (laterale facet)</td><td>Patella (laterale facet)</td></tr><tr><td style="white-space:nowrap">Trochlea_femoris<a name="AnatomicalLocations-Trochlea_femoris"> </a></td><td>Trochlea femoris</td><td>Trochlea femoris</td></tr><tr><td style="white-space:nowrap">Med_femur_kondyl<a name="AnatomicalLocations-Med_femur_kondyl"> </a></td><td>Med. femur kondyl</td><td>Med. femur kondyl</td></tr><tr><td style="white-space:nowrap">Med_tibia_plateau<a name="AnatomicalLocations-Med_tibia_plateau"> </a></td><td>Med. tibia plateau</td><td>Med. tibia plateau</td></tr><tr><td style="white-space:nowrap">Lat_femur_kondyl<a name="AnatomicalLocations-Lat_femur_kondyl"> </a></td><td>Lat. femur kondyl</td><td>Lat. femur kondyl</td></tr><tr><td style="white-space:nowrap">Lat_tibia_plateau<a name="AnatomicalLocations-Lat_tibia_plateau"> </a></td><td>Lat. tibia plateau</td><td>Lat. tibia plateau</td></tr></table></div></text><url value="https://kip.sundk.dk/fhir/CodeSystem/AnatomicalLocations"/><version value="0.0.9"/><name value="AnatomicalLocations"/><title value="Anatomy locations, not specified in classifcations (SKS, etc.)"/><status value="active"/><date value="2022-06-14T00:00:00+02:00"/><publisher value="Sundhedsvæsnets Kvalistetsinstitut with Trifork Public A/S"/><contact><name value="Sundhedsvæsnets Kvalistetsinstitut with Trifork Public A/S"/><telecom><system value="url"/><value value="https://trifork.com"/></telecom><telecom><system value="email"/><value value="rbk@trifork.com"/></telecom></contact><description value="Anatomy locations, not specified in classifcations (SKS, etc.)"/><content value="complete"/><count value="36"/><concept><code value="acarotistop"/><display value="Top of arteria carotis"/><definition value="Top of arteria catoris"/></concept><concept><code value="acerebellisuperior"/><display value="Arteria cerebelli superior"/><definition value="Arteria cerebelli superior"/></concept><concept><code value="acerebelliantinf"/><display value="Arteria cerebelli anterior inferior"/><definition value="Arteria cerebelli anterior inferior"/></concept><concept><code value="acerebelliposinf"/><display value="Arteria cerebelli posterior inferior"/><definition value="Arteria cerebelli posterior inferior"/></concept><concept><code value="acerebrimedia-acommunicanspos"/><display value="Arteria cerebri media =&lt; arteria communicans posterior"/><definition value="Arteria cerebri media =&lt; arteria communicans posterior"/></concept><concept><code value="ileocolica_centralt"/><display value="Ileocolica centralt"/><definition value="Ileocolica centralt"/></concept><concept><code value="ileocolica_perifert"/><display value="Ileocolica perifert"/><definition value="Ileocolica perifert"/></concept><concept><code value="a_colica_media_centralt"/><display value="A. colica media centralt"/><definition value="A. colica media centralt"/></concept><concept><code value="a_colica_media_hoejre"/><display value="Højre gren af a. colica media"/><definition value="Højre gren af a. colica media"/></concept><concept><code value="a_colica_media_venstre"/><display value="Venstre gren af  a. colica media"/><definition value="Venstre gren af  a. colica media"/></concept><concept><code value="a_mesenterica_inferior"/><display value="A. mesenterica inf."/><definition value="A. mesenterica inf."/></concept><concept><code value="a_colica_sinistra"/><display value="A. colica sin."/><definition value="A. colica sin."/></concept><concept><code value="a_mesenterica_inferior_perifert"/><display value="A. mesenterica inf perifert"/><definition value="A. mesenterica inf perifert"/></concept><concept><code value="aa_sigmoideae"/><display value="Aa. sigmoideae"/><definition value="Aa. sigmoideae"/></concept><concept><code value="a_rectalis_superior"/><display value="A. rectalis superior"/><definition value="A. rectalis superior"/></concept><concept><code value="vena_sacralis"/><display value="Vena sacralis"/><definition value="Vena sacralis / Sakralvene"/></concept><concept><code value="gastrocolic_ligament"/><display value="Gastrokoliske ligament"/><definition value="Gastrokoliske ligament"/></concept><concept><code value="adneks"/><display value="Adneks"/><definition value="Adneks"/></concept><concept><code value="lymfeknude_lateral"/><display value="Lateralt lymfeknudecompartment på bækken væg"/><definition value="Lateralt lymfeknudecompartment på bækken væg"/></concept><concept><code value="other"/><display value="Other"/><definition value="Other"/></concept><concept><code value="acl"/><display value="ACL"/><definition value="ACL"/></concept><concept><code value="pcl"/><display value="PCL"/><definition value="PCL"/></concept><concept><code value="mcl"/><display value="MCL"/><definition value="MCL"/></concept><concept><code value="lcl"/><display value="LCL"/><definition value="LCL"/></concept><concept><code value="plc"/><display value="PLC"/><definition value="PLC"/></concept><concept><code value="all"/><display value="ALL"/><definition value="ALL"/></concept><concept><code value="lateral_meniscus"/><display value="Lateral meniscus"/><definition value="Lateral meniscus / Laterale menisk"/></concept><concept><code value="medial_meniscus"/><display value="Medial meniscus"/><definition value="Medial meniscus / Mediale menisk"/></concept><concept><code value="cartilage"/><display value="Cartilage"/><definition value="Cartilage / Brusk"/></concept><concept><code value="Patella_medial"/><display value="Patella (mediale facet)"/><definition value="Patella (mediale facet)"/></concept><concept><code value="Patella_lateral"/><display value="Patella (laterale facet)"/><definition value="Patella (laterale facet)"/></concept><concept><code value="Trochlea_femoris"/><display value="Trochlea femoris"/><definition value="Trochlea femoris"/></concept><concept><code value="Med_femur_kondyl"/><display value="Med. femur kondyl"/><definition value="Med. femur kondyl"/></concept><concept><code value="Med_tibia_plateau"/><display value="Med. tibia plateau"/><definition value="Med. tibia plateau"/></concept><concept><code value="Lat_femur_kondyl"/><display value="Lat. femur kondyl"/><definition value="Lat. femur kondyl"/></concept><concept><code value="Lat_tibia_plateau"/><display value="Lat. tibia plateau"/><definition value="Lat. tibia plateau"/></concept></CodeSystem>