<?xml version="1.0" encoding="UTF-8"?><CodeSystem xmlns="http://hl7.org/fhir"><id value="ResectionCompletion"/><text><status value="generated"/><div xmlns="http://www.w3.org/1999/xhtml"><p class="res-header-id"><b>Generated Narrative: CodeSystem ResectionCompletion</b></p><a name="ResectionCompletion"> </a><a name="hcResectionCompletion"> </a><a name="ResectionCompletion-en-US"> </a><p>This case-insensitive code system <code>https://kip.sundk.dk/fhir/CodeSystem/ResectionCompletion</code> defines the following codes:</p><table class="codes"><tr><td style="white-space:nowrap"><b>Code</b></td><td><b>Display</b></td><td><b>Definition</b></td></tr><tr><td style="white-space:nowrap">undeterminable_radicality_piecemeal<a name="ResectionCompletion-undeterminable_radicality_piecemeal"> </a></td><td>Radikalitet af lokalresektionen kan ikke vurderes på grund af piecemeal teknik</td><td>Radikalitet af lokalresektionen kan ikke vurderes på grund af piecemeal teknik</td></tr><tr><td style="white-space:nowrap">missing_radicality_sektion<a name="ResectionCompletion-missing_radicality_sektion"> </a></td><td>Manglende radikalitet af endoskopiske lokalresektion</td><td>Manglende radikalitet af endoskopiske lokalresektion</td></tr><tr><td style="white-space:nowrap">pathology_risk_factors<a name="ResectionCompletion-pathology_risk_factors"> </a></td><td>Tilstedeværelse af en eller flere patologirisikofaktorer</td><td>Tilstedeværelse af en eller flere patologirisikofaktorer</td></tr><tr><td style="white-space:nowrap">missing_radicality_risk<a name="ResectionCompletion-missing_radicality_risk"> </a></td><td>Manglende radikalitet og tilstedeværelse af risikofaktorer</td><td>Manglende radikalitet og tilstedeværelse af risikofaktorer</td></tr></table></div></text><url value="https://kip.sundk.dk/fhir/CodeSystem/ResectionCompletion"/><version value="0.0.9"/><name value="ResectionCompletion"/><title value="Resection completion; justification"/><status value="active"/><date value="2022-06-07T00:00:00+02:00"/><publisher value="Sundhedsvæsnets Kvalistetsinstitut with Trifork Public A/S"/><contact><name value="Sundhedsvæsnets Kvalistetsinstitut with Trifork Public A/S"/><telecom><system value="url"/><value value="https://trifork.com"/></telecom><telecom><system value="email"/><value value="rbk@trifork.com"/></telecom></contact><description value="Resection completion; justification"/><caseSensitive value="false"/><content value="complete"/><count value="4"/><concept><code value="undeterminable_radicality_piecemeal"/><display value="Radikalitet af lokalresektionen kan ikke vurderes på grund af piecemeal teknik"/><definition value="Radikalitet af lokalresektionen kan ikke vurderes på grund af piecemeal teknik"/></concept><concept><code value="missing_radicality_sektion"/><display value="Manglende radikalitet af endoskopiske lokalresektion"/><definition value="Manglende radikalitet af endoskopiske lokalresektion"/></concept><concept><code value="pathology_risk_factors"/><display value="Tilstedeværelse af en eller flere patologirisikofaktorer"/><definition value="Tilstedeværelse af en eller flere patologirisikofaktorer"/></concept><concept><code value="missing_radicality_risk"/><display value="Manglende radikalitet og tilstedeværelse af risikofaktorer"/><definition value="Manglende radikalitet og tilstedeværelse af risikofaktorer"/></concept></CodeSystem>