<?xml version="1.0" encoding="UTF-8"?><CodeSystem xmlns="http://hl7.org/fhir"><id value="NIHSS2Gaze"/><text><status value="generated"/><div xmlns="http://www.w3.org/1999/xhtml"><p class="res-header-id"><b>Generated Narrative: CodeSystem NIHSS2Gaze</b></p><a name="NIHSS2Gaze"> </a><a name="hcNIHSS2Gaze"> </a><a name="NIHSS2Gaze-en-US"> </a><p>This  code system <code>https://kip.sundk.dk/fhir/CodeSystem/NIHSS2Gaze</code> defines the following codes:</p><table class="codes"><tr><td style="white-space:nowrap"><b>Code</b></td><td><b>Definition</b></td></tr><tr><td style="white-space:nowrap">0<a name="NIHSS2Gaze-0"> </a></td><td>Normal.</td></tr><tr><td style="white-space:nowrap">1<a name="NIHSS2Gaze-1"> </a></td><td>Partial gaze palsy; gaze is abnormal in one or both eyes, but forced deviation or total gaze paresis is not present.</td></tr><tr><td style="white-space:nowrap">2<a name="NIHSS2Gaze-2"> </a></td><td>Forced deviation, or total gaze paresis not overcome by the oculocephalic maneuver.</td></tr></table></div></text><url value="https://kip.sundk.dk/fhir/CodeSystem/NIHSS2Gaze"/><version value="0.0.9"/><name value="NIHSS2Gaze"/><title value="The National Institute of Health Stroke Scale (NIHSS) - 2. Best Gaze"/><status value="active"/><date value="2022-06-23T00:00:00+02:00"/><publisher value="Sundhedsvæsnets Kvalistetsinstitut with Trifork Public A/S"/><contact><name value="Sundhedsvæsnets Kvalistetsinstitut with Trifork Public A/S"/><telecom><system value="url"/><value value="https://trifork.com"/></telecom><telecom><system value="email"/><value value="rbk@trifork.com"/></telecom></contact><description value="The National Institute of Health Stroke Scale (NIHSS) - 2. Best Gaze; Link: https://www.ninds.nih.gov/stroke-scales-and-related-information"/><content value="complete"/><count value="3"/><concept><code value="0"/><display value="0"/><definition value="Normal."/></concept><concept><code value="1"/><display value="1"/><definition value="Partial gaze palsy; gaze is abnormal in one or both eyes, but forced deviation or total gaze paresis is not present."/></concept><concept><code value="2"/><display value="2"/><definition value="Forced deviation, or total gaze paresis not overcome by the oculocephalic maneuver."/></concept></CodeSystem>