<?xml version="1.0" encoding="UTF-8"?><ValueSet xmlns="http://hl7.org/fhir"><id value="TransplantationstypeCML"/><text><status value="extensions"/><div xmlns="http://www.w3.org/1999/xhtml"><p class="res-header-id"><b>Generated Narrative: ValueSet TransplantationstypeCML</b></p><a name="TransplantationstypeCML"> </a><a name="hcTransplantationstypeCML"> </a><a name="TransplantationstypeCML-en-US"> </a><ul><li>Include these codes as defined in <a href="CodeSystem-SKS.html"><code>https://kip.sundk.dk/fhir/CodeSystem/SKS</code></a><table class="none"><tr><td style="white-space:nowrap"><b>Code</b></td><td><b>Display</b></td><td><b>Definition</b></td></tr><tr><td><a href="CodeSystem-SKS.html#SKS-BOQF0">BOQF0</a></td><td>Autolog knoglemarvstransplantation</td><td>BOQF0 - Autolog knoglemarvstransplantation</td></tr><tr><td><a href="CodeSystem-SKS.html#SKS-BOQF1">BOQF1</a></td><td>Allogen knoglemarvstransplantation</td><td>BOQF1 - Allogen knoglemarvstransplantation</td></tr><tr><td><a href="CodeSystem-SKS.html#SKS-BOQF2">BOQF2</a></td><td>Non myeloablativ knoglemarvstransplantation (mini-KMT)</td><td>BOQF2 - Non myeloablativ knoglemarvstransplantation (mini-KMT)</td></tr></table></li></ul></div></text><url value="https://kip.sundk.dk/fhir/ValueSet/TransplantationstypeCML"/><version value="0.0.9"/><name value="TransplantationstypeCML"/><title value="Transplantationstype (CML)"/><status value="active"/><experimental value="true"/><date value="2022-07-18T00:00:00+02:00"/><publisher value="Sundhedsvæsnets Kvalistetsinstitut with Trifork Public A/S"/><contact><name value="Sundhedsvæsnets Kvalistetsinstitut with Trifork Public A/S"/><telecom><system value="url"/><value value="https://trifork.com"/></telecom><telecom><system value="email"/><value value="rbk@trifork.com"/></telecom></contact><description value="Transplantationstype (CML)"/><compose><include><system value="https://kip.sundk.dk/fhir/CodeSystem/SKS"/><concept><code value="BOQF0"/><display value="Autolog knoglemarvstransplantation"/></concept><concept><code value="BOQF1"/><display value="Allogen knoglemarvstransplantation"/></concept><concept><code value="BOQF2"/><display value="Non myeloablativ knoglemarvstransplantation (mini-KMT)"/></concept></include></compose></ValueSet>