<?xml version="1.0" encoding="UTF-8"?><ValueSet xmlns="http://hl7.org/fhir"><id value="Luftvejsplan"/><text><status value="extensions"/><div xmlns="http://www.w3.org/1999/xhtml"><p class="res-header-id"><b>Generated Narrative: ValueSet Luftvejsplan</b></p><a name="Luftvejsplan"> </a><a name="hcLuftvejsplan"> </a><a name="Luftvejsplan-en-US"> </a><ul><li>Include these codes as defined in <a href="CodeSystem-Respiration.html"><code>https://kip.sundk.dk/fhir/CodeSystem/Respiration</code></a><table class="none"><tr><td style="white-space:nowrap"><b>Code</b></td><td><b>Display</b></td><td><b>Definition</b></td></tr><tr><td><a href="CodeSystem-Respiration.html#Respiration-spontane_resp">spontane_resp</a></td><td>Spontan respiration</td><td>Spontan respiration</td></tr><tr><td><a href="CodeSystem-Respiration.html#Respiration-mask_vent">mask_vent</a></td><td>Maskeventilation</td><td>Maskeventilation</td></tr><tr><td><a href="CodeSystem-Respiration.html#Respiration-larynx_all">larynx_all</a></td><td>Larynxmaske (alle typer)</td><td>Larynxmaske (alle typer)</td></tr><tr><td><a href="CodeSystem-Respiration.html#Respiration-intub_dir_laryngo">intub_dir_laryngo</a></td><td>Intubation ved direkte laryngoskopi</td><td>Intubation ved direkte laryngoskopi</td></tr><tr><td><a href="CodeSystem-Respiration.html#Respiration-intub_video_laryngo">intub_video_laryngo</a></td><td>Intubation med videolaryngoskopi</td><td>Intubation med videolaryngoskopi</td></tr><tr><td><a href="CodeSystem-Respiration.html#Respiration-intub_flex_skop">intub_flex_skop</a></td><td>Intubation med fleksibelt skop</td><td>Intubation med fleksibelt skopi</td></tr><tr><td><a href="CodeSystem-Respiration.html#Respiration-intub_diff">intub_diff</a></td><td>Intubation ved anden metode</td><td>Intubation ved anden metode</td></tr><tr><td><a href="CodeSystem-Respiration.html#Respiration-tracheostomi_loc">tracheostomi_loc</a></td><td>Tracheostomi i lokalanæstesi</td><td>Tracheostomi i lokalanæstesi</td></tr><tr><td><a href="CodeSystem-Respiration.html#Respiration-is_intub_trach">is_intub_trach</a></td><td>Er intuberet/tracheostomeret</td><td>Er intuberet/tracheostomeret</td></tr></table></li></ul></div></text><url value="https://kip.sundk.dk/fhir/ValueSet/Luftvejsplan"/><version value="0.0.9"/><name value="Luftvejsplan"/><title value="Luftvejsplan"/><status value="active"/><experimental value="true"/><date value="2022-06-01T00:00:00+02:00"/><publisher value="Sundhedsvæsnets Kvalistetsinstitut with Trifork Public A/S"/><contact><name value="Sundhedsvæsnets Kvalistetsinstitut with Trifork Public A/S"/><telecom><system value="url"/><value value="https://trifork.com"/></telecom><telecom><system value="email"/><value value="rbk@trifork.com"/></telecom></contact><description value="Mulige planlagte indgreb til luftvejsunderstøttelse"/><compose><include><system value="https://kip.sundk.dk/fhir/CodeSystem/Respiration"/><concept><code value="spontane_resp"/><display value="Spontan respiration"/></concept><concept><code value="mask_vent"/><display value="Maskeventilation"/></concept><concept><code value="larynx_all"/><display value="Larynxmaske (alle typer)"/></concept><concept><code value="intub_dir_laryngo"/><display value="Intubation ved direkte laryngoskopi"/></concept><concept><code value="intub_video_laryngo"/><display value="Intubation med videolaryngoskopi"/></concept><concept><code value="intub_flex_skop"/><display value="Intubation med fleksibelt skop"/></concept><concept><code value="intub_diff"/><display value="Intubation ved anden metode"/></concept><concept><code value="tracheostomi_loc"/><display value="Tracheostomi i lokalanæstesi"/></concept><concept><code value="is_intub_trach"/><display value="Er intuberet/tracheostomeret"/></concept></include></compose></ValueSet>