<?xml version="1.0" encoding="UTF-8"?><ValueSet xmlns="http://hl7.org/fhir"><id value="KonferenceDPD"/><text><status value="extensions"/><div xmlns="http://www.w3.org/1999/xhtml"><p class="res-header-id"><b>Generated Narrative: ValueSet KonferenceDPD</b></p><a name="KonferenceDPD"> </a><a name="hcKonferenceDPD"> </a><a name="KonferenceDPD-en-US"> </a><p>This value set includes codes based on the following rules:</p><ul><li>Include these codes as defined in <a href="CodeSystem-ConferenceParticipants.html"><code>https://kip.sundk.dk/fhir/CodeSystem/ConferenceParticipants</code></a><table class="none"><tr><td style="white-space:nowrap"><b>Code</b></td><td><b>Display</b></td><td><b>Definition</b></td></tr><tr><td><a href="CodeSystem-ConferenceParticipants.html#ConferenceParticipants-2-3">2-3</a></td><td>Afholdt med 2-3 specificerede faggrupper og konklusion</td><td>2 - 3 specificerede faggrupper</td></tr><tr><td><a href="CodeSystem-ConferenceParticipants.html#ConferenceParticipants-4.43">4+</a></td><td>Afholdt med minimum 4 specificerede faggrupper og konklusion</td><td>minimum 4 specificerede faggrupper</td></tr></table></li><li>Include these codes as defined in <a href="CodeSystem-GenericValues.html"><code>https://kip.sundk.dk/fhir/CodeSystem/GenericValues</code></a><table class="none"><tr><td style="white-space:nowrap"><b>Code</b></td><td><b>Display</b></td><td><b>Definition</b></td></tr><tr><td><a href="CodeSystem-GenericValues.html#GenericValues-none">none</a></td><td>Ikke dokumenteret i journal</td><td>None - used to choose none of the available values</td></tr></table></li></ul></div></text><url value="https://kip.sundk.dk/fhir/ValueSet/KonferenceDPD"/><version value="0.0.9"/><name value="KonferenceDPD"/><title value="Konference DPD"/><status value="active"/><experimental value="true"/><date value="2022-09-26T00:00:00+02:00"/><publisher value="Sundhedsvæsnets Kvalistetsinstitut with Trifork Public A/S"/><contact><name value="Sundhedsvæsnets Kvalistetsinstitut with Trifork Public A/S"/><telecom><system value="url"/><value value="https://trifork.com"/></telecom><telecom><system value="email"/><value value="rbk@trifork.com"/></telecom></contact><description value="Tværfaglig konference"/><compose><include><system value="https://kip.sundk.dk/fhir/CodeSystem/ConferenceParticipants"/><concept><code value="2-3"/><display value="Afholdt med 2-3 specificerede faggrupper og konklusion"/></concept><concept><code value="4+"/><display value="Afholdt med minimum 4 specificerede faggrupper og konklusion"/></concept></include><include><system value="https://kip.sundk.dk/fhir/CodeSystem/GenericValues"/><concept><code value="none"/><display value="Ikke dokumenteret i journal"/></concept></include></compose></ValueSet>