<?xml version="1.0" encoding="UTF-8"?><ValueSet xmlns="http://hl7.org/fhir"><id value="RobotDHDB"/><text><status value="extensions"/><div xmlns="http://www.w3.org/1999/xhtml"><p class="res-header-id"><b>Generated Narrative: ValueSet RobotDHDB</b></p><a name="RobotDHDB"> </a><a name="hcRobotDHDB"> </a><a name="RobotDHDB-en-US"> </a><p>This value set includes codes based on the following rules:</p><ul><li>Include these codes as defined in <a href="CodeSystem-ProcedureType.html"><code>https://kip.sundk.dk/fhir/CodeSystem/ProcedureType</code></a><table class="none"><tr><td style="white-space:nowrap"><b>Code</b></td><td><b>Display</b></td><td><b>Definition</b></td></tr><tr><td><a href="CodeSystem-ProcedureType.html#ProcedureType-etep">etep</a></td><td>ETEP</td><td>eTEP - Robot-assisteret metode</td></tr><tr><td><a href="CodeSystem-ProcedureType.html#ProcedureType-tarup">tarup</a></td><td>TARUP</td><td>TARUP - Robot-assisteret metode</td></tr><tr><td><a href="CodeSystem-ProcedureType.html#ProcedureType-tapp">tapp</a></td><td>TAPP</td><td>TAPP - Robot-assisteret metode</td></tr></table></li><li>Include these codes as defined in <a href="CodeSystem-GenericValues.html"><code>https://kip.sundk.dk/fhir/CodeSystem/GenericValues</code></a><table class="none"><tr><td style="white-space:nowrap"><b>Code</b></td><td><b>Display</b></td><td><b>Definition</b></td></tr><tr><td><a href="CodeSystem-GenericValues.html#GenericValues-other">other</a></td><td>Andet</td><td>Other - used to choose unspecific value not in a valueset</td></tr></table></li></ul></div></text><url value="https://kip.sundk.dk/fhir/ValueSet/RobotDHDB"/><version value="0.0.9"/><name value="RobotDHDB"/><title value="Robot (DHDB)"/><status value="active"/><experimental value="true"/><date value="2024-09-10T00:00:00+02:00"/><publisher value="Sundhedsvæsnets Kvalistetsinstitut with Trifork Public A/S"/><contact><name value="Sundhedsvæsnets Kvalistetsinstitut with Trifork Public A/S"/><telecom><system value="url"/><value value="https://trifork.com"/></telecom><telecom><system value="email"/><value value="rbk@trifork.com"/></telecom></contact><description value="Robot assisteret metode (DHDB)"/><compose><include><system value="https://kip.sundk.dk/fhir/CodeSystem/ProcedureType"/><concept><code value="etep"/><display value="ETEP"/></concept><concept><code value="tarup"/><display value="TARUP"/></concept><concept><code value="tapp"/><display value="TAPP"/></concept></include><include><system value="https://kip.sundk.dk/fhir/CodeSystem/GenericValues"/><concept><code value="other"/><display value="Andet"/></concept></include></compose></ValueSet>