<?xml version="1.0" encoding="UTF-8"?><ValueSet xmlns="http://hl7.org/fhir"><id value="OperationDanmarkUdlandetDHR"/><text><status value="extensions"/><div xmlns="http://www.w3.org/1999/xhtml"><p class="res-header-id"><b>Generated Narrative: ValueSet OperationDanmarkUdlandetDHR</b></p><a name="OperationDanmarkUdlandetDHR"> </a><a name="hcOperationDanmarkUdlandetDHR"> </a><a name="OperationDanmarkUdlandetDHR-en-US"> </a><ul><li>Include these codes as defined in <a href="CodeSystem-Birthplace.html"><code>https://kip.sundk.dk/fhir/CodeSystem/Birthplace</code></a><table class="none"><tr><td style="white-space:nowrap"><b>Code</b></td><td><b>Display</b></td><td><b>Definition</b></td></tr><tr><td><a href="CodeSystem-Birthplace.html#Birthplace-DK">DK</a></td><td>Opereret i Danmark</td><td>Denmark / Danmark</td></tr><tr><td><a href="CodeSystem-Birthplace.html#Birthplace-abroad">abroad</a></td><td>Opereret i udlandet</td><td>Abroad / Udlandet</td></tr></table></li></ul></div></text><url value="https://kip.sundk.dk/fhir/ValueSet/OperationDanmarkUdlandetDHR"/><version value="0.0.9"/><name value="OperationDanmarkUdlandetDHR"/><title value="Operation - Danmark/Udlandet (DHR)"/><status value="active"/><experimental value="true"/><date value="2022-11-07T00:00:00+02:00"/><publisher value="Sundhedsvæsnets Kvalistetsinstitut with Trifork Public A/S"/><contact><name value="Sundhedsvæsnets Kvalistetsinstitut with Trifork Public A/S"/><telecom><system value="url"/><value value="https://trifork.com"/></telecom><telecom><system value="email"/><value value="rbk@trifork.com"/></telecom></contact><description value="Operation - Danmark/Udlandet (DHR)"/><compose><include><system value="https://kip.sundk.dk/fhir/CodeSystem/Birthplace"/><concept><code value="DK"/><display value="Opereret i Danmark"/></concept><concept><code value="abroad"/><display value="Opereret i udlandet"/></concept></include></compose></ValueSet>