<?xml version="1.0" encoding="UTF-8"?><ValueSet xmlns="http://hl7.org/fhir"><id value="MolecurlarBiologyExamination"/><text><status value="extensions"/><div xmlns="http://www.w3.org/1999/xhtml"><p class="res-header-id"><b>Generated Narrative: ValueSet MolecurlarBiologyExamination</b></p><a name="MolecurlarBiologyExamination"> </a><a name="hcMolecurlarBiologyExamination"> </a><a name="MolecurlarBiologyExamination-en-US"> </a><ul><li>Include these codes as defined in <a href="CodeSystem-GenericValues.html"><code>https://kip.sundk.dk/fhir/CodeSystem/GenericValues</code></a><table class="none"><tr><td style="white-space:nowrap"><b>Code</b></td><td><b>Display</b></td><td><b>Definition</b></td></tr><tr><td><a href="CodeSystem-GenericValues.html#GenericValues-normal">normal</a></td><td>Normal</td><td>Normal</td></tr><tr><td><a href="CodeSystem-GenericValues.html#GenericValues-abnormal">abnormal</a></td><td>Klonale forandringer</td><td>Abnormal / Unormal</td></tr><tr><td><a href="CodeSystem-GenericValues.html#GenericValues-not_performed">not_performed</a></td><td>Ej udført</td><td>Not performed - used to indicate, if a procedure or test has not been performed</td></tr><tr><td><a href="CodeSystem-GenericValues.html#GenericValues-none">none</a></td><td>Ingen mitoser</td><td>None - used to choose none of the available values</td></tr></table></li></ul></div></text><url value="https://kip.sundk.dk/fhir/ValueSet/MolecurlarBiologyExamination"/><version value="0.0.9"/><name value="MolecurlarBiologyExamination"/><title value="Molekylærbiologiske undersøgelses resultat"/><status value="active"/><experimental value="true"/><date value="2022-07-13T00:00:00+02:00"/><publisher value="Sundhedsvæsnets Kvalistetsinstitut with Trifork Public A/S"/><contact><name value="Sundhedsvæsnets Kvalistetsinstitut with Trifork Public A/S"/><telecom><system value="url"/><value value="https://trifork.com"/></telecom><telecom><system value="email"/><value value="rbk@trifork.com"/></telecom></contact><description value="Molekylærbiologiske undersøgelses resultat eller karyotyp"/><compose><include><system value="https://kip.sundk.dk/fhir/CodeSystem/GenericValues"/><concept><code value="normal"/><display value="Normal"/></concept><concept><code value="abnormal"/><display value="Klonale forandringer"/></concept><concept><code value="not_performed"/><display value="Ej udført"/></concept><concept><code value="none"/><display value="Ingen mitoser"/></concept></include></compose></ValueSet>