<?xml version="1.0" encoding="UTF-8"?><ValueSet xmlns="http://hl7.org/fhir"><id value="Gender"/><text><status value="extensions"/><div xmlns="http://www.w3.org/1999/xhtml"><p class="res-header-id"><b>Generated Narrative: ValueSet Gender</b></p><a name="Gender"> </a><a name="hcGender"> </a><a name="Gender-en-US"> </a><ul><li>Include these codes as defined in <a href="http://terminology.hl7.org/6.1.0/CodeSystem-v3-AdministrativeGender.html"><code>http://terminology.hl7.org/CodeSystem/v3-AdministrativeGender</code></a><table class="none"><tr><td style="white-space:nowrap"><b>Code</b></td><td><b>Display</b></td><td><b>Definition</b></td></tr><tr><td><a href="http://terminology.hl7.org/6.1.0/CodeSystem-v3-AdministrativeGender.html#v3-AdministrativeGender-F">F</a></td><td>Kvinde</td><td>Female</td></tr><tr><td><a href="http://terminology.hl7.org/6.1.0/CodeSystem-v3-AdministrativeGender.html#v3-AdministrativeGender-M">M</a></td><td>Mand</td><td>Male</td></tr></table></li></ul></div></text><url value="https://kip.sundk.dk/fhir/ValueSet/Gender"/><version value="0.0.9"/><name value="Gender"/><title value="Køn"/><status value="active"/><experimental value="true"/><date value="2022-08-11T00:00:00+02:00"/><publisher value="Sundhedsvæsnets Kvalistetsinstitut with Trifork Public A/S"/><contact><name value="Sundhedsvæsnets Kvalistetsinstitut with Trifork Public A/S"/><telecom><system value="url"/><value value="https://trifork.com"/></telecom><telecom><system value="email"/><value value="rbk@trifork.com"/></telecom></contact><description value="Fhir køn system"/><compose><include><system value="http://terminology.hl7.org/CodeSystem/v3-AdministrativeGender"/><concept><code value="F"/><display value="Kvinde"/></concept><concept><code value="M"/><display value="Mand"/></concept></include></compose></ValueSet>