<?xml version="1.0" encoding="UTF-8"?><ValueSet xmlns="http://hl7.org/fhir"><id value="AnurismeStoerrelseSAH"/><text><status value="extensions"/><div xmlns="http://www.w3.org/1999/xhtml"><p class="res-header-id"><b>Generated Narrative: ValueSet AnurismeStoerrelseSAH</b></p><a name="AnurismeStoerrelseSAH"> </a><a name="hcAnurismeStoerrelseSAH"> </a><a name="AnurismeStoerrelseSAH-en-US"> </a><ul><li>Include these codes as defined in <a href="CodeSystem-AneurysmSizeScale.html"><code>https://kip.sundk.dk/fhir/CodeSystem/AneurysmSizeScale</code></a><table class="none"><tr><td style="white-space:nowrap"><b>Code</b></td><td><b>Display</b></td><td><b>Definition</b></td></tr><tr><td><a href="CodeSystem-AneurysmSizeScale.html#AneurysmSizeScale-gt25">gt25</a></td><td>&gt;25 mm</td><td>&gt;25 mm</td></tr><tr><td><a href="CodeSystem-AneurysmSizeScale.html#AneurysmSizeScale-ge12le25">ge12le25</a></td><td>12 mm - 25 mm</td><td>&gt;=12 mm, =&lt;25 mm</td></tr><tr><td><a href="CodeSystem-AneurysmSizeScale.html#AneurysmSizeScale-ge7lt12">ge7lt12</a></td><td>7 mm - 12 mm</td><td>&gt;=7 mm, &lt;12 mm</td></tr><tr><td><a href="CodeSystem-AneurysmSizeScale.html#AneurysmSizeScale-lt7">lt7</a></td><td>&lt;7 mm</td><td>&lt;7 mm</td></tr></table></li></ul></div></text><url value="https://kip.sundk.dk/fhir/ValueSet/AnurismeStoerrelseSAH"/><version value="0.0.9"/><name value="AnurismeStoerrelseSAH"/><title value="Anurisme stoerrelse [SAH]"/><status value="active"/><experimental value="true"/><date value="2022-06-28T00:00:00+02:00"/><publisher value="Sundhedsvæsnets Kvalistetsinstitut with Trifork Public A/S"/><contact><name value="Sundhedsvæsnets Kvalistetsinstitut with Trifork Public A/S"/><telecom><system value="url"/><value value="https://trifork.com"/></telecom><telecom><system value="email"/><value value="rbk@trifork.com"/></telecom></contact><description value="Anurisme stoerrelse [SAH]"/><compose><include><system value="https://kip.sundk.dk/fhir/CodeSystem/AneurysmSizeScale"/><concept><code value="gt25"/><display value="&gt;25 mm"/></concept><concept><code value="ge12le25"/><display value="12 mm - 25 mm"/></concept><concept><code value="ge7lt12"/><display value="7 mm - 12 mm"/></concept><concept><code value="lt7"/><display value="&lt;7 mm"/></concept></include></compose></ValueSet>