<?xml version="1.0" encoding="UTF-8"?><ValueSet xmlns="http://hl7.org/fhir"><id value="DomAendringPauseringRETSPSYK"/><text><status value="extensions"/><div xmlns="http://www.w3.org/1999/xhtml"><p class="res-header-id"><b>Generated Narrative: ValueSet DomAendringPauseringRETSPSYK</b></p><a name="DomAendringPauseringRETSPSYK"> </a><a name="hcDomAendringPauseringRETSPSYK"> </a><a name="DomAendringPauseringRETSPSYK-en-US"> </a><ul><li>Include these codes as defined in <a href="CodeSystem-Verdict.html"><code>https://kip.sundk.dk/fhir/CodeSystem/Verdict</code></a><table class="none"><tr><td style="white-space:nowrap"><b>Code</b></td><td><b>Display</b></td><td><b>Definition</b></td></tr><tr><td><a href="CodeSystem-Verdict.html#Verdict-change">change</a></td><td>Ændring af dom</td><td>Change of verdict / Ændring af dom</td></tr><tr><td><a href="CodeSystem-Verdict.html#Verdict-pause">pause</a></td><td>Pausering af dom</td><td>Pause of verdict / Pausering af dom</td></tr></table></li></ul></div></text><url value="https://kip.sundk.dk/fhir/ValueSet/DomAendringPauseringRETSPSYK"/><version value="0.0.9"/><name value="DomAendringPauseringRETSPSYK"/><title value="Dom - Ændring/pausering (RETSPSYK)"/><status value="active"/><experimental value="true"/><date value="2022-10-03T00:00:00+02:00"/><publisher value="Sundhedsvæsnets Kvalistetsinstitut with Trifork Public A/S"/><contact><name value="Sundhedsvæsnets Kvalistetsinstitut with Trifork Public A/S"/><telecom><system value="url"/><value value="https://trifork.com"/></telecom><telecom><system value="email"/><value value="rbk@trifork.com"/></telecom></contact><description value="Dom - Ændring/pausering (RETSPSYK)"/><compose><include><system value="https://kip.sundk.dk/fhir/CodeSystem/Verdict"/><concept><code value="change"/><display value="Ændring af dom"/></concept><concept><code value="pause"/><display value="Pausering af dom"/></concept></include></compose></ValueSet>