<?xml version="1.0" encoding="UTF-8"?><ValueSet xmlns="http://hl7.org/fhir"><id value="ATCAntibiotikaprofylakseVarighedDKR"/><text><status value="extensions"/><div xmlns="http://www.w3.org/1999/xhtml"><p class="res-header-id"><b>Generated Narrative: ValueSet ATCAntibiotikaprofylakseVarighedDKR</b></p><a name="ATCAntibiotikaprofylakseVarighedDKR"> </a><a name="hcATCAntibiotikaprofylakseVarighedDKR"> </a><a name="ATCAntibiotikaprofylakseVarighedDKR-en-US"> </a><ul><li>Include these codes as defined in <a href="CodeSystem-Intervals.html"><code>https://kip.sundk.dk/fhir/CodeSystem/Intervals</code></a><table class="none"><tr><td style="white-space:nowrap"><b>Code</b></td><td><b>Display</b></td><td><b>Definition</b></td></tr><tr><td><a href="CodeSystem-Intervals.html#Intervals-.61.601">=&lt;1</a></td><td>1 døgn</td><td>=&lt;1</td></tr><tr><td><a href="CodeSystem-Intervals.html#Intervals-.621">&gt;1</a></td><td>Mere end 1 døgn</td><td>&gt;1</td></tr></table></li></ul></div></text><url value="https://kip.sundk.dk/fhir/ValueSet/ATCAntibiotikaprofylakseVarighedDKR"/><version value="0.0.9"/><name value="ATCAntibiotikaprofylakseVarighedDKR"/><title value="ATC - Antibiotikaprofylakse, varighed (DKR)"/><status value="active"/><experimental value="true"/><date value="2022-10-14T00:00:00+02:00"/><publisher value="Sundhedsvæsnets Kvalistetsinstitut with Trifork Public A/S"/><contact><name value="Sundhedsvæsnets Kvalistetsinstitut with Trifork Public A/S"/><telecom><system value="url"/><value value="https://trifork.com"/></telecom><telecom><system value="email"/><value value="rbk@trifork.com"/></telecom></contact><description value="ATC - Antibiotikaprofylakse, varighed (DKR)"/><compose><include><system value="https://kip.sundk.dk/fhir/CodeSystem/Intervals"/><concept><code value="=&lt;1"/><display value="1 døgn"/></concept><concept><code value="&gt;1"/><display value="Mere end 1 døgn"/></concept></include></compose></ValueSet>