<?xml version="1.0" encoding="UTF-8"?><ValueSet xmlns="http://hl7.org/fhir"><id value="BlodfortyndendeMedicin"/><text><status value="extensions"/><div xmlns="http://www.w3.org/1999/xhtml"><p class="res-header-id"><b>Generated Narrative: ValueSet BlodfortyndendeMedicin</b></p><a name="BlodfortyndendeMedicin"> </a><a name="hcBlodfortyndendeMedicin"> </a><a name="BlodfortyndendeMedicin-en-US"> </a><ul><li>Include these codes as defined in <a href="CodeSystem-BloodThinnersTreatment.html"><code>https://kip.sundk.dk/fhir/CodeSystem/BloodThinnersTreatment</code></a><table class="none"><tr><td style="white-space:nowrap"><b>Code</b></td><td><b>Display</b></td><td><b>Definition</b></td></tr><tr><td><a href="CodeSystem-BloodThinnersTreatment.html#BloodThinnersTreatment-anticoagulant">anticoagulant</a></td><td>AK behandling</td><td>Anticoagulant treatment</td></tr><tr><td><a href="CodeSystem-BloodThinnersTreatment.html#BloodThinnersTreatment-antiplatelet">antiplatelet</a></td><td>Trombocythæmmende behandling</td><td>Antiplatelet treatment</td></tr></table></li></ul></div></text><url value="https://kip.sundk.dk/fhir/ValueSet/BlodfortyndendeMedicin"/><version value="0.0.9"/><name value="BlodfortyndendeMedicin"/><title value="Blodfortyndende medicin - Aktuelt brug"/><status value="active"/><experimental value="true"/><date value="2022-06-28T00:00:00+02:00"/><publisher value="Sundhedsvæsnets Kvalistetsinstitut with Trifork Public A/S"/><contact><name value="Sundhedsvæsnets Kvalistetsinstitut with Trifork Public A/S"/><telecom><system value="url"/><value value="https://trifork.com"/></telecom><telecom><system value="email"/><value value="rbk@trifork.com"/></telecom></contact><description value="Blodfortyndende medicin - Aktuelt brug"/><compose><include><system value="https://kip.sundk.dk/fhir/CodeSystem/BloodThinnersTreatment"/><concept><code value="anticoagulant"/><display value="AK behandling"/></concept><concept><code value="antiplatelet"/><display value="Trombocythæmmende behandling"/></concept></include></compose></ValueSet>