<?xml version="1.0" encoding="UTF-8"?><ValueSet xmlns="http://hl7.org/fhir"><id value="DVTProfylakseDosisDKRR"/><text><status value="extensions"/><div xmlns="http://www.w3.org/1999/xhtml"><p class="res-header-id"><b>Generated Narrative: ValueSet DVTProfylakseDosisDKRR</b></p><a name="DVTProfylakseDosisDKRR"> </a><a name="hcDVTProfylakseDosisDKRR"> </a><a name="DVTProfylakseDosisDKRR-en-US"> </a><p>This value set includes codes based on the following rules:</p><ul><li>Include these codes as defined in <a href="CodeSystem-GenericValues.html"><code>https://kip.sundk.dk/fhir/CodeSystem/GenericValues</code></a><table class="none"><tr><td style="white-space:nowrap"><b>Code</b></td><td><b>Display</b></td><td><b>Definition</b></td></tr><tr><td><a href="CodeSystem-GenericValues.html#GenericValues-single_dose">single_dose</a></td><td>Engangsdosis</td><td>Single dose / Engangsdosis</td></tr></table></li><li>Include these codes as defined in <a href="CodeSystem-Intervals.html"><code>https://kip.sundk.dk/fhir/CodeSystem/Intervals</code></a><table class="none"><tr><td style="white-space:nowrap"><b>Code</b></td><td><b>Display</b></td><td><b>Definition</b></td></tr><tr><td><a href="CodeSystem-Intervals.html#Intervals-.608">&lt;8</a></td><td>&lt;8 dage</td><td>&lt;8</td></tr><tr><td><a href="CodeSystem-Intervals.html#Intervals-.61.628">=&gt;8</a></td><td>=&gt;8 dage</td><td>=&gt;8</td></tr></table></li></ul></div></text><url value="https://kip.sundk.dk/fhir/ValueSet/DVTProfylakseDosisDKRR"/><version value="0.0.9"/><name value="DVTProfylakseDosisDKRR"/><title value="DVT profylakse, dosis (DKRR)"/><status value="active"/><experimental value="true"/><date value="2022-09-19T00:00:00+02:00"/><publisher value="Sundhedsvæsnets Kvalistetsinstitut with Trifork Public A/S"/><contact><name value="Sundhedsvæsnets Kvalistetsinstitut with Trifork Public A/S"/><telecom><system value="url"/><value value="https://trifork.com"/></telecom><telecom><system value="email"/><value value="rbk@trifork.com"/></telecom></contact><description value="DVT profylakse, dosis (DKRR)"/><compose><include><system value="https://kip.sundk.dk/fhir/CodeSystem/GenericValues"/><concept><code value="single_dose"/><display value="Engangsdosis"/></concept></include><include><system value="https://kip.sundk.dk/fhir/CodeSystem/Intervals"/><concept><code value="&lt;8"/><display value="&lt;8 dage"/></concept><concept><code value="=&gt;8"/><display value="=&gt;8 dage"/></concept></include></compose></ValueSet>