<?xml version="1.0" encoding="UTF-8"?><ValueSet xmlns="http://hl7.org/fhir"><id value="SSSTale"/><text><status value="extensions"/><div xmlns="http://www.w3.org/1999/xhtml"><p class="res-header-id"><b>Generated Narrative: ValueSet SSSTale</b></p><a name="SSSTale"> </a><a name="hcSSSTale"> </a><a name="SSSTale-en-US"> </a><ul><li>Include these codes as defined in <a href="CodeSystem-SSSSpeech.html"><code>https://kip.sundk.dk/fhir/CodeSystem/SSSSpeech</code></a><table class="none"><tr><td style="white-space:nowrap"><b>Code</b></td><td><b>Display</b></td><td><b>Definition</b></td></tr><tr><td><a href="CodeSystem-SSSSpeech.html#SSSSpeech-10">10</a></td><td>10: ingen afasi</td><td>Ingen afasi.</td></tr><tr><td><a href="CodeSystem-SSSSpeech.html#SSSSpeech-6">6</a></td><td>6: begrænset ordforråd / usammenhængende tale</td><td>Begrænset ordforråd, usammenhængende tale.</td></tr><tr><td><a href="CodeSystem-SSSSpeech.html#SSSSpeech-3">3</a></td><td>3: mere end ja og nej, men korte sætninger</td><td>Mere end ja og nej, men højst korte sætninger.</td></tr><tr><td><a href="CodeSystem-SSSSpeech.html#SSSSpeech-0">0</a></td><td>0: højst ja eller nej</td><td>Kun ja og nej eller dårligere.</td></tr></table></li></ul></div></text><url value="https://kip.sundk.dk/fhir/ValueSet/SSSTale"/><version value="0.0.9"/><name value="SSSTale"/><title value="Scandinavian Stroke Scale - Tale"/><status value="active"/><experimental value="true"/><date value="2022-06-23T00:00:00+02:00"/><publisher value="Sundhedsvæsnets Kvalistetsinstitut with Trifork Public A/S"/><contact><name value="Sundhedsvæsnets Kvalistetsinstitut with Trifork Public A/S"/><telecom><system value="url"/><value value="https://trifork.com"/></telecom><telecom><system value="email"/><value value="rbk@trifork.com"/></telecom></contact><description value="Scandinavian Stroke Scale - Tale"/><compose><include><system value="https://kip.sundk.dk/fhir/CodeSystem/SSSSpeech"/><concept><code value="10"/><display value="10: ingen afasi"/></concept><concept><code value="6"/><display value="6: begrænset ordforråd / usammenhængende tale"/></concept><concept><code value="3"/><display value="3: mere end ja og nej, men korte sætninger"/></concept><concept><code value="0"/><display value="0: højst ja eller nej"/></concept></include></compose></ValueSet>