<?xml version="1.0" encoding="UTF-8"?><ValueSet xmlns="http://hl7.org/fhir"><id value="ProcedureUdfoertK1DCCG"/><text><status value="extensions"/><div xmlns="http://www.w3.org/1999/xhtml"><p class="res-header-id"><b>Generated Narrative: ValueSet ProcedureUdfoertK1DCCG</b></p><a name="ProcedureUdfoertK1DCCG"> </a><a name="hcProcedureUdfoertK1DCCG"> </a><a name="ProcedureUdfoertK1DCCG-en-US"> </a><p>This value set includes codes based on the following rules:</p><ul><li>Include these codes as defined in <a href="CodeSystem-SKS.html"><code>https://kip.sundk.dk/fhir/CodeSystem/SKS</code></a><table class="none"><tr><td style="white-space:nowrap"><b>Code</b></td><td><b>Display</b></td><td><b>Definition</b></td></tr><tr><td><a href="CodeSystem-SKS.html#SKS-KJFB20">KJFB20</a></td><td>Ileocækal resektion - KJFB20</td><td>KJFB20 - Ileocækal resektion</td></tr><tr><td><a href="CodeSystem-SKS.html#SKS-KJFB30">KJFB30</a></td><td>Højresidig hemikolektomi - KJFB30</td><td>KJFB30 - Højresidig hemikolektomi</td></tr><tr><td><a href="CodeSystem-SKS.html#SKS-KJFB30A">KJFB30A</a></td><td>Udvidet højresidig hemikolektomi - KJFB30A</td><td>KJFB30A - Udvidet højresidig hemikolektomi</td></tr><tr><td><a href="CodeSystem-SKS.html#SKS-KJFB40">KJFB40</a></td><td>Resektion af colon transversum - KJFB40</td><td>KJFB40 - Resektion af colon transversum</td></tr><tr><td><a href="CodeSystem-SKS.html#SKS-KJFB53">KJFB53</a></td><td>Resektion af venstre fleksur - KJFB53</td><td>KJFB53 - Resektion af venstre fleksur</td></tr><tr><td><a href="CodeSystem-SKS.html#SKS-KJFB43">KJFB43</a></td><td>Venstresidig hemikolektomi - KJFB43</td><td>KJFB43 - Venstresidig hemikolektomi</td></tr><tr><td><a href="CodeSystem-SKS.html#SKS-KJFB46">KJFB46</a></td><td>Resektion af colon sigmoideum - KJFB46</td><td>KJFB46 - Resektion af colon sigmoideum</td></tr><tr><td><a href="CodeSystem-SKS.html#SKS-KJFB60">KJFB60</a></td><td>Resektion af colon sigmoideum med kolostomi - KJFB60</td><td>KJFB60 - Resektion af colon sigmoideum med kolostomi</td></tr><tr><td><a href="CodeSystem-SKS.html#SKS-KJFB34">KJFB34</a></td><td>Anden laparoskopisk samtidig resektion af tyndtarm og tyktarm - KJFB34</td><td>KJFB34 - Anden laparoskopisk samtidig resektion af tyndtarm og tyktarm</td></tr><tr><td><a href="CodeSystem-SKS.html#SKS-KJFB50">KJFB50</a></td><td>Anden colonresektion - KJFB50</td><td>KJFB50 - Anden colonresektion</td></tr><tr><td><a href="CodeSystem-SKS.html#SKS-KJFB63">KJFB63</a></td><td>Anden tyktarmsresektion med kolostomi og distal lukning - KJFB63</td><td>KJFB63 - Anden tyktarmsresektion med kolostomi og distal lukning</td></tr><tr><td><a href="CodeSystem-SKS.html#SKS-KJFH00">KJFH00</a></td><td>Kolektomi og ileorektostomi - KJFH00</td><td>KJFH00 - Kolektomi og ileorektostomi</td></tr><tr><td><a href="CodeSystem-SKS.html#SKS-KJFH10">KJFH10</a></td><td>Kolektomi og ileostomi - KJFH10</td><td>KJFH10 - Kolektomi og ileostomi</td></tr><tr><td><a href="CodeSystem-SKS.html#SKS-KJGB00">KJGB00</a></td><td>Resektion af endetarm - KJGB00</td><td>KJGB00 - Resektion af endetarm</td></tr><tr><td><a href="CodeSystem-SKS.html#SKS-KJGB10">KJGB10</a></td><td>Resektion af endetarm med kolostomi - KJGB10</td><td>KJGB10 - Resektion af endetarm med kolostomi</td></tr><tr><td><a href="CodeSystem-SKS.html#SKS-KJFH20">KJFH20</a></td><td>Proktokolektomi og ileostomi - KJFH20</td><td>KJFH20 - Proktokolektomi og ileostomi</td></tr></table></li><li>Include these codes as defined in <a href="CodeSystem-ProcedureType.html"><code>https://kip.sundk.dk/fhir/CodeSystem/ProcedureType</code></a><table class="none"><tr><td style="white-space:nowrap"><b>Code</b></td><td><b>Display</b></td><td><b>Definition</b></td></tr><tr><td><a href="CodeSystem-ProcedureType.html#ProcedureType-proctocolectomy_pouch">proctocolectomy_pouch</a></td><td>Proktokolektomi med ileoanal pouch</td><td>Proktokolektomi med ileoanal pouch</td></tr><tr><td><a href="CodeSystem-ProcedureType.html#ProcedureType-cels">cels</a></td><td>Kombineret endoskopisk og laparoskopisk procedure (CELS)</td><td>Kombineret endoskopisk og laparoskopisk procedure (CELS)</td></tr></table></li></ul></div></text><url value="https://kip.sundk.dk/fhir/ValueSet/ProcedureUdfoertK1DCCG"/><version value="0.0.9"/><name value="ProcedureUdfoertK1DCCG"/><title value="Udført procedure K1 (DCCG)"/><status value="active"/><experimental value="true"/><date value="2023-03-02T00:00:00+02:00"/><publisher value="Sundhedsvæsnets Kvalistetsinstitut with Trifork Public A/S"/><contact><name value="Sundhedsvæsnets Kvalistetsinstitut with Trifork Public A/S"/><telecom><system value="url"/><value value="https://trifork.com"/></telecom><telecom><system value="email"/><value value="rbk@trifork.com"/></telecom></contact><description value="Udført procedure K1 (DCCG)"/><compose><include><system value="https://kip.sundk.dk/fhir/CodeSystem/SKS"/><concept><code value="KJFB20"/><display value="Ileocækal resektion - KJFB20"/></concept><concept><code value="KJFB30"/><display value="Højresidig hemikolektomi - KJFB30"/></concept><concept><code value="KJFB30A"/><display value="Udvidet højresidig hemikolektomi - KJFB30A"/></concept><concept><code value="KJFB40"/><display value="Resektion af colon transversum - KJFB40"/></concept><concept><code value="KJFB53"/><display value="Resektion af venstre fleksur - KJFB53"/></concept><concept><code value="KJFB43"/><display value="Venstresidig hemikolektomi - KJFB43"/></concept><concept><code value="KJFB46"/><display value="Resektion af colon sigmoideum - KJFB46"/></concept><concept><code value="KJFB60"/><display value="Resektion af colon sigmoideum med kolostomi - KJFB60"/></concept><concept><code value="KJFB34"/><display value="Anden laparoskopisk samtidig resektion af tyndtarm og tyktarm - KJFB34"/></concept><concept><code value="KJFB50"/><display value="Anden colonresektion - KJFB50"/></concept><concept><code value="KJFB63"/><display value="Anden tyktarmsresektion med kolostomi og distal lukning - KJFB63"/></concept><concept><code value="KJFH00"/><display value="Kolektomi og ileorektostomi - KJFH00"/></concept><concept><code value="KJFH10"/><display value="Kolektomi og ileostomi - KJFH10"/></concept><concept><code value="KJGB00"/><display value="Resektion af endetarm - KJGB00"/></concept><concept><code value="KJGB10"/><display value="Resektion af endetarm med kolostomi - KJGB10"/></concept><concept><code value="KJFH20"/><display value="Proktokolektomi og ileostomi - KJFH20"/></concept></include><include><system value="https://kip.sundk.dk/fhir/CodeSystem/ProcedureType"/><concept><code value="proctocolectomy_pouch"/><display value="Proktokolektomi med ileoanal pouch"/></concept><concept><code value="cels"/><display value="Kombineret endoskopisk og laparoskopisk procedure (CELS)"/></concept></include></compose></ValueSet>