<?xml version="1.0" encoding="UTF-8"?><ValueSet xmlns="http://hl7.org/fhir"><id value="LipomHandlingDHDB"/><text><status value="extensions"/><div xmlns="http://www.w3.org/1999/xhtml"><p class="res-header-id"><b>Generated Narrative: ValueSet LipomHandlingDHDB</b></p><a name="LipomHandlingDHDB"> </a><a name="hcLipomHandlingDHDB"> </a><a name="LipomHandlingDHDB-en-US"> </a><ul><li>Include these codes as defined in <a href="CodeSystem-TreatmentType.html"><code>https://kip.sundk.dk/fhir/CodeSystem/TreatmentType</code></a><table class="none"><tr><td style="white-space:nowrap"><b>Code</b></td><td><b>Display</b></td><td><b>Definition</b></td></tr><tr><td><a href="CodeSystem-TreatmentType.html#TreatmentType-retrahere">retrahere</a></td><td>Retraheret</td><td>Retraheret - Tilbagetrækning, skrumpning</td></tr><tr><td><a href="CodeSystem-TreatmentType.html#TreatmentType-exidere">exidere</a></td><td>Exideret</td><td>Exideret - Fjerne</td></tr><tr><td><a href="CodeSystem-TreatmentType.html#TreatmentType-in_situ">in_situ</a></td><td>Efterladt in situ</td><td>Efterladt in situ</td></tr></table></li></ul></div></text><url value="https://kip.sundk.dk/fhir/ValueSet/LipomHandlingDHDB"/><version value="0.0.9"/><name value="LipomHandlingDHDB"/><title value="Håndtering af lipom (DHDB)"/><status value="active"/><experimental value="true"/><date value="2024-09-10T00:00:00+02:00"/><publisher value="Sundhedsvæsnets Kvalistetsinstitut with Trifork Public A/S"/><contact><name value="Sundhedsvæsnets Kvalistetsinstitut with Trifork Public A/S"/><telecom><system value="url"/><value value="https://trifork.com"/></telecom><telecom><system value="email"/><value value="rbk@trifork.com"/></telecom></contact><description value="Håndtering af lipom (DHDB)"/><compose><include><system value="https://kip.sundk.dk/fhir/CodeSystem/TreatmentType"/><concept><code value="retrahere"/><display value="Retraheret"/></concept><concept><code value="exidere"/><display value="Exideret"/></concept><concept><code value="in_situ"/><display value="Efterladt in situ"/></concept></include></compose></ValueSet>