<?xml version="1.0" encoding="UTF-8"?><ValueSet xmlns="http://hl7.org/fhir"><id value="OpkodeUrinInkontinensDUGA"/><text><status value="extensions"/><div xmlns="http://www.w3.org/1999/xhtml"><p class="res-header-id"><b>Generated Narrative: ValueSet OpkodeUrinInkontinensDUGA</b></p><a name="OpkodeUrinInkontinensDUGA"> </a><a name="hcOpkodeUrinInkontinensDUGA"> </a><a name="OpkodeUrinInkontinensDUGA-en-US"> </a><ul><li>Include these codes as defined in <a href="CodeSystem-ProcedureUrogyn.html"><code>https://kip.sundk.dk/fhir/CodeSystem/ProcedureUrogyn</code></a><table class="none"><tr><td style="white-space:nowrap"><b>Code</b></td><td><b>Display</b></td><td><b>Definition</b></td></tr><tr><td><a href="CodeSystem-ProcedureUrogyn.html#ProcedureUrogyn-KKDG00">KKDG00</a></td><td>KKDG00: Retropubisk supension af urinrør</td><td>Retropubisk supension af urinrør</td></tr><tr><td><a href="CodeSystem-ProcedureUrogyn.html#ProcedureUrogyn-KKDG30">KKDG30</a></td><td>KKDG30: Abdominal uretrocystopeksi med slynge</td><td>Abdominal uretrocystopeksi med slynge</td></tr><tr><td><a href="CodeSystem-ProcedureUrogyn.html#ProcedureUrogyn-KKDV22">KKDV22</a></td><td>KKDV22: Uretroskopisk submukøs injektionsbehandling i urinrør</td><td>Uretroskopisk submukøs injektionsbehandling i urinrør</td></tr><tr><td><a href="CodeSystem-ProcedureUrogyn.html#ProcedureUrogyn-KLEG10">KLEG10</a></td><td>KLEG10: Vaginal uretrocystopeksi med slynge</td><td>Vaginal uretrocystopeksi med slynge</td></tr><tr><td><a href="CodeSystem-ProcedureUrogyn.html#ProcedureUrogyn-KLEG10A">KLEG10A</a></td><td>KLEG10A: Vaginal uretrocystopeksi med slynge gennem foramen obturatum</td><td>Vaginal uretrocystopeksi med slynge gennem foramen obturatum</td></tr><tr><td><a href="CodeSystem-ProcedureUrogyn.html#ProcedureUrogyn-KLEE00">KLEE00</a></td><td>KLEE00: Sutur af vagina</td><td>Sutur af vagina</td></tr><tr><td><a href="CodeSystem-ProcedureUrogyn.html#ProcedureUrogyn-KLFE00">KLFE00</a></td><td>KLFE00: Sutur af vulva</td><td>Sutur af vulva</td></tr><tr><td><a href="CodeSystem-ProcedureUrogyn.html#ProcedureUrogyn-KLFE96">KLFE96</a></td><td>KLFE96: Anden rekonstruktion på vulva eller perineum</td><td>Anden rekonstruktion på vulva eller perineum</td></tr><tr><td><a href="CodeSystem-ProcedureUrogyn.html#ProcedureUrogyn-KJHC10">KJHC10</a></td><td>KJHC10: Rekonstruktion af sphincter ani</td><td>Rekonstruktion af sphincter ani</td></tr><tr><td><a href="CodeSystem-ProcedureUrogyn.html#ProcedureUrogyn-KUKC02">KUKC02</a></td><td>KUKC02: Cystoskopi</td><td>Cystoskopi</td></tr><tr><td><a href="CodeSystem-ProcedureUrogyn.html#ProcedureUrogyn-KZXF84A">KZXF84A</a></td><td>KZXF84A: Ikke resorberbar sutur</td><td>Ikke resorberbar sutur</td></tr><tr><td><a href="CodeSystem-ProcedureUrogyn.html#ProcedureUrogyn-KZXF84B">KZXF84B</a></td><td>KZXF84B: Korttidsresorberbar sutur (&lt; 3 uger)</td><td>Korttidsresorberbar sutur (&lt; 3 uger)</td></tr><tr><td><a href="CodeSystem-ProcedureUrogyn.html#ProcedureUrogyn-KZXF84C">KZXF84C</a></td><td>KZXF84C: Forsinket resorberbar sutur</td><td>Forsinket resorberbar sutur</td></tr><tr><td><a href="CodeSystem-ProcedureUrogyn.html#ProcedureUrogyn-KZXX00">KZXX00</a></td><td>KZXX00: Anvendelse af robot</td><td>Anvendelse af robot</td></tr></table></li></ul></div></text><url value="https://kip.sundk.dk/fhir/ValueSet/OpkodeUrinInkontinensDUGA"/><version value="0.0.9"/><name value="OpkodeUrinInkontinensDUGA"/><title value="Operationskode - Urin-inkontinens (DUGA)"/><status value="active"/><experimental value="true"/><date value="2024-02-14T00:00:00+02:00"/><publisher value="Sundhedsvæsnets Kvalistetsinstitut with Trifork Public A/S"/><contact><name value="Sundhedsvæsnets Kvalistetsinstitut with Trifork Public A/S"/><telecom><system value="url"/><value value="https://trifork.com"/></telecom><telecom><system value="email"/><value value="rbk@trifork.com"/></telecom></contact><description value="Operationskode - Urin-inkontinens (DUGA)"/><compose><include><system value="https://kip.sundk.dk/fhir/CodeSystem/ProcedureUrogyn"/><concept><code value="KKDG00"/><display value="KKDG00: Retropubisk supension af urinrør"/></concept><concept><code value="KKDG30"/><display value="KKDG30: Abdominal uretrocystopeksi med slynge"/></concept><concept><code value="KKDV22"/><display value="KKDV22: Uretroskopisk submukøs injektionsbehandling i urinrør"/></concept><concept><code value="KLEG10"/><display value="KLEG10: Vaginal uretrocystopeksi med slynge"/></concept><concept><code value="KLEG10A"/><display value="KLEG10A: Vaginal uretrocystopeksi med slynge gennem foramen obturatum"/></concept><concept><code value="KLEE00"/><display value="KLEE00: Sutur af vagina"/></concept><concept><code value="KLFE00"/><display value="KLFE00: Sutur af vulva"/></concept><concept><code value="KLFE96"/><display value="KLFE96: Anden rekonstruktion på vulva eller perineum"/></concept><concept><code value="KJHC10"/><display value="KJHC10: Rekonstruktion af sphincter ani"/></concept><concept><code value="KUKC02"/><display value="KUKC02: Cystoskopi"/></concept><concept><code value="KZXF84A"/><display value="KZXF84A: Ikke resorberbar sutur"/></concept><concept><code value="KZXF84B"/><display value="KZXF84B: Korttidsresorberbar sutur (&lt; 3 uger)"/></concept><concept><code value="KZXF84C"/><display value="KZXF84C: Forsinket resorberbar sutur"/></concept><concept><code value="KZXX00"/><display value="KZXX00: Anvendelse af robot"/></concept></include></compose></ValueSet>