<?xml version="1.0" encoding="UTF-8"?><ValueSet xmlns="http://hl7.org/fhir"><id value="LeftRight"/><text><status value="extensions"/><div xmlns="http://www.w3.org/1999/xhtml"><p class="res-header-id"><b>Generated Narrative: ValueSet LeftRight</b></p><a name="LeftRight"> </a><a name="hcLeftRight"> </a><a name="LeftRight-en-US"> </a><ul><li>Include these codes as defined in <a href="http://terminology.hl7.org/3.1.0/CodeSystem-v2-0894.html"><code>http://terminology.hl7.org/CodeSystem/v2-0894</code></a><table class="none"><tr><td style="white-space:nowrap"><b>Code</b></td><td><b>Display</b></td><td><b>Definition</b></td></tr><tr><td><a href="http://terminology.hl7.org/3.1.0/CodeSystem-v2-0894.html#v2-0894-L">L</a></td><td>Venstre</td><td>Left</td></tr><tr><td><a href="http://terminology.hl7.org/3.1.0/CodeSystem-v2-0894.html#v2-0894-R">R</a></td><td>Højre</td><td>Right</td></tr></table></li></ul></div></text><url value="https://kip.sundk.dk/fhir/ValueSet/LeftRight"/><version value="0.0.9"/><name value="LeftRight"/><title value="Left or right"/><status value="active"/><experimental value="true"/><date value="2022-07-12T00:00:00+02:00"/><publisher value="Sundhedsvæsnets Kvalistetsinstitut with Trifork Public A/S"/><contact><name value="Sundhedsvæsnets Kvalistetsinstitut with Trifork Public A/S"/><telecom><system value="url"/><value value="https://trifork.com"/></telecom><telecom><system value="email"/><value value="rbk@trifork.com"/></telecom></contact><description value="Left or right position"/><compose><include><system value="http://terminology.hl7.org/CodeSystem/v2-0894"/><concept><code value="L"/><display value="Venstre"/></concept><concept><code value="R"/><display value="Højre"/></concept></include></compose></ValueSet>