<?xml version="1.0" encoding="UTF-8"?><ValueSet xmlns="http://hl7.org/fhir"><id value="CytogeneticResult202410"/><text><status value="extensions"/><div xmlns="http://www.w3.org/1999/xhtml"><p class="res-header-id"><b>Generated Narrative: ValueSet CytogeneticResult202410</b></p><a name="CytogeneticResult202410"> </a><a name="hcCytogeneticResult202410"> </a><a name="CytogeneticResult202410-en-US"> </a><p>This value set includes codes based on the following rules:</p><ul><li>Include these codes as defined in <a href="CodeSystem-GenericValues.html"><code>https://kip.sundk.dk/fhir/CodeSystem/GenericValues</code></a><table class="none"><tr><td style="white-space:nowrap"><b>Code</b></td><td><b>Display</b></td><td><b>Definition</b></td></tr><tr><td><a href="CodeSystem-GenericValues.html#GenericValues-normal">normal</a></td><td>Normal undersøgelse</td><td>Normal</td></tr><tr><td><a href="CodeSystem-GenericValues.html#GenericValues-abnormal">abnormal</a></td><td>Andre abnorme molekylærbiologiske fund</td><td>Abnormal / Unormal</td></tr></table></li><li>Include these codes as defined in <a href="CodeSystem-CytogeneticExamination.html"><code>https://kip.sundk.dk/fhir/CodeSystem/CytogeneticExamination</code></a><table class="none"><tr><td style="white-space:nowrap"><b>Code</b></td><td><b>Display</b></td><td><b>Definition</b></td></tr><tr><td><a href="CodeSystem-CytogeneticExamination.html#CytogeneticExamination-jak2_v617f">jak2_v617f</a></td><td>JAK-2 muteret allebyrde (%)</td><td>JAK2 V617F</td></tr><tr><td><a href="CodeSystem-CytogeneticExamination.html#CytogeneticExamination-mpl">mpl</a></td><td>MPL muteret allebyrde (%)</td><td>MPL</td></tr><tr><td><a href="CodeSystem-CytogeneticExamination.html#CytogeneticExamination-jak2_exon12">jak2_exon12</a></td><td>JAK2 Exon12</td><td>JAK2 Exon12</td></tr><tr><td><a href="CodeSystem-CytogeneticExamination.html#CytogeneticExamination-cal-r">cal-r</a></td><td>CAL-R muteret allebyrde (%)</td><td>CAL-R</td></tr><tr><td><a href="CodeSystem-CytogeneticExamination.html#CytogeneticExamination-asxl1">asxl1</a></td><td>ASXL1</td><td>ASXL1</td></tr></table></li></ul></div></text><url value="https://kip.sundk.dk/fhir/ValueSet/CytogeneticResult202410"/><version value="0.0.9"/><name value="CytogeneticResult202410"/><title value="Cytogenetic resultater 202410"/><status value="active"/><experimental value="true"/><date value="2024-10-02T00:00:00+02:00"/><publisher value="Sundhedsvæsnets Kvalistetsinstitut with Trifork Public A/S"/><contact><name value="Sundhedsvæsnets Kvalistetsinstitut with Trifork Public A/S"/><telecom><system value="url"/><value value="https://trifork.com"/></telecom><telecom><system value="email"/><value value="rbk@trifork.com"/></telecom></contact><description value="Cytogenetiske positive fund - DMPN. Valueset erstatter tidligere pr. Okt. 2024"/><compose><include><system value="https://kip.sundk.dk/fhir/CodeSystem/GenericValues"/><concept><code value="normal"/><display value="Normal undersøgelse"/></concept><concept><code value="abnormal"/><display value="Andre abnorme molekylærbiologiske fund"/></concept></include><include><system value="https://kip.sundk.dk/fhir/CodeSystem/CytogeneticExamination"/><concept><code value="jak2_v617f"/><display value="JAK-2 muteret allebyrde (%)"/></concept><concept><code value="mpl"/><display value="MPL muteret allebyrde (%)"/></concept><concept><code value="jak2_exon12"/><display value="JAK2 Exon12"/></concept><concept><code value="cal-r"/><display value="CAL-R muteret allebyrde (%)"/></concept><concept><code value="asxl1"/><display value="ASXL1"/></concept></include></compose></ValueSet>