<?xml version="1.0" encoding="UTF-8"?><ValueSet xmlns="http://hl7.org/fhir"><id value="KomponentTypeHullerUdenhullerDHR"/><text><status value="extensions"/><div xmlns="http://www.w3.org/1999/xhtml"><p class="res-header-id"><b>Generated Narrative: ValueSet KomponentTypeHullerUdenhullerDHR</b></p><a name="KomponentTypeHullerUdenhullerDHR"> </a><a name="hcKomponentTypeHullerUdenhullerDHR"> </a><a name="KomponentTypeHullerUdenhullerDHR-en-US"> </a><ul><li>Include these codes as defined in <a href="CodeSystem-ImplantComponents.html"><code>https://kip.sundk.dk/fhir/CodeSystem/ImplantComponents</code></a><table class="none"><tr><td style="white-space:nowrap"><b>Code</b></td><td><b>Display</b></td><td><b>Definition</b></td></tr><tr><td><a href="CodeSystem-ImplantComponents.html#ImplantComponents-with_holes">with_holes</a></td><td>Med huller</td><td>With holes / Med huller</td></tr><tr><td><a href="CodeSystem-ImplantComponents.html#ImplantComponents-without_holes">without_holes</a></td><td>Uden huller</td><td>Without holes / Uden huller</td></tr></table></li></ul></div></text><url value="https://kip.sundk.dk/fhir/ValueSet/KomponentTypeHullerUdenhullerDHR"/><version value="0.0.9"/><name value="KomponentTypeHullerUdenhullerDHR"/><title value="Komponent type - Huller/Uden huller (DHR)"/><status value="active"/><experimental value="true"/><date value="2022-11-07T00:00:00+02:00"/><publisher value="Sundhedsvæsnets Kvalistetsinstitut with Trifork Public A/S"/><contact><name value="Sundhedsvæsnets Kvalistetsinstitut with Trifork Public A/S"/><telecom><system value="url"/><value value="https://trifork.com"/></telecom><telecom><system value="email"/><value value="rbk@trifork.com"/></telecom></contact><description value="Komponent type - Huller/Uden huller (DHR)"/><compose><include><system value="https://kip.sundk.dk/fhir/CodeSystem/ImplantComponents"/><concept><code value="with_holes"/><display value="Med huller"/></concept><concept><code value="without_holes"/><display value="Uden huller"/></concept></include></compose></ValueSet>