<?xml version="1.0" encoding="UTF-8"?><ValueSet xmlns="http://hl7.org/fhir"><id value="ArtritisDSR"/><text><status value="extensions"/><div xmlns="http://www.w3.org/1999/xhtml"><p class="res-header-id"><b>Generated Narrative: ValueSet ArtritisDSR</b></p><a name="ArtritisDSR"> </a><a name="hcArtritisDSR"> </a><a name="ArtritisDSR-en-US"> </a><p>This value set includes codes based on the following rules:</p><ul><li>Include these codes as defined in <a href="CodeSystem-BasicDisorder.html"><code>https://kip.sundk.dk/fhir/CodeSystem/BasicDisorder</code></a><table class="none"><tr><td style="white-space:nowrap"><b>Code</b></td><td><b>Display</b></td><td><b>Definition</b></td></tr><tr><td><a href="CodeSystem-BasicDisorder.html#BasicDisorder-rheumatoid">rheumatoid</a></td><td>Reumatoid</td><td>Reumatoid artrit</td></tr></table></li><li>Include these codes as defined in <a href="CodeSystem-GenericValues.html"><code>https://kip.sundk.dk/fhir/CodeSystem/GenericValues</code></a><table class="none"><tr><td style="white-space:nowrap"><b>Code</b></td><td><b>Display</b></td><td><b>Definition</b></td></tr><tr><td><a href="CodeSystem-GenericValues.html#GenericValues-other">other</a></td><td>Anden arthritis</td><td>Other - used to choose unspecific value not in a valueset</td></tr></table></li></ul></div></text><url value="https://kip.sundk.dk/fhir/ValueSet/ArtritisDSR"/><version value="0.0.9"/><name value="ArtritisDSR"/><title value="Artritis (DSR)"/><status value="active"/><experimental value="true"/><date value="2022-10-05T00:00:00+02:00"/><publisher value="Sundhedsvæsnets Kvalistetsinstitut with Trifork Public A/S"/><contact><name value="Sundhedsvæsnets Kvalistetsinstitut with Trifork Public A/S"/><telecom><system value="url"/><value value="https://trifork.com"/></telecom><telecom><system value="email"/><value value="rbk@trifork.com"/></telecom></contact><description value="Artritis (DSR)"/><compose><include><system value="https://kip.sundk.dk/fhir/CodeSystem/BasicDisorder"/><concept><code value="rheumatoid"/><display value="Reumatoid"/></concept></include><include><system value="https://kip.sundk.dk/fhir/CodeSystem/GenericValues"/><concept><code value="other"/><display value="Anden arthritis"/></concept></include></compose></ValueSet>