<?xml version="1.0" encoding="UTF-8"?><ValueSet xmlns="http://hl7.org/fhir"><id value="ImagingAngio"/><text><status value="extensions"/><div xmlns="http://www.w3.org/1999/xhtml"><p class="res-header-id"><b>Generated Narrative: ValueSet ImagingAngio</b></p><a name="ImagingAngio"> </a><a name="hcImagingAngio"> </a><a name="ImagingAngio-en-US"> </a><ul><li>Include these codes as defined in <a href="CodeSystem-MedicalScanningTypes.html"><code>https://kip.sundk.dk/fhir/CodeSystem/MedicalScanningTypes</code></a><table class="none"><tr><td style="white-space:nowrap"><b>Code</b></td><td><b>Display</b></td><td><b>Definition</b></td></tr><tr><td><a href="CodeSystem-MedicalScanningTypes.html#MedicalScanningTypes-ct_angio">ct_angio</a></td><td>CT angio</td><td>CT angio</td></tr><tr><td><a href="CodeSystem-MedicalScanningTypes.html#MedicalScanningTypes-mri_angio">mri_angio</a></td><td>MR angio</td><td>MR angio</td></tr></table></li></ul></div></text><url value="https://kip.sundk.dk/fhir/ValueSet/ImagingAngio"/><version value="0.0.9"/><name value="ImagingAngio"/><title value="Imaging Angio"/><status value="active"/><experimental value="true"/><date value="2024-04-29T00:00:00+02:00"/><publisher value="Sundhedsvæsnets Kvalistetsinstitut with Trifork Public A/S"/><contact><name value="Sundhedsvæsnets Kvalistetsinstitut with Trifork Public A/S"/><telecom><system value="url"/><value value="https://trifork.com"/></telecom><telecom><system value="email"/><value value="rbk@trifork.com"/></telecom></contact><description value="Imaging Angio"/><compose><include><system value="https://kip.sundk.dk/fhir/CodeSystem/MedicalScanningTypes"/><concept><code value="ct_angio"/><display value="CT angio"/></concept><concept><code value="mri_angio"/><display value="MR angio"/></concept></include></compose></ValueSet>