<?xml version="1.0" encoding="UTF-8"?><ValueSet xmlns="http://hl7.org/fhir"><id value="JaNejUvistIkkeudfoert"/><text><status value="extensions"/><div xmlns="http://www.w3.org/1999/xhtml"><p class="res-header-id"><b>Generated Narrative: ValueSet JaNejUvistIkkeudfoert</b></p><a name="JaNejUvistIkkeudfoert"> </a><a name="hcJaNejUvistIkkeudfoert"> </a><a name="JaNejUvistIkkeudfoert-en-US"> </a><p>This value set includes codes based on the following rules:</p><ul><li>Include these codes as defined in <a href="http://terminology.hl7.org/3.1.0/CodeSystem-v2-0532.html"><code>http://terminology.hl7.org/CodeSystem/v2-0532</code></a><table class="none"><tr><td style="white-space:nowrap"><b>Code</b></td><td><b>Display</b></td><td><b>Definition</b></td></tr><tr><td><a href="http://terminology.hl7.org/3.1.0/CodeSystem-v2-0532.html#v2-0532-Y">Y</a></td><td>Ja</td><td>Yes</td></tr><tr><td><a href="http://terminology.hl7.org/3.1.0/CodeSystem-v2-0532.html#v2-0532-N">N</a></td><td>Nej</td><td>No</td></tr><tr><td><a href="http://terminology.hl7.org/3.1.0/CodeSystem-v2-0532.html#v2-0532-ASKU">ASKU</a></td><td>Uvist/Usikker</td><td>asked but unknown</td></tr></table></li><li>Include these codes as defined in <a href="CodeSystem-GenericValues.html"><code>https://kip.sundk.dk/fhir/CodeSystem/GenericValues</code></a><table class="none"><tr><td style="white-space:nowrap"><b>Code</b></td><td><b>Display</b></td><td><b>Definition</b></td></tr><tr><td><a href="CodeSystem-GenericValues.html#GenericValues-not_performed">not_performed</a></td><td>Ikke foretaget</td><td>Not performed - used to indicate, if a procedure or test has not been performed</td></tr></table></li></ul></div></text><url value="https://kip.sundk.dk/fhir/ValueSet/JaNejUvistIkkeudfoert"/><version value="0.0.9"/><name value="JaNejUvistIkkeudfoert"/><title value="Ja / Nej / Uvist / Ikke udført"/><status value="active"/><experimental value="true"/><date value="2022-07-12T00:00:00+02:00"/><publisher value="Sundhedsvæsnets Kvalistetsinstitut with Trifork Public A/S"/><contact><name value="Sundhedsvæsnets Kvalistetsinstitut with Trifork Public A/S"/><telecom><system value="url"/><value value="https://trifork.com"/></telecom><telecom><system value="email"/><value value="rbk@trifork.com"/></telecom></contact><description value="Dækker over Ja/nej/Uvist/ikke udført."/><compose><include><system value="http://terminology.hl7.org/CodeSystem/v2-0532"/><concept><code value="Y"/><display value="Ja"/></concept><concept><code value="N"/><display value="Nej"/></concept><concept><code value="ASKU"/><display value="Uvist/Usikker"/></concept></include><include><system value="https://kip.sundk.dk/fhir/CodeSystem/GenericValues"/><concept><code value="not_performed"/><display value="Ikke foretaget"/></concept></include></compose></ValueSet>