<?xml version="1.0" encoding="UTF-8"?><ValueSet xmlns="http://hl7.org/fhir"><id value="ImplantatAnatomiskDesign"/><text><status value="extensions"/><div xmlns="http://www.w3.org/1999/xhtml"><p class="res-header-id"><b>Generated Narrative: ValueSet ImplantatAnatomiskDesign</b></p><a name="ImplantatAnatomiskDesign"> </a><a name="hcImplantatAnatomiskDesign"> </a><a name="ImplantatAnatomiskDesign-en-US"> </a><ul><li>Include these codes as defined in <a href="CodeSystem-ImplantComponents.html"><code>https://kip.sundk.dk/fhir/CodeSystem/ImplantComponents</code></a><table class="none"><tr><td style="white-space:nowrap"><b>Code</b></td><td><b>Display</b></td><td><b>Definition</b></td></tr><tr><td><a href="CodeSystem-ImplantComponents.html#ImplantComponents-helplast">helplast</a></td><td>Helplast</td><td>Helplast</td></tr><tr><td><a href="CodeSystem-ImplantComponents.html#ImplantComponents-metalbacked">metalbacked</a></td><td>Metalbacked</td><td/></tr></table></li></ul></div></text><url value="https://kip.sundk.dk/fhir/ValueSet/ImplantatAnatomiskDesign"/><version value="0.0.9"/><name value="ImplantatAnatomiskDesign"/><title value="Implantat - anatomisk design"/><status value="active"/><experimental value="true"/><date value="2022-10-06T00:00:00+02:00"/><publisher value="Sundhedsvæsnets Kvalistetsinstitut with Trifork Public A/S"/><contact><name value="Sundhedsvæsnets Kvalistetsinstitut with Trifork Public A/S"/><telecom><system value="url"/><value value="https://trifork.com"/></telecom><telecom><system value="email"/><value value="rbk@trifork.com"/></telecom></contact><description value="Implantat - anatomisk design"/><compose><include><system value="https://kip.sundk.dk/fhir/CodeSystem/ImplantComponents"/><concept><code value="helplast"/><display value="Helplast"/></concept><concept><code value="metalbacked"/><display value="Metalbacked"/></concept></include></compose></ValueSet>