<?xml version="1.0" encoding="UTF-8"?><ValueSet xmlns="http://hl7.org/fhir"><id value="AntibiotikaprofylakseDHR"/><text><status value="extensions"/><div xmlns="http://www.w3.org/1999/xhtml"><p class="res-header-id"><b>Generated Narrative: ValueSet AntibiotikaprofylakseDHR</b></p><a name="AntibiotikaprofylakseDHR"> </a><a name="hcAntibiotikaprofylakseDHR"> </a><a name="AntibiotikaprofylakseDHR-en-US"> </a><p>This value set includes codes based on the following rules:</p><ul><li>Include these codes as defined in <a href="CodeSystem-MedicationName.html"><code>https://kip.sundk.dk/fhir/CodeSystem/MedicationName</code></a><table class="none"><tr><td style="white-space:nowrap"><b>Code</b></td><td><b>Display</b></td><td><b>Definition</b></td></tr><tr><td><a href="CodeSystem-MedicationName.html#MedicationName-axacef">axacef</a></td><td>Axacef</td><td>Axacef (J01DC02)</td></tr><tr><td><a href="CodeSystem-MedicationName.html#MedicationName-cloxacillin">cloxacillin</a></td><td>Cloxacillin</td><td>Cloxacillin</td></tr><tr><td><a href="CodeSystem-MedicationName.html#MedicationName-clindamycin">clindamycin</a></td><td>Clindamycin</td><td>Clindamycin</td></tr><tr><td><a href="CodeSystem-MedicationName.html#MedicationName-dicillin">dicillin</a></td><td>Dicillin</td><td>Dicillin (J01CF01)</td></tr><tr><td><a href="CodeSystem-MedicationName.html#MedicationName-diclosil">diclosil</a></td><td>Diclosil J01CF01</td><td>Diclosil (J01CF01)</td></tr><tr><td><a href="CodeSystem-MedicationName.html#MedicationName-zinacef">zinacef</a></td><td>Zinacef</td><td>Zinacef (J01DC02)</td></tr></table></li><li>Include these codes as defined in <a href="CodeSystem-ATC.html"><code>https://kip.sundk.dk/fhir/CodeSystem/ATC</code></a><table class="none"><tr><td style="white-space:nowrap"><b>Code</b></td><td><b>Display</b></td><td><b>Definition</b></td></tr><tr><td><a href="CodeSystem-ATC.html#ATC-J01GB03">J01GB03</a></td><td>Gentamicin J01GB03 - ATC</td><td>J01GB03 - gentamicin</td></tr><tr><td><a href="CodeSystem-ATC.html#ATC-J01XA01">J01XA01</a></td><td>Vancomycin J01XA01 - ATC</td><td>J01XA01 - vancomycin</td></tr><tr><td><a href="CodeSystem-ATC.html#ATC-J01DC02">J01DC02</a></td><td>Cefuroxime J01DC02 - ATC</td><td>J01DC02 - cefuroxime</td></tr></table></li><li>Include these codes as defined in <a href="CodeSystem-GenericValues.html"><code>https://kip.sundk.dk/fhir/CodeSystem/GenericValues</code></a><table class="none"><tr><td style="white-space:nowrap"><b>Code</b></td><td><b>Display</b></td><td><b>Definition</b></td></tr><tr><td><a href="CodeSystem-GenericValues.html#GenericValues-other">other</a></td><td>Anden antibiotikaprofylakse</td><td>Other - used to choose unspecific value not in a valueset</td></tr></table></li></ul></div></text><url value="https://kip.sundk.dk/fhir/ValueSet/AntibiotikaprofylakseDHR"/><version value="0.0.9"/><name value="AntibiotikaprofylakseDHR"/><title value="Antibiotikaprofylakse (DHR)"/><status value="active"/><experimental value="true"/><date value="2022-11-18T00:00:00+02:00"/><publisher value="Sundhedsvæsnets Kvalistetsinstitut with Trifork Public A/S"/><contact><name value="Sundhedsvæsnets Kvalistetsinstitut with Trifork Public A/S"/><telecom><system value="url"/><value value="https://trifork.com"/></telecom><telecom><system value="email"/><value value="rbk@trifork.com"/></telecom></contact><description value="Antibiotikaprofylakse (DHR)"/><compose><include><system value="https://kip.sundk.dk/fhir/CodeSystem/MedicationName"/><concept><code value="axacef"/><display value="Axacef"/></concept><concept><code value="cloxacillin"/><display value="Cloxacillin"/></concept><concept><code value="clindamycin"/><display value="Clindamycin"/></concept><concept><code value="dicillin"/><display value="Dicillin"/></concept><concept><code value="diclosil"/><display value="Diclosil J01CF01"/></concept><concept><code value="zinacef"/><display value="Zinacef"/></concept></include><include><system value="https://kip.sundk.dk/fhir/CodeSystem/ATC"/><concept><code value="J01GB03"/><display value="Gentamicin J01GB03 - ATC"/></concept><concept><code value="J01XA01"/><display value="Vancomycin J01XA01 - ATC"/></concept><concept><code value="J01DC02"/><display value="Cefuroxime J01DC02 - ATC"/></concept></include><include><system value="https://kip.sundk.dk/fhir/CodeSystem/GenericValues"/><concept><code value="other"/><display value="Anden antibiotikaprofylakse"/></concept></include></compose></ValueSet>