<?xml version="1.0" encoding="UTF-8"?><ValueSet xmlns="http://hl7.org/fhir"><id value="PlasmaDiagnose"/><text><status value="extensions"/><div xmlns="http://www.w3.org/1999/xhtml"><p class="res-header-id"><b>Generated Narrative: ValueSet PlasmaDiagnose</b></p><a name="PlasmaDiagnose"> </a><a name="hcPlasmaDiagnose"> </a><a name="PlasmaDiagnose-en-US"> </a><ul><li>Include these codes as defined in <a href="CodeSystem-DiseasesUnspecified.html"><code>https://kip.sundk.dk/fhir/CodeSystem/DiseasesUnspecified</code></a><table class="none"><tr><td style="white-space:nowrap"><b>Code</b></td><td><b>Display</b></td><td><b>Definition</b></td></tr><tr><td><a href="CodeSystem-DiseasesUnspecified.html#DiseasesUnspecified-smouldering_mm">smouldering_mm</a></td><td>Smouldering MM</td><td>Smouldering MM</td></tr><tr><td><a href="CodeSystem-DiseasesUnspecified.html#DiseasesUnspecified-myelomatosis">myelomatosis</a></td><td>Myelomatose</td><td>Myelomatosis / Myelomatose</td></tr><tr><td><a href="CodeSystem-DiseasesUnspecified.html#DiseasesUnspecified-solitary_myelom_osseus">solitary_myelom_osseus</a></td><td>Solitært myelom (ossøst)</td><td>Solitary myelom (osseus) / Solitært myelom (ossøst)</td></tr><tr><td><a href="CodeSystem-DiseasesUnspecified.html#DiseasesUnspecified-solitary_myelom_extra_osseus">solitary_myelom_extra_osseus</a></td><td>Solitært myelom (ekstraossøst)</td><td>Solitary myelom (extra osseus) / Solitært myelom (ekstraossøst)</td></tr><tr><td><a href="CodeSystem-DiseasesUnspecified.html#DiseasesUnspecified-plasma_cell_leukemia">plasma_cell_leukemia</a></td><td>Plasmacelleleukæmi</td><td>Plasma cell leukemia / Plasmacelleleukæmi</td></tr><tr><td><a href="CodeSystem-DiseasesUnspecified.html#DiseasesUnspecified-DD472">DD472</a></td><td>MGUS</td><td>Monoklonal gammopati med ubestemt signifikans (MGUS)</td></tr><tr><td><a href="CodeSystem-DiseasesUnspecified.html#DiseasesUnspecified-ZM973A3">ZM973A3</a></td><td>POEMS</td><td>Osteosklerotisk myelom (POEMS syndrom)</td></tr><tr><td><a href="CodeSystem-DiseasesUnspecified.html#DiseasesUnspecified-paraprotein_associated_polyneuropathy">paraprotein_associated_polyneuropathy</a></td><td>Paraproteinassocieret polyneuropati</td><td>Paraprotein associated polyneuropathy / Paraprotein associeret polyneuropati</td></tr></table></li></ul></div></text><url value="https://kip.sundk.dk/fhir/ValueSet/PlasmaDiagnose"/><version value="0.0.9"/><name value="PlasmaDiagnose"/><title value="Plasma Analyse - kræft diagnose"/><status value="active"/><experimental value="true"/><date value="2022-07-14T00:00:00+02:00"/><publisher value="Sundhedsvæsnets Kvalistetsinstitut with Trifork Public A/S"/><contact><name value="Sundhedsvæsnets Kvalistetsinstitut with Trifork Public A/S"/><telecom><system value="url"/><value value="https://trifork.com"/></telecom><telecom><system value="email"/><value value="rbk@trifork.com"/></telecom></contact><description value="Plasma analyse - kræft diagnose kriterier [DAMYDA]"/><compose><include><system value="https://kip.sundk.dk/fhir/CodeSystem/DiseasesUnspecified"/><concept><code value="smouldering_mm"/><display value="Smouldering MM"/></concept><concept><code value="myelomatosis"/><display value="Myelomatose"/></concept><concept><code value="solitary_myelom_osseus"/><display value="Solitært myelom (ossøst)"/></concept><concept><code value="solitary_myelom_extra_osseus"/><display value="Solitært myelom (ekstraossøst)"/></concept><concept><code value="plasma_cell_leukemia"/><display value="Plasmacelleleukæmi"/></concept><concept><code value="DD472"/><display value="MGUS"/></concept><concept><code value="ZM973A3"/><display value="POEMS"/></concept><concept><code value="paraprotein_associated_polyneuropathy"/><display value="Paraproteinassocieret polyneuropati"/></concept></include></compose></ValueSet>