<?xml version="1.0" encoding="UTF-8"?><ValueSet xmlns="http://hl7.org/fhir"><id value="OpkodeUrinGenitalDUGA"/><text><status value="extensions"/><div xmlns="http://www.w3.org/1999/xhtml"><p class="res-header-id"><b>Generated Narrative: ValueSet OpkodeUrinGenitalDUGA</b></p><a name="OpkodeUrinGenitalDUGA"> </a><a name="hcOpkodeUrinGenitalDUGA"> </a><a name="OpkodeUrinGenitalDUGA-en-US"> </a><ul><li>Include these codes as defined in <a href="CodeSystem-ProcedureUrogyn.html"><code>https://kip.sundk.dk/fhir/CodeSystem/ProcedureUrogyn</code></a><table class="none"><tr><td style="white-space:nowrap"><b>Code</b></td><td><b>Display</b></td><td><b>Definition</b></td></tr><tr><td><a href="CodeSystem-ProcedureUrogyn.html#ProcedureUrogyn-KKDG00">KKDG00</a></td><td>KKDG00: Retropubisk supension af urinrør</td><td>Retropubisk supension af urinrør</td></tr><tr><td><a href="CodeSystem-ProcedureUrogyn.html#ProcedureUrogyn-KKDG30">KKDG30</a></td><td>KKDG30: Abdominal uretrocystopeksi med slynge</td><td>Abdominal uretrocystopeksi med slynge</td></tr><tr><td><a href="CodeSystem-ProcedureUrogyn.html#ProcedureUrogyn-KKDV22">KKDV22</a></td><td>KKDV22: Uretroskopisk submukøs injektionsbehandling i urinrør</td><td>Uretroskopisk submukøs injektionsbehandling i urinrør</td></tr><tr><td><a href="CodeSystem-ProcedureUrogyn.html#ProcedureUrogyn-KLEG10">KLEG10</a></td><td>KLEG10: Vaginal uretrocystopeksi med slynge</td><td>Vaginal uretrocystopeksi med slynge</td></tr><tr><td><a href="CodeSystem-ProcedureUrogyn.html#ProcedureUrogyn-KLEG10A">KLEG10A</a></td><td>KLEG10A: Vaginal uretrocystopeksi med slynge gennem foramen obturatum</td><td>Vaginal uretrocystopeksi med slynge gennem foramen obturatum</td></tr><tr><td><a href="CodeSystem-ProcedureUrogyn.html#ProcedureUrogyn-KLEF00">KLEF00</a></td><td>KLEF00: Forreste kolporafi</td><td>Forreste kolporafi</td></tr><tr><td><a href="CodeSystem-ProcedureUrogyn.html#ProcedureUrogyn-KLEF00A">KLEF00A</a></td><td>KLEF00A: Forreste kolporafi med meche</td><td>Forreste kolporafi med meche</td></tr><tr><td><a href="CodeSystem-ProcedureUrogyn.html#ProcedureUrogyn-KLEF03">KLEF03</a></td><td>KLEF03: Bageste kolporafi</td><td>Bageste kolporafi</td></tr><tr><td><a href="CodeSystem-ProcedureUrogyn.html#ProcedureUrogyn-KLEF03A">KLEF03A</a></td><td>KLEF03A: Bageste kolporafi med meche</td><td>Bageste kolporafi med meche</td></tr><tr><td><a href="CodeSystem-ProcedureUrogyn.html#ProcedureUrogyn-KLEF20">KLEF20</a></td><td>KLEF20: Partiel kolpokleise</td><td>Partiel kolpokleise</td></tr><tr><td><a href="CodeSystem-ProcedureUrogyn.html#ProcedureUrogyn-KLEF40">KLEF40</a></td><td>KLEF40: Vaginal operation for enterocele</td><td>Vaginal operation for enterocele</td></tr><tr><td><a href="CodeSystem-ProcedureUrogyn.html#ProcedureUrogyn-KLEF40A">KLEF40A</a></td><td>KLEF40A: Vaginal operation for enterocele med meche</td><td>Vaginal operation for enterocele med meche</td></tr><tr><td><a href="CodeSystem-ProcedureUrogyn.html#ProcedureUrogyn-KLEF43">KLEF43</a></td><td>KLEF43: Abdominal operation for enterocele</td><td>Abdominal operation for enterocele</td></tr><tr><td><a href="CodeSystem-ProcedureUrogyn.html#ProcedureUrogyn-KLEF43A">KLEF43A</a></td><td>KLEF43A: Abdominal operation for enterocele med meche</td><td>Abdominal operation for enterocele med meche</td></tr><tr><td><a href="CodeSystem-ProcedureUrogyn.html#ProcedureUrogyn-KLEF50">KLEF50</a></td><td>KLEF50: Abdominal apikal kolpopeksi efter tidligere hysterektomi</td><td>Abdominal apikal kolpopeksi efter tidligere hysterektomi</td></tr><tr><td><a href="CodeSystem-ProcedureUrogyn.html#ProcedureUrogyn-KLEF50A">KLEF50A</a></td><td>KLEF50A: Abdominal apikal kolpopeksi eft. tidl. hysterektomi m. meche</td><td>Abdominal apikal kolpopeksi eft. tidl. hysterektomi m. meche</td></tr><tr><td><a href="CodeSystem-ProcedureUrogyn.html#ProcedureUrogyn-KLEF51">KLEF51</a></td><td>KLEF51: Laparoskopisk apikal kolpopeksi efter tidligere hysterektomi</td><td>Laparoskopisk apikal kolpopeksi efter tidligere hysterektomi</td></tr><tr><td><a href="CodeSystem-ProcedureUrogyn.html#ProcedureUrogyn-KLEF51A">KLEF51A</a></td><td>KLEF51A: Laparoskop. apikal kolpopeksi eft.tidl. hysterektomi m. meche</td><td>Laparoskop. apikal kolpopeksi eft.tidl. hysterektomi m. meche</td></tr><tr><td><a href="CodeSystem-ProcedureUrogyn.html#ProcedureUrogyn-KLEF53">KLEF53</a></td><td>KLEF53: Vaginal apikal kolpopeksi efter tidligere hysterektomi</td><td>Vaginal apikal kolpopeksi efter tidligere hysterektomi</td></tr><tr><td><a href="CodeSystem-ProcedureUrogyn.html#ProcedureUrogyn-KLEF53A">KLEF53A</a></td><td>KLEF53A: Vaginal apikal kolpopeksi efter tidl. hysterektomi med meche</td><td>Vaginal apikal kolpopeksi efter tidl. hysterektomi med meche</td></tr><tr><td><a href="CodeSystem-ProcedureUrogyn.html#ProcedureUrogyn-KLEF53B">KLEF53B</a></td><td>KLEF53B: Vaginal apikal kolpopeksi til det sakrospinøse ligament</td><td>Vaginal apikal kolpopeksi til det sakrospinøse ligament</td></tr><tr><td><a href="CodeSystem-ProcedureUrogyn.html#ProcedureUrogyn-KLEF60">KLEF60</a></td><td>KLEF60: Vaginal lateral kolpopeksi</td><td>Vaginal lateral kolpopeksi</td></tr><tr><td><a href="CodeSystem-ProcedureUrogyn.html#ProcedureUrogyn-KLEF63">KLEF63</a></td><td>KLEF63: Abdominal lateral kolpopeksi</td><td>Abdominal lateral kolpopeksi</td></tr><tr><td><a href="CodeSystem-ProcedureUrogyn.html#ProcedureUrogyn-KLCG20">KLCG20</a></td><td>KLCG20: Hysteropeksi</td><td>Hysteropeksi</td></tr><tr><td><a href="CodeSystem-ProcedureUrogyn.html#ProcedureUrogyn-KLCG21">KLCG21</a></td><td>KLCG21: Laparoskopisk hysteropeksi</td><td>Laparoskopisk hysteropeksi</td></tr><tr><td><a href="CodeSystem-ProcedureUrogyn.html#ProcedureUrogyn-KLCG21A">KLCG21A</a></td><td>KLCG21A: Laparoskopisk hysteropeksi med mesh</td><td>Laparoskopisk hysteropeksi med mesh</td></tr><tr><td><a href="CodeSystem-ProcedureUrogyn.html#ProcedureUrogyn-KLCD10">KLCD10</a></td><td>KLCD10: Vaginal hysterektomi</td><td>Vaginal hysterektomi</td></tr><tr><td><a href="CodeSystem-ProcedureUrogyn.html#ProcedureUrogyn-KLDC10">KLDC10</a></td><td>KLDC10: Resektion af livmoderhals</td><td>Resektion af livmoderhals</td></tr><tr><td><a href="CodeSystem-ProcedureUrogyn.html#ProcedureUrogyn-KLED00">KLED00</a></td><td>KLED00: Kolpektomi</td><td>Kolpektomi</td></tr><tr><td><a href="CodeSystem-ProcedureUrogyn.html#ProcedureUrogyn-KLEE00">KLEE00</a></td><td>KLEE00: Sutur af vagina</td><td>Sutur af vagina</td></tr><tr><td><a href="CodeSystem-ProcedureUrogyn.html#ProcedureUrogyn-KLFE00">KLFE00</a></td><td>KLFE00: Sutur af vulva</td><td>Sutur af vulva</td></tr><tr><td><a href="CodeSystem-ProcedureUrogyn.html#ProcedureUrogyn-KLFE96">KLFE96</a></td><td>KLFE96: Anden rekonstruktion på vulva eller perineum</td><td>Anden rekonstruktion på vulva eller perineum</td></tr><tr><td><a href="CodeSystem-ProcedureUrogyn.html#ProcedureUrogyn-KJHC10">KJHC10</a></td><td>KJHC10: Rekonstruktion af sphincter ani</td><td>Rekonstruktion af sphincter ani</td></tr><tr><td><a href="CodeSystem-ProcedureUrogyn.html#ProcedureUrogyn-KUKC02">KUKC02</a></td><td>KUKC02: Cystoskopi</td><td>Cystoskopi</td></tr><tr><td><a href="CodeSystem-ProcedureUrogyn.html#ProcedureUrogyn-KZXF84A">KZXF84A</a></td><td>KZXF84A: Ikke resorberbar sutur</td><td>Ikke resorberbar sutur</td></tr><tr><td><a href="CodeSystem-ProcedureUrogyn.html#ProcedureUrogyn-KZXF84B">KZXF84B</a></td><td>KZXF84B: Korttidsresorberbar sutur (&lt; 3 uger)</td><td>Korttidsresorberbar sutur (&lt; 3 uger)</td></tr><tr><td><a href="CodeSystem-ProcedureUrogyn.html#ProcedureUrogyn-KZXF84C">KZXF84C</a></td><td>KZXF84C: Forsinket resorberbar sutur</td><td>Forsinket resorberbar sutur</td></tr><tr><td><a href="CodeSystem-ProcedureUrogyn.html#ProcedureUrogyn-KZXX00">KZXX00</a></td><td>KZXX00: Anvendelse af robot</td><td>Anvendelse af robot</td></tr></table></li></ul></div></text><url value="https://kip.sundk.dk/fhir/ValueSet/OpkodeUrinGenitalDUGA"/><version value="0.0.9"/><name value="OpkodeUrinGenitalDUGA"/><title value="Operationskode - Urin-inkontinens og genital prolaps (DUGA)"/><status value="active"/><experimental value="true"/><date value="2024-02-14T00:00:00+02:00"/><publisher value="Sundhedsvæsnets Kvalistetsinstitut with Trifork Public A/S"/><contact><name value="Sundhedsvæsnets Kvalistetsinstitut with Trifork Public A/S"/><telecom><system value="url"/><value value="https://trifork.com"/></telecom><telecom><system value="email"/><value value="rbk@trifork.com"/></telecom></contact><description value="Operationskode - Urin-inkontinens og genital prolaps (DUGA)"/><compose><include><system value="https://kip.sundk.dk/fhir/CodeSystem/ProcedureUrogyn"/><concept><code value="KKDG00"/><display value="KKDG00: Retropubisk supension af urinrør"/></concept><concept><code value="KKDG30"/><display value="KKDG30: Abdominal uretrocystopeksi med slynge"/></concept><concept><code value="KKDV22"/><display value="KKDV22: Uretroskopisk submukøs injektionsbehandling i urinrør"/></concept><concept><code value="KLEG10"/><display value="KLEG10: Vaginal uretrocystopeksi med slynge"/></concept><concept><code value="KLEG10A"/><display value="KLEG10A: Vaginal uretrocystopeksi med slynge gennem foramen obturatum"/></concept><concept><code value="KLEF00"/><display value="KLEF00: Forreste kolporafi"/></concept><concept><code value="KLEF00A"/><display value="KLEF00A: Forreste kolporafi med meche"/></concept><concept><code value="KLEF03"/><display value="KLEF03: Bageste kolporafi"/></concept><concept><code value="KLEF03A"/><display value="KLEF03A: Bageste kolporafi med meche"/></concept><concept><code value="KLEF20"/><display value="KLEF20: Partiel kolpokleise"/></concept><concept><code value="KLEF40"/><display value="KLEF40: Vaginal operation for enterocele"/></concept><concept><code value="KLEF40A"/><display value="KLEF40A: Vaginal operation for enterocele med meche"/></concept><concept><code value="KLEF43"/><display value="KLEF43: Abdominal operation for enterocele"/></concept><concept><code value="KLEF43A"/><display value="KLEF43A: Abdominal operation for enterocele med meche"/></concept><concept><code value="KLEF50"/><display value="KLEF50: Abdominal apikal kolpopeksi efter tidligere hysterektomi"/></concept><concept><code value="KLEF50A"/><display value="KLEF50A: Abdominal apikal kolpopeksi eft. tidl. hysterektomi m. meche"/></concept><concept><code value="KLEF51"/><display value="KLEF51: Laparoskopisk apikal kolpopeksi efter tidligere hysterektomi"/></concept><concept><code value="KLEF51A"/><display value="KLEF51A: Laparoskop. apikal kolpopeksi eft.tidl. hysterektomi m. meche"/></concept><concept><code value="KLEF53"/><display value="KLEF53: Vaginal apikal kolpopeksi efter tidligere hysterektomi"/></concept><concept><code value="KLEF53A"/><display value="KLEF53A: Vaginal apikal kolpopeksi efter tidl. hysterektomi med meche"/></concept><concept><code value="KLEF53B"/><display value="KLEF53B: Vaginal apikal kolpopeksi til det sakrospinøse ligament"/></concept><concept><code value="KLEF60"/><display value="KLEF60: Vaginal lateral kolpopeksi"/></concept><concept><code value="KLEF63"/><display value="KLEF63: Abdominal lateral kolpopeksi"/></concept><concept><code value="KLCG20"/><display value="KLCG20: Hysteropeksi"/></concept><concept><code value="KLCG21"/><display value="KLCG21: Laparoskopisk hysteropeksi"/></concept><concept><code value="KLCG21A"/><display value="KLCG21A: Laparoskopisk hysteropeksi med mesh"/></concept><concept><code value="KLCD10"/><display value="KLCD10: Vaginal hysterektomi"/></concept><concept><code value="KLDC10"/><display value="KLDC10: Resektion af livmoderhals"/></concept><concept><code value="KLED00"/><display value="KLED00: Kolpektomi"/></concept><concept><code value="KLEE00"/><display value="KLEE00: Sutur af vagina"/></concept><concept><code value="KLFE00"/><display value="KLFE00: Sutur af vulva"/></concept><concept><code value="KLFE96"/><display value="KLFE96: Anden rekonstruktion på vulva eller perineum"/></concept><concept><code value="KJHC10"/><display value="KJHC10: Rekonstruktion af sphincter ani"/></concept><concept><code value="KUKC02"/><display value="KUKC02: Cystoskopi"/></concept><concept><code value="KZXF84A"/><display value="KZXF84A: Ikke resorberbar sutur"/></concept><concept><code value="KZXF84B"/><display value="KZXF84B: Korttidsresorberbar sutur (&lt; 3 uger)"/></concept><concept><code value="KZXF84C"/><display value="KZXF84C: Forsinket resorberbar sutur"/></concept><concept><code value="KZXX00"/><display value="KZXX00: Anvendelse af robot"/></concept></include></compose></ValueSet>