<?xml version="1.0" encoding="UTF-8"?><ValueSet xmlns="http://hl7.org/fhir"><id value="JaNejUkendtIkkerelevant"/><text><status value="extensions"/><div xmlns="http://www.w3.org/1999/xhtml"><p class="res-header-id"><b>Generated Narrative: ValueSet JaNejUkendtIkkerelevant</b></p><a name="JaNejUkendtIkkerelevant"> </a><a name="hcJaNejUkendtIkkerelevant"> </a><a name="JaNejUkendtIkkerelevant-en-US"> </a><ul><li>Include these codes as defined in <a href="http://terminology.hl7.org/3.1.0/CodeSystem-v2-0532.html"><code>http://terminology.hl7.org/CodeSystem/v2-0532</code></a><table class="none"><tr><td style="white-space:nowrap"><b>Code</b></td><td><b>Display</b></td><td><b>Definition</b></td></tr><tr><td><a href="http://terminology.hl7.org/3.1.0/CodeSystem-v2-0532.html#v2-0532-Y">Y</a></td><td>Ja</td><td>Yes</td></tr><tr><td><a href="http://terminology.hl7.org/3.1.0/CodeSystem-v2-0532.html#v2-0532-N">N</a></td><td>Nej</td><td>No</td></tr><tr><td><a href="http://terminology.hl7.org/3.1.0/CodeSystem-v2-0532.html#v2-0532-UNK">UNK</a></td><td>Ukendt</td><td>unknown</td></tr><tr><td><a href="http://terminology.hl7.org/3.1.0/CodeSystem-v2-0532.html#v2-0532-NA">NA</a></td><td>Ikke relevant</td><td>not applicable</td></tr></table></li></ul></div></text><url value="https://kip.sundk.dk/fhir/ValueSet/JaNejUkendtIkkerelevant"/><version value="0.0.9"/><name value="JaNejUkendtIkkerelevant"/><title value="Ja / Nej / Ukendt / Ikke relevant"/><status value="active"/><experimental value="true"/><date value="2022-09-30T00:00:00+02:00"/><publisher value="Sundhedsvæsnets Kvalistetsinstitut with Trifork Public A/S"/><contact><name value="Sundhedsvæsnets Kvalistetsinstitut with Trifork Public A/S"/><telecom><system value="url"/><value value="https://trifork.com"/></telecom><telecom><system value="email"/><value value="rbk@trifork.com"/></telecom></contact><description value="Giver mulighed for at svare ukendt eller ikke relevant til et spurgt spørgsmål"/><compose><include><system value="http://terminology.hl7.org/CodeSystem/v2-0532"/><concept><code value="Y"/><display value="Ja"/></concept><concept><code value="N"/><display value="Nej"/></concept><concept><code value="UNK"/><display value="Ukendt"/></concept><concept><code value="NA"/><display value="Ikke relevant"/></concept></include></compose></ValueSet>