<?xml version="1.0" encoding="UTF-8"?><ValueSet xmlns="http://hl7.org/fhir"><id value="OperationstypePrimaerSekundaer"/><text><status value="extensions"/><div xmlns="http://www.w3.org/1999/xhtml"><p class="res-header-id"><b>Generated Narrative: ValueSet OperationstypePrimaerSekundaer</b></p><a name="OperationstypePrimaerSekundaer"> </a><a name="hcOperationstypePrimaerSekundaer"> </a><a name="OperationstypePrimaerSekundaer-en-US"> </a><ul><li>Include these codes as defined in <a href="CodeSystem-OperationType.html"><code>https://kip.sundk.dk/fhir/CodeSystem/OperationType</code></a><table class="none"><tr><td style="white-space:nowrap"><b>Code</b></td><td><b>Display</b></td><td><b>Definition</b></td></tr><tr><td><a href="CodeSystem-OperationType.html#OperationType-primary">primary</a></td><td>Primær</td><td>Primary</td></tr><tr><td><a href="CodeSystem-OperationType.html#OperationType-secondary">secondary</a></td><td>Sekundær</td><td>Secondary</td></tr></table></li></ul></div></text><url value="https://kip.sundk.dk/fhir/ValueSet/OperationstypePrimaerSekundaer"/><version value="0.0.9"/><name value="OperationstypePrimaerSekundaer"/><title value="Operationstype (primær/sekundær)"/><status value="active"/><experimental value="true"/><date value="2022-07-20T00:00:00+02:00"/><publisher value="Sundhedsvæsnets Kvalistetsinstitut with Trifork Public A/S"/><contact><name value="Sundhedsvæsnets Kvalistetsinstitut with Trifork Public A/S"/><telecom><system value="url"/><value value="https://trifork.com"/></telecom><telecom><system value="email"/><value value="rbk@trifork.com"/></telecom></contact><description value="Operationstype (primær/sekundær)"/><compose><include><system value="https://kip.sundk.dk/fhir/CodeSystem/OperationType"/><concept><code value="primary"/><display value="Primær"/></concept><concept><code value="secondary"/><display value="Sekundær"/></concept></include></compose></ValueSet>