URL,Version,Status,OIDs,Name,Title,Description,Used
http://terminology.hl7.org/CodeSystem/v2-0532,2.1.0,active,"2.16.840.1.113883.18.347",ExpandedYesNoIndicator,expandedYes-NoIndicator,"HL7-defined code system of concepts used to specify an expansion on the original Yes/No indicator table by including ""flavors of null"".  It is intended to be applied to fields where the response is not limited to ""yes"" or ""no"".  Used in numerous locations in HL7 Version 2.x messaging.","ValueSet/RygningDCCG,ValueSet/Splenomegali,ValueSet/JaNejKanIkkeAfgoeres,ValueSet/MeshTypeVentralhernieDHDB,ValueSet/JaEnkeltUdfald,ValueSet/JaNejIkkeUdfoert,ValueSet/AktivitetDKRR,ValueSet/DonorRelationship,ValueSet/PeritonealdefektLukningDHDB,ValueSet/DoedsaarsagLYFO,ValueSet/ProgressionCML,ValueSet/TreatmentResponseDAMYDA,ValueSet/JaNejIkkeindiceret,ValueSet/JaNejIkkefagligrelevant,ValueSet/JaNejIkkeSpurgt,ValueSet/Ryger8uger,ValueSet/JaNej,ValueSet/JaNejIkkerelevant,ValueSet/JaNejUvistUkendt,ValueSet/Cyclus,ValueSet/DoedsaarsagSAH,ValueSet/ProcedureTypeDCCG3,ValueSet/JaNejBetinget,ValueSet/JaNejUvistUkendtIkkeRelevant,ValueSet/InitialRespons,ValueSet/DoedsaarsagALD,ValueSet/RevisionAarsagDKRR,ValueSet/JaNejUkendtIkkerelevant,ValueSet/MComponentTypeLyfo,ValueSet/BehandlingsresponsCML,ValueSet/DegcMDTBeslutning,ValueSet/MeshTypeIngvinalhernieDHDB,ValueSet/HernieStoerrelse,ValueSet/CALRvariant,ValueSet/JaNejUvist,ValueSet/JaNejUkendt,ValueSet/CytogeneticRiskGrimwade2010,ValueSet/Uoplyst,ValueSet/DoedsaarsagDAMYDA,ValueSet/JaNejEjMaalt,ValueSet/JaNejUvistIkkeudfoert,ValueSet/BehandlingsVarighedDHR,ValueSet/VarigRespons,ValueSet/DoedsaarsagCLL,ValueSet/CytogeneticRiskGrimwade2010DAMYDA"
http://terminology.hl7.org/CodeSystem/v2-0894,2.1.0,active,"2.16.840.1.113883.18.413",SideOfBody,sideOfBody,"Code system of concepts specifying the side of the body (""left"" or ""right"").  Used in HL7 Version 2.x messaging in the PSL segment.","ValueSet/Operationsside,ValueSet/LeftRight"
http://terminology.hl7.org/CodeSystem/v3-AdministrativeGender,3.0.0,active,"2.16.840.1.113883.5.1",AdministrativeGender,AdministrativeGender,"The gender of a person used for adminstrative purposes (as opposed to clinical gender)","ValueSet/Gender"
https://kip.rkkp.dk/fhir/CodeSystem/ACTherapyNotGiven,2.11.1,active,,ACTherapyNotGiven,Reasons for not giving anticoagulation therapy,"Årsagen til hvorfor man har fravalgt antikoagulationsbehandling.","ValueSet/AKFravalgt"
https://kip.rkkp.dk/fhir/CodeSystem/AKBehandling,2.11.1,active,,AKBehandling,AK Behandling (DKR),"AK Behandling (DKR)","ValueSet/AKBehandlingDKR"
https://kip.rkkp.dk/fhir/CodeSystem/ASAClassification,2.11.1,active,,ASAClassification,ASA Physical Status Classification System,"Score udviklet til vurdering af det fysiske helbred. Link: https://www.asahq.org/standards-and-guidelines/asa-physical-status-classification-system","ValueSet/AsaIV,ValueSet/ASAIVI,ValueSet/AsaIVkort,ValueSet/ASAIVIkort"
https://kip.rkkp.dk/fhir/CodeSystem/ATC,2.11.1,active,"2.16.840.1.113883.6.73",ATC,WHO ATC,"WHO ATC code system. Link: http://www.whocc.no/atc","ValueSet/BehandlingCML,ValueSet/ATCChemoPreparation,ValueSet/ATCTargetCLL,ValueSet/TreatmentScheduledDAMYDA,ValueSet/BehandlingCMMLMDS,ValueSet/AntibiotikaprofylakseDHR,ValueSet/ATCImmunotherapyCLL,ValueSet/BehandlingMDS,ValueSet/ATCChemoCLL,ValueSet/TreatmentPreservation,ValueSet/Kemoterapiregime,ValueSet/Radioimmunoterapi,ValueSet/AntibiotikaprofylakseDKRR,ValueSet/ATCDMPN202410,ValueSet/Immunoterapi,ValueSet/ATCAntibiotikaprofylakseDKR,ValueSet/BloedningsprofylakseDHR,ValueSet/BehandlingsTypeStamcellestoetteLYFO,ValueSet/ATCDMPN,ValueSet/ATCTromboseprofylakseDKR"
https://kip.rkkp.dk/fhir/CodeSystem/ATCMixedCodes,2.11.1,active,,ATCMixedCodes,WHO ATC; Mixed codes,"WHO ATC code system; Mixed codes. Link: http://www.whocc.no/atc","ValueSet/BehandlingCML"
https://kip.rkkp.dk/fhir/CodeSystem/ActilyseNotGiven,2.11.1,active,,ActilyseNotGiven,Reasons for not giving total dose of actilyse,"Årsagen til hvorfor man ikke har givet totaldosis i.v. actilyse.","ValueSet/ActilyseIkkeGivet"
https://kip.rkkp.dk/fhir/CodeSystem/ActivityType,2.11.1,active,,ActivityType,Activity type,"Activity type","ValueSet/AktivitetSportDKRR,ValueSet/AktivitetDKRR"
https://kip.rkkp.dk/fhir/CodeSystem/AktuelSygdomsforlob,2.11.1,active,,AktuelSygdomsforlob,Aktuel Sygdomsforløb,"Er patienten i det aktuelle sygdomsforløb","ValueSet/AktuelSygdomsforlob"
https://kip.rkkp.dk/fhir/CodeSystem/Alchohol,2.11.1,active,,Alchohol,Alchohol,"Healthfactor alchohol","ValueSet/Alkohol0til10,ValueSet/Alkohol714,ValueSet/Alkohol021"
https://kip.rkkp.dk/fhir/CodeSystem/AlchoholDrugs,2.11.1,active,,AlchoholDrugs,Alchohol or drugs,"Alchohol or drugs","ValueSet/PaavirkningPaagaaendeRETSPSYK,ValueSet/PaavirkningRETSPSYK"
https://kip.rkkp.dk/fhir/CodeSystem/AlloplastyTypes,2.11.1,active,,AlloplastyTypes,Alloplasty operation types,"Alloplasty operation types","ValueSet/HemialloplastikFemur,ValueSet/KomponentFemurDKRrevision202503,ValueSet/RevisionStatusDKR,ValueSet/TidligereOperationHofte,ValueSet/AlloplastiktypeDKR,ValueSet/KomponentTibiaDKRrevision,ValueSet/KomponentTibiaDKRrevision202503,ValueSet/KomponentFemurDKRrevision"
https://kip.rkkp.dk/fhir/CodeSystem/AnasthesiaService,2.11.1,active,,AnasthesiaService,Anæstesiydelse,"Anæstesiydelse","ValueSet/AnaestesiRegionalDHR,ValueSet/AnaestesiDUGA,ValueSet/AnaestesiLokalGenerel,ValueSet/AnasthesiaService,ValueSet/AnaestesiLokalGenerelSpinalEpidural,ValueSet/AnaestesiGenerelSpinalEpiduralLokalanalgesi,ValueSet/AnaestesiRegionalUniverselKombineret"
https://kip.rkkp.dk/fhir/CodeSystem/AnasthesiaTypeGen,2.11.1,active,,AnasthesiaTypeGen,Anæstesi Type Generel,"Generel Anæstesiydelse - Tillæg","ValueSet/AnasthesiaTypeGen"
https://kip.rkkp.dk/fhir/CodeSystem/AnastomosisLeak,2.11.1,active,,AnastomosisLeak,Anastomosis leak,"Anastomosis Leak","ValueSet/Anastomoselaekage"
https://kip.rkkp.dk/fhir/CodeSystem/AnastomosisLeakConsequence,2.11.1,active,,AnastomosisLeakConsequence,Anastomosis leak consequence,"Anastomosis leak consequence","ValueSet/AnastomoselaekageKonsekvens"
https://kip.rkkp.dk/fhir/CodeSystem/AnastomosisLeakGrading,2.11.1,active,,AnastomosisLeakGrading,Anastomosis leak grading,"Anastomosis leak grading","ValueSet/AnastomoseLaekageGradingering,ValueSet/AnastomoseLaekageGraduering"
https://kip.rkkp.dk/fhir/CodeSystem/AnastomosisType,2.11.1,active,,AnastomosisType,Anastomosis type,"Anastomosis type","ValueSet/AnastomoseType2,ValueSet/AnastomoseType3,ValueSet/AnastomoseType1"
https://kip.rkkp.dk/fhir/CodeSystem/AnatomicalLocations,2.11.1,active,,AnatomicalLocations,Anatomy locations, not specified in classifcations (SKS, etc.),"Anatomy locations, not specified in classifcations (SKS, etc.)","ValueSet/BrusklaesionPlaceringDKRR,ValueSet/AnatomiskLokation1,ValueSet/OperationerDKRR,ValueSet/LedbaandsrekonstruktionDKRR,ValueSet/AnatomiskLokation4,ValueSet/AnatomiskLokation2,ValueSet/LokationAneurismeSAH"
https://kip.rkkp.dk/fhir/CodeSystem/AneurysmClosure,2.11.1,active,,AneurysmClosure,Aneurysm closure,"Aneurysm closure - Degree of closure","ValueSet/AnurismeAflukning"
https://kip.rkkp.dk/fhir/CodeSystem/AneurysmSizeScale,2.11.1,active,,AneurysmSizeScale,Aneurysm size scale (SAH),"Aneurysm size scale (SAH)","ValueSet/AnurismeStoerrelseSAH"
https://kip.rkkp.dk/fhir/CodeSystem/AnnArborStagingClassification,2.11.1,active,,AnnArborStagingClassification,Ann Arbor staging system,"Ann Arbor staging system; Link: https://radiopaedia.org/articles/ann-arbor-staging-system","ValueSet/AnnArborStagingClassification"
https://kip.rkkp.dk/fhir/CodeSystem/ArtrosePlacering,2.11.1,active,,ArtrosePlacering,Placering af indikationsgivne artrose,"Placering af indikationsgivne artrose","ValueSet/ArtrosePlaceringDKR"
https://kip.rkkp.dk/fhir/CodeSystem/AssessmentType,2.11.1,active,,AssessmentType,Assessment type,"Assessment type","ValueSet/UdredningDANDEM,ValueSet/UdredningDANDEM2025,ValueSet/UdredningKliniskGenetisk"
https://kip.rkkp.dk/fhir/CodeSystem/AssistDevices,2.11.1,active,,AssistDevices,Assist devices,"Assist devices","ValueSet/AssistDevicesBallonStent"
https://kip.rkkp.dk/fhir/CodeSystem/BANFF,2.11.1,active,,BANFF,Banff Classifikation,"Banff Classifikation","ValueSet/BanffClassifikation"
https://kip.rkkp.dk/fhir/CodeSystem/BasicDisorder,2.11.1,active,,BasicDisorder,Basic disorder,"Basic disorder","ValueSet/ArtritisDSR,ValueSet/ArtrosefoelgeDSR,ValueSet/KomplikationerPeroperativeDKR,ValueSet/GrundlidelseDKR,ValueSet/CaputnekroseDSR,ValueSet/GrundlidelseDHR,ValueSet/GrundlidelseDSR"
https://kip.rkkp.dk/fhir/CodeSystem/BehandlingAfbrudt,2.11.1,active,,BehandlingAfbrudt,Behandling afbrudt/ophørt,"Årsager til behandling eller forløb er afbrudt/ophørt","ValueSet/AarsagOphoerDNSL"
https://kip.rkkp.dk/fhir/CodeSystem/BinetStagingSystem,2.11.1,active,,BinetStagingSystem,Binet staging system for Chroniz Lymphocytic Leukemia,"Stages chronic lymphocytic leukemia, similar to Rai Staging System. *Nodal areas: cervical, axillary, inguinal (one side or both), spleen, and liver. Link: https://www.mdcalc.com/calc/10053/binet-staging-system-chronic-lymphocytic-leukemia-cll","ValueSet/BinetStagingSystem"
https://kip.rkkp.dk/fhir/CodeSystem/BiobankSamples,2.11.1,active,,BiobankSamples,Danish National Biobank - Samples/materials,"Danish National Biobank - Samples/materials","ValueSet/BiobankSamples"
https://kip.rkkp.dk/fhir/CodeSystem/Birthplace,2.11.1,active,,Birthplace,Birthplace,"Birthplace","ValueSet/FoedselsstedRETSPSYK,ValueSet/OperationDanmarkUdlandetDHR"
https://kip.rkkp.dk/fhir/CodeSystem/BleedingStroke,2.11.1,active,,BleedingStroke,Bleeding - Stroke,"Bleeding - Stroke","ValueSet/LokalBloedningDAP,ValueSet/AndenBloedningDAP"
https://kip.rkkp.dk/fhir/CodeSystem/BlockTypes,2.11.1,active,,BlockTypes,Typer af blokader,"Blokader - Central, Underekstremitet, Overekstremitet","ValueSet/NerveBlockTypeLower,ValueSet/NerveBlockTypeUpper,ValueSet/CentralBlockType,ValueSet/NerveBlockTypeOther"
https://kip.rkkp.dk/fhir/CodeSystem/BloodThinnersTreatment,2.11.1,active,,BloodThinnersTreatment,Current treatment (if any) of medical blood thinners,"Current treatment (if any) of medical blood thinners","ValueSet/BlodfortyndendeMedicin"
https://kip.rkkp.dk/fhir/CodeSystem/BoneLossAcetabulumFemurClassification,2.11.1,active,,BoneLossAcetabulumFemurClassification,Bone loss - Acetabulum Femur Classification,"Walch classification; Link: https://radiopaedia.org/articles/walch-classification-of-glenoid-morphology-1","ValueSet/AcetabulumKnogletabKlassifikationDHR,ValueSet/FemurKnogletabKlassifikationDHR"
https://kip.rkkp.dk/fhir/CodeSystem/BulkingMaterialeDUGA,2.11.1,active,,BulkingMaterialeDUGA,Bulking materiale - Urogynækologi (DUGA),"Bulking materiale - Urogynækologi (DUGA)","ValueSet/BulkingMaterialeDUGA"
https://kip.rkkp.dk/fhir/CodeSystem/CALRGeneType,2.11.1,active,,CALRGeneType,CALR gene type,"CALR gene type","ValueSet/CALRvariant"
https://kip.rkkp.dk/fhir/CodeSystem/CalciumType,2.11.1,active,,CalciumType,Calcium type,"Calcium type","ValueSet/MaalingCalcium"
https://kip.rkkp.dk/fhir/CodeSystem/CancerInvestigation,2.11.1,active,,CancerInvestigation,Cancer investigation,"Udredning for cancerpatienter for cancerpatienter.","ValueSet/CancerUdredning"
https://kip.rkkp.dk/fhir/CodeSystem/CauseOfDeath,2.11.1,active,,CauseOfDeath,Cause of death,"Cause of death","ValueSet/DoedsaarsagLYFO,ValueSet/DoedsaarsagDAMYDA,ValueSet/DoedsaarsagALD,ValueSet/DoedsaarsagCLL"
https://kip.rkkp.dk/fhir/CodeSystem/CementType,2.11.1,active,,CementType,Cement type,"Cement type","ValueSet/CementFemurTibiaPatellaDKR,ValueSet/CementHofteDHR,ValueSet/CementDKR"
https://kip.rkkp.dk/fhir/CodeSystem/CentralBlock,2.11.1,active,,CentralBlock,Central blokade,"Tidspunkt for central blokade","ValueSet/CentralBlock"
https://kip.rkkp.dk/fhir/CodeSystem/ChemotherapyRegimen,2.11.1,active,,ChemotherapyRegimen,Chemotherapy regimen,"Chemotherapy regimen","ValueSet/Kemoterapiregime"
https://kip.rkkp.dk/fhir/CodeSystem/ChromosomPair,2.11.1,active,,ChromosomPair,Chromosom pair,"Chromosom pair","ValueSet/ChromosomPairs"
https://kip.rkkp.dk/fhir/CodeSystem/ClinicalProtocolCodes,2.11.1,active,,ClinicalProtocolCodes,Clinical protocol; name,"Clinical protocol; name","ValueSet/ClinicalProtocolCodes,ValueSet/ClinicalProtocolCodes1"
https://kip.rkkp.dk/fhir/CodeSystem/ClinicalProtocolNotParticipated,2.11.1,active,,ClinicalProtocolNotParticipated,Clinical protocol - patient did not participated; cause,"Clinical protocol -  patient did not participated; cause","ValueSet/ClinicalProtocolNotParticipated"
https://kip.rkkp.dk/fhir/CodeSystem/CognitiveFunctionFinding,2.11.1,active,,CognitiveFunctionFinding,Cognitive function finding,"Cognitive function finding / SNOMED-CT: 373930000","ValueSet/KognitivPaavirkningDANDEM"
https://kip.rkkp.dk/fhir/CodeSystem/CognitiveTest,2.11.1,active,,CognitiveTest,Cognitive test,"Cognitive test","ValueSet/KognitivTestDANDEM"
https://kip.rkkp.dk/fhir/CodeSystem/Competence,2.11.1,active,,Competence,Fagligt niveau,"Udførende personales faglighed","ValueSet/Competence"
https://kip.rkkp.dk/fhir/CodeSystem/Complications,2.11.1,active,,Complications,Complications,"Complications - several procedures","ValueSet/TreatmentResponseALD,ValueSet/TreatmentResponseEvaluationCLL,ValueSet/HeartAttackTypes,ValueSet/DoedsaarsagSAH,ValueSet/KomplikationerPeroperativeDKR,ValueSet/ComplicationsManifestation,ValueSet/HeartFailure,ValueSet/KomplikationerBehandlingDEGC,ValueSet/KomplikationerDKRR,ValueSet/BehandlingsResponsEvalueringLYFO,ValueSet/DoedsaarsagALD,ValueSet/ComplicationPO,ValueSet/KomplikationerKirurgiskSAH,ValueSet/KomplikationerVaskulaerDMPN,ValueSet/OperationssaarInfektionKAR,ValueSet/HeartAttackSTEMIPosition,ValueSet/PostoperativeKomplikationerDCCG,ValueSet/TreatmentResponseDAMYDA,ValueSet/DoedsaarsagDAMYDA,ValueSet/OperationssaarKomplikationerKAR,ValueSet/KomplikationerEndovaskulaerSAH,ValueSet/ComplicationsManifestation202412,ValueSet/ComplicationAN"
https://kip.rkkp.dk/fhir/CodeSystem/ConferenceParticipants,2.11.1,active,,ConferenceParticipants,Conference Participants,"Deltagende faggrupper","ValueSet/KonferenceDPD"
https://kip.rkkp.dk/fhir/CodeSystem/ContactPatient,2.11.1,active,,ContactPatient,Kontakt til patient,"Kontakttype til patient - Undersøgelse, interview, mv.","ValueSet/KontaktPatient,ValueSet/ObservationPatient"
https://kip.rkkp.dk/fhir/CodeSystem/ContactPlace,2.11.1,active,,ContactPlace,Contact; Place of contact,"Contact; Place of contact","ValueSet/KontaktSted"
https://kip.rkkp.dk/fhir/CodeSystem/ContaminationDegree,2.11.1,active,,ContaminationDegree,Contamination degree,"Contamination degree","ValueSet/Kontamineringsgrad"
https://kip.rkkp.dk/fhir/CodeSystem/CoronaryArteryGraph,2.11.1,active,,CoronaryArteryGraph,KAG risk assesment,"Should the patient get a KAG","ValueSet/CoronaryArteryGraph"
https://kip.rkkp.dk/fhir/CodeSystem/Cyclus,2.11.1,active,,Cyclus,Cyclus,"Cyclus længde","ValueSet/Cyclus,ValueSet/VarighedPostOPTrombDKR,ValueSet/VarighedPostOPTrombDKRVitKanta,ValueSet/VarighedDKR,ValueSet/VarighedPostOPTrombDKR1,ValueSet/VarighedPostOPTrombDKRNOAK,ValueSet/VarighedPostOPTrombDKR3,ValueSet/DialyseOpstartDNSL,ValueSet/VarighedPostOPTrombDKR2"
https://kip.rkkp.dk/fhir/CodeSystem/CytogeneticChanges,2.11.1,active,,CytogeneticChanges,Cytogenetic changes,"Cytogenetic changes","ValueSet/CytogeneticChanges"
https://kip.rkkp.dk/fhir/CodeSystem/CytogeneticExamination,2.11.1,active,,CytogeneticExamination,Cytogenetic examination,"Examination; cytogenetic examination","ValueSet/CytogeneticResult,ValueSet/CytogeneticResult202410,ValueSet/CytogeneticExamination"
https://kip.rkkp.dk/fhir/CodeSystem/DHDeksklusionskriterie,2.11.1,active,,DHDeksklusionskriterie,DHD eksklusionskriterier,"Patienten skal ikke indberettes til DHD, fordi patienten opfylder et af følgende eksklusionskriterier.","ValueSet/DHDeksklusionskriterie"
https://kip.rkkp.dk/fhir/CodeSystem/DSAFindingsLocation,2.11.1,active,,DSAFindingsLocation,Findings with digital subtraction angiography (DSA); location of clot,"Findings with digital subtraction angiography (DSA); location of clot","ValueSet/DSAFundLokation"
https://kip.rkkp.dk/fhir/CodeSystem/DatabasesKIP,2.11.1,active,,DatabasesKIP,Databaser - KIP,"Databaser i KIP","ValueSet/DatabasesHAEMA"
https://kip.rkkp.dk/fhir/CodeSystem/DeathPlace,2.11.1,active,,DeathPlace,Place of death,"Place of death","ValueSet/DoedLokation"
https://kip.rkkp.dk/fhir/CodeSystem/DefibrilleringAnalyse,2.11.1,active,,DefibrilleringAnalyse,Defibrillering_Analyse,"Metode til analyse/defibrillering af hjerterytme","ValueSet/RytmeAnalyseMetode,ValueSet/RytmeDefibrilleringMetode"
https://kip.rkkp.dk/fhir/CodeSystem/DetectionMethods,2.11.1,active,,DetectionMethods,Detection methods,"Detection methods (vasospasms etc.)","ValueSet/Splenomegali,ValueSet/DetectionMethodCR,ValueSet/VasospasmerPaavisning"
https://kip.rkkp.dk/fhir/CodeSystem/Dialyseadgang,2.11.1,active,,Dialyseadgang,Dialyseadgang,"Dialyseadgang","ValueSet/DialyseadgangDNSL"
https://kip.rkkp.dk/fhir/CodeSystem/DiseaseLocalization,2.11.1,active,,DiseaseLocalization,Disease localization,"Disease localization","ValueSet/LokationLymphomas"
https://kip.rkkp.dk/fhir/CodeSystem/DiseasePhase,2.11.1,active,,DiseasePhase,Disease phase,"Disease phase","ValueSet/ProgressionCML,ValueSet/Sygdomsfase"
https://kip.rkkp.dk/fhir/CodeSystem/DiseasesUnspecified,2.11.1,active,,DiseasesUnspecified,Diseases - Unspecified without a code,"Diseases - Unspecified without a code","ValueSet/RisikofaktorerDMPN,ValueSet/SygdomMedicinskBehandletDHDB,ValueSet/DiagnoseDANDEM,ValueSet/RegistreringEksklusionHAEMA,ValueSet/PlasmaDiagnose,ValueSet/DiagnoseDMPN,ValueSet/DiagnosegruppeHAEMA,ValueSet/LocationExtranodalMale,ValueSet/LocationPriSecNodalMale,ValueSet/VentralHernieCicatriceTypeDHDB,ValueSet/BehandlingsindikationKAR,ValueSet/VentralHernieTypeDHDB,ValueSet/HematologicalDiseases,ValueSet/PatobankSNOMEDDiagnoserLYFO,ValueSet/LocationExtranodalFemale,ValueSet/PlasmaDiagnose202412,ValueSet/CytogeneticRiskGrimwade2010,ValueSet/LocationPriSecNodalFemale,ValueSet/DiagnoseDMPNopfoelgning,ValueSet/Cytopeni,ValueSet/PatobankSNOMEDDMPNDiagnose,ValueSet/StomiTypeDHDB"
https://kip.rkkp.dk/fhir/CodeSystem/Dosis,2.11.1,active,,Dosis,Dosis,"Dosis i givne mængder","ValueSet/DosisAKbehDKR"
https://kip.rkkp.dk/fhir/CodeSystem/EDTACodes,2.11.1,active,,EDTACodes,EDTA koder (DNSL),"EDTA koder (DNSL)","ValueSet/EDTAHaemodialyseDNSL,ValueSet/EDTATransplantationDNSL,ValueSet/EDTAPeritonedialyseDNSL"
https://kip.rkkp.dk/fhir/CodeSystem/EHSIncisionalHerniaClassification,2.11.1,active,,EHSIncisionalHerniaClassification,EHS - Incisional hernia classification,"EHS (European Hernia Society) - Incisional hernia classification; Link: https://www.ncbi.nlm.nih.gov/pmc/articles/PMC2719726/","ValueSet/EHSVentralHernieSamlet,ValueSet/EHSVentralHernieMidtlinie,ValueSet/EHSVentralHernieLateral"
https://kip.rkkp.dk/fhir/CodeSystem/EHSIncisionalHerniaClassificationType,2.11.1,active,,EHSIncisionalHerniaClassificationType,EHS - Incisional hernia classification type,"EHS (European Hernia Society) - Incisional hernia classification type","ValueSet/EHSVentralHernieType"
https://kip.rkkp.dk/fhir/CodeSystem/EORTCQLQC1514,2.11.1,active,,EORTCQLQC1514,EORTC QLQ-C15-PAL 1-4,"EORTC Palliativ spørgeskema (1-15) grad 1-4. Se https://www.eortc.org/research_field/quality-of-life/","ValueSet/Skala,ValueSet/EORTC24DPD,ValueSet/EORTC14DPD"
https://kip.rkkp.dk/fhir/CodeSystem/EORTCQLQC1517,2.11.1,active,,EORTCQLQC1517,EORTC QLQ-C15-PAL G1-7,"EORTC Palliativ spørgeskema (1-15) grad 1-7. Se https://www.eortc.org/research_field/quality-of-life/","ValueSet/EORTC17DUGA,ValueSet/EORTC17DPD"
https://kip.rkkp.dk/fhir/CodeSystem/EconomicSupport,2.11.1,active,,EconomicSupport,Economic support,"Economic support","ValueSet/ForsoergelsesgrundlagRETSPSYK"
https://kip.rkkp.dk/fhir/CodeSystem/EdemaStroke,2.11.1,active,,EdemaStroke,Edema (brain) - Stroke,"Edema (brain) - Stroke","ValueSet/HjerneoedemDAP"
https://kip.rkkp.dk/fhir/CodeSystem/EducationType,2.11.1,active,,EducationType,Education Type,"Education Type","ValueSet/Undervisning"
https://kip.rkkp.dk/fhir/CodeSystem/EndoscopicAppearance,2.11.1,active,,EndoscopicAppearance,Endoscopic appearance,"Endoscopic appearance","ValueSet/EndoskopiskUdseende"
https://kip.rkkp.dk/fhir/CodeSystem/EsophagealLokalization,2.11.1,active,,EsophagealLokalization,Lokalization esophagus cancer,"Lokalization esophagus cancer","ValueSet/LokalisationEsophagusDEGC"
https://kip.rkkp.dk/fhir/CodeSystem/FISHVariables,2.11.1,active,,FISHVariables,FISH variables; test,"FISH variables; test","ValueSet/FISHProcedure,ValueSet/FISHSamples,ValueSet/FISHSamples202502,ValueSet/FISHResult,ValueSet/FISHResult202502"
https://kip.rkkp.dk/fhir/CodeSystem/Faggruppe,2.11.1,active,,Faggruppe,Faggruppe,"Faggruppe involveret i hændelser","ValueSet/Faggruppe"
https://kip.rkkp.dk/fhir/CodeSystem/FisherGradingScale,2.11.1,active,,FisherGradingScale,Fisher grading scale,"Fisher grading scale; Link: https://radiopaedia.org/articles/fisher-scale","ValueSet/FisherGrad"
https://kip.rkkp.dk/fhir/CodeSystem/FixationCruciateLigaments,2.11.1,active,,FixationCruciateLigaments,Fixation for cruciate ligaments (femur and tibia); types of screws,"Fixation for cruciate ligaments (femur and tibia), types of screws","ValueSet/FiksationFemurDKRR,ValueSet/FiksationFemurDKRR202503,ValueSet/FiksationTibiaDKRR"
https://kip.rkkp.dk/fhir/CodeSystem/FollowUp,2.11.1,active,,FollowUp,Opfølgning - intervaller,"Opfølgningsperiode, dage, uger, måneder, år","ValueSet/FollowUp25Y,ValueSet/Hyppighed"
https://kip.rkkp.dk/fhir/CodeSystem/Frekvens,2.11.1,active,,Frekvens,Frekvens,"Frekvens for hvor ofte en given hændelse optræder","ValueSet/FrekvensLaekDUGA,ValueSet/FrekvensNedsynkningDUGA"
https://kip.rkkp.dk/fhir/CodeSystem/FunctionGroupAlloplasty,2.11.1,active,,FunctionGroupAlloplasty,Function group (alloplasty),"Function group (alloplasty)","ValueSet/FunktionsgruppeDHR,ValueSet/FunktionsgruppeDKR"
https://kip.rkkp.dk/fhir/CodeSystem/FunctionTest,2.11.1,active,,FunctionTest,Function test,"Function test","ValueSet/FunktionTestADLDANDEM"
https://kip.rkkp.dk/fhir/CodeSystem/FunctionalScoreTypes,2.11.1,active,,FunctionalScoreTypes,FunctionalScoreTypes,"Anvendte typer ved måling af helbreds- eller funktionel score","ValueSet/ScoreTyperHOFTER"
https://kip.rkkp.dk/fhir/CodeSystem/GenericValues,2.11.1,active,,GenericValues,Generic values,"Generic values for a multitude of questions. This is meant as an extension to several codesystems, where codes from below might appear.","ValueSet/ImplantatMaterialeDSR,ValueSet/IndgrebAabenMeshIngvinalhernieDHDB,ValueSet/VarighedPostOPTrombDKR1,ValueSet/TidligereOperationDKR,ValueSet/PeritonealdefektLukningDHDB,ValueSet/TackernavnNonAbsorberbarDHDB,ValueSet/VarighedPostOPTrombDKR3,ValueSet/VarighedPostOPTrombDKR2,ValueSet/IndgrebIngvinalhernieDHDB,ValueSet/CytogeneticResult202410,ValueSet/MenisklaesionBehandlingDKRR,ValueSet/OperativProcedureKategoriKolonDCCG,ValueSet/PraeoperativUdrensningDCCG,ValueSet/ChromosomPairs,ValueSet/KomponentTibiaDKRrevision,ValueSet/IndsatIkkeIndsat,ValueSet/ClavienKomplikationsgrad,ValueSet/OperativProcedureKategoriRektumDCCG,ValueSet/PeroperativMetastasebehandling,ValueSet/PraeoperativPlanlaegningDSR,ValueSet/CaputDiameterDHR,ValueSet/MComponentTypeLyfo,ValueSet/KomponentFemurDKRrevision202503,ValueSet/IDC10DPD,ValueSet/ATCDMPN202410,ValueSet/CytogeneticRiskGrimwade2010,ValueSet/OperationspaaklaedningDHR,ValueSet/ManglendeBehandling,ValueSet/JaNejUvistIkkeudfoert,ValueSet/ATCDMPN,ValueSet/OperationssideKAR,ValueSet/KomponentFemurDKRrevision,ValueSet/LokalStraaleterapi,ValueSet/BehandlingCML,ValueSet/EndoskopiskUdseende,ValueSet/TreatmentScheduledDAMYDA,ValueSet/KomponentFemurStatusDKR,ValueSet/Hyppighed,ValueSet/AntibiotikaprofylakseDHR,ValueSet/IntraoperativeLaesionerKDCCG,ValueSet/Radioimmunoterapi,ValueSet/KnoglegraftDSR,ValueSet/ATCAntibiotikaprofylakseDKR,ValueSet/KomponentTibiaDKR,ValueSet/OperationssaarKomplikationerKAR,ValueSet/KomponentTibiaDKR202503,ValueSet/Cyclus,ValueSet/HeartRhythm,ValueSet/AdministrationType,ValueSet/IndsatFjernet,ValueSet/KomplikationerDKRR,ValueSet/AnaestesiRegionalUniverselKombineret,ValueSet/TreatmentPreservation,ValueSet/CementHofteDHR,ValueSet/KomponentTypeFemurDHR,ValueSet/RevisionIndikationDSR,ValueSet/DegcMDTBeslutning,ValueSet/BehandlingsindikationKAR,ValueSet/AktivitetSportDKRR,ValueSet/MaaleudstyrDKRR,ValueSet/AlloplastiktypeDKR,ValueSet/HumeruskomponentDSR,ValueSet/CytogeneticSpecificerFund,ValueSet/FISHSamples,ValueSet/OperativeAdgangDHR,ValueSet/GrundlidelseDKR,ValueSet/CaputnekroseDSR,ValueSet/FiksationTibiaDKRR,ValueSet/ResektionUdfoerelseDCCG,ValueSet/KomponentAcetabulumStatusDHR,ValueSet/TreatmentResponseALD,ValueSet/ErklaeringRETSPSYK,ValueSet/CytogeneticExamination,ValueSet/FunktionsgruppeDKR,ValueSet/FISHSamples202502,ValueSet/GrundlidelseDHR,ValueSet/BulkingMaterialeDUGA,ValueSet/AnatomiskLokation2,ValueSet/AnatomiskLokation3,ValueSet/RevisionUdskiftningDHR,ValueSet/VentralHernieTypeDHDB,ValueSet/TypeLokalresektionKolonDCCG,ValueSet/FISHResult,ValueSet/Undervisning,ValueSet/ATCChemoPreparation,ValueSet/SuturNonResorberbarMultiDHDB,ValueSet/CementFemurTibiaPatellaDKR,ValueSet/DVTProfylakseDosisDKRR,ValueSet/MeshPlaceringDHDB,ValueSet/LukningHudDHDB,ValueSet/KomponentFemurDKR,ValueSet/UndersoendeLAB,ValueSet/DomAfslutningRETSPSYK,ValueSet/VarighedDKR,ValueSet/FISHResult202502,ValueSet/DoedsaarsagCLL,ValueSet/CytogeneticRiskGrimwade2010DAMYDA,ValueSet/ClinicalProtocolCodes1,ValueSet/TidligereIndgrebDSR,ValueSet/IndgrebVentralhernieDHDB,ValueSet/KomponentFemurDHR,ValueSet/ClavienKomplikationsgradDCCG,ValueSet/KomplikationerBehandlingDEGC,ValueSet/PostoperativeKomplikationerDCCG,ValueSet/AntibiotikaprofylakseDKRR,ValueSet/Immunoterapi,ValueSet/BilateralUnilateral,ValueSet/RadiologicalBoneChanges202412,ValueSet/KomponentTibiaStatusDKR,ValueSet/AKFravalgt,ValueSet/MeshFikseringDHDB,ValueSet/IndgrebNerveSet,ValueSet/FiksationCementeretUcementeretAndet,ValueSet/AflastendeProcedure,ValueSet/ATCTromboseprofylakseDKR,ValueSet/CytogeneticRisk,ValueSet/MorsDiagnosegrupper,ValueSet/ProtesestatusDHR,ValueSet/ATCAntibiotikaprofylakseDosisDKR,ValueSet/FunktionsgruppeDHR,ValueSet/RisikovurderingRETSPSYK,ValueSet/TreatmentCrossSection,ValueSet/JaNejBetinget,ValueSet/KomponentFemurStatusDHR,ValueSet/IndgrebVentralhernieAndenDHDB,ValueSet/Uspecificeret,ValueSet/KomponentPatellaDKRrevision,ValueSet/Ingen,ValueSet/AnatomiskLokation1,ValueSet/AnastomoseType3,ValueSet/KursusregAarsag,ValueSet/AnastomoseType1,ValueSet/ProcedureIkkeGennemfortDCCG,ValueSet/SuturHurtigResorberbarMonoDHDB,ValueSet/MeshTypeVentralhernieDHDB,ValueSet/ManglendeEORTC,ValueSet/DiagnoseDANDEM,ValueSet/KomplikationerPeroperativeDKR,ValueSet/SuturMonofilamentTypeVentralhernieDHDB,ValueSet/ATCChemoCLL,ValueSet/KomponentSupplementDKR,ValueSet/BehandlingsResponsEvalueringLYFO,ValueSet/ImplantatMaterialeKeramikMetalAndet,ValueSet/VentralHernieCicatriceTypeDHDB,ValueSet/AfdelingDandem,ValueSet/HematologicalDiseases,ValueSet/BehandlingDHR,ValueSet/IndgrebAabenIngvinalhernieDHDB,ValueSet/TreatmentResponseEvaluationCLL,ValueSet/IndgrebFemoralhernieDHDB,ValueSet/SuturHurtigResorberbarMultiDHDB,ValueSet/LimnavnDHDB,ValueSet/OperationIkkeGennemfortDCCG,ValueSet/ProteseDSR,ValueSet/TrombolyseprofylakseDHR,ValueSet/ParagrafferRETSPSYK,ValueSet/HenvistFra,ValueSet/DSAFundLokation,ValueSet/BiobankSamples,ValueSet/RevisionIndikationDHR,ValueSet/TreatmentIndicationCLL,ValueSet/StraaleterapiLYFO,ValueSet/ProcedureUdfoertK2DCCG,ValueSet/SuturLangsomResorberbarMonoDHDB,ValueSet/DomAnbefalingRETSPSYK,ValueSet/BehandlingCMMLMDS,ValueSet/VarighedPostOPTrombDKRVitKanta,ValueSet/JaNejIkkeUdfoert,ValueSet/CementDKR,ValueSet/Status,ValueSet/BegrundelseEndoskopiskLokalresektioen,ValueSet/CytogeneticResult,ValueSet/BrusklaesionBehandlingDKRR,ValueSet/OperationstypeLYFO,ValueSet/BehandlingPsykofarmakologiskRETSPSYK,ValueSet/MedicalScanningTypes202412,ValueSet/IntraoperativeLaesionerMDCCG,ValueSet/TidligereOperationHofte,ValueSet/SKSExtraModularDisease,ValueSet/ArtrosefoelgeDSR,ValueSet/PraeoperativMetastaseBehandlingDCCG,ValueSet/KomplikationerPeroperativeDHR,ValueSet/RevisionIndikationDKR,ValueSet/ProcedureUdfoertR2DCCG,ValueSet/RevisionAarsagDKRR,ValueSet/KomponentPatellaDKR,ValueSet/ArtritisDSR,ValueSet/ReoperationAarsagDKRR,ValueSet/Transplantation,ValueSet/MolecurlarBiologyExamination,ValueSet/SubscapularisDSR,ValueSet/ForsoergelsesgrundlagRETSPSYK,ValueSet/GrundlidelseDSR,ValueSet/RadiologicalBoneChanges,ValueSet/LokationAneurismeSAH,ValueSet/ResultTestFISH,ValueSet/SygdomMedicinskBehandletDHDB,ValueSet/ProcedureUdfoertDCCG,ValueSet/VasospasmerTiltag,ValueSet/AKBehandlingDKR,ValueSet/TackernavnAbsorberbarDHDB,ValueSet/ExtraordinaryTreatmenCause,ValueSet/OperativProcedureKategoriDCCG,ValueSet/AntibiotikaMedUden,ValueSet/IngvinalhernieSpecificering,ValueSet/FiksationFemurDKRR202503,ValueSet/OperationerDKRR,ValueSet/CytogeneticCancerChangesALD,ValueSet/BehandlingsTypeStamcellestoetteLYFO,ValueSet/ManglendeVisitation,ValueSet/OperativtFundIngvinalhernieDHDB,ValueSet/PaavirkningRETSPSYK,ValueSet/GraftDKRR,ValueSet/ATCTargetCLL,ValueSet/MKomponentLaboratoriesvar,ValueSet/SlyngeDUGA,ValueSet/BehandlingsresponsCML,ValueSet/Skematype,ValueSet/MeshTypeIngvinalhernieDHDB,ValueSet/TypeLokalresektionDCCG,ValueSet/VarighedPostOPTrombDKR,ValueSet/CALRvariant,ValueSet/SuturNonResorberbarMonoDHDB,ValueSet/IngenBehandling,ValueSet/TransplantationTypeDHR,ValueSet/FiksationFemurDKRR,ValueSet/ClinicalProtocolCodes,ValueSet/KomponentTibiaDKRrevision202503,ValueSet/MedicinPraeparatDSR,ValueSet/BehandlingMDS,ValueSet/PaavirkningPaagaaendeRETSPSYK,ValueSet/KliniskeSymptomerDCCG,ValueSet/FISHProcedure,ValueSet/KomponentAcetabulumDHR,ValueSet/KirurgiskAdgangDSR,ValueSet/RevisionstypeDSR,ValueSet/JaNejIkkeindiceret,ValueSet/IDC10DPDNonCancer,ValueSet/DoedLokation,ValueSet/IkkeUdfoert,ValueSet/KomponentFemurDKR202503,ValueSet/CytogeneticStemCellType,ValueSet/RevisionStatusDKR,ValueSet/RevisionDHR,ValueSet/AarsagTilProcedureDCCG,ValueSet/BehandlinsplanAendretAarsagDCCG,ValueSet/ProcedureTypeDCCG2,ValueSet/ATCImmunotherapyCLL,ValueSet/GlenoidalkomponentIkkeIndsatDSR,ValueSet/VarighedPostOPTrombDKRNOAK,ValueSet/GraftACLDKRR,ValueSet/MedicalScanningTypes,ValueSet/ProcedurerAndreDKRR,ValueSet/GlenoidalkomponentSupplerendeDSR,ValueSet/ClavienKomplikationsgradLangDCCG,ValueSet/RobotDHDB,ValueSet/BloedningsprofylakseDHR,ValueSet/TransplantationcenterALG,ValueSet/SupplerendeIndgrebDSR,ValueSet/KonferenceDPD,ValueSet/Result"
https://kip.rkkp.dk/fhir/CodeSystem/GenoplivStoppet,2.11.1,active,,GenoplivStoppet,Genoplivning indstillet - årsag,"Årsager til indstilling af genoplivningsforsøg","ValueSet/GenoplivStoppet"
https://kip.rkkp.dk/fhir/CodeSystem/Genoplivning,2.11.1,active,,Genoplivning,Genoplivning,"Aktivitet ifm genoplivning","ValueSet/Genoplivning"
https://kip.rkkp.dk/fhir/CodeSystem/GraftCruciateLigaments,2.11.1,active,,GraftCruciateLigaments,Grafts for cruciate ligaments; types of grafts,"Grafts for cruciate ligaments, types of grafts","ValueSet/GraftDKRR,ValueSet/GraftACLDKRR"
https://kip.rkkp.dk/fhir/CodeSystem/GynUndersoegDUGA,2.11.1,active,,GynUndersoegDUGA,Gynækologisk undersøgelsesmetode (DUGA),"Gynækologisk undersøgelsesmetode (DUGA)","ValueSet/GynUndersoegDUGA"
https://kip.rkkp.dk/fhir/CodeSystem/HaemoglobinTransf4,2.11.1,active,,HaemoglobinTransf4,HGBTransfusion4,"Hæmoglobinværdi før blodtransfusion","ValueSet/HaemoglobinTransf4"
https://kip.rkkp.dk/fhir/CodeSystem/HaendelseIndtraeffer,2.11.1,active,,HaendelseIndtraeffer,Hændelse indtræffer,"I hvilken sammenhæng sker en given hændelse","ValueSet/UrniLaekDUGA"
https://kip.rkkp.dk/fhir/CodeSystem/HarrisHipScoreDistanceWalked,2.11.1,active,,HarrisHipScoreDistanceWalked,Harris Hip Score (HHS) - Distance walked,"Harris Hip Score (HHS) - Distance walked. Link: https://www.orthopaedicscore.com/scorepages/harris_hip_score.html","ValueSet/HarrisHipScoreGangdistance"
https://kip.rkkp.dk/fhir/CodeSystem/HarrisHipScoreLimp,2.11.1,active,,HarrisHipScoreLimp,Harris Hip Score (HHS) - Limp,"Harris Hip Score (HHS) - Limp. Link: https://www.orthopaedicscore.com/scorepages/harris_hip_score.html","ValueSet/HarrisHipScoreGangafvikling"
https://kip.rkkp.dk/fhir/CodeSystem/HarrisHipScorePain,2.11.1,active,,HarrisHipScorePain,Harris Hip Score (HHS) - Pain,"Harris Hip Score (HHS) - Pain. Link: https://www.orthopaedicscore.com/scorepages/harris_hip_score.html","ValueSet/HarrisHipScoreSmerter"
https://kip.rkkp.dk/fhir/CodeSystem/HarrisHipScorePublicTransportation,2.11.1,active,,HarrisHipScorePublicTransportation,Harris Hip Score (HHS) - Public transportation,"Harris Hip Score (HHS) - Public transportation. Link: https://www.orthopaedicscore.com/scorepages/harris_hip_score.html","ValueSet/HarrisHipScoreOffentligTransport"
https://kip.rkkp.dk/fhir/CodeSystem/HarrisHipScoreShoesSocks,2.11.1,active,,HarrisHipScoreShoesSocks,Harris Hip Score (HHS) - Activities - shoes, socks,"Harris Hip Score (HHS) - Activities - shoes socks. Link: https://www.orthopaedicscore.com/scorepages/harris_hip_score.html","ValueSet/HarrisHipScoreSkoStroemper"
https://kip.rkkp.dk/fhir/CodeSystem/HarrisHipScoreSitting,2.11.1,active,,HarrisHipScoreSitting,Harris Hip Score (HHS) - Sitting,"Harris Hip Score (HHS) - Sitting. Link: https://www.orthopaedicscore.com/scorepages/harris_hip_score.html","ValueSet/HarrisHipScoreSiddefunktion"
https://kip.rkkp.dk/fhir/CodeSystem/HarrisHipScoreStairs,2.11.1,active,,HarrisHipScoreStairs,Harris Hip Score (HHS) - Stairs,"Harris Hip Score (HHS) - Stairs. Link: https://www.orthopaedicscore.com/scorepages/harris_hip_score.html","ValueSet/HarrisHipScoreTrappegang"
https://kip.rkkp.dk/fhir/CodeSystem/HarrisHipScoreSupport,2.11.1,active,,HarrisHipScoreSupport,Harris Hip Score (HHS) - Support,"Harris Hip Score (HHS) - Support. Link: https://www.orthopaedicscore.com/scorepages/harris_hip_score.html","ValueSet/HarrisHipScoreHjaelpemidler"
https://kip.rkkp.dk/fhir/CodeSystem/HeartRhythm,2.11.1,active,,HeartRhythm,Hjerterytme,"Patientens hjerterytme","ValueSet/HeartRhythm"
https://kip.rkkp.dk/fhir/CodeSystem/HerniaSize,2.11.1,active,,HerniaSize,Hernia size,"Hernia size","ValueSet/HernieStoerrelse"
https://kip.rkkp.dk/fhir/CodeSystem/HipJointArthroplastyComponent,2.11.1,active,,HipJointArthroplastyComponent,Hip joint arthroplasty - components,"Hip joint arthroplasty - components","ValueSet/KomponentAcetabulumDHR,ValueSet/KomponentFemurDHR"
https://kip.rkkp.dk/fhir/CodeSystem/HjerterytmeAnalyse,2.11.1,active,,HjerterytmeAnalyse,HjerterytmeAnalyse,"Analyse af hjerterytme","ValueSet/Hjerterytme"
https://kip.rkkp.dk/fhir/CodeSystem/HjertestopAarsag,2.11.1,active,,HjertestopAarsag,Hjertestop Årsag,"Årsag til hjertestop","ValueSet/HjertestopAarsag"
https://kip.rkkp.dk/fhir/CodeSystem/HousingType,2.11.1,active,,HousingType,Housing type,"Housing type","ValueSet/BoligforholdRETSPSYK,ValueSet/BoligformDAP"
https://kip.rkkp.dk/fhir/CodeSystem/HuntHessClassification,2.11.1,active,,HuntHessClassification,Hunt and Hess scale,"Hunt and Hess scale; Link: https://radiopaedia.org/articles/hunt-and-hess-grading-system","ValueSet/HuntHessClassification"
https://kip.rkkp.dk/fhir/CodeSystem/ICHAction,2.11.1,active,,ICHAction,Action upon discovery of ICH,"Action upon discovery of ICH (Intracerebral haematoma)","ValueSet/ICHEvakuering"
https://kip.rkkp.dk/fhir/CodeSystem/ICRSGradingSystem,2.11.1,active,,ICRSGradingSystem,ICRS grading system,"ICRS grading system; Link: https://www.researchgate.net/figure/The-International-Cartilage-Repair-Society-ICRS-Cartilage-Lesion-Classification-System_fig2_224847959","ValueSet/ICRSGraduering14"
https://kip.rkkp.dk/fhir/CodeSystem/IPSSRCytogeneticCategory,2.11.1,active,,IPSSRCytogeneticCategory,IPSS-R - Cytogenetic Category,"IPSS-R - Cytogenetic Category. Link: https://www.hematology.dk/index.php/vejledninger/udregnere/330-ipss-r","ValueSet/IPSSRCytogenetiskRisiko"
https://kip.rkkp.dk/fhir/CodeSystem/IkkeBesvaret,2.11.1,active,,IkkeBesvaret,Ikke besvaret,"Årsager til ikke-besvaret spørgsmål","ValueSet/IkkeBesvaret"
https://kip.rkkp.dk/fhir/CodeSystem/ImplantComponents,2.11.1,active,,ImplantComponents,Implant components,"Implant components","ValueSet/ImplantatMaterialeDSR,ValueSet/StemkarakteristikDSR,ValueSet/LinertypeDHR,ValueSet/OsteotomiTypeAlmindeligExtendedDHR,ValueSet/ProteseFjernelseDHR,ValueSet/KomponentSupplementDKR,ValueSet/ImplantatMaterialeKeramikMetalAndet,ValueSet/RevisionUdskiftningDHR,ValueSet/ImplantatReverseDesign,ValueSet/CementBlandesystemDHR,ValueSet/KnoglegraftDSR,ValueSet/KomponentTibiaStatusDKR,ValueSet/KnogletransplantationDHR,ValueSet/FiksationCementeretUcementeretAndet,ValueSet/RevisionHumerusKomponentDSR,ValueSet/StemlaengdeDSR,ValueSet/ImplantatMaterialePolyethylenKeramikMetal,ValueSet/ProtesestatusDHR,ValueSet/LinerCrosslinkedDHR,ValueSet/ImplantatAnatomiskDesign,ValueSet/CaputTypeDHR,ValueSet/KomponentPatellaDKRrevision,ValueSet/GlenoidalkomponentIkkeIndsatDSR,ValueSet/GlenoidalkomponentSupplerendeDSR,ValueSet/KomponentTypeFemurDHR,ValueSet/KomponentPatellaDKR,ValueSet/KomponentTypeDKR,ValueSet/ImplantatAnatomiskOffset,ValueSet/ImplantatAnatomiskReverse,ValueSet/HumeruskomponentDSR,ValueSet/FiksationCementeretUcementeret,ValueSet/FiksationCementeretUcementeretHybrid,ValueSet/KomponentPatellaMaterialeDKR,ValueSet/KomponentTypeHullerUdenhullerDHR,ValueSet/CaputModulaerTypeDHR,ValueSet/RevisionHumerusCavitasDSR"
https://kip.rkkp.dk/fhir/CodeSystem/ImplantattypeDUGA,2.11.1,active,,ImplantattypeDUGA,Implantattype - Urogynækologi (DUGA),"Implantattype - Urogynækologi (DUGA)","ValueSet/ImplantattypeDUGA"
https://kip.rkkp.dk/fhir/CodeSystem/IncisionChoice,2.11.1,active,,IncisionChoice,Incision choice,"Incisionsvalg eller operativ adgang","ValueSet/OperativAdgangDKR,ValueSet/Incisionsvalg,ValueSet/KirurgiskAdgangDSR"
https://kip.rkkp.dk/fhir/CodeSystem/Intervals,2.11.1,active,,Intervals,Intervals,"Intervals. Generic intervals.","ValueSet/FrakturFriskhedDSR,ValueSet/ATCAntibiotikaprofylakseDosisDKR,ValueSet/DVTProfylakseDosisDKRR,ValueSet/MLInstabilitetDKR,ValueSet/BrusklaesionArealDKRR,ValueSet/APInstabilitetDKR,ValueSet/ATCAntibiotikaprofylakseVarighedDKR,ValueSet/KnaeakseDKR,ValueSet/BenlaengdeDHR"
https://kip.rkkp.dk/fhir/CodeSystem/IntervalsExact,2.11.1,active,,IntervalsExact,Intervaller eksakte værdier,"Intervaller med varierende eksakte værdier","ValueSet/POPQGhDUGA,ValueSet/POPQTvlDUGA,ValueSet/POPQCDDUGA,ValueSet/POPQPbDUGA,ValueSet/POPQBaDUGA,ValueSet/POPQAaApDUGA,ValueSet/POPQBpDUGA,ValueSet/POPQKompartmentDUGA"
https://kip.rkkp.dk/fhir/CodeSystem/Interventionsforloeb,2.11.1,active,,Interventionsforloeb,Interventionsforløb,"Interventionsforløb","ValueSet/Interventionsforloeb"
https://kip.rkkp.dk/fhir/CodeSystem/Interventionsgruppe,2.11.1,active,,Interventionsgruppe,Interventionsgruppe,"Interventionsgruppe (DNSL)","ValueSet/InterventionsgruppeDialysePeritonealDNSL,ValueSet/InterventionsgruppeTransplantDNSL,ValueSet/InterventionsgruppeTransplantExclDNSL,ValueSet/InterventionsgruppeDialyseHaemoDNSL"
https://kip.rkkp.dk/fhir/CodeSystem/Intubation,2.11.1,active,,Intubation,Intubation,"Resultat af luftvejshåndtering vha. intubation","ValueSet/Intubation"
https://kip.rkkp.dk/fhir/CodeSystem/IntubationRelaks,2.11.1,active,,IntubationRelaks,Relaksation til intubation,"Relaksation til intubation","ValueSet/IntubationRelaks"
https://kip.rkkp.dk/fhir/CodeSystem/KellgrenLawrenceKlassifikation,2.11.1,active,,KellgrenLawrenceKlassifikation,Kellgren-Lawrence Klassifikation,"Kellgren-Lawrence Klassifikation","ValueSet/KellgrenLawsonKlassifikation"
https://kip.rkkp.dk/fhir/CodeSystem/KliniskeSymptomerDCCG,2.11.1,active,,KliniskeSymptomerDCCG,Kliniske symptomer (DCCG),"Kliniske symptomer (DCCG)","ValueSet/KliniskeSymptomerDCCG"
https://kip.rkkp.dk/fhir/CodeSystem/KneeJointArthroplastyComponent,2.11.1,active,,KneeJointArthroplastyComponent,Knee joint arthroplasty - components,"Knee joint arthroplasty - components","ValueSet/KomponentFemurDKRrevision202503,ValueSet/KomponentTibiaDKRrevision,ValueSet/KomponentTibiaDKR,ValueSet/KomponentTibiaDKRrevision202503,ValueSet/KomponentTibiaDKR202503,ValueSet/KomponentFemurDKR202503,ValueSet/KomponentFemurDKR,ValueSet/KomponentFemurDKRrevision"
https://kip.rkkp.dk/fhir/CodeSystem/KneeLoosenessGrading,2.11.1,active,,KneeLoosenessGrading,Knee looseness grading,"Knee looseness grading","ValueSet/KnaeLoeshedGradering,ValueSet/KnaeLoeshedPosterolateral"
https://kip.rkkp.dk/fhir/CodeSystem/KomponentLiner,2.11.1,active,,KomponentLiner,Liner komponent,"Liner komponenter med/uden post","ValueSet/LinerMedPostDKR,ValueSet/LinerUdenPostDKR"
https://kip.rkkp.dk/fhir/CodeSystem/KorsbaandEjBevaret,2.11.1,active,,KorsbaandEjBevaret,Korsbånd ikke bevaret,"Korsbånd ikke bevaret efter operation","ValueSet/KorsbaandEjBevaret"
https://kip.rkkp.dk/fhir/CodeSystem/LaryngoskopiDegree,2.11.1,active,,LaryngoskopiDegree,Laryngoskopi grad,"Bedst opnåede laryngoskopigrad ved  direkte laryngoskopi efter Cormack & Lehane","ValueSet/LaryngoskopiDegree"
https://kip.rkkp.dk/fhir/CodeSystem/LesionType,2.11.1,active,,LesionType,Lesion type,"Lesion type","ValueSet/MenisklaesionTypeDKRR"
https://kip.rkkp.dk/fhir/CodeSystem/LifeStatus,2.11.1,active,,LifeStatus,Liv Status,"Patientens status ved udskrivelse","ValueSet/LifeStatus"
https://kip.rkkp.dk/fhir/CodeSystem/MComponentType,2.11.1,active,,MComponentType,M component (Myeloma protein) type,"M component (Myeloma protein) type","ValueSet/MComponentTypeLyfo,ValueSet/UMComponentTypeDAMYDA,ValueSet/MComponentTypeDAMYDA"
https://kip.rkkp.dk/fhir/CodeSystem/MDTNotFollowed,2.11.1,active,,MDTNotFollowed,Reasons for MDT-decision not followed,"Årsagen til hvorfor MDT-beslutning (Multidisciplinære Teamkonferencer) ikke er fuldt","ValueSet/MDTIkkeFulgt"
https://kip.rkkp.dk/fhir/CodeSystem/MTICIClassification,2.11.1,active,,MTICIClassification,Modified treatment in cerebral ischemia (mTICI) score,"Modified treatment in cerebral ischemia (mTICI) score; Link: https://radiopaedia.org/articles/modified-treatment-in-cerebral-ischaemia-mtici-score","ValueSet/MTICIReperfusionsgrad"
https://kip.rkkp.dk/fhir/CodeSystem/MaaleEnheder,2.11.1,active,,MaaleEnheder,Måleenheder,"Enheder til dokumentation af mængde, vægt, længde mm.","ValueSet/MaaleEnhedHAEMA2,ValueSet/MaaleEnhedHAEMA3,ValueSet/AlleMaaleEnheder"
https://kip.rkkp.dk/fhir/CodeSystem/Maengde,2.11.1,active,,Maengde,Mængde,"Angivelse af mængder","ValueSet/Maengder"
https://kip.rkkp.dk/fhir/CodeSystem/MaritalStatus,2.11.1,active,,MaritalStatus,Marital status / Living with others,"Marital status / Living with others","ValueSet/CivilstandDAP,ValueSet/CivilstatusRETSPSYK,ValueSet/Boligform"
https://kip.rkkp.dk/fhir/CodeSystem/MeasurementDevices,2.11.1,active,,MeasurementDevices,Measurement devices,"Measurement devices","ValueSet/MaaleudstyrDKRR"
https://kip.rkkp.dk/fhir/CodeSystem/MedicalFixationClosing,2.11.1,active,,MedicalFixationClosing,Medical fixation and closing,"Medical fixation and closing","ValueSet/SuturNonResorberbarMultiDHDB,ValueSet/SuturHurtigResorberbarMonoDHDB,ValueSet/SuturHurtigResorberbarMultiDHDB,ValueSet/TackernavnAbsorberbarDHDB,ValueSet/LukningHudDHDB,ValueSet/SuturMaterialeVentralhernieDHDB,ValueSet/LimnavnDHDB,ValueSet/SuturMonofilamentTypeVentralhernieDHDB,ValueSet/PeritonealdefektLukningDHDB,ValueSet/TackernavnNonAbsorberbarDHDB,ValueSet/TackertypeDHDB,ValueSet/SuturTypeVentralhernieDHDB,ValueSet/MeshFikseringDHDB,ValueSet/SuturNonResorberbarMonoDHDB,ValueSet/SuturLangsomResorberbarMonoDHDB,ValueSet/SuturTypeDHDB"
https://kip.rkkp.dk/fhir/CodeSystem/MedicalScanningTypes,2.11.1,active,,MedicalScanningTypes,Medical scanning types,"Medical scanning types","ValueSet/ScanningstyperCTMR,ValueSet/PraeoperativPlanlaegningDSR,ValueSet/Imaging,ValueSet/ImagingAngio,ValueSet/MedicalScanningTypes,ValueSet/MedicalScanningTypes202412"
https://kip.rkkp.dk/fhir/CodeSystem/MedicalTreatmentAdministrationType,2.11.1,active,,MedicalTreatmentAdministrationType,Medical treatment: Medication administration,"Medical treatment: Medication administration","ValueSet/AdministrationType,ValueSet/AdministrationTypeDCCG,ValueSet/PraeoperativUdrensningDCCG"
https://kip.rkkp.dk/fhir/CodeSystem/MedicalTreatmentDuration,2.11.1,active,,MedicalTreatmentDuration,Medical treatment duration,"Medical treatment duration","ValueSet/MedicinVarighedDSR"
https://kip.rkkp.dk/fhir/CodeSystem/MedicalTreatmentStartOf,2.11.1,active,,MedicalTreatmentStartOf,Medical treatment: when did the treatment begin,"Medical treatment: when did the treatment begin compared to operation/procedure","ValueSet/MedicinalBehandlingPaabegyndtDHR"
https://kip.rkkp.dk/fhir/CodeSystem/MedicationName,2.11.1,active,,MedicationName,Medication name,"Medication name","ValueSet/AntibiotikaprofylakseDHR,ValueSet/TrombolyseprofylakseDHR"
https://kip.rkkp.dk/fhir/CodeSystem/MedicinDANARREST,2.11.1,active,,MedicinDANARREST,Medicin givet ved hjertestop,"Mediciin givet ved behandling i DANARREST specialet","ValueSet/MedicinDANARREST"
https://kip.rkkp.dk/fhir/CodeSystem/Medicine,2.11.1,active,,Medicine,Medicine,"Medicine","ValueSet/Trombolysepraeparater,ValueSet/VarighedPostOPTrombDKR,ValueSet/VarighedPostOPTrombDKRVitKanta,ValueSet/VarighedPostOPTrombDKR1,ValueSet/MedicinPraeparatDSR,ValueSet/VarighedPostOPTrombDKRNOAK,ValueSet/VarighedPostOPTrombDKR3,ValueSet/VarighedPostOPTrombDKR2"
https://kip.rkkp.dk/fhir/CodeSystem/MentalDeclaration,2.11.1,active,,MentalDeclaration,Mental declaration,"Mental declaration","ValueSet/ErklaeringRETSPSYK"
https://kip.rkkp.dk/fhir/CodeSystem/MeshPlacement,2.11.1,active,,MeshPlacement,Mesh placement,"Mesh placement","ValueSet/MeshPlaceringDHDB"
https://kip.rkkp.dk/fhir/CodeSystem/MeshTechnique,2.11.1,active,,MeshTechnique,Mesh technique,"Mesh technique","ValueSet/MeshTeknikDHDB"
https://kip.rkkp.dk/fhir/CodeSystem/MeshType,2.11.1,active,,MeshType,Mesh type,"Mesh type","ValueSet/MeshTypeIngvinalhernieDHDB,ValueSet/MeshTypeVentralhernieDHDB"
https://kip.rkkp.dk/fhir/CodeSystem/MolecularRemission,2.11.1,active,,MolecularRemission,Molecular remission (MR),"Molecular remission (MR)","ValueSet/MolecularRemission"
https://kip.rkkp.dk/fhir/CodeSystem/MorsDiagnosegrupper,2.11.1,active,,MorsDiagnosegrupper,Mors Diagnosegrupper (DNSL),"Mors Diagnosegrupper (DNSL)","ValueSet/MorsDiagnosegrupper"
https://kip.rkkp.dk/fhir/CodeSystem/MorsDiagnosekoder,2.11.1,active,,MorsDiagnosekoder,Mors Diagnosekoder (DNSL),"Mors Diagnosekoder (DNSL)","ValueSet/MorsDiagnoseSocialtDNSL,ValueSet/MorsDiagnoseVaskulaerDNSL,ValueSet/MorsDiagnoseForskelligtDNSL,ValueSet/MorsDiagnoseUlykkeDNSL,ValueSet/MorsDiagnoseInfektionerDNSL,ValueSet/MorsDiagnoseLeverDNSL,ValueSet/MorsDiagnoseKardialDNSL"
https://kip.rkkp.dk/fhir/CodeSystem/MuligVanskeligUmulig,2.11.1,active,,MuligVanskeligUmulig,Mulig-Vanskelig-Umulig,"Vurdering af behandling","ValueSet/MuligVanskeligUmulig"
https://kip.rkkp.dk/fhir/CodeSystem/NIHSS10Dysarthria,2.11.1,active,,NIHSS10Dysarthria,The National Institute of Health Stroke Scale (NIHSS) - 10. Dysarthria,"The National Institute of Health Stroke Scale (NIHSS) - 10. Dysarthria; Link: https://www.ninds.nih.gov/stroke-scales-and-related-information","ValueSet/NIHSS10Dysartri"
https://kip.rkkp.dk/fhir/CodeSystem/NIHSS11ExtinctionInattention,2.11.1,active,,NIHSS11ExtinctionInattention,The National Institute of Health Stroke Scale (NIHSS) - 11. Extinction and Inattention (formerly Neglect),"The National Institute of Health Stroke Scale (NIHSS) - 11. Extinction and Inattention (formerly Neglect); Link: https://www.ninds.nih.gov/stroke-scales-and-related-information","ValueSet/NIHSS11EkstinktionInattention"
https://kip.rkkp.dk/fhir/CodeSystem/NIHSS1aLOC,2.11.1,active,,NIHSS1aLOC,The National Institute of Health Stroke Scale (NIHSS) - 1a. Level of Consciousness,"The National Institute of Health Stroke Scale (NIHSS) - 1a. Level of Consciousness; Link: https://www.ninds.nih.gov/stroke-scales-and-related-information","ValueSet/NIHSS1aBevidsthedsniveau"
https://kip.rkkp.dk/fhir/CodeSystem/NIHSS1bLOC,2.11.1,active,,NIHSS1bLOC,The National Institute of Health Stroke Scale (NIHSS) - 1b. Level of Consciousness: Questions,"The National Institute of Health Stroke Scale (NIHSS) - 1b. Level of Consciousness: Questions; Link: https://www.ninds.nih.gov/stroke-scales-and-related-information","ValueSet/NIHSS1bBevidsthedsniveau"
https://kip.rkkp.dk/fhir/CodeSystem/NIHSS1cLOC,2.11.1,active,,NIHSS1cLOC,The National Institute of Health Stroke Scale (NIHSS) - 1c. Level of Consciousness: Commands,"The National Institute of Health Stroke Scale (NIHSS) - 1c. Level of Consciousness: Commands; Link: https://www.ninds.nih.gov/stroke-scales-and-related-information","ValueSet/NIHSS1cBevidsthedsniveau"
https://kip.rkkp.dk/fhir/CodeSystem/NIHSS2Gaze,2.11.1,active,,NIHSS2Gaze,The National Institute of Health Stroke Scale (NIHSS) - 2. Best Gaze,"The National Institute of Health Stroke Scale (NIHSS) - 2. Best Gaze; Link: https://www.ninds.nih.gov/stroke-scales-and-related-information","ValueSet/NIHSS2Blik"
https://kip.rkkp.dk/fhir/CodeSystem/NIHSS3Visual,2.11.1,active,,NIHSS3Visual,The National Institute of Health Stroke Scale (NIHSS) - 3. Visual,"The National Institute of Health Stroke Scale (NIHSS) - 3. Visual; Link: https://www.ninds.nih.gov/stroke-scales-and-related-information","ValueSet/NIHSS3Synsfelt"
https://kip.rkkp.dk/fhir/CodeSystem/NIHSS4FacialPalsy,2.11.1,active,,NIHSS4FacialPalsy,The National Institute of Health Stroke Scale (NIHSS) - 4. Facial Palsy,"The National Institute of Health Stroke Scale (NIHSS) - 4. Facial Palsy; Link: https://www.ninds.nih.gov/stroke-scales-and-related-information","ValueSet/NIHSS4Facialisparese"
https://kip.rkkp.dk/fhir/CodeSystem/NIHSS5MotorArm,2.11.1,active,,NIHSS5MotorArm,The National Institute of Health Stroke Scale (NIHSS) - 5. Motor Arm,"The National Institute of Health Stroke Scale (NIHSS) - 5. Motor Arm; Link: https://www.ninds.nih.gov/stroke-scales-and-related-information","ValueSet/NIHSS5FunktionArm"
https://kip.rkkp.dk/fhir/CodeSystem/NIHSS6MotorLeg,2.11.1,active,,NIHSS6MotorLeg,The National Institute of Health Stroke Scale (NIHSS) - 6. Motor Leg,"The National Institute of Health Stroke Scale (NIHSS) - 6. Motor Leg; Link: https://www.ninds.nih.gov/stroke-scales-and-related-information","ValueSet/NIHSS6FunktionBen"
https://kip.rkkp.dk/fhir/CodeSystem/NIHSS7LimbAtaxia,2.11.1,active,,NIHSS7LimbAtaxia,The National Institute of Health Stroke Scale (NIHSS) - 7. Limb Ataxia,"The National Institute of Health Stroke Scale (NIHSS) - 7. Limb Ataxia; Link: https://www.ninds.nih.gov/stroke-scales-and-related-information","ValueSet/NIHSS7Ataksi"
https://kip.rkkp.dk/fhir/CodeSystem/NIHSS8Sensory,2.11.1,active,,NIHSS8Sensory,The National Institute of Health Stroke Scale (NIHSS) - 8. Sensory,"The National Institute of Health Stroke Scale (NIHSS) - 8. Sensory; Link: https://www.ninds.nih.gov/stroke-scales-and-related-information","ValueSet/NIHSS8Sensibilitet"
https://kip.rkkp.dk/fhir/CodeSystem/NIHSS9Language,2.11.1,active,,NIHSS9Language,The National Institute of Health Stroke Scale (NIHSS) - 9. Best Language,"The National Institute of Health Stroke Scale (NIHSS) - 9. Best Language; Link: https://www.ninds.nih.gov/stroke-scales-and-related-information","ValueSet/NIHSS9Sprog"
https://kip.rkkp.dk/fhir/CodeSystem/NYHA,2.11.1,active,,NYHA,NYHA klasser - hjertesvigt,"The New York Heart Association (NYHA) Functional Classification link:https://www.heart.org/en/health-topics/heart-failure/what-is-heart-failure/classes-of-heart-failure","ValueSet/NYHA"
https://kip.rkkp.dk/fhir/CodeSystem/Observationssted,2.11.1,active,,Observationssted,Observationssted,"Sted hvor anæstesien observeres","ValueSet/ObservationsstedAN,ValueSet/LokalitetDANARREST,ValueSet/ObservationsstedPO,ValueSet/ObservationAfdeling"
https://kip.rkkp.dk/fhir/CodeSystem/OncologyTreatmentCurative,2.11.1,active,,OncologyTreatmentCurative,Oncology Treatment (curative),"Types of oncology treatments for curative treatment intention","ValueSet/OnkologibehandlingerKurativ,ValueSet/TreatmentTypeOncology"
https://kip.rkkp.dk/fhir/CodeSystem/Onkologibehandling,2.11.1,active,,Onkologibehandling,Onkologibehandlinger,"Typer af onkologibehandlinger","ValueSet/OnkologibehandlingerAll"
https://kip.rkkp.dk/fhir/CodeSystem/OperatingRoom,2.11.1,active,,OperatingRoom,Operating room, attributes,"Operating room, attributes","ValueSet/OperationsstueDKR,ValueSet/OperationsstueFlowKonventionel"
https://kip.rkkp.dk/fhir/CodeSystem/OperationCanal,2.11.1,active,,OperationCanal,Operation canal,"Operation canal","ValueSet/OperationKanalFemurPlaceringDKRR,ValueSet/OperationKanalAntalDKRR"
https://kip.rkkp.dk/fhir/CodeSystem/OperationType,2.11.1,active,,OperationType,Operation type,"Operation type (primary, revision, extirpation)","ValueSet/OperationstypePrimaerSekundaer,ValueSet/OperationstypePrimaerRevision,ValueSet/OperationstypeLYFO,ValueSet/OperationerAktuelDKRR,ValueSet/OperationstypeFoersteRecidiv"
https://kip.rkkp.dk/fhir/CodeSystem/Operationserfaring,2.11.1,active,,Operationserfaring,Operationserfaring,"Operationserfaring for operatører og assistenter","ValueSet/Operationserfaring"
https://kip.rkkp.dk/fhir/CodeSystem/PRDcodes,2.11.1,active,,PRDcodes,ERA PRD Codes,"European Renal Association (ERA)  Primary Renal Disease (PRD)","ValueSet/PRDcodes"
https://kip.rkkp.dk/fhir/CodeSystem/PTNMType,2.11.1,active,,PTNMType,Type af pTNM,"Type af pTNM","ValueSet/PTNMtype"
https://kip.rkkp.dk/fhir/CodeSystem/Paragraph,2.11.1,active,,Paragraph,Paragraph,"Paragraph","ValueSet/StraffelovsparagrafRETSPSYK,ValueSet/ParagrafferRETSPSYK"
https://kip.rkkp.dk/fhir/CodeSystem/PatobankSNOMED,2.11.1,active,,PatobankSNOMED,Den Danske SNOMED for Patologi,"Den Danske SNOMED for Patologi - Udvalgte koder i RKKP. Link: https://www.patobank.dk/snomed/","ValueSet/PatobankSNOMEDMDSDiagnose,ValueSet/PatobankSNOMEDpTNMpT,ValueSet/PatobankSNOMEDDiagnoserLYFO,ValueSet/PatobankSNOMEDCytogenetikMDS,ValueSet/CytogeneticCancerChangesALD,ValueSet/PatobankSNOMEDDMPNDiagnose,ValueSet/PatobankSNOMEDLeukemiaDiagnose,ValueSet/PatobankSNOMEDpTNMpM,ValueSet/PatobankSNOMEDpTNMpN"
https://kip.rkkp.dk/fhir/CodeSystem/PerformanceStatusScore,2.11.1,active,,PerformanceStatusScore,Performance Status score (ECOG/WHO/Zubrod),"Score udviklet til performance for cancerpatienter. Kaldes både ECOG, WHO eller Zubrod. Link: https://ecog-acrin.org/resources/ecog-performance-status/","ValueSet/WHOPerformanceStatus04,ValueSet/ECOGHAEMA,ValueSet/ECOG"
https://kip.rkkp.dk/fhir/CodeSystem/Periods,2.11.1,active,,Periods,Perioder,"Kalendermæssige perioder","ValueSet/PerioderMK"
https://kip.rkkp.dk/fhir/CodeSystem/PivotShiftGrading,2.11.1,active,,PivotShiftGrading,Pivot Shift grading,"Pivot Shift grading","ValueSet/PivotShift"
https://kip.rkkp.dk/fhir/CodeSystem/PreoperativTemplating,2.11.1,active,,PreoperativTemplating,Preoperativ templating,"Preoperativ templating","ValueSet/PreoperativTemplating"
https://kip.rkkp.dk/fhir/CodeSystem/Priority,2.11.1,active,,Priority,Prioritering,"Patientens prioriteringsbehov","ValueSet/Priority,ValueSet/IndgrebPrioritetAkutElektiv,ValueSet/GradAkutDHDB"
https://kip.rkkp.dk/fhir/CodeSystem/ProcedureDuration,2.11.1,active,,ProcedureDuration,Procedure duration: Codes for different durations,"Procedure duration: Codes for different durations","ValueSet/ProcedureVarighed15min,ValueSet/ProcedureVarighed5min,ValueSet/BehandlingsVarighedDHR"
https://kip.rkkp.dk/fhir/CodeSystem/ProcedureNotCompleted,2.11.1,active,,ProcedureNotCompleted,Procedure not completed; cause,"Procedure not completed; cause","ValueSet/BegrundelseEndoskopiskLokalresektioen,ValueSet/BehandlinsplanAendretAarsagDCCG,ValueSet/OperationIkkeGennemfortDCCG,ValueSet/ProcedureIkkeGennemfortDCCG"
https://kip.rkkp.dk/fhir/CodeSystem/ProcedureReasons,2.11.1,active,,ProcedureReasons,Reasons for procedure,"Reasons for procedure","ValueSet/AarsagTilProcedureDCCG"
https://kip.rkkp.dk/fhir/CodeSystem/ProcedureType,2.11.1,active,,ProcedureType,Procedure type: Codes for different durations,"Procedure type: Codes for different durations","ValueSet/IndgrebVentralhernieDHDB,ValueSet/ProcedureUdfoertDCCG,ValueSet/TypeLokalresektionRektumDCCG,ValueSet/IndgrebAabenMeshIngvinalhernieDHDB,ValueSet/ProcedureUdfoertK3DCCG,ValueSet/IndgrebLaparoskopiskDHDB,ValueSet/TidligereOperationDKR,ValueSet/OperativProcedureKategoriDCCG,ValueSet/ProcedureUdfoertR4DCCG,ValueSet/TransplantationCageAugmentDHR,ValueSet/IndgrebIngvinalhernieDHDB,ValueSet/TypeLokalresektionKolonDCCG,ValueSet/OperationerDKRR,ValueSet/OperativProcedureKategoriKolonDCCG,ValueSet/ProcedureTypeDCCG1,ValueSet/IndgrebComponentsSeparationTypeDHDB,ValueSet/AflastendeProcedure,ValueSet/IndgrebAabenIngvinalhernieDHDB,ValueSet/ProcedureUdfoertR3DCCG,ValueSet/IndgrebFemoralhernieDHDB,ValueSet/ProcedureTypeDCCG3,ValueSet/ProcedureTypeDCCG2,ValueSet/OperativProcedureKategoriRektumDCCG,ValueSet/IndgrebVentralhernieAndenDHDB,ValueSet/LedbaandsrekonstruktionDKRR,ValueSet/PeroperativMetastasebehandling,ValueSet/PraeoperativPlanlaegningDSR,ValueSet/OperationerAktuelDKRR,ValueSet/ProcedureUdfoertR2DCCG,ValueSet/ProcedurerAndreDKRR,ValueSet/IndgrebComponentsSeparationDHDB,ValueSet/RobotDHDB,ValueSet/ProcedureUdfoertK1DCCG,ValueSet/TypeLokalresektionDCCG,ValueSet/SupplerendeIndgrebDSR,ValueSet/SubscapularisDSR,ValueSet/ProcedureUdfoertK2DCCG,ValueSet/TidligereIndgrebDSR,ValueSet/ProcedureUdfoertR1DCCG"
https://kip.rkkp.dk/fhir/CodeSystem/ProcedureUrogyn,2.11.1,active,,ProcedureUrogyn,Procedurekoder - Urogynækologi (DUGA),"Procedurekoder - Urogynækolog (DUGA)","ValueSet/PerforationDUGA,ValueSet/KomplOrganperfProcDUGA,ValueSet/OpkodeUrinInkontinensDUGA,ValueSet/KomplAndreProcDUGA,ValueSet/KomplBloedProcDUGA,ValueSet/KomplAndreDiagDUGA,ValueSet/KomplBlaereProcDUGA,ValueSet/KomplOrganperfDiagDUGA,ValueSet/KomplBlaereDiagDUGA,ValueSet/KomplInfektionProcDUGA,ValueSet/SuspensionDUGA,ValueSet/OpkodeGenitalProlapsDUGA,ValueSet/KomplBloedDiagDUGA,ValueSet/OpkodeUrinGenitalDUGA,ValueSet/KomplInfektionDiagDUGA"
https://kip.rkkp.dk/fhir/CodeSystem/Profylaksebehandling,2.11.1,active,,Profylaksebehandling,Profylaksebehandling,"Profylaksebehandling","ValueSet/VarigRespons,ValueSet/InitialRespons"
https://kip.rkkp.dk/fhir/CodeSystem/Prosthesis,2.11.1,active,,Prosthesis,Prosthesis,"Prosthesis","ValueSet/ProteseDSR"
https://kip.rkkp.dk/fhir/CodeSystem/PupilCondition,2.11.1,active,,PupilCondition,Pupil condition,"Pupil condition","ValueSet/Pupilforhold"
https://kip.rkkp.dk/fhir/CodeSystem/RadiationTherapyTarget,2.11.1,active,,RadiationTherapyTarget,Target of the radiation therapy,"Target of the radiation therapy","ValueSet/StraalebehandlingMaal"
https://kip.rkkp.dk/fhir/CodeSystem/RadiationTherapyType,2.11.1,active,,RadiationTherapyType,Radiation therapy type,"Radiation therapy type","ValueSet/StraaleterapiLYFO"
https://kip.rkkp.dk/fhir/CodeSystem/RadiologicalBoneChanges,2.11.1,active,,RadiologicalBoneChanges,Radiological bone changes - Indication of changes in bones,"Radiological bone changes - Indication of changes in bones","ValueSet/RadiologicalBoneChanges202412,ValueSet/RadiologicalBoneChanges"
https://kip.rkkp.dk/fhir/CodeSystem/RaymondRoyClassification,2.11.1,active,,RaymondRoyClassification,Raymond-Roy occlusion Classification (RROC), incl. modified classification (MRRC),"Raymond-Roy occlusion Classification (RROC), incl. modified classification (MRRC); Link: https://radiopaedia.org/articles/raymondroy-occlusion-classification-of-intracranial-aneurysms-1","ValueSet/ModifiedRaymondRoyKlassification"
https://kip.rkkp.dk/fhir/CodeSystem/ReferredForTraining,2.11.1,active,,ReferredForTraining,Specifikation of where the paitent is referred to for physical training,"Uddybning af hvor patienten er henvist til fysisk træning","ValueSet/ReferredForTraining"
https://kip.rkkp.dk/fhir/CodeSystem/ReferredFrom,2.11.1,active,,ReferredFrom,Referred from,"Referred from","ValueSet/HenvistFra"
https://kip.rkkp.dk/fhir/CodeSystem/Regioner,2.11.1,active,,Regioner,Regioner,"Danske regioner","ValueSet/Regioner"
https://kip.rkkp.dk/fhir/CodeSystem/Registry,2.11.1,active,,Registry,Registry - Unspecified codes,"Registry - Unspecified codes","ValueSet/RegistreringEksklusionHAEMA"
https://kip.rkkp.dk/fhir/CodeSystem/ReoperationCause,2.11.1,active,,ReoperationCause,Cause of reoperation,"Cause of reoperation","ValueSet/ReoperationAarsagDKRR"
https://kip.rkkp.dk/fhir/CodeSystem/ResectionCompletion,2.11.1,active,,ResectionCompletion,Resection completion; justification,"Resection completion; justification","ValueSet/ResektionUdfoerelseDCCG"
https://kip.rkkp.dk/fhir/CodeSystem/ResectionType,2.11.1,active,,ResectionType,Resection type,"Resektionstype for kræft databaser (DEGC)","ValueSet/Resektionstype"
https://kip.rkkp.dk/fhir/CodeSystem/ResidualTumorClassification,2.11.1,active,,ResidualTumorClassification,Residual tumor (R) classification,"Residual tumor (R) classification. Link: https://acsjournals.onlinelibrary.wiley.com/doi/10.1002/cncr.10492","ValueSet/RKlassifikationTilDegc,ValueSet/RKlassifikation"
https://kip.rkkp.dk/fhir/CodeSystem/ResidualTumorGrading,2.11.1,active,,ResidualTumorGrading,Residual Tumor Grading,"Gradering hvis der er registreret resttumor i histologisk klassifikation","ValueSet/ResttumorGradering"
https://kip.rkkp.dk/fhir/CodeSystem/Respiration,2.11.1,active,,Respiration,Plan for eller støtte til luftvejsassistance,"Mulige indgreb vedr luftvejsstøtte","ValueSet/LuftvejsHaandtering,ValueSet/LuftvejForsoeg,ValueSet/Luftvejsplan"
https://kip.rkkp.dk/fhir/CodeSystem/ResultTest,2.11.1,active,,ResultTest,Result of test,"Result of test (for FISH, etc.)","ValueSet/ResultTestFISH,ValueSet/FISHResult202502"
https://kip.rkkp.dk/fhir/CodeSystem/RevisionCause,2.11.1,active,,RevisionCause,Revision; cause,"Revision; cause","ValueSet/RevisionAarsagDKRR"
https://kip.rkkp.dk/fhir/CodeSystem/RevisionIndication,2.11.1,active,,RevisionIndication,Revision; indication,"Revision; indication","ValueSet/RevisionIndikationDKR,ValueSet/RevisionIndikationDHR,ValueSet/RevisionIndikationAseptiskDSR,ValueSet/RevisionIndikationDSR"
https://kip.rkkp.dk/fhir/CodeSystem/RevisionType,2.11.1,active,,RevisionType,Revision; type,"Revision; type","ValueSet/RevisionstypeDSR"
https://kip.rkkp.dk/fhir/CodeSystem/RiskAssessment,2.11.1,active,,RiskAssessment,Risk assessment,"Risk assessment","ValueSet/RisikovurderingRETSPSYK"
https://kip.rkkp.dk/fhir/CodeSystem/RiskFactors,2.11.1,active,,RiskFactors,Risk factors,"Risk factors","ValueSet/RisikofaktorerDMPN"
https://kip.rkkp.dk/fhir/CodeSystem/RobotAssistDKR,2.11.1,active,,RobotAssistDKR,Robot (DKR),"Robottyper til robot assisteret kirurgi (DKR)","ValueSet/RobotDKR"
https://kip.rkkp.dk/fhir/CodeSystem/Rytme1Obs,2.11.1,active,,Rytme1Obs,Hjerterytme - første obs,"Første observerede hjerterytme","ValueSet/Rytme1Obs"
https://kip.rkkp.dk/fhir/CodeSystem/SKS,2.11.1,active,"1.2.208.176.2.4",SKS,Sundhedsvæsenets klassifikationssystem (SKS),"Sundhedsvæsenets klassifikationssystem (SKS) - Udvalgte koder i RKKP. Link: urn:oid:1.2.208.176.2.4","ValueSet/ProcedureUdfoertDCCG,ValueSet/AnatomiskLokation2,ValueSet/AnatomiskLokation3,ValueSet/TKategoriDCCG,ValueSet/LocationExtranodalFemale,ValueSet/IngvinalhernieSpecificering,ValueSet/BehandlingsTypeStamcellestoetteLYFO,ValueSet/OperativtFundIngvinalhernieDHDB,ValueSet/MKategoriDCCG,ValueSet/NKategoriDCCG,ValueSet/TumorLokalisationDCCG,ValueSet/ClavienKomplikationsgrad,ValueSet/CancertypeDCCG,ValueSet/LocationPriSecNodalMale,ValueSet/Kemoterapiregime,ValueSet/ProcedureUdfoertK1DCCG,ValueSet/IDC10DPD,ValueSet/OperationssideKAR,ValueSet/TransplantationTypeDHR,ValueSet/SKSVentrikelEsophagus,ValueSet/SKShjertesvigtDHD,ValueSet/TreatmentScheduledDAMYDA,ValueSet/BehandlingCMMLMDS,ValueSet/IntraoperativeLaesionerKDCCG,ValueSet/BehandlingMDS,ValueSet/ClavienKomplikationsgradDCCG,ValueSet/SKSSymptomatiskAsymptomatisk,ValueSet/OperationstypeLYFO,ValueSet/SKSApopleksiDiagnoser,ValueSet/KontaktType1,ValueSet/TransplantationstypeCML,ValueSet/LocationPriSecNodalFemale,ValueSet/IntraoperativeLaesionerMDCCG,ValueSet/SKSExtraModularDisease,ValueSet/DoedsaarsagSAH,ValueSet/PraeoperativMetastaseBehandlingDCCG,ValueSet/TreatmentCrossSection,ValueSet/IDC10DPDCancer,ValueSet/LocationExtranodalMale,ValueSet/SKSUdskrivningsdiagnoserTrombolyse,ValueSet/ClavienKomplikationsgradLangDCCG,ValueSet/SKSOperationerKAR,ValueSet/AnatomiskLokation1,ValueSet/OperationssideHoejreVenstreDobbeltsidig,ValueSet/LocationNodal,ValueSet/Transplantation,ValueSet/Transplantation1,ValueSet/SKScTNMcM,ValueSet/SKScTNMcN,ValueSet/ProcedureUdfoertR1DCCG,ValueSet/SKScTNMcT,ValueSet/LokationAneurismeSAH,ValueSet/MenisklaesionMedialLateralDKRR"
https://kip.rkkp.dk/fhir/CodeSystem/SKSCodeCollection,2.11.1,active,"1.2.208.176.2.4",SKSCodeCollection,Sundhedsvæsenets klassifikationssystem (SKS) - Samlinger af koder,"Sundhedsvæsenets klassifikationssystem (SKS) - Udvalgte samlinger af koder i RKKP. Link: urn:oid:1.2.208.176.2.4","ValueSet/DiagnosetypeDPD,ValueSet/IDC10DPD,ValueSet/IDC10DPDNonCancer,ValueSet/IDC10DPDCancer"
https://kip.rkkp.dk/fhir/CodeSystem/SNOMEDCT,2.11.1,active,"2.16.840.1.113883.6.96",SNOMEDCT,SNOMED-CT,"SNOMED-CT - Codes used in databases. Link: https://browser.ihtsdotools.org/","ValueSet/DonorRelationDNSL,ValueSet/DonorRelationship"
https://kip.rkkp.dk/fhir/CodeSystem/SOR,2.11.1,active,,SOR,Sundhedsvæsenets Organisationsregister (SOR),"Sundhedsvæsenets OrganisationsregisterR (SOR) - Udvalgte koder i RKKP.","ValueSet/SOROverflytningRETSPSYKSD,ValueSet/SORNeurokirurgiskeAfdelingerDAP,ValueSet/SORAfdelingerDNSL,ValueSet/SORTrombolyseenhedDAP,ValueSet/SOROverflytningRETSPSYK,ValueSet/SOROverflytningRETSPSYKSJ,ValueSet/SOROverflytningRETSPSYKHS,ValueSet/SORAfdelingerHaema,ValueSet/SORAfdelingerUHDNSL,ValueSet/UndersoendeLAB,ValueSet/AfdelingDandem,ValueSet/UdfoerendeLAB,ValueSet/SORafdSkema3Duga,ValueSet/TransplantationcenterALG,ValueSet/SORNeurologiskeAfdelingerDAP,ValueSet/SOROverflytningRETSPSYKMJ,ValueSet/SOROverflytningRETSPSYKNJ"
https://kip.rkkp.dk/fhir/CodeSystem/SSSArmLift,2.11.1,active,,SSSArmLift,Scandinavian Stroke Scale (SSS) - Arm lift,"Scandinavian Stroke Scale (SSS) - Arm lift: Vurderes på begge arme, men der noteres kun i forhold til siden for en eventuel lammelse","ValueSet/SSSArmloeft"
https://kip.rkkp.dk/fhir/CodeSystem/SSSConsciousness,2.11.1,active,,SSSConsciousness,Scandinavian Stroke Scale (SSS) - Consciousness,"Scandinavian Stroke Scale (SSS) - Consciousness: Svækket bevidsthed kan være udtryk for komplikationer som eksempelvis blødning eller ødem","ValueSet/SSSBevidsthed"
https://kip.rkkp.dk/fhir/CodeSystem/SSSEyeMotorSkills,2.11.1,active,,SSSEyeMotorSkills,Scandinavian Stroke Scale (SSS) - Eye motor skills,"Scandinavian Stroke Scale (SSS) - Eye motor skills: Øjendeviation er ligeledes et dårligt prognostisk tegn.","ValueSet/SSSOejenmotorik"
https://kip.rkkp.dk/fhir/CodeSystem/SSSFacialParesis,2.11.1,active,,SSSFacialParesis,Scandinavian Stroke Scale (SSS) - Facial paresis,"Scandinavian Stroke Scale (SSS) - Facial paresis: Kun en sikker facialisparese giver 0. Hvis man er i tvivl gives 2.","ValueSet/SSSFacialisparese"
https://kip.rkkp.dk/fhir/CodeSystem/SSSHandshake,2.11.1,active,,SSSHandshake,Scandinavian Stroke Scale (SSS) - Handshake,"Scandinavian Stroke Scale (SSS) - Handshake: Vurderes på begge hænder, men der noteres kun i forhold til siden af en eventuel lammelse","ValueSet/SSSHaandtryk"
https://kip.rkkp.dk/fhir/CodeSystem/SSSLegLift,2.11.1,active,,SSSLegLift,Scandinavian Stroke Scale (SSS) - Leg lift,"Scandinavian Stroke Scale (SSS) - Leg lift: Vurderes på begge ben, men der noteres kun i forhold til siden for en eventuel lammelse","ValueSet/SSSBenloeft"
https://kip.rkkp.dk/fhir/CodeSystem/SSSOrientation,2.11.1,active,,SSSOrientation,Scandinavian Stroke Scale (SSS) - Orientation,"Scandinavian Stroke Scale (SSS) - Orientation: Der spørges, om hvilken måned det er, hvilket hospital patienten er på, og patientens CPR-nr.","ValueSet/SSSOrientering"
https://kip.rkkp.dk/fhir/CodeSystem/SSSSpeech,2.11.1,active,,SSSSpeech,Scandinavian Stroke Scale (SSS) - Speech,"Scandinavian Stroke Scale (SSS) - Speech: Talebesvær på grund af dysartri scorer 10. Kun hvis man er sikker på, at der er sproglige forstyrrelser scores 6, 3 eller 0.","ValueSet/SSSTale"
https://kip.rkkp.dk/fhir/CodeSystem/SSSWalk,2.11.1,active,,SSSWalk,Scandinavian Stroke Scale (SSS) - Walk,"Scandinavian Stroke Scale (SSS) - Walk: Hvis patienten ikke kan gå, bedømmes om patienten kan sidde oprejst på sengekanten uden at støtte hænderne (3) eller ikke (0).","ValueSet/SSSGang"
https://kip.rkkp.dk/fhir/CodeSystem/ScoreCentralBlock,2.11.1,active,,ScoreCentralBlock,Score ved central blokade,"Regional score ved anlæg af central nerveblokade","ValueSet/ScoreCentralBlock"
https://kip.rkkp.dk/fhir/CodeSystem/SizesGeneral,2.11.1,active,,SizesGeneral,General size scale,"General size scale","ValueSet/CaputDiameterDHR"
https://kip.rkkp.dk/fhir/CodeSystem/SlyngeDUGA,2.11.1,active,,SlyngeDUGA,Slynge - Urogynækologi (DUGA),"Slynge - Urogynækologi (DUGA)","ValueSet/SlyngeDUGA"
https://kip.rkkp.dk/fhir/CodeSystem/SmerteKvalme,2.11.1,active,,SmerteKvalme,Smerter og kvalme,"Smerter og kvalme målt i forskellige situationer","ValueSet/SmerteKvalme"
https://kip.rkkp.dk/fhir/CodeSystem/Smoking,2.11.1,active,,Smoking,Smoking,"Healthfactor smoking","ValueSet/RygningDCCG,ValueSet/RisikofaktorerDMPN,ValueSet/Ryger8uger,ValueSet/Rygning"
https://kip.rkkp.dk/fhir/CodeSystem/StemCellType,2.11.1,active,,StemCellType,Stem cell type,"Stem cell type","ValueSet/CytogeneticStemCellType"
https://kip.rkkp.dk/fhir/CodeSystem/StopTeam,2.11.1,active,,StopTeam,Teammedlemmer på stopholdet,"Teammedlemmer/personale på stopholdet","ValueSet/StopTeam"
https://kip.rkkp.dk/fhir/CodeSystem/StraalebehandlingTA,2.11.1,active,,StraalebehandlingTA,Strålebehandling mål,"Mål for strålebehandling","ValueSet/StraalebehandlingTAAll"
https://kip.rkkp.dk/fhir/CodeSystem/SurgicalAttire,2.11.1,active,,SurgicalAttire,Surgical attire, during operations,"Surgical attire, during operations","ValueSet/OperationspaaklaedningDHR"
https://kip.rkkp.dk/fhir/CodeSystem/Sygdomsomraader,2.11.1,active,,Sygdomsomraader,Sygdomsområder,"Sygdomsområder i KIP","ValueSet/SygdomsomraaderDOF,ValueSet/SygdomsomraaderHaema,ValueSet/SygdomsomraaderAlle"
https://kip.rkkp.dk/fhir/CodeSystem/Symptoms,2.11.1,active,,Symptoms,Symptoms,"Symptoms","ValueSet/SymptomerMikrovaskulaer"
https://kip.rkkp.dk/fhir/CodeSystem/TreatmentCause,2.11.1,active,,TreatmentCause,Treatment cause - unplanned,"Treatment cause - unplanned","ValueSet/ExtraordinaryTreatmenCause"
https://kip.rkkp.dk/fhir/CodeSystem/TreatmentIndication,2.11.1,active,,TreatmentIndication,Treatment indication,"Treatment indication","ValueSet/TreatmentIndicationCLL,ValueSet/IndikationTES"
https://kip.rkkp.dk/fhir/CodeSystem/TreatmentInitiatives,2.11.1,active,,TreatmentInitiatives,Treatment initiatives,"Treatment initiatives","ValueSet/VasospasmerTiltag,ValueSet/HydrocephalusTiltag"
https://kip.rkkp.dk/fhir/CodeSystem/TreatmentIntention,2.11.1,active,,TreatmentIntention,TreatmentIntention,"Behandlingsintention for kræft databaserne","ValueSet/Chemotherapy,ValueSet/Behandlingsintention,ValueSet/ALDkemoterapi,ValueSet/OperativtSigteDCCG,ValueSet/OnkologiBehandlingsintention"
https://kip.rkkp.dk/fhir/CodeSystem/TreatmentLesion,2.11.1,active,,TreatmentLesion,Treatment lesion,"Treatment lesion","ValueSet/BrusklaesionBehandlingDKRR,ValueSet/MenisklaesionBehandlingDKRR"
https://kip.rkkp.dk/fhir/CodeSystem/TreatmentMethodMRD,2.11.1,active,,TreatmentMethodMRD,Treatment method - Minimal Residual Disease (MRD),"Treatment method - Minimal Residual Disease (MRD)","ValueSet/TreatmentMethodMRD"
https://kip.rkkp.dk/fhir/CodeSystem/TreatmentNotGiven,2.11.1,active,,TreatmentNotGiven,Treatment not given; cause,"Treatment not given; cause","ValueSet/ManglendeEORTC,ValueSet/ManglendeBehandling"
https://kip.rkkp.dk/fhir/CodeSystem/TreatmentPsychopharmacological,2.11.1,active,,TreatmentPsychopharmacological,Treatment psychopharmacological,"Treatment psychopharmacological","ValueSet/BehandlingPsykofarmakologiskRETSPSYK"
https://kip.rkkp.dk/fhir/CodeSystem/TreatmentRegimen,2.11.1,active,,TreatmentRegimen,Treatment regimen,"Treatment regimen","ValueSet/TreatmentRegimen"
https://kip.rkkp.dk/fhir/CodeSystem/TreatmentResponseEvaluation,2.11.1,active,,TreatmentResponseEvaluation,Treatment response evaluation,"Treatment response evaluation","ValueSet/TreatmentResponseALD,ValueSet/BehandlingsresponsCML,ValueSet/TreatmentResponseDAMYDA,ValueSet/TreatmentResponseEvaluationCLL,ValueSet/TreatmentResponseEvaluationLYFO,ValueSet/BehandlingsResponsEvalueringLYFO"
https://kip.rkkp.dk/fhir/CodeSystem/TreatmentSchedule,2.11.1,active,,TreatmentSchedule,Treatment schedule,"Treatment schedule","ValueSet/TreatmentScheduledALD"
https://kip.rkkp.dk/fhir/CodeSystem/TreatmentSufficient,2.11.1,active,,TreatmentSufficient,Treatment sufficient,"Treatment sufficient","ValueSet/BehandlingTilstraekkelig"
https://kip.rkkp.dk/fhir/CodeSystem/TreatmentType,2.11.1,active,,TreatmentType,Treatment type,"Treatment type","ValueSet/LokalStraaleterapi,ValueSet/BehandlingDHR,ValueSet/TreatmentCrossSection,ValueSet/LipomHandlingDHDB,ValueSet/BehandlingEndovaskulaerType,ValueSet/BehandlingKirurgiskEndovaskulaer,ValueSet/NeoadjuverendeBehandling"
https://kip.rkkp.dk/fhir/CodeSystem/TreatmentUnspecified,2.11.1,active,,TreatmentUnspecified,Treatment unspecified,"Treatment unspecified","ValueSet/Immunoterapi,ValueSet/ATCDMPN202410,ValueSet/BehandlingCMMLMDS,ValueSet/BehandlingMDS,ValueSet/ATCDMPN"
https://kip.rkkp.dk/fhir/CodeSystem/TrombektomiPerfusion,2.11.1,active,,TrombektomiPerfusion,Trombektomi-Perfusion (Danstroke),"Perfusion opnået under trombektomi","ValueSet/TrombektomiPerfusion"
https://kip.rkkp.dk/fhir/CodeSystem/TumorClassificationHistology,2.11.1,active,,TumorClassificationHistology,Histologisk klassifikation (fordøjelsessystemet),"Tumor klassificeres histologisk jvf. WHO Classification of Tumours of the Digestive System. Link: https://dccg.dk/wp-content/uploads/2017/08/Tumorklassifikation.pdf","ValueSet/TumorklassifikationBehandlingDEGC,ValueSet/TumorklassifikationDiagnoseDEGC,ValueSet/TumorklassifikationDEGC"
https://kip.rkkp.dk/fhir/CodeSystem/UdskrevetTil,2.11.1,active,,UdskrevetTil,Udskrevet til,"Udskrevet til","ValueSet/UdskrevetTil"
https://kip.rkkp.dk/fhir/CodeSystem/UndersoegelsesTypeDUGA,2.11.1,active,,UndersoegelsesTypeDUGA,Undersøgelsestype (DUGA),"Undersøgelsestype (DUGA)","ValueSet/UndersoegelsesTypeDUGA"
https://kip.rkkp.dk/fhir/CodeSystem/VancouverClassification,2.11.1,active,,VancouverClassification,Vancouver classification of periprosthetic hip fractures,"Vancouver classification of periprosthetic hip fractures; Link: https://radiopaedia.org/articles/vancouver-classification-of-periprosthetic-hip-fractures","ValueSet/VancouverKlassifikationPeroperativDHR,ValueSet/VancouverKlassifikationDHR"
https://kip.rkkp.dk/fhir/CodeSystem/Verdict,2.11.1,active,,Verdict,Verdict,"Verdict","ValueSet/DomAnbefalingRETSPSYK,ValueSet/DomOphaevelseAarsagRETSPSYK,ValueSet/DomTidligereRETSPSYK,ValueSet/DomAfslutningRETSPSYK,ValueSet/DomBehandlingRETSPSYK,ValueSet/DomAnbringelseRETSPSYK,ValueSet/DomAendringPauseringRETSPSYK,ValueSet/DomForanstaltningstypeRETSPSYK,ValueSet/DomPauseringAarsagRETSPSYK,ValueSet/DomBehandlingAmbulantRETSPSYK"
https://kip.rkkp.dk/fhir/CodeSystem/VisitationCriteriaNotMet,2.11.1,active,,VisitationCriteriaNotMet,Visitation criteria not met; cause,"Visitation criteria not met; cause","ValueSet/ManglendeVisitation"
https://kip.rkkp.dk/fhir/CodeSystem/WFNSGradingSystem,2.11.1,active,,WFNSGradingSystem,WFNS grading system,"World Federation of Neurosurgical Societies (WFNS) grading system; Link: https://radiopaedia.org/articles/wfns-grading-system","ValueSet/WFNSGradering"
https://kip.rkkp.dk/fhir/CodeSystem/WOOS,2.11.1,active,,WOOS,WOOS,"WOOS","ValueSet/WOOSArmloeftDSR,ValueSet/WOOSHaenderDSR,ValueSet/WOOSTraeningDSR"
https://kip.rkkp.dk/fhir/CodeSystem/WalchClassification,2.11.1,active,,WalchClassification,Walch classification,"Walch classification; Link: https://radiopaedia.org/articles/walch-classification-of-glenoid-morphology-1","ValueSet/WalchKlassifikationDSR"
