<?xml version="1.0" encoding="UTF-8"?><CodeSystem xmlns="http://hl7.org/fhir"><id value="MedicinDANARREST"/><text><status value="generated"/><div xmlns="http://www.w3.org/1999/xhtml"><p class="res-header-id"><b>Generated Narrative: CodeSystem MedicinDANARREST</b></p><a name="MedicinDANARREST"> </a><a name="hcMedicinDANARREST"> </a><a name="MedicinDANARREST-en-US"> </a><p>This  code system <code>https://kip.rkkp.dk/fhir/CodeSystem/MedicinDANARREST</code> defines the following codes:</p><table class="codes"><tr><td style="white-space:nowrap"><b>Code</b></td><td><b>Display</b></td><td><b>Definition</b></td></tr><tr><td style="white-space:nowrap">adrenalin<a name="MedicinDANARREST-adrenalin"> </a></td><td>Adrenalin</td><td>Adrenalin</td></tr><tr><td style="white-space:nowrap">amiodaron<a name="MedicinDANARREST-amiodaron"> </a></td><td>Amiodaron</td><td>Amiodaron</td></tr><tr><td style="white-space:nowrap">ingen_D<a name="MedicinDANARREST-ingen_D"> </a></td><td>Ingen af disse</td><td>Ingen af disse</td></tr></table></div></text><url value="https://kip.rkkp.dk/fhir/CodeSystem/MedicinDANARREST"/><version value="0.2.1"/><name value="MedicinDANARREST"/><title value="Medicin givet ved hjertestop"/><status value="active"/><date value="2022-06-29T00:00:00+02:00"/><publisher value="Sundhedsvæsnets Kvalistetsinstitut with Trifork Digital Health A/S"/><contact><name value="Sundhedsvæsnets Kvalistetsinstitut with Trifork Digital Health A/S"/><telecom><system value="url"/><value value="https://trifork.com"/></telecom><telecom><system value="email"/><value value="rbk@trifork.com"/></telecom></contact><description value="Mediciin givet ved behandling i DANARREST specialet"/><content value="complete"/><count value="3"/><concept><code value="adrenalin"/><display value="Adrenalin"/><definition value="Adrenalin"/></concept><concept><code value="amiodaron"/><display value="Amiodaron"/><definition value="Amiodaron"/></concept><concept><code value="ingen_D"/><display value="Ingen af disse"/><definition value="Ingen af disse"/></concept></CodeSystem>