<?xml version="1.0" encoding="UTF-8"?><CodeSystem xmlns="http://hl7.org/fhir"><id value="BulkingMaterialeDUGA"/><text><status value="generated"/><div xmlns="http://www.w3.org/1999/xhtml"><p class="res-header-id"><b>Generated Narrative: CodeSystem BulkingMaterialeDUGA</b></p><a name="BulkingMaterialeDUGA"> </a><a name="hcBulkingMaterialeDUGA"> </a><a name="BulkingMaterialeDUGA-en-US"> </a><p>This  code system <code>https://kip.rkkp.dk/fhir/CodeSystem/BulkingMaterialeDUGA</code> defines the following codes:</p><table class="codes"><tr><td style="white-space:nowrap"><b>Code</b></td><td><b>Definition</b></td></tr><tr><td style="white-space:nowrap">Bulkamid<a name="BulkingMaterialeDUGA-Bulkamid"> </a></td><td>Bulkamid</td></tr><tr><td style="white-space:nowrap">Deflux<a name="BulkingMaterialeDUGA-Deflux"> </a></td><td>Deflux</td></tr><tr><td style="white-space:nowrap">Macroplastik<a name="BulkingMaterialeDUGA-Macroplastik"> </a></td><td>Macroplastik</td></tr></table></div></text><url value="https://kip.rkkp.dk/fhir/CodeSystem/BulkingMaterialeDUGA"/><version value="0.2.1"/><name value="BulkingMaterialeDUGA"/><title value="Bulking materiale - Urogynækologi (DUGA)"/><status value="active"/><date value="2024-02-14T00:00:00+02:00"/><publisher value="Sundhedsvæsnets Kvalistetsinstitut with Trifork Digital Health A/S"/><contact><name value="Sundhedsvæsnets Kvalistetsinstitut with Trifork Digital Health A/S"/><telecom><system value="url"/><value value="https://trifork.com"/></telecom><telecom><system value="email"/><value value="rbk@trifork.com"/></telecom></contact><description value="Bulking materiale - Urogynækologi (DUGA)"/><content value="complete"/><count value="3"/><concept><code value="Bulkamid"/><display value="Bulkamid"/><definition value="Bulkamid"/></concept><concept><code value="Deflux"/><display value="Deflux"/><definition value="Deflux"/></concept><concept><code value="Macroplastik"/><display value="Macroplastik"/><definition value="Macroplastik"/></concept></CodeSystem>