<?xml version="1.0" encoding="UTF-8"?><CodeSystem xmlns="http://hl7.org/fhir"><id value="RadiationTherapyTarget"/><text><status value="generated"/><div xmlns="http://www.w3.org/1999/xhtml"><p class="res-header-id"><b>Generated Narrative: CodeSystem RadiationTherapyTarget</b></p><a name="RadiationTherapyTarget"> </a><a name="hcRadiationTherapyTarget"> </a><a name="RadiationTherapyTarget-en-US"> </a><p>This  code system <code>https://kip.rkkp.dk/fhir/CodeSystem/RadiationTherapyTarget</code> defines the following codes:</p><table class="codes"><tr><td style="white-space:nowrap"><b>Code</b></td><td><b>Display</b></td><td><b>Definition</b></td></tr><tr><td style="white-space:nowrap">primarytumor<a name="RadiationTherapyTarget-primarytumor"> </a></td><td>Primary tumor</td><td>Primary tumor</td></tr><tr><td style="white-space:nowrap">bonemetastases<a name="RadiationTherapyTarget-bonemetastases"> </a></td><td>Bone metastases</td><td>Bone metastases</td></tr><tr><td style="white-space:nowrap">cns<a name="RadiationTherapyTarget-cns"> </a></td><td>CNS</td><td>Central nervous system (CNS)</td></tr><tr><td style="white-space:nowrap">other<a name="RadiationTherapyTarget-other"> </a></td><td>Other/non-specified</td><td>Other target/non-specified target</td></tr></table></div></text><url value="https://kip.rkkp.dk/fhir/CodeSystem/RadiationTherapyTarget"/><version value="0.2.1"/><name value="RadiationTherapyTarget"/><title value="Target of the radiation therapy"/><status value="active"/><date value="2022-06-17T00:00:00+02:00"/><publisher value="Sundhedsvæsnets Kvalistetsinstitut with Trifork Digital Health A/S"/><contact><name value="Sundhedsvæsnets Kvalistetsinstitut with Trifork Digital Health A/S"/><telecom><system value="url"/><value value="https://trifork.com"/></telecom><telecom><system value="email"/><value value="rbk@trifork.com"/></telecom></contact><description value="Target of the radiation therapy"/><content value="complete"/><count value="4"/><concept><code value="primarytumor"/><display value="Primary tumor"/><definition value="Primary tumor"/></concept><concept><code value="bonemetastases"/><display value="Bone metastases"/><definition value="Bone metastases"/></concept><concept><code value="cns"/><display value="CNS"/><definition value="Central nervous system (CNS)"/></concept><concept><code value="other"/><display value="Other/non-specified"/><definition value="Other target/non-specified target"/></concept></CodeSystem>