<?xml version="1.0" encoding="UTF-8"?><CodeSystem xmlns="http://hl7.org/fhir"><id value="DiseasesUnspecified"/><text><status value="generated"/><div xmlns="http://www.w3.org/1999/xhtml"><p class="res-header-id"><b>Generated Narrative: CodeSystem DiseasesUnspecified</b></p><a name="DiseasesUnspecified"> </a><a name="hcDiseasesUnspecified"> </a><a name="DiseasesUnspecified-en-US"> </a><p>This case-insensitive code system <code>https://kip.rkkp.dk/fhir/CodeSystem/DiseasesUnspecified</code> defines the following codes in an undefined hierarchy:</p><table class="codes"><tr><td><b>Lvl</b></td><td style="white-space:nowrap"><b>Code</b></td><td><b>Display</b></td><td><b>Definition</b></td></tr><tr><td>1</td><td style="white-space:nowrap">diabetes<a name="DiseasesUnspecified-diabetes"> </a></td><td>Diabetes</td><td>Diabetes / Diabetes</td></tr><tr><td>1</td><td style="white-space:nowrap">heart_disease<a name="DiseasesUnspecified-heart_disease"> </a></td><td>Heart disease</td><td>Heart disease / Hjertesygdom</td></tr><tr><td>1</td><td style="white-space:nowrap">lung_disease<a name="DiseasesUnspecified-lung_disease"> </a></td><td>Lung disease</td><td>Lung disease / Lungesygdom</td></tr><tr><td>1</td><td style="white-space:nowrap">al<a name="DiseasesUnspecified-al"> </a></td><td>Akut leukæmi (AL)</td><td>Akut leumæmi (AL)</td></tr><tr><td>1</td><td style="white-space:nowrap">cll<a name="DiseasesUnspecified-cll"> </a></td><td>Kronisk lymfatisk leukæmi (CLL)</td><td>Kronisk lymfatisk leukæmi (CLL)</td></tr><tr><td>1</td><td style="white-space:nowrap">lymfom<a name="DiseasesUnspecified-lymfom"> </a></td><td>Lymfom (LYFO)</td><td>Lymfom (LYFO)</td></tr><tr><td>1</td><td style="white-space:nowrap">mds<a name="DiseasesUnspecified-mds"> </a></td><td>Myelodysplasi (MDS)</td><td>Myelodysplasi (MDS)</td></tr><tr><td>1</td><td style="white-space:nowrap">myeloproliferativ_sygdom<a name="DiseasesUnspecified-myeloproliferativ_sygdom"> </a></td><td>Myeloproliferativ sygdom</td><td>Myeloproliferativ sygdom</td></tr><tr><td>1</td><td style="white-space:nowrap">myelomatose<a name="DiseasesUnspecified-myelomatose"> </a></td><td>Myelomatose</td><td>Myelomatose</td></tr><tr><td>1</td><td style="white-space:nowrap">M96903<a name="DiseasesUnspecified-M96903"> </a></td><td>Follikulært lymfom ukendt grad</td><td>Follikulært lymfom ukendt grad</td></tr><tr><td>1</td><td style="white-space:nowrap">M96913<a name="DiseasesUnspecified-M96913"> </a></td><td>Follikulært lymfom grad 1</td><td>Follikulært lymfom grad 1</td></tr><tr><td>1</td><td style="white-space:nowrap">M96953<a name="DiseasesUnspecified-M96953"> </a></td><td>Follikulært lymfom grad 2</td><td>Follikulært lymfom grad 2</td></tr><tr><td>1</td><td style="white-space:nowrap">M96983<a name="DiseasesUnspecified-M96983"> </a></td><td>Follikulært lymfom grad 3</td><td>Follikulært lymfom grad 3</td></tr><tr><td>1</td><td style="white-space:nowrap">amyloidose&lt;2012<a name="DiseasesUnspecified-amyloidose.602012"> </a></td><td>Amyloidose før 2012</td><td>Amyloidose før 2012</td></tr><tr><td>1</td><td style="white-space:nowrap">all&lt;2005<a name="DiseasesUnspecified-all.602005"> </a></td><td>ALL før 2005</td><td>ALL før 2005</td></tr><tr><td>1</td><td style="white-space:nowrap">all&lt;2000<a name="DiseasesUnspecified-all.602000"> </a></td><td>AML før 2000</td><td>AML før 2000</td></tr><tr><td>1</td><td style="white-space:nowrap">cll&lt;2008<a name="DiseasesUnspecified-cll.602008"> </a></td><td>CLL før 2008</td><td>CLL før 2008</td></tr><tr><td>1</td><td style="white-space:nowrap">hodgkin&lt;1998<a name="DiseasesUnspecified-hodgkin.601998"> </a></td><td>Hodgkin diagnosticeret før 1998 (2000 ØstDK)</td><td>Hodgkin diagnosticeret før 1998 (2000 ØstDK)</td></tr><tr><td>1</td><td style="white-space:nowrap">lymfom&lt;1983<a name="DiseasesUnspecified-lymfom.601983"> </a></td><td>Lymfom diagnosticeret før 1983 (2000 ØstDK)</td><td>Lymfom diagnosticeret før 1983 (2000 ØstDK)</td></tr><tr><td>1</td><td style="white-space:nowrap">mds&lt;2010<a name="DiseasesUnspecified-mds.602010"> </a></td><td>MDS diagnosticeret før 2010</td><td>MDS diagnosticeret før 2010</td></tr><tr><td>1</td><td style="white-space:nowrap">mgus&lt;2013<a name="DiseasesUnspecified-mgus.602013"> </a></td><td>MGUS eller Amyloidose før 2013</td><td>MGUS eller Amyloidose før 2013</td></tr><tr><td>1</td><td style="white-space:nowrap">myelom&lt;2005<a name="DiseasesUnspecified-myelom.602005"> </a></td><td>Myelomatose diagnosticeret før 2005</td><td>Myelomatose diagnosticeret før 2005</td></tr><tr><td>1</td><td style="white-space:nowrap">mpn&lt;2010<a name="DiseasesUnspecified-mpn.602010"> </a></td><td>Myeloproliferativ sygdom diagnosticeret før 2010</td><td>Myeloproliferativ sygdom diagnosticeret før 2010</td></tr><tr><td>1</td><td style="white-space:nowrap">leukaemi_haarcelle<a name="DiseasesUnspecified-leukaemi_haarcelle"> </a></td><td>Hårcelle leukæmi</td><td>Hårcelle leukæmi</td></tr><tr><td>1</td><td style="white-space:nowrap">lgl<a name="DiseasesUnspecified-lgl"> </a></td><td>Large Granular Leukemia (LGL)</td><td>Large Granular Leukemia (LGL)</td></tr><tr><td>1</td><td style="white-space:nowrap">t_pll<a name="DiseasesUnspecified-t_pll"> </a></td><td>T-Prolymfocytleukæmi</td><td>T-Prolymfocytleukæmi</td></tr><tr><td>1</td><td style="white-space:nowrap">myelodysplastic_syndrome<a name="DiseasesUnspecified-myelodysplastic_syndrome"> </a></td><td>Myelodysplastic syndrome</td><td>Myelodysplastic syndrome / Myelodyspl. syndrom (undt. CMML)</td></tr><tr><td>1</td><td style="white-space:nowrap">chronic_myelomonocytic_leukemia<a name="DiseasesUnspecified-chronic_myelomonocytic_leukemia"> </a></td><td>Chronic myelomonocytic leukemia (CMML)</td><td>Chronic myelomonocytic leukemia / CMML (Kronisk MyeloMonocytLeuk.)</td></tr><tr><td>1</td><td style="white-space:nowrap">essential_thrombocytosis<a name="DiseasesUnspecified-essential_thrombocytosis"> </a></td><td>Essential thrombocytosis</td><td>Essential thrombocytosis / Ess. thrombocytose</td></tr><tr><td>1</td><td style="white-space:nowrap">polycythemia_vera<a name="DiseasesUnspecified-polycythemia_vera"> </a></td><td>Polycythemia vera</td><td>Polycythemia vera / Polycytæmia vera</td></tr><tr><td>1</td><td style="white-space:nowrap">myelofibrosis<a name="DiseasesUnspecified-myelofibrosis"> </a></td><td>Myelofibrosis</td><td>Myelofibrosis / Myelofibrose</td></tr><tr><td>2</td><td style="white-space:nowrap">  primary<a name="DiseasesUnspecified-primary"> </a></td><td>Primary myelofibrosis</td><td>Primary myelofibrosis / Primær Myelofibrose</td></tr><tr><td>2</td><td style="white-space:nowrap">  prefibrotic<a name="DiseasesUnspecified-prefibrotic"> </a></td><td>Prefibrotic myelofibrosis</td><td>Prefibrotic myelofibrosis / Præfibrotisk Myelofibrose</td></tr><tr><td>1</td><td style="white-space:nowrap">smouldering_mm<a name="DiseasesUnspecified-smouldering_mm"> </a></td><td>Smouldering MM</td><td>Smouldering MM</td></tr><tr><td>1</td><td style="white-space:nowrap">myelomatosis<a name="DiseasesUnspecified-myelomatosis"> </a></td><td>Myelomatosis</td><td>Myelomatosis / Myelomatose</td></tr><tr><td>1</td><td style="white-space:nowrap">solitary_myelom_osseus<a name="DiseasesUnspecified-solitary_myelom_osseus"> </a></td><td>Solitary myelom (osseus)</td><td>Solitary myelom (osseus) / Solitært myelom (ossøst)</td></tr><tr><td>1</td><td style="white-space:nowrap">solitary_myelom_extra_osseus<a name="DiseasesUnspecified-solitary_myelom_extra_osseus"> </a></td><td>Solitary myelom (extra osseus)</td><td>Solitary myelom (extra osseus) / Solitært myelom (ekstraossøst)</td></tr><tr><td>1</td><td style="white-space:nowrap">plasma_cell_leukemia<a name="DiseasesUnspecified-plasma_cell_leukemia"> </a></td><td>Plasma cell leukemia</td><td>Plasma cell leukemia / Plasmacelleleukæmi</td></tr><tr><td>1</td><td style="white-space:nowrap">DD472<a name="DiseasesUnspecified-DD472"> </a></td><td>Monoklonal gammopati med ubestemt signifikans (MGUS)</td><td>Monoklonal gammopati med ubestemt signifikans (MGUS)</td></tr><tr><td>1</td><td style="white-space:nowrap">ZM973A3<a name="DiseasesUnspecified-ZM973A3"> </a></td><td>Osteosklerotisk myelom (POEMS syndrom)</td><td>Osteosklerotisk myelom (POEMS syndrom)</td></tr><tr><td>1</td><td style="white-space:nowrap">paraprotein_associated_polyneuropathy<a name="DiseasesUnspecified-paraprotein_associated_polyneuropathy"> </a></td><td>Paraprotein associated polyneuropathy</td><td>Paraprotein associated polyneuropathy / Paraprotein associeret polyneuropati</td></tr><tr><td>1</td><td style="white-space:nowrap">chronic_myeloid_leukemia<a name="DiseasesUnspecified-chronic_myeloid_leukemia"> </a></td><td>Chronic myeloid leukemia</td><td>Chronic myeloid leukemia / Kronisk Myeloid Leukæmi (BCR-ABL1 positiv) (CML)</td></tr><tr><td>1</td><td style="white-space:nowrap">myeloproliferative_unclassified<a name="DiseasesUnspecified-myeloproliferative_unclassified"> </a></td><td>Unclassified myeloproliferative</td><td>Unclassified myeloproliferative / Uklassificerbar Myeloproliferativ sygdom</td></tr><tr><td>1</td><td style="white-space:nowrap">anemia<a name="DiseasesUnspecified-anemia"> </a></td><td>Anemia</td><td>Anemia / Anæmi</td></tr><tr><td>1</td><td style="white-space:nowrap">thrombocytopenic_disorder<a name="DiseasesUnspecified-thrombocytopenic_disorder"> </a></td><td>Thrombocytopenic disorder</td><td>Thrombocytopenic disorder / Trombocytopeni</td></tr><tr><td>1</td><td style="white-space:nowrap">neutropenia<a name="DiseasesUnspecified-neutropenia"> </a></td><td>Neutropenia</td><td>Neutropenia / Neutropeni</td></tr><tr><td>1</td><td style="white-space:nowrap">alzheimers_dementia<a name="DiseasesUnspecified-alzheimers_dementia"> </a></td><td>Alzheimers demens</td><td>Alzheimers demens</td></tr><tr><td>1</td><td style="white-space:nowrap">lewy_body_dementia<a name="DiseasesUnspecified-lewy_body_dementia"> </a></td><td>Lewy Body demens</td><td>Lewy Body demens</td></tr><tr><td>1</td><td style="white-space:nowrap">parkinson_dementia<a name="DiseasesUnspecified-parkinson_dementia"> </a></td><td>Parkinson demens</td><td>Parkinson demens</td></tr><tr><td>1</td><td style="white-space:nowrap">vascular_dementia<a name="DiseasesUnspecified-vascular_dementia"> </a></td><td>Vaskulær demens</td><td>Vaskulær demens</td></tr><tr><td>1</td><td style="white-space:nowrap">mixed_dementia<a name="DiseasesUnspecified-mixed_dementia"> </a></td><td>Mixed demens (Alzheimers + vaskulær)</td><td>Mixed demens (Alzheimers + vaskulær)</td></tr><tr><td>1</td><td style="white-space:nowrap">frontotemporal_dementia<a name="DiseasesUnspecified-frontotemporal_dementia"> </a></td><td>Frontotemporal demens</td><td>Frontotemporal demens</td></tr><tr><td>1</td><td style="white-space:nowrap">atypical_parkinson_dementia<a name="DiseasesUnspecified-atypical_parkinson_dementia"> </a></td><td>Atypisk Parkinson demens</td><td>Atypisk Parkinson demens</td></tr><tr><td>1</td><td style="white-space:nowrap">hydrocephalus_dementia<a name="DiseasesUnspecified-hydrocephalus_dementia"> </a></td><td>Normaltryks hydrocephalus demens</td><td>Normaltryks hydrocephalus demens</td></tr><tr><td>1</td><td style="white-space:nowrap">huntingtons_chorea_dementia<a name="DiseasesUnspecified-huntingtons_chorea_dementia"> </a></td><td>Huntingtons Chorea demens</td><td>Huntingtons Chorea demens</td></tr><tr><td>1</td><td style="white-space:nowrap">alchohol_dementia<a name="DiseasesUnspecified-alchohol_dementia"> </a></td><td>Alkohol demens</td><td>Alkohol demens</td></tr><tr><td>1</td><td style="white-space:nowrap">neurodegenerative_dementia<a name="DiseasesUnspecified-neurodegenerative_dementia"> </a></td><td>Neurodegenerativ demens</td><td>Neurodegenerativ demens</td></tr><tr><td>1</td><td style="white-space:nowrap">not_affective_dementia<a name="DiseasesUnspecified-not_affective_dementia"> </a></td><td>Ikke-affektiv demens</td><td>Ikke-affektiv demens</td></tr><tr><td>1</td><td style="white-space:nowrap">affective_dementia<a name="DiseasesUnspecified-affective_dementia"> </a></td><td>Affektiv demens</td><td>Affektiv demens</td></tr><tr><td>1</td><td style="white-space:nowrap">ventral_hernia<a name="DiseasesUnspecified-ventral_hernia"> </a></td><td/><td/></tr><tr><td>2</td><td style="white-space:nowrap">  incisional<a name="DiseasesUnspecified-incisional"> </a></td><td>Incisional</td><td>Incisional / Incisionelt</td></tr><tr><td>3</td><td style="white-space:nowrap">    length_cicatrice<a name="DiseasesUnspecified-length_cicatrice"> </a></td><td/><td/></tr><tr><td>3</td><td style="white-space:nowrap">    cross_cicatrice<a name="DiseasesUnspecified-cross_cicatrice"> </a></td><td/><td/></tr><tr><td>2</td><td style="white-space:nowrap">  umbilical<a name="DiseasesUnspecified-umbilical"> </a></td><td>Umbilical</td><td>Umbilical / Umbilicalt</td></tr><tr><td>2</td><td style="white-space:nowrap">  linea_alba<a name="DiseasesUnspecified-linea_alba"> </a></td><td>Linea alba</td><td>Linea alba</td></tr><tr><td>2</td><td style="white-space:nowrap">  spiegel<a name="DiseasesUnspecified-spiegel"> </a></td><td>Spiegel</td><td>Spiegel</td></tr><tr><td>2</td><td style="white-space:nowrap">  stomi<a name="DiseasesUnspecified-stomi"> </a></td><td>Stomi</td><td>Stomi</td></tr><tr><td>3</td><td style="white-space:nowrap">    stomi_herniotomi<a name="DiseasesUnspecified-stomi_herniotomi"> </a></td><td>Stomi and herniotomi</td><td>Stomi and herniotomi / Stomi og herniotomi</td></tr><tr><td>2</td><td style="white-space:nowrap">  port<a name="DiseasesUnspecified-port"> </a></td><td>Port</td><td>Port</td></tr><tr><td>1</td><td style="white-space:nowrap">colostomy<a name="DiseasesUnspecified-colostomy"> </a></td><td>Colostomy</td><td>Colostomy / Colostomi / SNOMED-CT: 264585001</td></tr><tr><td>1</td><td style="white-space:nowrap">ileostomy<a name="DiseasesUnspecified-ileostomy"> </a></td><td>Ileostomy</td><td>Ileostomy / Ileostomi / SNOMED-CT: 264364002</td></tr><tr><td>1</td><td style="white-space:nowrap">urologicalstomy<a name="DiseasesUnspecified-urologicalstomy"> </a></td><td>Urological stomy</td><td>Urological stomy / Urostomi / SNOMED-CT: 281601009</td></tr><tr><td>1</td><td style="white-space:nowrap">DC00-DC14<a name="DiseasesUnspecified-DC00-DC14"> </a></td><td>Kræft i læber, mundhule og svælg</td><td>Kræft i læber, mundhule og svælg</td></tr><tr><td>1</td><td style="white-space:nowrap">DC15<a name="DiseasesUnspecified-DC15"> </a></td><td>Kræft i spiserøret</td><td>Kræft i spiserøret</td></tr><tr><td>1</td><td style="white-space:nowrap">DC16<a name="DiseasesUnspecified-DC16"> </a></td><td>Kræft i mavesækken</td><td>Kræft i mavesækken</td></tr><tr><td>1</td><td style="white-space:nowrap">DC17<a name="DiseasesUnspecified-DC17"> </a></td><td>Kræft i tyndtarmen</td><td>Kræft i tyndtarmen</td></tr><tr><td>1</td><td style="white-space:nowrap">DC18-DC20<a name="DiseasesUnspecified-DC18-DC20"> </a></td><td>Kræft i tyktarm og endetarm</td><td>Kræft i tyktarm og endetarm</td></tr><tr><td>1</td><td style="white-space:nowrap">DC22<a name="DiseasesUnspecified-DC22"> </a></td><td>Kræft i leveren og intrahepatiske galdegange</td><td>Kræft i leveren og intrahepatiske galdegange</td></tr><tr><td>1</td><td style="white-space:nowrap">DC25<a name="DiseasesUnspecified-DC25"> </a></td><td>Kræft i bugspytkirtlen</td><td>Kræft i bugspytkirtlen</td></tr><tr><td>1</td><td style="white-space:nowrap">DC32<a name="DiseasesUnspecified-DC32"> </a></td><td>Kræft i strubehovedet</td><td>Kræft i strubehovedet</td></tr><tr><td>1</td><td style="white-space:nowrap">DC33-DC34<a name="DiseasesUnspecified-DC33-DC34"> </a></td><td>Kræft i luftrøret og bronkier og lunge</td><td>Kræft i luftrøret og bronkier og lunge</td></tr><tr><td>1</td><td style="white-space:nowrap">DC43<a name="DiseasesUnspecified-DC43"> </a></td><td>Modermærkekræft i huden</td><td>Modermærkekræft i huden</td></tr><tr><td>1</td><td style="white-space:nowrap">DC50<a name="DiseasesUnspecified-DC50"> </a></td><td>Brystkræft</td><td>Brystkræft</td></tr><tr><td>1</td><td style="white-space:nowrap">DC53<a name="DiseasesUnspecified-DC53"> </a></td><td>Kræft i livmoderhalsen</td><td>Kræft i livmoderhalsen</td></tr><tr><td>1</td><td style="white-space:nowrap">DC54-DC55<a name="DiseasesUnspecified-DC54-DC55"> </a></td><td>Kræft i livmoderen (inkl. uspecifik)</td><td>Kræft i livmoderen (inkl. uspecifik)</td></tr><tr><td>1</td><td style="white-space:nowrap">DC56+DC570-DC574<a name="DiseasesUnspecified-DC56.43DC570-DC574"> </a></td><td>Kræft i æggestok og æggeleder</td><td>Kræft i æggestok og æggeleder</td></tr><tr><td>1</td><td style="white-space:nowrap">DC61<a name="DiseasesUnspecified-DC61"> </a></td><td>Kræft i blærehalskirtlen</td><td>Kræft i blærehalskirtlen</td></tr><tr><td>1</td><td style="white-space:nowrap">DC62<a name="DiseasesUnspecified-DC62"> </a></td><td>Testikelkræft</td><td>Testikelkræft</td></tr><tr><td>1</td><td style="white-space:nowrap">DC67<a name="DiseasesUnspecified-DC67"> </a></td><td>Kræft i urinblæren</td><td>Kræft i urinblæren</td></tr><tr><td>1</td><td style="white-space:nowrap">DC64-DC66<a name="DiseasesUnspecified-DC64-DC66"> </a></td><td>Kræft i nyre, nyrebækken og urinleder</td><td>Kræft i nyre, nyrebækken og urinleder</td></tr><tr><td>1</td><td style="white-space:nowrap">DC70-DC72+DC751-DC753<a name="DiseasesUnspecified-DC70-DC72.43DC751-DC753"> </a></td><td>Kræft i centralnervesystem</td><td>Kræft i centralnervesystem</td></tr><tr><td>1</td><td style="white-space:nowrap">DC73<a name="DiseasesUnspecified-DC73"> </a></td><td>Kræft i skjoldbruskkirtlen</td><td>Kræft i skjoldbruskkirtlen</td></tr><tr><td>1</td><td style="white-space:nowrap">DC81<a name="DiseasesUnspecified-DC81"> </a></td><td>Hodgkin lymfomer</td><td>Hodgkin lymfomer</td></tr><tr><td>1</td><td style="white-space:nowrap">DC82-DC85<a name="DiseasesUnspecified-DC82-DC85"> </a></td><td>Non-hodking malignt lymform</td><td>Non-hodking malignt lymform</td></tr><tr><td>1</td><td style="white-space:nowrap">DC90<a name="DiseasesUnspecified-DC90"> </a></td><td>Maligne plasmacelle neoplasier</td><td>Maligne plasmacelle neoplasier</td></tr><tr><td>1</td><td style="white-space:nowrap">DC91-DC95<a name="DiseasesUnspecified-DC91-DC95"> </a></td><td>Leukæmi</td><td>Leukæmi</td></tr><tr><td>1</td><td style="white-space:nowrap">DC45-DC49<a name="DiseasesUnspecified-DC45-DC49"> </a></td><td>Kræft i mesotel, bindevæv og andet bløddelsvæv</td><td>Kræft i mesotel, bindevæv og andet bløddelsvæv</td></tr><tr><td>1</td><td style="white-space:nowrap">DC76-DC80<a name="DiseasesUnspecified-DC76-DC80"> </a></td><td>Kræft med dårligt specificerede, sekundære og ikke specificerede lokalisationer</td><td>Kræft med dårligt specificerede, sekundære og ikke specificerede lokalisationer</td></tr><tr><td>1</td><td style="white-space:nowrap">acute_extremity_ischaemia<a name="DiseasesUnspecified-acute_extremity_ischaemia"> </a></td><td>akut ekstremitetsiskæmi</td><td>akut ekstremitetsiskæmi</td></tr><tr><td>1</td><td style="white-space:nowrap">amurosis_fugax<a name="DiseasesUnspecified-amurosis_fugax"> </a></td><td>amaurosis fugax</td><td>amaurosis fugax</td></tr><tr><td>1</td><td style="white-space:nowrap">aneurysm_asymptomatic<a name="DiseasesUnspecified-aneurysm_asymptomatic"> </a></td><td>aneurisme - asymptomatisk</td><td>aneurisme - asymptomatisk</td></tr><tr><td>1</td><td style="white-space:nowrap">aneurysm_symptomatic<a name="DiseasesUnspecified-aneurysm_symptomatic"> </a></td><td>aneurisme - symptomatisk</td><td>aneurisme - symptomatisk</td></tr><tr><td>1</td><td style="white-space:nowrap">aneurysm_ruptured<a name="DiseasesUnspecified-aneurysm_ruptured"> </a></td><td>aneurisme - rumperet</td><td>aneurisme - rumperet</td></tr><tr><td>1</td><td style="white-space:nowrap">aneurysm_clotted<a name="DiseasesUnspecified-aneurysm_clotted"> </a></td><td>aneurisme - tromboseret</td><td>aneurisme - tromboseret</td></tr><tr><td>1</td><td style="white-space:nowrap">aneurysm_pseudo<a name="DiseasesUnspecified-aneurysm_pseudo"> </a></td><td>aneurisme - pseudo</td><td>aneurisme - pseudo</td></tr><tr><td>1</td><td style="white-space:nowrap">aneurysm_mycotic<a name="DiseasesUnspecified-aneurysm_mycotic"> </a></td><td>aneurisme - mykotisk</td><td>aneurisme - mykotisk</td></tr><tr><td>1</td><td style="white-space:nowrap">bleeding<a name="DiseasesUnspecified-bleeding"> </a></td><td>blødning / hæmatom</td><td>blødning / hæmatom</td></tr><tr><td>1</td><td style="white-space:nowrap">infection<a name="DiseasesUnspecified-infection"> </a></td><td>infektion (ikke proteseinfektion = 55)</td><td>infektion (ikke proteseinfektion = 55)</td></tr><tr><td>1</td><td style="white-space:nowrap">intestinal_ischaemia<a name="DiseasesUnspecified-intestinal_ischaemia"> </a></td><td>intestinal iskæmi, angina abdominalis</td><td>intestinal iskæmi, angina abdominalis</td></tr><tr><td>1</td><td style="white-space:nowrap">function_dependent_ischaemia<a name="DiseasesUnspecified-function_dependent_ischaemia"> </a></td><td>funktionsbetinget iskæmi, claudicatio intermittens</td><td>funktionsbetinget iskæmi, claudicatio intermittens</td></tr><tr><td>1</td><td style="white-space:nowrap">chronic_ischaemia_rest_pain<a name="DiseasesUnspecified-chronic_ischaemia_rest_pain"> </a></td><td>kronisk iskæmi - hvilesmerter</td><td>kronisk iskæmi - hvilesmerter</td></tr><tr><td>1</td><td style="white-space:nowrap">chronic_ischaemia_wound<a name="DiseasesUnspecified-chronic_ischaemia_wound"> </a></td><td>kronisk iskæmi - sår</td><td>kronisk iskæmi - sår</td></tr><tr><td>1</td><td style="white-space:nowrap">chronic_ischaemia_gangrene<a name="DiseasesUnspecified-chronic_ischaemia_gangrene"> </a></td><td>kronisk iskæmi - gangræn</td><td>kronisk iskæmi - gangræn</td></tr><tr><td>1</td><td style="white-space:nowrap">hypertension_renovascular<a name="DiseasesUnspecified-hypertension_renovascular"> </a></td><td>renovaskulær hypertension</td><td>renovaskulær hypertension</td></tr><tr><td>1</td><td style="white-space:nowrap">stroke<a name="DiseasesUnspecified-stroke"> </a></td><td>stroke</td><td>stroke</td></tr><tr><td>1</td><td style="white-space:nowrap">tos<a name="DiseasesUnspecified-tos"> </a></td><td>thoracic outlet syndrom (TOS)</td><td>thoracic outlet syndrom (TOS)</td></tr><tr><td>1</td><td style="white-space:nowrap">tia<a name="DiseasesUnspecified-tia"> </a></td><td>transitorisk iskæmisk attack (TIA)</td><td>transitorisk iskæmisk attack (TIA)</td></tr><tr><td>1</td><td style="white-space:nowrap">trauma<a name="DiseasesUnspecified-trauma"> </a></td><td>traume</td><td>traume</td></tr><tr><td>1</td><td style="white-space:nowrap">thrombosis_vascular_reconstruction<a name="DiseasesUnspecified-thrombosis_vascular_reconstruction"> </a></td><td>trombose af karrekonstruktion</td><td>trombose af karrekonstruktion</td></tr><tr><td>1</td><td style="white-space:nowrap">uremia<a name="DiseasesUnspecified-uremia"> </a></td><td>uræmi</td><td>uræmi</td></tr><tr><td>1</td><td style="white-space:nowrap">varices<a name="DiseasesUnspecified-varices"> </a></td><td>varicer</td><td>varicer</td></tr><tr><td>1</td><td style="white-space:nowrap">vasospasms<a name="DiseasesUnspecified-vasospasms"> </a></td><td>vasospasme/ Raynaud</td><td>vasospasme/ Raynaud</td></tr><tr><td>1</td><td style="white-space:nowrap">venus_thrombosis<a name="DiseasesUnspecified-venus_thrombosis"> </a></td><td>venetrombose</td><td>venetrombose</td></tr><tr><td>1</td><td style="white-space:nowrap">reconstruction_failure<a name="DiseasesUnspecified-reconstruction_failure"> </a></td><td>truende rekonstruktionssvigt</td><td>truende rekonstruktionssvigt</td></tr><tr><td>1</td><td style="white-space:nowrap">permanent_central_venous_access<a name="DiseasesUnspecified-permanent_central_venous_access"> </a></td><td>permanent central venøs adgang</td><td>permanent central venøs adgang</td></tr><tr><td>1</td><td style="white-space:nowrap">wound_complication<a name="DiseasesUnspecified-wound_complication"> </a></td><td>sårkomplikation</td><td>sårkomplikation</td></tr><tr><td>1</td><td style="white-space:nowrap">fascial_rupture<a name="DiseasesUnspecified-fascial_rupture"> </a></td><td>fascieruptur</td><td>fascieruptur</td></tr><tr><td>1</td><td style="white-space:nowrap">ileus<a name="DiseasesUnspecified-ileus"> </a></td><td>ileus</td><td>ileus</td></tr><tr><td>1</td><td style="white-space:nowrap">intestine_ischaemia<a name="DiseasesUnspecified-intestine_ischaemia"> </a></td><td>tarmiskæmi</td><td>tarmiskæmi</td></tr><tr><td>1</td><td style="white-space:nowrap">aorto/prosthesis_intestinal_fistula<a name="DiseasesUnspecified-aorto.47prosthesis_intestinal_fistula"> </a></td><td>aorto/protese-instestinal fistel</td><td>aorto/protese-instestinal fistel</td></tr><tr><td>1</td><td style="white-space:nowrap">prosthetic_infection<a name="DiseasesUnspecified-prosthetic_infection"> </a></td><td>proteseinfektion</td><td>proteseinfektion</td></tr><tr><td>1</td><td style="white-space:nowrap">extremity_compartment<a name="DiseasesUnspecified-extremity_compartment"> </a></td><td>ekstremittets kompartment</td><td>ekstremittets kompartment</td></tr><tr><td>1</td><td style="white-space:nowrap">prolonged_intubation<a name="DiseasesUnspecified-prolonged_intubation"> </a></td><td>langvarig intubation</td><td>langvarig intubation</td></tr><tr><td>1</td><td style="white-space:nowrap">retroperitoneal_fibrosis<a name="DiseasesUnspecified-retroperitoneal_fibrosis"> </a></td><td>retroperitoneal fibrose</td><td>retroperitoneal fibrose</td></tr><tr><td>1</td><td style="white-space:nowrap">abdominal_compartment<a name="DiseasesUnspecified-abdominal_compartment"> </a></td><td>abdominal kompartment</td><td>abdominal kompartment</td></tr><tr><td>1</td><td style="white-space:nowrap">entrapment<a name="DiseasesUnspecified-entrapment"> </a></td><td>entrapment</td><td>entrapment</td></tr><tr><td>1</td><td style="white-space:nowrap">emergency_aortic_dissection<a name="DiseasesUnspecified-emergency_aortic_dissection"> </a></td><td>akut aortadissektion</td><td>akut aortadissektion</td></tr><tr><td>1</td><td style="white-space:nowrap">chronic_aortic_dissection<a name="DiseasesUnspecified-chronic_aortic_dissection"> </a></td><td>kronisk aortadissektion</td><td>kronisk aortadissektion</td></tr><tr><td>1</td><td style="white-space:nowrap">dissection_unspecified<a name="DiseasesUnspecified-dissection_unspecified"> </a></td><td>dissektion uden nærmere specifikation</td><td>dissektion uden nærmere specifikation</td></tr><tr><td>1</td><td style="white-space:nowrap">High_grade_B_lymfom_NOS<a name="DiseasesUnspecified-High_grade_B_lymfom_NOS"> </a></td><td>High-grade B-lymfom NOS</td><td>High-grade B-lymfom NOS </td></tr><tr><td>1</td><td style="white-space:nowrap">Primært_kutant_CD4_positivt_små_medium_T_celle_lymfom<a name="DiseasesUnspecified-Prim.230rt_kutant_CD4_positivt_sm.229_medium_T_celle_lymfom"> </a></td><td>Primært kutant CD4-positivt små/medium T-celle lymfom</td><td>Primært kutant CD4-positivt små/medium T-celle lymfom</td></tr><tr><td>1</td><td style="white-space:nowrap">Malignt_lymfom<a name="DiseasesUnspecified-Malignt_lymfom"> </a></td><td>Malignt lymfom</td><td>Malignt lymfom</td></tr><tr><td>1</td><td style="white-space:nowrap">non-Hodgkin_malignt_lymfom<a name="DiseasesUnspecified-non-Hodgkin_malignt_lymfom"> </a></td><td>non-Hodgkin malignt lymfom</td><td>non-Hodgkin malignt lymfom</td></tr><tr><td>1</td><td style="white-space:nowrap">ascites_lymfom<a name="DiseasesUnspecified-ascites_lymfom"> </a></td><td>Ascites med lymfomceller</td><td>Ascites med lymfomceller</td></tr><tr><td>1</td><td style="white-space:nowrap">perikardieeksudat_lymfom<a name="DiseasesUnspecified-perikardieeksudat_lymfom"> </a></td><td>Perikardieeksudat med lymfomceller</td><td>Perikardieeksudat med lymfomceller</td></tr><tr><td>1</td><td style="white-space:nowrap">pleuraeksudat_lymfom<a name="DiseasesUnspecified-pleuraeksudat_lymfom"> </a></td><td>Pleuraeksudat med lymfomceller</td><td/></tr></table></div></text><url value="https://kip.rkkp.dk/fhir/CodeSystem/DiseasesUnspecified"/><version value="0.2.1"/><name value="DiseasesUnspecified"/><title value="Diseases - Unspecified without a code"/><status value="active"/><date value="2022-06-07T00:00:00+02:00"/><publisher value="Sundhedsvæsnets Kvalistetsinstitut with Trifork Digital Health A/S"/><contact><name value="Sundhedsvæsnets Kvalistetsinstitut with Trifork Digital Health A/S"/><telecom><system value="url"/><value value="https://trifork.com"/></telecom><telecom><system value="email"/><value value="rbk@trifork.com"/></telecom></contact><description value="Diseases - Unspecified without a code"/><caseSensitive value="false"/><content value="complete"/><count value="146"/><concept><code value="diabetes"/><display value="Diabetes"/><definition value="Diabetes / Diabetes"/></concept><concept><code value="heart_disease"/><display value="Heart disease"/><definition value="Heart disease / Hjertesygdom"/></concept><concept><code value="lung_disease"/><display value="Lung disease"/><definition value="Lung disease / Lungesygdom"/></concept><concept><code value="al"/><display value="Akut leukæmi (AL)"/><definition value="Akut leumæmi (AL)"/></concept><concept><code value="cll"/><display value="Kronisk lymfatisk leukæmi (CLL)"/><definition value="Kronisk lymfatisk leukæmi (CLL)"/></concept><concept><code value="lymfom"/><display value="Lymfom (LYFO)"/><definition value="Lymfom (LYFO)"/></concept><concept><code value="mds"/><display value="Myelodysplasi (MDS)"/><definition value="Myelodysplasi (MDS)"/></concept><concept><code value="myeloproliferativ_sygdom"/><display value="Myeloproliferativ sygdom"/><definition value="Myeloproliferativ sygdom"/></concept><concept><code value="myelomatose"/><display value="Myelomatose"/><definition value="Myelomatose"/></concept><concept><code value="M96903"/><display value="Follikulært lymfom ukendt grad"/><definition value="Follikulært lymfom ukendt grad"/></concept><concept><code value="M96913"/><display value="Follikulært lymfom grad 1"/><definition value="Follikulært lymfom grad 1"/></concept><concept><code value="M96953"/><display value="Follikulært lymfom grad 2"/><definition value="Follikulært lymfom grad 2"/></concept><concept><code value="M96983"/><display value="Follikulært lymfom grad 3"/><definition value="Follikulært lymfom grad 3"/></concept><concept><code value="amyloidose&lt;2012"/><display value="Amyloidose før 2012"/><definition value="Amyloidose før 2012"/></concept><concept><code value="all&lt;2005"/><display value="ALL før 2005"/><definition value="ALL før 2005"/></concept><concept><code value="all&lt;2000"/><display value="AML før 2000"/><definition value="AML før 2000"/></concept><concept><code value="cll&lt;2008"/><display value="CLL før 2008"/><definition value="CLL før 2008"/></concept><concept><code value="hodgkin&lt;1998"/><display value="Hodgkin diagnosticeret før 1998 (2000 ØstDK)"/><definition value="Hodgkin diagnosticeret før 1998 (2000 ØstDK)"/></concept><concept><code value="lymfom&lt;1983"/><display value="Lymfom diagnosticeret før 1983 (2000 ØstDK)"/><definition value="Lymfom diagnosticeret før 1983 (2000 ØstDK)"/></concept><concept><code value="mds&lt;2010"/><display value="MDS diagnosticeret før 2010"/><definition value="MDS diagnosticeret før 2010"/></concept><concept><code value="mgus&lt;2013"/><display value="MGUS eller Amyloidose før 2013"/><definition value="MGUS eller Amyloidose før 2013"/></concept><concept><code value="myelom&lt;2005"/><display value="Myelomatose diagnosticeret før 2005"/><definition value="Myelomatose diagnosticeret før 2005"/></concept><concept><code value="mpn&lt;2010"/><display value="Myeloproliferativ sygdom diagnosticeret før 2010"/><definition value="Myeloproliferativ sygdom diagnosticeret før 2010"/></concept><concept><code value="leukaemi_haarcelle"/><display value="Hårcelle leukæmi"/><definition value="Hårcelle leukæmi"/></concept><concept><code value="lgl"/><display value="Large Granular Leukemia (LGL)"/><definition value="Large Granular Leukemia (LGL)"/></concept><concept><code value="t_pll"/><display value="T-Prolymfocytleukæmi"/><definition value="T-Prolymfocytleukæmi"/></concept><concept><code value="myelodysplastic_syndrome"/><display value="Myelodysplastic syndrome"/><definition value="Myelodysplastic syndrome / Myelodyspl. syndrom (undt. CMML)"/></concept><concept><code value="chronic_myelomonocytic_leukemia"/><display value="Chronic myelomonocytic leukemia (CMML)"/><definition value="Chronic myelomonocytic leukemia / CMML (Kronisk MyeloMonocytLeuk.)"/></concept><concept><code value="essential_thrombocytosis"/><display value="Essential thrombocytosis"/><definition value="Essential thrombocytosis / Ess. thrombocytose"/></concept><concept><code value="polycythemia_vera"/><display value="Polycythemia vera"/><definition value="Polycythemia vera / Polycytæmia vera"/></concept><concept><code value="myelofibrosis"/><display value="Myelofibrosis"/><definition value="Myelofibrosis / Myelofibrose"/><concept><code value="primary"/><display value="Primary myelofibrosis"/><definition value="Primary myelofibrosis / Primær Myelofibrose"/></concept><concept><code value="prefibrotic"/><display value="Prefibrotic myelofibrosis"/><definition value="Prefibrotic myelofibrosis / Præfibrotisk Myelofibrose"/></concept></concept><concept><code value="smouldering_mm"/><display value="Smouldering MM"/><definition value="Smouldering MM"/></concept><concept><code value="myelomatosis"/><display value="Myelomatosis"/><definition value="Myelomatosis / Myelomatose"/></concept><concept><code value="solitary_myelom_osseus"/><display value="Solitary myelom (osseus)"/><definition value="Solitary myelom (osseus) / Solitært myelom (ossøst)"/></concept><concept><code value="solitary_myelom_extra_osseus"/><display value="Solitary myelom (extra osseus)"/><definition value="Solitary myelom (extra osseus) / Solitært myelom (ekstraossøst)"/></concept><concept><code value="plasma_cell_leukemia"/><display value="Plasma cell leukemia"/><definition value="Plasma cell leukemia / Plasmacelleleukæmi"/></concept><concept><code value="DD472"/><display value="Monoklonal gammopati med ubestemt signifikans (MGUS)"/><definition value="Monoklonal gammopati med ubestemt signifikans (MGUS)"/></concept><concept><code value="ZM973A3"/><display value="Osteosklerotisk myelom (POEMS syndrom)"/><definition value="Osteosklerotisk myelom (POEMS syndrom)"/></concept><concept><code value="paraprotein_associated_polyneuropathy"/><display value="Paraprotein associated polyneuropathy"/><definition value="Paraprotein associated polyneuropathy / Paraprotein associeret polyneuropati"/></concept><concept><code value="chronic_myeloid_leukemia"/><display value="Chronic myeloid leukemia"/><definition value="Chronic myeloid leukemia / Kronisk Myeloid Leukæmi (BCR-ABL1 positiv) (CML)"/></concept><concept><code value="myeloproliferative_unclassified"/><display value="Unclassified myeloproliferative"/><definition value="Unclassified myeloproliferative / Uklassificerbar Myeloproliferativ sygdom"/></concept><concept><code value="anemia"/><display value="Anemia"/><definition value="Anemia / Anæmi"/></concept><concept><code value="thrombocytopenic_disorder"/><display value="Thrombocytopenic disorder"/><definition value="Thrombocytopenic disorder / Trombocytopeni"/></concept><concept><code value="neutropenia"/><display value="Neutropenia"/><definition value="Neutropenia / Neutropeni"/></concept><concept><code value="alzheimers_dementia"/><display value="Alzheimers demens"/><definition value="Alzheimers demens"/></concept><concept><code value="lewy_body_dementia"/><display value="Lewy Body demens"/><definition value="Lewy Body demens"/></concept><concept><code value="parkinson_dementia"/><display value="Parkinson demens"/><definition value="Parkinson demens"/></concept><concept><code value="vascular_dementia"/><display value="Vaskulær demens"/><definition value="Vaskulær demens"/></concept><concept><code value="mixed_dementia"/><display value="Mixed demens (Alzheimers + vaskulær)"/><definition value="Mixed demens (Alzheimers + vaskulær)"/></concept><concept><code value="frontotemporal_dementia"/><display value="Frontotemporal demens"/><definition value="Frontotemporal demens"/></concept><concept><code value="atypical_parkinson_dementia"/><display value="Atypisk Parkinson demens"/><definition value="Atypisk Parkinson demens"/></concept><concept><code value="hydrocephalus_dementia"/><display value="Normaltryks hydrocephalus demens"/><definition value="Normaltryks hydrocephalus demens"/></concept><concept><code value="huntingtons_chorea_dementia"/><display value="Huntingtons Chorea demens"/><definition value="Huntingtons Chorea demens"/></concept><concept><code value="alchohol_dementia"/><display value="Alkohol demens"/><definition value="Alkohol demens"/></concept><concept><code value="neurodegenerative_dementia"/><display value="Neurodegenerativ demens"/><definition value="Neurodegenerativ demens"/></concept><concept><code value="not_affective_dementia"/><display value="Ikke-affektiv demens"/><definition value="Ikke-affektiv demens"/></concept><concept><code value="affective_dementia"/><display value="Affektiv demens"/><definition value="Affektiv demens"/></concept><concept><code value="ventral_hernia"/><concept><code value="incisional"/><display value="Incisional"/><definition value="Incisional / Incisionelt"/><concept><code value="length_cicatrice"/></concept><concept><code value="cross_cicatrice"/></concept></concept><concept><code value="umbilical"/><display value="Umbilical"/><definition value="Umbilical / Umbilicalt"/></concept><concept><code value="linea_alba"/><display value="Linea alba"/><definition value="Linea alba"/></concept><concept><code value="spiegel"/><display value="Spiegel"/><definition value="Spiegel"/></concept><concept><code value="stomi"/><display value="Stomi"/><definition value="Stomi"/><concept><code value="stomi_herniotomi"/><display value="Stomi and herniotomi"/><definition value="Stomi and herniotomi / Stomi og herniotomi"/></concept></concept><concept><code value="port"/><display value="Port"/><definition value="Port"/></concept></concept><concept><code value="colostomy"/><display value="Colostomy"/><definition value="Colostomy / Colostomi / SNOMED-CT: 264585001"/></concept><concept><code value="ileostomy"/><display value="Ileostomy"/><definition value="Ileostomy / Ileostomi / SNOMED-CT: 264364002"/></concept><concept><code value="urologicalstomy"/><display value="Urological stomy"/><definition value="Urological stomy / Urostomi / SNOMED-CT: 281601009"/></concept><concept><code value="DC00-DC14"/><display value="Kræft i læber, mundhule og svælg"/><definition value="Kræft i læber, mundhule og svælg"/></concept><concept><code value="DC15"/><display value="Kræft i spiserøret"/><definition value="Kræft i spiserøret"/></concept><concept><code value="DC16"/><display value="Kræft i mavesækken"/><definition value="Kræft i mavesækken"/></concept><concept><code value="DC17"/><display value="Kræft i tyndtarmen"/><definition value="Kræft i tyndtarmen"/></concept><concept><code value="DC18-DC20"/><display value="Kræft i tyktarm og endetarm"/><definition value="Kræft i tyktarm og endetarm"/></concept><concept><code value="DC22"/><display value="Kræft i leveren og intrahepatiske galdegange"/><definition value="Kræft i leveren og intrahepatiske galdegange"/></concept><concept><code value="DC25"/><display value="Kræft i bugspytkirtlen"/><definition value="Kræft i bugspytkirtlen"/></concept><concept><code value="DC32"/><display value="Kræft i strubehovedet"/><definition value="Kræft i strubehovedet"/></concept><concept><code value="DC33-DC34"/><display value="Kræft i luftrøret og bronkier og lunge"/><definition value="Kræft i luftrøret og bronkier og lunge"/></concept><concept><code value="DC43"/><display value="Modermærkekræft i huden"/><definition value="Modermærkekræft i huden"/></concept><concept><code value="DC50"/><display value="Brystkræft"/><definition value="Brystkræft"/></concept><concept><code value="DC53"/><display value="Kræft i livmoderhalsen"/><definition value="Kræft i livmoderhalsen"/></concept><concept><code value="DC54-DC55"/><display value="Kræft i livmoderen (inkl. uspecifik)"/><definition value="Kræft i livmoderen (inkl. uspecifik)"/></concept><concept><code value="DC56+DC570-DC574"/><display value="Kræft i æggestok og æggeleder"/><definition value="Kræft i æggestok og æggeleder"/></concept><concept><code value="DC61"/><display value="Kræft i blærehalskirtlen"/><definition value="Kræft i blærehalskirtlen"/></concept><concept><code value="DC62"/><display value="Testikelkræft"/><definition value="Testikelkræft"/></concept><concept><code value="DC67"/><display value="Kræft i urinblæren"/><definition value="Kræft i urinblæren"/></concept><concept><code value="DC64-DC66"/><display value="Kræft i nyre, nyrebækken og urinleder"/><definition value="Kræft i nyre, nyrebækken og urinleder"/></concept><concept><code value="DC70-DC72+DC751-DC753"/><display value="Kræft i centralnervesystem"/><definition value="Kræft i centralnervesystem"/></concept><concept><code value="DC73"/><display value="Kræft i skjoldbruskkirtlen"/><definition value="Kræft i skjoldbruskkirtlen"/></concept><concept><code value="DC81"/><display value="Hodgkin lymfomer"/><definition value="Hodgkin lymfomer"/></concept><concept><code value="DC82-DC85"/><display value="Non-hodking malignt lymform"/><definition value="Non-hodking malignt lymform"/></concept><concept><code value="DC90"/><display value="Maligne plasmacelle neoplasier"/><definition value="Maligne plasmacelle neoplasier"/></concept><concept><code value="DC91-DC95"/><display value="Leukæmi"/><definition value="Leukæmi"/></concept><concept><code value="DC45-DC49"/><display value="Kræft i mesotel, bindevæv og andet bløddelsvæv"/><definition value="Kræft i mesotel, bindevæv og andet bløddelsvæv"/></concept><concept><code value="DC76-DC80"/><display value="Kræft med dårligt specificerede, sekundære og ikke specificerede lokalisationer"/><definition value="Kræft med dårligt specificerede, sekundære og ikke specificerede lokalisationer"/></concept><concept><code value="acute_extremity_ischaemia"/><display value="akut ekstremitetsiskæmi"/><definition value="akut ekstremitetsiskæmi"/></concept><concept><code value="amurosis_fugax"/><display value="amaurosis fugax"/><definition value="amaurosis fugax"/></concept><concept><code value="aneurysm_asymptomatic"/><display value="aneurisme - asymptomatisk"/><definition value="aneurisme - asymptomatisk"/></concept><concept><code value="aneurysm_symptomatic"/><display value="aneurisme - symptomatisk"/><definition value="aneurisme - symptomatisk"/></concept><concept><code value="aneurysm_ruptured"/><display value="aneurisme - rumperet"/><definition value="aneurisme - rumperet"/></concept><concept><code value="aneurysm_clotted"/><display value="aneurisme - tromboseret"/><definition value="aneurisme - tromboseret"/></concept><concept><code value="aneurysm_pseudo"/><display value="aneurisme - pseudo"/><definition value="aneurisme - pseudo"/></concept><concept><code value="aneurysm_mycotic"/><display value="aneurisme - mykotisk"/><definition value="aneurisme - mykotisk"/></concept><concept><code value="bleeding"/><display value="blødning / hæmatom"/><definition value="blødning / hæmatom"/></concept><concept><code value="infection"/><display value="infektion (ikke proteseinfektion = 55)"/><definition value="infektion (ikke proteseinfektion = 55)"/></concept><concept><code value="intestinal_ischaemia"/><display value="intestinal iskæmi, angina abdominalis"/><definition value="intestinal iskæmi, angina abdominalis"/></concept><concept><code value="function_dependent_ischaemia"/><display value="funktionsbetinget iskæmi, claudicatio intermittens"/><definition value="funktionsbetinget iskæmi, claudicatio intermittens"/></concept><concept><code value="chronic_ischaemia_rest_pain"/><display value="kronisk iskæmi - hvilesmerter"/><definition value="kronisk iskæmi - hvilesmerter"/></concept><concept><code value="chronic_ischaemia_wound"/><display value="kronisk iskæmi - sår"/><definition value="kronisk iskæmi - sår"/></concept><concept><code value="chronic_ischaemia_gangrene"/><display value="kronisk iskæmi - gangræn"/><definition value="kronisk iskæmi - gangræn"/></concept><concept><code value="hypertension_renovascular"/><display value="renovaskulær hypertension"/><definition value="renovaskulær hypertension"/></concept><concept><code value="stroke"/><display value="stroke"/><definition value="stroke"/></concept><concept><code value="tos"/><display value="thoracic outlet syndrom (TOS)"/><definition value="thoracic outlet syndrom (TOS)"/></concept><concept><code value="tia"/><display value="transitorisk iskæmisk attack (TIA)"/><definition value="transitorisk iskæmisk attack (TIA)"/></concept><concept><code value="trauma"/><display value="traume"/><definition value="traume"/></concept><concept><code value="thrombosis_vascular_reconstruction"/><display value="trombose af karrekonstruktion"/><definition value="trombose af karrekonstruktion"/></concept><concept><code value="uremia"/><display value="uræmi"/><definition value="uræmi"/></concept><concept><code value="varices"/><display value="varicer"/><definition value="varicer"/></concept><concept><code value="vasospasms"/><display value="vasospasme/ Raynaud"/><definition value="vasospasme/ Raynaud"/></concept><concept><code value="venus_thrombosis"/><display value="venetrombose"/><definition value="venetrombose"/></concept><concept><code value="reconstruction_failure"/><display value="truende rekonstruktionssvigt"/><definition value="truende rekonstruktionssvigt"/></concept><concept><code value="permanent_central_venous_access"/><display value="permanent central venøs adgang"/><definition value="permanent central venøs adgang"/></concept><concept><code value="wound_complication"/><display value="sårkomplikation"/><definition value="sårkomplikation"/></concept><concept><code value="fascial_rupture"/><display value="fascieruptur"/><definition value="fascieruptur"/></concept><concept><code value="ileus"/><display value="ileus"/><definition value="ileus"/></concept><concept><code value="intestine_ischaemia"/><display value="tarmiskæmi"/><definition value="tarmiskæmi"/></concept><concept><code value="aorto/prosthesis_intestinal_fistula"/><display value="aorto/protese-instestinal fistel"/><definition value="aorto/protese-instestinal fistel"/></concept><concept><code value="prosthetic_infection"/><display value="proteseinfektion"/><definition value="proteseinfektion"/></concept><concept><code value="extremity_compartment"/><display value="ekstremittets kompartment"/><definition value="ekstremittets kompartment"/></concept><concept><code value="prolonged_intubation"/><display value="langvarig intubation"/><definition value="langvarig intubation"/></concept><concept><code value="retroperitoneal_fibrosis"/><display value="retroperitoneal fibrose"/><definition value="retroperitoneal fibrose"/></concept><concept><code value="abdominal_compartment"/><display value="abdominal kompartment"/><definition value="abdominal kompartment"/></concept><concept><code value="entrapment"/><display value="entrapment"/><definition value="entrapment"/></concept><concept><code value="emergency_aortic_dissection"/><display value="akut aortadissektion"/><definition value="akut aortadissektion"/></concept><concept><code value="chronic_aortic_dissection"/><display value="kronisk aortadissektion"/><definition value="kronisk aortadissektion"/></concept><concept><code value="dissection_unspecified"/><display value="dissektion uden nærmere specifikation"/><definition value="dissektion uden nærmere specifikation"/></concept><concept><code value="High_grade_B_lymfom_NOS"/><display value="High-grade B-lymfom NOS"/><definition value="High-grade B-lymfom NOS "/></concept><concept><code value="Primært_kutant_CD4_positivt_små_medium_T_celle_lymfom"/><display value="Primært kutant CD4-positivt små/medium T-celle lymfom"/><definition value="Primært kutant CD4-positivt små/medium T-celle lymfom"/></concept><concept><code value="Malignt_lymfom"/><display value="Malignt lymfom"/><definition value="Malignt lymfom"/></concept><concept><code value="non-Hodgkin_malignt_lymfom"/><display value="non-Hodgkin malignt lymfom"/><definition value="non-Hodgkin malignt lymfom"/></concept><concept><code value="ascites_lymfom"/><display value="Ascites med lymfomceller"/><definition value="Ascites med lymfomceller"/></concept><concept><code value="perikardieeksudat_lymfom"/><display value="Perikardieeksudat med lymfomceller"/><definition value="Perikardieeksudat med lymfomceller"/></concept><concept><code value="pleuraeksudat_lymfom"/><display value="Pleuraeksudat med lymfomceller"/></concept></CodeSystem>