<?xml version="1.0" encoding="UTF-8"?><CodeSystem xmlns="http://hl7.org/fhir"><id value="TumorClassificationHistology"/><text><status value="generated"/><div xmlns="http://www.w3.org/1999/xhtml"><p class="res-header-id"><b>Generated Narrative: CodeSystem TumorClassificationHistology</b></p><a name="TumorClassificationHistology"> </a><a name="hcTumorClassificationHistology"> </a><a name="TumorClassificationHistology-en-US"> </a><p>This  code system <code>https://kip.rkkp.dk/fhir/CodeSystem/TumorClassificationHistology</code> defines the following codes in an undefined hierarchy:</p><table class="codes"><tr><td><b>Lvl</b></td><td style="white-space:nowrap"><b>Code</b></td><td><b>Display</b></td><td><b>Definition</b></td></tr><tr><td>1</td><td style="white-space:nowrap">adenocarcinoma<a name="TumorClassificationHistology-adenocarcinoma"> </a></td><td>Adenokarcinom</td><td>Adenokarcinom</td></tr><tr><td>2</td><td style="white-space:nowrap">  glandular<a name="TumorClassificationHistology-glandular"> </a></td><td>Adenokarcinom (glandulær)</td><td>Adenokarcinom af glandulær type</td></tr><tr><td>2</td><td style="white-space:nowrap">  lowdifferentiated<a name="TumorClassificationHistology-lowdifferentiated"> </a></td><td>Adenokarcinom (lavt differentieret)</td><td>Lavt differentieret adenokarcinom</td></tr><tr><td>2</td><td style="white-space:nowrap">  mucinous<a name="TumorClassificationHistology-mucinous"> </a></td><td>Adenokarcinom (mucinøst)</td><td>Mucinøst adenokarcinom (&gt; 50% af tumorarealet udgøres af mucin)</td></tr><tr><td>1</td><td style="white-space:nowrap">carcinoma<a name="TumorClassificationHistology-carcinoma"> </a></td><td>Karcinom</td><td>Karcinom</td></tr><tr><td>2</td><td style="white-space:nowrap">  signetringcell<a name="TumorClassificationHistology-signetringcell"> </a></td><td>Signetringscelle karcinom</td><td>Signetringscelle karcinom (&gt; 50% af tumorcellerne er signetringsceller)</td></tr><tr><td>2</td><td style="white-space:nowrap">  planocellular<a name="TumorClassificationHistology-planocellular"> </a></td><td>Planocellulært karcinom</td><td>Planocellulært karcinom</td></tr><tr><td>2</td><td style="white-space:nowrap">  adenoquamous<a name="TumorClassificationHistology-adenoquamous"> </a></td><td>Adenoskvamøst karcinom</td><td>Adenoskvamøst karcinom</td></tr><tr><td>2</td><td style="white-space:nowrap">  undifferentiated<a name="TumorClassificationHistology-undifferentiated"> </a></td><td>Udifferentieret karcinom</td><td>Udifferentieret karcinom</td></tr><tr><td>2</td><td style="white-space:nowrap">  medullary<a name="TumorClassificationHistology-medullary"> </a></td><td>Medullært karcinom</td><td>Medullært karcinom</td></tr><tr><td>2</td><td style="white-space:nowrap">  other<a name="TumorClassificationHistology-other"> </a></td><td>Anden type karcinom</td><td>Anden type karcinom</td></tr><tr><td>2</td><td style="white-space:nowrap">  noresidualtumor<a name="TumorClassificationHistology-noresidualtumor"> </a></td><td>Ingen resttumor</td><td>Ingen resttumor</td></tr></table></div></text><url value="https://kip.rkkp.dk/fhir/CodeSystem/TumorClassificationHistology"/><version value="0.2.1"/><name value="TumorClassificationHistology"/><title value="Histologisk&#x9;klassifikation (fordøjelsessystemet)"/><status value="active"/><date value="2022-05-31T00:00:00+02:00"/><publisher value="Sundhedsvæsnets Kvalistetsinstitut with Trifork Digital Health A/S"/><contact><name value="Sundhedsvæsnets Kvalistetsinstitut with Trifork Digital Health A/S"/><telecom><system value="url"/><value value="https://trifork.com"/></telecom><telecom><system value="email"/><value value="rbk@trifork.com"/></telecom></contact><description value="Tumor klassificeres histologisk jvf. WHO Classification of Tumours of the Digestive System. Link: https://dccg.dk/wp-content/uploads/2017/08/Tumorklassifikation.pdf"/><content value="complete"/><count value="12"/><concept><code value="adenocarcinoma"/><display value="Adenokarcinom"/><definition value="Adenokarcinom"/><concept><code value="glandular"/><display value="Adenokarcinom (glandulær)"/><definition value="Adenokarcinom af glandulær type"/></concept><concept><code value="lowdifferentiated"/><display value="Adenokarcinom (lavt differentieret)"/><definition value="Lavt differentieret adenokarcinom"/></concept><concept><code value="mucinous"/><display value="Adenokarcinom (mucinøst)"/><definition value="Mucinøst adenokarcinom (&gt; 50% af tumorarealet udgøres af mucin)"/></concept></concept><concept><code value="carcinoma"/><display value="Karcinom"/><definition value="Karcinom"/><concept><code value="signetringcell"/><display value="Signetringscelle karcinom"/><definition value="Signetringscelle karcinom (&gt; 50% af tumorcellerne er signetringsceller)"/></concept><concept><code value="planocellular"/><display value="Planocellulært karcinom"/><definition value="Planocellulært karcinom"/></concept><concept><code value="adenoquamous"/><display value="Adenoskvamøst karcinom"/><definition value="Adenoskvamøst karcinom"/></concept><concept><code value="undifferentiated"/><display value="Udifferentieret karcinom"/><definition value="Udifferentieret karcinom"/></concept><concept><code value="medullary"/><display value="Medullært karcinom"/><definition value="Medullært karcinom"/></concept><concept><code value="other"/><display value="Anden type karcinom"/><definition value="Anden type karcinom"/></concept><concept><code value="noresidualtumor"/><display value="Ingen resttumor"/><definition value="Ingen resttumor"/></concept></concept></CodeSystem>