<?xml version="1.0" encoding="UTF-8"?><CodeSystem xmlns="http://hl7.org/fhir"><id value="NIHSS10Dysarthria"/><text><status value="generated"/><div xmlns="http://www.w3.org/1999/xhtml"><p class="res-header-id"><b>Generated Narrative: CodeSystem NIHSS10Dysarthria</b></p><a name="NIHSS10Dysarthria"> </a><a name="hcNIHSS10Dysarthria"> </a><a name="NIHSS10Dysarthria-en-US"> </a><p>This  code system <code>https://kip.rkkp.dk/fhir/CodeSystem/NIHSS10Dysarthria</code> defines the following codes:</p><table class="codes"><tr><td style="white-space:nowrap"><b>Code</b></td><td><b>Definition</b></td></tr><tr><td style="white-space:nowrap">0<a name="NIHSS10Dysarthria-0"> </a></td><td>Normal.</td></tr><tr><td style="white-space:nowrap">1<a name="NIHSS10Dysarthria-1"> </a></td><td>Mild-to-moderate dysarthria; patient slurs at least some words and, at worst, can be understood with some difficulty.</td></tr><tr><td style="white-space:nowrap">2<a name="NIHSS10Dysarthria-2"> </a></td><td>Severe dysarthria; patient's speech is so slurred as to be unintelligible in the absence of or out of proportion to any dysphasia, or is mute/anarthric.</td></tr><tr><td style="white-space:nowrap">UN<a name="NIHSS10Dysarthria-UN"> </a></td><td>Intubated or other physical barrier, explain:</td></tr></table></div></text><url value="https://kip.rkkp.dk/fhir/CodeSystem/NIHSS10Dysarthria"/><version value="0.2.1"/><name value="NIHSS10Dysarthria"/><title value="The National Institute of Health Stroke Scale (NIHSS) - 10. Dysarthria"/><status value="active"/><date value="2022-06-23T00:00:00+02:00"/><publisher value="Sundhedsvæsnets Kvalistetsinstitut with Trifork Digital Health A/S"/><contact><name value="Sundhedsvæsnets Kvalistetsinstitut with Trifork Digital Health A/S"/><telecom><system value="url"/><value value="https://trifork.com"/></telecom><telecom><system value="email"/><value value="rbk@trifork.com"/></telecom></contact><description value="The National Institute of Health Stroke Scale (NIHSS) - 10. Dysarthria; Link: https://www.ninds.nih.gov/stroke-scales-and-related-information"/><content value="complete"/><count value="4"/><concept><code value="0"/><display value="0"/><definition value="Normal."/></concept><concept><code value="1"/><display value="1"/><definition value="Mild-to-moderate dysarthria; patient slurs at least some words and, at worst, can be understood with some difficulty."/></concept><concept><code value="2"/><display value="2"/><definition value="Severe dysarthria; patient's speech is so slurred as to be unintelligible in the absence of or out of proportion to any dysphasia, or is mute/anarthric."/></concept><concept><code value="UN"/><display value="UN"/><definition value="Intubated or other physical barrier, explain:"/></concept></CodeSystem>