<?xml version="1.0" encoding="UTF-8"?><CodeSystem xmlns="http://hl7.org/fhir"><id value="ImplantComponents"/><text><status value="generated"/><div xmlns="http://www.w3.org/1999/xhtml"><p class="res-header-id"><b>Generated Narrative: CodeSystem ImplantComponents</b></p><a name="ImplantComponents"> </a><a name="hcImplantComponents"> </a><a name="ImplantComponents-en-US"> </a><p>This  code system <code>https://kip.rkkp.dk/fhir/CodeSystem/ImplantComponents</code> defines the following codes in an undefined hierarchy:</p><table class="codes"><tr><td><b>Lvl</b></td><td style="white-space:nowrap"><b>Code</b></td><td><b>Display</b></td><td><b>Definition</b></td></tr><tr><td>1</td><td style="white-space:nowrap">cement_spacer<a name="ImplantComponents-cement_spacer"> </a></td><td>Cement spacer</td><td>Cement spacer</td></tr><tr><td>1</td><td style="white-space:nowrap">implant<a name="ImplantComponents-implant"> </a></td><td>Implant</td><td>Implant / Implantat</td></tr><tr><td>1</td><td style="white-space:nowrap">cavitas_untouched<a name="ImplantComponents-cavitas_untouched"> </a></td><td>Cavitas urørt</td><td>Cavitas urørt</td></tr><tr><td>1</td><td style="white-space:nowrap">cavitas_inforeret<a name="ImplantComponents-cavitas_inforeret"> </a></td><td>Cavitas inforeret</td><td>Cavitas inforeret</td></tr><tr><td>1</td><td style="white-space:nowrap">cavitas_reamet<a name="ImplantComponents-cavitas_reamet"> </a></td><td>Cavitas reamet</td><td>Cavitas reamet</td></tr><tr><td>1</td><td style="white-space:nowrap">cavitas_removed<a name="ImplantComponents-cavitas_removed"> </a></td><td>Cavitas fjernet</td><td>Cavitas fjernet</td></tr><tr><td>1</td><td style="white-space:nowrap">resurfacing<a name="ImplantComponents-resurfacing"> </a></td><td>Resurfacing</td><td>Resurfacing</td></tr><tr><td>1</td><td style="white-space:nowrap">stemless<a name="ImplantComponents-stemless"> </a></td><td>Stemless</td><td>Stemless</td></tr><tr><td>1</td><td style="white-space:nowrap">stem<a name="ImplantComponents-stem"> </a></td><td>Stem</td><td>Stem</td></tr><tr><td>2</td><td style="white-space:nowrap">  standard_length<a name="ImplantComponents-standard_length"> </a></td><td>Standard length</td><td>Standard length / Standard længde</td></tr><tr><td>2</td><td style="white-space:nowrap">  extra_length<a name="ImplantComponents-extra_length"> </a></td><td>Extra length</td><td>Extra length / Extra længde</td></tr><tr><td>2</td><td style="white-space:nowrap">  short_mini_length<a name="ImplantComponents-short_mini_length"> </a></td><td>Short/mini</td><td>Short/mini / Short/mini</td></tr><tr><td>2</td><td style="white-space:nowrap">  stem_femur<a name="ImplantComponents-stem_femur"> </a></td><td>Stem (femur)</td><td>Stem (femur)</td></tr><tr><td>2</td><td style="white-space:nowrap">  stem_tibia<a name="ImplantComponents-stem_tibia"> </a></td><td>Stem (tibia)</td><td>Stem (tibia)</td></tr><tr><td>1</td><td style="white-space:nowrap">augment<a name="ImplantComponents-augment"> </a></td><td>Augment</td><td>Augment</td></tr><tr><td>2</td><td style="white-space:nowrap">  augment_femur<a name="ImplantComponents-augment_femur"> </a></td><td>Augment (femur)</td><td>Augment (femur)</td></tr><tr><td>2</td><td style="white-space:nowrap">  augment_tibia<a name="ImplantComponents-augment_tibia"> </a></td><td>Augment (tibia)</td><td>Augment (tibia)</td></tr><tr><td>1</td><td style="white-space:nowrap">cone_sleeve<a name="ImplantComponents-cone_sleeve"> </a></td><td>Cone/sleeve</td><td>Cone/sleeve</td></tr><tr><td>2</td><td style="white-space:nowrap">  cone_sleeve_femur<a name="ImplantComponents-cone_sleeve_femur"> </a></td><td>Cone/sleeve (femur)</td><td>Cone/sleeve (femur)</td></tr><tr><td>2</td><td style="white-space:nowrap">  cone_sleeve_tibia<a name="ImplantComponents-cone_sleeve_tibia"> </a></td><td>Cone/sleeve (tibia)</td><td>Cone/sleeve (tibia)</td></tr><tr><td>1</td><td style="white-space:nowrap">cemented<a name="ImplantComponents-cemented"> </a></td><td>Cemented</td><td>Cemented / Cementeret</td></tr><tr><td>1</td><td style="white-space:nowrap">uncemented<a name="ImplantComponents-uncemented"> </a></td><td>Uncemented</td><td>Uncemented / Ucementeret</td></tr><tr><td>1</td><td style="white-space:nowrap">hybrid<a name="ImplantComponents-hybrid"> </a></td><td>Hybrid</td><td>Hybrid</td></tr><tr><td>2</td><td style="white-space:nowrap">  hybrid_a<a name="ImplantComponents-hybrid_a"> </a></td><td>Hybrid A</td><td>Hybrid A</td></tr><tr><td>2</td><td style="white-space:nowrap">  hybrid_b<a name="ImplantComponents-hybrid_b"> </a></td><td>Hybrid B</td><td>Hybrid B</td></tr><tr><td>1</td><td style="white-space:nowrap">girdlestone<a name="ImplantComponents-girdlestone"> </a></td><td>Girdlestone</td><td>Girdlestone</td></tr><tr><td>1</td><td style="white-space:nowrap">anatomic<a name="ImplantComponents-anatomic"> </a></td><td>Anatomic</td><td>Anatomic / Anatomisk / SNOMED-CT: 36298004</td></tr><tr><td>2</td><td style="white-space:nowrap">  symmetrical<a name="ImplantComponents-symmetrical"> </a></td><td>Symmetrical</td><td>Symmetrical / Symmetrisk / SNOMED-CT: 255473004</td></tr><tr><td>2</td><td style="white-space:nowrap">  offset<a name="ImplantComponents-offset"> </a></td><td>Offset</td><td>Offset</td></tr><tr><td>2</td><td style="white-space:nowrap">  helplast<a name="ImplantComponents-helplast"> </a></td><td>Helplast</td><td>Helplast</td></tr><tr><td>2</td><td style="white-space:nowrap">  metalbacked<a name="ImplantComponents-metalbacked"> </a></td><td>Metalbacked</td><td/></tr><tr><td>1</td><td style="white-space:nowrap">reverse<a name="ImplantComponents-reverse"> </a></td><td>Reverse</td><td>Reverse</td></tr><tr><td>2</td><td style="white-space:nowrap">  standard<a name="ImplantComponents-standard"> </a></td><td>Standard</td><td>Standard</td></tr><tr><td>2</td><td style="white-space:nowrap">  eccentric<a name="ImplantComponents-eccentric"> </a></td><td>Excentrisk</td><td>Excentrisk</td></tr><tr><td>1</td><td style="white-space:nowrap">modular<a name="ImplantComponents-modular"> </a></td><td>Modular</td><td>Modular / Modulært</td></tr><tr><td>2</td><td style="white-space:nowrap">  firm_neck<a name="ImplantComponents-firm_neck"> </a></td><td>Firm neck</td><td>Firm neck / Fast hals</td></tr><tr><td>2</td><td style="white-space:nowrap">  detachable_neck<a name="ImplantComponents-detachable_neck"> </a></td><td>Detachable neck</td><td>Detachable neck / Aftagelig hals</td></tr><tr><td>1</td><td style="white-space:nowrap">adherent<a name="ImplantComponents-adherent"> </a></td><td>Adherent</td><td>Adherent / Fastsiddende</td></tr><tr><td>1</td><td style="white-space:nowrap">ordninary<a name="ImplantComponents-ordninary"> </a></td><td>Ordinary</td><td>Ordinary / Almindelig</td></tr><tr><td>1</td><td style="white-space:nowrap">extended<a name="ImplantComponents-extended"> </a></td><td>Extended</td><td>Extended</td></tr><tr><td>1</td><td style="white-space:nowrap">with_holes<a name="ImplantComponents-with_holes"> </a></td><td>With holes</td><td>With holes / Med huller</td></tr><tr><td>1</td><td style="white-space:nowrap">without_holes<a name="ImplantComponents-without_holes"> </a></td><td>Without holes</td><td>Without holes / Uden huller</td></tr><tr><td>1</td><td style="white-space:nowrap">metal<a name="ImplantComponents-metal"> </a></td><td>Metal</td><td>Metal / SNOMED-CT: 425620007</td></tr><tr><td>1</td><td style="white-space:nowrap">metal_pegs<a name="ImplantComponents-metal_pegs"> </a></td><td>Metal pegs</td><td>Metal pegs</td></tr><tr><td>1</td><td style="white-space:nowrap">metal_backing<a name="ImplantComponents-metal_backing"> </a></td><td>Metal-backing</td><td>Metal-backing</td></tr><tr><td>1</td><td style="white-space:nowrap">screws<a name="ImplantComponents-screws"> </a></td><td>Skruer</td><td>Skruer</td></tr><tr><td>1</td><td style="white-space:nowrap">augmented<a name="ImplantComponents-augmented"> </a></td><td>Augmented</td><td>Augmented</td></tr><tr><td>1</td><td style="white-space:nowrap">polyethylene<a name="ImplantComponents-polyethylene"> </a></td><td>Polyethylene</td><td>Polyethylene / Polyethylen / SNOMED-CT: 71463006</td></tr><tr><td>2</td><td style="white-space:nowrap">  polyethylene_cool<a name="ImplantComponents-polyethylene_cool"> </a></td><td>Polyethylen køl</td><td>Polyethylen køl</td></tr><tr><td>2</td><td style="white-space:nowrap">  polyethylene_pegs<a name="ImplantComponents-polyethylene_pegs"> </a></td><td>Polyethylen pegs</td><td>Polyethylen pegs</td></tr><tr><td>1</td><td style="white-space:nowrap">pyrocarbon<a name="ImplantComponents-pyrocarbon"> </a></td><td>Pyrocarbon</td><td>Pyrocarbon</td></tr><tr><td>1</td><td style="white-space:nowrap">ceramics<a name="ImplantComponents-ceramics"> </a></td><td>Ceramics</td><td>Ceramics / Keramik</td></tr><tr><td>1</td><td style="white-space:nowrap">spongiotic<a name="ImplantComponents-spongiotic"> </a></td><td>Spongiotic</td><td>Spongiotic / Spongiøs</td></tr><tr><td>1</td><td style="white-space:nowrap">structural<a name="ImplantComponents-structural"> </a></td><td>Structural</td><td>Structural / Strukturel</td></tr><tr><td>1</td><td style="white-space:nowrap">constrained<a name="ImplantComponents-constrained"> </a></td><td>Constrained</td><td>Constrained</td></tr><tr><td>1</td><td style="white-space:nowrap">non_constrained<a name="ImplantComponents-non_constrained"> </a></td><td>Non-constrained</td><td>Non-constrained / Ikke-constrained</td></tr><tr><td>1</td><td style="white-space:nowrap">double_mobility<a name="ImplantComponents-double_mobility"> </a></td><td>Double mobility</td><td>Double mobility</td></tr><tr><td>1</td><td style="white-space:nowrap">non_highy_crosslinked<a name="ImplantComponents-non_highy_crosslinked"> </a></td><td>Ikke highly-crosslinked</td><td>Ikke highly-crosslinked</td></tr><tr><td>1</td><td style="white-space:nowrap">highly_crosslinked<a name="ImplantComponents-highly_crosslinked"> </a></td><td>Highly crosslinked</td><td>Highly crosslinked</td></tr><tr><td>1</td><td style="white-space:nowrap">highly_crosslinked_antioxidant<a name="ImplantComponents-highly_crosslinked_antioxidant"> </a></td><td>Highly crosslinked med antioxidant (Vitamin E og AOX)</td><td>Highly crosslinked med antioxidant (Vitamin E og AOX)</td></tr><tr><td>1</td><td style="white-space:nowrap">humerus<a name="ImplantComponents-humerus"> </a></td><td>Humerus</td><td>Humerus</td></tr><tr><td>2</td><td style="white-space:nowrap">  liner<a name="ImplantComponents-liner"> </a></td><td>Liner</td><td>Liner</td></tr><tr><td>2</td><td style="white-space:nowrap">  caput<a name="ImplantComponents-caput"> </a></td><td>Caput</td><td>Caput</td></tr><tr><td>2</td><td style="white-space:nowrap">  component<a name="ImplantComponents-component"> </a></td><td>Komponent</td><td>Komponent</td></tr><tr><td>1</td><td style="white-space:nowrap">cavitas<a name="ImplantComponents-cavitas"> </a></td><td>Cavitas</td><td>Cavitas</td></tr><tr><td>1</td><td style="white-space:nowrap">acetabulum_component<a name="ImplantComponents-acetabulum_component"> </a></td><td>Acetabulumkomponent</td><td>Acetabulumkomponent</td></tr><tr><td>1</td><td style="white-space:nowrap">acetabulum_liner<a name="ImplantComponents-acetabulum_liner"> </a></td><td>Acetabulumliner</td><td>Acetabulumliner</td></tr><tr><td>1</td><td style="white-space:nowrap">femur_component<a name="ImplantComponents-femur_component"> </a></td><td>Femurkomponent</td><td>Femurkomponent</td></tr><tr><td>1</td><td style="white-space:nowrap">tibia_component<a name="ImplantComponents-tibia_component"> </a></td><td>Tibiakomponent</td><td>Tibiakomponent</td></tr><tr><td>1</td><td style="white-space:nowrap">patella_component<a name="ImplantComponents-patella_component"> </a></td><td>Patellakomponent</td><td>Patellakomponent</td></tr><tr><td>1</td><td style="white-space:nowrap">soft_tissue<a name="ImplantComponents-soft_tissue"> </a></td><td>Bløddelsrevisioner uden udskiftning af protesekomponenter</td><td>Bløddelsrevisioner uden udskiftning af protesekomponenter</td></tr><tr><td>1</td><td style="white-space:nowrap">polyethylene_change<a name="ImplantComponents-polyethylene_change"> </a></td><td>Polyethylen-skift (ved revision)</td><td>Polyethylen-skift (ved revision) (Tibia)</td></tr><tr><td>1</td><td style="white-space:nowrap">long<a name="ImplantComponents-long"> </a></td><td>Long</td><td>Long / Lang</td></tr><tr><td>1</td><td style="white-space:nowrap">dysplasia_prosthesis<a name="ImplantComponents-dysplasia_prosthesis"> </a></td><td>Dysplasia prosthesis</td><td>Dysplasia prosthesis / Dysplasiprotese</td></tr><tr><td>1</td><td style="white-space:nowrap">resection_prosthesis<a name="ImplantComponents-resection_prosthesis"> </a></td><td>Resection prosthesis</td><td>Resection prosthesis / Resektionsprotese</td></tr><tr><td>1</td><td style="white-space:nowrap">open_mixture<a name="ImplantComponents-open_mixture"> </a></td><td>Open mixture</td><td>Open mixture / Åben blanding af væske og pulver</td></tr><tr><td>1</td><td style="white-space:nowrap">closed_mixture<a name="ImplantComponents-closed_mixture"> </a></td><td>Closed mixture</td><td>Closed mixture / Fuldstændig lukket blanding af væske og pulver</td></tr><tr><td>1</td><td style="white-space:nowrap">massive_transplant<a name="ImplantComponents-massive_transplant"> </a></td><td>Massive transplant</td><td>Massiv transplantering</td></tr><tr><td>1</td><td style="white-space:nowrap">crumble<a name="ImplantComponents-crumble"> </a></td><td>Minor crumble</td><td>Lidt smuld</td></tr></table></div></text><url value="https://kip.rkkp.dk/fhir/CodeSystem/ImplantComponents"/><version value="0.2.1"/><name value="ImplantComponents"/><title value="Implant components"/><status value="active"/><date value="2022-07-04T00:00:00+02:00"/><publisher value="Sundhedsvæsnets Kvalistetsinstitut with Trifork Digital Health A/S"/><contact><name value="Sundhedsvæsnets Kvalistetsinstitut with Trifork Digital Health A/S"/><telecom><system value="url"/><value value="https://trifork.com"/></telecom><telecom><system value="email"/><value value="rbk@trifork.com"/></telecom></contact><description value="Implant components"/><content value="complete"/><count value="79"/><concept><code value="cement_spacer"/><display value="Cement spacer"/><definition value="Cement spacer"/></concept><concept><code value="implant"/><display value="Implant"/><definition value="Implant / Implantat"/></concept><concept><code value="cavitas_untouched"/><display value="Cavitas urørt"/><definition value="Cavitas urørt"/></concept><concept><code value="cavitas_inforeret"/><display value="Cavitas inforeret"/><definition value="Cavitas inforeret"/></concept><concept><code value="cavitas_reamet"/><display value="Cavitas reamet"/><definition value="Cavitas reamet"/></concept><concept><code value="cavitas_removed"/><display value="Cavitas fjernet"/><definition value="Cavitas fjernet"/></concept><concept><code value="resurfacing"/><display value="Resurfacing"/><definition value="Resurfacing"/></concept><concept><code value="stemless"/><display value="Stemless"/><definition value="Stemless"/></concept><concept><code value="stem"/><display value="Stem"/><definition value="Stem"/><concept><code value="standard_length"/><display value="Standard length"/><definition value="Standard length / Standard længde"/></concept><concept><code value="extra_length"/><display value="Extra length"/><definition value="Extra length / Extra længde"/></concept><concept><code value="short_mini_length"/><display value="Short/mini"/><definition value="Short/mini / Short/mini"/></concept><concept><code value="stem_femur"/><display value="Stem (femur)"/><definition value="Stem (femur)"/></concept><concept><code value="stem_tibia"/><display value="Stem (tibia)"/><definition value="Stem (tibia)"/></concept></concept><concept><code value="augment"/><display value="Augment"/><definition value="Augment"/><concept><code value="augment_femur"/><display value="Augment (femur)"/><definition value="Augment (femur)"/></concept><concept><code value="augment_tibia"/><display value="Augment (tibia)"/><definition value="Augment (tibia)"/></concept></concept><concept><code value="cone_sleeve"/><display value="Cone/sleeve"/><definition value="Cone/sleeve"/><concept><code value="cone_sleeve_femur"/><display value="Cone/sleeve (femur)"/><definition value="Cone/sleeve (femur)"/></concept><concept><code value="cone_sleeve_tibia"/><display value="Cone/sleeve (tibia)"/><definition value="Cone/sleeve (tibia)"/></concept></concept><concept><code value="cemented"/><display value="Cemented"/><definition value="Cemented / Cementeret"/></concept><concept><code value="uncemented"/><display value="Uncemented"/><definition value="Uncemented / Ucementeret"/></concept><concept><code value="hybrid"/><display value="Hybrid"/><definition value="Hybrid"/><concept><code value="hybrid_a"/><display value="Hybrid A"/><definition value="Hybrid A"/></concept><concept><code value="hybrid_b"/><display value="Hybrid B"/><definition value="Hybrid B"/></concept></concept><concept><code value="girdlestone"/><display value="Girdlestone"/><definition value="Girdlestone"/></concept><concept><code value="anatomic"/><display value="Anatomic"/><definition value="Anatomic / Anatomisk / SNOMED-CT: 36298004"/><concept><code value="symmetrical"/><display value="Symmetrical"/><definition value="Symmetrical / Symmetrisk / SNOMED-CT: 255473004"/></concept><concept><code value="offset"/><display value="Offset"/><definition value="Offset"/></concept><concept><code value="helplast"/><display value="Helplast"/><definition value="Helplast"/></concept><concept><code value="metalbacked"/><display value="Metalbacked"/></concept></concept><concept><code value="reverse"/><display value="Reverse"/><definition value="Reverse"/><concept><code value="standard"/><display value="Standard"/><definition value="Standard"/></concept><concept><code value="eccentric"/><display value="Excentrisk"/><definition value="Excentrisk"/></concept></concept><concept><code value="modular"/><display value="Modular"/><definition value="Modular / Modulært"/><concept><code value="firm_neck"/><display value="Firm neck"/><definition value="Firm neck / Fast hals"/></concept><concept><code value="detachable_neck"/><display value="Detachable neck"/><definition value="Detachable neck / Aftagelig hals"/></concept></concept><concept><code value="adherent"/><display value="Adherent"/><definition value="Adherent / Fastsiddende"/></concept><concept><code value="ordninary"/><display value="Ordinary"/><definition value="Ordinary / Almindelig"/></concept><concept><code value="extended"/><display value="Extended"/><definition value="Extended"/></concept><concept><code value="with_holes"/><display value="With holes"/><definition value="With holes / Med huller"/></concept><concept><code value="without_holes"/><display value="Without holes"/><definition value="Without holes / Uden huller"/></concept><concept><code value="metal"/><display value="Metal"/><definition value="Metal / SNOMED-CT: 425620007"/></concept><concept><code value="metal_pegs"/><display value="Metal pegs"/><definition value="Metal pegs"/></concept><concept><code value="metal_backing"/><display value="Metal-backing"/><definition value="Metal-backing"/></concept><concept><code value="screws"/><display value="Skruer"/><definition value="Skruer"/></concept><concept><code value="augmented"/><display value="Augmented"/><definition value="Augmented"/></concept><concept><code value="polyethylene"/><display value="Polyethylene"/><definition value="Polyethylene / Polyethylen / SNOMED-CT: 71463006"/><concept><code value="polyethylene_cool"/><display value="Polyethylen køl"/><definition value="Polyethylen køl"/></concept><concept><code value="polyethylene_pegs"/><display value="Polyethylen pegs"/><definition value="Polyethylen pegs"/></concept></concept><concept><code value="pyrocarbon"/><display value="Pyrocarbon"/><definition value="Pyrocarbon"/></concept><concept><code value="ceramics"/><display value="Ceramics"/><definition value="Ceramics / Keramik"/></concept><concept><code value="spongiotic"/><display value="Spongiotic"/><definition value="Spongiotic / Spongiøs"/></concept><concept><code value="structural"/><display value="Structural"/><definition value="Structural / Strukturel"/></concept><concept><code value="constrained"/><display value="Constrained"/><definition value="Constrained"/></concept><concept><code value="non_constrained"/><display value="Non-constrained"/><definition value="Non-constrained / Ikke-constrained"/></concept><concept><code value="double_mobility"/><display value="Double mobility"/><definition value="Double mobility"/></concept><concept><code value="non_highy_crosslinked"/><display value="Ikke highly-crosslinked"/><definition value="Ikke highly-crosslinked"/></concept><concept><code value="highly_crosslinked"/><display value="Highly crosslinked"/><definition value="Highly crosslinked"/></concept><concept><code value="highly_crosslinked_antioxidant"/><display value="Highly crosslinked med antioxidant (Vitamin E og AOX)"/><definition value="Highly crosslinked med antioxidant (Vitamin E og AOX)"/></concept><concept><code value="humerus"/><display value="Humerus"/><definition value="Humerus"/><concept><code value="liner"/><display value="Liner"/><definition value="Liner"/></concept><concept><code value="caput"/><display value="Caput"/><definition value="Caput"/></concept><concept><code value="component"/><display value="Komponent"/><definition value="Komponent"/></concept></concept><concept><code value="cavitas"/><display value="Cavitas"/><definition value="Cavitas"/></concept><concept><code value="acetabulum_component"/><display value="Acetabulumkomponent"/><definition value="Acetabulumkomponent"/></concept><concept><code value="acetabulum_liner"/><display value="Acetabulumliner"/><definition value="Acetabulumliner"/></concept><concept><code value="femur_component"/><display value="Femurkomponent"/><definition value="Femurkomponent"/></concept><concept><code value="tibia_component"/><display value="Tibiakomponent"/><definition value="Tibiakomponent"/></concept><concept><code value="patella_component"/><display value="Patellakomponent"/><definition value="Patellakomponent"/></concept><concept><code value="soft_tissue"/><display value="Bløddelsrevisioner uden udskiftning af protesekomponenter"/><definition value="Bløddelsrevisioner uden udskiftning af protesekomponenter"/></concept><concept><code value="polyethylene_change"/><display value="Polyethylen-skift (ved revision)"/><definition value="Polyethylen-skift (ved revision) (Tibia)"/></concept><concept><code value="long"/><display value="Long"/><definition value="Long / Lang"/></concept><concept><code value="dysplasia_prosthesis"/><display value="Dysplasia prosthesis"/><definition value="Dysplasia prosthesis / Dysplasiprotese"/></concept><concept><code value="resection_prosthesis"/><display value="Resection prosthesis"/><definition value="Resection prosthesis / Resektionsprotese"/></concept><concept><code value="open_mixture"/><display value="Open mixture"/><definition value="Open mixture / Åben blanding af væske og pulver"/></concept><concept><code value="closed_mixture"/><display value="Closed mixture"/><definition value="Closed mixture / Fuldstændig lukket blanding af væske og pulver"/></concept><concept><code value="massive_transplant"/><display value="Massive transplant"/><definition value="Massiv transplantering"/></concept><concept><code value="crumble"/><display value="Minor crumble"/><definition value="Lidt smuld"/></concept></CodeSystem>