<?xml version="1.0" encoding="UTF-8"?><CodeSystem xmlns="http://hl7.org/fhir"><id value="TreatmentMethodMRD"/><text><status value="generated"/><div xmlns="http://www.w3.org/1999/xhtml"><p class="res-header-id"><b>Generated Narrative: CodeSystem TreatmentMethodMRD</b></p><a name="TreatmentMethodMRD"> </a><a name="hcTreatmentMethodMRD"> </a><a name="TreatmentMethodMRD-en-US"> </a><p>This  code system <code>https://kip.rkkp.dk/fhir/CodeSystem/TreatmentMethodMRD</code> defines the following codes:</p><table class="codes"><tr><td style="white-space:nowrap"><b>Code</b></td><td><b>Display</b></td><td><b>Definition</b></td></tr><tr><td style="white-space:nowrap">flow<a name="TreatmentMethodMRD-flow"> </a></td><td>Flow</td><td>Flow</td></tr><tr><td style="white-space:nowrap">ngs<a name="TreatmentMethodMRD-ngs"> </a></td><td>NGS</td><td>NGS</td></tr><tr><td style="white-space:nowrap">pct<a name="TreatmentMethodMRD-pct"> </a></td><td>PCT</td><td>PCT</td></tr><tr><td style="white-space:nowrap">pet<a name="TreatmentMethodMRD-pet"> </a></td><td>PET</td><td>PET</td></tr></table></div></text><url value="https://kip.rkkp.dk/fhir/CodeSystem/TreatmentMethodMRD"/><version value="0.2.1"/><name value="TreatmentMethodMRD"/><title value="Treatment method - Minimal Residual Disease (MRD)"/><status value="active"/><date value="2022-07-13T00:00:00+02:00"/><publisher value="Sundhedsvæsnets Kvalistetsinstitut with Trifork Digital Health A/S"/><contact><name value="Sundhedsvæsnets Kvalistetsinstitut with Trifork Digital Health A/S"/><telecom><system value="url"/><value value="https://trifork.com"/></telecom><telecom><system value="email"/><value value="rbk@trifork.com"/></telecom></contact><description value="Treatment method - Minimal Residual Disease (MRD)"/><content value="complete"/><count value="4"/><concept><code value="flow"/><display value="Flow"/><definition value="Flow"/></concept><concept><code value="ngs"/><display value="NGS"/><definition value="NGS"/></concept><concept><code value="pct"/><display value="PCT"/><definition value="PCT"/></concept><concept><code value="pet"/><display value="PET"/><definition value="PET"/></concept></CodeSystem>