<?xml version="1.0" encoding="UTF-8"?><CodeSystem xmlns="http://hl7.org/fhir"><id value="MedicationName"/><text><status value="generated"/><div xmlns="http://www.w3.org/1999/xhtml"><p class="res-header-id"><b>Generated Narrative: CodeSystem MedicationName</b></p><a name="MedicationName"> </a><a name="hcMedicationName"> </a><a name="MedicationName-en-US"> </a><p>This case-insensitive code system <code>https://kip.rkkp.dk/fhir/CodeSystem/MedicationName</code> defines the following codes:</p><table class="codes"><tr><td style="white-space:nowrap"><b>Code</b></td><td><b>Display</b></td><td><b>Definition</b></td></tr><tr><td style="white-space:nowrap">abboticin<a name="MedicationName-abboticin"> </a></td><td>Abboticin (J01FA01)</td><td>Abboticin (J01FA01)</td></tr><tr><td style="white-space:nowrap">apixaban<a name="MedicationName-apixaban"> </a></td><td>Apixaban (B01AF02)</td><td>Apixaban (B01AF02)</td></tr><tr><td style="white-space:nowrap">arixtra<a name="MedicationName-arixtra"> </a></td><td>Arixtra (B01AX05)</td><td>Arixtra (B01AX05)</td></tr><tr><td style="white-space:nowrap">axacef<a name="MedicationName-axacef"> </a></td><td>Axacef (J01DC02)</td><td>Axacef (J01DC02)</td></tr><tr><td style="white-space:nowrap">clindamycin<a name="MedicationName-clindamycin"> </a></td><td>Clindamycin</td><td>Clindamycin</td></tr><tr><td style="white-space:nowrap">cloxacillin<a name="MedicationName-cloxacillin"> </a></td><td>Cloxacillin</td><td>Cloxacillin</td></tr><tr><td style="white-space:nowrap">dicillin<a name="MedicationName-dicillin"> </a></td><td>Dicillin (J01CF01)</td><td>Dicillin (J01CF01)</td></tr><tr><td style="white-space:nowrap">diclosil<a name="MedicationName-diclosil"> </a></td><td>Diclosil (J01CF01)</td><td>Diclosil (J01CF01)</td></tr><tr><td style="white-space:nowrap">ekvacillin<a name="MedicationName-ekvacillin"> </a></td><td>Ekvacillin (J01CF02)</td><td>Ekvacillin (J01CF02)</td></tr><tr><td style="white-space:nowrap">fragmin<a name="MedicationName-fragmin"> </a></td><td>Fragmin (B01AB04)</td><td>Fragmin (B01AB04)</td></tr><tr><td style="white-space:nowrap">heracillin<a name="MedicationName-heracillin"> </a></td><td>Heracillin (J01CF05)</td><td>Heracillin (J01CF05)</td></tr><tr><td style="white-space:nowrap">hexamycin<a name="MedicationName-hexamycin"> </a></td><td>Hexamycin (J01GB03)</td><td>Hexamycin (J01GB03)</td></tr><tr><td style="white-space:nowrap">innohep<a name="MedicationName-innohep"> </a></td><td>Innohep (B01AB10)</td><td>Innohep (B01AB10)</td></tr><tr><td style="white-space:nowrap">keflex<a name="MedicationName-keflex"> </a></td><td>Keflex (J01DB01)</td><td>Keflex (J01DB01)</td></tr><tr><td style="white-space:nowrap">keflin<a name="MedicationName-keflin"> </a></td><td>Keflin (J01DB03)</td><td>Keflin (J01DB03)</td></tr><tr><td style="white-space:nowrap">klexane<a name="MedicationName-klexane"> </a></td><td>Klexane (B01AB05)</td><td>Klexane (B01AB05)</td></tr><tr><td style="white-space:nowrap">logiparin<a name="MedicationName-logiparin"> </a></td><td>Logiparin (B01AB10)</td><td>Logiparin (B01AB10)</td></tr><tr><td style="white-space:nowrap">lucopenin<a name="MedicationName-lucopenin"> </a></td><td>Lucopenin (J01CF03)</td><td>Lucopenin (J01CF03)</td></tr><tr><td style="white-space:nowrap">mandokef<a name="MedicationName-mandokef"> </a></td><td>Mandokef (J01DC03)</td><td>Mandokef (J01DC03)</td></tr><tr><td style="white-space:nowrap">marevan<a name="MedicationName-marevan"> </a></td><td>Marevan (B01AA03)</td><td>Marevan (B01AA03)</td></tr><tr><td style="white-space:nowrap">noparin<a name="MedicationName-noparin"> </a></td><td>Noparin (B01AB01)</td><td>Noparin (B01AB01)</td></tr><tr><td style="white-space:nowrap">pradaxa<a name="MedicationName-pradaxa"> </a></td><td>Pradaxa (B01AE07)</td><td>Pradaxa (B01AE07)</td></tr><tr><td style="white-space:nowrap">tinzaparin<a name="MedicationName-tinzaparin"> </a></td><td>Tinzaparin (B01AB10)</td><td>Tinzaparin (B01AB10)</td></tr><tr><td style="white-space:nowrap">xarelto<a name="MedicationName-xarelto"> </a></td><td>Xarelto (B01AF01)</td><td>Xarelto (B01AF01)</td></tr><tr><td style="white-space:nowrap">zinacef<a name="MedicationName-zinacef"> </a></td><td>Zinacef (J01DC02)</td><td>Zinacef (J01DC02)</td></tr><tr><td style="white-space:nowrap">zinnat<a name="MedicationName-zinnat"> </a></td><td>Zinnat (J01DC02)</td><td>Zinnat (J01DC02)</td></tr></table></div></text><url value="https://kip.rkkp.dk/fhir/CodeSystem/MedicationName"/><version value="0.2.1"/><name value="MedicationName"/><title value="Medication name"/><status value="active"/><date value="2022-11-18T00:00:00+02:00"/><publisher value="Sundhedsvæsnets Kvalistetsinstitut with Trifork Digital Health A/S"/><contact><name value="Sundhedsvæsnets Kvalistetsinstitut with Trifork Digital Health A/S"/><telecom><system value="url"/><value value="https://trifork.com"/></telecom><telecom><system value="email"/><value value="rbk@trifork.com"/></telecom></contact><description value="Medication name"/><caseSensitive value="false"/><content value="complete"/><count value="26"/><concept><code value="abboticin"/><display value="Abboticin (J01FA01)"/><definition value="Abboticin (J01FA01)"/></concept><concept><code value="apixaban"/><display value="Apixaban (B01AF02)"/><definition value="Apixaban (B01AF02)"/></concept><concept><code value="arixtra"/><display value="Arixtra (B01AX05)"/><definition value="Arixtra (B01AX05)"/></concept><concept><code value="axacef"/><display value="Axacef (J01DC02)"/><definition value="Axacef (J01DC02)"/></concept><concept><code value="clindamycin"/><display value="Clindamycin"/><definition value="Clindamycin"/></concept><concept><code value="cloxacillin"/><display value="Cloxacillin"/><definition value="Cloxacillin"/></concept><concept><code value="dicillin"/><display value="Dicillin (J01CF01)"/><definition value="Dicillin (J01CF01)"/></concept><concept><code value="diclosil"/><display value="Diclosil (J01CF01)"/><definition value="Diclosil (J01CF01)"/></concept><concept><code value="ekvacillin"/><display value="Ekvacillin (J01CF02)"/><definition value="Ekvacillin (J01CF02)"/></concept><concept><code value="fragmin"/><display value="Fragmin (B01AB04)"/><definition value="Fragmin (B01AB04)"/></concept><concept><code value="heracillin"/><display value="Heracillin (J01CF05)"/><definition value="Heracillin (J01CF05)"/></concept><concept><code value="hexamycin"/><display value="Hexamycin (J01GB03)"/><definition value="Hexamycin (J01GB03)"/></concept><concept><code value="innohep"/><display value="Innohep (B01AB10)"/><definition value="Innohep (B01AB10)"/></concept><concept><code value="keflex"/><display value="Keflex (J01DB01)"/><definition value="Keflex (J01DB01)"/></concept><concept><code value="keflin"/><display value="Keflin (J01DB03)"/><definition value="Keflin (J01DB03)"/></concept><concept><code value="klexane"/><display value="Klexane (B01AB05)"/><definition value="Klexane (B01AB05)"/></concept><concept><code value="logiparin"/><display value="Logiparin (B01AB10)"/><definition value="Logiparin (B01AB10)"/></concept><concept><code value="lucopenin"/><display value="Lucopenin (J01CF03)"/><definition value="Lucopenin (J01CF03)"/></concept><concept><code value="mandokef"/><display value="Mandokef (J01DC03)"/><definition value="Mandokef (J01DC03)"/></concept><concept><code value="marevan"/><display value="Marevan (B01AA03)"/><definition value="Marevan (B01AA03)"/></concept><concept><code value="noparin"/><display value="Noparin (B01AB01)"/><definition value="Noparin (B01AB01)"/></concept><concept><code value="pradaxa"/><display value="Pradaxa (B01AE07)"/><definition value="Pradaxa (B01AE07)"/></concept><concept><code value="tinzaparin"/><display value="Tinzaparin (B01AB10)"/><definition value="Tinzaparin (B01AB10)"/></concept><concept><code value="xarelto"/><display value="Xarelto (B01AF01)"/><definition value="Xarelto (B01AF01)"/></concept><concept><code value="zinacef"/><display value="Zinacef (J01DC02)"/><definition value="Zinacef (J01DC02)"/></concept><concept><code value="zinnat"/><display value="Zinnat (J01DC02)"/><definition value="Zinnat (J01DC02)"/></concept></CodeSystem>