<?xml version="1.0" encoding="UTF-8"?><CodeSystem xmlns="http://hl7.org/fhir"><id value="EHSIncisionalHerniaClassificationType"/><text><status value="generated"/><div xmlns="http://www.w3.org/1999/xhtml"><p class="res-header-id"><b>Generated Narrative: CodeSystem EHSIncisionalHerniaClassificationType</b></p><a name="EHSIncisionalHerniaClassificationType"> </a><a name="hcEHSIncisionalHerniaClassificationType"> </a><a name="EHSIncisionalHerniaClassificationType-en-US"> </a><p>This case-insensitive code system <code>https://kip.rkkp.dk/fhir/CodeSystem/EHSIncisionalHerniaClassificationType</code> defines the following codes:</p><table class="codes"><tr><td style="white-space:nowrap"><b>Code</b></td><td><b>Display</b></td><td><b>Definition</b></td></tr><tr><td style="white-space:nowrap">ehsll<a name="EHSIncisionalHerniaClassificationType-ehsll"> </a></td><td>EHS Lateral Left</td><td>EHS Klassifikation Lateral - Venstre</td></tr><tr><td style="white-space:nowrap">ehsm<a name="EHSIncisionalHerniaClassificationType-ehsm"> </a></td><td>EHS Midline</td><td>EHS Klassifikation - Midtlinje</td></tr><tr><td style="white-space:nowrap">ehslr<a name="EHSIncisionalHerniaClassificationType-ehslr"> </a></td><td>EHS Lateral Right</td><td>EHS Klassifikation Lateral - Højre</td></tr></table></div></text><url value="https://kip.rkkp.dk/fhir/CodeSystem/EHSIncisionalHerniaClassificationType"/><version value="0.2.1"/><name value="EHSIncisionalHerniaClassificationType"/><title value="EHS - Incisional hernia classification type"/><status value="active"/><date value="2023-07-13T00:00:00+02:00"/><publisher value="Sundhedsvæsnets Kvalistetsinstitut with Trifork Digital Health A/S"/><contact><name value="Sundhedsvæsnets Kvalistetsinstitut with Trifork Digital Health A/S"/><telecom><system value="url"/><value value="https://trifork.com"/></telecom><telecom><system value="email"/><value value="rbk@trifork.com"/></telecom></contact><description value="EHS (European Hernia Society) - Incisional hernia classification type"/><caseSensitive value="false"/><content value="complete"/><count value="3"/><concept><code value="ehsll"/><display value="EHS Lateral Left"/><definition value="EHS Klassifikation Lateral - Venstre"/></concept><concept><code value="ehsm"/><display value="EHS Midline"/><definition value="EHS Klassifikation - Midtlinje"/></concept><concept><code value="ehslr"/><display value="EHS Lateral Right"/><definition value="EHS Klassifikation Lateral - Højre"/></concept></CodeSystem>