<?xml version="1.0" encoding="UTF-8"?><CodeSystem xmlns="http://hl7.org/fhir"><id value="FunctionTest"/><text><status value="generated"/><div xmlns="http://www.w3.org/1999/xhtml"><p class="res-header-id"><b>Generated Narrative: CodeSystem FunctionTest</b></p><a name="FunctionTest"> </a><a name="hcFunctionTest"> </a><a name="FunctionTest-en-US"> </a><p>This case-insensitive code system <code>https://kip.rkkp.dk/fhir/CodeSystem/FunctionTest</code> defines the following codes:</p><table class="codes"><tr><td style="white-space:nowrap"><b>Code</b></td><td><b>Display</b></td><td><b>Definition</b></td></tr><tr><td style="white-space:nowrap">faq_iadl<a name="FunctionTest-faq_iadl"> </a></td><td>FAQ (IADL)</td><td>FAQ (IADL)</td></tr><tr><td style="white-space:nowrap">dad<a name="FunctionTest-dad"> </a></td><td>DAD</td><td>DAD</td></tr><tr><td style="white-space:nowrap">adcs_adl<a name="FunctionTest-adcs_adl"> </a></td><td>ADCS-ADL</td><td>ADCS-ADL</td></tr></table></div></text><url value="https://kip.rkkp.dk/fhir/CodeSystem/FunctionTest"/><version value="0.2.1"/><name value="FunctionTest"/><title value="Function test"/><status value="active"/><date value="2022-07-19T00:00:00+02:00"/><publisher value="Sundhedsvæsnets Kvalistetsinstitut with Trifork Digital Health A/S"/><contact><name value="Sundhedsvæsnets Kvalistetsinstitut with Trifork Digital Health A/S"/><telecom><system value="url"/><value value="https://trifork.com"/></telecom><telecom><system value="email"/><value value="rbk@trifork.com"/></telecom></contact><description value="Function test"/><caseSensitive value="false"/><content value="complete"/><count value="3"/><concept><code value="faq_iadl"/><display value="FAQ (IADL)"/><definition value="FAQ (IADL)"/></concept><concept><code value="dad"/><display value="DAD"/><definition value="DAD"/></concept><concept><code value="adcs_adl"/><display value="ADCS-ADL"/><definition value="ADCS-ADL"/></concept></CodeSystem>