<?xml version="1.0" encoding="UTF-8"?><CodeSystem xmlns="http://hl7.org/fhir"><id value="IPSSRCytogeneticCategory"/><text><status value="generated"/><div xmlns="http://www.w3.org/1999/xhtml"><p class="res-header-id"><b>Generated Narrative: CodeSystem IPSSRCytogeneticCategory</b></p><a name="IPSSRCytogeneticCategory"> </a><a name="hcIPSSRCytogeneticCategory"> </a><a name="IPSSRCytogeneticCategory-en-US"> </a><p>This case-sensitive code system <code>https://kip.rkkp.dk/fhir/CodeSystem/IPSSRCytogeneticCategory</code> provides <b>a fragment</b> that includes following codes:</p><table class="codes"><tr><td style="white-space:nowrap"><b>Code</b></td><td><b>Display</b></td><td><b>Definition</b></td></tr><tr><td style="white-space:nowrap">0<a name="IPSSRCytogeneticCategory-0"> </a></td><td>Very good: -Y, del(11q)</td><td>Very good: -Y, del(11q)</td></tr><tr><td style="white-space:nowrap">1<a name="IPSSRCytogeneticCategory-1"> </a></td><td>Good: normal, del(5q), del(12p), del(20q), double including del(5q)</td><td>Good: normal, del(5q), del(12p), del(20q), double including del(5q)</td></tr><tr><td style="white-space:nowrap">2<a name="IPSSRCytogeneticCategory-2"> </a></td><td>Intermediate: del(7q), +8, +19, i(17q), any other single or double independent clones</td><td>Intermediate: del(7q), +8, +19, i(17q), any other single or double independent clones</td></tr><tr><td style="white-space:nowrap">3<a name="IPSSRCytogeneticCategory-3"> </a></td><td>Poor: -7, inv(3)/t(3q)/del(3q), double including -7/del(7q), complex with 3 abnormalities</td><td>Poor: -7, inv(3)/t(3q)/del(3q), double including -7/del(7q), complex with 3 abnormalities</td></tr><tr><td style="white-space:nowrap">4<a name="IPSSRCytogeneticCategory-4"> </a></td><td>Very poor: complex with &gt;3 abnomalities</td><td>Very poor: complex with &gt;3 abnomalities</td></tr></table></div></text><url value="https://kip.rkkp.dk/fhir/CodeSystem/IPSSRCytogeneticCategory"/><version value="0.2.1"/><name value="IPSSRCytogeneticCategory"/><title value="IPSS-R - Cytogenetic Category"/><status value="active"/><date value="2022-06-07T00:00:00+02:00"/><publisher value="Sundhedsvæsnets Kvalistetsinstitut with Trifork Digital Health A/S"/><contact><name value="Sundhedsvæsnets Kvalistetsinstitut with Trifork Digital Health A/S"/><telecom><system value="url"/><value value="https://trifork.com"/></telecom><telecom><system value="email"/><value value="rbk@trifork.com"/></telecom></contact><description value="IPSS-R - Cytogenetic Category. Link: https://www.hematology.dk/index.php/vejledninger/udregnere/330-ipss-r"/><caseSensitive value="true"/><content value="fragment"/><concept><code value="0"/><display value="Very good: -Y, del(11q)"/><definition value="Very good: -Y, del(11q)"/></concept><concept><code value="1"/><display value="Good: normal, del(5q), del(12p), del(20q), double including del(5q)"/><definition value="Good: normal, del(5q), del(12p), del(20q), double including del(5q)"/></concept><concept><code value="2"/><display value="Intermediate: del(7q), +8, +19, i(17q), any other single or double independent clones"/><definition value="Intermediate: del(7q), +8, +19, i(17q), any other single or double independent clones"/></concept><concept><code value="3"/><display value="Poor: -7, inv(3)/t(3q)/del(3q), double including -7/del(7q), complex with 3 abnormalities"/><definition value="Poor: -7, inv(3)/t(3q)/del(3q), double including -7/del(7q), complex with 3 abnormalities"/></concept><concept><code value="4"/><display value="Very poor: complex with &gt;3 abnomalities"/><definition value="Very poor: complex with &gt;3 abnomalities"/></concept></CodeSystem>