<?xml version="1.0" encoding="UTF-8"?><CodeSystem xmlns="http://hl7.org/fhir"><id value="ContactPatient"/><text><status value="generated"/><div xmlns="http://www.w3.org/1999/xhtml"><p class="res-header-id"><b>Generated Narrative: CodeSystem ContactPatient</b></p><a name="ContactPatient"> </a><a name="hcContactPatient"> </a><a name="ContactPatient-en-US"> </a><p>This case-insensitive code system <code>https://kip.rkkp.dk/fhir/CodeSystem/ContactPatient</code> defines the following codes:</p><table class="codes"><tr><td style="white-space:nowrap"><b>Code</b></td><td><b>Display</b></td><td><b>Definition</b></td></tr><tr><td style="white-space:nowrap">interview<a name="ContactPatient-interview"> </a></td><td>Gennemført interview</td><td>Gennemført interview/undersøgelse</td></tr><tr><td style="white-space:nowrap">spoergeskema<a name="ContactPatient-spoergeskema"> </a></td><td>Selvudfyldt spørgeskema</td><td>Selvudfyldt spørgeskema</td></tr><tr><td style="white-space:nowrap">samtale<a name="ContactPatient-samtale"> </a></td><td>Personlig samtale</td><td>Personlig samtale</td></tr><tr><td style="white-space:nowrap">ikke-etableret<a name="ContactPatient-ikke-etableret"> </a></td><td>Ikke etableret</td><td>Forsøgt, men ikke opnået</td></tr></table></div></text><url value="https://kip.rkkp.dk/fhir/CodeSystem/ContactPatient"/><version value="0.2.1"/><name value="ContactPatient"/><title value="Kontakt til patient"/><status value="active"/><date value="2024-02-21T00:00:00+02:00"/><publisher value="Sundhedsvæsnets Kvalistetsinstitut with Trifork Digital Health A/S"/><contact><name value="Sundhedsvæsnets Kvalistetsinstitut with Trifork Digital Health A/S"/><telecom><system value="url"/><value value="https://trifork.com"/></telecom><telecom><system value="email"/><value value="rbk@trifork.com"/></telecom></contact><description value="Kontakttype til patient - Undersøgelse, interview, mv."/><caseSensitive value="false"/><content value="complete"/><count value="4"/><concept><code value="interview"/><display value="Gennemført interview"/><definition value="Gennemført interview/undersøgelse"/></concept><concept><code value="spoergeskema"/><display value="Selvudfyldt spørgeskema"/><definition value="Selvudfyldt spørgeskema"/></concept><concept><code value="samtale"/><display value="Personlig samtale"/><definition value="Personlig samtale"/></concept><concept><code value="ikke-etableret"/><display value="Ikke etableret"/><definition value="Forsøgt, men ikke opnået"/></concept></CodeSystem>