<?xml version="1.0" encoding="UTF-8"?><CodeSystem xmlns="http://hl7.org/fhir"><id value="CauseOfDeath"/><text><status value="generated"/><div xmlns="http://www.w3.org/1999/xhtml"><p class="res-header-id"><b>Generated Narrative: CodeSystem CauseOfDeath</b></p><a name="CauseOfDeath"> </a><a name="hcCauseOfDeath"> </a><a name="CauseOfDeath-en-US"> </a><p>This  code system <code>https://kip.rkkp.dk/fhir/CodeSystem/CauseOfDeath</code> defines the following codes:</p><table class="codes"><tr><td style="white-space:nowrap"><b>Code</b></td><td><b>Display</b></td><td><b>Definition</b></td></tr><tr><td style="white-space:nowrap">early<a name="CauseOfDeath-early"> </a></td><td>Early death</td><td>Early death (&lt;1 week after induction/reinduction incl. relapse)</td></tr><tr><td style="white-space:nowrap">hypoplasia<a name="CauseOfDeath-hypoplasia"> </a></td><td>Hypoplasia</td><td>Hypoplasia (&gt;1 week after induction/reinduction incl. relapse)</td></tr><tr><td style="white-space:nowrap">progressive_disease<a name="CauseOfDeath-progressive_disease"> </a></td><td>Progressive disease</td><td>Progressive disease</td></tr><tr><td style="white-space:nowrap">progressive_refractory_disease<a name="CauseOfDeath-progressive_refractory_disease"> </a></td><td>Progressive or refractory disease</td><td>Progressive or refractory disease</td></tr><tr><td style="white-space:nowrap">treatment_related_complete_remission<a name="CauseOfDeath-treatment_related_complete_remission"> </a></td><td>Treatment related (complete remission)</td><td>Treatment related (complete remission)</td></tr><tr><td style="white-space:nowrap">cll<a name="CauseOfDeath-cll"> </a></td><td>CLL</td><td>CLL</td></tr><tr><td style="white-space:nowrap">uremia<a name="CauseOfDeath-uremia"> </a></td><td>Uremia</td><td>Uremia / Uræmi / SNOMED-CT: 44730006</td></tr><tr><td style="white-space:nowrap">infection<a name="CauseOfDeath-infection"> </a></td><td>Infectious disease</td><td>Infectious disease / Infektionssygdom / SNOMED-CT: 40733004</td></tr><tr><td style="white-space:nowrap">bleeding<a name="CauseOfDeath-bleeding"> </a></td><td>Bleeding</td><td>Bleeding / Blødning / SNOMED-CT: 50960005</td></tr><tr><td style="white-space:nowrap">therapy_related_progression<a name="CauseOfDeath-therapy_related_progression"> </a></td><td>Terapirelateret dødsfald MED sygdomsprogression</td><td>Terapirelateret dødsfald MED sygdomsprogression</td></tr><tr><td style="white-space:nowrap">therapy_related<a name="CauseOfDeath-therapy_related"> </a></td><td>Terapirelateret dødsfald uden sygdomsprogression</td><td>Terapirelateret dødsfald uden sygdomsprogression</td></tr><tr><td style="white-space:nowrap">other_complete_remissiong<a name="CauseOfDeath-other_complete_remissiong"> </a></td><td>Anden årsag, død i komplet remission (CR)</td><td>Anden årsag, død i komplet remission (CR)</td></tr><tr><td style="white-space:nowrap">other_not_complete_remissiong<a name="CauseOfDeath-other_not_complete_remissiong"> </a></td><td>Anden årsag, IKKE i komplet remision (CR) ved død</td><td>Anden årsag, IKKE i komplet remision (CR) ved død</td></tr></table></div></text><url value="https://kip.rkkp.dk/fhir/CodeSystem/CauseOfDeath"/><version value="0.2.1"/><name value="CauseOfDeath"/><title value="Cause of death"/><status value="active"/><date value="2022-07-12T00:00:00+02:00"/><publisher value="Sundhedsvæsnets Kvalistetsinstitut with Trifork Digital Health A/S"/><contact><name value="Sundhedsvæsnets Kvalistetsinstitut with Trifork Digital Health A/S"/><telecom><system value="url"/><value value="https://trifork.com"/></telecom><telecom><system value="email"/><value value="rbk@trifork.com"/></telecom></contact><description value="Cause of death"/><content value="complete"/><count value="13"/><concept><code value="early"/><display value="Early death"/><definition value="Early death (&lt;1 week after induction/reinduction incl. relapse)"/></concept><concept><code value="hypoplasia"/><display value="Hypoplasia"/><definition value="Hypoplasia (&gt;1 week after induction/reinduction incl. relapse)"/></concept><concept><code value="progressive_disease"/><display value="Progressive disease"/><definition value="Progressive disease"/></concept><concept><code value="progressive_refractory_disease"/><display value="Progressive or refractory disease"/><definition value="Progressive or refractory disease"/></concept><concept><code value="treatment_related_complete_remission"/><display value="Treatment related (complete remission)"/><definition value="Treatment related (complete remission)"/></concept><concept><code value="cll"/><display value="CLL"/><definition value="CLL"/></concept><concept><code value="uremia"/><display value="Uremia"/><definition value="Uremia / Uræmi / SNOMED-CT: 44730006"/></concept><concept><code value="infection"/><display value="Infectious disease"/><definition value="Infectious disease / Infektionssygdom / SNOMED-CT: 40733004"/></concept><concept><code value="bleeding"/><display value="Bleeding"/><definition value="Bleeding / Blødning / SNOMED-CT: 50960005"/></concept><concept><code value="therapy_related_progression"/><display value="Terapirelateret dødsfald MED sygdomsprogression"/><definition value="Terapirelateret dødsfald MED sygdomsprogression"/></concept><concept><code value="therapy_related"/><display value="Terapirelateret dødsfald uden sygdomsprogression"/><definition value="Terapirelateret dødsfald uden sygdomsprogression"/></concept><concept><code value="other_complete_remissiong"/><display value="Anden årsag, død i komplet remission (CR)"/><definition value="Anden årsag, død i komplet remission (CR)"/></concept><concept><code value="other_not_complete_remissiong"/><display value="Anden årsag, IKKE i komplet remision (CR) ved død"/><definition value="Anden årsag, IKKE i komplet remision (CR) ved død"/></concept></CodeSystem>