<?xml version="1.0" encoding="UTF-8"?><ValueSet xmlns="http://hl7.org/fhir"><id value="KomponentTypeDKR"/><text><status value="extensions"/><div xmlns="http://www.w3.org/1999/xhtml"><p class="res-header-id"><b>Generated Narrative: ValueSet KomponentTypeDKR</b></p><a name="KomponentTypeDKR"> </a><a name="hcKomponentTypeDKR"> </a><a name="KomponentTypeDKR-en-US"> </a><ul><li>Include these codes as defined in <a href="CodeSystem-ImplantComponents.html"><code>https://kip.rkkp.dk/fhir/CodeSystem/ImplantComponents</code></a><table class="none"><tr><td style="white-space:nowrap"><b>Code</b></td><td><b>Display</b></td><td><b>Definition</b></td></tr><tr><td><a href="CodeSystem-ImplantComponents.html#ImplantComponents-femur_component">femur_component</a></td><td>Femurkomponent</td><td>Femurkomponent</td></tr><tr><td><a href="CodeSystem-ImplantComponents.html#ImplantComponents-tibia_component">tibia_component</a></td><td>Tibiakomponent</td><td>Tibiakomponent</td></tr><tr><td><a href="CodeSystem-ImplantComponents.html#ImplantComponents-patella_component">patella_component</a></td><td>Patellakomponent</td><td>Patellakomponent</td></tr></table></li></ul></div></text><url value="https://kip.rkkp.dk/fhir/ValueSet/KomponentTypeDKR"/><version value="0.2.1"/><name value="KomponentTypeDKR"/><title value="Komponent type (DKR)"/><status value="active"/><experimental value="true"/><date value="2022-12-21T00:00:00+02:00"/><publisher value="Sundhedsvæsnets Kvalistetsinstitut with Trifork Digital Health A/S"/><contact><name value="Sundhedsvæsnets Kvalistetsinstitut with Trifork Digital Health A/S"/><telecom><system value="url"/><value value="https://trifork.com"/></telecom><telecom><system value="email"/><value value="rbk@trifork.com"/></telecom></contact><description value="Komponent type (DKR)"/><compose><include><system value="https://kip.rkkp.dk/fhir/CodeSystem/ImplantComponents"/><concept><code value="femur_component"/><display value="Femurkomponent"/></concept><concept><code value="tibia_component"/><display value="Tibiakomponent"/></concept><concept><code value="patella_component"/><display value="Patellakomponent"/></concept></include></compose></ValueSet>