<?xml version="1.0" encoding="UTF-8"?><ValueSet xmlns="http://hl7.org/fhir"><id value="MedicinPraeparatDSR"/><text><status value="extensions"/><div xmlns="http://www.w3.org/1999/xhtml"><p class="res-header-id"><b>Generated Narrative: ValueSet MedicinPraeparatDSR</b></p><a name="MedicinPraeparatDSR"> </a><a name="hcMedicinPraeparatDSR"> </a><a name="MedicinPraeparatDSR-en-US"> </a><p>This value set includes codes based on the following rules:</p><ul><li>Include these codes as defined in <a href="CodeSystem-Medicine.html"><code>https://kip.rkkp.dk/fhir/CodeSystem/Medicine</code></a><table class="none"><tr><td style="white-space:nowrap"><b>Code</b></td><td><b>Display</b></td><td><b>Definition</b></td></tr><tr><td><a href="CodeSystem-Medicine.html#Medicine-antibiotics">antibiotics</a></td><td>Lokal antibiotika (ekskl.cement), angiv præparat nedenfor</td><td>Antibiotics / Antibiotika</td></tr><tr><td><a href="CodeSystem-Medicine.html#Medicine-penicillin">penicillin</a></td><td>Penicillin</td><td>Penicillin</td></tr><tr><td><a href="CodeSystem-Medicine.html#Medicine-penicillinase_stabile">penicillinase_stabile</a></td><td>Penicillinase stabilt penicillin (dicloxacillin)</td><td>Penicillinasestabilt penicilin</td></tr><tr><td><a href="CodeSystem-Medicine.html#Medicine-cephalosporin">cephalosporin</a></td><td>Cefalosporin</td><td>Cefalosporin</td></tr></table></li><li>Include these codes as defined in <a href="CodeSystem-GenericValues.html"><code>https://kip.rkkp.dk/fhir/CodeSystem/GenericValues</code></a><table class="none"><tr><td style="white-space:nowrap"><b>Code</b></td><td><b>Display</b></td><td><b>Definition</b></td></tr><tr><td><a href="CodeSystem-GenericValues.html#GenericValues-other">other</a></td><td>Andet</td><td>Other - used to choose unspecific value not in a valueset</td></tr></table></li></ul></div></text><url value="https://kip.rkkp.dk/fhir/ValueSet/MedicinPraeparatDSR"/><version value="0.2.1"/><name value="MedicinPraeparatDSR"/><title value="Medicin præparat (DSR)"/><status value="active"/><experimental value="true"/><date value="2022-10-06T00:00:00+02:00"/><publisher value="Sundhedsvæsnets Kvalistetsinstitut with Trifork Digital Health A/S"/><contact><name value="Sundhedsvæsnets Kvalistetsinstitut with Trifork Digital Health A/S"/><telecom><system value="url"/><value value="https://trifork.com"/></telecom><telecom><system value="email"/><value value="rbk@trifork.com"/></telecom></contact><description value="Medicin præparat (DSR)"/><compose><include><system value="https://kip.rkkp.dk/fhir/CodeSystem/Medicine"/><concept><code value="antibiotics"/><display value="Lokal antibiotika (ekskl.cement), angiv præparat nedenfor"/></concept><concept><code value="penicillin"/><display value="Penicillin"/></concept><concept><code value="penicillinase_stabile"/><display value="Penicillinase stabilt penicillin (dicloxacillin)"/></concept><concept><code value="cephalosporin"/><display value="Cefalosporin"/></concept></include><include><system value="https://kip.rkkp.dk/fhir/CodeSystem/GenericValues"/><concept><code value="other"/><display value="Andet"/></concept></include></compose></ValueSet>