<?xml version="1.0" encoding="UTF-8"?><ValueSet xmlns="http://hl7.org/fhir"><id value="SKSExtraModularDisease"/><text><status value="extensions"/><div xmlns="http://www.w3.org/1999/xhtml"><p class="res-header-id"><b>Generated Narrative: ValueSet SKSExtraModularDisease</b></p><a name="SKSExtraModularDisease"> </a><a name="hcSKSExtraModularDisease"> </a><a name="SKSExtraModularDisease-en-US"> </a><p>This value set includes codes based on the following rules:</p><ul><li>Include these codes as defined in <a href="CodeSystem-SKS.html"><code>https://kip.rkkp.dk/fhir/CodeSystem/SKS</code></a><table class="none"><tr><td style="white-space:nowrap"><b>Code</b></td><td><b>Display</b></td><td><b>Definition</b></td></tr><tr><td><a href="CodeSystem-SKS.html#SKS-T000010">T000010</a></td><td>Hud</td><td>T000010 - hud</td></tr><tr><td><a href="CodeSystem-SKS.html#SKS-T000569">T000569</a></td><td>Oralt</td><td>T000569 - mund</td></tr><tr><td><a href="CodeSystem-SKS.html#SKS-T001039">T001039</a></td><td>CNS</td><td>T001039 - centralnervesystem</td></tr><tr><td><a href="CodeSystem-SKS.html#SKS-T000607">T000607</a></td><td>Lever</td><td>T000607 - lever</td></tr><tr><td><a href="CodeSystem-SKS.html#SKS-T000132">T000132</a></td><td>Milt</td><td>T000132 - milt</td></tr><tr><td><a href="CodeSystem-SKS.html#SKS-T000854">T000854</a></td><td>Testes</td><td>T000854 - begge testes</td></tr><tr><td><a href="CodeSystem-SKS.html#SKS-T000134">T000134</a></td><td>Lymfeknude</td><td>T000134 - lymfeknude</td></tr></table></li><li>Include these codes as defined in <a href="CodeSystem-GenericValues.html"><code>https://kip.rkkp.dk/fhir/CodeSystem/GenericValues</code></a><table class="none"><tr><td style="white-space:nowrap"><b>Code</b></td><td><b>Display</b></td><td><b>Definition</b></td></tr><tr><td><a href="CodeSystem-GenericValues.html#GenericValues-other">other</a></td><td>Andet</td><td>Other - used to choose unspecific value not in a valueset</td></tr></table></li></ul></div></text><url value="https://kip.rkkp.dk/fhir/ValueSet/SKSExtraModularDisease"/><version value="0.2.1"/><name value="SKSExtraModularDisease"/><title value="Ekstramedullær sygdom"/><status value="active"/><experimental value="true"/><date value="2022-06-08T00:00:00+02:00"/><publisher value="Sundhedsvæsnets Kvalistetsinstitut with Trifork Digital Health A/S"/><contact><name value="Sundhedsvæsnets Kvalistetsinstitut with Trifork Digital Health A/S"/><telecom><system value="url"/><value value="https://trifork.com"/></telecom><telecom><system value="email"/><value value="rbk@trifork.com"/></telecom></contact><description value="Ekstramedullær sygdom"/><compose><include><system value="https://kip.rkkp.dk/fhir/CodeSystem/SKS"/><concept><code value="T000010"/><display value="Hud"/></concept><concept><code value="T000569"/><display value="Oralt"/></concept><concept><code value="T001039"/><display value="CNS"/></concept><concept><code value="T000607"/><display value="Lever"/></concept><concept><code value="T000132"/><display value="Milt"/></concept><concept><code value="T000854"/><display value="Testes"/></concept><concept><code value="T000134"/><display value="Lymfeknude"/></concept></include><include><system value="https://kip.rkkp.dk/fhir/CodeSystem/GenericValues"/><concept><code value="other"/><display value="Andet"/></concept></include></compose></ValueSet>