<?xml version="1.0" encoding="UTF-8"?><ValueSet xmlns="http://hl7.org/fhir"><id value="SORNeurologiskeAfdelingerDAP"/><text><status value="extensions"/><div xmlns="http://www.w3.org/1999/xhtml"><p class="res-header-id"><b>Generated Narrative: ValueSet SORNeurologiskeAfdelingerDAP</b></p><a name="SORNeurologiskeAfdelingerDAP"> </a><a name="hcSORNeurologiskeAfdelingerDAP"> </a><a name="SORNeurologiskeAfdelingerDAP-en-US"> </a><ul><li>Include these codes as defined in <a href="CodeSystem-SOR.html"><code>https://kip.rkkp.dk/fhir/CodeSystem/SOR</code></a><table class="none"><tr><td style="white-space:nowrap"><b>Code</b></td><td><b>Display</b></td><td><b>Definition</b></td></tr><tr><td><a href="CodeSystem-SOR.html#SOR-240121000016005">240121000016005</a></td><td>Odense, Neurologisk</td><td>Odense Universitetshospital - Svendborg - OUH Neurologisk Afsnit N (Shak: 4202160)</td></tr><tr><td><a href="CodeSystem-SOR.html#SOR-253081000016000">253081000016000</a></td><td>Rigshospitalet , Blegdamsvej, Neurologisk</td><td>Rigshospitalet - Sengeafsnit 2094 (Shak: 1301221)</td></tr><tr><td><a href="CodeSystem-SOR.html#SOR-275981000016003">275981000016003</a></td><td>Aalborg, Neurologisk</td><td>Aalborg Universitetshospital - Alb Neurologisk afd. (Shak: 8001191)</td></tr><tr><td><a href="CodeSystem-SOR.html#SOR-440081000016006">440081000016006</a></td><td>Aarhus, Stroke</td><td>Aarhus Universitetshospital - Neurologisk Sengeafdeling (Shak: 6620151)</td></tr></table></li></ul></div></text><url value="https://kip.rkkp.dk/fhir/ValueSet/SORNeurologiskeAfdelingerDAP"/><version value="0.2.1"/><name value="SORNeurologiskeAfdelingerDAP"/><title value="SOR: Neurologiske afdelinger (DAP)"/><status value="active"/><experimental value="true"/><date value="2022-09-06T00:00:00+02:00"/><publisher value="Sundhedsvæsnets Kvalistetsinstitut with Trifork Digital Health A/S"/><contact><name value="Sundhedsvæsnets Kvalistetsinstitut with Trifork Digital Health A/S"/><telecom><system value="url"/><value value="https://trifork.com"/></telecom><telecom><system value="email"/><value value="rbk@trifork.com"/></telecom></contact><description value="SOR: Neurologiske afdelinger (DAP)"/><compose><include><system value="https://kip.rkkp.dk/fhir/CodeSystem/SOR"/><concept><code value="240121000016005"/><display value="Odense, Neurologisk"/></concept><concept><code value="253081000016000"/><display value="Rigshospitalet , Blegdamsvej, Neurologisk"/></concept><concept><code value="275981000016003"/><display value="Aalborg, Neurologisk"/></concept><concept><code value="440081000016006"/><display value="Aarhus, Stroke"/></concept></include></compose></ValueSet>