<?xml version="1.0" encoding="UTF-8"?><ValueSet xmlns="http://hl7.org/fhir"><id value="SygdomsomraaderHaema"/><text><status value="extensions"/><div xmlns="http://www.w3.org/1999/xhtml"><p class="res-header-id"><b>Generated Narrative: ValueSet SygdomsomraaderHaema</b></p><a name="SygdomsomraaderHaema"> </a><a name="hcSygdomsomraaderHaema"> </a><a name="SygdomsomraaderHaema-en-US"> </a><ul><li>Include these codes as defined in <a href="CodeSystem-Sygdomsomraader.html"><code>https://kip.rkkp.dk/fhir/CodeSystem/Sygdomsomraader</code></a><table class="none"><tr><td style="white-space:nowrap"><b>Code</b></td><td><b>Display</b></td><td><b>Definition</b></td></tr><tr><td><a href="CodeSystem-Sygdomsomraader.html#Sygdomsomraader-ald">ald</a></td><td>ALD</td><td>Dansk Akut Leukæmi Database</td></tr><tr><td><a href="CodeSystem-Sygdomsomraader.html#Sygdomsomraader-cll">cll</a></td><td>CLL</td><td>Dansk Kronisk Lymfatisk Leukæmi Database</td></tr><tr><td><a href="CodeSystem-Sygdomsomraader.html#Sygdomsomraader-damyda">damyda</a></td><td>DAMYDA</td><td>Dansk Myelomatose Database</td></tr><tr><td><a href="CodeSystem-Sygdomsomraader.html#Sygdomsomraader-lyfo">lyfo</a></td><td>LYFO</td><td>Dansk Lymfom Database</td></tr><tr><td><a href="CodeSystem-Sygdomsomraader.html#Sygdomsomraader-mds">mds</a></td><td>MDS</td><td>Myelodysplastisk Neoplasi Database</td></tr></table></li></ul></div></text><url value="https://kip.rkkp.dk/fhir/ValueSet/SygdomsomraaderHaema"/><version value="0.2.1"/><name value="SygdomsomraaderHaema"/><title value="Sygdomsområder - HÆMA"/><status value="active"/><experimental value="true"/><date value="2023-05-10T00:00:00+02:00"/><publisher value="Sundhedsvæsnets Kvalistetsinstitut with Trifork Digital Health A/S"/><contact><name value="Sundhedsvæsnets Kvalistetsinstitut with Trifork Digital Health A/S"/><telecom><system value="url"/><value value="https://trifork.com"/></telecom><telecom><system value="email"/><value value="rbk@trifork.com"/></telecom></contact><description value="Alle Sygdomsområder i KIP vedr. hæmatologi"/><compose><include><system value="https://kip.rkkp.dk/fhir/CodeSystem/Sygdomsomraader"/><concept><code value="ald"/><display value="ALD"/></concept><concept><code value="cll"/><display value="CLL"/></concept><concept><code value="damyda"/><display value="DAMYDA"/></concept><concept><code value="lyfo"/><display value="LYFO"/></concept><concept><code value="mds"/><display value="MDS"/></concept></include></compose></ValueSet>