<?xml version="1.0" encoding="UTF-8"?><ValueSet xmlns="http://hl7.org/fhir"><id value="DialyseOpstartDNSL"/><text><status value="extensions"/><div xmlns="http://www.w3.org/1999/xhtml"><p class="res-header-id"><b>Generated Narrative: ValueSet DialyseOpstartDNSL</b></p><a name="DialyseOpstartDNSL"> </a><a name="hcDialyseOpstartDNSL"> </a><a name="DialyseOpstartDNSL-en-US"> </a><ul><li>Include these codes as defined in <a href="CodeSystem-Cyclus.html"><code>https://kip.rkkp.dk/fhir/CodeSystem/Cyclus</code></a><table class="none"><tr><td style="white-space:nowrap"><b>Code</b></td><td><b>Display</b></td><td><b>Definition</b></td></tr><tr><td><a href="CodeSystem-Cyclus.html#Cyclus-ge7-dage">ge7-dage</a></td><td>PD opstart &gt;6 dage efter kateteranlæggelse</td><td>&gt;=7 dage</td></tr><tr><td><a href="CodeSystem-Cyclus.html#Cyclus-0-6-dage">0-6-dage</a></td><td>PD opstart 0-6 dage efter kateteranlæggelse</td><td>0-6 dage</td></tr></table></li></ul></div></text><url value="https://kip.rkkp.dk/fhir/ValueSet/DialyseOpstartDNSL"/><version value="0.2.1"/><name value="DialyseOpstartDNSL"/><title value="Dialyseopstart (DNSL)"/><status value="active"/><experimental value="true"/><date value="2024-01-10T00:00:00+02:00"/><publisher value="Sundhedsvæsnets Kvalistetsinstitut with Trifork Digital Health A/S"/><contact><name value="Sundhedsvæsnets Kvalistetsinstitut with Trifork Digital Health A/S"/><telecom><system value="url"/><value value="https://trifork.com"/></telecom><telecom><system value="email"/><value value="rbk@trifork.com"/></telecom></contact><description value="Dialyseopstart ved første dialyse (DNSL)"/><compose><include><system value="https://kip.rkkp.dk/fhir/CodeSystem/Cyclus"/><concept><code value="ge7-dage"/><display value="PD opstart &gt;6 dage efter kateteranlæggelse"/></concept><concept><code value="0-6-dage"/><display value="PD opstart 0-6 dage efter kateteranlæggelse"/></concept></include></compose></ValueSet>