<?xml version="1.0" encoding="UTF-8"?><ValueSet xmlns="http://hl7.org/fhir"><id value="KnoglegraftDSR"/><text><status value="extensions"/><div xmlns="http://www.w3.org/1999/xhtml"><p class="res-header-id"><b>Generated Narrative: ValueSet KnoglegraftDSR</b></p><a name="KnoglegraftDSR"> </a><a name="hcKnoglegraftDSR"> </a><a name="KnoglegraftDSR-en-US"> </a><p>This value set includes codes based on the following rules:</p><ul><li>Include these codes as defined in <a href="CodeSystem-GenericValues.html"><code>https://kip.rkkp.dk/fhir/CodeSystem/GenericValues</code></a><table class="none"><tr><td style="white-space:nowrap"><b>Code</b></td><td><b>Display</b></td><td><b>Definition</b></td></tr><tr><td><a href="CodeSystem-GenericValues.html#GenericValues-not_performed">not_performed</a></td><td>Intet</td><td>Not performed - used to indicate, if a procedure or test has not been performed</td></tr></table></li><li>Include these codes as defined in <a href="CodeSystem-ImplantComponents.html"><code>https://kip.rkkp.dk/fhir/CodeSystem/ImplantComponents</code></a><table class="none"><tr><td style="white-space:nowrap"><b>Code</b></td><td><b>Display</b></td><td><b>Definition</b></td></tr><tr><td><a href="CodeSystem-ImplantComponents.html#ImplantComponents-spongiotic">spongiotic</a></td><td>Spongiøst</td><td>Spongiotic / Spongiøs</td></tr><tr><td><a href="CodeSystem-ImplantComponents.html#ImplantComponents-structural">structural</a></td><td>Strukturel</td><td>Structural / Strukturel</td></tr></table></li></ul></div></text><url value="https://kip.rkkp.dk/fhir/ValueSet/KnoglegraftDSR"/><version value="0.2.1"/><name value="KnoglegraftDSR"/><title value="Knoglegraft (DSR)"/><status value="active"/><experimental value="true"/><date value="2022-10-06T00:00:00+02:00"/><publisher value="Sundhedsvæsnets Kvalistetsinstitut with Trifork Digital Health A/S"/><contact><name value="Sundhedsvæsnets Kvalistetsinstitut with Trifork Digital Health A/S"/><telecom><system value="url"/><value value="https://trifork.com"/></telecom><telecom><system value="email"/><value value="rbk@trifork.com"/></telecom></contact><description value="Knoglegraft (DSR)"/><compose><include><system value="https://kip.rkkp.dk/fhir/CodeSystem/GenericValues"/><concept><code value="not_performed"/><display value="Intet"/></concept></include><include><system value="https://kip.rkkp.dk/fhir/CodeSystem/ImplantComponents"/><concept><code value="spongiotic"/><display value="Spongiøst"/></concept><concept><code value="structural"/><display value="Strukturel"/></concept></include></compose></ValueSet>