<?xml version="1.0" encoding="UTF-8"?><ValueSet xmlns="http://hl7.org/fhir"><id value="IndgrebVentralhernieDHDB"/><text><status value="extensions"/><div xmlns="http://www.w3.org/1999/xhtml"><p class="res-header-id"><b>Generated Narrative: ValueSet IndgrebVentralhernieDHDB</b></p><a name="IndgrebVentralhernieDHDB"> </a><a name="hcIndgrebVentralhernieDHDB"> </a><a name="IndgrebVentralhernieDHDB-en-US"> </a><p>This value set includes codes based on the following rules:</p><ul><li>Include these codes as defined in <a href="CodeSystem-ProcedureType.html"><code>https://kip.rkkp.dk/fhir/CodeSystem/ProcedureType</code></a><table class="none"><tr><td style="white-space:nowrap"><b>Code</b></td><td><b>Display</b></td><td><b>Definition</b></td></tr><tr><td><a href="CodeSystem-ProcedureType.html#ProcedureType-open">open</a></td><td>Åben</td><td>Open / Åbent</td></tr><tr><td><a href="CodeSystem-ProcedureType.html#ProcedureType-combined_open">combined_open</a></td><td>Kombineret åben</td><td>Combined open / Kombineret åben</td></tr><tr><td><a href="CodeSystem-ProcedureType.html#ProcedureType-laparoscopic">laparoscopic</a></td><td>Laparoskopisk</td><td>Laparoscopic / Laparoskopisk</td></tr><tr><td><a href="CodeSystem-ProcedureType.html#ProcedureType-converted_open">converted_open</a></td><td>Laparoskopisk konverteret til åben</td><td>Converted to open from laparoscopic / Konverteret til åben fra laparoskopisk</td></tr><tr><td><a href="CodeSystem-ProcedureType.html#ProcedureType-converted_open_to_lap">converted_open_to_lap</a></td><td>Åben konverteret til laparoskopisk</td><td>Open converted to laparoscopic / Åben konverteret til laparoskopisk</td></tr><tr><td><a href="CodeSystem-ProcedureType.html#ProcedureType-robot_laparoscopic">robot_laparoscopic</a></td><td>Robot-assisteret laparoskopisk</td><td>Robot assisted laparoscopic / Robot-assisteret laparoskopisk</td></tr><tr><td><a href="CodeSystem-ProcedureType.html#ProcedureType-robot_converted_laparoscopic">robot_converted_laparoscopic</a></td><td>Robot-assisteret laparoskopisk konverteret til laparoskopisk</td><td>Robot assisted laparoscopic converted to laparoscopic / Robot-assisteret laparoskopisk konverteret til laparoskopisk</td></tr><tr><td><a href="CodeSystem-ProcedureType.html#ProcedureType-robot_converted_open">robot_converted_open</a></td><td>Robot-assisteret laparoskopisk konverteret til åben</td><td>Robot assisted laparoscopic converted to open / Robot-assisteret laparoskopisk konverteret til åben</td></tr></table></li><li>Include these codes as defined in <a href="CodeSystem-GenericValues.html"><code>https://kip.rkkp.dk/fhir/CodeSystem/GenericValues</code></a><table class="none"><tr><td style="white-space:nowrap"><b>Code</b></td><td><b>Display</b></td><td><b>Definition</b></td></tr><tr><td><a href="CodeSystem-GenericValues.html#GenericValues-other">other</a></td><td>Andet indgreb</td><td>Other - used to choose unspecific value not in a valueset</td></tr></table></li></ul></div></text><url value="https://kip.rkkp.dk/fhir/ValueSet/IndgrebVentralhernieDHDB"/><version value="0.2.1"/><name value="IndgrebVentralhernieDHDB"/><title value="Indgreb - ventralhernie (DHDB)"/><status value="active"/><experimental value="true"/><date value="2022-07-20T00:00:00+02:00"/><publisher value="Sundhedsvæsnets Kvalistetsinstitut with Trifork Digital Health A/S"/><contact><name value="Sundhedsvæsnets Kvalistetsinstitut with Trifork Digital Health A/S"/><telecom><system value="url"/><value value="https://trifork.com"/></telecom><telecom><system value="email"/><value value="rbk@trifork.com"/></telecom></contact><description value="Indgreb - ventralhernie (DHDB)"/><compose><include><system value="https://kip.rkkp.dk/fhir/CodeSystem/ProcedureType"/><concept><code value="open"/><display value="Åben"/></concept><concept><code value="combined_open"/><display value="Kombineret åben"/></concept><concept><code value="laparoscopic"/><display value="Laparoskopisk"/></concept><concept><code value="converted_open"/><display value="Laparoskopisk konverteret til åben"/></concept><concept><code value="converted_open_to_lap"/><display value="Åben konverteret til laparoskopisk"/></concept><concept><code value="robot_laparoscopic"/><display value="Robot-assisteret laparoskopisk"/></concept><concept><code value="robot_converted_laparoscopic"/><display value="Robot-assisteret laparoskopisk konverteret til laparoskopisk"/></concept><concept><code value="robot_converted_open"/><display value="Robot-assisteret laparoskopisk konverteret til åben"/></concept></include><include><system value="https://kip.rkkp.dk/fhir/CodeSystem/GenericValues"/><concept><code value="other"/><display value="Andet indgreb"/></concept></include></compose></ValueSet>