<?xml version="1.0" encoding="UTF-8"?><ValueSet xmlns="http://hl7.org/fhir"><id value="RevisionHumerusKomponentDSR"/><text><status value="extensions"/><div xmlns="http://www.w3.org/1999/xhtml"><p class="res-header-id"><b>Generated Narrative: ValueSet RevisionHumerusKomponentDSR</b></p><a name="RevisionHumerusKomponentDSR"> </a><a name="hcRevisionHumerusKomponentDSR"> </a><a name="RevisionHumerusKomponentDSR-en-US"> </a><ul><li>Include these codes as defined in <a href="CodeSystem-ImplantComponents.html"><code>https://kip.rkkp.dk/fhir/CodeSystem/ImplantComponents</code></a><table class="none"><tr><td style="white-space:nowrap"><b>Code</b></td><td><b>Display</b></td><td><b>Definition</b></td></tr><tr><td><a href="CodeSystem-ImplantComponents.html#ImplantComponents-liner">liner</a></td><td>Kun liner</td><td>Liner</td></tr><tr><td><a href="CodeSystem-ImplantComponents.html#ImplantComponents-caput">caput</a></td><td>Kun caput</td><td>Caput</td></tr><tr><td><a href="CodeSystem-ImplantComponents.html#ImplantComponents-component">component</a></td><td>Hele komponenten</td><td>Komponent</td></tr><tr><td><a href="CodeSystem-ImplantComponents.html#ImplantComponents-cement_spacer">cement_spacer</a></td><td>Cementspacer</td><td>Cement spacer</td></tr></table></li></ul></div></text><url value="https://kip.rkkp.dk/fhir/ValueSet/RevisionHumerusKomponentDSR"/><version value="0.2.1"/><name value="RevisionHumerusKomponentDSR"/><title value="Revision - Humerus komponent (DSR)"/><status value="active"/><experimental value="true"/><date value="2022-10-07T00:00:00+02:00"/><publisher value="Sundhedsvæsnets Kvalistetsinstitut with Trifork Digital Health A/S"/><contact><name value="Sundhedsvæsnets Kvalistetsinstitut with Trifork Digital Health A/S"/><telecom><system value="url"/><value value="https://trifork.com"/></telecom><telecom><system value="email"/><value value="rbk@trifork.com"/></telecom></contact><description value="Revision - Humerus komponent (DSR)"/><compose><include><system value="https://kip.rkkp.dk/fhir/CodeSystem/ImplantComponents"/><concept><code value="liner"/><display value="Kun liner"/></concept><concept><code value="caput"/><display value="Kun caput"/></concept><concept><code value="component"/><display value="Hele komponenten"/></concept><concept><code value="cement_spacer"/><display value="Cementspacer"/></concept></include></compose></ValueSet>