<?xml version="1.0" encoding="UTF-8"?><ValueSet xmlns="http://hl7.org/fhir"><id value="OnkologibehandlingerAll"/><text><status value="extensions"/><div xmlns="http://www.w3.org/1999/xhtml"><p class="res-header-id"><b>Generated Narrative: ValueSet OnkologibehandlingerAll</b></p><a name="OnkologibehandlingerAll"> </a><a name="hcOnkologibehandlingerAll"> </a><a name="OnkologibehandlingerAll-en-US"> </a><ul><li>Include these codes as defined in <a href="CodeSystem-Onkologibehandling.html"><code>https://kip.rkkp.dk/fhir/CodeSystem/Onkologibehandling</code></a><table class="none"><tr><td style="white-space:nowrap"><b>Code</b></td><td><b>Display</b></td><td><b>Definition</b></td></tr><tr><td><a href="CodeSystem-Onkologibehandling.html#Onkologibehandling-kurativ">kurativ</a></td><td>Kurativ</td><td>Kurativ behandling</td></tr><tr><td><a href="CodeSystem-Onkologibehandling.html#Onkologibehandling-palliativ">palliativ</a></td><td>Palliativ</td><td>Palliativ behandling</td></tr><tr><td><a href="CodeSystem-Onkologibehandling.html#Onkologibehandling-ingen">ingen</a></td><td>Ingen</td><td>Ingen behandling</td></tr></table></li></ul></div></text><url value="https://kip.rkkp.dk/fhir/ValueSet/OnkologibehandlingerAll"/><version value="0.2.1"/><name value="OnkologibehandlingerAll"/><title value="Onkologibehandlinger - alle"/><status value="active"/><experimental value="true"/><date value="2022-04-28T00:00:00+02:00"/><publisher value="Sundhedsvæsnets Kvalistetsinstitut with Trifork Digital Health A/S"/><contact><name value="Sundhedsvæsnets Kvalistetsinstitut with Trifork Digital Health A/S"/><telecom><system value="url"/><value value="https://trifork.com"/></telecom><telecom><system value="email"/><value value="rbk@trifork.com"/></telecom></contact><description value="Dette er alle typer af onkologibehandlinger"/><compose><include><system value="https://kip.rkkp.dk/fhir/CodeSystem/Onkologibehandling"/><concept><code value="kurativ"/><display value="Kurativ"/></concept><concept><code value="palliativ"/><display value="Palliativ"/></concept><concept><code value="ingen"/><display value="Ingen"/></concept></include></compose></ValueSet>