<?xml version="1.0" encoding="UTF-8"?><ValueSet xmlns="http://hl7.org/fhir"><id value="OperationstypeFoersteRecidiv"/><text><status value="extensions"/><div xmlns="http://www.w3.org/1999/xhtml"><p class="res-header-id"><b>Generated Narrative: ValueSet OperationstypeFoersteRecidiv</b></p><a name="OperationstypeFoersteRecidiv"> </a><a name="hcOperationstypeFoersteRecidiv"> </a><a name="OperationstypeFoersteRecidiv-en-US"> </a><ul><li>Include these codes as defined in <a href="CodeSystem-OperationType.html"><code>https://kip.rkkp.dk/fhir/CodeSystem/OperationType</code></a><table class="none"><tr><td style="white-space:nowrap"><b>Code</b></td><td><b>Display</b></td><td><b>Definition</b></td></tr><tr><td><a href="CodeSystem-OperationType.html#OperationType-first_time">first_time</a></td><td>1. gangs operation</td><td>First time / Første gang</td></tr><tr><td><a href="CodeSystem-OperationType.html#OperationType-recurrent">recurrent</a></td><td>Recidiv operation</td><td>Recurrent / Recidiv</td></tr></table></li></ul></div></text><url value="https://kip.rkkp.dk/fhir/ValueSet/OperationstypeFoersteRecidiv"/><version value="0.2.1"/><name value="OperationstypeFoersteRecidiv"/><title value="Operationstype (første gangs/recidiv)"/><status value="active"/><experimental value="true"/><date value="2022-07-20T00:00:00+02:00"/><publisher value="Sundhedsvæsnets Kvalistetsinstitut with Trifork Digital Health A/S"/><contact><name value="Sundhedsvæsnets Kvalistetsinstitut with Trifork Digital Health A/S"/><telecom><system value="url"/><value value="https://trifork.com"/></telecom><telecom><system value="email"/><value value="rbk@trifork.com"/></telecom></contact><description value="Operationstype (første gangs/recidiv)"/><compose><include><system value="https://kip.rkkp.dk/fhir/CodeSystem/OperationType"/><concept><code value="first_time"/><display value="1. gangs operation"/></concept><concept><code value="recurrent"/><display value="Recidiv operation"/></concept></include></compose></ValueSet>