<?xml version="1.0" encoding="UTF-8"?><ValueSet xmlns="http://hl7.org/fhir"><id value="BehandlingsindikationKAR"/><text><status value="extensions"/><div xmlns="http://www.w3.org/1999/xhtml"><p class="res-header-id"><b>Generated Narrative: ValueSet BehandlingsindikationKAR</b></p><a name="BehandlingsindikationKAR"> </a><a name="hcBehandlingsindikationKAR"> </a><a name="BehandlingsindikationKAR-en-US"> </a><p>This value set includes codes based on the following rules:</p><ul><li>Include these codes as defined in <a href="CodeSystem-DiseasesUnspecified.html"><code>https://kip.rkkp.dk/fhir/CodeSystem/DiseasesUnspecified</code></a><table class="none"><tr><td style="white-space:nowrap"><b>Code</b></td><td><b>Display</b></td><td><b>Definition</b></td></tr><tr><td><a href="CodeSystem-DiseasesUnspecified.html#DiseasesUnspecified-acute_extremity_ischaemia">acute_extremity_ischaemia</a></td><td>akut ekstremitetsiskæmi</td><td>akut ekstremitetsiskæmi</td></tr><tr><td><a href="CodeSystem-DiseasesUnspecified.html#DiseasesUnspecified-amurosis_fugax">amurosis_fugax</a></td><td>amaurosis fugax</td><td>amaurosis fugax</td></tr><tr><td><a href="CodeSystem-DiseasesUnspecified.html#DiseasesUnspecified-aneurysm_asymptomatic">aneurysm_asymptomatic</a></td><td>aneurisme - asymptomatisk</td><td>aneurisme - asymptomatisk</td></tr><tr><td><a href="CodeSystem-DiseasesUnspecified.html#DiseasesUnspecified-aneurysm_symptomatic">aneurysm_symptomatic</a></td><td>aneurisme - symptomatisk</td><td>aneurisme - symptomatisk</td></tr><tr><td><a href="CodeSystem-DiseasesUnspecified.html#DiseasesUnspecified-aneurysm_ruptured">aneurysm_ruptured</a></td><td>aneurisme - rumperet</td><td>aneurisme - rumperet</td></tr><tr><td><a href="CodeSystem-DiseasesUnspecified.html#DiseasesUnspecified-aneurysm_clotted">aneurysm_clotted</a></td><td>aneurisme - tromboseret</td><td>aneurisme - tromboseret</td></tr><tr><td><a href="CodeSystem-DiseasesUnspecified.html#DiseasesUnspecified-aneurysm_pseudo">aneurysm_pseudo</a></td><td>aneurisme - pseudo</td><td>aneurisme - pseudo</td></tr><tr><td><a href="CodeSystem-DiseasesUnspecified.html#DiseasesUnspecified-aneurysm_mycotic">aneurysm_mycotic</a></td><td>aneurisme - mykotisk</td><td>aneurisme - mykotisk</td></tr><tr><td><a href="CodeSystem-DiseasesUnspecified.html#DiseasesUnspecified-bleeding">bleeding</a></td><td>blødning / hæmatom</td><td>blødning / hæmatom</td></tr><tr><td><a href="CodeSystem-DiseasesUnspecified.html#DiseasesUnspecified-infection">infection</a></td><td>infektion (ikke proteseinfektion = 55)</td><td>infektion (ikke proteseinfektion = 55)</td></tr><tr><td><a href="CodeSystem-DiseasesUnspecified.html#DiseasesUnspecified-intestinal_ischaemia">intestinal_ischaemia</a></td><td>intestinal iskæmi, angina abdominalis</td><td>intestinal iskæmi, angina abdominalis</td></tr><tr><td><a href="CodeSystem-DiseasesUnspecified.html#DiseasesUnspecified-function_dependent_ischaemia">function_dependent_ischaemia</a></td><td>funktionsbetinget iskæmi, claudicatio intermittens</td><td>funktionsbetinget iskæmi, claudicatio intermittens</td></tr><tr><td><a href="CodeSystem-DiseasesUnspecified.html#DiseasesUnspecified-chronic_ischaemia_rest_pain">chronic_ischaemia_rest_pain</a></td><td>kronisk iskæmi - hvilesmerter</td><td>kronisk iskæmi - hvilesmerter</td></tr><tr><td><a href="CodeSystem-DiseasesUnspecified.html#DiseasesUnspecified-chronic_ischaemia_wound">chronic_ischaemia_wound</a></td><td>kronisk iskæmi - sår</td><td>kronisk iskæmi - sår</td></tr><tr><td><a href="CodeSystem-DiseasesUnspecified.html#DiseasesUnspecified-chronic_ischaemia_gangrene">chronic_ischaemia_gangrene</a></td><td>kronisk iskæmi - gangræn</td><td>kronisk iskæmi - gangræn</td></tr><tr><td><a href="CodeSystem-DiseasesUnspecified.html#DiseasesUnspecified-hypertension_renovascular">hypertension_renovascular</a></td><td>renovaskulær hypertension</td><td>renovaskulær hypertension</td></tr><tr><td><a href="CodeSystem-DiseasesUnspecified.html#DiseasesUnspecified-stroke">stroke</a></td><td>stroke</td><td>stroke</td></tr><tr><td><a href="CodeSystem-DiseasesUnspecified.html#DiseasesUnspecified-tos">tos</a></td><td>thoracic outlet syndrom (TOS)</td><td>thoracic outlet syndrom (TOS)</td></tr><tr><td><a href="CodeSystem-DiseasesUnspecified.html#DiseasesUnspecified-tia">tia</a></td><td>transitorisk iskæmisk attack (TIA)</td><td>transitorisk iskæmisk attack (TIA)</td></tr><tr><td><a href="CodeSystem-DiseasesUnspecified.html#DiseasesUnspecified-trauma">trauma</a></td><td>traume</td><td>traume</td></tr><tr><td><a href="CodeSystem-DiseasesUnspecified.html#DiseasesUnspecified-thrombosis_vascular_reconstruction">thrombosis_vascular_reconstruction</a></td><td>trombose af karrekonstruktion</td><td>trombose af karrekonstruktion</td></tr><tr><td><a href="CodeSystem-DiseasesUnspecified.html#DiseasesUnspecified-uremia">uremia</a></td><td>uræmi</td><td>uræmi</td></tr><tr><td><a href="CodeSystem-DiseasesUnspecified.html#DiseasesUnspecified-varices">varices</a></td><td>varicer</td><td>varicer</td></tr><tr><td><a href="CodeSystem-DiseasesUnspecified.html#DiseasesUnspecified-vasospasms">vasospasms</a></td><td>vasospasme/ Raynaud</td><td>vasospasme/ Raynaud</td></tr><tr><td><a href="CodeSystem-DiseasesUnspecified.html#DiseasesUnspecified-venus_thrombosis">venus_thrombosis</a></td><td>venetrombose</td><td>venetrombose</td></tr><tr><td><a href="CodeSystem-DiseasesUnspecified.html#DiseasesUnspecified-reconstruction_failure">reconstruction_failure</a></td><td>truende rekonstruktionssvigt</td><td>truende rekonstruktionssvigt</td></tr><tr><td><a href="CodeSystem-DiseasesUnspecified.html#DiseasesUnspecified-permanent_central_venous_access">permanent_central_venous_access</a></td><td>permanent central venøs adgang</td><td>permanent central venøs adgang</td></tr><tr><td><a href="CodeSystem-DiseasesUnspecified.html#DiseasesUnspecified-wound_complication">wound_complication</a></td><td>sårkomplikation</td><td>sårkomplikation</td></tr><tr><td><a href="CodeSystem-DiseasesUnspecified.html#DiseasesUnspecified-fascial_rupture">fascial_rupture</a></td><td>fascieruptur</td><td>fascieruptur</td></tr><tr><td><a href="CodeSystem-DiseasesUnspecified.html#DiseasesUnspecified-ileus">ileus</a></td><td>ileus</td><td>ileus</td></tr><tr><td><a href="CodeSystem-DiseasesUnspecified.html#DiseasesUnspecified-intestine_ischaemia">intestine_ischaemia</a></td><td>tarmiskæmi</td><td>tarmiskæmi</td></tr><tr><td><a href="CodeSystem-DiseasesUnspecified.html#DiseasesUnspecified-aorto.47prosthesis_intestinal_fistula">aorto/prosthesis_intestinal_fistula</a></td><td>aorto/protese-instestinal fistel</td><td>aorto/protese-instestinal fistel</td></tr><tr><td><a href="CodeSystem-DiseasesUnspecified.html#DiseasesUnspecified-prosthetic_infection">prosthetic_infection</a></td><td>proteseinfektion</td><td>proteseinfektion</td></tr><tr><td><a href="CodeSystem-DiseasesUnspecified.html#DiseasesUnspecified-extremity_compartment">extremity_compartment</a></td><td>ekstremittets kompartment</td><td>ekstremittets kompartment</td></tr><tr><td><a href="CodeSystem-DiseasesUnspecified.html#DiseasesUnspecified-prolonged_intubation">prolonged_intubation</a></td><td>langvarig intubation</td><td>langvarig intubation</td></tr><tr><td><a href="CodeSystem-DiseasesUnspecified.html#DiseasesUnspecified-retroperitoneal_fibrosis">retroperitoneal_fibrosis</a></td><td>retroperitoneal fibrose</td><td>retroperitoneal fibrose</td></tr><tr><td><a href="CodeSystem-DiseasesUnspecified.html#DiseasesUnspecified-abdominal_compartment">abdominal_compartment</a></td><td>abdominal kompartment</td><td>abdominal kompartment</td></tr><tr><td><a href="CodeSystem-DiseasesUnspecified.html#DiseasesUnspecified-entrapment">entrapment</a></td><td>entrapment</td><td>entrapment</td></tr><tr><td><a href="CodeSystem-DiseasesUnspecified.html#DiseasesUnspecified-emergency_aortic_dissection">emergency_aortic_dissection</a></td><td>akut aortadissektion</td><td>akut aortadissektion</td></tr><tr><td><a href="CodeSystem-DiseasesUnspecified.html#DiseasesUnspecified-chronic_aortic_dissection">chronic_aortic_dissection</a></td><td>kronisk aortadissektion</td><td>kronisk aortadissektion</td></tr><tr><td><a href="CodeSystem-DiseasesUnspecified.html#DiseasesUnspecified-dissection_unspecified">dissection_unspecified</a></td><td>dissektion uden nærmere specifikation</td><td>dissektion uden nærmere specifikation</td></tr></table></li><li>Include these codes as defined in <a href="CodeSystem-GenericValues.html"><code>https://kip.rkkp.dk/fhir/CodeSystem/GenericValues</code></a><table class="none"><tr><td style="white-space:nowrap"><b>Code</b></td><td><b>Display</b></td><td><b>Definition</b></td></tr><tr><td><a href="CodeSystem-GenericValues.html#GenericValues-other">other</a></td><td>anden indikation</td><td>Other - used to choose unspecific value not in a valueset</td></tr></table></li></ul></div></text><url value="https://kip.rkkp.dk/fhir/ValueSet/BehandlingsindikationKAR"/><version value="0.2.1"/><name value="BehandlingsindikationKAR"/><title value="Behandlingsindikation (KAR)"/><status value="active"/><experimental value="true"/><date value="2022-09-27T00:00:00+02:00"/><publisher value="Sundhedsvæsnets Kvalistetsinstitut with Trifork Digital Health A/S"/><contact><name value="Sundhedsvæsnets Kvalistetsinstitut with Trifork Digital Health A/S"/><telecom><system value="url"/><value value="https://trifork.com"/></telecom><telecom><system value="email"/><value value="rbk@trifork.com"/></telecom></contact><description value="Behandlingsindikation (KAR)"/><compose><include><system value="https://kip.rkkp.dk/fhir/CodeSystem/DiseasesUnspecified"/><concept><code value="acute_extremity_ischaemia"/><display value="akut ekstremitetsiskæmi"/></concept><concept><code value="amurosis_fugax"/><display value="amaurosis fugax"/></concept><concept><code value="aneurysm_asymptomatic"/><display value="aneurisme - asymptomatisk"/></concept><concept><code value="aneurysm_symptomatic"/><display value="aneurisme - symptomatisk"/></concept><concept><code value="aneurysm_ruptured"/><display value="aneurisme - rumperet"/></concept><concept><code value="aneurysm_clotted"/><display value="aneurisme - tromboseret"/></concept><concept><code value="aneurysm_pseudo"/><display value="aneurisme - pseudo"/></concept><concept><code value="aneurysm_mycotic"/><display value="aneurisme - mykotisk"/></concept><concept><code value="bleeding"/><display value="blødning / hæmatom"/></concept><concept><code value="infection"/><display value="infektion (ikke proteseinfektion = 55)"/></concept><concept><code value="intestinal_ischaemia"/><display value="intestinal iskæmi, angina abdominalis"/></concept><concept><code value="function_dependent_ischaemia"/><display value="funktionsbetinget iskæmi, claudicatio intermittens"/></concept><concept><code value="chronic_ischaemia_rest_pain"/><display value="kronisk iskæmi - hvilesmerter"/></concept><concept><code value="chronic_ischaemia_wound"/><display value="kronisk iskæmi - sår"/></concept><concept><code value="chronic_ischaemia_gangrene"/><display value="kronisk iskæmi - gangræn"/></concept><concept><code value="hypertension_renovascular"/><display value="renovaskulær hypertension"/></concept><concept><code value="stroke"/><display value="stroke"/></concept><concept><code value="tos"/><display value="thoracic outlet syndrom (TOS)"/></concept><concept><code value="tia"/><display value="transitorisk iskæmisk attack (TIA)"/></concept><concept><code value="trauma"/><display value="traume"/></concept><concept><code value="thrombosis_vascular_reconstruction"/><display value="trombose af karrekonstruktion"/></concept><concept><code value="uremia"/><display value="uræmi"/></concept><concept><code value="varices"/><display value="varicer"/></concept><concept><code value="vasospasms"/><display value="vasospasme/ Raynaud"/></concept><concept><code value="venus_thrombosis"/><display value="venetrombose"/></concept><concept><code value="reconstruction_failure"/><display value="truende rekonstruktionssvigt"/></concept><concept><code value="permanent_central_venous_access"/><display value="permanent central venøs adgang"/></concept><concept><code value="wound_complication"/><display value="sårkomplikation"/></concept><concept><code value="fascial_rupture"/><display value="fascieruptur"/></concept><concept><code value="ileus"/><display value="ileus"/></concept><concept><code value="intestine_ischaemia"/><display value="tarmiskæmi"/></concept><concept><code value="aorto/prosthesis_intestinal_fistula"/><display value="aorto/protese-instestinal fistel"/></concept><concept><code value="prosthetic_infection"/><display value="proteseinfektion"/></concept><concept><code value="extremity_compartment"/><display value="ekstremittets kompartment"/></concept><concept><code value="prolonged_intubation"/><display value="langvarig intubation"/></concept><concept><code value="retroperitoneal_fibrosis"/><display value="retroperitoneal fibrose"/></concept><concept><code value="abdominal_compartment"/><display value="abdominal kompartment"/></concept><concept><code value="entrapment"/><display value="entrapment"/></concept><concept><code value="emergency_aortic_dissection"/><display value="akut aortadissektion"/></concept><concept><code value="chronic_aortic_dissection"/><display value="kronisk aortadissektion"/></concept><concept><code value="dissection_unspecified"/><display value="dissektion uden nærmere specifikation"/></concept></include><include><system value="https://kip.rkkp.dk/fhir/CodeSystem/GenericValues"/><concept><code value="other"/><display value="anden indikation"/></concept></include></compose></ValueSet>