<?xml version="1.0" encoding="UTF-8"?><ValueSet xmlns="http://hl7.org/fhir"><id value="ImplantatAnatomiskReverse"/><text><status value="extensions"/><div xmlns="http://www.w3.org/1999/xhtml"><p class="res-header-id"><b>Generated Narrative: ValueSet ImplantatAnatomiskReverse</b></p><a name="ImplantatAnatomiskReverse"> </a><a name="hcImplantatAnatomiskReverse"> </a><a name="ImplantatAnatomiskReverse-en-US"> </a><ul><li>Include these codes as defined in <a href="CodeSystem-ImplantComponents.html"><code>https://kip.rkkp.dk/fhir/CodeSystem/ImplantComponents</code></a><table class="none"><tr><td style="white-space:nowrap"><b>Code</b></td><td><b>Display</b></td><td><b>Definition</b></td></tr><tr><td><a href="CodeSystem-ImplantComponents.html#ImplantComponents-anatomic">anatomic</a></td><td>Anatomisk</td><td>Anatomic / Anatomisk / SNOMED-CT: 36298004</td></tr><tr><td><a href="CodeSystem-ImplantComponents.html#ImplantComponents-reverse">reverse</a></td><td>Reverse</td><td>Reverse</td></tr></table></li></ul></div></text><url value="https://kip.rkkp.dk/fhir/ValueSet/ImplantatAnatomiskReverse"/><version value="0.2.1"/><name value="ImplantatAnatomiskReverse"/><title value="Implantat - anatomisk/reverse"/><status value="active"/><experimental value="true"/><date value="2022-10-06T00:00:00+02:00"/><publisher value="Sundhedsvæsnets Kvalistetsinstitut with Trifork Digital Health A/S"/><contact><name value="Sundhedsvæsnets Kvalistetsinstitut with Trifork Digital Health A/S"/><telecom><system value="url"/><value value="https://trifork.com"/></telecom><telecom><system value="email"/><value value="rbk@trifork.com"/></telecom></contact><description value="Implantat - anatomisk/reverse"/><compose><include><system value="https://kip.rkkp.dk/fhir/CodeSystem/ImplantComponents"/><concept><code value="anatomic"/><display value="Anatomisk"/></concept><concept><code value="reverse"/><display value="Reverse"/></concept></include></compose></ValueSet>