<?xml version="1.0" encoding="UTF-8"?><ValueSet xmlns="http://hl7.org/fhir"><id value="ArtrosePlaceringDKR"/><text><status value="extensions"/><div xmlns="http://www.w3.org/1999/xhtml"><p class="res-header-id"><b>Generated Narrative: ValueSet ArtrosePlaceringDKR</b></p><a name="ArtrosePlaceringDKR"> </a><a name="hcArtrosePlaceringDKR"> </a><a name="ArtrosePlaceringDKR-en-US"> </a><ul><li>Include these codes as defined in <a href="CodeSystem-ArtrosePlacering.html"><code>https://kip.rkkp.dk/fhir/CodeSystem/ArtrosePlacering</code></a><table class="none"><tr><td style="white-space:nowrap"><b>Code</b></td><td><b>Display</b></td><td><b>Definition</b></td></tr><tr><td><a href="CodeSystem-ArtrosePlacering.html#ArtrosePlacering-hmedial">hmedial</a></td><td>Medial artrose</td><td>Medial artrose</td></tr><tr><td><a href="CodeSystem-ArtrosePlacering.html#ArtrosePlacering-lateral">lateral</a></td><td>Lateral artrose</td><td>Lateral artrose</td></tr><tr><td><a href="CodeSystem-ArtrosePlacering.html#ArtrosePlacering-patellofemoral">patellofemoral</a></td><td>Patellofemoral artrose</td><td>Patellofemoral artrose</td></tr><tr><td><a href="CodeSystem-ArtrosePlacering.html#ArtrosePlacering-2kammer">2kammer</a></td><td>2-kammer artrose</td><td>2-kammer artrose</td></tr><tr><td><a href="CodeSystem-ArtrosePlacering.html#ArtrosePlacering-3kammer">3kammer</a></td><td>3-kammer artrose</td><td>3-kammer artrose</td></tr></table></li></ul></div></text><url value="https://kip.rkkp.dk/fhir/ValueSet/ArtrosePlaceringDKR"/><version value="0.2.1"/><name value="ArtrosePlaceringDKR"/><title value="Artrose Placering (DKR)"/><status value="active"/><experimental value="true"/><date value="2023-12-19T00:00:00+02:00"/><publisher value="Sundhedsvæsnets Kvalistetsinstitut with Trifork Digital Health A/S"/><contact><name value="Sundhedsvæsnets Kvalistetsinstitut with Trifork Digital Health A/S"/><telecom><system value="url"/><value value="https://trifork.com"/></telecom><telecom><system value="email"/><value value="rbk@trifork.com"/></telecom></contact><description value="Artrose Placering (DKR)"/><compose><include><system value="https://kip.rkkp.dk/fhir/CodeSystem/ArtrosePlacering"/><concept><code value="hmedial"/><display value="Medial artrose"/></concept><concept><code value="lateral"/><display value="Lateral artrose"/></concept><concept><code value="patellofemoral"/><display value="Patellofemoral artrose"/></concept><concept><code value="2kammer"/><display value="2-kammer artrose"/></concept><concept><code value="3kammer"/><display value="3-kammer artrose"/></concept></include></compose></ValueSet>