<?xml version="1.0" encoding="UTF-8"?><ValueSet xmlns="http://hl7.org/fhir"><id value="LinerMedPostDKR"/><text><status value="generated"/><div xmlns="http://www.w3.org/1999/xhtml"><p class="res-header-id"><b>Generated Narrative: ValueSet LinerMedPostDKR</b></p><a name="LinerMedPostDKR"> </a><a name="hcLinerMedPostDKR"> </a><a name="LinerMedPostDKR-en-US"> </a><ul><li>Include these codes as defined in <a href="CodeSystem-KomponentLiner.html"><code>https://kip.rkkp.dk/fhir/CodeSystem/KomponentLiner</code></a><table class="none"><tr><td style="white-space:nowrap"><b>Code</b></td><td><b>Display</b></td></tr><tr><td><a href="CodeSystem-KomponentLiner.html#KomponentLiner-ps_traditional_ap">ps_traditional_ap</a></td><td>PS (traditionel PS post med AP constraint)</td></tr><tr><td><a href="CodeSystem-KomponentLiner.html#KomponentLiner-ps_rotating">ps_rotating</a></td><td>PS med roterende platform</td></tr><tr><td><a href="CodeSystem-KomponentLiner.html#KomponentLiner-ckk_VV">ckk_VV</a></td><td>CCK (Constrained Condylar - Post med VV og rotations constraint)</td></tr><tr><td><a href="CodeSystem-KomponentLiner.html#KomponentLiner-ckk_rotating">ckk_rotating</a></td><td>CCK med roterende platform</td></tr><tr><td><a href="CodeSystem-KomponentLiner.html#KomponentLiner-bi_cs">bi_cs</a></td><td>Bi-CS: bicruciate substituting (forreste og bageste korsbånd ofres og substitueres med post og 2 cams)</td></tr></table></li></ul></div></text><url value="https://kip.rkkp.dk/fhir/ValueSet/LinerMedPostDKR"/><version value="0.2.1"/><name value="LinerMedPostDKR"/><title value="Liner komponent med Post (DKR)"/><status value="active"/><experimental value="true"/><date value="2023-12-18T00:00:00+02:00"/><publisher value="Sundhedsvæsnets Kvalistetsinstitut with Trifork Digital Health A/S"/><contact><name value="Sundhedsvæsnets Kvalistetsinstitut with Trifork Digital Health A/S"/><telecom><system value="url"/><value value="https://trifork.com"/></telecom><telecom><system value="email"/><value value="rbk@trifork.com"/></telecom></contact><description value="Liner komponent med Post (DKR)"/><compose><include><system value="https://kip.rkkp.dk/fhir/CodeSystem/KomponentLiner"/><concept><code value="ps_traditional_ap"/><display value="PS (traditionel PS post med AP constraint)"/></concept><concept><code value="ps_rotating"/><display value="PS med roterende platform"/></concept><concept><code value="ckk_VV"/><display value="CCK (Constrained Condylar - Post med VV og rotations constraint)"/></concept><concept><code value="ckk_rotating"/><display value="CCK med roterende platform"/></concept><concept><code value="bi_cs"/><display value="Bi-CS: bicruciate substituting (forreste og bageste korsbånd ofres og substitueres med post og 2 cams)"/></concept></include></compose></ValueSet>