<?xml version="1.0" encoding="UTF-8"?><ValueSet xmlns="http://hl7.org/fhir"><id value="MedicinDANARREST"/><text><status value="extensions"/><div xmlns="http://www.w3.org/1999/xhtml"><p class="res-header-id"><b>Generated Narrative: ValueSet MedicinDANARREST</b></p><a name="MedicinDANARREST"> </a><a name="hcMedicinDANARREST"> </a><a name="MedicinDANARREST-en-US"> </a><ul><li>Include these codes as defined in <a href="CodeSystem-MedicinDANARREST.html"><code>https://kip.rkkp.dk/fhir/CodeSystem/MedicinDANARREST</code></a><table class="none"><tr><td style="white-space:nowrap"><b>Code</b></td><td><b>Display</b></td><td><b>Definition</b></td></tr><tr><td><a href="CodeSystem-MedicinDANARREST.html#MedicinDANARREST-adrenalin">adrenalin</a></td><td>Adrenalin</td><td>Adrenalin</td></tr><tr><td><a href="CodeSystem-MedicinDANARREST.html#MedicinDANARREST-amiodaron">amiodaron</a></td><td>Amiodaron</td><td>Amiodaron</td></tr></table></li></ul></div></text><url value="https://kip.rkkp.dk/fhir/ValueSet/MedicinDANARREST"/><version value="0.2.1"/><name value="MedicinDANARREST"/><title value="Medicin givet ved hjertestop"/><status value="active"/><experimental value="true"/><date value="2022-06-29T00:00:00+02:00"/><publisher value="Sundhedsvæsnets Kvalistetsinstitut with Trifork Digital Health A/S"/><contact><name value="Sundhedsvæsnets Kvalistetsinstitut with Trifork Digital Health A/S"/><telecom><system value="url"/><value value="https://trifork.com"/></telecom><telecom><system value="email"/><value value="rbk@trifork.com"/></telecom></contact><description value="Mediciin givet ved behandling i DANARREST specialet"/><compose><include><system value="https://kip.rkkp.dk/fhir/CodeSystem/MedicinDANARREST"/><concept><code value="adrenalin"/><display value="Adrenalin"/></concept><concept><code value="amiodaron"/><display value="Amiodaron"/></concept></include></compose></ValueSet>