<?xml version="1.0" encoding="UTF-8"?><ValueSet xmlns="http://hl7.org/fhir"><id value="UdredningKliniskGenetisk"/><text><status value="extensions"/><div xmlns="http://www.w3.org/1999/xhtml"><p class="res-header-id"><b>Generated Narrative: ValueSet UdredningKliniskGenetisk</b></p><a name="UdredningKliniskGenetisk"> </a><a name="hcUdredningKliniskGenetisk"> </a><a name="UdredningKliniskGenetisk-en-US"> </a><ul><li>Include these codes as defined in <a href="CodeSystem-AssessmentType.html"><code>https://kip.rkkp.dk/fhir/CodeSystem/AssessmentType</code></a><table class="none"><tr><td style="white-space:nowrap"><b>Code</b></td><td><b>Display</b></td><td><b>Definition</b></td></tr><tr><td><a href="CodeSystem-AssessmentType.html#AssessmentType-clinical">clinical</a></td><td>Klinisk udredning</td><td>Clinical / Klinisk / SNOMED-CT: 58147004</td></tr><tr><td><a href="CodeSystem-AssessmentType.html#AssessmentType-genetic_counseling">genetic_counseling</a></td><td>Genetisk rådgivning/udredning</td><td>Genetic counseling / Genetisk rådgivning / SNOMED-CT: 79841006</td></tr></table></li></ul></div></text><url value="https://kip.rkkp.dk/fhir/ValueSet/UdredningKliniskGenetisk"/><version value="0.2.1"/><name value="UdredningKliniskGenetisk"/><title value="Udredning - Klinisk/genetisk"/><status value="active"/><experimental value="true"/><date value="2022-07-19T00:00:00+02:00"/><publisher value="Sundhedsvæsnets Kvalistetsinstitut with Trifork Digital Health A/S"/><contact><name value="Sundhedsvæsnets Kvalistetsinstitut with Trifork Digital Health A/S"/><telecom><system value="url"/><value value="https://trifork.com"/></telecom><telecom><system value="email"/><value value="rbk@trifork.com"/></telecom></contact><description value="Udredning - Klinisk/genetisk"/><compose><include><system value="https://kip.rkkp.dk/fhir/CodeSystem/AssessmentType"/><concept><code value="clinical"/><display value="Klinisk udredning"/></concept><concept><code value="genetic_counseling"/><display value="Genetisk rådgivning/udredning"/></concept></include></compose></ValueSet>