<?xml version="1.0" encoding="UTF-8"?><ValueSet xmlns="http://hl7.org/fhir"><id value="Transplantation1"/><text><status value="extensions"/><div xmlns="http://www.w3.org/1999/xhtml"><p class="res-header-id"><b>Generated Narrative: ValueSet Transplantation1</b></p><a name="Transplantation1"> </a><a name="hcTransplantation1"> </a><a name="Transplantation1-en-US"> </a><ul><li>Include these codes as defined in <a href="CodeSystem-SKS.html"><code>https://kip.rkkp.dk/fhir/CodeSystem/SKS</code></a><table class="none"><tr><td style="white-space:nowrap"><b>Code</b></td><td><b>Display</b></td><td><b>Definition</b></td></tr><tr><td><a href="CodeSystem-SKS.html#SKS-BOQF0">BOQF0</a></td><td>Autolog</td><td>BOQF0 - Autolog knoglemarvstransplantation</td></tr><tr><td><a href="CodeSystem-SKS.html#SKS-BOQF1">BOQF1</a></td><td>Konventionel Allogen</td><td>BOQF1 - Allogen knoglemarvstransplantation</td></tr><tr><td><a href="CodeSystem-SKS.html#SKS-BOQF2">BOQF2</a></td><td>Mini-Allogen</td><td>BOQF2 - Non myeloablativ knoglemarvstransplantation (mini-KMT)</td></tr></table></li></ul></div></text><url value="https://kip.rkkp.dk/fhir/ValueSet/Transplantation1"/><version value="0.2.1"/><name value="Transplantation1"/><title value="Transplantation uden svarmuligheden Ingen transplantation"/><status value="active"/><experimental value="true"/><date value="2022-09-26T00:00:00+02:00"/><publisher value="Sundhedsvæsnets Kvalistetsinstitut with Trifork Digital Health A/S"/><contact><name value="Sundhedsvæsnets Kvalistetsinstitut with Trifork Digital Health A/S"/><telecom><system value="url"/><value value="https://trifork.com"/></telecom><telecom><system value="email"/><value value="rbk@trifork.com"/></telecom></contact><description value="Er en Transplantation udført"/><compose><include><system value="https://kip.rkkp.dk/fhir/CodeSystem/SKS"/><concept><code value="BOQF0"/><display value="Autolog"/></concept><concept><code value="BOQF1"/><display value="Konventionel Allogen"/></concept><concept><code value="BOQF2"/><display value="Mini-Allogen"/></concept></include></compose></ValueSet>