<?xml version="1.0" encoding="UTF-8"?><ValueSet xmlns="http://hl7.org/fhir"><id value="DiagnosetypeDPD"/><text><status value="extensions"/><div xmlns="http://www.w3.org/1999/xhtml"><p class="res-header-id"><b>Generated Narrative: ValueSet DiagnosetypeDPD</b></p><a name="DiagnosetypeDPD"> </a><a name="hcDiagnosetypeDPD"> </a><a name="DiagnosetypeDPD-en-US"> </a><ul><li>Include these codes as defined in <a href="CodeSystem-SKSCodeCollection.html"><code>https://kip.rkkp.dk/fhir/CodeSystem/SKSCodeCollection</code></a><table class="none"><tr><td style="white-space:nowrap"><b>Code</b></td><td><b>Display</b></td><td><b>Definition</b></td></tr><tr><td><a href="CodeSystem-SKSCodeCollection.html#SKSCodeCollection-cancer_diseases">cancer_diseases</a></td><td>Kræft</td><td>Kræft sygdomme</td></tr><tr><td><a href="CodeSystem-SKSCodeCollection.html#SKSCodeCollection-non_cancer_diseases">non_cancer_diseases</a></td><td>Ikke-kræft</td><td>Ikke kræft</td></tr></table></li></ul></div></text><url value="https://kip.rkkp.dk/fhir/ValueSet/DiagnosetypeDPD"/><version value="0.2.1"/><name value="DiagnosetypeDPD"/><title value="Diagnosetype - DPD"/><status value="active"/><experimental value="true"/><date value="2022-08-25T00:00:00+02:00"/><publisher value="Sundhedsvæsnets Kvalistetsinstitut with Trifork Digital Health A/S"/><contact><name value="Sundhedsvæsnets Kvalistetsinstitut with Trifork Digital Health A/S"/><telecom><system value="url"/><value value="https://trifork.com"/></telecom><telecom><system value="email"/><value value="rbk@trifork.com"/></telecom></contact><description value="Diagnosetype - DPD"/><compose><include><system value="https://kip.rkkp.dk/fhir/CodeSystem/SKSCodeCollection"/><concept><code value="cancer_diseases"/><display value="Kræft"/></concept><concept><code value="non_cancer_diseases"/><display value="Ikke-kræft"/></concept></include></compose></ValueSet>