<?xml version="1.0" encoding="UTF-8"?><ValueSet xmlns="http://hl7.org/fhir"><id value="FemurKnogletabKlassifikationDHR"/><text><status value="extensions"/><div xmlns="http://www.w3.org/1999/xhtml"><p class="res-header-id"><b>Generated Narrative: ValueSet FemurKnogletabKlassifikationDHR</b></p><a name="FemurKnogletabKlassifikationDHR"> </a><a name="hcFemurKnogletabKlassifikationDHR"> </a><a name="FemurKnogletabKlassifikationDHR-en-US"> </a><ul><li>Include these codes as defined in <a href="CodeSystem-BoneLossAcetabulumFemurClassification.html"><code>https://kip.rkkp.dk/fhir/CodeSystem/BoneLossAcetabulumFemurClassification</code></a><table class="none"><tr><td style="white-space:nowrap"><b>Code</b></td><td><b>Display</b></td><td><b>Definition</b></td></tr><tr><td><a href="CodeSystem-BoneLossAcetabulumFemurClassification.html#BoneLossAcetabulumFemurClassification-femur_type_1">femur_type_1</a></td><td>Type I</td><td>Type I: Intet væsentligt knogletab</td></tr><tr><td><a href="CodeSystem-BoneLossAcetabulumFemurClassification.html#BoneLossAcetabulumFemurClassification-femur_type_2">femur_type_2</a></td><td>Type II</td><td>Type II: Contained knogletab med cortikal udtynding</td></tr><tr><td><a href="CodeSystem-BoneLossAcetabulumFemurClassification.html#BoneLossAcetabulumFemurClassification-femur_type_3">femur_type_3</a></td><td>Type III</td><td>Type III: Ikke contained knogletab involverende calcar og trochanter minor med perforation af cortex</td></tr><tr><td><a href="CodeSystem-BoneLossAcetabulumFemurClassification.html#BoneLossAcetabulumFemurClassification-femur_type_4">femur_type_4</a></td><td>Type IV</td><td>Type IV: Ikke contained knogletab gående ned i diafysen</td></tr><tr><td><a href="CodeSystem-BoneLossAcetabulumFemurClassification.html#BoneLossAcetabulumFemurClassification-femur_type_5">femur_type_5</a></td><td>Type V</td><td>Type V: Fraktur omkring femurstemmet med circumferentielt knogletab svarende til type IV</td></tr><tr><td><a href="CodeSystem-BoneLossAcetabulumFemurClassification.html#BoneLossAcetabulumFemurClassification-femur_type_6">femur_type_6</a></td><td>Type VI</td><td>Type VI: Fraktur omkring femurstemmet med knogletab svarende til type I-III</td></tr></table></li></ul></div></text><url value="https://kip.rkkp.dk/fhir/ValueSet/FemurKnogletabKlassifikationDHR"/><version value="0.2.1"/><name value="FemurKnogletabKlassifikationDHR"/><title value="Femur knogletab klassifikation (DHR)"/><status value="active"/><experimental value="true"/><date value="2022-11-08T00:00:00+02:00"/><publisher value="Sundhedsvæsnets Kvalistetsinstitut with Trifork Digital Health A/S"/><contact><name value="Sundhedsvæsnets Kvalistetsinstitut with Trifork Digital Health A/S"/><telecom><system value="url"/><value value="https://trifork.com"/></telecom><telecom><system value="email"/><value value="rbk@trifork.com"/></telecom></contact><description value="Femur knogletab klassifikation (DHR)"/><compose><include><system value="https://kip.rkkp.dk/fhir/CodeSystem/BoneLossAcetabulumFemurClassification"/><concept><code value="femur_type_1"/><display value="Type I"/></concept><concept><code value="femur_type_2"/><display value="Type II"/></concept><concept><code value="femur_type_3"/><display value="Type III"/></concept><concept><code value="femur_type_4"/><display value="Type IV"/></concept><concept><code value="femur_type_5"/><display value="Type V"/></concept><concept><code value="femur_type_6"/><display value="Type VI"/></concept></include></compose></ValueSet>