<?xml version="1.0" encoding="UTF-8"?><ValueSet xmlns="http://hl7.org/fhir"><id value="HarrisHipScoreTrappegang"/><text><status value="extensions"/><div xmlns="http://www.w3.org/1999/xhtml"><p class="res-header-id"><b>Generated Narrative: ValueSet HarrisHipScoreTrappegang</b></p><a name="HarrisHipScoreTrappegang"> </a><a name="hcHarrisHipScoreTrappegang"> </a><a name="HarrisHipScoreTrappegang-en-US"> </a><ul><li>Include these codes as defined in <a href="CodeSystem-HarrisHipScoreStairs.html"><code>https://kip.rkkp.dk/fhir/CodeSystem/HarrisHipScoreStairs</code></a><table class="none"><tr><td style="white-space:nowrap"><b>Code</b></td><td><b>Display</b></td><td><b>Definition</b></td></tr><tr><td><a href="CodeSystem-HarrisHipScoreStairs.html#HarrisHipScoreStairs-4">4</a></td><td>Bruger ikke gelænderet</td><td>Normally without using a railing (4)</td></tr><tr><td><a href="CodeSystem-HarrisHipScoreStairs.html#HarrisHipScoreStairs-2">2</a></td><td>Bruger gelænderet</td><td>Normally using a railing (2)</td></tr><tr><td><a href="CodeSystem-HarrisHipScoreStairs.html#HarrisHipScoreStairs-1">1</a></td><td>Yderst besværligt</td><td>In any manner (1)</td></tr><tr><td><a href="CodeSystem-HarrisHipScoreStairs.html#HarrisHipScoreStairs-0">0</a></td><td>Kan ikke</td><td>Unable to do stairs (0)</td></tr></table></li></ul></div></text><url value="https://kip.rkkp.dk/fhir/ValueSet/HarrisHipScoreTrappegang"/><version value="0.2.1"/><name value="HarrisHipScoreTrappegang"/><title value="Harris Hip Score - Trappegang"/><status value="active"/><experimental value="true"/><date value="2022-11-15T00:00:00+02:00"/><publisher value="Sundhedsvæsnets Kvalistetsinstitut with Trifork Digital Health A/S"/><contact><name value="Sundhedsvæsnets Kvalistetsinstitut with Trifork Digital Health A/S"/><telecom><system value="url"/><value value="https://trifork.com"/></telecom><telecom><system value="email"/><value value="rbk@trifork.com"/></telecom></contact><description value="Harris Hip Score - Trappegang"/><compose><include><system value="https://kip.rkkp.dk/fhir/CodeSystem/HarrisHipScoreStairs"/><concept><code value="4"/><display value="Bruger ikke gelænderet"/></concept><concept><code value="2"/><display value="Bruger gelænderet"/></concept><concept><code value="1"/><display value="Yderst besværligt"/></concept><concept><code value="0"/><display value="Kan ikke"/></concept></include></compose></ValueSet>