<?xml version="1.0" encoding="UTF-8"?><ValueSet xmlns="http://hl7.org/fhir"><id value="GlenoidalkomponentSupplerendeDSR"/><text><status value="extensions"/><div xmlns="http://www.w3.org/1999/xhtml"><p class="res-header-id"><b>Generated Narrative: ValueSet GlenoidalkomponentSupplerendeDSR</b></p><a name="GlenoidalkomponentSupplerendeDSR"> </a><a name="hcGlenoidalkomponentSupplerendeDSR"> </a><a name="GlenoidalkomponentSupplerendeDSR-en-US"> </a><p>This value set includes codes based on the following rules:</p><ul><li>Include these codes as defined in <a href="CodeSystem-ImplantComponents.html"><code>https://kip.rkkp.dk/fhir/CodeSystem/ImplantComponents</code></a><table class="none"><tr><td style="white-space:nowrap"><b>Code</b></td><td><b>Display</b></td><td><b>Definition</b></td></tr><tr><td><a href="CodeSystem-ImplantComponents.html#ImplantComponents-polyethylene_cool">polyethylene_cool</a></td><td>Polyethylen køl</td><td>Polyethylen køl</td></tr><tr><td><a href="CodeSystem-ImplantComponents.html#ImplantComponents-polyethylene_pegs">polyethylene_pegs</a></td><td>Polyethylen pegs</td><td>Polyethylen pegs</td></tr><tr><td><a href="CodeSystem-ImplantComponents.html#ImplantComponents-metal_pegs">metal_pegs</a></td><td>Metal pegs</td><td>Metal pegs</td></tr><tr><td><a href="CodeSystem-ImplantComponents.html#ImplantComponents-screws">screws</a></td><td>Skruer</td><td>Skruer</td></tr><tr><td><a href="CodeSystem-ImplantComponents.html#ImplantComponents-augmented">augmented</a></td><td>Augmented</td><td>Augmented</td></tr></table></li><li>Include these codes as defined in <a href="CodeSystem-GenericValues.html"><code>https://kip.rkkp.dk/fhir/CodeSystem/GenericValues</code></a><table class="none"><tr><td style="white-space:nowrap"><b>Code</b></td><td><b>Display</b></td><td><b>Definition</b></td></tr><tr><td><a href="CodeSystem-GenericValues.html#GenericValues-other">other</a></td><td>Andet</td><td>Other - used to choose unspecific value not in a valueset</td></tr></table></li></ul></div></text><url value="https://kip.rkkp.dk/fhir/ValueSet/GlenoidalkomponentSupplerendeDSR"/><version value="0.2.1"/><name value="GlenoidalkomponentSupplerendeDSR"/><title value="Glenoidalkomponent - supplerende (DSR)"/><status value="active"/><experimental value="true"/><date value="2022-10-06T00:00:00+02:00"/><publisher value="Sundhedsvæsnets Kvalistetsinstitut with Trifork Digital Health A/S"/><contact><name value="Sundhedsvæsnets Kvalistetsinstitut with Trifork Digital Health A/S"/><telecom><system value="url"/><value value="https://trifork.com"/></telecom><telecom><system value="email"/><value value="rbk@trifork.com"/></telecom></contact><description value="Glenoidalkomponent - supplerende (DSR)"/><compose><include><system value="https://kip.rkkp.dk/fhir/CodeSystem/ImplantComponents"/><concept><code value="polyethylene_cool"/><display value="Polyethylen køl"/></concept><concept><code value="polyethylene_pegs"/><display value="Polyethylen pegs"/></concept><concept><code value="metal_pegs"/><display value="Metal pegs"/></concept><concept><code value="screws"/><display value="Skruer"/></concept><concept><code value="augmented"/><display value="Augmented"/></concept></include><include><system value="https://kip.rkkp.dk/fhir/CodeSystem/GenericValues"/><concept><code value="other"/><display value="Andet"/></concept></include></compose></ValueSet>