<?xml version="1.0" encoding="UTF-8"?><ValueSet xmlns="http://hl7.org/fhir"><id value="KomponentTibiaDKR"/><text><status value="extensions"/><div xmlns="http://www.w3.org/1999/xhtml"><p class="res-header-id"><b>Generated Narrative: ValueSet KomponentTibiaDKR</b></p><a name="KomponentTibiaDKR"> </a><a name="hcKomponentTibiaDKR"> </a><a name="KomponentTibiaDKR-en-US"> </a><p>This value set includes codes based on the following rules:</p><ul><li>Include these codes as defined in <a href="CodeSystem-KneeJointArthroplastyComponent.html"><code>https://kip.rkkp.dk/fhir/CodeSystem/KneeJointArthroplastyComponent</code></a><table class="none"><tr><td style="white-space:nowrap"><b>Code</b></td><td><b>Display</b></td><td><b>Definition</b></td></tr><tr><td><a href="CodeSystem-KneeJointArthroplastyComponent.html#KneeJointArthroplastyComponent-johnson.38johnson_attune_fb">johnson&amp;johnson_attune_fb</a></td><td>Johnson &amp; Johnson: Attune FB</td><td>Johnson &amp; Johnson: Attune FB (Tibia)</td></tr><tr><td><a href="CodeSystem-KneeJointArthroplastyComponent.html#KneeJointArthroplastyComponent-johnson.38johnson_attune_fixed_crs">johnson&amp;johnson_attune_fixed_crs</a></td><td>Johnson &amp; Johnson: Attune Fixed CRS (Constrained Revision System)</td><td>Johnson &amp; Johnson: Attune Fixed CRS (Constrained Revision System) (Tibia)</td></tr><tr><td><a href="CodeSystem-KneeJointArthroplastyComponent.html#KneeJointArthroplastyComponent-johnson.38johnson_attune_mbt_crs">johnson&amp;johnson_attune_mbt_crs</a></td><td>Johnson &amp; Johnson: Attune Revision Tibial Base Rotating Platform</td><td>Johnson &amp; Johnson: Attune Revision Tibial Base Rotating Platform (Tibia)</td></tr><tr><td><a href="CodeSystem-KneeJointArthroplastyComponent.html#KneeJointArthroplastyComponent-johnson.38johnson_attune_rotation_platfom">johnson&amp;johnson_attune_rotation_platfom</a></td><td>Johnson &amp; Johnson: Attune Rotation Platfom</td><td>Johnson &amp; Johnson: Attune Rotation Platfom (Tibia)</td></tr><tr><td><a href="CodeSystem-KneeJointArthroplastyComponent.html#KneeJointArthroplastyComponent-johnson.38johnson_pfc_cruciate_substituting">johnson&amp;johnson_pfc_cruciate_substituting</a></td><td>Johnson &amp; Johnson: PFC Crusiate-Substituting</td><td>Johnson &amp; Johnson: PFC Crusiate-Substituting (Tibia)</td></tr><tr><td><a href="CodeSystem-KneeJointArthroplastyComponent.html#KneeJointArthroplastyComponent-johnson.38johnson_pfc_modular">johnson&amp;johnson_pfc_modular</a></td><td>Johnson &amp; Johnson: PFC Modular</td><td>Johnson &amp; Johnson: PFC Modular (Tibia)</td></tr><tr><td><a href="CodeSystem-KneeJointArthroplastyComponent.html#KneeJointArthroplastyComponent-johnson.38johnson_pfc_sigma_all_poly">johnson&amp;johnson_pfc_sigma_all_poly</a></td><td>Johnson &amp; Johnson: PFC Sigma All-Poly</td><td>Johnson &amp; Johnson: PFC Sigma All-Poly (Tibia)</td></tr><tr><td><a href="CodeSystem-KneeJointArthroplastyComponent.html#KneeJointArthroplastyComponent-johnson.38johnson_pfc_sigma_cruciate_retaining">johnson&amp;johnson_pfc_sigma_cruciate_retaining</a></td><td>Johnson &amp; Johnson: PFC Sigma Cruciate-Retaining</td><td>Johnson &amp; Johnson: PFC Sigma Cruciate-Retaining (Femur + Tibia)</td></tr><tr><td><a href="CodeSystem-KneeJointArthroplastyComponent.html#KneeJointArthroplastyComponent-johnson.38johnson_pfc_sigma_ps">johnson&amp;johnson_pfc_sigma_ps</a></td><td>Johnson &amp; Johnson: PFC Sigma PS</td><td>Johnson &amp; Johnson: PFC Sigma PS (Tibia)</td></tr><tr><td><a href="CodeSystem-KneeJointArthroplastyComponent.html#KneeJointArthroplastyComponent-johnson.38johnson_pfc_sigma_revision_tc3">johnson&amp;johnson_pfc_sigma_revision_tc3</a></td><td>Johnson &amp; Johnson: PFC Sigma Revision and TC3</td><td>Johnson &amp; Johnson: PFC Sigma Revision and TC3 (Tibia)</td></tr><tr><td><a href="CodeSystem-KneeJointArthroplastyComponent.html#KneeJointArthroplastyComponent-johnson.38johnson_pfc_sigma_rotating_platform">johnson&amp;johnson_pfc_sigma_rotating_platform</a></td><td>Johnson &amp; Johnson: PFC Sigma Rotating Platform</td><td>Johnson &amp; Johnson: PFC Sigma Rotating Platform (Tibia)</td></tr><tr><td><a href="CodeSystem-KneeJointArthroplastyComponent.html#KneeJointArthroplastyComponent-johnson.38johnson_pfc_sigma_rp_stabilized">johnson&amp;johnson_pfc_sigma_rp_stabilized</a></td><td>Johnson &amp; Johnson: PFC Sigma RP Stabilized</td><td>Johnson &amp; Johnson: PFC Sigma RP Stabilized (Tibia)</td></tr><tr><td><a href="CodeSystem-KneeJointArthroplastyComponent.html#KneeJointArthroplastyComponent-johnson.38johnson_pfc_standard">johnson&amp;johnson_pfc_standard</a></td><td>Johnson &amp; Johnson: PFC Standard</td><td>Johnson &amp; Johnson: PFC Standard (Tibia)</td></tr><tr><td><a href="CodeSystem-KneeJointArthroplastyComponent.html#KneeJointArthroplastyComponent-depuy_sigma_hp_partiel_knee">depuy_sigma_hp_partiel_knee</a></td><td>Johnson &amp; Johnson: DePuy Sigma HP partial knee</td><td>DePuy: Sigma HP partial knee (Femur + Tibia)</td></tr><tr><td><a href="CodeSystem-KneeJointArthroplastyComponent.html#KneeJointArthroplastyComponent-sigma_hp_partiel_knee_modular">sigma_hp_partiel_knee_modular</a></td><td>Johnson &amp; Johnson: Sigma HP Partial Knee modular</td><td>Johnson &amp; Johnson: Sigma HP Partial Knee modular (Tibia)</td></tr><tr><td><a href="CodeSystem-KneeJointArthroplastyComponent.html#KneeJointArthroplastyComponent-johnson.38johnson_s_rom_noiles">johnson&amp;johnson_s_rom_noiles</a></td><td>Johnson &amp; Johnson: S-ROM Noiles</td><td>Johnson &amp; Johnson: S-ROM Noiles (Femur + Tibia)</td></tr><tr><td><a href="CodeSystem-KneeJointArthroplastyComponent.html#KneeJointArthroplastyComponent-physica_cr">physica_cr</a></td><td>Lima: Physica CR</td><td>Lima: Physica CR (Femur + Tibia)</td></tr><tr><td><a href="CodeSystem-KneeJointArthroplastyComponent.html#KneeJointArthroplastyComponent-physica_kr">physica_kr</a></td><td>Lima: Physica KR</td><td>Lima: Physica KR (Femur + Tibia)</td></tr><tr><td><a href="CodeSystem-KneeJointArthroplastyComponent.html#KneeJointArthroplastyComponent-physica_ps">physica_ps</a></td><td>Lima: Physica PS</td><td>Lima: Physica PS (Femur + Tibia)</td></tr><tr><td><a href="CodeSystem-KneeJointArthroplastyComponent.html#KneeJointArthroplastyComponent-link_endo_model_rotational">link_endo_model_rotational</a></td><td>LINK: Endo-Model Rotational</td><td>LINK: Endo-Model Rotational (Femur + Tibia)</td></tr><tr><td><a href="CodeSystem-KneeJointArthroplastyComponent.html#KneeJointArthroplastyComponent-link_endo_model_total_hinge">link_endo_model_total_hinge</a></td><td>LINK: Endo-Model Total Hinge</td><td>LINK: Endo-Model Total Hinge (Femur + Tibia)</td></tr><tr><td><a href="CodeSystem-KneeJointArthroplastyComponent.html#KneeJointArthroplastyComponent-link_tack_cementless">link_tack_cementless</a></td><td>LINK: TACK Cementless</td><td>LINK: TACK Cementless (Femur + Tibia)</td></tr><tr><td><a href="CodeSystem-KneeJointArthroplastyComponent.html#KneeJointArthroplastyComponent-osteonics_7000_all_poly">osteonics_7000_all_poly</a></td><td>Osteonics: All Poly</td><td>Osteonics: All Poly (Tibia)</td></tr><tr><td><a href="CodeSystem-KneeJointArthroplastyComponent.html#KneeJointArthroplastyComponent-smith.38nephew_genesis_all_poly">smith&amp;nephew_genesis_all_poly</a></td><td>Smith &amp; Nephew: Genesis II All-Poly</td><td>Smith &amp; Nephew: Genesis All-Poly (Tibia)</td></tr><tr><td><a href="CodeSystem-KneeJointArthroplastyComponent.html#KneeJointArthroplastyComponent-stryker_gmrs">stryker_gmrs</a></td><td>Stryker: GMRS</td><td>Stryker: GMRS (Femur + Tibia)</td></tr><tr><td><a href="CodeSystem-KneeJointArthroplastyComponent.html#KneeJointArthroplastyComponent-stryker_modular_rotating_hinge">stryker_modular_rotating_hinge</a></td><td>Stryker: Modular Rotation Hinge</td><td>Stryker: Modular Rotating Hinge (Femur + Tibia)</td></tr><tr><td><a href="CodeSystem-KneeJointArthroplastyComponent.html#KneeJointArthroplastyComponent-stryker_restoris_medial_uni">stryker_restoris_medial_uni</a></td><td>Stryker: Restoris Medial Uni</td><td>Stryker: Restoris Medial Uni</td></tr><tr><td><a href="CodeSystem-KneeJointArthroplastyComponent.html#KneeJointArthroplastyComponent-stryker_restoris_lateral_uni">stryker_restoris_lateral_uni</a></td><td>Stryker: Restoris Lateral Uni</td><td>Stryker: Restoris Lateral Uni</td></tr><tr><td><a href="CodeSystem-KneeJointArthroplastyComponent.html#KneeJointArthroplastyComponent-stryker_scorpio_all_poly">stryker_scorpio_all_poly</a></td><td>Stryker: Scorpio All Poly</td><td>Stryker: Scorpio All Poly (Tibia)</td></tr><tr><td><a href="CodeSystem-KneeJointArthroplastyComponent.html#KneeJointArthroplastyComponent-stryker_triathlon">stryker_triathlon</a></td><td>Stryker: Triathlon</td><td>Stryker: Triathlon (Tibia)</td></tr><tr><td><a href="CodeSystem-KneeJointArthroplastyComponent.html#KneeJointArthroplastyComponent-stryker_triathlon_all_poly">stryker_triathlon_all_poly</a></td><td>Stryker: Triathlon All Poly</td><td>Stryker: Triathlon All Poly (Tibia)</td></tr><tr><td><a href="CodeSystem-KneeJointArthroplastyComponent.html#KneeJointArthroplastyComponent-stryker_thriathlon_pkr">stryker_thriathlon_pkr</a></td><td>Stryker: Triathlon PKR</td><td>Stryker: Triathlon PKR (Femur + Tibia)</td></tr><tr><td><a href="CodeSystem-KneeJointArthroplastyComponent.html#KneeJointArthroplastyComponent-stryker_thriathlon_ts">stryker_thriathlon_ts</a></td><td>Stryker: Triathlon TS</td><td>Stryker: Triathlon TS (Femur + Tibia)</td></tr><tr><td><a href="CodeSystem-KneeJointArthroplastyComponent.html#KneeJointArthroplastyComponent-stryker_triathlon_universal">stryker_triathlon_universal</a></td><td>Stryker: Triathlon Universal</td><td>Stryker: Triathlon Universal (Tibia)</td></tr><tr><td><a href="CodeSystem-KneeJointArthroplastyComponent.html#KneeJointArthroplastyComponent-biomet_agc_v2">biomet_agc_v2</a></td><td>Zimmer Biomet: AGC V2</td><td>Zimmer Biomet: AGC V2 (Tibia)</td></tr><tr><td><a href="CodeSystem-KneeJointArthroplastyComponent.html#KneeJointArthroplastyComponent-biomet_tibia_offset_tray">biomet_tibia_offset_tray</a></td><td>Zimmer Biomet: Tibia Offset Tray</td><td>Biomet: Tibia Offset Tray (Tibia)</td></tr><tr><td><a href="CodeSystem-KneeJointArthroplastyComponent.html#KneeJointArthroplastyComponent-zimmer_nexgen_cr">zimmer_nexgen_cr</a></td><td>Zimmer Biomet: NexGen CR</td><td>Zimmer Biomet: NexGen CR (Femur + Tibia)</td></tr><tr><td><a href="CodeSystem-KneeJointArthroplastyComponent.html#KneeJointArthroplastyComponent-zimmer_nexgen_cr_flex">zimmer_nexgen_cr_flex</a></td><td>Zimmer Biomet: NexGen CR Flex</td><td>Zimmer: NexGen CR Flex (Femur + Tibia)</td></tr><tr><td><a href="CodeSystem-KneeJointArthroplastyComponent.html#KneeJointArthroplastyComponent-zimmer_nexgen_cr_modular_tmt">zimmer_nexgen_cr_modular_tmt</a></td><td>Zimmer Biomet: NexGen CR modulær TMT</td><td>Zimmer Biomet: NexGen CR modulær TMT (Tibia)</td></tr><tr><td><a href="CodeSystem-KneeJointArthroplastyComponent.html#KneeJointArthroplastyComponent-zimmer_nexgen_cr_monoblock_tmt">zimmer_nexgen_cr_monoblock_tmt</a></td><td>Zimmer Biomet: NexGen CR Munoblok, TMT</td><td>Zimmer Biomet: NexGen CR Monoblok, TMT (Tibia)</td></tr><tr><td><a href="CodeSystem-KneeJointArthroplastyComponent.html#KneeJointArthroplastyComponent-zimmer_nexgen_lcck">zimmer_nexgen_lcck</a></td><td>Zimmer Biomet: NexGen LCCK</td><td>Zimmer Biomet: NexGen LCCK (Femur + Tibia)</td></tr><tr><td><a href="CodeSystem-KneeJointArthroplastyComponent.html#KneeJointArthroplastyComponent-zimmer_nexgen_lps">zimmer_nexgen_lps</a></td><td>Zimmer Biomet: NexGen LPS</td><td>Zimmer Biomet: NexGen LPS (Femur + Tibia)</td></tr><tr><td><a href="CodeSystem-KneeJointArthroplastyComponent.html#KneeJointArthroplastyComponent-zimmer_nexgen_lps_flex">zimmer_nexgen_lps_flex</a></td><td>Zimmer Biomet: NexGen LPS Flex</td><td>Zimmer Biomet: NexGen LPS Flex (Femur + Tibia)</td></tr><tr><td><a href="CodeSystem-KneeJointArthroplastyComponent.html#KneeJointArthroplastyComponent-zimmer_nexgen_lps_modular_tmt">zimmer_nexgen_lps_modular_tmt</a></td><td>Zimmer Biomet: NexGen LPS Modulær TMT</td><td>Zimmer Biomet: NexGen LPS Modulær TMT (Tibia)</td></tr><tr><td><a href="CodeSystem-KneeJointArthroplastyComponent.html#KneeJointArthroplastyComponent-zimmer_nexgen_lps_monoblock_tmt">zimmer_nexgen_lps_monoblock_tmt</a></td><td>Zimmer Biomet: NexGen LPS Monoblok TMT</td><td>Zimmer Biomet: NexGen LPS Monoblok TMT (Tibia)</td></tr><tr><td><a href="CodeSystem-KneeJointArthroplastyComponent.html#KneeJointArthroplastyComponent-zimmer_nexgen_rhk">zimmer_nexgen_rhk</a></td><td>Zimmer Biomet: NexGen RHK</td><td>Zimmer Biomet: NexGen RHK (Femur + Tibia)</td></tr><tr><td><a href="CodeSystem-KneeJointArthroplastyComponent.html#KneeJointArthroplastyComponent-nexgen_zuk">nexgen_zuk</a></td><td>Zimmer Biomet: NexGen Zuk</td><td>Zimmer Biomet: NexGen Zuk (Femur + Tibia)</td></tr><tr><td><a href="CodeSystem-KneeJointArthroplastyComponent.html#KneeJointArthroplastyComponent-biomet_oxford_domed_lateral_pkr">biomet_oxford_domed_lateral_pkr</a></td><td>Zimmer Biomet: Oxford domed lateral PKR</td><td>Zimmer Biomet: Oxford domed lateral PKR (Tibia)</td></tr><tr><td><a href="CodeSystem-KneeJointArthroplastyComponent.html#KneeJointArthroplastyComponent-zimmer_biomet_oxford_lateral_fixed_bearing">zimmer_biomet_oxford_lateral_fixed_bearing</a></td><td>Zimmer Biomet: Oxford Lateral Fixed Bearing</td><td>Zimmer-Biomet: Oxford Lateral Fixed Bearing (Tibia)</td></tr><tr><td><a href="CodeSystem-KneeJointArthroplastyComponent.html#KneeJointArthroplastyComponent-oxford_phase_iii_alpha">oxford_phase_iii_alpha</a></td><td>Zimmer Biomet: Oxford Phase III alpha</td><td>Zimmer Biomet: Oxford Phase III alpha (Tibia)</td></tr><tr><td><a href="CodeSystem-KneeJointArthroplastyComponent.html#KneeJointArthroplastyComponent-persona_cr">persona_cr</a></td><td>Zimmer Biomet: Persona CR</td><td>Zimmer Biomet: Persona CR (Femur + Tibia)</td></tr><tr><td><a href="CodeSystem-KneeJointArthroplastyComponent.html#KneeJointArthroplastyComponent-persona_mc">persona_mc</a></td><td>Zimmer Biomet: Persona MC</td><td>Zimmer Biomet: Persona MC (Tibia)</td></tr><tr><td><a href="CodeSystem-KneeJointArthroplastyComponent.html#KneeJointArthroplastyComponent-persona_ps">persona_ps</a></td><td>Zimmer Biomet: Persona PS</td><td>Zimmer Biomet: Persona PS (Femur + Tibia)</td></tr><tr><td><a href="CodeSystem-KneeJointArthroplastyComponent.html#KneeJointArthroplastyComponent-persona_uc">persona_uc</a></td><td>Zimmer Biomet: Persona UC</td><td>Zimmer Biomet: Persona UC (Tibia)</td></tr><tr><td><a href="CodeSystem-KneeJointArthroplastyComponent.html#KneeJointArthroplastyComponent-biomet_rhk_rotating_hinge_knee">biomet_rhk_rotating_hinge_knee</a></td><td>Zimmer Biomet: RHK Rotating Hinge Knee</td><td>Zimmer Biomet: RHK Rotating Hinge Knee (Femur + Tibia)</td></tr><tr><td><a href="CodeSystem-KneeJointArthroplastyComponent.html#KneeJointArthroplastyComponent-biomet_vanguard_cr">biomet_vanguard_cr</a></td><td>Zimmer Biomet: Vanguard CR</td><td>Zimmer Biomet: Vanguard CR (Femur + Tibia)</td></tr><tr><td><a href="CodeSystem-KneeJointArthroplastyComponent.html#KneeJointArthroplastyComponent-biomet_vanguard_rocc_interlok_tibia">biomet_vanguard_rocc_interlok_tibia</a></td><td>Zimmer Biomet: Vanguard ROCC - Interlok Tibia</td><td>Zimmer Biomet: Vanguard ROCC - Interlok Tibia (Tibia)</td></tr><tr><td><a href="CodeSystem-KneeJointArthroplastyComponent.html#KneeJointArthroplastyComponent-biomet_vanguard_unicompartmental">biomet_vanguard_unicompartmental</a></td><td>Zimmer Biomet: Vanguard Unicompartmental</td><td>Zimmer Biomet: Vanguard Unicompartmental (Tibia)</td></tr></table></li><li>Include these codes as defined in <a href="CodeSystem-GenericValues.html"><code>https://kip.rkkp.dk/fhir/CodeSystem/GenericValues</code></a><table class="none"><tr><td style="white-space:nowrap"><b>Code</b></td><td><b>Display</b></td><td><b>Definition</b></td></tr><tr><td><a href="CodeSystem-GenericValues.html#GenericValues-other">other</a></td><td>Andet</td><td>Other - used to choose unspecific value not in a valueset</td></tr></table></li></ul></div></text><url value="https://kip.rkkp.dk/fhir/ValueSet/KomponentTibiaDKR"/><version value="0.2.1"/><name value="KomponentTibiaDKR"/><title value="Komponent - tibia (DKR)"/><status value="active"/><experimental value="true"/><date value="2023-01-17T00:00:00+02:00"/><publisher value="Sundhedsvæsnets Kvalistetsinstitut with Trifork Digital Health A/S"/><contact><name value="Sundhedsvæsnets Kvalistetsinstitut with Trifork Digital Health A/S"/><telecom><system value="url"/><value value="https://trifork.com"/></telecom><telecom><system value="email"/><value value="rbk@trifork.com"/></telecom></contact><description value="Komponent - tibia (DKR)"/><compose><include><system value="https://kip.rkkp.dk/fhir/CodeSystem/KneeJointArthroplastyComponent"/><concept><code value="johnson&amp;johnson_attune_fb"/><display value="Johnson &amp; Johnson: Attune FB"/></concept><concept><code value="johnson&amp;johnson_attune_fixed_crs"/><display value="Johnson &amp; Johnson: Attune Fixed CRS (Constrained Revision System)"/></concept><concept><code value="johnson&amp;johnson_attune_mbt_crs"/><display value="Johnson &amp; Johnson: Attune Revision Tibial Base Rotating Platform"/></concept><concept><code value="johnson&amp;johnson_attune_rotation_platfom"/><display value="Johnson &amp; Johnson: Attune Rotation Platfom"/></concept><concept><code value="johnson&amp;johnson_pfc_cruciate_substituting"/><display value="Johnson &amp; Johnson: PFC Crusiate-Substituting"/></concept><concept><code value="johnson&amp;johnson_pfc_modular"/><display value="Johnson &amp; Johnson: PFC Modular"/></concept><concept><code value="johnson&amp;johnson_pfc_sigma_all_poly"/><display value="Johnson &amp; Johnson: PFC Sigma All-Poly"/></concept><concept><code value="johnson&amp;johnson_pfc_sigma_cruciate_retaining"/><display value="Johnson &amp; Johnson: PFC Sigma Cruciate-Retaining"/></concept><concept><code value="johnson&amp;johnson_pfc_sigma_ps"/><display value="Johnson &amp; Johnson: PFC Sigma PS"/></concept><concept><code value="johnson&amp;johnson_pfc_sigma_revision_tc3"/><display value="Johnson &amp; Johnson: PFC Sigma Revision and TC3"/></concept><concept><code value="johnson&amp;johnson_pfc_sigma_rotating_platform"/><display value="Johnson &amp; Johnson: PFC Sigma Rotating Platform"/></concept><concept><code value="johnson&amp;johnson_pfc_sigma_rp_stabilized"/><display value="Johnson &amp; Johnson: PFC Sigma RP Stabilized"/></concept><concept><code value="johnson&amp;johnson_pfc_standard"/><display value="Johnson &amp; Johnson: PFC Standard"/></concept><concept><code value="depuy_sigma_hp_partiel_knee"/><display value="Johnson &amp; Johnson: DePuy Sigma HP partial knee"/></concept><concept><code value="sigma_hp_partiel_knee_modular"/><display value="Johnson &amp; Johnson: Sigma HP Partial Knee modular"/></concept><concept><code value="johnson&amp;johnson_s_rom_noiles"/><display value="Johnson &amp; Johnson: S-ROM Noiles"/></concept><concept><code value="physica_cr"/><display value="Lima: Physica CR"/></concept><concept><code value="physica_kr"/><display value="Lima: Physica KR"/></concept><concept><code value="physica_ps"/><display value="Lima: Physica PS"/></concept><concept><code value="link_endo_model_rotational"/><display value="LINK: Endo-Model Rotational"/></concept><concept><code value="link_endo_model_total_hinge"/><display value="LINK: Endo-Model Total Hinge"/></concept><concept><code value="link_tack_cementless"/><display value="LINK: TACK Cementless"/></concept><concept><code value="osteonics_7000_all_poly"/><display value="Osteonics: All Poly"/></concept><concept><code value="smith&amp;nephew_genesis_all_poly"/><display value="Smith &amp; Nephew: Genesis II All-Poly"/></concept><concept><code value="stryker_gmrs"/><display value="Stryker: GMRS"/></concept><concept><code value="stryker_modular_rotating_hinge"/><display value="Stryker: Modular Rotation Hinge"/></concept><concept><code value="stryker_restoris_medial_uni"/><display value="Stryker: Restoris Medial Uni"/></concept><concept><code value="stryker_restoris_lateral_uni"/><display value="Stryker: Restoris Lateral Uni"/></concept><concept><code value="stryker_scorpio_all_poly"/><display value="Stryker: Scorpio All Poly"/></concept><concept><code value="stryker_triathlon"/><display value="Stryker: Triathlon"/></concept><concept><code value="stryker_triathlon_all_poly"/><display value="Stryker: Triathlon All Poly"/></concept><concept><code value="stryker_thriathlon_pkr"/><display value="Stryker: Triathlon PKR"/></concept><concept><code value="stryker_thriathlon_ts"/><display value="Stryker: Triathlon TS"/></concept><concept><code value="stryker_triathlon_universal"/><display value="Stryker: Triathlon Universal"/></concept><concept><code value="biomet_agc_v2"/><display value="Zimmer Biomet: AGC V2"/></concept><concept><code value="biomet_tibia_offset_tray"/><display value="Zimmer Biomet: Tibia Offset Tray"/></concept><concept><code value="zimmer_nexgen_cr"/><display value="Zimmer Biomet: NexGen CR"/></concept><concept><code value="zimmer_nexgen_cr_flex"/><display value="Zimmer Biomet: NexGen CR Flex"/></concept><concept><code value="zimmer_nexgen_cr_modular_tmt"/><display value="Zimmer Biomet: NexGen CR modulær TMT"/></concept><concept><code value="zimmer_nexgen_cr_monoblock_tmt"/><display value="Zimmer Biomet: NexGen CR Munoblok, TMT"/></concept><concept><code value="zimmer_nexgen_lcck"/><display value="Zimmer Biomet: NexGen LCCK"/></concept><concept><code value="zimmer_nexgen_lps"/><display value="Zimmer Biomet: NexGen LPS"/></concept><concept><code value="zimmer_nexgen_lps_flex"/><display value="Zimmer Biomet: NexGen LPS Flex"/></concept><concept><code value="zimmer_nexgen_lps_modular_tmt"/><display value="Zimmer Biomet: NexGen LPS Modulær TMT"/></concept><concept><code value="zimmer_nexgen_lps_monoblock_tmt"/><display value="Zimmer Biomet: NexGen LPS Monoblok TMT"/></concept><concept><code value="zimmer_nexgen_rhk"/><display value="Zimmer Biomet: NexGen RHK"/></concept><concept><code value="nexgen_zuk"/><display value="Zimmer Biomet: NexGen Zuk"/></concept><concept><code value="biomet_oxford_domed_lateral_pkr"/><display value="Zimmer Biomet: Oxford domed lateral PKR"/></concept><concept><code value="zimmer_biomet_oxford_lateral_fixed_bearing"/><display value="Zimmer Biomet: Oxford Lateral Fixed Bearing"/></concept><concept><code value="oxford_phase_iii_alpha"/><display value="Zimmer Biomet: Oxford Phase III alpha"/></concept><concept><code value="persona_cr"/><display value="Zimmer Biomet: Persona CR"/></concept><concept><code value="persona_mc"/><display value="Zimmer Biomet: Persona MC"/></concept><concept><code value="persona_ps"/><display value="Zimmer Biomet: Persona PS"/></concept><concept><code value="persona_uc"/><display value="Zimmer Biomet: Persona UC"/></concept><concept><code value="biomet_rhk_rotating_hinge_knee"/><display value="Zimmer Biomet: RHK Rotating Hinge Knee"/></concept><concept><code value="biomet_vanguard_cr"/><display value="Zimmer Biomet: Vanguard CR"/></concept><concept><code value="biomet_vanguard_rocc_interlok_tibia"/><display value="Zimmer Biomet: Vanguard ROCC - Interlok Tibia"/></concept><concept><code value="biomet_vanguard_unicompartmental"/><display value="Zimmer Biomet: Vanguard Unicompartmental"/></concept></include><include><system value="https://kip.rkkp.dk/fhir/CodeSystem/GenericValues"/><concept><code value="other"/><display value="Andet"/></concept></include></compose></ValueSet>