<?xml version="1.0" encoding="UTF-8"?><ValueSet xmlns="http://hl7.org/fhir"><id value="DomPauseringAarsagRETSPSYK"/><text><status value="extensions"/><div xmlns="http://www.w3.org/1999/xhtml"><p class="res-header-id"><b>Generated Narrative: ValueSet DomPauseringAarsagRETSPSYK</b></p><a name="DomPauseringAarsagRETSPSYK"> </a><a name="hcDomPauseringAarsagRETSPSYK"> </a><a name="DomPauseringAarsagRETSPSYK-en-US"> </a><ul><li>Include these codes as defined in <a href="CodeSystem-Verdict.html"><code>https://kip.rkkp.dk/fhir/CodeSystem/Verdict</code></a><table class="none"><tr><td style="white-space:nowrap"><b>Code</b></td><td><b>Display</b></td><td><b>Definition</b></td></tr><tr><td><a href="CodeSystem-Verdict.html#Verdict-expelled">expelled</a></td><td>Udsendt</td><td>Cause of pause: Expelled / Udvist</td></tr><tr><td><a href="CodeSystem-Verdict.html#Verdict-travelled_away">travelled_away</a></td><td>Udrejst</td><td>Cause of pause: Travelled away / Udrejst</td></tr><tr><td><a href="CodeSystem-Verdict.html#Verdict-missing">missing</a></td><td>Forsvundet i længere tid</td><td>Cause of pause: Missing / Forsvundet</td></tr></table></li></ul></div></text><url value="https://kip.rkkp.dk/fhir/ValueSet/DomPauseringAarsagRETSPSYK"/><version value="0.2.1"/><name value="DomPauseringAarsagRETSPSYK"/><title value="Dom - Pausering, årsag (RETSPSYK)"/><status value="active"/><experimental value="true"/><date value="2022-10-03T00:00:00+02:00"/><publisher value="Sundhedsvæsnets Kvalistetsinstitut with Trifork Digital Health A/S"/><contact><name value="Sundhedsvæsnets Kvalistetsinstitut with Trifork Digital Health A/S"/><telecom><system value="url"/><value value="https://trifork.com"/></telecom><telecom><system value="email"/><value value="rbk@trifork.com"/></telecom></contact><description value="Dom - Pausering, årsag (RETSPSYK)"/><compose><include><system value="https://kip.rkkp.dk/fhir/CodeSystem/Verdict"/><concept><code value="expelled"/><display value="Udsendt"/></concept><concept><code value="travelled_away"/><display value="Udrejst"/></concept><concept><code value="missing"/><display value="Forsvundet i længere tid"/></concept></include></compose></ValueSet>