{
  "resourceType" : "CodeSystem",
  "id" : "AnatomicalLocations",
  "text" : {
    "status" : "generated",
    "div" : "<div xmlns=\"http://www.w3.org/1999/xhtml\"><p class=\"res-header-id\"><b>Generated Narrative: CodeSystem AnatomicalLocations</b></p><a name=\"AnatomicalLocations\"> </a><a name=\"hcAnatomicalLocations\"> </a><a name=\"AnatomicalLocations-en-US\"> </a><p>This  code system <code>https://kip.sundk.dk/fhir/CodeSystem/AnatomicalLocations</code> defines the following codes:</p><table class=\"codes\"><tr><td style=\"white-space:nowrap\"><b>Code</b></td><td><b>Display</b></td><td><b>Definition</b></td></tr><tr><td style=\"white-space:nowrap\">acarotistop<a name=\"AnatomicalLocations-acarotistop\"> </a></td><td>Top of arteria carotis</td><td>Top of arteria catoris</td></tr><tr><td style=\"white-space:nowrap\">acerebellisuperior<a name=\"AnatomicalLocations-acerebellisuperior\"> </a></td><td>Arteria cerebelli superior</td><td>Arteria cerebelli superior</td></tr><tr><td style=\"white-space:nowrap\">acerebelliantinf<a name=\"AnatomicalLocations-acerebelliantinf\"> </a></td><td>Arteria cerebelli anterior inferior</td><td>Arteria cerebelli anterior inferior</td></tr><tr><td style=\"white-space:nowrap\">acerebelliposinf<a name=\"AnatomicalLocations-acerebelliposinf\"> </a></td><td>Arteria cerebelli posterior inferior</td><td>Arteria cerebelli posterior inferior</td></tr><tr><td style=\"white-space:nowrap\">acerebrimedia-acommunicanspos<a name=\"AnatomicalLocations-acerebrimedia-acommunicanspos\"> </a></td><td>Arteria cerebri media =&lt; arteria communicans posterior</td><td>Arteria cerebri media =&lt; arteria communicans posterior</td></tr><tr><td style=\"white-space:nowrap\">ileocolica_centralt<a name=\"AnatomicalLocations-ileocolica_centralt\"> </a></td><td>Ileocolica centralt</td><td>Ileocolica centralt</td></tr><tr><td style=\"white-space:nowrap\">ileocolica_perifert<a name=\"AnatomicalLocations-ileocolica_perifert\"> </a></td><td>Ileocolica perifert</td><td>Ileocolica perifert</td></tr><tr><td style=\"white-space:nowrap\">a_colica_media_centralt<a name=\"AnatomicalLocations-a_colica_media_centralt\"> </a></td><td>A. colica media centralt</td><td>A. colica media centralt</td></tr><tr><td style=\"white-space:nowrap\">a_colica_media_hoejre<a name=\"AnatomicalLocations-a_colica_media_hoejre\"> </a></td><td>Højre gren af a. colica media</td><td>Højre gren af a. colica media</td></tr><tr><td style=\"white-space:nowrap\">a_colica_media_venstre<a name=\"AnatomicalLocations-a_colica_media_venstre\"> </a></td><td>Venstre gren af  a. colica media</td><td>Venstre gren af  a. colica media</td></tr><tr><td style=\"white-space:nowrap\">a_mesenterica_inferior<a name=\"AnatomicalLocations-a_mesenterica_inferior\"> </a></td><td>A. mesenterica inf.</td><td>A. mesenterica inf.</td></tr><tr><td style=\"white-space:nowrap\">a_colica_sinistra<a name=\"AnatomicalLocations-a_colica_sinistra\"> </a></td><td>A. colica sin.</td><td>A. colica sin.</td></tr><tr><td style=\"white-space:nowrap\">a_mesenterica_inferior_perifert<a name=\"AnatomicalLocations-a_mesenterica_inferior_perifert\"> </a></td><td>A. mesenterica inf perifert</td><td>A. mesenterica inf perifert</td></tr><tr><td style=\"white-space:nowrap\">aa_sigmoideae<a name=\"AnatomicalLocations-aa_sigmoideae\"> </a></td><td>Aa. sigmoideae</td><td>Aa. sigmoideae</td></tr><tr><td style=\"white-space:nowrap\">a_rectalis_superior<a name=\"AnatomicalLocations-a_rectalis_superior\"> </a></td><td>A. rectalis superior</td><td>A. rectalis superior</td></tr><tr><td style=\"white-space:nowrap\">vena_sacralis<a name=\"AnatomicalLocations-vena_sacralis\"> </a></td><td>Vena sacralis</td><td>Vena sacralis / Sakralvene</td></tr><tr><td style=\"white-space:nowrap\">gastrocolic_ligament<a name=\"AnatomicalLocations-gastrocolic_ligament\"> </a></td><td>Gastrokoliske ligament</td><td>Gastrokoliske ligament</td></tr><tr><td style=\"white-space:nowrap\">adneks<a name=\"AnatomicalLocations-adneks\"> </a></td><td>Adneks</td><td>Adneks</td></tr><tr><td style=\"white-space:nowrap\">lymfeknude_lateral<a name=\"AnatomicalLocations-lymfeknude_lateral\"> </a></td><td>Lateralt lymfeknudecompartment på bækken væg</td><td>Lateralt lymfeknudecompartment på bækken væg</td></tr><tr><td style=\"white-space:nowrap\">other<a name=\"AnatomicalLocations-other\"> </a></td><td>Other</td><td>Other</td></tr><tr><td style=\"white-space:nowrap\">acl<a name=\"AnatomicalLocations-acl\"> </a></td><td>ACL</td><td>ACL</td></tr><tr><td style=\"white-space:nowrap\">pcl<a name=\"AnatomicalLocations-pcl\"> </a></td><td>PCL</td><td>PCL</td></tr><tr><td style=\"white-space:nowrap\">mcl<a name=\"AnatomicalLocations-mcl\"> </a></td><td>MCL</td><td>MCL</td></tr><tr><td style=\"white-space:nowrap\">lcl<a name=\"AnatomicalLocations-lcl\"> </a></td><td>LCL</td><td>LCL</td></tr><tr><td style=\"white-space:nowrap\">plc<a name=\"AnatomicalLocations-plc\"> </a></td><td>PLC</td><td>PLC</td></tr><tr><td style=\"white-space:nowrap\">all<a name=\"AnatomicalLocations-all\"> </a></td><td>ALL</td><td>ALL</td></tr><tr><td style=\"white-space:nowrap\">lateral_meniscus<a name=\"AnatomicalLocations-lateral_meniscus\"> </a></td><td>Lateral meniscus</td><td>Lateral meniscus / Laterale menisk</td></tr><tr><td style=\"white-space:nowrap\">medial_meniscus<a name=\"AnatomicalLocations-medial_meniscus\"> </a></td><td>Medial meniscus</td><td>Medial meniscus / Mediale menisk</td></tr><tr><td style=\"white-space:nowrap\">cartilage<a name=\"AnatomicalLocations-cartilage\"> </a></td><td>Cartilage</td><td>Cartilage / Brusk</td></tr><tr><td style=\"white-space:nowrap\">Patella_medial<a name=\"AnatomicalLocations-Patella_medial\"> </a></td><td>Patella (mediale facet)</td><td>Patella (mediale facet)</td></tr><tr><td style=\"white-space:nowrap\">Patella_lateral<a name=\"AnatomicalLocations-Patella_lateral\"> </a></td><td>Patella (laterale facet)</td><td>Patella (laterale facet)</td></tr><tr><td style=\"white-space:nowrap\">Trochlea_femoris<a name=\"AnatomicalLocations-Trochlea_femoris\"> </a></td><td>Trochlea femoris</td><td>Trochlea femoris</td></tr><tr><td style=\"white-space:nowrap\">Med_femur_kondyl<a name=\"AnatomicalLocations-Med_femur_kondyl\"> </a></td><td>Med. femur kondyl</td><td>Med. femur kondyl</td></tr><tr><td style=\"white-space:nowrap\">Med_tibia_plateau<a name=\"AnatomicalLocations-Med_tibia_plateau\"> </a></td><td>Med. tibia plateau</td><td>Med. tibia plateau</td></tr><tr><td style=\"white-space:nowrap\">Lat_femur_kondyl<a name=\"AnatomicalLocations-Lat_femur_kondyl\"> </a></td><td>Lat. femur kondyl</td><td>Lat. femur kondyl</td></tr><tr><td style=\"white-space:nowrap\">Lat_tibia_plateau<a name=\"AnatomicalLocations-Lat_tibia_plateau\"> </a></td><td>Lat. tibia plateau</td><td>Lat. tibia plateau</td></tr></table></div>"
  },
  "url" : "https://kip.sundk.dk/fhir/CodeSystem/AnatomicalLocations",
  "version" : "0.0.9",
  "name" : "AnatomicalLocations",
  "title" : "Anatomy locations, not specified in classifcations (SKS, etc.)",
  "status" : "active",
  "date" : "2022-06-14T00:00:00+02:00",
  "publisher" : "Sundhedsvæsnets Kvalistetsinstitut with Trifork Public A/S",
  "contact" : [{
    "name" : "Sundhedsvæsnets Kvalistetsinstitut with Trifork Public A/S",
    "telecom" : [{
      "system" : "url",
      "value" : "https://trifork.com"
    },
    {
      "system" : "email",
      "value" : "rbk@trifork.com"
    }]
  }],
  "description" : "Anatomy locations, not specified in classifcations (SKS, etc.)",
  "content" : "complete",
  "count" : 36,
  "concept" : [{
    "code" : "acarotistop",
    "display" : "Top of arteria carotis",
    "definition" : "Top of arteria catoris"
  },
  {
    "code" : "acerebellisuperior",
    "display" : "Arteria cerebelli superior",
    "definition" : "Arteria cerebelli superior"
  },
  {
    "code" : "acerebelliantinf",
    "display" : "Arteria cerebelli anterior inferior",
    "definition" : "Arteria cerebelli anterior inferior"
  },
  {
    "code" : "acerebelliposinf",
    "display" : "Arteria cerebelli posterior inferior",
    "definition" : "Arteria cerebelli posterior inferior"
  },
  {
    "code" : "acerebrimedia-acommunicanspos",
    "display" : "Arteria cerebri media =< arteria communicans posterior",
    "definition" : "Arteria cerebri media =< arteria communicans posterior"
  },
  {
    "code" : "ileocolica_centralt",
    "display" : "Ileocolica centralt",
    "definition" : "Ileocolica centralt"
  },
  {
    "code" : "ileocolica_perifert",
    "display" : "Ileocolica perifert",
    "definition" : "Ileocolica perifert"
  },
  {
    "code" : "a_colica_media_centralt",
    "display" : "A. colica media centralt",
    "definition" : "A. colica media centralt"
  },
  {
    "code" : "a_colica_media_hoejre",
    "display" : "Højre gren af a. colica media",
    "definition" : "Højre gren af a. colica media"
  },
  {
    "code" : "a_colica_media_venstre",
    "display" : "Venstre gren af  a. colica media",
    "definition" : "Venstre gren af  a. colica media"
  },
  {
    "code" : "a_mesenterica_inferior",
    "display" : "A. mesenterica inf.",
    "definition" : "A. mesenterica inf."
  },
  {
    "code" : "a_colica_sinistra",
    "display" : "A. colica sin.",
    "definition" : "A. colica sin."
  },
  {
    "code" : "a_mesenterica_inferior_perifert",
    "display" : "A. mesenterica inf perifert",
    "definition" : "A. mesenterica inf perifert"
  },
  {
    "code" : "aa_sigmoideae",
    "display" : "Aa. sigmoideae",
    "definition" : "Aa. sigmoideae"
  },
  {
    "code" : "a_rectalis_superior",
    "display" : "A. rectalis superior",
    "definition" : "A. rectalis superior"
  },
  {
    "code" : "vena_sacralis",
    "display" : "Vena sacralis",
    "definition" : "Vena sacralis / Sakralvene"
  },
  {
    "code" : "gastrocolic_ligament",
    "display" : "Gastrokoliske ligament",
    "definition" : "Gastrokoliske ligament"
  },
  {
    "code" : "adneks",
    "display" : "Adneks",
    "definition" : "Adneks"
  },
  {
    "code" : "lymfeknude_lateral",
    "display" : "Lateralt lymfeknudecompartment på bækken væg",
    "definition" : "Lateralt lymfeknudecompartment på bækken væg"
  },
  {
    "code" : "other",
    "display" : "Other",
    "definition" : "Other"
  },
  {
    "code" : "acl",
    "display" : "ACL",
    "definition" : "ACL"
  },
  {
    "code" : "pcl",
    "display" : "PCL",
    "definition" : "PCL"
  },
  {
    "code" : "mcl",
    "display" : "MCL",
    "definition" : "MCL"
  },
  {
    "code" : "lcl",
    "display" : "LCL",
    "definition" : "LCL"
  },
  {
    "code" : "plc",
    "display" : "PLC",
    "definition" : "PLC"
  },
  {
    "code" : "all",
    "display" : "ALL",
    "definition" : "ALL"
  },
  {
    "code" : "lateral_meniscus",
    "display" : "Lateral meniscus",
    "definition" : "Lateral meniscus / Laterale menisk"
  },
  {
    "code" : "medial_meniscus",
    "display" : "Medial meniscus",
    "definition" : "Medial meniscus / Mediale menisk"
  },
  {
    "code" : "cartilage",
    "display" : "Cartilage",
    "definition" : "Cartilage / Brusk"
  },
  {
    "code" : "Patella_medial",
    "display" : "Patella (mediale facet)",
    "definition" : "Patella (mediale facet)"
  },
  {
    "code" : "Patella_lateral",
    "display" : "Patella (laterale facet)",
    "definition" : "Patella (laterale facet)"
  },
  {
    "code" : "Trochlea_femoris",
    "display" : "Trochlea femoris",
    "definition" : "Trochlea femoris"
  },
  {
    "code" : "Med_femur_kondyl",
    "display" : "Med. femur kondyl",
    "definition" : "Med. femur kondyl"
  },
  {
    "code" : "Med_tibia_plateau",
    "display" : "Med. tibia plateau",
    "definition" : "Med. tibia plateau"
  },
  {
    "code" : "Lat_femur_kondyl",
    "display" : "Lat. femur kondyl",
    "definition" : "Lat. femur kondyl"
  },
  {
    "code" : "Lat_tibia_plateau",
    "display" : "Lat. tibia plateau",
    "definition" : "Lat. tibia plateau"
  }]
}