{
  "resourceType" : "CodeSystem",
  "id" : "HipJointArthroplastyComponent",
  "text" : {
    "status" : "generated",
    "div" : "<div xmlns=\"http://www.w3.org/1999/xhtml\"><p class=\"res-header-id\"><b>Generated Narrative: CodeSystem HipJointArthroplastyComponent</b></p><a name=\"HipJointArthroplastyComponent\"> </a><a name=\"hcHipJointArthroplastyComponent\"> </a><a name=\"HipJointArthroplastyComponent-en-US\"> </a><p>This case-insensitive code system <code>https://kip.sundk.dk/fhir/CodeSystem/HipJointArthroplastyComponent</code> defines the following codes:</p><table class=\"codes\"><tr><td style=\"white-space:nowrap\"><b>Code</b></td><td><b>Display</b></td><td><b>Definition</b></td></tr><tr><td style=\"white-space:nowrap\">depuy_bi_mentum_cemented_cup<a name=\"HipJointArthroplastyComponent-depuy_bi_mentum_cemented_cup\"> </a></td><td>DePuy: BI MENTUM CEMENTED CUP</td><td>DePuy: BI MENTUM CEMENTED CUP</td></tr><tr><td style=\"white-space:nowrap\">depuy_bi_mentum_plus_cup<a name=\"HipJointArthroplastyComponent-depuy_bi_mentum_plus_cup\"> </a></td><td>DePuy: BI MENTUM PLUS CUP</td><td>DePuy: BI MENTUM PLUS CUP</td></tr><tr><td style=\"white-space:nowrap\">depuy_bi_mentum_pressfit_cup<a name=\"HipJointArthroplastyComponent-depuy_bi_mentum_pressfit_cup\"> </a></td><td>DePuy: BI MENTUM PRESSFIT CUP</td><td>DePuy: BI MENTUM PRESSFIT CUP</td></tr><tr><td style=\"white-space:nowrap\">depuy_bi_mentum_revision_cup<a name=\"HipJointArthroplastyComponent-depuy_bi_mentum_revision_cup\"> </a></td><td>DePuy: BI MENTUM REVISION CUP</td><td>DePuy: BI MENTUM REVISION CUP</td></tr><tr><td style=\"white-space:nowrap\">depuy_pinnacle_gripton<a name=\"HipJointArthroplastyComponent-depuy_pinnacle_gripton\"> </a></td><td>DePuy: Pinnacle Gription</td><td>DePuy: Pinnacle Gription</td></tr><tr><td style=\"white-space:nowrap\">depuy_pinnacle_porocoat<a name=\"HipJointArthroplastyComponent-depuy_pinnacle_porocoat\"> </a></td><td>DePuy: Pinnacle Porocoat</td><td>DePuy: Pinnacle Porocoat</td></tr><tr><td style=\"white-space:nowrap\">implant_cast_mutars_lumic<a name=\"HipJointArthroplastyComponent-implant_cast_mutars_lumic\"> </a></td><td>Implantcast: Mutars Lumic</td><td>Implantcast: Mutars Lumic</td></tr><tr><td style=\"white-space:nowrap\">link_lubinus<a name=\"HipJointArthroplastyComponent-link_lubinus\"> </a></td><td>Link: Lubinus</td><td>Link: Lubinus</td></tr><tr><td style=\"white-space:nowrap\">ortotech_saturne<a name=\"HipJointArthroplastyComponent-ortotech_saturne\"> </a></td><td>Ortotech: Saturne</td><td>Ortotech: Saturne</td></tr><tr><td style=\"white-space:nowrap\">ortotech_saturne_reconstruction<a name=\"HipJointArthroplastyComponent-ortotech_saturne_reconstruction\"> </a></td><td>Ortotech: Saturne rekonstruktion</td><td>Ortotech: Saturne rekonstruktion</td></tr><tr><td style=\"white-space:nowrap\">serf_fischer_medical_novae_coptos_th<a name=\"HipJointArthroplastyComponent-serf_fischer_medical_novae_coptos_th\"> </a></td><td>Serf/Fischer Medical: Novae Coptos TH (Serf)</td><td>Serf: Novae Coptos TH</td></tr><tr><td style=\"white-space:nowrap\">serf_fischer_medical_novae_e_th<a name=\"HipJointArthroplastyComponent-serf_fischer_medical_novae_e_th\"> </a></td><td>Serf/Fischer Medical: Novae E TH (Serf) </td><td>Serf: Novae E TH</td></tr><tr><td style=\"white-space:nowrap\">serf_fischer_medical_novae_stick<a name=\"HipJointArthroplastyComponent-serf_fischer_medical_novae_stick\"> </a></td><td>Serf/Fischer Medical: Novae Stick (Serf)</td><td>Serf: Novae Stick</td></tr><tr><td style=\"white-space:nowrap\">serf_fischer_medical_novae_sunfit<a name=\"HipJointArthroplastyComponent-serf_fischer_medical_novae_sunfit\"> </a></td><td>Serf/Fischer Medical: Novae Sunfit (Serf)</td><td>Serf: Novae Sunfit</td></tr><tr><td style=\"white-space:nowrap\">smith&amp;nephew_bhr<a name=\"HipJointArthroplastyComponent-smith.38nephew_bhr\"> </a></td><td>Smith &amp; Nephew: BHR</td><td>Smith &amp; Nephew: BHR (Acetabulum + Femur)</td></tr><tr><td style=\"white-space:nowrap\">smith&amp;nephew_polarcup<a name=\"HipJointArthroplastyComponent-smith.38nephew_polarcup\"> </a></td><td>Smith &amp; Nephew: Polarcup</td><td>Smith &amp; Nephew: Polarcup</td></tr><tr><td style=\"white-space:nowrap\">smith&amp;nephew_r3<a name=\"HipJointArthroplastyComponent-smith.38nephew_r3\"> </a></td><td>Smith &amp; Nephew: R3</td><td>Smith &amp; Nephew: R3</td></tr><tr><td style=\"white-space:nowrap\">stryker_contemporary<a name=\"HipJointArthroplastyComponent-stryker_contemporary\"> </a></td><td>Stryker: Contemporary</td><td>Stryker: Contemporary</td></tr><tr><td style=\"white-space:nowrap\">stryker_exeter_rimfit_x3<a name=\"HipJointArthroplastyComponent-stryker_exeter_rimfit_x3\"> </a></td><td>Stryker: Exeter Rimfit X3</td><td>Stryker: Exeter Rimfit X3</td></tr><tr><td style=\"white-space:nowrap\">stryker_restoration_anatomical<a name=\"HipJointArthroplastyComponent-stryker_restoration_anatomical\"> </a></td><td>Stryker: Restoration Anatomical (Stryker)</td><td>Stryker: Restoration Anatomical</td></tr><tr><td style=\"white-space:nowrap\">stryker_trident_ad_hemispheric<a name=\"HipJointArthroplastyComponent-stryker_trident_ad_hemispheric\"> </a></td><td>Stryker: Trident AD hemisfærisk</td><td>Stryker: Trident AD hemisfærisk</td></tr><tr><td style=\"white-space:nowrap\">stryker_trident_ad_psl<a name=\"HipJointArthroplastyComponent-stryker_trident_ad_psl\"> </a></td><td>Stryker: Trident AD PSL</td><td>Stryker: Trident AD PSL</td></tr><tr><td style=\"white-space:nowrap\">stryker_trident_all_poly<a name=\"HipJointArthroplastyComponent-stryker_trident_all_poly\"> </a></td><td>Stryker: Trident All Poly</td><td>Stryker: Trident All Poly</td></tr><tr><td style=\"white-space:nowrap\">stryker_trident_ii<a name=\"HipJointArthroplastyComponent-stryker_trident_ii\"> </a></td><td>Stryker: Trident II</td><td>Stryker: Trident II</td></tr><tr><td style=\"white-space:nowrap\">stryker_trident_ii_psl<a name=\"HipJointArthroplastyComponent-stryker_trident_ii_psl\"> </a></td><td>Stryker: Trident II PSL</td><td>Stryker: Trident II PSL</td></tr><tr><td style=\"white-space:nowrap\">stryker_trident_ii_tritanium<a name=\"HipJointArthroplastyComponent-stryker_trident_ii_tritanium\"> </a></td><td>Stryker: Trident II Tritanium</td><td>Stryker: Trident II Tritanium</td></tr><tr><td style=\"white-space:nowrap\">stryker_trident_tritanium_primary<a name=\"HipJointArthroplastyComponent-stryker_trident_tritanium_primary\"> </a></td><td>Stryker: Trident Tritanium primary</td><td>Stryker: Trident Tritanium primary</td></tr><tr><td style=\"white-space:nowrap\">stryker_trident_tritanium_revision<a name=\"HipJointArthroplastyComponent-stryker_trident_tritanium_revision\"> </a></td><td>Stryker: Trident Tritanium Revision</td><td>Stryker: Trident Tritanium Revision</td></tr><tr><td style=\"white-space:nowrap\">zimmer_biomet_advantage<a name=\"HipJointArthroplastyComponent-zimmer_biomet_advantage\"> </a></td><td>Zimmer Biomet: Avantage</td><td>Zimmer Biomet: Avantage</td></tr><tr><td style=\"white-space:nowrap\">zimmer_biomet_exceed_abt<a name=\"HipJointArthroplastyComponent-zimmer_biomet_exceed_abt\"> </a></td><td>Zimmer Biomet: Exceed ABT</td><td>Zimmer Biomet: Exceed ABT</td></tr><tr><td style=\"white-space:nowrap\">zimmer_biomet_exceed_cemented_flanged_e1<a name=\"HipJointArthroplastyComponent-zimmer_biomet_exceed_cemented_flanged_e1\"> </a></td><td>Zimmer Biomet: Exceed Cemented Flanged E1</td><td>Zimmer Biomet: Exceed Cemented Flanged E1</td></tr><tr><td style=\"white-space:nowrap\">zimmer_biomet_exceed_cemented_muller_e1<a name=\"HipJointArthroplastyComponent-zimmer_biomet_exceed_cemented_muller_e1\"> </a></td><td>Zimmer Biomet: Exceed Cemented Muller E1</td><td>Zimmer Biomet: Exceed Cemented Muller E1</td></tr><tr><td style=\"white-space:nowrap\">zimmer_biomet_exceed_cemented_non_flanged_e1<a name=\"HipJointArthroplastyComponent-zimmer_biomet_exceed_cemented_non_flanged_e1\"> </a></td><td>Zimmer Biomet: Exceed Cemented Non Flanged E1</td><td>Zimmer Biomet: Exceed Cemented Non Flanged E1</td></tr><tr><td style=\"white-space:nowrap\">zimmer_biomet_g7_osseoti_coating<a name=\"HipJointArthroplastyComponent-zimmer_biomet_g7_osseoti_coating\"> </a></td><td>Zimmer Biomet: G7 OsseoTi coating </td><td>Zimmer Biomet: G7 OsseoTi coating </td></tr><tr><td style=\"white-space:nowrap\">zimmer_biomet_g7_pps<a name=\"HipJointArthroplastyComponent-zimmer_biomet_g7_pps\"> </a></td><td>Zimmer: G7 PPS</td><td>Zimmer: G7 PPS</td></tr><tr><td style=\"white-space:nowrap\">zimmer_biomet_mallory_head<a name=\"HipJointArthroplastyComponent-zimmer_biomet_mallory_head\"> </a></td><td>Zimmer Biomet: Mallory-Head</td><td>Zimmer Biomet: Mallory-Head</td></tr><tr><td style=\"white-space:nowrap\">zimmer_biomet_mueller<a name=\"HipJointArthroplastyComponent-zimmer_biomet_mueller\"> </a></td><td>Zimmer Biomet: Müller</td><td>Zimmer Biomet: Müller</td></tr><tr><td style=\"white-space:nowrap\">zimmer_biomet_regenerex_revision_acetabular<a name=\"HipJointArthroplastyComponent-zimmer_biomet_regenerex_revision_acetabular\"> </a></td><td>Zimmer Biomet: Regenerex ™ Revision Acetabular</td><td>Zimmer Biomet: Regenerex ™ Revision Acetabular</td></tr><tr><td style=\"white-space:nowrap\">zimmer_biomet_tmt_continuum<a name=\"HipJointArthroplastyComponent-zimmer_biomet_tmt_continuum\"> </a></td><td>Zimmer Biomet: TMT Continuum (Zimmer-Biomet)</td><td>Zimmer Biomet: TMT Continuum</td></tr><tr><td style=\"white-space:nowrap\">zimmer_biomet_tmt_modular_cup<a name=\"HipJointArthroplastyComponent-zimmer_biomet_tmt_modular_cup\"> </a></td><td>Zimmer Biomet: TMT Modular Cup</td><td>Zimmer Biomet: TMT Modular Cup</td></tr><tr><td style=\"white-space:nowrap\">zimmer_biomet_tmt_revision<a name=\"HipJointArthroplastyComponent-zimmer_biomet_tmt_revision\"> </a></td><td>Zimmer Biomet: TMT Revision</td><td>Zimmer Biomet: TMARS</td></tr><tr><td style=\"white-space:nowrap\">zimmer_biomet_trilogy<a name=\"HipJointArthroplastyComponent-zimmer_biomet_trilogy\"> </a></td><td>Zimmer Biomet: Trilogy</td><td>Zimmer Biomet: Trilogy</td></tr><tr><td style=\"white-space:nowrap\">zimmer_biomet_trilogy_it<a name=\"HipJointArthroplastyComponent-zimmer_biomet_trilogy_it\"> </a></td><td>Zimmer: Trilogy IT</td><td>Zimmer: Trilogy IT</td></tr><tr><td style=\"white-space:nowrap\">zimmer_biomet_zca<a name=\"HipJointArthroplastyComponent-zimmer_biomet_zca\"> </a></td><td>Zimmer Biomet: ZCA</td><td>Zimmer Biomet: ZCA</td></tr><tr><td style=\"white-space:nowrap\">depuy_corail_collar<a name=\"HipJointArthroplastyComponent-depuy_corail_collar\"> </a></td><td>DePuy: Corail m/krave</td><td>DePuy: Corail m/krave</td></tr><tr><td style=\"white-space:nowrap\">depuy_corail_without_collar<a name=\"HipJointArthroplastyComponent-depuy_corail_without_collar\"> </a></td><td>DePuy: Corail u/krave</td><td>DePuy: Corail u/krave</td></tr><tr><td style=\"white-space:nowrap\">depuy_corail_revision_stem<a name=\"HipJointArthroplastyComponent-depuy_corail_revision_stem\"> </a></td><td>DePuy: Corail Revision Stem - KAR</td><td>DePuy: Corail Revision Stem - KAR</td></tr><tr><td style=\"white-space:nowrap\">depuy_c_stem_amt<a name=\"HipJointArthroplastyComponent-depuy_c_stem_amt\"> </a></td><td>DePuy: C-stem AMT</td><td>DePuy: C-stem AMT</td></tr><tr><td style=\"white-space:nowrap\">depuy_summit<a name=\"HipJointArthroplastyComponent-depuy_summit\"> </a></td><td>DePuy: Summit</td><td>DePuy: Summit</td></tr><tr><td style=\"white-space:nowrap\">implantcast_mutars_proximal_femoral_replacement<a name=\"HipJointArthroplastyComponent-implantcast_mutars_proximal_femoral_replacement\"> </a></td><td>Implantcast: Mutars proksimal femoral replacement</td><td>Implantcast: Mutars proksimal femoral replacement</td></tr><tr><td style=\"white-space:nowrap\">lima_h_max_lateralized<a name=\"HipJointArthroplastyComponent-lima_h_max_lateralized\"> </a></td><td>Lima: H-MAX: Lateralized</td><td>Lima: H-MAX: Lateralized</td></tr><tr><td style=\"white-space:nowrap\">lima_h_max_standard<a name=\"HipJointArthroplastyComponent-lima_h_max_standard\"> </a></td><td>Lima: H-MAX: Standard</td><td>Lima: H-MAX: Standard</td></tr><tr><td style=\"white-space:nowrap\">link_link_mp<a name=\"HipJointArthroplastyComponent-link_link_mp\"> </a></td><td>Link: Link MP</td><td>Link: Link MP</td></tr><tr><td style=\"white-space:nowrap\">link_lubinus_sp_ii<a name=\"HipJointArthroplastyComponent-link_lubinus_sp_ii\"> </a></td><td>Link: Lubinus SP II</td><td>Link: Lubinus SP II</td></tr><tr><td style=\"white-space:nowrap\">peter_brehm_gmbh_mrp_titan<a name=\"HipJointArthroplastyComponent-peter_brehm_gmbh_mrp_titan\"> </a></td><td>Peter Brehm GmbH: MRP-Titan </td><td>Peter Brehm GmbH: MRP-Titan </td></tr><tr><td style=\"white-space:nowrap\">smith&amp;nephew_polarstem<a name=\"HipJointArthroplastyComponent-smith.38nephew_polarstem\"> </a></td><td>Smith &amp; Nephew: Polarstem</td><td>Smith &amp; Nephew: Polarstem</td></tr><tr><td style=\"white-space:nowrap\">stryker_acolade_ii<a name=\"HipJointArthroplastyComponent-stryker_acolade_ii\"> </a></td><td>Stryker: Accolade II </td><td>Stryker: Accolade II </td></tr><tr><td style=\"white-space:nowrap\">stryker_exeter_primary_v40<a name=\"HipJointArthroplastyComponent-stryker_exeter_primary_v40\"> </a></td><td>Stryker: Exeter Primary V40</td><td>Stryker: Exeter Primary V40</td></tr><tr><td style=\"white-space:nowrap\">stryker_gmrs_proximal_femoral_component<a name=\"HipJointArthroplastyComponent-stryker_gmrs_proximal_femoral_component\"> </a></td><td>Stryker: GMRS Proximal Femoral Component (Stryker)</td><td>Stryker: GMRS Proximal Femoral Component</td></tr><tr><td style=\"white-space:nowrap\">stryker_restoration_modular<a name=\"HipJointArthroplastyComponent-stryker_restoration_modular\"> </a></td><td>Stryker: Restoration modular</td><td>Stryker: Restoration modular</td></tr><tr><td style=\"white-space:nowrap\">viking_medical_cfp<a name=\"HipJointArthroplastyComponent-viking_medical_cfp\"> </a></td><td>Viking Medical: C.F.P.</td><td>Viking Medical: C.F.P.</td></tr><tr><td style=\"white-space:nowrap\">zimmer_biomet_arcos_revision<a name=\"HipJointArthroplastyComponent-zimmer_biomet_arcos_revision\"> </a></td><td>Zimmer Biomet: Arcos revision</td><td>Zimmer Biomet: Arcos revision</td></tr><tr><td style=\"white-space:nowrap\">zimmer_biomet_avenir_cemented_stem<a name=\"HipJointArthroplastyComponent-zimmer_biomet_avenir_cemented_stem\"> </a></td><td>Zimmer Biomet: Avenir cemented stem</td><td>Zimmer Biomet: Avenir cemented stem</td></tr><tr><td style=\"white-space:nowrap\">zimmer_biomet_avenir_cementless_stem<a name=\"HipJointArthroplastyComponent-zimmer_biomet_avenir_cementless_stem\"> </a></td><td>Zimmer Biomet: Avenir cementless stem </td><td>Zimmer Biomet: Avenir cementless stem</td></tr><tr><td style=\"white-space:nowrap\">zimmer_biomet_avenir_complete<a name=\"HipJointArthroplastyComponent-zimmer_biomet_avenir_complete\"> </a></td><td>Zimmer Biomet: Avenir complete</td><td>Zimmer Biomet: Avenir complete</td></tr><tr><td style=\"white-space:nowrap\">zimmer_biomet_bimetrix_without_collar_chrome_cobalt<a name=\"HipJointArthroplastyComponent-zimmer_biomet_bimetrix_without_collar_chrome_cobalt\"> </a></td><td>Zimmer Biomet: Bimetric u/krave chrom/cobolt</td><td>Zimmer Biomet: Bimetric u/krave chrom/cobolt</td></tr><tr><td style=\"white-space:nowrap\">zimmer_biomet_bimetric_without_collar_titaneum<a name=\"HipJointArthroplastyComponent-zimmer_biomet_bimetric_without_collar_titaneum\"> </a></td><td>Zimmer Biomet: Bimetric u/krave titaneum</td><td>Zimmer Biomet: Bimetric u/krave titaneum</td></tr><tr><td style=\"white-space:nowrap\">zimmer_biomet_cls_spotorno<a name=\"HipJointArthroplastyComponent-zimmer_biomet_cls_spotorno\"> </a></td><td>Zimmer Biomet: CLS Spotorno</td><td>Zimmer Biomet: CLS Spotorno</td></tr><tr><td style=\"white-space:nowrap\">zimmer_biomet_cpt<a name=\"HipJointArthroplastyComponent-zimmer_biomet_cpt\"> </a></td><td>Zimmer Biomet: CPT</td><td>Zimmer Biomet: CPT</td></tr><tr><td style=\"white-space:nowrap\">zimmer_biomet_echo_bi_metric_hip_stem_full_proximal_profile<a name=\"HipJointArthroplastyComponent-zimmer_biomet_echo_bi_metric_hip_stem_full_proximal_profile\"> </a></td><td>Zimmer Biomet: Echo Bi-metric Hip Stem Full Proximal Profile</td><td>Zimmer Biomet: Echo Bi-metric Hip Stem Full Proximal Profile</td></tr><tr><td style=\"white-space:nowrap\">zimmer_biomet_echo_bi_metric_reduced_proximal_profile<a name=\"HipJointArthroplastyComponent-zimmer_biomet_echo_bi_metric_reduced_proximal_profile\"> </a></td><td>Zimmer Biomet: Echo Bi-Metric Reduceret Proximal Profil</td><td>Zimmer Biomet: Echo Bi-Metric Reduceret Proximal Profil</td></tr><tr><td style=\"white-space:nowrap\">zimmer_biomet_fitmore<a name=\"HipJointArthroplastyComponent-zimmer_biomet_fitmore\"> </a></td><td>Zimmer Biomet: Fitmore (Zimmer-Biomet) </td><td>Zimmer Biomet: Fitmore</td></tr><tr><td style=\"white-space:nowrap\">zimmer_biomet_ms_30<a name=\"HipJointArthroplastyComponent-zimmer_biomet_ms_30\"> </a></td><td>Zimmer Biomet: MS-30 (Zimmer-Biomet)</td><td>Zimmer Biomet: MS-30</td></tr><tr><td style=\"white-space:nowrap\">zimmer_biomet_primoris<a name=\"HipJointArthroplastyComponent-zimmer_biomet_primoris\"> </a></td><td>Zimmer Biomet: Primoris</td><td>Zimmer Biomet: Primoris</td></tr><tr><td style=\"white-space:nowrap\">zimmer_biomet_revitan_revision_hip_system<a name=\"HipJointArthroplastyComponent-zimmer_biomet_revitan_revision_hip_system\"> </a></td><td>Zimmer Biomet: Revitan Revision Hip System</td><td>Zimmer Biomet: Revitan Revision Hip System</td></tr><tr><td style=\"white-space:nowrap\">zimmer_biomet_stanmore<a name=\"HipJointArthroplastyComponent-zimmer_biomet_stanmore\"> </a></td><td>Zimmer Biomet: Stanmore</td><td>Zimmer Biomet: Stanmore</td></tr><tr><td style=\"white-space:nowrap\">zimmer_biomet_taperloc<a name=\"HipJointArthroplastyComponent-zimmer_biomet_taperloc\"> </a></td><td>Zimmer Biomet: Taperloc</td><td>Zimmer Biomet: Taperloc</td></tr><tr><td style=\"white-space:nowrap\">zimmer_biomet_wagner_cone<a name=\"HipJointArthroplastyComponent-zimmer_biomet_wagner_cone\"> </a></td><td>Zimmer Biomet: Wagner Cone</td><td>Zimmer Biomet: Wagner Cone</td></tr><tr><td style=\"white-space:nowrap\">zimmer_biomet_wagner_sl<a name=\"HipJointArthroplastyComponent-zimmer_biomet_wagner_sl\"> </a></td><td>Zimmer Biomet: Wagner SL</td><td>Zimmer Biomet: Wagner SL</td></tr><tr><td style=\"white-space:nowrap\">zimmer_biomet_zmr_porous_coated<a name=\"HipJointArthroplastyComponent-zimmer_biomet_zmr_porous_coated\"> </a></td><td>Zimmer Biomet: ZMR porous-coated</td><td>Zimmer Biomet: ZMR porous-coated</td></tr><tr><td style=\"white-space:nowrap\">zimmer_biomet_zmr_splined<a name=\"HipJointArthroplastyComponent-zimmer_biomet_zmr_splined\"> </a></td><td>Zimmer Biomet: ZMR splined</td><td>Zimmer Biomet: ZMR splined</td></tr><tr><td style=\"white-space:nowrap\">zimmer_biomet_zmr_taper<a name=\"HipJointArthroplastyComponent-zimmer_biomet_zmr_taper\"> </a></td><td>Zimmer Biomet: ZMR Taper</td><td>Zimmer Biomet: ZMR Taper</td></tr><tr><td style=\"white-space:nowrap\">zimmer_biomet_zmr_taper_xl<a name=\"HipJointArthroplastyComponent-zimmer_biomet_zmr_taper_xl\"> </a></td><td>Zimmer Biomet: ZMR Taper XL</td><td>Zimmer Biomet: ZMR Taper XL</td></tr></table></div>"
  },
  "url" : "https://kip.sundk.dk/fhir/CodeSystem/HipJointArthroplastyComponent",
  "version" : "0.0.9",
  "name" : "HipJointArthroplastyComponent",
  "title" : "Hip joint arthroplasty - components",
  "status" : "active",
  "date" : "2022-11-16T00:00:00+02:00",
  "publisher" : "Sundhedsvæsnets Kvalistetsinstitut with Trifork Public A/S",
  "contact" : [{
    "name" : "Sundhedsvæsnets Kvalistetsinstitut with Trifork Public A/S",
    "telecom" : [{
      "system" : "url",
      "value" : "https://trifork.com"
    },
    {
      "system" : "email",
      "value" : "rbk@trifork.com"
    }]
  }],
  "description" : "Hip joint arthroplasty - components",
  "caseSensitive" : false,
  "content" : "complete",
  "count" : 83,
  "concept" : [{
    "code" : "depuy_bi_mentum_cemented_cup",
    "display" : "DePuy: BI MENTUM CEMENTED CUP",
    "definition" : "DePuy: BI MENTUM CEMENTED CUP"
  },
  {
    "code" : "depuy_bi_mentum_plus_cup",
    "display" : "DePuy: BI MENTUM PLUS CUP",
    "definition" : "DePuy: BI MENTUM PLUS CUP"
  },
  {
    "code" : "depuy_bi_mentum_pressfit_cup",
    "display" : "DePuy: BI MENTUM PRESSFIT CUP",
    "definition" : "DePuy: BI MENTUM PRESSFIT CUP"
  },
  {
    "code" : "depuy_bi_mentum_revision_cup",
    "display" : "DePuy: BI MENTUM REVISION CUP",
    "definition" : "DePuy: BI MENTUM REVISION CUP"
  },
  {
    "code" : "depuy_pinnacle_gripton",
    "display" : "DePuy: Pinnacle Gription",
    "definition" : "DePuy: Pinnacle Gription"
  },
  {
    "code" : "depuy_pinnacle_porocoat",
    "display" : "DePuy: Pinnacle Porocoat",
    "definition" : "DePuy: Pinnacle Porocoat"
  },
  {
    "code" : "implant_cast_mutars_lumic",
    "display" : "Implantcast: Mutars Lumic",
    "definition" : "Implantcast: Mutars Lumic"
  },
  {
    "code" : "link_lubinus",
    "display" : "Link: Lubinus",
    "definition" : "Link: Lubinus"
  },
  {
    "code" : "ortotech_saturne",
    "display" : "Ortotech: Saturne",
    "definition" : "Ortotech: Saturne"
  },
  {
    "code" : "ortotech_saturne_reconstruction",
    "display" : "Ortotech: Saturne rekonstruktion",
    "definition" : "Ortotech: Saturne rekonstruktion"
  },
  {
    "code" : "serf_fischer_medical_novae_coptos_th",
    "display" : "Serf/Fischer Medical: Novae Coptos TH (Serf)",
    "definition" : "Serf: Novae Coptos TH"
  },
  {
    "code" : "serf_fischer_medical_novae_e_th",
    "display" : "Serf/Fischer Medical: Novae E TH (Serf) ",
    "definition" : "Serf: Novae E TH"
  },
  {
    "code" : "serf_fischer_medical_novae_stick",
    "display" : "Serf/Fischer Medical: Novae Stick (Serf)",
    "definition" : "Serf: Novae Stick"
  },
  {
    "code" : "serf_fischer_medical_novae_sunfit",
    "display" : "Serf/Fischer Medical: Novae Sunfit (Serf)",
    "definition" : "Serf: Novae Sunfit"
  },
  {
    "code" : "smith&nephew_bhr",
    "display" : "Smith & Nephew: BHR",
    "definition" : "Smith & Nephew: BHR (Acetabulum + Femur)"
  },
  {
    "code" : "smith&nephew_polarcup",
    "display" : "Smith & Nephew: Polarcup",
    "definition" : "Smith & Nephew: Polarcup"
  },
  {
    "code" : "smith&nephew_r3",
    "display" : "Smith & Nephew: R3",
    "definition" : "Smith & Nephew: R3"
  },
  {
    "code" : "stryker_contemporary",
    "display" : "Stryker: Contemporary",
    "definition" : "Stryker: Contemporary"
  },
  {
    "code" : "stryker_exeter_rimfit_x3",
    "display" : "Stryker: Exeter Rimfit X3",
    "definition" : "Stryker: Exeter Rimfit X3"
  },
  {
    "code" : "stryker_restoration_anatomical",
    "display" : "Stryker: Restoration Anatomical (Stryker)",
    "definition" : "Stryker: Restoration Anatomical"
  },
  {
    "code" : "stryker_trident_ad_hemispheric",
    "display" : "Stryker: Trident AD hemisfærisk",
    "definition" : "Stryker: Trident AD hemisfærisk"
  },
  {
    "code" : "stryker_trident_ad_psl",
    "display" : "Stryker: Trident AD PSL",
    "definition" : "Stryker: Trident AD PSL"
  },
  {
    "code" : "stryker_trident_all_poly",
    "display" : "Stryker: Trident All Poly",
    "definition" : "Stryker: Trident All Poly"
  },
  {
    "code" : "stryker_trident_ii",
    "display" : "Stryker: Trident II",
    "definition" : "Stryker: Trident II"
  },
  {
    "code" : "stryker_trident_ii_psl",
    "display" : "Stryker: Trident II PSL",
    "definition" : "Stryker: Trident II PSL"
  },
  {
    "code" : "stryker_trident_ii_tritanium",
    "display" : "Stryker: Trident II Tritanium",
    "definition" : "Stryker: Trident II Tritanium"
  },
  {
    "code" : "stryker_trident_tritanium_primary",
    "display" : "Stryker: Trident Tritanium primary",
    "definition" : "Stryker: Trident Tritanium primary"
  },
  {
    "code" : "stryker_trident_tritanium_revision",
    "display" : "Stryker: Trident Tritanium Revision",
    "definition" : "Stryker: Trident Tritanium Revision"
  },
  {
    "code" : "zimmer_biomet_advantage",
    "display" : "Zimmer Biomet: Avantage",
    "definition" : "Zimmer Biomet: Avantage"
  },
  {
    "code" : "zimmer_biomet_exceed_abt",
    "display" : "Zimmer Biomet: Exceed ABT",
    "definition" : "Zimmer Biomet: Exceed ABT"
  },
  {
    "code" : "zimmer_biomet_exceed_cemented_flanged_e1",
    "display" : "Zimmer Biomet: Exceed Cemented Flanged E1",
    "definition" : "Zimmer Biomet: Exceed Cemented Flanged E1"
  },
  {
    "code" : "zimmer_biomet_exceed_cemented_muller_e1",
    "display" : "Zimmer Biomet: Exceed Cemented Muller E1",
    "definition" : "Zimmer Biomet: Exceed Cemented Muller E1"
  },
  {
    "code" : "zimmer_biomet_exceed_cemented_non_flanged_e1",
    "display" : "Zimmer Biomet: Exceed Cemented Non Flanged E1",
    "definition" : "Zimmer Biomet: Exceed Cemented Non Flanged E1"
  },
  {
    "code" : "zimmer_biomet_g7_osseoti_coating",
    "display" : "Zimmer Biomet: G7 OsseoTi coating ",
    "definition" : "Zimmer Biomet: G7 OsseoTi coating "
  },
  {
    "code" : "zimmer_biomet_g7_pps",
    "display" : "Zimmer: G7 PPS",
    "definition" : "Zimmer: G7 PPS"
  },
  {
    "code" : "zimmer_biomet_mallory_head",
    "display" : "Zimmer Biomet: Mallory-Head",
    "definition" : "Zimmer Biomet: Mallory-Head"
  },
  {
    "code" : "zimmer_biomet_mueller",
    "display" : "Zimmer Biomet: Müller",
    "definition" : "Zimmer Biomet: Müller"
  },
  {
    "code" : "zimmer_biomet_regenerex_revision_acetabular",
    "display" : "Zimmer Biomet: Regenerex ™ Revision Acetabular",
    "definition" : "Zimmer Biomet: Regenerex ™ Revision Acetabular"
  },
  {
    "code" : "zimmer_biomet_tmt_continuum",
    "display" : "Zimmer Biomet: TMT Continuum (Zimmer-Biomet)",
    "definition" : "Zimmer Biomet: TMT Continuum"
  },
  {
    "code" : "zimmer_biomet_tmt_modular_cup",
    "display" : "Zimmer Biomet: TMT Modular Cup",
    "definition" : "Zimmer Biomet: TMT Modular Cup"
  },
  {
    "code" : "zimmer_biomet_tmt_revision",
    "display" : "Zimmer Biomet: TMT Revision",
    "definition" : "Zimmer Biomet: TMARS"
  },
  {
    "code" : "zimmer_biomet_trilogy",
    "display" : "Zimmer Biomet: Trilogy",
    "definition" : "Zimmer Biomet: Trilogy"
  },
  {
    "code" : "zimmer_biomet_trilogy_it",
    "display" : "Zimmer: Trilogy IT",
    "definition" : "Zimmer: Trilogy IT"
  },
  {
    "code" : "zimmer_biomet_zca",
    "display" : "Zimmer Biomet: ZCA",
    "definition" : "Zimmer Biomet: ZCA"
  },
  {
    "code" : "depuy_corail_collar",
    "display" : "DePuy: Corail m/krave",
    "definition" : "DePuy: Corail m/krave"
  },
  {
    "code" : "depuy_corail_without_collar",
    "display" : "DePuy: Corail u/krave",
    "definition" : "DePuy: Corail u/krave"
  },
  {
    "code" : "depuy_corail_revision_stem",
    "display" : "DePuy: Corail Revision Stem - KAR",
    "definition" : "DePuy: Corail Revision Stem - KAR"
  },
  {
    "code" : "depuy_c_stem_amt",
    "display" : "DePuy: C-stem AMT",
    "definition" : "DePuy: C-stem AMT"
  },
  {
    "code" : "depuy_summit",
    "display" : "DePuy: Summit",
    "definition" : "DePuy: Summit"
  },
  {
    "code" : "implantcast_mutars_proximal_femoral_replacement",
    "display" : "Implantcast: Mutars proksimal femoral replacement",
    "definition" : "Implantcast: Mutars proksimal femoral replacement"
  },
  {
    "code" : "lima_h_max_lateralized",
    "display" : "Lima: H-MAX: Lateralized",
    "definition" : "Lima: H-MAX: Lateralized"
  },
  {
    "code" : "lima_h_max_standard",
    "display" : "Lima: H-MAX: Standard",
    "definition" : "Lima: H-MAX: Standard"
  },
  {
    "code" : "link_link_mp",
    "display" : "Link: Link MP",
    "definition" : "Link: Link MP"
  },
  {
    "code" : "link_lubinus_sp_ii",
    "display" : "Link: Lubinus SP II",
    "definition" : "Link: Lubinus SP II"
  },
  {
    "code" : "peter_brehm_gmbh_mrp_titan",
    "display" : "Peter Brehm GmbH: MRP-Titan ",
    "definition" : "Peter Brehm GmbH: MRP-Titan "
  },
  {
    "code" : "smith&nephew_polarstem",
    "display" : "Smith & Nephew: Polarstem",
    "definition" : "Smith & Nephew: Polarstem"
  },
  {
    "code" : "stryker_acolade_ii",
    "display" : "Stryker: Accolade II ",
    "definition" : "Stryker: Accolade II "
  },
  {
    "code" : "stryker_exeter_primary_v40",
    "display" : "Stryker: Exeter Primary V40",
    "definition" : "Stryker: Exeter Primary V40"
  },
  {
    "code" : "stryker_gmrs_proximal_femoral_component",
    "display" : "Stryker: GMRS Proximal Femoral Component (Stryker)",
    "definition" : "Stryker: GMRS Proximal Femoral Component"
  },
  {
    "code" : "stryker_restoration_modular",
    "display" : "Stryker: Restoration modular",
    "definition" : "Stryker: Restoration modular"
  },
  {
    "code" : "viking_medical_cfp",
    "display" : "Viking Medical: C.F.P.",
    "definition" : "Viking Medical: C.F.P."
  },
  {
    "code" : "zimmer_biomet_arcos_revision",
    "display" : "Zimmer Biomet: Arcos revision",
    "definition" : "Zimmer Biomet: Arcos revision"
  },
  {
    "code" : "zimmer_biomet_avenir_cemented_stem",
    "display" : "Zimmer Biomet: Avenir cemented stem",
    "definition" : "Zimmer Biomet: Avenir cemented stem"
  },
  {
    "code" : "zimmer_biomet_avenir_cementless_stem",
    "display" : "Zimmer Biomet: Avenir cementless stem ",
    "definition" : "Zimmer Biomet: Avenir cementless stem"
  },
  {
    "code" : "zimmer_biomet_avenir_complete",
    "display" : "Zimmer Biomet: Avenir complete",
    "definition" : "Zimmer Biomet: Avenir complete"
  },
  {
    "code" : "zimmer_biomet_bimetrix_without_collar_chrome_cobalt",
    "display" : "Zimmer Biomet: Bimetric u/krave chrom/cobolt",
    "definition" : "Zimmer Biomet: Bimetric u/krave chrom/cobolt"
  },
  {
    "code" : "zimmer_biomet_bimetric_without_collar_titaneum",
    "display" : "Zimmer Biomet: Bimetric u/krave titaneum",
    "definition" : "Zimmer Biomet: Bimetric u/krave titaneum"
  },
  {
    "code" : "zimmer_biomet_cls_spotorno",
    "display" : "Zimmer Biomet: CLS Spotorno",
    "definition" : "Zimmer Biomet: CLS Spotorno"
  },
  {
    "code" : "zimmer_biomet_cpt",
    "display" : "Zimmer Biomet: CPT",
    "definition" : "Zimmer Biomet: CPT"
  },
  {
    "code" : "zimmer_biomet_echo_bi_metric_hip_stem_full_proximal_profile",
    "display" : "Zimmer Biomet: Echo Bi-metric Hip Stem Full Proximal Profile",
    "definition" : "Zimmer Biomet: Echo Bi-metric Hip Stem Full Proximal Profile"
  },
  {
    "code" : "zimmer_biomet_echo_bi_metric_reduced_proximal_profile",
    "display" : "Zimmer Biomet: Echo Bi-Metric Reduceret Proximal Profil",
    "definition" : "Zimmer Biomet: Echo Bi-Metric Reduceret Proximal Profil"
  },
  {
    "code" : "zimmer_biomet_fitmore",
    "display" : "Zimmer Biomet: Fitmore (Zimmer-Biomet) ",
    "definition" : "Zimmer Biomet: Fitmore"
  },
  {
    "code" : "zimmer_biomet_ms_30",
    "display" : "Zimmer Biomet: MS-30 (Zimmer-Biomet)",
    "definition" : "Zimmer Biomet: MS-30"
  },
  {
    "code" : "zimmer_biomet_primoris",
    "display" : "Zimmer Biomet: Primoris",
    "definition" : "Zimmer Biomet: Primoris"
  },
  {
    "code" : "zimmer_biomet_revitan_revision_hip_system",
    "display" : "Zimmer Biomet: Revitan Revision Hip System",
    "definition" : "Zimmer Biomet: Revitan Revision Hip System"
  },
  {
    "code" : "zimmer_biomet_stanmore",
    "display" : "Zimmer Biomet: Stanmore",
    "definition" : "Zimmer Biomet: Stanmore"
  },
  {
    "code" : "zimmer_biomet_taperloc",
    "display" : "Zimmer Biomet: Taperloc",
    "definition" : "Zimmer Biomet: Taperloc"
  },
  {
    "code" : "zimmer_biomet_wagner_cone",
    "display" : "Zimmer Biomet: Wagner Cone",
    "definition" : "Zimmer Biomet: Wagner Cone"
  },
  {
    "code" : "zimmer_biomet_wagner_sl",
    "display" : "Zimmer Biomet: Wagner SL",
    "definition" : "Zimmer Biomet: Wagner SL"
  },
  {
    "code" : "zimmer_biomet_zmr_porous_coated",
    "display" : "Zimmer Biomet: ZMR porous-coated",
    "definition" : "Zimmer Biomet: ZMR porous-coated"
  },
  {
    "code" : "zimmer_biomet_zmr_splined",
    "display" : "Zimmer Biomet: ZMR splined",
    "definition" : "Zimmer Biomet: ZMR splined"
  },
  {
    "code" : "zimmer_biomet_zmr_taper",
    "display" : "Zimmer Biomet: ZMR Taper",
    "definition" : "Zimmer Biomet: ZMR Taper"
  },
  {
    "code" : "zimmer_biomet_zmr_taper_xl",
    "display" : "Zimmer Biomet: ZMR Taper XL",
    "definition" : "Zimmer Biomet: ZMR Taper XL"
  }]
}