{
  "resourceType" : "CodeSystem",
  "id" : "Complications",
  "text" : {
    "status" : "generated",
    "div" : "<div xmlns=\"http://www.w3.org/1999/xhtml\"><p class=\"res-header-id\"><b>Generated Narrative: CodeSystem Complications</b></p><a name=\"Complications\"> </a><a name=\"hcComplications\"> </a><a name=\"Complications-en-US\"> </a><p>This case-insensitive code system <code>https://kip.sundk.dk/fhir/CodeSystem/Complications</code> defines the following codes in an undefined hierarchy:</p><table class=\"codes\"><tr><td><b>Lvl</b></td><td style=\"white-space:nowrap\"><b>Code</b></td><td><b>Display</b></td><td><b>Definition</b></td></tr><tr><td>1</td><td style=\"white-space:nowrap\">ami<a name=\"Complications-ami\"> </a></td><td>AMI</td><td>AMI - Myocardieinfarkt</td></tr><tr><td>1</td><td style=\"white-space:nowrap\">chylothorax<a name=\"Complications-chylothorax\"> </a></td><td>Chylothorax</td><td>Chylothorax</td></tr><tr><td>1</td><td style=\"white-space:nowrap\">fascierupture<a name=\"Complications-fascierupture\"> </a></td><td>Fascieruptur</td><td>Fascieruptur</td></tr><tr><td>1</td><td style=\"white-space:nowrap\">ileus<a name=\"Complications-ileus\"> </a></td><td>Ileus</td><td>Ileus</td></tr><tr><td>1</td><td style=\"white-space:nowrap\">intrathoracicbleeding<a name=\"Complications-intrathoracicbleeding\"> </a></td><td>Intrathorakal blødning</td><td>Intrathorakal blødning</td></tr><tr><td>1</td><td style=\"white-space:nowrap\">intraabdominalabscess<a name=\"Complications-intraabdominalabscess\"> </a></td><td>Intraabdominal absces</td><td>Intraabdominal absces</td></tr><tr><td>1</td><td style=\"white-space:nowrap\">intraabdominalbleeding<a name=\"Complications-intraabdominalbleeding\"> </a></td><td>Intraabdominal blødning</td><td>Intraabdominal blødning</td></tr><tr><td>1</td><td style=\"white-space:nowrap\">pulmonaryembolism<a name=\"Complications-pulmonaryembolism\"> </a></td><td>Lungeemboli</td><td>Lungeemboli</td></tr><tr><td>1</td><td style=\"white-space:nowrap\">perforation<a name=\"Complications-perforation\"> </a></td><td>Perforation</td><td>Perforation</td></tr><tr><td>2</td><td style=\"white-space:nowrap\">\u00a0\u00a0bloodvessel/aneurysm<a name=\"Complications-bloodvessel.47aneurysm\"> </a></td><td>Kar/anurisme</td><td>Perforation af kar eller aneurisme</td></tr><tr><td>1</td><td style=\"white-space:nowrap\">pleuraexudate<a name=\"Complications-pleuraexudate\"> </a></td><td>Pleuraeksudat</td><td>Pleuraeksudat</td></tr><tr><td>1</td><td style=\"white-space:nowrap\">pneumonia<a name=\"Complications-pneumonia\"> </a></td><td>Pneumoni</td><td>Pneumoni</td></tr><tr><td>1</td><td style=\"white-space:nowrap\">infection<a name=\"Complications-infection\"> </a></td><td>Sårinfektion</td><td>Sårinfektion</td></tr><tr><td>1</td><td style=\"white-space:nowrap\">anafylSchock<a name=\"Complications-anafylSchock\"> </a></td><td>Anafylaktisk reaktion/shock</td><td>Anafylaktisk reaktion/shock</td></tr><tr><td>1</td><td style=\"white-space:nowrap\">anInterrupt<a name=\"Complications-anInterrupt\"> </a></td><td>Anæstesi afbrudt</td><td>Anæstesi afbrudt</td></tr><tr><td>1</td><td style=\"white-space:nowrap\">appFailure<a name=\"Complications-appFailure\"> </a></td><td>Apparaturfejl</td><td>Apparaturfejl</td></tr><tr><td>1</td><td style=\"white-space:nowrap\">aspiration<a name=\"Complications-aspiration\"> </a></td><td>Aspiration</td><td>Aspiration</td></tr><tr><td>1</td><td style=\"white-space:nowrap\">duraptAcc<a name=\"Complications-duraptAcc\"> </a></td><td>Durapunktur accidentel</td><td>Durapunktur accidentel</td></tr><tr><td>1</td><td style=\"white-space:nowrap\">heartFail<a name=\"Complications-heartFail\"> </a></td><td>Hjertestop</td><td>Hjertestop</td></tr><tr><td>1</td><td style=\"white-space:nowrap\">huskeAN<a name=\"Complications-huskeAN\"> </a></td><td>Huskeanæstesi</td><td>Huskeanæstesi</td></tr><tr><td>1</td><td style=\"white-space:nowrap\">malignHyp<a name=\"Complications-malignHyp\"> </a></td><td>Malign Hypertermi mistanke</td><td>Malign Hypertermi mistanke</td></tr><tr><td>1</td><td style=\"white-space:nowrap\">medFail<a name=\"Complications-medFail\"> </a></td><td>Medicineringsfejl</td><td>Medicineringsfejl</td></tr><tr><td>1</td><td style=\"white-space:nowrap\">neuMuscBlock<a name=\"Complications-neuMuscBlock\"> </a></td><td>Neuromuskulær blokade, forlænget virkning</td><td>Neuromuskulær blokade, forlænget virkning</td></tr><tr><td>1</td><td style=\"white-space:nowrap\">dentInj<a name=\"Complications-dentInj\"> </a></td><td>Tandskade</td><td>Tandskade</td></tr><tr><td>1</td><td style=\"white-space:nowrap\">mors<a name=\"Complications-mors\"> </a></td><td>Mors, uventet</td><td>Mors, uventet</td></tr><tr><td>1</td><td style=\"white-space:nowrap\">dissection<a name=\"Complications-dissection\"> </a></td><td>Dissektion</td><td>Dissektion</td></tr><tr><td>1</td><td style=\"white-space:nowrap\">thromboembolic<a name=\"Complications-thromboembolic\"> </a></td><td>Tromboemboliske komplikationer</td><td>Tromboemboliske komplikationer som medfører infarkt inden for 24 timer</td></tr><tr><td>1</td><td style=\"white-space:nowrap\">groinbleeding<a name=\"Complications-groinbleeding\"> </a></td><td>Blødning fra lysken</td><td>Alvorlig blødning fra lysken</td></tr><tr><td>1</td><td style=\"white-space:nowrap\">mechanical<a name=\"Complications-mechanical\"> </a></td><td>Mekaniske</td><td>Mekaniske komplikationer</td></tr><tr><td>1</td><td style=\"white-space:nowrap\">bloodvesselocclusion<a name=\"Complications-bloodvesselocclusion\"> </a></td><td>Aflukning af kar</td><td>Aflukning af kar medførende infarkt indenfor 24 timer</td></tr><tr><td>1</td><td style=\"white-space:nowrap\">peroperativebleeding<a name=\"Complications-peroperativebleeding\"> </a></td><td>Peroperativ blødning</td><td>Livstruende peroperativ blødning, der ikke kan kontrolleres inden for få sekunder</td></tr><tr><td>1</td><td style=\"white-space:nowrap\">other<a name=\"Complications-other\"> </a></td><td>Other</td><td>Other</td></tr><tr><td>1</td><td style=\"white-space:nowrap\">vascular-unspecific<a name=\"Complications-vascular-unspecific\"> </a></td><td>Vascular, unspecific</td><td>Vascular, unspecific</td></tr><tr><td>1</td><td style=\"white-space:nowrap\">infarction-unspecific<a name=\"Complications-infarction-unspecific\"> </a></td><td>Cerebral infarction and bleeding, unspecific</td><td>Cerebral infarction and bleeding, unspecific</td></tr><tr><td>1</td><td style=\"white-space:nowrap\">post_polypectomy_syndrome<a name=\"Complications-post_polypectomy_syndrome\"> </a></td><td>Post polypectomy syndrome</td><td>Post polypectomy syndrome / Postpolypektomisyndrom</td></tr><tr><td>1</td><td style=\"white-space:nowrap\">urinary_retention<a name=\"Complications-urinary_retention\"> </a></td><td>Urinary retention</td><td>Urinary retention / Urinretention</td></tr><tr><td>1</td><td style=\"white-space:nowrap\">medical<a name=\"Complications-medical\"> </a></td><td>Medical complication</td><td>Medical complication / Medicinsk komplikation</td></tr><tr><td>1</td><td style=\"white-space:nowrap\">movement_restriction<a name=\"Complications-movement_restriction\"> </a></td><td>Movement restriction</td><td>Movement restriction / Bevægelsesindskrænkning</td></tr><tr><td>1</td><td style=\"white-space:nowrap\">chronic_pain<a name=\"Complications-chronic_pain\"> </a></td><td>Chronic pain</td><td>Chronic pain / Kronisk smerte</td></tr><tr><td>1</td><td style=\"white-space:nowrap\">reoperation<a name=\"Complications-reoperation\"> </a></td><td>Reoperation</td><td>Reoperation</td></tr><tr><td>1</td><td style=\"white-space:nowrap\">rupture<a name=\"Complications-rupture\"> </a></td><td>Rupture</td><td>Rupture / Ruptur</td></tr><tr><td>2</td><td style=\"white-space:nowrap\">\u00a0\u00a0rupture_patella_ligament<a name=\"Complications-rupture_patella_ligament\"> </a></td><td>Rupture of patella ligament</td><td>Rupture of patella ligament / Ruptur af patellasene</td></tr><tr><td>1</td><td style=\"white-space:nowrap\">thrombosis<a name=\"Complications-thrombosis\"> </a></td><td>Thrombosis</td><td>Thrombosis / Trombose</td></tr><tr><td>2</td><td style=\"white-space:nowrap\">\u00a0\u00a0dvt<a name=\"Complications-dvt\"> </a></td><td>Dyb vene trombose</td><td>Dyb vene trombose</td></tr><tr><td>2</td><td style=\"white-space:nowrap\">\u00a0\u00a0abdominal<a name=\"Complications-abdominal\"> </a></td><td>Abdominal /hepatisk/milt trombose</td><td>Abdominal /hepatisk/milt trombose</td></tr><tr><td>1</td><td style=\"white-space:nowrap\">marrow_relapse<a name=\"Complications-marrow_relapse\"> </a></td><td>Marrow relapse</td><td>Marrow relapse / Marv relaps</td></tr><tr><td>1</td><td style=\"white-space:nowrap\">rising_m_component<a name=\"Complications-rising_m_component\"> </a></td><td>Rising M-component</td><td>Rising M-component / Stigende M-komponent</td></tr><tr><td>1</td><td style=\"white-space:nowrap\">hypercalcemia<a name=\"Complications-hypercalcemia\"> </a></td><td>Hypercalcemia</td><td>Hypercalcemia / Hypercalcæmi</td></tr><tr><td>1</td><td style=\"white-space:nowrap\">osteolytic_foci<a name=\"Complications-osteolytic_foci\"> </a></td><td>Progressive osteolytic foci</td><td>Progressive osteolytic foci / Progression af osteolytiske foci</td></tr><tr><td>1</td><td style=\"white-space:nowrap\">medullary_cross_sectional_syndrome<a name=\"Complications-medullary_cross_sectional_syndrome\"> </a></td><td>Medullary cross-sectional syndrome</td><td>Medullary cross-sectional syndrome / Medullært tværsnitssyndrom</td></tr><tr><td>1</td><td style=\"white-space:nowrap\">extremedullery_myeloma<a name=\"Complications-extremedullery_myeloma\"> </a></td><td>Extremedullary Myeloma</td><td>Extremedullary Myeloma / Ekstramedullære Myelomer</td></tr><tr><td>1</td><td style=\"white-space:nowrap\">plasma_cell_leukemia<a name=\"Complications-plasma_cell_leukemia\"> </a></td><td>Plasma cell leukemia</td><td>Plasma cell leukemia / Plasmacelle leukæmi</td></tr><tr><td>1</td><td style=\"white-space:nowrap\">uremia<a name=\"Complications-uremia\"> </a></td><td>Uremia</td><td>Uremia / Uræmi / SNOMED-CT: 44730006</td></tr><tr><td>2</td><td style=\"white-space:nowrap\">\u00a0\u00a0uremia_clinically<a name=\"Complications-uremia_clinically\"> </a></td><td>Uremia (clinically significant)</td><td>Uremia (clinically significant) / Uræmi (klinisk betydende)</td></tr><tr><td>2</td><td style=\"white-space:nowrap\">\u00a0\u00a0uremia_dialysis<a name=\"Complications-uremia_dialysis\"> </a></td><td>Uremia (chronic dialysis requiring)</td><td>Uremia (chronic dialysis requiring) / Uræmi (kronisk dialysekrævende)</td></tr><tr><td>1</td><td style=\"white-space:nowrap\">amyloidosis<a name=\"Complications-amyloidosis\"> </a></td><td>Amyloidosis</td><td>Amyloidosis / Amyloidose / SNOMED-CT: 17602002</td></tr><tr><td>1</td><td style=\"white-space:nowrap\">neuropathy<a name=\"Complications-neuropathy\"> </a></td><td>Neuropathy</td><td>Neuropathy / Neuropati / SNOMED-CT: 386033004</td></tr><tr><td>1</td><td style=\"white-space:nowrap\">hyperviscosity<a name=\"Complications-hyperviscosity\"> </a></td><td>Hyperviscosity</td><td>Hyperviscosity / Hyperviskositet / SNOMED-CT: 64088006</td></tr><tr><td>1</td><td style=\"white-space:nowrap\">tci<a name=\"Complications-tci\"> </a></td><td>TCI</td><td>TCI</td></tr><tr><td>1</td><td style=\"white-space:nowrap\">bleeding<a name=\"Complications-bleeding\"> </a></td><td>Bleeding</td><td>Bleeding / Blødning</td></tr><tr><td>1</td><td style=\"white-space:nowrap\">apoplexia_cerebri<a name=\"Complications-apoplexia_cerebri\"> </a></td><td>Apopleksi cerebri</td><td>Apopleksi cerebri</td></tr><tr><td>1</td><td style=\"white-space:nowrap\">hematoma<a name=\"Complications-hematoma\"> </a></td><td>Surgery required hematoma</td><td>Surgery required hematoma / operationskrævende hæmatom</td></tr><tr><td>1</td><td style=\"white-space:nowrap\">lymph_leakage<a name=\"Complications-lymph_leakage\"> </a></td><td>Lymph leakage over 2 days</td><td>Lymph leakage over 2 days / lymfesiven over 2 døgn (forlænger indlæggelsen)</td></tr><tr><td>1</td><td style=\"white-space:nowrap\">necrosis<a name=\"Complications-necrosis\"> </a></td><td>Surgery required necrosis</td><td>Surgery required necrosis / operationskrævende randnekrose</td></tr><tr><td>1</td><td style=\"white-space:nowrap\">lymphocele<a name=\"Complications-lymphocele\"> </a></td><td>Surgery required lymphocele</td><td>Surgery required lymphocele / operationskrævende lymfocele</td></tr><tr><td>1</td><td style=\"white-space:nowrap\">superficial_subcutaneous_infection<a name=\"Complications-superficial_subcutaneous_infection\"> </a></td><td>Superficial/subcutaneous infection</td><td>overfladisk / subcutan infektion (ved antibiotika eller operation)</td></tr><tr><td>1</td><td style=\"white-space:nowrap\">deep_prosthesis_infection<a name=\"Complications-deep_prosthesis_infection\"> </a></td><td>Deep/prosthesis infection</td><td>Deep/prosthesis infection / dyb / protese infektion (ved antibiotika eller operation)</td></tr><tr><td>1</td><td style=\"white-space:nowrap\">segment_elevation_myocardial_infarction<a name=\"Complications-segment_elevation_myocardial_infarction\"> </a></td><td>Type of heart attack</td><td>Type of heart attack that mainly affects your hearts lower chambers</td></tr><tr><td>1</td><td style=\"white-space:nowrap\">bundle_branch_block_myocardial_infarction<a name=\"Complications-bundle_branch_block_myocardial_infarction\"> </a></td><td>Type of heart attack</td><td>--</td></tr><tr><td>1</td><td style=\"white-space:nowrap\">non_segment_elevation_myocardial_infarction<a name=\"Complications-non_segment_elevation_myocardial_infarction\"> </a></td><td>Type of heart attack</td><td>--</td></tr><tr><td>1</td><td style=\"white-space:nowrap\">unstable_agina<a name=\"Complications-unstable_agina\"> </a></td><td>Heart failure?</td><td>--</td></tr><tr><td>1</td><td style=\"white-space:nowrap\">rulled_out_heart_attack<a name=\"Complications-rulled_out_heart_attack\"> </a></td><td>No heart attack/failur</td><td>--</td></tr><tr><td>1</td><td style=\"white-space:nowrap\">anterior_segment_elevation_myocardial_infarction<a name=\"Complications-anterior_segment_elevation_myocardial_infarction\"> </a></td><td>Postion</td><td>--</td></tr><tr><td>1</td><td style=\"white-space:nowrap\">non_anterior_segment_elevation_myocardial_infarction<a name=\"Complications-non_anterior_segment_elevation_myocardial_infarction\"> </a></td><td>Position</td><td>--</td></tr><tr><td>1</td><td style=\"white-space:nowrap\">heart_failur_class_2<a name=\"Complications-heart_failur_class_2\"> </a></td><td>Class 2 heartfailure</td><td>--</td></tr><tr><td>1</td><td style=\"white-space:nowrap\">heart_failur_class_3<a name=\"Complications-heart_failur_class_3\"> </a></td><td>Class 3 heartfailure</td><td>--</td></tr><tr><td>1</td><td style=\"white-space:nowrap\">heart_failur_class_4<a name=\"Complications-heart_failur_class_4\"> </a></td><td>Class 4 heartfailure</td><td>--</td></tr></table></div>"
  },
  "url" : "https://kip.sundk.dk/fhir/CodeSystem/Complications",
  "version" : "0.0.9",
  "name" : "Complications",
  "title" : "Complications",
  "status" : "active",
  "date" : "2022-06-07T00:00:00+02:00",
  "publisher" : "Sundhedsvæsnets Kvalistetsinstitut with Trifork Public A/S",
  "contact" : [{
    "name" : "Sundhedsvæsnets Kvalistetsinstitut with Trifork Public A/S",
    "telecom" : [{
      "system" : "url",
      "value" : "https://trifork.com"
    },
    {
      "system" : "email",
      "value" : "rbk@trifork.com"
    }]
  }],
  "description" : "Complications - several procedures",
  "caseSensitive" : false,
  "content" : "complete",
  "count" : 77,
  "concept" : [{
    "code" : "ami",
    "display" : "AMI",
    "definition" : "AMI - Myocardieinfarkt"
  },
  {
    "code" : "chylothorax",
    "display" : "Chylothorax",
    "definition" : "Chylothorax"
  },
  {
    "code" : "fascierupture",
    "display" : "Fascieruptur",
    "definition" : "Fascieruptur"
  },
  {
    "code" : "ileus",
    "display" : "Ileus",
    "definition" : "Ileus"
  },
  {
    "code" : "intrathoracicbleeding",
    "display" : "Intrathorakal blødning",
    "definition" : "Intrathorakal blødning"
  },
  {
    "code" : "intraabdominalabscess",
    "display" : "Intraabdominal absces",
    "definition" : "Intraabdominal absces"
  },
  {
    "code" : "intraabdominalbleeding",
    "display" : "Intraabdominal blødning",
    "definition" : "Intraabdominal blødning"
  },
  {
    "code" : "pulmonaryembolism",
    "display" : "Lungeemboli",
    "definition" : "Lungeemboli"
  },
  {
    "code" : "perforation",
    "display" : "Perforation",
    "definition" : "Perforation",
    "concept" : [{
      "code" : "bloodvessel/aneurysm",
      "display" : "Kar/anurisme",
      "definition" : "Perforation af kar eller aneurisme"
    }]
  },
  {
    "code" : "pleuraexudate",
    "display" : "Pleuraeksudat",
    "definition" : "Pleuraeksudat"
  },
  {
    "code" : "pneumonia",
    "display" : "Pneumoni",
    "definition" : "Pneumoni"
  },
  {
    "code" : "infection",
    "display" : "Sårinfektion",
    "definition" : "Sårinfektion"
  },
  {
    "code" : "anafylSchock",
    "display" : "Anafylaktisk reaktion/shock",
    "definition" : "Anafylaktisk reaktion/shock"
  },
  {
    "code" : "anInterrupt",
    "display" : "Anæstesi afbrudt",
    "definition" : "Anæstesi afbrudt"
  },
  {
    "code" : "appFailure",
    "display" : "Apparaturfejl",
    "definition" : "Apparaturfejl"
  },
  {
    "code" : "aspiration",
    "display" : "Aspiration",
    "definition" : "Aspiration"
  },
  {
    "code" : "duraptAcc",
    "display" : "Durapunktur accidentel",
    "definition" : "Durapunktur accidentel"
  },
  {
    "code" : "heartFail",
    "display" : "Hjertestop",
    "definition" : "Hjertestop"
  },
  {
    "code" : "huskeAN",
    "display" : "Huskeanæstesi",
    "definition" : "Huskeanæstesi"
  },
  {
    "code" : "malignHyp",
    "display" : "Malign Hypertermi mistanke",
    "definition" : "Malign Hypertermi mistanke"
  },
  {
    "code" : "medFail",
    "display" : "Medicineringsfejl",
    "definition" : "Medicineringsfejl"
  },
  {
    "code" : "neuMuscBlock",
    "display" : "Neuromuskulær blokade, forlænget virkning",
    "definition" : "Neuromuskulær blokade, forlænget virkning"
  },
  {
    "code" : "dentInj",
    "display" : "Tandskade",
    "definition" : "Tandskade"
  },
  {
    "code" : "mors",
    "display" : "Mors, uventet",
    "definition" : "Mors, uventet"
  },
  {
    "code" : "dissection",
    "display" : "Dissektion",
    "definition" : "Dissektion"
  },
  {
    "code" : "thromboembolic",
    "display" : "Tromboemboliske komplikationer",
    "definition" : "Tromboemboliske komplikationer som medfører infarkt inden for 24 timer"
  },
  {
    "code" : "groinbleeding",
    "display" : "Blødning fra lysken",
    "definition" : "Alvorlig blødning fra lysken"
  },
  {
    "code" : "mechanical",
    "display" : "Mekaniske",
    "definition" : "Mekaniske komplikationer"
  },
  {
    "code" : "bloodvesselocclusion",
    "display" : "Aflukning af kar",
    "definition" : "Aflukning af kar medførende infarkt indenfor 24 timer"
  },
  {
    "code" : "peroperativebleeding",
    "display" : "Peroperativ blødning",
    "definition" : "Livstruende peroperativ blødning, der ikke kan kontrolleres inden for få sekunder"
  },
  {
    "code" : "other",
    "display" : "Other",
    "definition" : "Other"
  },
  {
    "code" : "vascular-unspecific",
    "display" : "Vascular, unspecific",
    "definition" : "Vascular, unspecific"
  },
  {
    "code" : "infarction-unspecific",
    "display" : "Cerebral infarction and bleeding, unspecific",
    "definition" : "Cerebral infarction and bleeding, unspecific"
  },
  {
    "code" : "post_polypectomy_syndrome",
    "display" : "Post polypectomy syndrome",
    "definition" : "Post polypectomy syndrome / Postpolypektomisyndrom"
  },
  {
    "code" : "urinary_retention",
    "display" : "Urinary retention",
    "definition" : "Urinary retention / Urinretention"
  },
  {
    "code" : "medical",
    "display" : "Medical complication",
    "definition" : "Medical complication / Medicinsk komplikation"
  },
  {
    "code" : "movement_restriction",
    "display" : "Movement restriction",
    "definition" : "Movement restriction / Bevægelsesindskrænkning"
  },
  {
    "code" : "chronic_pain",
    "display" : "Chronic pain",
    "definition" : "Chronic pain / Kronisk smerte"
  },
  {
    "code" : "reoperation",
    "display" : "Reoperation",
    "definition" : "Reoperation"
  },
  {
    "code" : "rupture",
    "display" : "Rupture",
    "definition" : "Rupture / Ruptur",
    "concept" : [{
      "code" : "rupture_patella_ligament",
      "display" : "Rupture of patella ligament",
      "definition" : "Rupture of patella ligament / Ruptur af patellasene"
    }]
  },
  {
    "code" : "thrombosis",
    "display" : "Thrombosis",
    "definition" : "Thrombosis / Trombose",
    "concept" : [{
      "code" : "dvt",
      "display" : "Dyb vene trombose",
      "definition" : "Dyb vene trombose"
    },
    {
      "code" : "abdominal",
      "display" : "Abdominal /hepatisk/milt trombose",
      "definition" : "Abdominal /hepatisk/milt trombose"
    }]
  },
  {
    "code" : "marrow_relapse",
    "display" : "Marrow relapse",
    "definition" : "Marrow relapse / Marv relaps"
  },
  {
    "code" : "rising_m_component",
    "display" : "Rising M-component",
    "definition" : "Rising M-component / Stigende M-komponent"
  },
  {
    "code" : "hypercalcemia",
    "display" : "Hypercalcemia",
    "definition" : "Hypercalcemia / Hypercalcæmi"
  },
  {
    "code" : "osteolytic_foci",
    "display" : "Progressive osteolytic foci",
    "definition" : "Progressive osteolytic foci / Progression af osteolytiske foci"
  },
  {
    "code" : "medullary_cross_sectional_syndrome",
    "display" : "Medullary cross-sectional syndrome",
    "definition" : "Medullary cross-sectional syndrome / Medullært tværsnitssyndrom"
  },
  {
    "code" : "extremedullery_myeloma",
    "display" : "Extremedullary Myeloma",
    "definition" : "Extremedullary Myeloma / Ekstramedullære Myelomer"
  },
  {
    "code" : "plasma_cell_leukemia",
    "display" : "Plasma cell leukemia",
    "definition" : "Plasma cell leukemia / Plasmacelle leukæmi"
  },
  {
    "code" : "uremia",
    "display" : "Uremia",
    "definition" : "Uremia / Uræmi / SNOMED-CT: 44730006",
    "concept" : [{
      "code" : "uremia_clinically",
      "display" : "Uremia (clinically significant)",
      "definition" : "Uremia (clinically significant) / Uræmi (klinisk betydende)"
    },
    {
      "code" : "uremia_dialysis",
      "display" : "Uremia (chronic dialysis requiring)",
      "definition" : "Uremia (chronic dialysis requiring) / Uræmi (kronisk dialysekrævende)"
    }]
  },
  {
    "code" : "amyloidosis",
    "display" : "Amyloidosis",
    "definition" : "Amyloidosis / Amyloidose / SNOMED-CT: 17602002"
  },
  {
    "code" : "neuropathy",
    "display" : "Neuropathy",
    "definition" : "Neuropathy / Neuropati / SNOMED-CT: 386033004"
  },
  {
    "code" : "hyperviscosity",
    "display" : "Hyperviscosity",
    "definition" : "Hyperviscosity / Hyperviskositet / SNOMED-CT: 64088006"
  },
  {
    "code" : "tci",
    "display" : "TCI",
    "definition" : "TCI"
  },
  {
    "code" : "bleeding",
    "display" : "Bleeding",
    "definition" : "Bleeding / Blødning"
  },
  {
    "code" : "apoplexia_cerebri",
    "display" : "Apopleksi cerebri",
    "definition" : "Apopleksi cerebri"
  },
  {
    "code" : "hematoma",
    "display" : "Surgery required hematoma",
    "definition" : "Surgery required hematoma / operationskrævende hæmatom"
  },
  {
    "code" : "lymph_leakage",
    "display" : "Lymph leakage over 2 days",
    "definition" : "Lymph leakage over 2 days / lymfesiven over 2 døgn (forlænger indlæggelsen)"
  },
  {
    "code" : "necrosis",
    "display" : "Surgery required necrosis",
    "definition" : "Surgery required necrosis / operationskrævende randnekrose"
  },
  {
    "code" : "lymphocele",
    "display" : "Surgery required lymphocele",
    "definition" : "Surgery required lymphocele / operationskrævende lymfocele"
  },
  {
    "code" : "superficial_subcutaneous_infection",
    "display" : "Superficial/subcutaneous infection",
    "definition" : "overfladisk / subcutan infektion (ved antibiotika eller operation)"
  },
  {
    "code" : "deep_prosthesis_infection",
    "display" : "Deep/prosthesis infection",
    "definition" : "Deep/prosthesis infection / dyb / protese infektion (ved antibiotika eller operation)"
  },
  {
    "code" : "segment_elevation_myocardial_infarction",
    "display" : "Type of heart attack",
    "definition" : "Type of heart attack that mainly affects your hearts lower chambers"
  },
  {
    "code" : "bundle_branch_block_myocardial_infarction",
    "display" : "Type of heart attack",
    "definition" : "--"
  },
  {
    "code" : "non_segment_elevation_myocardial_infarction",
    "display" : "Type of heart attack",
    "definition" : "--"
  },
  {
    "code" : "unstable_agina",
    "display" : "Heart failure?",
    "definition" : "--"
  },
  {
    "code" : "rulled_out_heart_attack",
    "display" : "No heart attack/failur",
    "definition" : "--"
  },
  {
    "code" : "anterior_segment_elevation_myocardial_infarction",
    "display" : "Postion",
    "definition" : "--"
  },
  {
    "code" : "non_anterior_segment_elevation_myocardial_infarction",
    "display" : "Position",
    "definition" : "--"
  },
  {
    "code" : "heart_failur_class_2",
    "display" : "Class 2 heartfailure",
    "definition" : "--"
  },
  {
    "code" : "heart_failur_class_3",
    "display" : "Class 3 heartfailure",
    "definition" : "--"
  },
  {
    "code" : "heart_failur_class_4",
    "display" : "Class 4 heartfailure",
    "definition" : "--"
  }]
}