{
  "resourceType" : "CodeSystem",
  "id" : "ConferenceParticipants",
  "text" : {
    "status" : "generated",
    "div" : "<div xmlns=\"http://www.w3.org/1999/xhtml\"><p class=\"res-header-id\"><b>Generated Narrative: CodeSystem ConferenceParticipants</b></p><a name=\"ConferenceParticipants\"> </a><a name=\"hcConferenceParticipants\"> </a><a name=\"ConferenceParticipants-en-US\"> </a><p>This  code system <code>https://kip.sundk.dk/fhir/CodeSystem/ConferenceParticipants</code> defines the following codes:</p><table class=\"codes\"><tr><td style=\"white-space:nowrap\"><b>Code</b></td><td><b>Display</b></td><td><b>Definition</b></td></tr><tr><td style=\"white-space:nowrap\">2-3<a name=\"ConferenceParticipants-2-3\"> </a></td><td>2 - 3 professions</td><td>2 - 3 specificerede faggrupper</td></tr><tr><td style=\"white-space:nowrap\">4+<a name=\"ConferenceParticipants-4.43\"> </a></td><td>minimum 4 professions</td><td>minimum 4 specificerede faggrupper</td></tr></table></div>"
  },
  "url" : "https://kip.sundk.dk/fhir/CodeSystem/ConferenceParticipants",
  "version" : "0.0.9",
  "name" : "ConferenceParticipants",
  "title" : "Conference Participants",
  "status" : "active",
  "date" : "2022-09-26T00:00:00+02:00",
  "publisher" : "Sundhedsvæsnets Kvalistetsinstitut with Trifork Public A/S",
  "contact" : [{
    "name" : "Sundhedsvæsnets Kvalistetsinstitut with Trifork Public A/S",
    "telecom" : [{
      "system" : "url",
      "value" : "https://trifork.com"
    },
    {
      "system" : "email",
      "value" : "rbk@trifork.com"
    }]
  }],
  "description" : "Deltagende faggrupper",
  "content" : "complete",
  "count" : 2,
  "concept" : [{
    "code" : "2-3",
    "display" : "2 - 3 professions",
    "definition" : "2 - 3 specificerede faggrupper"
  },
  {
    "code" : "4+",
    "display" : "minimum 4 professions",
    "definition" : "minimum 4 specificerede faggrupper"
  }]
}