{
  "resourceType" : "CodeSystem",
  "id" : "ReferredFrom",
  "text" : {
    "status" : "generated",
    "div" : "<div xmlns=\"http://www.w3.org/1999/xhtml\"><p class=\"res-header-id\"><b>Generated Narrative: CodeSystem ReferredFrom</b></p><a name=\"ReferredFrom\"> </a><a name=\"hcReferredFrom\"> </a><a name=\"ReferredFrom-en-US\"> </a><p>This case-insensitive code system <code>https://kip.sundk.dk/fhir/CodeSystem/ReferredFrom</code> defines the following codes:</p><table class=\"codes\"><tr><td style=\"white-space:nowrap\"><b>Code</b></td><td><b>Display</b></td><td><b>Definition</b></td></tr><tr><td style=\"white-space:nowrap\">own_doctor<a name=\"ReferredFrom-own_doctor\"> </a></td><td>Own doctor</td><td>Own doctor / Egen læge</td></tr><tr><td style=\"white-space:nowrap\">specialist_doctor<a name=\"ReferredFrom-specialist_doctor\"> </a></td><td>Specialist doctor</td><td>Specialist doctor / Speciallæge</td></tr><tr><td style=\"white-space:nowrap\">hospital_department<a name=\"ReferredFrom-hospital_department\"> </a></td><td>Hospital department</td><td>Hospital department / Sygehusafdeling</td></tr><tr><td style=\"white-space:nowrap\">palliative_department<a name=\"ReferredFrom-palliative_department\"> </a></td><td>Palliative department</td><td>Palliative department / Palliativ enhed</td></tr><tr><td style=\"white-space:nowrap\">patient_relavtives<a name=\"ReferredFrom-patient_relavtives\"> </a></td><td>Patient or relatives</td><td>Patient or relatives / Patienten selv eller pårørende</td></tr></table></div>"
  },
  "url" : "https://kip.sundk.dk/fhir/CodeSystem/ReferredFrom",
  "version" : "0.0.9",
  "name" : "ReferredFrom",
  "title" : "Referred from",
  "status" : "active",
  "date" : "2022-08-23T00:00:00+02:00",
  "publisher" : "Sundhedsvæsnets Kvalistetsinstitut with Trifork Public A/S",
  "contact" : [{
    "name" : "Sundhedsvæsnets Kvalistetsinstitut with Trifork Public A/S",
    "telecom" : [{
      "system" : "url",
      "value" : "https://trifork.com"
    },
    {
      "system" : "email",
      "value" : "rbk@trifork.com"
    }]
  }],
  "description" : "Referred from",
  "caseSensitive" : false,
  "content" : "complete",
  "count" : 5,
  "concept" : [{
    "code" : "own_doctor",
    "display" : "Own doctor",
    "definition" : "Own doctor / Egen læge"
  },
  {
    "code" : "specialist_doctor",
    "display" : "Specialist doctor",
    "definition" : "Specialist doctor / Speciallæge"
  },
  {
    "code" : "hospital_department",
    "display" : "Hospital department",
    "definition" : "Hospital department / Sygehusafdeling"
  },
  {
    "code" : "palliative_department",
    "display" : "Palliative department",
    "definition" : "Palliative department / Palliativ enhed"
  },
  {
    "code" : "patient_relavtives",
    "display" : "Patient or relatives",
    "definition" : "Patient or relatives / Patienten selv eller pårørende"
  }]
}