{
  "resourceType" : "CodeSystem",
  "id" : "SKSCodeCollection",
  "text" : {
    "status" : "generated",
    "div" : "<div xmlns=\"http://www.w3.org/1999/xhtml\"><p class=\"res-header-id\"><b>Generated Narrative: CodeSystem SKSCodeCollection</b></p><a name=\"SKSCodeCollection\"> </a><a name=\"hcSKSCodeCollection\"> </a><a name=\"SKSCodeCollection-en-US\"> </a><p>This  code system <code>https://kip.sundk.dk/fhir/CodeSystem/SKSCodeCollection</code> provides <b>a fragment</b> that includes following codes in an undefined hierarchy:</p><table class=\"codes\"><tr><td><b>Lvl</b></td><td style=\"white-space:nowrap\"><b>Code</b></td><td><b>Display</b></td><td><b>Definition</b></td></tr><tr><td>1</td><td style=\"white-space:nowrap\">cancer_diseases<a name=\"SKSCodeCollection-cancer_diseases\"> </a></td><td>Kræft sygdomme</td><td>Kræft sygdomme</td></tr><tr><td>2</td><td style=\"white-space:nowrap\">\u00a0\u00a0lips_mouth_throat<a name=\"SKSCodeCollection-lips_mouth_throat\"> </a></td><td>Kræft i læber, mundhule og svælg (DC00-DC14)</td><td>Kræft i læber, mundhule og svælg (DC00-DC14)</td></tr><tr><td>2</td><td style=\"white-space:nowrap\">\u00a0\u00a0colon_rectum<a name=\"SKSCodeCollection-colon_rectum\"> </a></td><td>Kræft i tyktarm og endetarm (DC18-DC20)</td><td>Kræft i tyktarm og endetarm (DC18-DC20)</td></tr><tr><td>2</td><td style=\"white-space:nowrap\">\u00a0\u00a0trachea_bronchi_lung<a name=\"SKSCodeCollection-trachea_bronchi_lung\"> </a></td><td>Kræft i luftrøret og bronkier og lunge (DC33-DC34)</td><td>Kræft i luftrøret og bronkier og lunge (DC33-DC34)</td></tr><tr><td>2</td><td style=\"white-space:nowrap\">\u00a0\u00a0uterus<a name=\"SKSCodeCollection-uterus\"> </a></td><td>Kræft i livmoderen (inkl. uspecifik) (DC54-DC55)</td><td>Kræft i livmoderen (inkl. uspecifik) (DC54-DC55)</td></tr><tr><td>2</td><td style=\"white-space:nowrap\">\u00a0\u00a0ovary_fallopian_tube<a name=\"SKSCodeCollection-ovary_fallopian_tube\"> </a></td><td>Kræft i æggestok og æggeleder (DC56+DC570-DC574)</td><td>Kræft i æggestok og æggeleder (DC56+DC570-DC574)</td></tr><tr><td>2</td><td style=\"white-space:nowrap\">\u00a0\u00a0kidney_pelvis_ureter<a name=\"SKSCodeCollection-kidney_pelvis_ureter\"> </a></td><td>Kræft i nyre, nyrebækken og urinleder (DC64-DC66)</td><td>Kræft i nyre, nyrebækken og urinleder (DC64-DC66)</td></tr><tr><td>2</td><td style=\"white-space:nowrap\">\u00a0\u00a0central_nervous_system<a name=\"SKSCodeCollection-central_nervous_system\"> </a></td><td>Kræft i centralnervesystem (DC70-DC72+DC751-DC753)</td><td>Kræft i centralnervesystem (DC70-DC72+DC751-DC753)</td></tr><tr><td>2</td><td style=\"white-space:nowrap\">\u00a0\u00a0non_hodgkin<a name=\"SKSCodeCollection-non_hodgkin\"> </a></td><td>Non-hodgkin malignt lymform (DC82-DC85)</td><td>Non-hodking malignt lymform (DC82-DC85)</td></tr><tr><td>2</td><td style=\"white-space:nowrap\">\u00a0\u00a0leukemia<a name=\"SKSCodeCollection-leukemia\"> </a></td><td>Leukæmi (DC91-DC95)</td><td>Leukæmi (DC91-DC95)</td></tr><tr><td>2</td><td style=\"white-space:nowrap\">\u00a0\u00a0mesotel_tissue<a name=\"SKSCodeCollection-mesotel_tissue\"> </a></td><td>Kræft i mesotel, bindevæv og andet bløddelsvæv (DC45-DC49)</td><td>Kræft i mesotel, bindevæv og andet bløddelsvæv (DC45-DC49)</td></tr><tr><td>2</td><td style=\"white-space:nowrap\">\u00a0\u00a0unspecific<a name=\"SKSCodeCollection-unspecific\"> </a></td><td>Kræft med dårligt specificerede, sekundære, ikke specificerede og ukendte lokalisationer (DC76-DC80+DD37-DD48)</td><td>Kræft med dårligt specificerede, sekundære, ikke specificerede og ukendte lokalisationer (DC76-DC80+DD37-DD48)</td></tr><tr><td>2</td><td style=\"white-space:nowrap\">\u00a0\u00a0other_cancer_diseases<a name=\"SKSCodeCollection-other_cancer_diseases\"> </a></td><td>Ikke-kræft sygdomme</td><td>Ikke-kræft sygdomme</td></tr><tr><td>1</td><td style=\"white-space:nowrap\">non_cancer_diseases<a name=\"SKSCodeCollection-non_cancer_diseases\"> </a></td><td>Ikke kræft</td><td>Ikke kræft</td></tr><tr><td>2</td><td style=\"white-space:nowrap\">\u00a0\u00a0heart_vessel<a name=\"SKSCodeCollection-heart_vessel\"> </a></td><td>Hjertekar sygdom (DI00-DI52+DI70-DI99)</td><td>Hjertekar sygdom (DI00-DI52+DI70-DI99)</td></tr><tr><td>2</td><td style=\"white-space:nowrap\">\u00a0\u00a0neurological<a name=\"SKSCodeCollection-neurological\"> </a></td><td>Neurologisk sygdom (ikke apopleksi) (DI64-DI69+DG00-DG99+DF00-DF03)</td><td>Neurologisk sygdom (ikke apopleksi) (DI64-DI69+DG00-DG99+DF00-DF03)</td></tr><tr><td>2</td><td style=\"white-space:nowrap\">\u00a0\u00a0apoplexia<a name=\"SKSCodeCollection-apoplexia\"> </a></td><td>Apopleksi (cerebral thrombose/hæmorrhagi) (DI60-DI63)</td><td>Apopleksi (cerebral thrombose/hæmorrhagi) (DI60-DI63)</td></tr><tr><td>2</td><td style=\"white-space:nowrap\">\u00a0\u00a0lung<a name=\"SKSCodeCollection-lung\"> </a></td><td>Lungesygdomme (DJ00-DJ99+DE84)</td><td>Lungesygdomme (DJ00-DJ99+DE84)</td></tr><tr><td>2</td><td style=\"white-space:nowrap\">\u00a0\u00a0kidney<a name=\"SKSCodeCollection-kidney\"> </a></td><td>Nyresygdomme (DN00-DN29)</td><td>Nyresygdomme (DN00-DN29)</td></tr></table></div>"
  },
  "url" : "https://kip.sundk.dk/fhir/CodeSystem/SKSCodeCollection",
  "identifier" : [{
    "system" : "urn:ietf:rfc:3986",
    "value" : "urn:oid:1.2.208.176.2.4"
  }],
  "version" : "0.0.9",
  "name" : "SKSCodeCollection",
  "title" : "Sundhedsvæsenets klassifikationssystem (SKS) - Samlinger af koder",
  "status" : "active",
  "date" : "2022-06-07T00:00:00+02:00",
  "publisher" : "Sundhedsvæsnets Kvalistetsinstitut with Trifork Public A/S",
  "contact" : [{
    "name" : "Sundhedsvæsnets Kvalistetsinstitut with Trifork Public A/S",
    "telecom" : [{
      "system" : "url",
      "value" : "https://trifork.com"
    },
    {
      "system" : "email",
      "value" : "rbk@trifork.com"
    }]
  }],
  "description" : "Sundhedsvæsenets klassifikationssystem (SKS) - Udvalgte samlinger af koder i RKKP. Link: urn:oid:1.2.208.176.2.4",
  "content" : "fragment",
  "concept" : [{
    "code" : "cancer_diseases",
    "display" : "Kræft sygdomme",
    "definition" : "Kræft sygdomme",
    "concept" : [{
      "code" : "lips_mouth_throat",
      "display" : "Kræft i læber, mundhule og svælg (DC00-DC14)",
      "definition" : "Kræft i læber, mundhule og svælg (DC00-DC14)"
    },
    {
      "code" : "colon_rectum",
      "display" : "Kræft i tyktarm og endetarm (DC18-DC20)",
      "definition" : "Kræft i tyktarm og endetarm (DC18-DC20)"
    },
    {
      "code" : "trachea_bronchi_lung",
      "display" : "Kræft i luftrøret og bronkier og lunge (DC33-DC34)",
      "definition" : "Kræft i luftrøret og bronkier og lunge (DC33-DC34)"
    },
    {
      "code" : "uterus",
      "display" : "Kræft i livmoderen (inkl. uspecifik) (DC54-DC55)",
      "definition" : "Kræft i livmoderen (inkl. uspecifik) (DC54-DC55)"
    },
    {
      "code" : "ovary_fallopian_tube",
      "display" : "Kræft i æggestok og æggeleder (DC56+DC570-DC574)",
      "definition" : "Kræft i æggestok og æggeleder (DC56+DC570-DC574)"
    },
    {
      "code" : "kidney_pelvis_ureter",
      "display" : "Kræft i nyre, nyrebækken og urinleder (DC64-DC66)",
      "definition" : "Kræft i nyre, nyrebækken og urinleder (DC64-DC66)"
    },
    {
      "code" : "central_nervous_system",
      "display" : "Kræft i centralnervesystem (DC70-DC72+DC751-DC753)",
      "definition" : "Kræft i centralnervesystem (DC70-DC72+DC751-DC753)"
    },
    {
      "code" : "non_hodgkin",
      "display" : "Non-hodgkin malignt lymform (DC82-DC85)",
      "definition" : "Non-hodking malignt lymform (DC82-DC85)"
    },
    {
      "code" : "leukemia",
      "display" : "Leukæmi (DC91-DC95)",
      "definition" : "Leukæmi (DC91-DC95)"
    },
    {
      "code" : "mesotel_tissue",
      "display" : "Kræft i mesotel, bindevæv og andet bløddelsvæv (DC45-DC49)",
      "definition" : "Kræft i mesotel, bindevæv og andet bløddelsvæv (DC45-DC49)"
    },
    {
      "code" : "unspecific",
      "display" : "Kræft med dårligt specificerede, sekundære, ikke specificerede og ukendte lokalisationer (DC76-DC80+DD37-DD48)",
      "definition" : "Kræft med dårligt specificerede, sekundære, ikke specificerede og ukendte lokalisationer (DC76-DC80+DD37-DD48)"
    },
    {
      "code" : "other_cancer_diseases",
      "display" : "Ikke-kræft sygdomme",
      "definition" : "Ikke-kræft sygdomme"
    }]
  },
  {
    "code" : "non_cancer_diseases",
    "display" : "Ikke kræft",
    "definition" : "Ikke kræft",
    "concept" : [{
      "code" : "heart_vessel",
      "display" : "Hjertekar sygdom (DI00-DI52+DI70-DI99)",
      "definition" : "Hjertekar sygdom (DI00-DI52+DI70-DI99)"
    },
    {
      "code" : "neurological",
      "display" : "Neurologisk sygdom (ikke apopleksi) (DI64-DI69+DG00-DG99+DF00-DF03)",
      "definition" : "Neurologisk sygdom (ikke apopleksi) (DI64-DI69+DG00-DG99+DF00-DF03)"
    },
    {
      "code" : "apoplexia",
      "display" : "Apopleksi (cerebral thrombose/hæmorrhagi) (DI60-DI63)",
      "definition" : "Apopleksi (cerebral thrombose/hæmorrhagi) (DI60-DI63)"
    },
    {
      "code" : "lung",
      "display" : "Lungesygdomme (DJ00-DJ99+DE84)",
      "definition" : "Lungesygdomme (DJ00-DJ99+DE84)"
    },
    {
      "code" : "kidney",
      "display" : "Nyresygdomme (DN00-DN29)",
      "definition" : "Nyresygdomme (DN00-DN29)"
    }]
  }]
}