{
  "resourceType" : "CodeSystem",
  "id" : "TreatmentMethodMRD",
  "text" : {
    "status" : "generated",
    "div" : "<div xmlns=\"http://www.w3.org/1999/xhtml\"><p class=\"res-header-id\"><b>Generated Narrative: CodeSystem TreatmentMethodMRD</b></p><a name=\"TreatmentMethodMRD\"> </a><a name=\"hcTreatmentMethodMRD\"> </a><a name=\"TreatmentMethodMRD-en-US\"> </a><p>This  code system <code>https://kip.sundk.dk/fhir/CodeSystem/TreatmentMethodMRD</code> defines the following codes:</p><table class=\"codes\"><tr><td style=\"white-space:nowrap\"><b>Code</b></td><td><b>Display</b></td><td><b>Definition</b></td></tr><tr><td style=\"white-space:nowrap\">flow<a name=\"TreatmentMethodMRD-flow\"> </a></td><td>Flow</td><td>Flow</td></tr><tr><td style=\"white-space:nowrap\">ngs<a name=\"TreatmentMethodMRD-ngs\"> </a></td><td>NGS</td><td>NGS</td></tr><tr><td style=\"white-space:nowrap\">pct<a name=\"TreatmentMethodMRD-pct\"> </a></td><td>PCT</td><td>PCT</td></tr><tr><td style=\"white-space:nowrap\">pet<a name=\"TreatmentMethodMRD-pet\"> </a></td><td>PET</td><td>PET</td></tr></table></div>"
  },
  "url" : "https://kip.sundk.dk/fhir/CodeSystem/TreatmentMethodMRD",
  "version" : "0.0.9",
  "name" : "TreatmentMethodMRD",
  "title" : "Treatment method - Minimal Residual Disease (MRD)",
  "status" : "active",
  "date" : "2022-07-13T00:00:00+02:00",
  "publisher" : "Sundhedsvæsnets Kvalistetsinstitut with Trifork Public A/S",
  "contact" : [{
    "name" : "Sundhedsvæsnets Kvalistetsinstitut with Trifork Public A/S",
    "telecom" : [{
      "system" : "url",
      "value" : "https://trifork.com"
    },
    {
      "system" : "email",
      "value" : "rbk@trifork.com"
    }]
  }],
  "description" : "Treatment method - Minimal Residual Disease (MRD)",
  "content" : "complete",
  "count" : 4,
  "concept" : [{
    "code" : "flow",
    "display" : "Flow",
    "definition" : "Flow"
  },
  {
    "code" : "ngs",
    "display" : "NGS",
    "definition" : "NGS"
  },
  {
    "code" : "pct",
    "display" : "PCT",
    "definition" : "PCT"
  },
  {
    "code" : "pet",
    "display" : "PET",
    "definition" : "PET"
  }]
}