{
  "resourceType" : "CodeSystem",
  "id" : "Prosthesis",
  "text" : {
    "status" : "generated",
    "div" : "<div xmlns=\"http://www.w3.org/1999/xhtml\"><p class=\"res-header-id\"><b>Generated Narrative: CodeSystem Prosthesis</b></p><a name=\"Prosthesis\"> </a><a name=\"hcProsthesis\"> </a><a name=\"Prosthesis-en-US\"> </a><p>This case-insensitive code system <code>https://kip.sundk.dk/fhir/CodeSystem/Prosthesis</code> defines the following codes:</p><table class=\"codes\"><tr><td style=\"white-space:nowrap\"><b>Code</b></td><td><b>Display</b></td><td><b>Definition</b></td></tr><tr><td style=\"white-space:nowrap\">arthrex_eclipse<a name=\"Prosthesis-arthrex_eclipse\"> </a></td><td>Arthrex: Eclipse</td><td>Arthrex: Eclipse</td></tr><tr><td style=\"white-space:nowrap\">arthrex_universe<a name=\"Prosthesis-arthrex_universe\"> </a></td><td>Arthrex: Universe</td><td>Arthrex: Universe</td></tr><tr><td style=\"white-space:nowrap\">biomet_comprehensive_fraktur<a name=\"Prosthesis-biomet_comprehensive_fraktur\"> </a></td><td>Biomet: Comprehensive - Fraktur</td><td>Biomet: Comprehensive - Fraktur</td></tr><tr><td style=\"white-space:nowrap\">biomet_comprehensive_nano<a name=\"Prosthesis-biomet_comprehensive_nano\"> </a></td><td>Biomet: Comprehensive - Nano</td><td>Biomet: Comprehensive - Nano</td></tr><tr><td style=\"white-space:nowrap\">biomet_comprehensive_reverse<a name=\"Prosthesis-biomet_comprehensive_reverse\"> </a></td><td>Biomet: Comprehensive - Reverse</td><td>Biomet: Comprehensive - Reverse</td></tr><tr><td style=\"white-space:nowrap\">biomet_comprehensive_standard<a name=\"Prosthesis-biomet_comprehensive_standard\"> </a></td><td>Biomet: Comprehensive - Standard</td><td>Biomet: Comprehensive - Standard</td></tr><tr><td style=\"white-space:nowrap\">biomet_copeland<a name=\"Prosthesis-biomet_copeland\"> </a></td><td>Biomet: Copeland</td><td>Biomet: Copeland</td></tr><tr><td style=\"white-space:nowrap\">depuy_delta_extend<a name=\"Prosthesis-depuy_delta_extend\"> </a></td><td>Depuy: Delta - Extend</td><td>Depuy: Delta - Extend</td></tr><tr><td style=\"white-space:nowrap\">depuy_global_advantage<a name=\"Prosthesis-depuy_global_advantage\"> </a></td><td>Depuy: Global - Advantage</td><td>Depuy: Global - Advantage</td></tr><tr><td style=\"white-space:nowrap\">depuy_global_cap<a name=\"Prosthesis-depuy_global_cap\"> </a></td><td>Depuy: Global - C.A.P</td><td>Depuy: Global - C.A.P</td></tr><tr><td style=\"white-space:nowrap\">depuy_global_fx_fraktur<a name=\"Prosthesis-depuy_global_fx_fraktur\"> </a></td><td>Depuy: Global - FX (fraktur)</td><td>Depuy: Global - FX (fraktur)</td></tr><tr><td style=\"white-space:nowrap\">depuy_global_unite<a name=\"Prosthesis-depuy_global_unite\"> </a></td><td>Depuy: Global - Unite</td><td>Depuy: Global - Unite</td></tr><tr><td style=\"white-space:nowrap\">exactech_equinoxe_fracture<a name=\"Prosthesis-exactech_equinoxe_fracture\"> </a></td><td>Exactech: Equinoxe - Fracture</td><td>Exactech: Equinoxe - Fracture</td></tr><tr><td style=\"white-space:nowrap\">exactech_equinoxe_primary<a name=\"Prosthesis-exactech_equinoxe_primary\"> </a></td><td>Exactech: Equinoxe - Primary</td><td>Exactech: Equinoxe - Primary</td></tr><tr><td style=\"white-space:nowrap\">exactech_equinoxe_reversed<a name=\"Prosthesis-exactech_equinoxe_reversed\"> </a></td><td>Exactech: Equinoxe - Reversed</td><td>Exactech: Equinoxe - Reversed</td></tr><tr><td style=\"white-space:nowrap\">lima_smr_anatomic<a name=\"Prosthesis-lima_smr_anatomic\"> </a></td><td>Lima SMR: Anatomic</td><td>Lima SMR: Anatomic</td></tr><tr><td style=\"white-space:nowrap\">lima_smr_fracture<a name=\"Prosthesis-lima_smr_fracture\"> </a></td><td>Lima SMR: Fracture</td><td>Lima SMR: Fracture</td></tr><tr><td style=\"white-space:nowrap\">lima_smr_resurfacing<a name=\"Prosthesis-lima_smr_resurfacing\"> </a></td><td>Lima SMR: Resurfacing</td><td>Lima SMR: Resurfacing</td></tr><tr><td style=\"white-space:nowrap\">lima_smr_reverse<a name=\"Prosthesis-lima_smr_reverse\"> </a></td><td>Lima SMR: Reverse</td><td>Lima SMR: Reverse</td></tr><tr><td style=\"white-space:nowrap\">lima_smr_stemless<a name=\"Prosthesis-lima_smr_stemless\"> </a></td><td>Lima SMR: Stemless</td><td>Lima SMR: Stemless</td></tr><tr><td style=\"white-space:nowrap\">smith&amp;nephew_neer_3<a name=\"Prosthesis-smith.38nephew_neer_3\"> </a></td><td>Smith &amp; Nephew: Neer 3</td><td>Smith &amp; Nephew: Neer 3</td></tr><tr><td style=\"white-space:nowrap\">tornier_aequalis_fracture<a name=\"Prosthesis-tornier_aequalis_fracture\"> </a></td><td>Tornier: Aequalis - Fracture</td><td>Tornier: Aequalis - Fracture</td></tr><tr><td style=\"white-space:nowrap\">tornier_aequalis_resurfacing<a name=\"Prosthesis-tornier_aequalis_resurfacing\"> </a></td><td>Tornier: Aequalis - Resurfacing</td><td>Tornier: Aequalis - Resurfacing</td></tr><tr><td style=\"white-space:nowrap\">tornier_aequalis_reverse<a name=\"Prosthesis-tornier_aequalis_reverse\"> </a></td><td>Tornier: Aequalis - Reverse</td><td>Tornier: Aequalis - Reverse</td></tr><tr><td style=\"white-space:nowrap\">tornier_aequalis_standard<a name=\"Prosthesis-tornier_aequalis_standard\"> </a></td><td>Tornier: Aequalis - Standard</td><td>Tornier: Aequalis - Standard</td></tr><tr><td style=\"white-space:nowrap\">tornier_ascend_flex<a name=\"Prosthesis-tornier_ascend_flex\"> </a></td><td>Tornier: Ascend Flex</td><td>Tornier: Ascend Flex</td></tr><tr><td style=\"white-space:nowrap\">tornier_simpliciti<a name=\"Prosthesis-tornier_simpliciti\"> </a></td><td>Tornier: Simpliciti</td><td>Tornier: Simpliciti</td></tr><tr><td style=\"white-space:nowrap\">zimmer_anatomical_fracture<a name=\"Prosthesis-zimmer_anatomical_fracture\"> </a></td><td>Zimmer: Anatomical - Fracture</td><td>Zimmer: Anatomical - Fracture</td></tr><tr><td style=\"white-space:nowrap\">zimmer_anatomical_reverse<a name=\"Prosthesis-zimmer_anatomical_reverse\"> </a></td><td>Zimmer: Anatomical - Reverse</td><td>Zimmer: Anatomical - Reverse</td></tr><tr><td style=\"white-space:nowrap\">zimmer_anatomical_shoulder_combined<a name=\"Prosthesis-zimmer_anatomical_shoulder_combined\"> </a></td><td>Zimmer: Anatomical - Shoulder Combined</td><td>Zimmer: Anatomical - Shoulder Combined</td></tr><tr><td style=\"white-space:nowrap\">zimmer_anatomical_standard<a name=\"Prosthesis-zimmer_anatomical_standard\"> </a></td><td>Zimmer: Anatomical - Standard</td><td>Zimmer: Anatomical - Standard</td></tr><tr><td style=\"white-space:nowrap\">zimmer_bigliani_flatow<a name=\"Prosthesis-zimmer_bigliani_flatow\"> </a></td><td>Zimmer: Bigliani-Flatow</td><td>Zimmer: Bigliani-Flatow</td></tr><tr><td style=\"white-space:nowrap\">zimmer_sidus<a name=\"Prosthesis-zimmer_sidus\"> </a></td><td>Zimmer: Sidus</td><td>Zimmer: Sidus</td></tr><tr><td style=\"white-space:nowrap\">zimmer_tm_reverse<a name=\"Prosthesis-zimmer_tm_reverse\"> </a></td><td>Zimmer: TM Reverse</td><td>Zimmer: TM Reverse</td></tr></table></div>"
  },
  "url" : "https://kip.sundk.dk/fhir/CodeSystem/Prosthesis",
  "version" : "0.0.9",
  "name" : "Prosthesis",
  "title" : "Prosthesis",
  "status" : "active",
  "date" : "2022-10-07T00:00:00+02:00",
  "publisher" : "Sundhedsvæsnets Kvalistetsinstitut with Trifork Public A/S",
  "contact" : [{
    "name" : "Sundhedsvæsnets Kvalistetsinstitut with Trifork Public A/S",
    "telecom" : [{
      "system" : "url",
      "value" : "https://trifork.com"
    },
    {
      "system" : "email",
      "value" : "rbk@trifork.com"
    }]
  }],
  "description" : "Prosthesis",
  "caseSensitive" : false,
  "content" : "complete",
  "count" : 34,
  "concept" : [{
    "code" : "arthrex_eclipse",
    "display" : "Arthrex: Eclipse",
    "definition" : "Arthrex: Eclipse"
  },
  {
    "code" : "arthrex_universe",
    "display" : "Arthrex: Universe",
    "definition" : "Arthrex: Universe"
  },
  {
    "code" : "biomet_comprehensive_fraktur",
    "display" : "Biomet: Comprehensive - Fraktur",
    "definition" : "Biomet: Comprehensive - Fraktur"
  },
  {
    "code" : "biomet_comprehensive_nano",
    "display" : "Biomet: Comprehensive - Nano",
    "definition" : "Biomet: Comprehensive - Nano"
  },
  {
    "code" : "biomet_comprehensive_reverse",
    "display" : "Biomet: Comprehensive - Reverse",
    "definition" : "Biomet: Comprehensive - Reverse"
  },
  {
    "code" : "biomet_comprehensive_standard",
    "display" : "Biomet: Comprehensive - Standard",
    "definition" : "Biomet: Comprehensive - Standard"
  },
  {
    "code" : "biomet_copeland",
    "display" : "Biomet: Copeland",
    "definition" : "Biomet: Copeland"
  },
  {
    "code" : "depuy_delta_extend",
    "display" : "Depuy: Delta - Extend",
    "definition" : "Depuy: Delta - Extend"
  },
  {
    "code" : "depuy_global_advantage",
    "display" : "Depuy: Global - Advantage",
    "definition" : "Depuy: Global - Advantage"
  },
  {
    "code" : "depuy_global_cap",
    "display" : "Depuy: Global - C.A.P",
    "definition" : "Depuy: Global - C.A.P"
  },
  {
    "code" : "depuy_global_fx_fraktur",
    "display" : "Depuy: Global - FX (fraktur)",
    "definition" : "Depuy: Global - FX (fraktur)"
  },
  {
    "code" : "depuy_global_unite",
    "display" : "Depuy: Global - Unite",
    "definition" : "Depuy: Global - Unite"
  },
  {
    "code" : "exactech_equinoxe_fracture",
    "display" : "Exactech: Equinoxe - Fracture",
    "definition" : "Exactech: Equinoxe - Fracture"
  },
  {
    "code" : "exactech_equinoxe_primary",
    "display" : "Exactech: Equinoxe - Primary",
    "definition" : "Exactech: Equinoxe - Primary"
  },
  {
    "code" : "exactech_equinoxe_reversed",
    "display" : "Exactech: Equinoxe - Reversed",
    "definition" : "Exactech: Equinoxe - Reversed"
  },
  {
    "code" : "lima_smr_anatomic",
    "display" : "Lima SMR: Anatomic",
    "definition" : "Lima SMR: Anatomic"
  },
  {
    "code" : "lima_smr_fracture",
    "display" : "Lima SMR: Fracture",
    "definition" : "Lima SMR: Fracture"
  },
  {
    "code" : "lima_smr_resurfacing",
    "display" : "Lima SMR: Resurfacing",
    "definition" : "Lima SMR: Resurfacing"
  },
  {
    "code" : "lima_smr_reverse",
    "display" : "Lima SMR: Reverse",
    "definition" : "Lima SMR: Reverse"
  },
  {
    "code" : "lima_smr_stemless",
    "display" : "Lima SMR: Stemless",
    "definition" : "Lima SMR: Stemless"
  },
  {
    "code" : "smith&nephew_neer_3",
    "display" : "Smith & Nephew: Neer 3",
    "definition" : "Smith & Nephew: Neer 3"
  },
  {
    "code" : "tornier_aequalis_fracture",
    "display" : "Tornier: Aequalis - Fracture",
    "definition" : "Tornier: Aequalis - Fracture"
  },
  {
    "code" : "tornier_aequalis_resurfacing",
    "display" : "Tornier: Aequalis - Resurfacing",
    "definition" : "Tornier: Aequalis - Resurfacing"
  },
  {
    "code" : "tornier_aequalis_reverse",
    "display" : "Tornier: Aequalis - Reverse",
    "definition" : "Tornier: Aequalis - Reverse"
  },
  {
    "code" : "tornier_aequalis_standard",
    "display" : "Tornier: Aequalis - Standard",
    "definition" : "Tornier: Aequalis - Standard"
  },
  {
    "code" : "tornier_ascend_flex",
    "display" : "Tornier: Ascend Flex",
    "definition" : "Tornier: Ascend Flex"
  },
  {
    "code" : "tornier_simpliciti",
    "display" : "Tornier: Simpliciti",
    "definition" : "Tornier: Simpliciti"
  },
  {
    "code" : "zimmer_anatomical_fracture",
    "display" : "Zimmer: Anatomical - Fracture",
    "definition" : "Zimmer: Anatomical - Fracture"
  },
  {
    "code" : "zimmer_anatomical_reverse",
    "display" : "Zimmer: Anatomical - Reverse",
    "definition" : "Zimmer: Anatomical - Reverse"
  },
  {
    "code" : "zimmer_anatomical_shoulder_combined",
    "display" : "Zimmer: Anatomical - Shoulder Combined",
    "definition" : "Zimmer: Anatomical - Shoulder Combined"
  },
  {
    "code" : "zimmer_anatomical_standard",
    "display" : "Zimmer: Anatomical - Standard",
    "definition" : "Zimmer: Anatomical - Standard"
  },
  {
    "code" : "zimmer_bigliani_flatow",
    "display" : "Zimmer: Bigliani-Flatow",
    "definition" : "Zimmer: Bigliani-Flatow"
  },
  {
    "code" : "zimmer_sidus",
    "display" : "Zimmer: Sidus",
    "definition" : "Zimmer: Sidus"
  },
  {
    "code" : "zimmer_tm_reverse",
    "display" : "Zimmer: TM Reverse",
    "definition" : "Zimmer: TM Reverse"
  }]
}