{
  "resourceType" : "ValueSet",
  "id" : "SORAfdelingerDNSL",
  "text" : {
    "status" : "generated",
    "div" : "<div xmlns=\"http://www.w3.org/1999/xhtml\"><p class=\"res-header-id\"><b>Generated Narrative: ValueSet SORAfdelingerDNSL</b></p><a name=\"SORAfdelingerDNSL\"> </a><a name=\"hcSORAfdelingerDNSL\"> </a><a name=\"SORAfdelingerDNSL-en-US\"> </a><ul><li>Include these codes as defined in <a href=\"CodeSystem-SOR.html\"><code>https://kip.sundk.dk/fhir/CodeSystem/SOR</code></a><table class=\"none\"><tr><td style=\"white-space:nowrap\"><b>Code</b></td><td><b>Display</b></td></tr><tr><td><a href=\"CodeSystem-SOR.html#SOR-989231000016003\">989231000016003</a></td><td>Hillerød, HI Endokrinologisk og Nefrologisk Overafd. (989231000016003)</td></tr><tr><td><a href=\"CodeSystem-SOR.html#SOR-264781000016005\">264781000016005</a></td><td>Herlev, Nefrologisk overafd. B (264781000016005)</td></tr><tr><td><a href=\"CodeSystem-SOR.html#SOR-252441000016006\">252441000016006</a></td><td>Rigshospitalet, Nefrologisk Klinik, P (252441000016006)</td></tr><tr><td><a href=\"CodeSystem-SOR.html#SOR-265611000016005\">265611000016005</a></td><td>Rønne, Medicinsk overafd. (265611000016005)</td></tr><tr><td><a href=\"CodeSystem-SOR.html#SOR-227011000016003\">227011000016003</a></td><td>Holbæk, HOL Medicin – Overafdeling (227011000016003)</td></tr><tr><td><a href=\"CodeSystem-SOR.html#SOR-223181000016000\">223181000016000</a></td><td>Roskilde og Nykøbing Falster Sygehus, ROS Medicin – Overafdeling (223181000016000)</td></tr><tr><td><a href=\"CodeSystem-SOR.html#SOR-239831000016009\">239831000016009</a></td><td>OUH Nyremedicinsk Afdeling Y (239831000016009)</td></tr><tr><td><a href=\"CodeSystem-SOR.html#SOR-246501000016005\">246501000016005</a></td><td>Esbjerg, SVS Medicinsk Område (246501000016005)</td></tr><tr><td><a href=\"CodeSystem-SOR.html#SOR-247441000016006\">247441000016006</a></td><td>Fredericia, SLB Medicinske Sygdomme (Kolding) (247441000016006)</td></tr><tr><td><a href=\"CodeSystem-SOR.html#SOR-504361000016006\">504361000016006</a></td><td>Sønderborg, SHS Diabetes, Hormon- og Nyresygdomme (504361000016006)</td></tr><tr><td><a href=\"CodeSystem-SOR.html#SOR-453111000016005\">453111000016005</a></td><td>Aarhus/Skejby, Nyresygdomme Overafdeling (453111000016005)</td></tr><tr><td><a href=\"CodeSystem-SOR.html#SOR-900231000016007\">900231000016007</a></td><td>Holstebro, Gødstrup, Medicinsk Afdeling – RHG (900231000016007)</td></tr><tr><td><a href=\"CodeSystem-SOR.html#SOR-507561000016008\">507561000016008</a></td><td>Viborg, Klinik for Nyresygdomme Viborg (507561000016008)</td></tr><tr><td><a href=\"CodeSystem-SOR.html#SOR-275931000016002\">275931000016002</a></td><td>Aalborg, Nyremedicinsk område (275931000016002)</td></tr></table></li></ul></div>"
  },
  "url" : "https://kip.sundk.dk/fhir/ValueSet/SORAfdelingerDNSL",
  "version" : "0.0.9",
  "name" : "SORAfdelingerDNSL",
  "title" : "SOR: Afdelinger (DNSL)",
  "status" : "active",
  "experimental" : true,
  "date" : "2024-01-31T00:00:00+02:00",
  "publisher" : "Sundhedsvæsnets Kvalistetsinstitut with Trifork Public A/S",
  "contact" : [{
    "name" : "Sundhedsvæsnets Kvalistetsinstitut with Trifork Public A/S",
    "telecom" : [{
      "system" : "url",
      "value" : "https://trifork.com"
    },
    {
      "system" : "email",
      "value" : "rbk@trifork.com"
    }]
  }],
  "description" : "SOR: Afdelinger Nyresvigt (DNSL)",
  "compose" : {
    "include" : [{
      "system" : "https://kip.sundk.dk/fhir/CodeSystem/SOR",
      "concept" : [{
        "code" : "989231000016003",
        "display" : "Hillerød, HI Endokrinologisk og Nefrologisk Overafd. (989231000016003)"
      },
      {
        "code" : "264781000016005",
        "display" : "Herlev, Nefrologisk overafd. B (264781000016005)"
      },
      {
        "code" : "252441000016006",
        "display" : "Rigshospitalet, Nefrologisk Klinik, P (252441000016006)"
      },
      {
        "code" : "265611000016005",
        "display" : "Rønne, Medicinsk overafd. (265611000016005)"
      },
      {
        "code" : "227011000016003",
        "display" : "Holbæk, HOL Medicin – Overafdeling (227011000016003)"
      },
      {
        "code" : "223181000016000",
        "display" : "Roskilde og Nykøbing Falster Sygehus, ROS Medicin – Overafdeling (223181000016000)"
      },
      {
        "code" : "239831000016009",
        "display" : "OUH Nyremedicinsk Afdeling Y (239831000016009)"
      },
      {
        "code" : "246501000016005",
        "display" : "Esbjerg, SVS Medicinsk Område (246501000016005)"
      },
      {
        "code" : "247441000016006",
        "display" : "Fredericia, SLB Medicinske Sygdomme (Kolding) (247441000016006)"
      },
      {
        "code" : "504361000016006",
        "display" : "Sønderborg, SHS Diabetes, Hormon- og Nyresygdomme (504361000016006)"
      },
      {
        "code" : "453111000016005",
        "display" : "Aarhus/Skejby, Nyresygdomme Overafdeling (453111000016005)"
      },
      {
        "code" : "900231000016007",
        "display" : "Holstebro, Gødstrup, Medicinsk Afdeling – RHG (900231000016007)"
      },
      {
        "code" : "507561000016008",
        "display" : "Viborg, Klinik for Nyresygdomme Viborg (507561000016008)"
      },
      {
        "code" : "275931000016002",
        "display" : "Aalborg, Nyremedicinsk område (275931000016002)"
      }]
    }]
  }
}