{
  "resourceType" : "ValueSet",
  "id" : "GraftDKRR",
  "text" : {
    "status" : "extensions",
    "div" : "<div xmlns=\"http://www.w3.org/1999/xhtml\"><p class=\"res-header-id\"><b>Generated Narrative: ValueSet GraftDKRR</b></p><a name=\"GraftDKRR\"> </a><a name=\"hcGraftDKRR\"> </a><a name=\"GraftDKRR-en-US\"> </a><p>This value set includes codes based on the following rules:</p><ul><li>Include these codes as defined in <a href=\"CodeSystem-GraftCruciateLigaments.html\"><code>https://kip.sundk.dk/fhir/CodeSystem/GraftCruciateLigaments</code></a><table class=\"none\"><tr><td style=\"white-space:nowrap\"><b>Code</b></td><td><b>Display</b></td><td><b>Definition</b></td></tr><tr><td><a href=\"CodeSystem-GraftCruciateLigaments.html#GraftCruciateLigaments-bach-allo\">bach-allo</a></td><td>BACH-Allo</td><td>BACH-Allo</td></tr><tr><td><a href=\"CodeSystem-GraftCruciateLigaments.html#GraftCruciateLigaments-bptb\">bptb</a></td><td>BPTB</td><td>BPTB</td></tr><tr><td><a href=\"CodeSystem-GraftCruciateLigaments.html#GraftCruciateLigaments-bptb-allo\">bptb-allo</a></td><td>BPTB-Allo</td><td>BPTB-Allo</td></tr><tr><td><a href=\"CodeSystem-GraftCruciateLigaments.html#GraftCruciateLigaments-bqt\">bqt</a></td><td>BQT</td><td>BQT</td></tr><tr><td><a href=\"CodeSystem-GraftCruciateLigaments.html#GraftCruciateLigaments-bqt-allo\">bqt-allo</a></td><td>BQT-Allo</td><td>BQT-Allo</td></tr><tr><td><a href=\"CodeSystem-GraftCruciateLigaments.html#GraftCruciateLigaments-direct_suture\">direct_suture</a></td><td>Direkte sutur</td><td>Direkte sutur</td></tr><tr><td><a href=\"CodeSystem-GraftCruciateLigaments.html#GraftCruciateLigaments-double-bundle_bqt\">double-bundle_bqt</a></td><td>Double-bundle BQT</td><td>Double-bundle BQT</td></tr><tr><td><a href=\"CodeSystem-GraftCruciateLigaments.html#GraftCruciateLigaments-double-bundle_st\">double-bundle_st</a></td><td>Double-bundle ST</td><td>Double-bundle ST</td></tr><tr><td><a href=\"CodeSystem-GraftCruciateLigaments.html#GraftCruciateLigaments-qt_without_bone_block\">qt_without_bone_block</a></td><td>QT uden knogleklods</td><td>QT uden knogleklods</td></tr><tr><td><a href=\"CodeSystem-GraftCruciateLigaments.html#GraftCruciateLigaments-st_double\">st_double</a></td><td>ST - Double</td><td>ST - Double</td></tr><tr><td><a href=\"CodeSystem-GraftCruciateLigaments.html#GraftCruciateLigaments-st_quadro\">st_quadro</a></td><td>ST - Quadro</td><td>ST - Quadro</td></tr><tr><td><a href=\"CodeSystem-GraftCruciateLigaments.html#GraftCruciateLigaments-st_triple\">st_triple</a></td><td>ST - Triple</td><td>ST - Triple</td></tr><tr><td><a href=\"CodeSystem-GraftCruciateLigaments.html#GraftCruciateLigaments-st.47gr\">st/gr</a></td><td>ST/GR</td><td>ST/GR</td></tr><tr><td><a href=\"CodeSystem-GraftCruciateLigaments.html#GraftCruciateLigaments-st.47gr_allo\">st/gr_allo</a></td><td>ST/GR allo</td><td>ST/GR allo</td></tr><tr><td><a href=\"CodeSystem-GraftCruciateLigaments.html#GraftCruciateLigaments-synthetic\">synthetic</a></td><td>Syntetisk graft</td><td>Syntetisk graft</td></tr></table></li><li>Include these codes as defined in <a href=\"CodeSystem-GenericValues.html\"><code>https://kip.sundk.dk/fhir/CodeSystem/GenericValues</code></a><table class=\"none\"><tr><td style=\"white-space:nowrap\"><b>Code</b></td><td><b>Display</b></td><td><b>Definition</b></td></tr><tr><td><a href=\"CodeSystem-GenericValues.html#GenericValues-other\">other</a></td><td>Andet</td><td>Other - used to choose unspecific value not in a valueset</td></tr></table></li></ul></div>"
  },
  "url" : "https://kip.sundk.dk/fhir/ValueSet/GraftDKRR",
  "version" : "0.0.9",
  "name" : "GraftDKRR",
  "title" : "Graft (DKRR)",
  "status" : "active",
  "experimental" : true,
  "date" : "2022-09-19T00:00:00+02:00",
  "publisher" : "Sundhedsvæsnets Kvalistetsinstitut with Trifork Public A/S",
  "contact" : [{
    "name" : "Sundhedsvæsnets Kvalistetsinstitut with Trifork Public A/S",
    "telecom" : [{
      "system" : "url",
      "value" : "https://trifork.com"
    },
    {
      "system" : "email",
      "value" : "rbk@trifork.com"
    }]
  }],
  "description" : "Graft (DKRR)",
  "compose" : {
    "include" : [{
      "system" : "https://kip.sundk.dk/fhir/CodeSystem/GraftCruciateLigaments",
      "concept" : [{
        "code" : "bach-allo",
        "display" : "BACH-Allo"
      },
      {
        "code" : "bptb",
        "display" : "BPTB"
      },
      {
        "code" : "bptb-allo",
        "display" : "BPTB-Allo"
      },
      {
        "code" : "bqt",
        "display" : "BQT"
      },
      {
        "code" : "bqt-allo",
        "display" : "BQT-Allo"
      },
      {
        "code" : "direct_suture",
        "display" : "Direkte sutur"
      },
      {
        "code" : "double-bundle_bqt",
        "display" : "Double-bundle BQT"
      },
      {
        "code" : "double-bundle_st",
        "display" : "Double-bundle ST"
      },
      {
        "code" : "qt_without_bone_block",
        "display" : "QT uden knogleklods"
      },
      {
        "code" : "st_double",
        "display" : "ST - Double"
      },
      {
        "code" : "st_quadro",
        "display" : "ST - Quadro"
      },
      {
        "code" : "st_triple",
        "display" : "ST - Triple"
      },
      {
        "code" : "st/gr",
        "display" : "ST/GR"
      },
      {
        "code" : "st/gr_allo",
        "display" : "ST/GR allo"
      },
      {
        "code" : "synthetic",
        "display" : "Syntetisk graft"
      }]
    },
    {
      "system" : "https://kip.sundk.dk/fhir/CodeSystem/GenericValues",
      "concept" : [{
        "code" : "other",
        "display" : "Andet"
      }]
    }]
  }
}