{
  "resourceType" : "ValueSet",
  "id" : "DomAnbefalingRETSPSYK",
  "text" : {
    "status" : "extensions",
    "div" : "<div xmlns=\"http://www.w3.org/1999/xhtml\"><p class=\"res-header-id\"><b>Generated Narrative: ValueSet DomAnbefalingRETSPSYK</b></p><a name=\"DomAnbefalingRETSPSYK\"> </a><a name=\"hcDomAnbefalingRETSPSYK\"> </a><a name=\"DomAnbefalingRETSPSYK-en-US\"> </a><p>This value set includes codes based on the following rules:</p><ul><li>Include these codes as defined in <a href=\"CodeSystem-Verdict.html\"><code>https://kip.sundk.dk/fhir/CodeSystem/Verdict</code></a><table class=\"none\"><tr><td style=\"white-space:nowrap\"><b>Code</b></td><td><b>Display</b></td><td><b>Definition</b></td></tr><tr><td><a href=\"CodeSystem-Verdict.html#Verdict-sustainment\">sustainment</a></td><td>Opretholdelse</td><td>Sustainment / Opretholdelse</td></tr><tr><td><a href=\"CodeSystem-Verdict.html#Verdict-extension_time\">extension_time</a></td><td>Forlængelse af længstetid</td><td>Extension, time / Forlængelse af længstetid</td></tr><tr><td><a href=\"CodeSystem-Verdict.html#Verdict-extension_measure\">extension_measure</a></td><td>Forlængelse af foranstaltning</td><td>Extension, measure / Forlængelse af foranstaltning</td></tr><tr><td><a href=\"CodeSystem-Verdict.html#Verdict-cancellation\">cancellation</a></td><td>Ophævelse</td><td>Cancellation / Ophævelse</td></tr><tr><td><a href=\"CodeSystem-Verdict.html#Verdict-intensification\">intensification</a></td><td>Skærpelse</td><td>Intensification / Skærpelse</td></tr><tr><td><a href=\"CodeSystem-Verdict.html#Verdict-relaxation\">relaxation</a></td><td>Lempelse</td><td>Relaxation / Lempelse</td></tr></table></li><li>Include these codes as defined in <a href=\"CodeSystem-GenericValues.html\"><code>https://kip.sundk.dk/fhir/CodeSystem/GenericValues</code></a><table class=\"none\"><tr><td style=\"white-space:nowrap\"><b>Code</b></td><td><b>Display</b></td><td><b>Definition</b></td></tr><tr><td><a href=\"CodeSystem-GenericValues.html#GenericValues-other\">other</a></td><td>Andet</td><td>Other - used to choose unspecific value not in a valueset</td></tr></table></li></ul></div>"
  },
  "url" : "https://kip.sundk.dk/fhir/ValueSet/DomAnbefalingRETSPSYK",
  "version" : "0.0.9",
  "name" : "DomAnbefalingRETSPSYK",
  "title" : "Dom - Anbefaling (RETSPSYK)",
  "status" : "active",
  "experimental" : true,
  "date" : "2022-10-03T00:00:00+02:00",
  "publisher" : "Sundhedsvæsnets Kvalistetsinstitut with Trifork Public A/S",
  "contact" : [{
    "name" : "Sundhedsvæsnets Kvalistetsinstitut with Trifork Public A/S",
    "telecom" : [{
      "system" : "url",
      "value" : "https://trifork.com"
    },
    {
      "system" : "email",
      "value" : "rbk@trifork.com"
    }]
  }],
  "description" : "Dom - Anbefaling (RETSPSYK)",
  "compose" : {
    "include" : [{
      "system" : "https://kip.sundk.dk/fhir/CodeSystem/Verdict",
      "concept" : [{
        "code" : "sustainment",
        "display" : "Opretholdelse"
      },
      {
        "code" : "extension_time",
        "display" : "Forlængelse af længstetid"
      },
      {
        "code" : "extension_measure",
        "display" : "Forlængelse af foranstaltning"
      },
      {
        "code" : "cancellation",
        "display" : "Ophævelse"
      },
      {
        "code" : "intensification",
        "display" : "Skærpelse"
      },
      {
        "code" : "relaxation",
        "display" : "Lempelse"
      }]
    },
    {
      "system" : "https://kip.sundk.dk/fhir/CodeSystem/GenericValues",
      "concept" : [{
        "code" : "other",
        "display" : "Andet"
      }]
    }]
  }
}