{
  "resourceType" : "ValueSet",
  "id" : "BinetStagingSystem",
  "text" : {
    "status" : "extensions",
    "div" : "<div xmlns=\"http://www.w3.org/1999/xhtml\"><p class=\"res-header-id\"><b>Generated Narrative: ValueSet BinetStagingSystem</b></p><a name=\"BinetStagingSystem\"> </a><a name=\"hcBinetStagingSystem\"> </a><a name=\"BinetStagingSystem-en-US\"> </a><ul><li>Include these codes as defined in <a href=\"CodeSystem-BinetStagingSystem.html\"><code>https://kip.sundk.dk/fhir/CodeSystem/BinetStagingSystem</code></a><table class=\"none\"><tr><td style=\"white-space:nowrap\"><b>Code</b></td><td><b>Display</b></td><td><b>Definition</b></td></tr><tr><td><a href=\"CodeSystem-BinetStagingSystem.html#BinetStagingSystem-stage_a\">stage_a</a></td><td>Binet A: &lt;3 regioner med forstørrede lymfeknuder, med fravær af anæmi og trombocytopeni.</td><td>Stage A: &lt;3 areas of lymphadenopathy*, and normal hemoglobin and platelet count</td></tr><tr><td><a href=\"CodeSystem-BinetStagingSystem.html#BinetStagingSystem-stage_b\">stage_b</a></td><td>Binet B: ≥3 regioner med forstørrede lymfeknuder og/eller anæmi (&lt; 6.2 mmol/l), ingen trombocytopeni.</td><td>≥3 areas of lymphadenopathy*, and normal hemoglobin and platelet count</td></tr><tr><td><a href=\"CodeSystem-BinetStagingSystem.html#BinetStagingSystem-stage_c\">stage_c</a></td><td>Binet C: Tilstedeværelse af anæmi (&lt; 6.2 mmol/l) og trombocytopeni (&lt; 100 mia/l).</td><td>Anemia (Hgb &lt;10 g/dL) and/or thrombocytopenia (platelets &lt;100,000/mm³), regardless of number of areas of lymphadenopathy</td></tr></table></li></ul></div>"
  },
  "url" : "https://kip.sundk.dk/fhir/ValueSet/BinetStagingSystem",
  "version" : "0.0.9",
  "name" : "BinetStagingSystem",
  "title" : "BinetStagingSystem",
  "status" : "active",
  "experimental" : true,
  "date" : "2022-07-12T00:00:00+02:00",
  "publisher" : "Sundhedsvæsnets Kvalistetsinstitut with Trifork Public A/S",
  "contact" : [{
    "name" : "Sundhedsvæsnets Kvalistetsinstitut with Trifork Public A/S",
    "telecom" : [{
      "system" : "url",
      "value" : "https://trifork.com"
    },
    {
      "system" : "email",
      "value" : "rbk@trifork.com"
    }]
  }],
  "description" : "Binet staging system for Chroniz Lymphocytic Leukemia",
  "compose" : {
    "include" : [{
      "system" : "https://kip.sundk.dk/fhir/CodeSystem/BinetStagingSystem",
      "concept" : [{
        "code" : "stage_a",
        "display" : "Binet A: <3 regioner med forstørrede lymfeknuder, med fravær af anæmi og trombocytopeni."
      },
      {
        "code" : "stage_b",
        "display" : "Binet B: ≥3 regioner med forstørrede lymfeknuder og/eller anæmi (< 6.2 mmol/l), ingen trombocytopeni."
      },
      {
        "code" : "stage_c",
        "display" : "Binet C: Tilstedeværelse af anæmi (< 6.2 mmol/l) og trombocytopeni (< 100 mia/l)."
      }]
    }]
  }
}