{
  "resourceType" : "ValueSet",
  "id" : "AarsagOphoerDNSL",
  "text" : {
    "status" : "extensions",
    "div" : "<div xmlns=\"http://www.w3.org/1999/xhtml\"><p class=\"res-header-id\"><b>Generated Narrative: ValueSet AarsagOphoerDNSL</b></p><a name=\"AarsagOphoerDNSL\"> </a><a name=\"hcAarsagOphoerDNSL\"> </a><a name=\"AarsagOphoerDNSL-en-US\"> </a><ul><li>Include these codes as defined in <a href=\"CodeSystem-BehandlingAfbrudt.html\"><code>https://kip.sundk.dk/fhir/CodeSystem/BehandlingAfbrudt</code></a><table class=\"none\"><tr><td style=\"white-space:nowrap\"><b>Code</b></td><td><b>Display</b></td><td><b>Definition</b></td></tr><tr><td><a href=\"CodeSystem-BehandlingAfbrudt.html#BehandlingAfbrudt-transplant\">transplant</a></td><td>Transplantation</td><td>Transplantation</td></tr><tr><td><a href=\"CodeSystem-BehandlingAfbrudt.html#BehandlingAfbrudt-peritonitis\">peritonitis</a></td><td>Peritonitis</td><td>Peritonitis</td></tr><tr><td><a href=\"CodeSystem-BehandlingAfbrudt.html#BehandlingAfbrudt-ultrafilt_svigt\">ultrafilt_svigt</a></td><td>Ultrafiltrationssvigt</td><td>Ultrafiltrationssvigt</td></tr><tr><td><a href=\"CodeSystem-BehandlingAfbrudt.html#BehandlingAfbrudt-inadekvat_dialyse\">inadekvat_dialyse</a></td><td>Inadekvat dialyse</td><td>Inadekvat dialyse</td></tr><tr><td><a href=\"CodeSystem-BehandlingAfbrudt.html#BehandlingAfbrudt-hernia\">hernia</a></td><td>Hernia (inkl Diafragma)</td><td>Hernia (inkl Diafragma)</td></tr><tr><td><a href=\"CodeSystem-BehandlingAfbrudt.html#BehandlingAfbrudt-teknisk\">teknisk</a></td><td>Teknisk (fx kateterproblem)</td><td>Teknisk (fx kateterproblem)</td></tr><tr><td><a href=\"CodeSystem-BehandlingAfbrudt.html#BehandlingAfbrudt-anden_medicinsk\">anden_medicinsk</a></td><td>Andre medicinske årsager (fx apopleksi)</td><td>Andre medicinske årsager (fx apopleksi)</td></tr><tr><td><a href=\"CodeSystem-BehandlingAfbrudt.html#BehandlingAfbrudt-patient_valg\">patient_valg</a></td><td>Patient valg</td><td>Patient valg</td></tr><tr><td><a href=\"CodeSystem-BehandlingAfbrudt.html#BehandlingAfbrudt-socialt\">socialt</a></td><td>Socialt</td><td>Socialt</td></tr><tr><td><a href=\"CodeSystem-BehandlingAfbrudt.html#BehandlingAfbrudt-abdominal_op\">abdominal_op</a></td><td>Abdominal operation</td><td>Abdominal operation</td></tr></table></li></ul></div>"
  },
  "url" : "https://kip.sundk.dk/fhir/ValueSet/AarsagOphoerDNSL",
  "version" : "0.0.9",
  "name" : "AarsagOphoerDNSL",
  "title" : "Årsag til ophør (DNSL)",
  "status" : "active",
  "experimental" : true,
  "date" : "2024-01-10T00:00:00+02:00",
  "publisher" : "Sundhedsvæsnets Kvalistetsinstitut with Trifork Public A/S",
  "contact" : [{
    "name" : "Sundhedsvæsnets Kvalistetsinstitut with Trifork Public A/S",
    "telecom" : [{
      "system" : "url",
      "value" : "https://trifork.com"
    },
    {
      "system" : "email",
      "value" : "rbk@trifork.com"
    }]
  }],
  "description" : "Årsager til interventionsforløb er ophørt",
  "compose" : {
    "include" : [{
      "system" : "https://kip.sundk.dk/fhir/CodeSystem/BehandlingAfbrudt",
      "concept" : [{
        "code" : "transplant",
        "display" : "Transplantation"
      },
      {
        "code" : "peritonitis",
        "display" : "Peritonitis"
      },
      {
        "code" : "ultrafilt_svigt",
        "display" : "Ultrafiltrationssvigt"
      },
      {
        "code" : "inadekvat_dialyse",
        "display" : "Inadekvat dialyse"
      },
      {
        "code" : "hernia",
        "display" : "Hernia (inkl Diafragma)"
      },
      {
        "code" : "teknisk",
        "display" : "Teknisk (fx kateterproblem)"
      },
      {
        "code" : "anden_medicinsk",
        "display" : "Andre medicinske årsager (fx apopleksi)"
      },
      {
        "code" : "patient_valg",
        "display" : "Patient valg"
      },
      {
        "code" : "socialt",
        "display" : "Socialt"
      },
      {
        "code" : "abdominal_op",
        "display" : "Abdominal operation"
      }]
    }]
  }
}