{
  "resourceType" : "ValueSet",
  "id" : "KomplikationerVaskulaerDMPN",
  "text" : {
    "status" : "extensions",
    "div" : "<div xmlns=\"http://www.w3.org/1999/xhtml\"><p class=\"res-header-id\"><b>Generated Narrative: ValueSet KomplikationerVaskulaerDMPN</b></p><a name=\"KomplikationerVaskulaerDMPN\"> </a><a name=\"hcKomplikationerVaskulaerDMPN\"> </a><a name=\"KomplikationerVaskulaerDMPN-en-US\"> </a><ul><li>Include these codes as defined in <a href=\"CodeSystem-Complications.html\"><code>https://kip.sundk.dk/fhir/CodeSystem/Complications</code></a><table class=\"none\"><tr><td style=\"white-space:nowrap\"><b>Code</b></td><td><b>Display</b></td><td><b>Definition</b></td></tr><tr><td><a href=\"CodeSystem-Complications.html#Complications-dvt\">dvt</a></td><td>Dyb vene trombose</td><td>Dyb vene trombose</td></tr><tr><td><a href=\"CodeSystem-Complications.html#Complications-pulmonaryembolism\">pulmonaryembolism</a></td><td>Lungeemboli</td><td>Lungeemboli</td></tr><tr><td><a href=\"CodeSystem-Complications.html#Complications-ami\">ami</a></td><td>Myocardieinfarkt</td><td>AMI - Myocardieinfarkt</td></tr><tr><td><a href=\"CodeSystem-Complications.html#Complications-apoplexia_cerebri\">apoplexia_cerebri</a></td><td>Apoplexia cerebri</td><td>Apopleksi cerebri</td></tr><tr><td><a href=\"CodeSystem-Complications.html#Complications-abdominal\">abdominal</a></td><td>Abdominal/hepatisk/milt trombose</td><td>Abdominal /hepatisk/milt trombose</td></tr><tr><td><a href=\"CodeSystem-Complications.html#Complications-tci\">tci</a></td><td>TCI</td><td>TCI</td></tr><tr><td><a href=\"CodeSystem-Complications.html#Complications-thromboembolic\">thromboembolic</a></td><td>Anden trombo/emboli</td><td>Tromboemboliske komplikationer som medfører infarkt inden for 24 timer</td></tr></table></li></ul></div>"
  },
  "url" : "https://kip.sundk.dk/fhir/ValueSet/KomplikationerVaskulaerDMPN",
  "version" : "0.0.9",
  "name" : "KomplikationerVaskulaerDMPN",
  "title" : "Komplikationer Vaskulær DMPN",
  "status" : "active",
  "experimental" : true,
  "date" : "2022-07-14T00:00:00+02:00",
  "publisher" : "Sundhedsvæsnets Kvalistetsinstitut with Trifork Public A/S",
  "contact" : [{
    "name" : "Sundhedsvæsnets Kvalistetsinstitut with Trifork Public A/S",
    "telecom" : [{
      "system" : "url",
      "value" : "https://trifork.com"
    },
    {
      "system" : "email",
      "value" : "rbk@trifork.com"
    }]
  }],
  "description" : "Typer af komplikationer ved vaskulære events - DMPN",
  "compose" : {
    "include" : [{
      "system" : "https://kip.sundk.dk/fhir/CodeSystem/Complications",
      "concept" : [{
        "code" : "dvt",
        "display" : "Dyb vene trombose"
      },
      {
        "code" : "pulmonaryembolism",
        "display" : "Lungeemboli"
      },
      {
        "code" : "ami",
        "display" : "Myocardieinfarkt"
      },
      {
        "code" : "apoplexia_cerebri",
        "display" : "Apoplexia cerebri"
      },
      {
        "code" : "abdominal",
        "display" : "Abdominal/hepatisk/milt trombose"
      },
      {
        "code" : "tci",
        "display" : "TCI"
      },
      {
        "code" : "thromboembolic",
        "display" : "Anden trombo/emboli"
      }]
    }]
  }
}