{
  "resourceType" : "ValueSet",
  "id" : "TreatmentResponseEvaluationCLL",
  "text" : {
    "status" : "extensions",
    "div" : "<div xmlns=\"http://www.w3.org/1999/xhtml\"><p class=\"res-header-id\"><b>Generated Narrative: ValueSet TreatmentResponseEvaluationCLL</b></p><a name=\"TreatmentResponseEvaluationCLL\"> </a><a name=\"hcTreatmentResponseEvaluationCLL\"> </a><a name=\"TreatmentResponseEvaluationCLL-en-US\"> </a><p>This value set includes codes based on the following rules:</p><ul><li>Include these codes as defined in <a href=\"CodeSystem-TreatmentResponseEvaluation.html\"><code>https://kip.sundk.dk/fhir/CodeSystem/TreatmentResponseEvaluation</code></a><table class=\"none\"><tr><td style=\"white-space:nowrap\"><b>Code</b></td><td><b>Display</b></td><td><b>Definition</b></td></tr><tr><td><a href=\"CodeSystem-TreatmentResponseEvaluation.html#TreatmentResponseEvaluation-complete_remission\">complete_remission</a></td><td>Complete remission (CR)</td><td>Complete remission (CR)</td></tr><tr><td><a href=\"CodeSystem-TreatmentResponseEvaluation.html#TreatmentResponseEvaluation-complete_remission_incomplete_recovery\">complete_remission_incomplete_recovery</a></td><td>Complete remission with incomplete recovery of the bone marrow (CRi)</td><td>Complete remission with incomplete recovery of bone marrow (CRi)</td></tr><tr><td><a href=\"CodeSystem-TreatmentResponseEvaluation.html#TreatmentResponseEvaluation-partial_response\">partial_response</a></td><td>Partial response (PR)</td><td>Partial response (PR)</td></tr><tr><td><a href=\"CodeSystem-TreatmentResponseEvaluation.html#TreatmentResponseEvaluation-partial_response_lymphocytosis\">partial_response_lymphocytosis</a></td><td>Partial response lymphocytose</td><td>Partial response (PR) lymphocytosis</td></tr><tr><td><a href=\"CodeSystem-TreatmentResponseEvaluation.html#TreatmentResponseEvaluation-stable_disease\">stable_disease</a></td><td>Stable disease (SD/NC)</td><td>Stable disease (SD/NC)</td></tr><tr><td><a href=\"CodeSystem-TreatmentResponseEvaluation.html#TreatmentResponseEvaluation-progressive_disease\">progressive_disease</a></td><td>Progressive disease (PD)</td><td>Progressive disease (PD)</td></tr></table></li><li>Include these codes as defined in <a href=\"CodeSystem-GenericValues.html\"><code>https://kip.sundk.dk/fhir/CodeSystem/GenericValues</code></a><table class=\"none\"><tr><td style=\"white-space:nowrap\"><b>Code</b></td><td><b>Display</b></td><td><b>Definition</b></td></tr><tr><td><a href=\"CodeSystem-GenericValues.html#GenericValues-not_performed\">not_performed</a></td><td>Ikke evalueret</td><td>Not performed - used to indicate, if a procedure or test has not been performed</td></tr></table></li><li>Include these codes as defined in <a href=\"CodeSystem-Complications.html\"><code>https://kip.sundk.dk/fhir/CodeSystem/Complications</code></a><table class=\"none\"><tr><td style=\"white-space:nowrap\"><b>Code</b></td><td><b>Display</b></td><td><b>Definition</b></td></tr><tr><td><a href=\"CodeSystem-Complications.html#Complications-mors\">mors</a></td><td>Mors (før evaluering)</td><td>Mors, uventet</td></tr></table></li></ul></div>"
  },
  "url" : "https://kip.sundk.dk/fhir/ValueSet/TreatmentResponseEvaluationCLL",
  "version" : "0.0.9",
  "name" : "TreatmentResponseEvaluationCLL",
  "title" : "Treatment_Response_Evaluation_CLL",
  "status" : "active",
  "experimental" : true,
  "date" : "2022-07-13T00:00:00+02:00",
  "publisher" : "Sundhedsvæsnets Kvalistetsinstitut with Trifork Public A/S",
  "contact" : [{
    "name" : "Sundhedsvæsnets Kvalistetsinstitut with Trifork Public A/S",
    "telecom" : [{
      "system" : "url",
      "value" : "https://trifork.com"
    },
    {
      "system" : "email",
      "value" : "rbk@trifork.com"
    }]
  }],
  "description" : "Indikation for kemoterapi/behandling - CLL",
  "compose" : {
    "include" : [{
      "system" : "https://kip.sundk.dk/fhir/CodeSystem/TreatmentResponseEvaluation",
      "concept" : [{
        "code" : "complete_remission",
        "display" : "Complete remission (CR)"
      },
      {
        "code" : "complete_remission_incomplete_recovery",
        "display" : "Complete remission with incomplete recovery of the bone marrow (CRi)"
      },
      {
        "code" : "partial_response",
        "display" : "Partial response (PR)"
      },
      {
        "code" : "partial_response_lymphocytosis",
        "display" : "Partial response lymphocytose"
      },
      {
        "code" : "stable_disease",
        "display" : "Stable disease (SD/NC)"
      },
      {
        "code" : "progressive_disease",
        "display" : "Progressive disease (PD)"
      }]
    },
    {
      "system" : "https://kip.sundk.dk/fhir/CodeSystem/GenericValues",
      "concept" : [{
        "code" : "not_performed",
        "display" : "Ikke evalueret"
      }]
    },
    {
      "system" : "https://kip.sundk.dk/fhir/CodeSystem/Complications",
      "concept" : [{
        "code" : "mors",
        "display" : "Mors (før evaluering)"
      }]
    }]
  }
}