{
  "resourceType" : "ValueSet",
  "id" : "ObservationsstedAN",
  "text" : {
    "status" : "extensions",
    "div" : "<div xmlns=\"http://www.w3.org/1999/xhtml\"><p class=\"res-header-id\"><b>Generated Narrative: ValueSet ObservationsstedAN</b></p><a name=\"ObservationsstedAN\"> </a><a name=\"hcObservationsstedAN\"> </a><a name=\"ObservationsstedAN-en-US\"> </a><ul><li>Include these codes as defined in <a href=\"CodeSystem-Observationssted.html\"><code>https://kip.sundk.dk/fhir/CodeSystem/Observationssted</code></a><table class=\"none\"><tr><td style=\"white-space:nowrap\"><b>Code</b></td><td><b>Display</b></td><td><b>Definition</b></td></tr><tr><td><a href=\"CodeSystem-Observationssted.html#Observationssted-central_obs\">central_obs</a></td><td>Centralt observationsafsnit</td><td>Centralt observationsafsnit</td></tr><tr><td><a href=\"CodeSystem-Observationssted.html#Observationssted-andet_obs\">andet_obs</a></td><td>Andet observationsafsnit</td><td>Andet observationsafsnit</td></tr><tr><td><a href=\"CodeSystem-Observationssted.html#Observationssted-opergang\">opergang</a></td><td>Operationsgangen</td><td>Operationsgangen</td></tr><tr><td><a href=\"CodeSystem-Observationssted.html#Observationssted-intensiv\">intensiv</a></td><td>Intensiv</td><td>Intensiv afdeling</td></tr><tr><td><a href=\"CodeSystem-Observationssted.html#Observationssted-sengeafd\">sengeafd</a></td><td>Sengeafdeling</td><td>Sengeafdeling</td></tr><tr><td><a href=\"CodeSystem-Observationssted.html#Observationssted-skadestue\">skadestue</a></td><td>Skadestue / modtagelse</td><td>Skadestue / modtagelse</td></tr></table></li></ul></div>"
  },
  "url" : "https://kip.sundk.dk/fhir/ValueSet/ObservationsstedAN",
  "version" : "0.0.9",
  "name" : "ObservationsstedAN",
  "title" : "Observationssted anæstesi",
  "status" : "active",
  "experimental" : true,
  "date" : "2022-05-16T00:00:00+02:00",
  "publisher" : "Sundhedsvæsnets Kvalistetsinstitut with Trifork Public A/S",
  "contact" : [{
    "name" : "Sundhedsvæsnets Kvalistetsinstitut with Trifork Public A/S",
    "telecom" : [{
      "system" : "url",
      "value" : "https://trifork.com"
    },
    {
      "system" : "email",
      "value" : "rbk@trifork.com"
    }]
  }],
  "description" : "Observationssted anæstesi",
  "compose" : {
    "include" : [{
      "system" : "https://kip.sundk.dk/fhir/CodeSystem/Observationssted",
      "concept" : [{
        "code" : "central_obs",
        "display" : "Centralt observationsafsnit"
      },
      {
        "code" : "andet_obs",
        "display" : "Andet observationsafsnit"
      },
      {
        "code" : "opergang",
        "display" : "Operationsgangen"
      },
      {
        "code" : "intensiv",
        "display" : "Intensiv"
      },
      {
        "code" : "sengeafd",
        "display" : "Sengeafdeling"
      },
      {
        "code" : "skadestue",
        "display" : "Skadestue / modtagelse"
      }]
    }]
  }
}