{
  "resourceType" : "ValueSet",
  "id" : "BrusklaesionPlaceringDKRR",
  "text" : {
    "status" : "extensions",
    "div" : "<div xmlns=\"http://www.w3.org/1999/xhtml\"><p class=\"res-header-id\"><b>Generated Narrative: ValueSet BrusklaesionPlaceringDKRR</b></p><a name=\"BrusklaesionPlaceringDKRR\"> </a><a name=\"hcBrusklaesionPlaceringDKRR\"> </a><a name=\"BrusklaesionPlaceringDKRR-en-US\"> </a><ul><li>Include these codes as defined in <a href=\"CodeSystem-AnatomicalLocations.html\"><code>https://kip.sundk.dk/fhir/CodeSystem/AnatomicalLocations</code></a><table class=\"none\"><tr><td style=\"white-space:nowrap\"><b>Code</b></td><td><b>Display</b></td><td><b>Definition</b></td></tr><tr><td><a href=\"CodeSystem-AnatomicalLocations.html#AnatomicalLocations-Patella_medial\">Patella_medial</a></td><td>Patella (mediale facet)</td><td>Patella (mediale facet)</td></tr><tr><td><a href=\"CodeSystem-AnatomicalLocations.html#AnatomicalLocations-Patella_lateral\">Patella_lateral</a></td><td>Patella (laterale facet)</td><td>Patella (laterale facet)</td></tr><tr><td><a href=\"CodeSystem-AnatomicalLocations.html#AnatomicalLocations-Trochlea_femoris\">Trochlea_femoris</a></td><td>Trochlea femoris</td><td>Trochlea femoris</td></tr><tr><td><a href=\"CodeSystem-AnatomicalLocations.html#AnatomicalLocations-Med_femur_kondyl\">Med_femur_kondyl</a></td><td>Med. femur kondyl</td><td>Med. femur kondyl</td></tr><tr><td><a href=\"CodeSystem-AnatomicalLocations.html#AnatomicalLocations-Med_tibia_plateau\">Med_tibia_plateau</a></td><td>Med. tibia plateau</td><td>Med. tibia plateau</td></tr><tr><td><a href=\"CodeSystem-AnatomicalLocations.html#AnatomicalLocations-Lat_femur_kondyl\">Lat_femur_kondyl</a></td><td>Lat. femur kondyl</td><td>Lat. femur kondyl</td></tr><tr><td><a href=\"CodeSystem-AnatomicalLocations.html#AnatomicalLocations-Lat_tibia_plateau\">Lat_tibia_plateau</a></td><td>Lat. tibia plateau</td><td>Lat. tibia plateau</td></tr></table></li></ul></div>"
  },
  "url" : "https://kip.sundk.dk/fhir/ValueSet/BrusklaesionPlaceringDKRR",
  "version" : "0.0.9",
  "name" : "BrusklaesionPlaceringDKRR",
  "title" : "Placering af brusklæsioner (DKRR)",
  "status" : "active",
  "experimental" : true,
  "date" : "2023-03-23T00:00:00+02:00",
  "publisher" : "Sundhedsvæsnets Kvalistetsinstitut with Trifork Public A/S",
  "contact" : [{
    "name" : "Sundhedsvæsnets Kvalistetsinstitut with Trifork Public A/S",
    "telecom" : [{
      "system" : "url",
      "value" : "https://trifork.com"
    },
    {
      "system" : "email",
      "value" : "rbk@trifork.com"
    }]
  }],
  "description" : "Placering af brusklæsioner (DKRR)",
  "compose" : {
    "include" : [{
      "system" : "https://kip.sundk.dk/fhir/CodeSystem/AnatomicalLocations",
      "concept" : [{
        "code" : "Patella_medial",
        "display" : "Patella (mediale facet)"
      },
      {
        "code" : "Patella_lateral",
        "display" : "Patella (laterale facet)"
      },
      {
        "code" : "Trochlea_femoris",
        "display" : "Trochlea femoris"
      },
      {
        "code" : "Med_femur_kondyl",
        "display" : "Med. femur kondyl"
      },
      {
        "code" : "Med_tibia_plateau",
        "display" : "Med. tibia plateau"
      },
      {
        "code" : "Lat_femur_kondyl",
        "display" : "Lat. femur kondyl"
      },
      {
        "code" : "Lat_tibia_plateau",
        "display" : "Lat. tibia plateau"
      }]
    }]
  }
}