{
  "resourceType" : "ValueSet",
  "id" : "IndgrebIngvinalhernieDHDB",
  "text" : {
    "status" : "extensions",
    "div" : "<div xmlns=\"http://www.w3.org/1999/xhtml\"><p class=\"res-header-id\"><b>Generated Narrative: ValueSet IndgrebIngvinalhernieDHDB</b></p><a name=\"IndgrebIngvinalhernieDHDB\"> </a><a name=\"hcIndgrebIngvinalhernieDHDB\"> </a><a name=\"IndgrebIngvinalhernieDHDB-en-US\"> </a><p>This value set includes codes based on the following rules:</p><ul><li>Include these codes as defined in <a href=\"CodeSystem-ProcedureType.html\"><code>https://kip.sundk.dk/fhir/CodeSystem/ProcedureType</code></a><table class=\"none\"><tr><td style=\"white-space:nowrap\"><b>Code</b></td><td><b>Display</b></td><td><b>Definition</b></td></tr><tr><td><a href=\"CodeSystem-ProcedureType.html#ProcedureType-laparoscopic\">laparoscopic</a></td><td>Laparoskopisk</td><td>Laparoscopic / Laparoskopisk</td></tr><tr><td><a href=\"CodeSystem-ProcedureType.html#ProcedureType-lichtenstein\">lichtenstein</a></td><td>Lichtenstein</td><td>Lichtenstein</td></tr><tr><td><a href=\"CodeSystem-ProcedureType.html#ProcedureType-robot_laparoscopic\">robot_laparoscopic</a></td><td>Robot-assisteret laparoskopisk</td><td>Robot assisted laparoscopic / Robot-assisteret laparoskopisk</td></tr><tr><td><a href=\"CodeSystem-ProcedureType.html#ProcedureType-converted_open\">converted_open</a></td><td>Laparoskopisk konverteret til åben</td><td>Converted to open from laparoscopic / Konverteret til åben fra laparoskopisk</td></tr><tr><td><a href=\"CodeSystem-ProcedureType.html#ProcedureType-open_mesh\">open_mesh</a></td><td>Anden åben mesh</td><td>Open mesh / Åbent mesh</td></tr><tr><td><a href=\"CodeSystem-ProcedureType.html#ProcedureType-open\">open</a></td><td>Åben, uden mesh</td><td>Open / Åbent</td></tr><tr><td><a href=\"CodeSystem-ProcedureType.html#ProcedureType-robot_converted_laparoscopic\">robot_converted_laparoscopic</a></td><td>Robot-assisteret laparoskopisk konverteret til laparoskopisk</td><td>Robot assisted laparoscopic converted to laparoscopic / Robot-assisteret laparoskopisk konverteret til laparoskopisk</td></tr><tr><td><a href=\"CodeSystem-ProcedureType.html#ProcedureType-robot_converted_open\">robot_converted_open</a></td><td>Robot-assisteret laparoskopisk konverteret til åben</td><td>Robot assisted laparoscopic converted to open / Robot-assisteret laparoskopisk konverteret til åben</td></tr><tr><td><a href=\"CodeSystem-ProcedureType.html#ProcedureType-onstep\">onstep</a></td><td>Onstep</td><td>Onstep</td></tr></table></li><li>Include these codes as defined in <a href=\"CodeSystem-GenericValues.html\"><code>https://kip.sundk.dk/fhir/CodeSystem/GenericValues</code></a><table class=\"none\"><tr><td style=\"white-space:nowrap\"><b>Code</b></td><td><b>Display</b></td><td><b>Definition</b></td></tr><tr><td><a href=\"CodeSystem-GenericValues.html#GenericValues-other\">other</a></td><td>Andet indgreb</td><td>Other - used to choose unspecific value not in a valueset</td></tr></table></li></ul></div>"
  },
  "url" : "https://kip.sundk.dk/fhir/ValueSet/IndgrebIngvinalhernieDHDB",
  "version" : "0.0.9",
  "name" : "IndgrebIngvinalhernieDHDB",
  "title" : "Indgreb - ingvinalhernie (DHDB)",
  "status" : "active",
  "experimental" : true,
  "date" : "2022-07-20T00:00:00+02:00",
  "publisher" : "Sundhedsvæsnets Kvalistetsinstitut with Trifork Public A/S",
  "contact" : [{
    "name" : "Sundhedsvæsnets Kvalistetsinstitut with Trifork Public A/S",
    "telecom" : [{
      "system" : "url",
      "value" : "https://trifork.com"
    },
    {
      "system" : "email",
      "value" : "rbk@trifork.com"
    }]
  }],
  "description" : "Indgreb - ingvinalhernie (DHDB)",
  "compose" : {
    "include" : [{
      "system" : "https://kip.sundk.dk/fhir/CodeSystem/ProcedureType",
      "concept" : [{
        "code" : "laparoscopic",
        "display" : "Laparoskopisk"
      },
      {
        "code" : "lichtenstein",
        "display" : "Lichtenstein"
      },
      {
        "code" : "robot_laparoscopic",
        "display" : "Robot-assisteret laparoskopisk"
      },
      {
        "code" : "converted_open",
        "display" : "Laparoskopisk konverteret til åben"
      },
      {
        "code" : "open_mesh",
        "display" : "Anden åben mesh"
      },
      {
        "code" : "open",
        "display" : "Åben, uden mesh"
      },
      {
        "code" : "robot_converted_laparoscopic",
        "display" : "Robot-assisteret laparoskopisk konverteret til laparoskopisk"
      },
      {
        "code" : "robot_converted_open",
        "display" : "Robot-assisteret laparoskopisk konverteret til åben"
      },
      {
        "code" : "onstep",
        "display" : "Onstep"
      }]
    },
    {
      "system" : "https://kip.sundk.dk/fhir/CodeSystem/GenericValues",
      "concept" : [{
        "code" : "other",
        "display" : "Andet indgreb"
      }]
    }]
  }
}