{
  "resourceType" : "ValueSet",
  "id" : "MDTIkkeFulgt",
  "text" : {
    "status" : "extensions",
    "div" : "<div xmlns=\"http://www.w3.org/1999/xhtml\"><p class=\"res-header-id\"><b>Generated Narrative: ValueSet MDTIkkeFulgt</b></p><a name=\"MDTIkkeFulgt\"> </a><a name=\"hcMDTIkkeFulgt\"> </a><a name=\"MDTIkkeFulgt-en-US\"> </a><ul><li>Include these codes as defined in <a href=\"CodeSystem-MDTNotFollowed.html\"><code>https://kip.sundk.dk/fhir/CodeSystem/MDTNotFollowed</code></a><table class=\"none\"><tr><td style=\"white-space:nowrap\"><b>Code</b></td><td><b>Display</b></td><td><b>Definition</b></td></tr><tr><td><a href=\"CodeSystem-MDTNotFollowed.html#MDTNotFollowed-wishfornotreatment\">wishfornotreatment</a></td><td>Patienten ønsker ikke behandlingen</td><td>Patienten ønsker ikke behandlingen</td></tr><tr><td><a href=\"CodeSystem-MDTNotFollowed.html#MDTNotFollowed-nonoperable\">nonoperable</a></td><td>Patienten er blevet non-operabel</td><td>Patienten er blevet non-operabel</td></tr><tr><td><a href=\"CodeSystem-MDTNotFollowed.html#MDTNotFollowed-nonresectable\">nonresectable</a></td><td>Patienten er blevet non-resektabel</td><td>Patienten er blevet non-resektabel</td></tr><tr><td><a href=\"CodeSystem-MDTNotFollowed.html#MDTNotFollowed-death\">death</a></td><td>Patienten er død</td><td>Patienten er død</td></tr></table></li></ul></div>"
  },
  "url" : "https://kip.sundk.dk/fhir/ValueSet/MDTIkkeFulgt",
  "version" : "0.0.9",
  "name" : "MDTIkkeFulgt",
  "title" : "MDT-beslutning ikke fulgt; årsag",
  "status" : "active",
  "experimental" : true,
  "date" : "2022-06-08T00:00:00+02:00",
  "publisher" : "Sundhedsvæsnets Kvalistetsinstitut with Trifork Public A/S",
  "contact" : [{
    "name" : "Sundhedsvæsnets Kvalistetsinstitut with Trifork Public A/S",
    "telecom" : [{
      "system" : "url",
      "value" : "https://trifork.com"
    },
    {
      "system" : "email",
      "value" : "rbk@trifork.com"
    }]
  }],
  "description" : "Årsagen til hvorfor MDT-beslutning ikke er fuldt",
  "compose" : {
    "include" : [{
      "system" : "https://kip.sundk.dk/fhir/CodeSystem/MDTNotFollowed",
      "concept" : [{
        "code" : "wishfornotreatment",
        "display" : "Patienten ønsker ikke behandlingen"
      },
      {
        "code" : "nonoperable",
        "display" : "Patienten er blevet non-operabel"
      },
      {
        "code" : "nonresectable",
        "display" : "Patienten er blevet non-resektabel"
      },
      {
        "code" : "death",
        "display" : "Patienten er død"
      }]
    }]
  }
}