{
  "resourceType" : "ValueSet",
  "id" : "AntibiotikaprofylakseDKRR",
  "text" : {
    "status" : "extensions",
    "div" : "<div xmlns=\"http://www.w3.org/1999/xhtml\"><p class=\"res-header-id\"><b>Generated Narrative: ValueSet AntibiotikaprofylakseDKRR</b></p><a name=\"AntibiotikaprofylakseDKRR\"> </a><a name=\"hcAntibiotikaprofylakseDKRR\"> </a><a name=\"AntibiotikaprofylakseDKRR-en-US\"> </a><p>This value set includes codes based on the following rules:</p><ul><li>Include these codes as defined in <a href=\"CodeSystem-ATC.html\"><code>https://kip.sundk.dk/fhir/CodeSystem/ATC</code></a><table class=\"none\"><tr><td style=\"white-space:nowrap\"><b>Code</b></td><td><b>Display</b></td><td><b>Definition</b></td></tr><tr><td><a href=\"CodeSystem-ATC.html#ATC-J01CF01\">J01CF01</a></td><td>Diclosil</td><td>J01CF01 - dicloxacillin</td></tr><tr><td><a href=\"CodeSystem-ATC.html#ATC-J01DC02\">J01DC02</a></td><td>Zinacef</td><td>J01DC02 - cefuroxime</td></tr><tr><td><a href=\"CodeSystem-ATC.html#ATC-J01CF02\">J01CF02</a></td><td>Cloxacillin</td><td>J01CF02 - cloxacillin</td></tr></table></li><li>Include these codes as defined in <a href=\"CodeSystem-GenericValues.html\"><code>https://kip.sundk.dk/fhir/CodeSystem/GenericValues</code></a><table class=\"none\"><tr><td style=\"white-space:nowrap\"><b>Code</b></td><td><b>Display</b></td><td><b>Definition</b></td></tr><tr><td><a href=\"CodeSystem-GenericValues.html#GenericValues-other\">other</a></td><td>Andet</td><td>Other - used to choose unspecific value not in a valueset</td></tr></table></li></ul></div>"
  },
  "url" : "https://kip.sundk.dk/fhir/ValueSet/AntibiotikaprofylakseDKRR",
  "version" : "0.0.9",
  "name" : "AntibiotikaprofylakseDKRR",
  "title" : "Antibiotikaprofylakse (DKRR)",
  "status" : "active",
  "experimental" : true,
  "date" : "2022-09-19T00:00:00+02:00",
  "publisher" : "Sundhedsvæsnets Kvalistetsinstitut with Trifork Public A/S",
  "contact" : [{
    "name" : "Sundhedsvæsnets Kvalistetsinstitut with Trifork Public A/S",
    "telecom" : [{
      "system" : "url",
      "value" : "https://trifork.com"
    },
    {
      "system" : "email",
      "value" : "rbk@trifork.com"
    }]
  }],
  "description" : "Antibiotikaprofylakse (DKRR)",
  "compose" : {
    "include" : [{
      "system" : "https://kip.sundk.dk/fhir/CodeSystem/ATC",
      "concept" : [{
        "code" : "J01CF01",
        "display" : "Diclosil"
      },
      {
        "code" : "J01DC02",
        "display" : "Zinacef"
      },
      {
        "code" : "J01CF02",
        "display" : "Cloxacillin"
      }]
    },
    {
      "system" : "https://kip.sundk.dk/fhir/CodeSystem/GenericValues",
      "concept" : [{
        "code" : "other",
        "display" : "Andet"
      }]
    }]
  }
}