{
  "resourceType" : "ValueSet",
  "id" : "IkkeUdfoert",
  "text" : {
    "status" : "extensions",
    "div" : "<div xmlns=\"http://www.w3.org/1999/xhtml\"><p class=\"res-header-id\"><b>Generated Narrative: ValueSet IkkeUdfoert</b></p><a name=\"IkkeUdfoert\"> </a><a name=\"hcIkkeUdfoert\"> </a><a name=\"IkkeUdfoert-en-US\"> </a><ul><li>Include these codes as defined in <a href=\"CodeSystem-GenericValues.html\"><code>https://kip.sundk.dk/fhir/CodeSystem/GenericValues</code></a><table class=\"none\"><tr><td style=\"white-space:nowrap\"><b>Code</b></td><td><b>Display</b></td><td><b>Definition</b></td></tr><tr><td><a href=\"CodeSystem-GenericValues.html#GenericValues-not_performed\">not_performed</a></td><td>Ikke udført</td><td>Not performed - used to indicate, if a procedure or test has not been performed</td></tr></table></li></ul></div>"
  },
  "url" : "https://kip.sundk.dk/fhir/ValueSet/IkkeUdfoert",
  "version" : "0.0.9",
  "name" : "IkkeUdfoert",
  "title" : "Ikke udført",
  "status" : "active",
  "experimental" : true,
  "date" : "2022-09-19T00:00:00+02:00",
  "publisher" : "Sundhedsvæsnets Kvalistetsinstitut with Trifork Public A/S",
  "contact" : [{
    "name" : "Sundhedsvæsnets Kvalistetsinstitut with Trifork Public A/S",
    "telecom" : [{
      "system" : "url",
      "value" : "https://trifork.com"
    },
    {
      "system" : "email",
      "value" : "rbk@trifork.com"
    }]
  }],
  "description" : "Ikke udført.",
  "compose" : {
    "include" : [{
      "system" : "https://kip.sundk.dk/fhir/CodeSystem/GenericValues",
      "concept" : [{
        "code" : "not_performed",
        "display" : "Ikke udført"
      }]
    }]
  }
}