{
  "resourceType" : "ValueSet",
  "id" : "PatobankSNOMEDMDSDiagnose",
  "text" : {
    "status" : "extensions",
    "div" : "<div xmlns=\"http://www.w3.org/1999/xhtml\"><p class=\"res-header-id\"><b>Generated Narrative: ValueSet PatobankSNOMEDMDSDiagnose</b></p><a name=\"PatobankSNOMEDMDSDiagnose\"> </a><a name=\"hcPatobankSNOMEDMDSDiagnose\"> </a><a name=\"PatobankSNOMEDMDSDiagnose-en-US\"> </a><ul><li>Include these codes as defined in <a href=\"CodeSystem-PatobankSNOMED.html\"><code>https://kip.sundk.dk/fhir/CodeSystem/PatobankSNOMED</code></a><table class=\"none\"><tr><td style=\"white-space:nowrap\"><b>Code</b></td><td><b>Display</b></td><td><b>Definition</b></td></tr><tr><td><a href=\"CodeSystem-PatobankSNOMED.html#PatobankSNOMED-M99453\">M99453</a></td><td>Kronisk myelomonocytær leukæmi (CMML)</td><td>kronisk myelomonocytær leukæmi</td></tr><tr><td><a href=\"CodeSystem-PatobankSNOMED.html#PatobankSNOMED-M99803\">M99803</a></td><td>MDS med unilinie dysplasi</td><td>MDS med unilinie dysplasi</td></tr><tr><td><a href=\"CodeSystem-PatobankSNOMED.html#PatobankSNOMED-M99823\">M99823</a></td><td>MDS med ringsideroblaster og unilinie dysplasi</td><td>MDS med ringsideroblaster og unilinie dysplasi</td></tr><tr><td><a href=\"CodeSystem-PatobankSNOMED.html#PatobankSNOMED-M99853\">M99853</a></td><td>MDS med multilineær dysplasi</td><td>MDS med multilineær dysplasi</td></tr><tr><td><a href=\"CodeSystem-PatobankSNOMED.html#PatobankSNOMED-M99833\">M99833</a></td><td>MDS med overskud af blaster</td><td>MDS med overskud af blaster</td></tr><tr><td><a href=\"CodeSystem-PatobankSNOMED.html#PatobankSNOMED-M99863\">M99863</a></td><td>MDS med isoleret del(5q) kromosomafvigelse</td><td>MDS med isoleret del(5q) kromosomafvigelse</td></tr><tr><td><a href=\"CodeSystem-PatobankSNOMED.html#PatobankSNOMED-M99893\">M99893</a></td><td>MDS - uklassificerbar</td><td>myelodysplastisk syndrom</td></tr></table></li></ul></div>"
  },
  "url" : "https://kip.sundk.dk/fhir/ValueSet/PatobankSNOMEDMDSDiagnose",
  "version" : "0.0.9",
  "name" : "PatobankSNOMEDMDSDiagnose",
  "title" : "MDS diagnoser (Patobank SNOMED)",
  "status" : "active",
  "experimental" : true,
  "date" : "2022-06-08T00:00:00+02:00",
  "publisher" : "Sundhedsvæsnets Kvalistetsinstitut with Trifork Public A/S",
  "contact" : [{
    "name" : "Sundhedsvæsnets Kvalistetsinstitut with Trifork Public A/S",
    "telecom" : [{
      "system" : "url",
      "value" : "https://trifork.com"
    },
    {
      "system" : "email",
      "value" : "rbk@trifork.com"
    }]
  }],
  "description" : "MDS diagnoser (Patobank SNOMED)",
  "compose" : {
    "include" : [{
      "system" : "https://kip.sundk.dk/fhir/CodeSystem/PatobankSNOMED",
      "concept" : [{
        "code" : "M99453",
        "display" : "Kronisk myelomonocytær leukæmi (CMML)"
      },
      {
        "code" : "M99803",
        "display" : "MDS med unilinie dysplasi"
      },
      {
        "code" : "M99823",
        "display" : "MDS med ringsideroblaster og unilinie dysplasi"
      },
      {
        "code" : "M99853",
        "display" : "MDS med multilineær dysplasi"
      },
      {
        "code" : "M99833",
        "display" : "MDS med overskud af blaster"
      },
      {
        "code" : "M99863",
        "display" : "MDS med isoleret del(5q) kromosomafvigelse"
      },
      {
        "code" : "M99893",
        "display" : "MDS - uklassificerbar"
      }]
    }]
  }
}