{
  "resourceType" : "ValueSet",
  "id" : "ScoreTyperHOFTER",
  "text" : {
    "status" : "extensions",
    "div" : "<div xmlns=\"http://www.w3.org/1999/xhtml\"><p class=\"res-header-id\"><b>Generated Narrative: ValueSet ScoreTyperHOFTER</b></p><a name=\"ScoreTyperHOFTER\"> </a><a name=\"hcScoreTyperHOFTER\"> </a><a name=\"ScoreTyperHOFTER-en-US\"> </a><ul><li>Include these codes as defined in <a href=\"CodeSystem-FunctionalScoreTypes.html\"><code>https://kip.sundk.dk/fhir/CodeSystem/FunctionalScoreTypes</code></a><table class=\"none\"><tr><td style=\"white-space:nowrap\"><b>Code</b></td><td><b>Display</b></td><td><b>Definition</b></td></tr><tr><td><a href=\"CodeSystem-FunctionalScoreTypes.html#FunctionalScoreTypes-CAS\">CAS</a></td><td>CAS</td><td>Cumulated Ambulation Score</td></tr><tr><td><a href=\"CodeSystem-FunctionalScoreTypes.html#FunctionalScoreTypes-NMS\">NMS</a></td><td>NMS</td><td>New Mobility Score</td></tr></table></li></ul></div>"
  },
  "url" : "https://kip.sundk.dk/fhir/ValueSet/ScoreTyperHOFTER",
  "version" : "0.0.9",
  "name" : "ScoreTyperHOFTER",
  "title" : "ScoreTyper HOFTER",
  "status" : "active",
  "experimental" : true,
  "date" : "2024-10-07T00:00:00+02:00",
  "publisher" : "Sundhedsvæsnets Kvalistetsinstitut with Trifork Public A/S",
  "contact" : [{
    "name" : "Sundhedsvæsnets Kvalistetsinstitut with Trifork Public A/S",
    "telecom" : [{
      "system" : "url",
      "value" : "https://trifork.com"
    },
    {
      "system" : "email",
      "value" : "rbk@trifork.com"
    }]
  }],
  "description" : "Score type brugt ved vurdering af funktionsniveau",
  "compose" : {
    "include" : [{
      "system" : "https://kip.sundk.dk/fhir/CodeSystem/FunctionalScoreTypes",
      "concept" : [{
        "code" : "CAS",
        "display" : "CAS"
      },
      {
        "code" : "NMS",
        "display" : "NMS"
      }]
    }]
  }
}