{
  "resourceType" : "ValueSet",
  "id" : "OperationsstueFlowKonventionel",
  "text" : {
    "status" : "extensions",
    "div" : "<div xmlns=\"http://www.w3.org/1999/xhtml\"><p class=\"res-header-id\"><b>Generated Narrative: ValueSet OperationsstueFlowKonventionel</b></p><a name=\"OperationsstueFlowKonventionel\"> </a><a name=\"hcOperationsstueFlowKonventionel\"> </a><a name=\"OperationsstueFlowKonventionel-en-US\"> </a><ul><li>Include these codes as defined in <a href=\"CodeSystem-OperatingRoom.html\"><code>https://kip.sundk.dk/fhir/CodeSystem/OperatingRoom</code></a><table class=\"none\"><tr><td style=\"white-space:nowrap\"><b>Code</b></td><td><b>Display</b></td><td><b>Definition</b></td></tr><tr><td><a href=\"CodeSystem-OperatingRoom.html#OperatingRoom-turbulent_air\">turbulent_air</a></td><td>Turbulent Air Flow (TAF)</td><td>Turbulent Air stue</td></tr><tr><td><a href=\"CodeSystem-OperatingRoom.html#OperatingRoom-flow\">flow</a></td><td>Flow stue (LAF)</td><td>Flow stue/green house</td></tr><tr><td><a href=\"CodeSystem-OperatingRoom.html#OperatingRoom-conventional\">conventional</a></td><td>Konventionel stue</td><td>Konventionel stue</td></tr></table></li></ul></div>"
  },
  "url" : "https://kip.sundk.dk/fhir/ValueSet/OperationsstueFlowKonventionel",
  "version" : "0.0.9",
  "name" : "OperationsstueFlowKonventionel",
  "title" : "Operationsstue (flow/konventionel)",
  "status" : "active",
  "experimental" : true,
  "date" : "2022-10-13T00:00:00+02:00",
  "publisher" : "Sundhedsvæsnets Kvalistetsinstitut with Trifork Public A/S",
  "contact" : [{
    "name" : "Sundhedsvæsnets Kvalistetsinstitut with Trifork Public A/S",
    "telecom" : [{
      "system" : "url",
      "value" : "https://trifork.com"
    },
    {
      "system" : "email",
      "value" : "rbk@trifork.com"
    }]
  }],
  "description" : "Operationsstue (flow/konventionel)",
  "compose" : {
    "include" : [{
      "system" : "https://kip.sundk.dk/fhir/CodeSystem/OperatingRoom",
      "concept" : [{
        "code" : "turbulent_air",
        "display" : "Turbulent Air Flow (TAF)"
      },
      {
        "code" : "flow",
        "display" : "Flow stue (LAF)"
      },
      {
        "code" : "conventional",
        "display" : "Konventionel stue"
      }]
    }]
  }
}