{
  "resourceType" : "ValueSet",
  "id" : "HarrisHipScoreOffentligTransport",
  "text" : {
    "status" : "extensions",
    "div" : "<div xmlns=\"http://www.w3.org/1999/xhtml\"><p class=\"res-header-id\"><b>Generated Narrative: ValueSet HarrisHipScoreOffentligTransport</b></p><a name=\"HarrisHipScoreOffentligTransport\"> </a><a name=\"hcHarrisHipScoreOffentligTransport\"> </a><a name=\"HarrisHipScoreOffentligTransport-en-US\"> </a><ul><li>Include these codes as defined in <a href=\"CodeSystem-HarrisHipScorePublicTransportation.html\"><code>https://kip.sundk.dk/fhir/CodeSystem/HarrisHipScorePublicTransportation</code></a><table class=\"none\"><tr><td style=\"white-space:nowrap\"><b>Code</b></td><td><b>Display</b></td><td><b>Definition</b></td></tr><tr><td><a href=\"CodeSystem-HarrisHipScorePublicTransportation.html#HarrisHipScorePublicTransportation-1\">1</a></td><td>Kan bruge dette</td><td>Able to use transportation (bus) (1)</td></tr><tr><td><a href=\"CodeSystem-HarrisHipScorePublicTransportation.html#HarrisHipScorePublicTransportation-0\">0</a></td><td>Kan ikke bruge dette</td><td>Unable to use public transportation (bus) (0)</td></tr></table></li></ul></div>"
  },
  "url" : "https://kip.sundk.dk/fhir/ValueSet/HarrisHipScoreOffentligTransport",
  "version" : "0.0.9",
  "name" : "HarrisHipScoreOffentligTransport",
  "title" : "Harris Hip Score - Offentlig transport",
  "status" : "active",
  "experimental" : true,
  "date" : "2022-11-15T00:00:00+02:00",
  "publisher" : "Sundhedsvæsnets Kvalistetsinstitut with Trifork Public A/S",
  "contact" : [{
    "name" : "Sundhedsvæsnets Kvalistetsinstitut with Trifork Public A/S",
    "telecom" : [{
      "system" : "url",
      "value" : "https://trifork.com"
    },
    {
      "system" : "email",
      "value" : "rbk@trifork.com"
    }]
  }],
  "description" : "Harris Hip Score - Offentlig transport",
  "compose" : {
    "include" : [{
      "system" : "https://kip.sundk.dk/fhir/CodeSystem/HarrisHipScorePublicTransportation",
      "concept" : [{
        "code" : "1",
        "display" : "Kan bruge dette"
      },
      {
        "code" : "0",
        "display" : "Kan ikke bruge dette"
      }]
    }]
  }
}