{
  "resourceType" : "ValueSet",
  "id" : "NerveBlockTypeLower",
  "text" : {
    "status" : "extensions",
    "div" : "<div xmlns=\"http://www.w3.org/1999/xhtml\"><p class=\"res-header-id\"><b>Generated Narrative: ValueSet NerveBlockTypeLower</b></p><a name=\"NerveBlockTypeLower\"> </a><a name=\"hcNerveBlockTypeLower\"> </a><a name=\"NerveBlockTypeLower-en-US\"> </a><ul><li>Include these codes as defined in <a href=\"CodeSystem-BlockTypes.html\"><code>https://kip.sundk.dk/fhir/CodeSystem/BlockTypes</code></a><table class=\"none\"><tr><td style=\"white-space:nowrap\"><b>Code</b></td><td><b>Display</b></td><td><b>Definition</b></td></tr><tr><td><a href=\"CodeSystem-BlockTypes.html#BlockTypes-plexus_lumbalis\">plexus_lumbalis</a></td><td>Plexus lumbalis</td><td>Plexus lumbalis</td></tr><tr><td><a href=\"CodeSystem-BlockTypes.html#BlockTypes-plexus_lumbosacralis\">plexus_lumbosacralis</a></td><td>Plexus lumbosacralis</td><td>Plexus lumbosacralis</td></tr><tr><td><a href=\"CodeSystem-BlockTypes.html#BlockTypes-plexus_sacralis\">plexus_sacralis</a></td><td>Plexus sacralis</td><td>Plexus sacralis</td></tr><tr><td><a href=\"CodeSystem-BlockTypes.html#BlockTypes-femoralis\">femoralis</a></td><td>N. Femoralis</td><td>N. Femoralis</td></tr><tr><td><a href=\"CodeSystem-BlockTypes.html#BlockTypes-cutaneus_femoris_lateralis\">cutaneus_femoris_lateralis</a></td><td>N. Cutaneus femoris lateralis</td><td>N. Cutaneus femoris lateralis</td></tr><tr><td><a href=\"CodeSystem-BlockTypes.html#BlockTypes-saphenus\">saphenus</a></td><td>N. Saphenus</td><td>N. Saphenus</td></tr><tr><td><a href=\"CodeSystem-BlockTypes.html#BlockTypes-obturatorius\">obturatorius</a></td><td>N. Obturatoriusblock</td><td>N. Obturatoriusblokade</td></tr><tr><td><a href=\"CodeSystem-BlockTypes.html#BlockTypes-ischiadicus_poplitea\">ischiadicus_poplitea</a></td><td>N. Ischiadicus/poplitea blokade</td><td>N. Ischiadicus/poplitea blokade</td></tr><tr><td><a href=\"CodeSystem-BlockTypes.html#BlockTypes-tibialis\">tibialis</a></td><td>N. Tibialis</td><td>N. Tibialis</td></tr><tr><td><a href=\"CodeSystem-BlockTypes.html#BlockTypes-peroneus\">peroneus</a></td><td>Peroneus (communis) blokade</td><td>Peroneus (communis) blokade</td></tr><tr><td><a href=\"CodeSystem-BlockTypes.html#BlockTypes-other\">other</a></td><td>Anden</td><td>Anden blokadetype</td></tr></table></li></ul></div>"
  },
  "url" : "https://kip.sundk.dk/fhir/ValueSet/NerveBlockTypeLower",
  "version" : "0.0.9",
  "name" : "NerveBlockTypeLower",
  "title" : "Typer af blokade underekstremiteter",
  "status" : "active",
  "experimental" : true,
  "date" : "2022-06-09T00:00:00+02:00",
  "publisher" : "Sundhedsvæsnets Kvalistetsinstitut with Trifork Public A/S",
  "contact" : [{
    "name" : "Sundhedsvæsnets Kvalistetsinstitut with Trifork Public A/S",
    "telecom" : [{
      "system" : "url",
      "value" : "https://trifork.com"
    },
    {
      "system" : "email",
      "value" : "rbk@trifork.com"
    }]
  }],
  "description" : "Typer af perifer nerveblokade - underekstremiteter",
  "compose" : {
    "include" : [{
      "system" : "https://kip.sundk.dk/fhir/CodeSystem/BlockTypes",
      "concept" : [{
        "code" : "plexus_lumbalis",
        "display" : "Plexus lumbalis"
      },
      {
        "code" : "plexus_lumbosacralis",
        "display" : "Plexus lumbosacralis"
      },
      {
        "code" : "plexus_sacralis",
        "display" : "Plexus sacralis"
      },
      {
        "code" : "femoralis",
        "display" : "N. Femoralis"
      },
      {
        "code" : "cutaneus_femoris_lateralis",
        "display" : "N. Cutaneus femoris lateralis"
      },
      {
        "code" : "saphenus",
        "display" : "N. Saphenus"
      },
      {
        "code" : "obturatorius",
        "display" : "N. Obturatoriusblock"
      },
      {
        "code" : "ischiadicus_poplitea",
        "display" : "N. Ischiadicus/poplitea blokade"
      },
      {
        "code" : "tibialis",
        "display" : "N. Tibialis"
      },
      {
        "code" : "peroneus",
        "display" : "Peroneus (communis) blokade"
      },
      {
        "code" : "other",
        "display" : "Anden"
      }]
    }]
  }
}