{
  "resourceType" : "ValueSet",
  "id" : "PivotShift",
  "text" : {
    "status" : "extensions",
    "div" : "<div xmlns=\"http://www.w3.org/1999/xhtml\"><p class=\"res-header-id\"><b>Generated Narrative: ValueSet PivotShift</b></p><a name=\"PivotShift\"> </a><a name=\"hcPivotShift\"> </a><a name=\"PivotShift-en-US\"> </a><ul><li>Include these codes as defined in <a href=\"CodeSystem-PivotShiftGrading.html\"><code>https://kip.sundk.dk/fhir/CodeSystem/PivotShiftGrading</code></a><table class=\"none\"><tr><td style=\"white-space:nowrap\"><b>Code</b></td><td><b>Display</b></td><td><b>Definition</b></td></tr><tr><td><a href=\"CodeSystem-PivotShiftGrading.html#PivotShiftGrading-grade_0\">grade_0</a></td><td>Equal</td><td>Grade 0: Equal</td></tr><tr><td><a href=\"CodeSystem-PivotShiftGrading.html#PivotShiftGrading-grade_1\">grade_1</a></td><td>+Glide</td><td>Grade 1: Glide+</td></tr><tr><td><a href=\"CodeSystem-PivotShiftGrading.html#PivotShiftGrading-grade_2\">grade_2</a></td><td>++Clunk</td><td>Grade 2: Clunk++</td></tr><tr><td><a href=\"CodeSystem-PivotShiftGrading.html#PivotShiftGrading-grade_3\">grade_3</a></td><td>+++Gross</td><td>Grade 3: Gross+++</td></tr></table></li></ul></div>"
  },
  "url" : "https://kip.sundk.dk/fhir/ValueSet/PivotShift",
  "version" : "0.0.9",
  "name" : "PivotShift",
  "title" : "Pivot Shift",
  "status" : "active",
  "experimental" : true,
  "date" : "2022-09-19T00:00:00+02:00",
  "publisher" : "Sundhedsvæsnets Kvalistetsinstitut with Trifork Public A/S",
  "contact" : [{
    "name" : "Sundhedsvæsnets Kvalistetsinstitut with Trifork Public A/S",
    "telecom" : [{
      "system" : "url",
      "value" : "https://trifork.com"
    },
    {
      "system" : "email",
      "value" : "rbk@trifork.com"
    }]
  }],
  "description" : "Pivot Shift",
  "compose" : {
    "include" : [{
      "system" : "https://kip.sundk.dk/fhir/CodeSystem/PivotShiftGrading",
      "concept" : [{
        "code" : "grade_0",
        "display" : "Equal"
      },
      {
        "code" : "grade_1",
        "display" : "+Glide"
      },
      {
        "code" : "grade_2",
        "display" : "++Clunk"
      },
      {
        "code" : "grade_3",
        "display" : "+++Gross"
      }]
    }]
  }
}