{
  "resourceType" : "ValueSet",
  "id" : "AnaestesiDUGA",
  "text" : {
    "status" : "extensions",
    "div" : "<div xmlns=\"http://www.w3.org/1999/xhtml\"><p class=\"res-header-id\"><b>Generated Narrative: ValueSet AnaestesiDUGA</b></p><a name=\"AnaestesiDUGA\"> </a><a name=\"hcAnaestesiDUGA\"> </a><a name=\"AnaestesiDUGA-en-US\"> </a><ul><li>Include these codes as defined in <a href=\"CodeSystem-AnasthesiaService.html\"><code>https://kip.sundk.dk/fhir/CodeSystem/AnasthesiaService</code></a><table class=\"none\"><tr><td style=\"white-space:nowrap\"><b>Code</b></td><td><b>Display</b></td><td><b>Definition</b></td></tr><tr><td><a href=\"CodeSystem-AnasthesiaService.html#AnasthesiaService-rus\">rus</a></td><td>Rus</td><td>Rus</td></tr><tr><td><a href=\"CodeSystem-AnasthesiaService.html#AnasthesiaService-epidural\">epidural</a></td><td>Epidural anæstesi</td><td>Epidural</td></tr><tr><td><a href=\"CodeSystem-AnasthesiaService.html#AnasthesiaService-universal\">universal</a></td><td>Universal anæstesi</td><td>Universal</td></tr><tr><td><a href=\"CodeSystem-AnasthesiaService.html#AnasthesiaService-local_anesthesia\">local_anesthesia</a></td><td>Lokal anæstesi</td><td>Lokal anæstesi / SNOMED-CT: 386761002</td></tr><tr><td><a href=\"CodeSystem-AnasthesiaService.html#AnasthesiaService-spinal\">spinal</a></td><td>Spinal anæstesi</td><td>Spinal</td></tr></table></li></ul></div>"
  },
  "url" : "https://kip.sundk.dk/fhir/ValueSet/AnaestesiDUGA",
  "version" : "0.0.9",
  "name" : "AnaestesiDUGA",
  "title" : "Anæstesiform (DUGA)",
  "status" : "active",
  "experimental" : true,
  "date" : "2024-02-15T00:00:00+02:00",
  "publisher" : "Sundhedsvæsnets Kvalistetsinstitut with Trifork Public A/S",
  "contact" : [{
    "name" : "Sundhedsvæsnets Kvalistetsinstitut with Trifork Public A/S",
    "telecom" : [{
      "system" : "url",
      "value" : "https://trifork.com"
    },
    {
      "system" : "email",
      "value" : "rbk@trifork.com"
    }]
  }],
  "description" : "Anæstesiform (DUGA)",
  "compose" : {
    "include" : [{
      "system" : "https://kip.sundk.dk/fhir/CodeSystem/AnasthesiaService",
      "concept" : [{
        "code" : "rus",
        "display" : "Rus"
      },
      {
        "code" : "epidural",
        "display" : "Epidural anæstesi"
      },
      {
        "code" : "universal",
        "display" : "Universal anæstesi"
      },
      {
        "code" : "local_anesthesia",
        "display" : "Lokal anæstesi"
      },
      {
        "code" : "spinal",
        "display" : "Spinal anæstesi"
      }]
    }]
  }
}