{
  "resourceType" : "ValueSet",
  "id" : "UdskrevetTil",
  "text" : {
    "status" : "extensions",
    "div" : "<div xmlns=\"http://www.w3.org/1999/xhtml\"><p class=\"res-header-id\"><b>Generated Narrative: ValueSet UdskrevetTil</b></p><a name=\"UdskrevetTil\"> </a><a name=\"hcUdskrevetTil\"> </a><a name=\"UdskrevetTil-en-US\"> </a><ul><li>Include these codes as defined in <a href=\"CodeSystem-UdskrevetTil.html\"><code>https://kip.sundk.dk/fhir/CodeSystem/UdskrevetTil</code></a><table class=\"none\"><tr><td style=\"white-space:nowrap\"><b>Code</b></td><td><b>Display</b></td><td><b>Definition</b></td></tr><tr><td><a href=\"CodeSystem-UdskrevetTil.html#UdskrevetTil-stamafd\">stamafd</a></td><td>Stamafdeling</td><td>Stamafdeling</td></tr><tr><td><a href=\"CodeSystem-UdskrevetTil.html#UdskrevetTil-hjemmet\">hjemmet</a></td><td>Hjemmet</td><td>Hjemmet</td></tr><tr><td><a href=\"CodeSystem-UdskrevetTil.html#UdskrevetTil-reoper\">reoper</a></td><td>Reoperation</td><td>Reoperation</td></tr><tr><td><a href=\"CodeSystem-UdskrevetTil.html#UdskrevetTil-intensiv\">intensiv</a></td><td>Intensiv afdeling</td><td>Intensiv afdeling</td></tr><tr><td><a href=\"CodeSystem-UdskrevetTil.html#UdskrevetTil-andet_hosp\">andet_hosp</a></td><td>Andet hospital</td><td>Andet hospital</td></tr><tr><td><a href=\"CodeSystem-UdskrevetTil.html#UdskrevetTil-doed_u_obs\">doed_u_obs</a></td><td>Død i observationsperioden</td><td>Død i observationsperioden</td></tr></table></li></ul></div>"
  },
  "url" : "https://kip.sundk.dk/fhir/ValueSet/UdskrevetTil",
  "version" : "0.0.9",
  "name" : "UdskrevetTil",
  "title" : "Udskrevet til",
  "status" : "active",
  "experimental" : true,
  "date" : "2022-05-16T00:00:00+02:00",
  "publisher" : "Sundhedsvæsnets Kvalistetsinstitut with Trifork Public A/S",
  "contact" : [{
    "name" : "Sundhedsvæsnets Kvalistetsinstitut with Trifork Public A/S",
    "telecom" : [{
      "system" : "url",
      "value" : "https://trifork.com"
    },
    {
      "system" : "email",
      "value" : "rbk@trifork.com"
    }]
  }],
  "description" : "Udskrevet til",
  "compose" : {
    "include" : [{
      "system" : "https://kip.sundk.dk/fhir/CodeSystem/UdskrevetTil",
      "concept" : [{
        "code" : "stamafd",
        "display" : "Stamafdeling"
      },
      {
        "code" : "hjemmet",
        "display" : "Hjemmet"
      },
      {
        "code" : "reoper",
        "display" : "Reoperation"
      },
      {
        "code" : "intensiv",
        "display" : "Intensiv afdeling"
      },
      {
        "code" : "andet_hosp",
        "display" : "Andet hospital"
      },
      {
        "code" : "doed_u_obs",
        "display" : "Død i observationsperioden"
      }]
    }]
  }
}