{"resourceType":"CodeSystem","id":"PivotShiftGrading","text":{"status":"generated","div":"<div xmlns=\"http://www.w3.org/1999/xhtml\"><p class=\"res-header-id\"><b>Generated Narrative: CodeSystem PivotShiftGrading</b></p><a name=\"PivotShiftGrading\"> </a><a name=\"hcPivotShiftGrading\"> </a><a name=\"PivotShiftGrading-en-US\"> </a><p>This case-insensitive code system <code>https://kip.rkkp.dk/fhir/CodeSystem/PivotShiftGrading</code> defines the following codes:</p><table class=\"codes\"><tr><td style=\"white-space:nowrap\"><b>Code</b></td><td><b>Display</b></td><td><b>Definition</b></td></tr><tr><td style=\"white-space:nowrap\">grade_0<a name=\"PivotShiftGrading-grade_0\"> </a></td><td>Grade 0: Equal</td><td>Grade 0: Equal</td></tr><tr><td style=\"white-space:nowrap\">grade_1<a name=\"PivotShiftGrading-grade_1\"> </a></td><td>Grade 1: Glide+</td><td>Grade 1: Glide+</td></tr><tr><td style=\"white-space:nowrap\">grade_2<a name=\"PivotShiftGrading-grade_2\"> </a></td><td>Grade 2: Clunk++</td><td>Grade 2: Clunk++</td></tr><tr><td style=\"white-space:nowrap\">grade_3<a name=\"PivotShiftGrading-grade_3\"> </a></td><td>Grade 3: Gross+++</td><td>Grade 3: Gross+++</td></tr></table></div>"},"url":"https://kip.rkkp.dk/fhir/CodeSystem/PivotShiftGrading","version":"2.9.0","name":"PivotShiftGrading","title":"Pivot Shift grading","status":"active","date":"2022-09-15T00:00:00+02:00","publisher":"Sundhedsvæsnets Kvalistetsinstitut with Trifork Digital Health A/S","contact":[{"name":"Sundhedsvæsnets Kvalistetsinstitut with Trifork Digital Health A/S","telecom":[{"system":"url","value":"https://trifork.com"},{"system":"email","value":"rbk@trifork.com"}]}],"description":"Pivot Shift grading","caseSensitive":false,"content":"complete","count":4,"concept":[{"code":"grade_0","display":"Grade 0: Equal","definition":"Grade 0: Equal"},{"code":"grade_1","display":"Grade 1: Glide+","definition":"Grade 1: Glide+"},{"code":"grade_2","display":"Grade 2: Clunk++","definition":"Grade 2: Clunk++"},{"code":"grade_3","display":"Grade 3: Gross+++","definition":"Grade 3: Gross+++"}]}