{"resourceType":"CodeSystem","id":"ResultTest","text":{"status":"generated","div":"<div xmlns=\"http://www.w3.org/1999/xhtml\"><p class=\"res-header-id\"><b>Generated Narrative: CodeSystem ResultTest</b></p><a name=\"ResultTest\"> </a><a name=\"hcResultTest\"> </a><a name=\"ResultTest-en-US\"> </a><p>This case-insensitive code system <code>https://kip.rkkp.dk/fhir/CodeSystem/ResultTest</code> defines the following codes:</p><table class=\"codes\"><tr><td style=\"white-space:nowrap\"><b>Code</b></td><td><b>Display</b></td><td><b>Definition</b></td></tr><tr><td style=\"white-space:nowrap\">normal<a name=\"ResultTest-normal\"> </a></td><td>Normal</td><td>Normal / Normal [FISH]</td></tr><tr><td style=\"white-space:nowrap\">changes<a name=\"ResultTest-changes\"> </a></td><td>Changes</td><td>Changes / Forandringer [FISH]</td></tr></table></div>"},"url":"https://kip.rkkp.dk/fhir/CodeSystem/ResultTest","version":"2.9.0","name":"ResultTest","title":"Result of test","status":"active","date":"2022-06-07T00:00:00+02:00","publisher":"Sundhedsvæsnets Kvalistetsinstitut with Trifork Digital Health A/S","contact":[{"name":"Sundhedsvæsnets Kvalistetsinstitut with Trifork Digital Health A/S","telecom":[{"system":"url","value":"https://trifork.com"},{"system":"email","value":"rbk@trifork.com"}]}],"description":"Result of test (for FISH, etc.)","caseSensitive":false,"content":"complete","count":2,"concept":[{"code":"normal","display":"Normal","definition":"Normal / Normal [FISH]"},{"code":"changes","display":"Changes","definition":"Changes / Forandringer [FISH]"}]}