{"resourceType":"CodeSystem","id":"BehandlingAfbrudt","text":{"status":"generated","div":"<div xmlns=\"http://www.w3.org/1999/xhtml\"><p class=\"res-header-id\"><b>Generated Narrative: CodeSystem BehandlingAfbrudt</b></p><a name=\"BehandlingAfbrudt\"> </a><a name=\"hcBehandlingAfbrudt\"> </a><a name=\"BehandlingAfbrudt-en-US\"> </a><p>This case-insensitive code system <code>https://kip.rkkp.dk/fhir/CodeSystem/BehandlingAfbrudt</code> defines the following codes:</p><table class=\"codes\"><tr><td style=\"white-space:nowrap\"><b>Code</b></td><td><b>Display</b></td><td><b>Definition</b></td></tr><tr><td style=\"white-space:nowrap\">transplant<a name=\"BehandlingAfbrudt-transplant\"> </a></td><td>Transplantation</td><td>Transplantation</td></tr><tr><td style=\"white-space:nowrap\">peritonitis<a name=\"BehandlingAfbrudt-peritonitis\"> </a></td><td>Peritonitis</td><td>Peritonitis</td></tr><tr><td style=\"white-space:nowrap\">ultrafilt_svigt<a name=\"BehandlingAfbrudt-ultrafilt_svigt\"> </a></td><td>Ultrafiltrationssvigt</td><td>Ultrafiltrationssvigt</td></tr><tr><td style=\"white-space:nowrap\">inadekvat_dialyse<a name=\"BehandlingAfbrudt-inadekvat_dialyse\"> </a></td><td>Inadekvat dialyse</td><td>Inadekvat dialyse</td></tr><tr><td style=\"white-space:nowrap\">hernia<a name=\"BehandlingAfbrudt-hernia\"> </a></td><td>Hernia (inkl Diafragma)</td><td>Hernia (inkl Diafragma)</td></tr><tr><td style=\"white-space:nowrap\">teknisk<a name=\"BehandlingAfbrudt-teknisk\"> </a></td><td>Teknisk (fx kateterproblem)</td><td>Teknisk (fx kateterproblem)</td></tr><tr><td style=\"white-space:nowrap\">anden_medicinsk<a name=\"BehandlingAfbrudt-anden_medicinsk\"> </a></td><td>Andre medicinske årsager (fx apopleksi)</td><td>Andre medicinske årsager (fx apopleksi)</td></tr><tr><td style=\"white-space:nowrap\">patient_valg<a name=\"BehandlingAfbrudt-patient_valg\"> </a></td><td>Patient valg</td><td>Patient valg</td></tr><tr><td style=\"white-space:nowrap\">socialt<a name=\"BehandlingAfbrudt-socialt\"> </a></td><td>Socialt</td><td>Socialt</td></tr><tr><td style=\"white-space:nowrap\">abdominal_op<a name=\"BehandlingAfbrudt-abdominal_op\"> </a></td><td>Abdominal operation</td><td>Abdominal operation</td></tr></table></div>"},"url":"https://kip.rkkp.dk/fhir/CodeSystem/BehandlingAfbrudt","version":"2.9.0","name":"BehandlingAfbrudt","title":"Behandling afbrudt/ophørt","status":"active","date":"2024-01-10T00:00:00+02:00","publisher":"Sundhedsvæsnets Kvalistetsinstitut with Trifork Digital Health A/S","contact":[{"name":"Sundhedsvæsnets Kvalistetsinstitut with Trifork Digital Health A/S","telecom":[{"system":"url","value":"https://trifork.com"},{"system":"email","value":"rbk@trifork.com"}]}],"description":"Årsager til behandling eller forløb er afbrudt/ophørt","caseSensitive":false,"content":"complete","count":10,"concept":[{"code":"transplant","display":"Transplantation","definition":"Transplantation"},{"code":"peritonitis","display":"Peritonitis","definition":"Peritonitis"},{"code":"ultrafilt_svigt","display":"Ultrafiltrationssvigt","definition":"Ultrafiltrationssvigt"},{"code":"inadekvat_dialyse","display":"Inadekvat dialyse","definition":"Inadekvat dialyse"},{"code":"hernia","display":"Hernia (inkl Diafragma)","definition":"Hernia (inkl Diafragma)"},{"code":"teknisk","display":"Teknisk (fx kateterproblem)","definition":"Teknisk (fx kateterproblem)"},{"code":"anden_medicinsk","display":"Andre medicinske årsager (fx apopleksi)","definition":"Andre medicinske årsager (fx apopleksi)"},{"code":"patient_valg","display":"Patient valg","definition":"Patient valg"},{"code":"socialt","display":"Socialt","definition":"Socialt"},{"code":"abdominal_op","display":"Abdominal operation","definition":"Abdominal operation"}]}