{"resourceType":"CodeSystem","id":"Alchohol","text":{"status":"generated","div":"<div xmlns=\"http://www.w3.org/1999/xhtml\"><p class=\"res-header-id\"><b>Generated Narrative: CodeSystem Alchohol</b></p><a name=\"Alchohol\"> </a><a name=\"hcAlchohol\"> </a><a name=\"Alchohol-en-US\"> </a><p>This  code system <code>https://kip.rkkp.dk/fhir/CodeSystem/Alchohol</code> defines the following codes:</p><table class=\"codes\"><tr><td style=\"white-space:nowrap\"><b>Code</b></td><td><b>Display</b></td><td><b>Definition</b></td></tr><tr><td style=\"white-space:nowrap\">0<a name=\"Alchohol-0\"> </a></td><td>0</td><td>Ingen alkohol</td></tr><tr><td style=\"white-space:nowrap\">le7/14<a name=\"Alchohol-le7.4714\"> </a></td><td>7/14 genstande eller færre</td><td>Under eller lig 7/14 genstande per uge (kvinde/mand)</td></tr><tr><td style=\"white-space:nowrap\">gt7/14<a name=\"Alchohol-gt7.4714\"> </a></td><td>OVer 7/14 genstande</td><td>Over 7/14 genstande per uge (kvinde/mand)</td></tr><tr><td style=\"white-space:nowrap\">0-10<a name=\"Alchohol-0-10\"> </a></td><td>0-10 genstande pr. uge</td><td>0-10 genstande pr. uge</td></tr><tr><td style=\"white-space:nowrap\">gte11<a name=\"Alchohol-gte11\"> </a></td><td>Over 11 genstande pr. uge</td><td>Over 11 genstande pr. uge</td></tr><tr><td style=\"white-space:nowrap\">1-21<a name=\"Alchohol-1-21\"> </a></td><td>1-21</td><td>1-21 genstande per uge</td></tr><tr><td style=\"white-space:nowrap\">gt21<a name=\"Alchohol-gt21\"> </a></td><td>&gt;21</td><td>Mere end 21 genstande per uge</td></tr></table></div>"},"url":"https://kip.rkkp.dk/fhir/CodeSystem/Alchohol","version":"2.9.0","name":"Alchohol","title":"Alchohol","status":"active","date":"2022-05-31T00:00:00+02:00","publisher":"Sundhedsvæsnets Kvalistetsinstitut with Trifork Digital Health A/S","contact":[{"name":"Sundhedsvæsnets Kvalistetsinstitut with Trifork Digital Health A/S","telecom":[{"system":"url","value":"https://trifork.com"},{"system":"email","value":"rbk@trifork.com"}]}],"description":"Healthfactor alchohol","content":"complete","count":7,"concept":[{"code":"0","display":"0","definition":"Ingen alkohol"},{"code":"le7/14","display":"7/14 genstande eller færre","definition":"Under eller lig 7/14 genstande per uge (kvinde/mand)"},{"code":"gt7/14","display":"OVer 7/14 genstande","definition":"Over 7/14 genstande per uge (kvinde/mand)"},{"code":"0-10","display":"0-10 genstande pr. uge","definition":"0-10 genstande pr. uge"},{"code":"gte11","display":"Over 11 genstande pr. uge","definition":"Over 11 genstande pr. uge"},{"code":"1-21","display":"1-21","definition":"1-21 genstande per uge"},{"code":"gt21","display":">21","definition":"Mere end 21 genstande per uge"}]}