{"resourceType":"CodeSystem","id":"Interventionsgruppe","text":{"status":"generated","div":"<div xmlns=\"http://www.w3.org/1999/xhtml\"><p class=\"res-header-id\"><b>Generated Narrative: CodeSystem Interventionsgruppe</b></p><a name=\"Interventionsgruppe\"> </a><a name=\"hcInterventionsgruppe\"> </a><a name=\"Interventionsgruppe-en-US\"> </a><p>This case-insensitive code system <code>https://kip.rkkp.dk/fhir/CodeSystem/Interventionsgruppe</code> defines the following codes:</p><table class=\"codes\"><tr><td style=\"white-space:nowrap\"><b>Code</b></td><td><b>Display</b></td><td><b>Definition</b></td></tr><tr><td style=\"white-space:nowrap\">100<a name=\"Interventionsgruppe-100\"> </a></td><td>100: Ophør med aktiv behandling</td><td>Ophør med aktiv behandling</td></tr><tr><td style=\"white-space:nowrap\">110<a name=\"Interventionsgruppe-110\"> </a></td><td>110: Genvunden funktion</td><td>Genvunden funktion</td></tr><tr><td style=\"white-space:nowrap\">120<a name=\"Interventionsgruppe-120\"> </a></td><td>120: Afsendelse til</td><td>Afsendelse til</td></tr><tr><td style=\"white-space:nowrap\">130<a name=\"Interventionsgruppe-130\"> </a></td><td>130: Modtagelse fra</td><td>Modtagelse fra</td></tr><tr><td style=\"white-space:nowrap\">310<a name=\"Interventionsgruppe-310\"> </a></td><td>310: Hæmodialyse</td><td>Hæmodialyse</td></tr><tr><td style=\"white-space:nowrap\">510<a name=\"Interventionsgruppe-510\"> </a></td><td>510: Peritonealdialyse</td><td>Peritonealdialyse</td></tr><tr><td style=\"white-space:nowrap\">550<a name=\"Interventionsgruppe-550\"> </a></td><td>550: Peritonitis</td><td>Peritonitis</td></tr><tr><td style=\"white-space:nowrap\">610<a name=\"Interventionsgruppe-610\"> </a></td><td>610: Transplantation</td><td>Transplantation</td></tr><tr><td style=\"white-space:nowrap\">620<a name=\"Interventionsgruppe-620\"> </a></td><td>620: Nyrestart</td><td>Nyrestart</td></tr><tr><td style=\"white-space:nowrap\">630<a name=\"Interventionsgruppe-630\"> </a></td><td>630: Rejektion</td><td>Rejektion</td></tr><tr><td style=\"white-space:nowrap\">650<a name=\"Interventionsgruppe-650\"> </a></td><td>650: Grafttab</td><td>Grafttab</td></tr></table></div>"},"url":"https://kip.rkkp.dk/fhir/CodeSystem/Interventionsgruppe","version":"2.9.0","name":"Interventionsgruppe","title":"Interventionsgruppe","status":"active","date":"2024-01-10T00:00:00+02:00","publisher":"Sundhedsvæsnets Kvalistetsinstitut with Trifork Digital Health A/S","contact":[{"name":"Sundhedsvæsnets Kvalistetsinstitut with Trifork Digital Health A/S","telecom":[{"system":"url","value":"https://trifork.com"},{"system":"email","value":"rbk@trifork.com"}]}],"description":"Interventionsgruppe (DNSL)","caseSensitive":false,"content":"complete","count":11,"concept":[{"code":"100","display":"100: Ophør med aktiv behandling","definition":"Ophør med aktiv behandling"},{"code":"110","display":"110: Genvunden funktion","definition":"Genvunden funktion"},{"code":"120","display":"120: Afsendelse til","definition":"Afsendelse til"},{"code":"130","display":"130: Modtagelse fra","definition":"Modtagelse fra"},{"code":"310","display":"310: Hæmodialyse","definition":"Hæmodialyse"},{"code":"510","display":"510: Peritonealdialyse","definition":"Peritonealdialyse"},{"code":"550","display":"550: Peritonitis","definition":"Peritonitis"},{"code":"610","display":"610: Transplantation","definition":"Transplantation"},{"code":"620","display":"620: Nyrestart","definition":"Nyrestart"},{"code":"630","display":"630: Rejektion","definition":"Rejektion"},{"code":"650","display":"650: Grafttab","definition":"Grafttab"}]}