{"resourceType":"CodeSystem","id":"AnastomosisLeakGrading","text":{"status":"generated","div":"<div xmlns=\"http://www.w3.org/1999/xhtml\"><p class=\"res-header-id\"><b>Generated Narrative: CodeSystem AnastomosisLeakGrading</b></p><a name=\"AnastomosisLeakGrading\"> </a><a name=\"hcAnastomosisLeakGrading\"> </a><a name=\"AnastomosisLeakGrading-en-US\"> </a><p><b>Properties</b></p><p><b>This code system defines the following properties for its concepts</b></p><table class=\"grid\"><tr><td><b>Name</b></td><td><b>Code</b></td><td><b>URI</b></td><td><b>Type</b></td><td><b>Description</b></td></tr><tr><td>comment</td><td>comment</td><td>http://hl7.org/fhir/concept-properties#comment</td><td>string</td><td>A string that provides additional detail pertinent to the use or understanding of the concept</td></tr><tr><td>effectiveDate</td><td>effectiveDate</td><td>http://hl7.org/fhir/concept-properties#effectiveDate</td><td>dateTime</td><td>The date at which the concept status was last changed</td></tr><tr><td>status</td><td>status</td><td>http://hl7.org/fhir/concept-properties#status</td><td>code</td><td>A code that indicates the status of the concept. Typical values are active, experimental, deprecated, and retired</td></tr><tr><td>Inactive</td><td>inactive</td><td>http://hl7.org/fhir/concept-properties#inactive</td><td>boolean</td><td>True if the concept is not considered active - e.g. not a valid concept any more. Property type is boolean, default value is false. Note that the status property may also be used to indicate that a concept is inactive</td></tr></table><p><b>Concepts</b></p><p>This  code system <code>https://kip.rkkp.dk/fhir/CodeSystem/AnastomosisLeakGrading</code> defines the following codes:</p><table class=\"codes\"><tr><td style=\"white-space:nowrap\"><b>Code</b></td><td><b>Display</b></td><td><b>Definition</b></td><td><b>status</b></td></tr><tr><td style=\"white-space:nowrap\">grade_a<a name=\"AnastomosisLeakGrading-grade_a\"> </a></td><td>Grade A</td><td>Grad A - Kræver ikke nogen form for aktiv terapeutisk behandling</td><td>active</td></tr><tr><td style=\"white-space:nowrap\">grade_b<a name=\"AnastomosisLeakGrading-grade_b\"> </a></td><td>Grade B</td><td>Grad B - Kræver aktiv terapeutisk behandling men ikke re-labaroskopi eller re-laparotomi</td><td/></tr><tr><td style=\"white-space:nowrap\">grade_c<a name=\"AnastomosisLeakGrading-grade_c\"> </a></td><td>Grade C</td><td>Grad C - Kræver aktiv terapeutisk behandling med re-labaroskopi eller re-laparotomi</td><td/></tr></table></div>"},"url":"https://kip.rkkp.dk/fhir/CodeSystem/AnastomosisLeakGrading","version":"2.9.0","name":"AnastomosisLeakGrading","title":"Anastomosis leak grading","status":"active","date":"2022-08-17T00:00:00+02:00","publisher":"Sundhedsvæsnets Kvalistetsinstitut with Trifork Digital Health A/S","contact":[{"name":"Sundhedsvæsnets Kvalistetsinstitut with Trifork Digital Health A/S","telecom":[{"system":"url","value":"https://trifork.com"},{"system":"email","value":"rbk@trifork.com"}]}],"description":"Anastomosis leak grading","content":"complete","count":3,"property":[{"code":"comment","uri":"http://hl7.org/fhir/concept-properties#comment","description":"A string that provides additional detail pertinent to the use or understanding of the concept","type":"string"},{"code":"effectiveDate","uri":"http://hl7.org/fhir/concept-properties#effectiveDate","description":"The date at which the concept status was last changed","type":"dateTime"},{"code":"status","uri":"http://hl7.org/fhir/concept-properties#status","description":"A code that indicates the status of the concept. Typical values are active, experimental, deprecated, and retired","type":"code"},{"code":"inactive","uri":"http://hl7.org/fhir/concept-properties#inactive","description":"True if the concept is not considered active - e.g. not a valid concept any more. Property type is boolean, default value is false. Note that the status property may also be used to indicate that a concept is inactive","type":"boolean"}],"concept":[{"code":"grade_a","display":"Grade A","definition":"Grad A - Kræver ikke nogen form for aktiv terapeutisk behandling","property":[{"code":"ChangeDate","valueDateTime":"2000-12-20T00:00:00+01:00"},{"code":"status","valueCode":"active"}]},{"code":"grade_b","display":"Grade B","definition":"Grad B - Kræver aktiv terapeutisk behandling men ikke re-labaroskopi eller re-laparotomi"},{"code":"grade_c","display":"Grade C","definition":"Grad C - Kræver aktiv terapeutisk behandling med re-labaroskopi eller re-laparotomi"}]}