{"resourceType":"CodeSystem","id":"Maengde","text":{"status":"generated","div":"<div xmlns=\"http://www.w3.org/1999/xhtml\"><p class=\"res-header-id\"><b>Generated Narrative: CodeSystem Maengde</b></p><a name=\"Maengde\"> </a><a name=\"hcMaengde\"> </a><a name=\"Maengde-en-US\"> </a><p>This  code system <code>https://kip.rkkp.dk/fhir/CodeSystem/Maengde</code> defines the following codes:</p><table class=\"codes\"><tr><td style=\"white-space:nowrap\"><b>Code</b></td><td><b>Display</b></td><td><b>Definition</b></td></tr><tr><td style=\"white-space:nowrap\">ingen<a name=\"Maengde-ingen\"> </a></td><td>Ingen</td><td>Ingen</td></tr><tr><td style=\"white-space:nowrap\">lille<a name=\"Maengde-lille\"> </a></td><td>Lille</td><td>Lille mængde</td></tr><tr><td style=\"white-space:nowrap\">moderat<a name=\"Maengde-moderat\"> </a></td><td>Moderat</td><td>Moderat mængde</td></tr><tr><td style=\"white-space:nowrap\">stor<a name=\"Maengde-stor\"> </a></td><td>Stor</td><td>Stor mængde</td></tr></table></div>"},"url":"https://kip.rkkp.dk/fhir/CodeSystem/Maengde","version":"2.9.0","name":"Maengde","title":"Mængde","status":"active","date":"2024-02-13T00:00:00+02:00","publisher":"Sundhedsvæsnets Kvalistetsinstitut with Trifork Digital Health A/S","contact":[{"name":"Sundhedsvæsnets Kvalistetsinstitut with Trifork Digital Health A/S","telecom":[{"system":"url","value":"https://trifork.com"},{"system":"email","value":"rbk@trifork.com"}]}],"description":"Angivelse af mængder","content":"complete","count":4,"concept":[{"code":"ingen","display":"Ingen","definition":"Ingen"},{"code":"lille","display":"Lille","definition":"Lille mængde"},{"code":"moderat","display":"Moderat","definition":"Moderat mængde"},{"code":"stor","display":"Stor","definition":"Stor mængde"}]}