{"resourceType":"SearchParameter","id":"QuestionnaireResponseResponsibleOnCarePlan","text":{"status":"generated","div":"<div xmlns=\"http://www.w3.org/1999/xhtml\"><p class=\"res-header-id\"><b>Generated Narrative: SearchParameter QuestionnaireResponseResponsibleOnCarePlan</b></p><a name=\"QuestionnaireResponseResponsibleOnCarePlan\"> </a><a name=\"hcQuestionnaireResponseResponsibleOnCarePlan\"> </a><a name=\"QuestionnaireResponseResponsibleOnCarePlan-en-US\"> </a><h2>QuestionnaireResponseResponsibleOnCarePlan</h2><p>Parameter <code>questionnaire-response-responsible-sor</code>:<code>token</code></p><div><p>Search a CarePlan for responsible SOR code on a QuestionnaireResponse</p>\n</div><table class=\"grid\"><tr><td>Resource</td><td><a href=\"http://hl7.org/fhir/R4/careplan.html\">CarePlan</a></td></tr><tr><td>Expression</td><td><code>CarePlan.activity.outcomeReference.extension.where(url='responsible')</code></td></tr><tr><td>Multiples</td><td><ul><li>multipleAnd: It's up to the server whether the parameter may repeat in order to specify multiple values that must all be true</li><li>multipleOr: It's up to the server whether the parameter can have multiple values (separated by comma) where at least one must be true</li></ul></td></tr><tr><td>Comparators</td><td>Allowed: eq</td></tr></table></div>"},"url":"https://kip.rkkp.dk/fhir/SearchParameter/QuestionnaireResponseResponsibleOnCarePlan","version":"2.9.0","name":"QuestionnaireResponseResponsibleOnCarePlan","status":"active","date":"2025-03-14T11:58:25+00:00","publisher":"Sundhedsvæsnets Kvalistetsinstitut with Trifork Digital Health A/S","contact":[{"name":"Sundhedsvæsnets Kvalistetsinstitut with Trifork Digital Health A/S","telecom":[{"system":"url","value":"https://trifork.com"},{"system":"email","value":"rbk@trifork.com"}]}],"description":"Search a CarePlan for responsible SOR code on a QuestionnaireResponse","code":"questionnaire-response-responsible-sor","base":["CarePlan"],"type":"token","expression":"CarePlan.activity.outcomeReference.extension.where(url='responsible')","comparator":["eq"]}