{"resourceType":"ValueSet","id":"FrekvensNedsynkningDUGA","text":{"status":"extensions","div":"<div xmlns=\"http://www.w3.org/1999/xhtml\"><p class=\"res-header-id\"><b>Generated Narrative: ValueSet FrekvensNedsynkningDUGA</b></p><a name=\"FrekvensNedsynkningDUGA\"> </a><a name=\"hcFrekvensNedsynkningDUGA\"> </a><a name=\"FrekvensNedsynkningDUGA-en-US\"> </a><ul><li>Include these codes as defined in <a href=\"CodeSystem-Frekvens.html\"><code>https://kip.rkkp.dk/fhir/CodeSystem/Frekvens</code></a><table class=\"none\"><tr><td style=\"white-space:nowrap\"><b>Code</b></td><td><b>Display</b></td><td><b>Definition</b></td></tr><tr><td><a href=\"CodeSystem-Frekvens.html#Frekvens-aldrig\">aldrig</a></td><td>Nej</td><td>Aldrig / Slet ikke</td></tr><tr><td><a href=\"CodeSystem-Frekvens.html#Frekvens-mdl-lt1\">mdl-lt1</a></td><td>Ja, mindre end en gang om måneden</td><td>Mindre end 1 gang om måneden</td></tr><tr><td><a href=\"CodeSystem-Frekvens.html#Frekvens-mdl-1-4\">mdl-1-4</a></td><td>Ja, en til fire gange om måneden</td><td>1-4 gange om måneden</td></tr><tr><td><a href=\"CodeSystem-Frekvens.html#Frekvens-ugl-ge1\">ugl-ge1</a></td><td>Ja, en til flere gange om ugen</td><td>1 gang om ugen eller mere</td></tr><tr><td><a href=\"CodeSystem-Frekvens.html#Frekvens-dgl-ge1\">dgl-ge1</a></td><td>Ja, en til flere gange i døgnet</td><td>1 eller flere gange om dagen</td></tr></table></li></ul></div>"},"url":"https://kip.rkkp.dk/fhir/ValueSet/FrekvensNedsynkningDUGA","version":"2.9.0","name":"FrekvensNedsynkningDUGA","title":"Frekvens Nedsynkning (DUGA)","status":"active","experimental":true,"date":"2024-02-13T00:00:00+02:00","publisher":"Sundhedsvæsnets Kvalistetsinstitut with Trifork Digital Health A/S","contact":[{"name":"Sundhedsvæsnets Kvalistetsinstitut with Trifork Digital Health A/S","telecom":[{"system":"url","value":"https://trifork.com"},{"system":"email","value":"rbk@trifork.com"}]}],"description":"Hvor ofte konstateres nedsynkning (DUGA)","compose":{"include":[{"system":"https://kip.rkkp.dk/fhir/CodeSystem/Frekvens","concept":[{"code":"aldrig","display":"Nej"},{"code":"mdl-lt1","display":"Ja, mindre end en gang om måneden"},{"code":"mdl-1-4","display":"Ja, en til fire gange om måneden"},{"code":"ugl-ge1","display":"Ja, en til flere gange om ugen"},{"code":"dgl-ge1","display":"Ja, en til flere gange i døgnet"}]}]}}