{"resourceType":"ValueSet","id":"MLInstabilitetDKR","text":{"status":"extensions","div":"<div xmlns=\"http://www.w3.org/1999/xhtml\"><p class=\"res-header-id\"><b>Generated Narrative: ValueSet MLInstabilitetDKR</b></p><a name=\"MLInstabilitetDKR\"> </a><a name=\"hcMLInstabilitetDKR\"> </a><a name=\"MLInstabilitetDKR-en-US\"> </a><ul><li>Include these codes as defined in <a href=\"CodeSystem-Intervals.html\"><code>https://kip.rkkp.dk/fhir/CodeSystem/Intervals</code></a><table class=\"none\"><tr><td style=\"white-space:nowrap\"><b>Code</b></td><td><b>Display</b></td><td><b>Definition</b></td></tr><tr><td><a href=\"CodeSystem-Intervals.html#Intervals-.605\">&lt;5</a></td><td>&lt;5 grader</td><td>&lt;5</td></tr><tr><td><a href=\"CodeSystem-Intervals.html#Intervals-5-9\">5-9</a></td><td>5-9 grader</td><td>5-9</td></tr><tr><td><a href=\"CodeSystem-Intervals.html#Intervals-10-14\">10-14</a></td><td>10-14 grader</td><td>10-14</td></tr><tr><td><a href=\"CodeSystem-Intervals.html#Intervals-.6214\">&gt;14</a></td><td>&gt;14 grader</td><td>&gt;14</td></tr></table></li></ul></div>"},"url":"https://kip.rkkp.dk/fhir/ValueSet/MLInstabilitetDKR","version":"2.9.0","name":"MLInstabilitetDKR","title":"ML-instabilitet (DKR)","status":"active","experimental":true,"date":"2022-10-12T00:00:00+02:00","publisher":"Sundhedsvæsnets Kvalistetsinstitut with Trifork Digital Health A/S","contact":[{"name":"Sundhedsvæsnets Kvalistetsinstitut with Trifork Digital Health A/S","telecom":[{"system":"url","value":"https://trifork.com"},{"system":"email","value":"rbk@trifork.com"}]}],"description":"ML-instabilitet (DKR)","compose":{"include":[{"system":"https://kip.rkkp.dk/fhir/CodeSystem/Intervals","concept":[{"code":"<5","display":"<5 grader"},{"code":"5-9","display":"5-9 grader"},{"code":"10-14","display":"10-14 grader"},{"code":">14","display":">14 grader"}]}]}}