{"resourceType":"ValueSet","id":"FiksationFemurDKRR202503","text":{"status":"extensions","div":"<div xmlns=\"http://www.w3.org/1999/xhtml\"><p class=\"res-header-id\"><b>Generated Narrative: ValueSet FiksationFemurDKRR202503</b></p><a name=\"FiksationFemurDKRR202503\"> </a><a name=\"hcFiksationFemurDKRR202503\"> </a><a name=\"FiksationFemurDKRR202503-en-US\"> </a><p>This value set includes codes based on the following rules:</p><ul><li>Include these codes as defined in <a href=\"CodeSystem-FixationCruciateLigaments.html\"><code>https://kip.rkkp.dk/fhir/CodeSystem/FixationCruciateLigaments</code></a><table class=\"none\"><tr><td style=\"white-space:nowrap\"><b>Code</b></td><td><b>Display</b></td><td><b>Definition</b></td></tr><tr><td><a href=\"CodeSystem-FixationCruciateLigaments.html#FixationCruciateLigaments-arthrex_biotenodesis_plla\">arthrex_biotenodesis_plla</a></td><td>Arthrex Biotenodesis PLLA skrue</td><td>Arthrex Biotenodesis PLLA skrue [Femur]</td></tr><tr><td><a href=\"CodeSystem-FixationCruciateLigaments.html#FixationCruciateLigaments-arthrex_peek\">arthrex_peek</a></td><td>Arthrex PEEK Skrue</td><td>Arthrex PEEK Skrue [Femur + Tibia]</td></tr><tr><td><a href=\"CodeSystem-FixationCruciateLigaments.html#FixationCruciateLigaments-arthrex_plla\">arthrex_plla</a></td><td>Arthrex PLLA skrue</td><td>Arthrex PLLA skrue [Femur]</td></tr><tr><td><a href=\"CodeSystem-FixationCruciateLigaments.html#FixationCruciateLigaments-arthrex_retrobutton\">arthrex_retrobutton</a></td><td>Arthrex Retrobutton</td><td>Arthrex Retrobutton [Femur]</td></tr><tr><td><a href=\"CodeSystem-FixationCruciateLigaments.html#FixationCruciateLigaments-arthrex_tight_rope\">arthrex_tight_rope</a></td><td>Arthrex Tight Rope</td><td>Arthrex Tight Rope [Femur + Tibia]</td></tr><tr><td><a href=\"CodeSystem-FixationCruciateLigaments.html#FixationCruciateLigaments-arthrex_titanium\">arthrex_titanium</a></td><td>Arthrex Titanium skrue</td><td>Arthrex Titanium skrue [Femur]</td></tr><tr><td><a href=\"CodeSystem-FixationCruciateLigaments.html#FixationCruciateLigaments-arthrex_transfix\">arthrex_transfix</a></td><td>Arthrex Transfix</td><td>Arthrex Transfix [Femur]</td></tr><tr><td><a href=\"CodeSystem-FixationCruciateLigaments.html#FixationCruciateLigaments-arthrocare_bilok_trans\">arthrocare_bilok_trans</a></td><td>Arthrocare Bilok Trans-skrue</td><td>Arthrocare Bilok Trans-skrue [Femur]</td></tr><tr><td><a href=\"CodeSystem-FixationCruciateLigaments.html#FixationCruciateLigaments-atlantech_bilok\">atlantech_bilok</a></td><td>Atlantech Bilok Skrue</td><td>Atlantech Bilok Skrue [Femur + Tibia]</td></tr><tr><td><a href=\"CodeSystem-FixationCruciateLigaments.html#FixationCruciateLigaments-atlantech_metal\">atlantech_metal</a></td><td>Atlantech metal skrue</td><td>Atlantech metal skrue [Femur + Tibia]</td></tr><tr><td><a href=\"CodeSystem-FixationCruciateLigaments.html#FixationCruciateLigaments-biomet_ez_loc\">biomet_ez_loc</a></td><td>Biomet EZ Loc</td><td>Biomet EZ Loc [Femur]</td></tr><tr><td><a href=\"CodeSystem-FixationCruciateLigaments.html#FixationCruciateLigaments-biomet_metal_tunneloc\">biomet_metal_tunneloc</a></td><td>Biomet metal skrue (Tunneloc)</td><td>Biomet metal skrue (Tunneloc) [Femur + Tibia]</td></tr><tr><td><a href=\"CodeSystem-FixationCruciateLigaments.html#FixationCruciateLigaments-biomet_plla_gentlethread\">biomet_plla_gentlethread</a></td><td>Biomet PLLA skrue (Gentletread)</td><td>Biomet PLLA skrue (Gentletread) [Femur + Tibia]</td></tr><tr><td><a href=\"CodeSystem-FixationCruciateLigaments.html#FixationCruciateLigaments-biomet_togglelock_zipploop\">biomet_togglelock_zipploop</a></td><td>Biomet Togglelock Zipploop</td><td>Biomet Togglelock Zipploop [Femur]</td></tr><tr><td><a href=\"CodeSystem-FixationCruciateLigaments.html#FixationCruciateLigaments-cayenne_aperfix\">cayenne_aperfix</a></td><td>Cayenne Aperfix</td><td>Cayenne Aperfix [Femur + Tibia]</td></tr><tr><td><a href=\"CodeSystem-FixationCruciateLigaments.html#FixationCruciateLigaments-conmed_guardsman\">conmed_guardsman</a></td><td>Conmed Guardsman metal</td><td>Conmed Guardsman metal [Femur]</td></tr><tr><td><a href=\"CodeSystem-FixationCruciateLigaments.html#FixationCruciateLigaments-conmed_metal_propel\">conmed_metal_propel</a></td><td>ConMed Metal skrue (Propel)</td><td>ConMed Metal skrue (Propel) [Femur + Tibia]</td></tr><tr><td><a href=\"CodeSystem-FixationCruciateLigaments.html#FixationCruciateLigaments-conmed_plla_bioscrew\">conmed_plla_bioscrew</a></td><td>ConMed PLLA skrue (Bioscrew)</td><td>ConMed PLLA skrue (Bioscrew) [Femur + Tibia]</td></tr><tr><td><a href=\"CodeSystem-FixationCruciateLigaments.html#FixationCruciateLigaments-conmed_xo_button\">conmed_xo_button</a></td><td>ConMed XO Button</td><td>ConMed XO Button [Femur]</td></tr><tr><td><a href=\"CodeSystem-FixationCruciateLigaments.html#FixationCruciateLigaments-depuy_mitek_femoral_intrafix\">depuy_mitek_femoral_intrafix</a></td><td>Depuy Mitek Femoral Intrafix</td><td>Depuy Mitek Femoral Intrafix [Femur]</td></tr><tr><td><a href=\"CodeSystem-FixationCruciateLigaments.html#FixationCruciateLigaments-depuy_mitek_milagro\">depuy_mitek_milagro</a></td><td>Depuy Mitek Milagro skrue</td><td>Depuy Mitek Milagro skrue [Femur + Tibia]</td></tr><tr><td><a href=\"CodeSystem-FixationCruciateLigaments.html#FixationCruciateLigaments-depuy_mitek_rigidfix\">depuy_mitek_rigidfix</a></td><td>Depuy Mitek Rigidfix</td><td>Depuy Mitek Rigidfix [Femur]</td></tr><tr><td><a href=\"CodeSystem-FixationCruciateLigaments.html#FixationCruciateLigaments-depuy_mitek_titanium\">depuy_mitek_titanium</a></td><td>Depuy Mitek Titanium skrue</td><td>Depuy Mitek Titanium skrue [Femur + Tibia]</td></tr><tr><td><a href=\"CodeSystem-FixationCruciateLigaments.html#FixationCruciateLigaments-depuy_rigidfix_curve\">depuy_rigidfix_curve</a></td><td>Depuy Rigidfix CURVE</td><td>Depuy Rigidfix CURVE [Femur]</td></tr><tr><td><a href=\"CodeSystem-FixationCruciateLigaments.html#FixationCruciateLigaments-depuy_rigidloop_adjustable_loop\">depuy_rigidloop_adjustable_loop</a></td><td>Depuy RIGIDLOOP adjustable loop</td><td>Depuy RIGIDLOOP adjustable loop [Femur]</td></tr><tr><td><a href=\"CodeSystem-FixationCruciateLigaments.html#FixationCruciateLigaments-depuy_rigidloop_fixed_loop\">depuy_rigidloop_fixed_loop</a></td><td>Depuy RIGIDLOOP fixed loop</td><td>Depuy RIGIDLOOP fixed loop [Femur]</td></tr><tr><td><a href=\"CodeSystem-FixationCruciateLigaments.html#FixationCruciateLigaments-femoral_intrafix\">femoral_intrafix</a></td><td>Femoral Intrafix</td><td>Femoral Intrafix [Femur]</td></tr><tr><td><a href=\"CodeSystem-FixationCruciateLigaments.html#FixationCruciateLigaments-inion_hexalon\">inion_hexalon</a></td><td>Inion Hexalon skrue</td><td>Inion Hexalon skrue [Femur + Tibia]</td></tr><tr><td><a href=\"CodeSystem-FixationCruciateLigaments.html#FixationCruciateLigaments-smith.38nephew_biosure_peek\">smith&amp;nephew_biosure_peek</a></td><td>Smith &amp; Nephew Biosure PEEK skrue</td><td>Smith &amp; Nephew Biosure PEEK skrue [Femur + Tibia]</td></tr><tr><td><a href=\"CodeSystem-FixationCruciateLigaments.html#FixationCruciateLigaments-smith.38nephew_calaxo\">smith&amp;nephew_calaxo</a></td><td>Smith &amp; Nephew Calaxo</td><td>Smith &amp; Nephew Calaxo [Femur]</td></tr><tr><td><a href=\"CodeSystem-FixationCruciateLigaments.html#FixationCruciateLigaments-smith.38nephew_endobutton_cl\">smith&amp;nephew_endobutton_cl</a></td><td>Smith &amp; Nephew Endobutton CL</td><td>Smith &amp; Nephew Endobutton CL [Femur]</td></tr><tr><td><a href=\"CodeSystem-FixationCruciateLigaments.html#FixationCruciateLigaments-smith.38nephew_rci_metal\">smith&amp;nephew_rci_metal</a></td><td>Smith &amp; Nephew RCI metal</td><td>Smith &amp; Nephew RCI metal [Femur + Tibia]</td></tr><tr><td><a href=\"CodeSystem-FixationCruciateLigaments.html#FixationCruciateLigaments-smith.38nephew_rci_plla\">smith&amp;nephew_rci_plla</a></td><td>Smith &amp; Nephew RCI PLLA</td><td>Smith &amp; Nephew RCI PLLA [Femur + Tibia]</td></tr><tr><td><a href=\"CodeSystem-FixationCruciateLigaments.html#FixationCruciateLigaments-smith.38nephew_rci_plla.47ha\">smith&amp;nephew_rci_plla/ha</a></td><td>Smith &amp; Nephew RCI PLLA/HA</td><td>Smith &amp; Nephew RCI PLLA/HA [Femur + Tibia]</td></tr><tr><td><a href=\"CodeSystem-FixationCruciateLigaments.html#FixationCruciateLigaments-smith.38nephew_softsilk_metal\">smith&amp;nephew_softsilk_metal</a></td><td>Smith &amp; Nephew Softsilk metal</td><td>Smith &amp; Nephew Softsilk metal [Femur + Tibia]</td></tr><tr><td><a href=\"CodeSystem-FixationCruciateLigaments.html#FixationCruciateLigaments-smith.38nephew_ultrabutton\">smith&amp;nephew_ultrabutton</a></td><td>Smith &amp; Nephew UltraButton</td><td>Smith &amp; Nephew UltraButton [Femur]</td></tr><tr><td><a href=\"CodeSystem-FixationCruciateLigaments.html#FixationCruciateLigaments-storz_flip-tac\">storz_flip-tac</a></td><td>Storz Flip-Tac</td><td>Storz Flip-Tac [Femur]</td></tr><tr><td><a href=\"CodeSystem-FixationCruciateLigaments.html#FixationCruciateLigaments-stryker_bioosteon\">stryker_bioosteon</a></td><td>Stryker Bioosteon skrue</td><td>Stryker Bioosteon skrue [Femur + Tibia]</td></tr><tr><td><a href=\"CodeSystem-FixationCruciateLigaments.html#FixationCruciateLigaments-stryker_crossscrew_ha.47plla\">stryker_crossscrew_ha/plla</a></td><td>Stryker Crossscrew (HA/PLLA)</td><td>Stryker Crossscrew (HA/PLLA) [Femur + Tibia]</td></tr><tr><td><a href=\"CodeSystem-FixationCruciateLigaments.html#FixationCruciateLigaments-stryker_crossscrew_titanium\">stryker_crossscrew_titanium</a></td><td>Stryker Crossscrew (Titanium)</td><td>Stryker Crossscrew (Titanium) [Femur + Tibia]</td></tr><tr><td><a href=\"CodeSystem-FixationCruciateLigaments.html#FixationCruciateLigaments-stryker_plla\">stryker_plla</a></td><td>Stryker PLLA skrue</td><td>Stryker PLLA skrue [Femur + Tibia]</td></tr><tr><td><a href=\"CodeSystem-FixationCruciateLigaments.html#FixationCruciateLigaments-stryker_procinch\">stryker_procinch</a></td><td>Stryker ProCinch</td><td>Stryker ProCinch [Femur]</td></tr><tr><td><a href=\"CodeSystem-FixationCruciateLigaments.html#FixationCruciateLigaments-stryker_titanium\">stryker_titanium</a></td><td>Stryker titanium skrue</td><td>Stryker titanium skrue [Femur + Tibia]</td></tr><tr><td><a href=\"CodeSystem-FixationCruciateLigaments.html#FixationCruciateLigaments-stryker_versitomic_g-lok\">stryker_versitomic_g-lok</a></td><td>Stryker VersiTomic G-lok</td><td>Stryker VersiTomic G-lok [Femur]</td></tr><tr><td><a href=\"CodeSystem-FixationCruciateLigaments.html#FixationCruciateLigaments-screw.47washer\">screw/washer</a></td><td>Skrue/washer</td><td>Skrue/washer [Femur + Tibia]</td></tr></table></li><li>Include these codes as defined in <a href=\"CodeSystem-GenericValues.html\"><code>https://kip.rkkp.dk/fhir/CodeSystem/GenericValues</code></a><table class=\"none\"><tr><td style=\"white-space:nowrap\"><b>Code</b></td><td><b>Display</b></td><td><b>Definition</b></td></tr><tr><td><a href=\"CodeSystem-GenericValues.html#GenericValues-other\">other</a></td><td>Andet</td><td>Other - used to choose unspecific value not in a valueset</td></tr></table></li></ul></div>"},"url":"https://kip.rkkp.dk/fhir/ValueSet/FiksationFemurDKRR202503","version":"2.9.0","name":"FiksationFemurDKRR202503","title":"Fiksation, Femur (DKRR) 2025","status":"active","experimental":true,"date":"2025-09-21T00:00:00+02:00","publisher":"Sundhedsvæsnets Kvalistetsinstitut with Trifork Digital Health A/S","contact":[{"name":"Sundhedsvæsnets Kvalistetsinstitut with Trifork Digital Health A/S","telecom":[{"system":"url","value":"https://trifork.com"},{"system":"email","value":"rbk@trifork.com"}]}],"description":"Fiksation, Femur (DKRR) 2025 rettelse","compose":{"include":[{"system":"https://kip.rkkp.dk/fhir/CodeSystem/FixationCruciateLigaments","concept":[{"code":"arthrex_biotenodesis_plla","display":"Arthrex Biotenodesis PLLA skrue"},{"code":"arthrex_peek","display":"Arthrex PEEK Skrue"},{"code":"arthrex_plla","display":"Arthrex PLLA skrue"},{"code":"arthrex_retrobutton","display":"Arthrex Retrobutton"},{"code":"arthrex_tight_rope","display":"Arthrex Tight Rope"},{"code":"arthrex_titanium","display":"Arthrex Titanium skrue"},{"code":"arthrex_transfix","display":"Arthrex Transfix"},{"code":"arthrocare_bilok_trans","display":"Arthrocare Bilok Trans-skrue"},{"code":"atlantech_bilok","display":"Atlantech Bilok Skrue"},{"code":"atlantech_metal","display":"Atlantech metal skrue"},{"code":"biomet_ez_loc","display":"Biomet EZ Loc"},{"code":"biomet_metal_tunneloc","display":"Biomet metal skrue (Tunneloc)"},{"code":"biomet_plla_gentlethread","display":"Biomet PLLA skrue (Gentletread)"},{"code":"biomet_togglelock_zipploop","display":"Biomet Togglelock Zipploop"},{"code":"cayenne_aperfix","display":"Cayenne Aperfix"},{"code":"conmed_guardsman","display":"Conmed Guardsman metal"},{"code":"conmed_metal_propel","display":"ConMed Metal skrue (Propel)"},{"code":"conmed_plla_bioscrew","display":"ConMed PLLA skrue (Bioscrew)"},{"code":"conmed_xo_button","display":"ConMed XO Button"},{"code":"depuy_mitek_femoral_intrafix","display":"Depuy Mitek Femoral Intrafix"},{"code":"depuy_mitek_milagro","display":"Depuy Mitek Milagro skrue"},{"code":"depuy_mitek_rigidfix","display":"Depuy Mitek Rigidfix"},{"code":"depuy_mitek_titanium","display":"Depuy Mitek Titanium skrue"},{"code":"depuy_rigidfix_curve","display":"Depuy Rigidfix CURVE"},{"code":"depuy_rigidloop_adjustable_loop","display":"Depuy RIGIDLOOP adjustable loop"},{"code":"depuy_rigidloop_fixed_loop","display":"Depuy RIGIDLOOP fixed loop"},{"code":"femoral_intrafix","display":"Femoral Intrafix"},{"code":"inion_hexalon","display":"Inion Hexalon skrue"},{"code":"smith&nephew_biosure_peek","display":"Smith & Nephew Biosure PEEK skrue"},{"code":"smith&nephew_calaxo","display":"Smith & Nephew Calaxo"},{"code":"smith&nephew_endobutton_cl","display":"Smith & Nephew Endobutton CL"},{"code":"smith&nephew_rci_metal","display":"Smith & Nephew RCI metal"},{"code":"smith&nephew_rci_plla","display":"Smith & Nephew RCI PLLA"},{"code":"smith&nephew_rci_plla/ha","display":"Smith & Nephew RCI PLLA/HA"},{"code":"smith&nephew_softsilk_metal","display":"Smith & Nephew Softsilk metal"},{"code":"smith&nephew_ultrabutton","display":"Smith & Nephew UltraButton"},{"code":"storz_flip-tac","display":"Storz Flip-Tac"},{"code":"stryker_bioosteon","display":"Stryker Bioosteon skrue"},{"code":"stryker_crossscrew_ha/plla","display":"Stryker Crossscrew (HA/PLLA)"},{"code":"stryker_crossscrew_titanium","display":"Stryker Crossscrew (Titanium)"},{"code":"stryker_plla","display":"Stryker PLLA skrue"},{"code":"stryker_procinch","display":"Stryker ProCinch"},{"code":"stryker_titanium","display":"Stryker titanium skrue"},{"code":"stryker_versitomic_g-lok","display":"Stryker VersiTomic G-lok"},{"code":"screw/washer","display":"Skrue/washer"}]},{"system":"https://kip.rkkp.dk/fhir/CodeSystem/GenericValues","concept":[{"code":"other","display":"Andet"}]}]}}