{"resourceType":"ValueSet","id":"TumorklassifikationDiagnoseDEGC","text":{"status":"extensions","div":"<div xmlns=\"http://www.w3.org/1999/xhtml\"><p class=\"res-header-id\"><b>Generated Narrative: ValueSet TumorklassifikationDiagnoseDEGC</b></p><a name=\"TumorklassifikationDiagnoseDEGC\"> </a><a name=\"hcTumorklassifikationDiagnoseDEGC\"> </a><a name=\"TumorklassifikationDiagnoseDEGC-en-US\"> </a><ul><li>Include these codes as defined in <a href=\"CodeSystem-TumorClassificationHistology.html\"><code>https://kip.rkkp.dk/fhir/CodeSystem/TumorClassificationHistology</code></a><table class=\"none\"><tr><td style=\"white-space:nowrap\"><b>Code</b></td><td><b>Display</b></td><td><b>Definition</b></td></tr><tr><td><a href=\"CodeSystem-TumorClassificationHistology.html#TumorClassificationHistology-planocellular\">planocellular</a></td><td>Planocellulært</td><td>Planocellulært karcinom</td></tr><tr><td><a href=\"CodeSystem-TumorClassificationHistology.html#TumorClassificationHistology-adenocarcinoma\">adenocarcinoma</a></td><td>Adenocarcinom</td><td>Adenokarcinom</td></tr><tr><td><a href=\"CodeSystem-TumorClassificationHistology.html#TumorClassificationHistology-other\">other</a></td><td>Andet carcinom</td><td>Anden type karcinom</td></tr></table></li></ul></div>"},"url":"https://kip.rkkp.dk/fhir/ValueSet/TumorklassifikationDiagnoseDEGC","version":"2.9.0","name":"TumorklassifikationDiagnoseDEGC","title":"Tumorklassifikation","status":"active","experimental":true,"date":"2022-06-08T00:00:00+02:00","publisher":"Sundhedsvæsnets Kvalistetsinstitut with Trifork Digital Health A/S","contact":[{"name":"Sundhedsvæsnets Kvalistetsinstitut with Trifork Digital Health A/S","telecom":[{"system":"url","value":"https://trifork.com"},{"system":"email","value":"rbk@trifork.com"}]}],"description":"Histologisk tumorklassifikation i DEGC (diagnose)","compose":{"include":[{"system":"https://kip.rkkp.dk/fhir/CodeSystem/TumorClassificationHistology","concept":[{"code":"planocellular","display":"Planocellulært"},{"code":"adenocarcinoma","display":"Adenocarcinom"},{"code":"other","display":"Andet carcinom"}]}]}}