{"resourceType":"ValueSet","id":"KomplBloedProcDUGA","text":{"status":"extensions","div":"<div xmlns=\"http://www.w3.org/1999/xhtml\"><p class=\"res-header-id\"><b>Generated Narrative: ValueSet KomplBloedProcDUGA</b></p><a name=\"KomplBloedProcDUGA\"> </a><a name=\"hcKomplBloedProcDUGA\"> </a><a name=\"KomplBloedProcDUGA-en-US\"> </a><ul><li>Include these codes as defined in <a href=\"CodeSystem-ProcedureUrogyn.html\"><code>https://kip.rkkp.dk/fhir/CodeSystem/ProcedureUrogyn</code></a><table class=\"none\"><tr><td style=\"white-space:nowrap\"><b>Code</b></td><td><b>Display</b></td><td><b>Definition</b></td></tr><tr><td><a href=\"CodeSystem-ProcedureUrogyn.html#ProcedureUrogyn-BOQA0\">BOQA0</a></td><td>BOQA0: Blodtransfusion</td><td>Blodtransfusion</td></tr><tr><td><a href=\"CodeSystem-ProcedureUrogyn.html#ProcedureUrogyn-KLWD00\">KLWD00</a></td><td>KLWD00: Reoperation for overfladisk blødning efter gynækologisk operation</td><td>Reoperation for overfladisk blødning efter gynækologisk operation</td></tr><tr><td><a href=\"CodeSystem-ProcedureUrogyn.html#ProcedureUrogyn-KLWE00\">KLWE00</a></td><td>KLWE00: Reoperation for dyb blødning efter gynækologisk operation</td><td>Reoperation for dyb blødning efter gynækologisk operation</td></tr><tr><td><a href=\"CodeSystem-ProcedureUrogyn.html#ProcedureUrogyn-KLWE01\">KLWE01</a></td><td>KLWE01: Laparoskopisk reoperation for dyb blødning efter gynækologisk operation</td><td>Laparoskopisk reoperation for dyb blødning efter gynækologisk operation</td></tr></table></li></ul></div>"},"url":"https://kip.rkkp.dk/fhir/ValueSet/KomplBloedProcDUGA","version":"2.9.0","name":"KomplBloedProcDUGA","title":"Komplikationer pga. blødning - Procedurekoder (DUGA)","status":"active","experimental":true,"date":"2024-02-21T00:00:00+02:00","publisher":"Sundhedsvæsnets Kvalistetsinstitut with Trifork Digital Health A/S","contact":[{"name":"Sundhedsvæsnets Kvalistetsinstitut with Trifork Digital Health A/S","telecom":[{"system":"url","value":"https://trifork.com"},{"system":"email","value":"rbk@trifork.com"}]}],"description":"Komplikationer pga. blødning - Procedurekoder (DUGA)","compose":{"include":[{"system":"https://kip.rkkp.dk/fhir/CodeSystem/ProcedureUrogyn","concept":[{"code":"BOQA0","display":"BOQA0: Blodtransfusion"},{"code":"KLWD00","display":"KLWD00: Reoperation for overfladisk blødning efter gynækologisk operation"},{"code":"KLWE00","display":"KLWE00: Reoperation for dyb blødning efter gynækologisk operation"},{"code":"KLWE01","display":"KLWE01: Laparoskopisk reoperation for dyb blødning efter gynækologisk operation"}]}]}}