{"resourceType":"ValueSet","id":"BehandlingCMMLMDS","text":{"status":"extensions","div":"<div xmlns=\"http://www.w3.org/1999/xhtml\"><p class=\"res-header-id\"><b>Generated Narrative: ValueSet BehandlingCMMLMDS</b></p><a name=\"BehandlingCMMLMDS\"> </a><a name=\"hcBehandlingCMMLMDS\"> </a><a name=\"BehandlingCMMLMDS-en-US\"> </a><p>This value set includes codes based on the following rules:</p><ul><li>Include these codes as defined in <a href=\"CodeSystem-SKS.html\"><code>https://kip.rkkp.dk/fhir/CodeSystem/SKS</code></a><table class=\"none\"><tr><td style=\"white-space:nowrap\"><b>Code</b></td><td><b>Display</b></td><td><b>Definition</b></td></tr><tr><td><a href=\"CodeSystem-SKS.html#SKS-BOQA\">BOQA</a></td><td>Transfusion</td><td>Behandling med blodtransfusion</td></tr></table></li><li>Include these codes as defined in <a href=\"CodeSystem-ATC.html\"><code>https://kip.rkkp.dk/fhir/CodeSystem/ATC</code></a><table class=\"none\"><tr><td style=\"white-space:nowrap\"><b>Code</b></td><td><b>Display</b></td><td><b>Definition</b></td></tr><tr><td><a href=\"CodeSystem-ATC.html#ATC-B03XA01\">B03XA01</a></td><td>Erythropoietin</td><td>B03XA01 - erythropoietin</td></tr><tr><td><a href=\"CodeSystem-ATC.html#ATC-L01XX05\">L01XX05</a></td><td>Hydroxycarbamid</td><td>L01XX05 - hydroxycarbamide</td></tr></table></li><li>Include these codes as defined in <a href=\"CodeSystem-TreatmentUnspecified.html\"><code>https://kip.rkkp.dk/fhir/CodeSystem/TreatmentUnspecified</code></a><table class=\"none\"><tr><td style=\"white-space:nowrap\"><b>Code</b></td><td><b>Display</b></td><td><b>Definition</b></td></tr><tr><td><a href=\"CodeSystem-TreatmentUnspecified.html#TreatmentUnspecified-demethylating\">demethylating</a></td><td>Demethylerende behandling</td><td>Demethylating treatment / Demethylerende behandling</td></tr><tr><td><a href=\"CodeSystem-TreatmentUnspecified.html#TreatmentUnspecified-chemotherapi_aml\">chemotherapi_aml</a></td><td>AML lignende kemoterapi</td><td>AML-like chemotherapy / AML lignende kemoterapi</td></tr></table></li><li>Include these codes as defined in <a href=\"CodeSystem-GenericValues.html\"><code>https://kip.rkkp.dk/fhir/CodeSystem/GenericValues</code></a><table class=\"none\"><tr><td style=\"white-space:nowrap\"><b>Code</b></td><td><b>Display</b></td><td><b>Definition</b></td></tr><tr><td><a href=\"CodeSystem-GenericValues.html#GenericValues-other\">other</a></td><td>Anden behandling</td><td>Other - used to choose unspecific value not in a valueset</td></tr></table></li></ul></div>"},"url":"https://kip.rkkp.dk/fhir/ValueSet/BehandlingCMMLMDS","version":"2.9.0","name":"BehandlingCMMLMDS","title":"Behandlinger foretaget i forbindelse med CMML (MDS)","status":"active","experimental":true,"date":"2022-07-19T00:00:00+02:00","publisher":"Sundhedsvæsnets Kvalistetsinstitut with Trifork Digital Health A/S","contact":[{"name":"Sundhedsvæsnets Kvalistetsinstitut with Trifork Digital Health A/S","telecom":[{"system":"url","value":"https://trifork.com"},{"system":"email","value":"rbk@trifork.com"}]}],"description":"Behandlinger foretaget i forbindelse med CMML (MDS)","compose":{"include":[{"system":"https://kip.rkkp.dk/fhir/CodeSystem/SKS","concept":[{"code":"BOQA","display":"Transfusion"}]},{"system":"https://kip.rkkp.dk/fhir/CodeSystem/ATC","concept":[{"code":"B03XA01","display":"Erythropoietin"},{"code":"L01XX05","display":"Hydroxycarbamid"}]},{"system":"https://kip.rkkp.dk/fhir/CodeSystem/TreatmentUnspecified","concept":[{"code":"demethylating","display":"Demethylerende behandling"},{"code":"chemotherapi_aml","display":"AML lignende kemoterapi"}]},{"system":"https://kip.rkkp.dk/fhir/CodeSystem/GenericValues","concept":[{"code":"other","display":"Anden behandling"}]}]}}