{"resourceType":"ValueSet","id":"UdredningDANDEM","text":{"status":"extensions","div":"<div xmlns=\"http://www.w3.org/1999/xhtml\"><p class=\"res-header-id\"><b>Generated Narrative: ValueSet UdredningDANDEM</b></p><a name=\"UdredningDANDEM\"> </a><a name=\"hcUdredningDANDEM\"> </a><a name=\"UdredningDANDEM-en-US\"> </a><ul><li>Include these codes as defined in <a href=\"CodeSystem-AssessmentType.html\"><code>https://kip.rkkp.dk/fhir/CodeSystem/AssessmentType</code></a><table class=\"none\"><tr><td style=\"white-space:nowrap\"><b>Code</b></td><td><b>Display</b></td><td><b>Definition</b></td></tr><tr><td><a href=\"CodeSystem-AssessmentType.html#AssessmentType-primary_dementia_assessment\">primary_dementia_assessment</a></td><td>Primær demensudredning, henvist direkte</td><td>Primary dementia assessment / Primær demensudredning</td></tr><tr><td><a href=\"CodeSystem-AssessmentType.html#AssessmentType-second_opinion\">second_opinion</a></td><td>Second opinion</td><td>Second opinion</td></tr><tr><td><a href=\"CodeSystem-AssessmentType.html#AssessmentType-referred_again_behavioral_problems\">referred_again_behavioral_problems</a></td><td>Genhenvist pga. adfærdsforstyrrelser og har sikker diagnose</td><td>Referred again beacause of behavioral problems / Genhenvist pga. adfærdsforstyrrelser</td></tr><tr><td><a href=\"CodeSystem-AssessmentType.html#AssessmentType-referred_again_dementia_treatment\">referred_again_dementia_treatment</a></td><td>Genhenvist pga. demensbehandling og har en sikker diagnose</td><td>Referred again beacause of dementia treatment / Genhenvist pga. demensbehandling</td></tr><tr><td><a href=\"CodeSystem-AssessmentType.html#AssessmentType-revisited_primary_assessment\">revisited_primary_assessment</a></td><td>Omvisiteret fritvalgspatient til primær udredning</td><td>Revisited for primary assessment / Omvisiteret til primær udredning</td></tr><tr><td><a href=\"CodeSystem-AssessmentType.html#AssessmentType-no_wish_for_assessment\">no_wish_for_assessment</a></td><td>Patient ønsker ikke yderligere undersøgelser</td><td>Patient wishes for no further assessment / Patient ønsker ikke yderligere undersøgelser</td></tr></table></li></ul></div>"},"url":"https://kip.rkkp.dk/fhir/ValueSet/UdredningDANDEM","version":"2.9.0","name":"UdredningDANDEM","title":"Udredning (DANDEM)","status":"active","experimental":true,"date":"2022-07-19T00:00:00+02:00","publisher":"Sundhedsvæsnets Kvalistetsinstitut with Trifork Digital Health A/S","contact":[{"name":"Sundhedsvæsnets Kvalistetsinstitut with Trifork Digital Health A/S","telecom":[{"system":"url","value":"https://trifork.com"},{"system":"email","value":"rbk@trifork.com"}]}],"description":"Udredning (DANDEM)","compose":{"include":[{"system":"https://kip.rkkp.dk/fhir/CodeSystem/AssessmentType","concept":[{"code":"primary_dementia_assessment","display":"Primær demensudredning, henvist direkte"},{"code":"second_opinion","display":"Second opinion"},{"code":"referred_again_behavioral_problems","display":"Genhenvist pga. adfærdsforstyrrelser og har sikker diagnose"},{"code":"referred_again_dementia_treatment","display":"Genhenvist pga. demensbehandling og har en sikker diagnose"},{"code":"revisited_primary_assessment","display":"Omvisiteret fritvalgspatient til primær udredning"},{"code":"no_wish_for_assessment","display":"Patient ønsker ikke yderligere undersøgelser"}]}]}}