{"resourceType":"ValueSet","id":"CancerUdredning","text":{"status":"extensions","div":"<div xmlns=\"http://www.w3.org/1999/xhtml\"><p class=\"res-header-id\"><b>Generated Narrative: ValueSet CancerUdredning</b></p><a name=\"CancerUdredning\"> </a><a name=\"hcCancerUdredning\"> </a><a name=\"CancerUdredning-en-US\"> </a><ul><li>Include these codes as defined in <a href=\"CodeSystem-CancerInvestigation.html\"><code>https://kip.rkkp.dk/fhir/CodeSystem/CancerInvestigation</code></a><table class=\"none\"><tr><td style=\"white-space:nowrap\"><b>Code</b></td><td><b>Display</b></td><td><b>Definition</b></td></tr><tr><td><a href=\"CodeSystem-CancerInvestigation.html#CancerInvestigation-eus\">eus</a></td><td>EUS</td><td>EUS</td></tr><tr><td><a href=\"CodeSystem-CancerInvestigation.html#CancerInvestigation-lap.47lus\">lap/lus</a></td><td>Lap/LUS</td><td>Lap/LUS</td></tr><tr><td><a href=\"CodeSystem-CancerInvestigation.html#CancerInvestigation-ct\">ct</a></td><td>CT</td><td>CT</td></tr><tr><td><a href=\"CodeSystem-CancerInvestigation.html#CancerInvestigation-pet.47ct\">pet/ct</a></td><td>PET/CT</td><td>PET/CT</td></tr><tr><td><a href=\"CodeSystem-CancerInvestigation.html#CancerInvestigation-mr\">mr</a></td><td>MR</td><td>MR</td></tr><tr><td><a href=\"CodeSystem-CancerInvestigation.html#CancerInvestigation-abdomen\">abdomen</a></td><td>UL abdomen</td><td>UL abdomen</td></tr><tr><td><a href=\"CodeSystem-CancerInvestigation.html#CancerInvestigation-neck\">neck</a></td><td>UL hals</td><td>UL hals</td></tr><tr><td><a href=\"CodeSystem-CancerInvestigation.html#CancerInvestigation-ebus\">ebus</a></td><td>EBUS</td><td>EBUS</td></tr><tr><td><a href=\"CodeSystem-CancerInvestigation.html#CancerInvestigation-other\">other</a></td><td>Øvrige</td><td>Øvrige</td></tr></table></li></ul></div>"},"url":"https://kip.rkkp.dk/fhir/ValueSet/CancerUdredning","version":"2.9.0","name":"CancerUdredning","title":"Cancer udredning","status":"active","experimental":true,"date":"2022-06-08T00:00:00+02:00","publisher":"Sundhedsvæsnets Kvalistetsinstitut with Trifork Digital Health A/S","contact":[{"name":"Sundhedsvæsnets Kvalistetsinstitut with Trifork Digital Health A/S","telecom":[{"system":"url","value":"https://trifork.com"},{"system":"email","value":"rbk@trifork.com"}]}],"description":"Valgmulighederne for cancer udredning","compose":{"include":[{"system":"https://kip.rkkp.dk/fhir/CodeSystem/CancerInvestigation","concept":[{"code":"eus","display":"EUS"},{"code":"lap/lus","display":"Lap/LUS"},{"code":"ct","display":"CT"},{"code":"pet/ct","display":"PET/CT"},{"code":"mr","display":"MR"},{"code":"abdomen","display":"UL abdomen"},{"code":"neck","display":"UL hals"},{"code":"ebus","display":"EBUS"},{"code":"other","display":"Øvrige"}]}]}}