{"resourceType":"ValueSet","id":"HydrocephalusTiltag","text":{"status":"extensions","div":"<div xmlns=\"http://www.w3.org/1999/xhtml\"><p class=\"res-header-id\"><b>Generated Narrative: ValueSet HydrocephalusTiltag</b></p><a name=\"HydrocephalusTiltag\"> </a><a name=\"hcHydrocephalusTiltag\"> </a><a name=\"HydrocephalusTiltag-en-US\"> </a><ul><li>Include these codes as defined in <a href=\"CodeSystem-TreatmentInitiatives.html\"><code>https://kip.rkkp.dk/fhir/CodeSystem/TreatmentInitiatives</code></a><table class=\"none\"><tr><td style=\"white-space:nowrap\"><b>Code</b></td><td><b>Display</b></td><td><b>Definition</b></td></tr><tr><td><a href=\"CodeSystem-TreatmentInitiatives.html#TreatmentInitiatives-temporarydrain\">temporarydrain</a></td><td>Midlertidigt dræn</td><td>Midlertidigt dræn</td></tr><tr><td><a href=\"CodeSystem-TreatmentInitiatives.html#TreatmentInitiatives-permanentshunt\">permanentshunt</a></td><td>Kræver permanent shunt</td><td>Permanent shunt</td></tr></table></li></ul></div>"},"url":"https://kip.rkkp.dk/fhir/ValueSet/HydrocephalusTiltag","version":"2.9.0","name":"HydrocephalusTiltag","title":"Tiltag i forbindelse med hydrocephalus","status":"active","experimental":true,"date":"2022-06-29T00:00:00+02:00","publisher":"Sundhedsvæsnets Kvalistetsinstitut with Trifork Digital Health A/S","contact":[{"name":"Sundhedsvæsnets Kvalistetsinstitut with Trifork Digital Health A/S","telecom":[{"system":"url","value":"https://trifork.com"},{"system":"email","value":"rbk@trifork.com"}]}],"description":"Tiltag i forbindelse med hydrocephalus","compose":{"include":[{"system":"https://kip.rkkp.dk/fhir/CodeSystem/TreatmentInitiatives","concept":[{"code":"temporarydrain","display":"Midlertidigt dræn"},{"code":"permanentshunt","display":"Kræver permanent shunt"}]}]}}