{"resourceType":"ValueSet","id":"MorsDiagnoseUlykkeDNSL","text":{"status":"generated","div":"<div xmlns=\"http://www.w3.org/1999/xhtml\"><p class=\"res-header-id\"><b>Generated Narrative: ValueSet MorsDiagnoseUlykkeDNSL</b></p><a name=\"MorsDiagnoseUlykkeDNSL\"> </a><a name=\"hcMorsDiagnoseUlykkeDNSL\"> </a><a name=\"MorsDiagnoseUlykkeDNSL-en-US\"> </a><ul><li>Include these codes as defined in <a href=\"CodeSystem-MorsDiagnosekoder.html\"><code>https://kip.rkkp.dk/fhir/CodeSystem/MorsDiagnosekoder</code></a><table class=\"none\"><tr><td style=\"white-space:nowrap\"><b>Code</b></td><td><b>Display</b></td></tr><tr><td><a href=\"CodeSystem-MorsDiagnosekoder.html#MorsDiagnosekoder-DT758\">DT758</a></td><td>DT758: Skader af ydre påvirkninger, andre specificerede</td></tr><tr><td><a href=\"CodeSystem-MorsDiagnosekoder.html#MorsDiagnosekoder-DT888\">DT888</a></td><td>DT888: Kompl til kir og med beh ikke klass ansted, andre spec</td></tr></table></li></ul></div>"},"url":"https://kip.rkkp.dk/fhir/ValueSet/MorsDiagnoseUlykkeDNSL","version":"2.9.0","name":"MorsDiagnoseUlykkeDNSL","title":"Mors Diagnosekode - Ulykke (DNSL)","status":"active","experimental":true,"date":"2024-01-10T00:00:00+02:00","publisher":"Sundhedsvæsnets Kvalistetsinstitut with Trifork Digital Health A/S","contact":[{"name":"Sundhedsvæsnets Kvalistetsinstitut with Trifork Digital Health A/S","telecom":[{"system":"url","value":"https://trifork.com"},{"system":"email","value":"rbk@trifork.com"}]}],"description":"Mors Diagnosekode - Ulykke (DNSL)","compose":{"include":[{"system":"https://kip.rkkp.dk/fhir/CodeSystem/MorsDiagnosekoder","concept":[{"code":"DT758","display":"DT758: Skader af ydre påvirkninger, andre specificerede"},{"code":"DT888","display":"DT888: Kompl til kir og med beh ikke klass ansted, andre spec"}]}]}}