{"resourceType":"ValueSet","id":"DomPauseringAarsagRETSPSYK","text":{"status":"extensions","div":"<div xmlns=\"http://www.w3.org/1999/xhtml\"><p class=\"res-header-id\"><b>Generated Narrative: ValueSet DomPauseringAarsagRETSPSYK</b></p><a name=\"DomPauseringAarsagRETSPSYK\"> </a><a name=\"hcDomPauseringAarsagRETSPSYK\"> </a><a name=\"DomPauseringAarsagRETSPSYK-en-US\"> </a><ul><li>Include these codes as defined in <a href=\"CodeSystem-Verdict.html\"><code>https://kip.rkkp.dk/fhir/CodeSystem/Verdict</code></a><table class=\"none\"><tr><td style=\"white-space:nowrap\"><b>Code</b></td><td><b>Display</b></td><td><b>Definition</b></td></tr><tr><td><a href=\"CodeSystem-Verdict.html#Verdict-expelled\">expelled</a></td><td>Udsendt</td><td>Cause of pause: Expelled / Udvist</td></tr><tr><td><a href=\"CodeSystem-Verdict.html#Verdict-travelled_away\">travelled_away</a></td><td>Udrejst</td><td>Cause of pause: Travelled away / Udrejst</td></tr><tr><td><a href=\"CodeSystem-Verdict.html#Verdict-missing\">missing</a></td><td>Forsvundet i længere tid</td><td>Cause of pause: Missing / Forsvundet</td></tr></table></li></ul></div>"},"url":"https://kip.rkkp.dk/fhir/ValueSet/DomPauseringAarsagRETSPSYK","version":"2.9.0","name":"DomPauseringAarsagRETSPSYK","title":"Dom - Pausering, årsag (RETSPSYK)","status":"active","experimental":true,"date":"2022-10-03T00:00:00+02:00","publisher":"Sundhedsvæsnets Kvalistetsinstitut with Trifork Digital Health A/S","contact":[{"name":"Sundhedsvæsnets Kvalistetsinstitut with Trifork Digital Health A/S","telecom":[{"system":"url","value":"https://trifork.com"},{"system":"email","value":"rbk@trifork.com"}]}],"description":"Dom - Pausering, årsag (RETSPSYK)","compose":{"include":[{"system":"https://kip.rkkp.dk/fhir/CodeSystem/Verdict","concept":[{"code":"expelled","display":"Udsendt"},{"code":"travelled_away","display":"Udrejst"},{"code":"missing","display":"Forsvundet i længere tid"}]}]}}