{"resourceType":"ValueSet","id":"SORNeurologiskeAfdelingerDAP","text":{"status":"extensions","div":"<div xmlns=\"http://www.w3.org/1999/xhtml\"><p class=\"res-header-id\"><b>Generated Narrative: ValueSet SORNeurologiskeAfdelingerDAP</b></p><a name=\"SORNeurologiskeAfdelingerDAP\"> </a><a name=\"hcSORNeurologiskeAfdelingerDAP\"> </a><a name=\"SORNeurologiskeAfdelingerDAP-en-US\"> </a><ul><li>Include these codes as defined in <a href=\"CodeSystem-SOR.html\"><code>https://kip.rkkp.dk/fhir/CodeSystem/SOR</code></a><table class=\"none\"><tr><td style=\"white-space:nowrap\"><b>Code</b></td><td><b>Display</b></td><td><b>Definition</b></td></tr><tr><td><a href=\"CodeSystem-SOR.html#SOR-240121000016005\">240121000016005</a></td><td>Odense, Neurologisk</td><td>Odense Universitetshospital - Svendborg - OUH Neurologisk Afsnit N (Shak: 4202160)</td></tr><tr><td><a href=\"CodeSystem-SOR.html#SOR-253081000016000\">253081000016000</a></td><td>Rigshospitalet , Blegdamsvej, Neurologisk</td><td>Rigshospitalet - Sengeafsnit 2094 (Shak: 1301221)</td></tr><tr><td><a href=\"CodeSystem-SOR.html#SOR-275981000016003\">275981000016003</a></td><td>Aalborg, Neurologisk</td><td>Aalborg Universitetshospital - Alb Neurologisk afd. (Shak: 8001191)</td></tr><tr><td><a href=\"CodeSystem-SOR.html#SOR-440081000016006\">440081000016006</a></td><td>Aarhus, Stroke</td><td>Aarhus Universitetshospital - Neurologisk Sengeafdeling (Shak: 6620151)</td></tr></table></li></ul></div>"},"url":"https://kip.rkkp.dk/fhir/ValueSet/SORNeurologiskeAfdelingerDAP","version":"2.9.0","name":"SORNeurologiskeAfdelingerDAP","title":"SOR: Neurologiske afdelinger (DAP)","status":"active","experimental":true,"date":"2022-09-06T00:00:00+02:00","publisher":"Sundhedsvæsnets Kvalistetsinstitut with Trifork Digital Health A/S","contact":[{"name":"Sundhedsvæsnets Kvalistetsinstitut with Trifork Digital Health A/S","telecom":[{"system":"url","value":"https://trifork.com"},{"system":"email","value":"rbk@trifork.com"}]}],"description":"SOR: Neurologiske afdelinger (DAP)","compose":{"include":[{"system":"https://kip.rkkp.dk/fhir/CodeSystem/SOR","concept":[{"code":"240121000016005","display":"Odense, Neurologisk"},{"code":"253081000016000","display":"Rigshospitalet , Blegdamsvej, Neurologisk"},{"code":"275981000016003","display":"Aalborg, Neurologisk"},{"code":"440081000016006","display":"Aarhus, Stroke"}]}]}}