{"resourceType":"ValueSet","id":"LedbaandsrekonstruktionDKRR","text":{"status":"extensions","div":"<div xmlns=\"http://www.w3.org/1999/xhtml\"><p class=\"res-header-id\"><b>Generated Narrative: ValueSet LedbaandsrekonstruktionDKRR</b></p><a name=\"LedbaandsrekonstruktionDKRR\"> </a><a name=\"hcLedbaandsrekonstruktionDKRR\"> </a><a name=\"LedbaandsrekonstruktionDKRR-en-US\"> </a><p>This value set includes codes based on the following rules:</p><ul><li>Include these codes as defined in <a href=\"CodeSystem-AnatomicalLocations.html\"><code>https://kip.rkkp.dk/fhir/CodeSystem/AnatomicalLocations</code></a><table class=\"none\"><tr><td style=\"white-space:nowrap\"><b>Code</b></td><td><b>Display</b></td><td><b>Definition</b></td></tr><tr><td><a href=\"CodeSystem-AnatomicalLocations.html#AnatomicalLocations-acl\">acl</a></td><td>ACL</td><td>ACL</td></tr><tr><td><a href=\"CodeSystem-AnatomicalLocations.html#AnatomicalLocations-pcl\">pcl</a></td><td>PCL</td><td>PCL</td></tr><tr><td><a href=\"CodeSystem-AnatomicalLocations.html#AnatomicalLocations-mcl\">mcl</a></td><td>MCL</td><td>MCL</td></tr><tr><td><a href=\"CodeSystem-AnatomicalLocations.html#AnatomicalLocations-lcl\">lcl</a></td><td>LCL</td><td>LCL</td></tr><tr><td><a href=\"CodeSystem-AnatomicalLocations.html#AnatomicalLocations-plc\">plc</a></td><td>PLC</td><td>PLC</td></tr><tr><td><a href=\"CodeSystem-AnatomicalLocations.html#AnatomicalLocations-all\">all</a></td><td>ALL</td><td>ALL</td></tr></table></li><li>Include these codes as defined in <a href=\"CodeSystem-ProcedureType.html\"><code>https://kip.rkkp.dk/fhir/CodeSystem/ProcedureType</code></a><table class=\"none\"><tr><td style=\"white-space:nowrap\"><b>Code</b></td><td><b>Display</b></td><td><b>Definition</b></td></tr><tr><td><a href=\"CodeSystem-ProcedureType.html#ProcedureType-luxation\">luxation</a></td><td>Knæluksation</td><td>Luxation / Luksation</td></tr><tr><td><a href=\"CodeSystem-ProcedureType.html#ProcedureType-tractus_tendonesis\">tractus_tendonesis</a></td><td>Tractus tendonesis</td><td>Tractus tendonesis</td></tr><tr><td><a href=\"CodeSystem-ProcedureType.html#ProcedureType-internal_brace\">internal_brace</a></td><td>Syntetisk forstærkning/internal brace</td><td>Internal brace / Syntetisk forstærkning</td></tr></table></li></ul></div>"},"url":"https://kip.rkkp.dk/fhir/ValueSet/LedbaandsrekonstruktionDKRR","version":"2.9.0","name":"LedbaandsrekonstruktionDKRR","title":"Ledbåndsrekonstruktioner (DKRR)","status":"active","experimental":true,"date":"2022-09-19T00:00:00+02:00","publisher":"Sundhedsvæsnets Kvalistetsinstitut with Trifork Digital Health A/S","contact":[{"name":"Sundhedsvæsnets Kvalistetsinstitut with Trifork Digital Health A/S","telecom":[{"system":"url","value":"https://trifork.com"},{"system":"email","value":"rbk@trifork.com"}]}],"description":"Ledbåndsrekonstruktioner (DKRR)","compose":{"include":[{"system":"https://kip.rkkp.dk/fhir/CodeSystem/AnatomicalLocations","concept":[{"code":"acl","display":"ACL"},{"code":"pcl","display":"PCL"},{"code":"mcl","display":"MCL"},{"code":"lcl","display":"LCL"},{"code":"plc","display":"PLC"},{"code":"all","display":"ALL"}]},{"system":"https://kip.rkkp.dk/fhir/CodeSystem/ProcedureType","concept":[{"code":"luxation","display":"Knæluksation"},{"code":"tractus_tendonesis","display":"Tractus tendonesis"},{"code":"internal_brace","display":"Syntetisk forstærkning/internal brace"}]}]}}