{"resourceType":"ValueSet","id":"CentralBlockType","text":{"status":"extensions","div":"<div xmlns=\"http://www.w3.org/1999/xhtml\"><p class=\"res-header-id\"><b>Generated Narrative: ValueSet CentralBlockType</b></p><a name=\"CentralBlockType\"> </a><a name=\"hcCentralBlockType\"> </a><a name=\"CentralBlockType-en-US\"> </a><ul><li>Include these codes as defined in <a href=\"CodeSystem-BlockTypes.html\"><code>https://kip.rkkp.dk/fhir/CodeSystem/BlockTypes</code></a><table class=\"none\"><tr><td style=\"white-space:nowrap\"><b>Code</b></td><td><b>Display</b></td><td><b>Definition</b></td></tr><tr><td><a href=\"CodeSystem-BlockTypes.html#BlockTypes-epidural_cervical\">epidural_cervical</a></td><td>Epidural Cervical</td><td>Epidural Cervical</td></tr><tr><td><a href=\"CodeSystem-BlockTypes.html#BlockTypes-epidural_thorakal\">epidural_thorakal</a></td><td>Epidural Thorakal</td><td>Epidural Thorakal</td></tr><tr><td><a href=\"CodeSystem-BlockTypes.html#BlockTypes-epidural_sakral\">epidural_sakral</a></td><td>Epidural Sakral</td><td>Epidural Sakral</td></tr><tr><td><a href=\"CodeSystem-BlockTypes.html#BlockTypes-epidural.43spinal\">epidural+spinal</a></td><td>Epidural+Spinal</td><td>Epidural+Spinal</td></tr><tr><td><a href=\"CodeSystem-BlockTypes.html#BlockTypes-epidural_lumbal\">epidural_lumbal</a></td><td>Epidural Lumbal</td><td>Epidural Lumbal</td></tr><tr><td><a href=\"CodeSystem-BlockTypes.html#BlockTypes-spinal_lumbal.34\">spinal_lumbal&quot;</a></td><td>Spinal lumbal</td><td>Spinal lumbal</td></tr><tr><td><a href=\"CodeSystem-BlockTypes.html#BlockTypes-spinal_catheter\">spinal_catheter</a></td><td>Spinal kateter</td><td>Spinal kateter</td></tr><tr><td><a href=\"CodeSystem-BlockTypes.html#BlockTypes-other\">other</a></td><td>Anden</td><td>Anden blokadetype</td></tr></table></li></ul></div>"},"url":"https://kip.rkkp.dk/fhir/ValueSet/CentralBlockType","version":"2.9.0","name":"CentralBlockType","title":"Typer af central blokade","status":"active","experimental":true,"date":"2022-06-09T00:00:00+02:00","publisher":"Sundhedsvæsnets Kvalistetsinstitut with Trifork Digital Health A/S","contact":[{"name":"Sundhedsvæsnets Kvalistetsinstitut with Trifork Digital Health A/S","telecom":[{"system":"url","value":"https://trifork.com"},{"system":"email","value":"rbk@trifork.com"}]}],"description":"Typer af central blokade","compose":{"include":[{"system":"https://kip.rkkp.dk/fhir/CodeSystem/BlockTypes","concept":[{"code":"epidural_cervical","display":"Epidural Cervical"},{"code":"epidural_thorakal","display":"Epidural Thorakal"},{"code":"epidural_sakral","display":"Epidural Sakral"},{"code":"epidural+spinal","display":"Epidural+Spinal"},{"code":"epidural_lumbal","display":"Epidural Lumbal"},{"code":"spinal_lumbal\"","display":"Spinal lumbal"},{"code":"spinal_catheter","display":"Spinal kateter"},{"code":"other","display":"Anden"}]}]}}