{"resourceType":"ValueSet","id":"MorsDiagnoseVaskulaerDNSL","text":{"status":"generated","div":"<div xmlns=\"http://www.w3.org/1999/xhtml\"><p class=\"res-header-id\"><b>Generated Narrative: ValueSet MorsDiagnoseVaskulaerDNSL</b></p><a name=\"MorsDiagnoseVaskulaerDNSL\"> </a><a name=\"hcMorsDiagnoseVaskulaerDNSL\"> </a><a name=\"MorsDiagnoseVaskulaerDNSL-en-US\"> </a><ul><li>Include these codes as defined in <a href=\"CodeSystem-MorsDiagnosekoder.html\"><code>https://kip.rkkp.dk/fhir/CodeSystem/MorsDiagnosekoder</code></a><table class=\"none\"><tr><td style=\"white-space:nowrap\"><b>Code</b></td><td><b>Display</b></td></tr><tr><td><a href=\"CodeSystem-MorsDiagnosekoder.html#MorsDiagnosekoder-DD629\">DD629</a></td><td>DD629: Akut anæmi efter blødning</td></tr><tr><td><a href=\"CodeSystem-MorsDiagnosekoder.html#MorsDiagnosekoder-DI269\">DI269</a></td><td>DI269: Embolia pulmonis u akut cor pulmonale</td></tr><tr><td><a href=\"CodeSystem-MorsDiagnosekoder.html#MorsDiagnosekoder-DI649\">DI649</a></td><td>DI649: Apoplexia cerebri uden specifikation</td></tr><tr><td><a href=\"CodeSystem-MorsDiagnosekoder.html#MorsDiagnosekoder-DI772\">DI772</a></td><td>DI772: Ruptura arteriae</td></tr><tr><td><a href=\"CodeSystem-MorsDiagnosekoder.html#MorsDiagnosekoder-DK550\">DK550</a></td><td>DK550: Akut karsygdom i tarm</td></tr><tr><td><a href=\"CodeSystem-MorsDiagnosekoder.html#MorsDiagnosekoder-DK638C\">DK638C</a></td><td>DK638C: Haemorrhagia tractus gastrointestinalis</td></tr><tr><td><a href=\"CodeSystem-MorsDiagnosekoder.html#MorsDiagnosekoder-DR589\">DR589</a></td><td>DR589: Haemorrhagia uden specifikation</td></tr><tr><td><a href=\"CodeSystem-MorsDiagnosekoder.html#MorsDiagnosekoder-DT810\">DT810</a></td><td>DT810: Haemorrhagia postop et haematoma postop ikke klas ansted</td></tr><tr><td><a href=\"CodeSystem-MorsDiagnosekoder.html#MorsDiagnosekoder-DT824\">DT824</a></td><td>DT824: Complicatio katherisationis vasorum dialyseos</td></tr></table></li></ul></div>"},"url":"https://kip.rkkp.dk/fhir/ValueSet/MorsDiagnoseVaskulaerDNSL","version":"2.9.0","name":"MorsDiagnoseVaskulaerDNSL","title":"Mors Diagnosekode - Vaskulær (DNSL)","status":"active","experimental":true,"date":"2024-01-10T00:00:00+02:00","publisher":"Sundhedsvæsnets Kvalistetsinstitut with Trifork Digital Health A/S","contact":[{"name":"Sundhedsvæsnets Kvalistetsinstitut with Trifork Digital Health A/S","telecom":[{"system":"url","value":"https://trifork.com"},{"system":"email","value":"rbk@trifork.com"}]}],"description":"Mors Diagnosekode - Vaskulære årsager (DNSL)","compose":{"include":[{"system":"https://kip.rkkp.dk/fhir/CodeSystem/MorsDiagnosekoder","concept":[{"code":"DD629","display":"DD629: Akut anæmi efter blødning"},{"code":"DI269","display":"DI269: Embolia pulmonis u akut cor pulmonale"},{"code":"DI649","display":"DI649: Apoplexia cerebri uden specifikation"},{"code":"DI772","display":"DI772: Ruptura arteriae"},{"code":"DK550","display":"DK550: Akut karsygdom i tarm"},{"code":"DK638C","display":"DK638C: Haemorrhagia tractus gastrointestinalis"},{"code":"DR589","display":"DR589: Haemorrhagia uden specifikation"},{"code":"DT810","display":"DT810: Haemorrhagia postop et haematoma postop ikke klas ansted"},{"code":"DT824","display":"DT824: Complicatio katherisationis vasorum dialyseos"}]}]}}