{"resourceType":"ValueSet","id":"LaryngoskopiDegree","text":{"status":"extensions","div":"<div xmlns=\"http://www.w3.org/1999/xhtml\"><p class=\"res-header-id\"><b>Generated Narrative: ValueSet LaryngoskopiDegree</b></p><a name=\"LaryngoskopiDegree\"> </a><a name=\"hcLaryngoskopiDegree\"> </a><a name=\"LaryngoskopiDegree-en-US\"> </a><ul><li>Include these codes as defined in <a href=\"CodeSystem-LaryngoskopiDegree.html\"><code>https://kip.rkkp.dk/fhir/CodeSystem/LaryngoskopiDegree</code></a><table class=\"none\"><tr><td style=\"white-space:nowrap\"><b>Code</b></td><td><b>Display</b></td><td><b>Definition</b></td></tr><tr><td><a href=\"CodeSystem-LaryngoskopiDegree.html#LaryngoskopiDegree-degree1\">degree1</a></td><td>Grad 1: Stemmebånd kan visualiseres i fuld længde</td><td>Grad 1: Stemmebånd kan visualiseres i fuld længde</td></tr><tr><td><a href=\"CodeSystem-LaryngoskopiDegree.html#LaryngoskopiDegree-degree2\">degree2</a></td><td>Grad 2: 1/3 af stemmebåndene kan visualiseres</td><td>Grad 2: 1/3 af stemmebåndene kan visualiseres</td></tr><tr><td><a href=\"CodeSystem-LaryngoskopiDegree.html#LaryngoskopiDegree-degree3\">degree3</a></td><td>Grad 3: Epiglottis men ikke stemmebånd kan visualiseres</td><td>Grad 3: Epiglottis men ikke stemmebånd kan visualiseres</td></tr><tr><td><a href=\"CodeSystem-LaryngoskopiDegree.html#LaryngoskopiDegree-degree4\">degree4</a></td><td>Grad 4: Epiglottis kan ikke visualiseres</td><td>Grad 4: Epiglottis kan ikke visualiseres</td></tr><tr><td><a href=\"CodeSystem-LaryngoskopiDegree.html#LaryngoskopiDegree-noattempt\">noattempt</a></td><td>Direkte laryngoskopi ikke forsøgt</td><td>Direkte laryngoskopi ikke forsøgt</td></tr></table></li></ul></div>"},"url":"https://kip.rkkp.dk/fhir/ValueSet/LaryngoskopiDegree","version":"2.9.0","name":"LaryngoskopiDegree","title":"Laryngoskopigrad","status":"active","experimental":true,"date":"2022-06-09T00:00:00+02:00","publisher":"Sundhedsvæsnets Kvalistetsinstitut with Trifork Digital Health A/S","contact":[{"name":"Sundhedsvæsnets Kvalistetsinstitut with Trifork Digital Health A/S","telecom":[{"system":"url","value":"https://trifork.com"},{"system":"email","value":"rbk@trifork.com"}]}],"description":"Bedst opnåede laryngoskopigrad ved direkte laryngoskopi efter Cormack & Lehane","compose":{"include":[{"system":"https://kip.rkkp.dk/fhir/CodeSystem/LaryngoskopiDegree","concept":[{"code":"degree1","display":"Grad 1: Stemmebånd kan visualiseres i fuld længde"},{"code":"degree2","display":"Grad 2: 1/3 af stemmebåndene kan visualiseres"},{"code":"degree3","display":"Grad 3: Epiglottis men ikke stemmebånd kan visualiseres"},{"code":"degree4","display":"Grad 4: Epiglottis kan ikke visualiseres"},{"code":"noattempt","display":"Direkte laryngoskopi ikke forsøgt"}]}]}}