{"resourceType":"ValueSet","id":"ImplantattypeDUGA","text":{"status":"extensions","div":"<div xmlns=\"http://www.w3.org/1999/xhtml\"><p class=\"res-header-id\"><b>Generated Narrative: ValueSet ImplantattypeDUGA</b></p><a name=\"ImplantattypeDUGA\"> </a><a name=\"hcImplantattypeDUGA\"> </a><a name=\"ImplantattypeDUGA-en-US\"> </a><ul><li>Include these codes as defined in <a href=\"CodeSystem-ImplantattypeDUGA.html\"><code>https://kip.rkkp.dk/fhir/CodeSystem/ImplantattypeDUGA</code></a><table class=\"none\"><tr><td style=\"white-space:nowrap\"><b>Code</b></td><td><b>Display</b></td><td><b>Definition</b></td></tr><tr><td><a href=\"CodeSystem-ImplantattypeDUGA.html#ImplantattypeDUGA-mesh_resorberbar\">mesh_resorberbar</a></td><td>Syntetisk mesh, resorberbar</td><td>Syntetisk mesh, resorberbar</td></tr><tr><td><a href=\"CodeSystem-ImplantattypeDUGA.html#ImplantattypeDUGA-mesh_non_resorberbar\">mesh_non_resorberbar</a></td><td>Syntetisk mesh, non-resorberbar</td><td>Syntetisk mesh, non-resorberbar</td></tr><tr><td><a href=\"CodeSystem-ImplantattypeDUGA.html#ImplantattypeDUGA-bio_autolog_graft\">bio_autolog_graft</a></td><td>Biologisk implantat, autolog graft</td><td>Biologisk implantat, autolog graft</td></tr><tr><td><a href=\"CodeSystem-ImplantattypeDUGA.html#ImplantattypeDUGA-bio_allograft\">bio_allograft</a></td><td>Biologisk implantat, allograft</td><td>Biologisk implantat, allograft</td></tr><tr><td><a href=\"CodeSystem-ImplantattypeDUGA.html#ImplantattypeDUGA-bio_xenograft\">bio_xenograft</a></td><td>Biologisk implantat, xenograft</td><td>Biologisk implantat, xenograft</td></tr></table></li></ul></div>"},"url":"https://kip.rkkp.dk/fhir/ValueSet/ImplantattypeDUGA","version":"2.9.0","name":"ImplantattypeDUGA","title":"Implantattype (DUGA)","status":"active","experimental":true,"date":"2024-02-14T00:00:00+02:00","publisher":"Sundhedsvæsnets Kvalistetsinstitut with Trifork Digital Health A/S","contact":[{"name":"Sundhedsvæsnets Kvalistetsinstitut with Trifork Digital Health A/S","telecom":[{"system":"url","value":"https://trifork.com"},{"system":"email","value":"rbk@trifork.com"}]}],"description":"Implantattype (DUGA)","compose":{"include":[{"system":"https://kip.rkkp.dk/fhir/CodeSystem/ImplantattypeDUGA","concept":[{"code":"mesh_resorberbar","display":"Syntetisk mesh, resorberbar"},{"code":"mesh_non_resorberbar","display":"Syntetisk mesh, non-resorberbar"},{"code":"bio_autolog_graft","display":"Biologisk implantat, autolog graft"},{"code":"bio_allograft","display":"Biologisk implantat, allograft"},{"code":"bio_xenograft","display":"Biologisk implantat, xenograft"}]}]}}