{"resourceType":"ValueSet","id":"BehandlingKirurgiskEndovaskulaer","text":{"status":"extensions","div":"<div xmlns=\"http://www.w3.org/1999/xhtml\"><p class=\"res-header-id\"><b>Generated Narrative: ValueSet BehandlingKirurgiskEndovaskulaer</b></p><a name=\"BehandlingKirurgiskEndovaskulaer\"> </a><a name=\"hcBehandlingKirurgiskEndovaskulaer\"> </a><a name=\"BehandlingKirurgiskEndovaskulaer-en-US\"> </a><ul><li>Include these codes as defined in <a href=\"CodeSystem-TreatmentType.html\"><code>https://kip.rkkp.dk/fhir/CodeSystem/TreatmentType</code></a><table class=\"none\"><tr><td style=\"white-space:nowrap\"><b>Code</b></td><td><b>Display</b></td><td><b>Definition</b></td></tr><tr><td><a href=\"CodeSystem-TreatmentType.html#TreatmentType-endovascular\">endovascular</a></td><td>Endovaskulær behandling</td><td>Endovascular treatment</td></tr><tr><td><a href=\"CodeSystem-TreatmentType.html#TreatmentType-surgical\">surgical</a></td><td>Kirurgisk behandling</td><td>Surgical treatment</td></tr></table></li></ul></div>"},"url":"https://kip.rkkp.dk/fhir/ValueSet/BehandlingKirurgiskEndovaskulaer","version":"2.9.0","name":"BehandlingKirurgiskEndovaskulaer","title":"Behandling; kirurgisk og endovaskulær","status":"active","experimental":true,"date":"2022-06-28T00:00:00+02:00","publisher":"Sundhedsvæsnets Kvalistetsinstitut with Trifork Digital Health A/S","contact":[{"name":"Sundhedsvæsnets Kvalistetsinstitut with Trifork Digital Health A/S","telecom":[{"system":"url","value":"https://trifork.com"},{"system":"email","value":"rbk@trifork.com"}]}],"description":"Behandling; kirurgisk og endovaskulær","compose":{"include":[{"system":"https://kip.rkkp.dk/fhir/CodeSystem/TreatmentType","concept":[{"code":"endovascular","display":"Endovaskulær behandling"},{"code":"surgical","display":"Kirurgisk behandling"}]}]}}