{"resourceType":"ValueSet","id":"InterventionsgruppeDialysePeritonealDNSL","text":{"status":"extensions","div":"<div xmlns=\"http://www.w3.org/1999/xhtml\"><p class=\"res-header-id\"><b>Generated Narrative: ValueSet InterventionsgruppeDialysePeritonealDNSL</b></p><a name=\"InterventionsgruppeDialysePeritonealDNSL\"> </a><a name=\"hcInterventionsgruppeDialysePeritonealDNSL\"> </a><a name=\"InterventionsgruppeDialysePeritonealDNSL-en-US\"> </a><ul><li>Include these codes as defined in <a href=\"CodeSystem-Interventionsgruppe.html\"><code>https://kip.rkkp.dk/fhir/CodeSystem/Interventionsgruppe</code></a><table class=\"none\"><tr><td style=\"white-space:nowrap\"><b>Code</b></td><td><b>Display</b></td><td><b>Definition</b></td></tr><tr><td><a href=\"CodeSystem-Interventionsgruppe.html#Interventionsgruppe-510\">510</a></td><td>Peritonealdialyse</td><td>Peritonealdialyse</td></tr><tr><td><a href=\"CodeSystem-Interventionsgruppe.html#Interventionsgruppe-110\">110</a></td><td>Genvunden funktion</td><td>Genvunden funktion</td></tr><tr><td><a href=\"CodeSystem-Interventionsgruppe.html#Interventionsgruppe-100\">100</a></td><td>Ophør med aktiv behandling</td><td>Ophør med aktiv behandling</td></tr></table></li></ul></div>"},"url":"https://kip.rkkp.dk/fhir/ValueSet/InterventionsgruppeDialysePeritonealDNSL","version":"2.9.0","name":"InterventionsgruppeDialysePeritonealDNSL","title":"Interventionsgruppe Peritonealdialyse (DNSL)","status":"active","experimental":true,"date":"2024-01-10T00:00:00+02:00","publisher":"Sundhedsvæsnets Kvalistetsinstitut with Trifork Digital Health A/S","contact":[{"name":"Sundhedsvæsnets Kvalistetsinstitut with Trifork Digital Health A/S","telecom":[{"system":"url","value":"https://trifork.com"},{"system":"email","value":"rbk@trifork.com"}]}],"description":"Interventionsgruppe Peritonealdialyse (DNSL)","compose":{"include":[{"system":"https://kip.rkkp.dk/fhir/CodeSystem/Interventionsgruppe","concept":[{"code":"510","display":"Peritonealdialyse"},{"code":"110","display":"Genvunden funktion"},{"code":"100","display":"Ophør med aktiv behandling"}]}]}}