{"resourceType":"ValueSet","id":"KomponentTibiaDKR","text":{"status":"extensions","div":"<div xmlns=\"http://www.w3.org/1999/xhtml\"><p class=\"res-header-id\"><b>Generated Narrative: ValueSet KomponentTibiaDKR</b></p><a name=\"KomponentTibiaDKR\"> </a><a name=\"hcKomponentTibiaDKR\"> </a><a name=\"KomponentTibiaDKR-en-US\"> </a><p>This value set includes codes based on the following rules:</p><ul><li>Include these codes as defined in <a href=\"CodeSystem-KneeJointArthroplastyComponent.html\"><code>https://kip.rkkp.dk/fhir/CodeSystem/KneeJointArthroplastyComponent</code></a><table class=\"none\"><tr><td style=\"white-space:nowrap\"><b>Code</b></td><td><b>Display</b></td><td><b>Definition</b></td></tr><tr><td><a href=\"CodeSystem-KneeJointArthroplastyComponent.html#KneeJointArthroplastyComponent-johnson.38johnson_attune_fb\">johnson&amp;johnson_attune_fb</a></td><td>Johnson &amp; Johnson: Attune FB</td><td>Johnson &amp; Johnson: Attune FB (Tibia)</td></tr><tr><td><a href=\"CodeSystem-KneeJointArthroplastyComponent.html#KneeJointArthroplastyComponent-johnson.38johnson_attune_fixed_crs\">johnson&amp;johnson_attune_fixed_crs</a></td><td>Johnson &amp; Johnson: Attune Fixed CRS (Constrained Revision System)</td><td>Johnson &amp; Johnson: Attune Fixed CRS (Constrained Revision System) (Tibia)</td></tr><tr><td><a href=\"CodeSystem-KneeJointArthroplastyComponent.html#KneeJointArthroplastyComponent-johnson.38johnson_attune_mbt_crs\">johnson&amp;johnson_attune_mbt_crs</a></td><td>Johnson &amp; Johnson: Attune Revision Tibial Base Rotating Platform</td><td>Johnson &amp; Johnson: Attune Revision Tibial Base Rotating Platform (Tibia)</td></tr><tr><td><a href=\"CodeSystem-KneeJointArthroplastyComponent.html#KneeJointArthroplastyComponent-johnson.38johnson_attune_rotation_platfom\">johnson&amp;johnson_attune_rotation_platfom</a></td><td>Johnson &amp; Johnson: Attune Rotation Platfom</td><td>Johnson &amp; Johnson: Attune Rotation Platfom (Tibia)</td></tr><tr><td><a href=\"CodeSystem-KneeJointArthroplastyComponent.html#KneeJointArthroplastyComponent-johnson.38johnson_pfc_cruciate_substituting\">johnson&amp;johnson_pfc_cruciate_substituting</a></td><td>Johnson &amp; Johnson: PFC Crusiate-Substituting</td><td>Johnson &amp; Johnson: PFC Crusiate-Substituting (Tibia)</td></tr><tr><td><a href=\"CodeSystem-KneeJointArthroplastyComponent.html#KneeJointArthroplastyComponent-johnson.38johnson_pfc_modular\">johnson&amp;johnson_pfc_modular</a></td><td>Johnson &amp; Johnson: PFC Modular</td><td>Johnson &amp; Johnson: PFC Modular (Tibia)</td></tr><tr><td><a href=\"CodeSystem-KneeJointArthroplastyComponent.html#KneeJointArthroplastyComponent-johnson.38johnson_pfc_sigma_all_poly\">johnson&amp;johnson_pfc_sigma_all_poly</a></td><td>Johnson &amp; Johnson: PFC Sigma All-Poly</td><td>Johnson &amp; Johnson: PFC Sigma All-Poly (Tibia)</td></tr><tr><td><a href=\"CodeSystem-KneeJointArthroplastyComponent.html#KneeJointArthroplastyComponent-johnson.38johnson_pfc_sigma_cruciate_retaining\">johnson&amp;johnson_pfc_sigma_cruciate_retaining</a></td><td>Johnson &amp; Johnson: PFC Sigma Cruciate-Retaining</td><td>Johnson &amp; Johnson: PFC Sigma Cruciate-Retaining (Femur + Tibia)</td></tr><tr><td><a href=\"CodeSystem-KneeJointArthroplastyComponent.html#KneeJointArthroplastyComponent-johnson.38johnson_pfc_sigma_ps\">johnson&amp;johnson_pfc_sigma_ps</a></td><td>Johnson &amp; Johnson: PFC Sigma PS</td><td>Johnson &amp; Johnson: PFC Sigma PS (Tibia)</td></tr><tr><td><a href=\"CodeSystem-KneeJointArthroplastyComponent.html#KneeJointArthroplastyComponent-johnson.38johnson_pfc_sigma_revision_tc3\">johnson&amp;johnson_pfc_sigma_revision_tc3</a></td><td>Johnson &amp; Johnson: PFC Sigma Revision and TC3</td><td>Johnson &amp; Johnson: PFC Sigma Revision and TC3 (Tibia)</td></tr><tr><td><a href=\"CodeSystem-KneeJointArthroplastyComponent.html#KneeJointArthroplastyComponent-johnson.38johnson_pfc_sigma_rotating_platform\">johnson&amp;johnson_pfc_sigma_rotating_platform</a></td><td>Johnson &amp; Johnson: PFC Sigma Rotating Platform</td><td>Johnson &amp; Johnson: PFC Sigma Rotating Platform (Tibia)</td></tr><tr><td><a href=\"CodeSystem-KneeJointArthroplastyComponent.html#KneeJointArthroplastyComponent-johnson.38johnson_pfc_sigma_rp_stabilized\">johnson&amp;johnson_pfc_sigma_rp_stabilized</a></td><td>Johnson &amp; Johnson: PFC Sigma RP Stabilized</td><td>Johnson &amp; Johnson: PFC Sigma RP Stabilized (Tibia)</td></tr><tr><td><a href=\"CodeSystem-KneeJointArthroplastyComponent.html#KneeJointArthroplastyComponent-johnson.38johnson_pfc_standard\">johnson&amp;johnson_pfc_standard</a></td><td>Johnson &amp; Johnson: PFC Standard</td><td>Johnson &amp; Johnson: PFC Standard (Tibia)</td></tr><tr><td><a href=\"CodeSystem-KneeJointArthroplastyComponent.html#KneeJointArthroplastyComponent-depuy_sigma_hp_partiel_knee\">depuy_sigma_hp_partiel_knee</a></td><td>Johnson &amp; Johnson: DePuy Sigma HP partial knee</td><td>DePuy: Sigma HP partial knee (Femur + Tibia)</td></tr><tr><td><a href=\"CodeSystem-KneeJointArthroplastyComponent.html#KneeJointArthroplastyComponent-sigma_hp_partiel_knee_modular\">sigma_hp_partiel_knee_modular</a></td><td>Johnson &amp; Johnson: Sigma HP Partial Knee modular</td><td>Johnson &amp; Johnson: Sigma HP Partial Knee modular (Tibia)</td></tr><tr><td><a href=\"CodeSystem-KneeJointArthroplastyComponent.html#KneeJointArthroplastyComponent-johnson.38johnson_s_rom_noiles\">johnson&amp;johnson_s_rom_noiles</a></td><td>Johnson &amp; Johnson: S-ROM Noiles</td><td>Johnson &amp; Johnson: S-ROM Noiles (Femur + Tibia)</td></tr><tr><td><a href=\"CodeSystem-KneeJointArthroplastyComponent.html#KneeJointArthroplastyComponent-physica_cr\">physica_cr</a></td><td>Lima: Physica CR</td><td>Lima: Physica CR (Femur + Tibia)</td></tr><tr><td><a href=\"CodeSystem-KneeJointArthroplastyComponent.html#KneeJointArthroplastyComponent-physica_kr\">physica_kr</a></td><td>Lima: Physica KR</td><td>Lima: Physica KR (Femur + Tibia)</td></tr><tr><td><a href=\"CodeSystem-KneeJointArthroplastyComponent.html#KneeJointArthroplastyComponent-physica_ps\">physica_ps</a></td><td>Lima: Physica PS</td><td>Lima: Physica PS (Femur + Tibia)</td></tr><tr><td><a href=\"CodeSystem-KneeJointArthroplastyComponent.html#KneeJointArthroplastyComponent-link_endo_model_rotational\">link_endo_model_rotational</a></td><td>LINK: Endo-Model Rotational</td><td>LINK: Endo-Model Rotational (Femur + Tibia)</td></tr><tr><td><a href=\"CodeSystem-KneeJointArthroplastyComponent.html#KneeJointArthroplastyComponent-link_endo_model_total_hinge\">link_endo_model_total_hinge</a></td><td>LINK: Endo-Model Total Hinge</td><td>LINK: Endo-Model Total Hinge (Femur + Tibia)</td></tr><tr><td><a href=\"CodeSystem-KneeJointArthroplastyComponent.html#KneeJointArthroplastyComponent-link_tack_cementless\">link_tack_cementless</a></td><td>LINK: TACK Cementless</td><td>LINK: TACK Cementless (Femur + Tibia)</td></tr><tr><td><a href=\"CodeSystem-KneeJointArthroplastyComponent.html#KneeJointArthroplastyComponent-osteonics_7000_all_poly\">osteonics_7000_all_poly</a></td><td>Osteonics: All Poly</td><td>Osteonics: All Poly (Tibia)</td></tr><tr><td><a href=\"CodeSystem-KneeJointArthroplastyComponent.html#KneeJointArthroplastyComponent-smith.38nephew_genesis_all_poly\">smith&amp;nephew_genesis_all_poly</a></td><td>Smith &amp; Nephew: Genesis II All-Poly</td><td>Smith &amp; Nephew: Genesis All-Poly (Tibia)</td></tr><tr><td><a href=\"CodeSystem-KneeJointArthroplastyComponent.html#KneeJointArthroplastyComponent-stryker_gmrs\">stryker_gmrs</a></td><td>Stryker: GMRS</td><td>Stryker: GMRS (Femur + Tibia)</td></tr><tr><td><a href=\"CodeSystem-KneeJointArthroplastyComponent.html#KneeJointArthroplastyComponent-stryker_modular_rotating_hinge\">stryker_modular_rotating_hinge</a></td><td>Stryker: Modular Rotation Hinge</td><td>Stryker: Modular Rotating Hinge (Femur + Tibia)</td></tr><tr><td><a href=\"CodeSystem-KneeJointArthroplastyComponent.html#KneeJointArthroplastyComponent-stryker_restoris_medial_uni\">stryker_restoris_medial_uni</a></td><td>Stryker: Restoris Medial Uni</td><td>Stryker: Restoris Medial Uni</td></tr><tr><td><a href=\"CodeSystem-KneeJointArthroplastyComponent.html#KneeJointArthroplastyComponent-stryker_restoris_lateral_uni\">stryker_restoris_lateral_uni</a></td><td>Stryker: Restoris Lateral Uni</td><td>Stryker: Restoris Lateral Uni</td></tr><tr><td><a href=\"CodeSystem-KneeJointArthroplastyComponent.html#KneeJointArthroplastyComponent-stryker_scorpio_all_poly\">stryker_scorpio_all_poly</a></td><td>Stryker: Scorpio All Poly</td><td>Stryker: Scorpio All Poly (Tibia)</td></tr><tr><td><a href=\"CodeSystem-KneeJointArthroplastyComponent.html#KneeJointArthroplastyComponent-stryker_triathlon\">stryker_triathlon</a></td><td>Stryker: Triathlon</td><td>Stryker: Triathlon (Tibia)</td></tr><tr><td><a href=\"CodeSystem-KneeJointArthroplastyComponent.html#KneeJointArthroplastyComponent-stryker_triathlon_all_poly\">stryker_triathlon_all_poly</a></td><td>Stryker: Triathlon All Poly</td><td>Stryker: Triathlon All Poly (Tibia)</td></tr><tr><td><a href=\"CodeSystem-KneeJointArthroplastyComponent.html#KneeJointArthroplastyComponent-stryker_thriathlon_pkr\">stryker_thriathlon_pkr</a></td><td>Stryker: Triathlon PKR</td><td>Stryker: Triathlon PKR (Femur + Tibia)</td></tr><tr><td><a href=\"CodeSystem-KneeJointArthroplastyComponent.html#KneeJointArthroplastyComponent-stryker_thriathlon_ts\">stryker_thriathlon_ts</a></td><td>Stryker: Triathlon TS</td><td>Stryker: Triathlon TS (Femur + Tibia)</td></tr><tr><td><a href=\"CodeSystem-KneeJointArthroplastyComponent.html#KneeJointArthroplastyComponent-stryker_triathlon_universal\">stryker_triathlon_universal</a></td><td>Stryker: Triathlon Universal</td><td>Stryker: Triathlon Universal (Tibia)</td></tr><tr><td><a href=\"CodeSystem-KneeJointArthroplastyComponent.html#KneeJointArthroplastyComponent-biomet_agc_v2\">biomet_agc_v2</a></td><td>Zimmer Biomet: AGC V2</td><td>Zimmer Biomet: AGC V2 (Tibia)</td></tr><tr><td><a href=\"CodeSystem-KneeJointArthroplastyComponent.html#KneeJointArthroplastyComponent-biomet_tibia_offset_tray\">biomet_tibia_offset_tray</a></td><td>Zimmer Biomet: Tibia Offset Tray</td><td>Biomet: Tibia Offset Tray (Tibia)</td></tr><tr><td><a href=\"CodeSystem-KneeJointArthroplastyComponent.html#KneeJointArthroplastyComponent-zimmer_nexgen_cr\">zimmer_nexgen_cr</a></td><td>Zimmer Biomet: NexGen CR</td><td>Zimmer Biomet: NexGen CR (Femur + Tibia)</td></tr><tr><td><a href=\"CodeSystem-KneeJointArthroplastyComponent.html#KneeJointArthroplastyComponent-zimmer_nexgen_cr_flex\">zimmer_nexgen_cr_flex</a></td><td>Zimmer Biomet: NexGen CR Flex</td><td>Zimmer: NexGen CR Flex (Femur + Tibia)</td></tr><tr><td><a href=\"CodeSystem-KneeJointArthroplastyComponent.html#KneeJointArthroplastyComponent-zimmer_nexgen_cr_modular_tmt\">zimmer_nexgen_cr_modular_tmt</a></td><td>Zimmer Biomet: NexGen CR modulær TMT</td><td>Zimmer Biomet: NexGen CR modulær TMT (Tibia)</td></tr><tr><td><a href=\"CodeSystem-KneeJointArthroplastyComponent.html#KneeJointArthroplastyComponent-zimmer_nexgen_cr_monoblock_tmt\">zimmer_nexgen_cr_monoblock_tmt</a></td><td>Zimmer Biomet: NexGen CR Munoblok, TMT</td><td>Zimmer Biomet: NexGen CR Monoblok, TMT (Tibia)</td></tr><tr><td><a href=\"CodeSystem-KneeJointArthroplastyComponent.html#KneeJointArthroplastyComponent-zimmer_nexgen_lcck\">zimmer_nexgen_lcck</a></td><td>Zimmer Biomet: NexGen LCCK</td><td>Zimmer Biomet: NexGen LCCK (Femur + Tibia)</td></tr><tr><td><a href=\"CodeSystem-KneeJointArthroplastyComponent.html#KneeJointArthroplastyComponent-zimmer_nexgen_lps\">zimmer_nexgen_lps</a></td><td>Zimmer Biomet: NexGen LPS</td><td>Zimmer Biomet: NexGen LPS (Femur + Tibia)</td></tr><tr><td><a href=\"CodeSystem-KneeJointArthroplastyComponent.html#KneeJointArthroplastyComponent-zimmer_nexgen_lps_flex\">zimmer_nexgen_lps_flex</a></td><td>Zimmer Biomet: NexGen LPS Flex</td><td>Zimmer Biomet: NexGen LPS Flex (Femur + Tibia)</td></tr><tr><td><a href=\"CodeSystem-KneeJointArthroplastyComponent.html#KneeJointArthroplastyComponent-zimmer_nexgen_lps_modular_tmt\">zimmer_nexgen_lps_modular_tmt</a></td><td>Zimmer Biomet: NexGen LPS Modulær TMT</td><td>Zimmer Biomet: NexGen LPS Modulær TMT (Tibia)</td></tr><tr><td><a href=\"CodeSystem-KneeJointArthroplastyComponent.html#KneeJointArthroplastyComponent-zimmer_nexgen_lps_monoblock_tmt\">zimmer_nexgen_lps_monoblock_tmt</a></td><td>Zimmer Biomet: NexGen LPS Monoblok TMT</td><td>Zimmer Biomet: NexGen LPS Monoblok TMT (Tibia)</td></tr><tr><td><a href=\"CodeSystem-KneeJointArthroplastyComponent.html#KneeJointArthroplastyComponent-zimmer_nexgen_rhk\">zimmer_nexgen_rhk</a></td><td>Zimmer Biomet: NexGen RHK</td><td>Zimmer Biomet: NexGen RHK (Femur + Tibia)</td></tr><tr><td><a href=\"CodeSystem-KneeJointArthroplastyComponent.html#KneeJointArthroplastyComponent-nexgen_zuk\">nexgen_zuk</a></td><td>Zimmer Biomet: NexGen Zuk</td><td>Zimmer Biomet: NexGen Zuk (Femur + Tibia)</td></tr><tr><td><a href=\"CodeSystem-KneeJointArthroplastyComponent.html#KneeJointArthroplastyComponent-biomet_oxford_domed_lateral_pkr\">biomet_oxford_domed_lateral_pkr</a></td><td>Zimmer Biomet: Oxford domed lateral PKR</td><td>Zimmer Biomet: Oxford domed lateral PKR (Tibia)</td></tr><tr><td><a href=\"CodeSystem-KneeJointArthroplastyComponent.html#KneeJointArthroplastyComponent-zimmer_biomet_oxford_lateral_fixed_bearing\">zimmer_biomet_oxford_lateral_fixed_bearing</a></td><td>Zimmer Biomet: Oxford Lateral Fixed Bearing</td><td>Zimmer-Biomet: Oxford Lateral Fixed Bearing (Tibia)</td></tr><tr><td><a href=\"CodeSystem-KneeJointArthroplastyComponent.html#KneeJointArthroplastyComponent-oxford_phase_iii_alpha\">oxford_phase_iii_alpha</a></td><td>Zimmer Biomet: Oxford Phase III alpha</td><td>Zimmer Biomet: Oxford Phase III alpha (Tibia)</td></tr><tr><td><a href=\"CodeSystem-KneeJointArthroplastyComponent.html#KneeJointArthroplastyComponent-persona_cr\">persona_cr</a></td><td>Zimmer Biomet: Persona CR</td><td>Zimmer Biomet: Persona CR (Femur + Tibia)</td></tr><tr><td><a href=\"CodeSystem-KneeJointArthroplastyComponent.html#KneeJointArthroplastyComponent-persona_mc\">persona_mc</a></td><td>Zimmer Biomet: Persona MC</td><td>Zimmer Biomet: Persona MC (Tibia)</td></tr><tr><td><a href=\"CodeSystem-KneeJointArthroplastyComponent.html#KneeJointArthroplastyComponent-persona_ps\">persona_ps</a></td><td>Zimmer Biomet: Persona PS</td><td>Zimmer Biomet: Persona PS (Femur + Tibia)</td></tr><tr><td><a href=\"CodeSystem-KneeJointArthroplastyComponent.html#KneeJointArthroplastyComponent-persona_uc\">persona_uc</a></td><td>Zimmer Biomet: Persona UC</td><td>Zimmer Biomet: Persona UC (Tibia)</td></tr><tr><td><a href=\"CodeSystem-KneeJointArthroplastyComponent.html#KneeJointArthroplastyComponent-biomet_rhk_rotating_hinge_knee\">biomet_rhk_rotating_hinge_knee</a></td><td>Zimmer Biomet: RHK Rotating Hinge Knee</td><td>Zimmer Biomet: RHK Rotating Hinge Knee (Femur + Tibia)</td></tr><tr><td><a href=\"CodeSystem-KneeJointArthroplastyComponent.html#KneeJointArthroplastyComponent-biomet_vanguard_cr\">biomet_vanguard_cr</a></td><td>Zimmer Biomet: Vanguard CR</td><td>Zimmer Biomet: Vanguard CR (Femur + Tibia)</td></tr><tr><td><a href=\"CodeSystem-KneeJointArthroplastyComponent.html#KneeJointArthroplastyComponent-biomet_vanguard_rocc_interlok_tibia\">biomet_vanguard_rocc_interlok_tibia</a></td><td>Zimmer Biomet: Vanguard ROCC - Interlok Tibia</td><td>Zimmer Biomet: Vanguard ROCC - Interlok Tibia (Tibia)</td></tr><tr><td><a href=\"CodeSystem-KneeJointArthroplastyComponent.html#KneeJointArthroplastyComponent-biomet_vanguard_unicompartmental\">biomet_vanguard_unicompartmental</a></td><td>Zimmer Biomet: Vanguard Unicompartmental</td><td>Zimmer Biomet: Vanguard Unicompartmental (Tibia)</td></tr></table></li><li>Include these codes as defined in <a href=\"CodeSystem-GenericValues.html\"><code>https://kip.rkkp.dk/fhir/CodeSystem/GenericValues</code></a><table class=\"none\"><tr><td style=\"white-space:nowrap\"><b>Code</b></td><td><b>Display</b></td><td><b>Definition</b></td></tr><tr><td><a href=\"CodeSystem-GenericValues.html#GenericValues-other\">other</a></td><td>Andet</td><td>Other - used to choose unspecific value not in a valueset</td></tr></table></li></ul></div>"},"url":"https://kip.rkkp.dk/fhir/ValueSet/KomponentTibiaDKR","version":"2.9.0","name":"KomponentTibiaDKR","title":"Komponent - tibia (DKR)","status":"active","experimental":true,"date":"2023-01-17T00:00:00+02:00","publisher":"Sundhedsvæsnets Kvalistetsinstitut with Trifork Digital Health A/S","contact":[{"name":"Sundhedsvæsnets Kvalistetsinstitut with Trifork Digital Health A/S","telecom":[{"system":"url","value":"https://trifork.com"},{"system":"email","value":"rbk@trifork.com"}]}],"description":"Komponent - tibia (DKR)","compose":{"include":[{"system":"https://kip.rkkp.dk/fhir/CodeSystem/KneeJointArthroplastyComponent","concept":[{"code":"johnson&johnson_attune_fb","display":"Johnson & Johnson: Attune FB"},{"code":"johnson&johnson_attune_fixed_crs","display":"Johnson & Johnson: Attune Fixed CRS (Constrained Revision System)"},{"code":"johnson&johnson_attune_mbt_crs","display":"Johnson & Johnson: Attune Revision Tibial Base Rotating Platform"},{"code":"johnson&johnson_attune_rotation_platfom","display":"Johnson & Johnson: Attune Rotation Platfom"},{"code":"johnson&johnson_pfc_cruciate_substituting","display":"Johnson & Johnson: PFC Crusiate-Substituting"},{"code":"johnson&johnson_pfc_modular","display":"Johnson & Johnson: PFC Modular"},{"code":"johnson&johnson_pfc_sigma_all_poly","display":"Johnson & Johnson: PFC Sigma All-Poly"},{"code":"johnson&johnson_pfc_sigma_cruciate_retaining","display":"Johnson & Johnson: PFC Sigma Cruciate-Retaining"},{"code":"johnson&johnson_pfc_sigma_ps","display":"Johnson & Johnson: PFC Sigma PS"},{"code":"johnson&johnson_pfc_sigma_revision_tc3","display":"Johnson & Johnson: PFC Sigma Revision and TC3"},{"code":"johnson&johnson_pfc_sigma_rotating_platform","display":"Johnson & Johnson: PFC Sigma Rotating Platform"},{"code":"johnson&johnson_pfc_sigma_rp_stabilized","display":"Johnson & Johnson: PFC Sigma RP Stabilized"},{"code":"johnson&johnson_pfc_standard","display":"Johnson & Johnson: PFC Standard"},{"code":"depuy_sigma_hp_partiel_knee","display":"Johnson & Johnson: DePuy Sigma HP partial knee"},{"code":"sigma_hp_partiel_knee_modular","display":"Johnson & Johnson: Sigma HP Partial Knee modular"},{"code":"johnson&johnson_s_rom_noiles","display":"Johnson & Johnson: S-ROM Noiles"},{"code":"physica_cr","display":"Lima: Physica CR"},{"code":"physica_kr","display":"Lima: Physica KR"},{"code":"physica_ps","display":"Lima: Physica PS"},{"code":"link_endo_model_rotational","display":"LINK: Endo-Model Rotational"},{"code":"link_endo_model_total_hinge","display":"LINK: Endo-Model Total Hinge"},{"code":"link_tack_cementless","display":"LINK: TACK Cementless"},{"code":"osteonics_7000_all_poly","display":"Osteonics: All Poly"},{"code":"smith&nephew_genesis_all_poly","display":"Smith & Nephew: Genesis II All-Poly"},{"code":"stryker_gmrs","display":"Stryker: GMRS"},{"code":"stryker_modular_rotating_hinge","display":"Stryker: Modular Rotation Hinge"},{"code":"stryker_restoris_medial_uni","display":"Stryker: Restoris Medial Uni"},{"code":"stryker_restoris_lateral_uni","display":"Stryker: Restoris Lateral Uni"},{"code":"stryker_scorpio_all_poly","display":"Stryker: Scorpio All Poly"},{"code":"stryker_triathlon","display":"Stryker: Triathlon"},{"code":"stryker_triathlon_all_poly","display":"Stryker: Triathlon All Poly"},{"code":"stryker_thriathlon_pkr","display":"Stryker: Triathlon PKR"},{"code":"stryker_thriathlon_ts","display":"Stryker: Triathlon TS"},{"code":"stryker_triathlon_universal","display":"Stryker: Triathlon Universal"},{"code":"biomet_agc_v2","display":"Zimmer Biomet: AGC V2"},{"code":"biomet_tibia_offset_tray","display":"Zimmer Biomet: Tibia Offset Tray"},{"code":"zimmer_nexgen_cr","display":"Zimmer Biomet: NexGen CR"},{"code":"zimmer_nexgen_cr_flex","display":"Zimmer Biomet: NexGen CR Flex"},{"code":"zimmer_nexgen_cr_modular_tmt","display":"Zimmer Biomet: NexGen CR modulær TMT"},{"code":"zimmer_nexgen_cr_monoblock_tmt","display":"Zimmer Biomet: NexGen CR Munoblok, TMT"},{"code":"zimmer_nexgen_lcck","display":"Zimmer Biomet: NexGen LCCK"},{"code":"zimmer_nexgen_lps","display":"Zimmer Biomet: NexGen LPS"},{"code":"zimmer_nexgen_lps_flex","display":"Zimmer Biomet: NexGen LPS Flex"},{"code":"zimmer_nexgen_lps_modular_tmt","display":"Zimmer Biomet: NexGen LPS Modulær TMT"},{"code":"zimmer_nexgen_lps_monoblock_tmt","display":"Zimmer Biomet: NexGen LPS Monoblok TMT"},{"code":"zimmer_nexgen_rhk","display":"Zimmer Biomet: NexGen RHK"},{"code":"nexgen_zuk","display":"Zimmer Biomet: NexGen Zuk"},{"code":"biomet_oxford_domed_lateral_pkr","display":"Zimmer Biomet: Oxford domed lateral PKR"},{"code":"zimmer_biomet_oxford_lateral_fixed_bearing","display":"Zimmer Biomet: Oxford Lateral Fixed Bearing"},{"code":"oxford_phase_iii_alpha","display":"Zimmer Biomet: Oxford Phase III alpha"},{"code":"persona_cr","display":"Zimmer Biomet: Persona CR"},{"code":"persona_mc","display":"Zimmer Biomet: Persona MC"},{"code":"persona_ps","display":"Zimmer Biomet: Persona PS"},{"code":"persona_uc","display":"Zimmer Biomet: Persona UC"},{"code":"biomet_rhk_rotating_hinge_knee","display":"Zimmer Biomet: RHK Rotating Hinge Knee"},{"code":"biomet_vanguard_cr","display":"Zimmer Biomet: Vanguard CR"},{"code":"biomet_vanguard_rocc_interlok_tibia","display":"Zimmer Biomet: Vanguard ROCC - Interlok Tibia"},{"code":"biomet_vanguard_unicompartmental","display":"Zimmer Biomet: Vanguard Unicompartmental"}]},{"system":"https://kip.rkkp.dk/fhir/CodeSystem/GenericValues","concept":[{"code":"other","display":"Andet"}]}]}}