{"resourceType":"ValueSet","id":"KnoglegraftDSR","text":{"status":"extensions","div":"<div xmlns=\"http://www.w3.org/1999/xhtml\"><p class=\"res-header-id\"><b>Generated Narrative: ValueSet KnoglegraftDSR</b></p><a name=\"KnoglegraftDSR\"> </a><a name=\"hcKnoglegraftDSR\"> </a><a name=\"KnoglegraftDSR-en-US\"> </a><p>This value set includes codes based on the following rules:</p><ul><li>Include these codes as defined in <a href=\"CodeSystem-GenericValues.html\"><code>https://kip.rkkp.dk/fhir/CodeSystem/GenericValues</code></a><table class=\"none\"><tr><td style=\"white-space:nowrap\"><b>Code</b></td><td><b>Display</b></td><td><b>Definition</b></td></tr><tr><td><a href=\"CodeSystem-GenericValues.html#GenericValues-not_performed\">not_performed</a></td><td>Intet</td><td>Not performed - used to indicate, if a procedure or test has not been performed</td></tr></table></li><li>Include these codes as defined in <a href=\"CodeSystem-ImplantComponents.html\"><code>https://kip.rkkp.dk/fhir/CodeSystem/ImplantComponents</code></a><table class=\"none\"><tr><td style=\"white-space:nowrap\"><b>Code</b></td><td><b>Display</b></td><td><b>Definition</b></td></tr><tr><td><a href=\"CodeSystem-ImplantComponents.html#ImplantComponents-spongiotic\">spongiotic</a></td><td>Spongiøst</td><td>Spongiotic / Spongiøs</td></tr><tr><td><a href=\"CodeSystem-ImplantComponents.html#ImplantComponents-structural\">structural</a></td><td>Strukturel</td><td>Structural / Strukturel</td></tr></table></li></ul></div>"},"url":"https://kip.rkkp.dk/fhir/ValueSet/KnoglegraftDSR","version":"2.9.0","name":"KnoglegraftDSR","title":"Knoglegraft (DSR)","status":"active","experimental":true,"date":"2022-10-06T00:00:00+02:00","publisher":"Sundhedsvæsnets Kvalistetsinstitut with Trifork Digital Health A/S","contact":[{"name":"Sundhedsvæsnets Kvalistetsinstitut with Trifork Digital Health A/S","telecom":[{"system":"url","value":"https://trifork.com"},{"system":"email","value":"rbk@trifork.com"}]}],"description":"Knoglegraft (DSR)","compose":{"include":[{"system":"https://kip.rkkp.dk/fhir/CodeSystem/GenericValues","concept":[{"code":"not_performed","display":"Intet"}]},{"system":"https://kip.rkkp.dk/fhir/CodeSystem/ImplantComponents","concept":[{"code":"spongiotic","display":"Spongiøst"},{"code":"structural","display":"Strukturel"}]}]}}