{"resourceType":"ValueSet","id":"BulkingMaterialeDUGA","text":{"status":"extensions","div":"<div xmlns=\"http://www.w3.org/1999/xhtml\"><p class=\"res-header-id\"><b>Generated Narrative: ValueSet BulkingMaterialeDUGA</b></p><a name=\"BulkingMaterialeDUGA\"> </a><a name=\"hcBulkingMaterialeDUGA\"> </a><a name=\"BulkingMaterialeDUGA-en-US\"> </a><p>This value set includes codes based on the following rules:</p><ul><li>Include these codes as defined in <a href=\"CodeSystem-BulkingMaterialeDUGA.html\"><code>https://kip.rkkp.dk/fhir/CodeSystem/BulkingMaterialeDUGA</code></a><table class=\"none\"><tr><td style=\"white-space:nowrap\"><b>Code</b></td><td><b>Display</b></td><td><b>Definition</b></td></tr><tr><td><a href=\"CodeSystem-BulkingMaterialeDUGA.html#BulkingMaterialeDUGA-Bulkamid\">Bulkamid</a></td><td>Bulkamid</td><td>Bulkamid</td></tr><tr><td><a href=\"CodeSystem-BulkingMaterialeDUGA.html#BulkingMaterialeDUGA-Deflux\">Deflux</a></td><td>Deflux</td><td>Deflux</td></tr><tr><td><a href=\"CodeSystem-BulkingMaterialeDUGA.html#BulkingMaterialeDUGA-Macroplastik\">Macroplastik</a></td><td>Macroplastik</td><td>Macroplastik</td></tr></table></li><li>Include these codes as defined in <a href=\"CodeSystem-GenericValues.html\"><code>https://kip.rkkp.dk/fhir/CodeSystem/GenericValues</code></a><table class=\"none\"><tr><td style=\"white-space:nowrap\"><b>Code</b></td><td><b>Display</b></td><td><b>Definition</b></td></tr><tr><td><a href=\"CodeSystem-GenericValues.html#GenericValues-other\">other</a></td><td>Andet</td><td>Other - used to choose unspecific value not in a valueset</td></tr></table></li></ul></div>"},"url":"https://kip.rkkp.dk/fhir/ValueSet/BulkingMaterialeDUGA","version":"2.9.0","name":"BulkingMaterialeDUGA","title":"BulkingMateriale (DUGA)","status":"active","experimental":true,"date":"2024-02-14T00:00:00+02:00","publisher":"Sundhedsvæsnets Kvalistetsinstitut with Trifork Digital Health A/S","contact":[{"name":"Sundhedsvæsnets Kvalistetsinstitut with Trifork Digital Health A/S","telecom":[{"system":"url","value":"https://trifork.com"},{"system":"email","value":"rbk@trifork.com"}]}],"description":"BulkingMateriale (DUGA)","compose":{"include":[{"system":"https://kip.rkkp.dk/fhir/CodeSystem/BulkingMaterialeDUGA","concept":[{"code":"Bulkamid","display":"Bulkamid"},{"code":"Deflux","display":"Deflux"},{"code":"Macroplastik","display":"Macroplastik"}]},{"system":"https://kip.rkkp.dk/fhir/CodeSystem/GenericValues","concept":[{"code":"other","display":"Andet"}]}]}}