{"resourceType":"ValueSet","id":"JaNejUkendt","text":{"status":"extensions","div":"<div xmlns=\"http://www.w3.org/1999/xhtml\"><p class=\"res-header-id\"><b>Generated Narrative: ValueSet JaNejUkendt</b></p><a name=\"JaNejUkendt\"> </a><a name=\"hcJaNejUkendt\"> </a><a name=\"JaNejUkendt-en-US\"> </a><ul><li>Include these codes as defined in <a href=\"http://terminology.hl7.org/3.1.0/CodeSystem-v2-0532.html\"><code>http://terminology.hl7.org/CodeSystem/v2-0532</code></a><table class=\"none\"><tr><td style=\"white-space:nowrap\"><b>Code</b></td><td><b>Display</b></td><td><b>Definition</b></td></tr><tr><td><a href=\"http://terminology.hl7.org/3.1.0/CodeSystem-v2-0532.html#v2-0532-Y\">Y</a></td><td>Ja</td><td>Yes</td></tr><tr><td><a href=\"http://terminology.hl7.org/3.1.0/CodeSystem-v2-0532.html#v2-0532-N\">N</a></td><td>Nej</td><td>No</td></tr><tr><td><a href=\"http://terminology.hl7.org/3.1.0/CodeSystem-v2-0532.html#v2-0532-UNK\">UNK</a></td><td>Ukendt/Uoplyst</td><td>unknown</td></tr></table></li></ul></div>"},"url":"https://kip.rkkp.dk/fhir/ValueSet/JaNejUkendt","version":"2.9.0","name":"JaNejUkendt","title":"Ja / Nej / Ukendt","status":"active","experimental":true,"date":"2022-06-07T00:00:00+02:00","publisher":"Sundhedsvæsnets Kvalistetsinstitut with Trifork Digital Health A/S","contact":[{"name":"Sundhedsvæsnets Kvalistetsinstitut with Trifork Digital Health A/S","telecom":[{"system":"url","value":"https://trifork.com"},{"system":"email","value":"rbk@trifork.com"}]}],"description":"Giver mulighed for at svare ukendt til et spurgt spørgsmål","compose":{"include":[{"system":"http://terminology.hl7.org/CodeSystem/v2-0532","concept":[{"code":"Y","display":"Ja"},{"code":"N","display":"Nej"},{"code":"UNK","display":"Ukendt/Uoplyst"}]}]}}