{"resourceType":"ValueSet","id":"StraaleterapiLYFO","text":{"status":"extensions","div":"<div xmlns=\"http://www.w3.org/1999/xhtml\"><p class=\"res-header-id\"><b>Generated Narrative: ValueSet StraaleterapiLYFO</b></p><a name=\"StraaleterapiLYFO\"> </a><a name=\"hcStraaleterapiLYFO\"> </a><a name=\"StraaleterapiLYFO-en-US\"> </a><p>This value set includes codes based on the following rules:</p><ul><li>Include these codes as defined in <a href=\"CodeSystem-GenericValues.html\"><code>https://kip.rkkp.dk/fhir/CodeSystem/GenericValues</code></a><table class=\"none\"><tr><td style=\"white-space:nowrap\"><b>Code</b></td><td><b>Display</b></td><td><b>Definition</b></td></tr><tr><td><a href=\"CodeSystem-GenericValues.html#GenericValues-none\">none</a></td><td>Ingen stråleterapi</td><td>None - used to choose none of the available values</td></tr><tr><td><a href=\"CodeSystem-GenericValues.html#GenericValues-other\">other</a></td><td>Andet / Uspecificeret</td><td>Other - used to choose unspecific value not in a valueset</td></tr></table></li><li>Include these codes as defined in <a href=\"CodeSystem-RadiationTherapyType.html\"><code>https://kip.rkkp.dk/fhir/CodeSystem/RadiationTherapyType</code></a><table class=\"none\"><tr><td style=\"white-space:nowrap\"><b>Code</b></td><td><b>Display</b></td><td><b>Definition</b></td></tr><tr><td><a href=\"CodeSystem-RadiationTherapyType.html#RadiationTherapyType-involved_node\">involved_node</a></td><td>Involved node</td><td>Involved node</td></tr><tr><td><a href=\"CodeSystem-RadiationTherapyType.html#RadiationTherapyType-involved_field\">involved_field</a></td><td>Involved field</td><td>Involved field</td></tr><tr><td><a href=\"CodeSystem-RadiationTherapyType.html#RadiationTherapyType-extended_field\">extended_field</a></td><td>Extended field</td><td>Extended field</td></tr><tr><td><a href=\"CodeSystem-RadiationTherapyType.html#RadiationTherapyType-total_body_irradiation\">total_body_irradiation</a></td><td>Total body irradiation</td><td>Total body irradiation</td></tr><tr><td><a href=\"CodeSystem-RadiationTherapyType.html#RadiationTherapyType-coat_field\">coat_field</a></td><td>Kappefelt</td><td>Coat field</td></tr><tr><td><a href=\"CodeSystem-RadiationTherapyType.html#RadiationTherapyType-tbi_involed_field\">tbi_involed_field</a></td><td>TBI + Involved field</td><td>TBI + Involved field</td></tr></table></li></ul></div>"},"url":"https://kip.rkkp.dk/fhir/ValueSet/StraaleterapiLYFO","version":"2.9.0","name":"StraaleterapiLYFO","title":"Stråleterapi (LYFO)","status":"active","experimental":true,"date":"2022-07-18T00:00:00+02:00","publisher":"Sundhedsvæsnets Kvalistetsinstitut with Trifork Digital Health A/S","contact":[{"name":"Sundhedsvæsnets Kvalistetsinstitut with Trifork Digital Health A/S","telecom":[{"system":"url","value":"https://trifork.com"},{"system":"email","value":"rbk@trifork.com"}]}],"description":"Stråleterapi LYFO (LYFO)","compose":{"include":[{"system":"https://kip.rkkp.dk/fhir/CodeSystem/GenericValues","concept":[{"code":"none","display":"Ingen stråleterapi"},{"code":"other","display":"Andet / Uspecificeret"}]},{"system":"https://kip.rkkp.dk/fhir/CodeSystem/RadiationTherapyType","concept":[{"code":"involved_node","display":"Involved node"},{"code":"involved_field","display":"Involved field"},{"code":"extended_field","display":"Extended field"},{"code":"total_body_irradiation","display":"Total body irradiation"},{"code":"coat_field","display":"Kappefelt"},{"code":"tbi_involed_field","display":"TBI + Involved field"}]}]}}