{"resourceType":"ValueSet","id":"TrombolyseprofylakseDHR","text":{"status":"extensions","div":"<div xmlns=\"http://www.w3.org/1999/xhtml\"><p class=\"res-header-id\"><b>Generated Narrative: ValueSet TrombolyseprofylakseDHR</b></p><a name=\"TrombolyseprofylakseDHR\"> </a><a name=\"hcTrombolyseprofylakseDHR\"> </a><a name=\"TrombolyseprofylakseDHR-en-US\"> </a><p>This value set includes codes based on the following rules:</p><ul><li>Include these codes as defined in <a href=\"CodeSystem-MedicationName.html\"><code>https://kip.rkkp.dk/fhir/CodeSystem/MedicationName</code></a><table class=\"none\"><tr><td style=\"white-space:nowrap\"><b>Code</b></td><td><b>Display</b></td><td><b>Definition</b></td></tr><tr><td><a href=\"CodeSystem-MedicationName.html#MedicationName-apixaban\">apixaban</a></td><td>Apixaban</td><td>Apixaban (B01AF02)</td></tr><tr><td><a href=\"CodeSystem-MedicationName.html#MedicationName-arixtra\">arixtra</a></td><td>Arixtra</td><td>Arixtra (B01AX05)</td></tr><tr><td><a href=\"CodeSystem-MedicationName.html#MedicationName-fragmin\">fragmin</a></td><td>Fragmin</td><td>Fragmin (B01AB04)</td></tr><tr><td><a href=\"CodeSystem-MedicationName.html#MedicationName-innohep\">innohep</a></td><td>Innohep</td><td>Innohep (B01AB10)</td></tr><tr><td><a href=\"CodeSystem-MedicationName.html#MedicationName-klexane\">klexane</a></td><td>Klexane</td><td>Klexane (B01AB05)</td></tr><tr><td><a href=\"CodeSystem-MedicationName.html#MedicationName-logiparin\">logiparin</a></td><td>Logiparin</td><td>Logiparin (B01AB10)</td></tr><tr><td><a href=\"CodeSystem-MedicationName.html#MedicationName-marevan\">marevan</a></td><td>Marevan</td><td>Marevan (B01AA03)</td></tr><tr><td><a href=\"CodeSystem-MedicationName.html#MedicationName-noparin\">noparin</a></td><td>Noparin</td><td>Noparin (B01AB01)</td></tr><tr><td><a href=\"CodeSystem-MedicationName.html#MedicationName-pradaxa\">pradaxa</a></td><td>Pradaxa</td><td>Pradaxa (B01AE07)</td></tr><tr><td><a href=\"CodeSystem-MedicationName.html#MedicationName-tinzaparin\">tinzaparin</a></td><td>Tinzaparin</td><td>Tinzaparin (B01AB10)</td></tr><tr><td><a href=\"CodeSystem-MedicationName.html#MedicationName-xarelto\">xarelto</a></td><td>Xarelto</td><td>Xarelto (B01AF01)</td></tr></table></li><li>Include these codes as defined in <a href=\"CodeSystem-GenericValues.html\"><code>https://kip.rkkp.dk/fhir/CodeSystem/GenericValues</code></a><table class=\"none\"><tr><td style=\"white-space:nowrap\"><b>Code</b></td><td><b>Display</b></td><td><b>Definition</b></td></tr><tr><td><a href=\"CodeSystem-GenericValues.html#GenericValues-other\">other</a></td><td>Andet</td><td>Other - used to choose unspecific value not in a valueset</td></tr></table></li></ul></div>"},"url":"https://kip.rkkp.dk/fhir/ValueSet/TrombolyseprofylakseDHR","version":"2.9.0","name":"TrombolyseprofylakseDHR","title":"Trombolyseprofylakse (DHR)","status":"active","experimental":true,"date":"2022-11-18T00:00:00+02:00","publisher":"Sundhedsvæsnets Kvalistetsinstitut with Trifork Digital Health A/S","contact":[{"name":"Sundhedsvæsnets Kvalistetsinstitut with Trifork Digital Health A/S","telecom":[{"system":"url","value":"https://trifork.com"},{"system":"email","value":"rbk@trifork.com"}]}],"description":"Trombolyseprofylakse (DHR)","compose":{"include":[{"system":"https://kip.rkkp.dk/fhir/CodeSystem/MedicationName","concept":[{"code":"apixaban","display":"Apixaban"},{"code":"arixtra","display":"Arixtra"},{"code":"fragmin","display":"Fragmin"},{"code":"innohep","display":"Innohep"},{"code":"klexane","display":"Klexane"},{"code":"logiparin","display":"Logiparin"},{"code":"marevan","display":"Marevan"},{"code":"noparin","display":"Noparin"},{"code":"pradaxa","display":"Pradaxa"},{"code":"tinzaparin","display":"Tinzaparin"},{"code":"xarelto","display":"Xarelto"}]},{"system":"https://kip.rkkp.dk/fhir/CodeSystem/GenericValues","concept":[{"code":"other","display":"Andet"}]}]}}