{"resourceType":"ValueSet","id":"NIHSS2Blik","text":{"status":"extensions","div":"<div xmlns=\"http://www.w3.org/1999/xhtml\"><p class=\"res-header-id\"><b>Generated Narrative: ValueSet NIHSS2Blik</b></p><a name=\"NIHSS2Blik\"> </a><a name=\"hcNIHSS2Blik\"> </a><a name=\"NIHSS2Blik-en-US\"> </a><ul><li>Include these codes as defined in <a href=\"CodeSystem-NIHSS2Gaze.html\"><code>https://kip.rkkp.dk/fhir/CodeSystem/NIHSS2Gaze</code></a><table class=\"none\"><tr><td style=\"white-space:nowrap\"><b>Code</b></td><td><b>Display</b></td><td><b>Definition</b></td></tr><tr><td><a href=\"CodeSystem-NIHSS2Gaze.html#NIHSS2Gaze-0\">0</a></td><td>0 = Normale øjenbevægelser</td><td>Normal.</td></tr><tr><td><a href=\"CodeSystem-NIHSS2Gaze.html#NIHSS2Gaze-1\">1</a></td><td>1 = Partiel blikparese</td><td>Partial gaze palsy; gaze is abnormal in one or both eyes, but forced deviation or total gaze paresis is not present.</td></tr><tr><td><a href=\"CodeSystem-NIHSS2Gaze.html#NIHSS2Gaze-2\">2</a></td><td>2 = Total blikparese eller blikdeviation</td><td>Forced deviation, or total gaze paresis not overcome by the oculocephalic maneuver.</td></tr></table></li></ul></div>"},"url":"https://kip.rkkp.dk/fhir/ValueSet/NIHSS2Blik","version":"2.9.0","name":"NIHSS2Blik","title":"NIHSS - 2. Blik","status":"active","experimental":true,"date":"2022-06-27T00:00:00+02:00","publisher":"Sundhedsvæsnets Kvalistetsinstitut with Trifork Digital Health A/S","contact":[{"name":"Sundhedsvæsnets Kvalistetsinstitut with Trifork Digital Health A/S","telecom":[{"system":"url","value":"https://trifork.com"},{"system":"email","value":"rbk@trifork.com"}]}],"description":"The National Institute of Health Stroke Scale (NIHSS) - 2. Blik (kun horisontale øjenbevægelser)","compose":{"include":[{"system":"https://kip.rkkp.dk/fhir/CodeSystem/NIHSS2Gaze","concept":[{"code":"0","display":"0 = Normale øjenbevægelser"},{"code":"1","display":"1 = Partiel blikparese"},{"code":"2","display":"2 = Total blikparese eller blikdeviation"}]}]}}