{"resourceType":"ValueSet","id":"VasospasmerTiltag","text":{"status":"extensions","div":"<div xmlns=\"http://www.w3.org/1999/xhtml\"><p class=\"res-header-id\"><b>Generated Narrative: ValueSet VasospasmerTiltag</b></p><a name=\"VasospasmerTiltag\"> </a><a name=\"hcVasospasmerTiltag\"> </a><a name=\"VasospasmerTiltag-en-US\"> </a><p>This value set includes codes based on the following rules:</p><ul><li>Include these codes as defined in <a href=\"CodeSystem-GenericValues.html\"><code>https://kip.rkkp.dk/fhir/CodeSystem/GenericValues</code></a><table class=\"none\"><tr><td style=\"white-space:nowrap\"><b>Code</b></td><td><b>Display</b></td><td><b>Definition</b></td></tr><tr><td><a href=\"CodeSystem-GenericValues.html#GenericValues-none\">none</a></td><td>Ingen</td><td>None - used to choose none of the available values</td></tr></table></li><li>Include these codes as defined in <a href=\"CodeSystem-TreatmentInitiatives.html\"><code>https://kip.rkkp.dk/fhir/CodeSystem/TreatmentInitiatives</code></a><table class=\"none\"><tr><td style=\"white-space:nowrap\"><b>Code</b></td><td><b>Display</b></td><td><b>Definition</b></td></tr><tr><td><a href=\"CodeSystem-TreatmentInitiatives.html#TreatmentInitiatives-oxygenmonitoring\">oxygenmonitoring</a></td><td>Intracerebral iltmonitorering</td><td>Iltmonitorering</td></tr><tr><td><a href=\"CodeSystem-TreatmentInitiatives.html#TreatmentInitiatives-hypertensiontreatment\">hypertensiontreatment</a></td><td>Hypertensionsbehandling</td><td>Hypertensionsbehandling</td></tr><tr><td><a href=\"CodeSystem-TreatmentInitiatives.html#TreatmentInitiatives-endovascularmedical\">endovascularmedical</a></td><td>Endovaskulær medicinsk behandling</td><td>Endovaskulær medicinsk behandling</td></tr><tr><td><a href=\"CodeSystem-TreatmentInitiatives.html#TreatmentInitiatives-endovascularmechanical\">endovascularmechanical</a></td><td>Endovaskulær mekanisk behandling</td><td>Endovaskulær mekanisk behandling</td></tr></table></li></ul></div>"},"url":"https://kip.rkkp.dk/fhir/ValueSet/VasospasmerTiltag","version":"2.9.0","name":"VasospasmerTiltag","title":"Tiltag i forbindelse med vasospasmer","status":"active","experimental":true,"date":"2022-06-29T00:00:00+02:00","publisher":"Sundhedsvæsnets Kvalistetsinstitut with Trifork Digital Health A/S","contact":[{"name":"Sundhedsvæsnets Kvalistetsinstitut with Trifork Digital Health A/S","telecom":[{"system":"url","value":"https://trifork.com"},{"system":"email","value":"rbk@trifork.com"}]}],"description":"Tiltag i forbindelse med vasospasmer","compose":{"include":[{"system":"https://kip.rkkp.dk/fhir/CodeSystem/GenericValues","concept":[{"code":"none","display":"Ingen"}]},{"system":"https://kip.rkkp.dk/fhir/CodeSystem/TreatmentInitiatives","concept":[{"code":"oxygenmonitoring","display":"Intracerebral iltmonitorering"},{"code":"hypertensiontreatment","display":"Hypertensionsbehandling"},{"code":"endovascularmedical","display":"Endovaskulær medicinsk behandling"},{"code":"endovascularmechanical","display":"Endovaskulær mekanisk behandling"}]}]}}