{
  "resourceType" : "CodeSystem",
  "id" : "NIHSS6MotorLeg",
  "text" : {
    "status" : "generated",
    "div" : "<div xmlns=\"http://www.w3.org/1999/xhtml\"><p class=\"res-header-id\"><b>Generated Narrative: CodeSystem NIHSS6MotorLeg</b></p><a name=\"NIHSS6MotorLeg\"> </a><a name=\"hcNIHSS6MotorLeg\"> </a><a name=\"NIHSS6MotorLeg-en-US\"> </a><p>This  code system <code>https://kip.rkkp.dk/fhir/CodeSystem/NIHSS6MotorLeg</code> defines the following codes:</p><table class=\"codes\"><tr><td style=\"white-space:nowrap\"><b>Code</b></td><td><b>Definition</b></td></tr><tr><td style=\"white-space:nowrap\">0<a name=\"NIHSS6MotorLeg-0\"> </a></td><td>No drift; leg holds 30-degree position for full 5 seconds.</td></tr><tr><td style=\"white-space:nowrap\">1<a name=\"NIHSS6MotorLeg-1\"> </a></td><td>Drift; leg falls by the end of the 5-second period but does not hit bed.</td></tr><tr><td style=\"white-space:nowrap\">2<a name=\"NIHSS6MotorLeg-2\"> </a></td><td>Some effort against gravity; leg falls to bed by 5 seconds, but has some effort against gravity.</td></tr><tr><td style=\"white-space:nowrap\">3<a name=\"NIHSS6MotorLeg-3\"> </a></td><td>No effort against gravity; leg falls to bed immediately.</td></tr><tr><td style=\"white-space:nowrap\">4<a name=\"NIHSS6MotorLeg-4\"> </a></td><td>No movement.</td></tr><tr><td style=\"white-space:nowrap\">5a<a name=\"NIHSS6MotorLeg-5a\"> </a></td><td>Left Leg</td></tr><tr><td style=\"white-space:nowrap\">5b<a name=\"NIHSS6MotorLeg-5b\"> </a></td><td>Right Leg</td></tr><tr><td style=\"white-space:nowrap\">UN<a name=\"NIHSS6MotorLeg-UN\"> </a></td><td>Amputation or joint fusion, explain:</td></tr></table></div>"
  },
  "url" : "https://kip.rkkp.dk/fhir/CodeSystem/NIHSS6MotorLeg",
  "version" : "0.1.6",
  "name" : "NIHSS6MotorLeg",
  "title" : "The National Institute of Health Stroke Scale (NIHSS) - 6. Motor Leg",
  "status" : "active",
  "date" : "2022-06-23T00:00:00+02:00",
  "publisher" : "Sundhedsvæsnets Kvalistetsinstitut with Trifork Digital Health A/S",
  "contact" : [{
    "name" : "Sundhedsvæsnets Kvalistetsinstitut with Trifork Digital Health A/S",
    "telecom" : [{
      "system" : "url",
      "value" : "https://trifork.com"
    },
    {
      "system" : "email",
      "value" : "rbk@trifork.com"
    }]
  }],
  "description" : "The National Institute of Health Stroke Scale (NIHSS) - 6. Motor Leg; Link: https://www.ninds.nih.gov/stroke-scales-and-related-information",
  "content" : "complete",
  "count" : 8,
  "concept" : [{
    "code" : "0",
    "display" : "0",
    "definition" : "No drift; leg holds 30-degree position for full 5 seconds."
  },
  {
    "code" : "1",
    "display" : "1",
    "definition" : "Drift; leg falls by the end of the 5-second period but does not hit bed."
  },
  {
    "code" : "2",
    "display" : "2",
    "definition" : "Some effort against gravity; leg falls to bed by 5 seconds, but has some effort against gravity."
  },
  {
    "code" : "3",
    "display" : "3",
    "definition" : "No effort against gravity; leg falls to bed immediately."
  },
  {
    "code" : "4",
    "display" : "4",
    "definition" : "No movement."
  },
  {
    "code" : "5a",
    "display" : "5a",
    "definition" : "Left Leg"
  },
  {
    "code" : "5b",
    "display" : "5b",
    "definition" : "Right Leg"
  },
  {
    "code" : "UN",
    "display" : "UN",
    "definition" : "Amputation or joint fusion, explain:"
  }]
}