{
  "resourceType" : "CodeSystem",
  "id" : "ProcedureReasons",
  "text" : {
    "status" : "generated",
    "div" : "<div xmlns=\"http://www.w3.org/1999/xhtml\"><p class=\"res-header-id\"><b>Generated Narrative: CodeSystem ProcedureReasons</b></p><a name=\"ProcedureReasons\"> </a><a name=\"hcProcedureReasons\"> </a><a name=\"ProcedureReasons-en-US\"> </a><p>This case-insensitive code system <code>https://kip.rkkp.dk/fhir/CodeSystem/ProcedureReasons</code> defines the following codes:</p><table class=\"codes\"><tr><td style=\"white-space:nowrap\"><b>Code</b></td><td><b>Display</b></td><td><b>Definition</b></td></tr><tr><td style=\"white-space:nowrap\">patients_wish<a name=\"ProcedureReasons-patients_wish\"> </a></td><td>Patient's wish</td><td>Patient's wish / Patientønske</td></tr><tr><td style=\"white-space:nowrap\">non_resectable<a name=\"ProcedureReasons-non_resectable\"> </a></td><td>Non resectable</td><td>Non resectable / Ikke resektabel</td></tr><tr><td style=\"white-space:nowrap\">non_operable<a name=\"ProcedureReasons-non_operable\"> </a></td><td>Non operable</td><td>Patienten er blevet non-operabel</td></tr><tr><td style=\"white-space:nowrap\">disseminated_disease<a name=\"ProcedureReasons-disseminated_disease\"> </a></td><td>Disseminated disease</td><td>Disseminated disease / Dissemineret sygdom</td></tr></table></div>"
  },
  "url" : "https://kip.rkkp.dk/fhir/CodeSystem/ProcedureReasons",
  "version" : "0.1.6",
  "name" : "ProcedureReasons",
  "title" : "Reasons for procedure",
  "status" : "active",
  "date" : "2022-06-03T00:00:00+02:00",
  "publisher" : "Sundhedsvæsnets Kvalistetsinstitut with Trifork Digital Health A/S",
  "contact" : [{
    "name" : "Sundhedsvæsnets Kvalistetsinstitut with Trifork Digital Health A/S",
    "telecom" : [{
      "system" : "url",
      "value" : "https://trifork.com"
    },
    {
      "system" : "email",
      "value" : "rbk@trifork.com"
    }]
  }],
  "description" : "Reasons for procedure",
  "caseSensitive" : false,
  "content" : "complete",
  "count" : 4,
  "concept" : [{
    "code" : "patients_wish",
    "display" : "Patient's wish",
    "definition" : "Patient's wish / Patientønske"
  },
  {
    "code" : "non_resectable",
    "display" : "Non resectable",
    "definition" : "Non resectable / Ikke resektabel"
  },
  {
    "code" : "non_operable",
    "display" : "Non operable",
    "definition" : "Patienten er blevet non-operabel"
  },
  {
    "code" : "disseminated_disease",
    "display" : "Disseminated disease",
    "definition" : "Disseminated disease / Dissemineret sygdom"
  }]
}