{
  "resourceType" : "CodeSystem",
  "id" : "BlockTypes",
  "text" : {
    "status" : "generated",
    "div" : "<div xmlns=\"http://www.w3.org/1999/xhtml\"><p class=\"res-header-id\"><b>Generated Narrative: CodeSystem BlockTypes</b></p><a name=\"BlockTypes\"> </a><a name=\"hcBlockTypes\"> </a><a name=\"BlockTypes-en-US\"> </a><p>This  code system <code>https://kip.rkkp.dk/fhir/CodeSystem/BlockTypes</code> defines the following codes in an undefined hierarchy:</p><table class=\"codes\"><tr><td><b>Lvl</b></td><td style=\"white-space:nowrap\"><b>Code</b></td><td><b>Display</b></td><td><b>Definition</b></td></tr><tr><td>1</td><td style=\"white-space:nowrap\">central_block_types<a name=\"BlockTypes-central_block_types\"> </a></td><td>Block given peropratively</td><td>Blokade anlagt peroperativt</td></tr><tr><td>2</td><td style=\"white-space:nowrap\">\u00a0\u00a0epidural_cervical<a name=\"BlockTypes-epidural_cervical\"> </a></td><td>Epidural Cervical</td><td>Epidural Cervical</td></tr><tr><td>2</td><td style=\"white-space:nowrap\">\u00a0\u00a0epidural_thorakal<a name=\"BlockTypes-epidural_thorakal\"> </a></td><td>Epidural Thorakal</td><td>Epidural Thorakal</td></tr><tr><td>2</td><td style=\"white-space:nowrap\">\u00a0\u00a0epidural_lumbal<a name=\"BlockTypes-epidural_lumbal\"> </a></td><td>Epidural Lumbal</td><td>Epidural Lumbal</td></tr><tr><td>2</td><td style=\"white-space:nowrap\">\u00a0\u00a0epidural_sakral<a name=\"BlockTypes-epidural_sakral\"> </a></td><td>Epidural Sakral</td><td>Epidural Sakral</td></tr><tr><td>2</td><td style=\"white-space:nowrap\">\u00a0\u00a0epidural+spinal<a name=\"BlockTypes-epidural.43spinal\"> </a></td><td>Epidural+Spinal</td><td>Epidural+Spinal</td></tr><tr><td>2</td><td style=\"white-space:nowrap\">\u00a0\u00a0spinal_lumbal&quot;<a name=\"BlockTypes-spinal_lumbal.34\"> </a></td><td>Spinal lumbal</td><td>Spinal lumbal</td></tr><tr><td>2</td><td style=\"white-space:nowrap\">\u00a0\u00a0spinal_catheter<a name=\"BlockTypes-spinal_catheter\"> </a></td><td>Spinal catheter</td><td>Spinal kateter</td></tr><tr><td>1</td><td style=\"white-space:nowrap\">nerve-block_upper_extr<a name=\"BlockTypes-nerve-block_upper_extr\"> </a></td><td>Block types upper extremities</td><td>Type Perifer nerveblokade Overekstremitet</td></tr><tr><td>2</td><td style=\"white-space:nowrap\">\u00a0\u00a0plexus_cervicalis&quot;<a name=\"BlockTypes-plexus_cervicalis.34\"> </a></td><td>Plexus cervicalis</td><td/></tr><tr><td>2</td><td style=\"white-space:nowrap\">\u00a0\u00a0interscalener&quot;<a name=\"BlockTypes-interscalener.34\"> </a></td><td>Interscalener (Skalener)</td><td/></tr><tr><td>2</td><td style=\"white-space:nowrap\">\u00a0\u00a0supraclavicular&quot;<a name=\"BlockTypes-supraclavicular.34\"> </a></td><td>Supraklavikulær</td><td/></tr><tr><td>2</td><td style=\"white-space:nowrap\">\u00a0\u00a0infraclavicular&quot;<a name=\"BlockTypes-infraclavicular.34\"> </a></td><td>Infraklavikulær</td><td/></tr><tr><td>2</td><td style=\"white-space:nowrap\">\u00a0\u00a0aksil&quot;<a name=\"BlockTypes-aksil.34\"> </a></td><td>Aksil</td><td/></tr><tr><td>2</td><td style=\"white-space:nowrap\">\u00a0\u00a0suprascapularis&quot;<a name=\"BlockTypes-suprascapularis.34\"> </a></td><td>N. Suprascapularis</td><td/></tr><tr><td>2</td><td style=\"white-space:nowrap\">\u00a0\u00a0axillaris&quot;<a name=\"BlockTypes-axillaris.34\"> </a></td><td>N. Axillaris</td><td/></tr><tr><td>2</td><td style=\"white-space:nowrap\">\u00a0\u00a0musculocutaneus&quot;<a name=\"BlockTypes-musculocutaneus.34\"> </a></td><td>N. Musculocutaneus</td><td/></tr><tr><td>2</td><td style=\"white-space:nowrap\">\u00a0\u00a0medianus&quot;<a name=\"BlockTypes-medianus.34\"> </a></td><td>N. Medianus</td><td/></tr><tr><td>2</td><td style=\"white-space:nowrap\">\u00a0\u00a0radialis&quot;<a name=\"BlockTypes-radialis.34\"> </a></td><td>N. Radialis</td><td/></tr><tr><td>2</td><td style=\"white-space:nowrap\">\u00a0\u00a0ulnaris&quot;<a name=\"BlockTypes-ulnaris.34\"> </a></td><td>N. Ulnaris</td><td/></tr><tr><td>1</td><td style=\"white-space:nowrap\">nerve-block_lower_extr<a name=\"BlockTypes-nerve-block_lower_extr\"> </a></td><td>Block types lower extremities</td><td>Type Perifer nerveblokade Underekstremitet</td></tr><tr><td>2</td><td style=\"white-space:nowrap\">\u00a0\u00a0plexus_lumbalis<a name=\"BlockTypes-plexus_lumbalis\"> </a></td><td>Plexus lumbalis</td><td>Plexus lumbalis</td></tr><tr><td>2</td><td style=\"white-space:nowrap\">\u00a0\u00a0plexus_lumbosacralis<a name=\"BlockTypes-plexus_lumbosacralis\"> </a></td><td>Plexus lumbosacralis</td><td>Plexus lumbosacralis</td></tr><tr><td>2</td><td style=\"white-space:nowrap\">\u00a0\u00a0plexus_sacralis<a name=\"BlockTypes-plexus_sacralis\"> </a></td><td>Plexus sacralis</td><td>Plexus sacralis</td></tr><tr><td>2</td><td style=\"white-space:nowrap\">\u00a0\u00a0femoralis<a name=\"BlockTypes-femoralis\"> </a></td><td>N. Femoralis</td><td>N. Femoralis</td></tr><tr><td>2</td><td style=\"white-space:nowrap\">\u00a0\u00a0cutaneus_femoris_lateralis<a name=\"BlockTypes-cutaneus_femoris_lateralis\"> </a></td><td>N. Cutaneus femoris lateralis</td><td>N. Cutaneus femoris lateralis</td></tr><tr><td>2</td><td style=\"white-space:nowrap\">\u00a0\u00a0saphenus<a name=\"BlockTypes-saphenus\"> </a></td><td>N. Saphenus</td><td>N. Saphenus</td></tr><tr><td>2</td><td style=\"white-space:nowrap\">\u00a0\u00a0obturatorius<a name=\"BlockTypes-obturatorius\"> </a></td><td>N. Obturatoriusblock</td><td>N. Obturatoriusblokade</td></tr><tr><td>2</td><td style=\"white-space:nowrap\">\u00a0\u00a0ischiadicus_poplitea<a name=\"BlockTypes-ischiadicus_poplitea\"> </a></td><td>N. Ischiadicus/poplitea block</td><td>N. Ischiadicus/poplitea blokade</td></tr><tr><td>2</td><td style=\"white-space:nowrap\">\u00a0\u00a0tibialis<a name=\"BlockTypes-tibialis\"> </a></td><td>N. Tibialis</td><td>N. Tibialis</td></tr><tr><td>2</td><td style=\"white-space:nowrap\">\u00a0\u00a0peroneus<a name=\"BlockTypes-peroneus\"> </a></td><td>Peroneus (communis) block</td><td>Peroneus (communis) blokade</td></tr><tr><td>1</td><td style=\"white-space:nowrap\">nerve-block_other<a name=\"BlockTypes-nerve-block_other\"> </a></td><td>Block types other</td><td>Type Perifer nerveblokade Trunkal/Abdominal/Øvrige</td></tr><tr><td>2</td><td style=\"white-space:nowrap\">\u00a0\u00a0thorakal_Paravertebral<a name=\"BlockTypes-thorakal_Paravertebral\"> </a></td><td>Thorakal Paravertebral block</td><td>Thorakal Paravertebral blokade</td></tr><tr><td>2</td><td style=\"white-space:nowrap\">\u00a0\u00a0intercostal<a name=\"BlockTypes-intercostal\"> </a></td><td>Intercostal block</td><td>Intercostal blokade</td></tr><tr><td>2</td><td style=\"white-space:nowrap\">\u00a0\u00a0quadratus_lumborum<a name=\"BlockTypes-quadratus_lumborum\"> </a></td><td>Quadratus lumborum block</td><td>Quadratus lumborum blokade</td></tr><tr><td>2</td><td style=\"white-space:nowrap\">\u00a0\u00a0transversus_abdominis<a name=\"BlockTypes-transversus_abdominis\"> </a></td><td>Transversus abdominis plane (TAP) block</td><td>Transversus abdominis plane (TAP) blokade</td></tr><tr><td>2</td><td style=\"white-space:nowrap\">\u00a0\u00a0ilioinguinalis_iliohypogastricus<a name=\"BlockTypes-ilioinguinalis_iliohypogastricus\"> </a></td><td>Ilioinguinalis/iliohypogastricus</td><td>Ilioinguinalis/iliohypogastricus</td></tr><tr><td>2</td><td style=\"white-space:nowrap\">\u00a0\u00a0pectoralis<a name=\"BlockTypes-pectoralis\"> </a></td><td>N. Pectoralis</td><td>N. Pectoralis</td></tr><tr><td>1</td><td style=\"white-space:nowrap\">other<a name=\"BlockTypes-other\"> </a></td><td>Other block type</td><td>Anden blokadetype</td></tr></table></div>"
  },
  "url" : "https://kip.rkkp.dk/fhir/CodeSystem/BlockTypes",
  "version" : "0.1.6",
  "name" : "BlockTypes",
  "title" : "Typer af blokader",
  "status" : "active",
  "date" : "2022-06-09T00:00:00+02:00",
  "publisher" : "Sundhedsvæsnets Kvalistetsinstitut with Trifork Digital Health A/S",
  "contact" : [{
    "name" : "Sundhedsvæsnets Kvalistetsinstitut with Trifork Digital Health A/S",
    "telecom" : [{
      "system" : "url",
      "value" : "https://trifork.com"
    },
    {
      "system" : "email",
      "value" : "rbk@trifork.com"
    }]
  }],
  "description" : "Blokader - Central, Underekstremitet, Overekstremitet",
  "content" : "complete",
  "count" : 39,
  "concept" : [{
    "code" : "central_block_types",
    "display" : "Block given peropratively",
    "definition" : "Blokade anlagt peroperativt",
    "concept" : [{
      "code" : "epidural_cervical",
      "display" : "Epidural Cervical",
      "definition" : "Epidural Cervical"
    },
    {
      "code" : "epidural_thorakal",
      "display" : "Epidural Thorakal",
      "definition" : "Epidural Thorakal"
    },
    {
      "code" : "epidural_lumbal",
      "display" : "Epidural Lumbal",
      "definition" : "Epidural Lumbal"
    },
    {
      "code" : "epidural_sakral",
      "display" : "Epidural Sakral",
      "definition" : "Epidural Sakral"
    },
    {
      "code" : "epidural+spinal",
      "display" : "Epidural+Spinal",
      "definition" : "Epidural+Spinal"
    },
    {
      "code" : "spinal_lumbal\"",
      "display" : "Spinal lumbal",
      "definition" : "Spinal lumbal"
    },
    {
      "code" : "spinal_catheter",
      "display" : "Spinal catheter",
      "definition" : "Spinal kateter"
    }]
  },
  {
    "code" : "nerve-block_upper_extr",
    "display" : "Block types upper extremities",
    "definition" : "Type Perifer nerveblokade Overekstremitet",
    "concept" : [{
      "code" : "plexus_cervicalis\"",
      "display" : "Plexus cervicalis"
    },
    {
      "code" : "interscalener\"",
      "display" : "Interscalener (Skalener)"
    },
    {
      "code" : "supraclavicular\"",
      "display" : "Supraklavikulær"
    },
    {
      "code" : "infraclavicular\"",
      "display" : "Infraklavikulær"
    },
    {
      "code" : "aksil\"",
      "display" : "Aksil"
    },
    {
      "code" : "suprascapularis\"",
      "display" : "N. Suprascapularis"
    },
    {
      "code" : "axillaris\"",
      "display" : "N. Axillaris"
    },
    {
      "code" : "musculocutaneus\"",
      "display" : "N. Musculocutaneus"
    },
    {
      "code" : "medianus\"",
      "display" : "N. Medianus"
    },
    {
      "code" : "radialis\"",
      "display" : "N. Radialis"
    },
    {
      "code" : "ulnaris\"",
      "display" : "N. Ulnaris"
    }]
  },
  {
    "code" : "nerve-block_lower_extr",
    "display" : "Block types lower extremities",
    "definition" : "Type Perifer nerveblokade Underekstremitet",
    "concept" : [{
      "code" : "plexus_lumbalis",
      "display" : "Plexus lumbalis",
      "definition" : "Plexus lumbalis"
    },
    {
      "code" : "plexus_lumbosacralis",
      "display" : "Plexus lumbosacralis",
      "definition" : "Plexus lumbosacralis"
    },
    {
      "code" : "plexus_sacralis",
      "display" : "Plexus sacralis",
      "definition" : "Plexus sacralis"
    },
    {
      "code" : "femoralis",
      "display" : "N. Femoralis",
      "definition" : "N. Femoralis"
    },
    {
      "code" : "cutaneus_femoris_lateralis",
      "display" : "N. Cutaneus femoris lateralis",
      "definition" : "N. Cutaneus femoris lateralis"
    },
    {
      "code" : "saphenus",
      "display" : "N. Saphenus",
      "definition" : "N. Saphenus"
    },
    {
      "code" : "obturatorius",
      "display" : "N. Obturatoriusblock",
      "definition" : "N. Obturatoriusblokade"
    },
    {
      "code" : "ischiadicus_poplitea",
      "display" : "N. Ischiadicus/poplitea block",
      "definition" : "N. Ischiadicus/poplitea blokade"
    },
    {
      "code" : "tibialis",
      "display" : "N. Tibialis",
      "definition" : "N. Tibialis"
    },
    {
      "code" : "peroneus",
      "display" : "Peroneus (communis) block",
      "definition" : "Peroneus (communis) blokade"
    }]
  },
  {
    "code" : "nerve-block_other",
    "display" : "Block types other",
    "definition" : "Type Perifer nerveblokade Trunkal/Abdominal/Øvrige",
    "concept" : [{
      "code" : "thorakal_Paravertebral",
      "display" : "Thorakal Paravertebral block",
      "definition" : "Thorakal Paravertebral blokade"
    },
    {
      "code" : "intercostal",
      "display" : "Intercostal block",
      "definition" : "Intercostal blokade"
    },
    {
      "code" : "quadratus_lumborum",
      "display" : "Quadratus lumborum block",
      "definition" : "Quadratus lumborum blokade"
    },
    {
      "code" : "transversus_abdominis",
      "display" : "Transversus abdominis plane (TAP) block",
      "definition" : "Transversus abdominis plane (TAP) blokade"
    },
    {
      "code" : "ilioinguinalis_iliohypogastricus",
      "display" : "Ilioinguinalis/iliohypogastricus",
      "definition" : "Ilioinguinalis/iliohypogastricus"
    },
    {
      "code" : "pectoralis",
      "display" : "N. Pectoralis",
      "definition" : "N. Pectoralis"
    }]
  },
  {
    "code" : "other",
    "display" : "Other block type",
    "definition" : "Anden blokadetype"
  }]
}