{
  "resourceType" : "CodeSystem",
  "id" : "RevisionIndication",
  "text" : {
    "status" : "generated",
    "div" : "<div xmlns=\"http://www.w3.org/1999/xhtml\"><p class=\"res-header-id\"><b>Generated Narrative: CodeSystem RevisionIndication</b></p><a name=\"RevisionIndication\"> </a><a name=\"hcRevisionIndication\"> </a><a name=\"RevisionIndication-en-US\"> </a><p>This case-insensitive code system <code>https://kip.rkkp.dk/fhir/CodeSystem/RevisionIndication</code> defines the following codes in an undefined hierarchy:</p><table class=\"codes\"><tr><td><b>Lvl</b></td><td style=\"white-space:nowrap\"><b>Code</b></td><td><b>Display</b></td><td><b>Definition</b></td></tr><tr><td>1</td><td style=\"white-space:nowrap\">aseptic_solution<a name=\"RevisionIndication-aseptic_solution\"> </a></td><td>Aseptisk løsning</td><td>Aseptisk løsning</td></tr><tr><td>2</td><td style=\"white-space:nowrap\">\u00a0\u00a0glenoid<a name=\"RevisionIndication-glenoid\"> </a></td><td>Glenoid</td><td>Glenoid</td></tr><tr><td>2</td><td style=\"white-space:nowrap\">\u00a0\u00a0humerus<a name=\"RevisionIndication-humerus\"> </a></td><td>Humerus</td><td>Humerus</td></tr><tr><td>2</td><td style=\"white-space:nowrap\">\u00a0\u00a0acetabulum<a name=\"RevisionIndication-acetabulum\"> </a></td><td>Acetabulum</td><td>Acetabulum</td></tr><tr><td>2</td><td style=\"white-space:nowrap\">\u00a0\u00a0acetabulum_osteolysis<a name=\"RevisionIndication-acetabulum_osteolysis\"> </a></td><td>Acetabulum med osteolyse</td><td>Acetabulum med osteolyse</td></tr><tr><td>2</td><td style=\"white-space:nowrap\">\u00a0\u00a0femur<a name=\"RevisionIndication-femur\"> </a></td><td>Femur</td><td>Femur</td></tr><tr><td>2</td><td style=\"white-space:nowrap\">\u00a0\u00a0femur_osteolysis<a name=\"RevisionIndication-femur_osteolysis\"> </a></td><td>Femur med osteolyse</td><td>Femur med osteolyse</td></tr><tr><td>2</td><td style=\"white-space:nowrap\">\u00a0\u00a0femur_acetabulum<a name=\"RevisionIndication-femur_acetabulum\"> </a></td><td>Femur og acetabulum</td><td>Femur og acetabulum</td></tr><tr><td>2</td><td style=\"white-space:nowrap\">\u00a0\u00a0femur_acetabulum_osteolysis<a name=\"RevisionIndication-femur_acetabulum_osteolysis\"> </a></td><td>Femur og acetabulum med osteolyse</td><td>Femur og acetabulum med osteolyse</td></tr><tr><td>1</td><td style=\"white-space:nowrap\">osteolysis<a name=\"RevisionIndication-osteolysis\"> </a></td><td>Osteolyse</td><td>Osteolyse</td></tr><tr><td>1</td><td style=\"white-space:nowrap\">suspected_infection<a name=\"RevisionIndication-suspected_infection\"> </a></td><td>Mistænkt eller manifest infektion</td><td>Mistænkt eller manifest infektion</td></tr><tr><td>1</td><td style=\"white-space:nowrap\">infection<a name=\"RevisionIndication-infection\"> </a></td><td>Infection</td><td>Infection / Infektion</td></tr><tr><td>1</td><td style=\"white-space:nowrap\">instability<a name=\"RevisionIndication-instability\"> </a></td><td>Instabilitet</td><td>Instabilitet</td></tr><tr><td>1</td><td style=\"white-space:nowrap\">dislocation<a name=\"RevisionIndication-dislocation\"> </a></td><td>Luksation</td><td>Luksation</td></tr><tr><td>1</td><td style=\"white-space:nowrap\">rotator_cuff<a name=\"RevisionIndication-rotator_cuff\"> </a></td><td>Rotator cuff ruptur / insufficiens</td><td>Rotator cuff ruptur / insufficiens</td></tr><tr><td>1</td><td style=\"white-space:nowrap\">cavitas_erosion<a name=\"RevisionIndication-cavitas_erosion\"> </a></td><td>Cavitas erosion</td><td>Cavitas erosion</td></tr><tr><td>1</td><td style=\"white-space:nowrap\">prosthetic_joint_fracture<a name=\"RevisionIndication-prosthetic_joint_fracture\"> </a></td><td>Protesenær fraktur</td><td>Protesenær fraktur</td></tr><tr><td>1</td><td style=\"white-space:nowrap\">periprosthetic_fracture<a name=\"RevisionIndication-periprosthetic_fracture\"> </a></td><td>Periprostetisk fraktur</td><td>Periprostetisk fraktur</td></tr><tr><td>1</td><td style=\"white-space:nowrap\">malplaced_component<a name=\"RevisionIndication-malplaced_component\"> </a></td><td>Malplaceret komponent</td><td>Malplaceret komponent</td></tr><tr><td>1</td><td style=\"white-space:nowrap\">component_failure<a name=\"RevisionIndication-component_failure\"> </a></td><td>Komponentsvigt</td><td>Komponentsvigt</td></tr><tr><td>1</td><td style=\"white-space:nowrap\">implant_failure<a name=\"RevisionIndication-implant_failure\"> </a></td><td>Implantat failure</td><td>Implantat failure</td></tr><tr><td>1</td><td style=\"white-space:nowrap\">pain<a name=\"RevisionIndication-pain\"> </a></td><td>Pain</td><td>Pain / Smerter</td></tr><tr><td>1</td><td style=\"white-space:nowrap\">constrained_mobility<a name=\"RevisionIndication-constrained_mobility\"> </a></td><td>Indskrænket bevægelighed</td><td>Indskrænket bevægelighed</td></tr><tr><td>1</td><td style=\"white-space:nowrap\">arthrosis_progression<a name=\"RevisionIndication-arthrosis_progression\"> </a></td><td>Athrosis progression</td><td>Athrosis progression / Artrose progression</td></tr><tr><td>1</td><td style=\"white-space:nowrap\">second_part_two_stage_revision<a name=\"RevisionIndication-second_part_two_stage_revision\"> </a></td><td>2. del af 2-stadie revision</td><td>2. del af 2-stadie revision</td></tr><tr><td>1</td><td style=\"white-space:nowrap\">secondary_insertion<a name=\"RevisionIndication-secondary_insertion\"> </a></td><td>Sekundær isættelse</td><td>Sekundær isættelse</td></tr><tr><td>1</td><td style=\"white-space:nowrap\">polyethylene_wear<a name=\"RevisionIndication-polyethylene_wear\"> </a></td><td>Polyethylenslitage</td><td>Polyethylenslitage</td></tr><tr><td>1</td><td style=\"white-space:nowrap\">polyethylene_failure<a name=\"RevisionIndication-polyethylene_failure\"> </a></td><td>Polyethylen-svigt</td><td>Polyethylen-svigt</td></tr><tr><td>2</td><td style=\"white-space:nowrap\">\u00a0\u00a0polyethylene_failure_tibia<a name=\"RevisionIndication-polyethylene_failure_tibia\"> </a></td><td>Polyethylen-svigt (tibia)</td><td>Polyethylen-svigt (tibia)</td></tr><tr><td>2</td><td style=\"white-space:nowrap\">\u00a0\u00a0polyethylene_failure_patella<a name=\"RevisionIndication-polyethylene_failure_patella\"> </a></td><td>Polyethylen-svigt (patella)</td><td>Polyethylen-svigt (patella)</td></tr><tr><td>1</td><td style=\"white-space:nowrap\">femur_fracture<a name=\"RevisionIndication-femur_fracture\"> </a></td><td>Femurfraktur</td><td>Femurfraktur</td></tr></table></div>"
  },
  "url" : "https://kip.rkkp.dk/fhir/CodeSystem/RevisionIndication",
  "version" : "0.1.6",
  "name" : "RevisionIndication",
  "title" : "Revision; indication",
  "status" : "active",
  "date" : "2022-10-07T00:00:00+02:00",
  "publisher" : "Sundhedsvæsnets Kvalistetsinstitut with Trifork Digital Health A/S",
  "contact" : [{
    "name" : "Sundhedsvæsnets Kvalistetsinstitut with Trifork Digital Health A/S",
    "telecom" : [{
      "system" : "url",
      "value" : "https://trifork.com"
    },
    {
      "system" : "email",
      "value" : "rbk@trifork.com"
    }]
  }],
  "description" : "Revision; indication",
  "caseSensitive" : false,
  "content" : "complete",
  "count" : 31,
  "concept" : [{
    "code" : "aseptic_solution",
    "display" : "Aseptisk løsning",
    "definition" : "Aseptisk løsning",
    "concept" : [{
      "code" : "glenoid",
      "display" : "Glenoid",
      "definition" : "Glenoid"
    },
    {
      "code" : "humerus",
      "display" : "Humerus",
      "definition" : "Humerus"
    },
    {
      "code" : "acetabulum",
      "display" : "Acetabulum",
      "definition" : "Acetabulum"
    },
    {
      "code" : "acetabulum_osteolysis",
      "display" : "Acetabulum med osteolyse",
      "definition" : "Acetabulum med osteolyse"
    },
    {
      "code" : "femur",
      "display" : "Femur",
      "definition" : "Femur"
    },
    {
      "code" : "femur_osteolysis",
      "display" : "Femur med osteolyse",
      "definition" : "Femur med osteolyse"
    },
    {
      "code" : "femur_acetabulum",
      "display" : "Femur og acetabulum",
      "definition" : "Femur og acetabulum"
    },
    {
      "code" : "femur_acetabulum_osteolysis",
      "display" : "Femur og acetabulum med osteolyse",
      "definition" : "Femur og acetabulum med osteolyse"
    }]
  },
  {
    "code" : "osteolysis",
    "display" : "Osteolyse",
    "definition" : "Osteolyse"
  },
  {
    "code" : "suspected_infection",
    "display" : "Mistænkt eller manifest infektion",
    "definition" : "Mistænkt eller manifest infektion"
  },
  {
    "code" : "infection",
    "display" : "Infection",
    "definition" : "Infection / Infektion"
  },
  {
    "code" : "instability",
    "display" : "Instabilitet",
    "definition" : "Instabilitet"
  },
  {
    "code" : "dislocation",
    "display" : "Luksation",
    "definition" : "Luksation"
  },
  {
    "code" : "rotator_cuff",
    "display" : "Rotator cuff ruptur / insufficiens",
    "definition" : "Rotator cuff ruptur / insufficiens"
  },
  {
    "code" : "cavitas_erosion",
    "display" : "Cavitas erosion",
    "definition" : "Cavitas erosion"
  },
  {
    "code" : "prosthetic_joint_fracture",
    "display" : "Protesenær fraktur",
    "definition" : "Protesenær fraktur"
  },
  {
    "code" : "periprosthetic_fracture",
    "display" : "Periprostetisk fraktur",
    "definition" : "Periprostetisk fraktur"
  },
  {
    "code" : "malplaced_component",
    "display" : "Malplaceret komponent",
    "definition" : "Malplaceret komponent"
  },
  {
    "code" : "component_failure",
    "display" : "Komponentsvigt",
    "definition" : "Komponentsvigt"
  },
  {
    "code" : "implant_failure",
    "display" : "Implantat failure",
    "definition" : "Implantat failure"
  },
  {
    "code" : "pain",
    "display" : "Pain",
    "definition" : "Pain / Smerter"
  },
  {
    "code" : "constrained_mobility",
    "display" : "Indskrænket bevægelighed",
    "definition" : "Indskrænket bevægelighed"
  },
  {
    "code" : "arthrosis_progression",
    "display" : "Athrosis progression",
    "definition" : "Athrosis progression / Artrose progression"
  },
  {
    "code" : "second_part_two_stage_revision",
    "display" : "2. del af 2-stadie revision",
    "definition" : "2. del af 2-stadie revision"
  },
  {
    "code" : "secondary_insertion",
    "display" : "Sekundær isættelse",
    "definition" : "Sekundær isættelse"
  },
  {
    "code" : "polyethylene_wear",
    "display" : "Polyethylenslitage",
    "definition" : "Polyethylenslitage"
  },
  {
    "code" : "polyethylene_failure",
    "display" : "Polyethylen-svigt",
    "definition" : "Polyethylen-svigt",
    "concept" : [{
      "code" : "polyethylene_failure_tibia",
      "display" : "Polyethylen-svigt (tibia)",
      "definition" : "Polyethylen-svigt (tibia)"
    },
    {
      "code" : "polyethylene_failure_patella",
      "display" : "Polyethylen-svigt (patella)",
      "definition" : "Polyethylen-svigt (patella)"
    }]
  },
  {
    "code" : "femur_fracture",
    "display" : "Femurfraktur",
    "definition" : "Femurfraktur"
  }]
}