{
  "resourceType" : "CodeSystem",
  "id" : "AnastomosisLeakConsequence",
  "text" : {
    "status" : "generated",
    "div" : "<div xmlns=\"http://www.w3.org/1999/xhtml\"><p class=\"res-header-id\"><b>Generated Narrative: CodeSystem AnastomosisLeakConsequence</b></p><a name=\"AnastomosisLeakConsequence\"> </a><a name=\"hcAnastomosisLeakConsequence\"> </a><a name=\"AnastomosisLeakConsequence-en-US\"> </a><p>This case-insensitive code system <code>https://kip.rkkp.dk/fhir/CodeSystem/AnastomosisLeakConsequence</code> defines the following codes:</p><table class=\"codes\"><tr><td style=\"white-space:nowrap\"><b>Code</b></td><td><b>Display</b></td><td><b>Definition</b></td></tr><tr><td style=\"white-space:nowrap\">preserved<a name=\"AnastomosisLeakConsequence-preserved\"> </a></td><td>Anastomosis preserved</td><td>Anastomosis preserved / Anastomosen bevaret</td></tr><tr><td style=\"white-space:nowrap\">preserved_surture<a name=\"AnastomosisLeakConsequence-preserved_surture\"> </a></td><td>Anastomosis preserved, surturing of defect</td><td>Anastomosis preserved, surturing of defect / Anastomose bevaret, oversyning af defekt</td></tr><tr><td style=\"white-space:nowrap\">preserved_endosponge_vac<a name=\"AnastomosisLeakConsequence-preserved_endosponge_vac\"> </a></td><td>Anastomosis preserved; endosponge/VAC</td><td>Anastomosis preserved, endosponge/VAC / Anastomose bevaret, endosponge/VAC beh</td></tr><tr><td style=\"white-space:nowrap\">preserved_drain_antibiotics<a name=\"AnastomosisLeakConsequence-preserved_drain_antibiotics\"> </a></td><td>Anastomosis preserved, drain/antibiotics</td><td>Anastomosis preserved, drain/antibiotics / Anastomose bevaret, alene dræn, antibiotika etc</td></tr><tr><td style=\"white-space:nowrap\">broken_down<a name=\"AnastomosisLeakConsequence-broken_down\"> </a></td><td>Anastomosis broken down</td><td>Anastomosis broken down / Anastopmose nedbrudt</td></tr><tr><td style=\"white-space:nowrap\">broken_down_stoma<a name=\"AnastomosisLeakConsequence-broken_down_stoma\"> </a></td><td>Anastomosis broken down, stoma</td><td>Anastomosis broken down, stoma / Anastopmose nedbrudt, endestomi</td></tr><tr><td style=\"white-space:nowrap\">broken_down_reanastomosis<a name=\"AnastomosisLeakConsequence-broken_down_reanastomosis\"> </a></td><td>Anastomosis broken down, re-anastomosis</td><td>Anastomosis broken down, re-anastomosis / Anastopmose nedbrudt, re-anastomosering</td></tr></table></div>"
  },
  "url" : "https://kip.rkkp.dk/fhir/CodeSystem/AnastomosisLeakConsequence",
  "version" : "0.1.6",
  "name" : "AnastomosisLeakConsequence",
  "title" : "Anastomosis leak consequence",
  "status" : "active",
  "date" : "2022-08-22T00:00:00+02:00",
  "publisher" : "Sundhedsvæsnets Kvalistetsinstitut with Trifork Digital Health A/S",
  "contact" : [{
    "name" : "Sundhedsvæsnets Kvalistetsinstitut with Trifork Digital Health A/S",
    "telecom" : [{
      "system" : "url",
      "value" : "https://trifork.com"
    },
    {
      "system" : "email",
      "value" : "rbk@trifork.com"
    }]
  }],
  "description" : "Anastomosis leak consequence",
  "caseSensitive" : false,
  "content" : "complete",
  "count" : 7,
  "concept" : [{
    "code" : "preserved",
    "display" : "Anastomosis preserved",
    "definition" : "Anastomosis preserved / Anastomosen bevaret"
  },
  {
    "code" : "preserved_surture",
    "display" : "Anastomosis preserved, surturing of defect",
    "definition" : "Anastomosis preserved, surturing of defect / Anastomose bevaret, oversyning af defekt"
  },
  {
    "code" : "preserved_endosponge_vac",
    "display" : "Anastomosis preserved; endosponge/VAC",
    "definition" : "Anastomosis preserved, endosponge/VAC / Anastomose bevaret, endosponge/VAC beh"
  },
  {
    "code" : "preserved_drain_antibiotics",
    "display" : "Anastomosis preserved, drain/antibiotics",
    "definition" : "Anastomosis preserved, drain/antibiotics / Anastomose bevaret, alene dræn, antibiotika etc"
  },
  {
    "code" : "broken_down",
    "display" : "Anastomosis broken down",
    "definition" : "Anastomosis broken down / Anastopmose nedbrudt"
  },
  {
    "code" : "broken_down_stoma",
    "display" : "Anastomosis broken down, stoma",
    "definition" : "Anastomosis broken down, stoma / Anastopmose nedbrudt, endestomi"
  },
  {
    "code" : "broken_down_reanastomosis",
    "display" : "Anastomosis broken down, re-anastomosis",
    "definition" : "Anastomosis broken down, re-anastomosis / Anastopmose nedbrudt, re-anastomosering"
  }]
}