{
  "resourceType" : "CodeSystem",
  "id" : "MolecularRemission",
  "text" : {
    "status" : "generated",
    "div" : "<div xmlns=\"http://www.w3.org/1999/xhtml\"><p class=\"res-header-id\"><b>Generated Narrative: CodeSystem MolecularRemission</b></p><a name=\"MolecularRemission\"> </a><a name=\"hcMolecularRemission\"> </a><a name=\"MolecularRemission-en-US\"> </a><p>This case-insensitive code system <code>https://kip.rkkp.dk/fhir/CodeSystem/MolecularRemission</code> defines the following codes:</p><table class=\"codes\"><tr><td style=\"white-space:nowrap\"><b>Code</b></td><td><b>Display</b></td><td><b>Definition</b></td></tr><tr><td style=\"white-space:nowrap\">mr_4<a name=\"MolecularRemission-mr_4\"> </a></td><td>MR4</td><td>MR4</td></tr><tr><td style=\"white-space:nowrap\">mr_4.5<a name=\"MolecularRemission-mr_4.465\"> </a></td><td>MR4.5</td><td>MR4.5</td></tr><tr><td style=\"white-space:nowrap\">mr_5<a name=\"MolecularRemission-mr_5\"> </a></td><td>MR5</td><td>MR5</td></tr></table></div>"
  },
  "url" : "https://kip.rkkp.dk/fhir/CodeSystem/MolecularRemission",
  "version" : "0.1.6",
  "name" : "MolecularRemission",
  "title" : "Molecular remission (MR)",
  "status" : "active",
  "date" : "2022-07-14T00:00:00+02:00",
  "publisher" : "Sundhedsvæsnets Kvalistetsinstitut with Trifork Digital Health A/S",
  "contact" : [{
    "name" : "Sundhedsvæsnets Kvalistetsinstitut with Trifork Digital Health A/S",
    "telecom" : [{
      "system" : "url",
      "value" : "https://trifork.com"
    },
    {
      "system" : "email",
      "value" : "rbk@trifork.com"
    }]
  }],
  "description" : "Molecular remission (MR)",
  "caseSensitive" : false,
  "content" : "complete",
  "count" : 3,
  "concept" : [{
    "code" : "mr_4",
    "display" : "MR4",
    "definition" : "MR4"
  },
  {
    "code" : "mr_4.5",
    "display" : "MR4.5",
    "definition" : "MR4.5"
  },
  {
    "code" : "mr_5",
    "display" : "MR5",
    "definition" : "MR5"
  }]
}