{
  "resourceType" : "CodeSystem",
  "id" : "MentalDeclaration",
  "text" : {
    "status" : "generated",
    "div" : "<div xmlns=\"http://www.w3.org/1999/xhtml\"><p class=\"res-header-id\"><b>Generated Narrative: CodeSystem MentalDeclaration</b></p><a name=\"MentalDeclaration\"> </a><a name=\"hcMentalDeclaration\"> </a><a name=\"MentalDeclaration-en-US\"> </a><p>This case-insensitive code system <code>https://kip.rkkp.dk/fhir/CodeSystem/MentalDeclaration</code> defines the following codes:</p><table class=\"codes\"><tr><td style=\"white-space:nowrap\"><b>Code</b></td><td><b>Display</b></td><td><b>Definition</b></td></tr><tr><td style=\"white-space:nowrap\">new_mental_examination<a name=\"MentalDeclaration-new_mental_examination\"> </a></td><td>Ny mentalundersøgelse er foretaget i forbindelse med aktuelle dom</td><td>Ny mentalundersøgelse er foretaget i forbindelse med aktuelle dom</td></tr><tr><td style=\"white-space:nowrap\">previous_mental_examination<a name=\"MentalDeclaration-previous_mental_examination\"> </a></td><td>Der foreligger mentalundersøgelse fra tidligere, der anvendes i aktuel sag</td><td>Der foreligger mentalundersøgelse fra tidligere, der anvendes i aktuel sag</td></tr><tr><td style=\"white-space:nowrap\">statement<a name=\"MentalDeclaration-statement\"> </a></td><td>Udtalelse givet efter igangværende undersøgelse af behandlingsansvarlig i henhold til dom</td><td>Udtalelse givet efter igangværende undersøgelse af behandlingsansvarlig i henhold til dom</td></tr></table></div>"
  },
  "url" : "https://kip.rkkp.dk/fhir/CodeSystem/MentalDeclaration",
  "version" : "0.1.6",
  "name" : "MentalDeclaration",
  "title" : "Mental declaration",
  "status" : "active",
  "date" : "2022-07-12T00:00:00+02:00",
  "publisher" : "Sundhedsvæsnets Kvalistetsinstitut with Trifork Digital Health A/S",
  "contact" : [{
    "name" : "Sundhedsvæsnets Kvalistetsinstitut with Trifork Digital Health A/S",
    "telecom" : [{
      "system" : "url",
      "value" : "https://trifork.com"
    },
    {
      "system" : "email",
      "value" : "rbk@trifork.com"
    }]
  }],
  "description" : "Mental declaration",
  "caseSensitive" : false,
  "content" : "complete",
  "count" : 3,
  "concept" : [{
    "code" : "new_mental_examination",
    "display" : "Ny mentalundersøgelse er foretaget i forbindelse med aktuelle dom",
    "definition" : "Ny mentalundersøgelse er foretaget i forbindelse med aktuelle dom"
  },
  {
    "code" : "previous_mental_examination",
    "display" : "Der foreligger mentalundersøgelse fra tidligere, der anvendes i aktuel sag",
    "definition" : "Der foreligger mentalundersøgelse fra tidligere, der anvendes i aktuel sag"
  },
  {
    "code" : "statement",
    "display" : "Udtalelse givet efter igangværende undersøgelse af behandlingsansvarlig i henhold til dom",
    "definition" : "Udtalelse givet efter igangværende undersøgelse af behandlingsansvarlig i henhold til dom"
  }]
}