{
  "resourceType" : "CodeSystem",
  "id" : "ActilyseNotGiven",
  "text" : {
    "status" : "generated",
    "div" : "<div xmlns=\"http://www.w3.org/1999/xhtml\"><p class=\"res-header-id\"><b>Generated Narrative: CodeSystem ActilyseNotGiven</b></p><a name=\"ActilyseNotGiven\"> </a><a name=\"hcActilyseNotGiven\"> </a><a name=\"ActilyseNotGiven-en-US\"> </a><p>This  code system <code>https://kip.rkkp.dk/fhir/CodeSystem/ActilyseNotGiven</code> defines the following codes:</p><table class=\"codes\"><tr><td style=\"white-space:nowrap\"><b>Code</b></td><td><b>Display</b></td><td><b>Definition</b></td></tr><tr><td style=\"white-space:nowrap\">clinicaldeterioration<a name=\"ActilyseNotGiven-clinicaldeterioration\"> </a></td><td>Klinisk forringelse</td><td>Klinisk forringelse</td></tr><tr><td style=\"white-space:nowrap\">allergicreaction<a name=\"ActilyseNotGiven-allergicreaction\"> </a></td><td>Allergisk reaktion</td><td>Allergisk reaktion</td></tr><tr><td style=\"white-space:nowrap\">plannedtreatment<a name=\"ActilyseNotGiven-plannedtreatment\"> </a></td><td>Planlagt interventionel behandling</td><td>Planlagt interventionel behandling</td></tr><tr><td style=\"white-space:nowrap\">other<a name=\"ActilyseNotGiven-other\"> </a></td><td>Andet</td><td>Andet</td></tr></table></div>"
  },
  "url" : "https://kip.rkkp.dk/fhir/CodeSystem/ActilyseNotGiven",
  "version" : "0.1.6",
  "name" : "ActilyseNotGiven",
  "title" : "Reasons for not giving total dose of actilyse",
  "status" : "active",
  "date" : "2022-06-03T00:00:00+02:00",
  "publisher" : "Sundhedsvæsnets Kvalistetsinstitut with Trifork Digital Health A/S",
  "contact" : [{
    "name" : "Sundhedsvæsnets Kvalistetsinstitut with Trifork Digital Health A/S",
    "telecom" : [{
      "system" : "url",
      "value" : "https://trifork.com"
    },
    {
      "system" : "email",
      "value" : "rbk@trifork.com"
    }]
  }],
  "description" : "Årsagen til hvorfor man ikke har givet totaldosis i.v. actilyse.",
  "content" : "complete",
  "count" : 4,
  "concept" : [{
    "code" : "clinicaldeterioration",
    "display" : "Klinisk forringelse",
    "definition" : "Klinisk forringelse"
  },
  {
    "code" : "allergicreaction",
    "display" : "Allergisk reaktion",
    "definition" : "Allergisk reaktion"
  },
  {
    "code" : "plannedtreatment",
    "display" : "Planlagt interventionel behandling",
    "definition" : "Planlagt interventionel behandling"
  },
  {
    "code" : "other",
    "display" : "Andet",
    "definition" : "Andet"
  }]
}