{
  "resourceType" : "ValueSet",
  "id" : "SKSUdskrivningsdiagnoserTrombolyse",
  "text" : {
    "status" : "extensions",
    "div" : "<div xmlns=\"http://www.w3.org/1999/xhtml\"><p class=\"res-header-id\"><b>Generated Narrative: ValueSet SKSUdskrivningsdiagnoserTrombolyse</b></p><a name=\"SKSUdskrivningsdiagnoserTrombolyse\"> </a><a name=\"hcSKSUdskrivningsdiagnoserTrombolyse\"> </a><a name=\"SKSUdskrivningsdiagnoserTrombolyse-en-US\"> </a><ul><li>Include these codes as defined in <a href=\"CodeSystem-SKS.html\"><code>https://kip.rkkp.dk/fhir/CodeSystem/SKS</code></a><table class=\"none\"><tr><td style=\"white-space:nowrap\"><b>Code</b></td><td><b>Display</b></td><td><b>Definition</b></td></tr><tr><td><a href=\"CodeSystem-SKS.html#SKS-DI630\">DI630</a></td><td>DI630 - Hjerneinfarkt forårsaget af trombose i præcerebral arterie</td><td>DI630 - Hjerneinfarkt forårsaget af trombose i præcerebral arterie</td></tr><tr><td><a href=\"CodeSystem-SKS.html#SKS-DI631\">DI631</a></td><td>DI631 - Hjerneinfarkt forårsaget af emboli i præcerebral arterie</td><td>DI631 - Hjerneinfarkt forårsaget af emboli i præcerebral arterie</td></tr><tr><td><a href=\"CodeSystem-SKS.html#SKS-DI632\">DI632</a></td><td>DI632 - Hjerneinfarkt forårsaget af tillukning eller stenose i præcerebral arterie UNS</td><td>DI632 - Hjerneinfarkt forårsaget af tillukning eller stenose i præcerebral arterie UNS</td></tr><tr><td><a href=\"CodeSystem-SKS.html#SKS-DI633\">DI633</a></td><td>DI633 - Hjerneinfarkt forårsaget af trombose i cerebral arterie</td><td>DI633 - Hjerneinfarkt forårsaget af trombose i cerebral arterie</td></tr><tr><td><a href=\"CodeSystem-SKS.html#SKS-DI634\">DI634</a></td><td>DI634 - Hjerneinfarkt forårsaget af emboli i cerebral arterie</td><td>DI634 - Hjerneinfarkt forårsaget af emboli i cerebral arterie</td></tr><tr><td><a href=\"CodeSystem-SKS.html#SKS-DI635\">DI635</a></td><td>DI635 - Hjerneinfarkt forårsaget af tillukning eller stenose i cerebral arterie UNS</td><td>DI635 - Hjerneinfarkt forårsaget af tillukning eller stenose i cerebral arterie UNS</td></tr><tr><td><a href=\"CodeSystem-SKS.html#SKS-DI638\">DI638</a></td><td>DI638 - Anden form for hjerneinfarkt</td><td>DI638 - Anden form for hjerneinfarkt</td></tr><tr><td><a href=\"CodeSystem-SKS.html#SKS-DI639\">DI639</a></td><td>DI639 - Hjerneinfarkt UNS</td><td>DI639 - Hjerneinfarkt UNS</td></tr></table></li></ul></div>"
  },
  "url" : "https://kip.rkkp.dk/fhir/ValueSet/SKSUdskrivningsdiagnoserTrombolyse",
  "version" : "0.1.6",
  "name" : "SKSUdskrivningsdiagnoserTrombolyse",
  "title" : "SKS: Udskrivningsiagnoser for Trombolyse (DAP)",
  "status" : "active",
  "experimental" : true,
  "date" : "2022-06-28T00:00:00+02:00",
  "publisher" : "Sundhedsvæsnets Kvalistetsinstitut with Trifork Digital Health A/S",
  "contact" : [{
    "name" : "Sundhedsvæsnets Kvalistetsinstitut with Trifork Digital Health A/S",
    "telecom" : [{
      "system" : "url",
      "value" : "https://trifork.com"
    },
    {
      "system" : "email",
      "value" : "rbk@trifork.com"
    }]
  }],
  "description" : "SKS koderne relevante for Trombolyse (DAP)",
  "compose" : {
    "include" : [{
      "system" : "https://kip.rkkp.dk/fhir/CodeSystem/SKS",
      "concept" : [{
        "code" : "DI630",
        "display" : "DI630 - Hjerneinfarkt forårsaget af trombose i præcerebral arterie"
      },
      {
        "code" : "DI631",
        "display" : "DI631 - Hjerneinfarkt forårsaget af emboli i præcerebral arterie"
      },
      {
        "code" : "DI632",
        "display" : "DI632 - Hjerneinfarkt forårsaget af tillukning eller stenose i præcerebral arterie UNS"
      },
      {
        "code" : "DI633",
        "display" : "DI633 - Hjerneinfarkt forårsaget af trombose i cerebral arterie"
      },
      {
        "code" : "DI634",
        "display" : "DI634 - Hjerneinfarkt forårsaget af emboli i cerebral arterie"
      },
      {
        "code" : "DI635",
        "display" : "DI635 - Hjerneinfarkt forårsaget af tillukning eller stenose i cerebral arterie UNS"
      },
      {
        "code" : "DI638",
        "display" : "DI638 - Anden form for hjerneinfarkt"
      },
      {
        "code" : "DI639",
        "display" : "DI639 - Hjerneinfarkt UNS"
      }]
    }]
  }
}