{
  "resourceType" : "ValueSet",
  "id" : "DonorRelationDNSL",
  "text" : {
    "status" : "extensions",
    "div" : "<div xmlns=\"http://www.w3.org/1999/xhtml\"><p class=\"res-header-id\"><b>Generated Narrative: ValueSet DonorRelationDNSL</b></p><a name=\"DonorRelationDNSL\"> </a><a name=\"hcDonorRelationDNSL\"> </a><a name=\"DonorRelationDNSL-en-US\"> </a><ul><li>Include these codes as defined in <a href=\"CodeSystem-SNOMEDCT.html\"><code>https://kip.rkkp.dk/fhir/CodeSystem/SNOMEDCT</code></a><table class=\"none\"><tr><td style=\"white-space:nowrap\"><b>Code</b></td><td><b>Display</b></td><td><b>Definition</b></td></tr><tr><td><a href=\"CodeSystem-SNOMEDCT.html#SNOMEDCT-40683002\">40683002</a></td><td>Forælder</td><td>Forælder</td></tr><tr><td><a href=\"CodeSystem-SNOMEDCT.html#SNOMEDCT-375005\">375005</a></td><td>Søster/Bror</td><td>Søster/Bror</td></tr><tr><td><a href=\"CodeSystem-SNOMEDCT.html#SNOMEDCT-10896006\">10896006</a></td><td>Tvilling (monozygot)</td><td>Tvilling (monocygot)</td></tr><tr><td><a href=\"CodeSystem-SNOMEDCT.html#SNOMEDCT-713369009\">713369009</a></td><td>Anden levende familiedonor</td><td>Levende familiedonor</td></tr><tr><td><a href=\"CodeSystem-SNOMEDCT.html#SNOMEDCT-394863008\">394863008</a></td><td>Levende non-related donor</td><td>Non-family member</td></tr><tr><td><a href=\"CodeSystem-SNOMEDCT.html#SNOMEDCT-713183000\">713183000</a></td><td>Nekronyre</td><td>Afdød donor (Nekronyre)</td></tr><tr><td><a href=\"CodeSystem-SNOMEDCT.html#SNOMEDCT-105457003\">105457003</a></td><td>Afdød</td><td>Afdød donor</td></tr></table></li></ul></div>"
  },
  "url" : "https://kip.rkkp.dk/fhir/ValueSet/DonorRelationDNSL",
  "version" : "0.1.6",
  "name" : "DonorRelationDNSL",
  "title" : "Relationen til donor (DNSL)",
  "status" : "active",
  "experimental" : true,
  "date" : "2024-10-01T00:00:00+02:00",
  "publisher" : "Sundhedsvæsnets Kvalistetsinstitut with Trifork Digital Health A/S",
  "contact" : [{
    "name" : "Sundhedsvæsnets Kvalistetsinstitut with Trifork Digital Health A/S",
    "telecom" : [{
      "system" : "url",
      "value" : "https://trifork.com"
    },
    {
      "system" : "email",
      "value" : "rbk@trifork.com"
    }]
  }],
  "description" : "Familie relation til donor (DNSL)",
  "compose" : {
    "include" : [{
      "system" : "https://kip.rkkp.dk/fhir/CodeSystem/SNOMEDCT",
      "concept" : [{
        "code" : "40683002",
        "display" : "Forælder"
      },
      {
        "code" : "375005",
        "display" : "Søster/Bror"
      },
      {
        "code" : "10896006",
        "display" : "Tvilling (monozygot)"
      },
      {
        "code" : "713369009",
        "display" : "Anden levende familiedonor"
      },
      {
        "code" : "394863008",
        "display" : "Levende non-related donor"
      },
      {
        "code" : "713183000",
        "display" : "Nekronyre"
      },
      {
        "code" : "105457003",
        "display" : "Afdød"
      }]
    }]
  }
}