{
  "resourceType" : "ValueSet",
  "id" : "ClinicalProtocolCodes1",
  "text" : {
    "status" : "extensions",
    "div" : "<div xmlns=\"http://www.w3.org/1999/xhtml\"><p class=\"res-header-id\"><b>Generated Narrative: ValueSet ClinicalProtocolCodes1</b></p><a name=\"ClinicalProtocolCodes1\"> </a><a name=\"hcClinicalProtocolCodes1\"> </a><a name=\"ClinicalProtocolCodes1-en-US\"> </a><p>This value set includes codes based on the following rules:</p><ul><li>Include these codes as defined in <a href=\"CodeSystem-ClinicalProtocolCodes.html\"><code>https://kip.rkkp.dk/fhir/CodeSystem/ClinicalProtocolCodes</code></a><table class=\"none\"><tr><td style=\"white-space:nowrap\"><b>Code</b></td><td><b>Display</b></td><td><b>Definition</b></td></tr><tr><td><a href=\"CodeSystem-ClinicalProtocolCodes.html#ClinicalProtocolCodes-mrc_18\">mrc_18</a></td><td>MRC-18</td><td>MRC-18 protocol</td></tr></table></li><li>Include these codes as defined in <a href=\"CodeSystem-GenericValues.html\"><code>https://kip.rkkp.dk/fhir/CodeSystem/GenericValues</code></a><table class=\"none\"><tr><td style=\"white-space:nowrap\"><b>Code</b></td><td><b>Display</b></td><td><b>Definition</b></td></tr><tr><td><a href=\"CodeSystem-GenericValues.html#GenericValues-other\">other</a></td><td>Anden</td><td>Other - used to choose unspecific value not in a valueset</td></tr></table></li></ul></div>"
  },
  "url" : "https://kip.rkkp.dk/fhir/ValueSet/ClinicalProtocolCodes1",
  "version" : "0.1.6",
  "name" : "ClinicalProtocolCodes1",
  "title" : "Kliniske protokolleret koder 1",
  "status" : "active",
  "experimental" : true,
  "date" : "2024-04-10T00:00:00+02:00",
  "publisher" : "Sundhedsvæsnets Kvalistetsinstitut with Trifork Digital Health A/S",
  "contact" : [{
    "name" : "Sundhedsvæsnets Kvalistetsinstitut with Trifork Digital Health A/S",
    "telecom" : [{
      "system" : "url",
      "value" : "https://trifork.com"
    },
    {
      "system" : "email",
      "value" : "rbk@trifork.com"
    }]
  }],
  "description" : "Kode til en klinisk protokolleret undersøgelse",
  "compose" : {
    "include" : [{
      "system" : "https://kip.rkkp.dk/fhir/CodeSystem/ClinicalProtocolCodes",
      "concept" : [{
        "code" : "mrc_18",
        "display" : "MRC-18"
      }]
    },
    {
      "system" : "https://kip.rkkp.dk/fhir/CodeSystem/GenericValues",
      "concept" : [{
        "code" : "other",
        "display" : "Anden"
      }]
    }]
  }
}