{
  "resourceType" : "ValueSet",
  "id" : "Operationserfaring",
  "text" : {
    "status" : "extensions",
    "div" : "<div xmlns=\"http://www.w3.org/1999/xhtml\"><p class=\"res-header-id\"><b>Generated Narrative: ValueSet Operationserfaring</b></p><a name=\"Operationserfaring\"> </a><a name=\"hcOperationserfaring\"> </a><a name=\"Operationserfaring-en-US\"> </a><ul><li>Include these codes as defined in <a href=\"CodeSystem-Operationserfaring.html\"><code>https://kip.rkkp.dk/fhir/CodeSystem/Operationserfaring</code></a><table class=\"none\"><tr><td style=\"white-space:nowrap\"><b>Code</b></td><td><b>Display</b></td><td><b>Definition</b></td></tr><tr><td><a href=\"CodeSystem-Operationserfaring.html#Operationserfaring-le10\">le10</a></td><td>A (0-10)</td><td>0-10 operationer</td></tr><tr><td><a href=\"CodeSystem-Operationserfaring.html#Operationserfaring-11-25\">11-25</a></td><td>B (11-25)</td><td>11-25 operationer</td></tr><tr><td><a href=\"CodeSystem-Operationserfaring.html#Operationserfaring-26-50\">26-50</a></td><td>C (26-50)</td><td>26-50 operationer</td></tr><tr><td><a href=\"CodeSystem-Operationserfaring.html#Operationserfaring-51-75\">51-75</a></td><td>D (51-75)</td><td>51-75 operationer</td></tr><tr><td><a href=\"CodeSystem-Operationserfaring.html#Operationserfaring-76-100\">76-100</a></td><td>E (76-100)</td><td>76-100 operationer</td></tr><tr><td><a href=\"CodeSystem-Operationserfaring.html#Operationserfaring-gt100\">gt100</a></td><td>F (&gt;100)</td><td>Mere end 100 operationer</td></tr></table></li></ul></div>"
  },
  "url" : "https://kip.rkkp.dk/fhir/ValueSet/Operationserfaring",
  "version" : "0.1.6",
  "name" : "Operationserfaring",
  "title" : "Operationserfaring",
  "status" : "active",
  "experimental" : true,
  "date" : "2024-02-14T00:00:00+02:00",
  "publisher" : "Sundhedsvæsnets Kvalistetsinstitut with Trifork Digital Health A/S",
  "contact" : [{
    "name" : "Sundhedsvæsnets Kvalistetsinstitut with Trifork Digital Health A/S",
    "telecom" : [{
      "system" : "url",
      "value" : "https://trifork.com"
    },
    {
      "system" : "email",
      "value" : "rbk@trifork.com"
    }]
  }],
  "description" : "Operationserfaring for operatører og assistenter",
  "compose" : {
    "include" : [{
      "system" : "https://kip.rkkp.dk/fhir/CodeSystem/Operationserfaring",
      "concept" : [{
        "code" : "le10",
        "display" : "A (0-10)"
      },
      {
        "code" : "11-25",
        "display" : "B (11-25)"
      },
      {
        "code" : "26-50",
        "display" : "C (26-50)"
      },
      {
        "code" : "51-75",
        "display" : "D (51-75)"
      },
      {
        "code" : "76-100",
        "display" : "E (76-100)"
      },
      {
        "code" : "gt100",
        "display" : "F (>100)"
      }]
    }]
  }
}