{
  "resourceType" : "ValueSet",
  "id" : "TreatmentPreservation",
  "text" : {
    "status" : "extensions",
    "div" : "<div xmlns=\"http://www.w3.org/1999/xhtml\"><p class=\"res-header-id\"><b>Generated Narrative: ValueSet TreatmentPreservation</b></p><a name=\"TreatmentPreservation\"> </a><a name=\"hcTreatmentPreservation\"> </a><a name=\"TreatmentPreservation-en-US\"> </a><p>This value set includes codes based on the following rules:</p><ul><li>Include these codes as defined in <a href=\"CodeSystem-ATC.html\"><code>https://kip.rkkp.dk/fhir/CodeSystem/ATC</code></a><table class=\"none\"><tr><td style=\"white-space:nowrap\"><b>Code</b></td><td><b>Display</b></td><td><b>Definition</b></td></tr><tr><td><a href=\"CodeSystem-ATC.html#ATC-L04AX04\">L04AX04</a></td><td>Lenalidomid</td><td>L04AX04 - lenalidomide</td></tr><tr><td><a href=\"CodeSystem-ATC.html#ATC-L04AX06\">L04AX06</a></td><td>Pomalidomid</td><td>L04AX06 - pomalidomide</td></tr><tr><td><a href=\"CodeSystem-ATC.html#ATC-L04AX02\">L04AX02</a></td><td>Thalidomid</td><td>L04AX02 - thalidomide</td></tr><tr><td><a href=\"CodeSystem-ATC.html#ATC-L01XG01\">L01XG01</a></td><td>Bortezomib</td><td>L01XG01 - bortezomib</td></tr><tr><td><a href=\"CodeSystem-ATC.html#ATC-L01XG02\">L01XG02</a></td><td>Carfilzomib</td><td>L01XG02 - carfilzomib</td></tr><tr><td><a href=\"CodeSystem-ATC.html#ATC-H02\">H02</a></td><td>Steroid (mono)</td><td>H02 - CORTICOSTEROIDS FOR SYSTEMIC USE</td></tr></table></li><li>Include these codes as defined in <a href=\"CodeSystem-GenericValues.html\"><code>https://kip.rkkp.dk/fhir/CodeSystem/GenericValues</code></a><table class=\"none\"><tr><td style=\"white-space:nowrap\"><b>Code</b></td><td><b>Display</b></td><td><b>Definition</b></td></tr><tr><td><a href=\"CodeSystem-GenericValues.html#GenericValues-other\">other</a></td><td>Andet</td><td>Other - used to choose unspecific value not in a valueset</td></tr></table></li></ul></div>"
  },
  "url" : "https://kip.rkkp.dk/fhir/ValueSet/TreatmentPreservation",
  "version" : "0.1.6",
  "name" : "TreatmentPreservation",
  "title" : "Vedligeholdelsesbehandling",
  "status" : "active",
  "experimental" : true,
  "date" : "2022-12-07T00:00:00+02:00",
  "publisher" : "Sundhedsvæsnets Kvalistetsinstitut with Trifork Digital Health A/S",
  "contact" : [{
    "name" : "Sundhedsvæsnets Kvalistetsinstitut with Trifork Digital Health A/S",
    "telecom" : [{
      "system" : "url",
      "value" : "https://trifork.com"
    },
    {
      "system" : "email",
      "value" : "rbk@trifork.com"
    }]
  }],
  "description" : "Hvilken vedligeholdelsesbehandling er der påbegyndt",
  "compose" : {
    "include" : [{
      "system" : "https://kip.rkkp.dk/fhir/CodeSystem/ATC",
      "concept" : [{
        "code" : "L04AX04",
        "display" : "Lenalidomid"
      },
      {
        "code" : "L04AX06",
        "display" : "Pomalidomid"
      },
      {
        "code" : "L04AX02",
        "display" : "Thalidomid"
      },
      {
        "code" : "L01XG01",
        "display" : "Bortezomib"
      },
      {
        "code" : "L01XG02",
        "display" : "Carfilzomib"
      },
      {
        "code" : "H02",
        "display" : "Steroid (mono)"
      }]
    },
    {
      "system" : "https://kip.rkkp.dk/fhir/CodeSystem/GenericValues",
      "concept" : [{
        "code" : "other",
        "display" : "Andet"
      }]
    }]
  }
}