{
  "resourceType" : "ValueSet",
  "id" : "InterventionsgruppeTransplantDNSL",
  "text" : {
    "status" : "extensions",
    "div" : "<div xmlns=\"http://www.w3.org/1999/xhtml\"><p class=\"res-header-id\"><b>Generated Narrative: ValueSet InterventionsgruppeTransplantDNSL</b></p><a name=\"InterventionsgruppeTransplantDNSL\"> </a><a name=\"hcInterventionsgruppeTransplantDNSL\"> </a><a name=\"InterventionsgruppeTransplantDNSL-en-US\"> </a><ul><li>Include these codes as defined in <a href=\"CodeSystem-Interventionsgruppe.html\"><code>https://kip.rkkp.dk/fhir/CodeSystem/Interventionsgruppe</code></a><table class=\"none\"><tr><td style=\"white-space:nowrap\"><b>Code</b></td><td><b>Display</b></td><td><b>Definition</b></td></tr><tr><td><a href=\"CodeSystem-Interventionsgruppe.html#Interventionsgruppe-610\">610</a></td><td>Transplantation</td><td>Transplantation</td></tr><tr><td><a href=\"CodeSystem-Interventionsgruppe.html#Interventionsgruppe-620\">620</a></td><td>Nyrestart</td><td>Nyrestart</td></tr><tr><td><a href=\"CodeSystem-Interventionsgruppe.html#Interventionsgruppe-630\">630</a></td><td>Rejektion</td><td>Rejektion</td></tr><tr><td><a href=\"CodeSystem-Interventionsgruppe.html#Interventionsgruppe-650\">650</a></td><td>Grafttab</td><td>Grafttab</td></tr></table></li></ul></div>"
  },
  "url" : "https://kip.rkkp.dk/fhir/ValueSet/InterventionsgruppeTransplantDNSL",
  "version" : "0.1.6",
  "name" : "InterventionsgruppeTransplantDNSL",
  "title" : "Interventionsgruppe Transplantation (DNSL)",
  "status" : "active",
  "experimental" : true,
  "date" : "2024-01-10T00:00:00+02:00",
  "publisher" : "Sundhedsvæsnets Kvalistetsinstitut with Trifork Digital Health A/S",
  "contact" : [{
    "name" : "Sundhedsvæsnets Kvalistetsinstitut with Trifork Digital Health A/S",
    "telecom" : [{
      "system" : "url",
      "value" : "https://trifork.com"
    },
    {
      "system" : "email",
      "value" : "rbk@trifork.com"
    }]
  }],
  "description" : "Interventionsgruppe Transplantation (DNSL)",
  "compose" : {
    "include" : [{
      "system" : "https://kip.rkkp.dk/fhir/CodeSystem/Interventionsgruppe",
      "concept" : [{
        "code" : "610",
        "display" : "Transplantation"
      },
      {
        "code" : "620",
        "display" : "Nyrestart"
      },
      {
        "code" : "630",
        "display" : "Rejektion"
      },
      {
        "code" : "650",
        "display" : "Grafttab"
      }]
    }]
  }
}