{
  "resourceType" : "ValueSet",
  "id" : "SuspensionDUGA",
  "text" : {
    "status" : "extensions",
    "div" : "<div xmlns=\"http://www.w3.org/1999/xhtml\"><p class=\"res-header-id\"><b>Generated Narrative: ValueSet SuspensionDUGA</b></p><a name=\"SuspensionDUGA\"> </a><a name=\"hcSuspensionDUGA\"> </a><a name=\"SuspensionDUGA-en-US\"> </a><ul><li>Include these codes as defined in <a href=\"CodeSystem-ProcedureUrogyn.html\"><code>https://kip.rkkp.dk/fhir/CodeSystem/ProcedureUrogyn</code></a><table class=\"none\"><tr><td style=\"white-space:nowrap\"><b>Code</b></td><td><b>Display</b></td><td><b>Definition</b></td></tr><tr><td><a href=\"CodeSystem-ProcedureUrogyn.html#ProcedureUrogyn-KZLA01\">KZLA01</a></td><td>KZLA01: Suspension af vaginaltop a.m. McCall</td><td>Suspension af vaginaltop a.m. McCall</td></tr><tr><td><a href=\"CodeSystem-ProcedureUrogyn.html#ProcedureUrogyn-KZLA02\">KZLA02</a></td><td>KZLA02: Suspension af vaginaltop a.m. Bob Shull</td><td>Suspension af vaginaltop a.m. Bob Shull</td></tr></table></li></ul></div>"
  },
  "url" : "https://kip.rkkp.dk/fhir/ValueSet/SuspensionDUGA",
  "version" : "0.1.6",
  "name" : "SuspensionDUGA",
  "title" : "Suspension (DUGA)",
  "status" : "active",
  "experimental" : true,
  "date" : "2024-02-14T00:00:00+02:00",
  "publisher" : "Sundhedsvæsnets Kvalistetsinstitut with Trifork Digital Health A/S",
  "contact" : [{
    "name" : "Sundhedsvæsnets Kvalistetsinstitut with Trifork Digital Health A/S",
    "telecom" : [{
      "system" : "url",
      "value" : "https://trifork.com"
    },
    {
      "system" : "email",
      "value" : "rbk@trifork.com"
    }]
  }],
  "description" : "Procedurekode - Suspension (DUGA)",
  "compose" : {
    "include" : [{
      "system" : "https://kip.rkkp.dk/fhir/CodeSystem/ProcedureUrogyn",
      "concept" : [{
        "code" : "KZLA01",
        "display" : "KZLA01: Suspension af vaginaltop a.m. McCall"
      },
      {
        "code" : "KZLA02",
        "display" : "KZLA02: Suspension af vaginaltop a.m. Bob Shull"
      }]
    }]
  }
}