{
  "resourceType" : "ValueSet",
  "id" : "IndgrebComponentsSeparationTypeDHDB",
  "text" : {
    "status" : "extensions",
    "div" : "<div xmlns=\"http://www.w3.org/1999/xhtml\"><p class=\"res-header-id\"><b>Generated Narrative: ValueSet IndgrebComponentsSeparationTypeDHDB</b></p><a name=\"IndgrebComponentsSeparationTypeDHDB\"> </a><a name=\"hcIndgrebComponentsSeparationTypeDHDB\"> </a><a name=\"IndgrebComponentsSeparationTypeDHDB-en-US\"> </a><ul><li>Include these codes as defined in <a href=\"CodeSystem-ProcedureType.html\"><code>https://kip.rkkp.dk/fhir/CodeSystem/ProcedureType</code></a><table class=\"none\"><tr><td style=\"white-space:nowrap\"><b>Code</b></td><td><b>Display</b></td><td><b>Definition</b></td></tr><tr><td><a href=\"CodeSystem-ProcedureType.html#ProcedureType-externus_obliquus\">externus_obliquus</a></td><td>Externus Obliquus</td><td>Externus Obliquus</td></tr><tr><td><a href=\"CodeSystem-ProcedureType.html#ProcedureType-transversus_abdominis\">transversus_abdominis</a></td><td>Transversus Abdominis</td><td>Transversus Abdominis</td></tr></table></li></ul></div>"
  },
  "url" : "https://kip.rkkp.dk/fhir/ValueSet/IndgrebComponentsSeparationTypeDHDB",
  "version" : "0.1.6",
  "name" : "IndgrebComponentsSeparationTypeDHDB",
  "title" : "Indgreb - Components Separation, type (DHDB)",
  "status" : "active",
  "experimental" : true,
  "date" : "2022-07-20T00:00:00+02:00",
  "publisher" : "Sundhedsvæsnets Kvalistetsinstitut with Trifork Digital Health A/S",
  "contact" : [{
    "name" : "Sundhedsvæsnets Kvalistetsinstitut with Trifork Digital Health A/S",
    "telecom" : [{
      "system" : "url",
      "value" : "https://trifork.com"
    },
    {
      "system" : "email",
      "value" : "rbk@trifork.com"
    }]
  }],
  "description" : "Indgreb - Components Separation, type (DHDB)",
  "compose" : {
    "include" : [{
      "system" : "https://kip.rkkp.dk/fhir/CodeSystem/ProcedureType",
      "concept" : [{
        "code" : "externus_obliquus",
        "display" : "Externus Obliquus"
      },
      {
        "code" : "transversus_abdominis",
        "display" : "Transversus Abdominis"
      }]
    }]
  }
}