{
  "resourceType" : "ValueSet",
  "id" : "NIHSS10Dysartri",
  "text" : {
    "status" : "extensions",
    "div" : "<div xmlns=\"http://www.w3.org/1999/xhtml\"><p class=\"res-header-id\"><b>Generated Narrative: ValueSet NIHSS10Dysartri</b></p><a name=\"NIHSS10Dysartri\"> </a><a name=\"hcNIHSS10Dysartri\"> </a><a name=\"NIHSS10Dysartri-en-US\"> </a><ul><li>Include these codes as defined in <a href=\"CodeSystem-NIHSS10Dysarthria.html\"><code>https://kip.rkkp.dk/fhir/CodeSystem/NIHSS10Dysarthria</code></a><table class=\"none\"><tr><td style=\"white-space:nowrap\"><b>Code</b></td><td><b>Display</b></td><td><b>Definition</b></td></tr><tr><td><a href=\"CodeSystem-NIHSS10Dysarthria.html#NIHSS10Dysarthria-0\">0</a></td><td>0 = Normal artikulation</td><td>Normal.</td></tr><tr><td><a href=\"CodeSystem-NIHSS10Dysarthria.html#NIHSS10Dysarthria-1\">1</a></td><td>1 = Let til moderat dysartri</td><td>Mild-to-moderate dysarthria; patient slurs at least some words and, at worst, can be understood with some difficulty.</td></tr><tr><td><a href=\"CodeSystem-NIHSS10Dysarthria.html#NIHSS10Dysarthria-2\">2</a></td><td>2 = Uforståelig tale eller patienten er helt uden tale</td><td>Severe dysarthria; patient's speech is so slurred as to be unintelligible in the absence of or out of proportion to any dysphasia, or is mute/anarthric.</td></tr><tr><td><a href=\"CodeSystem-NIHSS10Dysarthria.html#NIHSS10Dysarthria-UN\">UN</a></td><td>3 = Patienten intuberet eller anden fysisk barriere for tale</td><td>Intubated or other physical barrier, explain:</td></tr></table></li></ul></div>"
  },
  "url" : "https://kip.rkkp.dk/fhir/ValueSet/NIHSS10Dysartri",
  "version" : "0.1.6",
  "name" : "NIHSS10Dysartri",
  "title" : "NIHSS - 10. Dysartri",
  "status" : "active",
  "experimental" : true,
  "date" : "2022-06-27T00:00:00+02:00",
  "publisher" : "Sundhedsvæsnets Kvalistetsinstitut with Trifork Digital Health A/S",
  "contact" : [{
    "name" : "Sundhedsvæsnets Kvalistetsinstitut with Trifork Digital Health A/S",
    "telecom" : [{
      "system" : "url",
      "value" : "https://trifork.com"
    },
    {
      "system" : "email",
      "value" : "rbk@trifork.com"
    }]
  }],
  "description" : "The National Institute of Health Stroke Scale (NIHSS) - 10. Dysartri (bed patienten læse forskellige ord)",
  "compose" : {
    "include" : [{
      "system" : "https://kip.rkkp.dk/fhir/CodeSystem/NIHSS10Dysarthria",
      "concept" : [{
        "code" : "0",
        "display" : "0 = Normal artikulation"
      },
      {
        "code" : "1",
        "display" : "1 = Let til moderat dysartri"
      },
      {
        "code" : "2",
        "display" : "2 = Uforståelig tale eller patienten er helt uden tale"
      },
      {
        "code" : "UN",
        "display" : "3 = Patienten intuberet eller anden fysisk barriere for tale"
      }]
    }]
  }
}