{
  "resourceType" : "ValueSet",
  "id" : "MorsDiagnoseKardialDNSL",
  "text" : {
    "status" : "generated",
    "div" : "<div xmlns=\"http://www.w3.org/1999/xhtml\"><p class=\"res-header-id\"><b>Generated Narrative: ValueSet MorsDiagnoseKardialDNSL</b></p><a name=\"MorsDiagnoseKardialDNSL\"> </a><a name=\"hcMorsDiagnoseKardialDNSL\"> </a><a name=\"MorsDiagnoseKardialDNSL-en-US\"> </a><ul><li>Include these codes as defined in <a href=\"CodeSystem-MorsDiagnosekoder.html\"><code>https://kip.rkkp.dk/fhir/CodeSystem/MorsDiagnosekoder</code></a><table class=\"none\"><tr><td style=\"white-space:nowrap\"><b>Code</b></td><td><b>Display</b></td></tr><tr><td><a href=\"CodeSystem-MorsDiagnosekoder.html#MorsDiagnosekoder-DE875\">DE875</a></td><td>DE875: Kaliumoverskud</td></tr><tr><td><a href=\"CodeSystem-MorsDiagnosekoder.html#MorsDiagnosekoder-DE876A\">DE876A</a></td><td>DE876A: Hypokaliæmi</td></tr><tr><td><a href=\"CodeSystem-MorsDiagnosekoder.html#MorsDiagnosekoder-DE877\">DE877</a></td><td>DE877: Væskeoverskud</td></tr><tr><td><a href=\"CodeSystem-MorsDiagnosekoder.html#MorsDiagnosekoder-DI110\">DI110</a></td><td>DI110: Incompensatio corids hypertensiva</td></tr><tr><td><a href=\"CodeSystem-MorsDiagnosekoder.html#MorsDiagnosekoder-DI219\">DI219</a></td><td>DI219: Akut myokardieinfarkt (AMI uden specifikation</td></tr><tr><td><a href=\"CodeSystem-MorsDiagnosekoder.html#MorsDiagnosekoder-DI461\">DI461</a></td><td>DI461: Pludselig hjertedød</td></tr><tr><td><a href=\"CodeSystem-MorsDiagnosekoder.html#MorsDiagnosekoder-DI509\">DI509</a></td><td>DI509: Hjerteinkompensation uden specifikation</td></tr><tr><td><a href=\"CodeSystem-MorsDiagnosekoder.html#MorsDiagnosekoder-DN188B\">DN188B</a></td><td>DN188B: Pericarditis, uræmisk</td></tr></table></li></ul></div>"
  },
  "url" : "https://kip.rkkp.dk/fhir/ValueSet/MorsDiagnoseKardialDNSL",
  "version" : "0.1.6",
  "name" : "MorsDiagnoseKardialDNSL",
  "title" : "Mors Diagnosekode - Kardial (DNSL)",
  "status" : "active",
  "experimental" : true,
  "date" : "2024-01-10T00:00:00+02:00",
  "publisher" : "Sundhedsvæsnets Kvalistetsinstitut with Trifork Digital Health A/S",
  "contact" : [{
    "name" : "Sundhedsvæsnets Kvalistetsinstitut with Trifork Digital Health A/S",
    "telecom" : [{
      "system" : "url",
      "value" : "https://trifork.com"
    },
    {
      "system" : "email",
      "value" : "rbk@trifork.com"
    }]
  }],
  "description" : "Mors Diagnosekode - Kardiale årsager (DNSL)",
  "compose" : {
    "include" : [{
      "system" : "https://kip.rkkp.dk/fhir/CodeSystem/MorsDiagnosekoder",
      "concept" : [{
        "code" : "DE875",
        "display" : "DE875: Kaliumoverskud"
      },
      {
        "code" : "DE876A",
        "display" : "DE876A: Hypokaliæmi"
      },
      {
        "code" : "DE877",
        "display" : "DE877: Væskeoverskud"
      },
      {
        "code" : "DI110",
        "display" : "DI110: Incompensatio corids hypertensiva"
      },
      {
        "code" : "DI219",
        "display" : "DI219: Akut myokardieinfarkt (AMI uden specifikation"
      },
      {
        "code" : "DI461",
        "display" : "DI461: Pludselig hjertedød"
      },
      {
        "code" : "DI509",
        "display" : "DI509: Hjerteinkompensation uden specifikation"
      },
      {
        "code" : "DN188B",
        "display" : "DN188B: Pericarditis, uræmisk"
      }]
    }]
  }
}