{
  "resourceType" : "ValueSet",
  "id" : "FunktionTestADLDANDEM",
  "text" : {
    "status" : "extensions",
    "div" : "<div xmlns=\"http://www.w3.org/1999/xhtml\"><p class=\"res-header-id\"><b>Generated Narrative: ValueSet FunktionTestADLDANDEM</b></p><a name=\"FunktionTestADLDANDEM\"> </a><a name=\"hcFunktionTestADLDANDEM\"> </a><a name=\"FunktionTestADLDANDEM-en-US\"> </a><ul><li>Include these codes as defined in <a href=\"CodeSystem-FunctionTest.html\"><code>https://kip.rkkp.dk/fhir/CodeSystem/FunctionTest</code></a><table class=\"none\"><tr><td style=\"white-space:nowrap\"><b>Code</b></td><td><b>Display</b></td><td><b>Definition</b></td></tr><tr><td><a href=\"CodeSystem-FunctionTest.html#FunctionTest-faq_iadl\">faq_iadl</a></td><td>FAQ (IADL)</td><td>FAQ (IADL)</td></tr><tr><td><a href=\"CodeSystem-FunctionTest.html#FunctionTest-dad\">dad</a></td><td>DAD</td><td>DAD</td></tr><tr><td><a href=\"CodeSystem-FunctionTest.html#FunctionTest-adcs_adl\">adcs_adl</a></td><td>ADCS-ADL</td><td>ADCS-ADL</td></tr></table></li></ul></div>"
  },
  "url" : "https://kip.rkkp.dk/fhir/ValueSet/FunktionTestADLDANDEM",
  "version" : "0.1.6",
  "name" : "FunktionTestADLDANDEM",
  "title" : "Funktion test ADL (DANDEM)",
  "status" : "active",
  "experimental" : true,
  "date" : "2022-07-19T00:00:00+02:00",
  "publisher" : "Sundhedsvæsnets Kvalistetsinstitut with Trifork Digital Health A/S",
  "contact" : [{
    "name" : "Sundhedsvæsnets Kvalistetsinstitut with Trifork Digital Health A/S",
    "telecom" : [{
      "system" : "url",
      "value" : "https://trifork.com"
    },
    {
      "system" : "email",
      "value" : "rbk@trifork.com"
    }]
  }],
  "description" : "Funktion test ADL (DANDEM)",
  "compose" : {
    "include" : [{
      "system" : "https://kip.rkkp.dk/fhir/CodeSystem/FunctionTest",
      "concept" : [{
        "code" : "faq_iadl",
        "display" : "FAQ (IADL)"
      },
      {
        "code" : "dad",
        "display" : "DAD"
      },
      {
        "code" : "adcs_adl",
        "display" : "ADCS-ADL"
      }]
    }]
  }
}