{
  "resourceType" : "ValueSet",
  "id" : "Genoplivning",
  "text" : {
    "status" : "extensions",
    "div" : "<div xmlns=\"http://www.w3.org/1999/xhtml\"><p class=\"res-header-id\"><b>Generated Narrative: ValueSet Genoplivning</b></p><a name=\"Genoplivning\"> </a><a name=\"hcGenoplivning\"> </a><a name=\"Genoplivning-en-US\"> </a><ul><li>Include these codes as defined in <a href=\"CodeSystem-Genoplivning.html\"><code>https://kip.rkkp.dk/fhir/CodeSystem/Genoplivning</code></a><table class=\"none\"><tr><td style=\"white-space:nowrap\"><b>Code</b></td><td><b>Display</b></td><td><b>Definition</b></td></tr><tr><td><a href=\"CodeSystem-Genoplivning.html#Genoplivning-hjmass_vent\">hjmass_vent</a></td><td>Hjertemassage og ventilation</td><td>Hjertemassage og ventilation</td></tr><tr><td><a href=\"CodeSystem-Genoplivning.html#Genoplivning-hjertemass\">hjertemass</a></td><td>Hjertemassage</td><td>Hjertemassage alene</td></tr><tr><td><a href=\"CodeSystem-Genoplivning.html#Genoplivning-ventilation\">ventilation</a></td><td>Ventilation</td><td>Ventilation alene</td></tr><tr><td><a href=\"CodeSystem-Genoplivning.html#Genoplivning-ingen\">ingen</a></td><td>Ingen</td><td>Ingen</td></tr></table></li></ul></div>"
  },
  "url" : "https://kip.rkkp.dk/fhir/ValueSet/Genoplivning",
  "version" : "0.1.6",
  "name" : "Genoplivning",
  "title" : "Genoplivning",
  "status" : "active",
  "experimental" : true,
  "date" : "2022-06-29T00:00:00+02:00",
  "publisher" : "Sundhedsvæsnets Kvalistetsinstitut with Trifork Digital Health A/S",
  "contact" : [{
    "name" : "Sundhedsvæsnets Kvalistetsinstitut with Trifork Digital Health A/S",
    "telecom" : [{
      "system" : "url",
      "value" : "https://trifork.com"
    },
    {
      "system" : "email",
      "value" : "rbk@trifork.com"
    }]
  }],
  "description" : "Aktivitet ifm genoplivning",
  "compose" : {
    "include" : [{
      "system" : "https://kip.rkkp.dk/fhir/CodeSystem/Genoplivning",
      "concept" : [{
        "code" : "hjmass_vent",
        "display" : "Hjertemassage og ventilation"
      },
      {
        "code" : "hjertemass",
        "display" : "Hjertemassage"
      },
      {
        "code" : "ventilation",
        "display" : "Ventilation"
      },
      {
        "code" : "ingen",
        "display" : "Ingen"
      }]
    }]
  }
}