{
  "resourceType" : "ValueSet",
  "id" : "BanffClassifikation",
  "text" : {
    "status" : "extensions",
    "div" : "<div xmlns=\"http://www.w3.org/1999/xhtml\"><p class=\"res-header-id\"><b>Generated Narrative: ValueSet BanffClassifikation</b></p><a name=\"BanffClassifikation\"> </a><a name=\"hcBanffClassifikation\"> </a><a name=\"BanffClassifikation-en-US\"> </a><ul><li>Include these codes as defined in <a href=\"CodeSystem-BANFF.html\"><code>https://kip.rkkp.dk/fhir/CodeSystem/BANFF</code></a><table class=\"none\"><tr><td style=\"white-space:nowrap\"><b>Code</b></td><td><b>Display</b></td><td><b>Definition</b></td></tr><tr><td><a href=\"CodeSystem-BANFF.html#BANFF-Borderline\">Borderline</a></td><td>Borderline</td><td>Borderline</td></tr><tr><td><a href=\"CodeSystem-BANFF.html#BANFF-1A\">1A</a></td><td>1A</td><td>1A</td></tr><tr><td><a href=\"CodeSystem-BANFF.html#BANFF-1B\">1B</a></td><td>1B</td><td>1B</td></tr><tr><td><a href=\"CodeSystem-BANFF.html#BANFF-2A\">2A</a></td><td>2A</td><td>2A</td></tr><tr><td><a href=\"CodeSystem-BANFF.html#BANFF-2B\">2B</a></td><td>2B</td><td>2B</td></tr><tr><td><a href=\"CodeSystem-BANFF.html#BANFF-3\">3</a></td><td>3</td><td>3</td></tr><tr><td><a href=\"CodeSystem-BANFF.html#BANFF-InsufBiopsi\">InsufBiopsi</a></td><td>Insufficient biopsi</td><td>Insufficient biopsi</td></tr><tr><td><a href=\"CodeSystem-BANFF.html#BANFF-AntistofMedi\">AntistofMedi</a></td><td>Antistof-medieret</td><td>Antistof-medieret</td></tr></table></li></ul></div>"
  },
  "url" : "https://kip.rkkp.dk/fhir/ValueSet/BanffClassifikation",
  "version" : "0.1.6",
  "name" : "BanffClassifikation",
  "title" : "Banff Classifikation",
  "status" : "active",
  "experimental" : true,
  "date" : "2024-10-01T00:00:00+02:00",
  "publisher" : "Sundhedsvæsnets Kvalistetsinstitut with Trifork Digital Health A/S",
  "contact" : [{
    "name" : "Sundhedsvæsnets Kvalistetsinstitut with Trifork Digital Health A/S",
    "telecom" : [{
      "system" : "url",
      "value" : "https://trifork.com"
    },
    {
      "system" : "email",
      "value" : "rbk@trifork.com"
    }]
  }],
  "description" : "Banff Classifikation(DNSL)",
  "compose" : {
    "include" : [{
      "system" : "https://kip.rkkp.dk/fhir/CodeSystem/BANFF",
      "concept" : [{
        "code" : "Borderline",
        "display" : "Borderline"
      },
      {
        "code" : "1A",
        "display" : "1A"
      },
      {
        "code" : "1B",
        "display" : "1B"
      },
      {
        "code" : "2A",
        "display" : "2A"
      },
      {
        "code" : "2B",
        "display" : "2B"
      },
      {
        "code" : "3",
        "display" : "3"
      },
      {
        "code" : "InsufBiopsi",
        "display" : "Insufficient biopsi"
      },
      {
        "code" : "AntistofMedi",
        "display" : "Antistof-medieret"
      }]
    }]
  }
}