{
  "resourceType" : "ValueSet",
  "id" : "RevisionDHR",
  "text" : {
    "status" : "extensions",
    "div" : "<div xmlns=\"http://www.w3.org/1999/xhtml\"><p class=\"res-header-id\"><b>Generated Narrative: ValueSet RevisionDHR</b></p><a name=\"RevisionDHR\"> </a><a name=\"hcRevisionDHR\"> </a><a name=\"RevisionDHR-en-US\"> </a><ul><li>Include these codes as defined in <a href=\"CodeSystem-GenericValues.html\"><code>https://kip.rkkp.dk/fhir/CodeSystem/GenericValues</code></a><table class=\"none\"><tr><td style=\"white-space:nowrap\"><b>Code</b></td><td><b>Display</b></td><td><b>Definition</b></td></tr><tr><td><a href=\"CodeSystem-GenericValues.html#GenericValues-total_replacement\">total_replacement</a></td><td>Alternativ 1: Total udskiftning</td><td>Total replacement / Total udskiftning</td></tr><tr><td><a href=\"CodeSystem-GenericValues.html#GenericValues-partial_replacement\">partial_replacement</a></td><td>Alternativ 2: Delvis udskiftning</td><td>Partial replacement / Delvis udskiftning</td></tr><tr><td><a href=\"CodeSystem-GenericValues.html#GenericValues-removed\">removed</a></td><td>Alternativ 3: Protesefjernelse</td><td>Removed / Fjernet</td></tr><tr><td><a href=\"CodeSystem-GenericValues.html#GenericValues-inserted\">inserted</a></td><td>Alternativ 4: Proteseindsættelse efter Girdlestone eller cementspacer</td><td>Inserted / Indsat</td></tr></table></li></ul></div>"
  },
  "url" : "https://kip.rkkp.dk/fhir/ValueSet/RevisionDHR",
  "version" : "0.1.6",
  "name" : "RevisionDHR",
  "title" : "Revision (DHR)",
  "status" : "active",
  "experimental" : true,
  "date" : "2022-11-08T00:00:00+02:00",
  "publisher" : "Sundhedsvæsnets Kvalistetsinstitut with Trifork Digital Health A/S",
  "contact" : [{
    "name" : "Sundhedsvæsnets Kvalistetsinstitut with Trifork Digital Health A/S",
    "telecom" : [{
      "system" : "url",
      "value" : "https://trifork.com"
    },
    {
      "system" : "email",
      "value" : "rbk@trifork.com"
    }]
  }],
  "description" : "Revision (DHR)",
  "compose" : {
    "include" : [{
      "system" : "https://kip.rkkp.dk/fhir/CodeSystem/GenericValues",
      "concept" : [{
        "code" : "total_replacement",
        "display" : "Alternativ 1: Total udskiftning"
      },
      {
        "code" : "partial_replacement",
        "display" : "Alternativ 2: Delvis udskiftning"
      },
      {
        "code" : "removed",
        "display" : "Alternativ 3: Protesefjernelse"
      },
      {
        "code" : "inserted",
        "display" : "Alternativ 4: Proteseindsættelse efter Girdlestone eller cementspacer"
      }]
    }]
  }
}