{
  "resourceType" : "ValueSet",
  "id" : "EORTC24DPD",
  "text" : {
    "status" : "extensions",
    "div" : "<div xmlns=\"http://www.w3.org/1999/xhtml\"><p class=\"res-header-id\"><b>Generated Narrative: ValueSet EORTC24DPD</b></p><a name=\"EORTC24DPD\"> </a><a name=\"hcEORTC24DPD\"> </a><a name=\"EORTC24DPD-en-US\"> </a><ul><li>Include these codes as defined in <a href=\"CodeSystem-EORTCQLQC1514.html\"><code>https://kip.rkkp.dk/fhir/CodeSystem/EORTCQLQC1514</code></a><table class=\"none\"><tr><td style=\"white-space:nowrap\"><b>Code</b></td><td><b>Display</b></td><td><b>Definition</b></td></tr><tr><td><a href=\"CodeSystem-EORTCQLQC1514.html#EORTCQLQC1514-grade_2\">grade_2</a></td><td>2. Lidt</td><td>2. Lidt</td></tr><tr><td><a href=\"CodeSystem-EORTCQLQC1514.html#EORTCQLQC1514-grade_3\">grade_3</a></td><td>3. En del</td><td>3. En del</td></tr><tr><td><a href=\"CodeSystem-EORTCQLQC1514.html#EORTCQLQC1514-grade_4\">grade_4</a></td><td>4. Meget</td><td>4. Meget</td></tr></table></li></ul></div>"
  },
  "url" : "https://kip.rkkp.dk/fhir/ValueSet/EORTC24DPD",
  "version" : "0.1.6",
  "name" : "EORTC24DPD",
  "title" : "EORTC Grad 2-4 (DPD)",
  "status" : "active",
  "experimental" : true,
  "date" : "2022-10-24T00:00:00+02:00",
  "publisher" : "Sundhedsvæsnets Kvalistetsinstitut with Trifork Digital Health A/S",
  "contact" : [{
    "name" : "Sundhedsvæsnets Kvalistetsinstitut with Trifork Digital Health A/S",
    "telecom" : [{
      "system" : "url",
      "value" : "https://trifork.com"
    },
    {
      "system" : "email",
      "value" : "rbk@trifork.com"
    }]
  }],
  "description" : "EORTC Grad 2-4 - Helbredsvurdering (DPD)",
  "compose" : {
    "include" : [{
      "system" : "https://kip.rkkp.dk/fhir/CodeSystem/EORTCQLQC1514",
      "concept" : [{
        "code" : "grade_2",
        "display" : "2. Lidt"
      },
      {
        "code" : "grade_3",
        "display" : "3. En del"
      },
      {
        "code" : "grade_4",
        "display" : "4. Meget"
      }]
    }]
  }
}