{
  "resourceType" : "ValueSet",
  "id" : "FiksationCementeretUcementeretAndet",
  "text" : {
    "status" : "extensions",
    "div" : "<div xmlns=\"http://www.w3.org/1999/xhtml\"><p class=\"res-header-id\"><b>Generated Narrative: ValueSet FiksationCementeretUcementeretAndet</b></p><a name=\"FiksationCementeretUcementeretAndet\"> </a><a name=\"hcFiksationCementeretUcementeretAndet\"> </a><a name=\"FiksationCementeretUcementeretAndet-en-US\"> </a><p>This value set includes codes based on the following rules:</p><ul><li>Include these codes as defined in <a href=\"CodeSystem-ImplantComponents.html\"><code>https://kip.rkkp.dk/fhir/CodeSystem/ImplantComponents</code></a><table class=\"none\"><tr><td style=\"white-space:nowrap\"><b>Code</b></td><td><b>Display</b></td><td><b>Definition</b></td></tr><tr><td><a href=\"CodeSystem-ImplantComponents.html#ImplantComponents-cemented\">cemented</a></td><td>Cementeret</td><td>Cemented / Cementeret</td></tr><tr><td><a href=\"CodeSystem-ImplantComponents.html#ImplantComponents-uncemented\">uncemented</a></td><td>Ucementeret</td><td>Uncemented / Ucementeret</td></tr></table></li><li>Include these codes as defined in <a href=\"CodeSystem-GenericValues.html\"><code>https://kip.rkkp.dk/fhir/CodeSystem/GenericValues</code></a><table class=\"none\"><tr><td style=\"white-space:nowrap\"><b>Code</b></td><td><b>Display</b></td><td><b>Definition</b></td></tr><tr><td><a href=\"CodeSystem-GenericValues.html#GenericValues-other\">other</a></td><td>Andet</td><td>Other - used to choose unspecific value not in a valueset</td></tr></table></li></ul></div>"
  },
  "url" : "https://kip.rkkp.dk/fhir/ValueSet/FiksationCementeretUcementeretAndet",
  "version" : "0.1.6",
  "name" : "FiksationCementeretUcementeretAndet",
  "title" : "Fiksation - cementeret/ucementeret/andet",
  "status" : "active",
  "experimental" : true,
  "date" : "2022-10-13T00:00:00+02:00",
  "publisher" : "Sundhedsvæsnets Kvalistetsinstitut with Trifork Digital Health A/S",
  "contact" : [{
    "name" : "Sundhedsvæsnets Kvalistetsinstitut with Trifork Digital Health A/S",
    "telecom" : [{
      "system" : "url",
      "value" : "https://trifork.com"
    },
    {
      "system" : "email",
      "value" : "rbk@trifork.com"
    }]
  }],
  "description" : "Fiksation - cementeret/ucementeret/andet",
  "compose" : {
    "include" : [{
      "system" : "https://kip.rkkp.dk/fhir/CodeSystem/ImplantComponents",
      "concept" : [{
        "code" : "cemented",
        "display" : "Cementeret"
      },
      {
        "code" : "uncemented",
        "display" : "Ucementeret"
      }]
    },
    {
      "system" : "https://kip.rkkp.dk/fhir/CodeSystem/GenericValues",
      "concept" : [{
        "code" : "other",
        "display" : "Andet"
      }]
    }]
  }
}