{
  "resourceType" : "ValueSet",
  "id" : "CytogeneticRisk",
  "text" : {
    "status" : "extensions",
    "div" : "<div xmlns=\"http://www.w3.org/1999/xhtml\"><p class=\"res-header-id\"><b>Generated Narrative: ValueSet CytogeneticRisk</b></p><a name=\"CytogeneticRisk\"> </a><a name=\"hcCytogeneticRisk\"> </a><a name=\"CytogeneticRisk-en-US\"> </a><ul><li>Include these codes as defined in <a href=\"CodeSystem-GenericValues.html\"><code>https://kip.rkkp.dk/fhir/CodeSystem/GenericValues</code></a><table class=\"none\"><tr><td style=\"white-space:nowrap\"><b>Code</b></td><td><b>Display</b></td><td><b>Definition</b></td></tr><tr><td><a href=\"CodeSystem-GenericValues.html#GenericValues-high\">high</a></td><td>Good risk (Y-, del5q, del20q, normal)</td><td>High (risk, etc.)</td></tr><tr><td><a href=\"CodeSystem-GenericValues.html#GenericValues-normal\">normal</a></td><td>Intermediær risk (alle øvrige)</td><td>Normal</td></tr><tr><td><a href=\"CodeSystem-GenericValues.html#GenericValues-low\">low</a></td><td>Poor risk (&gt; 3 kromosomforandringer, kromosom 7 aberrationer)</td><td>Low (risk, etc.)</td></tr><tr><td><a href=\"CodeSystem-GenericValues.html#GenericValues-not_performed\">not_performed</a></td><td>Ej udført</td><td>Not performed - used to indicate, if a procedure or test has not been performed</td></tr></table></li></ul></div>"
  },
  "url" : "https://kip.rkkp.dk/fhir/ValueSet/CytogeneticRisk",
  "version" : "0.1.6",
  "name" : "CytogeneticRisk",
  "title" : "Cytogenetiske risici",
  "status" : "active",
  "experimental" : true,
  "date" : "2022-07-12T00:00:00+02:00",
  "publisher" : "Sundhedsvæsnets Kvalistetsinstitut with Trifork Digital Health A/S",
  "contact" : [{
    "name" : "Sundhedsvæsnets Kvalistetsinstitut with Trifork Digital Health A/S",
    "telecom" : [{
      "system" : "url",
      "value" : "https://trifork.com"
    },
    {
      "system" : "email",
      "value" : "rbk@trifork.com"
    }]
  }],
  "description" : "Cytogenetiske fund / risiko vudering",
  "compose" : {
    "include" : [{
      "system" : "https://kip.rkkp.dk/fhir/CodeSystem/GenericValues",
      "concept" : [{
        "code" : "high",
        "display" : "Good risk (Y-, del5q, del20q, normal)"
      },
      {
        "code" : "normal",
        "display" : "Intermediær risk (alle øvrige)"
      },
      {
        "code" : "low",
        "display" : "Poor risk (> 3 kromosomforandringer, kromosom 7 aberrationer)"
      },
      {
        "code" : "not_performed",
        "display" : "Ej udført"
      }]
    }]
  }
}