{
  "resourceType" : "ValueSet",
  "id" : "ATCAntibiotikaprofylakseVarighedDKR",
  "text" : {
    "status" : "extensions",
    "div" : "<div xmlns=\"http://www.w3.org/1999/xhtml\"><p class=\"res-header-id\"><b>Generated Narrative: ValueSet ATCAntibiotikaprofylakseVarighedDKR</b></p><a name=\"ATCAntibiotikaprofylakseVarighedDKR\"> </a><a name=\"hcATCAntibiotikaprofylakseVarighedDKR\"> </a><a name=\"ATCAntibiotikaprofylakseVarighedDKR-en-US\"> </a><ul><li>Include these codes as defined in <a href=\"CodeSystem-Intervals.html\"><code>https://kip.rkkp.dk/fhir/CodeSystem/Intervals</code></a><table class=\"none\"><tr><td style=\"white-space:nowrap\"><b>Code</b></td><td><b>Display</b></td><td><b>Definition</b></td></tr><tr><td><a href=\"CodeSystem-Intervals.html#Intervals-.61.601\">=&lt;1</a></td><td>1 døgn</td><td>=&lt;1</td></tr><tr><td><a href=\"CodeSystem-Intervals.html#Intervals-.621\">&gt;1</a></td><td>Mere end 1 døgn</td><td>&gt;1</td></tr></table></li></ul></div>"
  },
  "url" : "https://kip.rkkp.dk/fhir/ValueSet/ATCAntibiotikaprofylakseVarighedDKR",
  "version" : "0.1.6",
  "name" : "ATCAntibiotikaprofylakseVarighedDKR",
  "title" : "ATC - Antibiotikaprofylakse, varighed (DKR)",
  "status" : "active",
  "experimental" : true,
  "date" : "2022-10-14T00:00:00+02:00",
  "publisher" : "Sundhedsvæsnets Kvalistetsinstitut with Trifork Digital Health A/S",
  "contact" : [{
    "name" : "Sundhedsvæsnets Kvalistetsinstitut with Trifork Digital Health A/S",
    "telecom" : [{
      "system" : "url",
      "value" : "https://trifork.com"
    },
    {
      "system" : "email",
      "value" : "rbk@trifork.com"
    }]
  }],
  "description" : "ATC - Antibiotikaprofylakse, varighed (DKR)",
  "compose" : {
    "include" : [{
      "system" : "https://kip.rkkp.dk/fhir/CodeSystem/Intervals",
      "concept" : [{
        "code" : "=<1",
        "display" : "1 døgn"
      },
      {
        "code" : ">1",
        "display" : "Mere end 1 døgn"
      }]
    }]
  }
}