{
  "resourceType" : "ValueSet",
  "id" : "POPQAaApDUGA",
  "text" : {
    "status" : "extensions",
    "div" : "<div xmlns=\"http://www.w3.org/1999/xhtml\"><p class=\"res-header-id\"><b>Generated Narrative: ValueSet POPQAaApDUGA</b></p><a name=\"POPQAaApDUGA\"> </a><a name=\"hcPOPQAaApDUGA\"> </a><a name=\"POPQAaApDUGA-en-US\"> </a><ul><li>Include these codes as defined in <a href=\"CodeSystem-IntervalsExact.html\"><code>https://kip.rkkp.dk/fhir/CodeSystem/IntervalsExact</code></a><table class=\"none\"><tr><td style=\"white-space:nowrap\"><b>Code</b></td><td><b>Display</b></td><td><b>Definition</b></td></tr><tr><td><a href=\"CodeSystem-IntervalsExact.html#IntervalsExact-m3\">m3</a></td><td>-3</td><td>-3,0</td></tr><tr><td><a href=\"CodeSystem-IntervalsExact.html#IntervalsExact-m2-5\">m2-5</a></td><td>-2,5</td><td>-2,5</td></tr><tr><td><a href=\"CodeSystem-IntervalsExact.html#IntervalsExact-m2\">m2</a></td><td>-2</td><td>-2,0</td></tr><tr><td><a href=\"CodeSystem-IntervalsExact.html#IntervalsExact-m1-5\">m1-5</a></td><td>-1,5</td><td>-1,5</td></tr><tr><td><a href=\"CodeSystem-IntervalsExact.html#IntervalsExact-m1\">m1</a></td><td>-1</td><td>-1,0</td></tr><tr><td><a href=\"CodeSystem-IntervalsExact.html#IntervalsExact-m0-5\">m0-5</a></td><td>-0,5</td><td>-0,5</td></tr><tr><td><a href=\"CodeSystem-IntervalsExact.html#IntervalsExact-0\">0</a></td><td>0</td><td>0,0</td></tr><tr><td><a href=\"CodeSystem-IntervalsExact.html#IntervalsExact-0-5\">0-5</a></td><td>0,5</td><td>0,5</td></tr><tr><td><a href=\"CodeSystem-IntervalsExact.html#IntervalsExact-1\">1</a></td><td>1</td><td>1,0</td></tr><tr><td><a href=\"CodeSystem-IntervalsExact.html#IntervalsExact-1-5\">1-5</a></td><td>1,5</td><td>1,5</td></tr><tr><td><a href=\"CodeSystem-IntervalsExact.html#IntervalsExact-2\">2</a></td><td>2</td><td>2,0</td></tr><tr><td><a href=\"CodeSystem-IntervalsExact.html#IntervalsExact-2-5\">2-5</a></td><td>2,5</td><td>2,5</td></tr><tr><td><a href=\"CodeSystem-IntervalsExact.html#IntervalsExact-3\">3</a></td><td>3</td><td>3,0</td></tr></table></li></ul></div>"
  },
  "url" : "https://kip.rkkp.dk/fhir/ValueSet/POPQAaApDUGA",
  "version" : "0.1.6",
  "name" : "POPQAaApDUGA",
  "title" : "POP-Q undersøgelse Aa+Ap (DUGA)",
  "status" : "active",
  "experimental" : true,
  "date" : "2024-02-13T00:00:00+02:00",
  "publisher" : "Sundhedsvæsnets Kvalistetsinstitut with Trifork Digital Health A/S",
  "contact" : [{
    "name" : "Sundhedsvæsnets Kvalistetsinstitut with Trifork Digital Health A/S",
    "telecom" : [{
      "system" : "url",
      "value" : "https://trifork.com"
    },
    {
      "system" : "email",
      "value" : "rbk@trifork.com"
    }]
  }],
  "description" : "Nedsynkning - POP-Q undersøgelse Aa+Ap (DUGA)",
  "compose" : {
    "include" : [{
      "system" : "https://kip.rkkp.dk/fhir/CodeSystem/IntervalsExact",
      "concept" : [{
        "code" : "m3",
        "display" : "-3"
      },
      {
        "code" : "m2-5",
        "display" : "-2,5"
      },
      {
        "code" : "m2",
        "display" : "-2"
      },
      {
        "code" : "m1-5",
        "display" : "-1,5"
      },
      {
        "code" : "m1",
        "display" : "-1"
      },
      {
        "code" : "m0-5",
        "display" : "-0,5"
      },
      {
        "code" : "0",
        "display" : "0"
      },
      {
        "code" : "0-5",
        "display" : "0,5"
      },
      {
        "code" : "1",
        "display" : "1"
      },
      {
        "code" : "1-5",
        "display" : "1,5"
      },
      {
        "code" : "2",
        "display" : "2"
      },
      {
        "code" : "2-5",
        "display" : "2,5"
      },
      {
        "code" : "3",
        "display" : "3"
      }]
    }]
  }
}