{
  "resourceType" : "ValueSet",
  "id" : "RKlassifikation",
  "text" : {
    "status" : "extensions",
    "div" : "<div xmlns=\"http://www.w3.org/1999/xhtml\"><p class=\"res-header-id\"><b>Generated Narrative: ValueSet RKlassifikation</b></p><a name=\"RKlassifikation\"> </a><a name=\"hcRKlassifikation\"> </a><a name=\"RKlassifikation-en-US\"> </a><ul><li>Include these codes as defined in <a href=\"CodeSystem-ResidualTumorClassification.html\"><code>https://kip.rkkp.dk/fhir/CodeSystem/ResidualTumorClassification</code></a><table class=\"none\"><tr><td style=\"white-space:nowrap\"><b>Code</b></td><td><b>Display</b></td><td><b>Definition</b></td></tr><tr><td><a href=\"CodeSystem-ResidualTumorClassification.html#ResidualTumorClassification-r0\">r0</a></td><td>R0 - Ingen resttumor</td><td>R0 No residual tumor.</td></tr><tr><td><a href=\"CodeSystem-ResidualTumorClassification.html#ResidualTumorClassification-r1\">r1</a></td><td>R1 - Mikroskopisk resttumor</td><td>R1 Microscopic residual tumor.</td></tr><tr><td><a href=\"CodeSystem-ResidualTumorClassification.html#ResidualTumorClassification-r2\">r2</a></td><td>R2 - Makroskopisk resttumor</td><td>R2 Macroscopic residual tumor.</td></tr></table></li></ul></div>"
  },
  "url" : "https://kip.rkkp.dk/fhir/ValueSet/RKlassifikation",
  "version" : "0.1.6",
  "name" : "RKlassifikation",
  "title" : "R-klassifikation",
  "status" : "active",
  "experimental" : true,
  "date" : "2022-06-08T00:00:00+02:00",
  "publisher" : "Sundhedsvæsnets Kvalistetsinstitut with Trifork Digital Health A/S",
  "contact" : [{
    "name" : "Sundhedsvæsnets Kvalistetsinstitut with Trifork Digital Health A/S",
    "telecom" : [{
      "system" : "url",
      "value" : "https://trifork.com"
    },
    {
      "system" : "email",
      "value" : "rbk@trifork.com"
    }]
  }],
  "description" : "R-klassifikation (Residual tumor)",
  "compose" : {
    "include" : [{
      "system" : "https://kip.rkkp.dk/fhir/CodeSystem/ResidualTumorClassification",
      "concept" : [{
        "code" : "r0",
        "display" : "R0 - Ingen resttumor"
      },
      {
        "code" : "r1",
        "display" : "R1 - Mikroskopisk resttumor"
      },
      {
        "code" : "r2",
        "display" : "R2 - Makroskopisk resttumor"
      }]
    }]
  }
}