{
  "resourceType" : "ValueSet",
  "id" : "TransplantationCageAugmentDHR",
  "text" : {
    "status" : "extensions",
    "div" : "<div xmlns=\"http://www.w3.org/1999/xhtml\"><p class=\"res-header-id\"><b>Generated Narrative: ValueSet TransplantationCageAugmentDHR</b></p><a name=\"TransplantationCageAugmentDHR\"> </a><a name=\"hcTransplantationCageAugmentDHR\"> </a><a name=\"TransplantationCageAugmentDHR-en-US\"> </a><ul><li>Include these codes as defined in <a href=\"CodeSystem-ProcedureType.html\"><code>https://kip.rkkp.dk/fhir/CodeSystem/ProcedureType</code></a><table class=\"none\"><tr><td style=\"white-space:nowrap\"><b>Code</b></td><td><b>Display</b></td><td><b>Definition</b></td></tr><tr><td><a href=\"CodeSystem-ProcedureType.html#ProcedureType-transplant\">transplant</a></td><td>Knogletransplantation</td><td>Transplant / Transplantation</td></tr><tr><td><a href=\"CodeSystem-ProcedureType.html#ProcedureType-cage\">cage</a></td><td>Anvendelse af cage</td><td>Cage</td></tr><tr><td><a href=\"CodeSystem-ProcedureType.html#ProcedureType-augments\">augments</a></td><td>Anvendelse af augments</td><td>Augments</td></tr></table></li></ul></div>"
  },
  "url" : "https://kip.rkkp.dk/fhir/ValueSet/TransplantationCageAugmentDHR",
  "version" : "0.1.6",
  "name" : "TransplantationCageAugmentDHR",
  "title" : "Transplantation - Transplant/Cage/Augment (DHR)",
  "status" : "active",
  "experimental" : true,
  "date" : "2022-11-07T00:00:00+02:00",
  "publisher" : "Sundhedsvæsnets Kvalistetsinstitut with Trifork Digital Health A/S",
  "contact" : [{
    "name" : "Sundhedsvæsnets Kvalistetsinstitut with Trifork Digital Health A/S",
    "telecom" : [{
      "system" : "url",
      "value" : "https://trifork.com"
    },
    {
      "system" : "email",
      "value" : "rbk@trifork.com"
    }]
  }],
  "description" : "Transplantation - Transplantation/Cage/Augment (DHR)",
  "compose" : {
    "include" : [{
      "system" : "https://kip.rkkp.dk/fhir/CodeSystem/ProcedureType",
      "concept" : [{
        "code" : "transplant",
        "display" : "Knogletransplantation"
      },
      {
        "code" : "cage",
        "display" : "Anvendelse af cage"
      },
      {
        "code" : "augments",
        "display" : "Anvendelse af augments"
      }]
    }]
  }
}