{
  "resourceType" : "ValueSet",
  "id" : "BrusklaesionBehandlingDKRR",
  "text" : {
    "status" : "extensions",
    "div" : "<div xmlns=\"http://www.w3.org/1999/xhtml\"><p class=\"res-header-id\"><b>Generated Narrative: ValueSet BrusklaesionBehandlingDKRR</b></p><a name=\"BrusklaesionBehandlingDKRR\"> </a><a name=\"hcBrusklaesionBehandlingDKRR\"> </a><a name=\"BrusklaesionBehandlingDKRR-en-US\"> </a><p>This value set includes codes based on the following rules:</p><ul><li>Include these codes as defined in <a href=\"CodeSystem-TreatmentLesion.html\"><code>https://kip.rkkp.dk/fhir/CodeSystem/TreatmentLesion</code></a><table class=\"none\"><tr><td style=\"white-space:nowrap\"><b>Code</b></td><td><b>Display</b></td><td><b>Definition</b></td></tr><tr><td><a href=\"CodeSystem-TreatmentLesion.html#TreatmentLesion-debridement\">debridement</a></td><td>Debridement</td><td>Debridement</td></tr><tr><td><a href=\"CodeSystem-TreatmentLesion.html#TreatmentLesion-microfracture\">microfracture</a></td><td>Mikrofraktur</td><td>Microfracture / Mikrofraktur</td></tr><tr><td><a href=\"CodeSystem-TreatmentLesion.html#TreatmentLesion-mosaic_plastic\">mosaic_plastic</a></td><td>Mosaikplastik</td><td>Mosaic plastic / Mosaikplastik</td></tr><tr><td><a href=\"CodeSystem-TreatmentLesion.html#TreatmentLesion-synthetic_scaffold\">synthetic_scaffold</a></td><td>Syntetisk scaffold</td><td>Synthetic scaffold / Syntetisk scaffold</td></tr><tr><td><a href=\"CodeSystem-TreatmentLesion.html#TreatmentLesion-cell_transplantation\">cell_transplantation</a></td><td>Celletransplantation</td><td>Cell transplantation / Celletransplantation</td></tr></table></li><li>Include these codes as defined in <a href=\"CodeSystem-GenericValues.html\"><code>https://kip.rkkp.dk/fhir/CodeSystem/GenericValues</code></a><table class=\"none\"><tr><td style=\"white-space:nowrap\"><b>Code</b></td><td><b>Display</b></td><td><b>Definition</b></td></tr><tr><td><a href=\"CodeSystem-GenericValues.html#GenericValues-other\">other</a></td><td>Andet</td><td>Other - used to choose unspecific value not in a valueset</td></tr></table></li></ul></div>"
  },
  "url" : "https://kip.rkkp.dk/fhir/ValueSet/BrusklaesionBehandlingDKRR",
  "version" : "0.1.6",
  "name" : "BrusklaesionBehandlingDKRR",
  "title" : "Brusklæsion, behandling (DKRR)",
  "status" : "active",
  "experimental" : true,
  "date" : "2022-09-19T00:00:00+02:00",
  "publisher" : "Sundhedsvæsnets Kvalistetsinstitut with Trifork Digital Health A/S",
  "contact" : [{
    "name" : "Sundhedsvæsnets Kvalistetsinstitut with Trifork Digital Health A/S",
    "telecom" : [{
      "system" : "url",
      "value" : "https://trifork.com"
    },
    {
      "system" : "email",
      "value" : "rbk@trifork.com"
    }]
  }],
  "description" : "Brusklæsion, behandling (DKRR)",
  "compose" : {
    "include" : [{
      "system" : "https://kip.rkkp.dk/fhir/CodeSystem/TreatmentLesion",
      "concept" : [{
        "code" : "debridement",
        "display" : "Debridement"
      },
      {
        "code" : "microfracture",
        "display" : "Mikrofraktur"
      },
      {
        "code" : "mosaic_plastic",
        "display" : "Mosaikplastik"
      },
      {
        "code" : "synthetic_scaffold",
        "display" : "Syntetisk scaffold"
      },
      {
        "code" : "cell_transplantation",
        "display" : "Celletransplantation"
      }]
    },
    {
      "system" : "https://kip.rkkp.dk/fhir/CodeSystem/GenericValues",
      "concept" : [{
        "code" : "other",
        "display" : "Andet"
      }]
    }]
  }
}