{
  "resourceType" : "ValueSet",
  "id" : "OpkodeGenitalProlapsDUGA",
  "text" : {
    "status" : "extensions",
    "div" : "<div xmlns=\"http://www.w3.org/1999/xhtml\"><p class=\"res-header-id\"><b>Generated Narrative: ValueSet OpkodeGenitalProlapsDUGA</b></p><a name=\"OpkodeGenitalProlapsDUGA\"> </a><a name=\"hcOpkodeGenitalProlapsDUGA\"> </a><a name=\"OpkodeGenitalProlapsDUGA-en-US\"> </a><ul><li>Include these codes as defined in <a href=\"CodeSystem-ProcedureUrogyn.html\"><code>https://kip.rkkp.dk/fhir/CodeSystem/ProcedureUrogyn</code></a><table class=\"none\"><tr><td style=\"white-space:nowrap\"><b>Code</b></td><td><b>Display</b></td><td><b>Definition</b></td></tr><tr><td><a href=\"CodeSystem-ProcedureUrogyn.html#ProcedureUrogyn-KLEF00\">KLEF00</a></td><td>KLEF00: Forreste kolporafi</td><td>Forreste kolporafi</td></tr><tr><td><a href=\"CodeSystem-ProcedureUrogyn.html#ProcedureUrogyn-KLEF00A\">KLEF00A</a></td><td>KLEF00A: Forreste kolporafi med meche</td><td>Forreste kolporafi med meche</td></tr><tr><td><a href=\"CodeSystem-ProcedureUrogyn.html#ProcedureUrogyn-KLEF03\">KLEF03</a></td><td>KLEF03: Bageste kolporafi</td><td>Bageste kolporafi</td></tr><tr><td><a href=\"CodeSystem-ProcedureUrogyn.html#ProcedureUrogyn-KLEF03A\">KLEF03A</a></td><td>KLEF03A: Bageste kolporafi med meche</td><td>Bageste kolporafi med meche</td></tr><tr><td><a href=\"CodeSystem-ProcedureUrogyn.html#ProcedureUrogyn-KLEF20\">KLEF20</a></td><td>KLEF20: Partiel kolpokleise</td><td>Partiel kolpokleise</td></tr><tr><td><a href=\"CodeSystem-ProcedureUrogyn.html#ProcedureUrogyn-KLEF40\">KLEF40</a></td><td>KLEF40: Vaginal operation for enterocele</td><td>Vaginal operation for enterocele</td></tr><tr><td><a href=\"CodeSystem-ProcedureUrogyn.html#ProcedureUrogyn-KLEF40A\">KLEF40A</a></td><td>KLEF40A: Vaginal operation for enterocele med meche</td><td>Vaginal operation for enterocele med meche</td></tr><tr><td><a href=\"CodeSystem-ProcedureUrogyn.html#ProcedureUrogyn-KLEF43\">KLEF43</a></td><td>KLEF43: Abdominal operation for enterocele</td><td>Abdominal operation for enterocele</td></tr><tr><td><a href=\"CodeSystem-ProcedureUrogyn.html#ProcedureUrogyn-KLEF43A\">KLEF43A</a></td><td>KLEF43A: Abdominal operation for enterocele med meche</td><td>Abdominal operation for enterocele med meche</td></tr><tr><td><a href=\"CodeSystem-ProcedureUrogyn.html#ProcedureUrogyn-KLEF50\">KLEF50</a></td><td>KLEF50: Abdominal apikal kolpopeksi efter tidligere hysterektomi</td><td>Abdominal apikal kolpopeksi efter tidligere hysterektomi</td></tr><tr><td><a href=\"CodeSystem-ProcedureUrogyn.html#ProcedureUrogyn-KLEF50A\">KLEF50A</a></td><td>KLEF50A: Abdominal apikal kolpopeksi eft. tidl. hysterektomi m. meche</td><td>Abdominal apikal kolpopeksi eft. tidl. hysterektomi m. meche</td></tr><tr><td><a href=\"CodeSystem-ProcedureUrogyn.html#ProcedureUrogyn-KLEF51\">KLEF51</a></td><td>KLEF51: Laparoskopisk apikal kolpopeksi efter tidligere hysterektomi</td><td>Laparoskopisk apikal kolpopeksi efter tidligere hysterektomi</td></tr><tr><td><a href=\"CodeSystem-ProcedureUrogyn.html#ProcedureUrogyn-KLEF51A\">KLEF51A</a></td><td>KLEF51A: Laparoskop. apikal kolpopeksi eft.tidl. hysterektomi m. meche</td><td>Laparoskop. apikal kolpopeksi eft.tidl. hysterektomi m. meche</td></tr><tr><td><a href=\"CodeSystem-ProcedureUrogyn.html#ProcedureUrogyn-KLEF53\">KLEF53</a></td><td>KLEF53: Vaginal apikal kolpopeksi efter tidligere hysterektomi</td><td>Vaginal apikal kolpopeksi efter tidligere hysterektomi</td></tr><tr><td><a href=\"CodeSystem-ProcedureUrogyn.html#ProcedureUrogyn-KLEF53A\">KLEF53A</a></td><td>KLEF53A: Vaginal apikal kolpopeksi efter tidl. hysterektomi med meche</td><td>Vaginal apikal kolpopeksi efter tidl. hysterektomi med meche</td></tr><tr><td><a href=\"CodeSystem-ProcedureUrogyn.html#ProcedureUrogyn-KLEF53B\">KLEF53B</a></td><td>KLEF53B: Vaginal apikal kolpopeksi til det sakrospinøse ligament</td><td>Vaginal apikal kolpopeksi til det sakrospinøse ligament</td></tr><tr><td><a href=\"CodeSystem-ProcedureUrogyn.html#ProcedureUrogyn-KLEF60\">KLEF60</a></td><td>KLEF60: Vaginal lateral kolpopeksi</td><td>Vaginal lateral kolpopeksi</td></tr><tr><td><a href=\"CodeSystem-ProcedureUrogyn.html#ProcedureUrogyn-KLEF63\">KLEF63</a></td><td>KLEF63: Abdominal lateral kolpopeksi</td><td>Abdominal lateral kolpopeksi</td></tr><tr><td><a href=\"CodeSystem-ProcedureUrogyn.html#ProcedureUrogyn-KLCG20\">KLCG20</a></td><td>KLCG20: Hysteropeksi</td><td>Hysteropeksi</td></tr><tr><td><a href=\"CodeSystem-ProcedureUrogyn.html#ProcedureUrogyn-KLCG21\">KLCG21</a></td><td>KLCG21: Laparoskopisk hysteropeksi</td><td>Laparoskopisk hysteropeksi</td></tr><tr><td><a href=\"CodeSystem-ProcedureUrogyn.html#ProcedureUrogyn-KLCG21A\">KLCG21A</a></td><td>KLCG21A: Laparoskopisk hysteropeksi med mesh</td><td>Laparoskopisk hysteropeksi med mesh</td></tr><tr><td><a href=\"CodeSystem-ProcedureUrogyn.html#ProcedureUrogyn-KLCD10\">KLCD10</a></td><td>KLCD10: Vaginal hysterektomi</td><td>Vaginal hysterektomi</td></tr><tr><td><a href=\"CodeSystem-ProcedureUrogyn.html#ProcedureUrogyn-KLDC10\">KLDC10</a></td><td>KLDC10: Resektion af livmoderhals</td><td>Resektion af livmoderhals</td></tr><tr><td><a href=\"CodeSystem-ProcedureUrogyn.html#ProcedureUrogyn-KLED00\">KLED00</a></td><td>KLED00: Kolpektomi</td><td>Kolpektomi</td></tr><tr><td><a href=\"CodeSystem-ProcedureUrogyn.html#ProcedureUrogyn-KLEE00\">KLEE00</a></td><td>KLEE00: Sutur af vagina</td><td>Sutur af vagina</td></tr><tr><td><a href=\"CodeSystem-ProcedureUrogyn.html#ProcedureUrogyn-KLFE00\">KLFE00</a></td><td>KLFE00: Sutur af vulva</td><td>Sutur af vulva</td></tr><tr><td><a href=\"CodeSystem-ProcedureUrogyn.html#ProcedureUrogyn-KLFE96\">KLFE96</a></td><td>KLFE96: Anden rekonstruktion på vulva eller perineum</td><td>Anden rekonstruktion på vulva eller perineum</td></tr><tr><td><a href=\"CodeSystem-ProcedureUrogyn.html#ProcedureUrogyn-KJHC10\">KJHC10</a></td><td>KJHC10: Rekonstruktion af sphincter ani</td><td>Rekonstruktion af sphincter ani</td></tr><tr><td><a href=\"CodeSystem-ProcedureUrogyn.html#ProcedureUrogyn-KUKC02\">KUKC02</a></td><td>KUKC02: Cystoskopi</td><td>Cystoskopi</td></tr><tr><td><a href=\"CodeSystem-ProcedureUrogyn.html#ProcedureUrogyn-KZXF84A\">KZXF84A</a></td><td>KZXF84A: Ikke resorberbar sutur</td><td>Ikke resorberbar sutur</td></tr><tr><td><a href=\"CodeSystem-ProcedureUrogyn.html#ProcedureUrogyn-KZXF84B\">KZXF84B</a></td><td>KZXF84B: Korttidsresorberbar sutur (&lt; 3 uger)</td><td>Korttidsresorberbar sutur (&lt; 3 uger)</td></tr><tr><td><a href=\"CodeSystem-ProcedureUrogyn.html#ProcedureUrogyn-KZXF84C\">KZXF84C</a></td><td>KZXF84C: Forsinket resorberbar sutur</td><td>Forsinket resorberbar sutur</td></tr><tr><td><a href=\"CodeSystem-ProcedureUrogyn.html#ProcedureUrogyn-KZXX00\">KZXX00</a></td><td>KZXX00: Anvendelse af robot</td><td>Anvendelse af robot</td></tr></table></li></ul></div>"
  },
  "url" : "https://kip.rkkp.dk/fhir/ValueSet/OpkodeGenitalProlapsDUGA",
  "version" : "0.1.6",
  "name" : "OpkodeGenitalProlapsDUGA",
  "title" : "Operationskode - Genital prolaps (DUGA)",
  "status" : "active",
  "experimental" : true,
  "date" : "2024-02-14T00:00:00+02:00",
  "publisher" : "Sundhedsvæsnets Kvalistetsinstitut with Trifork Digital Health A/S",
  "contact" : [{
    "name" : "Sundhedsvæsnets Kvalistetsinstitut with Trifork Digital Health A/S",
    "telecom" : [{
      "system" : "url",
      "value" : "https://trifork.com"
    },
    {
      "system" : "email",
      "value" : "rbk@trifork.com"
    }]
  }],
  "description" : "Operationskode - Genital prolaps (DUGA)",
  "compose" : {
    "include" : [{
      "system" : "https://kip.rkkp.dk/fhir/CodeSystem/ProcedureUrogyn",
      "concept" : [{
        "code" : "KLEF00",
        "display" : "KLEF00: Forreste kolporafi"
      },
      {
        "code" : "KLEF00A",
        "display" : "KLEF00A: Forreste kolporafi med meche"
      },
      {
        "code" : "KLEF03",
        "display" : "KLEF03: Bageste kolporafi"
      },
      {
        "code" : "KLEF03A",
        "display" : "KLEF03A: Bageste kolporafi med meche"
      },
      {
        "code" : "KLEF20",
        "display" : "KLEF20: Partiel kolpokleise"
      },
      {
        "code" : "KLEF40",
        "display" : "KLEF40: Vaginal operation for enterocele"
      },
      {
        "code" : "KLEF40A",
        "display" : "KLEF40A: Vaginal operation for enterocele med meche"
      },
      {
        "code" : "KLEF43",
        "display" : "KLEF43: Abdominal operation for enterocele"
      },
      {
        "code" : "KLEF43A",
        "display" : "KLEF43A: Abdominal operation for enterocele med meche"
      },
      {
        "code" : "KLEF50",
        "display" : "KLEF50: Abdominal apikal kolpopeksi efter tidligere hysterektomi"
      },
      {
        "code" : "KLEF50A",
        "display" : "KLEF50A: Abdominal apikal kolpopeksi eft. tidl. hysterektomi m. meche"
      },
      {
        "code" : "KLEF51",
        "display" : "KLEF51: Laparoskopisk apikal kolpopeksi efter tidligere hysterektomi"
      },
      {
        "code" : "KLEF51A",
        "display" : "KLEF51A: Laparoskop. apikal kolpopeksi eft.tidl. hysterektomi m. meche"
      },
      {
        "code" : "KLEF53",
        "display" : "KLEF53: Vaginal apikal kolpopeksi efter tidligere hysterektomi"
      },
      {
        "code" : "KLEF53A",
        "display" : "KLEF53A: Vaginal apikal kolpopeksi efter tidl. hysterektomi med meche"
      },
      {
        "code" : "KLEF53B",
        "display" : "KLEF53B: Vaginal apikal kolpopeksi til det sakrospinøse ligament"
      },
      {
        "code" : "KLEF60",
        "display" : "KLEF60: Vaginal lateral kolpopeksi"
      },
      {
        "code" : "KLEF63",
        "display" : "KLEF63: Abdominal lateral kolpopeksi"
      },
      {
        "code" : "KLCG20",
        "display" : "KLCG20: Hysteropeksi"
      },
      {
        "code" : "KLCG21",
        "display" : "KLCG21: Laparoskopisk hysteropeksi"
      },
      {
        "code" : "KLCG21A",
        "display" : "KLCG21A: Laparoskopisk hysteropeksi med mesh"
      },
      {
        "code" : "KLCD10",
        "display" : "KLCD10: Vaginal hysterektomi"
      },
      {
        "code" : "KLDC10",
        "display" : "KLDC10: Resektion af livmoderhals"
      },
      {
        "code" : "KLED00",
        "display" : "KLED00: Kolpektomi"
      },
      {
        "code" : "KLEE00",
        "display" : "KLEE00: Sutur af vagina"
      },
      {
        "code" : "KLFE00",
        "display" : "KLFE00: Sutur af vulva"
      },
      {
        "code" : "KLFE96",
        "display" : "KLFE96: Anden rekonstruktion på vulva eller perineum"
      },
      {
        "code" : "KJHC10",
        "display" : "KJHC10: Rekonstruktion af sphincter ani"
      },
      {
        "code" : "KUKC02",
        "display" : "KUKC02: Cystoskopi"
      },
      {
        "code" : "KZXF84A",
        "display" : "KZXF84A: Ikke resorberbar sutur"
      },
      {
        "code" : "KZXF84B",
        "display" : "KZXF84B: Korttidsresorberbar sutur (< 3 uger)"
      },
      {
        "code" : "KZXF84C",
        "display" : "KZXF84C: Forsinket resorberbar sutur"
      },
      {
        "code" : "KZXX00",
        "display" : "KZXX00: Anvendelse af robot"
      }]
    }]
  }
}