{
  "resourceType" : "ValueSet",
  "id" : "KomplikationerPeroperativeDKR",
  "text" : {
    "status" : "extensions",
    "div" : "<div xmlns=\"http://www.w3.org/1999/xhtml\"><p class=\"res-header-id\"><b>Generated Narrative: ValueSet KomplikationerPeroperativeDKR</b></p><a name=\"KomplikationerPeroperativeDKR\"> </a><a name=\"hcKomplikationerPeroperativeDKR\"> </a><a name=\"KomplikationerPeroperativeDKR-en-US\"> </a><p>This value set includes codes based on the following rules:</p><ul><li>Include these codes as defined in <a href=\"CodeSystem-BasicDisorder.html\"><code>https://kip.rkkp.dk/fhir/CodeSystem/BasicDisorder</code></a><table class=\"none\"><tr><td style=\"white-space:nowrap\"><b>Code</b></td><td><b>Display</b></td><td><b>Definition</b></td></tr><tr><td><a href=\"CodeSystem-BasicDisorder.html#BasicDisorder-fracture_patella\">fracture_patella</a></td><td>Patellafraktur</td><td>Følger efter patellafraktur</td></tr><tr><td><a href=\"CodeSystem-BasicDisorder.html#BasicDisorder-fracture_tibia\">fracture_tibia</a></td><td>Tibiafraktur</td><td>Tibiafraktur</td></tr><tr><td><a href=\"CodeSystem-BasicDisorder.html#BasicDisorder-fracture_femur\">fracture_femur</a></td><td>Femurfraktur</td><td>Femurfraktur</td></tr></table></li><li>Include these codes as defined in <a href=\"CodeSystem-Complications.html\"><code>https://kip.rkkp.dk/fhir/CodeSystem/Complications</code></a><table class=\"none\"><tr><td style=\"white-space:nowrap\"><b>Code</b></td><td><b>Display</b></td><td><b>Definition</b></td></tr><tr><td><a href=\"CodeSystem-Complications.html#Complications-rupture_patella_ligament\">rupture_patella_ligament</a></td><td>Ruptur af patellasene</td><td>Rupture of patella ligament / Ruptur af patellasene</td></tr></table></li><li>Include these codes as defined in <a href=\"CodeSystem-GenericValues.html\"><code>https://kip.rkkp.dk/fhir/CodeSystem/GenericValues</code></a><table class=\"none\"><tr><td style=\"white-space:nowrap\"><b>Code</b></td><td><b>Display</b></td><td><b>Definition</b></td></tr><tr><td><a href=\"CodeSystem-GenericValues.html#GenericValues-other\">other</a></td><td>Andet</td><td>Other - used to choose unspecific value not in a valueset</td></tr></table></li></ul></div>"
  },
  "url" : "https://kip.rkkp.dk/fhir/ValueSet/KomplikationerPeroperativeDKR",
  "version" : "0.1.6",
  "name" : "KomplikationerPeroperativeDKR",
  "title" : "Komplikationer, peroperative (DKR)",
  "status" : "active",
  "experimental" : true,
  "date" : "2022-10-14T00:00:00+02:00",
  "publisher" : "Sundhedsvæsnets Kvalistetsinstitut with Trifork Digital Health A/S",
  "contact" : [{
    "name" : "Sundhedsvæsnets Kvalistetsinstitut with Trifork Digital Health A/S",
    "telecom" : [{
      "system" : "url",
      "value" : "https://trifork.com"
    },
    {
      "system" : "email",
      "value" : "rbk@trifork.com"
    }]
  }],
  "description" : "Komplikationer, peroperative (DKR)",
  "compose" : {
    "include" : [{
      "system" : "https://kip.rkkp.dk/fhir/CodeSystem/BasicDisorder",
      "concept" : [{
        "code" : "fracture_patella",
        "display" : "Patellafraktur"
      },
      {
        "code" : "fracture_tibia",
        "display" : "Tibiafraktur"
      },
      {
        "code" : "fracture_femur",
        "display" : "Femurfraktur"
      }]
    },
    {
      "system" : "https://kip.rkkp.dk/fhir/CodeSystem/Complications",
      "concept" : [{
        "code" : "rupture_patella_ligament",
        "display" : "Ruptur af patellasene"
      }]
    },
    {
      "system" : "https://kip.rkkp.dk/fhir/CodeSystem/GenericValues",
      "concept" : [{
        "code" : "other",
        "display" : "Andet"
      }]
    }]
  }
}