{
  "resourceType" : "ValueSet",
  "id" : "ProcedureUdfoertDCCG",
  "text" : {
    "status" : "extensions",
    "div" : "<div xmlns=\"http://www.w3.org/1999/xhtml\"><p class=\"res-header-id\"><b>Generated Narrative: ValueSet ProcedureUdfoertDCCG</b></p><a name=\"ProcedureUdfoertDCCG\"> </a><a name=\"hcProcedureUdfoertDCCG\"> </a><a name=\"ProcedureUdfoertDCCG-en-US\"> </a><p>This value set includes codes based on the following rules:</p><ul><li>Include these codes as defined in <a href=\"CodeSystem-SKS.html\"><code>https://kip.rkkp.dk/fhir/CodeSystem/SKS</code></a><table class=\"none\"><tr><td style=\"white-space:nowrap\"><b>Code</b></td><td><b>Display</b></td><td><b>Definition</b></td></tr><tr><td><a href=\"CodeSystem-SKS.html#SKS-KJFB20\">KJFB20</a></td><td>Ileocækal resektion - KJFB20</td><td>KJFB20 - Ileocækal resektion</td></tr><tr><td><a href=\"CodeSystem-SKS.html#SKS-KJFB30\">KJFB30</a></td><td>Højresidig hemikolektomi - KJFB30</td><td>KJFB30 - Højresidig hemikolektomi</td></tr><tr><td><a href=\"CodeSystem-SKS.html#SKS-KJFB30A\">KJFB30A</a></td><td>Udvidet højresidig hemikolektomi - KJFB30A</td><td>KJFB30A - Udvidet højresidig hemikolektomi</td></tr><tr><td><a href=\"CodeSystem-SKS.html#SKS-KJFB34\">KJFB34</a></td><td>Anden laparoskopisk samtidig resektion af tyndtarm og tyktarm - KJFB34</td><td>KJFB34 - Anden laparoskopisk samtidig resektion af tyndtarm og tyktarm</td></tr><tr><td><a href=\"CodeSystem-SKS.html#SKS-KJFB40\">KJFB40</a></td><td>Resektion af colon transversum - KJFB40</td><td>KJFB40 - Resektion af colon transversum</td></tr><tr><td><a href=\"CodeSystem-SKS.html#SKS-KJFB43\">KJFB43</a></td><td>Venstresidig hemikolektomi - KJFB43</td><td>KJFB43 - Venstresidig hemikolektomi</td></tr><tr><td><a href=\"CodeSystem-SKS.html#SKS-KJFB46\">KJFB46</a></td><td>Resektion af colon sigmoideum - KJFB46</td><td>KJFB46 - Resektion af colon sigmoideum</td></tr><tr><td><a href=\"CodeSystem-SKS.html#SKS-KJFB50\">KJFB50</a></td><td>Anden colonresektion - KJFB50</td><td>KJFB50 - Anden colonresektion</td></tr><tr><td><a href=\"CodeSystem-SKS.html#SKS-KJFB53\">KJFB53</a></td><td>Resektion af venstre fleksur - KJFB53</td><td>KJFB53 - Resektion af venstre fleksur</td></tr><tr><td><a href=\"CodeSystem-SKS.html#SKS-KJFB60\">KJFB60</a></td><td>Resektion af colon sigmoideum med kolostomi - KJFB60</td><td>KJFB60 - Resektion af colon sigmoideum med kolostomi</td></tr><tr><td><a href=\"CodeSystem-SKS.html#SKS-KJFB63\">KJFB63</a></td><td>Anden tyktarmsresektion med kolostomi og distal lukning - KJFB63</td><td>KJFB63 - Anden tyktarmsresektion med kolostomi og distal lukning</td></tr><tr><td><a href=\"CodeSystem-SKS.html#SKS-KJFH00\">KJFH00</a></td><td>Kolektomi og ileorektostomi - KJFH00</td><td>KJFH00 - Kolektomi og ileorektostomi</td></tr><tr><td><a href=\"CodeSystem-SKS.html#SKS-KJFH10\">KJFH10</a></td><td>Kolektomi og ileostomi - KJFH10</td><td>KJFH10 - Kolektomi og ileostomi</td></tr><tr><td><a href=\"CodeSystem-SKS.html#SKS-KJFH20\">KJFH20</a></td><td>Proktokolektomi og ileostomi - KJFH20</td><td>KJFH20 - Proktokolektomi og ileostomi</td></tr><tr><td><a href=\"CodeSystem-SKS.html#SKS-KJGB00\">KJGB00</a></td><td>Resektion af endetarm - KJGB00</td><td>KJGB00 - Resektion af endetarm</td></tr><tr><td><a href=\"CodeSystem-SKS.html#SKS-KJGB10\">KJGB10</a></td><td>Resektion af endetarm med kolostomi - KJGB10</td><td>KJGB10 - Resektion af endetarm med kolostomi</td></tr><tr><td><a href=\"CodeSystem-SKS.html#SKS-KJGB32\">KJGB32</a></td><td>Abdominal og intersphincterisk excision af endetarm - KJGB32</td><td>KJGB32 - Abdominal og intersphincterisk excision af endetarm</td></tr><tr><td><a href=\"CodeSystem-SKS.html#SKS-KJGB35\">KJGB35</a></td><td>Abdominal og ischioanal excision af endetarm - KJGB35</td><td>KJGB35 - Abdominal og ischioanal excision af endetarm</td></tr><tr><td><a href=\"CodeSystem-SKS.html#SKS-KJGB36\">KJGB36</a></td><td>Abdominal og ekstralevatorisk excision af endetarm - KJGB36</td><td>KJGB36 - Abdominal og ekstralevatorisk excision af endetarm</td></tr></table></li><li>Include these codes as defined in <a href=\"CodeSystem-ProcedureType.html\"><code>https://kip.rkkp.dk/fhir/CodeSystem/ProcedureType</code></a><table class=\"none\"><tr><td style=\"white-space:nowrap\"><b>Code</b></td><td><b>Display</b></td><td><b>Definition</b></td></tr><tr><td><a href=\"CodeSystem-ProcedureType.html#ProcedureType-ape_conventional\">ape_conventional</a></td><td>APE, konventionel</td><td>APE, konventionel</td></tr><tr><td><a href=\"CodeSystem-ProcedureType.html#ProcedureType-proctocolectomy_pouch\">proctocolectomy_pouch</a></td><td>Proktokolektomi med ileoanal pouch</td><td>Proktokolektomi med ileoanal pouch</td></tr><tr><td><a href=\"CodeSystem-ProcedureType.html#ProcedureType-stoma_shunt\">stoma_shunt</a></td><td>Kun aflastende stomi eller intern shunt</td><td>Kun aflastende stomi eller intern shunt</td></tr><tr><td><a href=\"CodeSystem-ProcedureType.html#ProcedureType-exploratory_intervention\">exploratory_intervention</a></td><td>Kun eksplorativt indgreb</td><td>Kun eksplorativt indgreb</td></tr><tr><td><a href=\"CodeSystem-ProcedureType.html#ProcedureType-tem\">tem</a></td><td>TEM</td><td>TEM</td></tr><tr><td><a href=\"CodeSystem-ProcedureType.html#ProcedureType-local_resection\">local_resection</a></td><td>Andre lokalresektioner inkl. polypfjernelse/EMR</td><td>Local ressection / Lokalresektion</td></tr><tr><td><a href=\"CodeSystem-ProcedureType.html#ProcedureType-stent_rectum\">stent_rectum</a></td><td>Stentanlæggelse i rektum</td><td>Stentanlæggelse i rektum</td></tr><tr><td><a href=\"CodeSystem-ProcedureType.html#ProcedureType-stent_colon\">stent_colon</a></td><td>Stentanlæggelse i colon</td><td>Stentanlæggelse i colon</td></tr><tr><td><a href=\"CodeSystem-ProcedureType.html#ProcedureType-cels\">cels</a></td><td>Kombineret endoskopisk og laparoskopisk procedure (CELS)</td><td>Kombineret endoskopisk og laparoskopisk procedure (CELS)</td></tr><tr><td><a href=\"CodeSystem-ProcedureType.html#ProcedureType-polypectomy\">polypectomy</a></td><td>Polypektomi</td><td>Polypektomi</td></tr><tr><td><a href=\"CodeSystem-ProcedureType.html#ProcedureType-emr\">emr</a></td><td>EMR inkl. piecemeal EMR</td><td>EMR inkl. piecemeal EMR</td></tr><tr><td><a href=\"CodeSystem-ProcedureType.html#ProcedureType-esd\">esd</a></td><td>ESD inkl. piecemeal ESD</td><td>ESD inkl. piecemeal ESD</td></tr><tr><td><a href=\"CodeSystem-ProcedureType.html#ProcedureType-piecemeal_resection\">piecemeal_resection</a></td><td>Piecemeal resektion</td><td>Piecemeal resektion</td></tr><tr><td><a href=\"CodeSystem-ProcedureType.html#ProcedureType-full_wall_resection\">full_wall_resection</a></td><td>Endoskopisk fuldvægsresektion</td><td>Endoskopisk fuldvægsresektion</td></tr><tr><td><a href=\"CodeSystem-ProcedureType.html#ProcedureType-other_endoscopic\">other_endoscopic</a></td><td>Anden endoskopisk procedure</td><td>Anden endoskopisk procedure</td></tr><tr><td><a href=\"CodeSystem-ProcedureType.html#ProcedureType-tamis\">tamis</a></td><td>TAMIS</td><td>TAMIS</td></tr><tr><td><a href=\"CodeSystem-ProcedureType.html#ProcedureType-teo\">teo</a></td><td>TEO</td><td>TEO</td></tr><tr><td><a href=\"CodeSystem-ProcedureType.html#ProcedureType-other_transanal\">other_transanal</a></td><td>Anden transanal adgang/teknik</td><td>Anden transanal adgang/teknik</td></tr></table></li><li>Include these codes as defined in <a href=\"CodeSystem-GenericValues.html\"><code>https://kip.rkkp.dk/fhir/CodeSystem/GenericValues</code></a><table class=\"none\"><tr><td style=\"white-space:nowrap\"><b>Code</b></td><td><b>Display</b></td><td><b>Definition</b></td></tr><tr><td><a href=\"CodeSystem-GenericValues.html#GenericValues-other\">other</a></td><td>Anden aflastende procedure</td><td>Other - used to choose unspecific value not in a valueset</td></tr></table></li></ul></div>"
  },
  "url" : "https://kip.rkkp.dk/fhir/ValueSet/ProcedureUdfoertDCCG",
  "version" : "0.1.6",
  "name" : "ProcedureUdfoertDCCG",
  "title" : "Udført procedure (DCCG)",
  "status" : "active",
  "experimental" : true,
  "date" : "2022-11-09T00:00:00+02:00",
  "publisher" : "Sundhedsvæsnets Kvalistetsinstitut with Trifork Digital Health A/S",
  "contact" : [{
    "name" : "Sundhedsvæsnets Kvalistetsinstitut with Trifork Digital Health A/S",
    "telecom" : [{
      "system" : "url",
      "value" : "https://trifork.com"
    },
    {
      "system" : "email",
      "value" : "rbk@trifork.com"
    }]
  }],
  "description" : "Udført procedure (DCCG)",
  "compose" : {
    "include" : [{
      "system" : "https://kip.rkkp.dk/fhir/CodeSystem/SKS",
      "concept" : [{
        "code" : "KJFB20",
        "display" : "Ileocækal resektion - KJFB20"
      },
      {
        "code" : "KJFB30",
        "display" : "Højresidig hemikolektomi - KJFB30"
      },
      {
        "code" : "KJFB30A",
        "display" : "Udvidet højresidig hemikolektomi - KJFB30A"
      },
      {
        "code" : "KJFB34",
        "display" : "Anden laparoskopisk samtidig resektion af tyndtarm og tyktarm - KJFB34"
      },
      {
        "code" : "KJFB40",
        "display" : "Resektion af colon transversum - KJFB40"
      },
      {
        "code" : "KJFB43",
        "display" : "Venstresidig hemikolektomi - KJFB43"
      },
      {
        "code" : "KJFB46",
        "display" : "Resektion af colon sigmoideum - KJFB46"
      },
      {
        "code" : "KJFB50",
        "display" : "Anden colonresektion - KJFB50"
      },
      {
        "code" : "KJFB53",
        "display" : "Resektion af venstre fleksur - KJFB53"
      },
      {
        "code" : "KJFB60",
        "display" : "Resektion af colon sigmoideum med kolostomi - KJFB60"
      },
      {
        "code" : "KJFB63",
        "display" : "Anden tyktarmsresektion med kolostomi og distal lukning - KJFB63"
      },
      {
        "code" : "KJFH00",
        "display" : "Kolektomi og ileorektostomi - KJFH00"
      },
      {
        "code" : "KJFH10",
        "display" : "Kolektomi og ileostomi - KJFH10"
      },
      {
        "code" : "KJFH20",
        "display" : "Proktokolektomi og ileostomi - KJFH20"
      },
      {
        "code" : "KJGB00",
        "display" : "Resektion af endetarm - KJGB00"
      },
      {
        "code" : "KJGB10",
        "display" : "Resektion af endetarm med kolostomi - KJGB10"
      },
      {
        "code" : "KJGB32",
        "display" : "Abdominal og intersphincterisk excision af endetarm - KJGB32"
      },
      {
        "code" : "KJGB35",
        "display" : "Abdominal og ischioanal excision af endetarm - KJGB35"
      },
      {
        "code" : "KJGB36",
        "display" : "Abdominal og ekstralevatorisk excision af endetarm - KJGB36"
      }]
    },
    {
      "system" : "https://kip.rkkp.dk/fhir/CodeSystem/ProcedureType",
      "concept" : [{
        "code" : "ape_conventional",
        "display" : "APE, konventionel"
      },
      {
        "code" : "proctocolectomy_pouch",
        "display" : "Proktokolektomi med ileoanal pouch"
      },
      {
        "code" : "stoma_shunt",
        "display" : "Kun aflastende stomi eller intern shunt"
      },
      {
        "code" : "exploratory_intervention",
        "display" : "Kun eksplorativt indgreb"
      },
      {
        "code" : "tem",
        "display" : "TEM"
      },
      {
        "code" : "local_resection",
        "display" : "Andre lokalresektioner inkl. polypfjernelse/EMR"
      },
      {
        "code" : "stent_rectum",
        "display" : "Stentanlæggelse i rektum"
      },
      {
        "code" : "stent_colon",
        "display" : "Stentanlæggelse i colon"
      },
      {
        "code" : "cels",
        "display" : "Kombineret endoskopisk og laparoskopisk procedure (CELS)"
      },
      {
        "code" : "polypectomy",
        "display" : "Polypektomi"
      },
      {
        "code" : "emr",
        "display" : "EMR inkl. piecemeal EMR"
      },
      {
        "code" : "esd",
        "display" : "ESD inkl. piecemeal ESD"
      },
      {
        "code" : "piecemeal_resection",
        "display" : "Piecemeal resektion"
      },
      {
        "code" : "full_wall_resection",
        "display" : "Endoskopisk fuldvægsresektion"
      },
      {
        "code" : "other_endoscopic",
        "display" : "Anden endoskopisk procedure"
      },
      {
        "code" : "tamis",
        "display" : "TAMIS"
      },
      {
        "code" : "teo",
        "display" : "TEO"
      },
      {
        "code" : "other_transanal",
        "display" : "Anden transanal adgang/teknik"
      }]
    },
    {
      "system" : "https://kip.rkkp.dk/fhir/CodeSystem/GenericValues",
      "concept" : [{
        "code" : "other",
        "display" : "Anden aflastende procedure"
      }]
    }]
  }
}