<?xml version="1.0" encoding="UTF-8"?><CodeSystem xmlns="http://hl7.org/fhir"><id value="CognitiveFunctionFinding"/><text><status value="generated"/><div xmlns="http://www.w3.org/1999/xhtml"><p class="res-header-id"><b>Generated Narrative: CodeSystem CognitiveFunctionFinding</b></p><a name="CognitiveFunctionFinding"> </a><a name="hcCognitiveFunctionFinding"> </a><a name="CognitiveFunctionFinding-en-US"> </a><p>This case-insensitive code system <code>https://kip.rkkp.dk/fhir/CodeSystem/CognitiveFunctionFinding</code> defines the following codes in an undefined hierarchy:</p><table class="codes"><tr><td><b>Lvl</b></td><td style="white-space:nowrap"><b>Code</b></td><td><b>Display</b></td><td><b>Definition</b></td></tr><tr><td>1</td><td style="white-space:nowrap">normal<a name="CognitiveFunctionFinding-normal"> </a></td><td>Normal cognition</td><td>Normal cognition / Normal kognitiv funktion / SNOMED-CT: 449888003</td></tr><tr><td>1</td><td style="white-space:nowrap">impaired<a name="CognitiveFunctionFinding-impaired"> </a></td><td>Impaired cognition</td><td>Impaired cognition / Svækket erkendelsesevne / SNOMED-CT: 386806002</td></tr><tr><td>1</td><td style="white-space:nowrap">dementia<a name="CognitiveFunctionFinding-dementia"> </a></td><td>Dementia</td><td>Dementia / Demens / SNOMED-CT: 52448006</td></tr><tr><td>2</td><td style="white-space:nowrap">  mild<a name="CognitiveFunctionFinding-mild"> </a></td><td>Mild</td><td>Mild / Let / SNOMED-CT: 255604002</td></tr><tr><td>2</td><td style="white-space:nowrap">  moderate<a name="CognitiveFunctionFinding-moderate"> </a></td><td>Moderate</td><td>Moderate / Moderat / SNOMED-CT: 6736007</td></tr><tr><td>2</td><td style="white-space:nowrap">  severe<a name="CognitiveFunctionFinding-severe"> </a></td><td>Severe</td><td>Severe / Svær / SNOMED-CT: 24484000</td></tr></table></div></text><url value="https://kip.rkkp.dk/fhir/CodeSystem/CognitiveFunctionFinding"/><version value="2.9.0"/><name value="CognitiveFunctionFinding"/><title value="Cognitive function finding"/><status value="active"/><date value="2022-07-19T00:00:00+02:00"/><publisher value="Sundhedsvæsnets Kvalistetsinstitut with Trifork Digital Health A/S"/><contact><name value="Sundhedsvæsnets Kvalistetsinstitut with Trifork Digital Health A/S"/><telecom><system value="url"/><value value="https://trifork.com"/></telecom><telecom><system value="email"/><value value="rbk@trifork.com"/></telecom></contact><description value="Cognitive function finding / SNOMED-CT: 373930000"/><caseSensitive value="false"/><content value="complete"/><count value="6"/><concept><code value="normal"/><display value="Normal cognition"/><definition value="Normal cognition / Normal kognitiv funktion / SNOMED-CT: 449888003"/></concept><concept><code value="impaired"/><display value="Impaired cognition"/><definition value="Impaired cognition / Svækket erkendelsesevne / SNOMED-CT: 386806002"/></concept><concept><code value="dementia"/><display value="Dementia"/><definition value="Dementia / Demens / SNOMED-CT: 52448006"/><concept><code value="mild"/><display value="Mild"/><definition value="Mild / Let / SNOMED-CT: 255604002"/></concept><concept><code value="moderate"/><display value="Moderate"/><definition value="Moderate / Moderat / SNOMED-CT: 6736007"/></concept><concept><code value="severe"/><display value="Severe"/><definition value="Severe / Svær / SNOMED-CT: 24484000"/></concept></concept></CodeSystem>