<?xml version="1.0" encoding="UTF-8"?><CodeSystem xmlns="http://hl7.org/fhir"><id value="SSSConsciousness"/><text><status value="generated"/><div xmlns="http://www.w3.org/1999/xhtml"><p class="res-header-id"><b>Generated Narrative: CodeSystem SSSConsciousness</b></p><a name="SSSConsciousness"> </a><a name="hcSSSConsciousness"> </a><a name="SSSConsciousness-en-US"> </a><p>This  code system <code>https://kip.rkkp.dk/fhir/CodeSystem/SSSConsciousness</code> defines the following codes:</p><table class="codes"><tr><td style="white-space:nowrap"><b>Code</b></td><td><b>Definition</b></td></tr><tr><td style="white-space:nowrap">6<a name="SSSConsciousness-6"> </a></td><td>Vågen, er ved fuld bevidsthed</td></tr><tr><td style="white-space:nowrap">4<a name="SSSConsciousness-4"> </a></td><td>Somnolent: pt. kan vækkes til vågen tilstand, men pt. falder hen, når vedkommende overlades til sig selv.</td></tr><tr><td style="white-space:nowrap">2<a name="SSSConsciousness-2"> </a></td><td>Reagerer på verbal opfordring</td></tr><tr><td style="white-space:nowrap">0<a name="SSSConsciousness-0"> </a></td><td>Dybt bevidstløs.</td></tr></table></div></text><url value="https://kip.rkkp.dk/fhir/CodeSystem/SSSConsciousness"/><version value="2.9.0"/><name value="SSSConsciousness"/><title value="Scandinavian Stroke Scale (SSS) - Consciousness"/><status value="active"/><date value="2022-06-23T00:00:00+02:00"/><publisher value="Sundhedsvæsnets Kvalistetsinstitut with Trifork Digital Health A/S"/><contact><name value="Sundhedsvæsnets Kvalistetsinstitut with Trifork Digital Health A/S"/><telecom><system value="url"/><value value="https://trifork.com"/></telecom><telecom><system value="email"/><value value="rbk@trifork.com"/></telecom></contact><description value="Scandinavian Stroke Scale (SSS) - Consciousness: Svækket bevidsthed kan være udtryk for komplikationer som eksempelvis blødning eller ødem"/><content value="complete"/><count value="4"/><concept><code value="6"/><display value="6"/><definition value="Vågen, er ved fuld bevidsthed"/></concept><concept><code value="4"/><display value="4"/><definition value="Somnolent: pt. kan vækkes til vågen tilstand, men pt. falder hen, når vedkommende overlades til sig selv."/></concept><concept><code value="2"/><display value="2"/><definition value="Reagerer på verbal opfordring"/></concept><concept><code value="0"/><display value="0"/><definition value="Dybt bevidstløs."/></concept></CodeSystem>