<?xml version="1.0" encoding="UTF-8"?><CodeSystem xmlns="http://hl7.org/fhir"><id value="ContaminationDegree"/><text><status value="generated"/><div xmlns="http://www.w3.org/1999/xhtml"><p class="res-header-id"><b>Generated Narrative: CodeSystem ContaminationDegree</b></p><a name="ContaminationDegree"> </a><a name="hcContaminationDegree"> </a><a name="ContaminationDegree-en-US"> </a><p>This case-insensitive code system <code>https://kip.rkkp.dk/fhir/CodeSystem/ContaminationDegree</code> defines the following codes:</p><table class="codes"><tr><td style="white-space:nowrap"><b>Code</b></td><td><b>Display</b></td><td><b>Definition</b></td></tr><tr><td style="white-space:nowrap">clean<a name="ContaminationDegree-clean"> </a></td><td>Clean</td><td>Clean / Ren</td></tr><tr><td style="white-space:nowrap">potentially_contaminated<a name="ContaminationDegree-potentially_contaminated"> </a></td><td>Potentially contaminated</td><td>Potentially contaminated / Potentielt kontamineret</td></tr><tr><td style="white-space:nowrap">contaminated<a name="ContaminationDegree-contaminated"> </a></td><td>Contaminated</td><td>Contaminated / Kontamineret</td></tr><tr><td style="white-space:nowrap">dirty<a name="ContaminationDegree-dirty"> </a></td><td>Dirty</td><td>Dirty / Snavset</td></tr></table></div></text><url value="https://kip.rkkp.dk/fhir/CodeSystem/ContaminationDegree"/><version value="2.9.0"/><name value="ContaminationDegree"/><title value="Contamination degree"/><status value="active"/><date value="2022-06-28T00:00:00+02:00"/><publisher value="Sundhedsvæsnets Kvalistetsinstitut with Trifork Digital Health A/S"/><contact><name value="Sundhedsvæsnets Kvalistetsinstitut with Trifork Digital Health A/S"/><telecom><system value="url"/><value value="https://trifork.com"/></telecom><telecom><system value="email"/><value value="rbk@trifork.com"/></telecom></contact><description value="Contamination degree"/><caseSensitive value="false"/><content value="complete"/><count value="4"/><concept><code value="clean"/><display value="Clean"/><definition value="Clean / Ren"/></concept><concept><code value="potentially_contaminated"/><display value="Potentially contaminated"/><definition value="Potentially contaminated / Potentielt kontamineret"/></concept><concept><code value="contaminated"/><display value="Contaminated"/><definition value="Contaminated / Kontamineret"/></concept><concept><code value="dirty"/><display value="Dirty"/><definition value="Dirty / Snavset"/></concept></CodeSystem>