<?xml version="1.0" encoding="UTF-8"?><CodeSystem xmlns="http://hl7.org/fhir"><id value="BiobankSamples"/><text><status value="generated"/><div xmlns="http://www.w3.org/1999/xhtml"><p class="res-header-id"><b>Generated Narrative: CodeSystem BiobankSamples</b></p><a name="BiobankSamples"> </a><a name="hcBiobankSamples"> </a><a name="BiobankSamples-en-US"> </a><p>This case-insensitive code system <code>https://kip.rkkp.dk/fhir/CodeSystem/BiobankSamples</code> defines the following codes in an undefined hierarchy:</p><table class="codes"><tr><td><b>Lvl</b></td><td style="white-space:nowrap"><b>Code</b></td><td><b>Display</b></td><td><b>Definition</b></td></tr><tr><td>1</td><td style="white-space:nowrap">serum/plasma<a name="BiobankSamples-serum.47plasma"> </a></td><td>Serum/plasma</td><td>Serum/plasma</td></tr><tr><td>1</td><td style="white-space:nowrap">marrow_plasma<a name="BiobankSamples-marrow_plasma"> </a></td><td>Marrow plasma</td><td>Marrow plasma</td></tr><tr><td>1</td><td style="white-space:nowrap">marrow_cells<a name="BiobankSamples-marrow_cells"> </a></td><td>Marrow cells</td><td>Marrow cells (unspecified/other)</td></tr><tr><td>2</td><td style="white-space:nowrap">  mononuclear<a name="BiobankSamples-mononuclear"> </a></td><td>Mononuclear marrow cells</td><td>Mononuclear marrow cells (unspecified/other)</td></tr><tr><td>3</td><td style="white-space:nowrap">    vital_frozen<a name="BiobankSamples-vital_frozen"> </a></td><td>Vital frozen</td><td>Vital frozen / Vitalfrosne; dvs. usorterede ved -196°C</td></tr><tr><td>3</td><td style="white-space:nowrap">    not_vital_frozen<a name="BiobankSamples-not_vital_frozen"> </a></td><td>Not vital frozen</td><td>Not vital frozen / Ikke vitalfrosne; dvs. usorterede ved -80°C</td></tr><tr><td>1</td><td style="white-space:nowrap">myeloma_cells<a name="BiobankSamples-myeloma_cells"> </a></td><td>Myeloma cells</td><td>Myeloma cells (unespecified/other)</td></tr><tr><td>2</td><td style="white-space:nowrap">  isolated<a name="BiobankSamples-isolated"> </a></td><td>Isolated myolema cells</td><td>Isolated myolema cells</td></tr><tr><td>1</td><td style="white-space:nowrap">dna<a name="BiobankSamples-dna"> </a></td><td>DNA</td><td>DNA</td></tr><tr><td>1</td><td style="white-space:nowrap">rna<a name="BiobankSamples-rna"> </a></td><td>RNA</td><td>RNA</td></tr></table></div></text><url value="https://kip.rkkp.dk/fhir/CodeSystem/BiobankSamples"/><version value="2.9.0"/><name value="BiobankSamples"/><title value="Danish National Biobank - Samples/materials"/><status value="active"/><date value="2022-07-08T00:00:00+02:00"/><publisher value="Sundhedsvæsnets Kvalistetsinstitut with Trifork Digital Health A/S"/><contact><name value="Sundhedsvæsnets Kvalistetsinstitut with Trifork Digital Health A/S"/><telecom><system value="url"/><value value="https://trifork.com"/></telecom><telecom><system value="email"/><value value="rbk@trifork.com"/></telecom></contact><description value="Danish National Biobank - Samples/materials"/><caseSensitive value="false"/><content value="complete"/><count value="10"/><concept><code value="serum/plasma"/><display value="Serum/plasma"/><definition value="Serum/plasma"/></concept><concept><code value="marrow_plasma"/><display value="Marrow plasma"/><definition value="Marrow plasma"/></concept><concept><code value="marrow_cells"/><display value="Marrow cells"/><definition value="Marrow cells (unspecified/other)"/><concept><code value="mononuclear"/><display value="Mononuclear marrow cells"/><definition value="Mononuclear marrow cells (unspecified/other)"/><concept><code value="vital_frozen"/><display value="Vital frozen"/><definition value="Vital frozen / Vitalfrosne; dvs. usorterede ved -196°C"/></concept><concept><code value="not_vital_frozen"/><display value="Not vital frozen"/><definition value="Not vital frozen / Ikke vitalfrosne; dvs. usorterede ved -80°C"/></concept></concept></concept><concept><code value="myeloma_cells"/><display value="Myeloma cells"/><definition value="Myeloma cells (unespecified/other)"/><concept><code value="isolated"/><display value="Isolated myolema cells"/><definition value="Isolated myolema cells"/></concept></concept><concept><code value="dna"/><display value="DNA"/><definition value="DNA"/></concept><concept><code value="rna"/><display value="RNA"/><definition value="RNA"/></concept></CodeSystem>