<?xml version="1.0" encoding="UTF-8"?><CodeSystem xmlns="http://hl7.org/fhir"><id value="Symptoms"/><text><status value="generated"/><div xmlns="http://www.w3.org/1999/xhtml"><p class="res-header-id"><b>Generated Narrative: CodeSystem Symptoms</b></p><a name="Symptoms"> </a><a name="hcSymptoms"> </a><a name="Symptoms-en-US"> </a><p>This  code system <code>https://kip.rkkp.dk/fhir/CodeSystem/Symptoms</code> defines the following codes:</p><table class="codes"><tr><td style="white-space:nowrap"><b>Code</b></td><td><b>Display</b></td><td><b>Definition</b></td></tr><tr><td style="white-space:nowrap">visual_disorders<a name="Symptoms-visual_disorders"> </a></td><td>Visual disorders</td><td>Visual disorders / Synsforstyrrelser</td></tr><tr><td style="white-space:nowrap">dizziness<a name="Symptoms-dizziness"> </a></td><td>Dizziness</td><td>Dizziness / Svimmelhed</td></tr><tr><td style="white-space:nowrap">headache<a name="Symptoms-headache"> </a></td><td>Headache</td><td>Headache / Hovedpine</td></tr><tr><td style="white-space:nowrap">erythromelalgia<a name="Symptoms-erythromelalgia"> </a></td><td>Erythromelalgia</td><td>Erythromelalgia / Erythromelagi</td></tr><tr><td style="white-space:nowrap">necrosis<a name="Symptoms-necrosis"> </a></td><td>Necrosis</td><td>Necrosis / Nekrose; sårdannelse</td></tr></table></div></text><url value="https://kip.rkkp.dk/fhir/CodeSystem/Symptoms"/><version value="2.9.0"/><name value="Symptoms"/><title value="Symptoms"/><status value="active"/><date value="2022-07-11T00:00:00+02:00"/><publisher value="Sundhedsvæsnets Kvalistetsinstitut with Trifork Digital Health A/S"/><contact><name value="Sundhedsvæsnets Kvalistetsinstitut with Trifork Digital Health A/S"/><telecom><system value="url"/><value value="https://trifork.com"/></telecom><telecom><system value="email"/><value value="rbk@trifork.com"/></telecom></contact><description value="Symptoms"/><content value="complete"/><count value="5"/><concept><code value="visual_disorders"/><display value="Visual disorders"/><definition value="Visual disorders / Synsforstyrrelser"/></concept><concept><code value="dizziness"/><display value="Dizziness"/><definition value="Dizziness / Svimmelhed"/></concept><concept><code value="headache"/><display value="Headache"/><definition value="Headache / Hovedpine"/></concept><concept><code value="erythromelalgia"/><display value="Erythromelalgia"/><definition value="Erythromelalgia / Erythromelagi"/></concept><concept><code value="necrosis"/><display value="Necrosis"/><definition value="Necrosis / Nekrose; sårdannelse"/></concept></CodeSystem>