<?xml version="1.0" encoding="UTF-8"?><CodeSystem xmlns="http://hl7.org/fhir"><id value="Rytme1Obs"/><text><status value="generated"/><div xmlns="http://www.w3.org/1999/xhtml"><p class="res-header-id"><b>Generated Narrative: CodeSystem Rytme1Obs</b></p><a name="Rytme1Obs"> </a><a name="hcRytme1Obs"> </a><a name="Rytme1Obs-en-US"> </a><p>This  code system <code>https://kip.rkkp.dk/fhir/CodeSystem/Rytme1Obs</code> defines the following codes:</p><table class="codes"><tr><td style="white-space:nowrap"><b>Code</b></td><td><b>Display</b></td><td><b>Definition</b></td></tr><tr><td style="white-space:nowrap">vf<a name="Rytme1Obs-vf"> </a></td><td>VF</td><td>VF</td></tr><tr><td style="white-space:nowrap">pulslos_vt<a name="Rytme1Obs-pulslos_vt"> </a></td><td>Pulsløs VT</td><td>Pulsløs VT</td></tr><tr><td style="white-space:nowrap">pea<a name="Rytme1Obs-pea"> </a></td><td>PEA</td><td>PEA</td></tr><tr><td style="white-space:nowrap">asystoli<a name="Rytme1Obs-asystoli"> </a></td><td>Asystoli</td><td>Asystoli</td></tr><tr><td style="white-space:nowrap">ingen_man<a name="Rytme1Obs-ingen_man"> </a></td><td>Ingen manuel rytmeanalyse</td><td>Ingen manuel rytmeanalyse</td></tr><tr><td style="white-space:nowrap">pulsgiv<a name="Rytme1Obs-pulsgiv"> </a></td><td>Pulsgivende</td><td>Pulsgivende</td></tr></table></div></text><url value="https://kip.rkkp.dk/fhir/CodeSystem/Rytme1Obs"/><version value="2.9.0"/><name value="Rytme1Obs"/><title value="Hjerterytme - første obs"/><status value="active"/><date value="2022-06-29T00:00:00+02:00"/><publisher value="Sundhedsvæsnets Kvalistetsinstitut with Trifork Digital Health A/S"/><contact><name value="Sundhedsvæsnets Kvalistetsinstitut with Trifork Digital Health A/S"/><telecom><system value="url"/><value value="https://trifork.com"/></telecom><telecom><system value="email"/><value value="rbk@trifork.com"/></telecom></contact><description value="Første observerede hjerterytme"/><content value="complete"/><count value="6"/><concept><code value="vf"/><display value="VF"/><definition value="VF"/></concept><concept><code value="pulslos_vt"/><display value="Pulsløs VT"/><definition value="Pulsløs VT"/></concept><concept><code value="pea"/><display value="PEA"/><definition value="PEA"/></concept><concept><code value="asystoli"/><display value="Asystoli"/><definition value="Asystoli"/></concept><concept><code value="ingen_man"/><display value="Ingen manuel rytmeanalyse"/><definition value="Ingen manuel rytmeanalyse"/></concept><concept><code value="pulsgiv"/><display value="Pulsgivende"/><definition value="Pulsgivende"/></concept></CodeSystem>