<?xml version="1.0" encoding="UTF-8"?><CodeSystem xmlns="http://hl7.org/fhir"><id value="Verdict"/><text><status value="generated"/><div xmlns="http://www.w3.org/1999/xhtml"><p class="res-header-id"><b>Generated Narrative: CodeSystem Verdict</b></p><a name="Verdict"> </a><a name="hcVerdict"> </a><a name="Verdict-en-US"> </a><p>This case-insensitive code system <code>https://kip.rkkp.dk/fhir/CodeSystem/Verdict</code> defines the following codes in an undefined hierarchy:</p><table class="codes"><tr><td><b>Lvl</b></td><td style="white-space:nowrap"><b>Code</b></td><td><b>Display</b></td><td><b>Definition</b></td></tr><tr><td>1</td><td style="white-space:nowrap">ordinary_penalty<a name="Verdict-ordinary_penalty"> </a></td><td>Almindelig straf</td><td>Almindelig straf</td></tr><tr><td>1</td><td style="white-space:nowrap">placement_psychiatric_ward<a name="Verdict-placement_psychiatric_ward"> </a></td><td>Dom til anbringelse i psykiatrisk afdeling</td><td>Dom til anbringelse i psykiatrisk afdeling</td></tr><tr><td>1</td><td style="white-space:nowrap">placement_psychiatric_ward_etc<a name="Verdict-placement_psychiatric_ward_etc"> </a></td><td>Dom til anbringelse på psykiatrisk afdeling etc.</td><td>Dom til anbringelse på psykiatrisk afdeling etc.</td></tr><tr><td>1</td><td style="white-space:nowrap">placement_secure_ward<a name="Verdict-placement_secure_ward"> </a></td><td>Dom til anbringelse på sikringsafdelingen</td><td>Dom til anbringelse på sikringsafdelingen</td></tr><tr><td>1</td><td style="white-space:nowrap">treatment<a name="Verdict-treatment"> </a></td><td>Dom til behandling på psykiatrisk afdeling</td><td>Dom til behandling på psykiatrisk afdeling</td></tr><tr><td>1</td><td style="white-space:nowrap">treatment_correctional<a name="Verdict-treatment_correctional"> </a></td><td>Dom til behandling på psykiatrisk afdeling med tilsyn af Kriminalforsorgen</td><td>Dom til behandling på psykiatrisk afdeling med tilsyn af Kriminalforsorgen</td></tr><tr><td>1</td><td style="white-space:nowrap">treatment_outpatient<a name="Verdict-treatment_outpatient"> </a></td><td>Dom til ambulant behandling ved psykiatrisk afdeling</td><td>Dom til ambulant behandling ved psykiatrisk afdeling</td></tr><tr><td>1</td><td style="white-space:nowrap">treatment_outpatient_admission<a name="Verdict-treatment_outpatient_admission"> </a></td><td>Dom til ambulant behandling ved psykiatrisk afdeling med mulighed for indlæggelse</td><td>Dom til ambulant behandling ved psykiatrisk afdeling med mulighed for indlæggelse</td></tr><tr><td>1</td><td style="white-space:nowrap">treatment_outpatient_correctional<a name="Verdict-treatment_outpatient_correctional"> </a></td><td>Dom til ambulant behandling ved psykiatrisk afdeling med tilsyn af Kriminalforsorgen</td><td>Dom til ambulant behandling ved psykiatrisk afdeling med tilsyn af Kriminalforsorgen</td></tr><tr><td>1</td><td style="white-space:nowrap">treatment_outpatient_correctional_admission<a name="Verdict-treatment_outpatient_correctional_admission"> </a></td><td>Dom til ambulant behandling ved psykiatrisk afdeling med tilsyn af Kriminalforsorgen og mulighed for indlæggelse</td><td>Dom til ambulant behandling ved psykiatrisk afdeling med tilsyn af Kriminalforsorgen og mulighed for indlæggelse</td></tr><tr><td>1</td><td style="white-space:nowrap">sustainment<a name="Verdict-sustainment"> </a></td><td>Sustainment</td><td>Sustainment / Opretholdelse</td></tr><tr><td>1</td><td style="white-space:nowrap">extension_time<a name="Verdict-extension_time"> </a></td><td>Extension, time</td><td>Extension, time / Forlængelse af længstetid</td></tr><tr><td>1</td><td style="white-space:nowrap">extension_measure<a name="Verdict-extension_measure"> </a></td><td>Extension, measure</td><td>Extension, measure / Forlængelse af foranstaltning</td></tr><tr><td>1</td><td style="white-space:nowrap">cancellation<a name="Verdict-cancellation"> </a></td><td>Cancellation</td><td>Cancellation / Ophævelse</td></tr><tr><td>2</td><td style="white-space:nowrap">  criminality<a name="Verdict-criminality"> </a></td><td>Dom ophæves pga. ny kriminalitet, men ingen ny foranstaltning</td><td>Dom ophæves pga. ny kriminalitet, men ingen ny foranstaltning</td></tr><tr><td>2</td><td style="white-space:nowrap">  criminality_measure<a name="Verdict-criminality_measure"> </a></td><td>Dom ophæves pga. ny kriminalitet og ny foranstaltning</td><td>Dom ophæves pga. ny kriminalitet og ny foranstaltning</td></tr><tr><td>2</td><td style="white-space:nowrap">  psychiatry<a name="Verdict-psychiatry"> </a></td><td>Dom ophæves: patienten afsluttes til psykiatrien i sygehusregi eller egen læge</td><td>Dom ophæves: patienten afsluttes til psykiatrien i sygehusregi eller egen læge</td></tr><tr><td>2</td><td style="white-space:nowrap">  disease_expelled_travelled_missing<a name="Verdict-disease_expelled_travelled_missing"> </a></td><td>Dom ophæves pga. alvorlig somatisk sygdom, udvist, udrejst eller forsvundet</td><td>Dom ophæves pga. alvorlig somatisk sygdom, udvist, udrejst eller forsvundet</td></tr><tr><td>2</td><td style="white-space:nowrap">  expire<a name="Verdict-expire"> </a></td><td>Dom ophæves / udløbet (ingen ny kriminalitet)</td><td>Dom ophæves / udløbet (ingen ny kriminalitet)</td></tr><tr><td>1</td><td style="white-space:nowrap">intensification<a name="Verdict-intensification"> </a></td><td>Intesification</td><td>Intensification / Skærpelse</td></tr><tr><td>1</td><td style="white-space:nowrap">relaxation<a name="Verdict-relaxation"> </a></td><td>Relaxation</td><td>Relaxation / Lempelse</td></tr><tr><td>1</td><td style="white-space:nowrap">change<a name="Verdict-change"> </a></td><td>Change of verdict</td><td>Change of verdict / Ændring af dom</td></tr><tr><td>1</td><td style="white-space:nowrap">pause<a name="Verdict-pause"> </a></td><td>Pause of verdict</td><td>Pause of verdict / Pausering af dom</td></tr><tr><td>2</td><td style="white-space:nowrap">  expelled<a name="Verdict-expelled"> </a></td><td>Cause of pause: Expelled</td><td>Cause of pause: Expelled / Udvist</td></tr><tr><td>2</td><td style="white-space:nowrap">  travelled_away<a name="Verdict-travelled_away"> </a></td><td>Cause of pause: Travelled away</td><td>Cause of pause: Travelled away / Udrejst</td></tr><tr><td>2</td><td style="white-space:nowrap">  missing<a name="Verdict-missing"> </a></td><td>Cause of pause: Missing</td><td>Cause of pause: Missing / Forsvundet</td></tr></table></div></text><url value="https://kip.rkkp.dk/fhir/CodeSystem/Verdict"/><version value="2.9.0"/><name value="Verdict"/><title value="Verdict"/><status value="active"/><date value="2022-09-28T00:00:00+02:00"/><publisher value="Sundhedsvæsnets Kvalistetsinstitut with Trifork Digital Health A/S"/><contact><name value="Sundhedsvæsnets Kvalistetsinstitut with Trifork Digital Health A/S"/><telecom><system value="url"/><value value="https://trifork.com"/></telecom><telecom><system value="email"/><value value="rbk@trifork.com"/></telecom></contact><description value="Verdict"/><caseSensitive value="false"/><content value="complete"/><count value="26"/><concept><code value="ordinary_penalty"/><display value="Almindelig straf"/><definition value="Almindelig straf"/></concept><concept><code value="placement_psychiatric_ward"/><display value="Dom til anbringelse i psykiatrisk afdeling"/><definition value="Dom til anbringelse i psykiatrisk afdeling"/></concept><concept><code value="placement_psychiatric_ward_etc"/><display value="Dom til anbringelse på psykiatrisk afdeling etc."/><definition value="Dom til anbringelse på psykiatrisk afdeling etc."/></concept><concept><code value="placement_secure_ward"/><display value="Dom til anbringelse på sikringsafdelingen"/><definition value="Dom til anbringelse på sikringsafdelingen"/></concept><concept><code value="treatment"/><display value="Dom til behandling på psykiatrisk afdeling"/><definition value="Dom til behandling på psykiatrisk afdeling"/></concept><concept><code value="treatment_correctional"/><display value="Dom til behandling på psykiatrisk afdeling med tilsyn af Kriminalforsorgen"/><definition value="Dom til behandling på psykiatrisk afdeling med tilsyn af Kriminalforsorgen"/></concept><concept><code value="treatment_outpatient"/><display value="Dom til ambulant behandling ved psykiatrisk afdeling"/><definition value="Dom til ambulant behandling ved psykiatrisk afdeling"/></concept><concept><code value="treatment_outpatient_admission"/><display value="Dom til ambulant behandling ved psykiatrisk afdeling med mulighed for indlæggelse"/><definition value="Dom til ambulant behandling ved psykiatrisk afdeling med mulighed for indlæggelse"/></concept><concept><code value="treatment_outpatient_correctional"/><display value="Dom til ambulant behandling ved psykiatrisk afdeling med tilsyn af Kriminalforsorgen"/><definition value="Dom til ambulant behandling ved psykiatrisk afdeling med tilsyn af Kriminalforsorgen"/></concept><concept><code value="treatment_outpatient_correctional_admission"/><display value="Dom til ambulant behandling ved psykiatrisk afdeling med tilsyn af Kriminalforsorgen og mulighed for indlæggelse"/><definition value="Dom til ambulant behandling ved psykiatrisk afdeling med tilsyn af Kriminalforsorgen og mulighed for indlæggelse"/></concept><concept><code value="sustainment"/><display value="Sustainment"/><definition value="Sustainment / Opretholdelse"/></concept><concept><code value="extension_time"/><display value="Extension, time"/><definition value="Extension, time / Forlængelse af længstetid"/></concept><concept><code value="extension_measure"/><display value="Extension, measure"/><definition value="Extension, measure / Forlængelse af foranstaltning"/></concept><concept><code value="cancellation"/><display value="Cancellation"/><definition value="Cancellation / Ophævelse"/><concept><code value="criminality"/><display value="Dom ophæves pga. ny kriminalitet, men ingen ny foranstaltning"/><definition value="Dom ophæves pga. ny kriminalitet, men ingen ny foranstaltning"/></concept><concept><code value="criminality_measure"/><display value="Dom ophæves pga. ny kriminalitet og ny foranstaltning"/><definition value="Dom ophæves pga. ny kriminalitet og ny foranstaltning"/></concept><concept><code value="psychiatry"/><display value="Dom ophæves: patienten afsluttes til psykiatrien i sygehusregi eller egen læge"/><definition value="Dom ophæves: patienten afsluttes til psykiatrien i sygehusregi eller egen læge"/></concept><concept><code value="disease_expelled_travelled_missing"/><display value="Dom ophæves pga. alvorlig somatisk sygdom, udvist, udrejst eller forsvundet"/><definition value="Dom ophæves pga. alvorlig somatisk sygdom, udvist, udrejst eller forsvundet"/></concept><concept><code value="expire"/><display value="Dom ophæves / udløbet (ingen ny kriminalitet)"/><definition value="Dom ophæves / udløbet (ingen ny kriminalitet)"/></concept></concept><concept><code value="intensification"/><display value="Intesification"/><definition value="Intensification / Skærpelse"/></concept><concept><code value="relaxation"/><display value="Relaxation"/><definition value="Relaxation / Lempelse"/></concept><concept><code value="change"/><display value="Change of verdict"/><definition value="Change of verdict / Ændring af dom"/></concept><concept><code value="pause"/><display value="Pause of verdict"/><definition value="Pause of verdict / Pausering af dom"/><concept><code value="expelled"/><display value="Cause of pause: Expelled"/><definition value="Cause of pause: Expelled / Udvist"/></concept><concept><code value="travelled_away"/><display value="Cause of pause: Travelled away"/><definition value="Cause of pause: Travelled away / Udrejst"/></concept><concept><code value="missing"/><display value="Cause of pause: Missing"/><definition value="Cause of pause: Missing / Forsvundet"/></concept></concept></CodeSystem>