<?xml version="1.0" encoding="UTF-8"?><CodeSystem xmlns="http://hl7.org/fhir"><id value="ResidualTumorClassification"/><text><status value="generated"/><div xmlns="http://www.w3.org/1999/xhtml"><p class="res-header-id"><b>Generated Narrative: CodeSystem ResidualTumorClassification</b></p><a name="ResidualTumorClassification"> </a><a name="hcResidualTumorClassification"> </a><a name="ResidualTumorClassification-en-US"> </a><p>This  code system <code>https://kip.rkkp.dk/fhir/CodeSystem/ResidualTumorClassification</code> defines the following codes:</p><table class="codes"><tr><td style="white-space:nowrap"><b>Code</b></td><td><b>Display</b></td><td><b>Definition</b></td></tr><tr><td style="white-space:nowrap">rx<a name="ResidualTumorClassification-rx"> </a></td><td>RX</td><td>RX The presence of residual tumor cannot be assessed.</td></tr><tr><td style="white-space:nowrap">r0<a name="ResidualTumorClassification-r0"> </a></td><td>R0</td><td>R0 No residual tumor.</td></tr><tr><td style="white-space:nowrap">r1<a name="ResidualTumorClassification-r1"> </a></td><td>R1</td><td>R1 Microscopic residual tumor.</td></tr><tr><td style="white-space:nowrap">r01<a name="ResidualTumorClassification-r01"> </a></td><td>R0/R1</td><td>No visible presence of residual tumor</td></tr><tr><td style="white-space:nowrap">r2<a name="ResidualTumorClassification-r2"> </a></td><td>R2</td><td>R2 Macroscopic residual tumor.</td></tr></table></div></text><url value="https://kip.rkkp.dk/fhir/CodeSystem/ResidualTumorClassification"/><version value="2.9.0"/><name value="ResidualTumorClassification"/><title value="Residual tumor (R) classification"/><status value="active"/><date value="2022-06-07T00:00:00+02:00"/><publisher value="Sundhedsvæsnets Kvalistetsinstitut with Trifork Digital Health A/S"/><contact><name value="Sundhedsvæsnets Kvalistetsinstitut with Trifork Digital Health A/S"/><telecom><system value="url"/><value value="https://trifork.com"/></telecom><telecom><system value="email"/><value value="rbk@trifork.com"/></telecom></contact><description value="Residual tumor (R) classification. Link: https://acsjournals.onlinelibrary.wiley.com/doi/10.1002/cncr.10492"/><content value="complete"/><count value="5"/><concept><code value="rx"/><display value="RX"/><definition value="RX The presence of residual tumor cannot be assessed."/></concept><concept><code value="r0"/><display value="R0"/><definition value="R0 No residual tumor."/></concept><concept><code value="r1"/><display value="R1"/><definition value="R1 Microscopic residual tumor."/></concept><concept><code value="r01"/><display value="R0/R1"/><definition value="No visible presence of residual tumor"/></concept><concept><code value="r2"/><display value="R2"/><definition value="R2 Macroscopic residual tumor."/></concept></CodeSystem>