<?xml version="1.0" encoding="UTF-8"?><CodeSystem xmlns="http://hl7.org/fhir"><id value="HeartRhythm"/><text><status value="generated"/><div xmlns="http://www.w3.org/1999/xhtml"><p class="res-header-id"><b>Generated Narrative: CodeSystem HeartRhythm</b></p><a name="HeartRhythm"> </a><a name="hcHeartRhythm"> </a><a name="HeartRhythm-en-US"> </a><p>This  code system <code>https://kip.rkkp.dk/fhir/CodeSystem/HeartRhythm</code> defines the following codes:</p><table class="codes"><tr><td style="white-space:nowrap"><b>Code</b></td><td><b>Display</b></td><td><b>Definition</b></td></tr><tr><td style="white-space:nowrap">sr<a name="HeartRhythm-sr"> </a></td><td>SR</td><td>Hvis SR</td></tr><tr><td style="white-space:nowrap">afliafla<a name="HeartRhythm-afliafla"> </a></td><td>Afli/Afla</td><td>Hvis Afli/Afla</td></tr></table></div></text><url value="https://kip.rkkp.dk/fhir/CodeSystem/HeartRhythm"/><version value="2.9.0"/><name value="HeartRhythm"/><title value="Hjerterytme"/><status value="active"/><date value="2022-06-22T00:00:00+02:00"/><publisher value="Sundhedsvæsnets Kvalistetsinstitut with Trifork Digital Health A/S"/><contact><name value="Sundhedsvæsnets Kvalistetsinstitut with Trifork Digital Health A/S"/><telecom><system value="url"/><value value="https://trifork.com"/></telecom><telecom><system value="email"/><value value="rbk@trifork.com"/></telecom></contact><description value="Patientens hjerterytme"/><content value="complete"/><count value="2"/><concept><code value="sr"/><display value="SR"/><definition value="Hvis SR"/></concept><concept><code value="afliafla"/><display value="Afli/Afla"/><definition value="Hvis Afli/Afla"/></concept></CodeSystem>