<?xml version="1.0" encoding="UTF-8"?><CodeSystem xmlns="http://hl7.org/fhir"><id value="PivotShiftGrading"/><text><status value="generated"/><div xmlns="http://www.w3.org/1999/xhtml"><p class="res-header-id"><b>Generated Narrative: CodeSystem PivotShiftGrading</b></p><a name="PivotShiftGrading"> </a><a name="hcPivotShiftGrading"> </a><a name="PivotShiftGrading-en-US"> </a><p>This case-insensitive code system <code>https://kip.rkkp.dk/fhir/CodeSystem/PivotShiftGrading</code> defines the following codes:</p><table class="codes"><tr><td style="white-space:nowrap"><b>Code</b></td><td><b>Display</b></td><td><b>Definition</b></td></tr><tr><td style="white-space:nowrap">grade_0<a name="PivotShiftGrading-grade_0"> </a></td><td>Grade 0: Equal</td><td>Grade 0: Equal</td></tr><tr><td style="white-space:nowrap">grade_1<a name="PivotShiftGrading-grade_1"> </a></td><td>Grade 1: Glide+</td><td>Grade 1: Glide+</td></tr><tr><td style="white-space:nowrap">grade_2<a name="PivotShiftGrading-grade_2"> </a></td><td>Grade 2: Clunk++</td><td>Grade 2: Clunk++</td></tr><tr><td style="white-space:nowrap">grade_3<a name="PivotShiftGrading-grade_3"> </a></td><td>Grade 3: Gross+++</td><td>Grade 3: Gross+++</td></tr></table></div></text><url value="https://kip.rkkp.dk/fhir/CodeSystem/PivotShiftGrading"/><version value="2.9.0"/><name value="PivotShiftGrading"/><title value="Pivot Shift grading"/><status value="active"/><date value="2022-09-15T00:00:00+02:00"/><publisher value="Sundhedsvæsnets Kvalistetsinstitut with Trifork Digital Health A/S"/><contact><name value="Sundhedsvæsnets Kvalistetsinstitut with Trifork Digital Health A/S"/><telecom><system value="url"/><value value="https://trifork.com"/></telecom><telecom><system value="email"/><value value="rbk@trifork.com"/></telecom></contact><description value="Pivot Shift grading"/><caseSensitive value="false"/><content value="complete"/><count value="4"/><concept><code value="grade_0"/><display value="Grade 0: Equal"/><definition value="Grade 0: Equal"/></concept><concept><code value="grade_1"/><display value="Grade 1: Glide+"/><definition value="Grade 1: Glide+"/></concept><concept><code value="grade_2"/><display value="Grade 2: Clunk++"/><definition value="Grade 2: Clunk++"/></concept><concept><code value="grade_3"/><display value="Grade 3: Gross+++"/><definition value="Grade 3: Gross+++"/></concept></CodeSystem>