<?xml version="1.0" encoding="UTF-8"?><ValueSet xmlns="http://hl7.org/fhir"><id value="HarrisHipScoreGangafvikling"/><text><status value="extensions"/><div xmlns="http://www.w3.org/1999/xhtml"><p class="res-header-id"><b>Generated Narrative: ValueSet HarrisHipScoreGangafvikling</b></p><a name="HarrisHipScoreGangafvikling"> </a><a name="hcHarrisHipScoreGangafvikling"> </a><a name="HarrisHipScoreGangafvikling-en-US"> </a><ul><li>Include these codes as defined in <a href="CodeSystem-HarrisHipScoreLimp.html"><code>https://kip.rkkp.dk/fhir/CodeSystem/HarrisHipScoreLimp</code></a><table class="none"><tr><td style="white-space:nowrap"><b>Code</b></td><td><b>Display</b></td><td><b>Definition</b></td></tr><tr><td><a href="CodeSystem-HarrisHipScoreLimp.html#HarrisHipScoreLimp-11">11</a></td><td>Ingen halten</td><td>None (11)</td></tr><tr><td><a href="CodeSystem-HarrisHipScoreLimp.html#HarrisHipScoreLimp-8">8</a></td><td>Let halten</td><td>Slight (8)</td></tr><tr><td><a href="CodeSystem-HarrisHipScoreLimp.html#HarrisHipScoreLimp-5">5</a></td><td>Tydelig halten</td><td>Moderate (5)</td></tr><tr><td><a href="CodeSystem-HarrisHipScoreLimp.html#HarrisHipScoreLimp-0">0</a></td><td>Udtalt halten</td><td>Severe (0)</td></tr></table></li></ul></div></text><url value="https://kip.rkkp.dk/fhir/ValueSet/HarrisHipScoreGangafvikling"/><version value="2.9.0"/><name value="HarrisHipScoreGangafvikling"/><title value="Harris Hip Score - Gangafvikling"/><status value="active"/><experimental value="true"/><date value="2022-11-15T00:00:00+02:00"/><publisher value="Sundhedsvæsnets Kvalistetsinstitut with Trifork Digital Health A/S"/><contact><name value="Sundhedsvæsnets Kvalistetsinstitut with Trifork Digital Health A/S"/><telecom><system value="url"/><value value="https://trifork.com"/></telecom><telecom><system value="email"/><value value="rbk@trifork.com"/></telecom></contact><description value="Harris Hip Score - Gangafvikling"/><compose><include><system value="https://kip.rkkp.dk/fhir/CodeSystem/HarrisHipScoreLimp"/><concept><code value="11"/><display value="Ingen halten"/></concept><concept><code value="8"/><display value="Let halten"/></concept><concept><code value="5"/><display value="Tydelig halten"/></concept><concept><code value="0"/><display value="Udtalt halten"/></concept></include></compose></ValueSet>