<?xml version="1.0" encoding="UTF-8"?><ValueSet xmlns="http://hl7.org/fhir"><id value="AnastomoseType2"/><text><status value="extensions"/><div xmlns="http://www.w3.org/1999/xhtml"><p class="res-header-id"><b>Generated Narrative: ValueSet AnastomoseType2</b></p><a name="AnastomoseType2"> </a><a name="hcAnastomoseType2"> </a><a name="AnastomoseType2-en-US"> </a><ul><li>Include these codes as defined in <a href="CodeSystem-AnastomosisType.html"><code>https://kip.rkkp.dk/fhir/CodeSystem/AnastomosisType</code></a><table class="none"><tr><td style="white-space:nowrap"><b>Code</b></td><td><b>Display</b></td><td><b>Definition</b></td></tr><tr><td><a href="CodeSystem-AnastomosisType.html#AnastomosisType-intracorporeal">intracorporeal</a></td><td>Intrakorporalt</td><td>Intracorporeal / Intrakorporalt</td></tr><tr><td><a href="CodeSystem-AnastomosisType.html#AnastomosisType-extracorporeal">extracorporeal</a></td><td>Ekstrakorporalt</td><td>extracorporeal / Ekstrakorporalt</td></tr></table></li></ul></div></text><url value="https://kip.rkkp.dk/fhir/ValueSet/AnastomoseType2"/><version value="2.9.0"/><name value="AnastomoseType2"/><title value="Anastomosetype 2"/><status value="active"/><experimental value="true"/><date value="2022-10-11T00:00:00+02:00"/><publisher value="Sundhedsvæsnets Kvalistetsinstitut with Trifork Digital Health A/S"/><contact><name value="Sundhedsvæsnets Kvalistetsinstitut with Trifork Digital Health A/S"/><telecom><system value="url"/><value value="https://trifork.com"/></telecom><telecom><system value="email"/><value value="rbk@trifork.com"/></telecom></contact><description value="Anastomosetype 2"/><compose><include><system value="https://kip.rkkp.dk/fhir/CodeSystem/AnastomosisType"/><concept><code value="intracorporeal"/><display value="Intrakorporalt"/></concept><concept><code value="extracorporeal"/><display value="Ekstrakorporalt"/></concept></include></compose></ValueSet>