<?xml version="1.0" encoding="UTF-8"?><ValueSet xmlns="http://hl7.org/fhir"><id value="InterventionsgruppeDialysePeritonealDNSL"/><text><status value="extensions"/><div xmlns="http://www.w3.org/1999/xhtml"><p class="res-header-id"><b>Generated Narrative: ValueSet InterventionsgruppeDialysePeritonealDNSL</b></p><a name="InterventionsgruppeDialysePeritonealDNSL"> </a><a name="hcInterventionsgruppeDialysePeritonealDNSL"> </a><a name="InterventionsgruppeDialysePeritonealDNSL-en-US"> </a><ul><li>Include these codes as defined in <a href="CodeSystem-Interventionsgruppe.html"><code>https://kip.rkkp.dk/fhir/CodeSystem/Interventionsgruppe</code></a><table class="none"><tr><td style="white-space:nowrap"><b>Code</b></td><td><b>Display</b></td><td><b>Definition</b></td></tr><tr><td><a href="CodeSystem-Interventionsgruppe.html#Interventionsgruppe-510">510</a></td><td>Peritonealdialyse</td><td>Peritonealdialyse</td></tr><tr><td><a href="CodeSystem-Interventionsgruppe.html#Interventionsgruppe-110">110</a></td><td>Genvunden funktion</td><td>Genvunden funktion</td></tr><tr><td><a href="CodeSystem-Interventionsgruppe.html#Interventionsgruppe-100">100</a></td><td>Ophør med aktiv behandling</td><td>Ophør med aktiv behandling</td></tr></table></li></ul></div></text><url value="https://kip.rkkp.dk/fhir/ValueSet/InterventionsgruppeDialysePeritonealDNSL"/><version value="2.9.0"/><name value="InterventionsgruppeDialysePeritonealDNSL"/><title value="Interventionsgruppe Peritonealdialyse (DNSL)"/><status value="active"/><experimental value="true"/><date value="2024-01-10T00:00:00+02:00"/><publisher value="Sundhedsvæsnets Kvalistetsinstitut with Trifork Digital Health A/S"/><contact><name value="Sundhedsvæsnets Kvalistetsinstitut with Trifork Digital Health A/S"/><telecom><system value="url"/><value value="https://trifork.com"/></telecom><telecom><system value="email"/><value value="rbk@trifork.com"/></telecom></contact><description value="Interventionsgruppe Peritonealdialyse (DNSL)"/><compose><include><system value="https://kip.rkkp.dk/fhir/CodeSystem/Interventionsgruppe"/><concept><code value="510"/><display value="Peritonealdialyse"/></concept><concept><code value="110"/><display value="Genvunden funktion"/></concept><concept><code value="100"/><display value="Ophør med aktiv behandling"/></concept></include></compose></ValueSet>