<?xml version="1.0" encoding="UTF-8"?><ValueSet xmlns="http://hl7.org/fhir"><id value="Pupilforhold"/><text><status value="extensions"/><div xmlns="http://www.w3.org/1999/xhtml"><p class="res-header-id"><b>Generated Narrative: ValueSet Pupilforhold</b></p><a name="Pupilforhold"> </a><a name="hcPupilforhold"> </a><a name="Pupilforhold-en-US"> </a><ul><li>Include these codes as defined in <a href="CodeSystem-PupilCondition.html"><code>https://kip.rkkp.dk/fhir/CodeSystem/PupilCondition</code></a><table class="none"><tr><td style="white-space:nowrap"><b>Code</b></td><td><b>Display</b></td><td><b>Definition</b></td></tr><tr><td><a href="CodeSystem-PupilCondition.html#PupilCondition-normal">normal</a></td><td>Normale</td><td>Normal</td></tr><tr><td><a href="CodeSystem-PupilCondition.html#PupilCondition-difference">difference</a></td><td>Pupildifference/lysstive pupiller</td><td>Pupil difference</td></tr></table></li></ul></div></text><url value="https://kip.rkkp.dk/fhir/ValueSet/Pupilforhold"/><version value="2.9.0"/><name value="Pupilforhold"/><title value="Pupilforhold"/><status value="active"/><experimental value="true"/><date value="2022-06-28T00:00:00+02:00"/><publisher value="Sundhedsvæsnets Kvalistetsinstitut with Trifork Digital Health A/S"/><contact><name value="Sundhedsvæsnets Kvalistetsinstitut with Trifork Digital Health A/S"/><telecom><system value="url"/><value value="https://trifork.com"/></telecom><telecom><system value="email"/><value value="rbk@trifork.com"/></telecom></contact><description value="Forholdet mellem pupillerne"/><compose><include><system value="https://kip.rkkp.dk/fhir/CodeSystem/PupilCondition"/><concept><code value="normal"/><display value="Normale"/></concept><concept><code value="difference"/><display value="Pupildifference/lysstive pupiller"/></concept></include></compose></ValueSet>