<?xml version="1.0" encoding="UTF-8"?><ValueSet xmlns="http://hl7.org/fhir"><id value="OperativAdgangDKR"/><text><status value="extensions"/><div xmlns="http://www.w3.org/1999/xhtml"><p class="res-header-id"><b>Generated Narrative: ValueSet OperativAdgangDKR</b></p><a name="OperativAdgangDKR"> </a><a name="hcOperativAdgangDKR"> </a><a name="OperativAdgangDKR-en-US"> </a><ul><li>Include these codes as defined in <a href="CodeSystem-IncisionChoice.html"><code>https://kip.rkkp.dk/fhir/CodeSystem/IncisionChoice</code></a><table class="none"><tr><td style="white-space:nowrap"><b>Code</b></td><td><b>Display</b></td><td><b>Definition</b></td></tr><tr><td><a href="CodeSystem-IncisionChoice.html#IncisionChoice-medial_for_patella">medial_for_patella</a></td><td>Medial for patella</td><td>Medial for patella</td></tr><tr><td><a href="CodeSystem-IncisionChoice.html#IncisionChoice-lateral_for_patella">lateral_for_patella</a></td><td>Lateral for patella</td><td>Lateral for patella</td></tr></table></li></ul></div></text><url value="https://kip.rkkp.dk/fhir/ValueSet/OperativAdgangDKR"/><version value="2.9.0"/><name value="OperativAdgangDKR"/><title value="Operativ adgang (DKR)"/><status value="active"/><experimental value="true"/><date value="2022-10-14T00:00:00+02:00"/><publisher value="Sundhedsvæsnets Kvalistetsinstitut with Trifork Digital Health A/S"/><contact><name value="Sundhedsvæsnets Kvalistetsinstitut with Trifork Digital Health A/S"/><telecom><system value="url"/><value value="https://trifork.com"/></telecom><telecom><system value="email"/><value value="rbk@trifork.com"/></telecom></contact><description value="Operativ adgang (DKR)"/><compose><include><system value="https://kip.rkkp.dk/fhir/CodeSystem/IncisionChoice"/><concept><code value="medial_for_patella"/><display value="Medial for patella"/></concept><concept><code value="lateral_for_patella"/><display value="Lateral for patella"/></concept></include></compose></ValueSet>