<?xml version="1.0" encoding="UTF-8"?><ValueSet xmlns="http://hl7.org/fhir"><id value="DosisAKbehDKR"/><text><status value="extensions"/><div xmlns="http://www.w3.org/1999/xhtml"><p class="res-header-id"><b>Generated Narrative: ValueSet DosisAKbehDKR</b></p><a name="DosisAKbehDKR"> </a><a name="hcDosisAKbehDKR"> </a><a name="DosisAKbehDKR-en-US"> </a><ul><li>Include these codes as defined in <a href="CodeSystem-Dosis.html"><code>https://kip.rkkp.dk/fhir/CodeSystem/Dosis</code></a><table class="none"><tr><td style="white-space:nowrap"><b>Code</b></td><td><b>Display</b></td><td><b>Definition</b></td></tr><tr><td><a href="CodeSystem-Dosis.html#Dosis-le5000ie">le5000ie</a></td><td>&lt;= 5000 IE</td><td>&lt;= 5000 IE</td></tr><tr><td><a href="CodeSystem-Dosis.html#Dosis-gt5000ie">gt5000ie</a></td><td>&gt; 5000 IE</td><td>&gt; 5000 IE</td></tr></table></li></ul></div></text><url value="https://kip.rkkp.dk/fhir/ValueSet/DosisAKbehDKR"/><version value="2.9.0"/><name value="DosisAKbehDKR"/><title value="Dosis AK behandling (DKR)"/><status value="active"/><experimental value="true"/><date value="2023-12-19T00:00:00+02:00"/><publisher value="Sundhedsvæsnets Kvalistetsinstitut with Trifork Digital Health A/S"/><contact><name value="Sundhedsvæsnets Kvalistetsinstitut with Trifork Digital Health A/S"/><telecom><system value="url"/><value value="https://trifork.com"/></telecom><telecom><system value="email"/><value value="rbk@trifork.com"/></telecom></contact><description value="Døgndosis AK behandling (DKR)"/><compose><include><system value="https://kip.rkkp.dk/fhir/CodeSystem/Dosis"/><concept><code value="le5000ie"/><display value="&lt;= 5000 IE"/></concept><concept><code value="gt5000ie"/><display value="&gt; 5000 IE"/></concept></include></compose></ValueSet>