<?xml version="1.0" encoding="UTF-8"?><ValueSet xmlns="http://hl7.org/fhir"><id value="OnkologiBehandlingsintention"/><text><status value="extensions"/><div xmlns="http://www.w3.org/1999/xhtml"><p class="res-header-id"><b>Generated Narrative: ValueSet OnkologiBehandlingsintention</b></p><a name="OnkologiBehandlingsintention"> </a><a name="hcOnkologiBehandlingsintention"> </a><a name="OnkologiBehandlingsintention-en-US"> </a><ul><li>Include these codes as defined in <a href="CodeSystem-TreatmentIntention.html"><code>https://kip.rkkp.dk/fhir/CodeSystem/TreatmentIntention</code></a><table class="none"><tr><td style="white-space:nowrap"><b>Code</b></td><td><b>Display</b></td><td><b>Definition</b></td></tr><tr><td><a href="CodeSystem-TreatmentIntention.html#TreatmentIntention-curative">curative</a></td><td>Kurativt</td><td>Kurativt intenderet</td></tr><tr><td><a href="CodeSystem-TreatmentIntention.html#TreatmentIntention-palliative">palliative</a></td><td>Palliativt</td><td>Palliativt intenderet</td></tr></table></li></ul></div></text><url value="https://kip.rkkp.dk/fhir/ValueSet/OnkologiBehandlingsintention"/><version value="2.9.0"/><name value="OnkologiBehandlingsintention"/><title value="Onkologisk behandlingsintention"/><status value="active"/><experimental value="true"/><date value="2022-05-16T00:00:00+02:00"/><publisher value="Sundhedsvæsnets Kvalistetsinstitut with Trifork Digital Health A/S"/><contact><name value="Sundhedsvæsnets Kvalistetsinstitut with Trifork Digital Health A/S"/><telecom><system value="url"/><value value="https://trifork.com"/></telecom><telecom><system value="email"/><value value="rbk@trifork.com"/></telecom></contact><description value="Behandlingsintention for onkologiske forløb"/><compose><include><system value="https://kip.rkkp.dk/fhir/CodeSystem/TreatmentIntention"/><concept><code value="curative"/><display value="Kurativt"/></concept><concept><code value="palliative"/><display value="Palliativt"/></concept></include></compose></ValueSet>