<?xml version="1.0" encoding="UTF-8"?><ValueSet xmlns="http://hl7.org/fhir"><id value="Alkohol0til10"/><text><status value="extensions"/><div xmlns="http://www.w3.org/1999/xhtml"><p class="res-header-id"><b>Generated Narrative: ValueSet Alkohol0til10</b></p><a name="Alkohol0til10"> </a><a name="hcAlkohol0til10"> </a><a name="Alkohol0til10-en-US"> </a><ul><li>Include these codes as defined in <a href="CodeSystem-Alchohol.html"><code>https://kip.rkkp.dk/fhir/CodeSystem/Alchohol</code></a><table class="none"><tr><td style="white-space:nowrap"><b>Code</b></td><td><b>Display</b></td><td><b>Definition</b></td></tr><tr><td><a href="CodeSystem-Alchohol.html#Alchohol-0-10">0-10</a></td><td>0-10 genstande pr. uge</td><td>0-10 genstande pr. uge</td></tr><tr><td><a href="CodeSystem-Alchohol.html#Alchohol-gte11">gte11</a></td><td>Over 10 genstande pr. uge</td><td>Over 11 genstande pr. uge</td></tr></table></li></ul></div></text><url value="https://kip.rkkp.dk/fhir/ValueSet/Alkohol0til10"/><version value="2.9.0"/><name value="Alkohol0til10"/><title value="Alkohol 0-10"/><status value="active"/><experimental value="true"/><date value="2022-06-21T00:00:00+02:00"/><publisher value="Sundhedsvæsnets Kvalistetsinstitut with Trifork Digital Health A/S"/><contact><name value="Sundhedsvæsnets Kvalistetsinstitut with Trifork Digital Health A/S"/><telecom><system value="url"/><value value="https://trifork.com"/></telecom><telecom><system value="email"/><value value="rbk@trifork.com"/></telecom></contact><description value="Udfald for alkohol"/><compose><include><system value="https://kip.rkkp.dk/fhir/CodeSystem/Alchohol"/><concept><code value="0-10"/><display value="0-10 genstande pr. uge"/></concept><concept><code value="gte11"/><display value="Over 10 genstande pr. uge"/></concept></include></compose></ValueSet>