<?xml version="1.0" encoding="UTF-8"?><ValueSet xmlns="http://hl7.org/fhir"><id value="HarrisHipScoreSiddefunktion"/><text><status value="extensions"/><div xmlns="http://www.w3.org/1999/xhtml"><p class="res-header-id"><b>Generated Narrative: ValueSet HarrisHipScoreSiddefunktion</b></p><a name="HarrisHipScoreSiddefunktion"> </a><a name="hcHarrisHipScoreSiddefunktion"> </a><a name="HarrisHipScoreSiddefunktion-en-US"> </a><ul><li>Include these codes as defined in <a href="CodeSystem-HarrisHipScoreSitting.html"><code>https://kip.rkkp.dk/fhir/CodeSystem/HarrisHipScoreSitting</code></a><table class="none"><tr><td style="white-space:nowrap"><b>Code</b></td><td><b>Display</b></td><td><b>Definition</b></td></tr><tr><td><a href="CodeSystem-HarrisHipScoreSitting.html#HarrisHipScoreSitting-5">5</a></td><td>Bekvemt i lænestol</td><td>Comfortably, ordinary chair for one hour (5)</td></tr><tr><td><a href="CodeSystem-HarrisHipScoreSitting.html#HarrisHipScoreSitting-3">3</a></td><td>På høj stol i ca. 30 min.</td><td>On a high chair for 30 minutes (3)</td></tr><tr><td><a href="CodeSystem-HarrisHipScoreSitting.html#HarrisHipScoreSitting-0">0</a></td><td>Sidder aldrig bekvemt</td><td>Unable to sit comfortably on any chair (0)</td></tr></table></li></ul></div></text><url value="https://kip.rkkp.dk/fhir/ValueSet/HarrisHipScoreSiddefunktion"/><version value="2.9.0"/><name value="HarrisHipScoreSiddefunktion"/><title value="Harris Hip Score - Siddefunktion"/><status value="active"/><experimental value="true"/><date value="2022-11-15T00:00:00+02:00"/><publisher value="Sundhedsvæsnets Kvalistetsinstitut with Trifork Digital Health A/S"/><contact><name value="Sundhedsvæsnets Kvalistetsinstitut with Trifork Digital Health A/S"/><telecom><system value="url"/><value value="https://trifork.com"/></telecom><telecom><system value="email"/><value value="rbk@trifork.com"/></telecom></contact><description value="Harris Hip Score - Siddefunktion"/><compose><include><system value="https://kip.rkkp.dk/fhir/CodeSystem/HarrisHipScoreSitting"/><concept><code value="5"/><display value="Bekvemt i lænestol"/></concept><concept><code value="3"/><display value="På høj stol i ca. 30 min."/></concept><concept><code value="0"/><display value="Sidder aldrig bekvemt"/></concept></include></compose></ValueSet>