<?xml version="1.0" encoding="UTF-8"?><ValueSet xmlns="http://hl7.org/fhir"><id value="DoedLokation"/><text><status value="extensions"/><div xmlns="http://www.w3.org/1999/xhtml"><p class="res-header-id"><b>Generated Narrative: ValueSet DoedLokation</b></p><a name="DoedLokation"> </a><a name="hcDoedLokation"> </a><a name="DoedLokation-en-US"> </a><p>This value set includes codes based on the following rules:</p><ul><li>Include these codes as defined in <a href="CodeSystem-DeathPlace.html"><code>https://kip.rkkp.dk/fhir/CodeSystem/DeathPlace</code></a><table class="none"><tr><td style="white-space:nowrap"><b>Code</b></td><td><b>Display</b></td><td><b>Definition</b></td></tr><tr><td><a href="CodeSystem-DeathPlace.html#DeathPlace-home">home</a></td><td>Hjemmet</td><td>Home / Hjemmet</td></tr><tr><td><a href="CodeSystem-DeathPlace.html#DeathPlace-palliative">palliative</a></td><td>I denne palliative afdeling</td><td>This palliative department / I denne palliative afdeling</td></tr><tr><td><a href="CodeSystem-DeathPlace.html#DeathPlace-other_palliative">other_palliative</a></td><td>I anden palliativ afdeling</td><td>Other palliative department / I anden palliativ afdeling</td></tr><tr><td><a href="CodeSystem-DeathPlace.html#DeathPlace-non_palliative">non_palliative</a></td><td>Ikke-palliativ sygehusafdeling</td><td>Ikke-palliativ sygehusafdeling</td></tr><tr><td><a href="CodeSystem-DeathPlace.html#DeathPlace-relief_area">relief_area</a></td><td>Aflastningsplads</td><td>Aflastningsplads</td></tr></table></li><li>Include these codes as defined in <a href="CodeSystem-GenericValues.html"><code>https://kip.rkkp.dk/fhir/CodeSystem/GenericValues</code></a><table class="none"><tr><td style="white-space:nowrap"><b>Code</b></td><td><b>Display</b></td><td><b>Definition</b></td></tr><tr><td><a href="CodeSystem-GenericValues.html#GenericValues-other">other</a></td><td>Andet sted/ukendt</td><td>Other - used to choose unspecific value not in a valueset</td></tr></table></li></ul></div></text><url value="https://kip.rkkp.dk/fhir/ValueSet/DoedLokation"/><version value="2.9.0"/><name value="DoedLokation"/><title value="Doed lokation"/><status value="active"/><experimental value="true"/><date value="2022-09-07T00:00:00+02:00"/><publisher value="Sundhedsvæsnets Kvalistetsinstitut with Trifork Digital Health A/S"/><contact><name value="Sundhedsvæsnets Kvalistetsinstitut with Trifork Digital Health A/S"/><telecom><system value="url"/><value value="https://trifork.com"/></telecom><telecom><system value="email"/><value value="rbk@trifork.com"/></telecom></contact><description value="Hvor døde patienten"/><compose><include><system value="https://kip.rkkp.dk/fhir/CodeSystem/DeathPlace"/><concept><code value="home"/><display value="Hjemmet"/></concept><concept><code value="palliative"/><display value="I denne palliative afdeling"/></concept><concept><code value="other_palliative"/><display value="I anden palliativ afdeling"/></concept><concept><code value="non_palliative"/><display value="Ikke-palliativ sygehusafdeling"/></concept><concept><code value="relief_area"/><display value="Aflastningsplads"/></concept></include><include><system value="https://kip.rkkp.dk/fhir/CodeSystem/GenericValues"/><concept><code value="other"/><display value="Andet sted/ukendt"/></concept></include></compose></ValueSet>