<?xml version="1.0" encoding="UTF-8"?><ValueSet xmlns="http://hl7.org/fhir"><id value="ResultTestFISH"/><text><status value="extensions"/><div xmlns="http://www.w3.org/1999/xhtml"><p class="res-header-id"><b>Generated Narrative: ValueSet ResultTestFISH</b></p><a name="ResultTestFISH"> </a><a name="hcResultTestFISH"> </a><a name="ResultTestFISH-en-US"> </a><p>This value set includes codes based on the following rules:</p><ul><li>Include these codes as defined in <a href="CodeSystem-ResultTest.html"><code>https://kip.rkkp.dk/fhir/CodeSystem/ResultTest</code></a><table class="none"><tr><td style="white-space:nowrap"><b>Code</b></td><td><b>Display</b></td><td><b>Definition</b></td></tr><tr><td><a href="CodeSystem-ResultTest.html#ResultTest-normal">normal</a></td><td>Normal</td><td>Normal / Normal [FISH]</td></tr><tr><td><a href="CodeSystem-ResultTest.html#ResultTest-changes">changes</a></td><td>Forandringer</td><td>Changes / Forandringer [FISH]</td></tr></table></li><li>Include these codes as defined in <a href="CodeSystem-GenericValues.html"><code>https://kip.rkkp.dk/fhir/CodeSystem/GenericValues</code></a><table class="none"><tr><td style="white-space:nowrap"><b>Code</b></td><td><b>Display</b></td><td><b>Definition</b></td></tr><tr><td><a href="CodeSystem-GenericValues.html#GenericValues-not_performed">not_performed</a></td><td>Ikke udført</td><td>Not performed - used to indicate, if a procedure or test has not been performed</td></tr></table></li></ul></div></text><url value="https://kip.rkkp.dk/fhir/ValueSet/ResultTestFISH"/><version value="2.9.0"/><name value="ResultTestFISH"/><title value="ResultTest_FISH"/><status value="active"/><experimental value="true"/><date value="2022-07-12T00:00:00+02:00"/><publisher value="Sundhedsvæsnets Kvalistetsinstitut with Trifork Digital Health A/S"/><contact><name value="Sundhedsvæsnets Kvalistetsinstitut with Trifork Digital Health A/S"/><telecom><system value="url"/><value value="https://trifork.com"/></telecom><telecom><system value="email"/><value value="rbk@trifork.com"/></telecom></contact><description value="Resultat af test (FISH)"/><compose><include><system value="https://kip.rkkp.dk/fhir/CodeSystem/ResultTest"/><concept><code value="normal"/><display value="Normal"/></concept><concept><code value="changes"/><display value="Forandringer"/></concept></include><include><system value="https://kip.rkkp.dk/fhir/CodeSystem/GenericValues"/><concept><code value="not_performed"/><display value="Ikke udført"/></concept></include></compose></ValueSet>