<?xml version="1.0" encoding="UTF-8"?><ValueSet xmlns="http://hl7.org/fhir"><id value="ForsoergelsesgrundlagRETSPSYK"/><text><status value="extensions"/><div xmlns="http://www.w3.org/1999/xhtml"><p class="res-header-id"><b>Generated Narrative: ValueSet ForsoergelsesgrundlagRETSPSYK</b></p><a name="ForsoergelsesgrundlagRETSPSYK"> </a><a name="hcForsoergelsesgrundlagRETSPSYK"> </a><a name="ForsoergelsesgrundlagRETSPSYK-en-US"> </a><p>This value set includes codes based on the following rules:</p><ul><li>Include these codes as defined in <a href="CodeSystem-EconomicSupport.html"><code>https://kip.rkkp.dk/fhir/CodeSystem/EconomicSupport</code></a><table class="none"><tr><td style="white-space:nowrap"><b>Code</b></td><td><b>Display</b></td><td><b>Definition</b></td></tr><tr><td><a href="CodeSystem-EconomicSupport.html#EconomicSupport-salary">salary</a></td><td>Lønindkomst (Inkl. sygepenge/understøttelse)</td><td>Salary / Lønindkomst</td></tr><tr><td><a href="CodeSystem-EconomicSupport.html#EconomicSupport-education_support">education_support</a></td><td>Overførselsindkomst - SU/uddannelsesstøtte/uddannelsesløn</td><td>Education support / Uddannelsesstøtte</td></tr><tr><td><a href="CodeSystem-EconomicSupport.html#EconomicSupport-cash_assistance">cash_assistance</a></td><td>Overførselsindkomst - Kontanthjælp</td><td>Cash assistance / Kontanthjælp</td></tr><tr><td><a href="CodeSystem-EconomicSupport.html#EconomicSupport-pension">pension</a></td><td>Overførselsindkomst - Pension/Førtidspension</td><td>Pension</td></tr></table></li><li>Include these codes as defined in <a href="CodeSystem-GenericValues.html"><code>https://kip.rkkp.dk/fhir/CodeSystem/GenericValues</code></a><table class="none"><tr><td style="white-space:nowrap"><b>Code</b></td><td><b>Display</b></td><td><b>Definition</b></td></tr><tr><td><a href="CodeSystem-GenericValues.html#GenericValues-none">none</a></td><td>Ingen indkomst</td><td>None - used to choose none of the available values</td></tr></table></li></ul></div></text><url value="https://kip.rkkp.dk/fhir/ValueSet/ForsoergelsesgrundlagRETSPSYK"/><version value="2.9.0"/><name value="ForsoergelsesgrundlagRETSPSYK"/><title value="Forsørgelsesgrundlag (RETSPSYK)"/><status value="active"/><experimental value="true"/><date value="2022-09-30T00:00:00+02:00"/><publisher value="Sundhedsvæsnets Kvalistetsinstitut with Trifork Digital Health A/S"/><contact><name value="Sundhedsvæsnets Kvalistetsinstitut with Trifork Digital Health A/S"/><telecom><system value="url"/><value value="https://trifork.com"/></telecom><telecom><system value="email"/><value value="rbk@trifork.com"/></telecom></contact><description value="Forsørgelsesgrundlag (RETSPSYK)"/><compose><include><system value="https://kip.rkkp.dk/fhir/CodeSystem/EconomicSupport"/><concept><code value="salary"/><display value="Lønindkomst (Inkl. sygepenge/understøttelse)"/></concept><concept><code value="education_support"/><display value="Overførselsindkomst - SU/uddannelsesstøtte/uddannelsesløn"/></concept><concept><code value="cash_assistance"/><display value="Overførselsindkomst - Kontanthjælp"/></concept><concept><code value="pension"/><display value="Overførselsindkomst - Pension/Førtidspension"/></concept></include><include><system value="https://kip.rkkp.dk/fhir/CodeSystem/GenericValues"/><concept><code value="none"/><display value="Ingen indkomst"/></concept></include></compose></ValueSet>