<?xml version="1.0" encoding="UTF-8"?><ValueSet xmlns="http://hl7.org/fhir"><id value="IndgrebLaparoskopiskDHDB"/><text><status value="extensions"/><div xmlns="http://www.w3.org/1999/xhtml"><p class="res-header-id"><b>Generated Narrative: ValueSet IndgrebLaparoskopiskDHDB</b></p><a name="IndgrebLaparoskopiskDHDB"> </a><a name="hcIndgrebLaparoskopiskDHDB"> </a><a name="IndgrebLaparoskopiskDHDB-en-US"> </a><ul><li>Include these codes as defined in <a href="CodeSystem-ProcedureType.html"><code>https://kip.rkkp.dk/fhir/CodeSystem/ProcedureType</code></a><table class="none"><tr><td style="white-space:nowrap"><b>Code</b></td><td><b>Display</b></td><td><b>Definition</b></td></tr><tr><td><a href="CodeSystem-ProcedureType.html#ProcedureType-transperitoneal">transperitoneal</a></td><td>Transperitoneal adgang</td><td>Transperitoneal</td></tr><tr><td><a href="CodeSystem-ProcedureType.html#ProcedureType-extraperitoneal">extraperitoneal</a></td><td>Extraperitoneal adgang</td><td>Extraperitoneal</td></tr></table></li></ul></div></text><url value="https://kip.rkkp.dk/fhir/ValueSet/IndgrebLaparoskopiskDHDB"/><version value="2.9.0"/><name value="IndgrebLaparoskopiskDHDB"/><title value="Indgreb, laparoskopisk - ingvinalhernie (DHDB)"/><status value="active"/><experimental value="true"/><date value="2022-07-20T00:00:00+02:00"/><publisher value="Sundhedsvæsnets Kvalistetsinstitut with Trifork Digital Health A/S"/><contact><name value="Sundhedsvæsnets Kvalistetsinstitut with Trifork Digital Health A/S"/><telecom><system value="url"/><value value="https://trifork.com"/></telecom><telecom><system value="email"/><value value="rbk@trifork.com"/></telecom></contact><description value="Indgreb, laparoskopisk - ingvinalhernie (DHDB)"/><compose><include><system value="https://kip.rkkp.dk/fhir/CodeSystem/ProcedureType"/><concept><code value="transperitoneal"/><display value="Transperitoneal adgang"/></concept><concept><code value="extraperitoneal"/><display value="Extraperitoneal adgang"/></concept></include></compose></ValueSet>