<?xml version="1.0" encoding="UTF-8"?><ValueSet xmlns="http://hl7.org/fhir"><id value="IndgrebComponentsSeparationDHDB"/><text><status value="extensions"/><div xmlns="http://www.w3.org/1999/xhtml"><p class="res-header-id"><b>Generated Narrative: ValueSet IndgrebComponentsSeparationDHDB</b></p><a name="IndgrebComponentsSeparationDHDB"> </a><a name="hcIndgrebComponentsSeparationDHDB"> </a><a name="IndgrebComponentsSeparationDHDB-en-US"> </a><ul><li>Include these codes as defined in <a href="CodeSystem-ProcedureType.html"><code>https://kip.rkkp.dk/fhir/CodeSystem/ProcedureType</code></a><table class="none"><tr><td style="white-space:nowrap"><b>Code</b></td><td><b>Display</b></td><td><b>Definition</b></td></tr><tr><td><a href="CodeSystem-ProcedureType.html#ProcedureType-open">open</a></td><td>Åben</td><td>Open / Åbent</td></tr><tr><td><a href="CodeSystem-ProcedureType.html#ProcedureType-endoscopic">endoscopic</a></td><td>Endoskopisk</td><td>Endoscopic / Endoskopisk</td></tr></table></li></ul></div></text><url value="https://kip.rkkp.dk/fhir/ValueSet/IndgrebComponentsSeparationDHDB"/><version value="2.9.0"/><name value="IndgrebComponentsSeparationDHDB"/><title value="Indgreb - Components Separation (DHDB)"/><status value="active"/><experimental value="true"/><date value="2022-07-20T00:00:00+02:00"/><publisher value="Sundhedsvæsnets Kvalistetsinstitut with Trifork Digital Health A/S"/><contact><name value="Sundhedsvæsnets Kvalistetsinstitut with Trifork Digital Health A/S"/><telecom><system value="url"/><value value="https://trifork.com"/></telecom><telecom><system value="email"/><value value="rbk@trifork.com"/></telecom></contact><description value="Indgreb - Components Separation (DHDB)"/><compose><include><system value="https://kip.rkkp.dk/fhir/CodeSystem/ProcedureType"/><concept><code value="open"/><display value="Åben"/></concept><concept><code value="endoscopic"/><display value="Endoskopisk"/></concept></include></compose></ValueSet>