<?xml version="1.0" encoding="UTF-8"?><ValueSet xmlns="http://hl7.org/fhir"><id value="SmerteKvalme"/><text><status value="extensions"/><div xmlns="http://www.w3.org/1999/xhtml"><p class="res-header-id"><b>Generated Narrative: ValueSet SmerteKvalme</b></p><a name="SmerteKvalme"> </a><a name="hcSmerteKvalme"> </a><a name="SmerteKvalme-en-US"> </a><ul><li>Include these codes as defined in <a href="CodeSystem-SmerteKvalme.html"><code>https://kip.rkkp.dk/fhir/CodeSystem/SmerteKvalme</code></a><table class="none"><tr><td style="white-space:nowrap"><b>Code</b></td><td><b>Display</b></td><td><b>Definition</b></td></tr><tr><td><a href="CodeSystem-SmerteKvalme.html#SmerteKvalme-0">0</a></td><td>0</td><td>0</td></tr><tr><td><a href="CodeSystem-SmerteKvalme.html#SmerteKvalme-1">1</a></td><td>1</td><td>1</td></tr><tr><td><a href="CodeSystem-SmerteKvalme.html#SmerteKvalme-2">2</a></td><td>2</td><td>2</td></tr><tr><td><a href="CodeSystem-SmerteKvalme.html#SmerteKvalme-3">3</a></td><td>3</td><td>3</td></tr></table></li></ul></div></text><url value="https://kip.rkkp.dk/fhir/ValueSet/SmerteKvalme"/><version value="2.9.0"/><name value="SmerteKvalme"/><title value="KvalmeSmerte"/><status value="active"/><experimental value="true"/><date value="2022-05-31T00:00:00+02:00"/><publisher value="Sundhedsvæsnets Kvalistetsinstitut with Trifork Digital Health A/S"/><contact><name value="Sundhedsvæsnets Kvalistetsinstitut with Trifork Digital Health A/S"/><telecom><system value="url"/><value value="https://trifork.com"/></telecom><telecom><system value="email"/><value value="rbk@trifork.com"/></telecom></contact><description value="Vurdering af patientens smerte- / kvalmetilstand"/><compose><include><system value="https://kip.rkkp.dk/fhir/CodeSystem/SmerteKvalme"/><concept><code value="0"/><display value="0"/></concept><concept><code value="1"/><display value="1"/></concept><concept><code value="2"/><display value="2"/></concept><concept><code value="3"/><display value="3"/></concept></include></compose></ValueSet>