<?xml version="1.0" encoding="UTF-8"?><ValueSet xmlns="http://hl7.org/fhir"><id value="AnaestesiRegionalDHR"/><text><status value="extensions"/><div xmlns="http://www.w3.org/1999/xhtml"><p class="res-header-id"><b>Generated Narrative: ValueSet AnaestesiRegionalDHR</b></p><a name="AnaestesiRegionalDHR"> </a><a name="hcAnaestesiRegionalDHR"> </a><a name="AnaestesiRegionalDHR-en-US"> </a><ul><li>Include these codes as defined in <a href="CodeSystem-AnasthesiaService.html"><code>https://kip.rkkp.dk/fhir/CodeSystem/AnasthesiaService</code></a><table class="none"><tr><td style="white-space:nowrap"><b>Code</b></td><td><b>Display</b></td><td><b>Definition</b></td></tr><tr><td><a href="CodeSystem-AnasthesiaService.html#AnasthesiaService-spinal">spinal</a></td><td>Spinalanæstesi</td><td>Spinal</td></tr><tr><td><a href="CodeSystem-AnasthesiaService.html#AnasthesiaService-normotensive">normotensive</a></td><td>Normotensiv epiduralanæstesi</td><td>Normotensive epidural anaesthesia</td></tr><tr><td><a href="CodeSystem-AnasthesiaService.html#AnasthesiaService-hypotensive">hypotensive</a></td><td>Hypotensiv epiduralanæstesi</td><td>Hypotensive epidural anaesthesia</td></tr></table></li></ul></div></text><url value="https://kip.rkkp.dk/fhir/ValueSet/AnaestesiRegionalDHR"/><version value="2.9.0"/><name value="AnaestesiRegionalDHR"/><title value="Anæstesi - Regional [DHR]"/><status value="active"/><experimental value="true"/><date value="2022-06-09T00:00:00+02:00"/><publisher value="Sundhedsvæsnets Kvalistetsinstitut with Trifork Digital Health A/S"/><contact><name value="Sundhedsvæsnets Kvalistetsinstitut with Trifork Digital Health A/S"/><telecom><system value="url"/><value value="https://trifork.com"/></telecom><telecom><system value="email"/><value value="rbk@trifork.com"/></telecom></contact><description value="Anæstesi - Regional [DHR]"/><compose><include><system value="https://kip.rkkp.dk/fhir/CodeSystem/AnasthesiaService"/><concept><code value="spinal"/><display value="Spinalanæstesi"/></concept><concept><code value="normotensive"/><display value="Normotensiv epiduralanæstesi"/></concept><concept><code value="hypotensive"/><display value="Hypotensiv epiduralanæstesi"/></concept></include></compose></ValueSet>