<?xml version="1.0" encoding="UTF-8"?><ValueSet xmlns="http://hl7.org/fhir"><id value="ProteseFjernelseDHR"/><text><status value="extensions"/><div xmlns="http://www.w3.org/1999/xhtml"><p class="res-header-id"><b>Generated Narrative: ValueSet ProteseFjernelseDHR</b></p><a name="ProteseFjernelseDHR"> </a><a name="hcProteseFjernelseDHR"> </a><a name="ProteseFjernelseDHR-en-US"> </a><ul><li>Include these codes as defined in <a href="CodeSystem-ImplantComponents.html"><code>https://kip.rkkp.dk/fhir/CodeSystem/ImplantComponents</code></a><table class="none"><tr><td style="white-space:nowrap"><b>Code</b></td><td><b>Display</b></td><td><b>Definition</b></td></tr><tr><td><a href="CodeSystem-ImplantComponents.html#ImplantComponents-cement_spacer">cement_spacer</a></td><td>Til cementspacer</td><td>Cement spacer</td></tr><tr><td><a href="CodeSystem-ImplantComponents.html#ImplantComponents-girdlestone">girdlestone</a></td><td>Til Girdlestone status</td><td>Girdlestone</td></tr></table></li></ul></div></text><url value="https://kip.rkkp.dk/fhir/ValueSet/ProteseFjernelseDHR"/><version value="2.9.0"/><name value="ProteseFjernelseDHR"/><title value="Protese fjernelse (DHR)"/><status value="active"/><experimental value="true"/><date value="2022-11-08T00:00:00+02:00"/><publisher value="Sundhedsvæsnets Kvalistetsinstitut with Trifork Digital Health A/S"/><contact><name value="Sundhedsvæsnets Kvalistetsinstitut with Trifork Digital Health A/S"/><telecom><system value="url"/><value value="https://trifork.com"/></telecom><telecom><system value="email"/><value value="rbk@trifork.com"/></telecom></contact><description value="Protese fjernelse (DHR)"/><compose><include><system value="https://kip.rkkp.dk/fhir/CodeSystem/ImplantComponents"/><concept><code value="cement_spacer"/><display value="Til cementspacer"/></concept><concept><code value="girdlestone"/><display value="Til Girdlestone status"/></concept></include></compose></ValueSet>