<?xml version="1.0" encoding="UTF-8"?><ValueSet xmlns="http://hl7.org/fhir"><id value="NIHSS1cBevidsthedsniveau"/><text><status value="extensions"/><div xmlns="http://www.w3.org/1999/xhtml"><p class="res-header-id"><b>Generated Narrative: ValueSet NIHSS1cBevidsthedsniveau</b></p><a name="NIHSS1cBevidsthedsniveau"> </a><a name="hcNIHSS1cBevidsthedsniveau"> </a><a name="NIHSS1cBevidsthedsniveau-en-US"> </a><ul><li>Include these codes as defined in <a href="CodeSystem-NIHSS1cLOC.html"><code>https://kip.rkkp.dk/fhir/CodeSystem/NIHSS1cLOC</code></a><table class="none"><tr><td style="white-space:nowrap"><b>Code</b></td><td><b>Display</b></td><td><b>Definition</b></td></tr><tr><td><a href="CodeSystem-NIHSS1cLOC.html#NIHSS1cLOC-0">0</a></td><td>0 = Udfører begge ordrer korrekt</td><td>Performs both tasks correctly.</td></tr><tr><td><a href="CodeSystem-NIHSS1cLOC.html#NIHSS1cLOC-1">1</a></td><td>1 = Udfører én ordre korrekt</td><td>Performs one task correctly.</td></tr><tr><td><a href="CodeSystem-NIHSS1cLOC.html#NIHSS1cLOC-2">2</a></td><td>2 = Ingen af ordrerne udført korrekt</td><td>Performs neither task correctly.</td></tr></table></li></ul></div></text><url value="https://kip.rkkp.dk/fhir/ValueSet/NIHSS1cBevidsthedsniveau"/><version value="2.9.0"/><name value="NIHSS1cBevidsthedsniveau"/><title value="NIHSS - 1c. Bevidsthedsniveau: ordrer"/><status value="active"/><experimental value="true"/><date value="2022-06-24T00:00:00+02:00"/><publisher value="Sundhedsvæsnets Kvalistetsinstitut with Trifork Digital Health A/S"/><contact><name value="Sundhedsvæsnets Kvalistetsinstitut with Trifork Digital Health A/S"/><telecom><system value="url"/><value value="https://trifork.com"/></telecom><telecom><system value="email"/><value value="rbk@trifork.com"/></telecom></contact><description value="The National Institute of Health Stroke Scale (NIHSS) - 1c. Bevidsthedsniveau: ordrer"/><compose><include><system value="https://kip.rkkp.dk/fhir/CodeSystem/NIHSS1cLOC"/><concept><code value="0"/><display value="0 = Udfører begge ordrer korrekt"/></concept><concept><code value="1"/><display value="1 = Udfører én ordre korrekt"/></concept><concept><code value="2"/><display value="2 = Ingen af ordrerne udført korrekt"/></concept></include></compose></ValueSet>