<?xml version="1.0" encoding="UTF-8"?><ValueSet xmlns="http://hl7.org/fhir"><id value="DoedsaarsagCLL"/><text><status value="extensions"/><div xmlns="http://www.w3.org/1999/xhtml"><p class="res-header-id"><b>Generated Narrative: ValueSet DoedsaarsagCLL</b></p><a name="DoedsaarsagCLL"> </a><a name="hcDoedsaarsagCLL"> </a><a name="DoedsaarsagCLL-en-US"> </a><p>This value set includes codes based on the following rules:</p><ul><li>Include these codes as defined in <a href="CodeSystem-CauseOfDeath.html"><code>https://kip.rkkp.dk/fhir/CodeSystem/CauseOfDeath</code></a><table class="none"><tr><td style="white-space:nowrap"><b>Code</b></td><td><b>Display</b></td><td><b>Definition</b></td></tr><tr><td><a href="CodeSystem-CauseOfDeath.html#CauseOfDeath-cll">cll</a></td><td>CLL</td><td>CLL</td></tr></table></li><li>Include these codes as defined in <a href="CodeSystem-GenericValues.html"><code>https://kip.rkkp.dk/fhir/CodeSystem/GenericValues</code></a><table class="none"><tr><td style="white-space:nowrap"><b>Code</b></td><td><b>Display</b></td><td><b>Definition</b></td></tr><tr><td><a href="CodeSystem-GenericValues.html#GenericValues-other">other</a></td><td>Anden årsag</td><td>Other - used to choose unspecific value not in a valueset</td></tr></table></li><li>Include these codes as defined in <a href="http://terminology.hl7.org/3.1.0/CodeSystem-v2-0532.html"><code>http://terminology.hl7.org/CodeSystem/v2-0532</code></a><table class="none"><tr><td style="white-space:nowrap"><b>Code</b></td><td><b>Display</b></td></tr><tr><td><a href="http://terminology.hl7.org/3.1.0/CodeSystem-v2-0532.html#v2-0532-UKN">UKN</a></td><td>Ukendt</td></tr></table></li></ul></div></text><url value="https://kip.rkkp.dk/fhir/ValueSet/DoedsaarsagCLL"/><version value="2.9.0"/><name value="DoedsaarsagCLL"/><title value="Doedsaarsag [CLL]"/><status value="active"/><experimental value="true"/><date value="2022-07-13T00:00:00+02:00"/><publisher value="Sundhedsvæsnets Kvalistetsinstitut with Trifork Digital Health A/S"/><contact><name value="Sundhedsvæsnets Kvalistetsinstitut with Trifork Digital Health A/S"/><telecom><system value="url"/><value value="https://trifork.com"/></telecom><telecom><system value="email"/><value value="rbk@trifork.com"/></telecom></contact><description value="Dødsårsag [CLL]"/><compose><include><system value="https://kip.rkkp.dk/fhir/CodeSystem/CauseOfDeath"/><concept><code value="cll"/><display value="CLL"/></concept></include><include><system value="https://kip.rkkp.dk/fhir/CodeSystem/GenericValues"/><concept><code value="other"/><display value="Anden årsag"/></concept></include><include><system value="http://terminology.hl7.org/CodeSystem/v2-0532"/><concept><code value="UKN"/><display value="Ukendt"/></concept></include></compose></ValueSet>