<?xml version="1.0" encoding="UTF-8"?><ValueSet xmlns="http://hl7.org/fhir"><id value="OnkologibehandlingerKurativ"/><text><status value="extensions"/><div xmlns="http://www.w3.org/1999/xhtml"><p class="res-header-id"><b>Generated Narrative: ValueSet OnkologibehandlingerKurativ</b></p><a name="OnkologibehandlingerKurativ"> </a><a name="hcOnkologibehandlingerKurativ"> </a><a name="OnkologibehandlingerKurativ-en-US"> </a><ul><li>Include these codes as defined in <a href="CodeSystem-OncologyTreatmentCurative.html"><code>https://kip.rkkp.dk/fhir/CodeSystem/OncologyTreatmentCurative</code></a><table class="none"><tr><td style="white-space:nowrap"><b>Code</b></td><td><b>Display</b></td><td><b>Definition</b></td></tr><tr><td><a href="CodeSystem-OncologyTreatmentCurative.html#OncologyTreatmentCurative-adjuvant">adjuvant</a></td><td>Adjuverende</td><td>Hvis Adjuverende behandling</td></tr><tr><td><a href="CodeSystem-OncologyTreatmentCurative.html#OncologyTreatmentCurative-neoadjuvant">neoadjuvant</a></td><td>Neo-adjuverende</td><td>Hvis Neo-adjuverende behandling</td></tr><tr><td><a href="CodeSystem-OncologyTreatmentCurative.html#OncologyTreatmentCurative-perioperative">perioperative</a></td><td>Perioperativ</td><td>Hvis Perioperativ behandling</td></tr><tr><td><a href="CodeSystem-OncologyTreatmentCurative.html#OncologyTreatmentCurative-radio.47chemo">radio/chemo</a></td><td>Definitiv kemo/radioterapi</td><td>Hvis Definitiv kemo/radioterapi behandling</td></tr></table></li></ul></div></text><url value="https://kip.rkkp.dk/fhir/ValueSet/OnkologibehandlingerKurativ"/><version value="2.9.0"/><name value="OnkologibehandlingerKurativ"/><title value="Onkologibehandlinger (kurativ)"/><status value="active"/><experimental value="true"/><date value="2022-04-28T00:00:00+02:00"/><publisher value="Sundhedsvæsnets Kvalistetsinstitut with Trifork Digital Health A/S"/><contact><name value="Sundhedsvæsnets Kvalistetsinstitut with Trifork Digital Health A/S"/><telecom><system value="url"/><value value="https://trifork.com"/></telecom><telecom><system value="email"/><value value="rbk@trifork.com"/></telecom></contact><description value="Dette er alle typer af onkologibehandlinger for kurativ behandlingsintention"/><compose><include><system value="https://kip.rkkp.dk/fhir/CodeSystem/OncologyTreatmentCurative"/><concept><code value="adjuvant"/><display value="Adjuverende"/></concept><concept><code value="neoadjuvant"/><display value="Neo-adjuverende"/></concept><concept><code value="perioperative"/><display value="Perioperativ"/></concept><concept><code value="radio/chemo"/><display value="Definitiv kemo/radioterapi"/></concept></include></compose></ValueSet>