<?xml version="1.0" encoding="UTF-8"?><ValueSet xmlns="http://hl7.org/fhir"><id value="Ryger8uger"/><text><status value="extensions"/><div xmlns="http://www.w3.org/1999/xhtml"><p class="res-header-id"><b>Generated Narrative: ValueSet Ryger8uger</b></p><a name="Ryger8uger"> </a><a name="hcRyger8uger"> </a><a name="Ryger8uger-en-US"> </a><p>This value set includes codes based on the following rules:</p><ul><li>Include these codes as defined in <a href="CodeSystem-Smoking.html"><code>https://kip.rkkp.dk/fhir/CodeSystem/Smoking</code></a><table class="none"><tr><td style="white-space:nowrap"><b>Code</b></td><td><b>Display</b></td><td><b>Definition</b></td></tr><tr><td><a href="CodeSystem-Smoking.html#Smoking-non-smoker">non-smoker</a></td><td>Ikke ryger</td><td>Ikkeryger</td></tr><tr><td><a href="CodeSystem-Smoking.html#Smoking-smoker">smoker</a></td><td>Ryger eller ophørt indenfor 8 uger</td><td>Ryger</td></tr></table></li><li>Include these codes as defined in <a href="http://terminology.hl7.org/3.1.0/CodeSystem-v2-0532.html"><code>http://terminology.hl7.org/CodeSystem/v2-0532</code></a><table class="none"><tr><td style="white-space:nowrap"><b>Code</b></td><td><b>Display</b></td><td><b>Definition</b></td></tr><tr><td><a href="http://terminology.hl7.org/3.1.0/CodeSystem-v2-0532.html#v2-0532-UNK">UNK</a></td><td>Uoplyst</td><td>unknown</td></tr></table></li></ul></div></text><url value="https://kip.rkkp.dk/fhir/ValueSet/Ryger8uger"/><version value="2.9.0"/><name value="Ryger8uger"/><title value="Ryger op til 8 uger"/><status value="active"/><experimental value="true"/><date value="2022-06-15T00:00:00+02:00"/><publisher value="Sundhedsvæsnets Kvalistetsinstitut with Trifork Digital Health A/S"/><contact><name value="Sundhedsvæsnets Kvalistetsinstitut with Trifork Digital Health A/S"/><telecom><system value="url"/><value value="https://trifork.com"/></telecom><telecom><system value="email"/><value value="rbk@trifork.com"/></telecom></contact><description value="Ryger eller ophørt indenfor 8 uger"/><compose><include><system value="https://kip.rkkp.dk/fhir/CodeSystem/Smoking"/><concept><code value="non-smoker"/><display value="Ikke ryger"/></concept><concept><code value="smoker"/><display value="Ryger eller ophørt indenfor 8 uger"/></concept></include><include><system value="http://terminology.hl7.org/CodeSystem/v2-0532"/><concept><code value="UNK"/><display value="Uoplyst"/></concept></include></compose></ValueSet>