<?xml version="1.0" encoding="UTF-8"?><ValueSet xmlns="http://hl7.org/fhir"><id value="JaNejUvistUkendtIkkeRelevant"/><text><status value="extensions"/><div xmlns="http://www.w3.org/1999/xhtml"><p class="res-header-id"><b>Generated Narrative: ValueSet JaNejUvistUkendtIkkeRelevant</b></p><a name="JaNejUvistUkendtIkkeRelevant"> </a><a name="hcJaNejUvistUkendtIkkeRelevant"> </a><a name="JaNejUvistUkendtIkkeRelevant-en-US"> </a><ul><li>Include these codes as defined in <a href="http://terminology.hl7.org/3.1.0/CodeSystem-v2-0532.html"><code>http://terminology.hl7.org/CodeSystem/v2-0532</code></a><table class="none"><tr><td style="white-space:nowrap"><b>Code</b></td><td><b>Display</b></td><td><b>Definition</b></td></tr><tr><td><a href="http://terminology.hl7.org/3.1.0/CodeSystem-v2-0532.html#v2-0532-Y">Y</a></td><td>Ja</td><td>Yes</td></tr><tr><td><a href="http://terminology.hl7.org/3.1.0/CodeSystem-v2-0532.html#v2-0532-N">N</a></td><td>Nej</td><td>No</td></tr><tr><td><a href="http://terminology.hl7.org/3.1.0/CodeSystem-v2-0532.html#v2-0532-ASKU">ASKU</a></td><td>Spurgt men uvist</td><td>asked but unknown</td></tr><tr><td><a href="http://terminology.hl7.org/3.1.0/CodeSystem-v2-0532.html#v2-0532-NASK">NASK</a></td><td>Ikke spurgt</td><td>not asked</td></tr><tr><td><a href="http://terminology.hl7.org/3.1.0/CodeSystem-v2-0532.html#v2-0532-NA">NA</a></td><td>Ikke relevant</td><td>not applicable</td></tr></table></li></ul></div></text><url value="https://kip.rkkp.dk/fhir/ValueSet/JaNejUvistUkendtIkkeRelevant"/><version value="2.9.0"/><name value="JaNejUvistUkendtIkkeRelevant"/><title value="Ja / Nej / Uvist / Ukendt / Relevant"/><status value="active"/><experimental value="true"/><date value="2022-05-16T00:00:00+02:00"/><publisher value="Sundhedsvæsnets Kvalistetsinstitut with Trifork Digital Health A/S"/><contact><name value="Sundhedsvæsnets Kvalistetsinstitut with Trifork Digital Health A/S"/><telecom><system value="url"/><value value="https://trifork.com"/></telecom><telecom><system value="email"/><value value="rbk@trifork.com"/></telecom></contact><description value="Giver mulighed for både måske og et ikke spurgt spørgsmål"/><compose><include><system value="http://terminology.hl7.org/CodeSystem/v2-0532"/><concept><code value="Y"/><display value="Ja"/></concept><concept><code value="N"/><display value="Nej"/></concept><concept><code value="ASKU"/><display value="Spurgt men uvist"/></concept><concept><code value="NASK"/><display value="Ikke spurgt"/></concept><concept><code value="NA"/><display value="Ikke relevant"/></concept></include></compose></ValueSet>