<?xml version="1.0" encoding="UTF-8"?><ValueSet xmlns="http://hl7.org/fhir"><id value="TreatmentIndicationCLL"/><text><status value="extensions"/><div xmlns="http://www.w3.org/1999/xhtml"><p class="res-header-id"><b>Generated Narrative: ValueSet TreatmentIndicationCLL</b></p><a name="TreatmentIndicationCLL"> </a><a name="hcTreatmentIndicationCLL"> </a><a name="TreatmentIndicationCLL-en-US"> </a><p>This value set includes codes based on the following rules:</p><ul><li>Include these codes as defined in <a href="CodeSystem-TreatmentIndication.html"><code>https://kip.rkkp.dk/fhir/CodeSystem/TreatmentIndication</code></a><table class="none"><tr><td style="white-space:nowrap"><b>Code</b></td><td><b>Display</b></td><td><b>Definition</b></td></tr><tr><td><a href="CodeSystem-TreatmentIndication.html#TreatmentIndication-cll">cll</a></td><td>CLL</td><td>CLL</td></tr><tr><td><a href="CodeSystem-TreatmentIndication.html#TreatmentIndication-autoimmune">autoimmune</a></td><td>Autoimmune fænomener</td><td>Autoimmune fænomener</td></tr></table></li><li>Include these codes as defined in <a href="CodeSystem-GenericValues.html"><code>https://kip.rkkp.dk/fhir/CodeSystem/GenericValues</code></a><table class="none"><tr><td style="white-space:nowrap"><b>Code</b></td><td><b>Display</b></td><td><b>Definition</b></td></tr><tr><td><a href="CodeSystem-GenericValues.html#GenericValues-other">other</a></td><td>Andet</td><td>Other - used to choose unspecific value not in a valueset</td></tr></table></li></ul></div></text><url value="https://kip.rkkp.dk/fhir/ValueSet/TreatmentIndicationCLL"/><version value="2.9.0"/><name value="TreatmentIndicationCLL"/><title value="Treatment_Indication_CLL"/><status value="active"/><experimental value="true"/><date value="2022-07-13T00:00:00+02:00"/><publisher value="Sundhedsvæsnets Kvalistetsinstitut with Trifork Digital Health A/S"/><contact><name value="Sundhedsvæsnets Kvalistetsinstitut with Trifork Digital Health A/S"/><telecom><system value="url"/><value value="https://trifork.com"/></telecom><telecom><system value="email"/><value value="rbk@trifork.com"/></telecom></contact><description value="Indikation for kemoterapi/behandling - CLL"/><compose><include><system value="https://kip.rkkp.dk/fhir/CodeSystem/TreatmentIndication"/><concept><code value="cll"/><display value="CLL"/></concept><concept><code value="autoimmune"/><display value="Autoimmune fænomener"/></concept></include><include><system value="https://kip.rkkp.dk/fhir/CodeSystem/GenericValues"/><concept><code value="other"/><display value="Andet"/></concept></include></compose></ValueSet>