<?xml version="1.0" encoding="UTF-8"?><ValueSet xmlns="http://hl7.org/fhir"><id value="VasospasmerTiltag"/><text><status value="extensions"/><div xmlns="http://www.w3.org/1999/xhtml"><p class="res-header-id"><b>Generated Narrative: ValueSet VasospasmerTiltag</b></p><a name="VasospasmerTiltag"> </a><a name="hcVasospasmerTiltag"> </a><a name="VasospasmerTiltag-en-US"> </a><p>This value set includes codes based on the following rules:</p><ul><li>Include these codes as defined in <a href="CodeSystem-GenericValues.html"><code>https://kip.rkkp.dk/fhir/CodeSystem/GenericValues</code></a><table class="none"><tr><td style="white-space:nowrap"><b>Code</b></td><td><b>Display</b></td><td><b>Definition</b></td></tr><tr><td><a href="CodeSystem-GenericValues.html#GenericValues-none">none</a></td><td>Ingen</td><td>None - used to choose none of the available values</td></tr></table></li><li>Include these codes as defined in <a href="CodeSystem-TreatmentInitiatives.html"><code>https://kip.rkkp.dk/fhir/CodeSystem/TreatmentInitiatives</code></a><table class="none"><tr><td style="white-space:nowrap"><b>Code</b></td><td><b>Display</b></td><td><b>Definition</b></td></tr><tr><td><a href="CodeSystem-TreatmentInitiatives.html#TreatmentInitiatives-oxygenmonitoring">oxygenmonitoring</a></td><td>Intracerebral iltmonitorering</td><td>Iltmonitorering</td></tr><tr><td><a href="CodeSystem-TreatmentInitiatives.html#TreatmentInitiatives-hypertensiontreatment">hypertensiontreatment</a></td><td>Hypertensionsbehandling</td><td>Hypertensionsbehandling</td></tr><tr><td><a href="CodeSystem-TreatmentInitiatives.html#TreatmentInitiatives-endovascularmedical">endovascularmedical</a></td><td>Endovaskulær medicinsk behandling</td><td>Endovaskulær medicinsk behandling</td></tr><tr><td><a href="CodeSystem-TreatmentInitiatives.html#TreatmentInitiatives-endovascularmechanical">endovascularmechanical</a></td><td>Endovaskulær mekanisk behandling</td><td>Endovaskulær mekanisk behandling</td></tr></table></li></ul></div></text><url value="https://kip.rkkp.dk/fhir/ValueSet/VasospasmerTiltag"/><version value="2.9.0"/><name value="VasospasmerTiltag"/><title value="Tiltag i forbindelse med vasospasmer"/><status value="active"/><experimental value="true"/><date value="2022-06-29T00:00:00+02:00"/><publisher value="Sundhedsvæsnets Kvalistetsinstitut with Trifork Digital Health A/S"/><contact><name value="Sundhedsvæsnets Kvalistetsinstitut with Trifork Digital Health A/S"/><telecom><system value="url"/><value value="https://trifork.com"/></telecom><telecom><system value="email"/><value value="rbk@trifork.com"/></telecom></contact><description value="Tiltag i forbindelse med vasospasmer"/><compose><include><system value="https://kip.rkkp.dk/fhir/CodeSystem/GenericValues"/><concept><code value="none"/><display value="Ingen"/></concept></include><include><system value="https://kip.rkkp.dk/fhir/CodeSystem/TreatmentInitiatives"/><concept><code value="oxygenmonitoring"/><display value="Intracerebral iltmonitorering"/></concept><concept><code value="hypertensiontreatment"/><display value="Hypertensionsbehandling"/></concept><concept><code value="endovascularmedical"/><display value="Endovaskulær medicinsk behandling"/></concept><concept><code value="endovascularmechanical"/><display value="Endovaskulær mekanisk behandling"/></concept></include></compose></ValueSet>