<?xml version="1.0" encoding="UTF-8"?>

<CodeSystem xmlns="http://hl7.org/fhir">
  <id value="NIHSS11ExtinctionInattention"/>
  <text>
    <status value="generated"/><div xmlns="http://www.w3.org/1999/xhtml"><p class="res-header-id"><b>Generated Narrative: CodeSystem NIHSS11ExtinctionInattention</b></p><a name="NIHSS11ExtinctionInattention"> </a><a name="hcNIHSS11ExtinctionInattention"> </a><a name="NIHSS11ExtinctionInattention-en-US"> </a><p>This  code system <code>https://kip.rkkp.dk/fhir/CodeSystem/NIHSS11ExtinctionInattention</code> defines the following codes:</p><table class="codes"><tr><td style="white-space:nowrap"><b>Code</b></td><td><b>Definition</b></td></tr><tr><td style="white-space:nowrap">0<a name="NIHSS11ExtinctionInattention-0"> </a></td><td>No abnormality.</td></tr><tr><td style="white-space:nowrap">1<a name="NIHSS11ExtinctionInattention-1"> </a></td><td>Visual, tactile, auditory, spatial, or personal inattention or extinction to bilateral simultaneous stimulation in one of the sensory modalities.</td></tr><tr><td style="white-space:nowrap">2<a name="NIHSS11ExtinctionInattention-2"> </a></td><td>Profound hemi-inattention or extinction to more than one modality; does not recognize own hand or orients to only one side of space.</td></tr></table></div>
  </text>
  <url value="https://kip.rkkp.dk/fhir/CodeSystem/NIHSS11ExtinctionInattention"/>
  <version value="2.9.1"/>
  <name value="NIHSS11ExtinctionInattention"/>
  <title value="The National Institute of Health Stroke Scale (NIHSS) - 11. Extinction and Inattention (formerly Neglect)"/>
  <status value="active"/>
  <date value="2022-06-23T00:00:00+02:00"/>
  <publisher value="Sundhedsvæsnets Kvalistetsinstitut with Trifork Digital Health A/S"/>
  <contact>
    <name value="Sundhedsvæsnets Kvalistetsinstitut with Trifork Digital Health A/S"/>
    <telecom>
      <system value="url"/>
      <value value="https://trifork.com"/>
    </telecom>
    <telecom>
      <system value="email"/>
      <value value="rbk@trifork.com"/>
    </telecom>
  </contact>
  <description value="The National Institute of Health Stroke Scale (NIHSS) - 11. Extinction and Inattention (formerly Neglect); Link: https://www.ninds.nih.gov/stroke-scales-and-related-information"/>
  <content value="complete"/>
  <count value="3"/>
  <concept>
    <code value="0"/>
    <display value="0"/>
    <definition value="No abnormality."/>
  </concept>
  <concept>
    <code value="1"/>
    <display value="1"/>
    <definition value="Visual, tactile, auditory, spatial, or personal inattention or extinction to bilateral simultaneous stimulation in one of the sensory modalities."/>
  </concept>
  <concept>
    <code value="2"/>
    <display value="2"/>
    <definition value="Profound hemi-inattention or extinction to more than one modality; does not recognize own hand or orients to only one side of space."/>
  </concept>
</CodeSystem>