<?xml version="1.0" encoding="UTF-8"?>

<CodeSystem xmlns="http://hl7.org/fhir">
  <id value="AnastomosisLeak"/>
  <text>
    <status value="generated"/><div xmlns="http://www.w3.org/1999/xhtml"><p class="res-header-id"><b>Generated Narrative: CodeSystem AnastomosisLeak</b></p><a name="AnastomosisLeak"> </a><a name="hcAnastomosisLeak"> </a><a name="AnastomosisLeak-en-US"> </a><p>This  code system <code>https://kip.rkkp.dk/fhir/CodeSystem/AnastomosisLeak</code> defines the following codes:</p><table class="codes"><tr><td style="white-space:nowrap"><b>Code</b></td><td><b>Display</b></td><td><b>Definition</b></td></tr><tr><td style="white-space:nowrap">conservative<a name="AnastomosisLeak-conservative"> </a></td><td>Konservativ</td><td>Konservativ</td></tr><tr><td style="white-space:nowrap">endoscopic<a name="AnastomosisLeak-endoscopic"> </a></td><td>Endoskopisk</td><td>Endoskopisk</td></tr><tr><td style="white-space:nowrap">surgical<a name="AnastomosisLeak-surgical"> </a></td><td>Kirurgisk</td><td>Kirurgisk</td></tr></table></div>
  </text>
  <url value="https://kip.rkkp.dk/fhir/CodeSystem/AnastomosisLeak"/>
  <version value="2.9.1"/>
  <name value="AnastomosisLeak"/>
  <title value="Anastomosis leak"/>
  <status value="active"/>
  <date value="2022-06-07T00:00:00+02:00"/>
  <publisher value="Sundhedsvæsnets Kvalistetsinstitut with Trifork Digital Health A/S"/>
  <contact>
    <name value="Sundhedsvæsnets Kvalistetsinstitut with Trifork Digital Health A/S"/>
    <telecom>
      <system value="url"/>
      <value value="https://trifork.com"/>
    </telecom>
    <telecom>
      <system value="email"/>
      <value value="rbk@trifork.com"/>
    </telecom>
  </contact>
  <description value="Anastomosis Leak"/>
  <content value="complete"/>
  <count value="3"/>
  <concept>
    <code value="conservative"/>
    <display value="Konservativ"/>
    <definition value="Konservativ"/>
  </concept>
  <concept>
    <code value="endoscopic"/>
    <display value="Endoskopisk"/>
    <definition value="Endoskopisk"/>
  </concept>
  <concept>
    <code value="surgical"/>
    <display value="Kirurgisk"/>
    <definition value="Kirurgisk"/>
  </concept>
</CodeSystem>