<?xml version="1.0" encoding="UTF-8"?>

<CodeSystem xmlns="http://hl7.org/fhir">
  <id value="Intervals"/>
  <text>
    <status value="generated"/><div xmlns="http://www.w3.org/1999/xhtml"><p class="res-header-id"><b>Generated Narrative: CodeSystem Intervals</b></p><a name="Intervals"> </a><a name="hcIntervals"> </a><a name="Intervals-en-US"> </a><p>This case-insensitive code system <code>https://kip.rkkp.dk/fhir/CodeSystem/Intervals</code> defines the following codes:</p><table class="codes"><tr><td style="white-space:nowrap"><b>Code</b></td><td><b>Definition</b></td></tr><tr><td style="white-space:nowrap">&lt;0<a name="Intervals-.600"> </a></td><td>&lt;0</td></tr><tr><td style="white-space:nowrap">=&lt;1<a name="Intervals-.61.601"> </a></td><td>=&lt;1</td></tr><tr><td style="white-space:nowrap">&gt;1<a name="Intervals-.621"> </a></td><td>&gt;1</td></tr><tr><td style="white-space:nowrap">=&lt;2<a name="Intervals-.61.602"> </a></td><td>=&lt;2</td></tr><tr><td style="white-space:nowrap">&gt;2<a name="Intervals-.622"> </a></td><td>&gt;2</td></tr><tr><td style="white-space:nowrap">&gt;3<a name="Intervals-.623"> </a></td><td>&gt;3</td></tr><tr><td style="white-space:nowrap">&lt;5<a name="Intervals-.605"> </a></td><td>&lt;5</td></tr><tr><td style="white-space:nowrap">=&lt;5<a name="Intervals-.61.605"> </a></td><td>=&lt;5</td></tr><tr><td style="white-space:nowrap">&gt;5<a name="Intervals-.625"> </a></td><td>&gt;5</td></tr><tr><td style="white-space:nowrap">=&lt;6<a name="Intervals-.61.606"> </a></td><td>=&lt;6</td></tr><tr><td style="white-space:nowrap">&gt;6<a name="Intervals-.626"> </a></td><td>&gt;6</td></tr><tr><td style="white-space:nowrap">&lt;8<a name="Intervals-.608"> </a></td><td>&lt;8</td></tr><tr><td style="white-space:nowrap">=&gt;8<a name="Intervals-.61.628"> </a></td><td>=&gt;8</td></tr><tr><td style="white-space:nowrap">&gt;10<a name="Intervals-.6210"> </a></td><td>&gt;10</td></tr><tr><td style="white-space:nowrap">&gt;14<a name="Intervals-.6214"> </a></td><td>&gt;14</td></tr><tr><td style="white-space:nowrap">=&lt;15<a name="Intervals-.61.6015"> </a></td><td>=&lt;15</td></tr><tr><td style="white-space:nowrap">&gt;15<a name="Intervals-.6215"> </a></td><td>&gt;15</td></tr><tr><td style="white-space:nowrap">1-2<a name="Intervals-1-2"> </a></td><td>1-2</td></tr><tr><td style="white-space:nowrap">2-3<a name="Intervals-2-3"> </a></td><td>2-3</td></tr><tr><td style="white-space:nowrap">0-4<a name="Intervals-0-4"> </a></td><td>0-4</td></tr><tr><td style="white-space:nowrap">5-9<a name="Intervals-5-9"> </a></td><td>5-9</td></tr><tr><td style="white-space:nowrap">5-10<a name="Intervals-5-10"> </a></td><td>5-10</td></tr><tr><td style="white-space:nowrap">10-14<a name="Intervals-10-14"> </a></td><td>10-14</td></tr><tr><td style="white-space:nowrap">11-15<a name="Intervals-11-15"> </a></td><td>11-15</td></tr></table></div>
  </text>
  <url value="https://kip.rkkp.dk/fhir/CodeSystem/Intervals"/>
  <version value="2.9.1"/>
  <name value="Intervals"/>
  <title value="Intervals"/>
  <status value="active"/>
  <date value="2022-09-19T00:00:00+02:00"/>
  <publisher value="Sundhedsvæsnets Kvalistetsinstitut with Trifork Digital Health A/S"/>
  <contact>
    <name value="Sundhedsvæsnets Kvalistetsinstitut with Trifork Digital Health A/S"/>
    <telecom>
      <system value="url"/>
      <value value="https://trifork.com"/>
    </telecom>
    <telecom>
      <system value="email"/>
      <value value="rbk@trifork.com"/>
    </telecom>
  </contact>
  <description value="Intervals. Generic intervals."/>
  <caseSensitive value="false"/>
  <content value="complete"/>
  <count value="24"/>
  <concept>
    <code value="&lt;0"/>
    <display value="&lt;0"/>
    <definition value="&lt;0"/>
  </concept>
  <concept>
    <code value="=&lt;1"/>
    <display value="=&lt;1"/>
    <definition value="=&lt;1"/>
  </concept>
  <concept>
    <code value="&gt;1"/>
    <display value="&gt;1"/>
    <definition value="&gt;1"/>
  </concept>
  <concept>
    <code value="=&lt;2"/>
    <display value="=&lt;2"/>
    <definition value="=&lt;2"/>
  </concept>
  <concept>
    <code value="&gt;2"/>
    <display value="&gt;2"/>
    <definition value="&gt;2"/>
  </concept>
  <concept>
    <code value="&gt;3"/>
    <display value="&gt;3"/>
    <definition value="&gt;3"/>
  </concept>
  <concept>
    <code value="&lt;5"/>
    <display value="&lt;5"/>
    <definition value="&lt;5"/>
  </concept>
  <concept>
    <code value="=&lt;5"/>
    <display value="=&lt;5"/>
    <definition value="=&lt;5"/>
  </concept>
  <concept>
    <code value="&gt;5"/>
    <display value="&gt;5"/>
    <definition value="&gt;5"/>
  </concept>
  <concept>
    <code value="=&lt;6"/>
    <display value="=&lt;6"/>
    <definition value="=&lt;6"/>
  </concept>
  <concept>
    <code value="&gt;6"/>
    <display value="&gt;6"/>
    <definition value="&gt;6"/>
  </concept>
  <concept>
    <code value="&lt;8"/>
    <display value="&lt;8"/>
    <definition value="&lt;8"/>
  </concept>
  <concept>
    <code value="=&gt;8"/>
    <display value="=&gt;8"/>
    <definition value="=&gt;8"/>
  </concept>
  <concept>
    <code value="&gt;10"/>
    <display value="&gt;10"/>
    <definition value="&gt;10"/>
  </concept>
  <concept>
    <code value="&gt;14"/>
    <display value="&gt;14"/>
    <definition value="&gt;14"/>
  </concept>
  <concept>
    <code value="=&lt;15"/>
    <display value="=&lt;15"/>
    <definition value="=&lt;15"/>
  </concept>
  <concept>
    <code value="&gt;15"/>
    <display value="&gt;15"/>
    <definition value="&gt;15"/>
  </concept>
  <concept>
    <code value="1-2"/>
    <display value="1-2"/>
    <definition value="1-2"/>
  </concept>
  <concept>
    <code value="2-3"/>
    <display value="2-3"/>
    <definition value="2-3"/>
  </concept>
  <concept>
    <code value="0-4"/>
    <display value="0-4"/>
    <definition value="0-4"/>
  </concept>
  <concept>
    <code value="5-9"/>
    <display value="5-9"/>
    <definition value="5-9"/>
  </concept>
  <concept>
    <code value="5-10"/>
    <display value="5-10"/>
    <definition value="5-10"/>
  </concept>
  <concept>
    <code value="10-14"/>
    <display value="10-14"/>
    <definition value="10-14"/>
  </concept>
  <concept>
    <code value="11-15"/>
    <display value="11-15"/>
    <definition value="11-15"/>
  </concept>
</CodeSystem>