<?xml version="1.0" encoding="UTF-8"?>

<CodeSystem xmlns="http://hl7.org/fhir">
  <id value="ChromosomPair"/>
  <text>
    <status value="generated"/><div xmlns="http://www.w3.org/1999/xhtml"><p class="res-header-id"><b>Generated Narrative: CodeSystem ChromosomPair</b></p><a name="ChromosomPair"> </a><a name="hcChromosomPair"> </a><a name="ChromosomPair-en-US"> </a><p>This case-insensitive code system <code>https://kip.rkkp.dk/fhir/CodeSystem/ChromosomPair</code> defines the following codes:</p><table class="codes"><tr><td style="white-space:nowrap"><b>Code</b></td><td><b>Display</b></td><td><b>Definition</b></td></tr><tr><td style="white-space:nowrap">pair_13<a name="ChromosomPair-pair_13"> </a></td><td>Chromosom pair 13</td><td>Chromosom pair 13 / Kromosompar 13 / SNOMED-CT: 55401003</td></tr><tr><td style="white-space:nowrap">pair_17<a name="ChromosomPair-pair_17"> </a></td><td>Chromosom pair 17</td><td>Chromosom pair 17 / Kromosompar 17 / SNOMED-CT: 45201007</td></tr></table></div>
  </text>
  <url value="https://kip.rkkp.dk/fhir/CodeSystem/ChromosomPair"/>
  <version value="2.9.1"/>
  <name value="ChromosomPair"/>
  <title value="Chromosom pair"/>
  <status value="active"/>
  <date value="2022-07-13T00:00:00+02:00"/>
  <publisher value="Sundhedsvæsnets Kvalistetsinstitut with Trifork Digital Health A/S"/>
  <contact>
    <name value="Sundhedsvæsnets Kvalistetsinstitut with Trifork Digital Health A/S"/>
    <telecom>
      <system value="url"/>
      <value value="https://trifork.com"/>
    </telecom>
    <telecom>
      <system value="email"/>
      <value value="rbk@trifork.com"/>
    </telecom>
  </contact>
  <description value="Chromosom pair"/>
  <caseSensitive value="false"/>
  <content value="complete"/>
  <count value="2"/>
  <concept>
    <code value="pair_13"/>
    <display value="Chromosom pair 13"/>
    <definition value="Chromosom pair 13 / Kromosompar 13 / SNOMED-CT: 55401003"/>
  </concept>
  <concept>
    <code value="pair_17"/>
    <display value="Chromosom pair 17"/>
    <definition value="Chromosom pair 17 / Kromosompar 17 / SNOMED-CT: 45201007"/>
  </concept>
</CodeSystem>