<?xml version="1.0" encoding="UTF-8"?>

<CodeSystem xmlns="http://hl7.org/fhir">
  <id value="RiskAssessment"/>
  <text>
    <status value="generated"/><div xmlns="http://www.w3.org/1999/xhtml"><p class="res-header-id"><b>Generated Narrative: CodeSystem RiskAssessment</b></p><a name="RiskAssessment"> </a><a name="hcRiskAssessment"> </a><a name="RiskAssessment-en-US"> </a><p>This  code system <code>https://kip.rkkp.dk/fhir/CodeSystem/RiskAssessment</code> defines the following codes:</p><table class="codes"><tr><td style="white-space:nowrap"><b>Code</b></td><td><b>Display</b></td><td><b>Definition</b></td></tr><tr><td style="white-space:nowrap">hcr-20<a name="RiskAssessment-hcr-20"> </a></td><td>HCR-20</td><td>HCR-20</td></tr><tr><td style="white-space:nowrap">start<a name="RiskAssessment-start"> </a></td><td>START</td><td>START</td></tr><tr><td style="white-space:nowrap">saprof<a name="RiskAssessment-saprof"> </a></td><td>SAPROF</td><td>SAPROF</td></tr><tr><td style="white-space:nowrap">rsvp<a name="RiskAssessment-rsvp"> </a></td><td>RSVP</td><td>RSVP</td></tr><tr><td style="white-space:nowrap">v-risk-10<a name="RiskAssessment-v-risk-10"> </a></td><td>V-RISK-10</td><td>V-RISK-10</td></tr></table></div>
  </text>
  <url value="https://kip.rkkp.dk/fhir/CodeSystem/RiskAssessment"/>
  <version value="2.9.1"/>
  <name value="RiskAssessment"/>
  <title value="Risk assessment"/>
  <status value="active"/>
  <date value="2022-07-11T00:00:00+02:00"/>
  <publisher value="Sundhedsvæsnets Kvalistetsinstitut with Trifork Digital Health A/S"/>
  <contact>
    <name value="Sundhedsvæsnets Kvalistetsinstitut with Trifork Digital Health A/S"/>
    <telecom>
      <system value="url"/>
      <value value="https://trifork.com"/>
    </telecom>
    <telecom>
      <system value="email"/>
      <value value="rbk@trifork.com"/>
    </telecom>
  </contact>
  <description value="Risk assessment"/>
  <content value="complete"/>
  <count value="5"/>
  <concept>
    <code value="hcr-20"/>
    <display value="HCR-20"/>
    <definition value="HCR-20"/>
  </concept>
  <concept>
    <code value="start"/>
    <display value="START"/>
    <definition value="START"/>
  </concept>
  <concept>
    <code value="saprof"/>
    <display value="SAPROF"/>
    <definition value="SAPROF"/>
  </concept>
  <concept>
    <code value="rsvp"/>
    <display value="RSVP"/>
    <definition value="RSVP"/>
  </concept>
  <concept>
    <code value="v-risk-10"/>
    <display value="V-RISK-10"/>
    <definition value="V-RISK-10"/>
  </concept>
</CodeSystem>