<?xml version="1.0" encoding="UTF-8"?>

<CodeSystem xmlns="http://hl7.org/fhir">
  <id value="KorsbaandEjBevaret"/>
  <text>
    <status value="generated"/><div xmlns="http://www.w3.org/1999/xhtml"><p class="res-header-id"><b>Generated Narrative: CodeSystem KorsbaandEjBevaret</b></p><a name="KorsbaandEjBevaret"> </a><a name="hcKorsbaandEjBevaret"> </a><a name="KorsbaandEjBevaret-en-US"> </a><p>This  code system <code>https://kip.rkkp.dk/fhir/CodeSystem/KorsbaandEjBevaret</code> defines the following codes:</p><table class="codes"><tr><td style="white-space:nowrap"><b>Code</b></td><td><b>Display</b></td><td><b>Definition</b></td></tr><tr><td style="white-space:nowrap">ofret<a name="KorsbaandEjBevaret-ofret"> </a></td><td>Ofret ved kirurgi</td><td>Ofret ved kirurgi</td></tr><tr><td style="white-space:nowrap">fravaerende<a name="KorsbaandEjBevaret-fravaerende"> </a></td><td>Fraværende</td><td>Fraværende</td></tr><tr><td style="white-space:nowrap">beskadiget<a name="KorsbaandEjBevaret-beskadiget"> </a></td><td>Beskadiget</td><td>Beskadiget</td></tr></table></div>
  </text>
  <url value="https://kip.rkkp.dk/fhir/CodeSystem/KorsbaandEjBevaret"/>
  <version value="2.9.1"/>
  <name value="KorsbaandEjBevaret"/>
  <title value="Korsbånd ikke bevaret"/>
  <status value="active"/>
  <date value="2023-12-18T00:00:00+02:00"/>
  <publisher value="Sundhedsvæsnets Kvalistetsinstitut with Trifork Digital Health A/S"/>
  <contact>
    <name value="Sundhedsvæsnets Kvalistetsinstitut with Trifork Digital Health A/S"/>
    <telecom>
      <system value="url"/>
      <value value="https://trifork.com"/>
    </telecom>
    <telecom>
      <system value="email"/>
      <value value="rbk@trifork.com"/>
    </telecom>
  </contact>
  <description value="Korsbånd ikke bevaret efter operation"/>
  <content value="complete"/>
  <count value="3"/>
  <concept>
    <code value="ofret"/>
    <display value="Ofret ved kirurgi"/>
    <definition value="Ofret ved kirurgi"/>
  </concept>
  <concept>
    <code value="fravaerende"/>
    <display value="Fraværende"/>
    <definition value="Fraværende"/>
  </concept>
  <concept>
    <code value="beskadiget"/>
    <display value="Beskadiget"/>
    <definition value="Beskadiget"/>
  </concept>
</CodeSystem>