<?xml version="1.0" encoding="UTF-8"?>

<CodeSystem xmlns="http://hl7.org/fhir">
  <id value="AKBehandling"/>
  <text>
    <status value="generated"/><div xmlns="http://www.w3.org/1999/xhtml"><p class="res-header-id"><b>Generated Narrative: CodeSystem AKBehandling</b></p><a name="AKBehandling"> </a><a name="hcAKBehandling"> </a><a name="AKBehandling-en-US"> </a><p>This  code system <code>https://kip.rkkp.dk/fhir/CodeSystem/AKBehandling</code> defines the following codes:</p><table class="codes"><tr><td style="white-space:nowrap"><b>Code</b></td><td><b>Display</b></td><td><b>Definition</b></td></tr><tr><td style="white-space:nowrap">clopidogrel<a name="AKBehandling-clopidogrel"> </a></td><td>Clopidogrel (fx Plavix), Ticagrelor (Brilique)</td><td>Clopidogrel (fx Plavix), Ticagrelor (Brilique)</td></tr><tr><td style="white-space:nowrap">persantin<a name="AKBehandling-persantin"> </a></td><td>Persantin</td><td>Persantin</td></tr><tr><td style="white-space:nowrap">orisantin<a name="AKBehandling-orisantin"> </a></td><td>Orisantin (Asasantin)</td><td>Orisantin (Asasantin)</td></tr><tr><td style="white-space:nowrap">acetylsalicylsyre<a name="AKBehandling-acetylsalicylsyre"> </a></td><td>Acetylsalicylsyre (fx Magnyl)</td><td>Acetylsalicylsyre (fx Magnyl)</td></tr><tr><td style="white-space:nowrap">vitamin_k<a name="AKBehandling-vitamin_k"> </a></td><td>Vitamin-K antagonist (Ma-ravan, Warfarin, Marcoumar)</td><td>Vitamin-K antagonist (Ma-ravan, Warfarin, Marcoumar)</td></tr><tr><td style="white-space:nowrap">noak<a name="AKBehandling-noak"> </a></td><td>NOAK (fx Xarelto, Pradaxa, Eliquis)</td><td>NOAK (fx Xarelto, Pradaxa, Eliquis)</td></tr></table></div>
  </text>
  <url value="https://kip.rkkp.dk/fhir/CodeSystem/AKBehandling"/>
  <version value="2.9.1"/>
  <name value="AKBehandling"/>
  <title value="AK Behandling (DKR)"/>
  <status value="active"/>
  <date value="2023-12-18T00:00:00+02:00"/>
  <publisher value="Sundhedsvæsnets Kvalistetsinstitut with Trifork Digital Health A/S"/>
  <contact>
    <name value="Sundhedsvæsnets Kvalistetsinstitut with Trifork Digital Health A/S"/>
    <telecom>
      <system value="url"/>
      <value value="https://trifork.com"/>
    </telecom>
    <telecom>
      <system value="email"/>
      <value value="rbk@trifork.com"/>
    </telecom>
  </contact>
  <description value="AK Behandling (DKR)"/>
  <content value="complete"/>
  <count value="6"/>
  <concept>
    <code value="clopidogrel"/>
    <display value="Clopidogrel (fx Plavix), Ticagrelor (Brilique)"/>
    <definition value="Clopidogrel (fx Plavix), Ticagrelor (Brilique)"/>
  </concept>
  <concept>
    <code value="persantin"/>
    <display value="Persantin"/>
    <definition value="Persantin"/>
  </concept>
  <concept>
    <code value="orisantin"/>
    <display value="Orisantin (Asasantin)"/>
    <definition value="Orisantin (Asasantin)"/>
  </concept>
  <concept>
    <code value="acetylsalicylsyre"/>
    <display value="Acetylsalicylsyre (fx Magnyl)"/>
    <definition value="Acetylsalicylsyre (fx Magnyl)"/>
  </concept>
  <concept>
    <code value="vitamin_k"/>
    <display value="Vitamin-K antagonist (Ma-ravan, Warfarin, Marcoumar)"/>
    <definition value="Vitamin-K antagonist (Ma-ravan, Warfarin, Marcoumar)"/>
  </concept>
  <concept>
    <code value="noak"/>
    <display value="NOAK (fx Xarelto, Pradaxa, Eliquis)"/>
    <definition value="NOAK (fx Xarelto, Pradaxa, Eliquis)"/>
  </concept>
</CodeSystem>