<?xml version="1.0" encoding="UTF-8"?>

<CodeSystem xmlns="http://hl7.org/fhir">
  <id value="NIHSS9Language"/>
  <text>
    <status value="generated"/><div xmlns="http://www.w3.org/1999/xhtml"><p class="res-header-id"><b>Generated Narrative: CodeSystem NIHSS9Language</b></p><a name="NIHSS9Language"> </a><a name="hcNIHSS9Language"> </a><a name="NIHSS9Language-en-US"> </a><p>This  code system <code>https://kip.rkkp.dk/fhir/CodeSystem/NIHSS9Language</code> defines the following codes:</p><table class="codes"><tr><td style="white-space:nowrap"><b>Code</b></td><td><b>Definition</b></td></tr><tr><td style="white-space:nowrap">0<a name="NIHSS9Language-0"> </a></td><td>No aphasia; normal.</td></tr><tr><td style="white-space:nowrap">1<a name="NIHSS9Language-1"> </a></td><td>Mild-to-moderate aphasia; some obvious loss of fluency or facility of comprehension, without significant limitation on ideas expressed or form of expression. Reduction of speech and/or comprehension, however, makes conversation about provided materials difficult or impossible. For example, in conversation about provided materials, examiner can identify picture or naming card content from patient's response.</td></tr><tr><td style="white-space:nowrap">2<a name="NIHSS9Language-2"> </a></td><td>Severe aphasia; all communication is through fragmentary expression; great need for inference, questioning, and guessing by the listener. Range of information that can be exchanged is limited; listener carries burden of communication. Examiner cannot identify materials provided from patient response.</td></tr><tr><td style="white-space:nowrap">3<a name="NIHSS9Language-3"> </a></td><td>Mute, global aphasia; no usable speech or auditory comprehension.</td></tr></table></div>
  </text>
  <url value="https://kip.rkkp.dk/fhir/CodeSystem/NIHSS9Language"/>
  <version value="2.9.1"/>
  <name value="NIHSS9Language"/>
  <title value="The National Institute of Health Stroke Scale (NIHSS) - 9. Best Language"/>
  <status value="active"/>
  <date value="2022-06-23T00:00:00+02:00"/>
  <publisher value="Sundhedsvæsnets Kvalistetsinstitut with Trifork Digital Health A/S"/>
  <contact>
    <name value="Sundhedsvæsnets Kvalistetsinstitut with Trifork Digital Health A/S"/>
    <telecom>
      <system value="url"/>
      <value value="https://trifork.com"/>
    </telecom>
    <telecom>
      <system value="email"/>
      <value value="rbk@trifork.com"/>
    </telecom>
  </contact>
  <description value="The National Institute of Health Stroke Scale (NIHSS) - 9. Best Language; Link: https://www.ninds.nih.gov/stroke-scales-and-related-information"/>
  <content value="complete"/>
  <count value="4"/>
  <concept>
    <code value="0"/>
    <display value="0"/>
    <definition value="No aphasia; normal."/>
  </concept>
  <concept>
    <code value="1"/>
    <display value="1"/>
    <definition value="Mild-to-moderate aphasia; some obvious loss of fluency or facility of comprehension, without significant limitation on ideas expressed or form of expression. Reduction of speech and/or comprehension, however, makes conversation about provided materials difficult or impossible. For example, in conversation about provided materials, examiner can identify picture or naming card content from patient's response."/>
  </concept>
  <concept>
    <code value="2"/>
    <display value="2"/>
    <definition value="Severe aphasia; all communication is through fragmentary expression; great need for inference, questioning, and guessing by the listener. Range of information that can be exchanged is limited; listener carries burden of communication. Examiner cannot identify materials provided from patient response."/>
  </concept>
  <concept>
    <code value="3"/>
    <display value="3"/>
    <definition value="Mute, global aphasia; no usable speech or auditory comprehension."/>
  </concept>
</CodeSystem>