<?xml version="1.0" encoding="UTF-8"?>

<CodeSystem xmlns="http://hl7.org/fhir">
  <id value="ResidualTumorGrading"/>
  <text>
    <status value="generated"/><div xmlns="http://www.w3.org/1999/xhtml"><p class="res-header-id"><b>Generated Narrative: CodeSystem ResidualTumorGrading</b></p><a name="ResidualTumorGrading"> </a><a name="hcResidualTumorGrading"> </a><a name="ResidualTumorGrading-en-US"> </a><p>This  code system <code>https://kip.rkkp.dk/fhir/CodeSystem/ResidualTumorGrading</code> defines the following codes:</p><table class="codes"><tr><td style="white-space:nowrap"><b>Code</b></td><td><b>Display</b></td><td><b>Definition</b></td></tr><tr><td style="white-space:nowrap">gradei<a name="ResidualTumorGrading-gradei"> </a></td><td>Grad I</td><td>Grad I - Veldifferentieret</td></tr><tr><td style="white-space:nowrap">gradeii<a name="ResidualTumorGrading-gradeii"> </a></td><td>Grad II</td><td>Grad II - Moderat differentieret</td></tr><tr><td style="white-space:nowrap">gradeiii<a name="ResidualTumorGrading-gradeiii"> </a></td><td>Grad III</td><td>Grad III - Lavt differentieret</td></tr><tr><td style="white-space:nowrap">gradex<a name="ResidualTumorGrading-gradex"> </a></td><td>Grad X</td><td>Grad X - Gradering ikke mulig</td></tr></table></div>
  </text>
  <url value="https://kip.rkkp.dk/fhir/CodeSystem/ResidualTumorGrading"/>
  <version value="2.9.1"/>
  <name value="ResidualTumorGrading"/>
  <title value="Residual Tumor Grading"/>
  <status value="active"/>
  <date value="2022-06-07T00:00:00+02:00"/>
  <publisher value="Sundhedsvæsnets Kvalistetsinstitut with Trifork Digital Health A/S"/>
  <contact>
    <name value="Sundhedsvæsnets Kvalistetsinstitut with Trifork Digital Health A/S"/>
    <telecom>
      <system value="url"/>
      <value value="https://trifork.com"/>
    </telecom>
    <telecom>
      <system value="email"/>
      <value value="rbk@trifork.com"/>
    </telecom>
  </contact>
  <description value="Gradering hvis der er registreret resttumor i histologisk klassifikation"/>
  <content value="complete"/>
  <count value="4"/>
  <concept>
    <code value="gradei"/>
    <display value="Grad I"/>
    <definition value="Grad I - Veldifferentieret"/>
  </concept>
  <concept>
    <code value="gradeii"/>
    <display value="Grad II"/>
    <definition value="Grad II - Moderat differentieret"/>
  </concept>
  <concept>
    <code value="gradeiii"/>
    <display value="Grad III"/>
    <definition value="Grad III - Lavt differentieret"/>
  </concept>
  <concept>
    <code value="gradex"/>
    <display value="Grad X"/>
    <definition value="Grad X - Gradering ikke mulig"/>
  </concept>
</CodeSystem>