<?xml version="1.0" encoding="UTF-8"?>

<CodeSystem xmlns="http://hl7.org/fhir">
  <id value="AnasthesiaService"/>
  <text>
    <status value="generated"/><div xmlns="http://www.w3.org/1999/xhtml"><p class="res-header-id"><b>Generated Narrative: CodeSystem AnasthesiaService</b></p><a name="AnasthesiaService"> </a><a name="hcAnasthesiaService"> </a><a name="AnasthesiaService-en-US"> </a><p>This  code system <code>https://kip.rkkp.dk/fhir/CodeSystem/AnasthesiaService</code> defines the following codes in an undefined hierarchy:</p><table class="codes"><tr><td><b>Lvl</b></td><td style="white-space:nowrap"><b>Code</b></td><td><b>Display</b></td><td><b>Definition</b></td></tr><tr><td>1</td><td style="white-space:nowrap">gen_anesthesia<a name="AnasthesiaService-gen_anesthesia"> </a></td><td>General anesthesia</td><td>Generel anæstesi / SNOMED-CT: 50697003</td></tr><tr><td>1</td><td style="white-space:nowrap">gen_anesthesia_spc<a name="AnasthesiaService-gen_anesthesia_spc"> </a></td><td>General anasthesia after insufficient local anasthesia and/or central block</td><td>Generel anæstesi efter insufficient regional anæstesi og/eller central blokade</td></tr><tr><td>1</td><td style="white-space:nowrap">local_anesthesia<a name="AnasthesiaService-local_anesthesia"> </a></td><td>Local anesthesia</td><td>Lokal anæstesi / SNOMED-CT: 386761002</td></tr><tr><td>1</td><td style="white-space:nowrap">local_analgesia<a name="AnasthesiaService-local_analgesia"> </a></td><td>Local analgesia</td><td>Lokal analgesi</td></tr><tr><td>1</td><td style="white-space:nowrap">nerve_block<a name="AnasthesiaService-nerve_block"> </a></td><td>Peripheral nerve block</td><td>Perifer nerveblokade</td></tr><tr><td>1</td><td style="white-space:nowrap">central_block<a name="AnasthesiaService-central_block"> </a></td><td>Central block</td><td>Central blokade</td></tr><tr><td>1</td><td style="white-space:nowrap">sedation<a name="AnasthesiaService-sedation"> </a></td><td>Sedation</td><td>Sedation</td></tr><tr><td>1</td><td style="white-space:nowrap">surveillance<a name="AnasthesiaService-surveillance"> </a></td><td>Surveillance</td><td>Overvågning</td></tr><tr><td>1</td><td style="white-space:nowrap">regional<a name="AnasthesiaService-regional"> </a></td><td>Regional (spinal/epidural)</td><td>Regional (spinal/epidural) / SNOMED-CT: 231262009</td></tr><tr><td>2</td><td style="white-space:nowrap">  spinal<a name="AnasthesiaService-spinal"> </a></td><td>Spinal</td><td>Spinal</td></tr><tr><td>2</td><td style="white-space:nowrap">  epidural<a name="AnasthesiaService-epidural"> </a></td><td>Epidural</td><td>Epidural</td></tr><tr><td>3</td><td style="white-space:nowrap">    normotensive<a name="AnasthesiaService-normotensive"> </a></td><td>Normotensive epidural anaesthesia</td><td>Normotensive epidural anaesthesia</td></tr><tr><td>3</td><td style="white-space:nowrap">    hypotensive<a name="AnasthesiaService-hypotensive"> </a></td><td>Hypotensive epidural anaesthesia</td><td>Hypotensive epidural anaesthesia</td></tr><tr><td>3</td><td style="white-space:nowrap">    normo_hypotensive<a name="AnasthesiaService-normo_hypotensive"> </a></td><td>Normo- or Hypotensive epidural anaesthesia</td><td>Normo- eller Hypotensiv epidural anæstesi</td></tr><tr><td>1</td><td style="white-space:nowrap">universal<a name="AnasthesiaService-universal"> </a></td><td>Universal</td><td>Universal</td></tr><tr><td>1</td><td style="white-space:nowrap">combined<a name="AnasthesiaService-combined"> </a></td><td>Combined</td><td>Combined</td></tr><tr><td>1</td><td style="white-space:nowrap">uni_combined<a name="AnasthesiaService-uni_combined"> </a></td><td>Universal_Combined</td><td>Universel/Kombineret</td></tr><tr><td>1</td><td style="white-space:nowrap">rus<a name="AnasthesiaService-rus"> </a></td><td>Rus</td><td>Rus</td></tr></table></div>
  </text>
  <url value="https://kip.rkkp.dk/fhir/CodeSystem/AnasthesiaService"/>
  <version value="2.9.1"/>
  <name value="AnasthesiaService"/>
  <title value="Anæstesiydelse"/>
  <status value="active"/>
  <date value="2022-06-09T00:00:00+02:00"/>
  <publisher value="Sundhedsvæsnets Kvalistetsinstitut with Trifork Digital Health A/S"/>
  <contact>
    <name value="Sundhedsvæsnets Kvalistetsinstitut with Trifork Digital Health A/S"/>
    <telecom>
      <system value="url"/>
      <value value="https://trifork.com"/>
    </telecom>
    <telecom>
      <system value="email"/>
      <value value="rbk@trifork.com"/>
    </telecom>
  </contact>
  <description value="Anæstesiydelse"/>
  <content value="complete"/>
  <count value="18"/>
  <concept>
    <code value="gen_anesthesia"/>
    <display value="General anesthesia"/>
    <definition value="Generel anæstesi / SNOMED-CT: 50697003"/>
  </concept>
  <concept>
    <code value="gen_anesthesia_spc"/>
    <display value="General anasthesia after insufficient local anasthesia and/or central block"/>
    <definition value="Generel anæstesi efter insufficient regional anæstesi og/eller central blokade"/>
  </concept>
  <concept>
    <code value="local_anesthesia"/>
    <display value="Local anesthesia"/>
    <definition value="Lokal anæstesi / SNOMED-CT: 386761002"/>
  </concept>
  <concept>
    <code value="local_analgesia"/>
    <display value="Local analgesia"/>
    <definition value="Lokal analgesi"/>
  </concept>
  <concept>
    <code value="nerve_block"/>
    <display value="Peripheral nerve block"/>
    <definition value="Perifer nerveblokade"/>
  </concept>
  <concept>
    <code value="central_block"/>
    <display value="Central block"/>
    <definition value="Central blokade"/>
  </concept>
  <concept>
    <code value="sedation"/>
    <display value="Sedation"/>
    <definition value="Sedation"/>
  </concept>
  <concept>
    <code value="surveillance"/>
    <display value="Surveillance"/>
    <definition value="Overvågning"/>
  </concept>
  <concept>
    <code value="regional"/>
    <display value="Regional (spinal/epidural)"/>
    <definition value="Regional (spinal/epidural) / SNOMED-CT: 231262009"/>
    <concept>
      <code value="spinal"/>
      <display value="Spinal"/>
      <definition value="Spinal"/>
    </concept>
    <concept>
      <code value="epidural"/>
      <display value="Epidural"/>
      <definition value="Epidural"/>
      <concept>
        <code value="normotensive"/>
        <display value="Normotensive epidural anaesthesia"/>
        <definition value="Normotensive epidural anaesthesia"/>
      </concept>
      <concept>
        <code value="hypotensive"/>
        <display value="Hypotensive epidural anaesthesia"/>
        <definition value="Hypotensive epidural anaesthesia"/>
      </concept>
      <concept>
        <code value="normo_hypotensive"/>
        <display value="Normo- or Hypotensive epidural anaesthesia"/>
        <definition value="Normo- eller Hypotensiv epidural anæstesi"/>
      </concept>
    </concept>
  </concept>
  <concept>
    <code value="universal"/>
    <display value="Universal"/>
    <definition value="Universal"/>
  </concept>
  <concept>
    <code value="combined"/>
    <display value="Combined"/>
    <definition value="Combined"/>
  </concept>
  <concept>
    <code value="uni_combined"/>
    <display value="Universal_Combined"/>
    <definition value="Universel/Kombineret"/>
  </concept>
  <concept>
    <code value="rus"/>
    <display value="Rus"/>
    <definition value="Rus"/>
  </concept>
</CodeSystem>