<?xml version="1.0" encoding="UTF-8"?>

<SearchParameter xmlns="http://hl7.org/fhir">
  <id value="QuestionnaireUuid"/>
  <text>
    <status value="generated"/><div xmlns="http://www.w3.org/1999/xhtml"><p class="res-header-id"><b>Generated Narrative: SearchParameter QuestionnaireUuid</b></p><a name="QuestionnaireUuid"> </a><a name="hcQuestionnaireUuid"> </a><a name="QuestionnaireUuid-en-US"> </a><h2>QuestionnaireUuid</h2><p>Parameter <code>uuid</code>:<code>token</code></p><div><p>Search by uuid in Questionnaire</p>
</div><table class="grid"><tr><td>Resource</td><td><a href="http://hl7.org/fhir/R4/questionnaire.html">Questionnaire</a></td></tr><tr><td>Expression</td><td><code>Questionnaire.extension.where(url='uuid')</code></td></tr><tr><td>Multiples</td><td><ul><li>multipleAnd: It's up to the server whether the parameter may repeat in order to specify multiple values that must all be true</li><li>multipleOr: It's up to the server whether the parameter can have multiple values (separated by comma) where at least one must be true</li></ul></td></tr><tr><td>Comparators</td><td>Allowed: eq</td></tr></table></div>
  </text>
  <url value="https://kip.rkkp.dk/fhir/SearchParameter/QuestionnaireUuid"/>
  <version value="2.9.1"/>
  <name value="QuestionnaireUuid"/>
  <status value="active"/>
  <date value="2025-03-17T14:13:02+00:00"/>
  <publisher value="Sundhedsvæsnets Kvalistetsinstitut with Trifork Digital Health A/S"/>
  <contact>
    <name value="Sundhedsvæsnets Kvalistetsinstitut with Trifork Digital Health A/S"/>
    <telecom>
      <system value="url"/>
      <value value="https://trifork.com"/>
    </telecom>
    <telecom>
      <system value="email"/>
      <value value="rbk@trifork.com"/>
    </telecom>
  </contact>
  <description value="Search by uuid in Questionnaire"/>
  <code value="uuid"/>
  <base value="Questionnaire"/>
  <type value="token"/>
  <expression value="Questionnaire.extension.where(url='uuid')"/>
  <comparator value="eq"/>
</SearchParameter>