<?xml version="1.0" encoding="UTF-8"?>

<ValueSet xmlns="http://hl7.org/fhir">
  <id value="FISHResult202502"/>
  <text>
    <status value="extensions"/><div xmlns="http://www.w3.org/1999/xhtml"><p class="res-header-id"><b>Generated Narrative: ValueSet FISHResult202502</b></p><a name="FISHResult202502"> </a><a name="hcFISHResult202502"> </a><a name="FISHResult202502-en-US"> </a><p>This value set includes codes based on the following rules:</p><ul><li>Include these codes as defined in <a href="CodeSystem-FISHVariables.html"><code>https://kip.rkkp.dk/fhir/CodeSystem/FISHVariables</code></a><table class="none"><tr><td style="white-space:nowrap"><b>Code</b></td><td><b>Display</b></td><td><b>Definition</b></td></tr><tr><td><a href="CodeSystem-FISHVariables.html#FISHVariables-igh_fgfr3">igh_fgfr3</a></td><td>t(4;14)/IGH-FGFR3</td><td>t(4;14)/IGH-FGFR3</td></tr><tr><td><a href="CodeSystem-FISHVariables.html#FISHVariables-igh_ccnd1">igh_ccnd1</a></td><td>t(11;14)/IGH-CCND1</td><td>t(11;14)/IGH-CCND1</td></tr><tr><td><a href="CodeSystem-FISHVariables.html#FISHVariables-igh_mbf">igh_mbf</a></td><td>t(14;16)/IGH-MBF</td><td>t(14;16)/IGH-MBF</td></tr><tr><td><a href="CodeSystem-FISHVariables.html#FISHVariables-igh_mafb">igh_mafb</a></td><td>t(14;20)/IGH-MAFB</td><td>t(14;20)/IGH-MAFB</td></tr><tr><td><a href="CodeSystem-FISHVariables.html#FISHVariables-tp53_deletion">tp53_deletion</a></td><td>TP53 deletion</td><td>TP53 deletion</td></tr><tr><td><a href="CodeSystem-FISHVariables.html#FISHVariables-1q21gain">1q21gain</a></td><td>1q21 gain (3 spot)</td><td>1q21 gain (3 spot)</td></tr><tr><td><a href="CodeSystem-FISHVariables.html#FISHVariables-1q21">1q21</a></td><td>1q21 amplifikation (≥ 4 spot)</td><td>1q21 amplifikation</td></tr><tr><td><a href="CodeSystem-FISHVariables.html#FISHVariables-1qdeletion">1qdeletion</a></td><td>1p deletion</td><td>1p deletion</td></tr></table></li><li>Include these codes as defined in <a href="CodeSystem-ResultTest.html"><code>https://kip.rkkp.dk/fhir/CodeSystem/ResultTest</code></a><table class="none"><tr><td style="white-space:nowrap"><b>Code</b></td><td><b>Display</b></td><td><b>Definition</b></td></tr><tr><td><a href="CodeSystem-ResultTest.html#ResultTest-changes">changes</a></td><td>Andre forandringer påvist</td><td>Changes / Forandringer [FISH]</td></tr></table></li><li>Include these codes as defined in <a href="CodeSystem-GenericValues.html"><code>https://kip.rkkp.dk/fhir/CodeSystem/GenericValues</code></a><table class="none"><tr><td style="white-space:nowrap"><b>Code</b></td><td><b>Display</b></td><td><b>Definition</b></td></tr><tr><td><a href="CodeSystem-GenericValues.html#GenericValues-other">other</a></td><td>Anden IGH translokation</td><td>Other - used to choose unspecific value not in a valueset</td></tr><tr><td><a href="CodeSystem-GenericValues.html#GenericValues-none">none</a></td><td>Ingen forandringer påvist</td><td>None - used to choose none of the available values</td></tr></table></li></ul></div>
  </text>
  <url value="https://kip.rkkp.dk/fhir/ValueSet/FISHResult202502"/>
  <version value="2.9.1"/>
  <name value="FISHResult202502"/>
  <title value="Resultat af FISH 202502"/>
  <status value="active"/>
  <experimental value="true"/>
  <date value="2025-02-21T00:00:00+02:00"/>
  <publisher value="Sundhedsvæsnets Kvalistetsinstitut with Trifork Digital Health A/S"/>
  <contact>
    <name value="Sundhedsvæsnets Kvalistetsinstitut with Trifork Digital Health A/S"/>
    <telecom>
      <system value="url"/>
      <value value="https://trifork.com"/>
    </telecom>
    <telecom>
      <system value="email"/>
      <value value="rbk@trifork.com"/>
    </telecom>
  </contact>
  <description value="Resultat af FISH 202502 - Fjernet udgået udfald og tilføjet nye"/>
  <compose>
    <include>
      <system value="https://kip.rkkp.dk/fhir/CodeSystem/FISHVariables"/>
      <concept>
        <code value="igh_fgfr3"/>
        <display value="t(4;14)/IGH-FGFR3"/>
      </concept>
      <concept>
        <code value="igh_ccnd1"/>
        <display value="t(11;14)/IGH-CCND1"/>
      </concept>
      <concept>
        <code value="igh_mbf"/>
        <display value="t(14;16)/IGH-MBF"/>
      </concept>
      <concept>
        <code value="igh_mafb"/>
        <display value="t(14;20)/IGH-MAFB"/>
      </concept>
      <concept>
        <code value="tp53_deletion"/>
        <display value="TP53 deletion"/>
      </concept>
      <concept>
        <code value="1q21gain"/>
        <display value="1q21 gain (3 spot)"/>
      </concept>
      <concept>
        <code value="1q21"/>
        <display value="1q21 amplifikation (≥ 4 spot)"/>
      </concept>
      <concept>
        <code value="1qdeletion"/>
        <display value="1p deletion"/>
      </concept>
    </include>
    <include>
      <system value="https://kip.rkkp.dk/fhir/CodeSystem/ResultTest"/>
      <concept>
        <code value="changes"/>
        <display value="Andre forandringer påvist"/>
      </concept>
    </include>
    <include>
      <system value="https://kip.rkkp.dk/fhir/CodeSystem/GenericValues"/>
      <concept>
        <code value="other"/>
        <display value="Anden IGH translokation"/>
      </concept>
      <concept>
        <code value="none"/>
        <display value="Ingen forandringer påvist"/>
      </concept>
    </include>
  </compose>
</ValueSet>