<?xml version="1.0" encoding="UTF-8"?>

<ValueSet xmlns="http://hl7.org/fhir">
  <id value="LokalisationEsophagusDEGC"/>
  <text>
    <status value="extensions"/><div xmlns="http://www.w3.org/1999/xhtml"><p class="res-header-id"><b>Generated Narrative: ValueSet LokalisationEsophagusDEGC</b></p><a name="LokalisationEsophagusDEGC"> </a><a name="hcLokalisationEsophagusDEGC"> </a><a name="LokalisationEsophagusDEGC-en-US"> </a><ul><li>Include these codes as defined in <a href="CodeSystem-EsophagealLokalization.html"><code>https://kip.rkkp.dk/fhir/CodeSystem/EsophagealLokalization</code></a><table class="none"><tr><td style="white-space:nowrap"><b>Code</b></td><td><b>Display</b></td><td><b>Definition</b></td></tr><tr><td><a href="CodeSystem-EsophagealLokalization.html#EsophagealLokalization-upper">upper</a></td><td>Øverste tredjedel</td><td>Øverste tredjedel</td></tr><tr><td><a href="CodeSystem-EsophagealLokalization.html#EsophagealLokalization-middle">middle</a></td><td>Midterste tredjedel</td><td>Midterste tredjedel</td></tr><tr><td><a href="CodeSystem-EsophagealLokalization.html#EsophagealLokalization-lower">lower</a></td><td>Nederste tredjedel</td><td>Nederste tredjedel</td></tr></table></li></ul></div>
  </text>
  <url value="https://kip.rkkp.dk/fhir/ValueSet/LokalisationEsophagusDEGC"/>
  <version value="2.9.1"/>
  <name value="LokalisationEsophagusDEGC"/>
  <title value="Lokalisation"/>
  <status value="active"/>
  <experimental value="true"/>
  <date value="2022-06-08T00:00:00+02:00"/>
  <publisher value="Sundhedsvæsnets Kvalistetsinstitut with Trifork Digital Health A/S"/>
  <contact>
    <name value="Sundhedsvæsnets Kvalistetsinstitut with Trifork Digital Health A/S"/>
    <telecom>
      <system value="url"/>
      <value value="https://trifork.com"/>
    </telecom>
    <telecom>
      <system value="email"/>
      <value value="rbk@trifork.com"/>
    </telecom>
  </contact>
  <description value="Lokalisation af cancer i esophagus [DEGC]"/>
  <compose>
    <include>
      <system value="https://kip.rkkp.dk/fhir/CodeSystem/EsophagealLokalization"/>
      <concept>
        <code value="upper"/>
        <display value="Øverste tredjedel"/>
      </concept>
      <concept>
        <code value="middle"/>
        <display value="Midterste tredjedel"/>
      </concept>
      <concept>
        <code value="lower"/>
        <display value="Nederste tredjedel"/>
      </concept>
    </include>
  </compose>
</ValueSet>