<?xml version="1.0" encoding="UTF-8"?>

<ValueSet xmlns="http://hl7.org/fhir">
  <id value="ICHEvakuering"/>
  <text>
    <status value="extensions"/><div xmlns="http://www.w3.org/1999/xhtml"><p class="res-header-id"><b>Generated Narrative: ValueSet ICHEvakuering</b></p><a name="ICHEvakuering"> </a><a name="hcICHEvakuering"> </a><a name="ICHEvakuering-en-US"> </a><ul><li>Include these codes as defined in <a href="CodeSystem-ICHAction.html"><code>https://kip.rkkp.dk/fhir/CodeSystem/ICHAction</code></a><table class="none"><tr><td style="white-space:nowrap"><b>Code</b></td><td><b>Display</b></td><td><b>Definition</b></td></tr><tr><td><a href="CodeSystem-ICHAction.html#ICHAction-evacution">evacution</a></td><td>Kræver evakuering</td><td>Evacuation required</td></tr><tr><td><a href="CodeSystem-ICHAction.html#ICHAction-noevacuation">noevacuation</a></td><td>Kræver ikke evakuering</td><td>Evacuation is not required</td></tr></table></li></ul></div>
  </text>
  <url value="https://kip.rkkp.dk/fhir/ValueSet/ICHEvakuering"/>
  <version value="2.9.1"/>
  <name value="ICHEvakuering"/>
  <title value="Ved fund af ICH, skal der evkaueres eller ej"/>
  <status value="active"/>
  <experimental value="true"/>
  <date value="2022-06-23T00:00:00+02:00"/>
  <publisher value="Sundhedsvæsnets Kvalistetsinstitut with Trifork Digital Health A/S"/>
  <contact>
    <name value="Sundhedsvæsnets Kvalistetsinstitut with Trifork Digital Health A/S"/>
    <telecom>
      <system value="url"/>
      <value value="https://trifork.com"/>
    </telecom>
    <telecom>
      <system value="email"/>
      <value value="rbk@trifork.com"/>
    </telecom>
  </contact>
  <description value="Ved fund af intracerebralt hæmatom (ICH), skal der evkaueres eller ej"/>
  <compose>
    <include>
      <system value="https://kip.rkkp.dk/fhir/CodeSystem/ICHAction"/>
      <concept>
        <code value="evacution"/>
        <display value="Kræver evakuering"/>
      </concept>
      <concept>
        <code value="noevacuation"/>
        <display value="Kræver ikke evakuering"/>
      </concept>
    </include>
  </compose>
</ValueSet>