<?xml version="1.0" encoding="UTF-8"?>

<ValueSet xmlns="http://hl7.org/fhir">
  <id value="SORafdSkema3Duga"/>
  <text>
    <status value="generated"/><div xmlns="http://www.w3.org/1999/xhtml"><p class="res-header-id"><b>Generated Narrative: ValueSet SORafdSkema3Duga</b></p><a name="SORafdSkema3Duga"> </a><a name="hcSORafdSkema3Duga"> </a><a name="SORafdSkema3Duga-en-US"> </a><ul><li>Include these codes as defined in <a href="CodeSystem-SOR.html"><code>https://kip.rkkp.dk/fhir/CodeSystem/SOR</code></a><table class="none"><tr><td style="white-space:nowrap"><b>Code</b></td><td><b>Display</b></td></tr><tr><td><a href="CodeSystem-SOR.html#SOR-590021000016006">590021000016006</a></td><td>Amager og Hvidovre Hospital, Gynækologisk sengeafdeling (590021000016006)</td></tr><tr><td><a href="CodeSystem-SOR.html#SOR-590371000016007">590371000016007</a></td><td>Amager og Hvidovre Hospital, Gynækologisk dagkirurgisk afsnit (590371000016007)</td></tr><tr><td><a href="CodeSystem-SOR.html#SOR-265661000016007">265661000016007</a></td><td>Bornholms Hospital, Kirurgisk sengeafd. (265661000016007)</td></tr><tr><td><a href="CodeSystem-SOR.html#SOR-264671000016001">264671000016001</a></td><td>Herlev og gentofte Hospital, Gynækologisk afdeling G-1 (264671000016001)</td></tr><tr><td><a href="CodeSystem-SOR.html#SOR-264711000016000">264711000016000</a></td><td>Herlev og gentofte Hospital, Gynækologisk ambulatorium G-1a (264711000016000)</td></tr><tr><td><a href="CodeSystem-SOR.html#SOR-219021000016009">219021000016009</a></td><td>Nordsjællands Hospital, HI Gynækologisk Afd., senge (219021000016009)</td></tr><tr><td><a href="CodeSystem-SOR.html#SOR-218901000016007">218901000016007</a></td><td>Nordsjællands Hospital, HI Gynækologisk Afd., amb. (218901000016007)</td></tr><tr><td><a href="CodeSystem-SOR.html#SOR-976201000016009">976201000016009</a></td><td>Rigshospitalet, Gynækologisk Klinik GYN, heldøgn (976201000016009)</td></tr><tr><td><a href="CodeSystem-SOR.html#SOR-226461000016007">226461000016007</a></td><td>Holbæk Gyn afd., HOL Gynækologisk Afd. (226461000016007)</td></tr><tr><td><a href="CodeSystem-SOR.html#SOR-226531000016003">226531000016003</a></td><td>Holbæk Gyn afd., HOL Gynækologisk Amb. (226531000016003)</td></tr><tr><td><a href="CodeSystem-SOR.html#SOR-229981000016001">229981000016001</a></td><td>Nykøbing F, NFS Gynækologisk Afd. (229981000016001)</td></tr><tr><td><a href="CodeSystem-SOR.html#SOR-230071000016009">230071000016009</a></td><td>Nykøbing F, NFS Gynækologisk Amb. (230071000016009)</td></tr><tr><td><a href="CodeSystem-SOR.html#SOR-222641000016008">222641000016008</a></td><td>Roskilde, ROS Gynækologisk Afd. (222641000016008)</td></tr><tr><td><a href="CodeSystem-SOR.html#SOR-222751000016004">222751000016004</a></td><td>Roskilde Gyn afd. (222751000016004)</td></tr><tr><td><a href="CodeSystem-SOR.html#SOR-229441000016002">229441000016002</a></td><td>Slagelse, SLA Gynækologisk Afd. (229441000016002)</td></tr><tr><td><a href="CodeSystem-SOR.html#SOR-229591000016006">229591000016006</a></td><td>Slagelse, SLA Gynækologisk Amb. (229591000016006)</td></tr><tr><td><a href="CodeSystem-SOR.html#SOR-246971000016008">246971000016008</a></td><td>Kolding Sygehus, SLB Kvindesygdomme og Fødsler (Kolding) (246971000016008)</td></tr><tr><td><a href="CodeSystem-SOR.html#SOR-246931000016006">246931000016006</a></td><td>Kolding Sygehus, SLB Kvindesygdomme Ambulatorium (Kolding) (246931000016006)</td></tr><tr><td><a href="CodeSystem-SOR.html#SOR-238721000016006">238721000016006</a></td><td>OUH Gynækologisk Afsnit (Odense) (238721000016006)</td></tr><tr><td><a href="CodeSystem-SOR.html#SOR-238741000016001">238741000016001</a></td><td>OUH Gynækologisk Ambulatorium (OUH Gynækologisk Ambulatorium (238741000016001))</td></tr><tr><td><a href="CodeSystem-SOR.html#SOR-239391000016000">239391000016000</a></td><td>OUH Kirurgisk Afsnit A (239391000016000)</td></tr><tr><td><a href="CodeSystem-SOR.html#SOR-241141000016008">241141000016008</a></td><td>OUH Urinvejskirurgisk Ambulatorium L (241141000016008)</td></tr><tr><td><a href="CodeSystem-SOR.html#SOR-501671000016009">501671000016009</a></td><td>SHS Kvindesygdomme Sengeafsnit (Aabenraa) (501671000016009)</td></tr><tr><td><a href="CodeSystem-SOR.html#SOR-501711000016005">501711000016005</a></td><td>SHS Kvindesygdomme Dagkirurgi (Sønderborg) (501711000016005)</td></tr><tr><td><a href="CodeSystem-SOR.html#SOR-245971000016004">245971000016004</a></td><td>SVS Kvindesygdomme Afsnit (Esbjerg) (245971000016004)</td></tr><tr><td><a href="CodeSystem-SOR.html#SOR-245951000016006">245951000016006</a></td><td>SVS Kvindesygdomme Ambulatorium (Esbjerg) (245951000016006)</td></tr><tr><td><a href="CodeSystem-SOR.html#SOR-453211000016004">453211000016004</a></td><td>AUH Kvindesygdomme (453211000016004)</td></tr><tr><td><a href="CodeSystem-SOR.html#SOR-453221000016008">453221000016008</a></td><td>AUH, Dagkirurgi - Kvindesygdomme og Fødsler (453221000016008)</td></tr><tr><td><a href="CodeSystem-SOR.html#SOR-455661000016001">455661000016001</a></td><td>AUH Urinvejskirurgi (455661000016001)</td></tr><tr><td><a href="CodeSystem-SOR.html#SOR-507481000016002">507481000016002</a></td><td>Hospitalsenhed Midt, Kvindesygdomme og Fødsler Viborg (507481000016002)</td></tr><tr><td><a href="CodeSystem-SOR.html#SOR-485441000016009">485441000016009</a></td><td>Hospitalsenhed Midt, Kvindeklinikken Viborg (485441000016009)</td></tr><tr><td><a href="CodeSystem-SOR.html#SOR-899591000016008">899591000016008</a></td><td>Regionshospitalet Gødstrup, Afsnit for Kvindesygdomme Gødstrup - RHG (899591000016008)</td></tr><tr><td><a href="CodeSystem-SOR.html#SOR-899651000016003">899651000016003</a></td><td>Regionshospitalet Gødstrup, Klinik for Kvindesygdomme Gødstrup - RHG (899651000016003)</td></tr><tr><td><a href="CodeSystem-SOR.html#SOR-899781000016001">899781000016001</a></td><td>Regionshospitalet Gødstrup, Kvindesygdomme Ambulant Kirurgi Gødstrup - RHG (899781000016001)</td></tr><tr><td><a href="CodeSystem-SOR.html#SOR-265971000016007">265971000016007</a></td><td>Regionshospitalet Horsens, Sengeafdeling for Kvindesygdomme og Fødsler (265971000016007)</td></tr><tr><td><a href="CodeSystem-SOR.html#SOR-266001000016005">266001000016005</a></td><td>Regionshospitalet Horsens, Dagkirurgi, Kvindesygdomme (266001000016005)</td></tr><tr><td><a href="CodeSystem-SOR.html#SOR-271211000016002">271211000016002</a></td><td>Regionshospitalet Randers, Kvindesygdomme og Fødsler - Randers (271211000016002)</td></tr><tr><td><a href="CodeSystem-SOR.html#SOR-271221000016006">271221000016006</a></td><td>Regionshospitalet Randers, Kvindesygdomsklinikken - Randers (271221000016006)</td></tr><tr><td><a href="CodeSystem-SOR.html#SOR-275611000016002">275611000016002</a></td><td>Aalborg Universitetshospital, Alb Gyn.-Obst. Afdeling (275611000016002)</td></tr><tr><td><a href="CodeSystem-SOR.html#SOR-275641000016001">275641000016001</a></td><td>Aalborg Universitetshospital, Alb Gyn. Ambulatorium (275641000016001)</td></tr><tr><td><a href="CodeSystem-SOR.html#SOR-276431000016003">276431000016003</a></td><td>Aalborg Universitetshospital, Alb Urologisk afd. (276431000016003)</td></tr><tr><td><a href="CodeSystem-SOR.html#SOR-275661000016000">275661000016000</a></td><td>Aalborg Universitetshospital, Hob Gyn. Ambulatorium Hobro (275661000016000)</td></tr><tr><td><a href="CodeSystem-SOR.html#SOR-274781000016002">274781000016002</a></td><td>Aalborg Universitetshospital, Thisted, Thy Gyn.-Obst. sengeafd. (274781000016002)</td></tr><tr><td><a href="CodeSystem-SOR.html#SOR-277201000016005">277201000016005</a></td><td>Regionshospital Nordjylland, Hjr Gyn.Obst. Amb. (277201000016005)</td></tr><tr><td><a href="CodeSystem-SOR.html#SOR-277161000016004">277161000016004</a></td><td>Regionshospital Nordjylland, Hjr Gyn.-Obst. Sengeafd. (277161000016004)</td></tr><tr><td><a href="CodeSystem-SOR.html#SOR-464271000016003">464271000016003</a></td><td>Regionshospital Nordjylland, Hjr Dagafsnit for Kvindesygdomme (464271000016003)</td></tr><tr><td><a href="CodeSystem-SOR.html#SOR-606291000016007">606291000016007</a></td><td>Regionshospital Nordjylland, Hjr Uro-gyn Amb (606291000016007)</td></tr><tr><td><a href="CodeSystem-SOR.html#SOR-1041431000016004">1041431000016004</a></td><td>Adeas Parken (1041431000016004)</td></tr><tr><td><a href="CodeSystem-SOR.html#SOR-492011000016005">492011000016005</a></td><td>Aleris Privathospitaler, Esbjerg (492011000016005)</td></tr><tr><td><a href="CodeSystem-SOR.html#SOR-652991000016006">652991000016006</a></td><td>Aleris Privathospitaler, Ringsted (652991000016006)</td></tr><tr><td><a href="CodeSystem-SOR.html#SOR-491731000016006">491731000016006</a></td><td>Aleris Privathospitaler, København (491731000016006)</td></tr><tr><td><a href="CodeSystem-SOR.html#SOR-491911000016003">491911000016003</a></td><td>Aleris Privathospitaler, Aalborg (491911000016003)</td></tr><tr><td><a href="CodeSystem-SOR.html#SOR-491831000016002">491831000016002</a></td><td>Aleris Hospitaler, Aarhus, urologi og gynækologi (491831000016002)</td></tr><tr><td><a href="CodeSystem-SOR.html#SOR-302311000016004">302311000016004</a></td><td>AROS privathospital, beh. Afsnit (302311000016004)</td></tr><tr><td><a href="CodeSystem-SOR.html#SOR-293191000016008">293191000016008</a></td><td>Capio A/S - Hellerup sengeafsnit (293191000016008)</td></tr><tr><td><a href="CodeSystem-SOR.html#SOR-293271000016004">293271000016004</a></td><td>Capio A/S - Odense sengeafsnit (293271000016004)</td></tr><tr><td><a href="CodeSystem-SOR.html#SOR-596991000016007">596991000016007</a></td><td>Capio A/S - Odense ambulatorium (596991000016007)</td></tr><tr><td><a href="CodeSystem-SOR.html#SOR-688881000016009">688881000016009</a></td><td>CPH Privathospital A/S, kirurgisk afsnit (688881000016009)</td></tr><tr><td><a href="CodeSystem-SOR.html#SOR-299421000016004">299421000016004</a></td><td>Gråbrødreklinikken, beh. afsnit (299421000016004)</td></tr><tr><td><a href="CodeSystem-SOR.html#SOR-293511000016005">293511000016005</a></td><td>Privathospitalet Danmark, Charlottenlund (293511000016005)</td></tr><tr><td><a href="CodeSystem-SOR.html#SOR-574681000016001">574681000016001</a></td><td>Privathospitalet Mølholm Aarhus, Højbjerg beh.afsnit (574681000016001)</td></tr><tr><td><a href="CodeSystem-SOR.html#SOR-300771000016007">300771000016007</a></td><td>Privathospitalet Mølholm Vejle, beh. afsnit (300771000016007)</td></tr><tr><td><a href="CodeSystem-SOR.html#SOR-298241000016003">298241000016003</a></td><td>Privathospitalet Møn, Gynækologisk sengeafsnit (298241000016003)</td></tr><tr><td><a href="CodeSystem-SOR.html#SOR-1048581000016009">1048581000016009</a></td><td>Søernes Privathospital, beh.afsnit (1048581000016009)</td></tr><tr><td><a href="CodeSystem-SOR.html#SOR-106021000016002">106021000016002</a></td><td>Aagaard Gynækologiske Klinik (106021000016002)</td></tr></table></li></ul></div>
  </text>
  <url value="https://kip.rkkp.dk/fhir/ValueSet/SORafdSkema3Duga"/>
  <version value="2.9.1"/>
  <name value="SORafdSkema3Duga"/>
  <title value="SOR: afd_Skema3DUGA (DUGA)"/>
  <status value="active"/>
  <experimental value="true"/>
  <date value="2024-05-17T00:00:00+02:00"/>
  <publisher value="Sundhedsvæsnets Kvalistetsinstitut with Trifork Digital Health A/S"/>
  <contact>
    <name value="Sundhedsvæsnets Kvalistetsinstitut with Trifork Digital Health A/S"/>
    <telecom>
      <system value="url"/>
      <value value="https://trifork.com"/>
    </telecom>
    <telecom>
      <system value="email"/>
      <value value="rbk@trifork.com"/>
    </telecom>
  </contact>
  <description value="SOR: afd_Skema3DUGA (DUGA)"/>
  <compose>
    <include>
      <system value="https://kip.rkkp.dk/fhir/CodeSystem/SOR"/>
      <concept>
        <code value="590021000016006"/>
        <display value="Amager og Hvidovre Hospital, Gynækologisk sengeafdeling (590021000016006)"/>
      </concept>
      <concept>
        <code value="590371000016007"/>
        <display value="Amager og Hvidovre Hospital, Gynækologisk dagkirurgisk afsnit (590371000016007)"/>
      </concept>
      <concept>
        <code value="265661000016007"/>
        <display value="Bornholms Hospital, Kirurgisk sengeafd. (265661000016007)"/>
      </concept>
      <concept>
        <code value="264671000016001"/>
        <display value="Herlev og gentofte Hospital, Gynækologisk afdeling G-1 (264671000016001)"/>
      </concept>
      <concept>
        <code value="264711000016000"/>
        <display value="Herlev og gentofte Hospital, Gynækologisk ambulatorium G-1a (264711000016000)"/>
      </concept>
      <concept>
        <code value="219021000016009"/>
        <display value="Nordsjællands Hospital, HI Gynækologisk Afd., senge (219021000016009)"/>
      </concept>
      <concept>
        <code value="218901000016007"/>
        <display value="Nordsjællands Hospital, HI Gynækologisk Afd., amb. (218901000016007)"/>
      </concept>
      <concept>
        <code value="976201000016009"/>
        <display value="Rigshospitalet, Gynækologisk Klinik GYN, heldøgn (976201000016009)"/>
      </concept>
      <concept>
        <code value="226461000016007"/>
        <display value="Holbæk Gyn afd., HOL Gynækologisk Afd. (226461000016007)"/>
      </concept>
      <concept>
        <code value="226531000016003"/>
        <display value="Holbæk Gyn afd., HOL Gynækologisk Amb. (226531000016003)"/>
      </concept>
      <concept>
        <code value="229981000016001"/>
        <display value="Nykøbing F, NFS Gynækologisk Afd. (229981000016001)"/>
      </concept>
      <concept>
        <code value="230071000016009"/>
        <display value="Nykøbing F, NFS Gynækologisk Amb. (230071000016009)"/>
      </concept>
      <concept>
        <code value="222641000016008"/>
        <display value="Roskilde, ROS Gynækologisk Afd. (222641000016008)"/>
      </concept>
      <concept>
        <code value="222751000016004"/>
        <display value="Roskilde Gyn afd. (222751000016004)"/>
      </concept>
      <concept>
        <code value="229441000016002"/>
        <display value="Slagelse, SLA Gynækologisk Afd. (229441000016002)"/>
      </concept>
      <concept>
        <code value="229591000016006"/>
        <display value="Slagelse, SLA Gynækologisk Amb. (229591000016006)"/>
      </concept>
      <concept>
        <code value="246971000016008"/>
        <display value="Kolding Sygehus, SLB Kvindesygdomme og Fødsler (Kolding) (246971000016008)"/>
      </concept>
      <concept>
        <code value="246931000016006"/>
        <display value="Kolding Sygehus, SLB Kvindesygdomme Ambulatorium (Kolding) (246931000016006)"/>
      </concept>
      <concept>
        <code value="238721000016006"/>
        <display value="OUH Gynækologisk Afsnit (Odense) (238721000016006)"/>
      </concept>
      <concept>
        <code value="238741000016001"/>
        <display value="OUH Gynækologisk Ambulatorium (OUH Gynækologisk Ambulatorium (238741000016001))"/>
      </concept>
      <concept>
        <code value="239391000016000"/>
        <display value="OUH Kirurgisk Afsnit A (239391000016000)"/>
      </concept>
      <concept>
        <code value="241141000016008"/>
        <display value="OUH Urinvejskirurgisk Ambulatorium L (241141000016008)"/>
      </concept>
      <concept>
        <code value="501671000016009"/>
        <display value="SHS Kvindesygdomme Sengeafsnit (Aabenraa) (501671000016009)"/>
      </concept>
      <concept>
        <code value="501711000016005"/>
        <display value="SHS Kvindesygdomme Dagkirurgi (Sønderborg) (501711000016005)"/>
      </concept>
      <concept>
        <code value="245971000016004"/>
        <display value="SVS Kvindesygdomme Afsnit (Esbjerg) (245971000016004)"/>
      </concept>
      <concept>
        <code value="245951000016006"/>
        <display value="SVS Kvindesygdomme Ambulatorium (Esbjerg) (245951000016006)"/>
      </concept>
      <concept>
        <code value="453211000016004"/>
        <display value="AUH Kvindesygdomme (453211000016004)"/>
      </concept>
      <concept>
        <code value="453221000016008"/>
        <display value="AUH, Dagkirurgi - Kvindesygdomme og Fødsler (453221000016008)"/>
      </concept>
      <concept>
        <code value="455661000016001"/>
        <display value="AUH Urinvejskirurgi (455661000016001)"/>
      </concept>
      <concept>
        <code value="507481000016002"/>
        <display value="Hospitalsenhed Midt, Kvindesygdomme og Fødsler Viborg (507481000016002)"/>
      </concept>
      <concept>
        <code value="485441000016009"/>
        <display value="Hospitalsenhed Midt, Kvindeklinikken Viborg (485441000016009)"/>
      </concept>
      <concept>
        <code value="899591000016008"/>
        <display value="Regionshospitalet Gødstrup, Afsnit for Kvindesygdomme Gødstrup - RHG (899591000016008)"/>
      </concept>
      <concept>
        <code value="899651000016003"/>
        <display value="Regionshospitalet Gødstrup, Klinik for Kvindesygdomme Gødstrup - RHG (899651000016003)"/>
      </concept>
      <concept>
        <code value="899781000016001"/>
        <display value="Regionshospitalet Gødstrup, Kvindesygdomme Ambulant Kirurgi Gødstrup - RHG (899781000016001)"/>
      </concept>
      <concept>
        <code value="265971000016007"/>
        <display value="Regionshospitalet Horsens, Sengeafdeling for Kvindesygdomme og Fødsler (265971000016007)"/>
      </concept>
      <concept>
        <code value="266001000016005"/>
        <display value="Regionshospitalet Horsens, Dagkirurgi, Kvindesygdomme (266001000016005)"/>
      </concept>
      <concept>
        <code value="271211000016002"/>
        <display value="Regionshospitalet Randers, Kvindesygdomme og Fødsler - Randers (271211000016002)"/>
      </concept>
      <concept>
        <code value="271221000016006"/>
        <display value="Regionshospitalet Randers, Kvindesygdomsklinikken - Randers (271221000016006)"/>
      </concept>
      <concept>
        <code value="275611000016002"/>
        <display value="Aalborg Universitetshospital, Alb Gyn.-Obst. Afdeling (275611000016002)"/>
      </concept>
      <concept>
        <code value="275641000016001"/>
        <display value="Aalborg Universitetshospital, Alb Gyn. Ambulatorium (275641000016001)"/>
      </concept>
      <concept>
        <code value="276431000016003"/>
        <display value="Aalborg Universitetshospital, Alb Urologisk afd. (276431000016003)"/>
      </concept>
      <concept>
        <code value="275661000016000"/>
        <display value="Aalborg Universitetshospital, Hob Gyn. Ambulatorium Hobro (275661000016000)"/>
      </concept>
      <concept>
        <code value="274781000016002"/>
        <display value="Aalborg Universitetshospital, Thisted, Thy Gyn.-Obst. sengeafd. (274781000016002)"/>
      </concept>
      <concept>
        <code value="277201000016005"/>
        <display value="Regionshospital Nordjylland, Hjr Gyn.Obst. Amb. (277201000016005)"/>
      </concept>
      <concept>
        <code value="277161000016004"/>
        <display value="Regionshospital Nordjylland, Hjr Gyn.-Obst. Sengeafd. (277161000016004)"/>
      </concept>
      <concept>
        <code value="464271000016003"/>
        <display value="Regionshospital Nordjylland, Hjr Dagafsnit for Kvindesygdomme (464271000016003)"/>
      </concept>
      <concept>
        <code value="606291000016007"/>
        <display value="Regionshospital Nordjylland, Hjr Uro-gyn Amb (606291000016007)"/>
      </concept>
      <concept>
        <code value="1041431000016004"/>
        <display value="Adeas Parken (1041431000016004)"/>
      </concept>
      <concept>
        <code value="492011000016005"/>
        <display value="Aleris Privathospitaler, Esbjerg (492011000016005)"/>
      </concept>
      <concept>
        <code value="652991000016006"/>
        <display value="Aleris Privathospitaler, Ringsted (652991000016006)"/>
      </concept>
      <concept>
        <code value="491731000016006"/>
        <display value="Aleris Privathospitaler, København (491731000016006)"/>
      </concept>
      <concept>
        <code value="491911000016003"/>
        <display value="Aleris Privathospitaler, Aalborg (491911000016003)"/>
      </concept>
      <concept>
        <code value="491831000016002"/>
        <display value="Aleris Hospitaler, Aarhus, urologi og gynækologi (491831000016002)"/>
      </concept>
      <concept>
        <code value="302311000016004"/>
        <display value="AROS privathospital, beh. Afsnit (302311000016004)"/>
      </concept>
      <concept>
        <code value="293191000016008"/>
        <display value="Capio A/S - Hellerup sengeafsnit (293191000016008)"/>
      </concept>
      <concept>
        <code value="293271000016004"/>
        <display value="Capio A/S - Odense sengeafsnit (293271000016004)"/>
      </concept>
      <concept>
        <code value="596991000016007"/>
        <display value="Capio A/S - Odense ambulatorium (596991000016007)"/>
      </concept>
      <concept>
        <code value="688881000016009"/>
        <display value="CPH Privathospital A/S, kirurgisk afsnit (688881000016009)"/>
      </concept>
      <concept>
        <code value="299421000016004"/>
        <display value="Gråbrødreklinikken, beh. afsnit (299421000016004)"/>
      </concept>
      <concept>
        <code value="293511000016005"/>
        <display value="Privathospitalet Danmark, Charlottenlund (293511000016005)"/>
      </concept>
      <concept>
        <code value="574681000016001"/>
        <display value="Privathospitalet Mølholm Aarhus, Højbjerg beh.afsnit (574681000016001)"/>
      </concept>
      <concept>
        <code value="300771000016007"/>
        <display value="Privathospitalet Mølholm Vejle, beh. afsnit (300771000016007)"/>
      </concept>
      <concept>
        <code value="298241000016003"/>
        <display value="Privathospitalet Møn, Gynækologisk sengeafsnit (298241000016003)"/>
      </concept>
      <concept>
        <code value="1048581000016009"/>
        <display value="Søernes Privathospital, beh.afsnit (1048581000016009)"/>
      </concept>
      <concept>
        <code value="106021000016002"/>
        <display value="Aagaard Gynækologiske Klinik (106021000016002)"/>
      </concept>
    </include>
  </compose>
</ValueSet>