<?xml version="1.0" encoding="UTF-8"?>

<ValueSet xmlns="http://hl7.org/fhir">
  <id value="IndgrebAabenIngvinalhernieDHDB"/>
  <text>
    <status value="extensions"/><div xmlns="http://www.w3.org/1999/xhtml"><p class="res-header-id"><b>Generated Narrative: ValueSet IndgrebAabenIngvinalhernieDHDB</b></p><a name="IndgrebAabenIngvinalhernieDHDB"> </a><a name="hcIndgrebAabenIngvinalhernieDHDB"> </a><a name="IndgrebAabenIngvinalhernieDHDB-en-US"> </a><p>This value set includes codes based on the following rules:</p><ul><li>Include these codes as defined in <a href="CodeSystem-ProcedureType.html"><code>https://kip.rkkp.dk/fhir/CodeSystem/ProcedureType</code></a><table class="none"><tr><td style="white-space:nowrap"><b>Code</b></td><td><b>Display</b></td><td><b>Definition</b></td></tr><tr><td><a href="CodeSystem-ProcedureType.html#ProcedureType-anuloraphi">anuloraphi</a></td><td>Anuloraphi (alene)</td><td>Anuloraphi</td></tr><tr><td><a href="CodeSystem-ProcedureType.html#ProcedureType-mcvay">mcvay</a></td><td>McVay</td><td>McVay</td></tr><tr><td><a href="CodeSystem-ProcedureType.html#ProcedureType-bassini">bassini</a></td><td>Bassini</td><td>Bassini</td></tr><tr><td><a href="CodeSystem-ProcedureType.html#ProcedureType-shouldice">shouldice</a></td><td>Shouldice</td><td>Shouldice</td></tr></table></li><li>Include these codes as defined in <a href="CodeSystem-GenericValues.html"><code>https://kip.rkkp.dk/fhir/CodeSystem/GenericValues</code></a><table class="none"><tr><td style="white-space:nowrap"><b>Code</b></td><td><b>Display</b></td><td><b>Definition</b></td></tr><tr><td><a href="CodeSystem-GenericValues.html#GenericValues-other">other</a></td><td>Øvrige åben uden mesh</td><td>Other - used to choose unspecific value not in a valueset</td></tr></table></li></ul></div>
  </text>
  <url value="https://kip.rkkp.dk/fhir/ValueSet/IndgrebAabenIngvinalhernieDHDB"/>
  <version value="2.9.1"/>
  <name value="IndgrebAabenIngvinalhernieDHDB"/>
  <title value="Indgreb, åben uden mesh - ingvinalhernie (DHDB)"/>
  <status value="active"/>
  <experimental value="true"/>
  <date value="2022-07-20T00:00:00+02:00"/>
  <publisher value="Sundhedsvæsnets Kvalistetsinstitut with Trifork Digital Health A/S"/>
  <contact>
    <name value="Sundhedsvæsnets Kvalistetsinstitut with Trifork Digital Health A/S"/>
    <telecom>
      <system value="url"/>
      <value value="https://trifork.com"/>
    </telecom>
    <telecom>
      <system value="email"/>
      <value value="rbk@trifork.com"/>
    </telecom>
  </contact>
  <description value="Indgreb, åben uden mesh - ingvinalhernie (DHDB)"/>
  <compose>
    <include>
      <system value="https://kip.rkkp.dk/fhir/CodeSystem/ProcedureType"/>
      <concept>
        <code value="anuloraphi"/>
        <display value="Anuloraphi (alene)"/>
      </concept>
      <concept>
        <code value="mcvay"/>
        <display value="McVay"/>
      </concept>
      <concept>
        <code value="bassini"/>
        <display value="Bassini"/>
      </concept>
      <concept>
        <code value="shouldice"/>
        <display value="Shouldice"/>
      </concept>
    </include>
    <include>
      <system value="https://kip.rkkp.dk/fhir/CodeSystem/GenericValues"/>
      <concept>
        <code value="other"/>
        <display value="Øvrige åben uden mesh"/>
      </concept>
    </include>
  </compose>
</ValueSet>