<?xml version="1.0" encoding="UTF-8"?>

<ValueSet xmlns="http://hl7.org/fhir">
  <id value="Anastomoselaekage"/>
  <text>
    <status value="extensions"/><div xmlns="http://www.w3.org/1999/xhtml"><p class="res-header-id"><b>Generated Narrative: ValueSet Anastomoselaekage</b></p><a name="Anastomoselaekage"> </a><a name="hcAnastomoselaekage"> </a><a name="Anastomoselaekage-en-US"> </a><ul><li>Include these codes as defined in <a href="CodeSystem-AnastomosisLeak.html"><code>https://kip.rkkp.dk/fhir/CodeSystem/AnastomosisLeak</code></a><table class="none"><tr><td style="white-space:nowrap"><b>Code</b></td><td><b>Display</b></td><td><b>Definition</b></td></tr><tr><td><a href="CodeSystem-AnastomosisLeak.html#AnastomosisLeak-conservative">conservative</a></td><td>Konservativ</td><td>Konservativ</td></tr><tr><td><a href="CodeSystem-AnastomosisLeak.html#AnastomosisLeak-endoscopic">endoscopic</a></td><td>Endoskopisk</td><td>Endoskopisk</td></tr><tr><td><a href="CodeSystem-AnastomosisLeak.html#AnastomosisLeak-surgical">surgical</a></td><td>Kirurgisk</td><td>Kirurgisk</td></tr></table></li></ul></div>
  </text>
  <url value="https://kip.rkkp.dk/fhir/ValueSet/Anastomoselaekage"/>
  <version value="2.9.1"/>
  <name value="Anastomoselaekage"/>
  <title value="Anastomoselækage"/>
  <status value="active"/>
  <experimental value="true"/>
  <date value="2022-06-08T00:00:00+02:00"/>
  <publisher value="Sundhedsvæsnets Kvalistetsinstitut with Trifork Digital Health A/S"/>
  <contact>
    <name value="Sundhedsvæsnets Kvalistetsinstitut with Trifork Digital Health A/S"/>
    <telecom>
      <system value="url"/>
      <value value="https://trifork.com"/>
    </telecom>
    <telecom>
      <system value="email"/>
      <value value="rbk@trifork.com"/>
    </telecom>
  </contact>
  <description value="Anastomoselækage for operationen, og hvordan den er håndteret"/>
  <compose>
    <include>
      <system value="https://kip.rkkp.dk/fhir/CodeSystem/AnastomosisLeak"/>
      <concept>
        <code value="conservative"/>
        <display value="Konservativ"/>
      </concept>
      <concept>
        <code value="endoscopic"/>
        <display value="Endoskopisk"/>
      </concept>
      <concept>
        <code value="surgical"/>
        <display value="Kirurgisk"/>
      </concept>
    </include>
  </compose>
</ValueSet>