<?xml version="1.0" encoding="UTF-8"?>

<ValueSet xmlns="http://hl7.org/fhir">
  <id value="WOOSArmloeftDSR"/>
  <text>
    <status value="extensions"/><div xmlns="http://www.w3.org/1999/xhtml"><p class="res-header-id"><b>Generated Narrative: ValueSet WOOSArmloeftDSR</b></p><a name="WOOSArmloeftDSR"> </a><a name="hcWOOSArmloeftDSR"> </a><a name="WOOSArmloeftDSR-en-US"> </a><ul><li>Include these codes as defined in <a href="CodeSystem-WOOS.html"><code>https://kip.rkkp.dk/fhir/CodeSystem/WOOS</code></a><table class="none"><tr><td style="white-space:nowrap"><b>Code</b></td><td><b>Display</b></td><td><b>Definition</b></td></tr><tr><td><a href="CodeSystem-WOOS.html#WOOS-unable_to_life_arm">unable_to_life_arm</a></td><td>Kan slet ikke løfte armen</td><td>Kan slet ikke løfte armen</td></tr></table></li></ul></div>
  </text>
  <url value="https://kip.rkkp.dk/fhir/ValueSet/WOOSArmloeftDSR"/>
  <version value="2.9.1"/>
  <name value="WOOSArmloeftDSR"/>
  <title value="WOOS - Armløft (DSR)"/>
  <status value="active"/>
  <experimental value="true"/>
  <date value="2022-10-07T00:00:00+02:00"/>
  <publisher value="Sundhedsvæsnets Kvalistetsinstitut with Trifork Digital Health A/S"/>
  <contact>
    <name value="Sundhedsvæsnets Kvalistetsinstitut with Trifork Digital Health A/S"/>
    <telecom>
      <system value="url"/>
      <value value="https://trifork.com"/>
    </telecom>
    <telecom>
      <system value="email"/>
      <value value="rbk@trifork.com"/>
    </telecom>
  </contact>
  <description value="WOOS - Armløft (DSR)"/>
  <compose>
    <include>
      <system value="https://kip.rkkp.dk/fhir/CodeSystem/WOOS"/>
      <concept>
        <code value="unable_to_life_arm"/>
        <display value="Kan slet ikke løfte armen"/>
      </concept>
    </include>
  </compose>
</ValueSet>