<?xml version="1.0" encoding="UTF-8"?>

<ValueSet xmlns="http://hl7.org/fhir">
  <id value="EHSVentralHernieLateral"/>
  <text>
    <status value="extensions"/><div xmlns="http://www.w3.org/1999/xhtml"><p class="res-header-id"><b>Generated Narrative: ValueSet EHSVentralHernieLateral</b></p><a name="EHSVentralHernieLateral"> </a><a name="hcEHSVentralHernieLateral"> </a><a name="EHSVentralHernieLateral-en-US"> </a><ul><li>Include these codes as defined in <a href="CodeSystem-EHSIncisionalHerniaClassification.html"><code>https://kip.rkkp.dk/fhir/CodeSystem/EHSIncisionalHerniaClassification</code></a><table class="none"><tr><td style="white-space:nowrap"><b>Code</b></td><td><b>Display</b></td><td><b>Definition</b></td></tr><tr><td><a href="CodeSystem-EHSIncisionalHerniaClassification.html#EHSIncisionalHerniaClassification-l1">l1</a></td><td>L1 subcostal</td><td>L1 - Subcostal</td></tr><tr><td><a href="CodeSystem-EHSIncisionalHerniaClassification.html#EHSIncisionalHerniaClassification-l2">l2</a></td><td>L2 flanke</td><td>L2 - Flank</td></tr><tr><td><a href="CodeSystem-EHSIncisionalHerniaClassification.html#EHSIncisionalHerniaClassification-l3">l3</a></td><td>L3 fossa iliaca</td><td>L3 - Iliac</td></tr><tr><td><a href="CodeSystem-EHSIncisionalHerniaClassification.html#EHSIncisionalHerniaClassification-l4">l4</a></td><td>L4 lumbal</td><td>L4 - Lumbar</td></tr></table></li></ul></div>
  </text>
  <url value="https://kip.rkkp.dk/fhir/ValueSet/EHSVentralHernieLateral"/>
  <version value="2.9.1"/>
  <name value="EHSVentralHernieLateral"/>
  <title value="EHS ventral hernie - lateral"/>
  <status value="active"/>
  <experimental value="true"/>
  <date value="2022-07-20T00:00:00+02:00"/>
  <publisher value="Sundhedsvæsnets Kvalistetsinstitut with Trifork Digital Health A/S"/>
  <contact>
    <name value="Sundhedsvæsnets Kvalistetsinstitut with Trifork Digital Health A/S"/>
    <telecom>
      <system value="url"/>
      <value value="https://trifork.com"/>
    </telecom>
    <telecom>
      <system value="email"/>
      <value value="rbk@trifork.com"/>
    </telecom>
  </contact>
  <description value="EHS ventral hernie - lateral"/>
  <compose>
    <include>
      <system value="https://kip.rkkp.dk/fhir/CodeSystem/EHSIncisionalHerniaClassification"/>
      <concept>
        <code value="l1"/>
        <display value="L1 subcostal"/>
      </concept>
      <concept>
        <code value="l2"/>
        <display value="L2 flanke"/>
      </concept>
      <concept>
        <code value="l3"/>
        <display value="L3 fossa iliaca"/>
      </concept>
      <concept>
        <code value="l4"/>
        <display value="L4 lumbal"/>
      </concept>
    </include>
  </compose>
</ValueSet>