<?xml version="1.0" encoding="UTF-8"?>

<ValueSet xmlns="http://hl7.org/fhir">
  <id value="DomTidligereRETSPSYK"/>
  <text>
    <status value="extensions"/><div xmlns="http://www.w3.org/1999/xhtml"><p class="res-header-id"><b>Generated Narrative: ValueSet DomTidligereRETSPSYK</b></p><a name="DomTidligereRETSPSYK"> </a><a name="hcDomTidligereRETSPSYK"> </a><a name="DomTidligereRETSPSYK-en-US"> </a><ul><li>Include these codes as defined in <a href="CodeSystem-Verdict.html"><code>https://kip.rkkp.dk/fhir/CodeSystem/Verdict</code></a><table class="none"><tr><td style="white-space:nowrap"><b>Code</b></td><td><b>Display</b></td><td><b>Definition</b></td></tr><tr><td><a href="CodeSystem-Verdict.html#Verdict-ordinary_penalty">ordinary_penalty</a></td><td>Almindelig straf</td><td>Almindelig straf</td></tr><tr><td><a href="CodeSystem-Verdict.html#Verdict-placement_psychiatric_ward">placement_psychiatric_ward</a></td><td>Dom til anbringelse i psykiatrisk afdeling</td><td>Dom til anbringelse i psykiatrisk afdeling</td></tr><tr><td><a href="CodeSystem-Verdict.html#Verdict-placement_secure_ward">placement_secure_ward</a></td><td>Dom til anbringelse på sikringsafdelingen</td><td>Dom til anbringelse på sikringsafdelingen</td></tr><tr><td><a href="CodeSystem-Verdict.html#Verdict-placement_psychiatric_ward_etc">placement_psychiatric_ward_etc</a></td><td>Dom til anbringelse på psykiatrisk afdeling etc.</td><td>Dom til anbringelse på psykiatrisk afdeling etc.</td></tr><tr><td><a href="CodeSystem-Verdict.html#Verdict-treatment_correctional">treatment_correctional</a></td><td>Dom til behandling på psykiatrisk afdeling med tilsyn af kriminalforsorgen etc.</td><td>Dom til behandling på psykiatrisk afdeling med tilsyn af Kriminalforsorgen</td></tr><tr><td><a href="CodeSystem-Verdict.html#Verdict-treatment_outpatient">treatment_outpatient</a></td><td>Dom til ambulant behandling ved psykiatrisk afdeling</td><td>Dom til ambulant behandling ved psykiatrisk afdeling</td></tr><tr><td><a href="CodeSystem-Verdict.html#Verdict-treatment_outpatient_correctional">treatment_outpatient_correctional</a></td><td>Dom til ambulant behandling ved psykiatrisk afdeling med tilsyn af kriminalforsorgen etc.</td><td>Dom til ambulant behandling ved psykiatrisk afdeling med tilsyn af Kriminalforsorgen</td></tr><tr><td><a href="CodeSystem-Verdict.html#Verdict-treatment_outpatient_admission">treatment_outpatient_admission</a></td><td>Dom til ambulant behandling ved psykiatrisk afdeling med mulighed for indlæggelse etc.</td><td>Dom til ambulant behandling ved psykiatrisk afdeling med mulighed for indlæggelse</td></tr><tr><td><a href="CodeSystem-Verdict.html#Verdict-treatment_outpatient_correctional_admission">treatment_outpatient_correctional_admission</a></td><td>Dom til ambulant behandling ved psykiatrisk afdeling med tilsyn af kriminalforsorgen og mulighed for indlæggelse etc.</td><td>Dom til ambulant behandling ved psykiatrisk afdeling med tilsyn af Kriminalforsorgen og mulighed for indlæggelse</td></tr></table></li></ul></div>
  </text>
  <url value="https://kip.rkkp.dk/fhir/ValueSet/DomTidligereRETSPSYK"/>
  <version value="2.9.1"/>
  <name value="DomTidligereRETSPSYK"/>
  <title value="Dom - Tidligere (RETSPSYK)"/>
  <status value="active"/>
  <experimental value="true"/>
  <date value="2022-09-28T00:00:00+02:00"/>
  <publisher value="Sundhedsvæsnets Kvalistetsinstitut with Trifork Digital Health A/S"/>
  <contact>
    <name value="Sundhedsvæsnets Kvalistetsinstitut with Trifork Digital Health A/S"/>
    <telecom>
      <system value="url"/>
      <value value="https://trifork.com"/>
    </telecom>
    <telecom>
      <system value="email"/>
      <value value="rbk@trifork.com"/>
    </telecom>
  </contact>
  <description value="Dom - Tidligere (RETSPSYK)"/>
  <compose>
    <include>
      <system value="https://kip.rkkp.dk/fhir/CodeSystem/Verdict"/>
      <concept>
        <code value="ordinary_penalty"/>
        <display value="Almindelig straf"/>
      </concept>
      <concept>
        <code value="placement_psychiatric_ward"/>
        <display value="Dom til anbringelse i psykiatrisk afdeling"/>
      </concept>
      <concept>
        <code value="placement_secure_ward"/>
        <display value="Dom til anbringelse på sikringsafdelingen"/>
      </concept>
      <concept>
        <code value="placement_psychiatric_ward_etc"/>
        <display value="Dom til anbringelse på psykiatrisk afdeling etc."/>
      </concept>
      <concept>
        <code value="treatment_correctional"/>
        <display value="Dom til behandling på psykiatrisk afdeling med tilsyn af kriminalforsorgen etc."/>
      </concept>
      <concept>
        <code value="treatment_outpatient"/>
        <display value="Dom til ambulant behandling ved psykiatrisk afdeling"/>
      </concept>
      <concept>
        <code value="treatment_outpatient_correctional"/>
        <display value="Dom til ambulant behandling ved psykiatrisk afdeling med tilsyn af kriminalforsorgen etc."/>
      </concept>
      <concept>
        <code value="treatment_outpatient_admission"/>
        <display value="Dom til ambulant behandling ved psykiatrisk afdeling med mulighed for indlæggelse etc."/>
      </concept>
      <concept>
        <code value="treatment_outpatient_correctional_admission"/>
        <display value="Dom til ambulant behandling ved psykiatrisk afdeling med tilsyn af kriminalforsorgen og mulighed for indlæggelse etc."/>
      </concept>
    </include>
  </compose>
</ValueSet>