<?xml version="1.0" encoding="UTF-8"?>

<ValueSet xmlns="http://hl7.org/fhir">
  <id value="BehandlingCML"/>
  <text>
    <status value="extensions"/><div xmlns="http://www.w3.org/1999/xhtml"><p class="res-header-id"><b>Generated Narrative: ValueSet BehandlingCML</b></p><a name="BehandlingCML"> </a><a name="hcBehandlingCML"> </a><a name="BehandlingCML-en-US"> </a><p>This value set includes codes based on the following rules:</p><ul><li>Include these codes as defined in <a href="CodeSystem-ATC.html"><code>https://kip.rkkp.dk/fhir/CodeSystem/ATC</code></a><table class="none"><tr><td style="white-space:nowrap"><b>Code</b></td><td><b>Display</b></td><td><b>Definition</b></td></tr><tr><td><a href="CodeSystem-ATC.html#ATC-L01EA06">L01EA06</a></td><td>Asciminib</td><td>L01EA06 - Asciminib</td></tr><tr><td><a href="CodeSystem-ATC.html#ATC-L01XX05">L01XX05</a></td><td>Hydroxycarbamide</td><td>L01XX05 - hydroxycarbamide</td></tr><tr><td><a href="CodeSystem-ATC.html#ATC-L01EA01">L01EA01</a></td><td>Imatinib</td><td>L01EA01 - imatinib</td></tr><tr><td><a href="CodeSystem-ATC.html#ATC-L01EA02">L01EA02</a></td><td>Dasatinib</td><td>L01EA02 - dasatinib</td></tr><tr><td><a href="CodeSystem-ATC.html#ATC-L01EA03">L01EA03</a></td><td>Nilotinib</td><td>L01EA03 - nilotinib</td></tr><tr><td><a href="CodeSystem-ATC.html#ATC-L03AB">L03AB</a></td><td>Interferon</td><td>L03AB - Interferons</td></tr><tr><td><a href="CodeSystem-ATC.html#ATC-L01EA04">L01EA04</a></td><td>Bosutinib</td><td>L01EA04 - bosutinib</td></tr><tr><td><a href="CodeSystem-ATC.html#ATC-L01EA05">L01EA05</a></td><td>Ponatinib</td><td>L01EA05 - ponatinib</td></tr></table></li><li>Include these codes as defined in <a href="CodeSystem-ATCMixedCodes.html"><code>https://kip.rkkp.dk/fhir/CodeSystem/ATCMixedCodes</code></a><table class="none"><tr><td style="white-space:nowrap"><b>Code</b></td><td><b>Display</b></td><td><b>Definition</b></td></tr><tr><td><a href="CodeSystem-ATCMixedCodes.html#ATCMixedCodes-tki">tki</a></td><td>Anden TKI behandling</td><td>TKI (Tyrosine kinase inhibitors)</td></tr></table></li><li>Include these codes as defined in <a href="CodeSystem-GenericValues.html"><code>https://kip.rkkp.dk/fhir/CodeSystem/GenericValues</code></a><table class="none"><tr><td style="white-space:nowrap"><b>Code</b></td><td><b>Display</b></td><td><b>Definition</b></td></tr><tr><td><a href="CodeSystem-GenericValues.html#GenericValues-other">other</a></td><td>Anden behandling</td><td>Other - used to choose unspecific value not in a valueset</td></tr></table></li></ul></div>
  </text>
  <url value="https://kip.rkkp.dk/fhir/ValueSet/BehandlingCML"/>
  <version value="2.9.1"/>
  <name value="BehandlingCML"/>
  <title value="Behandling (CML)"/>
  <status value="active"/>
  <experimental value="true"/>
  <date value="2022-07-18T00:00:00+02:00"/>
  <publisher value="Sundhedsvæsnets Kvalistetsinstitut with Trifork Digital Health A/S"/>
  <contact>
    <name value="Sundhedsvæsnets Kvalistetsinstitut with Trifork Digital Health A/S"/>
    <telecom>
      <system value="url"/>
      <value value="https://trifork.com"/>
    </telecom>
    <telecom>
      <system value="email"/>
      <value value="rbk@trifork.com"/>
    </telecom>
  </contact>
  <description value="Behandling (CML)"/>
  <compose>
    <include>
      <system value="https://kip.rkkp.dk/fhir/CodeSystem/ATC"/>
      <concept>
        <code value="L01EA06"/>
        <display value="Asciminib"/>
      </concept>
      <concept>
        <code value="L01XX05"/>
        <display value="Hydroxycarbamide"/>
      </concept>
      <concept>
        <code value="L01EA01"/>
        <display value="Imatinib"/>
      </concept>
      <concept>
        <code value="L01EA02"/>
        <display value="Dasatinib"/>
      </concept>
      <concept>
        <code value="L01EA03"/>
        <display value="Nilotinib"/>
      </concept>
      <concept>
        <code value="L03AB"/>
        <display value="Interferon"/>
      </concept>
      <concept>
        <code value="L01EA04"/>
        <display value="Bosutinib"/>
      </concept>
      <concept>
        <code value="L01EA05"/>
        <display value="Ponatinib"/>
      </concept>
    </include>
    <include>
      <system value="https://kip.rkkp.dk/fhir/CodeSystem/ATCMixedCodes"/>
      <concept>
        <code value="tki"/>
        <display value="Anden TKI behandling"/>
      </concept>
    </include>
    <include>
      <system value="https://kip.rkkp.dk/fhir/CodeSystem/GenericValues"/>
      <concept>
        <code value="other"/>
        <display value="Anden behandling"/>
      </concept>
    </include>
  </compose>
</ValueSet>