<?xml version="1.0" encoding="UTF-8"?>

<ValueSet xmlns="http://hl7.org/fhir">
  <id value="SuspensionDUGA"/>
  <text>
    <status value="extensions"/><div xmlns="http://www.w3.org/1999/xhtml"><p class="res-header-id"><b>Generated Narrative: ValueSet SuspensionDUGA</b></p><a name="SuspensionDUGA"> </a><a name="hcSuspensionDUGA"> </a><a name="SuspensionDUGA-en-US"> </a><ul><li>Include these codes as defined in <a href="CodeSystem-ProcedureUrogyn.html"><code>https://kip.rkkp.dk/fhir/CodeSystem/ProcedureUrogyn</code></a><table class="none"><tr><td style="white-space:nowrap"><b>Code</b></td><td><b>Display</b></td><td><b>Definition</b></td></tr><tr><td><a href="CodeSystem-ProcedureUrogyn.html#ProcedureUrogyn-KZLA01">KZLA01</a></td><td>KZLA01: Suspension af vaginaltop a.m. McCall</td><td>Suspension af vaginaltop a.m. McCall</td></tr><tr><td><a href="CodeSystem-ProcedureUrogyn.html#ProcedureUrogyn-KZLA02">KZLA02</a></td><td>KZLA02: Suspension af vaginaltop a.m. Bob Shull</td><td>Suspension af vaginaltop a.m. Bob Shull</td></tr></table></li></ul></div>
  </text>
  <url value="https://kip.rkkp.dk/fhir/ValueSet/SuspensionDUGA"/>
  <version value="2.9.1"/>
  <name value="SuspensionDUGA"/>
  <title value="Suspension (DUGA)"/>
  <status value="active"/>
  <experimental value="true"/>
  <date value="2024-02-14T00:00:00+02:00"/>
  <publisher value="Sundhedsvæsnets Kvalistetsinstitut with Trifork Digital Health A/S"/>
  <contact>
    <name value="Sundhedsvæsnets Kvalistetsinstitut with Trifork Digital Health A/S"/>
    <telecom>
      <system value="url"/>
      <value value="https://trifork.com"/>
    </telecom>
    <telecom>
      <system value="email"/>
      <value value="rbk@trifork.com"/>
    </telecom>
  </contact>
  <description value="Procedurekode - Suspension (DUGA)"/>
  <compose>
    <include>
      <system value="https://kip.rkkp.dk/fhir/CodeSystem/ProcedureUrogyn"/>
      <concept>
        <code value="KZLA01"/>
        <display value="KZLA01: Suspension af vaginaltop a.m. McCall"/>
      </concept>
      <concept>
        <code value="KZLA02"/>
        <display value="KZLA02: Suspension af vaginaltop a.m. Bob Shull"/>
      </concept>
    </include>
  </compose>
</ValueSet>