<?xml version="1.0" encoding="UTF-8"?>

<ValueSet xmlns="http://hl7.org/fhir">
  <id value="DomForanstaltningstypeRETSPSYK"/>
  <text>
    <status value="extensions"/><div xmlns="http://www.w3.org/1999/xhtml"><p class="res-header-id"><b>Generated Narrative: ValueSet DomForanstaltningstypeRETSPSYK</b></p><a name="DomForanstaltningstypeRETSPSYK"> </a><a name="hcDomForanstaltningstypeRETSPSYK"> </a><a name="DomForanstaltningstypeRETSPSYK-en-US"> </a><ul><li>Include these codes as defined in <a href="CodeSystem-Verdict.html"><code>https://kip.rkkp.dk/fhir/CodeSystem/Verdict</code></a><table class="none"><tr><td style="white-space:nowrap"><b>Code</b></td><td><b>Display</b></td><td><b>Definition</b></td></tr><tr><td><a href="CodeSystem-Verdict.html#Verdict-placement_psychiatric_ward">placement_psychiatric_ward</a></td><td>Dom til anbringelse i psykiatrisk afdeling</td><td>Dom til anbringelse i psykiatrisk afdeling</td></tr><tr><td><a href="CodeSystem-Verdict.html#Verdict-treatment">treatment</a></td><td>Dom til behandling på psykiatrisk afdeling</td><td>Dom til behandling på psykiatrisk afdeling</td></tr><tr><td><a href="CodeSystem-Verdict.html#Verdict-treatment_outpatient">treatment_outpatient</a></td><td>Dom til ambulant behandling ved psykiatrisk afdeling</td><td>Dom til ambulant behandling ved psykiatrisk afdeling</td></tr></table></li></ul></div>
  </text>
  <url value="https://kip.rkkp.dk/fhir/ValueSet/DomForanstaltningstypeRETSPSYK"/>
  <version value="2.9.1"/>
  <name value="DomForanstaltningstypeRETSPSYK"/>
  <title value="Dom - Foranstaltningstype (RETSPSYK)"/>
  <status value="active"/>
  <experimental value="true"/>
  <date value="2022-09-28T00:00:00+02:00"/>
  <publisher value="Sundhedsvæsnets Kvalistetsinstitut with Trifork Digital Health A/S"/>
  <contact>
    <name value="Sundhedsvæsnets Kvalistetsinstitut with Trifork Digital Health A/S"/>
    <telecom>
      <system value="url"/>
      <value value="https://trifork.com"/>
    </telecom>
    <telecom>
      <system value="email"/>
      <value value="rbk@trifork.com"/>
    </telecom>
  </contact>
  <description value="Dom - Foranstaltningstype (RETSPSYK)"/>
  <compose>
    <include>
      <system value="https://kip.rkkp.dk/fhir/CodeSystem/Verdict"/>
      <concept>
        <code value="placement_psychiatric_ward"/>
        <display value="Dom til anbringelse i psykiatrisk afdeling"/>
      </concept>
      <concept>
        <code value="treatment"/>
        <display value="Dom til behandling på psykiatrisk afdeling"/>
      </concept>
      <concept>
        <code value="treatment_outpatient"/>
        <display value="Dom til ambulant behandling ved psykiatrisk afdeling"/>
      </concept>
    </include>
  </compose>
</ValueSet>