<?xml version="1.0" encoding="UTF-8"?>

<ValueSet xmlns="http://hl7.org/fhir">
  <id value="CytogeneticRisk"/>
  <text>
    <status value="extensions"/><div xmlns="http://www.w3.org/1999/xhtml"><p class="res-header-id"><b>Generated Narrative: ValueSet CytogeneticRisk</b></p><a name="CytogeneticRisk"> </a><a name="hcCytogeneticRisk"> </a><a name="CytogeneticRisk-en-US"> </a><ul><li>Include these codes as defined in <a href="CodeSystem-GenericValues.html"><code>https://kip.rkkp.dk/fhir/CodeSystem/GenericValues</code></a><table class="none"><tr><td style="white-space:nowrap"><b>Code</b></td><td><b>Display</b></td><td><b>Definition</b></td></tr><tr><td><a href="CodeSystem-GenericValues.html#GenericValues-high">high</a></td><td>Good risk (Y-, del5q, del20q, normal)</td><td>High (risk, etc.)</td></tr><tr><td><a href="CodeSystem-GenericValues.html#GenericValues-normal">normal</a></td><td>Intermediær risk (alle øvrige)</td><td>Normal</td></tr><tr><td><a href="CodeSystem-GenericValues.html#GenericValues-low">low</a></td><td>Poor risk (&gt; 3 kromosomforandringer, kromosom 7 aberrationer)</td><td>Low (risk, etc.)</td></tr><tr><td><a href="CodeSystem-GenericValues.html#GenericValues-not_performed">not_performed</a></td><td>Ej udført</td><td>Not performed - used to indicate, if a procedure or test has not been performed</td></tr></table></li></ul></div>
  </text>
  <url value="https://kip.rkkp.dk/fhir/ValueSet/CytogeneticRisk"/>
  <version value="2.9.1"/>
  <name value="CytogeneticRisk"/>
  <title value="Cytogenetiske risici"/>
  <status value="active"/>
  <experimental value="true"/>
  <date value="2022-07-12T00:00:00+02:00"/>
  <publisher value="Sundhedsvæsnets Kvalistetsinstitut with Trifork Digital Health A/S"/>
  <contact>
    <name value="Sundhedsvæsnets Kvalistetsinstitut with Trifork Digital Health A/S"/>
    <telecom>
      <system value="url"/>
      <value value="https://trifork.com"/>
    </telecom>
    <telecom>
      <system value="email"/>
      <value value="rbk@trifork.com"/>
    </telecom>
  </contact>
  <description value="Cytogenetiske fund / risiko vudering"/>
  <compose>
    <include>
      <system value="https://kip.rkkp.dk/fhir/CodeSystem/GenericValues"/>
      <concept>
        <code value="high"/>
        <display value="Good risk (Y-, del5q, del20q, normal)"/>
      </concept>
      <concept>
        <code value="normal"/>
        <display value="Intermediær risk (alle øvrige)"/>
      </concept>
      <concept>
        <code value="low"/>
        <display value="Poor risk (&gt; 3 kromosomforandringer, kromosom 7 aberrationer)"/>
      </concept>
      <concept>
        <code value="not_performed"/>
        <display value="Ej udført"/>
      </concept>
    </include>
  </compose>
</ValueSet>