<?xml version="1.0" encoding="UTF-8"?>

<ValueSet xmlns="http://hl7.org/fhir">
  <id value="UdredningDANDEM"/>
  <text>
    <status value="extensions"/><div xmlns="http://www.w3.org/1999/xhtml"><p class="res-header-id"><b>Generated Narrative: ValueSet UdredningDANDEM</b></p><a name="UdredningDANDEM"> </a><a name="hcUdredningDANDEM"> </a><a name="UdredningDANDEM-en-US"> </a><ul><li>Include these codes as defined in <a href="CodeSystem-AssessmentType.html"><code>https://kip.rkkp.dk/fhir/CodeSystem/AssessmentType</code></a><table class="none"><tr><td style="white-space:nowrap"><b>Code</b></td><td><b>Display</b></td><td><b>Definition</b></td></tr><tr><td><a href="CodeSystem-AssessmentType.html#AssessmentType-primary_dementia_assessment">primary_dementia_assessment</a></td><td>Primær demensudredning, henvist direkte</td><td>Primary dementia assessment / Primær demensudredning</td></tr><tr><td><a href="CodeSystem-AssessmentType.html#AssessmentType-second_opinion">second_opinion</a></td><td>Second opinion</td><td>Second opinion</td></tr><tr><td><a href="CodeSystem-AssessmentType.html#AssessmentType-referred_again_behavioral_problems">referred_again_behavioral_problems</a></td><td>Genhenvist pga. adfærdsforstyrrelser og har sikker diagnose</td><td>Referred again beacause of behavioral problems / Genhenvist pga. adfærdsforstyrrelser</td></tr><tr><td><a href="CodeSystem-AssessmentType.html#AssessmentType-referred_again_dementia_treatment">referred_again_dementia_treatment</a></td><td>Genhenvist pga. demensbehandling og har en sikker diagnose</td><td>Referred again beacause of dementia treatment / Genhenvist pga. demensbehandling</td></tr><tr><td><a href="CodeSystem-AssessmentType.html#AssessmentType-revisited_primary_assessment">revisited_primary_assessment</a></td><td>Omvisiteret fritvalgspatient til primær udredning</td><td>Revisited for primary assessment / Omvisiteret til primær udredning</td></tr><tr><td><a href="CodeSystem-AssessmentType.html#AssessmentType-no_wish_for_assessment">no_wish_for_assessment</a></td><td>Patient ønsker ikke yderligere undersøgelser</td><td>Patient wishes for no further assessment / Patient ønsker ikke yderligere undersøgelser</td></tr></table></li></ul></div>
  </text>
  <url value="https://kip.rkkp.dk/fhir/ValueSet/UdredningDANDEM"/>
  <version value="2.9.1"/>
  <name value="UdredningDANDEM"/>
  <title value="Udredning (DANDEM)"/>
  <status value="active"/>
  <experimental value="true"/>
  <date value="2022-07-19T00:00:00+02:00"/>
  <publisher value="Sundhedsvæsnets Kvalistetsinstitut with Trifork Digital Health A/S"/>
  <contact>
    <name value="Sundhedsvæsnets Kvalistetsinstitut with Trifork Digital Health A/S"/>
    <telecom>
      <system value="url"/>
      <value value="https://trifork.com"/>
    </telecom>
    <telecom>
      <system value="email"/>
      <value value="rbk@trifork.com"/>
    </telecom>
  </contact>
  <description value="Udredning (DANDEM)"/>
  <compose>
    <include>
      <system value="https://kip.rkkp.dk/fhir/CodeSystem/AssessmentType"/>
      <concept>
        <code value="primary_dementia_assessment"/>
        <display value="Primær demensudredning, henvist direkte"/>
      </concept>
      <concept>
        <code value="second_opinion"/>
        <display value="Second opinion"/>
      </concept>
      <concept>
        <code value="referred_again_behavioral_problems"/>
        <display value="Genhenvist pga. adfærdsforstyrrelser og har sikker diagnose"/>
      </concept>
      <concept>
        <code value="referred_again_dementia_treatment"/>
        <display value="Genhenvist pga. demensbehandling og har en sikker diagnose"/>
      </concept>
      <concept>
        <code value="revisited_primary_assessment"/>
        <display value="Omvisiteret fritvalgspatient til primær udredning"/>
      </concept>
      <concept>
        <code value="no_wish_for_assessment"/>
        <display value="Patient ønsker ikke yderligere undersøgelser"/>
      </concept>
    </include>
  </compose>
</ValueSet>