<?xml version="1.0" encoding="UTF-8"?>

<ValueSet xmlns="http://hl7.org/fhir">
  <id value="IDC10DPDNonCancer"/>
  <text>
    <status value="extensions"/><div xmlns="http://www.w3.org/1999/xhtml"><p class="res-header-id"><b>Generated Narrative: ValueSet IDC10DPDNonCancer</b></p><a name="IDC10DPDNonCancer"> </a><a name="hcIDC10DPDNonCancer"> </a><a name="IDC10DPDNonCancer-en-US"> </a><p>This value set includes codes based on the following rules:</p><ul><li>Include these codes as defined in <a href="CodeSystem-SKSCodeCollection.html"><code>https://kip.rkkp.dk/fhir/CodeSystem/SKSCodeCollection</code></a><table class="none"><tr><td style="white-space:nowrap"><b>Code</b></td><td><b>Display</b></td><td><b>Definition</b></td></tr><tr><td><a href="CodeSystem-SKSCodeCollection.html#SKSCodeCollection-heart_vessel">heart_vessel</a></td><td>Hjertekar sygdom (DI00-DI52+DI70-DI99)</td><td>Hjertekar sygdom (DI00-DI52+DI70-DI99)</td></tr><tr><td><a href="CodeSystem-SKSCodeCollection.html#SKSCodeCollection-neurological">neurological</a></td><td>Neurologisk sygdom (ikke apopleksi) (DI64-DI69+DG00-DG99+DF00-DF03)</td><td>Neurologisk sygdom (ikke apopleksi) (DI64-DI69+DG00-DG99+DF00-DF03)</td></tr><tr><td><a href="CodeSystem-SKSCodeCollection.html#SKSCodeCollection-apoplexia">apoplexia</a></td><td>Apopleksi (cerebral thrombose/hæmorrhagi) (DI60-DI63)</td><td>Apopleksi (cerebral thrombose/hæmorrhagi) (DI60-DI63)</td></tr><tr><td><a href="CodeSystem-SKSCodeCollection.html#SKSCodeCollection-lung">lung</a></td><td>Lungesygdomme (DJ00-DJ99+DE84)</td><td>Lungesygdomme (DJ00-DJ99+DE84)</td></tr><tr><td><a href="CodeSystem-SKSCodeCollection.html#SKSCodeCollection-kidney">kidney</a></td><td>Nyresygdomme (DN00-DN29)</td><td>Nyresygdomme (DN00-DN29)</td></tr></table></li><li>Include these codes as defined in <a href="CodeSystem-GenericValues.html"><code>https://kip.rkkp.dk/fhir/CodeSystem/GenericValues</code></a><table class="none"><tr><td style="white-space:nowrap"><b>Code</b></td><td><b>Display</b></td><td><b>Definition</b></td></tr><tr><td><a href="CodeSystem-GenericValues.html#GenericValues-other">other</a></td><td>Anden sygdom</td><td>Other - used to choose unspecific value not in a valueset</td></tr></table></li></ul></div>
  </text>
  <url value="https://kip.rkkp.dk/fhir/ValueSet/IDC10DPDNonCancer"/>
  <version value="2.9.1"/>
  <name value="IDC10DPDNonCancer"/>
  <title value="ICD 10 non-cancer koder til DPD"/>
  <status value="active"/>
  <experimental value="true"/>
  <date value="2022-08-25T00:00:00+02:00"/>
  <publisher value="Sundhedsvæsnets Kvalistetsinstitut with Trifork Digital Health A/S"/>
  <contact>
    <name value="Sundhedsvæsnets Kvalistetsinstitut with Trifork Digital Health A/S"/>
    <telecom>
      <system value="url"/>
      <value value="https://trifork.com"/>
    </telecom>
    <telecom>
      <system value="email"/>
      <value value="rbk@trifork.com"/>
    </telecom>
  </contact>
  <description value="ICD 10 non-cancer koder til DPD"/>
  <compose>
    <include>
      <system value="https://kip.rkkp.dk/fhir/CodeSystem/SKSCodeCollection"/>
      <concept>
        <code value="heart_vessel"/>
        <display value="Hjertekar sygdom (DI00-DI52+DI70-DI99)"/>
      </concept>
      <concept>
        <code value="neurological"/>
        <display value="Neurologisk sygdom (ikke apopleksi) (DI64-DI69+DG00-DG99+DF00-DF03)"/>
      </concept>
      <concept>
        <code value="apoplexia"/>
        <display value="Apopleksi (cerebral thrombose/hæmorrhagi) (DI60-DI63)"/>
      </concept>
      <concept>
        <code value="lung"/>
        <display value="Lungesygdomme (DJ00-DJ99+DE84)"/>
      </concept>
      <concept>
        <code value="kidney"/>
        <display value="Nyresygdomme (DN00-DN29)"/>
      </concept>
    </include>
    <include>
      <system value="https://kip.rkkp.dk/fhir/CodeSystem/GenericValues"/>
      <concept>
        <code value="other"/>
        <display value="Anden sygdom"/>
      </concept>
    </include>
  </compose>
</ValueSet>