<?xml version="1.0" encoding="UTF-8"?>

<ValueSet xmlns="http://hl7.org/fhir">
  <id value="RevisionHumerusCavitasDSR"/>
  <text>
    <status value="extensions"/><div xmlns="http://www.w3.org/1999/xhtml"><p class="res-header-id"><b>Generated Narrative: ValueSet RevisionHumerusCavitasDSR</b></p><a name="RevisionHumerusCavitasDSR"> </a><a name="hcRevisionHumerusCavitasDSR"> </a><a name="RevisionHumerusCavitasDSR-en-US"> </a><ul><li>Include these codes as defined in <a href="CodeSystem-ImplantComponents.html"><code>https://kip.rkkp.dk/fhir/CodeSystem/ImplantComponents</code></a><table class="none"><tr><td style="white-space:nowrap"><b>Code</b></td><td><b>Display</b></td><td><b>Definition</b></td></tr><tr><td><a href="CodeSystem-ImplantComponents.html#ImplantComponents-humerus">humerus</a></td><td>Humerus</td><td>Humerus</td></tr><tr><td><a href="CodeSystem-ImplantComponents.html#ImplantComponents-cavitas">cavitas</a></td><td>Cavitas</td><td>Cavitas</td></tr></table></li></ul></div>
  </text>
  <url value="https://kip.rkkp.dk/fhir/ValueSet/RevisionHumerusCavitasDSR"/>
  <version value="2.9.1"/>
  <name value="RevisionHumerusCavitasDSR"/>
  <title value="Revision - Humerus/cavitas (DSR)"/>
  <status value="active"/>
  <experimental value="true"/>
  <date value="2022-10-07T00:00:00+02:00"/>
  <publisher value="Sundhedsvæsnets Kvalistetsinstitut with Trifork Digital Health A/S"/>
  <contact>
    <name value="Sundhedsvæsnets Kvalistetsinstitut with Trifork Digital Health A/S"/>
    <telecom>
      <system value="url"/>
      <value value="https://trifork.com"/>
    </telecom>
    <telecom>
      <system value="email"/>
      <value value="rbk@trifork.com"/>
    </telecom>
  </contact>
  <description value="Revision - Humerus/cavitas (DSR)"/>
  <compose>
    <include>
      <system value="https://kip.rkkp.dk/fhir/CodeSystem/ImplantComponents"/>
      <concept>
        <code value="humerus"/>
        <display value="Humerus"/>
      </concept>
      <concept>
        <code value="cavitas"/>
        <display value="Cavitas"/>
      </concept>
    </include>
  </compose>
</ValueSet>