<?xml version="1.0" encoding="UTF-8"?><CodeSystem xmlns="http://hl7.org/fhir"><id value="DSAFindingsLocation"/><text><status value="generated"/><div xmlns="http://www.w3.org/1999/xhtml"><p class="res-header-id"><b>Generated Narrative: CodeSystem DSAFindingsLocation</b></p><a name="DSAFindingsLocation"> </a><a name="hcDSAFindingsLocation"> </a><a name="DSAFindingsLocation-en-US"> </a><p>This  code system <code>https://kip.rkkp.dk/fhir/CodeSystem/DSAFindingsLocation</code> defines the following codes:</p><table class="codes"><tr><td style="white-space:nowrap"><b>Code</b></td><td><b>Display</b></td><td><b>Definition</b></td></tr><tr><td style="white-space:nowrap">cca<a name="DSAFindingsLocation-cca"> </a></td><td>CCA</td><td>CCA</td></tr><tr><td style="white-space:nowrap">ica<a name="DSAFindingsLocation-ica"> </a></td><td>ICA</td><td>ICA</td></tr><tr><td style="white-space:nowrap">ica-t<a name="DSAFindingsLocation-ica-t"> </a></td><td>ICA-T</td><td>ICA-T</td></tr><tr><td style="white-space:nowrap">mca1<a name="DSAFindingsLocation-mca1"> </a></td><td>MCA 1</td><td>MCA 1</td></tr><tr><td style="white-space:nowrap">mca2<a name="DSAFindingsLocation-mca2"> </a></td><td>MCA 2</td><td>MCA 2</td></tr><tr><td style="white-space:nowrap">aca<a name="DSAFindingsLocation-aca"> </a></td><td>ACA</td><td>ACA</td></tr><tr><td style="white-space:nowrap">va<a name="DSAFindingsLocation-va"> </a></td><td>VA</td><td>VA</td></tr><tr><td style="white-space:nowrap">ba<a name="DSAFindingsLocation-ba"> </a></td><td>BA</td><td>BA</td></tr><tr><td style="white-space:nowrap">pca/other<a name="DSAFindingsLocation-pca.47other"> </a></td><td>PCA/Other</td><td>PCA/Other</td></tr><tr><td style="white-space:nowrap">cervical_dissection<a name="DSAFindingsLocation-cervical_dissection"> </a></td><td>Cervical dissection</td><td>Cervical dissection</td></tr></table></div></text><url value="https://kip.rkkp.dk/fhir/CodeSystem/DSAFindingsLocation"/><version value="0.1.6"/><name value="DSAFindingsLocation"/><title value="Findings with digital subtraction angiography (DSA); location of clot"/><status value="active"/><date value="2022-06-28T00:00:00+02:00"/><publisher value="Sundhedsvæsnets Kvalistetsinstitut with Trifork Digital Health A/S"/><contact><name value="Sundhedsvæsnets Kvalistetsinstitut with Trifork Digital Health A/S"/><telecom><system value="url"/><value value="https://trifork.com"/></telecom><telecom><system value="email"/><value value="rbk@trifork.com"/></telecom></contact><description value="Findings with digital subtraction angiography (DSA); location of clot"/><content value="complete"/><count value="10"/><concept><code value="cca"/><display value="CCA"/><definition value="CCA"/></concept><concept><code value="ica"/><display value="ICA"/><definition value="ICA"/></concept><concept><code value="ica-t"/><display value="ICA-T"/><definition value="ICA-T"/></concept><concept><code value="mca1"/><display value="MCA 1"/><definition value="MCA 1"/></concept><concept><code value="mca2"/><display value="MCA 2"/><definition value="MCA 2"/></concept><concept><code value="aca"/><display value="ACA"/><definition value="ACA"/></concept><concept><code value="va"/><display value="VA"/><definition value="VA"/></concept><concept><code value="ba"/><display value="BA"/><definition value="BA"/></concept><concept><code value="pca/other"/><display value="PCA/Other"/><definition value="PCA/Other"/></concept><concept><code value="cervical_dissection"/><display value="Cervical dissection"/><definition value="Cervical dissection"/></concept></CodeSystem>