<?xml version="1.0" encoding="UTF-8"?><CodeSystem xmlns="http://hl7.org/fhir"><id value="CognitiveTest"/><text><status value="generated"/><div xmlns="http://www.w3.org/1999/xhtml"><p class="res-header-id"><b>Generated Narrative: CodeSystem CognitiveTest</b></p><a name="CognitiveTest"> </a><a name="hcCognitiveTest"> </a><a name="CognitiveTest-en-US"> </a><p>This case-insensitive code system <code>https://kip.rkkp.dk/fhir/CodeSystem/CognitiveTest</code> defines the following codes:</p><table class="codes"><tr><td style="white-space:nowrap"><b>Code</b></td><td><b>Display</b></td><td><b>Definition</b></td></tr><tr><td style="white-space:nowrap">mmse<a name="CognitiveTest-mmse"> </a></td><td>MMSE</td><td>MMSE</td></tr><tr><td style="white-space:nowrap">ace<a name="CognitiveTest-ace"> </a></td><td>ACE</td><td>ACE</td></tr><tr><td style="white-space:nowrap">basic<a name="CognitiveTest-basic"> </a></td><td>BASIC</td><td>BASIC</td></tr><tr><td style="white-space:nowrap">camcog<a name="CognitiveTest-camcog"> </a></td><td>CAMcog</td><td>CAMcog</td></tr><tr><td style="white-space:nowrap">moca<a name="CognitiveTest-moca"> </a></td><td>MoCa</td><td>MoCa</td></tr><tr><td style="white-space:nowrap">rudas<a name="CognitiveTest-rudas"> </a></td><td>RUDAS</td><td>RUDAS</td></tr><tr><td style="white-space:nowrap">trinvold/dsqiid<a name="CognitiveTest-trinvold.47dsqiid"> </a></td><td>Trinvold/DSQIID</td><td>Trinvold/DSQIID</td></tr></table></div></text><url value="https://kip.rkkp.dk/fhir/CodeSystem/CognitiveTest"/><version value="0.1.6"/><name value="CognitiveTest"/><title value="Cognitive test"/><status value="active"/><date value="2022-07-19T00:00:00+02:00"/><publisher value="Sundhedsvæsnets Kvalistetsinstitut with Trifork Digital Health A/S"/><contact><name value="Sundhedsvæsnets Kvalistetsinstitut with Trifork Digital Health A/S"/><telecom><system value="url"/><value value="https://trifork.com"/></telecom><telecom><system value="email"/><value value="rbk@trifork.com"/></telecom></contact><description value="Cognitive test"/><caseSensitive value="false"/><content value="complete"/><count value="7"/><concept><code value="mmse"/><display value="MMSE"/><definition value="MMSE"/></concept><concept><code value="ace"/><display value="ACE"/><definition value="ACE"/></concept><concept><code value="basic"/><display value="BASIC"/><definition value="BASIC"/></concept><concept><code value="camcog"/><display value="CAMcog"/><definition value="CAMcog"/></concept><concept><code value="moca"/><display value="MoCa"/><definition value="MoCa"/></concept><concept><code value="rudas"/><display value="RUDAS"/><definition value="RUDAS"/></concept><concept><code value="trinvold/dsqiid"/><display value="Trinvold/DSQIID"/><definition value="Trinvold/DSQIID"/></concept></CodeSystem>