<?xml version="1.0" encoding="UTF-8"?><CodeSystem xmlns="http://hl7.org/fhir"><id value="VisitationCriteriaNotMet"/><text><status value="generated"/><div xmlns="http://www.w3.org/1999/xhtml"><p class="res-header-id"><b>Generated Narrative: CodeSystem VisitationCriteriaNotMet</b></p><a name="VisitationCriteriaNotMet"> </a><a name="hcVisitationCriteriaNotMet"> </a><a name="VisitationCriteriaNotMet-en-US"> </a><p>This case-insensitive code system <code>https://kip.rkkp.dk/fhir/CodeSystem/VisitationCriteriaNotMet</code> defines the following codes:</p><table class="codes"><tr><td style="white-space:nowrap"><b>Code</b></td><td><b>Display</b></td><td><b>Definition</b></td></tr><tr><td style="white-space:nowrap">not_terminally_ill<a name="VisitationCriteriaNotMet-not_terminally_ill"> </a></td><td>Not terminally ill</td><td>Not terminally ill / Ikke uhelbredeligt syg</td></tr><tr><td style="white-space:nowrap">no_symptomatology<a name="VisitationCriteriaNotMet-no_symptomatology"> </a></td><td>No symptomatology</td><td>No symptomatology / Ikke symptomatologi, som kræver en specialiseret/tværfaglig indsats</td></tr><tr><td style="white-space:nowrap">not_diagnostically_completed<a name="VisitationCriteriaNotMet-not_diagnostically_completed"> </a></td><td>Not diagnostically completed</td><td>Not diagnostically completed / Ikke diagnostisk færdigudredt</td></tr><tr><td style="white-space:nowrap">not_informed<a name="VisitationCriteriaNotMet-not_informed"> </a></td><td>Patient not well informed</td><td>Patient not well informed / Patienten ikke velinformeret om sin sygdom</td></tr></table></div></text><url value="https://kip.rkkp.dk/fhir/CodeSystem/VisitationCriteriaNotMet"/><version value="0.1.6"/><name value="VisitationCriteriaNotMet"/><title value="Visitation criteria not met; cause"/><status value="active"/><date value="2022-08-23T00:00:00+02:00"/><publisher value="Sundhedsvæsnets Kvalistetsinstitut with Trifork Digital Health A/S"/><contact><name value="Sundhedsvæsnets Kvalistetsinstitut with Trifork Digital Health A/S"/><telecom><system value="url"/><value value="https://trifork.com"/></telecom><telecom><system value="email"/><value value="rbk@trifork.com"/></telecom></contact><description value="Visitation criteria not met; cause"/><caseSensitive value="false"/><content value="complete"/><count value="4"/><concept><code value="not_terminally_ill"/><display value="Not terminally ill"/><definition value="Not terminally ill / Ikke uhelbredeligt syg"/></concept><concept><code value="no_symptomatology"/><display value="No symptomatology"/><definition value="No symptomatology / Ikke symptomatologi, som kræver en specialiseret/tværfaglig indsats"/></concept><concept><code value="not_diagnostically_completed"/><display value="Not diagnostically completed"/><definition value="Not diagnostically completed / Ikke diagnostisk færdigudredt"/></concept><concept><code value="not_informed"/><display value="Patient not well informed"/><definition value="Patient not well informed / Patienten ikke velinformeret om sin sygdom"/></concept></CodeSystem>