<?xml version="1.0" encoding="UTF-8"?><CodeSystem xmlns="http://hl7.org/fhir"><id value="UdskrevetTil"/><text><status value="generated"/><div xmlns="http://www.w3.org/1999/xhtml"><p class="res-header-id"><b>Generated Narrative: CodeSystem UdskrevetTil</b></p><a name="UdskrevetTil"> </a><a name="hcUdskrevetTil"> </a><a name="UdskrevetTil-en-US"> </a><p>This  code system <code>https://kip.rkkp.dk/fhir/CodeSystem/UdskrevetTil</code> defines the following codes:</p><table class="codes"><tr><td style="white-space:nowrap"><b>Code</b></td><td><b>Display</b></td><td><b>Definition</b></td></tr><tr><td style="white-space:nowrap">stamafd<a name="UdskrevetTil-stamafd"> </a></td><td>Stamafdeling</td><td>Stamafdeling</td></tr><tr><td style="white-space:nowrap">hjemmet<a name="UdskrevetTil-hjemmet"> </a></td><td>Hjemmet</td><td>Hjemmet</td></tr><tr><td style="white-space:nowrap">reoper<a name="UdskrevetTil-reoper"> </a></td><td>Reoperation</td><td>Reoperation</td></tr><tr><td style="white-space:nowrap">intensiv<a name="UdskrevetTil-intensiv"> </a></td><td>Intensiv</td><td>Intensiv afdeling</td></tr><tr><td style="white-space:nowrap">andet_hosp<a name="UdskrevetTil-andet_hosp"> </a></td><td>Andet hospital</td><td>Andet hospital</td></tr><tr><td style="white-space:nowrap">doed_u_obs<a name="UdskrevetTil-doed_u_obs"> </a></td><td>Død under obs.</td><td>Død i observationsperioden</td></tr></table></div></text><url value="https://kip.rkkp.dk/fhir/CodeSystem/UdskrevetTil"/><version value="0.1.6"/><name value="UdskrevetTil"/><title value="Udskrevet til"/><status value="active"/><date value="2022-06-13T00:00:00+02:00"/><publisher value="Sundhedsvæsnets Kvalistetsinstitut with Trifork Digital Health A/S"/><contact><name value="Sundhedsvæsnets Kvalistetsinstitut with Trifork Digital Health A/S"/><telecom><system value="url"/><value value="https://trifork.com"/></telecom><telecom><system value="email"/><value value="rbk@trifork.com"/></telecom></contact><description value="Udskrevet til"/><content value="complete"/><count value="6"/><concept><code value="stamafd"/><display value="Stamafdeling"/><definition value="Stamafdeling"/></concept><concept><code value="hjemmet"/><display value="Hjemmet"/><definition value="Hjemmet"/></concept><concept><code value="reoper"/><display value="Reoperation"/><definition value="Reoperation"/></concept><concept><code value="intensiv"/><display value="Intensiv"/><definition value="Intensiv afdeling"/></concept><concept><code value="andet_hosp"/><display value="Andet hospital"/><definition value="Andet hospital"/></concept><concept><code value="doed_u_obs"/><display value="Død under obs."/><definition value="Død i observationsperioden"/></concept></CodeSystem>