<?xml version="1.0" encoding="UTF-8"?><CodeSystem xmlns="http://hl7.org/fhir"><id value="Periods"/><text><status value="generated"/><div xmlns="http://www.w3.org/1999/xhtml"><p class="res-header-id"><b>Generated Narrative: CodeSystem Periods</b></p><a name="Periods"> </a><a name="hcPeriods"> </a><a name="Periods-en-US"> </a><p>This  code system <code>https://kip.rkkp.dk/fhir/CodeSystem/Periods</code> defines the following codes:</p><table class="codes"><tr><td style="white-space:nowrap"><b>Code</b></td><td><b>Display</b></td><td><b>Definition</b></td></tr><tr><td style="white-space:nowrap">day<a name="Periods-day"> </a></td><td>Day</td><td>Dag</td></tr><tr><td style="white-space:nowrap">week<a name="Periods-week"> </a></td><td>Week</td><td>Uge</td></tr><tr><td style="white-space:nowrap">month<a name="Periods-month"> </a></td><td>Month</td><td>Måned</td></tr><tr><td style="white-space:nowrap">quarter<a name="Periods-quarter"> </a></td><td>Quarter</td><td>Kvartal</td></tr><tr><td style="white-space:nowrap">year<a name="Periods-year"> </a></td><td>Year</td><td>År</td></tr></table></div></text><url value="https://kip.rkkp.dk/fhir/CodeSystem/Periods"/><version value="0.1.6"/><name value="Periods"/><title value="Perioder"/><status value="active"/><date value="2022-11-21T00:00:00+02:00"/><publisher value="Sundhedsvæsnets Kvalistetsinstitut with Trifork Digital Health A/S"/><contact><name value="Sundhedsvæsnets Kvalistetsinstitut with Trifork Digital Health A/S"/><telecom><system value="url"/><value value="https://trifork.com"/></telecom><telecom><system value="email"/><value value="rbk@trifork.com"/></telecom></contact><description value="Kalendermæssige perioder"/><content value="complete"/><count value="5"/><concept><code value="day"/><display value="Day"/><definition value="Dag"/></concept><concept><code value="week"/><display value="Week"/><definition value="Uge"/></concept><concept><code value="month"/><display value="Month"/><definition value="Måned"/></concept><concept><code value="quarter"/><display value="Quarter"/><definition value="Kvartal"/></concept><concept><code value="year"/><display value="Year"/><definition value="År"/></concept></CodeSystem>