<?xml version="1.0" encoding="UTF-8"?><CodeSystem xmlns="http://hl7.org/fhir"><id value="StopTeam"/><text><status value="generated"/><div xmlns="http://www.w3.org/1999/xhtml"><p class="res-header-id"><b>Generated Narrative: CodeSystem StopTeam</b></p><a name="StopTeam"> </a><a name="hcStopTeam"> </a><a name="StopTeam-en-US"> </a><p>This  code system <code>https://kip.rkkp.dk/fhir/CodeSystem/StopTeam</code> defines the following codes:</p><table class="codes"><tr><td style="white-space:nowrap"><b>Code</b></td><td><b>Display</b></td><td><b>Definition</b></td></tr><tr><td style="white-space:nowrap">anastesiLaege<a name="StopTeam-anastesiLaege"> </a></td><td>Anæstesilæge(r)</td><td>Anæstesilæge(r)</td></tr><tr><td style="white-space:nowrap">anastesiSP<a name="StopTeam-anastesiSP"> </a></td><td>Anæstesisygeplejerske(r)</td><td>Anæstesisygeplejerske(r)</td></tr><tr><td style="white-space:nowrap">kardiolog<a name="StopTeam-kardiolog"> </a></td><td>Kardiolog(er)</td><td>Kardiolog(er)</td></tr><tr><td style="white-space:nowrap">SP<a name="StopTeam-SP"> </a></td><td>Sygeplejerske(r)</td><td>Sygeplejerske(r)</td></tr><tr><td style="white-space:nowrap">portor<a name="StopTeam-portor"> </a></td><td>Portør/serviceass.</td><td>Portør/serviceass.</td></tr><tr><td style="white-space:nowrap">andre<a name="StopTeam-andre"> </a></td><td>Andre</td><td>Andre</td></tr></table></div></text><url value="https://kip.rkkp.dk/fhir/CodeSystem/StopTeam"/><version value="0.1.6"/><name value="StopTeam"/><title value="Teammedlemmer på stopholdet"/><status value="active"/><date value="2022-06-29T00:00:00+02:00"/><publisher value="Sundhedsvæsnets Kvalistetsinstitut with Trifork Digital Health A/S"/><contact><name value="Sundhedsvæsnets Kvalistetsinstitut with Trifork Digital Health A/S"/><telecom><system value="url"/><value value="https://trifork.com"/></telecom><telecom><system value="email"/><value value="rbk@trifork.com"/></telecom></contact><description value="Teammedlemmer/personale på stopholdet"/><content value="complete"/><count value="6"/><concept><code value="anastesiLaege"/><display value="Anæstesilæge(r)"/><definition value="Anæstesilæge(r)"/></concept><concept><code value="anastesiSP"/><display value="Anæstesisygeplejerske(r)"/><definition value="Anæstesisygeplejerske(r)"/></concept><concept><code value="kardiolog"/><display value="Kardiolog(er)"/><definition value="Kardiolog(er)"/></concept><concept><code value="SP"/><display value="Sygeplejerske(r)"/><definition value="Sygeplejerske(r)"/></concept><concept><code value="portor"/><display value="Portør/serviceass."/><definition value="Portør/serviceass."/></concept><concept><code value="andre"/><display value="Andre"/><definition value="Andre"/></concept></CodeSystem>