<?xml version="1.0" encoding="UTF-8"?><CodeSystem xmlns="http://hl7.org/fhir"><id value="IncisionChoice"/><text><status value="generated"/><div xmlns="http://www.w3.org/1999/xhtml"><p class="res-header-id"><b>Generated Narrative: CodeSystem IncisionChoice</b></p><a name="IncisionChoice"> </a><a name="hcIncisionChoice"> </a><a name="IncisionChoice-en-US"> </a><p>This case-insensitive code system <code>https://kip.rkkp.dk/fhir/CodeSystem/IncisionChoice</code> defines the following codes:</p><table class="codes"><tr><td style="white-space:nowrap"><b>Code</b></td><td><b>Display</b></td><td><b>Definition</b></td></tr><tr><td style="white-space:nowrap">abdomnial<a name="IncisionChoice-abdomnial"> </a></td><td>Abdominal adgang</td><td>Abdominal adgang</td></tr><tr><td style="white-space:nowrap">abdominal_thoracic<a name="IncisionChoice-abdominal_thoracic"> </a></td><td>Separat abdominal og torakal adgang</td><td>Separat abdominal og torakal adgang</td></tr><tr><td style="white-space:nowrap">toracoabdominal<a name="IncisionChoice-toracoabdominal"> </a></td><td>Torakabdominal adgang</td><td>Torakabdominal adgang med deling af diafragma</td></tr><tr><td style="white-space:nowrap">transhiatal_siewert<a name="IncisionChoice-transhiatal_siewert"> </a></td><td>Transhiatal adgang (a.m. Siewert)</td><td>Transhiatal adgang (a.m. Siewert)</td></tr><tr><td style="white-space:nowrap">transhiatal_neck<a name="IncisionChoice-transhiatal_neck"> </a></td><td>Transhiatal adgang og anastomose på hals</td><td>Transhiatal adgang og anastomose på hals</td></tr><tr><td style="white-space:nowrap">abdominal_thoracoskopic<a name="IncisionChoice-abdominal_thoracoskopic"> </a></td><td>Separat abdominal &amp; torakoskopisk</td><td>Separat abdominal &amp; torakoskopisk</td></tr><tr><td style="white-space:nowrap">laparoscopic_thoracoskopic<a name="IncisionChoice-laparoscopic_thoracoskopic"> </a></td><td>Laparoskopisk &amp; torakoskopisk</td><td>Laparoskopisk &amp; torakoskopisk</td></tr><tr><td style="white-space:nowrap">laparoscopic_thoracotomy<a name="IncisionChoice-laparoscopic_thoracotomy"> </a></td><td>Laparoskopisk &amp; separat torakotomi</td><td>Laparoskopisk &amp; separat torakotomi</td></tr><tr><td style="white-space:nowrap">laparoscopic<a name="IncisionChoice-laparoscopic"> </a></td><td>Laparoskopisk</td><td>Laparoskopisk</td></tr><tr><td style="white-space:nowrap">endoscopic<a name="IncisionChoice-endoscopic"> </a></td><td>Endoskopisk</td><td>Endoskopisk</td></tr><tr><td style="white-space:nowrap">cervical<a name="IncisionChoice-cervical"> </a></td><td>Cervikal adgang</td><td>Cervikal adgang (frit tyndtarmstransplantat)</td></tr><tr><td style="white-space:nowrap">delto_pectoral<a name="IncisionChoice-delto_pectoral"> </a></td><td>Delto-pectoral</td><td>Delto-pectoral</td></tr><tr><td style="white-space:nowrap">mackenzie<a name="IncisionChoice-mackenzie"> </a></td><td>Antero-superior (MacKenzie)</td><td>Antero-superior (MacKenzie)</td></tr><tr><td style="white-space:nowrap">lateral_for_patella<a name="IncisionChoice-lateral_for_patella"> </a></td><td>Lateral for patella</td><td>Lateral for patella</td></tr><tr><td style="white-space:nowrap">medial_for_patella<a name="IncisionChoice-medial_for_patella"> </a></td><td>Medial for patella</td><td>Medial for patella</td></tr><tr><td style="white-space:nowrap">medial_parapatellar_quadriceps<a name="IncisionChoice-medial_parapatellar_quadriceps"> </a></td><td>Medial parapatellar, gennem quadricepssenen</td><td>Medial parapatellar, gennem quadricepssenen</td></tr><tr><td style="white-space:nowrap">medial_parapatellar_vastus_medialis<a name="IncisionChoice-medial_parapatellar_vastus_medialis"> </a></td><td>Medial parapatellar, vastus medialis split</td><td>Medial parapatellar, vastus medialis split</td></tr><tr><td style="white-space:nowrap">center_quadriceps<a name="IncisionChoice-center_quadriceps"> </a></td><td>Midtlinie, gennem quadricepssenen</td><td>Midtlinie, gennem quadricepssenen</td></tr><tr><td style="white-space:nowrap">center_vastus_medialis<a name="IncisionChoice-center_vastus_medialis"> </a></td><td>Midtlinie, vastus medialis split</td><td>Midtlinie, vastus medialis split</td></tr><tr><td style="white-space:nowrap">minimal_invasive<a name="IncisionChoice-minimal_invasive"> </a></td><td>Minimal invasiv kirurgi</td><td>Minimal invasiv kirurgi</td></tr></table></div></text><url value="https://kip.rkkp.dk/fhir/CodeSystem/IncisionChoice"/><version value="0.1.6"/><name value="IncisionChoice"/><title value="Incision choice"/><status value="active"/><date value="2022-06-03T00:00:00+02:00"/><publisher value="Sundhedsvæsnets Kvalistetsinstitut with Trifork Digital Health A/S"/><contact><name value="Sundhedsvæsnets Kvalistetsinstitut with Trifork Digital Health A/S"/><telecom><system value="url"/><value value="https://trifork.com"/></telecom><telecom><system value="email"/><value value="rbk@trifork.com"/></telecom></contact><description value="Incisionsvalg eller operativ adgang"/><caseSensitive value="false"/><content value="complete"/><count value="20"/><concept><code value="abdomnial"/><display value="Abdominal adgang"/><definition value="Abdominal adgang"/></concept><concept><code value="abdominal_thoracic"/><display value="Separat abdominal og torakal adgang"/><definition value="Separat abdominal og torakal adgang"/></concept><concept><code value="toracoabdominal"/><display value="Torakabdominal adgang"/><definition value="Torakabdominal adgang med deling af diafragma"/></concept><concept><code value="transhiatal_siewert"/><display value="Transhiatal adgang (a.m. Siewert)"/><definition value="Transhiatal adgang (a.m. Siewert)"/></concept><concept><code value="transhiatal_neck"/><display value="Transhiatal adgang og anastomose på hals"/><definition value="Transhiatal adgang og anastomose på hals"/></concept><concept><code value="abdominal_thoracoskopic"/><display value="Separat abdominal &amp; torakoskopisk"/><definition value="Separat abdominal &amp; torakoskopisk"/></concept><concept><code value="laparoscopic_thoracoskopic"/><display value="Laparoskopisk &amp; torakoskopisk"/><definition value="Laparoskopisk &amp; torakoskopisk"/></concept><concept><code value="laparoscopic_thoracotomy"/><display value="Laparoskopisk &amp; separat torakotomi"/><definition value="Laparoskopisk &amp; separat torakotomi"/></concept><concept><code value="laparoscopic"/><display value="Laparoskopisk"/><definition value="Laparoskopisk"/></concept><concept><code value="endoscopic"/><display value="Endoskopisk"/><definition value="Endoskopisk"/></concept><concept><code value="cervical"/><display value="Cervikal adgang"/><definition value="Cervikal adgang (frit tyndtarmstransplantat)"/></concept><concept><code value="delto_pectoral"/><display value="Delto-pectoral"/><definition value="Delto-pectoral"/></concept><concept><code value="mackenzie"/><display value="Antero-superior (MacKenzie)"/><definition value="Antero-superior (MacKenzie)"/></concept><concept><code value="lateral_for_patella"/><display value="Lateral for patella"/><definition value="Lateral for patella"/></concept><concept><code value="medial_for_patella"/><display value="Medial for patella"/><definition value="Medial for patella"/></concept><concept><code value="medial_parapatellar_quadriceps"/><display value="Medial parapatellar, gennem quadricepssenen"/><definition value="Medial parapatellar, gennem quadricepssenen"/></concept><concept><code value="medial_parapatellar_vastus_medialis"/><display value="Medial parapatellar, vastus medialis split"/><definition value="Medial parapatellar, vastus medialis split"/></concept><concept><code value="center_quadriceps"/><display value="Midtlinie, gennem quadricepssenen"/><definition value="Midtlinie, gennem quadricepssenen"/></concept><concept><code value="center_vastus_medialis"/><display value="Midtlinie, vastus medialis split"/><definition value="Midtlinie, vastus medialis split"/></concept><concept><code value="minimal_invasive"/><display value="Minimal invasiv kirurgi"/><definition value="Minimal invasiv kirurgi"/></concept></CodeSystem>