<?xml version="1.0" encoding="UTF-8"?><CodeSystem xmlns="http://hl7.org/fhir"><id value="ReferredFrom"/><text><status value="generated"/><div xmlns="http://www.w3.org/1999/xhtml"><p class="res-header-id"><b>Generated Narrative: CodeSystem ReferredFrom</b></p><a name="ReferredFrom"> </a><a name="hcReferredFrom"> </a><a name="ReferredFrom-en-US"> </a><p>This case-insensitive code system <code>https://kip.rkkp.dk/fhir/CodeSystem/ReferredFrom</code> defines the following codes:</p><table class="codes"><tr><td style="white-space:nowrap"><b>Code</b></td><td><b>Display</b></td><td><b>Definition</b></td></tr><tr><td style="white-space:nowrap">own_doctor<a name="ReferredFrom-own_doctor"> </a></td><td>Own doctor</td><td>Own doctor / Egen læge</td></tr><tr><td style="white-space:nowrap">specialist_doctor<a name="ReferredFrom-specialist_doctor"> </a></td><td>Specialist doctor</td><td>Specialist doctor / Speciallæge</td></tr><tr><td style="white-space:nowrap">hospital_department<a name="ReferredFrom-hospital_department"> </a></td><td>Hospital department</td><td>Hospital department / Sygehusafdeling</td></tr><tr><td style="white-space:nowrap">palliative_department<a name="ReferredFrom-palliative_department"> </a></td><td>Palliative department</td><td>Palliative department / Palliativ enhed</td></tr><tr><td style="white-space:nowrap">patient_relavtives<a name="ReferredFrom-patient_relavtives"> </a></td><td>Patient or relatives</td><td>Patient or relatives / Patienten selv eller pårørende</td></tr></table></div></text><url value="https://kip.rkkp.dk/fhir/CodeSystem/ReferredFrom"/><version value="0.1.6"/><name value="ReferredFrom"/><title value="Referred from"/><status value="active"/><date value="2022-08-23T00:00:00+02:00"/><publisher value="Sundhedsvæsnets Kvalistetsinstitut with Trifork Digital Health A/S"/><contact><name value="Sundhedsvæsnets Kvalistetsinstitut with Trifork Digital Health A/S"/><telecom><system value="url"/><value value="https://trifork.com"/></telecom><telecom><system value="email"/><value value="rbk@trifork.com"/></telecom></contact><description value="Referred from"/><caseSensitive value="false"/><content value="complete"/><count value="5"/><concept><code value="own_doctor"/><display value="Own doctor"/><definition value="Own doctor / Egen læge"/></concept><concept><code value="specialist_doctor"/><display value="Specialist doctor"/><definition value="Specialist doctor / Speciallæge"/></concept><concept><code value="hospital_department"/><display value="Hospital department"/><definition value="Hospital department / Sygehusafdeling"/></concept><concept><code value="palliative_department"/><display value="Palliative department"/><definition value="Palliative department / Palliativ enhed"/></concept><concept><code value="patient_relavtives"/><display value="Patient or relatives"/><definition value="Patient or relatives / Patienten selv eller pårørende"/></concept></CodeSystem>