<?xml version="1.0" encoding="UTF-8"?><CodeSystem xmlns="http://hl7.org/fhir"><id value="Interventionsforloeb"/><text><status value="generated"/><div xmlns="http://www.w3.org/1999/xhtml"><p class="res-header-id"><b>Generated Narrative: CodeSystem Interventionsforloeb</b></p><a name="Interventionsforloeb"> </a><a name="hcInterventionsforloeb"> </a><a name="Interventionsforloeb-en-US"> </a><p>This case-insensitive code system <code>https://kip.rkkp.dk/fhir/CodeSystem/Interventionsforloeb</code> defines the following codes:</p><table class="codes"><tr><td style="white-space:nowrap"><b>Code</b></td><td><b>Display</b></td><td><b>Definition</b></td></tr><tr><td style="white-space:nowrap">HD<a name="Interventionsforloeb-HD"> </a></td><td>Hæmodialyse</td><td>Hæmodialyse</td></tr><tr><td style="white-space:nowrap">PD<a name="Interventionsforloeb-PD"> </a></td><td>Peritonealdialyse</td><td>Peritonealdialyse</td></tr><tr><td style="white-space:nowrap">TX<a name="Interventionsforloeb-TX"> </a></td><td>Transplantation</td><td>Transplantation</td></tr></table></div></text><url value="https://kip.rkkp.dk/fhir/CodeSystem/Interventionsforloeb"/><version value="0.1.6"/><name value="Interventionsforloeb"/><title value="Interventionsforløb"/><status value="active"/><date value="2024-01-10T00:00:00+02:00"/><publisher value="Sundhedsvæsnets Kvalistetsinstitut with Trifork Digital Health A/S"/><contact><name value="Sundhedsvæsnets Kvalistetsinstitut with Trifork Digital Health A/S"/><telecom><system value="url"/><value value="https://trifork.com"/></telecom><telecom><system value="email"/><value value="rbk@trifork.com"/></telecom></contact><description value="Interventionsforløb"/><caseSensitive value="false"/><content value="complete"/><count value="3"/><concept><code value="HD"/><display value="Hæmodialyse"/><definition value="Hæmodialyse"/></concept><concept><code value="PD"/><display value="Peritonealdialyse"/><definition value="Peritonealdialyse"/></concept><concept><code value="TX"/><display value="Transplantation"/><definition value="Transplantation"/></concept></CodeSystem>