<?xml version="1.0" encoding="UTF-8"?><CodeSystem xmlns="http://hl7.org/fhir"><id value="SNOMEDCT"/><text><status value="generated"/><div xmlns="http://www.w3.org/1999/xhtml"><p class="res-header-id"><b>Generated Narrative: CodeSystem SNOMEDCT</b></p><a name="SNOMEDCT"> </a><a name="hcSNOMEDCT"> </a><a name="SNOMEDCT-en-US"> </a><p>This case-sensitive code system <code>https://kip.rkkp.dk/fhir/CodeSystem/SNOMEDCT</code> provides <b>a fragment</b> that includes following codes:</p><table class="codes"><tr><td style="white-space:nowrap"><b>Code</b></td><td><b>Display</b></td><td><b>Definition</b></td></tr><tr><td style="white-space:nowrap">58158008<a name="SNOMEDCT-58158008"> </a></td><td>Stable</td><td>Stable</td></tr><tr><td style="white-space:nowrap">64957009<a name="SNOMEDCT-64957009"> </a></td><td>Uncertain</td><td>Uncertain</td></tr><tr><td style="white-space:nowrap">75134009<a name="SNOMEDCT-75134009"> </a></td><td>Not examined for</td><td>Not examined for</td></tr><tr><td style="white-space:nowrap">103337004<a name="SNOMEDCT-103337004"> </a></td><td>In partial remission</td><td>In partial remission</td></tr><tr><td style="white-space:nowrap">103338009<a name="SNOMEDCT-103338009"> </a></td><td>In full remission</td><td>In full remission</td></tr><tr><td style="white-space:nowrap">255314001<a name="SNOMEDCT-255314001"> </a></td><td>Progressive</td><td>Progressive</td></tr><tr><td style="white-space:nowrap">278179005<a name="SNOMEDCT-278179005"> </a></td><td>Accelerated phase</td><td>Accelerated phase</td></tr><tr><td style="white-space:nowrap">278177007<a name="SNOMEDCT-278177007"> </a></td><td>Chronic phase</td><td>Chronic phase</td></tr><tr><td style="white-space:nowrap">419099009<a name="SNOMEDCT-419099009"> </a></td><td>Dead</td><td>Dead</td></tr><tr><td style="white-space:nowrap">438949009<a name="SNOMEDCT-438949009"> </a></td><td>Alive</td><td>Alive</td></tr><tr><td style="white-space:nowrap">303071001<a name="SNOMEDCT-303071001"> </a></td><td>Person in the family</td><td>Person in the family</td></tr><tr><td style="white-space:nowrap">394863008<a name="SNOMEDCT-394863008"> </a></td><td>Non-family member</td><td>Non-family member</td></tr><tr><td style="white-space:nowrap">40683002<a name="SNOMEDCT-40683002"> </a></td><td>Parent</td><td>Forælder</td></tr><tr><td style="white-space:nowrap">375005<a name="SNOMEDCT-375005"> </a></td><td>Sibling</td><td>Søster/Bror</td></tr><tr><td style="white-space:nowrap">11286003<a name="SNOMEDCT-11286003"> </a></td><td>Twin sibling</td><td>Tvilling</td></tr><tr><td style="white-space:nowrap">10896006<a name="SNOMEDCT-10896006"> </a></td><td>Identical twin sibling</td><td>Tvilling (monocygot)</td></tr><tr><td style="white-space:nowrap">713369009<a name="SNOMEDCT-713369009"> </a></td><td>Live related kidney donor</td><td>Levende familiedonor</td></tr><tr><td style="white-space:nowrap">105457003<a name="SNOMEDCT-105457003"> </a></td><td>Cadaver donor</td><td>Afdød donor</td></tr><tr><td style="white-space:nowrap">713183000<a name="SNOMEDCT-713183000"> </a></td><td>Cadaver donor for kidney transplant</td><td>Afdød donor (Nekronyre)</td></tr><tr><td style="white-space:nowrap">418460001<a name="SNOMEDCT-418460001"> </a></td><td>Bone marrow stromal stem cell</td><td>Bone marrow stromal stem cell</td></tr><tr><td style="white-space:nowrap">419583006<a name="SNOMEDCT-419583006"> </a></td><td>Peripheral blood stem cell</td><td>Peripheral blood stem cell</td></tr></table></div></text><url value="https://kip.rkkp.dk/fhir/CodeSystem/SNOMEDCT"/><identifier><system value="urn:ietf:rfc:3986"/><value value="urn:oid:2.16.840.1.113883.6.96"/></identifier><version value="0.1.6"/><name value="SNOMEDCT"/><title value="SNOMED-CT"/><status value="active"/><date value="2022-06-07T00:00:00+02:00"/><publisher value="Sundhedsvæsnets Kvalistetsinstitut with Trifork Digital Health A/S"/><contact><name value="Sundhedsvæsnets Kvalistetsinstitut with Trifork Digital Health A/S"/><telecom><system value="url"/><value value="https://trifork.com"/></telecom><telecom><system value="email"/><value value="rbk@trifork.com"/></telecom></contact><description value="SNOMED-CT - Codes used in databases. Link: https://browser.ihtsdotools.org/"/><caseSensitive value="true"/><content value="fragment"/><concept><code value="58158008"/><display value="Stable"/><definition value="Stable"/></concept><concept><code value="64957009"/><display value="Uncertain"/><definition value="Uncertain"/></concept><concept><code value="75134009"/><display value="Not examined for"/><definition value="Not examined for"/></concept><concept><code value="103337004"/><display value="In partial remission"/><definition value="In partial remission"/></concept><concept><code value="103338009"/><display value="In full remission"/><definition value="In full remission"/></concept><concept><code value="255314001"/><display value="Progressive"/><definition value="Progressive"/></concept><concept><code value="278179005"/><display value="Accelerated phase"/><definition value="Accelerated phase"/></concept><concept><code value="278177007"/><display value="Chronic phase"/><definition value="Chronic phase"/></concept><concept><code value="419099009"/><display value="Dead"/><definition value="Dead"/></concept><concept><code value="438949009"/><display value="Alive"/><definition value="Alive"/></concept><concept><code value="303071001"/><display value="Person in the family"/><definition value="Person in the family"/></concept><concept><code value="394863008"/><display value="Non-family member"/><definition value="Non-family member"/></concept><concept><code value="40683002"/><display value="Parent"/><definition value="Forælder"/></concept><concept><code value="375005"/><display value="Sibling"/><definition value="Søster/Bror"/></concept><concept><code value="11286003"/><display value="Twin sibling"/><definition value="Tvilling"/></concept><concept><code value="10896006"/><display value="Identical twin sibling"/><definition value="Tvilling (monocygot)"/></concept><concept><code value="713369009"/><display value="Live related kidney donor"/><definition value="Levende familiedonor"/></concept><concept><code value="105457003"/><display value="Cadaver donor"/><definition value="Afdød donor"/></concept><concept><code value="713183000"/><display value="Cadaver donor for kidney transplant"/><definition value="Afdød donor (Nekronyre)"/></concept><concept><code value="418460001"/><display value="Bone marrow stromal stem cell"/><definition value="Bone marrow stromal stem cell"/></concept><concept><code value="419583006"/><display value="Peripheral blood stem cell"/><definition value="Peripheral blood stem cell"/></concept></CodeSystem>