<?xml version="1.0" encoding="UTF-8"?><ValueSet xmlns="http://hl7.org/fhir"><id value="TransplantationTypeDHR"/><text><status value="extensions"/><div xmlns="http://www.w3.org/1999/xhtml"><p class="res-header-id"><b>Generated Narrative: ValueSet TransplantationTypeDHR</b></p><a name="TransplantationTypeDHR"> </a><a name="hcTransplantationTypeDHR"> </a><a name="TransplantationTypeDHR-en-US"> </a><p>This value set includes codes based on the following rules:</p><ul><li>Include these codes as defined in <a href="CodeSystem-SKS.html"><code>https://kip.rkkp.dk/fhir/CodeSystem/SKS</code></a><table class="none"><tr><td style="white-space:nowrap"><b>Code</b></td><td><b>Display</b></td><td><b>Definition</b></td></tr><tr><td><a href="CodeSystem-SKS.html#SKS-BOQF0">BOQF0</a></td><td>Autolog</td><td>BOQF0 - Autolog knoglemarvstransplantation</td></tr></table></li><li>Include these codes as defined in <a href="CodeSystem-GenericValues.html"><code>https://kip.rkkp.dk/fhir/CodeSystem/GenericValues</code></a><table class="none"><tr><td style="white-space:nowrap"><b>Code</b></td><td><b>Display</b></td><td><b>Definition</b></td></tr><tr><td><a href="CodeSystem-GenericValues.html#GenericValues-heterologous">heterologous</a></td><td>Heterolog</td><td>Heterologous / Heterolog / SNOMED-CT: 255346001</td></tr><tr><td><a href="CodeSystem-GenericValues.html#GenericValues-combined">combined</a></td><td>Kombination</td><td>Combined / Kombineret / SNOMED-CT: 89780004</td></tr><tr><td><a href="CodeSystem-GenericValues.html#GenericValues-other">other</a></td><td>Andet</td><td>Other - used to choose unspecific value not in a valueset</td></tr></table></li></ul></div></text><url value="https://kip.rkkp.dk/fhir/ValueSet/TransplantationTypeDHR"/><version value="0.1.6"/><name value="TransplantationTypeDHR"/><title value="Transplantation type (DHR)"/><status value="active"/><experimental value="true"/><date value="2022-11-07T00:00:00+02:00"/><publisher value="Sundhedsvæsnets Kvalistetsinstitut with Trifork Digital Health A/S"/><contact><name value="Sundhedsvæsnets Kvalistetsinstitut with Trifork Digital Health A/S"/><telecom><system value="url"/><value value="https://trifork.com"/></telecom><telecom><system value="email"/><value value="rbk@trifork.com"/></telecom></contact><description value="Transplantation type (DHR)"/><compose><include><system value="https://kip.rkkp.dk/fhir/CodeSystem/SKS"/><concept><code value="BOQF0"/><display value="Autolog"/></concept></include><include><system value="https://kip.rkkp.dk/fhir/CodeSystem/GenericValues"/><concept><code value="heterologous"/><display value="Heterolog"/></concept><concept><code value="combined"/><display value="Kombination"/></concept><concept><code value="other"/><display value="Andet"/></concept></include></compose></ValueSet>