<?xml version="1.0" encoding="UTF-8"?><ValueSet xmlns="http://hl7.org/fhir"><id value="VarighedDKR"/><text><status value="extensions"/><div xmlns="http://www.w3.org/1999/xhtml"><p class="res-header-id"><b>Generated Narrative: ValueSet VarighedDKR</b></p><a name="VarighedDKR"> </a><a name="hcVarighedDKR"> </a><a name="VarighedDKR-en-US"> </a><p>This value set includes codes based on the following rules:</p><ul><li>Include these codes as defined in <a href="CodeSystem-GenericValues.html"><code>https://kip.rkkp.dk/fhir/CodeSystem/GenericValues</code></a><table class="none"><tr><td style="white-space:nowrap"><b>Code</b></td><td><b>Display</b></td><td><b>Definition</b></td></tr><tr><td><a href="CodeSystem-GenericValues.html#GenericValues-none">none</a></td><td>Ingen pause</td><td>None - used to choose none of the available values</td></tr></table></li><li>Include these codes as defined in <a href="CodeSystem-Cyclus.html"><code>https://kip.rkkp.dk/fhir/CodeSystem/Cyclus</code></a><table class="none"><tr><td style="white-space:nowrap"><b>Code</b></td><td><b>Display</b></td><td><b>Definition</b></td></tr><tr><td><a href="CodeSystem-Cyclus.html#Cyclus-1-2-dage">1-2-dage</a></td><td>1-2 dage</td><td>1-2 dage</td></tr><tr><td><a href="CodeSystem-Cyclus.html#Cyclus-3-4-dage">3-4-dage</a></td><td>3-4 dage</td><td>3-4 dage</td></tr><tr><td><a href="CodeSystem-Cyclus.html#Cyclus-5-6-dage">5-6-dage</a></td><td>5-6 dage</td><td>5-6 dage</td></tr><tr><td><a href="CodeSystem-Cyclus.html#Cyclus-ge7-dage">ge7-dage</a></td><td>&gt;= 7 dage</td><td>&gt;=7 dage</td></tr></table></li></ul></div></text><url value="https://kip.rkkp.dk/fhir/ValueSet/VarighedDKR"/><version value="0.1.6"/><name value="VarighedDKR"/><title value="Varighed (DKR)"/><status value="active"/><experimental value="true"/><date value="2023-05-17T00:00:00+02:00"/><publisher value="Sundhedsvæsnets Kvalistetsinstitut with Trifork Digital Health A/S"/><contact><name value="Sundhedsvæsnets Kvalistetsinstitut with Trifork Digital Health A/S"/><telecom><system value="url"/><value value="https://trifork.com"/></telecom><telecom><system value="email"/><value value="rbk@trifork.com"/></telecom></contact><description value="Varighed (DKR)"/><compose><include><system value="https://kip.rkkp.dk/fhir/CodeSystem/GenericValues"/><concept><code value="none"/><display value="Ingen pause"/></concept></include><include><system value="https://kip.rkkp.dk/fhir/CodeSystem/Cyclus"/><concept><code value="1-2-dage"/><display value="1-2 dage"/></concept><concept><code value="3-4-dage"/><display value="3-4 dage"/></concept><concept><code value="5-6-dage"/><display value="5-6 dage"/></concept><concept><code value="ge7-dage"/><display value="&gt;= 7 dage"/></concept></include></compose></ValueSet>