<?xml version="1.0" encoding="UTF-8"?><ValueSet xmlns="http://hl7.org/fhir"><id value="Uspecificeret"/><text><status value="extensions"/><div xmlns="http://www.w3.org/1999/xhtml"><p class="res-header-id"><b>Generated Narrative: ValueSet Uspecificeret</b></p><a name="Uspecificeret"> </a><a name="hcUspecificeret"> </a><a name="Uspecificeret-en-US"> </a><ul><li>Include these codes as defined in <a href="CodeSystem-GenericValues.html"><code>https://kip.rkkp.dk/fhir/CodeSystem/GenericValues</code></a><table class="none"><tr><td style="white-space:nowrap"><b>Code</b></td><td><b>Display</b></td><td><b>Definition</b></td></tr><tr><td><a href="CodeSystem-GenericValues.html#GenericValues-unspecified">unspecified</a></td><td>Uspecificeret</td><td>Uspecificeret</td></tr></table></li></ul></div></text><url value="https://kip.rkkp.dk/fhir/ValueSet/Uspecificeret"/><version value="0.1.6"/><name value="Uspecificeret"/><title value="Uspecificeret (enkelt udfald)"/><status value="active"/><experimental value="true"/><date value="2022-10-11T00:00:00+02:00"/><publisher value="Sundhedsvæsnets Kvalistetsinstitut with Trifork Digital Health A/S"/><contact><name value="Sundhedsvæsnets Kvalistetsinstitut with Trifork Digital Health A/S"/><telecom><system value="url"/><value value="https://trifork.com"/></telecom><telecom><system value="email"/><value value="rbk@trifork.com"/></telecom></contact><description value="Uspecificeret (enkelt udfald)"/><compose><include><system value="https://kip.rkkp.dk/fhir/CodeSystem/GenericValues"/><concept><code value="unspecified"/><display value="Uspecificeret"/></concept></include></compose></ValueSet>