<?xml version="1.0" encoding="UTF-8"?><ValueSet xmlns="http://hl7.org/fhir"><id value="KomplBloedProcDUGA"/><text><status value="extensions"/><div xmlns="http://www.w3.org/1999/xhtml"><p class="res-header-id"><b>Generated Narrative: ValueSet KomplBloedProcDUGA</b></p><a name="KomplBloedProcDUGA"> </a><a name="hcKomplBloedProcDUGA"> </a><a name="KomplBloedProcDUGA-en-US"> </a><ul><li>Include these codes as defined in <a href="CodeSystem-ProcedureUrogyn.html"><code>https://kip.rkkp.dk/fhir/CodeSystem/ProcedureUrogyn</code></a><table class="none"><tr><td style="white-space:nowrap"><b>Code</b></td><td><b>Display</b></td><td><b>Definition</b></td></tr><tr><td><a href="CodeSystem-ProcedureUrogyn.html#ProcedureUrogyn-BOQA0">BOQA0</a></td><td>BOQA0: Blodtransfusion</td><td>Blodtransfusion</td></tr><tr><td><a href="CodeSystem-ProcedureUrogyn.html#ProcedureUrogyn-KLWD00">KLWD00</a></td><td>KLWD00: Reoperation for overfladisk blødning efter gynækologisk operation</td><td>Reoperation for overfladisk blødning efter gynækologisk operation</td></tr><tr><td><a href="CodeSystem-ProcedureUrogyn.html#ProcedureUrogyn-KLWE00">KLWE00</a></td><td>KLWE00: Reoperation for dyb blødning efter gynækologisk operation</td><td>Reoperation for dyb blødning efter gynækologisk operation</td></tr><tr><td><a href="CodeSystem-ProcedureUrogyn.html#ProcedureUrogyn-KLWE01">KLWE01</a></td><td>KLWE01: Laparoskopisk reoperation for dyb blødning efter gynækologisk operation</td><td>Laparoskopisk reoperation for dyb blødning efter gynækologisk operation</td></tr></table></li></ul></div></text><url value="https://kip.rkkp.dk/fhir/ValueSet/KomplBloedProcDUGA"/><version value="0.1.6"/><name value="KomplBloedProcDUGA"/><title value="Komplikationer pga. blødning - Procedurekoder (DUGA)"/><status value="active"/><experimental value="true"/><date value="2024-02-21T00:00:00+02:00"/><publisher value="Sundhedsvæsnets Kvalistetsinstitut with Trifork Digital Health A/S"/><contact><name value="Sundhedsvæsnets Kvalistetsinstitut with Trifork Digital Health A/S"/><telecom><system value="url"/><value value="https://trifork.com"/></telecom><telecom><system value="email"/><value value="rbk@trifork.com"/></telecom></contact><description value="Komplikationer pga. blødning - Procedurekoder (DUGA)"/><compose><include><system value="https://kip.rkkp.dk/fhir/CodeSystem/ProcedureUrogyn"/><concept><code value="BOQA0"/><display value="BOQA0: Blodtransfusion"/></concept><concept><code value="KLWD00"/><display value="KLWD00: Reoperation for overfladisk blødning efter gynækologisk operation"/></concept><concept><code value="KLWE00"/><display value="KLWE00: Reoperation for dyb blødning efter gynækologisk operation"/></concept><concept><code value="KLWE01"/><display value="KLWE01: Laparoskopisk reoperation for dyb blødning efter gynækologisk operation"/></concept></include></compose></ValueSet>