<?xml version="1.0" encoding="UTF-8"?><ValueSet xmlns="http://hl7.org/fhir"><id value="AntibiotikaMedUden"/><text><status value="extensions"/><div xmlns="http://www.w3.org/1999/xhtml"><p class="res-header-id"><b>Generated Narrative: ValueSet AntibiotikaMedUden</b></p><a name="AntibiotikaMedUden"> </a><a name="hcAntibiotikaMedUden"> </a><a name="AntibiotikaMedUden-en-US"> </a><ul><li>Include these codes as defined in <a href="CodeSystem-GenericValues.html"><code>https://kip.rkkp.dk/fhir/CodeSystem/GenericValues</code></a><table class="none"><tr><td style="white-space:nowrap"><b>Code</b></td><td><b>Display</b></td><td><b>Definition</b></td></tr><tr><td><a href="CodeSystem-GenericValues.html#GenericValues-with">with</a></td><td>Med antibiotika</td><td>Without / Med / SNOMED-CT: 20401003</td></tr><tr><td><a href="CodeSystem-GenericValues.html#GenericValues-without">without</a></td><td>Uden antibiotika</td><td>Without / Uden / SNOMED-CT: 45169001</td></tr></table></li></ul></div></text><url value="https://kip.rkkp.dk/fhir/ValueSet/AntibiotikaMedUden"/><version value="0.1.6"/><name value="AntibiotikaMedUden"/><title value="Antibiotika (med/uden)"/><status value="active"/><experimental value="true"/><date value="2022-12-21T00:00:00+02:00"/><publisher value="Sundhedsvæsnets Kvalistetsinstitut with Trifork Digital Health A/S"/><contact><name value="Sundhedsvæsnets Kvalistetsinstitut with Trifork Digital Health A/S"/><telecom><system value="url"/><value value="https://trifork.com"/></telecom><telecom><system value="email"/><value value="rbk@trifork.com"/></telecom></contact><description value="Antibiotika (med/uden)"/><compose><include><system value="https://kip.rkkp.dk/fhir/CodeSystem/GenericValues"/><concept><code value="with"/><display value="Med antibiotika"/></concept><concept><code value="without"/><display value="Uden antibiotika"/></concept></include></compose></ValueSet>