<?xml version="1.0" encoding="UTF-8"?><ValueSet xmlns="http://hl7.org/fhir"><id value="BilateralUnilateral"/><text><status value="extensions"/><div xmlns="http://www.w3.org/1999/xhtml"><p class="res-header-id"><b>Generated Narrative: ValueSet BilateralUnilateral</b></p><a name="BilateralUnilateral"> </a><a name="hcBilateralUnilateral"> </a><a name="BilateralUnilateral-en-US"> </a><ul><li>Include these codes as defined in <a href="CodeSystem-GenericValues.html"><code>https://kip.rkkp.dk/fhir/CodeSystem/GenericValues</code></a><table class="none"><tr><td style="white-space:nowrap"><b>Code</b></td><td><b>Display</b></td><td><b>Definition</b></td></tr><tr><td><a href="CodeSystem-GenericValues.html#GenericValues-bilateral">bilateral</a></td><td>Bilateral</td><td>Bilateral</td></tr><tr><td><a href="CodeSystem-GenericValues.html#GenericValues-unilateral">unilateral</a></td><td>Unilateral</td><td>Unilateral</td></tr></table></li></ul></div></text><url value="https://kip.rkkp.dk/fhir/ValueSet/BilateralUnilateral"/><version value="0.1.6"/><name value="BilateralUnilateral"/><title value="Bilateral / Unilateral"/><status value="active"/><experimental value="true"/><date value="2022-07-20T00:00:00+02:00"/><publisher value="Sundhedsvæsnets Kvalistetsinstitut with Trifork Digital Health A/S"/><contact><name value="Sundhedsvæsnets Kvalistetsinstitut with Trifork Digital Health A/S"/><telecom><system value="url"/><value value="https://trifork.com"/></telecom><telecom><system value="email"/><value value="rbk@trifork.com"/></telecom></contact><description value="Bilateral / Unilateral"/><compose><include><system value="https://kip.rkkp.dk/fhir/CodeSystem/GenericValues"/><concept><code value="bilateral"/><display value="Bilateral"/></concept><concept><code value="unilateral"/><display value="Unilateral"/></concept></include></compose></ValueSet>