<?xml version="1.0" encoding="UTF-8"?><ValueSet xmlns="http://hl7.org/fhir"><id value="SOROverflytningRETSPSYKHS"/><text><status value="extensions"/><div xmlns="http://www.w3.org/1999/xhtml"><p class="res-header-id"><b>Generated Narrative: ValueSet SOROverflytningRETSPSYKHS</b></p><a name="SOROverflytningRETSPSYKHS"> </a><a name="hcSOROverflytningRETSPSYKHS"> </a><a name="SOROverflytningRETSPSYKHS-en-US"> </a><ul><li>Include these codes as defined in <a href="CodeSystem-SOR.html"><code>https://kip.rkkp.dk/fhir/CodeSystem/SOR</code></a><table class="none"><tr><td style="white-space:nowrap"><b>Code</b></td><td><b>Display</b></td><td><b>Definition</b></td></tr><tr><td><a href="CodeSystem-SOR.html#SOR-339031000016008">339031000016008</a></td><td>Børne- og Ungdomspsyk. Center Bispebjerg, B</td><td>Region Hovedstadens Psykiatri - Børne- og Ungdomspsyk. Center Bispebjerg, B</td></tr><tr><td><a href="CodeSystem-SOR.html#SOR-262681000016006">262681000016006</a></td><td>PCGL, Psyk. sengeafd.</td><td>Region Hovedstadens Psykiatri - PCGL, Psyk. sengeafd.</td></tr><tr><td><a href="CodeSystem-SOR.html#SOR-886951000016001">886951000016001</a></td><td>Psyk. Center Nordsjælland, overafd. - N4</td><td>Region Hovedstadens Psykiatri - Psyk. Center Nordsjælland, overafd. - N4</td></tr><tr><td><a href="CodeSystem-SOR.html#SOR-262511000016000">262511000016000</a></td><td>Psyk. Center Nordsjælland, overafd.</td><td>Region Hovedstadens Psykiatri - Psyk. Center Nordsjælland, overafd.</td></tr><tr><td><a href="CodeSystem-SOR.html#SOR-262191000016002">262191000016002</a></td><td>Sct. Hans, Retspsykiatrisk sengeafd. R</td><td>Sct. Hans, Retspsykiatrisk sengeafd. R</td></tr><tr><td><a href="CodeSystem-SOR.html#SOR-261341000016001">261341000016001</a></td><td>Psyk. Center Amager, overafd.</td><td>Region Hovedstadens Psykiatri - Psyk. Center Amager, overafd.</td></tr><tr><td><a href="CodeSystem-SOR.html#SOR-262391000016004">262391000016004</a></td><td>Psyk. Center Ballerup, overafd. Ballerup</td><td>Region Hovedstadens Psykiatri - Psyk. Center Ballerup, overafd. Ballerup</td></tr><tr><td><a href="CodeSystem-SOR.html#SOR-282651000016004">282651000016004</a></td><td>Psyk. Center Bornholm</td><td>Region Hovedstadens Psykiatri - Psyk. Center Bornholm</td></tr><tr><td><a href="CodeSystem-SOR.html#SOR-261501000016006">261501000016006</a></td><td>Psyk. Center København, overafd. N, Nørrebro-afdelingen</td><td>Region Hovedstadens Psykiatri - Psyk. Center København, overafd. N,  Nørrebro-afdelingen</td></tr><tr><td><a href="CodeSystem-SOR.html#SOR-262221000016007">262221000016007</a></td><td>Psyk. Center Sct. Hans, overafd. M</td><td>Region Hovedstadens Psykiatri - Psyk. Center Sct. Hans, overafd. M</td></tr><tr><td><a href="CodeSystem-SOR.html#SOR-262671000016009">262671000016009</a></td><td>Psyk. Center Glostrup, overafd.</td><td>Region Hovedstadens Psykiatri - Psyk. Center Glostrup, overafd.</td></tr><tr><td><a href="CodeSystem-SOR.html#SOR-261431000016003">261431000016003</a></td><td>Børne- og Ungdomspsykiatrisk overafdeling, Bispebjerg, B1</td><td>Region Hovedstadens Psykiatri - Børne- og Ungdomspsykiatrisk overafdeling, Bispebjerg, B1</td></tr><tr><td><a href="CodeSystem-SOR.html#SOR-262181000016004">262181000016004</a></td><td>Psyk. Center Sct. Hans, Retspsyk. overafd. R</td><td>Region Hovedstadens Psykiatri - Psyk. Center Sct. Hans, Retspsyk. overafd. R</td></tr></table></li></ul></div></text><url value="https://kip.rkkp.dk/fhir/ValueSet/SOROverflytningRETSPSYKHS"/><version value="0.1.6"/><name value="SOROverflytningRETSPSYKHS"/><title value="SOR: Overflytning Hovedstaden (RETSPSYK)"/><status value="active"/><experimental value="true"/><date value="2024-03-13T00:00:00+02:00"/><publisher value="Sundhedsvæsnets Kvalistetsinstitut with Trifork Digital Health A/S"/><contact><name value="Sundhedsvæsnets Kvalistetsinstitut with Trifork Digital Health A/S"/><telecom><system value="url"/><value value="https://trifork.com"/></telecom><telecom><system value="email"/><value value="rbk@trifork.com"/></telecom></contact><description value="SOR: Overflytning Hovedstaden (RETSPSYK)"/><compose><include><system value="https://kip.rkkp.dk/fhir/CodeSystem/SOR"/><concept><code value="339031000016008"/><display value="Børne- og Ungdomspsyk. Center Bispebjerg, B"/></concept><concept><code value="262681000016006"/><display value="PCGL, Psyk. sengeafd."/></concept><concept><code value="886951000016001"/><display value="Psyk. Center Nordsjælland, overafd. - N4"/></concept><concept><code value="262511000016000"/><display value="Psyk. Center Nordsjælland, overafd."/></concept><concept><code value="262191000016002"/><display value="Sct. Hans, Retspsykiatrisk sengeafd. R"/></concept><concept><code value="261341000016001"/><display value="Psyk. Center Amager, overafd."/></concept><concept><code value="262391000016004"/><display value="Psyk. Center Ballerup, overafd. Ballerup"/></concept><concept><code value="282651000016004"/><display value="Psyk. Center Bornholm"/></concept><concept><code value="261501000016006"/><display value="Psyk. Center København, overafd. N, Nørrebro-afdelingen"/></concept><concept><code value="262221000016007"/><display value="Psyk. Center Sct. Hans, overafd. M"/></concept><concept><code value="262671000016009"/><display value="Psyk. Center Glostrup, overafd."/></concept><concept><code value="261431000016003"/><display value="Børne- og Ungdomspsykiatrisk overafdeling, Bispebjerg, B1"/></concept><concept><code value="262181000016004"/><display value="Psyk. Center Sct. Hans, Retspsyk. overafd. R"/></concept></include></compose></ValueSet>