<?xml version="1.0" encoding="UTF-8"?><ValueSet xmlns="http://hl7.org/fhir"><id value="CoronaryArteryGraph"/><text><status value="extensions"/><div xmlns="http://www.w3.org/1999/xhtml"><p class="res-header-id"><b>Generated Narrative: ValueSet CoronaryArteryGraph</b></p><a name="CoronaryArteryGraph"> </a><a name="hcCoronaryArteryGraph"> </a><a name="CoronaryArteryGraph-en-US"> </a><ul><li>Include these codes as defined in <a href="CodeSystem-CoronaryArteryGraph.html"><code>https://kip.rkkp.dk/fhir/CodeSystem/CoronaryArteryGraph</code></a><table class="none"><tr><td style="white-space:nowrap"><b>Code</b></td><td><b>Display</b></td><td><b>Definition</b></td></tr><tr><td><a href="CodeSystem-CoronaryArteryGraph.html#CoronaryArteryGraph-coronary_artery_graph_instant_KAG">coronary_artery_graph_instant_KAG</a></td><td>Meget Høj Risiko: Akut KAG</td><td>Do a KAG Instantantly</td></tr><tr><td><a href="CodeSystem-CoronaryArteryGraph.html#CoronaryArteryGraph-coronary_artery_graph_high_risk">coronary_artery_graph_high_risk</a></td><td>Høj risiko: KAG &lt; 24 timer</td><td>Do a KAG within 24 hours</td></tr><tr><td><a href="CodeSystem-CoronaryArteryGraph.html#CoronaryArteryGraph-coronary_artery_graph_low_risk">coronary_artery_graph_low_risk</a></td><td>Lav risiko: Selektiv invasiv strategi</td><td>Selectiv strategy</td></tr><tr><td><a href="CodeSystem-CoronaryArteryGraph.html#CoronaryArteryGraph-coronary_artery_graph_unknown_risk">coronary_artery_graph_unknown_risk</a></td><td>Risikoestimering er ikke foretaget: Klinisk vurderet at KAG ikke er relevant</td><td>Assment that KAG isnt relevent</td></tr></table></li></ul></div></text><url value="https://kip.rkkp.dk/fhir/ValueSet/CoronaryArteryGraph"/><version value="0.1.6"/><name value="CoronaryArteryGraph"/><title value="KAG vurdering"/><status value="active"/><experimental value="true"/><date value="2022-06-07T00:00:00+02:00"/><publisher value="Sundhedsvæsnets Kvalistetsinstitut with Trifork Digital Health A/S"/><contact><name value="Sundhedsvæsnets Kvalistetsinstitut with Trifork Digital Health A/S"/><telecom><system value="url"/><value value="https://trifork.com"/></telecom><telecom><system value="email"/><value value="rbk@trifork.com"/></telecom></contact><description value="Skal patienten få et KAG"/><compose><include><system value="https://kip.rkkp.dk/fhir/CodeSystem/CoronaryArteryGraph"/><concept><code value="coronary_artery_graph_instant_KAG"/><display value="Meget Høj Risiko: Akut KAG"/></concept><concept><code value="coronary_artery_graph_high_risk"/><display value="Høj risiko: KAG &lt; 24 timer"/></concept><concept><code value="coronary_artery_graph_low_risk"/><display value="Lav risiko: Selektiv invasiv strategi"/></concept><concept><code value="coronary_artery_graph_unknown_risk"/><display value="Risikoestimering er ikke foretaget: Klinisk vurderet at KAG ikke er relevant"/></concept></include></compose></ValueSet>