<?xml version="1.0" encoding="UTF-8"?><ValueSet xmlns="http://hl7.org/fhir"><id value="AnurismeAflukning"/><text><status value="extensions"/><div xmlns="http://www.w3.org/1999/xhtml"><p class="res-header-id"><b>Generated Narrative: ValueSet AnurismeAflukning</b></p><a name="AnurismeAflukning"> </a><a name="hcAnurismeAflukning"> </a><a name="AnurismeAflukning-en-US"> </a><ul><li>Include these codes as defined in <a href="CodeSystem-AneurysmClosure.html"><code>https://kip.rkkp.dk/fhir/CodeSystem/AneurysmClosure</code></a><table class="none"><tr><td style="white-space:nowrap"><b>Code</b></td><td><b>Display</b></td><td><b>Definition</b></td></tr><tr><td><a href="CodeSystem-AneurysmClosure.html#AneurysmClosure-full">full</a></td><td>Ingen rest</td><td>Full closure</td></tr><tr><td><a href="CodeSystem-AneurysmClosure.html#AneurysmClosure-partial">partial</a></td><td>Partiel aflukning</td><td>partial closure</td></tr></table></li></ul></div></text><url value="https://kip.rkkp.dk/fhir/ValueSet/AnurismeAflukning"/><version value="0.1.6"/><name value="AnurismeAflukning"/><title value="Graden af aflukning af anurisme"/><status value="active"/><experimental value="true"/><date value="2022-06-29T00:00:00+02:00"/><publisher value="Sundhedsvæsnets Kvalistetsinstitut with Trifork Digital Health A/S"/><contact><name value="Sundhedsvæsnets Kvalistetsinstitut with Trifork Digital Health A/S"/><telecom><system value="url"/><value value="https://trifork.com"/></telecom><telecom><system value="email"/><value value="rbk@trifork.com"/></telecom></contact><description value="Graden af aflukning af anurisme"/><compose><include><system value="https://kip.rkkp.dk/fhir/CodeSystem/AneurysmClosure"/><concept><code value="full"/><display value="Ingen rest"/></concept><concept><code value="partial"/><display value="Partiel aflukning"/></concept></include></compose></ValueSet>