<?xml version="1.0" encoding="UTF-8"?><ValueSet xmlns="http://hl7.org/fhir"><id value="DoedsaarsagDAMYDA"/><text><status value="extensions"/><div xmlns="http://www.w3.org/1999/xhtml"><p class="res-header-id"><b>Generated Narrative: ValueSet DoedsaarsagDAMYDA</b></p><a name="DoedsaarsagDAMYDA"> </a><a name="hcDoedsaarsagDAMYDA"> </a><a name="DoedsaarsagDAMYDA-en-US"> </a><p>This value set includes codes based on the following rules:</p><ul><li>Include these codes as defined in <a href="CodeSystem-CauseOfDeath.html"><code>https://kip.rkkp.dk/fhir/CodeSystem/CauseOfDeath</code></a><table class="none"><tr><td style="white-space:nowrap"><b>Code</b></td><td><b>Display</b></td><td><b>Definition</b></td></tr><tr><td><a href="CodeSystem-CauseOfDeath.html#CauseOfDeath-progressive_disease">progressive_disease</a></td><td>Progressiv Sygdom</td><td>Progressive disease</td></tr><tr><td><a href="CodeSystem-CauseOfDeath.html#CauseOfDeath-uremia">uremia</a></td><td>Uræmi</td><td>Uremia / Uræmi / SNOMED-CT: 44730006</td></tr><tr><td><a href="CodeSystem-CauseOfDeath.html#CauseOfDeath-infection">infection</a></td><td>Infektion</td><td>Infectious disease / Infektionssygdom / SNOMED-CT: 40733004</td></tr><tr><td><a href="CodeSystem-CauseOfDeath.html#CauseOfDeath-bleeding">bleeding</a></td><td>Blødning</td><td>Bleeding / Blødning / SNOMED-CT: 50960005</td></tr></table></li><li>Include these codes as defined in <a href="CodeSystem-Complications.html"><code>https://kip.rkkp.dk/fhir/CodeSystem/Complications</code></a><table class="none"><tr><td style="white-space:nowrap"><b>Code</b></td><td><b>Display</b></td><td><b>Definition</b></td></tr><tr><td><a href="CodeSystem-Complications.html#Complications-other">other</a></td><td>Død af anden årsag</td><td>Other</td></tr></table></li><li>Include these codes as defined in <a href="http://terminology.hl7.org/3.1.0/CodeSystem-v2-0532.html"><code>http://terminology.hl7.org/CodeSystem/v2-0532</code></a><table class="none"><tr><td style="white-space:nowrap"><b>Code</b></td><td><b>Display</b></td><td><b>Definition</b></td></tr><tr><td><a href="http://terminology.hl7.org/3.1.0/CodeSystem-v2-0532.html#v2-0532-UNK">UNK</a></td><td>Usikker dødsårsag</td><td>unknown</td></tr></table></li></ul></div></text><url value="https://kip.rkkp.dk/fhir/ValueSet/DoedsaarsagDAMYDA"/><version value="0.1.6"/><name value="DoedsaarsagDAMYDA"/><title value="Dødsårsager [DAMYDA]"/><status value="active"/><experimental value="true"/><date value="2022-05-16T00:00:00+02:00"/><publisher value="Sundhedsvæsnets Kvalistetsinstitut with Trifork Digital Health A/S"/><contact><name value="Sundhedsvæsnets Kvalistetsinstitut with Trifork Digital Health A/S"/><telecom><system value="url"/><value value="https://trifork.com"/></telecom><telecom><system value="email"/><value value="rbk@trifork.com"/></telecom></contact><description value="Dødsårsager [DAMYDA]"/><compose><include><system value="https://kip.rkkp.dk/fhir/CodeSystem/CauseOfDeath"/><concept><code value="progressive_disease"/><display value="Progressiv Sygdom"/></concept><concept><code value="uremia"/><display value="Uræmi"/></concept><concept><code value="infection"/><display value="Infektion"/></concept><concept><code value="bleeding"/><display value="Blødning"/></concept></include><include><system value="https://kip.rkkp.dk/fhir/CodeSystem/Complications"/><concept><code value="other"/><display value="Død af anden årsag"/></concept></include><include><system value="http://terminology.hl7.org/CodeSystem/v2-0532"/><concept><code value="UNK"/><display value="Usikker dødsårsag"/></concept></include></compose></ValueSet>