<?xml version="1.0" encoding="UTF-8"?><ValueSet xmlns="http://hl7.org/fhir"><id value="RytmeAnalyseMetode"/><text><status value="extensions"/><div xmlns="http://www.w3.org/1999/xhtml"><p class="res-header-id"><b>Generated Narrative: ValueSet RytmeAnalyseMetode</b></p><a name="RytmeAnalyseMetode"> </a><a name="hcRytmeAnalyseMetode"> </a><a name="RytmeAnalyseMetode-en-US"> </a><ul><li>Include these codes as defined in <a href="CodeSystem-DefibrilleringAnalyse.html"><code>https://kip.rkkp.dk/fhir/CodeSystem/DefibrilleringAnalyse</code></a><table class="none"><tr><td style="white-space:nowrap"><b>Code</b></td><td><b>Display</b></td><td><b>Definition</b></td></tr><tr><td><a href="CodeSystem-DefibrilleringAnalyse.html#DefibrilleringAnalyse-aed">aed</a></td><td>AED</td><td>AED</td></tr><tr><td><a href="CodeSystem-DefibrilleringAnalyse.html#DefibrilleringAnalyse-man_defibr">man_defibr</a></td><td>Manuel defibrillator</td><td>Manuel defibrillering</td></tr><tr><td><a href="CodeSystem-DefibrilleringAnalyse.html#DefibrilleringAnalyse-ekg">ekg</a></td><td>Anden EKG-monitorering</td><td>Anden EKG-monitorering</td></tr></table></li></ul></div></text><url value="https://kip.rkkp.dk/fhir/ValueSet/RytmeAnalyseMetode"/><version value="0.1.6"/><name value="RytmeAnalyseMetode"/><title value="RytmeAnalyseMetode"/><status value="active"/><experimental value="true"/><date value="2022-06-29T00:00:00+02:00"/><publisher value="Sundhedsvæsnets Kvalistetsinstitut with Trifork Digital Health A/S"/><contact><name value="Sundhedsvæsnets Kvalistetsinstitut with Trifork Digital Health A/S"/><telecom><system value="url"/><value value="https://trifork.com"/></telecom><telecom><system value="email"/><value value="rbk@trifork.com"/></telecom></contact><description value="Metode til analyse af hjerterytme"/><compose><include><system value="https://kip.rkkp.dk/fhir/CodeSystem/DefibrilleringAnalyse"/><concept><code value="aed"/><display value="AED"/></concept><concept><code value="man_defibr"/><display value="Manuel defibrillator"/></concept><concept><code value="ekg"/><display value="Anden EKG-monitorering"/></concept></include></compose></ValueSet>