<?xml version="1.0" encoding="UTF-8"?><ValueSet xmlns="http://hl7.org/fhir"><id value="NIHSS11EkstinktionInattention"/><text><status value="extensions"/><div xmlns="http://www.w3.org/1999/xhtml"><p class="res-header-id"><b>Generated Narrative: ValueSet NIHSS11EkstinktionInattention</b></p><a name="NIHSS11EkstinktionInattention"> </a><a name="hcNIHSS11EkstinktionInattention"> </a><a name="NIHSS11EkstinktionInattention-en-US"> </a><ul><li>Include these codes as defined in <a href="CodeSystem-NIHSS11ExtinctionInattention.html"><code>https://kip.rkkp.dk/fhir/CodeSystem/NIHSS11ExtinctionInattention</code></a><table class="none"><tr><td style="white-space:nowrap"><b>Code</b></td><td><b>Display</b></td><td><b>Definition</b></td></tr><tr><td><a href="CodeSystem-NIHSS11ExtinctionInattention.html#NIHSS11ExtinctionInattention-0">0</a></td><td>0 = Ingen abnormalitet påvist</td><td>No abnormality.</td></tr><tr><td><a href="CodeSystem-NIHSS11ExtinctionInattention.html#NIHSS11ExtinctionInattention-1">1</a></td><td>1 = Inattention eller ekstinktion ved bilateral simultan stimulation ved en af sansemodaliteterne</td><td>Visual, tactile, auditory, spatial, or personal inattention or extinction to bilateral simultaneous stimulation in one of the sensory modalities.</td></tr><tr><td><a href="CodeSystem-NIHSS11ExtinctionInattention.html#NIHSS11ExtinctionInattention-2">2</a></td><td>2 = Udtalt hemi-inattention / hemi-inattention for mere end én modalitet.</td><td>Profound hemi-inattention or extinction to more than one modality; does not recognize own hand or orients to only one side of space.</td></tr></table></li></ul></div></text><url value="https://kip.rkkp.dk/fhir/ValueSet/NIHSS11EkstinktionInattention"/><version value="0.1.6"/><name value="NIHSS11EkstinktionInattention"/><title value="NIHSS - 11. Ekstinktion og inattention"/><status value="active"/><experimental value="true"/><date value="2022-06-27T00:00:00+02:00"/><publisher value="Sundhedsvæsnets Kvalistetsinstitut with Trifork Digital Health A/S"/><contact><name value="Sundhedsvæsnets Kvalistetsinstitut with Trifork Digital Health A/S"/><telecom><system value="url"/><value value="https://trifork.com"/></telecom><telecom><system value="email"/><value value="rbk@trifork.com"/></telecom></contact><description value="The National Institute of Health Stroke Scale (NIHSS) - 11. Ekstinktion og inattention (tidligere ”neglekt”) (brug visuel eller sensorisk dobbeltsidig stimulation)"/><compose><include><system value="https://kip.rkkp.dk/fhir/CodeSystem/NIHSS11ExtinctionInattention"/><concept><code value="0"/><display value="0 = Ingen abnormalitet påvist"/></concept><concept><code value="1"/><display value="1 = Inattention eller ekstinktion ved bilateral simultan stimulation ved en af sansemodaliteterne"/></concept><concept><code value="2"/><display value="2 = Udtalt hemi-inattention / hemi-inattention for mere end én modalitet."/></concept></include></compose></ValueSet>