<?xml version="1.0" encoding="UTF-8"?><ValueSet xmlns="http://hl7.org/fhir"><id value="VancouverKlassifikationPeroperativDHR"/><text><status value="extensions"/><div xmlns="http://www.w3.org/1999/xhtml"><p class="res-header-id"><b>Generated Narrative: ValueSet VancouverKlassifikationPeroperativDHR</b></p><a name="VancouverKlassifikationPeroperativDHR"> </a><a name="hcVancouverKlassifikationPeroperativDHR"> </a><a name="VancouverKlassifikationPeroperativDHR-en-US"> </a><ul><li>Include these codes as defined in <a href="CodeSystem-VancouverClassification.html"><code>https://kip.rkkp.dk/fhir/CodeSystem/VancouverClassification</code></a><table class="none"><tr><td style="white-space:nowrap"><b>Code</b></td><td><b>Display</b></td><td><b>Definition</b></td></tr><tr><td><a href="CodeSystem-VancouverClassification.html#VancouverClassification-type_ag">type_ag</a></td><td>A1. Fraktur svarende til trochanter major</td><td>Type A(G): greater trochanter</td></tr><tr><td><a href="CodeSystem-VancouverClassification.html#VancouverClassification-type_al">type_al</a></td><td>A2. Fraktur svarende til trochanter minor</td><td>Type A(L): lesser trochanter</td></tr><tr><td><a href="CodeSystem-VancouverClassification.html#VancouverClassification-type_b">type_b</a></td><td>B. Fraktur omkring stem evt. gående nedenfor stem spids</td><td>Type B: around the stem or just below it</td></tr><tr><td><a href="CodeSystem-VancouverClassification.html#VancouverClassification-type_c">type_c</a></td><td>C. Fraktur klart distalt for stemmet</td><td>Type C: well below the stem</td></tr></table></li></ul></div></text><url value="https://kip.rkkp.dk/fhir/ValueSet/VancouverKlassifikationPeroperativDHR"/><version value="0.1.6"/><name value="VancouverKlassifikationPeroperativDHR"/><title value="Vancouver klassifikation - Peroperativ (DHR)"/><status value="active"/><experimental value="true"/><date value="2022-07-20T00:00:00+02:00"/><publisher value="Sundhedsvæsnets Kvalistetsinstitut with Trifork Digital Health A/S"/><contact><name value="Sundhedsvæsnets Kvalistetsinstitut with Trifork Digital Health A/S"/><telecom><system value="url"/><value value="https://trifork.com"/></telecom><telecom><system value="email"/><value value="rbk@trifork.com"/></telecom></contact><description value="Vancouver klassifikation - Peroperativ (DHR)"/><compose><include><system value="https://kip.rkkp.dk/fhir/CodeSystem/VancouverClassification"/><concept><code value="type_ag"/><display value="A1. Fraktur svarende til trochanter major"/></concept><concept><code value="type_al"/><display value="A2. Fraktur svarende til trochanter minor"/></concept><concept><code value="type_b"/><display value="B. Fraktur omkring stem evt. gående nedenfor stem spids"/></concept><concept><code value="type_c"/><display value="C. Fraktur klart distalt for stemmet"/></concept></include></compose></ValueSet>