<?xml version="1.0" encoding="UTF-8"?><ValueSet xmlns="http://hl7.org/fhir"><id value="HjerneoedemDAP"/><text><status value="extensions"/><div xmlns="http://www.w3.org/1999/xhtml"><p class="res-header-id"><b>Generated Narrative: ValueSet HjerneoedemDAP</b></p><a name="HjerneoedemDAP"> </a><a name="hcHjerneoedemDAP"> </a><a name="HjerneoedemDAP-en-US"> </a><ul><li>Include these codes as defined in <a href="CodeSystem-EdemaStroke.html"><code>https://kip.rkkp.dk/fhir/CodeSystem/EdemaStroke</code></a><table class="none"><tr><td style="white-space:nowrap"><b>Code</b></td><td><b>Display</b></td><td><b>Definition</b></td></tr><tr><td><a href="CodeSystem-EdemaStroke.html#EdemaStroke-coed_1">coed_1</a></td><td>COED 1</td><td>COED 1</td></tr><tr><td><a href="CodeSystem-EdemaStroke.html#EdemaStroke-coed_2">coed_2</a></td><td>COED 2</td><td>COED 2</td></tr><tr><td><a href="CodeSystem-EdemaStroke.html#EdemaStroke-coed_3">coed_3</a></td><td>COED 3</td><td>COED 3</td></tr></table></li></ul></div></text><url value="https://kip.rkkp.dk/fhir/ValueSet/HjerneoedemDAP"/><version value="0.1.6"/><name value="HjerneoedemDAP"/><title value="Hjerneødem (DAP)"/><status value="active"/><experimental value="true"/><date value="2022-09-02T00:00:00+02:00"/><publisher value="Sundhedsvæsnets Kvalistetsinstitut with Trifork Digital Health A/S"/><contact><name value="Sundhedsvæsnets Kvalistetsinstitut with Trifork Digital Health A/S"/><telecom><system value="url"/><value value="https://trifork.com"/></telecom><telecom><system value="email"/><value value="rbk@trifork.com"/></telecom></contact><description value="Hjerneødem fundet i forbindelse med billeddiagnostisk undersøgelse (DAP)"/><compose><include><system value="https://kip.rkkp.dk/fhir/CodeSystem/EdemaStroke"/><concept><code value="coed_1"/><display value="COED 1"/></concept><concept><code value="coed_2"/><display value="COED 2"/></concept><concept><code value="coed_3"/><display value="COED 3"/></concept></include></compose></ValueSet>