<?xml version="1.0" encoding="UTF-8"?><ValueSet xmlns="http://hl7.org/fhir"><id value="Operationserfaring"/><text><status value="extensions"/><div xmlns="http://www.w3.org/1999/xhtml"><p class="res-header-id"><b>Generated Narrative: ValueSet Operationserfaring</b></p><a name="Operationserfaring"> </a><a name="hcOperationserfaring"> </a><a name="Operationserfaring-en-US"> </a><ul><li>Include these codes as defined in <a href="CodeSystem-Operationserfaring.html"><code>https://kip.rkkp.dk/fhir/CodeSystem/Operationserfaring</code></a><table class="none"><tr><td style="white-space:nowrap"><b>Code</b></td><td><b>Display</b></td><td><b>Definition</b></td></tr><tr><td><a href="CodeSystem-Operationserfaring.html#Operationserfaring-le10">le10</a></td><td>A (0-10)</td><td>0-10 operationer</td></tr><tr><td><a href="CodeSystem-Operationserfaring.html#Operationserfaring-11-25">11-25</a></td><td>B (11-25)</td><td>11-25 operationer</td></tr><tr><td><a href="CodeSystem-Operationserfaring.html#Operationserfaring-26-50">26-50</a></td><td>C (26-50)</td><td>26-50 operationer</td></tr><tr><td><a href="CodeSystem-Operationserfaring.html#Operationserfaring-51-75">51-75</a></td><td>D (51-75)</td><td>51-75 operationer</td></tr><tr><td><a href="CodeSystem-Operationserfaring.html#Operationserfaring-76-100">76-100</a></td><td>E (76-100)</td><td>76-100 operationer</td></tr><tr><td><a href="CodeSystem-Operationserfaring.html#Operationserfaring-gt100">gt100</a></td><td>F (&gt;100)</td><td>Mere end 100 operationer</td></tr></table></li></ul></div></text><url value="https://kip.rkkp.dk/fhir/ValueSet/Operationserfaring"/><version value="0.1.6"/><name value="Operationserfaring"/><title value="Operationserfaring"/><status value="active"/><experimental value="true"/><date value="2024-02-14T00:00:00+02:00"/><publisher value="Sundhedsvæsnets Kvalistetsinstitut with Trifork Digital Health A/S"/><contact><name value="Sundhedsvæsnets Kvalistetsinstitut with Trifork Digital Health A/S"/><telecom><system value="url"/><value value="https://trifork.com"/></telecom><telecom><system value="email"/><value value="rbk@trifork.com"/></telecom></contact><description value="Operationserfaring for operatører og assistenter"/><compose><include><system value="https://kip.rkkp.dk/fhir/CodeSystem/Operationserfaring"/><concept><code value="le10"/><display value="A (0-10)"/></concept><concept><code value="11-25"/><display value="B (11-25)"/></concept><concept><code value="26-50"/><display value="C (26-50)"/></concept><concept><code value="51-75"/><display value="D (51-75)"/></concept><concept><code value="76-100"/><display value="E (76-100)"/></concept><concept><code value="gt100"/><display value="F (&gt;100)"/></concept></include></compose></ValueSet>