<?xml version="1.0" encoding="UTF-8"?><ValueSet xmlns="http://hl7.org/fhir"><id value="ObservationsstedAN"/><text><status value="extensions"/><div xmlns="http://www.w3.org/1999/xhtml"><p class="res-header-id"><b>Generated Narrative: ValueSet ObservationsstedAN</b></p><a name="ObservationsstedAN"> </a><a name="hcObservationsstedAN"> </a><a name="ObservationsstedAN-en-US"> </a><ul><li>Include these codes as defined in <a href="CodeSystem-Observationssted.html"><code>https://kip.rkkp.dk/fhir/CodeSystem/Observationssted</code></a><table class="none"><tr><td style="white-space:nowrap"><b>Code</b></td><td><b>Display</b></td><td><b>Definition</b></td></tr><tr><td><a href="CodeSystem-Observationssted.html#Observationssted-central_obs">central_obs</a></td><td>Centralt observationsafsnit</td><td>Centralt observationsafsnit</td></tr><tr><td><a href="CodeSystem-Observationssted.html#Observationssted-andet_obs">andet_obs</a></td><td>Andet observationsafsnit</td><td>Andet observationsafsnit</td></tr><tr><td><a href="CodeSystem-Observationssted.html#Observationssted-opergang">opergang</a></td><td>Operationsgangen</td><td>Operationsgangen</td></tr><tr><td><a href="CodeSystem-Observationssted.html#Observationssted-intensiv">intensiv</a></td><td>Intensiv</td><td>Intensiv afdeling</td></tr><tr><td><a href="CodeSystem-Observationssted.html#Observationssted-sengeafd">sengeafd</a></td><td>Sengeafdeling</td><td>Sengeafdeling</td></tr><tr><td><a href="CodeSystem-Observationssted.html#Observationssted-skadestue">skadestue</a></td><td>Skadestue / modtagelse</td><td>Skadestue / modtagelse</td></tr></table></li></ul></div></text><url value="https://kip.rkkp.dk/fhir/ValueSet/ObservationsstedAN"/><version value="0.1.6"/><name value="ObservationsstedAN"/><title value="Observationssted anæstesi"/><status value="active"/><experimental value="true"/><date value="2022-05-16T00:00:00+02:00"/><publisher value="Sundhedsvæsnets Kvalistetsinstitut with Trifork Digital Health A/S"/><contact><name value="Sundhedsvæsnets Kvalistetsinstitut with Trifork Digital Health A/S"/><telecom><system value="url"/><value value="https://trifork.com"/></telecom><telecom><system value="email"/><value value="rbk@trifork.com"/></telecom></contact><description value="Observationssted anæstesi"/><compose><include><system value="https://kip.rkkp.dk/fhir/CodeSystem/Observationssted"/><concept><code value="central_obs"/><display value="Centralt observationsafsnit"/></concept><concept><code value="andet_obs"/><display value="Andet observationsafsnit"/></concept><concept><code value="opergang"/><display value="Operationsgangen"/></concept><concept><code value="intensiv"/><display value="Intensiv"/></concept><concept><code value="sengeafd"/><display value="Sengeafdeling"/></concept><concept><code value="skadestue"/><display value="Skadestue / modtagelse"/></concept></include></compose></ValueSet>