<?xml version="1.0" encoding="UTF-8"?><ValueSet xmlns="http://hl7.org/fhir"><id value="NerveBlockTypeLower"/><text><status value="extensions"/><div xmlns="http://www.w3.org/1999/xhtml"><p class="res-header-id"><b>Generated Narrative: ValueSet NerveBlockTypeLower</b></p><a name="NerveBlockTypeLower"> </a><a name="hcNerveBlockTypeLower"> </a><a name="NerveBlockTypeLower-en-US"> </a><ul><li>Include these codes as defined in <a href="CodeSystem-BlockTypes.html"><code>https://kip.rkkp.dk/fhir/CodeSystem/BlockTypes</code></a><table class="none"><tr><td style="white-space:nowrap"><b>Code</b></td><td><b>Display</b></td><td><b>Definition</b></td></tr><tr><td><a href="CodeSystem-BlockTypes.html#BlockTypes-plexus_lumbalis">plexus_lumbalis</a></td><td>Plexus lumbalis</td><td>Plexus lumbalis</td></tr><tr><td><a href="CodeSystem-BlockTypes.html#BlockTypes-plexus_lumbosacralis">plexus_lumbosacralis</a></td><td>Plexus lumbosacralis</td><td>Plexus lumbosacralis</td></tr><tr><td><a href="CodeSystem-BlockTypes.html#BlockTypes-plexus_sacralis">plexus_sacralis</a></td><td>Plexus sacralis</td><td>Plexus sacralis</td></tr><tr><td><a href="CodeSystem-BlockTypes.html#BlockTypes-femoralis">femoralis</a></td><td>N. Femoralis</td><td>N. Femoralis</td></tr><tr><td><a href="CodeSystem-BlockTypes.html#BlockTypes-cutaneus_femoris_lateralis">cutaneus_femoris_lateralis</a></td><td>N. Cutaneus femoris lateralis</td><td>N. Cutaneus femoris lateralis</td></tr><tr><td><a href="CodeSystem-BlockTypes.html#BlockTypes-saphenus">saphenus</a></td><td>N. Saphenus</td><td>N. Saphenus</td></tr><tr><td><a href="CodeSystem-BlockTypes.html#BlockTypes-obturatorius">obturatorius</a></td><td>N. Obturatoriusblock</td><td>N. Obturatoriusblokade</td></tr><tr><td><a href="CodeSystem-BlockTypes.html#BlockTypes-ischiadicus_poplitea">ischiadicus_poplitea</a></td><td>N. Ischiadicus/poplitea blokade</td><td>N. Ischiadicus/poplitea blokade</td></tr><tr><td><a href="CodeSystem-BlockTypes.html#BlockTypes-tibialis">tibialis</a></td><td>N. Tibialis</td><td>N. Tibialis</td></tr><tr><td><a href="CodeSystem-BlockTypes.html#BlockTypes-peroneus">peroneus</a></td><td>Peroneus (communis) blokade</td><td>Peroneus (communis) blokade</td></tr><tr><td><a href="CodeSystem-BlockTypes.html#BlockTypes-other">other</a></td><td>Anden</td><td>Anden blokadetype</td></tr></table></li></ul></div></text><url value="https://kip.rkkp.dk/fhir/ValueSet/NerveBlockTypeLower"/><version value="0.1.6"/><name value="NerveBlockTypeLower"/><title value="Typer af blokade underekstremiteter"/><status value="active"/><experimental value="true"/><date value="2022-06-09T00:00:00+02:00"/><publisher value="Sundhedsvæsnets Kvalistetsinstitut with Trifork Digital Health A/S"/><contact><name value="Sundhedsvæsnets Kvalistetsinstitut with Trifork Digital Health A/S"/><telecom><system value="url"/><value value="https://trifork.com"/></telecom><telecom><system value="email"/><value value="rbk@trifork.com"/></telecom></contact><description value="Typer af perifer nerveblokade - underekstremiteter"/><compose><include><system value="https://kip.rkkp.dk/fhir/CodeSystem/BlockTypes"/><concept><code value="plexus_lumbalis"/><display value="Plexus lumbalis"/></concept><concept><code value="plexus_lumbosacralis"/><display value="Plexus lumbosacralis"/></concept><concept><code value="plexus_sacralis"/><display value="Plexus sacralis"/></concept><concept><code value="femoralis"/><display value="N. Femoralis"/></concept><concept><code value="cutaneus_femoris_lateralis"/><display value="N. Cutaneus femoris lateralis"/></concept><concept><code value="saphenus"/><display value="N. Saphenus"/></concept><concept><code value="obturatorius"/><display value="N. Obturatoriusblock"/></concept><concept><code value="ischiadicus_poplitea"/><display value="N. Ischiadicus/poplitea blokade"/></concept><concept><code value="tibialis"/><display value="N. Tibialis"/></concept><concept><code value="peroneus"/><display value="Peroneus (communis) blokade"/></concept><concept><code value="other"/><display value="Anden"/></concept></include></compose></ValueSet>