<?xml version="1.0" encoding="UTF-8"?><ValueSet xmlns="http://hl7.org/fhir"><id value="MorsDiagnoseVaskulaerDNSL"/><text><status value="generated"/><div xmlns="http://www.w3.org/1999/xhtml"><p class="res-header-id"><b>Generated Narrative: ValueSet MorsDiagnoseVaskulaerDNSL</b></p><a name="MorsDiagnoseVaskulaerDNSL"> </a><a name="hcMorsDiagnoseVaskulaerDNSL"> </a><a name="MorsDiagnoseVaskulaerDNSL-en-US"> </a><ul><li>Include these codes as defined in <a href="CodeSystem-MorsDiagnosekoder.html"><code>https://kip.rkkp.dk/fhir/CodeSystem/MorsDiagnosekoder</code></a><table class="none"><tr><td style="white-space:nowrap"><b>Code</b></td><td><b>Display</b></td></tr><tr><td><a href="CodeSystem-MorsDiagnosekoder.html#MorsDiagnosekoder-DD629">DD629</a></td><td>DD629: Akut anæmi efter blødning</td></tr><tr><td><a href="CodeSystem-MorsDiagnosekoder.html#MorsDiagnosekoder-DI269">DI269</a></td><td>DI269: Embolia pulmonis u akut cor pulmonale</td></tr><tr><td><a href="CodeSystem-MorsDiagnosekoder.html#MorsDiagnosekoder-DI649">DI649</a></td><td>DI649: Apoplexia cerebri uden specifikation</td></tr><tr><td><a href="CodeSystem-MorsDiagnosekoder.html#MorsDiagnosekoder-DI772">DI772</a></td><td>DI772: Ruptura arteriae</td></tr><tr><td><a href="CodeSystem-MorsDiagnosekoder.html#MorsDiagnosekoder-DK550">DK550</a></td><td>DK550: Akut karsygdom i tarm</td></tr><tr><td><a href="CodeSystem-MorsDiagnosekoder.html#MorsDiagnosekoder-DK638C">DK638C</a></td><td>DK638C: Haemorrhagia tractus gastrointestinalis</td></tr><tr><td><a href="CodeSystem-MorsDiagnosekoder.html#MorsDiagnosekoder-DR589">DR589</a></td><td>DR589: Haemorrhagia uden specifikation</td></tr><tr><td><a href="CodeSystem-MorsDiagnosekoder.html#MorsDiagnosekoder-DT810">DT810</a></td><td>DT810: Haemorrhagia postop et haematoma postop ikke klas ansted</td></tr><tr><td><a href="CodeSystem-MorsDiagnosekoder.html#MorsDiagnosekoder-DT824">DT824</a></td><td>DT824: Complicatio katherisationis vasorum dialyseos</td></tr></table></li></ul></div></text><url value="https://kip.rkkp.dk/fhir/ValueSet/MorsDiagnoseVaskulaerDNSL"/><version value="0.1.6"/><name value="MorsDiagnoseVaskulaerDNSL"/><title value="Mors Diagnosekode - Vaskulær (DNSL)"/><status value="active"/><experimental value="true"/><date value="2024-01-10T00:00:00+02:00"/><publisher value="Sundhedsvæsnets Kvalistetsinstitut with Trifork Digital Health A/S"/><contact><name value="Sundhedsvæsnets Kvalistetsinstitut with Trifork Digital Health A/S"/><telecom><system value="url"/><value value="https://trifork.com"/></telecom><telecom><system value="email"/><value value="rbk@trifork.com"/></telecom></contact><description value="Mors Diagnosekode - Vaskulære årsager (DNSL)"/><compose><include><system value="https://kip.rkkp.dk/fhir/CodeSystem/MorsDiagnosekoder"/><concept><code value="DD629"/><display value="DD629: Akut anæmi efter blødning"/></concept><concept><code value="DI269"/><display value="DI269: Embolia pulmonis u akut cor pulmonale"/></concept><concept><code value="DI649"/><display value="DI649: Apoplexia cerebri uden specifikation"/></concept><concept><code value="DI772"/><display value="DI772: Ruptura arteriae"/></concept><concept><code value="DK550"/><display value="DK550: Akut karsygdom i tarm"/></concept><concept><code value="DK638C"/><display value="DK638C: Haemorrhagia tractus gastrointestinalis"/></concept><concept><code value="DR589"/><display value="DR589: Haemorrhagia uden specifikation"/></concept><concept><code value="DT810"/><display value="DT810: Haemorrhagia postop et haematoma postop ikke klas ansted"/></concept><concept><code value="DT824"/><display value="DT824: Complicatio katherisationis vasorum dialyseos"/></concept></include></compose></ValueSet>