<?xml version="1.0" encoding="UTF-8"?><ValueSet xmlns="http://hl7.org/fhir"><id value="MeshTypeIngvinalhernieDHDB"/><text><status value="extensions"/><div xmlns="http://www.w3.org/1999/xhtml"><p class="res-header-id"><b>Generated Narrative: ValueSet MeshTypeIngvinalhernieDHDB</b></p><a name="MeshTypeIngvinalhernieDHDB"> </a><a name="hcMeshTypeIngvinalhernieDHDB"> </a><a name="MeshTypeIngvinalhernieDHDB-en-US"> </a><p>This value set includes codes based on the following rules:</p><ul><li>Include these codes as defined in <a href="CodeSystem-MeshType.html"><code>https://kip.rkkp.dk/fhir/CodeSystem/MeshType</code></a><table class="none"><tr><td style="white-space:nowrap"><b>Code</b></td><td><b>Display</b></td><td><b>Definition</b></td></tr><tr><td><a href="CodeSystem-MeshType.html#MeshType-adhesix">adhesix</a></td><td>Adhesix</td><td>Adhesix</td></tr><tr><td><a href="CodeSystem-MeshType.html#MeshType-adhesix_lap">adhesix_lap</a></td><td>Adhesix lap.</td><td>Adhesix lap.</td></tr><tr><td><a href="CodeSystem-MeshType.html#MeshType-bard_3d">bard_3d</a></td><td>BARD 3D</td><td>BARD 3D</td></tr><tr><td><a href="CodeSystem-MeshType.html#MeshType-bard_3d_light">bard_3d_light</a></td><td>Bard 3D Light</td><td>Bard 3D Light</td></tr><tr><td><a href="CodeSystem-MeshType.html#MeshType-bard_perfix_plug">bard_perfix_plug</a></td><td>BARD PerFix Plug</td><td>BARD PerFix Plug</td></tr><tr><td><a href="CodeSystem-MeshType.html#MeshType-bard_polysoft">bard_polysoft</a></td><td>BARD PolySoft Hernia Patch</td><td>BARD PolySoft Hernia Patch</td></tr><tr><td><a href="CodeSystem-MeshType.html#MeshType-bard_soft">bard_soft</a></td><td>BARD Soft</td><td>BARD Soft</td></tr><tr><td><a href="CodeSystem-MeshType.html#MeshType-cousin">cousin</a></td><td>Cousin</td><td>Cousin</td></tr><tr><td><a href="CodeSystem-MeshType.html#MeshType-dextile_medtronic">dextile_medtronic</a></td><td>Dextile fra Medtronic</td><td>Dextile fra Medtronic</td></tr><tr><td><a href="CodeSystem-MeshType.html#MeshType-dynamesh_pp">dynamesh_pp</a></td><td>Dynamesh PP</td><td>Dynamesh PP</td></tr><tr><td><a href="CodeSystem-MeshType.html#MeshType-dynamesh_visible">dynamesh_visible</a></td><td>Dynamesh Visible</td><td>Dynamesh Visible</td></tr><tr><td><a href="CodeSystem-MeshType.html#MeshType-galmesh">galmesh</a></td><td>Galmesh</td><td>Galmesh</td></tr><tr><td><a href="CodeSystem-MeshType.html#MeshType-galmesh_light">galmesh_light</a></td><td>Galmesh Light</td><td>Galmesh Light</td></tr><tr><td><a href="CodeSystem-MeshType.html#MeshType-klas">klas</a></td><td>Klas</td><td>Klas</td></tr><tr><td><a href="CodeSystem-MeshType.html#MeshType-medcare_prolene">medcare_prolene</a></td><td>Medcare Prolene</td><td>Medcare Prolene</td></tr><tr><td><a href="CodeSystem-MeshType.html#MeshType-optilene_mesh">optilene_mesh</a></td><td>Optilene Mesh</td><td>Optilene Mesh</td></tr><tr><td><a href="CodeSystem-MeshType.html#MeshType-optilene_mesh_elastic">optilene_mesh_elastic</a></td><td>Optilene Mesh Elastic</td><td>Optilene Mesh Elastic</td></tr><tr><td><a href="CodeSystem-MeshType.html#MeshType-optilene_mesh_lp">optilene_mesh_lp</a></td><td>Optilene Mesh LP</td><td>Optilene Mesh LP</td></tr><tr><td><a href="CodeSystem-MeshType.html#MeshType-parietene">parietene</a></td><td>Parietene</td><td>Parietene</td></tr><tr><td><a href="CodeSystem-MeshType.html#MeshType-parietex">parietex</a></td><td>Parietex</td><td>Parietex</td></tr><tr><td><a href="CodeSystem-MeshType.html#MeshType-parietex_progrip">parietex_progrip</a></td><td>Parietex Progrip</td><td>Parietex Progrip</td></tr><tr><td><a href="CodeSystem-MeshType.html#MeshType-physiomesh">physiomesh</a></td><td>Physiomesh</td><td>Physiomesh</td></tr><tr><td><a href="CodeSystem-MeshType.html#MeshType-polypropylene">polypropylene</a></td><td>Polypropylene</td><td>Polypropylene</td></tr><tr><td><a href="CodeSystem-MeshType.html#MeshType-progrip">progrip</a></td><td>Progrip</td><td>Progrip</td></tr><tr><td><a href="CodeSystem-MeshType.html#MeshType-prolene">prolene</a></td><td>Prolene</td><td>Prolene</td></tr><tr><td><a href="CodeSystem-MeshType.html#MeshType-prolite">prolite</a></td><td>Prolite</td><td>Prolite</td></tr><tr><td><a href="CodeSystem-MeshType.html#MeshType-supramesh">supramesh</a></td><td>Supramesh</td><td>Supramesh</td></tr><tr><td><a href="CodeSystem-MeshType.html#MeshType-surgimesh">surgimesh</a></td><td>Surgimesh</td><td>Surgimesh</td></tr><tr><td><a href="CodeSystem-MeshType.html#MeshType-surgipro">surgipro</a></td><td>Surgipro</td><td>Surgipro</td></tr><tr><td><a href="CodeSystem-MeshType.html#MeshType-timesh">timesh</a></td><td>TiMesh</td><td>TiMesh</td></tr><tr><td><a href="CodeSystem-MeshType.html#MeshType-ultrapro">ultrapro</a></td><td>Ultrapro</td><td>Ultrapro</td></tr><tr><td><a href="CodeSystem-MeshType.html#MeshType-ultrapro_advanced">ultrapro_advanced</a></td><td>Ultrapro Advanced</td><td>Ultrapro Advanced</td></tr><tr><td><a href="CodeSystem-MeshType.html#MeshType-versatex_monofilament_mesh">versatex_monofilament_mesh</a></td><td>Versatex Monofilament Mesh</td><td>Versatex Monofilament Mesh</td></tr><tr><td><a href="CodeSystem-MeshType.html#MeshType-vypro">vypro</a></td><td>Vypro</td><td>Vypro</td></tr></table></li><li>Include these codes as defined in <a href="CodeSystem-GenericValues.html"><code>https://kip.rkkp.dk/fhir/CodeSystem/GenericValues</code></a><table class="none"><tr><td style="white-space:nowrap"><b>Code</b></td><td><b>Display</b></td><td><b>Definition</b></td></tr><tr><td><a href="CodeSystem-GenericValues.html#GenericValues-other">other</a></td><td>Anden mesh</td><td>Other - used to choose unspecific value not in a valueset</td></tr></table></li><li>Include these codes as defined in <a href="http://terminology.hl7.org/3.1.0/CodeSystem-v2-0532.html"><code>http://terminology.hl7.org/CodeSystem/v2-0532</code></a><table class="none"><tr><td style="white-space:nowrap"><b>Code</b></td><td><b>Display</b></td><td><b>Definition</b></td></tr><tr><td><a href="http://terminology.hl7.org/3.1.0/CodeSystem-v2-0532.html#v2-0532-UNK">UNK</a></td><td>Uoplyst</td><td>unknown</td></tr></table></li></ul></div></text><url value="https://kip.rkkp.dk/fhir/ValueSet/MeshTypeIngvinalhernieDHDB"/><version value="0.1.6"/><name value="MeshTypeIngvinalhernieDHDB"/><title value="Mesh type - Ingvinalhernie (DHDB)"/><status value="active"/><experimental value="true"/><date value="2022-07-20T00:00:00+02:00"/><publisher value="Sundhedsvæsnets Kvalistetsinstitut with Trifork Digital Health A/S"/><contact><name value="Sundhedsvæsnets Kvalistetsinstitut with Trifork Digital Health A/S"/><telecom><system value="url"/><value value="https://trifork.com"/></telecom><telecom><system value="email"/><value value="rbk@trifork.com"/></telecom></contact><description value="Mesh type - Ingvinalhernie (DHDB)"/><compose><include><system value="https://kip.rkkp.dk/fhir/CodeSystem/MeshType"/><concept><code value="adhesix"/><display value="Adhesix"/></concept><concept><code value="adhesix_lap"/><display value="Adhesix lap."/></concept><concept><code value="bard_3d"/><display value="BARD 3D"/></concept><concept><code value="bard_3d_light"/><display value="Bard 3D Light"/></concept><concept><code value="bard_perfix_plug"/><display value="BARD PerFix Plug"/></concept><concept><code value="bard_polysoft"/><display value="BARD PolySoft Hernia Patch"/></concept><concept><code value="bard_soft"/><display value="BARD Soft"/></concept><concept><code value="cousin"/><display value="Cousin"/></concept><concept><code value="dextile_medtronic"/><display value="Dextile fra Medtronic"/></concept><concept><code value="dynamesh_pp"/><display value="Dynamesh PP"/></concept><concept><code value="dynamesh_visible"/><display value="Dynamesh Visible"/></concept><concept><code value="galmesh"/><display value="Galmesh"/></concept><concept><code value="galmesh_light"/><display value="Galmesh Light"/></concept><concept><code value="klas"/><display value="Klas"/></concept><concept><code value="medcare_prolene"/><display value="Medcare Prolene"/></concept><concept><code value="optilene_mesh"/><display value="Optilene Mesh"/></concept><concept><code value="optilene_mesh_elastic"/><display value="Optilene Mesh Elastic"/></concept><concept><code value="optilene_mesh_lp"/><display value="Optilene Mesh LP"/></concept><concept><code value="parietene"/><display value="Parietene"/></concept><concept><code value="parietex"/><display value="Parietex"/></concept><concept><code value="parietex_progrip"/><display value="Parietex Progrip"/></concept><concept><code value="physiomesh"/><display value="Physiomesh"/></concept><concept><code value="polypropylene"/><display value="Polypropylene"/></concept><concept><code value="progrip"/><display value="Progrip"/></concept><concept><code value="prolene"/><display value="Prolene"/></concept><concept><code value="prolite"/><display value="Prolite"/></concept><concept><code value="supramesh"/><display value="Supramesh"/></concept><concept><code value="surgimesh"/><display value="Surgimesh"/></concept><concept><code value="surgipro"/><display value="Surgipro"/></concept><concept><code value="timesh"/><display value="TiMesh"/></concept><concept><code value="ultrapro"/><display value="Ultrapro"/></concept><concept><code value="ultrapro_advanced"/><display value="Ultrapro Advanced"/></concept><concept><code value="versatex_monofilament_mesh"/><display value="Versatex Monofilament Mesh"/></concept><concept><code value="vypro"/><display value="Vypro"/></concept></include><include><system value="https://kip.rkkp.dk/fhir/CodeSystem/GenericValues"/><concept><code value="other"/><display value="Anden mesh"/></concept></include><include><system value="http://terminology.hl7.org/CodeSystem/v2-0532"/><concept><code value="UNK"/><display value="Uoplyst"/></concept></include></compose></ValueSet>