<?xml version="1.0" encoding="UTF-8"?><ValueSet xmlns="http://hl7.org/fhir"><id value="OperationstypeLYFO"/><text><status value="extensions"/><div xmlns="http://www.w3.org/1999/xhtml"><p class="res-header-id"><b>Generated Narrative: ValueSet OperationstypeLYFO</b></p><a name="OperationstypeLYFO"> </a><a name="hcOperationstypeLYFO"> </a><a name="OperationstypeLYFO-en-US"> </a><p>This value set includes codes based on the following rules:</p><ul><li>Include these codes as defined in <a href="CodeSystem-GenericValues.html"><code>https://kip.rkkp.dk/fhir/CodeSystem/GenericValues</code></a><table class="none"><tr><td style="white-space:nowrap"><b>Code</b></td><td><b>Display</b></td><td><b>Definition</b></td></tr><tr><td><a href="CodeSystem-GenericValues.html#GenericValues-none">none</a></td><td>Ingen kirurgi</td><td>None - used to choose none of the available values</td></tr><tr><td><a href="CodeSystem-GenericValues.html#GenericValues-other">other</a></td><td>Anden kirurgi</td><td>Other - used to choose unspecific value not in a valueset</td></tr></table></li><li>Include these codes as defined in <a href="CodeSystem-OperationType.html"><code>https://kip.rkkp.dk/fhir/CodeSystem/OperationType</code></a><table class="none"><tr><td style="white-space:nowrap"><b>Code</b></td><td><b>Display</b></td><td><b>Definition</b></td></tr><tr><td><a href="CodeSystem-OperationType.html#OperationType-extirpation">extirpation</a></td><td>Lymfom extirpation (-&gt; tumormængde reduceret betydeligt)</td><td>Extirpation / Ekstirpation / SNOMED-CT: 360020006</td></tr></table></li><li>Include these codes as defined in <a href="CodeSystem-SKS.html"><code>https://kip.rkkp.dk/fhir/CodeSystem/SKS</code></a><table class="none"><tr><td style="white-space:nowrap"><b>Code</b></td><td><b>Display</b></td><td><b>Definition</b></td></tr><tr><td><a href="CodeSystem-SKS.html#SKS-KJMA">KJMA</a></td><td>Splenektomi</td><td>KJMA - Splenektomier</td></tr></table></li></ul></div></text><url value="https://kip.rkkp.dk/fhir/ValueSet/OperationstypeLYFO"/><version value="0.1.6"/><name value="OperationstypeLYFO"/><title value="Operationstype - kirurgi (LYFO)"/><status value="active"/><experimental value="true"/><date value="2022-07-18T00:00:00+02:00"/><publisher value="Sundhedsvæsnets Kvalistetsinstitut with Trifork Digital Health A/S"/><contact><name value="Sundhedsvæsnets Kvalistetsinstitut with Trifork Digital Health A/S"/><telecom><system value="url"/><value value="https://trifork.com"/></telecom><telecom><system value="email"/><value value="rbk@trifork.com"/></telecom></contact><description value="Operationstype - kirurgi (LYFO)"/><compose><include><system value="https://kip.rkkp.dk/fhir/CodeSystem/GenericValues"/><concept><code value="none"/><display value="Ingen kirurgi"/></concept><concept><code value="other"/><display value="Anden kirurgi"/></concept></include><include><system value="https://kip.rkkp.dk/fhir/CodeSystem/OperationType"/><concept><code value="extirpation"/><display value="Lymfom extirpation (-&gt; tumormængde reduceret betydeligt)"/></concept></include><include><system value="https://kip.rkkp.dk/fhir/CodeSystem/SKS"/><concept><code value="KJMA"/><display value="Splenektomi"/></concept></include></compose></ValueSet>