<?xml version="1.0" encoding="UTF-8"?><CodeSystem xmlns="http://hl7.org/fhir"><id value="Frekvens"/><text><status value="generated"/><div xmlns="http://www.w3.org/1999/xhtml"><p class="res-header-id"><b>Generated Narrative: CodeSystem Frekvens</b></p><a name="Frekvens"> </a><a name="hcFrekvens"> </a><a name="Frekvens-en-US"> </a><p>This case-insensitive code system <code>https://kip.rkkp.dk/fhir/CodeSystem/Frekvens</code> defines the following codes:</p><table class="codes"><tr><td style="white-space:nowrap"><b>Code</b></td><td><b>Display</b></td><td><b>Definition</b></td></tr><tr><td style="white-space:nowrap">aldrig<a name="Frekvens-aldrig"> </a></td><td>Aldrig</td><td>Aldrig / Slet ikke</td></tr><tr><td style="white-space:nowrap">konstant<a name="Frekvens-konstant"> </a></td><td>Konstant</td><td>Hele tiden</td></tr><tr><td style="white-space:nowrap">dgl-lt1<a name="Frekvens-dgl-lt1"> </a></td><td>Mindre end 1 gang om dagen</td><td>Mindre end 1 gang om dagen</td></tr><tr><td style="white-space:nowrap">dgl-1<a name="Frekvens-dgl-1"> </a></td><td>1 gang om dagen</td><td>1 gang om dagen</td></tr><tr><td style="white-space:nowrap">dgl-ge1<a name="Frekvens-dgl-ge1"> </a></td><td>1 eller flere gange om dagen</td><td>1 eller flere gange om dagen</td></tr><tr><td style="white-space:nowrap">ugl-le1<a name="Frekvens-ugl-le1"> </a></td><td>1 gang om ugen eller mindre</td><td>1 gang om ugen eller mindre</td></tr><tr><td style="white-space:nowrap">ugl-ge1<a name="Frekvens-ugl-ge1"> </a></td><td>1 gang om ugen eller mere</td><td>1 gang om ugen eller mere</td></tr><tr><td style="white-space:nowrap">ugl-2-3<a name="Frekvens-ugl-2-3"> </a></td><td>2-3 gange om ugen</td><td>2-3 gange om ugen</td></tr><tr><td style="white-space:nowrap">mdl-lt1<a name="Frekvens-mdl-lt1"> </a></td><td>Mindre end 1 gang om måneden</td><td>Mindre end 1 gang om måneden</td></tr><tr><td style="white-space:nowrap">mdl-1-4<a name="Frekvens-mdl-1-4"> </a></td><td>1-4 gange om måneden</td><td>1-4 gange om måneden</td></tr></table></div></text><url value="https://kip.rkkp.dk/fhir/CodeSystem/Frekvens"/><version value="0.1.8"/><name value="Frekvens"/><title value="Frekvens"/><status value="active"/><date value="2024-02-13T00:00:00+02:00"/><publisher value="Sundhedsvæsnets Kvalistetsinstitut with Trifork Digital Health A/S"/><contact><name value="Sundhedsvæsnets Kvalistetsinstitut with Trifork Digital Health A/S"/><telecom><system value="url"/><value value="https://trifork.com"/></telecom><telecom><system value="email"/><value value="rbk@trifork.com"/></telecom></contact><description value="Frekvens for hvor ofte en given hændelse optræder"/><caseSensitive value="false"/><content value="complete"/><count value="10"/><concept><code value="aldrig"/><display value="Aldrig"/><definition value="Aldrig / Slet ikke"/></concept><concept><code value="konstant"/><display value="Konstant"/><definition value="Hele tiden"/></concept><concept><code value="dgl-lt1"/><display value="Mindre end 1 gang om dagen"/><definition value="Mindre end 1 gang om dagen"/></concept><concept><code value="dgl-1"/><display value="1 gang om dagen"/><definition value="1 gang om dagen"/></concept><concept><code value="dgl-ge1"/><display value="1 eller flere gange om dagen"/><definition value="1 eller flere gange om dagen"/></concept><concept><code value="ugl-le1"/><display value="1 gang om ugen eller mindre"/><definition value="1 gang om ugen eller mindre"/></concept><concept><code value="ugl-ge1"/><display value="1 gang om ugen eller mere"/><definition value="1 gang om ugen eller mere"/></concept><concept><code value="ugl-2-3"/><display value="2-3 gange om ugen"/><definition value="2-3 gange om ugen"/></concept><concept><code value="mdl-lt1"/><display value="Mindre end 1 gang om måneden"/><definition value="Mindre end 1 gang om måneden"/></concept><concept><code value="mdl-1-4"/><display value="1-4 gange om måneden"/><definition value="1-4 gange om måneden"/></concept></CodeSystem>