<?xml version="1.0" encoding="UTF-8"?><CodeSystem xmlns="http://hl7.org/fhir"><id value="SKSCodeCollection"/><text><status value="generated"/><div xmlns="http://www.w3.org/1999/xhtml"><p class="res-header-id"><b>Generated Narrative: CodeSystem SKSCodeCollection</b></p><a name="SKSCodeCollection"> </a><a name="hcSKSCodeCollection"> </a><a name="SKSCodeCollection-en-US"> </a><p>This  code system <code>https://kip.rkkp.dk/fhir/CodeSystem/SKSCodeCollection</code> provides <b>a fragment</b> that includes following codes in an undefined hierarchy:</p><table class="codes"><tr><td><b>Lvl</b></td><td style="white-space:nowrap"><b>Code</b></td><td><b>Display</b></td><td><b>Definition</b></td></tr><tr><td>1</td><td style="white-space:nowrap">cancer_diseases<a name="SKSCodeCollection-cancer_diseases"> </a></td><td>Kræft sygdomme</td><td>Kræft sygdomme</td></tr><tr><td>2</td><td style="white-space:nowrap">  lips_mouth_throat<a name="SKSCodeCollection-lips_mouth_throat"> </a></td><td>Kræft i læber, mundhule og svælg (DC00-DC14)</td><td>Kræft i læber, mundhule og svælg (DC00-DC14)</td></tr><tr><td>2</td><td style="white-space:nowrap">  colon_rectum<a name="SKSCodeCollection-colon_rectum"> </a></td><td>Kræft i tyktarm og endetarm (DC18-DC20)</td><td>Kræft i tyktarm og endetarm (DC18-DC20)</td></tr><tr><td>2</td><td style="white-space:nowrap">  trachea_bronchi_lung<a name="SKSCodeCollection-trachea_bronchi_lung"> </a></td><td>Kræft i luftrøret og bronkier og lunge (DC33-DC34)</td><td>Kræft i luftrøret og bronkier og lunge (DC33-DC34)</td></tr><tr><td>2</td><td style="white-space:nowrap">  uterus<a name="SKSCodeCollection-uterus"> </a></td><td>Kræft i livmoderen (inkl. uspecifik) (DC54-DC55)</td><td>Kræft i livmoderen (inkl. uspecifik) (DC54-DC55)</td></tr><tr><td>2</td><td style="white-space:nowrap">  ovary_fallopian_tube<a name="SKSCodeCollection-ovary_fallopian_tube"> </a></td><td>Kræft i æggestok og æggeleder (DC56+DC570-DC574)</td><td>Kræft i æggestok og æggeleder (DC56+DC570-DC574)</td></tr><tr><td>2</td><td style="white-space:nowrap">  kidney_pelvis_ureter<a name="SKSCodeCollection-kidney_pelvis_ureter"> </a></td><td>Kræft i nyre, nyrebækken og urinleder (DC64-DC66)</td><td>Kræft i nyre, nyrebækken og urinleder (DC64-DC66)</td></tr><tr><td>2</td><td style="white-space:nowrap">  central_nervous_system<a name="SKSCodeCollection-central_nervous_system"> </a></td><td>Kræft i centralnervesystem (DC70-DC72+DC751-DC753)</td><td>Kræft i centralnervesystem (DC70-DC72+DC751-DC753)</td></tr><tr><td>2</td><td style="white-space:nowrap">  non_hodgkin<a name="SKSCodeCollection-non_hodgkin"> </a></td><td>Non-hodgkin malignt lymform (DC82-DC85)</td><td>Non-hodking malignt lymform (DC82-DC85)</td></tr><tr><td>2</td><td style="white-space:nowrap">  leukemia<a name="SKSCodeCollection-leukemia"> </a></td><td>Leukæmi (DC91-DC95)</td><td>Leukæmi (DC91-DC95)</td></tr><tr><td>2</td><td style="white-space:nowrap">  mesotel_tissue<a name="SKSCodeCollection-mesotel_tissue"> </a></td><td>Kræft i mesotel, bindevæv og andet bløddelsvæv (DC45-DC49)</td><td>Kræft i mesotel, bindevæv og andet bløddelsvæv (DC45-DC49)</td></tr><tr><td>2</td><td style="white-space:nowrap">  unspecific<a name="SKSCodeCollection-unspecific"> </a></td><td>Kræft med dårligt specificerede, sekundære, ikke specificerede og ukendte lokalisationer (DC76-DC80+DD37-DD48)</td><td>Kræft med dårligt specificerede, sekundære, ikke specificerede og ukendte lokalisationer (DC76-DC80+DD37-DD48)</td></tr><tr><td>2</td><td style="white-space:nowrap">  other_cancer_diseases<a name="SKSCodeCollection-other_cancer_diseases"> </a></td><td>Ikke-kræft sygdomme</td><td>Ikke-kræft sygdomme</td></tr><tr><td>1</td><td style="white-space:nowrap">non_cancer_diseases<a name="SKSCodeCollection-non_cancer_diseases"> </a></td><td>Ikke kræft</td><td>Ikke kræft</td></tr><tr><td>2</td><td style="white-space:nowrap">  heart_vessel<a name="SKSCodeCollection-heart_vessel"> </a></td><td>Hjertekar sygdom (DI00-DI52+DI70-DI99)</td><td>Hjertekar sygdom (DI00-DI52+DI70-DI99)</td></tr><tr><td>2</td><td style="white-space:nowrap">  neurological<a name="SKSCodeCollection-neurological"> </a></td><td>Neurologisk sygdom (ikke apopleksi) (DI64-DI69+DG00-DG99+DF00-DF03)</td><td>Neurologisk sygdom (ikke apopleksi) (DI64-DI69+DG00-DG99+DF00-DF03)</td></tr><tr><td>2</td><td style="white-space:nowrap">  apoplexia<a name="SKSCodeCollection-apoplexia"> </a></td><td>Apopleksi (cerebral thrombose/hæmorrhagi) (DI60-DI63)</td><td>Apopleksi (cerebral thrombose/hæmorrhagi) (DI60-DI63)</td></tr><tr><td>2</td><td style="white-space:nowrap">  lung<a name="SKSCodeCollection-lung"> </a></td><td>Lungesygdomme (DJ00-DJ99+DE84)</td><td>Lungesygdomme (DJ00-DJ99+DE84)</td></tr><tr><td>2</td><td style="white-space:nowrap">  kidney<a name="SKSCodeCollection-kidney"> </a></td><td>Nyresygdomme (DN00-DN29)</td><td>Nyresygdomme (DN00-DN29)</td></tr></table></div></text><url value="https://kip.rkkp.dk/fhir/CodeSystem/SKSCodeCollection"/><identifier><system value="urn:ietf:rfc:3986"/><value value="urn:oid:1.2.208.176.2.4"/></identifier><version value="0.1.8"/><name value="SKSCodeCollection"/><title value="Sundhedsvæsenets klassifikationssystem (SKS) - Samlinger af koder"/><status value="active"/><date value="2022-06-07T00:00:00+02:00"/><publisher value="Sundhedsvæsnets Kvalistetsinstitut with Trifork Digital Health A/S"/><contact><name value="Sundhedsvæsnets Kvalistetsinstitut with Trifork Digital Health A/S"/><telecom><system value="url"/><value value="https://trifork.com"/></telecom><telecom><system value="email"/><value value="rbk@trifork.com"/></telecom></contact><description value="Sundhedsvæsenets klassifikationssystem (SKS) - Udvalgte samlinger af koder i RKKP. Link: urn:oid:1.2.208.176.2.4"/><content value="fragment"/><concept><code value="cancer_diseases"/><display value="Kræft sygdomme"/><definition value="Kræft sygdomme"/><concept><code value="lips_mouth_throat"/><display value="Kræft i læber, mundhule og svælg (DC00-DC14)"/><definition value="Kræft i læber, mundhule og svælg (DC00-DC14)"/></concept><concept><code value="colon_rectum"/><display value="Kræft i tyktarm og endetarm (DC18-DC20)"/><definition value="Kræft i tyktarm og endetarm (DC18-DC20)"/></concept><concept><code value="trachea_bronchi_lung"/><display value="Kræft i luftrøret og bronkier og lunge (DC33-DC34)"/><definition value="Kræft i luftrøret og bronkier og lunge (DC33-DC34)"/></concept><concept><code value="uterus"/><display value="Kræft i livmoderen (inkl. uspecifik) (DC54-DC55)"/><definition value="Kræft i livmoderen (inkl. uspecifik) (DC54-DC55)"/></concept><concept><code value="ovary_fallopian_tube"/><display value="Kræft i æggestok og æggeleder (DC56+DC570-DC574)"/><definition value="Kræft i æggestok og æggeleder (DC56+DC570-DC574)"/></concept><concept><code value="kidney_pelvis_ureter"/><display value="Kræft i nyre, nyrebækken og urinleder (DC64-DC66)"/><definition value="Kræft i nyre, nyrebækken og urinleder (DC64-DC66)"/></concept><concept><code value="central_nervous_system"/><display value="Kræft i centralnervesystem (DC70-DC72+DC751-DC753)"/><definition value="Kræft i centralnervesystem (DC70-DC72+DC751-DC753)"/></concept><concept><code value="non_hodgkin"/><display value="Non-hodgkin malignt lymform (DC82-DC85)"/><definition value="Non-hodking malignt lymform (DC82-DC85)"/></concept><concept><code value="leukemia"/><display value="Leukæmi (DC91-DC95)"/><definition value="Leukæmi (DC91-DC95)"/></concept><concept><code value="mesotel_tissue"/><display value="Kræft i mesotel, bindevæv og andet bløddelsvæv (DC45-DC49)"/><definition value="Kræft i mesotel, bindevæv og andet bløddelsvæv (DC45-DC49)"/></concept><concept><code value="unspecific"/><display value="Kræft med dårligt specificerede, sekundære, ikke specificerede og ukendte lokalisationer (DC76-DC80+DD37-DD48)"/><definition value="Kræft med dårligt specificerede, sekundære, ikke specificerede og ukendte lokalisationer (DC76-DC80+DD37-DD48)"/></concept><concept><code value="other_cancer_diseases"/><display value="Ikke-kræft sygdomme"/><definition value="Ikke-kræft sygdomme"/></concept></concept><concept><code value="non_cancer_diseases"/><display value="Ikke kræft"/><definition value="Ikke kræft"/><concept><code value="heart_vessel"/><display value="Hjertekar sygdom (DI00-DI52+DI70-DI99)"/><definition value="Hjertekar sygdom (DI00-DI52+DI70-DI99)"/></concept><concept><code value="neurological"/><display value="Neurologisk sygdom (ikke apopleksi) (DI64-DI69+DG00-DG99+DF00-DF03)"/><definition value="Neurologisk sygdom (ikke apopleksi) (DI64-DI69+DG00-DG99+DF00-DF03)"/></concept><concept><code value="apoplexia"/><display value="Apopleksi (cerebral thrombose/hæmorrhagi) (DI60-DI63)"/><definition value="Apopleksi (cerebral thrombose/hæmorrhagi) (DI60-DI63)"/></concept><concept><code value="lung"/><display value="Lungesygdomme (DJ00-DJ99+DE84)"/><definition value="Lungesygdomme (DJ00-DJ99+DE84)"/></concept><concept><code value="kidney"/><display value="Nyresygdomme (DN00-DN29)"/><definition value="Nyresygdomme (DN00-DN29)"/></concept></concept></CodeSystem>