<?xml version="1.0" encoding="UTF-8"?><CodeSystem xmlns="http://hl7.org/fhir"><id value="BleedingStroke"/><text><status value="generated"/><div xmlns="http://www.w3.org/1999/xhtml"><p class="res-header-id"><b>Generated Narrative: CodeSystem BleedingStroke</b></p><a name="BleedingStroke"> </a><a name="hcBleedingStroke"> </a><a name="BleedingStroke-en-US"> </a><p>This case-insensitive code system <code>https://kip.rkkp.dk/fhir/CodeSystem/BleedingStroke</code> defines the following codes:</p><table class="codes"><tr><td style="white-space:nowrap"><b>Code</b></td><td><b>Display</b></td><td><b>Definition</b></td></tr><tr><td style="white-space:nowrap">hi_1<a name="BleedingStroke-hi_1"> </a></td><td>HI 1</td><td>HI 1</td></tr><tr><td style="white-space:nowrap">hi_2<a name="BleedingStroke-hi_2"> </a></td><td>HI 2</td><td>HI 2</td></tr><tr><td style="white-space:nowrap">ph_1<a name="BleedingStroke-ph_1"> </a></td><td>PH 1</td><td>PH 1</td></tr><tr><td style="white-space:nowrap">ph_2<a name="BleedingStroke-ph_2"> </a></td><td>PH 2</td><td>PH 2</td></tr><tr><td style="white-space:nowrap">phr_1<a name="BleedingStroke-phr_1"> </a></td><td>PHr 1</td><td>PHr 1</td></tr><tr><td style="white-space:nowrap">phr_2<a name="BleedingStroke-phr_2"> </a></td><td>PHr 2</td><td>PHr 2</td></tr></table></div></text><url value="https://kip.rkkp.dk/fhir/CodeSystem/BleedingStroke"/><version value="0.1.8"/><name value="BleedingStroke"/><title value="Bleeding - Stroke"/><status value="active"/><date value="2022-09-01T00:00:00+02:00"/><publisher value="Sundhedsvæsnets Kvalistetsinstitut with Trifork Digital Health A/S"/><contact><name value="Sundhedsvæsnets Kvalistetsinstitut with Trifork Digital Health A/S"/><telecom><system value="url"/><value value="https://trifork.com"/></telecom><telecom><system value="email"/><value value="rbk@trifork.com"/></telecom></contact><description value="Bleeding - Stroke"/><caseSensitive value="false"/><content value="complete"/><count value="6"/><concept><code value="hi_1"/><display value="HI 1"/><definition value="HI 1"/></concept><concept><code value="hi_2"/><display value="HI 2"/><definition value="HI 2"/></concept><concept><code value="ph_1"/><display value="PH 1"/><definition value="PH 1"/></concept><concept><code value="ph_2"/><display value="PH 2"/><definition value="PH 2"/></concept><concept><code value="phr_1"/><display value="PHr 1"/><definition value="PHr 1"/></concept><concept><code value="phr_2"/><display value="PHr 2"/><definition value="PHr 2"/></concept></CodeSystem>