<?xml version="1.0" encoding="UTF-8"?><CodeSystem xmlns="http://hl7.org/fhir"><id value="MedicalScanningTypes"/><text><status value="generated"/><div xmlns="http://www.w3.org/1999/xhtml"><p class="res-header-id"><b>Generated Narrative: CodeSystem MedicalScanningTypes</b></p><a name="MedicalScanningTypes"> </a><a name="hcMedicalScanningTypes"> </a><a name="MedicalScanningTypes-en-US"> </a><p>This case-insensitive code system <code>https://kip.rkkp.dk/fhir/CodeSystem/MedicalScanningTypes</code> provides <b>a fragment</b> that includes following codes:</p><table class="codes"><tr><td style="white-space:nowrap"><b>Code</b></td><td><b>Display</b></td><td><b>Definition</b></td></tr><tr><td style="white-space:nowrap">ct<a name="MedicalScanningTypes-ct"> </a></td><td>CT</td><td>Computed tomography (CT)</td></tr><tr><td style="white-space:nowrap">mri<a name="MedicalScanningTypes-mri"> </a></td><td>MRI</td><td>Magnetic Resonance imaging (MRI)</td></tr><tr><td style="white-space:nowrap">pet<a name="MedicalScanningTypes-pet"> </a></td><td>PET</td><td>Positron emission tomography (PET)</td></tr><tr><td style="white-space:nowrap">x-ray<a name="MedicalScanningTypes-x-ray"> </a></td><td>X-ray</td><td>X-ray / Røntgen</td></tr><tr><td style="white-space:nowrap">radiology<a name="MedicalScanningTypes-radiology"> </a></td><td>Radiology</td><td>Radiology (x-ray)</td></tr><tr><td style="white-space:nowrap">ultrasound<a name="MedicalScanningTypes-ultrasound"> </a></td><td>Ultrasound</td><td>Medical ultrasound</td></tr><tr><td style="white-space:nowrap">scintigraphy<a name="MedicalScanningTypes-scintigraphy"> </a></td><td>Scintigraphy</td><td>Scintigraphy</td></tr><tr><td style="white-space:nowrap">dexa<a name="MedicalScanningTypes-dexa"> </a></td><td>DEXA/DXA</td><td>Dual-emission X-ray absorptiometry (DEXA/DXA)</td></tr><tr><td style="white-space:nowrap">ct_angio<a name="MedicalScanningTypes-ct_angio"> </a></td><td>CT angio</td><td>CT angio</td></tr><tr><td style="white-space:nowrap">mri_angio<a name="MedicalScanningTypes-mri_angio"> </a></td><td>MR angio</td><td>MR angio</td></tr></table></div></text><url value="https://kip.rkkp.dk/fhir/CodeSystem/MedicalScanningTypes"/><version value="0.1.8"/><name value="MedicalScanningTypes"/><title value="Medical scanning types"/><status value="active"/><date value="2022-06-27T00:00:00+02:00"/><publisher value="Sundhedsvæsnets Kvalistetsinstitut with Trifork Digital Health A/S"/><contact><name value="Sundhedsvæsnets Kvalistetsinstitut with Trifork Digital Health A/S"/><telecom><system value="url"/><value value="https://trifork.com"/></telecom><telecom><system value="email"/><value value="rbk@trifork.com"/></telecom></contact><description value="Medical scanning types"/><caseSensitive value="false"/><content value="fragment"/><concept><code value="ct"/><display value="CT"/><definition value="Computed tomography (CT)"/></concept><concept><code value="mri"/><display value="MRI"/><definition value="Magnetic Resonance imaging (MRI)"/></concept><concept><code value="pet"/><display value="PET"/><definition value="Positron emission tomography (PET)"/></concept><concept><code value="x-ray"/><display value="X-ray"/><definition value="X-ray / Røntgen"/></concept><concept><code value="radiology"/><display value="Radiology"/><definition value="Radiology (x-ray)"/></concept><concept><code value="ultrasound"/><display value="Ultrasound"/><definition value="Medical ultrasound"/></concept><concept><code value="scintigraphy"/><display value="Scintigraphy"/><definition value="Scintigraphy"/></concept><concept><code value="dexa"/><display value="DEXA/DXA"/><definition value="Dual-emission X-ray absorptiometry (DEXA/DXA)"/></concept><concept><code value="ct_angio"/><display value="CT angio"/><definition value="CT angio"/></concept><concept><code value="mri_angio"/><display value="MR angio"/><definition value="MR angio"/></concept></CodeSystem>