<?xml version="1.0" encoding="UTF-8"?><CodeSystem xmlns="http://hl7.org/fhir"><id value="PTNMType"/><text><status value="generated"/><div xmlns="http://www.w3.org/1999/xhtml"><p class="res-header-id"><b>Generated Narrative: CodeSystem PTNMType</b></p><a name="PTNMType"> </a><a name="hcPTNMType"> </a><a name="PTNMType-en-US"> </a><p>This  code system <code>https://kip.rkkp.dk/fhir/CodeSystem/PTNMType</code> defines the following codes:</p><table class="codes"><tr><td style="white-space:nowrap"><b>Code</b></td><td><b>Display</b></td><td><b>Definition</b></td></tr><tr><td style="white-space:nowrap">ptnm<a name="PTNMType-ptnm"> </a></td><td>pTNM</td><td>pTNM</td></tr><tr><td style="white-space:nowrap">yptnm<a name="PTNMType-yptnm"> </a></td><td>ypTNM</td><td>ypTNM</td></tr></table></div></text><url value="https://kip.rkkp.dk/fhir/CodeSystem/PTNMType"/><version value="0.1.8"/><name value="PTNMType"/><title value="Type af pTNM"/><status value="active"/><date value="2022-06-07T00:00:00+02:00"/><publisher value="Sundhedsvæsnets Kvalistetsinstitut with Trifork Digital Health A/S"/><contact><name value="Sundhedsvæsnets Kvalistetsinstitut with Trifork Digital Health A/S"/><telecom><system value="url"/><value value="https://trifork.com"/></telecom><telecom><system value="email"/><value value="rbk@trifork.com"/></telecom></contact><description value="Type af pTNM"/><content value="complete"/><count value="2"/><concept><code value="ptnm"/><display value="pTNM"/><definition value="pTNM"/></concept><concept><code value="yptnm"/><display value="ypTNM"/><definition value="ypTNM"/></concept></CodeSystem>