<?xml version="1.0" encoding="UTF-8"?><CodeSystem xmlns="http://hl7.org/fhir"><id value="HarrisHipScoreSupport"/><text><status value="generated"/><div xmlns="http://www.w3.org/1999/xhtml"><p class="res-header-id"><b>Generated Narrative: CodeSystem HarrisHipScoreSupport</b></p><a name="HarrisHipScoreSupport"> </a><a name="hcHarrisHipScoreSupport"> </a><a name="HarrisHipScoreSupport-en-US"> </a><p>This case-insensitive code system <code>https://kip.rkkp.dk/fhir/CodeSystem/HarrisHipScoreSupport</code> defines the following codes:</p><table class="codes"><tr><td style="white-space:nowrap"><b>Code</b></td><td><b>Display</b></td><td><b>Definition</b></td></tr><tr><td style="white-space:nowrap">11<a name="HarrisHipScoreSupport-11"> </a></td><td>None</td><td>None (11)</td></tr><tr><td style="white-space:nowrap">7<a name="HarrisHipScoreSupport-7"> </a></td><td>Cane/Walking stick for long walks</td><td>Cane/Walking stick for long walks (7)</td></tr><tr><td style="white-space:nowrap">5<a name="HarrisHipScoreSupport-5"> </a></td><td>Cane/Walking stick most of the time</td><td>Cane/Walking stick most of the time (5)</td></tr><tr><td style="white-space:nowrap">3<a name="HarrisHipScoreSupport-3"> </a></td><td>One crutch</td><td>One crutch (3)</td></tr><tr><td style="white-space:nowrap">2<a name="HarrisHipScoreSupport-2"> </a></td><td>Two Canes/Walking sticks</td><td>Two Canes/Walking sticks (2)</td></tr><tr><td style="white-space:nowrap">0<a name="HarrisHipScoreSupport-0"> </a></td><td>Two crutches, walker or not able to walk</td><td>Two crutches, walker or not able to walk (0)</td></tr></table></div></text><url value="https://kip.rkkp.dk/fhir/CodeSystem/HarrisHipScoreSupport"/><version value="0.1.8"/><name value="HarrisHipScoreSupport"/><title value="Harris Hip Score (HHS) - Support"/><status value="active"/><date value="2022-07-06T00:00:00+02:00"/><publisher value="Sundhedsvæsnets Kvalistetsinstitut with Trifork Digital Health A/S"/><contact><name value="Sundhedsvæsnets Kvalistetsinstitut with Trifork Digital Health A/S"/><telecom><system value="url"/><value value="https://trifork.com"/></telecom><telecom><system value="email"/><value value="rbk@trifork.com"/></telecom></contact><description value="Harris Hip Score (HHS) - Support. Link: https://www.orthopaedicscore.com/scorepages/harris_hip_score.html"/><caseSensitive value="false"/><content value="complete"/><count value="6"/><concept><code value="11"/><display value="None"/><definition value="None (11)"/></concept><concept><code value="7"/><display value="Cane/Walking stick for long walks"/><definition value="Cane/Walking stick for long walks (7)"/></concept><concept><code value="5"/><display value="Cane/Walking stick most of the time"/><definition value="Cane/Walking stick most of the time (5)"/></concept><concept><code value="3"/><display value="One crutch"/><definition value="One crutch (3)"/></concept><concept><code value="2"/><display value="Two Canes/Walking sticks"/><definition value="Two Canes/Walking sticks (2)"/></concept><concept><code value="0"/><display value="Two crutches, walker or not able to walk"/><definition value="Two crutches, walker or not able to walk (0)"/></concept></CodeSystem>