<?xml version="1.0" encoding="UTF-8"?><CodeSystem xmlns="http://hl7.org/fhir"><id value="LaryngoskopiDegree"/><text><status value="generated"/><div xmlns="http://www.w3.org/1999/xhtml"><p class="res-header-id"><b>Generated Narrative: CodeSystem LaryngoskopiDegree</b></p><a name="LaryngoskopiDegree"> </a><a name="hcLaryngoskopiDegree"> </a><a name="LaryngoskopiDegree-en-US"> </a><p>This  code system <code>https://kip.rkkp.dk/fhir/CodeSystem/LaryngoskopiDegree</code> defines the following codes:</p><table class="codes"><tr><td style="white-space:nowrap"><b>Code</b></td><td><b>Display</b></td><td><b>Definition</b></td></tr><tr><td style="white-space:nowrap">degree1<a name="LaryngoskopiDegree-degree1"> </a></td><td>Grad 1:</td><td>Grad 1: Stemmebånd kan visualiseres i fuld længde</td></tr><tr><td style="white-space:nowrap">degree2<a name="LaryngoskopiDegree-degree2"> </a></td><td>Grad 2:</td><td>Grad 2: 1/3 af stemmebåndene kan visualiseres</td></tr><tr><td style="white-space:nowrap">degree3<a name="LaryngoskopiDegree-degree3"> </a></td><td>Grad 3:</td><td>Grad 3: Epiglottis men ikke stemmebånd kan visualiseres</td></tr><tr><td style="white-space:nowrap">degree4<a name="LaryngoskopiDegree-degree4"> </a></td><td>Grad 4:</td><td>Grad 4: Epiglottis kan ikke visualiseres</td></tr><tr><td style="white-space:nowrap">noattempt<a name="LaryngoskopiDegree-noattempt"> </a></td><td>Ikke forsøgt</td><td>Direkte laryngoskopi ikke forsøgt</td></tr></table></div></text><url value="https://kip.rkkp.dk/fhir/CodeSystem/LaryngoskopiDegree"/><version value="0.1.8"/><name value="LaryngoskopiDegree"/><title value="Laryngoskopi grad"/><status value="active"/><date value="2022-06-09T00:00:00+02:00"/><publisher value="Sundhedsvæsnets Kvalistetsinstitut with Trifork Digital Health A/S"/><contact><name value="Sundhedsvæsnets Kvalistetsinstitut with Trifork Digital Health A/S"/><telecom><system value="url"/><value value="https://trifork.com"/></telecom><telecom><system value="email"/><value value="rbk@trifork.com"/></telecom></contact><description value="Bedst opnåede laryngoskopigrad ved  direkte laryngoskopi efter Cormack &amp; Lehane"/><content value="complete"/><count value="5"/><concept><code value="degree1"/><display value="Grad 1:"/><definition value="Grad 1: Stemmebånd kan visualiseres i fuld længde"/></concept><concept><code value="degree2"/><display value="Grad 2:"/><definition value="Grad 2: 1/3 af stemmebåndene kan visualiseres"/></concept><concept><code value="degree3"/><display value="Grad 3:"/><definition value="Grad 3: Epiglottis men ikke stemmebånd kan visualiseres"/></concept><concept><code value="degree4"/><display value="Grad 4:"/><definition value="Grad 4: Epiglottis kan ikke visualiseres"/></concept><concept><code value="noattempt"/><display value="Ikke forsøgt"/><definition value="Direkte laryngoskopi ikke forsøgt"/></concept></CodeSystem>