<?xml version="1.0" encoding="UTF-8"?><CodeSystem xmlns="http://hl7.org/fhir"><id value="SmerteKvalme"/><text><status value="generated"/><div xmlns="http://www.w3.org/1999/xhtml"><p class="res-header-id"><b>Generated Narrative: CodeSystem SmerteKvalme</b></p><a name="SmerteKvalme"> </a><a name="hcSmerteKvalme"> </a><a name="SmerteKvalme-en-US"> </a><p>This  code system <code>https://kip.rkkp.dk/fhir/CodeSystem/SmerteKvalme</code> defines the following codes:</p><table class="codes"><tr><td style="white-space:nowrap"><b>Code</b></td><td><b>Definition</b></td></tr><tr><td style="white-space:nowrap">0<a name="SmerteKvalme-0"> </a></td><td>0</td></tr><tr><td style="white-space:nowrap">1<a name="SmerteKvalme-1"> </a></td><td>1</td></tr><tr><td style="white-space:nowrap">2<a name="SmerteKvalme-2"> </a></td><td>2</td></tr><tr><td style="white-space:nowrap">3<a name="SmerteKvalme-3"> </a></td><td>3</td></tr></table></div></text><url value="https://kip.rkkp.dk/fhir/CodeSystem/SmerteKvalme"/><version value="0.1.8"/><name value="SmerteKvalme"/><title value="Smerter og kvalme"/><status value="active"/><date value="2022-06-14T00:00:00+02:00"/><publisher value="Sundhedsvæsnets Kvalistetsinstitut with Trifork Digital Health A/S"/><contact><name value="Sundhedsvæsnets Kvalistetsinstitut with Trifork Digital Health A/S"/><telecom><system value="url"/><value value="https://trifork.com"/></telecom><telecom><system value="email"/><value value="rbk@trifork.com"/></telecom></contact><description value="Smerter og kvalme målt i forskellige situationer"/><content value="complete"/><count value="4"/><concept><code value="0"/><display value="0"/><definition value="0"/></concept><concept><code value="1"/><display value="1"/><definition value="1"/></concept><concept><code value="2"/><display value="2"/><definition value="2"/></concept><concept><code value="3"/><display value="3"/><definition value="3"/></concept></CodeSystem>