<?xml version="1.0" encoding="UTF-8"?><CodeSystem xmlns="http://hl7.org/fhir"><id value="ContactPlace"/><text><status value="generated"/><div xmlns="http://www.w3.org/1999/xhtml"><p class="res-header-id"><b>Generated Narrative: CodeSystem ContactPlace</b></p><a name="ContactPlace"> </a><a name="hcContactPlace"> </a><a name="ContactPlace-en-US"> </a><p>This case-insensitive code system <code>https://kip.rkkp.dk/fhir/CodeSystem/ContactPlace</code> defines the following codes:</p><table class="codes"><tr><td style="white-space:nowrap"><b>Code</b></td><td><b>Display</b></td><td><b>Definition</b></td></tr><tr><td style="white-space:nowrap">outpatient_clinic<a name="ContactPlace-outpatient_clinic"> </a></td><td>Outpatient clinic</td><td>Outpatient clinic / Ambulatorium</td></tr><tr><td style="white-space:nowrap">home_visit<a name="ContactPlace-home_visit"> </a></td><td>Home visit</td><td>Home visit / Hjemmebesøg / SNOMED-CT: 439708006</td></tr><tr><td style="white-space:nowrap">oversight<a name="ContactPlace-oversight"> </a></td><td>Oversight</td><td>Oversight on another department / Tilsyn anden afdeling uden samtidig tilknytning af patienten til det palliative team</td></tr><tr><td style="white-space:nowrap">oversight_palliative<a name="ContactPlace-oversight_palliative"> </a></td><td>Oversight (Palliative)</td><td>Oversight on another department (Palliative) / Tilsyn anden afdeling med samtidig tilknytning af patienten til det palliative team</td></tr></table></div></text><url value="https://kip.rkkp.dk/fhir/CodeSystem/ContactPlace"/><version value="0.1.8"/><name value="ContactPlace"/><title value="Contact; Place of contact"/><status value="active"/><date value="2022-08-23T00:00:00+02:00"/><publisher value="Sundhedsvæsnets Kvalistetsinstitut with Trifork Digital Health A/S"/><contact><name value="Sundhedsvæsnets Kvalistetsinstitut with Trifork Digital Health A/S"/><telecom><system value="url"/><value value="https://trifork.com"/></telecom><telecom><system value="email"/><value value="rbk@trifork.com"/></telecom></contact><description value="Contact; Place of contact"/><caseSensitive value="false"/><content value="complete"/><count value="4"/><concept><code value="outpatient_clinic"/><display value="Outpatient clinic"/><definition value="Outpatient clinic / Ambulatorium"/></concept><concept><code value="home_visit"/><display value="Home visit"/><definition value="Home visit / Hjemmebesøg / SNOMED-CT: 439708006"/></concept><concept><code value="oversight"/><display value="Oversight"/><definition value="Oversight on another department / Tilsyn anden afdeling uden samtidig tilknytning af patienten til det palliative team"/></concept><concept><code value="oversight_palliative"/><display value="Oversight (Palliative)"/><definition value="Oversight on another department (Palliative) / Tilsyn anden afdeling med samtidig tilknytning af patienten til det palliative team"/></concept></CodeSystem>