<?xml version="1.0" encoding="UTF-8"?><CodeSystem xmlns="http://hl7.org/fhir"><id value="CancerInvestigation"/><text><status value="generated"/><div xmlns="http://www.w3.org/1999/xhtml"><p class="res-header-id"><b>Generated Narrative: CodeSystem CancerInvestigation</b></p><a name="CancerInvestigation"> </a><a name="hcCancerInvestigation"> </a><a name="CancerInvestigation-en-US"> </a><p>This  code system <code>https://kip.rkkp.dk/fhir/CodeSystem/CancerInvestigation</code> defines the following codes in an undefined hierarchy:</p><table class="codes"><tr><td><b>Lvl</b></td><td style="white-space:nowrap"><b>Code</b></td><td><b>Display</b></td><td><b>Definition</b></td></tr><tr><td>1</td><td style="white-space:nowrap">eus<a name="CancerInvestigation-eus"> </a></td><td>EUS</td><td>EUS</td></tr><tr><td>1</td><td style="white-space:nowrap">lap/lus<a name="CancerInvestigation-lap.47lus"> </a></td><td>Lap/LUS</td><td>Lap/LUS</td></tr><tr><td>1</td><td style="white-space:nowrap">ct<a name="CancerInvestigation-ct"> </a></td><td>CT</td><td>CT</td></tr><tr><td>1</td><td style="white-space:nowrap">pet/ct<a name="CancerInvestigation-pet.47ct"> </a></td><td>PET/CT</td><td>PET/CT</td></tr><tr><td>1</td><td style="white-space:nowrap">mr<a name="CancerInvestigation-mr"> </a></td><td>MR</td><td>MR</td></tr><tr><td>1</td><td style="white-space:nowrap">us<a name="CancerInvestigation-us"> </a></td><td>UL</td><td>UL</td></tr><tr><td>2</td><td style="white-space:nowrap">  abdomen<a name="CancerInvestigation-abdomen"> </a></td><td>UL abdomen</td><td>UL abdomen</td></tr><tr><td>2</td><td style="white-space:nowrap">  neck<a name="CancerInvestigation-neck"> </a></td><td>UL hals</td><td>UL hals</td></tr><tr><td>1</td><td style="white-space:nowrap">ebus<a name="CancerInvestigation-ebus"> </a></td><td>EBUS</td><td>EBUS</td></tr><tr><td>1</td><td style="white-space:nowrap">other<a name="CancerInvestigation-other"> </a></td><td>Øvrige</td><td>Øvrige</td></tr></table></div></text><url value="https://kip.rkkp.dk/fhir/CodeSystem/CancerInvestigation"/><version value="0.1.8"/><name value="CancerInvestigation"/><title value="Cancer investigation"/><status value="active"/><date value="2022-05-31T00:00:00+02:00"/><publisher value="Sundhedsvæsnets Kvalistetsinstitut with Trifork Digital Health A/S"/><contact><name value="Sundhedsvæsnets Kvalistetsinstitut with Trifork Digital Health A/S"/><telecom><system value="url"/><value value="https://trifork.com"/></telecom><telecom><system value="email"/><value value="rbk@trifork.com"/></telecom></contact><description value="Udredning for cancerpatienter for cancerpatienter."/><content value="complete"/><count value="10"/><concept><code value="eus"/><display value="EUS"/><definition value="EUS"/></concept><concept><code value="lap/lus"/><display value="Lap/LUS"/><definition value="Lap/LUS"/></concept><concept><code value="ct"/><display value="CT"/><definition value="CT"/></concept><concept><code value="pet/ct"/><display value="PET/CT"/><definition value="PET/CT"/></concept><concept><code value="mr"/><display value="MR"/><definition value="MR"/></concept><concept><code value="us"/><display value="UL"/><definition value="UL"/><concept><code value="abdomen"/><display value="UL abdomen"/><definition value="UL abdomen"/></concept><concept><code value="neck"/><display value="UL hals"/><definition value="UL hals"/></concept></concept><concept><code value="ebus"/><display value="EBUS"/><definition value="EBUS"/></concept><concept><code value="other"/><display value="Øvrige"/><definition value="Øvrige"/></concept></CodeSystem>