<?xml version="1.0" encoding="UTF-8"?><CodeSystem xmlns="http://hl7.org/fhir"><id value="WFNSGradingSystem"/><text><status value="generated"/><div xmlns="http://www.w3.org/1999/xhtml"><p class="res-header-id"><b>Generated Narrative: CodeSystem WFNSGradingSystem</b></p><a name="WFNSGradingSystem"> </a><a name="hcWFNSGradingSystem"> </a><a name="WFNSGradingSystem-en-US"> </a><p>This  code system <code>https://kip.rkkp.dk/fhir/CodeSystem/WFNSGradingSystem</code> defines the following codes:</p><table class="codes"><tr><td style="white-space:nowrap"><b>Code</b></td><td><b>Display</b></td><td><b>Definition</b></td></tr><tr><td style="white-space:nowrap">grade1<a name="WFNSGradingSystem-grade1"> </a></td><td>GCS 15</td><td>GCS 15, no motor deficit</td></tr><tr><td style="white-space:nowrap">grade2<a name="WFNSGradingSystem-grade2"> </a></td><td>GCS 13-14</td><td>GCS 13-14 without deficit</td></tr><tr><td style="white-space:nowrap">grade3<a name="WFNSGradingSystem-grade3"> </a></td><td>GCS 13-14</td><td>GCS 13-14 with focal neurological deficit</td></tr><tr><td style="white-space:nowrap">grade4<a name="WFNSGradingSystem-grade4"> </a></td><td>GCS 7-12</td><td>GCS 7-12, with or without deficit</td></tr><tr><td style="white-space:nowrap">grade5<a name="WFNSGradingSystem-grade5"> </a></td><td>GCS &lt;7</td><td>GCS &lt;7 , with or without deficit</td></tr></table></div></text><url value="https://kip.rkkp.dk/fhir/CodeSystem/WFNSGradingSystem"/><version value="0.1.8"/><name value="WFNSGradingSystem"/><title value="WFNS grading system"/><status value="active"/><date value="2022-06-28T00:00:00+02:00"/><publisher value="Sundhedsvæsnets Kvalistetsinstitut with Trifork Digital Health A/S"/><contact><name value="Sundhedsvæsnets Kvalistetsinstitut with Trifork Digital Health A/S"/><telecom><system value="url"/><value value="https://trifork.com"/></telecom><telecom><system value="email"/><value value="rbk@trifork.com"/></telecom></contact><description value="World Federation of Neurosurgical Societies (WFNS) grading system; Link: https://radiopaedia.org/articles/wfns-grading-system"/><content value="complete"/><count value="5"/><concept><code value="grade1"/><display value="GCS 15"/><definition value="GCS 15, no motor deficit"/></concept><concept><code value="grade2"/><display value="GCS 13-14"/><definition value="GCS 13-14 without deficit"/></concept><concept><code value="grade3"/><display value="GCS 13-14"/><definition value="GCS 13-14 with focal neurological deficit"/></concept><concept><code value="grade4"/><display value="GCS 7-12"/><definition value="GCS 7-12, with or without deficit"/></concept><concept><code value="grade5"/><display value="GCS &lt;7"/><definition value="GCS &lt;7 , with or without deficit"/></concept></CodeSystem>