<?xml version="1.0" encoding="UTF-8"?><CodeSystem xmlns="http://hl7.org/fhir"><id value="TreatmentCause"/><text><status value="generated"/><div xmlns="http://www.w3.org/1999/xhtml"><p class="res-header-id"><b>Generated Narrative: CodeSystem TreatmentCause</b></p><a name="TreatmentCause"> </a><a name="hcTreatmentCause"> </a><a name="TreatmentCause-en-US"> </a><p>This  code system <code>https://kip.rkkp.dk/fhir/CodeSystem/TreatmentCause</code> defines the following codes:</p><table class="codes"><tr><td style="white-space:nowrap"><b>Code</b></td><td><b>Display</b></td><td><b>Definition</b></td></tr><tr><td style="white-space:nowrap">toxicity<a name="TreatmentCause-toxicity"> </a></td><td>Toxicity</td><td>Toxicity / Toksicitet SNOMED-CT: 75478009</td></tr><tr><td style="white-space:nowrap">insufficient_response<a name="TreatmentCause-insufficient_response"> </a></td><td>Insufficient response</td><td>Insufficient response / Utilstrækkelige repons</td></tr></table></div></text><url value="https://kip.rkkp.dk/fhir/CodeSystem/TreatmentCause"/><version value="0.1.8"/><name value="TreatmentCause"/><title value="Treatment cause - unplanned"/><status value="active"/><date value="2022-06-29T00:00:00+02:00"/><publisher value="Sundhedsvæsnets Kvalistetsinstitut with Trifork Digital Health A/S"/><contact><name value="Sundhedsvæsnets Kvalistetsinstitut with Trifork Digital Health A/S"/><telecom><system value="url"/><value value="https://trifork.com"/></telecom><telecom><system value="email"/><value value="rbk@trifork.com"/></telecom></contact><description value="Treatment cause - unplanned"/><content value="complete"/><count value="2"/><concept><code value="toxicity"/><display value="Toxicity"/><definition value="Toxicity / Toksicitet SNOMED-CT: 75478009"/></concept><concept><code value="insufficient_response"/><display value="Insufficient response"/><definition value="Insufficient response / Utilstrækkelige repons"/></concept></CodeSystem>