<?xml version="1.0" encoding="UTF-8"?><CodeSystem xmlns="http://hl7.org/fhir"><id value="MaritalStatus"/><text><status value="generated"/><div xmlns="http://www.w3.org/1999/xhtml"><p class="res-header-id"><b>Generated Narrative: CodeSystem MaritalStatus</b></p><a name="MaritalStatus"> </a><a name="hcMaritalStatus"> </a><a name="MaritalStatus-en-US"> </a><p>This case-insensitive code system <code>https://kip.rkkp.dk/fhir/CodeSystem/MaritalStatus</code> defines the following codes:</p><table class="codes"><tr><td style="white-space:nowrap"><b>Code</b></td><td><b>Display</b></td><td><b>Definition</b></td></tr><tr><td style="white-space:nowrap">unmarried<a name="MaritalStatus-unmarried"> </a></td><td>Ugift</td><td>Ugift</td></tr><tr><td style="white-space:nowrap">married<a name="MaritalStatus-married"> </a></td><td>Gift</td><td>Gift</td></tr><tr><td style="white-space:nowrap">married_child<a name="MaritalStatus-married_child"> </a></td><td>Gift med børn</td><td>Gift med børn</td></tr><tr><td style="white-space:nowrap">widowhood<a name="MaritalStatus-widowhood"> </a></td><td>Enkestand</td><td>Enkestand</td></tr><tr><td style="white-space:nowrap">divorced<a name="MaritalStatus-divorced"> </a></td><td>Fraskilt</td><td>Fraskilt</td></tr><tr><td style="white-space:nowrap">cohabitant<a name="MaritalStatus-cohabitant"> </a></td><td>Samboende</td><td>Samboende</td></tr><tr><td style="white-space:nowrap">livingalone<a name="MaritalStatus-livingalone"> </a></td><td>Bor alene</td><td>Bor alene</td></tr><tr><td style="white-space:nowrap">livingalone_child<a name="MaritalStatus-livingalone_child"> </a></td><td>Bor alene med børn</td><td>Bor alene med børn</td></tr><tr><td style="white-space:nowrap">living_parents<a name="MaritalStatus-living_parents"> </a></td><td>Living with parents</td><td>Living with parents / Bor med forældre</td></tr><tr><td style="white-space:nowrap">other<a name="MaritalStatus-other"> </a></td><td>Andet</td><td>Andet</td></tr></table></div></text><url value="https://kip.rkkp.dk/fhir/CodeSystem/MaritalStatus"/><version value="0.1.8"/><name value="MaritalStatus"/><title value="Marital status / Living with others"/><status value="active"/><date value="2022-06-21T00:00:00+02:00"/><publisher value="Sundhedsvæsnets Kvalistetsinstitut with Trifork Digital Health A/S"/><contact><name value="Sundhedsvæsnets Kvalistetsinstitut with Trifork Digital Health A/S"/><telecom><system value="url"/><value value="https://trifork.com"/></telecom><telecom><system value="email"/><value value="rbk@trifork.com"/></telecom></contact><description value="Marital status / Living with others"/><caseSensitive value="false"/><content value="complete"/><count value="10"/><concept><code value="unmarried"/><display value="Ugift"/><definition value="Ugift"/></concept><concept><code value="married"/><display value="Gift"/><definition value="Gift"/></concept><concept><code value="married_child"/><display value="Gift med børn"/><definition value="Gift med børn"/></concept><concept><code value="widowhood"/><display value="Enkestand"/><definition value="Enkestand"/></concept><concept><code value="divorced"/><display value="Fraskilt"/><definition value="Fraskilt"/></concept><concept><code value="cohabitant"/><display value="Samboende"/><definition value="Samboende"/></concept><concept><code value="livingalone"/><display value="Bor alene"/><definition value="Bor alene"/></concept><concept><code value="livingalone_child"/><display value="Bor alene med børn"/><definition value="Bor alene med børn"/></concept><concept><code value="living_parents"/><display value="Living with parents"/><definition value="Living with parents / Bor med forældre"/></concept><concept><code value="other"/><display value="Andet"/><definition value="Andet"/></concept></CodeSystem>