<?xml version="1.0" encoding="UTF-8"?><ValueSet xmlns="http://hl7.org/fhir"><id value="AarsagTilProcedureDCCG"/><text><status value="extensions"/><div xmlns="http://www.w3.org/1999/xhtml"><p class="res-header-id"><b>Generated Narrative: ValueSet AarsagTilProcedureDCCG</b></p><a name="AarsagTilProcedureDCCG"> </a><a name="hcAarsagTilProcedureDCCG"> </a><a name="AarsagTilProcedureDCCG-en-US"> </a><p>This value set includes codes based on the following rules:</p><ul><li>Include these codes as defined in <a href="CodeSystem-ProcedureReasons.html"><code>https://kip.rkkp.dk/fhir/CodeSystem/ProcedureReasons</code></a><table class="none"><tr><td style="white-space:nowrap"><b>Code</b></td><td><b>Display</b></td><td><b>Definition</b></td></tr><tr><td><a href="CodeSystem-ProcedureReasons.html#ProcedureReasons-patients_wish">patients_wish</a></td><td>Patientønske</td><td>Patient's wish / Patientønske</td></tr><tr><td><a href="CodeSystem-ProcedureReasons.html#ProcedureReasons-non_resectable">non_resectable</a></td><td>Tumor ikke resektabel</td><td>Non resectable / Ikke resektabel</td></tr><tr><td><a href="CodeSystem-ProcedureReasons.html#ProcedureReasons-non_operable">non_operable</a></td><td>Patienten er non-operabel</td><td>Patienten er blevet non-operabel</td></tr><tr><td><a href="CodeSystem-ProcedureReasons.html#ProcedureReasons-disseminated_disease">disseminated_disease</a></td><td>Dissemineret tarmkræft</td><td>Disseminated disease / Dissemineret sygdom</td></tr></table></li><li>Include these codes as defined in <a href="CodeSystem-GenericValues.html"><code>https://kip.rkkp.dk/fhir/CodeSystem/GenericValues</code></a><table class="none"><tr><td style="white-space:nowrap"><b>Code</b></td><td><b>Display</b></td><td><b>Definition</b></td></tr><tr><td><a href="CodeSystem-GenericValues.html#GenericValues-other">other</a></td><td>Anden begrundelse</td><td>Other - used to choose unspecific value not in a valueset</td></tr></table></li></ul></div></text><url value="https://kip.rkkp.dk/fhir/ValueSet/AarsagTilProcedureDCCG"/><version value="0.1.8"/><name value="AarsagTilProcedureDCCG"/><title value="Årsag til anden/aflastende procedure colorectal cancer"/><status value="active"/><experimental value="true"/><date value="2022-10-04T00:00:00+02:00"/><publisher value="Sundhedsvæsnets Kvalistetsinstitut with Trifork Digital Health A/S"/><contact><name value="Sundhedsvæsnets Kvalistetsinstitut with Trifork Digital Health A/S"/><telecom><system value="url"/><value value="https://trifork.com"/></telecom><telecom><system value="email"/><value value="rbk@trifork.com"/></telecom></contact><description value="Årsag til anden/aflastende procedure colorectal cancer"/><compose><include><system value="https://kip.rkkp.dk/fhir/CodeSystem/ProcedureReasons"/><concept><code value="patients_wish"/><display value="Patientønske"/></concept><concept><code value="non_resectable"/><display value="Tumor ikke resektabel"/></concept><concept><code value="non_operable"/><display value="Patienten er non-operabel"/></concept><concept><code value="disseminated_disease"/><display value="Dissemineret tarmkræft"/></concept></include><include><system value="https://kip.rkkp.dk/fhir/CodeSystem/GenericValues"/><concept><code value="other"/><display value="Anden begrundelse"/></concept></include></compose></ValueSet>