<?xml version="1.0" encoding="UTF-8"?><ValueSet xmlns="http://hl7.org/fhir"><id value="OperationspaaklaedningDHR"/><text><status value="extensions"/><div xmlns="http://www.w3.org/1999/xhtml"><p class="res-header-id"><b>Generated Narrative: ValueSet OperationspaaklaedningDHR</b></p><a name="OperationspaaklaedningDHR"> </a><a name="hcOperationspaaklaedningDHR"> </a><a name="OperationspaaklaedningDHR-en-US"> </a><p>This value set includes codes based on the following rules:</p><ul><li>Include these codes as defined in <a href="CodeSystem-GenericValues.html"><code>https://kip.rkkp.dk/fhir/CodeSystem/GenericValues</code></a><table class="none"><tr><td style="white-space:nowrap"><b>Code</b></td><td><b>Display</b></td><td><b>Definition</b></td></tr><tr><td><a href="CodeSystem-GenericValues.html#GenericValues-none">none</a></td><td>Ingen hjelm</td><td>None - used to choose none of the available values</td></tr></table></li><li>Include these codes as defined in <a href="CodeSystem-SurgicalAttire.html"><code>https://kip.rkkp.dk/fhir/CodeSystem/SurgicalAttire</code></a><table class="none"><tr><td style="white-space:nowrap"><b>Code</b></td><td><b>Display</b></td><td><b>Definition</b></td></tr><tr><td><a href="CodeSystem-SurgicalAttire.html#SurgicalAttire-without_venting">without_venting</a></td><td>Hjelm u/udluftning</td><td>Helmet without venting</td></tr><tr><td><a href="CodeSystem-SurgicalAttire.html#SurgicalAttire-with_venting">with_venting</a></td><td>Hjelm m/udluftning</td><td>Helmet with venting</td></tr></table></li></ul></div></text><url value="https://kip.rkkp.dk/fhir/ValueSet/OperationspaaklaedningDHR"/><version value="0.1.8"/><name value="OperationspaaklaedningDHR"/><title value="Operationspåklædning [DHR]"/><status value="active"/><experimental value="true"/><date value="2022-07-06T00:00:00+02:00"/><publisher value="Sundhedsvæsnets Kvalistetsinstitut with Trifork Digital Health A/S"/><contact><name value="Sundhedsvæsnets Kvalistetsinstitut with Trifork Digital Health A/S"/><telecom><system value="url"/><value value="https://trifork.com"/></telecom><telecom><system value="email"/><value value="rbk@trifork.com"/></telecom></contact><description value="Operationspåklædning [DHR]"/><compose><include><system value="https://kip.rkkp.dk/fhir/CodeSystem/GenericValues"/><concept><code value="none"/><display value="Ingen hjelm"/></concept></include><include><system value="https://kip.rkkp.dk/fhir/CodeSystem/SurgicalAttire"/><concept><code value="without_venting"/><display value="Hjelm u/udluftning"/></concept><concept><code value="with_venting"/><display value="Hjelm m/udluftning"/></concept></include></compose></ValueSet>