<?xml version="1.0" encoding="UTF-8"?><ValueSet xmlns="http://hl7.org/fhir"><id value="SygdomsomraaderAlle"/><text><status value="extensions"/><div xmlns="http://www.w3.org/1999/xhtml"><p class="res-header-id"><b>Generated Narrative: ValueSet SygdomsomraaderAlle</b></p><a name="SygdomsomraaderAlle"> </a><a name="hcSygdomsomraaderAlle"> </a><a name="SygdomsomraaderAlle-en-US"> </a><ul><li>Include these codes as defined in <a href="CodeSystem-Sygdomsomraader.html"><code>https://kip.rkkp.dk/fhir/CodeSystem/Sygdomsomraader</code></a><table class="none"><tr><td style="white-space:nowrap"><b>Code</b></td><td><b>Display</b></td><td><b>Definition</b></td></tr><tr><td><a href="CodeSystem-Sygdomsomraader.html#Sygdomsomraader-ald">ald</a></td><td>ALD</td><td>Dansk Akut Leukæmi Database</td></tr><tr><td><a href="CodeSystem-Sygdomsomraader.html#Sygdomsomraader-cll">cll</a></td><td>CLL</td><td>Dansk Kronisk Lymfatisk Leukæmi Database</td></tr><tr><td><a href="CodeSystem-Sygdomsomraader.html#Sygdomsomraader-dad">dad</a></td><td>DAD</td><td>Dansk Anæstesi Database</td></tr><tr><td><a href="CodeSystem-Sygdomsomraader.html#Sygdomsomraader-damyda">damyda</a></td><td>DAMYDA</td><td>Dansk Myelomatose Database</td></tr><tr><td><a href="CodeSystem-Sygdomsomraader.html#Sygdomsomraader-danaks">danaks</a></td><td>DANAKS</td><td>Dansk Register for Akut Koronart Syndrom</td></tr><tr><td><a href="CodeSystem-Sygdomsomraader.html#Sygdomsomraader-danarrest">danarrest</a></td><td>DANARREST</td><td>DANARREST - Registrering af hjertestop på hospital</td></tr><tr><td><a href="CodeSystem-Sygdomsomraader.html#Sygdomsomraader-dandem">dandem</a></td><td>DANDEM</td><td>Dansk Klinisk Kvalitetsdatabase for Demens</td></tr><tr><td><a href="CodeSystem-Sygdomsomraader.html#Sygdomsomraader-danstroke">danstroke</a></td><td>DANSTROKE</td><td>Dansk Stroke Register</td></tr><tr><td><a href="CodeSystem-Sygdomsomraader.html#Sygdomsomraader-dccg">dccg</a></td><td>DCCG</td><td>Dansk Kolorektal Cancer Database</td></tr><tr><td><a href="CodeSystem-Sygdomsomraader.html#Sygdomsomraader-degc">degc</a></td><td>DEGC</td><td>Dansk EsophagoGastrisk Cancer Gruppe database</td></tr><tr><td><a href="CodeSystem-Sygdomsomraader.html#Sygdomsomraader-dhd">dhd</a></td><td>DHD</td><td>Dansk Hjertesvigts Database</td></tr><tr><td><a href="CodeSystem-Sygdomsomraader.html#Sygdomsomraader-dhdb">dhdb</a></td><td>DHDB</td><td>Dansk Hernie Database</td></tr><tr><td><a href="CodeSystem-Sygdomsomraader.html#Sygdomsomraader-dhr">dhr</a></td><td>DHR</td><td>Dansk Hoftealloplastik Register</td></tr><tr><td><a href="CodeSystem-Sygdomsomraader.html#Sygdomsomraader-dkr">dkr</a></td><td>DKR</td><td>Dansk Knæalloplastik Register</td></tr><tr><td><a href="CodeSystem-Sygdomsomraader.html#Sygdomsomraader-dkrr">dkrr</a></td><td>DKRR</td><td>Dansk Korsbåndsregister</td></tr><tr><td><a href="CodeSystem-Sygdomsomraader.html#Sygdomsomraader-dmpn">dmpn</a></td><td>DMPN</td><td>Dansk Database for Kroniske Myeloproliferative Neoplasier</td></tr><tr><td><a href="CodeSystem-Sygdomsomraader.html#Sygdomsomraader-dnsl">dnsl</a></td><td>DNSL</td><td>Dansk Nefrologisk Selskabs Landsregister</td></tr><tr><td><a href="CodeSystem-Sygdomsomraader.html#Sygdomsomraader-dpd">dpd</a></td><td>DPD</td><td>Dansk Palliativ Database</td></tr><tr><td><a href="CodeSystem-Sygdomsomraader.html#Sygdomsomraader-dsr">dsr</a></td><td>DSR</td><td>Dansk Skulderalloplastik Register</td></tr><tr><td><a href="CodeSystem-Sygdomsomraader.html#Sygdomsomraader-dts">dts</a></td><td>DTS</td><td>Dansk Tarmkræftscreeningsdataabase</td></tr><tr><td><a href="CodeSystem-Sygdomsomraader.html#Sygdomsomraader-duga">duga</a></td><td>DUGA</td><td>Dansk Urogynækologisk Database</td></tr><tr><td><a href="CodeSystem-Sygdomsomraader.html#Sygdomsomraader-hofter">hofter</a></td><td>HOFTER</td><td>Dansk Tværfagligt Register for Hoftenære Lårbensbrud</td></tr><tr><td><a href="CodeSystem-Sygdomsomraader.html#Sygdomsomraader-kar">kar</a></td><td>KAR</td><td>Landsregistret Karbase</td></tr><tr><td><a href="CodeSystem-Sygdomsomraader.html#Sygdomsomraader-lyfo">lyfo</a></td><td>LYFO</td><td>Dansk Lymfom Database</td></tr><tr><td><a href="CodeSystem-Sygdomsomraader.html#Sygdomsomraader-mds">mds</a></td><td>MDS</td><td>Myelodysplastisk Syndrom Database</td></tr><tr><td><a href="CodeSystem-Sygdomsomraader.html#Sygdomsomraader-retspsyk">retspsyk</a></td><td>RETSPSYK</td><td>Dansk Retspsykiatrisk Database</td></tr><tr><td><a href="CodeSystem-Sygdomsomraader.html#Sygdomsomraader-hemgenix">hemgenix</a></td><td>HEMGENIX (Amgros)</td><td>Amgros – Hemgenix, effektmål til kontrakt</td></tr></table></li></ul></div></text><url value="https://kip.rkkp.dk/fhir/ValueSet/SygdomsomraaderAlle"/><version value="0.1.8"/><name value="SygdomsomraaderAlle"/><title value="Sygdomsområder - alle"/><status value="active"/><experimental value="true"/><date value="2023-05-10T00:00:00+02:00"/><publisher value="Sundhedsvæsnets Kvalistetsinstitut with Trifork Digital Health A/S"/><contact><name value="Sundhedsvæsnets Kvalistetsinstitut with Trifork Digital Health A/S"/><telecom><system value="url"/><value value="https://trifork.com"/></telecom><telecom><system value="email"/><value value="rbk@trifork.com"/></telecom></contact><description value="Alle Sygdomsområder i KIP"/><compose><include><system value="https://kip.rkkp.dk/fhir/CodeSystem/Sygdomsomraader"/><concept><code value="ald"/><display value="ALD"/></concept><concept><code value="cll"/><display value="CLL"/></concept><concept><code value="dad"/><display value="DAD"/></concept><concept><code value="damyda"/><display value="DAMYDA"/></concept><concept><code value="danaks"/><display value="DANAKS"/></concept><concept><code value="danarrest"/><display value="DANARREST"/></concept><concept><code value="dandem"/><display value="DANDEM"/></concept><concept><code value="danstroke"/><display value="DANSTROKE"/></concept><concept><code value="dccg"/><display value="DCCG"/></concept><concept><code value="degc"/><display value="DEGC"/></concept><concept><code value="dhd"/><display value="DHD"/></concept><concept><code value="dhdb"/><display value="DHDB"/></concept><concept><code value="dhr"/><display value="DHR"/></concept><concept><code value="dkr"/><display value="DKR"/></concept><concept><code value="dkrr"/><display value="DKRR"/></concept><concept><code value="dmpn"/><display value="DMPN"/></concept><concept><code value="dnsl"/><display value="DNSL"/></concept><concept><code value="dpd"/><display value="DPD"/></concept><concept><code value="dsr"/><display value="DSR"/></concept><concept><code value="dts"/><display value="DTS"/></concept><concept><code value="duga"/><display value="DUGA"/></concept><concept><code value="hofter"/><display value="HOFTER"/></concept><concept><code value="kar"/><display value="KAR"/></concept><concept><code value="lyfo"/><display value="LYFO"/></concept><concept><code value="mds"/><display value="MDS"/></concept><concept><code value="retspsyk"/><display value="RETSPSYK"/></concept><concept><code value="hemgenix"/><display value="HEMGENIX (Amgros)"/></concept></include></compose></ValueSet>