<?xml version="1.0" encoding="UTF-8"?><ValueSet xmlns="http://hl7.org/fhir"><id value="Status"/><text><status value="extensions"/><div xmlns="http://www.w3.org/1999/xhtml"><p class="res-header-id"><b>Generated Narrative: ValueSet Status</b></p><a name="Status"> </a><a name="hcStatus"> </a><a name="Status-en-US"> </a><ul><li>Include these codes as defined in <a href="CodeSystem-GenericValues.html"><code>https://kip.rkkp.dk/fhir/CodeSystem/GenericValues</code></a><table class="none"><tr><td style="white-space:nowrap"><b>Code</b></td><td><b>Display</b></td><td><b>Definition</b></td></tr><tr><td><a href="CodeSystem-GenericValues.html#GenericValues-none">none</a></td><td>Ingen</td><td>None - used to choose none of the available values</td></tr><tr><td><a href="CodeSystem-GenericValues.html#GenericValues-temporary">temporary</a></td><td>Midlertidig</td><td>Temporary / Midlertidig</td></tr><tr><td><a href="CodeSystem-GenericValues.html#GenericValues-permanent">permanent</a></td><td>Permanent</td><td>Permanent / SNOMED-CT: 6934004</td></tr></table></li></ul></div></text><url value="https://kip.rkkp.dk/fhir/ValueSet/Status"/><version value="0.1.8"/><name value="Status"/><title value="Status"/><status value="active"/><experimental value="true"/><date value="2022-10-11T00:00:00+02:00"/><publisher value="Sundhedsvæsnets Kvalistetsinstitut with Trifork Digital Health A/S"/><contact><name value="Sundhedsvæsnets Kvalistetsinstitut with Trifork Digital Health A/S"/><telecom><system value="url"/><value value="https://trifork.com"/></telecom><telecom><system value="email"/><value value="rbk@trifork.com"/></telecom></contact><description value="Status"/><compose><include><system value="https://kip.rkkp.dk/fhir/CodeSystem/GenericValues"/><concept><code value="none"/><display value="Ingen"/></concept><concept><code value="temporary"/><display value="Midlertidig"/></concept><concept><code value="permanent"/><display value="Permanent"/></concept></include></compose></ValueSet>