<?xml version="1.0" encoding="UTF-8"?><ValueSet xmlns="http://hl7.org/fhir"><id value="ObservationPatient"/><text><status value="extensions"/><div xmlns="http://www.w3.org/1999/xhtml"><p class="res-header-id"><b>Generated Narrative: ValueSet ObservationPatient</b></p><a name="ObservationPatient"> </a><a name="hcObservationPatient"> </a><a name="ObservationPatient-en-US"> </a><ul><li>Include these codes as defined in <a href="CodeSystem-ContactPatient.html"><code>https://kip.rkkp.dk/fhir/CodeSystem/ContactPatient</code></a><table class="none"><tr><td style="white-space:nowrap"><b>Code</b></td><td><b>Display</b></td><td><b>Definition</b></td></tr><tr><td><a href="CodeSystem-ContactPatient.html#ContactPatient-spoergeskema">spoergeskema</a></td><td>Selvudfyldt spørgeskema</td><td>Selvudfyldt spørgeskema</td></tr><tr><td><a href="CodeSystem-ContactPatient.html#ContactPatient-interview">interview</a></td><td>Telefoninterview</td><td>Gennemført interview/undersøgelse</td></tr><tr><td><a href="CodeSystem-ContactPatient.html#ContactPatient-samtale">samtale</a></td><td>Personlig samtale</td><td>Personlig samtale</td></tr></table></li></ul></div></text><url value="https://kip.rkkp.dk/fhir/ValueSet/ObservationPatient"/><version value="0.1.8"/><name value="ObservationPatient"/><title value="Observation af patienten"/><status value="active"/><experimental value="true"/><date value="2024-02-21T00:00:00+02:00"/><publisher value="Sundhedsvæsnets Kvalistetsinstitut with Trifork Digital Health A/S"/><contact><name value="Sundhedsvæsnets Kvalistetsinstitut with Trifork Digital Health A/S"/><telecom><system value="url"/><value value="https://trifork.com"/></telecom><telecom><system value="email"/><value value="rbk@trifork.com"/></telecom></contact><description value="Observation af patienten indsamlet via"/><compose><include><system value="https://kip.rkkp.dk/fhir/CodeSystem/ContactPatient"/><concept><code value="spoergeskema"/><display value="Selvudfyldt spørgeskema"/></concept><concept><code value="interview"/><display value="Telefoninterview"/></concept><concept><code value="samtale"/><display value="Personlig samtale"/></concept></include></compose></ValueSet>