<?xml version="1.0" encoding="UTF-8"?><ValueSet xmlns="http://hl7.org/fhir"><id value="AndenBloedningDAP"/><text><status value="extensions"/><div xmlns="http://www.w3.org/1999/xhtml"><p class="res-header-id"><b>Generated Narrative: ValueSet AndenBloedningDAP</b></p><a name="AndenBloedningDAP"> </a><a name="hcAndenBloedningDAP"> </a><a name="AndenBloedningDAP-en-US"> </a><ul><li>Include these codes as defined in <a href="CodeSystem-BleedingStroke.html"><code>https://kip.rkkp.dk/fhir/CodeSystem/BleedingStroke</code></a><table class="none"><tr><td style="white-space:nowrap"><b>Code</b></td><td><b>Display</b></td><td><b>Definition</b></td></tr><tr><td><a href="CodeSystem-BleedingStroke.html#BleedingStroke-phr_1">phr_1</a></td><td>PHr 1</td><td>PHr 1</td></tr><tr><td><a href="CodeSystem-BleedingStroke.html#BleedingStroke-phr_2">phr_2</a></td><td>PHr 2</td><td>PHr 2</td></tr></table></li></ul></div></text><url value="https://kip.rkkp.dk/fhir/ValueSet/AndenBloedningDAP"/><version value="0.1.8"/><name value="AndenBloedningDAP"/><title value="Anden blødning (DAP)"/><status value="active"/><experimental value="true"/><date value="2022-09-02T00:00:00+02:00"/><publisher value="Sundhedsvæsnets Kvalistetsinstitut with Trifork Digital Health A/S"/><contact><name value="Sundhedsvæsnets Kvalistetsinstitut with Trifork Digital Health A/S"/><telecom><system value="url"/><value value="https://trifork.com"/></telecom><telecom><system value="email"/><value value="rbk@trifork.com"/></telecom></contact><description value="Anden blødning fundet i forbindelse med billeddiagnostisk undersøgelse (DAP)"/><compose><include><system value="https://kip.rkkp.dk/fhir/CodeSystem/BleedingStroke"/><concept><code value="phr_1"/><display value="PHr 1"/></concept><concept><code value="phr_2"/><display value="PHr 2"/></concept></include></compose></ValueSet>