<?xml version="1.0" encoding="UTF-8"?><ValueSet xmlns="http://hl7.org/fhir"><id value="HeartRhythm"/><text><status value="extensions"/><div xmlns="http://www.w3.org/1999/xhtml"><p class="res-header-id"><b>Generated Narrative: ValueSet HeartRhythm</b></p><a name="HeartRhythm"> </a><a name="hcHeartRhythm"> </a><a name="HeartRhythm-en-US"> </a><p>This value set includes codes based on the following rules:</p><ul><li>Include these codes as defined in <a href="CodeSystem-HeartRhythm.html"><code>https://kip.rkkp.dk/fhir/CodeSystem/HeartRhythm</code></a><table class="none"><tr><td style="white-space:nowrap"><b>Code</b></td><td><b>Display</b></td><td><b>Definition</b></td></tr><tr><td><a href="CodeSystem-HeartRhythm.html#HeartRhythm-sr">sr</a></td><td>SR</td><td>Hvis SR</td></tr><tr><td><a href="CodeSystem-HeartRhythm.html#HeartRhythm-afliafla">afliafla</a></td><td>Afli/Afla</td><td>Hvis Afli/Afla</td></tr></table></li><li>Include these codes as defined in <a href="CodeSystem-GenericValues.html"><code>https://kip.rkkp.dk/fhir/CodeSystem/GenericValues</code></a><table class="none"><tr><td style="white-space:nowrap"><b>Code</b></td><td><b>Display</b></td><td><b>Definition</b></td></tr><tr><td><a href="CodeSystem-GenericValues.html#GenericValues-not_performed">not_performed</a></td><td>EKG mangler</td><td>Not performed - used to indicate, if a procedure or test has not been performed</td></tr><tr><td><a href="CodeSystem-GenericValues.html#GenericValues-other">other</a></td><td>Andet</td><td>Other - used to choose unspecific value not in a valueset</td></tr></table></li></ul></div></text><url value="https://kip.rkkp.dk/fhir/ValueSet/HeartRhythm"/><version value="0.1.8"/><name value="HeartRhythm"/><title value="Hjerterytme"/><status value="active"/><experimental value="true"/><date value="2022-06-22T00:00:00+02:00"/><publisher value="Sundhedsvæsnets Kvalistetsinstitut with Trifork Digital Health A/S"/><contact><name value="Sundhedsvæsnets Kvalistetsinstitut with Trifork Digital Health A/S"/><telecom><system value="url"/><value value="https://trifork.com"/></telecom><telecom><system value="email"/><value value="rbk@trifork.com"/></telecom></contact><description value="Hjerterytme"/><compose><include><system value="https://kip.rkkp.dk/fhir/CodeSystem/HeartRhythm"/><concept><code value="sr"/><display value="SR"/></concept><concept><code value="afliafla"/><display value="Afli/Afla"/></concept></include><include><system value="https://kip.rkkp.dk/fhir/CodeSystem/GenericValues"/><concept><code value="not_performed"/><display value="EKG mangler"/></concept><concept><code value="other"/><display value="Andet"/></concept></include></compose></ValueSet>