<?xml version="1.0" encoding="UTF-8"?><ValueSet xmlns="http://hl7.org/fhir"><id value="MeshTeknikDHDB"/><text><status value="extensions"/><div xmlns="http://www.w3.org/1999/xhtml"><p class="res-header-id"><b>Generated Narrative: ValueSet MeshTeknikDHDB</b></p><a name="MeshTeknikDHDB"> </a><a name="hcMeshTeknikDHDB"> </a><a name="MeshTeknikDHDB-en-US"> </a><ul><li>Include these codes as defined in <a href="CodeSystem-MeshTechnique.html"><code>https://kip.rkkp.dk/fhir/CodeSystem/MeshTechnique</code></a><table class="none"><tr><td style="white-space:nowrap"><b>Code</b></td><td><b>Display</b></td><td><b>Definition</b></td></tr><tr><td><a href="CodeSystem-MeshTechnique.html#MeshTechnique-keyhole">keyhole</a></td><td>Keyhole teknik</td><td>Keyhole technique / Keyhole teknik</td></tr><tr><td><a href="CodeSystem-MeshTechnique.html#MeshTechnique-sugarbaker">sugarbaker</a></td><td>Sugarbaker teknik</td><td>Sugarbaker technique / Sugarbaker teknik</td></tr><tr><td><a href="CodeSystem-MeshTechnique.html#MeshTechnique-combined">combined</a></td><td>Kombineret Keyhole og Sugarbaker teknik</td><td>Combined Keyhole and Sugerbaker technique / Kombineret Keyhole og Sugarbaker teknik</td></tr><tr><td><a href="CodeSystem-MeshTechnique.html#MeshTechnique-preperitoneal">preperitoneal</a></td><td>Præperitoneal</td><td>Preperitoneal technique / Præperitoneal teknik</td></tr><tr><td><a href="CodeSystem-MeshTechnique.html#MeshTechnique-retromuscular">retromuscular</a></td><td>Retromuskulær</td><td>Retromuscular technique / Retromuskulær teknik</td></tr></table></li></ul></div></text><url value="https://kip.rkkp.dk/fhir/ValueSet/MeshTeknikDHDB"/><version value="0.1.8"/><name value="MeshTeknikDHDB"/><title value="Mesh teknik (DHDB)"/><status value="active"/><experimental value="true"/><date value="2022-07-21T00:00:00+02:00"/><publisher value="Sundhedsvæsnets Kvalistetsinstitut with Trifork Digital Health A/S"/><contact><name value="Sundhedsvæsnets Kvalistetsinstitut with Trifork Digital Health A/S"/><telecom><system value="url"/><value value="https://trifork.com"/></telecom><telecom><system value="email"/><value value="rbk@trifork.com"/></telecom></contact><description value="Mesh teknik (DHDB)"/><compose><include><system value="https://kip.rkkp.dk/fhir/CodeSystem/MeshTechnique"/><concept><code value="keyhole"/><display value="Keyhole teknik"/></concept><concept><code value="sugarbaker"/><display value="Sugarbaker teknik"/></concept><concept><code value="combined"/><display value="Kombineret Keyhole og Sugarbaker teknik"/></concept><concept><code value="preperitoneal"/><display value="Præperitoneal"/></concept><concept><code value="retromuscular"/><display value="Retromuskulær"/></concept></include></compose></ValueSet>