<?xml version="1.0" encoding="UTF-8"?><ValueSet xmlns="http://hl7.org/fhir"><id value="ProcedureUdfoertR1DCCG"/><text><status value="extensions"/><div xmlns="http://www.w3.org/1999/xhtml"><p class="res-header-id"><b>Generated Narrative: ValueSet ProcedureUdfoertR1DCCG</b></p><a name="ProcedureUdfoertR1DCCG"> </a><a name="hcProcedureUdfoertR1DCCG"> </a><a name="ProcedureUdfoertR1DCCG-en-US"> </a><p>This value set includes codes based on the following rules:</p><ul><li>Include these codes as defined in <a href="CodeSystem-SKS.html"><code>https://kip.rkkp.dk/fhir/CodeSystem/SKS</code></a><table class="none"><tr><td style="white-space:nowrap"><b>Code</b></td><td><b>Display</b></td><td><b>Definition</b></td></tr><tr><td><a href="CodeSystem-SKS.html#SKS-KJFH20">KJFH20</a></td><td>Proktokolektomi og ileostomi - KJFH20</td><td>KJFH20 - Proktokolektomi og ileostomi</td></tr><tr><td><a href="CodeSystem-SKS.html#SKS-KJGB00">KJGB00</a></td><td>Resektion af endetarm - KJGB00</td><td>KJGB00 - Resektion af endetarm</td></tr><tr><td><a href="CodeSystem-SKS.html#SKS-KJGB10">KJGB10</a></td><td>Resektion af endetarm med kolostomi - KJGB10</td><td>KJGB10 - Resektion af endetarm med kolostomi</td></tr><tr><td><a href="CodeSystem-SKS.html#SKS-KJGB32">KJGB32</a></td><td>Abdominal og intersphincterisk excision af endetarm - KJGB32</td><td>KJGB32 - Abdominal og intersphincterisk excision af endetarm</td></tr><tr><td><a href="CodeSystem-SKS.html#SKS-KJGB35">KJGB35</a></td><td>Abdominal og ischioanal excision af endetarm - KJGB35</td><td>KJGB35 - Abdominal og ischioanal excision af endetarm</td></tr><tr><td><a href="CodeSystem-SKS.html#SKS-KJGB36">KJGB36</a></td><td>Abdominal og ekstralevatorisk excision af endetarm - KJGB36</td><td>KJGB36 - Abdominal og ekstralevatorisk excision af endetarm</td></tr></table></li><li>Include these codes as defined in <a href="CodeSystem-ProcedureType.html"><code>https://kip.rkkp.dk/fhir/CodeSystem/ProcedureType</code></a><table class="none"><tr><td style="white-space:nowrap"><b>Code</b></td><td><b>Display</b></td><td><b>Definition</b></td></tr><tr><td><a href="CodeSystem-ProcedureType.html#ProcedureType-ape_conventional">ape_conventional</a></td><td>APE, konventionel</td><td>APE, konventionel</td></tr><tr><td><a href="CodeSystem-ProcedureType.html#ProcedureType-proctocolectomy_pouch">proctocolectomy_pouch</a></td><td>Proktokolektomi med ileoanal pouch</td><td>Proktokolektomi med ileoanal pouch</td></tr></table></li></ul></div></text><url value="https://kip.rkkp.dk/fhir/ValueSet/ProcedureUdfoertR1DCCG"/><version value="0.1.8"/><name value="ProcedureUdfoertR1DCCG"/><title value="Udført procedure R1 (DCCG)"/><status value="active"/><experimental value="true"/><date value="2023-03-02T00:00:00+02:00"/><publisher value="Sundhedsvæsnets Kvalistetsinstitut with Trifork Digital Health A/S"/><contact><name value="Sundhedsvæsnets Kvalistetsinstitut with Trifork Digital Health A/S"/><telecom><system value="url"/><value value="https://trifork.com"/></telecom><telecom><system value="email"/><value value="rbk@trifork.com"/></telecom></contact><description value="Udført procedure R1 (DCCG)"/><compose><include><system value="https://kip.rkkp.dk/fhir/CodeSystem/SKS"/><concept><code value="KJFH20"/><display value="Proktokolektomi og ileostomi - KJFH20"/></concept><concept><code value="KJGB00"/><display value="Resektion af endetarm - KJGB00"/></concept><concept><code value="KJGB10"/><display value="Resektion af endetarm med kolostomi - KJGB10"/></concept><concept><code value="KJGB32"/><display value="Abdominal og intersphincterisk excision af endetarm - KJGB32"/></concept><concept><code value="KJGB35"/><display value="Abdominal og ischioanal excision af endetarm - KJGB35"/></concept><concept><code value="KJGB36"/><display value="Abdominal og ekstralevatorisk excision af endetarm - KJGB36"/></concept></include><include><system value="https://kip.rkkp.dk/fhir/CodeSystem/ProcedureType"/><concept><code value="ape_conventional"/><display value="APE, konventionel"/></concept><concept><code value="proctocolectomy_pouch"/><display value="Proktokolektomi med ileoanal pouch"/></concept></include></compose></ValueSet>