<?xml version="1.0" encoding="UTF-8"?><ValueSet xmlns="http://hl7.org/fhir"><id value="ScanningstyperCTMR"/><text><status value="extensions"/><div xmlns="http://www.w3.org/1999/xhtml"><p class="res-header-id"><b>Generated Narrative: ValueSet ScanningstyperCTMR</b></p><a name="ScanningstyperCTMR"> </a><a name="hcScanningstyperCTMR"> </a><a name="ScanningstyperCTMR-en-US"> </a><ul><li>Include these codes as defined in <a href="CodeSystem-MedicalScanningTypes.html"><code>https://kip.rkkp.dk/fhir/CodeSystem/MedicalScanningTypes</code></a><table class="none"><tr><td style="white-space:nowrap"><b>Code</b></td><td><b>Display</b></td><td><b>Definition</b></td></tr><tr><td><a href="CodeSystem-MedicalScanningTypes.html#MedicalScanningTypes-ct">ct</a></td><td>CT</td><td>Computed tomography (CT)</td></tr><tr><td><a href="CodeSystem-MedicalScanningTypes.html#MedicalScanningTypes-mri">mri</a></td><td>MR</td><td>Magnetic Resonance imaging (MRI)</td></tr></table></li></ul></div></text><url value="https://kip.rkkp.dk/fhir/ValueSet/ScanningstyperCTMR"/><version value="0.1.8"/><name value="ScanningstyperCTMR"/><title value="Scanningstyper; CT, MR"/><status value="active"/><experimental value="true"/><date value="2022-06-27T00:00:00+02:00"/><publisher value="Sundhedsvæsnets Kvalistetsinstitut with Trifork Digital Health A/S"/><contact><name value="Sundhedsvæsnets Kvalistetsinstitut with Trifork Digital Health A/S"/><telecom><system value="url"/><value value="https://trifork.com"/></telecom><telecom><system value="email"/><value value="rbk@trifork.com"/></telecom></contact><description value="Scanningstyper; CT, MR"/><compose><include><system value="https://kip.rkkp.dk/fhir/CodeSystem/MedicalScanningTypes"/><concept><code value="ct"/><display value="CT"/></concept><concept><code value="mri"/><display value="MR"/></concept></include></compose></ValueSet>