<?xml version="1.0" encoding="UTF-8"?><ValueSet xmlns="http://hl7.org/fhir"><id value="UndersoendeLAB"/><text><status value="extensions"/><div xmlns="http://www.w3.org/1999/xhtml"><p class="res-header-id"><b>Generated Narrative: ValueSet UndersoendeLAB</b></p><a name="UndersoendeLAB"> </a><a name="hcUndersoendeLAB"> </a><a name="UndersoendeLAB-en-US"> </a><p>This value set includes codes based on the following rules:</p><ul><li>Include these codes as defined in <a href="CodeSystem-SOR.html"><code>https://kip.rkkp.dk/fhir/CodeSystem/SOR</code></a><table class="none"><tr><td style="white-space:nowrap"><b>Code</b></td><td><b>Display</b></td></tr><tr><td><a href="CodeSystem-SOR.html#SOR-682641000016004">682641000016004</a></td><td>Afdeling for blodprøver og biokemi, Aarhus Universitetshospital</td></tr><tr><td><a href="CodeSystem-SOR.html#SOR-256631000016003">256631000016003</a></td><td>Afdeling for Klinisk Biokemi – Blegdamsvej</td></tr></table></li><li>Include these codes as defined in <a href="CodeSystem-GenericValues.html"><code>https://kip.rkkp.dk/fhir/CodeSystem/GenericValues</code></a><table class="none"><tr><td style="white-space:nowrap"><b>Code</b></td><td><b>Display</b></td><td><b>Definition</b></td></tr><tr><td><a href="CodeSystem-GenericValues.html#GenericValues-other">other</a></td><td>Anden afdeling</td><td>Other - used to choose unspecific value not in a valueset</td></tr></table></li></ul></div></text><url value="https://kip.rkkp.dk/fhir/ValueSet/UndersoendeLAB"/><version value="0.1.8"/><name value="UndersoendeLAB"/><title value="UndersøgendeLAB"/><status value="active"/><experimental value="true"/><date value="2024-05-27T00:00:00+02:00"/><publisher value="Sundhedsvæsnets Kvalistetsinstitut with Trifork Digital Health A/S"/><contact><name value="Sundhedsvæsnets Kvalistetsinstitut with Trifork Digital Health A/S"/><telecom><system value="url"/><value value="https://trifork.com"/></telecom><telecom><system value="email"/><value value="rbk@trifork.com"/></telecom></contact><description value="UndersøgendeLAB"/><compose><include><system value="https://kip.rkkp.dk/fhir/CodeSystem/SOR"/><concept><code value="682641000016004"/><display value="Afdeling for blodprøver og biokemi, Aarhus Universitetshospital"/></concept><concept><code value="256631000016003"/><display value="Afdeling for Klinisk Biokemi – Blegdamsvej"/></concept></include><include><system value="https://kip.rkkp.dk/fhir/CodeSystem/GenericValues"/><concept><code value="other"/><display value="Anden afdeling"/></concept></include></compose></ValueSet>