<?xml version="1.0" encoding="UTF-8"?><ValueSet xmlns="http://hl7.org/fhir"><id value="MComponentTypeDAMYDA"/><text><status value="extensions"/><div xmlns="http://www.w3.org/1999/xhtml"><p class="res-header-id"><b>Generated Narrative: ValueSet MComponentTypeDAMYDA</b></p><a name="MComponentTypeDAMYDA"> </a><a name="hcMComponentTypeDAMYDA"> </a><a name="MComponentTypeDAMYDA-en-US"> </a><ul><li>Include these codes as defined in <a href="CodeSystem-MComponentType.html"><code>https://kip.rkkp.dk/fhir/CodeSystem/MComponentType</code></a><table class="none"><tr><td style="white-space:nowrap"><b>Code</b></td><td><b>Display</b></td><td><b>Definition</b></td></tr><tr><td><a href="CodeSystem-MComponentType.html#MComponentType-iga_kappa">iga_kappa</a></td><td>IgA kappa</td><td>IgA kappa</td></tr><tr><td><a href="CodeSystem-MComponentType.html#MComponentType-iga_lambda">iga_lambda</a></td><td>IgA lambda</td><td>IgA lambda</td></tr><tr><td><a href="CodeSystem-MComponentType.html#MComponentType-igg_kappa">igg_kappa</a></td><td>IgG kappa</td><td>IgG kappa</td></tr><tr><td><a href="CodeSystem-MComponentType.html#MComponentType-igg_lambda">igg_lambda</a></td><td>IgG lambda</td><td>IgG lambda</td></tr><tr><td><a href="CodeSystem-MComponentType.html#MComponentType-igm_kappa">igm_kappa</a></td><td>IgM kappa</td><td>IgM kappa</td></tr><tr><td><a href="CodeSystem-MComponentType.html#MComponentType-igm_lambda">igm_lambda</a></td><td>IgM lambda</td><td>IgM lambda</td></tr><tr><td><a href="CodeSystem-MComponentType.html#MComponentType-igd_kappa">igd_kappa</a></td><td>IgD kappa</td><td>IgD kappa</td></tr><tr><td><a href="CodeSystem-MComponentType.html#MComponentType-igd_lambda">igd_lambda</a></td><td>IgD lambda</td><td>IgD lambda</td></tr><tr><td><a href="CodeSystem-MComponentType.html#MComponentType-ige_kappa">ige_kappa</a></td><td>IgE kappa</td><td>IgE kappa</td></tr><tr><td><a href="CodeSystem-MComponentType.html#MComponentType-ige_lambda">ige_lambda</a></td><td>IgE lambda</td><td>IgE lambda</td></tr><tr><td><a href="CodeSystem-MComponentType.html#MComponentType-kappa">kappa</a></td><td>Kappa (frie kæder)</td><td>Kappa (frie kæder)</td></tr><tr><td><a href="CodeSystem-MComponentType.html#MComponentType-lambda">lambda</a></td><td>Lambda (frie kæder)</td><td>Lambda (frie kæder)</td></tr></table></li></ul></div></text><url value="https://kip.rkkp.dk/fhir/ValueSet/MComponentTypeDAMYDA"/><version value="0.1.8"/><name value="MComponentTypeDAMYDA"/><title value="Plasma M komponent (Myeloma protein) type"/><status value="active"/><experimental value="true"/><date value="2022-06-08T00:00:00+02:00"/><publisher value="Sundhedsvæsnets Kvalistetsinstitut with Trifork Digital Health A/S"/><contact><name value="Sundhedsvæsnets Kvalistetsinstitut with Trifork Digital Health A/S"/><telecom><system value="url"/><value value="https://trifork.com"/></telecom><telecom><system value="email"/><value value="rbk@trifork.com"/></telecom></contact><description value="Plasma M komponent (Myeloma protein) type [DAMYDA]"/><compose><include><system value="https://kip.rkkp.dk/fhir/CodeSystem/MComponentType"/><concept><code value="iga_kappa"/><display value="IgA kappa"/></concept><concept><code value="iga_lambda"/><display value="IgA lambda"/></concept><concept><code value="igg_kappa"/><display value="IgG kappa"/></concept><concept><code value="igg_lambda"/><display value="IgG lambda"/></concept><concept><code value="igm_kappa"/><display value="IgM kappa"/></concept><concept><code value="igm_lambda"/><display value="IgM lambda"/></concept><concept><code value="igd_kappa"/><display value="IgD kappa"/></concept><concept><code value="igd_lambda"/><display value="IgD lambda"/></concept><concept><code value="ige_kappa"/><display value="IgE kappa"/></concept><concept><code value="ige_lambda"/><display value="IgE lambda"/></concept><concept><code value="kappa"/><display value="Kappa (frie kæder)"/></concept><concept><code value="lambda"/><display value="Lambda (frie kæder)"/></concept></include></compose></ValueSet>