<?xml version="1.0" encoding="UTF-8"?><ValueSet xmlns="http://hl7.org/fhir"><id value="AktuelSygdomsforlob"/><text><status value="extensions"/><div xmlns="http://www.w3.org/1999/xhtml"><p class="res-header-id"><b>Generated Narrative: ValueSet AktuelSygdomsforlob</b></p><a name="AktuelSygdomsforlob"> </a><a name="hcAktuelSygdomsforlob"> </a><a name="AktuelSygdomsforlob-en-US"> </a><ul><li>Include these codes as defined in <a href="CodeSystem-AktuelSygdomsforlob.html"><code>https://kip.rkkp.dk/fhir/CodeSystem/AktuelSygdomsforlob</code></a><table class="none"><tr><td style="white-space:nowrap"><b>Code</b></td><td><b>Display</b></td><td><b>Definition</b></td></tr><tr><td><a href="CodeSystem-AktuelSygdomsforlob.html#AktuelSygdomsforlob-indlagt">indlagt</a></td><td>Indlagt (stationær)</td><td>Patienten er indlagt (stationær)</td></tr><tr><td><a href="CodeSystem-AktuelSygdomsforlob.html#AktuelSygdomsforlob-ambulant">ambulant</a></td><td>Ambulant</td><td>Patienten er ambulant</td></tr></table></li></ul></div></text><url value="https://kip.rkkp.dk/fhir/ValueSet/AktuelSygdomsforlob"/><version value="0.1.8"/><name value="AktuelSygdomsforlob"/><title value="Aktuel Sygdomsforløb"/><status value="active"/><experimental value="true"/><date value="2022-06-22T00:00:00+02:00"/><publisher value="Sundhedsvæsnets Kvalistetsinstitut with Trifork Digital Health A/S"/><contact><name value="Sundhedsvæsnets Kvalistetsinstitut with Trifork Digital Health A/S"/><telecom><system value="url"/><value value="https://trifork.com"/></telecom><telecom><system value="email"/><value value="rbk@trifork.com"/></telecom></contact><description value="Er patienten i det aktuelle sygdomsforløb"/><compose><include><system value="https://kip.rkkp.dk/fhir/CodeSystem/AktuelSygdomsforlob"/><concept><code value="indlagt"/><display value="Indlagt (stationær)"/></concept><concept><code value="ambulant"/><display value="Ambulant"/></concept></include></compose></ValueSet>