<?xml version="1.0" encoding="UTF-8"?><ValueSet xmlns="http://hl7.org/fhir"><id value="FrakturFriskhedDSR"/><text><status value="extensions"/><div xmlns="http://www.w3.org/1999/xhtml"><p class="res-header-id"><b>Generated Narrative: ValueSet FrakturFriskhedDSR</b></p><a name="FrakturFriskhedDSR"> </a><a name="hcFrakturFriskhedDSR"> </a><a name="FrakturFriskhedDSR-en-US"> </a><ul><li>Include these codes as defined in <a href="CodeSystem-Intervals.html"><code>https://kip.rkkp.dk/fhir/CodeSystem/Intervals</code></a><table class="none"><tr><td style="white-space:nowrap"><b>Code</b></td><td><b>Display</b></td><td><b>Definition</b></td></tr><tr><td><a href="CodeSystem-Intervals.html#Intervals-.61.602">=&lt;2</a></td><td>Frisk ≤ 2 uger</td><td>=&lt;2</td></tr><tr><td><a href="CodeSystem-Intervals.html#Intervals-.622">&gt;2</a></td><td>Frisk &gt; 2 uger</td><td>&gt;2</td></tr><tr><td><a href="CodeSystem-Intervals.html#Intervals-.626">&gt;6</a></td><td>Pseudartrose (ældre end 6 mdr.)</td><td>&gt;6</td></tr></table></li></ul></div></text><url value="https://kip.rkkp.dk/fhir/ValueSet/FrakturFriskhedDSR"/><version value="0.1.8"/><name value="FrakturFriskhedDSR"/><title value="Fraktur; friskhed (DSR)"/><status value="active"/><experimental value="true"/><date value="2022-07-04T00:00:00+02:00"/><publisher value="Sundhedsvæsnets Kvalistetsinstitut with Trifork Digital Health A/S"/><contact><name value="Sundhedsvæsnets Kvalistetsinstitut with Trifork Digital Health A/S"/><telecom><system value="url"/><value value="https://trifork.com"/></telecom><telecom><system value="email"/><value value="rbk@trifork.com"/></telecom></contact><description value="Fraktur; friskhed (DSR)"/><compose><include><system value="https://kip.rkkp.dk/fhir/CodeSystem/Intervals"/><concept><code value="=&lt;2"/><display value="Frisk ≤ 2 uger"/></concept><concept><code value="&gt;2"/><display value="Frisk &gt; 2 uger"/></concept><concept><code value="&gt;6"/><display value="Pseudartrose (ældre end 6 mdr.)"/></concept></include></compose></ValueSet>