<?xml version="1.0" encoding="UTF-8"?><ValueSet xmlns="http://hl7.org/fhir"><id value="BehandlingMDS"/><text><status value="extensions"/><div xmlns="http://www.w3.org/1999/xhtml"><p class="res-header-id"><b>Generated Narrative: ValueSet BehandlingMDS</b></p><a name="BehandlingMDS"> </a><a name="hcBehandlingMDS"> </a><a name="BehandlingMDS-en-US"> </a><p>This value set includes codes based on the following rules:</p><ul><li>Include these codes as defined in <a href="CodeSystem-SKS.html"><code>https://kip.rkkp.dk/fhir/CodeSystem/SKS</code></a><table class="none"><tr><td style="white-space:nowrap"><b>Code</b></td><td><b>Display</b></td><td><b>Definition</b></td></tr><tr><td><a href="CodeSystem-SKS.html#SKS-BOQA">BOQA</a></td><td>Transfusion</td><td>Behandling med blodtransfusion</td></tr></table></li><li>Include these codes as defined in <a href="CodeSystem-ATC.html"><code>https://kip.rkkp.dk/fhir/CodeSystem/ATC</code></a><table class="none"><tr><td style="white-space:nowrap"><b>Code</b></td><td><b>Display</b></td><td><b>Definition</b></td></tr><tr><td><a href="CodeSystem-ATC.html#ATC-B03XA01">B03XA01</a></td><td>Erythropoietin</td><td>B03XA01 - erythropoietin</td></tr><tr><td><a href="CodeSystem-ATC.html#ATC-L01XX05">L01XX05</a></td><td>Hydroxurea</td><td>L01XX05 - hydroxycarbamide</td></tr><tr><td><a href="CodeSystem-ATC.html#ATC-L04A">L04A</a></td><td>Immunosupressiv behandling</td><td>L04A - IMMUNOSUPPRESSANTS</td></tr><tr><td><a href="CodeSystem-ATC.html#ATC-L04AX04">L04AX04</a></td><td>Lenalidomid</td><td>L04AX04 - lenalidomide</td></tr></table></li><li>Include these codes as defined in <a href="CodeSystem-TreatmentUnspecified.html"><code>https://kip.rkkp.dk/fhir/CodeSystem/TreatmentUnspecified</code></a><table class="none"><tr><td style="white-space:nowrap"><b>Code</b></td><td><b>Display</b></td><td><b>Definition</b></td></tr><tr><td><a href="CodeSystem-TreatmentUnspecified.html#TreatmentUnspecified-g_csf">g_csf</a></td><td>G-CSF</td><td>G-CSF</td></tr><tr><td><a href="CodeSystem-TreatmentUnspecified.html#TreatmentUnspecified-iron_chelated">iron_chelated</a></td><td>Jernkelerende behandling</td><td>Iron chelated / Jernkelerende behandling</td></tr><tr><td><a href="CodeSystem-TreatmentUnspecified.html#TreatmentUnspecified-demethylating">demethylating</a></td><td>Demethylerende behandling</td><td>Demethylating treatment / Demethylerende behandling</td></tr><tr><td><a href="CodeSystem-TreatmentUnspecified.html#TreatmentUnspecified-chemotherapi_aml">chemotherapi_aml</a></td><td>AML lignende kemoterapi</td><td>AML-like chemotherapy / AML lignende kemoterapi</td></tr></table></li><li>Include these codes as defined in <a href="CodeSystem-GenericValues.html"><code>https://kip.rkkp.dk/fhir/CodeSystem/GenericValues</code></a><table class="none"><tr><td style="white-space:nowrap"><b>Code</b></td><td><b>Display</b></td><td><b>Definition</b></td></tr><tr><td><a href="CodeSystem-GenericValues.html#GenericValues-other">other</a></td><td>Anden behandling</td><td>Other - used to choose unspecific value not in a valueset</td></tr></table></li></ul></div></text><url value="https://kip.rkkp.dk/fhir/ValueSet/BehandlingMDS"/><version value="0.1.8"/><name value="BehandlingMDS"/><title value="Behandlinger foretaget i forbindelse med MDS (MDS)"/><status value="active"/><experimental value="true"/><date value="2022-07-19T00:00:00+02:00"/><publisher value="Sundhedsvæsnets Kvalistetsinstitut with Trifork Digital Health A/S"/><contact><name value="Sundhedsvæsnets Kvalistetsinstitut with Trifork Digital Health A/S"/><telecom><system value="url"/><value value="https://trifork.com"/></telecom><telecom><system value="email"/><value value="rbk@trifork.com"/></telecom></contact><description value="Behandlinger foretaget i forbindelse med MDS (MDS)"/><compose><include><system value="https://kip.rkkp.dk/fhir/CodeSystem/SKS"/><concept><code value="BOQA"/><display value="Transfusion"/></concept></include><include><system value="https://kip.rkkp.dk/fhir/CodeSystem/ATC"/><concept><code value="B03XA01"/><display value="Erythropoietin"/></concept><concept><code value="L01XX05"/><display value="Hydroxurea"/></concept><concept><code value="L04A"/><display value="Immunosupressiv behandling"/></concept><concept><code value="L04AX04"/><display value="Lenalidomid"/></concept></include><include><system value="https://kip.rkkp.dk/fhir/CodeSystem/TreatmentUnspecified"/><concept><code value="g_csf"/><display value="G-CSF"/></concept><concept><code value="iron_chelated"/><display value="Jernkelerende behandling"/></concept><concept><code value="demethylating"/><display value="Demethylerende behandling"/></concept><concept><code value="chemotherapi_aml"/><display value="AML lignende kemoterapi"/></concept></include><include><system value="https://kip.rkkp.dk/fhir/CodeSystem/GenericValues"/><concept><code value="other"/><display value="Anden behandling"/></concept></include></compose></ValueSet>