<?xml version="1.0" encoding="UTF-8"?><ValueSet xmlns="http://hl7.org/fhir"><id value="EORTC14DPD"/><text><status value="extensions"/><div xmlns="http://www.w3.org/1999/xhtml"><p class="res-header-id"><b>Generated Narrative: ValueSet EORTC14DPD</b></p><a name="EORTC14DPD"> </a><a name="hcEORTC14DPD"> </a><a name="EORTC14DPD-en-US"> </a><ul><li>Include these codes as defined in <a href="CodeSystem-EORTCQLQC1514.html"><code>https://kip.rkkp.dk/fhir/CodeSystem/EORTCQLQC1514</code></a><table class="none"><tr><td style="white-space:nowrap"><b>Code</b></td><td><b>Display</b></td><td><b>Definition</b></td></tr><tr><td><a href="CodeSystem-EORTCQLQC1514.html#EORTCQLQC1514-grade_1">grade_1</a></td><td>1. Slet ikke</td><td>1. Slet ikke</td></tr><tr><td><a href="CodeSystem-EORTCQLQC1514.html#EORTCQLQC1514-grade_2">grade_2</a></td><td>2. Lidt</td><td>2. Lidt</td></tr><tr><td><a href="CodeSystem-EORTCQLQC1514.html#EORTCQLQC1514-grade_3">grade_3</a></td><td>3. En del</td><td>3. En del</td></tr><tr><td><a href="CodeSystem-EORTCQLQC1514.html#EORTCQLQC1514-grade_4">grade_4</a></td><td>4. Meget</td><td>4. Meget</td></tr></table></li></ul></div></text><url value="https://kip.rkkp.dk/fhir/ValueSet/EORTC14DPD"/><version value="0.1.8"/><name value="EORTC14DPD"/><title value="EORTC Grad 1-4 (DPD)"/><status value="active"/><experimental value="true"/><date value="2022-07-28T00:00:00+02:00"/><publisher value="Sundhedsvæsnets Kvalistetsinstitut with Trifork Digital Health A/S"/><contact><name value="Sundhedsvæsnets Kvalistetsinstitut with Trifork Digital Health A/S"/><telecom><system value="url"/><value value="https://trifork.com"/></telecom><telecom><system value="email"/><value value="rbk@trifork.com"/></telecom></contact><description value="EORTC Grad 1-4 - Helbredsvurdering (DPD)"/><compose><include><system value="https://kip.rkkp.dk/fhir/CodeSystem/EORTCQLQC1514"/><concept><code value="grade_1"/><display value="1. Slet ikke"/></concept><concept><code value="grade_2"/><display value="2. Lidt"/></concept><concept><code value="grade_3"/><display value="3. En del"/></concept><concept><code value="grade_4"/><display value="4. Meget"/></concept></include></compose></ValueSet>