<?xml version="1.0" encoding="UTF-8"?><ValueSet xmlns="http://hl7.org/fhir"><id value="ManglendeBehandling"/><text><status value="extensions"/><div xmlns="http://www.w3.org/1999/xhtml"><p class="res-header-id"><b>Generated Narrative: ValueSet ManglendeBehandling</b></p><a name="ManglendeBehandling"> </a><a name="hcManglendeBehandling"> </a><a name="ManglendeBehandling-en-US"> </a><p>This value set includes codes based on the following rules:</p><ul><li>Include these codes as defined in <a href="CodeSystem-TreatmentNotGiven.html"><code>https://kip.rkkp.dk/fhir/CodeSystem/TreatmentNotGiven</code></a><table class="none"><tr><td style="white-space:nowrap"><b>Code</b></td><td><b>Display</b></td><td><b>Definition</b></td></tr><tr><td><a href="CodeSystem-TreatmentNotGiven.html#TreatmentNotGiven-unsuitable">unsuitable</a></td><td>Uegnet til behandling</td><td>Unsuitable for treatment / Uegnet til behandling</td></tr><tr><td><a href="CodeSystem-TreatmentNotGiven.html#TreatmentNotGiven-unwanted">unwanted</a></td><td>Ønskede ikke behandling</td><td>Unwanted treatment / Ønskede ikke behandling</td></tr><tr><td><a href="CodeSystem-TreatmentNotGiven.html#TreatmentNotGiven-died">died</a></td><td>Døde før behandling</td><td>Died before treatment / Døde før behandling</td></tr><tr><td><a href="CodeSystem-TreatmentNotGiven.html#TreatmentNotGiven-lack_capacity">lack_capacity</a></td><td>Manglende kapacitet</td><td>Lack of capacity / Manglende kapacitet</td></tr><tr><td><a href="CodeSystem-TreatmentNotGiven.html#TreatmentNotGiven-other_palliative_department">other_palliative_department</a></td><td>Behandlet af anden palliativ enhed</td><td>Other palliative department / Behandlet af anden palliativ enhed</td></tr></table></li><li>Include these codes as defined in <a href="CodeSystem-GenericValues.html"><code>https://kip.rkkp.dk/fhir/CodeSystem/GenericValues</code></a><table class="none"><tr><td style="white-space:nowrap"><b>Code</b></td><td><b>Display</b></td><td><b>Definition</b></td></tr><tr><td><a href="CodeSystem-GenericValues.html#GenericValues-other">other</a></td><td>Anden årsag</td><td>Other - used to choose unspecific value not in a valueset</td></tr></table></li></ul></div></text><url value="https://kip.rkkp.dk/fhir/ValueSet/ManglendeBehandling"/><version value="0.1.8"/><name value="ManglendeBehandling"/><title value="Grund til manglende behandling"/><status value="active"/><experimental value="true"/><date value="2022-09-06T00:00:00+02:00"/><publisher value="Sundhedsvæsnets Kvalistetsinstitut with Trifork Digital Health A/S"/><contact><name value="Sundhedsvæsnets Kvalistetsinstitut with Trifork Digital Health A/S"/><telecom><system value="url"/><value value="https://trifork.com"/></telecom><telecom><system value="email"/><value value="rbk@trifork.com"/></telecom></contact><description value="Årsag til manglende behandling"/><compose><include><system value="https://kip.rkkp.dk/fhir/CodeSystem/TreatmentNotGiven"/><concept><code value="unsuitable"/><display value="Uegnet til behandling"/></concept><concept><code value="unwanted"/><display value="Ønskede ikke behandling"/></concept><concept><code value="died"/><display value="Døde før behandling"/></concept><concept><code value="lack_capacity"/><display value="Manglende kapacitet"/></concept><concept><code value="other_palliative_department"/><display value="Behandlet af anden palliativ enhed"/></concept></include><include><system value="https://kip.rkkp.dk/fhir/CodeSystem/GenericValues"/><concept><code value="other"/><display value="Anden årsag"/></concept></include></compose></ValueSet>