<?xml version="1.0" encoding="UTF-8"?><ValueSet xmlns="http://hl7.org/fhir"><id value="UrniLaekDUGA"/><text><status value="extensions"/><div xmlns="http://www.w3.org/1999/xhtml"><p class="res-header-id"><b>Generated Narrative: ValueSet UrniLaekDUGA</b></p><a name="UrniLaekDUGA"> </a><a name="hcUrniLaekDUGA"> </a><a name="UrniLaekDUGA-en-US"> </a><ul><li>Include these codes as defined in <a href="CodeSystem-HaendelseIndtraeffer.html"><code>https://kip.rkkp.dk/fhir/CodeSystem/HaendelseIndtraeffer</code></a><table class="none"><tr><td style="white-space:nowrap"><b>Code</b></td><td><b>Display</b></td><td><b>Definition</b></td></tr><tr><td><a href="CodeSystem-HaendelseIndtraeffer.html#HaendelseIndtraeffer-aldrig">aldrig</a></td><td>Lækker aldrig urin</td><td>Aldrig</td></tr><tr><td><a href="CodeSystem-HaendelseIndtraeffer.html#HaendelseIndtraeffer-inden-toilet">inden-toilet</a></td><td>Lækker før jeg kan nå på toilettet</td><td>Inden toilet</td></tr><tr><td><a href="CodeSystem-HaendelseIndtraeffer.html#HaendelseIndtraeffer-hoste">hoste</a></td><td>Lækker når jeg hoster eller nyser</td><td>Ved hoste</td></tr><tr><td><a href="CodeSystem-HaendelseIndtraeffer.html#HaendelseIndtraeffer-sover">sover</a></td><td>Lækker når jeg sover</td><td>Sover</td></tr><tr><td><a href="CodeSystem-HaendelseIndtraeffer.html#HaendelseIndtraeffer-aktiv">aktiv</a></td><td>Lækker når jeg er fysisk aktiv</td><td>Fysisk aktiv</td></tr><tr><td><a href="CodeSystem-HaendelseIndtraeffer.html#HaendelseIndtraeffer-efter-toilet">efter-toilet</a></td><td>Lækker når jeg er færdig med at lade vandet og har fået tøj på</td><td>Efter toilet</td></tr><tr><td><a href="CodeSystem-HaendelseIndtraeffer.html#HaendelseIndtraeffer-uden-grund">uden-grund</a></td><td>Lækker uden nogen grund</td><td>Uden grund</td></tr><tr><td><a href="CodeSystem-HaendelseIndtraeffer.html#HaendelseIndtraeffer-altid">altid</a></td><td>Lækker hele tiden</td><td>Hele tiden</td></tr></table></li></ul></div></text><url value="https://kip.rkkp.dk/fhir/ValueSet/UrniLaekDUGA"/><version value="0.1.8"/><name value="UrniLaekDUGA"/><title value="Urin lækker (DUGA)"/><status value="active"/><experimental value="true"/><date value="2024-02-13T00:00:00+02:00"/><publisher value="Sundhedsvæsnets Kvalistetsinstitut with Trifork Digital Health A/S"/><contact><name value="Sundhedsvæsnets Kvalistetsinstitut with Trifork Digital Health A/S"/><telecom><system value="url"/><value value="https://trifork.com"/></telecom><telecom><system value="email"/><value value="rbk@trifork.com"/></telecom></contact><description value="Hvornår lækker urin (DUGA)"/><compose><include><system value="https://kip.rkkp.dk/fhir/CodeSystem/HaendelseIndtraeffer"/><concept><code value="aldrig"/><display value="Lækker aldrig urin"/></concept><concept><code value="inden-toilet"/><display value="Lækker før jeg kan nå på toilettet"/></concept><concept><code value="hoste"/><display value="Lækker når jeg hoster eller nyser"/></concept><concept><code value="sover"/><display value="Lækker når jeg sover"/></concept><concept><code value="aktiv"/><display value="Lækker når jeg er fysisk aktiv"/></concept><concept><code value="efter-toilet"/><display value="Lækker når jeg er færdig med at lade vandet og har fået tøj på"/></concept><concept><code value="uden-grund"/><display value="Lækker uden nogen grund"/></concept><concept><code value="altid"/><display value="Lækker hele tiden"/></concept></include></compose></ValueSet>