<?xml version="1.0" encoding="UTF-8"?><ValueSet xmlns="http://hl7.org/fhir"><id value="DiagnoseDMPNopfoelgning"/><text><status value="extensions"/><div xmlns="http://www.w3.org/1999/xhtml"><p class="res-header-id"><b>Generated Narrative: ValueSet DiagnoseDMPNopfoelgning</b></p><a name="DiagnoseDMPNopfoelgning"> </a><a name="hcDiagnoseDMPNopfoelgning"> </a><a name="DiagnoseDMPNopfoelgning-en-US"> </a><ul><li>Include these codes as defined in <a href="CodeSystem-DiseasesUnspecified.html"><code>https://kip.rkkp.dk/fhir/CodeSystem/DiseasesUnspecified</code></a><table class="none"><tr><td style="white-space:nowrap"><b>Code</b></td><td><b>Display</b></td><td><b>Definition</b></td></tr><tr><td><a href="CodeSystem-DiseasesUnspecified.html#DiseasesUnspecified-polycythemia_vera">polycythemia_vera</a></td><td>Polycytæmia vera</td><td>Polycythemia vera / Polycytæmia vera</td></tr><tr><td><a href="CodeSystem-DiseasesUnspecified.html#DiseasesUnspecified-primary">primary</a></td><td>Primær Myelofibrose</td><td>Primary myelofibrosis / Primær Myelofibrose</td></tr><tr><td><a href="CodeSystem-DiseasesUnspecified.html#DiseasesUnspecified-prefibrotic">prefibrotic</a></td><td>Præfibrotisk Myelofibrose</td><td>Prefibrotic myelofibrosis / Præfibrotisk Myelofibrose</td></tr><tr><td><a href="CodeSystem-DiseasesUnspecified.html#DiseasesUnspecified-essential_thrombocytosis">essential_thrombocytosis</a></td><td>Essentiel thrombocytose</td><td>Essential thrombocytosis / Ess. thrombocytose</td></tr><tr><td><a href="CodeSystem-DiseasesUnspecified.html#DiseasesUnspecified-myeloproliferative_unclassified">myeloproliferative_unclassified</a></td><td>Uklassificerbar Myeloproliferativ sygdom</td><td>Unclassified myeloproliferative / Uklassificerbar Myeloproliferativ sygdom</td></tr></table></li></ul></div></text><url value="https://kip.rkkp.dk/fhir/ValueSet/DiagnoseDMPNopfoelgning"/><version value="0.1.8"/><name value="DiagnoseDMPNopfoelgning"/><title value="Diagnose DMPN opfølgning"/><status value="active"/><experimental value="true"/><date value="2023-02-03T00:00:00+02:00"/><publisher value="Sundhedsvæsnets Kvalistetsinstitut with Trifork Digital Health A/S"/><contact><name value="Sundhedsvæsnets Kvalistetsinstitut with Trifork Digital Health A/S"/><telecom><system value="url"/><value value="https://trifork.com"/></telecom><telecom><system value="email"/><value value="rbk@trifork.com"/></telecom></contact><description value="Uspecificerede diagnoser - DMPN opfølgning"/><compose><include><system value="https://kip.rkkp.dk/fhir/CodeSystem/DiseasesUnspecified"/><concept><code value="polycythemia_vera"/><display value="Polycytæmia vera"/></concept><concept><code value="primary"/><display value="Primær Myelofibrose"/></concept><concept><code value="prefibrotic"/><display value="Præfibrotisk Myelofibrose"/></concept><concept><code value="essential_thrombocytosis"/><display value="Essentiel thrombocytose"/></concept><concept><code value="myeloproliferative_unclassified"/><display value="Uklassificerbar Myeloproliferativ sygdom"/></concept></include></compose></ValueSet>