<?xml version="1.0" encoding="UTF-8"?><ValueSet xmlns="http://hl7.org/fhir"><id value="LedbaandsrekonstruktionDKRR"/><text><status value="extensions"/><div xmlns="http://www.w3.org/1999/xhtml"><p class="res-header-id"><b>Generated Narrative: ValueSet LedbaandsrekonstruktionDKRR</b></p><a name="LedbaandsrekonstruktionDKRR"> </a><a name="hcLedbaandsrekonstruktionDKRR"> </a><a name="LedbaandsrekonstruktionDKRR-en-US"> </a><p>This value set includes codes based on the following rules:</p><ul><li>Include these codes as defined in <a href="CodeSystem-AnatomicalLocations.html"><code>https://kip.rkkp.dk/fhir/CodeSystem/AnatomicalLocations</code></a><table class="none"><tr><td style="white-space:nowrap"><b>Code</b></td><td><b>Display</b></td><td><b>Definition</b></td></tr><tr><td><a href="CodeSystem-AnatomicalLocations.html#AnatomicalLocations-acl">acl</a></td><td>ACL</td><td>ACL</td></tr><tr><td><a href="CodeSystem-AnatomicalLocations.html#AnatomicalLocations-pcl">pcl</a></td><td>PCL</td><td>PCL</td></tr><tr><td><a href="CodeSystem-AnatomicalLocations.html#AnatomicalLocations-mcl">mcl</a></td><td>MCL</td><td>MCL</td></tr><tr><td><a href="CodeSystem-AnatomicalLocations.html#AnatomicalLocations-lcl">lcl</a></td><td>LCL</td><td>LCL</td></tr><tr><td><a href="CodeSystem-AnatomicalLocations.html#AnatomicalLocations-plc">plc</a></td><td>PLC</td><td>PLC</td></tr><tr><td><a href="CodeSystem-AnatomicalLocations.html#AnatomicalLocations-all">all</a></td><td>ALL</td><td>ALL</td></tr></table></li><li>Include these codes as defined in <a href="CodeSystem-ProcedureType.html"><code>https://kip.rkkp.dk/fhir/CodeSystem/ProcedureType</code></a><table class="none"><tr><td style="white-space:nowrap"><b>Code</b></td><td><b>Display</b></td><td><b>Definition</b></td></tr><tr><td><a href="CodeSystem-ProcedureType.html#ProcedureType-luxation">luxation</a></td><td>Knæluksation</td><td>Luxation / Luksation</td></tr><tr><td><a href="CodeSystem-ProcedureType.html#ProcedureType-tractus_tendonesis">tractus_tendonesis</a></td><td>Tractus tendonesis</td><td>Tractus tendonesis</td></tr><tr><td><a href="CodeSystem-ProcedureType.html#ProcedureType-internal_brace">internal_brace</a></td><td>Syntetisk forstærkning/internal brace</td><td>Internal brace / Syntetisk forstærkning</td></tr></table></li></ul></div></text><url value="https://kip.rkkp.dk/fhir/ValueSet/LedbaandsrekonstruktionDKRR"/><version value="0.1.8"/><name value="LedbaandsrekonstruktionDKRR"/><title value="Ledbåndsrekonstruktioner (DKRR)"/><status value="active"/><experimental value="true"/><date value="2022-09-19T00:00:00+02:00"/><publisher value="Sundhedsvæsnets Kvalistetsinstitut with Trifork Digital Health A/S"/><contact><name value="Sundhedsvæsnets Kvalistetsinstitut with Trifork Digital Health A/S"/><telecom><system value="url"/><value value="https://trifork.com"/></telecom><telecom><system value="email"/><value value="rbk@trifork.com"/></telecom></contact><description value="Ledbåndsrekonstruktioner (DKRR)"/><compose><include><system value="https://kip.rkkp.dk/fhir/CodeSystem/AnatomicalLocations"/><concept><code value="acl"/><display value="ACL"/></concept><concept><code value="pcl"/><display value="PCL"/></concept><concept><code value="mcl"/><display value="MCL"/></concept><concept><code value="lcl"/><display value="LCL"/></concept><concept><code value="plc"/><display value="PLC"/></concept><concept><code value="all"/><display value="ALL"/></concept></include><include><system value="https://kip.rkkp.dk/fhir/CodeSystem/ProcedureType"/><concept><code value="luxation"/><display value="Knæluksation"/></concept><concept><code value="tractus_tendonesis"/><display value="Tractus tendonesis"/></concept><concept><code value="internal_brace"/><display value="Syntetisk forstærkning/internal brace"/></concept></include></compose></ValueSet>