<?xml version="1.0" encoding="UTF-8"?><ValueSet xmlns="http://hl7.org/fhir"><id value="FiksationCementeretUcementeretAndet"/><text><status value="extensions"/><div xmlns="http://www.w3.org/1999/xhtml"><p class="res-header-id"><b>Generated Narrative: ValueSet FiksationCementeretUcementeretAndet</b></p><a name="FiksationCementeretUcementeretAndet"> </a><a name="hcFiksationCementeretUcementeretAndet"> </a><a name="FiksationCementeretUcementeretAndet-en-US"> </a><p>This value set includes codes based on the following rules:</p><ul><li>Include these codes as defined in <a href="CodeSystem-ImplantComponents.html"><code>https://kip.rkkp.dk/fhir/CodeSystem/ImplantComponents</code></a><table class="none"><tr><td style="white-space:nowrap"><b>Code</b></td><td><b>Display</b></td><td><b>Definition</b></td></tr><tr><td><a href="CodeSystem-ImplantComponents.html#ImplantComponents-cemented">cemented</a></td><td>Cementeret</td><td>Cemented / Cementeret</td></tr><tr><td><a href="CodeSystem-ImplantComponents.html#ImplantComponents-uncemented">uncemented</a></td><td>Ucementeret</td><td>Uncemented / Ucementeret</td></tr></table></li><li>Include these codes as defined in <a href="CodeSystem-GenericValues.html"><code>https://kip.rkkp.dk/fhir/CodeSystem/GenericValues</code></a><table class="none"><tr><td style="white-space:nowrap"><b>Code</b></td><td><b>Display</b></td><td><b>Definition</b></td></tr><tr><td><a href="CodeSystem-GenericValues.html#GenericValues-other">other</a></td><td>Andet</td><td>Other - used to choose unspecific value not in a valueset</td></tr></table></li></ul></div></text><url value="https://kip.rkkp.dk/fhir/ValueSet/FiksationCementeretUcementeretAndet"/><version value="0.1.8"/><name value="FiksationCementeretUcementeretAndet"/><title value="Fiksation - cementeret/ucementeret/andet"/><status value="active"/><experimental value="true"/><date value="2022-10-13T00:00:00+02:00"/><publisher value="Sundhedsvæsnets Kvalistetsinstitut with Trifork Digital Health A/S"/><contact><name value="Sundhedsvæsnets Kvalistetsinstitut with Trifork Digital Health A/S"/><telecom><system value="url"/><value value="https://trifork.com"/></telecom><telecom><system value="email"/><value value="rbk@trifork.com"/></telecom></contact><description value="Fiksation - cementeret/ucementeret/andet"/><compose><include><system value="https://kip.rkkp.dk/fhir/CodeSystem/ImplantComponents"/><concept><code value="cemented"/><display value="Cementeret"/></concept><concept><code value="uncemented"/><display value="Ucementeret"/></concept></include><include><system value="https://kip.rkkp.dk/fhir/CodeSystem/GenericValues"/><concept><code value="other"/><display value="Andet"/></concept></include></compose></ValueSet>