<?xml version="1.0" encoding="UTF-8"?><ValueSet xmlns="http://hl7.org/fhir"><id value="ICRSGraduering14"/><text><status value="extensions"/><div xmlns="http://www.w3.org/1999/xhtml"><p class="res-header-id"><b>Generated Narrative: ValueSet ICRSGraduering14</b></p><a name="ICRSGraduering14"> </a><a name="hcICRSGraduering14"> </a><a name="ICRSGraduering14-en-US"> </a><ul><li>Include these codes as defined in <a href="CodeSystem-ICRSGradingSystem.html"><code>https://kip.rkkp.dk/fhir/CodeSystem/ICRSGradingSystem</code></a><table class="none"><tr><td style="white-space:nowrap"><b>Code</b></td><td><b>Display</b></td><td><b>Definition</b></td></tr><tr><td><a href="CodeSystem-ICRSGradingSystem.html#ICRSGradingSystem-grade_1">grade_1</a></td><td>Grad 1: Overfladisk brusklæsion</td><td>Grade 1: Nearly normal, superficial lesions</td></tr><tr><td><a href="CodeSystem-ICRSGradingSystem.html#ICRSGradingSystem-grade_2">grade_2</a></td><td>Grad 2: Brusklæsion &lt; 50% af brusktykkelse</td><td>Grade 2: Abnormal, lesiosn extending down to &lt;50% of cartilage depth</td></tr><tr><td><a href="CodeSystem-ICRSGradingSystem.html#ICRSGradingSystem-grade_3">grade_3</a></td><td>Grad 3: Større end 50% af brusktykkelsen</td><td>Grade 3: Severely abnormal, cartilage defects extending down &gt;50% of cartilage depth</td></tr><tr><td><a href="CodeSystem-ICRSGradingSystem.html#ICRSGradingSystem-grade_4">grade_4</a></td><td>Grad 4: Blottet knogle eller osteokondral læsion</td><td>Grade 4: Severely abnormal</td></tr></table></li></ul></div></text><url value="https://kip.rkkp.dk/fhir/ValueSet/ICRSGraduering14"/><version value="0.1.8"/><name value="ICRSGraduering14"/><title value="ICRS graduering 1-4"/><status value="active"/><experimental value="true"/><date value="2022-09-19T00:00:00+02:00"/><publisher value="Sundhedsvæsnets Kvalistetsinstitut with Trifork Digital Health A/S"/><contact><name value="Sundhedsvæsnets Kvalistetsinstitut with Trifork Digital Health A/S"/><telecom><system value="url"/><value value="https://trifork.com"/></telecom><telecom><system value="email"/><value value="rbk@trifork.com"/></telecom></contact><description value="ICRS graduering 1-4"/><compose><include><system value="https://kip.rkkp.dk/fhir/CodeSystem/ICRSGradingSystem"/><concept><code value="grade_1"/><display value="Grad 1: Overfladisk brusklæsion"/></concept><concept><code value="grade_2"/><display value="Grad 2: Brusklæsion &lt; 50% af brusktykkelse"/></concept><concept><code value="grade_3"/><display value="Grad 3: Større end 50% af brusktykkelsen"/></concept><concept><code value="grade_4"/><display value="Grad 4: Blottet knogle eller osteokondral læsion"/></concept></include></compose></ValueSet>