<?xml version="1.0" encoding="UTF-8"?><ValueSet xmlns="http://hl7.org/fhir"><id value="KorsbaandEjBevaret"/><text><status value="extensions"/><div xmlns="http://www.w3.org/1999/xhtml"><p class="res-header-id"><b>Generated Narrative: ValueSet KorsbaandEjBevaret</b></p><a name="KorsbaandEjBevaret"> </a><a name="hcKorsbaandEjBevaret"> </a><a name="KorsbaandEjBevaret-en-US"> </a><ul><li>Include these codes as defined in <a href="CodeSystem-KorsbaandEjBevaret.html"><code>https://kip.rkkp.dk/fhir/CodeSystem/KorsbaandEjBevaret</code></a><table class="none"><tr><td style="white-space:nowrap"><b>Code</b></td><td><b>Display</b></td><td><b>Definition</b></td></tr><tr><td><a href="CodeSystem-KorsbaandEjBevaret.html#KorsbaandEjBevaret-ofret">ofret</a></td><td>Ofret ved kirurgi</td><td>Ofret ved kirurgi</td></tr><tr><td><a href="CodeSystem-KorsbaandEjBevaret.html#KorsbaandEjBevaret-fravaerende">fravaerende</a></td><td>Fraværende</td><td>Fraværende</td></tr><tr><td><a href="CodeSystem-KorsbaandEjBevaret.html#KorsbaandEjBevaret-beskadiget">beskadiget</a></td><td>Beskadiget</td><td>Beskadiget</td></tr></table></li></ul></div></text><url value="https://kip.rkkp.dk/fhir/ValueSet/KorsbaandEjBevaret"/><version value="0.1.8"/><name value="KorsbaandEjBevaret"/><title value="Korsbånd ikke bevaret"/><status value="active"/><experimental value="true"/><date value="2023-12-18T00:00:00+02:00"/><publisher value="Sundhedsvæsnets Kvalistetsinstitut with Trifork Digital Health A/S"/><contact><name value="Sundhedsvæsnets Kvalistetsinstitut with Trifork Digital Health A/S"/><telecom><system value="url"/><value value="https://trifork.com"/></telecom><telecom><system value="email"/><value value="rbk@trifork.com"/></telecom></contact><description value="Korsbånd ikke bevaret efter operation"/><compose><include><system value="https://kip.rkkp.dk/fhir/CodeSystem/KorsbaandEjBevaret"/><concept><code value="ofret"/><display value="Ofret ved kirurgi"/></concept><concept><code value="fravaerende"/><display value="Fraværende"/></concept><concept><code value="beskadiget"/><display value="Beskadiget"/></concept></include></compose></ValueSet>