<?xml version="1.0" encoding="UTF-8"?><ValueSet xmlns="http://hl7.org/fhir"><id value="SlyngeDUGA"/><text><status value="extensions"/><div xmlns="http://www.w3.org/1999/xhtml"><p class="res-header-id"><b>Generated Narrative: ValueSet SlyngeDUGA</b></p><a name="SlyngeDUGA"> </a><a name="hcSlyngeDUGA"> </a><a name="SlyngeDUGA-en-US"> </a><p>This value set includes codes based on the following rules:</p><ul><li>Include these codes as defined in <a href="CodeSystem-SlyngeDUGA.html"><code>https://kip.rkkp.dk/fhir/CodeSystem/SlyngeDUGA</code></a><table class="none"><tr><td style="white-space:nowrap"><b>Code</b></td><td><b>Display</b></td><td><b>Definition</b></td></tr><tr><td><a href="CodeSystem-SlyngeDUGA.html#SlyngeDUGA-Bard">Bard</a></td><td>Bard</td><td>Bard</td></tr><tr><td><a href="CodeSystem-SlyngeDUGA.html#SlyngeDUGA-BostonScientific">BostonScientific</a></td><td>Boston Scientific</td><td>Boston Scientific</td></tr><tr><td><a href="CodeSystem-SlyngeDUGA.html#SlyngeDUGA-Cousin">Cousin</a></td><td>Cousin</td><td>Cousin</td></tr><tr><td><a href="CodeSystem-SlyngeDUGA.html#SlyngeDUGA-johnson.38johnson">johnson&amp;johnson</a></td><td>Johnson &amp; Johnson</td><td>Johnson &amp; Johnson</td></tr></table></li><li>Include these codes as defined in <a href="CodeSystem-GenericValues.html"><code>https://kip.rkkp.dk/fhir/CodeSystem/GenericValues</code></a><table class="none"><tr><td style="white-space:nowrap"><b>Code</b></td><td><b>Display</b></td><td><b>Definition</b></td></tr><tr><td><a href="CodeSystem-GenericValues.html#GenericValues-other">other</a></td><td>Anden</td><td>Other - used to choose unspecific value not in a valueset</td></tr></table></li></ul></div></text><url value="https://kip.rkkp.dk/fhir/ValueSet/SlyngeDUGA"/><version value="0.1.8"/><name value="SlyngeDUGA"/><title value="Slynge (DUGA)"/><status value="active"/><experimental value="true"/><date value="2024-02-14T00:00:00+02:00"/><publisher value="Sundhedsvæsnets Kvalistetsinstitut with Trifork Digital Health A/S"/><contact><name value="Sundhedsvæsnets Kvalistetsinstitut with Trifork Digital Health A/S"/><telecom><system value="url"/><value value="https://trifork.com"/></telecom><telecom><system value="email"/><value value="rbk@trifork.com"/></telecom></contact><description value="Slynge (DUGA)"/><compose><include><system value="https://kip.rkkp.dk/fhir/CodeSystem/SlyngeDUGA"/><concept><code value="Bard"/><display value="Bard"/></concept><concept><code value="BostonScientific"/><display value="Boston Scientific"/></concept><concept><code value="Cousin"/><display value="Cousin"/></concept><concept><code value="johnson&amp;johnson"/><display value="Johnson &amp; Johnson"/></concept></include><include><system value="https://kip.rkkp.dk/fhir/CodeSystem/GenericValues"/><concept><code value="other"/><display value="Anden"/></concept></include></compose></ValueSet>