{"resourceType":"CodeSystem","id":"RevisionCause","text":{"status":"generated","div":"<div xmlns=\"http://www.w3.org/1999/xhtml\"><p class=\"res-header-id\"><b>Generated Narrative: CodeSystem RevisionCause</b></p><a name=\"RevisionCause\"> </a><a name=\"hcRevisionCause\"> </a><a name=\"RevisionCause-en-US\"> </a><p>This case-insensitive code system <code>https://kip.rkkp.dk/fhir/CodeSystem/RevisionCause</code> defines the following codes:</p><table class=\"codes\"><tr><td style=\"white-space:nowrap\"><b>Code</b></td><td><b>Display</b></td><td><b>Definition</b></td></tr><tr><td style=\"white-space:nowrap\">trauma<a name=\"RevisionCause-trauma\"> </a></td><td>Trauma</td><td>Trauma / traume</td></tr><tr><td style=\"white-space:nowrap\">tunnelwidening<a name=\"RevisionCause-tunnelwidening\"> </a></td><td>Tunnelwidening</td><td>Tunnelwidening</td></tr><tr><td style=\"white-space:nowrap\">suboptimal_graft_tibia<a name=\"RevisionCause-suboptimal_graft_tibia\"> </a></td><td>Suboptimal graft; placement in tibia</td><td>Suboptimal graft; placement in tibia / Suboptimal graft placering i tibia</td></tr><tr><td style=\"white-space:nowrap\">suboptimal_graft_femur<a name=\"RevisionCause-suboptimal_graft_femur\"> </a></td><td>Suboptimal graft; placement in femur</td><td>Suboptimal graft; placement in femur / Suboptimal graft placering i femur</td></tr><tr><td style=\"white-space:nowrap\">infection<a name=\"RevisionCause-infection\"> </a></td><td>Infection</td><td>Infection / Infektion</td></tr><tr><td style=\"white-space:nowrap\">ligamental_instability<a name=\"RevisionCause-ligamental_instability\"> </a></td><td>Other ligamental looseness causing instability</td><td>Other ligamental looseness causing instability / Anden ligamentær løshed som årsag til ny instabilitet</td></tr></table></div>"},"url":"https://kip.rkkp.dk/fhir/CodeSystem/RevisionCause","version":"0.1.6","name":"RevisionCause","title":"Revision; cause","status":"active","date":"2022-09-15T00:00:00+02:00","publisher":"Sundhedsvæsnets Kvalistetsinstitut with Trifork Digital Health A/S","contact":[{"name":"Sundhedsvæsnets Kvalistetsinstitut with Trifork Digital Health A/S","telecom":[{"system":"url","value":"https://trifork.com"},{"system":"email","value":"rbk@trifork.com"}]}],"description":"Revision; cause","caseSensitive":false,"content":"complete","count":6,"concept":[{"code":"trauma","display":"Trauma","definition":"Trauma / traume"},{"code":"tunnelwidening","display":"Tunnelwidening","definition":"Tunnelwidening"},{"code":"suboptimal_graft_tibia","display":"Suboptimal graft; placement in tibia","definition":"Suboptimal graft; placement in tibia / Suboptimal graft placering i tibia"},{"code":"suboptimal_graft_femur","display":"Suboptimal graft; placement in femur","definition":"Suboptimal graft; placement in femur / Suboptimal graft placering i femur"},{"code":"infection","display":"Infection","definition":"Infection / Infektion"},{"code":"ligamental_instability","display":"Other ligamental looseness causing instability","definition":"Other ligamental looseness causing instability / Anden ligamentær løshed som årsag til ny instabilitet"}]}