{"resourceType":"CodeSystem","id":"EDTACodes","text":{"status":"generated","div":"<div xmlns=\"http://www.w3.org/1999/xhtml\"><p class=\"res-header-id\"><b>Generated Narrative: CodeSystem EDTACodes</b></p><a name=\"EDTACodes\"> </a><a name=\"hcEDTACodes\"> </a><a name=\"EDTACodes-en-US\"> </a><p>This case-insensitive code system <code>https://kip.rkkp.dk/fhir/CodeSystem/EDTACodes</code> defines the following codes:</p><table class=\"codes\"><tr><td style=\"white-space:nowrap\"><b>Code</b></td><td><b>Display</b></td><td><b>Definition</b></td></tr><tr><td style=\"white-space:nowrap\">EDTA10<a name=\"EDTACodes-EDTA10\"> </a></td><td>EDTA10, Center-hæmodialyse</td><td>EDTA 10, Center-hæmodialyse</td></tr><tr><td style=\"white-space:nowrap\">EDTA11<a name=\"EDTACodes-EDTA11\"> </a></td><td>EDTA11, Limited-care dialyse</td><td>EDTA 11, Limited-care dialyse</td></tr><tr><td style=\"white-space:nowrap\">EDTA20<a name=\"EDTACodes-EDTA20\"> </a></td><td>EDTA20, Hjemme-hæmodialyse</td><td>EDTA 20, Hjemme-hæmodialyse</td></tr><tr><td style=\"white-space:nowrap\">EDTA30<a name=\"EDTACodes-EDTA30\"> </a></td><td>EDTA30, IPD-dialyse (hospital)</td><td>EDTA 30, IPD-dialyse (hospital)</td></tr><tr><td style=\"white-space:nowrap\">EDTA40<a name=\"EDTACodes-EDTA40\"> </a></td><td>EDTA40, CAPD-dialyse</td><td>EDTA 40, CAPD-dialyse</td></tr><tr><td style=\"white-space:nowrap\">EDTA41<a name=\"EDTACodes-EDTA41\"> </a></td><td>EDTA41, APD-dialyse</td><td>EDTA 41, APD-dialyse</td></tr><tr><td style=\"white-space:nowrap\">EDTA45<a name=\"EDTACodes-EDTA45\"> </a></td><td>EDTA45, Blandet PDHD-dialyse</td><td>EDTA 45, Blandet PDHD-dialyse</td></tr><tr><td style=\"white-space:nowrap\">EDTA46<a name=\"EDTACodes-EDTA46\"> </a></td><td>EDTA46, Assisteret PD (kun professionel; husk også at indtaste APD(CAPD))</td><td>EDTA 46, Assisteret PD (kun professionel; husk også at indtaste APD(CAPD))</td></tr><tr><td style=\"white-space:nowrap\">EDTA46a<a name=\"EDTACodes-EDTA46a\"> </a></td><td>EDTA46a, Assisteret CAPD (kun professionel)</td><td>EDTA 46a, Assisteret CAPD (kun professionel)</td></tr><tr><td style=\"white-space:nowrap\">EDTA46b<a name=\"EDTACodes-EDTA46b\"> </a></td><td>EDTA46b, Assisteret APD (kun professionel)</td><td>EDTA 46b, Assisteret APD (kun professionel)</td></tr><tr><td style=\"white-space:nowrap\">EDTA50<a name=\"EDTACodes-EDTA50\"> </a></td><td>EDTA50, Transplantation</td><td>EDTA50, Transplantation</td></tr><tr><td style=\"white-space:nowrap\">EDTA60<a name=\"EDTACodes-EDTA60\"> </a></td><td>EDTA60, Nyrefunktion start</td><td>EDTA60, Nyrefunktion start</td></tr><tr><td style=\"white-space:nowrap\">EDTA61<a name=\"EDTACodes-EDTA61\"> </a></td><td>EDTA61, Akut rejektion</td><td>EDTA61, Akut rejektion</td></tr><tr><td style=\"white-space:nowrap\">EDTA70<a name=\"EDTACodes-EDTA70\"> </a></td><td>EDTA70, Grafttab, irreversibelt (årsag ukendt)</td><td>EDTA70, Grafttab, irreversibelt (årsag ukendt)</td></tr><tr><td style=\"white-space:nowrap\">EDTA71<a name=\"EDTACodes-EDTA71\"> </a></td><td>EDTA71, Grafttab, hyperakut rejektion</td><td>EDTA71, Grafttab, hyperakut rejektion</td></tr><tr><td style=\"white-space:nowrap\">EDTA72<a name=\"EDTACodes-EDTA72\"> </a></td><td>EDTA72, Grafttab, rejektion (med immunosuppressiv beh.)</td><td>EDTA72, Grafttab, rejektion (med immunosuppressiv beh.)</td></tr><tr><td style=\"white-space:nowrap\">EDTA73<a name=\"EDTACodes-EDTA73\"> </a></td><td>EDTA73, Grafttab, rejektion (uden immunosuppressiv beh.)</td><td>EDTA73, Grafttab, rejektion (uden immunosuppressiv beh.)</td></tr><tr><td style=\"white-space:nowrap\">EDTA74<a name=\"EDTACodes-EDTA74\"> </a></td><td>EDTA74, Grafttab, reccurent primær leverlidelse</td><td>EDTA74, Grafttab, reccurent primær leverlidelse</td></tr><tr><td style=\"white-space:nowrap\">EDTA75<a name=\"EDTACodes-EDTA75\"> </a></td><td>EDTA75, Grafttab, vasculær/ureter operativt problem</td><td>EDTA75, Grafttab, vasculær/ureter operativt problem</td></tr><tr><td style=\"white-space:nowrap\">EDTA76<a name=\"EDTACodes-EDTA76\"> </a></td><td>EDTA76, Grafttab, vasculær thrombose uden op problem</td><td>EDTA76, Grafttab, vasculær thrombose uden op problem</td></tr><tr><td style=\"white-space:nowrap\">EDTA77<a name=\"EDTACodes-EDTA77\"> </a></td><td>EDTA77, Grafttab, infektion</td><td>EDTA77, Grafttab, infektion</td></tr><tr><td style=\"white-space:nowrap\">EDTA78<a name=\"EDTACodes-EDTA78\"> </a></td><td>EDTA78, Grafttab, fjernelse af fungerende graft</td><td>EDTA78, Grafttab, fjernelse af fungerende graft</td></tr><tr><td style=\"white-space:nowrap\">EDTA79<a name=\"EDTACodes-EDTA79\"> </a></td><td>EDTA79, Grafttab, ikke-fungerende graft</td><td>EDTA79, Grafttab, ikke-fungerende graft</td></tr></table></div>"},"url":"https://kip.rkkp.dk/fhir/CodeSystem/EDTACodes","version":"0.1.6","name":"EDTACodes","title":"EDTA koder (DNSL)","status":"active","date":"2024-01-10T00:00:00+02:00","publisher":"Sundhedsvæsnets Kvalistetsinstitut with Trifork Digital Health A/S","contact":[{"name":"Sundhedsvæsnets Kvalistetsinstitut with Trifork Digital Health A/S","telecom":[{"system":"url","value":"https://trifork.com"},{"system":"email","value":"rbk@trifork.com"}]}],"description":"EDTA koder (DNSL)","caseSensitive":false,"content":"complete","count":23,"concept":[{"code":"EDTA10","display":"EDTA10, Center-hæmodialyse","definition":"EDTA 10, Center-hæmodialyse"},{"code":"EDTA11","display":"EDTA11, Limited-care dialyse","definition":"EDTA 11, Limited-care dialyse"},{"code":"EDTA20","display":"EDTA20, Hjemme-hæmodialyse","definition":"EDTA 20, Hjemme-hæmodialyse"},{"code":"EDTA30","display":"EDTA30, IPD-dialyse (hospital)","definition":"EDTA 30, IPD-dialyse (hospital)"},{"code":"EDTA40","display":"EDTA40, CAPD-dialyse","definition":"EDTA 40, CAPD-dialyse"},{"code":"EDTA41","display":"EDTA41, APD-dialyse","definition":"EDTA 41, APD-dialyse"},{"code":"EDTA45","display":"EDTA45, Blandet PDHD-dialyse","definition":"EDTA 45, Blandet PDHD-dialyse"},{"code":"EDTA46","display":"EDTA46, Assisteret PD (kun professionel; husk også at indtaste APD(CAPD))","definition":"EDTA 46, Assisteret PD (kun professionel; husk også at indtaste APD(CAPD))"},{"code":"EDTA46a","display":"EDTA46a, Assisteret CAPD (kun professionel)","definition":"EDTA 46a, Assisteret CAPD (kun professionel)"},{"code":"EDTA46b","display":"EDTA46b, Assisteret APD (kun professionel)","definition":"EDTA 46b, Assisteret APD (kun professionel)"},{"code":"EDTA50","display":"EDTA50, Transplantation","definition":"EDTA50, Transplantation"},{"code":"EDTA60","display":"EDTA60, Nyrefunktion start","definition":"EDTA60, Nyrefunktion start"},{"code":"EDTA61","display":"EDTA61, Akut rejektion","definition":"EDTA61, Akut rejektion"},{"code":"EDTA70","display":"EDTA70, Grafttab, irreversibelt (årsag ukendt)","definition":"EDTA70, Grafttab, irreversibelt (årsag ukendt)"},{"code":"EDTA71","display":"EDTA71, Grafttab, hyperakut rejektion","definition":"EDTA71, Grafttab, hyperakut rejektion"},{"code":"EDTA72","display":"EDTA72, Grafttab, rejektion (med immunosuppressiv beh.)","definition":"EDTA72, Grafttab, rejektion (med immunosuppressiv beh.)"},{"code":"EDTA73","display":"EDTA73, Grafttab, rejektion (uden immunosuppressiv beh.)","definition":"EDTA73, Grafttab, rejektion (uden immunosuppressiv beh.)"},{"code":"EDTA74","display":"EDTA74, Grafttab, reccurent primær leverlidelse","definition":"EDTA74, Grafttab, reccurent primær leverlidelse"},{"code":"EDTA75","display":"EDTA75, Grafttab, vasculær/ureter operativt problem","definition":"EDTA75, Grafttab, vasculær/ureter operativt problem"},{"code":"EDTA76","display":"EDTA76, Grafttab, vasculær thrombose uden op problem","definition":"EDTA76, Grafttab, vasculær thrombose uden op problem"},{"code":"EDTA77","display":"EDTA77, Grafttab, infektion","definition":"EDTA77, Grafttab, infektion"},{"code":"EDTA78","display":"EDTA78, Grafttab, fjernelse af fungerende graft","definition":"EDTA78, Grafttab, fjernelse af fungerende graft"},{"code":"EDTA79","display":"EDTA79, Grafttab, ikke-fungerende graft","definition":"EDTA79, Grafttab, ikke-fungerende graft"}]}