{"resourceType":"CodeSystem","id":"MComponentType","text":{"status":"generated","div":"<div xmlns=\"http://www.w3.org/1999/xhtml\"><p class=\"res-header-id\"><b>Generated Narrative: CodeSystem MComponentType</b></p><a name=\"MComponentType\"> </a><a name=\"hcMComponentType\"> </a><a name=\"MComponentType-en-US\"> </a><p>This case-insensitive code system <code>https://kip.rkkp.dk/fhir/CodeSystem/MComponentType</code> defines the following codes in an undefined hierarchy:</p><table class=\"codes\"><tr><td><b>Lvl</b></td><td style=\"white-space:nowrap\"><b>Code</b></td><td><b>Display</b></td><td><b>Definition</b></td></tr><tr><td>1</td><td style=\"white-space:nowrap\">iga<a name=\"MComponentType-iga\"> </a></td><td>IgA</td><td>IgA</td></tr><tr><td>2</td><td style=\"white-space:nowrap\">\u00a0\u00a0iga_kappa<a name=\"MComponentType-iga_kappa\"> </a></td><td>IgA kappa</td><td>IgA kappa</td></tr><tr><td>2</td><td style=\"white-space:nowrap\">\u00a0\u00a0iga_lambda<a name=\"MComponentType-iga_lambda\"> </a></td><td>IgA lambda</td><td>IgA lambda</td></tr><tr><td>1</td><td style=\"white-space:nowrap\">igg<a name=\"MComponentType-igg\"> </a></td><td>IgG</td><td>IgG</td></tr><tr><td>2</td><td style=\"white-space:nowrap\">\u00a0\u00a0igg_kappa<a name=\"MComponentType-igg_kappa\"> </a></td><td>IgG kappa</td><td>IgG kappa</td></tr><tr><td>2</td><td style=\"white-space:nowrap\">\u00a0\u00a0igg_lambda<a name=\"MComponentType-igg_lambda\"> </a></td><td>IgG lambda</td><td>IgG lambda</td></tr><tr><td>1</td><td style=\"white-space:nowrap\">igm<a name=\"MComponentType-igm\"> </a></td><td>IgM</td><td>IgM</td></tr><tr><td>2</td><td style=\"white-space:nowrap\">\u00a0\u00a0igm_kappa<a name=\"MComponentType-igm_kappa\"> </a></td><td>IgM kappa</td><td>IgM kappa</td></tr><tr><td>2</td><td style=\"white-space:nowrap\">\u00a0\u00a0igm_lambda<a name=\"MComponentType-igm_lambda\"> </a></td><td>IgM lambda</td><td>IgM lambda</td></tr><tr><td>1</td><td style=\"white-space:nowrap\">igd<a name=\"MComponentType-igd\"> </a></td><td>IgD</td><td>IgD</td></tr><tr><td>2</td><td style=\"white-space:nowrap\">\u00a0\u00a0igd_kappa<a name=\"MComponentType-igd_kappa\"> </a></td><td>IgD kappa</td><td>IgD kappa</td></tr><tr><td>2</td><td style=\"white-space:nowrap\">\u00a0\u00a0igd_lambda<a name=\"MComponentType-igd_lambda\"> </a></td><td>IgD lambda</td><td>IgD lambda</td></tr><tr><td>1</td><td style=\"white-space:nowrap\">ige<a name=\"MComponentType-ige\"> </a></td><td>IgE</td><td>IgE</td></tr><tr><td>2</td><td style=\"white-space:nowrap\">\u00a0\u00a0ige_kappa<a name=\"MComponentType-ige_kappa\"> </a></td><td>IgE kappa</td><td>IgE kappa</td></tr><tr><td>2</td><td style=\"white-space:nowrap\">\u00a0\u00a0ige_lambda<a name=\"MComponentType-ige_lambda\"> </a></td><td>IgE lambda</td><td>IgE lambda</td></tr><tr><td>1</td><td style=\"white-space:nowrap\">kappa<a name=\"MComponentType-kappa\"> </a></td><td>Kappa (frie kæder)</td><td>Kappa (frie kæder)</td></tr><tr><td>1</td><td style=\"white-space:nowrap\">lambda<a name=\"MComponentType-lambda\"> </a></td><td>Lambda (frie kæder)</td><td>Lambda (frie kæder)</td></tr></table></div>"},"url":"https://kip.rkkp.dk/fhir/CodeSystem/MComponentType","version":"0.1.6","name":"MComponentType","title":"M component (Myeloma protein) type","status":"active","date":"2022-06-27T00:00:00+02:00","publisher":"Sundhedsvæsnets Kvalistetsinstitut with Trifork Digital Health A/S","contact":[{"name":"Sundhedsvæsnets Kvalistetsinstitut with Trifork Digital Health A/S","telecom":[{"system":"url","value":"https://trifork.com"},{"system":"email","value":"rbk@trifork.com"}]}],"description":"M component (Myeloma protein) type","caseSensitive":false,"content":"complete","count":17,"concept":[{"code":"iga","display":"IgA","definition":"IgA","concept":[{"code":"iga_kappa","display":"IgA kappa","definition":"IgA kappa"},{"code":"iga_lambda","display":"IgA lambda","definition":"IgA lambda"}]},{"code":"igg","display":"IgG","definition":"IgG","concept":[{"code":"igg_kappa","display":"IgG kappa","definition":"IgG kappa"},{"code":"igg_lambda","display":"IgG lambda","definition":"IgG lambda"}]},{"code":"igm","display":"IgM","definition":"IgM","concept":[{"code":"igm_kappa","display":"IgM kappa","definition":"IgM kappa"},{"code":"igm_lambda","display":"IgM lambda","definition":"IgM lambda"}]},{"code":"igd","display":"IgD","definition":"IgD","concept":[{"code":"igd_kappa","display":"IgD kappa","definition":"IgD kappa"},{"code":"igd_lambda","display":"IgD lambda","definition":"IgD lambda"}]},{"code":"ige","display":"IgE","definition":"IgE","concept":[{"code":"ige_kappa","display":"IgE kappa","definition":"IgE kappa"},{"code":"ige_lambda","display":"IgE lambda","definition":"IgE lambda"}]},{"code":"kappa","display":"Kappa (frie kæder)","definition":"Kappa (frie kæder)"},{"code":"lambda","display":"Lambda (frie kæder)","definition":"Lambda (frie kæder)"}]}