{"resourceType":"CodeSystem","id":"ProcedureDuration","text":{"status":"generated","div":"<div xmlns=\"http://www.w3.org/1999/xhtml\"><p class=\"res-header-id\"><b>Generated Narrative: CodeSystem ProcedureDuration</b></p><a name=\"ProcedureDuration\"> </a><a name=\"hcProcedureDuration\"> </a><a name=\"ProcedureDuration-en-US\"> </a><p>This  code system <code>https://kip.rkkp.dk/fhir/CodeSystem/ProcedureDuration</code> defines the following codes:</p><table class=\"codes\"><tr><td style=\"white-space:nowrap\"><b>Code</b></td><td><b>Definition</b></td></tr><tr><td style=\"white-space:nowrap\">=&lt;1<a name=\"ProcedureDuration-.61.601\"> </a></td><td>=&lt;1</td></tr><tr><td style=\"white-space:nowrap\">&gt;1<a name=\"ProcedureDuration-.621\"> </a></td><td>&gt;1</td></tr><tr><td style=\"white-space:nowrap\">=&lt;2<a name=\"ProcedureDuration-.61.602\"> </a></td><td>=&lt;2</td></tr><tr><td style=\"white-space:nowrap\">&gt;2<a name=\"ProcedureDuration-.622\"> </a></td><td>&gt;2</td></tr><tr><td style=\"white-space:nowrap\">=&lt;5<a name=\"ProcedureDuration-.61.605\"> </a></td><td>=&lt;5</td></tr><tr><td style=\"white-space:nowrap\">&gt;5<a name=\"ProcedureDuration-.625\"> </a></td><td>&gt;5</td></tr><tr><td style=\"white-space:nowrap\">=&lt;15<a name=\"ProcedureDuration-.61.6015\"> </a></td><td>=&lt;15</td></tr><tr><td style=\"white-space:nowrap\">&gt;15<a name=\"ProcedureDuration-.6215\"> </a></td><td>&gt;15</td></tr></table></div>"},"url":"https://kip.rkkp.dk/fhir/CodeSystem/ProcedureDuration","version":"0.1.6","name":"ProcedureDuration","title":"Procedure duration: Codes for different durations","status":"active","date":"2022-06-29T00:00:00+02:00","publisher":"Sundhedsvæsnets Kvalistetsinstitut with Trifork Digital Health A/S","contact":[{"name":"Sundhedsvæsnets Kvalistetsinstitut with Trifork Digital Health A/S","telecom":[{"system":"url","value":"https://trifork.com"},{"system":"email","value":"rbk@trifork.com"}]}],"description":"Procedure duration: Codes for different durations","content":"complete","count":8,"concept":[{"code":"=<1","display":"=<1","definition":"=<1"},{"code":">1","display":">1","definition":">1"},{"code":"=<2","display":"=<2","definition":"=<2"},{"code":">2","display":">2","definition":">2"},{"code":"=<5","display":"=<5","definition":"=<5"},{"code":">5","display":">5","definition":">5"},{"code":"=<15","display":"=<15","definition":"=<15"},{"code":">15","display":">15","definition":">15"}]}