{"resourceType":"CodeSystem","id":"SSSFacialParesis","text":{"status":"generated","div":"<div xmlns=\"http://www.w3.org/1999/xhtml\"><p class=\"res-header-id\"><b>Generated Narrative: CodeSystem SSSFacialParesis</b></p><a name=\"SSSFacialParesis\"> </a><a name=\"hcSSSFacialParesis\"> </a><a name=\"SSSFacialParesis-en-US\"> </a><p>This  code system <code>https://kip.rkkp.dk/fhir/CodeSystem/SSSFacialParesis</code> defines the following codes:</p><table class=\"codes\"><tr><td style=\"white-space:nowrap\"><b>Code</b></td><td><b>Definition</b></td></tr><tr><td style=\"white-space:nowrap\">2<a name=\"SSSFacialParesis-2\"> </a></td><td>Ingen eller tvivlsom parese.</td></tr><tr><td style=\"white-space:nowrap\">0<a name=\"SSSFacialParesis-0\"> </a></td><td>Sikker facialisparese</td></tr></table></div>"},"url":"https://kip.rkkp.dk/fhir/CodeSystem/SSSFacialParesis","version":"0.1.6","name":"SSSFacialParesis","title":"Scandinavian Stroke Scale (SSS) - Facial paresis","status":"active","date":"2022-06-23T00:00:00+02:00","publisher":"Sundhedsvæsnets Kvalistetsinstitut with Trifork Digital Health A/S","contact":[{"name":"Sundhedsvæsnets Kvalistetsinstitut with Trifork Digital Health A/S","telecom":[{"system":"url","value":"https://trifork.com"},{"system":"email","value":"rbk@trifork.com"}]}],"description":"Scandinavian Stroke Scale (SSS) - Facial paresis: Kun en sikker facialisparese giver 0. Hvis man er i tvivl gives 2.","content":"complete","count":2,"concept":[{"code":"2","display":"2","definition":"Ingen eller tvivlsom parese."},{"code":"0","display":"0","definition":"Sikker facialisparese"}]}