{"resourceType":"CodeSystem","id":"SKS","text":{"status":"generated","div":"<div xmlns=\"http://www.w3.org/1999/xhtml\"><p class=\"res-header-id\"><b>Generated Narrative: CodeSystem SKS</b></p><a name=\"SKS\"> </a><a name=\"hcSKS\"> </a><a name=\"SKS-en-US\"> </a><p>This  code system <code>https://kip.rkkp.dk/fhir/CodeSystem/SKS</code> provides <b>a fragment</b> that includes following codes in an undefined hierarchy:</p><table class=\"codes\"><tr><td><b>Lvl</b></td><td style=\"white-space:nowrap\"><b>Code</b></td><td><b>Display</b></td><td><b>Definition</b></td></tr><tr><td>1</td><td style=\"white-space:nowrap\">AAF1<a name=\"SKS-AAF1\"> </a></td><td>Indlæggelse</td><td>AAF1 - Indlæggelse</td></tr><tr><td>1</td><td style=\"white-space:nowrap\">AAF2<a name=\"SKS-AAF2\"> </a></td><td>Ambulant</td><td>AAF2 - Ambulant</td></tr><tr><td>1</td><td style=\"white-space:nowrap\">AZCD10<a name=\"SKS-AZCD10\"> </a></td><td>cT0: Primær tumor ikke påvist</td><td>AZCD10 - cT0: Primær tumor ikke påvist</td></tr><tr><td>1</td><td style=\"white-space:nowrap\">AZCD12<a name=\"SKS-AZCD12\"> </a></td><td>cTis: Carcinoma in situ</td><td>AZCD12 - cTis: Carcinoma in situ</td></tr><tr><td>1</td><td style=\"white-space:nowrap\">AZCD13<a name=\"SKS-AZCD13\"> </a></td><td>cT1: Primær tumors størrelse/udstrækning</td><td>AZCD13 - cT1: Primær tumors størrelse/udstrækning</td></tr><tr><td>1</td><td style=\"white-space:nowrap\">AZCD14<a name=\"SKS-AZCD14\"> </a></td><td>cT2: Primær tumors størrelse/udstrækning</td><td>AZCD14 - cT2: Primær tumors størrelse/udstrækning</td></tr><tr><td>1</td><td style=\"white-space:nowrap\">AZCD15<a name=\"SKS-AZCD15\"> </a></td><td>cT3: Primær tumors størrelse/udstrækning</td><td>AZCD15 - cT3: Primær tumors størrelse/udstrækning</td></tr><tr><td>1</td><td style=\"white-space:nowrap\">AZCD16<a name=\"SKS-AZCD16\"> </a></td><td>cT4: Primær tumors størrelse/udstrækning</td><td>AZCD16 - cT4: Primær tumors størrelse/udstrækning</td></tr><tr><td>2</td><td style=\"white-space:nowrap\">\u00a0\u00a0AZCD16A<a name=\"SKS-AZCD16A\"> </a></td><td>cT4a: Primær tumors størrelse/udstrækning</td><td>AZCD16A - cT4a: Primær tumors størrelse/udstrækning</td></tr><tr><td>2</td><td style=\"white-space:nowrap\">\u00a0\u00a0AZCD16B<a name=\"SKS-AZCD16B\"> </a></td><td>cT4b: Primær tumors størrelse/udstrækning</td><td>AZCD16B - cT4b: Primær tumors størrelse/udstrækning</td></tr><tr><td>2</td><td style=\"white-space:nowrap\">\u00a0\u00a0AZCD16C<a name=\"SKS-AZCD16C\"> </a></td><td>cT4c: Primær tumors størrelse/udstrækning</td><td>AZCD16C - cT4c: Primær tumors størrelse/udstrækning</td></tr><tr><td>2</td><td style=\"white-space:nowrap\">\u00a0\u00a0AZCD16D<a name=\"SKS-AZCD16D\"> </a></td><td>cT4d: Primær tumors størrelse/udstrækning</td><td>AZCD16D - cT4d: Primær tumors størrelse/udstrækning</td></tr><tr><td>2</td><td style=\"white-space:nowrap\">\u00a0\u00a0AZCD16E<a name=\"SKS-AZCD16E\"> </a></td><td>cT4e: Primær tumors størrelse/udstrækning</td><td>AZCD16E - cT4e: Primær tumors størrelse/udstrækning</td></tr><tr><td>1</td><td style=\"white-space:nowrap\">AZCD19<a name=\"SKS-AZCD19\"> </a></td><td>cTx: Oplysning om tumors størrelse foreligger ikke i afd.</td><td>AZCD19 - cTx: Oplysning om tumors størrelse foreligger ikke i afd.</td></tr><tr><td>1</td><td style=\"white-space:nowrap\">AZCD30<a name=\"SKS-AZCD30\"> </a></td><td>cN0: Ingen regionale lymfeknudemetastaser</td><td>AZCD30 - cN0: Ingen regionale lymfeknudemetastaser</td></tr><tr><td>1</td><td style=\"white-space:nowrap\">AZCD31<a name=\"SKS-AZCD31\"> </a></td><td>cN1: Regional lymfeknudemetastase</td><td>AZCD31 - cN1: Regional lymfeknudemetastase</td></tr><tr><td>1</td><td style=\"white-space:nowrap\">AZCD32<a name=\"SKS-AZCD32\"> </a></td><td>cN2: Regional lymfeknudemetastase</td><td>AZCD32 - cN2: Regional lymfeknudemetastase</td></tr><tr><td>1</td><td style=\"white-space:nowrap\">AZCD33<a name=\"SKS-AZCD33\"> </a></td><td>cN3: Regional lymfeknudemetastase</td><td>AZCD33 - cN3: Regional lymfeknudemetastase</td></tr><tr><td>1</td><td style=\"white-space:nowrap\">AZCD39<a name=\"SKS-AZCD39\"> </a></td><td>cNx: Opl om regional lymfeknudestatus foreligger ikke i afd</td><td>AZCD39 - cNx: Opl om regional lymfeknudestatus foreligger ikke i afd</td></tr><tr><td>1</td><td style=\"white-space:nowrap\">AZCD40<a name=\"SKS-AZCD40\"> </a></td><td>cM0: Ingen fjernmetastaser</td><td>AZCD40 - cM0: Ingen fjernmetastaser</td></tr><tr><td>1</td><td style=\"white-space:nowrap\">AZCD41<a name=\"SKS-AZCD41\"> </a></td><td>cM1: Fjernmetastase</td><td>AZCD41 - cM1: Fjernmetastase</td></tr><tr><td>2</td><td style=\"white-space:nowrap\">\u00a0\u00a0AZCD41C<a name=\"SKS-AZCD41C\"> </a></td><td>cM1c: Fjernmetastase</td><td>AZCD41C - cM1c: Fjernmetastase</td></tr><tr><td>1</td><td style=\"white-space:nowrap\">BOHJ1<a name=\"SKS-BOHJ1\"> </a></td><td>Behandling med antistoffer</td><td>Behandling med antistoffer</td></tr><tr><td>1</td><td style=\"white-space:nowrap\">BOQA<a name=\"SKS-BOQA\"> </a></td><td>Behandling med blodtransfusion</td><td>Behandling med blodtransfusion</td></tr><tr><td>1</td><td style=\"white-space:nowrap\">BOQF0<a name=\"SKS-BOQF0\"> </a></td><td>Autolog knoglemarvstransplantation</td><td>BOQF0 - Autolog knoglemarvstransplantation</td></tr><tr><td>1</td><td style=\"white-space:nowrap\">BOQF1<a name=\"SKS-BOQF1\"> </a></td><td>Allogen knoglemarvstransplantation</td><td>BOQF1 - Allogen knoglemarvstransplantation</td></tr><tr><td>1</td><td style=\"white-space:nowrap\">BOQF2<a name=\"SKS-BOQF2\"> </a></td><td>Non myeloablativ knoglemarvstransplantation (mini-KMT)</td><td>BOQF2 - Non myeloablativ knoglemarvstransplantation (mini-KMT)</td></tr><tr><td>1</td><td style=\"white-space:nowrap\">BWG<a name=\"SKS-BWG\"> </a></td><td>Strålebehandling</td><td>BWG - Strålebehandling</td></tr><tr><td>1</td><td style=\"white-space:nowrap\">BWHA<a name=\"SKS-BWHA\"> </a></td><td>Cytostatisk behandling</td><td>Cytostatisk behandling</td></tr><tr><td>2</td><td style=\"white-space:nowrap\">\u00a0\u00a0BWHA119<a name=\"SKS-BWHA119\"> </a></td><td>Behandling med cyclophosphamid+doxorubicin+vinkristin+prednisolon (CHOP)</td><td>Behandling med cyclophosphamid+doxorubicin+vinkristin+prednisolon (CHOP)</td></tr><tr><td>2</td><td style=\"white-space:nowrap\">\u00a0\u00a0BWHA120<a name=\"SKS-BWHA120\"> </a></td><td>Behandling med MIME</td><td>Behandling med MIME</td></tr><tr><td>2</td><td style=\"white-space:nowrap\">\u00a0\u00a0BWHA134<a name=\"SKS-BWHA134\"> </a></td><td>Behandling med cyclophosphamid+vinkristin+prednisolon (CVP) (COP)</td><td>Behandling med cyclophosphamid+vinkristin+prednisolon (CVP) (COP)</td></tr><tr><td>2</td><td style=\"white-space:nowrap\">\u00a0\u00a0BWHA137<a name=\"SKS-BWHA137\"> </a></td><td>Behandling med mitoxantron+vinkristin+prednisolon (NOP)</td><td>Behandling med mitoxantron+vinkristin+prednisolon (NOP)</td></tr><tr><td>2</td><td style=\"white-space:nowrap\">\u00a0\u00a0BWHA138<a name=\"SKS-BWHA138\"> </a></td><td>Behandling med BEACOPP</td><td>Behandling med BEACOPP</td></tr><tr><td>2</td><td style=\"white-space:nowrap\">\u00a0\u00a0BWHA156<a name=\"SKS-BWHA156\"> </a></td><td>Behandling med cyclophosphamid+procarbazin+vinkristin+prednisolon (COPP)</td><td>Behandling med cyclophosphamid+procarbazin+vinkristin+prednisolon (COPP)</td></tr><tr><td>2</td><td style=\"white-space:nowrap\">\u00a0\u00a0BWHA164<a name=\"SKS-BWHA164\"> </a></td><td>Behandling med cyclophosphamid+etoposid+vinkristin+prednisolon (CEOP)</td><td>Behandling med cyclophosphamid+etoposid+vinkristin+prednisolon (CEOP)</td></tr><tr><td>2</td><td style=\"white-space:nowrap\">\u00a0\u00a0BWHA165<a name=\"SKS-BWHA165\"> </a></td><td>Behandling med cyclophosphamid+doxorubicin+vinkristin+etoposid+prednisolon (CHOEP)</td><td>Behandling med cyclophosphamid+doxorubicin+vinkristin+etoposid+prednisolon (CHOEP)</td></tr><tr><td>2</td><td style=\"white-space:nowrap\">\u00a0\u00a0BWHA166<a name=\"SKS-BWHA166\"> </a></td><td>Behandling med cyclophosphamid+mitoxantron+vinkristin+prednisolon (CNOP)</td><td>Behandling med cyclophosphamid+mitoxantron+vinkristin+prednisolon (CNOP)</td></tr><tr><td>2</td><td style=\"white-space:nowrap\">\u00a0\u00a0BWHA167<a name=\"SKS-BWHA167\"> </a></td><td>Behandling med doxyrubicin+bleomycin+vinblastin+dacarbazin (ABVD)</td><td>Behandling med doxyrubicin+bleomycin+vinblastin+dacarbazin (ABVD)</td></tr><tr><td>2</td><td style=\"white-space:nowrap\">\u00a0\u00a0BWHA168<a name=\"SKS-BWHA168\"> </a></td><td>Behandling med klorambucil+vinblastin+procarbazin+prednisolon (LVPP)</td><td>Behandling med klorambucil+vinblastin+procarbazin+prednisolon (LVPP)</td></tr><tr><td>2</td><td style=\"white-space:nowrap\">\u00a0\u00a0BWHA258<a name=\"SKS-BWHA258\"> </a></td><td>Behandling med cylophosphamid+doxorubicin+vinkristin+prednisolon eskaleret dosis (maxiCHOP)</td><td>Behandling med cylophosphamid+doxorubicin+vinkristin+prednisolon eskaleret dosis (maxiCHOP)</td></tr><tr><td>2</td><td style=\"white-space:nowrap\">\u00a0\u00a0BWHA309<a name=\"SKS-BWHA309\"> </a></td><td>Behandling med højdosis melfalan (konditionering)</td><td>BWHA309 - Behandling med højdosis melfalan (konditionering)</td></tr><tr><td>2</td><td style=\"white-space:nowrap\">\u00a0\u00a0BWHA310<a name=\"SKS-BWHA310\"> </a></td><td>Behandling med BEAM (konditionering)</td><td>Behandling med BEAM (konditionering)</td></tr><tr><td>1</td><td style=\"white-space:nowrap\">DC15<a name=\"SKS-DC15\"> </a></td><td>Kræft i spiserøret</td><td>Kræft i spiserøret</td></tr><tr><td>1</td><td style=\"white-space:nowrap\">DC16<a name=\"SKS-DC16\"> </a></td><td>Kræft i mavesækken</td><td>Kræft i mavesækken</td></tr><tr><td>1</td><td style=\"white-space:nowrap\">DC17<a name=\"SKS-DC17\"> </a></td><td>Kræft i tyndtarmen</td><td>Kræft i tyndtarmen</td></tr><tr><td>1</td><td style=\"white-space:nowrap\">DC22<a name=\"SKS-DC22\"> </a></td><td>Kræft i leveren og intrahepatiske galdegange</td><td>Kræft i leveren og intrahepatiske galdegange</td></tr><tr><td>1</td><td style=\"white-space:nowrap\">DC25<a name=\"SKS-DC25\"> </a></td><td>Kræft i bugspytkirtlen</td><td>Kræft i bugspytkirtlen</td></tr><tr><td>1</td><td style=\"white-space:nowrap\">DC32<a name=\"SKS-DC32\"> </a></td><td>Kræft i strubehovedet</td><td>Kræft i strubehovedet</td></tr><tr><td>1</td><td style=\"white-space:nowrap\">DC43<a name=\"SKS-DC43\"> </a></td><td>Modermærkekræft i huden</td><td>Modermærkekræft i huden</td></tr><tr><td>1</td><td style=\"white-space:nowrap\">DC50<a name=\"SKS-DC50\"> </a></td><td>Brystkræft</td><td>Brystkræft</td></tr><tr><td>1</td><td style=\"white-space:nowrap\">DC53<a name=\"SKS-DC53\"> </a></td><td>Kræft i livmoderhalsen</td><td>Kræft i livmoderhalsen</td></tr><tr><td>1</td><td style=\"white-space:nowrap\">DC61<a name=\"SKS-DC61\"> </a></td><td>Kræft i blærehalskirtlen</td><td>Kræft i blærehalskirtlen</td></tr><tr><td>1</td><td style=\"white-space:nowrap\">DC62<a name=\"SKS-DC62\"> </a></td><td>Testikelkræft</td><td>Testikelkræft</td></tr><tr><td>1</td><td style=\"white-space:nowrap\">DC67<a name=\"SKS-DC67\"> </a></td><td>Kræft i urinblæren</td><td>Kræft i urinblæren</td></tr><tr><td>1</td><td style=\"white-space:nowrap\">DC64-DC66<a name=\"SKS-DC64-DC66\"> </a></td><td>Kræft i nyre, nyrebækken og urinleder</td><td>Kræft i nyre, nyrebækken og urinleder</td></tr><tr><td>1</td><td style=\"white-space:nowrap\">DC73<a name=\"SKS-DC73\"> </a></td><td>Kræft i skjoldbruskkirtlen</td><td>Kræft i skjoldbruskkirtlen</td></tr><tr><td>1</td><td style=\"white-space:nowrap\">DC81<a name=\"SKS-DC81\"> </a></td><td>Hodgkin lymfomer</td><td>Hodgkin lymfomer</td></tr><tr><td>1</td><td style=\"white-space:nowrap\">DC90<a name=\"SKS-DC90\"> </a></td><td>Maligne plasmacelle neoplasier</td><td>Maligne plasmacelle neoplasier</td></tr><tr><td>1</td><td style=\"white-space:nowrap\">DC18<a name=\"SKS-DC18\"> </a></td><td>Kræft i tyktarmen</td><td>Kræft i tyktarmen</td></tr><tr><td>2</td><td style=\"white-space:nowrap\">\u00a0\u00a0DC180<a name=\"SKS-DC180\"> </a></td><td>Kræft i caecum</td><td>Kræft i caecum</td></tr><tr><td>2</td><td style=\"white-space:nowrap\">\u00a0\u00a0DC182<a name=\"SKS-DC182\"> </a></td><td>Kræft i colon ascendens</td><td>Kræft i colon ascendens</td></tr><tr><td>2</td><td style=\"white-space:nowrap\">\u00a0\u00a0DC183<a name=\"SKS-DC183\"> </a></td><td>Kræft i flexura coli dextra</td><td>Kræft i flexura coli dextra</td></tr><tr><td>2</td><td style=\"white-space:nowrap\">\u00a0\u00a0DC184<a name=\"SKS-DC184\"> </a></td><td>Kræft i colon transversum</td><td>Kræft i colon transversum</td></tr><tr><td>2</td><td style=\"white-space:nowrap\">\u00a0\u00a0DC185<a name=\"SKS-DC185\"> </a></td><td>Kræft i flexura coli sinistra</td><td>Kræft i flexura coli sinistra</td></tr><tr><td>2</td><td style=\"white-space:nowrap\">\u00a0\u00a0DC186<a name=\"SKS-DC186\"> </a></td><td>Kræft i colon descendens</td><td>Kræft i colon descendens</td></tr><tr><td>2</td><td style=\"white-space:nowrap\">\u00a0\u00a0DC187<a name=\"SKS-DC187\"> </a></td><td>Kræft i colon sigmoideum</td><td>Kræft i colon sigmoideum</td></tr><tr><td>2</td><td style=\"white-space:nowrap\">\u00a0\u00a0DC189<a name=\"SKS-DC189\"> </a></td><td>Kræft i tyktarmen UNS</td><td>Kræft i tyktarmen UNS</td></tr><tr><td>1</td><td style=\"white-space:nowrap\">DC20<a name=\"SKS-DC20\"> </a></td><td>Kræft i endetarmen</td><td>Kræft i endetarmen</td></tr><tr><td>1</td><td style=\"white-space:nowrap\">DC780<a name=\"SKS-DC780\"> </a></td><td>Fjernmetastase i lunge</td><td>Fjernmetastase i lunge</td></tr><tr><td>1</td><td style=\"white-space:nowrap\">DC786B<a name=\"SKS-DC786B\"> </a></td><td>Metastase i peritoneum</td><td>DC786B - Metastase i peritoneum</td></tr><tr><td>1</td><td style=\"white-space:nowrap\">DC787<a name=\"SKS-DC787\"> </a></td><td>Fjernmetastase i leveren</td><td>Fjernmetastase i leveren</td></tr><tr><td>1</td><td style=\"white-space:nowrap\">DC798D<a name=\"SKS-DC798D\"> </a></td><td>Fjernmetastase UNS</td><td>Fjernmetastase UNS</td></tr><tr><td>1</td><td style=\"white-space:nowrap\">DI110<a name=\"SKS-DI110\"> </a></td><td>Hypertensiv hjertesygdom med inkompenseret hjertesvigt</td><td>DI110 - Hypertensiv hjertesygdom med inkompenseret hjertesvigt</td></tr><tr><td>1</td><td style=\"white-space:nowrap\">DI130<a name=\"SKS-DI130\"> </a></td><td>Hypertensiv hjertesygdom og nyresygdom med hjertesvigt</td><td>DI130 - Hypertensiv hjertesygdom og nyresygdom med hjertesvigt</td></tr><tr><td>1</td><td style=\"white-space:nowrap\">DI132<a name=\"SKS-DI132\"> </a></td><td>Hypertensiv hjertesygdom og nyresygdom med hjertesvigt og nyresvigt</td><td>DI132 - Hypertensiv hjertesygdom og nyresygdom med hjertesvigt og nyresvigt</td></tr><tr><td>1</td><td style=\"white-space:nowrap\">DI420<a name=\"SKS-DI420\"> </a></td><td>Dilateret kardiomyopati</td><td>DI420 - Dilateret kardiomyopati</td></tr><tr><td>1</td><td style=\"white-space:nowrap\">DI426<a name=\"SKS-DI426\"> </a></td><td>Alkoholisk kardiomyopati</td><td>DI426 - Alkoholisk kardiomyopati</td></tr><tr><td>1</td><td style=\"white-space:nowrap\">DI427<a name=\"SKS-DI427\"> </a></td><td>Kardiomyopati forårsaget af lægemiddel eller andet agens</td><td>DI427 - Kardiomyopati forårsaget af lægemiddel eller andet agens</td></tr><tr><td>1</td><td style=\"white-space:nowrap\">DI429<a name=\"SKS-DI429\"> </a></td><td>Kardiomyopati UNS</td><td>DI429 - Kardiomyopati UNS</td></tr><tr><td>1</td><td style=\"white-space:nowrap\">DI500<a name=\"SKS-DI500\"> </a></td><td>Kronisk hjerteinsufficiens</td><td>DI500 - Kronisk hjerteinsufficiens</td></tr><tr><td>1</td><td style=\"white-space:nowrap\">DI501<a name=\"SKS-DI501\"> </a></td><td>Venstresidig hjerteinsufficiens</td><td>DI501 - Venstresidig hjerteinsufficiens</td></tr><tr><td>2</td><td style=\"white-space:nowrap\">\u00a0\u00a0DI501B<a name=\"SKS-DI501B\"> </a></td><td>Kardielt lungeødem</td><td>DI501B - Kardielt lungeødem</td></tr><tr><td>1</td><td style=\"white-space:nowrap\">DI509<a name=\"SKS-DI509\"> </a></td><td>Hjertesvigt UNS</td><td>DI509 - Hjertesvigt UNS</td></tr><tr><td>1</td><td style=\"white-space:nowrap\">DI60<a name=\"SKS-DI60\"> </a></td><td>Subaraknoidalblødning</td><td>DI60 - Subaraknoidalblødning</td></tr><tr><td>1</td><td style=\"white-space:nowrap\">DI61<a name=\"SKS-DI61\"> </a></td><td>Hjerneblødning</td><td>DI61 - Hjerneblødning</td></tr><tr><td>1</td><td style=\"white-space:nowrap\">DI63<a name=\"SKS-DI63\"> </a></td><td>Hjerneinfarkt</td><td>DI63 - Hjerneinfarkt</td></tr><tr><td>2</td><td style=\"white-space:nowrap\">\u00a0\u00a0DI630<a name=\"SKS-DI630\"> </a></td><td>Hjerneinfarkt forårsaget af trombose i præcerebral arterie</td><td>DI630 - Hjerneinfarkt forårsaget af trombose i præcerebral arterie</td></tr><tr><td>2</td><td style=\"white-space:nowrap\">\u00a0\u00a0DI631<a name=\"SKS-DI631\"> </a></td><td>Hjerneinfarkt forårsaget af emboli i præcerebral arterie</td><td>DI631 - Hjerneinfarkt forårsaget af emboli i præcerebral arterie</td></tr><tr><td>2</td><td style=\"white-space:nowrap\">\u00a0\u00a0DI632<a name=\"SKS-DI632\"> </a></td><td>Hjerneinfarkt forårsaget af tillukning eller stenose i præcerebral arterie UNS</td><td>DI632 - Hjerneinfarkt forårsaget af tillukning eller stenose i præcerebral arterie UNS</td></tr><tr><td>2</td><td style=\"white-space:nowrap\">\u00a0\u00a0DI633<a name=\"SKS-DI633\"> </a></td><td>Hjerneinfarkt forårsaget af trombose i cerebral arterie</td><td>DI633 - Hjerneinfarkt forårsaget af trombose i cerebral arterie</td></tr><tr><td>2</td><td style=\"white-space:nowrap\">\u00a0\u00a0DI634<a name=\"SKS-DI634\"> </a></td><td>Hjerneinfarkt forårsaget af emboli i cerebral arterie</td><td>DI634 - Hjerneinfarkt forårsaget af emboli i cerebral arterie</td></tr><tr><td>2</td><td style=\"white-space:nowrap\">\u00a0\u00a0DI635<a name=\"SKS-DI635\"> </a></td><td>Hjerneinfarkt forårsaget af tillukning eller stenose i cerebral arterie UNS</td><td>DI635 - Hjerneinfarkt forårsaget af tillukning eller stenose i cerebral arterie UNS</td></tr><tr><td>2</td><td style=\"white-space:nowrap\">\u00a0\u00a0DI638<a name=\"SKS-DI638\"> </a></td><td>Anden form for hjerneinfarkt</td><td>DI638 - Anden form for hjerneinfarkt</td></tr><tr><td>2</td><td style=\"white-space:nowrap\">\u00a0\u00a0DI639<a name=\"SKS-DI639\"> </a></td><td>Hjerneinfarkt UNS</td><td>DI639 - Hjerneinfarkt UNS</td></tr><tr><td>1</td><td style=\"white-space:nowrap\">DI64<a name=\"SKS-DI64\"> </a></td><td>Slagtilfælde uden oplysning om blødning eller infarkt</td><td>DI64 - Slagtilfælde uden oplysning om blødning eller infarkt</td></tr><tr><td>1</td><td style=\"white-space:nowrap\">DG45<a name=\"SKS-DG45\"> </a></td><td>Transitorisk cerebral iskæmi og beslægtede syndromer</td><td>DG45 - Transitorisk cerebral iskæmi og beslægtede syndromer</td></tr><tr><td>1</td><td style=\"white-space:nowrap\">DK40<a name=\"SKS-DK40\"> </a></td><td>Lyskebrok</td><td>DK40 - Lyskebrok</td></tr><tr><td>1</td><td style=\"white-space:nowrap\">DK41<a name=\"SKS-DK41\"> </a></td><td>Lårbrok</td><td>DK41 - Lårbrok</td></tr><tr><td>1</td><td style=\"white-space:nowrap\">KJFB20<a name=\"SKS-KJFB20\"> </a></td><td>Ileocækal resektion</td><td>KJFB20 - Ileocækal resektion</td></tr><tr><td>1</td><td style=\"white-space:nowrap\">KJFB30<a name=\"SKS-KJFB30\"> </a></td><td>Højresidig hemikolektomi</td><td>KJFB30 - Højresidig hemikolektomi</td></tr><tr><td>2</td><td style=\"white-space:nowrap\">\u00a0\u00a0KJFB30A<a name=\"SKS-KJFB30A\"> </a></td><td>Udvidet højresidig hemikolektomi</td><td>KJFB30A - Udvidet højresidig hemikolektomi</td></tr><tr><td>1</td><td style=\"white-space:nowrap\">KJFB34<a name=\"SKS-KJFB34\"> </a></td><td>Anden laparoskopisk samtidig resektion af tyndtarm og tyktarm</td><td>KJFB34 - Anden laparoskopisk samtidig resektion af tyndtarm og tyktarm</td></tr><tr><td>1</td><td style=\"white-space:nowrap\">KJFB40<a name=\"SKS-KJFB40\"> </a></td><td>Resektion af colon transversum</td><td>KJFB40 - Resektion af colon transversum</td></tr><tr><td>1</td><td style=\"white-space:nowrap\">KJFB43<a name=\"SKS-KJFB43\"> </a></td><td>Venstresidig hemikolektomi</td><td>KJFB43 - Venstresidig hemikolektomi</td></tr><tr><td>1</td><td style=\"white-space:nowrap\">KJFB46<a name=\"SKS-KJFB46\"> </a></td><td>Resektion af colon sigmoideum</td><td>KJFB46 - Resektion af colon sigmoideum</td></tr><tr><td>1</td><td style=\"white-space:nowrap\">KJFB50<a name=\"SKS-KJFB50\"> </a></td><td>Anden colonresektion</td><td>KJFB50 - Anden colonresektion</td></tr><tr><td>1</td><td style=\"white-space:nowrap\">KJFB53<a name=\"SKS-KJFB53\"> </a></td><td>Resektion af venstre fleksur</td><td>KJFB53 - Resektion af venstre fleksur</td></tr><tr><td>1</td><td style=\"white-space:nowrap\">KJFB60<a name=\"SKS-KJFB60\"> </a></td><td>Resektion af colon sigmoideum med kolostomi</td><td>KJFB60 - Resektion af colon sigmoideum med kolostomi</td></tr><tr><td>1</td><td style=\"white-space:nowrap\">KJFB63<a name=\"SKS-KJFB63\"> </a></td><td>Anden tyktarmsresektion med kolostomi og distal lukning</td><td>KJFB63 - Anden tyktarmsresektion med kolostomi og distal lukning</td></tr><tr><td>1</td><td style=\"white-space:nowrap\">KJFH00<a name=\"SKS-KJFH00\"> </a></td><td>Kolektomi og ileorektostomi</td><td>KJFH00 - Kolektomi og ileorektostomi</td></tr><tr><td>1</td><td style=\"white-space:nowrap\">KJFH10<a name=\"SKS-KJFH10\"> </a></td><td>Kolektomi og ileostomi</td><td>KJFH10 - Kolektomi og ileostomi</td></tr><tr><td>1</td><td style=\"white-space:nowrap\">KJFH20<a name=\"SKS-KJFH20\"> </a></td><td>Proktokolektomi og ileostomi</td><td>KJFH20 - Proktokolektomi og ileostomi</td></tr><tr><td>1</td><td style=\"white-space:nowrap\">KJGB00<a name=\"SKS-KJGB00\"> </a></td><td>Resektion af endetarm</td><td>KJGB00 - Resektion af endetarm</td></tr><tr><td>1</td><td style=\"white-space:nowrap\">KJGB10<a name=\"SKS-KJGB10\"> </a></td><td>Resektion af endetarm med kolostomi</td><td>KJGB10 - Resektion af endetarm med kolostomi</td></tr><tr><td>1</td><td style=\"white-space:nowrap\">KJGB32<a name=\"SKS-KJGB32\"> </a></td><td>Abdominal og intersphincterisk excision af endetarm</td><td>KJGB32 - Abdominal og intersphincterisk excision af endetarm</td></tr><tr><td>1</td><td style=\"white-space:nowrap\">KJGB35<a name=\"SKS-KJGB35\"> </a></td><td>Abdominal og ischioanal excision af endetarm</td><td>KJGB35 - Abdominal og ischioanal excision af endetarm</td></tr><tr><td>1</td><td style=\"white-space:nowrap\">KJGB36<a name=\"SKS-KJGB36\"> </a></td><td>Abdominal og ekstralevatorisk excision af endetarm</td><td>KJGB36 - Abdominal og ekstralevatorisk excision af endetarm</td></tr><tr><td>1</td><td style=\"white-space:nowrap\">KJAH00<a name=\"SKS-KJAH00\"> </a></td><td>Eksplorativ laparotomi</td><td>KJAH00 - Eksplorativ laparotomi</td></tr><tr><td>1</td><td style=\"white-space:nowrap\">KJMA<a name=\"SKS-KJMA\"> </a></td><td>Splenektomier</td><td>KJMA - Splenektomier</td></tr><tr><td>1</td><td style=\"white-space:nowrap\">KPAF20<a name=\"SKS-KPAF20\"> </a></td><td>Trombendarterektomi i a. carotis communis</td><td>KPAF20 - Trombendarterektomi i a. carotis communis</td></tr><tr><td>1</td><td style=\"white-space:nowrap\">KPAF21<a name=\"SKS-KPAF21\"> </a></td><td>Trombendarterektomi i a. carotis interna</td><td>KPAF21 - Trombendarterektomi i a. carotis interna</td></tr><tr><td>1</td><td style=\"white-space:nowrap\">KPAF22<a name=\"SKS-KPAF22\"> </a></td><td>Trombendarterektomi i a. carotis externa</td><td>KPAF22 - Trombendarterektomi i a. carotis externa</td></tr><tr><td>1</td><td style=\"white-space:nowrap\">KPAK21<a name=\"SKS-KPAK21\"> </a></td><td>Reimplantation af a. carotis interna</td><td>KPAK21 - Reimplantation af a. carotis interna</td></tr><tr><td>1</td><td style=\"white-space:nowrap\">KPAP10<a name=\"SKS-KPAP10\"> </a></td><td>Perkut. plastik på truncus brachiocephalicus</td><td>KPAP10 - Perkut. plastik på truncus brachiocephalicus</td></tr><tr><td>1</td><td style=\"white-space:nowrap\">KPAP20<a name=\"SKS-KPAP20\"> </a></td><td>Perkut. plastik på a. carotis communis</td><td>KPAP20 - Perkut. plastik på a. carotis communis</td></tr><tr><td>1</td><td style=\"white-space:nowrap\">KPAP21<a name=\"SKS-KPAP21\"> </a></td><td>Perkut. plastik på a. carotis interna</td><td>KPAP21 - Perkut. plastik på a. carotis interna</td></tr><tr><td>1</td><td style=\"white-space:nowrap\">KPAP30<a name=\"SKS-KPAP30\"> </a></td><td>Perkutan plastik på a. subclavia</td><td>KPAP30 - Perkutan plastik på a. subclavia</td></tr><tr><td>1</td><td style=\"white-space:nowrap\">KPAP99<a name=\"SKS-KPAP99\"> </a></td><td>Perkut. plastik på an. gren på a. afgå. fra aortabuen</td><td>KPAP99 - Perkut. plastik på an. gren på a. afgå. fra aortabuen</td></tr><tr><td>1</td><td style=\"white-space:nowrap\">KPBP10<a name=\"SKS-KPBP10\"> </a></td><td>Perkutan plastik på a. axillaris</td><td>KPBP10 - Perkutan plastik på a. axillaris</td></tr><tr><td>1</td><td style=\"white-space:nowrap\">KPBP20<a name=\"SKS-KPBP20\"> </a></td><td>Perkutan plastik på a. brachialis</td><td>KPBP20 - Perkutan plastik på a. brachialis</td></tr><tr><td>1</td><td style=\"white-space:nowrap\">KPBP99<a name=\"SKS-KPBP99\"> </a></td><td>Perkut. plastik på anden arterie i overekstremitet</td><td>KPBP99 - Perkut. plastik på anden arterie i overekstremitet</td></tr><tr><td>1</td><td style=\"white-space:nowrap\">KPBQ10<a name=\"SKS-KPBQ10\"> </a></td><td>Indsættelse af endoprotese i a. axillaris</td><td>KPBQ10 - Indsættelse af endoprotese i a. axillaris</td></tr><tr><td>1</td><td style=\"white-space:nowrap\">KPBQ20<a name=\"SKS-KPBQ20\"> </a></td><td>Indsættelse af endoprotese i a. brachialis</td><td>KPBQ20 - Indsættelse af endoprotese i a. brachialis</td></tr><tr><td>1</td><td style=\"white-space:nowrap\">KPBQ99<a name=\"SKS-KPBQ99\"> </a></td><td>Indsættelse af endoprotese i anden arterie i overekstremitet</td><td>KPBQ99 - Indsættelse af endoprotese i anden arterie i overekstremitet</td></tr><tr><td>1</td><td style=\"white-space:nowrap\">KPCG10<a name=\"SKS-KPCG10\"> </a></td><td>Aneurismeoperation på supracøliakale el. jukstarenale ao.</td><td>KPCG10 - Aneurismeoperation på supracøliakale el. jukstarenale ao.</td></tr><tr><td>1</td><td style=\"white-space:nowrap\">KPCP10<a name=\"SKS-KPCP10\"> </a></td><td>Perkutan plastik på suprarenale aorta</td><td>KPCP10 - Perkutan plastik på suprarenale aorta</td></tr><tr><td>1</td><td style=\"white-space:nowrap\">KPCP20<a name=\"SKS-KPCP20\"> </a></td><td>Perkut. plastik på truncus coeliacus el. grene</td><td>KPCP20 - Perkut. plastik på truncus coeliacus el. grene</td></tr><tr><td>1</td><td style=\"white-space:nowrap\">KPCP30<a name=\"SKS-KPCP30\"> </a></td><td>Perkut. plastik på a. mesenterica superior</td><td>KPCP30 - Perkut. plastik på a. mesenterica superior</td></tr><tr><td>1</td><td style=\"white-space:nowrap\">KPCP40<a name=\"SKS-KPCP40\"> </a></td><td>Perkutan plastik på a. renalis</td><td>KPCP40 - Perkutan plastik på a. renalis</td></tr><tr><td>1</td><td style=\"white-space:nowrap\">KPCP40A<a name=\"SKS-KPCP40A\"> </a></td><td>Perkut. plastik på arterie til transplanteret nyre</td><td>KPCP40A - Perkut. plastik på arterie til transplanteret nyre</td></tr><tr><td>1</td><td style=\"white-space:nowrap\">KPCP99<a name=\"SKS-KPCP99\"> </a></td><td>Perkut. plastik på anden visceralarterie</td><td>KPCP99 - Perkut. plastik på anden visceralarterie</td></tr><tr><td>1</td><td style=\"white-space:nowrap\">KPCQ10<a name=\"SKS-KPCQ10\"> </a></td><td>Inds af endoprotese i supracøliakale el. jukstrarenale aorta</td><td>KPCQ10 - Inds af endoprotese i supracøliakale el. jukstrarenale aorta</td></tr><tr><td>1</td><td style=\"white-space:nowrap\">KPCQ20<a name=\"SKS-KPCQ20\"> </a></td><td>Indsættelse af endoprotese i truncus coeliacus el. grene</td><td>KPCQ20 - Indsættelse af endoprotese i truncus coeliacus el. grene</td></tr><tr><td>1</td><td style=\"white-space:nowrap\">KPCQ30<a name=\"SKS-KPCQ30\"> </a></td><td>Indsættelse af endoprotese i a. mesenterica superior</td><td>KPCQ30 - Indsættelse af endoprotese i a. mesenterica superior</td></tr><tr><td>1</td><td style=\"white-space:nowrap\">KPCQ40<a name=\"SKS-KPCQ40\"> </a></td><td>Indsættelse af endoprotese i a. renalis</td><td>KPCQ40 - Indsættelse af endoprotese i a. renalis</td></tr><tr><td>1</td><td style=\"white-space:nowrap\">KPCQ99<a name=\"SKS-KPCQ99\"> </a></td><td>Indsættelse af endoprotese i anden visceralarterie</td><td>KPCQ99 - Indsættelse af endoprotese i anden visceralarterie</td></tr><tr><td>1</td><td style=\"white-space:nowrap\">KPCU83<a name=\"SKS-KPCU83\"> </a></td><td>Perkut. plastik på byp. fra suprarenale ao. el. viscerala.</td><td>KPCU83 - Perkut. plastik på byp. fra suprarenale ao. el. viscerala.</td></tr><tr><td>1</td><td style=\"white-space:nowrap\">KPCU84<a name=\"SKS-KPCU84\"> </a></td><td>Indsæt. af stent i byp. fra suprarenale ao. el. viscerala.</td><td>KPCU84 - Indsæt. af stent i byp. fra suprarenale ao. el. viscerala.</td></tr><tr><td>1</td><td style=\"white-space:nowrap\">KPCW20<a name=\"SKS-KPCW20\"> </a></td><td>Perkut. translum. fenestrering af suprarenale ao.</td><td>KPCW20 - Perkut. translum. fenestrering af suprarenale ao.</td></tr><tr><td>1</td><td style=\"white-space:nowrap\">KPDA10<a name=\"SKS-KPDA10\"> </a></td><td>Eksploration af infrarenale aorta</td><td>KPDA10 - Eksploration af infrarenale aorta</td></tr><tr><td>1</td><td style=\"white-space:nowrap\">KPDG10<a name=\"SKS-KPDG10\"> </a></td><td>Aneurismeoperation på infrarenale aorta</td><td>KPDG10 - Aneurismeoperation på infrarenale aorta</td></tr><tr><td>1</td><td style=\"white-space:nowrap\">KPDG20<a name=\"SKS-KPDG20\"> </a></td><td>Aneurismeoperation m. aortoiliakal byp.</td><td>KPDG20 - Aneurismeoperation m. aortoiliakal byp.</td></tr><tr><td>1</td><td style=\"white-space:nowrap\">KPDG21<a name=\"SKS-KPDG21\"> </a></td><td>Aneurismeoperation m. aortobi-iliakal byp.</td><td>KPDG21 - Aneurismeoperation m. aortobi-iliakal byp.</td></tr><tr><td>1</td><td style=\"white-space:nowrap\">KPDG22<a name=\"SKS-KPDG22\"> </a></td><td>Aneurismeop. m. aortoiliakal/kontralat. iliakofemoral byp.</td><td>KPDG22 - Aneurismeop. m. aortoiliakal/kontralat. iliakofemoral byp.</td></tr><tr><td>1</td><td style=\"white-space:nowrap\">KPDG23<a name=\"SKS-KPDG23\"> </a></td><td>Aneurismeoperation m. aortofemoral byp.</td><td>KPDG23 - Aneurismeoperation m. aortofemoral byp.</td></tr><tr><td>1</td><td style=\"white-space:nowrap\">KPDG24<a name=\"SKS-KPDG24\"> </a></td><td>Aneurismeoperation m. aortobifemoral byp.</td><td>KPDG24 - Aneurismeoperation m. aortobifemoral byp.</td></tr><tr><td>1</td><td style=\"white-space:nowrap\">KPDP10<a name=\"SKS-KPDP10\"> </a></td><td>Perkutan plastik på infrarenale aorta</td><td>KPDP10 - Perkutan plastik på infrarenale aorta</td></tr><tr><td>1</td><td style=\"white-space:nowrap\">KPDP30<a name=\"SKS-KPDP30\"> </a></td><td>Perkutan plastik på iliaka-arterie</td><td>KPDP30 - Perkutan plastik på iliaka-arterie</td></tr><tr><td>1</td><td style=\"white-space:nowrap\">KPDQ10<a name=\"SKS-KPDQ10\"> </a></td><td>Indsættelse af endoprotese i infrarenale aorta</td><td>KPDQ10 - Indsættelse af endoprotese i infrarenale aorta</td></tr><tr><td>1</td><td style=\"white-space:nowrap\">KPDQ20<a name=\"SKS-KPDQ20\"> </a></td><td>Indsættelse af endoprotese aorto-iliakalt</td><td>KPDQ20 - Indsættelse af endoprotese aorto-iliakalt</td></tr><tr><td>1</td><td style=\"white-space:nowrap\">KPDQ21<a name=\"SKS-KPDQ21\"> </a></td><td>Indsættelse af endoprotese aorto-bi-iliakalt</td><td>KPDQ21 - Indsættelse af endoprotese aorto-bi-iliakalt</td></tr><tr><td>1</td><td style=\"white-space:nowrap\">KPDU83<a name=\"SKS-KPDU83\"> </a></td><td>Perkut. plastik på byp. fra infraren. ao. el. iliaka-a.</td><td>KPDU83 - Perkut. plastik på byp. fra infraren. ao. el. iliaka-a.</td></tr><tr><td>1</td><td style=\"white-space:nowrap\">KPDU84<a name=\"SKS-KPDU84\"> </a></td><td>Indsæt. af stent i byp. fra infraren. ao. el. iliaka-a.</td><td>KPDU84 - Indsæt. af stent i byp. fra infraren. ao. el. iliaka-a.</td></tr><tr><td>1</td><td style=\"white-space:nowrap\">KPDW20<a name=\"SKS-KPDW20\"> </a></td><td>Perkut. translum. fenestrering af infrarenale ao.</td><td>KPDW20 - Perkut. translum. fenestrering af infrarenale ao.</td></tr><tr><td>1</td><td style=\"white-space:nowrap\">KPEH20<a name=\"SKS-KPEH20\"> </a></td><td>Byp. fra a. femor. til a. poplit. oven for knæet</td><td>KPEH20 - Byp. fra a. femor. til a. poplit. oven for knæet</td></tr><tr><td>1</td><td style=\"white-space:nowrap\">KPEH30<a name=\"SKS-KPEH30\"> </a></td><td>Byp. fra a. femor. til a. poplit. neden for knæet</td><td>KPEH30 - Byp. fra a. femor. til a. poplit. neden for knæet</td></tr><tr><td>1</td><td style=\"white-space:nowrap\">KPEP10<a name=\"SKS-KPEP10\"> </a></td><td>Perkut. plastik på a. femoralis communis</td><td>KPEP10 - Perkut. plastik på a. femoralis communis</td></tr><tr><td>1</td><td style=\"white-space:nowrap\">KPEP11<a name=\"SKS-KPEP11\"> </a></td><td>Perkut. plastik på a. profunda femoris</td><td>KPEP11 - Perkut. plastik på a. profunda femoris</td></tr><tr><td>1</td><td style=\"white-space:nowrap\">KPEP12<a name=\"SKS-KPEP12\"> </a></td><td>Perkut. plastik på a. femoralis superficialis</td><td>KPEP12 - Perkut. plastik på a. femoralis superficialis</td></tr><tr><td>1</td><td style=\"white-space:nowrap\">KPEQ10<a name=\"SKS-KPEQ10\"> </a></td><td>Indsættelse af endoprotese i a. femoralis communis</td><td>KPEQ10 - Indsættelse af endoprotese i a. femoralis communis</td></tr><tr><td>1</td><td style=\"white-space:nowrap\">KPEQ11<a name=\"SKS-KPEQ11\"> </a></td><td>Indsættelse af endoprotese i a. profunda femoris</td><td>KPEQ11 - Indsættelse af endoprotese i a. profunda femoris</td></tr><tr><td>1</td><td style=\"white-space:nowrap\">KPEQ12<a name=\"SKS-KPEQ12\"> </a></td><td>Indsættelse af endoprotese i a. femoralis superficialis</td><td>KPEQ12 - Indsættelse af endoprotese i a. femoralis superficialis</td></tr><tr><td>1</td><td style=\"white-space:nowrap\">KPEQ99<a name=\"SKS-KPEQ99\"> </a></td><td>An. indsæt. af endoprotese i a. femor. el. dens grene</td><td>KPEQ99 - An. indsæt. af endoprotese i a. femor. el. dens grene</td></tr><tr><td>1</td><td style=\"white-space:nowrap\">KPEU83<a name=\"SKS-KPEU83\"> </a></td><td>Perkut. plastik på byp. fra a. femor. til a. poplit.</td><td>KPEU83 - Perkut. plastik på byp. fra a. femor. til a. poplit.</td></tr><tr><td>1</td><td style=\"white-space:nowrap\">KPEU84<a name=\"SKS-KPEU84\"> </a></td><td>Indsæt. af stent i byp. fra a. femor. til a. poplit.</td><td>KPEU84 - Indsæt. af stent i byp. fra a. femor. til a. poplit.</td></tr><tr><td>1</td><td style=\"white-space:nowrap\">KPFH20<a name=\"SKS-KPFH20\"> </a></td><td>Byp. fra a. femor. el. a. poplit. til a. i underben</td><td>KPFH20 - Byp. fra a. femor. el. a. poplit. til a. i underben</td></tr><tr><td>1</td><td style=\"white-space:nowrap\">KPFH21<a name=\"SKS-KPFH21\"> </a></td><td>Byp. fra a. femor/poplit. til proks. del af a. tibialis ant.</td><td>KPFH21 - Byp. fra a. femor/poplit. til proks. del af a. tibialis ant.</td></tr><tr><td>1</td><td style=\"white-space:nowrap\">KPFH22<a name=\"SKS-KPFH22\"> </a></td><td>Byp. fra a. femor/poplit. til dist. del af a. tibialis ant.</td><td>KPFH22 - Byp. fra a. femor/poplit. til dist. del af a. tibialis ant.</td></tr><tr><td>1</td><td style=\"white-space:nowrap\">KPFH23<a name=\"SKS-KPFH23\"> </a></td><td>Byp. fra a. femor. el. a. poplit. til trun. tibioperonealis</td><td>KPFH23 - Byp. fra a. femor. el. a. poplit. til trun. tibioperonealis</td></tr><tr><td>1</td><td style=\"white-space:nowrap\">KPFH24<a name=\"SKS-KPFH24\"> </a></td><td>Byp. fra a. femor/poplit. til proks. a. tibialis post.</td><td>KPFH24 - Byp. fra a. femor/poplit. til proks. a. tibialis post.</td></tr><tr><td>1</td><td style=\"white-space:nowrap\">KPFH25<a name=\"SKS-KPFH25\"> </a></td><td>Byp. fra a. femor. el. a. poplit. til dist. a. tibialis post</td><td>KPFH25 - Byp. fra a. femor. el. a. poplit. til dist. a. tibialis post</td></tr><tr><td>1</td><td style=\"white-space:nowrap\">KPFH26<a name=\"SKS-KPFH26\"> </a></td><td>Byp. fra a. femor. el. a. poplit. til proks. a. peronealis</td><td>KPFH26 - Byp. fra a. femor. el. a. poplit. til proks. a. peronealis</td></tr><tr><td>1</td><td style=\"white-space:nowrap\">KPFH27<a name=\"SKS-KPFH27\"> </a></td><td>Byp. fra a. femor. el. a. poplit. til dist. a. peronealis</td><td>KPFH27 - Byp. fra a. femor. el. a. poplit. til dist. a. peronealis</td></tr><tr><td>1</td><td style=\"white-space:nowrap\">KPFH28<a name=\"SKS-KPFH28\"> </a></td><td>Byp. fra a. femor. el. a. poplit. til a. dorsalis pedis</td><td>KPFH28 - Byp. fra a. femor. el. a. poplit. til a. dorsalis pedis</td></tr><tr><td>1</td><td style=\"white-space:nowrap\">KPFH29<a name=\"SKS-KPFH29\"> </a></td><td>Byp. fra a. femor/poplit. til a. tibialis post. i fod</td><td>KPFH29 - Byp. fra a. femor/poplit. til a. tibialis post. i fod</td></tr><tr><td>1</td><td style=\"white-space:nowrap\">KPFH99<a name=\"SKS-KPFH99\"> </a></td><td>An. byp. fra a. femor. el. a. poplit. til a. i underben/fod</td><td>KPFH99 - An. byp. fra a. femor. el. a. poplit. til a. i underben/fod</td></tr><tr><td>1</td><td style=\"white-space:nowrap\">KPFP10<a name=\"SKS-KPFP10\"> </a></td><td>Perkutan plastik på a. poplitea</td><td>KPFP10 - Perkutan plastik på a. poplitea</td></tr><tr><td>1</td><td style=\"white-space:nowrap\">KPFP30<a name=\"SKS-KPFP30\"> </a></td><td>Perkut. plastik på arterie i underben el. fod</td><td>KPFP30 - Perkut. plastik på arterie i underben el. fod</td></tr><tr><td>1</td><td style=\"white-space:nowrap\">KPFQ10<a name=\"SKS-KPFQ10\"> </a></td><td>Indsættelse af endoprotese i a. poplitea</td><td>KPFQ10 - Indsættelse af endoprotese i a. poplitea</td></tr><tr><td>1</td><td style=\"white-space:nowrap\">KPFQ30<a name=\"SKS-KPFQ30\"> </a></td><td>Indsættelse af endoprotese i arterie i underben el. fod</td><td>KPFQ30 - Indsættelse af endoprotese i arterie i underben el. fod</td></tr><tr><td>1</td><td style=\"white-space:nowrap\">KPFU83<a name=\"SKS-KPFU83\"> </a></td><td>Perkut. plastik på byp. fra a-fem/poplit. til a-underben/fod</td><td>KPFU83 - Perkut. plastik på byp. fra a-fem/poplit. til a-underben/fod</td></tr><tr><td>1</td><td style=\"white-space:nowrap\">KPFU84<a name=\"SKS-KPFU84\"> </a></td><td>Indsæt. stent i byp. fra a. femor/poplit. til a-underben/fod</td><td>KPFU84 - Indsæt. stent i byp. fra a. femor/poplit. til a-underben/fod</td></tr><tr><td>1</td><td style=\"white-space:nowrap\">KPGU83<a name=\"SKS-KPGU83\"> </a></td><td>Perkut. plastik på ekstra-anatomisk byp.</td><td>KPGU83 - Perkut. plastik på ekstra-anatomisk byp.</td></tr><tr><td>1</td><td style=\"white-space:nowrap\">KPGU84<a name=\"SKS-KPGU84\"> </a></td><td>Indsættelse af stent i ekstra-anatomisk byp.</td><td>KPGU84 - Indsættelse af stent i ekstra-anatomisk byp.</td></tr><tr><td>1</td><td style=\"white-space:nowrap\">T000010<a name=\"SKS-T000010\"> </a></td><td>hud</td><td>T000010 - hud</td></tr><tr><td>1</td><td style=\"white-space:nowrap\">T000094<a name=\"SKS-T000094\"> </a></td><td>mamma</td><td>T000094 - mamma</td></tr><tr><td>1</td><td style=\"white-space:nowrap\">T000113<a name=\"SKS-T000113\"> </a></td><td>knoglemarv</td><td>T000113 - konglemarv</td></tr><tr><td>1</td><td style=\"white-space:nowrap\">T000132<a name=\"SKS-T000132\"> </a></td><td>milt</td><td>T000132 - milt</td></tr><tr><td>1</td><td style=\"white-space:nowrap\">T000134<a name=\"SKS-T000134\"> </a></td><td>lymfeknude</td><td>T000134 - lymfeknude</td></tr><tr><td>1</td><td style=\"white-space:nowrap\">T000146<a name=\"SKS-T000146\"> </a></td><td>lymfeknude på hals</td><td>T000146 - lymfeknude på hals</td></tr><tr><td>1</td><td style=\"white-space:nowrap\">T000148<a name=\"SKS-T000148\"> </a></td><td>supraclaviculær lymfeknude</td><td>T000148 - supraclaviculær lymfeknude</td></tr><tr><td>1</td><td style=\"white-space:nowrap\">T000154<a name=\"SKS-T000154\"> </a></td><td>infraclaviculær lymfeknude</td><td>T000154 - infraclaviculær lymfeknude</td></tr><tr><td>1</td><td style=\"white-space:nowrap\">T000174<a name=\"SKS-T000174\"> </a></td><td>lymfeknude i aksil</td><td>T000174 - lymfeknude i aksil</td></tr><tr><td>1</td><td style=\"white-space:nowrap\">T000177<a name=\"SKS-T000177\"> </a></td><td>lymfeknude i inguen</td><td>T000177 - lymfeknude i inguen</td></tr><tr><td>1</td><td style=\"white-space:nowrap\">T000224<a name=\"SKS-T000224\"> </a></td><td>Knogle</td><td>T000224 - Knogle</td></tr><tr><td>1</td><td style=\"white-space:nowrap\">T000240<a name=\"SKS-T000240\"> </a></td><td>os sacrum</td><td>T000240 - os sacrum</td></tr><tr><td>1</td><td style=\"white-space:nowrap\">T000241<a name=\"SKS-T000241\"> </a></td><td>os coccygis</td><td>T000241 - os coccygis</td></tr><tr><td>1</td><td style=\"white-space:nowrap\">T000298<a name=\"SKS-T000298\"> </a></td><td>skeletmuskulatur</td><td>T000298 - skeletmuskulatur</td></tr><tr><td>1</td><td style=\"white-space:nowrap\">T000347<a name=\"SKS-T000347\"> </a></td><td>cavitas nasi</td><td>T000347 - cavitas nasi</td></tr><tr><td>1</td><td style=\"white-space:nowrap\">T000352<a name=\"SKS-T000352\"> </a></td><td>Bihule</td><td>T000352 - Bihule</td></tr><tr><td>1</td><td style=\"white-space:nowrap\">T000398<a name=\"SKS-T000398\"> </a></td><td>lunge</td><td>T000398 - lunge</td></tr><tr><td>1</td><td style=\"white-space:nowrap\">T000400<a name=\"SKS-T000400\"> </a></td><td>lungehilum</td><td>T000400 - lungehilum</td></tr><tr><td>1</td><td style=\"white-space:nowrap\">T000438<a name=\"SKS-T000438\"> </a></td><td>Hjerte</td><td>T000438 - Hjerte</td></tr><tr><td>1</td><td style=\"white-space:nowrap\">T000492<a name=\"SKS-T000492\"> </a></td><td>blodkar</td><td>T000492 - blodkar</td></tr><tr><td>1</td><td style=\"white-space:nowrap\">T000522<a name=\"SKS-T000522\"> </a></td><td>arteria carotis interna</td><td>T000522 - arteria carotis interna</td></tr><tr><td>1</td><td style=\"white-space:nowrap\">T000523<a name=\"SKS-T000523\"> </a></td><td>arteria communicans posterior</td><td>T000523 - arteria communicans posterior</td></tr><tr><td>1</td><td style=\"white-space:nowrap\">T000526<a name=\"SKS-T000526\"> </a></td><td>arteria communicans anterior</td><td>T000526 - arteria communicans anterior</td></tr><tr><td>1</td><td style=\"white-space:nowrap\">T000527<a name=\"SKS-T000527\"> </a></td><td>arteria cerebri anterior</td><td>T000527 - arteria cerebri anterior</td></tr><tr><td>1</td><td style=\"white-space:nowrap\">T000528<a name=\"SKS-T000528\"> </a></td><td>arteria cerebri media</td><td>T000528 - arteria cerebri media</td></tr><tr><td>1</td><td style=\"white-space:nowrap\">T000529<a name=\"SKS-T000529\"> </a></td><td>arteria vertebralis</td><td>T000529 - arteria vertebralis</td></tr><tr><td>1</td><td style=\"white-space:nowrap\">T000530<a name=\"SKS-T000530\"> </a></td><td>arteria basilaris</td><td>T000530 - arteria basilaris</td></tr><tr><td>1</td><td style=\"white-space:nowrap\">T000531<a name=\"SKS-T000531\"> </a></td><td>arteria cerebelli</td><td>T000531 - arteria cerebelli</td></tr><tr><td>1</td><td style=\"white-space:nowrap\">T000569<a name=\"SKS-T000569\"> </a></td><td>mund</td><td>T000569 - mund</td></tr><tr><td>1</td><td style=\"white-space:nowrap\">T000600<a name=\"SKS-T000600\"> </a></td><td>Spytkirtler</td><td>T000600 - Spytkirtler</td></tr><tr><td>1</td><td style=\"white-space:nowrap\">T000607<a name=\"SKS-T000607\"> </a></td><td>lever</td><td>T000607 - lever</td></tr><tr><td>1</td><td style=\"white-space:nowrap\">T000627<a name=\"SKS-T000627\"> </a></td><td>galdeblære</td><td>T000627 - galdeblære</td></tr><tr><td>1</td><td style=\"white-space:nowrap\">T000638<a name=\"SKS-T000638\"> </a></td><td>pancreas</td><td>T000638 - pancreas</td></tr><tr><td>1</td><td style=\"white-space:nowrap\">T000647<a name=\"SKS-T000647\"> </a></td><td>Pharynx</td><td>T000647 - Pharynx</td></tr><tr><td>1</td><td style=\"white-space:nowrap\">T000654<a name=\"SKS-T000654\"> </a></td><td>Ganetonsil</td><td>T000654 - Ganetonsil</td></tr><tr><td>1</td><td style=\"white-space:nowrap\">T000657<a name=\"SKS-T000657\"> </a></td><td>Ganetonsiller</td><td>T000657 - Ganetonsiller</td></tr><tr><td>1</td><td style=\"white-space:nowrap\">T000662<a name=\"SKS-T000662\"> </a></td><td>øsofagus</td><td>T000662 - øsofagus</td></tr><tr><td>1</td><td style=\"white-space:nowrap\">T000670<a name=\"SKS-T000670\"> </a></td><td>ventrikel</td><td>T000670 - ventrikel</td></tr><tr><td>1</td><td style=\"white-space:nowrap\">T000695<a name=\"SKS-T000695\"> </a></td><td>tyndtarm</td><td>T000695 - tyndtarm</td></tr><tr><td>1</td><td style=\"white-space:nowrap\">T000702<a name=\"SKS-T000702\"> </a></td><td>mesenterium</td><td>T000702 - mesenterium</td></tr><tr><td>1</td><td style=\"white-space:nowrap\">T000703<a name=\"SKS-T000703\"> </a></td><td>duodenum</td><td>T000703 - duodenum</td></tr><tr><td>1</td><td style=\"white-space:nowrap\">T000725<a name=\"SKS-T000725\"> </a></td><td>colon</td><td>T000725 - colon</td></tr><tr><td>1</td><td style=\"white-space:nowrap\">T000773<a name=\"SKS-T000773\"> </a></td><td>nyre</td><td>T000773 - nyre</td></tr><tr><td>1</td><td style=\"white-space:nowrap\">T000803<a name=\"SKS-T000803\"> </a></td><td>ureter</td><td>T000803 - ureter</td></tr><tr><td>1</td><td style=\"white-space:nowrap\">T000812<a name=\"SKS-T000812\"> </a></td><td>vesica urinaria</td><td>T000812 - vesica urinaria</td></tr><tr><td>1</td><td style=\"white-space:nowrap\">T000824<a name=\"SKS-T000824\"> </a></td><td>urethra</td><td>T000824 - urethra</td></tr><tr><td>1</td><td style=\"white-space:nowrap\">T000834<a name=\"SKS-T000834\"> </a></td><td>prostata</td><td>T000834 - prostata</td></tr><tr><td>1</td><td style=\"white-space:nowrap\">T000840<a name=\"SKS-T000840\"> </a></td><td>vesicula seminalis</td><td>T000840 - vesicula seminalis</td></tr><tr><td>1</td><td style=\"white-space:nowrap\">T000842<a name=\"SKS-T000842\"> </a></td><td>testis</td><td>T000842 - testis</td></tr><tr><td>1</td><td style=\"white-space:nowrap\">T000854<a name=\"SKS-T000854\"> </a></td><td>begge testes</td><td>T000854 - begge testes</td></tr><tr><td>1</td><td style=\"white-space:nowrap\">T000892<a name=\"SKS-T000892\"> </a></td><td>vagina</td><td>T000892 - vagina</td></tr><tr><td>1</td><td style=\"white-space:nowrap\">T000898<a name=\"SKS-T000898\"> </a></td><td>uterus</td><td>T000898 - uterus</td></tr><tr><td>1</td><td style=\"white-space:nowrap\">T000948<a name=\"SKS-T000948\"> </a></td><td>begge ovarier</td><td>T000948 - begge ovarier</td></tr><tr><td>1</td><td style=\"white-space:nowrap\">T001022<a name=\"SKS-T001022\"> </a></td><td>glandula thyroidea</td><td>T001022 - glandula thyroidea</td></tr><tr><td>1</td><td style=\"white-space:nowrap\">T001039<a name=\"SKS-T001039\"> </a></td><td>centralnervesystem</td><td>T001039 - centralnervesystem</td></tr><tr><td>1</td><td style=\"white-space:nowrap\">T001057<a name=\"SKS-T001057\"> </a></td><td>arachnoidea</td><td>T001057 - arachnoidea</td></tr><tr><td>1</td><td style=\"white-space:nowrap\">T001127<a name=\"SKS-T001127\"> </a></td><td>bulbus oculi</td><td>T001127 - bulbus oculi</td></tr><tr><td>1</td><td style=\"white-space:nowrap\">T001145<a name=\"SKS-T001145\"> </a></td><td>glandula lacrimalis</td><td>T001145 - glandula lacrimalis</td></tr><tr><td>1</td><td style=\"white-space:nowrap\">T001182<a name=\"SKS-T001182\"> </a></td><td>Orbita</td><td>T001182 - Orbita</td></tr><tr><td>1</td><td style=\"white-space:nowrap\">T001210<a name=\"SKS-T001210\"> </a></td><td>mediastinum</td><td>T001210 - mediastinum</td></tr><tr><td>1</td><td style=\"white-space:nowrap\">T001220<a name=\"SKS-T001220\"> </a></td><td>bugvæg</td><td>T001220 - bugvæg</td></tr><tr><td>1</td><td style=\"white-space:nowrap\">T001222<a name=\"SKS-T001222\"> </a></td><td>peritoneum</td><td>T001222 - peritoneum</td></tr><tr><td>1</td><td style=\"white-space:nowrap\">T001227<a name=\"SKS-T001227\"> </a></td><td>retroperitoneum</td><td>T001227 - retroperitoneum</td></tr><tr><td>1</td><td style=\"white-space:nowrap\">T001231<a name=\"SKS-T001231\"> </a></td><td>Pelvis</td><td>T001231 - Pelvis</td></tr><tr><td>1</td><td style=\"white-space:nowrap\">TUL1<a name=\"SKS-TUL1\"> </a></td><td>højresidig</td><td>TUL1 - højresidig</td></tr><tr><td>1</td><td style=\"white-space:nowrap\">TUL2<a name=\"SKS-TUL2\"> </a></td><td>venstresidig</td><td>TUL2 - venstresidig</td></tr><tr><td>1</td><td style=\"white-space:nowrap\">TUL3<a name=\"SKS-TUL3\"> </a></td><td>dobbeltsidig</td><td>TUL3 - dobbeltsidig</td></tr><tr><td>1</td><td style=\"white-space:nowrap\">TUL7<a name=\"SKS-TUL7\"> </a></td><td>side kan ikke angives</td><td>TUL7 - side kan ikke angives</td></tr><tr><td>1</td><td style=\"white-space:nowrap\">TUL9A<a name=\"SKS-TUL9A\"> </a></td><td>lateral</td><td>TUL9A - lateral</td></tr><tr><td>1</td><td style=\"white-space:nowrap\">TUL9B<a name=\"SKS-TUL9B\"> </a></td><td>medial</td><td>TUL9B - medial</td></tr><tr><td>1</td><td style=\"white-space:nowrap\">ZDA03A1<a name=\"SKS-ZDA03A1\"> </a></td><td>Clavien grad 1</td><td>Clavien grad 1</td></tr><tr><td>1</td><td style=\"white-space:nowrap\">ZDA03A2<a name=\"SKS-ZDA03A2\"> </a></td><td>Clavien grad 2</td><td>Clavien grad 2</td></tr><tr><td>1</td><td style=\"white-space:nowrap\">ZDA03A3<a name=\"SKS-ZDA03A3\"> </a></td><td>Clavien grad 3</td><td>Clavien grad 3</td></tr><tr><td>2</td><td style=\"white-space:nowrap\">\u00a0\u00a0ZDA03A3A<a name=\"SKS-ZDA03A3A\"> </a></td><td>Clavien grad 3a</td><td>Clavien grad 3a</td></tr><tr><td>2</td><td style=\"white-space:nowrap\">\u00a0\u00a0ZDA03A3B<a name=\"SKS-ZDA03A3B\"> </a></td><td>Clavien grad 3b</td><td>Clavien grad 3b</td></tr><tr><td>1</td><td style=\"white-space:nowrap\">ZDA03A4<a name=\"SKS-ZDA03A4\"> </a></td><td>Clavien grad 4</td><td>Clavien grad 4</td></tr><tr><td>2</td><td style=\"white-space:nowrap\">\u00a0\u00a0ZDA03A4A<a name=\"SKS-ZDA03A4A\"> </a></td><td>Clavien grad 4a</td><td>Clavien grad 4a</td></tr><tr><td>2</td><td style=\"white-space:nowrap\">\u00a0\u00a0ZDA03A4B<a name=\"SKS-ZDA03A4B\"> </a></td><td>Clavien grad 4b</td><td>Clavien grad 4b</td></tr><tr><td>1</td><td style=\"white-space:nowrap\">ZDA03A5<a name=\"SKS-ZDA03A5\"> </a></td><td>Clavien grad 5</td><td>Clavien grad 5</td></tr><tr><td>1</td><td style=\"white-space:nowrap\">ZDI021<a name=\"SKS-ZDI021\"> </a></td><td>asymptomatisk</td><td>ZDI021 - asymptomatisk</td></tr><tr><td>1</td><td style=\"white-space:nowrap\">ZDI022<a name=\"SKS-ZDI022\"> </a></td><td>symptomatisk</td><td>ZDI022 - symptomatisk</td></tr></table></div>"},"url":"https://kip.rkkp.dk/fhir/CodeSystem/SKS","identifier":[{"system":"urn:ietf:rfc:3986","value":"urn:oid:1.2.208.176.2.4"}],"version":"0.1.6","name":"SKS","title":"Sundhedsvæsenets klassifikationssystem (SKS)","status":"active","date":"2022-06-07T00:00:00+02:00","publisher":"Sundhedsvæsnets Kvalistetsinstitut with Trifork Digital Health A/S","contact":[{"name":"Sundhedsvæsnets Kvalistetsinstitut with Trifork Digital Health A/S","telecom":[{"system":"url","value":"https://trifork.com"},{"system":"email","value":"rbk@trifork.com"}]}],"description":"Sundhedsvæsenets klassifikationssystem (SKS) - Udvalgte koder i RKKP. Link: urn:oid:1.2.208.176.2.4","content":"fragment","concept":[{"code":"AAF1","display":"Indlæggelse","definition":"AAF1 - Indlæggelse"},{"code":"AAF2","display":"Ambulant","definition":"AAF2 - Ambulant"},{"code":"AZCD10","display":"cT0: Primær tumor ikke påvist","definition":"AZCD10 - cT0: Primær tumor ikke påvist"},{"code":"AZCD12","display":"cTis: Carcinoma in situ","definition":"AZCD12 - cTis: Carcinoma in situ"},{"code":"AZCD13","display":"cT1: Primær tumors størrelse/udstrækning","definition":"AZCD13 - cT1: Primær tumors størrelse/udstrækning"},{"code":"AZCD14","display":"cT2: Primær tumors størrelse/udstrækning","definition":"AZCD14 - cT2: Primær tumors størrelse/udstrækning"},{"code":"AZCD15","display":"cT3: Primær tumors størrelse/udstrækning","definition":"AZCD15 - cT3: Primær tumors størrelse/udstrækning"},{"code":"AZCD16","display":"cT4: Primær tumors størrelse/udstrækning","definition":"AZCD16 - cT4: Primær tumors størrelse/udstrækning","concept":[{"code":"AZCD16A","display":"cT4a: Primær tumors størrelse/udstrækning","definition":"AZCD16A - cT4a: Primær tumors størrelse/udstrækning"},{"code":"AZCD16B","display":"cT4b: Primær tumors størrelse/udstrækning","definition":"AZCD16B - cT4b: Primær tumors størrelse/udstrækning"},{"code":"AZCD16C","display":"cT4c: Primær tumors størrelse/udstrækning","definition":"AZCD16C - cT4c: Primær tumors størrelse/udstrækning"},{"code":"AZCD16D","display":"cT4d: Primær tumors størrelse/udstrækning","definition":"AZCD16D - cT4d: Primær tumors størrelse/udstrækning"},{"code":"AZCD16E","display":"cT4e: Primær tumors størrelse/udstrækning","definition":"AZCD16E - cT4e: Primær tumors størrelse/udstrækning"}]},{"code":"AZCD19","display":"cTx: Oplysning om tumors størrelse foreligger ikke i afd.","definition":"AZCD19 - cTx: Oplysning om tumors størrelse foreligger ikke i afd."},{"code":"AZCD30","display":"cN0: Ingen regionale lymfeknudemetastaser","definition":"AZCD30 - cN0: Ingen regionale lymfeknudemetastaser"},{"code":"AZCD31","display":"cN1: Regional lymfeknudemetastase","definition":"AZCD31 - cN1: Regional lymfeknudemetastase"},{"code":"AZCD32","display":"cN2: Regional lymfeknudemetastase","definition":"AZCD32 - cN2: Regional lymfeknudemetastase"},{"code":"AZCD33","display":"cN3: Regional lymfeknudemetastase","definition":"AZCD33 - cN3: Regional lymfeknudemetastase"},{"code":"AZCD39","display":"cNx: Opl om regional lymfeknudestatus foreligger ikke i afd","definition":"AZCD39 - cNx: Opl om regional lymfeknudestatus foreligger ikke i afd"},{"code":"AZCD40","display":"cM0: Ingen fjernmetastaser","definition":"AZCD40 - cM0: Ingen fjernmetastaser"},{"code":"AZCD41","display":"cM1: Fjernmetastase","definition":"AZCD41 - cM1: Fjernmetastase","concept":[{"code":"AZCD41C","display":"cM1c: Fjernmetastase","definition":"AZCD41C - cM1c: Fjernmetastase"}]},{"code":"BOHJ1","display":"Behandling med antistoffer","definition":"Behandling med antistoffer"},{"code":"BOQA","display":"Behandling med blodtransfusion","definition":"Behandling med blodtransfusion"},{"code":"BOQF0","display":"Autolog knoglemarvstransplantation","definition":"BOQF0 - Autolog knoglemarvstransplantation"},{"code":"BOQF1","display":"Allogen knoglemarvstransplantation","definition":"BOQF1 - Allogen knoglemarvstransplantation"},{"code":"BOQF2","display":"Non myeloablativ knoglemarvstransplantation (mini-KMT)","definition":"BOQF2 - Non myeloablativ knoglemarvstransplantation (mini-KMT)"},{"code":"BWG","display":"Strålebehandling","definition":"BWG - Strålebehandling"},{"code":"BWHA","display":"Cytostatisk behandling","definition":"Cytostatisk behandling","concept":[{"code":"BWHA119","display":"Behandling med cyclophosphamid+doxorubicin+vinkristin+prednisolon (CHOP)","definition":"Behandling med cyclophosphamid+doxorubicin+vinkristin+prednisolon (CHOP)"},{"code":"BWHA120","display":"Behandling med MIME","definition":"Behandling med MIME"},{"code":"BWHA134","display":"Behandling med cyclophosphamid+vinkristin+prednisolon (CVP) (COP)","definition":"Behandling med cyclophosphamid+vinkristin+prednisolon (CVP) (COP)"},{"code":"BWHA137","display":"Behandling med mitoxantron+vinkristin+prednisolon (NOP)","definition":"Behandling med mitoxantron+vinkristin+prednisolon (NOP)"},{"code":"BWHA138","display":"Behandling med BEACOPP","definition":"Behandling med BEACOPP"},{"code":"BWHA156","display":"Behandling med cyclophosphamid+procarbazin+vinkristin+prednisolon (COPP)","definition":"Behandling med cyclophosphamid+procarbazin+vinkristin+prednisolon (COPP)"},{"code":"BWHA164","display":"Behandling med cyclophosphamid+etoposid+vinkristin+prednisolon (CEOP)","definition":"Behandling med cyclophosphamid+etoposid+vinkristin+prednisolon (CEOP)"},{"code":"BWHA165","display":"Behandling med cyclophosphamid+doxorubicin+vinkristin+etoposid+prednisolon (CHOEP)","definition":"Behandling med cyclophosphamid+doxorubicin+vinkristin+etoposid+prednisolon (CHOEP)"},{"code":"BWHA166","display":"Behandling med cyclophosphamid+mitoxantron+vinkristin+prednisolon (CNOP)","definition":"Behandling med cyclophosphamid+mitoxantron+vinkristin+prednisolon (CNOP)"},{"code":"BWHA167","display":"Behandling med doxyrubicin+bleomycin+vinblastin+dacarbazin (ABVD)","definition":"Behandling med doxyrubicin+bleomycin+vinblastin+dacarbazin (ABVD)"},{"code":"BWHA168","display":"Behandling med klorambucil+vinblastin+procarbazin+prednisolon (LVPP)","definition":"Behandling med klorambucil+vinblastin+procarbazin+prednisolon (LVPP)"},{"code":"BWHA258","display":"Behandling med cylophosphamid+doxorubicin+vinkristin+prednisolon eskaleret dosis (maxiCHOP)","definition":"Behandling med cylophosphamid+doxorubicin+vinkristin+prednisolon eskaleret dosis (maxiCHOP)"},{"code":"BWHA309","display":"Behandling med højdosis melfalan (konditionering)","definition":"BWHA309 - Behandling med højdosis melfalan (konditionering)"},{"code":"BWHA310","display":"Behandling med BEAM (konditionering)","definition":"Behandling med BEAM (konditionering)"}]},{"code":"DC15","display":"Kræft i spiserøret","definition":"Kræft i spiserøret"},{"code":"DC16","display":"Kræft i mavesækken","definition":"Kræft i mavesækken"},{"code":"DC17","display":"Kræft i tyndtarmen","definition":"Kræft i tyndtarmen"},{"code":"DC22","display":"Kræft i leveren og intrahepatiske galdegange","definition":"Kræft i leveren og intrahepatiske galdegange"},{"code":"DC25","display":"Kræft i bugspytkirtlen","definition":"Kræft i bugspytkirtlen"},{"code":"DC32","display":"Kræft i strubehovedet","definition":"Kræft i strubehovedet"},{"code":"DC43","display":"Modermærkekræft i huden","definition":"Modermærkekræft i huden"},{"code":"DC50","display":"Brystkræft","definition":"Brystkræft"},{"code":"DC53","display":"Kræft i livmoderhalsen","definition":"Kræft i livmoderhalsen"},{"code":"DC61","display":"Kræft i blærehalskirtlen","definition":"Kræft i blærehalskirtlen"},{"code":"DC62","display":"Testikelkræft","definition":"Testikelkræft"},{"code":"DC67","display":"Kræft i urinblæren","definition":"Kræft i urinblæren"},{"code":"DC64-DC66","display":"Kræft i nyre, nyrebækken og urinleder","definition":"Kræft i nyre, nyrebækken og urinleder"},{"code":"DC73","display":"Kræft i skjoldbruskkirtlen","definition":"Kræft i skjoldbruskkirtlen"},{"code":"DC81","display":"Hodgkin lymfomer","definition":"Hodgkin lymfomer"},{"code":"DC90","display":"Maligne plasmacelle neoplasier","definition":"Maligne plasmacelle neoplasier"},{"code":"DC18","display":"Kræft i tyktarmen","definition":"Kræft i tyktarmen","concept":[{"code":"DC180","display":"Kræft i caecum","definition":"Kræft i caecum"},{"code":"DC182","display":"Kræft i colon ascendens","definition":"Kræft i colon ascendens"},{"code":"DC183","display":"Kræft i flexura coli dextra","definition":"Kræft i flexura coli dextra"},{"code":"DC184","display":"Kræft i colon transversum","definition":"Kræft i colon transversum"},{"code":"DC185","display":"Kræft i flexura coli sinistra","definition":"Kræft i flexura coli sinistra"},{"code":"DC186","display":"Kræft i colon descendens","definition":"Kræft i colon descendens"},{"code":"DC187","display":"Kræft i colon sigmoideum","definition":"Kræft i colon sigmoideum"},{"code":"DC189","display":"Kræft i tyktarmen UNS","definition":"Kræft i tyktarmen UNS"}]},{"code":"DC20","display":"Kræft i endetarmen","definition":"Kræft i endetarmen"},{"code":"DC780","display":"Fjernmetastase i lunge","definition":"Fjernmetastase i lunge"},{"code":"DC786B","display":"Metastase i peritoneum","definition":"DC786B - Metastase i peritoneum"},{"code":"DC787","display":"Fjernmetastase i leveren","definition":"Fjernmetastase i leveren"},{"code":"DC798D","display":"Fjernmetastase UNS","definition":"Fjernmetastase UNS"},{"code":"DI110","display":"Hypertensiv hjertesygdom med inkompenseret hjertesvigt","definition":"DI110 - Hypertensiv hjertesygdom med inkompenseret hjertesvigt"},{"code":"DI130","display":"Hypertensiv hjertesygdom og nyresygdom med hjertesvigt","definition":"DI130 - Hypertensiv hjertesygdom og nyresygdom med hjertesvigt"},{"code":"DI132","display":"Hypertensiv hjertesygdom og nyresygdom med hjertesvigt og nyresvigt","definition":"DI132 - Hypertensiv hjertesygdom og nyresygdom med hjertesvigt og nyresvigt"},{"code":"DI420","display":"Dilateret kardiomyopati","definition":"DI420 - Dilateret kardiomyopati"},{"code":"DI426","display":"Alkoholisk kardiomyopati","definition":"DI426 - Alkoholisk kardiomyopati"},{"code":"DI427","display":"Kardiomyopati forårsaget af lægemiddel eller andet agens","definition":"DI427 - Kardiomyopati forårsaget af lægemiddel eller andet agens"},{"code":"DI429","display":"Kardiomyopati UNS","definition":"DI429 - Kardiomyopati UNS"},{"code":"DI500","display":"Kronisk hjerteinsufficiens","definition":"DI500 - Kronisk hjerteinsufficiens"},{"code":"DI501","display":"Venstresidig hjerteinsufficiens","definition":"DI501 - Venstresidig hjerteinsufficiens","concept":[{"code":"DI501B","display":"Kardielt lungeødem","definition":"DI501B - Kardielt lungeødem"}]},{"code":"DI509","display":"Hjertesvigt UNS","definition":"DI509 - Hjertesvigt UNS"},{"code":"DI60","display":"Subaraknoidalblødning","definition":"DI60 - Subaraknoidalblødning"},{"code":"DI61","display":"Hjerneblødning","definition":"DI61 - Hjerneblødning"},{"code":"DI63","display":"Hjerneinfarkt","definition":"DI63 - Hjerneinfarkt","concept":[{"code":"DI630","display":"Hjerneinfarkt forårsaget af trombose i præcerebral arterie","definition":"DI630 - Hjerneinfarkt forårsaget af trombose i præcerebral arterie"},{"code":"DI631","display":"Hjerneinfarkt forårsaget af emboli i præcerebral arterie","definition":"DI631 - Hjerneinfarkt forårsaget af emboli i præcerebral arterie"},{"code":"DI632","display":"Hjerneinfarkt forårsaget af tillukning eller stenose i præcerebral arterie UNS","definition":"DI632 - Hjerneinfarkt forårsaget af tillukning eller stenose i præcerebral arterie UNS"},{"code":"DI633","display":"Hjerneinfarkt forårsaget af trombose i cerebral arterie","definition":"DI633 - Hjerneinfarkt forårsaget af trombose i cerebral arterie"},{"code":"DI634","display":"Hjerneinfarkt forårsaget af emboli i cerebral arterie","definition":"DI634 - Hjerneinfarkt forårsaget af emboli i cerebral arterie"},{"code":"DI635","display":"Hjerneinfarkt forårsaget af tillukning eller stenose i cerebral arterie UNS","definition":"DI635 - Hjerneinfarkt forårsaget af tillukning eller stenose i cerebral arterie UNS"},{"code":"DI638","display":"Anden form for hjerneinfarkt","definition":"DI638 - Anden form for hjerneinfarkt"},{"code":"DI639","display":"Hjerneinfarkt UNS","definition":"DI639 - Hjerneinfarkt UNS"}]},{"code":"DI64","display":"Slagtilfælde uden oplysning om blødning eller infarkt","definition":"DI64 - Slagtilfælde uden oplysning om blødning eller infarkt"},{"code":"DG45","display":"Transitorisk cerebral iskæmi og beslægtede syndromer","definition":"DG45 - Transitorisk cerebral iskæmi og beslægtede syndromer"},{"code":"DK40","display":"Lyskebrok","definition":"DK40 - Lyskebrok"},{"code":"DK41","display":"Lårbrok","definition":"DK41 - Lårbrok"},{"code":"KJFB20","display":"Ileocækal resektion","definition":"KJFB20 - Ileocækal resektion"},{"code":"KJFB30","display":"Højresidig hemikolektomi","definition":"KJFB30 - Højresidig hemikolektomi","concept":[{"code":"KJFB30A","display":"Udvidet højresidig hemikolektomi","definition":"KJFB30A - Udvidet højresidig hemikolektomi"}]},{"code":"KJFB34","display":"Anden laparoskopisk samtidig resektion af tyndtarm og tyktarm","definition":"KJFB34 - Anden laparoskopisk samtidig resektion af tyndtarm og tyktarm"},{"code":"KJFB40","display":"Resektion af colon transversum","definition":"KJFB40 - Resektion af colon transversum"},{"code":"KJFB43","display":"Venstresidig hemikolektomi","definition":"KJFB43 - Venstresidig hemikolektomi"},{"code":"KJFB46","display":"Resektion af colon sigmoideum","definition":"KJFB46 - Resektion af colon sigmoideum"},{"code":"KJFB50","display":"Anden colonresektion","definition":"KJFB50 - Anden colonresektion"},{"code":"KJFB53","display":"Resektion af venstre fleksur","definition":"KJFB53 - Resektion af venstre fleksur"},{"code":"KJFB60","display":"Resektion af colon sigmoideum med kolostomi","definition":"KJFB60 - Resektion af colon sigmoideum med kolostomi"},{"code":"KJFB63","display":"Anden tyktarmsresektion med kolostomi og distal lukning","definition":"KJFB63 - Anden tyktarmsresektion med kolostomi og distal lukning"},{"code":"KJFH00","display":"Kolektomi og ileorektostomi","definition":"KJFH00 - Kolektomi og ileorektostomi"},{"code":"KJFH10","display":"Kolektomi og ileostomi","definition":"KJFH10 - Kolektomi og ileostomi"},{"code":"KJFH20","display":"Proktokolektomi og ileostomi","definition":"KJFH20 - Proktokolektomi og ileostomi"},{"code":"KJGB00","display":"Resektion af endetarm","definition":"KJGB00 - Resektion af endetarm"},{"code":"KJGB10","display":"Resektion af endetarm med kolostomi","definition":"KJGB10 - Resektion af endetarm med kolostomi"},{"code":"KJGB32","display":"Abdominal og intersphincterisk excision af endetarm","definition":"KJGB32 - Abdominal og intersphincterisk excision af endetarm"},{"code":"KJGB35","display":"Abdominal og ischioanal excision af endetarm","definition":"KJGB35 - Abdominal og ischioanal excision af endetarm"},{"code":"KJGB36","display":"Abdominal og ekstralevatorisk excision af endetarm","definition":"KJGB36 - Abdominal og ekstralevatorisk excision af endetarm"},{"code":"KJAH00","display":"Eksplorativ laparotomi","definition":"KJAH00 - Eksplorativ laparotomi"},{"code":"KJMA","display":"Splenektomier","definition":"KJMA - Splenektomier"},{"code":"KPAF20","display":"Trombendarterektomi i a. carotis communis","definition":"KPAF20 - Trombendarterektomi i a. carotis communis"},{"code":"KPAF21","display":"Trombendarterektomi i a. carotis interna","definition":"KPAF21 - Trombendarterektomi i a. carotis interna"},{"code":"KPAF22","display":"Trombendarterektomi i a. carotis externa","definition":"KPAF22 - Trombendarterektomi i a. carotis externa"},{"code":"KPAK21","display":"Reimplantation af a. carotis interna","definition":"KPAK21 - Reimplantation af a. carotis interna"},{"code":"KPAP10","display":"Perkut. plastik på truncus brachiocephalicus","definition":"KPAP10 - Perkut. plastik på truncus brachiocephalicus"},{"code":"KPAP20","display":"Perkut. plastik på a. carotis communis","definition":"KPAP20 - Perkut. plastik på a. carotis communis"},{"code":"KPAP21","display":"Perkut. plastik på a. carotis interna","definition":"KPAP21 - Perkut. plastik på a. carotis interna"},{"code":"KPAP30","display":"Perkutan plastik på a. subclavia","definition":"KPAP30 - Perkutan plastik på a. subclavia"},{"code":"KPAP99","display":"Perkut. plastik på an. gren på a. afgå. fra aortabuen","definition":"KPAP99 - Perkut. plastik på an. gren på a. afgå. fra aortabuen"},{"code":"KPBP10","display":"Perkutan plastik på a. axillaris","definition":"KPBP10 - Perkutan plastik på a. axillaris"},{"code":"KPBP20","display":"Perkutan plastik på a. brachialis","definition":"KPBP20 - Perkutan plastik på a. brachialis"},{"code":"KPBP99","display":"Perkut. plastik på anden arterie i overekstremitet","definition":"KPBP99 - Perkut. plastik på anden arterie i overekstremitet"},{"code":"KPBQ10","display":"Indsættelse af endoprotese i a. axillaris","definition":"KPBQ10 - Indsættelse af endoprotese i a. axillaris"},{"code":"KPBQ20","display":"Indsættelse af endoprotese i a. brachialis","definition":"KPBQ20 - Indsættelse af endoprotese i a. brachialis"},{"code":"KPBQ99","display":"Indsættelse af endoprotese i anden arterie i overekstremitet","definition":"KPBQ99 - Indsættelse af endoprotese i anden arterie i overekstremitet"},{"code":"KPCG10","display":"Aneurismeoperation på supracøliakale el. jukstarenale ao.","definition":"KPCG10 - Aneurismeoperation på supracøliakale el. jukstarenale ao."},{"code":"KPCP10","display":"Perkutan plastik på suprarenale aorta","definition":"KPCP10 - Perkutan plastik på suprarenale aorta"},{"code":"KPCP20","display":"Perkut. plastik på truncus coeliacus el. grene","definition":"KPCP20 - Perkut. plastik på truncus coeliacus el. grene"},{"code":"KPCP30","display":"Perkut. plastik på a. mesenterica superior","definition":"KPCP30 - Perkut. plastik på a. mesenterica superior"},{"code":"KPCP40","display":"Perkutan plastik på a. renalis","definition":"KPCP40 - Perkutan plastik på a. renalis"},{"code":"KPCP40A","display":"Perkut. plastik på arterie til transplanteret nyre","definition":"KPCP40A - Perkut. plastik på arterie til transplanteret nyre"},{"code":"KPCP99","display":"Perkut. plastik på anden visceralarterie","definition":"KPCP99 - Perkut. plastik på anden visceralarterie"},{"code":"KPCQ10","display":"Inds af endoprotese i supracøliakale el. jukstrarenale aorta","definition":"KPCQ10 - Inds af endoprotese i supracøliakale el. jukstrarenale aorta"},{"code":"KPCQ20","display":"Indsættelse af endoprotese i truncus coeliacus el. grene","definition":"KPCQ20 - Indsættelse af endoprotese i truncus coeliacus el. grene"},{"code":"KPCQ30","display":"Indsættelse af endoprotese i a. mesenterica superior","definition":"KPCQ30 - Indsættelse af endoprotese i a. mesenterica superior"},{"code":"KPCQ40","display":"Indsættelse af endoprotese i a. renalis","definition":"KPCQ40 - Indsættelse af endoprotese i a. renalis"},{"code":"KPCQ99","display":"Indsættelse af endoprotese i anden visceralarterie","definition":"KPCQ99 - Indsættelse af endoprotese i anden visceralarterie"},{"code":"KPCU83","display":"Perkut. plastik på byp. fra suprarenale ao. el. viscerala.","definition":"KPCU83 - Perkut. plastik på byp. fra suprarenale ao. el. viscerala."},{"code":"KPCU84","display":"Indsæt. af stent i byp. fra suprarenale ao. el. viscerala.","definition":"KPCU84 - Indsæt. af stent i byp. fra suprarenale ao. el. viscerala."},{"code":"KPCW20","display":"Perkut. translum. fenestrering af suprarenale ao.","definition":"KPCW20 - Perkut. translum. fenestrering af suprarenale ao."},{"code":"KPDA10","display":"Eksploration af infrarenale aorta","definition":"KPDA10 - Eksploration af infrarenale aorta"},{"code":"KPDG10","display":"Aneurismeoperation på infrarenale aorta","definition":"KPDG10 - Aneurismeoperation på infrarenale aorta"},{"code":"KPDG20","display":"Aneurismeoperation m. aortoiliakal byp.","definition":"KPDG20 - Aneurismeoperation m. aortoiliakal byp."},{"code":"KPDG21","display":"Aneurismeoperation m. aortobi-iliakal byp.","definition":"KPDG21 - Aneurismeoperation m. aortobi-iliakal byp."},{"code":"KPDG22","display":"Aneurismeop. m. aortoiliakal/kontralat. iliakofemoral byp.","definition":"KPDG22 - Aneurismeop. m. aortoiliakal/kontralat. iliakofemoral byp."},{"code":"KPDG23","display":"Aneurismeoperation m. aortofemoral byp.","definition":"KPDG23 - Aneurismeoperation m. aortofemoral byp."},{"code":"KPDG24","display":"Aneurismeoperation m. aortobifemoral byp.","definition":"KPDG24 - Aneurismeoperation m. aortobifemoral byp."},{"code":"KPDP10","display":"Perkutan plastik på infrarenale aorta","definition":"KPDP10 - Perkutan plastik på infrarenale aorta"},{"code":"KPDP30","display":"Perkutan plastik på iliaka-arterie","definition":"KPDP30 - Perkutan plastik på iliaka-arterie"},{"code":"KPDQ10","display":"Indsættelse af endoprotese i infrarenale aorta","definition":"KPDQ10 - Indsættelse af endoprotese i infrarenale aorta"},{"code":"KPDQ20","display":"Indsættelse af endoprotese aorto-iliakalt","definition":"KPDQ20 - Indsættelse af endoprotese aorto-iliakalt"},{"code":"KPDQ21","display":"Indsættelse af endoprotese aorto-bi-iliakalt","definition":"KPDQ21 - Indsættelse af endoprotese aorto-bi-iliakalt"},{"code":"KPDU83","display":"Perkut. plastik på byp. fra infraren. ao. el. iliaka-a.","definition":"KPDU83 - Perkut. plastik på byp. fra infraren. ao. el. iliaka-a."},{"code":"KPDU84","display":"Indsæt. af stent i byp. fra infraren. ao. el. iliaka-a.","definition":"KPDU84 - Indsæt. af stent i byp. fra infraren. ao. el. iliaka-a."},{"code":"KPDW20","display":"Perkut. translum. fenestrering af infrarenale ao.","definition":"KPDW20 - Perkut. translum. fenestrering af infrarenale ao."},{"code":"KPEH20","display":"Byp. fra a. femor. til a. poplit. oven for knæet","definition":"KPEH20 - Byp. fra a. femor. til a. poplit. oven for knæet"},{"code":"KPEH30","display":"Byp. fra a. femor. til a. poplit. neden for knæet","definition":"KPEH30 - Byp. fra a. femor. til a. poplit. neden for knæet"},{"code":"KPEP10","display":"Perkut. plastik på a. femoralis communis","definition":"KPEP10 - Perkut. plastik på a. femoralis communis"},{"code":"KPEP11","display":"Perkut. plastik på a. profunda femoris","definition":"KPEP11 - Perkut. plastik på a. profunda femoris"},{"code":"KPEP12","display":"Perkut. plastik på a. femoralis superficialis","definition":"KPEP12 - Perkut. plastik på a. femoralis superficialis"},{"code":"KPEQ10","display":"Indsættelse af endoprotese i a. femoralis communis","definition":"KPEQ10 - Indsættelse af endoprotese i a. femoralis communis"},{"code":"KPEQ11","display":"Indsættelse af endoprotese i a. profunda femoris","definition":"KPEQ11 - Indsættelse af endoprotese i a. profunda femoris"},{"code":"KPEQ12","display":"Indsættelse af endoprotese i a. femoralis superficialis","definition":"KPEQ12 - Indsættelse af endoprotese i a. femoralis superficialis"},{"code":"KPEQ99","display":"An. indsæt. af endoprotese i a. femor. el. dens grene","definition":"KPEQ99 - An. indsæt. af endoprotese i a. femor. el. dens grene"},{"code":"KPEU83","display":"Perkut. plastik på byp. fra a. femor. til a. poplit.","definition":"KPEU83 - Perkut. plastik på byp. fra a. femor. til a. poplit."},{"code":"KPEU84","display":"Indsæt. af stent i byp. fra a. femor. til a. poplit.","definition":"KPEU84 - Indsæt. af stent i byp. fra a. femor. til a. poplit."},{"code":"KPFH20","display":"Byp. fra a. femor. el. a. poplit. til a. i underben","definition":"KPFH20 - Byp. fra a. femor. el. a. poplit. til a. i underben"},{"code":"KPFH21","display":"Byp. fra a. femor/poplit. til proks. del af a. tibialis ant.","definition":"KPFH21 - Byp. fra a. femor/poplit. til proks. del af a. tibialis ant."},{"code":"KPFH22","display":"Byp. fra a. femor/poplit. til dist. del af a. tibialis ant.","definition":"KPFH22 - Byp. fra a. femor/poplit. til dist. del af a. tibialis ant."},{"code":"KPFH23","display":"Byp. fra a. femor. el. a. poplit. til trun. tibioperonealis","definition":"KPFH23 - Byp. fra a. femor. el. a. poplit. til trun. tibioperonealis"},{"code":"KPFH24","display":"Byp. fra a. femor/poplit. til proks. a. tibialis post.","definition":"KPFH24 - Byp. fra a. femor/poplit. til proks. a. tibialis post."},{"code":"KPFH25","display":"Byp. fra a. femor. el. a. poplit. til dist. a. tibialis post","definition":"KPFH25 - Byp. fra a. femor. el. a. poplit. til dist. a. tibialis post"},{"code":"KPFH26","display":"Byp. fra a. femor. el. a. poplit. til proks. a. peronealis","definition":"KPFH26 - Byp. fra a. femor. el. a. poplit. til proks. a. peronealis"},{"code":"KPFH27","display":"Byp. fra a. femor. el. a. poplit. til dist. a. peronealis","definition":"KPFH27 - Byp. fra a. femor. el. a. poplit. til dist. a. peronealis"},{"code":"KPFH28","display":"Byp. fra a. femor. el. a. poplit. til a. dorsalis pedis","definition":"KPFH28 - Byp. fra a. femor. el. a. poplit. til a. dorsalis pedis"},{"code":"KPFH29","display":"Byp. fra a. femor/poplit. til a. tibialis post. i fod","definition":"KPFH29 - Byp. fra a. femor/poplit. til a. tibialis post. i fod"},{"code":"KPFH99","display":"An. byp. fra a. femor. el. a. poplit. til a. i underben/fod","definition":"KPFH99 - An. byp. fra a. femor. el. a. poplit. til a. i underben/fod"},{"code":"KPFP10","display":"Perkutan plastik på a. poplitea","definition":"KPFP10 - Perkutan plastik på a. poplitea"},{"code":"KPFP30","display":"Perkut. plastik på arterie i underben el. fod","definition":"KPFP30 - Perkut. plastik på arterie i underben el. fod"},{"code":"KPFQ10","display":"Indsættelse af endoprotese i a. poplitea","definition":"KPFQ10 - Indsættelse af endoprotese i a. poplitea"},{"code":"KPFQ30","display":"Indsættelse af endoprotese i arterie i underben el. fod","definition":"KPFQ30 - Indsættelse af endoprotese i arterie i underben el. fod"},{"code":"KPFU83","display":"Perkut. plastik på byp. fra a-fem/poplit. til a-underben/fod","definition":"KPFU83 - Perkut. plastik på byp. fra a-fem/poplit. til a-underben/fod"},{"code":"KPFU84","display":"Indsæt. stent i byp. fra a. femor/poplit. til a-underben/fod","definition":"KPFU84 - Indsæt. stent i byp. fra a. femor/poplit. til a-underben/fod"},{"code":"KPGU83","display":"Perkut. plastik på ekstra-anatomisk byp.","definition":"KPGU83 - Perkut. plastik på ekstra-anatomisk byp."},{"code":"KPGU84","display":"Indsættelse af stent i ekstra-anatomisk byp.","definition":"KPGU84 - Indsættelse af stent i ekstra-anatomisk byp."},{"code":"T000010","display":"hud","definition":"T000010 - hud"},{"code":"T000094","display":"mamma","definition":"T000094 - mamma"},{"code":"T000113","display":"knoglemarv","definition":"T000113 - konglemarv"},{"code":"T000132","display":"milt","definition":"T000132 - milt"},{"code":"T000134","display":"lymfeknude","definition":"T000134 - lymfeknude"},{"code":"T000146","display":"lymfeknude på hals","definition":"T000146 - lymfeknude på hals"},{"code":"T000148","display":"supraclaviculær lymfeknude","definition":"T000148 - supraclaviculær lymfeknude"},{"code":"T000154","display":"infraclaviculær lymfeknude","definition":"T000154 - infraclaviculær lymfeknude"},{"code":"T000174","display":"lymfeknude i aksil","definition":"T000174 - lymfeknude i aksil"},{"code":"T000177","display":"lymfeknude i inguen","definition":"T000177 - lymfeknude i inguen"},{"code":"T000224","display":"Knogle","definition":"T000224 - Knogle"},{"code":"T000240","display":"os sacrum","definition":"T000240 - os sacrum"},{"code":"T000241","display":"os coccygis","definition":"T000241 - os coccygis"},{"code":"T000298","display":"skeletmuskulatur","definition":"T000298 - skeletmuskulatur"},{"code":"T000347","display":"cavitas nasi","definition":"T000347 - cavitas nasi"},{"code":"T000352","display":"Bihule","definition":"T000352 - Bihule"},{"code":"T000398","display":"lunge","definition":"T000398 - lunge"},{"code":"T000400","display":"lungehilum","definition":"T000400 - lungehilum"},{"code":"T000438","display":"Hjerte","definition":"T000438 - Hjerte"},{"code":"T000492","display":"blodkar","definition":"T000492 - blodkar"},{"code":"T000522","display":"arteria carotis interna","definition":"T000522 - arteria carotis interna"},{"code":"T000523","display":"arteria communicans posterior","definition":"T000523 - arteria communicans posterior"},{"code":"T000526","display":"arteria communicans anterior","definition":"T000526 - arteria communicans anterior"},{"code":"T000527","display":"arteria cerebri anterior","definition":"T000527 - arteria cerebri anterior"},{"code":"T000528","display":"arteria cerebri media","definition":"T000528 - arteria cerebri media"},{"code":"T000529","display":"arteria vertebralis","definition":"T000529 - arteria vertebralis"},{"code":"T000530","display":"arteria basilaris","definition":"T000530 - arteria basilaris"},{"code":"T000531","display":"arteria cerebelli","definition":"T000531 - arteria cerebelli"},{"code":"T000569","display":"mund","definition":"T000569 - mund"},{"code":"T000600","display":"Spytkirtler","definition":"T000600 - Spytkirtler"},{"code":"T000607","display":"lever","definition":"T000607 - lever"},{"code":"T000627","display":"galdeblære","definition":"T000627 - galdeblære"},{"code":"T000638","display":"pancreas","definition":"T000638 - pancreas"},{"code":"T000647","display":"Pharynx","definition":"T000647 - Pharynx"},{"code":"T000654","display":"Ganetonsil","definition":"T000654 - Ganetonsil"},{"code":"T000657","display":"Ganetonsiller","definition":"T000657 - Ganetonsiller"},{"code":"T000662","display":"øsofagus","definition":"T000662 - øsofagus"},{"code":"T000670","display":"ventrikel","definition":"T000670 - ventrikel"},{"code":"T000695","display":"tyndtarm","definition":"T000695 - tyndtarm"},{"code":"T000702","display":"mesenterium","definition":"T000702 - mesenterium"},{"code":"T000703","display":"duodenum","definition":"T000703 - duodenum"},{"code":"T000725","display":"colon","definition":"T000725 - colon"},{"code":"T000773","display":"nyre","definition":"T000773 - nyre"},{"code":"T000803","display":"ureter","definition":"T000803 - ureter"},{"code":"T000812","display":"vesica urinaria","definition":"T000812 - vesica urinaria"},{"code":"T000824","display":"urethra","definition":"T000824 - urethra"},{"code":"T000834","display":"prostata","definition":"T000834 - prostata"},{"code":"T000840","display":"vesicula seminalis","definition":"T000840 - vesicula seminalis"},{"code":"T000842","display":"testis","definition":"T000842 - testis"},{"code":"T000854","display":"begge testes","definition":"T000854 - begge testes"},{"code":"T000892","display":"vagina","definition":"T000892 - vagina"},{"code":"T000898","display":"uterus","definition":"T000898 - uterus"},{"code":"T000948","display":"begge ovarier","definition":"T000948 - begge ovarier"},{"code":"T001022","display":"glandula thyroidea","definition":"T001022 - glandula thyroidea"},{"code":"T001039","display":"centralnervesystem","definition":"T001039 - centralnervesystem"},{"code":"T001057","display":"arachnoidea","definition":"T001057 - arachnoidea"},{"code":"T001127","display":"bulbus oculi","definition":"T001127 - bulbus oculi"},{"code":"T001145","display":"glandula lacrimalis","definition":"T001145 - glandula lacrimalis"},{"code":"T001182","display":"Orbita","definition":"T001182 - Orbita"},{"code":"T001210","display":"mediastinum","definition":"T001210 - mediastinum"},{"code":"T001220","display":"bugvæg","definition":"T001220 - bugvæg"},{"code":"T001222","display":"peritoneum","definition":"T001222 - peritoneum"},{"code":"T001227","display":"retroperitoneum","definition":"T001227 - retroperitoneum"},{"code":"T001231","display":"Pelvis","definition":"T001231 - Pelvis"},{"code":"TUL1","display":"højresidig","definition":"TUL1 - højresidig"},{"code":"TUL2","display":"venstresidig","definition":"TUL2 - venstresidig"},{"code":"TUL3","display":"dobbeltsidig","definition":"TUL3 - dobbeltsidig"},{"code":"TUL7","display":"side kan ikke angives","definition":"TUL7 - side kan ikke angives"},{"code":"TUL9A","display":"lateral","definition":"TUL9A - lateral"},{"code":"TUL9B","display":"medial","definition":"TUL9B - medial"},{"code":"ZDA03A1","display":"Clavien grad 1","definition":"Clavien grad 1"},{"code":"ZDA03A2","display":"Clavien grad 2","definition":"Clavien grad 2"},{"code":"ZDA03A3","display":"Clavien grad 3","definition":"Clavien grad 3","concept":[{"code":"ZDA03A3A","display":"Clavien grad 3a","definition":"Clavien grad 3a"},{"code":"ZDA03A3B","display":"Clavien grad 3b","definition":"Clavien grad 3b"}]},{"code":"ZDA03A4","display":"Clavien grad 4","definition":"Clavien grad 4","concept":[{"code":"ZDA03A4A","display":"Clavien grad 4a","definition":"Clavien grad 4a"},{"code":"ZDA03A4B","display":"Clavien grad 4b","definition":"Clavien grad 4b"}]},{"code":"ZDA03A5","display":"Clavien grad 5","definition":"Clavien grad 5"},{"code":"ZDI021","display":"asymptomatisk","definition":"ZDI021 - asymptomatisk"},{"code":"ZDI022","display":"symptomatisk","definition":"ZDI022 - symptomatisk"}]}