{"resourceType":"CodeSystem","id":"CementType","text":{"status":"generated","div":"<div xmlns=\"http://www.w3.org/1999/xhtml\"><p class=\"res-header-id\"><b>Generated Narrative: CodeSystem CementType</b></p><a name=\"CementType\"> </a><a name=\"hcCementType\"> </a><a name=\"CementType-en-US\"> </a><p>This case-insensitive code system <code>https://kip.rkkp.dk/fhir/CodeSystem/CementType</code> defines the following codes:</p><table class=\"codes\"><tr><td style=\"white-space:nowrap\"><b>Code</b></td><td><b>Display</b></td><td><b>Definition</b></td></tr><tr><td style=\"white-space:nowrap\">biomet_cement_lv<a name=\"CementType-biomet_cement_lv\"> </a></td><td>Biomet: Bone Cement LV</td><td>Biomet: Bone Cement LV</td></tr><tr><td style=\"white-space:nowrap\">biomet_cement_r<a name=\"CementType-biomet_cement_r\"> </a></td><td>Biomet: Bone Cement R</td><td>Biomet: Bone Cement R</td></tr><tr><td style=\"white-space:nowrap\">biomet_cement_v<a name=\"CementType-biomet_cement_v\"> </a></td><td>Biomet: Bone Cement V</td><td>Biomet: Bone Cement V</td></tr><tr><td style=\"white-space:nowrap\">biomet_cement_plus<a name=\"CementType-biomet_cement_plus\"> </a></td><td>Biomet: Plus Bone Cement</td><td>Biomet: Plus Bone Cement</td></tr><tr><td style=\"white-space:nowrap\">cmw1<a name=\"CementType-cmw1\"> </a></td><td>CMW I</td><td>CMW I</td></tr><tr><td style=\"white-space:nowrap\">cmw2<a name=\"CementType-cmw2\"> </a></td><td>CMW II</td><td>CMW II</td></tr><tr><td style=\"white-space:nowrap\">cmw3<a name=\"CementType-cmw3\"> </a></td><td>CMW III</td><td>CMW III</td></tr><tr><td style=\"white-space:nowrap\">copal_gc<a name=\"CementType-copal_gc\"> </a></td><td>Copal G+C</td><td>Copal G+C</td></tr><tr><td style=\"white-space:nowrap\">copal_gv<a name=\"CementType-copal_gv\"> </a></td><td>Copal G+V</td><td>Copal G+V</td></tr><tr><td style=\"white-space:nowrap\">lvc_standard<a name=\"CementType-lvc_standard\"> </a></td><td>LVC-standard</td><td>LVC-standard</td></tr><tr><td style=\"white-space:nowrap\">palacos<a name=\"CementType-palacos\"> </a></td><td>Palacos</td><td>Palacos</td></tr><tr><td style=\"white-space:nowrap\">palacos_low<a name=\"CementType-palacos_low\"> </a></td><td>Palacos low</td><td>Palacos low</td></tr><tr><td style=\"white-space:nowrap\">palacos_rg<a name=\"CementType-palacos_rg\"> </a></td><td>Palacos R+G</td><td>Palacos R+G</td></tr><tr><td style=\"white-space:nowrap\">refobacin_cement_lv<a name=\"CementType-refobacin_cement_lv\"> </a></td><td>Refobacin: Bone Cement LV</td><td>Refobacin: Bone Cement LV</td></tr><tr><td style=\"white-space:nowrap\">refobacin_cement_r<a name=\"CementType-refobacin_cement_r\"> </a></td><td>Refobacin: Bone Cement R</td><td>Refobacin: Bone Cement R</td></tr><tr><td style=\"white-space:nowrap\">refobacin_cement_plus<a name=\"CementType-refobacin_cement_plus\"> </a></td><td>Refobacin: Plus Bone Cement</td><td>Refobacin: Plus Bone Cement</td></tr><tr><td style=\"white-space:nowrap\">refobacin_revision<a name=\"CementType-refobacin_revision\"> </a></td><td>Refobacin: Revision</td><td>Refobacin: Revision</td></tr><tr><td style=\"white-space:nowrap\">simplex<a name=\"CementType-simplex\"> </a></td><td>Simplex</td><td>Simplex</td></tr><tr><td style=\"white-space:nowrap\">simplex_p<a name=\"CementType-simplex_p\"> </a></td><td>Simplex P</td><td>Simplex P</td></tr><tr><td style=\"white-space:nowrap\">smartmix<a name=\"CementType-smartmix\"> </a></td><td>SmartMix</td><td>SmartMix</td></tr><tr><td style=\"white-space:nowrap\">smartset<a name=\"CementType-smartset\"> </a></td><td>SmartSet</td><td>SmartSet</td></tr><tr><td style=\"white-space:nowrap\">sulfix<a name=\"CementType-sulfix\"> </a></td><td>Sulfix</td><td>Sulfix</td></tr></table></div>"},"url":"https://kip.rkkp.dk/fhir/CodeSystem/CementType","version":"0.1.6","name":"CementType","title":"Cement type","status":"active","date":"2022-10-13T00:00:00+02:00","publisher":"Sundhedsvæsnets Kvalistetsinstitut with Trifork Digital Health A/S","contact":[{"name":"Sundhedsvæsnets Kvalistetsinstitut with Trifork Digital Health A/S","telecom":[{"system":"url","value":"https://trifork.com"},{"system":"email","value":"rbk@trifork.com"}]}],"description":"Cement type","caseSensitive":false,"content":"complete","count":22,"concept":[{"code":"biomet_cement_lv","display":"Biomet: Bone Cement LV","definition":"Biomet: Bone Cement LV"},{"code":"biomet_cement_r","display":"Biomet: Bone Cement R","definition":"Biomet: Bone Cement R"},{"code":"biomet_cement_v","display":"Biomet: Bone Cement V","definition":"Biomet: Bone Cement V"},{"code":"biomet_cement_plus","display":"Biomet: Plus Bone Cement","definition":"Biomet: Plus Bone Cement"},{"code":"cmw1","display":"CMW I","definition":"CMW I"},{"code":"cmw2","display":"CMW II","definition":"CMW II"},{"code":"cmw3","display":"CMW III","definition":"CMW III"},{"code":"copal_gc","display":"Copal G+C","definition":"Copal G+C"},{"code":"copal_gv","display":"Copal G+V","definition":"Copal G+V"},{"code":"lvc_standard","display":"LVC-standard","definition":"LVC-standard"},{"code":"palacos","display":"Palacos","definition":"Palacos"},{"code":"palacos_low","display":"Palacos low","definition":"Palacos low"},{"code":"palacos_rg","display":"Palacos R+G","definition":"Palacos R+G"},{"code":"refobacin_cement_lv","display":"Refobacin: Bone Cement LV","definition":"Refobacin: Bone Cement LV"},{"code":"refobacin_cement_r","display":"Refobacin: Bone Cement R","definition":"Refobacin: Bone Cement R"},{"code":"refobacin_cement_plus","display":"Refobacin: Plus Bone Cement","definition":"Refobacin: Plus Bone Cement"},{"code":"refobacin_revision","display":"Refobacin: Revision","definition":"Refobacin: Revision"},{"code":"simplex","display":"Simplex","definition":"Simplex"},{"code":"simplex_p","display":"Simplex P","definition":"Simplex P"},{"code":"smartmix","display":"SmartMix","definition":"SmartMix"},{"code":"smartset","display":"SmartSet","definition":"SmartSet"},{"code":"sulfix","display":"Sulfix","definition":"Sulfix"}]}