{"resourceType":"CodeSystem","id":"Registry","text":{"status":"generated","div":"<div xmlns=\"http://www.w3.org/1999/xhtml\"><p class=\"res-header-id\"><b>Generated Narrative: CodeSystem Registry</b></p><a name=\"Registry\"> </a><a name=\"hcRegistry\"> </a><a name=\"Registry-en-US\"> </a><p>This case-insensitive code system <code>https://kip.rkkp.dk/fhir/CodeSystem/Registry</code> defines the following codes:</p><table class=\"codes\"><tr><td style=\"white-space:nowrap\"><b>Code</b></td><td><b>Display</b></td><td><b>Definition</b></td></tr><tr><td style=\"white-space:nowrap\">ej_reg_pligtig<a name=\"Registry-ej_reg_pligtig\"> </a></td><td>Ej registreringspligtig hæmatologisk sygdom</td><td>Ej registreringspligtig hæmatologisk sygdom</td></tr><tr><td style=\"white-space:nowrap\">eksisterende<a name=\"Registry-eksisterende\"> </a></td><td>Eksisterende registreringer dækker over de(n) hæmatologiske sygdomme pt har</td><td>Eksisterende registreringer dækker over de(n) hæmatologiske sygdomme pt har</td></tr><tr><td style=\"white-space:nowrap\">udland<a name=\"Registry-udland\"> </a></td><td>Bosiddende i udlandet på diagnosetidspunktet</td><td>Bosiddende i udlandet på diagnosetidspunktet</td></tr><tr><td style=\"white-space:nowrap\">flyttet<a name=\"Registry-flyttet\"> </a></td><td>Patientforløb flyttet til anden hæmatologisk afdeling</td><td>Patientforløb flyttet til anden hæmatologisk afdeling</td></tr><tr><td style=\"white-space:nowrap\">barn<a name=\"Registry-barn\"> </a></td><td>Behandlet på børneafdeling el anden IKKE hæmatologisk afd</td><td>Behandlet på børneafdeling el anden IKKE hæmatologisk afd</td></tr><tr><td style=\"white-space:nowrap\">ej_relaps<a name=\"Registry-ej_relaps\"> </a></td><td>Pt har ikke relaps/progression</td><td>Pt har ikke relaps/progression</td></tr><tr><td style=\"white-space:nowrap\">afsluttet<a name=\"Registry-afsluttet\"> </a></td><td>Afsluttet: Patientens forløb er afsluttet fra afdeling og følges IKKE på anden hæmatologisk afdeling</td><td>Afsluttet: Patientens forløb er afsluttet fra afdeling og følges IKKE på anden hæmatologisk afdeling</td></tr></table></div>"},"url":"https://kip.rkkp.dk/fhir/CodeSystem/Registry","version":"0.1.6","name":"Registry","title":"Registry - Unspecified codes","status":"active","date":"2022-08-22T00:00:00+02:00","publisher":"Sundhedsvæsnets Kvalistetsinstitut with Trifork Digital Health A/S","contact":[{"name":"Sundhedsvæsnets Kvalistetsinstitut with Trifork Digital Health A/S","telecom":[{"system":"url","value":"https://trifork.com"},{"system":"email","value":"rbk@trifork.com"}]}],"description":"Registry - Unspecified codes","caseSensitive":false,"content":"complete","count":7,"concept":[{"code":"ej_reg_pligtig","display":"Ej registreringspligtig hæmatologisk sygdom","definition":"Ej registreringspligtig hæmatologisk sygdom"},{"code":"eksisterende","display":"Eksisterende registreringer dækker over de(n) hæmatologiske sygdomme pt har","definition":"Eksisterende registreringer dækker over de(n) hæmatologiske sygdomme pt har"},{"code":"udland","display":"Bosiddende i udlandet på diagnosetidspunktet","definition":"Bosiddende i udlandet på diagnosetidspunktet"},{"code":"flyttet","display":"Patientforløb flyttet til anden hæmatologisk afdeling","definition":"Patientforløb flyttet til anden hæmatologisk afdeling"},{"code":"barn","display":"Behandlet på børneafdeling el anden IKKE hæmatologisk afd","definition":"Behandlet på børneafdeling el anden IKKE hæmatologisk afd"},{"code":"ej_relaps","display":"Pt har ikke relaps/progression","definition":"Pt har ikke relaps/progression"},{"code":"afsluttet","display":"Afsluttet: Patientens forløb er afsluttet fra afdeling og følges IKKE på anden hæmatologisk afdeling","definition":"Afsluttet: Patientens forløb er afsluttet fra afdeling og følges IKKE på anden hæmatologisk afdeling"}]}