{"resourceType":"CodeSystem","id":"OperatingRoom","text":{"status":"generated","div":"<div xmlns=\"http://www.w3.org/1999/xhtml\"><p class=\"res-header-id\"><b>Generated Narrative: CodeSystem OperatingRoom</b></p><a name=\"OperatingRoom\"> </a><a name=\"hcOperatingRoom\"> </a><a name=\"OperatingRoom-en-US\"> </a><p>This  code system <code>https://kip.rkkp.dk/fhir/CodeSystem/OperatingRoom</code> defines the following codes:</p><table class=\"codes\"><tr><td style=\"white-space:nowrap\"><b>Code</b></td><td><b>Display</b></td><td><b>Definition</b></td></tr><tr><td style=\"white-space:nowrap\">flow<a name=\"OperatingRoom-flow\"> </a></td><td>Flow stue/green house</td><td>Flow stue/green house</td></tr><tr><td style=\"white-space:nowrap\">conventional<a name=\"OperatingRoom-conventional\"> </a></td><td>Konventionel stue</td><td>Konventionel stue</td></tr><tr><td style=\"white-space:nowrap\">turbulent_air<a name=\"OperatingRoom-turbulent_air\"> </a></td><td>Turbulent Air Flow</td><td>Turbulent Air stue</td></tr></table></div>"},"url":"https://kip.rkkp.dk/fhir/CodeSystem/OperatingRoom","version":"0.1.6","name":"OperatingRoom","title":"Operating room, attributes","status":"active","date":"2022-07-06T00:00:00+02:00","publisher":"Sundhedsvæsnets Kvalistetsinstitut with Trifork Digital Health A/S","contact":[{"name":"Sundhedsvæsnets Kvalistetsinstitut with Trifork Digital Health A/S","telecom":[{"system":"url","value":"https://trifork.com"},{"system":"email","value":"rbk@trifork.com"}]}],"description":"Operating room, attributes","content":"complete","count":3,"concept":[{"code":"flow","display":"Flow stue/green house","definition":"Flow stue/green house"},{"code":"conventional","display":"Konventionel stue","definition":"Konventionel stue"},{"code":"turbulent_air","display":"Turbulent Air Flow","definition":"Turbulent Air stue"}]}