{"resourceType":"CodeSystem","id":"PRDcodes","text":{"status":"generated","div":"<div xmlns=\"http://www.w3.org/1999/xhtml\"><p class=\"res-header-id\"><b>Generated Narrative: CodeSystem PRDcodes</b></p><a name=\"PRDcodes\"> </a><a name=\"hcPRDcodes\"> </a><a name=\"PRDcodes-en-US\"> </a><p>This case-insensitive code system <code>https://kip.rkkp.dk/fhir/CodeSystem/PRDcodes</code> defines the following codes:</p><table class=\"codes\"><tr><td style=\"white-space:nowrap\"><b>Code</b></td><td><b>Display</b></td><td><b>Definition</b></td></tr><tr><td style=\"white-space:nowrap\">prd1003<a name=\"PRDcodes-prd1003\"> </a></td><td>Adult nephrotic syndrome - no histology (1003)</td><td>Adult nephrotic syndrome - no histology</td></tr><tr><td style=\"white-space:nowrap\">prd1019<a name=\"PRDcodes-prd1019\"> </a></td><td>Nephrotic syndrome of childhood - steroid sensitive - no histology (1019)</td><td>Nephrotic syndrome of childhood - steroid sensitive - no histology</td></tr><tr><td style=\"white-space:nowrap\">prd1026<a name=\"PRDcodes-prd1026\"> </a></td><td>Congenital nephrotic syndrome (CNS) - no histology (1026)</td><td>Congenital nephrotic syndrome (CNS) - no histology</td></tr><tr><td style=\"white-space:nowrap\">prd1035<a name=\"PRDcodes-prd1035\"> </a></td><td>Congenital nephrotic syndrome (CNS) - Finnish type - no histology (1035)</td><td>Congenital nephrotic syndrome (CNS) - Finnish type - no histology</td></tr><tr><td style=\"white-space:nowrap\">prd1042<a name=\"PRDcodes-prd1042\"> </a></td><td>Congenital nephrotic syndrome (CNS) - Finnish type - histologically proven (1042)</td><td>Congenital nephrotic syndrome (CNS) - Finnish type - histologically proven</td></tr><tr><td style=\"white-space:nowrap\">prd1057<a name=\"PRDcodes-prd1057\"> </a></td><td>Congenital nephrotic syndrome (CNS) - diffuse mesangial sclerosis (1057)</td><td>Congenital nephrotic syndrome (CNS) - diffuse mesangial sclerosis</td></tr><tr><td style=\"white-space:nowrap\">prd1061<a name=\"PRDcodes-prd1061\"> </a></td><td>Congenital nephrotic syndrome (CNS) - focal segmental glomerulosclerosis (FSGS) (1061)</td><td>Congenital nephrotic syndrome (CNS) - focal segmental glomerulosclerosis (FSGS)</td></tr><tr><td style=\"white-space:nowrap\">prd1074<a name=\"PRDcodes-prd1074\"> </a></td><td>Denys-Drash syndrome (1074)</td><td>Denys-Drash syndrome</td></tr><tr><td style=\"white-space:nowrap\">prd1088<a name=\"PRDcodes-prd1088\"> </a></td><td>Congenital nephrotic syndrome (CNS) - congenital infection (1088)</td><td>Congenital nephrotic syndrome (CNS) - congenital infection</td></tr><tr><td style=\"white-space:nowrap\">prd1090<a name=\"PRDcodes-prd1090\"> </a></td><td>Minimal change nephropathy - no histology (1090)</td><td>Minimal change nephropathy - no histology</td></tr><tr><td style=\"white-space:nowrap\">prd1100<a name=\"PRDcodes-prd1100\"> </a></td><td>Minimal change nephropathy - histologically proven (1100)</td><td>Minimal change nephropathy - histologically proven</td></tr><tr><td style=\"white-space:nowrap\">prd1116<a name=\"PRDcodes-prd1116\"> </a></td><td>IgA nephropathy - no histology (1116)</td><td>IgA nephropathy - no histology</td></tr><tr><td style=\"white-space:nowrap\">prd1128<a name=\"PRDcodes-prd1128\"> </a></td><td>IgA nephropathy - histologically proven (1128)</td><td>IgA nephropathy - histologically proven</td></tr><tr><td style=\"white-space:nowrap\">prd1137<a name=\"PRDcodes-prd1137\"> </a></td><td>Familial IgA nephropathy - no histology (1137)</td><td>Familial IgA nephropathy - no histology</td></tr><tr><td style=\"white-space:nowrap\">prd1144<a name=\"PRDcodes-prd1144\"> </a></td><td>Familial IgA nephropathy - histologically proven (1144)</td><td>Familial IgA nephropathy - histologically proven</td></tr><tr><td style=\"white-space:nowrap\">prd1159<a name=\"PRDcodes-prd1159\"> </a></td><td>IgA nephropathy secondary to liver cirrhosis - no histology (1159)</td><td>IgA nephropathy secondary to liver cirrhosis - no histology</td></tr><tr><td style=\"white-space:nowrap\">prd1163<a name=\"PRDcodes-prd1163\"> </a></td><td>IgA nephropathy secondary to liver cirrhosis - histologically proven (1163)</td><td>IgA nephropathy secondary to liver cirrhosis - histologically proven</td></tr><tr><td style=\"white-space:nowrap\">prd1171<a name=\"PRDcodes-prd1171\"> </a></td><td>IgM - associated nephropathy (1171)</td><td>IgM - associated nephropathy</td></tr><tr><td style=\"white-space:nowrap\">prd1185<a name=\"PRDcodes-prd1185\"> </a></td><td>Membranous nephropathy - idiopathic (1185)</td><td>Membranous nephropathy - idiopathic</td></tr><tr><td style=\"white-space:nowrap\">prd1192<a name=\"PRDcodes-prd1192\"> </a></td><td>Membranous nephropathy - malignancy associated (1192)</td><td>Membranous nephropathy - malignancy associated</td></tr><tr><td style=\"white-space:nowrap\">prd1205<a name=\"PRDcodes-prd1205\"> </a></td><td>Membranous nephropathy - drug induced (1205)</td><td>Membranous nephropathy - drug induced</td></tr><tr><td style=\"white-space:nowrap\">prd1214<a name=\"PRDcodes-prd1214\"> </a></td><td>Membranous nephropathy - infection associated (1214)</td><td>Membranous nephropathy - infection associated</td></tr><tr><td style=\"white-space:nowrap\">prd1222<a name=\"PRDcodes-prd1222\"> </a></td><td>Mesangiocapillary glomerulonephritis type 1 (1222)</td><td>Mesangiocapillary glomerulonephritis type 1</td></tr><tr><td style=\"white-space:nowrap\">prd1233<a name=\"PRDcodes-prd1233\"> </a></td><td>Mesangiocapillary glomerulonephritis type 2 (dense deposit disease) (1233)</td><td>Mesangiocapillary glomerulonephritis type 2 (dense deposit disease)</td></tr><tr><td style=\"white-space:nowrap\">prd1246<a name=\"PRDcodes-prd1246\"> </a></td><td>Mesangiocapillary glomerulonephritis type 3 (1246)</td><td>Mesangiocapillary glomerulonephritis type 3</td></tr><tr><td style=\"white-space:nowrap\">prd1251<a name=\"PRDcodes-prd1251\"> </a></td><td>Idiopathic rapidly progressive (crescentic) glomerulonephritis (1251)</td><td>Idiopathic rapidly progressive (crescentic) glomerulonephritis</td></tr><tr><td style=\"white-space:nowrap\">prd1267<a name=\"PRDcodes-prd1267\"> </a></td><td>Primary focal segmental glomerulosclerosis (FSGS) (1267)</td><td>Primary focal segmental glomerulosclerosis (FSGS)</td></tr><tr><td style=\"white-space:nowrap\">prd1279<a name=\"PRDcodes-prd1279\"> </a></td><td>Familial focal segmental glomerulosclerosis (FSGS) - autosomal recessive - no histology (1279)</td><td>Familial focal segmental glomerulosclerosis (FSGS) - autosomal recessive - no histology</td></tr><tr><td style=\"white-space:nowrap\">prd1280<a name=\"PRDcodes-prd1280\"> </a></td><td>Familial focal segmental glomerulosclerosis (FSGS) - autosomal recessive - histologically proven (1280)</td><td>Familial focal segmental glomerulosclerosis (FSGS) - autosomal recessive - histologically proven</td></tr><tr><td style=\"white-space:nowrap\">prd1298<a name=\"PRDcodes-prd1298\"> </a></td><td>Familial focal segmental glomerulosclerosis (FSGS) - autosomal dominant - no histology (1298)</td><td>Familial focal segmental glomerulosclerosis (FSGS) - autosomal dominant - no histology</td></tr><tr><td style=\"white-space:nowrap\">prd1308<a name=\"PRDcodes-prd1308\"> </a></td><td>Familial focal segmental glomerulosclerosis (FSGS) - autosomal dominant - histologically proven (1308)</td><td>Familial focal segmental glomerulosclerosis (FSGS) - autosomal dominant - histologically proven</td></tr><tr><td style=\"white-space:nowrap\">prd1312<a name=\"PRDcodes-prd1312\"> </a></td><td>Focal segmental glomerulosclerosis (FSGS) secondary to obesity - no histology (1312)</td><td>Focal segmental glomerulosclerosis (FSGS) secondary to obesity - no histology</td></tr><tr><td style=\"white-space:nowrap\">prd1320<a name=\"PRDcodes-prd1320\"> </a></td><td>Focal segmental glomerulosclerosis (FSGS) secondary to obesity - histologically proven (1320)</td><td>Focal segmental glomerulosclerosis (FSGS) secondary to obesity - histologically proven</td></tr><tr><td style=\"white-space:nowrap\">prd1331<a name=\"PRDcodes-prd1331\"> </a></td><td>Diffuse endocapillary glomerulonephritis (1331)</td><td>Diffuse endocapillary glomerulonephritis</td></tr><tr><td style=\"white-space:nowrap\">prd1349<a name=\"PRDcodes-prd1349\"> </a></td><td>Mesangial proliferative glomerulonephritis  (1349)</td><td>Mesangial proliferative glomerulonephritis</td></tr><tr><td style=\"white-space:nowrap\">prd1354<a name=\"PRDcodes-prd1354\"> </a></td><td>Focal and segmental proliferative glomerulonephritis (1354)</td><td>Focal and segmental proliferative glomerulonephritis</td></tr><tr><td style=\"white-space:nowrap\">prd1365<a name=\"PRDcodes-prd1365\"> </a></td><td>Glomerulonephritis - secondary to systemic disease  (1365)</td><td>Glomerulonephritis - secondary to systemic disease</td></tr><tr><td style=\"white-space:nowrap\">prd1377<a name=\"PRDcodes-prd1377\"> </a></td><td>Glomerulonephritis - histologically indeterminate (1377)</td><td>Glomerulonephritis - histologically indeterminate</td></tr><tr><td style=\"white-space:nowrap\">prd1383<a name=\"PRDcodes-prd1383\"> </a></td><td>Systemic vasculitis - ANCA negative - histologically proven (1383)</td><td>Systemic vasculitis - ANCA negative - histologically proven</td></tr><tr><td style=\"white-space:nowrap\">prd1396<a name=\"PRDcodes-prd1396\"> </a></td><td>Systemic vasculitis - ANCA positive - no histology (1396)</td><td>Systemic vasculitis - ANCA positive - no histology</td></tr><tr><td style=\"white-space:nowrap\">prd1401<a name=\"PRDcodes-prd1401\"> </a></td><td>Granulomatosis with polyangiitis - no histology (1401)</td><td>Granulomatosis with polyangiitis - no histology</td></tr><tr><td style=\"white-space:nowrap\">prd1417<a name=\"PRDcodes-prd1417\"> </a></td><td>Granulomatosis with polyangiitis - histologically proven (1417)</td><td>Granulomatosis with polyangiitis - histologically proven</td></tr><tr><td style=\"white-space:nowrap\">prd1429<a name=\"PRDcodes-prd1429\"> </a></td><td>Microscopic polyangiitis - histologically proven (1429)</td><td>Microscopic polyangiitis - histologically proven</td></tr><tr><td style=\"white-space:nowrap\">prd1438<a name=\"PRDcodes-prd1438\"> </a></td><td>Churg-Strauss syndrome - no histology (1438)</td><td>Churg-Strauss syndrome - no histology</td></tr><tr><td style=\"white-space:nowrap\">prd1440<a name=\"PRDcodes-prd1440\"> </a></td><td>Churg-Strauss syndrome - histologically proven (1440)</td><td>Churg-Strauss syndrome - histologically proven</td></tr><tr><td style=\"white-space:nowrap\">prd1455<a name=\"PRDcodes-prd1455\"> </a></td><td>Polyarteritis nodosa (1455)</td><td>Polyarteritis nodosa</td></tr><tr><td style=\"white-space:nowrap\">prd1464<a name=\"PRDcodes-prd1464\"> </a></td><td>Anti-Glomerular basement membrane (GBM) disease / Goodpasture's syndrome - no histology (1464)</td><td>Anti-Glomerular basement membrane (GBM) disease / Goodpasture's syndrome - no histology</td></tr><tr><td style=\"white-space:nowrap\">prd1472<a name=\"PRDcodes-prd1472\"> </a></td><td>Anti-Glomerular basement membrane (GBM) disease / Goodpasture's syndrome - histologically proven (1472)</td><td>Anti-Glomerular basement membrane (GBM) disease / Goodpasture's syndrome - histologically proven</td></tr><tr><td style=\"white-space:nowrap\">prd1486<a name=\"PRDcodes-prd1486\"> </a></td><td>Systemic lupus erythematosus / nephritis - no histology (1486)</td><td>Systemic lupus erythematosus / nephritis - no histology</td></tr><tr><td style=\"white-space:nowrap\">prd1493<a name=\"PRDcodes-prd1493\"> </a></td><td>Systemic lupus erythematosus / nephritis - histologically proven (1493)</td><td>Systemic lupus erythematosus / nephritis - histologically proven</td></tr><tr><td style=\"white-space:nowrap\">prd1504<a name=\"PRDcodes-prd1504\"> </a></td><td>Henoch-Schönlein purpura / nephritis - no histology (1504)</td><td>Henoch-Schönlein purpura / nephritis - no histology</td></tr><tr><td style=\"white-space:nowrap\">prd1515<a name=\"PRDcodes-prd1515\"> </a></td><td>Henoch-Schönlein purpura / nephritis - histologically proven (1515)</td><td>Henoch-Schönlein purpura / nephritis - histologically proven</td></tr><tr><td style=\"white-space:nowrap\">prd1527<a name=\"PRDcodes-prd1527\"> </a></td><td>Renal scleroderma / systemic sclerosis - no histology (1527)</td><td>Renal scleroderma / systemic sclerosis - no histology</td></tr><tr><td style=\"white-space:nowrap\">prd1536<a name=\"PRDcodes-prd1536\"> </a></td><td>Renal scleroderma / systemic sclerosis - histologically proven (1536)</td><td>Renal scleroderma / systemic sclerosis - histologically proven</td></tr><tr><td style=\"white-space:nowrap\">prd1543<a name=\"PRDcodes-prd1543\"> </a></td><td>Essential mixed cryoglobulinaemia - no histology (1543)</td><td>Essential mixed cryoglobulinaemia - no histology</td></tr><tr><td style=\"white-space:nowrap\">prd1558<a name=\"PRDcodes-prd1558\"> </a></td><td>Essential mixed cryoglobulinaemia - histologically proven (1558)</td><td>Essential mixed cryoglobulinaemia - histologically proven</td></tr><tr><td style=\"white-space:nowrap\">prd1562<a name=\"PRDcodes-prd1562\"> </a></td><td>Cryoglobulinaemia secondary to hepatitis C - no histology (1562)</td><td>Cryoglobulinaemia secondary to hepatitis C - no histology</td></tr><tr><td style=\"white-space:nowrap\">prd1570<a name=\"PRDcodes-prd1570\"> </a></td><td>Cryoglobulinaemia secondary to hepatitis C - histologically proven (1570)</td><td>Cryoglobulinaemia secondary to hepatitis C - histologically proven</td></tr><tr><td style=\"white-space:nowrap\">prd1589<a name=\"PRDcodes-prd1589\"> </a></td><td>Cryoglobulinaemia secondary to systemic disease - no histology (1589)</td><td>Cryoglobulinaemia secondary to systemic disease - no histology</td></tr><tr><td style=\"white-space:nowrap\">prd1591<a name=\"PRDcodes-prd1591\"> </a></td><td>Cryoglobulinaemia secondary to systemic disease - histologically proven (1591)</td><td>Cryoglobulinaemia secondary to systemic disease - histologically proven</td></tr><tr><td style=\"white-space:nowrap\">prd1602<a name=\"PRDcodes-prd1602\"> </a></td><td>Primary reflux nephropathy - sporadic (1602)</td><td>Primary reflux nephropathy - sporadic</td></tr><tr><td style=\"white-space:nowrap\">prd1618<a name=\"PRDcodes-prd1618\"> </a></td><td>Familial reflux nephropathy (1618)</td><td>Familial reflux nephropathy</td></tr><tr><td style=\"white-space:nowrap\">prd1625<a name=\"PRDcodes-prd1625\"> </a></td><td>Congenital dysplasia / hypoplasia (1625)</td><td>Congenital dysplasia / hypoplasia</td></tr><tr><td style=\"white-space:nowrap\">prd1639<a name=\"PRDcodes-prd1639\"> </a></td><td>Multicystic dysplastic kidneys (1639)</td><td>Multicystic dysplastic kidneys</td></tr><tr><td style=\"white-space:nowrap\">prd1641<a name=\"PRDcodes-prd1641\"> </a></td><td>Renal dysplasia due to fetal ACE-inhibitor exposure (1641)</td><td>Renal dysplasia due to fetal ACE-inhibitor exposure</td></tr><tr><td style=\"white-space:nowrap\">prd1656<a name=\"PRDcodes-prd1656\"> </a></td><td>Glomerulocystic disease (1656)</td><td>Glomerulocystic disease</td></tr><tr><td style=\"white-space:nowrap\">prd1660<a name=\"PRDcodes-prd1660\"> </a></td><td>Congenital pelvi-ureteric junction obstruction (1660)</td><td>Congenital pelvi-ureteric junction obstruction</td></tr><tr><td style=\"white-space:nowrap\">prd1673<a name=\"PRDcodes-prd1673\"> </a></td><td>Congenital vesico-ureteric junction obstruction (1673)</td><td>Congenital vesico-ureteric junction obstruction</td></tr><tr><td style=\"white-space:nowrap\">prd1687<a name=\"PRDcodes-prd1687\"> </a></td><td>Posterior urethral valves (1687)</td><td>Posterior urethral valves</td></tr><tr><td style=\"white-space:nowrap\">prd1694<a name=\"PRDcodes-prd1694\"> </a></td><td>Syndrome of agenesis of abdominal muscles - prune belly syndrome (1694)</td><td>Syndrome of agenesis of abdominal muscles - prune belly syndrome</td></tr><tr><td style=\"white-space:nowrap\">prd1706<a name=\"PRDcodes-prd1706\"> </a></td><td>Congenital neurogenic bladder (1706)</td><td>Congenital neurogenic bladder</td></tr><tr><td style=\"white-space:nowrap\">prd1710<a name=\"PRDcodes-prd1710\"> </a></td><td>Bladder exstrophy (1710)</td><td>Bladder exstrophy</td></tr><tr><td style=\"white-space:nowrap\">prd1723<a name=\"PRDcodes-prd1723\"> </a></td><td>Megacystis-megaureter (1723)</td><td>Megacystis-megaureter</td></tr><tr><td style=\"white-space:nowrap\">prd1734<a name=\"PRDcodes-prd1734\"> </a></td><td>Oligomeganephronia (1734)</td><td>Oligomeganephronia</td></tr><tr><td style=\"white-space:nowrap\">prd1747<a name=\"PRDcodes-prd1747\"> </a></td><td>Renal papillary necrosis (1747)</td><td>Renal papillary necrosis</td></tr><tr><td style=\"white-space:nowrap\">prd1752<a name=\"PRDcodes-prd1752\"> </a></td><td>Acquired obstructive uropathy / nephropathy (1752)</td><td>Acquired obstructive uropathy / nephropathy</td></tr><tr><td style=\"white-space:nowrap\">prd1768<a name=\"PRDcodes-prd1768\"> </a></td><td>Acquired obstructive nephropathy due to neurogenic bladder (1768)</td><td>Acquired obstructive nephropathy due to neurogenic bladder</td></tr><tr><td style=\"white-space:nowrap\">prd1775<a name=\"PRDcodes-prd1775\"> </a></td><td>Obstructive nephropathy due to prostatic hypertrophy (1775)</td><td>Obstructive nephropathy due to prostatic hypertrophy</td></tr><tr><td style=\"white-space:nowrap\">prd1781<a name=\"PRDcodes-prd1781\"> </a></td><td>Obstructive nephropathy due to prostate cancer (1781)</td><td>Obstructive nephropathy due to prostate cancer</td></tr><tr><td style=\"white-space:nowrap\">prd1799<a name=\"PRDcodes-prd1799\"> </a></td><td>Obstructive nephropathy due to bladder cancer (1799)</td><td>Obstructive nephropathy due to bladder cancer</td></tr><tr><td style=\"white-space:nowrap\">prd1809<a name=\"PRDcodes-prd1809\"> </a></td><td>Obstructive nephropathy due to other malignancies (1809)</td><td>Obstructive nephropathy due to other malignancies</td></tr><tr><td style=\"white-space:nowrap\">prd1813<a name=\"PRDcodes-prd1813\"> </a></td><td>Idiopathic retroperitoneal fibrosis (1813)</td><td>Idiopathic retroperitoneal fibrosis</td></tr><tr><td style=\"white-space:nowrap\">prd1821<a name=\"PRDcodes-prd1821\"> </a></td><td>Retroperitoneal fibrosis secondary to malignancies (1821)</td><td>Retroperitoneal fibrosis secondary to malignancies</td></tr><tr><td style=\"white-space:nowrap\">prd1832<a name=\"PRDcodes-prd1832\"> </a></td><td>Calculus nephropathy / urolithiasis (1832)</td><td>Calculus nephropathy / urolithiasis</td></tr><tr><td style=\"white-space:nowrap\">prd1845<a name=\"PRDcodes-prd1845\"> </a></td><td>Calcium oxalate urolithiasis (1845)</td><td>Calcium oxalate urolithiasis</td></tr><tr><td style=\"white-space:nowrap\">prd1850<a name=\"PRDcodes-prd1850\"> </a></td><td>Enteric hyperoxaluria  (1850)</td><td>Enteric hyperoxaluria</td></tr><tr><td style=\"white-space:nowrap\">prd1866<a name=\"PRDcodes-prd1866\"> </a></td><td>Magnesium ammonium phosphate (struvite) urolithiasis (1866)</td><td>Magnesium ammonium phosphate (struvite) urolithiasis</td></tr><tr><td style=\"white-space:nowrap\">prd1878<a name=\"PRDcodes-prd1878\"> </a></td><td>Uric acid urolithiasis (1878)</td><td>Uric acid urolithiasis</td></tr><tr><td style=\"white-space:nowrap\">prd1884<a name=\"PRDcodes-prd1884\"> </a></td><td>Tubulointerstitial nephritis - no histology (1884)</td><td>Tubulointerstitial nephritis - no histology</td></tr><tr><td style=\"white-space:nowrap\">prd1897<a name=\"PRDcodes-prd1897\"> </a></td><td>Tubulointerstitial nephritis - histologically proven (1897)</td><td>Tubulointerstitial nephritis - histologically proven</td></tr><tr><td style=\"white-space:nowrap\">prd1907<a name=\"PRDcodes-prd1907\"> </a></td><td>Familial interstitial nephropathy - no histology (1907)</td><td>Familial interstitial nephropathy - no histology</td></tr><tr><td style=\"white-space:nowrap\">prd1911<a name=\"PRDcodes-prd1911\"> </a></td><td>Familial interstitial nephropathy - histologically proven (1911)</td><td>Familial interstitial nephropathy - histologically proven</td></tr><tr><td style=\"white-space:nowrap\">prd1924<a name=\"PRDcodes-prd1924\"> </a></td><td>Tubulointerstitial nephritis associated with autoimmune disease - no histology (1924)</td><td>Tubulointerstitial nephritis associated with autoimmune disease - no histology</td></tr><tr><td style=\"white-space:nowrap\">prd1930<a name=\"PRDcodes-prd1930\"> </a></td><td>Tubulointerstitial nephritis associated with autoimmune disease - histologically proven (1930)</td><td>Tubulointerstitial nephritis associated with autoimmune disease - histologically proven</td></tr><tr><td style=\"white-space:nowrap\">prd1948<a name=\"PRDcodes-prd1948\"> </a></td><td>Tubulointerstitial nephritis with uveitis (TINU) - no histology (1948)</td><td>Tubulointerstitial nephritis with uveitis (TINU) - no histology</td></tr><tr><td style=\"white-space:nowrap\">prd1953<a name=\"PRDcodes-prd1953\"> </a></td><td>Tubulointerstitial nephritis with uveitis (TINU) - histologically proven (1953)</td><td>Tubulointerstitial nephritis with uveitis (TINU) - histologically proven</td></tr><tr><td style=\"white-space:nowrap\">prd1969<a name=\"PRDcodes-prd1969\"> </a></td><td>Renal sarcoidosis - no histology (1969)</td><td>Renal sarcoidosis - no histology</td></tr><tr><td style=\"white-space:nowrap\">prd1976<a name=\"PRDcodes-prd1976\"> </a></td><td>Renal sarcoidosis - histologically proven (1976)</td><td>Renal sarcoidosis - histologically proven</td></tr><tr><td style=\"white-space:nowrap\">prd1982<a name=\"PRDcodes-prd1982\"> </a></td><td>Aristolochic acid nephropathy (Balkan / Chinese herb / endemic nephropathy) - no histology (1982)</td><td>Aristolochic acid nephropathy (Balkan / Chinese herb / endemic nephropathy) - no histology</td></tr><tr><td style=\"white-space:nowrap\">prd1995<a name=\"PRDcodes-prd1995\"> </a></td><td>Aristolochic acid nephropathy (Balkan / Chinese herb / endemic nephropathy) - histologically proven (1995)</td><td>Aristolochic acid nephropathy (Balkan / Chinese herb / endemic nephropathy) - histologically proven</td></tr><tr><td style=\"white-space:nowrap\">prd2005<a name=\"PRDcodes-prd2005\"> </a></td><td>Drug-induced tubulointerstitial nephritis  - no histology (2005)</td><td>Drug-induced tubulointerstitial nephritis  - no histology</td></tr><tr><td style=\"white-space:nowrap\">prd2014<a name=\"PRDcodes-prd2014\"> </a></td><td>Drug-induced tubulointerstitial nephritis - histologically proven (2014)</td><td>Drug-induced tubulointerstitial nephritis - histologically proven</td></tr><tr><td style=\"white-space:nowrap\">prd2022<a name=\"PRDcodes-prd2022\"> </a></td><td>Nephropathy due to analgesic drugs - no histology (2022)</td><td>Nephropathy due to analgesic drugs - no histology</td></tr><tr><td style=\"white-space:nowrap\">prd2033<a name=\"PRDcodes-prd2033\"> </a></td><td>Nephropathy due to analgesic drugs - histologically proven (2033)</td><td>Nephropathy due to analgesic drugs - histologically proven</td></tr><tr><td style=\"white-space:nowrap\">prd2046<a name=\"PRDcodes-prd2046\"> </a></td><td>Nephropathy due to ciclosporin - no histology (2046)</td><td>Nephropathy due to ciclosporin - no histology</td></tr><tr><td style=\"white-space:nowrap\">prd2051<a name=\"PRDcodes-prd2051\"> </a></td><td>Nephropathy due to ciclosporin - histologically proven (2051)</td><td>Nephropathy due to ciclosporin - histologically proven</td></tr><tr><td style=\"white-space:nowrap\">prd2067<a name=\"PRDcodes-prd2067\"> </a></td><td>Nephropathy due to tacrolimus - no histology (2067)</td><td>Nephropathy due to tacrolimus - no histology</td></tr><tr><td style=\"white-space:nowrap\">prd2079<a name=\"PRDcodes-prd2079\"> </a></td><td>Nephropathy due to tacrolimus - histologically proven (2079)</td><td>Nephropathy due to tacrolimus - histologically proven</td></tr><tr><td style=\"white-space:nowrap\">prd2080<a name=\"PRDcodes-prd2080\"> </a></td><td>Nephropathy due to aminoglycosides - no histology (2080)</td><td>Nephropathy due to aminoglycosides - no histology</td></tr><tr><td style=\"white-space:nowrap\">prd2098<a name=\"PRDcodes-prd2098\"> </a></td><td>Nephropathy due to aminoglycosides - histologically proven (2098)</td><td>Nephropathy due to aminoglycosides - histologically proven</td></tr><tr><td style=\"white-space:nowrap\">prd2108<a name=\"PRDcodes-prd2108\"> </a></td><td>Nephropathy due to amphotericin - no histology (2108)</td><td>Nephropathy due to amphotericin - no histology</td></tr><tr><td style=\"white-space:nowrap\">prd2112<a name=\"PRDcodes-prd2112\"> </a></td><td>Nephropathy due to amphotericin - histologically proven (2112)</td><td>Nephropathy due to amphotericin - histologically proven</td></tr><tr><td style=\"white-space:nowrap\">prd2120<a name=\"PRDcodes-prd2120\"> </a></td><td>Nephropathy due to cisplatin - no histology (2120)</td><td>Nephropathy due to cisplatin - no histology</td></tr><tr><td style=\"white-space:nowrap\">prd2131<a name=\"PRDcodes-prd2131\"> </a></td><td>Nephropathy due to cisplatin - histologically proven (2131)</td><td>Nephropathy due to cisplatin - histologically proven</td></tr><tr><td style=\"white-space:nowrap\">prd2149<a name=\"PRDcodes-prd2149\"> </a></td><td>Nephropathy due to lithium - no histology (2149)</td><td>Nephropathy due to lithium - no histology</td></tr><tr><td style=\"white-space:nowrap\">prd2154<a name=\"PRDcodes-prd2154\"> </a></td><td>Nephropathy due to lithium - histologically proven (2154)</td><td>Nephropathy due to lithium - histologically proven</td></tr><tr><td style=\"white-space:nowrap\">prd2165<a name=\"PRDcodes-prd2165\"> </a></td><td>Lead induced nephropathy - no histology (2165)</td><td>Lead induced nephropathy - no histology</td></tr><tr><td style=\"white-space:nowrap\">prd2177<a name=\"PRDcodes-prd2177\"> </a></td><td>Lead induced nephropathy - histologically proven (2177)</td><td>Lead induced nephropathy - histologically proven</td></tr><tr><td style=\"white-space:nowrap\">prd2183<a name=\"PRDcodes-prd2183\"> </a></td><td>Acute urate nephropathy - no histology (2183)</td><td>Acute urate nephropathy - no histology</td></tr><tr><td style=\"white-space:nowrap\">prd2196<a name=\"PRDcodes-prd2196\"> </a></td><td>Acute urate nephropathy - histologically proven (2196)</td><td>Acute urate nephropathy - histologically proven</td></tr><tr><td style=\"white-space:nowrap\">prd2203<a name=\"PRDcodes-prd2203\"> </a></td><td>Chronic urate nephropathy - histologically proven (2203)</td><td>Chronic urate nephropathy - histologically proven</td></tr><tr><td style=\"white-space:nowrap\">prd2219<a name=\"PRDcodes-prd2219\"> </a></td><td>Radiation nephritis (2219)</td><td>Radiation nephritis</td></tr><tr><td style=\"white-space:nowrap\">prd2226<a name=\"PRDcodes-prd2226\"> </a></td><td>Renal / perinephric abscess (2226)</td><td>Renal / perinephric abscess</td></tr><tr><td style=\"white-space:nowrap\">prd2235<a name=\"PRDcodes-prd2235\"> </a></td><td>Renal tuberculosis (2235)</td><td>Renal tuberculosis</td></tr><tr><td style=\"white-space:nowrap\">prd2242<a name=\"PRDcodes-prd2242\"> </a></td><td>Leptospirosis (2242)</td><td>Leptospirosis</td></tr><tr><td style=\"white-space:nowrap\">prd2257<a name=\"PRDcodes-prd2257\"> </a></td><td>Hantavirus nephropathy (2257)</td><td>Hantavirus nephropathy</td></tr><tr><td style=\"white-space:nowrap\">prd2261<a name=\"PRDcodes-prd2261\"> </a></td><td>Xanthogranulomatous pyelonephritis (2261)</td><td>Xanthogranulomatous pyelonephritis</td></tr><tr><td style=\"white-space:nowrap\">prd2274<a name=\"PRDcodes-prd2274\"> </a></td><td>Nephropathy related to HIV - no histology (2274)</td><td>Nephropathy related to HIV - no histology</td></tr><tr><td style=\"white-space:nowrap\">prd2288<a name=\"PRDcodes-prd2288\"> </a></td><td>Nephropathy related to HIV - histologically proven (2288)</td><td>Nephropathy related to HIV - histologically proven</td></tr><tr><td style=\"white-space:nowrap\">prd2290<a name=\"PRDcodes-prd2290\"> </a></td><td>Schistosomiasis (2290)</td><td>Schistosomiasis</td></tr><tr><td style=\"white-space:nowrap\">prd2300<a name=\"PRDcodes-prd2300\"> </a></td><td>Other specific infection (2300)</td><td>Other specific infection</td></tr><tr><td style=\"white-space:nowrap\">prd2316<a name=\"PRDcodes-prd2316\"> </a></td><td>Diabetic nephropathy in type I diabetes - no histology (2316)</td><td>Diabetic nephropathy in type I diabetes - no histology</td></tr><tr><td style=\"white-space:nowrap\">prd2328<a name=\"PRDcodes-prd2328\"> </a></td><td>Diabetic nephropathy in type I diabetes - histologically proven (2328)</td><td>Diabetic nephropathy in type I diabetes - histologically proven</td></tr><tr><td style=\"white-space:nowrap\">prd2337<a name=\"PRDcodes-prd2337\"> </a></td><td>Diabetic nephropathy in type II diabetes - no histology (2337)</td><td>Diabetic nephropathy in type II diabetes - no histology</td></tr><tr><td style=\"white-space:nowrap\">prd2344<a name=\"PRDcodes-prd2344\"> </a></td><td>Diabetic nephropathy in type II diabetes - histologically proven (2344)</td><td>Diabetic nephropathy in type II diabetes - histologically proven</td></tr><tr><td style=\"white-space:nowrap\">prd2359<a name=\"PRDcodes-prd2359\"> </a></td><td>Chronic hypertensive nephropathy - no histology (2359)</td><td>Chronic hypertensive nephropathy - no histology</td></tr><tr><td style=\"white-space:nowrap\">prd2363<a name=\"PRDcodes-prd2363\"> </a></td><td>Chronic hypertensive nephropathy - histologically proven (2363)</td><td>Chronic hypertensive nephropathy - histologically proven</td></tr><tr><td style=\"white-space:nowrap\">prd2371<a name=\"PRDcodes-prd2371\"> </a></td><td>Malignant hypertensive nephropathy / accelerated hypertensive nephropathy - no histology (2371)</td><td>Malignant hypertensive nephropathy / accelerated hypertensive nephropathy - no histology</td></tr><tr><td style=\"white-space:nowrap\">prd2385<a name=\"PRDcodes-prd2385\"> </a></td><td>Malignant hypertensive nephropathy / accelerated hypertensive nephropathy - histologically proven (2385)</td><td>Malignant hypertensive nephropathy / accelerated hypertensive nephropathy - histologically proven</td></tr><tr><td style=\"white-space:nowrap\">prd2392<a name=\"PRDcodes-prd2392\"> </a></td><td>Ageing kidney - no histology (2392)</td><td>Ageing kidney - no histology</td></tr><tr><td style=\"white-space:nowrap\">prd2407<a name=\"PRDcodes-prd2407\"> </a></td><td>Ischaemic nephropathy - no histology (2407)</td><td>Ischaemic nephropathy - no histology</td></tr><tr><td style=\"white-space:nowrap\">prd2411<a name=\"PRDcodes-prd2411\"> </a></td><td>Ischaemic nephropathy / microvascular disease - histologically proven (2411)</td><td>Ischaemic nephropathy / microvascular disease - histologically proven</td></tr><tr><td style=\"white-space:nowrap\">prd2424<a name=\"PRDcodes-prd2424\"> </a></td><td>Renal artery stenosis (2424)</td><td>Renal artery stenosis</td></tr><tr><td style=\"white-space:nowrap\">prd2430<a name=\"PRDcodes-prd2430\"> </a></td><td>Atheroembolic renal disease - no histology (2430)</td><td>Atheroembolic renal disease - no histology</td></tr><tr><td style=\"white-space:nowrap\">prd2448<a name=\"PRDcodes-prd2448\"> </a></td><td>Atheroembolic renal disease - histologically proven (2448)</td><td>Atheroembolic renal disease - histologically proven</td></tr><tr><td style=\"white-space:nowrap\">prd2453<a name=\"PRDcodes-prd2453\"> </a></td><td>Fibromuscular dysplasia of renal artery (2453)</td><td>Fibromuscular dysplasia of renal artery</td></tr><tr><td style=\"white-space:nowrap\">prd2469<a name=\"PRDcodes-prd2469\"> </a></td><td>Renal arterial thrombosis / occlusion (2469)</td><td>Renal arterial thrombosis / occlusion</td></tr><tr><td style=\"white-space:nowrap\">prd2476<a name=\"PRDcodes-prd2476\"> </a></td><td>Renal vein thrombosis (2476)</td><td>Renal vein thrombosis</td></tr><tr><td style=\"white-space:nowrap\">prd2482<a name=\"PRDcodes-prd2482\"> </a></td><td>Cardiorenal syndrome (2482)</td><td>Cardiorenal syndrome</td></tr><tr><td style=\"white-space:nowrap\">prd2495<a name=\"PRDcodes-prd2495\"> </a></td><td>Hepatorenal syndrome (2495)</td><td>Hepatorenal syndrome</td></tr><tr><td style=\"white-space:nowrap\">prd2509<a name=\"PRDcodes-prd2509\"> </a></td><td>Renal amyloidosis (2509)</td><td>Renal amyloidosis</td></tr><tr><td style=\"white-space:nowrap\">prd2513<a name=\"PRDcodes-prd2513\"> </a></td><td>AA amyloid secondary to chronic inflammation (2513)</td><td>AA amyloid secondary to chronic inflammation</td></tr><tr><td style=\"white-space:nowrap\">prd2521<a name=\"PRDcodes-prd2521\"> </a></td><td>AL amyloid secondary to plasma cell dyscrasia (2521)</td><td>AL amyloid secondary to plasma cell dyscrasia</td></tr><tr><td style=\"white-space:nowrap\">prd2532<a name=\"PRDcodes-prd2532\"> </a></td><td>Familial amyloid secondary to protein mutations - no histology (2532)</td><td>Familial amyloid secondary to protein mutations - no histology</td></tr><tr><td style=\"white-space:nowrap\">prd2545<a name=\"PRDcodes-prd2545\"> </a></td><td>Familial amyloid secondary to protein mutations - histologically proven (2545)</td><td>Familial amyloid secondary to protein mutations - histologically proven</td></tr><tr><td style=\"white-space:nowrap\">prd2550<a name=\"PRDcodes-prd2550\"> </a></td><td>Familial AA amyloid secondary to familial Mediterranean fever / TRAPS (Hibernian fever) - no histology (2550)</td><td>Familial AA amyloid secondary to familial Mediterranean fever / TRAPS (Hibernian fever) - no histology</td></tr><tr><td style=\"white-space:nowrap\">prd2566<a name=\"PRDcodes-prd2566\"> </a></td><td>Familial AA amyloid secondary to familial Mediterranean fever / TRAPS (Hibernian fever) - histologically proven (2566)</td><td>Familial AA amyloid secondary to familial Mediterranean fever / TRAPS (Hibernian fever) - histologically proven</td></tr><tr><td style=\"white-space:nowrap\">prd2578<a name=\"PRDcodes-prd2578\"> </a></td><td>Myeloma kidney - no histology (2578)</td><td>Myeloma kidney - no histology</td></tr><tr><td style=\"white-space:nowrap\">prd2584<a name=\"PRDcodes-prd2584\"> </a></td><td>Myeloma cast nephropathy - histologically proven (2584)</td><td>Myeloma cast nephropathy - histologically proven</td></tr><tr><td style=\"white-space:nowrap\">prd2597<a name=\"PRDcodes-prd2597\"> </a></td><td>Light chain deposition disease (2597)</td><td>Light chain deposition disease</td></tr><tr><td style=\"white-space:nowrap\">prd2606<a name=\"PRDcodes-prd2606\"> </a></td><td>Immunotactoid / fibrillary nephropathy (2606)</td><td>Immunotactoid / fibrillary nephropathy</td></tr><tr><td style=\"white-space:nowrap\">prd2610<a name=\"PRDcodes-prd2610\"> </a></td><td>Haemolytic uraemic syndrome (HUS) - diarrhoea associated (2610)</td><td>Haemolytic uraemic syndrome (HUS) - diarrhoea associated</td></tr><tr><td style=\"white-space:nowrap\">prd2623<a name=\"PRDcodes-prd2623\"> </a></td><td>Atypical haemolytic uraemic syndrome (HUS) - diarrhoea negative (2623)</td><td>Atypical haemolytic uraemic syndrome (HUS) - diarrhoea negative</td></tr><tr><td style=\"white-space:nowrap\">prd2634<a name=\"PRDcodes-prd2634\"> </a></td><td>Thrombotic thrombocytopenic purpura (TTP) (2634)</td><td>Thrombotic thrombocytopenic purpura (TTP)</td></tr><tr><td style=\"white-space:nowrap\">prd2647<a name=\"PRDcodes-prd2647\"> </a></td><td>Haemolytic uraemic syndrome (HUS) secondary to systemic disease (2647)</td><td>Haemolytic uraemic syndrome (HUS) secondary to systemic disease</td></tr><tr><td style=\"white-space:nowrap\">prd2652<a name=\"PRDcodes-prd2652\"> </a></td><td>Congenital haemolytic uraemic syndrome (HUS)  (2652)</td><td>Congenital haemolytic uraemic syndrome (HUS)</td></tr><tr><td style=\"white-space:nowrap\">prd2668<a name=\"PRDcodes-prd2668\"> </a></td><td>Familial haemolytic uraemic syndrome (HUS) (2668)</td><td>Familial haemolytic uraemic syndrome (HUS)</td></tr><tr><td style=\"white-space:nowrap\">prd2675<a name=\"PRDcodes-prd2675\"> </a></td><td>Familial thrombotic thrombocytopenic purpura (TTP) (2675)</td><td>Familial thrombotic thrombocytopenic purpura (TTP)</td></tr><tr><td style=\"white-space:nowrap\">prd2681<a name=\"PRDcodes-prd2681\"> </a></td><td>Nephropathy due to eclampsia (2681)</td><td>Nephropathy due to eclampsia</td></tr><tr><td style=\"white-space:nowrap\">prd2699<a name=\"PRDcodes-prd2699\"> </a></td><td>Sickle cell nephropathy - no histology (2699)</td><td>Sickle cell nephropathy - no histology</td></tr><tr><td style=\"white-space:nowrap\">prd2702<a name=\"PRDcodes-prd2702\"> </a></td><td>Sickle cell nephropathy - histologically proven (2702)</td><td>Sickle cell nephropathy - histologically proven</td></tr><tr><td style=\"white-space:nowrap\">prd2718<a name=\"PRDcodes-prd2718\"> </a></td><td>Autosomal dominant (AD) polycystic kidney disease (2718)</td><td>Autosomal dominant (AD) polycystic kidney disease</td></tr><tr><td style=\"white-space:nowrap\">prd2725<a name=\"PRDcodes-prd2725\"> </a></td><td>Autosomal dominant (AD) polycystic kidney disease type I (2725)</td><td>Autosomal dominant (AD) polycystic kidney disease type I</td></tr><tr><td style=\"white-space:nowrap\">prd2739<a name=\"PRDcodes-prd2739\"> </a></td><td>Autosomal dominant (AD) polycystic kidney disease type II (2739)</td><td>Autosomal dominant (AD) polycystic kidney disease type II</td></tr><tr><td style=\"white-space:nowrap\">prd2741<a name=\"PRDcodes-prd2741\"> </a></td><td>Autosomal recessive (AR) polycystic kidney disease (2741)</td><td>Autosomal recessive (AR) polycystic kidney disease</td></tr><tr><td style=\"white-space:nowrap\">prd2756<a name=\"PRDcodes-prd2756\"> </a></td><td>Alport syndrome - no histology (2756)</td><td>Alport syndrome - no histology</td></tr><tr><td style=\"white-space:nowrap\">prd2760<a name=\"PRDcodes-prd2760\"> </a></td><td>Alport syndrome - histologically proven (2760)</td><td>Alport syndrome - histologically proven</td></tr><tr><td style=\"white-space:nowrap\">prd2773<a name=\"PRDcodes-prd2773\"> </a></td><td>Benign familial haematuria (2773)</td><td>Benign familial haematuria</td></tr><tr><td style=\"white-space:nowrap\">prd2787<a name=\"PRDcodes-prd2787\"> </a></td><td>Thin basement membrane disease (2787)</td><td>Thin basement membrane disease</td></tr><tr><td style=\"white-space:nowrap\">prd2794<a name=\"PRDcodes-prd2794\"> </a></td><td>Cystic kidney disease (2794)</td><td>Cystic kidney disease</td></tr><tr><td style=\"white-space:nowrap\">prd2804<a name=\"PRDcodes-prd2804\"> </a></td><td>Medullary cystic kidney disease type I (2804)</td><td>Medullary cystic kidney disease type I</td></tr><tr><td style=\"white-space:nowrap\">prd2815<a name=\"PRDcodes-prd2815\"> </a></td><td>Medullary cystic kidney disease type II (2815)</td><td>Medullary cystic kidney disease type II</td></tr><tr><td style=\"white-space:nowrap\">prd2827<a name=\"PRDcodes-prd2827\"> </a></td><td>Uromodulin-associated nephropathy (familial juvenile hyperuricaemic nephropathy) (2827)</td><td>Uromodulin-associated nephropathy (familial juvenile hyperuricaemic nephropathy)</td></tr><tr><td style=\"white-space:nowrap\">prd2836<a name=\"PRDcodes-prd2836\"> </a></td><td>Nephronophthisis (2836)</td><td>Nephronophthisis</td></tr><tr><td style=\"white-space:nowrap\">prd2843<a name=\"PRDcodes-prd2843\"> </a></td><td>Nephronophthisis - type 1 (juvenile type) (2843)</td><td>Nephronophthisis - type 1 (juvenile type)</td></tr><tr><td style=\"white-space:nowrap\">prd2858<a name=\"PRDcodes-prd2858\"> </a></td><td>Nephronophthisis - type 2 (infantile type) (2858)</td><td>Nephronophthisis - type 2 (infantile type)</td></tr><tr><td style=\"white-space:nowrap\">prd2862<a name=\"PRDcodes-prd2862\"> </a></td><td>Nephronophthisis - type 3 (adolescent type) (2862)</td><td>Nephronophthisis - type 3 (adolescent type)</td></tr><tr><td style=\"white-space:nowrap\">prd2870<a name=\"PRDcodes-prd2870\"> </a></td><td>Nephronophthisis - type 4 (juvenile type) (2870)</td><td>Nephronophthisis - type 4 (juvenile type)</td></tr><tr><td style=\"white-space:nowrap\">prd2889<a name=\"PRDcodes-prd2889\"> </a></td><td>Nephronophthisis - type 5 (2889)</td><td>Nephronophthisis - type 5</td></tr><tr><td style=\"white-space:nowrap\">prd2891<a name=\"PRDcodes-prd2891\"> </a></td><td>Nephronophthisis - type 6 (2891)</td><td>Nephronophthisis - type 6</td></tr><tr><td style=\"white-space:nowrap\">prd2901<a name=\"PRDcodes-prd2901\"> </a></td><td>Primary Fanconi syndrome (2901)</td><td>Primary Fanconi syndrome</td></tr><tr><td style=\"white-space:nowrap\">prd2917<a name=\"PRDcodes-prd2917\"> </a></td><td>Tubular disorder as part of inherited metabolic diseases (2917)</td><td>Tubular disorder as part of inherited metabolic diseases</td></tr><tr><td style=\"white-space:nowrap\">prd2929<a name=\"PRDcodes-prd2929\"> </a></td><td>Dent disease (2929)</td><td>Dent disease</td></tr><tr><td style=\"white-space:nowrap\">prd2938<a name=\"PRDcodes-prd2938\"> </a></td><td>Lowe syndrome (oculocerebrorenal syndrome) (2938)</td><td>Lowe syndrome (oculocerebrorenal syndrome)</td></tr><tr><td style=\"white-space:nowrap\">prd2940<a name=\"PRDcodes-prd2940\"> </a></td><td>Inherited aminoaciduria (2940)</td><td>Inherited aminoaciduria</td></tr><tr><td style=\"white-space:nowrap\">prd2955<a name=\"PRDcodes-prd2955\"> </a></td><td>Cystinuria (2955)</td><td>Cystinuria</td></tr><tr><td style=\"white-space:nowrap\">prd2964<a name=\"PRDcodes-prd2964\"> </a></td><td>Cystinosis (2964)</td><td>Cystinosis</td></tr><tr><td style=\"white-space:nowrap\">prd2972<a name=\"PRDcodes-prd2972\"> </a></td><td>Inherited renal glycosuria (2972)</td><td>Inherited renal glycosuria</td></tr><tr><td style=\"white-space:nowrap\">prd2986<a name=\"PRDcodes-prd2986\"> </a></td><td>Hypophosphataemic rickets X-linked (XL) (2986)</td><td>Hypophosphataemic rickets X-linked (XL)</td></tr><tr><td style=\"white-space:nowrap\">prd2993<a name=\"PRDcodes-prd2993\"> </a></td><td>Hypophosphataemic rickets autosomal recessive (AR) (2993)</td><td>Hypophosphataemic rickets autosomal recessive (AR)</td></tr><tr><td style=\"white-space:nowrap\">prd3000<a name=\"PRDcodes-prd3000\"> </a></td><td>Primary renal tubular acidosis (RTA) (3000)</td><td>Primary renal tubular acidosis (RTA)</td></tr><tr><td style=\"white-space:nowrap\">prd3016<a name=\"PRDcodes-prd3016\"> </a></td><td>Proximal renal tubular acidosis (RTA) - type II (3016)</td><td>Proximal renal tubular acidosis (RTA) - type II</td></tr><tr><td style=\"white-space:nowrap\">prd3028<a name=\"PRDcodes-prd3028\"> </a></td><td>Distal renal tubular acidosis (RTA) - type I (3028)</td><td>Distal renal tubular acidosis (RTA) - type I</td></tr><tr><td style=\"white-space:nowrap\">prd3037<a name=\"PRDcodes-prd3037\"> </a></td><td>Distal renal tubular acidosis with sensorineural deafness - gene mutations (3037)</td><td>Distal renal tubular acidosis with sensorineural deafness - gene mutations</td></tr><tr><td style=\"white-space:nowrap\">prd3044<a name=\"PRDcodes-prd3044\"> </a></td><td>Nephrogenic diabetes insipidus (3044)</td><td>Nephrogenic diabetes insipidus</td></tr><tr><td style=\"white-space:nowrap\">prd3059<a name=\"PRDcodes-prd3059\"> </a></td><td>Lesch Nyhan syndrome - hypoxanthine guanine phosphoribosyl transferase deficiency  (3059)</td><td>Lesch Nyhan syndrome - hypoxanthine guanine phosphoribosyl transferase deficiency</td></tr><tr><td style=\"white-space:nowrap\">prd3063<a name=\"PRDcodes-prd3063\"> </a></td><td>Phosphoribosyl pyrophosphate synthetase (PRPPS) superactivity (3063)</td><td>Phosphoribosyl pyrophosphate synthetase (PRPPS) superactivity</td></tr><tr><td style=\"white-space:nowrap\">prd3071<a name=\"PRDcodes-prd3071\"> </a></td><td>Alagille syndrome (3071)</td><td>Alagille syndrome</td></tr><tr><td style=\"white-space:nowrap\">prd3085<a name=\"PRDcodes-prd3085\"> </a></td><td>Bartter syndrome (3085)</td><td>Bartter syndrome</td></tr><tr><td style=\"white-space:nowrap\">prd3092<a name=\"PRDcodes-prd3092\"> </a></td><td>Gitelman syndrome (3092)</td><td>Gitelman syndrome</td></tr><tr><td style=\"white-space:nowrap\">prd3102<a name=\"PRDcodes-prd3102\"> </a></td><td>Liddle syndrome (3102)</td><td>Liddle syndrome</td></tr><tr><td style=\"white-space:nowrap\">prd3118<a name=\"PRDcodes-prd3118\"> </a></td><td>Apparent mineralocorticoid excess (3118)</td><td>Apparent mineralocorticoid excess</td></tr><tr><td style=\"white-space:nowrap\">prd3125<a name=\"PRDcodes-prd3125\"> </a></td><td>Glucocorticoid suppressible hyperaldosteronism (3125)</td><td>Glucocorticoid suppressible hyperaldosteronism</td></tr><tr><td style=\"white-space:nowrap\">prd3139<a name=\"PRDcodes-prd3139\"> </a></td><td>Inherited / genetic diabetes mellitus type II (3139)</td><td>Inherited / genetic diabetes mellitus type II</td></tr><tr><td style=\"white-space:nowrap\">prd3141<a name=\"PRDcodes-prd3141\"> </a></td><td>Pseudohypoaldosteronism type 1 (3141)</td><td>Pseudohypoaldosteronism type 1</td></tr><tr><td style=\"white-space:nowrap\">prd3156<a name=\"PRDcodes-prd3156\"> </a></td><td>Pseudohypoaldosteronism type 2 (Gordon syndrome) (3156)</td><td>Pseudohypoaldosteronism type 2 (Gordon syndrome)</td></tr><tr><td style=\"white-space:nowrap\">prd3160<a name=\"PRDcodes-prd3160\"> </a></td><td>Familial hypocalciuric hypercalcaemia (3160)</td><td>Familial hypocalciuric hypercalcaemia</td></tr><tr><td style=\"white-space:nowrap\">prd3173<a name=\"PRDcodes-prd3173\"> </a></td><td>Familial hypercalciuric hypocalcaemia (3173)</td><td>Familial hypercalciuric hypocalcaemia</td></tr><tr><td style=\"white-space:nowrap\">prd3187<a name=\"PRDcodes-prd3187\"> </a></td><td>Familial hypomagnesaemia (3187)</td><td>Familial hypomagnesaemia</td></tr><tr><td style=\"white-space:nowrap\">prd3194<a name=\"PRDcodes-prd3194\"> </a></td><td>Primary hyperoxaluria (3194)</td><td>Primary hyperoxaluria</td></tr><tr><td style=\"white-space:nowrap\">prd3207<a name=\"PRDcodes-prd3207\"> </a></td><td>Primary hyperoxaluria type I (3207)</td><td>Primary hyperoxaluria type I</td></tr><tr><td style=\"white-space:nowrap\">prd3211<a name=\"PRDcodes-prd3211\"> </a></td><td>Primary hyperoxaluria type II (3211)</td><td>Primary hyperoxaluria type II</td></tr><tr><td style=\"white-space:nowrap\">prd3224<a name=\"PRDcodes-prd3224\"> </a></td><td>Fabry disease - no histology (3224)</td><td>Fabry disease - no histology</td></tr><tr><td style=\"white-space:nowrap\">prd3230<a name=\"PRDcodes-prd3230\"> </a></td><td>Fabry disease - histologically proven (3230)</td><td>Fabry disease - histologically proven</td></tr><tr><td style=\"white-space:nowrap\">prd3248<a name=\"PRDcodes-prd3248\"> </a></td><td>Xanthinuria (3248)</td><td>Xanthinuria</td></tr><tr><td style=\"white-space:nowrap\">prd3253<a name=\"PRDcodes-prd3253\"> </a></td><td>Nail-patella syndrome (3253)</td><td>Nail-patella syndrome</td></tr><tr><td style=\"white-space:nowrap\">prd3269<a name=\"PRDcodes-prd3269\"> </a></td><td>Rubinstein-Taybi syndrome (3269)</td><td>Rubinstein-Taybi syndrome</td></tr><tr><td style=\"white-space:nowrap\">prd3276<a name=\"PRDcodes-prd3276\"> </a></td><td>Tuberous sclerosis (3276)</td><td>Tuberous sclerosis</td></tr><tr><td style=\"white-space:nowrap\">prd3282<a name=\"PRDcodes-prd3282\"> </a></td><td>Von Hippel-Lindau disease (3282)</td><td>Von Hippel-Lindau disease</td></tr><tr><td style=\"white-space:nowrap\">prd3295<a name=\"PRDcodes-prd3295\"> </a></td><td>Medullary sponge kidneys (3295)</td><td>Medullary sponge kidneys</td></tr><tr><td style=\"white-space:nowrap\">prd3305<a name=\"PRDcodes-prd3305\"> </a></td><td>Horse-shoe kidney (3305)</td><td>Horse-shoe kidney</td></tr><tr><td style=\"white-space:nowrap\">prd3314<a name=\"PRDcodes-prd3314\"> </a></td><td>Frasier syndrome (3314)</td><td>Frasier syndrome</td></tr><tr><td style=\"white-space:nowrap\">prd3322<a name=\"PRDcodes-prd3322\"> </a></td><td>Branchio-oto-renal syndrome (3322)</td><td>Branchio-oto-renal syndrome</td></tr><tr><td style=\"white-space:nowrap\">prd3333<a name=\"PRDcodes-prd3333\"> </a></td><td>Williams syndrome (3333)</td><td>Williams syndrome</td></tr><tr><td style=\"white-space:nowrap\">prd3346<a name=\"PRDcodes-prd3346\"> </a></td><td>Townes-Brocks syndrome (3346)</td><td>Townes-Brocks syndrome</td></tr><tr><td style=\"white-space:nowrap\">prd3351<a name=\"PRDcodes-prd3351\"> </a></td><td>Lawrence-Moon-Biedl / Bardet-Biedl syndrome (3351)</td><td>Lawrence-Moon-Biedl / Bardet-Biedl syndrome</td></tr><tr><td style=\"white-space:nowrap\">prd3367<a name=\"PRDcodes-prd3367\"> </a></td><td>Mitochondrial cytopathy (3367)</td><td>Mitochondrial cytopathy</td></tr><tr><td style=\"white-space:nowrap\">prd3379<a name=\"PRDcodes-prd3379\"> </a></td><td>Familial nephropathy (3379)</td><td>Familial nephropathy</td></tr><tr><td style=\"white-space:nowrap\">prd3380<a name=\"PRDcodes-prd3380\"> </a></td><td>Acute kidney injury (3380)</td><td>Acute kidney injury</td></tr><tr><td style=\"white-space:nowrap\">prd3398<a name=\"PRDcodes-prd3398\"> </a></td><td>Acute kidney injury due to hypovolaemia  (3398)</td><td>Acute kidney injury due to hypovolaemia</td></tr><tr><td style=\"white-space:nowrap\">prd3403<a name=\"PRDcodes-prd3403\"> </a></td><td>Acute kidney injury due to circulatory failure (3403)</td><td>Acute kidney injury due to circulatory failure</td></tr><tr><td style=\"white-space:nowrap\">prd3419<a name=\"PRDcodes-prd3419\"> </a></td><td>Acute kidney injury due to sepsis (3419)</td><td>Acute kidney injury due to sepsis</td></tr><tr><td style=\"white-space:nowrap\">prd3426<a name=\"PRDcodes-prd3426\"> </a></td><td>Acute kidney injury due to rhabdomyolysis (3426)</td><td>Acute kidney injury due to rhabdomyolysis</td></tr><tr><td style=\"white-space:nowrap\">prd3435<a name=\"PRDcodes-prd3435\"> </a></td><td>Acute kidney injury due to nephrotoxicity (3435)</td><td>Acute kidney injury due to nephrotoxicity</td></tr><tr><td style=\"white-space:nowrap\">prd3442<a name=\"PRDcodes-prd3442\"> </a></td><td>Acute cortical necrosis (3442)</td><td>Acute cortical necrosis</td></tr><tr><td style=\"white-space:nowrap\">prd3457<a name=\"PRDcodes-prd3457\"> </a></td><td>Acute pyelonephritis (3457)</td><td>Acute pyelonephritis</td></tr><tr><td style=\"white-space:nowrap\">prd3461<a name=\"PRDcodes-prd3461\"> </a></td><td>Kidney tumour (3461)</td><td>Kidney tumour</td></tr><tr><td style=\"white-space:nowrap\">prd3474<a name=\"PRDcodes-prd3474\"> </a></td><td>Renal cell carcinoma - histologically proven (3474)</td><td>Renal cell carcinoma - histologically proven</td></tr><tr><td style=\"white-space:nowrap\">prd3488<a name=\"PRDcodes-prd3488\"> </a></td><td>Transitional cell carcinoma - histologically proven (3488)</td><td>Transitional cell carcinoma - histologically proven</td></tr><tr><td style=\"white-space:nowrap\">prd3490<a name=\"PRDcodes-prd3490\"> </a></td><td>Wilms tumour - histologically proven (3490)</td><td>Wilms tumour - histologically proven</td></tr><tr><td style=\"white-space:nowrap\">prd3501<a name=\"PRDcodes-prd3501\"> </a></td><td>Mesoblastic nephroma - histologically proven (3501)</td><td>Mesoblastic nephroma - histologically proven</td></tr><tr><td style=\"white-space:nowrap\">prd3517<a name=\"PRDcodes-prd3517\"> </a></td><td>Single kidney identified in adulthood (3517)</td><td>Single kidney identified in adulthood</td></tr><tr><td style=\"white-space:nowrap\">prd3529<a name=\"PRDcodes-prd3529\"> </a></td><td>Chronic kidney disease (CKD) / chronic renal failure (CRF) caused by tumour nephrectomy (3529)</td><td>Chronic kidney disease (CKD) / chronic renal failure (CRF) caused by tumour nephrectomy</td></tr><tr><td style=\"white-space:nowrap\">prd3538<a name=\"PRDcodes-prd3538\"> </a></td><td>Chronic kidney disease (CKD) / chronic renal failure (CRF) due to traumatic loss of kidney (3538)</td><td>Chronic kidney disease (CKD) / chronic renal failure (CRF) due to traumatic loss of kidney</td></tr><tr><td style=\"white-space:nowrap\">prd3540<a name=\"PRDcodes-prd3540\"> </a></td><td>Chronic kidney disease (CKD) / chronic renal failure (CRF) due to donor nephrectomy (3540)</td><td>Chronic kidney disease (CKD) / chronic renal failure (CRF) due to donor nephrectomy</td></tr><tr><td style=\"white-space:nowrap\">prd3555<a name=\"PRDcodes-prd3555\"> </a></td><td>Chronic kidney disease (CKD) / chronic renal failure (CRF) - aetiology uncertain / unknown - no histology (3555)</td><td>Chronic kidney disease (CKD) / chronic renal failure (CRF) - aetiology uncertain / unknown - no histology</td></tr><tr><td style=\"white-space:nowrap\">prd3564<a name=\"PRDcodes-prd3564\"> </a></td><td>Chronic kidney disease (CKD) / chronic renal failure (CRF) - aetiology uncertain / unknown - histologically proven (3564)</td><td>Chronic kidney disease (CKD) / chronic renal failure (CRF) - aetiology uncertain / unknown - histologically proven</td></tr><tr><td style=\"white-space:nowrap\">prd3572<a name=\"PRDcodes-prd3572\"> </a></td><td>Haematuria and proteinuria - no histology (3572)</td><td>Haematuria and proteinuria - no histology</td></tr><tr><td style=\"white-space:nowrap\">prd3604<a name=\"PRDcodes-prd3604\"> </a></td><td>Nephrotic syndrome of childhood - steroid resistant - no histology (3604)</td><td>Nephrotic syndrome of childhood - steroid resistant - no histology</td></tr><tr><td style=\"white-space:nowrap\">prd3615<a name=\"PRDcodes-prd3615\"> </a></td><td>Nephrotic syndrome of childhood - no trial of steroids - no histology (3615)</td><td>Nephrotic syndrome of childhood - no trial of steroids - no histology</td></tr><tr><td style=\"white-space:nowrap\">prd3627<a name=\"PRDcodes-prd3627\"> </a></td><td>Renal cysts and diabetes syndrome (3627)</td><td>Renal cysts and diabetes syndrome</td></tr><tr><td style=\"white-space:nowrap\">prd3636<a name=\"PRDcodes-prd3636\"> </a></td><td>Chronic urate nephropathy - no histology (3636)</td><td>Chronic urate nephropathy - no histology</td></tr><tr><td style=\"white-space:nowrap\">prd3643<a name=\"PRDcodes-prd3643\"> </a></td><td>Chronic renal failure due to systemic infection (3643)</td><td>Chronic renal failure due to systemic infection</td></tr><tr><td style=\"white-space:nowrap\">prd3658<a name=\"PRDcodes-prd3658\"> </a></td><td>Renal coloboma syndrome (3658)</td><td>Renal coloboma syndrome</td></tr><tr><td style=\"white-space:nowrap\">prd3662<a name=\"PRDcodes-prd3662\"> </a></td><td>Hypercalcaemic nephropathy  (3662)</td><td>Hypercalcaemic nephropathy</td></tr><tr><td style=\"white-space:nowrap\">prd3670<a name=\"PRDcodes-prd3670\"> </a></td><td>Retroperitoneal fibrosis secondary to peri-aortitis (3670)</td><td>Retroperitoneal fibrosis secondary to peri-aortitis</td></tr><tr><td style=\"white-space:nowrap\">prd3689<a name=\"PRDcodes-prd3689\"> </a></td><td>Retroperitoneal fibrosis secondary to drugs (3689)</td><td>Retroperitoneal fibrosis secondary to drugs</td></tr><tr><td style=\"white-space:nowrap\">prd3691<a name=\"PRDcodes-prd3691\"> </a></td><td>Renal failure (3691)</td><td>Renal failure</td></tr><tr><td style=\"white-space:nowrap\">prd3708<a name=\"PRDcodes-prd3708\"> </a></td><td>Chronic renal failure (3708)</td><td>Chronic renal failure</td></tr><tr><td style=\"white-space:nowrap\">prd3712<a name=\"PRDcodes-prd3712\"> </a></td><td>Isolated haematuria - no histology (3712)</td><td>Isolated haematuria - no histology</td></tr><tr><td style=\"white-space:nowrap\">prd3720<a name=\"PRDcodes-prd3720\"> </a></td><td>Isolated proteinuria - no histology (3720)</td><td>Isolated proteinuria - no histology</td></tr><tr><td style=\"white-space:nowrap\">prd3731<a name=\"PRDcodes-prd3731\"> </a></td><td>Primary hyperoxaluria type III (3731)</td><td>Primary hyperoxaluria type III</td></tr><tr><td style=\"white-space:nowrap\">prd3749<a name=\"PRDcodes-prd3749\"> </a></td><td>Glomerulonephritis - no histology (3749)</td><td>Glomerulonephritis - no histology</td></tr><tr><td style=\"white-space:nowrap\">prd3754<a name=\"PRDcodes-prd3754\"> </a></td><td>Focal segmental glomerulosclerosis (FSGS) secondary to HIV  (3754)</td><td>Focal segmental glomerulosclerosis (FSGS) secondary to HIV</td></tr><tr><td style=\"white-space:nowrap\">prd3765<a name=\"PRDcodes-prd3765\"> </a></td><td>Focal segmental glomerulosclerosis (FSGS) secondary to lithium  (3765)</td><td>Focal segmental glomerulosclerosis (FSGS) secondary to lithium</td></tr><tr><td style=\"white-space:nowrap\">prd3777<a name=\"PRDcodes-prd3777\"> </a></td><td>Focal segmental glomerulosclerosis (FSGS) secondary to sickle cell (3777)</td><td>Focal segmental glomerulosclerosis (FSGS) secondary to sickle cell</td></tr><tr><td style=\"white-space:nowrap\">prd3783<a name=\"PRDcodes-prd3783\"> </a></td><td>Renal papillary necrosis caused by diabetes (3783)</td><td>Renal papillary necrosis caused by diabetes</td></tr><tr><td style=\"white-space:nowrap\">prd3796<a name=\"PRDcodes-prd3796\"> </a></td><td>Renal papillary necrosis caused by analgesics (3796)</td><td>Renal papillary necrosis caused by analgesics</td></tr><tr><td style=\"white-space:nowrap\">prd3806<a name=\"PRDcodes-prd3806\"> </a></td><td>Renal papillary necrosis caused by sickle cell (3806)</td><td>Renal papillary necrosis caused by sickle cell</td></tr><tr><td style=\"white-space:nowrap\">prd3810<a name=\"PRDcodes-prd3810\"> </a></td><td>Kidney stones due to ARPT deficiency (3810)</td><td>Kidney stones due to ARPT deficiency</td></tr><tr><td style=\"white-space:nowrap\">prd3823<a name=\"PRDcodes-prd3823\"> </a></td><td>Infiltration by lymphoma - histologically proven (3823)</td><td>Infiltration by lymphoma - histologically proven</td></tr><tr><td style=\"white-space:nowrap\">prd3834<a name=\"PRDcodes-prd3834\"> </a></td><td>Nephropathy due to pre-eclampsia (3834)</td><td>Nephropathy due to pre-eclampsia</td></tr><tr><td style=\"white-space:nowrap\">prd3847<a name=\"PRDcodes-prd3847\"> </a></td><td>Systemic vasculitis - ANCA negative - no histology (3847)</td><td>Systemic vasculitis - ANCA negative - no histology</td></tr><tr><td style=\"white-space:nowrap\">prd3852<a name=\"PRDcodes-prd3852\"> </a></td><td>Systemic vasculitis - ANCA positive - histologically proven (3852)</td><td>Systemic vasculitis - ANCA positive - histologically proven</td></tr></table></div>"},"url":"https://kip.rkkp.dk/fhir/CodeSystem/PRDcodes","version":"0.1.6","name":"PRDcodes","title":"ERA PRD Codes","status":"active","date":"2024-01-10T00:00:00+02:00","publisher":"Sundhedsvæsnets Kvalistetsinstitut with Trifork Digital Health A/S","contact":[{"name":"Sundhedsvæsnets Kvalistetsinstitut with Trifork Digital Health A/S","telecom":[{"system":"url","value":"https://trifork.com"},{"system":"email","value":"rbk@trifork.com"}]}],"description":"European Renal Association (ERA)  Primary Renal Disease (PRD)","caseSensitive":false,"content":"complete","count":284,"concept":[{"code":"prd1003","display":"Adult nephrotic syndrome - no histology (1003)","definition":"Adult nephrotic syndrome - no histology"},{"code":"prd1019","display":"Nephrotic syndrome of childhood - steroid sensitive - no histology (1019)","definition":"Nephrotic syndrome of childhood - steroid sensitive - no histology"},{"code":"prd1026","display":"Congenital nephrotic syndrome (CNS) - no histology (1026)","definition":"Congenital nephrotic syndrome (CNS) - no histology"},{"code":"prd1035","display":"Congenital nephrotic syndrome (CNS) - Finnish type - no histology (1035)","definition":"Congenital nephrotic syndrome (CNS) - Finnish type - no histology"},{"code":"prd1042","display":"Congenital nephrotic syndrome (CNS) - Finnish type - histologically proven (1042)","definition":"Congenital nephrotic syndrome (CNS) - Finnish type - histologically proven"},{"code":"prd1057","display":"Congenital nephrotic syndrome (CNS) - diffuse mesangial sclerosis (1057)","definition":"Congenital nephrotic syndrome (CNS) - diffuse mesangial sclerosis"},{"code":"prd1061","display":"Congenital nephrotic syndrome (CNS) - focal segmental glomerulosclerosis (FSGS) (1061)","definition":"Congenital nephrotic syndrome (CNS) - focal segmental glomerulosclerosis (FSGS)"},{"code":"prd1074","display":"Denys-Drash syndrome (1074)","definition":"Denys-Drash syndrome"},{"code":"prd1088","display":"Congenital nephrotic syndrome (CNS) - congenital infection (1088)","definition":"Congenital nephrotic syndrome (CNS) - congenital infection"},{"code":"prd1090","display":"Minimal change nephropathy - no histology (1090)","definition":"Minimal change nephropathy - no histology"},{"code":"prd1100","display":"Minimal change nephropathy - histologically proven (1100)","definition":"Minimal change nephropathy - histologically proven"},{"code":"prd1116","display":"IgA nephropathy - no histology (1116)","definition":"IgA nephropathy - no histology"},{"code":"prd1128","display":"IgA nephropathy - histologically proven (1128)","definition":"IgA nephropathy - histologically proven"},{"code":"prd1137","display":"Familial IgA nephropathy - no histology (1137)","definition":"Familial IgA nephropathy - no histology"},{"code":"prd1144","display":"Familial IgA nephropathy - histologically proven (1144)","definition":"Familial IgA nephropathy - histologically proven"},{"code":"prd1159","display":"IgA nephropathy secondary to liver cirrhosis - no histology (1159)","definition":"IgA nephropathy secondary to liver cirrhosis - no histology"},{"code":"prd1163","display":"IgA nephropathy secondary to liver cirrhosis - histologically proven (1163)","definition":"IgA nephropathy secondary to liver cirrhosis - histologically proven"},{"code":"prd1171","display":"IgM - associated nephropathy (1171)","definition":"IgM - associated nephropathy"},{"code":"prd1185","display":"Membranous nephropathy - idiopathic (1185)","definition":"Membranous nephropathy - idiopathic"},{"code":"prd1192","display":"Membranous nephropathy - malignancy associated (1192)","definition":"Membranous nephropathy - malignancy associated"},{"code":"prd1205","display":"Membranous nephropathy - drug induced (1205)","definition":"Membranous nephropathy - drug induced"},{"code":"prd1214","display":"Membranous nephropathy - infection associated (1214)","definition":"Membranous nephropathy - infection associated"},{"code":"prd1222","display":"Mesangiocapillary glomerulonephritis type 1 (1222)","definition":"Mesangiocapillary glomerulonephritis type 1"},{"code":"prd1233","display":"Mesangiocapillary glomerulonephritis type 2 (dense deposit disease) (1233)","definition":"Mesangiocapillary glomerulonephritis type 2 (dense deposit disease)"},{"code":"prd1246","display":"Mesangiocapillary glomerulonephritis type 3 (1246)","definition":"Mesangiocapillary glomerulonephritis type 3"},{"code":"prd1251","display":"Idiopathic rapidly progressive (crescentic) glomerulonephritis (1251)","definition":"Idiopathic rapidly progressive (crescentic) glomerulonephritis"},{"code":"prd1267","display":"Primary focal segmental glomerulosclerosis (FSGS) (1267)","definition":"Primary focal segmental glomerulosclerosis (FSGS)"},{"code":"prd1279","display":"Familial focal segmental glomerulosclerosis (FSGS) - autosomal recessive - no histology (1279)","definition":"Familial focal segmental glomerulosclerosis (FSGS) - autosomal recessive - no histology"},{"code":"prd1280","display":"Familial focal segmental glomerulosclerosis (FSGS) - autosomal recessive - histologically proven (1280)","definition":"Familial focal segmental glomerulosclerosis (FSGS) - autosomal recessive - histologically proven"},{"code":"prd1298","display":"Familial focal segmental glomerulosclerosis (FSGS) - autosomal dominant - no histology (1298)","definition":"Familial focal segmental glomerulosclerosis (FSGS) - autosomal dominant - no histology"},{"code":"prd1308","display":"Familial focal segmental glomerulosclerosis (FSGS) - autosomal dominant - histologically proven (1308)","definition":"Familial focal segmental glomerulosclerosis (FSGS) - autosomal dominant - histologically proven"},{"code":"prd1312","display":"Focal segmental glomerulosclerosis (FSGS) secondary to obesity - no histology (1312)","definition":"Focal segmental glomerulosclerosis (FSGS) secondary to obesity - no histology"},{"code":"prd1320","display":"Focal segmental glomerulosclerosis (FSGS) secondary to obesity - histologically proven (1320)","definition":"Focal segmental glomerulosclerosis (FSGS) secondary to obesity - histologically proven"},{"code":"prd1331","display":"Diffuse endocapillary glomerulonephritis (1331)","definition":"Diffuse endocapillary glomerulonephritis"},{"code":"prd1349","display":"Mesangial proliferative glomerulonephritis  (1349)","definition":"Mesangial proliferative glomerulonephritis"},{"code":"prd1354","display":"Focal and segmental proliferative glomerulonephritis (1354)","definition":"Focal and segmental proliferative glomerulonephritis"},{"code":"prd1365","display":"Glomerulonephritis - secondary to systemic disease  (1365)","definition":"Glomerulonephritis - secondary to systemic disease"},{"code":"prd1377","display":"Glomerulonephritis - histologically indeterminate (1377)","definition":"Glomerulonephritis - histologically indeterminate"},{"code":"prd1383","display":"Systemic vasculitis - ANCA negative - histologically proven (1383)","definition":"Systemic vasculitis - ANCA negative - histologically proven"},{"code":"prd1396","display":"Systemic vasculitis - ANCA positive - no histology (1396)","definition":"Systemic vasculitis - ANCA positive - no histology"},{"code":"prd1401","display":"Granulomatosis with polyangiitis - no histology (1401)","definition":"Granulomatosis with polyangiitis - no histology"},{"code":"prd1417","display":"Granulomatosis with polyangiitis - histologically proven (1417)","definition":"Granulomatosis with polyangiitis - histologically proven"},{"code":"prd1429","display":"Microscopic polyangiitis - histologically proven (1429)","definition":"Microscopic polyangiitis - histologically proven"},{"code":"prd1438","display":"Churg-Strauss syndrome - no histology (1438)","definition":"Churg-Strauss syndrome - no histology"},{"code":"prd1440","display":"Churg-Strauss syndrome - histologically proven (1440)","definition":"Churg-Strauss syndrome - histologically proven"},{"code":"prd1455","display":"Polyarteritis nodosa (1455)","definition":"Polyarteritis nodosa"},{"code":"prd1464","display":"Anti-Glomerular basement membrane (GBM) disease / Goodpasture's syndrome - no histology (1464)","definition":"Anti-Glomerular basement membrane (GBM) disease / Goodpasture's syndrome - no histology"},{"code":"prd1472","display":"Anti-Glomerular basement membrane (GBM) disease / Goodpasture's syndrome - histologically proven (1472)","definition":"Anti-Glomerular basement membrane (GBM) disease / Goodpasture's syndrome - histologically proven"},{"code":"prd1486","display":"Systemic lupus erythematosus / nephritis - no histology (1486)","definition":"Systemic lupus erythematosus / nephritis - no histology"},{"code":"prd1493","display":"Systemic lupus erythematosus / nephritis - histologically proven (1493)","definition":"Systemic lupus erythematosus / nephritis - histologically proven"},{"code":"prd1504","display":"Henoch-Schönlein purpura / nephritis - no histology (1504)","definition":"Henoch-Schönlein purpura / nephritis - no histology"},{"code":"prd1515","display":"Henoch-Schönlein purpura / nephritis - histologically proven (1515)","definition":"Henoch-Schönlein purpura / nephritis - histologically proven"},{"code":"prd1527","display":"Renal scleroderma / systemic sclerosis - no histology (1527)","definition":"Renal scleroderma / systemic sclerosis - no histology"},{"code":"prd1536","display":"Renal scleroderma / systemic sclerosis - histologically proven (1536)","definition":"Renal scleroderma / systemic sclerosis - histologically proven"},{"code":"prd1543","display":"Essential mixed cryoglobulinaemia - no histology (1543)","definition":"Essential mixed cryoglobulinaemia - no histology"},{"code":"prd1558","display":"Essential mixed cryoglobulinaemia - histologically proven (1558)","definition":"Essential mixed cryoglobulinaemia - histologically proven"},{"code":"prd1562","display":"Cryoglobulinaemia secondary to hepatitis C - no histology (1562)","definition":"Cryoglobulinaemia secondary to hepatitis C - no histology"},{"code":"prd1570","display":"Cryoglobulinaemia secondary to hepatitis C - histologically proven (1570)","definition":"Cryoglobulinaemia secondary to hepatitis C - histologically proven"},{"code":"prd1589","display":"Cryoglobulinaemia secondary to systemic disease - no histology (1589)","definition":"Cryoglobulinaemia secondary to systemic disease - no histology"},{"code":"prd1591","display":"Cryoglobulinaemia secondary to systemic disease - histologically proven (1591)","definition":"Cryoglobulinaemia secondary to systemic disease - histologically proven"},{"code":"prd1602","display":"Primary reflux nephropathy - sporadic (1602)","definition":"Primary reflux nephropathy - sporadic"},{"code":"prd1618","display":"Familial reflux nephropathy (1618)","definition":"Familial reflux nephropathy"},{"code":"prd1625","display":"Congenital dysplasia / hypoplasia (1625)","definition":"Congenital dysplasia / hypoplasia"},{"code":"prd1639","display":"Multicystic dysplastic kidneys (1639)","definition":"Multicystic dysplastic kidneys"},{"code":"prd1641","display":"Renal dysplasia due to fetal ACE-inhibitor exposure (1641)","definition":"Renal dysplasia due to fetal ACE-inhibitor exposure"},{"code":"prd1656","display":"Glomerulocystic disease (1656)","definition":"Glomerulocystic disease"},{"code":"prd1660","display":"Congenital pelvi-ureteric junction obstruction (1660)","definition":"Congenital pelvi-ureteric junction obstruction"},{"code":"prd1673","display":"Congenital vesico-ureteric junction obstruction (1673)","definition":"Congenital vesico-ureteric junction obstruction"},{"code":"prd1687","display":"Posterior urethral valves (1687)","definition":"Posterior urethral valves"},{"code":"prd1694","display":"Syndrome of agenesis of abdominal muscles - prune belly syndrome (1694)","definition":"Syndrome of agenesis of abdominal muscles - prune belly syndrome"},{"code":"prd1706","display":"Congenital neurogenic bladder (1706)","definition":"Congenital neurogenic bladder"},{"code":"prd1710","display":"Bladder exstrophy (1710)","definition":"Bladder exstrophy"},{"code":"prd1723","display":"Megacystis-megaureter (1723)","definition":"Megacystis-megaureter"},{"code":"prd1734","display":"Oligomeganephronia (1734)","definition":"Oligomeganephronia"},{"code":"prd1747","display":"Renal papillary necrosis (1747)","definition":"Renal papillary necrosis"},{"code":"prd1752","display":"Acquired obstructive uropathy / nephropathy (1752)","definition":"Acquired obstructive uropathy / nephropathy"},{"code":"prd1768","display":"Acquired obstructive nephropathy due to neurogenic bladder (1768)","definition":"Acquired obstructive nephropathy due to neurogenic bladder"},{"code":"prd1775","display":"Obstructive nephropathy due to prostatic hypertrophy (1775)","definition":"Obstructive nephropathy due to prostatic hypertrophy"},{"code":"prd1781","display":"Obstructive nephropathy due to prostate cancer (1781)","definition":"Obstructive nephropathy due to prostate cancer"},{"code":"prd1799","display":"Obstructive nephropathy due to bladder cancer (1799)","definition":"Obstructive nephropathy due to bladder cancer"},{"code":"prd1809","display":"Obstructive nephropathy due to other malignancies (1809)","definition":"Obstructive nephropathy due to other malignancies"},{"code":"prd1813","display":"Idiopathic retroperitoneal fibrosis (1813)","definition":"Idiopathic retroperitoneal fibrosis"},{"code":"prd1821","display":"Retroperitoneal fibrosis secondary to malignancies (1821)","definition":"Retroperitoneal fibrosis secondary to malignancies"},{"code":"prd1832","display":"Calculus nephropathy / urolithiasis (1832)","definition":"Calculus nephropathy / urolithiasis"},{"code":"prd1845","display":"Calcium oxalate urolithiasis (1845)","definition":"Calcium oxalate urolithiasis"},{"code":"prd1850","display":"Enteric hyperoxaluria  (1850)","definition":"Enteric hyperoxaluria"},{"code":"prd1866","display":"Magnesium ammonium phosphate (struvite) urolithiasis (1866)","definition":"Magnesium ammonium phosphate (struvite) urolithiasis"},{"code":"prd1878","display":"Uric acid urolithiasis (1878)","definition":"Uric acid urolithiasis"},{"code":"prd1884","display":"Tubulointerstitial nephritis - no histology (1884)","definition":"Tubulointerstitial nephritis - no histology"},{"code":"prd1897","display":"Tubulointerstitial nephritis - histologically proven (1897)","definition":"Tubulointerstitial nephritis - histologically proven"},{"code":"prd1907","display":"Familial interstitial nephropathy - no histology (1907)","definition":"Familial interstitial nephropathy - no histology"},{"code":"prd1911","display":"Familial interstitial nephropathy - histologically proven (1911)","definition":"Familial interstitial nephropathy - histologically proven"},{"code":"prd1924","display":"Tubulointerstitial nephritis associated with autoimmune disease - no histology (1924)","definition":"Tubulointerstitial nephritis associated with autoimmune disease - no histology"},{"code":"prd1930","display":"Tubulointerstitial nephritis associated with autoimmune disease - histologically proven (1930)","definition":"Tubulointerstitial nephritis associated with autoimmune disease - histologically proven"},{"code":"prd1948","display":"Tubulointerstitial nephritis with uveitis (TINU) - no histology (1948)","definition":"Tubulointerstitial nephritis with uveitis (TINU) - no histology"},{"code":"prd1953","display":"Tubulointerstitial nephritis with uveitis (TINU) - histologically proven (1953)","definition":"Tubulointerstitial nephritis with uveitis (TINU) - histologically proven"},{"code":"prd1969","display":"Renal sarcoidosis - no histology (1969)","definition":"Renal sarcoidosis - no histology"},{"code":"prd1976","display":"Renal sarcoidosis - histologically proven (1976)","definition":"Renal sarcoidosis - histologically proven"},{"code":"prd1982","display":"Aristolochic acid nephropathy (Balkan / Chinese herb / endemic nephropathy) - no histology (1982)","definition":"Aristolochic acid nephropathy (Balkan / Chinese herb / endemic nephropathy) - no histology"},{"code":"prd1995","display":"Aristolochic acid nephropathy (Balkan / Chinese herb / endemic nephropathy) - histologically proven (1995)","definition":"Aristolochic acid nephropathy (Balkan / Chinese herb / endemic nephropathy) - histologically proven"},{"code":"prd2005","display":"Drug-induced tubulointerstitial nephritis  - no histology (2005)","definition":"Drug-induced tubulointerstitial nephritis  - no histology"},{"code":"prd2014","display":"Drug-induced tubulointerstitial nephritis - histologically proven (2014)","definition":"Drug-induced tubulointerstitial nephritis - histologically proven"},{"code":"prd2022","display":"Nephropathy due to analgesic drugs - no histology (2022)","definition":"Nephropathy due to analgesic drugs - no histology"},{"code":"prd2033","display":"Nephropathy due to analgesic drugs - histologically proven (2033)","definition":"Nephropathy due to analgesic drugs - histologically proven"},{"code":"prd2046","display":"Nephropathy due to ciclosporin - no histology (2046)","definition":"Nephropathy due to ciclosporin - no histology"},{"code":"prd2051","display":"Nephropathy due to ciclosporin - histologically proven (2051)","definition":"Nephropathy due to ciclosporin - histologically proven"},{"code":"prd2067","display":"Nephropathy due to tacrolimus - no histology (2067)","definition":"Nephropathy due to tacrolimus - no histology"},{"code":"prd2079","display":"Nephropathy due to tacrolimus - histologically proven (2079)","definition":"Nephropathy due to tacrolimus - histologically proven"},{"code":"prd2080","display":"Nephropathy due to aminoglycosides - no histology (2080)","definition":"Nephropathy due to aminoglycosides - no histology"},{"code":"prd2098","display":"Nephropathy due to aminoglycosides - histologically proven (2098)","definition":"Nephropathy due to aminoglycosides - histologically proven"},{"code":"prd2108","display":"Nephropathy due to amphotericin - no histology (2108)","definition":"Nephropathy due to amphotericin - no histology"},{"code":"prd2112","display":"Nephropathy due to amphotericin - histologically proven (2112)","definition":"Nephropathy due to amphotericin - histologically proven"},{"code":"prd2120","display":"Nephropathy due to cisplatin - no histology (2120)","definition":"Nephropathy due to cisplatin - no histology"},{"code":"prd2131","display":"Nephropathy due to cisplatin - histologically proven (2131)","definition":"Nephropathy due to cisplatin - histologically proven"},{"code":"prd2149","display":"Nephropathy due to lithium - no histology (2149)","definition":"Nephropathy due to lithium - no histology"},{"code":"prd2154","display":"Nephropathy due to lithium - histologically proven (2154)","definition":"Nephropathy due to lithium - histologically proven"},{"code":"prd2165","display":"Lead induced nephropathy - no histology (2165)","definition":"Lead induced nephropathy - no histology"},{"code":"prd2177","display":"Lead induced nephropathy - histologically proven (2177)","definition":"Lead induced nephropathy - histologically proven"},{"code":"prd2183","display":"Acute urate nephropathy - no histology (2183)","definition":"Acute urate nephropathy - no histology"},{"code":"prd2196","display":"Acute urate nephropathy - histologically proven (2196)","definition":"Acute urate nephropathy - histologically proven"},{"code":"prd2203","display":"Chronic urate nephropathy - histologically proven (2203)","definition":"Chronic urate nephropathy - histologically proven"},{"code":"prd2219","display":"Radiation nephritis (2219)","definition":"Radiation nephritis"},{"code":"prd2226","display":"Renal / perinephric abscess (2226)","definition":"Renal / perinephric abscess"},{"code":"prd2235","display":"Renal tuberculosis (2235)","definition":"Renal tuberculosis"},{"code":"prd2242","display":"Leptospirosis (2242)","definition":"Leptospirosis"},{"code":"prd2257","display":"Hantavirus nephropathy (2257)","definition":"Hantavirus nephropathy"},{"code":"prd2261","display":"Xanthogranulomatous pyelonephritis (2261)","definition":"Xanthogranulomatous pyelonephritis"},{"code":"prd2274","display":"Nephropathy related to HIV - no histology (2274)","definition":"Nephropathy related to HIV - no histology"},{"code":"prd2288","display":"Nephropathy related to HIV - histologically proven (2288)","definition":"Nephropathy related to HIV - histologically proven"},{"code":"prd2290","display":"Schistosomiasis (2290)","definition":"Schistosomiasis"},{"code":"prd2300","display":"Other specific infection (2300)","definition":"Other specific infection"},{"code":"prd2316","display":"Diabetic nephropathy in type I diabetes - no histology (2316)","definition":"Diabetic nephropathy in type I diabetes - no histology"},{"code":"prd2328","display":"Diabetic nephropathy in type I diabetes - histologically proven (2328)","definition":"Diabetic nephropathy in type I diabetes - histologically proven"},{"code":"prd2337","display":"Diabetic nephropathy in type II diabetes - no histology (2337)","definition":"Diabetic nephropathy in type II diabetes - no histology"},{"code":"prd2344","display":"Diabetic nephropathy in type II diabetes - histologically proven (2344)","definition":"Diabetic nephropathy in type II diabetes - histologically proven"},{"code":"prd2359","display":"Chronic hypertensive nephropathy - no histology (2359)","definition":"Chronic hypertensive nephropathy - no histology"},{"code":"prd2363","display":"Chronic hypertensive nephropathy - histologically proven (2363)","definition":"Chronic hypertensive nephropathy - histologically proven"},{"code":"prd2371","display":"Malignant hypertensive nephropathy / accelerated hypertensive nephropathy - no histology (2371)","definition":"Malignant hypertensive nephropathy / accelerated hypertensive nephropathy - no histology"},{"code":"prd2385","display":"Malignant hypertensive nephropathy / accelerated hypertensive nephropathy - histologically proven (2385)","definition":"Malignant hypertensive nephropathy / accelerated hypertensive nephropathy - histologically proven"},{"code":"prd2392","display":"Ageing kidney - no histology (2392)","definition":"Ageing kidney - no histology"},{"code":"prd2407","display":"Ischaemic nephropathy - no histology (2407)","definition":"Ischaemic nephropathy - no histology"},{"code":"prd2411","display":"Ischaemic nephropathy / microvascular disease - histologically proven (2411)","definition":"Ischaemic nephropathy / microvascular disease - histologically proven"},{"code":"prd2424","display":"Renal artery stenosis (2424)","definition":"Renal artery stenosis"},{"code":"prd2430","display":"Atheroembolic renal disease - no histology (2430)","definition":"Atheroembolic renal disease - no histology"},{"code":"prd2448","display":"Atheroembolic renal disease - histologically proven (2448)","definition":"Atheroembolic renal disease - histologically proven"},{"code":"prd2453","display":"Fibromuscular dysplasia of renal artery (2453)","definition":"Fibromuscular dysplasia of renal artery"},{"code":"prd2469","display":"Renal arterial thrombosis / occlusion (2469)","definition":"Renal arterial thrombosis / occlusion"},{"code":"prd2476","display":"Renal vein thrombosis (2476)","definition":"Renal vein thrombosis"},{"code":"prd2482","display":"Cardiorenal syndrome (2482)","definition":"Cardiorenal syndrome"},{"code":"prd2495","display":"Hepatorenal syndrome (2495)","definition":"Hepatorenal syndrome"},{"code":"prd2509","display":"Renal amyloidosis (2509)","definition":"Renal amyloidosis"},{"code":"prd2513","display":"AA amyloid secondary to chronic inflammation (2513)","definition":"AA amyloid secondary to chronic inflammation"},{"code":"prd2521","display":"AL amyloid secondary to plasma cell dyscrasia (2521)","definition":"AL amyloid secondary to plasma cell dyscrasia"},{"code":"prd2532","display":"Familial amyloid secondary to protein mutations - no histology (2532)","definition":"Familial amyloid secondary to protein mutations - no histology"},{"code":"prd2545","display":"Familial amyloid secondary to protein mutations - histologically proven (2545)","definition":"Familial amyloid secondary to protein mutations - histologically proven"},{"code":"prd2550","display":"Familial AA amyloid secondary to familial Mediterranean fever / TRAPS (Hibernian fever) - no histology (2550)","definition":"Familial AA amyloid secondary to familial Mediterranean fever / TRAPS (Hibernian fever) - no histology"},{"code":"prd2566","display":"Familial AA amyloid secondary to familial Mediterranean fever / TRAPS (Hibernian fever) - histologically proven (2566)","definition":"Familial AA amyloid secondary to familial Mediterranean fever / TRAPS (Hibernian fever) - histologically proven"},{"code":"prd2578","display":"Myeloma kidney - no histology (2578)","definition":"Myeloma kidney - no histology"},{"code":"prd2584","display":"Myeloma cast nephropathy - histologically proven (2584)","definition":"Myeloma cast nephropathy - histologically proven"},{"code":"prd2597","display":"Light chain deposition disease (2597)","definition":"Light chain deposition disease"},{"code":"prd2606","display":"Immunotactoid / fibrillary nephropathy (2606)","definition":"Immunotactoid / fibrillary nephropathy"},{"code":"prd2610","display":"Haemolytic uraemic syndrome (HUS) - diarrhoea associated (2610)","definition":"Haemolytic uraemic syndrome (HUS) - diarrhoea associated"},{"code":"prd2623","display":"Atypical haemolytic uraemic syndrome (HUS) - diarrhoea negative (2623)","definition":"Atypical haemolytic uraemic syndrome (HUS) - diarrhoea negative"},{"code":"prd2634","display":"Thrombotic thrombocytopenic purpura (TTP) (2634)","definition":"Thrombotic thrombocytopenic purpura (TTP)"},{"code":"prd2647","display":"Haemolytic uraemic syndrome (HUS) secondary to systemic disease (2647)","definition":"Haemolytic uraemic syndrome (HUS) secondary to systemic disease"},{"code":"prd2652","display":"Congenital haemolytic uraemic syndrome (HUS)  (2652)","definition":"Congenital haemolytic uraemic syndrome (HUS)"},{"code":"prd2668","display":"Familial haemolytic uraemic syndrome (HUS) (2668)","definition":"Familial haemolytic uraemic syndrome (HUS)"},{"code":"prd2675","display":"Familial thrombotic thrombocytopenic purpura (TTP) (2675)","definition":"Familial thrombotic thrombocytopenic purpura (TTP)"},{"code":"prd2681","display":"Nephropathy due to eclampsia (2681)","definition":"Nephropathy due to eclampsia"},{"code":"prd2699","display":"Sickle cell nephropathy - no histology (2699)","definition":"Sickle cell nephropathy - no histology"},{"code":"prd2702","display":"Sickle cell nephropathy - histologically proven (2702)","definition":"Sickle cell nephropathy - histologically proven"},{"code":"prd2718","display":"Autosomal dominant (AD) polycystic kidney disease (2718)","definition":"Autosomal dominant (AD) polycystic kidney disease"},{"code":"prd2725","display":"Autosomal dominant (AD) polycystic kidney disease type I (2725)","definition":"Autosomal dominant (AD) polycystic kidney disease type I"},{"code":"prd2739","display":"Autosomal dominant (AD) polycystic kidney disease type II (2739)","definition":"Autosomal dominant (AD) polycystic kidney disease type II"},{"code":"prd2741","display":"Autosomal recessive (AR) polycystic kidney disease (2741)","definition":"Autosomal recessive (AR) polycystic kidney disease"},{"code":"prd2756","display":"Alport syndrome - no histology (2756)","definition":"Alport syndrome - no histology"},{"code":"prd2760","display":"Alport syndrome - histologically proven (2760)","definition":"Alport syndrome - histologically proven"},{"code":"prd2773","display":"Benign familial haematuria (2773)","definition":"Benign familial haematuria"},{"code":"prd2787","display":"Thin basement membrane disease (2787)","definition":"Thin basement membrane disease"},{"code":"prd2794","display":"Cystic kidney disease (2794)","definition":"Cystic kidney disease"},{"code":"prd2804","display":"Medullary cystic kidney disease type I (2804)","definition":"Medullary cystic kidney disease type I"},{"code":"prd2815","display":"Medullary cystic kidney disease type II (2815)","definition":"Medullary cystic kidney disease type II"},{"code":"prd2827","display":"Uromodulin-associated nephropathy (familial juvenile hyperuricaemic nephropathy) (2827)","definition":"Uromodulin-associated nephropathy (familial juvenile hyperuricaemic nephropathy)"},{"code":"prd2836","display":"Nephronophthisis (2836)","definition":"Nephronophthisis"},{"code":"prd2843","display":"Nephronophthisis - type 1 (juvenile type) (2843)","definition":"Nephronophthisis - type 1 (juvenile type)"},{"code":"prd2858","display":"Nephronophthisis - type 2 (infantile type) (2858)","definition":"Nephronophthisis - type 2 (infantile type)"},{"code":"prd2862","display":"Nephronophthisis - type 3 (adolescent type) (2862)","definition":"Nephronophthisis - type 3 (adolescent type)"},{"code":"prd2870","display":"Nephronophthisis - type 4 (juvenile type) (2870)","definition":"Nephronophthisis - type 4 (juvenile type)"},{"code":"prd2889","display":"Nephronophthisis - type 5 (2889)","definition":"Nephronophthisis - type 5"},{"code":"prd2891","display":"Nephronophthisis - type 6 (2891)","definition":"Nephronophthisis - type 6"},{"code":"prd2901","display":"Primary Fanconi syndrome (2901)","definition":"Primary Fanconi syndrome"},{"code":"prd2917","display":"Tubular disorder as part of inherited metabolic diseases (2917)","definition":"Tubular disorder as part of inherited metabolic diseases"},{"code":"prd2929","display":"Dent disease (2929)","definition":"Dent disease"},{"code":"prd2938","display":"Lowe syndrome (oculocerebrorenal syndrome) (2938)","definition":"Lowe syndrome (oculocerebrorenal syndrome)"},{"code":"prd2940","display":"Inherited aminoaciduria (2940)","definition":"Inherited aminoaciduria"},{"code":"prd2955","display":"Cystinuria (2955)","definition":"Cystinuria"},{"code":"prd2964","display":"Cystinosis (2964)","definition":"Cystinosis"},{"code":"prd2972","display":"Inherited renal glycosuria (2972)","definition":"Inherited renal glycosuria"},{"code":"prd2986","display":"Hypophosphataemic rickets X-linked (XL) (2986)","definition":"Hypophosphataemic rickets X-linked (XL)"},{"code":"prd2993","display":"Hypophosphataemic rickets autosomal recessive (AR) (2993)","definition":"Hypophosphataemic rickets autosomal recessive (AR)"},{"code":"prd3000","display":"Primary renal tubular acidosis (RTA) (3000)","definition":"Primary renal tubular acidosis (RTA)"},{"code":"prd3016","display":"Proximal renal tubular acidosis (RTA) - type II (3016)","definition":"Proximal renal tubular acidosis (RTA) - type II"},{"code":"prd3028","display":"Distal renal tubular acidosis (RTA) - type I (3028)","definition":"Distal renal tubular acidosis (RTA) - type I"},{"code":"prd3037","display":"Distal renal tubular acidosis with sensorineural deafness - gene mutations (3037)","definition":"Distal renal tubular acidosis with sensorineural deafness - gene mutations"},{"code":"prd3044","display":"Nephrogenic diabetes insipidus (3044)","definition":"Nephrogenic diabetes insipidus"},{"code":"prd3059","display":"Lesch Nyhan syndrome - hypoxanthine guanine phosphoribosyl transferase deficiency  (3059)","definition":"Lesch Nyhan syndrome - hypoxanthine guanine phosphoribosyl transferase deficiency"},{"code":"prd3063","display":"Phosphoribosyl pyrophosphate synthetase (PRPPS) superactivity (3063)","definition":"Phosphoribosyl pyrophosphate synthetase (PRPPS) superactivity"},{"code":"prd3071","display":"Alagille syndrome (3071)","definition":"Alagille syndrome"},{"code":"prd3085","display":"Bartter syndrome (3085)","definition":"Bartter syndrome"},{"code":"prd3092","display":"Gitelman syndrome (3092)","definition":"Gitelman syndrome"},{"code":"prd3102","display":"Liddle syndrome (3102)","definition":"Liddle syndrome"},{"code":"prd3118","display":"Apparent mineralocorticoid excess (3118)","definition":"Apparent mineralocorticoid excess"},{"code":"prd3125","display":"Glucocorticoid suppressible hyperaldosteronism (3125)","definition":"Glucocorticoid suppressible hyperaldosteronism"},{"code":"prd3139","display":"Inherited / genetic diabetes mellitus type II (3139)","definition":"Inherited / genetic diabetes mellitus type II"},{"code":"prd3141","display":"Pseudohypoaldosteronism type 1 (3141)","definition":"Pseudohypoaldosteronism type 1"},{"code":"prd3156","display":"Pseudohypoaldosteronism type 2 (Gordon syndrome) (3156)","definition":"Pseudohypoaldosteronism type 2 (Gordon syndrome)"},{"code":"prd3160","display":"Familial hypocalciuric hypercalcaemia (3160)","definition":"Familial hypocalciuric hypercalcaemia"},{"code":"prd3173","display":"Familial hypercalciuric hypocalcaemia (3173)","definition":"Familial hypercalciuric hypocalcaemia"},{"code":"prd3187","display":"Familial hypomagnesaemia (3187)","definition":"Familial hypomagnesaemia"},{"code":"prd3194","display":"Primary hyperoxaluria (3194)","definition":"Primary hyperoxaluria"},{"code":"prd3207","display":"Primary hyperoxaluria type I (3207)","definition":"Primary hyperoxaluria type I"},{"code":"prd3211","display":"Primary hyperoxaluria type II (3211)","definition":"Primary hyperoxaluria type II"},{"code":"prd3224","display":"Fabry disease - no histology (3224)","definition":"Fabry disease - no histology"},{"code":"prd3230","display":"Fabry disease - histologically proven (3230)","definition":"Fabry disease - histologically proven"},{"code":"prd3248","display":"Xanthinuria (3248)","definition":"Xanthinuria"},{"code":"prd3253","display":"Nail-patella syndrome (3253)","definition":"Nail-patella syndrome"},{"code":"prd3269","display":"Rubinstein-Taybi syndrome (3269)","definition":"Rubinstein-Taybi syndrome"},{"code":"prd3276","display":"Tuberous sclerosis (3276)","definition":"Tuberous sclerosis"},{"code":"prd3282","display":"Von Hippel-Lindau disease (3282)","definition":"Von Hippel-Lindau disease"},{"code":"prd3295","display":"Medullary sponge kidneys (3295)","definition":"Medullary sponge kidneys"},{"code":"prd3305","display":"Horse-shoe kidney (3305)","definition":"Horse-shoe kidney"},{"code":"prd3314","display":"Frasier syndrome (3314)","definition":"Frasier syndrome"},{"code":"prd3322","display":"Branchio-oto-renal syndrome (3322)","definition":"Branchio-oto-renal syndrome"},{"code":"prd3333","display":"Williams syndrome (3333)","definition":"Williams syndrome"},{"code":"prd3346","display":"Townes-Brocks syndrome (3346)","definition":"Townes-Brocks syndrome"},{"code":"prd3351","display":"Lawrence-Moon-Biedl / Bardet-Biedl syndrome (3351)","definition":"Lawrence-Moon-Biedl / Bardet-Biedl syndrome"},{"code":"prd3367","display":"Mitochondrial cytopathy (3367)","definition":"Mitochondrial cytopathy"},{"code":"prd3379","display":"Familial nephropathy (3379)","definition":"Familial nephropathy"},{"code":"prd3380","display":"Acute kidney injury (3380)","definition":"Acute kidney injury"},{"code":"prd3398","display":"Acute kidney injury due to hypovolaemia  (3398)","definition":"Acute kidney injury due to hypovolaemia"},{"code":"prd3403","display":"Acute kidney injury due to circulatory failure (3403)","definition":"Acute kidney injury due to circulatory failure"},{"code":"prd3419","display":"Acute kidney injury due to sepsis (3419)","definition":"Acute kidney injury due to sepsis"},{"code":"prd3426","display":"Acute kidney injury due to rhabdomyolysis (3426)","definition":"Acute kidney injury due to rhabdomyolysis"},{"code":"prd3435","display":"Acute kidney injury due to nephrotoxicity (3435)","definition":"Acute kidney injury due to nephrotoxicity"},{"code":"prd3442","display":"Acute cortical necrosis (3442)","definition":"Acute cortical necrosis"},{"code":"prd3457","display":"Acute pyelonephritis (3457)","definition":"Acute pyelonephritis"},{"code":"prd3461","display":"Kidney tumour (3461)","definition":"Kidney tumour"},{"code":"prd3474","display":"Renal cell carcinoma - histologically proven (3474)","definition":"Renal cell carcinoma - histologically proven"},{"code":"prd3488","display":"Transitional cell carcinoma - histologically proven (3488)","definition":"Transitional cell carcinoma - histologically proven"},{"code":"prd3490","display":"Wilms tumour - histologically proven (3490)","definition":"Wilms tumour - histologically proven"},{"code":"prd3501","display":"Mesoblastic nephroma - histologically proven (3501)","definition":"Mesoblastic nephroma - histologically proven"},{"code":"prd3517","display":"Single kidney identified in adulthood (3517)","definition":"Single kidney identified in adulthood"},{"code":"prd3529","display":"Chronic kidney disease (CKD) / chronic renal failure (CRF) caused by tumour nephrectomy (3529)","definition":"Chronic kidney disease (CKD) / chronic renal failure (CRF) caused by tumour nephrectomy"},{"code":"prd3538","display":"Chronic kidney disease (CKD) / chronic renal failure (CRF) due to traumatic loss of kidney (3538)","definition":"Chronic kidney disease (CKD) / chronic renal failure (CRF) due to traumatic loss of kidney"},{"code":"prd3540","display":"Chronic kidney disease (CKD) / chronic renal failure (CRF) due to donor nephrectomy (3540)","definition":"Chronic kidney disease (CKD) / chronic renal failure (CRF) due to donor nephrectomy"},{"code":"prd3555","display":"Chronic kidney disease (CKD) / chronic renal failure (CRF) - aetiology uncertain / unknown - no histology (3555)","definition":"Chronic kidney disease (CKD) / chronic renal failure (CRF) - aetiology uncertain / unknown - no histology"},{"code":"prd3564","display":"Chronic kidney disease (CKD) / chronic renal failure (CRF) - aetiology uncertain / unknown - histologically proven (3564)","definition":"Chronic kidney disease (CKD) / chronic renal failure (CRF) - aetiology uncertain / unknown - histologically proven"},{"code":"prd3572","display":"Haematuria and proteinuria - no histology (3572)","definition":"Haematuria and proteinuria - no histology"},{"code":"prd3604","display":"Nephrotic syndrome of childhood - steroid resistant - no histology (3604)","definition":"Nephrotic syndrome of childhood - steroid resistant - no histology"},{"code":"prd3615","display":"Nephrotic syndrome of childhood - no trial of steroids - no histology (3615)","definition":"Nephrotic syndrome of childhood - no trial of steroids - no histology"},{"code":"prd3627","display":"Renal cysts and diabetes syndrome (3627)","definition":"Renal cysts and diabetes syndrome"},{"code":"prd3636","display":"Chronic urate nephropathy - no histology (3636)","definition":"Chronic urate nephropathy - no histology"},{"code":"prd3643","display":"Chronic renal failure due to systemic infection (3643)","definition":"Chronic renal failure due to systemic infection"},{"code":"prd3658","display":"Renal coloboma syndrome (3658)","definition":"Renal coloboma syndrome"},{"code":"prd3662","display":"Hypercalcaemic nephropathy  (3662)","definition":"Hypercalcaemic nephropathy"},{"code":"prd3670","display":"Retroperitoneal fibrosis secondary to peri-aortitis (3670)","definition":"Retroperitoneal fibrosis secondary to peri-aortitis"},{"code":"prd3689","display":"Retroperitoneal fibrosis secondary to drugs (3689)","definition":"Retroperitoneal fibrosis secondary to drugs"},{"code":"prd3691","display":"Renal failure (3691)","definition":"Renal failure"},{"code":"prd3708","display":"Chronic renal failure (3708)","definition":"Chronic renal failure"},{"code":"prd3712","display":"Isolated haematuria - no histology (3712)","definition":"Isolated haematuria - no histology"},{"code":"prd3720","display":"Isolated proteinuria - no histology (3720)","definition":"Isolated proteinuria - no histology"},{"code":"prd3731","display":"Primary hyperoxaluria type III (3731)","definition":"Primary hyperoxaluria type III"},{"code":"prd3749","display":"Glomerulonephritis - no histology (3749)","definition":"Glomerulonephritis - no histology"},{"code":"prd3754","display":"Focal segmental glomerulosclerosis (FSGS) secondary to HIV  (3754)","definition":"Focal segmental glomerulosclerosis (FSGS) secondary to HIV"},{"code":"prd3765","display":"Focal segmental glomerulosclerosis (FSGS) secondary to lithium  (3765)","definition":"Focal segmental glomerulosclerosis (FSGS) secondary to lithium"},{"code":"prd3777","display":"Focal segmental glomerulosclerosis (FSGS) secondary to sickle cell (3777)","definition":"Focal segmental glomerulosclerosis (FSGS) secondary to sickle cell"},{"code":"prd3783","display":"Renal papillary necrosis caused by diabetes (3783)","definition":"Renal papillary necrosis caused by diabetes"},{"code":"prd3796","display":"Renal papillary necrosis caused by analgesics (3796)","definition":"Renal papillary necrosis caused by analgesics"},{"code":"prd3806","display":"Renal papillary necrosis caused by sickle cell (3806)","definition":"Renal papillary necrosis caused by sickle cell"},{"code":"prd3810","display":"Kidney stones due to ARPT deficiency (3810)","definition":"Kidney stones due to ARPT deficiency"},{"code":"prd3823","display":"Infiltration by lymphoma - histologically proven (3823)","definition":"Infiltration by lymphoma - histologically proven"},{"code":"prd3834","display":"Nephropathy due to pre-eclampsia (3834)","definition":"Nephropathy due to pre-eclampsia"},{"code":"prd3847","display":"Systemic vasculitis - ANCA negative - no histology (3847)","definition":"Systemic vasculitis - ANCA negative - no histology"},{"code":"prd3852","display":"Systemic vasculitis - ANCA positive - histologically proven (3852)","definition":"Systemic vasculitis - ANCA positive - histologically proven"}]}