{"resourceType":"CodeSystem","id":"ResectionCompletion","text":{"status":"generated","div":"<div xmlns=\"http://www.w3.org/1999/xhtml\"><p class=\"res-header-id\"><b>Generated Narrative: CodeSystem ResectionCompletion</b></p><a name=\"ResectionCompletion\"> </a><a name=\"hcResectionCompletion\"> </a><a name=\"ResectionCompletion-en-US\"> </a><p>This case-insensitive code system <code>https://kip.rkkp.dk/fhir/CodeSystem/ResectionCompletion</code> defines the following codes:</p><table class=\"codes\"><tr><td style=\"white-space:nowrap\"><b>Code</b></td><td><b>Display</b></td><td><b>Definition</b></td></tr><tr><td style=\"white-space:nowrap\">undeterminable_radicality_piecemeal<a name=\"ResectionCompletion-undeterminable_radicality_piecemeal\"> </a></td><td>Radikalitet af lokalresektionen kan ikke vurderes på grund af piecemeal teknik</td><td>Radikalitet af lokalresektionen kan ikke vurderes på grund af piecemeal teknik</td></tr><tr><td style=\"white-space:nowrap\">missing_radicality_sektion<a name=\"ResectionCompletion-missing_radicality_sektion\"> </a></td><td>Manglende radikalitet af endoskopiske lokalresektion</td><td>Manglende radikalitet af endoskopiske lokalresektion</td></tr><tr><td style=\"white-space:nowrap\">pathology_risk_factors<a name=\"ResectionCompletion-pathology_risk_factors\"> </a></td><td>Tilstedeværelse af en eller flere patologirisikofaktorer</td><td>Tilstedeværelse af en eller flere patologirisikofaktorer</td></tr><tr><td style=\"white-space:nowrap\">missing_radicality_risk<a name=\"ResectionCompletion-missing_radicality_risk\"> </a></td><td>Manglende radikalitet og tilstedeværelse af risikofaktorer</td><td>Manglende radikalitet og tilstedeværelse af risikofaktorer</td></tr></table></div>"},"url":"https://kip.rkkp.dk/fhir/CodeSystem/ResectionCompletion","version":"0.1.6","name":"ResectionCompletion","title":"Resection completion; justification","status":"active","date":"2022-06-07T00:00:00+02:00","publisher":"Sundhedsvæsnets Kvalistetsinstitut with Trifork Digital Health A/S","contact":[{"name":"Sundhedsvæsnets Kvalistetsinstitut with Trifork Digital Health A/S","telecom":[{"system":"url","value":"https://trifork.com"},{"system":"email","value":"rbk@trifork.com"}]}],"description":"Resection completion; justification","caseSensitive":false,"content":"complete","count":4,"concept":[{"code":"undeterminable_radicality_piecemeal","display":"Radikalitet af lokalresektionen kan ikke vurderes på grund af piecemeal teknik","definition":"Radikalitet af lokalresektionen kan ikke vurderes på grund af piecemeal teknik"},{"code":"missing_radicality_sektion","display":"Manglende radikalitet af endoskopiske lokalresektion","definition":"Manglende radikalitet af endoskopiske lokalresektion"},{"code":"pathology_risk_factors","display":"Tilstedeværelse af en eller flere patologirisikofaktorer","definition":"Tilstedeværelse af en eller flere patologirisikofaktorer"},{"code":"missing_radicality_risk","display":"Manglende radikalitet og tilstedeværelse af risikofaktorer","definition":"Manglende radikalitet og tilstedeværelse af risikofaktorer"}]}