{"resourceType":"CodeSystem","id":"PTNMType","text":{"status":"generated","div":"<div xmlns=\"http://www.w3.org/1999/xhtml\"><p class=\"res-header-id\"><b>Generated Narrative: CodeSystem PTNMType</b></p><a name=\"PTNMType\"> </a><a name=\"hcPTNMType\"> </a><a name=\"PTNMType-en-US\"> </a><p>This  code system <code>https://kip.rkkp.dk/fhir/CodeSystem/PTNMType</code> defines the following codes:</p><table class=\"codes\"><tr><td style=\"white-space:nowrap\"><b>Code</b></td><td><b>Display</b></td><td><b>Definition</b></td></tr><tr><td style=\"white-space:nowrap\">ptnm<a name=\"PTNMType-ptnm\"> </a></td><td>pTNM</td><td>pTNM</td></tr><tr><td style=\"white-space:nowrap\">yptnm<a name=\"PTNMType-yptnm\"> </a></td><td>ypTNM</td><td>ypTNM</td></tr></table></div>"},"url":"https://kip.rkkp.dk/fhir/CodeSystem/PTNMType","version":"0.1.6","name":"PTNMType","title":"Type af pTNM","status":"active","date":"2022-06-07T00:00:00+02:00","publisher":"Sundhedsvæsnets Kvalistetsinstitut with Trifork Digital Health A/S","contact":[{"name":"Sundhedsvæsnets Kvalistetsinstitut with Trifork Digital Health A/S","telecom":[{"system":"url","value":"https://trifork.com"},{"system":"email","value":"rbk@trifork.com"}]}],"description":"Type af pTNM","content":"complete","count":2,"concept":[{"code":"ptnm","display":"pTNM","definition":"pTNM"},{"code":"yptnm","display":"ypTNM","definition":"ypTNM"}]}