{"resourceType":"ValueSet","id":"KognitivPaavirkningDANDEM","text":{"status":"extensions","div":"<div xmlns=\"http://www.w3.org/1999/xhtml\"><p class=\"res-header-id\"><b>Generated Narrative: ValueSet KognitivPaavirkningDANDEM</b></p><a name=\"KognitivPaavirkningDANDEM\"> </a><a name=\"hcKognitivPaavirkningDANDEM\"> </a><a name=\"KognitivPaavirkningDANDEM-en-US\"> </a><ul><li>Include these codes as defined in <a href=\"CodeSystem-CognitiveFunctionFinding.html\"><code>https://kip.rkkp.dk/fhir/CodeSystem/CognitiveFunctionFinding</code></a><table class=\"none\"><tr><td style=\"white-space:nowrap\"><b>Code</b></td><td><b>Display</b></td><td><b>Definition</b></td></tr><tr><td><a href=\"CodeSystem-CognitiveFunctionFinding.html#CognitiveFunctionFinding-normal\">normal</a></td><td>Habituel kognitiv funktion</td><td>Normal cognition / Normal kognitiv funktion / SNOMED-CT: 449888003</td></tr><tr><td><a href=\"CodeSystem-CognitiveFunctionFinding.html#CognitiveFunctionFinding-impaired\">impaired</a></td><td>Kognitiv svækkelse, men ikke dement</td><td>Impaired cognition / Svækket erkendelsesevne / SNOMED-CT: 386806002</td></tr><tr><td><a href=\"CodeSystem-CognitiveFunctionFinding.html#CognitiveFunctionFinding-mild\">mild</a></td><td>Demens i let grad jævnfør (ICD kriterier)</td><td>Mild / Let / SNOMED-CT: 255604002</td></tr><tr><td><a href=\"CodeSystem-CognitiveFunctionFinding.html#CognitiveFunctionFinding-moderate\">moderate</a></td><td>Demens i moderat grad jævnfør (ICD kriterier)</td><td>Moderate / Moderat / SNOMED-CT: 6736007</td></tr><tr><td><a href=\"CodeSystem-CognitiveFunctionFinding.html#CognitiveFunctionFinding-severe\">severe</a></td><td>Demens i svær grad jævnfør (ICD kriterier)</td><td>Severe / Svær / SNOMED-CT: 24484000</td></tr></table></li></ul></div>"},"url":"https://kip.rkkp.dk/fhir/ValueSet/KognitivPaavirkningDANDEM","version":"0.1.6","name":"KognitivPaavirkningDANDEM","title":"Kognitiv påvirkning (DANDEM)","status":"active","experimental":true,"date":"2022-07-19T00:00:00+02:00","publisher":"Sundhedsvæsnets Kvalistetsinstitut with Trifork Digital Health A/S","contact":[{"name":"Sundhedsvæsnets Kvalistetsinstitut with Trifork Digital Health A/S","telecom":[{"system":"url","value":"https://trifork.com"},{"system":"email","value":"rbk@trifork.com"}]}],"description":"Kognitiv påvirkning (DANDEM)","compose":{"include":[{"system":"https://kip.rkkp.dk/fhir/CodeSystem/CognitiveFunctionFinding","concept":[{"code":"normal","display":"Habituel kognitiv funktion"},{"code":"impaired","display":"Kognitiv svækkelse, men ikke dement"},{"code":"mild","display":"Demens i let grad jævnfør (ICD kriterier)"},{"code":"moderate","display":"Demens i moderat grad jævnfør (ICD kriterier)"},{"code":"severe","display":"Demens i svær grad jævnfør (ICD kriterier)"}]}]}}