{"resourceType":"ValueSet","id":"ProcedureIkkeGennemfortDCCG","text":{"status":"extensions","div":"<div xmlns=\"http://www.w3.org/1999/xhtml\"><p class=\"res-header-id\"><b>Generated Narrative: ValueSet ProcedureIkkeGennemfortDCCG</b></p><a name=\"ProcedureIkkeGennemfortDCCG\"> </a><a name=\"hcProcedureIkkeGennemfortDCCG\"> </a><a name=\"ProcedureIkkeGennemfortDCCG-en-US\"> </a><p>This value set includes codes based on the following rules:</p><ul><li>Include these codes as defined in <a href=\"CodeSystem-ProcedureNotCompleted.html\"><code>https://kip.rkkp.dk/fhir/CodeSystem/ProcedureNotCompleted</code></a><table class=\"none\"><tr><td style=\"white-space:nowrap\"><b>Code</b></td><td><b>Display</b></td><td><b>Definition</b></td></tr><tr><td><a href=\"CodeSystem-ProcedureNotCompleted.html#ProcedureNotCompleted-disease_progression\">disease_progression</a></td><td>Sygdomsprogression</td><td>Progression of disease / Sygdomsprogression</td></tr><tr><td><a href=\"CodeSystem-ProcedureNotCompleted.html#ProcedureNotCompleted-disease_regression\">disease_regression</a></td><td>Sygdomsregression</td><td>Regression of disease / Sygdomsregression</td></tr><tr><td><a href=\"CodeSystem-ProcedureNotCompleted.html#ProcedureNotCompleted-comorbidity\">comorbidity</a></td><td>Komorbiditet</td><td>Comorbidity / Komorbiditet</td></tr><tr><td><a href=\"CodeSystem-ProcedureNotCompleted.html#ProcedureNotCompleted-patients_wish\">patients_wish</a></td><td>Patientønske</td><td>Patient's wish / Patientønske</td></tr><tr><td><a href=\"CodeSystem-ProcedureNotCompleted.html#ProcedureNotCompleted-death\">death</a></td><td>Dødsfald</td><td>Death / Dødsfald</td></tr></table></li><li>Include these codes as defined in <a href=\"CodeSystem-GenericValues.html\"><code>https://kip.rkkp.dk/fhir/CodeSystem/GenericValues</code></a><table class=\"none\"><tr><td style=\"white-space:nowrap\"><b>Code</b></td><td><b>Display</b></td><td><b>Definition</b></td></tr><tr><td><a href=\"CodeSystem-GenericValues.html#GenericValues-other\">other</a></td><td>Anden eller ikke oplyst årsag</td><td>Other - used to choose unspecific value not in a valueset</td></tr></table></li></ul></div>"},"url":"https://kip.rkkp.dk/fhir/ValueSet/ProcedureIkkeGennemfortDCCG","version":"0.1.6","name":"ProcedureIkkeGennemfortDCCG","title":"Procedure Ikke Gennemført DCCG","status":"active","experimental":true,"date":"2022-09-07T00:00:00+02:00","publisher":"Sundhedsvæsnets Kvalistetsinstitut with Trifork Digital Health A/S","contact":[{"name":"Sundhedsvæsnets Kvalistetsinstitut with Trifork Digital Health A/S","telecom":[{"system":"url","value":"https://trifork.com"},{"system":"email","value":"rbk@trifork.com"}]}],"description":"Procedure Ikke Gennemført DCCG","compose":{"include":[{"system":"https://kip.rkkp.dk/fhir/CodeSystem/ProcedureNotCompleted","concept":[{"code":"disease_progression","display":"Sygdomsprogression"},{"code":"disease_regression","display":"Sygdomsregression"},{"code":"comorbidity","display":"Komorbiditet"},{"code":"patients_wish","display":"Patientønske"},{"code":"death","display":"Dødsfald"}]},{"system":"https://kip.rkkp.dk/fhir/CodeSystem/GenericValues","concept":[{"code":"other","display":"Anden eller ikke oplyst årsag"}]}]}}