{"resourceType":"ValueSet","id":"AnatomiskLokation1","text":{"status":"extensions","div":"<div xmlns=\"http://www.w3.org/1999/xhtml\"><p class=\"res-header-id\"><b>Generated Narrative: ValueSet AnatomiskLokation1</b></p><a name=\"AnatomiskLokation1\"> </a><a name=\"hcAnatomiskLokation1\"> </a><a name=\"AnatomiskLokation1-en-US\"> </a><p>This value set includes codes based on the following rules:</p><ul><li>Include these codes as defined in <a href=\"CodeSystem-GenericValues.html\"><code>https://kip.rkkp.dk/fhir/CodeSystem/GenericValues</code></a><table class=\"none\"><tr><td style=\"white-space:nowrap\"><b>Code</b></td><td><b>Display</b></td><td><b>Definition</b></td></tr><tr><td><a href=\"CodeSystem-GenericValues.html#GenericValues-other\">other</a></td><td>Anden</td><td>Other - used to choose unspecific value not in a valueset</td></tr></table></li><li>Include these codes as defined in <a href=\"CodeSystem-SKS.html\"><code>https://kip.rkkp.dk/fhir/CodeSystem/SKS</code></a><table class=\"none\"><tr><td style=\"white-space:nowrap\"><b>Code</b></td><td><b>Display</b></td><td><b>Definition</b></td></tr><tr><td><a href=\"CodeSystem-SKS.html#SKS-T001220\">T001220</a></td><td>Bugvæg</td><td>T001220 - bugvæg</td></tr><tr><td><a href=\"CodeSystem-SKS.html#SKS-T000703\">T000703</a></td><td>Duodenum</td><td>T000703 - duodenum</td></tr><tr><td><a href=\"CodeSystem-SKS.html#SKS-T000627\">T000627</a></td><td>Galdeblære</td><td>T000627 - galdeblære</td></tr><tr><td><a href=\"CodeSystem-SKS.html#SKS-T000607\">T000607</a></td><td>Lever</td><td>T000607 - lever</td></tr><tr><td><a href=\"CodeSystem-SKS.html#SKS-T000132\">T000132</a></td><td>Milt</td><td>T000132 - milt</td></tr><tr><td><a href=\"CodeSystem-SKS.html#SKS-T000773\">T000773</a></td><td>Nyre</td><td>T000773 - nyre</td></tr><tr><td><a href=\"CodeSystem-SKS.html#SKS-T000240\">T000240</a></td><td>Os sacrum</td><td>T000240 - os sacrum</td></tr><tr><td><a href=\"CodeSystem-SKS.html#SKS-T000241\">T000241</a></td><td>Os coccygis</td><td>T000241 - os coccygis</td></tr><tr><td><a href=\"CodeSystem-SKS.html#SKS-T000638\">T000638</a></td><td>Pancreas</td><td>T000638 - pancreas</td></tr><tr><td><a href=\"CodeSystem-SKS.html#SKS-T001222\">T001222</a></td><td>Peritoneum parietale</td><td>T001222 - peritoneum</td></tr><tr><td><a href=\"CodeSystem-SKS.html#SKS-T000834\">T000834</a></td><td>Prostata</td><td>T000834 - prostata</td></tr><tr><td><a href=\"CodeSystem-SKS.html#SKS-T000695\">T000695</a></td><td>Tyndtarm</td><td>T000695 - tyndtarm</td></tr><tr><td><a href=\"CodeSystem-SKS.html#SKS-T000803\">T000803</a></td><td>Urteter</td><td>T000803 - ureter</td></tr><tr><td><a href=\"CodeSystem-SKS.html#SKS-T000812\">T000812</a></td><td>Urinblære</td><td>T000812 - vesica urinaria</td></tr><tr><td><a href=\"CodeSystem-SKS.html#SKS-T000670\">T000670</a></td><td>Ventrikel</td><td>T000670 - ventrikel</td></tr><tr><td><a href=\"CodeSystem-SKS.html#SKS-T000840\">T000840</a></td><td>Vesicula seminalis</td><td>T000840 - vesicula seminalis</td></tr></table></li><li>Include these codes as defined in <a href=\"CodeSystem-AnatomicalLocations.html\"><code>https://kip.rkkp.dk/fhir/CodeSystem/AnatomicalLocations</code></a><table class=\"none\"><tr><td style=\"white-space:nowrap\"><b>Code</b></td><td><b>Display</b></td><td><b>Definition</b></td></tr><tr><td><a href=\"CodeSystem-AnatomicalLocations.html#AnatomicalLocations-gastrocolic_ligament\">gastrocolic_ligament</a></td><td>Gastrokoliske ligament</td><td>Gastrokoliske ligament</td></tr><tr><td><a href=\"CodeSystem-AnatomicalLocations.html#AnatomicalLocations-lymfeknude_lateral\">lymfeknude_lateral</a></td><td>Lateralt lymfeknudecompartment på bækken væg</td><td>Lateralt lymfeknudecompartment på bækken væg</td></tr></table></li></ul></div>"},"url":"https://kip.rkkp.dk/fhir/ValueSet/AnatomiskLokation1","version":"0.1.6","name":"AnatomiskLokation1","title":"Anatomisk lokation 1","status":"active","experimental":true,"date":"2022-10-12T00:00:00+02:00","publisher":"Sundhedsvæsnets Kvalistetsinstitut with Trifork Digital Health A/S","contact":[{"name":"Sundhedsvæsnets Kvalistetsinstitut with Trifork Digital Health A/S","telecom":[{"system":"url","value":"https://trifork.com"},{"system":"email","value":"rbk@trifork.com"}]}],"description":"Anatomisk lokation 1","compose":{"include":[{"system":"https://kip.rkkp.dk/fhir/CodeSystem/GenericValues","concept":[{"code":"other","display":"Anden"}]},{"system":"https://kip.rkkp.dk/fhir/CodeSystem/SKS","concept":[{"code":"T001220","display":"Bugvæg"},{"code":"T000703","display":"Duodenum"},{"code":"T000627","display":"Galdeblære"},{"code":"T000607","display":"Lever"},{"code":"T000132","display":"Milt"},{"code":"T000773","display":"Nyre"},{"code":"T000240","display":"Os sacrum"},{"code":"T000241","display":"Os coccygis"},{"code":"T000638","display":"Pancreas"},{"code":"T001222","display":"Peritoneum parietale"},{"code":"T000834","display":"Prostata"},{"code":"T000695","display":"Tyndtarm"},{"code":"T000803","display":"Urteter"},{"code":"T000812","display":"Urinblære"},{"code":"T000670","display":"Ventrikel"},{"code":"T000840","display":"Vesicula seminalis"}]},{"system":"https://kip.rkkp.dk/fhir/CodeSystem/AnatomicalLocations","concept":[{"code":"gastrocolic_ligament","display":"Gastrokoliske ligament"},{"code":"lymfeknude_lateral","display":"Lateralt lymfeknudecompartment på bækken væg"}]}]}}