{"resourceType":"ValueSet","id":"IkkeBesvaret","text":{"status":"extensions","div":"<div xmlns=\"http://www.w3.org/1999/xhtml\"><p class=\"res-header-id\"><b>Generated Narrative: ValueSet IkkeBesvaret</b></p><a name=\"IkkeBesvaret\"> </a><a name=\"hcIkkeBesvaret\"> </a><a name=\"IkkeBesvaret-en-US\"> </a><ul><li>Include these codes as defined in <a href=\"CodeSystem-IkkeBesvaret.html\"><code>https://kip.rkkp.dk/fhir/CodeSystem/IkkeBesvaret</code></a><table class=\"none\"><tr><td style=\"white-space:nowrap\"><b>Code</b></td><td><b>Display</b></td><td><b>Definition</b></td></tr><tr><td><a href=\"CodeSystem-IkkeBesvaret.html#IkkeBesvaret-ej_tilg\">ej_tilg</a></td><td>Data kan ikke fremskaffes</td><td>Data ikke tilgængelig</td></tr><tr><td><a href=\"CodeSystem-IkkeBesvaret.html#IkkeBesvaret-na\">na</a></td><td>Ikke relevant</td><td>Ikke relevant</td></tr><tr><td><a href=\"CodeSystem-IkkeBesvaret.html#IkkeBesvaret-ej_udt\">ej_udt</a></td><td>Svarmuligheder er ikke udtømmende</td><td>Svarmuligheder er ikke udtømmende</td></tr></table></li></ul></div>"},"url":"https://kip.rkkp.dk/fhir/ValueSet/IkkeBesvaret","version":"0.1.6","name":"IkkeBesvaret","title":"Ikke besvaret (MDS)","status":"active","experimental":true,"date":"2022-10-19T00:00:00+02:00","publisher":"Sundhedsvæsnets Kvalistetsinstitut with Trifork Digital Health A/S","contact":[{"name":"Sundhedsvæsnets Kvalistetsinstitut with Trifork Digital Health A/S","telecom":[{"system":"url","value":"https://trifork.com"},{"system":"email","value":"rbk@trifork.com"}]}],"description":"Årsager til ikke-besvaret spørgsmål (MDS)","compose":{"include":[{"system":"https://kip.rkkp.dk/fhir/CodeSystem/IkkeBesvaret","concept":[{"code":"ej_tilg","display":"Data kan ikke fremskaffes"},{"code":"na","display":"Ikke relevant"},{"code":"ej_udt","display":"Svarmuligheder er ikke udtømmende"}]}]}}