{"resourceType":"ValueSet","id":"AnatomiskLokation3","text":{"status":"extensions","div":"<div xmlns=\"http://www.w3.org/1999/xhtml\"><p class=\"res-header-id\"><b>Generated Narrative: ValueSet AnatomiskLokation3</b></p><a name=\"AnatomiskLokation3\"> </a><a name=\"hcAnatomiskLokation3\"> </a><a name=\"AnatomiskLokation3-en-US\"> </a><p>This value set includes codes based on the following rules:</p><ul><li>Include these codes as defined in <a href=\"CodeSystem-SKS.html\"><code>https://kip.rkkp.dk/fhir/CodeSystem/SKS</code></a><table class=\"none\"><tr><td style=\"white-space:nowrap\"><b>Code</b></td><td><b>Display</b></td><td><b>Definition</b></td></tr><tr><td><a href=\"CodeSystem-SKS.html#SKS-T000607\">T000607</a></td><td>Lever</td><td>T000607 - lever</td></tr><tr><td><a href=\"CodeSystem-SKS.html#SKS-T001222\">T001222</a></td><td>Peritoneum</td><td>T001222 - peritoneum</td></tr></table></li><li>Include these codes as defined in <a href=\"CodeSystem-GenericValues.html\"><code>https://kip.rkkp.dk/fhir/CodeSystem/GenericValues</code></a><table class=\"none\"><tr><td style=\"white-space:nowrap\"><b>Code</b></td><td><b>Display</b></td><td><b>Definition</b></td></tr><tr><td><a href=\"CodeSystem-GenericValues.html#GenericValues-other\">other</a></td><td>Anden</td><td>Other - used to choose unspecific value not in a valueset</td></tr></table></li></ul></div>"},"url":"https://kip.rkkp.dk/fhir/ValueSet/AnatomiskLokation3","version":"0.1.6","name":"AnatomiskLokation3","title":"Anatomisk lokation 3","status":"active","experimental":true,"date":"2022-10-12T00:00:00+02:00","publisher":"Sundhedsvæsnets Kvalistetsinstitut with Trifork Digital Health A/S","contact":[{"name":"Sundhedsvæsnets Kvalistetsinstitut with Trifork Digital Health A/S","telecom":[{"system":"url","value":"https://trifork.com"},{"system":"email","value":"rbk@trifork.com"}]}],"description":"Anatomisk lokation 3","compose":{"include":[{"system":"https://kip.rkkp.dk/fhir/CodeSystem/SKS","concept":[{"code":"T000607","display":"Lever"},{"code":"T001222","display":"Peritoneum"}]},{"system":"https://kip.rkkp.dk/fhir/CodeSystem/GenericValues","concept":[{"code":"other","display":"Anden"}]}]}}