{"resourceType":"ValueSet","id":"TackernavnAbsorberbarDHDB","text":{"status":"extensions","div":"<div xmlns=\"http://www.w3.org/1999/xhtml\"><p class=\"res-header-id\"><b>Generated Narrative: ValueSet TackernavnAbsorberbarDHDB</b></p><a name=\"TackernavnAbsorberbarDHDB\"> </a><a name=\"hcTackernavnAbsorberbarDHDB\"> </a><a name=\"TackernavnAbsorberbarDHDB-en-US\"> </a><p>This value set includes codes based on the following rules:</p><ul><li>Include these codes as defined in <a href=\"CodeSystem-MedicalFixationClosing.html\"><code>https://kip.rkkp.dk/fhir/CodeSystem/MedicalFixationClosing</code></a><table class=\"none\"><tr><td style=\"white-space:nowrap\"><b>Code</b></td><td><b>Display</b></td><td><b>Definition</b></td></tr><tr><td><a href=\"CodeSystem-MedicalFixationClosing.html#MedicalFixationClosing-absorbatack\">absorbatack</a></td><td>Absorbatack</td><td>Absorbatack</td></tr><tr><td><a href=\"CodeSystem-MedicalFixationClosing.html#MedicalFixationClosing-optifix\">optifix</a></td><td>Optifix</td><td>Optifix</td></tr><tr><td><a href=\"CodeSystem-MedicalFixationClosing.html#MedicalFixationClosing-reliatack\">reliatack</a></td><td>Reliatack</td><td>Reliatack</td></tr><tr><td><a href=\"CodeSystem-MedicalFixationClosing.html#MedicalFixationClosing-securestrap\">securestrap</a></td><td>Securestrap</td><td>Securestrap</td></tr></table></li><li>Include these codes as defined in <a href=\"CodeSystem-GenericValues.html\"><code>https://kip.rkkp.dk/fhir/CodeSystem/GenericValues</code></a><table class=\"none\"><tr><td style=\"white-space:nowrap\"><b>Code</b></td><td><b>Display</b></td><td><b>Definition</b></td></tr><tr><td><a href=\"CodeSystem-GenericValues.html#GenericValues-other\">other</a></td><td>Anden</td><td>Other - used to choose unspecific value not in a valueset</td></tr></table></li></ul></div>"},"url":"https://kip.rkkp.dk/fhir/ValueSet/TackernavnAbsorberbarDHDB","version":"0.1.6","name":"TackernavnAbsorberbarDHDB","title":"Tackernavn; Absorberbare tackers (DHDB)","status":"active","experimental":true,"date":"2022-07-20T00:00:00+02:00","publisher":"Sundhedsvæsnets Kvalistetsinstitut with Trifork Digital Health A/S","contact":[{"name":"Sundhedsvæsnets Kvalistetsinstitut with Trifork Digital Health A/S","telecom":[{"system":"url","value":"https://trifork.com"},{"system":"email","value":"rbk@trifork.com"}]}],"description":"Tackernavn; Absorberbare tackers (DHDB)","compose":{"include":[{"system":"https://kip.rkkp.dk/fhir/CodeSystem/MedicalFixationClosing","concept":[{"code":"absorbatack","display":"Absorbatack"},{"code":"optifix","display":"Optifix"},{"code":"reliatack","display":"Reliatack"},{"code":"securestrap","display":"Securestrap"}]},{"system":"https://kip.rkkp.dk/fhir/CodeSystem/GenericValues","concept":[{"code":"other","display":"Anden"}]}]}}