{"resourceType":"ValueSet","id":"PatobankSNOMEDpTNMpT","text":{"status":"extensions","div":"<div xmlns=\"http://www.w3.org/1999/xhtml\"><p class=\"res-header-id\"><b>Generated Narrative: ValueSet PatobankSNOMEDpTNMpT</b></p><a name=\"PatobankSNOMEDpTNMpT\"> </a><a name=\"hcPatobankSNOMEDpTNMpT\"> </a><a name=\"PatobankSNOMEDpTNMpT-en-US\"> </a><ul><li>Include these codes as defined in <a href=\"CodeSystem-PatobankSNOMED.html\"><code>https://kip.rkkp.dk/fhir/CodeSystem/PatobankSNOMED</code></a><table class=\"none\"><tr><td style=\"white-space:nowrap\"><b>Code</b></td><td><b>Display</b></td><td><b>Definition</b></td></tr><tr><td><a href=\"CodeSystem-PatobankSNOMED.html#PatobankSNOMED-AEF1810\">AEF1810</a></td><td>pTis (ÆF1810)</td><td>ÆF1810 - pTis</td></tr><tr><td><a href=\"CodeSystem-PatobankSNOMED.html#PatobankSNOMED-AEF1820\">AEF1820</a></td><td>pT0 (ÆF1820)</td><td>ÆF1820 - pT0</td></tr><tr><td><a href=\"CodeSystem-PatobankSNOMED.html#PatobankSNOMED-AEF1830\">AEF1830</a></td><td>pT1 (ÆF1830)</td><td>ÆF1830 - pT1</td></tr><tr><td><a href=\"CodeSystem-PatobankSNOMED.html#PatobankSNOMED-AEF1831\">AEF1831</a></td><td>pT1a (ÆF1831)</td><td>ÆF1831 - pT1a</td></tr><tr><td><a href=\"CodeSystem-PatobankSNOMED.html#PatobankSNOMED-AEF1832\">AEF1832</a></td><td>pT1b (ÆF1832)</td><td>ÆF1832 - pT1b</td></tr><tr><td><a href=\"CodeSystem-PatobankSNOMED.html#PatobankSNOMED-AEF1840\">AEF1840</a></td><td>pT2 (ÆF1840)</td><td>ÆF1840 - pT2</td></tr><tr><td><a href=\"CodeSystem-PatobankSNOMED.html#PatobankSNOMED-AEF1850\">AEF1850</a></td><td>pT3 (ÆF1850)</td><td>ÆF1850 - pT3</td></tr><tr><td><a href=\"CodeSystem-PatobankSNOMED.html#PatobankSNOMED-AEF1860\">AEF1860</a></td><td>pT4 (ÆF1860)</td><td>ÆF1860 - pT4</td></tr><tr><td><a href=\"CodeSystem-PatobankSNOMED.html#PatobankSNOMED-AEF1861\">AEF1861</a></td><td>pT4a (ÆF1861)</td><td>ÆF1861 - pT4a</td></tr><tr><td><a href=\"CodeSystem-PatobankSNOMED.html#PatobankSNOMED-AEF1862\">AEF1862</a></td><td>pT4b (ÆF1862)</td><td>ÆF1862 - pT4b</td></tr><tr><td><a href=\"CodeSystem-PatobankSNOMED.html#PatobankSNOMED-AEF1870\">AEF1870</a></td><td>pTx (ÆF1870)</td><td>ÆF1870 - pTx</td></tr></table></li></ul></div>"},"url":"https://kip.rkkp.dk/fhir/ValueSet/PatobankSNOMEDpTNMpT","version":"0.1.6","name":"PatobankSNOMEDpTNMpT","title":"Patobank SNOMED: pTNM klassifikation, pT","status":"active","experimental":true,"date":"2022-06-08T00:00:00+02:00","publisher":"Sundhedsvæsnets Kvalistetsinstitut with Trifork Digital Health A/S","contact":[{"name":"Sundhedsvæsnets Kvalistetsinstitut with Trifork Digital Health A/S","telecom":[{"system":"url","value":"https://trifork.com"},{"system":"email","value":"rbk@trifork.com"}]}],"description":"SNOMED koderne relevante pT tillægskoder","compose":{"include":[{"system":"https://kip.rkkp.dk/fhir/CodeSystem/PatobankSNOMED","concept":[{"code":"AEF1810","display":"pTis (ÆF1810)"},{"code":"AEF1820","display":"pT0 (ÆF1820)"},{"code":"AEF1830","display":"pT1 (ÆF1830)"},{"code":"AEF1831","display":"pT1a (ÆF1831)"},{"code":"AEF1832","display":"pT1b (ÆF1832)"},{"code":"AEF1840","display":"pT2 (ÆF1840)"},{"code":"AEF1850","display":"pT3 (ÆF1850)"},{"code":"AEF1860","display":"pT4 (ÆF1860)"},{"code":"AEF1861","display":"pT4a (ÆF1861)"},{"code":"AEF1862","display":"pT4b (ÆF1862)"},{"code":"AEF1870","display":"pTx (ÆF1870)"}]}]}}