{"resourceType":"ValueSet","id":"ProcedureUdfoertR2DCCG","text":{"status":"extensions","div":"<div xmlns=\"http://www.w3.org/1999/xhtml\"><p class=\"res-header-id\"><b>Generated Narrative: ValueSet ProcedureUdfoertR2DCCG</b></p><a name=\"ProcedureUdfoertR2DCCG\"> </a><a name=\"hcProcedureUdfoertR2DCCG\"> </a><a name=\"ProcedureUdfoertR2DCCG-en-US\"> </a><p>This value set includes codes based on the following rules:</p><ul><li>Include these codes as defined in <a href=\"CodeSystem-ProcedureType.html\"><code>https://kip.rkkp.dk/fhir/CodeSystem/ProcedureType</code></a><table class=\"none\"><tr><td style=\"white-space:nowrap\"><b>Code</b></td><td><b>Display</b></td><td><b>Definition</b></td></tr><tr><td><a href=\"CodeSystem-ProcedureType.html#ProcedureType-stoma_shunt\">stoma_shunt</a></td><td>Kun aflastende stomi eller intern shunt</td><td>Kun aflastende stomi eller intern shunt</td></tr><tr><td><a href=\"CodeSystem-ProcedureType.html#ProcedureType-exploratory_intervention\">exploratory_intervention</a></td><td>Kun eksplorativt indgreb</td><td>Kun eksplorativt indgreb</td></tr><tr><td><a href=\"CodeSystem-ProcedureType.html#ProcedureType-stent_rectum\">stent_rectum</a></td><td>Stentanlæggelse i rektum</td><td>Stentanlæggelse i rektum</td></tr></table></li><li>Include these codes as defined in <a href=\"CodeSystem-GenericValues.html\"><code>https://kip.rkkp.dk/fhir/CodeSystem/GenericValues</code></a><table class=\"none\"><tr><td style=\"white-space:nowrap\"><b>Code</b></td><td><b>Display</b></td><td><b>Definition</b></td></tr><tr><td><a href=\"CodeSystem-GenericValues.html#GenericValues-other\">other</a></td><td>Anden aflastende procedure</td><td>Other - used to choose unspecific value not in a valueset</td></tr></table></li></ul></div>"},"url":"https://kip.rkkp.dk/fhir/ValueSet/ProcedureUdfoertR2DCCG","version":"0.1.6","name":"ProcedureUdfoertR2DCCG","title":"Udført procedure R2 (DCCG)","status":"active","experimental":true,"date":"2023-03-02T00:00:00+02:00","publisher":"Sundhedsvæsnets Kvalistetsinstitut with Trifork Digital Health A/S","contact":[{"name":"Sundhedsvæsnets Kvalistetsinstitut with Trifork Digital Health A/S","telecom":[{"system":"url","value":"https://trifork.com"},{"system":"email","value":"rbk@trifork.com"}]}],"description":"Udført procedure R2 (DCCG)","compose":{"include":[{"system":"https://kip.rkkp.dk/fhir/CodeSystem/ProcedureType","concept":[{"code":"stoma_shunt","display":"Kun aflastende stomi eller intern shunt"},{"code":"exploratory_intervention","display":"Kun eksplorativt indgreb"},{"code":"stent_rectum","display":"Stentanlæggelse i rektum"}]},{"system":"https://kip.rkkp.dk/fhir/CodeSystem/GenericValues","concept":[{"code":"other","display":"Anden aflastende procedure"}]}]}}