{"resourceType":"ValueSet","id":"BlodfortyndendeMedicin","text":{"status":"extensions","div":"<div xmlns=\"http://www.w3.org/1999/xhtml\"><p class=\"res-header-id\"><b>Generated Narrative: ValueSet BlodfortyndendeMedicin</b></p><a name=\"BlodfortyndendeMedicin\"> </a><a name=\"hcBlodfortyndendeMedicin\"> </a><a name=\"BlodfortyndendeMedicin-en-US\"> </a><ul><li>Include these codes as defined in <a href=\"CodeSystem-BloodThinnersTreatment.html\"><code>https://kip.rkkp.dk/fhir/CodeSystem/BloodThinnersTreatment</code></a><table class=\"none\"><tr><td style=\"white-space:nowrap\"><b>Code</b></td><td><b>Display</b></td><td><b>Definition</b></td></tr><tr><td><a href=\"CodeSystem-BloodThinnersTreatment.html#BloodThinnersTreatment-anticoagulant\">anticoagulant</a></td><td>AK behandling</td><td>Anticoagulant treatment</td></tr><tr><td><a href=\"CodeSystem-BloodThinnersTreatment.html#BloodThinnersTreatment-antiplatelet\">antiplatelet</a></td><td>Trombocythæmmende behandling</td><td>Antiplatelet treatment</td></tr></table></li></ul></div>"},"url":"https://kip.rkkp.dk/fhir/ValueSet/BlodfortyndendeMedicin","version":"0.1.6","name":"BlodfortyndendeMedicin","title":"Blodfortyndende medicin - Aktuelt brug","status":"active","experimental":true,"date":"2022-06-28T00:00:00+02:00","publisher":"Sundhedsvæsnets Kvalistetsinstitut with Trifork Digital Health A/S","contact":[{"name":"Sundhedsvæsnets Kvalistetsinstitut with Trifork Digital Health A/S","telecom":[{"system":"url","value":"https://trifork.com"},{"system":"email","value":"rbk@trifork.com"}]}],"description":"Blodfortyndende medicin - Aktuelt brug","compose":{"include":[{"system":"https://kip.rkkp.dk/fhir/CodeSystem/BloodThinnersTreatment","concept":[{"code":"anticoagulant","display":"AK behandling"},{"code":"antiplatelet","display":"Trombocythæmmende behandling"}]}]}}