{"resourceType":"ValueSet","id":"ArtrosePlaceringDKR","text":{"status":"extensions","div":"<div xmlns=\"http://www.w3.org/1999/xhtml\"><p class=\"res-header-id\"><b>Generated Narrative: ValueSet ArtrosePlaceringDKR</b></p><a name=\"ArtrosePlaceringDKR\"> </a><a name=\"hcArtrosePlaceringDKR\"> </a><a name=\"ArtrosePlaceringDKR-en-US\"> </a><ul><li>Include these codes as defined in <a href=\"CodeSystem-ArtrosePlacering.html\"><code>https://kip.rkkp.dk/fhir/CodeSystem/ArtrosePlacering</code></a><table class=\"none\"><tr><td style=\"white-space:nowrap\"><b>Code</b></td><td><b>Display</b></td><td><b>Definition</b></td></tr><tr><td><a href=\"CodeSystem-ArtrosePlacering.html#ArtrosePlacering-hmedial\">hmedial</a></td><td>Medial artrose</td><td>Medial artrose</td></tr><tr><td><a href=\"CodeSystem-ArtrosePlacering.html#ArtrosePlacering-lateral\">lateral</a></td><td>Lateral artrose</td><td>Lateral artrose</td></tr><tr><td><a href=\"CodeSystem-ArtrosePlacering.html#ArtrosePlacering-patellofemoral\">patellofemoral</a></td><td>Patellofemoral artrose</td><td>Patellofemoral artrose</td></tr><tr><td><a href=\"CodeSystem-ArtrosePlacering.html#ArtrosePlacering-2kammer\">2kammer</a></td><td>2-kammer artrose</td><td>2-kammer artrose</td></tr><tr><td><a href=\"CodeSystem-ArtrosePlacering.html#ArtrosePlacering-3kammer\">3kammer</a></td><td>3-kammer artrose</td><td>3-kammer artrose</td></tr></table></li></ul></div>"},"url":"https://kip.rkkp.dk/fhir/ValueSet/ArtrosePlaceringDKR","version":"0.1.6","name":"ArtrosePlaceringDKR","title":"Artrose Placering (DKR)","status":"active","experimental":true,"date":"2023-12-19T00:00:00+02:00","publisher":"Sundhedsvæsnets Kvalistetsinstitut with Trifork Digital Health A/S","contact":[{"name":"Sundhedsvæsnets Kvalistetsinstitut with Trifork Digital Health A/S","telecom":[{"system":"url","value":"https://trifork.com"},{"system":"email","value":"rbk@trifork.com"}]}],"description":"Artrose Placering (DKR)","compose":{"include":[{"system":"https://kip.rkkp.dk/fhir/CodeSystem/ArtrosePlacering","concept":[{"code":"hmedial","display":"Medial artrose"},{"code":"lateral","display":"Lateral artrose"},{"code":"patellofemoral","display":"Patellofemoral artrose"},{"code":"2kammer","display":"2-kammer artrose"},{"code":"3kammer","display":"3-kammer artrose"}]}]}}