{"resourceType":"ValueSet","id":"SlyngeDUGA","text":{"status":"extensions","div":"<div xmlns=\"http://www.w3.org/1999/xhtml\"><p class=\"res-header-id\"><b>Generated Narrative: ValueSet SlyngeDUGA</b></p><a name=\"SlyngeDUGA\"> </a><a name=\"hcSlyngeDUGA\"> </a><a name=\"SlyngeDUGA-en-US\"> </a><p>This value set includes codes based on the following rules:</p><ul><li>Include these codes as defined in <a href=\"CodeSystem-SlyngeDUGA.html\"><code>https://kip.rkkp.dk/fhir/CodeSystem/SlyngeDUGA</code></a><table class=\"none\"><tr><td style=\"white-space:nowrap\"><b>Code</b></td><td><b>Display</b></td><td><b>Definition</b></td></tr><tr><td><a href=\"CodeSystem-SlyngeDUGA.html#SlyngeDUGA-Bard\">Bard</a></td><td>Bard</td><td>Bard</td></tr><tr><td><a href=\"CodeSystem-SlyngeDUGA.html#SlyngeDUGA-BostonScientific\">BostonScientific</a></td><td>Boston Scientific</td><td>Boston Scientific</td></tr><tr><td><a href=\"CodeSystem-SlyngeDUGA.html#SlyngeDUGA-Cousin\">Cousin</a></td><td>Cousin</td><td>Cousin</td></tr><tr><td><a href=\"CodeSystem-SlyngeDUGA.html#SlyngeDUGA-johnson.38johnson\">johnson&amp;johnson</a></td><td>Johnson &amp; Johnson</td><td>Johnson &amp; Johnson</td></tr></table></li><li>Include these codes as defined in <a href=\"CodeSystem-GenericValues.html\"><code>https://kip.rkkp.dk/fhir/CodeSystem/GenericValues</code></a><table class=\"none\"><tr><td style=\"white-space:nowrap\"><b>Code</b></td><td><b>Display</b></td><td><b>Definition</b></td></tr><tr><td><a href=\"CodeSystem-GenericValues.html#GenericValues-other\">other</a></td><td>Anden</td><td>Other - used to choose unspecific value not in a valueset</td></tr></table></li></ul></div>"},"url":"https://kip.rkkp.dk/fhir/ValueSet/SlyngeDUGA","version":"0.1.6","name":"SlyngeDUGA","title":"Slynge (DUGA)","status":"active","experimental":true,"date":"2024-02-14T00:00:00+02:00","publisher":"Sundhedsvæsnets Kvalistetsinstitut with Trifork Digital Health A/S","contact":[{"name":"Sundhedsvæsnets Kvalistetsinstitut with Trifork Digital Health A/S","telecom":[{"system":"url","value":"https://trifork.com"},{"system":"email","value":"rbk@trifork.com"}]}],"description":"Slynge (DUGA)","compose":{"include":[{"system":"https://kip.rkkp.dk/fhir/CodeSystem/SlyngeDUGA","concept":[{"code":"Bard","display":"Bard"},{"code":"BostonScientific","display":"Boston Scientific"},{"code":"Cousin","display":"Cousin"},{"code":"johnson&johnson","display":"Johnson & Johnson"}]},{"system":"https://kip.rkkp.dk/fhir/CodeSystem/GenericValues","concept":[{"code":"other","display":"Anden"}]}]}}