{"resourceType":"ValueSet","id":"ExtraordinaryTreatmenCause","text":{"status":"extensions","div":"<div xmlns=\"http://www.w3.org/1999/xhtml\"><p class=\"res-header-id\"><b>Generated Narrative: ValueSet ExtraordinaryTreatmenCause</b></p><a name=\"ExtraordinaryTreatmenCause\"> </a><a name=\"hcExtraordinaryTreatmenCause\"> </a><a name=\"ExtraordinaryTreatmenCause-en-US\"> </a><p>This value set includes codes based on the following rules:</p><ul><li>Include these codes as defined in <a href=\"CodeSystem-TreatmentCause.html\"><code>https://kip.rkkp.dk/fhir/CodeSystem/TreatmentCause</code></a><table class=\"none\"><tr><td style=\"white-space:nowrap\"><b>Code</b></td><td><b>Display</b></td><td><b>Definition</b></td></tr><tr><td><a href=\"CodeSystem-TreatmentCause.html#TreatmentCause-toxicity\">toxicity</a></td><td>Toksicitet</td><td>Toxicity / Toksicitet SNOMED-CT: 75478009</td></tr><tr><td><a href=\"CodeSystem-TreatmentCause.html#TreatmentCause-insufficient_response\">insufficient_response</a></td><td>Utilstrækkeligt respons</td><td>Insufficient response / Utilstrækkelige repons</td></tr></table></li><li>Include these codes as defined in <a href=\"CodeSystem-GenericValues.html\"><code>https://kip.rkkp.dk/fhir/CodeSystem/GenericValues</code></a><table class=\"none\"><tr><td style=\"white-space:nowrap\"><b>Code</b></td><td><b>Display</b></td><td><b>Definition</b></td></tr><tr><td><a href=\"CodeSystem-GenericValues.html#GenericValues-not_performed\">not_performed</a></td><td>Pt. har ikke fået uplanlagt behandling</td><td>Not performed - used to indicate, if a procedure or test has not been performed</td></tr></table></li></ul></div>"},"url":"https://kip.rkkp.dk/fhir/ValueSet/ExtraordinaryTreatmenCause","version":"0.1.6","name":"ExtraordinaryTreatmenCause","title":"Ekstra behandling","status":"active","experimental":true,"date":"2022-07-14T00:00:00+02:00","publisher":"Sundhedsvæsnets Kvalistetsinstitut with Trifork Digital Health A/S","contact":[{"name":"Sundhedsvæsnets Kvalistetsinstitut with Trifork Digital Health A/S","telecom":[{"system":"url","value":"https://trifork.com"},{"system":"email","value":"rbk@trifork.com"}]}],"description":"Årsag for uplanlagt ekstra behandling [DAMYDA]","compose":{"include":[{"system":"https://kip.rkkp.dk/fhir/CodeSystem/TreatmentCause","concept":[{"code":"toxicity","display":"Toksicitet"},{"code":"insufficient_response","display":"Utilstrækkeligt respons"}]},{"system":"https://kip.rkkp.dk/fhir/CodeSystem/GenericValues","concept":[{"code":"not_performed","display":"Pt. har ikke fået uplanlagt behandling"}]}]}}