{"resourceType":"ValueSet","id":"AnaestesiRegionalUniverselKombineret","text":{"status":"extensions","div":"<div xmlns=\"http://www.w3.org/1999/xhtml\"><p class=\"res-header-id\"><b>Generated Narrative: ValueSet AnaestesiRegionalUniverselKombineret</b></p><a name=\"AnaestesiRegionalUniverselKombineret\"> </a><a name=\"hcAnaestesiRegionalUniverselKombineret\"> </a><a name=\"AnaestesiRegionalUniverselKombineret-en-US\"> </a><p>This value set includes codes based on the following rules:</p><ul><li>Include these codes as defined in <a href=\"CodeSystem-AnasthesiaService.html\"><code>https://kip.rkkp.dk/fhir/CodeSystem/AnasthesiaService</code></a><table class=\"none\"><tr><td style=\"white-space:nowrap\"><b>Code</b></td><td><b>Display</b></td><td><b>Definition</b></td></tr><tr><td><a href=\"CodeSystem-AnasthesiaService.html#AnasthesiaService-regional\">regional</a></td><td>Regional (spinal/epidural)</td><td>Regional (spinal/epidural) / SNOMED-CT: 231262009</td></tr><tr><td><a href=\"CodeSystem-AnasthesiaService.html#AnasthesiaService-universal\">universal</a></td><td>Universel</td><td>Universal</td></tr><tr><td><a href=\"CodeSystem-AnasthesiaService.html#AnasthesiaService-combined\">combined</a></td><td>Kombineret</td><td>Combined</td></tr></table></li><li>Include these codes as defined in <a href=\"CodeSystem-GenericValues.html\"><code>https://kip.rkkp.dk/fhir/CodeSystem/GenericValues</code></a><table class=\"none\"><tr><td style=\"white-space:nowrap\"><b>Code</b></td><td><b>Display</b></td><td><b>Definition</b></td></tr><tr><td><a href=\"CodeSystem-GenericValues.html#GenericValues-other\">other</a></td><td>Andet</td><td>Other - used to choose unspecific value not in a valueset</td></tr></table></li></ul></div>"},"url":"https://kip.rkkp.dk/fhir/ValueSet/AnaestesiRegionalUniverselKombineret","version":"0.1.6","name":"AnaestesiRegionalUniverselKombineret","title":"Anæstesi - Regional, universel, kombineret","status":"active","experimental":true,"date":"2022-10-13T00:00:00+02:00","publisher":"Sundhedsvæsnets Kvalistetsinstitut with Trifork Digital Health A/S","contact":[{"name":"Sundhedsvæsnets Kvalistetsinstitut with Trifork Digital Health A/S","telecom":[{"system":"url","value":"https://trifork.com"},{"system":"email","value":"rbk@trifork.com"}]}],"description":"Anæstesi - Regional, universel, kombineret","compose":{"include":[{"system":"https://kip.rkkp.dk/fhir/CodeSystem/AnasthesiaService","concept":[{"code":"regional","display":"Regional (spinal/epidural)"},{"code":"universal","display":"Universel"},{"code":"combined","display":"Kombineret"}]},{"system":"https://kip.rkkp.dk/fhir/CodeSystem/GenericValues","concept":[{"code":"other","display":"Andet"}]}]}}