{"resourceType":"ValueSet","id":"Trombolysepraeparater","text":{"status":"extensions","div":"<div xmlns=\"http://www.w3.org/1999/xhtml\"><p class=\"res-header-id\"><b>Generated Narrative: ValueSet Trombolysepraeparater</b></p><a name=\"Trombolysepraeparater\"> </a><a name=\"hcTrombolysepraeparater\"> </a><a name=\"Trombolysepraeparater-en-US\"> </a><ul><li>Include these codes as defined in <a href=\"CodeSystem-Medicine.html\"><code>https://kip.rkkp.dk/fhir/CodeSystem/Medicine</code></a><table class=\"none\"><tr><td style=\"white-space:nowrap\"><b>Code</b></td><td><b>Display</b></td><td><b>Definition</b></td></tr><tr><td><a href=\"CodeSystem-Medicine.html#Medicine-alteplase\">alteplase</a></td><td>Actilyse (alteplase)</td><td>Actilyse (alteplase)</td></tr><tr><td><a href=\"CodeSystem-Medicine.html#Medicine-tenecteplase\">tenecteplase</a></td><td>Metalyse (tenecteplase)</td><td>Metalyse (tenecteplase)</td></tr></table></li></ul></div>"},"url":"https://kip.rkkp.dk/fhir/ValueSet/Trombolysepraeparater","version":"0.1.6","name":"Trombolysepraeparater","title":"Trombolysepræparater","status":"active","experimental":true,"date":"2024-04-29T00:00:00+02:00","publisher":"Sundhedsvæsnets Kvalistetsinstitut with Trifork Digital Health A/S","contact":[{"name":"Sundhedsvæsnets Kvalistetsinstitut with Trifork Digital Health A/S","telecom":[{"system":"url","value":"https://trifork.com"},{"system":"email","value":"rbk@trifork.com"}]}],"description":"Danstroke Trombolysepræparater","compose":{"include":[{"system":"https://kip.rkkp.dk/fhir/CodeSystem/Medicine","concept":[{"code":"alteplase","display":"Actilyse (alteplase)"},{"code":"tenecteplase","display":"Metalyse (tenecteplase)"}]}]}}