{"resourceType":"ValueSet","id":"HematologicalDiseases","text":{"status":"extensions","div":"<div xmlns=\"http://www.w3.org/1999/xhtml\"><p class=\"res-header-id\"><b>Generated Narrative: ValueSet HematologicalDiseases</b></p><a name=\"HematologicalDiseases\"> </a><a name=\"hcHematologicalDiseases\"> </a><a name=\"HematologicalDiseases-en-US\"> </a><p>This value set includes codes based on the following rules:</p><ul><li>Include these codes as defined in <a href=\"CodeSystem-DiseasesUnspecified.html\"><code>https://kip.rkkp.dk/fhir/CodeSystem/DiseasesUnspecified</code></a><table class=\"none\"><tr><td style=\"white-space:nowrap\"><b>Code</b></td><td><b>Display</b></td><td><b>Definition</b></td></tr><tr><td><a href=\"CodeSystem-DiseasesUnspecified.html#DiseasesUnspecified-myelodysplastic_syndrome\">myelodysplastic_syndrome</a></td><td>1: Myelodyspl. syndrom (undt. CMML)</td><td>Myelodysplastic syndrome / Myelodyspl. syndrom (undt. CMML)</td></tr><tr><td><a href=\"CodeSystem-DiseasesUnspecified.html#DiseasesUnspecified-chronic_myelomonocytic_leukemia\">chronic_myelomonocytic_leukemia</a></td><td>2: CMML (Kronisk MyeloMonocytLeuk.)</td><td>Chronic myelomonocytic leukemia / CMML (Kronisk MyeloMonocytLeuk.)</td></tr><tr><td><a href=\"CodeSystem-DiseasesUnspecified.html#DiseasesUnspecified-essential_thrombocytosis\">essential_thrombocytosis</a></td><td>3: Ess. thrombocytose</td><td>Essential thrombocytosis / Ess. thrombocytose</td></tr><tr><td><a href=\"CodeSystem-DiseasesUnspecified.html#DiseasesUnspecified-polycythemia_vera\">polycythemia_vera</a></td><td>4: Polycytæmia vera</td><td>Polycythemia vera / Polycytæmia vera</td></tr><tr><td><a href=\"CodeSystem-DiseasesUnspecified.html#DiseasesUnspecified-myelofibrosis\">myelofibrosis</a></td><td>5: Myelofibrose</td><td>Myelofibrosis / Myelofibrose</td></tr></table></li><li>Include these codes as defined in <a href=\"CodeSystem-GenericValues.html\"><code>https://kip.rkkp.dk/fhir/CodeSystem/GenericValues</code></a><table class=\"none\"><tr><td style=\"white-space:nowrap\"><b>Code</b></td><td><b>Display</b></td><td><b>Definition</b></td></tr><tr><td><a href=\"CodeSystem-GenericValues.html#GenericValues-other\">other</a></td><td>6: Andet</td><td>Other - used to choose unspecific value not in a valueset</td></tr></table></li></ul></div>"},"url":"https://kip.rkkp.dk/fhir/ValueSet/HematologicalDiseases","version":"0.1.6","name":"HematologicalDiseases","title":"Blodsygdomme","status":"active","experimental":true,"date":"2022-07-08T00:00:00+02:00","publisher":"Sundhedsvæsnets Kvalistetsinstitut with Trifork Digital Health A/S","contact":[{"name":"Sundhedsvæsnets Kvalistetsinstitut with Trifork Digital Health A/S","telecom":[{"system":"url","value":"https://trifork.com"},{"system":"email","value":"rbk@trifork.com"}]}],"description":"Blodsygdomme","compose":{"include":[{"system":"https://kip.rkkp.dk/fhir/CodeSystem/DiseasesUnspecified","concept":[{"code":"myelodysplastic_syndrome","display":"1: Myelodyspl. syndrom (undt. CMML)"},{"code":"chronic_myelomonocytic_leukemia","display":"2: CMML (Kronisk MyeloMonocytLeuk.)"},{"code":"essential_thrombocytosis","display":"3: Ess. thrombocytose"},{"code":"polycythemia_vera","display":"4: Polycytæmia vera"},{"code":"myelofibrosis","display":"5: Myelofibrose"}]},{"system":"https://kip.rkkp.dk/fhir/CodeSystem/GenericValues","concept":[{"code":"other","display":"6: Andet"}]}]}}