{"resourceType":"ValueSet","id":"LokalitetDANARREST","text":{"status":"extensions","div":"<div xmlns=\"http://www.w3.org/1999/xhtml\"><p class=\"res-header-id\"><b>Generated Narrative: ValueSet LokalitetDANARREST</b></p><a name=\"LokalitetDANARREST\"> </a><a name=\"hcLokalitetDANARREST\"> </a><a name=\"LokalitetDANARREST-en-US\"> </a><ul><li>Include these codes as defined in <a href=\"CodeSystem-Observationssted.html\"><code>https://kip.rkkp.dk/fhir/CodeSystem/Observationssted</code></a><table class=\"none\"><tr><td style=\"white-space:nowrap\"><b>Code</b></td><td><b>Display</b></td><td><b>Definition</b></td></tr><tr><td><a href=\"CodeSystem-Observationssted.html#Observationssted-akutmodt\">akutmodt</a></td><td>Akutmodtagelse</td><td>Akutmodtagelse</td></tr><tr><td><a href=\"CodeSystem-Observationssted.html#Observationssted-ambulat\">ambulat</a></td><td>Ambulatorium</td><td>Ambulatorium</td></tr><tr><td><a href=\"CodeSystem-Observationssted.html#Observationssted-sengeafd\">sengeafd</a></td><td>Sengeafdeling</td><td>Sengeafdeling</td></tr><tr><td><a href=\"CodeSystem-Observationssted.html#Observationssted-opergang\">opergang</a></td><td>Operationsgang</td><td>Operationsgangen</td></tr><tr><td><a href=\"CodeSystem-Observationssted.html#Observationssted-opvaagn\">opvaagn</a></td><td>Opvågningsafdeling</td><td>Opvågningsafdeling</td></tr><tr><td><a href=\"CodeSystem-Observationssted.html#Observationssted-intensiv\">intensiv</a></td><td>Intensivafdeling</td><td>Intensiv afdeling</td></tr><tr><td><a href=\"CodeSystem-Observationssted.html#Observationssted-kardio_lab\">kardio_lab</a></td><td>Kardiologisk laboratorium</td><td>Kardiologisk laboratorium</td></tr><tr><td><a href=\"CodeSystem-Observationssted.html#Observationssted-neonatal\">neonatal</a></td><td>Neonatalafdeling</td><td>Neonatalafdeling</td></tr><tr><td><a href=\"CodeSystem-Observationssted.html#Observationssted-andet\">andet</a></td><td>Andet</td><td>Andet</td></tr></table></li></ul></div>"},"url":"https://kip.rkkp.dk/fhir/ValueSet/LokalitetDANARREST","version":"0.1.6","name":"LokalitetDANARREST","title":"Lokalitet DANARREST","status":"active","experimental":true,"date":"2022-06-29T00:00:00+02:00","publisher":"Sundhedsvæsnets Kvalistetsinstitut with Trifork Digital Health A/S","contact":[{"name":"Sundhedsvæsnets Kvalistetsinstitut with Trifork Digital Health A/S","telecom":[{"system":"url","value":"https://trifork.com"},{"system":"email","value":"rbk@trifork.com"}]}],"description":"Lokalitet DANARREST","compose":{"include":[{"system":"https://kip.rkkp.dk/fhir/CodeSystem/Observationssted","concept":[{"code":"akutmodt","display":"Akutmodtagelse"},{"code":"ambulat","display":"Ambulatorium"},{"code":"sengeafd","display":"Sengeafdeling"},{"code":"opergang","display":"Operationsgang"},{"code":"opvaagn","display":"Opvågningsafdeling"},{"code":"intensiv","display":"Intensivafdeling"},{"code":"kardio_lab","display":"Kardiologisk laboratorium"},{"code":"neonatal","display":"Neonatalafdeling"},{"code":"andet","display":"Andet"}]}]}}