{"resourceType":"ValueSet","id":"IngenBehandling","text":{"status":"extensions","div":"<div xmlns=\"http://www.w3.org/1999/xhtml\"><p class=\"res-header-id\"><b>Generated Narrative: ValueSet IngenBehandling</b></p><a name=\"IngenBehandling\"> </a><a name=\"hcIngenBehandling\"> </a><a name=\"IngenBehandling-en-US\"> </a><ul><li>Include these codes as defined in <a href=\"CodeSystem-GenericValues.html\"><code>https://kip.rkkp.dk/fhir/CodeSystem/GenericValues</code></a><table class=\"none\"><tr><td style=\"white-space:nowrap\"><b>Code</b></td><td><b>Display</b></td><td><b>Definition</b></td></tr><tr><td><a href=\"CodeSystem-GenericValues.html#GenericValues-none\">none</a></td><td>Ingen behandling</td><td>None - used to choose none of the available values</td></tr></table></li></ul></div>"},"url":"https://kip.rkkp.dk/fhir/ValueSet/IngenBehandling","version":"0.1.6","name":"IngenBehandling","title":"Ingen Behandling(enkelt udfald)","status":"active","experimental":true,"date":"2023-02-03T00:00:00+02:00","publisher":"Sundhedsvæsnets Kvalistetsinstitut with Trifork Digital Health A/S","contact":[{"name":"Sundhedsvæsnets Kvalistetsinstitut with Trifork Digital Health A/S","telecom":[{"system":"url","value":"https://trifork.com"},{"system":"email","value":"rbk@trifork.com"}]}],"description":"Giver mulighed for at svare ingen behandling","compose":{"include":[{"system":"https://kip.rkkp.dk/fhir/CodeSystem/GenericValues","concept":[{"code":"none","display":"Ingen behandling"}]}]}}