{"resourceType":"ValueSet","id":"Rytme1Obs","text":{"status":"extensions","div":"<div xmlns=\"http://www.w3.org/1999/xhtml\"><p class=\"res-header-id\"><b>Generated Narrative: ValueSet Rytme1Obs</b></p><a name=\"Rytme1Obs\"> </a><a name=\"hcRytme1Obs\"> </a><a name=\"Rytme1Obs-en-US\"> </a><ul><li>Include these codes as defined in <a href=\"CodeSystem-Rytme1Obs.html\"><code>https://kip.rkkp.dk/fhir/CodeSystem/Rytme1Obs</code></a><table class=\"none\"><tr><td style=\"white-space:nowrap\"><b>Code</b></td><td><b>Display</b></td><td><b>Definition</b></td></tr><tr><td><a href=\"CodeSystem-Rytme1Obs.html#Rytme1Obs-vf\">vf</a></td><td>VF</td><td>VF</td></tr><tr><td><a href=\"CodeSystem-Rytme1Obs.html#Rytme1Obs-pulslos_vt\">pulslos_vt</a></td><td>Pulsløs VT</td><td>Pulsløs VT</td></tr><tr><td><a href=\"CodeSystem-Rytme1Obs.html#Rytme1Obs-pea\">pea</a></td><td>PEA</td><td>PEA</td></tr><tr><td><a href=\"CodeSystem-Rytme1Obs.html#Rytme1Obs-asystoli\">asystoli</a></td><td>Asystoli</td><td>Asystoli</td></tr><tr><td><a href=\"CodeSystem-Rytme1Obs.html#Rytme1Obs-ingen_man\">ingen_man</a></td><td>Ingen manuel rytmeanalyse</td><td>Ingen manuel rytmeanalyse</td></tr><tr><td><a href=\"CodeSystem-Rytme1Obs.html#Rytme1Obs-pulsgiv\">pulsgiv</a></td><td>Pulsgivende</td><td>Pulsgivende</td></tr></table></li></ul></div>"},"url":"https://kip.rkkp.dk/fhir/ValueSet/Rytme1Obs","version":"0.1.6","name":"Rytme1Obs","title":"Hjerterytme - første obs","status":"active","experimental":true,"date":"2022-06-29T00:00:00+02:00","publisher":"Sundhedsvæsnets Kvalistetsinstitut with Trifork Digital Health A/S","contact":[{"name":"Sundhedsvæsnets Kvalistetsinstitut with Trifork Digital Health A/S","telecom":[{"system":"url","value":"https://trifork.com"},{"system":"email","value":"rbk@trifork.com"}]}],"description":"Første observerede hjerterytme","compose":{"include":[{"system":"https://kip.rkkp.dk/fhir/CodeSystem/Rytme1Obs","concept":[{"code":"vf","display":"VF"},{"code":"pulslos_vt","display":"Pulsløs VT"},{"code":"pea","display":"PEA"},{"code":"asystoli","display":"Asystoli"},{"code":"ingen_man","display":"Ingen manuel rytmeanalyse"},{"code":"pulsgiv","display":"Pulsgivende"}]}]}}