{"resourceType":"CodeSystem","id":"HeartRhythm","text":{"status":"generated","div":"<div xmlns=\"http://www.w3.org/1999/xhtml\"><p class=\"res-header-id\"><b>Generated Narrative: CodeSystem HeartRhythm</b></p><a name=\"HeartRhythm\"> </a><a name=\"hcHeartRhythm\"> </a><a name=\"HeartRhythm-en-US\"> </a><p>This  code system <code>https://kip.rkkp.dk/fhir/CodeSystem/HeartRhythm</code> defines the following codes:</p><table class=\"codes\"><tr><td style=\"white-space:nowrap\"><b>Code</b></td><td><b>Display</b></td><td><b>Definition</b></td></tr><tr><td style=\"white-space:nowrap\">sr<a name=\"HeartRhythm-sr\"> </a></td><td>SR</td><td>Hvis SR</td></tr><tr><td style=\"white-space:nowrap\">afliafla<a name=\"HeartRhythm-afliafla\"> </a></td><td>Afli/Afla</td><td>Hvis Afli/Afla</td></tr></table></div>"},"url":"https://kip.rkkp.dk/fhir/CodeSystem/HeartRhythm","version":"2.9.3","name":"HeartRhythm","title":"Hjerterytme","status":"active","date":"2022-06-22T00:00:00+02:00","publisher":"Sundhedsvæsenets Kvalitetsinstitut with Trifork Digital Health A/S","contact":[{"name":"Sundhedsvæsenets Kvalitetsinstitut with Trifork Digital Health A/S","telecom":[{"system":"url","value":"https://trifork.com"},{"system":"email","value":"rbk@trifork.com"}]}],"description":"Patientens hjerterytme","content":"complete","count":2,"concept":[{"code":"sr","display":"SR","definition":"Hvis SR"},{"code":"afliafla","display":"Afli/Afla","definition":"Hvis Afli/Afla"}]}