{"resourceType":"CodeSystem","id":"Paragraph","text":{"status":"generated","div":"<div xmlns=\"http://www.w3.org/1999/xhtml\"><p class=\"res-header-id\"><b>Generated Narrative: CodeSystem Paragraph</b></p><a name=\"Paragraph\"> </a><a name=\"hcParagraph\"> </a><a name=\"Paragraph-en-US\"> </a><p>This case-insensitive code system <code>https://kip.rkkp.dk/fhir/CodeSystem/Paragraph</code> defines the following codes in an undefined hierarchy:</p><table class=\"codes\"><tr><td><b>Lvl</b></td><td style=\"white-space:nowrap\"><b>Code</b></td><td><b>Display</b></td><td><b>Definition</b></td></tr><tr><td>1</td><td style=\"white-space:nowrap\">§16<a name=\"Paragraph-.16716\"> </a></td><td>§16</td><td>§16</td></tr><tr><td>1</td><td style=\"white-space:nowrap\">§69<a name=\"Paragraph-.16769\"> </a></td><td>§69</td><td>§69</td></tr><tr><td>1</td><td style=\"white-space:nowrap\">§73<a name=\"Paragraph-.16773\"> </a></td><td>§73</td><td>§73</td></tr><tr><td>1</td><td style=\"white-space:nowrap\">§119<a name=\"Paragraph-.167119\"> </a></td><td>Vold og lign. mod nogen i offentlig tjeneste § 119</td><td>Vold og lign. mod nogen i offentlig tjeneste § 119</td></tr><tr><td>2</td><td style=\"white-space:nowrap\">\u00a0\u00a0§119_§21<a name=\"Paragraph-.167119_.16721\"> </a></td><td>Vold og lign. mod nogen i offentlig tjeneste, forsøg § 119, jf. § 21</td><td>Vold og lign. mod nogen i offentlig tjeneste, forsøg § 119, jf. § 21</td></tr><tr><td>1</td><td style=\"white-space:nowrap\">§123<a name=\"Paragraph-.167123\"> </a></td><td>Trusler, vidnetrusler §123</td><td>Trusler, vidnetrusler §123</td></tr><tr><td>1</td><td style=\"white-space:nowrap\">§180<a name=\"Paragraph-.167180\"> </a></td><td>Brandstiftelse, kvalificeret § 180</td><td>Brandstiftelse, kvalificeret § 180</td></tr><tr><td>2</td><td style=\"white-space:nowrap\">\u00a0\u00a0§180_§21<a name=\"Paragraph-.167180_.16721\"> </a></td><td>Brandstiftelse, kvalificeret, forsøg § 180, jf. § 21</td><td>Brandstiftelse, kvalificeret, forsøg § 180, jf. § 21</td></tr><tr><td>1</td><td style=\"white-space:nowrap\">§181<a name=\"Paragraph-.167181\"> </a></td><td>Brandstiftelse, forsætlig § 181</td><td>Brandstiftelse, forsætlig § 181</td></tr><tr><td>2</td><td style=\"white-space:nowrap\">\u00a0\u00a0§181_§21<a name=\"Paragraph-.167181_.16721\"> </a></td><td>Brandstiftelse, forsætlig, forsøg § 181, jf. § 21</td><td>Brandstiftelse, forsætlig, forsøg § 181, jf. § 21</td></tr><tr><td>1</td><td style=\"white-space:nowrap\">§191<a name=\"Paragraph-.167191\"> </a></td><td>Narkotikakriminalitet § 191</td><td>Narkotikakriminalitet § 191</td></tr><tr><td>2</td><td style=\"white-space:nowrap\">\u00a0\u00a0§191_§21<a name=\"Paragraph-.167191_.16721\"> </a></td><td>Narkotikakriminalitet, forsøg § 191, jf. § 21</td><td>Narkotikakriminalitet, forsøg § 191, jf. § 21</td></tr><tr><td>1</td><td style=\"white-space:nowrap\">§216<a name=\"Paragraph-.167216\"> </a></td><td>Voldtægt § 216</td><td>Voldtægt § 216</td></tr><tr><td>2</td><td style=\"white-space:nowrap\">\u00a0\u00a0§216_§21<a name=\"Paragraph-.167216_.16721\"> </a></td><td>Voldtægt, forsøg § 216, jf. § 21</td><td>Voldtægt, forsøg § 216, jf. § 21</td></tr><tr><td>1</td><td style=\"white-space:nowrap\">§244<a name=\"Paragraph-.167244\"> </a></td><td>Vold § 244</td><td>Vold § 244</td></tr><tr><td>2</td><td style=\"white-space:nowrap\">\u00a0\u00a0§244_§21<a name=\"Paragraph-.167244_.16721\"> </a></td><td>Vold, forsøg § 244, jf. § 21</td><td>Vold, forsøg § 244, jf. § 21</td></tr><tr><td>1</td><td style=\"white-space:nowrap\">§245<a name=\"Paragraph-.167245\"> </a></td><td>Kvalificeret vold m/skade på legeme eller helbred § 245</td><td>Kvalificeret vold m/skade på legeme eller helbred § 245</td></tr><tr><td>2</td><td style=\"white-space:nowrap\">\u00a0\u00a0§245_§21<a name=\"Paragraph-.167245_.16721\"> </a></td><td>Kvalificeret vold m/skade på legeme eller helbred, forsøg § 245, jf. § 21</td><td>Kvalificeret vold m/skade på legeme eller helbred, forsøg § 245, jf. § 21</td></tr><tr><td>1</td><td style=\"white-space:nowrap\">§246<a name=\"Paragraph-.167246\"> </a></td><td>Kvalificeret vold m/grov skade § 246</td><td>Kvalificeret vold m/grov skade § 246</td></tr><tr><td>2</td><td style=\"white-space:nowrap\">\u00a0\u00a0§246_§21<a name=\"Paragraph-.167246_.16721\"> </a></td><td>Kvalificeret vold m/grov skade, forsøg § 246, jf. § 21</td><td>Kvalificeret vold m/grov skade, forsøg § 246, jf. § 21</td></tr><tr><td>1</td><td style=\"white-space:nowrap\">§276<a name=\"Paragraph-.167276\"> </a></td><td>Tyveri § 276</td><td>Tyveri § 276</td></tr><tr><td>2</td><td style=\"white-space:nowrap\">\u00a0\u00a0§276_§21<a name=\"Paragraph-.167276_.16721\"> </a></td><td>Tyveri, forsøg § 276, jf. § 21</td><td>Tyveri, forsøg § 276, jf. § 21</td></tr><tr><td>1</td><td style=\"white-space:nowrap\">§288<a name=\"Paragraph-.167288\"> </a></td><td>Røveri §288</td><td>Røveri §288</td></tr><tr><td>2</td><td style=\"white-space:nowrap\">\u00a0\u00a0§288_1<a name=\"Paragraph-.167288_1\"> </a></td><td>Røveri § 288, stk. 1</td><td>Røveri § 288, stk. 1</td></tr><tr><td>3</td><td style=\"white-space:nowrap\">\u00a0\u00a0\u00a0\u00a0§288_1_§21<a name=\"Paragraph-.167288_1_.16721\"> </a></td><td>Røveri, forsøg § 288, stk. 1, jf. § 21</td><td>Røveri, forsøg § 288, stk. 1, jf. § 21</td></tr><tr><td>2</td><td style=\"white-space:nowrap\">\u00a0\u00a0§288_2<a name=\"Paragraph-.167288_2\"> </a></td><td>Røveri, særligt farligt, § 288, stk. 2</td><td>Røveri, særligt farligt, § 288, stk. 2</td></tr><tr><td>3</td><td style=\"white-space:nowrap\">\u00a0\u00a0\u00a0\u00a0§288_2_§21<a name=\"Paragraph-.167288_2_.16721\"> </a></td><td>Røveri, særligt farligt, forsøg § 288, stk. 2, jf. § 21</td><td>Røveri, særligt farligt, forsøg § 288, stk. 2, jf. § 21</td></tr><tr><td>1</td><td style=\"white-space:nowrap\">§291<a name=\"Paragraph-.167291\"> </a></td><td>Hærværk § 291</td><td>Hærværk § 291</td></tr><tr><td>2</td><td style=\"white-space:nowrap\">\u00a0\u00a0§291_§21<a name=\"Paragraph-.167291_.16721\"> </a></td><td>Hærværk, forsøg § 291, jf. § 21</td><td>Hærværk, forsøg § 291, jf. § 21</td></tr><tr><td>1</td><td style=\"white-space:nowrap\">§§210-236<a name=\"Paragraph-.167.167210-236\"> </a></td><td>Anden sædelighed §§ 210-236 (- § 216)</td><td>Anden sædelighed §§ 210-236 (- § 216)</td></tr><tr><td>2</td><td style=\"white-space:nowrap\">\u00a0\u00a0§§210-236_§21<a name=\"Paragraph-.167.167210-236_.16721\"> </a></td><td>Anden sædelighed, forsøg §§ 210-236 (- § 216), jf. § 21</td><td>Anden sædelighed, forsøg §§ 210-236 (- § 216), jf. § 21</td></tr><tr><td>1</td><td style=\"white-space:nowrap\">§§237-241<a name=\"Paragraph-.167.167237-241\"> </a></td><td>Manddrab §§ 237-241</td><td>Manddrab §§ 237-241</td></tr><tr><td>2</td><td style=\"white-space:nowrap\">\u00a0\u00a0§§237-241_§21<a name=\"Paragraph-.167.167237-241_.16721\"> </a></td><td>Manddrab, forsøg §§ 237-241, jf. § 21</td><td>Manddrab, forsøg §§ 237-241, jf. § 21</td></tr><tr><td>1</td><td style=\"white-space:nowrap\">§§249-255<a name=\"Paragraph-.167.167249-255\"> </a></td><td>Anden personfarlig kriminalitet § 249-255</td><td>Anden personfarlig kriminalitet § 249-255</td></tr><tr><td>2</td><td style=\"white-space:nowrap\">\u00a0\u00a0§§249-255_§21<a name=\"Paragraph-.167.167249-255_.16721\"> </a></td><td>Anden personfarlig kriminalitet, forsøg § 249-255, jf. § 21</td><td>Anden personfarlig kriminalitet, forsøg § 249-255, jf. § 21</td></tr><tr><td>1</td><td style=\"white-space:nowrap\">§§260-262<a name=\"Paragraph-.167.167260-262\"> </a></td><td>Ulovlig tvang §§ 260-262</td><td>Ulovlig tvang §§ 260-262</td></tr><tr><td>2</td><td style=\"white-space:nowrap\">\u00a0\u00a0§§260-262_attempt<a name=\"Paragraph-.167.167260-262_attempt\"> </a></td><td>Ulovlig tvang, forsøg §§ 260-262</td><td>Ulovlig tvang, forsøg §§ 260-262</td></tr><tr><td>1</td><td style=\"white-space:nowrap\">§§265-266<a name=\"Paragraph-.167.167265-266\"> </a></td><td>Trusler § 265-266</td><td>Trusler § 265-266</td></tr><tr><td>2</td><td style=\"white-space:nowrap\">\u00a0\u00a0§§265-266_attempt<a name=\"Paragraph-.167.167265-266_attempt\"> </a></td><td>Trusler, forsøg § 265-266</td><td>Trusler, forsøg § 265-266</td></tr><tr><td>1</td><td style=\"white-space:nowrap\">§§278-280<a name=\"Paragraph-.167.167278-280\"> </a></td><td>Bedrageri mv. §§ 278-280</td><td>Bedrageri mv. §§ 278-280</td></tr><tr><td>2</td><td style=\"white-space:nowrap\">\u00a0\u00a0§§278-280_§21<a name=\"Paragraph-.167.167278-280_.16721\"> </a></td><td>Bedrageri mv., forsøg §§ 278-280, jf. § 21</td><td>Bedrageri mv., forsøg §§ 278-280, jf. § 21</td></tr><tr><td>1</td><td style=\"white-space:nowrap\">narcotics<a name=\"Paragraph-narcotics\"> </a></td><td>Lov om euforiserende stoffer</td><td>Lov om euforiserende stoffer</td></tr><tr><td>2</td><td style=\"white-space:nowrap\">\u00a0\u00a0narcotics_attempt<a name=\"Paragraph-narcotics_attempt\"> </a></td><td>Lov om euforiserende stoffer, forsøg</td><td>Lov om euforiserende stoffer, forsøg</td></tr><tr><td>1</td><td style=\"white-space:nowrap\">criminal_law_other<a name=\"Paragraph-criminal_law_other\"> </a></td><td>Straffeloven, øvrige</td><td>Straffeloven, øvrige</td></tr><tr><td>2</td><td style=\"white-space:nowrap\">\u00a0\u00a0criminal_law_other_attempt<a name=\"Paragraph-criminal_law_other_attempt\"> </a></td><td>Straffeloven, øvrige, forsøg</td><td>Straffeloven, øvrige, forsøg</td></tr><tr><td>1</td><td style=\"white-space:nowrap\">weapons_decree<a name=\"Paragraph-weapons_decree\"> </a></td><td>Våbenbekendtgørelsen</td><td>Våbenbekendtgørelsen</td></tr><tr><td>2</td><td style=\"white-space:nowrap\">\u00a0\u00a0weapons_decree_attempt<a name=\"Paragraph-weapons_decree_attempt\"> </a></td><td>Våbenbekendtgørelsen, forsøg</td><td>Våbenbekendtgørelsen, forsøg</td></tr><tr><td>1</td><td style=\"white-space:nowrap\">traffic_law<a name=\"Paragraph-traffic_law\"> </a></td><td>Færdselsloven</td><td>Færdselsloven</td></tr><tr><td>2</td><td style=\"white-space:nowrap\">\u00a0\u00a0traffic_law_attempt<a name=\"Paragraph-traffic_law_attempt\"> </a></td><td>Færdselsloven, forsøg</td><td>Færdselsloven, forsøg</td></tr><tr><td>1</td><td style=\"white-space:nowrap\">special_law<a name=\"Paragraph-special_law\"> </a></td><td>Særloven, øvrige</td><td>Særloven, øvrige</td></tr><tr><td>2</td><td style=\"white-space:nowrap\">\u00a0\u00a0special_law_attempt<a name=\"Paragraph-special_law_attempt\"> </a></td><td>Særloven, øvrige, forsøg</td><td>Særloven, øvrige, forsøg</td></tr><tr><td>1</td><td style=\"white-space:nowrap\">pardon_petition<a name=\"Paragraph-pardon_petition\"> </a></td><td>Benådningsandragende</td><td>Benådningsandragende</td></tr><tr><td>1</td><td style=\"white-space:nowrap\">asylum_seeker<a name=\"Paragraph-asylum_seeker\"> </a></td><td>Asylansøger</td><td>Asylansøger</td></tr></table></div>"},"url":"https://kip.rkkp.dk/fhir/CodeSystem/Paragraph","version":"2.9.3","name":"Paragraph","title":"Paragraph","status":"active","date":"2022-09-28T00:00:00+02:00","publisher":"Sundhedsvæsenets Kvalitetsinstitut with Trifork Digital Health A/S","contact":[{"name":"Sundhedsvæsenets Kvalitetsinstitut with Trifork Digital Health A/S","telecom":[{"system":"url","value":"https://trifork.com"},{"system":"email","value":"rbk@trifork.com"}]}],"description":"Paragraph","caseSensitive":false,"content":"complete","count":53,"concept":[{"code":"§16","display":"§16","definition":"§16"},{"code":"§69","display":"§69","definition":"§69"},{"code":"§73","display":"§73","definition":"§73"},{"code":"§119","display":"Vold og lign. mod nogen i offentlig tjeneste § 119","definition":"Vold og lign. mod nogen i offentlig tjeneste § 119","concept":[{"code":"§119_§21","display":"Vold og lign. mod nogen i offentlig tjeneste, forsøg § 119, jf. § 21","definition":"Vold og lign. mod nogen i offentlig tjeneste, forsøg § 119, jf. § 21"}]},{"code":"§123","display":"Trusler, vidnetrusler §123","definition":"Trusler, vidnetrusler §123"},{"code":"§180","display":"Brandstiftelse, kvalificeret § 180","definition":"Brandstiftelse, kvalificeret § 180","concept":[{"code":"§180_§21","display":"Brandstiftelse, kvalificeret, forsøg § 180, jf. § 21","definition":"Brandstiftelse, kvalificeret, forsøg § 180, jf. § 21"}]},{"code":"§181","display":"Brandstiftelse, forsætlig § 181","definition":"Brandstiftelse, forsætlig § 181","concept":[{"code":"§181_§21","display":"Brandstiftelse, forsætlig, forsøg § 181, jf. § 21","definition":"Brandstiftelse, forsætlig, forsøg § 181, jf. § 21"}]},{"code":"§191","display":"Narkotikakriminalitet § 191","definition":"Narkotikakriminalitet § 191","concept":[{"code":"§191_§21","display":"Narkotikakriminalitet, forsøg § 191, jf. § 21","definition":"Narkotikakriminalitet, forsøg § 191, jf. § 21"}]},{"code":"§216","display":"Voldtægt § 216","definition":"Voldtægt § 216","concept":[{"code":"§216_§21","display":"Voldtægt, forsøg § 216, jf. § 21","definition":"Voldtægt, forsøg § 216, jf. § 21"}]},{"code":"§244","display":"Vold § 244","definition":"Vold § 244","concept":[{"code":"§244_§21","display":"Vold, forsøg § 244, jf. § 21","definition":"Vold, forsøg § 244, jf. § 21"}]},{"code":"§245","display":"Kvalificeret vold m/skade på legeme eller helbred § 245","definition":"Kvalificeret vold m/skade på legeme eller helbred § 245","concept":[{"code":"§245_§21","display":"Kvalificeret vold m/skade på legeme eller helbred, forsøg § 245, jf. § 21","definition":"Kvalificeret vold m/skade på legeme eller helbred, forsøg § 245, jf. § 21"}]},{"code":"§246","display":"Kvalificeret vold m/grov skade § 246","definition":"Kvalificeret vold m/grov skade § 246","concept":[{"code":"§246_§21","display":"Kvalificeret vold m/grov skade, forsøg § 246, jf. § 21","definition":"Kvalificeret vold m/grov skade, forsøg § 246, jf. § 21"}]},{"code":"§276","display":"Tyveri § 276","definition":"Tyveri § 276","concept":[{"code":"§276_§21","display":"Tyveri, forsøg § 276, jf. § 21","definition":"Tyveri, forsøg § 276, jf. § 21"}]},{"code":"§288","display":"Røveri §288","definition":"Røveri §288","concept":[{"code":"§288_1","display":"Røveri § 288, stk. 1","definition":"Røveri § 288, stk. 1","concept":[{"code":"§288_1_§21","display":"Røveri, forsøg § 288, stk. 1, jf. § 21","definition":"Røveri, forsøg § 288, stk. 1, jf. § 21"}]},{"code":"§288_2","display":"Røveri, særligt farligt, § 288, stk. 2","definition":"Røveri, særligt farligt, § 288, stk. 2","concept":[{"code":"§288_2_§21","display":"Røveri, særligt farligt, forsøg § 288, stk. 2, jf. § 21","definition":"Røveri, særligt farligt, forsøg § 288, stk. 2, jf. § 21"}]}]},{"code":"§291","display":"Hærværk § 291","definition":"Hærværk § 291","concept":[{"code":"§291_§21","display":"Hærværk, forsøg § 291, jf. § 21","definition":"Hærværk, forsøg § 291, jf. § 21"}]},{"code":"§§210-236","display":"Anden sædelighed §§ 210-236 (- § 216)","definition":"Anden sædelighed §§ 210-236 (- § 216)","concept":[{"code":"§§210-236_§21","display":"Anden sædelighed, forsøg §§ 210-236 (- § 216), jf. § 21","definition":"Anden sædelighed, forsøg §§ 210-236 (- § 216), jf. § 21"}]},{"code":"§§237-241","display":"Manddrab §§ 237-241","definition":"Manddrab §§ 237-241","concept":[{"code":"§§237-241_§21","display":"Manddrab, forsøg §§ 237-241, jf. § 21","definition":"Manddrab, forsøg §§ 237-241, jf. § 21"}]},{"code":"§§249-255","display":"Anden personfarlig kriminalitet § 249-255","definition":"Anden personfarlig kriminalitet § 249-255","concept":[{"code":"§§249-255_§21","display":"Anden personfarlig kriminalitet, forsøg § 249-255, jf. § 21","definition":"Anden personfarlig kriminalitet, forsøg § 249-255, jf. § 21"}]},{"code":"§§260-262","display":"Ulovlig tvang §§ 260-262","definition":"Ulovlig tvang §§ 260-262","concept":[{"code":"§§260-262_attempt","display":"Ulovlig tvang, forsøg §§ 260-262","definition":"Ulovlig tvang, forsøg §§ 260-262"}]},{"code":"§§265-266","display":"Trusler § 265-266","definition":"Trusler § 265-266","concept":[{"code":"§§265-266_attempt","display":"Trusler, forsøg § 265-266","definition":"Trusler, forsøg § 265-266"}]},{"code":"§§278-280","display":"Bedrageri mv. §§ 278-280","definition":"Bedrageri mv. §§ 278-280","concept":[{"code":"§§278-280_§21","display":"Bedrageri mv., forsøg §§ 278-280, jf. § 21","definition":"Bedrageri mv., forsøg §§ 278-280, jf. § 21"}]},{"code":"narcotics","display":"Lov om euforiserende stoffer","definition":"Lov om euforiserende stoffer","concept":[{"code":"narcotics_attempt","display":"Lov om euforiserende stoffer, forsøg","definition":"Lov om euforiserende stoffer, forsøg"}]},{"code":"criminal_law_other","display":"Straffeloven, øvrige","definition":"Straffeloven, øvrige","concept":[{"code":"criminal_law_other_attempt","display":"Straffeloven, øvrige, forsøg","definition":"Straffeloven, øvrige, forsøg"}]},{"code":"weapons_decree","display":"Våbenbekendtgørelsen","definition":"Våbenbekendtgørelsen","concept":[{"code":"weapons_decree_attempt","display":"Våbenbekendtgørelsen, forsøg","definition":"Våbenbekendtgørelsen, forsøg"}]},{"code":"traffic_law","display":"Færdselsloven","definition":"Færdselsloven","concept":[{"code":"traffic_law_attempt","display":"Færdselsloven, forsøg","definition":"Færdselsloven, forsøg"}]},{"code":"special_law","display":"Særloven, øvrige","definition":"Særloven, øvrige","concept":[{"code":"special_law_attempt","display":"Særloven, øvrige, forsøg","definition":"Særloven, øvrige, forsøg"}]},{"code":"pardon_petition","display":"Benådningsandragende","definition":"Benådningsandragende"},{"code":"asylum_seeker","display":"Asylansøger","definition":"Asylansøger"}]}