{"resourceType":"CodeSystem","id":"StemCellType","text":{"status":"generated","div":"<div xmlns=\"http://www.w3.org/1999/xhtml\"><p class=\"res-header-id\"><b>Generated Narrative: CodeSystem StemCellType</b></p><a name=\"StemCellType\"> </a><a name=\"hcStemCellType\"> </a><a name=\"StemCellType-en-US\"> </a><p>This case-insensitive code system <code>https://kip.rkkp.dk/fhir/CodeSystem/StemCellType</code> defines the following codes:</p><table class=\"codes\"><tr><td style=\"white-space:nowrap\"><b>Code</b></td><td><b>Display</b></td><td><b>Definition</b></td></tr><tr><td style=\"white-space:nowrap\">bone_marrow<a name=\"StemCellType-bone_marrow\"> </a></td><td>Bone marrow stromal stem cell</td><td>Bone marrow stromal stem cell / SNOMED-CT: 418460001</td></tr><tr><td style=\"white-space:nowrap\">peripheral_blood<a name=\"StemCellType-peripheral_blood\"> </a></td><td>Peripheral blood stem cell</td><td>Peripheral blood stem cell / SNOMED-CT: 419583006</td></tr></table></div>"},"url":"https://kip.rkkp.dk/fhir/CodeSystem/StemCellType","version":"2.9.3","name":"StemCellType","title":"Stem cell type","status":"active","date":"2022-06-07T00:00:00+02:00","publisher":"Sundhedsvæsenets Kvalitetsinstitut with Trifork Digital Health A/S","contact":[{"name":"Sundhedsvæsenets Kvalitetsinstitut with Trifork Digital Health A/S","telecom":[{"system":"url","value":"https://trifork.com"},{"system":"email","value":"rbk@trifork.com"}]}],"description":"Stem cell type","caseSensitive":false,"content":"complete","count":2,"concept":[{"code":"bone_marrow","display":"Bone marrow stromal stem cell","definition":"Bone marrow stromal stem cell / SNOMED-CT: 418460001"},{"code":"peripheral_blood","display":"Peripheral blood stem cell","definition":"Peripheral blood stem cell / SNOMED-CT: 419583006"}]}