{"resourceType":"CodeSystem","id":"KellgrenLawrenceKlassifikation","text":{"status":"generated","div":"<div xmlns=\"http://www.w3.org/1999/xhtml\"><p class=\"res-header-id\"><b>Generated Narrative: CodeSystem KellgrenLawrenceKlassifikation</b></p><a name=\"KellgrenLawrenceKlassifikation\"> </a><a name=\"hcKellgrenLawrenceKlassifikation\"> </a><a name=\"KellgrenLawrenceKlassifikation-en-US\"> </a><p>This case-insensitive code system <code>https://kip.rkkp.dk/fhir/CodeSystem/KellgrenLawrenceKlassifikation</code> defines the following codes:</p><table class=\"codes\"><tr><td style=\"white-space:nowrap\"><b>Code</b></td><td><b>Display</b></td><td><b>Definition</b></td></tr><tr><td style=\"white-space:nowrap\">tvivlsom<a name=\"KellgrenLawrenceKlassifikation-tvivlsom\"> </a></td><td>Tvivlsom (normal ledspalte)</td><td>Tvivlsom (normal ledspalte)</td></tr><tr><td style=\"white-space:nowrap\">mild<a name=\"KellgrenLawrenceKlassifikation-mild\"> </a></td><td>Mild (osteofyt dannelse, normal ledspalte)</td><td>Mild (osteofyt dannelse, normal ledspalte)</td></tr><tr><td style=\"white-space:nowrap\">moderat<a name=\"KellgrenLawrenceKlassifikation-moderat\"> </a></td><td>Moderat (reduktion af ledspalte)</td><td>Moderat (reduktion af ledspalte)</td></tr><tr><td style=\"white-space:nowrap\">svaer<a name=\"KellgrenLawrenceKlassifikation-svaer\"> </a></td><td>Svær (markant reduktion af ledspalte)</td><td>Svær (markant reduktion af ledspalte)</td></tr></table></div>"},"url":"https://kip.rkkp.dk/fhir/CodeSystem/KellgrenLawrenceKlassifikation","version":"2.9.3","name":"KellgrenLawrenceKlassifikation","title":"Kellgren-Lawrence Klassifikation","status":"active","date":"2023-12-19T00:00:00+02:00","publisher":"Sundhedsvæsenets Kvalitetsinstitut with Trifork Digital Health A/S","contact":[{"name":"Sundhedsvæsenets Kvalitetsinstitut with Trifork Digital Health A/S","telecom":[{"system":"url","value":"https://trifork.com"},{"system":"email","value":"rbk@trifork.com"}]}],"description":"Kellgren-Lawrence Klassifikation","caseSensitive":false,"content":"complete","count":4,"concept":[{"code":"tvivlsom","display":"Tvivlsom (normal ledspalte)","definition":"Tvivlsom (normal ledspalte)"},{"code":"mild","display":"Mild (osteofyt dannelse, normal ledspalte)","definition":"Mild (osteofyt dannelse, normal ledspalte)"},{"code":"moderat","display":"Moderat (reduktion af ledspalte)","definition":"Moderat (reduktion af ledspalte)"},{"code":"svaer","display":"Svær (markant reduktion af ledspalte)","definition":"Svær (markant reduktion af ledspalte)"}]}