{"resourceType":"CodeSystem","id":"MorsDiagnosekoder","text":{"status":"generated","div":"<div xmlns=\"http://www.w3.org/1999/xhtml\"><p class=\"res-header-id\"><b>Generated Narrative: CodeSystem MorsDiagnosekoder</b></p><a name=\"MorsDiagnosekoder\"> </a><a name=\"hcMorsDiagnosekoder\"> </a><a name=\"MorsDiagnosekoder-en-US\"> </a><p>This case-insensitive code system <code>https://kip.rkkp.dk/fhir/CodeSystem/MorsDiagnosekoder</code> defines the following codes:</p><table class=\"codes\"><tr><td style=\"white-space:nowrap\"><b>Code</b></td><td><b>Display</b></td></tr><tr><td style=\"white-space:nowrap\">DA162<a name=\"MorsDiagnosekoder-DA162\"> </a></td><td>DA162: Lungetuberkulose u angivelse af bakt eller hist verif</td></tr><tr><td style=\"white-space:nowrap\">DA188<a name=\"MorsDiagnosekoder-DA188\"> </a></td><td>DA188: Tuberkulose i andre specificerede organer</td></tr><tr><td style=\"white-space:nowrap\">DA419<a name=\"MorsDiagnosekoder-DA419\"> </a></td><td>DA419: Septikæmi uden specifikation</td></tr><tr><td style=\"white-space:nowrap\">DB181<a name=\"MorsDiagnosekoder-DB181\"> </a></td><td>DB181: Hepatitis B viralis Chronica u Delta agens</td></tr><tr><td style=\"white-space:nowrap\">DB182<a name=\"MorsDiagnosekoder-DB182\"> </a></td><td>DB182: Hepatitis C viralis chronica</td></tr><tr><td style=\"white-space:nowrap\">DB188<a name=\"MorsDiagnosekoder-DB188\"> </a></td><td>DB188: Hepatitis viralis Chronica alia</td></tr><tr><td style=\"white-space:nowrap\">DB349<a name=\"MorsDiagnosekoder-DB349\"> </a></td><td>DB349: Virusinfektion uden specifikation</td></tr><tr><td style=\"white-space:nowrap\">DB999<a name=\"MorsDiagnosekoder-DB999\"> </a></td><td>DB999: Andre og ikke specificerede infektiøse sygdomme</td></tr><tr><td style=\"white-space:nowrap\">DD489<a name=\"MorsDiagnosekoder-DD489\"> </a></td><td>DD489: Neopl uden specifikation og lokalisation</td></tr><tr><td style=\"white-space:nowrap\">DD629<a name=\"MorsDiagnosekoder-DD629\"> </a></td><td>DD629: Akut anæmi efter blødning</td></tr><tr><td style=\"white-space:nowrap\">DD729<a name=\"MorsDiagnosekoder-DD729\"> </a></td><td>DD729: Sygdomme i hvide blodlegemer uden specifikation</td></tr><tr><td style=\"white-space:nowrap\">DE875<a name=\"MorsDiagnosekoder-DE875\"> </a></td><td>DE875: Kaliumoverskud</td></tr><tr><td style=\"white-space:nowrap\">DE876A<a name=\"MorsDiagnosekoder-DE876A\"> </a></td><td>DE876A: Hypokaliæmi</td></tr><tr><td style=\"white-space:nowrap\">DE877<a name=\"MorsDiagnosekoder-DE877\"> </a></td><td>DE877: Væskeoverskud</td></tr><tr><td style=\"white-space:nowrap\">DF039<a name=\"MorsDiagnosekoder-DF039\"> </a></td><td>DF039: Demens uden specifikation</td></tr><tr><td style=\"white-space:nowrap\">DI110<a name=\"MorsDiagnosekoder-DI110\"> </a></td><td>DI110: Incompensatio corids hypertensiva</td></tr><tr><td style=\"white-space:nowrap\">DI219<a name=\"MorsDiagnosekoder-DI219\"> </a></td><td>DI219: Akut myokardieinfarkt (AMI uden specifikation</td></tr><tr><td style=\"white-space:nowrap\">DI269<a name=\"MorsDiagnosekoder-DI269\"> </a></td><td>DI269: Embolia pulmonis u akut cor pulmonale</td></tr><tr><td style=\"white-space:nowrap\">DI461<a name=\"MorsDiagnosekoder-DI461\"> </a></td><td>DI461: Pludselig hjertedød</td></tr><tr><td style=\"white-space:nowrap\">DI509<a name=\"MorsDiagnosekoder-DI509\"> </a></td><td>DI509: Hjerteinkompensation udne specifikation</td></tr><tr><td style=\"white-space:nowrap\">DI649<a name=\"MorsDiagnosekoder-DI649\"> </a></td><td>DI649: Apoplexia cerebri uden specifikation</td></tr><tr><td style=\"white-space:nowrap\">DI772<a name=\"MorsDiagnosekoder-DI772\"> </a></td><td>DI772: Ruptura arteriae</td></tr><tr><td style=\"white-space:nowrap\">DJ129<a name=\"MorsDiagnosekoder-DJ129\"> </a></td><td>DJ129: Viruspneumoni uden specifikation</td></tr><tr><td style=\"white-space:nowrap\">DJ159<a name=\"MorsDiagnosekoder-DJ159\"> </a></td><td>DJ159: Bakteriel pneumoni uden specifikation</td></tr><tr><td style=\"white-space:nowrap\">DJ168<a name=\"MorsDiagnosekoder-DJ168\"> </a></td><td>DJ168: Pneumonier forårsaget af andre specificerede infekt agentia</td></tr><tr><td style=\"white-space:nowrap\">DJ449<a name=\"MorsDiagnosekoder-DJ449\"> </a></td><td>DJ449: Kronisk obstruktiv lungesygdom uden specifikation</td></tr><tr><td style=\"white-space:nowrap\">DK281<a name=\"MorsDiagnosekoder-DK281\"> </a></td><td>DK281: Ulcus gastrojejunale pepticum acutum m perforation</td></tr><tr><td style=\"white-space:nowrap\">DK550<a name=\"MorsDiagnosekoder-DK550\"> </a></td><td>DK550: Akut karsygdom i tarm</td></tr><tr><td style=\"white-space:nowrap\">DK631<a name=\"MorsDiagnosekoder-DK631\"> </a></td><td>DK631: Perforatio intestini non traumatica</td></tr><tr><td style=\"white-space:nowrap\">DK638C<a name=\"MorsDiagnosekoder-DK638C\"> </a></td><td>DK638C: Haemorrhagia tractus gastrointestinalis</td></tr><tr><td style=\"white-space:nowrap\">DK650<a name=\"MorsDiagnosekoder-DK650\"> </a></td><td>DK650: Peritonitis acuta</td></tr><tr><td style=\"white-space:nowrap\">DK668<a name=\"MorsDiagnosekoder-DK668\"> </a></td><td>DK668: Sygdom i bughinde, andre specificerede</td></tr><tr><td style=\"white-space:nowrap\">DK719<a name=\"MorsDiagnosekoder-DK719\"> </a></td><td>DK719: Toksisk leversygdom uden specifikation</td></tr><tr><td style=\"white-space:nowrap\">DK729<a name=\"MorsDiagnosekoder-DK729\"> </a></td><td>DK729: Leversvigt uden specifikation</td></tr><tr><td style=\"white-space:nowrap\">DK746<a name=\"MorsDiagnosekoder-DK746\"> </a></td><td>DK746: Cirrhosis hepatis, anden og uden specifikation</td></tr><tr><td style=\"white-space:nowrap\">DK859<a name=\"MorsDiagnosekoder-DK859\"> </a></td><td>DK859: Pancreatitis acuta</td></tr><tr><td style=\"white-space:nowrap\">DN188B<a name=\"MorsDiagnosekoder-DN188B\"> </a></td><td>DN188B: Pericarditis, uræmisk</td></tr><tr><td style=\"white-space:nowrap\">DN199<a name=\"MorsDiagnosekoder-DN199\"> </a></td><td>DN199: Uræmi uden specifikation</td></tr><tr><td style=\"white-space:nowrap\">DQ446<a name=\"MorsDiagnosekoder-DQ446\"> </a></td><td>DQ446: Hepar cysticum congenitum</td></tr><tr><td style=\"white-space:nowrap\">DR589<a name=\"MorsDiagnosekoder-DR589\"> </a></td><td>DR589: Haemorrhagia uden specifikation</td></tr><tr><td style=\"white-space:nowrap\">DR649<a name=\"MorsDiagnosekoder-DR649\"> </a></td><td>DR649: Cachexia</td></tr><tr><td style=\"white-space:nowrap\">DR999<a name=\"MorsDiagnosekoder-DR999\"> </a></td><td>DR999: Mors uden specifkation</td></tr><tr><td style=\"white-space:nowrap\">DT758<a name=\"MorsDiagnosekoder-DT758\"> </a></td><td>DT758: Skader af ydre påvirkninger, andre specificerede</td></tr><tr><td style=\"white-space:nowrap\">DT810<a name=\"MorsDiagnosekoder-DT810\"> </a></td><td>DT810: Haemorrhagia postop et haematoma postop ikke klas ansted</td></tr><tr><td style=\"white-space:nowrap\">DT824<a name=\"MorsDiagnosekoder-DT824\"> </a></td><td>DT824: Complicatio katherisationis vasorum dialyseos</td></tr><tr><td style=\"white-space:nowrap\">DT888<a name=\"MorsDiagnosekoder-DT888\"> </a></td><td>DT888: Kompl til kir og med beh ikke klass ansted, andre spec</td></tr><tr><td style=\"white-space:nowrap\">DZ915<a name=\"MorsDiagnosekoder-DZ915\"> </a></td><td>DZ915: Selvpåført skade</td></tr></table></div>"},"url":"https://kip.rkkp.dk/fhir/CodeSystem/MorsDiagnosekoder","version":"2.9.3","name":"MorsDiagnosekoder","title":"Mors Diagnosekoder (DNSL)","status":"active","date":"2024-01-31T00:00:00+02:00","publisher":"Sundhedsvæsenets Kvalitetsinstitut with Trifork Digital Health A/S","contact":[{"name":"Sundhedsvæsenets Kvalitetsinstitut with Trifork Digital Health A/S","telecom":[{"system":"url","value":"https://trifork.com"},{"system":"email","value":"rbk@trifork.com"}]}],"description":"Mors Diagnosekoder (DNSL)","caseSensitive":false,"content":"complete","count":47,"concept":[{"code":"DA162","display":"DA162: Lungetuberkulose u angivelse af bakt eller hist verif"},{"code":"DA188","display":"DA188: Tuberkulose i andre specificerede organer"},{"code":"DA419","display":"DA419: Septikæmi uden specifikation"},{"code":"DB181","display":"DB181: Hepatitis B viralis Chronica u Delta agens"},{"code":"DB182","display":"DB182: Hepatitis C viralis chronica"},{"code":"DB188","display":"DB188: Hepatitis viralis Chronica alia"},{"code":"DB349","display":"DB349: Virusinfektion uden specifikation"},{"code":"DB999","display":"DB999: Andre og ikke specificerede infektiøse sygdomme"},{"code":"DD489","display":"DD489: Neopl uden specifikation og lokalisation"},{"code":"DD629","display":"DD629: Akut anæmi efter blødning"},{"code":"DD729","display":"DD729: Sygdomme i hvide blodlegemer uden specifikation"},{"code":"DE875","display":"DE875: Kaliumoverskud"},{"code":"DE876A","display":"DE876A: Hypokaliæmi"},{"code":"DE877","display":"DE877: Væskeoverskud"},{"code":"DF039","display":"DF039: Demens uden specifikation"},{"code":"DI110","display":"DI110: Incompensatio corids hypertensiva"},{"code":"DI219","display":"DI219: Akut myokardieinfarkt (AMI uden specifikation"},{"code":"DI269","display":"DI269: Embolia pulmonis u akut cor pulmonale"},{"code":"DI461","display":"DI461: Pludselig hjertedød"},{"code":"DI509","display":"DI509: Hjerteinkompensation udne specifikation"},{"code":"DI649","display":"DI649: Apoplexia cerebri uden specifikation"},{"code":"DI772","display":"DI772: Ruptura arteriae"},{"code":"DJ129","display":"DJ129: Viruspneumoni uden specifikation"},{"code":"DJ159","display":"DJ159: Bakteriel pneumoni uden specifikation"},{"code":"DJ168","display":"DJ168: Pneumonier forårsaget af andre specificerede infekt agentia"},{"code":"DJ449","display":"DJ449: Kronisk obstruktiv lungesygdom uden specifikation"},{"code":"DK281","display":"DK281: Ulcus gastrojejunale pepticum acutum m perforation"},{"code":"DK550","display":"DK550: Akut karsygdom i tarm"},{"code":"DK631","display":"DK631: Perforatio intestini non traumatica"},{"code":"DK638C","display":"DK638C: Haemorrhagia tractus gastrointestinalis"},{"code":"DK650","display":"DK650: Peritonitis acuta"},{"code":"DK668","display":"DK668: Sygdom i bughinde, andre specificerede"},{"code":"DK719","display":"DK719: Toksisk leversygdom uden specifikation"},{"code":"DK729","display":"DK729: Leversvigt uden specifikation"},{"code":"DK746","display":"DK746: Cirrhosis hepatis, anden og uden specifikation"},{"code":"DK859","display":"DK859: Pancreatitis acuta"},{"code":"DN188B","display":"DN188B: Pericarditis, uræmisk"},{"code":"DN199","display":"DN199: Uræmi uden specifikation"},{"code":"DQ446","display":"DQ446: Hepar cysticum congenitum"},{"code":"DR589","display":"DR589: Haemorrhagia uden specifikation"},{"code":"DR649","display":"DR649: Cachexia"},{"code":"DR999","display":"DR999: Mors uden specifkation"},{"code":"DT758","display":"DT758: Skader af ydre påvirkninger, andre specificerede"},{"code":"DT810","display":"DT810: Haemorrhagia postop et haematoma postop ikke klas ansted"},{"code":"DT824","display":"DT824: Complicatio katherisationis vasorum dialyseos"},{"code":"DT888","display":"DT888: Kompl til kir og med beh ikke klass ansted, andre spec"},{"code":"DZ915","display":"DZ915: Selvpåført skade"}]}