{"resourceType":"CodeSystem","id":"ASAClassification","text":{"status":"generated","div":"<div xmlns=\"http://www.w3.org/1999/xhtml\"><p class=\"res-header-id\"><b>Generated Narrative: CodeSystem ASAClassification</b></p><a name=\"ASAClassification\"> </a><a name=\"hcASAClassification\"> </a><a name=\"ASAClassification-en-US\"> </a><p>This  code system <code>https://kip.rkkp.dk/fhir/CodeSystem/ASAClassification</code> defines the following codes:</p><table class=\"codes\"><tr><td style=\"white-space:nowrap\"><b>Code</b></td><td><b>Display</b></td><td><b>Definition</b></td></tr><tr><td style=\"white-space:nowrap\">asai<a name=\"ASAClassification-asai\"> </a></td><td>ASA I</td><td>A normal healthy patient</td></tr><tr><td style=\"white-space:nowrap\">asaii<a name=\"ASAClassification-asaii\"> </a></td><td>ASA II</td><td>A patient with mild systemic disease</td></tr><tr><td style=\"white-space:nowrap\">asaiii<a name=\"ASAClassification-asaiii\"> </a></td><td>ASA III</td><td>A patient with severe systemic disease</td></tr><tr><td style=\"white-space:nowrap\">asaiv<a name=\"ASAClassification-asaiv\"> </a></td><td>ASA IV</td><td>A patient with severe systemic disease that is a constant threat to life</td></tr><tr><td style=\"white-space:nowrap\">asav<a name=\"ASAClassification-asav\"> </a></td><td>ASA V</td><td>A moribund patient who is not expected to survive without the operation</td></tr><tr><td style=\"white-space:nowrap\">asavi<a name=\"ASAClassification-asavi\"> </a></td><td>ASA VI</td><td>A declared brain-dead patient whose organs are being removed for donor purposes</td></tr></table></div>"},"url":"https://kip.rkkp.dk/fhir/CodeSystem/ASAClassification","version":"2.9.3","name":"ASAClassification","title":"ASA Physical Status Classification System","status":"active","date":"2022-05-31T00:00:00+02:00","publisher":"Sundhedsvæsenets Kvalitetsinstitut with Trifork Digital Health A/S","contact":[{"name":"Sundhedsvæsenets Kvalitetsinstitut with Trifork Digital Health A/S","telecom":[{"system":"url","value":"https://trifork.com"},{"system":"email","value":"rbk@trifork.com"}]}],"description":"Score udviklet til vurdering af det fysiske helbred. Link: https://www.asahq.org/standards-and-guidelines/asa-physical-status-classification-system","content":"complete","count":6,"concept":[{"code":"asai","display":"ASA I","definition":"A normal healthy patient"},{"code":"asaii","display":"ASA II","definition":"A patient with mild systemic disease"},{"code":"asaiii","display":"ASA III","definition":"A patient with severe systemic disease"},{"code":"asaiv","display":"ASA IV","definition":"A patient with severe systemic disease that is a constant threat to life"},{"code":"asav","display":"ASA V","definition":"A moribund patient who is not expected to survive without the operation"},{"code":"asavi","display":"ASA VI","definition":"A declared brain-dead patient whose organs are being removed for donor purposes"}]}