{"resourceType":"CodeSystem","id":"MedicationName","text":{"status":"generated","div":"<div xmlns=\"http://www.w3.org/1999/xhtml\"><p class=\"res-header-id\"><b>Generated Narrative: CodeSystem MedicationName</b></p><a name=\"MedicationName\"> </a><a name=\"hcMedicationName\"> </a><a name=\"MedicationName-en-US\"> </a><p>This case-insensitive code system <code>https://kip.rkkp.dk/fhir/CodeSystem/MedicationName</code> defines the following codes:</p><table class=\"codes\"><tr><td style=\"white-space:nowrap\"><b>Code</b></td><td><b>Display</b></td><td><b>Definition</b></td></tr><tr><td style=\"white-space:nowrap\">abboticin<a name=\"MedicationName-abboticin\"> </a></td><td>Abboticin (J01FA01)</td><td>Abboticin (J01FA01)</td></tr><tr><td style=\"white-space:nowrap\">apixaban<a name=\"MedicationName-apixaban\"> </a></td><td>Apixaban (B01AF02)</td><td>Apixaban (B01AF02)</td></tr><tr><td style=\"white-space:nowrap\">arixtra<a name=\"MedicationName-arixtra\"> </a></td><td>Arixtra (B01AX05)</td><td>Arixtra (B01AX05)</td></tr><tr><td style=\"white-space:nowrap\">axacef<a name=\"MedicationName-axacef\"> </a></td><td>Axacef (J01DC02)</td><td>Axacef (J01DC02)</td></tr><tr><td style=\"white-space:nowrap\">clindamycin<a name=\"MedicationName-clindamycin\"> </a></td><td>Clindamycin</td><td>Clindamycin</td></tr><tr><td style=\"white-space:nowrap\">cloxacillin<a name=\"MedicationName-cloxacillin\"> </a></td><td>Cloxacillin</td><td>Cloxacillin</td></tr><tr><td style=\"white-space:nowrap\">dicillin<a name=\"MedicationName-dicillin\"> </a></td><td>Dicillin (J01CF01)</td><td>Dicillin (J01CF01)</td></tr><tr><td style=\"white-space:nowrap\">diclosil<a name=\"MedicationName-diclosil\"> </a></td><td>Diclosil (J01CF01)</td><td>Diclosil (J01CF01)</td></tr><tr><td style=\"white-space:nowrap\">ekvacillin<a name=\"MedicationName-ekvacillin\"> </a></td><td>Ekvacillin (J01CF02)</td><td>Ekvacillin (J01CF02)</td></tr><tr><td style=\"white-space:nowrap\">fragmin<a name=\"MedicationName-fragmin\"> </a></td><td>Fragmin (B01AB04)</td><td>Fragmin (B01AB04)</td></tr><tr><td style=\"white-space:nowrap\">heracillin<a name=\"MedicationName-heracillin\"> </a></td><td>Heracillin (J01CF05)</td><td>Heracillin (J01CF05)</td></tr><tr><td style=\"white-space:nowrap\">hexamycin<a name=\"MedicationName-hexamycin\"> </a></td><td>Hexamycin (J01GB03)</td><td>Hexamycin (J01GB03)</td></tr><tr><td style=\"white-space:nowrap\">innohep<a name=\"MedicationName-innohep\"> </a></td><td>Innohep (B01AB10)</td><td>Innohep (B01AB10)</td></tr><tr><td style=\"white-space:nowrap\">keflex<a name=\"MedicationName-keflex\"> </a></td><td>Keflex (J01DB01)</td><td>Keflex (J01DB01)</td></tr><tr><td style=\"white-space:nowrap\">keflin<a name=\"MedicationName-keflin\"> </a></td><td>Keflin (J01DB03)</td><td>Keflin (J01DB03)</td></tr><tr><td style=\"white-space:nowrap\">klexane<a name=\"MedicationName-klexane\"> </a></td><td>Klexane (B01AB05)</td><td>Klexane (B01AB05)</td></tr><tr><td style=\"white-space:nowrap\">logiparin<a name=\"MedicationName-logiparin\"> </a></td><td>Logiparin (B01AB10)</td><td>Logiparin (B01AB10)</td></tr><tr><td style=\"white-space:nowrap\">lucopenin<a name=\"MedicationName-lucopenin\"> </a></td><td>Lucopenin (J01CF03)</td><td>Lucopenin (J01CF03)</td></tr><tr><td style=\"white-space:nowrap\">mandokef<a name=\"MedicationName-mandokef\"> </a></td><td>Mandokef (J01DC03)</td><td>Mandokef (J01DC03)</td></tr><tr><td style=\"white-space:nowrap\">marevan<a name=\"MedicationName-marevan\"> </a></td><td>Marevan (B01AA03)</td><td>Marevan (B01AA03)</td></tr><tr><td style=\"white-space:nowrap\">noparin<a name=\"MedicationName-noparin\"> </a></td><td>Noparin (B01AB01)</td><td>Noparin (B01AB01)</td></tr><tr><td style=\"white-space:nowrap\">pradaxa<a name=\"MedicationName-pradaxa\"> </a></td><td>Pradaxa (B01AE07)</td><td>Pradaxa (B01AE07)</td></tr><tr><td style=\"white-space:nowrap\">tinzaparin<a name=\"MedicationName-tinzaparin\"> </a></td><td>Tinzaparin (B01AB10)</td><td>Tinzaparin (B01AB10)</td></tr><tr><td style=\"white-space:nowrap\">xarelto<a name=\"MedicationName-xarelto\"> </a></td><td>Xarelto (B01AF01)</td><td>Xarelto (B01AF01)</td></tr><tr><td style=\"white-space:nowrap\">zinacef<a name=\"MedicationName-zinacef\"> </a></td><td>Zinacef (J01DC02)</td><td>Zinacef (J01DC02)</td></tr><tr><td style=\"white-space:nowrap\">zinnat<a name=\"MedicationName-zinnat\"> </a></td><td>Zinnat (J01DC02)</td><td>Zinnat (J01DC02)</td></tr></table></div>"},"url":"https://kip.rkkp.dk/fhir/CodeSystem/MedicationName","version":"2.9.3","name":"MedicationName","title":"Medication name","status":"active","date":"2022-11-18T00:00:00+02:00","publisher":"Sundhedsvæsenets Kvalitetsinstitut with Trifork Digital Health A/S","contact":[{"name":"Sundhedsvæsenets Kvalitetsinstitut with Trifork Digital Health A/S","telecom":[{"system":"url","value":"https://trifork.com"},{"system":"email","value":"rbk@trifork.com"}]}],"description":"Medication name","caseSensitive":false,"content":"complete","count":26,"concept":[{"code":"abboticin","display":"Abboticin (J01FA01)","definition":"Abboticin (J01FA01)"},{"code":"apixaban","display":"Apixaban (B01AF02)","definition":"Apixaban (B01AF02)"},{"code":"arixtra","display":"Arixtra (B01AX05)","definition":"Arixtra (B01AX05)"},{"code":"axacef","display":"Axacef (J01DC02)","definition":"Axacef (J01DC02)"},{"code":"clindamycin","display":"Clindamycin","definition":"Clindamycin"},{"code":"cloxacillin","display":"Cloxacillin","definition":"Cloxacillin"},{"code":"dicillin","display":"Dicillin (J01CF01)","definition":"Dicillin (J01CF01)"},{"code":"diclosil","display":"Diclosil (J01CF01)","definition":"Diclosil (J01CF01)"},{"code":"ekvacillin","display":"Ekvacillin (J01CF02)","definition":"Ekvacillin (J01CF02)"},{"code":"fragmin","display":"Fragmin (B01AB04)","definition":"Fragmin (B01AB04)"},{"code":"heracillin","display":"Heracillin (J01CF05)","definition":"Heracillin (J01CF05)"},{"code":"hexamycin","display":"Hexamycin (J01GB03)","definition":"Hexamycin (J01GB03)"},{"code":"innohep","display":"Innohep (B01AB10)","definition":"Innohep (B01AB10)"},{"code":"keflex","display":"Keflex (J01DB01)","definition":"Keflex (J01DB01)"},{"code":"keflin","display":"Keflin (J01DB03)","definition":"Keflin (J01DB03)"},{"code":"klexane","display":"Klexane (B01AB05)","definition":"Klexane (B01AB05)"},{"code":"logiparin","display":"Logiparin (B01AB10)","definition":"Logiparin (B01AB10)"},{"code":"lucopenin","display":"Lucopenin (J01CF03)","definition":"Lucopenin (J01CF03)"},{"code":"mandokef","display":"Mandokef (J01DC03)","definition":"Mandokef (J01DC03)"},{"code":"marevan","display":"Marevan (B01AA03)","definition":"Marevan (B01AA03)"},{"code":"noparin","display":"Noparin (B01AB01)","definition":"Noparin (B01AB01)"},{"code":"pradaxa","display":"Pradaxa (B01AE07)","definition":"Pradaxa (B01AE07)"},{"code":"tinzaparin","display":"Tinzaparin (B01AB10)","definition":"Tinzaparin (B01AB10)"},{"code":"xarelto","display":"Xarelto (B01AF01)","definition":"Xarelto (B01AF01)"},{"code":"zinacef","display":"Zinacef (J01DC02)","definition":"Zinacef (J01DC02)"},{"code":"zinnat","display":"Zinnat (J01DC02)","definition":"Zinnat (J01DC02)"}]}