{"resourceType":"CodeSystem","id":"SSSArmLift","text":{"status":"generated","div":"<div xmlns=\"http://www.w3.org/1999/xhtml\"><p class=\"res-header-id\"><b>Generated Narrative: CodeSystem SSSArmLift</b></p><a name=\"SSSArmLift\"> </a><a name=\"hcSSSArmLift\"> </a><a name=\"SSSArmLift-en-US\"> </a><p>This  code system <code>https://kip.rkkp.dk/fhir/CodeSystem/SSSArmLift</code> defines the following codes:</p><table class=\"codes\"><tr><td style=\"white-space:nowrap\"><b>Code</b></td><td><b>Definition</b></td></tr><tr><td style=\"white-space:nowrap\">6<a name=\"SSSArmLift-6\"> </a></td><td>Løfter arm med normal kraft</td></tr><tr><td style=\"white-space:nowrap\">5<a name=\"SSSArmLift-5\"> </a></td><td>Løfter strakt arm med nedsat kraft</td></tr><tr><td style=\"white-space:nowrap\">4<a name=\"SSSArmLift-4\"> </a></td><td>Løfter arm med fleksion af albue</td></tr><tr><td style=\"white-space:nowrap\">2<a name=\"SSSArmLift-2\"> </a></td><td>Bevæger armen men ikke mod tyngden</td></tr><tr><td style=\"white-space:nowrap\">0<a name=\"SSSArmLift-0\"> </a></td><td>Paralyse: Ingen bevægelse mulig.</td></tr></table></div>"},"url":"https://kip.rkkp.dk/fhir/CodeSystem/SSSArmLift","version":"2.9.3","name":"SSSArmLift","title":"Scandinavian Stroke Scale (SSS) - Arm lift","status":"active","date":"2022-06-23T00:00:00+02:00","publisher":"Sundhedsvæsenets Kvalitetsinstitut with Trifork Digital Health A/S","contact":[{"name":"Sundhedsvæsenets Kvalitetsinstitut with Trifork Digital Health A/S","telecom":[{"system":"url","value":"https://trifork.com"},{"system":"email","value":"rbk@trifork.com"}]}],"description":"Scandinavian Stroke Scale (SSS) - Arm lift: Vurderes på begge arme, men der noteres kun i forhold til siden for en eventuel lammelse","content":"complete","count":5,"concept":[{"code":"6","display":"6","definition":"Løfter arm med normal kraft"},{"code":"5","display":"5","definition":"Løfter strakt arm med nedsat kraft"},{"code":"4","display":"4","definition":"Løfter arm med fleksion af albue"},{"code":"2","display":"2","definition":"Bevæger armen men ikke mod tyngden"},{"code":"0","display":"0","definition":"Paralyse: Ingen bevægelse mulig."}]}