{"resourceType":"CodeSystem","id":"HarrisHipScoreSitting","text":{"status":"generated","div":"<div xmlns=\"http://www.w3.org/1999/xhtml\"><p class=\"res-header-id\"><b>Generated Narrative: CodeSystem HarrisHipScoreSitting</b></p><a name=\"HarrisHipScoreSitting\"> </a><a name=\"hcHarrisHipScoreSitting\"> </a><a name=\"HarrisHipScoreSitting-en-US\"> </a><p>This case-insensitive code system <code>https://kip.rkkp.dk/fhir/CodeSystem/HarrisHipScoreSitting</code> defines the following codes:</p><table class=\"codes\"><tr><td style=\"white-space:nowrap\"><b>Code</b></td><td><b>Display</b></td><td><b>Definition</b></td></tr><tr><td style=\"white-space:nowrap\">5<a name=\"HarrisHipScoreSitting-5\"> </a></td><td>Comfortably, ordinary chair for one hour</td><td>Comfortably, ordinary chair for one hour (5)</td></tr><tr><td style=\"white-space:nowrap\">3<a name=\"HarrisHipScoreSitting-3\"> </a></td><td>On a high chair for 30 minutes</td><td>On a high chair for 30 minutes (3)</td></tr><tr><td style=\"white-space:nowrap\">0<a name=\"HarrisHipScoreSitting-0\"> </a></td><td>Unable to sit comfortably on any chair</td><td>Unable to sit comfortably on any chair (0)</td></tr></table></div>"},"url":"https://kip.rkkp.dk/fhir/CodeSystem/HarrisHipScoreSitting","version":"2.9.3","name":"HarrisHipScoreSitting","title":"Harris Hip Score (HHS) - Sitting","status":"active","date":"2022-07-06T00:00:00+02:00","publisher":"Sundhedsvæsenets Kvalitetsinstitut with Trifork Digital Health A/S","contact":[{"name":"Sundhedsvæsenets Kvalitetsinstitut with Trifork Digital Health A/S","telecom":[{"system":"url","value":"https://trifork.com"},{"system":"email","value":"rbk@trifork.com"}]}],"description":"Harris Hip Score (HHS) - Sitting. Link: https://www.orthopaedicscore.com/scorepages/harris_hip_score.html","caseSensitive":false,"content":"complete","count":3,"concept":[{"code":"5","display":"Comfortably, ordinary chair for one hour","definition":"Comfortably, ordinary chair for one hour (5)"},{"code":"3","display":"On a high chair for 30 minutes","definition":"On a high chair for 30 minutes (3)"},{"code":"0","display":"Unable to sit comfortably on any chair","definition":"Unable to sit comfortably on any chair (0)"}]}