{"resourceType":"CodeSystem","id":"FISHVariables","text":{"status":"generated","div":"<div xmlns=\"http://www.w3.org/1999/xhtml\"><p class=\"res-header-id\"><b>Generated Narrative: CodeSystem FISHVariables</b></p><a name=\"FISHVariables\"> </a><a name=\"hcFISHVariables\"> </a><a name=\"FISHVariables-en-US\"> </a><p>This case-insensitive code system <code>https://kip.rkkp.dk/fhir/CodeSystem/FISHVariables</code> defines the following codes in an undefined hierarchy:</p><table class=\"codes\"><tr><td><b>Lvl</b></td><td style=\"white-space:nowrap\"><b>Code</b></td><td><b>Display</b></td><td><b>Definition</b></td></tr><tr><td>1</td><td style=\"white-space:nowrap\">plasma_cell_identifikation_unspecific<a name=\"FISHVariables-plasma_cell_identifikation_unspecific\"> </a></td><td>Plasma cell identification</td><td>Plasma cell identification, unspecific / Plasmacelleidentifikation, uspecifik</td></tr><tr><td>2</td><td style=\"white-space:nowrap\">\u00a0\u00a0cd138_sort<a name=\"FISHVariables-cd138_sort\"> </a></td><td>CD138 sort</td><td>CD138 sort</td></tr><tr><td>2</td><td style=\"white-space:nowrap\">\u00a0\u00a0antibodies<a name=\"FISHVariables-antibodies\"> </a></td><td>Antibodies</td><td>Antibodies / Antistof</td></tr><tr><td>1</td><td style=\"white-space:nowrap\">igh_fgfr3<a name=\"FISHVariables-igh_fgfr3\"> </a></td><td>t(4;14)/IGH-FGFR3</td><td>t(4;14)/IGH-FGFR3</td></tr><tr><td>1</td><td style=\"white-space:nowrap\">igh_ccnd1<a name=\"FISHVariables-igh_ccnd1\"> </a></td><td>t(11;14)/IGH-CCND1</td><td>t(11;14)/IGH-CCND1</td></tr><tr><td>1</td><td style=\"white-space:nowrap\">igh_mbf<a name=\"FISHVariables-igh_mbf\"> </a></td><td>t(14;16)/IGH-MBF</td><td>t(14;16)/IGH-MBF</td></tr><tr><td>1</td><td style=\"white-space:nowrap\">igh_mafb<a name=\"FISHVariables-igh_mafb\"> </a></td><td>t(14;20)/IGH-MAFB</td><td>t(14;20)/IGH-MAFB</td></tr><tr><td>1</td><td style=\"white-space:nowrap\">igh_split_signal<a name=\"FISHVariables-igh_split_signal\"> </a></td><td>IgH split signal</td><td>IgH split signal</td></tr><tr><td>1</td><td style=\"white-space:nowrap\">13q_deletion<a name=\"FISHVariables-13q_deletion\"> </a></td><td>13q deletion</td><td>13q deletion</td></tr><tr><td>1</td><td style=\"white-space:nowrap\">tp53_deletion<a name=\"FISHVariables-tp53_deletion\"> </a></td><td>TP53 deletion</td><td>TP53 deletion</td></tr><tr><td>1</td><td style=\"white-space:nowrap\">1q21<a name=\"FISHVariables-1q21\"> </a></td><td>1q21 amplifikation</td><td>1q21 amplifikation</td></tr><tr><td>1</td><td style=\"white-space:nowrap\">11q22<a name=\"FISHVariables-11q22\"> </a></td><td>11q22/ATM amplifikation</td><td>11q22/ATM amplifikation</td></tr><tr><td>1</td><td style=\"white-space:nowrap\">1q21gain<a name=\"FISHVariables-1q21gain\"> </a></td><td>1q21 gain (3 spot)</td><td>1q21 gain (3 spot)</td></tr><tr><td>1</td><td style=\"white-space:nowrap\">1qdeletion<a name=\"FISHVariables-1qdeletion\"> </a></td><td>1p deletion</td><td>1p deletion</td></tr></table></div>"},"url":"https://kip.rkkp.dk/fhir/CodeSystem/FISHVariables","version":"2.9.3","name":"FISHVariables","title":"FISH variables; test","status":"active","date":"2025-02-21T00:00:00+02:00","publisher":"Sundhedsvæsenets Kvalitetsinstitut with Trifork Digital Health A/S","contact":[{"name":"Sundhedsvæsenets Kvalitetsinstitut with Trifork Digital Health A/S","telecom":[{"system":"url","value":"https://trifork.com"},{"system":"email","value":"rbk@trifork.com"}]}],"description":"FISH variables; test","caseSensitive":false,"content":"complete","count":14,"concept":[{"code":"plasma_cell_identifikation_unspecific","display":"Plasma cell identification","definition":"Plasma cell identification, unspecific / Plasmacelleidentifikation, uspecifik","concept":[{"code":"cd138_sort","display":"CD138 sort","definition":"CD138 sort"},{"code":"antibodies","display":"Antibodies","definition":"Antibodies / Antistof"}]},{"code":"igh_fgfr3","display":"t(4;14)/IGH-FGFR3","definition":"t(4;14)/IGH-FGFR3"},{"code":"igh_ccnd1","display":"t(11;14)/IGH-CCND1","definition":"t(11;14)/IGH-CCND1"},{"code":"igh_mbf","display":"t(14;16)/IGH-MBF","definition":"t(14;16)/IGH-MBF"},{"code":"igh_mafb","display":"t(14;20)/IGH-MAFB","definition":"t(14;20)/IGH-MAFB"},{"code":"igh_split_signal","display":"IgH split signal","definition":"IgH split signal"},{"code":"13q_deletion","display":"13q deletion","definition":"13q deletion"},{"code":"tp53_deletion","display":"TP53 deletion","definition":"TP53 deletion"},{"code":"1q21","display":"1q21 amplifikation","definition":"1q21 amplifikation"},{"code":"11q22","display":"11q22/ATM amplifikation","definition":"11q22/ATM amplifikation"},{"code":"1q21gain","display":"1q21 gain (3 spot)","definition":"1q21 gain (3 spot)"},{"code":"1qdeletion","display":"1p deletion","definition":"1p deletion"}]}