{"resourceType":"CodeSystem","id":"NIHSS2Gaze","text":{"status":"generated","div":"<div xmlns=\"http://www.w3.org/1999/xhtml\"><p class=\"res-header-id\"><b>Generated Narrative: CodeSystem NIHSS2Gaze</b></p><a name=\"NIHSS2Gaze\"> </a><a name=\"hcNIHSS2Gaze\"> </a><a name=\"NIHSS2Gaze-en-US\"> </a><p>This  code system <code>https://kip.rkkp.dk/fhir/CodeSystem/NIHSS2Gaze</code> defines the following codes:</p><table class=\"codes\"><tr><td style=\"white-space:nowrap\"><b>Code</b></td><td><b>Definition</b></td></tr><tr><td style=\"white-space:nowrap\">0<a name=\"NIHSS2Gaze-0\"> </a></td><td>Normal.</td></tr><tr><td style=\"white-space:nowrap\">1<a name=\"NIHSS2Gaze-1\"> </a></td><td>Partial gaze palsy; gaze is abnormal in one or both eyes, but forced deviation or total gaze paresis is not present.</td></tr><tr><td style=\"white-space:nowrap\">2<a name=\"NIHSS2Gaze-2\"> </a></td><td>Forced deviation, or total gaze paresis not overcome by the oculocephalic maneuver.</td></tr></table></div>"},"url":"https://kip.rkkp.dk/fhir/CodeSystem/NIHSS2Gaze","version":"2.9.3","name":"NIHSS2Gaze","title":"The National Institute of Health Stroke Scale (NIHSS) - 2. Best Gaze","status":"active","date":"2022-06-23T00:00:00+02:00","publisher":"Sundhedsvæsenets Kvalitetsinstitut with Trifork Digital Health A/S","contact":[{"name":"Sundhedsvæsenets Kvalitetsinstitut with Trifork Digital Health A/S","telecom":[{"system":"url","value":"https://trifork.com"},{"system":"email","value":"rbk@trifork.com"}]}],"description":"The National Institute of Health Stroke Scale (NIHSS) - 2. Best Gaze; Link: https://www.ninds.nih.gov/stroke-scales-and-related-information","content":"complete","count":3,"concept":[{"code":"0","display":"0","definition":"Normal."},{"code":"1","display":"1","definition":"Partial gaze palsy; gaze is abnormal in one or both eyes, but forced deviation or total gaze paresis is not present."},{"code":"2","display":"2","definition":"Forced deviation, or total gaze paresis not overcome by the oculocephalic maneuver."}]}