{"resourceType":"CodeSystem","id":"Verdict","text":{"status":"generated","div":"<div xmlns=\"http://www.w3.org/1999/xhtml\"><p class=\"res-header-id\"><b>Generated Narrative: CodeSystem Verdict</b></p><a name=\"Verdict\"> </a><a name=\"hcVerdict\"> </a><a name=\"Verdict-en-US\"> </a><p>This case-insensitive code system <code>https://kip.rkkp.dk/fhir/CodeSystem/Verdict</code> defines the following codes in an undefined hierarchy:</p><table class=\"codes\"><tr><td><b>Lvl</b></td><td style=\"white-space:nowrap\"><b>Code</b></td><td><b>Display</b></td><td><b>Definition</b></td></tr><tr><td>1</td><td style=\"white-space:nowrap\">ordinary_penalty<a name=\"Verdict-ordinary_penalty\"> </a></td><td>Almindelig straf</td><td>Almindelig straf</td></tr><tr><td>1</td><td style=\"white-space:nowrap\">placement_psychiatric_ward<a name=\"Verdict-placement_psychiatric_ward\"> </a></td><td>Dom til anbringelse i psykiatrisk afdeling</td><td>Dom til anbringelse i psykiatrisk afdeling</td></tr><tr><td>1</td><td style=\"white-space:nowrap\">placement_psychiatric_ward_etc<a name=\"Verdict-placement_psychiatric_ward_etc\"> </a></td><td>Dom til anbringelse på psykiatrisk afdeling etc.</td><td>Dom til anbringelse på psykiatrisk afdeling etc.</td></tr><tr><td>1</td><td style=\"white-space:nowrap\">placement_secure_ward<a name=\"Verdict-placement_secure_ward\"> </a></td><td>Dom til anbringelse på sikringsafdelingen</td><td>Dom til anbringelse på sikringsafdelingen</td></tr><tr><td>1</td><td style=\"white-space:nowrap\">treatment<a name=\"Verdict-treatment\"> </a></td><td>Dom til behandling på psykiatrisk afdeling</td><td>Dom til behandling på psykiatrisk afdeling</td></tr><tr><td>1</td><td style=\"white-space:nowrap\">treatment_correctional<a name=\"Verdict-treatment_correctional\"> </a></td><td>Dom til behandling på psykiatrisk afdeling med tilsyn af Kriminalforsorgen</td><td>Dom til behandling på psykiatrisk afdeling med tilsyn af Kriminalforsorgen</td></tr><tr><td>1</td><td style=\"white-space:nowrap\">treatment_outpatient<a name=\"Verdict-treatment_outpatient\"> </a></td><td>Dom til ambulant behandling ved psykiatrisk afdeling</td><td>Dom til ambulant behandling ved psykiatrisk afdeling</td></tr><tr><td>1</td><td style=\"white-space:nowrap\">treatment_outpatient_admission<a name=\"Verdict-treatment_outpatient_admission\"> </a></td><td>Dom til ambulant behandling ved psykiatrisk afdeling med mulighed for indlæggelse</td><td>Dom til ambulant behandling ved psykiatrisk afdeling med mulighed for indlæggelse</td></tr><tr><td>1</td><td style=\"white-space:nowrap\">treatment_outpatient_correctional<a name=\"Verdict-treatment_outpatient_correctional\"> </a></td><td>Dom til ambulant behandling ved psykiatrisk afdeling med tilsyn af Kriminalforsorgen</td><td>Dom til ambulant behandling ved psykiatrisk afdeling med tilsyn af Kriminalforsorgen</td></tr><tr><td>1</td><td style=\"white-space:nowrap\">treatment_outpatient_correctional_admission<a name=\"Verdict-treatment_outpatient_correctional_admission\"> </a></td><td>Dom til ambulant behandling ved psykiatrisk afdeling med tilsyn af Kriminalforsorgen og mulighed for indlæggelse</td><td>Dom til ambulant behandling ved psykiatrisk afdeling med tilsyn af Kriminalforsorgen og mulighed for indlæggelse</td></tr><tr><td>1</td><td style=\"white-space:nowrap\">sustainment<a name=\"Verdict-sustainment\"> </a></td><td>Sustainment</td><td>Sustainment / Opretholdelse</td></tr><tr><td>1</td><td style=\"white-space:nowrap\">extension_time<a name=\"Verdict-extension_time\"> </a></td><td>Extension, time</td><td>Extension, time / Forlængelse af længstetid</td></tr><tr><td>1</td><td style=\"white-space:nowrap\">extension_measure<a name=\"Verdict-extension_measure\"> </a></td><td>Extension, measure</td><td>Extension, measure / Forlængelse af foranstaltning</td></tr><tr><td>1</td><td style=\"white-space:nowrap\">cancellation<a name=\"Verdict-cancellation\"> </a></td><td>Cancellation</td><td>Cancellation / Ophævelse</td></tr><tr><td>2</td><td style=\"white-space:nowrap\">\u00a0\u00a0criminality<a name=\"Verdict-criminality\"> </a></td><td>Dom ophæves pga. ny kriminalitet, men ingen ny foranstaltning</td><td>Dom ophæves pga. ny kriminalitet, men ingen ny foranstaltning</td></tr><tr><td>2</td><td style=\"white-space:nowrap\">\u00a0\u00a0criminality_measure<a name=\"Verdict-criminality_measure\"> </a></td><td>Dom ophæves pga. ny kriminalitet og ny foranstaltning</td><td>Dom ophæves pga. ny kriminalitet og ny foranstaltning</td></tr><tr><td>2</td><td style=\"white-space:nowrap\">\u00a0\u00a0psychiatry<a name=\"Verdict-psychiatry\"> </a></td><td>Dom ophæves: patienten afsluttes til psykiatrien i sygehusregi eller egen læge</td><td>Dom ophæves: patienten afsluttes til psykiatrien i sygehusregi eller egen læge</td></tr><tr><td>2</td><td style=\"white-space:nowrap\">\u00a0\u00a0disease_expelled_travelled_missing<a name=\"Verdict-disease_expelled_travelled_missing\"> </a></td><td>Dom ophæves pga. alvorlig somatisk sygdom, udvist, udrejst eller forsvundet</td><td>Dom ophæves pga. alvorlig somatisk sygdom, udvist, udrejst eller forsvundet</td></tr><tr><td>2</td><td style=\"white-space:nowrap\">\u00a0\u00a0expire<a name=\"Verdict-expire\"> </a></td><td>Dom ophæves / udløbet (ingen ny kriminalitet)</td><td>Dom ophæves / udløbet (ingen ny kriminalitet)</td></tr><tr><td>1</td><td style=\"white-space:nowrap\">intensification<a name=\"Verdict-intensification\"> </a></td><td>Intesification</td><td>Intensification / Skærpelse</td></tr><tr><td>1</td><td style=\"white-space:nowrap\">relaxation<a name=\"Verdict-relaxation\"> </a></td><td>Relaxation</td><td>Relaxation / Lempelse</td></tr><tr><td>1</td><td style=\"white-space:nowrap\">change<a name=\"Verdict-change\"> </a></td><td>Change of verdict</td><td>Change of verdict / Ændring af dom</td></tr><tr><td>1</td><td style=\"white-space:nowrap\">pause<a name=\"Verdict-pause\"> </a></td><td>Pause of verdict</td><td>Pause of verdict / Pausering af dom</td></tr><tr><td>2</td><td style=\"white-space:nowrap\">\u00a0\u00a0expelled<a name=\"Verdict-expelled\"> </a></td><td>Cause of pause: Expelled</td><td>Cause of pause: Expelled / Udvist</td></tr><tr><td>2</td><td style=\"white-space:nowrap\">\u00a0\u00a0travelled_away<a name=\"Verdict-travelled_away\"> </a></td><td>Cause of pause: Travelled away</td><td>Cause of pause: Travelled away / Udrejst</td></tr><tr><td>2</td><td style=\"white-space:nowrap\">\u00a0\u00a0missing<a name=\"Verdict-missing\"> </a></td><td>Cause of pause: Missing</td><td>Cause of pause: Missing / Forsvundet</td></tr></table></div>"},"url":"https://kip.rkkp.dk/fhir/CodeSystem/Verdict","version":"2.9.3","name":"Verdict","title":"Verdict","status":"active","date":"2022-09-28T00:00:00+02:00","publisher":"Sundhedsvæsenets Kvalitetsinstitut with Trifork Digital Health A/S","contact":[{"name":"Sundhedsvæsenets Kvalitetsinstitut with Trifork Digital Health A/S","telecom":[{"system":"url","value":"https://trifork.com"},{"system":"email","value":"rbk@trifork.com"}]}],"description":"Verdict","caseSensitive":false,"content":"complete","count":26,"concept":[{"code":"ordinary_penalty","display":"Almindelig straf","definition":"Almindelig straf"},{"code":"placement_psychiatric_ward","display":"Dom til anbringelse i psykiatrisk afdeling","definition":"Dom til anbringelse i psykiatrisk afdeling"},{"code":"placement_psychiatric_ward_etc","display":"Dom til anbringelse på psykiatrisk afdeling etc.","definition":"Dom til anbringelse på psykiatrisk afdeling etc."},{"code":"placement_secure_ward","display":"Dom til anbringelse på sikringsafdelingen","definition":"Dom til anbringelse på sikringsafdelingen"},{"code":"treatment","display":"Dom til behandling på psykiatrisk afdeling","definition":"Dom til behandling på psykiatrisk afdeling"},{"code":"treatment_correctional","display":"Dom til behandling på psykiatrisk afdeling med tilsyn af Kriminalforsorgen","definition":"Dom til behandling på psykiatrisk afdeling med tilsyn af Kriminalforsorgen"},{"code":"treatment_outpatient","display":"Dom til ambulant behandling ved psykiatrisk afdeling","definition":"Dom til ambulant behandling ved psykiatrisk afdeling"},{"code":"treatment_outpatient_admission","display":"Dom til ambulant behandling ved psykiatrisk afdeling med mulighed for indlæggelse","definition":"Dom til ambulant behandling ved psykiatrisk afdeling med mulighed for indlæggelse"},{"code":"treatment_outpatient_correctional","display":"Dom til ambulant behandling ved psykiatrisk afdeling med tilsyn af Kriminalforsorgen","definition":"Dom til ambulant behandling ved psykiatrisk afdeling med tilsyn af Kriminalforsorgen"},{"code":"treatment_outpatient_correctional_admission","display":"Dom til ambulant behandling ved psykiatrisk afdeling med tilsyn af Kriminalforsorgen og mulighed for indlæggelse","definition":"Dom til ambulant behandling ved psykiatrisk afdeling med tilsyn af Kriminalforsorgen og mulighed for indlæggelse"},{"code":"sustainment","display":"Sustainment","definition":"Sustainment / Opretholdelse"},{"code":"extension_time","display":"Extension, time","definition":"Extension, time / Forlængelse af længstetid"},{"code":"extension_measure","display":"Extension, measure","definition":"Extension, measure / Forlængelse af foranstaltning"},{"code":"cancellation","display":"Cancellation","definition":"Cancellation / Ophævelse","concept":[{"code":"criminality","display":"Dom ophæves pga. ny kriminalitet, men ingen ny foranstaltning","definition":"Dom ophæves pga. ny kriminalitet, men ingen ny foranstaltning"},{"code":"criminality_measure","display":"Dom ophæves pga. ny kriminalitet og ny foranstaltning","definition":"Dom ophæves pga. ny kriminalitet og ny foranstaltning"},{"code":"psychiatry","display":"Dom ophæves: patienten afsluttes til psykiatrien i sygehusregi eller egen læge","definition":"Dom ophæves: patienten afsluttes til psykiatrien i sygehusregi eller egen læge"},{"code":"disease_expelled_travelled_missing","display":"Dom ophæves pga. alvorlig somatisk sygdom, udvist, udrejst eller forsvundet","definition":"Dom ophæves pga. alvorlig somatisk sygdom, udvist, udrejst eller forsvundet"},{"code":"expire","display":"Dom ophæves / udløbet (ingen ny kriminalitet)","definition":"Dom ophæves / udløbet (ingen ny kriminalitet)"}]},{"code":"intensification","display":"Intesification","definition":"Intensification / Skærpelse"},{"code":"relaxation","display":"Relaxation","definition":"Relaxation / Lempelse"},{"code":"change","display":"Change of verdict","definition":"Change of verdict / Ændring af dom"},{"code":"pause","display":"Pause of verdict","definition":"Pause of verdict / Pausering af dom","concept":[{"code":"expelled","display":"Cause of pause: Expelled","definition":"Cause of pause: Expelled / Udvist"},{"code":"travelled_away","display":"Cause of pause: Travelled away","definition":"Cause of pause: Travelled away / Udrejst"},{"code":"missing","display":"Cause of pause: Missing","definition":"Cause of pause: Missing / Forsvundet"}]}]}