{"resourceType":"CodeSystem","id":"PersonFamilyRelation","text":{"status":"generated","div":"<div xmlns=\"http://www.w3.org/1999/xhtml\"><p class=\"res-header-id\"><b>Generated Narrative: CodeSystem PersonFamilyRelation</b></p><a name=\"PersonFamilyRelation\"> </a><a name=\"hcPersonFamilyRelation\"> </a><a name=\"PersonFamilyRelation-en-US\"> </a><p>This case-sensitive code system <code>https://kip.rkkp.dk/fhir/CodeSystem/PersonFamilyRelation</code> defines the following codes:</p><table class=\"codes\"><tr><td style=\"white-space:nowrap\"><b>Code</b></td><td><b>Display</b></td><td><b>Definition</b></td></tr><tr><td style=\"white-space:nowrap\">person_family<a name=\"PersonFamilyRelation-person_family\"> </a></td><td>Person in the family</td><td>Person in the family / SNOMED-CT: 303071001</td></tr><tr><td style=\"white-space:nowrap\">non_family_member<a name=\"PersonFamilyRelation-non_family_member\"> </a></td><td>Non-family member</td><td>Non-family member / SNOMED-CT: 394863008</td></tr><tr><td style=\"white-space:nowrap\">twin_sibling<a name=\"PersonFamilyRelation-twin_sibling\"> </a></td><td>Twin sibling</td><td>Twin sibling / SNODMED-CT: 11286003</td></tr></table></div>"},"url":"https://kip.rkkp.dk/fhir/CodeSystem/PersonFamilyRelation","version":"2.9.3","name":"PersonFamilyRelation","title":"Person relation; relation to another person","status":"active","date":"2022-06-07T00:00:00+02:00","publisher":"Sundhedsvæsenets Kvalitetsinstitut with Trifork Digital Health A/S","contact":[{"name":"Sundhedsvæsenets Kvalitetsinstitut with Trifork Digital Health A/S","telecom":[{"system":"url","value":"https://trifork.com"},{"system":"email","value":"rbk@trifork.com"}]}],"description":"Person relation; relation to another person","caseSensitive":true,"content":"complete","count":3,"concept":[{"code":"person_family","display":"Person in the family","definition":"Person in the family / SNOMED-CT: 303071001"},{"code":"non_family_member","display":"Non-family member","definition":"Non-family member / SNOMED-CT: 394863008"},{"code":"twin_sibling","display":"Twin sibling","definition":"Twin sibling / SNODMED-CT: 11286003"}]}