{"resourceType":"CodeSystem","id":"Periods","text":{"status":"generated","div":"<div xmlns=\"http://www.w3.org/1999/xhtml\"><p class=\"res-header-id\"><b>Generated Narrative: CodeSystem Periods</b></p><a name=\"Periods\"> </a><a name=\"hcPeriods\"> </a><a name=\"Periods-en-US\"> </a><p>This  code system <code>https://kip.rkkp.dk/fhir/CodeSystem/Periods</code> defines the following codes:</p><table class=\"codes\"><tr><td style=\"white-space:nowrap\"><b>Code</b></td><td><b>Display</b></td><td><b>Definition</b></td></tr><tr><td style=\"white-space:nowrap\">day<a name=\"Periods-day\"> </a></td><td>Day</td><td>Dag</td></tr><tr><td style=\"white-space:nowrap\">week<a name=\"Periods-week\"> </a></td><td>Week</td><td>Uge</td></tr><tr><td style=\"white-space:nowrap\">month<a name=\"Periods-month\"> </a></td><td>Month</td><td>Måned</td></tr><tr><td style=\"white-space:nowrap\">quarter<a name=\"Periods-quarter\"> </a></td><td>Quarter</td><td>Kvartal</td></tr><tr><td style=\"white-space:nowrap\">year<a name=\"Periods-year\"> </a></td><td>Year</td><td>År</td></tr></table></div>"},"url":"https://kip.rkkp.dk/fhir/CodeSystem/Periods","version":"2.9.3","name":"Periods","title":"Perioder","status":"active","date":"2022-11-21T00:00:00+02:00","publisher":"Sundhedsvæsenets Kvalitetsinstitut with Trifork Digital Health A/S","contact":[{"name":"Sundhedsvæsenets Kvalitetsinstitut with Trifork Digital Health A/S","telecom":[{"system":"url","value":"https://trifork.com"},{"system":"email","value":"rbk@trifork.com"}]}],"description":"Kalendermæssige perioder","content":"complete","count":5,"concept":[{"code":"day","display":"Day","definition":"Dag"},{"code":"week","display":"Week","definition":"Uge"},{"code":"month","display":"Month","definition":"Måned"},{"code":"quarter","display":"Quarter","definition":"Kvartal"},{"code":"year","display":"Year","definition":"År"}]}