{"resourceType":"CodeSystem","id":"Intervals","text":{"status":"generated","div":"<div xmlns=\"http://www.w3.org/1999/xhtml\"><p class=\"res-header-id\"><b>Generated Narrative: CodeSystem Intervals</b></p><a name=\"Intervals\"> </a><a name=\"hcIntervals\"> </a><a name=\"Intervals-en-US\"> </a><p>This case-insensitive code system <code>https://kip.rkkp.dk/fhir/CodeSystem/Intervals</code> defines the following codes:</p><table class=\"codes\"><tr><td style=\"white-space:nowrap\"><b>Code</b></td><td><b>Definition</b></td></tr><tr><td style=\"white-space:nowrap\">&lt;0<a name=\"Intervals-.600\"> </a></td><td>&lt;0</td></tr><tr><td style=\"white-space:nowrap\">=&lt;1<a name=\"Intervals-.61.601\"> </a></td><td>=&lt;1</td></tr><tr><td style=\"white-space:nowrap\">&gt;1<a name=\"Intervals-.621\"> </a></td><td>&gt;1</td></tr><tr><td style=\"white-space:nowrap\">=&lt;2<a name=\"Intervals-.61.602\"> </a></td><td>=&lt;2</td></tr><tr><td style=\"white-space:nowrap\">&gt;2<a name=\"Intervals-.622\"> </a></td><td>&gt;2</td></tr><tr><td style=\"white-space:nowrap\">&gt;3<a name=\"Intervals-.623\"> </a></td><td>&gt;3</td></tr><tr><td style=\"white-space:nowrap\">&lt;5<a name=\"Intervals-.605\"> </a></td><td>&lt;5</td></tr><tr><td style=\"white-space:nowrap\">=&lt;5<a name=\"Intervals-.61.605\"> </a></td><td>=&lt;5</td></tr><tr><td style=\"white-space:nowrap\">&gt;5<a name=\"Intervals-.625\"> </a></td><td>&gt;5</td></tr><tr><td style=\"white-space:nowrap\">=&lt;6<a name=\"Intervals-.61.606\"> </a></td><td>=&lt;6</td></tr><tr><td style=\"white-space:nowrap\">&gt;6<a name=\"Intervals-.626\"> </a></td><td>&gt;6</td></tr><tr><td style=\"white-space:nowrap\">&lt;8<a name=\"Intervals-.608\"> </a></td><td>&lt;8</td></tr><tr><td style=\"white-space:nowrap\">=&gt;8<a name=\"Intervals-.61.628\"> </a></td><td>=&gt;8</td></tr><tr><td style=\"white-space:nowrap\">&gt;10<a name=\"Intervals-.6210\"> </a></td><td>&gt;10</td></tr><tr><td style=\"white-space:nowrap\">&gt;14<a name=\"Intervals-.6214\"> </a></td><td>&gt;14</td></tr><tr><td style=\"white-space:nowrap\">=&lt;15<a name=\"Intervals-.61.6015\"> </a></td><td>=&lt;15</td></tr><tr><td style=\"white-space:nowrap\">&gt;15<a name=\"Intervals-.6215\"> </a></td><td>&gt;15</td></tr><tr><td style=\"white-space:nowrap\">1-2<a name=\"Intervals-1-2\"> </a></td><td>1-2</td></tr><tr><td style=\"white-space:nowrap\">2-3<a name=\"Intervals-2-3\"> </a></td><td>2-3</td></tr><tr><td style=\"white-space:nowrap\">0-4<a name=\"Intervals-0-4\"> </a></td><td>0-4</td></tr><tr><td style=\"white-space:nowrap\">5-9<a name=\"Intervals-5-9\"> </a></td><td>5-9</td></tr><tr><td style=\"white-space:nowrap\">5-10<a name=\"Intervals-5-10\"> </a></td><td>5-10</td></tr><tr><td style=\"white-space:nowrap\">10-14<a name=\"Intervals-10-14\"> </a></td><td>10-14</td></tr><tr><td style=\"white-space:nowrap\">11-15<a name=\"Intervals-11-15\"> </a></td><td>11-15</td></tr></table></div>"},"url":"https://kip.rkkp.dk/fhir/CodeSystem/Intervals","version":"2.9.3","name":"Intervals","title":"Intervals","status":"active","date":"2022-09-19T00:00:00+02:00","publisher":"Sundhedsvæsenets Kvalitetsinstitut with Trifork Digital Health A/S","contact":[{"name":"Sundhedsvæsenets Kvalitetsinstitut with Trifork Digital Health A/S","telecom":[{"system":"url","value":"https://trifork.com"},{"system":"email","value":"rbk@trifork.com"}]}],"description":"Intervals. Generic intervals.","caseSensitive":false,"content":"complete","count":24,"concept":[{"code":"<0","display":"<0","definition":"<0"},{"code":"=<1","display":"=<1","definition":"=<1"},{"code":">1","display":">1","definition":">1"},{"code":"=<2","display":"=<2","definition":"=<2"},{"code":">2","display":">2","definition":">2"},{"code":">3","display":">3","definition":">3"},{"code":"<5","display":"<5","definition":"<5"},{"code":"=<5","display":"=<5","definition":"=<5"},{"code":">5","display":">5","definition":">5"},{"code":"=<6","display":"=<6","definition":"=<6"},{"code":">6","display":">6","definition":">6"},{"code":"<8","display":"<8","definition":"<8"},{"code":"=>8","display":"=>8","definition":"=>8"},{"code":">10","display":">10","definition":">10"},{"code":">14","display":">14","definition":">14"},{"code":"=<15","display":"=<15","definition":"=<15"},{"code":">15","display":">15","definition":">15"},{"code":"1-2","display":"1-2","definition":"1-2"},{"code":"2-3","display":"2-3","definition":"2-3"},{"code":"0-4","display":"0-4","definition":"0-4"},{"code":"5-9","display":"5-9","definition":"5-9"},{"code":"5-10","display":"5-10","definition":"5-10"},{"code":"10-14","display":"10-14","definition":"10-14"},{"code":"11-15","display":"11-15","definition":"11-15"}]}