{"resourceType":"ValueSet","id":"MaalingCalcium","text":{"status":"extensions","div":"<div xmlns=\"http://www.w3.org/1999/xhtml\"><p class=\"res-header-id\"><b>Generated Narrative: ValueSet MaalingCalcium</b></p><a name=\"MaalingCalcium\"> </a><a name=\"hcMaalingCalcium\"> </a><a name=\"MaalingCalcium-en-US\"> </a><ul><li>Include these codes as defined in <a href=\"CodeSystem-CalciumType.html\"><code>https://kip.rkkp.dk/fhir/CodeSystem/CalciumType</code></a><table class=\"none\"><tr><td style=\"white-space:nowrap\"><b>Code</b></td><td><b>Display</b></td><td><b>Definition</b></td></tr><tr><td><a href=\"CodeSystem-CalciumType.html#CalciumType-albumin_corrected\">albumin_corrected</a></td><td>Albuminkorrigeret</td><td>Albumin corrected / Albuminkorrigeret</td></tr><tr><td><a href=\"CodeSystem-CalciumType.html#CalciumType-ionized\">ionized</a></td><td>Ioniseret</td><td>Ionized / Ioniseret</td></tr></table></li></ul></div>"},"url":"https://kip.rkkp.dk/fhir/ValueSet/MaalingCalcium","version":"2.9.3","name":"MaalingCalcium","title":"Måling, calcium","status":"active","experimental":true,"date":"2022-09-19T00:00:00+02:00","publisher":"Sundhedsvæsenets Kvalitetsinstitut with Trifork Digital Health A/S","contact":[{"name":"Sundhedsvæsenets Kvalitetsinstitut with Trifork Digital Health A/S","telecom":[{"system":"url","value":"https://trifork.com"},{"system":"email","value":"rbk@trifork.com"}]}],"description":"Måling, calcium","compose":{"include":[{"system":"https://kip.rkkp.dk/fhir/CodeSystem/CalciumType","concept":[{"code":"albumin_corrected","display":"Albuminkorrigeret"},{"code":"ionized","display":"Ioniseret"}]}]}}