{"resourceType":"ValueSet","id":"DomOphaevelseAarsagRETSPSYK","text":{"status":"extensions","div":"<div xmlns=\"http://www.w3.org/1999/xhtml\"><p class=\"res-header-id\"><b>Generated Narrative: ValueSet DomOphaevelseAarsagRETSPSYK</b></p><a name=\"DomOphaevelseAarsagRETSPSYK\"> </a><a name=\"hcDomOphaevelseAarsagRETSPSYK\"> </a><a name=\"DomOphaevelseAarsagRETSPSYK-en-US\"> </a><ul><li>Include these codes as defined in <a href=\"CodeSystem-Verdict.html\"><code>https://kip.rkkp.dk/fhir/CodeSystem/Verdict</code></a><table class=\"none\"><tr><td style=\"white-space:nowrap\"><b>Code</b></td><td><b>Display</b></td><td><b>Definition</b></td></tr><tr><td><a href=\"CodeSystem-Verdict.html#Verdict-criminality\">criminality</a></td><td>Dom ophæves pga. ny kriminalitet, men ingen ny foranstaltning i psykiatrien</td><td>Dom ophæves pga. ny kriminalitet, men ingen ny foranstaltning</td></tr><tr><td><a href=\"CodeSystem-Verdict.html#Verdict-criminality_measure\">criminality_measure</a></td><td>Dom ophæves pga. ny kriminalitet og ny foranstaltning i psykiatrien</td><td>Dom ophæves pga. ny kriminalitet og ny foranstaltning</td></tr><tr><td><a href=\"CodeSystem-Verdict.html#Verdict-expire\">expire</a></td><td>Dom ophæves / udløbet (ingen ny kriminalitet)</td><td>Dom ophæves / udløbet (ingen ny kriminalitet)</td></tr></table></li></ul></div>"},"url":"https://kip.rkkp.dk/fhir/ValueSet/DomOphaevelseAarsagRETSPSYK","version":"2.9.3","name":"DomOphaevelseAarsagRETSPSYK","title":"Dom - Ophævelse, årsag (RETSPSYK)","status":"active","experimental":true,"date":"2022-10-03T00:00:00+02:00","publisher":"Sundhedsvæsenets Kvalitetsinstitut with Trifork Digital Health A/S","contact":[{"name":"Sundhedsvæsenets Kvalitetsinstitut with Trifork Digital Health A/S","telecom":[{"system":"url","value":"https://trifork.com"},{"system":"email","value":"rbk@trifork.com"}]}],"description":"Dom - Ophævelse, årsag (RETSPSYK)","compose":{"include":[{"system":"https://kip.rkkp.dk/fhir/CodeSystem/Verdict","concept":[{"code":"criminality","display":"Dom ophæves pga. ny kriminalitet, men ingen ny foranstaltning i psykiatrien"},{"code":"criminality_measure","display":"Dom ophæves pga. ny kriminalitet og ny foranstaltning i psykiatrien"},{"code":"expire","display":"Dom ophæves / udløbet (ingen ny kriminalitet)"}]}]}}