{"resourceType":"ValueSet","id":"ImagingAngio","text":{"status":"extensions","div":"<div xmlns=\"http://www.w3.org/1999/xhtml\"><p class=\"res-header-id\"><b>Generated Narrative: ValueSet ImagingAngio</b></p><a name=\"ImagingAngio\"> </a><a name=\"hcImagingAngio\"> </a><a name=\"ImagingAngio-en-US\"> </a><ul><li>Include these codes as defined in <a href=\"CodeSystem-MedicalScanningTypes.html\"><code>https://kip.rkkp.dk/fhir/CodeSystem/MedicalScanningTypes</code></a><table class=\"none\"><tr><td style=\"white-space:nowrap\"><b>Code</b></td><td><b>Display</b></td><td><b>Definition</b></td></tr><tr><td><a href=\"CodeSystem-MedicalScanningTypes.html#MedicalScanningTypes-ct_angio\">ct_angio</a></td><td>CT angio</td><td>CT angio</td></tr><tr><td><a href=\"CodeSystem-MedicalScanningTypes.html#MedicalScanningTypes-mri_angio\">mri_angio</a></td><td>MR angio</td><td>MR angio</td></tr></table></li></ul></div>"},"url":"https://kip.rkkp.dk/fhir/ValueSet/ImagingAngio","version":"2.9.3","name":"ImagingAngio","title":"Imaging Angio","status":"active","experimental":true,"date":"2024-04-29T00:00:00+02:00","publisher":"Sundhedsvæsenets Kvalitetsinstitut with Trifork Digital Health A/S","contact":[{"name":"Sundhedsvæsenets Kvalitetsinstitut with Trifork Digital Health A/S","telecom":[{"system":"url","value":"https://trifork.com"},{"system":"email","value":"rbk@trifork.com"}]}],"description":"Imaging Angio","compose":{"include":[{"system":"https://kip.rkkp.dk/fhir/CodeSystem/MedicalScanningTypes","concept":[{"code":"ct_angio","display":"CT angio"},{"code":"mri_angio","display":"MR angio"}]}]}}