{"resourceType":"ValueSet","id":"DomBehandlingRETSPSYK","text":{"status":"extensions","div":"<div xmlns=\"http://www.w3.org/1999/xhtml\"><p class=\"res-header-id\"><b>Generated Narrative: ValueSet DomBehandlingRETSPSYK</b></p><a name=\"DomBehandlingRETSPSYK\"> </a><a name=\"hcDomBehandlingRETSPSYK\"> </a><a name=\"DomBehandlingRETSPSYK-en-US\"> </a><ul><li>Include these codes as defined in <a href=\"CodeSystem-Verdict.html\"><code>https://kip.rkkp.dk/fhir/CodeSystem/Verdict</code></a><table class=\"none\"><tr><td style=\"white-space:nowrap\"><b>Code</b></td><td><b>Display</b></td><td><b>Definition</b></td></tr><tr><td><a href=\"CodeSystem-Verdict.html#Verdict-treatment_correctional\">treatment_correctional</a></td><td>Dom til behandling på psykiatrisk afdeling med tilsyn af Kriminalforsorgen etc.</td><td>Dom til behandling på psykiatrisk afdeling med tilsyn af Kriminalforsorgen</td></tr><tr><td><a href=\"CodeSystem-Verdict.html#Verdict-treatment\">treatment</a></td><td>Dom til behandling på psykiatrisk afdeling etc.</td><td>Dom til behandling på psykiatrisk afdeling</td></tr></table></li></ul></div>"},"url":"https://kip.rkkp.dk/fhir/ValueSet/DomBehandlingRETSPSYK","version":"2.9.3","name":"DomBehandlingRETSPSYK","title":"Dom - Behandling (RETSPSYK)","status":"active","experimental":true,"date":"2022-09-28T00:00:00+02:00","publisher":"Sundhedsvæsenets Kvalitetsinstitut with Trifork Digital Health A/S","contact":[{"name":"Sundhedsvæsenets Kvalitetsinstitut with Trifork Digital Health A/S","telecom":[{"system":"url","value":"https://trifork.com"},{"system":"email","value":"rbk@trifork.com"}]}],"description":"Dom - Behandling (RETSPSYK)","compose":{"include":[{"system":"https://kip.rkkp.dk/fhir/CodeSystem/Verdict","concept":[{"code":"treatment_correctional","display":"Dom til behandling på psykiatrisk afdeling med tilsyn af Kriminalforsorgen etc."},{"code":"treatment","display":"Dom til behandling på psykiatrisk afdeling etc."}]}]}}