{"resourceType":"ValueSet","id":"LokationLymphomas","text":{"status":"extensions","div":"<div xmlns=\"http://www.w3.org/1999/xhtml\"><p class=\"res-header-id\"><b>Generated Narrative: ValueSet LokationLymphomas</b></p><a name=\"LokationLymphomas\"> </a><a name=\"hcLokationLymphomas\"> </a><a name=\"LokationLymphomas-en-US\"> </a><ul><li>Include these codes as defined in <a href=\"CodeSystem-DiseaseLocalization.html\"><code>https://kip.rkkp.dk/fhir/CodeSystem/DiseaseLocalization</code></a><table class=\"none\"><tr><td style=\"white-space:nowrap\"><b>Code</b></td><td><b>Display</b></td><td><b>Definition</b></td></tr><tr><td><a href=\"CodeSystem-DiseaseLocalization.html#DiseaseLocalization-nodal\">nodal</a></td><td>Nodalt</td><td>Only nodal / Kun nodalt</td></tr><tr><td><a href=\"CodeSystem-DiseaseLocalization.html#DiseaseLocalization-extranodel\">extranodel</a></td><td>Ekstranodalt</td><td>Only extranodal / Kun ekstranodalt</td></tr></table></li></ul></div>"},"url":"https://kip.rkkp.dk/fhir/ValueSet/LokationLymphomas","version":"2.9.3","name":"LokationLymphomas","title":"Sygdomsudbredelse i lymfe områder","status":"active","experimental":true,"date":"2022-06-08T00:00:00+02:00","publisher":"Sundhedsvæsenets Kvalitetsinstitut with Trifork Digital Health A/S","contact":[{"name":"Sundhedsvæsenets Kvalitetsinstitut with Trifork Digital Health A/S","telecom":[{"system":"url","value":"https://trifork.com"},{"system":"email","value":"rbk@trifork.com"}]}],"description":"Sygdomsudbredelse i lymfe områder","compose":{"include":[{"system":"https://kip.rkkp.dk/fhir/CodeSystem/DiseaseLocalization","concept":[{"code":"nodal","display":"Nodalt"},{"code":"extranodel","display":"Ekstranodalt"}]}]}}