{"resourceType":"ValueSet","id":"BehandlingCML","text":{"status":"extensions","div":"<div xmlns=\"http://www.w3.org/1999/xhtml\"><p class=\"res-header-id\"><b>Generated Narrative: ValueSet BehandlingCML</b></p><a name=\"BehandlingCML\"> </a><a name=\"hcBehandlingCML\"> </a><a name=\"BehandlingCML-en-US\"> </a><p>This value set includes codes based on the following rules:</p><ul><li>Include these codes as defined in <a href=\"CodeSystem-ATC.html\"><code>https://kip.rkkp.dk/fhir/CodeSystem/ATC</code></a><table class=\"none\"><tr><td style=\"white-space:nowrap\"><b>Code</b></td><td><b>Display</b></td><td><b>Definition</b></td></tr><tr><td><a href=\"CodeSystem-ATC.html#ATC-L01EA06\">L01EA06</a></td><td>Asciminib</td><td>L01EA06 - Asciminib</td></tr><tr><td><a href=\"CodeSystem-ATC.html#ATC-L01XX05\">L01XX05</a></td><td>Hydroxycarbamide</td><td>L01XX05 - hydroxycarbamide</td></tr><tr><td><a href=\"CodeSystem-ATC.html#ATC-L01EA01\">L01EA01</a></td><td>Imatinib</td><td>L01EA01 - imatinib</td></tr><tr><td><a href=\"CodeSystem-ATC.html#ATC-L01EA02\">L01EA02</a></td><td>Dasatinib</td><td>L01EA02 - dasatinib</td></tr><tr><td><a href=\"CodeSystem-ATC.html#ATC-L01EA03\">L01EA03</a></td><td>Nilotinib</td><td>L01EA03 - nilotinib</td></tr><tr><td><a href=\"CodeSystem-ATC.html#ATC-L03AB\">L03AB</a></td><td>Interferon</td><td>L03AB - Interferons</td></tr><tr><td><a href=\"CodeSystem-ATC.html#ATC-L01EA04\">L01EA04</a></td><td>Bosutinib</td><td>L01EA04 - bosutinib</td></tr><tr><td><a href=\"CodeSystem-ATC.html#ATC-L01EA05\">L01EA05</a></td><td>Ponatinib</td><td>L01EA05 - ponatinib</td></tr></table></li><li>Include these codes as defined in <a href=\"CodeSystem-ATCMixedCodes.html\"><code>https://kip.rkkp.dk/fhir/CodeSystem/ATCMixedCodes</code></a><table class=\"none\"><tr><td style=\"white-space:nowrap\"><b>Code</b></td><td><b>Display</b></td><td><b>Definition</b></td></tr><tr><td><a href=\"CodeSystem-ATCMixedCodes.html#ATCMixedCodes-tki\">tki</a></td><td>Anden TKI behandling</td><td>TKI (Tyrosine kinase inhibitors)</td></tr></table></li><li>Include these codes as defined in <a href=\"CodeSystem-GenericValues.html\"><code>https://kip.rkkp.dk/fhir/CodeSystem/GenericValues</code></a><table class=\"none\"><tr><td style=\"white-space:nowrap\"><b>Code</b></td><td><b>Display</b></td><td><b>Definition</b></td></tr><tr><td><a href=\"CodeSystem-GenericValues.html#GenericValues-other\">other</a></td><td>Anden behandling</td><td>Other - used to choose unspecific value not in a valueset</td></tr></table></li></ul></div>"},"url":"https://kip.rkkp.dk/fhir/ValueSet/BehandlingCML","version":"2.9.3","name":"BehandlingCML","title":"Behandling (CML)","status":"active","experimental":true,"date":"2022-07-18T00:00:00+02:00","publisher":"Sundhedsvæsenets Kvalitetsinstitut with Trifork Digital Health A/S","contact":[{"name":"Sundhedsvæsenets Kvalitetsinstitut with Trifork Digital Health A/S","telecom":[{"system":"url","value":"https://trifork.com"},{"system":"email","value":"rbk@trifork.com"}]}],"description":"Behandling (CML)","compose":{"include":[{"system":"https://kip.rkkp.dk/fhir/CodeSystem/ATC","concept":[{"code":"L01EA06","display":"Asciminib"},{"code":"L01XX05","display":"Hydroxycarbamide"},{"code":"L01EA01","display":"Imatinib"},{"code":"L01EA02","display":"Dasatinib"},{"code":"L01EA03","display":"Nilotinib"},{"code":"L03AB","display":"Interferon"},{"code":"L01EA04","display":"Bosutinib"},{"code":"L01EA05","display":"Ponatinib"}]},{"system":"https://kip.rkkp.dk/fhir/CodeSystem/ATCMixedCodes","concept":[{"code":"tki","display":"Anden TKI behandling"}]},{"system":"https://kip.rkkp.dk/fhir/CodeSystem/GenericValues","concept":[{"code":"other","display":"Anden behandling"}]}]}}