{"resourceType":"ValueSet","id":"SygdomsomraaderAlle","text":{"status":"extensions","div":"<div xmlns=\"http://www.w3.org/1999/xhtml\"><p class=\"res-header-id\"><b>Generated Narrative: ValueSet SygdomsomraaderAlle</b></p><a name=\"SygdomsomraaderAlle\"> </a><a name=\"hcSygdomsomraaderAlle\"> </a><a name=\"SygdomsomraaderAlle-en-US\"> </a><ul><li>Include these codes as defined in <a href=\"CodeSystem-Sygdomsomraader.html\"><code>https://kip.rkkp.dk/fhir/CodeSystem/Sygdomsomraader</code></a><table class=\"none\"><tr><td style=\"white-space:nowrap\"><b>Code</b></td><td><b>Display</b></td><td><b>Definition</b></td></tr><tr><td><a href=\"CodeSystem-Sygdomsomraader.html#Sygdomsomraader-ald\">ald</a></td><td>ALD</td><td>Dansk Akut Leukæmi Database</td></tr><tr><td><a href=\"CodeSystem-Sygdomsomraader.html#Sygdomsomraader-cll\">cll</a></td><td>CLL</td><td>Dansk Kronisk Lymfatisk Leukæmi Database</td></tr><tr><td><a href=\"CodeSystem-Sygdomsomraader.html#Sygdomsomraader-dad\">dad</a></td><td>DAD</td><td>Dansk Anæstesi Database</td></tr><tr><td><a href=\"CodeSystem-Sygdomsomraader.html#Sygdomsomraader-damyda\">damyda</a></td><td>DAMYDA</td><td>Dansk Myelomatose Database</td></tr><tr><td><a href=\"CodeSystem-Sygdomsomraader.html#Sygdomsomraader-danaks\">danaks</a></td><td>DANAKS</td><td>Dansk Register for Akut Koronart Syndrom</td></tr><tr><td><a href=\"CodeSystem-Sygdomsomraader.html#Sygdomsomraader-danarrest\">danarrest</a></td><td>DANARREST</td><td>DANARREST - Registrering af hjertestop på hospital</td></tr><tr><td><a href=\"CodeSystem-Sygdomsomraader.html#Sygdomsomraader-dandem\">dandem</a></td><td>DANDEM</td><td>Dansk Klinisk Kvalitetsdatabase for Demens</td></tr><tr><td><a href=\"CodeSystem-Sygdomsomraader.html#Sygdomsomraader-danstroke\">danstroke</a></td><td>DANSTROKE</td><td>Dansk Stroke Register</td></tr><tr><td><a href=\"CodeSystem-Sygdomsomraader.html#Sygdomsomraader-dccg\">dccg</a></td><td>DCCG</td><td>Dansk Kolorektal Cancer Database</td></tr><tr><td><a href=\"CodeSystem-Sygdomsomraader.html#Sygdomsomraader-degc\">degc</a></td><td>DEGC</td><td>Dansk EsophagoGastrisk Cancer Gruppe database</td></tr><tr><td><a href=\"CodeSystem-Sygdomsomraader.html#Sygdomsomraader-dhd\">dhd</a></td><td>DHD</td><td>Dansk Hjertesvigts Database</td></tr><tr><td><a href=\"CodeSystem-Sygdomsomraader.html#Sygdomsomraader-dhdb\">dhdb</a></td><td>DHDB</td><td>Dansk Hernie Database</td></tr><tr><td><a href=\"CodeSystem-Sygdomsomraader.html#Sygdomsomraader-dhr\">dhr</a></td><td>DHR</td><td>Dansk Hoftealloplastik Register</td></tr><tr><td><a href=\"CodeSystem-Sygdomsomraader.html#Sygdomsomraader-dkr\">dkr</a></td><td>DKR</td><td>Dansk Knæalloplastik Register</td></tr><tr><td><a href=\"CodeSystem-Sygdomsomraader.html#Sygdomsomraader-dkrr\">dkrr</a></td><td>DKRR</td><td>Dansk Korsbåndsregister</td></tr><tr><td><a href=\"CodeSystem-Sygdomsomraader.html#Sygdomsomraader-dmpn\">dmpn</a></td><td>DMPN</td><td>Dansk Database for Kroniske Myeloproliferative Neoplasier</td></tr><tr><td><a href=\"CodeSystem-Sygdomsomraader.html#Sygdomsomraader-dnsl\">dnsl</a></td><td>DNSL</td><td>Dansk Nefrologisk Selskabs Landsregister</td></tr><tr><td><a href=\"CodeSystem-Sygdomsomraader.html#Sygdomsomraader-dpd\">dpd</a></td><td>DPD</td><td>Dansk Palliativ Database</td></tr><tr><td><a href=\"CodeSystem-Sygdomsomraader.html#Sygdomsomraader-dsr\">dsr</a></td><td>DSR</td><td>Dansk Skulderalloplastik Register</td></tr><tr><td><a href=\"CodeSystem-Sygdomsomraader.html#Sygdomsomraader-dts\">dts</a></td><td>DTS</td><td>Dansk Tarmkræftscreeningsdataabase</td></tr><tr><td><a href=\"CodeSystem-Sygdomsomraader.html#Sygdomsomraader-duga\">duga</a></td><td>DUGA</td><td>Dansk Urogynækologisk Database</td></tr><tr><td><a href=\"CodeSystem-Sygdomsomraader.html#Sygdomsomraader-hofter\">hofter</a></td><td>HOFTER</td><td>Dansk Tværfagligt Register for Hoftenære Lårbensbrud</td></tr><tr><td><a href=\"CodeSystem-Sygdomsomraader.html#Sygdomsomraader-kar\">kar</a></td><td>KAR</td><td>Landsregistret Karbase</td></tr><tr><td><a href=\"CodeSystem-Sygdomsomraader.html#Sygdomsomraader-lyfo\">lyfo</a></td><td>LYFO</td><td>Dansk Lymfom Database</td></tr><tr><td><a href=\"CodeSystem-Sygdomsomraader.html#Sygdomsomraader-mds\">mds</a></td><td>MDS</td><td>Myelodysplastisk Neoplasi Database</td></tr><tr><td><a href=\"CodeSystem-Sygdomsomraader.html#Sygdomsomraader-retspsyk\">retspsyk</a></td><td>RETSPSYK</td><td>Dansk Retspsykiatrisk Database</td></tr><tr><td><a href=\"CodeSystem-Sygdomsomraader.html#Sygdomsomraader-hemgenix\">hemgenix</a></td><td>HEMGENIX (Amgros)</td><td>Amgros – Hemgenix, effektmål til kontrakt</td></tr></table></li></ul></div>"},"url":"https://kip.rkkp.dk/fhir/ValueSet/SygdomsomraaderAlle","version":"2.9.3","name":"SygdomsomraaderAlle","title":"Sygdomsområder - alle","status":"active","experimental":true,"date":"2023-05-10T00:00:00+02:00","publisher":"Sundhedsvæsenets Kvalitetsinstitut with Trifork Digital Health A/S","contact":[{"name":"Sundhedsvæsenets Kvalitetsinstitut with Trifork Digital Health A/S","telecom":[{"system":"url","value":"https://trifork.com"},{"system":"email","value":"rbk@trifork.com"}]}],"description":"Alle Sygdomsområder i KIP","compose":{"include":[{"system":"https://kip.rkkp.dk/fhir/CodeSystem/Sygdomsomraader","concept":[{"code":"ald","display":"ALD"},{"code":"cll","display":"CLL"},{"code":"dad","display":"DAD"},{"code":"damyda","display":"DAMYDA"},{"code":"danaks","display":"DANAKS"},{"code":"danarrest","display":"DANARREST"},{"code":"dandem","display":"DANDEM"},{"code":"danstroke","display":"DANSTROKE"},{"code":"dccg","display":"DCCG"},{"code":"degc","display":"DEGC"},{"code":"dhd","display":"DHD"},{"code":"dhdb","display":"DHDB"},{"code":"dhr","display":"DHR"},{"code":"dkr","display":"DKR"},{"code":"dkrr","display":"DKRR"},{"code":"dmpn","display":"DMPN"},{"code":"dnsl","display":"DNSL"},{"code":"dpd","display":"DPD"},{"code":"dsr","display":"DSR"},{"code":"dts","display":"DTS"},{"code":"duga","display":"DUGA"},{"code":"hofter","display":"HOFTER"},{"code":"kar","display":"KAR"},{"code":"lyfo","display":"LYFO"},{"code":"mds","display":"MDS"},{"code":"retspsyk","display":"RETSPSYK"},{"code":"hemgenix","display":"HEMGENIX (Amgros)"}]}]}}