{"resourceType":"ValueSet","id":"TypeLokalresektionRektumDCCG","text":{"status":"extensions","div":"<div xmlns=\"http://www.w3.org/1999/xhtml\"><p class=\"res-header-id\"><b>Generated Narrative: ValueSet TypeLokalresektionRektumDCCG</b></p><a name=\"TypeLokalresektionRektumDCCG\"> </a><a name=\"hcTypeLokalresektionRektumDCCG\"> </a><a name=\"TypeLokalresektionRektumDCCG-en-US\"> </a><ul><li>Include these codes as defined in <a href=\"CodeSystem-ProcedureType.html\"><code>https://kip.rkkp.dk/fhir/CodeSystem/ProcedureType</code></a><table class=\"none\"><tr><td style=\"white-space:nowrap\"><b>Code</b></td><td><b>Display</b></td><td><b>Definition</b></td></tr><tr><td><a href=\"CodeSystem-ProcedureType.html#ProcedureType-local_resection\">local_resection</a></td><td>Endoskopisk lokalresektion (ekskl. TES)</td><td>Local ressection / Lokalresektion</td></tr><tr><td><a href=\"CodeSystem-ProcedureType.html#ProcedureType-local_resection_tes\">local_resection_tes</a></td><td>Endoskopisk lokalresektion efterfulgt af TES</td><td>Local ressection followed by TES / Lokalresektion efterfulgt af TES</td></tr><tr><td><a href=\"CodeSystem-ProcedureType.html#ProcedureType-transanal_resection\">transanal_resection</a></td><td>Transanal endoskopisk lokalresektion (TES)</td><td>Transanal endoskopisk lokalresektion (TES)</td></tr></table></li></ul></div>"},"url":"https://kip.rkkp.dk/fhir/ValueSet/TypeLokalresektionRektumDCCG","version":"2.9.3","name":"TypeLokalresektionRektumDCCG","title":"Type af præoperativ endoskopisk lokalresektion (Rektum) DCCG","status":"active","experimental":true,"date":"2023-04-13T00:00:00+02:00","publisher":"Sundhedsvæsenets Kvalitetsinstitut with Trifork Digital Health A/S","contact":[{"name":"Sundhedsvæsenets Kvalitetsinstitut with Trifork Digital Health A/S","telecom":[{"system":"url","value":"https://trifork.com"},{"system":"email","value":"rbk@trifork.com"}]}],"description":"Type af præoperativ endoskopisk lokalresektion (Rektum) DCCG","compose":{"include":[{"system":"https://kip.rkkp.dk/fhir/CodeSystem/ProcedureType","concept":[{"code":"local_resection","display":"Endoskopisk lokalresektion (ekskl. TES)"},{"code":"local_resection_tes","display":"Endoskopisk lokalresektion efterfulgt af TES"},{"code":"transanal_resection","display":"Transanal endoskopisk lokalresektion (TES)"}]}]}}