{"resourceType":"ValueSet","id":"POPQTvlDUGA","text":{"status":"extensions","div":"<div xmlns=\"http://www.w3.org/1999/xhtml\"><p class=\"res-header-id\"><b>Generated Narrative: ValueSet POPQTvlDUGA</b></p><a name=\"POPQTvlDUGA\"> </a><a name=\"hcPOPQTvlDUGA\"> </a><a name=\"POPQTvlDUGA-en-US\"> </a><ul><li>Include these codes as defined in <a href=\"CodeSystem-IntervalsExact.html\"><code>https://kip.rkkp.dk/fhir/CodeSystem/IntervalsExact</code></a><table class=\"none\"><tr><td style=\"white-space:nowrap\"><b>Code</b></td><td><b>Display</b></td><td><b>Definition</b></td></tr><tr><td><a href=\"CodeSystem-IntervalsExact.html#IntervalsExact-6\">6</a></td><td>6</td><td>6,0</td></tr><tr><td><a href=\"CodeSystem-IntervalsExact.html#IntervalsExact-6-5\">6-5</a></td><td>6,5</td><td>6,5</td></tr><tr><td><a href=\"CodeSystem-IntervalsExact.html#IntervalsExact-7\">7</a></td><td>7</td><td>7,0</td></tr><tr><td><a href=\"CodeSystem-IntervalsExact.html#IntervalsExact-7-5\">7-5</a></td><td>7,5</td><td>7,5</td></tr><tr><td><a href=\"CodeSystem-IntervalsExact.html#IntervalsExact-8\">8</a></td><td>8</td><td>8,0</td></tr><tr><td><a href=\"CodeSystem-IntervalsExact.html#IntervalsExact-8-5\">8-5</a></td><td>8,5</td><td>8,5</td></tr><tr><td><a href=\"CodeSystem-IntervalsExact.html#IntervalsExact-9\">9</a></td><td>9</td><td>9,0</td></tr><tr><td><a href=\"CodeSystem-IntervalsExact.html#IntervalsExact-9-5\">9-5</a></td><td>9,5</td><td>9,5</td></tr><tr><td><a href=\"CodeSystem-IntervalsExact.html#IntervalsExact-10\">10</a></td><td>10</td><td>10,0</td></tr><tr><td><a href=\"CodeSystem-IntervalsExact.html#IntervalsExact-10-5\">10-5</a></td><td>10,5</td><td>10,5</td></tr><tr><td><a href=\"CodeSystem-IntervalsExact.html#IntervalsExact-11\">11</a></td><td>11</td><td>11,0</td></tr><tr><td><a href=\"CodeSystem-IntervalsExact.html#IntervalsExact-11-5\">11-5</a></td><td>11,5</td><td>1,5</td></tr><tr><td><a href=\"CodeSystem-IntervalsExact.html#IntervalsExact-12\">12</a></td><td>12</td><td>12,0</td></tr><tr><td><a href=\"CodeSystem-IntervalsExact.html#IntervalsExact-12-5\">12-5</a></td><td>12,5</td><td>2,5</td></tr><tr><td><a href=\"CodeSystem-IntervalsExact.html#IntervalsExact-13\">13</a></td><td>13</td><td>13,0</td></tr></table></li></ul></div>"},"url":"https://kip.rkkp.dk/fhir/ValueSet/POPQTvlDUGA","version":"2.9.3","name":"POPQTvlDUGA","title":"POP-Q undersøgelse Tvl (DUGA)","status":"active","experimental":true,"date":"2024-02-13T00:00:00+02:00","publisher":"Sundhedsvæsenets Kvalitetsinstitut with Trifork Digital Health A/S","contact":[{"name":"Sundhedsvæsenets Kvalitetsinstitut with Trifork Digital Health A/S","telecom":[{"system":"url","value":"https://trifork.com"},{"system":"email","value":"rbk@trifork.com"}]}],"description":"Nedsynkning - POP-Q undersøgelse Tvl (DUGA)","compose":{"include":[{"system":"https://kip.rkkp.dk/fhir/CodeSystem/IntervalsExact","concept":[{"code":"6","display":"6"},{"code":"6-5","display":"6,5"},{"code":"7","display":"7"},{"code":"7-5","display":"7,5"},{"code":"8","display":"8"},{"code":"8-5","display":"8,5"},{"code":"9","display":"9"},{"code":"9-5","display":"9,5"},{"code":"10","display":"10"},{"code":"10-5","display":"10,5"},{"code":"11","display":"11"},{"code":"11-5","display":"11,5"},{"code":"12","display":"12"},{"code":"12-5","display":"12,5"},{"code":"13","display":"13"}]}]}}