{"resourceType":"ValueSet","id":"SSSTale","text":{"status":"extensions","div":"<div xmlns=\"http://www.w3.org/1999/xhtml\"><p class=\"res-header-id\"><b>Generated Narrative: ValueSet SSSTale</b></p><a name=\"SSSTale\"> </a><a name=\"hcSSSTale\"> </a><a name=\"SSSTale-en-US\"> </a><ul><li>Include these codes as defined in <a href=\"CodeSystem-SSSSpeech.html\"><code>https://kip.rkkp.dk/fhir/CodeSystem/SSSSpeech</code></a><table class=\"none\"><tr><td style=\"white-space:nowrap\"><b>Code</b></td><td><b>Display</b></td><td><b>Definition</b></td></tr><tr><td><a href=\"CodeSystem-SSSSpeech.html#SSSSpeech-10\">10</a></td><td>10: ingen afasi</td><td>Ingen afasi.</td></tr><tr><td><a href=\"CodeSystem-SSSSpeech.html#SSSSpeech-6\">6</a></td><td>6: begrænset ordforråd / usammenhængende tale</td><td>Begrænset ordforråd, usammenhængende tale.</td></tr><tr><td><a href=\"CodeSystem-SSSSpeech.html#SSSSpeech-3\">3</a></td><td>3: mere end ja og nej, men korte sætninger</td><td>Mere end ja og nej, men højst korte sætninger.</td></tr><tr><td><a href=\"CodeSystem-SSSSpeech.html#SSSSpeech-0\">0</a></td><td>0: højst ja eller nej</td><td>Kun ja og nej eller dårligere.</td></tr></table></li></ul></div>"},"url":"https://kip.rkkp.dk/fhir/ValueSet/SSSTale","version":"2.9.3","name":"SSSTale","title":"Scandinavian Stroke Scale - Tale","status":"active","experimental":true,"date":"2022-06-23T00:00:00+02:00","publisher":"Sundhedsvæsenets Kvalitetsinstitut with Trifork Digital Health A/S","contact":[{"name":"Sundhedsvæsenets Kvalitetsinstitut with Trifork Digital Health A/S","telecom":[{"system":"url","value":"https://trifork.com"},{"system":"email","value":"rbk@trifork.com"}]}],"description":"Scandinavian Stroke Scale - Tale","compose":{"include":[{"system":"https://kip.rkkp.dk/fhir/CodeSystem/SSSSpeech","concept":[{"code":"10","display":"10: ingen afasi"},{"code":"6","display":"6: begrænset ordforråd / usammenhængende tale"},{"code":"3","display":"3: mere end ja og nej, men korte sætninger"},{"code":"0","display":"0: højst ja eller nej"}]}]}}