{"resourceType":"ValueSet","id":"OperativtSigteDCCG","text":{"status":"extensions","div":"<div xmlns=\"http://www.w3.org/1999/xhtml\"><p class=\"res-header-id\"><b>Generated Narrative: ValueSet OperativtSigteDCCG</b></p><a name=\"OperativtSigteDCCG\"> </a><a name=\"hcOperativtSigteDCCG\"> </a><a name=\"OperativtSigteDCCG-en-US\"> </a><ul><li>Include these codes as defined in <a href=\"CodeSystem-TreatmentIntention.html\"><code>https://kip.rkkp.dk/fhir/CodeSystem/TreatmentIntention</code></a><table class=\"none\"><tr><td style=\"white-space:nowrap\"><b>Code</b></td><td><b>Display</b></td><td><b>Definition</b></td></tr><tr><td><a href=\"CodeSystem-TreatmentIntention.html#TreatmentIntention-curative\">curative</a></td><td>Kurativ</td><td>Kurativt intenderet</td></tr><tr><td><a href=\"CodeSystem-TreatmentIntention.html#TreatmentIntention-compromised_resection\">compromised_resection</a></td><td>Compromiteret resektion</td><td>Compromised resection</td></tr><tr><td><a href=\"CodeSystem-TreatmentIntention.html#TreatmentIntention-palliative\">palliative</a></td><td>Palliativt</td><td>Palliativt intenderet</td></tr></table></li></ul></div>"},"url":"https://kip.rkkp.dk/fhir/ValueSet/OperativtSigteDCCG","version":"2.9.3","name":"OperativtSigteDCCG","title":"Operativt Sigte DCCG","status":"active","experimental":true,"date":"2022-09-07T00:00:00+02:00","publisher":"Sundhedsvæsenets Kvalitetsinstitut with Trifork Digital Health A/S","contact":[{"name":"Sundhedsvæsenets Kvalitetsinstitut with Trifork Digital Health A/S","telecom":[{"system":"url","value":"https://trifork.com"},{"system":"email","value":"rbk@trifork.com"}]}],"description":"Operativt Sigte DCCG","compose":{"include":[{"system":"https://kip.rkkp.dk/fhir/CodeSystem/TreatmentIntention","concept":[{"code":"curative","display":"Kurativ"},{"code":"compromised_resection","display":"Compromiteret resektion"},{"code":"palliative","display":"Palliativt"}]}]}}