{"resourceType":"ValueSet","id":"SKSVentrikelEsophagus","text":{"status":"extensions","div":"<div xmlns=\"http://www.w3.org/1999/xhtml\"><p class=\"res-header-id\"><b>Generated Narrative: ValueSet SKSVentrikelEsophagus</b></p><a name=\"SKSVentrikelEsophagus\"> </a><a name=\"hcSKSVentrikelEsophagus\"> </a><a name=\"SKSVentrikelEsophagus-en-US\"> </a><ul><li>Include these codes as defined in <a href=\"CodeSystem-SKS.html\"><code>https://kip.rkkp.dk/fhir/CodeSystem/SKS</code></a><table class=\"none\"><tr><td style=\"white-space:nowrap\"><b>Code</b></td><td><b>Display</b></td><td><b>Definition</b></td></tr><tr><td><a href=\"CodeSystem-SKS.html#SKS-T000662\">T000662</a></td><td>Esophagus</td><td>T000662 - øsofagus</td></tr><tr><td><a href=\"CodeSystem-SKS.html#SKS-T000670\">T000670</a></td><td>Ventrikel</td><td>T000670 - ventrikel</td></tr></table></li></ul></div>"},"url":"https://kip.rkkp.dk/fhir/ValueSet/SKSVentrikelEsophagus","version":"2.9.3","name":"SKSVentrikelEsophagus","title":"SKS: Anatomisk lokation for ventrikel/esophagus","status":"active","experimental":true,"date":"2022-06-08T00:00:00+02:00","publisher":"Sundhedsvæsenets Kvalitetsinstitut with Trifork Digital Health A/S","contact":[{"name":"Sundhedsvæsenets Kvalitetsinstitut with Trifork Digital Health A/S","telecom":[{"system":"url","value":"https://trifork.com"},{"system":"email","value":"rbk@trifork.com"}]}],"description":"SKS koderne for den anatomiske lokation for ventrikel/esophagus","compose":{"include":[{"system":"https://kip.rkkp.dk/fhir/CodeSystem/SKS","concept":[{"code":"T000662","display":"Esophagus"},{"code":"T000670","display":"Ventrikel"}]}]}}