{"resourceType":"ValueSet","id":"SOROverflytningRETSPSYKHS","text":{"status":"extensions","div":"<div xmlns=\"http://www.w3.org/1999/xhtml\"><p class=\"res-header-id\"><b>Generated Narrative: ValueSet SOROverflytningRETSPSYKHS</b></p><a name=\"SOROverflytningRETSPSYKHS\"> </a><a name=\"hcSOROverflytningRETSPSYKHS\"> </a><a name=\"SOROverflytningRETSPSYKHS-en-US\"> </a><ul><li>Include these codes as defined in <a href=\"CodeSystem-SOR.html\"><code>https://kip.rkkp.dk/fhir/CodeSystem/SOR</code></a><table class=\"none\"><tr><td style=\"white-space:nowrap\"><b>Code</b></td><td><b>Display</b></td><td><b>Definition</b></td></tr><tr><td><a href=\"CodeSystem-SOR.html#SOR-339031000016008\">339031000016008</a></td><td>Børne- og Ungdomspsyk. Center Bispebjerg, B</td><td>Region Hovedstadens Psykiatri - Børne- og Ungdomspsyk. Center Bispebjerg, B</td></tr><tr><td><a href=\"CodeSystem-SOR.html#SOR-262681000016006\">262681000016006</a></td><td>PCGL, Psyk. sengeafd.</td><td>Region Hovedstadens Psykiatri - PCGL, Psyk. sengeafd.</td></tr><tr><td><a href=\"CodeSystem-SOR.html#SOR-886951000016001\">886951000016001</a></td><td>Psyk. Center Nordsjælland, overafd. - N4</td><td>Region Hovedstadens Psykiatri - Psyk. Center Nordsjælland, overafd. - N4</td></tr><tr><td><a href=\"CodeSystem-SOR.html#SOR-262511000016000\">262511000016000</a></td><td>Psyk. Center Nordsjælland, overafd.</td><td>Region Hovedstadens Psykiatri - Psyk. Center Nordsjælland, overafd.</td></tr><tr><td><a href=\"CodeSystem-SOR.html#SOR-262191000016002\">262191000016002</a></td><td>Sct. Hans, Retspsykiatrisk sengeafd. R</td><td>Sct. Hans, Retspsykiatrisk sengeafd. R</td></tr><tr><td><a href=\"CodeSystem-SOR.html#SOR-261341000016001\">261341000016001</a></td><td>Psyk. Center Amager, overafd.</td><td>Region Hovedstadens Psykiatri - Psyk. Center Amager, overafd.</td></tr><tr><td><a href=\"CodeSystem-SOR.html#SOR-262391000016004\">262391000016004</a></td><td>Psyk. Center Ballerup, overafd. Ballerup</td><td>Region Hovedstadens Psykiatri - Psyk. Center Ballerup, overafd. Ballerup</td></tr><tr><td><a href=\"CodeSystem-SOR.html#SOR-282651000016004\">282651000016004</a></td><td>Psyk. Center Bornholm</td><td>Region Hovedstadens Psykiatri - Psyk. Center Bornholm</td></tr><tr><td><a href=\"CodeSystem-SOR.html#SOR-261501000016006\">261501000016006</a></td><td>Psyk. Center København, overafd. N, Nørrebro-afdelingen</td><td>Region Hovedstadens Psykiatri - Psyk. Center København, overafd. N,  Nørrebro-afdelingen</td></tr><tr><td><a href=\"CodeSystem-SOR.html#SOR-262221000016007\">262221000016007</a></td><td>Psyk. Center Sct. Hans, overafd. M</td><td>Region Hovedstadens Psykiatri - Psyk. Center Sct. Hans, overafd. M</td></tr><tr><td><a href=\"CodeSystem-SOR.html#SOR-262671000016009\">262671000016009</a></td><td>Psyk. Center Glostrup, overafd.</td><td>Region Hovedstadens Psykiatri - Psyk. Center Glostrup, overafd.</td></tr><tr><td><a href=\"CodeSystem-SOR.html#SOR-261431000016003\">261431000016003</a></td><td>Børne- og Ungdomspsykiatrisk overafdeling, Bispebjerg, B1</td><td>Region Hovedstadens Psykiatri - Børne- og Ungdomspsykiatrisk overafdeling, Bispebjerg, B1</td></tr><tr><td><a href=\"CodeSystem-SOR.html#SOR-262181000016004\">262181000016004</a></td><td>Psyk. Center Sct. Hans, Retspsyk. overafd. R</td><td>Region Hovedstadens Psykiatri - Psyk. Center Sct. Hans, Retspsyk. overafd. R</td></tr></table></li></ul></div>"},"url":"https://kip.rkkp.dk/fhir/ValueSet/SOROverflytningRETSPSYKHS","version":"2.9.3","name":"SOROverflytningRETSPSYKHS","title":"SOR: Overflytning Hovedstaden (RETSPSYK)","status":"active","experimental":true,"date":"2024-03-13T00:00:00+02:00","publisher":"Sundhedsvæsenets Kvalitetsinstitut with Trifork Digital Health A/S","contact":[{"name":"Sundhedsvæsenets Kvalitetsinstitut with Trifork Digital Health A/S","telecom":[{"system":"url","value":"https://trifork.com"},{"system":"email","value":"rbk@trifork.com"}]}],"description":"SOR: Overflytning Hovedstaden (RETSPSYK)","compose":{"include":[{"system":"https://kip.rkkp.dk/fhir/CodeSystem/SOR","concept":[{"code":"339031000016008","display":"Børne- og Ungdomspsyk. Center Bispebjerg, B"},{"code":"262681000016006","display":"PCGL, Psyk. sengeafd."},{"code":"886951000016001","display":"Psyk. Center Nordsjælland, overafd. - N4"},{"code":"262511000016000","display":"Psyk. Center Nordsjælland, overafd."},{"code":"262191000016002","display":"Sct. Hans, Retspsykiatrisk sengeafd. R"},{"code":"261341000016001","display":"Psyk. Center Amager, overafd."},{"code":"262391000016004","display":"Psyk. Center Ballerup, overafd. Ballerup"},{"code":"282651000016004","display":"Psyk. Center Bornholm"},{"code":"261501000016006","display":"Psyk. Center København, overafd. N, Nørrebro-afdelingen"},{"code":"262221000016007","display":"Psyk. Center Sct. Hans, overafd. M"},{"code":"262671000016009","display":"Psyk. Center Glostrup, overafd."},{"code":"261431000016003","display":"Børne- og Ungdomspsykiatrisk overafdeling, Bispebjerg, B1"},{"code":"262181000016004","display":"Psyk. Center Sct. Hans, Retspsyk. overafd. R"}]}]}}