{"resourceType":"ValueSet","id":"CaputModulaerTypeDHR","text":{"status":"extensions","div":"<div xmlns=\"http://www.w3.org/1999/xhtml\"><p class=\"res-header-id\"><b>Generated Narrative: ValueSet CaputModulaerTypeDHR</b></p><a name=\"CaputModulaerTypeDHR\"> </a><a name=\"hcCaputModulaerTypeDHR\"> </a><a name=\"CaputModulaerTypeDHR-en-US\"> </a><ul><li>Include these codes as defined in <a href=\"CodeSystem-ImplantComponents.html\"><code>https://kip.rkkp.dk/fhir/CodeSystem/ImplantComponents</code></a><table class=\"none\"><tr><td style=\"white-space:nowrap\"><b>Code</b></td><td><b>Display</b></td><td><b>Definition</b></td></tr><tr><td><a href=\"CodeSystem-ImplantComponents.html#ImplantComponents-firm_neck\">firm_neck</a></td><td>Fast hals</td><td>Firm neck / Fast hals</td></tr><tr><td><a href=\"CodeSystem-ImplantComponents.html#ImplantComponents-detachable_neck\">detachable_neck</a></td><td>Aftagelig hals (neck segment)</td><td>Detachable neck / Aftagelig hals</td></tr></table></li></ul></div>"},"url":"https://kip.rkkp.dk/fhir/ValueSet/CaputModulaerTypeDHR","version":"2.9.3","name":"CaputModulaerTypeDHR","title":"Caput modulær type - (DHR)","status":"active","experimental":true,"date":"2022-11-02T00:00:00+02:00","publisher":"Sundhedsvæsenets Kvalitetsinstitut with Trifork Digital Health A/S","contact":[{"name":"Sundhedsvæsenets Kvalitetsinstitut with Trifork Digital Health A/S","telecom":[{"system":"url","value":"https://trifork.com"},{"system":"email","value":"rbk@trifork.com"}]}],"description":"Caput modulær type - (DHR)","compose":{"include":[{"system":"https://kip.rkkp.dk/fhir/CodeSystem/ImplantComponents","concept":[{"code":"firm_neck","display":"Fast hals"},{"code":"detachable_neck","display":"Aftagelig hals (neck segment)"}]}]}}