<?xml version="1.0" encoding="UTF-8"?>

<CodeSystem xmlns="http://hl7.org/fhir">
  <id value="MeasurementDevices"/>
  <text>
    <status value="generated"/><div xmlns="http://www.w3.org/1999/xhtml"><p class="res-header-id"><b>Generated Narrative: CodeSystem MeasurementDevices</b></p><a name="MeasurementDevices"> </a><a name="hcMeasurementDevices"> </a><a name="MeasurementDevices-en-US"> </a><p>This case-insensitive code system <code>https://kip.sundk.dk/fhir/CodeSystem/MeasurementDevices</code> defines the following codes:</p><table class="codes"><tr><td style="white-space:nowrap"><b>Code</b></td><td><b>Display</b></td><td><b>Definition</b></td></tr><tr><td style="white-space:nowrap">kt-1000_kt-2000<a name="MeasurementDevices-kt-1000_kt-2000"> </a></td><td>KT-1000/KT-2000</td><td>KT-1000/KT-2000</td></tr><tr><td style="white-space:nowrap">rolimeter<a name="MeasurementDevices-rolimeter"> </a></td><td>Rolimeter</td><td>Rolimeter</td></tr></table></div>
  </text>
  <url value="https://kip.sundk.dk/fhir/CodeSystem/MeasurementDevices"/>
  <version value="0.0.9"/>
  <name value="MeasurementDevices"/>
  <title value="Measurement devices"/>
  <status value="active"/>
  <date value="2022-09-15T00:00:00+02:00"/>
  <publisher value="Sundhedsvæsnets Kvalistetsinstitut with Trifork Public A/S"/>
  <contact>
    <name value="Sundhedsvæsnets Kvalistetsinstitut with Trifork Public A/S"/>
    <telecom>
      <system value="url"/>
      <value value="https://trifork.com"/>
    </telecom>
    <telecom>
      <system value="email"/>
      <value value="rbk@trifork.com"/>
    </telecom>
  </contact>
  <description value="Measurement devices"/>
  <caseSensitive value="false"/>
  <content value="complete"/>
  <count value="2"/>
  <concept>
    <code value="kt-1000_kt-2000"/>
    <display value="KT-1000/KT-2000"/>
    <definition value="KT-1000/KT-2000"/>
  </concept>
  <concept>
    <code value="rolimeter"/>
    <display value="Rolimeter"/>
    <definition value="Rolimeter"/>
  </concept>
</CodeSystem>