<?xml version="1.0" encoding="UTF-8"?>

<CodeSystem xmlns="http://hl7.org/fhir">
  <id value="RevisionCause"/>
  <text>
    <status value="generated"/><div xmlns="http://www.w3.org/1999/xhtml"><p class="res-header-id"><b>Generated Narrative: CodeSystem RevisionCause</b></p><a name="RevisionCause"> </a><a name="hcRevisionCause"> </a><a name="RevisionCause-en-US"> </a><p>This case-insensitive code system <code>https://kip.sundk.dk/fhir/CodeSystem/RevisionCause</code> defines the following codes:</p><table class="codes"><tr><td style="white-space:nowrap"><b>Code</b></td><td><b>Display</b></td><td><b>Definition</b></td></tr><tr><td style="white-space:nowrap">trauma<a name="RevisionCause-trauma"> </a></td><td>Trauma</td><td>Trauma / traume</td></tr><tr><td style="white-space:nowrap">tunnelwidening<a name="RevisionCause-tunnelwidening"> </a></td><td>Tunnelwidening</td><td>Tunnelwidening</td></tr><tr><td style="white-space:nowrap">suboptimal_graft_tibia<a name="RevisionCause-suboptimal_graft_tibia"> </a></td><td>Suboptimal graft; placement in tibia</td><td>Suboptimal graft; placement in tibia / Suboptimal graft placering i tibia</td></tr><tr><td style="white-space:nowrap">suboptimal_graft_femur<a name="RevisionCause-suboptimal_graft_femur"> </a></td><td>Suboptimal graft; placement in femur</td><td>Suboptimal graft; placement in femur / Suboptimal graft placering i femur</td></tr><tr><td style="white-space:nowrap">infection<a name="RevisionCause-infection"> </a></td><td>Infection</td><td>Infection / Infektion</td></tr><tr><td style="white-space:nowrap">ligamental_instability<a name="RevisionCause-ligamental_instability"> </a></td><td>Other ligamental looseness causing instability</td><td>Other ligamental looseness causing instability / Anden ligamentær løshed som årsag til ny instabilitet</td></tr></table></div>
  </text>
  <url value="https://kip.sundk.dk/fhir/CodeSystem/RevisionCause"/>
  <version value="0.0.9"/>
  <name value="RevisionCause"/>
  <title value="Revision; cause"/>
  <status value="active"/>
  <date value="2022-09-15T00:00:00+02:00"/>
  <publisher value="Sundhedsvæsnets Kvalistetsinstitut with Trifork Public A/S"/>
  <contact>
    <name value="Sundhedsvæsnets Kvalistetsinstitut with Trifork Public A/S"/>
    <telecom>
      <system value="url"/>
      <value value="https://trifork.com"/>
    </telecom>
    <telecom>
      <system value="email"/>
      <value value="rbk@trifork.com"/>
    </telecom>
  </contact>
  <description value="Revision; cause"/>
  <caseSensitive value="false"/>
  <content value="complete"/>
  <count value="6"/>
  <concept>
    <code value="trauma"/>
    <display value="Trauma"/>
    <definition value="Trauma / traume"/>
  </concept>
  <concept>
    <code value="tunnelwidening"/>
    <display value="Tunnelwidening"/>
    <definition value="Tunnelwidening"/>
  </concept>
  <concept>
    <code value="suboptimal_graft_tibia"/>
    <display value="Suboptimal graft; placement in tibia"/>
    <definition value="Suboptimal graft; placement in tibia / Suboptimal graft placering i tibia"/>
  </concept>
  <concept>
    <code value="suboptimal_graft_femur"/>
    <display value="Suboptimal graft; placement in femur"/>
    <definition value="Suboptimal graft; placement in femur / Suboptimal graft placering i femur"/>
  </concept>
  <concept>
    <code value="infection"/>
    <display value="Infection"/>
    <definition value="Infection / Infektion"/>
  </concept>
  <concept>
    <code value="ligamental_instability"/>
    <display value="Other ligamental looseness causing instability"/>
    <definition value="Other ligamental looseness causing instability / Anden ligamentær løshed som årsag til ny instabilitet"/>
  </concept>
</CodeSystem>