<?xml version="1.0" encoding="UTF-8"?>

<CodeSystem xmlns="http://hl7.org/fhir">
  <id value="HarrisHipScoreSitting"/>
  <text>
    <status value="generated"/><div xmlns="http://www.w3.org/1999/xhtml"><p class="res-header-id"><b>Generated Narrative: CodeSystem HarrisHipScoreSitting</b></p><a name="HarrisHipScoreSitting"> </a><a name="hcHarrisHipScoreSitting"> </a><a name="HarrisHipScoreSitting-en-US"> </a><p>This case-insensitive code system <code>https://kip.sundk.dk/fhir/CodeSystem/HarrisHipScoreSitting</code> defines the following codes:</p><table class="codes"><tr><td style="white-space:nowrap"><b>Code</b></td><td><b>Display</b></td><td><b>Definition</b></td></tr><tr><td style="white-space:nowrap">5<a name="HarrisHipScoreSitting-5"> </a></td><td>Comfortably, ordinary chair for one hour</td><td>Comfortably, ordinary chair for one hour (5)</td></tr><tr><td style="white-space:nowrap">3<a name="HarrisHipScoreSitting-3"> </a></td><td>On a high chair for 30 minutes</td><td>On a high chair for 30 minutes (3)</td></tr><tr><td style="white-space:nowrap">0<a name="HarrisHipScoreSitting-0"> </a></td><td>Unable to sit comfortably on any chair</td><td>Unable to sit comfortably on any chair (0)</td></tr></table></div>
  </text>
  <url value="https://kip.sundk.dk/fhir/CodeSystem/HarrisHipScoreSitting"/>
  <version value="0.0.9"/>
  <name value="HarrisHipScoreSitting"/>
  <title value="Harris Hip Score (HHS) - Sitting"/>
  <status value="active"/>
  <date value="2022-07-06T00:00:00+02:00"/>
  <publisher value="Sundhedsvæsnets Kvalistetsinstitut with Trifork Public A/S"/>
  <contact>
    <name value="Sundhedsvæsnets Kvalistetsinstitut with Trifork Public A/S"/>
    <telecom>
      <system value="url"/>
      <value value="https://trifork.com"/>
    </telecom>
    <telecom>
      <system value="email"/>
      <value value="rbk@trifork.com"/>
    </telecom>
  </contact>
  <description value="Harris Hip Score (HHS) - Sitting. Link: https://www.orthopaedicscore.com/scorepages/harris_hip_score.html"/>
  <caseSensitive value="false"/>
  <content value="complete"/>
  <count value="3"/>
  <concept>
    <code value="5"/>
    <display value="Comfortably, ordinary chair for one hour"/>
    <definition value="Comfortably, ordinary chair for one hour (5)"/>
  </concept>
  <concept>
    <code value="3"/>
    <display value="On a high chair for 30 minutes"/>
    <definition value="On a high chair for 30 minutes (3)"/>
  </concept>
  <concept>
    <code value="0"/>
    <display value="Unable to sit comfortably on any chair"/>
    <definition value="Unable to sit comfortably on any chair (0)"/>
  </concept>
</CodeSystem>