<?xml version="1.0" encoding="UTF-8"?>

<CodeSystem xmlns="http://hl7.org/fhir">
  <id value="TreatmentPsychopharmacological"/>
  <text>
    <status value="generated"/><div xmlns="http://www.w3.org/1999/xhtml"><p class="res-header-id"><b>Generated Narrative: CodeSystem TreatmentPsychopharmacological</b></p><a name="TreatmentPsychopharmacological"> </a><a name="hcTreatmentPsychopharmacological"> </a><a name="TreatmentPsychopharmacological-en-US"> </a><p>This case-insensitive code system <code>https://kip.sundk.dk/fhir/CodeSystem/TreatmentPsychopharmacological</code> defines the following codes:</p><table class="codes"><tr><td style="white-space:nowrap"><b>Code</b></td><td><b>Display</b></td><td><b>Definition</b></td></tr><tr><td style="white-space:nowrap">antipsychotics<a name="TreatmentPsychopharmacological-antipsychotics"> </a></td><td>Antipsychotics</td><td>Antipsychotics / Antipsykotika</td></tr><tr><td style="white-space:nowrap">antipsychotics_depot<a name="TreatmentPsychopharmacological-antipsychotics_depot"> </a></td><td>Antipsychotics, depot</td><td>Antipsychotics, depot / Antipsykotika, depot</td></tr><tr><td style="white-space:nowrap">antidepressants<a name="TreatmentPsychopharmacological-antidepressants"> </a></td><td>Antidepressants</td><td>Antidepressants / Antidepressiva</td></tr><tr><td style="white-space:nowrap">mood_stabilizer<a name="TreatmentPsychopharmacological-mood_stabilizer"> </a></td><td>Mood stabilizer</td><td>Mood stabilizer / Stemningsstabiliserende</td></tr><tr><td style="white-space:nowrap">benzodiazepines<a name="TreatmentPsychopharmacological-benzodiazepines"> </a></td><td>Benzodiazepines</td><td>Benzodiazepines / Benzodiazepiner</td></tr><tr><td style="white-space:nowrap">central_stimulants<a name="TreatmentPsychopharmacological-central_stimulants"> </a></td><td>Central stimulants</td><td>Central stimulants / Centralstimulerende medicin</td></tr></table></div>
  </text>
  <url value="https://kip.sundk.dk/fhir/CodeSystem/TreatmentPsychopharmacological"/>
  <version value="0.0.9"/>
  <name value="TreatmentPsychopharmacological"/>
  <title value="Treatment psychopharmacological"/>
  <status value="active"/>
  <date value="2022-07-12T00:00:00+02:00"/>
  <publisher value="Sundhedsvæsnets Kvalistetsinstitut with Trifork Public A/S"/>
  <contact>
    <name value="Sundhedsvæsnets Kvalistetsinstitut with Trifork Public A/S"/>
    <telecom>
      <system value="url"/>
      <value value="https://trifork.com"/>
    </telecom>
    <telecom>
      <system value="email"/>
      <value value="rbk@trifork.com"/>
    </telecom>
  </contact>
  <description value="Treatment psychopharmacological"/>
  <caseSensitive value="false"/>
  <content value="complete"/>
  <count value="6"/>
  <concept>
    <code value="antipsychotics"/>
    <display value="Antipsychotics"/>
    <definition value="Antipsychotics / Antipsykotika"/>
  </concept>
  <concept>
    <code value="antipsychotics_depot"/>
    <display value="Antipsychotics, depot"/>
    <definition value="Antipsychotics, depot / Antipsykotika, depot"/>
  </concept>
  <concept>
    <code value="antidepressants"/>
    <display value="Antidepressants"/>
    <definition value="Antidepressants / Antidepressiva"/>
  </concept>
  <concept>
    <code value="mood_stabilizer"/>
    <display value="Mood stabilizer"/>
    <definition value="Mood stabilizer / Stemningsstabiliserende"/>
  </concept>
  <concept>
    <code value="benzodiazepines"/>
    <display value="Benzodiazepines"/>
    <definition value="Benzodiazepines / Benzodiazepiner"/>
  </concept>
  <concept>
    <code value="central_stimulants"/>
    <display value="Central stimulants"/>
    <definition value="Central stimulants / Centralstimulerende medicin"/>
  </concept>
</CodeSystem>