<?xml version="1.0" encoding="UTF-8"?>

<CodeSystem xmlns="http://hl7.org/fhir">
  <id value="TrombektomiPerfusion"/>
  <text>
    <status value="generated"/><div xmlns="http://www.w3.org/1999/xhtml"><p class="res-header-id"><b>Generated Narrative: CodeSystem TrombektomiPerfusion</b></p><a name="TrombektomiPerfusion"> </a><a name="hcTrombektomiPerfusion"> </a><a name="TrombektomiPerfusion-en-US"> </a><p>This  code system <code>https://kip.sundk.dk/fhir/CodeSystem/TrombektomiPerfusion</code> defines the following codes:</p><table class="codes"><tr><td style="white-space:nowrap"><b>Code</b></td><td><b>Display</b></td><td><b>Definition</b></td></tr><tr><td style="white-space:nowrap">med_reperfusion<a name="TrombektomiPerfusion-med_reperfusion"> </a></td><td>Hel/delvis reperfusion</td><td>Trombektomi med efterfølgende helt eller delvist opnået reperfusion</td></tr><tr><td style="white-space:nowrap">uden_reperfusion<a name="TrombektomiPerfusion-uden_reperfusion"> </a></td><td>Uden efterflg. reperfusion</td><td>Trombektomi uden efterfølgende reperfusion</td></tr><tr><td style="white-space:nowrap">spontan_reperfusion<a name="TrombektomiPerfusion-spontan_reperfusion"> </a></td><td>Spontan reperfusion</td><td>Spontan reperfusion</td></tr><tr><td style="white-space:nowrap">hypoperfusion<a name="TrombektomiPerfusion-hypoperfusion"> </a></td><td>Hypoperfusion uden trombektomi</td><td>Stenosebetinget hypoperfusion uden trombektomi behandlet</td></tr></table></div>
  </text>
  <url value="https://kip.sundk.dk/fhir/CodeSystem/TrombektomiPerfusion"/>
  <version value="0.0.9"/>
  <name value="TrombektomiPerfusion"/>
  <title value="Trombektomi-Perfusion (Danstroke)"/>
  <status value="active"/>
  <date value="2023-05-16T00:00:00+02:00"/>
  <publisher value="Sundhedsvæsnets Kvalistetsinstitut with Trifork Public A/S"/>
  <contact>
    <name value="Sundhedsvæsnets Kvalistetsinstitut with Trifork Public A/S"/>
    <telecom>
      <system value="url"/>
      <value value="https://trifork.com"/>
    </telecom>
    <telecom>
      <system value="email"/>
      <value value="rbk@trifork.com"/>
    </telecom>
  </contact>
  <description value="Perfusion opnået under trombektomi"/>
  <content value="complete"/>
  <count value="4"/>
  <concept>
    <code value="med_reperfusion"/>
    <display value="Hel/delvis reperfusion"/>
    <definition value="Trombektomi med efterfølgende helt eller delvist opnået reperfusion"/>
  </concept>
  <concept>
    <code value="uden_reperfusion"/>
    <display value="Uden efterflg. reperfusion"/>
    <definition value="Trombektomi uden efterfølgende reperfusion"/>
  </concept>
  <concept>
    <code value="spontan_reperfusion"/>
    <display value="Spontan reperfusion"/>
    <definition value="Spontan reperfusion"/>
  </concept>
  <concept>
    <code value="hypoperfusion"/>
    <display value="Hypoperfusion uden trombektomi"/>
    <definition value="Stenosebetinget hypoperfusion uden trombektomi behandlet"/>
  </concept>
</CodeSystem>