<?xml version="1.0" encoding="UTF-8"?>

<CodeSystem xmlns="http://hl7.org/fhir">
  <id value="FunctionGroupAlloplasty"/>
  <text>
    <status value="generated"/><div xmlns="http://www.w3.org/1999/xhtml"><p class="res-header-id"><b>Generated Narrative: CodeSystem FunctionGroupAlloplasty</b></p><a name="FunctionGroupAlloplasty"> </a><a name="hcFunctionGroupAlloplasty"> </a><a name="FunctionGroupAlloplasty-en-US"> </a><p>This case-insensitive code system <code>https://kip.sundk.dk/fhir/CodeSystem/FunctionGroupAlloplasty</code> defines the following codes:</p><table class="codes"><tr><td style="white-space:nowrap"><b>Code</b></td><td><b>Display</b></td><td><b>Definition</b></td></tr><tr><td style="white-space:nowrap">one_hip<a name="FunctionGroupAlloplasty-one_hip"> </a></td><td>One hip affected</td><td>One hip affected</td></tr><tr><td style="white-space:nowrap">both_hips<a name="FunctionGroupAlloplasty-both_hips"> </a></td><td>Both hips affected</td><td>Both hips affected</td></tr><tr><td style="white-space:nowrap">knee_affected<a name="FunctionGroupAlloplasty-knee_affected"> </a></td><td>Actual knee joint affected</td><td>Actual knee joint affected / Kun aktuelle knæled afficeret</td></tr><tr><td style="white-space:nowrap">opposite_knee_affected<a name="FunctionGroupAlloplasty-opposite_knee_affected"> </a></td><td>Function inhibited in opposite knee</td><td>Function inhibited in opposite knee / Funktionshæmmende lidelse i modsatte knæ</td></tr><tr><td style="white-space:nowrap">functional_knee_prosthesis<a name="FunctionGroupAlloplasty-functional_knee_prosthesis"> </a></td><td>Functioning prosthesis (opposite knee)</td><td>Functioning prosthesis (opposite knee) / Velfungerende protese i modsatte knæ</td></tr></table></div>
  </text>
  <url value="https://kip.sundk.dk/fhir/CodeSystem/FunctionGroupAlloplasty"/>
  <version value="0.0.9"/>
  <name value="FunctionGroupAlloplasty"/>
  <title value="Function group (alloplasty)"/>
  <status value="active"/>
  <date value="2022-07-04T00:00:00+02:00"/>
  <publisher value="Sundhedsvæsnets Kvalistetsinstitut with Trifork Public A/S"/>
  <contact>
    <name value="Sundhedsvæsnets Kvalistetsinstitut with Trifork Public A/S"/>
    <telecom>
      <system value="url"/>
      <value value="https://trifork.com"/>
    </telecom>
    <telecom>
      <system value="email"/>
      <value value="rbk@trifork.com"/>
    </telecom>
  </contact>
  <description value="Function group (alloplasty)"/>
  <caseSensitive value="false"/>
  <content value="complete"/>
  <count value="5"/>
  <concept>
    <code value="one_hip"/>
    <display value="One hip affected"/>
    <definition value="One hip affected"/>
  </concept>
  <concept>
    <code value="both_hips"/>
    <display value="Both hips affected"/>
    <definition value="Both hips affected"/>
  </concept>
  <concept>
    <code value="knee_affected"/>
    <display value="Actual knee joint affected"/>
    <definition value="Actual knee joint affected / Kun aktuelle knæled afficeret"/>
  </concept>
  <concept>
    <code value="opposite_knee_affected"/>
    <display value="Function inhibited in opposite knee"/>
    <definition value="Function inhibited in opposite knee / Funktionshæmmende lidelse i modsatte knæ"/>
  </concept>
  <concept>
    <code value="functional_knee_prosthesis"/>
    <display value="Functioning prosthesis (opposite knee)"/>
    <definition value="Functioning prosthesis (opposite knee) / Velfungerende protese i modsatte knæ"/>
  </concept>
</CodeSystem>