<?xml version="1.0" encoding="UTF-8"?>

<CodeSystem xmlns="http://hl7.org/fhir">
  <id value="SizesGeneral"/>
  <text>
    <status value="generated"/><div xmlns="http://www.w3.org/1999/xhtml"><p class="res-header-id"><b>Generated Narrative: CodeSystem SizesGeneral</b></p><a name="SizesGeneral"> </a><a name="hcSizesGeneral"> </a><a name="SizesGeneral-en-US"> </a><p>This  code system <code>https://kip.sundk.dk/fhir/CodeSystem/SizesGeneral</code> provides <b>a fragment</b> that includes following codes:</p><table class="codes"><tr><td style="white-space:nowrap"><b>Code</b></td><td><b>Definition</b></td></tr><tr><td style="white-space:nowrap">28<a name="SizesGeneral-28"> </a></td><td>28</td></tr><tr><td style="white-space:nowrap">32<a name="SizesGeneral-32"> </a></td><td>32</td></tr><tr><td style="white-space:nowrap">36<a name="SizesGeneral-36"> </a></td><td>36</td></tr><tr><td style="white-space:nowrap">40<a name="SizesGeneral-40"> </a></td><td>40</td></tr><tr><td style="white-space:nowrap">44<a name="SizesGeneral-44"> </a></td><td>44</td></tr></table></div>
  </text>
  <url value="https://kip.sundk.dk/fhir/CodeSystem/SizesGeneral"/>
  <version value="0.0.9"/>
  <name value="SizesGeneral"/>
  <title value="General size scale"/>
  <status value="active"/>
  <date value="2023-05-23T00:00:00+02:00"/>
  <publisher value="Sundhedsvæsnets Kvalistetsinstitut with Trifork Public A/S"/>
  <contact>
    <name value="Sundhedsvæsnets Kvalistetsinstitut with Trifork Public A/S"/>
    <telecom>
      <system value="url"/>
      <value value="https://trifork.com"/>
    </telecom>
    <telecom>
      <system value="email"/>
      <value value="rbk@trifork.com"/>
    </telecom>
  </contact>
  <description value="General size scale"/>
  <content value="fragment"/>
  <concept>
    <code value="28"/>
    <display value="28"/>
    <definition value="28"/>
  </concept>
  <concept>
    <code value="32"/>
    <display value="32"/>
    <definition value="32"/>
  </concept>
  <concept>
    <code value="36"/>
    <display value="36"/>
    <definition value="36"/>
  </concept>
  <concept>
    <code value="40"/>
    <display value="40"/>
    <definition value="40"/>
  </concept>
  <concept>
    <code value="44"/>
    <display value="44"/>
    <definition value="44"/>
  </concept>
</CodeSystem>