<?xml version="1.0" encoding="UTF-8"?>

<CodeSystem xmlns="http://hl7.org/fhir">
  <id value="HipJointArthroplastyComponent"/>
  <text>
    <status value="generated"/><div xmlns="http://www.w3.org/1999/xhtml"><p class="res-header-id"><b>Generated Narrative: CodeSystem HipJointArthroplastyComponent</b></p><a name="HipJointArthroplastyComponent"> </a><a name="hcHipJointArthroplastyComponent"> </a><a name="HipJointArthroplastyComponent-en-US"> </a><p>This case-insensitive code system <code>https://kip.sundk.dk/fhir/CodeSystem/HipJointArthroplastyComponent</code> defines the following codes:</p><table class="codes"><tr><td style="white-space:nowrap"><b>Code</b></td><td><b>Display</b></td><td><b>Definition</b></td></tr><tr><td style="white-space:nowrap">depuy_bi_mentum_cemented_cup<a name="HipJointArthroplastyComponent-depuy_bi_mentum_cemented_cup"> </a></td><td>DePuy: BI MENTUM CEMENTED CUP</td><td>DePuy: BI MENTUM CEMENTED CUP</td></tr><tr><td style="white-space:nowrap">depuy_bi_mentum_plus_cup<a name="HipJointArthroplastyComponent-depuy_bi_mentum_plus_cup"> </a></td><td>DePuy: BI MENTUM PLUS CUP</td><td>DePuy: BI MENTUM PLUS CUP</td></tr><tr><td style="white-space:nowrap">depuy_bi_mentum_pressfit_cup<a name="HipJointArthroplastyComponent-depuy_bi_mentum_pressfit_cup"> </a></td><td>DePuy: BI MENTUM PRESSFIT CUP</td><td>DePuy: BI MENTUM PRESSFIT CUP</td></tr><tr><td style="white-space:nowrap">depuy_bi_mentum_revision_cup<a name="HipJointArthroplastyComponent-depuy_bi_mentum_revision_cup"> </a></td><td>DePuy: BI MENTUM REVISION CUP</td><td>DePuy: BI MENTUM REVISION CUP</td></tr><tr><td style="white-space:nowrap">depuy_pinnacle_gripton<a name="HipJointArthroplastyComponent-depuy_pinnacle_gripton"> </a></td><td>DePuy: Pinnacle Gription</td><td>DePuy: Pinnacle Gription</td></tr><tr><td style="white-space:nowrap">depuy_pinnacle_porocoat<a name="HipJointArthroplastyComponent-depuy_pinnacle_porocoat"> </a></td><td>DePuy: Pinnacle Porocoat</td><td>DePuy: Pinnacle Porocoat</td></tr><tr><td style="white-space:nowrap">implant_cast_mutars_lumic<a name="HipJointArthroplastyComponent-implant_cast_mutars_lumic"> </a></td><td>Implantcast: Mutars Lumic</td><td>Implantcast: Mutars Lumic</td></tr><tr><td style="white-space:nowrap">link_lubinus<a name="HipJointArthroplastyComponent-link_lubinus"> </a></td><td>Link: Lubinus</td><td>Link: Lubinus</td></tr><tr><td style="white-space:nowrap">ortotech_saturne<a name="HipJointArthroplastyComponent-ortotech_saturne"> </a></td><td>Ortotech: Saturne</td><td>Ortotech: Saturne</td></tr><tr><td style="white-space:nowrap">ortotech_saturne_reconstruction<a name="HipJointArthroplastyComponent-ortotech_saturne_reconstruction"> </a></td><td>Ortotech: Saturne rekonstruktion</td><td>Ortotech: Saturne rekonstruktion</td></tr><tr><td style="white-space:nowrap">serf_fischer_medical_novae_coptos_th<a name="HipJointArthroplastyComponent-serf_fischer_medical_novae_coptos_th"> </a></td><td>Serf/Fischer Medical: Novae Coptos TH (Serf)</td><td>Serf: Novae Coptos TH</td></tr><tr><td style="white-space:nowrap">serf_fischer_medical_novae_e_th<a name="HipJointArthroplastyComponent-serf_fischer_medical_novae_e_th"> </a></td><td>Serf/Fischer Medical: Novae E TH (Serf) </td><td>Serf: Novae E TH</td></tr><tr><td style="white-space:nowrap">serf_fischer_medical_novae_stick<a name="HipJointArthroplastyComponent-serf_fischer_medical_novae_stick"> </a></td><td>Serf/Fischer Medical: Novae Stick (Serf)</td><td>Serf: Novae Stick</td></tr><tr><td style="white-space:nowrap">serf_fischer_medical_novae_sunfit<a name="HipJointArthroplastyComponent-serf_fischer_medical_novae_sunfit"> </a></td><td>Serf/Fischer Medical: Novae Sunfit (Serf)</td><td>Serf: Novae Sunfit</td></tr><tr><td style="white-space:nowrap">smith&amp;nephew_bhr<a name="HipJointArthroplastyComponent-smith.38nephew_bhr"> </a></td><td>Smith &amp; Nephew: BHR</td><td>Smith &amp; Nephew: BHR (Acetabulum + Femur)</td></tr><tr><td style="white-space:nowrap">smith&amp;nephew_polarcup<a name="HipJointArthroplastyComponent-smith.38nephew_polarcup"> </a></td><td>Smith &amp; Nephew: Polarcup</td><td>Smith &amp; Nephew: Polarcup</td></tr><tr><td style="white-space:nowrap">smith&amp;nephew_r3<a name="HipJointArthroplastyComponent-smith.38nephew_r3"> </a></td><td>Smith &amp; Nephew: R3</td><td>Smith &amp; Nephew: R3</td></tr><tr><td style="white-space:nowrap">stryker_contemporary<a name="HipJointArthroplastyComponent-stryker_contemporary"> </a></td><td>Stryker: Contemporary</td><td>Stryker: Contemporary</td></tr><tr><td style="white-space:nowrap">stryker_exeter_rimfit_x3<a name="HipJointArthroplastyComponent-stryker_exeter_rimfit_x3"> </a></td><td>Stryker: Exeter Rimfit X3</td><td>Stryker: Exeter Rimfit X3</td></tr><tr><td style="white-space:nowrap">stryker_restoration_anatomical<a name="HipJointArthroplastyComponent-stryker_restoration_anatomical"> </a></td><td>Stryker: Restoration Anatomical (Stryker)</td><td>Stryker: Restoration Anatomical</td></tr><tr><td style="white-space:nowrap">stryker_trident_ad_hemispheric<a name="HipJointArthroplastyComponent-stryker_trident_ad_hemispheric"> </a></td><td>Stryker: Trident AD hemisfærisk</td><td>Stryker: Trident AD hemisfærisk</td></tr><tr><td style="white-space:nowrap">stryker_trident_ad_psl<a name="HipJointArthroplastyComponent-stryker_trident_ad_psl"> </a></td><td>Stryker: Trident AD PSL</td><td>Stryker: Trident AD PSL</td></tr><tr><td style="white-space:nowrap">stryker_trident_all_poly<a name="HipJointArthroplastyComponent-stryker_trident_all_poly"> </a></td><td>Stryker: Trident All Poly</td><td>Stryker: Trident All Poly</td></tr><tr><td style="white-space:nowrap">stryker_trident_ii<a name="HipJointArthroplastyComponent-stryker_trident_ii"> </a></td><td>Stryker: Trident II</td><td>Stryker: Trident II</td></tr><tr><td style="white-space:nowrap">stryker_trident_ii_psl<a name="HipJointArthroplastyComponent-stryker_trident_ii_psl"> </a></td><td>Stryker: Trident II PSL</td><td>Stryker: Trident II PSL</td></tr><tr><td style="white-space:nowrap">stryker_trident_ii_tritanium<a name="HipJointArthroplastyComponent-stryker_trident_ii_tritanium"> </a></td><td>Stryker: Trident II Tritanium</td><td>Stryker: Trident II Tritanium</td></tr><tr><td style="white-space:nowrap">stryker_trident_tritanium_primary<a name="HipJointArthroplastyComponent-stryker_trident_tritanium_primary"> </a></td><td>Stryker: Trident Tritanium primary</td><td>Stryker: Trident Tritanium primary</td></tr><tr><td style="white-space:nowrap">stryker_trident_tritanium_revision<a name="HipJointArthroplastyComponent-stryker_trident_tritanium_revision"> </a></td><td>Stryker: Trident Tritanium Revision</td><td>Stryker: Trident Tritanium Revision</td></tr><tr><td style="white-space:nowrap">zimmer_biomet_advantage<a name="HipJointArthroplastyComponent-zimmer_biomet_advantage"> </a></td><td>Zimmer Biomet: Avantage</td><td>Zimmer Biomet: Avantage</td></tr><tr><td style="white-space:nowrap">zimmer_biomet_exceed_abt<a name="HipJointArthroplastyComponent-zimmer_biomet_exceed_abt"> </a></td><td>Zimmer Biomet: Exceed ABT</td><td>Zimmer Biomet: Exceed ABT</td></tr><tr><td style="white-space:nowrap">zimmer_biomet_exceed_cemented_flanged_e1<a name="HipJointArthroplastyComponent-zimmer_biomet_exceed_cemented_flanged_e1"> </a></td><td>Zimmer Biomet: Exceed Cemented Flanged E1</td><td>Zimmer Biomet: Exceed Cemented Flanged E1</td></tr><tr><td style="white-space:nowrap">zimmer_biomet_exceed_cemented_muller_e1<a name="HipJointArthroplastyComponent-zimmer_biomet_exceed_cemented_muller_e1"> </a></td><td>Zimmer Biomet: Exceed Cemented Muller E1</td><td>Zimmer Biomet: Exceed Cemented Muller E1</td></tr><tr><td style="white-space:nowrap">zimmer_biomet_exceed_cemented_non_flanged_e1<a name="HipJointArthroplastyComponent-zimmer_biomet_exceed_cemented_non_flanged_e1"> </a></td><td>Zimmer Biomet: Exceed Cemented Non Flanged E1</td><td>Zimmer Biomet: Exceed Cemented Non Flanged E1</td></tr><tr><td style="white-space:nowrap">zimmer_biomet_g7_osseoti_coating<a name="HipJointArthroplastyComponent-zimmer_biomet_g7_osseoti_coating"> </a></td><td>Zimmer Biomet: G7 OsseoTi coating </td><td>Zimmer Biomet: G7 OsseoTi coating </td></tr><tr><td style="white-space:nowrap">zimmer_biomet_g7_pps<a name="HipJointArthroplastyComponent-zimmer_biomet_g7_pps"> </a></td><td>Zimmer: G7 PPS</td><td>Zimmer: G7 PPS</td></tr><tr><td style="white-space:nowrap">zimmer_biomet_mallory_head<a name="HipJointArthroplastyComponent-zimmer_biomet_mallory_head"> </a></td><td>Zimmer Biomet: Mallory-Head</td><td>Zimmer Biomet: Mallory-Head</td></tr><tr><td style="white-space:nowrap">zimmer_biomet_mueller<a name="HipJointArthroplastyComponent-zimmer_biomet_mueller"> </a></td><td>Zimmer Biomet: Müller</td><td>Zimmer Biomet: Müller</td></tr><tr><td style="white-space:nowrap">zimmer_biomet_regenerex_revision_acetabular<a name="HipJointArthroplastyComponent-zimmer_biomet_regenerex_revision_acetabular"> </a></td><td>Zimmer Biomet: Regenerex ™ Revision Acetabular</td><td>Zimmer Biomet: Regenerex ™ Revision Acetabular</td></tr><tr><td style="white-space:nowrap">zimmer_biomet_tmt_continuum<a name="HipJointArthroplastyComponent-zimmer_biomet_tmt_continuum"> </a></td><td>Zimmer Biomet: TMT Continuum (Zimmer-Biomet)</td><td>Zimmer Biomet: TMT Continuum</td></tr><tr><td style="white-space:nowrap">zimmer_biomet_tmt_modular_cup<a name="HipJointArthroplastyComponent-zimmer_biomet_tmt_modular_cup"> </a></td><td>Zimmer Biomet: TMT Modular Cup</td><td>Zimmer Biomet: TMT Modular Cup</td></tr><tr><td style="white-space:nowrap">zimmer_biomet_tmt_revision<a name="HipJointArthroplastyComponent-zimmer_biomet_tmt_revision"> </a></td><td>Zimmer Biomet: TMT Revision</td><td>Zimmer Biomet: TMARS</td></tr><tr><td style="white-space:nowrap">zimmer_biomet_trilogy<a name="HipJointArthroplastyComponent-zimmer_biomet_trilogy"> </a></td><td>Zimmer Biomet: Trilogy</td><td>Zimmer Biomet: Trilogy</td></tr><tr><td style="white-space:nowrap">zimmer_biomet_trilogy_it<a name="HipJointArthroplastyComponent-zimmer_biomet_trilogy_it"> </a></td><td>Zimmer: Trilogy IT</td><td>Zimmer: Trilogy IT</td></tr><tr><td style="white-space:nowrap">zimmer_biomet_zca<a name="HipJointArthroplastyComponent-zimmer_biomet_zca"> </a></td><td>Zimmer Biomet: ZCA</td><td>Zimmer Biomet: ZCA</td></tr><tr><td style="white-space:nowrap">depuy_corail_collar<a name="HipJointArthroplastyComponent-depuy_corail_collar"> </a></td><td>DePuy: Corail m/krave</td><td>DePuy: Corail m/krave</td></tr><tr><td style="white-space:nowrap">depuy_corail_without_collar<a name="HipJointArthroplastyComponent-depuy_corail_without_collar"> </a></td><td>DePuy: Corail u/krave</td><td>DePuy: Corail u/krave</td></tr><tr><td style="white-space:nowrap">depuy_corail_revision_stem<a name="HipJointArthroplastyComponent-depuy_corail_revision_stem"> </a></td><td>DePuy: Corail Revision Stem - KAR</td><td>DePuy: Corail Revision Stem - KAR</td></tr><tr><td style="white-space:nowrap">depuy_c_stem_amt<a name="HipJointArthroplastyComponent-depuy_c_stem_amt"> </a></td><td>DePuy: C-stem AMT</td><td>DePuy: C-stem AMT</td></tr><tr><td style="white-space:nowrap">depuy_summit<a name="HipJointArthroplastyComponent-depuy_summit"> </a></td><td>DePuy: Summit</td><td>DePuy: Summit</td></tr><tr><td style="white-space:nowrap">implantcast_mutars_proximal_femoral_replacement<a name="HipJointArthroplastyComponent-implantcast_mutars_proximal_femoral_replacement"> </a></td><td>Implantcast: Mutars proksimal femoral replacement</td><td>Implantcast: Mutars proksimal femoral replacement</td></tr><tr><td style="white-space:nowrap">lima_h_max_lateralized<a name="HipJointArthroplastyComponent-lima_h_max_lateralized"> </a></td><td>Lima: H-MAX: Lateralized</td><td>Lima: H-MAX: Lateralized</td></tr><tr><td style="white-space:nowrap">lima_h_max_standard<a name="HipJointArthroplastyComponent-lima_h_max_standard"> </a></td><td>Lima: H-MAX: Standard</td><td>Lima: H-MAX: Standard</td></tr><tr><td style="white-space:nowrap">link_link_mp<a name="HipJointArthroplastyComponent-link_link_mp"> </a></td><td>Link: Link MP</td><td>Link: Link MP</td></tr><tr><td style="white-space:nowrap">link_lubinus_sp_ii<a name="HipJointArthroplastyComponent-link_lubinus_sp_ii"> </a></td><td>Link: Lubinus SP II</td><td>Link: Lubinus SP II</td></tr><tr><td style="white-space:nowrap">peter_brehm_gmbh_mrp_titan<a name="HipJointArthroplastyComponent-peter_brehm_gmbh_mrp_titan"> </a></td><td>Peter Brehm GmbH: MRP-Titan </td><td>Peter Brehm GmbH: MRP-Titan </td></tr><tr><td style="white-space:nowrap">smith&amp;nephew_polarstem<a name="HipJointArthroplastyComponent-smith.38nephew_polarstem"> </a></td><td>Smith &amp; Nephew: Polarstem</td><td>Smith &amp; Nephew: Polarstem</td></tr><tr><td style="white-space:nowrap">stryker_acolade_ii<a name="HipJointArthroplastyComponent-stryker_acolade_ii"> </a></td><td>Stryker: Accolade II </td><td>Stryker: Accolade II </td></tr><tr><td style="white-space:nowrap">stryker_exeter_primary_v40<a name="HipJointArthroplastyComponent-stryker_exeter_primary_v40"> </a></td><td>Stryker: Exeter Primary V40</td><td>Stryker: Exeter Primary V40</td></tr><tr><td style="white-space:nowrap">stryker_gmrs_proximal_femoral_component<a name="HipJointArthroplastyComponent-stryker_gmrs_proximal_femoral_component"> </a></td><td>Stryker: GMRS Proximal Femoral Component (Stryker)</td><td>Stryker: GMRS Proximal Femoral Component</td></tr><tr><td style="white-space:nowrap">stryker_restoration_modular<a name="HipJointArthroplastyComponent-stryker_restoration_modular"> </a></td><td>Stryker: Restoration modular</td><td>Stryker: Restoration modular</td></tr><tr><td style="white-space:nowrap">viking_medical_cfp<a name="HipJointArthroplastyComponent-viking_medical_cfp"> </a></td><td>Viking Medical: C.F.P.</td><td>Viking Medical: C.F.P.</td></tr><tr><td style="white-space:nowrap">zimmer_biomet_arcos_revision<a name="HipJointArthroplastyComponent-zimmer_biomet_arcos_revision"> </a></td><td>Zimmer Biomet: Arcos revision</td><td>Zimmer Biomet: Arcos revision</td></tr><tr><td style="white-space:nowrap">zimmer_biomet_avenir_cemented_stem<a name="HipJointArthroplastyComponent-zimmer_biomet_avenir_cemented_stem"> </a></td><td>Zimmer Biomet: Avenir cemented stem</td><td>Zimmer Biomet: Avenir cemented stem</td></tr><tr><td style="white-space:nowrap">zimmer_biomet_avenir_cementless_stem<a name="HipJointArthroplastyComponent-zimmer_biomet_avenir_cementless_stem"> </a></td><td>Zimmer Biomet: Avenir cementless stem </td><td>Zimmer Biomet: Avenir cementless stem</td></tr><tr><td style="white-space:nowrap">zimmer_biomet_avenir_complete<a name="HipJointArthroplastyComponent-zimmer_biomet_avenir_complete"> </a></td><td>Zimmer Biomet: Avenir complete</td><td>Zimmer Biomet: Avenir complete</td></tr><tr><td style="white-space:nowrap">zimmer_biomet_bimetrix_without_collar_chrome_cobalt<a name="HipJointArthroplastyComponent-zimmer_biomet_bimetrix_without_collar_chrome_cobalt"> </a></td><td>Zimmer Biomet: Bimetric u/krave chrom/cobolt</td><td>Zimmer Biomet: Bimetric u/krave chrom/cobolt</td></tr><tr><td style="white-space:nowrap">zimmer_biomet_bimetric_without_collar_titaneum<a name="HipJointArthroplastyComponent-zimmer_biomet_bimetric_without_collar_titaneum"> </a></td><td>Zimmer Biomet: Bimetric u/krave titaneum</td><td>Zimmer Biomet: Bimetric u/krave titaneum</td></tr><tr><td style="white-space:nowrap">zimmer_biomet_cls_spotorno<a name="HipJointArthroplastyComponent-zimmer_biomet_cls_spotorno"> </a></td><td>Zimmer Biomet: CLS Spotorno</td><td>Zimmer Biomet: CLS Spotorno</td></tr><tr><td style="white-space:nowrap">zimmer_biomet_cpt<a name="HipJointArthroplastyComponent-zimmer_biomet_cpt"> </a></td><td>Zimmer Biomet: CPT</td><td>Zimmer Biomet: CPT</td></tr><tr><td style="white-space:nowrap">zimmer_biomet_echo_bi_metric_hip_stem_full_proximal_profile<a name="HipJointArthroplastyComponent-zimmer_biomet_echo_bi_metric_hip_stem_full_proximal_profile"> </a></td><td>Zimmer Biomet: Echo Bi-metric Hip Stem Full Proximal Profile</td><td>Zimmer Biomet: Echo Bi-metric Hip Stem Full Proximal Profile</td></tr><tr><td style="white-space:nowrap">zimmer_biomet_echo_bi_metric_reduced_proximal_profile<a name="HipJointArthroplastyComponent-zimmer_biomet_echo_bi_metric_reduced_proximal_profile"> </a></td><td>Zimmer Biomet: Echo Bi-Metric Reduceret Proximal Profil</td><td>Zimmer Biomet: Echo Bi-Metric Reduceret Proximal Profil</td></tr><tr><td style="white-space:nowrap">zimmer_biomet_fitmore<a name="HipJointArthroplastyComponent-zimmer_biomet_fitmore"> </a></td><td>Zimmer Biomet: Fitmore (Zimmer-Biomet) </td><td>Zimmer Biomet: Fitmore</td></tr><tr><td style="white-space:nowrap">zimmer_biomet_ms_30<a name="HipJointArthroplastyComponent-zimmer_biomet_ms_30"> </a></td><td>Zimmer Biomet: MS-30 (Zimmer-Biomet)</td><td>Zimmer Biomet: MS-30</td></tr><tr><td style="white-space:nowrap">zimmer_biomet_primoris<a name="HipJointArthroplastyComponent-zimmer_biomet_primoris"> </a></td><td>Zimmer Biomet: Primoris</td><td>Zimmer Biomet: Primoris</td></tr><tr><td style="white-space:nowrap">zimmer_biomet_revitan_revision_hip_system<a name="HipJointArthroplastyComponent-zimmer_biomet_revitan_revision_hip_system"> </a></td><td>Zimmer Biomet: Revitan Revision Hip System</td><td>Zimmer Biomet: Revitan Revision Hip System</td></tr><tr><td style="white-space:nowrap">zimmer_biomet_stanmore<a name="HipJointArthroplastyComponent-zimmer_biomet_stanmore"> </a></td><td>Zimmer Biomet: Stanmore</td><td>Zimmer Biomet: Stanmore</td></tr><tr><td style="white-space:nowrap">zimmer_biomet_taperloc<a name="HipJointArthroplastyComponent-zimmer_biomet_taperloc"> </a></td><td>Zimmer Biomet: Taperloc</td><td>Zimmer Biomet: Taperloc</td></tr><tr><td style="white-space:nowrap">zimmer_biomet_wagner_cone<a name="HipJointArthroplastyComponent-zimmer_biomet_wagner_cone"> </a></td><td>Zimmer Biomet: Wagner Cone</td><td>Zimmer Biomet: Wagner Cone</td></tr><tr><td style="white-space:nowrap">zimmer_biomet_wagner_sl<a name="HipJointArthroplastyComponent-zimmer_biomet_wagner_sl"> </a></td><td>Zimmer Biomet: Wagner SL</td><td>Zimmer Biomet: Wagner SL</td></tr><tr><td style="white-space:nowrap">zimmer_biomet_zmr_porous_coated<a name="HipJointArthroplastyComponent-zimmer_biomet_zmr_porous_coated"> </a></td><td>Zimmer Biomet: ZMR porous-coated</td><td>Zimmer Biomet: ZMR porous-coated</td></tr><tr><td style="white-space:nowrap">zimmer_biomet_zmr_splined<a name="HipJointArthroplastyComponent-zimmer_biomet_zmr_splined"> </a></td><td>Zimmer Biomet: ZMR splined</td><td>Zimmer Biomet: ZMR splined</td></tr><tr><td style="white-space:nowrap">zimmer_biomet_zmr_taper<a name="HipJointArthroplastyComponent-zimmer_biomet_zmr_taper"> </a></td><td>Zimmer Biomet: ZMR Taper</td><td>Zimmer Biomet: ZMR Taper</td></tr><tr><td style="white-space:nowrap">zimmer_biomet_zmr_taper_xl<a name="HipJointArthroplastyComponent-zimmer_biomet_zmr_taper_xl"> </a></td><td>Zimmer Biomet: ZMR Taper XL</td><td>Zimmer Biomet: ZMR Taper XL</td></tr></table></div>
  </text>
  <url value="https://kip.sundk.dk/fhir/CodeSystem/HipJointArthroplastyComponent"/>
  <version value="0.0.9"/>
  <name value="HipJointArthroplastyComponent"/>
  <title value="Hip joint arthroplasty - components"/>
  <status value="active"/>
  <date value="2022-11-16T00:00:00+02:00"/>
  <publisher value="Sundhedsvæsnets Kvalistetsinstitut with Trifork Public A/S"/>
  <contact>
    <name value="Sundhedsvæsnets Kvalistetsinstitut with Trifork Public A/S"/>
    <telecom>
      <system value="url"/>
      <value value="https://trifork.com"/>
    </telecom>
    <telecom>
      <system value="email"/>
      <value value="rbk@trifork.com"/>
    </telecom>
  </contact>
  <description value="Hip joint arthroplasty - components"/>
  <caseSensitive value="false"/>
  <content value="complete"/>
  <count value="83"/>
  <concept>
    <code value="depuy_bi_mentum_cemented_cup"/>
    <display value="DePuy: BI MENTUM CEMENTED CUP"/>
    <definition value="DePuy: BI MENTUM CEMENTED CUP"/>
  </concept>
  <concept>
    <code value="depuy_bi_mentum_plus_cup"/>
    <display value="DePuy: BI MENTUM PLUS CUP"/>
    <definition value="DePuy: BI MENTUM PLUS CUP"/>
  </concept>
  <concept>
    <code value="depuy_bi_mentum_pressfit_cup"/>
    <display value="DePuy: BI MENTUM PRESSFIT CUP"/>
    <definition value="DePuy: BI MENTUM PRESSFIT CUP"/>
  </concept>
  <concept>
    <code value="depuy_bi_mentum_revision_cup"/>
    <display value="DePuy: BI MENTUM REVISION CUP"/>
    <definition value="DePuy: BI MENTUM REVISION CUP"/>
  </concept>
  <concept>
    <code value="depuy_pinnacle_gripton"/>
    <display value="DePuy: Pinnacle Gription"/>
    <definition value="DePuy: Pinnacle Gription"/>
  </concept>
  <concept>
    <code value="depuy_pinnacle_porocoat"/>
    <display value="DePuy: Pinnacle Porocoat"/>
    <definition value="DePuy: Pinnacle Porocoat"/>
  </concept>
  <concept>
    <code value="implant_cast_mutars_lumic"/>
    <display value="Implantcast: Mutars Lumic"/>
    <definition value="Implantcast: Mutars Lumic"/>
  </concept>
  <concept>
    <code value="link_lubinus"/>
    <display value="Link: Lubinus"/>
    <definition value="Link: Lubinus"/>
  </concept>
  <concept>
    <code value="ortotech_saturne"/>
    <display value="Ortotech: Saturne"/>
    <definition value="Ortotech: Saturne"/>
  </concept>
  <concept>
    <code value="ortotech_saturne_reconstruction"/>
    <display value="Ortotech: Saturne rekonstruktion"/>
    <definition value="Ortotech: Saturne rekonstruktion"/>
  </concept>
  <concept>
    <code value="serf_fischer_medical_novae_coptos_th"/>
    <display value="Serf/Fischer Medical: Novae Coptos TH (Serf)"/>
    <definition value="Serf: Novae Coptos TH"/>
  </concept>
  <concept>
    <code value="serf_fischer_medical_novae_e_th"/>
    <display value="Serf/Fischer Medical: Novae E TH (Serf) "/>
    <definition value="Serf: Novae E TH"/>
  </concept>
  <concept>
    <code value="serf_fischer_medical_novae_stick"/>
    <display value="Serf/Fischer Medical: Novae Stick (Serf)"/>
    <definition value="Serf: Novae Stick"/>
  </concept>
  <concept>
    <code value="serf_fischer_medical_novae_sunfit"/>
    <display value="Serf/Fischer Medical: Novae Sunfit (Serf)"/>
    <definition value="Serf: Novae Sunfit"/>
  </concept>
  <concept>
    <code value="smith&amp;nephew_bhr"/>
    <display value="Smith &amp; Nephew: BHR"/>
    <definition value="Smith &amp; Nephew: BHR (Acetabulum + Femur)"/>
  </concept>
  <concept>
    <code value="smith&amp;nephew_polarcup"/>
    <display value="Smith &amp; Nephew: Polarcup"/>
    <definition value="Smith &amp; Nephew: Polarcup"/>
  </concept>
  <concept>
    <code value="smith&amp;nephew_r3"/>
    <display value="Smith &amp; Nephew: R3"/>
    <definition value="Smith &amp; Nephew: R3"/>
  </concept>
  <concept>
    <code value="stryker_contemporary"/>
    <display value="Stryker: Contemporary"/>
    <definition value="Stryker: Contemporary"/>
  </concept>
  <concept>
    <code value="stryker_exeter_rimfit_x3"/>
    <display value="Stryker: Exeter Rimfit X3"/>
    <definition value="Stryker: Exeter Rimfit X3"/>
  </concept>
  <concept>
    <code value="stryker_restoration_anatomical"/>
    <display value="Stryker: Restoration Anatomical (Stryker)"/>
    <definition value="Stryker: Restoration Anatomical"/>
  </concept>
  <concept>
    <code value="stryker_trident_ad_hemispheric"/>
    <display value="Stryker: Trident AD hemisfærisk"/>
    <definition value="Stryker: Trident AD hemisfærisk"/>
  </concept>
  <concept>
    <code value="stryker_trident_ad_psl"/>
    <display value="Stryker: Trident AD PSL"/>
    <definition value="Stryker: Trident AD PSL"/>
  </concept>
  <concept>
    <code value="stryker_trident_all_poly"/>
    <display value="Stryker: Trident All Poly"/>
    <definition value="Stryker: Trident All Poly"/>
  </concept>
  <concept>
    <code value="stryker_trident_ii"/>
    <display value="Stryker: Trident II"/>
    <definition value="Stryker: Trident II"/>
  </concept>
  <concept>
    <code value="stryker_trident_ii_psl"/>
    <display value="Stryker: Trident II PSL"/>
    <definition value="Stryker: Trident II PSL"/>
  </concept>
  <concept>
    <code value="stryker_trident_ii_tritanium"/>
    <display value="Stryker: Trident II Tritanium"/>
    <definition value="Stryker: Trident II Tritanium"/>
  </concept>
  <concept>
    <code value="stryker_trident_tritanium_primary"/>
    <display value="Stryker: Trident Tritanium primary"/>
    <definition value="Stryker: Trident Tritanium primary"/>
  </concept>
  <concept>
    <code value="stryker_trident_tritanium_revision"/>
    <display value="Stryker: Trident Tritanium Revision"/>
    <definition value="Stryker: Trident Tritanium Revision"/>
  </concept>
  <concept>
    <code value="zimmer_biomet_advantage"/>
    <display value="Zimmer Biomet: Avantage"/>
    <definition value="Zimmer Biomet: Avantage"/>
  </concept>
  <concept>
    <code value="zimmer_biomet_exceed_abt"/>
    <display value="Zimmer Biomet: Exceed ABT"/>
    <definition value="Zimmer Biomet: Exceed ABT"/>
  </concept>
  <concept>
    <code value="zimmer_biomet_exceed_cemented_flanged_e1"/>
    <display value="Zimmer Biomet: Exceed Cemented Flanged E1"/>
    <definition value="Zimmer Biomet: Exceed Cemented Flanged E1"/>
  </concept>
  <concept>
    <code value="zimmer_biomet_exceed_cemented_muller_e1"/>
    <display value="Zimmer Biomet: Exceed Cemented Muller E1"/>
    <definition value="Zimmer Biomet: Exceed Cemented Muller E1"/>
  </concept>
  <concept>
    <code value="zimmer_biomet_exceed_cemented_non_flanged_e1"/>
    <display value="Zimmer Biomet: Exceed Cemented Non Flanged E1"/>
    <definition value="Zimmer Biomet: Exceed Cemented Non Flanged E1"/>
  </concept>
  <concept>
    <code value="zimmer_biomet_g7_osseoti_coating"/>
    <display value="Zimmer Biomet: G7 OsseoTi coating "/>
    <definition value="Zimmer Biomet: G7 OsseoTi coating "/>
  </concept>
  <concept>
    <code value="zimmer_biomet_g7_pps"/>
    <display value="Zimmer: G7 PPS"/>
    <definition value="Zimmer: G7 PPS"/>
  </concept>
  <concept>
    <code value="zimmer_biomet_mallory_head"/>
    <display value="Zimmer Biomet: Mallory-Head"/>
    <definition value="Zimmer Biomet: Mallory-Head"/>
  </concept>
  <concept>
    <code value="zimmer_biomet_mueller"/>
    <display value="Zimmer Biomet: Müller"/>
    <definition value="Zimmer Biomet: Müller"/>
  </concept>
  <concept>
    <code value="zimmer_biomet_regenerex_revision_acetabular"/>
    <display value="Zimmer Biomet: Regenerex ™ Revision Acetabular"/>
    <definition value="Zimmer Biomet: Regenerex ™ Revision Acetabular"/>
  </concept>
  <concept>
    <code value="zimmer_biomet_tmt_continuum"/>
    <display value="Zimmer Biomet: TMT Continuum (Zimmer-Biomet)"/>
    <definition value="Zimmer Biomet: TMT Continuum"/>
  </concept>
  <concept>
    <code value="zimmer_biomet_tmt_modular_cup"/>
    <display value="Zimmer Biomet: TMT Modular Cup"/>
    <definition value="Zimmer Biomet: TMT Modular Cup"/>
  </concept>
  <concept>
    <code value="zimmer_biomet_tmt_revision"/>
    <display value="Zimmer Biomet: TMT Revision"/>
    <definition value="Zimmer Biomet: TMARS"/>
  </concept>
  <concept>
    <code value="zimmer_biomet_trilogy"/>
    <display value="Zimmer Biomet: Trilogy"/>
    <definition value="Zimmer Biomet: Trilogy"/>
  </concept>
  <concept>
    <code value="zimmer_biomet_trilogy_it"/>
    <display value="Zimmer: Trilogy IT"/>
    <definition value="Zimmer: Trilogy IT"/>
  </concept>
  <concept>
    <code value="zimmer_biomet_zca"/>
    <display value="Zimmer Biomet: ZCA"/>
    <definition value="Zimmer Biomet: ZCA"/>
  </concept>
  <concept>
    <code value="depuy_corail_collar"/>
    <display value="DePuy: Corail m/krave"/>
    <definition value="DePuy: Corail m/krave"/>
  </concept>
  <concept>
    <code value="depuy_corail_without_collar"/>
    <display value="DePuy: Corail u/krave"/>
    <definition value="DePuy: Corail u/krave"/>
  </concept>
  <concept>
    <code value="depuy_corail_revision_stem"/>
    <display value="DePuy: Corail Revision Stem - KAR"/>
    <definition value="DePuy: Corail Revision Stem - KAR"/>
  </concept>
  <concept>
    <code value="depuy_c_stem_amt"/>
    <display value="DePuy: C-stem AMT"/>
    <definition value="DePuy: C-stem AMT"/>
  </concept>
  <concept>
    <code value="depuy_summit"/>
    <display value="DePuy: Summit"/>
    <definition value="DePuy: Summit"/>
  </concept>
  <concept>
    <code value="implantcast_mutars_proximal_femoral_replacement"/>
    <display value="Implantcast: Mutars proksimal femoral replacement"/>
    <definition value="Implantcast: Mutars proksimal femoral replacement"/>
  </concept>
  <concept>
    <code value="lima_h_max_lateralized"/>
    <display value="Lima: H-MAX: Lateralized"/>
    <definition value="Lima: H-MAX: Lateralized"/>
  </concept>
  <concept>
    <code value="lima_h_max_standard"/>
    <display value="Lima: H-MAX: Standard"/>
    <definition value="Lima: H-MAX: Standard"/>
  </concept>
  <concept>
    <code value="link_link_mp"/>
    <display value="Link: Link MP"/>
    <definition value="Link: Link MP"/>
  </concept>
  <concept>
    <code value="link_lubinus_sp_ii"/>
    <display value="Link: Lubinus SP II"/>
    <definition value="Link: Lubinus SP II"/>
  </concept>
  <concept>
    <code value="peter_brehm_gmbh_mrp_titan"/>
    <display value="Peter Brehm GmbH: MRP-Titan "/>
    <definition value="Peter Brehm GmbH: MRP-Titan "/>
  </concept>
  <concept>
    <code value="smith&amp;nephew_polarstem"/>
    <display value="Smith &amp; Nephew: Polarstem"/>
    <definition value="Smith &amp; Nephew: Polarstem"/>
  </concept>
  <concept>
    <code value="stryker_acolade_ii"/>
    <display value="Stryker: Accolade II "/>
    <definition value="Stryker: Accolade II "/>
  </concept>
  <concept>
    <code value="stryker_exeter_primary_v40"/>
    <display value="Stryker: Exeter Primary V40"/>
    <definition value="Stryker: Exeter Primary V40"/>
  </concept>
  <concept>
    <code value="stryker_gmrs_proximal_femoral_component"/>
    <display value="Stryker: GMRS Proximal Femoral Component (Stryker)"/>
    <definition value="Stryker: GMRS Proximal Femoral Component"/>
  </concept>
  <concept>
    <code value="stryker_restoration_modular"/>
    <display value="Stryker: Restoration modular"/>
    <definition value="Stryker: Restoration modular"/>
  </concept>
  <concept>
    <code value="viking_medical_cfp"/>
    <display value="Viking Medical: C.F.P."/>
    <definition value="Viking Medical: C.F.P."/>
  </concept>
  <concept>
    <code value="zimmer_biomet_arcos_revision"/>
    <display value="Zimmer Biomet: Arcos revision"/>
    <definition value="Zimmer Biomet: Arcos revision"/>
  </concept>
  <concept>
    <code value="zimmer_biomet_avenir_cemented_stem"/>
    <display value="Zimmer Biomet: Avenir cemented stem"/>
    <definition value="Zimmer Biomet: Avenir cemented stem"/>
  </concept>
  <concept>
    <code value="zimmer_biomet_avenir_cementless_stem"/>
    <display value="Zimmer Biomet: Avenir cementless stem "/>
    <definition value="Zimmer Biomet: Avenir cementless stem"/>
  </concept>
  <concept>
    <code value="zimmer_biomet_avenir_complete"/>
    <display value="Zimmer Biomet: Avenir complete"/>
    <definition value="Zimmer Biomet: Avenir complete"/>
  </concept>
  <concept>
    <code value="zimmer_biomet_bimetrix_without_collar_chrome_cobalt"/>
    <display value="Zimmer Biomet: Bimetric u/krave chrom/cobolt"/>
    <definition value="Zimmer Biomet: Bimetric u/krave chrom/cobolt"/>
  </concept>
  <concept>
    <code value="zimmer_biomet_bimetric_without_collar_titaneum"/>
    <display value="Zimmer Biomet: Bimetric u/krave titaneum"/>
    <definition value="Zimmer Biomet: Bimetric u/krave titaneum"/>
  </concept>
  <concept>
    <code value="zimmer_biomet_cls_spotorno"/>
    <display value="Zimmer Biomet: CLS Spotorno"/>
    <definition value="Zimmer Biomet: CLS Spotorno"/>
  </concept>
  <concept>
    <code value="zimmer_biomet_cpt"/>
    <display value="Zimmer Biomet: CPT"/>
    <definition value="Zimmer Biomet: CPT"/>
  </concept>
  <concept>
    <code value="zimmer_biomet_echo_bi_metric_hip_stem_full_proximal_profile"/>
    <display value="Zimmer Biomet: Echo Bi-metric Hip Stem Full Proximal Profile"/>
    <definition value="Zimmer Biomet: Echo Bi-metric Hip Stem Full Proximal Profile"/>
  </concept>
  <concept>
    <code value="zimmer_biomet_echo_bi_metric_reduced_proximal_profile"/>
    <display value="Zimmer Biomet: Echo Bi-Metric Reduceret Proximal Profil"/>
    <definition value="Zimmer Biomet: Echo Bi-Metric Reduceret Proximal Profil"/>
  </concept>
  <concept>
    <code value="zimmer_biomet_fitmore"/>
    <display value="Zimmer Biomet: Fitmore (Zimmer-Biomet) "/>
    <definition value="Zimmer Biomet: Fitmore"/>
  </concept>
  <concept>
    <code value="zimmer_biomet_ms_30"/>
    <display value="Zimmer Biomet: MS-30 (Zimmer-Biomet)"/>
    <definition value="Zimmer Biomet: MS-30"/>
  </concept>
  <concept>
    <code value="zimmer_biomet_primoris"/>
    <display value="Zimmer Biomet: Primoris"/>
    <definition value="Zimmer Biomet: Primoris"/>
  </concept>
  <concept>
    <code value="zimmer_biomet_revitan_revision_hip_system"/>
    <display value="Zimmer Biomet: Revitan Revision Hip System"/>
    <definition value="Zimmer Biomet: Revitan Revision Hip System"/>
  </concept>
  <concept>
    <code value="zimmer_biomet_stanmore"/>
    <display value="Zimmer Biomet: Stanmore"/>
    <definition value="Zimmer Biomet: Stanmore"/>
  </concept>
  <concept>
    <code value="zimmer_biomet_taperloc"/>
    <display value="Zimmer Biomet: Taperloc"/>
    <definition value="Zimmer Biomet: Taperloc"/>
  </concept>
  <concept>
    <code value="zimmer_biomet_wagner_cone"/>
    <display value="Zimmer Biomet: Wagner Cone"/>
    <definition value="Zimmer Biomet: Wagner Cone"/>
  </concept>
  <concept>
    <code value="zimmer_biomet_wagner_sl"/>
    <display value="Zimmer Biomet: Wagner SL"/>
    <definition value="Zimmer Biomet: Wagner SL"/>
  </concept>
  <concept>
    <code value="zimmer_biomet_zmr_porous_coated"/>
    <display value="Zimmer Biomet: ZMR porous-coated"/>
    <definition value="Zimmer Biomet: ZMR porous-coated"/>
  </concept>
  <concept>
    <code value="zimmer_biomet_zmr_splined"/>
    <display value="Zimmer Biomet: ZMR splined"/>
    <definition value="Zimmer Biomet: ZMR splined"/>
  </concept>
  <concept>
    <code value="zimmer_biomet_zmr_taper"/>
    <display value="Zimmer Biomet: ZMR Taper"/>
    <definition value="Zimmer Biomet: ZMR Taper"/>
  </concept>
  <concept>
    <code value="zimmer_biomet_zmr_taper_xl"/>
    <display value="Zimmer Biomet: ZMR Taper XL"/>
    <definition value="Zimmer Biomet: ZMR Taper XL"/>
  </concept>
</CodeSystem>