<?xml version="1.0" encoding="UTF-8"?>

<CodeSystem xmlns="http://hl7.org/fhir">
  <id value="SSSOrientation"/>
  <text>
    <status value="generated"/><div xmlns="http://www.w3.org/1999/xhtml"><p class="res-header-id"><b>Generated Narrative: CodeSystem SSSOrientation</b></p><a name="SSSOrientation"> </a><a name="hcSSSOrientation"> </a><a name="SSSOrientation-en-US"> </a><p>This  code system <code>https://kip.sundk.dk/fhir/CodeSystem/SSSOrientation</code> defines the following codes:</p><table class="codes"><tr><td style="white-space:nowrap"><b>Code</b></td><td><b>Definition</b></td></tr><tr><td style="white-space:nowrap">6<a name="SSSOrientation-6"> </a></td><td>3 korrekte svar.</td></tr><tr><td style="white-space:nowrap">4<a name="SSSOrientation-4"> </a></td><td>2 af 3 svar korrekte.</td></tr><tr><td style="white-space:nowrap">2<a name="SSSOrientation-2"> </a></td><td>1 af 3 svar korrekte.</td></tr><tr><td style="white-space:nowrap">0<a name="SSSOrientation-0"> </a></td><td>Ingen korrekte svar.</td></tr></table></div>
  </text>
  <url value="https://kip.sundk.dk/fhir/CodeSystem/SSSOrientation"/>
  <version value="0.0.9"/>
  <name value="SSSOrientation"/>
  <title value="Scandinavian Stroke Scale (SSS) - Orientation"/>
  <status value="active"/>
  <date value="2022-06-23T00:00:00+02:00"/>
  <publisher value="Sundhedsvæsnets Kvalistetsinstitut with Trifork Public A/S"/>
  <contact>
    <name value="Sundhedsvæsnets Kvalistetsinstitut with Trifork Public A/S"/>
    <telecom>
      <system value="url"/>
      <value value="https://trifork.com"/>
    </telecom>
    <telecom>
      <system value="email"/>
      <value value="rbk@trifork.com"/>
    </telecom>
  </contact>
  <description value="Scandinavian Stroke Scale (SSS) - Orientation: Der spørges, om hvilken måned det er, hvilket hospital patienten er på, og patientens CPR-nr."/>
  <content value="complete"/>
  <count value="4"/>
  <concept>
    <code value="6"/>
    <display value="6"/>
    <definition value="3 korrekte svar."/>
  </concept>
  <concept>
    <code value="4"/>
    <display value="4"/>
    <definition value="2 af 3 svar korrekte."/>
  </concept>
  <concept>
    <code value="2"/>
    <display value="2"/>
    <definition value="1 af 3 svar korrekte."/>
  </concept>
  <concept>
    <code value="0"/>
    <display value="0"/>
    <definition value="Ingen korrekte svar."/>
  </concept>
</CodeSystem>