<?xml version="1.0" encoding="UTF-8"?>

<CodeSystem xmlns="http://hl7.org/fhir">
  <id value="Dosis"/>
  <text>
    <status value="generated"/><div xmlns="http://www.w3.org/1999/xhtml"><p class="res-header-id"><b>Generated Narrative: CodeSystem Dosis</b></p><a name="Dosis"> </a><a name="hcDosis"> </a><a name="Dosis-en-US"> </a><p>This  code system <code>https://kip.sundk.dk/fhir/CodeSystem/Dosis</code> defines the following codes:</p><table class="codes"><tr><td style="white-space:nowrap"><b>Code</b></td><td><b>Display</b></td><td><b>Definition</b></td></tr><tr><td style="white-space:nowrap">le5000ie<a name="Dosis-le5000ie"> </a></td><td>&lt;= 5000</td><td>&lt;= 5000 IE</td></tr><tr><td style="white-space:nowrap">gt5000ie<a name="Dosis-gt5000ie"> </a></td><td>&gt; 5000</td><td>&gt; 5000 IE</td></tr></table></div>
  </text>
  <url value="https://kip.sundk.dk/fhir/CodeSystem/Dosis"/>
  <version value="0.0.9"/>
  <name value="Dosis"/>
  <title value="Dosis"/>
  <status value="active"/>
  <date value="2023-12-19T00:00:00+02:00"/>
  <publisher value="Sundhedsvæsnets Kvalistetsinstitut with Trifork Public A/S"/>
  <contact>
    <name value="Sundhedsvæsnets Kvalistetsinstitut with Trifork Public A/S"/>
    <telecom>
      <system value="url"/>
      <value value="https://trifork.com"/>
    </telecom>
    <telecom>
      <system value="email"/>
      <value value="rbk@trifork.com"/>
    </telecom>
  </contact>
  <description value="Dosis i givne mængder"/>
  <content value="complete"/>
  <count value="2"/>
  <concept>
    <code value="le5000ie"/>
    <display value="&lt;= 5000"/>
    <definition value="&lt;= 5000 IE"/>
  </concept>
  <concept>
    <code value="gt5000ie"/>
    <display value="&gt; 5000"/>
    <definition value="&gt; 5000 IE"/>
  </concept>
</CodeSystem>