<?xml version="1.0" encoding="UTF-8"?>

<CodeSystem xmlns="http://hl7.org/fhir">
  <id value="ArtrosePlacering"/>
  <text>
    <status value="generated"/><div xmlns="http://www.w3.org/1999/xhtml"><p class="res-header-id"><b>Generated Narrative: CodeSystem ArtrosePlacering</b></p><a name="ArtrosePlacering"> </a><a name="hcArtrosePlacering"> </a><a name="ArtrosePlacering-en-US"> </a><p>This case-insensitive code system <code>https://kip.sundk.dk/fhir/CodeSystem/ArtrosePlacering</code> defines the following codes:</p><table class="codes"><tr><td style="white-space:nowrap"><b>Code</b></td><td><b>Display</b></td><td><b>Definition</b></td></tr><tr><td style="white-space:nowrap">hmedial<a name="ArtrosePlacering-hmedial"> </a></td><td>Medial artrose</td><td>Medial artrose</td></tr><tr><td style="white-space:nowrap">lateral<a name="ArtrosePlacering-lateral"> </a></td><td>Lateral artrose</td><td>Lateral artrose</td></tr><tr><td style="white-space:nowrap">patellofemoral<a name="ArtrosePlacering-patellofemoral"> </a></td><td>Patellofemoral artrose</td><td>Patellofemoral artrose</td></tr><tr><td style="white-space:nowrap">2kammer<a name="ArtrosePlacering-2kammer"> </a></td><td>2-kammer artrose</td><td>2-kammer artrose</td></tr><tr><td style="white-space:nowrap">3kammer<a name="ArtrosePlacering-3kammer"> </a></td><td>3-kammer artrose</td><td>3-kammer artrose</td></tr></table></div>
  </text>
  <url value="https://kip.sundk.dk/fhir/CodeSystem/ArtrosePlacering"/>
  <version value="0.0.9"/>
  <name value="ArtrosePlacering"/>
  <title value="Placering af indikationsgivne artrose"/>
  <status value="active"/>
  <date value="2023-12-19T00:00:00+02:00"/>
  <publisher value="Sundhedsvæsnets Kvalistetsinstitut with Trifork Public A/S"/>
  <contact>
    <name value="Sundhedsvæsnets Kvalistetsinstitut with Trifork Public A/S"/>
    <telecom>
      <system value="url"/>
      <value value="https://trifork.com"/>
    </telecom>
    <telecom>
      <system value="email"/>
      <value value="rbk@trifork.com"/>
    </telecom>
  </contact>
  <description value="Placering af indikationsgivne artrose"/>
  <caseSensitive value="false"/>
  <content value="complete"/>
  <count value="5"/>
  <concept>
    <code value="hmedial"/>
    <display value="Medial artrose"/>
    <definition value="Medial artrose"/>
  </concept>
  <concept>
    <code value="lateral"/>
    <display value="Lateral artrose"/>
    <definition value="Lateral artrose"/>
  </concept>
  <concept>
    <code value="patellofemoral"/>
    <display value="Patellofemoral artrose"/>
    <definition value="Patellofemoral artrose"/>
  </concept>
  <concept>
    <code value="2kammer"/>
    <display value="2-kammer artrose"/>
    <definition value="2-kammer artrose"/>
  </concept>
  <concept>
    <code value="3kammer"/>
    <display value="3-kammer artrose"/>
    <definition value="3-kammer artrose"/>
  </concept>
</CodeSystem>