<?xml version="1.0" encoding="UTF-8"?>

<ValueSet xmlns="http://hl7.org/fhir">
  <id value="KomponentAcetabulumStatusDHR"/>
  <text>
    <status value="extensions"/><div xmlns="http://www.w3.org/1999/xhtml"><p class="res-header-id"><b>Generated Narrative: ValueSet KomponentAcetabulumStatusDHR</b></p><a name="KomponentAcetabulumStatusDHR"> </a><a name="hcKomponentAcetabulumStatusDHR"> </a><a name="KomponentAcetabulumStatusDHR-en-US"> </a><ul><li>Include these codes as defined in <a href="CodeSystem-GenericValues.html"><code>https://kip.sundk.dk/fhir/CodeSystem/GenericValues</code></a><table class="none"><tr><td style="white-space:nowrap"><b>Code</b></td><td><b>Display</b></td><td><b>Definition</b></td></tr><tr><td><a href="CodeSystem-GenericValues.html#GenericValues-replaced">replaced</a></td><td>Udskiftning af acetabulumkomponent</td><td>Replaced / Udskiftet</td></tr><tr><td><a href="CodeSystem-GenericValues.html#GenericValues-partial_replacement">partial_replacement</a></td><td>Kun udskiftning af liner (ved revision)</td><td>Partial replacement / Delvis udskiftning</td></tr><tr><td><a href="CodeSystem-GenericValues.html#GenericValues-removed">removed</a></td><td>Fjernelse af acetabulumkomponent (ved revision)</td><td>Removed / Fjernet</td></tr><tr><td><a href="CodeSystem-GenericValues.html#GenericValues-not_replaced">not_replaced</a></td><td>Ikke udskiftet (revision)</td><td>Not replaced / Ikke udskiftet</td></tr></table></li></ul></div>
  </text>
  <url value="https://kip.sundk.dk/fhir/ValueSet/KomponentAcetabulumStatusDHR"/>
  <version value="0.0.9"/>
  <name value="KomponentAcetabulumStatusDHR"/>
  <title value="Komponent - acetabulum, status (DHR)"/>
  <status value="active"/>
  <experimental value="true"/>
  <date value="2022-11-18T00:00:00+02:00"/>
  <publisher value="Sundhedsvæsnets Kvalistetsinstitut with Trifork Public A/S"/>
  <contact>
    <name value="Sundhedsvæsnets Kvalistetsinstitut with Trifork Public A/S"/>
    <telecom>
      <system value="url"/>
      <value value="https://trifork.com"/>
    </telecom>
    <telecom>
      <system value="email"/>
      <value value="rbk@trifork.com"/>
    </telecom>
  </contact>
  <description value="Komponent - acetabulum, status (DHR)"/>
  <compose>
    <include>
      <system value="https://kip.sundk.dk/fhir/CodeSystem/GenericValues"/>
      <concept>
        <code value="replaced"/>
        <display value="Udskiftning af acetabulumkomponent"/>
      </concept>
      <concept>
        <code value="partial_replacement"/>
        <display value="Kun udskiftning af liner (ved revision)"/>
      </concept>
      <concept>
        <code value="removed"/>
        <display value="Fjernelse af acetabulumkomponent (ved revision)"/>
      </concept>
      <concept>
        <code value="not_replaced"/>
        <display value="Ikke udskiftet (revision)"/>
      </concept>
    </include>
  </compose>
</ValueSet>