<?xml version="1.0" encoding="UTF-8"?>

<ValueSet xmlns="http://hl7.org/fhir">
  <id value="FISHProcedure"/>
  <text>
    <status value="extensions"/><div xmlns="http://www.w3.org/1999/xhtml"><p class="res-header-id"><b>Generated Narrative: ValueSet FISHProcedure</b></p><a name="FISHProcedure"> </a><a name="hcFISHProcedure"> </a><a name="FISHProcedure-en-US"> </a><p>This value set includes codes based on the following rules:</p><ul><li>Include these codes as defined in <a href="CodeSystem-FISHVariables.html"><code>https://kip.sundk.dk/fhir/CodeSystem/FISHVariables</code></a><table class="none"><tr><td style="white-space:nowrap"><b>Code</b></td><td><b>Display</b></td><td><b>Definition</b></td></tr><tr><td><a href="CodeSystem-FISHVariables.html#FISHVariables-cd138_sort">cd138_sort</a></td><td>plasmacelleindentifikation (CD138 sort)</td><td>CD138 sort</td></tr><tr><td><a href="CodeSystem-FISHVariables.html#FISHVariables-antibodies">antibodies</a></td><td>plasmacelleindentifikation (antistof)</td><td>Antibodies / Antistof</td></tr><tr><td><a href="CodeSystem-FISHVariables.html#FISHVariables-plasma_cell_identifikation_unspecific">plasma_cell_identifikation_unspecific</a></td><td>plasmacelleindentifikation (anden)</td><td>Plasma cell identification, unspecific / Plasmacelleidentifikation, uspecifik</td></tr></table></li><li>Include these codes as defined in <a href="CodeSystem-GenericValues.html"><code>https://kip.sundk.dk/fhir/CodeSystem/GenericValues</code></a><table class="none"><tr><td style="white-space:nowrap"><b>Code</b></td><td><b>Display</b></td><td><b>Definition</b></td></tr><tr><td><a href="CodeSystem-GenericValues.html#GenericValues-other">other</a></td><td>uden plasmacelleidentifikation</td><td>Other - used to choose unspecific value not in a valueset</td></tr></table></li></ul></div>
  </text>
  <url value="https://kip.sundk.dk/fhir/ValueSet/FISHProcedure"/>
  <version value="0.0.9"/>
  <name value="FISHProcedure"/>
  <title value="FISH plasma identifikation"/>
  <status value="active"/>
  <experimental value="true"/>
  <date value="2022-07-15T00:00:00+02:00"/>
  <publisher value="Sundhedsvæsnets Kvalistetsinstitut with Trifork Public A/S"/>
  <contact>
    <name value="Sundhedsvæsnets Kvalistetsinstitut with Trifork Public A/S"/>
    <telecom>
      <system value="url"/>
      <value value="https://trifork.com"/>
    </telecom>
    <telecom>
      <system value="email"/>
      <value value="rbk@trifork.com"/>
    </telecom>
  </contact>
  <description value="FISH plasma identifikation"/>
  <compose>
    <include>
      <system value="https://kip.sundk.dk/fhir/CodeSystem/FISHVariables"/>
      <concept>
        <code value="cd138_sort"/>
        <display value="plasmacelleindentifikation (CD138 sort)"/>
      </concept>
      <concept>
        <code value="antibodies"/>
        <display value="plasmacelleindentifikation (antistof)"/>
      </concept>
      <concept>
        <code value="plasma_cell_identifikation_unspecific"/>
        <display value="plasmacelleindentifikation (anden)"/>
      </concept>
    </include>
    <include>
      <system value="https://kip.sundk.dk/fhir/CodeSystem/GenericValues"/>
      <concept>
        <code value="other"/>
        <display value="uden plasmacelleidentifikation"/>
      </concept>
    </include>
  </compose>
</ValueSet>