<?xml version="1.0" encoding="UTF-8"?>

<ValueSet xmlns="http://hl7.org/fhir">
  <id value="GraftACLDKRR"/>
  <text>
    <status value="extensions"/><div xmlns="http://www.w3.org/1999/xhtml"><p class="res-header-id"><b>Generated Narrative: ValueSet GraftACLDKRR</b></p><a name="GraftACLDKRR"> </a><a name="hcGraftACLDKRR"> </a><a name="GraftACLDKRR-en-US"> </a><p>This value set includes codes based on the following rules:</p><ul><li>Include these codes as defined in <a href="CodeSystem-GraftCruciateLigaments.html"><code>https://kip.sundk.dk/fhir/CodeSystem/GraftCruciateLigaments</code></a><table class="none"><tr><td style="white-space:nowrap"><b>Code</b></td><td><b>Display</b></td><td><b>Definition</b></td></tr><tr><td><a href="CodeSystem-GraftCruciateLigaments.html#GraftCruciateLigaments-acl_repair_synthetic_reinforced">acl_repair_synthetic_reinforced</a></td><td>ACL repair med syntetisk forstærkning</td><td>ACL repair med syntetisk forstærkning</td></tr><tr><td><a href="CodeSystem-GraftCruciateLigaments.html#GraftCruciateLigaments-bach-allo">bach-allo</a></td><td>BACH-Allo</td><td>BACH-Allo</td></tr><tr><td><a href="CodeSystem-GraftCruciateLigaments.html#GraftCruciateLigaments-bptb">bptb</a></td><td>BPTB</td><td>BPTB</td></tr><tr><td><a href="CodeSystem-GraftCruciateLigaments.html#GraftCruciateLigaments-bptb-allo">bptb-allo</a></td><td>BPTB-Allo</td><td>BPTB-Allo</td></tr><tr><td><a href="CodeSystem-GraftCruciateLigaments.html#GraftCruciateLigaments-bqt">bqt</a></td><td>BQT</td><td>BQT</td></tr><tr><td><a href="CodeSystem-GraftCruciateLigaments.html#GraftCruciateLigaments-bqt-allo">bqt-allo</a></td><td>BQT-Allo</td><td>BQT-Allo</td></tr><tr><td><a href="CodeSystem-GraftCruciateLigaments.html#GraftCruciateLigaments-direct_suture">direct_suture</a></td><td>Direkte sutur</td><td>Direkte sutur</td></tr><tr><td><a href="CodeSystem-GraftCruciateLigaments.html#GraftCruciateLigaments-double-bundle_bqt">double-bundle_bqt</a></td><td>Double-bundle BQT</td><td>Double-bundle BQT</td></tr><tr><td><a href="CodeSystem-GraftCruciateLigaments.html#GraftCruciateLigaments-double-bundle_st">double-bundle_st</a></td><td>Double-bundle ST</td><td>Double-bundle ST</td></tr><tr><td><a href="CodeSystem-GraftCruciateLigaments.html#GraftCruciateLigaments-qt_without_bone_block">qt_without_bone_block</a></td><td>QT uden knogleklods</td><td>QT uden knogleklods</td></tr><tr><td><a href="CodeSystem-GraftCruciateLigaments.html#GraftCruciateLigaments-st_double">st_double</a></td><td>ST - Double</td><td>ST - Double</td></tr><tr><td><a href="CodeSystem-GraftCruciateLigaments.html#GraftCruciateLigaments-st_quadro">st_quadro</a></td><td>ST - Quadro</td><td>ST - Quadro</td></tr><tr><td><a href="CodeSystem-GraftCruciateLigaments.html#GraftCruciateLigaments-st_triple">st_triple</a></td><td>ST - Triple</td><td>ST - Triple</td></tr><tr><td><a href="CodeSystem-GraftCruciateLigaments.html#GraftCruciateLigaments-st.47gr">st/gr</a></td><td>ST/GR</td><td>ST/GR</td></tr><tr><td><a href="CodeSystem-GraftCruciateLigaments.html#GraftCruciateLigaments-st.47gr_allo">st/gr_allo</a></td><td>ST/GR allo</td><td>ST/GR allo</td></tr><tr><td><a href="CodeSystem-GraftCruciateLigaments.html#GraftCruciateLigaments-synthetic">synthetic</a></td><td>Syntetisk graft</td><td>Syntetisk graft</td></tr></table></li><li>Include these codes as defined in <a href="CodeSystem-GenericValues.html"><code>https://kip.sundk.dk/fhir/CodeSystem/GenericValues</code></a><table class="none"><tr><td style="white-space:nowrap"><b>Code</b></td><td><b>Display</b></td><td><b>Definition</b></td></tr><tr><td><a href="CodeSystem-GenericValues.html#GenericValues-other">other</a></td><td>Andet</td><td>Other - used to choose unspecific value not in a valueset</td></tr></table></li></ul></div>
  </text>
  <url value="https://kip.sundk.dk/fhir/ValueSet/GraftACLDKRR"/>
  <version value="0.0.9"/>
  <name value="GraftACLDKRR"/>
  <title value="Graft, ACL (DKRR)"/>
  <status value="active"/>
  <experimental value="true"/>
  <date value="2022-09-19T00:00:00+02:00"/>
  <publisher value="Sundhedsvæsnets Kvalistetsinstitut with Trifork Public A/S"/>
  <contact>
    <name value="Sundhedsvæsnets Kvalistetsinstitut with Trifork Public A/S"/>
    <telecom>
      <system value="url"/>
      <value value="https://trifork.com"/>
    </telecom>
    <telecom>
      <system value="email"/>
      <value value="rbk@trifork.com"/>
    </telecom>
  </contact>
  <description value="Graft, ACL (DKRR)"/>
  <compose>
    <include>
      <system value="https://kip.sundk.dk/fhir/CodeSystem/GraftCruciateLigaments"/>
      <concept>
        <code value="acl_repair_synthetic_reinforced"/>
        <display value="ACL repair med syntetisk forstærkning"/>
      </concept>
      <concept>
        <code value="bach-allo"/>
        <display value="BACH-Allo"/>
      </concept>
      <concept>
        <code value="bptb"/>
        <display value="BPTB"/>
      </concept>
      <concept>
        <code value="bptb-allo"/>
        <display value="BPTB-Allo"/>
      </concept>
      <concept>
        <code value="bqt"/>
        <display value="BQT"/>
      </concept>
      <concept>
        <code value="bqt-allo"/>
        <display value="BQT-Allo"/>
      </concept>
      <concept>
        <code value="direct_suture"/>
        <display value="Direkte sutur"/>
      </concept>
      <concept>
        <code value="double-bundle_bqt"/>
        <display value="Double-bundle BQT"/>
      </concept>
      <concept>
        <code value="double-bundle_st"/>
        <display value="Double-bundle ST"/>
      </concept>
      <concept>
        <code value="qt_without_bone_block"/>
        <display value="QT uden knogleklods"/>
      </concept>
      <concept>
        <code value="st_double"/>
        <display value="ST - Double"/>
      </concept>
      <concept>
        <code value="st_quadro"/>
        <display value="ST - Quadro"/>
      </concept>
      <concept>
        <code value="st_triple"/>
        <display value="ST - Triple"/>
      </concept>
      <concept>
        <code value="st/gr"/>
        <display value="ST/GR"/>
      </concept>
      <concept>
        <code value="st/gr_allo"/>
        <display value="ST/GR allo"/>
      </concept>
      <concept>
        <code value="synthetic"/>
        <display value="Syntetisk graft"/>
      </concept>
    </include>
    <include>
      <system value="https://kip.sundk.dk/fhir/CodeSystem/GenericValues"/>
      <concept>
        <code value="other"/>
        <display value="Andet"/>
      </concept>
    </include>
  </compose>
</ValueSet>