<?xml version="1.0" encoding="UTF-8"?>

<ValueSet xmlns="http://hl7.org/fhir">
  <id value="NIHSS6FunktionBen"/>
  <text>
    <status value="extensions"/><div xmlns="http://www.w3.org/1999/xhtml"><p class="res-header-id"><b>Generated Narrative: ValueSet NIHSS6FunktionBen</b></p><a name="NIHSS6FunktionBen"> </a><a name="hcNIHSS6FunktionBen"> </a><a name="NIHSS6FunktionBen-en-US"> </a><ul><li>Include these codes as defined in <a href="CodeSystem-NIHSS6MotorLeg.html"><code>https://kip.sundk.dk/fhir/CodeSystem/NIHSS6MotorLeg</code></a><table class="none"><tr><td style="white-space:nowrap"><b>Code</b></td><td><b>Display</b></td><td><b>Definition</b></td></tr><tr><td><a href="CodeSystem-NIHSS6MotorLeg.html#NIHSS6MotorLeg-0">0</a></td><td>0 = Ingen nedsynkning</td><td>No drift; leg holds 30-degree position for full 5 seconds.</td></tr><tr><td><a href="CodeSystem-NIHSS6MotorLeg.html#NIHSS6MotorLeg-1">1</a></td><td>1 = Nedsynkning, men ikke til underlag</td><td>Drift; leg falls by the end of the 5-second period but does not hit bed.</td></tr><tr><td><a href="CodeSystem-NIHSS6MotorLeg.html#NIHSS6MotorLeg-2">2</a></td><td>2 = Nogen kraft mod tyngde</td><td>Some effort against gravity; leg falls to bed by 5 seconds, but has some effort against gravity.</td></tr><tr><td><a href="CodeSystem-NIHSS6MotorLeg.html#NIHSS6MotorLeg-3">3</a></td><td>3 = Falder til underlag</td><td>No effort against gravity; leg falls to bed immediately.</td></tr><tr><td><a href="CodeSystem-NIHSS6MotorLeg.html#NIHSS6MotorLeg-4">4</a></td><td>4 = Ingen bevægelse</td><td>No movement.</td></tr><tr><td><a href="CodeSystem-NIHSS6MotorLeg.html#NIHSS6MotorLeg-UN">UN</a></td><td>5 = Kan ikke testes (amputation/stivgjort led/andet)</td><td>Amputation or joint fusion, explain:</td></tr></table></li></ul></div>
  </text>
  <url value="https://kip.sundk.dk/fhir/ValueSet/NIHSS6FunktionBen"/>
  <version value="0.0.9"/>
  <name value="NIHSS6FunktionBen"/>
  <title value="NIHSS - 6. Motorisk funktion i ben"/>
  <status value="active"/>
  <experimental value="true"/>
  <date value="2022-06-27T00:00:00+02:00"/>
  <publisher value="Sundhedsvæsnets Kvalistetsinstitut with Trifork Public A/S"/>
  <contact>
    <name value="Sundhedsvæsnets Kvalistetsinstitut with Trifork Public A/S"/>
    <telecom>
      <system value="url"/>
      <value value="https://trifork.com"/>
    </telecom>
    <telecom>
      <system value="email"/>
      <value value="rbk@trifork.com"/>
    </telecom>
  </contact>
  <description value="The National Institute of Health Stroke Scale (NIHSS) - 6. Motorisk funktion i ben"/>
  <compose>
    <include>
      <system value="https://kip.sundk.dk/fhir/CodeSystem/NIHSS6MotorLeg"/>
      <concept>
        <code value="0"/>
        <display value="0 = Ingen nedsynkning"/>
      </concept>
      <concept>
        <code value="1"/>
        <display value="1 = Nedsynkning, men ikke til underlag"/>
      </concept>
      <concept>
        <code value="2"/>
        <display value="2 = Nogen kraft mod tyngde"/>
      </concept>
      <concept>
        <code value="3"/>
        <display value="3 = Falder til underlag"/>
      </concept>
      <concept>
        <code value="4"/>
        <display value="4 = Ingen bevægelse"/>
      </concept>
      <concept>
        <code value="UN"/>
        <display value="5 = Kan ikke testes (amputation/stivgjort led/andet)"/>
      </concept>
    </include>
  </compose>
</ValueSet>