<?xml version="1.0" encoding="UTF-8"?>

<ValueSet xmlns="http://hl7.org/fhir">
  <id value="SuturTypeDHDB"/>
  <text>
    <status value="extensions"/><div xmlns="http://www.w3.org/1999/xhtml"><p class="res-header-id"><b>Generated Narrative: ValueSet SuturTypeDHDB</b></p><a name="SuturTypeDHDB"> </a><a name="hcSuturTypeDHDB"> </a><a name="SuturTypeDHDB-en-US"> </a><ul><li>Include these codes as defined in <a href="CodeSystem-MedicalFixationClosing.html"><code>https://kip.sundk.dk/fhir/CodeSystem/MedicalFixationClosing</code></a><table class="none"><tr><td style="white-space:nowrap"><b>Code</b></td><td><b>Display</b></td><td><b>Definition</b></td></tr><tr><td><a href="CodeSystem-MedicalFixationClosing.html#MedicalFixationClosing-not_self_locking">not_self_locking</a></td><td>Ikke-selvlåsende</td><td>Not self-locking / Ikke selvlåsende</td></tr><tr><td><a href="CodeSystem-MedicalFixationClosing.html#MedicalFixationClosing-v_loc">v_loc</a></td><td>Selvlåsende (V-LOC)</td><td>Self-locking (V-LOC) / Selflåsende (V-LOC)</td></tr><tr><td><a href="CodeSystem-MedicalFixationClosing.html#MedicalFixationClosing-stratafix">stratafix</a></td><td>Selvlåsende (Stratafix)</td><td>Self-locking (Stratafix) / Selflåsende (Stratafix)</td></tr><tr><td><a href="CodeSystem-MedicalFixationClosing.html#MedicalFixationClosing-self_locking">self_locking</a></td><td>Selvlåsende (anden, uspecifik)</td><td>Self-locking / Selvlåsende</td></tr></table></li></ul></div>
  </text>
  <url value="https://kip.sundk.dk/fhir/ValueSet/SuturTypeDHDB"/>
  <version value="0.0.9"/>
  <name value="SuturTypeDHDB"/>
  <title value="Sutur type; selvlåsende (DHDB)"/>
  <status value="active"/>
  <experimental value="true"/>
  <date value="2022-07-20T00:00:00+02:00"/>
  <publisher value="Sundhedsvæsnets Kvalistetsinstitut with Trifork Public A/S"/>
  <contact>
    <name value="Sundhedsvæsnets Kvalistetsinstitut with Trifork Public A/S"/>
    <telecom>
      <system value="url"/>
      <value value="https://trifork.com"/>
    </telecom>
    <telecom>
      <system value="email"/>
      <value value="rbk@trifork.com"/>
    </telecom>
  </contact>
  <description value="Suturtype; selvlåsende (DHDB)"/>
  <compose>
    <include>
      <system value="https://kip.sundk.dk/fhir/CodeSystem/MedicalFixationClosing"/>
      <concept>
        <code value="not_self_locking"/>
        <display value="Ikke-selvlåsende"/>
      </concept>
      <concept>
        <code value="v_loc"/>
        <display value="Selvlåsende (V-LOC)"/>
      </concept>
      <concept>
        <code value="stratafix"/>
        <display value="Selvlåsende (Stratafix)"/>
      </concept>
      <concept>
        <code value="self_locking"/>
        <display value="Selvlåsende (anden, uspecifik)"/>
      </concept>
    </include>
  </compose>
</ValueSet>