<?xml version="1.0" encoding="UTF-8"?>

<ValueSet xmlns="http://hl7.org/fhir">
  <id value="FoedselsstedRETSPSYK"/>
  <text>
    <status value="extensions"/><div xmlns="http://www.w3.org/1999/xhtml"><p class="res-header-id"><b>Generated Narrative: ValueSet FoedselsstedRETSPSYK</b></p><a name="FoedselsstedRETSPSYK"> </a><a name="hcFoedselsstedRETSPSYK"> </a><a name="FoedselsstedRETSPSYK-en-US"> </a><ul><li>Include these codes as defined in <a href="CodeSystem-Birthplace.html"><code>https://kip.sundk.dk/fhir/CodeSystem/Birthplace</code></a><table class="none"><tr><td style="white-space:nowrap"><b>Code</b></td><td><b>Display</b></td><td><b>Definition</b></td></tr><tr><td><a href="CodeSystem-Birthplace.html#Birthplace-DK">DK</a></td><td>Danmark</td><td>Denmark / Danmark</td></tr><tr><td><a href="CodeSystem-Birthplace.html#Birthplace-west">west</a></td><td>Vesten</td><td>West / Vesten</td></tr><tr><td><a href="CodeSystem-Birthplace.html#Birthplace-eastern_europe">eastern_europe</a></td><td>Østeuropa</td><td>Eastern Europe / Østeuropa</td></tr><tr><td><a href="CodeSystem-Birthplace.html#Birthplace-IR">IR</a></td><td>Iran</td><td>Iran</td></tr><tr><td><a href="CodeSystem-Birthplace.html#Birthplace-middle_east">middle_east</a></td><td>Mellemøsten</td><td>Middle East / Mellemøsten</td></tr><tr><td><a href="CodeSystem-Birthplace.html#Birthplace-north_africa">north_africa</a></td><td>Nordafrika</td><td>North Africa / Nordafrika</td></tr><tr><td><a href="CodeSystem-Birthplace.html#Birthplace-africa">africa</a></td><td>Afrika - øvrige</td><td>Africa / Afrika</td></tr><tr><td><a href="CodeSystem-Birthplace.html#Birthplace-far_east">far_east</a></td><td>Fjernøsten</td><td>Far East / Fjernøsten</td></tr><tr><td><a href="CodeSystem-Birthplace.html#Birthplace-rest_of_world">rest_of_world</a></td><td>Resten af verden</td><td>Rest of World / Resten af verden</td></tr><tr><td><a href="CodeSystem-Birthplace.html#Birthplace-GL">GL</a></td><td>Grønland</td><td>Greenland / Grønland</td></tr></table></li></ul></div>
  </text>
  <url value="https://kip.sundk.dk/fhir/ValueSet/FoedselsstedRETSPSYK"/>
  <version value="0.0.9"/>
  <name value="FoedselsstedRETSPSYK"/>
  <title value="Fødselssted (RETSPSYK)"/>
  <status value="active"/>
  <experimental value="true"/>
  <date value="2022-09-30T00:00:00+02:00"/>
  <publisher value="Sundhedsvæsnets Kvalistetsinstitut with Trifork Public A/S"/>
  <contact>
    <name value="Sundhedsvæsnets Kvalistetsinstitut with Trifork Public A/S"/>
    <telecom>
      <system value="url"/>
      <value value="https://trifork.com"/>
    </telecom>
    <telecom>
      <system value="email"/>
      <value value="rbk@trifork.com"/>
    </telecom>
  </contact>
  <description value="Fødselssted (RETSPSYK)"/>
  <compose>
    <include>
      <system value="https://kip.sundk.dk/fhir/CodeSystem/Birthplace"/>
      <concept>
        <code value="DK"/>
        <display value="Danmark"/>
      </concept>
      <concept>
        <code value="west"/>
        <display value="Vesten"/>
      </concept>
      <concept>
        <code value="eastern_europe"/>
        <display value="Østeuropa"/>
      </concept>
      <concept>
        <code value="IR"/>
        <display value="Iran"/>
      </concept>
      <concept>
        <code value="middle_east"/>
        <display value="Mellemøsten"/>
      </concept>
      <concept>
        <code value="north_africa"/>
        <display value="Nordafrika"/>
      </concept>
      <concept>
        <code value="africa"/>
        <display value="Afrika - øvrige"/>
      </concept>
      <concept>
        <code value="far_east"/>
        <display value="Fjernøsten"/>
      </concept>
      <concept>
        <code value="rest_of_world"/>
        <display value="Resten af verden"/>
      </concept>
      <concept>
        <code value="GL"/>
        <display value="Grønland"/>
      </concept>
    </include>
  </compose>
</ValueSet>