<?xml version="1.0" encoding="UTF-8"?>

<ValueSet xmlns="http://hl7.org/fhir">
  <id value="Trombolysepraeparater"/>
  <text>
    <status value="extensions"/><div xmlns="http://www.w3.org/1999/xhtml"><p class="res-header-id"><b>Generated Narrative: ValueSet Trombolysepraeparater</b></p><a name="Trombolysepraeparater"> </a><a name="hcTrombolysepraeparater"> </a><a name="Trombolysepraeparater-en-US"> </a><ul><li>Include these codes as defined in <a href="CodeSystem-Medicine.html"><code>https://kip.sundk.dk/fhir/CodeSystem/Medicine</code></a><table class="none"><tr><td style="white-space:nowrap"><b>Code</b></td><td><b>Display</b></td><td><b>Definition</b></td></tr><tr><td><a href="CodeSystem-Medicine.html#Medicine-alteplase">alteplase</a></td><td>Actilyse (alteplase)</td><td>Actilyse (alteplase)</td></tr><tr><td><a href="CodeSystem-Medicine.html#Medicine-tenecteplase">tenecteplase</a></td><td>Metalyse (tenecteplase)</td><td>Metalyse (tenecteplase)</td></tr></table></li></ul></div>
  </text>
  <url value="https://kip.sundk.dk/fhir/ValueSet/Trombolysepraeparater"/>
  <version value="0.0.9"/>
  <name value="Trombolysepraeparater"/>
  <title value="Trombolysepræparater"/>
  <status value="active"/>
  <experimental value="true"/>
  <date value="2024-04-29T00:00:00+02:00"/>
  <publisher value="Sundhedsvæsnets Kvalistetsinstitut with Trifork Public A/S"/>
  <contact>
    <name value="Sundhedsvæsnets Kvalistetsinstitut with Trifork Public A/S"/>
    <telecom>
      <system value="url"/>
      <value value="https://trifork.com"/>
    </telecom>
    <telecom>
      <system value="email"/>
      <value value="rbk@trifork.com"/>
    </telecom>
  </contact>
  <description value="Danstroke Trombolysepræparater"/>
  <compose>
    <include>
      <system value="https://kip.sundk.dk/fhir/CodeSystem/Medicine"/>
      <concept>
        <code value="alteplase"/>
        <display value="Actilyse (alteplase)"/>
      </concept>
      <concept>
        <code value="tenecteplase"/>
        <display value="Metalyse (tenecteplase)"/>
      </concept>
    </include>
  </compose>
</ValueSet>