<?xml version="1.0" encoding="UTF-8"?>

<ValueSet xmlns="http://hl7.org/fhir">
  <id value="AnastomoseLaekageGraduering"/>
  <text>
    <status value="extensions"/><div xmlns="http://www.w3.org/1999/xhtml"><p class="res-header-id"><b>Generated Narrative: ValueSet AnastomoseLaekageGraduering</b></p><a name="AnastomoseLaekageGraduering"> </a><a name="hcAnastomoseLaekageGraduering"> </a><a name="AnastomoseLaekageGraduering-en-US"> </a><ul><li>Include these codes as defined in <a href="CodeSystem-AnastomosisLeakGrading.html"><code>https://kip.sundk.dk/fhir/CodeSystem/AnastomosisLeakGrading</code></a><table class="none"><tr><td style="white-space:nowrap"><b>Code</b></td><td><b>Display</b></td><td><b>Definition</b></td></tr><tr><td><a href="CodeSystem-AnastomosisLeakGrading.html#AnastomosisLeakGrading-grade_a">grade_a</a></td><td>Grad A - Kræver ikke nogen form for aktiv terapeutisk behandling</td><td>Grad A - Kræver ikke nogen form for aktiv terapeutisk behandling</td></tr><tr><td><a href="CodeSystem-AnastomosisLeakGrading.html#AnastomosisLeakGrading-grade_b">grade_b</a></td><td>Grad B - Kræver aktiv terapeutisk behandling men ikke re-labaroskopi eller re-laparotomi</td><td>Grad B - Kræver aktiv terapeutisk behandling men ikke re-labaroskopi eller re-laparotomi</td></tr><tr><td><a href="CodeSystem-AnastomosisLeakGrading.html#AnastomosisLeakGrading-grade_c">grade_c</a></td><td>Grad C - Kræver aktiv terapeutisk behandling med re-labaroskopi eller re-laparotomi</td><td>Grad C - Kræver aktiv terapeutisk behandling med re-labaroskopi eller re-laparotomi</td></tr></table></li></ul></div>
  </text>
  <url value="https://kip.sundk.dk/fhir/ValueSet/AnastomoseLaekageGraduering"/>
  <version value="0.0.9"/>
  <name value="AnastomoseLaekageGraduering"/>
  <title value="AnastomoseLaekage graduering"/>
  <status value="active"/>
  <experimental value="true"/>
  <date value="2022-10-19T00:00:00+02:00"/>
  <publisher value="Sundhedsvæsnets Kvalistetsinstitut with Trifork Public A/S"/>
  <contact>
    <name value="Sundhedsvæsnets Kvalistetsinstitut with Trifork Public A/S"/>
    <telecom>
      <system value="url"/>
      <value value="https://trifork.com"/>
    </telecom>
    <telecom>
      <system value="email"/>
      <value value="rbk@trifork.com"/>
    </telecom>
  </contact>
  <description value="AnastomoseLaekage graduering"/>
  <compose>
    <include>
      <system value="https://kip.sundk.dk/fhir/CodeSystem/AnastomosisLeakGrading"/>
      <concept>
        <code value="grade_a"/>
        <display value="Grad A - Kræver ikke nogen form for aktiv terapeutisk behandling"/>
      </concept>
      <concept>
        <code value="grade_b"/>
        <display value="Grad B - Kræver aktiv terapeutisk behandling men ikke re-labaroskopi eller re-laparotomi"/>
      </concept>
      <concept>
        <code value="grade_c"/>
        <display value="Grad C - Kræver aktiv terapeutisk behandling med re-labaroskopi eller re-laparotomi"/>
      </concept>
    </include>
  </compose>
</ValueSet>