<?xml version="1.0" encoding="UTF-8"?>

<ValueSet xmlns="http://hl7.org/fhir">
  <id value="RegistreringEksklusionHAEMA"/>
  <text>
    <status value="extensions"/><div xmlns="http://www.w3.org/1999/xhtml"><p class="res-header-id"><b>Generated Narrative: ValueSet RegistreringEksklusionHAEMA</b></p><a name="RegistreringEksklusionHAEMA"> </a><a name="hcRegistreringEksklusionHAEMA"> </a><a name="RegistreringEksklusionHAEMA-en-US"> </a><p>This value set includes codes based on the following rules:</p><ul><li>Include these codes as defined in <a href="CodeSystem-DiseasesUnspecified.html"><code>https://kip.sundk.dk/fhir/CodeSystem/DiseasesUnspecified</code></a><table class="none"><tr><td style="white-space:nowrap"><b>Code</b></td><td><b>Display</b></td><td><b>Definition</b></td></tr><tr><td><a href="CodeSystem-DiseasesUnspecified.html#DiseasesUnspecified-amyloidose.602012">amyloidose&lt;2012</a></td><td>Amyloidose før 2012</td><td>Amyloidose før 2012</td></tr><tr><td><a href="CodeSystem-DiseasesUnspecified.html#DiseasesUnspecified-all.602005">all&lt;2005</a></td><td>ALL før 2005</td><td>ALL før 2005</td></tr><tr><td><a href="CodeSystem-DiseasesUnspecified.html#DiseasesUnspecified-all.602000">all&lt;2000</a></td><td>AML før 2000</td><td>AML før 2000</td></tr><tr><td><a href="CodeSystem-DiseasesUnspecified.html#DiseasesUnspecified-cll.602008">cll&lt;2008</a></td><td>CLL før 2008</td><td>CLL før 2008</td></tr><tr><td><a href="CodeSystem-DiseasesUnspecified.html#DiseasesUnspecified-hodgkin.601998">hodgkin&lt;1998</a></td><td>Hodgkin diagnosticeret før 1998 (2000 ØstDK)</td><td>Hodgkin diagnosticeret før 1998 (2000 ØstDK)</td></tr><tr><td><a href="CodeSystem-DiseasesUnspecified.html#DiseasesUnspecified-lymfom.601983">lymfom&lt;1983</a></td><td>Lymfom diagnosticeret før 1983 (2000 ØstDK)</td><td>Lymfom diagnosticeret før 1983 (2000 ØstDK)</td></tr><tr><td><a href="CodeSystem-DiseasesUnspecified.html#DiseasesUnspecified-mds.602010">mds&lt;2010</a></td><td>MDS diagnosticeret før 2010</td><td>MDS diagnosticeret før 2010</td></tr><tr><td><a href="CodeSystem-DiseasesUnspecified.html#DiseasesUnspecified-mgus.602013">mgus&lt;2013</a></td><td>MGUS eller Amyloidose før 2013</td><td>MGUS eller Amyloidose før 2013</td></tr><tr><td><a href="CodeSystem-DiseasesUnspecified.html#DiseasesUnspecified-myelom.602005">myelom&lt;2005</a></td><td>Myelomatose diagnosticeret før 2005</td><td>Myelomatose diagnosticeret før 2005</td></tr><tr><td><a href="CodeSystem-DiseasesUnspecified.html#DiseasesUnspecified-mpn.602010">mpn&lt;2010</a></td><td>Myeloproliferativ sygdom diagnosticeret før 2010</td><td>Myeloproliferativ sygdom diagnosticeret før 2010</td></tr><tr><td><a href="CodeSystem-DiseasesUnspecified.html#DiseasesUnspecified-leukaemi_haarcelle">leukaemi_haarcelle</a></td><td>Hårcelle leukæmi</td><td>Hårcelle leukæmi</td></tr><tr><td><a href="CodeSystem-DiseasesUnspecified.html#DiseasesUnspecified-lgl">lgl</a></td><td>Large Granular Leukemia (LGL)</td><td>Large Granular Leukemia (LGL)</td></tr><tr><td><a href="CodeSystem-DiseasesUnspecified.html#DiseasesUnspecified-t_pll">t_pll</a></td><td>T-Prolymfocytleukæmi</td><td>T-Prolymfocytleukæmi</td></tr></table></li><li>Include these codes as defined in <a href="CodeSystem-Registry.html"><code>https://kip.sundk.dk/fhir/CodeSystem/Registry</code></a><table class="none"><tr><td style="white-space:nowrap"><b>Code</b></td><td><b>Display</b></td><td><b>Definition</b></td></tr><tr><td><a href="CodeSystem-Registry.html#Registry-ej_reg_pligtig">ej_reg_pligtig</a></td><td>Ej registreringspligtig hæmatologisk sygdom</td><td>Ej registreringspligtig hæmatologisk sygdom</td></tr><tr><td><a href="CodeSystem-Registry.html#Registry-eksisterende">eksisterende</a></td><td>Eksisterende registreringer dækker over de(n) hæmatologiske sygdomme pt har</td><td>Eksisterende registreringer dækker over de(n) hæmatologiske sygdomme pt har</td></tr><tr><td><a href="CodeSystem-Registry.html#Registry-udland">udland</a></td><td>Bosiddende i udlandet på diagnosetidspunktet</td><td>Bosiddende i udlandet på diagnosetidspunktet</td></tr><tr><td><a href="CodeSystem-Registry.html#Registry-flyttet">flyttet</a></td><td>Patientforløb flyttet til anden hæmatologisk afdeling</td><td>Patientforløb flyttet til anden hæmatologisk afdeling</td></tr><tr><td><a href="CodeSystem-Registry.html#Registry-barn">barn</a></td><td>Behandlet på børneafdeling el anden IKKE hæmatologisk afd</td><td>Behandlet på børneafdeling el anden IKKE hæmatologisk afd</td></tr><tr><td><a href="CodeSystem-Registry.html#Registry-ej_relaps">ej_relaps</a></td><td>Pt har ikke relaps/progression</td><td>Pt har ikke relaps/progression</td></tr><tr><td><a href="CodeSystem-Registry.html#Registry-afsluttet">afsluttet</a></td><td>Afsluttet: Patientens forløb er afsluttet fra afdeling og følges IKKE på anden hæmatologisk afdeling</td><td>Afsluttet: Patientens forløb er afsluttet fra afdeling og følges IKKE på anden hæmatologisk afdeling</td></tr></table></li></ul></div>
  </text>
  <url value="https://kip.sundk.dk/fhir/ValueSet/RegistreringEksklusionHAEMA"/>
  <version value="0.0.9"/>
  <name value="RegistreringEksklusionHAEMA"/>
  <title value="Registrering - Eksklusionsårsag (HAEMA)"/>
  <status value="active"/>
  <experimental value="true"/>
  <date value="2022-08-22T00:00:00+02:00"/>
  <publisher value="Sundhedsvæsnets Kvalistetsinstitut with Trifork Public A/S"/>
  <contact>
    <name value="Sundhedsvæsnets Kvalistetsinstitut with Trifork Public A/S"/>
    <telecom>
      <system value="url"/>
      <value value="https://trifork.com"/>
    </telecom>
    <telecom>
      <system value="email"/>
      <value value="rbk@trifork.com"/>
    </telecom>
  </contact>
  <description value="Registrering - Eksklusionsårsag (HAEMA)"/>
  <compose>
    <include>
      <system value="https://kip.sundk.dk/fhir/CodeSystem/DiseasesUnspecified"/>
      <concept>
        <code value="amyloidose&lt;2012"/>
        <display value="Amyloidose før 2012"/>
      </concept>
      <concept>
        <code value="all&lt;2005"/>
        <display value="ALL før 2005"/>
      </concept>
      <concept>
        <code value="all&lt;2000"/>
        <display value="AML før 2000"/>
      </concept>
      <concept>
        <code value="cll&lt;2008"/>
        <display value="CLL før 2008"/>
      </concept>
      <concept>
        <code value="hodgkin&lt;1998"/>
        <display value="Hodgkin diagnosticeret før 1998 (2000 ØstDK)"/>
      </concept>
      <concept>
        <code value="lymfom&lt;1983"/>
        <display value="Lymfom diagnosticeret før 1983 (2000 ØstDK)"/>
      </concept>
      <concept>
        <code value="mds&lt;2010"/>
        <display value="MDS diagnosticeret før 2010"/>
      </concept>
      <concept>
        <code value="mgus&lt;2013"/>
        <display value="MGUS eller Amyloidose før 2013"/>
      </concept>
      <concept>
        <code value="myelom&lt;2005"/>
        <display value="Myelomatose diagnosticeret før 2005"/>
      </concept>
      <concept>
        <code value="mpn&lt;2010"/>
        <display value="Myeloproliferativ sygdom diagnosticeret før 2010"/>
      </concept>
      <concept>
        <code value="leukaemi_haarcelle"/>
        <display value="Hårcelle leukæmi"/>
      </concept>
      <concept>
        <code value="lgl"/>
        <display value="Large Granular Leukemia (LGL)"/>
      </concept>
      <concept>
        <code value="t_pll"/>
        <display value="T-Prolymfocytleukæmi"/>
      </concept>
    </include>
    <include>
      <system value="https://kip.sundk.dk/fhir/CodeSystem/Registry"/>
      <concept>
        <code value="ej_reg_pligtig"/>
        <display value="Ej registreringspligtig hæmatologisk sygdom"/>
      </concept>
      <concept>
        <code value="eksisterende"/>
        <display value="Eksisterende registreringer dækker over de(n) hæmatologiske sygdomme pt har"/>
      </concept>
      <concept>
        <code value="udland"/>
        <display value="Bosiddende i udlandet på diagnosetidspunktet"/>
      </concept>
      <concept>
        <code value="flyttet"/>
        <display value="Patientforløb flyttet til anden hæmatologisk afdeling"/>
      </concept>
      <concept>
        <code value="barn"/>
        <display value="Behandlet på børneafdeling el anden IKKE hæmatologisk afd"/>
      </concept>
      <concept>
        <code value="ej_relaps"/>
        <display value="Pt har ikke relaps/progression"/>
      </concept>
      <concept>
        <code value="afsluttet"/>
        <display value="Afsluttet: Patientens forløb er afsluttet fra afdeling og følges IKKE på anden hæmatologisk afdeling"/>
      </concept>
    </include>
  </compose>
</ValueSet>