<?xml version="1.0" encoding="UTF-8"?>

<ValueSet xmlns="http://hl7.org/fhir">
  <id value="TreatmentResponseALD"/>
  <text>
    <status value="extensions"/><div xmlns="http://www.w3.org/1999/xhtml"><p class="res-header-id"><b>Generated Narrative: ValueSet TreatmentResponseALD</b></p><a name="TreatmentResponseALD"> </a><a name="hcTreatmentResponseALD"> </a><a name="TreatmentResponseALD-en-US"> </a><p>This value set includes codes based on the following rules:</p><ul><li>Include these codes as defined in <a href="CodeSystem-TreatmentResponseEvaluation.html"><code>https://kip.sundk.dk/fhir/CodeSystem/TreatmentResponseEvaluation</code></a><table class="none"><tr><td style="white-space:nowrap"><b>Code</b></td><td><b>Display</b></td><td><b>Definition</b></td></tr><tr><td><a href="CodeSystem-TreatmentResponseEvaluation.html#TreatmentResponseEvaluation-complete_remission">complete_remission</a></td><td>Complete Remission</td><td>Complete remission (CR)</td></tr><tr><td><a href="CodeSystem-TreatmentResponseEvaluation.html#TreatmentResponseEvaluation-partial_remission">partial_remission</a></td><td>Partiel Remission</td><td>Partial remission (PR)</td></tr><tr><td><a href="CodeSystem-TreatmentResponseEvaluation.html#TreatmentResponseEvaluation-stable_disease">stable_disease</a></td><td>Stable Disease</td><td>Stable disease (SD/NC)</td></tr><tr><td><a href="CodeSystem-TreatmentResponseEvaluation.html#TreatmentResponseEvaluation-progressive_disease">progressive_disease</a></td><td>Progressive Disease</td><td>Progressive disease (PD)</td></tr><tr><td><a href="CodeSystem-TreatmentResponseEvaluation.html#TreatmentResponseEvaluation-uncertain_response">uncertain_response</a></td><td>Usikkert respons</td><td>Uncertain response</td></tr></table></li><li>Include these codes as defined in <a href="CodeSystem-Complications.html"><code>https://kip.sundk.dk/fhir/CodeSystem/Complications</code></a><table class="none"><tr><td style="white-space:nowrap"><b>Code</b></td><td><b>Display</b></td><td><b>Definition</b></td></tr><tr><td><a href="CodeSystem-Complications.html#Complications-mors">mors</a></td><td>Mors (før evaluering)</td><td>Mors, uventet</td></tr></table></li><li>Include these codes as defined in <a href="CodeSystem-GenericValues.html"><code>https://kip.sundk.dk/fhir/CodeSystem/GenericValues</code></a><table class="none"><tr><td style="white-space:nowrap"><b>Code</b></td><td><b>Display</b></td><td><b>Definition</b></td></tr><tr><td><a href="CodeSystem-GenericValues.html#GenericValues-not_performed">not_performed</a></td><td>Ej evalueret</td><td>Not performed - used to indicate, if a procedure or test has not been performed</td></tr></table></li></ul></div>
  </text>
  <url value="https://kip.sundk.dk/fhir/ValueSet/TreatmentResponseALD"/>
  <version value="0.0.9"/>
  <name value="TreatmentResponseALD"/>
  <title value="Patient respons på behandling (ALD)"/>
  <status value="active"/>
  <experimental value="true"/>
  <date value="2022-07-13T00:00:00+02:00"/>
  <publisher value="Sundhedsvæsnets Kvalistetsinstitut with Trifork Public A/S"/>
  <contact>
    <name value="Sundhedsvæsnets Kvalistetsinstitut with Trifork Public A/S"/>
    <telecom>
      <system value="url"/>
      <value value="https://trifork.com"/>
    </telecom>
    <telecom>
      <system value="email"/>
      <value value="rbk@trifork.com"/>
    </telecom>
  </contact>
  <description value="Hvordan reagerer patienten på behandlingen [ALD]"/>
  <compose>
    <include>
      <system value="https://kip.sundk.dk/fhir/CodeSystem/TreatmentResponseEvaluation"/>
      <concept>
        <code value="complete_remission"/>
        <display value="Complete Remission"/>
      </concept>
      <concept>
        <code value="partial_remission"/>
        <display value="Partiel Remission"/>
      </concept>
      <concept>
        <code value="stable_disease"/>
        <display value="Stable Disease"/>
      </concept>
      <concept>
        <code value="progressive_disease"/>
        <display value="Progressive Disease"/>
      </concept>
      <concept>
        <code value="uncertain_response"/>
        <display value="Usikkert respons"/>
      </concept>
    </include>
    <include>
      <system value="https://kip.sundk.dk/fhir/CodeSystem/Complications"/>
      <concept>
        <code value="mors"/>
        <display value="Mors (før evaluering)"/>
      </concept>
    </include>
    <include>
      <system value="https://kip.sundk.dk/fhir/CodeSystem/GenericValues"/>
      <concept>
        <code value="not_performed"/>
        <display value="Ej evalueret"/>
      </concept>
    </include>
  </compose>
</ValueSet>