<?xml version="1.0" encoding="UTF-8"?>

<ValueSet xmlns="http://hl7.org/fhir">
  <id value="StemlaengdeDSR"/>
  <text>
    <status value="extensions"/><div xmlns="http://www.w3.org/1999/xhtml"><p class="res-header-id"><b>Generated Narrative: ValueSet StemlaengdeDSR</b></p><a name="StemlaengdeDSR"> </a><a name="hcStemlaengdeDSR"> </a><a name="StemlaengdeDSR-en-US"> </a><ul><li>Include these codes as defined in <a href="CodeSystem-ImplantComponents.html"><code>https://kip.sundk.dk/fhir/CodeSystem/ImplantComponents</code></a><table class="none"><tr><td style="white-space:nowrap"><b>Code</b></td><td><b>Display</b></td><td><b>Definition</b></td></tr><tr><td><a href="CodeSystem-ImplantComponents.html#ImplantComponents-standard_length">standard_length</a></td><td>Standard længde</td><td>Standard length / Standard længde</td></tr><tr><td><a href="CodeSystem-ImplantComponents.html#ImplantComponents-extra_length">extra_length</a></td><td>Extra længde</td><td>Extra length / Extra længde</td></tr><tr><td><a href="CodeSystem-ImplantComponents.html#ImplantComponents-short_mini_length">short_mini_length</a></td><td>Kort/mini</td><td>Short/mini / Short/mini</td></tr></table></li></ul></div>
  </text>
  <url value="https://kip.sundk.dk/fhir/ValueSet/StemlaengdeDSR"/>
  <version value="0.0.9"/>
  <name value="StemlaengdeDSR"/>
  <title value="Stemlængde (DSR)"/>
  <status value="active"/>
  <experimental value="true"/>
  <date value="2022-10-06T00:00:00+02:00"/>
  <publisher value="Sundhedsvæsnets Kvalistetsinstitut with Trifork Public A/S"/>
  <contact>
    <name value="Sundhedsvæsnets Kvalistetsinstitut with Trifork Public A/S"/>
    <telecom>
      <system value="url"/>
      <value value="https://trifork.com"/>
    </telecom>
    <telecom>
      <system value="email"/>
      <value value="rbk@trifork.com"/>
    </telecom>
  </contact>
  <description value="Stemlængde (DSR)"/>
  <compose>
    <include>
      <system value="https://kip.sundk.dk/fhir/CodeSystem/ImplantComponents"/>
      <concept>
        <code value="standard_length"/>
        <display value="Standard længde"/>
      </concept>
      <concept>
        <code value="extra_length"/>
        <display value="Extra længde"/>
      </concept>
      <concept>
        <code value="short_mini_length"/>
        <display value="Kort/mini"/>
      </concept>
    </include>
  </compose>
</ValueSet>