<?xml version="1.0" encoding="UTF-8"?>

<ValueSet xmlns="http://hl7.org/fhir">
  <id value="ProgressionCML"/>
  <text>
    <status value="extensions"/><div xmlns="http://www.w3.org/1999/xhtml"><p class="res-header-id"><b>Generated Narrative: ValueSet ProgressionCML</b></p><a name="ProgressionCML"> </a><a name="hcProgressionCML"> </a><a name="ProgressionCML-en-US"> </a><p>This value set includes codes based on the following rules:</p><ul><li>Include these codes as defined in <a href="http://terminology.hl7.org/3.1.0/CodeSystem-v2-0532.html"><code>http://terminology.hl7.org/CodeSystem/v2-0532</code></a><table class="none"><tr><td style="white-space:nowrap"><b>Code</b></td><td><b>Display</b></td><td><b>Definition</b></td></tr><tr><td><a href="http://terminology.hl7.org/3.1.0/CodeSystem-v2-0532.html#v2-0532-N">N</a></td><td>Nej</td><td>No</td></tr></table></li><li>Include these codes as defined in <a href="CodeSystem-DiseasePhase.html"><code>https://kip.sundk.dk/fhir/CodeSystem/DiseasePhase</code></a><table class="none"><tr><td style="white-space:nowrap"><b>Code</b></td><td><b>Display</b></td><td><b>Definition</b></td></tr><tr><td><a href="CodeSystem-DiseasePhase.html#DiseasePhase-accelerated">accelerated</a></td><td>Accelereret fase</td><td>Accelerated phase / Accelereret fase / SNOMED-CT: 278179005</td></tr><tr><td><a href="CodeSystem-DiseasePhase.html#DiseasePhase-blast_crisis">blast_crisis</a></td><td>Blastkrise / Akut leukæmi</td><td>Blast crisis / Blastkrise</td></tr></table></li></ul></div>
  </text>
  <url value="https://kip.sundk.dk/fhir/ValueSet/ProgressionCML"/>
  <version value="0.0.9"/>
  <name value="ProgressionCML"/>
  <title value="Progression CML"/>
  <status value="active"/>
  <experimental value="true"/>
  <date value="2022-07-18T00:00:00+02:00"/>
  <publisher value="Sundhedsvæsnets Kvalistetsinstitut with Trifork Public A/S"/>
  <contact>
    <name value="Sundhedsvæsnets Kvalistetsinstitut with Trifork Public A/S"/>
    <telecom>
      <system value="url"/>
      <value value="https://trifork.com"/>
    </telecom>
    <telecom>
      <system value="email"/>
      <value value="rbk@trifork.com"/>
    </telecom>
  </contact>
  <description value="Progression CML"/>
  <compose>
    <include>
      <system value="http://terminology.hl7.org/CodeSystem/v2-0532"/>
      <concept>
        <code value="N"/>
        <display value="Nej"/>
      </concept>
    </include>
    <include>
      <system value="https://kip.sundk.dk/fhir/CodeSystem/DiseasePhase"/>
      <concept>
        <code value="accelerated"/>
        <display value="Accelereret fase"/>
      </concept>
      <concept>
        <code value="blast_crisis"/>
        <display value="Blastkrise / Akut leukæmi"/>
      </concept>
    </include>
  </compose>
</ValueSet>