<?xml version="1.0" encoding="UTF-8"?>

<ValueSet xmlns="http://hl7.org/fhir">
  <id value="ObservationAfdeling"/>
  <text>
    <status value="extensions"/><div xmlns="http://www.w3.org/1999/xhtml"><p class="res-header-id"><b>Generated Narrative: ValueSet ObservationAfdeling</b></p><a name="ObservationAfdeling"> </a><a name="hcObservationAfdeling"> </a><a name="ObservationAfdeling-en-US"> </a><ul><li>Include these codes as defined in <a href="CodeSystem-Observationssted.html"><code>https://kip.sundk.dk/fhir/CodeSystem/Observationssted</code></a><table class="none"><tr><td style="white-space:nowrap"><b>Code</b></td><td><b>Display</b></td><td><b>Definition</b></td></tr><tr><td><a href="CodeSystem-Observationssted.html#Observationssted-egenafd">egenafd</a></td><td>Egen afdeling</td><td>Egen afdeling</td></tr><tr><td><a href="CodeSystem-Observationssted.html#Observationssted-andet">andet</a></td><td>Anden afdeling</td><td>Andet</td></tr></table></li></ul></div>
  </text>
  <url value="https://kip.sundk.dk/fhir/ValueSet/ObservationAfdeling"/>
  <version value="0.0.9"/>
  <name value="ObservationAfdeling"/>
  <title value="Observation afdeling"/>
  <status value="active"/>
  <experimental value="true"/>
  <date value="2024-02-21T00:00:00+02:00"/>
  <publisher value="Sundhedsvæsnets Kvalistetsinstitut with Trifork Public A/S"/>
  <contact>
    <name value="Sundhedsvæsnets Kvalistetsinstitut with Trifork Public A/S"/>
    <telecom>
      <system value="url"/>
      <value value="https://trifork.com"/>
    </telecom>
    <telecom>
      <system value="email"/>
      <value value="rbk@trifork.com"/>
    </telecom>
  </contact>
  <description value="Observation af patienten på egen eller anden afdeling"/>
  <compose>
    <include>
      <system value="https://kip.sundk.dk/fhir/CodeSystem/Observationssted"/>
      <concept>
        <code value="egenafd"/>
        <display value="Egen afdeling"/>
      </concept>
      <concept>
        <code value="andet"/>
        <display value="Anden afdeling"/>
      </concept>
    </include>
  </compose>
</ValueSet>