<?xml version="1.0" encoding="UTF-8"?>

<ValueSet xmlns="http://hl7.org/fhir">
  <id value="Sygdomsfase"/>
  <text>
    <status value="extensions"/><div xmlns="http://www.w3.org/1999/xhtml"><p class="res-header-id"><b>Generated Narrative: ValueSet Sygdomsfase</b></p><a name="Sygdomsfase"> </a><a name="hcSygdomsfase"> </a><a name="Sygdomsfase-en-US"> </a><ul><li>Include these codes as defined in <a href="CodeSystem-DiseasePhase.html"><code>https://kip.sundk.dk/fhir/CodeSystem/DiseasePhase</code></a><table class="none"><tr><td style="white-space:nowrap"><b>Code</b></td><td><b>Display</b></td><td><b>Definition</b></td></tr><tr><td><a href="CodeSystem-DiseasePhase.html#DiseasePhase-chronic">chronic</a></td><td>Kronisk fase</td><td>Chronic phase / Kronisk fase / SNOMED-CT: 278177007</td></tr><tr><td><a href="CodeSystem-DiseasePhase.html#DiseasePhase-accelerated">accelerated</a></td><td>Accelereret fase</td><td>Accelerated phase / Accelereret fase / SNOMED-CT: 278179005</td></tr><tr><td><a href="CodeSystem-DiseasePhase.html#DiseasePhase-blast_crisis">blast_crisis</a></td><td>Blastkrise</td><td>Blast crisis / Blastkrise</td></tr></table></li></ul></div>
  </text>
  <url value="https://kip.sundk.dk/fhir/ValueSet/Sygdomsfase"/>
  <version value="0.0.9"/>
  <name value="Sygdomsfase"/>
  <title value="Disease Stage"/>
  <status value="active"/>
  <experimental value="true"/>
  <date value="2022-07-18T00:00:00+02:00"/>
  <publisher value="Sundhedsvæsnets Kvalistetsinstitut with Trifork Public A/S"/>
  <contact>
    <name value="Sundhedsvæsnets Kvalistetsinstitut with Trifork Public A/S"/>
    <telecom>
      <system value="url"/>
      <value value="https://trifork.com"/>
    </telecom>
    <telecom>
      <system value="email"/>
      <value value="rbk@trifork.com"/>
    </telecom>
  </contact>
  <description value="Sygdomsfase"/>
  <compose>
    <include>
      <system value="https://kip.sundk.dk/fhir/CodeSystem/DiseasePhase"/>
      <concept>
        <code value="chronic"/>
        <display value="Kronisk fase"/>
      </concept>
      <concept>
        <code value="accelerated"/>
        <display value="Accelereret fase"/>
      </concept>
      <concept>
        <code value="blast_crisis"/>
        <display value="Blastkrise"/>
      </concept>
    </include>
  </compose>
</ValueSet>