<?xml version="1.0" encoding="UTF-8"?>

<ValueSet xmlns="http://hl7.org/fhir">
  <id value="LokationAneurismeSAH"/>
  <text>
    <status value="extensions"/><div xmlns="http://www.w3.org/1999/xhtml"><p class="res-header-id"><b>Generated Narrative: ValueSet LokationAneurismeSAH</b></p><a name="LokationAneurismeSAH"> </a><a name="hcLokationAneurismeSAH"> </a><a name="LokationAneurismeSAH-en-US"> </a><p>This value set includes codes based on the following rules:</p><ul><li>Include these codes as defined in <a href="CodeSystem-SKS.html"><code>https://kip.sundk.dk/fhir/CodeSystem/SKS</code></a><table class="none"><tr><td style="white-space:nowrap"><b>Code</b></td><td><b>Display</b></td><td><b>Definition</b></td></tr><tr><td><a href="CodeSystem-SKS.html#SKS-T000526">T000526</a></td><td>A. communicans anterior</td><td>T000526 - arteria communicans anterior</td></tr><tr><td><a href="CodeSystem-SKS.html#SKS-T000527">T000527</a></td><td>A. cerebri anterior (inkl. a. pericallosa)</td><td>T000527 - arteria cerebri anterior</td></tr><tr><td><a href="CodeSystem-SKS.html#SKS-T000522">T000522</a></td><td>A. carotis interna (inkl. paraopthalmisk)</td><td>T000522 - arteria carotis interna</td></tr><tr><td><a href="CodeSystem-SKS.html#SKS-T000528">T000528</a></td><td>A. cerebri media</td><td>T000528 - arteria cerebri media</td></tr><tr><td><a href="CodeSystem-SKS.html#SKS-T000523">T000523</a></td><td>A. communicans posterior</td><td>T000523 - arteria communicans posterior</td></tr><tr><td><a href="CodeSystem-SKS.html#SKS-T000530">T000530</a></td><td>A. basilaris (inkl. Basilaris toppen)</td><td>T000530 - arteria basilaris</td></tr><tr><td><a href="CodeSystem-SKS.html#SKS-T000529">T000529</a></td><td>A. vertebralis</td><td>T000529 - arteria vertebralis</td></tr></table></li><li>Include these codes as defined in <a href="CodeSystem-AnatomicalLocations.html"><code>https://kip.sundk.dk/fhir/CodeSystem/AnatomicalLocations</code></a><table class="none"><tr><td style="white-space:nowrap"><b>Code</b></td><td><b>Display</b></td><td><b>Definition</b></td></tr><tr><td><a href="CodeSystem-AnatomicalLocations.html#AnatomicalLocations-acarotistop">acarotistop</a></td><td>Carotistop aneurisme</td><td>Top of arteria catoris</td></tr><tr><td><a href="CodeSystem-AnatomicalLocations.html#AnatomicalLocations-acerebellisuperior">acerebellisuperior</a></td><td>A. cerebelli superior</td><td>Arteria cerebelli superior</td></tr><tr><td><a href="CodeSystem-AnatomicalLocations.html#AnatomicalLocations-acerebelliantinf">acerebelliantinf</a></td><td>A. cerebelli anterior inferior</td><td>Arteria cerebelli anterior inferior</td></tr><tr><td><a href="CodeSystem-AnatomicalLocations.html#AnatomicalLocations-acerebelliposinf">acerebelliposinf</a></td><td>A. cerebelli posterior inferior</td><td>Arteria cerebelli posterior inferior</td></tr></table></li><li>Include these codes as defined in <a href="CodeSystem-GenericValues.html"><code>https://kip.sundk.dk/fhir/CodeSystem/GenericValues</code></a><table class="none"><tr><td style="white-space:nowrap"><b>Code</b></td><td><b>Display</b></td><td><b>Definition</b></td></tr><tr><td><a href="CodeSystem-GenericValues.html#GenericValues-other">other</a></td><td>Andet</td><td>Other - used to choose unspecific value not in a valueset</td></tr></table></li></ul></div>
  </text>
  <url value="https://kip.sundk.dk/fhir/ValueSet/LokationAneurismeSAH"/>
  <version value="0.0.9"/>
  <name value="LokationAneurismeSAH"/>
  <title value="Anatomisk lokation for anurisme [SAH]"/>
  <status value="active"/>
  <experimental value="true"/>
  <date value="2022-06-08T00:00:00+02:00"/>
  <publisher value="Sundhedsvæsnets Kvalistetsinstitut with Trifork Public A/S"/>
  <contact>
    <name value="Sundhedsvæsnets Kvalistetsinstitut with Trifork Public A/S"/>
    <telecom>
      <system value="url"/>
      <value value="https://trifork.com"/>
    </telecom>
    <telecom>
      <system value="email"/>
      <value value="rbk@trifork.com"/>
    </telecom>
  </contact>
  <description value="Anatomisk lokation for anurisme [SAH]"/>
  <compose>
    <include>
      <system value="https://kip.sundk.dk/fhir/CodeSystem/SKS"/>
      <concept>
        <code value="T000526"/>
        <display value="A. communicans anterior"/>
      </concept>
      <concept>
        <code value="T000527"/>
        <display value="A. cerebri anterior (inkl. a. pericallosa)"/>
      </concept>
      <concept>
        <code value="T000522"/>
        <display value="A. carotis interna (inkl. paraopthalmisk)"/>
      </concept>
      <concept>
        <code value="T000528"/>
        <display value="A. cerebri media"/>
      </concept>
      <concept>
        <code value="T000523"/>
        <display value="A. communicans posterior"/>
      </concept>
      <concept>
        <code value="T000530"/>
        <display value="A. basilaris (inkl. Basilaris toppen)"/>
      </concept>
      <concept>
        <code value="T000529"/>
        <display value="A. vertebralis"/>
      </concept>
    </include>
    <include>
      <system value="https://kip.sundk.dk/fhir/CodeSystem/AnatomicalLocations"/>
      <concept>
        <code value="acarotistop"/>
        <display value="Carotistop aneurisme"/>
      </concept>
      <concept>
        <code value="acerebellisuperior"/>
        <display value="A. cerebelli superior"/>
      </concept>
      <concept>
        <code value="acerebelliantinf"/>
        <display value="A. cerebelli anterior inferior"/>
      </concept>
      <concept>
        <code value="acerebelliposinf"/>
        <display value="A. cerebelli posterior inferior"/>
      </concept>
    </include>
    <include>
      <system value="https://kip.sundk.dk/fhir/CodeSystem/GenericValues"/>
      <concept>
        <code value="other"/>
        <display value="Andet"/>
      </concept>
    </include>
  </compose>
</ValueSet>