<?xml version="1.0" encoding="UTF-8"?>

<ValueSet xmlns="http://hl7.org/fhir">
  <id value="KnaeLoeshedPosterolateral"/>
  <text>
    <status value="extensions"/><div xmlns="http://www.w3.org/1999/xhtml"><p class="res-header-id"><b>Generated Narrative: ValueSet KnaeLoeshedPosterolateral</b></p><a name="KnaeLoeshedPosterolateral"> </a><a name="hcKnaeLoeshedPosterolateral"> </a><a name="KnaeLoeshedPosterolateral-en-US"> </a><ul><li>Include these codes as defined in <a href="CodeSystem-KneeLoosenessGrading.html"><code>https://kip.sundk.dk/fhir/CodeSystem/KneeLoosenessGrading</code></a><table class="none"><tr><td style="white-space:nowrap"><b>Code</b></td><td><b>Display</b></td><td><b>Definition</b></td></tr><tr><td><a href="CodeSystem-KneeLoosenessGrading.html#KneeLoosenessGrading-0-5">0-5</a></td><td>0-5 grader</td><td>0-5 degrees / 0-5 grader</td></tr><tr><td><a href="CodeSystem-KneeLoosenessGrading.html#KneeLoosenessGrading-6-10">6-10</a></td><td>6-10 grader</td><td>6-10 degrees / 6-10 grader</td></tr><tr><td><a href="CodeSystem-KneeLoosenessGrading.html#KneeLoosenessGrading-11-19">11-19</a></td><td>11-19 grader</td><td>11-19 degrees / 11-19 grader</td></tr><tr><td><a href="CodeSystem-KneeLoosenessGrading.html#KneeLoosenessGrading-.6220">&gt;20</a></td><td>&gt;20 grader</td><td>&gt;20 degrees / &gt;20 grader</td></tr></table></li></ul></div>
  </text>
  <url value="https://kip.sundk.dk/fhir/ValueSet/KnaeLoeshedPosterolateral"/>
  <version value="0.0.9"/>
  <name value="KnaeLoeshedPosterolateral"/>
  <title value="Knæ løshed (posterolateral)"/>
  <status value="active"/>
  <experimental value="true"/>
  <date value="2022-09-19T00:00:00+02:00"/>
  <publisher value="Sundhedsvæsnets Kvalistetsinstitut with Trifork Public A/S"/>
  <contact>
    <name value="Sundhedsvæsnets Kvalistetsinstitut with Trifork Public A/S"/>
    <telecom>
      <system value="url"/>
      <value value="https://trifork.com"/>
    </telecom>
    <telecom>
      <system value="email"/>
      <value value="rbk@trifork.com"/>
    </telecom>
  </contact>
  <description value="Knæ løshed (posterolateral)"/>
  <compose>
    <include>
      <system value="https://kip.sundk.dk/fhir/CodeSystem/KneeLoosenessGrading"/>
      <concept>
        <code value="0-5"/>
        <display value="0-5 grader"/>
      </concept>
      <concept>
        <code value="6-10"/>
        <display value="6-10 grader"/>
      </concept>
      <concept>
        <code value="11-19"/>
        <display value="11-19 grader"/>
      </concept>
      <concept>
        <code value="&gt;20"/>
        <display value="&gt;20 grader"/>
      </concept>
    </include>
  </compose>
</ValueSet>