<?xml version="1.0" encoding="UTF-8"?>

<ValueSet xmlns="http://hl7.org/fhir">
  <id value="AnaestesiDUGA"/>
  <text>
    <status value="extensions"/><div xmlns="http://www.w3.org/1999/xhtml"><p class="res-header-id"><b>Generated Narrative: ValueSet AnaestesiDUGA</b></p><a name="AnaestesiDUGA"> </a><a name="hcAnaestesiDUGA"> </a><a name="AnaestesiDUGA-en-US"> </a><ul><li>Include these codes as defined in <a href="CodeSystem-AnasthesiaService.html"><code>https://kip.sundk.dk/fhir/CodeSystem/AnasthesiaService</code></a><table class="none"><tr><td style="white-space:nowrap"><b>Code</b></td><td><b>Display</b></td><td><b>Definition</b></td></tr><tr><td><a href="CodeSystem-AnasthesiaService.html#AnasthesiaService-rus">rus</a></td><td>Rus</td><td>Rus</td></tr><tr><td><a href="CodeSystem-AnasthesiaService.html#AnasthesiaService-epidural">epidural</a></td><td>Epidural anæstesi</td><td>Epidural</td></tr><tr><td><a href="CodeSystem-AnasthesiaService.html#AnasthesiaService-universal">universal</a></td><td>Universal anæstesi</td><td>Universal</td></tr><tr><td><a href="CodeSystem-AnasthesiaService.html#AnasthesiaService-local_anesthesia">local_anesthesia</a></td><td>Lokal anæstesi</td><td>Lokal anæstesi / SNOMED-CT: 386761002</td></tr><tr><td><a href="CodeSystem-AnasthesiaService.html#AnasthesiaService-spinal">spinal</a></td><td>Spinal anæstesi</td><td>Spinal</td></tr></table></li></ul></div>
  </text>
  <url value="https://kip.sundk.dk/fhir/ValueSet/AnaestesiDUGA"/>
  <version value="0.0.9"/>
  <name value="AnaestesiDUGA"/>
  <title value="Anæstesiform (DUGA)"/>
  <status value="active"/>
  <experimental value="true"/>
  <date value="2024-02-15T00:00:00+02:00"/>
  <publisher value="Sundhedsvæsnets Kvalistetsinstitut with Trifork Public A/S"/>
  <contact>
    <name value="Sundhedsvæsnets Kvalistetsinstitut with Trifork Public A/S"/>
    <telecom>
      <system value="url"/>
      <value value="https://trifork.com"/>
    </telecom>
    <telecom>
      <system value="email"/>
      <value value="rbk@trifork.com"/>
    </telecom>
  </contact>
  <description value="Anæstesiform (DUGA)"/>
  <compose>
    <include>
      <system value="https://kip.sundk.dk/fhir/CodeSystem/AnasthesiaService"/>
      <concept>
        <code value="rus"/>
        <display value="Rus"/>
      </concept>
      <concept>
        <code value="epidural"/>
        <display value="Epidural anæstesi"/>
      </concept>
      <concept>
        <code value="universal"/>
        <display value="Universal anæstesi"/>
      </concept>
      <concept>
        <code value="local_anesthesia"/>
        <display value="Lokal anæstesi"/>
      </concept>
      <concept>
        <code value="spinal"/>
        <display value="Spinal anæstesi"/>
      </concept>
    </include>
  </compose>
</ValueSet>