<?xml version="1.0" encoding="UTF-8"?>

<ValueSet xmlns="http://hl7.org/fhir">
  <id value="LocationNodal"/>
  <text>
    <status value="extensions"/><div xmlns="http://www.w3.org/1999/xhtml"><p class="res-header-id"><b>Generated Narrative: ValueSet LocationNodal</b></p><a name="LocationNodal"> </a><a name="hcLocationNodal"> </a><a name="LocationNodal-en-US"> </a><ul><li>Include these codes as defined in <a href="CodeSystem-SKS.html"><code>https://kip.sundk.dk/fhir/CodeSystem/SKS</code></a><table class="none"><tr><td style="white-space:nowrap"><b>Code</b></td><td><b>Display</b></td><td><b>Definition</b></td></tr><tr><td><a href="CodeSystem-SKS.html#SKS-T000647">T000647</a></td><td>Rhinopharynx</td><td>T000647 - Pharynx</td></tr><tr><td><a href="CodeSystem-SKS.html#SKS-T000654">T000654</a></td><td>Waldeyers svælgring</td><td>T000654 - Ganetonsil</td></tr><tr><td><a href="CodeSystem-SKS.html#SKS-T000657">T000657</a></td><td>Tonsilla Palatina</td><td>T000657 - Ganetonsiller</td></tr><tr><td><a href="CodeSystem-SKS.html#SKS-T000146">T000146</a></td><td>Hals, Øvre</td><td>T000146 - lymfeknude på hals</td></tr><tr><td><a href="CodeSystem-SKS.html#SKS-T000148">T000148</a></td><td>Supraclaviculært</td><td>T000148 - supraclaviculær lymfeknude</td></tr><tr><td><a href="CodeSystem-SKS.html#SKS-T000154">T000154</a></td><td>Infraclaviculært</td><td>T000154 - infraclaviculær lymfeknude</td></tr><tr><td><a href="CodeSystem-SKS.html#SKS-T000174">T000174</a></td><td>Axiller</td><td>T000174 - lymfeknude i aksil</td></tr><tr><td><a href="CodeSystem-SKS.html#SKS-T001210">T001210</a></td><td>Mediastinum</td><td>T001210 - mediastinum</td></tr><tr><td><a href="CodeSystem-SKS.html#SKS-T000400">T000400</a></td><td>Lungehili</td><td>T000400 - lungehilum</td></tr><tr><td><a href="CodeSystem-SKS.html#SKS-T001227">T001227</a></td><td>Retroperitoneum</td><td>T001227 - retroperitoneum</td></tr><tr><td><a href="CodeSystem-SKS.html#SKS-T000132">T000132</a></td><td>Milt</td><td>T000132 - milt</td></tr><tr><td><a href="CodeSystem-SKS.html#SKS-T000702">T000702</a></td><td>Tarmkrøs</td><td>T000702 - mesenterium</td></tr><tr><td><a href="CodeSystem-SKS.html#SKS-T001231">T001231</a></td><td>Pelvis</td><td>T001231 - Pelvis</td></tr><tr><td><a href="CodeSystem-SKS.html#SKS-T000177">T000177</a></td><td>Ingvinale</td><td>T000177 - lymfeknude i inguen</td></tr></table></li></ul></div>
  </text>
  <url value="https://kip.sundk.dk/fhir/ValueSet/LocationNodal"/>
  <version value="0.0.9"/>
  <name value="LocationNodal"/>
  <title value="Sygdomslokalisation er kun nodalt (LYFO)"/>
  <status value="active"/>
  <experimental value="true"/>
  <date value="2023-03-15T00:00:00+02:00"/>
  <publisher value="Sundhedsvæsnets Kvalistetsinstitut with Trifork Public A/S"/>
  <contact>
    <name value="Sundhedsvæsnets Kvalistetsinstitut with Trifork Public A/S"/>
    <telecom>
      <system value="url"/>
      <value value="https://trifork.com"/>
    </telecom>
    <telecom>
      <system value="email"/>
      <value value="rbk@trifork.com"/>
    </telecom>
  </contact>
  <description value="Sygdomslokalisation i lymfe områder er kun nodalt (LYFO)"/>
  <compose>
    <include>
      <system value="https://kip.sundk.dk/fhir/CodeSystem/SKS"/>
      <concept>
        <code value="T000647"/>
        <display value="Rhinopharynx"/>
      </concept>
      <concept>
        <code value="T000654"/>
        <display value="Waldeyers svælgring"/>
      </concept>
      <concept>
        <code value="T000657"/>
        <display value="Tonsilla Palatina"/>
      </concept>
      <concept>
        <code value="T000146"/>
        <display value="Hals, Øvre"/>
      </concept>
      <concept>
        <code value="T000148"/>
        <display value="Supraclaviculært"/>
      </concept>
      <concept>
        <code value="T000154"/>
        <display value="Infraclaviculært"/>
      </concept>
      <concept>
        <code value="T000174"/>
        <display value="Axiller"/>
      </concept>
      <concept>
        <code value="T001210"/>
        <display value="Mediastinum"/>
      </concept>
      <concept>
        <code value="T000400"/>
        <display value="Lungehili"/>
      </concept>
      <concept>
        <code value="T001227"/>
        <display value="Retroperitoneum"/>
      </concept>
      <concept>
        <code value="T000132"/>
        <display value="Milt"/>
      </concept>
      <concept>
        <code value="T000702"/>
        <display value="Tarmkrøs"/>
      </concept>
      <concept>
        <code value="T001231"/>
        <display value="Pelvis"/>
      </concept>
      <concept>
        <code value="T000177"/>
        <display value="Ingvinale"/>
      </concept>
    </include>
  </compose>
</ValueSet>