<?xml version="1.0" encoding="UTF-8"?>

<ValueSet xmlns="http://hl7.org/fhir">
  <id value="ImplantattypeDUGA"/>
  <text>
    <status value="extensions"/><div xmlns="http://www.w3.org/1999/xhtml"><p class="res-header-id"><b>Generated Narrative: ValueSet ImplantattypeDUGA</b></p><a name="ImplantattypeDUGA"> </a><a name="hcImplantattypeDUGA"> </a><a name="ImplantattypeDUGA-en-US"> </a><ul><li>Include these codes as defined in <a href="CodeSystem-ImplantattypeDUGA.html"><code>https://kip.sundk.dk/fhir/CodeSystem/ImplantattypeDUGA</code></a><table class="none"><tr><td style="white-space:nowrap"><b>Code</b></td><td><b>Display</b></td><td><b>Definition</b></td></tr><tr><td><a href="CodeSystem-ImplantattypeDUGA.html#ImplantattypeDUGA-mesh_resorberbar">mesh_resorberbar</a></td><td>Syntetisk mesh, resorberbar</td><td>Syntetisk mesh, resorberbar</td></tr><tr><td><a href="CodeSystem-ImplantattypeDUGA.html#ImplantattypeDUGA-mesh_non_resorberbar">mesh_non_resorberbar</a></td><td>Syntetisk mesh, non-resorberbar</td><td>Syntetisk mesh, non-resorberbar</td></tr><tr><td><a href="CodeSystem-ImplantattypeDUGA.html#ImplantattypeDUGA-bio_autolog_graft">bio_autolog_graft</a></td><td>Biologisk implantat, autolog graft</td><td>Biologisk implantat, autolog graft</td></tr><tr><td><a href="CodeSystem-ImplantattypeDUGA.html#ImplantattypeDUGA-bio_allograft">bio_allograft</a></td><td>Biologisk implantat, allograft</td><td>Biologisk implantat, allograft</td></tr><tr><td><a href="CodeSystem-ImplantattypeDUGA.html#ImplantattypeDUGA-bio_xenograft">bio_xenograft</a></td><td>Biologisk implantat, xenograft</td><td>Biologisk implantat, xenograft</td></tr></table></li></ul></div>
  </text>
  <url value="https://kip.sundk.dk/fhir/ValueSet/ImplantattypeDUGA"/>
  <version value="0.0.9"/>
  <name value="ImplantattypeDUGA"/>
  <title value="Implantattype (DUGA)"/>
  <status value="active"/>
  <experimental value="true"/>
  <date value="2024-02-14T00:00:00+02:00"/>
  <publisher value="Sundhedsvæsnets Kvalistetsinstitut with Trifork Public A/S"/>
  <contact>
    <name value="Sundhedsvæsnets Kvalistetsinstitut with Trifork Public A/S"/>
    <telecom>
      <system value="url"/>
      <value value="https://trifork.com"/>
    </telecom>
    <telecom>
      <system value="email"/>
      <value value="rbk@trifork.com"/>
    </telecom>
  </contact>
  <description value="Implantattype (DUGA)"/>
  <compose>
    <include>
      <system value="https://kip.sundk.dk/fhir/CodeSystem/ImplantattypeDUGA"/>
      <concept>
        <code value="mesh_resorberbar"/>
        <display value="Syntetisk mesh, resorberbar"/>
      </concept>
      <concept>
        <code value="mesh_non_resorberbar"/>
        <display value="Syntetisk mesh, non-resorberbar"/>
      </concept>
      <concept>
        <code value="bio_autolog_graft"/>
        <display value="Biologisk implantat, autolog graft"/>
      </concept>
      <concept>
        <code value="bio_allograft"/>
        <display value="Biologisk implantat, allograft"/>
      </concept>
      <concept>
        <code value="bio_xenograft"/>
        <display value="Biologisk implantat, xenograft"/>
      </concept>
    </include>
  </compose>
</ValueSet>