<?xml version="1.0" encoding="UTF-8"?>

<ValueSet xmlns="http://hl7.org/fhir">
  <id value="FrekvensNedsynkningDUGA"/>
  <text>
    <status value="extensions"/><div xmlns="http://www.w3.org/1999/xhtml"><p class="res-header-id"><b>Generated Narrative: ValueSet FrekvensNedsynkningDUGA</b></p><a name="FrekvensNedsynkningDUGA"> </a><a name="hcFrekvensNedsynkningDUGA"> </a><a name="FrekvensNedsynkningDUGA-en-US"> </a><ul><li>Include these codes as defined in <a href="CodeSystem-Frekvens.html"><code>https://kip.sundk.dk/fhir/CodeSystem/Frekvens</code></a><table class="none"><tr><td style="white-space:nowrap"><b>Code</b></td><td><b>Display</b></td><td><b>Definition</b></td></tr><tr><td><a href="CodeSystem-Frekvens.html#Frekvens-aldrig">aldrig</a></td><td>Nej</td><td>Aldrig / Slet ikke</td></tr><tr><td><a href="CodeSystem-Frekvens.html#Frekvens-mdl-lt1">mdl-lt1</a></td><td>Ja, mindre end en gang om måneden</td><td>Mindre end 1 gang om måneden</td></tr><tr><td><a href="CodeSystem-Frekvens.html#Frekvens-mdl-1-4">mdl-1-4</a></td><td>Ja, en til fire gange om måneden</td><td>1-4 gange om måneden</td></tr><tr><td><a href="CodeSystem-Frekvens.html#Frekvens-ugl-ge1">ugl-ge1</a></td><td>Ja, en til flere gange om ugen</td><td>1 gang om ugen eller mere</td></tr><tr><td><a href="CodeSystem-Frekvens.html#Frekvens-dgl-ge1">dgl-ge1</a></td><td>Ja, en til flere gange i døgnet</td><td>1 eller flere gange om dagen</td></tr></table></li></ul></div>
  </text>
  <url value="https://kip.sundk.dk/fhir/ValueSet/FrekvensNedsynkningDUGA"/>
  <version value="0.0.9"/>
  <name value="FrekvensNedsynkningDUGA"/>
  <title value="Frekvens Nedsynkning (DUGA)"/>
  <status value="active"/>
  <experimental value="true"/>
  <date value="2024-02-13T00:00:00+02:00"/>
  <publisher value="Sundhedsvæsnets Kvalistetsinstitut with Trifork Public A/S"/>
  <contact>
    <name value="Sundhedsvæsnets Kvalistetsinstitut with Trifork Public A/S"/>
    <telecom>
      <system value="url"/>
      <value value="https://trifork.com"/>
    </telecom>
    <telecom>
      <system value="email"/>
      <value value="rbk@trifork.com"/>
    </telecom>
  </contact>
  <description value="Hvor ofte konstateres nedsynkning (DUGA)"/>
  <compose>
    <include>
      <system value="https://kip.sundk.dk/fhir/CodeSystem/Frekvens"/>
      <concept>
        <code value="aldrig"/>
        <display value="Nej"/>
      </concept>
      <concept>
        <code value="mdl-lt1"/>
        <display value="Ja, mindre end en gang om måneden"/>
      </concept>
      <concept>
        <code value="mdl-1-4"/>
        <display value="Ja, en til fire gange om måneden"/>
      </concept>
      <concept>
        <code value="ugl-ge1"/>
        <display value="Ja, en til flere gange om ugen"/>
      </concept>
      <concept>
        <code value="dgl-ge1"/>
        <display value="Ja, en til flere gange i døgnet"/>
      </concept>
    </include>
  </compose>
</ValueSet>