<?xml version="1.0" encoding="UTF-8"?>

<ValueSet xmlns="http://hl7.org/fhir">
  <id value="SORAfdelingerDNSL"/>
  <text>
    <status value="generated"/><div xmlns="http://www.w3.org/1999/xhtml"><p class="res-header-id"><b>Generated Narrative: ValueSet SORAfdelingerDNSL</b></p><a name="SORAfdelingerDNSL"> </a><a name="hcSORAfdelingerDNSL"> </a><a name="SORAfdelingerDNSL-en-US"> </a><ul><li>Include these codes as defined in <a href="CodeSystem-SOR.html"><code>https://kip.sundk.dk/fhir/CodeSystem/SOR</code></a><table class="none"><tr><td style="white-space:nowrap"><b>Code</b></td><td><b>Display</b></td></tr><tr><td><a href="CodeSystem-SOR.html#SOR-989231000016003">989231000016003</a></td><td>Hillerød, HI Endokrinologisk og Nefrologisk Overafd. (989231000016003)</td></tr><tr><td><a href="CodeSystem-SOR.html#SOR-264781000016005">264781000016005</a></td><td>Herlev, Nefrologisk overafd. B (264781000016005)</td></tr><tr><td><a href="CodeSystem-SOR.html#SOR-252441000016006">252441000016006</a></td><td>Rigshospitalet, Nefrologisk Klinik, P (252441000016006)</td></tr><tr><td><a href="CodeSystem-SOR.html#SOR-265611000016005">265611000016005</a></td><td>Rønne, Medicinsk overafd. (265611000016005)</td></tr><tr><td><a href="CodeSystem-SOR.html#SOR-227011000016003">227011000016003</a></td><td>Holbæk, HOL Medicin – Overafdeling (227011000016003)</td></tr><tr><td><a href="CodeSystem-SOR.html#SOR-223181000016000">223181000016000</a></td><td>Roskilde og Nykøbing Falster Sygehus, ROS Medicin – Overafdeling (223181000016000)</td></tr><tr><td><a href="CodeSystem-SOR.html#SOR-239831000016009">239831000016009</a></td><td>OUH Nyremedicinsk Afdeling Y (239831000016009)</td></tr><tr><td><a href="CodeSystem-SOR.html#SOR-246501000016005">246501000016005</a></td><td>Esbjerg, SVS Medicinsk Område (246501000016005)</td></tr><tr><td><a href="CodeSystem-SOR.html#SOR-247441000016006">247441000016006</a></td><td>Fredericia, SLB Medicinske Sygdomme (Kolding) (247441000016006)</td></tr><tr><td><a href="CodeSystem-SOR.html#SOR-504361000016006">504361000016006</a></td><td>Sønderborg, SHS Diabetes, Hormon- og Nyresygdomme (504361000016006)</td></tr><tr><td><a href="CodeSystem-SOR.html#SOR-453111000016005">453111000016005</a></td><td>Aarhus/Skejby, Nyresygdomme Overafdeling (453111000016005)</td></tr><tr><td><a href="CodeSystem-SOR.html#SOR-900231000016007">900231000016007</a></td><td>Holstebro, Gødstrup, Medicinsk Afdeling – RHG (900231000016007)</td></tr><tr><td><a href="CodeSystem-SOR.html#SOR-507561000016008">507561000016008</a></td><td>Viborg, Klinik for Nyresygdomme Viborg (507561000016008)</td></tr><tr><td><a href="CodeSystem-SOR.html#SOR-275931000016002">275931000016002</a></td><td>Aalborg, Nyremedicinsk område (275931000016002)</td></tr></table></li></ul></div>
  </text>
  <url value="https://kip.sundk.dk/fhir/ValueSet/SORAfdelingerDNSL"/>
  <version value="0.0.9"/>
  <name value="SORAfdelingerDNSL"/>
  <title value="SOR: Afdelinger (DNSL)"/>
  <status value="active"/>
  <experimental value="true"/>
  <date value="2024-01-31T00:00:00+02:00"/>
  <publisher value="Sundhedsvæsnets Kvalistetsinstitut with Trifork Public A/S"/>
  <contact>
    <name value="Sundhedsvæsnets Kvalistetsinstitut with Trifork Public A/S"/>
    <telecom>
      <system value="url"/>
      <value value="https://trifork.com"/>
    </telecom>
    <telecom>
      <system value="email"/>
      <value value="rbk@trifork.com"/>
    </telecom>
  </contact>
  <description value="SOR: Afdelinger Nyresvigt (DNSL)"/>
  <compose>
    <include>
      <system value="https://kip.sundk.dk/fhir/CodeSystem/SOR"/>
      <concept>
        <code value="989231000016003"/>
        <display value="Hillerød, HI Endokrinologisk og Nefrologisk Overafd. (989231000016003)"/>
      </concept>
      <concept>
        <code value="264781000016005"/>
        <display value="Herlev, Nefrologisk overafd. B (264781000016005)"/>
      </concept>
      <concept>
        <code value="252441000016006"/>
        <display value="Rigshospitalet, Nefrologisk Klinik, P (252441000016006)"/>
      </concept>
      <concept>
        <code value="265611000016005"/>
        <display value="Rønne, Medicinsk overafd. (265611000016005)"/>
      </concept>
      <concept>
        <code value="227011000016003"/>
        <display value="Holbæk, HOL Medicin – Overafdeling (227011000016003)"/>
      </concept>
      <concept>
        <code value="223181000016000"/>
        <display value="Roskilde og Nykøbing Falster Sygehus, ROS Medicin – Overafdeling (223181000016000)"/>
      </concept>
      <concept>
        <code value="239831000016009"/>
        <display value="OUH Nyremedicinsk Afdeling Y (239831000016009)"/>
      </concept>
      <concept>
        <code value="246501000016005"/>
        <display value="Esbjerg, SVS Medicinsk Område (246501000016005)"/>
      </concept>
      <concept>
        <code value="247441000016006"/>
        <display value="Fredericia, SLB Medicinske Sygdomme (Kolding) (247441000016006)"/>
      </concept>
      <concept>
        <code value="504361000016006"/>
        <display value="Sønderborg, SHS Diabetes, Hormon- og Nyresygdomme (504361000016006)"/>
      </concept>
      <concept>
        <code value="453111000016005"/>
        <display value="Aarhus/Skejby, Nyresygdomme Overafdeling (453111000016005)"/>
      </concept>
      <concept>
        <code value="900231000016007"/>
        <display value="Holstebro, Gødstrup, Medicinsk Afdeling – RHG (900231000016007)"/>
      </concept>
      <concept>
        <code value="507561000016008"/>
        <display value="Viborg, Klinik for Nyresygdomme Viborg (507561000016008)"/>
      </concept>
      <concept>
        <code value="275931000016002"/>
        <display value="Aalborg, Nyremedicinsk område (275931000016002)"/>
      </concept>
    </include>
  </compose>
</ValueSet>