<?xml version="1.0" encoding="UTF-8"?>

<ValueSet xmlns="http://hl7.org/fhir">
  <id value="CentralBlockType"/>
  <text>
    <status value="extensions"/><div xmlns="http://www.w3.org/1999/xhtml"><p class="res-header-id"><b>Generated Narrative: ValueSet CentralBlockType</b></p><a name="CentralBlockType"> </a><a name="hcCentralBlockType"> </a><a name="CentralBlockType-en-US"> </a><ul><li>Include these codes as defined in <a href="CodeSystem-BlockTypes.html"><code>https://kip.sundk.dk/fhir/CodeSystem/BlockTypes</code></a><table class="none"><tr><td style="white-space:nowrap"><b>Code</b></td><td><b>Display</b></td><td><b>Definition</b></td></tr><tr><td><a href="CodeSystem-BlockTypes.html#BlockTypes-epidural_cervical">epidural_cervical</a></td><td>Epidural Cervical</td><td>Epidural Cervical</td></tr><tr><td><a href="CodeSystem-BlockTypes.html#BlockTypes-epidural_thorakal">epidural_thorakal</a></td><td>Epidural Thorakal</td><td>Epidural Thorakal</td></tr><tr><td><a href="CodeSystem-BlockTypes.html#BlockTypes-epidural_sakral">epidural_sakral</a></td><td>Epidural Sakral</td><td>Epidural Sakral</td></tr><tr><td><a href="CodeSystem-BlockTypes.html#BlockTypes-epidural.43spinal">epidural+spinal</a></td><td>Epidural+Spinal</td><td>Epidural+Spinal</td></tr><tr><td><a href="CodeSystem-BlockTypes.html#BlockTypes-epidural_lumbal">epidural_lumbal</a></td><td>Epidural Lumbal</td><td>Epidural Lumbal</td></tr><tr><td><a href="CodeSystem-BlockTypes.html#BlockTypes-spinal_lumbal.34">spinal_lumbal&quot;</a></td><td>Spinal lumbal</td><td>Spinal lumbal</td></tr><tr><td><a href="CodeSystem-BlockTypes.html#BlockTypes-spinal_catheter">spinal_catheter</a></td><td>Spinal kateter</td><td>Spinal kateter</td></tr><tr><td><a href="CodeSystem-BlockTypes.html#BlockTypes-other">other</a></td><td>Anden</td><td>Anden blokadetype</td></tr></table></li></ul></div>
  </text>
  <url value="https://kip.sundk.dk/fhir/ValueSet/CentralBlockType"/>
  <version value="0.0.9"/>
  <name value="CentralBlockType"/>
  <title value="Typer af central blokade"/>
  <status value="active"/>
  <experimental value="true"/>
  <date value="2022-06-09T00:00:00+02:00"/>
  <publisher value="Sundhedsvæsnets Kvalistetsinstitut with Trifork Public A/S"/>
  <contact>
    <name value="Sundhedsvæsnets Kvalistetsinstitut with Trifork Public A/S"/>
    <telecom>
      <system value="url"/>
      <value value="https://trifork.com"/>
    </telecom>
    <telecom>
      <system value="email"/>
      <value value="rbk@trifork.com"/>
    </telecom>
  </contact>
  <description value="Typer af central blokade"/>
  <compose>
    <include>
      <system value="https://kip.sundk.dk/fhir/CodeSystem/BlockTypes"/>
      <concept>
        <code value="epidural_cervical"/>
        <display value="Epidural Cervical"/>
      </concept>
      <concept>
        <code value="epidural_thorakal"/>
        <display value="Epidural Thorakal"/>
      </concept>
      <concept>
        <code value="epidural_sakral"/>
        <display value="Epidural Sakral"/>
      </concept>
      <concept>
        <code value="epidural+spinal"/>
        <display value="Epidural+Spinal"/>
      </concept>
      <concept>
        <code value="epidural_lumbal"/>
        <display value="Epidural Lumbal"/>
      </concept>
      <concept>
        <code value="spinal_lumbal&quot;"/>
        <display value="Spinal lumbal"/>
      </concept>
      <concept>
        <code value="spinal_catheter"/>
        <display value="Spinal kateter"/>
      </concept>
      <concept>
        <code value="other"/>
        <display value="Anden"/>
      </concept>
    </include>
  </compose>
</ValueSet>