<?xml version="1.0" encoding="UTF-8"?>

<ValueSet xmlns="http://hl7.org/fhir">
  <id value="ComplicationAN"/>
  <text>
    <status value="extensions"/><div xmlns="http://www.w3.org/1999/xhtml"><p class="res-header-id"><b>Generated Narrative: ValueSet ComplicationAN</b></p><a name="ComplicationAN"> </a><a name="hcComplicationAN"> </a><a name="ComplicationAN-en-US"> </a><ul><li>Include these codes as defined in <a href="CodeSystem-Complications.html"><code>https://kip.sundk.dk/fhir/CodeSystem/Complications</code></a><table class="none"><tr><td style="white-space:nowrap"><b>Code</b></td><td><b>Display</b></td><td><b>Definition</b></td></tr><tr><td><a href="CodeSystem-Complications.html#Complications-anafylSchock">anafylSchock</a></td><td>Anafylaktisk reaktion/shock</td><td>Anafylaktisk reaktion/shock</td></tr><tr><td><a href="CodeSystem-Complications.html#Complications-anInterrupt">anInterrupt</a></td><td>Anæstesi afbrudt</td><td>Anæstesi afbrudt</td></tr><tr><td><a href="CodeSystem-Complications.html#Complications-appFailure">appFailure</a></td><td>Apparaturfejl</td><td>Apparaturfejl</td></tr><tr><td><a href="CodeSystem-Complications.html#Complications-aspiration">aspiration</a></td><td>Aspiration</td><td>Aspiration</td></tr><tr><td><a href="CodeSystem-Complications.html#Complications-duraptAcc">duraptAcc</a></td><td>Durapunktur accidentel</td><td>Durapunktur accidentel</td></tr><tr><td><a href="CodeSystem-Complications.html#Complications-heartFail">heartFail</a></td><td>Hjertestop</td><td>Hjertestop</td></tr><tr><td><a href="CodeSystem-Complications.html#Complications-huskeAN">huskeAN</a></td><td>Huskeanæstesi</td><td>Huskeanæstesi</td></tr><tr><td><a href="CodeSystem-Complications.html#Complications-malignHyp">malignHyp</a></td><td>Malign Hypertermi mistanke</td><td>Malign Hypertermi mistanke</td></tr><tr><td><a href="CodeSystem-Complications.html#Complications-medFail">medFail</a></td><td>Medicineringsfejl</td><td>Medicineringsfejl</td></tr><tr><td><a href="CodeSystem-Complications.html#Complications-neuMuscBlock">neuMuscBlock</a></td><td>Neuromuskulær blokade, forlænget virkning</td><td>Neuromuskulær blokade, forlænget virkning</td></tr><tr><td><a href="CodeSystem-Complications.html#Complications-dentInj">dentInj</a></td><td>Tandskade</td><td>Tandskade</td></tr><tr><td><a href="CodeSystem-Complications.html#Complications-mors">mors</a></td><td>Mors, uventet</td><td>Mors, uventet</td></tr></table></li></ul></div>
  </text>
  <url value="https://kip.sundk.dk/fhir/ValueSet/ComplicationAN"/>
  <version value="0.0.9"/>
  <name value="ComplicationAN"/>
  <title value="Anæstesi komplikationer"/>
  <status value="active"/>
  <experimental value="true"/>
  <date value="2022-06-01T00:00:00+02:00"/>
  <publisher value="Sundhedsvæsnets Kvalistetsinstitut with Trifork Public A/S"/>
  <contact>
    <name value="Sundhedsvæsnets Kvalistetsinstitut with Trifork Public A/S"/>
    <telecom>
      <system value="url"/>
      <value value="https://trifork.com"/>
    </telecom>
    <telecom>
      <system value="email"/>
      <value value="rbk@trifork.com"/>
    </telecom>
  </contact>
  <description value="Anæstesi komplikationer"/>
  <compose>
    <include>
      <system value="https://kip.sundk.dk/fhir/CodeSystem/Complications"/>
      <concept>
        <code value="anafylSchock"/>
        <display value="Anafylaktisk reaktion/shock"/>
      </concept>
      <concept>
        <code value="anInterrupt"/>
        <display value="Anæstesi afbrudt"/>
      </concept>
      <concept>
        <code value="appFailure"/>
        <display value="Apparaturfejl"/>
      </concept>
      <concept>
        <code value="aspiration"/>
        <display value="Aspiration"/>
      </concept>
      <concept>
        <code value="duraptAcc"/>
        <display value="Durapunktur accidentel"/>
      </concept>
      <concept>
        <code value="heartFail"/>
        <display value="Hjertestop"/>
      </concept>
      <concept>
        <code value="huskeAN"/>
        <display value="Huskeanæstesi"/>
      </concept>
      <concept>
        <code value="malignHyp"/>
        <display value="Malign Hypertermi mistanke"/>
      </concept>
      <concept>
        <code value="medFail"/>
        <display value="Medicineringsfejl"/>
      </concept>
      <concept>
        <code value="neuMuscBlock"/>
        <display value="Neuromuskulær blokade, forlænget virkning"/>
      </concept>
      <concept>
        <code value="dentInj"/>
        <display value="Tandskade"/>
      </concept>
      <concept>
        <code value="mors"/>
        <display value="Mors, uventet"/>
      </concept>
    </include>
  </compose>
</ValueSet>