{
  "resourceType" : "CodeSystem",
  "id" : "MeshTechnique",
  "text" : {
    "status" : "generated",
    "div" : "<div xmlns=\"http://www.w3.org/1999/xhtml\"><p class=\"res-header-id\"><b>Generated Narrative: CodeSystem MeshTechnique</b></p><a name=\"MeshTechnique\"> </a><a name=\"hcMeshTechnique\"> </a><a name=\"MeshTechnique-en-US\"> </a><p>This case-insensitive code system <code>https://kip.rkkp.dk/fhir/CodeSystem/MeshTechnique</code> defines the following codes:</p><table class=\"codes\"><tr><td style=\"white-space:nowrap\"><b>Code</b></td><td><b>Display</b></td><td><b>Definition</b></td></tr><tr><td style=\"white-space:nowrap\">keyhole<a name=\"MeshTechnique-keyhole\"> </a></td><td>Keyhole technique</td><td>Keyhole technique / Keyhole teknik</td></tr><tr><td style=\"white-space:nowrap\">sugarbaker<a name=\"MeshTechnique-sugarbaker\"> </a></td><td>Sugarbaker technique</td><td>Sugarbaker technique / Sugarbaker teknik</td></tr><tr><td style=\"white-space:nowrap\">combined<a name=\"MeshTechnique-combined\"> </a></td><td>Combined Keyhole and Sugerbaker technique</td><td>Combined Keyhole and Sugerbaker technique / Kombineret Keyhole og Sugarbaker teknik</td></tr><tr><td style=\"white-space:nowrap\">preperitoneal<a name=\"MeshTechnique-preperitoneal\"> </a></td><td>Preperitoneal technique</td><td>Preperitoneal technique / Præperitoneal teknik</td></tr><tr><td style=\"white-space:nowrap\">retromuscular<a name=\"MeshTechnique-retromuscular\"> </a></td><td>Retromuscular mesh repair technique (Pauli)</td><td>Retromuscular technique / Retromuskulær teknik</td></tr></table></div>"
  },
  "url" : "https://kip.rkkp.dk/fhir/CodeSystem/MeshTechnique",
  "version" : "0.1.8",
  "name" : "MeshTechnique",
  "title" : "Mesh technique",
  "status" : "active",
  "date" : "2022-07-21T00:00:00+02:00",
  "publisher" : "Sundhedsvæsnets Kvalistetsinstitut with Trifork Digital Health A/S",
  "contact" : [{
    "name" : "Sundhedsvæsnets Kvalistetsinstitut with Trifork Digital Health A/S",
    "telecom" : [{
      "system" : "url",
      "value" : "https://trifork.com"
    },
    {
      "system" : "email",
      "value" : "rbk@trifork.com"
    }]
  }],
  "description" : "Mesh technique",
  "caseSensitive" : false,
  "content" : "complete",
  "count" : 5,
  "concept" : [{
    "code" : "keyhole",
    "display" : "Keyhole technique",
    "definition" : "Keyhole technique / Keyhole teknik"
  },
  {
    "code" : "sugarbaker",
    "display" : "Sugarbaker technique",
    "definition" : "Sugarbaker technique / Sugarbaker teknik"
  },
  {
    "code" : "combined",
    "display" : "Combined Keyhole and Sugerbaker technique",
    "definition" : "Combined Keyhole and Sugerbaker technique / Kombineret Keyhole og Sugarbaker teknik"
  },
  {
    "code" : "preperitoneal",
    "display" : "Preperitoneal technique",
    "definition" : "Preperitoneal technique / Præperitoneal teknik"
  },
  {
    "code" : "retromuscular",
    "display" : "Retromuscular mesh repair technique (Pauli)",
    "definition" : "Retromuscular technique / Retromuskulær teknik"
  }]
}