{
  "resourceType" : "CodeSystem",
  "id" : "DHDeksklusionskriterie",
  "text" : {
    "status" : "generated",
    "div" : "<div xmlns=\"http://www.w3.org/1999/xhtml\"><p class=\"res-header-id\"><b>Generated Narrative: CodeSystem DHDeksklusionskriterie</b></p><a name=\"DHDeksklusionskriterie\"> </a><a name=\"hcDHDeksklusionskriterie\"> </a><a name=\"DHDeksklusionskriterie-en-US\"> </a><p>This  code system <code>https://kip.rkkp.dk/fhir/CodeSystem/DHDeksklusionskriterie</code> provides <b>a fragment</b> that includes following codes:</p><table class=\"codes\"><tr><td style=\"white-space:nowrap\"><b>Code</b></td><td><b>Display</b></td><td><b>Definition</b></td></tr><tr><td style=\"white-space:nowrap\">DHDA1<a name=\"DHDeksklusionskriterie-DHDA1\"> </a></td><td>A1</td><td>A1: Patienten har tidligere kendt og korrekt diagnosticeret og behandlet hjertesvigt</td></tr><tr><td style=\"white-space:nowrap\">DHDA2<a name=\"DHDeksklusionskriterie-DHDA2\"> </a></td><td>A2</td><td>A2: Patienter med akut myokardieinfarkt (AMI) med nedsat ejection fraction (EF/LVEF), hvor AMI er A-diagnosen</td></tr><tr><td style=\"white-space:nowrap\">DHDA3<a name=\"DHDeksklusionskriterie-DHDA3\"> </a></td><td>A3</td><td>A3: Patienten har ikke korrigerbar strukturel hjertesygdom og deraf følgende hjertesvigt</td></tr><tr><td style=\"white-space:nowrap\">DHDA4<a name=\"DHDeksklusionskriterie-DHDA4\"> </a></td><td>A4</td><td>A4: Primær årsag til hjertesvigt er hjerteklapsygdom og deraf følgende hjertesvigt</td></tr><tr><td style=\"white-space:nowrap\">DHDA5<a name=\"DHDeksklusionskriterie-DHDA5\"> </a></td><td>A5</td><td>A5: Primær årsag til hjertesvigt er hurtig hjerteryme (ofte atrieflimren) (kræver kardiologisk vurdering)</td></tr><tr><td style=\"white-space:nowrap\">DHDA6<a name=\"DHDeksklusionskriterie-DHDA6\"> </a></td><td>A6</td><td>A6: Patienten har cor pulmunale</td></tr><tr><td style=\"white-space:nowrap\">DHDA7<a name=\"DHDeksklusionskriterie-DHDA7\"> </a></td><td>A7</td><td>A7: Patienten har isoleret højresidig hjertesvigt</td></tr><tr><td style=\"white-space:nowrap\">DHDA8<a name=\"DHDeksklusionskriterie-DHDA8\"> </a></td><td>A8</td><td>A8: Patienten har gået hos privatpraktiserende speciallæge i kardiologi og er blevet diagnosticeret og behandlet hos denne</td></tr><tr><td style=\"white-space:nowrap\">DHDA9<a name=\"DHDeksklusionskriterie-DHDA9\"> </a></td><td>A9</td><td>A9: A-diagnose er ikke hjertesvigt</td></tr><tr><td style=\"white-space:nowrap\">DHDA10<a name=\"DHDeksklusionskriterie-DHDA10\"> </a></td><td>A10</td><td>A10: Patientforløb flyttet i KIP til behandlingsansvarlig afd</td></tr></table></div>"
  },
  "url" : "https://kip.rkkp.dk/fhir/CodeSystem/DHDeksklusionskriterie",
  "version" : "0.1.8",
  "name" : "DHDeksklusionskriterie",
  "title" : "DHD eksklusionskriterier",
  "status" : "active",
  "date" : "2022-06-22T00:00:00+02:00",
  "publisher" : "Sundhedsvæsnets Kvalistetsinstitut with Trifork Digital Health A/S",
  "contact" : [{
    "name" : "Sundhedsvæsnets Kvalistetsinstitut with Trifork Digital Health A/S",
    "telecom" : [{
      "system" : "url",
      "value" : "https://trifork.com"
    },
    {
      "system" : "email",
      "value" : "rbk@trifork.com"
    }]
  }],
  "description" : "Patienten skal ikke indberettes til DHD, fordi patienten opfylder et af følgende eksklusionskriterier.",
  "content" : "fragment",
  "count" : 10,
  "concept" : [{
    "code" : "DHDA1",
    "display" : "A1",
    "definition" : "A1: Patienten har tidligere kendt og korrekt diagnosticeret og behandlet hjertesvigt"
  },
  {
    "code" : "DHDA2",
    "display" : "A2",
    "definition" : "A2: Patienter med akut myokardieinfarkt (AMI) med nedsat ejection fraction (EF/LVEF), hvor AMI er A-diagnosen"
  },
  {
    "code" : "DHDA3",
    "display" : "A3",
    "definition" : "A3: Patienten har ikke korrigerbar strukturel hjertesygdom og deraf følgende hjertesvigt"
  },
  {
    "code" : "DHDA4",
    "display" : "A4",
    "definition" : "A4: Primær årsag til hjertesvigt er hjerteklapsygdom og deraf følgende hjertesvigt"
  },
  {
    "code" : "DHDA5",
    "display" : "A5",
    "definition" : "A5: Primær årsag til hjertesvigt er hurtig hjerteryme (ofte atrieflimren) (kræver kardiologisk vurdering)"
  },
  {
    "code" : "DHDA6",
    "display" : "A6",
    "definition" : "A6: Patienten har cor pulmunale"
  },
  {
    "code" : "DHDA7",
    "display" : "A7",
    "definition" : "A7: Patienten har isoleret højresidig hjertesvigt"
  },
  {
    "code" : "DHDA8",
    "display" : "A8",
    "definition" : "A8: Patienten har gået hos privatpraktiserende speciallæge i kardiologi og er blevet diagnosticeret og behandlet hos denne"
  },
  {
    "code" : "DHDA9",
    "display" : "A9",
    "definition" : "A9: A-diagnose er ikke hjertesvigt"
  },
  {
    "code" : "DHDA10",
    "display" : "A10",
    "definition" : "A10: Patientforløb flyttet i KIP til behandlingsansvarlig afd"
  }]
}