{
  "resourceType" : "CodeSystem",
  "id" : "RobotAssistDKR",
  "text" : {
    "status" : "generated",
    "div" : "<div xmlns=\"http://www.w3.org/1999/xhtml\"><p class=\"res-header-id\"><b>Generated Narrative: CodeSystem RobotAssistDKR</b></p><a name=\"RobotAssistDKR\"> </a><a name=\"hcRobotAssistDKR\"> </a><a name=\"RobotAssistDKR-en-US\"> </a><p>This  code system <code>https://kip.rkkp.dk/fhir/CodeSystem/RobotAssistDKR</code> defines the following codes:</p><table class=\"codes\"><tr><td style=\"white-space:nowrap\"><b>Code</b></td><td><b>Display</b></td><td><b>Definition</b></td></tr><tr><td style=\"white-space:nowrap\">mako<a name=\"RobotAssistDKR-mako\"> </a></td><td>Mako</td><td>Mako</td></tr><tr><td style=\"white-space:nowrap\">rosa<a name=\"RobotAssistDKR-rosa\"> </a></td><td>Rosa</td><td>Rosa</td></tr><tr><td style=\"white-space:nowrap\">velys<a name=\"RobotAssistDKR-velys\"> </a></td><td>Velys</td><td>Velys</td></tr><tr><td style=\"white-space:nowrap\">other<a name=\"RobotAssistDKR-other\"> </a></td><td>Andet</td><td>Andet</td></tr></table></div>"
  },
  "url" : "https://kip.rkkp.dk/fhir/CodeSystem/RobotAssistDKR",
  "version" : "0.1.8",
  "name" : "RobotAssistDKR",
  "title" : "Robot (DKR)",
  "status" : "active",
  "date" : "2024-12-02T00:00:00+02:00",
  "publisher" : "Sundhedsvæsnets Kvalistetsinstitut with Trifork Digital Health A/S",
  "contact" : [{
    "name" : "Sundhedsvæsnets Kvalistetsinstitut with Trifork Digital Health A/S",
    "telecom" : [{
      "system" : "url",
      "value" : "https://trifork.com"
    },
    {
      "system" : "email",
      "value" : "rbk@trifork.com"
    }]
  }],
  "description" : "Robottyper til robot assisteret kirurgi (DKR)",
  "content" : "complete",
  "count" : 4,
  "concept" : [{
    "code" : "mako",
    "display" : "Mako",
    "definition" : "Mako"
  },
  {
    "code" : "rosa",
    "display" : "Rosa",
    "definition" : "Rosa"
  },
  {
    "code" : "velys",
    "display" : "Velys",
    "definition" : "Velys"
  },
  {
    "code" : "other",
    "display" : "Andet",
    "definition" : "Andet"
  }]
}