{
  "resourceType" : "CodeSystem",
  "id" : "ACTherapyNotGiven",
  "text" : {
    "status" : "generated",
    "div" : "<div xmlns=\"http://www.w3.org/1999/xhtml\"><p class=\"res-header-id\"><b>Generated Narrative: CodeSystem ACTherapyNotGiven</b></p><a name=\"ACTherapyNotGiven\"> </a><a name=\"hcACTherapyNotGiven\"> </a><a name=\"ACTherapyNotGiven-en-US\"> </a><p>This  code system <code>https://kip.rkkp.dk/fhir/CodeSystem/ACTherapyNotGiven</code> defines the following codes:</p><table class=\"codes\"><tr><td style=\"white-space:nowrap\"><b>Code</b></td><td><b>Display</b></td><td><b>Definition</b></td></tr><tr><td style=\"white-space:nowrap\">activebleeding<a name=\"ACTherapyNotGiven-activebleeding\"> </a></td><td>Aktiv blødning</td><td>Aktiv blødning</td></tr><tr><td style=\"white-space:nowrap\">intracerebralhaemorrhage<a name=\"ACTherapyNotGiven-intracerebralhaemorrhage\"> </a></td><td>Nylig intracerebral blødning</td><td>Nylig intracerebral blødning</td></tr><tr><td style=\"white-space:nowrap\">hypertension<a name=\"ACTherapyNotGiven-hypertension\"> </a></td><td>Ukontrolleret hypertension</td><td>Ukontrolleret hypertension (≥160 mmHg)</td></tr><tr><td style=\"white-space:nowrap\">diathesis<a name=\"ACTherapyNotGiven-diathesis\"> </a></td><td>Hæmoragisk diatese</td><td>Hæmoragisk diatese</td></tr><tr><td style=\"white-space:nowrap\">othertreatment<a name=\"ACTherapyNotGiven-othertreatment\"> </a></td><td>Anden behandling</td><td>Anden behandling (aurikellukning, LMWH i terapeutiske doser)</td></tr><tr><td style=\"white-space:nowrap\">dementia<a name=\"ACTherapyNotGiven-dementia\"> </a></td><td>Svær demens</td><td>Svær demens</td></tr><tr><td style=\"white-space:nowrap\">reducedfunctionlevel<a name=\"ACTherapyNotGiven-reducedfunctionlevel\"> </a></td><td>Betydelig reduceret funktionsniveau</td><td>Betydelig reduceret funktionsniveau (mRS ≥4)</td></tr><tr><td style=\"white-space:nowrap\">lifespanbelow3months<a name=\"ACTherapyNotGiven-lifespanbelow3months\"> </a></td><td>Forventet livslængde under 3 måneder</td><td>Forventet livslængde under 3 måneder</td></tr><tr><td style=\"white-space:nowrap\">nopatientconsent<a name=\"ACTherapyNotGiven-nopatientconsent\"> </a></td><td>Manglende patientsamtykke</td><td>Manglende patientsamtykke</td></tr></table></div>"
  },
  "url" : "https://kip.rkkp.dk/fhir/CodeSystem/ACTherapyNotGiven",
  "version" : "0.1.8",
  "name" : "ACTherapyNotGiven",
  "title" : "Reasons for not giving anticoagulation therapy",
  "status" : "active",
  "date" : "2022-06-03T00:00:00+02:00",
  "publisher" : "Sundhedsvæsnets Kvalistetsinstitut with Trifork Digital Health A/S",
  "contact" : [{
    "name" : "Sundhedsvæsnets Kvalistetsinstitut with Trifork Digital Health A/S",
    "telecom" : [{
      "system" : "url",
      "value" : "https://trifork.com"
    },
    {
      "system" : "email",
      "value" : "rbk@trifork.com"
    }]
  }],
  "description" : "Årsagen til hvorfor man har fravalgt antikoagulationsbehandling.",
  "content" : "complete",
  "count" : 9,
  "concept" : [{
    "code" : "activebleeding",
    "display" : "Aktiv blødning",
    "definition" : "Aktiv blødning"
  },
  {
    "code" : "intracerebralhaemorrhage",
    "display" : "Nylig intracerebral blødning",
    "definition" : "Nylig intracerebral blødning"
  },
  {
    "code" : "hypertension",
    "display" : "Ukontrolleret hypertension",
    "definition" : "Ukontrolleret hypertension (≥160 mmHg)"
  },
  {
    "code" : "diathesis",
    "display" : "Hæmoragisk diatese",
    "definition" : "Hæmoragisk diatese"
  },
  {
    "code" : "othertreatment",
    "display" : "Anden behandling",
    "definition" : "Anden behandling (aurikellukning, LMWH i terapeutiske doser)"
  },
  {
    "code" : "dementia",
    "display" : "Svær demens",
    "definition" : "Svær demens"
  },
  {
    "code" : "reducedfunctionlevel",
    "display" : "Betydelig reduceret funktionsniveau",
    "definition" : "Betydelig reduceret funktionsniveau (mRS ≥4)"
  },
  {
    "code" : "lifespanbelow3months",
    "display" : "Forventet livslængde under 3 måneder",
    "definition" : "Forventet livslængde under 3 måneder"
  },
  {
    "code" : "nopatientconsent",
    "display" : "Manglende patientsamtykke",
    "definition" : "Manglende patientsamtykke"
  }]
}