{
  "resourceType" : "CodeSystem",
  "id" : "Cyclus",
  "text" : {
    "status" : "generated",
    "div" : "<div xmlns=\"http://www.w3.org/1999/xhtml\"><p class=\"res-header-id\"><b>Generated Narrative: CodeSystem Cyclus</b></p><a name=\"Cyclus\"> </a><a name=\"hcCyclus\"> </a><a name=\"Cyclus-en-US\"> </a><p>This case-insensitive code system <code>https://kip.rkkp.dk/fhir/CodeSystem/Cyclus</code> defines the following codes:</p><table class=\"codes\"><tr><td style=\"white-space:nowrap\"><b>Code</b></td><td><b>Display</b></td><td><b>Definition</b></td></tr><tr><td style=\"white-space:nowrap\">0-6-dage<a name=\"Cyclus-0-6-dage\"> </a></td><td>0-6 dage</td><td>0-6 dage</td></tr><tr><td style=\"white-space:nowrap\">1-2-dage<a name=\"Cyclus-1-2-dage\"> </a></td><td>1-2 dage</td><td>1-2 dage</td></tr><tr><td style=\"white-space:nowrap\">3-4-dage<a name=\"Cyclus-3-4-dage\"> </a></td><td>3-4 dage</td><td>3-4 dage</td></tr><tr><td style=\"white-space:nowrap\">le5-dage<a name=\"Cyclus-le5-dage\"> </a></td><td>&lt;=5 dage</td><td>&lt;=5 dage</td></tr><tr><td style=\"white-space:nowrap\">5-6-dage<a name=\"Cyclus-5-6-dage\"> </a></td><td>5-6 dage</td><td>5-6 dage</td></tr><tr><td style=\"white-space:nowrap\">6-10-dage<a name=\"Cyclus-6-10-dage\"> </a></td><td>6-10 dage</td><td>6-10 dage</td></tr><tr><td style=\"white-space:nowrap\">ge7-dage<a name=\"Cyclus-ge7-dage\"> </a></td><td>&gt;=7 dage</td><td>&gt;=7 dage</td></tr><tr><td style=\"white-space:nowrap\">gt10-dage<a name=\"Cyclus-gt10-dage\"> </a></td><td>&gt;10 dage</td><td>&gt;10 dage</td></tr><tr><td style=\"white-space:nowrap\">14-dage<a name=\"Cyclus-14-dage\"> </a></td><td>14 dage</td><td>14 dage</td></tr><tr><td style=\"white-space:nowrap\">21-dage<a name=\"Cyclus-21-dage\"> </a></td><td>21 dage</td><td>21 dage</td></tr><tr><td style=\"white-space:nowrap\">28-dage<a name=\"Cyclus-28-dage\"> </a></td><td>28 dage</td><td>28 dage</td></tr></table></div>"
  },
  "url" : "https://kip.rkkp.dk/fhir/CodeSystem/Cyclus",
  "version" : "0.1.8",
  "name" : "Cyclus",
  "title" : "Cyclus",
  "status" : "active",
  "date" : "2023-05-17T00:00:00+02:00",
  "publisher" : "Sundhedsvæsnets Kvalistetsinstitut with Trifork Digital Health A/S",
  "contact" : [{
    "name" : "Sundhedsvæsnets Kvalistetsinstitut with Trifork Digital Health A/S",
    "telecom" : [{
      "system" : "url",
      "value" : "https://trifork.com"
    },
    {
      "system" : "email",
      "value" : "rbk@trifork.com"
    }]
  }],
  "description" : "Cyclus længde",
  "caseSensitive" : false,
  "content" : "complete",
  "count" : 11,
  "concept" : [{
    "code" : "0-6-dage",
    "display" : "0-6 dage",
    "definition" : "0-6 dage"
  },
  {
    "code" : "1-2-dage",
    "display" : "1-2 dage",
    "definition" : "1-2 dage"
  },
  {
    "code" : "3-4-dage",
    "display" : "3-4 dage",
    "definition" : "3-4 dage"
  },
  {
    "code" : "le5-dage",
    "display" : "<=5 dage",
    "definition" : "<=5 dage"
  },
  {
    "code" : "5-6-dage",
    "display" : "5-6 dage",
    "definition" : "5-6 dage"
  },
  {
    "code" : "6-10-dage",
    "display" : "6-10 dage",
    "definition" : "6-10 dage"
  },
  {
    "code" : "ge7-dage",
    "display" : ">=7 dage",
    "definition" : ">=7 dage"
  },
  {
    "code" : "gt10-dage",
    "display" : ">10 dage",
    "definition" : ">10 dage"
  },
  {
    "code" : "14-dage",
    "display" : "14 dage",
    "definition" : "14 dage"
  },
  {
    "code" : "21-dage",
    "display" : "21 dage",
    "definition" : "21 dage"
  },
  {
    "code" : "28-dage",
    "display" : "28 dage",
    "definition" : "28 dage"
  }]
}