{
  "resourceType" : "CodeSystem",
  "id" : "BloodThinnersTreatment",
  "text" : {
    "status" : "generated",
    "div" : "<div xmlns=\"http://www.w3.org/1999/xhtml\"><p class=\"res-header-id\"><b>Generated Narrative: CodeSystem BloodThinnersTreatment</b></p><a name=\"BloodThinnersTreatment\"> </a><a name=\"hcBloodThinnersTreatment\"> </a><a name=\"BloodThinnersTreatment-en-US\"> </a><p>This  code system <code>https://kip.rkkp.dk/fhir/CodeSystem/BloodThinnersTreatment</code> defines the following codes:</p><table class=\"codes\"><tr><td style=\"white-space:nowrap\"><b>Code</b></td><td><b>Display</b></td><td><b>Definition</b></td></tr><tr><td style=\"white-space:nowrap\">anticoagulant<a name=\"BloodThinnersTreatment-anticoagulant\"> </a></td><td>Anticoagulant treatment</td><td>Anticoagulant treatment</td></tr><tr><td style=\"white-space:nowrap\">antiplatelet<a name=\"BloodThinnersTreatment-antiplatelet\"> </a></td><td>Antiplatelet treatment</td><td>Antiplatelet treatment</td></tr></table></div>"
  },
  "url" : "https://kip.rkkp.dk/fhir/CodeSystem/BloodThinnersTreatment",
  "version" : "0.1.8",
  "name" : "BloodThinnersTreatment",
  "title" : "Current treatment (if any) of medical blood thinners",
  "status" : "active",
  "date" : "2022-06-28T00:00:00+02:00",
  "publisher" : "Sundhedsvæsnets Kvalistetsinstitut with Trifork Digital Health A/S",
  "contact" : [{
    "name" : "Sundhedsvæsnets Kvalistetsinstitut with Trifork Digital Health A/S",
    "telecom" : [{
      "system" : "url",
      "value" : "https://trifork.com"
    },
    {
      "system" : "email",
      "value" : "rbk@trifork.com"
    }]
  }],
  "description" : "Current treatment (if any) of medical blood thinners",
  "content" : "complete",
  "count" : 2,
  "concept" : [{
    "code" : "anticoagulant",
    "display" : "Anticoagulant treatment",
    "definition" : "Anticoagulant treatment"
  },
  {
    "code" : "antiplatelet",
    "display" : "Antiplatelet treatment",
    "definition" : "Antiplatelet treatment"
  }]
}