{
  "resourceType" : "CodeSystem",
  "id" : "MaaleEnheder",
  "text" : {
    "status" : "generated",
    "div" : "<div xmlns=\"http://www.w3.org/1999/xhtml\"><p class=\"res-header-id\"><b>Generated Narrative: CodeSystem MaaleEnheder</b></p><a name=\"MaaleEnheder\"> </a><a name=\"hcMaaleEnheder\"> </a><a name=\"MaaleEnheder-en-US\"> </a><p>This  code system <code>https://kip.rkkp.dk/fhir/CodeSystem/MaaleEnheder</code> defines the following codes:</p><table class=\"codes\"><tr><td style=\"white-space:nowrap\"><b>Code</b></td><td><b>Display</b></td><td><b>Definition</b></td></tr><tr><td style=\"white-space:nowrap\">procent<a name=\"MaaleEnheder-procent\"> </a></td><td>%</td><td>Procent</td></tr><tr><td style=\"white-space:nowrap\">nm<a name=\"MaaleEnheder-nm\"> </a></td><td>nm</td><td>Nanometer</td></tr><tr><td style=\"white-space:nowrap\">μm<a name=\"MaaleEnheder-.956m\"> </a></td><td>μm</td><td>Micrometer</td></tr><tr><td style=\"white-space:nowrap\">mm<a name=\"MaaleEnheder-mm\"> </a></td><td>mm</td><td>Millimeter</td></tr><tr><td style=\"white-space:nowrap\">cm<a name=\"MaaleEnheder-cm\"> </a></td><td>cm</td><td>Centimeter</td></tr><tr><td style=\"white-space:nowrap\">mg<a name=\"MaaleEnheder-mg\"> </a></td><td>mg</td><td>Milligram</td></tr><tr><td style=\"white-space:nowrap\">g<a name=\"MaaleEnheder-g\"> </a></td><td>g</td><td>Gram</td></tr><tr><td style=\"white-space:nowrap\">kg<a name=\"MaaleEnheder-kg\"> </a></td><td>kg</td><td>Kilogram</td></tr><tr><td style=\"white-space:nowrap\">mol-l<a name=\"MaaleEnheder-mol-l\"> </a></td><td>mol-l</td><td>Molær koncentration per liter</td></tr><tr><td style=\"white-space:nowrap\">mmol-l<a name=\"MaaleEnheder-mmol-l\"> </a></td><td>mmol/L</td><td>Millimol per liter</td></tr><tr><td style=\"white-space:nowrap\">μmol-l<a name=\"MaaleEnheder-.956mol-l\"> </a></td><td>μmol/L</td><td>Mikromol per liter</td></tr><tr><td style=\"white-space:nowrap\">nmol-l<a name=\"MaaleEnheder-nmol-l\"> </a></td><td>nmol/L</td><td>Nanomol per liter</td></tr><tr><td style=\"white-space:nowrap\">u-l<a name=\"MaaleEnheder-u-l\"> </a></td><td>U/L</td><td>Enhed U per liter</td></tr><tr><td style=\"white-space:nowrap\">kiu-l<a name=\"MaaleEnheder-kiu-l\"> </a></td><td>kiU/L</td><td>Kilo antistof enhed per liter</td></tr><tr><td style=\"white-space:nowrap\">mia-L<a name=\"MaaleEnheder-mia-L\"> </a></td><td>mia/L</td><td>Antal milliarder per liter</td></tr><tr><td style=\"white-space:nowrap\">fl<a name=\"MaaleEnheder-fl\"> </a></td><td>fl</td><td>10^-15 L</td></tr><tr><td style=\"white-space:nowrap\">g-l<a name=\"MaaleEnheder-g-l\"> </a></td><td>g/L</td><td>Gram per liter</td></tr><tr><td style=\"white-space:nowrap\">arb-enh<a name=\"MaaleEnheder-arb-enh\"> </a></td><td>arb.enh</td><td>Arbejdsenheder</td></tr><tr><td style=\"white-space:nowrap\">g-24h<a name=\"MaaleEnheder-g-24h\"> </a></td><td>g/24h</td><td>Gram per døgn</td></tr><tr><td style=\"white-space:nowrap\">mg-l<a name=\"MaaleEnheder-mg-l\"> </a></td><td>mg/L</td><td>Milligram per liter</td></tr><tr><td style=\"white-space:nowrap\">microglobulin-l<a name=\"MaaleEnheder-microglobulin-l\"> </a></td><td>microglobulin/L</td><td>Microglobulin per liter</td></tr><tr><td style=\"white-space:nowrap\">volfr<a name=\"MaaleEnheder-volfr\"> </a></td><td>vol.fr</td><td>volumenfraktion</td></tr><tr><td style=\"white-space:nowrap\">μg-l<a name=\"MaaleEnheder-.956g-l\"> </a></td><td>μg/L</td><td>Mikrogram per liter</td></tr><tr><td style=\"white-space:nowrap\">mCi-kg<a name=\"MaaleEnheder-mCi-kg\"> </a></td><td>mCi/kg</td><td>milliCurie/kg</td></tr><tr><td style=\"white-space:nowrap\">gy<a name=\"MaaleEnheder-gy\"> </a></td><td>Gy</td><td>Gray</td></tr><tr><td style=\"white-space:nowrap\">liter<a name=\"MaaleEnheder-liter\"> </a></td><td>l</td><td>Liter</td></tr><tr><td style=\"white-space:nowrap\">deciliter<a name=\"MaaleEnheder-deciliter\"> </a></td><td>dl</td><td>Deciliter</td></tr><tr><td style=\"white-space:nowrap\">centiliter<a name=\"MaaleEnheder-centiliter\"> </a></td><td>cl</td><td>Centiliter</td></tr><tr><td style=\"white-space:nowrap\">milliliter<a name=\"MaaleEnheder-milliliter\"> </a></td><td>ml</td><td>Milliliter</td></tr></table></div>"
  },
  "url" : "https://kip.rkkp.dk/fhir/CodeSystem/MaaleEnheder",
  "version" : "0.1.8",
  "name" : "MaaleEnheder",
  "title" : "Måleenheder",
  "status" : "active",
  "date" : "2022-08-01T00:00:00+02:00",
  "publisher" : "Sundhedsvæsnets Kvalistetsinstitut with Trifork Digital Health A/S",
  "contact" : [{
    "name" : "Sundhedsvæsnets Kvalistetsinstitut with Trifork Digital Health A/S",
    "telecom" : [{
      "system" : "url",
      "value" : "https://trifork.com"
    },
    {
      "system" : "email",
      "value" : "rbk@trifork.com"
    }]
  }],
  "description" : "Enheder til dokumentation af mængde, vægt, længde mm.",
  "content" : "complete",
  "count" : 29,
  "concept" : [{
    "code" : "procent",
    "display" : "%",
    "definition" : "Procent"
  },
  {
    "code" : "nm",
    "display" : "nm",
    "definition" : "Nanometer"
  },
  {
    "code" : "μm",
    "display" : "μm",
    "definition" : "Micrometer"
  },
  {
    "code" : "mm",
    "display" : "mm",
    "definition" : "Millimeter"
  },
  {
    "code" : "cm",
    "display" : "cm",
    "definition" : "Centimeter"
  },
  {
    "code" : "mg",
    "display" : "mg",
    "definition" : "Milligram"
  },
  {
    "code" : "g",
    "display" : "g",
    "definition" : "Gram"
  },
  {
    "code" : "kg",
    "display" : "kg",
    "definition" : "Kilogram"
  },
  {
    "code" : "mol-l",
    "display" : "mol-l",
    "definition" : "Molær koncentration per liter"
  },
  {
    "code" : "mmol-l",
    "display" : "mmol/L",
    "definition" : "Millimol per liter"
  },
  {
    "code" : "μmol-l",
    "display" : "μmol/L",
    "definition" : "Mikromol per liter"
  },
  {
    "code" : "nmol-l",
    "display" : "nmol/L",
    "definition" : "Nanomol per liter"
  },
  {
    "code" : "u-l",
    "display" : "U/L",
    "definition" : "Enhed U per liter"
  },
  {
    "code" : "kiu-l",
    "display" : "kiU/L",
    "definition" : "Kilo antistof enhed per liter"
  },
  {
    "code" : "mia-L",
    "display" : "mia/L",
    "definition" : "Antal milliarder per liter"
  },
  {
    "code" : "fl",
    "display" : "fl",
    "definition" : "10^-15 L"
  },
  {
    "code" : "g-l",
    "display" : "g/L",
    "definition" : "Gram per liter"
  },
  {
    "code" : "arb-enh",
    "display" : "arb.enh",
    "definition" : "Arbejdsenheder"
  },
  {
    "code" : "g-24h",
    "display" : "g/24h",
    "definition" : "Gram per døgn"
  },
  {
    "code" : "mg-l",
    "display" : "mg/L",
    "definition" : "Milligram per liter"
  },
  {
    "code" : "microglobulin-l",
    "display" : "microglobulin/L",
    "definition" : "Microglobulin per liter"
  },
  {
    "code" : "volfr",
    "display" : "vol.fr",
    "definition" : "volumenfraktion"
  },
  {
    "code" : "μg-l",
    "display" : "μg/L",
    "definition" : "Mikrogram per liter"
  },
  {
    "code" : "mCi-kg",
    "display" : "mCi/kg",
    "definition" : "milliCurie/kg"
  },
  {
    "code" : "gy",
    "display" : "Gy",
    "definition" : "Gray"
  },
  {
    "code" : "liter",
    "display" : "l",
    "definition" : "Liter"
  },
  {
    "code" : "deciliter",
    "display" : "dl",
    "definition" : "Deciliter"
  },
  {
    "code" : "centiliter",
    "display" : "cl",
    "definition" : "Centiliter"
  },
  {
    "code" : "milliliter",
    "display" : "ml",
    "definition" : "Milliliter"
  }]
}