{
  "resourceType" : "CodeSystem",
  "id" : "CauseOfDeath",
  "text" : {
    "status" : "generated",
    "div" : "<div xmlns=\"http://www.w3.org/1999/xhtml\"><p class=\"res-header-id\"><b>Generated Narrative: CodeSystem CauseOfDeath</b></p><a name=\"CauseOfDeath\"> </a><a name=\"hcCauseOfDeath\"> </a><a name=\"CauseOfDeath-en-US\"> </a><p>This  code system <code>https://kip.rkkp.dk/fhir/CodeSystem/CauseOfDeath</code> defines the following codes:</p><table class=\"codes\"><tr><td style=\"white-space:nowrap\"><b>Code</b></td><td><b>Display</b></td><td><b>Definition</b></td></tr><tr><td style=\"white-space:nowrap\">early<a name=\"CauseOfDeath-early\"> </a></td><td>Early death</td><td>Early death (&lt;1 week after induction/reinduction incl. relapse)</td></tr><tr><td style=\"white-space:nowrap\">hypoplasia<a name=\"CauseOfDeath-hypoplasia\"> </a></td><td>Hypoplasia</td><td>Hypoplasia (&gt;1 week after induction/reinduction incl. relapse)</td></tr><tr><td style=\"white-space:nowrap\">progressive_disease<a name=\"CauseOfDeath-progressive_disease\"> </a></td><td>Progressive disease</td><td>Progressive disease</td></tr><tr><td style=\"white-space:nowrap\">progressive_refractory_disease<a name=\"CauseOfDeath-progressive_refractory_disease\"> </a></td><td>Progressive or refractory disease</td><td>Progressive or refractory disease</td></tr><tr><td style=\"white-space:nowrap\">treatment_related_complete_remission<a name=\"CauseOfDeath-treatment_related_complete_remission\"> </a></td><td>Treatment related (complete remission)</td><td>Treatment related (complete remission)</td></tr><tr><td style=\"white-space:nowrap\">cll<a name=\"CauseOfDeath-cll\"> </a></td><td>CLL</td><td>CLL</td></tr><tr><td style=\"white-space:nowrap\">uremia<a name=\"CauseOfDeath-uremia\"> </a></td><td>Uremia</td><td>Uremia / Uræmi / SNOMED-CT: 44730006</td></tr><tr><td style=\"white-space:nowrap\">infection<a name=\"CauseOfDeath-infection\"> </a></td><td>Infectious disease</td><td>Infectious disease / Infektionssygdom / SNOMED-CT: 40733004</td></tr><tr><td style=\"white-space:nowrap\">bleeding<a name=\"CauseOfDeath-bleeding\"> </a></td><td>Bleeding</td><td>Bleeding / Blødning / SNOMED-CT: 50960005</td></tr><tr><td style=\"white-space:nowrap\">therapy_related_progression<a name=\"CauseOfDeath-therapy_related_progression\"> </a></td><td>Terapirelateret dødsfald MED sygdomsprogression</td><td>Terapirelateret dødsfald MED sygdomsprogression</td></tr><tr><td style=\"white-space:nowrap\">therapy_related<a name=\"CauseOfDeath-therapy_related\"> </a></td><td>Terapirelateret dødsfald uden sygdomsprogression</td><td>Terapirelateret dødsfald uden sygdomsprogression</td></tr><tr><td style=\"white-space:nowrap\">other_complete_remissiong<a name=\"CauseOfDeath-other_complete_remissiong\"> </a></td><td>Anden årsag, død i komplet remission (CR)</td><td>Anden årsag, død i komplet remission (CR)</td></tr><tr><td style=\"white-space:nowrap\">other_not_complete_remissiong<a name=\"CauseOfDeath-other_not_complete_remissiong\"> </a></td><td>Anden årsag, IKKE i komplet remision (CR) ved død</td><td>Anden årsag, IKKE i komplet remision (CR) ved død</td></tr></table></div>"
  },
  "url" : "https://kip.rkkp.dk/fhir/CodeSystem/CauseOfDeath",
  "version" : "0.1.8",
  "name" : "CauseOfDeath",
  "title" : "Cause of death",
  "status" : "active",
  "date" : "2022-07-12T00:00:00+02:00",
  "publisher" : "Sundhedsvæsnets Kvalistetsinstitut with Trifork Digital Health A/S",
  "contact" : [{
    "name" : "Sundhedsvæsnets Kvalistetsinstitut with Trifork Digital Health A/S",
    "telecom" : [{
      "system" : "url",
      "value" : "https://trifork.com"
    },
    {
      "system" : "email",
      "value" : "rbk@trifork.com"
    }]
  }],
  "description" : "Cause of death",
  "content" : "complete",
  "count" : 13,
  "concept" : [{
    "code" : "early",
    "display" : "Early death",
    "definition" : "Early death (<1 week after induction/reinduction incl. relapse)"
  },
  {
    "code" : "hypoplasia",
    "display" : "Hypoplasia",
    "definition" : "Hypoplasia (>1 week after induction/reinduction incl. relapse)"
  },
  {
    "code" : "progressive_disease",
    "display" : "Progressive disease",
    "definition" : "Progressive disease"
  },
  {
    "code" : "progressive_refractory_disease",
    "display" : "Progressive or refractory disease",
    "definition" : "Progressive or refractory disease"
  },
  {
    "code" : "treatment_related_complete_remission",
    "display" : "Treatment related (complete remission)",
    "definition" : "Treatment related (complete remission)"
  },
  {
    "code" : "cll",
    "display" : "CLL",
    "definition" : "CLL"
  },
  {
    "code" : "uremia",
    "display" : "Uremia",
    "definition" : "Uremia / Uræmi / SNOMED-CT: 44730006"
  },
  {
    "code" : "infection",
    "display" : "Infectious disease",
    "definition" : "Infectious disease / Infektionssygdom / SNOMED-CT: 40733004"
  },
  {
    "code" : "bleeding",
    "display" : "Bleeding",
    "definition" : "Bleeding / Blødning / SNOMED-CT: 50960005"
  },
  {
    "code" : "therapy_related_progression",
    "display" : "Terapirelateret dødsfald MED sygdomsprogression",
    "definition" : "Terapirelateret dødsfald MED sygdomsprogression"
  },
  {
    "code" : "therapy_related",
    "display" : "Terapirelateret dødsfald uden sygdomsprogression",
    "definition" : "Terapirelateret dødsfald uden sygdomsprogression"
  },
  {
    "code" : "other_complete_remissiong",
    "display" : "Anden årsag, død i komplet remission (CR)",
    "definition" : "Anden årsag, død i komplet remission (CR)"
  },
  {
    "code" : "other_not_complete_remissiong",
    "display" : "Anden årsag, IKKE i komplet remision (CR) ved død",
    "definition" : "Anden årsag, IKKE i komplet remision (CR) ved død"
  }]
}