{
  "resourceType" : "ValueSet",
  "id" : "NKategoriDCCG",
  "text" : {
    "status" : "extensions",
    "div" : "<div xmlns=\"http://www.w3.org/1999/xhtml\"><p class=\"res-header-id\"><b>Generated Narrative: ValueSet NKategoriDCCG</b></p><a name=\"NKategoriDCCG\"> </a><a name=\"hcNKategoriDCCG\"> </a><a name=\"NKategoriDCCG-en-US\"> </a><ul><li>Include these codes as defined in <a href=\"CodeSystem-SKS.html\"><code>https://kip.rkkp.dk/fhir/CodeSystem/SKS</code></a><table class=\"none\"><tr><td style=\"white-space:nowrap\"><b>Code</b></td><td><b>Display</b></td><td><b>Definition</b></td></tr><tr><td><a href=\"CodeSystem-SKS.html#SKS-AZCD30\">AZCD30</a></td><td>N0 (Ingen regionale lymfeknudemetastaser)</td><td>AZCD30 - cN0: Ingen regionale lymfeknudemetastaser</td></tr><tr><td><a href=\"CodeSystem-SKS.html#SKS-AZCD31\">AZCD31</a></td><td>N1 (1-3 regionale lymfeknudemetastaser)</td><td>AZCD31 - cN1: Regional lymfeknudemetastase</td></tr><tr><td><a href=\"CodeSystem-SKS.html#SKS-AZCD32\">AZCD32</a></td><td>N2 (&gt;3 regionale lymfeknudemetastaser)</td><td>AZCD32 - cN2: Regional lymfeknudemetastase</td></tr><tr><td><a href=\"CodeSystem-SKS.html#SKS-AZCD39\">AZCD39</a></td><td>Nx (N-kategorien er ikke vurderet)</td><td>AZCD39 - cNx: Opl om regional lymfeknudestatus foreligger ikke i afd</td></tr></table></li></ul></div>"
  },
  "url" : "https://kip.rkkp.dk/fhir/ValueSet/NKategoriDCCG",
  "version" : "0.1.8",
  "name" : "NKategoriDCCG",
  "title" : "Klinisk N-kategori DCCG",
  "status" : "active",
  "experimental" : true,
  "date" : "2022-11-08T00:00:00+02:00",
  "publisher" : "Sundhedsvæsnets Kvalistetsinstitut with Trifork Digital Health A/S",
  "contact" : [{
    "name" : "Sundhedsvæsnets Kvalistetsinstitut with Trifork Digital Health A/S",
    "telecom" : [{
      "system" : "url",
      "value" : "https://trifork.com"
    },
    {
      "system" : "email",
      "value" : "rbk@trifork.com"
    }]
  }],
  "description" : "Klinisk N-kategori DCCG",
  "compose" : {
    "include" : [{
      "system" : "https://kip.rkkp.dk/fhir/CodeSystem/SKS",
      "concept" : [{
        "code" : "AZCD30",
        "display" : "N0 (Ingen regionale lymfeknudemetastaser)"
      },
      {
        "code" : "AZCD31",
        "display" : "N1 (1-3 regionale lymfeknudemetastaser)"
      },
      {
        "code" : "AZCD32",
        "display" : "N2 (>3 regionale lymfeknudemetastaser)"
      },
      {
        "code" : "AZCD39",
        "display" : "Nx (N-kategorien er ikke vurderet)"
      }]
    }]
  }
}