{
  "resourceType" : "ValueSet",
  "id" : "ProcedureTypeDCCG1",
  "text" : {
    "status" : "extensions",
    "div" : "<div xmlns=\"http://www.w3.org/1999/xhtml\"><p class=\"res-header-id\"><b>Generated Narrative: ValueSet ProcedureTypeDCCG1</b></p><a name=\"ProcedureTypeDCCG1\"> </a><a name=\"hcProcedureTypeDCCG1\"> </a><a name=\"ProcedureTypeDCCG1-en-US\"> </a><ul><li>Include these codes as defined in <a href=\"CodeSystem-ProcedureType.html\"><code>https://kip.rkkp.dk/fhir/CodeSystem/ProcedureType</code></a><table class=\"none\"><tr><td style=\"white-space:nowrap\"><b>Code</b></td><td><b>Display</b></td><td><b>Definition</b></td></tr><tr><td><a href=\"CodeSystem-ProcedureType.html#ProcedureType-laparotomy\">laparotomy</a></td><td>Laparotomi</td><td>Laparotomy / Laparotomi / SNOMED-CT: 86481000</td></tr><tr><td><a href=\"CodeSystem-ProcedureType.html#ProcedureType-laparoscopic\">laparoscopic</a></td><td>Laparoskopisk</td><td>Laparoscopic / Laparoskopisk</td></tr><tr><td><a href=\"CodeSystem-ProcedureType.html#ProcedureType-robot_assisted\">robot_assisted</a></td><td>Robotassisteret</td><td>Robot assisted / Robotassisteret</td></tr></table></li></ul></div>"
  },
  "url" : "https://kip.rkkp.dk/fhir/ValueSet/ProcedureTypeDCCG1",
  "version" : "0.1.8",
  "name" : "ProcedureTypeDCCG1",
  "title" : "Proceduretyper til DCCG 1",
  "status" : "active",
  "experimental" : true,
  "date" : "2022-10-11T00:00:00+02:00",
  "publisher" : "Sundhedsvæsnets Kvalistetsinstitut with Trifork Digital Health A/S",
  "contact" : [{
    "name" : "Sundhedsvæsnets Kvalistetsinstitut with Trifork Digital Health A/S",
    "telecom" : [{
      "system" : "url",
      "value" : "https://trifork.com"
    },
    {
      "system" : "email",
      "value" : "rbk@trifork.com"
    }]
  }],
  "description" : "Proceduretyper til DCCG 1",
  "compose" : {
    "include" : [{
      "system" : "https://kip.rkkp.dk/fhir/CodeSystem/ProcedureType",
      "concept" : [{
        "code" : "laparotomy",
        "display" : "Laparotomi"
      },
      {
        "code" : "laparoscopic",
        "display" : "Laparoskopisk"
      },
      {
        "code" : "robot_assisted",
        "display" : "Robotassisteret"
      }]
    }]
  }
}