{
  "resourceType" : "ValueSet",
  "id" : "JaNejUvistIkkeudfoert",
  "text" : {
    "status" : "extensions",
    "div" : "<div xmlns=\"http://www.w3.org/1999/xhtml\"><p class=\"res-header-id\"><b>Generated Narrative: ValueSet JaNejUvistIkkeudfoert</b></p><a name=\"JaNejUvistIkkeudfoert\"> </a><a name=\"hcJaNejUvistIkkeudfoert\"> </a><a name=\"JaNejUvistIkkeudfoert-en-US\"> </a><p>This value set includes codes based on the following rules:</p><ul><li>Include these codes as defined in <a href=\"http://terminology.hl7.org/3.1.0/CodeSystem-v2-0532.html\"><code>http://terminology.hl7.org/CodeSystem/v2-0532</code></a><table class=\"none\"><tr><td style=\"white-space:nowrap\"><b>Code</b></td><td><b>Display</b></td><td><b>Definition</b></td></tr><tr><td><a href=\"http://terminology.hl7.org/3.1.0/CodeSystem-v2-0532.html#v2-0532-Y\">Y</a></td><td>Ja</td><td>Yes</td></tr><tr><td><a href=\"http://terminology.hl7.org/3.1.0/CodeSystem-v2-0532.html#v2-0532-N\">N</a></td><td>Nej</td><td>No</td></tr><tr><td><a href=\"http://terminology.hl7.org/3.1.0/CodeSystem-v2-0532.html#v2-0532-ASKU\">ASKU</a></td><td>Uvist/Usikker</td><td>asked but unknown</td></tr></table></li><li>Include these codes as defined in <a href=\"CodeSystem-GenericValues.html\"><code>https://kip.rkkp.dk/fhir/CodeSystem/GenericValues</code></a><table class=\"none\"><tr><td style=\"white-space:nowrap\"><b>Code</b></td><td><b>Display</b></td><td><b>Definition</b></td></tr><tr><td><a href=\"CodeSystem-GenericValues.html#GenericValues-not_performed\">not_performed</a></td><td>Ikke foretaget</td><td>Not performed - used to indicate, if a procedure or test has not been performed</td></tr></table></li></ul></div>"
  },
  "url" : "https://kip.rkkp.dk/fhir/ValueSet/JaNejUvistIkkeudfoert",
  "version" : "0.1.8",
  "name" : "JaNejUvistIkkeudfoert",
  "title" : "Ja / Nej / Uvist / Ikke udført",
  "status" : "active",
  "experimental" : true,
  "date" : "2022-07-12T00:00:00+02:00",
  "publisher" : "Sundhedsvæsnets Kvalistetsinstitut with Trifork Digital Health A/S",
  "contact" : [{
    "name" : "Sundhedsvæsnets Kvalistetsinstitut with Trifork Digital Health A/S",
    "telecom" : [{
      "system" : "url",
      "value" : "https://trifork.com"
    },
    {
      "system" : "email",
      "value" : "rbk@trifork.com"
    }]
  }],
  "description" : "Dækker over Ja/nej/Uvist/ikke udført.",
  "compose" : {
    "include" : [{
      "system" : "http://terminology.hl7.org/CodeSystem/v2-0532",
      "concept" : [{
        "code" : "Y",
        "display" : "Ja"
      },
      {
        "code" : "N",
        "display" : "Nej"
      },
      {
        "code" : "ASKU",
        "display" : "Uvist/Usikker"
      }]
    },
    {
      "system" : "https://kip.rkkp.dk/fhir/CodeSystem/GenericValues",
      "concept" : [{
        "code" : "not_performed",
        "display" : "Ikke foretaget"
      }]
    }]
  }
}