{
  "resourceType" : "ValueSet",
  "id" : "POPQGhDUGA",
  "text" : {
    "status" : "extensions",
    "div" : "<div xmlns=\"http://www.w3.org/1999/xhtml\"><p class=\"res-header-id\"><b>Generated Narrative: ValueSet POPQGhDUGA</b></p><a name=\"POPQGhDUGA\"> </a><a name=\"hcPOPQGhDUGA\"> </a><a name=\"POPQGhDUGA-en-US\"> </a><ul><li>Include these codes as defined in <a href=\"CodeSystem-IntervalsExact.html\"><code>https://kip.rkkp.dk/fhir/CodeSystem/IntervalsExact</code></a><table class=\"none\"><tr><td style=\"white-space:nowrap\"><b>Code</b></td><td><b>Display</b></td><td><b>Definition</b></td></tr><tr><td><a href=\"CodeSystem-IntervalsExact.html#IntervalsExact-1-5\">1-5</a></td><td>1,5</td><td>1,5</td></tr><tr><td><a href=\"CodeSystem-IntervalsExact.html#IntervalsExact-2\">2</a></td><td>2</td><td>2,0</td></tr><tr><td><a href=\"CodeSystem-IntervalsExact.html#IntervalsExact-2-5\">2-5</a></td><td>2,5</td><td>2,5</td></tr><tr><td><a href=\"CodeSystem-IntervalsExact.html#IntervalsExact-3\">3</a></td><td>3</td><td>3,0</td></tr><tr><td><a href=\"CodeSystem-IntervalsExact.html#IntervalsExact-3-5\">3-5</a></td><td>3,5</td><td>3,5</td></tr><tr><td><a href=\"CodeSystem-IntervalsExact.html#IntervalsExact-4\">4</a></td><td>4</td><td>4,0</td></tr><tr><td><a href=\"CodeSystem-IntervalsExact.html#IntervalsExact-4-5\">4-5</a></td><td>4,5</td><td>4,5</td></tr><tr><td><a href=\"CodeSystem-IntervalsExact.html#IntervalsExact-5\">5</a></td><td>5</td><td>5,0</td></tr><tr><td><a href=\"CodeSystem-IntervalsExact.html#IntervalsExact-5-5\">5-5</a></td><td>5,5</td><td>5,5</td></tr><tr><td><a href=\"CodeSystem-IntervalsExact.html#IntervalsExact-6\">6</a></td><td>6</td><td>6,0</td></tr></table></li></ul></div>"
  },
  "url" : "https://kip.rkkp.dk/fhir/ValueSet/POPQGhDUGA",
  "version" : "0.1.8",
  "name" : "POPQGhDUGA",
  "title" : "POP-Q undersøgelse Gh (DUGA)",
  "status" : "active",
  "experimental" : true,
  "date" : "2024-02-13T00:00:00+02:00",
  "publisher" : "Sundhedsvæsnets Kvalistetsinstitut with Trifork Digital Health A/S",
  "contact" : [{
    "name" : "Sundhedsvæsnets Kvalistetsinstitut with Trifork Digital Health A/S",
    "telecom" : [{
      "system" : "url",
      "value" : "https://trifork.com"
    },
    {
      "system" : "email",
      "value" : "rbk@trifork.com"
    }]
  }],
  "description" : "Nedsynkning - POP-Q undersøgelse Gh (DUGA)",
  "compose" : {
    "include" : [{
      "system" : "https://kip.rkkp.dk/fhir/CodeSystem/IntervalsExact",
      "concept" : [{
        "code" : "1-5",
        "display" : "1,5"
      },
      {
        "code" : "2",
        "display" : "2"
      },
      {
        "code" : "2-5",
        "display" : "2,5"
      },
      {
        "code" : "3",
        "display" : "3"
      },
      {
        "code" : "3-5",
        "display" : "3,5"
      },
      {
        "code" : "4",
        "display" : "4"
      },
      {
        "code" : "4-5",
        "display" : "4,5"
      },
      {
        "code" : "5",
        "display" : "5"
      },
      {
        "code" : "5-5",
        "display" : "5,5"
      },
      {
        "code" : "6",
        "display" : "6"
      }]
    }]
  }
}