{
  "resourceType" : "ValueSet",
  "id" : "ObservationPatient",
  "text" : {
    "status" : "extensions",
    "div" : "<div xmlns=\"http://www.w3.org/1999/xhtml\"><p class=\"res-header-id\"><b>Generated Narrative: ValueSet ObservationPatient</b></p><a name=\"ObservationPatient\"> </a><a name=\"hcObservationPatient\"> </a><a name=\"ObservationPatient-en-US\"> </a><ul><li>Include these codes as defined in <a href=\"CodeSystem-ContactPatient.html\"><code>https://kip.rkkp.dk/fhir/CodeSystem/ContactPatient</code></a><table class=\"none\"><tr><td style=\"white-space:nowrap\"><b>Code</b></td><td><b>Display</b></td><td><b>Definition</b></td></tr><tr><td><a href=\"CodeSystem-ContactPatient.html#ContactPatient-spoergeskema\">spoergeskema</a></td><td>Selvudfyldt spørgeskema</td><td>Selvudfyldt spørgeskema</td></tr><tr><td><a href=\"CodeSystem-ContactPatient.html#ContactPatient-interview\">interview</a></td><td>Telefoninterview</td><td>Gennemført interview/undersøgelse</td></tr><tr><td><a href=\"CodeSystem-ContactPatient.html#ContactPatient-samtale\">samtale</a></td><td>Personlig samtale</td><td>Personlig samtale</td></tr></table></li></ul></div>"
  },
  "url" : "https://kip.rkkp.dk/fhir/ValueSet/ObservationPatient",
  "version" : "0.1.8",
  "name" : "ObservationPatient",
  "title" : "Observation af patienten",
  "status" : "active",
  "experimental" : true,
  "date" : "2024-02-21T00:00:00+02:00",
  "publisher" : "Sundhedsvæsnets Kvalistetsinstitut with Trifork Digital Health A/S",
  "contact" : [{
    "name" : "Sundhedsvæsnets Kvalistetsinstitut with Trifork Digital Health A/S",
    "telecom" : [{
      "system" : "url",
      "value" : "https://trifork.com"
    },
    {
      "system" : "email",
      "value" : "rbk@trifork.com"
    }]
  }],
  "description" : "Observation af patienten indsamlet via",
  "compose" : {
    "include" : [{
      "system" : "https://kip.rkkp.dk/fhir/CodeSystem/ContactPatient",
      "concept" : [{
        "code" : "spoergeskema",
        "display" : "Selvudfyldt spørgeskema"
      },
      {
        "code" : "interview",
        "display" : "Telefoninterview"
      },
      {
        "code" : "samtale",
        "display" : "Personlig samtale"
      }]
    }]
  }
}