{
  "resourceType" : "ValueSet",
  "id" : "SORAfdelingerUHDNSL",
  "text" : {
    "status" : "generated",
    "div" : "<div xmlns=\"http://www.w3.org/1999/xhtml\"><p class=\"res-header-id\"><b>Generated Narrative: ValueSet SORAfdelingerUHDNSL</b></p><a name=\"SORAfdelingerUHDNSL\"> </a><a name=\"hcSORAfdelingerUHDNSL\"> </a><a name=\"SORAfdelingerUHDNSL-en-US\"> </a><ul><li>Include these codes as defined in <a href=\"CodeSystem-SOR.html\"><code>https://kip.rkkp.dk/fhir/CodeSystem/SOR</code></a><table class=\"none\"><tr><td style=\"white-space:nowrap\"><b>Code</b></td><td><b>Display</b></td></tr><tr><td><a href=\"CodeSystem-SOR.html#SOR-252441000016006\">252441000016006</a></td><td>Rigshospitalet, Nefrologisk Klinik, P (252441000016006)</td></tr><tr><td><a href=\"CodeSystem-SOR.html#SOR-239831000016009\">239831000016009</a></td><td>OUH Nyremedicinsk Afdeling Y (239831000016009)</td></tr><tr><td><a href=\"CodeSystem-SOR.html#SOR-453111000016005\">453111000016005</a></td><td>Aarhus/Skejby, Nyresygdomme Overafdeling (453111000016005)</td></tr></table></li></ul></div>"
  },
  "url" : "https://kip.rkkp.dk/fhir/ValueSet/SORAfdelingerUHDNSL",
  "version" : "0.1.8",
  "name" : "SORAfdelingerUHDNSL",
  "title" : "SOR: Afdelinger Universitetshospitaler (DNSL)",
  "status" : "active",
  "experimental" : true,
  "date" : "2024-01-31T00:00:00+02:00",
  "publisher" : "Sundhedsvæsnets Kvalistetsinstitut with Trifork Digital Health A/S",
  "contact" : [{
    "name" : "Sundhedsvæsnets Kvalistetsinstitut with Trifork Digital Health A/S",
    "telecom" : [{
      "system" : "url",
      "value" : "https://trifork.com"
    },
    {
      "system" : "email",
      "value" : "rbk@trifork.com"
    }]
  }],
  "description" : "SOR: Afdelinger Nyresvigt på nniversitetshospitaler (DNSL)",
  "compose" : {
    "include" : [{
      "system" : "https://kip.rkkp.dk/fhir/CodeSystem/SOR",
      "concept" : [{
        "code" : "252441000016006",
        "display" : "Rigshospitalet, Nefrologisk Klinik, P (252441000016006)"
      },
      {
        "code" : "239831000016009",
        "display" : "OUH Nyremedicinsk Afdeling Y (239831000016009)"
      },
      {
        "code" : "453111000016005",
        "display" : "Aarhus/Skejby, Nyresygdomme Overafdeling (453111000016005)"
      }]
    }]
  }
}