{
  "resourceType" : "ValueSet",
  "id" : "Regioner",
  "text" : {
    "status" : "extensions",
    "div" : "<div xmlns=\"http://www.w3.org/1999/xhtml\"><p class=\"res-header-id\"><b>Generated Narrative: ValueSet Regioner</b></p><a name=\"Regioner\"> </a><a name=\"hcRegioner\"> </a><a name=\"Regioner-en-US\"> </a><ul><li>Include these codes as defined in <a href=\"CodeSystem-Regioner.html\"><code>https://kip.rkkp.dk/fhir/CodeSystem/Regioner</code></a><table class=\"none\"><tr><td style=\"white-space:nowrap\"><b>Code</b></td><td><b>Display</b></td><td><b>Definition</b></td></tr><tr><td><a href=\"CodeSystem-Regioner.html#Regioner-hovedstaden\">hovedstaden</a></td><td>Hovedstaden</td><td>Hovedstaden</td></tr><tr><td><a href=\"CodeSystem-Regioner.html#Regioner-midtjylland\">midtjylland</a></td><td>Midtjylland</td><td>Midtjylland</td></tr><tr><td><a href=\"CodeSystem-Regioner.html#Regioner-nordjylland\">nordjylland</a></td><td>Nordjylland</td><td>Nordjylland</td></tr><tr><td><a href=\"CodeSystem-Regioner.html#Regioner-sjaelland\">sjaelland</a></td><td>Sjælland</td><td>Sjælland</td></tr><tr><td><a href=\"CodeSystem-Regioner.html#Regioner-syddanmark\">syddanmark</a></td><td>Syddanmark</td><td>Syddanmark</td></tr></table></li></ul></div>"
  },
  "url" : "https://kip.rkkp.dk/fhir/ValueSet/Regioner",
  "version" : "0.1.8",
  "name" : "Regioner",
  "title" : "Regioner",
  "status" : "active",
  "experimental" : true,
  "date" : "2024-03-13T00:00:00+02:00",
  "publisher" : "Sundhedsvæsnets Kvalistetsinstitut with Trifork Digital Health A/S",
  "contact" : [{
    "name" : "Sundhedsvæsnets Kvalistetsinstitut with Trifork Digital Health A/S",
    "telecom" : [{
      "system" : "url",
      "value" : "https://trifork.com"
    },
    {
      "system" : "email",
      "value" : "rbk@trifork.com"
    }]
  }],
  "description" : "Danske Regioner",
  "compose" : {
    "include" : [{
      "system" : "https://kip.rkkp.dk/fhir/CodeSystem/Regioner",
      "concept" : [{
        "code" : "hovedstaden",
        "display" : "Hovedstaden"
      },
      {
        "code" : "midtjylland",
        "display" : "Midtjylland"
      },
      {
        "code" : "nordjylland",
        "display" : "Nordjylland"
      },
      {
        "code" : "sjaelland",
        "display" : "Sjælland"
      },
      {
        "code" : "syddanmark",
        "display" : "Syddanmark"
      }]
    }]
  }
}