{
  "resourceType" : "ValueSet",
  "id" : "ComplicationsManifestation202412",
  "text" : {
    "status" : "extensions",
    "div" : "<div xmlns=\"http://www.w3.org/1999/xhtml\"><p class=\"res-header-id\"><b>Generated Narrative: ValueSet ComplicationsManifestation202412</b></p><a name=\"ComplicationsManifestation202412\"> </a><a name=\"hcComplicationsManifestation202412\"> </a><a name=\"ComplicationsManifestation202412-en-US\"> </a><ul><li>Include these codes as defined in <a href=\"CodeSystem-Complications.html\"><code>https://kip.rkkp.dk/fhir/CodeSystem/Complications</code></a><table class=\"none\"><tr><td style=\"white-space:nowrap\"><b>Code</b></td><td><b>Display</b></td><td><b>Definition</b></td></tr><tr><td><a href=\"CodeSystem-Complications.html#Complications-marrow_relapse\">marrow_relapse</a></td><td>Marv relaps</td><td>Marrow relapse / Marv relaps</td></tr><tr><td><a href=\"CodeSystem-Complications.html#Complications-rising_m_component\">rising_m_component</a></td><td>Stigende M-komponent</td><td>Rising M-component / Stigende M-komponent</td></tr><tr><td><a href=\"CodeSystem-Complications.html#Complications-hypercalcemia\">hypercalcemia</a></td><td>Hypercalcæmi (klinisk betydende)</td><td>Hypercalcemia / Hypercalcæmi</td></tr><tr><td><a href=\"CodeSystem-Complications.html#Complications-osteolytic_foci\">osteolytic_foci</a></td><td>Progression af osteolytiske foci</td><td>Progressive osteolytic foci / Progression af osteolytiske foci</td></tr><tr><td><a href=\"CodeSystem-Complications.html#Complications-medullary_cross_sectional_syndrome\">medullary_cross_sectional_syndrome</a></td><td>Medullært tværsnitssyndrom</td><td>Medullary cross-sectional syndrome / Medullært tværsnitssyndrom</td></tr><tr><td><a href=\"CodeSystem-Complications.html#Complications-extremedullery_myeloma\">extremedullery_myeloma</a></td><td>Ekstramedullære Myelomer</td><td>Extremedullary Myeloma / Ekstramedullære Myelomer</td></tr><tr><td><a href=\"CodeSystem-Complications.html#Complications-plasma_cell_leukemia\">plasma_cell_leukemia</a></td><td>Plasmacelle leukæmi</td><td>Plasma cell leukemia / Plasmacelle leukæmi</td></tr><tr><td><a href=\"CodeSystem-Complications.html#Complications-uremia_clinically\">uremia_clinically</a></td><td>Uræmi (klinisk betydende)</td><td>Uremia (clinically significant) / Uræmi (klinisk betydende)</td></tr><tr><td><a href=\"CodeSystem-Complications.html#Complications-uremia_dialysis\">uremia_dialysis</a></td><td>Uræmi (kronisk dialysekrævende)</td><td>Uremia (chronic dialysis requiring) / Uræmi (kronisk dialysekrævende)</td></tr><tr><td><a href=\"CodeSystem-Complications.html#Complications-amyloidosis\">amyloidosis</a></td><td>Amyloidose</td><td>Amyloidosis / Amyloidose / SNOMED-CT: 17602002</td></tr></table></li></ul></div>"
  },
  "url" : "https://kip.rkkp.dk/fhir/ValueSet/ComplicationsManifestation202412",
  "version" : "0.1.8",
  "name" : "ComplicationsManifestation202412",
  "title" : "Manifeste komplikationer 202412",
  "status" : "active",
  "experimental" : true,
  "date" : "2024-11-29T00:00:00+02:00",
  "publisher" : "Sundhedsvæsnets Kvalistetsinstitut with Trifork Digital Health A/S",
  "contact" : [{
    "name" : "Sundhedsvæsnets Kvalistetsinstitut with Trifork Digital Health A/S",
    "telecom" : [{
      "system" : "url",
      "value" : "https://trifork.com"
    },
    {
      "system" : "email",
      "value" : "rbk@trifork.com"
    }]
  }],
  "description" : "Manifeste komplikationer [DAMYDA]",
  "compose" : {
    "include" : [{
      "system" : "https://kip.rkkp.dk/fhir/CodeSystem/Complications",
      "concept" : [{
        "code" : "marrow_relapse",
        "display" : "Marv relaps"
      },
      {
        "code" : "rising_m_component",
        "display" : "Stigende M-komponent"
      },
      {
        "code" : "hypercalcemia",
        "display" : "Hypercalcæmi (klinisk betydende)"
      },
      {
        "code" : "osteolytic_foci",
        "display" : "Progression af osteolytiske foci"
      },
      {
        "code" : "medullary_cross_sectional_syndrome",
        "display" : "Medullært tværsnitssyndrom"
      },
      {
        "code" : "extremedullery_myeloma",
        "display" : "Ekstramedullære Myelomer"
      },
      {
        "code" : "plasma_cell_leukemia",
        "display" : "Plasmacelle leukæmi"
      },
      {
        "code" : "uremia_clinically",
        "display" : "Uræmi (klinisk betydende)"
      },
      {
        "code" : "uremia_dialysis",
        "display" : "Uræmi (kronisk dialysekrævende)"
      },
      {
        "code" : "amyloidosis",
        "display" : "Amyloidose"
      }]
    }]
  }
}