{
  "resourceType" : "ValueSet",
  "id" : "RisikovurderingRETSPSYK",
  "text" : {
    "status" : "extensions",
    "div" : "<div xmlns=\"http://www.w3.org/1999/xhtml\"><p class=\"res-header-id\"><b>Generated Narrative: ValueSet RisikovurderingRETSPSYK</b></p><a name=\"RisikovurderingRETSPSYK\"> </a><a name=\"hcRisikovurderingRETSPSYK\"> </a><a name=\"RisikovurderingRETSPSYK-en-US\"> </a><p>This value set includes codes based on the following rules:</p><ul><li>Include these codes as defined in <a href=\"CodeSystem-RiskAssessment.html\"><code>https://kip.rkkp.dk/fhir/CodeSystem/RiskAssessment</code></a><table class=\"none\"><tr><td style=\"white-space:nowrap\"><b>Code</b></td><td><b>Display</b></td><td><b>Definition</b></td></tr><tr><td><a href=\"CodeSystem-RiskAssessment.html#RiskAssessment-hcr-20\">hcr-20</a></td><td>HCR-20</td><td>HCR-20</td></tr><tr><td><a href=\"CodeSystem-RiskAssessment.html#RiskAssessment-start\">start</a></td><td>START</td><td>START</td></tr><tr><td><a href=\"CodeSystem-RiskAssessment.html#RiskAssessment-saprof\">saprof</a></td><td>SAPROF</td><td>SAPROF</td></tr><tr><td><a href=\"CodeSystem-RiskAssessment.html#RiskAssessment-rsvp\">rsvp</a></td><td>RSVP</td><td>RSVP</td></tr><tr><td><a href=\"CodeSystem-RiskAssessment.html#RiskAssessment-v-risk-10\">v-risk-10</a></td><td>V-RISK-10</td><td>V-RISK-10</td></tr></table></li><li>Include these codes as defined in <a href=\"CodeSystem-GenericValues.html\"><code>https://kip.rkkp.dk/fhir/CodeSystem/GenericValues</code></a><table class=\"none\"><tr><td style=\"white-space:nowrap\"><b>Code</b></td><td><b>Display</b></td><td><b>Definition</b></td></tr><tr><td><a href=\"CodeSystem-GenericValues.html#GenericValues-other\">other</a></td><td>Andet</td><td>Other - used to choose unspecific value not in a valueset</td></tr></table></li></ul></div>"
  },
  "url" : "https://kip.rkkp.dk/fhir/ValueSet/RisikovurderingRETSPSYK",
  "version" : "0.1.8",
  "name" : "RisikovurderingRETSPSYK",
  "title" : "Risikovurdering (RETSPSYK)",
  "status" : "active",
  "experimental" : true,
  "date" : "2022-09-30T00:00:00+02:00",
  "publisher" : "Sundhedsvæsnets Kvalistetsinstitut with Trifork Digital Health A/S",
  "contact" : [{
    "name" : "Sundhedsvæsnets Kvalistetsinstitut with Trifork Digital Health A/S",
    "telecom" : [{
      "system" : "url",
      "value" : "https://trifork.com"
    },
    {
      "system" : "email",
      "value" : "rbk@trifork.com"
    }]
  }],
  "description" : "Risikovurdering (RETSPSYK)",
  "compose" : {
    "include" : [{
      "system" : "https://kip.rkkp.dk/fhir/CodeSystem/RiskAssessment",
      "concept" : [{
        "code" : "hcr-20",
        "display" : "HCR-20"
      },
      {
        "code" : "start",
        "display" : "START"
      },
      {
        "code" : "saprof",
        "display" : "SAPROF"
      },
      {
        "code" : "rsvp",
        "display" : "RSVP"
      },
      {
        "code" : "v-risk-10",
        "display" : "V-RISK-10"
      }]
    },
    {
      "system" : "https://kip.rkkp.dk/fhir/CodeSystem/GenericValues",
      "concept" : [{
        "code" : "other",
        "display" : "Andet"
      }]
    }]
  }
}