{
  "resourceType" : "ValueSet",
  "id" : "WOOSHaenderDSR",
  "text" : {
    "status" : "extensions",
    "div" : "<div xmlns=\"http://www.w3.org/1999/xhtml\"><p class=\"res-header-id\"><b>Generated Narrative: ValueSet WOOSHaenderDSR</b></p><a name=\"WOOSHaenderDSR\"> </a><a name=\"hcWOOSHaenderDSR\"> </a><a name=\"WOOSHaenderDSR-en-US\"> </a><ul><li>Include these codes as defined in <a href=\"CodeSystem-WOOS.html\"><code>https://kip.rkkp.dk/fhir/CodeSystem/WOOS</code></a><table class=\"none\"><tr><td style=\"white-space:nowrap\"><b>Code</b></td><td><b>Display</b></td><td><b>Definition</b></td></tr><tr><td><a href=\"CodeSystem-WOOS.html#WOOS-left_handed\">left_handed</a></td><td>Venstrehåndet</td><td>Venstrehåndet</td></tr><tr><td><a href=\"CodeSystem-WOOS.html#WOOS-right_handed\">right_handed</a></td><td>Højrehåndet</td><td>Højrehåndet</td></tr><tr><td><a href=\"CodeSystem-WOOS.html#WOOS-both_hands\">both_hands</a></td><td>Bruger begge hænder lige godt</td><td>Bruger begge hænder lige godt</td></tr></table></li></ul></div>"
  },
  "url" : "https://kip.rkkp.dk/fhir/ValueSet/WOOSHaenderDSR",
  "version" : "0.1.8",
  "name" : "WOOSHaenderDSR",
  "title" : "WOOS - Hænder (DSR)",
  "status" : "active",
  "experimental" : true,
  "date" : "2022-10-07T00:00:00+02:00",
  "publisher" : "Sundhedsvæsnets Kvalistetsinstitut with Trifork Digital Health A/S",
  "contact" : [{
    "name" : "Sundhedsvæsnets Kvalistetsinstitut with Trifork Digital Health A/S",
    "telecom" : [{
      "system" : "url",
      "value" : "https://trifork.com"
    },
    {
      "system" : "email",
      "value" : "rbk@trifork.com"
    }]
  }],
  "description" : "WOOS - Hænder (DSR)",
  "compose" : {
    "include" : [{
      "system" : "https://kip.rkkp.dk/fhir/CodeSystem/WOOS",
      "concept" : [{
        "code" : "left_handed",
        "display" : "Venstrehåndet"
      },
      {
        "code" : "right_handed",
        "display" : "Højrehåndet"
      },
      {
        "code" : "both_hands",
        "display" : "Bruger begge hænder lige godt"
      }]
    }]
  }
}