{
  "resourceType" : "ValueSet",
  "id" : "ImplantatAnatomiskDesign",
  "text" : {
    "status" : "extensions",
    "div" : "<div xmlns=\"http://www.w3.org/1999/xhtml\"><p class=\"res-header-id\"><b>Generated Narrative: ValueSet ImplantatAnatomiskDesign</b></p><a name=\"ImplantatAnatomiskDesign\"> </a><a name=\"hcImplantatAnatomiskDesign\"> </a><a name=\"ImplantatAnatomiskDesign-en-US\"> </a><ul><li>Include these codes as defined in <a href=\"CodeSystem-ImplantComponents.html\"><code>https://kip.rkkp.dk/fhir/CodeSystem/ImplantComponents</code></a><table class=\"none\"><tr><td style=\"white-space:nowrap\"><b>Code</b></td><td><b>Display</b></td><td><b>Definition</b></td></tr><tr><td><a href=\"CodeSystem-ImplantComponents.html#ImplantComponents-helplast\">helplast</a></td><td>Helplast</td><td>Helplast</td></tr><tr><td><a href=\"CodeSystem-ImplantComponents.html#ImplantComponents-metalbacked\">metalbacked</a></td><td>Metalbacked</td><td/></tr></table></li></ul></div>"
  },
  "url" : "https://kip.rkkp.dk/fhir/ValueSet/ImplantatAnatomiskDesign",
  "version" : "0.1.8",
  "name" : "ImplantatAnatomiskDesign",
  "title" : "Implantat - anatomisk design",
  "status" : "active",
  "experimental" : true,
  "date" : "2022-10-06T00:00:00+02:00",
  "publisher" : "Sundhedsvæsnets Kvalistetsinstitut with Trifork Digital Health A/S",
  "contact" : [{
    "name" : "Sundhedsvæsnets Kvalistetsinstitut with Trifork Digital Health A/S",
    "telecom" : [{
      "system" : "url",
      "value" : "https://trifork.com"
    },
    {
      "system" : "email",
      "value" : "rbk@trifork.com"
    }]
  }],
  "description" : "Implantat - anatomisk design",
  "compose" : {
    "include" : [{
      "system" : "https://kip.rkkp.dk/fhir/CodeSystem/ImplantComponents",
      "concept" : [{
        "code" : "helplast",
        "display" : "Helplast"
      },
      {
        "code" : "metalbacked",
        "display" : "Metalbacked"
      }]
    }]
  }
}