{
  "resourceType" : "ValueSet",
  "id" : "Skematype",
  "text" : {
    "status" : "extensions",
    "div" : "<div xmlns=\"http://www.w3.org/1999/xhtml\"><p class=\"res-header-id\"><b>Generated Narrative: ValueSet Skematype</b></p><a name=\"Skematype\"> </a><a name=\"hcSkematype\"> </a><a name=\"Skematype-en-US\"> </a><ul><li>Include these codes as defined in <a href=\"CodeSystem-GenericValues.html\"><code>https://kip.rkkp.dk/fhir/CodeSystem/GenericValues</code></a><table class=\"none\"><tr><td style=\"white-space:nowrap\"><b>Code</b></td><td><b>Display</b></td><td><b>Definition</b></td></tr><tr><td><a href=\"CodeSystem-GenericValues.html#GenericValues-paper_report\">paper_report</a></td><td>Papir</td><td>Paper report / Papir indberetning</td></tr><tr><td><a href=\"CodeSystem-GenericValues.html#GenericValues-electronic_report\">electronic_report</a></td><td>Elektronisk</td><td>Electronic report / Elektronisk indberetning</td></tr></table></li></ul></div>"
  },
  "url" : "https://kip.rkkp.dk/fhir/ValueSet/Skematype",
  "version" : "0.1.8",
  "name" : "Skematype",
  "title" : "Skematype",
  "status" : "active",
  "experimental" : true,
  "date" : "2022-09-06T00:00:00+02:00",
  "publisher" : "Sundhedsvæsnets Kvalistetsinstitut with Trifork Digital Health A/S",
  "contact" : [{
    "name" : "Sundhedsvæsnets Kvalistetsinstitut with Trifork Digital Health A/S",
    "telecom" : [{
      "system" : "url",
      "value" : "https://trifork.com"
    },
    {
      "system" : "email",
      "value" : "rbk@trifork.com"
    }]
  }],
  "description" : "Indleveringsform for eksterne skemaer",
  "compose" : {
    "include" : [{
      "system" : "https://kip.rkkp.dk/fhir/CodeSystem/GenericValues",
      "concept" : [{
        "code" : "paper_report",
        "display" : "Papir"
      },
      {
        "code" : "electronic_report",
        "display" : "Elektronisk"
      }]
    }]
  }
}