{
  "resourceType" : "ValueSet",
  "id" : "SOROverflytningRETSPSYKSJ",
  "text" : {
    "status" : "extensions",
    "div" : "<div xmlns=\"http://www.w3.org/1999/xhtml\"><p class=\"res-header-id\"><b>Generated Narrative: ValueSet SOROverflytningRETSPSYKSJ</b></p><a name=\"SOROverflytningRETSPSYKSJ\"> </a><a name=\"hcSOROverflytningRETSPSYKSJ\"> </a><a name=\"SOROverflytningRETSPSYKSJ-en-US\"> </a><ul><li>Include these codes as defined in <a href=\"CodeSystem-SOR.html\"><code>https://kip.rkkp.dk/fhir/CodeSystem/SOR</code></a><table class=\"none\"><tr><td style=\"white-space:nowrap\"><b>Code</b></td><td><b>Display</b></td><td><b>Definition</b></td></tr><tr><td><a href=\"CodeSystem-SOR.html#SOR-237021000016009\">237021000016009</a></td><td>Afdeling For Retspsykiatri - Ledelse</td><td>Region Sjællands Sygehusvæsen - Afdeling For Retspsykiatri - Ledelse</td></tr><tr><td><a href=\"CodeSystem-SOR.html#SOR-237041000016004\">237041000016004</a></td><td>PSL Retspsykiatrisk Afd.</td><td>Region Sjællands Sygehusvæsen - PSL Retspsykiatrisk Afd.</td></tr><tr><td><a href=\"CodeSystem-SOR.html#SOR-235611000016000\">235611000016000</a></td><td>Sjælland</td><td>Sjælland</td></tr><tr><td><a href=\"CodeSystem-SOR.html#SOR-235631000016006\">235631000016006</a></td><td>Psykiatri ØST Overafd. 01</td><td>Psykiatri ØST Overafd. 01</td></tr><tr><td><a href=\"CodeSystem-SOR.html#SOR-235901000016009\">235901000016009</a></td><td>Psykiatri ØST Overafd. 05</td><td>Psykiatri ØST Overafd. 05</td></tr><tr><td><a href=\"CodeSystem-SOR.html#SOR-236121000016006\">236121000016006</a></td><td>Psykiatri VEST Overafd. 10</td><td>Psykiatri VEST Overafd. 10</td></tr><tr><td><a href=\"CodeSystem-SOR.html#SOR-236351000016001\">236351000016001</a></td><td>Psykiatri VEST Overafd. 15</td><td>Psykiatri VEST Overafd. 15</td></tr><tr><td><a href=\"CodeSystem-SOR.html#SOR-236831000016003\">236831000016003</a></td><td>Psykiatri SYD Overafd. 25</td><td>Psykiatri SYD Overafd. 25</td></tr><tr><td><a href=\"CodeSystem-SOR.html#SOR-697531000016008\">697531000016008</a></td><td>Psykiatri SYD Overafd. 27</td><td>Psykiatri SYD Overafd. 27</td></tr><tr><td><a href=\"CodeSystem-SOR.html#SOR-237031000016006\">237031000016006</a></td><td>PSL Retspsykiatri</td><td>PSL Retspsykiatri</td></tr><tr><td><a href=\"CodeSystem-SOR.html#SOR-237131000016005\">237131000016005</a></td><td>PSL Sikringsafd.</td><td>PSL Sikringsafd. </td></tr></table></li></ul></div>"
  },
  "url" : "https://kip.rkkp.dk/fhir/ValueSet/SOROverflytningRETSPSYKSJ",
  "version" : "0.1.8",
  "name" : "SOROverflytningRETSPSYKSJ",
  "title" : "SOR: Overflytning Sjælland (RETSPSYK)",
  "status" : "active",
  "experimental" : true,
  "date" : "2024-03-13T00:00:00+02:00",
  "publisher" : "Sundhedsvæsnets Kvalistetsinstitut with Trifork Digital Health A/S",
  "contact" : [{
    "name" : "Sundhedsvæsnets Kvalistetsinstitut with Trifork Digital Health A/S",
    "telecom" : [{
      "system" : "url",
      "value" : "https://trifork.com"
    },
    {
      "system" : "email",
      "value" : "rbk@trifork.com"
    }]
  }],
  "description" : "SOR: Overflytning Sjælland (RETSPSYK)",
  "compose" : {
    "include" : [{
      "system" : "https://kip.rkkp.dk/fhir/CodeSystem/SOR",
      "concept" : [{
        "code" : "237021000016009",
        "display" : "Afdeling For Retspsykiatri - Ledelse"
      },
      {
        "code" : "237041000016004",
        "display" : "PSL Retspsykiatrisk Afd."
      },
      {
        "code" : "235611000016000",
        "display" : "Sjælland"
      },
      {
        "code" : "235631000016006",
        "display" : "Psykiatri ØST Overafd. 01"
      },
      {
        "code" : "235901000016009",
        "display" : "Psykiatri ØST Overafd. 05"
      },
      {
        "code" : "236121000016006",
        "display" : "Psykiatri VEST Overafd. 10"
      },
      {
        "code" : "236351000016001",
        "display" : "Psykiatri VEST Overafd. 15"
      },
      {
        "code" : "236831000016003",
        "display" : "Psykiatri SYD Overafd. 25"
      },
      {
        "code" : "697531000016008",
        "display" : "Psykiatri SYD Overafd. 27"
      },
      {
        "code" : "237031000016006",
        "display" : "PSL Retspsykiatri"
      },
      {
        "code" : "237131000016005",
        "display" : "PSL Sikringsafd."
      }]
    }]
  }
}