{
  "resourceType" : "ValueSet",
  "id" : "VancouverKlassifikationDHR",
  "text" : {
    "status" : "extensions",
    "div" : "<div xmlns=\"http://www.w3.org/1999/xhtml\"><p class=\"res-header-id\"><b>Generated Narrative: ValueSet VancouverKlassifikationDHR</b></p><a name=\"VancouverKlassifikationDHR\"> </a><a name=\"hcVancouverKlassifikationDHR\"> </a><a name=\"VancouverKlassifikationDHR-en-US\"> </a><ul><li>Include these codes as defined in <a href=\"CodeSystem-VancouverClassification.html\"><code>https://kip.rkkp.dk/fhir/CodeSystem/VancouverClassification</code></a><table class=\"none\"><tr><td style=\"white-space:nowrap\"><b>Code</b></td><td><b>Display</b></td><td><b>Definition</b></td></tr><tr><td><a href=\"CodeSystem-VancouverClassification.html#VancouverClassification-type_ag\">type_ag</a></td><td>A1. Fraktur svarende til trochanter major</td><td>Type A(G): greater trochanter</td></tr><tr><td><a href=\"CodeSystem-VancouverClassification.html#VancouverClassification-type_al\">type_al</a></td><td>A2. Fraktur svarende til trochanter minor</td><td>Type A(L): lesser trochanter</td></tr><tr><td><a href=\"CodeSystem-VancouverClassification.html#VancouverClassification-type_b1\">type_b1</a></td><td>B1. Fraktur omkring fastsiddende stem eller lige nedenfor stem spids</td><td>Type B1: stem stable</td></tr><tr><td><a href=\"CodeSystem-VancouverClassification.html#VancouverClassification-type_b2\">type_b2</a></td><td>B2. Fraktur omkring løst stem eller lige nedenfor stem spids med god knoglekvalitet</td><td>Type B2: stem loose</td></tr><tr><td><a href=\"CodeSystem-VancouverClassification.html#VancouverClassification-type_b3\">type_b3</a></td><td>B3. Fraktur omkring løst stem eller lige nedenfor stem spids med dårlig knoglekvalitet</td><td>Type B3: stem loose, bone stock inadequate</td></tr><tr><td><a href=\"CodeSystem-VancouverClassification.html#VancouverClassification-type_c1\">type_c1</a></td><td>C1. Fraktur klart distalt for stemmet uden osteosynteseyntese</td><td>Type C1</td></tr><tr><td><a href=\"CodeSystem-VancouverClassification.html#VancouverClassification-type_c2\">type_c2</a></td><td>C2. Fraktur klart distalt for stemmet med osteosyntese</td><td>Type C2</td></tr></table></li></ul></div>"
  },
  "url" : "https://kip.rkkp.dk/fhir/ValueSet/VancouverKlassifikationDHR",
  "version" : "0.1.8",
  "name" : "VancouverKlassifikationDHR",
  "title" : "Vancouver klassifikation (DHR)",
  "status" : "active",
  "experimental" : true,
  "date" : "2022-07-20T00:00:00+02:00",
  "publisher" : "Sundhedsvæsnets Kvalistetsinstitut with Trifork Digital Health A/S",
  "contact" : [{
    "name" : "Sundhedsvæsnets Kvalistetsinstitut with Trifork Digital Health A/S",
    "telecom" : [{
      "system" : "url",
      "value" : "https://trifork.com"
    },
    {
      "system" : "email",
      "value" : "rbk@trifork.com"
    }]
  }],
  "description" : "Vancouver klassifikation (DHR)",
  "compose" : {
    "include" : [{
      "system" : "https://kip.rkkp.dk/fhir/CodeSystem/VancouverClassification",
      "concept" : [{
        "code" : "type_ag",
        "display" : "A1. Fraktur svarende til trochanter major"
      },
      {
        "code" : "type_al",
        "display" : "A2. Fraktur svarende til trochanter minor"
      },
      {
        "code" : "type_b1",
        "display" : "B1. Fraktur omkring fastsiddende stem eller lige nedenfor stem spids"
      },
      {
        "code" : "type_b2",
        "display" : "B2. Fraktur omkring løst stem eller lige nedenfor stem spids med god knoglekvalitet"
      },
      {
        "code" : "type_b3",
        "display" : "B3. Fraktur omkring løst stem eller lige nedenfor stem spids med dårlig knoglekvalitet"
      },
      {
        "code" : "type_c1",
        "display" : "C1. Fraktur klart distalt for stemmet uden osteosynteseyntese"
      },
      {
        "code" : "type_c2",
        "display" : "C2. Fraktur klart distalt for stemmet med osteosyntese"
      }]
    }]
  }
}