{
  "resourceType" : "ValueSet",
  "id" : "StemlaengdeDSR",
  "text" : {
    "status" : "extensions",
    "div" : "<div xmlns=\"http://www.w3.org/1999/xhtml\"><p class=\"res-header-id\"><b>Generated Narrative: ValueSet StemlaengdeDSR</b></p><a name=\"StemlaengdeDSR\"> </a><a name=\"hcStemlaengdeDSR\"> </a><a name=\"StemlaengdeDSR-en-US\"> </a><ul><li>Include these codes as defined in <a href=\"CodeSystem-ImplantComponents.html\"><code>https://kip.rkkp.dk/fhir/CodeSystem/ImplantComponents</code></a><table class=\"none\"><tr><td style=\"white-space:nowrap\"><b>Code</b></td><td><b>Display</b></td><td><b>Definition</b></td></tr><tr><td><a href=\"CodeSystem-ImplantComponents.html#ImplantComponents-standard_length\">standard_length</a></td><td>Standard længde</td><td>Standard length / Standard længde</td></tr><tr><td><a href=\"CodeSystem-ImplantComponents.html#ImplantComponents-extra_length\">extra_length</a></td><td>Extra længde</td><td>Extra length / Extra længde</td></tr><tr><td><a href=\"CodeSystem-ImplantComponents.html#ImplantComponents-short_mini_length\">short_mini_length</a></td><td>Kort/mini</td><td>Short/mini / Short/mini</td></tr></table></li></ul></div>"
  },
  "url" : "https://kip.rkkp.dk/fhir/ValueSet/StemlaengdeDSR",
  "version" : "0.1.8",
  "name" : "StemlaengdeDSR",
  "title" : "Stemlængde (DSR)",
  "status" : "active",
  "experimental" : true,
  "date" : "2022-10-06T00:00:00+02:00",
  "publisher" : "Sundhedsvæsnets Kvalistetsinstitut with Trifork Digital Health A/S",
  "contact" : [{
    "name" : "Sundhedsvæsnets Kvalistetsinstitut with Trifork Digital Health A/S",
    "telecom" : [{
      "system" : "url",
      "value" : "https://trifork.com"
    },
    {
      "system" : "email",
      "value" : "rbk@trifork.com"
    }]
  }],
  "description" : "Stemlængde (DSR)",
  "compose" : {
    "include" : [{
      "system" : "https://kip.rkkp.dk/fhir/CodeSystem/ImplantComponents",
      "concept" : [{
        "code" : "standard_length",
        "display" : "Standard længde"
      },
      {
        "code" : "extra_length",
        "display" : "Extra længde"
      },
      {
        "code" : "short_mini_length",
        "display" : "Kort/mini"
      }]
    }]
  }
}