{
  "resourceType" : "ValueSet",
  "id" : "CytogeneticRiskGrimwade2010",
  "text" : {
    "status" : "extensions",
    "div" : "<div xmlns=\"http://www.w3.org/1999/xhtml\"><p class=\"res-header-id\"><b>Generated Narrative: ValueSet CytogeneticRiskGrimwade2010</b></p><a name=\"CytogeneticRiskGrimwade2010\"> </a><a name=\"hcCytogeneticRiskGrimwade2010\"> </a><a name=\"CytogeneticRiskGrimwade2010-en-US\"> </a><p>This value set includes codes based on the following rules:</p><ul><li>Include these codes as defined in <a href=\"CodeSystem-GenericValues.html\"><code>https://kip.rkkp.dk/fhir/CodeSystem/GenericValues</code></a><table class=\"none\"><tr><td style=\"white-space:nowrap\"><b>Code</b></td><td><b>Display</b></td><td><b>Definition</b></td></tr><tr><td><a href=\"CodeSystem-GenericValues.html#GenericValues-high\">high</a></td><td>Høj (Grimwade 2010)</td><td>High (risk, etc.)</td></tr><tr><td><a href=\"CodeSystem-GenericValues.html#GenericValues-normal\">normal</a></td><td>Intermediær (Grimwade 2010)</td><td>Normal</td></tr><tr><td><a href=\"CodeSystem-GenericValues.html#GenericValues-low\">low</a></td><td>Lav (Grimwade 2010)</td><td>Low (risk, etc.)</td></tr></table></li><li>Include these codes as defined in <a href=\"CodeSystem-DiseasesUnspecified.html\"><code>https://kip.rkkp.dk/fhir/CodeSystem/DiseasesUnspecified</code></a><table class=\"none\"><tr><td style=\"white-space:nowrap\"><b>Code</b></td><td><b>Display</b></td><td><b>Definition</b></td></tr><tr><td><a href=\"CodeSystem-DiseasesUnspecified.html#DiseasesUnspecified-al\">al</a></td><td>Akut lymfatisk leukæmi (ALL)</td><td>Akut leumæmi (AL)</td></tr></table></li><li>Include these codes as defined in <a href=\"http://terminology.hl7.org/3.1.0/CodeSystem-v2-0532.html\"><code>http://terminology.hl7.org/CodeSystem/v2-0532</code></a><table class=\"none\"><tr><td style=\"white-space:nowrap\"><b>Code</b></td><td><b>Display</b></td><td><b>Definition</b></td></tr><tr><td><a href=\"http://terminology.hl7.org/3.1.0/CodeSystem-v2-0532.html#v2-0532-UNK\">UNK</a></td><td>Uvist</td><td>unknown</td></tr></table></li></ul></div>"
  },
  "url" : "https://kip.rkkp.dk/fhir/ValueSet/CytogeneticRiskGrimwade2010",
  "version" : "0.1.8",
  "name" : "CytogeneticRiskGrimwade2010",
  "title" : "Cytogenetisk risiki Grimwade 2010",
  "status" : "active",
  "experimental" : true,
  "date" : "2022-07-13T00:00:00+02:00",
  "publisher" : "Sundhedsvæsnets Kvalistetsinstitut with Trifork Digital Health A/S",
  "contact" : [{
    "name" : "Sundhedsvæsnets Kvalistetsinstitut with Trifork Digital Health A/S",
    "telecom" : [{
      "system" : "url",
      "value" : "https://trifork.com"
    },
    {
      "system" : "email",
      "value" : "rbk@trifork.com"
    }]
  }],
  "description" : "Cytogenetiske risiko vurdering i henhold til Grimwade 2010 kriterier",
  "compose" : {
    "include" : [{
      "system" : "https://kip.rkkp.dk/fhir/CodeSystem/GenericValues",
      "concept" : [{
        "code" : "high",
        "display" : "Høj (Grimwade 2010)"
      },
      {
        "code" : "normal",
        "display" : "Intermediær (Grimwade 2010)"
      },
      {
        "code" : "low",
        "display" : "Lav (Grimwade 2010)"
      }]
    },
    {
      "system" : "https://kip.rkkp.dk/fhir/CodeSystem/DiseasesUnspecified",
      "concept" : [{
        "code" : "al",
        "display" : "Akut lymfatisk leukæmi (ALL)"
      }]
    },
    {
      "system" : "http://terminology.hl7.org/CodeSystem/v2-0532",
      "concept" : [{
        "code" : "UNK",
        "display" : "Uvist"
      }]
    }]
  }
}