{
  "resourceType" : "ValueSet",
  "id" : "AnaestesiGenerelSpinalEpiduralLokalanalgesi",
  "text" : {
    "status" : "extensions",
    "div" : "<div xmlns=\"http://www.w3.org/1999/xhtml\"><p class=\"res-header-id\"><b>Generated Narrative: ValueSet AnaestesiGenerelSpinalEpiduralLokalanalgesi</b></p><a name=\"AnaestesiGenerelSpinalEpiduralLokalanalgesi\"> </a><a name=\"hcAnaestesiGenerelSpinalEpiduralLokalanalgesi\"> </a><a name=\"AnaestesiGenerelSpinalEpiduralLokalanalgesi-en-US\"> </a><ul><li>Include these codes as defined in <a href=\"CodeSystem-AnasthesiaService.html\"><code>https://kip.rkkp.dk/fhir/CodeSystem/AnasthesiaService</code></a><table class=\"none\"><tr><td style=\"white-space:nowrap\"><b>Code</b></td><td><b>Display</b></td><td><b>Definition</b></td></tr><tr><td><a href=\"CodeSystem-AnasthesiaService.html#AnasthesiaService-regional\">regional</a></td><td>Spinal/epidural</td><td>Regional (spinal/epidural) / SNOMED-CT: 231262009</td></tr><tr><td><a href=\"CodeSystem-AnasthesiaService.html#AnasthesiaService-gen_anesthesia\">gen_anesthesia</a></td><td>Generel anæstesi</td><td>Generel anæstesi / SNOMED-CT: 50697003</td></tr><tr><td><a href=\"CodeSystem-AnasthesiaService.html#AnasthesiaService-local_analgesia\">local_analgesia</a></td><td>Lokalanalgesi</td><td>Lokal analgesi</td></tr></table></li></ul></div>"
  },
  "url" : "https://kip.rkkp.dk/fhir/ValueSet/AnaestesiGenerelSpinalEpiduralLokalanalgesi",
  "version" : "0.1.8",
  "name" : "AnaestesiGenerelSpinalEpiduralLokalanalgesi",
  "title" : "Anæstesi - Generel, lokalanalgesi og spinal/epidural anæstesi",
  "status" : "active",
  "experimental" : true,
  "date" : "2023-01-18T00:00:00+02:00",
  "publisher" : "Sundhedsvæsnets Kvalistetsinstitut with Trifork Digital Health A/S",
  "contact" : [{
    "name" : "Sundhedsvæsnets Kvalistetsinstitut with Trifork Digital Health A/S",
    "telecom" : [{
      "system" : "url",
      "value" : "https://trifork.com"
    },
    {
      "system" : "email",
      "value" : "rbk@trifork.com"
    }]
  }],
  "description" : "Værdier for generel, lokalanalgesi og spinal/epidural anæstesi.",
  "compose" : {
    "include" : [{
      "system" : "https://kip.rkkp.dk/fhir/CodeSystem/AnasthesiaService",
      "concept" : [{
        "code" : "regional",
        "display" : "Spinal/epidural"
      },
      {
        "code" : "gen_anesthesia",
        "display" : "Generel anæstesi"
      },
      {
        "code" : "local_analgesia",
        "display" : "Lokalanalgesi"
      }]
    }]
  }
}