{
  "resourceType" : "ValueSet",
  "id" : "SKSOperationerKAR",
  "text" : {
    "status" : "extensions",
    "div" : "<div xmlns=\"http://www.w3.org/1999/xhtml\"><p class=\"res-header-id\"><b>Generated Narrative: ValueSet SKSOperationerKAR</b></p><a name=\"SKSOperationerKAR\"> </a><a name=\"hcSKSOperationerKAR\"> </a><a name=\"SKSOperationerKAR-en-US\"> </a><ul><li>Include these codes as defined in <a href=\"CodeSystem-SKS.html\"><code>https://kip.rkkp.dk/fhir/CodeSystem/SKS</code></a><table class=\"none\"><tr><td style=\"white-space:nowrap\"><b>Code</b></td><td><b>Display</b></td><td><b>Definition</b></td></tr><tr><td><a href=\"CodeSystem-SKS.html#SKS-KJAH00\">KJAH00</a></td><td>KJAH00</td><td>KJAH00 - Eksplorativ laparotomi</td></tr><tr><td><a href=\"CodeSystem-SKS.html#SKS-KPAF20\">KPAF20</a></td><td>KPAF20</td><td>KPAF20 - Trombendarterektomi i a. carotis communis</td></tr><tr><td><a href=\"CodeSystem-SKS.html#SKS-KPAF21\">KPAF21</a></td><td>KPAF21</td><td>KPAF21 - Trombendarterektomi i a. carotis interna</td></tr><tr><td><a href=\"CodeSystem-SKS.html#SKS-KPAF22\">KPAF22</a></td><td>KPAF22</td><td>KPAF22 - Trombendarterektomi i a. carotis externa</td></tr><tr><td><a href=\"CodeSystem-SKS.html#SKS-KPAK21\">KPAK21</a></td><td>KPAK21</td><td>KPAK21 - Reimplantation af a. carotis interna</td></tr><tr><td><a href=\"CodeSystem-SKS.html#SKS-KPAP10\">KPAP10</a></td><td>KPAP10</td><td>KPAP10 - Perkut. plastik på truncus brachiocephalicus</td></tr><tr><td><a href=\"CodeSystem-SKS.html#SKS-KPAP20\">KPAP20</a></td><td>KPAP20</td><td>KPAP20 - Perkut. plastik på a. carotis communis</td></tr><tr><td><a href=\"CodeSystem-SKS.html#SKS-KPAP21\">KPAP21</a></td><td>KPAP21</td><td>KPAP21 - Perkut. plastik på a. carotis interna</td></tr><tr><td><a href=\"CodeSystem-SKS.html#SKS-KPAP30\">KPAP30</a></td><td>KPAP30</td><td>KPAP30 - Perkutan plastik på a. subclavia</td></tr><tr><td><a href=\"CodeSystem-SKS.html#SKS-KPAP99\">KPAP99</a></td><td>KPAP99</td><td>KPAP99 - Perkut. plastik på an. gren på a. afgå. fra aortabuen</td></tr><tr><td><a href=\"CodeSystem-SKS.html#SKS-KPBP10\">KPBP10</a></td><td>KPBP10</td><td>KPBP10 - Perkutan plastik på a. axillaris</td></tr><tr><td><a href=\"CodeSystem-SKS.html#SKS-KPBP20\">KPBP20</a></td><td>KPBP20</td><td>KPBP20 - Perkutan plastik på a. brachialis</td></tr><tr><td><a href=\"CodeSystem-SKS.html#SKS-KPBP99\">KPBP99</a></td><td>KPBP99</td><td>KPBP99 - Perkut. plastik på anden arterie i overekstremitet</td></tr><tr><td><a href=\"CodeSystem-SKS.html#SKS-KPBQ10\">KPBQ10</a></td><td>KPBQ10</td><td>KPBQ10 - Indsættelse af endoprotese i a. axillaris</td></tr><tr><td><a href=\"CodeSystem-SKS.html#SKS-KPBQ20\">KPBQ20</a></td><td>KPBQ20</td><td>KPBQ20 - Indsættelse af endoprotese i a. brachialis</td></tr><tr><td><a href=\"CodeSystem-SKS.html#SKS-KPBQ99\">KPBQ99</a></td><td>KPBQ99</td><td>KPBQ99 - Indsættelse af endoprotese i anden arterie i overekstremitet</td></tr><tr><td><a href=\"CodeSystem-SKS.html#SKS-KPCG10\">KPCG10</a></td><td>KPCG10</td><td>KPCG10 - Aneurismeoperation på supracøliakale el. jukstarenale ao.</td></tr><tr><td><a href=\"CodeSystem-SKS.html#SKS-KPCP10\">KPCP10</a></td><td>KPCP10</td><td>KPCP10 - Perkutan plastik på suprarenale aorta</td></tr><tr><td><a href=\"CodeSystem-SKS.html#SKS-KPCP20\">KPCP20</a></td><td>KPCP20</td><td>KPCP20 - Perkut. plastik på truncus coeliacus el. grene</td></tr><tr><td><a href=\"CodeSystem-SKS.html#SKS-KPCP30\">KPCP30</a></td><td>KPCP30</td><td>KPCP30 - Perkut. plastik på a. mesenterica superior</td></tr><tr><td><a href=\"CodeSystem-SKS.html#SKS-KPCP40\">KPCP40</a></td><td>KPCP40</td><td>KPCP40 - Perkutan plastik på a. renalis</td></tr><tr><td><a href=\"CodeSystem-SKS.html#SKS-KPCP40A\">KPCP40A</a></td><td>KPCP40A</td><td>KPCP40A - Perkut. plastik på arterie til transplanteret nyre</td></tr><tr><td><a href=\"CodeSystem-SKS.html#SKS-KPCP99\">KPCP99</a></td><td>KPCP99</td><td>KPCP99 - Perkut. plastik på anden visceralarterie</td></tr><tr><td><a href=\"CodeSystem-SKS.html#SKS-KPCQ10\">KPCQ10</a></td><td>KPCQ10</td><td>KPCQ10 - Inds af endoprotese i supracøliakale el. jukstrarenale aorta</td></tr><tr><td><a href=\"CodeSystem-SKS.html#SKS-KPCQ20\">KPCQ20</a></td><td>KPCQ20</td><td>KPCQ20 - Indsættelse af endoprotese i truncus coeliacus el. grene</td></tr><tr><td><a href=\"CodeSystem-SKS.html#SKS-KPCQ30\">KPCQ30</a></td><td>KPCQ30</td><td>KPCQ30 - Indsættelse af endoprotese i a. mesenterica superior</td></tr><tr><td><a href=\"CodeSystem-SKS.html#SKS-KPCQ40\">KPCQ40</a></td><td>KPCQ40</td><td>KPCQ40 - Indsættelse af endoprotese i a. renalis</td></tr><tr><td><a href=\"CodeSystem-SKS.html#SKS-KPCQ99\">KPCQ99</a></td><td>KPCQ99</td><td>KPCQ99 - Indsættelse af endoprotese i anden visceralarterie</td></tr><tr><td><a href=\"CodeSystem-SKS.html#SKS-KPCU83\">KPCU83</a></td><td>KPCU83</td><td>KPCU83 - Perkut. plastik på byp. fra suprarenale ao. el. viscerala.</td></tr><tr><td><a href=\"CodeSystem-SKS.html#SKS-KPCU84\">KPCU84</a></td><td>KPCU84</td><td>KPCU84 - Indsæt. af stent i byp. fra suprarenale ao. el. viscerala.</td></tr><tr><td><a href=\"CodeSystem-SKS.html#SKS-KPCW20\">KPCW20</a></td><td>KPCW20</td><td>KPCW20 - Perkut. translum. fenestrering af suprarenale ao.</td></tr><tr><td><a href=\"CodeSystem-SKS.html#SKS-KPDA10\">KPDA10</a></td><td>KPDA10</td><td>KPDA10 - Eksploration af infrarenale aorta</td></tr><tr><td><a href=\"CodeSystem-SKS.html#SKS-KPDG10\">KPDG10</a></td><td>KPDG10</td><td>KPDG10 - Aneurismeoperation på infrarenale aorta</td></tr><tr><td><a href=\"CodeSystem-SKS.html#SKS-KPDG20\">KPDG20</a></td><td>KPDG20</td><td>KPDG20 - Aneurismeoperation m. aortoiliakal byp.</td></tr><tr><td><a href=\"CodeSystem-SKS.html#SKS-KPDG21\">KPDG21</a></td><td>KPDG21</td><td>KPDG21 - Aneurismeoperation m. aortobi-iliakal byp.</td></tr><tr><td><a href=\"CodeSystem-SKS.html#SKS-KPDG22\">KPDG22</a></td><td>KPDG22</td><td>KPDG22 - Aneurismeop. m. aortoiliakal/kontralat. iliakofemoral byp.</td></tr><tr><td><a href=\"CodeSystem-SKS.html#SKS-KPDG23\">KPDG23</a></td><td>KPDG23</td><td>KPDG23 - Aneurismeoperation m. aortofemoral byp.</td></tr><tr><td><a href=\"CodeSystem-SKS.html#SKS-KPDG24\">KPDG24</a></td><td>KPDG24</td><td>KPDG24 - Aneurismeoperation m. aortobifemoral byp.</td></tr><tr><td><a href=\"CodeSystem-SKS.html#SKS-KPDP10\">KPDP10</a></td><td>KPDP10</td><td>KPDP10 - Perkutan plastik på infrarenale aorta</td></tr><tr><td><a href=\"CodeSystem-SKS.html#SKS-KPDP30\">KPDP30</a></td><td>KPDP30</td><td>KPDP30 - Perkutan plastik på iliaka-arterie</td></tr><tr><td><a href=\"CodeSystem-SKS.html#SKS-KPDQ10\">KPDQ10</a></td><td>KPDQ10</td><td>KPDQ10 - Indsættelse af endoprotese i infrarenale aorta</td></tr><tr><td><a href=\"CodeSystem-SKS.html#SKS-KPDQ20\">KPDQ20</a></td><td>KPDQ20</td><td>KPDQ20 - Indsættelse af endoprotese aorto-iliakalt</td></tr><tr><td><a href=\"CodeSystem-SKS.html#SKS-KPDQ21\">KPDQ21</a></td><td>KPDQ21</td><td>KPDQ21 - Indsættelse af endoprotese aorto-bi-iliakalt</td></tr><tr><td><a href=\"CodeSystem-SKS.html#SKS-KPDU83\">KPDU83</a></td><td>KPDU83</td><td>KPDU83 - Perkut. plastik på byp. fra infraren. ao. el. iliaka-a.</td></tr><tr><td><a href=\"CodeSystem-SKS.html#SKS-KPDU84\">KPDU84</a></td><td>KPDU84</td><td>KPDU84 - Indsæt. af stent i byp. fra infraren. ao. el. iliaka-a.</td></tr><tr><td><a href=\"CodeSystem-SKS.html#SKS-KPDW20\">KPDW20</a></td><td>KPDW20</td><td>KPDW20 - Perkut. translum. fenestrering af infrarenale ao.</td></tr><tr><td><a href=\"CodeSystem-SKS.html#SKS-KPEH20\">KPEH20</a></td><td>KPEH20</td><td>KPEH20 - Byp. fra a. femor. til a. poplit. oven for knæet</td></tr><tr><td><a href=\"CodeSystem-SKS.html#SKS-KPEH30\">KPEH30</a></td><td>KPEH30</td><td>KPEH30 - Byp. fra a. femor. til a. poplit. neden for knæet</td></tr><tr><td><a href=\"CodeSystem-SKS.html#SKS-KPEP10\">KPEP10</a></td><td>KPEP10</td><td>KPEP10 - Perkut. plastik på a. femoralis communis</td></tr><tr><td><a href=\"CodeSystem-SKS.html#SKS-KPEP11\">KPEP11</a></td><td>KPEP11</td><td>KPEP11 - Perkut. plastik på a. profunda femoris</td></tr><tr><td><a href=\"CodeSystem-SKS.html#SKS-KPEP12\">KPEP12</a></td><td>KPEP12</td><td>KPEP12 - Perkut. plastik på a. femoralis superficialis</td></tr><tr><td><a href=\"CodeSystem-SKS.html#SKS-KPEQ10\">KPEQ10</a></td><td>KPEQ10</td><td>KPEQ10 - Indsættelse af endoprotese i a. femoralis communis</td></tr><tr><td><a href=\"CodeSystem-SKS.html#SKS-KPEQ11\">KPEQ11</a></td><td>KPEQ11</td><td>KPEQ11 - Indsættelse af endoprotese i a. profunda femoris</td></tr><tr><td><a href=\"CodeSystem-SKS.html#SKS-KPEQ12\">KPEQ12</a></td><td>KPEQ12</td><td>KPEQ12 - Indsættelse af endoprotese i a. femoralis superficialis</td></tr><tr><td><a href=\"CodeSystem-SKS.html#SKS-KPEQ99\">KPEQ99</a></td><td>KPEQ99</td><td>KPEQ99 - An. indsæt. af endoprotese i a. femor. el. dens grene</td></tr><tr><td><a href=\"CodeSystem-SKS.html#SKS-KPEU83\">KPEU83</a></td><td>KPEU83</td><td>KPEU83 - Perkut. plastik på byp. fra a. femor. til a. poplit.</td></tr><tr><td><a href=\"CodeSystem-SKS.html#SKS-KPEU84\">KPEU84</a></td><td>KPEU84</td><td>KPEU84 - Indsæt. af stent i byp. fra a. femor. til a. poplit.</td></tr><tr><td><a href=\"CodeSystem-SKS.html#SKS-KPFH20\">KPFH20</a></td><td>KPFH20</td><td>KPFH20 - Byp. fra a. femor. el. a. poplit. til a. i underben</td></tr><tr><td><a href=\"CodeSystem-SKS.html#SKS-KPFH21\">KPFH21</a></td><td>KPFH21</td><td>KPFH21 - Byp. fra a. femor/poplit. til proks. del af a. tibialis ant.</td></tr><tr><td><a href=\"CodeSystem-SKS.html#SKS-KPFH22\">KPFH22</a></td><td>KPFH22</td><td>KPFH22 - Byp. fra a. femor/poplit. til dist. del af a. tibialis ant.</td></tr><tr><td><a href=\"CodeSystem-SKS.html#SKS-KPFH23\">KPFH23</a></td><td>KPFH23</td><td>KPFH23 - Byp. fra a. femor. el. a. poplit. til trun. tibioperonealis</td></tr><tr><td><a href=\"CodeSystem-SKS.html#SKS-KPFH24\">KPFH24</a></td><td>KPFH24</td><td>KPFH24 - Byp. fra a. femor/poplit. til proks. a. tibialis post.</td></tr><tr><td><a href=\"CodeSystem-SKS.html#SKS-KPFH25\">KPFH25</a></td><td>KPFH25</td><td>KPFH25 - Byp. fra a. femor. el. a. poplit. til dist. a. tibialis post</td></tr><tr><td><a href=\"CodeSystem-SKS.html#SKS-KPFH26\">KPFH26</a></td><td>KPFH26</td><td>KPFH26 - Byp. fra a. femor. el. a. poplit. til proks. a. peronealis</td></tr><tr><td><a href=\"CodeSystem-SKS.html#SKS-KPFH27\">KPFH27</a></td><td>KPFH27</td><td>KPFH27 - Byp. fra a. femor. el. a. poplit. til dist. a. peronealis</td></tr><tr><td><a href=\"CodeSystem-SKS.html#SKS-KPFH28\">KPFH28</a></td><td>KPFH28</td><td>KPFH28 - Byp. fra a. femor. el. a. poplit. til a. dorsalis pedis</td></tr><tr><td><a href=\"CodeSystem-SKS.html#SKS-KPFH29\">KPFH29</a></td><td>KPFH29</td><td>KPFH29 - Byp. fra a. femor/poplit. til a. tibialis post. i fod</td></tr><tr><td><a href=\"CodeSystem-SKS.html#SKS-KPFH99\">KPFH99</a></td><td>KPFH99</td><td>KPFH99 - An. byp. fra a. femor. el. a. poplit. til a. i underben/fod</td></tr><tr><td><a href=\"CodeSystem-SKS.html#SKS-KPFP10\">KPFP10</a></td><td>KPFP10</td><td>KPFP10 - Perkutan plastik på a. poplitea</td></tr><tr><td><a href=\"CodeSystem-SKS.html#SKS-KPFP30\">KPFP30</a></td><td>KPFP30</td><td>KPFP30 - Perkut. plastik på arterie i underben el. fod</td></tr><tr><td><a href=\"CodeSystem-SKS.html#SKS-KPFQ10\">KPFQ10</a></td><td>KPFQ10</td><td>KPFQ10 - Indsættelse af endoprotese i a. poplitea</td></tr><tr><td><a href=\"CodeSystem-SKS.html#SKS-KPFQ30\">KPFQ30</a></td><td>KPFQ30</td><td>KPFQ30 - Indsættelse af endoprotese i arterie i underben el. fod</td></tr><tr><td><a href=\"CodeSystem-SKS.html#SKS-KPFU83\">KPFU83</a></td><td>KPFU83</td><td>KPFU83 - Perkut. plastik på byp. fra a-fem/poplit. til a-underben/fod</td></tr><tr><td><a href=\"CodeSystem-SKS.html#SKS-KPFU84\">KPFU84</a></td><td>KPFU84</td><td>KPFU84 - Indsæt. stent i byp. fra a. femor/poplit. til a-underben/fod</td></tr><tr><td><a href=\"CodeSystem-SKS.html#SKS-KPGU83\">KPGU83</a></td><td>KPGU83</td><td>KPGU83 - Perkut. plastik på ekstra-anatomisk byp.</td></tr><tr><td><a href=\"CodeSystem-SKS.html#SKS-KPGU84\">KPGU84</a></td><td>KPGU84</td><td>KPGU84 - Indsættelse af stent i ekstra-anatomisk byp.</td></tr></table></li></ul></div>"
  },
  "url" : "https://kip.rkkp.dk/fhir/ValueSet/SKSOperationerKAR",
  "version" : "0.1.8",
  "name" : "SKSOperationerKAR",
  "title" : "SKS: Operationer (KAR)",
  "status" : "active",
  "experimental" : true,
  "date" : "2022-09-27T00:00:00+02:00",
  "publisher" : "Sundhedsvæsnets Kvalistetsinstitut with Trifork Digital Health A/S",
  "contact" : [{
    "name" : "Sundhedsvæsnets Kvalistetsinstitut with Trifork Digital Health A/S",
    "telecom" : [{
      "system" : "url",
      "value" : "https://trifork.com"
    },
    {
      "system" : "email",
      "value" : "rbk@trifork.com"
    }]
  }],
  "description" : "SKS: Operationer (KAR)",
  "compose" : {
    "include" : [{
      "system" : "https://kip.rkkp.dk/fhir/CodeSystem/SKS",
      "concept" : [{
        "code" : "KJAH00",
        "display" : "KJAH00"
      },
      {
        "code" : "KPAF20",
        "display" : "KPAF20"
      },
      {
        "code" : "KPAF21",
        "display" : "KPAF21"
      },
      {
        "code" : "KPAF22",
        "display" : "KPAF22"
      },
      {
        "code" : "KPAK21",
        "display" : "KPAK21"
      },
      {
        "code" : "KPAP10",
        "display" : "KPAP10"
      },
      {
        "code" : "KPAP20",
        "display" : "KPAP20"
      },
      {
        "code" : "KPAP21",
        "display" : "KPAP21"
      },
      {
        "code" : "KPAP30",
        "display" : "KPAP30"
      },
      {
        "code" : "KPAP99",
        "display" : "KPAP99"
      },
      {
        "code" : "KPBP10",
        "display" : "KPBP10"
      },
      {
        "code" : "KPBP20",
        "display" : "KPBP20"
      },
      {
        "code" : "KPBP99",
        "display" : "KPBP99"
      },
      {
        "code" : "KPBQ10",
        "display" : "KPBQ10"
      },
      {
        "code" : "KPBQ20",
        "display" : "KPBQ20"
      },
      {
        "code" : "KPBQ99",
        "display" : "KPBQ99"
      },
      {
        "code" : "KPCG10",
        "display" : "KPCG10"
      },
      {
        "code" : "KPCP10",
        "display" : "KPCP10"
      },
      {
        "code" : "KPCP20",
        "display" : "KPCP20"
      },
      {
        "code" : "KPCP30",
        "display" : "KPCP30"
      },
      {
        "code" : "KPCP40",
        "display" : "KPCP40"
      },
      {
        "code" : "KPCP40A",
        "display" : "KPCP40A"
      },
      {
        "code" : "KPCP99",
        "display" : "KPCP99"
      },
      {
        "code" : "KPCQ10",
        "display" : "KPCQ10"
      },
      {
        "code" : "KPCQ20",
        "display" : "KPCQ20"
      },
      {
        "code" : "KPCQ30",
        "display" : "KPCQ30"
      },
      {
        "code" : "KPCQ40",
        "display" : "KPCQ40"
      },
      {
        "code" : "KPCQ99",
        "display" : "KPCQ99"
      },
      {
        "code" : "KPCU83",
        "display" : "KPCU83"
      },
      {
        "code" : "KPCU84",
        "display" : "KPCU84"
      },
      {
        "code" : "KPCW20",
        "display" : "KPCW20"
      },
      {
        "code" : "KPDA10",
        "display" : "KPDA10"
      },
      {
        "code" : "KPDG10",
        "display" : "KPDG10"
      },
      {
        "code" : "KPDG20",
        "display" : "KPDG20"
      },
      {
        "code" : "KPDG21",
        "display" : "KPDG21"
      },
      {
        "code" : "KPDG22",
        "display" : "KPDG22"
      },
      {
        "code" : "KPDG23",
        "display" : "KPDG23"
      },
      {
        "code" : "KPDG24",
        "display" : "KPDG24"
      },
      {
        "code" : "KPDP10",
        "display" : "KPDP10"
      },
      {
        "code" : "KPDP30",
        "display" : "KPDP30"
      },
      {
        "code" : "KPDQ10",
        "display" : "KPDQ10"
      },
      {
        "code" : "KPDQ20",
        "display" : "KPDQ20"
      },
      {
        "code" : "KPDQ21",
        "display" : "KPDQ21"
      },
      {
        "code" : "KPDU83",
        "display" : "KPDU83"
      },
      {
        "code" : "KPDU84",
        "display" : "KPDU84"
      },
      {
        "code" : "KPDW20",
        "display" : "KPDW20"
      },
      {
        "code" : "KPEH20",
        "display" : "KPEH20"
      },
      {
        "code" : "KPEH30",
        "display" : "KPEH30"
      },
      {
        "code" : "KPEP10",
        "display" : "KPEP10"
      },
      {
        "code" : "KPEP11",
        "display" : "KPEP11"
      },
      {
        "code" : "KPEP12",
        "display" : "KPEP12"
      },
      {
        "code" : "KPEQ10",
        "display" : "KPEQ10"
      },
      {
        "code" : "KPEQ11",
        "display" : "KPEQ11"
      },
      {
        "code" : "KPEQ12",
        "display" : "KPEQ12"
      },
      {
        "code" : "KPEQ99",
        "display" : "KPEQ99"
      },
      {
        "code" : "KPEU83",
        "display" : "KPEU83"
      },
      {
        "code" : "KPEU84",
        "display" : "KPEU84"
      },
      {
        "code" : "KPFH20",
        "display" : "KPFH20"
      },
      {
        "code" : "KPFH21",
        "display" : "KPFH21"
      },
      {
        "code" : "KPFH22",
        "display" : "KPFH22"
      },
      {
        "code" : "KPFH23",
        "display" : "KPFH23"
      },
      {
        "code" : "KPFH24",
        "display" : "KPFH24"
      },
      {
        "code" : "KPFH25",
        "display" : "KPFH25"
      },
      {
        "code" : "KPFH26",
        "display" : "KPFH26"
      },
      {
        "code" : "KPFH27",
        "display" : "KPFH27"
      },
      {
        "code" : "KPFH28",
        "display" : "KPFH28"
      },
      {
        "code" : "KPFH29",
        "display" : "KPFH29"
      },
      {
        "code" : "KPFH99",
        "display" : "KPFH99"
      },
      {
        "code" : "KPFP10",
        "display" : "KPFP10"
      },
      {
        "code" : "KPFP30",
        "display" : "KPFP30"
      },
      {
        "code" : "KPFQ10",
        "display" : "KPFQ10"
      },
      {
        "code" : "KPFQ30",
        "display" : "KPFQ30"
      },
      {
        "code" : "KPFU83",
        "display" : "KPFU83"
      },
      {
        "code" : "KPFU84",
        "display" : "KPFU84"
      },
      {
        "code" : "KPGU83",
        "display" : "KPGU83"
      },
      {
        "code" : "KPGU84",
        "display" : "KPGU84"
      }]
    }]
  }
}