{
  "resourceType" : "ValueSet",
  "id" : "MorsDiagnoseLeverDNSL",
  "text" : {
    "status" : "generated",
    "div" : "<div xmlns=\"http://www.w3.org/1999/xhtml\"><p class=\"res-header-id\"><b>Generated Narrative: ValueSet MorsDiagnoseLeverDNSL</b></p><a name=\"MorsDiagnoseLeverDNSL\"> </a><a name=\"hcMorsDiagnoseLeverDNSL\"> </a><a name=\"MorsDiagnoseLeverDNSL-en-US\"> </a><ul><li>Include these codes as defined in <a href=\"CodeSystem-MorsDiagnosekoder.html\"><code>https://kip.rkkp.dk/fhir/CodeSystem/MorsDiagnosekoder</code></a><table class=\"none\"><tr><td style=\"white-space:nowrap\"><b>Code</b></td><td><b>Display</b></td></tr><tr><td><a href=\"CodeSystem-MorsDiagnosekoder.html#MorsDiagnosekoder-DB181\">DB181</a></td><td>DB181: Hepatitis B viralis Chronica u Delta agens</td></tr><tr><td><a href=\"CodeSystem-MorsDiagnosekoder.html#MorsDiagnosekoder-DB182\">DB182</a></td><td>DB182: Hepatitis C viralis chronica</td></tr><tr><td><a href=\"CodeSystem-MorsDiagnosekoder.html#MorsDiagnosekoder-DB188\">DB188</a></td><td>DB188: Hepatitis viralis Chronica alia</td></tr><tr><td><a href=\"CodeSystem-MorsDiagnosekoder.html#MorsDiagnosekoder-DK719\">DK719</a></td><td>DK719: Toksisk leversygdom uden specifikation</td></tr><tr><td><a href=\"CodeSystem-MorsDiagnosekoder.html#MorsDiagnosekoder-DK729\">DK729</a></td><td>DK729: Leversvigt uden specifikation</td></tr><tr><td><a href=\"CodeSystem-MorsDiagnosekoder.html#MorsDiagnosekoder-DK746\">DK746</a></td><td>DK746: Cirrhosis hepatis, anden og uden specifikation</td></tr><tr><td><a href=\"CodeSystem-MorsDiagnosekoder.html#MorsDiagnosekoder-DQ446\">DQ446</a></td><td>DQ446: Hepar cysticum congenitum</td></tr></table></li></ul></div>"
  },
  "url" : "https://kip.rkkp.dk/fhir/ValueSet/MorsDiagnoseLeverDNSL",
  "version" : "0.1.8",
  "name" : "MorsDiagnoseLeverDNSL",
  "title" : "Mors Diagnosekode - Lever (DNSL)",
  "status" : "active",
  "experimental" : true,
  "date" : "2024-01-10T00:00:00+02:00",
  "publisher" : "Sundhedsvæsnets Kvalistetsinstitut with Trifork Digital Health A/S",
  "contact" : [{
    "name" : "Sundhedsvæsnets Kvalistetsinstitut with Trifork Digital Health A/S",
    "telecom" : [{
      "system" : "url",
      "value" : "https://trifork.com"
    },
    {
      "system" : "email",
      "value" : "rbk@trifork.com"
    }]
  }],
  "description" : "Mors Diagnosekode - Leverlidelser (DNSL)",
  "compose" : {
    "include" : [{
      "system" : "https://kip.rkkp.dk/fhir/CodeSystem/MorsDiagnosekoder",
      "concept" : [{
        "code" : "DB181",
        "display" : "DB181: Hepatitis B viralis Chronica u Delta agens"
      },
      {
        "code" : "DB182",
        "display" : "DB182: Hepatitis C viralis chronica"
      },
      {
        "code" : "DB188",
        "display" : "DB188: Hepatitis viralis Chronica alia"
      },
      {
        "code" : "DK719",
        "display" : "DK719: Toksisk leversygdom uden specifikation"
      },
      {
        "code" : "DK729",
        "display" : "DK729: Leversvigt uden specifikation"
      },
      {
        "code" : "DK746",
        "display" : "DK746: Cirrhosis hepatis, anden og uden specifikation"
      },
      {
        "code" : "DQ446",
        "display" : "DQ446: Hepar cysticum congenitum"
      }]
    }]
  }
}