{
  "resourceType" : "ValueSet",
  "id" : "Hjerterytme",
  "text" : {
    "status" : "extensions",
    "div" : "<div xmlns=\"http://www.w3.org/1999/xhtml\"><p class=\"res-header-id\"><b>Generated Narrative: ValueSet Hjerterytme</b></p><a name=\"Hjerterytme\"> </a><a name=\"hcHjerterytme\"> </a><a name=\"Hjerterytme-en-US\"> </a><ul><li>Include these codes as defined in <a href=\"CodeSystem-HjerterytmeAnalyse.html\"><code>https://kip.rkkp.dk/fhir/CodeSystem/HjerterytmeAnalyse</code></a><table class=\"none\"><tr><td style=\"white-space:nowrap\"><b>Code</b></td><td><b>Display</b></td><td><b>Definition</b></td></tr><tr><td><a href=\"CodeSystem-HjerterytmeAnalyse.html#HjerterytmeAnalyse-non_stoed\">non_stoed</a></td><td>Ikke-stødbar rytme</td><td>Ikke-stødbar rytme</td></tr><tr><td><a href=\"CodeSystem-HjerterytmeAnalyse.html#HjerterytmeAnalyse-stoed\">stoed</a></td><td>Stødbar rytme</td><td>Stødbar rytme</td></tr><tr><td><a href=\"CodeSystem-HjerterytmeAnalyse.html#HjerterytmeAnalyse-ingen_rytmeana\">ingen_rytmeana</a></td><td>Ingen rytmeanalyse</td><td>Ingen rytmeanalyse</td></tr></table></li></ul></div>"
  },
  "url" : "https://kip.rkkp.dk/fhir/ValueSet/Hjerterytme",
  "version" : "0.1.8",
  "name" : "Hjerterytme",
  "title" : "Hjerterytme",
  "status" : "active",
  "experimental" : true,
  "date" : "2022-06-29T00:00:00+02:00",
  "publisher" : "Sundhedsvæsnets Kvalistetsinstitut with Trifork Digital Health A/S",
  "contact" : [{
    "name" : "Sundhedsvæsnets Kvalistetsinstitut with Trifork Digital Health A/S",
    "telecom" : [{
      "system" : "url",
      "value" : "https://trifork.com"
    },
    {
      "system" : "email",
      "value" : "rbk@trifork.com"
    }]
  }],
  "description" : "Analyse af hjerterytme",
  "compose" : {
    "include" : [{
      "system" : "https://kip.rkkp.dk/fhir/CodeSystem/HjerterytmeAnalyse",
      "concept" : [{
        "code" : "non_stoed",
        "display" : "Ikke-stødbar rytme"
      },
      {
        "code" : "stoed",
        "display" : "Stødbar rytme"
      },
      {
        "code" : "ingen_rytmeana",
        "display" : "Ingen rytmeanalyse"
      }]
    }]
  }
}