{
  "resourceType" : "ValueSet",
  "id" : "OperationssaarInfektionKAR",
  "text" : {
    "status" : "extensions",
    "div" : "<div xmlns=\"http://www.w3.org/1999/xhtml\"><p class=\"res-header-id\"><b>Generated Narrative: ValueSet OperationssaarInfektionKAR</b></p><a name=\"OperationssaarInfektionKAR\"> </a><a name=\"hcOperationssaarInfektionKAR\"> </a><a name=\"OperationssaarInfektionKAR-en-US\"> </a><ul><li>Include these codes as defined in <a href=\"CodeSystem-Complications.html\"><code>https://kip.rkkp.dk/fhir/CodeSystem/Complications</code></a><table class=\"none\"><tr><td style=\"white-space:nowrap\"><b>Code</b></td><td><b>Display</b></td><td><b>Definition</b></td></tr><tr><td><a href=\"CodeSystem-Complications.html#Complications-superficial_subcutaneous_infection\">superficial_subcutaneous_infection</a></td><td>overfladisk / subcutan infektion (ved antibiotika eller operation)</td><td>overfladisk / subcutan infektion (ved antibiotika eller operation)</td></tr><tr><td><a href=\"CodeSystem-Complications.html#Complications-deep_prosthesis_infection\">deep_prosthesis_infection</a></td><td>dyb / protese infektion (ved antibiotika eller operation)</td><td>Deep/prosthesis infection / dyb / protese infektion (ved antibiotika eller operation)</td></tr></table></li></ul></div>"
  },
  "url" : "https://kip.rkkp.dk/fhir/ValueSet/OperationssaarInfektionKAR",
  "version" : "0.1.8",
  "name" : "OperationssaarInfektionKAR",
  "title" : "Operationssår infektion (KAR)",
  "status" : "active",
  "experimental" : true,
  "date" : "2022-09-27T00:00:00+02:00",
  "publisher" : "Sundhedsvæsnets Kvalistetsinstitut with Trifork Digital Health A/S",
  "contact" : [{
    "name" : "Sundhedsvæsnets Kvalistetsinstitut with Trifork Digital Health A/S",
    "telecom" : [{
      "system" : "url",
      "value" : "https://trifork.com"
    },
    {
      "system" : "email",
      "value" : "rbk@trifork.com"
    }]
  }],
  "description" : "Operationssår infektion (KAR)",
  "compose" : {
    "include" : [{
      "system" : "https://kip.rkkp.dk/fhir/CodeSystem/Complications",
      "concept" : [{
        "code" : "superficial_subcutaneous_infection",
        "display" : "overfladisk / subcutan infektion (ved antibiotika eller operation)"
      },
      {
        "code" : "deep_prosthesis_infection",
        "display" : "dyb / protese infektion (ved antibiotika eller operation)"
      }]
    }]
  }
}