{
  "resourceType" : "ValueSet",
  "id" : "Sygdomsfase",
  "text" : {
    "status" : "extensions",
    "div" : "<div xmlns=\"http://www.w3.org/1999/xhtml\"><p class=\"res-header-id\"><b>Generated Narrative: ValueSet Sygdomsfase</b></p><a name=\"Sygdomsfase\"> </a><a name=\"hcSygdomsfase\"> </a><a name=\"Sygdomsfase-en-US\"> </a><ul><li>Include these codes as defined in <a href=\"CodeSystem-DiseasePhase.html\"><code>https://kip.rkkp.dk/fhir/CodeSystem/DiseasePhase</code></a><table class=\"none\"><tr><td style=\"white-space:nowrap\"><b>Code</b></td><td><b>Display</b></td><td><b>Definition</b></td></tr><tr><td><a href=\"CodeSystem-DiseasePhase.html#DiseasePhase-chronic\">chronic</a></td><td>Kronisk fase</td><td>Chronic phase / Kronisk fase / SNOMED-CT: 278177007</td></tr><tr><td><a href=\"CodeSystem-DiseasePhase.html#DiseasePhase-accelerated\">accelerated</a></td><td>Accelereret fase</td><td>Accelerated phase / Accelereret fase / SNOMED-CT: 278179005</td></tr><tr><td><a href=\"CodeSystem-DiseasePhase.html#DiseasePhase-blast_crisis\">blast_crisis</a></td><td>Blastkrise</td><td>Blast crisis / Blastkrise</td></tr></table></li></ul></div>"
  },
  "url" : "https://kip.rkkp.dk/fhir/ValueSet/Sygdomsfase",
  "version" : "0.1.8",
  "name" : "Sygdomsfase",
  "title" : "Disease Stage",
  "status" : "active",
  "experimental" : true,
  "date" : "2022-07-18T00:00:00+02:00",
  "publisher" : "Sundhedsvæsnets Kvalistetsinstitut with Trifork Digital Health A/S",
  "contact" : [{
    "name" : "Sundhedsvæsnets Kvalistetsinstitut with Trifork Digital Health A/S",
    "telecom" : [{
      "system" : "url",
      "value" : "https://trifork.com"
    },
    {
      "system" : "email",
      "value" : "rbk@trifork.com"
    }]
  }],
  "description" : "Sygdomsfase",
  "compose" : {
    "include" : [{
      "system" : "https://kip.rkkp.dk/fhir/CodeSystem/DiseasePhase",
      "concept" : [{
        "code" : "chronic",
        "display" : "Kronisk fase"
      },
      {
        "code" : "accelerated",
        "display" : "Accelereret fase"
      },
      {
        "code" : "blast_crisis",
        "display" : "Blastkrise"
      }]
    }]
  }
}