{
  "resourceType" : "ValueSet",
  "id" : "IndgrebPrioritetAkutElektiv",
  "text" : {
    "status" : "extensions",
    "div" : "<div xmlns=\"http://www.w3.org/1999/xhtml\"><p class=\"res-header-id\"><b>Generated Narrative: ValueSet IndgrebPrioritetAkutElektiv</b></p><a name=\"IndgrebPrioritetAkutElektiv\"> </a><a name=\"hcIndgrebPrioritetAkutElektiv\"> </a><a name=\"IndgrebPrioritetAkutElektiv-en-US\"> </a><ul><li>Include these codes as defined in <a href=\"CodeSystem-Priority.html\"><code>https://kip.rkkp.dk/fhir/CodeSystem/Priority</code></a><table class=\"none\"><tr><td style=\"white-space:nowrap\"><b>Code</b></td><td><b>Display</b></td><td><b>Definition</b></td></tr><tr><td><a href=\"CodeSystem-Priority.html#Priority-elective\">elective</a></td><td>Elektiv</td><td>Elective / Elektiv / SNOMED-CT: 103390000</td></tr><tr><td><a href=\"CodeSystem-Priority.html#Priority-emergency\">emergency</a></td><td>Akut/Subakut</td><td>Emergency / Akut / SNOMED-CT: 25876001</td></tr></table></li></ul></div>"
  },
  "url" : "https://kip.rkkp.dk/fhir/ValueSet/IndgrebPrioritetAkutElektiv",
  "version" : "0.1.8",
  "name" : "IndgrebPrioritetAkutElektiv",
  "title" : "Type af indgreb (akut/elektiv)",
  "status" : "active",
  "experimental" : true,
  "date" : "2022-07-20T00:00:00+02:00",
  "publisher" : "Sundhedsvæsnets Kvalistetsinstitut with Trifork Digital Health A/S",
  "contact" : [{
    "name" : "Sundhedsvæsnets Kvalistetsinstitut with Trifork Digital Health A/S",
    "telecom" : [{
      "system" : "url",
      "value" : "https://trifork.com"
    },
    {
      "system" : "email",
      "value" : "rbk@trifork.com"
    }]
  }],
  "description" : "Type af indgreb (akut/elektiv)",
  "compose" : {
    "include" : [{
      "system" : "https://kip.rkkp.dk/fhir/CodeSystem/Priority",
      "concept" : [{
        "code" : "elective",
        "display" : "Elektiv"
      },
      {
        "code" : "emergency",
        "display" : "Akut/Subakut"
      }]
    }]
  }
}