<?xml version="1.0" encoding="UTF-8"?>

<CodeSystem xmlns="http://hl7.org/fhir">
  <id value="TreatmentResponseEvaluation"/>
  <text>
    <status value="generated"/><div xmlns="http://www.w3.org/1999/xhtml"><p class="res-header-id"><b>Generated Narrative: CodeSystem TreatmentResponseEvaluation</b></p><a name="TreatmentResponseEvaluation"> </a><a name="hcTreatmentResponseEvaluation"> </a><a name="TreatmentResponseEvaluation-en-US"> </a><p>This case-insensitive code system <code>https://kip.rkkp.dk/fhir/CodeSystem/TreatmentResponseEvaluation</code> defines the following codes in an undefined hierarchy:</p><table class="codes"><tr><td><b>Lvl</b></td><td style="white-space:nowrap"><b>Code</b></td><td><b>Display</b></td><td><b>Definition</b></td></tr><tr><td>1</td><td style="white-space:nowrap">complete_remission<a name="TreatmentResponseEvaluation-complete_remission"> </a></td><td>Complete remission (CR)</td><td>Complete remission (CR)</td></tr><tr><td>2</td><td style="white-space:nowrap">  complete_remission_incomplete_recovery<a name="TreatmentResponseEvaluation-complete_remission_incomplete_recovery"> </a></td><td>Complete remission with incomplete recovery of bone marrow (CRi)</td><td>Complete remission with incomplete recovery of bone marrow (CRi)</td></tr><tr><td>2</td><td style="white-space:nowrap">  uncertain_complete_remission<a name="TreatmentResponseEvaluation-uncertain_complete_remission"> </a></td><td>Uncertain complete remission (CRu)</td><td>Uncertain complete remission (CRu)</td></tr><tr><td>2</td><td style="white-space:nowrap">  complete_remission_metabolic_structurally<a name="TreatmentResponseEvaluation-complete_remission_metabolic_structurally"> </a></td><td>Metabolic and strukturally CR</td><td>Metabolic and strukturally CR / CR (metabolisk og skrukturelt CR, bedømt med PET/CT)</td></tr><tr><td>2</td><td style="white-space:nowrap">  complete_remission_metabolic<a name="TreatmentResponseEvaluation-complete_remission_metabolic"> </a></td><td>Metabolic CR</td><td>Metabolic CR / CR (metabolisk CR, men med strukturel restsygdom, bedømt med PET/CT)</td></tr><tr><td>1</td><td style="white-space:nowrap">partial_remission<a name="TreatmentResponseEvaluation-partial_remission"> </a></td><td>Partial remission (PR)</td><td>Partial remission (PR)</td></tr><tr><td>1</td><td style="white-space:nowrap">complete_response<a name="TreatmentResponseEvaluation-complete_response"> </a></td><td>Complete Response</td><td>Complete Response</td></tr><tr><td>2</td><td style="white-space:nowrap">  stringent_complete_response<a name="TreatmentResponseEvaluation-stringent_complete_response"> </a></td><td>Stringent Complete Response</td><td>Stringent Complete Response</td></tr><tr><td>2</td><td style="white-space:nowrap">  presumed_complete_response<a name="TreatmentResponseEvaluation-presumed_complete_response"> </a></td><td>Presumed Complete Response</td><td>Presumed Complete Response</td></tr><tr><td>2</td><td style="white-space:nowrap">  complete_hematological_response<a name="TreatmentResponseEvaluation-complete_hematological_response"> </a></td><td>Complete Hematological response (CHR)</td><td>Complete Hematological response (CHR)</td></tr><tr><td>2</td><td style="white-space:nowrap">  complete_cytogenetic_response<a name="TreatmentResponseEvaluation-complete_cytogenetic_response"> </a></td><td>Complete cytogenetic response (CCyR)</td><td>Complete cytogenetic response (CCyR)</td></tr><tr><td>1</td><td style="white-space:nowrap">partial_response<a name="TreatmentResponseEvaluation-partial_response"> </a></td><td>Partial response (PR)</td><td>Partial response (PR)</td></tr><tr><td>2</td><td style="white-space:nowrap">  very_good_partial_response<a name="TreatmentResponseEvaluation-very_good_partial_response"> </a></td><td>Very Good Partial Response</td><td>Very Good Partial Response</td></tr><tr><td>2</td><td style="white-space:nowrap">  partial_response_lymphocytosis<a name="TreatmentResponseEvaluation-partial_response_lymphocytosis"> </a></td><td>Partial response (PR) lymphocytosis</td><td>Partial response (PR) lymphocytosis</td></tr><tr><td>2</td><td style="white-space:nowrap">  partial_cytogenetic_response<a name="TreatmentResponseEvaluation-partial_cytogenetic_response"> </a></td><td>Partial cytogenetic response (PCyR)</td><td>Partial cytogenetic response (PCyR)</td></tr><tr><td>1</td><td style="white-space:nowrap">major_molecular_response<a name="TreatmentResponseEvaluation-major_molecular_response"> </a></td><td>Major molecular response (MMR)</td><td>Major molecular response (MMR)</td></tr><tr><td>1</td><td style="white-space:nowrap">minimal_response<a name="TreatmentResponseEvaluation-minimal_response"> </a></td><td>Minimal response</td><td>Minimal response</td></tr><tr><td>1</td><td style="white-space:nowrap">uncertain_response<a name="TreatmentResponseEvaluation-uncertain_response"> </a></td><td>Uncertain response</td><td>Uncertain response</td></tr><tr><td>1</td><td style="white-space:nowrap">stable_disease<a name="TreatmentResponseEvaluation-stable_disease"> </a></td><td>Stable disease (SD/NC)</td><td>Stable disease (SD/NC)</td></tr><tr><td>1</td><td style="white-space:nowrap">progressive_disease<a name="TreatmentResponseEvaluation-progressive_disease"> </a></td><td>Progressive disease (PD)</td><td>Progressive disease (PD)</td></tr></table></div>
  </text>
  <url value="https://kip.rkkp.dk/fhir/CodeSystem/TreatmentResponseEvaluation"/>
  <version value="2.9.3"/>
  <name value="TreatmentResponseEvaluation"/>
  <title value="Treatment response evaluation"/>
  <status value="active"/>
  <date value="2022-07-12T00:00:00+02:00"/>
  <publisher value="Sundhedsvæsenets Kvalitetsinstitut with Trifork Digital Health A/S"/>
  <contact>
    <name value="Sundhedsvæsenets Kvalitetsinstitut with Trifork Digital Health A/S"/>
    <telecom>
      <system value="url"/>
      <value value="https://trifork.com"/>
    </telecom>
    <telecom>
      <system value="email"/>
      <value value="rbk@trifork.com"/>
    </telecom>
  </contact>
  <description value="Treatment response evaluation"/>
  <caseSensitive value="false"/>
  <content value="complete"/>
  <count value="20"/>
  <concept>
    <code value="complete_remission"/>
    <display value="Complete remission (CR)"/>
    <definition value="Complete remission (CR)"/>
    <concept>
      <code value="complete_remission_incomplete_recovery"/>
      <display value="Complete remission with incomplete recovery of bone marrow (CRi)"/>
      <definition value="Complete remission with incomplete recovery of bone marrow (CRi)"/>
    </concept>
    <concept>
      <code value="uncertain_complete_remission"/>
      <display value="Uncertain complete remission (CRu)"/>
      <definition value="Uncertain complete remission (CRu)"/>
    </concept>
    <concept>
      <code value="complete_remission_metabolic_structurally"/>
      <display value="Metabolic and strukturally CR"/>
      <definition value="Metabolic and strukturally CR / CR (metabolisk og skrukturelt CR, bedømt med PET/CT)"/>
    </concept>
    <concept>
      <code value="complete_remission_metabolic"/>
      <display value="Metabolic CR"/>
      <definition value="Metabolic CR / CR (metabolisk CR, men med strukturel restsygdom, bedømt med PET/CT)"/>
    </concept>
  </concept>
  <concept>
    <code value="partial_remission"/>
    <display value="Partial remission (PR)"/>
    <definition value="Partial remission (PR)"/>
  </concept>
  <concept>
    <code value="complete_response"/>
    <display value="Complete Response"/>
    <definition value="Complete Response"/>
    <concept>
      <code value="stringent_complete_response"/>
      <display value="Stringent Complete Response"/>
      <definition value="Stringent Complete Response"/>
    </concept>
    <concept>
      <code value="presumed_complete_response"/>
      <display value="Presumed Complete Response"/>
      <definition value="Presumed Complete Response"/>
    </concept>
    <concept>
      <code value="complete_hematological_response"/>
      <display value="Complete Hematological response (CHR)"/>
      <definition value="Complete Hematological response (CHR)"/>
    </concept>
    <concept>
      <code value="complete_cytogenetic_response"/>
      <display value="Complete cytogenetic response (CCyR)"/>
      <definition value="Complete cytogenetic response (CCyR)"/>
    </concept>
  </concept>
  <concept>
    <code value="partial_response"/>
    <display value="Partial response (PR)"/>
    <definition value="Partial response (PR)"/>
    <concept>
      <code value="very_good_partial_response"/>
      <display value="Very Good Partial Response"/>
      <definition value="Very Good Partial Response"/>
    </concept>
    <concept>
      <code value="partial_response_lymphocytosis"/>
      <display value="Partial response (PR) lymphocytosis"/>
      <definition value="Partial response (PR) lymphocytosis"/>
    </concept>
    <concept>
      <code value="partial_cytogenetic_response"/>
      <display value="Partial cytogenetic response (PCyR)"/>
      <definition value="Partial cytogenetic response (PCyR)"/>
    </concept>
  </concept>
  <concept>
    <code value="major_molecular_response"/>
    <display value="Major molecular response (MMR)"/>
    <definition value="Major molecular response (MMR)"/>
  </concept>
  <concept>
    <code value="minimal_response"/>
    <display value="Minimal response"/>
    <definition value="Minimal response"/>
  </concept>
  <concept>
    <code value="uncertain_response"/>
    <display value="Uncertain response"/>
    <definition value="Uncertain response"/>
  </concept>
  <concept>
    <code value="stable_disease"/>
    <display value="Stable disease (SD/NC)"/>
    <definition value="Stable disease (SD/NC)"/>
  </concept>
  <concept>
    <code value="progressive_disease"/>
    <display value="Progressive disease (PD)"/>
    <definition value="Progressive disease (PD)"/>
  </concept>
</CodeSystem>