<?xml version="1.0" encoding="UTF-8"?>

<CodeSystem xmlns="http://hl7.org/fhir">
  <id value="HarrisHipScoreShoesSocks"/>
  <text>
    <status value="generated"/><div xmlns="http://www.w3.org/1999/xhtml"><p class="res-header-id"><b>Generated Narrative: CodeSystem HarrisHipScoreShoesSocks</b></p><a name="HarrisHipScoreShoesSocks"> </a><a name="hcHarrisHipScoreShoesSocks"> </a><a name="HarrisHipScoreShoesSocks-en-US"> </a><p>This case-insensitive code system <code>https://kip.rkkp.dk/fhir/CodeSystem/HarrisHipScoreShoesSocks</code> defines the following codes:</p><table class="codes"><tr><td style="white-space:nowrap"><b>Code</b></td><td><b>Display</b></td><td><b>Definition</b></td></tr><tr><td style="white-space:nowrap">4<a name="HarrisHipScoreShoesSocks-4"> </a></td><td>With ease</td><td>With ease (4)</td></tr><tr><td style="white-space:nowrap">2<a name="HarrisHipScoreShoesSocks-2"> </a></td><td>With difficulty</td><td>With difficulty (2)</td></tr><tr><td style="white-space:nowrap">0<a name="HarrisHipScoreShoesSocks-0"> </a></td><td>Unable to fit or tie</td><td>Unable to fit or tie (0)</td></tr></table></div>
  </text>
  <url value="https://kip.rkkp.dk/fhir/CodeSystem/HarrisHipScoreShoesSocks"/>
  <version value="2.9.3"/>
  <name value="HarrisHipScoreShoesSocks"/>
  <title value="Harris Hip Score (HHS) - Activities - shoes, socks"/>
  <status value="active"/>
  <date value="2022-07-06T00:00:00+02:00"/>
  <publisher value="Sundhedsvæsenets Kvalitetsinstitut with Trifork Digital Health A/S"/>
  <contact>
    <name value="Sundhedsvæsenets Kvalitetsinstitut with Trifork Digital Health A/S"/>
    <telecom>
      <system value="url"/>
      <value value="https://trifork.com"/>
    </telecom>
    <telecom>
      <system value="email"/>
      <value value="rbk@trifork.com"/>
    </telecom>
  </contact>
  <description value="Harris Hip Score (HHS) - Activities - shoes socks. Link: https://www.orthopaedicscore.com/scorepages/harris_hip_score.html"/>
  <caseSensitive value="false"/>
  <content value="complete"/>
  <count value="3"/>
  <concept>
    <code value="4"/>
    <display value="With ease"/>
    <definition value="With ease (4)"/>
  </concept>
  <concept>
    <code value="2"/>
    <display value="With difficulty"/>
    <definition value="With difficulty (2)"/>
  </concept>
  <concept>
    <code value="0"/>
    <display value="Unable to fit or tie"/>
    <definition value="Unable to fit or tie (0)"/>
  </concept>
</CodeSystem>