<?xml version="1.0" encoding="UTF-8"?>

<CodeSystem xmlns="http://hl7.org/fhir">
  <id value="MeshPlacement"/>
  <text>
    <status value="generated"/><div xmlns="http://www.w3.org/1999/xhtml"><p class="res-header-id"><b>Generated Narrative: CodeSystem MeshPlacement</b></p><a name="MeshPlacement"> </a><a name="hcMeshPlacement"> </a><a name="MeshPlacement-en-US"> </a><p>This case-insensitive code system <code>https://kip.rkkp.dk/fhir/CodeSystem/MeshPlacement</code> defines the following codes:</p><table class="codes"><tr><td style="white-space:nowrap"><b>Code</b></td><td><b>Display</b></td><td><b>Definition</b></td></tr><tr><td style="white-space:nowrap">onlay<a name="MeshPlacement-onlay"> </a></td><td>Onlay</td><td>Onlay</td></tr><tr><td style="white-space:nowrap">inlay<a name="MeshPlacement-inlay"> </a></td><td>Inlay</td><td>Inlay</td></tr><tr><td style="white-space:nowrap">sublay<a name="MeshPlacement-sublay"> </a></td><td>Sublay</td><td>Sublay</td></tr><tr><td style="white-space:nowrap">retromuscular_preperitoneal<a name="MeshPlacement-retromuscular_preperitoneal"> </a></td><td>Retromuskulær + præperitoneal</td><td>Retromuskulær + præperitoneal</td></tr><tr><td style="white-space:nowrap">preperitoneal<a name="MeshPlacement-preperitoneal"> </a></td><td>Præperitoneal</td><td>Præperitoneal</td></tr><tr><td style="white-space:nowrap">intraperitoneal<a name="MeshPlacement-intraperitoneal"> </a></td><td>Intraperitoneal</td><td>Intraperitoneal</td></tr></table></div>
  </text>
  <url value="https://kip.rkkp.dk/fhir/CodeSystem/MeshPlacement"/>
  <version value="2.9.3"/>
  <name value="MeshPlacement"/>
  <title value="Mesh placement"/>
  <status value="active"/>
  <date value="2022-07-21T00:00:00+02:00"/>
  <publisher value="Sundhedsvæsenets Kvalitetsinstitut with Trifork Digital Health A/S"/>
  <contact>
    <name value="Sundhedsvæsenets Kvalitetsinstitut with Trifork Digital Health A/S"/>
    <telecom>
      <system value="url"/>
      <value value="https://trifork.com"/>
    </telecom>
    <telecom>
      <system value="email"/>
      <value value="rbk@trifork.com"/>
    </telecom>
  </contact>
  <description value="Mesh placement"/>
  <caseSensitive value="false"/>
  <content value="complete"/>
  <count value="6"/>
  <concept>
    <code value="onlay"/>
    <display value="Onlay"/>
    <definition value="Onlay"/>
  </concept>
  <concept>
    <code value="inlay"/>
    <display value="Inlay"/>
    <definition value="Inlay"/>
  </concept>
  <concept>
    <code value="sublay"/>
    <display value="Sublay"/>
    <definition value="Sublay"/>
  </concept>
  <concept>
    <code value="retromuscular_preperitoneal"/>
    <display value="Retromuskulær + præperitoneal"/>
    <definition value="Retromuskulær + præperitoneal"/>
  </concept>
  <concept>
    <code value="preperitoneal"/>
    <display value="Præperitoneal"/>
    <definition value="Præperitoneal"/>
  </concept>
  <concept>
    <code value="intraperitoneal"/>
    <display value="Intraperitoneal"/>
    <definition value="Intraperitoneal"/>
  </concept>
</CodeSystem>