<?xml version="1.0" encoding="UTF-8"?>

<CodeSystem xmlns="http://hl7.org/fhir">
  <id value="AlloplastyTypes"/>
  <text>
    <status value="generated"/><div xmlns="http://www.w3.org/1999/xhtml"><p class="res-header-id"><b>Generated Narrative: CodeSystem AlloplastyTypes</b></p><a name="AlloplastyTypes"> </a><a name="hcAlloplastyTypes"> </a><a name="AlloplastyTypes-en-US"> </a><p>This case-insensitive code system <code>https://kip.rkkp.dk/fhir/CodeSystem/AlloplastyTypes</code> defines the following codes in an undefined hierarchy:</p><table class="codes"><tr><td><b>Lvl</b></td><td style="white-space:nowrap"><b>Code</b></td><td><b>Display</b></td><td><b>Definition</b></td></tr><tr><td>1</td><td style="white-space:nowrap">hemialloplasty<a name="AlloplastyTypes-hemialloplasty"> </a></td><td>Hemialloplasty</td><td>Hemialloplasty</td></tr><tr><td>2</td><td style="white-space:nowrap">  cemented<a name="AlloplastyTypes-cemented"> </a></td><td>Cemented component</td><td>Cementet component</td></tr><tr><td>2</td><td style="white-space:nowrap">  uncemented<a name="AlloplastyTypes-uncemented"> </a></td><td>Uncemented component</td><td>Uncemented component</td></tr><tr><td>1</td><td style="white-space:nowrap">acetabulum_fracture<a name="AlloplastyTypes-acetabulum_fracture"> </a></td><td>Acetabulum fracture</td><td>Acetabulum fracture</td></tr><tr><td>1</td><td style="white-space:nowrap">osteosynthesis<a name="AlloplastyTypes-osteosynthesis"> </a></td><td>Osteosynthesis</td><td>Osteosynthesis</td></tr><tr><td>1</td><td style="white-space:nowrap">periacetabular_osteotomy<a name="AlloplastyTypes-periacetabular_osteotomy"> </a></td><td>Periacetabulær osteotomi</td><td>Periacetabulær osteotomi</td></tr><tr><td>1</td><td style="white-space:nowrap">proximal_femur_osteotomy<a name="AlloplastyTypes-proximal_femur_osteotomy"> </a></td><td>Proximal femur osteotomy</td><td>Proximal femur osteotomy</td></tr><tr><td>1</td><td style="white-space:nowrap">total_alloplasty<a name="AlloplastyTypes-total_alloplasty"> </a></td><td>Total alloplasty</td><td>Total alloplasty</td></tr><tr><td>1</td><td style="white-space:nowrap">medial_unilateral_knee<a name="AlloplastyTypes-medial_unilateral_knee"> </a></td><td>Medial UKA</td><td>Medial UKA</td></tr><tr><td>1</td><td style="white-space:nowrap">lateral_unitaleral_knee<a name="AlloplastyTypes-lateral_unitaleral_knee"> </a></td><td>Lateral UKA</td><td>Lateral UKA</td></tr><tr><td>1</td><td style="white-space:nowrap">patellofemoral_unitaleral_knee<a name="AlloplastyTypes-patellofemoral_unitaleral_knee"> </a></td><td>Patellofemoral UKA</td><td>Patellofemoral UKA</td></tr><tr><td>1</td><td style="white-space:nowrap">hinge_knee<a name="AlloplastyTypes-hinge_knee"> </a></td><td>Roterende hængselalloplastik</td><td>Roterende hængselalloplastik</td></tr><tr><td>1</td><td style="white-space:nowrap">hinge_knee_resection<a name="AlloplastyTypes-hinge_knee_resection"> </a></td><td>Roterende hængselsalloplastik m. kondylresektion</td><td>Roterende hængselsalloplastik m. kondylresektion</td></tr><tr><td>1</td><td style="white-space:nowrap">partial_resurfacing<a name="AlloplastyTypes-partial_resurfacing"> </a></td><td>Partiel resurfacing</td><td>Partiel resurfacing</td></tr><tr><td>1</td><td style="white-space:nowrap">cement_spacer_articulated<a name="AlloplastyTypes-cement_spacer_articulated"> </a></td><td>Cementspacer, artikuleret</td><td>Cementspacer, artikuleret</td></tr><tr><td>1</td><td style="white-space:nowrap">cement_spacer_fixated<a name="AlloplastyTypes-cement_spacer_fixated"> </a></td><td>Cementspacer, fikseret</td><td>Cementspacer, fikseret</td></tr><tr><td>1</td><td style="white-space:nowrap">spacer_insertion<a name="AlloplastyTypes-spacer_insertion"> </a></td><td>Fjernelse af komponent og isættelse af spacer</td><td>Fjernelse af komponent og isættelse af spacer</td></tr><tr><td>1</td><td style="white-space:nowrap">artrodesis<a name="AlloplastyTypes-artrodesis"> </a></td><td>Artrodese</td><td>Artrodese</td></tr><tr><td>1</td><td style="white-space:nowrap">femoral_amputation<a name="AlloplastyTypes-femoral_amputation"> </a></td><td>Femuramputation</td><td>Femuramputation</td></tr></table></div>
  </text>
  <url value="https://kip.rkkp.dk/fhir/CodeSystem/AlloplastyTypes"/>
  <version value="2.9.3"/>
  <name value="AlloplastyTypes"/>
  <title value="Alloplasty operation types"/>
  <status value="active"/>
  <date value="2025-03-04T00:00:00+02:00"/>
  <publisher value="Sundhedsvæsenets Kvalitetsinstitut with Trifork Digital Health A/S"/>
  <contact>
    <name value="Sundhedsvæsenets Kvalitetsinstitut with Trifork Digital Health A/S"/>
    <telecom>
      <system value="url"/>
      <value value="https://trifork.com"/>
    </telecom>
    <telecom>
      <system value="email"/>
      <value value="rbk@trifork.com"/>
    </telecom>
  </contact>
  <description value="Alloplasty operation types"/>
  <caseSensitive value="false"/>
  <content value="complete"/>
  <count value="19"/>
  <concept>
    <code value="hemialloplasty"/>
    <display value="Hemialloplasty"/>
    <definition value="Hemialloplasty"/>
    <concept>
      <code value="cemented"/>
      <display value="Cemented component"/>
      <definition value="Cementet component"/>
    </concept>
    <concept>
      <code value="uncemented"/>
      <display value="Uncemented component"/>
      <definition value="Uncemented component"/>
    </concept>
  </concept>
  <concept>
    <code value="acetabulum_fracture"/>
    <display value="Acetabulum fracture"/>
    <definition value="Acetabulum fracture"/>
  </concept>
  <concept>
    <code value="osteosynthesis"/>
    <display value="Osteosynthesis"/>
    <definition value="Osteosynthesis"/>
  </concept>
  <concept>
    <code value="periacetabular_osteotomy"/>
    <display value="Periacetabulær osteotomi"/>
    <definition value="Periacetabulær osteotomi"/>
  </concept>
  <concept>
    <code value="proximal_femur_osteotomy"/>
    <display value="Proximal femur osteotomy"/>
    <definition value="Proximal femur osteotomy"/>
  </concept>
  <concept>
    <code value="total_alloplasty"/>
    <display value="Total alloplasty"/>
    <definition value="Total alloplasty"/>
  </concept>
  <concept>
    <code value="medial_unilateral_knee"/>
    <display value="Medial UKA"/>
    <definition value="Medial UKA"/>
  </concept>
  <concept>
    <code value="lateral_unitaleral_knee"/>
    <display value="Lateral UKA"/>
    <definition value="Lateral UKA"/>
  </concept>
  <concept>
    <code value="patellofemoral_unitaleral_knee"/>
    <display value="Patellofemoral UKA"/>
    <definition value="Patellofemoral UKA"/>
  </concept>
  <concept>
    <code value="hinge_knee"/>
    <display value="Roterende hængselalloplastik"/>
    <definition value="Roterende hængselalloplastik"/>
  </concept>
  <concept>
    <code value="hinge_knee_resection"/>
    <display value="Roterende hængselsalloplastik m. kondylresektion"/>
    <definition value="Roterende hængselsalloplastik m. kondylresektion"/>
  </concept>
  <concept>
    <code value="partial_resurfacing"/>
    <display value="Partiel resurfacing"/>
    <definition value="Partiel resurfacing"/>
  </concept>
  <concept>
    <code value="cement_spacer_articulated"/>
    <display value="Cementspacer, artikuleret"/>
    <definition value="Cementspacer, artikuleret"/>
  </concept>
  <concept>
    <code value="cement_spacer_fixated"/>
    <display value="Cementspacer, fikseret"/>
    <definition value="Cementspacer, fikseret"/>
  </concept>
  <concept>
    <code value="spacer_insertion"/>
    <display value="Fjernelse af komponent og isættelse af spacer"/>
    <definition value="Fjernelse af komponent og isættelse af spacer"/>
  </concept>
  <concept>
    <code value="artrodesis"/>
    <display value="Artrodese"/>
    <definition value="Artrodese"/>
  </concept>
  <concept>
    <code value="femoral_amputation"/>
    <display value="Femuramputation"/>
    <definition value="Femuramputation"/>
  </concept>
</CodeSystem>