<?xml version="1.0" encoding="UTF-8"?>

<CodeSystem xmlns="http://hl7.org/fhir">
  <id value="Cyclus"/>
  <text>
    <status value="generated"/><div xmlns="http://www.w3.org/1999/xhtml"><p class="res-header-id"><b>Generated Narrative: CodeSystem Cyclus</b></p><a name="Cyclus"> </a><a name="hcCyclus"> </a><a name="Cyclus-en-US"> </a><p>This case-insensitive code system <code>https://kip.rkkp.dk/fhir/CodeSystem/Cyclus</code> defines the following codes:</p><table class="codes"><tr><td style="white-space:nowrap"><b>Code</b></td><td><b>Display</b></td><td><b>Definition</b></td></tr><tr><td style="white-space:nowrap">0-6-dage<a name="Cyclus-0-6-dage"> </a></td><td>0-6 dage</td><td>0-6 dage</td></tr><tr><td style="white-space:nowrap">1-2-dage<a name="Cyclus-1-2-dage"> </a></td><td>1-2 dage</td><td>1-2 dage</td></tr><tr><td style="white-space:nowrap">3-4-dage<a name="Cyclus-3-4-dage"> </a></td><td>3-4 dage</td><td>3-4 dage</td></tr><tr><td style="white-space:nowrap">le5-dage<a name="Cyclus-le5-dage"> </a></td><td>&lt;=5 dage</td><td>&lt;=5 dage</td></tr><tr><td style="white-space:nowrap">5-6-dage<a name="Cyclus-5-6-dage"> </a></td><td>5-6 dage</td><td>5-6 dage</td></tr><tr><td style="white-space:nowrap">6-10-dage<a name="Cyclus-6-10-dage"> </a></td><td>6-10 dage</td><td>6-10 dage</td></tr><tr><td style="white-space:nowrap">ge7-dage<a name="Cyclus-ge7-dage"> </a></td><td>&gt;=7 dage</td><td>&gt;=7 dage</td></tr><tr><td style="white-space:nowrap">gt10-dage<a name="Cyclus-gt10-dage"> </a></td><td>&gt;10 dage</td><td>&gt;10 dage</td></tr><tr><td style="white-space:nowrap">14-dage<a name="Cyclus-14-dage"> </a></td><td>14 dage</td><td>14 dage</td></tr><tr><td style="white-space:nowrap">21-dage<a name="Cyclus-21-dage"> </a></td><td>21 dage</td><td>21 dage</td></tr><tr><td style="white-space:nowrap">28-dage<a name="Cyclus-28-dage"> </a></td><td>28 dage</td><td>28 dage</td></tr></table></div>
  </text>
  <url value="https://kip.rkkp.dk/fhir/CodeSystem/Cyclus"/>
  <version value="2.9.3"/>
  <name value="Cyclus"/>
  <title value="Cyclus"/>
  <status value="active"/>
  <date value="2023-05-17T00:00:00+02:00"/>
  <publisher value="Sundhedsvæsenets Kvalitetsinstitut with Trifork Digital Health A/S"/>
  <contact>
    <name value="Sundhedsvæsenets Kvalitetsinstitut with Trifork Digital Health A/S"/>
    <telecom>
      <system value="url"/>
      <value value="https://trifork.com"/>
    </telecom>
    <telecom>
      <system value="email"/>
      <value value="rbk@trifork.com"/>
    </telecom>
  </contact>
  <description value="Cyclus længde"/>
  <caseSensitive value="false"/>
  <content value="complete"/>
  <count value="11"/>
  <concept>
    <code value="0-6-dage"/>
    <display value="0-6 dage"/>
    <definition value="0-6 dage"/>
  </concept>
  <concept>
    <code value="1-2-dage"/>
    <display value="1-2 dage"/>
    <definition value="1-2 dage"/>
  </concept>
  <concept>
    <code value="3-4-dage"/>
    <display value="3-4 dage"/>
    <definition value="3-4 dage"/>
  </concept>
  <concept>
    <code value="le5-dage"/>
    <display value="&lt;=5 dage"/>
    <definition value="&lt;=5 dage"/>
  </concept>
  <concept>
    <code value="5-6-dage"/>
    <display value="5-6 dage"/>
    <definition value="5-6 dage"/>
  </concept>
  <concept>
    <code value="6-10-dage"/>
    <display value="6-10 dage"/>
    <definition value="6-10 dage"/>
  </concept>
  <concept>
    <code value="ge7-dage"/>
    <display value="&gt;=7 dage"/>
    <definition value="&gt;=7 dage"/>
  </concept>
  <concept>
    <code value="gt10-dage"/>
    <display value="&gt;10 dage"/>
    <definition value="&gt;10 dage"/>
  </concept>
  <concept>
    <code value="14-dage"/>
    <display value="14 dage"/>
    <definition value="14 dage"/>
  </concept>
  <concept>
    <code value="21-dage"/>
    <display value="21 dage"/>
    <definition value="21 dage"/>
  </concept>
  <concept>
    <code value="28-dage"/>
    <display value="28 dage"/>
    <definition value="28 dage"/>
  </concept>
</CodeSystem>