<?xml version="1.0" encoding="UTF-8"?>

<CodeSystem xmlns="http://hl7.org/fhir">
  <id value="DiseaseLocalization"/>
  <text>
    <status value="generated"/><div xmlns="http://www.w3.org/1999/xhtml"><p class="res-header-id"><b>Generated Narrative: CodeSystem DiseaseLocalization</b></p><a name="DiseaseLocalization"> </a><a name="hcDiseaseLocalization"> </a><a name="DiseaseLocalization-en-US"> </a><p>This case-insensitive code system <code>https://kip.rkkp.dk/fhir/CodeSystem/DiseaseLocalization</code> defines the following codes in an undefined hierarchy:</p><table class="codes"><tr><td><b>Lvl</b></td><td style="white-space:nowrap"><b>Code</b></td><td><b>Display</b></td><td><b>Definition</b></td></tr><tr><td>1</td><td style="white-space:nowrap">nodal<a name="DiseaseLocalization-nodal"> </a></td><td>Nodal</td><td>Only nodal / Kun nodalt</td></tr><tr><td>2</td><td style="white-space:nowrap">  nodal_extranodal<a name="DiseaseLocalization-nodal_extranodal"> </a></td><td>Primary nodal, secondary extranodal</td><td>Primary nodal, secondary extranodal / Primært nodal, sekundært ekstranodalt</td></tr><tr><td>1</td><td style="white-space:nowrap">extranodel<a name="DiseaseLocalization-extranodel"> </a></td><td>Extranodal</td><td>Only extranodal / Kun ekstranodalt</td></tr><tr><td>2</td><td style="white-space:nowrap">  extranodal_nodal<a name="DiseaseLocalization-extranodal_nodal"> </a></td><td>Primary extranodal, secondary nodal</td><td>Primary extranodal, secondary nodal / Primært ekstranodalt, sekundært nodalt</td></tr></table></div>
  </text>
  <url value="https://kip.rkkp.dk/fhir/CodeSystem/DiseaseLocalization"/>
  <version value="2.9.3"/>
  <name value="DiseaseLocalization"/>
  <title value="Disease localization"/>
  <status value="active"/>
  <date value="2022-06-07T00:00:00+02:00"/>
  <publisher value="Sundhedsvæsenets Kvalitetsinstitut with Trifork Digital Health A/S"/>
  <contact>
    <name value="Sundhedsvæsenets Kvalitetsinstitut with Trifork Digital Health A/S"/>
    <telecom>
      <system value="url"/>
      <value value="https://trifork.com"/>
    </telecom>
    <telecom>
      <system value="email"/>
      <value value="rbk@trifork.com"/>
    </telecom>
  </contact>
  <description value="Disease localization"/>
  <caseSensitive value="false"/>
  <content value="complete"/>
  <count value="4"/>
  <concept>
    <code value="nodal"/>
    <display value="Nodal"/>
    <definition value="Only nodal / Kun nodalt"/>
    <concept>
      <code value="nodal_extranodal"/>
      <display value="Primary nodal, secondary extranodal"/>
      <definition value="Primary nodal, secondary extranodal / Primært nodal, sekundært ekstranodalt"/>
    </concept>
  </concept>
  <concept>
    <code value="extranodel"/>
    <display value="Extranodal"/>
    <definition value="Only extranodal / Kun ekstranodalt"/>
    <concept>
      <code value="extranodal_nodal"/>
      <display value="Primary extranodal, secondary nodal"/>
      <definition value="Primary extranodal, secondary nodal / Primært ekstranodalt, sekundært nodalt"/>
    </concept>
  </concept>
</CodeSystem>