<?xml version="1.0" encoding="UTF-8"?>

<CodeSystem xmlns="http://hl7.org/fhir">
  <id value="LesionType"/>
  <text>
    <status value="generated"/><div xmlns="http://www.w3.org/1999/xhtml"><p class="res-header-id"><b>Generated Narrative: CodeSystem LesionType</b></p><a name="LesionType"> </a><a name="hcLesionType"> </a><a name="LesionType-en-US"> </a><p>This case-insensitive code system <code>https://kip.rkkp.dk/fhir/CodeSystem/LesionType</code> defines the following codes:</p><table class="codes"><tr><td style="white-space:nowrap"><b>Code</b></td><td><b>Display</b></td><td><b>Definition</b></td></tr><tr><td style="white-space:nowrap">meniscal<a name="LesionType-meniscal"> </a></td><td>Meniscal lesion</td><td>Meniscal lesion / Menisklæsion</td></tr><tr><td style="white-space:nowrap">root<a name="LesionType-root"> </a></td><td>Root lesion</td><td>Root lesion / Rodlæsion</td></tr><tr><td style="white-space:nowrap">ramp<a name="LesionType-ramp"> </a></td><td>RAMP lesion</td><td>RAMP lesion / RAMP læsion</td></tr></table></div>
  </text>
  <url value="https://kip.rkkp.dk/fhir/CodeSystem/LesionType"/>
  <version value="2.9.3"/>
  <name value="LesionType"/>
  <title value="Lesion type"/>
  <status value="active"/>
  <date value="2022-09-19T00:00:00+02:00"/>
  <publisher value="Sundhedsvæsenets Kvalitetsinstitut with Trifork Digital Health A/S"/>
  <contact>
    <name value="Sundhedsvæsenets Kvalitetsinstitut with Trifork Digital Health A/S"/>
    <telecom>
      <system value="url"/>
      <value value="https://trifork.com"/>
    </telecom>
    <telecom>
      <system value="email"/>
      <value value="rbk@trifork.com"/>
    </telecom>
  </contact>
  <description value="Lesion type"/>
  <caseSensitive value="false"/>
  <content value="complete"/>
  <count value="3"/>
  <concept>
    <code value="meniscal"/>
    <display value="Meniscal lesion"/>
    <definition value="Meniscal lesion / Menisklæsion"/>
  </concept>
  <concept>
    <code value="root"/>
    <display value="Root lesion"/>
    <definition value="Root lesion / Rodlæsion"/>
  </concept>
  <concept>
    <code value="ramp"/>
    <display value="RAMP lesion"/>
    <definition value="RAMP lesion / RAMP læsion"/>
  </concept>
</CodeSystem>