<?xml version="1.0" encoding="UTF-8"?>

<CodeSystem xmlns="http://hl7.org/fhir">
  <id value="Profylaksebehandling"/>
  <text>
    <status value="generated"/><div xmlns="http://www.w3.org/1999/xhtml"><p class="res-header-id"><b>Generated Narrative: CodeSystem Profylaksebehandling</b></p><a name="Profylaksebehandling"> </a><a name="hcProfylaksebehandling"> </a><a name="Profylaksebehandling-en-US"> </a><p>This case-insensitive code system <code>https://kip.rkkp.dk/fhir/CodeSystem/Profylaksebehandling</code> defines the following codes:</p><table class="codes"><tr><td style="white-space:nowrap"><b>Code</b></td><td><b>Display</b></td></tr><tr><td style="white-space:nowrap">yesfreeOfTreatment<a name="Profylaksebehandling-yesfreeOfTreatment"> </a></td><td>Ja, og patienten genoptog ikke sin vanlige profylaksebehandling</td></tr><tr><td style="white-space:nowrap">yesagainprofylakse<a name="Profylaksebehandling-yesagainprofylakse"> </a></td><td>Ja, men patienten har genoptaget profylaksebehandling</td></tr><tr><td style="white-space:nowrap">nofreeOfTreatment<a name="Profylaksebehandling-nofreeOfTreatment"> </a></td><td>Nej, og patienten har været behandlingsfri indtil nu</td></tr><tr><td style="white-space:nowrap">noagainprofylakse<a name="Profylaksebehandling-noagainprofylakse"> </a></td><td>Nej, men patienten er genoptaget profylakse</td></tr></table></div>
  </text>
  <url value="https://kip.rkkp.dk/fhir/CodeSystem/Profylaksebehandling"/>
  <version value="2.9.3"/>
  <name value="Profylaksebehandling"/>
  <title value="Profylaksebehandling"/>
  <status value="active"/>
  <date value="2024-06-24T00:00:00+02:00"/>
  <publisher value="Sundhedsvæsenets Kvalitetsinstitut with Trifork Digital Health A/S"/>
  <contact>
    <name value="Sundhedsvæsenets Kvalitetsinstitut with Trifork Digital Health A/S"/>
    <telecom>
      <system value="url"/>
      <value value="https://trifork.com"/>
    </telecom>
    <telecom>
      <system value="email"/>
      <value value="rbk@trifork.com"/>
    </telecom>
  </contact>
  <description value="Profylaksebehandling"/>
  <caseSensitive value="false"/>
  <content value="complete"/>
  <count value="4"/>
  <concept>
    <code value="yesfreeOfTreatment"/>
    <display value="Ja, og patienten genoptog ikke sin vanlige profylaksebehandling"/>
  </concept>
  <concept>
    <code value="yesagainprofylakse"/>
    <display value="Ja, men patienten har genoptaget profylaksebehandling"/>
  </concept>
  <concept>
    <code value="nofreeOfTreatment"/>
    <display value="Nej, og patienten har været behandlingsfri indtil nu"/>
  </concept>
  <concept>
    <code value="noagainprofylakse"/>
    <display value="Nej, men patienten er genoptaget profylakse"/>
  </concept>
</CodeSystem>