<?xml version="1.0" encoding="UTF-8"?>

<SearchParameter xmlns="http://hl7.org/fhir">
  <id value="SorQuestionnaireResponse"/>
  <text>
    <status value="generated"/><div xmlns="http://www.w3.org/1999/xhtml"><p class="res-header-id"><b>Generated Narrative: SearchParameter SorQuestionnaireResponse</b></p><a name="SorQuestionnaireResponse"> </a><a name="hcSorQuestionnaireResponse"> </a><a name="SorQuestionnaireResponse-en-US"> </a><h2>SorQuestionnaireResponse</h2><p>Parameter <code>sorCode</code>:<code>token</code></p><div><p>Search By SOR in Questionnaire</p>
</div><table class="grid"><tr><td>Resource</td><td><a href="http://hl7.org/fhir/R4/questionnaireresponse.html">QuestionnaireResponse</a></td></tr><tr><td>Expression</td><td><code>QuestionnaireResponse.author.extension.where(url='sorCode')</code></td></tr><tr><td>Multiples</td><td><ul><li>multipleAnd: It's up to the server whether the parameter may repeat in order to specify multiple values that must all be true</li><li>multipleOr: It's up to the server whether the parameter can have multiple values (separated by comma) where at least one must be true</li></ul></td></tr><tr><td>Comparators</td><td>Allowed: eq</td></tr></table></div>
  </text>
  <url value="https://kip.rkkp.dk/fhir/SearchParameter/SorQuestionnaireResponse"/>
  <version value="2.9.3"/>
  <name value="SorQuestionnaireResponse"/>
  <status value="active"/>
  <date value="2025-03-17T14:35:38+00:00"/>
  <publisher value="Sundhedsvæsenets Kvalitetsinstitut with Trifork Digital Health A/S"/>
  <contact>
    <name value="Sundhedsvæsenets Kvalitetsinstitut with Trifork Digital Health A/S"/>
    <telecom>
      <system value="url"/>
      <value value="https://trifork.com"/>
    </telecom>
    <telecom>
      <system value="email"/>
      <value value="rbk@trifork.com"/>
    </telecom>
  </contact>
  <description value="Search By SOR in Questionnaire"/>
  <code value="sorCode"/>
  <base value="QuestionnaireResponse"/>
  <type value="token"/>
  <expression value="QuestionnaireResponse.author.extension.where(url='sorCode')"/>
  <comparator value="eq"/>
</SearchParameter>