<?xml version="1.0" encoding="UTF-8"?>

<ValueSet xmlns="http://hl7.org/fhir">
  <id value="FunktionTestADLDANDEM"/>
  <text>
    <status value="extensions"/><div xmlns="http://www.w3.org/1999/xhtml"><p class="res-header-id"><b>Generated Narrative: ValueSet FunktionTestADLDANDEM</b></p><a name="FunktionTestADLDANDEM"> </a><a name="hcFunktionTestADLDANDEM"> </a><a name="FunktionTestADLDANDEM-en-US"> </a><ul><li>Include these codes as defined in <a href="CodeSystem-FunctionTest.html"><code>https://kip.rkkp.dk/fhir/CodeSystem/FunctionTest</code></a><table class="none"><tr><td style="white-space:nowrap"><b>Code</b></td><td><b>Display</b></td><td><b>Definition</b></td></tr><tr><td><a href="CodeSystem-FunctionTest.html#FunctionTest-faq_iadl">faq_iadl</a></td><td>FAQ (IADL)</td><td>FAQ (IADL)</td></tr><tr><td><a href="CodeSystem-FunctionTest.html#FunctionTest-dad">dad</a></td><td>DAD</td><td>DAD</td></tr><tr><td><a href="CodeSystem-FunctionTest.html#FunctionTest-adcs_adl">adcs_adl</a></td><td>ADCS-ADL</td><td>ADCS-ADL</td></tr></table></li></ul></div>
  </text>
  <url value="https://kip.rkkp.dk/fhir/ValueSet/FunktionTestADLDANDEM"/>
  <version value="2.9.3"/>
  <name value="FunktionTestADLDANDEM"/>
  <title value="Funktion test ADL (DANDEM)"/>
  <status value="active"/>
  <experimental value="true"/>
  <date value="2022-07-19T00:00:00+02:00"/>
  <publisher value="Sundhedsvæsenets Kvalitetsinstitut with Trifork Digital Health A/S"/>
  <contact>
    <name value="Sundhedsvæsenets Kvalitetsinstitut with Trifork Digital Health A/S"/>
    <telecom>
      <system value="url"/>
      <value value="https://trifork.com"/>
    </telecom>
    <telecom>
      <system value="email"/>
      <value value="rbk@trifork.com"/>
    </telecom>
  </contact>
  <description value="Funktion test ADL (DANDEM)"/>
  <compose>
    <include>
      <system value="https://kip.rkkp.dk/fhir/CodeSystem/FunctionTest"/>
      <concept>
        <code value="faq_iadl"/>
        <display value="FAQ (IADL)"/>
      </concept>
      <concept>
        <code value="dad"/>
        <display value="DAD"/>
      </concept>
      <concept>
        <code value="adcs_adl"/>
        <display value="ADCS-ADL"/>
      </concept>
    </include>
  </compose>
</ValueSet>