<?xml version="1.0" encoding="UTF-8"?>

<ValueSet xmlns="http://hl7.org/fhir">
  <id value="Resektionstype"/>
  <text>
    <status value="extensions"/><div xmlns="http://www.w3.org/1999/xhtml"><p class="res-header-id"><b>Generated Narrative: ValueSet Resektionstype</b></p><a name="Resektionstype"> </a><a name="hcResektionstype"> </a><a name="Resektionstype-en-US"> </a><ul><li>Include these codes as defined in <a href="CodeSystem-ResectionType.html"><code>https://kip.rkkp.dk/fhir/CodeSystem/ResectionType</code></a><table class="none"><tr><td style="white-space:nowrap"><b>Code</b></td><td><b>Display</b></td><td><b>Definition</b></td></tr><tr><td><a href="CodeSystem-ResectionType.html#ResectionType-gastrectomy">gastrectomy</a></td><td>Gastrektomi og øsofagojejunostomi (Roux) [KJDD00]</td><td>Gastrektomi og øsofagojejunostomi (Roux) [KJDD00]</td></tr><tr><td><a href="CodeSystem-ResectionType.html#ResectionType-ventricular">ventricular</a></td><td>Ventrikelresektion med gastrojejunostomi [KJDC20/KJCD30]</td><td>Ventrikelresektion med gastrojejunostomi [KJDC20/KJCD30]</td></tr><tr><td><a href="CodeSystem-ResectionType.html#ResectionType-transthoracic_ventricular">transthoracic_ventricular</a></td><td>Transtorakal øsofagustresektion og ventrikelresektion med øsofagogastrostomi [KJCC10/KJCC11]</td><td>Transtorakal øsofagustresektion og ventrikelresektion med øsofagogastrostomi [KJCC10/KJCC11]</td></tr><tr><td><a href="CodeSystem-ResectionType.html#ResectionType-transhiatal_ventricular">transhiatal_ventricular</a></td><td>Transhiatal øsofagusresektion og ventrikelresektion med øsofagogastrostomi [KJCC00/KJDC40]</td><td>Transhiatal øsofagusresektion og ventrikelresektion med øsofagogastrostomi [KJCC00/KJDC40]</td></tr><tr><td><a href="CodeSystem-ResectionType.html#ResectionType-transthoracic_intestine">transthoracic_intestine</a></td><td>Transtorakal øsofagusresektion med interposition af tarm [KJCC30]</td><td>Transtorakal øsofagusresektion med interposition af tarm [KJCC30]</td></tr><tr><td><a href="CodeSystem-ResectionType.html#ResectionType-transhiatal_intestine">transhiatal_intestine</a></td><td>Transhiatal øsofagusresektion med interposition af tarm [KJCC20]</td><td>Transhiatal øsofagusresektion med interposition af tarm [KJCC20]</td></tr><tr><td><a href="CodeSystem-ResectionType.html#ResectionType-endoscopic">endoscopic</a></td><td>Endoskopisk [KJCA52/KJCA52A/KJCA52B/KJCA52C]</td><td>Endoskopisk [KJCA52/KJCA52A/KJCA52B/KJCA52C]</td></tr><tr><td><a href="CodeSystem-ResectionType.html#ResectionType-otheresophagus">otheresophagus</a></td><td>Anden resektion af øsofagus med rekonstruktion med frit transplantat</td><td>Anden resektion af øsofagus med rekonstruktion med frit transplantat</td></tr><tr><td><a href="CodeSystem-ResectionType.html#ResectionType-other">other</a></td><td>Andet</td><td>Andet</td></tr></table></li></ul></div>
  </text>
  <url value="https://kip.rkkp.dk/fhir/ValueSet/Resektionstype"/>
  <version value="2.9.3"/>
  <name value="Resektionstype"/>
  <title value="Resektionstype"/>
  <status value="active"/>
  <experimental value="true"/>
  <date value="2022-06-08T00:00:00+02:00"/>
  <publisher value="Sundhedsvæsenets Kvalitetsinstitut with Trifork Digital Health A/S"/>
  <contact>
    <name value="Sundhedsvæsenets Kvalitetsinstitut with Trifork Digital Health A/S"/>
    <telecom>
      <system value="url"/>
      <value value="https://trifork.com"/>
    </telecom>
    <telecom>
      <system value="email"/>
      <value value="rbk@trifork.com"/>
    </telecom>
  </contact>
  <description value="Resektionstype for kræft databaser (DEGC)"/>
  <compose>
    <include>
      <system value="https://kip.rkkp.dk/fhir/CodeSystem/ResectionType"/>
      <concept>
        <code value="gastrectomy"/>
        <display value="Gastrektomi og øsofagojejunostomi (Roux) [KJDD00]"/>
      </concept>
      <concept>
        <code value="ventricular"/>
        <display value="Ventrikelresektion med gastrojejunostomi [KJDC20/KJCD30]"/>
      </concept>
      <concept>
        <code value="transthoracic_ventricular"/>
        <display value="Transtorakal øsofagustresektion og ventrikelresektion med øsofagogastrostomi [KJCC10/KJCC11]"/>
      </concept>
      <concept>
        <code value="transhiatal_ventricular"/>
        <display value="Transhiatal øsofagusresektion og ventrikelresektion med øsofagogastrostomi [KJCC00/KJDC40]"/>
      </concept>
      <concept>
        <code value="transthoracic_intestine"/>
        <display value="Transtorakal øsofagusresektion med interposition af tarm [KJCC30]"/>
      </concept>
      <concept>
        <code value="transhiatal_intestine"/>
        <display value="Transhiatal øsofagusresektion med interposition af tarm [KJCC20]"/>
      </concept>
      <concept>
        <code value="endoscopic"/>
        <display value="Endoskopisk [KJCA52/KJCA52A/KJCA52B/KJCA52C]"/>
      </concept>
      <concept>
        <code value="otheresophagus"/>
        <display value="Anden resektion af øsofagus med rekonstruktion med frit transplantat"/>
      </concept>
      <concept>
        <code value="other"/>
        <display value="Andet"/>
      </concept>
    </include>
  </compose>
</ValueSet>