<?xml version="1.0" encoding="UTF-8"?>

<ValueSet xmlns="http://hl7.org/fhir">
  <id value="Boligform"/>
  <text>
    <status value="extensions"/><div xmlns="http://www.w3.org/1999/xhtml"><p class="res-header-id"><b>Generated Narrative: ValueSet Boligform</b></p><a name="Boligform"> </a><a name="hcBoligform"> </a><a name="Boligform-en-US"> </a><ul><li>Include these codes as defined in <a href="CodeSystem-MaritalStatus.html"><code>https://kip.rkkp.dk/fhir/CodeSystem/MaritalStatus</code></a><table class="none"><tr><td style="white-space:nowrap"><b>Code</b></td><td><b>Display</b></td><td><b>Definition</b></td></tr><tr><td><a href="CodeSystem-MaritalStatus.html#MaritalStatus-livingalone">livingalone</a></td><td>Alene</td><td>Bor alene</td></tr><tr><td><a href="CodeSystem-MaritalStatus.html#MaritalStatus-livingalone_child">livingalone_child</a></td><td>Med børn</td><td>Bor alene med børn</td></tr><tr><td><a href="CodeSystem-MaritalStatus.html#MaritalStatus-married">married</a></td><td>Med ægtefælle/partner</td><td>Gift</td></tr><tr><td><a href="CodeSystem-MaritalStatus.html#MaritalStatus-married_child">married_child</a></td><td>Med ægtefælle/partner og børn</td><td>Gift med børn</td></tr><tr><td><a href="CodeSystem-MaritalStatus.html#MaritalStatus-living_parents">living_parents</a></td><td>Med forældre</td><td>Living with parents / Bor med forældre</td></tr><tr><td><a href="CodeSystem-MaritalStatus.html#MaritalStatus-cohabitant">cohabitant</a></td><td>Samboende med andre</td><td>Samboende</td></tr></table></li></ul></div>
  </text>
  <url value="https://kip.rkkp.dk/fhir/ValueSet/Boligform"/>
  <version value="2.9.3"/>
  <name value="Boligform"/>
  <title value="Boligform"/>
  <status value="active"/>
  <experimental value="true"/>
  <date value="2022-09-06T00:00:00+02:00"/>
  <publisher value="Sundhedsvæsenets Kvalitetsinstitut with Trifork Digital Health A/S"/>
  <contact>
    <name value="Sundhedsvæsenets Kvalitetsinstitut with Trifork Digital Health A/S"/>
    <telecom>
      <system value="url"/>
      <value value="https://trifork.com"/>
    </telecom>
    <telecom>
      <system value="email"/>
      <value value="rbk@trifork.com"/>
    </telecom>
  </contact>
  <description value="Patientens boligform"/>
  <compose>
    <include>
      <system value="https://kip.rkkp.dk/fhir/CodeSystem/MaritalStatus"/>
      <concept>
        <code value="livingalone"/>
        <display value="Alene"/>
      </concept>
      <concept>
        <code value="livingalone_child"/>
        <display value="Med børn"/>
      </concept>
      <concept>
        <code value="married"/>
        <display value="Med ægtefælle/partner"/>
      </concept>
      <concept>
        <code value="married_child"/>
        <display value="Med ægtefælle/partner og børn"/>
      </concept>
      <concept>
        <code value="living_parents"/>
        <display value="Med forældre"/>
      </concept>
      <concept>
        <code value="cohabitant"/>
        <display value="Samboende med andre"/>
      </concept>
    </include>
  </compose>
</ValueSet>