<?xml version="1.0" encoding="UTF-8"?>

<ValueSet xmlns="http://hl7.org/fhir">
  <id value="BehandlingTilstraekkelig"/>
  <text>
    <status value="extensions"/><div xmlns="http://www.w3.org/1999/xhtml"><p class="res-header-id"><b>Generated Narrative: ValueSet BehandlingTilstraekkelig</b></p><a name="BehandlingTilstraekkelig"> </a><a name="hcBehandlingTilstraekkelig"> </a><a name="BehandlingTilstraekkelig-en-US"> </a><ul><li>Include these codes as defined in <a href="CodeSystem-TreatmentSufficient.html"><code>https://kip.rkkp.dk/fhir/CodeSystem/TreatmentSufficient</code></a><table class="none"><tr><td style="white-space:nowrap"><b>Code</b></td><td><b>Display</b></td><td><b>Definition</b></td></tr><tr><td><a href="CodeSystem-TreatmentSufficient.html#TreatmentSufficient-sufficient">sufficient</a></td><td>Sufficient behandling</td><td>Sufficient treatment</td></tr><tr><td><a href="CodeSystem-TreatmentSufficient.html#TreatmentSufficient-insufficient">insufficient</a></td><td>Insufficient behandling</td><td>Insufficient treatment</td></tr></table></li></ul></div>
  </text>
  <url value="https://kip.rkkp.dk/fhir/ValueSet/BehandlingTilstraekkelig"/>
  <version value="2.9.3"/>
  <name value="BehandlingTilstraekkelig"/>
  <title value="Behandling; Udfald for at angive om det er en tilstrækkelig behandling"/>
  <status value="active"/>
  <experimental value="true"/>
  <date value="2022-06-29T00:00:00+02:00"/>
  <publisher value="Sundhedsvæsenets Kvalitetsinstitut with Trifork Digital Health A/S"/>
  <contact>
    <name value="Sundhedsvæsenets Kvalitetsinstitut with Trifork Digital Health A/S"/>
    <telecom>
      <system value="url"/>
      <value value="https://trifork.com"/>
    </telecom>
    <telecom>
      <system value="email"/>
      <value value="rbk@trifork.com"/>
    </telecom>
  </contact>
  <description value="Behandling; Udfald for at angive om det er en tilstrækkelig behandling"/>
  <compose>
    <include>
      <system value="https://kip.rkkp.dk/fhir/CodeSystem/TreatmentSufficient"/>
      <concept>
        <code value="sufficient"/>
        <display value="Sufficient behandling"/>
      </concept>
      <concept>
        <code value="insufficient"/>
        <display value="Insufficient behandling"/>
      </concept>
    </include>
  </compose>
</ValueSet>