<?xml version="1.0" encoding="UTF-8"?>

<ValueSet xmlns="http://hl7.org/fhir">
  <id value="Hyppighed"/>
  <text>
    <status value="extensions"/><div xmlns="http://www.w3.org/1999/xhtml"><p class="res-header-id"><b>Generated Narrative: ValueSet Hyppighed</b></p><a name="Hyppighed"> </a><a name="hcHyppighed"> </a><a name="Hyppighed-en-US"> </a><p>This value set includes codes based on the following rules:</p><ul><li>Include these codes as defined in <a href="CodeSystem-FollowUp.html"><code>https://kip.rkkp.dk/fhir/CodeSystem/FollowUp</code></a><table class="none"><tr><td style="white-space:nowrap"><b>Code</b></td><td><b>Display</b></td><td><b>Definition</b></td></tr><tr><td><a href="CodeSystem-FollowUp.html#FollowUp-aar_1">aar_1</a></td><td>1 år</td><td>1 år</td></tr><tr><td><a href="CodeSystem-FollowUp.html#FollowUp-aar_2">aar_2</a></td><td>2 år</td><td>2 år</td></tr><tr><td><a href="CodeSystem-FollowUp.html#FollowUp-aar_3">aar_3</a></td><td>3 år</td><td>3 år</td></tr></table></li><li>Include these codes as defined in <a href="CodeSystem-GenericValues.html"><code>https://kip.rkkp.dk/fhir/CodeSystem/GenericValues</code></a><table class="none"><tr><td style="white-space:nowrap"><b>Code</b></td><td><b>Display</b></td><td><b>Definition</b></td></tr><tr><td><a href="CodeSystem-GenericValues.html#GenericValues-none">none</a></td><td>Ingen</td><td>None - used to choose none of the available values</td></tr><tr><td><a href="CodeSystem-GenericValues.html#GenericValues-other">other</a></td><td>Andet</td><td>Other - used to choose unspecific value not in a valueset</td></tr></table></li></ul></div>
  </text>
  <url value="https://kip.rkkp.dk/fhir/ValueSet/Hyppighed"/>
  <version value="2.9.3"/>
  <name value="Hyppighed"/>
  <title value="Hyppighed"/>
  <status value="active"/>
  <experimental value="true"/>
  <date value="2023-09-05T00:00:00+02:00"/>
  <publisher value="Sundhedsvæsenets Kvalitetsinstitut with Trifork Digital Health A/S"/>
  <contact>
    <name value="Sundhedsvæsenets Kvalitetsinstitut with Trifork Digital Health A/S"/>
    <telecom>
      <system value="url"/>
      <value value="https://trifork.com"/>
    </telecom>
    <telecom>
      <system value="email"/>
      <value value="rbk@trifork.com"/>
    </telecom>
  </contact>
  <description value="Opfølgning efter 2 eller 5 år"/>
  <compose>
    <include>
      <system value="https://kip.rkkp.dk/fhir/CodeSystem/FollowUp"/>
      <concept>
        <code value="aar_1"/>
        <display value="1 år"/>
      </concept>
      <concept>
        <code value="aar_2"/>
        <display value="2 år"/>
      </concept>
      <concept>
        <code value="aar_3"/>
        <display value="3 år"/>
      </concept>
    </include>
    <include>
      <system value="https://kip.rkkp.dk/fhir/CodeSystem/GenericValues"/>
      <concept>
        <code value="none"/>
        <display value="Ingen"/>
      </concept>
      <concept>
        <code value="other"/>
        <display value="Andet"/>
      </concept>
    </include>
  </compose>
</ValueSet>