<?xml version="1.0" encoding="UTF-8"?>

<ValueSet xmlns="http://hl7.org/fhir">
  <id value="TidligereOperationHofte"/>
  <text>
    <status value="extensions"/><div xmlns="http://www.w3.org/1999/xhtml"><p class="res-header-id"><b>Generated Narrative: ValueSet TidligereOperationHofte</b></p><a name="TidligereOperationHofte"> </a><a name="hcTidligereOperationHofte"> </a><a name="TidligereOperationHofte-en-US"> </a><p>This value set includes codes based on the following rules:</p><ul><li>Include these codes as defined in <a href="CodeSystem-AlloplastyTypes.html"><code>https://kip.rkkp.dk/fhir/CodeSystem/AlloplastyTypes</code></a><table class="none"><tr><td style="white-space:nowrap"><b>Code</b></td><td><b>Display</b></td><td><b>Definition</b></td></tr><tr><td><a href="CodeSystem-AlloplastyTypes.html#AlloplastyTypes-periacetabular_osteotomy">periacetabular_osteotomy</a></td><td>Periacetabulær osteotomi</td><td>Periacetabulær osteotomi</td></tr><tr><td><a href="CodeSystem-AlloplastyTypes.html#AlloplastyTypes-osteosynthesis">osteosynthesis</a></td><td>Osteosyntese pga. proksimal femurfraktur</td><td>Osteosynthesis</td></tr><tr><td><a href="CodeSystem-AlloplastyTypes.html#AlloplastyTypes-hemialloplasty">hemialloplasty</a></td><td>Hemialloplastik</td><td>Hemialloplasty</td></tr><tr><td><a href="CodeSystem-AlloplastyTypes.html#AlloplastyTypes-acetabulum_fracture">acetabulum_fracture</a></td><td>Operation for acetabulumfraktur</td><td>Acetabulum fracture</td></tr><tr><td><a href="CodeSystem-AlloplastyTypes.html#AlloplastyTypes-proximal_femur_osteotomy">proximal_femur_osteotomy</a></td><td>Proksimal femurosteotomi</td><td>Proximal femur osteotomy</td></tr><tr><td><a href="CodeSystem-AlloplastyTypes.html#AlloplastyTypes-total_alloplasty">total_alloplasty</a></td><td>Total alloplastik</td><td>Total alloplasty</td></tr></table></li><li>Include these codes as defined in <a href="CodeSystem-GenericValues.html"><code>https://kip.rkkp.dk/fhir/CodeSystem/GenericValues</code></a><table class="none"><tr><td style="white-space:nowrap"><b>Code</b></td><td><b>Display</b></td><td><b>Definition</b></td></tr><tr><td><a href="CodeSystem-GenericValues.html#GenericValues-other">other</a></td><td>Andet</td><td>Other - used to choose unspecific value not in a valueset</td></tr></table></li></ul></div>
  </text>
  <url value="https://kip.rkkp.dk/fhir/ValueSet/TidligereOperationHofte"/>
  <version value="2.9.3"/>
  <name value="TidligereOperationHofte"/>
  <title value="Tidligere operation hofte (hoftealloplastik)"/>
  <status value="active"/>
  <experimental value="true"/>
  <date value="2022-07-04T00:00:00+02:00"/>
  <publisher value="Sundhedsvæsenets Kvalitetsinstitut with Trifork Digital Health A/S"/>
  <contact>
    <name value="Sundhedsvæsenets Kvalitetsinstitut with Trifork Digital Health A/S"/>
    <telecom>
      <system value="url"/>
      <value value="https://trifork.com"/>
    </telecom>
    <telecom>
      <system value="email"/>
      <value value="rbk@trifork.com"/>
    </telecom>
  </contact>
  <description value="Tidligere operation hofte (hoftealloplastik)"/>
  <compose>
    <include>
      <system value="https://kip.rkkp.dk/fhir/CodeSystem/AlloplastyTypes"/>
      <concept>
        <code value="periacetabular_osteotomy"/>
        <display value="Periacetabulær osteotomi"/>
      </concept>
      <concept>
        <code value="osteosynthesis"/>
        <display value="Osteosyntese pga. proksimal femurfraktur"/>
      </concept>
      <concept>
        <code value="hemialloplasty"/>
        <display value="Hemialloplastik"/>
      </concept>
      <concept>
        <code value="acetabulum_fracture"/>
        <display value="Operation for acetabulumfraktur"/>
      </concept>
      <concept>
        <code value="proximal_femur_osteotomy"/>
        <display value="Proksimal femurosteotomi"/>
      </concept>
      <concept>
        <code value="total_alloplasty"/>
        <display value="Total alloplastik"/>
      </concept>
    </include>
    <include>
      <system value="https://kip.rkkp.dk/fhir/CodeSystem/GenericValues"/>
      <concept>
        <code value="other"/>
        <display value="Andet"/>
      </concept>
    </include>
  </compose>
</ValueSet>