<?xml version="1.0" encoding="UTF-8"?>

<ValueSet xmlns="http://hl7.org/fhir">
  <id value="KomponentFemurStatusDHR"/>
  <text>
    <status value="extensions"/><div xmlns="http://www.w3.org/1999/xhtml"><p class="res-header-id"><b>Generated Narrative: ValueSet KomponentFemurStatusDHR</b></p><a name="KomponentFemurStatusDHR"> </a><a name="hcKomponentFemurStatusDHR"> </a><a name="KomponentFemurStatusDHR-en-US"> </a><ul><li>Include these codes as defined in <a href="CodeSystem-GenericValues.html"><code>https://kip.rkkp.dk/fhir/CodeSystem/GenericValues</code></a><table class="none"><tr><td style="white-space:nowrap"><b>Code</b></td><td><b>Display</b></td><td><b>Definition</b></td></tr><tr><td><a href="CodeSystem-GenericValues.html#GenericValues-replaced">replaced</a></td><td>Udskiftning af femurkomponent</td><td>Replaced / Udskiftet</td></tr><tr><td><a href="CodeSystem-GenericValues.html#GenericValues-partial_replacement">partial_replacement</a></td><td>Kun udskiftning af caput (ved revision)</td><td>Partial replacement / Delvis udskiftning</td></tr><tr><td><a href="CodeSystem-GenericValues.html#GenericValues-removed">removed</a></td><td>Fjernelse af femurkomponent (ved revision)</td><td>Removed / Fjernet</td></tr><tr><td><a href="CodeSystem-GenericValues.html#GenericValues-not_replaced">not_replaced</a></td><td>Ikke udskiftet (ved revision)</td><td>Not replaced / Ikke udskiftet</td></tr><tr><td><a href="CodeSystem-GenericValues.html#GenericValues-not_replaced_hemi">not_replaced_hemi</a></td><td>Ikke udskiftet (tidligere hemialloplastik)</td><td>Ikke udskiftet, tidligere hemialloplastik</td></tr></table></li></ul></div>
  </text>
  <url value="https://kip.rkkp.dk/fhir/ValueSet/KomponentFemurStatusDHR"/>
  <version value="2.9.3"/>
  <name value="KomponentFemurStatusDHR"/>
  <title value="Komponent - femur, status (DHR)"/>
  <status value="active"/>
  <experimental value="true"/>
  <date value="2022-11-18T00:00:00+02:00"/>
  <publisher value="Sundhedsvæsenets Kvalitetsinstitut with Trifork Digital Health A/S"/>
  <contact>
    <name value="Sundhedsvæsenets Kvalitetsinstitut with Trifork Digital Health A/S"/>
    <telecom>
      <system value="url"/>
      <value value="https://trifork.com"/>
    </telecom>
    <telecom>
      <system value="email"/>
      <value value="rbk@trifork.com"/>
    </telecom>
  </contact>
  <description value="Komponent - femur, status (DHR)"/>
  <compose>
    <include>
      <system value="https://kip.rkkp.dk/fhir/CodeSystem/GenericValues"/>
      <concept>
        <code value="replaced"/>
        <display value="Udskiftning af femurkomponent"/>
      </concept>
      <concept>
        <code value="partial_replacement"/>
        <display value="Kun udskiftning af caput (ved revision)"/>
      </concept>
      <concept>
        <code value="removed"/>
        <display value="Fjernelse af femurkomponent (ved revision)"/>
      </concept>
      <concept>
        <code value="not_replaced"/>
        <display value="Ikke udskiftet (ved revision)"/>
      </concept>
      <concept>
        <code value="not_replaced_hemi"/>
        <display value="Ikke udskiftet (tidligere hemialloplastik)"/>
      </concept>
    </include>
  </compose>
</ValueSet>