<?xml version="1.0" encoding="UTF-8"?>

<ValueSet xmlns="http://hl7.org/fhir">
  <id value="AnastomoselaekageKonsekvens"/>
  <text>
    <status value="extensions"/><div xmlns="http://www.w3.org/1999/xhtml"><p class="res-header-id"><b>Generated Narrative: ValueSet AnastomoselaekageKonsekvens</b></p><a name="AnastomoselaekageKonsekvens"> </a><a name="hcAnastomoselaekageKonsekvens"> </a><a name="AnastomoselaekageKonsekvens-en-US"> </a><ul><li>Include these codes as defined in <a href="CodeSystem-AnastomosisLeakConsequence.html"><code>https://kip.rkkp.dk/fhir/CodeSystem/AnastomosisLeakConsequence</code></a><table class="none"><tr><td style="white-space:nowrap"><b>Code</b></td><td><b>Display</b></td><td><b>Definition</b></td></tr><tr><td><a href="CodeSystem-AnastomosisLeakConsequence.html#AnastomosisLeakConsequence-preserved">preserved</a></td><td>Anastomosen bevaret</td><td>Anastomosis preserved / Anastomosen bevaret</td></tr><tr><td><a href="CodeSystem-AnastomosisLeakConsequence.html#AnastomosisLeakConsequence-broken_down">broken_down</a></td><td>Anastomosen nedbrudt</td><td>Anastomosis broken down / Anastopmose nedbrudt</td></tr><tr><td><a href="CodeSystem-AnastomosisLeakConsequence.html#AnastomosisLeakConsequence-preserved_surture">preserved_surture</a></td><td>Anastomose bevaret, oversyning af defekt</td><td>Anastomosis preserved, surturing of defect / Anastomose bevaret, oversyning af defekt</td></tr><tr><td><a href="CodeSystem-AnastomosisLeakConsequence.html#AnastomosisLeakConsequence-preserved_endosponge_vac">preserved_endosponge_vac</a></td><td>Anastomose bevaret, endosponge/VAC beh.</td><td>Anastomosis preserved, endosponge/VAC / Anastomose bevaret, endosponge/VAC beh</td></tr><tr><td><a href="CodeSystem-AnastomosisLeakConsequence.html#AnastomosisLeakConsequence-preserved_drain_antibiotics">preserved_drain_antibiotics</a></td><td>Anastomose bevaret, alene dræn, antibiotika etc.</td><td>Anastomosis preserved, drain/antibiotics / Anastomose bevaret, alene dræn, antibiotika etc</td></tr><tr><td><a href="CodeSystem-AnastomosisLeakConsequence.html#AnastomosisLeakConsequence-broken_down_stoma">broken_down_stoma</a></td><td>Anastomose nedbrudt, endestomi</td><td>Anastomosis broken down, stoma / Anastopmose nedbrudt, endestomi</td></tr><tr><td><a href="CodeSystem-AnastomosisLeakConsequence.html#AnastomosisLeakConsequence-broken_down_reanastomosis">broken_down_reanastomosis</a></td><td>Anastomose nedbrudt, re-anastomosering</td><td>Anastomosis broken down, re-anastomosis / Anastopmose nedbrudt, re-anastomosering</td></tr></table></li></ul></div>
  </text>
  <url value="https://kip.rkkp.dk/fhir/ValueSet/AnastomoselaekageKonsekvens"/>
  <version value="2.9.3"/>
  <name value="AnastomoselaekageKonsekvens"/>
  <title value="Anastomoselaekage Konsekvens"/>
  <status value="active"/>
  <experimental value="true"/>
  <date value="2022-10-19T00:00:00+02:00"/>
  <publisher value="Sundhedsvæsenets Kvalitetsinstitut with Trifork Digital Health A/S"/>
  <contact>
    <name value="Sundhedsvæsenets Kvalitetsinstitut with Trifork Digital Health A/S"/>
    <telecom>
      <system value="url"/>
      <value value="https://trifork.com"/>
    </telecom>
    <telecom>
      <system value="email"/>
      <value value="rbk@trifork.com"/>
    </telecom>
  </contact>
  <description value="Anastomoselaekage Konsekvens"/>
  <compose>
    <include>
      <system value="https://kip.rkkp.dk/fhir/CodeSystem/AnastomosisLeakConsequence"/>
      <concept>
        <code value="preserved"/>
        <display value="Anastomosen bevaret"/>
      </concept>
      <concept>
        <code value="broken_down"/>
        <display value="Anastomosen nedbrudt"/>
      </concept>
      <concept>
        <code value="preserved_surture"/>
        <display value="Anastomose bevaret, oversyning af defekt"/>
      </concept>
      <concept>
        <code value="preserved_endosponge_vac"/>
        <display value="Anastomose bevaret, endosponge/VAC beh."/>
      </concept>
      <concept>
        <code value="preserved_drain_antibiotics"/>
        <display value="Anastomose bevaret, alene dræn, antibiotika etc."/>
      </concept>
      <concept>
        <code value="broken_down_stoma"/>
        <display value="Anastomose nedbrudt, endestomi"/>
      </concept>
      <concept>
        <code value="broken_down_reanastomosis"/>
        <display value="Anastomose nedbrudt, re-anastomosering"/>
      </concept>
    </include>
  </compose>
</ValueSet>