<?xml version="1.0" encoding="UTF-8"?>

<ValueSet xmlns="http://hl7.org/fhir">
  <id value="POPQKompartmentDUGA"/>
  <text>
    <status value="extensions"/><div xmlns="http://www.w3.org/1999/xhtml"><p class="res-header-id"><b>Generated Narrative: ValueSet POPQKompartmentDUGA</b></p><a name="POPQKompartmentDUGA"> </a><a name="hcPOPQKompartmentDUGA"> </a><a name="POPQKompartmentDUGA-en-US"> </a><ul><li>Include these codes as defined in <a href="CodeSystem-IntervalsExact.html"><code>https://kip.rkkp.dk/fhir/CodeSystem/IntervalsExact</code></a><table class="none"><tr><td style="white-space:nowrap"><b>Code</b></td><td><b>Display</b></td><td><b>Definition</b></td></tr><tr><td><a href="CodeSystem-IntervalsExact.html#IntervalsExact-0">0</a></td><td>0</td><td>0,0</td></tr><tr><td><a href="CodeSystem-IntervalsExact.html#IntervalsExact-1">1</a></td><td>1</td><td>1,0</td></tr><tr><td><a href="CodeSystem-IntervalsExact.html#IntervalsExact-2">2</a></td><td>2</td><td>2,0</td></tr><tr><td><a href="CodeSystem-IntervalsExact.html#IntervalsExact-3">3</a></td><td>3</td><td>3,0</td></tr><tr><td><a href="CodeSystem-IntervalsExact.html#IntervalsExact-4">4</a></td><td>4</td><td>4,0</td></tr></table></li></ul></div>
  </text>
  <url value="https://kip.rkkp.dk/fhir/ValueSet/POPQKompartmentDUGA"/>
  <version value="2.9.3"/>
  <name value="POPQKompartmentDUGA"/>
  <title value="POP-Q undersøgelse Kompartment (DUGA)"/>
  <status value="active"/>
  <experimental value="true"/>
  <date value="2024-02-13T00:00:00+02:00"/>
  <publisher value="Sundhedsvæsenets Kvalitetsinstitut with Trifork Digital Health A/S"/>
  <contact>
    <name value="Sundhedsvæsenets Kvalitetsinstitut with Trifork Digital Health A/S"/>
    <telecom>
      <system value="url"/>
      <value value="https://trifork.com"/>
    </telecom>
    <telecom>
      <system value="email"/>
      <value value="rbk@trifork.com"/>
    </telecom>
  </contact>
  <description value="Nedsynkning - POP-Q undersøgelse Kompartment (DUGA)"/>
  <compose>
    <include>
      <system value="https://kip.rkkp.dk/fhir/CodeSystem/IntervalsExact"/>
      <concept>
        <code value="0"/>
        <display value="0"/>
      </concept>
      <concept>
        <code value="1"/>
        <display value="1"/>
      </concept>
      <concept>
        <code value="2"/>
        <display value="2"/>
      </concept>
      <concept>
        <code value="3"/>
        <display value="3"/>
      </concept>
      <concept>
        <code value="4"/>
        <display value="4"/>
      </concept>
    </include>
  </compose>
</ValueSet>