<?xml version="1.0" encoding="UTF-8"?>

<ValueSet xmlns="http://hl7.org/fhir">
  <id value="CytogeneticSpecificerFund"/>
  <text>
    <status value="extensions"/><div xmlns="http://www.w3.org/1999/xhtml"><p class="res-header-id"><b>Generated Narrative: ValueSet CytogeneticSpecificerFund</b></p><a name="CytogeneticSpecificerFund"> </a><a name="hcCytogeneticSpecificerFund"> </a><a name="CytogeneticSpecificerFund-en-US"> </a><ul><li>Include these codes as defined in <a href="CodeSystem-GenericValues.html"><code>https://kip.rkkp.dk/fhir/CodeSystem/GenericValues</code></a><table class="none"><tr><td style="white-space:nowrap"><b>Code</b></td><td><b>Display</b></td><td><b>Definition</b></td></tr><tr><td><a href="CodeSystem-GenericValues.html#GenericValues-normal">normal</a></td><td>Normal undersøgelse</td><td>Normal</td></tr><tr><td><a href="CodeSystem-GenericValues.html#GenericValues-other">other</a></td><td>Andre cytogenetiske fund</td><td>Other - used to choose unspecific value not in a valueset</td></tr></table></li></ul></div>
  </text>
  <url value="https://kip.rkkp.dk/fhir/ValueSet/CytogeneticSpecificerFund"/>
  <version value="2.9.3"/>
  <name value="CytogeneticSpecificerFund"/>
  <title value="Specificer Cytogenetiske Fund"/>
  <status value="active"/>
  <experimental value="true"/>
  <date value="2024-10-02T00:00:00+02:00"/>
  <publisher value="Sundhedsvæsenets Kvalitetsinstitut with Trifork Digital Health A/S"/>
  <contact>
    <name value="Sundhedsvæsenets Kvalitetsinstitut with Trifork Digital Health A/S"/>
    <telecom>
      <system value="url"/>
      <value value="https://trifork.com"/>
    </telecom>
    <telecom>
      <system value="email"/>
      <value value="rbk@trifork.com"/>
    </telecom>
  </contact>
  <description value="Specificer Cytogenetiske Fund"/>
  <compose>
    <include>
      <system value="https://kip.rkkp.dk/fhir/CodeSystem/GenericValues"/>
      <concept>
        <code value="normal"/>
        <display value="Normal undersøgelse"/>
      </concept>
      <concept>
        <code value="other"/>
        <display value="Andre cytogenetiske fund"/>
      </concept>
    </include>
  </compose>
</ValueSet>