<?xml version="1.0" encoding="UTF-8"?>

<ValueSet xmlns="http://hl7.org/fhir">
  <id value="PeroperativMetastasebehandling"/>
  <text>
    <status value="extensions"/><div xmlns="http://www.w3.org/1999/xhtml"><p class="res-header-id"><b>Generated Narrative: ValueSet PeroperativMetastasebehandling</b></p><a name="PeroperativMetastasebehandling"> </a><a name="hcPeroperativMetastasebehandling"> </a><a name="PeroperativMetastasebehandling-en-US"> </a><p>This value set includes codes based on the following rules:</p><ul><li>Include these codes as defined in <a href="CodeSystem-ProcedureType.html"><code>https://kip.rkkp.dk/fhir/CodeSystem/ProcedureType</code></a><table class="none"><tr><td style="white-space:nowrap"><b>Code</b></td><td><b>Display</b></td><td><b>Definition</b></td></tr><tr><td><a href="CodeSystem-ProcedureType.html#ProcedureType-extensive_excision">extensive_excision</a></td><td>Ekstensiv excision af peritoneum og HIPEC</td><td>Extensive excision / Ekstensiv excision af peritoneum og  HIPEC</td></tr><tr><td><a href="CodeSystem-ProcedureType.html#ProcedureType-rfa">rfa</a></td><td>RFA af hepar</td><td>RFA / RFA af hepar</td></tr><tr><td><a href="CodeSystem-ProcedureType.html#ProcedureType-metasis_resection">metasis_resection</a></td><td>Levermetastaseresektion</td><td>Metastasis resection / Metastaseresektion</td></tr></table></li><li>Include these codes as defined in <a href="CodeSystem-GenericValues.html"><code>https://kip.rkkp.dk/fhir/CodeSystem/GenericValues</code></a><table class="none"><tr><td style="white-space:nowrap"><b>Code</b></td><td><b>Display</b></td><td><b>Definition</b></td></tr><tr><td><a href="CodeSystem-GenericValues.html#GenericValues-other">other</a></td><td>Anden</td><td>Other - used to choose unspecific value not in a valueset</td></tr></table></li></ul></div>
  </text>
  <url value="https://kip.rkkp.dk/fhir/ValueSet/PeroperativMetastasebehandling"/>
  <version value="2.9.3"/>
  <name value="PeroperativMetastasebehandling"/>
  <title value="Peroperativ metastasebehandling"/>
  <status value="active"/>
  <experimental value="true"/>
  <date value="2022-10-13T00:00:00+02:00"/>
  <publisher value="Sundhedsvæsenets Kvalitetsinstitut with Trifork Digital Health A/S"/>
  <contact>
    <name value="Sundhedsvæsenets Kvalitetsinstitut with Trifork Digital Health A/S"/>
    <telecom>
      <system value="url"/>
      <value value="https://trifork.com"/>
    </telecom>
    <telecom>
      <system value="email"/>
      <value value="rbk@trifork.com"/>
    </telecom>
  </contact>
  <description value="Peroperativ metastasebehandling"/>
  <compose>
    <include>
      <system value="https://kip.rkkp.dk/fhir/CodeSystem/ProcedureType"/>
      <concept>
        <code value="extensive_excision"/>
        <display value="Ekstensiv excision af peritoneum og HIPEC"/>
      </concept>
      <concept>
        <code value="rfa"/>
        <display value="RFA af hepar"/>
      </concept>
      <concept>
        <code value="metasis_resection"/>
        <display value="Levermetastaseresektion"/>
      </concept>
    </include>
    <include>
      <system value="https://kip.rkkp.dk/fhir/CodeSystem/GenericValues"/>
      <concept>
        <code value="other"/>
        <display value="Anden"/>
      </concept>
    </include>
  </compose>
</ValueSet>