<?xml version="1.0" encoding="UTF-8"?>

<ValueSet xmlns="http://hl7.org/fhir">
  <id value="AnasthesiaService"/>
  <text>
    <status value="extensions"/><div xmlns="http://www.w3.org/1999/xhtml"><p class="res-header-id"><b>Generated Narrative: ValueSet AnasthesiaService</b></p><a name="AnasthesiaService"> </a><a name="hcAnasthesiaService"> </a><a name="AnasthesiaService-en-US"> </a><ul><li>Include these codes as defined in <a href="CodeSystem-AnasthesiaService.html"><code>https://kip.rkkp.dk/fhir/CodeSystem/AnasthesiaService</code></a><table class="none"><tr><td style="white-space:nowrap"><b>Code</b></td><td><b>Display</b></td><td><b>Definition</b></td></tr><tr><td><a href="CodeSystem-AnasthesiaService.html#AnasthesiaService-gen_anesthesia">gen_anesthesia</a></td><td>Generel anæstesi</td><td>Generel anæstesi / SNOMED-CT: 50697003</td></tr><tr><td><a href="CodeSystem-AnasthesiaService.html#AnasthesiaService-gen_anesthesia_spc">gen_anesthesia_spc</a></td><td>Generel anæstesi efter insufficient regional anæstesi og/eller central blokade</td><td>Generel anæstesi efter insufficient regional anæstesi og/eller central blokade</td></tr><tr><td><a href="CodeSystem-AnasthesiaService.html#AnasthesiaService-nerve_block">nerve_block</a></td><td>Perifer nerveblokade</td><td>Perifer nerveblokade</td></tr><tr><td><a href="CodeSystem-AnasthesiaService.html#AnasthesiaService-central_block">central_block</a></td><td>Central blokade</td><td>Central blokade</td></tr><tr><td><a href="CodeSystem-AnasthesiaService.html#AnasthesiaService-sedation">sedation</a></td><td>Sedation</td><td>Sedation</td></tr><tr><td><a href="CodeSystem-AnasthesiaService.html#AnasthesiaService-surveillance">surveillance</a></td><td>Overvågning</td><td>Overvågning</td></tr></table></li></ul></div>
  </text>
  <url value="https://kip.rkkp.dk/fhir/ValueSet/AnasthesiaService"/>
  <version value="2.9.3"/>
  <name value="AnasthesiaService"/>
  <title value="Anæstesiydelse"/>
  <status value="active"/>
  <experimental value="true"/>
  <date value="2022-06-09T00:00:00+02:00"/>
  <publisher value="Sundhedsvæsenets Kvalitetsinstitut with Trifork Digital Health A/S"/>
  <contact>
    <name value="Sundhedsvæsenets Kvalitetsinstitut with Trifork Digital Health A/S"/>
    <telecom>
      <system value="url"/>
      <value value="https://trifork.com"/>
    </telecom>
    <telecom>
      <system value="email"/>
      <value value="rbk@trifork.com"/>
    </telecom>
  </contact>
  <description value="Anæstesiydelse"/>
  <compose>
    <include>
      <system value="https://kip.rkkp.dk/fhir/CodeSystem/AnasthesiaService"/>
      <concept>
        <code value="gen_anesthesia"/>
        <display value="Generel anæstesi"/>
      </concept>
      <concept>
        <code value="gen_anesthesia_spc"/>
        <display value="Generel anæstesi efter insufficient regional anæstesi og/eller central blokade"/>
      </concept>
      <concept>
        <code value="nerve_block"/>
        <display value="Perifer nerveblokade"/>
      </concept>
      <concept>
        <code value="central_block"/>
        <display value="Central blokade"/>
      </concept>
      <concept>
        <code value="sedation"/>
        <display value="Sedation"/>
      </concept>
      <concept>
        <code value="surveillance"/>
        <display value="Overvågning"/>
      </concept>
    </include>
  </compose>
</ValueSet>