<?xml version="1.0" encoding="UTF-8"?>

<ValueSet xmlns="http://hl7.org/fhir">
  <id value="LuftvejsHaandtering"/>
  <text>
    <status value="extensions"/><div xmlns="http://www.w3.org/1999/xhtml"><p class="res-header-id"><b>Generated Narrative: ValueSet LuftvejsHaandtering</b></p><a name="LuftvejsHaandtering"> </a><a name="hcLuftvejsHaandtering"> </a><a name="LuftvejsHaandtering-en-US"> </a><ul><li>Include these codes as defined in <a href="CodeSystem-Respiration.html"><code>https://kip.rkkp.dk/fhir/CodeSystem/Respiration</code></a><table class="none"><tr><td style="white-space:nowrap"><b>Code</b></td><td><b>Display</b></td><td><b>Definition</b></td></tr><tr><td><a href="CodeSystem-Respiration.html#Respiration-spontane_resp_only">spontane_resp_only</a></td><td>KUN spontan respiration</td><td>KUN spontan respiration</td></tr><tr><td><a href="CodeSystem-Respiration.html#Respiration-mask_vent">mask_vent</a></td><td>Maskeventilation</td><td>Maskeventilation</td></tr><tr><td><a href="CodeSystem-Respiration.html#Respiration-larynx_all">larynx_all</a></td><td>Larynxmaske (alle typer)</td><td>Larynxmaske (alle typer)</td></tr><tr><td><a href="CodeSystem-Respiration.html#Respiration-intubation">intubation</a></td><td>Intubation</td><td>Intubation</td></tr><tr><td><a href="CodeSystem-Respiration.html#Respiration-tracheostomi">tracheostomi</a></td><td>Tracheostomi</td><td>Tracheostomi</td></tr><tr><td><a href="CodeSystem-Respiration.html#Respiration-is_intub_trach">is_intub_trach</a></td><td>Er intuberet/tracheostomeret</td><td>Er intuberet/tracheostomeret</td></tr></table></li></ul></div>
  </text>
  <url value="https://kip.rkkp.dk/fhir/ValueSet/LuftvejsHaandtering"/>
  <version value="2.9.3"/>
  <name value="LuftvejsHaandtering"/>
  <title value="Luftvejshåndtering"/>
  <status value="active"/>
  <experimental value="true"/>
  <date value="2022-06-01T00:00:00+02:00"/>
  <publisher value="Sundhedsvæsenets Kvalitetsinstitut with Trifork Digital Health A/S"/>
  <contact>
    <name value="Sundhedsvæsenets Kvalitetsinstitut with Trifork Digital Health A/S"/>
    <telecom>
      <system value="url"/>
      <value value="https://trifork.com"/>
    </telecom>
    <telecom>
      <system value="email"/>
      <value value="rbk@trifork.com"/>
    </telecom>
  </contact>
  <description value="Anvendte indgreb til luftvejsunderstøttelse"/>
  <compose>
    <include>
      <system value="https://kip.rkkp.dk/fhir/CodeSystem/Respiration"/>
      <concept>
        <code value="spontane_resp_only"/>
        <display value="KUN spontan respiration"/>
      </concept>
      <concept>
        <code value="mask_vent"/>
        <display value="Maskeventilation"/>
      </concept>
      <concept>
        <code value="larynx_all"/>
        <display value="Larynxmaske (alle typer)"/>
      </concept>
      <concept>
        <code value="intubation"/>
        <display value="Intubation"/>
      </concept>
      <concept>
        <code value="tracheostomi"/>
        <display value="Tracheostomi"/>
      </concept>
      <concept>
        <code value="is_intub_trach"/>
        <display value="Er intuberet/tracheostomeret"/>
      </concept>
    </include>
  </compose>
</ValueSet>