<?xml version="1.0" encoding="UTF-8"?>

<ValueSet xmlns="http://hl7.org/fhir">
  <id value="HarrisHipScoreHjaelpemidler"/>
  <text>
    <status value="extensions"/><div xmlns="http://www.w3.org/1999/xhtml"><p class="res-header-id"><b>Generated Narrative: ValueSet HarrisHipScoreHjaelpemidler</b></p><a name="HarrisHipScoreHjaelpemidler"> </a><a name="hcHarrisHipScoreHjaelpemidler"> </a><a name="HarrisHipScoreHjaelpemidler-en-US"> </a><ul><li>Include these codes as defined in <a href="CodeSystem-HarrisHipScoreSupport.html"><code>https://kip.rkkp.dk/fhir/CodeSystem/HarrisHipScoreSupport</code></a><table class="none"><tr><td style="white-space:nowrap"><b>Code</b></td><td><b>Display</b></td><td><b>Definition</b></td></tr><tr><td><a href="CodeSystem-HarrisHipScoreSupport.html#HarrisHipScoreSupport-11">11</a></td><td>Ingen</td><td>None (11)</td></tr><tr><td><a href="CodeSystem-HarrisHipScoreSupport.html#HarrisHipScoreSupport-7">7</a></td><td>Én stok ved lange ture</td><td>Cane/Walking stick for long walks (7)</td></tr><tr><td><a href="CodeSystem-HarrisHipScoreSupport.html#HarrisHipScoreSupport-5">5</a></td><td>Næsten altid én stok</td><td>Cane/Walking stick most of the time (5)</td></tr><tr><td><a href="CodeSystem-HarrisHipScoreSupport.html#HarrisHipScoreSupport-3">3</a></td><td>Én albue-/aksilkrykke</td><td>One crutch (3)</td></tr><tr><td><a href="CodeSystem-HarrisHipScoreSupport.html#HarrisHipScoreSupport-2">2</a></td><td>To stokke</td><td>Two Canes/Walking sticks (2)</td></tr><tr><td><a href="CodeSystem-HarrisHipScoreSupport.html#HarrisHipScoreSupport-0">0</a></td><td>To albue-/aksilkrykker eller rollator</td><td>Two crutches, walker or not able to walk (0)</td></tr></table></li></ul></div>
  </text>
  <url value="https://kip.rkkp.dk/fhir/ValueSet/HarrisHipScoreHjaelpemidler"/>
  <version value="2.9.3"/>
  <name value="HarrisHipScoreHjaelpemidler"/>
  <title value="Harris Hip Score - Hjælpemidler"/>
  <status value="active"/>
  <experimental value="true"/>
  <date value="2022-11-15T00:00:00+02:00"/>
  <publisher value="Sundhedsvæsenets Kvalitetsinstitut with Trifork Digital Health A/S"/>
  <contact>
    <name value="Sundhedsvæsenets Kvalitetsinstitut with Trifork Digital Health A/S"/>
    <telecom>
      <system value="url"/>
      <value value="https://trifork.com"/>
    </telecom>
    <telecom>
      <system value="email"/>
      <value value="rbk@trifork.com"/>
    </telecom>
  </contact>
  <description value="Harris Hip Score - Hjælpemidler"/>
  <compose>
    <include>
      <system value="https://kip.rkkp.dk/fhir/CodeSystem/HarrisHipScoreSupport"/>
      <concept>
        <code value="11"/>
        <display value="Ingen"/>
      </concept>
      <concept>
        <code value="7"/>
        <display value="Én stok ved lange ture"/>
      </concept>
      <concept>
        <code value="5"/>
        <display value="Næsten altid én stok"/>
      </concept>
      <concept>
        <code value="3"/>
        <display value="Én albue-/aksilkrykke"/>
      </concept>
      <concept>
        <code value="2"/>
        <display value="To stokke"/>
      </concept>
      <concept>
        <code value="0"/>
        <display value="To albue-/aksilkrykker eller rollator"/>
      </concept>
    </include>
  </compose>
</ValueSet>