<?xml version="1.0" encoding="UTF-8"?>

<ValueSet xmlns="http://hl7.org/fhir">
  <id value="InterventionsgruppeTransplantDNSL"/>
  <text>
    <status value="extensions"/><div xmlns="http://www.w3.org/1999/xhtml"><p class="res-header-id"><b>Generated Narrative: ValueSet InterventionsgruppeTransplantDNSL</b></p><a name="InterventionsgruppeTransplantDNSL"> </a><a name="hcInterventionsgruppeTransplantDNSL"> </a><a name="InterventionsgruppeTransplantDNSL-en-US"> </a><ul><li>Include these codes as defined in <a href="CodeSystem-Interventionsgruppe.html"><code>https://kip.rkkp.dk/fhir/CodeSystem/Interventionsgruppe</code></a><table class="none"><tr><td style="white-space:nowrap"><b>Code</b></td><td><b>Display</b></td><td><b>Definition</b></td></tr><tr><td><a href="CodeSystem-Interventionsgruppe.html#Interventionsgruppe-610">610</a></td><td>Transplantation</td><td>Transplantation</td></tr><tr><td><a href="CodeSystem-Interventionsgruppe.html#Interventionsgruppe-620">620</a></td><td>Nyrestart</td><td>Nyrestart</td></tr><tr><td><a href="CodeSystem-Interventionsgruppe.html#Interventionsgruppe-630">630</a></td><td>Rejektion</td><td>Rejektion</td></tr><tr><td><a href="CodeSystem-Interventionsgruppe.html#Interventionsgruppe-650">650</a></td><td>Grafttab</td><td>Grafttab</td></tr></table></li></ul></div>
  </text>
  <url value="https://kip.rkkp.dk/fhir/ValueSet/InterventionsgruppeTransplantDNSL"/>
  <version value="2.9.3"/>
  <name value="InterventionsgruppeTransplantDNSL"/>
  <title value="Interventionsgruppe Transplantation (DNSL)"/>
  <status value="active"/>
  <experimental value="true"/>
  <date value="2024-01-10T00:00:00+02:00"/>
  <publisher value="Sundhedsvæsenets Kvalitetsinstitut with Trifork Digital Health A/S"/>
  <contact>
    <name value="Sundhedsvæsenets Kvalitetsinstitut with Trifork Digital Health A/S"/>
    <telecom>
      <system value="url"/>
      <value value="https://trifork.com"/>
    </telecom>
    <telecom>
      <system value="email"/>
      <value value="rbk@trifork.com"/>
    </telecom>
  </contact>
  <description value="Interventionsgruppe Transplantation (DNSL)"/>
  <compose>
    <include>
      <system value="https://kip.rkkp.dk/fhir/CodeSystem/Interventionsgruppe"/>
      <concept>
        <code value="610"/>
        <display value="Transplantation"/>
      </concept>
      <concept>
        <code value="620"/>
        <display value="Nyrestart"/>
      </concept>
      <concept>
        <code value="630"/>
        <display value="Rejektion"/>
      </concept>
      <concept>
        <code value="650"/>
        <display value="Grafttab"/>
      </concept>
    </include>
  </compose>
</ValueSet>