<?xml version="1.0" encoding="UTF-8"?>

<ValueSet xmlns="http://hl7.org/fhir">
  <id value="KomponentFemurDHR"/>
  <text>
    <status value="extensions"/><div xmlns="http://www.w3.org/1999/xhtml"><p class="res-header-id"><b>Generated Narrative: ValueSet KomponentFemurDHR</b></p><a name="KomponentFemurDHR"> </a><a name="hcKomponentFemurDHR"> </a><a name="KomponentFemurDHR-en-US"> </a><p>This value set includes codes based on the following rules:</p><ul><li>Include these codes as defined in <a href="CodeSystem-HipJointArthroplastyComponent.html"><code>https://kip.rkkp.dk/fhir/CodeSystem/HipJointArthroplastyComponent</code></a><table class="none"><tr><td style="white-space:nowrap"><b>Code</b></td><td><b>Display</b></td><td><b>Definition</b></td></tr><tr><td><a href="CodeSystem-HipJointArthroplastyComponent.html#HipJointArthroplastyComponent-depuy_corail_collar">depuy_corail_collar</a></td><td>DePuy: Corail m/krave</td><td>DePuy: Corail m/krave</td></tr><tr><td><a href="CodeSystem-HipJointArthroplastyComponent.html#HipJointArthroplastyComponent-depuy_corail_without_collar">depuy_corail_without_collar</a></td><td>DePuy: Corail u/krave</td><td>DePuy: Corail u/krave</td></tr><tr><td><a href="CodeSystem-HipJointArthroplastyComponent.html#HipJointArthroplastyComponent-depuy_corail_revision_stem">depuy_corail_revision_stem</a></td><td>DePuy: Corail Revision Stem - KAR</td><td>DePuy: Corail Revision Stem - KAR</td></tr><tr><td><a href="CodeSystem-HipJointArthroplastyComponent.html#HipJointArthroplastyComponent-depuy_c_stem_amt">depuy_c_stem_amt</a></td><td>DePuy: C-stem AMT</td><td>DePuy: C-stem AMT</td></tr><tr><td><a href="CodeSystem-HipJointArthroplastyComponent.html#HipJointArthroplastyComponent-depuy_summit">depuy_summit</a></td><td>DePuy: Summit</td><td>DePuy: Summit</td></tr><tr><td><a href="CodeSystem-HipJointArthroplastyComponent.html#HipJointArthroplastyComponent-implantcast_mutars_proximal_femoral_replacement">implantcast_mutars_proximal_femoral_replacement</a></td><td>Implantcast: Mutars proksimal femoral replacement</td><td>Implantcast: Mutars proksimal femoral replacement</td></tr><tr><td><a href="CodeSystem-HipJointArthroplastyComponent.html#HipJointArthroplastyComponent-lima_h_max_lateralized">lima_h_max_lateralized</a></td><td>Lima: H-MAX: Lateralized</td><td>Lima: H-MAX: Lateralized</td></tr><tr><td><a href="CodeSystem-HipJointArthroplastyComponent.html#HipJointArthroplastyComponent-lima_h_max_standard">lima_h_max_standard</a></td><td>Lima: H-MAX: Standard</td><td>Lima: H-MAX: Standard</td></tr><tr><td><a href="CodeSystem-HipJointArthroplastyComponent.html#HipJointArthroplastyComponent-link_link_mp">link_link_mp</a></td><td>Link: Link MP</td><td>Link: Link MP</td></tr><tr><td><a href="CodeSystem-HipJointArthroplastyComponent.html#HipJointArthroplastyComponent-link_lubinus_sp_ii">link_lubinus_sp_ii</a></td><td>Link: Lubinus SP II</td><td>Link: Lubinus SP II</td></tr><tr><td><a href="CodeSystem-HipJointArthroplastyComponent.html#HipJointArthroplastyComponent-peter_brehm_gmbh_mrp_titan">peter_brehm_gmbh_mrp_titan</a></td><td>Peter Brehm GmbH: MRP-Titan</td><td>Peter Brehm GmbH: MRP-Titan </td></tr><tr><td><a href="CodeSystem-HipJointArthroplastyComponent.html#HipJointArthroplastyComponent-smith.38nephew_bhr">smith&amp;nephew_bhr</a></td><td>Smith &amp; Nephew: BHR</td><td>Smith &amp; Nephew: BHR (Acetabulum + Femur)</td></tr><tr><td><a href="CodeSystem-HipJointArthroplastyComponent.html#HipJointArthroplastyComponent-smith.38nephew_polarstem">smith&amp;nephew_polarstem</a></td><td>Smith &amp; Nephew: Polarstem</td><td>Smith &amp; Nephew: Polarstem</td></tr><tr><td><a href="CodeSystem-HipJointArthroplastyComponent.html#HipJointArthroplastyComponent-stryker_acolade_ii">stryker_acolade_ii</a></td><td>Stryker: Accolade II </td><td>Stryker: Accolade II </td></tr><tr><td><a href="CodeSystem-HipJointArthroplastyComponent.html#HipJointArthroplastyComponent-stryker_exeter_primary_v40">stryker_exeter_primary_v40</a></td><td>Stryker: Exeter Primary V40</td><td>Stryker: Exeter Primary V40</td></tr><tr><td><a href="CodeSystem-HipJointArthroplastyComponent.html#HipJointArthroplastyComponent-stryker_gmrs_proximal_femoral_component">stryker_gmrs_proximal_femoral_component</a></td><td>Stryker: GMRS Proximal Femoral Component</td><td>Stryker: GMRS Proximal Femoral Component</td></tr><tr><td><a href="CodeSystem-HipJointArthroplastyComponent.html#HipJointArthroplastyComponent-stryker_restoration_modular">stryker_restoration_modular</a></td><td>Stryker: Restoration modular</td><td>Stryker: Restoration modular</td></tr><tr><td><a href="CodeSystem-HipJointArthroplastyComponent.html#HipJointArthroplastyComponent-viking_medical_cfp">viking_medical_cfp</a></td><td>Viking Medical: C.F.P.</td><td>Viking Medical: C.F.P.</td></tr><tr><td><a href="CodeSystem-HipJointArthroplastyComponent.html#HipJointArthroplastyComponent-zimmer_biomet_arcos_revision">zimmer_biomet_arcos_revision</a></td><td>Zimmer Biomet: Arcos revision</td><td>Zimmer Biomet: Arcos revision</td></tr><tr><td><a href="CodeSystem-HipJointArthroplastyComponent.html#HipJointArthroplastyComponent-zimmer_biomet_avenir_cemented_stem">zimmer_biomet_avenir_cemented_stem</a></td><td>Zimmer Biomet: Avenir cemented stem</td><td>Zimmer Biomet: Avenir cemented stem</td></tr><tr><td><a href="CodeSystem-HipJointArthroplastyComponent.html#HipJointArthroplastyComponent-zimmer_biomet_avenir_cementless_stem">zimmer_biomet_avenir_cementless_stem</a></td><td>Zimmer Biomet: Avenir cementless stem </td><td>Zimmer Biomet: Avenir cementless stem</td></tr><tr><td><a href="CodeSystem-HipJointArthroplastyComponent.html#HipJointArthroplastyComponent-zimmer_biomet_avenir_complete">zimmer_biomet_avenir_complete</a></td><td>Zimmer Biomet: Avenir complete</td><td>Zimmer Biomet: Avenir complete</td></tr><tr><td><a href="CodeSystem-HipJointArthroplastyComponent.html#HipJointArthroplastyComponent-zimmer_biomet_bimetrix_without_collar_chrome_cobalt">zimmer_biomet_bimetrix_without_collar_chrome_cobalt</a></td><td>Zimmer Biomet: Bimetric u/krave chrom/cobolt</td><td>Zimmer Biomet: Bimetric u/krave chrom/cobolt</td></tr><tr><td><a href="CodeSystem-HipJointArthroplastyComponent.html#HipJointArthroplastyComponent-zimmer_biomet_bimetric_without_collar_titaneum">zimmer_biomet_bimetric_without_collar_titaneum</a></td><td>Zimmer Biomet: Bimetric u/krave titaneum</td><td>Zimmer Biomet: Bimetric u/krave titaneum</td></tr><tr><td><a href="CodeSystem-HipJointArthroplastyComponent.html#HipJointArthroplastyComponent-zimmer_biomet_cls_spotorno">zimmer_biomet_cls_spotorno</a></td><td>Zimmer Biomet: CLS Spotorno</td><td>Zimmer Biomet: CLS Spotorno</td></tr><tr><td><a href="CodeSystem-HipJointArthroplastyComponent.html#HipJointArthroplastyComponent-zimmer_biomet_cpt">zimmer_biomet_cpt</a></td><td>Zimmer Biomet: CPT</td><td>Zimmer Biomet: CPT</td></tr><tr><td><a href="CodeSystem-HipJointArthroplastyComponent.html#HipJointArthroplastyComponent-zimmer_biomet_echo_bi_metric_hip_stem_full_proximal_profile">zimmer_biomet_echo_bi_metric_hip_stem_full_proximal_profile</a></td><td>Zimmer Biomet: Echo Bi-metric Hip Stem Full Proximal Profile</td><td>Zimmer Biomet: Echo Bi-metric Hip Stem Full Proximal Profile</td></tr><tr><td><a href="CodeSystem-HipJointArthroplastyComponent.html#HipJointArthroplastyComponent-zimmer_biomet_echo_bi_metric_reduced_proximal_profile">zimmer_biomet_echo_bi_metric_reduced_proximal_profile</a></td><td>Zimmer Biomet: Echo Bi-Metric Reduceret Proximal Profil</td><td>Zimmer Biomet: Echo Bi-Metric Reduceret Proximal Profil</td></tr><tr><td><a href="CodeSystem-HipJointArthroplastyComponent.html#HipJointArthroplastyComponent-zimmer_biomet_fitmore">zimmer_biomet_fitmore</a></td><td>Zimmer Biomet: Fitmore</td><td>Zimmer Biomet: Fitmore</td></tr><tr><td><a href="CodeSystem-HipJointArthroplastyComponent.html#HipJointArthroplastyComponent-zimmer_biomet_ms_30">zimmer_biomet_ms_30</a></td><td>Zimmer Biomet: MS-30</td><td>Zimmer Biomet: MS-30</td></tr><tr><td><a href="CodeSystem-HipJointArthroplastyComponent.html#HipJointArthroplastyComponent-zimmer_biomet_revitan_revision_hip_system">zimmer_biomet_revitan_revision_hip_system</a></td><td>Zimmer Biomet: Revitan Revision Hip System</td><td>Zimmer Biomet: Revitan Revision Hip System</td></tr><tr><td><a href="CodeSystem-HipJointArthroplastyComponent.html#HipJointArthroplastyComponent-zimmer_biomet_taperloc">zimmer_biomet_taperloc</a></td><td>Zimmer Biomet: Taperloc</td><td>Zimmer Biomet: Taperloc</td></tr><tr><td><a href="CodeSystem-HipJointArthroplastyComponent.html#HipJointArthroplastyComponent-zimmer_biomet_wagner_cone">zimmer_biomet_wagner_cone</a></td><td>Zimmer Biomet: Wagner Cone</td><td>Zimmer Biomet: Wagner Cone</td></tr><tr><td><a href="CodeSystem-HipJointArthroplastyComponent.html#HipJointArthroplastyComponent-zimmer_biomet_wagner_sl">zimmer_biomet_wagner_sl</a></td><td>Zimmer Biomet: Wagner SL</td><td>Zimmer Biomet: Wagner SL</td></tr><tr><td><a href="CodeSystem-HipJointArthroplastyComponent.html#HipJointArthroplastyComponent-zimmer_biomet_zmr_porous_coated">zimmer_biomet_zmr_porous_coated</a></td><td>Zimmer Biomet: ZMR porous-coated</td><td>Zimmer Biomet: ZMR porous-coated</td></tr><tr><td><a href="CodeSystem-HipJointArthroplastyComponent.html#HipJointArthroplastyComponent-zimmer_biomet_zmr_splined">zimmer_biomet_zmr_splined</a></td><td>Zimmer Biomet: ZMR splined</td><td>Zimmer Biomet: ZMR splined</td></tr><tr><td><a href="CodeSystem-HipJointArthroplastyComponent.html#HipJointArthroplastyComponent-zimmer_biomet_zmr_taper">zimmer_biomet_zmr_taper</a></td><td>Zimmer Biomet: ZMR Taper</td><td>Zimmer Biomet: ZMR Taper</td></tr><tr><td><a href="CodeSystem-HipJointArthroplastyComponent.html#HipJointArthroplastyComponent-zimmer_biomet_zmr_taper_xl">zimmer_biomet_zmr_taper_xl</a></td><td>Zimmer Biomet: ZMR Taper XL</td><td>Zimmer Biomet: ZMR Taper XL</td></tr></table></li><li>Include these codes as defined in <a href="CodeSystem-GenericValues.html"><code>https://kip.rkkp.dk/fhir/CodeSystem/GenericValues</code></a><table class="none"><tr><td style="white-space:nowrap"><b>Code</b></td><td><b>Display</b></td><td><b>Definition</b></td></tr><tr><td><a href="CodeSystem-GenericValues.html#GenericValues-custom">custom</a></td><td>Custom made</td><td>Custom made</td></tr><tr><td><a href="CodeSystem-GenericValues.html#GenericValues-other">other</a></td><td>Anden komponent</td><td>Other - used to choose unspecific value not in a valueset</td></tr></table></li></ul></div>
  </text>
  <url value="https://kip.rkkp.dk/fhir/ValueSet/KomponentFemurDHR"/>
  <version value="2.9.3"/>
  <name value="KomponentFemurDHR"/>
  <title value="Komponent - femur (DHR)"/>
  <status value="active"/>
  <experimental value="true"/>
  <date value="2022-11-16T00:00:00+02:00"/>
  <publisher value="Sundhedsvæsenets Kvalitetsinstitut with Trifork Digital Health A/S"/>
  <contact>
    <name value="Sundhedsvæsenets Kvalitetsinstitut with Trifork Digital Health A/S"/>
    <telecom>
      <system value="url"/>
      <value value="https://trifork.com"/>
    </telecom>
    <telecom>
      <system value="email"/>
      <value value="rbk@trifork.com"/>
    </telecom>
  </contact>
  <description value="Komponent - femur (DHR)"/>
  <compose>
    <include>
      <system value="https://kip.rkkp.dk/fhir/CodeSystem/HipJointArthroplastyComponent"/>
      <concept>
        <code value="depuy_corail_collar"/>
        <display value="DePuy: Corail m/krave"/>
      </concept>
      <concept>
        <code value="depuy_corail_without_collar"/>
        <display value="DePuy: Corail u/krave"/>
      </concept>
      <concept>
        <code value="depuy_corail_revision_stem"/>
        <display value="DePuy: Corail Revision Stem - KAR"/>
      </concept>
      <concept>
        <code value="depuy_c_stem_amt"/>
        <display value="DePuy: C-stem AMT"/>
      </concept>
      <concept>
        <code value="depuy_summit"/>
        <display value="DePuy: Summit"/>
      </concept>
      <concept>
        <code value="implantcast_mutars_proximal_femoral_replacement"/>
        <display value="Implantcast: Mutars proksimal femoral replacement"/>
      </concept>
      <concept>
        <code value="lima_h_max_lateralized"/>
        <display value="Lima: H-MAX: Lateralized"/>
      </concept>
      <concept>
        <code value="lima_h_max_standard"/>
        <display value="Lima: H-MAX: Standard"/>
      </concept>
      <concept>
        <code value="link_link_mp"/>
        <display value="Link: Link MP"/>
      </concept>
      <concept>
        <code value="link_lubinus_sp_ii"/>
        <display value="Link: Lubinus SP II"/>
      </concept>
      <concept>
        <code value="peter_brehm_gmbh_mrp_titan"/>
        <display value="Peter Brehm GmbH: MRP-Titan"/>
      </concept>
      <concept>
        <code value="smith&amp;nephew_bhr"/>
        <display value="Smith &amp; Nephew: BHR"/>
      </concept>
      <concept>
        <code value="smith&amp;nephew_polarstem"/>
        <display value="Smith &amp; Nephew: Polarstem"/>
      </concept>
      <concept>
        <code value="stryker_acolade_ii"/>
        <display value="Stryker: Accolade II "/>
      </concept>
      <concept>
        <code value="stryker_exeter_primary_v40"/>
        <display value="Stryker: Exeter Primary V40"/>
      </concept>
      <concept>
        <code value="stryker_gmrs_proximal_femoral_component"/>
        <display value="Stryker: GMRS Proximal Femoral Component"/>
      </concept>
      <concept>
        <code value="stryker_restoration_modular"/>
        <display value="Stryker: Restoration modular"/>
      </concept>
      <concept>
        <code value="viking_medical_cfp"/>
        <display value="Viking Medical: C.F.P."/>
      </concept>
      <concept>
        <code value="zimmer_biomet_arcos_revision"/>
        <display value="Zimmer Biomet: Arcos revision"/>
      </concept>
      <concept>
        <code value="zimmer_biomet_avenir_cemented_stem"/>
        <display value="Zimmer Biomet: Avenir cemented stem"/>
      </concept>
      <concept>
        <code value="zimmer_biomet_avenir_cementless_stem"/>
        <display value="Zimmer Biomet: Avenir cementless stem "/>
      </concept>
      <concept>
        <code value="zimmer_biomet_avenir_complete"/>
        <display value="Zimmer Biomet: Avenir complete"/>
      </concept>
      <concept>
        <code value="zimmer_biomet_bimetrix_without_collar_chrome_cobalt"/>
        <display value="Zimmer Biomet: Bimetric u/krave chrom/cobolt"/>
      </concept>
      <concept>
        <code value="zimmer_biomet_bimetric_without_collar_titaneum"/>
        <display value="Zimmer Biomet: Bimetric u/krave titaneum"/>
      </concept>
      <concept>
        <code value="zimmer_biomet_cls_spotorno"/>
        <display value="Zimmer Biomet: CLS Spotorno"/>
      </concept>
      <concept>
        <code value="zimmer_biomet_cpt"/>
        <display value="Zimmer Biomet: CPT"/>
      </concept>
      <concept>
        <code value="zimmer_biomet_echo_bi_metric_hip_stem_full_proximal_profile"/>
        <display value="Zimmer Biomet: Echo Bi-metric Hip Stem Full Proximal Profile"/>
      </concept>
      <concept>
        <code value="zimmer_biomet_echo_bi_metric_reduced_proximal_profile"/>
        <display value="Zimmer Biomet: Echo Bi-Metric Reduceret Proximal Profil"/>
      </concept>
      <concept>
        <code value="zimmer_biomet_fitmore"/>
        <display value="Zimmer Biomet: Fitmore"/>
      </concept>
      <concept>
        <code value="zimmer_biomet_ms_30"/>
        <display value="Zimmer Biomet: MS-30"/>
      </concept>
      <concept>
        <code value="zimmer_biomet_revitan_revision_hip_system"/>
        <display value="Zimmer Biomet: Revitan Revision Hip System"/>
      </concept>
      <concept>
        <code value="zimmer_biomet_taperloc"/>
        <display value="Zimmer Biomet: Taperloc"/>
      </concept>
      <concept>
        <code value="zimmer_biomet_wagner_cone"/>
        <display value="Zimmer Biomet: Wagner Cone"/>
      </concept>
      <concept>
        <code value="zimmer_biomet_wagner_sl"/>
        <display value="Zimmer Biomet: Wagner SL"/>
      </concept>
      <concept>
        <code value="zimmer_biomet_zmr_porous_coated"/>
        <display value="Zimmer Biomet: ZMR porous-coated"/>
      </concept>
      <concept>
        <code value="zimmer_biomet_zmr_splined"/>
        <display value="Zimmer Biomet: ZMR splined"/>
      </concept>
      <concept>
        <code value="zimmer_biomet_zmr_taper"/>
        <display value="Zimmer Biomet: ZMR Taper"/>
      </concept>
      <concept>
        <code value="zimmer_biomet_zmr_taper_xl"/>
        <display value="Zimmer Biomet: ZMR Taper XL"/>
      </concept>
    </include>
    <include>
      <system value="https://kip.rkkp.dk/fhir/CodeSystem/GenericValues"/>
      <concept>
        <code value="custom"/>
        <display value="Custom made"/>
      </concept>
      <concept>
        <code value="other"/>
        <display value="Anden komponent"/>
      </concept>
    </include>
  </compose>
</ValueSet>