<?xml version="1.0" encoding="UTF-8"?>

<ValueSet xmlns="http://hl7.org/fhir">
  <id value="Maengder"/>
  <text>
    <status value="extensions"/><div xmlns="http://www.w3.org/1999/xhtml"><p class="res-header-id"><b>Generated Narrative: ValueSet Maengder</b></p><a name="Maengder"> </a><a name="hcMaengder"> </a><a name="Maengder-en-US"> </a><ul><li>Include these codes as defined in <a href="CodeSystem-Maengde.html"><code>https://kip.rkkp.dk/fhir/CodeSystem/Maengde</code></a><table class="none"><tr><td style="white-space:nowrap"><b>Code</b></td><td><b>Display</b></td><td><b>Definition</b></td></tr><tr><td><a href="CodeSystem-Maengde.html#Maengde-ingen">ingen</a></td><td>Ingen</td><td>Ingen</td></tr><tr><td><a href="CodeSystem-Maengde.html#Maengde-lille">lille</a></td><td>En lille mængde</td><td>Lille mængde</td></tr><tr><td><a href="CodeSystem-Maengde.html#Maengde-moderat">moderat</a></td><td>En moderat mængde</td><td>Moderat mængde</td></tr><tr><td><a href="CodeSystem-Maengde.html#Maengde-stor">stor</a></td><td>En stor mængde</td><td>Stor mængde</td></tr></table></li></ul></div>
  </text>
  <url value="https://kip.rkkp.dk/fhir/ValueSet/Maengder"/>
  <version value="2.9.3"/>
  <name value="Maengder"/>
  <title value="Mængder"/>
  <status value="active"/>
  <experimental value="true"/>
  <date value="2023-02-13T00:00:00+02:00"/>
  <publisher value="Sundhedsvæsenets Kvalitetsinstitut with Trifork Digital Health A/S"/>
  <contact>
    <name value="Sundhedsvæsenets Kvalitetsinstitut with Trifork Digital Health A/S"/>
    <telecom>
      <system value="url"/>
      <value value="https://trifork.com"/>
    </telecom>
    <telecom>
      <system value="email"/>
      <value value="rbk@trifork.com"/>
    </telecom>
  </contact>
  <description value="Angivelse af mængder"/>
  <compose>
    <include>
      <system value="https://kip.rkkp.dk/fhir/CodeSystem/Maengde"/>
      <concept>
        <code value="ingen"/>
        <display value="Ingen"/>
      </concept>
      <concept>
        <code value="lille"/>
        <display value="En lille mængde"/>
      </concept>
      <concept>
        <code value="moderat"/>
        <display value="En moderat mængde"/>
      </concept>
      <concept>
        <code value="stor"/>
        <display value="En stor mængde"/>
      </concept>
    </include>
  </compose>
</ValueSet>