{
  "resourceType" : "CodeSystem",
  "id" : "NIHSS1cLOC",
  "text" : {
    "status" : "generated",
    "div" : "<div xmlns=\"http://www.w3.org/1999/xhtml\"><p class=\"res-header-id\"><b>Generated Narrative: CodeSystem NIHSS1cLOC</b></p><a name=\"NIHSS1cLOC\"> </a><a name=\"hcNIHSS1cLOC\"> </a><a name=\"NIHSS1cLOC-en-US\"> </a><p>This  code system <code>https://kip.rkkp.dk/fhir/CodeSystem/NIHSS1cLOC</code> defines the following codes:</p><table class=\"codes\"><tr><td style=\"white-space:nowrap\"><b>Code</b></td><td><b>Definition</b></td></tr><tr><td style=\"white-space:nowrap\">0<a name=\"NIHSS1cLOC-0\"> </a></td><td>Performs both tasks correctly.</td></tr><tr><td style=\"white-space:nowrap\">1<a name=\"NIHSS1cLOC-1\"> </a></td><td>Performs one task correctly.</td></tr><tr><td style=\"white-space:nowrap\">2<a name=\"NIHSS1cLOC-2\"> </a></td><td>Performs neither task correctly.</td></tr></table></div>"
  },
  "url" : "https://kip.rkkp.dk/fhir/CodeSystem/NIHSS1cLOC",
  "version" : "2.9.3",
  "name" : "NIHSS1cLOC",
  "title" : "The National Institute of Health Stroke Scale (NIHSS) - 1c. Level of Consciousness: Commands",
  "status" : "active",
  "date" : "2022-06-23T00:00:00+02:00",
  "publisher" : "Sundhedsvæsenets Kvalitetsinstitut with Trifork Digital Health A/S",
  "contact" : [{
    "name" : "Sundhedsvæsenets Kvalitetsinstitut with Trifork Digital Health A/S",
    "telecom" : [{
      "system" : "url",
      "value" : "https://trifork.com"
    },
    {
      "system" : "email",
      "value" : "rbk@trifork.com"
    }]
  }],
  "description" : "The National Institute of Health Stroke Scale (NIHSS) - 1c. Level of Consciousness: Commands; Link: https://www.ninds.nih.gov/stroke-scales-and-related-information",
  "content" : "complete",
  "count" : 3,
  "concept" : [{
    "code" : "0",
    "display" : "0",
    "definition" : "Performs both tasks correctly."
  },
  {
    "code" : "1",
    "display" : "1",
    "definition" : "Performs one task correctly."
  },
  {
    "code" : "2",
    "display" : "2",
    "definition" : "Performs neither task correctly."
  }]
}