{
  "resourceType" : "CodeSystem",
  "id" : "OperationCanal",
  "text" : {
    "status" : "generated",
    "div" : "<div xmlns=\"http://www.w3.org/1999/xhtml\"><p class=\"res-header-id\"><b>Generated Narrative: CodeSystem OperationCanal</b></p><a name=\"OperationCanal\"> </a><a name=\"hcOperationCanal\"> </a><a name=\"OperationCanal-en-US\"> </a><p>This case-insensitive code system <code>https://kip.rkkp.dk/fhir/CodeSystem/OperationCanal</code> defines the following codes:</p><table class=\"codes\"><tr><td style=\"white-space:nowrap\"><b>Code</b></td><td><b>Display</b></td><td><b>Definition</b></td></tr><tr><td style=\"white-space:nowrap\">1_canal<a name=\"OperationCanal-1_canal\"> </a></td><td>1 canal</td><td>1 canal / 1 kanal</td></tr><tr><td style=\"white-space:nowrap\">2_canals<a name=\"OperationCanal-2_canals\"> </a></td><td>2 canals</td><td>2 canals / 2 kanaler</td></tr><tr><td style=\"white-space:nowrap\">transtibial<a name=\"OperationCanal-transtibial\"> </a></td><td>Transtibial</td><td>Transtibial</td></tr><tr><td style=\"white-space:nowrap\">anatomical<a name=\"OperationCanal-anatomical\"> </a></td><td>Anatomical</td><td>Anatomical / Anatomisk</td></tr></table></div>"
  },
  "url" : "https://kip.rkkp.dk/fhir/CodeSystem/OperationCanal",
  "version" : "2.9.3",
  "name" : "OperationCanal",
  "title" : "Operation canal",
  "status" : "active",
  "date" : "2022-09-15T00:00:00+02:00",
  "publisher" : "Sundhedsvæsenets Kvalitetsinstitut with Trifork Digital Health A/S",
  "contact" : [{
    "name" : "Sundhedsvæsenets Kvalitetsinstitut with Trifork Digital Health A/S",
    "telecom" : [{
      "system" : "url",
      "value" : "https://trifork.com"
    },
    {
      "system" : "email",
      "value" : "rbk@trifork.com"
    }]
  }],
  "description" : "Operation canal",
  "caseSensitive" : false,
  "content" : "complete",
  "count" : 4,
  "concept" : [{
    "code" : "1_canal",
    "display" : "1 canal",
    "definition" : "1 canal / 1 kanal"
  },
  {
    "code" : "2_canals",
    "display" : "2 canals",
    "definition" : "2 canals / 2 kanaler"
  },
  {
    "code" : "transtibial",
    "display" : "Transtibial",
    "definition" : "Transtibial"
  },
  {
    "code" : "anatomical",
    "display" : "Anatomical",
    "definition" : "Anatomical / Anatomisk"
  }]
}