{
  "resourceType" : "CodeSystem",
  "id" : "UndersoegelsesTypeDUGA",
  "text" : {
    "status" : "generated",
    "div" : "<div xmlns=\"http://www.w3.org/1999/xhtml\"><p class=\"res-header-id\"><b>Generated Narrative: CodeSystem UndersoegelsesTypeDUGA</b></p><a name=\"UndersoegelsesTypeDUGA\"> </a><a name=\"hcUndersoegelsesTypeDUGA\"> </a><a name=\"UndersoegelsesTypeDUGA-en-US\"> </a><p>This case-insensitive code system <code>https://kip.rkkp.dk/fhir/CodeSystem/UndersoegelsesTypeDUGA</code> defines the following codes:</p><table class=\"codes\"><tr><td style=\"white-space:nowrap\"><b>Code</b></td><td><b>Display</b></td><td><b>Definition</b></td></tr><tr><td style=\"white-space:nowrap\">urin_inkontinens<a name=\"UndersoegelsesTypeDUGA-urin_inkontinens\"> </a></td><td>Urin inkontinens</td><td>Urin inkontinens</td></tr><tr><td style=\"white-space:nowrap\">genital_prolaps<a name=\"UndersoegelsesTypeDUGA-genital_prolaps\"> </a></td><td>Genital prolaps</td><td>Genital prolaps</td></tr></table></div>"
  },
  "url" : "https://kip.rkkp.dk/fhir/CodeSystem/UndersoegelsesTypeDUGA",
  "version" : "2.9.3",
  "name" : "UndersoegelsesTypeDUGA",
  "title" : "Undersøgelsestype (DUGA)",
  "status" : "active",
  "date" : "2024-03-06T00:00:00+02:00",
  "publisher" : "Sundhedsvæsenets Kvalitetsinstitut with Trifork Digital Health A/S",
  "contact" : [{
    "name" : "Sundhedsvæsenets Kvalitetsinstitut with Trifork Digital Health A/S",
    "telecom" : [{
      "system" : "url",
      "value" : "https://trifork.com"
    },
    {
      "system" : "email",
      "value" : "rbk@trifork.com"
    }]
  }],
  "description" : "Undersøgelsestype (DUGA)",
  "caseSensitive" : false,
  "content" : "complete",
  "count" : 2,
  "concept" : [{
    "code" : "urin_inkontinens",
    "display" : "Urin inkontinens",
    "definition" : "Urin inkontinens"
  },
  {
    "code" : "genital_prolaps",
    "display" : "Genital prolaps",
    "definition" : "Genital prolaps"
  }]
}