{
  "resourceType" : "CodeSystem",
  "id" : "DefibrilleringAnalyse",
  "text" : {
    "status" : "generated",
    "div" : "<div xmlns=\"http://www.w3.org/1999/xhtml\"><p class=\"res-header-id\"><b>Generated Narrative: CodeSystem DefibrilleringAnalyse</b></p><a name=\"DefibrilleringAnalyse\"> </a><a name=\"hcDefibrilleringAnalyse\"> </a><a name=\"DefibrilleringAnalyse-en-US\"> </a><p>This  code system <code>https://kip.rkkp.dk/fhir/CodeSystem/DefibrilleringAnalyse</code> defines the following codes:</p><table class=\"codes\"><tr><td style=\"white-space:nowrap\"><b>Code</b></td><td><b>Display</b></td><td><b>Definition</b></td></tr><tr><td style=\"white-space:nowrap\">aed<a name=\"DefibrilleringAnalyse-aed\"> </a></td><td>AED</td><td>AED</td></tr><tr><td style=\"white-space:nowrap\">ekg<a name=\"DefibrilleringAnalyse-ekg\"> </a></td><td>Anden EKG-monitorering</td><td>Anden EKG-monitorering</td></tr><tr><td style=\"white-space:nowrap\">ingen_defibr<a name=\"DefibrilleringAnalyse-ingen_defibr\"> </a></td><td>Ingen defibrillering</td><td>Ingen defibrillering</td></tr><tr><td style=\"white-space:nowrap\">man_defibr<a name=\"DefibrilleringAnalyse-man_defibr\"> </a></td><td>Manuel defibrillering</td><td>Manuel defibrillering</td></tr><tr><td style=\"white-space:nowrap\">andet<a name=\"DefibrilleringAnalyse-andet\"> </a></td><td>Andet</td><td>Andet</td></tr></table></div>"
  },
  "url" : "https://kip.rkkp.dk/fhir/CodeSystem/DefibrilleringAnalyse",
  "version" : "2.9.3",
  "name" : "DefibrilleringAnalyse",
  "title" : "Defibrillering_Analyse",
  "status" : "active",
  "date" : "2022-06-29T00:00:00+02:00",
  "publisher" : "Sundhedsvæsenets Kvalitetsinstitut with Trifork Digital Health A/S",
  "contact" : [{
    "name" : "Sundhedsvæsenets Kvalitetsinstitut with Trifork Digital Health A/S",
    "telecom" : [{
      "system" : "url",
      "value" : "https://trifork.com"
    },
    {
      "system" : "email",
      "value" : "rbk@trifork.com"
    }]
  }],
  "description" : "Metode til analyse/defibrillering af hjerterytme",
  "content" : "complete",
  "count" : 5,
  "concept" : [{
    "code" : "aed",
    "display" : "AED",
    "definition" : "AED"
  },
  {
    "code" : "ekg",
    "display" : "Anden EKG-monitorering",
    "definition" : "Anden EKG-monitorering"
  },
  {
    "code" : "ingen_defibr",
    "display" : "Ingen defibrillering",
    "definition" : "Ingen defibrillering"
  },
  {
    "code" : "man_defibr",
    "display" : "Manuel defibrillering",
    "definition" : "Manuel defibrillering"
  },
  {
    "code" : "andet",
    "display" : "Andet",
    "definition" : "Andet"
  }]
}