{
  "resourceType" : "CodeSystem",
  "id" : "KneeLoosenessGrading",
  "text" : {
    "status" : "generated",
    "div" : "<div xmlns=\"http://www.w3.org/1999/xhtml\"><p class=\"res-header-id\"><b>Generated Narrative: CodeSystem KneeLoosenessGrading</b></p><a name=\"KneeLoosenessGrading\"> </a><a name=\"hcKneeLoosenessGrading\"> </a><a name=\"KneeLoosenessGrading-en-US\"> </a><p>This case-insensitive code system <code>https://kip.rkkp.dk/fhir/CodeSystem/KneeLoosenessGrading</code> defines the following codes:</p><table class=\"codes\"><tr><td style=\"white-space:nowrap\"><b>Code</b></td><td><b>Display</b></td><td><b>Definition</b></td></tr><tr><td style=\"white-space:nowrap\">grade_0<a name=\"KneeLoosenessGrading-grade_0\"> </a></td><td>Grade 0: 0-2 mm</td><td>Grade 0: 0-2 mm</td></tr><tr><td style=\"white-space:nowrap\">grade_1<a name=\"KneeLoosenessGrading-grade_1\"> </a></td><td>Grade 1: 2-5 mm</td><td>Grade 1: 2-5 mm</td></tr><tr><td style=\"white-space:nowrap\">grade_2<a name=\"KneeLoosenessGrading-grade_2\"> </a></td><td>Grade 2: 6-10 mm</td><td>Grade 2: 6-10 mm</td></tr><tr><td style=\"white-space:nowrap\">grade_3<a name=\"KneeLoosenessGrading-grade_3\"> </a></td><td>Grade 3: &gt;10 mm</td><td>Grade 3: &gt;10 mm</td></tr><tr><td style=\"white-space:nowrap\">0-5<a name=\"KneeLoosenessGrading-0-5\"> </a></td><td>0-5 degrees</td><td>0-5 degrees / 0-5 grader</td></tr><tr><td style=\"white-space:nowrap\">6-10<a name=\"KneeLoosenessGrading-6-10\"> </a></td><td>6-10 degrees</td><td>6-10 degrees / 6-10 grader</td></tr><tr><td style=\"white-space:nowrap\">11-19<a name=\"KneeLoosenessGrading-11-19\"> </a></td><td>11-19 degrees</td><td>11-19 degrees / 11-19 grader</td></tr><tr><td style=\"white-space:nowrap\">&gt;20<a name=\"KneeLoosenessGrading-.6220\"> </a></td><td>&gt;20 degrees</td><td>&gt;20 degrees / &gt;20 grader</td></tr></table></div>"
  },
  "url" : "https://kip.rkkp.dk/fhir/CodeSystem/KneeLoosenessGrading",
  "version" : "2.9.3",
  "name" : "KneeLoosenessGrading",
  "title" : "Knee looseness grading",
  "status" : "active",
  "date" : "2022-09-15T00:00:00+02:00",
  "publisher" : "Sundhedsvæsenets Kvalitetsinstitut with Trifork Digital Health A/S",
  "contact" : [{
    "name" : "Sundhedsvæsenets Kvalitetsinstitut with Trifork Digital Health A/S",
    "telecom" : [{
      "system" : "url",
      "value" : "https://trifork.com"
    },
    {
      "system" : "email",
      "value" : "rbk@trifork.com"
    }]
  }],
  "description" : "Knee looseness grading",
  "caseSensitive" : false,
  "content" : "complete",
  "count" : 8,
  "concept" : [{
    "code" : "grade_0",
    "display" : "Grade 0: 0-2 mm",
    "definition" : "Grade 0: 0-2 mm"
  },
  {
    "code" : "grade_1",
    "display" : "Grade 1: 2-5 mm",
    "definition" : "Grade 1: 2-5 mm"
  },
  {
    "code" : "grade_2",
    "display" : "Grade 2: 6-10 mm",
    "definition" : "Grade 2: 6-10 mm"
  },
  {
    "code" : "grade_3",
    "display" : "Grade 3: >10 mm",
    "definition" : "Grade 3: >10 mm"
  },
  {
    "code" : "0-5",
    "display" : "0-5 degrees",
    "definition" : "0-5 degrees / 0-5 grader"
  },
  {
    "code" : "6-10",
    "display" : "6-10 degrees",
    "definition" : "6-10 degrees / 6-10 grader"
  },
  {
    "code" : "11-19",
    "display" : "11-19 degrees",
    "definition" : "11-19 degrees / 11-19 grader"
  },
  {
    "code" : ">20",
    "display" : ">20 degrees",
    "definition" : ">20 degrees / >20 grader"
  }]
}