{
  "resourceType" : "CodeSystem",
  "id" : "RadiologicalBoneChanges",
  "text" : {
    "status" : "generated",
    "div" : "<div xmlns=\"http://www.w3.org/1999/xhtml\"><p class=\"res-header-id\"><b>Generated Narrative: CodeSystem RadiologicalBoneChanges</b></p><a name=\"RadiologicalBoneChanges\"> </a><a name=\"hcRadiologicalBoneChanges\"> </a><a name=\"RadiologicalBoneChanges-en-US\"> </a><p>This case-insensitive code system <code>https://kip.rkkp.dk/fhir/CodeSystem/RadiologicalBoneChanges</code> defines the following codes:</p><table class=\"codes\"><tr><td style=\"white-space:nowrap\"><b>Code</b></td><td><b>Display</b></td><td><b>Definition</b></td></tr><tr><td style=\"white-space:nowrap\">none<a name=\"RadiologicalBoneChanges-none\"> </a></td><td>Ingen knogleforandringer</td><td>Ingen knogleforandringer</td></tr><tr><td style=\"white-space:nowrap\">diffuse_halisteresis<a name=\"RadiologicalBoneChanges-diffuse_halisteresis\"> </a></td><td>Diffus halisterese (som eneste forandring)</td><td>Diffus halisterese (som eneste forandring)</td></tr><tr><td style=\"white-space:nowrap\">few<a name=\"RadiologicalBoneChanges-few\"> </a></td><td>Enkelte knogleforandr. i én/enkelte region(er)</td><td>Enkelte knogleforandr. i én/enkelte region(er)</td></tr><tr><td style=\"white-space:nowrap\">multiple<a name=\"RadiologicalBoneChanges-multiple\"> </a></td><td>Multiple knogleforandr. i én/flere regioner</td><td>Multiple knogleforandr. i én/flere regioner</td></tr></table></div>"
  },
  "url" : "https://kip.rkkp.dk/fhir/CodeSystem/RadiologicalBoneChanges",
  "version" : "2.9.3",
  "name" : "RadiologicalBoneChanges",
  "title" : "Radiological bone changes - Indication of changes in bones",
  "status" : "active",
  "date" : "2022-06-07T00:00:00+02:00",
  "publisher" : "Sundhedsvæsenets Kvalitetsinstitut with Trifork Digital Health A/S",
  "contact" : [{
    "name" : "Sundhedsvæsenets Kvalitetsinstitut with Trifork Digital Health A/S",
    "telecom" : [{
      "system" : "url",
      "value" : "https://trifork.com"
    },
    {
      "system" : "email",
      "value" : "rbk@trifork.com"
    }]
  }],
  "description" : "Radiological bone changes - Indication of changes in bones",
  "caseSensitive" : false,
  "content" : "complete",
  "count" : 4,
  "concept" : [{
    "code" : "none",
    "display" : "Ingen knogleforandringer",
    "definition" : "Ingen knogleforandringer"
  },
  {
    "code" : "diffuse_halisteresis",
    "display" : "Diffus halisterese (som eneste forandring)",
    "definition" : "Diffus halisterese (som eneste forandring)"
  },
  {
    "code" : "few",
    "display" : "Enkelte knogleforandr. i én/enkelte region(er)",
    "definition" : "Enkelte knogleforandr. i én/enkelte region(er)"
  },
  {
    "code" : "multiple",
    "display" : "Multiple knogleforandr. i én/flere regioner",
    "definition" : "Multiple knogleforandr. i én/flere regioner"
  }]
}