{
  "resourceType" : "CodeSystem",
  "id" : "Faggruppe",
  "text" : {
    "status" : "generated",
    "div" : "<div xmlns=\"http://www.w3.org/1999/xhtml\"><p class=\"res-header-id\"><b>Generated Narrative: CodeSystem Faggruppe</b></p><a name=\"Faggruppe\"> </a><a name=\"hcFaggruppe\"> </a><a name=\"Faggruppe-en-US\"> </a><p>This  code system <code>https://kip.rkkp.dk/fhir/CodeSystem/Faggruppe</code> defines the following codes:</p><table class=\"codes\"><tr><td style=\"white-space:nowrap\"><b>Code</b></td><td><b>Display</b></td><td><b>Definition</b></td></tr><tr><td style=\"white-space:nowrap\">sund_pers<a name=\"Faggruppe-sund_pers\"> </a></td><td>Sundhedspersonale</td><td>Sundhedspersonale</td></tr><tr><td style=\"white-space:nowrap\">andre<a name=\"Faggruppe-andre\"> </a></td><td>Andre</td><td>Andre</td></tr></table></div>"
  },
  "url" : "https://kip.rkkp.dk/fhir/CodeSystem/Faggruppe",
  "version" : "2.9.3",
  "name" : "Faggruppe",
  "title" : "Faggruppe",
  "status" : "active",
  "date" : "2022-06-29T00:00:00+02:00",
  "publisher" : "Sundhedsvæsenets Kvalitetsinstitut with Trifork Digital Health A/S",
  "contact" : [{
    "name" : "Sundhedsvæsenets Kvalitetsinstitut with Trifork Digital Health A/S",
    "telecom" : [{
      "system" : "url",
      "value" : "https://trifork.com"
    },
    {
      "system" : "email",
      "value" : "rbk@trifork.com"
    }]
  }],
  "description" : "Faggruppe involveret i hændelser",
  "content" : "complete",
  "count" : 2,
  "concept" : [{
    "code" : "sund_pers",
    "display" : "Sundhedspersonale",
    "definition" : "Sundhedspersonale"
  },
  {
    "code" : "andre",
    "display" : "Andre",
    "definition" : "Andre"
  }]
}