{
  "resourceType" : "CodeSystem",
  "id" : "BANFF",
  "text" : {
    "status" : "generated",
    "div" : "<div xmlns=\"http://www.w3.org/1999/xhtml\"><p class=\"res-header-id\"><b>Generated Narrative: CodeSystem BANFF</b></p><a name=\"BANFF\"> </a><a name=\"hcBANFF\"> </a><a name=\"BANFF-en-US\"> </a><p>This  code system <code>https://kip.rkkp.dk/fhir/CodeSystem/BANFF</code> provides <b>a fragment</b> that includes following codes:</p><table class=\"codes\"><tr><td style=\"white-space:nowrap\"><b>Code</b></td><td><b>Display</b></td><td><b>Definition</b></td></tr><tr><td style=\"white-space:nowrap\">Borderline<a name=\"BANFF-Borderline\"> </a></td><td>Borderline</td><td>Borderline</td></tr><tr><td style=\"white-space:nowrap\">1A<a name=\"BANFF-1A\"> </a></td><td>1A</td><td>1A</td></tr><tr><td style=\"white-space:nowrap\">1B<a name=\"BANFF-1B\"> </a></td><td>1B</td><td>1B</td></tr><tr><td style=\"white-space:nowrap\">2A<a name=\"BANFF-2A\"> </a></td><td>2A</td><td>2A</td></tr><tr><td style=\"white-space:nowrap\">2B<a name=\"BANFF-2B\"> </a></td><td>2B</td><td>2B</td></tr><tr><td style=\"white-space:nowrap\">3<a name=\"BANFF-3\"> </a></td><td>3</td><td>3</td></tr><tr><td style=\"white-space:nowrap\">InsufBiopsi<a name=\"BANFF-InsufBiopsi\"> </a></td><td>Insufficient biopsi</td><td>Insufficient biopsi</td></tr><tr><td style=\"white-space:nowrap\">AntistofMedi<a name=\"BANFF-AntistofMedi\"> </a></td><td>Antistof-medieret</td><td>Antistof-medieret</td></tr></table></div>"
  },
  "url" : "https://kip.rkkp.dk/fhir/CodeSystem/BANFF",
  "version" : "2.9.3",
  "name" : "BANFF",
  "title" : "Banff Classifikation",
  "status" : "active",
  "date" : "2024-10-01T00:00:00+02:00",
  "publisher" : "Sundhedsvæsenets Kvalitetsinstitut with Trifork Digital Health A/S",
  "contact" : [{
    "name" : "Sundhedsvæsenets Kvalitetsinstitut with Trifork Digital Health A/S",
    "telecom" : [{
      "system" : "url",
      "value" : "https://trifork.com"
    },
    {
      "system" : "email",
      "value" : "rbk@trifork.com"
    }]
  }],
  "description" : "Banff Classifikation",
  "content" : "fragment",
  "concept" : [{
    "code" : "Borderline",
    "display" : "Borderline",
    "definition" : "Borderline"
  },
  {
    "code" : "1A",
    "display" : "1A",
    "definition" : "1A"
  },
  {
    "code" : "1B",
    "display" : "1B",
    "definition" : "1B"
  },
  {
    "code" : "2A",
    "display" : "2A",
    "definition" : "2A"
  },
  {
    "code" : "2B",
    "display" : "2B",
    "definition" : "2B"
  },
  {
    "code" : "3",
    "display" : "3",
    "definition" : "3"
  },
  {
    "code" : "InsufBiopsi",
    "display" : "Insufficient biopsi",
    "definition" : "Insufficient biopsi"
  },
  {
    "code" : "AntistofMedi",
    "display" : "Antistof-medieret",
    "definition" : "Antistof-medieret"
  }]
}