{
  "resourceType" : "CodeSystem",
  "id" : "AneurysmClosure",
  "text" : {
    "status" : "generated",
    "div" : "<div xmlns=\"http://www.w3.org/1999/xhtml\"><p class=\"res-header-id\"><b>Generated Narrative: CodeSystem AneurysmClosure</b></p><a name=\"AneurysmClosure\"> </a><a name=\"hcAneurysmClosure\"> </a><a name=\"AneurysmClosure-en-US\"> </a><p>This  code system <code>https://kip.rkkp.dk/fhir/CodeSystem/AneurysmClosure</code> defines the following codes:</p><table class=\"codes\"><tr><td style=\"white-space:nowrap\"><b>Code</b></td><td><b>Display</b></td><td><b>Definition</b></td></tr><tr><td style=\"white-space:nowrap\">full<a name=\"AneurysmClosure-full\"> </a></td><td>Full</td><td>Full closure</td></tr><tr><td style=\"white-space:nowrap\">partial<a name=\"AneurysmClosure-partial\"> </a></td><td>Partial</td><td>partial closure</td></tr></table></div>"
  },
  "url" : "https://kip.rkkp.dk/fhir/CodeSystem/AneurysmClosure",
  "version" : "2.9.3",
  "name" : "AneurysmClosure",
  "title" : "Aneurysm closure",
  "status" : "active",
  "date" : "2022-06-29T00:00:00+02:00",
  "publisher" : "Sundhedsvæsenets Kvalitetsinstitut with Trifork Digital Health A/S",
  "contact" : [{
    "name" : "Sundhedsvæsenets Kvalitetsinstitut with Trifork Digital Health A/S",
    "telecom" : [{
      "system" : "url",
      "value" : "https://trifork.com"
    },
    {
      "system" : "email",
      "value" : "rbk@trifork.com"
    }]
  }],
  "description" : "Aneurysm closure - Degree of closure",
  "content" : "complete",
  "count" : 2,
  "concept" : [{
    "code" : "full",
    "display" : "Full",
    "definition" : "Full closure"
  },
  {
    "code" : "partial",
    "display" : "Partial",
    "definition" : "partial closure"
  }]
}