{
  "resourceType" : "CodeSystem",
  "id" : "EORTCQLQC1517",
  "text" : {
    "status" : "generated",
    "div" : "<div xmlns=\"http://www.w3.org/1999/xhtml\"><p class=\"res-header-id\"><b>Generated Narrative: CodeSystem EORTCQLQC1517</b></p><a name=\"EORTCQLQC1517\"> </a><a name=\"hcEORTCQLQC1517\"> </a><a name=\"EORTCQLQC1517-en-US\"> </a><p>This case-insensitive code system <code>https://kip.rkkp.dk/fhir/CodeSystem/EORTCQLQC1517</code> defines the following codes:</p><table class=\"codes\"><tr><td style=\"white-space:nowrap\"><b>Code</b></td><td><b>Display</b></td><td><b>Definition</b></td></tr><tr><td style=\"white-space:nowrap\">grade_1<a name=\"EORTCQLQC1517-grade_1\"> </a></td><td>1. Meget dårlig</td><td><div><ol>\n<li>Meget dårlig</li>\n</ol>\n</div></td></tr><tr><td style=\"white-space:nowrap\">grade_2<a name=\"EORTCQLQC1517-grade_2\"> </a></td><td>2. Dårlig</td><td><div><ol start=\"2\">\n<li>Dårlig</li>\n</ol>\n</div></td></tr><tr><td style=\"white-space:nowrap\">grade_3<a name=\"EORTCQLQC1517-grade_3\"> </a></td><td>3. Mindre dårlig</td><td><div><ol start=\"3\">\n<li>Mindre dårlig</li>\n</ol>\n</div></td></tr><tr><td style=\"white-space:nowrap\">grade_4<a name=\"EORTCQLQC1517-grade_4\"> </a></td><td>4. Hverken god eller dårligt</td><td><div><ol start=\"4\">\n<li>Hverken god eller dårlig</li>\n</ol>\n</div></td></tr><tr><td style=\"white-space:nowrap\">grade_5<a name=\"EORTCQLQC1517-grade_5\"> </a></td><td>5. Mindre god</td><td><div><ol start=\"5\">\n<li>Mindre god</li>\n</ol>\n</div></td></tr><tr><td style=\"white-space:nowrap\">grade_6<a name=\"EORTCQLQC1517-grade_6\"> </a></td><td>6. God</td><td><div><ol start=\"6\">\n<li>God</li>\n</ol>\n</div></td></tr><tr><td style=\"white-space:nowrap\">grade_7<a name=\"EORTCQLQC1517-grade_7\"> </a></td><td>7. Særdeles god</td><td><div><ol start=\"7\">\n<li>Særdeles god</li>\n</ol>\n</div></td></tr></table></div>"
  },
  "url" : "https://kip.rkkp.dk/fhir/CodeSystem/EORTCQLQC1517",
  "version" : "2.9.3",
  "name" : "EORTCQLQC1517",
  "title" : "EORTC QLQ-C15-PAL G1-7",
  "status" : "active",
  "date" : "2022-07-28T00:00:00+02:00",
  "publisher" : "Sundhedsvæsenets Kvalitetsinstitut with Trifork Digital Health A/S",
  "contact" : [{
    "name" : "Sundhedsvæsenets Kvalitetsinstitut with Trifork Digital Health A/S",
    "telecom" : [{
      "system" : "url",
      "value" : "https://trifork.com"
    },
    {
      "system" : "email",
      "value" : "rbk@trifork.com"
    }]
  }],
  "description" : "EORTC Palliativ spørgeskema (1-15) grad 1-7. Se https://www.eortc.org/research_field/quality-of-life/",
  "caseSensitive" : false,
  "content" : "complete",
  "count" : 7,
  "concept" : [{
    "code" : "grade_1",
    "display" : "1. Meget dårlig",
    "definition" : "1. Meget dårlig"
  },
  {
    "code" : "grade_2",
    "display" : "2. Dårlig",
    "definition" : "2. Dårlig"
  },
  {
    "code" : "grade_3",
    "display" : "3. Mindre dårlig",
    "definition" : "3. Mindre dårlig"
  },
  {
    "code" : "grade_4",
    "display" : "4. Hverken god eller dårligt",
    "definition" : "4. Hverken god eller dårlig"
  },
  {
    "code" : "grade_5",
    "display" : "5. Mindre god",
    "definition" : "5. Mindre god"
  },
  {
    "code" : "grade_6",
    "display" : "6. God",
    "definition" : "6. God"
  },
  {
    "code" : "grade_7",
    "display" : "7. Særdeles god",
    "definition" : "7. Særdeles god"
  }]
}