{
  "resourceType" : "ValueSet",
  "id" : "OpkodeUrinInkontinensDUGA",
  "text" : {
    "status" : "extensions",
    "div" : "<div xmlns=\"http://www.w3.org/1999/xhtml\"><p class=\"res-header-id\"><b>Generated Narrative: ValueSet OpkodeUrinInkontinensDUGA</b></p><a name=\"OpkodeUrinInkontinensDUGA\"> </a><a name=\"hcOpkodeUrinInkontinensDUGA\"> </a><a name=\"OpkodeUrinInkontinensDUGA-en-US\"> </a><ul><li>Include these codes as defined in <a href=\"CodeSystem-ProcedureUrogyn.html\"><code>https://kip.rkkp.dk/fhir/CodeSystem/ProcedureUrogyn</code></a><table class=\"none\"><tr><td style=\"white-space:nowrap\"><b>Code</b></td><td><b>Display</b></td><td><b>Definition</b></td></tr><tr><td><a href=\"CodeSystem-ProcedureUrogyn.html#ProcedureUrogyn-KKDG00\">KKDG00</a></td><td>KKDG00: Retropubisk supension af urinrør</td><td>Retropubisk supension af urinrør</td></tr><tr><td><a href=\"CodeSystem-ProcedureUrogyn.html#ProcedureUrogyn-KKDG30\">KKDG30</a></td><td>KKDG30: Abdominal uretrocystopeksi med slynge</td><td>Abdominal uretrocystopeksi med slynge</td></tr><tr><td><a href=\"CodeSystem-ProcedureUrogyn.html#ProcedureUrogyn-KKDV22\">KKDV22</a></td><td>KKDV22: Uretroskopisk submukøs injektionsbehandling i urinrør</td><td>Uretroskopisk submukøs injektionsbehandling i urinrør</td></tr><tr><td><a href=\"CodeSystem-ProcedureUrogyn.html#ProcedureUrogyn-KLEG10\">KLEG10</a></td><td>KLEG10: Vaginal uretrocystopeksi med slynge</td><td>Vaginal uretrocystopeksi med slynge</td></tr><tr><td><a href=\"CodeSystem-ProcedureUrogyn.html#ProcedureUrogyn-KLEG10A\">KLEG10A</a></td><td>KLEG10A: Vaginal uretrocystopeksi med slynge gennem foramen obturatum</td><td>Vaginal uretrocystopeksi med slynge gennem foramen obturatum</td></tr><tr><td><a href=\"CodeSystem-ProcedureUrogyn.html#ProcedureUrogyn-KLEE00\">KLEE00</a></td><td>KLEE00: Sutur af vagina</td><td>Sutur af vagina</td></tr><tr><td><a href=\"CodeSystem-ProcedureUrogyn.html#ProcedureUrogyn-KLFE00\">KLFE00</a></td><td>KLFE00: Sutur af vulva</td><td>Sutur af vulva</td></tr><tr><td><a href=\"CodeSystem-ProcedureUrogyn.html#ProcedureUrogyn-KLFE96\">KLFE96</a></td><td>KLFE96: Anden rekonstruktion på vulva eller perineum</td><td>Anden rekonstruktion på vulva eller perineum</td></tr><tr><td><a href=\"CodeSystem-ProcedureUrogyn.html#ProcedureUrogyn-KJHC10\">KJHC10</a></td><td>KJHC10: Rekonstruktion af sphincter ani</td><td>Rekonstruktion af sphincter ani</td></tr><tr><td><a href=\"CodeSystem-ProcedureUrogyn.html#ProcedureUrogyn-KUKC02\">KUKC02</a></td><td>KUKC02: Cystoskopi</td><td>Cystoskopi</td></tr><tr><td><a href=\"CodeSystem-ProcedureUrogyn.html#ProcedureUrogyn-KZXF84A\">KZXF84A</a></td><td>KZXF84A: Ikke resorberbar sutur</td><td>Ikke resorberbar sutur</td></tr><tr><td><a href=\"CodeSystem-ProcedureUrogyn.html#ProcedureUrogyn-KZXF84B\">KZXF84B</a></td><td>KZXF84B: Korttidsresorberbar sutur (&lt; 3 uger)</td><td>Korttidsresorberbar sutur (&lt; 3 uger)</td></tr><tr><td><a href=\"CodeSystem-ProcedureUrogyn.html#ProcedureUrogyn-KZXF84C\">KZXF84C</a></td><td>KZXF84C: Forsinket resorberbar sutur</td><td>Forsinket resorberbar sutur</td></tr><tr><td><a href=\"CodeSystem-ProcedureUrogyn.html#ProcedureUrogyn-KZXX00\">KZXX00</a></td><td>KZXX00: Anvendelse af robot</td><td>Anvendelse af robot</td></tr></table></li></ul></div>"
  },
  "url" : "https://kip.rkkp.dk/fhir/ValueSet/OpkodeUrinInkontinensDUGA",
  "version" : "2.9.3",
  "name" : "OpkodeUrinInkontinensDUGA",
  "title" : "Operationskode - Urin-inkontinens (DUGA)",
  "status" : "active",
  "experimental" : true,
  "date" : "2024-02-14T00:00:00+02:00",
  "publisher" : "Sundhedsvæsenets Kvalitetsinstitut with Trifork Digital Health A/S",
  "contact" : [{
    "name" : "Sundhedsvæsenets Kvalitetsinstitut with Trifork Digital Health A/S",
    "telecom" : [{
      "system" : "url",
      "value" : "https://trifork.com"
    },
    {
      "system" : "email",
      "value" : "rbk@trifork.com"
    }]
  }],
  "description" : "Operationskode - Urin-inkontinens (DUGA)",
  "compose" : {
    "include" : [{
      "system" : "https://kip.rkkp.dk/fhir/CodeSystem/ProcedureUrogyn",
      "concept" : [{
        "code" : "KKDG00",
        "display" : "KKDG00: Retropubisk supension af urinrør"
      },
      {
        "code" : "KKDG30",
        "display" : "KKDG30: Abdominal uretrocystopeksi med slynge"
      },
      {
        "code" : "KKDV22",
        "display" : "KKDV22: Uretroskopisk submukøs injektionsbehandling i urinrør"
      },
      {
        "code" : "KLEG10",
        "display" : "KLEG10: Vaginal uretrocystopeksi med slynge"
      },
      {
        "code" : "KLEG10A",
        "display" : "KLEG10A: Vaginal uretrocystopeksi med slynge gennem foramen obturatum"
      },
      {
        "code" : "KLEE00",
        "display" : "KLEE00: Sutur af vagina"
      },
      {
        "code" : "KLFE00",
        "display" : "KLFE00: Sutur af vulva"
      },
      {
        "code" : "KLFE96",
        "display" : "KLFE96: Anden rekonstruktion på vulva eller perineum"
      },
      {
        "code" : "KJHC10",
        "display" : "KJHC10: Rekonstruktion af sphincter ani"
      },
      {
        "code" : "KUKC02",
        "display" : "KUKC02: Cystoskopi"
      },
      {
        "code" : "KZXF84A",
        "display" : "KZXF84A: Ikke resorberbar sutur"
      },
      {
        "code" : "KZXF84B",
        "display" : "KZXF84B: Korttidsresorberbar sutur (< 3 uger)"
      },
      {
        "code" : "KZXF84C",
        "display" : "KZXF84C: Forsinket resorberbar sutur"
      },
      {
        "code" : "KZXX00",
        "display" : "KZXX00: Anvendelse af robot"
      }]
    }]
  }
}