{
  "resourceType" : "ValueSet",
  "id" : "PatobankSNOMEDpTNMpN",
  "text" : {
    "status" : "extensions",
    "div" : "<div xmlns=\"http://www.w3.org/1999/xhtml\"><p class=\"res-header-id\"><b>Generated Narrative: ValueSet PatobankSNOMEDpTNMpN</b></p><a name=\"PatobankSNOMEDpTNMpN\"> </a><a name=\"hcPatobankSNOMEDpTNMpN\"> </a><a name=\"PatobankSNOMEDpTNMpN-en-US\"> </a><ul><li>Include these codes as defined in <a href=\"CodeSystem-PatobankSNOMED.html\"><code>https://kip.rkkp.dk/fhir/CodeSystem/PatobankSNOMED</code></a><table class=\"none\"><tr><td style=\"white-space:nowrap\"><b>Code</b></td><td><b>Display</b></td><td><b>Definition</b></td></tr><tr><td><a href=\"CodeSystem-PatobankSNOMED.html#PatobankSNOMED-AEF1900\">AEF1900</a></td><td>pN0 (ÆF1900)</td><td>ÆF1900 - pN0</td></tr><tr><td><a href=\"CodeSystem-PatobankSNOMED.html#PatobankSNOMED-AEF1910\">AEF1910</a></td><td>pN1 (ÆF1910)</td><td>ÆF1910 - pN1</td></tr><tr><td><a href=\"CodeSystem-PatobankSNOMED.html#PatobankSNOMED-AEF1920\">AEF1920</a></td><td>pN2 (ÆF1920)</td><td>ÆF1920 - pN2</td></tr><tr><td><a href=\"CodeSystem-PatobankSNOMED.html#PatobankSNOMED-AEF1930\">AEF1930</a></td><td>pN3 (ÆF1930)</td><td>ÆF1930 - pN3</td></tr><tr><td><a href=\"CodeSystem-PatobankSNOMED.html#PatobankSNOMED-AEF1931\">AEF1931</a></td><td>pN3a (ÆF1931)</td><td>ÆF1931 - pN3a</td></tr><tr><td><a href=\"CodeSystem-PatobankSNOMED.html#PatobankSNOMED-AEF1932\">AEF1932</a></td><td>pN3b (ÆF1932)</td><td>ÆF1932 - pN3b</td></tr><tr><td><a href=\"CodeSystem-PatobankSNOMED.html#PatobankSNOMED-AEF1950\">AEF1950</a></td><td>pNx (ÆF1950)</td><td>ÆF1950 - pNx</td></tr></table></li></ul></div>"
  },
  "url" : "https://kip.rkkp.dk/fhir/ValueSet/PatobankSNOMEDpTNMpN",
  "version" : "2.9.3",
  "name" : "PatobankSNOMEDpTNMpN",
  "title" : "Patobank SNOMED: pTNM klassifikation, pN",
  "status" : "active",
  "experimental" : true,
  "date" : "2022-06-08T00:00:00+02:00",
  "publisher" : "Sundhedsvæsenets Kvalitetsinstitut with Trifork Digital Health A/S",
  "contact" : [{
    "name" : "Sundhedsvæsenets Kvalitetsinstitut with Trifork Digital Health A/S",
    "telecom" : [{
      "system" : "url",
      "value" : "https://trifork.com"
    },
    {
      "system" : "email",
      "value" : "rbk@trifork.com"
    }]
  }],
  "description" : "SNOMED koderne relevante pN tillægskoder",
  "compose" : {
    "include" : [{
      "system" : "https://kip.rkkp.dk/fhir/CodeSystem/PatobankSNOMED",
      "concept" : [{
        "code" : "AEF1900",
        "display" : "pN0 (ÆF1900)"
      },
      {
        "code" : "AEF1910",
        "display" : "pN1 (ÆF1910)"
      },
      {
        "code" : "AEF1920",
        "display" : "pN2 (ÆF1920)"
      },
      {
        "code" : "AEF1930",
        "display" : "pN3 (ÆF1930)"
      },
      {
        "code" : "AEF1931",
        "display" : "pN3a (ÆF1931)"
      },
      {
        "code" : "AEF1932",
        "display" : "pN3b (ÆF1932)"
      },
      {
        "code" : "AEF1950",
        "display" : "pNx (ÆF1950)"
      }]
    }]
  }
}