{
  "resourceType" : "ValueSet",
  "id" : "ObservationsstedPO",
  "text" : {
    "status" : "extensions",
    "div" : "<div xmlns=\"http://www.w3.org/1999/xhtml\"><p class=\"res-header-id\"><b>Generated Narrative: ValueSet ObservationsstedPO</b></p><a name=\"ObservationsstedPO\"> </a><a name=\"hcObservationsstedPO\"> </a><a name=\"ObservationsstedPO-en-US\"> </a><ul><li>Include these codes as defined in <a href=\"CodeSystem-Observationssted.html\"><code>https://kip.rkkp.dk/fhir/CodeSystem/Observationssted</code></a><table class=\"none\"><tr><td style=\"white-space:nowrap\"><b>Code</b></td><td><b>Display</b></td><td><b>Definition</b></td></tr><tr><td><a href=\"CodeSystem-Observationssted.html#Observationssted-central_obs\">central_obs</a></td><td>Centralt observationsafsnit</td><td>Centralt observationsafsnit</td></tr><tr><td><a href=\"CodeSystem-Observationssted.html#Observationssted-andet_obs\">andet_obs</a></td><td>Andet observationsafsnit</td><td>Andet observationsafsnit</td></tr><tr><td><a href=\"CodeSystem-Observationssted.html#Observationssted-opergang\">opergang</a></td><td>Operationsgangen</td><td>Operationsgangen</td></tr></table></li></ul></div>"
  },
  "url" : "https://kip.rkkp.dk/fhir/ValueSet/ObservationsstedPO",
  "version" : "2.9.3",
  "name" : "ObservationsstedPO",
  "title" : "Observationssted postoperativt",
  "status" : "active",
  "experimental" : true,
  "date" : "2022-05-16T00:00:00+02:00",
  "publisher" : "Sundhedsvæsenets Kvalitetsinstitut with Trifork Digital Health A/S",
  "contact" : [{
    "name" : "Sundhedsvæsenets Kvalitetsinstitut with Trifork Digital Health A/S",
    "telecom" : [{
      "system" : "url",
      "value" : "https://trifork.com"
    },
    {
      "system" : "email",
      "value" : "rbk@trifork.com"
    }]
  }],
  "description" : "Observationssted for postoperativ anæstesi observation",
  "compose" : {
    "include" : [{
      "system" : "https://kip.rkkp.dk/fhir/CodeSystem/Observationssted",
      "concept" : [{
        "code" : "central_obs",
        "display" : "Centralt observationsafsnit"
      },
      {
        "code" : "andet_obs",
        "display" : "Andet observationsafsnit"
      },
      {
        "code" : "opergang",
        "display" : "Operationsgangen"
      }]
    }]
  }
}