{
  "resourceType" : "ValueSet",
  "id" : "CaputDiameterDHR",
  "text" : {
    "status" : "extensions",
    "div" : "<div xmlns=\"http://www.w3.org/1999/xhtml\"><p class=\"res-header-id\"><b>Generated Narrative: ValueSet CaputDiameterDHR</b></p><a name=\"CaputDiameterDHR\"> </a><a name=\"hcCaputDiameterDHR\"> </a><a name=\"CaputDiameterDHR-en-US\"> </a><p>This value set includes codes based on the following rules:</p><ul><li>Include these codes as defined in <a href=\"CodeSystem-SizesGeneral.html\"><code>https://kip.rkkp.dk/fhir/CodeSystem/SizesGeneral</code></a><table class=\"none\"><tr><td style=\"white-space:nowrap\"><b>Code</b></td><td><b>Display</b></td><td><b>Definition</b></td></tr><tr><td><a href=\"CodeSystem-SizesGeneral.html#SizesGeneral-28\">28</a></td><td>28</td><td>28</td></tr><tr><td><a href=\"CodeSystem-SizesGeneral.html#SizesGeneral-32\">32</a></td><td>32</td><td>32</td></tr><tr><td><a href=\"CodeSystem-SizesGeneral.html#SizesGeneral-36\">36</a></td><td>36</td><td>36</td></tr><tr><td><a href=\"CodeSystem-SizesGeneral.html#SizesGeneral-40\">40</a></td><td>40</td><td>40</td></tr><tr><td><a href=\"CodeSystem-SizesGeneral.html#SizesGeneral-44\">44</a></td><td>44</td><td>44</td></tr></table></li><li>Include these codes as defined in <a href=\"CodeSystem-GenericValues.html\"><code>https://kip.rkkp.dk/fhir/CodeSystem/GenericValues</code></a><table class=\"none\"><tr><td style=\"white-space:nowrap\"><b>Code</b></td><td><b>Display</b></td><td><b>Definition</b></td></tr><tr><td><a href=\"CodeSystem-GenericValues.html#GenericValues-other\">other</a></td><td>Andet</td><td>Other - used to choose unspecific value not in a valueset</td></tr></table></li></ul></div>"
  },
  "url" : "https://kip.rkkp.dk/fhir/ValueSet/CaputDiameterDHR",
  "version" : "2.9.3",
  "name" : "CaputDiameterDHR",
  "title" : "Caput Diameter - (DHR)",
  "status" : "active",
  "experimental" : true,
  "date" : "2023-05-23T00:00:00+02:00",
  "publisher" : "Sundhedsvæsenets Kvalitetsinstitut with Trifork Digital Health A/S",
  "contact" : [{
    "name" : "Sundhedsvæsenets Kvalitetsinstitut with Trifork Digital Health A/S",
    "telecom" : [{
      "system" : "url",
      "value" : "https://trifork.com"
    },
    {
      "system" : "email",
      "value" : "rbk@trifork.com"
    }]
  }],
  "description" : "Caput Diameter - (DHR)",
  "compose" : {
    "include" : [{
      "system" : "https://kip.rkkp.dk/fhir/CodeSystem/SizesGeneral",
      "concept" : [{
        "code" : "28",
        "display" : "28"
      },
      {
        "code" : "32",
        "display" : "32"
      },
      {
        "code" : "36",
        "display" : "36"
      },
      {
        "code" : "40",
        "display" : "40"
      },
      {
        "code" : "44",
        "display" : "44"
      }]
    },
    {
      "system" : "https://kip.rkkp.dk/fhir/CodeSystem/GenericValues",
      "concept" : [{
        "code" : "other",
        "display" : "Andet"
      }]
    }]
  }
}