{
  "resourceType" : "ValueSet",
  "id" : "CytogeneticStemCellType",
  "text" : {
    "status" : "extensions",
    "div" : "<div xmlns=\"http://www.w3.org/1999/xhtml\"><p class=\"res-header-id\"><b>Generated Narrative: ValueSet CytogeneticStemCellType</b></p><a name=\"CytogeneticStemCellType\"> </a><a name=\"hcCytogeneticStemCellType\"> </a><a name=\"CytogeneticStemCellType-en-US\"> </a><p>This value set includes codes based on the following rules:</p><ul><li>Include these codes as defined in <a href=\"CodeSystem-StemCellType.html\"><code>https://kip.rkkp.dk/fhir/CodeSystem/StemCellType</code></a><table class=\"none\"><tr><td style=\"white-space:nowrap\"><b>Code</b></td><td><b>Display</b></td><td><b>Definition</b></td></tr><tr><td><a href=\"CodeSystem-StemCellType.html#StemCellType-bone_marrow\">bone_marrow</a></td><td>Knoglemarv</td><td>Bone marrow stromal stem cell / SNOMED-CT: 418460001</td></tr><tr><td><a href=\"CodeSystem-StemCellType.html#StemCellType-peripheral_blood\">peripheral_blood</a></td><td>Perifert blod</td><td>Peripheral blood stem cell / SNOMED-CT: 419583006</td></tr></table></li><li>Include these codes as defined in <a href=\"CodeSystem-GenericValues.html\"><code>https://kip.rkkp.dk/fhir/CodeSystem/GenericValues</code></a><table class=\"none\"><tr><td style=\"white-space:nowrap\"><b>Code</b></td><td><b>Display</b></td><td><b>Definition</b></td></tr><tr><td><a href=\"CodeSystem-GenericValues.html#GenericValues-other\">other</a></td><td>Andet</td><td>Other - used to choose unspecific value not in a valueset</td></tr></table></li></ul></div>"
  },
  "url" : "https://kip.rkkp.dk/fhir/ValueSet/CytogeneticStemCellType",
  "version" : "2.9.3",
  "name" : "CytogeneticStemCellType",
  "title" : "Stamcelle type",
  "status" : "active",
  "experimental" : true,
  "date" : "2022-07-13T00:00:00+02:00",
  "publisher" : "Sundhedsvæsenets Kvalitetsinstitut with Trifork Digital Health A/S",
  "contact" : [{
    "name" : "Sundhedsvæsenets Kvalitetsinstitut with Trifork Digital Health A/S",
    "telecom" : [{
      "system" : "url",
      "value" : "https://trifork.com"
    },
    {
      "system" : "email",
      "value" : "rbk@trifork.com"
    }]
  }],
  "description" : "Hvor kommer stamcellerne fra",
  "compose" : {
    "include" : [{
      "system" : "https://kip.rkkp.dk/fhir/CodeSystem/StemCellType",
      "concept" : [{
        "code" : "bone_marrow",
        "display" : "Knoglemarv"
      },
      {
        "code" : "peripheral_blood",
        "display" : "Perifert blod"
      }]
    },
    {
      "system" : "https://kip.rkkp.dk/fhir/CodeSystem/GenericValues",
      "concept" : [{
        "code" : "other",
        "display" : "Andet"
      }]
    }]
  }
}