{
  "resourceType" : "ValueSet",
  "id" : "KnaeLoeshedGradering",
  "text" : {
    "status" : "extensions",
    "div" : "<div xmlns=\"http://www.w3.org/1999/xhtml\"><p class=\"res-header-id\"><b>Generated Narrative: ValueSet KnaeLoeshedGradering</b></p><a name=\"KnaeLoeshedGradering\"> </a><a name=\"hcKnaeLoeshedGradering\"> </a><a name=\"KnaeLoeshedGradering-en-US\"> </a><ul><li>Include these codes as defined in <a href=\"CodeSystem-KneeLoosenessGrading.html\"><code>https://kip.rkkp.dk/fhir/CodeSystem/KneeLoosenessGrading</code></a><table class=\"none\"><tr><td style=\"white-space:nowrap\"><b>Code</b></td><td><b>Display</b></td><td><b>Definition</b></td></tr><tr><td><a href=\"CodeSystem-KneeLoosenessGrading.html#KneeLoosenessGrading-grade_0\">grade_0</a></td><td>Grad 0 (0-2 mm)</td><td>Grade 0: 0-2 mm</td></tr><tr><td><a href=\"CodeSystem-KneeLoosenessGrading.html#KneeLoosenessGrading-grade_1\">grade_1</a></td><td>Grad 1 (2-5 mm)</td><td>Grade 1: 2-5 mm</td></tr><tr><td><a href=\"CodeSystem-KneeLoosenessGrading.html#KneeLoosenessGrading-grade_2\">grade_2</a></td><td>Grad 2 (6-10 mm)</td><td>Grade 2: 6-10 mm</td></tr><tr><td><a href=\"CodeSystem-KneeLoosenessGrading.html#KneeLoosenessGrading-grade_3\">grade_3</a></td><td>Grad 3 (&gt;10 mm)</td><td>Grade 3: &gt;10 mm</td></tr></table></li></ul></div>"
  },
  "url" : "https://kip.rkkp.dk/fhir/ValueSet/KnaeLoeshedGradering",
  "version" : "2.9.3",
  "name" : "KnaeLoeshedGradering",
  "title" : "Knæ løshed gradering",
  "status" : "active",
  "experimental" : true,
  "date" : "2022-09-19T00:00:00+02:00",
  "publisher" : "Sundhedsvæsenets Kvalitetsinstitut with Trifork Digital Health A/S",
  "contact" : [{
    "name" : "Sundhedsvæsenets Kvalitetsinstitut with Trifork Digital Health A/S",
    "telecom" : [{
      "system" : "url",
      "value" : "https://trifork.com"
    },
    {
      "system" : "email",
      "value" : "rbk@trifork.com"
    }]
  }],
  "description" : "Knæ løshed gradering",
  "compose" : {
    "include" : [{
      "system" : "https://kip.rkkp.dk/fhir/CodeSystem/KneeLoosenessGrading",
      "concept" : [{
        "code" : "grade_0",
        "display" : "Grad 0 (0-2 mm)"
      },
      {
        "code" : "grade_1",
        "display" : "Grad 1 (2-5 mm)"
      },
      {
        "code" : "grade_2",
        "display" : "Grad 2 (6-10 mm)"
      },
      {
        "code" : "grade_3",
        "display" : "Grad 3 (>10 mm)"
      }]
    }]
  }
}