{
  "resourceType" : "ValueSet",
  "id" : "KomponentFemurDKR202503",
  "text" : {
    "status" : "extensions",
    "div" : "<div xmlns=\"http://www.w3.org/1999/xhtml\"><p class=\"res-header-id\"><b>Generated Narrative: ValueSet KomponentFemurDKR202503</b></p><a name=\"KomponentFemurDKR202503\"> </a><a name=\"hcKomponentFemurDKR202503\"> </a><a name=\"KomponentFemurDKR202503-en-US\"> </a><p>This value set includes codes based on the following rules:</p><ul><li>Include these codes as defined in <a href=\"CodeSystem-KneeJointArthroplastyComponent.html\"><code>https://kip.rkkp.dk/fhir/CodeSystem/KneeJointArthroplastyComponent</code></a><table class=\"none\"><tr><td style=\"white-space:nowrap\"><b>Code</b></td><td><b>Display</b></td><td><b>Definition</b></td></tr><tr><td><a href=\"CodeSystem-KneeJointArthroplastyComponent.html#KneeJointArthroplastyComponent-arthrosurface_hemicap\">arthrosurface_hemicap</a></td><td>Arthrosurface: HemiCAP</td><td>Arthrosurface: HemiCAP (Femur)</td></tr><tr><td><a href=\"CodeSystem-KneeJointArthroplastyComponent.html#KneeJointArthroplastyComponent-arthrosurface_hemicap_pf\">arthrosurface_hemicap_pf</a></td><td>Arthrosurface: Hemicap PF</td><td>Arthrosurface: Hemicap PF (Femur)</td></tr><tr><td><a href=\"CodeSystem-KneeJointArthroplastyComponent.html#KneeJointArthroplastyComponent-arthrosurface_unicap\">arthrosurface_unicap</a></td><td>Arthrosurface: Unicap</td><td>Arthrosurface: Unicap (Femur + Tibia)</td></tr><tr><td><a href=\"CodeSystem-KneeJointArthroplastyComponent.html#KneeJointArthroplastyComponent-episealer_condyle_solo\">episealer_condyle_solo</a></td><td>Episurf Medical: Episealer Condyle Solo</td><td>Episurf Medical: Episealer Condyle Solo (Femur)</td></tr><tr><td><a href=\"CodeSystem-KneeJointArthroplastyComponent.html#KneeJointArthroplastyComponent-depuy_attune_cr\">depuy_attune_cr</a></td><td>Johnson &amp; Johnson: Attune CR</td><td>Johnson &amp; Johnson: Attune CR (Femur)</td></tr><tr><td><a href=\"CodeSystem-KneeJointArthroplastyComponent.html#KneeJointArthroplastyComponent-johnson.38johnson_attune_crs\">johnson&amp;johnson_attune_crs</a></td><td>Johnson &amp; Johnson: Attune CRS (Constrained Revision System)</td><td>Johnson &amp; Johnson: Attune CRS (Constrained Revision System) (Femur)</td></tr><tr><td><a href=\"CodeSystem-KneeJointArthroplastyComponent.html#KneeJointArthroplastyComponent-depuy_limb_preservation_system\">depuy_limb_preservation_system</a></td><td>Johnson &amp; Johnson: Limb Preservation System</td><td>Johnson &amp; Johnson: Limb Preservation System (Femur)</td></tr><tr><td><a href=\"CodeSystem-KneeJointArthroplastyComponent.html#KneeJointArthroplastyComponent-limb_preservation_system_distal_femur\">limb_preservation_system_distal_femur</a></td><td>Johnson &amp; Johnson: Limb Preservation System Distal Femur</td><td>Limb Preservation System Distal Femur (Femur)</td></tr><tr><td><a href=\"CodeSystem-KneeJointArthroplastyComponent.html#KneeJointArthroplastyComponent-johnson.38johnson_pfc_sigma_cruciate_retaining\">johnson&amp;johnson_pfc_sigma_cruciate_retaining</a></td><td>Johnson &amp; Johnson: PFC Sigma Cruciate-Retaining</td><td>Johnson &amp; Johnson: PFC Sigma Cruciate-Retaining (Femur + Tibia)</td></tr><tr><td><a href=\"CodeSystem-KneeJointArthroplastyComponent.html#KneeJointArthroplastyComponent-johnson.38johnson_pfc_sigma_cruciate_substituting\">johnson&amp;johnson_pfc_sigma_cruciate_substituting</a></td><td>Johnson &amp; Johnson: PFC Sigma Cruciate-Substituting</td><td>Johnson &amp; Johnson: PFC Sigma Cruciate-Substituting (Femur)</td></tr><tr><td><a href=\"CodeSystem-KneeJointArthroplastyComponent.html#KneeJointArthroplastyComponent-johnson.38johnson_pfc_sigma_tc3\">johnson&amp;johnson_pfc_sigma_tc3</a></td><td>Johnson &amp; Johnson: PFC Sigma TC3 </td><td>Johnson &amp; Johnson: PFC Sigma TC3 (Femur)</td></tr><tr><td><a href=\"CodeSystem-KneeJointArthroplastyComponent.html#KneeJointArthroplastyComponent-depuy_sigma_hp_partiel_knee\">depuy_sigma_hp_partiel_knee</a></td><td>Johnson &amp; Johnson: Sigma HP Partial Knee</td><td>DePuy: Sigma HP partial knee (Femur + Tibia)</td></tr><tr><td><a href=\"CodeSystem-KneeJointArthroplastyComponent.html#KneeJointArthroplastyComponent-johnson.38johnson_s_rom_noiles\">johnson&amp;johnson_s_rom_noiles</a></td><td>Johnson &amp; Johnson: S-ROM Noiles</td><td>Johnson &amp; Johnson: S-ROM Noiles (Femur + Tibia)</td></tr><tr><td><a href=\"CodeSystem-KneeJointArthroplastyComponent.html#KneeJointArthroplastyComponent-physica_cr\">physica_cr</a></td><td>Lima: Physica CR</td><td>Lima: Physica CR (Femur + Tibia)</td></tr><tr><td><a href=\"CodeSystem-KneeJointArthroplastyComponent.html#KneeJointArthroplastyComponent-physica_kr\">physica_kr</a></td><td>Lima: Physica KR</td><td>Lima: Physica KR (Femur + Tibia)</td></tr><tr><td><a href=\"CodeSystem-KneeJointArthroplastyComponent.html#KneeJointArthroplastyComponent-physica_ps\">physica_ps</a></td><td>Lima: Physica PS</td><td>Lima: Physica PS (Femur + Tibia)</td></tr><tr><td><a href=\"CodeSystem-KneeJointArthroplastyComponent.html#KneeJointArthroplastyComponent-link_endo_model_rotational\">link_endo_model_rotational</a></td><td>Link: Endo-Model Rotational</td><td>LINK: Endo-Model Rotational (Femur + Tibia)</td></tr><tr><td><a href=\"CodeSystem-KneeJointArthroplastyComponent.html#KneeJointArthroplastyComponent-link_endo_model_total_hinge\">link_endo_model_total_hinge</a></td><td>Link: Endo-Model Total Hinge</td><td>LINK: Endo-Model Total Hinge (Femur + Tibia)</td></tr><tr><td><a href=\"CodeSystem-KneeJointArthroplastyComponent.html#KneeJointArthroplastyComponent-megasystem_c\">megasystem_c</a></td><td>Link: Megasystem C</td><td>LINK: Megasystem C (Femur + Tibia)</td></tr><tr><td><a href=\"CodeSystem-KneeJointArthroplastyComponent.html#KneeJointArthroplastyComponent-link_st_georg\">link_st_georg</a></td><td>Link: St. Georg </td><td>LINK: St. Georg (Femur + Tibia)</td></tr><tr><td><a href=\"CodeSystem-KneeJointArthroplastyComponent.html#KneeJointArthroplastyComponent-smith.38nephew_competitor_pfj\">smith&amp;nephew_competitor_pfj</a></td><td>Smith &amp; Nephew: Competitor PFJ</td><td>Smith &amp; Nephew: Competitor PFJ (Femur)</td></tr><tr><td><a href=\"CodeSystem-KneeJointArthroplastyComponent.html#KneeJointArthroplastyComponent-smith.38nephew_genesis_cruciate_retaining\">smith&amp;nephew_genesis_cruciate_retaining</a></td><td>Smith &amp; Nephew: Genesis Cruciate-Retaining</td><td>Smith &amp; Nephew: Genesis Cruciate-Retaining (Femur)</td></tr><tr><td><a href=\"CodeSystem-KneeJointArthroplastyComponent.html#KneeJointArthroplastyComponent-smith.38nephew_genesis_legion_cr_oxinium\">smith&amp;nephew_genesis_legion_cr_oxinium</a></td><td>Smith &amp; Nephew: Legion CR Oxinium </td><td>Smith &amp; Nephew: Legion CR Oxinium (Femur)</td></tr><tr><td><a href=\"CodeSystem-KneeJointArthroplastyComponent.html#KneeJointArthroplastyComponent-smith.38nephew_genesis_profix_posterior_stabilized\">smith&amp;nephew_genesis_profix_posterior_stabilized</a></td><td>Smith &amp; Nephew: Profix Posterior Stabilized</td><td>Smith &amp; Nephew: Profix Posterior Stabilized (Femur)</td></tr><tr><td><a href=\"CodeSystem-KneeJointArthroplastyComponent.html#KneeJointArthroplastyComponent-smith.38nephew_genesis_profix_revision\">smith&amp;nephew_genesis_profix_revision</a></td><td>Smith &amp; Nephew: Profix Revision</td><td>Smith &amp; Nephew: Profix Revision (Femur + Tibia)</td></tr><tr><td><a href=\"CodeSystem-KneeJointArthroplastyComponent.html#KneeJointArthroplastyComponent-stryker_howmetica_avon\">stryker_howmetica_avon</a></td><td>Stryker/Howmetica: Avon</td><td>Stryker/Howmetica: Avon (Femur)</td></tr><tr><td><a href=\"CodeSystem-KneeJointArthroplastyComponent.html#KneeJointArthroplastyComponent-stryker_gmrs\">stryker_gmrs</a></td><td>Stryker: GMRS</td><td>Stryker: GMRS (Femur + Tibia)</td></tr><tr><td><a href=\"CodeSystem-KneeJointArthroplastyComponent.html#KneeJointArthroplastyComponent-stryker_modular_rotating_hinge\">stryker_modular_rotating_hinge</a></td><td>Stryker: Modular Rotating Hinge </td><td>Stryker: Modular Rotating Hinge (Femur + Tibia)</td></tr><tr><td><a href=\"CodeSystem-KneeJointArthroplastyComponent.html#KneeJointArthroplastyComponent-stryker_restoris_pfa\">stryker_restoris_pfa</a></td><td>Stryker: Restoris PFA</td><td>Stryker: Restoris PFA</td></tr><tr><td><a href=\"CodeSystem-KneeJointArthroplastyComponent.html#KneeJointArthroplastyComponent-stryker_restoris_medial_uni\">stryker_restoris_medial_uni</a></td><td>Stryker: Restoris Medial Uni</td><td>Stryker: Restoris Medial Uni</td></tr><tr><td><a href=\"CodeSystem-KneeJointArthroplastyComponent.html#KneeJointArthroplastyComponent-stryker_restoris_lateral_uni\">stryker_restoris_lateral_uni</a></td><td>Stryker: Restoris Lateral Uni</td><td>Stryker: Restoris Lateral Uni</td></tr><tr><td><a href=\"CodeSystem-KneeJointArthroplastyComponent.html#KneeJointArthroplastyComponent-stryker_scorpio_cr\">stryker_scorpio_cr</a></td><td>Stryker: Scorpio CR</td><td>Stryker: Scorpio CR (Femur)</td></tr><tr><td><a href=\"CodeSystem-KneeJointArthroplastyComponent.html#KneeJointArthroplastyComponent-stryker_scorpio_ps\">stryker_scorpio_ps</a></td><td>Stryker: Scorpio PS</td><td>Stryker: Scorpio PS (Femur)</td></tr><tr><td><a href=\"CodeSystem-KneeJointArthroplastyComponent.html#KneeJointArthroplastyComponent-stryker_scorpio_ts\">stryker_scorpio_ts</a></td><td>Stryker: Scorpio TS</td><td>Stryker: Scorpio TS (Femur + Tibia)</td></tr><tr><td><a href=\"CodeSystem-KneeJointArthroplastyComponent.html#KneeJointArthroplastyComponent-stryker_triathlon_cr\">stryker_triathlon_cr</a></td><td>Stryker: Triathlon CR</td><td>Stryker: Triathlon CR (Femur)</td></tr><tr><td><a href=\"CodeSystem-KneeJointArthroplastyComponent.html#KneeJointArthroplastyComponent-stryker_thriathlon_pkr\">stryker_thriathlon_pkr</a></td><td>Stryker: Triathlon PKR</td><td>Stryker: Triathlon PKR (Femur + Tibia)</td></tr><tr><td><a href=\"CodeSystem-KneeJointArthroplastyComponent.html#KneeJointArthroplastyComponent-stryker_thriathlon_ps\">stryker_thriathlon_ps</a></td><td>Stryker: Triathlon PS </td><td>Stryker: Triathlon PS (Femur)</td></tr><tr><td><a href=\"CodeSystem-KneeJointArthroplastyComponent.html#KneeJointArthroplastyComponent-stryker_thriathlon_ts\">stryker_thriathlon_ts</a></td><td>Stryker: Triathlon TS</td><td>Stryker: Triathlon TS (Femur + Tibia)</td></tr><tr><td><a href=\"CodeSystem-KneeJointArthroplastyComponent.html#KneeJointArthroplastyComponent-vanguard_da_360\">vanguard_da_360</a></td><td>Vanguard: DA 360</td><td>Vanguard: DA 360 (Femur)</td></tr><tr><td><a href=\"CodeSystem-KneeJointArthroplastyComponent.html#KneeJointArthroplastyComponent-biomet_agc_v2_universal\">biomet_agc_v2_universal</a></td><td>Zimmer Biomet: AGC V2 Universal</td><td>Zimmer Biomet: AGC V2 Universal (Femur)</td></tr><tr><td><a href=\"CodeSystem-KneeJointArthroplastyComponent.html#KneeJointArthroplastyComponent-zimmer_nexgen_cr\">zimmer_nexgen_cr</a></td><td>Zimmer Biomet: NexGen CR</td><td>Zimmer Biomet: NexGen CR (Femur + Tibia)</td></tr><tr><td><a href=\"CodeSystem-KneeJointArthroplastyComponent.html#KneeJointArthroplastyComponent-zimmer_nexgen_cr_flex\">zimmer_nexgen_cr_flex</a></td><td>Zimmer Biomet: NexGen CR Flex</td><td>Zimmer: NexGen CR Flex (Femur + Tibia)</td></tr><tr><td><a href=\"CodeSystem-KneeJointArthroplastyComponent.html#KneeJointArthroplastyComponent-zimmer_nexgen_cr_flex_gender\">zimmer_nexgen_cr_flex_gender</a></td><td>Zimmer Biomet: NexGen CR Flex Gender</td><td>Zimmer: NexGen CR Flex Gender (Femur)</td></tr><tr><td><a href=\"CodeSystem-KneeJointArthroplastyComponent.html#KneeJointArthroplastyComponent-zimmer_nexgen_lcck\">zimmer_nexgen_lcck</a></td><td>Zimmer Biomet: NexGen LCCK</td><td>Zimmer Biomet: NexGen LCCK (Femur + Tibia)</td></tr><tr><td><a href=\"CodeSystem-KneeJointArthroplastyComponent.html#KneeJointArthroplastyComponent-zimmer_nexgen_lps\">zimmer_nexgen_lps</a></td><td>Zimmer Biomet: NexGen LPS </td><td>Zimmer Biomet: NexGen LPS (Femur + Tibia)</td></tr><tr><td><a href=\"CodeSystem-KneeJointArthroplastyComponent.html#KneeJointArthroplastyComponent-zimmer_nexgen_lps_flex\">zimmer_nexgen_lps_flex</a></td><td>Zimmer Biomet: NexGen LPS-Flex</td><td>Zimmer Biomet: NexGen LPS Flex (Femur + Tibia)</td></tr><tr><td><a href=\"CodeSystem-KneeJointArthroplastyComponent.html#KneeJointArthroplastyComponent-zimmer_nexgen_rhk\">zimmer_nexgen_rhk</a></td><td>Zimmer Biomet: NexGen RHK </td><td>Zimmer Biomet: NexGen RHK (Femur + Tibia)</td></tr><tr><td><a href=\"CodeSystem-KneeJointArthroplastyComponent.html#KneeJointArthroplastyComponent-nexgen_zuk\">nexgen_zuk</a></td><td>Zimmer Biomet: NexGen Zuk</td><td>Zimmer Biomet: NexGen Zuk (Femur + Tibia)</td></tr><tr><td><a href=\"CodeSystem-KneeJointArthroplastyComponent.html#KneeJointArthroplastyComponent-oxford_2_peg\">oxford_2_peg</a></td><td>Zimmer Biomet: Oxford 2-peg</td><td>Zimmer Biomet: Oxford 2-peg (Femur)</td></tr><tr><td><a href=\"CodeSystem-KneeJointArthroplastyComponent.html#KneeJointArthroplastyComponent-oxford_domed_lateral_pkr\">oxford_domed_lateral_pkr</a></td><td>Zimmer Biomet: Oxford domed lateral PKR</td><td>Zimmer Biomet: Oxford domed lateral PKR (Femur)</td></tr><tr><td><a href=\"CodeSystem-KneeJointArthroplastyComponent.html#KneeJointArthroplastyComponent-biomet_oxford_phase_iii_alpha\">biomet_oxford_phase_iii_alpha</a></td><td>Zimmer Biomet: Oxford Phase III alpha</td><td>Zimmer Biomet: Oxford Phase III alpha (Femur)</td></tr><tr><td><a href=\"CodeSystem-KneeJointArthroplastyComponent.html#KneeJointArthroplastyComponent-persona_cr\">persona_cr</a></td><td>Zimmer Biomet: Persona CR</td><td>Zimmer Biomet: Persona CR (Femur + Tibia)</td></tr><tr><td><a href=\"CodeSystem-KneeJointArthroplastyComponent.html#KneeJointArthroplastyComponent-persona_ps\">persona_ps</a></td><td>Zimmer Biomet: Persona PS</td><td>Zimmer Biomet: Persona PS (Femur + Tibia)</td></tr><tr><td><a href=\"CodeSystem-KneeJointArthroplastyComponent.html#KneeJointArthroplastyComponent-persona_ppk\">persona_ppk</a></td><td>Zimmer Biomet: Persona Partial Knee</td><td>Zimmer Biomet: Persona Partial Knee</td></tr><tr><td><a href=\"CodeSystem-KneeJointArthroplastyComponent.html#KneeJointArthroplastyComponent-zimmer_nexgen_pfj\">zimmer_nexgen_pfj</a></td><td>Zimmer Biomet: PFJ</td><td>Zimmer Biomet: PFJ (Femur)</td></tr><tr><td><a href=\"CodeSystem-KneeJointArthroplastyComponent.html#KneeJointArthroplastyComponent-biomet_rhk_rotating_hinge_knee\">biomet_rhk_rotating_hinge_knee</a></td><td>Zimmer Biomet: RHK Rotating Hinge Knee</td><td>Zimmer Biomet: RHK Rotating Hinge Knee (Femur + Tibia)</td></tr><tr><td><a href=\"CodeSystem-KneeJointArthroplastyComponent.html#KneeJointArthroplastyComponent-biomet_vanguard_cr\">biomet_vanguard_cr</a></td><td>Zimmer Biomet: Vanguard CR</td><td>Zimmer Biomet: Vanguard CR (Femur + Tibia)</td></tr><tr><td><a href=\"CodeSystem-KneeJointArthroplastyComponent.html#KneeJointArthroplastyComponent-biomet_vanguard_rocc_interlok_femur\">biomet_vanguard_rocc_interlok_femur</a></td><td>Zimmer Biomet: Vanguard ROCC - Interlok Femur</td><td>Biomet: Vanguard ROCC - Interlok Femur (Femur)</td></tr><tr><td><a href=\"CodeSystem-KneeJointArthroplastyComponent.html#KneeJointArthroplastyComponent-biomet_vanguard_ssk\">biomet_vanguard_ssk</a></td><td>Zimmer Biomet: Vanguard SSK 360</td><td>Biomet: Vanguard SSK (Femur)</td></tr><tr><td><a href=\"CodeSystem-KneeJointArthroplastyComponent.html#KneeJointArthroplastyComponent-zimmer_segmental_system\">zimmer_segmental_system</a></td><td>Zimmer Biomet: Zimmer Segmental System</td><td>Zimmer: Segmental System (Femur)</td></tr></table></li><li>Include these codes as defined in <a href=\"CodeSystem-GenericValues.html\"><code>https://kip.rkkp.dk/fhir/CodeSystem/GenericValues</code></a><table class=\"none\"><tr><td style=\"white-space:nowrap\"><b>Code</b></td><td><b>Display</b></td><td><b>Definition</b></td></tr><tr><td><a href=\"CodeSystem-GenericValues.html#GenericValues-other\">other</a></td><td>Andet</td><td>Other - used to choose unspecific value not in a valueset</td></tr></table></li></ul></div>"
  },
  "url" : "https://kip.rkkp.dk/fhir/ValueSet/KomponentFemurDKR202503",
  "version" : "2.9.3",
  "name" : "KomponentFemurDKR202503",
  "title" : "Komponent - femur (DKR) 2025",
  "status" : "active",
  "experimental" : true,
  "date" : "2025-03-04T00:00:00+02:00",
  "publisher" : "Sundhedsvæsenets Kvalitetsinstitut with Trifork Digital Health A/S",
  "contact" : [{
    "name" : "Sundhedsvæsenets Kvalitetsinstitut with Trifork Digital Health A/S",
    "telecom" : [{
      "system" : "url",
      "value" : "https://trifork.com"
    },
    {
      "system" : "email",
      "value" : "rbk@trifork.com"
    }]
  }],
  "description" : "Komponent - femur (DKR) - Rettelser 2025",
  "compose" : {
    "include" : [{
      "system" : "https://kip.rkkp.dk/fhir/CodeSystem/KneeJointArthroplastyComponent",
      "concept" : [{
        "code" : "arthrosurface_hemicap",
        "display" : "Arthrosurface: HemiCAP"
      },
      {
        "code" : "arthrosurface_hemicap_pf",
        "display" : "Arthrosurface: Hemicap PF"
      },
      {
        "code" : "arthrosurface_unicap",
        "display" : "Arthrosurface: Unicap"
      },
      {
        "code" : "episealer_condyle_solo",
        "display" : "Episurf Medical: Episealer Condyle Solo"
      },
      {
        "code" : "depuy_attune_cr",
        "display" : "Johnson & Johnson: Attune CR"
      },
      {
        "code" : "johnson&johnson_attune_crs",
        "display" : "Johnson & Johnson: Attune CRS (Constrained Revision System)"
      },
      {
        "code" : "depuy_limb_preservation_system",
        "display" : "Johnson & Johnson: Limb Preservation System"
      },
      {
        "code" : "limb_preservation_system_distal_femur",
        "display" : "Johnson & Johnson: Limb Preservation System Distal Femur"
      },
      {
        "code" : "johnson&johnson_pfc_sigma_cruciate_retaining",
        "display" : "Johnson & Johnson: PFC Sigma Cruciate-Retaining"
      },
      {
        "code" : "johnson&johnson_pfc_sigma_cruciate_substituting",
        "display" : "Johnson & Johnson: PFC Sigma Cruciate-Substituting"
      },
      {
        "code" : "johnson&johnson_pfc_sigma_tc3",
        "display" : "Johnson & Johnson: PFC Sigma TC3 "
      },
      {
        "code" : "depuy_sigma_hp_partiel_knee",
        "display" : "Johnson & Johnson: Sigma HP Partial Knee"
      },
      {
        "code" : "johnson&johnson_s_rom_noiles",
        "display" : "Johnson & Johnson: S-ROM Noiles"
      },
      {
        "code" : "physica_cr",
        "display" : "Lima: Physica CR"
      },
      {
        "code" : "physica_kr",
        "display" : "Lima: Physica KR"
      },
      {
        "code" : "physica_ps",
        "display" : "Lima: Physica PS"
      },
      {
        "code" : "link_endo_model_rotational",
        "display" : "Link: Endo-Model Rotational"
      },
      {
        "code" : "link_endo_model_total_hinge",
        "display" : "Link: Endo-Model Total Hinge"
      },
      {
        "code" : "megasystem_c",
        "display" : "Link: Megasystem C"
      },
      {
        "code" : "link_st_georg",
        "display" : "Link: St. Georg "
      },
      {
        "code" : "smith&nephew_competitor_pfj",
        "display" : "Smith & Nephew: Competitor PFJ"
      },
      {
        "code" : "smith&nephew_genesis_cruciate_retaining",
        "display" : "Smith & Nephew: Genesis Cruciate-Retaining"
      },
      {
        "code" : "smith&nephew_genesis_legion_cr_oxinium",
        "display" : "Smith & Nephew: Legion CR Oxinium "
      },
      {
        "code" : "smith&nephew_genesis_profix_posterior_stabilized",
        "display" : "Smith & Nephew: Profix Posterior Stabilized"
      },
      {
        "code" : "smith&nephew_genesis_profix_revision",
        "display" : "Smith & Nephew: Profix Revision"
      },
      {
        "code" : "stryker_howmetica_avon",
        "display" : "Stryker/Howmetica: Avon"
      },
      {
        "code" : "stryker_gmrs",
        "display" : "Stryker: GMRS"
      },
      {
        "code" : "stryker_modular_rotating_hinge",
        "display" : "Stryker: Modular Rotating Hinge "
      },
      {
        "code" : "stryker_restoris_pfa",
        "display" : "Stryker: Restoris PFA"
      },
      {
        "code" : "stryker_restoris_medial_uni",
        "display" : "Stryker: Restoris Medial Uni"
      },
      {
        "code" : "stryker_restoris_lateral_uni",
        "display" : "Stryker: Restoris Lateral Uni"
      },
      {
        "code" : "stryker_scorpio_cr",
        "display" : "Stryker: Scorpio CR"
      },
      {
        "code" : "stryker_scorpio_ps",
        "display" : "Stryker: Scorpio PS"
      },
      {
        "code" : "stryker_scorpio_ts",
        "display" : "Stryker: Scorpio TS"
      },
      {
        "code" : "stryker_triathlon_cr",
        "display" : "Stryker: Triathlon CR"
      },
      {
        "code" : "stryker_thriathlon_pkr",
        "display" : "Stryker: Triathlon PKR"
      },
      {
        "code" : "stryker_thriathlon_ps",
        "display" : "Stryker: Triathlon PS "
      },
      {
        "code" : "stryker_thriathlon_ts",
        "display" : "Stryker: Triathlon TS"
      },
      {
        "code" : "vanguard_da_360",
        "display" : "Vanguard: DA 360"
      },
      {
        "code" : "biomet_agc_v2_universal",
        "display" : "Zimmer Biomet: AGC V2 Universal"
      },
      {
        "code" : "zimmer_nexgen_cr",
        "display" : "Zimmer Biomet: NexGen CR"
      },
      {
        "code" : "zimmer_nexgen_cr_flex",
        "display" : "Zimmer Biomet: NexGen CR Flex"
      },
      {
        "code" : "zimmer_nexgen_cr_flex_gender",
        "display" : "Zimmer Biomet: NexGen CR Flex Gender"
      },
      {
        "code" : "zimmer_nexgen_lcck",
        "display" : "Zimmer Biomet: NexGen LCCK"
      },
      {
        "code" : "zimmer_nexgen_lps",
        "display" : "Zimmer Biomet: NexGen LPS "
      },
      {
        "code" : "zimmer_nexgen_lps_flex",
        "display" : "Zimmer Biomet: NexGen LPS-Flex"
      },
      {
        "code" : "zimmer_nexgen_rhk",
        "display" : "Zimmer Biomet: NexGen RHK "
      },
      {
        "code" : "nexgen_zuk",
        "display" : "Zimmer Biomet: NexGen Zuk"
      },
      {
        "code" : "oxford_2_peg",
        "display" : "Zimmer Biomet: Oxford 2-peg"
      },
      {
        "code" : "oxford_domed_lateral_pkr",
        "display" : "Zimmer Biomet: Oxford domed lateral PKR"
      },
      {
        "code" : "biomet_oxford_phase_iii_alpha",
        "display" : "Zimmer Biomet: Oxford Phase III alpha"
      },
      {
        "code" : "persona_cr",
        "display" : "Zimmer Biomet: Persona CR"
      },
      {
        "code" : "persona_ps",
        "display" : "Zimmer Biomet: Persona PS"
      },
      {
        "code" : "persona_ppk",
        "display" : "Zimmer Biomet: Persona Partial Knee"
      },
      {
        "code" : "zimmer_nexgen_pfj",
        "display" : "Zimmer Biomet: PFJ"
      },
      {
        "code" : "biomet_rhk_rotating_hinge_knee",
        "display" : "Zimmer Biomet: RHK Rotating Hinge Knee"
      },
      {
        "code" : "biomet_vanguard_cr",
        "display" : "Zimmer Biomet: Vanguard CR"
      },
      {
        "code" : "biomet_vanguard_rocc_interlok_femur",
        "display" : "Zimmer Biomet: Vanguard ROCC - Interlok Femur"
      },
      {
        "code" : "biomet_vanguard_ssk",
        "display" : "Zimmer Biomet: Vanguard SSK 360"
      },
      {
        "code" : "zimmer_segmental_system",
        "display" : "Zimmer Biomet: Zimmer Segmental System"
      }]
    },
    {
      "system" : "https://kip.rkkp.dk/fhir/CodeSystem/GenericValues",
      "concept" : [{
        "code" : "other",
        "display" : "Andet"
      }]
    }]
  }
}