{
  "resourceType" : "ValueSet",
  "id" : "ScanningstyperCTMR",
  "text" : {
    "status" : "extensions",
    "div" : "<div xmlns=\"http://www.w3.org/1999/xhtml\"><p class=\"res-header-id\"><b>Generated Narrative: ValueSet ScanningstyperCTMR</b></p><a name=\"ScanningstyperCTMR\"> </a><a name=\"hcScanningstyperCTMR\"> </a><a name=\"ScanningstyperCTMR-en-US\"> </a><ul><li>Include these codes as defined in <a href=\"CodeSystem-MedicalScanningTypes.html\"><code>https://kip.rkkp.dk/fhir/CodeSystem/MedicalScanningTypes</code></a><table class=\"none\"><tr><td style=\"white-space:nowrap\"><b>Code</b></td><td><b>Display</b></td><td><b>Definition</b></td></tr><tr><td><a href=\"CodeSystem-MedicalScanningTypes.html#MedicalScanningTypes-ct\">ct</a></td><td>CT</td><td>Computed tomography (CT)</td></tr><tr><td><a href=\"CodeSystem-MedicalScanningTypes.html#MedicalScanningTypes-mri\">mri</a></td><td>MR</td><td>Magnetic Resonance imaging (MRI)</td></tr></table></li></ul></div>"
  },
  "url" : "https://kip.rkkp.dk/fhir/ValueSet/ScanningstyperCTMR",
  "version" : "2.9.3",
  "name" : "ScanningstyperCTMR",
  "title" : "Scanningstyper; CT, MR",
  "status" : "active",
  "experimental" : true,
  "date" : "2022-06-27T00:00:00+02:00",
  "publisher" : "Sundhedsvæsenets Kvalitetsinstitut with Trifork Digital Health A/S",
  "contact" : [{
    "name" : "Sundhedsvæsenets Kvalitetsinstitut with Trifork Digital Health A/S",
    "telecom" : [{
      "system" : "url",
      "value" : "https://trifork.com"
    },
    {
      "system" : "email",
      "value" : "rbk@trifork.com"
    }]
  }],
  "description" : "Scanningstyper; CT, MR",
  "compose" : {
    "include" : [{
      "system" : "https://kip.rkkp.dk/fhir/CodeSystem/MedicalScanningTypes",
      "concept" : [{
        "code" : "ct",
        "display" : "CT"
      },
      {
        "code" : "mri",
        "display" : "MR"
      }]
    }]
  }
}