{
  "resourceType" : "ValueSet",
  "id" : "AktuelSygdomsforlob",
  "text" : {
    "status" : "extensions",
    "div" : "<div xmlns=\"http://www.w3.org/1999/xhtml\"><p class=\"res-header-id\"><b>Generated Narrative: ValueSet AktuelSygdomsforlob</b></p><a name=\"AktuelSygdomsforlob\"> </a><a name=\"hcAktuelSygdomsforlob\"> </a><a name=\"AktuelSygdomsforlob-en-US\"> </a><ul><li>Include these codes as defined in <a href=\"CodeSystem-AktuelSygdomsforlob.html\"><code>https://kip.rkkp.dk/fhir/CodeSystem/AktuelSygdomsforlob</code></a><table class=\"none\"><tr><td style=\"white-space:nowrap\"><b>Code</b></td><td><b>Display</b></td><td><b>Definition</b></td></tr><tr><td><a href=\"CodeSystem-AktuelSygdomsforlob.html#AktuelSygdomsforlob-indlagt\">indlagt</a></td><td>Indlagt (stationær)</td><td>Patienten er indlagt (stationær)</td></tr><tr><td><a href=\"CodeSystem-AktuelSygdomsforlob.html#AktuelSygdomsforlob-ambulant\">ambulant</a></td><td>Ambulant</td><td>Patienten er ambulant</td></tr></table></li></ul></div>"
  },
  "url" : "https://kip.rkkp.dk/fhir/ValueSet/AktuelSygdomsforlob",
  "version" : "2.9.3",
  "name" : "AktuelSygdomsforlob",
  "title" : "Aktuel Sygdomsforløb",
  "status" : "active",
  "experimental" : true,
  "date" : "2022-06-22T00:00:00+02:00",
  "publisher" : "Sundhedsvæsenets Kvalitetsinstitut with Trifork Digital Health A/S",
  "contact" : [{
    "name" : "Sundhedsvæsenets Kvalitetsinstitut with Trifork Digital Health A/S",
    "telecom" : [{
      "system" : "url",
      "value" : "https://trifork.com"
    },
    {
      "system" : "email",
      "value" : "rbk@trifork.com"
    }]
  }],
  "description" : "Er patienten i det aktuelle sygdomsforløb",
  "compose" : {
    "include" : [{
      "system" : "https://kip.rkkp.dk/fhir/CodeSystem/AktuelSygdomsforlob",
      "concept" : [{
        "code" : "indlagt",
        "display" : "Indlagt (stationær)"
      },
      {
        "code" : "ambulant",
        "display" : "Ambulant"
      }]
    }]
  }
}