{
  "resourceType" : "ValueSet",
  "id" : "TreatmentIndicationCLL",
  "text" : {
    "status" : "extensions",
    "div" : "<div xmlns=\"http://www.w3.org/1999/xhtml\"><p class=\"res-header-id\"><b>Generated Narrative: ValueSet TreatmentIndicationCLL</b></p><a name=\"TreatmentIndicationCLL\"> </a><a name=\"hcTreatmentIndicationCLL\"> </a><a name=\"TreatmentIndicationCLL-en-US\"> </a><p>This value set includes codes based on the following rules:</p><ul><li>Include these codes as defined in <a href=\"CodeSystem-TreatmentIndication.html\"><code>https://kip.rkkp.dk/fhir/CodeSystem/TreatmentIndication</code></a><table class=\"none\"><tr><td style=\"white-space:nowrap\"><b>Code</b></td><td><b>Display</b></td><td><b>Definition</b></td></tr><tr><td><a href=\"CodeSystem-TreatmentIndication.html#TreatmentIndication-cll\">cll</a></td><td>CLL</td><td>CLL</td></tr><tr><td><a href=\"CodeSystem-TreatmentIndication.html#TreatmentIndication-autoimmune\">autoimmune</a></td><td>Autoimmune fænomener</td><td>Autoimmune fænomener</td></tr></table></li><li>Include these codes as defined in <a href=\"CodeSystem-GenericValues.html\"><code>https://kip.rkkp.dk/fhir/CodeSystem/GenericValues</code></a><table class=\"none\"><tr><td style=\"white-space:nowrap\"><b>Code</b></td><td><b>Display</b></td><td><b>Definition</b></td></tr><tr><td><a href=\"CodeSystem-GenericValues.html#GenericValues-other\">other</a></td><td>Andet</td><td>Other - used to choose unspecific value not in a valueset</td></tr></table></li></ul></div>"
  },
  "url" : "https://kip.rkkp.dk/fhir/ValueSet/TreatmentIndicationCLL",
  "version" : "2.9.3",
  "name" : "TreatmentIndicationCLL",
  "title" : "Treatment_Indication_CLL",
  "status" : "active",
  "experimental" : true,
  "date" : "2022-07-13T00:00:00+02:00",
  "publisher" : "Sundhedsvæsenets Kvalitetsinstitut with Trifork Digital Health A/S",
  "contact" : [{
    "name" : "Sundhedsvæsenets Kvalitetsinstitut with Trifork Digital Health A/S",
    "telecom" : [{
      "system" : "url",
      "value" : "https://trifork.com"
    },
    {
      "system" : "email",
      "value" : "rbk@trifork.com"
    }]
  }],
  "description" : "Indikation for kemoterapi/behandling - CLL",
  "compose" : {
    "include" : [{
      "system" : "https://kip.rkkp.dk/fhir/CodeSystem/TreatmentIndication",
      "concept" : [{
        "code" : "cll",
        "display" : "CLL"
      },
      {
        "code" : "autoimmune",
        "display" : "Autoimmune fænomener"
      }]
    },
    {
      "system" : "https://kip.rkkp.dk/fhir/CodeSystem/GenericValues",
      "concept" : [{
        "code" : "other",
        "display" : "Andet"
      }]
    }]
  }
}