{
  "resourceType" : "ValueSet",
  "id" : "AntibiotikaprofylakseDHR",
  "text" : {
    "status" : "extensions",
    "div" : "<div xmlns=\"http://www.w3.org/1999/xhtml\"><p class=\"res-header-id\"><b>Generated Narrative: ValueSet AntibiotikaprofylakseDHR</b></p><a name=\"AntibiotikaprofylakseDHR\"> </a><a name=\"hcAntibiotikaprofylakseDHR\"> </a><a name=\"AntibiotikaprofylakseDHR-en-US\"> </a><p>This value set includes codes based on the following rules:</p><ul><li>Include these codes as defined in <a href=\"CodeSystem-MedicationName.html\"><code>https://kip.rkkp.dk/fhir/CodeSystem/MedicationName</code></a><table class=\"none\"><tr><td style=\"white-space:nowrap\"><b>Code</b></td><td><b>Display</b></td><td><b>Definition</b></td></tr><tr><td><a href=\"CodeSystem-MedicationName.html#MedicationName-axacef\">axacef</a></td><td>Axacef</td><td>Axacef (J01DC02)</td></tr><tr><td><a href=\"CodeSystem-MedicationName.html#MedicationName-cloxacillin\">cloxacillin</a></td><td>Cloxacillin</td><td>Cloxacillin</td></tr><tr><td><a href=\"CodeSystem-MedicationName.html#MedicationName-clindamycin\">clindamycin</a></td><td>Clindamycin</td><td>Clindamycin</td></tr><tr><td><a href=\"CodeSystem-MedicationName.html#MedicationName-dicillin\">dicillin</a></td><td>Dicillin</td><td>Dicillin (J01CF01)</td></tr><tr><td><a href=\"CodeSystem-MedicationName.html#MedicationName-diclosil\">diclosil</a></td><td>Diclosil J01CF01</td><td>Diclosil (J01CF01)</td></tr><tr><td><a href=\"CodeSystem-MedicationName.html#MedicationName-zinacef\">zinacef</a></td><td>Zinacef</td><td>Zinacef (J01DC02)</td></tr></table></li><li>Include these codes as defined in <a href=\"CodeSystem-ATC.html\"><code>https://kip.rkkp.dk/fhir/CodeSystem/ATC</code></a><table class=\"none\"><tr><td style=\"white-space:nowrap\"><b>Code</b></td><td><b>Display</b></td><td><b>Definition</b></td></tr><tr><td><a href=\"CodeSystem-ATC.html#ATC-J01GB03\">J01GB03</a></td><td>Gentamicin J01GB03 - ATC</td><td>J01GB03 - gentamicin</td></tr><tr><td><a href=\"CodeSystem-ATC.html#ATC-J01XA01\">J01XA01</a></td><td>Vancomycin J01XA01 - ATC</td><td>J01XA01 - vancomycin</td></tr><tr><td><a href=\"CodeSystem-ATC.html#ATC-J01DC02\">J01DC02</a></td><td>Cefuroxime J01DC02 - ATC</td><td>J01DC02 - cefuroxime</td></tr></table></li><li>Include these codes as defined in <a href=\"CodeSystem-GenericValues.html\"><code>https://kip.rkkp.dk/fhir/CodeSystem/GenericValues</code></a><table class=\"none\"><tr><td style=\"white-space:nowrap\"><b>Code</b></td><td><b>Display</b></td><td><b>Definition</b></td></tr><tr><td><a href=\"CodeSystem-GenericValues.html#GenericValues-other\">other</a></td><td>Anden antibiotikaprofylakse</td><td>Other - used to choose unspecific value not in a valueset</td></tr></table></li></ul></div>"
  },
  "url" : "https://kip.rkkp.dk/fhir/ValueSet/AntibiotikaprofylakseDHR",
  "version" : "2.9.3",
  "name" : "AntibiotikaprofylakseDHR",
  "title" : "Antibiotikaprofylakse (DHR)",
  "status" : "active",
  "experimental" : true,
  "date" : "2022-11-18T00:00:00+02:00",
  "publisher" : "Sundhedsvæsenets Kvalitetsinstitut with Trifork Digital Health A/S",
  "contact" : [{
    "name" : "Sundhedsvæsenets Kvalitetsinstitut with Trifork Digital Health A/S",
    "telecom" : [{
      "system" : "url",
      "value" : "https://trifork.com"
    },
    {
      "system" : "email",
      "value" : "rbk@trifork.com"
    }]
  }],
  "description" : "Antibiotikaprofylakse (DHR)",
  "compose" : {
    "include" : [{
      "system" : "https://kip.rkkp.dk/fhir/CodeSystem/MedicationName",
      "concept" : [{
        "code" : "axacef",
        "display" : "Axacef"
      },
      {
        "code" : "cloxacillin",
        "display" : "Cloxacillin"
      },
      {
        "code" : "clindamycin",
        "display" : "Clindamycin"
      },
      {
        "code" : "dicillin",
        "display" : "Dicillin"
      },
      {
        "code" : "diclosil",
        "display" : "Diclosil J01CF01"
      },
      {
        "code" : "zinacef",
        "display" : "Zinacef"
      }]
    },
    {
      "system" : "https://kip.rkkp.dk/fhir/CodeSystem/ATC",
      "concept" : [{
        "code" : "J01GB03",
        "display" : "Gentamicin J01GB03 - ATC"
      },
      {
        "code" : "J01XA01",
        "display" : "Vancomycin J01XA01 - ATC"
      },
      {
        "code" : "J01DC02",
        "display" : "Cefuroxime J01DC02 - ATC"
      }]
    },
    {
      "system" : "https://kip.rkkp.dk/fhir/CodeSystem/GenericValues",
      "concept" : [{
        "code" : "other",
        "display" : "Anden antibiotikaprofylakse"
      }]
    }]
  }
}