{
  "resourceType" : "ValueSet",
  "id" : "OperationKanalFemurPlaceringDKRR",
  "text" : {
    "status" : "extensions",
    "div" : "<div xmlns=\"http://www.w3.org/1999/xhtml\"><p class=\"res-header-id\"><b>Generated Narrative: ValueSet OperationKanalFemurPlaceringDKRR</b></p><a name=\"OperationKanalFemurPlaceringDKRR\"> </a><a name=\"hcOperationKanalFemurPlaceringDKRR\"> </a><a name=\"OperationKanalFemurPlaceringDKRR-en-US\"> </a><ul><li>Include these codes as defined in <a href=\"CodeSystem-OperationCanal.html\"><code>https://kip.rkkp.dk/fhir/CodeSystem/OperationCanal</code></a><table class=\"none\"><tr><td style=\"white-space:nowrap\"><b>Code</b></td><td><b>Display</b></td><td><b>Definition</b></td></tr><tr><td><a href=\"CodeSystem-OperationCanal.html#OperationCanal-transtibial\">transtibial</a></td><td>Transtibial</td><td>Transtibial</td></tr><tr><td><a href=\"CodeSystem-OperationCanal.html#OperationCanal-anatomical\">anatomical</a></td><td>Anatomisk</td><td>Anatomical / Anatomisk</td></tr></table></li></ul></div>"
  },
  "url" : "https://kip.rkkp.dk/fhir/ValueSet/OperationKanalFemurPlaceringDKRR",
  "version" : "2.9.3",
  "name" : "OperationKanalFemurPlaceringDKRR",
  "title" : "Operation kanal - femur, placering (DKRR)",
  "status" : "active",
  "experimental" : true,
  "date" : "2022-09-19T00:00:00+02:00",
  "publisher" : "Sundhedsvæsenets Kvalitetsinstitut with Trifork Digital Health A/S",
  "contact" : [{
    "name" : "Sundhedsvæsenets Kvalitetsinstitut with Trifork Digital Health A/S",
    "telecom" : [{
      "system" : "url",
      "value" : "https://trifork.com"
    },
    {
      "system" : "email",
      "value" : "rbk@trifork.com"
    }]
  }],
  "description" : "Operation kanal - femur, placering (DKRR)",
  "compose" : {
    "include" : [{
      "system" : "https://kip.rkkp.dk/fhir/CodeSystem/OperationCanal",
      "concept" : [{
        "code" : "transtibial",
        "display" : "Transtibial"
      },
      {
        "code" : "anatomical",
        "display" : "Anatomisk"
      }]
    }]
  }
}