{
  "resourceType" : "ValueSet",
  "id" : "NIHSS6FunktionBen",
  "text" : {
    "status" : "extensions",
    "div" : "<div xmlns=\"http://www.w3.org/1999/xhtml\"><p class=\"res-header-id\"><b>Generated Narrative: ValueSet NIHSS6FunktionBen</b></p><a name=\"NIHSS6FunktionBen\"> </a><a name=\"hcNIHSS6FunktionBen\"> </a><a name=\"NIHSS6FunktionBen-en-US\"> </a><ul><li>Include these codes as defined in <a href=\"CodeSystem-NIHSS6MotorLeg.html\"><code>https://kip.rkkp.dk/fhir/CodeSystem/NIHSS6MotorLeg</code></a><table class=\"none\"><tr><td style=\"white-space:nowrap\"><b>Code</b></td><td><b>Display</b></td><td><b>Definition</b></td></tr><tr><td><a href=\"CodeSystem-NIHSS6MotorLeg.html#NIHSS6MotorLeg-0\">0</a></td><td>0 = Ingen nedsynkning</td><td>No drift; leg holds 30-degree position for full 5 seconds.</td></tr><tr><td><a href=\"CodeSystem-NIHSS6MotorLeg.html#NIHSS6MotorLeg-1\">1</a></td><td>1 = Nedsynkning, men ikke til underlag</td><td>Drift; leg falls by the end of the 5-second period but does not hit bed.</td></tr><tr><td><a href=\"CodeSystem-NIHSS6MotorLeg.html#NIHSS6MotorLeg-2\">2</a></td><td>2 = Nogen kraft mod tyngde</td><td>Some effort against gravity; leg falls to bed by 5 seconds, but has some effort against gravity.</td></tr><tr><td><a href=\"CodeSystem-NIHSS6MotorLeg.html#NIHSS6MotorLeg-3\">3</a></td><td>3 = Falder til underlag</td><td>No effort against gravity; leg falls to bed immediately.</td></tr><tr><td><a href=\"CodeSystem-NIHSS6MotorLeg.html#NIHSS6MotorLeg-4\">4</a></td><td>4 = Ingen bevægelse</td><td>No movement.</td></tr><tr><td><a href=\"CodeSystem-NIHSS6MotorLeg.html#NIHSS6MotorLeg-UN\">UN</a></td><td>5 = Kan ikke testes (amputation/stivgjort led/andet)</td><td>Amputation or joint fusion, explain:</td></tr></table></li></ul></div>"
  },
  "url" : "https://kip.rkkp.dk/fhir/ValueSet/NIHSS6FunktionBen",
  "version" : "2.9.3",
  "name" : "NIHSS6FunktionBen",
  "title" : "NIHSS - 6. Motorisk funktion i ben",
  "status" : "active",
  "experimental" : true,
  "date" : "2022-06-27T00:00:00+02:00",
  "publisher" : "Sundhedsvæsenets Kvalitetsinstitut with Trifork Digital Health A/S",
  "contact" : [{
    "name" : "Sundhedsvæsenets Kvalitetsinstitut with Trifork Digital Health A/S",
    "telecom" : [{
      "system" : "url",
      "value" : "https://trifork.com"
    },
    {
      "system" : "email",
      "value" : "rbk@trifork.com"
    }]
  }],
  "description" : "The National Institute of Health Stroke Scale (NIHSS) - 6. Motorisk funktion i ben",
  "compose" : {
    "include" : [{
      "system" : "https://kip.rkkp.dk/fhir/CodeSystem/NIHSS6MotorLeg",
      "concept" : [{
        "code" : "0",
        "display" : "0 = Ingen nedsynkning"
      },
      {
        "code" : "1",
        "display" : "1 = Nedsynkning, men ikke til underlag"
      },
      {
        "code" : "2",
        "display" : "2 = Nogen kraft mod tyngde"
      },
      {
        "code" : "3",
        "display" : "3 = Falder til underlag"
      },
      {
        "code" : "4",
        "display" : "4 = Ingen bevægelse"
      },
      {
        "code" : "UN",
        "display" : "5 = Kan ikke testes (amputation/stivgjort led/andet)"
      }]
    }]
  }
}