{
  "resourceType" : "ValueSet",
  "id" : "OnkologibehandlingerAll",
  "text" : {
    "status" : "extensions",
    "div" : "<div xmlns=\"http://www.w3.org/1999/xhtml\"><p class=\"res-header-id\"><b>Generated Narrative: ValueSet OnkologibehandlingerAll</b></p><a name=\"OnkologibehandlingerAll\"> </a><a name=\"hcOnkologibehandlingerAll\"> </a><a name=\"OnkologibehandlingerAll-en-US\"> </a><ul><li>Include these codes as defined in <a href=\"CodeSystem-Onkologibehandling.html\"><code>https://kip.rkkp.dk/fhir/CodeSystem/Onkologibehandling</code></a><table class=\"none\"><tr><td style=\"white-space:nowrap\"><b>Code</b></td><td><b>Display</b></td><td><b>Definition</b></td></tr><tr><td><a href=\"CodeSystem-Onkologibehandling.html#Onkologibehandling-kurativ\">kurativ</a></td><td>Kurativ</td><td>Kurativ behandling</td></tr><tr><td><a href=\"CodeSystem-Onkologibehandling.html#Onkologibehandling-palliativ\">palliativ</a></td><td>Palliativ</td><td>Palliativ behandling</td></tr><tr><td><a href=\"CodeSystem-Onkologibehandling.html#Onkologibehandling-ingen\">ingen</a></td><td>Ingen</td><td>Ingen behandling</td></tr></table></li></ul></div>"
  },
  "url" : "https://kip.rkkp.dk/fhir/ValueSet/OnkologibehandlingerAll",
  "version" : "2.9.3",
  "name" : "OnkologibehandlingerAll",
  "title" : "Onkologibehandlinger - alle",
  "status" : "active",
  "experimental" : true,
  "date" : "2022-04-28T00:00:00+02:00",
  "publisher" : "Sundhedsvæsenets Kvalitetsinstitut with Trifork Digital Health A/S",
  "contact" : [{
    "name" : "Sundhedsvæsenets Kvalitetsinstitut with Trifork Digital Health A/S",
    "telecom" : [{
      "system" : "url",
      "value" : "https://trifork.com"
    },
    {
      "system" : "email",
      "value" : "rbk@trifork.com"
    }]
  }],
  "description" : "Dette er alle typer af onkologibehandlinger",
  "compose" : {
    "include" : [{
      "system" : "https://kip.rkkp.dk/fhir/CodeSystem/Onkologibehandling",
      "concept" : [{
        "code" : "kurativ",
        "display" : "Kurativ"
      },
      {
        "code" : "palliativ",
        "display" : "Palliativ"
      },
      {
        "code" : "ingen",
        "display" : "Ingen"
      }]
    }]
  }
}