{
  "resourceType" : "ValueSet",
  "id" : "AsaIV",
  "text" : {
    "status" : "extensions",
    "div" : "<div xmlns=\"http://www.w3.org/1999/xhtml\"><p class=\"res-header-id\"><b>Generated Narrative: ValueSet AsaIV</b></p><a name=\"AsaIV\"> </a><a name=\"hcAsaIV\"> </a><a name=\"AsaIV-en-US\"> </a><ul><li>Include these codes as defined in <a href=\"CodeSystem-ASAClassification.html\"><code>https://kip.rkkp.dk/fhir/CodeSystem/ASAClassification</code></a><table class=\"none\"><tr><td style=\"white-space:nowrap\"><b>Code</b></td><td><b>Display</b></td><td><b>Definition</b></td></tr><tr><td><a href=\"CodeSystem-ASAClassification.html#ASAClassification-asai\">asai</a></td><td>ASA I - Rask patient</td><td>A normal healthy patient</td></tr><tr><td><a href=\"CodeSystem-ASAClassification.html#ASAClassification-asaii\">asaii</a></td><td>ASA II - Mild systemisk sygdom</td><td>A patient with mild systemic disease</td></tr><tr><td><a href=\"CodeSystem-ASAClassification.html#ASAClassification-asaiii\">asaiii</a></td><td>ASA III - Alvorlig systemisk sygdom</td><td>A patient with severe systemic disease</td></tr><tr><td><a href=\"CodeSystem-ASAClassification.html#ASAClassification-asaiv\">asaiv</a></td><td>ASA IV - Alvorlig systemisk sygdom, som er konstant livstruende</td><td>A patient with severe systemic disease that is a constant threat to life</td></tr><tr><td><a href=\"CodeSystem-ASAClassification.html#ASAClassification-asav\">asav</a></td><td>ASA V - Moribund patient, som ikke forventes at overleve uden operation</td><td>A moribund patient who is not expected to survive without the operation</td></tr></table></li></ul></div>"
  },
  "url" : "https://kip.rkkp.dk/fhir/ValueSet/AsaIV",
  "version" : "2.9.3",
  "name" : "AsaIV",
  "title" : "ASA klassifikation I-V",
  "status" : "active",
  "experimental" : true,
  "date" : "2022-06-08T00:00:00+02:00",
  "publisher" : "Sundhedsvæsenets Kvalitetsinstitut with Trifork Digital Health A/S",
  "contact" : [{
    "name" : "Sundhedsvæsenets Kvalitetsinstitut with Trifork Digital Health A/S",
    "telecom" : [{
      "system" : "url",
      "value" : "https://trifork.com"
    },
    {
      "system" : "email",
      "value" : "rbk@trifork.com"
    }]
  }],
  "description" : "ASA klassifikation: De udvalgte koder for ASA fra I-V",
  "compose" : {
    "include" : [{
      "system" : "https://kip.rkkp.dk/fhir/CodeSystem/ASAClassification",
      "concept" : [{
        "code" : "asai",
        "display" : "ASA I - Rask patient"
      },
      {
        "code" : "asaii",
        "display" : "ASA II - Mild systemisk sygdom"
      },
      {
        "code" : "asaiii",
        "display" : "ASA III - Alvorlig systemisk sygdom"
      },
      {
        "code" : "asaiv",
        "display" : "ASA IV - Alvorlig systemisk sygdom, som er konstant livstruende"
      },
      {
        "code" : "asav",
        "display" : "ASA V - Moribund patient, som ikke forventes at overleve uden operation"
      }]
    }]
  }
}