{
  "resourceType" : "ValueSet",
  "id" : "ModifiedRaymondRoyKlassification",
  "text" : {
    "status" : "extensions",
    "div" : "<div xmlns=\"http://www.w3.org/1999/xhtml\"><p class=\"res-header-id\"><b>Generated Narrative: ValueSet ModifiedRaymondRoyKlassification</b></p><a name=\"ModifiedRaymondRoyKlassification\"> </a><a name=\"hcModifiedRaymondRoyKlassification\"> </a><a name=\"ModifiedRaymondRoyKlassification-en-US\"> </a><ul><li>Include these codes as defined in <a href=\"CodeSystem-RaymondRoyClassification.html\"><code>https://kip.rkkp.dk/fhir/CodeSystem/RaymondRoyClassification</code></a><table class=\"none\"><tr><td style=\"white-space:nowrap\"><b>Code</b></td><td><b>Display</b></td><td><b>Definition</b></td></tr><tr><td><a href=\"CodeSystem-RaymondRoyClassification.html#RaymondRoyClassification-classi\">classi</a></td><td>I, komplet aflukning</td><td>Class I: Complete obliteration</td></tr><tr><td><a href=\"CodeSystem-RaymondRoyClassification.html#RaymondRoyClassification-classii\">classii</a></td><td>II, hals rest</td><td>Class II: Residual neck</td></tr><tr><td><a href=\"CodeSystem-RaymondRoyClassification.html#RaymondRoyClassification-classiiia\">classiiia</a></td><td>IIIa, rest aneurisme - kontrastopløb centralt i coilpakken</td><td>Class IIIa: Contrast opacification within the coil interstices of a residual aneurysm (only in MRRC)</td></tr><tr><td><a href=\"CodeSystem-RaymondRoyClassification.html#RaymondRoyClassification-classiiib\">classiiib</a></td><td>IIIb, rest aneurisme - kontrastopløb langs aneurismevæggen</td><td>Class IIIb: contrast opacification outside the coil interstices, along the residual aneurysm wall (only in MRRC)</td></tr></table></li></ul></div>"
  },
  "url" : "https://kip.rkkp.dk/fhir/ValueSet/ModifiedRaymondRoyKlassification",
  "version" : "2.9.3",
  "name" : "ModifiedRaymondRoyKlassification",
  "title" : "Modified Raymond-Roy klassifikation (MRRC)",
  "status" : "active",
  "experimental" : true,
  "date" : "2022-06-29T00:00:00+02:00",
  "publisher" : "Sundhedsvæsenets Kvalitetsinstitut with Trifork Digital Health A/S",
  "contact" : [{
    "name" : "Sundhedsvæsenets Kvalitetsinstitut with Trifork Digital Health A/S",
    "telecom" : [{
      "system" : "url",
      "value" : "https://trifork.com"
    },
    {
      "system" : "email",
      "value" : "rbk@trifork.com"
    }]
  }],
  "description" : "Modified Raymond-Roy klassifikation (MRRC)",
  "compose" : {
    "include" : [{
      "system" : "https://kip.rkkp.dk/fhir/CodeSystem/RaymondRoyClassification",
      "concept" : [{
        "code" : "classi",
        "display" : "I, komplet aflukning"
      },
      {
        "code" : "classii",
        "display" : "II, hals rest"
      },
      {
        "code" : "classiiia",
        "display" : "IIIa, rest aneurisme - kontrastopløb centralt i coilpakken"
      },
      {
        "code" : "classiiib",
        "display" : "IIIb, rest aneurisme - kontrastopløb langs aneurismevæggen"
      }]
    }]
  }
}