{
  "resourceType" : "ValueSet",
  "id" : "AfdelingDandem",
  "text" : {
    "status" : "extensions",
    "div" : "<div xmlns=\"http://www.w3.org/1999/xhtml\"><p class=\"res-header-id\"><b>Generated Narrative: ValueSet AfdelingDandem</b></p><a name=\"AfdelingDandem\"> </a><a name=\"hcAfdelingDandem\"> </a><a name=\"AfdelingDandem-en-US\"> </a><p>This value set includes codes based on the following rules:</p><ul><li>Include these codes as defined in <a href=\"CodeSystem-SOR.html\"><code>https://kip.rkkp.dk/fhir/CodeSystem/SOR</code></a><table class=\"none\"><tr><td style=\"white-space:nowrap\"><b>Code</b></td><td><b>Display</b></td><td><b>Definition</b></td></tr><tr><td><a href=\"CodeSystem-SOR.html#SOR-253121000016002\">253121000016002</a></td><td>Rigshospitalet, Blegdamsvej (253121000016002)</td><td>Rigshospitalet - Hukommelsesklinikken, N7 (Shak: 1301227)</td></tr><tr><td><a href=\"CodeSystem-SOR.html#SOR-911061000016003\">911061000016003</a></td><td>Aalborg UH, Demensenheden (911061000016003)</td><td>Aalborg Universitetshospital - Alb Demensenheden, RN (Shak: 800119D)</td></tr><tr><td><a href=\"CodeSystem-SOR.html#SOR-275991000016001\">275991000016001</a></td><td>Aalborg UH, Neurologisk (275991000016001)</td><td>Aalborg Universitetshospital - Alb Neurologisk amb. (Shak: 8001199)</td></tr></table></li><li>Include these codes as defined in <a href=\"CodeSystem-GenericValues.html\"><code>https://kip.rkkp.dk/fhir/CodeSystem/GenericValues</code></a><table class=\"none\"><tr><td style=\"white-space:nowrap\"><b>Code</b></td><td><b>Display</b></td><td><b>Definition</b></td></tr><tr><td><a href=\"CodeSystem-GenericValues.html#GenericValues-other\">other</a></td><td>Anden afdeling</td><td>Other - used to choose unspecific value not in a valueset</td></tr></table></li></ul></div>"
  },
  "url" : "https://kip.rkkp.dk/fhir/ValueSet/AfdelingDandem",
  "version" : "2.9.3",
  "name" : "AfdelingDandem",
  "title" : "Afdelinger til DANDEM",
  "status" : "active",
  "experimental" : true,
  "date" : "2023-03-08T00:00:00+02:00",
  "publisher" : "Sundhedsvæsenets Kvalitetsinstitut with Trifork Digital Health A/S",
  "contact" : [{
    "name" : "Sundhedsvæsenets Kvalitetsinstitut with Trifork Digital Health A/S",
    "telecom" : [{
      "system" : "url",
      "value" : "https://trifork.com"
    },
    {
      "system" : "email",
      "value" : "rbk@trifork.com"
    }]
  }],
  "description" : "Afdelinger til DANDEM",
  "compose" : {
    "include" : [{
      "system" : "https://kip.rkkp.dk/fhir/CodeSystem/SOR",
      "concept" : [{
        "code" : "253121000016002",
        "display" : "Rigshospitalet, Blegdamsvej (253121000016002)"
      },
      {
        "code" : "911061000016003",
        "display" : "Aalborg UH, Demensenheden (911061000016003)"
      },
      {
        "code" : "275991000016001",
        "display" : "Aalborg UH, Neurologisk (275991000016001)"
      }]
    },
    {
      "system" : "https://kip.rkkp.dk/fhir/CodeSystem/GenericValues",
      "concept" : [{
        "code" : "other",
        "display" : "Anden afdeling"
      }]
    }]
  }
}