{
  "resourceType" : "ValueSet",
  "id" : "RygningDCCG",
  "text" : {
    "status" : "extensions",
    "div" : "<div xmlns=\"http://www.w3.org/1999/xhtml\"><p class=\"res-header-id\"><b>Generated Narrative: ValueSet RygningDCCG</b></p><a name=\"RygningDCCG\"> </a><a name=\"hcRygningDCCG\"> </a><a name=\"RygningDCCG-en-US\"> </a><p>This value set includes codes based on the following rules:</p><ul><li>Include these codes as defined in <a href=\"CodeSystem-Smoking.html\"><code>https://kip.rkkp.dk/fhir/CodeSystem/Smoking</code></a><table class=\"none\"><tr><td style=\"white-space:nowrap\"><b>Code</b></td><td><b>Display</b></td><td><b>Definition</b></td></tr><tr><td><a href=\"CodeSystem-Smoking.html#Smoking-smoker\">smoker</a></td><td>Ryger (indenfor de seneste 8 uger)</td><td>Ryger</td></tr><tr><td><a href=\"CodeSystem-Smoking.html#Smoking-formersmoker\">formersmoker</a></td><td>Tidligere ryger (ikke røget de seneste 8 uger)</td><td>Tidligere ryger</td></tr><tr><td><a href=\"CodeSystem-Smoking.html#Smoking-never-smoker\">never-smoker</a></td><td>Aldrig ryger</td><td>Aldrig ryger</td></tr></table></li><li>Include these codes as defined in <a href=\"http://terminology.hl7.org/3.1.0/CodeSystem-v2-0532.html\"><code>http://terminology.hl7.org/CodeSystem/v2-0532</code></a><table class=\"none\"><tr><td style=\"white-space:nowrap\"><b>Code</b></td><td><b>Display</b></td><td><b>Definition</b></td></tr><tr><td><a href=\"http://terminology.hl7.org/3.1.0/CodeSystem-v2-0532.html#v2-0532-UNK\">UNK</a></td><td>Uoplyst</td><td>unknown</td></tr></table></li></ul></div>"
  },
  "url" : "https://kip.rkkp.dk/fhir/ValueSet/RygningDCCG",
  "version" : "2.9.3",
  "name" : "RygningDCCG",
  "title" : "Rygning (DCCG)",
  "status" : "active",
  "experimental" : true,
  "date" : "2022-11-08T00:00:00+02:00",
  "publisher" : "Sundhedsvæsenets Kvalitetsinstitut with Trifork Digital Health A/S",
  "contact" : [{
    "name" : "Sundhedsvæsenets Kvalitetsinstitut with Trifork Digital Health A/S",
    "telecom" : [{
      "system" : "url",
      "value" : "https://trifork.com"
    },
    {
      "system" : "email",
      "value" : "rbk@trifork.com"
    }]
  }],
  "description" : "Udfald for rygning",
  "compose" : {
    "include" : [{
      "system" : "https://kip.rkkp.dk/fhir/CodeSystem/Smoking",
      "concept" : [{
        "code" : "smoker",
        "display" : "Ryger (indenfor de seneste 8 uger)"
      },
      {
        "code" : "formersmoker",
        "display" : "Tidligere ryger (ikke røget de seneste 8 uger)"
      },
      {
        "code" : "never-smoker",
        "display" : "Aldrig ryger"
      }]
    },
    {
      "system" : "http://terminology.hl7.org/CodeSystem/v2-0532",
      "concept" : [{
        "code" : "UNK",
        "display" : "Uoplyst"
      }]
    }]
  }
}