{
  "resourceType" : "ValueSet",
  "id" : "HarrisHipScoreSmerter",
  "text" : {
    "status" : "extensions",
    "div" : "<div xmlns=\"http://www.w3.org/1999/xhtml\"><p class=\"res-header-id\"><b>Generated Narrative: ValueSet HarrisHipScoreSmerter</b></p><a name=\"HarrisHipScoreSmerter\"> </a><a name=\"hcHarrisHipScoreSmerter\"> </a><a name=\"HarrisHipScoreSmerter-en-US\"> </a><ul><li>Include these codes as defined in <a href=\"CodeSystem-HarrisHipScorePain.html\"><code>https://kip.rkkp.dk/fhir/CodeSystem/HarrisHipScorePain</code></a><table class=\"none\"><tr><td style=\"white-space:nowrap\"><b>Code</b></td><td><b>Display</b></td><td><b>Definition</b></td></tr><tr><td><a href=\"CodeSystem-HarrisHipScorePain.html#HarrisHipScorePain-44\">44</a></td><td>Ingen</td><td>None, or ignores it (44)</td></tr><tr><td><a href=\"CodeSystem-HarrisHipScorePain.html#HarrisHipScorePain-40\">40</a></td><td>Lette, ingen aktivitetsbegrænsning</td><td>Slight, occasional, no compromise in activity (40)</td></tr><tr><td><a href=\"CodeSystem-HarrisHipScorePain.html#HarrisHipScorePain-30\">30</a></td><td>Milde, ej ved aktivitet men ved sværere anstrengelse</td><td>Mild pain, no effect on average activities, rarely moderate pain with unusual activity, may take aspirin (30)</td></tr><tr><td><a href=\"CodeSystem-HarrisHipScorePain.html#HarrisHipScorePain-20\">20</a></td><td>Moderate, kun ved dagl. aktivitet + arbejde, dagl. analgetika</td><td>Moderate pain, tolerable but makes concessions to pain. Some limitations of ordinary activity or work. May require occasional pain medication stronger than aspirin (20)</td></tr><tr><td><a href=\"CodeSystem-HarrisHipScorePain.html#HarrisHipScorePain-10\">10</a></td><td>Sværere, stærk begrænsning i de daglige aktiviteter</td><td>Marked pain, serious limitation of activities (10)</td></tr><tr><td><a href=\"CodeSystem-HarrisHipScorePain.html#HarrisHipScorePain-0\">0</a></td><td>Invaliderende hvilesmerter</td><td>Totally disabled, crippled, pain in bed, bedridden (0)</td></tr></table></li></ul></div>"
  },
  "url" : "https://kip.rkkp.dk/fhir/ValueSet/HarrisHipScoreSmerter",
  "version" : "2.9.3",
  "name" : "HarrisHipScoreSmerter",
  "title" : "Harris Hip Score - Smerter",
  "status" : "active",
  "experimental" : true,
  "date" : "2022-11-15T00:00:00+02:00",
  "publisher" : "Sundhedsvæsenets Kvalitetsinstitut with Trifork Digital Health A/S",
  "contact" : [{
    "name" : "Sundhedsvæsenets Kvalitetsinstitut with Trifork Digital Health A/S",
    "telecom" : [{
      "system" : "url",
      "value" : "https://trifork.com"
    },
    {
      "system" : "email",
      "value" : "rbk@trifork.com"
    }]
  }],
  "description" : "Harris Hip Score - Smerter",
  "compose" : {
    "include" : [{
      "system" : "https://kip.rkkp.dk/fhir/CodeSystem/HarrisHipScorePain",
      "concept" : [{
        "code" : "44",
        "display" : "Ingen"
      },
      {
        "code" : "40",
        "display" : "Lette, ingen aktivitetsbegrænsning"
      },
      {
        "code" : "30",
        "display" : "Milde, ej ved aktivitet men ved sværere anstrengelse"
      },
      {
        "code" : "20",
        "display" : "Moderate, kun ved dagl. aktivitet + arbejde, dagl. analgetika"
      },
      {
        "code" : "10",
        "display" : "Sværere, stærk begrænsning i de daglige aktiviteter"
      },
      {
        "code" : "0",
        "display" : "Invaliderende hvilesmerter"
      }]
    }]
  }
}