{
  "resourceType" : "ValueSet",
  "id" : "TumorklassifikationBehandlingDEGC",
  "text" : {
    "status" : "extensions",
    "div" : "<div xmlns=\"http://www.w3.org/1999/xhtml\"><p class=\"res-header-id\"><b>Generated Narrative: ValueSet TumorklassifikationBehandlingDEGC</b></p><a name=\"TumorklassifikationBehandlingDEGC\"> </a><a name=\"hcTumorklassifikationBehandlingDEGC\"> </a><a name=\"TumorklassifikationBehandlingDEGC-en-US\"> </a><ul><li>Include these codes as defined in <a href=\"CodeSystem-TumorClassificationHistology.html\"><code>https://kip.rkkp.dk/fhir/CodeSystem/TumorClassificationHistology</code></a><table class=\"none\"><tr><td style=\"white-space:nowrap\"><b>Code</b></td><td><b>Display</b></td><td><b>Definition</b></td></tr><tr><td><a href=\"CodeSystem-TumorClassificationHistology.html#TumorClassificationHistology-planocellular\">planocellular</a></td><td>Planocellulært</td><td>Planocellulært karcinom</td></tr><tr><td><a href=\"CodeSystem-TumorClassificationHistology.html#TumorClassificationHistology-adenocarcinoma\">adenocarcinoma</a></td><td>Adenocarcinom</td><td>Adenokarcinom</td></tr><tr><td><a href=\"CodeSystem-TumorClassificationHistology.html#TumorClassificationHistology-other\">other</a></td><td>Andre</td><td>Anden type karcinom</td></tr><tr><td><a href=\"CodeSystem-TumorClassificationHistology.html#TumorClassificationHistology-noresidualtumor\">noresidualtumor</a></td><td>Ingen resttumor</td><td>Ingen resttumor</td></tr></table></li></ul></div>"
  },
  "url" : "https://kip.rkkp.dk/fhir/ValueSet/TumorklassifikationBehandlingDEGC",
  "version" : "2.9.3",
  "name" : "TumorklassifikationBehandlingDEGC",
  "title" : "Tumorklassifikation",
  "status" : "active",
  "experimental" : true,
  "date" : "2022-06-08T00:00:00+02:00",
  "publisher" : "Sundhedsvæsenets Kvalitetsinstitut with Trifork Digital Health A/S",
  "contact" : [{
    "name" : "Sundhedsvæsenets Kvalitetsinstitut with Trifork Digital Health A/S",
    "telecom" : [{
      "system" : "url",
      "value" : "https://trifork.com"
    },
    {
      "system" : "email",
      "value" : "rbk@trifork.com"
    }]
  }],
  "description" : "Histologisk tumorklassifikation i DEGC (behandling)",
  "compose" : {
    "include" : [{
      "system" : "https://kip.rkkp.dk/fhir/CodeSystem/TumorClassificationHistology",
      "concept" : [{
        "code" : "planocellular",
        "display" : "Planocellulært"
      },
      {
        "code" : "adenocarcinoma",
        "display" : "Adenocarcinom"
      },
      {
        "code" : "other",
        "display" : "Andre"
      },
      {
        "code" : "noresidualtumor",
        "display" : "Ingen resttumor"
      }]
    }]
  }
}