{"resourceType":"CodeSystem","id":"PatobankSNOMED","text":{"status":"generated","div":"<div xmlns=\"http://www.w3.org/1999/xhtml\"><p class=\"res-header-id\"><b>Generated Narrative: CodeSystem PatobankSNOMED</b></p><a name=\"PatobankSNOMED\"> </a><a name=\"hcPatobankSNOMED\"> </a><a name=\"PatobankSNOMED-en-US\"> </a><p>This case-sensitive code system <code>https://kip.rkkp.dk/fhir/CodeSystem/PatobankSNOMED</code> provides <b>a fragment</b> that includes following codes:</p><table class=\"codes\"><tr><td style=\"white-space:nowrap\"><b>Code</b></td><td><b>Display</b></td><td><b>Definition</b></td></tr><tr><td style=\"white-space:nowrap\">M96103<a name=\"PatobankSNOMED-M96103\"> </a></td><td>B-cellelymfom</td><td>B-cellelymfom</td></tr><tr><td style=\"white-space:nowrap\">M96503<a name=\"PatobankSNOMED-M96503\"> </a></td><td>Hodgkin lymfom, klassisk type</td><td>Hodgkin lymfom, klassisk type</td></tr><tr><td style=\"white-space:nowrap\">M96513<a name=\"PatobankSNOMED-M96513\"> </a></td><td>Hodgkin lymfom, klassisk type, lymfocytrig</td><td>Hodgkin lymfom, klassisk type, lymfocytrig</td></tr><tr><td style=\"white-space:nowrap\">M96523<a name=\"PatobankSNOMED-M96523\"> </a></td><td>Hodgkin lymfom, klassisk type, mixed cellularitet</td><td>Hodgkin lymfom, klassisk type, mixed cellularitet</td></tr><tr><td style=\"white-space:nowrap\">M96533<a name=\"PatobankSNOMED-M96533\"> </a></td><td>Hodgkin lymfom, klassisk type, lymfocytdepleteret</td><td>Hodgkin lymfom, klassisk type, lymfocytdepleteret</td></tr><tr><td style=\"white-space:nowrap\">M96593<a name=\"PatobankSNOMED-M96593\"> </a></td><td>Hodgkin lymfom, nodulær, lymfocyt dominans</td><td>Hodgkin lymfom, nodulær, lymfocyt dominans</td></tr><tr><td style=\"white-space:nowrap\">M96633<a name=\"PatobankSNOMED-M96633\"> </a></td><td>Hodgkin lymfom, klassisk type, nodulær sklerose</td><td>Hodgkin lymfom, klassisk type, nodulær sklerose</td></tr><tr><td style=\"white-space:nowrap\">M96703<a name=\"PatobankSNOMED-M96703\"> </a></td><td>Småcellet lymfocytært lymfom</td><td>Småcellet lymfocytært lymfom</td></tr><tr><td style=\"white-space:nowrap\">M96783<a name=\"PatobankSNOMED-M96783\"> </a></td><td>primært effusionslymfom</td><td>primært effusionslymfom</td></tr><tr><td style=\"white-space:nowrap\">M96793<a name=\"PatobankSNOMED-M96793\"> </a></td><td>mediastinalt storcellet B-cellelymfom</td><td>mediastinalt storcellet B-cellelymfom</td></tr><tr><td style=\"white-space:nowrap\">M96873<a name=\"PatobankSNOMED-M96873\"> </a></td><td>Burkitt lymfom</td><td>Burkitt lymfom</td></tr><tr><td style=\"white-space:nowrap\">M968H3<a name=\"PatobankSNOMED-M968H3\"> </a></td><td>high-grade B-lymfom</td><td>high-grade B-lymfom</td></tr><tr><td style=\"white-space:nowrap\">M968I3<a name=\"PatobankSNOMED-M968I3\"> </a></td><td>high-grade B-lymfom med MYC og BCL2 og/eller BCL6 rearr.</td><td>high-grade B-lymfom med MYC og BCL2 og/eller BCL6 rearr.</td></tr><tr><td style=\"white-space:nowrap\">M96903<a name=\"PatobankSNOMED-M96903\"> </a></td><td>follikulært lymfom</td><td>follikulært lymfom</td></tr><tr><td style=\"white-space:nowrap\">M96993<a name=\"PatobankSNOMED-M96993\"> </a></td><td>marginalzone B-cellelymfom</td><td>marginalzone B-cellelymfom</td></tr><tr><td style=\"white-space:nowrap\">M97003<a name=\"PatobankSNOMED-M97003\"> </a></td><td>mycosis fungoides</td><td>mycosis fungoides</td></tr><tr><td style=\"white-space:nowrap\">M97013<a name=\"PatobankSNOMED-M97013\"> </a></td><td>Sezarys syndrom</td><td>Sezarys syndrom</td></tr><tr><td style=\"white-space:nowrap\">M97023<a name=\"PatobankSNOMED-M97023\"> </a></td><td>perifert T-cellelymfom</td><td>perifert T-cellelymfom</td></tr><tr><td style=\"white-space:nowrap\">M97053<a name=\"PatobankSNOMED-M97053\"> </a></td><td>angioimmunoblastisk T-cellelymfom</td><td>angioimmunoblastisk T-cellelymfom</td></tr><tr><td style=\"white-space:nowrap\">M97083<a name=\"PatobankSNOMED-M97083\"> </a></td><td>subkutant panniculit-lignende T-cellelymfom</td><td>subkutant panniculit-lignende T-cellelymfom</td></tr><tr><td style=\"white-space:nowrap\">M97143<a name=\"PatobankSNOMED-M97143\"> </a></td><td>anaplastisk storcellet lymfom</td><td>anaplastisk storcellet lymfom</td></tr><tr><td style=\"white-space:nowrap\">M97163<a name=\"PatobankSNOMED-M97163\"> </a></td><td>hepatosplenisk T-cellelymfom</td><td>hepatosplenisk T-cellelymfom</td></tr><tr><td style=\"white-space:nowrap\">M97173<a name=\"PatobankSNOMED-M97173\"> </a></td><td>enteropati-associeret T-cellelymfom</td><td>enteropati-associeret T-cellelymfom</td></tr><tr><td style=\"white-space:nowrap\">M97183<a name=\"PatobankSNOMED-M97183\"> </a></td><td>primært kutant anaplastisk storcellet lymfom</td><td>primært kutant anaplastisk storcellet lymfom</td></tr><tr><td style=\"white-space:nowrap\">M97193<a name=\"PatobankSNOMED-M97193\"> </a></td><td>ekstranodalt NK/T-cellelymfom, nasal type</td><td>ekstranodalt NK/T-cellelymfom, nasal type</td></tr><tr><td style=\"white-space:nowrap\">M97263<a name=\"PatobankSNOMED-M97263\"> </a></td><td>primært kutant gamma-delta T-cellelymfom</td><td>primært kutant gamma-delta T-cellelymfom</td></tr><tr><td style=\"white-space:nowrap\">M97293<a name=\"PatobankSNOMED-M97293\"> </a></td><td>precursor T-lymfoblastisk lymfom</td><td>precursor T-lymfoblastisk lymfom</td></tr><tr><td style=\"white-space:nowrap\">M97353<a name=\"PatobankSNOMED-M97353\"> </a></td><td>plasmablastisk lymfom</td><td>plasmablastisk lymfom</td></tr><tr><td style=\"white-space:nowrap\">M97373<a name=\"PatobankSNOMED-M97373\"> </a></td><td>storcellet B-cellelymfom, ALK-positivt</td><td>storcellet B-cellelymfom, ALK-positivt</td></tr><tr><td style=\"white-space:nowrap\">M96713<a name=\"PatobankSNOMED-M96713\"> </a></td><td>Lymfoplasmacytært lymfom</td><td>Lymfoplasmacytært lymfom</td></tr><tr><td style=\"white-space:nowrap\">M96733<a name=\"PatobankSNOMED-M96733\"> </a></td><td>Mantlecellelymfom</td><td>Mantlecellelymfom</td></tr><tr><td style=\"white-space:nowrap\">M96803<a name=\"PatobankSNOMED-M96803\"> </a></td><td>Diffust storcellet B-cellelymfom</td><td>Diffust storcellet B-cellelymfom</td></tr><tr><td style=\"white-space:nowrap\">M96893<a name=\"PatobankSNOMED-M96893\"> </a></td><td>Splenisk marginalzone B-cellelymfom</td><td>Splenisk marginalzone B-cellelymfom</td></tr><tr><td style=\"white-space:nowrap\">M97283<a name=\"PatobankSNOMED-M97283\"> </a></td><td>Precursor B-lymfoblastisk lymfom</td><td>Precursor B-lymfoblastisk lymfom</td></tr><tr><td style=\"white-space:nowrap\">M98013<a name=\"PatobankSNOMED-M98013\"> </a></td><td>akut udifferentieret leukæmi</td><td>akut udifferentieret leukæmi</td></tr><tr><td style=\"white-space:nowrap\">M98053<a name=\"PatobankSNOMED-M98053\"> </a></td><td>akut leukæmi af ubestemmelig celletype</td><td>akut leukæmi af ubestemmelig celletype</td></tr><tr><td style=\"white-space:nowrap\">M98063<a name=\"PatobankSNOMED-M98063\"> </a></td><td>bl. fænotype akut leukæmi m. t(9;22); BCR-ABL1</td><td>bl. fænotype akut leukæmi m. t(9;22); BCR-ABL1</td></tr><tr><td style=\"white-space:nowrap\">M98073<a name=\"PatobankSNOMED-M98073\"> </a></td><td>bl. fænotype akut leukæmi m. t(v;11q); KMT2A rearr.</td><td>bl. fænotype akut leukæmi m. t(v;11q); KMT2A rearr.</td></tr><tr><td style=\"white-space:nowrap\">M98143<a name=\"PatobankSNOMED-M98143\"> </a></td><td>B-lymfobl. leukæmi/lymfom m. t(12;21); ETV6-RUNX1</td><td>B-lymfobl. leukæmi/lymfom m. t(12;21); ETV6-RUNX1</td></tr><tr><td style=\"white-space:nowrap\">M98153<a name=\"PatobankSNOMED-M98153\"> </a></td><td>B-lymfobl. leukæmi/lymfom med hyperdiploidi</td><td>B-lymfobl. leukæmi/lymfom med hyperdiploidi</td></tr><tr><td style=\"white-space:nowrap\">M98173<a name=\"PatobankSNOMED-M98173\"> </a></td><td>B-lymfobl. leukæmi/lymfom m. t(5;14); IgH/IL3</td><td>B-lymfobl. leukæmi/lymfom m. t(5;14); IgH/IL3</td></tr><tr><td style=\"white-space:nowrap\">M98183<a name=\"PatobankSNOMED-M98183\"> </a></td><td>B-lymfobl. leukæmi/lymfom m. t(1;19); TCF3-PBX1</td><td>B-lymfobl. leukæmi/lymfom m. t(1;19); TCF3-PBX1</td></tr><tr><td style=\"white-space:nowrap\">M98273<a name=\"PatobankSNOMED-M98273\"> </a></td><td>adult T-cellelymfom/leukæmi</td><td>adult T-cellelymfom/leukæmi</td></tr><tr><td style=\"white-space:nowrap\">M98353<a name=\"PatobankSNOMED-M98353\"> </a></td><td>precursor B-lymfoblastisk leukæmi</td><td>precursor B-lymfoblastisk leukæmi</td></tr><tr><td style=\"white-space:nowrap\">M98373<a name=\"PatobankSNOMED-M98373\"> </a></td><td>precursor T-lymfoblastisk leukæmi</td><td>precursor T-lymfoblastisk leukæmi</td></tr><tr><td style=\"white-space:nowrap\">M98403<a name=\"PatobankSNOMED-M98403\"> </a></td><td>erytroleukæmi (FAB-type M6)</td><td>erytroleukæmi (FAB-type M6)</td></tr><tr><td style=\"white-space:nowrap\">M98613<a name=\"PatobankSNOMED-M98613\"> </a></td><td>akut myeloid leukæmi</td><td>akut myeloid leukæmi</td></tr><tr><td style=\"white-space:nowrap\">M98653<a name=\"PatobankSNOMED-M98653\"> </a></td><td>AML m. t(6;9); DEK-NUP214</td><td>AML m. t(6;9); DEK-NUP214</td></tr><tr><td style=\"white-space:nowrap\">M98663<a name=\"PatobankSNOMED-M98663\"> </a></td><td>akut promyelocyt leukæmi m. t(15;17); PML-RARa</td><td>akut promyelocyt leukæmi m. t(15;17); PML-RARa</td></tr><tr><td style=\"white-space:nowrap\">M98673<a name=\"PatobankSNOMED-M98673\"> </a></td><td>akut myelomonocytær leukæmi</td><td>akut myelomonocytær leukæmi</td></tr><tr><td style=\"white-space:nowrap\">M98693<a name=\"PatobankSNOMED-M98693\"> </a></td><td>AML m inv(3)(q21q26.2)el t(3;3)(q21;q26.2);RPN1-EVI1</td><td>AML m inv(3)(q21q26.2)el t(3;3)(q21;q26.2);RPN1-EVI1</td></tr><tr><td style=\"white-space:nowrap\">M98703<a name=\"PatobankSNOMED-M98703\"> </a></td><td>akut basofil leukæmi</td><td>akut basofil leukæmi</td></tr><tr><td style=\"white-space:nowrap\">M98713<a name=\"PatobankSNOMED-M98713\"> </a></td><td>AML m. inv(16) el. t(16;16); CBFß-MYH11</td><td>AML m. inv(16) el. t(16;16); CBFß-MYH11</td></tr><tr><td style=\"white-space:nowrap\">M98723<a name=\"PatobankSNOMED-M98723\"> </a></td><td>Akut myeloid leukæmi, minimalt differentieret</td><td>Akut myeloid leukæmi, minimalt differentieret</td></tr><tr><td style=\"white-space:nowrap\">M98733<a name=\"PatobankSNOMED-M98733\"> </a></td><td>Akut myeloid leukæmi, uden modning</td><td>Akut myeloid leukæmi, uden modning</td></tr><tr><td style=\"white-space:nowrap\">M98743<a name=\"PatobankSNOMED-M98743\"> </a></td><td>Akut myeloid leukæmi, med modning</td><td>Akut myeloid leukæmi, med modning</td></tr><tr><td style=\"white-space:nowrap\">M98753<a name=\"PatobankSNOMED-M98753\"> </a></td><td>Kronisk myeloid leukæmi, BCR-ABL1 positiv</td><td>Kronisk myeloid leukæmi, BCR-ABL1 positiv</td></tr><tr><td style=\"white-space:nowrap\">M98913<a name=\"PatobankSNOMED-M98913\"> </a></td><td>Akut monoblastisk/monocytær leukæmi</td><td>Akut monoblastisk/monocytær leukæmi</td></tr><tr><td style=\"white-space:nowrap\">M98953<a name=\"PatobankSNOMED-M98953\"> </a></td><td>AML m. myelodysplasi-relaterede forandringer</td><td>AML m. myelodysplasi-relaterede forandringer</td></tr><tr><td style=\"white-space:nowrap\">M98963<a name=\"PatobankSNOMED-M98963\"> </a></td><td>AML m. t(8;21); RUNX1-RUNX1T1</td><td>AML m. t(8;21); RUNX1-RUNX1T1</td></tr><tr><td style=\"white-space:nowrap\">M98973<a name=\"PatobankSNOMED-M98973\"> </a></td><td>AML m. t(9;11); KMT2A-MLLT3</td><td>AML m. t(9;11); KMT2A-MLLT3</td></tr><tr><td style=\"white-space:nowrap\">M99103<a name=\"PatobankSNOMED-M99103\"> </a></td><td>akut megakaryoblastleukæmi</td><td>akut megakaryoblastleukæmi</td></tr><tr><td style=\"white-space:nowrap\">M99113<a name=\"PatobankSNOMED-M99113\"> </a></td><td>AML(megakaryoblastisk)m t(1;22)(p13;q13);RBM15-MLK1</td><td>AML(megakaryoblastisk)m t(1;22)(p13;q13);RBM15-MLK1</td></tr><tr><td style=\"white-space:nowrap\">M99203<a name=\"PatobankSNOMED-M99203\"> </a></td><td>terapirelateret myeloid neoplasi</td><td>terapirelateret myeloid neoplasi</td></tr><tr><td style=\"white-space:nowrap\">M99303<a name=\"PatobankSNOMED-M99303\"> </a></td><td>myeloidt sarkom</td><td>myeloidt sarkom</td></tr><tr><td style=\"white-space:nowrap\">M99313<a name=\"PatobankSNOMED-M99313\"> </a></td><td>panmyeloid proliferation med myelofibrose</td><td>panmyeloid proliferation med myelofibrose</td></tr><tr><td style=\"white-space:nowrap\">M99453<a name=\"PatobankSNOMED-M99453\"> </a></td><td>kronisk myelomonocytær leukæmi</td><td>kronisk myelomonocytær leukæmi</td></tr><tr><td style=\"white-space:nowrap\">M99503<a name=\"PatobankSNOMED-M99503\"> </a></td><td>polycytæmia vera</td><td>polycytæmia vera</td></tr><tr><td style=\"white-space:nowrap\">M99613<a name=\"PatobankSNOMED-M99613\"> </a></td><td>myelofibrose</td><td>myelofibrose</td></tr><tr><td style=\"white-space:nowrap\">M99623<a name=\"PatobankSNOMED-M99623\"> </a></td><td>essentiel trombocytæmi</td><td>essentiel trombocytæmi</td></tr><tr><td style=\"white-space:nowrap\">M99711<a name=\"PatobankSNOMED-M99711\"> </a></td><td>post-transplantation lymfoproliferativ sygdom</td><td>post-transplantation lymfoproliferativ sygdom</td></tr><tr><td style=\"white-space:nowrap\">M99753<a name=\"PatobankSNOMED-M99753\"> </a></td><td>uklassificerbar myelodysplastisk/myeloproliferativ sygdom</td><td>uklassificerbar myelodysplastisk/myeloproliferativ sygdom</td></tr><tr><td style=\"white-space:nowrap\">M99803<a name=\"PatobankSNOMED-M99803\"> </a></td><td>MDS med unilinie dysplasi</td><td>MDS med unilinie dysplasi</td></tr><tr><td style=\"white-space:nowrap\">M99823<a name=\"PatobankSNOMED-M99823\"> </a></td><td>MDS med ringsideroblaster og unilinie dysplasi</td><td>MDS med ringsideroblaster og unilinie dysplasi</td></tr><tr><td style=\"white-space:nowrap\">M99833<a name=\"PatobankSNOMED-M99833\"> </a></td><td>MDS med overskud af blaster</td><td>MDS med overskud af blaster</td></tr><tr><td style=\"white-space:nowrap\">M99853<a name=\"PatobankSNOMED-M99853\"> </a></td><td>MDS med multilineær dysplasi</td><td>MDS med multilineær dysplasi</td></tr><tr><td style=\"white-space:nowrap\">M99863<a name=\"PatobankSNOMED-M99863\"> </a></td><td>MDS med isoleret del(5q) kromosomafvigelse</td><td>MDS med isoleret del(5q) kromosomafvigelse</td></tr><tr><td style=\"white-space:nowrap\">M99893<a name=\"PatobankSNOMED-M99893\"> </a></td><td>myelodysplastisk syndrom</td><td>myelodysplastisk syndrom</td></tr><tr><td style=\"white-space:nowrap\">AEF1810<a name=\"PatobankSNOMED-AEF1810\"> </a></td><td>pTis</td><td>ÆF1810 - pTis</td></tr><tr><td style=\"white-space:nowrap\">AEF1820<a name=\"PatobankSNOMED-AEF1820\"> </a></td><td>pT0</td><td>ÆF1820 - pT0</td></tr><tr><td style=\"white-space:nowrap\">AEF1830<a name=\"PatobankSNOMED-AEF1830\"> </a></td><td>pT1</td><td>ÆF1830 - pT1</td></tr><tr><td style=\"white-space:nowrap\">AEF1831<a name=\"PatobankSNOMED-AEF1831\"> </a></td><td>pT1a</td><td>ÆF1831 - pT1a</td></tr><tr><td style=\"white-space:nowrap\">AEF1832<a name=\"PatobankSNOMED-AEF1832\"> </a></td><td>pT1b</td><td>ÆF1832 - pT1b</td></tr><tr><td style=\"white-space:nowrap\">AEF1840<a name=\"PatobankSNOMED-AEF1840\"> </a></td><td>pT2</td><td>ÆF1840 - pT2</td></tr><tr><td style=\"white-space:nowrap\">AEF1850<a name=\"PatobankSNOMED-AEF1850\"> </a></td><td>pT3</td><td>ÆF1850 - pT3</td></tr><tr><td style=\"white-space:nowrap\">AEF1860<a name=\"PatobankSNOMED-AEF1860\"> </a></td><td>pT4</td><td>ÆF1860 - pT4</td></tr><tr><td style=\"white-space:nowrap\">AEF1861<a name=\"PatobankSNOMED-AEF1861\"> </a></td><td>pT4a</td><td>ÆF1861 - pT4a</td></tr><tr><td style=\"white-space:nowrap\">AEF1862<a name=\"PatobankSNOMED-AEF1862\"> </a></td><td>pT4b</td><td>ÆF1862 - pT4b</td></tr><tr><td style=\"white-space:nowrap\">AEF1870<a name=\"PatobankSNOMED-AEF1870\"> </a></td><td>pTx</td><td>ÆF1870 - pTx</td></tr><tr><td style=\"white-space:nowrap\">AEF1900<a name=\"PatobankSNOMED-AEF1900\"> </a></td><td>pN0</td><td>ÆF1900 - pN0</td></tr><tr><td style=\"white-space:nowrap\">AEF1910<a name=\"PatobankSNOMED-AEF1910\"> </a></td><td>pN1</td><td>ÆF1910 - pN1</td></tr><tr><td style=\"white-space:nowrap\">AEF1920<a name=\"PatobankSNOMED-AEF1920\"> </a></td><td>pN2</td><td>ÆF1920 - pN2</td></tr><tr><td style=\"white-space:nowrap\">AEF1930<a name=\"PatobankSNOMED-AEF1930\"> </a></td><td>pN3</td><td>ÆF1930 - pN3</td></tr><tr><td style=\"white-space:nowrap\">AEF1931<a name=\"PatobankSNOMED-AEF1931\"> </a></td><td>pN3a</td><td>ÆF1931 - pN3a</td></tr><tr><td style=\"white-space:nowrap\">AEF1932<a name=\"PatobankSNOMED-AEF1932\"> </a></td><td>pN3b</td><td>ÆF1932 - pN3b</td></tr><tr><td style=\"white-space:nowrap\">AEF1950<a name=\"PatobankSNOMED-AEF1950\"> </a></td><td>pNx</td><td>ÆF1950 - pNx</td></tr><tr><td style=\"white-space:nowrap\">AEF2000<a name=\"PatobankSNOMED-AEF2000\"> </a></td><td>pM0</td><td>ÆF2000 - pM0</td></tr><tr><td style=\"white-space:nowrap\">AEF2010<a name=\"PatobankSNOMED-AEF2010\"> </a></td><td>pM1</td><td>ÆF2010 - pM1</td></tr></table></div>"},"url":"https://kip.rkkp.dk/fhir/CodeSystem/PatobankSNOMED","version":"2.9.1","name":"PatobankSNOMED","title":"Den Danske SNOMED for Patologi","status":"active","date":"2022-06-07T00:00:00+02:00","publisher":"Sundhedsvæsnets Kvalistetsinstitut with Trifork Digital Health A/S","contact":[{"name":"Sundhedsvæsnets Kvalistetsinstitut with Trifork Digital Health A/S","telecom":[{"system":"url","value":"https://trifork.com"},{"system":"email","value":"rbk@trifork.com"}]}],"description":"Den Danske SNOMED for Patologi - Udvalgte koder i RKKP. Link: https://www.patobank.dk/snomed/","caseSensitive":true,"content":"fragment","concept":[{"code":"M96103","display":"B-cellelymfom","definition":"B-cellelymfom"},{"code":"M96503","display":"Hodgkin lymfom, klassisk type","definition":"Hodgkin lymfom, klassisk type"},{"code":"M96513","display":"Hodgkin lymfom, klassisk type, lymfocytrig","definition":"Hodgkin lymfom, klassisk type, lymfocytrig"},{"code":"M96523","display":"Hodgkin lymfom, klassisk type, mixed cellularitet","definition":"Hodgkin lymfom, klassisk type, mixed cellularitet"},{"code":"M96533","display":"Hodgkin lymfom, klassisk type, lymfocytdepleteret","definition":"Hodgkin lymfom, klassisk type, lymfocytdepleteret"},{"code":"M96593","display":"Hodgkin lymfom, nodulær, lymfocyt dominans","definition":"Hodgkin lymfom, nodulær, lymfocyt dominans"},{"code":"M96633","display":"Hodgkin lymfom, klassisk type, nodulær sklerose","definition":"Hodgkin lymfom, klassisk type, nodulær sklerose"},{"code":"M96703","display":"Småcellet lymfocytært lymfom","definition":"Småcellet lymfocytært lymfom"},{"code":"M96783","display":"primært effusionslymfom","definition":"primært effusionslymfom"},{"code":"M96793","display":"mediastinalt storcellet B-cellelymfom","definition":"mediastinalt storcellet B-cellelymfom"},{"code":"M96873","display":"Burkitt lymfom","definition":"Burkitt lymfom"},{"code":"M968H3","display":"high-grade B-lymfom","definition":"high-grade B-lymfom"},{"code":"M968I3","display":"high-grade B-lymfom med MYC og BCL2 og/eller BCL6 rearr.","definition":"high-grade B-lymfom med MYC og BCL2 og/eller BCL6 rearr."},{"code":"M96903","display":"follikulært lymfom","definition":"follikulært lymfom"},{"code":"M96993","display":"marginalzone B-cellelymfom","definition":"marginalzone B-cellelymfom"},{"code":"M97003","display":"mycosis fungoides","definition":"mycosis fungoides"},{"code":"M97013","display":"Sezarys syndrom","definition":"Sezarys syndrom"},{"code":"M97023","display":"perifert T-cellelymfom","definition":"perifert T-cellelymfom"},{"code":"M97053","display":"angioimmunoblastisk T-cellelymfom","definition":"angioimmunoblastisk T-cellelymfom"},{"code":"M97083","display":"subkutant panniculit-lignende T-cellelymfom","definition":"subkutant panniculit-lignende T-cellelymfom"},{"code":"M97143","display":"anaplastisk storcellet lymfom","definition":"anaplastisk storcellet lymfom"},{"code":"M97163","display":"hepatosplenisk T-cellelymfom","definition":"hepatosplenisk T-cellelymfom"},{"code":"M97173","display":"enteropati-associeret T-cellelymfom","definition":"enteropati-associeret T-cellelymfom"},{"code":"M97183","display":"primært kutant anaplastisk storcellet lymfom","definition":"primært kutant anaplastisk storcellet lymfom"},{"code":"M97193","display":"ekstranodalt NK/T-cellelymfom, nasal type","definition":"ekstranodalt NK/T-cellelymfom, nasal type"},{"code":"M97263","display":"primært kutant gamma-delta T-cellelymfom","definition":"primært kutant gamma-delta T-cellelymfom"},{"code":"M97293","display":"precursor T-lymfoblastisk lymfom","definition":"precursor T-lymfoblastisk lymfom"},{"code":"M97353","display":"plasmablastisk lymfom","definition":"plasmablastisk lymfom"},{"code":"M97373","display":"storcellet B-cellelymfom, ALK-positivt","definition":"storcellet B-cellelymfom, ALK-positivt"},{"code":"M96713","display":"Lymfoplasmacytært lymfom","definition":"Lymfoplasmacytært lymfom"},{"code":"M96733","display":"Mantlecellelymfom","definition":"Mantlecellelymfom"},{"code":"M96803","display":"Diffust storcellet B-cellelymfom","definition":"Diffust storcellet B-cellelymfom"},{"code":"M96893","display":"Splenisk marginalzone B-cellelymfom","definition":"Splenisk marginalzone B-cellelymfom"},{"code":"M97283","display":"Precursor B-lymfoblastisk lymfom","definition":"Precursor B-lymfoblastisk lymfom"},{"code":"M98013","display":"akut udifferentieret leukæmi","definition":"akut udifferentieret leukæmi"},{"code":"M98053","display":"akut leukæmi af ubestemmelig celletype","definition":"akut leukæmi af ubestemmelig celletype"},{"code":"M98063","display":"bl. fænotype akut leukæmi m. t(9;22); BCR-ABL1","definition":"bl. fænotype akut leukæmi m. t(9;22); BCR-ABL1"},{"code":"M98073","display":"bl. fænotype akut leukæmi m. t(v;11q); KMT2A rearr.","definition":"bl. fænotype akut leukæmi m. t(v;11q); KMT2A rearr."},{"code":"M98143","display":"B-lymfobl. leukæmi/lymfom m. t(12;21); ETV6-RUNX1","definition":"B-lymfobl. leukæmi/lymfom m. t(12;21); ETV6-RUNX1"},{"code":"M98153","display":"B-lymfobl. leukæmi/lymfom med hyperdiploidi","definition":"B-lymfobl. leukæmi/lymfom med hyperdiploidi"},{"code":"M98173","display":"B-lymfobl. leukæmi/lymfom m. t(5;14); IgH/IL3","definition":"B-lymfobl. leukæmi/lymfom m. t(5;14); IgH/IL3"},{"code":"M98183","display":"B-lymfobl. leukæmi/lymfom m. t(1;19); TCF3-PBX1","definition":"B-lymfobl. leukæmi/lymfom m. t(1;19); TCF3-PBX1"},{"code":"M98273","display":"adult T-cellelymfom/leukæmi","definition":"adult T-cellelymfom/leukæmi"},{"code":"M98353","display":"precursor B-lymfoblastisk leukæmi","definition":"precursor B-lymfoblastisk leukæmi"},{"code":"M98373","display":"precursor T-lymfoblastisk leukæmi","definition":"precursor T-lymfoblastisk leukæmi"},{"code":"M98403","display":"erytroleukæmi (FAB-type M6)","definition":"erytroleukæmi (FAB-type M6)"},{"code":"M98613","display":"akut myeloid leukæmi","definition":"akut myeloid leukæmi"},{"code":"M98653","display":"AML m. t(6;9); DEK-NUP214","definition":"AML m. t(6;9); DEK-NUP214"},{"code":"M98663","display":"akut promyelocyt leukæmi m. t(15;17); PML-RARa","definition":"akut promyelocyt leukæmi m. t(15;17); PML-RARa"},{"code":"M98673","display":"akut myelomonocytær leukæmi","definition":"akut myelomonocytær leukæmi"},{"code":"M98693","display":"AML m inv(3)(q21q26.2)el t(3;3)(q21;q26.2);RPN1-EVI1","definition":"AML m inv(3)(q21q26.2)el t(3;3)(q21;q26.2);RPN1-EVI1"},{"code":"M98703","display":"akut basofil leukæmi","definition":"akut basofil leukæmi"},{"code":"M98713","display":"AML m. inv(16) el. t(16;16); CBFß-MYH11","definition":"AML m. inv(16) el. t(16;16); CBFß-MYH11"},{"code":"M98723","display":"Akut myeloid leukæmi, minimalt differentieret","definition":"Akut myeloid leukæmi, minimalt differentieret"},{"code":"M98733","display":"Akut myeloid leukæmi, uden modning","definition":"Akut myeloid leukæmi, uden modning"},{"code":"M98743","display":"Akut myeloid leukæmi, med modning","definition":"Akut myeloid leukæmi, med modning"},{"code":"M98753","display":"Kronisk myeloid leukæmi, BCR-ABL1 positiv","definition":"Kronisk myeloid leukæmi, BCR-ABL1 positiv"},{"code":"M98913","display":"Akut monoblastisk/monocytær leukæmi","definition":"Akut monoblastisk/monocytær leukæmi"},{"code":"M98953","display":"AML m. myelodysplasi-relaterede forandringer","definition":"AML m. myelodysplasi-relaterede forandringer"},{"code":"M98963","display":"AML m. t(8;21); RUNX1-RUNX1T1","definition":"AML m. t(8;21); RUNX1-RUNX1T1"},{"code":"M98973","display":"AML m. t(9;11); KMT2A-MLLT3","definition":"AML m. t(9;11); KMT2A-MLLT3"},{"code":"M99103","display":"akut megakaryoblastleukæmi","definition":"akut megakaryoblastleukæmi"},{"code":"M99113","display":"AML(megakaryoblastisk)m t(1;22)(p13;q13);RBM15-MLK1","definition":"AML(megakaryoblastisk)m t(1;22)(p13;q13);RBM15-MLK1"},{"code":"M99203","display":"terapirelateret myeloid neoplasi","definition":"terapirelateret myeloid neoplasi"},{"code":"M99303","display":"myeloidt sarkom","definition":"myeloidt sarkom"},{"code":"M99313","display":"panmyeloid proliferation med myelofibrose","definition":"panmyeloid proliferation med myelofibrose"},{"code":"M99453","display":"kronisk myelomonocytær leukæmi","definition":"kronisk myelomonocytær leukæmi"},{"code":"M99503","display":"polycytæmia vera","definition":"polycytæmia vera"},{"code":"M99613","display":"myelofibrose","definition":"myelofibrose"},{"code":"M99623","display":"essentiel trombocytæmi","definition":"essentiel trombocytæmi"},{"code":"M99711","display":"post-transplantation lymfoproliferativ sygdom","definition":"post-transplantation lymfoproliferativ sygdom"},{"code":"M99753","display":"uklassificerbar myelodysplastisk/myeloproliferativ sygdom","definition":"uklassificerbar myelodysplastisk/myeloproliferativ sygdom"},{"code":"M99803","display":"MDS med unilinie dysplasi","definition":"MDS med unilinie dysplasi"},{"code":"M99823","display":"MDS med ringsideroblaster og unilinie dysplasi","definition":"MDS med ringsideroblaster og unilinie dysplasi"},{"code":"M99833","display":"MDS med overskud af blaster","definition":"MDS med overskud af blaster"},{"code":"M99853","display":"MDS med multilineær dysplasi","definition":"MDS med multilineær dysplasi"},{"code":"M99863","display":"MDS med isoleret del(5q) kromosomafvigelse","definition":"MDS med isoleret del(5q) kromosomafvigelse"},{"code":"M99893","display":"myelodysplastisk syndrom","definition":"myelodysplastisk syndrom"},{"code":"AEF1810","display":"pTis","definition":"ÆF1810 - pTis"},{"code":"AEF1820","display":"pT0","definition":"ÆF1820 - pT0"},{"code":"AEF1830","display":"pT1","definition":"ÆF1830 - pT1"},{"code":"AEF1831","display":"pT1a","definition":"ÆF1831 - pT1a"},{"code":"AEF1832","display":"pT1b","definition":"ÆF1832 - pT1b"},{"code":"AEF1840","display":"pT2","definition":"ÆF1840 - pT2"},{"code":"AEF1850","display":"pT3","definition":"ÆF1850 - pT3"},{"code":"AEF1860","display":"pT4","definition":"ÆF1860 - pT4"},{"code":"AEF1861","display":"pT4a","definition":"ÆF1861 - pT4a"},{"code":"AEF1862","display":"pT4b","definition":"ÆF1862 - pT4b"},{"code":"AEF1870","display":"pTx","definition":"ÆF1870 - pTx"},{"code":"AEF1900","display":"pN0","definition":"ÆF1900 - pN0"},{"code":"AEF1910","display":"pN1","definition":"ÆF1910 - pN1"},{"code":"AEF1920","display":"pN2","definition":"ÆF1920 - pN2"},{"code":"AEF1930","display":"pN3","definition":"ÆF1930 - pN3"},{"code":"AEF1931","display":"pN3a","definition":"ÆF1931 - pN3a"},{"code":"AEF1932","display":"pN3b","definition":"ÆF1932 - pN3b"},{"code":"AEF1950","display":"pNx","definition":"ÆF1950 - pNx"},{"code":"AEF2000","display":"pM0","definition":"ÆF2000 - pM0"},{"code":"AEF2010","display":"pM1","definition":"ÆF2010 - pM1"}]}