{"resourceType":"CodeSystem","id":"MedicalTreatmentStartOf","text":{"status":"generated","div":"<div xmlns=\"http://www.w3.org/1999/xhtml\"><p class=\"res-header-id\"><b>Generated Narrative: CodeSystem MedicalTreatmentStartOf</b></p><a name=\"MedicalTreatmentStartOf\"> </a><a name=\"hcMedicalTreatmentStartOf\"> </a><a name=\"MedicalTreatmentStartOf-en-US\"> </a><p>This  code system <code>https://kip.rkkp.dk/fhir/CodeSystem/MedicalTreatmentStartOf</code> defines the following codes:</p><table class=\"codes\"><tr><td style=\"white-space:nowrap\"><b>Code</b></td><td><b>Display</b></td><td><b>Definition</b></td></tr><tr><td style=\"white-space:nowrap\">before_operation<a name=\"MedicalTreatmentStartOf-before_operation\"> </a></td><td>Before operation</td><td>Before operation</td></tr><tr><td style=\"white-space:nowrap\">after_operation<a name=\"MedicalTreatmentStartOf-after_operation\"> </a></td><td>After operation</td><td>After operation</td></tr><tr><td style=\"white-space:nowrap\">day_after_operation<a name=\"MedicalTreatmentStartOf-day_after_operation\"> </a></td><td>The day after the operation</td><td>The day after the operation</td></tr><tr><td style=\"white-space:nowrap\">during_admission<a name=\"MedicalTreatmentStartOf-during_admission\"> </a></td><td>During admission</td><td>During admission</td></tr></table></div>"},"url":"https://kip.rkkp.dk/fhir/CodeSystem/MedicalTreatmentStartOf","version":"2.9.1","name":"MedicalTreatmentStartOf","title":"Medical treatment: when did the treatment begin","status":"active","date":"2022-07-06T00:00:00+02:00","publisher":"Sundhedsvæsnets Kvalistetsinstitut with Trifork Digital Health A/S","contact":[{"name":"Sundhedsvæsnets Kvalistetsinstitut with Trifork Digital Health A/S","telecom":[{"system":"url","value":"https://trifork.com"},{"system":"email","value":"rbk@trifork.com"}]}],"description":"Medical treatment: when did the treatment begin compared to operation/procedure","content":"complete","count":4,"concept":[{"code":"before_operation","display":"Before operation","definition":"Before operation"},{"code":"after_operation","display":"After operation","definition":"After operation"},{"code":"day_after_operation","display":"The day after the operation","definition":"The day after the operation"},{"code":"during_admission","display":"During admission","definition":"During admission"}]}