{"resourceType":"CodeSystem","id":"HarrisHipScoreDistanceWalked","text":{"status":"generated","div":"<div xmlns=\"http://www.w3.org/1999/xhtml\"><p class=\"res-header-id\"><b>Generated Narrative: CodeSystem HarrisHipScoreDistanceWalked</b></p><a name=\"HarrisHipScoreDistanceWalked\"> </a><a name=\"hcHarrisHipScoreDistanceWalked\"> </a><a name=\"HarrisHipScoreDistanceWalked-en-US\"> </a><p>This case-insensitive code system <code>https://kip.rkkp.dk/fhir/CodeSystem/HarrisHipScoreDistanceWalked</code> defines the following codes:</p><table class=\"codes\"><tr><td style=\"white-space:nowrap\"><b>Code</b></td><td><b>Display</b></td><td><b>Definition</b></td></tr><tr><td style=\"white-space:nowrap\">11<a name=\"HarrisHipScoreDistanceWalked-11\"> </a></td><td>Unlimited</td><td>Unlimited (11)</td></tr><tr><td style=\"white-space:nowrap\">8<a name=\"HarrisHipScoreDistanceWalked-8\"> </a></td><td>Six blocks (30 minutes)</td><td>Six blocks (30 minutes) (8)</td></tr><tr><td style=\"white-space:nowrap\">5<a name=\"HarrisHipScoreDistanceWalked-5\"> </a></td><td>Two og three blocks (10-15 minutes)</td><td>Two og three blocks (10-15 minutes) (5)</td></tr><tr><td style=\"white-space:nowrap\">2<a name=\"HarrisHipScoreDistanceWalked-2\"> </a></td><td>Indoors only</td><td>Indoors only (2)</td></tr><tr><td style=\"white-space:nowrap\">0<a name=\"HarrisHipScoreDistanceWalked-0\"> </a></td><td>Bed and chair only</td><td>Bed and chair only (0)</td></tr></table></div>"},"url":"https://kip.rkkp.dk/fhir/CodeSystem/HarrisHipScoreDistanceWalked","version":"2.9.1","name":"HarrisHipScoreDistanceWalked","title":"Harris Hip Score (HHS) - Distance walked","status":"active","date":"2022-07-06T00:00:00+02:00","publisher":"Sundhedsvæsnets Kvalistetsinstitut with Trifork Digital Health A/S","contact":[{"name":"Sundhedsvæsnets Kvalistetsinstitut with Trifork Digital Health A/S","telecom":[{"system":"url","value":"https://trifork.com"},{"system":"email","value":"rbk@trifork.com"}]}],"description":"Harris Hip Score (HHS) - Distance walked. Link: https://www.orthopaedicscore.com/scorepages/harris_hip_score.html","caseSensitive":false,"content":"complete","count":5,"concept":[{"code":"11","display":"Unlimited","definition":"Unlimited (11)"},{"code":"8","display":"Six blocks (30 minutes)","definition":"Six blocks (30 minutes) (8)"},{"code":"5","display":"Two og three blocks (10-15 minutes)","definition":"Two og three blocks (10-15 minutes) (5)"},{"code":"2","display":"Indoors only","definition":"Indoors only (2)"},{"code":"0","display":"Bed and chair only","definition":"Bed and chair only (0)"}]}