{"resourceType":"CodeSystem","id":"StopTeam","text":{"status":"generated","div":"<div xmlns=\"http://www.w3.org/1999/xhtml\"><p class=\"res-header-id\"><b>Generated Narrative: CodeSystem StopTeam</b></p><a name=\"StopTeam\"> </a><a name=\"hcStopTeam\"> </a><a name=\"StopTeam-en-US\"> </a><p>This  code system <code>https://kip.rkkp.dk/fhir/CodeSystem/StopTeam</code> defines the following codes:</p><table class=\"codes\"><tr><td style=\"white-space:nowrap\"><b>Code</b></td><td><b>Display</b></td><td><b>Definition</b></td></tr><tr><td style=\"white-space:nowrap\">anastesiLaege<a name=\"StopTeam-anastesiLaege\"> </a></td><td>Anæstesilæge(r)</td><td>Anæstesilæge(r)</td></tr><tr><td style=\"white-space:nowrap\">anastesiSP<a name=\"StopTeam-anastesiSP\"> </a></td><td>Anæstesisygeplejerske(r)</td><td>Anæstesisygeplejerske(r)</td></tr><tr><td style=\"white-space:nowrap\">kardiolog<a name=\"StopTeam-kardiolog\"> </a></td><td>Kardiolog(er)</td><td>Kardiolog(er)</td></tr><tr><td style=\"white-space:nowrap\">SP<a name=\"StopTeam-SP\"> </a></td><td>Sygeplejerske(r)</td><td>Sygeplejerske(r)</td></tr><tr><td style=\"white-space:nowrap\">portor<a name=\"StopTeam-portor\"> </a></td><td>Portør/serviceass.</td><td>Portør/serviceass.</td></tr><tr><td style=\"white-space:nowrap\">andre<a name=\"StopTeam-andre\"> </a></td><td>Andre</td><td>Andre</td></tr></table></div>"},"url":"https://kip.rkkp.dk/fhir/CodeSystem/StopTeam","version":"2.9.1","name":"StopTeam","title":"Teammedlemmer på stopholdet","status":"active","date":"2022-06-29T00:00:00+02:00","publisher":"Sundhedsvæsnets Kvalistetsinstitut with Trifork Digital Health A/S","contact":[{"name":"Sundhedsvæsnets Kvalistetsinstitut with Trifork Digital Health A/S","telecom":[{"system":"url","value":"https://trifork.com"},{"system":"email","value":"rbk@trifork.com"}]}],"description":"Teammedlemmer/personale på stopholdet","content":"complete","count":6,"concept":[{"code":"anastesiLaege","display":"Anæstesilæge(r)","definition":"Anæstesilæge(r)"},{"code":"anastesiSP","display":"Anæstesisygeplejerske(r)","definition":"Anæstesisygeplejerske(r)"},{"code":"kardiolog","display":"Kardiolog(er)","definition":"Kardiolog(er)"},{"code":"SP","display":"Sygeplejerske(r)","definition":"Sygeplejerske(r)"},{"code":"portor","display":"Portør/serviceass.","definition":"Portør/serviceass."},{"code":"andre","display":"Andre","definition":"Andre"}]}