{"resourceType":"CodeSystem","id":"NIHSS5MotorArm","text":{"status":"generated","div":"<div xmlns=\"http://www.w3.org/1999/xhtml\"><p class=\"res-header-id\"><b>Generated Narrative: CodeSystem NIHSS5MotorArm</b></p><a name=\"NIHSS5MotorArm\"> </a><a name=\"hcNIHSS5MotorArm\"> </a><a name=\"NIHSS5MotorArm-en-US\"> </a><p>This  code system <code>https://kip.rkkp.dk/fhir/CodeSystem/NIHSS5MotorArm</code> defines the following codes:</p><table class=\"codes\"><tr><td style=\"white-space:nowrap\"><b>Code</b></td><td><b>Definition</b></td></tr><tr><td style=\"white-space:nowrap\">0<a name=\"NIHSS5MotorArm-0\"> </a></td><td>No drift; limb holds 90 (or 45) degrees for full 10 seconds.</td></tr><tr><td style=\"white-space:nowrap\">1<a name=\"NIHSS5MotorArm-1\"> </a></td><td>Drift; limb holds 90 (or 45) degrees, but drifts down before full 10 seconds; does not hit bed or other support.</td></tr><tr><td style=\"white-space:nowrap\">2<a name=\"NIHSS5MotorArm-2\"> </a></td><td>Some effort against gravity; limb cannot get to or maintain (if cued) 90 (or 45) degrees, drifts down to bed, but has some effort against gravity.</td></tr><tr><td style=\"white-space:nowrap\">3<a name=\"NIHSS5MotorArm-3\"> </a></td><td>No effort against gravity; limb falls.</td></tr><tr><td style=\"white-space:nowrap\">4<a name=\"NIHSS5MotorArm-4\"> </a></td><td>No movement.</td></tr><tr><td style=\"white-space:nowrap\">5a<a name=\"NIHSS5MotorArm-5a\"> </a></td><td>Left Arm</td></tr><tr><td style=\"white-space:nowrap\">5b<a name=\"NIHSS5MotorArm-5b\"> </a></td><td>Right Arm</td></tr><tr><td style=\"white-space:nowrap\">UN<a name=\"NIHSS5MotorArm-UN\"> </a></td><td>Amputation or joint fusion, explain:</td></tr></table></div>"},"url":"https://kip.rkkp.dk/fhir/CodeSystem/NIHSS5MotorArm","version":"2.9.1","name":"NIHSS5MotorArm","title":"The National Institute of Health Stroke Scale (NIHSS) - 5. Motor Arm","status":"active","date":"2022-06-23T00:00:00+02:00","publisher":"Sundhedsvæsnets Kvalistetsinstitut with Trifork Digital Health A/S","contact":[{"name":"Sundhedsvæsnets Kvalistetsinstitut with Trifork Digital Health A/S","telecom":[{"system":"url","value":"https://trifork.com"},{"system":"email","value":"rbk@trifork.com"}]}],"description":"The National Institute of Health Stroke Scale (NIHSS) - 5. Motor Arm; Link: https://www.ninds.nih.gov/stroke-scales-and-related-information","content":"complete","count":8,"concept":[{"code":"0","display":"0","definition":"No drift; limb holds 90 (or 45) degrees for full 10 seconds."},{"code":"1","display":"1","definition":"Drift; limb holds 90 (or 45) degrees, but drifts down before full 10 seconds; does not hit bed or other support."},{"code":"2","display":"2","definition":"Some effort against gravity; limb cannot get to or maintain (if cued) 90 (or 45) degrees, drifts down to bed, but has some effort against gravity."},{"code":"3","display":"3","definition":"No effort against gravity; limb falls."},{"code":"4","display":"4","definition":"No movement."},{"code":"5a","display":"5a","definition":"Left Arm"},{"code":"5b","display":"5b","definition":"Right Arm"},{"code":"UN","display":"UN","definition":"Amputation or joint fusion, explain:"}]}