{"resourceType":"CodeSystem","id":"MedicinDANARREST","text":{"status":"generated","div":"<div xmlns=\"http://www.w3.org/1999/xhtml\"><p class=\"res-header-id\"><b>Generated Narrative: CodeSystem MedicinDANARREST</b></p><a name=\"MedicinDANARREST\"> </a><a name=\"hcMedicinDANARREST\"> </a><a name=\"MedicinDANARREST-en-US\"> </a><p>This  code system <code>https://kip.rkkp.dk/fhir/CodeSystem/MedicinDANARREST</code> defines the following codes:</p><table class=\"codes\"><tr><td style=\"white-space:nowrap\"><b>Code</b></td><td><b>Display</b></td><td><b>Definition</b></td></tr><tr><td style=\"white-space:nowrap\">adrenalin<a name=\"MedicinDANARREST-adrenalin\"> </a></td><td>Adrenalin</td><td>Adrenalin</td></tr><tr><td style=\"white-space:nowrap\">amiodaron<a name=\"MedicinDANARREST-amiodaron\"> </a></td><td>Amiodaron</td><td>Amiodaron</td></tr><tr><td style=\"white-space:nowrap\">ingen_D<a name=\"MedicinDANARREST-ingen_D\"> </a></td><td>Ingen af disse</td><td>Ingen af disse</td></tr></table></div>"},"url":"https://kip.rkkp.dk/fhir/CodeSystem/MedicinDANARREST","version":"2.9.1","name":"MedicinDANARREST","title":"Medicin givet ved hjertestop","status":"active","date":"2022-06-29T00:00:00+02:00","publisher":"Sundhedsvæsnets Kvalistetsinstitut with Trifork Digital Health A/S","contact":[{"name":"Sundhedsvæsnets Kvalistetsinstitut with Trifork Digital Health A/S","telecom":[{"system":"url","value":"https://trifork.com"},{"system":"email","value":"rbk@trifork.com"}]}],"description":"Mediciin givet ved behandling i DANARREST specialet","content":"complete","count":3,"concept":[{"code":"adrenalin","display":"Adrenalin","definition":"Adrenalin"},{"code":"amiodaron","display":"Amiodaron","definition":"Amiodaron"},{"code":"ingen_D","display":"Ingen af disse","definition":"Ingen af disse"}]}