{"resourceType":"CodeSystem","id":"EHSIncisionalHerniaClassificationType","text":{"status":"generated","div":"<div xmlns=\"http://www.w3.org/1999/xhtml\"><p class=\"res-header-id\"><b>Generated Narrative: CodeSystem EHSIncisionalHerniaClassificationType</b></p><a name=\"EHSIncisionalHerniaClassificationType\"> </a><a name=\"hcEHSIncisionalHerniaClassificationType\"> </a><a name=\"EHSIncisionalHerniaClassificationType-en-US\"> </a><p>This case-insensitive code system <code>https://kip.rkkp.dk/fhir/CodeSystem/EHSIncisionalHerniaClassificationType</code> defines the following codes:</p><table class=\"codes\"><tr><td style=\"white-space:nowrap\"><b>Code</b></td><td><b>Display</b></td><td><b>Definition</b></td></tr><tr><td style=\"white-space:nowrap\">ehsll<a name=\"EHSIncisionalHerniaClassificationType-ehsll\"> </a></td><td>EHS Lateral Left</td><td>EHS Klassifikation Lateral - Venstre</td></tr><tr><td style=\"white-space:nowrap\">ehsm<a name=\"EHSIncisionalHerniaClassificationType-ehsm\"> </a></td><td>EHS Midline</td><td>EHS Klassifikation - Midtlinje</td></tr><tr><td style=\"white-space:nowrap\">ehslr<a name=\"EHSIncisionalHerniaClassificationType-ehslr\"> </a></td><td>EHS Lateral Right</td><td>EHS Klassifikation Lateral - Højre</td></tr></table></div>"},"url":"https://kip.rkkp.dk/fhir/CodeSystem/EHSIncisionalHerniaClassificationType","version":"2.9.1","name":"EHSIncisionalHerniaClassificationType","title":"EHS - Incisional hernia classification type","status":"active","date":"2023-07-13T00:00:00+02:00","publisher":"Sundhedsvæsnets Kvalistetsinstitut with Trifork Digital Health A/S","contact":[{"name":"Sundhedsvæsnets Kvalistetsinstitut with Trifork Digital Health A/S","telecom":[{"system":"url","value":"https://trifork.com"},{"system":"email","value":"rbk@trifork.com"}]}],"description":"EHS (European Hernia Society) - Incisional hernia classification type","caseSensitive":false,"content":"complete","count":3,"concept":[{"code":"ehsll","display":"EHS Lateral Left","definition":"EHS Klassifikation Lateral - Venstre"},{"code":"ehsm","display":"EHS Midline","definition":"EHS Klassifikation - Midtlinje"},{"code":"ehslr","display":"EHS Lateral Right","definition":"EHS Klassifikation Lateral - Højre"}]}