{"resourceType":"CodeSystem","id":"SSSOrientation","text":{"status":"generated","div":"<div xmlns=\"http://www.w3.org/1999/xhtml\"><p class=\"res-header-id\"><b>Generated Narrative: CodeSystem SSSOrientation</b></p><a name=\"SSSOrientation\"> </a><a name=\"hcSSSOrientation\"> </a><a name=\"SSSOrientation-en-US\"> </a><p>This  code system <code>https://kip.rkkp.dk/fhir/CodeSystem/SSSOrientation</code> defines the following codes:</p><table class=\"codes\"><tr><td style=\"white-space:nowrap\"><b>Code</b></td><td><b>Definition</b></td></tr><tr><td style=\"white-space:nowrap\">6<a name=\"SSSOrientation-6\"> </a></td><td>3 korrekte svar.</td></tr><tr><td style=\"white-space:nowrap\">4<a name=\"SSSOrientation-4\"> </a></td><td>2 af 3 svar korrekte.</td></tr><tr><td style=\"white-space:nowrap\">2<a name=\"SSSOrientation-2\"> </a></td><td>1 af 3 svar korrekte.</td></tr><tr><td style=\"white-space:nowrap\">0<a name=\"SSSOrientation-0\"> </a></td><td>Ingen korrekte svar.</td></tr></table></div>"},"url":"https://kip.rkkp.dk/fhir/CodeSystem/SSSOrientation","version":"2.9.1","name":"SSSOrientation","title":"Scandinavian Stroke Scale (SSS) - Orientation","status":"active","date":"2022-06-23T00:00:00+02:00","publisher":"Sundhedsvæsnets Kvalistetsinstitut with Trifork Digital Health A/S","contact":[{"name":"Sundhedsvæsnets Kvalistetsinstitut with Trifork Digital Health A/S","telecom":[{"system":"url","value":"https://trifork.com"},{"system":"email","value":"rbk@trifork.com"}]}],"description":"Scandinavian Stroke Scale (SSS) - Orientation: Der spørges, om hvilken måned det er, hvilket hospital patienten er på, og patientens CPR-nr.","content":"complete","count":4,"concept":[{"code":"6","display":"6","definition":"3 korrekte svar."},{"code":"4","display":"4","definition":"2 af 3 svar korrekte."},{"code":"2","display":"2","definition":"1 af 3 svar korrekte."},{"code":"0","display":"0","definition":"Ingen korrekte svar."}]}