{"resourceType":"CodeSystem","id":"AktuelSygdomsforlob","text":{"status":"generated","div":"<div xmlns=\"http://www.w3.org/1999/xhtml\"><p class=\"res-header-id\"><b>Generated Narrative: CodeSystem AktuelSygdomsforlob</b></p><a name=\"AktuelSygdomsforlob\"> </a><a name=\"hcAktuelSygdomsforlob\"> </a><a name=\"AktuelSygdomsforlob-en-US\"> </a><p>This  code system <code>https://kip.rkkp.dk/fhir/CodeSystem/AktuelSygdomsforlob</code> defines the following codes:</p><table class=\"codes\"><tr><td style=\"white-space:nowrap\"><b>Code</b></td><td><b>Display</b></td><td><b>Definition</b></td></tr><tr><td style=\"white-space:nowrap\">indlagt<a name=\"AktuelSygdomsforlob-indlagt\"> </a></td><td>Indlagt</td><td>Patienten er indlagt (stationær)</td></tr><tr><td style=\"white-space:nowrap\">ambulant<a name=\"AktuelSygdomsforlob-ambulant\"> </a></td><td>Ambulant</td><td>Patienten er ambulant</td></tr></table></div>"},"url":"https://kip.rkkp.dk/fhir/CodeSystem/AktuelSygdomsforlob","version":"2.9.1","name":"AktuelSygdomsforlob","title":"Aktuel Sygdomsforløb","status":"active","date":"2022-06-22T00:00:00+02:00","publisher":"Sundhedsvæsnets Kvalistetsinstitut with Trifork Digital Health A/S","contact":[{"name":"Sundhedsvæsnets Kvalistetsinstitut with Trifork Digital Health A/S","telecom":[{"system":"url","value":"https://trifork.com"},{"system":"email","value":"rbk@trifork.com"}]}],"description":"Er patienten i det aktuelle sygdomsforløb","content":"complete","count":2,"concept":[{"code":"indlagt","display":"Indlagt","definition":"Patienten er indlagt (stationær)"},{"code":"ambulant","display":"Ambulant","definition":"Patienten er ambulant"}]}