{"resourceType":"CodeSystem","id":"CytogeneticChanges","text":{"status":"generated","div":"<div xmlns=\"http://www.w3.org/1999/xhtml\"><p class=\"res-header-id\"><b>Generated Narrative: CodeSystem CytogeneticChanges</b></p><a name=\"CytogeneticChanges\"> </a><a name=\"hcCytogeneticChanges\"> </a><a name=\"CytogeneticChanges-en-US\"> </a><p>This case-insensitive code system <code>https://kip.rkkp.dk/fhir/CodeSystem/CytogeneticChanges</code> defines the following codes:</p><table class=\"codes\"><tr><td style=\"white-space:nowrap\"><b>Code</b></td><td><b>Display</b></td><td><b>Definition</b></td></tr><tr><td style=\"white-space:nowrap\">hyperdiploidy<a name=\"CytogeneticChanges-hyperdiploidy\"> </a></td><td>Hyperdiploidy</td><td>hyperdiploidi / hyperdiploidi / SNOMED-CT: 55597007</td></tr><tr><td style=\"white-space:nowrap\">hypodiploidy<a name=\"CytogeneticChanges-hypodiploidy\"> </a></td><td>Hypoploidy</td><td>Hypoploidy / hypodiploidi / SNOMED-CT: 15486006</td></tr><tr><td style=\"white-space:nowrap\">pseudodiploidy<a name=\"CytogeneticChanges-pseudodiploidy\"> </a></td><td>Pseudodiploidy</td><td>Pseudodiploidy / Pseudodiploidi</td></tr></table></div>"},"url":"https://kip.rkkp.dk/fhir/CodeSystem/CytogeneticChanges","version":"2.9.1","name":"CytogeneticChanges","title":"Cytogenetic changes","status":"active","date":"2022-07-13T00:00:00+02:00","publisher":"Sundhedsvæsnets Kvalistetsinstitut with Trifork Digital Health A/S","contact":[{"name":"Sundhedsvæsnets Kvalistetsinstitut with Trifork Digital Health A/S","telecom":[{"system":"url","value":"https://trifork.com"},{"system":"email","value":"rbk@trifork.com"}]}],"description":"Cytogenetic changes","caseSensitive":false,"content":"complete","count":3,"concept":[{"code":"hyperdiploidy","display":"Hyperdiploidy","definition":"hyperdiploidi / hyperdiploidi / SNOMED-CT: 55597007"},{"code":"hypodiploidy","display":"Hypoploidy","definition":"Hypoploidy / hypodiploidi / SNOMED-CT: 15486006"},{"code":"pseudodiploidy","display":"Pseudodiploidy","definition":"Pseudodiploidy / Pseudodiploidi"}]}