{"resourceType":"SearchParameter","id":"SorQuestionnaireResponse","text":{"status":"generated","div":"<div xmlns=\"http://www.w3.org/1999/xhtml\"><p class=\"res-header-id\"><b>Generated Narrative: SearchParameter SorQuestionnaireResponse</b></p><a name=\"SorQuestionnaireResponse\"> </a><a name=\"hcSorQuestionnaireResponse\"> </a><a name=\"SorQuestionnaireResponse-en-US\"> </a><h2>SorQuestionnaireResponse</h2><p>Parameter <code>sorCode</code>:<code>token</code></p><div><p>Search By SOR in Questionnaire</p>\n</div><table class=\"grid\"><tr><td>Resource</td><td><a href=\"http://hl7.org/fhir/R4/questionnaireresponse.html\">QuestionnaireResponse</a></td></tr><tr><td>Expression</td><td><code>QuestionnaireResponse.author.extension.where(url='sorCode')</code></td></tr><tr><td>Multiples</td><td><ul><li>multipleAnd: It's up to the server whether the parameter may repeat in order to specify multiple values that must all be true</li><li>multipleOr: It's up to the server whether the parameter can have multiple values (separated by comma) where at least one must be true</li></ul></td></tr><tr><td>Comparators</td><td>Allowed: eq</td></tr></table></div>"},"url":"https://kip.rkkp.dk/fhir/SearchParameter/SorQuestionnaireResponse","version":"2.9.1","name":"SorQuestionnaireResponse","status":"active","date":"2025-03-17T14:13:02+00:00","publisher":"Sundhedsvæsnets Kvalistetsinstitut with Trifork Digital Health A/S","contact":[{"name":"Sundhedsvæsnets Kvalistetsinstitut with Trifork Digital Health A/S","telecom":[{"system":"url","value":"https://trifork.com"},{"system":"email","value":"rbk@trifork.com"}]}],"description":"Search By SOR in Questionnaire","code":"sorCode","base":["QuestionnaireResponse"],"type":"token","expression":"QuestionnaireResponse.author.extension.where(url='sorCode')","comparator":["eq"]}