{"resourceType":"ValueSet","id":"APInstabilitetDKR","text":{"status":"extensions","div":"<div xmlns=\"http://www.w3.org/1999/xhtml\"><p class=\"res-header-id\"><b>Generated Narrative: ValueSet APInstabilitetDKR</b></p><a name=\"APInstabilitetDKR\"> </a><a name=\"hcAPInstabilitetDKR\"> </a><a name=\"APInstabilitetDKR-en-US\"> </a><ul><li>Include these codes as defined in <a href=\"CodeSystem-Intervals.html\"><code>https://kip.rkkp.dk/fhir/CodeSystem/Intervals</code></a><table class=\"none\"><tr><td style=\"white-space:nowrap\"><b>Code</b></td><td><b>Display</b></td><td><b>Definition</b></td></tr><tr><td><a href=\"CodeSystem-Intervals.html#Intervals-.605\">&lt;5</a></td><td>&lt;5 mm</td><td>&lt;5</td></tr><tr><td><a href=\"CodeSystem-Intervals.html#Intervals-5-10\">5-10</a></td><td>5-10 mm</td><td>5-10</td></tr><tr><td><a href=\"CodeSystem-Intervals.html#Intervals-.6210\">&gt;10</a></td><td>&gt;10 mm</td><td>&gt;10</td></tr></table></li></ul></div>"},"url":"https://kip.rkkp.dk/fhir/ValueSet/APInstabilitetDKR","version":"2.9.1","name":"APInstabilitetDKR","title":"AP-instabilitet (DKR)","status":"active","experimental":true,"date":"2022-10-12T00:00:00+02:00","publisher":"Sundhedsvæsnets Kvalistetsinstitut with Trifork Digital Health A/S","contact":[{"name":"Sundhedsvæsnets Kvalistetsinstitut with Trifork Digital Health A/S","telecom":[{"system":"url","value":"https://trifork.com"},{"system":"email","value":"rbk@trifork.com"}]}],"description":"AP-instabilitet (DKR)","compose":{"include":[{"system":"https://kip.rkkp.dk/fhir/CodeSystem/Intervals","concept":[{"code":"<5","display":"<5 mm"},{"code":"5-10","display":"5-10 mm"},{"code":">10","display":">10 mm"}]}]}}