{"resourceType":"ValueSet","id":"LinerMedPostDKR","text":{"status":"generated","div":"<div xmlns=\"http://www.w3.org/1999/xhtml\"><p class=\"res-header-id\"><b>Generated Narrative: ValueSet LinerMedPostDKR</b></p><a name=\"LinerMedPostDKR\"> </a><a name=\"hcLinerMedPostDKR\"> </a><a name=\"LinerMedPostDKR-en-US\"> </a><ul><li>Include these codes as defined in <a href=\"CodeSystem-KomponentLiner.html\"><code>https://kip.rkkp.dk/fhir/CodeSystem/KomponentLiner</code></a><table class=\"none\"><tr><td style=\"white-space:nowrap\"><b>Code</b></td><td><b>Display</b></td></tr><tr><td><a href=\"CodeSystem-KomponentLiner.html#KomponentLiner-ps_traditional_ap\">ps_traditional_ap</a></td><td>PS (traditionel PS post med AP constraint)</td></tr><tr><td><a href=\"CodeSystem-KomponentLiner.html#KomponentLiner-ps_rotating\">ps_rotating</a></td><td>PS med roterende platform</td></tr><tr><td><a href=\"CodeSystem-KomponentLiner.html#KomponentLiner-ckk_VV\">ckk_VV</a></td><td>CCK (Constrained Condylar - Post med VV og rotations constraint)</td></tr><tr><td><a href=\"CodeSystem-KomponentLiner.html#KomponentLiner-ckk_rotating\">ckk_rotating</a></td><td>CCK med roterende platform</td></tr><tr><td><a href=\"CodeSystem-KomponentLiner.html#KomponentLiner-bi_cs\">bi_cs</a></td><td>Bi-CS: bicruciate substituting (forreste og bageste korsbånd ofres og substitueres med post og 2 cams)</td></tr></table></li></ul></div>"},"url":"https://kip.rkkp.dk/fhir/ValueSet/LinerMedPostDKR","version":"2.9.1","name":"LinerMedPostDKR","title":"Liner komponent med Post (DKR)","status":"active","experimental":true,"date":"2023-12-18T00:00:00+02:00","publisher":"Sundhedsvæsnets Kvalistetsinstitut with Trifork Digital Health A/S","contact":[{"name":"Sundhedsvæsnets Kvalistetsinstitut with Trifork Digital Health A/S","telecom":[{"system":"url","value":"https://trifork.com"},{"system":"email","value":"rbk@trifork.com"}]}],"description":"Liner komponent med Post (DKR)","compose":{"include":[{"system":"https://kip.rkkp.dk/fhir/CodeSystem/KomponentLiner","concept":[{"code":"ps_traditional_ap","display":"PS (traditionel PS post med AP constraint)"},{"code":"ps_rotating","display":"PS med roterende platform"},{"code":"ckk_VV","display":"CCK (Constrained Condylar - Post med VV og rotations constraint)"},{"code":"ckk_rotating","display":"CCK med roterende platform"},{"code":"bi_cs","display":"Bi-CS: bicruciate substituting (forreste og bageste korsbånd ofres og substitueres med post og 2 cams)"}]}]}}