{"resourceType":"ValueSet","id":"KomplikationerBehandlingDEGC","text":{"status":"extensions","div":"<div xmlns=\"http://www.w3.org/1999/xhtml\"><p class=\"res-header-id\"><b>Generated Narrative: ValueSet KomplikationerBehandlingDEGC</b></p><a name=\"KomplikationerBehandlingDEGC\"> </a><a name=\"hcKomplikationerBehandlingDEGC\"> </a><a name=\"KomplikationerBehandlingDEGC-en-US\"> </a><p>This value set includes codes based on the following rules:</p><ul><li>Include these codes as defined in <a href=\"CodeSystem-Complications.html\"><code>https://kip.rkkp.dk/fhir/CodeSystem/Complications</code></a><table class=\"none\"><tr><td style=\"white-space:nowrap\"><b>Code</b></td><td><b>Display</b></td><td><b>Definition</b></td></tr><tr><td><a href=\"CodeSystem-Complications.html#Complications-ami\">ami</a></td><td>AMI</td><td>AMI - Myocardieinfarkt</td></tr><tr><td><a href=\"CodeSystem-Complications.html#Complications-chylothorax\">chylothorax</a></td><td>Chylothorax</td><td>Chylothorax</td></tr><tr><td><a href=\"CodeSystem-Complications.html#Complications-fascierupture\">fascierupture</a></td><td>Fascieruptur</td><td>Fascieruptur</td></tr><tr><td><a href=\"CodeSystem-Complications.html#Complications-ileus\">ileus</a></td><td>Ileus</td><td>Ileus</td></tr><tr><td><a href=\"CodeSystem-Complications.html#Complications-intrathoracicbleeding\">intrathoracicbleeding</a></td><td>Intrathorakal blødning</td><td>Intrathorakal blødning</td></tr><tr><td><a href=\"CodeSystem-Complications.html#Complications-intraabdominalabscess\">intraabdominalabscess</a></td><td>Intraabdominal absces</td><td>Intraabdominal absces</td></tr><tr><td><a href=\"CodeSystem-Complications.html#Complications-intraabdominalbleeding\">intraabdominalbleeding</a></td><td>Intraabdominal blødning</td><td>Intraabdominal blødning</td></tr><tr><td><a href=\"CodeSystem-Complications.html#Complications-pulmonaryembolism\">pulmonaryembolism</a></td><td>Lungeemboli</td><td>Lungeemboli</td></tr><tr><td><a href=\"CodeSystem-Complications.html#Complications-perforation\">perforation</a></td><td>Perforation</td><td>Perforation</td></tr><tr><td><a href=\"CodeSystem-Complications.html#Complications-pleuraexudate\">pleuraexudate</a></td><td>Pleuraeksudat</td><td>Pleuraeksudat</td></tr><tr><td><a href=\"CodeSystem-Complications.html#Complications-pneumonia\">pneumonia</a></td><td>Pneumoni</td><td>Pneumoni</td></tr><tr><td><a href=\"CodeSystem-Complications.html#Complications-infection\">infection</a></td><td>Sårinfektion</td><td>Sårinfektion</td></tr></table></li><li>Include these codes as defined in <a href=\"CodeSystem-GenericValues.html\"><code>https://kip.rkkp.dk/fhir/CodeSystem/GenericValues</code></a><table class=\"none\"><tr><td style=\"white-space:nowrap\"><b>Code</b></td><td><b>Display</b></td><td><b>Definition</b></td></tr><tr><td><a href=\"CodeSystem-GenericValues.html#GenericValues-other\">other</a></td><td>Andre</td><td>Other - used to choose unspecific value not in a valueset</td></tr></table></li></ul></div>"},"url":"https://kip.rkkp.dk/fhir/ValueSet/KomplikationerBehandlingDEGC","version":"2.9.1","name":"KomplikationerBehandlingDEGC","title":"Komplikationer, behandling (DEGC)","status":"active","experimental":true,"date":"2022-06-08T00:00:00+02:00","publisher":"Sundhedsvæsnets Kvalistetsinstitut with Trifork Digital Health A/S","contact":[{"name":"Sundhedsvæsnets Kvalistetsinstitut with Trifork Digital Health A/S","telecom":[{"system":"url","value":"https://trifork.com"},{"system":"email","value":"rbk@trifork.com"}]}],"description":"Komplikationer i forhold til DEGC operationer","compose":{"include":[{"system":"https://kip.rkkp.dk/fhir/CodeSystem/Complications","concept":[{"code":"ami","display":"AMI"},{"code":"chylothorax","display":"Chylothorax"},{"code":"fascierupture","display":"Fascieruptur"},{"code":"ileus","display":"Ileus"},{"code":"intrathoracicbleeding","display":"Intrathorakal blødning"},{"code":"intraabdominalabscess","display":"Intraabdominal absces"},{"code":"intraabdominalbleeding","display":"Intraabdominal blødning"},{"code":"pulmonaryembolism","display":"Lungeemboli"},{"code":"perforation","display":"Perforation"},{"code":"pleuraexudate","display":"Pleuraeksudat"},{"code":"pneumonia","display":"Pneumoni"},{"code":"infection","display":"Sårinfektion"}]},{"system":"https://kip.rkkp.dk/fhir/CodeSystem/GenericValues","concept":[{"code":"other","display":"Andre"}]}]}}