{"resourceType":"ValueSet","id":"AnurismeAflukning","text":{"status":"extensions","div":"<div xmlns=\"http://www.w3.org/1999/xhtml\"><p class=\"res-header-id\"><b>Generated Narrative: ValueSet AnurismeAflukning</b></p><a name=\"AnurismeAflukning\"> </a><a name=\"hcAnurismeAflukning\"> </a><a name=\"AnurismeAflukning-en-US\"> </a><ul><li>Include these codes as defined in <a href=\"CodeSystem-AneurysmClosure.html\"><code>https://kip.rkkp.dk/fhir/CodeSystem/AneurysmClosure</code></a><table class=\"none\"><tr><td style=\"white-space:nowrap\"><b>Code</b></td><td><b>Display</b></td><td><b>Definition</b></td></tr><tr><td><a href=\"CodeSystem-AneurysmClosure.html#AneurysmClosure-full\">full</a></td><td>Ingen rest</td><td>Full closure</td></tr><tr><td><a href=\"CodeSystem-AneurysmClosure.html#AneurysmClosure-partial\">partial</a></td><td>Partiel aflukning</td><td>partial closure</td></tr></table></li></ul></div>"},"url":"https://kip.rkkp.dk/fhir/ValueSet/AnurismeAflukning","version":"2.9.1","name":"AnurismeAflukning","title":"Graden af aflukning af anurisme","status":"active","experimental":true,"date":"2022-06-29T00:00:00+02:00","publisher":"Sundhedsvæsnets Kvalistetsinstitut with Trifork Digital Health A/S","contact":[{"name":"Sundhedsvæsnets Kvalistetsinstitut with Trifork Digital Health A/S","telecom":[{"system":"url","value":"https://trifork.com"},{"system":"email","value":"rbk@trifork.com"}]}],"description":"Graden af aflukning af anurisme","compose":{"include":[{"system":"https://kip.rkkp.dk/fhir/CodeSystem/AneurysmClosure","concept":[{"code":"full","display":"Ingen rest"},{"code":"partial","display":"Partiel aflukning"}]}]}}