{"resourceType":"ValueSet","id":"KomponentTibiaStatusDKR","text":{"status":"extensions","div":"<div xmlns=\"http://www.w3.org/1999/xhtml\"><p class=\"res-header-id\"><b>Generated Narrative: ValueSet KomponentTibiaStatusDKR</b></p><a name=\"KomponentTibiaStatusDKR\"> </a><a name=\"hcKomponentTibiaStatusDKR\"> </a><a name=\"KomponentTibiaStatusDKR-en-US\"> </a><p>This value set includes codes based on the following rules:</p><ul><li>Include these codes as defined in <a href=\"CodeSystem-GenericValues.html\"><code>https://kip.rkkp.dk/fhir/CodeSystem/GenericValues</code></a><table class=\"none\"><tr><td style=\"white-space:nowrap\"><b>Code</b></td><td><b>Display</b></td><td><b>Definition</b></td></tr><tr><td><a href=\"CodeSystem-GenericValues.html#GenericValues-inserted\">inserted</a></td><td>Indsat</td><td>Inserted / Indsat</td></tr><tr><td><a href=\"CodeSystem-GenericValues.html#GenericValues-not_replaced\">not_replaced</a></td><td>Ikke udskiftet (revision)</td><td>Not replaced / Ikke udskiftet</td></tr><tr><td><a href=\"CodeSystem-GenericValues.html#GenericValues-other\">other</a></td><td>Andet</td><td>Other - used to choose unspecific value not in a valueset</td></tr></table></li><li>Include these codes as defined in <a href=\"CodeSystem-ImplantComponents.html\"><code>https://kip.rkkp.dk/fhir/CodeSystem/ImplantComponents</code></a><table class=\"none\"><tr><td style=\"white-space:nowrap\"><b>Code</b></td><td><b>Display</b></td><td><b>Definition</b></td></tr><tr><td><a href=\"CodeSystem-ImplantComponents.html#ImplantComponents-polyethylene_change\">polyethylene_change</a></td><td>Polyethylen-skift (ved revision)</td><td>Polyethylen-skift (ved revision) (Tibia)</td></tr></table></li></ul></div>"},"url":"https://kip.rkkp.dk/fhir/ValueSet/KomponentTibiaStatusDKR","version":"2.9.1","name":"KomponentTibiaStatusDKR","title":"Komponent - tibia, status (DKR)","status":"active","experimental":true,"date":"2022-10-13T00:00:00+02:00","publisher":"Sundhedsvæsnets Kvalistetsinstitut with Trifork Digital Health A/S","contact":[{"name":"Sundhedsvæsnets Kvalistetsinstitut with Trifork Digital Health A/S","telecom":[{"system":"url","value":"https://trifork.com"},{"system":"email","value":"rbk@trifork.com"}]}],"description":"Komponent - tibia, status (DKR)","compose":{"include":[{"system":"https://kip.rkkp.dk/fhir/CodeSystem/GenericValues","concept":[{"code":"inserted","display":"Indsat"},{"code":"not_replaced","display":"Ikke udskiftet (revision)"},{"code":"other","display":"Andet"}]},{"system":"https://kip.rkkp.dk/fhir/CodeSystem/ImplantComponents","concept":[{"code":"polyethylene_change","display":"Polyethylen-skift (ved revision)"}]}]}}