{"resourceType":"ValueSet","id":"DiagnoseDMPNopfoelgning","text":{"status":"extensions","div":"<div xmlns=\"http://www.w3.org/1999/xhtml\"><p class=\"res-header-id\"><b>Generated Narrative: ValueSet DiagnoseDMPNopfoelgning</b></p><a name=\"DiagnoseDMPNopfoelgning\"> </a><a name=\"hcDiagnoseDMPNopfoelgning\"> </a><a name=\"DiagnoseDMPNopfoelgning-en-US\"> </a><ul><li>Include these codes as defined in <a href=\"CodeSystem-DiseasesUnspecified.html\"><code>https://kip.rkkp.dk/fhir/CodeSystem/DiseasesUnspecified</code></a><table class=\"none\"><tr><td style=\"white-space:nowrap\"><b>Code</b></td><td><b>Display</b></td><td><b>Definition</b></td></tr><tr><td><a href=\"CodeSystem-DiseasesUnspecified.html#DiseasesUnspecified-polycythemia_vera\">polycythemia_vera</a></td><td>Polycytæmia vera</td><td>Polycythemia vera / Polycytæmia vera</td></tr><tr><td><a href=\"CodeSystem-DiseasesUnspecified.html#DiseasesUnspecified-primary\">primary</a></td><td>Primær Myelofibrose</td><td>Primary myelofibrosis / Primær Myelofibrose</td></tr><tr><td><a href=\"CodeSystem-DiseasesUnspecified.html#DiseasesUnspecified-prefibrotic\">prefibrotic</a></td><td>Præfibrotisk Myelofibrose</td><td>Prefibrotic myelofibrosis / Præfibrotisk Myelofibrose</td></tr><tr><td><a href=\"CodeSystem-DiseasesUnspecified.html#DiseasesUnspecified-essential_thrombocytosis\">essential_thrombocytosis</a></td><td>Essentiel thrombocytose</td><td>Essential thrombocytosis / Ess. thrombocytose</td></tr><tr><td><a href=\"CodeSystem-DiseasesUnspecified.html#DiseasesUnspecified-myeloproliferative_unclassified\">myeloproliferative_unclassified</a></td><td>Uklassificerbar Myeloproliferativ sygdom</td><td>Unclassified myeloproliferative / Uklassificerbar Myeloproliferativ sygdom</td></tr></table></li></ul></div>"},"url":"https://kip.rkkp.dk/fhir/ValueSet/DiagnoseDMPNopfoelgning","version":"2.9.1","name":"DiagnoseDMPNopfoelgning","title":"Diagnose DMPN opfølgning","status":"active","experimental":true,"date":"2023-02-03T00:00:00+02:00","publisher":"Sundhedsvæsnets Kvalistetsinstitut with Trifork Digital Health A/S","contact":[{"name":"Sundhedsvæsnets Kvalistetsinstitut with Trifork Digital Health A/S","telecom":[{"system":"url","value":"https://trifork.com"},{"system":"email","value":"rbk@trifork.com"}]}],"description":"Uspecificerede diagnoser - DMPN opfølgning","compose":{"include":[{"system":"https://kip.rkkp.dk/fhir/CodeSystem/DiseasesUnspecified","concept":[{"code":"polycythemia_vera","display":"Polycytæmia vera"},{"code":"primary","display":"Primær Myelofibrose"},{"code":"prefibrotic","display":"Præfibrotisk Myelofibrose"},{"code":"essential_thrombocytosis","display":"Essentiel thrombocytose"},{"code":"myeloproliferative_unclassified","display":"Uklassificerbar Myeloproliferativ sygdom"}]}]}}