{"resourceType":"ValueSet","id":"Skala","text":{"status":"extensions","div":"<div xmlns=\"http://www.w3.org/1999/xhtml\"><p class=\"res-header-id\"><b>Generated Narrative: ValueSet Skala</b></p><a name=\"Skala\"> </a><a name=\"hcSkala\"> </a><a name=\"Skala-en-US\"> </a><ul><li>Include these codes as defined in <a href=\"CodeSystem-EORTCQLQC1514.html\"><code>https://kip.rkkp.dk/fhir/CodeSystem/EORTCQLQC1514</code></a><table class=\"none\"><tr><td style=\"white-space:nowrap\"><b>Code</b></td><td><b>Display</b></td><td><b>Definition</b></td></tr><tr><td><a href=\"CodeSystem-EORTCQLQC1514.html#EORTCQLQC1514-grade_1\">grade_1</a></td><td>Slet ikke</td><td>1. Slet ikke</td></tr><tr><td><a href=\"CodeSystem-EORTCQLQC1514.html#EORTCQLQC1514-grade_2\">grade_2</a></td><td>Lidt</td><td>2. Lidt</td></tr><tr><td><a href=\"CodeSystem-EORTCQLQC1514.html#EORTCQLQC1514-grade_3\">grade_3</a></td><td>Noget</td><td>3. En del</td></tr><tr><td><a href=\"CodeSystem-EORTCQLQC1514.html#EORTCQLQC1514-grade_4\">grade_4</a></td><td>Meget</td><td>4. Meget</td></tr></table></li></ul></div>"},"url":"https://kip.rkkp.dk/fhir/ValueSet/Skala","version":"2.9.1","name":"Skala","title":"Symptom skala","status":"active","experimental":true,"date":"2024-04-18T00:00:00+02:00","publisher":"Sundhedsvæsnets Kvalistetsinstitut with Trifork Digital Health A/S","contact":[{"name":"Sundhedsvæsnets Kvalistetsinstitut with Trifork Digital Health A/S","telecom":[{"system":"url","value":"https://trifork.com"},{"system":"email","value":"rbk@trifork.com"}]}],"description":"Symptom skala","compose":{"include":[{"system":"https://kip.rkkp.dk/fhir/CodeSystem/EORTCQLQC1514","concept":[{"code":"grade_1","display":"Slet ikke"},{"code":"grade_2","display":"Lidt"},{"code":"grade_3","display":"Noget"},{"code":"grade_4","display":"Meget"}]}]}}