{"resourceType":"ValueSet","id":"MuligVanskeligUmulig","text":{"status":"extensions","div":"<div xmlns=\"http://www.w3.org/1999/xhtml\"><p class=\"res-header-id\"><b>Generated Narrative: ValueSet MuligVanskeligUmulig</b></p><a name=\"MuligVanskeligUmulig\"> </a><a name=\"hcMuligVanskeligUmulig\"> </a><a name=\"MuligVanskeligUmulig-en-US\"> </a><ul><li>Include these codes as defined in <a href=\"CodeSystem-MuligVanskeligUmulig.html\"><code>https://kip.rkkp.dk/fhir/CodeSystem/MuligVanskeligUmulig</code></a><table class=\"none\"><tr><td style=\"white-space:nowrap\"><b>Code</b></td><td><b>Display</b></td><td><b>Definition</b></td></tr><tr><td><a href=\"CodeSystem-MuligVanskeligUmulig.html#MuligVanskeligUmulig-mulig\">mulig</a></td><td>Mulig</td><td>Behandlingen er mulig</td></tr><tr><td><a href=\"CodeSystem-MuligVanskeligUmulig.html#MuligVanskeligUmulig-vanskelig\">vanskelig</a></td><td>Vanskelig</td><td>Behandlingen er vanskelig men mulig</td></tr><tr><td><a href=\"CodeSystem-MuligVanskeligUmulig.html#MuligVanskeligUmulig-umulig\">umulig</a></td><td>Umulig</td><td>Behandlingen er ikke mulig</td></tr></table></li></ul></div>"},"url":"https://kip.rkkp.dk/fhir/ValueSet/MuligVanskeligUmulig","version":"2.9.1","name":"MuligVanskeligUmulig","title":"Mulig-Vanskelig-Umulig","status":"active","experimental":true,"date":"2022-06-14T00:00:00+02:00","publisher":"Sundhedsvæsnets Kvalistetsinstitut with Trifork Digital Health A/S","contact":[{"name":"Sundhedsvæsnets Kvalistetsinstitut with Trifork Digital Health A/S","telecom":[{"system":"url","value":"https://trifork.com"},{"system":"email","value":"rbk@trifork.com"}]}],"description":"Vurdering af en given behandling","compose":{"include":[{"system":"https://kip.rkkp.dk/fhir/CodeSystem/MuligVanskeligUmulig","concept":[{"code":"mulig","display":"Mulig"},{"code":"vanskelig","display":"Vanskelig"},{"code":"umulig","display":"Umulig"}]}]}}