{"resourceType":"ValueSet","id":"PRDcodes","text":{"status":"extensions","div":"<div xmlns=\"http://www.w3.org/1999/xhtml\"><p class=\"res-header-id\"><b>Generated Narrative: ValueSet PRDcodes</b></p><a name=\"PRDcodes\"> </a><a name=\"hcPRDcodes\"> </a><a name=\"PRDcodes-en-US\"> </a><ul><li>Include these codes as defined in <a href=\"CodeSystem-PRDcodes.html\"><code>https://kip.rkkp.dk/fhir/CodeSystem/PRDcodes</code></a><table class=\"none\"><tr><td style=\"white-space:nowrap\"><b>Code</b></td><td><b>Display</b></td><td><b>Definition</b></td></tr><tr><td><a href=\"CodeSystem-PRDcodes.html#PRDcodes-prd2513\">prd2513</a></td><td>2513 - AA amyloid secondary to chronic inflammation</td><td>AA amyloid secondary to chronic inflammation</td></tr><tr><td><a href=\"CodeSystem-PRDcodes.html#PRDcodes-prd1768\">prd1768</a></td><td>1768 - Acquired obstructive nephropathy due to neurogenic bladder</td><td>Acquired obstructive nephropathy due to neurogenic bladder</td></tr><tr><td><a href=\"CodeSystem-PRDcodes.html#PRDcodes-prd1752\">prd1752</a></td><td>1752 - Acquired obstructive uropathy / nephropathy </td><td>Acquired obstructive uropathy / nephropathy</td></tr><tr><td><a href=\"CodeSystem-PRDcodes.html#PRDcodes-prd3442\">prd3442</a></td><td>3442 - Acute cortical necrosis</td><td>Acute cortical necrosis</td></tr><tr><td><a href=\"CodeSystem-PRDcodes.html#PRDcodes-prd3380\">prd3380</a></td><td>3380 - Acute kidney injury</td><td>Acute kidney injury</td></tr><tr><td><a href=\"CodeSystem-PRDcodes.html#PRDcodes-prd3403\">prd3403</a></td><td>3403 - Acute kidney injury due to circulatory failure</td><td>Acute kidney injury due to circulatory failure</td></tr><tr><td><a href=\"CodeSystem-PRDcodes.html#PRDcodes-prd3398\">prd3398</a></td><td>3398 - Acute kidney injury due to hypovolaemia </td><td>Acute kidney injury due to hypovolaemia</td></tr><tr><td><a href=\"CodeSystem-PRDcodes.html#PRDcodes-prd3435\">prd3435</a></td><td>3435 - Acute kidney injury due to nephrotoxicity</td><td>Acute kidney injury due to nephrotoxicity</td></tr><tr><td><a href=\"CodeSystem-PRDcodes.html#PRDcodes-prd3426\">prd3426</a></td><td>3426 - Acute kidney injury due to rhabdomyolysis</td><td>Acute kidney injury due to rhabdomyolysis</td></tr><tr><td><a href=\"CodeSystem-PRDcodes.html#PRDcodes-prd3419\">prd3419</a></td><td>3419 - Acute kidney injury due to sepsis</td><td>Acute kidney injury due to sepsis</td></tr><tr><td><a href=\"CodeSystem-PRDcodes.html#PRDcodes-prd3457\">prd3457</a></td><td>3457 - Acute pyelonephritis</td><td>Acute pyelonephritis</td></tr><tr><td><a href=\"CodeSystem-PRDcodes.html#PRDcodes-prd2196\">prd2196</a></td><td>2196 - Acute urate nephropathy - histologically proven</td><td>Acute urate nephropathy - histologically proven</td></tr><tr><td><a href=\"CodeSystem-PRDcodes.html#PRDcodes-prd2183\">prd2183</a></td><td>2183 - Acute urate nephropathy - no histology</td><td>Acute urate nephropathy - no histology</td></tr><tr><td><a href=\"CodeSystem-PRDcodes.html#PRDcodes-prd1003\">prd1003</a></td><td>1003 - Adult nephrotic syndrome - no histology</td><td>Adult nephrotic syndrome - no histology</td></tr><tr><td><a href=\"CodeSystem-PRDcodes.html#PRDcodes-prd2392\">prd2392</a></td><td>2392 - Ageing kidney - no histology</td><td>Ageing kidney - no histology</td></tr><tr><td><a href=\"CodeSystem-PRDcodes.html#PRDcodes-prd2521\">prd2521</a></td><td>2521 - AL amyloid secondary to plasma cell dyscrasia</td><td>AL amyloid secondary to plasma cell dyscrasia</td></tr><tr><td><a href=\"CodeSystem-PRDcodes.html#PRDcodes-prd3071\">prd3071</a></td><td>3071 - Alagille syndrome</td><td>Alagille syndrome</td></tr><tr><td><a href=\"CodeSystem-PRDcodes.html#PRDcodes-prd2760\">prd2760</a></td><td>2760 - Alport syndrome - histologically proven</td><td>Alport syndrome - histologically proven</td></tr><tr><td><a href=\"CodeSystem-PRDcodes.html#PRDcodes-prd2756\">prd2756</a></td><td>2756 - Alport syndrome - no histology</td><td>Alport syndrome - no histology</td></tr><tr><td><a href=\"CodeSystem-PRDcodes.html#PRDcodes-prd1472\">prd1472</a></td><td>1472 - Anti-Glomerular basement membrane (GBM) disease / Goodpasture's syndrome - histologically proven</td><td>Anti-Glomerular basement membrane (GBM) disease / Goodpasture's syndrome - histologically proven</td></tr><tr><td><a href=\"CodeSystem-PRDcodes.html#PRDcodes-prd1464\">prd1464</a></td><td>1464 - Anti-Glomerular basement membrane (GBM) disease / Goodpasture's syndrome - no histology</td><td>Anti-Glomerular basement membrane (GBM) disease / Goodpasture's syndrome - no histology</td></tr><tr><td><a href=\"CodeSystem-PRDcodes.html#PRDcodes-prd3118\">prd3118</a></td><td>3118 - Apparent mineralocorticoid excess</td><td>Apparent mineralocorticoid excess</td></tr><tr><td><a href=\"CodeSystem-PRDcodes.html#PRDcodes-prd1995\">prd1995</a></td><td>1995 - Aristolochic acid nephropathy (Balkan / Chinese herb / endemic nephropathy) - histologically proven</td><td>Aristolochic acid nephropathy (Balkan / Chinese herb / endemic nephropathy) - histologically proven</td></tr><tr><td><a href=\"CodeSystem-PRDcodes.html#PRDcodes-prd1982\">prd1982</a></td><td>1982 - Aristolochic acid nephropathy (Balkan / Chinese herb / endemic nephropathy) - no histology</td><td>Aristolochic acid nephropathy (Balkan / Chinese herb / endemic nephropathy) - no histology</td></tr><tr><td><a href=\"CodeSystem-PRDcodes.html#PRDcodes-prd2448\">prd2448</a></td><td>2448 - Atheroembolic renal disease - histologically proven</td><td>Atheroembolic renal disease - histologically proven</td></tr><tr><td><a href=\"CodeSystem-PRDcodes.html#PRDcodes-prd2430\">prd2430</a></td><td>2430 - Atheroembolic renal disease - no histology</td><td>Atheroembolic renal disease - no histology</td></tr><tr><td><a href=\"CodeSystem-PRDcodes.html#PRDcodes-prd2623\">prd2623</a></td><td>2623 - Atypical haemolytic uraemic syndrome (HUS) - diarrhoea negative</td><td>Atypical haemolytic uraemic syndrome (HUS) - diarrhoea negative</td></tr><tr><td><a href=\"CodeSystem-PRDcodes.html#PRDcodes-prd2718\">prd2718</a></td><td>2718 - Autosomal dominant (AD) polycystic kidney disease</td><td>Autosomal dominant (AD) polycystic kidney disease</td></tr><tr><td><a href=\"CodeSystem-PRDcodes.html#PRDcodes-prd2725\">prd2725</a></td><td>2725 - Autosomal dominant (AD) polycystic kidney disease type I</td><td>Autosomal dominant (AD) polycystic kidney disease type I</td></tr><tr><td><a href=\"CodeSystem-PRDcodes.html#PRDcodes-prd2739\">prd2739</a></td><td>2739 - Autosomal dominant (AD) polycystic kidney disease type II</td><td>Autosomal dominant (AD) polycystic kidney disease type II</td></tr><tr><td><a href=\"CodeSystem-PRDcodes.html#PRDcodes-prd2741\">prd2741</a></td><td>2741 - Autosomal recessive (AR) polycystic kidney disease</td><td>Autosomal recessive (AR) polycystic kidney disease</td></tr><tr><td><a href=\"CodeSystem-PRDcodes.html#PRDcodes-prd3085\">prd3085</a></td><td>3085 - Bartter syndrome</td><td>Bartter syndrome</td></tr><tr><td><a href=\"CodeSystem-PRDcodes.html#PRDcodes-prd2773\">prd2773</a></td><td>2773 - Benign familial haematuria</td><td>Benign familial haematuria</td></tr><tr><td><a href=\"CodeSystem-PRDcodes.html#PRDcodes-prd1710\">prd1710</a></td><td>1710 - Bladder exstrophy</td><td>Bladder exstrophy</td></tr><tr><td><a href=\"CodeSystem-PRDcodes.html#PRDcodes-prd3322\">prd3322</a></td><td>3322 - Branchio-oto-renal syndrome</td><td>Branchio-oto-renal syndrome</td></tr><tr><td><a href=\"CodeSystem-PRDcodes.html#PRDcodes-prd1845\">prd1845</a></td><td>1845 - Calcium oxalate urolithiasis</td><td>Calcium oxalate urolithiasis</td></tr><tr><td><a href=\"CodeSystem-PRDcodes.html#PRDcodes-prd1832\">prd1832</a></td><td>1832 - Calculus nephropathy / urolithiasis</td><td>Calculus nephropathy / urolithiasis</td></tr><tr><td><a href=\"CodeSystem-PRDcodes.html#PRDcodes-prd2482\">prd2482</a></td><td>2482 - Cardiorenal syndrome</td><td>Cardiorenal syndrome</td></tr><tr><td><a href=\"CodeSystem-PRDcodes.html#PRDcodes-prd2363\">prd2363</a></td><td>2363 - Chronic hypertensive nephropathy - histologically proven</td><td>Chronic hypertensive nephropathy - histologically proven</td></tr><tr><td><a href=\"CodeSystem-PRDcodes.html#PRDcodes-prd2359\">prd2359</a></td><td>2359 - Chronic hypertensive nephropathy - no histology</td><td>Chronic hypertensive nephropathy - no histology</td></tr><tr><td><a href=\"CodeSystem-PRDcodes.html#PRDcodes-prd3564\">prd3564</a></td><td>3564 - Chronic kidney disease (CKD) / chronic renal failure (CRF) - aetiology uncertain / unknown - histologically proven</td><td>Chronic kidney disease (CKD) / chronic renal failure (CRF) - aetiology uncertain / unknown - histologically proven</td></tr><tr><td><a href=\"CodeSystem-PRDcodes.html#PRDcodes-prd3555\">prd3555</a></td><td>3555 - Chronic kidney disease (CKD) / chronic renal failure (CRF) - aetiology uncertain / unknown - no histology</td><td>Chronic kidney disease (CKD) / chronic renal failure (CRF) - aetiology uncertain / unknown - no histology</td></tr><tr><td><a href=\"CodeSystem-PRDcodes.html#PRDcodes-prd3529\">prd3529</a></td><td>3529 - Chronic kidney disease (CKD) / chronic renal failure (CRF) caused by tumour nephrectomy</td><td>Chronic kidney disease (CKD) / chronic renal failure (CRF) caused by tumour nephrectomy</td></tr><tr><td><a href=\"CodeSystem-PRDcodes.html#PRDcodes-prd3540\">prd3540</a></td><td>3540 - Chronic kidney disease (CKD) / chronic renal failure (CRF) due to donor nephrectomy</td><td>Chronic kidney disease (CKD) / chronic renal failure (CRF) due to donor nephrectomy</td></tr><tr><td><a href=\"CodeSystem-PRDcodes.html#PRDcodes-prd3538\">prd3538</a></td><td>3538 - Chronic kidney disease (CKD) / chronic renal failure (CRF) due to traumatic loss of kidney</td><td>Chronic kidney disease (CKD) / chronic renal failure (CRF) due to traumatic loss of kidney</td></tr><tr><td><a href=\"CodeSystem-PRDcodes.html#PRDcodes-prd3708\">prd3708</a></td><td>3708 - Chronic renal failure</td><td>Chronic renal failure</td></tr><tr><td><a href=\"CodeSystem-PRDcodes.html#PRDcodes-prd3643\">prd3643</a></td><td>3643 - Chronic renal failure due to systemic infection</td><td>Chronic renal failure due to systemic infection</td></tr><tr><td><a href=\"CodeSystem-PRDcodes.html#PRDcodes-prd2203\">prd2203</a></td><td>2203 - Chronic urate nephropathy - histologically proven</td><td>Chronic urate nephropathy - histologically proven</td></tr><tr><td><a href=\"CodeSystem-PRDcodes.html#PRDcodes-prd3636\">prd3636</a></td><td>3636 - Chronic urate nephropathy - no histology</td><td>Chronic urate nephropathy - no histology</td></tr><tr><td><a href=\"CodeSystem-PRDcodes.html#PRDcodes-prd1440\">prd1440</a></td><td>1440 - Churg-Strauss syndrome - histologically proven</td><td>Churg-Strauss syndrome - histologically proven</td></tr><tr><td><a href=\"CodeSystem-PRDcodes.html#PRDcodes-prd1438\">prd1438</a></td><td>1438 - Churg-Strauss syndrome - no histology</td><td>Churg-Strauss syndrome - no histology</td></tr><tr><td><a href=\"CodeSystem-PRDcodes.html#PRDcodes-prd1625\">prd1625</a></td><td>1625 - Congenital dysplasia / hypoplasia</td><td>Congenital dysplasia / hypoplasia</td></tr><tr><td><a href=\"CodeSystem-PRDcodes.html#PRDcodes-prd2652\">prd2652</a></td><td>2652 - Congenital haemolytic uraemic syndrome</td><td>Congenital haemolytic uraemic syndrome (HUS)</td></tr><tr><td><a href=\"CodeSystem-PRDcodes.html#PRDcodes-prd1088\">prd1088</a></td><td>1088 - Congenital nephrotic syndrome (CNS) - congenital infection</td><td>Congenital nephrotic syndrome (CNS) - congenital infection</td></tr><tr><td><a href=\"CodeSystem-PRDcodes.html#PRDcodes-prd1057\">prd1057</a></td><td>1057 - Congenital nephrotic syndrome (CNS) - diffuse mesangial sclerosis</td><td>Congenital nephrotic syndrome (CNS) - diffuse mesangial sclerosis</td></tr><tr><td><a href=\"CodeSystem-PRDcodes.html#PRDcodes-prd1042\">prd1042</a></td><td>1042 - Congenital nephrotic syndrome (CNS) - Finnish type - histologically proven</td><td>Congenital nephrotic syndrome (CNS) - Finnish type - histologically proven</td></tr><tr><td><a href=\"CodeSystem-PRDcodes.html#PRDcodes-prd1035\">prd1035</a></td><td>1035 - Congenital nephrotic syndrome (CNS) - Finnish type - no histology</td><td>Congenital nephrotic syndrome (CNS) - Finnish type - no histology</td></tr><tr><td><a href=\"CodeSystem-PRDcodes.html#PRDcodes-prd1061\">prd1061</a></td><td>1061 - Congenital nephrotic syndrome (CNS) - focal segmental glomerulosclerosis</td><td>Congenital nephrotic syndrome (CNS) - focal segmental glomerulosclerosis (FSGS)</td></tr><tr><td><a href=\"CodeSystem-PRDcodes.html#PRDcodes-prd1026\">prd1026</a></td><td>1026 - Congenital nephrotic syndrome - no histology</td><td>Congenital nephrotic syndrome (CNS) - no histology</td></tr><tr><td><a href=\"CodeSystem-PRDcodes.html#PRDcodes-prd1706\">prd1706</a></td><td>1706 - Congenital neurogenic bladder</td><td>Congenital neurogenic bladder</td></tr><tr><td><a href=\"CodeSystem-PRDcodes.html#PRDcodes-prd1660\">prd1660</a></td><td>1660 - Congenital pelvi-ureteric junction obstruction</td><td>Congenital pelvi-ureteric junction obstruction</td></tr><tr><td><a href=\"CodeSystem-PRDcodes.html#PRDcodes-prd1673\">prd1673</a></td><td>1673 - Congenital vesico-ureteric junction obstruction</td><td>Congenital vesico-ureteric junction obstruction</td></tr><tr><td><a href=\"CodeSystem-PRDcodes.html#PRDcodes-prd1570\">prd1570</a></td><td>1570 - Cryoglobulinaemia secondary to hepatitis C - histologically proven</td><td>Cryoglobulinaemia secondary to hepatitis C - histologically proven</td></tr><tr><td><a href=\"CodeSystem-PRDcodes.html#PRDcodes-prd1562\">prd1562</a></td><td>1562 - Cryoglobulinaemia secondary to hepatitis C - no histology</td><td>Cryoglobulinaemia secondary to hepatitis C - no histology</td></tr><tr><td><a href=\"CodeSystem-PRDcodes.html#PRDcodes-prd1591\">prd1591</a></td><td>1591 - Cryoglobulinaemia secondary to systemic disease - histologically proven</td><td>Cryoglobulinaemia secondary to systemic disease - histologically proven</td></tr><tr><td><a href=\"CodeSystem-PRDcodes.html#PRDcodes-prd1589\">prd1589</a></td><td>1589 - Cryoglobulinaemia secondary to systemic disease - no histology</td><td>Cryoglobulinaemia secondary to systemic disease - no histology</td></tr><tr><td><a href=\"CodeSystem-PRDcodes.html#PRDcodes-prd2794\">prd2794</a></td><td>2794 - Cystic kidney disease</td><td>Cystic kidney disease</td></tr><tr><td><a href=\"CodeSystem-PRDcodes.html#PRDcodes-prd2964\">prd2964</a></td><td>2964 - Cystinosis</td><td>Cystinosis</td></tr><tr><td><a href=\"CodeSystem-PRDcodes.html#PRDcodes-prd2955\">prd2955</a></td><td>2955 - Cystinuria</td><td>Cystinuria</td></tr><tr><td><a href=\"CodeSystem-PRDcodes.html#PRDcodes-prd2929\">prd2929</a></td><td>2929 - Dent disease</td><td>Dent disease</td></tr><tr><td><a href=\"CodeSystem-PRDcodes.html#PRDcodes-prd1074\">prd1074</a></td><td>1074 - Denys-Drash syndrome</td><td>Denys-Drash syndrome</td></tr><tr><td><a href=\"CodeSystem-PRDcodes.html#PRDcodes-prd2328\">prd2328</a></td><td>2328 - Diabetic nephropathy in type I diabetes - histologically proven</td><td>Diabetic nephropathy in type I diabetes - histologically proven</td></tr><tr><td><a href=\"CodeSystem-PRDcodes.html#PRDcodes-prd2316\">prd2316</a></td><td>2316 - Diabetic nephropathy in type I diabetes - no histology</td><td>Diabetic nephropathy in type I diabetes - no histology</td></tr><tr><td><a href=\"CodeSystem-PRDcodes.html#PRDcodes-prd2344\">prd2344</a></td><td>2344 - Diabetic nephropathy in type II diabetes - histologically proven</td><td>Diabetic nephropathy in type II diabetes - histologically proven</td></tr><tr><td><a href=\"CodeSystem-PRDcodes.html#PRDcodes-prd2337\">prd2337</a></td><td>2337 - Diabetic nephropathy in type II diabetes - no histology</td><td>Diabetic nephropathy in type II diabetes - no histology</td></tr><tr><td><a href=\"CodeSystem-PRDcodes.html#PRDcodes-prd1331\">prd1331</a></td><td>1331 - Diffuse endocapillary glomerulonephritis</td><td>Diffuse endocapillary glomerulonephritis</td></tr><tr><td><a href=\"CodeSystem-PRDcodes.html#PRDcodes-prd3028\">prd3028</a></td><td>3028 - Distal renal tubular acidosis - type I</td><td>Distal renal tubular acidosis (RTA) - type I</td></tr><tr><td><a href=\"CodeSystem-PRDcodes.html#PRDcodes-prd3037\">prd3037</a></td><td>3037 - Distal renal tubular acidosis with sensorineural deafness - gene mutations</td><td>Distal renal tubular acidosis with sensorineural deafness - gene mutations</td></tr><tr><td><a href=\"CodeSystem-PRDcodes.html#PRDcodes-prd2005\">prd2005</a></td><td>2005 - Drug-induced tubulointerstitial nephritis - no histology</td><td>Drug-induced tubulointerstitial nephritis  - no histology</td></tr><tr><td><a href=\"CodeSystem-PRDcodes.html#PRDcodes-prd2014\">prd2014</a></td><td>2014 - Drug-induced tubulointerstitial nephritis - histologically proven</td><td>Drug-induced tubulointerstitial nephritis - histologically proven</td></tr><tr><td><a href=\"CodeSystem-PRDcodes.html#PRDcodes-prd1850\">prd1850</a></td><td>1850 - Enteric hyperoxaluria</td><td>Enteric hyperoxaluria</td></tr><tr><td><a href=\"CodeSystem-PRDcodes.html#PRDcodes-prd1558\">prd1558</a></td><td>1558 - Essential mixed cryoglobulinaemia - histologically proven</td><td>Essential mixed cryoglobulinaemia - histologically proven</td></tr><tr><td><a href=\"CodeSystem-PRDcodes.html#PRDcodes-prd1543\">prd1543</a></td><td>1543 - Essential mixed cryoglobulinaemia - no histology</td><td>Essential mixed cryoglobulinaemia - no histology</td></tr><tr><td><a href=\"CodeSystem-PRDcodes.html#PRDcodes-prd3230\">prd3230</a></td><td>3230 - Fabry disease - histologically proven</td><td>Fabry disease - histologically proven</td></tr><tr><td><a href=\"CodeSystem-PRDcodes.html#PRDcodes-prd3224\">prd3224</a></td><td>3224 - Fabry disease - no histology</td><td>Fabry disease - no histology</td></tr><tr><td><a href=\"CodeSystem-PRDcodes.html#PRDcodes-prd2545\">prd2545</a></td><td>2545 - Familial amyloid secondary to protein mutations - histologically proven</td><td>Familial amyloid secondary to protein mutations - histologically proven</td></tr><tr><td><a href=\"CodeSystem-PRDcodes.html#PRDcodes-prd2532\">prd2532</a></td><td>2532 - Familial amyloid secondary to protein mutations - no histology</td><td>Familial amyloid secondary to protein mutations - no histology</td></tr><tr><td><a href=\"CodeSystem-PRDcodes.html#PRDcodes-prd1308\">prd1308</a></td><td>1308 - Familial focal segmental glomerulosclerosis (FSGS) - autosomal dominant - histologically proven</td><td>Familial focal segmental glomerulosclerosis (FSGS) - autosomal dominant - histologically proven</td></tr><tr><td><a href=\"CodeSystem-PRDcodes.html#PRDcodes-prd1298\">prd1298</a></td><td>1298 - Familial focal segmental glomerulosclerosis (FSGS) - autosomal dominant - no histology</td><td>Familial focal segmental glomerulosclerosis (FSGS) - autosomal dominant - no histology</td></tr><tr><td><a href=\"CodeSystem-PRDcodes.html#PRDcodes-prd1280\">prd1280</a></td><td>1280 - Familial focal segmental glomerulosclerosis (FSGS) - autosomal recessive - histologically proven</td><td>Familial focal segmental glomerulosclerosis (FSGS) - autosomal recessive - histologically proven</td></tr><tr><td><a href=\"CodeSystem-PRDcodes.html#PRDcodes-prd1279\">prd1279</a></td><td>1279 - Familial focal segmental glomerulosclerosis (FSGS) - autosomal recessive - no histology</td><td>Familial focal segmental glomerulosclerosis (FSGS) - autosomal recessive - no histology</td></tr><tr><td><a href=\"CodeSystem-PRDcodes.html#PRDcodes-prd2668\">prd2668</a></td><td>2668 - Familial haemolytic uraemic syndrome (HUS)</td><td>Familial haemolytic uraemic syndrome (HUS)</td></tr><tr><td><a href=\"CodeSystem-PRDcodes.html#PRDcodes-prd3173\">prd3173</a></td><td>3173 - Familial hypercalciuric hypocalcaemia</td><td>Familial hypercalciuric hypocalcaemia</td></tr><tr><td><a href=\"CodeSystem-PRDcodes.html#PRDcodes-prd3160\">prd3160</a></td><td>3160 - Familial hypocalciuric hypercalcaemia</td><td>Familial hypocalciuric hypercalcaemia</td></tr><tr><td><a href=\"CodeSystem-PRDcodes.html#PRDcodes-prd3187\">prd3187</a></td><td>3187 - Familial hypomagnesaemia</td><td>Familial hypomagnesaemia</td></tr><tr><td><a href=\"CodeSystem-PRDcodes.html#PRDcodes-prd1144\">prd1144</a></td><td>1144 - Familial IgA nephropathy - histologically proven</td><td>Familial IgA nephropathy - histologically proven</td></tr><tr><td><a href=\"CodeSystem-PRDcodes.html#PRDcodes-prd1137\">prd1137</a></td><td>1137 - Familial IgA nephropathy - no histology</td><td>Familial IgA nephropathy - no histology</td></tr><tr><td><a href=\"CodeSystem-PRDcodes.html#PRDcodes-prd1911\">prd1911</a></td><td>1911 - Familial interstitial nephropathy - histologically proven</td><td>Familial interstitial nephropathy - histologically proven</td></tr><tr><td><a href=\"CodeSystem-PRDcodes.html#PRDcodes-prd1907\">prd1907</a></td><td>1907 - Familial interstitial nephropathy - no histology</td><td>Familial interstitial nephropathy - no histology</td></tr><tr><td><a href=\"CodeSystem-PRDcodes.html#PRDcodes-prd3379\">prd3379</a></td><td>3379 - Familial nephropathy</td><td>Familial nephropathy</td></tr><tr><td><a href=\"CodeSystem-PRDcodes.html#PRDcodes-prd1618\">prd1618</a></td><td>1618 - Familial reflux nephropathy</td><td>Familial reflux nephropathy</td></tr><tr><td><a href=\"CodeSystem-PRDcodes.html#PRDcodes-prd2675\">prd2675</a></td><td>2675 - Familial thrombotic thrombocytopenic purpura(2675)</td><td>Familial thrombotic thrombocytopenic purpura (TTP)</td></tr><tr><td><a href=\"CodeSystem-PRDcodes.html#PRDcodes-prd2566\">prd2566</a></td><td>2566 - Familial AA amyloid secondary to familial Mediterranean fever / TRAPS (Hibernian fever) - histologically proven</td><td>Familial AA amyloid secondary to familial Mediterranean fever / TRAPS (Hibernian fever) - histologically proven</td></tr><tr><td><a href=\"CodeSystem-PRDcodes.html#PRDcodes-prd2550\">prd2550</a></td><td>2550 - Familial AA amyloid secondary to familial Mediterranean fever / TRAPS (Hibernian fever) - no histology</td><td>Familial AA amyloid secondary to familial Mediterranean fever / TRAPS (Hibernian fever) - no histology</td></tr><tr><td><a href=\"CodeSystem-PRDcodes.html#PRDcodes-prd2453\">prd2453</a></td><td>2453 - Fibromuscular dysplasia of renal artery</td><td>Fibromuscular dysplasia of renal artery</td></tr><tr><td><a href=\"CodeSystem-PRDcodes.html#PRDcodes-prd1354\">prd1354</a></td><td>1354 - Focal and segmental proliferative glomerulonephritis</td><td>Focal and segmental proliferative glomerulonephritis</td></tr><tr><td><a href=\"CodeSystem-PRDcodes.html#PRDcodes-prd3754\">prd3754</a></td><td>3754 - Focal segmental glomerulosclerosis (FSGS) secondary to HIV </td><td>Focal segmental glomerulosclerosis (FSGS) secondary to HIV</td></tr><tr><td><a href=\"CodeSystem-PRDcodes.html#PRDcodes-prd3765\">prd3765</a></td><td>3765 - Focal segmental glomerulosclerosis (FSGS) secondary to lithium </td><td>Focal segmental glomerulosclerosis (FSGS) secondary to lithium</td></tr><tr><td><a href=\"CodeSystem-PRDcodes.html#PRDcodes-prd1320\">prd1320</a></td><td>1320 - Focal segmental glomerulosclerosis (FSGS) secondary to obesity - histologically proven</td><td>Focal segmental glomerulosclerosis (FSGS) secondary to obesity - histologically proven</td></tr><tr><td><a href=\"CodeSystem-PRDcodes.html#PRDcodes-prd1312\">prd1312</a></td><td>1312 - Focal segmental glomerulosclerosis (FSGS) secondary to obesity - no histology</td><td>Focal segmental glomerulosclerosis (FSGS) secondary to obesity - no histology</td></tr><tr><td><a href=\"CodeSystem-PRDcodes.html#PRDcodes-prd3777\">prd3777</a></td><td>3777 - Focal segmental glomerulosclerosis secondary to sickle cell</td><td>Focal segmental glomerulosclerosis (FSGS) secondary to sickle cell</td></tr><tr><td><a href=\"CodeSystem-PRDcodes.html#PRDcodes-prd3314\">prd3314</a></td><td>3314 - Frasier syndrome</td><td>Frasier syndrome</td></tr><tr><td><a href=\"CodeSystem-PRDcodes.html#PRDcodes-prd3092\">prd3092</a></td><td>3092 - Gitelman syndrome</td><td>Gitelman syndrome</td></tr><tr><td><a href=\"CodeSystem-PRDcodes.html#PRDcodes-prd1656\">prd1656</a></td><td>1656 - Glomerulocystic disease</td><td>Glomerulocystic disease</td></tr><tr><td><a href=\"CodeSystem-PRDcodes.html#PRDcodes-prd1377\">prd1377</a></td><td>1377 - Glomerulonephritis - histologically indeterminate</td><td>Glomerulonephritis - histologically indeterminate</td></tr><tr><td><a href=\"CodeSystem-PRDcodes.html#PRDcodes-prd3749\">prd3749</a></td><td>3749 - Glomerulonephritis - no histology</td><td>Glomerulonephritis - no histology</td></tr><tr><td><a href=\"CodeSystem-PRDcodes.html#PRDcodes-prd1365\">prd1365</a></td><td>1365 - Glomerulonephritis - secondary to systemic disease</td><td>Glomerulonephritis - secondary to systemic disease</td></tr><tr><td><a href=\"CodeSystem-PRDcodes.html#PRDcodes-prd3125\">prd3125</a></td><td>3125 - Glucocorticoid suppressible hyperaldosteronism</td><td>Glucocorticoid suppressible hyperaldosteronism</td></tr><tr><td><a href=\"CodeSystem-PRDcodes.html#PRDcodes-prd1417\">prd1417</a></td><td>1417 - Granulomatosis with polyangiitis - histologically proven</td><td>Granulomatosis with polyangiitis - histologically proven</td></tr><tr><td><a href=\"CodeSystem-PRDcodes.html#PRDcodes-prd1401\">prd1401</a></td><td>1401 - Granulomatosis with polyangiitis - no histology</td><td>Granulomatosis with polyangiitis - no histology</td></tr><tr><td><a href=\"CodeSystem-PRDcodes.html#PRDcodes-prd3572\">prd3572</a></td><td>3572 - Haematuria and proteinuria - no histology</td><td>Haematuria and proteinuria - no histology</td></tr><tr><td><a href=\"CodeSystem-PRDcodes.html#PRDcodes-prd2610\">prd2610</a></td><td>2610 - Haemolytic uraemic syndrome (HUS) - diarrhoea associated</td><td>Haemolytic uraemic syndrome (HUS) - diarrhoea associated</td></tr><tr><td><a href=\"CodeSystem-PRDcodes.html#PRDcodes-prd2647\">prd2647</a></td><td>2647 - Haemolytic uraemic syndrome (HUS) secondary to systemic disease</td><td>Haemolytic uraemic syndrome (HUS) secondary to systemic disease</td></tr><tr><td><a href=\"CodeSystem-PRDcodes.html#PRDcodes-prd2257\">prd2257</a></td><td>2257 - Hantavirus nephropathy</td><td>Hantavirus nephropathy</td></tr><tr><td><a href=\"CodeSystem-PRDcodes.html#PRDcodes-prd1515\">prd1515</a></td><td>1515 - Henoch-Schönlein purpura / nephritis - histologically proven</td><td>Henoch-Schönlein purpura / nephritis - histologically proven</td></tr><tr><td><a href=\"CodeSystem-PRDcodes.html#PRDcodes-prd1504\">prd1504</a></td><td>1504 - Henoch-Schönlein purpura / nephritis - no histology</td><td>Henoch-Schönlein purpura / nephritis - no histology</td></tr><tr><td><a href=\"CodeSystem-PRDcodes.html#PRDcodes-prd2495\">prd2495</a></td><td>2495 - Hepatorenal syndrome</td><td>Hepatorenal syndrome</td></tr><tr><td><a href=\"CodeSystem-PRDcodes.html#PRDcodes-prd3305\">prd3305</a></td><td>3305 - Horse-shoe kidney</td><td>Horse-shoe kidney</td></tr><tr><td><a href=\"CodeSystem-PRDcodes.html#PRDcodes-prd3662\">prd3662</a></td><td>3662 - Hypercalcaemic nephropathy</td><td>Hypercalcaemic nephropathy</td></tr><tr><td><a href=\"CodeSystem-PRDcodes.html#PRDcodes-prd2993\">prd2993</a></td><td>2993 - Hypophosphataemic rickets autosomal recessive (AR)</td><td>Hypophosphataemic rickets autosomal recessive (AR)</td></tr><tr><td><a href=\"CodeSystem-PRDcodes.html#PRDcodes-prd2986\">prd2986</a></td><td>2986 - Hypophosphataemic rickets X-linked (XL)</td><td>Hypophosphataemic rickets X-linked (XL)</td></tr><tr><td><a href=\"CodeSystem-PRDcodes.html#PRDcodes-prd1251\">prd1251</a></td><td>1251 - Idiopathic rapidly progressive (crescentic) glomerulonephritis</td><td>Idiopathic rapidly progressive (crescentic) glomerulonephritis</td></tr><tr><td><a href=\"CodeSystem-PRDcodes.html#PRDcodes-prd1813\">prd1813</a></td><td>1813 - Idiopathic retroperitoneal fibrosis</td><td>Idiopathic retroperitoneal fibrosis</td></tr><tr><td><a href=\"CodeSystem-PRDcodes.html#PRDcodes-prd1128\">prd1128</a></td><td>1128 - IgA nephropathy - histologically proven</td><td>IgA nephropathy - histologically proven</td></tr><tr><td><a href=\"CodeSystem-PRDcodes.html#PRDcodes-prd1116\">prd1116</a></td><td>1116 - IgA nephropathy - no histology</td><td>IgA nephropathy - no histology</td></tr><tr><td><a href=\"CodeSystem-PRDcodes.html#PRDcodes-prd1163\">prd1163</a></td><td>1163 - IgA nephropathy secondary to liver cirrhosis - histologically proven</td><td>IgA nephropathy secondary to liver cirrhosis - histologically proven</td></tr><tr><td><a href=\"CodeSystem-PRDcodes.html#PRDcodes-prd1159\">prd1159</a></td><td>1159 - IgA nephropathy secondary to liver cirrhosis - no histology</td><td>IgA nephropathy secondary to liver cirrhosis - no histology</td></tr><tr><td><a href=\"CodeSystem-PRDcodes.html#PRDcodes-prd1171\">prd1171</a></td><td>1171 - IgM - associated nephropathy</td><td>IgM - associated nephropathy</td></tr><tr><td><a href=\"CodeSystem-PRDcodes.html#PRDcodes-prd2606\">prd2606</a></td><td>2606 - Immunotactoid / fibrillary nephropathy</td><td>Immunotactoid / fibrillary nephropathy</td></tr><tr><td><a href=\"CodeSystem-PRDcodes.html#PRDcodes-prd3823\">prd3823</a></td><td>3823 - Infiltration by lymphoma - histologically proven</td><td>Infiltration by lymphoma - histologically proven</td></tr><tr><td><a href=\"CodeSystem-PRDcodes.html#PRDcodes-prd3139\">prd3139</a></td><td>3139 - Inherited / genetic diabetes mellitus type II</td><td>Inherited / genetic diabetes mellitus type II</td></tr><tr><td><a href=\"CodeSystem-PRDcodes.html#PRDcodes-prd2940\">prd2940</a></td><td>2940 - Inherited aminoaciduria</td><td>Inherited aminoaciduria</td></tr><tr><td><a href=\"CodeSystem-PRDcodes.html#PRDcodes-prd2972\">prd2972</a></td><td>2972 - Inherited renal glycosuria</td><td>Inherited renal glycosuria</td></tr><tr><td><a href=\"CodeSystem-PRDcodes.html#PRDcodes-prd2407\">prd2407</a></td><td>2407 - Ischaemic nephropathy - no histology</td><td>Ischaemic nephropathy - no histology</td></tr><tr><td><a href=\"CodeSystem-PRDcodes.html#PRDcodes-prd2411\">prd2411</a></td><td>2411 - Ischaemic nephropathy / microvascular disease - histologically proven</td><td>Ischaemic nephropathy / microvascular disease - histologically proven</td></tr><tr><td><a href=\"CodeSystem-PRDcodes.html#PRDcodes-prd3712\">prd3712</a></td><td>3712 - Isolated haematuria - no histology</td><td>Isolated haematuria - no histology</td></tr><tr><td><a href=\"CodeSystem-PRDcodes.html#PRDcodes-prd3720\">prd3720</a></td><td>3720 - Isolated proteinuria - no histology</td><td>Isolated proteinuria - no histology</td></tr><tr><td><a href=\"CodeSystem-PRDcodes.html#PRDcodes-prd3810\">prd3810</a></td><td>3810 - Kidney stones due to ARPT deficiency</td><td>Kidney stones due to ARPT deficiency</td></tr><tr><td><a href=\"CodeSystem-PRDcodes.html#PRDcodes-prd3461\">prd3461</a></td><td>3461 - Kidney tumour</td><td>Kidney tumour</td></tr><tr><td><a href=\"CodeSystem-PRDcodes.html#PRDcodes-prd3351\">prd3351</a></td><td>3351 - Lawrence-Moon-Biedl / Bardet-Biedl syndrome</td><td>Lawrence-Moon-Biedl / Bardet-Biedl syndrome</td></tr><tr><td><a href=\"CodeSystem-PRDcodes.html#PRDcodes-prd2177\">prd2177</a></td><td>2177 - Lead induced nephropathy - histologically proven</td><td>Lead induced nephropathy - histologically proven</td></tr><tr><td><a href=\"CodeSystem-PRDcodes.html#PRDcodes-prd2165\">prd2165</a></td><td>2165 - Lead induced nephropathy - no histology</td><td>Lead induced nephropathy - no histology</td></tr><tr><td><a href=\"CodeSystem-PRDcodes.html#PRDcodes-prd2242\">prd2242</a></td><td>2242 - Leptospirosis</td><td>Leptospirosis</td></tr><tr><td><a href=\"CodeSystem-PRDcodes.html#PRDcodes-prd3059\">prd3059</a></td><td>3059 - Lesch Nyhan syndrome - hypoxanthine guanine phosphoribosyl transferase deficiency</td><td>Lesch Nyhan syndrome - hypoxanthine guanine phosphoribosyl transferase deficiency</td></tr><tr><td><a href=\"CodeSystem-PRDcodes.html#PRDcodes-prd3102\">prd3102</a></td><td>3102 - Liddle syndrome</td><td>Liddle syndrome</td></tr><tr><td><a href=\"CodeSystem-PRDcodes.html#PRDcodes-prd2597\">prd2597</a></td><td>2597 - Light chain deposition disease</td><td>Light chain deposition disease</td></tr><tr><td><a href=\"CodeSystem-PRDcodes.html#PRDcodes-prd2938\">prd2938</a></td><td>2938 - Lowe syndrome (oculocerebrorenal syndrome)</td><td>Lowe syndrome (oculocerebrorenal syndrome)</td></tr><tr><td><a href=\"CodeSystem-PRDcodes.html#PRDcodes-prd1866\">prd1866</a></td><td>1866 - Magnesium ammonium phosphate (struvite) urolithiasis</td><td>Magnesium ammonium phosphate (struvite) urolithiasis</td></tr><tr><td><a href=\"CodeSystem-PRDcodes.html#PRDcodes-prd2385\">prd2385</a></td><td>2385 - Malignant hypertensive nephropathy / accelerated hypertensive nephropathy - histologically proven</td><td>Malignant hypertensive nephropathy / accelerated hypertensive nephropathy - histologically proven</td></tr><tr><td><a href=\"CodeSystem-PRDcodes.html#PRDcodes-prd2371\">prd2371</a></td><td>2371 - Malignant hypertensive nephropathy / accelerated hypertensive nephropathy - no histology</td><td>Malignant hypertensive nephropathy / accelerated hypertensive nephropathy - no histology</td></tr><tr><td><a href=\"CodeSystem-PRDcodes.html#PRDcodes-prd2804\">prd2804</a></td><td>2804 - Medullary cystic kidney disease type I</td><td>Medullary cystic kidney disease type I</td></tr><tr><td><a href=\"CodeSystem-PRDcodes.html#PRDcodes-prd2815\">prd2815</a></td><td>2815 - Medullary cystic kidney disease type II</td><td>Medullary cystic kidney disease type II</td></tr><tr><td><a href=\"CodeSystem-PRDcodes.html#PRDcodes-prd3295\">prd3295</a></td><td>3295 - Medullary sponge kidneys</td><td>Medullary sponge kidneys</td></tr><tr><td><a href=\"CodeSystem-PRDcodes.html#PRDcodes-prd1723\">prd1723</a></td><td>1723 - Megacystis-megaureter</td><td>Megacystis-megaureter</td></tr><tr><td><a href=\"CodeSystem-PRDcodes.html#PRDcodes-prd1205\">prd1205</a></td><td>1205 - Membranous nephropathy - drug induced</td><td>Membranous nephropathy - drug induced</td></tr><tr><td><a href=\"CodeSystem-PRDcodes.html#PRDcodes-prd1185\">prd1185</a></td><td>1185 - Membranous nephropathy - idiopathic</td><td>Membranous nephropathy - idiopathic</td></tr><tr><td><a href=\"CodeSystem-PRDcodes.html#PRDcodes-prd1214\">prd1214</a></td><td>1214 - Membranous nephropathy - infection associated</td><td>Membranous nephropathy - infection associated</td></tr><tr><td><a href=\"CodeSystem-PRDcodes.html#PRDcodes-prd1192\">prd1192</a></td><td>1192 - Membranous nephropathy - malignancy associated</td><td>Membranous nephropathy - malignancy associated</td></tr><tr><td><a href=\"CodeSystem-PRDcodes.html#PRDcodes-prd1349\">prd1349</a></td><td>1349 - Mesangial proliferative glomerulonephritis </td><td>Mesangial proliferative glomerulonephritis</td></tr><tr><td><a href=\"CodeSystem-PRDcodes.html#PRDcodes-prd1222\">prd1222</a></td><td>1222 - Mesangiocapillary glomerulonephritis type 1</td><td>Mesangiocapillary glomerulonephritis type 1</td></tr><tr><td><a href=\"CodeSystem-PRDcodes.html#PRDcodes-prd1233\">prd1233</a></td><td>1233 - Mesangiocapillary glomerulonephritis type 2 (dense deposit disease)</td><td>Mesangiocapillary glomerulonephritis type 2 (dense deposit disease)</td></tr><tr><td><a href=\"CodeSystem-PRDcodes.html#PRDcodes-prd1246\">prd1246</a></td><td>1246 - Mesangiocapillary glomerulonephritis type 3</td><td>Mesangiocapillary glomerulonephritis type 3</td></tr><tr><td><a href=\"CodeSystem-PRDcodes.html#PRDcodes-prd3501\">prd3501</a></td><td>3501 - Mesoblastic nephroma - histologically proven</td><td>Mesoblastic nephroma - histologically proven</td></tr><tr><td><a href=\"CodeSystem-PRDcodes.html#PRDcodes-prd1429\">prd1429</a></td><td>1429 - Microscopic polyangiitis - histologically proven</td><td>Microscopic polyangiitis - histologically proven</td></tr><tr><td><a href=\"CodeSystem-PRDcodes.html#PRDcodes-prd1100\">prd1100</a></td><td>1100 - Minimal change nephropathy - histologically proven</td><td>Minimal change nephropathy - histologically proven</td></tr><tr><td><a href=\"CodeSystem-PRDcodes.html#PRDcodes-prd1090\">prd1090</a></td><td>1090 - Minimal change nephropathy - no histology</td><td>Minimal change nephropathy - no histology</td></tr><tr><td><a href=\"CodeSystem-PRDcodes.html#PRDcodes-prd3367\">prd3367</a></td><td>3367 - Mitochondrial cytopathy</td><td>Mitochondrial cytopathy</td></tr><tr><td><a href=\"CodeSystem-PRDcodes.html#PRDcodes-prd1639\">prd1639</a></td><td>1639 - Multicystic dysplastic kidneys</td><td>Multicystic dysplastic kidneys</td></tr><tr><td><a href=\"CodeSystem-PRDcodes.html#PRDcodes-prd2584\">prd2584</a></td><td>2584 - Myeloma cast nephropathy - histologically proven</td><td>Myeloma cast nephropathy - histologically proven</td></tr><tr><td><a href=\"CodeSystem-PRDcodes.html#PRDcodes-prd2578\">prd2578</a></td><td>2578 - Myeloma kidney - no histology</td><td>Myeloma kidney - no histology</td></tr><tr><td><a href=\"CodeSystem-PRDcodes.html#PRDcodes-prd3253\">prd3253</a></td><td>3253 - Nail-patella syndrome</td><td>Nail-patella syndrome</td></tr><tr><td><a href=\"CodeSystem-PRDcodes.html#PRDcodes-prd3044\">prd3044</a></td><td>3044 - Nephrogenic diabetes insipidus</td><td>Nephrogenic diabetes insipidus</td></tr><tr><td><a href=\"CodeSystem-PRDcodes.html#PRDcodes-prd2836\">prd2836</a></td><td>2836 - Nephronophthisis</td><td>Nephronophthisis</td></tr><tr><td><a href=\"CodeSystem-PRDcodes.html#PRDcodes-prd2843\">prd2843</a></td><td>2843 - Nephronophthisis - type 1 (juvenile type)</td><td>Nephronophthisis - type 1 (juvenile type)</td></tr><tr><td><a href=\"CodeSystem-PRDcodes.html#PRDcodes-prd2858\">prd2858</a></td><td>2858 - Nephronophthisis - type 2 (infantile type)</td><td>Nephronophthisis - type 2 (infantile type)</td></tr><tr><td><a href=\"CodeSystem-PRDcodes.html#PRDcodes-prd2862\">prd2862</a></td><td>2862 - Nephronophthisis - type 3 (adolescent type)</td><td>Nephronophthisis - type 3 (adolescent type)</td></tr><tr><td><a href=\"CodeSystem-PRDcodes.html#PRDcodes-prd2870\">prd2870</a></td><td>2870 - Nephronophthisis - type 4 (juvenile type)</td><td>Nephronophthisis - type 4 (juvenile type)</td></tr><tr><td><a href=\"CodeSystem-PRDcodes.html#PRDcodes-prd2889\">prd2889</a></td><td>2889 - Nephronophthisis - type 5</td><td>Nephronophthisis - type 5</td></tr><tr><td><a href=\"CodeSystem-PRDcodes.html#PRDcodes-prd2891\">prd2891</a></td><td>2891 - Nephronophthisis - type 6</td><td>Nephronophthisis - type 6</td></tr><tr><td><a href=\"CodeSystem-PRDcodes.html#PRDcodes-prd2098\">prd2098</a></td><td>2098 - Nephropathy due to aminoglycosides - histologically proven</td><td>Nephropathy due to aminoglycosides - histologically proven</td></tr><tr><td><a href=\"CodeSystem-PRDcodes.html#PRDcodes-prd2080\">prd2080</a></td><td>2080 - Nephropathy due to aminoglycosides - no histology</td><td>Nephropathy due to aminoglycosides - no histology</td></tr><tr><td><a href=\"CodeSystem-PRDcodes.html#PRDcodes-prd2112\">prd2112</a></td><td>2112 - Nephropathy due to amphotericin - histologically proven</td><td>Nephropathy due to amphotericin - histologically proven</td></tr><tr><td><a href=\"CodeSystem-PRDcodes.html#PRDcodes-prd2108\">prd2108</a></td><td>2108 - Nephropathy due to amphotericin - no histology</td><td>Nephropathy due to amphotericin - no histology</td></tr><tr><td><a href=\"CodeSystem-PRDcodes.html#PRDcodes-prd2033\">prd2033</a></td><td>2033 - Nephropathy due to analgesic drugs - histologically proven</td><td>Nephropathy due to analgesic drugs - histologically proven</td></tr><tr><td><a href=\"CodeSystem-PRDcodes.html#PRDcodes-prd2022\">prd2022</a></td><td>2022 - Nephropathy due to analgesic drugs - no histology</td><td>Nephropathy due to analgesic drugs - no histology</td></tr><tr><td><a href=\"CodeSystem-PRDcodes.html#PRDcodes-prd2051\">prd2051</a></td><td>2051 - Nephropathy due to ciclosporin - histologically proven</td><td>Nephropathy due to ciclosporin - histologically proven</td></tr><tr><td><a href=\"CodeSystem-PRDcodes.html#PRDcodes-prd2046\">prd2046</a></td><td>2046 - Nephropathy due to ciclosporin - no histology</td><td>Nephropathy due to ciclosporin - no histology</td></tr><tr><td><a href=\"CodeSystem-PRDcodes.html#PRDcodes-prd2131\">prd2131</a></td><td>2131 - Nephropathy due to cisplatin - histologically proven</td><td>Nephropathy due to cisplatin - histologically proven</td></tr><tr><td><a href=\"CodeSystem-PRDcodes.html#PRDcodes-prd2120\">prd2120</a></td><td>2120 - Nephropathy due to cisplatin - no histology</td><td>Nephropathy due to cisplatin - no histology</td></tr><tr><td><a href=\"CodeSystem-PRDcodes.html#PRDcodes-prd2681\">prd2681</a></td><td>2681 - Nephropathy due to eclampsia</td><td>Nephropathy due to eclampsia</td></tr><tr><td><a href=\"CodeSystem-PRDcodes.html#PRDcodes-prd2154\">prd2154</a></td><td>2154 - Nephropathy due to lithium - histologically proven</td><td>Nephropathy due to lithium - histologically proven</td></tr><tr><td><a href=\"CodeSystem-PRDcodes.html#PRDcodes-prd2149\">prd2149</a></td><td>2149 - Nephropathy due to lithium - no histology</td><td>Nephropathy due to lithium - no histology</td></tr><tr><td><a href=\"CodeSystem-PRDcodes.html#PRDcodes-prd3834\">prd3834</a></td><td>3834 - Nephropathy due to pre-eclampsia</td><td>Nephropathy due to pre-eclampsia</td></tr><tr><td><a href=\"CodeSystem-PRDcodes.html#PRDcodes-prd2079\">prd2079</a></td><td>2079 - Nephropathy due to tacrolimus - histologically proven</td><td>Nephropathy due to tacrolimus - histologically proven</td></tr><tr><td><a href=\"CodeSystem-PRDcodes.html#PRDcodes-prd2067\">prd2067</a></td><td>2067 - Nephropathy due to tacrolimus - no histology</td><td>Nephropathy due to tacrolimus - no histology</td></tr><tr><td><a href=\"CodeSystem-PRDcodes.html#PRDcodes-prd2288\">prd2288</a></td><td>2288 - Nephropathy related to HIV - histologically proven</td><td>Nephropathy related to HIV - histologically proven</td></tr><tr><td><a href=\"CodeSystem-PRDcodes.html#PRDcodes-prd2274\">prd2274</a></td><td>2274 - Nephropathy related to HIV - no histology</td><td>Nephropathy related to HIV - no histology</td></tr><tr><td><a href=\"CodeSystem-PRDcodes.html#PRDcodes-prd3615\">prd3615</a></td><td>3615 - Nephrotic syndrome of childhood - no trial of steroids - no histology</td><td>Nephrotic syndrome of childhood - no trial of steroids - no histology</td></tr><tr><td><a href=\"CodeSystem-PRDcodes.html#PRDcodes-prd3604\">prd3604</a></td><td>3604 - Nephrotic syndrome of childhood - steroid resistant - no histology</td><td>Nephrotic syndrome of childhood - steroid resistant - no histology</td></tr><tr><td><a href=\"CodeSystem-PRDcodes.html#PRDcodes-prd1019\">prd1019</a></td><td>1019 - Nephrotic syndrome of childhood - steroid sensitive - no histology</td><td>Nephrotic syndrome of childhood - steroid sensitive - no histology</td></tr><tr><td><a href=\"CodeSystem-PRDcodes.html#PRDcodes-prd1799\">prd1799</a></td><td>1799 - Obstructive nephropathy due to bladder cancer</td><td>Obstructive nephropathy due to bladder cancer</td></tr><tr><td><a href=\"CodeSystem-PRDcodes.html#PRDcodes-prd1809\">prd1809</a></td><td>1809 - Obstructive nephropathy due to other malignancies</td><td>Obstructive nephropathy due to other malignancies</td></tr><tr><td><a href=\"CodeSystem-PRDcodes.html#PRDcodes-prd1781\">prd1781</a></td><td>1781 - Obstructive nephropathy due to prostate cancer</td><td>Obstructive nephropathy due to prostate cancer</td></tr><tr><td><a href=\"CodeSystem-PRDcodes.html#PRDcodes-prd1775\">prd1775</a></td><td>1775 - Obstructive nephropathy due to prostatic hypertrophy</td><td>Obstructive nephropathy due to prostatic hypertrophy</td></tr><tr><td><a href=\"CodeSystem-PRDcodes.html#PRDcodes-prd1734\">prd1734</a></td><td>1734 - Oligomeganephronia</td><td>Oligomeganephronia</td></tr><tr><td><a href=\"CodeSystem-PRDcodes.html#PRDcodes-prd2300\">prd2300</a></td><td>2300 - Other specific infection</td><td>Other specific infection</td></tr><tr><td><a href=\"CodeSystem-PRDcodes.html#PRDcodes-prd3063\">prd3063</a></td><td>3063 - Phosphoribosyl pyrophosphate synthetase (PRPPS) superactivity</td><td>Phosphoribosyl pyrophosphate synthetase (PRPPS) superactivity</td></tr><tr><td><a href=\"CodeSystem-PRDcodes.html#PRDcodes-prd1455\">prd1455</a></td><td>1455 - Polyarteritis nodosa</td><td>Polyarteritis nodosa</td></tr><tr><td><a href=\"CodeSystem-PRDcodes.html#PRDcodes-prd1687\">prd1687</a></td><td>1687 - Posterior urethral valves</td><td>Posterior urethral valves</td></tr><tr><td><a href=\"CodeSystem-PRDcodes.html#PRDcodes-prd2901\">prd2901</a></td><td>2901 - Primary Fanconi syndrome</td><td>Primary Fanconi syndrome</td></tr><tr><td><a href=\"CodeSystem-PRDcodes.html#PRDcodes-prd1267\">prd1267</a></td><td>1267 - Primary focal segmental glomerulosclerosis (FSGS)</td><td>Primary focal segmental glomerulosclerosis (FSGS)</td></tr><tr><td><a href=\"CodeSystem-PRDcodes.html#PRDcodes-prd3194\">prd3194</a></td><td>3194 - Primary hyperoxaluria</td><td>Primary hyperoxaluria</td></tr><tr><td><a href=\"CodeSystem-PRDcodes.html#PRDcodes-prd3207\">prd3207</a></td><td>3207 - Primary hyperoxaluria type I</td><td>Primary hyperoxaluria type I</td></tr><tr><td><a href=\"CodeSystem-PRDcodes.html#PRDcodes-prd3211\">prd3211</a></td><td>3211 - Primary hyperoxaluria type II</td><td>Primary hyperoxaluria type II</td></tr><tr><td><a href=\"CodeSystem-PRDcodes.html#PRDcodes-prd3731\">prd3731</a></td><td>3731 - Primary hyperoxaluria type III</td><td>Primary hyperoxaluria type III</td></tr><tr><td><a href=\"CodeSystem-PRDcodes.html#PRDcodes-prd1602\">prd1602</a></td><td>1602 - Primary reflux nephropathy - sporadic</td><td>Primary reflux nephropathy - sporadic</td></tr><tr><td><a href=\"CodeSystem-PRDcodes.html#PRDcodes-prd3000\">prd3000</a></td><td>3000 - Primary renal tubular acidosis (RTA)</td><td>Primary renal tubular acidosis (RTA)</td></tr><tr><td><a href=\"CodeSystem-PRDcodes.html#PRDcodes-prd3016\">prd3016</a></td><td>3016 - Proximal renal tubular acidosis (RTA) - type II</td><td>Proximal renal tubular acidosis (RTA) - type II</td></tr><tr><td><a href=\"CodeSystem-PRDcodes.html#PRDcodes-prd3141\">prd3141</a></td><td>3141 - Pseudohypoaldosteronism type 1</td><td>Pseudohypoaldosteronism type 1</td></tr><tr><td><a href=\"CodeSystem-PRDcodes.html#PRDcodes-prd3156\">prd3156</a></td><td>3156 - Pseudohypoaldosteronism type 2 (Gordon syndrome)</td><td>Pseudohypoaldosteronism type 2 (Gordon syndrome)</td></tr><tr><td><a href=\"CodeSystem-PRDcodes.html#PRDcodes-prd2219\">prd2219</a></td><td>2219 - Radiation nephritis</td><td>Radiation nephritis</td></tr><tr><td><a href=\"CodeSystem-PRDcodes.html#PRDcodes-prd2226\">prd2226</a></td><td>2226 - Renal / perinephric abscess</td><td>Renal / perinephric abscess</td></tr><tr><td><a href=\"CodeSystem-PRDcodes.html#PRDcodes-prd2509\">prd2509</a></td><td>2509 - Renal amyloidosis</td><td>Renal amyloidosis</td></tr><tr><td><a href=\"CodeSystem-PRDcodes.html#PRDcodes-prd2469\">prd2469</a></td><td>2469 - Renal arterial thrombosis / occlusion</td><td>Renal arterial thrombosis / occlusion</td></tr><tr><td><a href=\"CodeSystem-PRDcodes.html#PRDcodes-prd2424\">prd2424</a></td><td>2424 - Renal artery stenosis</td><td>Renal artery stenosis</td></tr><tr><td><a href=\"CodeSystem-PRDcodes.html#PRDcodes-prd3474\">prd3474</a></td><td>3474 - Renal cell carcinoma - histologically proven</td><td>Renal cell carcinoma - histologically proven</td></tr><tr><td><a href=\"CodeSystem-PRDcodes.html#PRDcodes-prd3658\">prd3658</a></td><td>3658 - Renal coloboma syndrome</td><td>Renal coloboma syndrome</td></tr><tr><td><a href=\"CodeSystem-PRDcodes.html#PRDcodes-prd3627\">prd3627</a></td><td>3627 - Renal cysts and diabetes syndrome</td><td>Renal cysts and diabetes syndrome</td></tr><tr><td><a href=\"CodeSystem-PRDcodes.html#PRDcodes-prd1641\">prd1641</a></td><td>1641 - Renal dysplasia due to fetal ACE-inhibitor exposure</td><td>Renal dysplasia due to fetal ACE-inhibitor exposure</td></tr><tr><td><a href=\"CodeSystem-PRDcodes.html#PRDcodes-prd3691\">prd3691</a></td><td>3691 - Renal failure</td><td>Renal failure</td></tr><tr><td><a href=\"CodeSystem-PRDcodes.html#PRDcodes-prd1747\">prd1747</a></td><td>1747 - Renal papillary necrosis</td><td>Renal papillary necrosis</td></tr><tr><td><a href=\"CodeSystem-PRDcodes.html#PRDcodes-prd3796\">prd3796</a></td><td>3796 - Renal papillary necrosis caused by analgesics</td><td>Renal papillary necrosis caused by analgesics</td></tr><tr><td><a href=\"CodeSystem-PRDcodes.html#PRDcodes-prd3783\">prd3783</a></td><td>3783 - Renal papillary necrosis caused by diabetes</td><td>Renal papillary necrosis caused by diabetes</td></tr><tr><td><a href=\"CodeSystem-PRDcodes.html#PRDcodes-prd3806\">prd3806</a></td><td>3806 - Renal papillary necrosis caused by sickle cell</td><td>Renal papillary necrosis caused by sickle cell</td></tr><tr><td><a href=\"CodeSystem-PRDcodes.html#PRDcodes-prd1976\">prd1976</a></td><td>1976 - Renal sarcoidosis - histologically proven</td><td>Renal sarcoidosis - histologically proven</td></tr><tr><td><a href=\"CodeSystem-PRDcodes.html#PRDcodes-prd1969\">prd1969</a></td><td>1969 - Renal sarcoidosis - no histology</td><td>Renal sarcoidosis - no histology</td></tr><tr><td><a href=\"CodeSystem-PRDcodes.html#PRDcodes-prd1536\">prd1536</a></td><td>1536 - Renal scleroderma / systemic sclerosis - histologically proven</td><td>Renal scleroderma / systemic sclerosis - histologically proven</td></tr><tr><td><a href=\"CodeSystem-PRDcodes.html#PRDcodes-prd1527\">prd1527</a></td><td>1527 - Renal scleroderma / systemic sclerosis - no histology</td><td>Renal scleroderma / systemic sclerosis - no histology</td></tr><tr><td><a href=\"CodeSystem-PRDcodes.html#PRDcodes-prd2235\">prd2235</a></td><td>2235 - Renal tuberculosis</td><td>Renal tuberculosis</td></tr><tr><td><a href=\"CodeSystem-PRDcodes.html#PRDcodes-prd2476\">prd2476</a></td><td>2476 - Renal vein thrombosis</td><td>Renal vein thrombosis</td></tr><tr><td><a href=\"CodeSystem-PRDcodes.html#PRDcodes-prd3689\">prd3689</a></td><td>3689 - Retroperitoneal fibrosis secondary to drugs</td><td>Retroperitoneal fibrosis secondary to drugs</td></tr><tr><td><a href=\"CodeSystem-PRDcodes.html#PRDcodes-prd1821\">prd1821</a></td><td>1821 - Retroperitoneal fibrosis secondary to malignancies</td><td>Retroperitoneal fibrosis secondary to malignancies</td></tr><tr><td><a href=\"CodeSystem-PRDcodes.html#PRDcodes-prd3670\">prd3670</a></td><td>3670 - Retroperitoneal fibrosis secondary to peri-aortitis</td><td>Retroperitoneal fibrosis secondary to peri-aortitis</td></tr><tr><td><a href=\"CodeSystem-PRDcodes.html#PRDcodes-prd3269\">prd3269</a></td><td>3269 - Rubinstein-Taybi syndrome</td><td>Rubinstein-Taybi syndrome</td></tr><tr><td><a href=\"CodeSystem-PRDcodes.html#PRDcodes-prd2290\">prd2290</a></td><td>2290 - Schistosomiasis</td><td>Schistosomiasis</td></tr><tr><td><a href=\"CodeSystem-PRDcodes.html#PRDcodes-prd2702\">prd2702</a></td><td>2702 - Sickle cell nephropathy - histologically proven</td><td>Sickle cell nephropathy - histologically proven</td></tr><tr><td><a href=\"CodeSystem-PRDcodes.html#PRDcodes-prd2699\">prd2699</a></td><td>2699 - Sickle cell nephropathy - no histology</td><td>Sickle cell nephropathy - no histology</td></tr><tr><td><a href=\"CodeSystem-PRDcodes.html#PRDcodes-prd3517\">prd3517</a></td><td>3517 - Single kidney identified in adulthood</td><td>Single kidney identified in adulthood</td></tr><tr><td><a href=\"CodeSystem-PRDcodes.html#PRDcodes-prd1694\">prd1694</a></td><td>1694 - Syndrome of agenesis of abdominal muscles - prune belly syndrome</td><td>Syndrome of agenesis of abdominal muscles - prune belly syndrome</td></tr><tr><td><a href=\"CodeSystem-PRDcodes.html#PRDcodes-prd1493\">prd1493</a></td><td>1493 - Systemic lupus erythematosus / nephritis - histologically proven</td><td>Systemic lupus erythematosus / nephritis - histologically proven</td></tr><tr><td><a href=\"CodeSystem-PRDcodes.html#PRDcodes-prd1486\">prd1486</a></td><td>1486 - Systemic lupus erythematosus / nephritis - no histology</td><td>Systemic lupus erythematosus / nephritis - no histology</td></tr><tr><td><a href=\"CodeSystem-PRDcodes.html#PRDcodes-prd1383\">prd1383</a></td><td>1383 - Systemic vasculitis - ANCA negative - histologically proven</td><td>Systemic vasculitis - ANCA negative - histologically proven</td></tr><tr><td><a href=\"CodeSystem-PRDcodes.html#PRDcodes-prd3847\">prd3847</a></td><td>3847 - Systemic vasculitis - ANCA negative - no histology</td><td>Systemic vasculitis - ANCA negative - no histology</td></tr><tr><td><a href=\"CodeSystem-PRDcodes.html#PRDcodes-prd3852\">prd3852</a></td><td>3852 - Systemic vasculitis - ANCA positive - histologically proven</td><td>Systemic vasculitis - ANCA positive - histologically proven</td></tr><tr><td><a href=\"CodeSystem-PRDcodes.html#PRDcodes-prd1396\">prd1396</a></td><td>1396 - Systemic vasculitis - ANCA positive - no histology</td><td>Systemic vasculitis - ANCA positive - no histology</td></tr><tr><td><a href=\"CodeSystem-PRDcodes.html#PRDcodes-prd2787\">prd2787</a></td><td>2787 - Thin basement membrane disease</td><td>Thin basement membrane disease</td></tr><tr><td><a href=\"CodeSystem-PRDcodes.html#PRDcodes-prd2634\">prd2634</a></td><td>2634 - Thrombotic thrombocytopenic purpura (TTP)</td><td>Thrombotic thrombocytopenic purpura (TTP)</td></tr><tr><td><a href=\"CodeSystem-PRDcodes.html#PRDcodes-prd3346\">prd3346</a></td><td>3346 - Townes-Brocks syndrome</td><td>Townes-Brocks syndrome</td></tr><tr><td><a href=\"CodeSystem-PRDcodes.html#PRDcodes-prd3488\">prd3488</a></td><td>3488 - Transitional cell carcinoma - histologically proven</td><td>Transitional cell carcinoma - histologically proven</td></tr><tr><td><a href=\"CodeSystem-PRDcodes.html#PRDcodes-prd3276\">prd3276</a></td><td>3276 - Tuberous sclerosis</td><td>Tuberous sclerosis</td></tr><tr><td><a href=\"CodeSystem-PRDcodes.html#PRDcodes-prd2917\">prd2917</a></td><td>2917 - Tubular disorder as part of inherited metabolic diseases</td><td>Tubular disorder as part of inherited metabolic diseases</td></tr><tr><td><a href=\"CodeSystem-PRDcodes.html#PRDcodes-prd1897\">prd1897</a></td><td>1897 - Tubulointerstitial nephritis - histologically proven</td><td>Tubulointerstitial nephritis - histologically proven</td></tr><tr><td><a href=\"CodeSystem-PRDcodes.html#PRDcodes-prd1884\">prd1884</a></td><td>1884 - Tubulointerstitial nephritis - no histology</td><td>Tubulointerstitial nephritis - no histology</td></tr><tr><td><a href=\"CodeSystem-PRDcodes.html#PRDcodes-prd1930\">prd1930</a></td><td>1930 - Tubulointerstitial nephritis associated with autoimmune disease - histologically proven</td><td>Tubulointerstitial nephritis associated with autoimmune disease - histologically proven</td></tr><tr><td><a href=\"CodeSystem-PRDcodes.html#PRDcodes-prd1924\">prd1924</a></td><td>1924 - Tubulointerstitial nephritis associated with autoimmune disease - no histology</td><td>Tubulointerstitial nephritis associated with autoimmune disease - no histology</td></tr><tr><td><a href=\"CodeSystem-PRDcodes.html#PRDcodes-prd1953\">prd1953</a></td><td>1953 - Tubulointerstitial nephritis with uveitis (TINU) - histologically proven</td><td>Tubulointerstitial nephritis with uveitis (TINU) - histologically proven</td></tr><tr><td><a href=\"CodeSystem-PRDcodes.html#PRDcodes-prd1948\">prd1948</a></td><td>1948 - Tubulointerstitial nephritis with uveitis (TINU) - no histology</td><td>Tubulointerstitial nephritis with uveitis (TINU) - no histology</td></tr><tr><td><a href=\"CodeSystem-PRDcodes.html#PRDcodes-prd1878\">prd1878</a></td><td>1878 - Uric acid urolithiasis</td><td>Uric acid urolithiasis</td></tr><tr><td><a href=\"CodeSystem-PRDcodes.html#PRDcodes-prd2827\">prd2827</a></td><td>2827 - Uromodulin-associated nephropathy (familial juvenile hyperuricaemic nephropathy)</td><td>Uromodulin-associated nephropathy (familial juvenile hyperuricaemic nephropathy)</td></tr><tr><td><a href=\"CodeSystem-PRDcodes.html#PRDcodes-prd3282\">prd3282</a></td><td>3282 - Von Hippel-Lindau disease</td><td>Von Hippel-Lindau disease</td></tr><tr><td><a href=\"CodeSystem-PRDcodes.html#PRDcodes-prd3333\">prd3333</a></td><td>3333 - Williams syndrome</td><td>Williams syndrome</td></tr><tr><td><a href=\"CodeSystem-PRDcodes.html#PRDcodes-prd3490\">prd3490</a></td><td>3490 - Wilms tumour - histologically proven</td><td>Wilms tumour - histologically proven</td></tr><tr><td><a href=\"CodeSystem-PRDcodes.html#PRDcodes-prd3248\">prd3248</a></td><td>3248 - Xanthinuria</td><td>Xanthinuria</td></tr><tr><td><a href=\"CodeSystem-PRDcodes.html#PRDcodes-prd2261\">prd2261</a></td><td>2261 - Xanthogranulomatous pyelonephritis</td><td>Xanthogranulomatous pyelonephritis</td></tr></table></li></ul></div>"},"url":"https://kip.rkkp.dk/fhir/ValueSet/PRDcodes","version":"2.9.1","name":"PRDcodes","title":"ERA PRD Codes","status":"active","experimental":true,"date":"2024-01-10T00:00:00+02:00","publisher":"Sundhedsvæsnets Kvalistetsinstitut with Trifork Digital Health A/S","contact":[{"name":"Sundhedsvæsnets Kvalistetsinstitut with Trifork Digital Health A/S","telecom":[{"system":"url","value":"https://trifork.com"},{"system":"email","value":"rbk@trifork.com"}]}],"description":"European Renal Association (ERA)  Primary Renal Disease (PRD)","compose":{"include":[{"system":"https://kip.rkkp.dk/fhir/CodeSystem/PRDcodes","concept":[{"code":"prd2513","display":"2513 - AA amyloid secondary to chronic inflammation"},{"code":"prd1768","display":"1768 - Acquired obstructive nephropathy due to neurogenic bladder"},{"code":"prd1752","display":"1752 - Acquired obstructive uropathy / nephropathy "},{"code":"prd3442","display":"3442 - Acute cortical necrosis"},{"code":"prd3380","display":"3380 - Acute kidney injury"},{"code":"prd3403","display":"3403 - Acute kidney injury due to circulatory failure"},{"code":"prd3398","display":"3398 - Acute kidney injury due to hypovolaemia "},{"code":"prd3435","display":"3435 - Acute kidney injury due to nephrotoxicity"},{"code":"prd3426","display":"3426 - Acute kidney injury due to rhabdomyolysis"},{"code":"prd3419","display":"3419 - Acute kidney injury due to sepsis"},{"code":"prd3457","display":"3457 - Acute pyelonephritis"},{"code":"prd2196","display":"2196 - Acute urate nephropathy - histologically proven"},{"code":"prd2183","display":"2183 - Acute urate nephropathy - no histology"},{"code":"prd1003","display":"1003 - Adult nephrotic syndrome - no histology"},{"code":"prd2392","display":"2392 - Ageing kidney - no histology"},{"code":"prd2521","display":"2521 - AL amyloid secondary to plasma cell dyscrasia"},{"code":"prd3071","display":"3071 - Alagille syndrome"},{"code":"prd2760","display":"2760 - Alport syndrome - histologically proven"},{"code":"prd2756","display":"2756 - Alport syndrome - no histology"},{"code":"prd1472","display":"1472 - Anti-Glomerular basement membrane (GBM) disease / Goodpasture's syndrome - histologically proven"},{"code":"prd1464","display":"1464 - Anti-Glomerular basement membrane (GBM) disease / Goodpasture's syndrome - no histology"},{"code":"prd3118","display":"3118 - Apparent mineralocorticoid excess"},{"code":"prd1995","display":"1995 - Aristolochic acid nephropathy (Balkan / Chinese herb / endemic nephropathy) - histologically proven"},{"code":"prd1982","display":"1982 - Aristolochic acid nephropathy (Balkan / Chinese herb / endemic nephropathy) - no histology"},{"code":"prd2448","display":"2448 - Atheroembolic renal disease - histologically proven"},{"code":"prd2430","display":"2430 - Atheroembolic renal disease - no histology"},{"code":"prd2623","display":"2623 - Atypical haemolytic uraemic syndrome (HUS) - diarrhoea negative"},{"code":"prd2718","display":"2718 - Autosomal dominant (AD) polycystic kidney disease"},{"code":"prd2725","display":"2725 - Autosomal dominant (AD) polycystic kidney disease type I"},{"code":"prd2739","display":"2739 - Autosomal dominant (AD) polycystic kidney disease type II"},{"code":"prd2741","display":"2741 - Autosomal recessive (AR) polycystic kidney disease"},{"code":"prd3085","display":"3085 - Bartter syndrome"},{"code":"prd2773","display":"2773 - Benign familial haematuria"},{"code":"prd1710","display":"1710 - Bladder exstrophy"},{"code":"prd3322","display":"3322 - Branchio-oto-renal syndrome"},{"code":"prd1845","display":"1845 - Calcium oxalate urolithiasis"},{"code":"prd1832","display":"1832 - Calculus nephropathy / urolithiasis"},{"code":"prd2482","display":"2482 - Cardiorenal syndrome"},{"code":"prd2363","display":"2363 - Chronic hypertensive nephropathy - histologically proven"},{"code":"prd2359","display":"2359 - Chronic hypertensive nephropathy - no histology"},{"code":"prd3564","display":"3564 - Chronic kidney disease (CKD) / chronic renal failure (CRF) - aetiology uncertain / unknown - histologically proven"},{"code":"prd3555","display":"3555 - Chronic kidney disease (CKD) / chronic renal failure (CRF) - aetiology uncertain / unknown - no histology"},{"code":"prd3529","display":"3529 - Chronic kidney disease (CKD) / chronic renal failure (CRF) caused by tumour nephrectomy"},{"code":"prd3540","display":"3540 - Chronic kidney disease (CKD) / chronic renal failure (CRF) due to donor nephrectomy"},{"code":"prd3538","display":"3538 - Chronic kidney disease (CKD) / chronic renal failure (CRF) due to traumatic loss of kidney"},{"code":"prd3708","display":"3708 - Chronic renal failure"},{"code":"prd3643","display":"3643 - Chronic renal failure due to systemic infection"},{"code":"prd2203","display":"2203 - Chronic urate nephropathy - histologically proven"},{"code":"prd3636","display":"3636 - Chronic urate nephropathy - no histology"},{"code":"prd1440","display":"1440 - Churg-Strauss syndrome - histologically proven"},{"code":"prd1438","display":"1438 - Churg-Strauss syndrome - no histology"},{"code":"prd1625","display":"1625 - Congenital dysplasia / hypoplasia"},{"code":"prd2652","display":"2652 - Congenital haemolytic uraemic syndrome"},{"code":"prd1088","display":"1088 - Congenital nephrotic syndrome (CNS) - congenital infection"},{"code":"prd1057","display":"1057 - Congenital nephrotic syndrome (CNS) - diffuse mesangial sclerosis"},{"code":"prd1042","display":"1042 - Congenital nephrotic syndrome (CNS) - Finnish type - histologically proven"},{"code":"prd1035","display":"1035 - Congenital nephrotic syndrome (CNS) - Finnish type - no histology"},{"code":"prd1061","display":"1061 - Congenital nephrotic syndrome (CNS) - focal segmental glomerulosclerosis"},{"code":"prd1026","display":"1026 - Congenital nephrotic syndrome - no histology"},{"code":"prd1706","display":"1706 - Congenital neurogenic bladder"},{"code":"prd1660","display":"1660 - Congenital pelvi-ureteric junction obstruction"},{"code":"prd1673","display":"1673 - Congenital vesico-ureteric junction obstruction"},{"code":"prd1570","display":"1570 - Cryoglobulinaemia secondary to hepatitis C - histologically proven"},{"code":"prd1562","display":"1562 - Cryoglobulinaemia secondary to hepatitis C - no histology"},{"code":"prd1591","display":"1591 - Cryoglobulinaemia secondary to systemic disease - histologically proven"},{"code":"prd1589","display":"1589 - Cryoglobulinaemia secondary to systemic disease - no histology"},{"code":"prd2794","display":"2794 - Cystic kidney disease"},{"code":"prd2964","display":"2964 - Cystinosis"},{"code":"prd2955","display":"2955 - Cystinuria"},{"code":"prd2929","display":"2929 - Dent disease"},{"code":"prd1074","display":"1074 - Denys-Drash syndrome"},{"code":"prd2328","display":"2328 - Diabetic nephropathy in type I diabetes - histologically proven"},{"code":"prd2316","display":"2316 - Diabetic nephropathy in type I diabetes - no histology"},{"code":"prd2344","display":"2344 - Diabetic nephropathy in type II diabetes - histologically proven"},{"code":"prd2337","display":"2337 - Diabetic nephropathy in type II diabetes - no histology"},{"code":"prd1331","display":"1331 - Diffuse endocapillary glomerulonephritis"},{"code":"prd3028","display":"3028 - Distal renal tubular acidosis - type I"},{"code":"prd3037","display":"3037 - Distal renal tubular acidosis with sensorineural deafness - gene mutations"},{"code":"prd2005","display":"2005 - Drug-induced tubulointerstitial nephritis - no histology"},{"code":"prd2014","display":"2014 - Drug-induced tubulointerstitial nephritis - histologically proven"},{"code":"prd1850","display":"1850 - Enteric hyperoxaluria"},{"code":"prd1558","display":"1558 - Essential mixed cryoglobulinaemia - histologically proven"},{"code":"prd1543","display":"1543 - Essential mixed cryoglobulinaemia - no histology"},{"code":"prd3230","display":"3230 - Fabry disease - histologically proven"},{"code":"prd3224","display":"3224 - Fabry disease - no histology"},{"code":"prd2545","display":"2545 - Familial amyloid secondary to protein mutations - histologically proven"},{"code":"prd2532","display":"2532 - Familial amyloid secondary to protein mutations - no histology"},{"code":"prd1308","display":"1308 - Familial focal segmental glomerulosclerosis (FSGS) - autosomal dominant - histologically proven"},{"code":"prd1298","display":"1298 - Familial focal segmental glomerulosclerosis (FSGS) - autosomal dominant - no histology"},{"code":"prd1280","display":"1280 - Familial focal segmental glomerulosclerosis (FSGS) - autosomal recessive - histologically proven"},{"code":"prd1279","display":"1279 - Familial focal segmental glomerulosclerosis (FSGS) - autosomal recessive - no histology"},{"code":"prd2668","display":"2668 - Familial haemolytic uraemic syndrome (HUS)"},{"code":"prd3173","display":"3173 - Familial hypercalciuric hypocalcaemia"},{"code":"prd3160","display":"3160 - Familial hypocalciuric hypercalcaemia"},{"code":"prd3187","display":"3187 - Familial hypomagnesaemia"},{"code":"prd1144","display":"1144 - Familial IgA nephropathy - histologically proven"},{"code":"prd1137","display":"1137 - Familial IgA nephropathy - no histology"},{"code":"prd1911","display":"1911 - Familial interstitial nephropathy - histologically proven"},{"code":"prd1907","display":"1907 - Familial interstitial nephropathy - no histology"},{"code":"prd3379","display":"3379 - Familial nephropathy"},{"code":"prd1618","display":"1618 - Familial reflux nephropathy"},{"code":"prd2675","display":"2675 - Familial thrombotic thrombocytopenic purpura(2675)"},{"code":"prd2566","display":"2566 - Familial AA amyloid secondary to familial Mediterranean fever / TRAPS (Hibernian fever) - histologically proven"},{"code":"prd2550","display":"2550 - Familial AA amyloid secondary to familial Mediterranean fever / TRAPS (Hibernian fever) - no histology"},{"code":"prd2453","display":"2453 - Fibromuscular dysplasia of renal artery"},{"code":"prd1354","display":"1354 - Focal and segmental proliferative glomerulonephritis"},{"code":"prd3754","display":"3754 - Focal segmental glomerulosclerosis (FSGS) secondary to HIV "},{"code":"prd3765","display":"3765 - Focal segmental glomerulosclerosis (FSGS) secondary to lithium "},{"code":"prd1320","display":"1320 - Focal segmental glomerulosclerosis (FSGS) secondary to obesity - histologically proven"},{"code":"prd1312","display":"1312 - Focal segmental glomerulosclerosis (FSGS) secondary to obesity - no histology"},{"code":"prd3777","display":"3777 - Focal segmental glomerulosclerosis secondary to sickle cell"},{"code":"prd3314","display":"3314 - Frasier syndrome"},{"code":"prd3092","display":"3092 - Gitelman syndrome"},{"code":"prd1656","display":"1656 - Glomerulocystic disease"},{"code":"prd1377","display":"1377 - Glomerulonephritis - histologically indeterminate"},{"code":"prd3749","display":"3749 - Glomerulonephritis - no histology"},{"code":"prd1365","display":"1365 - Glomerulonephritis - secondary to systemic disease"},{"code":"prd3125","display":"3125 - Glucocorticoid suppressible hyperaldosteronism"},{"code":"prd1417","display":"1417 - Granulomatosis with polyangiitis - histologically proven"},{"code":"prd1401","display":"1401 - Granulomatosis with polyangiitis - no histology"},{"code":"prd3572","display":"3572 - Haematuria and proteinuria - no histology"},{"code":"prd2610","display":"2610 - Haemolytic uraemic syndrome (HUS) - diarrhoea associated"},{"code":"prd2647","display":"2647 - Haemolytic uraemic syndrome (HUS) secondary to systemic disease"},{"code":"prd2257","display":"2257 - Hantavirus nephropathy"},{"code":"prd1515","display":"1515 - Henoch-Schönlein purpura / nephritis - histologically proven"},{"code":"prd1504","display":"1504 - Henoch-Schönlein purpura / nephritis - no histology"},{"code":"prd2495","display":"2495 - Hepatorenal syndrome"},{"code":"prd3305","display":"3305 - Horse-shoe kidney"},{"code":"prd3662","display":"3662 - Hypercalcaemic nephropathy"},{"code":"prd2993","display":"2993 - Hypophosphataemic rickets autosomal recessive (AR)"},{"code":"prd2986","display":"2986 - Hypophosphataemic rickets X-linked (XL)"},{"code":"prd1251","display":"1251 - Idiopathic rapidly progressive (crescentic) glomerulonephritis"},{"code":"prd1813","display":"1813 - Idiopathic retroperitoneal fibrosis"},{"code":"prd1128","display":"1128 - IgA nephropathy - histologically proven"},{"code":"prd1116","display":"1116 - IgA nephropathy - no histology"},{"code":"prd1163","display":"1163 - IgA nephropathy secondary to liver cirrhosis - histologically proven"},{"code":"prd1159","display":"1159 - IgA nephropathy secondary to liver cirrhosis - no histology"},{"code":"prd1171","display":"1171 - IgM - associated nephropathy"},{"code":"prd2606","display":"2606 - Immunotactoid / fibrillary nephropathy"},{"code":"prd3823","display":"3823 - Infiltration by lymphoma - histologically proven"},{"code":"prd3139","display":"3139 - Inherited / genetic diabetes mellitus type II"},{"code":"prd2940","display":"2940 - Inherited aminoaciduria"},{"code":"prd2972","display":"2972 - Inherited renal glycosuria"},{"code":"prd2407","display":"2407 - Ischaemic nephropathy - no histology"},{"code":"prd2411","display":"2411 - Ischaemic nephropathy / microvascular disease - histologically proven"},{"code":"prd3712","display":"3712 - Isolated haematuria - no histology"},{"code":"prd3720","display":"3720 - Isolated proteinuria - no histology"},{"code":"prd3810","display":"3810 - Kidney stones due to ARPT deficiency"},{"code":"prd3461","display":"3461 - Kidney tumour"},{"code":"prd3351","display":"3351 - Lawrence-Moon-Biedl / Bardet-Biedl syndrome"},{"code":"prd2177","display":"2177 - Lead induced nephropathy - histologically proven"},{"code":"prd2165","display":"2165 - Lead induced nephropathy - no histology"},{"code":"prd2242","display":"2242 - Leptospirosis"},{"code":"prd3059","display":"3059 - Lesch Nyhan syndrome - hypoxanthine guanine phosphoribosyl transferase deficiency"},{"code":"prd3102","display":"3102 - Liddle syndrome"},{"code":"prd2597","display":"2597 - Light chain deposition disease"},{"code":"prd2938","display":"2938 - Lowe syndrome (oculocerebrorenal syndrome)"},{"code":"prd1866","display":"1866 - Magnesium ammonium phosphate (struvite) urolithiasis"},{"code":"prd2385","display":"2385 - Malignant hypertensive nephropathy / accelerated hypertensive nephropathy - histologically proven"},{"code":"prd2371","display":"2371 - Malignant hypertensive nephropathy / accelerated hypertensive nephropathy - no histology"},{"code":"prd2804","display":"2804 - Medullary cystic kidney disease type I"},{"code":"prd2815","display":"2815 - Medullary cystic kidney disease type II"},{"code":"prd3295","display":"3295 - Medullary sponge kidneys"},{"code":"prd1723","display":"1723 - Megacystis-megaureter"},{"code":"prd1205","display":"1205 - Membranous nephropathy - drug induced"},{"code":"prd1185","display":"1185 - Membranous nephropathy - idiopathic"},{"code":"prd1214","display":"1214 - Membranous nephropathy - infection associated"},{"code":"prd1192","display":"1192 - Membranous nephropathy - malignancy associated"},{"code":"prd1349","display":"1349 - Mesangial proliferative glomerulonephritis "},{"code":"prd1222","display":"1222 - Mesangiocapillary glomerulonephritis type 1"},{"code":"prd1233","display":"1233 - Mesangiocapillary glomerulonephritis type 2 (dense deposit disease)"},{"code":"prd1246","display":"1246 - Mesangiocapillary glomerulonephritis type 3"},{"code":"prd3501","display":"3501 - Mesoblastic nephroma - histologically proven"},{"code":"prd1429","display":"1429 - Microscopic polyangiitis - histologically proven"},{"code":"prd1100","display":"1100 - Minimal change nephropathy - histologically proven"},{"code":"prd1090","display":"1090 - Minimal change nephropathy - no histology"},{"code":"prd3367","display":"3367 - Mitochondrial cytopathy"},{"code":"prd1639","display":"1639 - Multicystic dysplastic kidneys"},{"code":"prd2584","display":"2584 - Myeloma cast nephropathy - histologically proven"},{"code":"prd2578","display":"2578 - Myeloma kidney - no histology"},{"code":"prd3253","display":"3253 - Nail-patella syndrome"},{"code":"prd3044","display":"3044 - Nephrogenic diabetes insipidus"},{"code":"prd2836","display":"2836 - Nephronophthisis"},{"code":"prd2843","display":"2843 - Nephronophthisis - type 1 (juvenile type)"},{"code":"prd2858","display":"2858 - Nephronophthisis - type 2 (infantile type)"},{"code":"prd2862","display":"2862 - Nephronophthisis - type 3 (adolescent type)"},{"code":"prd2870","display":"2870 - Nephronophthisis - type 4 (juvenile type)"},{"code":"prd2889","display":"2889 - Nephronophthisis - type 5"},{"code":"prd2891","display":"2891 - Nephronophthisis - type 6"},{"code":"prd2098","display":"2098 - Nephropathy due to aminoglycosides - histologically proven"},{"code":"prd2080","display":"2080 - Nephropathy due to aminoglycosides - no histology"},{"code":"prd2112","display":"2112 - Nephropathy due to amphotericin - histologically proven"},{"code":"prd2108","display":"2108 - Nephropathy due to amphotericin - no histology"},{"code":"prd2033","display":"2033 - Nephropathy due to analgesic drugs - histologically proven"},{"code":"prd2022","display":"2022 - Nephropathy due to analgesic drugs - no histology"},{"code":"prd2051","display":"2051 - Nephropathy due to ciclosporin - histologically proven"},{"code":"prd2046","display":"2046 - Nephropathy due to ciclosporin - no histology"},{"code":"prd2131","display":"2131 - Nephropathy due to cisplatin - histologically proven"},{"code":"prd2120","display":"2120 - Nephropathy due to cisplatin - no histology"},{"code":"prd2681","display":"2681 - Nephropathy due to eclampsia"},{"code":"prd2154","display":"2154 - Nephropathy due to lithium - histologically proven"},{"code":"prd2149","display":"2149 - Nephropathy due to lithium - no histology"},{"code":"prd3834","display":"3834 - Nephropathy due to pre-eclampsia"},{"code":"prd2079","display":"2079 - Nephropathy due to tacrolimus - histologically proven"},{"code":"prd2067","display":"2067 - Nephropathy due to tacrolimus - no histology"},{"code":"prd2288","display":"2288 - Nephropathy related to HIV - histologically proven"},{"code":"prd2274","display":"2274 - Nephropathy related to HIV - no histology"},{"code":"prd3615","display":"3615 - Nephrotic syndrome of childhood - no trial of steroids - no histology"},{"code":"prd3604","display":"3604 - Nephrotic syndrome of childhood - steroid resistant - no histology"},{"code":"prd1019","display":"1019 - Nephrotic syndrome of childhood - steroid sensitive - no histology"},{"code":"prd1799","display":"1799 - Obstructive nephropathy due to bladder cancer"},{"code":"prd1809","display":"1809 - Obstructive nephropathy due to other malignancies"},{"code":"prd1781","display":"1781 - Obstructive nephropathy due to prostate cancer"},{"code":"prd1775","display":"1775 - Obstructive nephropathy due to prostatic hypertrophy"},{"code":"prd1734","display":"1734 - Oligomeganephronia"},{"code":"prd2300","display":"2300 - Other specific infection"},{"code":"prd3063","display":"3063 - Phosphoribosyl pyrophosphate synthetase (PRPPS) superactivity"},{"code":"prd1455","display":"1455 - Polyarteritis nodosa"},{"code":"prd1687","display":"1687 - Posterior urethral valves"},{"code":"prd2901","display":"2901 - Primary Fanconi syndrome"},{"code":"prd1267","display":"1267 - Primary focal segmental glomerulosclerosis (FSGS)"},{"code":"prd3194","display":"3194 - Primary hyperoxaluria"},{"code":"prd3207","display":"3207 - Primary hyperoxaluria type I"},{"code":"prd3211","display":"3211 - Primary hyperoxaluria type II"},{"code":"prd3731","display":"3731 - Primary hyperoxaluria type III"},{"code":"prd1602","display":"1602 - Primary reflux nephropathy - sporadic"},{"code":"prd3000","display":"3000 - Primary renal tubular acidosis (RTA)"},{"code":"prd3016","display":"3016 - Proximal renal tubular acidosis (RTA) - type II"},{"code":"prd3141","display":"3141 - Pseudohypoaldosteronism type 1"},{"code":"prd3156","display":"3156 - Pseudohypoaldosteronism type 2 (Gordon syndrome)"},{"code":"prd2219","display":"2219 - Radiation nephritis"},{"code":"prd2226","display":"2226 - Renal / perinephric abscess"},{"code":"prd2509","display":"2509 - Renal amyloidosis"},{"code":"prd2469","display":"2469 - Renal arterial thrombosis / occlusion"},{"code":"prd2424","display":"2424 - Renal artery stenosis"},{"code":"prd3474","display":"3474 - Renal cell carcinoma - histologically proven"},{"code":"prd3658","display":"3658 - Renal coloboma syndrome"},{"code":"prd3627","display":"3627 - Renal cysts and diabetes syndrome"},{"code":"prd1641","display":"1641 - Renal dysplasia due to fetal ACE-inhibitor exposure"},{"code":"prd3691","display":"3691 - Renal failure"},{"code":"prd1747","display":"1747 - Renal papillary necrosis"},{"code":"prd3796","display":"3796 - Renal papillary necrosis caused by analgesics"},{"code":"prd3783","display":"3783 - Renal papillary necrosis caused by diabetes"},{"code":"prd3806","display":"3806 - Renal papillary necrosis caused by sickle cell"},{"code":"prd1976","display":"1976 - Renal sarcoidosis - histologically proven"},{"code":"prd1969","display":"1969 - Renal sarcoidosis - no histology"},{"code":"prd1536","display":"1536 - Renal scleroderma / systemic sclerosis - histologically proven"},{"code":"prd1527","display":"1527 - Renal scleroderma / systemic sclerosis - no histology"},{"code":"prd2235","display":"2235 - Renal tuberculosis"},{"code":"prd2476","display":"2476 - Renal vein thrombosis"},{"code":"prd3689","display":"3689 - Retroperitoneal fibrosis secondary to drugs"},{"code":"prd1821","display":"1821 - Retroperitoneal fibrosis secondary to malignancies"},{"code":"prd3670","display":"3670 - Retroperitoneal fibrosis secondary to peri-aortitis"},{"code":"prd3269","display":"3269 - Rubinstein-Taybi syndrome"},{"code":"prd2290","display":"2290 - Schistosomiasis"},{"code":"prd2702","display":"2702 - Sickle cell nephropathy - histologically proven"},{"code":"prd2699","display":"2699 - Sickle cell nephropathy - no histology"},{"code":"prd3517","display":"3517 - Single kidney identified in adulthood"},{"code":"prd1694","display":"1694 - Syndrome of agenesis of abdominal muscles - prune belly syndrome"},{"code":"prd1493","display":"1493 - Systemic lupus erythematosus / nephritis - histologically proven"},{"code":"prd1486","display":"1486 - Systemic lupus erythematosus / nephritis - no histology"},{"code":"prd1383","display":"1383 - Systemic vasculitis - ANCA negative - histologically proven"},{"code":"prd3847","display":"3847 - Systemic vasculitis - ANCA negative - no histology"},{"code":"prd3852","display":"3852 - Systemic vasculitis - ANCA positive - histologically proven"},{"code":"prd1396","display":"1396 - Systemic vasculitis - ANCA positive - no histology"},{"code":"prd2787","display":"2787 - Thin basement membrane disease"},{"code":"prd2634","display":"2634 - Thrombotic thrombocytopenic purpura (TTP)"},{"code":"prd3346","display":"3346 - Townes-Brocks syndrome"},{"code":"prd3488","display":"3488 - Transitional cell carcinoma - histologically proven"},{"code":"prd3276","display":"3276 - Tuberous sclerosis"},{"code":"prd2917","display":"2917 - Tubular disorder as part of inherited metabolic diseases"},{"code":"prd1897","display":"1897 - Tubulointerstitial nephritis - histologically proven"},{"code":"prd1884","display":"1884 - Tubulointerstitial nephritis - no histology"},{"code":"prd1930","display":"1930 - Tubulointerstitial nephritis associated with autoimmune disease - histologically proven"},{"code":"prd1924","display":"1924 - Tubulointerstitial nephritis associated with autoimmune disease - no histology"},{"code":"prd1953","display":"1953 - Tubulointerstitial nephritis with uveitis (TINU) - histologically proven"},{"code":"prd1948","display":"1948 - Tubulointerstitial nephritis with uveitis (TINU) - no histology"},{"code":"prd1878","display":"1878 - Uric acid urolithiasis"},{"code":"prd2827","display":"2827 - Uromodulin-associated nephropathy (familial juvenile hyperuricaemic nephropathy)"},{"code":"prd3282","display":"3282 - Von Hippel-Lindau disease"},{"code":"prd3333","display":"3333 - Williams syndrome"},{"code":"prd3490","display":"3490 - Wilms tumour - histologically proven"},{"code":"prd3248","display":"3248 - Xanthinuria"},{"code":"prd2261","display":"2261 - Xanthogranulomatous pyelonephritis"}]}]}}