{"resourceType":"ValueSet","id":"AnastomoseType1","text":{"status":"extensions","div":"<div xmlns=\"http://www.w3.org/1999/xhtml\"><p class=\"res-header-id\"><b>Generated Narrative: ValueSet AnastomoseType1</b></p><a name=\"AnastomoseType1\"> </a><a name=\"hcAnastomoseType1\"> </a><a name=\"AnastomoseType1-en-US\"> </a><p>This value set includes codes based on the following rules:</p><ul><li>Include these codes as defined in <a href=\"CodeSystem-AnastomosisType.html\"><code>https://kip.rkkp.dk/fhir/CodeSystem/AnastomosisType</code></a><table class=\"none\"><tr><td style=\"white-space:nowrap\"><b>Code</b></td><td><b>Display</b></td><td><b>Definition</b></td></tr><tr><td><a href=\"CodeSystem-AnastomosisType.html#AnastomosisType-hand_sewn\">hand_sewn</a></td><td>Håndsyet</td><td>Hand sewn / Håndsyet</td></tr><tr><td><a href=\"CodeSystem-AnastomosisType.html#AnastomosisType-stapled\">stapled</a></td><td>Staplet anastomose</td><td>Stapled / Staplet</td></tr></table></li><li>Include these codes as defined in <a href=\"CodeSystem-GenericValues.html\"><code>https://kip.rkkp.dk/fhir/CodeSystem/GenericValues</code></a><table class=\"none\"><tr><td style=\"white-space:nowrap\"><b>Code</b></td><td><b>Display</b></td><td><b>Definition</b></td></tr><tr><td><a href=\"CodeSystem-GenericValues.html#GenericValues-other\">other</a></td><td>Anden</td><td>Other - used to choose unspecific value not in a valueset</td></tr></table></li></ul></div>"},"url":"https://kip.rkkp.dk/fhir/ValueSet/AnastomoseType1","version":"2.9.1","name":"AnastomoseType1","title":"Anastomosetype 1","status":"active","experimental":true,"date":"2022-10-11T00:00:00+02:00","publisher":"Sundhedsvæsnets Kvalistetsinstitut with Trifork Digital Health A/S","contact":[{"name":"Sundhedsvæsnets Kvalistetsinstitut with Trifork Digital Health A/S","telecom":[{"system":"url","value":"https://trifork.com"},{"system":"email","value":"rbk@trifork.com"}]}],"description":"Anastomosetype 1","compose":{"include":[{"system":"https://kip.rkkp.dk/fhir/CodeSystem/AnastomosisType","concept":[{"code":"hand_sewn","display":"Håndsyet"},{"code":"stapled","display":"Staplet anastomose"}]},{"system":"https://kip.rkkp.dk/fhir/CodeSystem/GenericValues","concept":[{"code":"other","display":"Anden"}]}]}}