{"resourceType":"ValueSet","id":"UdfoerendeLAB","text":{"status":"generated","div":"<div xmlns=\"http://www.w3.org/1999/xhtml\"><p class=\"res-header-id\"><b>Generated Narrative: ValueSet UdfoerendeLAB</b></p><a name=\"UdfoerendeLAB\"> </a><a name=\"hcUdfoerendeLAB\"> </a><a name=\"UdfoerendeLAB-en-US\"> </a><ul><li>Include these codes as defined in <a href=\"CodeSystem-SOR.html\"><code>https://kip.rkkp.dk/fhir/CodeSystem/SOR</code></a><table class=\"none\"><tr><td style=\"white-space:nowrap\"><b>Code</b></td><td><b>Display</b></td></tr><tr><td><a href=\"CodeSystem-SOR.html#SOR-682641000016004\">682641000016004</a></td><td>Afdeling for blodprøver og biokemi, Aarhus Universitetshospital</td></tr><tr><td><a href=\"CodeSystem-SOR.html#SOR-256631000016003\">256631000016003</a></td><td>Afdeling for Klinisk Biokemi – Blegdamsvej</td></tr></table></li></ul></div>"},"url":"https://kip.rkkp.dk/fhir/ValueSet/UdfoerendeLAB","version":"2.9.1","name":"UdfoerendeLAB","title":"UdførendendeLAB","status":"active","experimental":true,"date":"2024-08-08T00:00:00+02:00","publisher":"Sundhedsvæsnets Kvalistetsinstitut with Trifork Digital Health A/S","contact":[{"name":"Sundhedsvæsnets Kvalistetsinstitut with Trifork Digital Health A/S","telecom":[{"system":"url","value":"https://trifork.com"},{"system":"email","value":"rbk@trifork.com"}]}],"description":"UdførendeLAB","compose":{"include":[{"system":"https://kip.rkkp.dk/fhir/CodeSystem/SOR","concept":[{"code":"682641000016004","display":"Afdeling for blodprøver og biokemi, Aarhus Universitetshospital"},{"code":"256631000016003","display":"Afdeling for Klinisk Biokemi – Blegdamsvej"}]}]}}