{"resourceType":"ValueSet","id":"KnaeLoeshedPosterolateral","text":{"status":"extensions","div":"<div xmlns=\"http://www.w3.org/1999/xhtml\"><p class=\"res-header-id\"><b>Generated Narrative: ValueSet KnaeLoeshedPosterolateral</b></p><a name=\"KnaeLoeshedPosterolateral\"> </a><a name=\"hcKnaeLoeshedPosterolateral\"> </a><a name=\"KnaeLoeshedPosterolateral-en-US\"> </a><ul><li>Include these codes as defined in <a href=\"CodeSystem-KneeLoosenessGrading.html\"><code>https://kip.rkkp.dk/fhir/CodeSystem/KneeLoosenessGrading</code></a><table class=\"none\"><tr><td style=\"white-space:nowrap\"><b>Code</b></td><td><b>Display</b></td><td><b>Definition</b></td></tr><tr><td><a href=\"CodeSystem-KneeLoosenessGrading.html#KneeLoosenessGrading-0-5\">0-5</a></td><td>0-5 grader</td><td>0-5 degrees / 0-5 grader</td></tr><tr><td><a href=\"CodeSystem-KneeLoosenessGrading.html#KneeLoosenessGrading-6-10\">6-10</a></td><td>6-10 grader</td><td>6-10 degrees / 6-10 grader</td></tr><tr><td><a href=\"CodeSystem-KneeLoosenessGrading.html#KneeLoosenessGrading-11-19\">11-19</a></td><td>11-19 grader</td><td>11-19 degrees / 11-19 grader</td></tr><tr><td><a href=\"CodeSystem-KneeLoosenessGrading.html#KneeLoosenessGrading-.6220\">&gt;20</a></td><td>&gt;20 grader</td><td>&gt;20 degrees / &gt;20 grader</td></tr></table></li></ul></div>"},"url":"https://kip.rkkp.dk/fhir/ValueSet/KnaeLoeshedPosterolateral","version":"2.9.1","name":"KnaeLoeshedPosterolateral","title":"Knæ løshed (posterolateral)","status":"active","experimental":true,"date":"2022-09-19T00:00:00+02:00","publisher":"Sundhedsvæsnets Kvalistetsinstitut with Trifork Digital Health A/S","contact":[{"name":"Sundhedsvæsnets Kvalistetsinstitut with Trifork Digital Health A/S","telecom":[{"system":"url","value":"https://trifork.com"},{"system":"email","value":"rbk@trifork.com"}]}],"description":"Knæ løshed (posterolateral)","compose":{"include":[{"system":"https://kip.rkkp.dk/fhir/CodeSystem/KneeLoosenessGrading","concept":[{"code":"0-5","display":"0-5 grader"},{"code":"6-10","display":"6-10 grader"},{"code":"11-19","display":"11-19 grader"},{"code":">20","display":">20 grader"}]}]}}