{"resourceType":"ValueSet","id":"ProcedurerAndreDKRR","text":{"status":"extensions","div":"<div xmlns=\"http://www.w3.org/1999/xhtml\"><p class=\"res-header-id\"><b>Generated Narrative: ValueSet ProcedurerAndreDKRR</b></p><a name=\"ProcedurerAndreDKRR\"> </a><a name=\"hcProcedurerAndreDKRR\"> </a><a name=\"ProcedurerAndreDKRR-en-US\"> </a><p>This value set includes codes based on the following rules:</p><ul><li>Include these codes as defined in <a href=\"CodeSystem-ProcedureType.html\"><code>https://kip.rkkp.dk/fhir/CodeSystem/ProcedureType</code></a><table class=\"none\"><tr><td style=\"white-space:nowrap\"><b>Code</b></td><td><b>Display</b></td><td><b>Definition</b></td></tr><tr><td><a href=\"CodeSystem-ProcedureType.html#ProcedureType-synovectomy\">synovectomy</a></td><td>Synovektomi</td><td>Synovectomy / Synovektomi</td></tr><tr><td><a href=\"CodeSystem-ProcedureType.html#ProcedureType-implant_removal\">implant_removal</a></td><td>Implantatfjernelse</td><td>Implant removal / Implantatfjernelse</td></tr><tr><td><a href=\"CodeSystem-ProcedureType.html#ProcedureType-osteotomy\">osteotomy</a></td><td>Osteotomi</td><td>Osteotomy / Osteotomi</td></tr><tr><td><a href=\"CodeSystem-ProcedureType.html#ProcedureType-osteosynthesis\">osteosynthesis</a></td><td>Osteosyntese</td><td>Osteosynthesis / Osteosyntese</td></tr><tr><td><a href=\"CodeSystem-ProcedureType.html#ProcedureType-operation_infection\">operation_infection</a></td><td>Operation pga. infektion</td><td>Operation because of an infection / Operation pga. infektion</td></tr><tr><td><a href=\"CodeSystem-ProcedureType.html#ProcedureType-bone_transplantation\">bone_transplantation</a></td><td>Knogletransplantation</td><td>Bone transplantation / Knogletransplantation</td></tr><tr><td><a href=\"CodeSystem-ProcedureType.html#ProcedureType-operational_mobilization\">operational_mobilization</a></td><td>Operativ mobilisering</td><td>Operational mobilization / Operativ mobilisering</td></tr><tr><td><a href=\"CodeSystem-ProcedureType.html#ProcedureType-tenodesis\">tenodesis</a></td><td>Tenodesis</td><td>Tenodesis</td></tr></table></li><li>Include these codes as defined in <a href=\"CodeSystem-GenericValues.html\"><code>https://kip.rkkp.dk/fhir/CodeSystem/GenericValues</code></a><table class=\"none\"><tr><td style=\"white-space:nowrap\"><b>Code</b></td><td><b>Display</b></td><td><b>Definition</b></td></tr><tr><td><a href=\"CodeSystem-GenericValues.html#GenericValues-other\">other</a></td><td>Andet</td><td>Other - used to choose unspecific value not in a valueset</td></tr></table></li></ul></div>"},"url":"https://kip.rkkp.dk/fhir/ValueSet/ProcedurerAndreDKRR","version":"2.9.1","name":"ProcedurerAndreDKRR","title":"Procedurer, andre (DKRR)","status":"active","experimental":true,"date":"2022-09-19T00:00:00+02:00","publisher":"Sundhedsvæsnets Kvalistetsinstitut with Trifork Digital Health A/S","contact":[{"name":"Sundhedsvæsnets Kvalistetsinstitut with Trifork Digital Health A/S","telecom":[{"system":"url","value":"https://trifork.com"},{"system":"email","value":"rbk@trifork.com"}]}],"description":"Procedurer, andre (DKRR)","compose":{"include":[{"system":"https://kip.rkkp.dk/fhir/CodeSystem/ProcedureType","concept":[{"code":"synovectomy","display":"Synovektomi"},{"code":"implant_removal","display":"Implantatfjernelse"},{"code":"osteotomy","display":"Osteotomi"},{"code":"osteosynthesis","display":"Osteosyntese"},{"code":"operation_infection","display":"Operation pga. infektion"},{"code":"bone_transplantation","display":"Knogletransplantation"},{"code":"operational_mobilization","display":"Operativ mobilisering"},{"code":"tenodesis","display":"Tenodesis"}]},{"system":"https://kip.rkkp.dk/fhir/CodeSystem/GenericValues","concept":[{"code":"other","display":"Andet"}]}]}}