{"resourceType":"ValueSet","id":"KnaeakseDKR","text":{"status":"extensions","div":"<div xmlns=\"http://www.w3.org/1999/xhtml\"><p class=\"res-header-id\"><b>Generated Narrative: ValueSet KnaeakseDKR</b></p><a name=\"KnaeakseDKR\"> </a><a name=\"hcKnaeakseDKR\"> </a><a name=\"KnaeakseDKR-en-US\"> </a><ul><li>Include these codes as defined in <a href=\"CodeSystem-Intervals.html\"><code>https://kip.rkkp.dk/fhir/CodeSystem/Intervals</code></a><table class=\"none\"><tr><td style=\"white-space:nowrap\"><b>Code</b></td><td><b>Display</b></td><td><b>Definition</b></td></tr><tr><td><a href=\"CodeSystem-Intervals.html#Intervals-.600\">&lt;0</a></td><td>&lt;0 grader (varus)</td><td>&lt;0</td></tr><tr><td><a href=\"CodeSystem-Intervals.html#Intervals-0-4\">0-4</a></td><td>0-4 grader</td><td>0-4</td></tr><tr><td><a href=\"CodeSystem-Intervals.html#Intervals-5-10\">5-10</a></td><td>5-10 grader (normal)</td><td>5-10</td></tr><tr><td><a href=\"CodeSystem-Intervals.html#Intervals-11-15\">11-15</a></td><td>11-15 grader</td><td>11-15</td></tr><tr><td><a href=\"CodeSystem-Intervals.html#Intervals-.6215\">&gt;15</a></td><td>&gt;15 grader (valgus)</td><td>&gt;15</td></tr></table></li></ul></div>"},"url":"https://kip.rkkp.dk/fhir/ValueSet/KnaeakseDKR","version":"2.9.1","name":"KnaeakseDKR","title":"Knæakse (DKR)","status":"active","experimental":true,"date":"2022-10-12T00:00:00+02:00","publisher":"Sundhedsvæsnets Kvalistetsinstitut with Trifork Digital Health A/S","contact":[{"name":"Sundhedsvæsnets Kvalistetsinstitut with Trifork Digital Health A/S","telecom":[{"system":"url","value":"https://trifork.com"},{"system":"email","value":"rbk@trifork.com"}]}],"description":"Knæakse (DKR)","compose":{"include":[{"system":"https://kip.rkkp.dk/fhir/CodeSystem/Intervals","concept":[{"code":"<0","display":"<0 grader (varus)"},{"code":"0-4","display":"0-4 grader"},{"code":"5-10","display":"5-10 grader (normal)"},{"code":"11-15","display":"11-15 grader"},{"code":">15","display":">15 grader (valgus)"}]}]}}