{"resourceType":"ValueSet","id":"KirurgiskAdgangDSR","text":{"status":"extensions","div":"<div xmlns=\"http://www.w3.org/1999/xhtml\"><p class=\"res-header-id\"><b>Generated Narrative: ValueSet KirurgiskAdgangDSR</b></p><a name=\"KirurgiskAdgangDSR\"> </a><a name=\"hcKirurgiskAdgangDSR\"> </a><a name=\"KirurgiskAdgangDSR-en-US\"> </a><p>This value set includes codes based on the following rules:</p><ul><li>Include these codes as defined in <a href=\"CodeSystem-IncisionChoice.html\"><code>https://kip.rkkp.dk/fhir/CodeSystem/IncisionChoice</code></a><table class=\"none\"><tr><td style=\"white-space:nowrap\"><b>Code</b></td><td><b>Display</b></td><td><b>Definition</b></td></tr><tr><td><a href=\"CodeSystem-IncisionChoice.html#IncisionChoice-delto_pectoral\">delto_pectoral</a></td><td>Delto-pectoral</td><td>Delto-pectoral</td></tr><tr><td><a href=\"CodeSystem-IncisionChoice.html#IncisionChoice-mackenzie\">mackenzie</a></td><td>Antero-superior (MacKenzie)</td><td>Antero-superior (MacKenzie)</td></tr></table></li><li>Include these codes as defined in <a href=\"CodeSystem-GenericValues.html\"><code>https://kip.rkkp.dk/fhir/CodeSystem/GenericValues</code></a><table class=\"none\"><tr><td style=\"white-space:nowrap\"><b>Code</b></td><td><b>Display</b></td><td><b>Definition</b></td></tr><tr><td><a href=\"CodeSystem-GenericValues.html#GenericValues-other\">other</a></td><td>Anden</td><td>Other - used to choose unspecific value not in a valueset</td></tr></table></li></ul></div>"},"url":"https://kip.rkkp.dk/fhir/ValueSet/KirurgiskAdgangDSR","version":"2.9.1","name":"KirurgiskAdgangDSR","title":"Kirurgisk adgang (DSR)","status":"active","experimental":true,"date":"2022-10-06T00:00:00+02:00","publisher":"Sundhedsvæsnets Kvalistetsinstitut with Trifork Digital Health A/S","contact":[{"name":"Sundhedsvæsnets Kvalistetsinstitut with Trifork Digital Health A/S","telecom":[{"system":"url","value":"https://trifork.com"},{"system":"email","value":"rbk@trifork.com"}]}],"description":"Kirurgisk adgang (DSR)","compose":{"include":[{"system":"https://kip.rkkp.dk/fhir/CodeSystem/IncisionChoice","concept":[{"code":"delto_pectoral","display":"Delto-pectoral"},{"code":"mackenzie","display":"Antero-superior (MacKenzie)"}]},{"system":"https://kip.rkkp.dk/fhir/CodeSystem/GenericValues","concept":[{"code":"other","display":"Anden"}]}]}}