{"resourceType":"ValueSet","id":"InterventionsgruppeDialyseHaemoDNSL","text":{"status":"extensions","div":"<div xmlns=\"http://www.w3.org/1999/xhtml\"><p class=\"res-header-id\"><b>Generated Narrative: ValueSet InterventionsgruppeDialyseHaemoDNSL</b></p><a name=\"InterventionsgruppeDialyseHaemoDNSL\"> </a><a name=\"hcInterventionsgruppeDialyseHaemoDNSL\"> </a><a name=\"InterventionsgruppeDialyseHaemoDNSL-en-US\"> </a><ul><li>Include these codes as defined in <a href=\"CodeSystem-Interventionsgruppe.html\"><code>https://kip.rkkp.dk/fhir/CodeSystem/Interventionsgruppe</code></a><table class=\"none\"><tr><td style=\"white-space:nowrap\"><b>Code</b></td><td><b>Display</b></td><td><b>Definition</b></td></tr><tr><td><a href=\"CodeSystem-Interventionsgruppe.html#Interventionsgruppe-310\">310</a></td><td>Hæmodialyse</td><td>Hæmodialyse</td></tr><tr><td><a href=\"CodeSystem-Interventionsgruppe.html#Interventionsgruppe-110\">110</a></td><td>Genvunden funktion</td><td>Genvunden funktion</td></tr><tr><td><a href=\"CodeSystem-Interventionsgruppe.html#Interventionsgruppe-100\">100</a></td><td>Ophør med aktiv behandling</td><td>Ophør med aktiv behandling</td></tr></table></li></ul></div>"},"url":"https://kip.rkkp.dk/fhir/ValueSet/InterventionsgruppeDialyseHaemoDNSL","version":"2.9.1","name":"InterventionsgruppeDialyseHaemoDNSL","title":"Interventionsgruppe Hæmodialyse (DNSL)","status":"active","experimental":true,"date":"2024-01-10T00:00:00+02:00","publisher":"Sundhedsvæsnets Kvalistetsinstitut with Trifork Digital Health A/S","contact":[{"name":"Sundhedsvæsnets Kvalistetsinstitut with Trifork Digital Health A/S","telecom":[{"system":"url","value":"https://trifork.com"},{"system":"email","value":"rbk@trifork.com"}]}],"description":"Interventionsgruppe Hæmodialyse (DNSL)","compose":{"include":[{"system":"https://kip.rkkp.dk/fhir/CodeSystem/Interventionsgruppe","concept":[{"code":"310","display":"Hæmodialyse"},{"code":"110","display":"Genvunden funktion"},{"code":"100","display":"Ophør med aktiv behandling"}]}]}}