<?xml version="1.0" encoding="UTF-8"?><CodeSystem xmlns="http://hl7.org/fhir"><id value="StraalebehandlingTA"/><text><status value="generated"/><div xmlns="http://www.w3.org/1999/xhtml"><p class="res-header-id"><b>Generated Narrative: CodeSystem StraalebehandlingTA</b></p><a name="StraalebehandlingTA"> </a><a name="hcStraalebehandlingTA"> </a><a name="StraalebehandlingTA-en-US"> </a><p>This  code system <code>https://kip.rkkp.dk/fhir/CodeSystem/StraalebehandlingTA</code> defines the following codes:</p><table class="codes"><tr><td style="white-space:nowrap"><b>Code</b></td><td><b>Display</b></td><td><b>Definition</b></td></tr><tr><td style="white-space:nowrap">priTum<a name="StraalebehandlingTA-priTum"> </a></td><td>Primær tumor</td><td>Hvis den primære tumor var målet</td></tr><tr><td style="white-space:nowrap">kngTast<a name="StraalebehandlingTA-kngTast"> </a></td><td>Knoglemetastase</td><td>Hvis knoglemetastase var målet</td></tr><tr><td style="white-space:nowrap">cns<a name="StraalebehandlingTA-cns"> </a></td><td>CNS</td><td>Hvis CNS var målet</td></tr><tr><td style="white-space:nowrap">anden<a name="StraalebehandlingTA-anden"> </a></td><td>Anden/Ikke specificeret</td><td>Hvis andet eller ikke specificeret mål blev valgt</td></tr></table></div></text><url value="https://kip.rkkp.dk/fhir/CodeSystem/StraalebehandlingTA"/><version value="2.9.3"/><name value="StraalebehandlingTA"/><title value="Strålebehandling mål"/><status value="active"/><date value="2022-05-17T00:00:00+02:00"/><publisher value="Sundhedsvæsenets Kvalitetsinstitut with Trifork Digital Health A/S"/><contact><name value="Sundhedsvæsenets Kvalitetsinstitut with Trifork Digital Health A/S"/><telecom><system value="url"/><value value="https://trifork.com"/></telecom><telecom><system value="email"/><value value="rbk@trifork.com"/></telecom></contact><description value="Mål for strålebehandling"/><content value="complete"/><count value="4"/><concept><code value="priTum"/><display value="Primær tumor"/><definition value="Hvis den primære tumor var målet"/></concept><concept><code value="kngTast"/><display value="Knoglemetastase"/><definition value="Hvis knoglemetastase var målet"/></concept><concept><code value="cns"/><display value="CNS"/><definition value="Hvis CNS var målet"/></concept><concept><code value="anden"/><display value="Anden/Ikke specificeret"/><definition value="Hvis andet eller ikke specificeret mål blev valgt"/></concept></CodeSystem>