<?xml version="1.0" encoding="UTF-8"?><CodeSystem xmlns="http://hl7.org/fhir"><id value="NIHSS5MotorArm"/><text><status value="generated"/><div xmlns="http://www.w3.org/1999/xhtml"><p class="res-header-id"><b>Generated Narrative: CodeSystem NIHSS5MotorArm</b></p><a name="NIHSS5MotorArm"> </a><a name="hcNIHSS5MotorArm"> </a><a name="NIHSS5MotorArm-en-US"> </a><p>This  code system <code>https://kip.rkkp.dk/fhir/CodeSystem/NIHSS5MotorArm</code> defines the following codes:</p><table class="codes"><tr><td style="white-space:nowrap"><b>Code</b></td><td><b>Definition</b></td></tr><tr><td style="white-space:nowrap">0<a name="NIHSS5MotorArm-0"> </a></td><td>No drift; limb holds 90 (or 45) degrees for full 10 seconds.</td></tr><tr><td style="white-space:nowrap">1<a name="NIHSS5MotorArm-1"> </a></td><td>Drift; limb holds 90 (or 45) degrees, but drifts down before full 10 seconds; does not hit bed or other support.</td></tr><tr><td style="white-space:nowrap">2<a name="NIHSS5MotorArm-2"> </a></td><td>Some effort against gravity; limb cannot get to or maintain (if cued) 90 (or 45) degrees, drifts down to bed, but has some effort against gravity.</td></tr><tr><td style="white-space:nowrap">3<a name="NIHSS5MotorArm-3"> </a></td><td>No effort against gravity; limb falls.</td></tr><tr><td style="white-space:nowrap">4<a name="NIHSS5MotorArm-4"> </a></td><td>No movement.</td></tr><tr><td style="white-space:nowrap">5a<a name="NIHSS5MotorArm-5a"> </a></td><td>Left Arm</td></tr><tr><td style="white-space:nowrap">5b<a name="NIHSS5MotorArm-5b"> </a></td><td>Right Arm</td></tr><tr><td style="white-space:nowrap">UN<a name="NIHSS5MotorArm-UN"> </a></td><td>Amputation or joint fusion, explain:</td></tr></table></div></text><url value="https://kip.rkkp.dk/fhir/CodeSystem/NIHSS5MotorArm"/><version value="2.9.0"/><name value="NIHSS5MotorArm"/><title value="The National Institute of Health Stroke Scale (NIHSS) - 5. Motor Arm"/><status value="active"/><date value="2022-06-23T00:00:00+02:00"/><publisher value="Sundhedsvæsnets Kvalistetsinstitut with Trifork Digital Health A/S"/><contact><name value="Sundhedsvæsnets Kvalistetsinstitut with Trifork Digital Health A/S"/><telecom><system value="url"/><value value="https://trifork.com"/></telecom><telecom><system value="email"/><value value="rbk@trifork.com"/></telecom></contact><description value="The National Institute of Health Stroke Scale (NIHSS) - 5. Motor Arm; Link: https://www.ninds.nih.gov/stroke-scales-and-related-information"/><content value="complete"/><count value="8"/><concept><code value="0"/><display value="0"/><definition value="No drift; limb holds 90 (or 45) degrees for full 10 seconds."/></concept><concept><code value="1"/><display value="1"/><definition value="Drift; limb holds 90 (or 45) degrees, but drifts down before full 10 seconds; does not hit bed or other support."/></concept><concept><code value="2"/><display value="2"/><definition value="Some effort against gravity; limb cannot get to or maintain (if cued) 90 (or 45) degrees, drifts down to bed, but has some effort against gravity."/></concept><concept><code value="3"/><display value="3"/><definition value="No effort against gravity; limb falls."/></concept><concept><code value="4"/><display value="4"/><definition value="No movement."/></concept><concept><code value="5a"/><display value="5a"/><definition value="Left Arm"/></concept><concept><code value="5b"/><display value="5b"/><definition value="Right Arm"/></concept><concept><code value="UN"/><display value="UN"/><definition value="Amputation or joint fusion, explain:"/></concept></CodeSystem>