<?xml version="1.0" encoding="UTF-8"?><CodeSystem xmlns="http://hl7.org/fhir"><id value="AneurysmSizeScale"/><text><status value="generated"/><div xmlns="http://www.w3.org/1999/xhtml"><p class="res-header-id"><b>Generated Narrative: CodeSystem AneurysmSizeScale</b></p><a name="AneurysmSizeScale"> </a><a name="hcAneurysmSizeScale"> </a><a name="AneurysmSizeScale-en-US"> </a><p>This  code system <code>https://kip.rkkp.dk/fhir/CodeSystem/AneurysmSizeScale</code> provides <b>a fragment</b> that includes following codes:</p><table class="codes"><tr><td style="white-space:nowrap"><b>Code</b></td><td><b>Display</b></td><td><b>Definition</b></td></tr><tr><td style="white-space:nowrap">gt25<a name="AneurysmSizeScale-gt25"> </a></td><td>&gt;25 mm</td><td>&gt;25 mm</td></tr><tr><td style="white-space:nowrap">ge12le25<a name="AneurysmSizeScale-ge12le25"> </a></td><td>&gt;=12 mm, =&lt;25 mm</td><td>&gt;=12 mm, =&lt;25 mm</td></tr><tr><td style="white-space:nowrap">ge7lt12<a name="AneurysmSizeScale-ge7lt12"> </a></td><td>&gt;=7 mm, &lt;12 mm</td><td>&gt;=7 mm, &lt;12 mm</td></tr><tr><td style="white-space:nowrap">lt7<a name="AneurysmSizeScale-lt7"> </a></td><td>&lt;7 mm</td><td>&lt;7 mm</td></tr></table></div></text><url value="https://kip.rkkp.dk/fhir/CodeSystem/AneurysmSizeScale"/><version value="2.9.3"/><name value="AneurysmSizeScale"/><title value="Aneurysm size scale (SAH)"/><status value="active"/><date value="2022-06-14T00:00:00+02:00"/><publisher value="Sundhedsvæsenets Kvalitetsinstitut with Trifork Digital Health A/S"/><contact><name value="Sundhedsvæsenets Kvalitetsinstitut with Trifork Digital Health A/S"/><telecom><system value="url"/><value value="https://trifork.com"/></telecom><telecom><system value="email"/><value value="rbk@trifork.com"/></telecom></contact><description value="Aneurysm size scale (SAH)"/><content value="fragment"/><count value="4"/><concept><code value="gt25"/><display value="&gt;25 mm"/><definition value="&gt;25 mm"/></concept><concept><code value="ge12le25"/><display value="&gt;=12 mm, =&lt;25 mm"/><definition value="&gt;=12 mm, =&lt;25 mm"/></concept><concept><code value="ge7lt12"/><display value="&gt;=7 mm, &lt;12 mm"/><definition value="&gt;=7 mm, &lt;12 mm"/></concept><concept><code value="lt7"/><display value="&lt;7 mm"/><definition value="&lt;7 mm"/></concept></CodeSystem>