<?xml version="1.0" encoding="UTF-8"?><CodeSystem xmlns="http://hl7.org/fhir"><id value="MedicalFixationClosing"/><text><status value="generated"/><div xmlns="http://www.w3.org/1999/xhtml"><p class="res-header-id"><b>Generated Narrative: CodeSystem MedicalFixationClosing</b></p><a name="MedicalFixationClosing"> </a><a name="hcMedicalFixationClosing"> </a><a name="MedicalFixationClosing-en-US"> </a><p>This case-insensitive code system <code>https://kip.sundk.dk/fhir/CodeSystem/MedicalFixationClosing</code> provides <b>a fragment</b> that includes following codes in an undefined hierarchy:</p><table class="codes"><tr><td><b>Lvl</b></td><td style="white-space:nowrap"><b>Code</b></td><td><b>Display</b></td><td><b>Definition</b></td></tr><tr><td>1</td><td style="white-space:nowrap">suture<a name="MedicalFixationClosing-suture"> </a></td><td>Suture</td><td>Suture / Sutur / SNODMED-CT: 408099007</td></tr><tr><td>2</td><td style="white-space:nowrap">  not_self_locking<a name="MedicalFixationClosing-not_self_locking"> </a></td><td>Not self-locking</td><td>Not self-locking / Ikke selvlåsende</td></tr><tr><td>2</td><td style="white-space:nowrap">  self_locking<a name="MedicalFixationClosing-self_locking"> </a></td><td>Self-locking</td><td>Self-locking / Selvlåsende</td></tr><tr><td>3</td><td style="white-space:nowrap">    v_loc<a name="MedicalFixationClosing-v_loc"> </a></td><td>Self-locking (V-LOC)</td><td>Self-locking (V-LOC) / Selflåsende (V-LOC)</td></tr><tr><td>3</td><td style="white-space:nowrap">    stratafix<a name="MedicalFixationClosing-stratafix"> </a></td><td>Self-locking (Stratafix)</td><td>Self-locking (Stratafix) / Selflåsende (Stratafix)</td></tr><tr><td>2</td><td style="white-space:nowrap">  multifilament<a name="MedicalFixationClosing-multifilament"> </a></td><td>Multifilament</td><td>Multifilament</td></tr><tr><td>3</td><td style="white-space:nowrap">    ethibond<a name="MedicalFixationClosing-ethibond"> </a></td><td>Ethibond</td><td>Ethibond</td></tr><tr><td>3</td><td style="white-space:nowrap">    mersilene<a name="MedicalFixationClosing-mersilene"> </a></td><td>Mersilene</td><td>Mersilene</td></tr><tr><td>3</td><td style="white-space:nowrap">    vicryl<a name="MedicalFixationClosing-vicryl"> </a></td><td>Vicryl</td><td>Vicryl</td></tr><tr><td>2</td><td style="white-space:nowrap">  monofilament<a name="MedicalFixationClosing-monofilament"> </a></td><td>Monofilament</td><td>Monofilament</td></tr><tr><td>3</td><td style="white-space:nowrap">    pds<a name="MedicalFixationClosing-pds"> </a></td><td>PDS</td><td>PDS</td></tr><tr><td>3</td><td style="white-space:nowrap">    dexon<a name="MedicalFixationClosing-dexon"> </a></td><td>Dexon</td><td>Dexon</td></tr><tr><td>3</td><td style="white-space:nowrap">    maxon<a name="MedicalFixationClosing-maxon"> </a></td><td>Maxon</td><td>Maxon</td></tr><tr><td>3</td><td style="white-space:nowrap">    monocryl<a name="MedicalFixationClosing-monocryl"> </a></td><td>Monocryl</td><td>Monocryl</td></tr><tr><td>3</td><td style="white-space:nowrap">    monoplus<a name="MedicalFixationClosing-monoplus"> </a></td><td>MonoPlus</td><td>MonoPlus</td></tr><tr><td>3</td><td style="white-space:nowrap">    momomax<a name="MedicalFixationClosing-momomax"> </a></td><td>MonoMax</td><td>MonoMax</td></tr><tr><td>3</td><td style="white-space:nowrap">    nylon<a name="MedicalFixationClosing-nylon"> </a></td><td>Nylon</td><td>Nylon</td></tr><tr><td>3</td><td style="white-space:nowrap">    prolene<a name="MedicalFixationClosing-prolene"> </a></td><td>Prolene</td><td>Prolene</td></tr><tr><td>2</td><td style="white-space:nowrap">  fast_resorbable<a name="MedicalFixationClosing-fast_resorbable"> </a></td><td>Fast resorbable</td><td>Fast resorbable / Hurtig resorberbar</td></tr><tr><td>2</td><td style="white-space:nowrap">  slow_resorbable<a name="MedicalFixationClosing-slow_resorbable"> </a></td><td>Slow resorbable</td><td>Slow resorbable / Langsom resorberbar</td></tr><tr><td>2</td><td style="white-space:nowrap">  non_resorbable<a name="MedicalFixationClosing-non_resorbable"> </a></td><td>Non resorbable</td><td>Non resorbable / Non-resorberbar</td></tr><tr><td>2</td><td style="white-space:nowrap">  intracutaneous<a name="MedicalFixationClosing-intracutaneous"> </a></td><td>Intracutaneous</td><td>Intracutaneous / Intrakutan</td></tr><tr><td>2</td><td style="white-space:nowrap">  not_intracutaneous<a name="MedicalFixationClosing-not_intracutaneous"> </a></td><td>Not intracutaneous</td><td>Not intracutaneous / Ikke intrakutan</td></tr><tr><td>1</td><td style="white-space:nowrap">tack<a name="MedicalFixationClosing-tack"> </a></td><td>Tack</td><td>Tack / SNOMED-CT: 705723004</td></tr><tr><td>2</td><td style="white-space:nowrap">  absorbable<a name="MedicalFixationClosing-absorbable"> </a></td><td>Absorbable</td><td>Absorbable / Absorberbar</td></tr><tr><td>3</td><td style="white-space:nowrap">    absorbatack<a name="MedicalFixationClosing-absorbatack"> </a></td><td>Absorbatack</td><td>Absorbatack</td></tr><tr><td>3</td><td style="white-space:nowrap">    optifix<a name="MedicalFixationClosing-optifix"> </a></td><td>Optifix</td><td>Optifix</td></tr><tr><td>3</td><td style="white-space:nowrap">    reliatack<a name="MedicalFixationClosing-reliatack"> </a></td><td>Reliatack</td><td>Reliatack</td></tr><tr><td>3</td><td style="white-space:nowrap">    securestrap<a name="MedicalFixationClosing-securestrap"> </a></td><td>Securestrap</td><td>Securestrap</td></tr><tr><td>2</td><td style="white-space:nowrap">  non_absorbable<a name="MedicalFixationClosing-non_absorbable"> </a></td><td>Non-absorbable</td><td>Non-absorbable / Non-absorberbar</td></tr><tr><td>3</td><td style="white-space:nowrap">    capsure<a name="MedicalFixationClosing-capsure"> </a></td><td>Capsure</td><td>Capsure</td></tr><tr><td>3</td><td style="white-space:nowrap">    protack<a name="MedicalFixationClosing-protack"> </a></td><td>Protack</td><td>Protack</td></tr><tr><td>1</td><td style="white-space:nowrap">clip<a name="MedicalFixationClosing-clip"> </a></td><td>Clip</td><td>Clip / Clip / SNOMED-CT: 77720000</td></tr><tr><td>1</td><td style="white-space:nowrap">surgical_glue<a name="MedicalFixationClosing-surgical_glue"> </a></td><td>Surgical glue</td><td>Surgical glue / Kirurgisk lim / SNOMED-CT: 303532007</td></tr><tr><td>2</td><td style="white-space:nowrap">  histoacryl<a name="MedicalFixationClosing-histoacryl"> </a></td><td>Histoacryl</td><td>Histoacryl</td></tr><tr><td>2</td><td style="white-space:nowrap">  tisseel<a name="MedicalFixationClosing-tisseel"> </a></td><td>Tisseel</td><td>Tisseel</td></tr><tr><td>1</td><td style="white-space:nowrap">self_fixative_mesh<a name="MedicalFixationClosing-self_fixative_mesh"> </a></td><td>Self-fixative mesh</td><td>Self-fixative mesh / Selvfikserende mesh</td></tr><tr><td>1</td><td style="white-space:nowrap">surgical_staple<a name="MedicalFixationClosing-surgical_staple"> </a></td><td>Surgical staple</td><td>Surgical staple / Kirurgisk hæfteklamme / SNOMED-CT: 386014009</td></tr><tr><td>1</td><td style="white-space:nowrap">combi_fixation<a name="MedicalFixationClosing-combi_fixation"> </a></td><td>Combined fixation methods</td><td>Kombinerede fiksationer</td></tr><tr><td>2</td><td style="white-space:nowrap">  tack_sutur<a name="MedicalFixationClosing-tack_sutur"> </a></td><td>Tack + suture</td><td>Tack + sutur</td></tr><tr><td>2</td><td style="white-space:nowrap">  glue_sutur<a name="MedicalFixationClosing-glue_sutur"> </a></td><td>Glue + suture</td><td>Lim + sutur</td></tr><tr><td>2</td><td style="white-space:nowrap">  glue_tack_clip<a name="MedicalFixationClosing-glue_tack_clip"> </a></td><td>Glue + tack/clip</td><td>Lim + Tack/clips</td></tr></table></div></text><url value="https://kip.sundk.dk/fhir/CodeSystem/MedicalFixationClosing"/><version value="0.0.9"/><name value="MedicalFixationClosing"/><title value="Medical fixation and closing"/><status value="active"/><date value="2022-07-20T00:00:00+02:00"/><publisher value="Sundhedsvæsnets Kvalistetsinstitut with Trifork Public A/S"/><contact><name value="Sundhedsvæsnets Kvalistetsinstitut with Trifork Public A/S"/><telecom><system value="url"/><value value="https://trifork.com"/></telecom><telecom><system value="email"/><value value="rbk@trifork.com"/></telecom></contact><description value="Medical fixation and closing"/><caseSensitive value="false"/><content value="fragment"/><concept><code value="suture"/><display value="Suture"/><definition value="Suture / Sutur / SNODMED-CT: 408099007"/><concept><code value="not_self_locking"/><display value="Not self-locking"/><definition value="Not self-locking / Ikke selvlåsende"/></concept><concept><code value="self_locking"/><display value="Self-locking"/><definition value="Self-locking / Selvlåsende"/><concept><code value="v_loc"/><display value="Self-locking (V-LOC)"/><definition value="Self-locking (V-LOC) / Selflåsende (V-LOC)"/></concept><concept><code value="stratafix"/><display value="Self-locking (Stratafix)"/><definition value="Self-locking (Stratafix) / Selflåsende (Stratafix)"/></concept></concept><concept><code value="multifilament"/><display value="Multifilament"/><definition value="Multifilament"/><concept><code value="ethibond"/><display value="Ethibond"/><definition value="Ethibond"/></concept><concept><code value="mersilene"/><display value="Mersilene"/><definition value="Mersilene"/></concept><concept><code value="vicryl"/><display value="Vicryl"/><definition value="Vicryl"/></concept></concept><concept><code value="monofilament"/><display value="Monofilament"/><definition value="Monofilament"/><concept><code value="pds"/><display value="PDS"/><definition value="PDS"/></concept><concept><code value="dexon"/><display value="Dexon"/><definition value="Dexon"/></concept><concept><code value="maxon"/><display value="Maxon"/><definition value="Maxon"/></concept><concept><code value="monocryl"/><display value="Monocryl"/><definition value="Monocryl"/></concept><concept><code value="monoplus"/><display value="MonoPlus"/><definition value="MonoPlus"/></concept><concept><code value="momomax"/><display value="MonoMax"/><definition value="MonoMax"/></concept><concept><code value="nylon"/><display value="Nylon"/><definition value="Nylon"/></concept><concept><code value="prolene"/><display value="Prolene"/><definition value="Prolene"/></concept></concept><concept><code value="fast_resorbable"/><display value="Fast resorbable"/><definition value="Fast resorbable / Hurtig resorberbar"/></concept><concept><code value="slow_resorbable"/><display value="Slow resorbable"/><definition value="Slow resorbable / Langsom resorberbar"/></concept><concept><code value="non_resorbable"/><display value="Non resorbable"/><definition value="Non resorbable / Non-resorberbar"/></concept><concept><code value="intracutaneous"/><display value="Intracutaneous"/><definition value="Intracutaneous / Intrakutan"/></concept><concept><code value="not_intracutaneous"/><display value="Not intracutaneous"/><definition value="Not intracutaneous / Ikke intrakutan"/></concept></concept><concept><code value="tack"/><display value="Tack"/><definition value="Tack / SNOMED-CT: 705723004"/><concept><code value="absorbable"/><display value="Absorbable"/><definition value="Absorbable / Absorberbar"/><concept><code value="absorbatack"/><display value="Absorbatack"/><definition value="Absorbatack"/></concept><concept><code value="optifix"/><display value="Optifix"/><definition value="Optifix"/></concept><concept><code value="reliatack"/><display value="Reliatack"/><definition value="Reliatack"/></concept><concept><code value="securestrap"/><display value="Securestrap"/><definition value="Securestrap"/></concept></concept><concept><code value="non_absorbable"/><display value="Non-absorbable"/><definition value="Non-absorbable / Non-absorberbar"/><concept><code value="capsure"/><display value="Capsure"/><definition value="Capsure"/></concept><concept><code value="protack"/><display value="Protack"/><definition value="Protack"/></concept></concept></concept><concept><code value="clip"/><display value="Clip"/><definition value="Clip / Clip / SNOMED-CT: 77720000"/></concept><concept><code value="surgical_glue"/><display value="Surgical glue"/><definition value="Surgical glue / Kirurgisk lim / SNOMED-CT: 303532007"/><concept><code value="histoacryl"/><display value="Histoacryl"/><definition value="Histoacryl"/></concept><concept><code value="tisseel"/><display value="Tisseel"/><definition value="Tisseel"/></concept></concept><concept><code value="self_fixative_mesh"/><display value="Self-fixative mesh"/><definition value="Self-fixative mesh / Selvfikserende mesh"/></concept><concept><code value="surgical_staple"/><display value="Surgical staple"/><definition value="Surgical staple / Kirurgisk hæfteklamme / SNOMED-CT: 386014009"/></concept><concept><code value="combi_fixation"/><display value="Combined fixation methods"/><definition value="Kombinerede fiksationer"/><concept><code value="tack_sutur"/><display value="Tack + suture"/><definition value="Tack + sutur"/></concept><concept><code value="glue_sutur"/><display value="Glue + suture"/><definition value="Lim + sutur"/></concept><concept><code value="glue_tack_clip"/><display value="Glue + tack/clip"/><definition value="Lim + Tack/clips"/></concept></concept></CodeSystem>