<?xml version="1.0" encoding="UTF-8"?><CodeSystem xmlns="http://hl7.org/fhir"><id value="CoronaryArteryGraph"/><text><status value="generated"/><div xmlns="http://www.w3.org/1999/xhtml"><p class="res-header-id"><b>Generated Narrative: CodeSystem CoronaryArteryGraph</b></p><a name="CoronaryArteryGraph"> </a><a name="hcCoronaryArteryGraph"> </a><a name="CoronaryArteryGraph-en-US"> </a><p>This  code system <code>https://kip.rkkp.dk/fhir/CodeSystem/CoronaryArteryGraph</code> defines the following codes:</p><table class="codes"><tr><td style="white-space:nowrap"><b>Code</b></td><td><b>Display</b></td><td><b>Definition</b></td></tr><tr><td style="white-space:nowrap">coronary_artery_graph_instant_KAG<a name="CoronaryArteryGraph-coronary_artery_graph_instant_KAG"> </a></td><td>Instant KAG</td><td>Do a KAG Instantantly</td></tr><tr><td style="white-space:nowrap">coronary_artery_graph_high_risk<a name="CoronaryArteryGraph-coronary_artery_graph_high_risk"> </a></td><td>High risk KAG</td><td>Do a KAG within 24 hours</td></tr><tr><td style="white-space:nowrap">coronary_artery_graph_low_risk<a name="CoronaryArteryGraph-coronary_artery_graph_low_risk"> </a></td><td>Low risk KAG</td><td>Selectiv strategy</td></tr><tr><td style="white-space:nowrap">coronary_artery_graph_unknown_risk<a name="CoronaryArteryGraph-coronary_artery_graph_unknown_risk"> </a></td><td>No risk assesment</td><td>Assment that KAG isnt relevent</td></tr></table></div></text><url value="https://kip.rkkp.dk/fhir/CodeSystem/CoronaryArteryGraph"/><version value="0.1.6"/><name value="CoronaryArteryGraph"/><title value="KAG risk assesment"/><status value="active"/><date value="2022-05-31T00:00:00+02:00"/><publisher value="Sundhedsvæsnets Kvalistetsinstitut with Trifork Digital Health A/S"/><contact><name value="Sundhedsvæsnets Kvalistetsinstitut with Trifork Digital Health A/S"/><telecom><system value="url"/><value value="https://trifork.com"/></telecom><telecom><system value="email"/><value value="rbk@trifork.com"/></telecom></contact><description value="Should the patient get a KAG"/><content value="complete"/><count value="4"/><concept><code value="coronary_artery_graph_instant_KAG"/><display value="Instant KAG"/><definition value="Do a KAG Instantantly"/></concept><concept><code value="coronary_artery_graph_high_risk"/><display value="High risk KAG"/><definition value="Do a KAG within 24 hours"/></concept><concept><code value="coronary_artery_graph_low_risk"/><display value="Low risk KAG"/><definition value="Selectiv strategy"/></concept><concept><code value="coronary_artery_graph_unknown_risk"/><display value="No risk assesment"/><definition value="Assment that KAG isnt relevent"/></concept></CodeSystem>