<?xml version="1.0" encoding="UTF-8"?><CodeSystem xmlns="http://hl7.org/fhir"><id value="KellgrenLawrenceKlassifikation"/><text><status value="generated"/><div xmlns="http://www.w3.org/1999/xhtml"><p class="res-header-id"><b>Generated Narrative: CodeSystem KellgrenLawrenceKlassifikation</b></p><a name="KellgrenLawrenceKlassifikation"> </a><a name="hcKellgrenLawrenceKlassifikation"> </a><a name="KellgrenLawrenceKlassifikation-en-US"> </a><p>This case-insensitive code system <code>https://kip.rkkp.dk/fhir/CodeSystem/KellgrenLawrenceKlassifikation</code> defines the following codes:</p><table class="codes"><tr><td style="white-space:nowrap"><b>Code</b></td><td><b>Display</b></td><td><b>Definition</b></td></tr><tr><td style="white-space:nowrap">tvivlsom<a name="KellgrenLawrenceKlassifikation-tvivlsom"> </a></td><td>Tvivlsom (normal ledspalte)</td><td>Tvivlsom (normal ledspalte)</td></tr><tr><td style="white-space:nowrap">mild<a name="KellgrenLawrenceKlassifikation-mild"> </a></td><td>Mild (osteofyt dannelse, normal ledspalte)</td><td>Mild (osteofyt dannelse, normal ledspalte)</td></tr><tr><td style="white-space:nowrap">moderat<a name="KellgrenLawrenceKlassifikation-moderat"> </a></td><td>Moderat (reduktion af ledspalte)</td><td>Moderat (reduktion af ledspalte)</td></tr><tr><td style="white-space:nowrap">svaer<a name="KellgrenLawrenceKlassifikation-svaer"> </a></td><td>Svær (markant reduktion af ledspalte)</td><td>Svær (markant reduktion af ledspalte)</td></tr></table></div></text><url value="https://kip.rkkp.dk/fhir/CodeSystem/KellgrenLawrenceKlassifikation"/><version value="0.1.6"/><name value="KellgrenLawrenceKlassifikation"/><title value="Kellgren-Lawrence Klassifikation"/><status value="active"/><date value="2023-12-19T00:00:00+02:00"/><publisher value="Sundhedsvæsnets Kvalistetsinstitut with Trifork Digital Health A/S"/><contact><name value="Sundhedsvæsnets Kvalistetsinstitut with Trifork Digital Health A/S"/><telecom><system value="url"/><value value="https://trifork.com"/></telecom><telecom><system value="email"/><value value="rbk@trifork.com"/></telecom></contact><description value="Kellgren-Lawrence Klassifikation"/><caseSensitive value="false"/><content value="complete"/><count value="4"/><concept><code value="tvivlsom"/><display value="Tvivlsom (normal ledspalte)"/><definition value="Tvivlsom (normal ledspalte)"/></concept><concept><code value="mild"/><display value="Mild (osteofyt dannelse, normal ledspalte)"/><definition value="Mild (osteofyt dannelse, normal ledspalte)"/></concept><concept><code value="moderat"/><display value="Moderat (reduktion af ledspalte)"/><definition value="Moderat (reduktion af ledspalte)"/></concept><concept><code value="svaer"/><display value="Svær (markant reduktion af ledspalte)"/><definition value="Svær (markant reduktion af ledspalte)"/></concept></CodeSystem>