<?xml version="1.0" encoding="UTF-8"?><CodeSystem xmlns="http://hl7.org/fhir"><id value="MDTNotFollowed"/><text><status value="generated"/><div xmlns="http://www.w3.org/1999/xhtml"><p class="res-header-id"><b>Generated Narrative: CodeSystem MDTNotFollowed</b></p><a name="MDTNotFollowed"> </a><a name="hcMDTNotFollowed"> </a><a name="MDTNotFollowed-en-US"> </a><p>This  code system <code>https://kip.rkkp.dk/fhir/CodeSystem/MDTNotFollowed</code> defines the following codes:</p><table class="codes"><tr><td style="white-space:nowrap"><b>Code</b></td><td><b>Display</b></td><td><b>Definition</b></td></tr><tr><td style="white-space:nowrap">wishfornotreatment<a name="MDTNotFollowed-wishfornotreatment"> </a></td><td>Ønsker ikke behandlingen</td><td>Patienten ønsker ikke behandlingen</td></tr><tr><td style="white-space:nowrap">nonoperable<a name="MDTNotFollowed-nonoperable"> </a></td><td>Non-operabel</td><td>Patienten er blevet non-operabel</td></tr><tr><td style="white-space:nowrap">nonresectable<a name="MDTNotFollowed-nonresectable"> </a></td><td>Non-resektabel</td><td>Patienten er blevet non-resektabel</td></tr><tr><td style="white-space:nowrap">death<a name="MDTNotFollowed-death"> </a></td><td>Død</td><td>Patienten er død</td></tr></table></div></text><url value="https://kip.rkkp.dk/fhir/CodeSystem/MDTNotFollowed"/><version value="2.9.0"/><name value="MDTNotFollowed"/><title value="Reasons for MDT-decision not followed"/><status value="active"/><date value="2022-06-03T00:00:00+02:00"/><publisher value="Sundhedsvæsnets Kvalistetsinstitut with Trifork Digital Health A/S"/><contact><name value="Sundhedsvæsnets Kvalistetsinstitut with Trifork Digital Health A/S"/><telecom><system value="url"/><value value="https://trifork.com"/></telecom><telecom><system value="email"/><value value="rbk@trifork.com"/></telecom></contact><description value="Årsagen til hvorfor MDT-beslutning (Multidisciplinære Teamkonferencer) ikke er fuldt"/><content value="complete"/><count value="4"/><concept><code value="wishfornotreatment"/><display value="Ønsker ikke behandlingen"/><definition value="Patienten ønsker ikke behandlingen"/></concept><concept><code value="nonoperable"/><display value="Non-operabel"/><definition value="Patienten er blevet non-operabel"/></concept><concept><code value="nonresectable"/><display value="Non-resektabel"/><definition value="Patienten er blevet non-resektabel"/></concept><concept><code value="death"/><display value="Død"/><definition value="Patienten er død"/></concept></CodeSystem>