<?xml version="1.0" encoding="UTF-8"?><CodeSystem xmlns="http://hl7.org/fhir"><id value="ASAClassification"/><text><status value="generated"/><div xmlns="http://www.w3.org/1999/xhtml"><p class="res-header-id"><b>Generated Narrative: CodeSystem ASAClassification</b></p><a name="ASAClassification"> </a><a name="hcASAClassification"> </a><a name="ASAClassification-en-US"> </a><p>This  code system <code>https://kip.rkkp.dk/fhir/CodeSystem/ASAClassification</code> defines the following codes:</p><table class="codes"><tr><td style="white-space:nowrap"><b>Code</b></td><td><b>Display</b></td><td><b>Definition</b></td></tr><tr><td style="white-space:nowrap">asai<a name="ASAClassification-asai"> </a></td><td>ASA I</td><td>A normal healthy patient</td></tr><tr><td style="white-space:nowrap">asaii<a name="ASAClassification-asaii"> </a></td><td>ASA II</td><td>A patient with mild systemic disease</td></tr><tr><td style="white-space:nowrap">asaiii<a name="ASAClassification-asaiii"> </a></td><td>ASA III</td><td>A patient with severe systemic disease</td></tr><tr><td style="white-space:nowrap">asaiv<a name="ASAClassification-asaiv"> </a></td><td>ASA IV</td><td>A patient with severe systemic disease that is a constant threat to life</td></tr><tr><td style="white-space:nowrap">asav<a name="ASAClassification-asav"> </a></td><td>ASA V</td><td>A moribund patient who is not expected to survive without the operation</td></tr><tr><td style="white-space:nowrap">asavi<a name="ASAClassification-asavi"> </a></td><td>ASA VI</td><td>A declared brain-dead patient whose organs are being removed for donor purposes</td></tr></table></div></text><url value="https://kip.rkkp.dk/fhir/CodeSystem/ASAClassification"/><version value="0.1.8"/><name value="ASAClassification"/><title value="ASA Physical Status Classification System"/><status value="active"/><date value="2022-05-31T00:00:00+02:00"/><publisher value="Sundhedsvæsnets Kvalistetsinstitut with Trifork Digital Health A/S"/><contact><name value="Sundhedsvæsnets Kvalistetsinstitut with Trifork Digital Health A/S"/><telecom><system value="url"/><value value="https://trifork.com"/></telecom><telecom><system value="email"/><value value="rbk@trifork.com"/></telecom></contact><description value="Score udviklet til vurdering af det fysiske helbred. Link: https://www.asahq.org/standards-and-guidelines/asa-physical-status-classification-system"/><content value="complete"/><count value="6"/><concept><code value="asai"/><display value="ASA I"/><definition value="A normal healthy patient"/></concept><concept><code value="asaii"/><display value="ASA II"/><definition value="A patient with mild systemic disease"/></concept><concept><code value="asaiii"/><display value="ASA III"/><definition value="A patient with severe systemic disease"/></concept><concept><code value="asaiv"/><display value="ASA IV"/><definition value="A patient with severe systemic disease that is a constant threat to life"/></concept><concept><code value="asav"/><display value="ASA V"/><definition value="A moribund patient who is not expected to survive without the operation"/></concept><concept><code value="asavi"/><display value="ASA VI"/><definition value="A declared brain-dead patient whose organs are being removed for donor purposes"/></concept></CodeSystem>