<?xml version="1.0" encoding="UTF-8"?><CodeSystem xmlns="http://hl7.org/fhir"><id value="Complications"/><text><status value="generated"/><div xmlns="http://www.w3.org/1999/xhtml"><p class="res-header-id"><b>Generated Narrative: CodeSystem Complications</b></p><a name="Complications"> </a><a name="hcComplications"> </a><a name="Complications-en-US"> </a><p>This case-insensitive code system <code>https://kip.rkkp.dk/fhir/CodeSystem/Complications</code> defines the following codes in an undefined hierarchy:</p><table class="codes"><tr><td><b>Lvl</b></td><td style="white-space:nowrap"><b>Code</b></td><td><b>Display</b></td><td><b>Definition</b></td></tr><tr><td>1</td><td style="white-space:nowrap">ami<a name="Complications-ami"> </a></td><td>AMI</td><td>AMI - Myocardieinfarkt</td></tr><tr><td>1</td><td style="white-space:nowrap">chylothorax<a name="Complications-chylothorax"> </a></td><td>Chylothorax</td><td>Chylothorax</td></tr><tr><td>1</td><td style="white-space:nowrap">fascierupture<a name="Complications-fascierupture"> </a></td><td>Fascieruptur</td><td>Fascieruptur</td></tr><tr><td>1</td><td style="white-space:nowrap">ileus<a name="Complications-ileus"> </a></td><td>Ileus</td><td>Ileus</td></tr><tr><td>1</td><td style="white-space:nowrap">intrathoracicbleeding<a name="Complications-intrathoracicbleeding"> </a></td><td>Intrathorakal blødning</td><td>Intrathorakal blødning</td></tr><tr><td>1</td><td style="white-space:nowrap">intraabdominalabscess<a name="Complications-intraabdominalabscess"> </a></td><td>Intraabdominal absces</td><td>Intraabdominal absces</td></tr><tr><td>1</td><td style="white-space:nowrap">intraabdominalbleeding<a name="Complications-intraabdominalbleeding"> </a></td><td>Intraabdominal blødning</td><td>Intraabdominal blødning</td></tr><tr><td>1</td><td style="white-space:nowrap">pulmonaryembolism<a name="Complications-pulmonaryembolism"> </a></td><td>Lungeemboli</td><td>Lungeemboli</td></tr><tr><td>1</td><td style="white-space:nowrap">perforation<a name="Complications-perforation"> </a></td><td>Perforation</td><td>Perforation</td></tr><tr><td>2</td><td style="white-space:nowrap">  bloodvessel/aneurysm<a name="Complications-bloodvessel.47aneurysm"> </a></td><td>Kar/anurisme</td><td>Perforation af kar eller aneurisme</td></tr><tr><td>1</td><td style="white-space:nowrap">pleuraexudate<a name="Complications-pleuraexudate"> </a></td><td>Pleuraeksudat</td><td>Pleuraeksudat</td></tr><tr><td>1</td><td style="white-space:nowrap">pneumonia<a name="Complications-pneumonia"> </a></td><td>Pneumoni</td><td>Pneumoni</td></tr><tr><td>1</td><td style="white-space:nowrap">infection<a name="Complications-infection"> </a></td><td>Sårinfektion</td><td>Sårinfektion</td></tr><tr><td>1</td><td style="white-space:nowrap">anafylSchock<a name="Complications-anafylSchock"> </a></td><td>Anafylaktisk reaktion/shock</td><td>Anafylaktisk reaktion/shock</td></tr><tr><td>1</td><td style="white-space:nowrap">anInterrupt<a name="Complications-anInterrupt"> </a></td><td>Anæstesi afbrudt</td><td>Anæstesi afbrudt</td></tr><tr><td>1</td><td style="white-space:nowrap">appFailure<a name="Complications-appFailure"> </a></td><td>Apparaturfejl</td><td>Apparaturfejl</td></tr><tr><td>1</td><td style="white-space:nowrap">aspiration<a name="Complications-aspiration"> </a></td><td>Aspiration</td><td>Aspiration</td></tr><tr><td>1</td><td style="white-space:nowrap">duraptAcc<a name="Complications-duraptAcc"> </a></td><td>Durapunktur accidentel</td><td>Durapunktur accidentel</td></tr><tr><td>1</td><td style="white-space:nowrap">heartFail<a name="Complications-heartFail"> </a></td><td>Hjertestop</td><td>Hjertestop</td></tr><tr><td>1</td><td style="white-space:nowrap">huskeAN<a name="Complications-huskeAN"> </a></td><td>Huskeanæstesi</td><td>Huskeanæstesi</td></tr><tr><td>1</td><td style="white-space:nowrap">malignHyp<a name="Complications-malignHyp"> </a></td><td>Malign Hypertermi mistanke</td><td>Malign Hypertermi mistanke</td></tr><tr><td>1</td><td style="white-space:nowrap">medFail<a name="Complications-medFail"> </a></td><td>Medicineringsfejl</td><td>Medicineringsfejl</td></tr><tr><td>1</td><td style="white-space:nowrap">neuMuscBlock<a name="Complications-neuMuscBlock"> </a></td><td>Neuromuskulær blokade, forlænget virkning</td><td>Neuromuskulær blokade, forlænget virkning</td></tr><tr><td>1</td><td style="white-space:nowrap">dentInj<a name="Complications-dentInj"> </a></td><td>Tandskade</td><td>Tandskade</td></tr><tr><td>1</td><td style="white-space:nowrap">mors<a name="Complications-mors"> </a></td><td>Mors, uventet</td><td>Mors, uventet</td></tr><tr><td>1</td><td style="white-space:nowrap">dissection<a name="Complications-dissection"> </a></td><td>Dissektion</td><td>Dissektion</td></tr><tr><td>1</td><td style="white-space:nowrap">thromboembolic<a name="Complications-thromboembolic"> </a></td><td>Tromboemboliske komplikationer</td><td>Tromboemboliske komplikationer som medfører infarkt inden for 24 timer</td></tr><tr><td>1</td><td style="white-space:nowrap">groinbleeding<a name="Complications-groinbleeding"> </a></td><td>Blødning fra lysken</td><td>Alvorlig blødning fra lysken</td></tr><tr><td>1</td><td style="white-space:nowrap">mechanical<a name="Complications-mechanical"> </a></td><td>Mekaniske</td><td>Mekaniske komplikationer</td></tr><tr><td>1</td><td style="white-space:nowrap">bloodvesselocclusion<a name="Complications-bloodvesselocclusion"> </a></td><td>Aflukning af kar</td><td>Aflukning af kar medførende infarkt indenfor 24 timer</td></tr><tr><td>1</td><td style="white-space:nowrap">peroperativebleeding<a name="Complications-peroperativebleeding"> </a></td><td>Peroperativ blødning</td><td>Livstruende peroperativ blødning, der ikke kan kontrolleres inden for få sekunder</td></tr><tr><td>1</td><td style="white-space:nowrap">other<a name="Complications-other"> </a></td><td>Other</td><td>Other</td></tr><tr><td>1</td><td style="white-space:nowrap">vascular-unspecific<a name="Complications-vascular-unspecific"> </a></td><td>Vascular, unspecific</td><td>Vascular, unspecific</td></tr><tr><td>1</td><td style="white-space:nowrap">infarction-unspecific<a name="Complications-infarction-unspecific"> </a></td><td>Cerebral infarction and bleeding, unspecific</td><td>Cerebral infarction and bleeding, unspecific</td></tr><tr><td>1</td><td style="white-space:nowrap">post_polypectomy_syndrome<a name="Complications-post_polypectomy_syndrome"> </a></td><td>Post polypectomy syndrome</td><td>Post polypectomy syndrome / Postpolypektomisyndrom</td></tr><tr><td>1</td><td style="white-space:nowrap">urinary_retention<a name="Complications-urinary_retention"> </a></td><td>Urinary retention</td><td>Urinary retention / Urinretention</td></tr><tr><td>1</td><td style="white-space:nowrap">medical<a name="Complications-medical"> </a></td><td>Medical complication</td><td>Medical complication / Medicinsk komplikation</td></tr><tr><td>1</td><td style="white-space:nowrap">movement_restriction<a name="Complications-movement_restriction"> </a></td><td>Movement restriction</td><td>Movement restriction / Bevægelsesindskrænkning</td></tr><tr><td>1</td><td style="white-space:nowrap">chronic_pain<a name="Complications-chronic_pain"> </a></td><td>Chronic pain</td><td>Chronic pain / Kronisk smerte</td></tr><tr><td>1</td><td style="white-space:nowrap">reoperation<a name="Complications-reoperation"> </a></td><td>Reoperation</td><td>Reoperation</td></tr><tr><td>1</td><td style="white-space:nowrap">rupture<a name="Complications-rupture"> </a></td><td>Rupture</td><td>Rupture / Ruptur</td></tr><tr><td>2</td><td style="white-space:nowrap">  rupture_patella_ligament<a name="Complications-rupture_patella_ligament"> </a></td><td>Rupture of patella ligament</td><td>Rupture of patella ligament / Ruptur af patellasene</td></tr><tr><td>1</td><td style="white-space:nowrap">thrombosis<a name="Complications-thrombosis"> </a></td><td>Thrombosis</td><td>Thrombosis / Trombose</td></tr><tr><td>2</td><td style="white-space:nowrap">  dvt<a name="Complications-dvt"> </a></td><td>Dyb vene trombose</td><td>Dyb vene trombose</td></tr><tr><td>2</td><td style="white-space:nowrap">  abdominal<a name="Complications-abdominal"> </a></td><td>Abdominal /hepatisk/milt trombose</td><td>Abdominal /hepatisk/milt trombose</td></tr><tr><td>1</td><td style="white-space:nowrap">marrow_relapse<a name="Complications-marrow_relapse"> </a></td><td>Marrow relapse</td><td>Marrow relapse / Marv relaps</td></tr><tr><td>1</td><td style="white-space:nowrap">rising_m_component<a name="Complications-rising_m_component"> </a></td><td>Rising M-component</td><td>Rising M-component / Stigende M-komponent</td></tr><tr><td>1</td><td style="white-space:nowrap">hypercalcemia<a name="Complications-hypercalcemia"> </a></td><td>Hypercalcemia</td><td>Hypercalcemia / Hypercalcæmi</td></tr><tr><td>1</td><td style="white-space:nowrap">osteolytic_foci<a name="Complications-osteolytic_foci"> </a></td><td>Progressive osteolytic foci</td><td>Progressive osteolytic foci / Progression af osteolytiske foci</td></tr><tr><td>1</td><td style="white-space:nowrap">medullary_cross_sectional_syndrome<a name="Complications-medullary_cross_sectional_syndrome"> </a></td><td>Medullary cross-sectional syndrome</td><td>Medullary cross-sectional syndrome / Medullært tværsnitssyndrom</td></tr><tr><td>1</td><td style="white-space:nowrap">extremedullery_myeloma<a name="Complications-extremedullery_myeloma"> </a></td><td>Extremedullary Myeloma</td><td>Extremedullary Myeloma / Ekstramedullære Myelomer</td></tr><tr><td>1</td><td style="white-space:nowrap">plasma_cell_leukemia<a name="Complications-plasma_cell_leukemia"> </a></td><td>Plasma cell leukemia</td><td>Plasma cell leukemia / Plasmacelle leukæmi</td></tr><tr><td>1</td><td style="white-space:nowrap">uremia<a name="Complications-uremia"> </a></td><td>Uremia</td><td>Uremia / Uræmi / SNOMED-CT: 44730006</td></tr><tr><td>2</td><td style="white-space:nowrap">  uremia_clinically<a name="Complications-uremia_clinically"> </a></td><td>Uremia (clinically significant)</td><td>Uremia (clinically significant) / Uræmi (klinisk betydende)</td></tr><tr><td>2</td><td style="white-space:nowrap">  uremia_dialysis<a name="Complications-uremia_dialysis"> </a></td><td>Uremia (chronic dialysis requiring)</td><td>Uremia (chronic dialysis requiring) / Uræmi (kronisk dialysekrævende)</td></tr><tr><td>1</td><td style="white-space:nowrap">amyloidosis<a name="Complications-amyloidosis"> </a></td><td>Amyloidosis</td><td>Amyloidosis / Amyloidose / SNOMED-CT: 17602002</td></tr><tr><td>1</td><td style="white-space:nowrap">neuropathy<a name="Complications-neuropathy"> </a></td><td>Neuropathy</td><td>Neuropathy / Neuropati / SNOMED-CT: 386033004</td></tr><tr><td>1</td><td style="white-space:nowrap">hyperviscosity<a name="Complications-hyperviscosity"> </a></td><td>Hyperviscosity</td><td>Hyperviscosity / Hyperviskositet / SNOMED-CT: 64088006</td></tr><tr><td>1</td><td style="white-space:nowrap">tci<a name="Complications-tci"> </a></td><td>TCI</td><td>TCI</td></tr><tr><td>1</td><td style="white-space:nowrap">bleeding<a name="Complications-bleeding"> </a></td><td>Bleeding</td><td>Bleeding / Blødning</td></tr><tr><td>1</td><td style="white-space:nowrap">apoplexia_cerebri<a name="Complications-apoplexia_cerebri"> </a></td><td>Apopleksi cerebri</td><td>Apopleksi cerebri</td></tr><tr><td>1</td><td style="white-space:nowrap">hematoma<a name="Complications-hematoma"> </a></td><td>Surgery required hematoma</td><td>Surgery required hematoma / operationskrævende hæmatom</td></tr><tr><td>1</td><td style="white-space:nowrap">lymph_leakage<a name="Complications-lymph_leakage"> </a></td><td>Lymph leakage over 2 days</td><td>Lymph leakage over 2 days / lymfesiven over 2 døgn (forlænger indlæggelsen)</td></tr><tr><td>1</td><td style="white-space:nowrap">necrosis<a name="Complications-necrosis"> </a></td><td>Surgery required necrosis</td><td>Surgery required necrosis / operationskrævende randnekrose</td></tr><tr><td>1</td><td style="white-space:nowrap">lymphocele<a name="Complications-lymphocele"> </a></td><td>Surgery required lymphocele</td><td>Surgery required lymphocele / operationskrævende lymfocele</td></tr><tr><td>1</td><td style="white-space:nowrap">superficial_subcutaneous_infection<a name="Complications-superficial_subcutaneous_infection"> </a></td><td>Superficial/subcutaneous infection</td><td>overfladisk / subcutan infektion (ved antibiotika eller operation)</td></tr><tr><td>1</td><td style="white-space:nowrap">deep_prosthesis_infection<a name="Complications-deep_prosthesis_infection"> </a></td><td>Deep/prosthesis infection</td><td>Deep/prosthesis infection / dyb / protese infektion (ved antibiotika eller operation)</td></tr><tr><td>1</td><td style="white-space:nowrap">segment_elevation_myocardial_infarction<a name="Complications-segment_elevation_myocardial_infarction"> </a></td><td>Type of heart attack</td><td>Type of heart attack that mainly affects your hearts lower chambers</td></tr><tr><td>1</td><td style="white-space:nowrap">bundle_branch_block_myocardial_infarction<a name="Complications-bundle_branch_block_myocardial_infarction"> </a></td><td>Type of heart attack</td><td>--</td></tr><tr><td>1</td><td style="white-space:nowrap">non_segment_elevation_myocardial_infarction<a name="Complications-non_segment_elevation_myocardial_infarction"> </a></td><td>Type of heart attack</td><td>--</td></tr><tr><td>1</td><td style="white-space:nowrap">unstable_agina<a name="Complications-unstable_agina"> </a></td><td>Heart failure?</td><td>--</td></tr><tr><td>1</td><td style="white-space:nowrap">rulled_out_heart_attack<a name="Complications-rulled_out_heart_attack"> </a></td><td>No heart attack/failur</td><td>--</td></tr><tr><td>1</td><td style="white-space:nowrap">anterior_segment_elevation_myocardial_infarction<a name="Complications-anterior_segment_elevation_myocardial_infarction"> </a></td><td>Postion</td><td>--</td></tr><tr><td>1</td><td style="white-space:nowrap">non_anterior_segment_elevation_myocardial_infarction<a name="Complications-non_anterior_segment_elevation_myocardial_infarction"> </a></td><td>Position</td><td>--</td></tr><tr><td>1</td><td style="white-space:nowrap">heart_failur_class_2<a name="Complications-heart_failur_class_2"> </a></td><td>Class 2 heartfailure</td><td>--</td></tr><tr><td>1</td><td style="white-space:nowrap">heart_failur_class_3<a name="Complications-heart_failur_class_3"> </a></td><td>Class 3 heartfailure</td><td>--</td></tr><tr><td>1</td><td style="white-space:nowrap">heart_failur_class_4<a name="Complications-heart_failur_class_4"> </a></td><td>Class 4 heartfailure</td><td>--</td></tr></table></div></text><url value="https://kip.rkkp.dk/fhir/CodeSystem/Complications"/><version value="0.1.8"/><name value="Complications"/><title value="Complications"/><status value="active"/><date value="2022-06-07T00:00:00+02:00"/><publisher value="Sundhedsvæsnets Kvalistetsinstitut with Trifork Digital Health A/S"/><contact><name value="Sundhedsvæsnets Kvalistetsinstitut with Trifork Digital Health A/S"/><telecom><system value="url"/><value value="https://trifork.com"/></telecom><telecom><system value="email"/><value value="rbk@trifork.com"/></telecom></contact><description value="Complications - several procedures"/><caseSensitive value="false"/><content value="complete"/><count value="77"/><concept><code value="ami"/><display value="AMI"/><definition value="AMI - Myocardieinfarkt"/></concept><concept><code value="chylothorax"/><display value="Chylothorax"/><definition value="Chylothorax"/></concept><concept><code value="fascierupture"/><display value="Fascieruptur"/><definition value="Fascieruptur"/></concept><concept><code value="ileus"/><display value="Ileus"/><definition value="Ileus"/></concept><concept><code value="intrathoracicbleeding"/><display value="Intrathorakal blødning"/><definition value="Intrathorakal blødning"/></concept><concept><code value="intraabdominalabscess"/><display value="Intraabdominal absces"/><definition value="Intraabdominal absces"/></concept><concept><code value="intraabdominalbleeding"/><display value="Intraabdominal blødning"/><definition value="Intraabdominal blødning"/></concept><concept><code value="pulmonaryembolism"/><display value="Lungeemboli"/><definition value="Lungeemboli"/></concept><concept><code value="perforation"/><display value="Perforation"/><definition value="Perforation"/><concept><code value="bloodvessel/aneurysm"/><display value="Kar/anurisme"/><definition value="Perforation af kar eller aneurisme"/></concept></concept><concept><code value="pleuraexudate"/><display value="Pleuraeksudat"/><definition value="Pleuraeksudat"/></concept><concept><code value="pneumonia"/><display value="Pneumoni"/><definition value="Pneumoni"/></concept><concept><code value="infection"/><display value="Sårinfektion"/><definition value="Sårinfektion"/></concept><concept><code value="anafylSchock"/><display value="Anafylaktisk reaktion/shock"/><definition value="Anafylaktisk reaktion/shock"/></concept><concept><code value="anInterrupt"/><display value="Anæstesi afbrudt"/><definition value="Anæstesi afbrudt"/></concept><concept><code value="appFailure"/><display value="Apparaturfejl"/><definition value="Apparaturfejl"/></concept><concept><code value="aspiration"/><display value="Aspiration"/><definition value="Aspiration"/></concept><concept><code value="duraptAcc"/><display value="Durapunktur accidentel"/><definition value="Durapunktur accidentel"/></concept><concept><code value="heartFail"/><display value="Hjertestop"/><definition value="Hjertestop"/></concept><concept><code value="huskeAN"/><display value="Huskeanæstesi"/><definition value="Huskeanæstesi"/></concept><concept><code value="malignHyp"/><display value="Malign Hypertermi mistanke"/><definition value="Malign Hypertermi mistanke"/></concept><concept><code value="medFail"/><display value="Medicineringsfejl"/><definition value="Medicineringsfejl"/></concept><concept><code value="neuMuscBlock"/><display value="Neuromuskulær blokade, forlænget virkning"/><definition value="Neuromuskulær blokade, forlænget virkning"/></concept><concept><code value="dentInj"/><display value="Tandskade"/><definition value="Tandskade"/></concept><concept><code value="mors"/><display value="Mors, uventet"/><definition value="Mors, uventet"/></concept><concept><code value="dissection"/><display value="Dissektion"/><definition value="Dissektion"/></concept><concept><code value="thromboembolic"/><display value="Tromboemboliske komplikationer"/><definition value="Tromboemboliske komplikationer som medfører infarkt inden for 24 timer"/></concept><concept><code value="groinbleeding"/><display value="Blødning fra lysken"/><definition value="Alvorlig blødning fra lysken"/></concept><concept><code value="mechanical"/><display value="Mekaniske"/><definition value="Mekaniske komplikationer"/></concept><concept><code value="bloodvesselocclusion"/><display value="Aflukning af kar"/><definition value="Aflukning af kar medførende infarkt indenfor 24 timer"/></concept><concept><code value="peroperativebleeding"/><display value="Peroperativ blødning"/><definition value="Livstruende peroperativ blødning, der ikke kan kontrolleres inden for få sekunder"/></concept><concept><code value="other"/><display value="Other"/><definition value="Other"/></concept><concept><code value="vascular-unspecific"/><display value="Vascular, unspecific"/><definition value="Vascular, unspecific"/></concept><concept><code value="infarction-unspecific"/><display value="Cerebral infarction and bleeding, unspecific"/><definition value="Cerebral infarction and bleeding, unspecific"/></concept><concept><code value="post_polypectomy_syndrome"/><display value="Post polypectomy syndrome"/><definition value="Post polypectomy syndrome / Postpolypektomisyndrom"/></concept><concept><code value="urinary_retention"/><display value="Urinary retention"/><definition value="Urinary retention / Urinretention"/></concept><concept><code value="medical"/><display value="Medical complication"/><definition value="Medical complication / Medicinsk komplikation"/></concept><concept><code value="movement_restriction"/><display value="Movement restriction"/><definition value="Movement restriction / Bevægelsesindskrænkning"/></concept><concept><code value="chronic_pain"/><display value="Chronic pain"/><definition value="Chronic pain / Kronisk smerte"/></concept><concept><code value="reoperation"/><display value="Reoperation"/><definition value="Reoperation"/></concept><concept><code value="rupture"/><display value="Rupture"/><definition value="Rupture / Ruptur"/><concept><code value="rupture_patella_ligament"/><display value="Rupture of patella ligament"/><definition value="Rupture of patella ligament / Ruptur af patellasene"/></concept></concept><concept><code value="thrombosis"/><display value="Thrombosis"/><definition value="Thrombosis / Trombose"/><concept><code value="dvt"/><display value="Dyb vene trombose"/><definition value="Dyb vene trombose"/></concept><concept><code value="abdominal"/><display value="Abdominal /hepatisk/milt trombose"/><definition value="Abdominal /hepatisk/milt trombose"/></concept></concept><concept><code value="marrow_relapse"/><display value="Marrow relapse"/><definition value="Marrow relapse / Marv relaps"/></concept><concept><code value="rising_m_component"/><display value="Rising M-component"/><definition value="Rising M-component / Stigende M-komponent"/></concept><concept><code value="hypercalcemia"/><display value="Hypercalcemia"/><definition value="Hypercalcemia / Hypercalcæmi"/></concept><concept><code value="osteolytic_foci"/><display value="Progressive osteolytic foci"/><definition value="Progressive osteolytic foci / Progression af osteolytiske foci"/></concept><concept><code value="medullary_cross_sectional_syndrome"/><display value="Medullary cross-sectional syndrome"/><definition value="Medullary cross-sectional syndrome / Medullært tværsnitssyndrom"/></concept><concept><code value="extremedullery_myeloma"/><display value="Extremedullary Myeloma"/><definition value="Extremedullary Myeloma / Ekstramedullære Myelomer"/></concept><concept><code value="plasma_cell_leukemia"/><display value="Plasma cell leukemia"/><definition value="Plasma cell leukemia / Plasmacelle leukæmi"/></concept><concept><code value="uremia"/><display value="Uremia"/><definition value="Uremia / Uræmi / SNOMED-CT: 44730006"/><concept><code value="uremia_clinically"/><display value="Uremia (clinically significant)"/><definition value="Uremia (clinically significant) / Uræmi (klinisk betydende)"/></concept><concept><code value="uremia_dialysis"/><display value="Uremia (chronic dialysis requiring)"/><definition value="Uremia (chronic dialysis requiring) / Uræmi (kronisk dialysekrævende)"/></concept></concept><concept><code value="amyloidosis"/><display value="Amyloidosis"/><definition value="Amyloidosis / Amyloidose / SNOMED-CT: 17602002"/></concept><concept><code value="neuropathy"/><display value="Neuropathy"/><definition value="Neuropathy / Neuropati / SNOMED-CT: 386033004"/></concept><concept><code value="hyperviscosity"/><display value="Hyperviscosity"/><definition value="Hyperviscosity / Hyperviskositet / SNOMED-CT: 64088006"/></concept><concept><code value="tci"/><display value="TCI"/><definition value="TCI"/></concept><concept><code value="bleeding"/><display value="Bleeding"/><definition value="Bleeding / Blødning"/></concept><concept><code value="apoplexia_cerebri"/><display value="Apopleksi cerebri"/><definition value="Apopleksi cerebri"/></concept><concept><code value="hematoma"/><display value="Surgery required hematoma"/><definition value="Surgery required hematoma / operationskrævende hæmatom"/></concept><concept><code value="lymph_leakage"/><display value="Lymph leakage over 2 days"/><definition value="Lymph leakage over 2 days / lymfesiven over 2 døgn (forlænger indlæggelsen)"/></concept><concept><code value="necrosis"/><display value="Surgery required necrosis"/><definition value="Surgery required necrosis / operationskrævende randnekrose"/></concept><concept><code value="lymphocele"/><display value="Surgery required lymphocele"/><definition value="Surgery required lymphocele / operationskrævende lymfocele"/></concept><concept><code value="superficial_subcutaneous_infection"/><display value="Superficial/subcutaneous infection"/><definition value="overfladisk / subcutan infektion (ved antibiotika eller operation)"/></concept><concept><code value="deep_prosthesis_infection"/><display value="Deep/prosthesis infection"/><definition value="Deep/prosthesis infection / dyb / protese infektion (ved antibiotika eller operation)"/></concept><concept><code value="segment_elevation_myocardial_infarction"/><display value="Type of heart attack"/><definition value="Type of heart attack that mainly affects your hearts lower chambers"/></concept><concept><code value="bundle_branch_block_myocardial_infarction"/><display value="Type of heart attack"/><definition value="--"/></concept><concept><code value="non_segment_elevation_myocardial_infarction"/><display value="Type of heart attack"/><definition value="--"/></concept><concept><code value="unstable_agina"/><display value="Heart failure?"/><definition value="--"/></concept><concept><code value="rulled_out_heart_attack"/><display value="No heart attack/failur"/><definition value="--"/></concept><concept><code value="anterior_segment_elevation_myocardial_infarction"/><display value="Postion"/><definition value="--"/></concept><concept><code value="non_anterior_segment_elevation_myocardial_infarction"/><display value="Position"/><definition value="--"/></concept><concept><code value="heart_failur_class_2"/><display value="Class 2 heartfailure"/><definition value="--"/></concept><concept><code value="heart_failur_class_3"/><display value="Class 3 heartfailure"/><definition value="--"/></concept><concept><code value="heart_failur_class_4"/><display value="Class 4 heartfailure"/><definition value="--"/></concept></CodeSystem>