<?xml version="1.0" encoding="UTF-8"?><CodeSystem xmlns="http://hl7.org/fhir"><id value="ActivityType"/><text><status value="generated"/><div xmlns="http://www.w3.org/1999/xhtml"><p class="res-header-id"><b>Generated Narrative: CodeSystem ActivityType</b></p><a name="ActivityType"> </a><a name="hcActivityType"> </a><a name="ActivityType-en-US"> </a><p>This case-insensitive code system <code>https://kip.rkkp.dk/fhir/CodeSystem/ActivityType</code> defines the following codes in an undefined hierarchy:</p><table class="codes"><tr><td><b>Lvl</b></td><td style="white-space:nowrap"><b>Code</b></td><td><b>Display</b></td><td><b>Definition</b></td></tr><tr><td>1</td><td style="white-space:nowrap">adl<a name="ActivityType-adl"> </a></td><td>ADL</td><td>ADL</td></tr><tr><td>1</td><td style="white-space:nowrap">sports<a name="ActivityType-sports"> </a></td><td>Sports</td><td>Sports / Sport</td></tr><tr><td>2</td><td style="white-space:nowrap">  football<a name="ActivityType-football"> </a></td><td>Football</td><td>Football / Fodbold</td></tr><tr><td>2</td><td style="white-space:nowrap">  handball<a name="ActivityType-handball"> </a></td><td>Handball</td><td>Handball / Håndbold</td></tr><tr><td>2</td><td style="white-space:nowrap">  alpine<a name="ActivityType-alpine"> </a></td><td>Alpine</td><td>Alpine / Alpint</td></tr><tr><td>2</td><td style="white-space:nowrap">  snowboard<a name="ActivityType-snowboard"> </a></td><td>Snowboard</td><td>Snowboard</td></tr><tr><td>2</td><td style="white-space:nowrap">  cross-country_skiing<a name="ActivityType-cross-country_skiing"> </a></td><td>Cross-country skiing</td><td>Cross-country skiing / Langrend</td></tr><tr><td>2</td><td style="white-space:nowrap">  ice_hockey<a name="ActivityType-ice_hockey"> </a></td><td>Ice hockey</td><td>Ice hockey / Ishockey</td></tr><tr><td>2</td><td style="white-space:nowrap">  badminton<a name="ActivityType-badminton"> </a></td><td>Badminton</td><td>Badminton</td></tr><tr><td>2</td><td style="white-space:nowrap">  tennis_squash<a name="ActivityType-tennis_squash"> </a></td><td>Tennis/Squash</td><td>Tennis/Squash</td></tr><tr><td>2</td><td style="white-space:nowrap">  martial_arts<a name="ActivityType-martial_arts"> </a></td><td>Martial arts</td><td>Martial arts / Kampsport</td></tr><tr><td>2</td><td style="white-space:nowrap">  basketball<a name="ActivityType-basketball"> </a></td><td>Basketball</td><td>Basketball</td></tr><tr><td>1</td><td style="white-space:nowrap">trafic<a name="ActivityType-trafic"> </a></td><td>Trafic</td><td>Trafic / Trafik</td></tr><tr><td>1</td><td style="white-space:nowrap">work<a name="ActivityType-work"> </a></td><td>Work</td><td>Work / Arbejde</td></tr></table></div></text><url value="https://kip.rkkp.dk/fhir/CodeSystem/ActivityType"/><version value="0.1.6"/><name value="ActivityType"/><title value="Activity type"/><status value="active"/><date value="2022-09-15T00:00:00+02:00"/><publisher value="Sundhedsvæsnets Kvalistetsinstitut with Trifork Digital Health A/S"/><contact><name value="Sundhedsvæsnets Kvalistetsinstitut with Trifork Digital Health A/S"/><telecom><system value="url"/><value value="https://trifork.com"/></telecom><telecom><system value="email"/><value value="rbk@trifork.com"/></telecom></contact><description value="Activity type"/><caseSensitive value="false"/><content value="complete"/><count value="14"/><concept><code value="adl"/><display value="ADL"/><definition value="ADL"/></concept><concept><code value="sports"/><display value="Sports"/><definition value="Sports / Sport"/><concept><code value="football"/><display value="Football"/><definition value="Football / Fodbold"/></concept><concept><code value="handball"/><display value="Handball"/><definition value="Handball / Håndbold"/></concept><concept><code value="alpine"/><display value="Alpine"/><definition value="Alpine / Alpint"/></concept><concept><code value="snowboard"/><display value="Snowboard"/><definition value="Snowboard"/></concept><concept><code value="cross-country_skiing"/><display value="Cross-country skiing"/><definition value="Cross-country skiing / Langrend"/></concept><concept><code value="ice_hockey"/><display value="Ice hockey"/><definition value="Ice hockey / Ishockey"/></concept><concept><code value="badminton"/><display value="Badminton"/><definition value="Badminton"/></concept><concept><code value="tennis_squash"/><display value="Tennis/Squash"/><definition value="Tennis/Squash"/></concept><concept><code value="martial_arts"/><display value="Martial arts"/><definition value="Martial arts / Kampsport"/></concept><concept><code value="basketball"/><display value="Basketball"/><definition value="Basketball"/></concept></concept><concept><code value="trafic"/><display value="Trafic"/><definition value="Trafic / Trafik"/></concept><concept><code value="work"/><display value="Work"/><definition value="Work / Arbejde"/></concept></CodeSystem>