<?xml version="1.0" encoding="UTF-8"?><CodeSystem xmlns="http://hl7.org/fhir"><id value="PreoperativTemplating"/><text><status value="generated"/><div xmlns="http://www.w3.org/1999/xhtml"><p class="res-header-id"><b>Generated Narrative: CodeSystem PreoperativTemplating</b></p><a name="PreoperativTemplating"> </a><a name="hcPreoperativTemplating"> </a><a name="PreoperativTemplating-en-US"> </a><p>This case-insensitive code system <code>https://kip.rkkp.dk/fhir/CodeSystem/PreoperativTemplating</code> defines the following codes:</p><table class="codes"><tr><td style="white-space:nowrap"><b>Code</b></td><td><b>Display</b></td><td><b>Definition</b></td></tr><tr><td style="white-space:nowrap">analog<a name="PreoperativTemplating-analog"> </a></td><td>Analog templating</td><td>Analog templating</td></tr><tr><td style="white-space:nowrap">digital_both<a name="PreoperativTemplating-digital_both"> </a></td><td>Digital templating af begge komponenter</td><td>Digital templating af begge komponenter</td></tr><tr><td style="white-space:nowrap">digital_single<a name="PreoperativTemplating-digital_single"> </a></td><td>Digital templating af en komponent</td><td>Digital templating af en komponent</td></tr></table></div></text><url value="https://kip.rkkp.dk/fhir/CodeSystem/PreoperativTemplating"/><version value="0.2.1"/><name value="PreoperativTemplating"/><title value="Preoperativ templating"/><status value="active"/><date value="2024-01-03T00:00:00+02:00"/><publisher value="Sundhedsvæsnets Kvalistetsinstitut with Trifork Digital Health A/S"/><contact><name value="Sundhedsvæsnets Kvalistetsinstitut with Trifork Digital Health A/S"/><telecom><system value="url"/><value value="https://trifork.com"/></telecom><telecom><system value="email"/><value value="rbk@trifork.com"/></telecom></contact><description value="Preoperativ templating"/><caseSensitive value="false"/><content value="complete"/><count value="3"/><concept><code value="analog"/><display value="Analog templating"/><definition value="Analog templating"/></concept><concept><code value="digital_both"/><display value="Digital templating af begge komponenter"/><definition value="Digital templating af begge komponenter"/></concept><concept><code value="digital_single"/><display value="Digital templating af en komponent"/><definition value="Digital templating af en komponent"/></concept></CodeSystem>