<?xml version="1.0" encoding="UTF-8"?><CodeSystem xmlns="http://hl7.org/fhir"><id value="TreatmentIndication"/><text><status value="generated"/><div xmlns="http://www.w3.org/1999/xhtml"><p class="res-header-id"><b>Generated Narrative: CodeSystem TreatmentIndication</b></p><a name="TreatmentIndication"> </a><a name="hcTreatmentIndication"> </a><a name="TreatmentIndication-en-US"> </a><p>This  code system <code>https://kip.rkkp.dk/fhir/CodeSystem/TreatmentIndication</code> defines the following codes:</p><table class="codes"><tr><td style="white-space:nowrap"><b>Code</b></td><td><b>Display</b></td><td><b>Definition</b></td></tr><tr><td style="white-space:nowrap">cll<a name="TreatmentIndication-cll"> </a></td><td>CLL</td><td>CLL</td></tr><tr><td style="white-space:nowrap">autoimmune<a name="TreatmentIndication-autoimmune"> </a></td><td>Autoimmune fænomener</td><td>Autoimmune fænomener</td></tr><tr><td style="white-space:nowrap">histological_verified<a name="TreatmentIndication-histological_verified"> </a></td><td>Histologisk verificeret</td><td>Histologisk verificeret</td></tr><tr><td style="white-space:nowrap">diagnostic<a name="TreatmentIndication-diagnostic"> </a></td><td>Diagnostisk</td><td>Diagnostisk</td></tr><tr><td style="white-space:nowrap">additional_procedure<a name="TreatmentIndication-additional_procedure"> </a></td><td>Supplerende procedure</td><td>Supplerende procedure</td></tr></table></div></text><url value="https://kip.rkkp.dk/fhir/CodeSystem/TreatmentIndication"/><version value="0.1.8"/><name value="TreatmentIndication"/><title value="Treatment indication"/><status value="active"/><date value="2022-07-12T00:00:00+02:00"/><publisher value="Sundhedsvæsnets Kvalistetsinstitut with Trifork Digital Health A/S"/><contact><name value="Sundhedsvæsnets Kvalistetsinstitut with Trifork Digital Health A/S"/><telecom><system value="url"/><value value="https://trifork.com"/></telecom><telecom><system value="email"/><value value="rbk@trifork.com"/></telecom></contact><description value="Treatment indication"/><content value="complete"/><count value="5"/><concept><code value="cll"/><display value="CLL"/><definition value="CLL"/></concept><concept><code value="autoimmune"/><display value="Autoimmune fænomener"/><definition value="Autoimmune fænomener"/></concept><concept><code value="histological_verified"/><display value="Histologisk verificeret"/><definition value="Histologisk verificeret"/></concept><concept><code value="diagnostic"/><display value="Diagnostisk"/><definition value="Diagnostisk"/></concept><concept><code value="additional_procedure"/><display value="Supplerende procedure"/><definition value="Supplerende procedure"/></concept></CodeSystem>