<?xml version="1.0" encoding="UTF-8"?><CodeSystem xmlns="http://hl7.org/fhir"><id value="ProcedureNotCompleted"/><text><status value="generated"/><div xmlns="http://www.w3.org/1999/xhtml"><p class="res-header-id"><b>Generated Narrative: CodeSystem ProcedureNotCompleted</b></p><a name="ProcedureNotCompleted"> </a><a name="hcProcedureNotCompleted"> </a><a name="ProcedureNotCompleted-en-US"> </a><p>This case-insensitive code system <code>https://kip.rkkp.dk/fhir/CodeSystem/ProcedureNotCompleted</code> defines the following codes:</p><table class="codes"><tr><td style="white-space:nowrap"><b>Code</b></td><td><b>Display</b></td><td><b>Definition</b></td></tr><tr><td style="white-space:nowrap">disease_progression<a name="ProcedureNotCompleted-disease_progression"> </a></td><td>Progression of disease</td><td>Progression of disease / Sygdomsprogression</td></tr><tr><td style="white-space:nowrap">disease_regression<a name="ProcedureNotCompleted-disease_regression"> </a></td><td>Regression of disease</td><td>Regression of disease / Sygdomsregression</td></tr><tr><td style="white-space:nowrap">disseminated_intestinal_cancer<a name="ProcedureNotCompleted-disseminated_intestinal_cancer"> </a></td><td>Disseminated intestinal cancer</td><td>Disseminated intestinal cancer / Dissemineret tarmkræft</td></tr><tr><td style="white-space:nowrap">other_cancer<a name="ProcedureNotCompleted-other_cancer"> </a></td><td>Other cancer</td><td>Other cancer / Anden cancersygdom</td></tr><tr><td style="white-space:nowrap">curative_treatment<a name="ProcedureNotCompleted-curative_treatment"> </a></td><td>Other curative oncological treatment</td><td>Other curative oncological treatment / Kurativ onkologisk behandling</td></tr><tr><td style="white-space:nowrap">palliative_treatment<a name="ProcedureNotCompleted-palliative_treatment"> </a></td><td>Other palliative oncological treatment</td><td>Other palliative oncological treatment / Pallierende onkologisk behandling</td></tr><tr><td style="white-space:nowrap">comorbidity<a name="ProcedureNotCompleted-comorbidity"> </a></td><td>Comorbidity</td><td>Comorbidity / Komorbiditet</td></tr><tr><td style="white-space:nowrap">patients_wish<a name="ProcedureNotCompleted-patients_wish"> </a></td><td>Patient's wish</td><td>Patient's wish / Patientønske</td></tr><tr><td style="white-space:nowrap">death<a name="ProcedureNotCompleted-death"> </a></td><td>Death</td><td>Death / Dødsfald</td></tr></table></div></text><url value="https://kip.rkkp.dk/fhir/CodeSystem/ProcedureNotCompleted"/><version value="2.9.3"/><name value="ProcedureNotCompleted"/><title value="Procedure not completed; cause"/><status value="active"/><date value="2022-08-22T00:00:00+02:00"/><publisher value="Sundhedsvæsenets Kvalitetsinstitut with Trifork Digital Health A/S"/><contact><name value="Sundhedsvæsenets Kvalitetsinstitut with Trifork Digital Health A/S"/><telecom><system value="url"/><value value="https://trifork.com"/></telecom><telecom><system value="email"/><value value="rbk@trifork.com"/></telecom></contact><description value="Procedure not completed; cause"/><caseSensitive value="false"/><content value="complete"/><count value="9"/><concept><code value="disease_progression"/><display value="Progression of disease"/><definition value="Progression of disease / Sygdomsprogression"/></concept><concept><code value="disease_regression"/><display value="Regression of disease"/><definition value="Regression of disease / Sygdomsregression"/></concept><concept><code value="disseminated_intestinal_cancer"/><display value="Disseminated intestinal cancer"/><definition value="Disseminated intestinal cancer / Dissemineret tarmkræft"/></concept><concept><code value="other_cancer"/><display value="Other cancer"/><definition value="Other cancer / Anden cancersygdom"/></concept><concept><code value="curative_treatment"/><display value="Other curative oncological treatment"/><definition value="Other curative oncological treatment / Kurativ onkologisk behandling"/></concept><concept><code value="palliative_treatment"/><display value="Other palliative oncological treatment"/><definition value="Other palliative oncological treatment / Pallierende onkologisk behandling"/></concept><concept><code value="comorbidity"/><display value="Comorbidity"/><definition value="Comorbidity / Komorbiditet"/></concept><concept><code value="patients_wish"/><display value="Patient's wish"/><definition value="Patient's wish / Patientønske"/></concept><concept><code value="death"/><display value="Death"/><definition value="Death / Dødsfald"/></concept></CodeSystem>