<?xml version="1.0" encoding="UTF-8"?><CodeSystem xmlns="http://hl7.org/fhir"><id value="Onkologibehandling"/><text><status value="generated"/><div xmlns="http://www.w3.org/1999/xhtml"><p class="res-header-id"><b>Generated Narrative: CodeSystem Onkologibehandling</b></p><a name="Onkologibehandling"> </a><a name="hcOnkologibehandling"> </a><a name="Onkologibehandling-en-US"> </a><p>This  code system <code>https://kip.sundk.dk/fhir/CodeSystem/Onkologibehandling</code> defines the following codes:</p><table class="codes"><tr><td style="white-space:nowrap"><b>Code</b></td><td><b>Display</b></td><td><b>Definition</b></td></tr><tr><td style="white-space:nowrap">kurativ<a name="Onkologibehandling-kurativ"> </a></td><td>Kurativ</td><td>Kurativ behandling</td></tr><tr><td style="white-space:nowrap">palliativ<a name="Onkologibehandling-palliativ"> </a></td><td>Palliativ</td><td>Palliativ behandling</td></tr><tr><td style="white-space:nowrap">ingen<a name="Onkologibehandling-ingen"> </a></td><td>Ingen</td><td>Ingen behandling</td></tr></table></div></text><url value="https://kip.sundk.dk/fhir/CodeSystem/Onkologibehandling"/><version value="0.0.9"/><name value="Onkologibehandling"/><title value="Onkologibehandlinger"/><status value="active"/><date value="2022-04-28T00:00:00+02:00"/><publisher value="Sundhedsvæsnets Kvalistetsinstitut with Trifork Public A/S"/><contact><name value="Sundhedsvæsnets Kvalistetsinstitut with Trifork Public A/S"/><telecom><system value="url"/><value value="https://trifork.com"/></telecom><telecom><system value="email"/><value value="rbk@trifork.com"/></telecom></contact><description value="Typer af onkologibehandlinger"/><content value="complete"/><count value="3"/><concept><code value="kurativ"/><display value="Kurativ"/><definition value="Kurativ behandling"/></concept><concept><code value="palliativ"/><display value="Palliativ"/><definition value="Palliativ behandling"/></concept><concept><code value="ingen"/><display value="Ingen"/><definition value="Ingen behandling"/></concept></CodeSystem>