<?xml version="1.0" encoding="UTF-8"?><CodeSystem xmlns="http://hl7.org/fhir"><id value="UndersoegelsesTypeDUGA"/><text><status value="generated"/><div xmlns="http://www.w3.org/1999/xhtml"><p class="res-header-id"><b>Generated Narrative: CodeSystem UndersoegelsesTypeDUGA</b></p><a name="UndersoegelsesTypeDUGA"> </a><a name="hcUndersoegelsesTypeDUGA"> </a><a name="UndersoegelsesTypeDUGA-en-US"> </a><p>This case-insensitive code system <code>https://kip.rkkp.dk/fhir/CodeSystem/UndersoegelsesTypeDUGA</code> defines the following codes:</p><table class="codes"><tr><td style="white-space:nowrap"><b>Code</b></td><td><b>Display</b></td><td><b>Definition</b></td></tr><tr><td style="white-space:nowrap">urin_inkontinens<a name="UndersoegelsesTypeDUGA-urin_inkontinens"> </a></td><td>Urin inkontinens</td><td>Urin inkontinens</td></tr><tr><td style="white-space:nowrap">genital_prolaps<a name="UndersoegelsesTypeDUGA-genital_prolaps"> </a></td><td>Genital prolaps</td><td>Genital prolaps</td></tr></table></div></text><url value="https://kip.rkkp.dk/fhir/CodeSystem/UndersoegelsesTypeDUGA"/><version value="2.9.3"/><name value="UndersoegelsesTypeDUGA"/><title value="Undersøgelsestype (DUGA)"/><status value="active"/><date value="2024-03-06T00:00:00+02:00"/><publisher value="Sundhedsvæsenets Kvalitetsinstitut with Trifork Digital Health A/S"/><contact><name value="Sundhedsvæsenets Kvalitetsinstitut with Trifork Digital Health A/S"/><telecom><system value="url"/><value value="https://trifork.com"/></telecom><telecom><system value="email"/><value value="rbk@trifork.com"/></telecom></contact><description value="Undersøgelsestype (DUGA)"/><caseSensitive value="false"/><content value="complete"/><count value="2"/><concept><code value="urin_inkontinens"/><display value="Urin inkontinens"/><definition value="Urin inkontinens"/></concept><concept><code value="genital_prolaps"/><display value="Genital prolaps"/><definition value="Genital prolaps"/></concept></CodeSystem>