<?xml version="1.0" encoding="UTF-8"?><CodeSystem xmlns="http://hl7.org/fhir"><id value="FixationCruciateLigaments"/><text><status value="generated"/><div xmlns="http://www.w3.org/1999/xhtml"><p class="res-header-id"><b>Generated Narrative: CodeSystem FixationCruciateLigaments</b></p><a name="FixationCruciateLigaments"> </a><a name="hcFixationCruciateLigaments"> </a><a name="FixationCruciateLigaments-en-US"> </a><p>This case-insensitive code system <code>https://kip.rkkp.dk/fhir/CodeSystem/FixationCruciateLigaments</code> defines the following codes:</p><table class="codes"><tr><td style="white-space:nowrap"><b>Code</b></td><td><b>Display</b></td><td><b>Definition</b></td></tr><tr><td style="white-space:nowrap">arthrek_biotenodesis_plla<a name="FixationCruciateLigaments-arthrek_biotenodesis_plla"> </a></td><td>Arthrek Biotenodesis PLLA skrue</td><td>Arthrek Biotenodesis PLLA skrue [Tibia]</td></tr><tr><td style="white-space:nowrap">arthrek_plla_retro<a name="FixationCruciateLigaments-arthrek_plla_retro"> </a></td><td>Arthrek PLLA retro-skrue</td><td>Arthrek PLLA retro-skrue [Tibia]</td></tr><tr><td style="white-space:nowrap">arthrek_plla<a name="FixationCruciateLigaments-arthrek_plla"> </a></td><td>Arthrek PLLA skrue</td><td>Arthrek PLLA skrue [Tibia]</td></tr><tr><td style="white-space:nowrap">arthrek_titanium<a name="FixationCruciateLigaments-arthrek_titanium"> </a></td><td>Arthrek Titanium skrue</td><td>Arthrek Titanium skrue [Tibia]</td></tr><tr><td style="white-space:nowrap">arthrex_biotenodesis_plla<a name="FixationCruciateLigaments-arthrex_biotenodesis_plla"> </a></td><td>Arthrex Biotenodesis PLLA skrue</td><td>Arthrex Biotenodesis PLLA skrue [Femur]</td></tr><tr><td style="white-space:nowrap">arthrex_delta<a name="FixationCruciateLigaments-arthrex_delta"> </a></td><td>Arthrex Deltaskrue</td><td>Arthrex Deltaskrue [Tibia]</td></tr><tr><td style="white-space:nowrap">arthrex_graftbolt<a name="FixationCruciateLigaments-arthrex_graftbolt"> </a></td><td>Arthrex GraftBolt</td><td>Arthrex GraftBolt [Tibia]</td></tr><tr><td style="white-space:nowrap">arthrex_peek<a name="FixationCruciateLigaments-arthrex_peek"> </a></td><td>Arthrex PEEK Skrue</td><td>Arthrex PEEK Skrue [Femur + Tibia]</td></tr><tr><td style="white-space:nowrap">arthrex_plla<a name="FixationCruciateLigaments-arthrex_plla"> </a></td><td>Arthrex PLLA skrue</td><td>Arthrex PLLA skrue [Femur]</td></tr><tr><td style="white-space:nowrap">arthrex_retrobutton<a name="FixationCruciateLigaments-arthrex_retrobutton"> </a></td><td>Arthrex Retrobutton</td><td>Arthrex Retrobutton [Femur]</td></tr><tr><td style="white-space:nowrap">arthrex_tight_rope<a name="FixationCruciateLigaments-arthrex_tight_rope"> </a></td><td>Arthrex Tight Rope</td><td>Arthrex Tight Rope [Femur + Tibia]</td></tr><tr><td style="white-space:nowrap">arthrex_titanium<a name="FixationCruciateLigaments-arthrex_titanium"> </a></td><td>Arthrex Titanium skrue</td><td>Arthrex Titanium skrue [Femur]</td></tr><tr><td style="white-space:nowrap">arthrex_transfix<a name="FixationCruciateLigaments-arthrex_transfix"> </a></td><td>Arthrex Transfix</td><td>Arthrex Transfix [Femur]</td></tr><tr><td style="white-space:nowrap">arthrocare_bilok_trans<a name="FixationCruciateLigaments-arthrocare_bilok_trans"> </a></td><td>Arthrocare Bilok Trans-skrue</td><td>Arthrocare Bilok Trans-skrue [Femur]</td></tr><tr><td style="white-space:nowrap">atlantech_bilok<a name="FixationCruciateLigaments-atlantech_bilok"> </a></td><td>Atlantech Bilok Skrue</td><td>Atlantech Bilok Skrue [Femur + Tibia]</td></tr><tr><td style="white-space:nowrap">atlantech_cobra<a name="FixationCruciateLigaments-atlantech_cobra"> </a></td><td>Atlantech Cobra</td><td>Atlantech Cobra [Tibia]</td></tr><tr><td style="white-space:nowrap">atlantech_metal<a name="FixationCruciateLigaments-atlantech_metal"> </a></td><td>Atlantech metal skrue</td><td>Atlantech metal skrue [Femur + Tibia]</td></tr><tr><td style="white-space:nowrap">biomet_centraloc<a name="FixationCruciateLigaments-biomet_centraloc"> </a></td><td>Biomet Centraloc</td><td>Biomet Centraloc [Tibia]</td></tr><tr><td style="white-space:nowrap">biomet_ez_loc<a name="FixationCruciateLigaments-biomet_ez_loc"> </a></td><td>Biomet EZ Loc</td><td>Biomet EZ Loc [Femur]</td></tr><tr><td style="white-space:nowrap">biomet_metal_tunneloc<a name="FixationCruciateLigaments-biomet_metal_tunneloc"> </a></td><td>Biomet metal skrue (Tunneloc)</td><td>Biomet metal skrue (Tunneloc) [Femur + Tibia]</td></tr><tr><td style="white-space:nowrap">biomet_peek_tibia_nail_tunneloc<a name="FixationCruciateLigaments-biomet_peek_tibia_nail_tunneloc"> </a></td><td>Biomet peek tibia nail (Tunneloc)</td><td>Biomet peek tibia nail (Tunneloc) [Tibia]</td></tr><tr><td style="white-space:nowrap">biomet_plla_gentlethread<a name="FixationCruciateLigaments-biomet_plla_gentlethread"> </a></td><td>Biomet PLLA skrue (Gentletread)</td><td>Biomet PLLA skrue (Gentletread) [Femur + Tibia]</td></tr><tr><td style="white-space:nowrap">biomet_togglelock_zipploop<a name="FixationCruciateLigaments-biomet_togglelock_zipploop"> </a></td><td>Biomet Togglelock Zipploop</td><td>Biomet Togglelock Zipploop [Femur]</td></tr><tr><td style="white-space:nowrap">biomet_washerloc<a name="FixationCruciateLigaments-biomet_washerloc"> </a></td><td>Biomet Washerloc</td><td>Biomet Washerloc [Tibia]</td></tr><tr><td style="white-space:nowrap">cayenne_aperfix<a name="FixationCruciateLigaments-cayenne_aperfix"> </a></td><td>Cayenne Aperfix</td><td>Cayenne Aperfix [Femur + Tibia]</td></tr><tr><td style="white-space:nowrap">conmed_guardsman<a name="FixationCruciateLigaments-conmed_guardsman"> </a></td><td>Conmed Guardsman metal</td><td>Conmed Guardsman metal [Femur]</td></tr><tr><td style="white-space:nowrap">conmed_martryx<a name="FixationCruciateLigaments-conmed_martryx"> </a></td><td>ConMed Martryx</td><td>ConMed Martryx [Tibia]</td></tr><tr><td style="white-space:nowrap">conmed_metal_propel<a name="FixationCruciateLigaments-conmed_metal_propel"> </a></td><td>ConMed Metal skrue (Propel)</td><td>ConMed Metal skrue (Propel) [Femur + Tibia]</td></tr><tr><td style="white-space:nowrap">conmed_plla_bioscrew<a name="FixationCruciateLigaments-conmed_plla_bioscrew"> </a></td><td>ConMed PLLA skrue (Bioscrew)</td><td>ConMed PLLA skrue (Bioscrew) [Femur + Tibia]</td></tr><tr><td style="white-space:nowrap">conmed_xo_button<a name="FixationCruciateLigaments-conmed_xo_button"> </a></td><td>ConMed XO Button</td><td>ConMed XO Button [Femur]</td></tr><tr><td style="white-space:nowrap">depuy_milagro_advance_peek<a name="FixationCruciateLigaments-depuy_milagro_advance_peek"> </a></td><td>Depuy Milagro ADVANCE PEEK</td><td>Depuy Milagro ADVANCE PEEK [Tibia]</td></tr><tr><td style="white-space:nowrap">depuy_mitek_femoral_intrafix<a name="FixationCruciateLigaments-depuy_mitek_femoral_intrafix"> </a></td><td>Depuy Mitek Femoral Intrafix</td><td>Depuy Mitek Femoral Intrafix [Femur]</td></tr><tr><td style="white-space:nowrap">depuy_mitek_intrafix<a name="FixationCruciateLigaments-depuy_mitek_intrafix"> </a></td><td>Depuy Mitek Intrafix</td><td>Depuy Mitek Intrafix [Tibia]</td></tr><tr><td style="white-space:nowrap">depuy_mitek_intrafix_bio<a name="FixationCruciateLigaments-depuy_mitek_intrafix_bio"> </a></td><td>Depuy Mitek Intrafix Bio</td><td>Depuy Mitek Intrafix Bio [Tibia]</td></tr><tr><td style="white-space:nowrap">depuy_mitek_milagro<a name="FixationCruciateLigaments-depuy_mitek_milagro"> </a></td><td>Depuy Mitek Milagro skrue</td><td>Depuy Mitek Milagro skrue [Femur + Tibia]</td></tr><tr><td style="white-space:nowrap">depuy_mitek_rigidfix<a name="FixationCruciateLigaments-depuy_mitek_rigidfix"> </a></td><td>Depuy Mitek Rigidfix</td><td>Depuy Mitek Rigidfix [Femur]</td></tr><tr><td style="white-space:nowrap">depuy_mitek_titanium<a name="FixationCruciateLigaments-depuy_mitek_titanium"> </a></td><td>Depuy Mitek Titanium skrue</td><td>Depuy Mitek Titanium skrue [Femur + Tibia]</td></tr><tr><td style="white-space:nowrap">depuy_rigidfix_curve<a name="FixationCruciateLigaments-depuy_rigidfix_curve"> </a></td><td>Depuy Rigidfix CURVE</td><td>Depuy Rigidfix CURVE [Femur]</td></tr><tr><td style="white-space:nowrap">depuy_rigidloop_adjustable<a name="FixationCruciateLigaments-depuy_rigidloop_adjustable"> </a></td><td>Depuy Rigidloop Adjustable</td><td>Depuy Rigidloop Adjustable [Tibia]</td></tr><tr><td style="white-space:nowrap">depuy_rigidloop_adjustable_loop<a name="FixationCruciateLigaments-depuy_rigidloop_adjustable_loop"> </a></td><td>Depuy RIGIDLOOP adjustable loop</td><td>Depuy RIGIDLOOP adjustable loop [Femur]</td></tr><tr><td style="white-space:nowrap">depuy_rigidloop_fixed_loop<a name="FixationCruciateLigaments-depuy_rigidloop_fixed_loop"> </a></td><td>Depuy RIGIDLOOP fixed loop</td><td>Depuy RIGIDLOOP fixed loop [Femur]</td></tr><tr><td style="white-space:nowrap">femoral_intrafix<a name="FixationCruciateLigaments-femoral_intrafix"> </a></td><td>Femoral Intrafix</td><td>Femoral Intrafix [Femur]</td></tr><tr><td style="white-space:nowrap">inion_hexalon<a name="FixationCruciateLigaments-inion_hexalon"> </a></td><td>Inion Hexalon skrue</td><td>Inion Hexalon skrue [Femur + Tibia]</td></tr><tr><td style="white-space:nowrap">intrafix_advance<a name="FixationCruciateLigaments-intrafix_advance"> </a></td><td>Intrafix Advance</td><td>Intrafix Advance [Tibia]</td></tr><tr><td style="white-space:nowrap">kramper<a name="FixationCruciateLigaments-kramper"> </a></td><td>Kramper</td><td>Kramper [Tibia]</td></tr><tr><td style="white-space:nowrap">smith&amp;nephew_biosure_peek<a name="FixationCruciateLigaments-smith.38nephew_biosure_peek"> </a></td><td>Smith &amp; Nephew Biosure PEEK skrue</td><td>Smith &amp; Nephew Biosure PEEK skrue [Femur + Tibia]</td></tr><tr><td style="white-space:nowrap">smith&amp;nephew_biosure_regensorb<a name="FixationCruciateLigaments-smith.38nephew_biosure_regensorb"> </a></td><td>Smith &amp; Nephew Biosure Regensorb</td><td>Smith &amp; Nephew Biosure Regensorb [Tibia]</td></tr><tr><td style="white-space:nowrap">smith&amp;nephew_calaxo<a name="FixationCruciateLigaments-smith.38nephew_calaxo"> </a></td><td>Smith &amp; Nephew Calaxo</td><td>Smith &amp; Nephew Calaxo [Femur]</td></tr><tr><td style="white-space:nowrap">smith&amp;nephew_endobutton_cl<a name="FixationCruciateLigaments-smith.38nephew_endobutton_cl"> </a></td><td>Smith &amp; Nephew Endobutton CL</td><td>Smith &amp; Nephew Endobutton CL [Femur]</td></tr><tr><td style="white-space:nowrap">smith&amp;nephew_rci_calaxo<a name="FixationCruciateLigaments-smith.38nephew_rci_calaxo"> </a></td><td>Smith &amp; Nephew RCI Calaxo</td><td>Smith &amp; Nephew RCI Calaxo [Tibia]</td></tr><tr><td style="white-space:nowrap">smith&amp;nephew_rci_metal<a name="FixationCruciateLigaments-smith.38nephew_rci_metal"> </a></td><td>Smith &amp; Nephew RCI metal</td><td>Smith &amp; Nephew RCI metal [Femur + Tibia]</td></tr><tr><td style="white-space:nowrap">smith&amp;nephew_rci_plla<a name="FixationCruciateLigaments-smith.38nephew_rci_plla"> </a></td><td>Smith &amp; Nephew RCI PLLA</td><td>Smith &amp; Nephew RCI PLLA [Femur + Tibia]</td></tr><tr><td style="white-space:nowrap">smith&amp;nephew_rci_plla/ha<a name="FixationCruciateLigaments-smith.38nephew_rci_plla.47ha"> </a></td><td>Smith &amp; Nephew RCI PLLA/HA</td><td>Smith &amp; Nephew RCI PLLA/HA [Femur + Tibia]</td></tr><tr><td style="white-space:nowrap">smith&amp;nephew_softsilk_metal<a name="FixationCruciateLigaments-smith.38nephew_softsilk_metal"> </a></td><td>Smith &amp; Nephew Softsilk metal</td><td>Smith &amp; Nephew Softsilk metal [Femur + Tibia]</td></tr><tr><td style="white-space:nowrap">smith&amp;nephew_ultrabutton<a name="FixationCruciateLigaments-smith.38nephew_ultrabutton"> </a></td><td>Smith &amp; Nephew UltraButton</td><td>Smith &amp; Nephew UltraButton [Femur]</td></tr><tr><td style="white-space:nowrap">storz_flip-tac<a name="FixationCruciateLigaments-storz_flip-tac"> </a></td><td>Storz Flip-Tac</td><td>Storz Flip-Tac [Femur]</td></tr><tr><td style="white-space:nowrap">storz_megafix<a name="FixationCruciateLigaments-storz_megafix"> </a></td><td>Storz Megafix</td><td>Storz Megafix [Tibia]</td></tr><tr><td style="white-space:nowrap">stryker_bioosteon<a name="FixationCruciateLigaments-stryker_bioosteon"> </a></td><td>Stryker Bioosteon skrue</td><td>Stryker Bioosteon skrue [Femur + Tibia]</td></tr><tr><td style="white-space:nowrap">stryker_crossscrew_ha/plla<a name="FixationCruciateLigaments-stryker_crossscrew_ha.47plla"> </a></td><td>Stryker Crossscrew (HA/PLLA)</td><td>Stryker Crossscrew (HA/PLLA) [Femur + Tibia]</td></tr><tr><td style="white-space:nowrap">stryker_crossscrew_titanium<a name="FixationCruciateLigaments-stryker_crossscrew_titanium"> </a></td><td>Stryker Crossscrew (Titanium)</td><td>Stryker Crossscrew (Titanium) [Femur + Tibia]</td></tr><tr><td style="white-space:nowrap">stryker_plla<a name="FixationCruciateLigaments-stryker_plla"> </a></td><td>Stryker PLLA skrue</td><td>Stryker PLLA skrue [Femur + Tibia]</td></tr><tr><td style="white-space:nowrap">stryker_titanium<a name="FixationCruciateLigaments-stryker_titanium"> </a></td><td>Stryker titanium skrue</td><td>Stryker titanium skrue [Femur + Tibia]</td></tr><tr><td style="white-space:nowrap">stryker_versitomic_g-lok<a name="FixationCruciateLigaments-stryker_versitomic_g-lok"> </a></td><td>Stryker VersiTomic G-lok</td><td>Stryker VersiTomic G-lok [Femur]</td></tr><tr><td style="white-space:nowrap">bona_canal<a name="FixationCruciateLigaments-bona_canal"> </a></td><td>Knoglekanal</td><td>Knoglekanal [Tibia]</td></tr><tr><td style="white-space:nowrap">screw/washer<a name="FixationCruciateLigaments-screw.47washer"> </a></td><td>Skrue/washer</td><td>Skrue/washer [Femur + Tibia]</td></tr></table></div></text><url value="https://kip.rkkp.dk/fhir/CodeSystem/FixationCruciateLigaments"/><version value="0.2.1"/><name value="FixationCruciateLigaments"/><title value="Fixation for cruciate ligaments (femur and tibia); types of screws"/><status value="active"/><date value="2022-09-19T00:00:00+02:00"/><publisher value="Sundhedsvæsnets Kvalistetsinstitut with Trifork Digital Health A/S"/><contact><name value="Sundhedsvæsnets Kvalistetsinstitut with Trifork Digital Health A/S"/><telecom><system value="url"/><value value="https://trifork.com"/></telecom><telecom><system value="email"/><value value="rbk@trifork.com"/></telecom></contact><description value="Fixation for cruciate ligaments (femur and tibia), types of screws"/><caseSensitive value="false"/><content value="complete"/><count value="65"/><concept><code value="arthrek_biotenodesis_plla"/><display value="Arthrek Biotenodesis PLLA skrue"/><definition value="Arthrek Biotenodesis PLLA skrue [Tibia]"/></concept><concept><code value="arthrek_plla_retro"/><display value="Arthrek PLLA retro-skrue"/><definition value="Arthrek PLLA retro-skrue [Tibia]"/></concept><concept><code value="arthrek_plla"/><display value="Arthrek PLLA skrue"/><definition value="Arthrek PLLA skrue [Tibia]"/></concept><concept><code value="arthrek_titanium"/><display value="Arthrek Titanium skrue"/><definition value="Arthrek Titanium skrue [Tibia]"/></concept><concept><code value="arthrex_biotenodesis_plla"/><display value="Arthrex Biotenodesis PLLA skrue"/><definition value="Arthrex Biotenodesis PLLA skrue [Femur]"/></concept><concept><code value="arthrex_delta"/><display value="Arthrex Deltaskrue"/><definition value="Arthrex Deltaskrue [Tibia]"/></concept><concept><code value="arthrex_graftbolt"/><display value="Arthrex GraftBolt"/><definition value="Arthrex GraftBolt [Tibia]"/></concept><concept><code value="arthrex_peek"/><display value="Arthrex PEEK Skrue"/><definition value="Arthrex PEEK Skrue [Femur + Tibia]"/></concept><concept><code value="arthrex_plla"/><display value="Arthrex PLLA skrue"/><definition value="Arthrex PLLA skrue [Femur]"/></concept><concept><code value="arthrex_retrobutton"/><display value="Arthrex Retrobutton"/><definition value="Arthrex Retrobutton [Femur]"/></concept><concept><code value="arthrex_tight_rope"/><display value="Arthrex Tight Rope"/><definition value="Arthrex Tight Rope [Femur + Tibia]"/></concept><concept><code value="arthrex_titanium"/><display value="Arthrex Titanium skrue"/><definition value="Arthrex Titanium skrue [Femur]"/></concept><concept><code value="arthrex_transfix"/><display value="Arthrex Transfix"/><definition value="Arthrex Transfix [Femur]"/></concept><concept><code value="arthrocare_bilok_trans"/><display value="Arthrocare Bilok Trans-skrue"/><definition value="Arthrocare Bilok Trans-skrue [Femur]"/></concept><concept><code value="atlantech_bilok"/><display value="Atlantech Bilok Skrue"/><definition value="Atlantech Bilok Skrue [Femur + Tibia]"/></concept><concept><code value="atlantech_cobra"/><display value="Atlantech Cobra"/><definition value="Atlantech Cobra [Tibia]"/></concept><concept><code value="atlantech_metal"/><display value="Atlantech metal skrue"/><definition value="Atlantech metal skrue [Femur + Tibia]"/></concept><concept><code value="biomet_centraloc"/><display value="Biomet Centraloc"/><definition value="Biomet Centraloc [Tibia]"/></concept><concept><code value="biomet_ez_loc"/><display value="Biomet EZ Loc"/><definition value="Biomet EZ Loc [Femur]"/></concept><concept><code value="biomet_metal_tunneloc"/><display value="Biomet metal skrue (Tunneloc)"/><definition value="Biomet metal skrue (Tunneloc) [Femur + Tibia]"/></concept><concept><code value="biomet_peek_tibia_nail_tunneloc"/><display value="Biomet peek tibia nail (Tunneloc)"/><definition value="Biomet peek tibia nail (Tunneloc) [Tibia]"/></concept><concept><code value="biomet_plla_gentlethread"/><display value="Biomet PLLA skrue (Gentletread)"/><definition value="Biomet PLLA skrue (Gentletread) [Femur + Tibia]"/></concept><concept><code value="biomet_togglelock_zipploop"/><display value="Biomet Togglelock Zipploop"/><definition value="Biomet Togglelock Zipploop [Femur]"/></concept><concept><code value="biomet_washerloc"/><display value="Biomet Washerloc"/><definition value="Biomet Washerloc [Tibia]"/></concept><concept><code value="cayenne_aperfix"/><display value="Cayenne Aperfix"/><definition value="Cayenne Aperfix [Femur + Tibia]"/></concept><concept><code value="conmed_guardsman"/><display value="Conmed Guardsman metal"/><definition value="Conmed Guardsman metal [Femur]"/></concept><concept><code value="conmed_martryx"/><display value="ConMed Martryx"/><definition value="ConMed Martryx [Tibia]"/></concept><concept><code value="conmed_metal_propel"/><display value="ConMed Metal skrue (Propel)"/><definition value="ConMed Metal skrue (Propel) [Femur + Tibia]"/></concept><concept><code value="conmed_plla_bioscrew"/><display value="ConMed PLLA skrue (Bioscrew)"/><definition value="ConMed PLLA skrue (Bioscrew) [Femur + Tibia]"/></concept><concept><code value="conmed_xo_button"/><display value="ConMed XO Button"/><definition value="ConMed XO Button [Femur]"/></concept><concept><code value="depuy_milagro_advance_peek"/><display value="Depuy Milagro ADVANCE PEEK"/><definition value="Depuy Milagro ADVANCE PEEK [Tibia]"/></concept><concept><code value="depuy_mitek_femoral_intrafix"/><display value="Depuy Mitek Femoral Intrafix"/><definition value="Depuy Mitek Femoral Intrafix [Femur]"/></concept><concept><code value="depuy_mitek_intrafix"/><display value="Depuy Mitek Intrafix"/><definition value="Depuy Mitek Intrafix [Tibia]"/></concept><concept><code value="depuy_mitek_intrafix_bio"/><display value="Depuy Mitek Intrafix Bio"/><definition value="Depuy Mitek Intrafix Bio [Tibia]"/></concept><concept><code value="depuy_mitek_milagro"/><display value="Depuy Mitek Milagro skrue"/><definition value="Depuy Mitek Milagro skrue [Femur + Tibia]"/></concept><concept><code value="depuy_mitek_rigidfix"/><display value="Depuy Mitek Rigidfix"/><definition value="Depuy Mitek Rigidfix [Femur]"/></concept><concept><code value="depuy_mitek_titanium"/><display value="Depuy Mitek Titanium skrue"/><definition value="Depuy Mitek Titanium skrue [Femur + Tibia]"/></concept><concept><code value="depuy_rigidfix_curve"/><display value="Depuy Rigidfix CURVE"/><definition value="Depuy Rigidfix CURVE [Femur]"/></concept><concept><code value="depuy_rigidloop_adjustable"/><display value="Depuy Rigidloop Adjustable"/><definition value="Depuy Rigidloop Adjustable [Tibia]"/></concept><concept><code value="depuy_rigidloop_adjustable_loop"/><display value="Depuy RIGIDLOOP adjustable loop"/><definition value="Depuy RIGIDLOOP adjustable loop [Femur]"/></concept><concept><code value="depuy_rigidloop_fixed_loop"/><display value="Depuy RIGIDLOOP fixed loop"/><definition value="Depuy RIGIDLOOP fixed loop [Femur]"/></concept><concept><code value="femoral_intrafix"/><display value="Femoral Intrafix"/><definition value="Femoral Intrafix [Femur]"/></concept><concept><code value="inion_hexalon"/><display value="Inion Hexalon skrue"/><definition value="Inion Hexalon skrue [Femur + Tibia]"/></concept><concept><code value="intrafix_advance"/><display value="Intrafix Advance"/><definition value="Intrafix Advance [Tibia]"/></concept><concept><code value="kramper"/><display value="Kramper"/><definition value="Kramper [Tibia]"/></concept><concept><code value="smith&amp;nephew_biosure_peek"/><display value="Smith &amp; Nephew Biosure PEEK skrue"/><definition value="Smith &amp; Nephew Biosure PEEK skrue [Femur + Tibia]"/></concept><concept><code value="smith&amp;nephew_biosure_regensorb"/><display value="Smith &amp; Nephew Biosure Regensorb"/><definition value="Smith &amp; Nephew Biosure Regensorb [Tibia]"/></concept><concept><code value="smith&amp;nephew_calaxo"/><display value="Smith &amp; Nephew Calaxo"/><definition value="Smith &amp; Nephew Calaxo [Femur]"/></concept><concept><code value="smith&amp;nephew_endobutton_cl"/><display value="Smith &amp; Nephew Endobutton CL"/><definition value="Smith &amp; Nephew Endobutton CL [Femur]"/></concept><concept><code value="smith&amp;nephew_rci_calaxo"/><display value="Smith &amp; Nephew RCI Calaxo"/><definition value="Smith &amp; Nephew RCI Calaxo [Tibia]"/></concept><concept><code value="smith&amp;nephew_rci_metal"/><display value="Smith &amp; Nephew RCI metal"/><definition value="Smith &amp; Nephew RCI metal [Femur + Tibia]"/></concept><concept><code value="smith&amp;nephew_rci_plla"/><display value="Smith &amp; Nephew RCI PLLA"/><definition value="Smith &amp; Nephew RCI PLLA [Femur + Tibia]"/></concept><concept><code value="smith&amp;nephew_rci_plla/ha"/><display value="Smith &amp; Nephew RCI PLLA/HA"/><definition value="Smith &amp; Nephew RCI PLLA/HA [Femur + Tibia]"/></concept><concept><code value="smith&amp;nephew_softsilk_metal"/><display value="Smith &amp; Nephew Softsilk metal"/><definition value="Smith &amp; Nephew Softsilk metal [Femur + Tibia]"/></concept><concept><code value="smith&amp;nephew_ultrabutton"/><display value="Smith &amp; Nephew UltraButton"/><definition value="Smith &amp; Nephew UltraButton [Femur]"/></concept><concept><code value="storz_flip-tac"/><display value="Storz Flip-Tac"/><definition value="Storz Flip-Tac [Femur]"/></concept><concept><code value="storz_megafix"/><display value="Storz Megafix"/><definition value="Storz Megafix [Tibia]"/></concept><concept><code value="stryker_bioosteon"/><display value="Stryker Bioosteon skrue"/><definition value="Stryker Bioosteon skrue [Femur + Tibia]"/></concept><concept><code value="stryker_crossscrew_ha/plla"/><display value="Stryker Crossscrew (HA/PLLA)"/><definition value="Stryker Crossscrew (HA/PLLA) [Femur + Tibia]"/></concept><concept><code value="stryker_crossscrew_titanium"/><display value="Stryker Crossscrew (Titanium)"/><definition value="Stryker Crossscrew (Titanium) [Femur + Tibia]"/></concept><concept><code value="stryker_plla"/><display value="Stryker PLLA skrue"/><definition value="Stryker PLLA skrue [Femur + Tibia]"/></concept><concept><code value="stryker_titanium"/><display value="Stryker titanium skrue"/><definition value="Stryker titanium skrue [Femur + Tibia]"/></concept><concept><code value="stryker_versitomic_g-lok"/><display value="Stryker VersiTomic G-lok"/><definition value="Stryker VersiTomic G-lok [Femur]"/></concept><concept><code value="bona_canal"/><display value="Knoglekanal"/><definition value="Knoglekanal [Tibia]"/></concept><concept><code value="screw/washer"/><display value="Skrue/washer"/><definition value="Skrue/washer [Femur + Tibia]"/></concept></CodeSystem>