<?xml version="1.0" encoding="UTF-8"?><CodeSystem xmlns="http://hl7.org/fhir"><id value="MorsDiagnosekoder"/><text><status value="generated"/><div xmlns="http://www.w3.org/1999/xhtml"><p class="res-header-id"><b>Generated Narrative: CodeSystem MorsDiagnosekoder</b></p><a name="MorsDiagnosekoder"> </a><a name="hcMorsDiagnosekoder"> </a><a name="MorsDiagnosekoder-en-US"> </a><p>This case-insensitive code system <code>https://kip.rkkp.dk/fhir/CodeSystem/MorsDiagnosekoder</code> defines the following codes:</p><table class="codes"><tr><td style="white-space:nowrap"><b>Code</b></td><td><b>Display</b></td></tr><tr><td style="white-space:nowrap">DA162<a name="MorsDiagnosekoder-DA162"> </a></td><td>DA162: Lungetuberkulose u angivelse af bakt eller hist verif</td></tr><tr><td style="white-space:nowrap">DA188<a name="MorsDiagnosekoder-DA188"> </a></td><td>DA188: Tuberkulose i andre specificerede organer</td></tr><tr><td style="white-space:nowrap">DA419<a name="MorsDiagnosekoder-DA419"> </a></td><td>DA419: Septikæmi uden specifikation</td></tr><tr><td style="white-space:nowrap">DB181<a name="MorsDiagnosekoder-DB181"> </a></td><td>DB181: Hepatitis B viralis Chronica u Delta agens</td></tr><tr><td style="white-space:nowrap">DB182<a name="MorsDiagnosekoder-DB182"> </a></td><td>DB182: Hepatitis C viralis chronica</td></tr><tr><td style="white-space:nowrap">DB188<a name="MorsDiagnosekoder-DB188"> </a></td><td>DB188: Hepatitis viralis Chronica alia</td></tr><tr><td style="white-space:nowrap">DB349<a name="MorsDiagnosekoder-DB349"> </a></td><td>DB349: Virusinfektion uden specifikation</td></tr><tr><td style="white-space:nowrap">DB999<a name="MorsDiagnosekoder-DB999"> </a></td><td>DB999: Andre og ikke specificerede infektiøse sygdomme</td></tr><tr><td style="white-space:nowrap">DD489<a name="MorsDiagnosekoder-DD489"> </a></td><td>DD489: Neopl uden specifikation og lokalisation</td></tr><tr><td style="white-space:nowrap">DD629<a name="MorsDiagnosekoder-DD629"> </a></td><td>DD629: Akut anæmi efter blødning</td></tr><tr><td style="white-space:nowrap">DD729<a name="MorsDiagnosekoder-DD729"> </a></td><td>DD729: Sygdomme i hvide blodlegemer uden specifikation</td></tr><tr><td style="white-space:nowrap">DE875<a name="MorsDiagnosekoder-DE875"> </a></td><td>DE875: Kaliumoverskud</td></tr><tr><td style="white-space:nowrap">DE876A<a name="MorsDiagnosekoder-DE876A"> </a></td><td>DE876A: Hypokaliæmi</td></tr><tr><td style="white-space:nowrap">DE877<a name="MorsDiagnosekoder-DE877"> </a></td><td>DE877: Væskeoverskud</td></tr><tr><td style="white-space:nowrap">DF039<a name="MorsDiagnosekoder-DF039"> </a></td><td>DF039: Demens uden specifikation</td></tr><tr><td style="white-space:nowrap">DI110<a name="MorsDiagnosekoder-DI110"> </a></td><td>DI110: Incompensatio corids hypertensiva</td></tr><tr><td style="white-space:nowrap">DI219<a name="MorsDiagnosekoder-DI219"> </a></td><td>DI219: Akut myokardieinfarkt (AMI uden specifikation</td></tr><tr><td style="white-space:nowrap">DI269<a name="MorsDiagnosekoder-DI269"> </a></td><td>DI269: Embolia pulmonis u akut cor pulmonale</td></tr><tr><td style="white-space:nowrap">DI461<a name="MorsDiagnosekoder-DI461"> </a></td><td>DI461: Pludselig hjertedød</td></tr><tr><td style="white-space:nowrap">DI509<a name="MorsDiagnosekoder-DI509"> </a></td><td>DI509: Hjerteinkompensation udne specifikation</td></tr><tr><td style="white-space:nowrap">DI649<a name="MorsDiagnosekoder-DI649"> </a></td><td>DI649: Apoplexia cerebri uden specifikation</td></tr><tr><td style="white-space:nowrap">DI772<a name="MorsDiagnosekoder-DI772"> </a></td><td>DI772: Ruptura arteriae</td></tr><tr><td style="white-space:nowrap">DJ129<a name="MorsDiagnosekoder-DJ129"> </a></td><td>DJ129: Viruspneumoni uden specifikation</td></tr><tr><td style="white-space:nowrap">DJ159<a name="MorsDiagnosekoder-DJ159"> </a></td><td>DJ159: Bakteriel pneumoni uden specifikation</td></tr><tr><td style="white-space:nowrap">DJ168<a name="MorsDiagnosekoder-DJ168"> </a></td><td>DJ168: Pneumonier forårsaget af andre specificerede infekt agentia</td></tr><tr><td style="white-space:nowrap">DJ449<a name="MorsDiagnosekoder-DJ449"> </a></td><td>DJ449: Kronisk obstruktiv lungesygdom uden specifikation</td></tr><tr><td style="white-space:nowrap">DK281<a name="MorsDiagnosekoder-DK281"> </a></td><td>DK281: Ulcus gastrojejunale pepticum acutum m perforation</td></tr><tr><td style="white-space:nowrap">DK550<a name="MorsDiagnosekoder-DK550"> </a></td><td>DK550: Akut karsygdom i tarm</td></tr><tr><td style="white-space:nowrap">DK631<a name="MorsDiagnosekoder-DK631"> </a></td><td>DK631: Perforatio intestini non traumatica</td></tr><tr><td style="white-space:nowrap">DK638C<a name="MorsDiagnosekoder-DK638C"> </a></td><td>DK638C: Haemorrhagia tractus gastrointestinalis</td></tr><tr><td style="white-space:nowrap">DK650<a name="MorsDiagnosekoder-DK650"> </a></td><td>DK650: Peritonitis acuta</td></tr><tr><td style="white-space:nowrap">DK668<a name="MorsDiagnosekoder-DK668"> </a></td><td>DK668: Sygdom i bughinde, andre specificerede</td></tr><tr><td style="white-space:nowrap">DK719<a name="MorsDiagnosekoder-DK719"> </a></td><td>DK719: Toksisk leversygdom uden specifikation</td></tr><tr><td style="white-space:nowrap">DK729<a name="MorsDiagnosekoder-DK729"> </a></td><td>DK729: Leversvigt uden specifikation</td></tr><tr><td style="white-space:nowrap">DK746<a name="MorsDiagnosekoder-DK746"> </a></td><td>DK746: Cirrhosis hepatis, anden og uden specifikation</td></tr><tr><td style="white-space:nowrap">DK859<a name="MorsDiagnosekoder-DK859"> </a></td><td>DK859: Pancreatitis acuta</td></tr><tr><td style="white-space:nowrap">DN188B<a name="MorsDiagnosekoder-DN188B"> </a></td><td>DN188B: Pericarditis, uræmisk</td></tr><tr><td style="white-space:nowrap">DN199<a name="MorsDiagnosekoder-DN199"> </a></td><td>DN199: Uræmi uden specifikation</td></tr><tr><td style="white-space:nowrap">DQ446<a name="MorsDiagnosekoder-DQ446"> </a></td><td>DQ446: Hepar cysticum congenitum</td></tr><tr><td style="white-space:nowrap">DR589<a name="MorsDiagnosekoder-DR589"> </a></td><td>DR589: Haemorrhagia uden specifikation</td></tr><tr><td style="white-space:nowrap">DR649<a name="MorsDiagnosekoder-DR649"> </a></td><td>DR649: Cachexia</td></tr><tr><td style="white-space:nowrap">DR999<a name="MorsDiagnosekoder-DR999"> </a></td><td>DR999: Mors uden specifkation</td></tr><tr><td style="white-space:nowrap">DT758<a name="MorsDiagnosekoder-DT758"> </a></td><td>DT758: Skader af ydre påvirkninger, andre specificerede</td></tr><tr><td style="white-space:nowrap">DT810<a name="MorsDiagnosekoder-DT810"> </a></td><td>DT810: Haemorrhagia postop et haematoma postop ikke klas ansted</td></tr><tr><td style="white-space:nowrap">DT824<a name="MorsDiagnosekoder-DT824"> </a></td><td>DT824: Complicatio katherisationis vasorum dialyseos</td></tr><tr><td style="white-space:nowrap">DT888<a name="MorsDiagnosekoder-DT888"> </a></td><td>DT888: Kompl til kir og med beh ikke klass ansted, andre spec</td></tr><tr><td style="white-space:nowrap">DZ915<a name="MorsDiagnosekoder-DZ915"> </a></td><td>DZ915: Selvpåført skade</td></tr></table></div></text><url value="https://kip.rkkp.dk/fhir/CodeSystem/MorsDiagnosekoder"/><version value="0.1.6"/><name value="MorsDiagnosekoder"/><title value="Mors Diagnosekoder (DNSL)"/><status value="active"/><date value="2024-01-31T00:00:00+02:00"/><publisher value="Sundhedsvæsnets Kvalistetsinstitut with Trifork Digital Health A/S"/><contact><name value="Sundhedsvæsnets Kvalistetsinstitut with Trifork Digital Health A/S"/><telecom><system value="url"/><value value="https://trifork.com"/></telecom><telecom><system value="email"/><value value="rbk@trifork.com"/></telecom></contact><description value="Mors Diagnosekoder (DNSL)"/><caseSensitive value="false"/><content value="complete"/><count value="47"/><concept><code value="DA162"/><display value="DA162: Lungetuberkulose u angivelse af bakt eller hist verif"/></concept><concept><code value="DA188"/><display value="DA188: Tuberkulose i andre specificerede organer"/></concept><concept><code value="DA419"/><display value="DA419: Septikæmi uden specifikation"/></concept><concept><code value="DB181"/><display value="DB181: Hepatitis B viralis Chronica u Delta agens"/></concept><concept><code value="DB182"/><display value="DB182: Hepatitis C viralis chronica"/></concept><concept><code value="DB188"/><display value="DB188: Hepatitis viralis Chronica alia"/></concept><concept><code value="DB349"/><display value="DB349: Virusinfektion uden specifikation"/></concept><concept><code value="DB999"/><display value="DB999: Andre og ikke specificerede infektiøse sygdomme"/></concept><concept><code value="DD489"/><display value="DD489: Neopl uden specifikation og lokalisation"/></concept><concept><code value="DD629"/><display value="DD629: Akut anæmi efter blødning"/></concept><concept><code value="DD729"/><display value="DD729: Sygdomme i hvide blodlegemer uden specifikation"/></concept><concept><code value="DE875"/><display value="DE875: Kaliumoverskud"/></concept><concept><code value="DE876A"/><display value="DE876A: Hypokaliæmi"/></concept><concept><code value="DE877"/><display value="DE877: Væskeoverskud"/></concept><concept><code value="DF039"/><display value="DF039: Demens uden specifikation"/></concept><concept><code value="DI110"/><display value="DI110: Incompensatio corids hypertensiva"/></concept><concept><code value="DI219"/><display value="DI219: Akut myokardieinfarkt (AMI uden specifikation"/></concept><concept><code value="DI269"/><display value="DI269: Embolia pulmonis u akut cor pulmonale"/></concept><concept><code value="DI461"/><display value="DI461: Pludselig hjertedød"/></concept><concept><code value="DI509"/><display value="DI509: Hjerteinkompensation udne specifikation"/></concept><concept><code value="DI649"/><display value="DI649: Apoplexia cerebri uden specifikation"/></concept><concept><code value="DI772"/><display value="DI772: Ruptura arteriae"/></concept><concept><code value="DJ129"/><display value="DJ129: Viruspneumoni uden specifikation"/></concept><concept><code value="DJ159"/><display value="DJ159: Bakteriel pneumoni uden specifikation"/></concept><concept><code value="DJ168"/><display value="DJ168: Pneumonier forårsaget af andre specificerede infekt agentia"/></concept><concept><code value="DJ449"/><display value="DJ449: Kronisk obstruktiv lungesygdom uden specifikation"/></concept><concept><code value="DK281"/><display value="DK281: Ulcus gastrojejunale pepticum acutum m perforation"/></concept><concept><code value="DK550"/><display value="DK550: Akut karsygdom i tarm"/></concept><concept><code value="DK631"/><display value="DK631: Perforatio intestini non traumatica"/></concept><concept><code value="DK638C"/><display value="DK638C: Haemorrhagia tractus gastrointestinalis"/></concept><concept><code value="DK650"/><display value="DK650: Peritonitis acuta"/></concept><concept><code value="DK668"/><display value="DK668: Sygdom i bughinde, andre specificerede"/></concept><concept><code value="DK719"/><display value="DK719: Toksisk leversygdom uden specifikation"/></concept><concept><code value="DK729"/><display value="DK729: Leversvigt uden specifikation"/></concept><concept><code value="DK746"/><display value="DK746: Cirrhosis hepatis, anden og uden specifikation"/></concept><concept><code value="DK859"/><display value="DK859: Pancreatitis acuta"/></concept><concept><code value="DN188B"/><display value="DN188B: Pericarditis, uræmisk"/></concept><concept><code value="DN199"/><display value="DN199: Uræmi uden specifikation"/></concept><concept><code value="DQ446"/><display value="DQ446: Hepar cysticum congenitum"/></concept><concept><code value="DR589"/><display value="DR589: Haemorrhagia uden specifikation"/></concept><concept><code value="DR649"/><display value="DR649: Cachexia"/></concept><concept><code value="DR999"/><display value="DR999: Mors uden specifkation"/></concept><concept><code value="DT758"/><display value="DT758: Skader af ydre påvirkninger, andre specificerede"/></concept><concept><code value="DT810"/><display value="DT810: Haemorrhagia postop et haematoma postop ikke klas ansted"/></concept><concept><code value="DT824"/><display value="DT824: Complicatio katherisationis vasorum dialyseos"/></concept><concept><code value="DT888"/><display value="DT888: Kompl til kir og med beh ikke klass ansted, andre spec"/></concept><concept><code value="DZ915"/><display value="DZ915: Selvpåført skade"/></concept></CodeSystem>