<?xml version="1.0" encoding="UTF-8"?><CodeSystem xmlns="http://hl7.org/fhir"><id value="OperationCanal"/><text><status value="generated"/><div xmlns="http://www.w3.org/1999/xhtml"><p class="res-header-id"><b>Generated Narrative: CodeSystem OperationCanal</b></p><a name="OperationCanal"> </a><a name="hcOperationCanal"> </a><a name="OperationCanal-en-US"> </a><p>This case-insensitive code system <code>https://kip.rkkp.dk/fhir/CodeSystem/OperationCanal</code> defines the following codes:</p><table class="codes"><tr><td style="white-space:nowrap"><b>Code</b></td><td><b>Display</b></td><td><b>Definition</b></td></tr><tr><td style="white-space:nowrap">1_canal<a name="OperationCanal-1_canal"> </a></td><td>1 canal</td><td>1 canal / 1 kanal</td></tr><tr><td style="white-space:nowrap">2_canals<a name="OperationCanal-2_canals"> </a></td><td>2 canals</td><td>2 canals / 2 kanaler</td></tr><tr><td style="white-space:nowrap">transtibial<a name="OperationCanal-transtibial"> </a></td><td>Transtibial</td><td>Transtibial</td></tr><tr><td style="white-space:nowrap">anatomical<a name="OperationCanal-anatomical"> </a></td><td>Anatomical</td><td>Anatomical / Anatomisk</td></tr></table></div></text><url value="https://kip.rkkp.dk/fhir/CodeSystem/OperationCanal"/><version value="0.2.1"/><name value="OperationCanal"/><title value="Operation canal"/><status value="active"/><date value="2022-09-15T00:00:00+02:00"/><publisher value="Sundhedsvæsnets Kvalistetsinstitut with Trifork Digital Health A/S"/><contact><name value="Sundhedsvæsnets Kvalistetsinstitut with Trifork Digital Health A/S"/><telecom><system value="url"/><value value="https://trifork.com"/></telecom><telecom><system value="email"/><value value="rbk@trifork.com"/></telecom></contact><description value="Operation canal"/><caseSensitive value="false"/><content value="complete"/><count value="4"/><concept><code value="1_canal"/><display value="1 canal"/><definition value="1 canal / 1 kanal"/></concept><concept><code value="2_canals"/><display value="2 canals"/><definition value="2 canals / 2 kanaler"/></concept><concept><code value="transtibial"/><display value="Transtibial"/><definition value="Transtibial"/></concept><concept><code value="anatomical"/><display value="Anatomical"/><definition value="Anatomical / Anatomisk"/></concept></CodeSystem>