<?xml version="1.0" encoding="UTF-8"?><CodeSystem xmlns="http://hl7.org/fhir"><id value="ProcedureReasons"/><text><status value="generated"/><div xmlns="http://www.w3.org/1999/xhtml"><p class="res-header-id"><b>Generated Narrative: CodeSystem ProcedureReasons</b></p><a name="ProcedureReasons"> </a><a name="hcProcedureReasons"> </a><a name="ProcedureReasons-en-US"> </a><p>This case-insensitive code system <code>https://kip.rkkp.dk/fhir/CodeSystem/ProcedureReasons</code> defines the following codes:</p><table class="codes"><tr><td style="white-space:nowrap"><b>Code</b></td><td><b>Display</b></td><td><b>Definition</b></td></tr><tr><td style="white-space:nowrap">patients_wish<a name="ProcedureReasons-patients_wish"> </a></td><td>Patient's wish</td><td>Patient's wish / Patientønske</td></tr><tr><td style="white-space:nowrap">non_resectable<a name="ProcedureReasons-non_resectable"> </a></td><td>Non resectable</td><td>Non resectable / Ikke resektabel</td></tr><tr><td style="white-space:nowrap">non_operable<a name="ProcedureReasons-non_operable"> </a></td><td>Non operable</td><td>Patienten er blevet non-operabel</td></tr><tr><td style="white-space:nowrap">disseminated_disease<a name="ProcedureReasons-disseminated_disease"> </a></td><td>Disseminated disease</td><td>Disseminated disease / Dissemineret sygdom</td></tr></table></div></text><url value="https://kip.rkkp.dk/fhir/CodeSystem/ProcedureReasons"/><version value="2.9.3"/><name value="ProcedureReasons"/><title value="Reasons for procedure"/><status value="active"/><date value="2022-06-03T00:00:00+02:00"/><publisher value="Sundhedsvæsenets Kvalitetsinstitut with Trifork Digital Health A/S"/><contact><name value="Sundhedsvæsenets Kvalitetsinstitut with Trifork Digital Health A/S"/><telecom><system value="url"/><value value="https://trifork.com"/></telecom><telecom><system value="email"/><value value="rbk@trifork.com"/></telecom></contact><description value="Reasons for procedure"/><caseSensitive value="false"/><content value="complete"/><count value="4"/><concept><code value="patients_wish"/><display value="Patient's wish"/><definition value="Patient's wish / Patientønske"/></concept><concept><code value="non_resectable"/><display value="Non resectable"/><definition value="Non resectable / Ikke resektabel"/></concept><concept><code value="non_operable"/><display value="Non operable"/><definition value="Patienten er blevet non-operabel"/></concept><concept><code value="disseminated_disease"/><display value="Disseminated disease"/><definition value="Disseminated disease / Dissemineret sygdom"/></concept></CodeSystem>