<?xml version="1.0" encoding="UTF-8"?><CodeSystem xmlns="http://hl7.org/fhir"><id value="StemCellType"/><text><status value="generated"/><div xmlns="http://www.w3.org/1999/xhtml"><p class="res-header-id"><b>Generated Narrative: CodeSystem StemCellType</b></p><a name="StemCellType"> </a><a name="hcStemCellType"> </a><a name="StemCellType-en-US"> </a><p>This case-insensitive code system <code>https://kip.rkkp.dk/fhir/CodeSystem/StemCellType</code> defines the following codes:</p><table class="codes"><tr><td style="white-space:nowrap"><b>Code</b></td><td><b>Display</b></td><td><b>Definition</b></td></tr><tr><td style="white-space:nowrap">bone_marrow<a name="StemCellType-bone_marrow"> </a></td><td>Bone marrow stromal stem cell</td><td>Bone marrow stromal stem cell / SNOMED-CT: 418460001</td></tr><tr><td style="white-space:nowrap">peripheral_blood<a name="StemCellType-peripheral_blood"> </a></td><td>Peripheral blood stem cell</td><td>Peripheral blood stem cell / SNOMED-CT: 419583006</td></tr></table></div></text><url value="https://kip.rkkp.dk/fhir/CodeSystem/StemCellType"/><version value="0.1.6"/><name value="StemCellType"/><title value="Stem cell type"/><status value="active"/><date value="2022-06-07T00:00:00+02:00"/><publisher value="Sundhedsvæsnets Kvalistetsinstitut with Trifork Digital Health A/S"/><contact><name value="Sundhedsvæsnets Kvalistetsinstitut with Trifork Digital Health A/S"/><telecom><system value="url"/><value value="https://trifork.com"/></telecom><telecom><system value="email"/><value value="rbk@trifork.com"/></telecom></contact><description value="Stem cell type"/><caseSensitive value="false"/><content value="complete"/><count value="2"/><concept><code value="bone_marrow"/><display value="Bone marrow stromal stem cell"/><definition value="Bone marrow stromal stem cell / SNOMED-CT: 418460001"/></concept><concept><code value="peripheral_blood"/><display value="Peripheral blood stem cell"/><definition value="Peripheral blood stem cell / SNOMED-CT: 419583006"/></concept></CodeSystem>