<?xml version="1.0" encoding="UTF-8"?><CodeSystem xmlns="http://hl7.org/fhir"><id value="HarrisHipScoreLimp"/><text><status value="generated"/><div xmlns="http://www.w3.org/1999/xhtml"><p class="res-header-id"><b>Generated Narrative: CodeSystem HarrisHipScoreLimp</b></p><a name="HarrisHipScoreLimp"> </a><a name="hcHarrisHipScoreLimp"> </a><a name="HarrisHipScoreLimp-en-US"> </a><p>This case-insensitive code system <code>https://kip.rkkp.dk/fhir/CodeSystem/HarrisHipScoreLimp</code> defines the following codes:</p><table class="codes"><tr><td style="white-space:nowrap"><b>Code</b></td><td><b>Display</b></td><td><b>Definition</b></td></tr><tr><td style="white-space:nowrap">11<a name="HarrisHipScoreLimp-11"> </a></td><td>None</td><td>None (11)</td></tr><tr><td style="white-space:nowrap">8<a name="HarrisHipScoreLimp-8"> </a></td><td>Slight</td><td>Slight (8)</td></tr><tr><td style="white-space:nowrap">5<a name="HarrisHipScoreLimp-5"> </a></td><td>Moderate</td><td>Moderate (5)</td></tr><tr><td style="white-space:nowrap">0<a name="HarrisHipScoreLimp-0"> </a></td><td>Severe</td><td>Severe (0)</td></tr></table></div></text><url value="https://kip.rkkp.dk/fhir/CodeSystem/HarrisHipScoreLimp"/><version value="2.9.3"/><name value="HarrisHipScoreLimp"/><title value="Harris Hip Score (HHS) - Limp"/><status value="active"/><date value="2022-07-06T00:00:00+02:00"/><publisher value="Sundhedsvæsenets Kvalitetsinstitut with Trifork Digital Health A/S"/><contact><name value="Sundhedsvæsenets Kvalitetsinstitut with Trifork Digital Health A/S"/><telecom><system value="url"/><value value="https://trifork.com"/></telecom><telecom><system value="email"/><value value="rbk@trifork.com"/></telecom></contact><description value="Harris Hip Score (HHS) - Limp. Link: https://www.orthopaedicscore.com/scorepages/harris_hip_score.html"/><caseSensitive value="false"/><content value="complete"/><count value="4"/><concept><code value="11"/><display value="None"/><definition value="None (11)"/></concept><concept><code value="8"/><display value="Slight"/><definition value="Slight (8)"/></concept><concept><code value="5"/><display value="Moderate"/><definition value="Moderate (5)"/></concept><concept><code value="0"/><display value="Severe"/><definition value="Severe (0)"/></concept></CodeSystem>