<?xml version="1.0" encoding="UTF-8"?><CodeSystem xmlns="http://hl7.org/fhir"><id value="AssessmentType"/><text><status value="generated"/><div xmlns="http://www.w3.org/1999/xhtml"><p class="res-header-id"><b>Generated Narrative: CodeSystem AssessmentType</b></p><a name="AssessmentType"> </a><a name="hcAssessmentType"> </a><a name="AssessmentType-en-US"> </a><p>This case-insensitive code system <code>https://kip.rkkp.dk/fhir/CodeSystem/AssessmentType</code> defines the following codes:</p><table class="codes"><tr><td style="white-space:nowrap"><b>Code</b></td><td><b>Display</b></td><td><b>Definition</b></td></tr><tr><td style="white-space:nowrap">clinical<a name="AssessmentType-clinical"> </a></td><td>Clinical</td><td>Clinical / Klinisk / SNOMED-CT: 58147004</td></tr><tr><td style="white-space:nowrap">genetic_counseling<a name="AssessmentType-genetic_counseling"> </a></td><td>Genetic counseling</td><td>Genetic counseling / Genetisk rådgivning / SNOMED-CT: 79841006</td></tr><tr><td style="white-space:nowrap">primary_dementia_assessment<a name="AssessmentType-primary_dementia_assessment"> </a></td><td>Primary dementia assessment</td><td>Primary dementia assessment / Primær demensudredning</td></tr><tr><td style="white-space:nowrap">second_opinion<a name="AssessmentType-second_opinion"> </a></td><td>Second opinion</td><td>Second opinion</td></tr><tr><td style="white-space:nowrap">referred_again_behavioral_problems<a name="AssessmentType-referred_again_behavioral_problems"> </a></td><td>Referred again beacause of behavioral problems</td><td>Referred again beacause of behavioral problems / Genhenvist pga. adfærdsforstyrrelser</td></tr><tr><td style="white-space:nowrap">referred_again_dementia_treatment<a name="AssessmentType-referred_again_dementia_treatment"> </a></td><td>Referred again beacause of dementia treatment</td><td>Referred again beacause of dementia treatment / Genhenvist pga. demensbehandling</td></tr><tr><td style="white-space:nowrap">revisited_primary_assessment<a name="AssessmentType-revisited_primary_assessment"> </a></td><td>Revisited for primary assessment</td><td>Revisited for primary assessment / Omvisiteret til primær udredning</td></tr><tr><td style="white-space:nowrap">no_wish_for_assessment<a name="AssessmentType-no_wish_for_assessment"> </a></td><td>Patient wishes for no further assessment</td><td>Patient wishes for no further assessment / Patient ønsker ikke yderligere undersøgelser</td></tr></table></div></text><url value="https://kip.rkkp.dk/fhir/CodeSystem/AssessmentType"/><version value="0.1.8"/><name value="AssessmentType"/><title value="Assessment type"/><status value="active"/><date value="2022-07-19T00:00:00+02:00"/><publisher value="Sundhedsvæsnets Kvalistetsinstitut with Trifork Digital Health A/S"/><contact><name value="Sundhedsvæsnets Kvalistetsinstitut with Trifork Digital Health A/S"/><telecom><system value="url"/><value value="https://trifork.com"/></telecom><telecom><system value="email"/><value value="rbk@trifork.com"/></telecom></contact><description value="Assessment type"/><caseSensitive value="false"/><content value="complete"/><count value="8"/><concept><code value="clinical"/><display value="Clinical"/><definition value="Clinical / Klinisk / SNOMED-CT: 58147004"/></concept><concept><code value="genetic_counseling"/><display value="Genetic counseling"/><definition value="Genetic counseling / Genetisk rådgivning / SNOMED-CT: 79841006"/></concept><concept><code value="primary_dementia_assessment"/><display value="Primary dementia assessment"/><definition value="Primary dementia assessment / Primær demensudredning"/></concept><concept><code value="second_opinion"/><display value="Second opinion"/><definition value="Second opinion"/></concept><concept><code value="referred_again_behavioral_problems"/><display value="Referred again beacause of behavioral problems"/><definition value="Referred again beacause of behavioral problems / Genhenvist pga. adfærdsforstyrrelser"/></concept><concept><code value="referred_again_dementia_treatment"/><display value="Referred again beacause of dementia treatment"/><definition value="Referred again beacause of dementia treatment / Genhenvist pga. demensbehandling"/></concept><concept><code value="revisited_primary_assessment"/><display value="Revisited for primary assessment"/><definition value="Revisited for primary assessment / Omvisiteret til primær udredning"/></concept><concept><code value="no_wish_for_assessment"/><display value="Patient wishes for no further assessment"/><definition value="Patient wishes for no further assessment / Patient ønsker ikke yderligere undersøgelser"/></concept></CodeSystem>