<?xml version="1.0" encoding="UTF-8"?><CodeSystem xmlns="http://hl7.org/fhir"><id value="TreatmentSufficient"/><text><status value="generated"/><div xmlns="http://www.w3.org/1999/xhtml"><p class="res-header-id"><b>Generated Narrative: CodeSystem TreatmentSufficient</b></p><a name="TreatmentSufficient"> </a><a name="hcTreatmentSufficient"> </a><a name="TreatmentSufficient-en-US"> </a><p>This  code system <code>https://kip.rkkp.dk/fhir/CodeSystem/TreatmentSufficient</code> defines the following codes:</p><table class="codes"><tr><td style="white-space:nowrap"><b>Code</b></td><td><b>Display</b></td><td><b>Definition</b></td></tr><tr><td style="white-space:nowrap">insufficient<a name="TreatmentSufficient-insufficient"> </a></td><td>Insufficient treatment</td><td>Insufficient treatment</td></tr><tr><td style="white-space:nowrap">sufficient<a name="TreatmentSufficient-sufficient"> </a></td><td>Sufficient treatment</td><td>Sufficient treatment</td></tr></table></div></text><url value="https://kip.rkkp.dk/fhir/CodeSystem/TreatmentSufficient"/><version value="0.1.8"/><name value="TreatmentSufficient"/><title value="Treatment sufficient"/><status value="active"/><date value="2022-06-29T00:00:00+02:00"/><publisher value="Sundhedsvæsnets Kvalistetsinstitut with Trifork Digital Health A/S"/><contact><name value="Sundhedsvæsnets Kvalistetsinstitut with Trifork Digital Health A/S"/><telecom><system value="url"/><value value="https://trifork.com"/></telecom><telecom><system value="email"/><value value="rbk@trifork.com"/></telecom></contact><description value="Treatment sufficient"/><content value="complete"/><count value="2"/><concept><code value="insufficient"/><display value="Insufficient treatment"/><definition value="Insufficient treatment"/></concept><concept><code value="sufficient"/><display value="Sufficient treatment"/><definition value="Sufficient treatment"/></concept></CodeSystem>