<?xml version="1.0" encoding="UTF-8"?><CodeSystem xmlns="http://hl7.org/fhir"><id value="MeshTechnique"/><text><status value="generated"/><div xmlns="http://www.w3.org/1999/xhtml"><p class="res-header-id"><b>Generated Narrative: CodeSystem MeshTechnique</b></p><a name="MeshTechnique"> </a><a name="hcMeshTechnique"> </a><a name="MeshTechnique-en-US"> </a><p>This case-insensitive code system <code>https://kip.sundk.dk/fhir/CodeSystem/MeshTechnique</code> defines the following codes:</p><table class="codes"><tr><td style="white-space:nowrap"><b>Code</b></td><td><b>Display</b></td><td><b>Definition</b></td></tr><tr><td style="white-space:nowrap">keyhole<a name="MeshTechnique-keyhole"> </a></td><td>Keyhole technique</td><td>Keyhole technique / Keyhole teknik</td></tr><tr><td style="white-space:nowrap">sugarbaker<a name="MeshTechnique-sugarbaker"> </a></td><td>Sugarbaker technique</td><td>Sugarbaker technique / Sugarbaker teknik</td></tr><tr><td style="white-space:nowrap">combined<a name="MeshTechnique-combined"> </a></td><td>Combined Keyhole and Sugerbaker technique</td><td>Combined Keyhole and Sugerbaker technique / Kombineret Keyhole og Sugarbaker teknik</td></tr><tr><td style="white-space:nowrap">preperitoneal<a name="MeshTechnique-preperitoneal"> </a></td><td>Preperitoneal technique</td><td>Preperitoneal technique / Præperitoneal teknik</td></tr><tr><td style="white-space:nowrap">retromuscular<a name="MeshTechnique-retromuscular"> </a></td><td>Retromuscular mesh repair technique (Pauli)</td><td>Retromuscular technique / Retromuskulær teknik</td></tr></table></div></text><url value="https://kip.sundk.dk/fhir/CodeSystem/MeshTechnique"/><version value="0.0.9"/><name value="MeshTechnique"/><title value="Mesh technique"/><status value="active"/><date value="2022-07-21T00:00:00+02:00"/><publisher value="Sundhedsvæsnets Kvalistetsinstitut with Trifork Public A/S"/><contact><name value="Sundhedsvæsnets Kvalistetsinstitut with Trifork Public A/S"/><telecom><system value="url"/><value value="https://trifork.com"/></telecom><telecom><system value="email"/><value value="rbk@trifork.com"/></telecom></contact><description value="Mesh technique"/><caseSensitive value="false"/><content value="complete"/><count value="5"/><concept><code value="keyhole"/><display value="Keyhole technique"/><definition value="Keyhole technique / Keyhole teknik"/></concept><concept><code value="sugarbaker"/><display value="Sugarbaker technique"/><definition value="Sugarbaker technique / Sugarbaker teknik"/></concept><concept><code value="combined"/><display value="Combined Keyhole and Sugerbaker technique"/><definition value="Combined Keyhole and Sugerbaker technique / Kombineret Keyhole og Sugarbaker teknik"/></concept><concept><code value="preperitoneal"/><display value="Preperitoneal technique"/><definition value="Preperitoneal technique / Præperitoneal teknik"/></concept><concept><code value="retromuscular"/><display value="Retromuscular mesh repair technique (Pauli)"/><definition value="Retromuscular technique / Retromuskulær teknik"/></concept></CodeSystem>