<?xml version="1.0" encoding="UTF-8"?><CodeSystem xmlns="http://hl7.org/fhir"><id value="EHSIncisionalHerniaClassification"/><text><status value="generated"/><div xmlns="http://www.w3.org/1999/xhtml"><p class="res-header-id"><b>Generated Narrative: CodeSystem EHSIncisionalHerniaClassification</b></p><a name="EHSIncisionalHerniaClassification"> </a><a name="hcEHSIncisionalHerniaClassification"> </a><a name="EHSIncisionalHerniaClassification-en-US"> </a><p>This case-insensitive code system <code>https://kip.rkkp.dk/fhir/CodeSystem/EHSIncisionalHerniaClassification</code> defines the following codes:</p><table class="codes"><tr><td style="white-space:nowrap"><b>Code</b></td><td><b>Display</b></td><td><b>Definition</b></td></tr><tr><td style="white-space:nowrap">m1<a name="EHSIncisionalHerniaClassification-m1"> </a></td><td>M1</td><td>M1 - Subxiphoidal</td></tr><tr><td style="white-space:nowrap">m2<a name="EHSIncisionalHerniaClassification-m2"> </a></td><td>M2</td><td>M2 - Epigastric</td></tr><tr><td style="white-space:nowrap">m3<a name="EHSIncisionalHerniaClassification-m3"> </a></td><td>M3</td><td>M3 - Umbilical</td></tr><tr><td style="white-space:nowrap">m4<a name="EHSIncisionalHerniaClassification-m4"> </a></td><td>M4</td><td>M4 - Infraumbilical</td></tr><tr><td style="white-space:nowrap">m5<a name="EHSIncisionalHerniaClassification-m5"> </a></td><td>M5</td><td>M5 - Suprapubic</td></tr><tr><td style="white-space:nowrap">l1<a name="EHSIncisionalHerniaClassification-l1"> </a></td><td>L1</td><td>L1 - Subcostal</td></tr><tr><td style="white-space:nowrap">l2<a name="EHSIncisionalHerniaClassification-l2"> </a></td><td>L2</td><td>L2 - Flank</td></tr><tr><td style="white-space:nowrap">l3<a name="EHSIncisionalHerniaClassification-l3"> </a></td><td>L3</td><td>L3 - Iliac</td></tr><tr><td style="white-space:nowrap">l4<a name="EHSIncisionalHerniaClassification-l4"> </a></td><td>L4</td><td>L4 - Lumbar</td></tr><tr><td style="white-space:nowrap">l1l<a name="EHSIncisionalHerniaClassification-l1l"> </a></td><td>L1</td><td>L1 - Subcostal (Left)</td></tr><tr><td style="white-space:nowrap">l2l<a name="EHSIncisionalHerniaClassification-l2l"> </a></td><td>L2</td><td>L2 - Flank (Left)</td></tr><tr><td style="white-space:nowrap">l3l<a name="EHSIncisionalHerniaClassification-l3l"> </a></td><td>L3</td><td>L3 - Iliac (Left)</td></tr><tr><td style="white-space:nowrap">l4l<a name="EHSIncisionalHerniaClassification-l4l"> </a></td><td>L4</td><td>L4 - Lumbar (Left)</td></tr><tr><td style="white-space:nowrap">l1r<a name="EHSIncisionalHerniaClassification-l1r"> </a></td><td>L1</td><td>L1 - Subcostal (Right)</td></tr><tr><td style="white-space:nowrap">l2r<a name="EHSIncisionalHerniaClassification-l2r"> </a></td><td>L2</td><td>L2 - Flank (Right)</td></tr><tr><td style="white-space:nowrap">l3r<a name="EHSIncisionalHerniaClassification-l3r"> </a></td><td>L3</td><td>L3 - Iliac (Right)</td></tr><tr><td style="white-space:nowrap">l4r<a name="EHSIncisionalHerniaClassification-l4r"> </a></td><td>L4</td><td>L4 - Lumbar (Right)</td></tr></table></div></text><url value="https://kip.rkkp.dk/fhir/CodeSystem/EHSIncisionalHerniaClassification"/><version value="2.9.3"/><name value="EHSIncisionalHerniaClassification"/><title value="EHS - Incisional hernia classification"/><status value="active"/><date value="2022-06-28T00:00:00+02:00"/><publisher value="Sundhedsvæsenets Kvalitetsinstitut with Trifork Digital Health A/S"/><contact><name value="Sundhedsvæsenets Kvalitetsinstitut with Trifork Digital Health A/S"/><telecom><system value="url"/><value value="https://trifork.com"/></telecom><telecom><system value="email"/><value value="rbk@trifork.com"/></telecom></contact><description value="EHS (European Hernia Society) - Incisional hernia classification; Link: https://www.ncbi.nlm.nih.gov/pmc/articles/PMC2719726/"/><caseSensitive value="false"/><content value="complete"/><count value="17"/><concept><code value="m1"/><display value="M1"/><definition value="M1 - Subxiphoidal"/></concept><concept><code value="m2"/><display value="M2"/><definition value="M2 - Epigastric"/></concept><concept><code value="m3"/><display value="M3"/><definition value="M3 - Umbilical"/></concept><concept><code value="m4"/><display value="M4"/><definition value="M4 - Infraumbilical"/></concept><concept><code value="m5"/><display value="M5"/><definition value="M5 - Suprapubic"/></concept><concept><code value="l1"/><display value="L1"/><definition value="L1 - Subcostal"/></concept><concept><code value="l2"/><display value="L2"/><definition value="L2 - Flank"/></concept><concept><code value="l3"/><display value="L3"/><definition value="L3 - Iliac"/></concept><concept><code value="l4"/><display value="L4"/><definition value="L4 - Lumbar"/></concept><concept><code value="l1l"/><display value="L1"/><definition value="L1 - Subcostal (Left)"/></concept><concept><code value="l2l"/><display value="L2"/><definition value="L2 - Flank (Left)"/></concept><concept><code value="l3l"/><display value="L3"/><definition value="L3 - Iliac (Left)"/></concept><concept><code value="l4l"/><display value="L4"/><definition value="L4 - Lumbar (Left)"/></concept><concept><code value="l1r"/><display value="L1"/><definition value="L1 - Subcostal (Right)"/></concept><concept><code value="l2r"/><display value="L2"/><definition value="L2 - Flank (Right)"/></concept><concept><code value="l3r"/><display value="L3"/><definition value="L3 - Iliac (Right)"/></concept><concept><code value="l4r"/><display value="L4"/><definition value="L4 - Lumbar (Right)"/></concept></CodeSystem>