<?xml version="1.0" encoding="UTF-8"?><CodeSystem xmlns="http://hl7.org/fhir"><id value="EconomicSupport"/><text><status value="generated"/><div xmlns="http://www.w3.org/1999/xhtml"><p class="res-header-id"><b>Generated Narrative: CodeSystem EconomicSupport</b></p><a name="EconomicSupport"> </a><a name="hcEconomicSupport"> </a><a name="EconomicSupport-en-US"> </a><p>This case-insensitive code system <code>https://kip.rkkp.dk/fhir/CodeSystem/EconomicSupport</code> defines the following codes:</p><table class="codes"><tr><td style="white-space:nowrap"><b>Code</b></td><td><b>Display</b></td><td><b>Definition</b></td></tr><tr><td style="white-space:nowrap">salary<a name="EconomicSupport-salary"> </a></td><td>Salary</td><td>Salary / Lønindkomst</td></tr><tr><td style="white-space:nowrap">education_support<a name="EconomicSupport-education_support"> </a></td><td>Education support</td><td>Education support / Uddannelsesstøtte</td></tr><tr><td style="white-space:nowrap">cash_assistance<a name="EconomicSupport-cash_assistance"> </a></td><td>Cash assistance</td><td>Cash assistance / Kontanthjælp</td></tr><tr><td style="white-space:nowrap">pension<a name="EconomicSupport-pension"> </a></td><td>Pension</td><td>Pension</td></tr></table></div></text><url value="https://kip.rkkp.dk/fhir/CodeSystem/EconomicSupport"/><version value="2.9.3"/><name value="EconomicSupport"/><title value="Economic support"/><status value="active"/><date value="2022-09-30T00:00:00+02:00"/><publisher value="Sundhedsvæsenets Kvalitetsinstitut with Trifork Digital Health A/S"/><contact><name value="Sundhedsvæsenets Kvalitetsinstitut with Trifork Digital Health A/S"/><telecom><system value="url"/><value value="https://trifork.com"/></telecom><telecom><system value="email"/><value value="rbk@trifork.com"/></telecom></contact><description value="Economic support"/><caseSensitive value="false"/><content value="complete"/><count value="4"/><concept><code value="salary"/><display value="Salary"/><definition value="Salary / Lønindkomst"/></concept><concept><code value="education_support"/><display value="Education support"/><definition value="Education support / Uddannelsesstøtte"/></concept><concept><code value="cash_assistance"/><display value="Cash assistance"/><definition value="Cash assistance / Kontanthjælp"/></concept><concept><code value="pension"/><display value="Pension"/><definition value="Pension"/></concept></CodeSystem>