<?xml version="1.0" encoding="UTF-8"?><CodeSystem xmlns="http://hl7.org/fhir"><id value="ImplantattypeDUGA"/><text><status value="generated"/><div xmlns="http://www.w3.org/1999/xhtml"><p class="res-header-id"><b>Generated Narrative: CodeSystem ImplantattypeDUGA</b></p><a name="ImplantattypeDUGA"> </a><a name="hcImplantattypeDUGA"> </a><a name="ImplantattypeDUGA-en-US"> </a><p>This  code system <code>https://kip.rkkp.dk/fhir/CodeSystem/ImplantattypeDUGA</code> defines the following codes:</p><table class="codes"><tr><td style="white-space:nowrap"><b>Code</b></td><td><b>Display</b></td><td><b>Definition</b></td></tr><tr><td style="white-space:nowrap">mesh_resorberbar<a name="ImplantattypeDUGA-mesh_resorberbar"> </a></td><td>Syntetisk mesh, resorberbar</td><td>Syntetisk mesh, resorberbar</td></tr><tr><td style="white-space:nowrap">mesh_non_resorberbar<a name="ImplantattypeDUGA-mesh_non_resorberbar"> </a></td><td>Syntetisk mesh, non-resorberbar</td><td>Syntetisk mesh, non-resorberbar</td></tr><tr><td style="white-space:nowrap">bio_autolog_graft<a name="ImplantattypeDUGA-bio_autolog_graft"> </a></td><td>Biologisk implantat, autolog graft</td><td>Biologisk implantat, autolog graft</td></tr><tr><td style="white-space:nowrap">bio_allograft<a name="ImplantattypeDUGA-bio_allograft"> </a></td><td>Biologisk implantat, allograft</td><td>Biologisk implantat, allograft</td></tr><tr><td style="white-space:nowrap">bio_xenograft<a name="ImplantattypeDUGA-bio_xenograft"> </a></td><td>Biologisk implantat, xenograft</td><td>Biologisk implantat, xenograft</td></tr></table></div></text><url value="https://kip.rkkp.dk/fhir/CodeSystem/ImplantattypeDUGA"/><version value="0.2.1"/><name value="ImplantattypeDUGA"/><title value="Implantattype - Urogynækologi (DUGA)"/><status value="active"/><date value="2024-02-14T00:00:00+02:00"/><publisher value="Sundhedsvæsnets Kvalistetsinstitut with Trifork Digital Health A/S"/><contact><name value="Sundhedsvæsnets Kvalistetsinstitut with Trifork Digital Health A/S"/><telecom><system value="url"/><value value="https://trifork.com"/></telecom><telecom><system value="email"/><value value="rbk@trifork.com"/></telecom></contact><description value="Implantattype - Urogynækologi (DUGA)"/><content value="complete"/><count value="5"/><concept><code value="mesh_resorberbar"/><display value="Syntetisk mesh, resorberbar"/><definition value="Syntetisk mesh, resorberbar"/></concept><concept><code value="mesh_non_resorberbar"/><display value="Syntetisk mesh, non-resorberbar"/><definition value="Syntetisk mesh, non-resorberbar"/></concept><concept><code value="bio_autolog_graft"/><display value="Biologisk implantat, autolog graft"/><definition value="Biologisk implantat, autolog graft"/></concept><concept><code value="bio_allograft"/><display value="Biologisk implantat, allograft"/><definition value="Biologisk implantat, allograft"/></concept><concept><code value="bio_xenograft"/><display value="Biologisk implantat, xenograft"/><definition value="Biologisk implantat, xenograft"/></concept></CodeSystem>