<?xml version="1.0" encoding="UTF-8"?><CodeSystem xmlns="http://hl7.org/fhir"><id value="FisherGradingScale"/><text><status value="generated"/><div xmlns="http://www.w3.org/1999/xhtml"><p class="res-header-id"><b>Generated Narrative: CodeSystem FisherGradingScale</b></p><a name="FisherGradingScale"> </a><a name="hcFisherGradingScale"> </a><a name="FisherGradingScale-en-US"> </a><p>This  code system <code>https://kip.rkkp.dk/fhir/CodeSystem/FisherGradingScale</code> defines the following codes:</p><table class="codes"><tr><td style="white-space:nowrap"><b>Code</b></td><td><b>Display</b></td><td><b>Definition</b></td></tr><tr><td style="white-space:nowrap">grade1<a name="FisherGradingScale-grade1"> </a></td><td>Grade 1</td><td>Grade 1: No SAH detected</td></tr><tr><td style="white-space:nowrap">grade2<a name="FisherGradingScale-grade2"> </a></td><td>Grade 2</td><td>Grade 2: Diffuse or vertical layer of subarachnoid blood &lt; 1mm thick</td></tr><tr><td style="white-space:nowrap">grade3<a name="FisherGradingScale-grade3"> </a></td><td>Grade 3</td><td>Grade 3: Localized clot and/or vertical layer within the subarachnoid space &gt; 1mm thick</td></tr><tr><td style="white-space:nowrap">grade4<a name="FisherGradingScale-grade4"> </a></td><td>Grade 4</td><td>Grade 4: Intracerebral hemorrhage (ICH) or intraventricular hemorrhage (IVH) with diffuse or no SAH</td></tr></table></div></text><url value="https://kip.rkkp.dk/fhir/CodeSystem/FisherGradingScale"/><version value="0.1.8"/><name value="FisherGradingScale"/><title value="Fisher grading scale"/><status value="active"/><date value="2022-06-28T00:00:00+02:00"/><publisher value="Sundhedsvæsnets Kvalistetsinstitut with Trifork Digital Health A/S"/><contact><name value="Sundhedsvæsnets Kvalistetsinstitut with Trifork Digital Health A/S"/><telecom><system value="url"/><value value="https://trifork.com"/></telecom><telecom><system value="email"/><value value="rbk@trifork.com"/></telecom></contact><description value="Fisher grading scale; Link: https://radiopaedia.org/articles/fisher-scale"/><content value="complete"/><count value="4"/><concept><code value="grade1"/><display value="Grade 1"/><definition value="Grade 1: No SAH detected"/></concept><concept><code value="grade2"/><display value="Grade 2"/><definition value="Grade 2: Diffuse or vertical layer of subarachnoid blood &lt; 1mm thick"/></concept><concept><code value="grade3"/><display value="Grade 3"/><definition value="Grade 3: Localized clot and/or vertical layer within the subarachnoid space &gt; 1mm thick"/></concept><concept><code value="grade4"/><display value="Grade 4"/><definition value="Grade 4: Intracerebral hemorrhage (ICH) or intraventricular hemorrhage (IVH) with diffuse or no SAH"/></concept></CodeSystem>