<?xml version="1.0" encoding="UTF-8"?><CodeSystem xmlns="http://hl7.org/fhir"><id value="AneurysmClosure"/><text><status value="generated"/><div xmlns="http://www.w3.org/1999/xhtml"><p class="res-header-id"><b>Generated Narrative: CodeSystem AneurysmClosure</b></p><a name="AneurysmClosure"> </a><a name="hcAneurysmClosure"> </a><a name="AneurysmClosure-en-US"> </a><p>This  code system <code>https://kip.rkkp.dk/fhir/CodeSystem/AneurysmClosure</code> defines the following codes:</p><table class="codes"><tr><td style="white-space:nowrap"><b>Code</b></td><td><b>Display</b></td><td><b>Definition</b></td></tr><tr><td style="white-space:nowrap">full<a name="AneurysmClosure-full"> </a></td><td>Full</td><td>Full closure</td></tr><tr><td style="white-space:nowrap">partial<a name="AneurysmClosure-partial"> </a></td><td>Partial</td><td>partial closure</td></tr></table></div></text><url value="https://kip.rkkp.dk/fhir/CodeSystem/AneurysmClosure"/><version value="2.9.0"/><name value="AneurysmClosure"/><title value="Aneurysm closure"/><status value="active"/><date value="2022-06-29T00:00:00+02:00"/><publisher value="Sundhedsvæsnets Kvalistetsinstitut with Trifork Digital Health A/S"/><contact><name value="Sundhedsvæsnets Kvalistetsinstitut with Trifork Digital Health A/S"/><telecom><system value="url"/><value value="https://trifork.com"/></telecom><telecom><system value="email"/><value value="rbk@trifork.com"/></telecom></contact><description value="Aneurysm closure - Degree of closure"/><content value="complete"/><count value="2"/><concept><code value="full"/><display value="Full"/><definition value="Full closure"/></concept><concept><code value="partial"/><display value="Partial"/><definition value="partial closure"/></concept></CodeSystem>