<?xml version="1.0" encoding="UTF-8"?><CodeSystem xmlns="http://hl7.org/fhir"><id value="HjertestopAarsag"/><text><status value="generated"/><div xmlns="http://www.w3.org/1999/xhtml"><p class="res-header-id"><b>Generated Narrative: CodeSystem HjertestopAarsag</b></p><a name="HjertestopAarsag"> </a><a name="hcHjertestopAarsag"> </a><a name="HjertestopAarsag-en-US"> </a><p>This  code system <code>https://kip.rkkp.dk/fhir/CodeSystem/HjertestopAarsag</code> defines the following codes:</p><table class="codes"><tr><td style="white-space:nowrap"><b>Code</b></td><td><b>Display</b></td><td><b>Definition</b></td></tr><tr><td style="white-space:nowrap">non_kardial<a name="HjertestopAarsag-non_kardial"> </a></td><td>Non-kardial</td><td>Non-kardial</td></tr><tr><td style="white-space:nowrap">formodet_kardial<a name="HjertestopAarsag-formodet_kardial"> </a></td><td>Formodet kardial</td><td>Formodet kardial</td></tr></table></div></text><url value="https://kip.rkkp.dk/fhir/CodeSystem/HjertestopAarsag"/><version value="2.9.0"/><name value="HjertestopAarsag"/><title value="Hjertestop Årsag"/><status value="active"/><date value="2022-06-29T00:00:00+02:00"/><publisher value="Sundhedsvæsnets Kvalistetsinstitut with Trifork Digital Health A/S"/><contact><name value="Sundhedsvæsnets Kvalistetsinstitut with Trifork Digital Health A/S"/><telecom><system value="url"/><value value="https://trifork.com"/></telecom><telecom><system value="email"/><value value="rbk@trifork.com"/></telecom></contact><description value="Årsag til hjertestop"/><content value="complete"/><count value="2"/><concept><code value="non_kardial"/><display value="Non-kardial"/><definition value="Non-kardial"/></concept><concept><code value="formodet_kardial"/><display value="Formodet kardial"/><definition value="Formodet kardial"/></concept></CodeSystem>