<?xml version="1.0" encoding="UTF-8"?><CodeSystem xmlns="http://hl7.org/fhir"><id value="CentralBlock"/><text><status value="generated"/><div xmlns="http://www.w3.org/1999/xhtml"><p class="res-header-id"><b>Generated Narrative: CodeSystem CentralBlock</b></p><a name="CentralBlock"> </a><a name="hcCentralBlock"> </a><a name="CentralBlock-en-US"> </a><p>This  code system <code>https://kip.rkkp.dk/fhir/CodeSystem/CentralBlock</code> defines the following codes:</p><table class="codes"><tr><td style="white-space:nowrap"><b>Code</b></td><td><b>Display</b></td><td><b>Definition</b></td></tr><tr><td style="white-space:nowrap">block_perop<a name="CentralBlock-block_perop"> </a></td><td>Block given peropratively</td><td>Blokade anlagt peroperativt</td></tr><tr><td style="white-space:nowrap">block_preop_WA<a name="CentralBlock-block_preop_WA"> </a></td><td>Block given preopratively, surgery planned WITH anasthesia</td><td>Blokade anlagt præoperativt, videre forløb kirurgi MED anæstesi</td></tr><tr><td style="white-space:nowrap">block_preop_WOA<a name="CentralBlock-block_preop_WOA"> </a></td><td>Block given preopratively, surgery planned WITHOUT anasthesia</td><td>Blokade anlagt præoperativt, videre forløb kirurgi UDEN anæstesi</td></tr></table></div></text><url value="https://kip.rkkp.dk/fhir/CodeSystem/CentralBlock"/><version value="0.2.1"/><name value="CentralBlock"/><title value="Central blokade"/><status value="active"/><date value="2022-06-09T00:00:00+02:00"/><publisher value="Sundhedsvæsnets Kvalistetsinstitut with Trifork Digital Health A/S"/><contact><name value="Sundhedsvæsnets Kvalistetsinstitut with Trifork Digital Health A/S"/><telecom><system value="url"/><value value="https://trifork.com"/></telecom><telecom><system value="email"/><value value="rbk@trifork.com"/></telecom></contact><description value="Tidspunkt for central blokade"/><content value="complete"/><count value="3"/><concept><code value="block_perop"/><display value="Block given peropratively"/><definition value="Blokade anlagt peroperativt"/></concept><concept><code value="block_preop_WA"/><display value="Block given preopratively, surgery planned WITH anasthesia"/><definition value="Blokade anlagt præoperativt, videre forløb kirurgi MED anæstesi"/></concept><concept><code value="block_preop_WOA"/><display value="Block given preopratively, surgery planned WITHOUT anasthesia"/><definition value="Blokade anlagt præoperativt, videre forløb kirurgi UDEN anæstesi"/></concept></CodeSystem>