<?xml version="1.0" encoding="UTF-8"?><CodeSystem xmlns="http://hl7.org/fhir"><id value="Prosthesis"/><text><status value="generated"/><div xmlns="http://www.w3.org/1999/xhtml"><p class="res-header-id"><b>Generated Narrative: CodeSystem Prosthesis</b></p><a name="Prosthesis"> </a><a name="hcProsthesis"> </a><a name="Prosthesis-en-US"> </a><p>This case-insensitive code system <code>https://kip.rkkp.dk/fhir/CodeSystem/Prosthesis</code> defines the following codes:</p><table class="codes"><tr><td style="white-space:nowrap"><b>Code</b></td><td><b>Display</b></td><td><b>Definition</b></td></tr><tr><td style="white-space:nowrap">arthrex_eclipse<a name="Prosthesis-arthrex_eclipse"> </a></td><td>Arthrex: Eclipse</td><td>Arthrex: Eclipse</td></tr><tr><td style="white-space:nowrap">arthrex_universe<a name="Prosthesis-arthrex_universe"> </a></td><td>Arthrex: Universe</td><td>Arthrex: Universe</td></tr><tr><td style="white-space:nowrap">biomet_comprehensive_fraktur<a name="Prosthesis-biomet_comprehensive_fraktur"> </a></td><td>Biomet: Comprehensive - Fraktur</td><td>Biomet: Comprehensive - Fraktur</td></tr><tr><td style="white-space:nowrap">biomet_comprehensive_nano<a name="Prosthesis-biomet_comprehensive_nano"> </a></td><td>Biomet: Comprehensive - Nano</td><td>Biomet: Comprehensive - Nano</td></tr><tr><td style="white-space:nowrap">biomet_comprehensive_reverse<a name="Prosthesis-biomet_comprehensive_reverse"> </a></td><td>Biomet: Comprehensive - Reverse</td><td>Biomet: Comprehensive - Reverse</td></tr><tr><td style="white-space:nowrap">biomet_comprehensive_standard<a name="Prosthesis-biomet_comprehensive_standard"> </a></td><td>Biomet: Comprehensive - Standard</td><td>Biomet: Comprehensive - Standard</td></tr><tr><td style="white-space:nowrap">biomet_copeland<a name="Prosthesis-biomet_copeland"> </a></td><td>Biomet: Copeland</td><td>Biomet: Copeland</td></tr><tr><td style="white-space:nowrap">depuy_delta_extend<a name="Prosthesis-depuy_delta_extend"> </a></td><td>Depuy: Delta - Extend</td><td>Depuy: Delta - Extend</td></tr><tr><td style="white-space:nowrap">depuy_global_advantage<a name="Prosthesis-depuy_global_advantage"> </a></td><td>Depuy: Global - Advantage</td><td>Depuy: Global - Advantage</td></tr><tr><td style="white-space:nowrap">depuy_global_cap<a name="Prosthesis-depuy_global_cap"> </a></td><td>Depuy: Global - C.A.P</td><td>Depuy: Global - C.A.P</td></tr><tr><td style="white-space:nowrap">depuy_global_fx_fraktur<a name="Prosthesis-depuy_global_fx_fraktur"> </a></td><td>Depuy: Global - FX (fraktur)</td><td>Depuy: Global - FX (fraktur)</td></tr><tr><td style="white-space:nowrap">depuy_global_unite<a name="Prosthesis-depuy_global_unite"> </a></td><td>Depuy: Global - Unite</td><td>Depuy: Global - Unite</td></tr><tr><td style="white-space:nowrap">exactech_equinoxe_fracture<a name="Prosthesis-exactech_equinoxe_fracture"> </a></td><td>Exactech: Equinoxe - Fracture</td><td>Exactech: Equinoxe - Fracture</td></tr><tr><td style="white-space:nowrap">exactech_equinoxe_primary<a name="Prosthesis-exactech_equinoxe_primary"> </a></td><td>Exactech: Equinoxe - Primary</td><td>Exactech: Equinoxe - Primary</td></tr><tr><td style="white-space:nowrap">exactech_equinoxe_reversed<a name="Prosthesis-exactech_equinoxe_reversed"> </a></td><td>Exactech: Equinoxe - Reversed</td><td>Exactech: Equinoxe - Reversed</td></tr><tr><td style="white-space:nowrap">lima_smr_anatomic<a name="Prosthesis-lima_smr_anatomic"> </a></td><td>Lima SMR: Anatomic</td><td>Lima SMR: Anatomic</td></tr><tr><td style="white-space:nowrap">lima_smr_fracture<a name="Prosthesis-lima_smr_fracture"> </a></td><td>Lima SMR: Fracture</td><td>Lima SMR: Fracture</td></tr><tr><td style="white-space:nowrap">lima_smr_resurfacing<a name="Prosthesis-lima_smr_resurfacing"> </a></td><td>Lima SMR: Resurfacing</td><td>Lima SMR: Resurfacing</td></tr><tr><td style="white-space:nowrap">lima_smr_reverse<a name="Prosthesis-lima_smr_reverse"> </a></td><td>Lima SMR: Reverse</td><td>Lima SMR: Reverse</td></tr><tr><td style="white-space:nowrap">lima_smr_stemless<a name="Prosthesis-lima_smr_stemless"> </a></td><td>Lima SMR: Stemless</td><td>Lima SMR: Stemless</td></tr><tr><td style="white-space:nowrap">smith&amp;nephew_neer_3<a name="Prosthesis-smith.38nephew_neer_3"> </a></td><td>Smith &amp; Nephew: Neer 3</td><td>Smith &amp; Nephew: Neer 3</td></tr><tr><td style="white-space:nowrap">tornier_aequalis_fracture<a name="Prosthesis-tornier_aequalis_fracture"> </a></td><td>Tornier: Aequalis - Fracture</td><td>Tornier: Aequalis - Fracture</td></tr><tr><td style="white-space:nowrap">tornier_aequalis_resurfacing<a name="Prosthesis-tornier_aequalis_resurfacing"> </a></td><td>Tornier: Aequalis - Resurfacing</td><td>Tornier: Aequalis - Resurfacing</td></tr><tr><td style="white-space:nowrap">tornier_aequalis_reverse<a name="Prosthesis-tornier_aequalis_reverse"> </a></td><td>Tornier: Aequalis - Reverse</td><td>Tornier: Aequalis - Reverse</td></tr><tr><td style="white-space:nowrap">tornier_aequalis_standard<a name="Prosthesis-tornier_aequalis_standard"> </a></td><td>Tornier: Aequalis - Standard</td><td>Tornier: Aequalis - Standard</td></tr><tr><td style="white-space:nowrap">tornier_ascend_flex<a name="Prosthesis-tornier_ascend_flex"> </a></td><td>Tornier: Ascend Flex</td><td>Tornier: Ascend Flex</td></tr><tr><td style="white-space:nowrap">tornier_simpliciti<a name="Prosthesis-tornier_simpliciti"> </a></td><td>Tornier: Simpliciti</td><td>Tornier: Simpliciti</td></tr><tr><td style="white-space:nowrap">zimmer_anatomical_fracture<a name="Prosthesis-zimmer_anatomical_fracture"> </a></td><td>Zimmer: Anatomical - Fracture</td><td>Zimmer: Anatomical - Fracture</td></tr><tr><td style="white-space:nowrap">zimmer_anatomical_reverse<a name="Prosthesis-zimmer_anatomical_reverse"> </a></td><td>Zimmer: Anatomical - Reverse</td><td>Zimmer: Anatomical - Reverse</td></tr><tr><td style="white-space:nowrap">zimmer_anatomical_shoulder_combined<a name="Prosthesis-zimmer_anatomical_shoulder_combined"> </a></td><td>Zimmer: Anatomical - Shoulder Combined</td><td>Zimmer: Anatomical - Shoulder Combined</td></tr><tr><td style="white-space:nowrap">zimmer_anatomical_standard<a name="Prosthesis-zimmer_anatomical_standard"> </a></td><td>Zimmer: Anatomical - Standard</td><td>Zimmer: Anatomical - Standard</td></tr><tr><td style="white-space:nowrap">zimmer_bigliani_flatow<a name="Prosthesis-zimmer_bigliani_flatow"> </a></td><td>Zimmer: Bigliani-Flatow</td><td>Zimmer: Bigliani-Flatow</td></tr><tr><td style="white-space:nowrap">zimmer_sidus<a name="Prosthesis-zimmer_sidus"> </a></td><td>Zimmer: Sidus</td><td>Zimmer: Sidus</td></tr><tr><td style="white-space:nowrap">zimmer_tm_reverse<a name="Prosthesis-zimmer_tm_reverse"> </a></td><td>Zimmer: TM Reverse</td><td>Zimmer: TM Reverse</td></tr></table></div></text><url value="https://kip.rkkp.dk/fhir/CodeSystem/Prosthesis"/><version value="2.9.1"/><name value="Prosthesis"/><title value="Prosthesis"/><status value="active"/><date value="2022-10-07T00:00:00+02:00"/><publisher value="Sundhedsvæsnets Kvalistetsinstitut with Trifork Digital Health A/S"/><contact><name value="Sundhedsvæsnets Kvalistetsinstitut with Trifork Digital Health A/S"/><telecom><system value="url"/><value value="https://trifork.com"/></telecom><telecom><system value="email"/><value value="rbk@trifork.com"/></telecom></contact><description value="Prosthesis"/><caseSensitive value="false"/><content value="complete"/><count value="34"/><concept><code value="arthrex_eclipse"/><display value="Arthrex: Eclipse"/><definition value="Arthrex: Eclipse"/></concept><concept><code value="arthrex_universe"/><display value="Arthrex: Universe"/><definition value="Arthrex: Universe"/></concept><concept><code value="biomet_comprehensive_fraktur"/><display value="Biomet: Comprehensive - Fraktur"/><definition value="Biomet: Comprehensive - Fraktur"/></concept><concept><code value="biomet_comprehensive_nano"/><display value="Biomet: Comprehensive - Nano"/><definition value="Biomet: Comprehensive - Nano"/></concept><concept><code value="biomet_comprehensive_reverse"/><display value="Biomet: Comprehensive - Reverse"/><definition value="Biomet: Comprehensive - Reverse"/></concept><concept><code value="biomet_comprehensive_standard"/><display value="Biomet: Comprehensive - Standard"/><definition value="Biomet: Comprehensive - Standard"/></concept><concept><code value="biomet_copeland"/><display value="Biomet: Copeland"/><definition value="Biomet: Copeland"/></concept><concept><code value="depuy_delta_extend"/><display value="Depuy: Delta - Extend"/><definition value="Depuy: Delta - Extend"/></concept><concept><code value="depuy_global_advantage"/><display value="Depuy: Global - Advantage"/><definition value="Depuy: Global - Advantage"/></concept><concept><code value="depuy_global_cap"/><display value="Depuy: Global - C.A.P"/><definition value="Depuy: Global - C.A.P"/></concept><concept><code value="depuy_global_fx_fraktur"/><display value="Depuy: Global - FX (fraktur)"/><definition value="Depuy: Global - FX (fraktur)"/></concept><concept><code value="depuy_global_unite"/><display value="Depuy: Global - Unite"/><definition value="Depuy: Global - Unite"/></concept><concept><code value="exactech_equinoxe_fracture"/><display value="Exactech: Equinoxe - Fracture"/><definition value="Exactech: Equinoxe - Fracture"/></concept><concept><code value="exactech_equinoxe_primary"/><display value="Exactech: Equinoxe - Primary"/><definition value="Exactech: Equinoxe - Primary"/></concept><concept><code value="exactech_equinoxe_reversed"/><display value="Exactech: Equinoxe - Reversed"/><definition value="Exactech: Equinoxe - Reversed"/></concept><concept><code value="lima_smr_anatomic"/><display value="Lima SMR: Anatomic"/><definition value="Lima SMR: Anatomic"/></concept><concept><code value="lima_smr_fracture"/><display value="Lima SMR: Fracture"/><definition value="Lima SMR: Fracture"/></concept><concept><code value="lima_smr_resurfacing"/><display value="Lima SMR: Resurfacing"/><definition value="Lima SMR: Resurfacing"/></concept><concept><code value="lima_smr_reverse"/><display value="Lima SMR: Reverse"/><definition value="Lima SMR: Reverse"/></concept><concept><code value="lima_smr_stemless"/><display value="Lima SMR: Stemless"/><definition value="Lima SMR: Stemless"/></concept><concept><code value="smith&amp;nephew_neer_3"/><display value="Smith &amp; Nephew: Neer 3"/><definition value="Smith &amp; Nephew: Neer 3"/></concept><concept><code value="tornier_aequalis_fracture"/><display value="Tornier: Aequalis - Fracture"/><definition value="Tornier: Aequalis - Fracture"/></concept><concept><code value="tornier_aequalis_resurfacing"/><display value="Tornier: Aequalis - Resurfacing"/><definition value="Tornier: Aequalis - Resurfacing"/></concept><concept><code value="tornier_aequalis_reverse"/><display value="Tornier: Aequalis - Reverse"/><definition value="Tornier: Aequalis - Reverse"/></concept><concept><code value="tornier_aequalis_standard"/><display value="Tornier: Aequalis - Standard"/><definition value="Tornier: Aequalis - Standard"/></concept><concept><code value="tornier_ascend_flex"/><display value="Tornier: Ascend Flex"/><definition value="Tornier: Ascend Flex"/></concept><concept><code value="tornier_simpliciti"/><display value="Tornier: Simpliciti"/><definition value="Tornier: Simpliciti"/></concept><concept><code value="zimmer_anatomical_fracture"/><display value="Zimmer: Anatomical - Fracture"/><definition value="Zimmer: Anatomical - Fracture"/></concept><concept><code value="zimmer_anatomical_reverse"/><display value="Zimmer: Anatomical - Reverse"/><definition value="Zimmer: Anatomical - Reverse"/></concept><concept><code value="zimmer_anatomical_shoulder_combined"/><display value="Zimmer: Anatomical - Shoulder Combined"/><definition value="Zimmer: Anatomical - Shoulder Combined"/></concept><concept><code value="zimmer_anatomical_standard"/><display value="Zimmer: Anatomical - Standard"/><definition value="Zimmer: Anatomical - Standard"/></concept><concept><code value="zimmer_bigliani_flatow"/><display value="Zimmer: Bigliani-Flatow"/><definition value="Zimmer: Bigliani-Flatow"/></concept><concept><code value="zimmer_sidus"/><display value="Zimmer: Sidus"/><definition value="Zimmer: Sidus"/></concept><concept><code value="zimmer_tm_reverse"/><display value="Zimmer: TM Reverse"/><definition value="Zimmer: TM Reverse"/></concept></CodeSystem>