<?xml version="1.0" encoding="UTF-8"?><CodeSystem xmlns="http://hl7.org/fhir"><id value="EORTCQLQC1514"/><text><status value="generated"/><div xmlns="http://www.w3.org/1999/xhtml"><p class="res-header-id"><b>Generated Narrative: CodeSystem EORTCQLQC1514</b></p><a name="EORTCQLQC1514"> </a><a name="hcEORTCQLQC1514"> </a><a name="EORTCQLQC1514-en-US"> </a><p>This case-insensitive code system <code>https://kip.rkkp.dk/fhir/CodeSystem/EORTCQLQC1514</code> defines the following codes:</p><table class="codes"><tr><td style="white-space:nowrap"><b>Code</b></td><td><b>Display</b></td><td><b>Definition</b></td></tr><tr><td style="white-space:nowrap">grade_1<a name="EORTCQLQC1514-grade_1"> </a></td><td>1. Slet ikke</td><td><div><ol>
<li>Slet ikke</li>
</ol>
</div></td></tr><tr><td style="white-space:nowrap">grade_2<a name="EORTCQLQC1514-grade_2"> </a></td><td>2. Lidt</td><td><div><ol start="2">
<li>Lidt</li>
</ol>
</div></td></tr><tr><td style="white-space:nowrap">grade_3<a name="EORTCQLQC1514-grade_3"> </a></td><td>3. En del</td><td><div><ol start="3">
<li>En del</li>
</ol>
</div></td></tr><tr><td style="white-space:nowrap">grade_4<a name="EORTCQLQC1514-grade_4"> </a></td><td>4. Meget</td><td><div><ol start="4">
<li>Meget</li>
</ol>
</div></td></tr></table></div></text><url value="https://kip.rkkp.dk/fhir/CodeSystem/EORTCQLQC1514"/><version value="0.2.1"/><name value="EORTCQLQC1514"/><title value="EORTC QLQ-C15-PAL 1-4"/><status value="active"/><date value="2022-07-28T00:00:00+02:00"/><publisher value="Sundhedsvæsnets Kvalistetsinstitut with Trifork Digital Health A/S"/><contact><name value="Sundhedsvæsnets Kvalistetsinstitut with Trifork Digital Health A/S"/><telecom><system value="url"/><value value="https://trifork.com"/></telecom><telecom><system value="email"/><value value="rbk@trifork.com"/></telecom></contact><description value="EORTC Palliativ spørgeskema (1-15) grad 1-4. Se https://www.eortc.org/research_field/quality-of-life/"/><caseSensitive value="false"/><content value="complete"/><count value="4"/><concept><code value="grade_1"/><display value="1. Slet ikke"/><definition value="1. Slet ikke"/></concept><concept><code value="grade_2"/><display value="2. Lidt"/><definition value="2. Lidt"/></concept><concept><code value="grade_3"/><display value="3. En del"/><definition value="3. En del"/></concept><concept><code value="grade_4"/><display value="4. Meget"/><definition value="4. Meget"/></concept></CodeSystem>