<?xml version="1.0" encoding="UTF-8"?><CodeSystem xmlns="http://hl7.org/fhir"><id value="IntubationRelaks"/><text><status value="generated"/><div xmlns="http://www.w3.org/1999/xhtml"><p class="res-header-id"><b>Generated Narrative: CodeSystem IntubationRelaks</b></p><a name="IntubationRelaks"> </a><a name="hcIntubationRelaks"> </a><a name="IntubationRelaks-en-US"> </a><p>This  code system <code>https://kip.rkkp.dk/fhir/CodeSystem/IntubationRelaks</code> defines the following codes:</p><table class="codes"><tr><td style="white-space:nowrap"><b>Code</b></td><td><b>Display</b></td><td><b>Definition</b></td></tr><tr><td style="white-space:nowrap">depolar<a name="IntubationRelaks-depolar"> </a></td><td>Depolarising</td><td>Depolariserende</td></tr><tr><td style="white-space:nowrap">non_depolar<a name="IntubationRelaks-non_depolar"> </a></td><td>Non-depolarising</td><td>Non-depolariserende</td></tr></table></div></text><url value="https://kip.rkkp.dk/fhir/CodeSystem/IntubationRelaks"/><version value="2.9.1"/><name value="IntubationRelaks"/><title value="Relaksation til intubation"/><status value="active"/><date value="2022-06-09T00:00:00+02:00"/><publisher value="Sundhedsvæsnets Kvalistetsinstitut with Trifork Digital Health A/S"/><contact><name value="Sundhedsvæsnets Kvalistetsinstitut with Trifork Digital Health A/S"/><telecom><system value="url"/><value value="https://trifork.com"/></telecom><telecom><system value="email"/><value value="rbk@trifork.com"/></telecom></contact><description value="Relaksation til intubation"/><content value="complete"/><count value="2"/><concept><code value="depolar"/><display value="Depolarising"/><definition value="Depolariserende"/></concept><concept><code value="non_depolar"/><display value="Non-depolarising"/><definition value="Non-depolariserende"/></concept></CodeSystem>