<?xml version="1.0" encoding="UTF-8"?><CodeSystem xmlns="http://hl7.org/fhir"><id value="NIHSS1aLOC"/><text><status value="generated"/><div xmlns="http://www.w3.org/1999/xhtml"><p class="res-header-id"><b>Generated Narrative: CodeSystem NIHSS1aLOC</b></p><a name="NIHSS1aLOC"> </a><a name="hcNIHSS1aLOC"> </a><a name="NIHSS1aLOC-en-US"> </a><p>This  code system <code>https://kip.rkkp.dk/fhir/CodeSystem/NIHSS1aLOC</code> defines the following codes:</p><table class="codes"><tr><td style="white-space:nowrap"><b>Code</b></td><td><b>Definition</b></td></tr><tr><td style="white-space:nowrap">0<a name="NIHSS1aLOC-0"> </a></td><td>Alert; keenly responsive.</td></tr><tr><td style="white-space:nowrap">1<a name="NIHSS1aLOC-1"> </a></td><td>Not alert; but arousable by minor stimulation to obey, answer, or respond.</td></tr><tr><td style="white-space:nowrap">2<a name="NIHSS1aLOC-2"> </a></td><td>Not alert; requires repeated stimulation to attend, or is obtunded and requires strong or painful stimulation to make movements (not stereotyped).</td></tr><tr><td style="white-space:nowrap">3<a name="NIHSS1aLOC-3"> </a></td><td>Responds only with reflex motor or autonomic effects or totally unresponsive, flaccid, and areflexic.</td></tr></table></div></text><url value="https://kip.rkkp.dk/fhir/CodeSystem/NIHSS1aLOC"/><version value="2.9.0"/><name value="NIHSS1aLOC"/><title value="The National Institute of Health Stroke Scale (NIHSS) - 1a. Level of Consciousness"/><status value="active"/><date value="2022-06-23T00:00:00+02:00"/><publisher value="Sundhedsvæsnets Kvalistetsinstitut with Trifork Digital Health A/S"/><contact><name value="Sundhedsvæsnets Kvalistetsinstitut with Trifork Digital Health A/S"/><telecom><system value="url"/><value value="https://trifork.com"/></telecom><telecom><system value="email"/><value value="rbk@trifork.com"/></telecom></contact><description value="The National Institute of Health Stroke Scale (NIHSS) - 1a. Level of Consciousness; Link: https://www.ninds.nih.gov/stroke-scales-and-related-information"/><content value="complete"/><count value="4"/><concept><code value="0"/><display value="0"/><definition value="Alert; keenly responsive."/></concept><concept><code value="1"/><display value="1"/><definition value="Not alert; but arousable by minor stimulation to obey, answer, or respond."/></concept><concept><code value="2"/><display value="2"/><definition value="Not alert; requires repeated stimulation to attend, or is obtunded and requires strong or painful stimulation to make movements (not stereotyped)."/></concept><concept><code value="3"/><display value="3"/><definition value="Responds only with reflex motor or autonomic effects or totally unresponsive, flaccid, and areflexic."/></concept></CodeSystem>