<?xml version="1.0" encoding="UTF-8"?><CodeSystem xmlns="http://hl7.org/fhir"><id value="SSSHandshake"/><text><status value="generated"/><div xmlns="http://www.w3.org/1999/xhtml"><p class="res-header-id"><b>Generated Narrative: CodeSystem SSSHandshake</b></p><a name="SSSHandshake"> </a><a name="hcSSSHandshake"> </a><a name="SSSHandshake-en-US"> </a><p>This  code system <code>https://kip.sundk.dk/fhir/CodeSystem/SSSHandshake</code> defines the following codes:</p><table class="codes"><tr><td style="white-space:nowrap"><b>Code</b></td><td><b>Definition</b></td></tr><tr><td style="white-space:nowrap">6<a name="SSSHandshake-6"> </a></td><td>Normal kraft for bevægelsen.</td></tr><tr><td style="white-space:nowrap">4<a name="SSSHandshake-4"> </a></td><td>Normal bevægelse, men nedsat kraft.</td></tr><tr><td style="white-space:nowrap">2<a name="SSSHandshake-2"> </a></td><td>Nogen bevægelse, kan ikke knytte hånden.</td></tr><tr><td style="white-space:nowrap">0<a name="SSSHandshake-0"> </a></td><td>Paralyse: Ingen bevægelse mulig.</td></tr></table></div></text><url value="https://kip.sundk.dk/fhir/CodeSystem/SSSHandshake"/><version value="0.0.9"/><name value="SSSHandshake"/><title value="Scandinavian Stroke Scale (SSS) - Handshake"/><status value="active"/><date value="2022-06-23T00:00:00+02:00"/><publisher value="Sundhedsvæsnets Kvalistetsinstitut with Trifork Public A/S"/><contact><name value="Sundhedsvæsnets Kvalistetsinstitut with Trifork Public A/S"/><telecom><system value="url"/><value value="https://trifork.com"/></telecom><telecom><system value="email"/><value value="rbk@trifork.com"/></telecom></contact><description value="Scandinavian Stroke Scale (SSS) - Handshake: Vurderes på begge hænder, men der noteres kun i forhold til siden af en eventuel lammelse"/><content value="complete"/><count value="4"/><concept><code value="6"/><display value="6"/><definition value="Normal kraft for bevægelsen."/></concept><concept><code value="4"/><display value="4"/><definition value="Normal bevægelse, men nedsat kraft."/></concept><concept><code value="2"/><display value="2"/><definition value="Nogen bevægelse, kan ikke knytte hånden."/></concept><concept><code value="0"/><display value="0"/><definition value="Paralyse: Ingen bevægelse mulig."/></concept></CodeSystem>