<?xml version="1.0" encoding="UTF-8"?><CodeSystem xmlns="http://hl7.org/fhir"><id value="RobotAssistDKR"/><text><status value="generated"/><div xmlns="http://www.w3.org/1999/xhtml"><p class="res-header-id"><b>Generated Narrative: CodeSystem RobotAssistDKR</b></p><a name="RobotAssistDKR"> </a><a name="hcRobotAssistDKR"> </a><a name="RobotAssistDKR-en-US"> </a><p>This  code system <code>https://kip.rkkp.dk/fhir/CodeSystem/RobotAssistDKR</code> defines the following codes:</p><table class="codes"><tr><td style="white-space:nowrap"><b>Code</b></td><td><b>Display</b></td><td><b>Definition</b></td></tr><tr><td style="white-space:nowrap">mako<a name="RobotAssistDKR-mako"> </a></td><td>Mako</td><td>Mako</td></tr><tr><td style="white-space:nowrap">rosa<a name="RobotAssistDKR-rosa"> </a></td><td>Rosa</td><td>Rosa</td></tr><tr><td style="white-space:nowrap">velys<a name="RobotAssistDKR-velys"> </a></td><td>Velys</td><td>Velys</td></tr><tr><td style="white-space:nowrap">other<a name="RobotAssistDKR-other"> </a></td><td>Andet</td><td>Andet</td></tr></table></div></text><url value="https://kip.rkkp.dk/fhir/CodeSystem/RobotAssistDKR"/><version value="0.1.6"/><name value="RobotAssistDKR"/><title value="Robot (DKR)"/><status value="active"/><date value="2024-12-02T00:00:00+02:00"/><publisher value="Sundhedsvæsnets Kvalistetsinstitut with Trifork Digital Health A/S"/><contact><name value="Sundhedsvæsnets Kvalistetsinstitut with Trifork Digital Health A/S"/><telecom><system value="url"/><value value="https://trifork.com"/></telecom><telecom><system value="email"/><value value="rbk@trifork.com"/></telecom></contact><description value="Robottyper til robot assisteret kirurgi (DKR)"/><content value="complete"/><count value="4"/><concept><code value="mako"/><display value="Mako"/><definition value="Mako"/></concept><concept><code value="rosa"/><display value="Rosa"/><definition value="Rosa"/></concept><concept><code value="velys"/><display value="Velys"/><definition value="Velys"/></concept><concept><code value="other"/><display value="Andet"/><definition value="Andet"/></concept></CodeSystem>