<?xml version="1.0" encoding="UTF-8"?><CodeSystem xmlns="http://hl7.org/fhir"><id value="SOR"/><text><status value="generated"/><div xmlns="http://www.w3.org/1999/xhtml"><p class="res-header-id"><b>Generated Narrative: CodeSystem SOR</b></p><a name="SOR"> </a><a name="hcSOR"> </a><a name="SOR-en-US"> </a><p>This case-insensitive code system <code>https://kip.rkkp.dk/fhir/CodeSystem/SOR</code> provides <b>a fragment</b> that includes following codes:</p><table class="codes"><tr><td style="white-space:nowrap"><b>Code</b></td><td><b>Display</b></td><td><b>Definition</b></td></tr><tr><td style="white-space:nowrap">223601000016004<a name="SOR-223601000016004"> </a></td><td>ROS Neurologisk Afd.</td><td>Region Sjællands Sygehusvæsen - ROS Neurologisk Afd. (Shak: 3800A80)</td></tr><tr><td style="white-space:nowrap">239081000016004<a name="SOR-239081000016004"> </a></td><td>OUH Hæmatologisk Afsnit X (Odense)</td><td>Odense Universitetshospital - Svendborg - OUH Hæmatologisk Afsnit X (Odense) (Shak: 4202560)</td></tr><tr><td style="white-space:nowrap">239981000016003<a name="SOR-239981000016003"> </a></td><td>OUH Neurokirurgisk Afsnit U (Odense)</td><td>Odense Universitetshospital - Svendborg - OUH Neurokirurgisk Afsnit U (Odense) (Shak: 4202150)</td></tr><tr><td style="white-space:nowrap">240121000016005<a name="SOR-240121000016005"> </a></td><td>OUH Neurologisk Afsnit N</td><td>Odense Universitetshospital - Svendborg - OUH Neurologisk Afsnit N (Shak: 4202160)</td></tr><tr><td style="white-space:nowrap">244701000016009<a name="SOR-244701000016009"> </a></td><td>SVS Blodsygdomme Afsnit (Esbjerg)</td><td>Sydvestjysk Sygehus - SVS Blodsygdomme Afsnit (Esbjerg) (Shak: 5501053)</td></tr><tr><td style="white-space:nowrap">245291000016005<a name="SOR-245291000016005"> </a></td><td>SVS Stroke Afsnit (Esbjerg)</td><td>Sydvestjysk Sygehus - SVS Stroke Afsnit (Esbjerg) (Shak: 550105B)</td></tr><tr><td style="white-space:nowrap">252961000016000<a name="SOR-252961000016000"> </a></td><td>Operation</td><td>Rigshospitalet - Operation (Shak: 1301211)</td></tr><tr><td style="white-space:nowrap">253081000016000<a name="SOR-253081000016000"> </a></td><td>Sengeafsnit 2094</td><td>Rigshospitalet - Sengeafsnit 2094 (Shak: 1301221)</td></tr><tr><td style="white-space:nowrap">253121000016002<a name="SOR-253121000016002"> </a></td><td>Hukommelsesklinikken, N7</td><td>Rigshospitalet - Hukommelsesklinikken, N7 (Shak: 1301227)</td></tr><tr><td style="white-space:nowrap">257721000016006<a name="SOR-257721000016006"> </a></td><td>Neurologisk afd. akut apopleksi</td><td>Bispebjerg og Frederiksberg Hospitaler - Neurologisk afd. akut apopleksi (Shak: 1309170)</td></tr><tr><td style="white-space:nowrap">265621000016001<a name="SOR-265621000016001"> </a></td><td>Medicinsk sengeafd.</td><td>Bornholms Hospital - Medicinsk sengeafd. (Shak: 4001030)</td></tr><tr><td style="white-space:nowrap">275981000016003<a name="SOR-275981000016003"> </a></td><td>Alb Neurologisk afd.</td><td>Aalborg Universitetshospital - Alb Neurologisk afd. (Shak: 8001191)</td></tr><tr><td style="white-space:nowrap">275721000016002<a name="SOR-275721000016002"> </a></td><td>Alb Hæmatologisk afd.</td><td>Aalborg Universitetshospital - Alb Hæmatologisk afd. (Shak: 8001101)</td></tr><tr><td style="white-space:nowrap">275991000016001<a name="SOR-275991000016001"> </a></td><td>Alb Neurologisk amb.</td><td>Aalborg Universitetshospital - Alb Neurologisk amb. (Shak: 8001199)</td></tr><tr><td style="white-space:nowrap">276361000016000<a name="SOR-276361000016000"> </a></td><td>Alb Neurokir. Afd.</td><td>Aalborg Universitetshospital - Alb Neurokir. Afd. (Shak: 8001311)</td></tr><tr><td style="white-space:nowrap">380011000016000<a name="SOR-380011000016000"> </a></td><td>ROS Hæmatologisk Afd.</td><td>Region Sjællands Sygehusvæsen - ROS Hæmatologisk Afd.(Shak: 3800A20)</td></tr><tr><td style="white-space:nowrap">384851000016002<a name="SOR-384851000016002"> </a></td><td>SLB Hæmatologisk Afsnit (Vejle)</td><td>Sygehus Lillebælt - SLB Hæmatologisk Afsnit (Vejle) (Shak: 6008260)</td></tr><tr><td style="white-space:nowrap">440051000016002<a name="SOR-440051000016002"> </a></td><td>Hjerne- og Rygkirurgi</td><td>Aarhus Universitetshospital - Hjerne- og Rygkirurgi (Shak: 6620131)</td></tr><tr><td style="white-space:nowrap">440081000016006<a name="SOR-440081000016006"> </a></td><td>Neurologisk Sengeafdeling</td><td>Aarhus Universitetshospital - Neurologisk Sengeafdeling (Shak: 6620151)</td></tr><tr><td style="white-space:nowrap">440781000016009<a name="SOR-440781000016009"> </a></td><td>Blodsygdomme Sengeafsnit</td><td>Aarhus Universitetshospital - Blodsygdomme Sengeafsnit (Shak: 6620141)</td></tr><tr><td style="white-space:nowrap">503321000016003<a name="SOR-503321000016003"> </a></td><td>SHS Hjerne- og Nervesygdomme Sengeafsnit (Aabenraa)</td><td>Sygehus Sønderjylland - SHS Hjerne- og Nervesygdomme Sengeafsnit (Aabenraa) (Shak: 5000520)</td></tr><tr><td style="white-space:nowrap">588351000016004<a name="SOR-588351000016004"> </a></td><td>Neurologisk Kl. senge GLO</td><td>Rigshospitalet - Neurologisk Kl. senge GLO (Shak: 130122B)</td></tr><tr><td style="white-space:nowrap">637201000016005<a name="SOR-637201000016005"> </a></td><td>SLB Hjerne- og Nervesygdomme Senge (Kolding)</td><td>Sygehus Lillebælt - SLB Hjerne- og Nervesygdomme Senge (Kolding) (Shak: 6007320)</td></tr><tr><td style="white-space:nowrap">900651000016000<a name="SOR-900651000016000"> </a></td><td>Klinik for Blodsygdomme Gødstrup - RHG</td><td>Regionshospitalet Gødstrup - Klinik for Blodsygdomme Gødstrup - RHG (Shak: 664038K)</td></tr><tr><td style="white-space:nowrap">900791000016001<a name="SOR-900791000016001"> </a></td><td>Neurologisk Afsnit Gødstrup - RHG</td><td>Regionshospitalet Gødstrup - Neurologisk Afsnit Gødstrup - RHG (Shak: 6640401)</td></tr><tr><td style="white-space:nowrap">911061000016003<a name="SOR-911061000016003"> </a></td><td>Alb Demensenheden, RN</td><td>Aalborg Universitetshospital - Alb Demensenheden, RN (Shak: 800119D)</td></tr><tr><td style="white-space:nowrap">926731000016006<a name="SOR-926731000016006"> </a></td><td>Blodsygdomme L, Senge</td><td>Rigshospitalet - Blodsygdomme L, Senge (Shak: 1301101)</td></tr><tr><td style="white-space:nowrap">1095041000016007<a name="SOR-1095041000016007"> </a></td><td>SHS Blodsygdomme Ambulatorium (Sønderborg)</td><td>Sygehus Sønderjylland - SHS Blodsygdomme Ambulatorium (Sønderborg) (Shak: 500061A)</td></tr><tr><td style="white-space:nowrap">1125141000016005<a name="SOR-1125141000016005"> </a></td><td>Neurologisk Stroke Klinik Gødstrup - RHG</td><td>Regionshospitalet Gødstrup - Neurologisk Stroke Klinik Gødstrup - RHG (Shak: 664040I)</td></tr><tr><td style="white-space:nowrap">1060711000016001<a name="SOR-1060711000016001"> </a></td><td>TM Psyk Amb Thy-Mors Psykose</td><td>TM Psyk Amb Thy-Mors Psykose</td></tr><tr><td style="white-space:nowrap">1060741000016000<a name="SOR-1060741000016000"> </a></td><td>TM Psyk Amb Thy-Mors Bosted</td><td>TM Psyk Amb Thy-Mors Bosted</td></tr><tr><td style="white-space:nowrap">1066921000016005<a name="SOR-1066921000016005"> </a></td><td>Frh Psyk Amb Frederikshavn Psykose</td><td>Frh Psyk Amb Frederikshavn Psykose</td></tr><tr><td style="white-space:nowrap">1199951000016004<a name="SOR-1199951000016004"> </a></td><td>ADA Klinik for Depression - AUH</td><td>ADA Klinik for Depression - AUH</td></tr><tr><td style="white-space:nowrap">1200011000016005<a name="SOR-1200011000016005"> </a></td><td>ADA Klinik for Bipolar Sygdom - AUH</td><td>Psykiatrien Region Midtjylland - ADA Klinik for Bipolar Sygdom - AUH</td></tr><tr><td style="white-space:nowrap">1223721000016002<a name="SOR-1223721000016002"> </a></td><td>RPG Enhed for Retspsykiatri – Gødstrup</td><td>RPG Enhed for Retspsykiatri – Gødstrup</td></tr><tr><td style="white-space:nowrap">1223761000016008<a name="SOR-1223761000016008"> </a></td><td>RPG Team for Retspsykiatri - Gødstrup</td><td>RPG Team for Retspsykiatri - Gødstrup</td></tr><tr><td style="white-space:nowrap">235611000016000<a name="SOR-235611000016000"> </a></td><td>Sjælland</td><td>Sjælland</td></tr><tr><td style="white-space:nowrap">235631000016006<a name="SOR-235631000016006"> </a></td><td>Psykiatri ØST Overafd. 01</td><td>Psykiatri ØST Overafd. 01</td></tr><tr><td style="white-space:nowrap">235901000016009<a name="SOR-235901000016009"> </a></td><td>Psykiatri ØST Overafd. 05</td><td>Psykiatri ØST Overafd. 05</td></tr><tr><td style="white-space:nowrap">236121000016006<a name="SOR-236121000016006"> </a></td><td>Psykiatri VEST Overafd. 10</td><td>Psykiatri VEST Overafd. 10</td></tr><tr><td style="white-space:nowrap">236351000016001<a name="SOR-236351000016001"> </a></td><td>Psykiatri VEST Overafd. 15 </td><td>Psykiatri VEST Overafd. 15</td></tr><tr><td style="white-space:nowrap">236831000016003<a name="SOR-236831000016003"> </a></td><td>Psykiatri SYD Overafd. 25</td><td>Psykiatri SYD Overafd. 25</td></tr><tr><td style="white-space:nowrap">237021000016009<a name="SOR-237021000016009"> </a></td><td>Afdeling For Retspsykiatri - Ledelse</td><td>Region Sjællands Sygehusvæsen - Afdeling For Retspsykiatri - Ledelse</td></tr><tr><td style="white-space:nowrap">237031000016006<a name="SOR-237031000016006"> </a></td><td>PSL Retspsykiatri</td><td>PSL Retspsykiatri</td></tr><tr><td style="white-space:nowrap">237041000016004<a name="SOR-237041000016004"> </a></td><td>PSL Retspsykiatrisk Afd.</td><td>Region Sjællands Sygehusvæsen - PSL Retspsykiatrisk Afd.</td></tr><tr><td style="white-space:nowrap">237131000016005<a name="SOR-237131000016005"> </a></td><td>PSL Sikringsafd. </td><td>PSL Sikringsafd. </td></tr><tr><td style="white-space:nowrap">243921000016002<a name="SOR-243921000016002"> </a></td><td>PSY Retspsykiatrisk afdeling (Middelfart)</td><td>Psykiatrien Region Syddanmark - PSY Retspsykiatrisk afdeling (Middelfart)</td></tr><tr><td style="white-space:nowrap">243951000016005<a name="SOR-243951000016005"> </a></td><td>PSY Retspsykiatrisk Ambulatorium (Middelfart)</td><td>Psykiatrien Region Syddanmark - PSY Retspsykiatrisk Ambulatorium (Middelfart)</td></tr><tr><td style="white-space:nowrap">261341000016001<a name="SOR-261341000016001"> </a></td><td>Psyk. Center Amager, overafd.</td><td>Region Hovedstadens Psykiatri - Psyk. Center Amager, overafd.</td></tr><tr><td style="white-space:nowrap">261431000016003<a name="SOR-261431000016003"> </a></td><td>Børne- og Ungdomspsykiatrisk overafdeling, Bispebjerg, B1</td><td>Region Hovedstadens Psykiatri - Børne- og Ungdomspsykiatrisk overafdeling, Bispebjerg, B1</td></tr><tr><td style="white-space:nowrap">261501000016006<a name="SOR-261501000016006"> </a></td><td>Psyk. Center København, overafd. N, Nørrebro-afdelingen</td><td>Region Hovedstadens Psykiatri - Psyk. Center København, overafd. N,  Nørrebro-afdelingen</td></tr><tr><td style="white-space:nowrap">262181000016004<a name="SOR-262181000016004"> </a></td><td>Psyk. Center Sct. Hans, Retspsyk. overafd. R</td><td>Region Hovedstadens Psykiatri - Psyk. Center Sct. Hans, Retspsyk. overafd. R</td></tr><tr><td style="white-space:nowrap">262191000016002<a name="SOR-262191000016002"> </a></td><td>Sct. Hans, Retspsykiatrisk sengeafd. R</td><td>Sct. Hans, Retspsykiatrisk sengeafd. R</td></tr><tr><td style="white-space:nowrap">262221000016007<a name="SOR-262221000016007"> </a></td><td>Psyk. Center Sct. Hans, overafd. M</td><td>Region Hovedstadens Psykiatri - Psyk. Center Sct. Hans, overafd. M</td></tr><tr><td style="white-space:nowrap">262391000016004<a name="SOR-262391000016004"> </a></td><td>Psyk. Center Ballerup, overafd. Ballerup</td><td>Region Hovedstadens Psykiatri - Psyk. Center Ballerup, overafd. Ballerup</td></tr><tr><td style="white-space:nowrap">262511000016000<a name="SOR-262511000016000"> </a></td><td>Psyk. Center Nordsjælland, overafd.</td><td>Region Hovedstadens Psykiatri - Psyk. Center Nordsjælland, overafd.</td></tr><tr><td style="white-space:nowrap">262671000016009<a name="SOR-262671000016009"> </a></td><td>Psyk. Center Glostrup, overafd.</td><td>Region Hovedstadens Psykiatri - Psyk. Center Glostrup, overafd.</td></tr><tr><td style="white-space:nowrap">262681000016006<a name="SOR-262681000016006"> </a></td><td>PCGL, Psyk. sengeafd.</td><td>Region Hovedstadens Psykiatri - PCGL, Psyk. sengeafd.</td></tr><tr><td style="white-space:nowrap">278121000016009<a name="SOR-278121000016009"> </a></td><td>PS Almenpsykiatrisk Afdeling, Nord</td><td>Psykiatrien Nordjylland - PS Klinik Nord</td></tr><tr><td style="white-space:nowrap">278131000016006<a name="SOR-278131000016006"> </a></td><td>PS Almenpsykiatrisk, Nord Sengeafsnit</td><td>PS Almenpsykiatrisk, Nord Sengeafsnit</td></tr><tr><td style="white-space:nowrap">278191000016007<a name="SOR-278191000016007"> </a></td><td>PS Ældrepsykiatrisk Afdeling</td><td>PS Ældrepsykiatrisk Afdeling</td></tr><tr><td style="white-space:nowrap">278201000016009<a name="SOR-278201000016009"> </a></td><td>PS Ældrepsykiatrisk Sengeafsnit</td><td>PS Ældrepsykiatrisk Sengeafsnit</td></tr><tr><td style="white-space:nowrap">278211000016006<a name="SOR-278211000016006"> </a></td><td>PS Ældrepsykiatrisk Ambulatorier</td><td>PS Ældrepsykiatrisk Ambulatorier</td></tr><tr><td style="white-space:nowrap">278221000016002<a name="SOR-278221000016002"> </a></td><td>PS Retspsykiatrisk Afdeling</td><td>Psykiatrien Nordjylland - PS Retspsykiatri</td></tr><tr><td style="white-space:nowrap">278231000016000<a name="SOR-278231000016000"> </a></td><td>PS Retspsykiatrisk Sengeafsnit</td><td>Psykiatrien Nordjylland - PS Klinik Syd Retspsykiatri</td></tr><tr><td style="white-space:nowrap">278291000016004<a name="SOR-278291000016004"> </a></td><td>PS Almenpsykiatrisk Afdeling, Syd</td><td>Psykiatrien Nordjylland  - PS Klinik Syd</td></tr><tr><td style="white-space:nowrap">278301000016000<a name="SOR-278301000016000"> </a></td><td>PS Almenpsykiatrisk, Syd Sengeafsnit</td><td>PS Almenpsykiatrisk, Syd Sengeafsnit</td></tr><tr><td style="white-space:nowrap">278321000016007<a name="SOR-278321000016007"> </a></td><td>PS Almenpsykiatrisk, Syd Ambulatorier</td><td>Psykiatrien Nordjylland - PS Klinik Syd Ambulatorier</td></tr><tr><td style="white-space:nowrap">282651000016004<a name="SOR-282651000016004"> </a></td><td>Psyk. Center Bornholm</td><td>Region Hovedstadens Psykiatri - Psyk. Center Bornholm</td></tr><tr><td style="white-space:nowrap">339031000016008<a name="SOR-339031000016008"> </a></td><td>Børne- og Ungdomspsyk. Center Bispebjerg, B</td><td>Region Hovedstadens Psykiatri - Børne- og Ungdomspsyk. Center Bispebjerg, B</td></tr><tr><td style="white-space:nowrap">366121000016007<a name="SOR-366121000016007"> </a></td><td>Frh Psyk Amb Frederikshavn</td><td>Frh Psyk Amb Frederikshavn</td></tr><tr><td style="white-space:nowrap">366381000016006<a name="SOR-366381000016006"> </a></td><td>Alb Amb Personlighedsforstyrrelser</td><td>Alb Amb Personlighedsforstyrrelser</td></tr><tr><td style="white-space:nowrap">366391000016008<a name="SOR-366391000016008"> </a></td><td>Alb Amb Angst og Tvangssygdom</td><td>Alb Amb Angst og Tvangssygdom</td></tr><tr><td style="white-space:nowrap">366411000016008<a name="SOR-366411000016008"> </a></td><td>Alb Amb Psykose specialafsnit</td><td>Alb Amb Psykose specialafsnit</td></tr><tr><td style="white-space:nowrap">366431000016002<a name="SOR-366431000016002"> </a></td><td>Alb Amb for Depression</td><td>Alb Amb for Depression</td></tr><tr><td style="white-space:nowrap">387101000016000<a name="SOR-387101000016000"> </a></td><td>PVE Ambulant psykose enhed - vest</td><td>Psykiatrien Region Midtjylland - PVE Ambulant psykose enhed - vest</td></tr><tr><td style="white-space:nowrap">391151000016008<a name="SOR-391151000016008"> </a></td><td>PMI Regionspsykiatrien Midt</td><td>Psykiatrien Region Midtjylland - PMI Regionspsykiatrien Midt</td></tr><tr><td style="white-space:nowrap">391171000016001<a name="SOR-391171000016001"> </a></td><td>Regionspsykiatrien Randers</td><td>Regionspsykiatrien Randers</td></tr><tr><td style="white-space:nowrap">438091000016005<a name="SOR-438091000016005"> </a></td><td>Alb Amb Unge med Skizofreni</td><td>Alb Amb Unge med Skizofreni</td></tr><tr><td style="white-space:nowrap">454401000016004<a name="SOR-454401000016004"> </a></td><td>PMI Sengeafsnit - Regionspsykiatri Midt</td><td>Psykiatrien Region Midtjylland - PMI Sengeafsnit - Regionspsykiatri Midt</td></tr><tr><td style="white-space:nowrap">454411000016002<a name="SOR-454411000016002"> </a></td><td>PMI Klinik for depression og mani - Midt</td><td>PMI Klinik for depression og mani - Midt</td></tr><tr><td style="white-space:nowrap">454451000016003<a name="SOR-454451000016003"> </a></td><td>PMI Klinik for psykoser - Midt</td><td>Psykiatrien Region Midtjylland - PMI Klinik for psykoser - Midt</td></tr><tr><td style="white-space:nowrap">454461000016000<a name="SOR-454461000016000"> </a></td><td>PMI Klinik for retspsykiatri - Midt</td><td>Psykiatrien Region Midtjylland - PMI Klinik for retspsykiatri - Midt</td></tr><tr><td style="white-space:nowrap">456481000016000<a name="SOR-456481000016000"> </a></td><td>Brø Amb Personlighedspsykiatri</td><td/></tr><tr><td style="white-space:nowrap">463791000016008<a name="SOR-463791000016008"> </a></td><td>PMI Sengeafsnit retspsykiatri - Viborg</td><td>Psykiatrien Region Midtjylland - PMI Sengeafsnit retspsykiatri - Viborg</td></tr><tr><td style="white-space:nowrap">479221000016009<a name="SOR-479221000016009"> </a></td><td>PHO O1 Sengeafsnit Regionspsykiatri - Horsens</td><td>Psykiatrien Region Midtjylland - PHO O1 Sengeafsnit Regionspsykiatri - Horsens</td></tr><tr><td style="white-space:nowrap">486741000016006<a name="SOR-486741000016006"> </a></td><td>PRA Psykiatrisk Klinik 2 - Randers</td><td>Psykiatrien Region Midtjylland - PRA Psykiatrisk Klinik 2 - Randers</td></tr><tr><td style="white-space:nowrap">495051000016001<a name="SOR-495051000016001"> </a></td><td>Thy Psyk Amb Thy-Mors</td><td>Thy Psyk Amb Thy-Mors</td></tr><tr><td style="white-space:nowrap">508591000016003<a name="SOR-508591000016003"> </a></td><td>Alb Amb for ADHD Voksne</td><td>Alb Amb for ADHD Voksne</td></tr><tr><td style="white-space:nowrap">576481000016005<a name="SOR-576481000016005"> </a></td><td>Brø Amb Psyk Udviklingshæmmede</td><td>Brø Amb Psyk Udviklingshæmmede</td></tr><tr><td style="white-space:nowrap">603271000016004<a name="SOR-603271000016004"> </a></td><td>PMI R1 Sengeafsnit retspsykiatri - Viborg</td><td>PMI R1 Sengeafsnit retspsykiatri - Viborg</td></tr><tr><td style="white-space:nowrap">603281000016002<a name="SOR-603281000016002"> </a></td><td>PMI R2 Sengeafsnit retspsykiatri - Viborg</td><td>PMI R2 Sengeafsnit retspsykiatri - Viborg</td></tr><tr><td style="white-space:nowrap">603291000016000<a name="SOR-603291000016000"> </a></td><td>PHO O1 Akutsengeafsnit - Horsens</td><td>Psykiatrien Region Midtjylland - PHO O1 Akutsengeafsnit - Horsens</td></tr><tr><td style="white-space:nowrap">625211000016002<a name="SOR-625211000016002"> </a></td><td>Brø Amb Angst og Tvangssygdom</td><td>Brø Amb Angst og Tvangssygdom</td></tr><tr><td style="white-space:nowrap">685871000016000<a name="SOR-685871000016000"> </a></td><td>Alb Amb for Bipolar Lidelse</td><td>Alb Amb for Bipolar Lidelse</td></tr><tr><td style="white-space:nowrap">687931000016002<a name="SOR-687931000016002"> </a></td><td>PMI Særlige Pladser - Viborg</td><td>PMI Særlige Pladser - Viborg</td></tr><tr><td style="white-space:nowrap">694221000016003<a name="SOR-694221000016003"> </a></td><td>Retspsykiatrisk Afdeling - AUH</td><td>Psykiatrien Region Midtjylland - Retspsykiatrisk Afdeling - AUH</td></tr><tr><td style="white-space:nowrap">694231000016001<a name="SOR-694231000016001"> </a></td><td>RET Psykiatri Sengeafsnit for Retspsykiatri - AUH</td><td>Psykiatrien Region Midtjylland - RET Psykiatri Sengeafsnit for Retspsykiatri  - AUH</td></tr><tr><td style="white-space:nowrap">694251000016006<a name="SOR-694251000016006"> </a></td><td>RET Retspsykiatrisk Klinik - AUH</td><td>Psykiatrien Region Midtjylland - RET Retspsykiatrisk Klinik - AUH</td></tr><tr><td style="white-space:nowrap">694271000016004<a name="SOR-694271000016004"> </a></td><td>RET Retspsykiatri - Sengeafsnit 1 - AUH</td><td>RET Retspsykiatri - Sengeafsnit 1 - AUH</td></tr><tr><td style="white-space:nowrap">694281000016002<a name="SOR-694281000016002"> </a></td><td>RET Retspsykiatri - Sengeafsnit 2 - AUH</td><td>RET Retspsykiatri - Sengeafsnit 2 - AUH</td></tr><tr><td style="white-space:nowrap">694291000016000<a name="SOR-694291000016000"> </a></td><td>RET Retspsykiatri - Sengeafsnit 3 - AUH</td><td>RET Retspsykiatri - Sengeafsnit 3 - AUH</td></tr><tr><td style="white-space:nowrap">694301000016001<a name="SOR-694301000016001"> </a></td><td>RET Retspsykiatri - Sengeafsnit 4 - AUH</td><td>RET Retspsykiatri - Sengeafsnit 4 - AUH</td></tr><tr><td style="white-space:nowrap">694331000016005<a name="SOR-694331000016005"> </a></td><td>RET Retspsykiatrisk Opsøgende Team - AUH</td><td>RET Retspsykiatrisk Opsøgende Team - AUH</td></tr><tr><td style="white-space:nowrap">694351000016000<a name="SOR-694351000016000"> </a></td><td>Afdeling for Depression og Angst - AUH</td><td>Afdeling for Depression og Angst - AUH</td></tr><tr><td style="white-space:nowrap">694441000016007<a name="SOR-694441000016007"> </a></td><td>BUA Psykiatrisk Klinik for Unge</td><td>BUA Psykiatrisk Klinik for Unge</td></tr><tr><td style="white-space:nowrap">694461000016008<a name="SOR-694461000016008"> </a></td><td>BUA Børne- og Ungdomspsykiatri - Sengeafsnit</td><td>BUA Børne- og Ungdomspsykiatri - Sengeafsnit</td></tr><tr><td style="white-space:nowrap">694681000016004<a name="SOR-694681000016004"> </a></td><td>BUA Klinik for Mentalobservation - AUH</td><td>Psykiatrien Region Midtjylland - BUA Klinik for Mentalobservation - AUH</td></tr><tr><td style="white-space:nowrap">694841000016009<a name="SOR-694841000016009"> </a></td><td>ADA Klinik for Personlighedsforstyrrelser - AUH</td><td>Psykiatrien Region Midtjylland - ADA Klinik for Personlighedsforstyrrelser - AUH</td></tr><tr><td style="white-space:nowrap">694891000016001<a name="SOR-694891000016001"> </a></td><td>ADA Klinik for Angst og OCD - AUH</td><td>Psykiatrien Region Midtjylland - ADA Klinik for Angst og OCD - AUH</td></tr><tr><td style="white-space:nowrap">694901000016000<a name="SOR-694901000016000"> </a></td><td>ADA Klinik for PTSD og Transkulturel Psykiatri - AUH</td><td>Psykiatrien Region Midtjylland - ADA Klinik for PTSD og Transkulturel Psykiatri - AUH</td></tr><tr><td style="white-space:nowrap">695161000016000<a name="SOR-695161000016000"> </a></td><td>AFP Psykiatri Sengeafsnit for Psykoser - AUH</td><td>Psykiatrien Region Midtjylland - AFP Psykiatri Sengeafsnit for Psykoser - AUH</td></tr><tr><td style="white-space:nowrap">695251000016007<a name="SOR-695251000016007"> </a></td><td>AFP Psykiatrisk Klinik 1 - AUH</td><td>Psykiatrien Region Midtjylland - AFP Psykiatrisk Klinik 1 - AUH</td></tr><tr><td style="white-space:nowrap">695281000016003<a name="SOR-695281000016003"> </a></td><td>AFP Psykiatrisk Klinik 2 - AUH</td><td>Psykiatrien Region Midtjylland - AFP Psykiatrisk Klinik 2 - AUH</td></tr><tr><td style="white-space:nowrap">697531000016008<a name="SOR-697531000016008"> </a></td><td>Psykiatri SYD Overafd. 27</td><td>Psykiatri SYD Overafd. 27</td></tr><tr><td style="white-space:nowrap">698861000016003<a name="SOR-698861000016003"> </a></td><td>Brø Amb Midtv. Affektiv</td><td>Psykiatrien Nordjylland - Brø Amb Midtv. Affektiv</td></tr><tr><td style="white-space:nowrap">884321000016003<a name="SOR-884321000016003"> </a></td><td>PMI Team for psykoser - Silkeborg</td><td>PMI Team for psykoser - Silkeborg</td></tr><tr><td style="white-space:nowrap">884331000016001<a name="SOR-884331000016001"> </a></td><td>PMI Klinik for retspsykiatri - Viborg-Skive</td><td>PMI Klinik for retspsykiatri - Viborg-Skive</td></tr><tr><td style="white-space:nowrap">886951000016001<a name="SOR-886951000016001"> </a></td><td>Psyk. Center Nordsjælland, overafd. - N4</td><td>Region Hovedstadens Psykiatri - Psyk. Center Nordsjælland, overafd. - N4</td></tr><tr><td style="white-space:nowrap">983001000016004<a name="SOR-983001000016004"> </a></td><td>Alm Amb Psykose Aalborg Nord</td><td>Alm Amb Psykose Aalborg Nord</td></tr><tr><td style="white-space:nowrap">983011000016002<a name="SOR-983011000016002"> </a></td><td>Alb Amb Psykose Aalborg Centrum</td><td>Alb Amb Psykose Aalborg Centrum</td></tr><tr><td style="white-space:nowrap">983021000016006<a name="SOR-983021000016006"> </a></td><td>Alb Amb Psykose Aalborg SydØst</td><td>Alb Amb Psykose Aalborg SydØst</td></tr><tr><td style="white-space:nowrap">983031000016008<a name="SOR-983031000016008"> </a></td><td>Alb Amb Psykose Himmerland</td><td>Alb Amb Psykose Himmerland</td></tr><tr><td style="white-space:nowrap">983041000016001<a name="SOR-983041000016001"> </a></td><td>Brø Amb Midtv. Hjør. Psykose</td><td>Psykiatrien Nordjylland - Brø Amb Midtv. Hjør. Psykose</td></tr><tr><td style="white-space:nowrap">983051000016003<a name="SOR-983051000016003"> </a></td><td>Brø Amb Midtv. Brøn. Psykose</td><td>Psykiatrien Nordjylland - Brø Amb Midtv. Brøn. Psykose</td></tr><tr><td style="white-space:nowrap">986621000016007<a name="SOR-986621000016007"> </a></td><td>Regionspsykiatrien Gødstrup</td><td>Regionspsykiatrien Gødstrup</td></tr><tr><td style="white-space:nowrap">986631000016009<a name="SOR-986631000016009"> </a></td><td>RPG Sengeafdeling Regionpsykiatrien - Gødstrup</td><td>RPG Sengeafdeling Regionpsykiatrien - Gødstrup</td></tr><tr><td style="white-space:nowrap">479201000016002<a name="SOR-479201000016002"> </a></td><td>PHO Klinik 1 for Psykiatriske Lidelser - Horsens</td><td>PHO Klinik 1 for Psykiatriske Lidelser - Horsens</td></tr><tr><td style="white-space:nowrap">934471000016008<a name="SOR-934471000016008"> </a></td><td>PHO Team for Retspsykiatri - Horsens</td><td>PHO Team for Retspsykiatri - Horsens</td></tr><tr><td style="white-space:nowrap">391161000016006<a name="SOR-391161000016006"> </a></td><td>PHO Regionspsykiatrien Horsens</td><td>PHO Regionspsykiatrien Horsens</td></tr><tr><td style="white-space:nowrap">884181000016000<a name="SOR-884181000016000"> </a></td><td>PMI Team for OCD og Angstlidelser - Silkeborg</td><td>PMI Team for OCD og Angstlidelser - Silkeborg</td></tr><tr><td style="white-space:nowrap">884201000016001<a name="SOR-884201000016001"> </a></td><td>PMI Team for depression og mani - Silkeborg</td><td>PMI Team for depression og mani - Silkeborg</td></tr><tr><td style="white-space:nowrap">884301000016005<a name="SOR-884301000016005"> </a></td><td>PMI ADHD og Rusmiddelteam - Silkeborg</td><td>PMI ADHD og Rusmiddelteam - Silkeborg</td></tr><tr><td style="white-space:nowrap">695151000016003<a name="SOR-695151000016003"> </a></td><td>Afdeling for Psykoser - AUH</td><td>Afdeling for Psykoser - AUH</td></tr><tr><td style="white-space:nowrap">989231000016003<a name="SOR-989231000016003"> </a></td><td>Hillerød, HI Endokrinologisk og Nefrologisk Overafd. (989231000016003)</td><td/></tr><tr><td style="white-space:nowrap">264781000016005<a name="SOR-264781000016005"> </a></td><td>Herlev, Nefrologisk overafd. B (264781000016005)</td><td/></tr><tr><td style="white-space:nowrap">252441000016006<a name="SOR-252441000016006"> </a></td><td>Rigshospitalet, Nefrologisk Klinik, P (252441000016006)</td><td/></tr><tr><td style="white-space:nowrap">265611000016005<a name="SOR-265611000016005"> </a></td><td>Rønne, Medicinsk overafd. (265611000016005)</td><td/></tr><tr><td style="white-space:nowrap">227011000016003<a name="SOR-227011000016003"> </a></td><td>Holbæk, HOL Medicin – Overafdeling (227011000016003)</td><td/></tr><tr><td style="white-space:nowrap">223181000016000<a name="SOR-223181000016000"> </a></td><td>Roskilde og Nykøbing Falster Sygehus, ROS Medicin – Overafdeling (223181000016000)</td><td/></tr><tr><td style="white-space:nowrap">239831000016009<a name="SOR-239831000016009"> </a></td><td>OUH Nyremedicinsk Afdeling Y (239831000016009)</td><td/></tr><tr><td style="white-space:nowrap">246501000016005<a name="SOR-246501000016005"> </a></td><td>Esbjerg, SVS Medicinsk Område (246501000016005)</td><td/></tr><tr><td style="white-space:nowrap">247441000016006<a name="SOR-247441000016006"> </a></td><td>Fredericia, SLB Medicinske Sygdomme (Kolding) (247441000016006)</td><td/></tr><tr><td style="white-space:nowrap">504361000016006<a name="SOR-504361000016006"> </a></td><td>Sønderborg, SHS Diabetes, Hormon- og Nyresygdomme (504361000016006)</td><td/></tr><tr><td style="white-space:nowrap">453111000016005<a name="SOR-453111000016005"> </a></td><td>Aarhus/Skejby, Nyresygdomme Overafdeling (453111000016005)</td><td/></tr><tr><td style="white-space:nowrap">900231000016007<a name="SOR-900231000016007"> </a></td><td>Holstebro, Gødstrup, Medicinsk Afdeling – RHG (900231000016007)</td><td/></tr><tr><td style="white-space:nowrap">507561000016008<a name="SOR-507561000016008"> </a></td><td>Viborg, Klinik for Nyresygdomme Viborg (507561000016008)</td><td/></tr><tr><td style="white-space:nowrap">275931000016002<a name="SOR-275931000016002"> </a></td><td>Aalborg, Nyremedicinsk område (275931000016002)</td><td/></tr><tr><td style="white-space:nowrap">590021000016006<a name="SOR-590021000016006"> </a></td><td>Amager og Hvidovre Hospital, Gynækologisk sengeafdeling</td><td/></tr><tr><td style="white-space:nowrap">590371000016007<a name="SOR-590371000016007"> </a></td><td>Amager og Hvidovre Hospital, Gynækologisk dagkirurgisk afsnit</td><td/></tr><tr><td style="white-space:nowrap">265661000016007<a name="SOR-265661000016007"> </a></td><td>Bornholms Hospital, Kirurgisk sengeafd.</td><td/></tr><tr><td style="white-space:nowrap">264671000016001<a name="SOR-264671000016001"> </a></td><td>Herlev og gentofte Hospital, Gynækologisk afdeling G-1</td><td/></tr><tr><td style="white-space:nowrap">264711000016000<a name="SOR-264711000016000"> </a></td><td>Herlev og gentofte Hospital, Gynækologisk ambulatorium G-1a</td><td/></tr><tr><td style="white-space:nowrap">219021000016009<a name="SOR-219021000016009"> </a></td><td>Nordsjællands Hospital, HI Gynækologisk Afd., senge</td><td/></tr><tr><td style="white-space:nowrap">218901000016007<a name="SOR-218901000016007"> </a></td><td>Nordsjællands Hospital, HI Gynækologisk Afd., amb.</td><td/></tr><tr><td style="white-space:nowrap">976201000016009<a name="SOR-976201000016009"> </a></td><td>Rigshospitalet, Gynækologisk Klinik GYN, heldøgn</td><td/></tr><tr><td style="white-space:nowrap">226461000016007<a name="SOR-226461000016007"> </a></td><td>Holbæk Gyn afd., HOL Gynækologisk Afd.</td><td/></tr><tr><td style="white-space:nowrap">226531000016003<a name="SOR-226531000016003"> </a></td><td>Holbæk Gyn afd., HOL Gynækologisk Amb.</td><td/></tr><tr><td style="white-space:nowrap">229981000016001<a name="SOR-229981000016001"> </a></td><td>Nykøbing F, NFS Gynækologisk Afd.</td><td/></tr><tr><td style="white-space:nowrap">230071000016009<a name="SOR-230071000016009"> </a></td><td>Nykøbing F, NFS Gynækologisk Amb.</td><td/></tr><tr><td style="white-space:nowrap">222641000016008<a name="SOR-222641000016008"> </a></td><td>Roskilde, ROS Gynækologisk Afd.</td><td/></tr><tr><td style="white-space:nowrap">222751000016004<a name="SOR-222751000016004"> </a></td><td>Roskilde Gyn afd.</td><td/></tr><tr><td style="white-space:nowrap">229441000016002<a name="SOR-229441000016002"> </a></td><td>Slagelse, SLA Gynækologisk Afd.</td><td/></tr><tr><td style="white-space:nowrap">229591000016006<a name="SOR-229591000016006"> </a></td><td>Slagelse, SLA Gynækologisk Amb.</td><td/></tr><tr><td style="white-space:nowrap">246971000016008<a name="SOR-246971000016008"> </a></td><td>Kolding Sygehus, SLB Kvindesygdomme og Fødsler (Kolding)</td><td/></tr><tr><td style="white-space:nowrap">246931000016006<a name="SOR-246931000016006"> </a></td><td>Kolding Sygehus, SLB Kvindesygdomme Ambulatorium (Kolding)</td><td/></tr><tr><td style="white-space:nowrap">238721000016006<a name="SOR-238721000016006"> </a></td><td>OUH Gynækologisk Afsnit (Odense)</td><td/></tr><tr><td style="white-space:nowrap">238741000016001<a name="SOR-238741000016001"> </a></td><td>OUH Gynækologisk Ambulatorium</td><td/></tr><tr><td style="white-space:nowrap">239391000016000<a name="SOR-239391000016000"> </a></td><td>OUH Kirurgisk Afsnit A</td><td/></tr><tr><td style="white-space:nowrap">241141000016008<a name="SOR-241141000016008"> </a></td><td>OUH Urinvejskirurgisk Ambulatorium L</td><td/></tr><tr><td style="white-space:nowrap">501671000016009<a name="SOR-501671000016009"> </a></td><td>SHS Kvindesygdomme Sengeafsnit (Aabenraa)</td><td/></tr><tr><td style="white-space:nowrap">501711000016005<a name="SOR-501711000016005"> </a></td><td>SHS Kvindesygdomme Dagkirurgi (Sønderborg)</td><td/></tr><tr><td style="white-space:nowrap">245971000016004<a name="SOR-245971000016004"> </a></td><td>SVS Kvindesygdomme Afsnit (Esbjerg)</td><td/></tr><tr><td style="white-space:nowrap">245951000016006<a name="SOR-245951000016006"> </a></td><td>SVS Kvindesygdomme Ambulatorium (Esbjerg)</td><td/></tr><tr><td style="white-space:nowrap">453211000016004<a name="SOR-453211000016004"> </a></td><td>AUH Kvindesygdomme</td><td/></tr><tr><td style="white-space:nowrap">453221000016008<a name="SOR-453221000016008"> </a></td><td>AUH, Dagkirurgi - Kvindesygdomme og Fødsler</td><td/></tr><tr><td style="white-space:nowrap">455661000016001<a name="SOR-455661000016001"> </a></td><td>AUH Urinvejskirurgi</td><td/></tr><tr><td style="white-space:nowrap">507481000016002<a name="SOR-507481000016002"> </a></td><td>Hospitalsenhed Midt, Kvindesygdomme og Fødsler Viborg</td><td/></tr><tr><td style="white-space:nowrap">485441000016009<a name="SOR-485441000016009"> </a></td><td>Hospitalsenhed Midt, Kvindeklinikken Viborg</td><td/></tr><tr><td style="white-space:nowrap">899591000016008<a name="SOR-899591000016008"> </a></td><td>Regionshospitalet Gødstrup, Afsnit for Kvindesygdomme Gødstrup - RHG</td><td/></tr><tr><td style="white-space:nowrap">899651000016003<a name="SOR-899651000016003"> </a></td><td>Regionshospitalet Gødstrup, Klinik for Kvindesygdomme Gødstrup - RHG</td><td/></tr><tr><td style="white-space:nowrap">899781000016001<a name="SOR-899781000016001"> </a></td><td>Regionshospitalet Gødstrup, Kvindesygdomme Ambulant Kirurgi Gødstrup - RHG</td><td/></tr><tr><td style="white-space:nowrap">265971000016007<a name="SOR-265971000016007"> </a></td><td>Regionshospitalet Horsens, Sengeafdeling for Kvindesygdomme og Fødsler</td><td/></tr><tr><td style="white-space:nowrap">266001000016005<a name="SOR-266001000016005"> </a></td><td>Regionshospitalet Horsens, Dagkirurgi, Kvindesygdomme</td><td/></tr><tr><td style="white-space:nowrap">271211000016002<a name="SOR-271211000016002"> </a></td><td>Regionshospitalet Randers, Kvindesygdomme og Fødsler - Randers</td><td/></tr><tr><td style="white-space:nowrap">271221000016006<a name="SOR-271221000016006"> </a></td><td>Regionshospitalet Randers, Kvindesygdomsklinikken - Randers</td><td/></tr><tr><td style="white-space:nowrap">275611000016002<a name="SOR-275611000016002"> </a></td><td>Aalborg Universitetshospital, Alb Gyn.-Obst. Afdeling</td><td/></tr><tr><td style="white-space:nowrap">275641000016001<a name="SOR-275641000016001"> </a></td><td>Aalborg Universitetshospital, Alb Gyn. Ambulatorium</td><td/></tr><tr><td style="white-space:nowrap">276431000016003<a name="SOR-276431000016003"> </a></td><td>Aalborg Universitetshospital, Alb Urologisk afd.</td><td/></tr><tr><td style="white-space:nowrap">275661000016000<a name="SOR-275661000016000"> </a></td><td>Aalborg Universitetshospital, Hob Gyn. Ambulatorium Hobro</td><td/></tr><tr><td style="white-space:nowrap">274781000016002<a name="SOR-274781000016002"> </a></td><td>Aalborg Universitetshospital, Thisted, Thy Gyn.-Obst. sengeafd.</td><td/></tr><tr><td style="white-space:nowrap">277201000016005<a name="SOR-277201000016005"> </a></td><td>Regionshospital Nordjylland, Hjr Gyn.Obst. Amb.</td><td/></tr><tr><td style="white-space:nowrap">277161000016004<a name="SOR-277161000016004"> </a></td><td>Regionshospital Nordjylland, Hjr Gyn.-Obst. Sengeafd.</td><td/></tr><tr><td style="white-space:nowrap">464271000016003<a name="SOR-464271000016003"> </a></td><td>Regionshospital Nordjylland, Hjr Dagafsnit for Kvindesygdomme</td><td/></tr><tr><td style="white-space:nowrap">606291000016007<a name="SOR-606291000016007"> </a></td><td>Regionshospital Nordjylland, Hjr Uro-gyn Amb</td><td/></tr><tr><td style="white-space:nowrap">1041431000016004<a name="SOR-1041431000016004"> </a></td><td>Adeas Parken</td><td/></tr><tr><td style="white-space:nowrap">492011000016005<a name="SOR-492011000016005"> </a></td><td>Aleris Privathospitaler, Esbjerg</td><td/></tr><tr><td style="white-space:nowrap">652991000016006<a name="SOR-652991000016006"> </a></td><td>Aleris Privathospitaler, Ringsted</td><td/></tr><tr><td style="white-space:nowrap">491731000016006<a name="SOR-491731000016006"> </a></td><td>Aleris Privathospitaler, København</td><td/></tr><tr><td style="white-space:nowrap">491911000016003<a name="SOR-491911000016003"> </a></td><td>Aleris Privathospitaler, Aalborg</td><td/></tr><tr><td style="white-space:nowrap">491831000016002<a name="SOR-491831000016002"> </a></td><td>Aleris Hospitaler, Aarhus, urologi og gynækologi</td><td/></tr><tr><td style="white-space:nowrap">302311000016004<a name="SOR-302311000016004"> </a></td><td>AROS privathospital, beh. Afsnit</td><td/></tr><tr><td style="white-space:nowrap">293191000016008<a name="SOR-293191000016008"> </a></td><td>Capio A/S - Hellerup sengeafsnit</td><td/></tr><tr><td style="white-space:nowrap">293271000016004<a name="SOR-293271000016004"> </a></td><td>Capio A/S - Odense sengeafsnit</td><td/></tr><tr><td style="white-space:nowrap">596991000016007<a name="SOR-596991000016007"> </a></td><td>Capio A/S - Odense ambulatorium</td><td/></tr><tr><td style="white-space:nowrap">688881000016009<a name="SOR-688881000016009"> </a></td><td>CPH Privathospital A/S, kirurgisk afsnit</td><td/></tr><tr><td style="white-space:nowrap">299421000016004<a name="SOR-299421000016004"> </a></td><td>Gråbrødreklinikken, beh. afsnit</td><td/></tr><tr><td style="white-space:nowrap">293511000016005<a name="SOR-293511000016005"> </a></td><td>Privathospitalet Danmark, Charlottenlund</td><td/></tr><tr><td style="white-space:nowrap">574681000016001<a name="SOR-574681000016001"> </a></td><td>Privathospitalet Mølholm Aarhus, Højbjerg beh.afsnit</td><td/></tr><tr><td style="white-space:nowrap">300771000016007<a name="SOR-300771000016007"> </a></td><td>Privathospitalet Mølholm Vejle, beh. afsnit</td><td/></tr><tr><td style="white-space:nowrap">298241000016003<a name="SOR-298241000016003"> </a></td><td>Privathospitalet Møn, Gynækologisk sengeafsnit</td><td/></tr><tr><td style="white-space:nowrap">1048581000016009<a name="SOR-1048581000016009"> </a></td><td>Søernes Privathospital, beh.afsnit</td><td/></tr><tr><td style="white-space:nowrap">106021000016002<a name="SOR-106021000016002"> </a></td><td>Aagaard Gynækologiske Klinik</td><td/></tr><tr><td style="white-space:nowrap">404261000016009<a name="SOR-404261000016009"> </a></td><td>Aarhus universitetshospital</td><td/></tr><tr><td style="white-space:nowrap">8031000016007<a name="SOR-8031000016007"> </a></td><td>Rigshospitalet</td><td/></tr><tr><td style="white-space:nowrap">682641000016004<a name="SOR-682641000016004"> </a></td><td>Afdeling for blodprøver og biokemi, Aarhus Universitetshospital</td><td/></tr><tr><td style="white-space:nowrap">256631000016003<a name="SOR-256631000016003"> </a></td><td>Afdeling for Klinisk Biokemi – Blegdamsvej</td><td/></tr></table></div></text><url value="https://kip.rkkp.dk/fhir/CodeSystem/SOR"/><version value="2.9.1"/><name value="SOR"/><title value="Sundhedsvæsenets Organisationsregister (SOR)"/><status value="active"/><date value="2022-09-06T00:00:00+02:00"/><publisher value="Sundhedsvæsnets Kvalistetsinstitut with Trifork Digital Health A/S"/><contact><name value="Sundhedsvæsnets Kvalistetsinstitut with Trifork Digital Health A/S"/><telecom><system value="url"/><value value="https://trifork.com"/></telecom><telecom><system value="email"/><value value="rbk@trifork.com"/></telecom></contact><description value="Sundhedsvæsenets OrganisationsregisterR (SOR) - Udvalgte koder i RKKP."/><caseSensitive value="false"/><content value="fragment"/><concept><code value="223601000016004"/><display value="ROS Neurologisk Afd."/><definition value="Region Sjællands Sygehusvæsen - ROS Neurologisk Afd. (Shak: 3800A80)"/></concept><concept><code value="239081000016004"/><display value="OUH Hæmatologisk Afsnit X (Odense)"/><definition value="Odense Universitetshospital - Svendborg - OUH Hæmatologisk Afsnit X (Odense) (Shak: 4202560)"/></concept><concept><code value="239981000016003"/><display value="OUH Neurokirurgisk Afsnit U (Odense)"/><definition value="Odense Universitetshospital - Svendborg - OUH Neurokirurgisk Afsnit U (Odense) (Shak: 4202150)"/></concept><concept><code value="240121000016005"/><display value="OUH Neurologisk Afsnit N"/><definition value="Odense Universitetshospital - Svendborg - OUH Neurologisk Afsnit N (Shak: 4202160)"/></concept><concept><code value="244701000016009"/><display value="SVS Blodsygdomme Afsnit (Esbjerg)"/><definition value="Sydvestjysk Sygehus - SVS Blodsygdomme Afsnit (Esbjerg) (Shak: 5501053)"/></concept><concept><code value="245291000016005"/><display value="SVS Stroke Afsnit (Esbjerg)"/><definition value="Sydvestjysk Sygehus - SVS Stroke Afsnit (Esbjerg) (Shak: 550105B)"/></concept><concept><code value="252961000016000"/><display value="Operation"/><definition value="Rigshospitalet - Operation (Shak: 1301211)"/></concept><concept><code value="253081000016000"/><display value="Sengeafsnit 2094"/><definition value="Rigshospitalet - Sengeafsnit 2094 (Shak: 1301221)"/></concept><concept><code value="253121000016002"/><display value="Hukommelsesklinikken, N7"/><definition value="Rigshospitalet - Hukommelsesklinikken, N7 (Shak: 1301227)"/></concept><concept><code value="257721000016006"/><display value="Neurologisk afd. akut apopleksi"/><definition value="Bispebjerg og Frederiksberg Hospitaler - Neurologisk afd. akut apopleksi (Shak: 1309170)"/></concept><concept><code value="265621000016001"/><display value="Medicinsk sengeafd."/><definition value="Bornholms Hospital - Medicinsk sengeafd. (Shak: 4001030)"/></concept><concept><code value="275981000016003"/><display value="Alb Neurologisk afd."/><definition value="Aalborg Universitetshospital - Alb Neurologisk afd. (Shak: 8001191)"/></concept><concept><code value="275721000016002"/><display value="Alb Hæmatologisk afd."/><definition value="Aalborg Universitetshospital - Alb Hæmatologisk afd. (Shak: 8001101)"/></concept><concept><code value="275991000016001"/><display value="Alb Neurologisk amb."/><definition value="Aalborg Universitetshospital - Alb Neurologisk amb. (Shak: 8001199)"/></concept><concept><code value="276361000016000"/><display value="Alb Neurokir. Afd."/><definition value="Aalborg Universitetshospital - Alb Neurokir. Afd. (Shak: 8001311)"/></concept><concept><code value="380011000016000"/><display value="ROS Hæmatologisk Afd."/><definition value="Region Sjællands Sygehusvæsen - ROS Hæmatologisk Afd.(Shak: 3800A20)"/></concept><concept><code value="384851000016002"/><display value="SLB Hæmatologisk Afsnit (Vejle)"/><definition value="Sygehus Lillebælt - SLB Hæmatologisk Afsnit (Vejle) (Shak: 6008260)"/></concept><concept><code value="440051000016002"/><display value="Hjerne- og Rygkirurgi"/><definition value="Aarhus Universitetshospital - Hjerne- og Rygkirurgi (Shak: 6620131)"/></concept><concept><code value="440081000016006"/><display value="Neurologisk Sengeafdeling"/><definition value="Aarhus Universitetshospital - Neurologisk Sengeafdeling (Shak: 6620151)"/></concept><concept><code value="440781000016009"/><display value="Blodsygdomme Sengeafsnit"/><definition value="Aarhus Universitetshospital - Blodsygdomme Sengeafsnit (Shak: 6620141)"/></concept><concept><code value="503321000016003"/><display value="SHS Hjerne- og Nervesygdomme Sengeafsnit (Aabenraa)"/><definition value="Sygehus Sønderjylland - SHS Hjerne- og Nervesygdomme Sengeafsnit (Aabenraa) (Shak: 5000520)"/></concept><concept><code value="588351000016004"/><display value="Neurologisk Kl. senge GLO"/><definition value="Rigshospitalet - Neurologisk Kl. senge GLO (Shak: 130122B)"/></concept><concept><code value="637201000016005"/><display value="SLB Hjerne- og Nervesygdomme Senge (Kolding)"/><definition value="Sygehus Lillebælt - SLB Hjerne- og Nervesygdomme Senge (Kolding) (Shak: 6007320)"/></concept><concept><code value="900651000016000"/><display value="Klinik for Blodsygdomme Gødstrup - RHG"/><definition value="Regionshospitalet Gødstrup - Klinik for Blodsygdomme Gødstrup - RHG (Shak: 664038K)"/></concept><concept><code value="900791000016001"/><display value="Neurologisk Afsnit Gødstrup - RHG"/><definition value="Regionshospitalet Gødstrup - Neurologisk Afsnit Gødstrup - RHG (Shak: 6640401)"/></concept><concept><code value="911061000016003"/><display value="Alb Demensenheden, RN"/><definition value="Aalborg Universitetshospital - Alb Demensenheden, RN (Shak: 800119D)"/></concept><concept><code value="926731000016006"/><display value="Blodsygdomme L, Senge"/><definition value="Rigshospitalet - Blodsygdomme L, Senge (Shak: 1301101)"/></concept><concept><code value="1095041000016007"/><display value="SHS Blodsygdomme Ambulatorium (Sønderborg)"/><definition value="Sygehus Sønderjylland - SHS Blodsygdomme Ambulatorium (Sønderborg) (Shak: 500061A)"/></concept><concept><code value="1125141000016005"/><display value="Neurologisk Stroke Klinik Gødstrup - RHG"/><definition value="Regionshospitalet Gødstrup - Neurologisk Stroke Klinik Gødstrup - RHG (Shak: 664040I)"/></concept><concept><code value="1060711000016001"/><display value="TM Psyk Amb Thy-Mors Psykose"/><definition value="TM Psyk Amb Thy-Mors Psykose"/></concept><concept><code value="1060741000016000"/><display value="TM Psyk Amb Thy-Mors Bosted"/><definition value="TM Psyk Amb Thy-Mors Bosted"/></concept><concept><code value="1066921000016005"/><display value="Frh Psyk Amb Frederikshavn Psykose"/><definition value="Frh Psyk Amb Frederikshavn Psykose"/></concept><concept><code value="1199951000016004"/><display value="ADA Klinik for Depression - AUH"/><definition value="ADA Klinik for Depression - AUH"/></concept><concept><code value="1200011000016005"/><display value="ADA Klinik for Bipolar Sygdom - AUH"/><definition value="Psykiatrien Region Midtjylland - ADA Klinik for Bipolar Sygdom - AUH"/></concept><concept><code value="1223721000016002"/><display value="RPG Enhed for Retspsykiatri – Gødstrup"/><definition value="RPG Enhed for Retspsykiatri – Gødstrup"/></concept><concept><code value="1223761000016008"/><display value="RPG Team for Retspsykiatri - Gødstrup"/><definition value="RPG Team for Retspsykiatri - Gødstrup"/></concept><concept><code value="235611000016000"/><display value="Sjælland"/><definition value="Sjælland"/></concept><concept><code value="235631000016006"/><display value="Psykiatri ØST Overafd. 01"/><definition value="Psykiatri ØST Overafd. 01"/></concept><concept><code value="235901000016009"/><display value="Psykiatri ØST Overafd. 05"/><definition value="Psykiatri ØST Overafd. 05"/></concept><concept><code value="236121000016006"/><display value="Psykiatri VEST Overafd. 10"/><definition value="Psykiatri VEST Overafd. 10"/></concept><concept><code value="236351000016001"/><display value="Psykiatri VEST Overafd. 15 "/><definition value="Psykiatri VEST Overafd. 15"/></concept><concept><code value="236831000016003"/><display value="Psykiatri SYD Overafd. 25"/><definition value="Psykiatri SYD Overafd. 25"/></concept><concept><code value="237021000016009"/><display value="Afdeling For Retspsykiatri - Ledelse"/><definition value="Region Sjællands Sygehusvæsen - Afdeling For Retspsykiatri - Ledelse"/></concept><concept><code value="237031000016006"/><display value="PSL Retspsykiatri"/><definition value="PSL Retspsykiatri"/></concept><concept><code value="237041000016004"/><display value="PSL Retspsykiatrisk Afd."/><definition value="Region Sjællands Sygehusvæsen - PSL Retspsykiatrisk Afd."/></concept><concept><code value="237131000016005"/><display value="PSL Sikringsafd. "/><definition value="PSL Sikringsafd. "/></concept><concept><code value="243921000016002"/><display value="PSY Retspsykiatrisk afdeling (Middelfart)"/><definition value="Psykiatrien Region Syddanmark - PSY Retspsykiatrisk afdeling (Middelfart)"/></concept><concept><code value="243951000016005"/><display value="PSY Retspsykiatrisk Ambulatorium (Middelfart)"/><definition value="Psykiatrien Region Syddanmark - PSY Retspsykiatrisk Ambulatorium (Middelfart)"/></concept><concept><code value="261341000016001"/><display value="Psyk. Center Amager, overafd."/><definition value="Region Hovedstadens Psykiatri - Psyk. Center Amager, overafd."/></concept><concept><code value="261431000016003"/><display value="Børne- og Ungdomspsykiatrisk overafdeling, Bispebjerg, B1"/><definition value="Region Hovedstadens Psykiatri - Børne- og Ungdomspsykiatrisk overafdeling, Bispebjerg, B1"/></concept><concept><code value="261501000016006"/><display value="Psyk. Center København, overafd. N, Nørrebro-afdelingen"/><definition value="Region Hovedstadens Psykiatri - Psyk. Center København, overafd. N,  Nørrebro-afdelingen"/></concept><concept><code value="262181000016004"/><display value="Psyk. Center Sct. Hans, Retspsyk. overafd. R"/><definition value="Region Hovedstadens Psykiatri - Psyk. Center Sct. Hans, Retspsyk. overafd. R"/></concept><concept><code value="262191000016002"/><display value="Sct. Hans, Retspsykiatrisk sengeafd. R"/><definition value="Sct. Hans, Retspsykiatrisk sengeafd. R"/></concept><concept><code value="262221000016007"/><display value="Psyk. Center Sct. Hans, overafd. M"/><definition value="Region Hovedstadens Psykiatri - Psyk. Center Sct. Hans, overafd. M"/></concept><concept><code value="262391000016004"/><display value="Psyk. Center Ballerup, overafd. Ballerup"/><definition value="Region Hovedstadens Psykiatri - Psyk. Center Ballerup, overafd. Ballerup"/></concept><concept><code value="262511000016000"/><display value="Psyk. Center Nordsjælland, overafd."/><definition value="Region Hovedstadens Psykiatri - Psyk. Center Nordsjælland, overafd."/></concept><concept><code value="262671000016009"/><display value="Psyk. Center Glostrup, overafd."/><definition value="Region Hovedstadens Psykiatri - Psyk. Center Glostrup, overafd."/></concept><concept><code value="262681000016006"/><display value="PCGL, Psyk. sengeafd."/><definition value="Region Hovedstadens Psykiatri - PCGL, Psyk. sengeafd."/></concept><concept><code value="278121000016009"/><display value="PS Almenpsykiatrisk Afdeling, Nord"/><definition value="Psykiatrien Nordjylland - PS Klinik Nord"/></concept><concept><code value="278131000016006"/><display value="PS Almenpsykiatrisk, Nord Sengeafsnit"/><definition value="PS Almenpsykiatrisk, Nord Sengeafsnit"/></concept><concept><code value="278191000016007"/><display value="PS Ældrepsykiatrisk Afdeling"/><definition value="PS Ældrepsykiatrisk Afdeling"/></concept><concept><code value="278201000016009"/><display value="PS Ældrepsykiatrisk Sengeafsnit"/><definition value="PS Ældrepsykiatrisk Sengeafsnit"/></concept><concept><code value="278211000016006"/><display value="PS Ældrepsykiatrisk Ambulatorier"/><definition value="PS Ældrepsykiatrisk Ambulatorier"/></concept><concept><code value="278221000016002"/><display value="PS Retspsykiatrisk Afdeling"/><definition value="Psykiatrien Nordjylland - PS Retspsykiatri"/></concept><concept><code value="278231000016000"/><display value="PS Retspsykiatrisk Sengeafsnit"/><definition value="Psykiatrien Nordjylland - PS Klinik Syd Retspsykiatri"/></concept><concept><code value="278291000016004"/><display value="PS Almenpsykiatrisk Afdeling, Syd"/><definition value="Psykiatrien Nordjylland  - PS Klinik Syd"/></concept><concept><code value="278301000016000"/><display value="PS Almenpsykiatrisk, Syd Sengeafsnit"/><definition value="PS Almenpsykiatrisk, Syd Sengeafsnit"/></concept><concept><code value="278321000016007"/><display value="PS Almenpsykiatrisk, Syd Ambulatorier"/><definition value="Psykiatrien Nordjylland - PS Klinik Syd Ambulatorier"/></concept><concept><code value="282651000016004"/><display value="Psyk. Center Bornholm"/><definition value="Region Hovedstadens Psykiatri - Psyk. Center Bornholm"/></concept><concept><code value="339031000016008"/><display value="Børne- og Ungdomspsyk. Center Bispebjerg, B"/><definition value="Region Hovedstadens Psykiatri - Børne- og Ungdomspsyk. Center Bispebjerg, B"/></concept><concept><code value="366121000016007"/><display value="Frh Psyk Amb Frederikshavn"/><definition value="Frh Psyk Amb Frederikshavn"/></concept><concept><code value="366381000016006"/><display value="Alb Amb Personlighedsforstyrrelser"/><definition value="Alb Amb Personlighedsforstyrrelser"/></concept><concept><code value="366391000016008"/><display value="Alb Amb Angst og Tvangssygdom"/><definition value="Alb Amb Angst og Tvangssygdom"/></concept><concept><code value="366411000016008"/><display value="Alb Amb Psykose specialafsnit"/><definition value="Alb Amb Psykose specialafsnit"/></concept><concept><code value="366431000016002"/><display value="Alb Amb for Depression"/><definition value="Alb Amb for Depression"/></concept><concept><code value="387101000016000"/><display value="PVE Ambulant psykose enhed - vest"/><definition value="Psykiatrien Region Midtjylland - PVE Ambulant psykose enhed - vest"/></concept><concept><code value="391151000016008"/><display value="PMI Regionspsykiatrien Midt"/><definition value="Psykiatrien Region Midtjylland - PMI Regionspsykiatrien Midt"/></concept><concept><code value="391171000016001"/><display value="Regionspsykiatrien Randers"/><definition value="Regionspsykiatrien Randers"/></concept><concept><code value="438091000016005"/><display value="Alb Amb Unge med Skizofreni"/><definition value="Alb Amb Unge med Skizofreni"/></concept><concept><code value="454401000016004"/><display value="PMI Sengeafsnit - Regionspsykiatri Midt"/><definition value="Psykiatrien Region Midtjylland - PMI Sengeafsnit - Regionspsykiatri Midt"/></concept><concept><code value="454411000016002"/><display value="PMI Klinik for depression og mani - Midt"/><definition value="PMI Klinik for depression og mani - Midt"/></concept><concept><code value="454451000016003"/><display value="PMI Klinik for psykoser - Midt"/><definition value="Psykiatrien Region Midtjylland - PMI Klinik for psykoser - Midt"/></concept><concept><code value="454461000016000"/><display value="PMI Klinik for retspsykiatri - Midt"/><definition value="Psykiatrien Region Midtjylland - PMI Klinik for retspsykiatri - Midt"/></concept><concept><code value="456481000016000"/><display value="Brø Amb Personlighedspsykiatri"/></concept><concept><code value="463791000016008"/><display value="PMI Sengeafsnit retspsykiatri - Viborg"/><definition value="Psykiatrien Region Midtjylland - PMI Sengeafsnit retspsykiatri - Viborg"/></concept><concept><code value="479221000016009"/><display value="PHO O1 Sengeafsnit Regionspsykiatri - Horsens"/><definition value="Psykiatrien Region Midtjylland - PHO O1 Sengeafsnit Regionspsykiatri - Horsens"/></concept><concept><code value="486741000016006"/><display value="PRA Psykiatrisk Klinik 2 - Randers"/><definition value="Psykiatrien Region Midtjylland - PRA Psykiatrisk Klinik 2 - Randers"/></concept><concept><code value="495051000016001"/><display value="Thy Psyk Amb Thy-Mors"/><definition value="Thy Psyk Amb Thy-Mors"/></concept><concept><code value="508591000016003"/><display value="Alb Amb for ADHD Voksne"/><definition value="Alb Amb for ADHD Voksne"/></concept><concept><code value="576481000016005"/><display value="Brø Amb Psyk Udviklingshæmmede"/><definition value="Brø Amb Psyk Udviklingshæmmede"/></concept><concept><code value="603271000016004"/><display value="PMI R1 Sengeafsnit retspsykiatri - Viborg"/><definition value="PMI R1 Sengeafsnit retspsykiatri - Viborg"/></concept><concept><code value="603281000016002"/><display value="PMI R2 Sengeafsnit retspsykiatri - Viborg"/><definition value="PMI R2 Sengeafsnit retspsykiatri - Viborg"/></concept><concept><code value="603291000016000"/><display value="PHO O1 Akutsengeafsnit - Horsens"/><definition value="Psykiatrien Region Midtjylland - PHO O1 Akutsengeafsnit - Horsens"/></concept><concept><code value="625211000016002"/><display value="Brø Amb Angst og Tvangssygdom"/><definition value="Brø Amb Angst og Tvangssygdom"/></concept><concept><code value="685871000016000"/><display value="Alb Amb for Bipolar Lidelse"/><definition value="Alb Amb for Bipolar Lidelse"/></concept><concept><code value="687931000016002"/><display value="PMI Særlige Pladser - Viborg"/><definition value="PMI Særlige Pladser - Viborg"/></concept><concept><code value="694221000016003"/><display value="Retspsykiatrisk Afdeling - AUH"/><definition value="Psykiatrien Region Midtjylland - Retspsykiatrisk Afdeling - AUH"/></concept><concept><code value="694231000016001"/><display value="RET Psykiatri Sengeafsnit for Retspsykiatri - AUH"/><definition value="Psykiatrien Region Midtjylland - RET Psykiatri Sengeafsnit for Retspsykiatri  - AUH"/></concept><concept><code value="694251000016006"/><display value="RET Retspsykiatrisk Klinik - AUH"/><definition value="Psykiatrien Region Midtjylland - RET Retspsykiatrisk Klinik - AUH"/></concept><concept><code value="694271000016004"/><display value="RET Retspsykiatri - Sengeafsnit 1 - AUH"/><definition value="RET Retspsykiatri - Sengeafsnit 1 - AUH"/></concept><concept><code value="694281000016002"/><display value="RET Retspsykiatri - Sengeafsnit 2 - AUH"/><definition value="RET Retspsykiatri - Sengeafsnit 2 - AUH"/></concept><concept><code value="694291000016000"/><display value="RET Retspsykiatri - Sengeafsnit 3 - AUH"/><definition value="RET Retspsykiatri - Sengeafsnit 3 - AUH"/></concept><concept><code value="694301000016001"/><display value="RET Retspsykiatri - Sengeafsnit 4 - AUH"/><definition value="RET Retspsykiatri - Sengeafsnit 4 - AUH"/></concept><concept><code value="694331000016005"/><display value="RET Retspsykiatrisk Opsøgende Team - AUH"/><definition value="RET Retspsykiatrisk Opsøgende Team - AUH"/></concept><concept><code value="694351000016000"/><display value="Afdeling for Depression og Angst - AUH"/><definition value="Afdeling for Depression og Angst - AUH"/></concept><concept><code value="694441000016007"/><display value="BUA Psykiatrisk Klinik for Unge"/><definition value="BUA Psykiatrisk Klinik for Unge"/></concept><concept><code value="694461000016008"/><display value="BUA Børne- og Ungdomspsykiatri - Sengeafsnit"/><definition value="BUA Børne- og Ungdomspsykiatri - Sengeafsnit"/></concept><concept><code value="694681000016004"/><display value="BUA Klinik for Mentalobservation - AUH"/><definition value="Psykiatrien Region Midtjylland - BUA Klinik for Mentalobservation - AUH"/></concept><concept><code value="694841000016009"/><display value="ADA Klinik for Personlighedsforstyrrelser - AUH"/><definition value="Psykiatrien Region Midtjylland - ADA Klinik for Personlighedsforstyrrelser - AUH"/></concept><concept><code value="694891000016001"/><display value="ADA Klinik for Angst og OCD - AUH"/><definition value="Psykiatrien Region Midtjylland - ADA Klinik for Angst og OCD - AUH"/></concept><concept><code value="694901000016000"/><display value="ADA Klinik for PTSD og Transkulturel Psykiatri - AUH"/><definition value="Psykiatrien Region Midtjylland - ADA Klinik for PTSD og Transkulturel Psykiatri - AUH"/></concept><concept><code value="695161000016000"/><display value="AFP Psykiatri Sengeafsnit for Psykoser - AUH"/><definition value="Psykiatrien Region Midtjylland - AFP Psykiatri Sengeafsnit for Psykoser - AUH"/></concept><concept><code value="695251000016007"/><display value="AFP Psykiatrisk Klinik 1 - AUH"/><definition value="Psykiatrien Region Midtjylland - AFP Psykiatrisk Klinik 1 - AUH"/></concept><concept><code value="695281000016003"/><display value="AFP Psykiatrisk Klinik 2 - AUH"/><definition value="Psykiatrien Region Midtjylland - AFP Psykiatrisk Klinik 2 - AUH"/></concept><concept><code value="697531000016008"/><display value="Psykiatri SYD Overafd. 27"/><definition value="Psykiatri SYD Overafd. 27"/></concept><concept><code value="698861000016003"/><display value="Brø Amb Midtv. Affektiv"/><definition value="Psykiatrien Nordjylland - Brø Amb Midtv. Affektiv"/></concept><concept><code value="884321000016003"/><display value="PMI Team for psykoser - Silkeborg"/><definition value="PMI Team for psykoser - Silkeborg"/></concept><concept><code value="884331000016001"/><display value="PMI Klinik for retspsykiatri - Viborg-Skive"/><definition value="PMI Klinik for retspsykiatri - Viborg-Skive"/></concept><concept><code value="886951000016001"/><display value="Psyk. Center Nordsjælland, overafd. - N4"/><definition value="Region Hovedstadens Psykiatri - Psyk. Center Nordsjælland, overafd. - N4"/></concept><concept><code value="983001000016004"/><display value="Alm Amb Psykose Aalborg Nord"/><definition value="Alm Amb Psykose Aalborg Nord"/></concept><concept><code value="983011000016002"/><display value="Alb Amb Psykose Aalborg Centrum"/><definition value="Alb Amb Psykose Aalborg Centrum"/></concept><concept><code value="983021000016006"/><display value="Alb Amb Psykose Aalborg SydØst"/><definition value="Alb Amb Psykose Aalborg SydØst"/></concept><concept><code value="983031000016008"/><display value="Alb Amb Psykose Himmerland"/><definition value="Alb Amb Psykose Himmerland"/></concept><concept><code value="983041000016001"/><display value="Brø Amb Midtv. Hjør. Psykose"/><definition value="Psykiatrien Nordjylland - Brø Amb Midtv. Hjør. Psykose"/></concept><concept><code value="983051000016003"/><display value="Brø Amb Midtv. Brøn. Psykose"/><definition value="Psykiatrien Nordjylland - Brø Amb Midtv. Brøn. Psykose"/></concept><concept><code value="986621000016007"/><display value="Regionspsykiatrien Gødstrup"/><definition value="Regionspsykiatrien Gødstrup"/></concept><concept><code value="986631000016009"/><display value="RPG Sengeafdeling Regionpsykiatrien - Gødstrup"/><definition value="RPG Sengeafdeling Regionpsykiatrien - Gødstrup"/></concept><concept><code value="479201000016002"/><display value="PHO Klinik 1 for Psykiatriske Lidelser - Horsens"/><definition value="PHO Klinik 1 for Psykiatriske Lidelser - Horsens"/></concept><concept><code value="934471000016008"/><display value="PHO Team for Retspsykiatri - Horsens"/><definition value="PHO Team for Retspsykiatri - Horsens"/></concept><concept><code value="391161000016006"/><display value="PHO Regionspsykiatrien Horsens"/><definition value="PHO Regionspsykiatrien Horsens"/></concept><concept><code value="884181000016000"/><display value="PMI Team for OCD og Angstlidelser - Silkeborg"/><definition value="PMI Team for OCD og Angstlidelser - Silkeborg"/></concept><concept><code value="884201000016001"/><display value="PMI Team for depression og mani - Silkeborg"/><definition value="PMI Team for depression og mani - Silkeborg"/></concept><concept><code value="884301000016005"/><display value="PMI ADHD og Rusmiddelteam - Silkeborg"/><definition value="PMI ADHD og Rusmiddelteam - Silkeborg"/></concept><concept><code value="695151000016003"/><display value="Afdeling for Psykoser - AUH"/><definition value="Afdeling for Psykoser - AUH"/></concept><concept><code value="989231000016003"/><display value="Hillerød, HI Endokrinologisk og Nefrologisk Overafd. (989231000016003)"/></concept><concept><code value="264781000016005"/><display value="Herlev, Nefrologisk overafd. B (264781000016005)"/></concept><concept><code value="252441000016006"/><display value="Rigshospitalet, Nefrologisk Klinik, P (252441000016006)"/></concept><concept><code value="265611000016005"/><display value="Rønne, Medicinsk overafd. (265611000016005)"/></concept><concept><code value="227011000016003"/><display value="Holbæk, HOL Medicin – Overafdeling (227011000016003)"/></concept><concept><code value="223181000016000"/><display value="Roskilde og Nykøbing Falster Sygehus, ROS Medicin – Overafdeling (223181000016000)"/></concept><concept><code value="239831000016009"/><display value="OUH Nyremedicinsk Afdeling Y (239831000016009)"/></concept><concept><code value="246501000016005"/><display value="Esbjerg, SVS Medicinsk Område (246501000016005)"/></concept><concept><code value="247441000016006"/><display value="Fredericia, SLB Medicinske Sygdomme (Kolding) (247441000016006)"/></concept><concept><code value="504361000016006"/><display value="Sønderborg, SHS Diabetes, Hormon- og Nyresygdomme (504361000016006)"/></concept><concept><code value="453111000016005"/><display value="Aarhus/Skejby, Nyresygdomme Overafdeling (453111000016005)"/></concept><concept><code value="900231000016007"/><display value="Holstebro, Gødstrup, Medicinsk Afdeling – RHG (900231000016007)"/></concept><concept><code value="507561000016008"/><display value="Viborg, Klinik for Nyresygdomme Viborg (507561000016008)"/></concept><concept><code value="275931000016002"/><display value="Aalborg, Nyremedicinsk område (275931000016002)"/></concept><concept><code value="590021000016006"/><display value="Amager og Hvidovre Hospital, Gynækologisk sengeafdeling"/></concept><concept><code value="590371000016007"/><display value="Amager og Hvidovre Hospital, Gynækologisk dagkirurgisk afsnit"/></concept><concept><code value="265661000016007"/><display value="Bornholms Hospital, Kirurgisk sengeafd."/></concept><concept><code value="264671000016001"/><display value="Herlev og gentofte Hospital, Gynækologisk afdeling G-1"/></concept><concept><code value="264711000016000"/><display value="Herlev og gentofte Hospital, Gynækologisk ambulatorium G-1a"/></concept><concept><code value="219021000016009"/><display value="Nordsjællands Hospital, HI Gynækologisk Afd., senge"/></concept><concept><code value="218901000016007"/><display value="Nordsjællands Hospital, HI Gynækologisk Afd., amb."/></concept><concept><code value="976201000016009"/><display value="Rigshospitalet, Gynækologisk Klinik GYN, heldøgn"/></concept><concept><code value="226461000016007"/><display value="Holbæk Gyn afd., HOL Gynækologisk Afd."/></concept><concept><code value="226531000016003"/><display value="Holbæk Gyn afd., HOL Gynækologisk Amb."/></concept><concept><code value="229981000016001"/><display value="Nykøbing F, NFS Gynækologisk Afd."/></concept><concept><code value="230071000016009"/><display value="Nykøbing F, NFS Gynækologisk Amb."/></concept><concept><code value="222641000016008"/><display value="Roskilde, ROS Gynækologisk Afd."/></concept><concept><code value="222751000016004"/><display value="Roskilde Gyn afd."/></concept><concept><code value="229441000016002"/><display value="Slagelse, SLA Gynækologisk Afd."/></concept><concept><code value="229591000016006"/><display value="Slagelse, SLA Gynækologisk Amb."/></concept><concept><code value="246971000016008"/><display value="Kolding Sygehus, SLB Kvindesygdomme og Fødsler (Kolding)"/></concept><concept><code value="246931000016006"/><display value="Kolding Sygehus, SLB Kvindesygdomme Ambulatorium (Kolding)"/></concept><concept><code value="238721000016006"/><display value="OUH Gynækologisk Afsnit (Odense)"/></concept><concept><code value="238741000016001"/><display value="OUH Gynækologisk Ambulatorium"/></concept><concept><code value="239391000016000"/><display value="OUH Kirurgisk Afsnit A"/></concept><concept><code value="241141000016008"/><display value="OUH Urinvejskirurgisk Ambulatorium L"/></concept><concept><code value="501671000016009"/><display value="SHS Kvindesygdomme Sengeafsnit (Aabenraa)"/></concept><concept><code value="501711000016005"/><display value="SHS Kvindesygdomme Dagkirurgi (Sønderborg)"/></concept><concept><code value="245971000016004"/><display value="SVS Kvindesygdomme Afsnit (Esbjerg)"/></concept><concept><code value="245951000016006"/><display value="SVS Kvindesygdomme Ambulatorium (Esbjerg)"/></concept><concept><code value="453211000016004"/><display value="AUH Kvindesygdomme"/></concept><concept><code value="453221000016008"/><display value="AUH, Dagkirurgi - Kvindesygdomme og Fødsler"/></concept><concept><code value="455661000016001"/><display value="AUH Urinvejskirurgi"/></concept><concept><code value="507481000016002"/><display value="Hospitalsenhed Midt, Kvindesygdomme og Fødsler Viborg"/></concept><concept><code value="485441000016009"/><display value="Hospitalsenhed Midt, Kvindeklinikken Viborg"/></concept><concept><code value="899591000016008"/><display value="Regionshospitalet Gødstrup, Afsnit for Kvindesygdomme Gødstrup - RHG"/></concept><concept><code value="899651000016003"/><display value="Regionshospitalet Gødstrup, Klinik for Kvindesygdomme Gødstrup - RHG"/></concept><concept><code value="899781000016001"/><display value="Regionshospitalet Gødstrup, Kvindesygdomme Ambulant Kirurgi Gødstrup - RHG"/></concept><concept><code value="265971000016007"/><display value="Regionshospitalet Horsens, Sengeafdeling for Kvindesygdomme og Fødsler"/></concept><concept><code value="266001000016005"/><display value="Regionshospitalet Horsens, Dagkirurgi, Kvindesygdomme"/></concept><concept><code value="271211000016002"/><display value="Regionshospitalet Randers, Kvindesygdomme og Fødsler - Randers"/></concept><concept><code value="271221000016006"/><display value="Regionshospitalet Randers, Kvindesygdomsklinikken - Randers"/></concept><concept><code value="275611000016002"/><display value="Aalborg Universitetshospital, Alb Gyn.-Obst. Afdeling"/></concept><concept><code value="275641000016001"/><display value="Aalborg Universitetshospital, Alb Gyn. Ambulatorium"/></concept><concept><code value="276431000016003"/><display value="Aalborg Universitetshospital, Alb Urologisk afd."/></concept><concept><code value="275661000016000"/><display value="Aalborg Universitetshospital, Hob Gyn. Ambulatorium Hobro"/></concept><concept><code value="274781000016002"/><display value="Aalborg Universitetshospital, Thisted, Thy Gyn.-Obst. sengeafd."/></concept><concept><code value="277201000016005"/><display value="Regionshospital Nordjylland, Hjr Gyn.Obst. Amb."/></concept><concept><code value="277161000016004"/><display value="Regionshospital Nordjylland, Hjr Gyn.-Obst. Sengeafd."/></concept><concept><code value="464271000016003"/><display value="Regionshospital Nordjylland, Hjr Dagafsnit for Kvindesygdomme"/></concept><concept><code value="606291000016007"/><display value="Regionshospital Nordjylland, Hjr Uro-gyn Amb"/></concept><concept><code value="1041431000016004"/><display value="Adeas Parken"/></concept><concept><code value="492011000016005"/><display value="Aleris Privathospitaler, Esbjerg"/></concept><concept><code value="652991000016006"/><display value="Aleris Privathospitaler, Ringsted"/></concept><concept><code value="491731000016006"/><display value="Aleris Privathospitaler, København"/></concept><concept><code value="491911000016003"/><display value="Aleris Privathospitaler, Aalborg"/></concept><concept><code value="491831000016002"/><display value="Aleris Hospitaler, Aarhus, urologi og gynækologi"/></concept><concept><code value="302311000016004"/><display value="AROS privathospital, beh. Afsnit"/></concept><concept><code value="293191000016008"/><display value="Capio A/S - Hellerup sengeafsnit"/></concept><concept><code value="293271000016004"/><display value="Capio A/S - Odense sengeafsnit"/></concept><concept><code value="596991000016007"/><display value="Capio A/S - Odense ambulatorium"/></concept><concept><code value="688881000016009"/><display value="CPH Privathospital A/S, kirurgisk afsnit"/></concept><concept><code value="299421000016004"/><display value="Gråbrødreklinikken, beh. afsnit"/></concept><concept><code value="293511000016005"/><display value="Privathospitalet Danmark, Charlottenlund"/></concept><concept><code value="574681000016001"/><display value="Privathospitalet Mølholm Aarhus, Højbjerg beh.afsnit"/></concept><concept><code value="300771000016007"/><display value="Privathospitalet Mølholm Vejle, beh. afsnit"/></concept><concept><code value="298241000016003"/><display value="Privathospitalet Møn, Gynækologisk sengeafsnit"/></concept><concept><code value="1048581000016009"/><display value="Søernes Privathospital, beh.afsnit"/></concept><concept><code value="106021000016002"/><display value="Aagaard Gynækologiske Klinik"/></concept><concept><code value="404261000016009"/><display value="Aarhus universitetshospital"/></concept><concept><code value="8031000016007"/><display value="Rigshospitalet"/></concept><concept><code value="682641000016004"/><display value="Afdeling for blodprøver og biokemi, Aarhus Universitetshospital"/></concept><concept><code value="256631000016003"/><display value="Afdeling for Klinisk Biokemi – Blegdamsvej"/></concept></CodeSystem>