<?xml version="1.0" encoding="UTF-8"?><CodeSystem xmlns="http://hl7.org/fhir"><id value="KneeLoosenessGrading"/><text><status value="generated"/><div xmlns="http://www.w3.org/1999/xhtml"><p class="res-header-id"><b>Generated Narrative: CodeSystem KneeLoosenessGrading</b></p><a name="KneeLoosenessGrading"> </a><a name="hcKneeLoosenessGrading"> </a><a name="KneeLoosenessGrading-en-US"> </a><p>This case-insensitive code system <code>https://kip.rkkp.dk/fhir/CodeSystem/KneeLoosenessGrading</code> defines the following codes:</p><table class="codes"><tr><td style="white-space:nowrap"><b>Code</b></td><td><b>Display</b></td><td><b>Definition</b></td></tr><tr><td style="white-space:nowrap">grade_0<a name="KneeLoosenessGrading-grade_0"> </a></td><td>Grade 0: 0-2 mm</td><td>Grade 0: 0-2 mm</td></tr><tr><td style="white-space:nowrap">grade_1<a name="KneeLoosenessGrading-grade_1"> </a></td><td>Grade 1: 2-5 mm</td><td>Grade 1: 2-5 mm</td></tr><tr><td style="white-space:nowrap">grade_2<a name="KneeLoosenessGrading-grade_2"> </a></td><td>Grade 2: 6-10 mm</td><td>Grade 2: 6-10 mm</td></tr><tr><td style="white-space:nowrap">grade_3<a name="KneeLoosenessGrading-grade_3"> </a></td><td>Grade 3: &gt;10 mm</td><td>Grade 3: &gt;10 mm</td></tr><tr><td style="white-space:nowrap">0-5<a name="KneeLoosenessGrading-0-5"> </a></td><td>0-5 degrees</td><td>0-5 degrees / 0-5 grader</td></tr><tr><td style="white-space:nowrap">6-10<a name="KneeLoosenessGrading-6-10"> </a></td><td>6-10 degrees</td><td>6-10 degrees / 6-10 grader</td></tr><tr><td style="white-space:nowrap">11-19<a name="KneeLoosenessGrading-11-19"> </a></td><td>11-19 degrees</td><td>11-19 degrees / 11-19 grader</td></tr><tr><td style="white-space:nowrap">&gt;20<a name="KneeLoosenessGrading-.6220"> </a></td><td>&gt;20 degrees</td><td>&gt;20 degrees / &gt;20 grader</td></tr></table></div></text><url value="https://kip.rkkp.dk/fhir/CodeSystem/KneeLoosenessGrading"/><version value="0.1.6"/><name value="KneeLoosenessGrading"/><title value="Knee looseness grading"/><status value="active"/><date value="2022-09-15T00:00:00+02:00"/><publisher value="Sundhedsvæsnets Kvalistetsinstitut with Trifork Digital Health A/S"/><contact><name value="Sundhedsvæsnets Kvalistetsinstitut with Trifork Digital Health A/S"/><telecom><system value="url"/><value value="https://trifork.com"/></telecom><telecom><system value="email"/><value value="rbk@trifork.com"/></telecom></contact><description value="Knee looseness grading"/><caseSensitive value="false"/><content value="complete"/><count value="8"/><concept><code value="grade_0"/><display value="Grade 0: 0-2 mm"/><definition value="Grade 0: 0-2 mm"/></concept><concept><code value="grade_1"/><display value="Grade 1: 2-5 mm"/><definition value="Grade 1: 2-5 mm"/></concept><concept><code value="grade_2"/><display value="Grade 2: 6-10 mm"/><definition value="Grade 2: 6-10 mm"/></concept><concept><code value="grade_3"/><display value="Grade 3: &gt;10 mm"/><definition value="Grade 3: &gt;10 mm"/></concept><concept><code value="0-5"/><display value="0-5 degrees"/><definition value="0-5 degrees / 0-5 grader"/></concept><concept><code value="6-10"/><display value="6-10 degrees"/><definition value="6-10 degrees / 6-10 grader"/></concept><concept><code value="11-19"/><display value="11-19 degrees"/><definition value="11-19 degrees / 11-19 grader"/></concept><concept><code value="&gt;20"/><display value="&gt;20 degrees"/><definition value="&gt;20 degrees / &gt;20 grader"/></concept></CodeSystem>