<?xml version="1.0" encoding="UTF-8"?><CodeSystem xmlns="http://hl7.org/fhir"><id value="MeshType"/><text><status value="generated"/><div xmlns="http://www.w3.org/1999/xhtml"><p class="res-header-id"><b>Generated Narrative: CodeSystem MeshType</b></p><a name="MeshType"> </a><a name="hcMeshType"> </a><a name="MeshType-en-US"> </a><p>This case-insensitive code system <code>https://kip.rkkp.dk/fhir/CodeSystem/MeshType</code> defines the following codes:</p><table class="codes"><tr><td style="white-space:nowrap"><b>Code</b></td><td><b>Display</b></td><td><b>Definition</b></td></tr><tr><td style="white-space:nowrap">adhesix<a name="MeshType-adhesix"> </a></td><td>Adhesix</td><td>Adhesix</td></tr><tr><td style="white-space:nowrap">adhesix_bard<a name="MeshType-adhesix_bard"> </a></td><td>Adhesix, BARD</td><td>Adhesix, BARD</td></tr><tr><td style="white-space:nowrap">adhesix_lap<a name="MeshType-adhesix_lap"> </a></td><td>Adhesix lap.</td><td>Adhesix lap.</td></tr><tr><td style="white-space:nowrap">bard_3d<a name="MeshType-bard_3d"> </a></td><td>BARD 3D</td><td>BARD 3D</td></tr><tr><td style="white-space:nowrap">bard_3d_light<a name="MeshType-bard_3d_light"> </a></td><td>Bard 3D Light</td><td>Bard 3D Light</td></tr><tr><td style="white-space:nowrap">bard_flatmesh<a name="MeshType-bard_flatmesh"> </a></td><td>BARD Flatmesh</td><td>BARD Flatmesh</td></tr><tr><td style="white-space:nowrap">bard_perfix_plug<a name="MeshType-bard_perfix_plug"> </a></td><td>BARD PerFix Plug</td><td>BARD PerFix Plug</td></tr><tr><td style="white-space:nowrap">bard_polysoft<a name="MeshType-bard_polysoft"> </a></td><td>BARD PolySoft Hernia Patch</td><td>BARD PolySoft Hernia Patch</td></tr><tr><td style="white-space:nowrap">bard_soft<a name="MeshType-bard_soft"> </a></td><td>BARD Soft</td><td>BARD Soft</td></tr><tr><td style="white-space:nowrap">bio_a<a name="MeshType-bio_a"> </a></td><td>BIO-A</td><td>BIO-A</td></tr><tr><td style="white-space:nowrap">cabs_air<a name="MeshType-cabs_air"> </a></td><td>CABS AIR Composite, Cousin Biotech</td><td>CABS AIR Composite, Cousin Biotech</td></tr><tr><td style="white-space:nowrap">cousin<a name="MeshType-cousin"> </a></td><td>Cousin</td><td>Cousin</td></tr><tr><td style="white-space:nowrap">dextile_medtronic<a name="MeshType-dextile_medtronic"> </a></td><td>Dextile fra Medtronic</td><td>Dextile fra Medtronic</td></tr><tr><td style="white-space:nowrap">dynamesh_kebomed<a name="MeshType-dynamesh_kebomed"> </a></td><td>Dynamesh, Kebomed</td><td>Dynamesh, Kebomed</td></tr><tr><td style="white-space:nowrap">dynamesh_ipom<a name="MeshType-dynamesh_ipom"> </a></td><td>Dynamesh IPOM, Kebomed</td><td>Dynamesh IPOM, Kebomed</td></tr><tr><td style="white-space:nowrap">dynamesh_pp<a name="MeshType-dynamesh_pp"> </a></td><td>Dynamesh PP</td><td>Dynamesh PP</td></tr><tr><td style="white-space:nowrap">dynamesh_visible<a name="MeshType-dynamesh_visible"> </a></td><td>Dynamesh Visible</td><td>Dynamesh Visible</td></tr><tr><td style="white-space:nowrap">galmesh<a name="MeshType-galmesh"> </a></td><td>Galmesh</td><td>Galmesh</td></tr><tr><td style="white-space:nowrap">galmesh_light<a name="MeshType-galmesh_light"> </a></td><td>Galmesh Light</td><td>Galmesh Light</td></tr><tr><td style="white-space:nowrap">galmesh_umbilical<a name="MeshType-galmesh_umbilical"> </a></td><td>Galmesh Umbilical</td><td>Galmesh Umbilical</td></tr><tr><td style="white-space:nowrap">gore_dualmesh<a name="MeshType-gore_dualmesh"> </a></td><td>Gore Dualmesh, ViCare Medical</td><td>Gore Dualmesh, ViCare Medical</td></tr><tr><td style="white-space:nowrap">intramesh<a name="MeshType-intramesh"> </a></td><td>Intramesh (T1/P8/W3), Cousin Biotech</td><td>Intramesh (T1/P8/W3), Cousin Biotech</td></tr><tr><td style="white-space:nowrap">klas<a name="MeshType-klas"> </a></td><td>Klas</td><td>Klas</td></tr><tr><td style="white-space:nowrap">medcare_prolene<a name="MeshType-medcare_prolene"> </a></td><td>Medcare Prolene</td><td>Medcare Prolene</td></tr><tr><td style="white-space:nowrap">optilene_mesh<a name="MeshType-optilene_mesh"> </a></td><td>Optilene Mesh</td><td>Optilene Mesh</td></tr><tr><td style="white-space:nowrap">optilene_mesh_elastic<a name="MeshType-optilene_mesh_elastic"> </a></td><td>Optilene Mesh Elastic</td><td>Optilene Mesh Elastic</td></tr><tr><td style="white-space:nowrap">optilene_mesh_lp<a name="MeshType-optilene_mesh_lp"> </a></td><td>Optilene Mesh LP</td><td>Optilene Mesh LP</td></tr><tr><td style="white-space:nowrap">parietene<a name="MeshType-parietene"> </a></td><td>Parietene</td><td>Parietene</td></tr><tr><td style="white-space:nowrap">parietene_composite<a name="MeshType-parietene_composite"> </a></td><td>Parietene Composite</td><td>Parietene Composite</td></tr><tr><td style="white-space:nowrap">parietene_covidien<a name="MeshType-parietene_covidien"> </a></td><td>Parietene Covidien</td><td>Parietene Covidien</td></tr><tr><td style="white-space:nowrap">parietex<a name="MeshType-parietex"> </a></td><td>Parietex</td><td>Parietex</td></tr><tr><td style="white-space:nowrap">parietex_composite<a name="MeshType-parietex_composite"> </a></td><td>Parietex Composite (incl. Optimized), Covidien</td><td>Parietex Composite (incl. Optimized), Covidien</td></tr><tr><td style="white-space:nowrap">parietex_covidien<a name="MeshType-parietex_covidien"> </a></td><td>Parietex Covidien</td><td>Parietex Covidien</td></tr><tr><td style="white-space:nowrap">parietex_ventral<a name="MeshType-parietex_ventral"> </a></td><td>Parietex Ventral Patch</td><td>Parietex Ventral Patch</td></tr><tr><td style="white-space:nowrap">parietex_progrip<a name="MeshType-parietex_progrip"> </a></td><td>Parietex Progrip</td><td>Parietex Progrip</td></tr><tr><td style="white-space:nowrap">permacol_covidien<a name="MeshType-permacol_covidien"> </a></td><td>Permacol, Covidien</td><td>Permacol, Covidien</td></tr><tr><td style="white-space:nowrap">phasix<a name="MeshType-phasix"> </a></td><td>Phasix</td><td>Phasix</td></tr><tr><td style="white-space:nowrap">phasix_st<a name="MeshType-phasix_st"> </a></td><td>Phasix ST</td><td>Phasix ST</td></tr><tr><td style="white-space:nowrap">physiomesh<a name="MeshType-physiomesh"> </a></td><td>Physiomesh</td><td>Physiomesh</td></tr><tr><td style="white-space:nowrap">physiomesh_ethicon<a name="MeshType-physiomesh_ethicon"> </a></td><td>Physiomesh, Ethicon</td><td>Physiomesh, Ethicon</td></tr><tr><td style="white-space:nowrap">polypropylene<a name="MeshType-polypropylene"> </a></td><td>Polypropylene</td><td>Polypropylene</td></tr><tr><td style="white-space:nowrap">proceed_ehticon<a name="MeshType-proceed_ehticon"> </a></td><td>Proceed, Ethicon</td><td>Proceed, Ethicon</td></tr><tr><td style="white-space:nowrap">proceed_ventral<a name="MeshType-proceed_ventral"> </a></td><td>Proceed Ventral Patch, Ethicon</td><td>Proceed Ventral Patch, Ethicon</td></tr><tr><td style="white-space:nowrap">progrip<a name="MeshType-progrip"> </a></td><td>Progrip</td><td>Progrip</td></tr><tr><td style="white-space:nowrap">prolene<a name="MeshType-prolene"> </a></td><td>Prolene</td><td>Prolene</td></tr><tr><td style="white-space:nowrap">prolite<a name="MeshType-prolite"> </a></td><td>Prolite</td><td>Prolite</td></tr><tr><td style="white-space:nowrap">softmesh_bard<a name="MeshType-softmesh_bard"> </a></td><td>SoftMesh, BARD</td><td>SoftMesh, BARD</td></tr><tr><td style="white-space:nowrap">strattice_lifecell<a name="MeshType-strattice_lifecell"> </a></td><td>Strattice, Lifecell</td><td>Strattice, Lifecell</td></tr><tr><td style="white-space:nowrap">supramesh<a name="MeshType-supramesh"> </a></td><td>Supramesh</td><td>Supramesh</td></tr><tr><td style="white-space:nowrap">supromesh<a name="MeshType-supromesh"> </a></td><td>Supromesh</td><td>Supromesh</td></tr><tr><td style="white-space:nowrap">surgimesh<a name="MeshType-surgimesh"> </a></td><td>Surgimesh</td><td>Surgimesh</td></tr><tr><td style="white-space:nowrap">surgipro<a name="MeshType-surgipro"> </a></td><td>Surgipro</td><td>Surgipro</td></tr><tr><td style="white-space:nowrap">symbotex_composite<a name="MeshType-symbotex_composite"> </a></td><td>Symbotex Composite</td><td>Symbotex Composite</td></tr><tr><td style="white-space:nowrap">tigr<a name="MeshType-tigr"> </a></td><td>TIGR</td><td>TIGR</td></tr><tr><td style="white-space:nowrap">timesh<a name="MeshType-timesh"> </a></td><td>TiMesh</td><td>TiMesh</td></tr><tr><td style="white-space:nowrap">ultrapro<a name="MeshType-ultrapro"> </a></td><td>Ultrapro</td><td>Ultrapro</td></tr><tr><td style="white-space:nowrap">ultrapro_advanced<a name="MeshType-ultrapro_advanced"> </a></td><td>Ultrapro Advanced</td><td>Ultrapro Advanced</td></tr><tr><td style="white-space:nowrap">ultrapro_ethicon<a name="MeshType-ultrapro_ethicon"> </a></td><td>Ultrapro, Ethicon</td><td>Ultrapro, Ethicon</td></tr><tr><td style="white-space:nowrap">ventralex_st_bard<a name="MeshType-ventralex_st_bard"> </a></td><td>Ventralex ST, BARD</td><td>Ventralex ST, BARD</td></tr><tr><td style="white-space:nowrap">ventralight_st_bard<a name="MeshType-ventralight_st_bard"> </a></td><td>Ventralight ST, BARD</td><td>Ventralight ST, BARD</td></tr><tr><td style="white-space:nowrap">ventrio_hernia_st_bard<a name="MeshType-ventrio_hernia_st_bard"> </a></td><td>Ventrio Hernia ST, BARD</td><td>Ventrio Hernia ST, BARD</td></tr><tr><td style="white-space:nowrap">versatex<a name="MeshType-versatex"> </a></td><td>Versatex</td><td>Versatex</td></tr><tr><td style="white-space:nowrap">versatex_monofilament_mesh<a name="MeshType-versatex_monofilament_mesh"> </a></td><td>Versatex Monofilament Mesh</td><td>Versatex Monofilament Mesh</td></tr><tr><td style="white-space:nowrap">vypro<a name="MeshType-vypro"> </a></td><td>Vypro</td><td>Vypro</td></tr><tr><td style="white-space:nowrap">vypro_ethicon<a name="MeshType-vypro_ethicon"> </a></td><td>Vypro, Ethicon</td><td>Vypro, Ethicon</td></tr><tr><td style="white-space:nowrap">xenmatrix<a name="MeshType-xenmatrix"> </a></td><td>Xenmatrix</td><td>Xenmatrix</td></tr></table></div></text><url value="https://kip.rkkp.dk/fhir/CodeSystem/MeshType"/><version value="0.2.1"/><name value="MeshType"/><title value="Mesh type"/><status value="active"/><date value="2022-07-20T00:00:00+02:00"/><publisher value="Sundhedsvæsnets Kvalistetsinstitut with Trifork Digital Health A/S"/><contact><name value="Sundhedsvæsnets Kvalistetsinstitut with Trifork Digital Health A/S"/><telecom><system value="url"/><value value="https://trifork.com"/></telecom><telecom><system value="email"/><value value="rbk@trifork.com"/></telecom></contact><description value="Mesh type"/><caseSensitive value="false"/><content value="complete"/><count value="66"/><concept><code value="adhesix"/><display value="Adhesix"/><definition value="Adhesix"/></concept><concept><code value="adhesix_bard"/><display value="Adhesix, BARD"/><definition value="Adhesix, BARD"/></concept><concept><code value="adhesix_lap"/><display value="Adhesix lap."/><definition value="Adhesix lap."/></concept><concept><code value="bard_3d"/><display value="BARD 3D"/><definition value="BARD 3D"/></concept><concept><code value="bard_3d_light"/><display value="Bard 3D Light"/><definition value="Bard 3D Light"/></concept><concept><code value="bard_flatmesh"/><display value="BARD Flatmesh"/><definition value="BARD Flatmesh"/></concept><concept><code value="bard_perfix_plug"/><display value="BARD PerFix Plug"/><definition value="BARD PerFix Plug"/></concept><concept><code value="bard_polysoft"/><display value="BARD PolySoft Hernia Patch"/><definition value="BARD PolySoft Hernia Patch"/></concept><concept><code value="bard_soft"/><display value="BARD Soft"/><definition value="BARD Soft"/></concept><concept><code value="bio_a"/><display value="BIO-A"/><definition value="BIO-A"/></concept><concept><code value="cabs_air"/><display value="CABS AIR Composite, Cousin Biotech"/><definition value="CABS AIR Composite, Cousin Biotech"/></concept><concept><code value="cousin"/><display value="Cousin"/><definition value="Cousin"/></concept><concept><code value="dextile_medtronic"/><display value="Dextile fra Medtronic"/><definition value="Dextile fra Medtronic"/></concept><concept><code value="dynamesh_kebomed"/><display value="Dynamesh, Kebomed"/><definition value="Dynamesh, Kebomed"/></concept><concept><code value="dynamesh_ipom"/><display value="Dynamesh IPOM, Kebomed"/><definition value="Dynamesh IPOM, Kebomed"/></concept><concept><code value="dynamesh_pp"/><display value="Dynamesh PP"/><definition value="Dynamesh PP"/></concept><concept><code value="dynamesh_visible"/><display value="Dynamesh Visible"/><definition value="Dynamesh Visible"/></concept><concept><code value="galmesh"/><display value="Galmesh"/><definition value="Galmesh"/></concept><concept><code value="galmesh_light"/><display value="Galmesh Light"/><definition value="Galmesh Light"/></concept><concept><code value="galmesh_umbilical"/><display value="Galmesh Umbilical"/><definition value="Galmesh Umbilical"/></concept><concept><code value="gore_dualmesh"/><display value="Gore Dualmesh, ViCare Medical"/><definition value="Gore Dualmesh, ViCare Medical"/></concept><concept><code value="intramesh"/><display value="Intramesh (T1/P8/W3), Cousin Biotech"/><definition value="Intramesh (T1/P8/W3), Cousin Biotech"/></concept><concept><code value="klas"/><display value="Klas"/><definition value="Klas"/></concept><concept><code value="medcare_prolene"/><display value="Medcare Prolene"/><definition value="Medcare Prolene"/></concept><concept><code value="optilene_mesh"/><display value="Optilene Mesh"/><definition value="Optilene Mesh"/></concept><concept><code value="optilene_mesh_elastic"/><display value="Optilene Mesh Elastic"/><definition value="Optilene Mesh Elastic"/></concept><concept><code value="optilene_mesh_lp"/><display value="Optilene Mesh LP"/><definition value="Optilene Mesh LP"/></concept><concept><code value="parietene"/><display value="Parietene"/><definition value="Parietene"/></concept><concept><code value="parietene_composite"/><display value="Parietene Composite"/><definition value="Parietene Composite"/></concept><concept><code value="parietene_covidien"/><display value="Parietene Covidien"/><definition value="Parietene Covidien"/></concept><concept><code value="parietex"/><display value="Parietex"/><definition value="Parietex"/></concept><concept><code value="parietex_composite"/><display value="Parietex Composite (incl. Optimized), Covidien"/><definition value="Parietex Composite (incl. Optimized), Covidien"/></concept><concept><code value="parietex_covidien"/><display value="Parietex Covidien"/><definition value="Parietex Covidien"/></concept><concept><code value="parietex_ventral"/><display value="Parietex Ventral Patch"/><definition value="Parietex Ventral Patch"/></concept><concept><code value="parietex_progrip"/><display value="Parietex Progrip"/><definition value="Parietex Progrip"/></concept><concept><code value="permacol_covidien"/><display value="Permacol, Covidien"/><definition value="Permacol, Covidien"/></concept><concept><code value="phasix"/><display value="Phasix"/><definition value="Phasix"/></concept><concept><code value="phasix_st"/><display value="Phasix ST"/><definition value="Phasix ST"/></concept><concept><code value="physiomesh"/><display value="Physiomesh"/><definition value="Physiomesh"/></concept><concept><code value="physiomesh_ethicon"/><display value="Physiomesh, Ethicon"/><definition value="Physiomesh, Ethicon"/></concept><concept><code value="polypropylene"/><display value="Polypropylene"/><definition value="Polypropylene"/></concept><concept><code value="proceed_ehticon"/><display value="Proceed, Ethicon"/><definition value="Proceed, Ethicon"/></concept><concept><code value="proceed_ventral"/><display value="Proceed Ventral Patch, Ethicon"/><definition value="Proceed Ventral Patch, Ethicon"/></concept><concept><code value="progrip"/><display value="Progrip"/><definition value="Progrip"/></concept><concept><code value="prolene"/><display value="Prolene"/><definition value="Prolene"/></concept><concept><code value="prolite"/><display value="Prolite"/><definition value="Prolite"/></concept><concept><code value="softmesh_bard"/><display value="SoftMesh, BARD"/><definition value="SoftMesh, BARD"/></concept><concept><code value="strattice_lifecell"/><display value="Strattice, Lifecell"/><definition value="Strattice, Lifecell"/></concept><concept><code value="supramesh"/><display value="Supramesh"/><definition value="Supramesh"/></concept><concept><code value="supromesh"/><display value="Supromesh"/><definition value="Supromesh"/></concept><concept><code value="surgimesh"/><display value="Surgimesh"/><definition value="Surgimesh"/></concept><concept><code value="surgipro"/><display value="Surgipro"/><definition value="Surgipro"/></concept><concept><code value="symbotex_composite"/><display value="Symbotex Composite"/><definition value="Symbotex Composite"/></concept><concept><code value="tigr"/><display value="TIGR"/><definition value="TIGR"/></concept><concept><code value="timesh"/><display value="TiMesh"/><definition value="TiMesh"/></concept><concept><code value="ultrapro"/><display value="Ultrapro"/><definition value="Ultrapro"/></concept><concept><code value="ultrapro_advanced"/><display value="Ultrapro Advanced"/><definition value="Ultrapro Advanced"/></concept><concept><code value="ultrapro_ethicon"/><display value="Ultrapro, Ethicon"/><definition value="Ultrapro, Ethicon"/></concept><concept><code value="ventralex_st_bard"/><display value="Ventralex ST, BARD"/><definition value="Ventralex ST, BARD"/></concept><concept><code value="ventralight_st_bard"/><display value="Ventralight ST, BARD"/><definition value="Ventralight ST, BARD"/></concept><concept><code value="ventrio_hernia_st_bard"/><display value="Ventrio Hernia ST, BARD"/><definition value="Ventrio Hernia ST, BARD"/></concept><concept><code value="versatex"/><display value="Versatex"/><definition value="Versatex"/></concept><concept><code value="versatex_monofilament_mesh"/><display value="Versatex Monofilament Mesh"/><definition value="Versatex Monofilament Mesh"/></concept><concept><code value="vypro"/><display value="Vypro"/><definition value="Vypro"/></concept><concept><code value="vypro_ethicon"/><display value="Vypro, Ethicon"/><definition value="Vypro, Ethicon"/></concept><concept><code value="xenmatrix"/><display value="Xenmatrix"/><definition value="Xenmatrix"/></concept></CodeSystem>