<?xml version="1.0" encoding="UTF-8"?><CodeSystem xmlns="http://hl7.org/fhir"><id value="AnasthesiaTypeGen"/><text><status value="generated"/><div xmlns="http://www.w3.org/1999/xhtml"><p class="res-header-id"><b>Generated Narrative: CodeSystem AnasthesiaTypeGen</b></p><a name="AnasthesiaTypeGen"> </a><a name="hcAnasthesiaTypeGen"> </a><a name="AnasthesiaTypeGen-en-US"> </a><p>This  code system <code>https://kip.rkkp.dk/fhir/CodeSystem/AnasthesiaTypeGen</code> defines the following codes:</p><table class="codes"><tr><td style="white-space:nowrap"><b>Code</b></td><td><b>Display</b></td><td><b>Definition</b></td></tr><tr><td style="white-space:nowrap">inhalation<a name="AnasthesiaTypeGen-inhalation"> </a></td><td>Inhalation</td><td>Inhalation</td></tr><tr><td style="white-space:nowrap">IV_inhalation<a name="AnasthesiaTypeGen-IV_inhalation"> </a></td><td>IV og inhalation</td><td>IV og inhalation</td></tr><tr><td style="white-space:nowrap">TIVA<a name="AnasthesiaTypeGen-TIVA"> </a></td><td>TIVA</td><td>TIVA</td></tr></table></div></text><url value="https://kip.rkkp.dk/fhir/CodeSystem/AnasthesiaTypeGen"/><version value="0.1.6"/><name value="AnasthesiaTypeGen"/><title value="Anæstesi Type Generel"/><status value="active"/><date value="2022-06-30T00:00:00+02:00"/><publisher value="Sundhedsvæsnets Kvalistetsinstitut with Trifork Digital Health A/S"/><contact><name value="Sundhedsvæsnets Kvalistetsinstitut with Trifork Digital Health A/S"/><telecom><system value="url"/><value value="https://trifork.com"/></telecom><telecom><system value="email"/><value value="rbk@trifork.com"/></telecom></contact><description value="Generel Anæstesiydelse - Tillæg"/><content value="complete"/><count value="3"/><concept><code value="inhalation"/><display value="Inhalation"/><definition value="Inhalation"/></concept><concept><code value="IV_inhalation"/><display value="IV og inhalation"/><definition value="IV og inhalation"/></concept><concept><code value="TIVA"/><display value="TIVA"/><definition value="TIVA"/></concept></CodeSystem>