<?xml version="1.0" encoding="UTF-8"?><CodeSystem xmlns="http://hl7.org/fhir"><id value="EducationType"/><text><status value="generated"/><div xmlns="http://www.w3.org/1999/xhtml"><p class="res-header-id"><b>Generated Narrative: CodeSystem EducationType</b></p><a name="EducationType"> </a><a name="hcEducationType"> </a><a name="EducationType-en-US"> </a><p>This case-insensitive code system <code>https://kip.rkkp.dk/fhir/CodeSystem/EducationType</code> defines the following codes:</p><table class="codes"><tr><td style="white-space:nowrap"><b>Code</b></td><td><b>Display</b></td><td><b>Definition</b></td></tr><tr><td style="white-space:nowrap">onsite<a name="EducationType-onsite"> </a></td><td>On site</td><td>Personligt fremmøde</td></tr><tr><td style="white-space:nowrap">elearn<a name="EducationType-elearn"> </a></td><td>e-learn</td><td>e-læring</td></tr></table></div></text><url value="https://kip.rkkp.dk/fhir/CodeSystem/EducationType"/><version value="2.9.3"/><name value="EducationType"/><title value="Education Type"/><status value="active"/><date value="2023-09-05T00:00:00+02:00"/><publisher value="Sundhedsvæsenets Kvalitetsinstitut with Trifork Digital Health A/S"/><contact><name value="Sundhedsvæsenets Kvalitetsinstitut with Trifork Digital Health A/S"/><telecom><system value="url"/><value value="https://trifork.com"/></telecom><telecom><system value="email"/><value value="rbk@trifork.com"/></telecom></contact><description value="Education Type"/><caseSensitive value="false"/><content value="complete"/><count value="2"/><concept><code value="onsite"/><display value="On site"/><definition value="Personligt fremmøde"/></concept><concept><code value="elearn"/><display value="e-learn"/><definition value="e-læring"/></concept></CodeSystem>