<?xml version="1.0" encoding="UTF-8"?><CodeSystem xmlns="http://hl7.org/fhir"><id value="CalciumType"/><text><status value="generated"/><div xmlns="http://www.w3.org/1999/xhtml"><p class="res-header-id"><b>Generated Narrative: CodeSystem CalciumType</b></p><a name="CalciumType"> </a><a name="hcCalciumType"> </a><a name="CalciumType-en-US"> </a><p>This case-insensitive code system <code>https://kip.rkkp.dk/fhir/CodeSystem/CalciumType</code> defines the following codes:</p><table class="codes"><tr><td style="white-space:nowrap"><b>Code</b></td><td><b>Display</b></td><td><b>Definition</b></td></tr><tr><td style="white-space:nowrap">albumin_corrected<a name="CalciumType-albumin_corrected"> </a></td><td>Albumin corrected</td><td>Albumin corrected / Albuminkorrigeret</td></tr><tr><td style="white-space:nowrap">ionized<a name="CalciumType-ionized"> </a></td><td>Ionized</td><td>Ionized / Ioniseret</td></tr></table></div></text><url value="https://kip.rkkp.dk/fhir/CodeSystem/CalciumType"/><version value="2.9.1"/><name value="CalciumType"/><title value="Calcium type"/><status value="active"/><date value="2022-10-04T00:00:00+02:00"/><publisher value="Sundhedsvæsnets Kvalistetsinstitut with Trifork Digital Health A/S"/><contact><name value="Sundhedsvæsnets Kvalistetsinstitut with Trifork Digital Health A/S"/><telecom><system value="url"/><value value="https://trifork.com"/></telecom><telecom><system value="email"/><value value="rbk@trifork.com"/></telecom></contact><description value="Calcium type"/><caseSensitive value="false"/><content value="complete"/><count value="2"/><concept><code value="albumin_corrected"/><display value="Albumin corrected"/><definition value="Albumin corrected / Albuminkorrigeret"/></concept><concept><code value="ionized"/><display value="Ionized"/><definition value="Ionized / Ioniseret"/></concept></CodeSystem>