<?xml version="1.0" encoding="UTF-8"?><CodeSystem xmlns="http://hl7.org/fhir"><id value="Sygdomsomraader"/><text><status value="generated"/><div xmlns="http://www.w3.org/1999/xhtml"><p class="res-header-id"><b>Generated Narrative: CodeSystem Sygdomsomraader</b></p><a name="Sygdomsomraader"> </a><a name="hcSygdomsomraader"> </a><a name="Sygdomsomraader-en-US"> </a><p>This  code system <code>https://kip.rkkp.dk/fhir/CodeSystem/Sygdomsomraader</code> defines the following codes:</p><table class="codes"><tr><td style="white-space:nowrap"><b>Code</b></td><td><b>Display</b></td><td><b>Definition</b></td></tr><tr><td style="white-space:nowrap">ald<a name="Sygdomsomraader-ald"> </a></td><td>ALD</td><td>Dansk Akut Leukæmi Database</td></tr><tr><td style="white-space:nowrap">cll<a name="Sygdomsomraader-cll"> </a></td><td>CLL</td><td>Dansk Kronisk Lymfatisk Leukæmi Database</td></tr><tr><td style="white-space:nowrap">dad<a name="Sygdomsomraader-dad"> </a></td><td>DAD</td><td>Dansk Anæstesi Database</td></tr><tr><td style="white-space:nowrap">damyda<a name="Sygdomsomraader-damyda"> </a></td><td>DAMYDA</td><td>Dansk Myelomatose Database</td></tr><tr><td style="white-space:nowrap">danaks<a name="Sygdomsomraader-danaks"> </a></td><td>DANAKS</td><td>Dansk Register for Akut Koronart Syndrom</td></tr><tr><td style="white-space:nowrap">danarrest<a name="Sygdomsomraader-danarrest"> </a></td><td>DANARREST </td><td>DANARREST - Registrering af hjertestop på hospital</td></tr><tr><td style="white-space:nowrap">dandem<a name="Sygdomsomraader-dandem"> </a></td><td>DANDEM</td><td>Dansk Klinisk Kvalitetsdatabase for Demens</td></tr><tr><td style="white-space:nowrap">danstroke<a name="Sygdomsomraader-danstroke"> </a></td><td>DANSTROKE</td><td>Dansk Stroke Register</td></tr><tr><td style="white-space:nowrap">dccg<a name="Sygdomsomraader-dccg"> </a></td><td>DCCG</td><td>Dansk Kolorektal Cancer Database</td></tr><tr><td style="white-space:nowrap">degc<a name="Sygdomsomraader-degc"> </a></td><td>DEGC</td><td>Dansk EsophagoGastrisk Cancer Gruppe database</td></tr><tr><td style="white-space:nowrap">dhd<a name="Sygdomsomraader-dhd"> </a></td><td>DHD</td><td>Dansk Hjertesvigts Database</td></tr><tr><td style="white-space:nowrap">dhdb<a name="Sygdomsomraader-dhdb"> </a></td><td>DHDB</td><td>Dansk Hernie Database</td></tr><tr><td style="white-space:nowrap">dhr<a name="Sygdomsomraader-dhr"> </a></td><td>DHR</td><td>Dansk Hoftealloplastik Register</td></tr><tr><td style="white-space:nowrap">dkr<a name="Sygdomsomraader-dkr"> </a></td><td>DKR</td><td>Dansk Knæalloplastik Register</td></tr><tr><td style="white-space:nowrap">dkrr<a name="Sygdomsomraader-dkrr"> </a></td><td>DKRR</td><td>Dansk Korsbåndsregister</td></tr><tr><td style="white-space:nowrap">dmpn<a name="Sygdomsomraader-dmpn"> </a></td><td>DMPN</td><td>Dansk Database for Kroniske Myeloproliferative Neoplasier</td></tr><tr><td style="white-space:nowrap">dnsl<a name="Sygdomsomraader-dnsl"> </a></td><td>DNSL</td><td>Dansk Nefrologisk Selskabs Landsregister</td></tr><tr><td style="white-space:nowrap">dpd<a name="Sygdomsomraader-dpd"> </a></td><td>DPD</td><td>Dansk Palliativ Database</td></tr><tr><td style="white-space:nowrap">dsr<a name="Sygdomsomraader-dsr"> </a></td><td>DSR</td><td>Dansk Skulderalloplastik Register</td></tr><tr><td style="white-space:nowrap">dts<a name="Sygdomsomraader-dts"> </a></td><td>DTS</td><td>Dansk Tarmkræftscreeningsdataabase</td></tr><tr><td style="white-space:nowrap">duga<a name="Sygdomsomraader-duga"> </a></td><td>DUGA</td><td>Dansk Urogynækologisk Database</td></tr><tr><td style="white-space:nowrap">hofter<a name="Sygdomsomraader-hofter"> </a></td><td>HOFTER</td><td>Dansk Tværfagligt Register for Hoftenære Lårbensbrud</td></tr><tr><td style="white-space:nowrap">kar<a name="Sygdomsomraader-kar"> </a></td><td>KAR</td><td>Landsregistret Karbase</td></tr><tr><td style="white-space:nowrap">lyfo<a name="Sygdomsomraader-lyfo"> </a></td><td>LYFO</td><td>Dansk Lymfom Database</td></tr><tr><td style="white-space:nowrap">mds<a name="Sygdomsomraader-mds"> </a></td><td>MDS</td><td>Myelodysplastisk Neoplasi Database</td></tr><tr><td style="white-space:nowrap">retspsyk<a name="Sygdomsomraader-retspsyk"> </a></td><td>RETSPSYK</td><td>Dansk Retspsykiatrisk Database</td></tr><tr><td style="white-space:nowrap">hemgenix<a name="Sygdomsomraader-hemgenix"> </a></td><td>HEMGENIX</td><td>Amgros – Hemgenix, effektmål til kontrakt</td></tr></table></div></text><url value="https://kip.rkkp.dk/fhir/CodeSystem/Sygdomsomraader"/><version value="2.9.3"/><name value="Sygdomsomraader"/><title value="Sygdomsområder"/><status value="active"/><date value="2023-05-10T00:00:00+02:00"/><publisher value="Sundhedsvæsenets Kvalitetsinstitut with Trifork Digital Health A/S"/><contact><name value="Sundhedsvæsenets Kvalitetsinstitut with Trifork Digital Health A/S"/><telecom><system value="url"/><value value="https://trifork.com"/></telecom><telecom><system value="email"/><value value="rbk@trifork.com"/></telecom></contact><description value="Sygdomsområder i KIP"/><content value="complete"/><count value="27"/><concept><code value="ald"/><display value="ALD"/><definition value="Dansk Akut Leukæmi Database"/></concept><concept><code value="cll"/><display value="CLL"/><definition value="Dansk Kronisk Lymfatisk Leukæmi Database"/></concept><concept><code value="dad"/><display value="DAD"/><definition value="Dansk Anæstesi Database"/></concept><concept><code value="damyda"/><display value="DAMYDA"/><definition value="Dansk Myelomatose Database"/></concept><concept><code value="danaks"/><display value="DANAKS"/><definition value="Dansk Register for Akut Koronart Syndrom"/></concept><concept><code value="danarrest"/><display value="DANARREST "/><definition value="DANARREST - Registrering af hjertestop på hospital"/></concept><concept><code value="dandem"/><display value="DANDEM"/><definition value="Dansk Klinisk Kvalitetsdatabase for Demens"/></concept><concept><code value="danstroke"/><display value="DANSTROKE"/><definition value="Dansk Stroke Register"/></concept><concept><code value="dccg"/><display value="DCCG"/><definition value="Dansk Kolorektal Cancer Database"/></concept><concept><code value="degc"/><display value="DEGC"/><definition value="Dansk EsophagoGastrisk Cancer Gruppe database"/></concept><concept><code value="dhd"/><display value="DHD"/><definition value="Dansk Hjertesvigts Database"/></concept><concept><code value="dhdb"/><display value="DHDB"/><definition value="Dansk Hernie Database"/></concept><concept><code value="dhr"/><display value="DHR"/><definition value="Dansk Hoftealloplastik Register"/></concept><concept><code value="dkr"/><display value="DKR"/><definition value="Dansk Knæalloplastik Register"/></concept><concept><code value="dkrr"/><display value="DKRR"/><definition value="Dansk Korsbåndsregister"/></concept><concept><code value="dmpn"/><display value="DMPN"/><definition value="Dansk Database for Kroniske Myeloproliferative Neoplasier"/></concept><concept><code value="dnsl"/><display value="DNSL"/><definition value="Dansk Nefrologisk Selskabs Landsregister"/></concept><concept><code value="dpd"/><display value="DPD"/><definition value="Dansk Palliativ Database"/></concept><concept><code value="dsr"/><display value="DSR"/><definition value="Dansk Skulderalloplastik Register"/></concept><concept><code value="dts"/><display value="DTS"/><definition value="Dansk Tarmkræftscreeningsdataabase"/></concept><concept><code value="duga"/><display value="DUGA"/><definition value="Dansk Urogynækologisk Database"/></concept><concept><code value="hofter"/><display value="HOFTER"/><definition value="Dansk Tværfagligt Register for Hoftenære Lårbensbrud"/></concept><concept><code value="kar"/><display value="KAR"/><definition value="Landsregistret Karbase"/></concept><concept><code value="lyfo"/><display value="LYFO"/><definition value="Dansk Lymfom Database"/></concept><concept><code value="mds"/><display value="MDS"/><definition value="Myelodysplastisk Neoplasi Database"/></concept><concept><code value="retspsyk"/><display value="RETSPSYK"/><definition value="Dansk Retspsykiatrisk Database"/></concept><concept><code value="hemgenix"/><display value="HEMGENIX"/><definition value="Amgros – Hemgenix, effektmål til kontrakt"/></concept></CodeSystem>