<?xml version="1.0" encoding="UTF-8"?><CodeSystem xmlns="http://hl7.org/fhir"><id value="HarrisHipScorePain"/><text><status value="generated"/><div xmlns="http://www.w3.org/1999/xhtml"><p class="res-header-id"><b>Generated Narrative: CodeSystem HarrisHipScorePain</b></p><a name="HarrisHipScorePain"> </a><a name="hcHarrisHipScorePain"> </a><a name="HarrisHipScorePain-en-US"> </a><p>This case-insensitive code system <code>https://kip.sundk.dk/fhir/CodeSystem/HarrisHipScorePain</code> defines the following codes:</p><table class="codes"><tr><td style="white-space:nowrap"><b>Code</b></td><td><b>Display</b></td><td><b>Definition</b></td></tr><tr><td style="white-space:nowrap">44<a name="HarrisHipScorePain-44"> </a></td><td>None, or ignores it</td><td>None, or ignores it (44)</td></tr><tr><td style="white-space:nowrap">40<a name="HarrisHipScorePain-40"> </a></td><td>Slight, occasional, no compromise in activity</td><td>Slight, occasional, no compromise in activity (40)</td></tr><tr><td style="white-space:nowrap">30<a name="HarrisHipScorePain-30"> </a></td><td>Mild pain, no effect on average activities, rarely moderate pain with unusual activity, may take aspirin</td><td>Mild pain, no effect on average activities, rarely moderate pain with unusual activity, may take aspirin (30)</td></tr><tr><td style="white-space:nowrap">20<a name="HarrisHipScorePain-20"> </a></td><td>Moderate pain, tolerable but makes concessions to pain. Some limitations of ordinary activity or work. May require occasional pain medication stronger than aspirin</td><td>Moderate pain, tolerable but makes concessions to pain. Some limitations of ordinary activity or work. May require occasional pain medication stronger than aspirin (20)</td></tr><tr><td style="white-space:nowrap">10<a name="HarrisHipScorePain-10"> </a></td><td>Marked pain, serious limitation of activities</td><td>Marked pain, serious limitation of activities (10)</td></tr><tr><td style="white-space:nowrap">0<a name="HarrisHipScorePain-0"> </a></td><td>Totally disabled, crippled, pain in bed, bedridden</td><td>Totally disabled, crippled, pain in bed, bedridden (0)</td></tr></table></div></text><url value="https://kip.sundk.dk/fhir/CodeSystem/HarrisHipScorePain"/><version value="0.0.9"/><name value="HarrisHipScorePain"/><title value="Harris Hip Score (HHS) - Pain"/><status value="active"/><date value="2022-07-06T00:00:00+02:00"/><publisher value="Sundhedsvæsnets Kvalistetsinstitut with Trifork Public A/S"/><contact><name value="Sundhedsvæsnets Kvalistetsinstitut with Trifork Public A/S"/><telecom><system value="url"/><value value="https://trifork.com"/></telecom><telecom><system value="email"/><value value="rbk@trifork.com"/></telecom></contact><description value="Harris Hip Score (HHS) - Pain. Link: https://www.orthopaedicscore.com/scorepages/harris_hip_score.html"/><caseSensitive value="false"/><content value="complete"/><count value="6"/><concept><code value="44"/><display value="None, or ignores it"/><definition value="None, or ignores it (44)"/></concept><concept><code value="40"/><display value="Slight, occasional, no compromise in activity"/><definition value="Slight, occasional, no compromise in activity (40)"/></concept><concept><code value="30"/><display value="Mild pain, no effect on average activities, rarely moderate pain with unusual activity, may take aspirin"/><definition value="Mild pain, no effect on average activities, rarely moderate pain with unusual activity, may take aspirin (30)"/></concept><concept><code value="20"/><display value="Moderate pain, tolerable but makes concessions to pain. Some limitations of ordinary activity or work. May require occasional pain medication stronger than aspirin"/><definition value="Moderate pain, tolerable but makes concessions to pain. Some limitations of ordinary activity or work. May require occasional pain medication stronger than aspirin (20)"/></concept><concept><code value="10"/><display value="Marked pain, serious limitation of activities"/><definition value="Marked pain, serious limitation of activities (10)"/></concept><concept><code value="0"/><display value="Totally disabled, crippled, pain in bed, bedridden"/><definition value="Totally disabled, crippled, pain in bed, bedridden (0)"/></concept></CodeSystem>