<?xml version="1.0" encoding="UTF-8"?><CodeSystem xmlns="http://hl7.org/fhir"><id value="GenoplivStoppet"/><text><status value="generated"/><div xmlns="http://www.w3.org/1999/xhtml"><p class="res-header-id"><b>Generated Narrative: CodeSystem GenoplivStoppet</b></p><a name="GenoplivStoppet"> </a><a name="hcGenoplivStoppet"> </a><a name="GenoplivStoppet-en-US"> </a><p>This  code system <code>https://kip.sundk.dk/fhir/CodeSystem/GenoplivStoppet</code> defines the following codes:</p><table class="codes"><tr><td style="white-space:nowrap"><b>Code</b></td><td><b>Display</b></td><td><b>Definition</b></td></tr><tr><td style="white-space:nowrap">spontan_kreds<a name="GenoplivStoppet-spontan_kreds"> </a></td><td>Spontant kredsløb</td><td>Spontant kredsløb</td></tr><tr><td style="white-space:nowrap">doed<a name="GenoplivStoppet-doed"> </a></td><td>Død</td><td>Død</td></tr><tr><td style="white-space:nowrap">kunstig_kreds<a name="GenoplivStoppet-kunstig_kreds"> </a></td><td>Kunstig kredsløb (f.eks. ECMO, CPS, m.fl.)</td><td>Kunstig kredsløb (f.eks. ECMO, CPS, m.fl.)</td></tr></table></div></text><url value="https://kip.sundk.dk/fhir/CodeSystem/GenoplivStoppet"/><version value="0.0.9"/><name value="GenoplivStoppet"/><title value="Genoplivning indstillet - årsag"/><status value="active"/><date value="2022-06-29T00:00:00+02:00"/><publisher value="Sundhedsvæsnets Kvalistetsinstitut with Trifork Public A/S"/><contact><name value="Sundhedsvæsnets Kvalistetsinstitut with Trifork Public A/S"/><telecom><system value="url"/><value value="https://trifork.com"/></telecom><telecom><system value="email"/><value value="rbk@trifork.com"/></telecom></contact><description value="Årsager til indstilling af genoplivningsforsøg"/><content value="complete"/><count value="3"/><concept><code value="spontan_kreds"/><display value="Spontant kredsløb"/><definition value="Spontant kredsløb"/></concept><concept><code value="doed"/><display value="Død"/><definition value="Død"/></concept><concept><code value="kunstig_kreds"/><display value="Kunstig kredsløb (f.eks. ECMO, CPS, m.fl.)"/><definition value="Kunstig kredsløb (f.eks. ECMO, CPS, m.fl.)"/></concept></CodeSystem>