<?xml version="1.0" encoding="UTF-8"?><CodeSystem xmlns="http://hl7.org/fhir"><id value="HaendelseIndtraeffer"/><text><status value="generated"/><div xmlns="http://www.w3.org/1999/xhtml"><p class="res-header-id"><b>Generated Narrative: CodeSystem HaendelseIndtraeffer</b></p><a name="HaendelseIndtraeffer"> </a><a name="hcHaendelseIndtraeffer"> </a><a name="HaendelseIndtraeffer-en-US"> </a><p>This  code system <code>https://kip.sundk.dk/fhir/CodeSystem/HaendelseIndtraeffer</code> defines the following codes:</p><table class="codes"><tr><td style="white-space:nowrap"><b>Code</b></td><td><b>Display</b></td><td><b>Definition</b></td></tr><tr><td style="white-space:nowrap">aldrig<a name="HaendelseIndtraeffer-aldrig"> </a></td><td>Aldrig</td><td>Aldrig</td></tr><tr><td style="white-space:nowrap">altid<a name="HaendelseIndtraeffer-altid"> </a></td><td>Hele tiden</td><td>Hele tiden</td></tr><tr><td style="white-space:nowrap">aktiv<a name="HaendelseIndtraeffer-aktiv"> </a></td><td>Fysisk aktiv</td><td>Fysisk aktiv</td></tr><tr><td style="white-space:nowrap">efter-toilet<a name="HaendelseIndtraeffer-efter-toilet"> </a></td><td>Efter toilet</td><td>Efter toilet</td></tr><tr><td style="white-space:nowrap">inden-toilet<a name="HaendelseIndtraeffer-inden-toilet"> </a></td><td>Inden toilet</td><td>Inden toilet</td></tr><tr><td style="white-space:nowrap">hoste<a name="HaendelseIndtraeffer-hoste"> </a></td><td>Ved hoste</td><td>Ved hoste</td></tr><tr><td style="white-space:nowrap">sover<a name="HaendelseIndtraeffer-sover"> </a></td><td>Sover</td><td>Sover</td></tr><tr><td style="white-space:nowrap">uden-grund<a name="HaendelseIndtraeffer-uden-grund"> </a></td><td>Uden grund</td><td>Uden grund</td></tr></table></div></text><url value="https://kip.sundk.dk/fhir/CodeSystem/HaendelseIndtraeffer"/><version value="0.0.9"/><name value="HaendelseIndtraeffer"/><title value="Hændelse indtræffer"/><status value="active"/><date value="2024-02-13T00:00:00+02:00"/><publisher value="Sundhedsvæsnets Kvalistetsinstitut with Trifork Public A/S"/><contact><name value="Sundhedsvæsnets Kvalistetsinstitut with Trifork Public A/S"/><telecom><system value="url"/><value value="https://trifork.com"/></telecom><telecom><system value="email"/><value value="rbk@trifork.com"/></telecom></contact><description value="I hvilken sammenhæng sker en given hændelse"/><content value="complete"/><count value="8"/><concept><code value="aldrig"/><display value="Aldrig"/><definition value="Aldrig"/></concept><concept><code value="altid"/><display value="Hele tiden"/><definition value="Hele tiden"/></concept><concept><code value="aktiv"/><display value="Fysisk aktiv"/><definition value="Fysisk aktiv"/></concept><concept><code value="efter-toilet"/><display value="Efter toilet"/><definition value="Efter toilet"/></concept><concept><code value="inden-toilet"/><display value="Inden toilet"/><definition value="Inden toilet"/></concept><concept><code value="hoste"/><display value="Ved hoste"/><definition value="Ved hoste"/></concept><concept><code value="sover"/><display value="Sover"/><definition value="Sover"/></concept><concept><code value="uden-grund"/><display value="Uden grund"/><definition value="Uden grund"/></concept></CodeSystem>