<?xml version="1.0" encoding="UTF-8"?><CodeSystem xmlns="http://hl7.org/fhir"><id value="ProcedureDuration"/><text><status value="generated"/><div xmlns="http://www.w3.org/1999/xhtml"><p class="res-header-id"><b>Generated Narrative: CodeSystem ProcedureDuration</b></p><a name="ProcedureDuration"> </a><a name="hcProcedureDuration"> </a><a name="ProcedureDuration-en-US"> </a><p>This  code system <code>https://kip.rkkp.dk/fhir/CodeSystem/ProcedureDuration</code> defines the following codes:</p><table class="codes"><tr><td style="white-space:nowrap"><b>Code</b></td><td><b>Definition</b></td></tr><tr><td style="white-space:nowrap">=&lt;1<a name="ProcedureDuration-.61.601"> </a></td><td>=&lt;1</td></tr><tr><td style="white-space:nowrap">&gt;1<a name="ProcedureDuration-.621"> </a></td><td>&gt;1</td></tr><tr><td style="white-space:nowrap">=&lt;2<a name="ProcedureDuration-.61.602"> </a></td><td>=&lt;2</td></tr><tr><td style="white-space:nowrap">&gt;2<a name="ProcedureDuration-.622"> </a></td><td>&gt;2</td></tr><tr><td style="white-space:nowrap">=&lt;5<a name="ProcedureDuration-.61.605"> </a></td><td>=&lt;5</td></tr><tr><td style="white-space:nowrap">&gt;5<a name="ProcedureDuration-.625"> </a></td><td>&gt;5</td></tr><tr><td style="white-space:nowrap">=&lt;15<a name="ProcedureDuration-.61.6015"> </a></td><td>=&lt;15</td></tr><tr><td style="white-space:nowrap">&gt;15<a name="ProcedureDuration-.6215"> </a></td><td>&gt;15</td></tr></table></div></text><url value="https://kip.rkkp.dk/fhir/CodeSystem/ProcedureDuration"/><version value="0.1.6"/><name value="ProcedureDuration"/><title value="Procedure duration: Codes for different durations"/><status value="active"/><date value="2022-06-29T00:00:00+02:00"/><publisher value="Sundhedsvæsnets Kvalistetsinstitut with Trifork Digital Health A/S"/><contact><name value="Sundhedsvæsnets Kvalistetsinstitut with Trifork Digital Health A/S"/><telecom><system value="url"/><value value="https://trifork.com"/></telecom><telecom><system value="email"/><value value="rbk@trifork.com"/></telecom></contact><description value="Procedure duration: Codes for different durations"/><content value="complete"/><count value="8"/><concept><code value="=&lt;1"/><display value="=&lt;1"/><definition value="=&lt;1"/></concept><concept><code value="&gt;1"/><display value="&gt;1"/><definition value="&gt;1"/></concept><concept><code value="=&lt;2"/><display value="=&lt;2"/><definition value="=&lt;2"/></concept><concept><code value="&gt;2"/><display value="&gt;2"/><definition value="&gt;2"/></concept><concept><code value="=&lt;5"/><display value="=&lt;5"/><definition value="=&lt;5"/></concept><concept><code value="&gt;5"/><display value="&gt;5"/><definition value="&gt;5"/></concept><concept><code value="=&lt;15"/><display value="=&lt;15"/><definition value="=&lt;15"/></concept><concept><code value="&gt;15"/><display value="&gt;15"/><definition value="&gt;15"/></concept></CodeSystem>