<?xml version="1.0" encoding="UTF-8"?><CodeSystem xmlns="http://hl7.org/fhir"><id value="ActilyseNotGiven"/><text><status value="generated"/><div xmlns="http://www.w3.org/1999/xhtml"><p class="res-header-id"><b>Generated Narrative: CodeSystem ActilyseNotGiven</b></p><a name="ActilyseNotGiven"> </a><a name="hcActilyseNotGiven"> </a><a name="ActilyseNotGiven-en-US"> </a><p>This  code system <code>https://kip.sundk.dk/fhir/CodeSystem/ActilyseNotGiven</code> defines the following codes:</p><table class="codes"><tr><td style="white-space:nowrap"><b>Code</b></td><td><b>Display</b></td><td><b>Definition</b></td></tr><tr><td style="white-space:nowrap">clinicaldeterioration<a name="ActilyseNotGiven-clinicaldeterioration"> </a></td><td>Klinisk forringelse</td><td>Klinisk forringelse</td></tr><tr><td style="white-space:nowrap">allergicreaction<a name="ActilyseNotGiven-allergicreaction"> </a></td><td>Allergisk reaktion</td><td>Allergisk reaktion</td></tr><tr><td style="white-space:nowrap">plannedtreatment<a name="ActilyseNotGiven-plannedtreatment"> </a></td><td>Planlagt interventionel behandling</td><td>Planlagt interventionel behandling</td></tr><tr><td style="white-space:nowrap">other<a name="ActilyseNotGiven-other"> </a></td><td>Andet</td><td>Andet</td></tr></table></div></text><url value="https://kip.sundk.dk/fhir/CodeSystem/ActilyseNotGiven"/><version value="0.0.9"/><name value="ActilyseNotGiven"/><title value="Reasons for not giving total dose of actilyse"/><status value="active"/><date value="2022-06-03T00:00:00+02:00"/><publisher value="Sundhedsvæsnets Kvalistetsinstitut with Trifork Public A/S"/><contact><name value="Sundhedsvæsnets Kvalistetsinstitut with Trifork Public A/S"/><telecom><system value="url"/><value value="https://trifork.com"/></telecom><telecom><system value="email"/><value value="rbk@trifork.com"/></telecom></contact><description value="Årsagen til hvorfor man ikke har givet totaldosis i.v. actilyse."/><content value="complete"/><count value="4"/><concept><code value="clinicaldeterioration"/><display value="Klinisk forringelse"/><definition value="Klinisk forringelse"/></concept><concept><code value="allergicreaction"/><display value="Allergisk reaktion"/><definition value="Allergisk reaktion"/></concept><concept><code value="plannedtreatment"/><display value="Planlagt interventionel behandling"/><definition value="Planlagt interventionel behandling"/></concept><concept><code value="other"/><display value="Andet"/><definition value="Andet"/></concept></CodeSystem>