<?xml version="1.0" encoding="UTF-8"?><SearchParameter xmlns="http://hl7.org/fhir"><id value="PlanDefinitionUuid"/><text><status value="generated"/><div xmlns="http://www.w3.org/1999/xhtml"><p class="res-header-id"><b>Generated Narrative: SearchParameter PlanDefinitionUuid</b></p><a name="PlanDefinitionUuid"> </a><a name="hcPlanDefinitionUuid"> </a><a name="PlanDefinitionUuid-en-US"> </a><h2>PlanDefinitionUuid</h2><p>Parameter <code>uuid</code>:<code>token</code></p><div><p>Search by uuid in PlanDefinition</p>
</div><table class="grid"><tr><td>Resource</td><td><a href="http://hl7.org/fhir/R4/plandefinition.html">PlanDefinition</a></td></tr><tr><td>Expression</td><td><code>PlanDefinition.extension.where(url='uuid')</code></td></tr><tr><td>Multiples</td><td><ul><li>multipleAnd: It's up to the server whether the parameter may repeat in order to specify multiple values that must all be true</li><li>multipleOr: It's up to the server whether the parameter can have multiple values (separated by comma) where at least one must be true</li></ul></td></tr><tr><td>Comparators</td><td>Allowed: eq</td></tr></table></div></text><url value="https://kip.rkkp.dk/fhir/SearchParameter/PlanDefinitionUuid"/><version value="0.1.6"/><name value="PlanDefinitionUuid"/><status value="active"/><date value="2025-03-13T08:19:06+00:00"/><publisher value="Sundhedsvæsnets Kvalistetsinstitut with Trifork Digital Health A/S"/><contact><name value="Sundhedsvæsnets Kvalistetsinstitut with Trifork Digital Health A/S"/><telecom><system value="url"/><value value="https://trifork.com"/></telecom><telecom><system value="email"/><value value="rbk@trifork.com"/></telecom></contact><description value="Search by uuid in PlanDefinition"/><code value="uuid"/><base value="PlanDefinition"/><type value="token"/><expression value="PlanDefinition.extension.where(url='uuid')"/><comparator value="eq"/></SearchParameter>