<?xml version="1.0" encoding="UTF-8"?><ValueSet xmlns="http://hl7.org/fhir"><id value="AdministrationType"/><text><status value="extensions"/><div xmlns="http://www.w3.org/1999/xhtml"><p class="res-header-id"><b>Generated Narrative: ValueSet AdministrationType</b></p><a name="AdministrationType"> </a><a name="hcAdministrationType"> </a><a name="AdministrationType-en-US"> </a><p>This value set includes codes based on the following rules:</p><ul><li>Include these codes as defined in <a href="CodeSystem-MedicalTreatmentAdministrationType.html"><code>https://kip.rkkp.dk/fhir/CodeSystem/MedicalTreatmentAdministrationType</code></a><table class="none"><tr><td style="white-space:nowrap"><b>Code</b></td><td><b>Display</b></td><td><b>Definition</b></td></tr><tr><td><a href="CodeSystem-MedicalTreatmentAdministrationType.html#MedicalTreatmentAdministrationType-oral">oral</a></td><td>Oral</td><td>Oral / SNOMED-CT: 260548002</td></tr><tr><td><a href="CodeSystem-MedicalTreatmentAdministrationType.html#MedicalTreatmentAdministrationType-intravenous">intravenous</a></td><td>Intravenøs</td><td>Intravenous / Intravenøs / SNOMED-CT: 255560000</td></tr></table></li><li>Include these codes as defined in <a href="CodeSystem-GenericValues.html"><code>https://kip.rkkp.dk/fhir/CodeSystem/GenericValues</code></a><table class="none"><tr><td style="white-space:nowrap"><b>Code</b></td><td><b>Display</b></td><td><b>Definition</b></td></tr><tr><td><a href="CodeSystem-GenericValues.html#GenericValues-other">other</a></td><td>Andet</td><td>Other - used to choose unspecific value not in a valueset</td></tr></table></li></ul></div></text><url value="https://kip.rkkp.dk/fhir/ValueSet/AdministrationType"/><version value="2.9.0"/><name value="AdministrationType"/><title value="Medicin administration Type"/><status value="active"/><experimental value="true"/><date value="2022-10-11T00:00:00+02:00"/><publisher value="Sundhedsvæsnets Kvalistetsinstitut with Trifork Digital Health A/S"/><contact><name value="Sundhedsvæsnets Kvalistetsinstitut with Trifork Digital Health A/S"/><telecom><system value="url"/><value value="https://trifork.com"/></telecom><telecom><system value="email"/><value value="rbk@trifork.com"/></telecom></contact><description value="Medicin administration Type"/><compose><include><system value="https://kip.rkkp.dk/fhir/CodeSystem/MedicalTreatmentAdministrationType"/><concept><code value="oral"/><display value="Oral"/></concept><concept><code value="intravenous"/><display value="Intravenøs"/></concept></include><include><system value="https://kip.rkkp.dk/fhir/CodeSystem/GenericValues"/><concept><code value="other"/><display value="Andet"/></concept></include></compose></ValueSet>