<?xml version="1.0" encoding="UTF-8"?><ValueSet xmlns="http://hl7.org/fhir"><id value="AktivitetSportDKRR"/><text><status value="extensions"/><div xmlns="http://www.w3.org/1999/xhtml"><p class="res-header-id"><b>Generated Narrative: ValueSet AktivitetSportDKRR</b></p><a name="AktivitetSportDKRR"> </a><a name="hcAktivitetSportDKRR"> </a><a name="AktivitetSportDKRR-en-US"> </a><p>This value set includes codes based on the following rules:</p><ul><li>Include these codes as defined in <a href="CodeSystem-ActivityType.html"><code>https://kip.rkkp.dk/fhir/CodeSystem/ActivityType</code></a><table class="none"><tr><td style="white-space:nowrap"><b>Code</b></td><td><b>Display</b></td><td><b>Definition</b></td></tr><tr><td><a href="CodeSystem-ActivityType.html#ActivityType-football">football</a></td><td>Fodbold</td><td>Football / Fodbold</td></tr><tr><td><a href="CodeSystem-ActivityType.html#ActivityType-handball">handball</a></td><td>Håndbold</td><td>Handball / Håndbold</td></tr><tr><td><a href="CodeSystem-ActivityType.html#ActivityType-alpine">alpine</a></td><td>Alpint</td><td>Alpine / Alpint</td></tr><tr><td><a href="CodeSystem-ActivityType.html#ActivityType-snowboard">snowboard</a></td><td>Snowboard</td><td>Snowboard</td></tr><tr><td><a href="CodeSystem-ActivityType.html#ActivityType-cross-country_skiing">cross-country_skiing</a></td><td>Langrend</td><td>Cross-country skiing / Langrend</td></tr><tr><td><a href="CodeSystem-ActivityType.html#ActivityType-ice_hockey">ice_hockey</a></td><td>Ishockey</td><td>Ice hockey / Ishockey</td></tr><tr><td><a href="CodeSystem-ActivityType.html#ActivityType-badminton">badminton</a></td><td>Badminton</td><td>Badminton</td></tr><tr><td><a href="CodeSystem-ActivityType.html#ActivityType-tennis_squash">tennis_squash</a></td><td>Tennis/Squash</td><td>Tennis/Squash</td></tr><tr><td><a href="CodeSystem-ActivityType.html#ActivityType-martial_arts">martial_arts</a></td><td>Kampsport</td><td>Martial arts / Kampsport</td></tr><tr><td><a href="CodeSystem-ActivityType.html#ActivityType-basketball">basketball</a></td><td>Basketball</td><td>Basketball</td></tr></table></li><li>Include these codes as defined in <a href="CodeSystem-GenericValues.html"><code>https://kip.rkkp.dk/fhir/CodeSystem/GenericValues</code></a><table class="none"><tr><td style="white-space:nowrap"><b>Code</b></td><td><b>Display</b></td><td><b>Definition</b></td></tr><tr><td><a href="CodeSystem-GenericValues.html#GenericValues-other">other</a></td><td>Anden idræt</td><td>Other - used to choose unspecific value not in a valueset</td></tr></table></li></ul></div></text><url value="https://kip.rkkp.dk/fhir/ValueSet/AktivitetSportDKRR"/><version value="0.1.8"/><name value="AktivitetSportDKRR"/><title value="Aktivitet: Sport (DKRR)"/><status value="active"/><experimental value="true"/><date value="2022-09-19T00:00:00+02:00"/><publisher value="Sundhedsvæsnets Kvalistetsinstitut with Trifork Digital Health A/S"/><contact><name value="Sundhedsvæsnets Kvalistetsinstitut with Trifork Digital Health A/S"/><telecom><system value="url"/><value value="https://trifork.com"/></telecom><telecom><system value="email"/><value value="rbk@trifork.com"/></telecom></contact><description value="Aktivitet: Sport (DKRR)"/><compose><include><system value="https://kip.rkkp.dk/fhir/CodeSystem/ActivityType"/><concept><code value="football"/><display value="Fodbold"/></concept><concept><code value="handball"/><display value="Håndbold"/></concept><concept><code value="alpine"/><display value="Alpint"/></concept><concept><code value="snowboard"/><display value="Snowboard"/></concept><concept><code value="cross-country_skiing"/><display value="Langrend"/></concept><concept><code value="ice_hockey"/><display value="Ishockey"/></concept><concept><code value="badminton"/><display value="Badminton"/></concept><concept><code value="tennis_squash"/><display value="Tennis/Squash"/></concept><concept><code value="martial_arts"/><display value="Kampsport"/></concept><concept><code value="basketball"/><display value="Basketball"/></concept></include><include><system value="https://kip.rkkp.dk/fhir/CodeSystem/GenericValues"/><concept><code value="other"/><display value="Anden idræt"/></concept></include></compose></ValueSet>