<?xml version="1.0" encoding="UTF-8"?><ValueSet xmlns="http://hl7.org/fhir"><id value="StopTeam"/><text><status value="extensions"/><div xmlns="http://www.w3.org/1999/xhtml"><p class="res-header-id"><b>Generated Narrative: ValueSet StopTeam</b></p><a name="StopTeam"> </a><a name="hcStopTeam"> </a><a name="StopTeam-en-US"> </a><ul><li>Include these codes as defined in <a href="CodeSystem-StopTeam.html"><code>https://kip.rkkp.dk/fhir/CodeSystem/StopTeam</code></a><table class="none"><tr><td style="white-space:nowrap"><b>Code</b></td><td><b>Display</b></td><td><b>Definition</b></td></tr><tr><td><a href="CodeSystem-StopTeam.html#StopTeam-anastesiLaege">anastesiLaege</a></td><td>Anæstesilæge(r)</td><td>Anæstesilæge(r)</td></tr><tr><td><a href="CodeSystem-StopTeam.html#StopTeam-anastesiSP">anastesiSP</a></td><td>Anæstesisygeplejerske(r)</td><td>Anæstesisygeplejerske(r)</td></tr><tr><td><a href="CodeSystem-StopTeam.html#StopTeam-kardiolog">kardiolog</a></td><td>Kardiolog(er)</td><td>Kardiolog(er)</td></tr><tr><td><a href="CodeSystem-StopTeam.html#StopTeam-SP">SP</a></td><td>Sygeplejerske(r)</td><td>Sygeplejerske(r)</td></tr><tr><td><a href="CodeSystem-StopTeam.html#StopTeam-portor">portor</a></td><td>Portør/serviceass.</td><td>Portør/serviceass.</td></tr><tr><td><a href="CodeSystem-StopTeam.html#StopTeam-andre">andre</a></td><td>Andre</td><td>Andre</td></tr></table></li></ul></div></text><url value="https://kip.rkkp.dk/fhir/ValueSet/StopTeam"/><version value="0.1.6"/><name value="StopTeam"/><title value="Teammedlemmer på stopholdet"/><status value="active"/><experimental value="true"/><date value="2022-06-29T00:00:00+02:00"/><publisher value="Sundhedsvæsnets Kvalistetsinstitut with Trifork Digital Health A/S"/><contact><name value="Sundhedsvæsnets Kvalistetsinstitut with Trifork Digital Health A/S"/><telecom><system value="url"/><value value="https://trifork.com"/></telecom><telecom><system value="email"/><value value="rbk@trifork.com"/></telecom></contact><description value="Teammedlemmer/personale på stopholdet"/><compose><include><system value="https://kip.rkkp.dk/fhir/CodeSystem/StopTeam"/><concept><code value="anastesiLaege"/><display value="Anæstesilæge(r)"/></concept><concept><code value="anastesiSP"/><display value="Anæstesisygeplejerske(r)"/></concept><concept><code value="kardiolog"/><display value="Kardiolog(er)"/></concept><concept><code value="SP"/><display value="Sygeplejerske(r)"/></concept><concept><code value="portor"/><display value="Portør/serviceass."/></concept><concept><code value="andre"/><display value="Andre"/></concept></include></compose></ValueSet>