<?xml version="1.0" encoding="UTF-8"?><ValueSet xmlns="http://hl7.org/fhir"><id value="RevisionIndikationDKR"/><text><status value="extensions"/><div xmlns="http://www.w3.org/1999/xhtml"><p class="res-header-id"><b>Generated Narrative: ValueSet RevisionIndikationDKR</b></p><a name="RevisionIndikationDKR"> </a><a name="hcRevisionIndikationDKR"> </a><a name="RevisionIndikationDKR-en-US"> </a><p>This value set includes codes based on the following rules:</p><ul><li>Include these codes as defined in <a href="CodeSystem-RevisionIndication.html"><code>https://kip.rkkp.dk/fhir/CodeSystem/RevisionIndication</code></a><table class="none"><tr><td style="white-space:nowrap"><b>Code</b></td><td><b>Display</b></td><td><b>Definition</b></td></tr><tr><td><a href="CodeSystem-RevisionIndication.html#RevisionIndication-second_part_two_stage_revision">second_part_two_stage_revision</a></td><td>2. del af 2-stadie revision</td><td>2. del af 2-stadie revision</td></tr><tr><td><a href="CodeSystem-RevisionIndication.html#RevisionIndication-aseptic_solution">aseptic_solution</a></td><td>Aseptisk løsning</td><td>Aseptisk løsning</td></tr><tr><td><a href="CodeSystem-RevisionIndication.html#RevisionIndication-pain">pain</a></td><td>Smerter uden løsning</td><td>Pain / Smerter</td></tr><tr><td><a href="CodeSystem-RevisionIndication.html#RevisionIndication-instability">instability</a></td><td>Instabilitet</td><td>Instabilitet</td></tr><tr><td><a href="CodeSystem-RevisionIndication.html#RevisionIndication-infection">infection</a></td><td>Dyb infektion (mikrobiologisk verificeret)</td><td>Infection / Infektion</td></tr><tr><td><a href="CodeSystem-RevisionIndication.html#RevisionIndication-suspected_infection">suspected_infection</a></td><td>Dyb infektion (mistænkt)</td><td>Mistænkt eller manifest infektion</td></tr><tr><td><a href="CodeSystem-RevisionIndication.html#RevisionIndication-secondary_insertion">secondary_insertion</a></td><td>Sekundær isættelse af patellakomponent</td><td>Sekundær isættelse</td></tr><tr><td><a href="CodeSystem-RevisionIndication.html#RevisionIndication-polyethylene_failure_patella">polyethylene_failure_patella</a></td><td>Polyetylen-svigt patella</td><td>Polyethylen-svigt (patella)</td></tr><tr><td><a href="CodeSystem-RevisionIndication.html#RevisionIndication-polyethylene_failure_tibia">polyethylene_failure_tibia</a></td><td>Polyetylen-svigt tibia</td><td>Polyethylen-svigt (tibia)</td></tr><tr><td><a href="CodeSystem-RevisionIndication.html#RevisionIndication-arthrosis_progression">arthrosis_progression</a></td><td>Progression af artrose</td><td>Athrosis progression / Artrose progression</td></tr><tr><td><a href="CodeSystem-RevisionIndication.html#RevisionIndication-periprosthetic_fracture">periprosthetic_fracture</a></td><td>Periprostetisk fraktur</td><td>Periprostetisk fraktur</td></tr><tr><td><a href="CodeSystem-RevisionIndication.html#RevisionIndication-malplaced_component">malplaced_component</a></td><td>Malposition af komponenter</td><td>Malplaceret komponent</td></tr><tr><td><a href="CodeSystem-RevisionIndication.html#RevisionIndication-constrained_mobility">constrained_mobility</a></td><td>Indskrænket bevægelighed</td><td>Indskrænket bevægelighed</td></tr></table></li><li>Include these codes as defined in <a href="CodeSystem-GenericValues.html"><code>https://kip.rkkp.dk/fhir/CodeSystem/GenericValues</code></a><table class="none"><tr><td style="white-space:nowrap"><b>Code</b></td><td><b>Display</b></td><td><b>Definition</b></td></tr><tr><td><a href="CodeSystem-GenericValues.html#GenericValues-other">other</a></td><td>Andet</td><td>Other - used to choose unspecific value not in a valueset</td></tr></table></li></ul></div></text><url value="https://kip.rkkp.dk/fhir/ValueSet/RevisionIndikationDKR"/><version value="2.9.0"/><name value="RevisionIndikationDKR"/><title value="Revision, indikation (DKR)"/><status value="active"/><experimental value="true"/><date value="2022-10-14T00:00:00+02:00"/><publisher value="Sundhedsvæsnets Kvalistetsinstitut with Trifork Digital Health A/S"/><contact><name value="Sundhedsvæsnets Kvalistetsinstitut with Trifork Digital Health A/S"/><telecom><system value="url"/><value value="https://trifork.com"/></telecom><telecom><system value="email"/><value value="rbk@trifork.com"/></telecom></contact><description value="Revision, indikation (DKR)"/><compose><include><system value="https://kip.rkkp.dk/fhir/CodeSystem/RevisionIndication"/><concept><code value="second_part_two_stage_revision"/><display value="2. del af 2-stadie revision"/></concept><concept><code value="aseptic_solution"/><display value="Aseptisk løsning"/></concept><concept><code value="pain"/><display value="Smerter uden løsning"/></concept><concept><code value="instability"/><display value="Instabilitet"/></concept><concept><code value="infection"/><display value="Dyb infektion (mikrobiologisk verificeret)"/></concept><concept><code value="suspected_infection"/><display value="Dyb infektion (mistænkt)"/></concept><concept><code value="secondary_insertion"/><display value="Sekundær isættelse af patellakomponent"/></concept><concept><code value="polyethylene_failure_patella"/><display value="Polyetylen-svigt patella"/></concept><concept><code value="polyethylene_failure_tibia"/><display value="Polyetylen-svigt tibia"/></concept><concept><code value="arthrosis_progression"/><display value="Progression af artrose"/></concept><concept><code value="periprosthetic_fracture"/><display value="Periprostetisk fraktur"/></concept><concept><code value="malplaced_component"/><display value="Malposition af komponenter"/></concept><concept><code value="constrained_mobility"/><display value="Indskrænket bevægelighed"/></concept></include><include><system value="https://kip.rkkp.dk/fhir/CodeSystem/GenericValues"/><concept><code value="other"/><display value="Andet"/></concept></include></compose></ValueSet>