<?xml version="1.0" encoding="UTF-8"?><ValueSet xmlns="http://hl7.org/fhir"><id value="ReoperationAarsagDKRR"/><text><status value="extensions"/><div xmlns="http://www.w3.org/1999/xhtml"><p class="res-header-id"><b>Generated Narrative: ValueSet ReoperationAarsagDKRR</b></p><a name="ReoperationAarsagDKRR"> </a><a name="hcReoperationAarsagDKRR"> </a><a name="ReoperationAarsagDKRR-en-US"> </a><p>This value set includes codes based on the following rules:</p><ul><li>Include these codes as defined in <a href="CodeSystem-ReoperationCause.html"><code>https://kip.sundk.dk/fhir/CodeSystem/ReoperationCause</code></a><table class="none"><tr><td style="white-space:nowrap"><b>Code</b></td><td><b>Display</b></td><td><b>Definition</b></td></tr><tr><td><a href="CodeSystem-ReoperationCause.html#ReoperationCause-infection">infection</a></td><td>Infektion</td><td>Infektion</td></tr><tr><td><a href="CodeSystem-ReoperationCause.html#ReoperationCause-movement_restriction">movement_restriction</a></td><td>Bevægelsesindskrænkning (artrofibrose)</td><td>Bevægelsesindskrænkning (artrofibrose)</td></tr><tr><td><a href="CodeSystem-ReoperationCause.html#ReoperationCause-meniscus_damage">meniscus_damage</a></td><td>Menisk skade</td><td>Menisk skade</td></tr><tr><td><a href="CodeSystem-ReoperationCause.html#ReoperationCause-cartilage_damage">cartilage_damage</a></td><td>Brusk skade</td><td>Brusk skade</td></tr><tr><td><a href="CodeSystem-ReoperationCause.html#ReoperationCause-implant_removed">implant_removed</a></td><td>Implantat fjernet</td><td>Implantat fjernet</td></tr><tr><td><a href="CodeSystem-ReoperationCause.html#ReoperationCause-cicatricial_tissue">cicatricial_tissue</a></td><td>Arvæv/Cyklop dannelse</td><td>Arvæv/Cyklop dannelse</td></tr></table></li><li>Include these codes as defined in <a href="CodeSystem-GenericValues.html"><code>https://kip.sundk.dk/fhir/CodeSystem/GenericValues</code></a><table class="none"><tr><td style="white-space:nowrap"><b>Code</b></td><td><b>Display</b></td><td><b>Definition</b></td></tr><tr><td><a href="CodeSystem-GenericValues.html#GenericValues-other">other</a></td><td>Andet</td><td>Other - used to choose unspecific value not in a valueset</td></tr></table></li></ul></div></text><url value="https://kip.sundk.dk/fhir/ValueSet/ReoperationAarsagDKRR"/><version value="0.0.9"/><name value="ReoperationAarsagDKRR"/><title value="Reoperation årsager (DKRR)"/><status value="active"/><experimental value="true"/><date value="2022-06-01T00:00:00+02:00"/><publisher value="Sundhedsvæsnets Kvalistetsinstitut with Trifork Public A/S"/><contact><name value="Sundhedsvæsnets Kvalistetsinstitut with Trifork Public A/S"/><telecom><system value="url"/><value value="https://trifork.com"/></telecom><telecom><system value="email"/><value value="rbk@trifork.com"/></telecom></contact><description value="Årsager til reoperation indenfor 1 år (DKRR)"/><compose><include><system value="https://kip.sundk.dk/fhir/CodeSystem/ReoperationCause"/><concept><code value="infection"/><display value="Infektion"/></concept><concept><code value="movement_restriction"/><display value="Bevægelsesindskrænkning (artrofibrose)"/></concept><concept><code value="meniscus_damage"/><display value="Menisk skade"/></concept><concept><code value="cartilage_damage"/><display value="Brusk skade"/></concept><concept><code value="implant_removed"/><display value="Implantat fjernet"/></concept><concept><code value="cicatricial_tissue"/><display value="Arvæv/Cyklop dannelse"/></concept></include><include><system value="https://kip.sundk.dk/fhir/CodeSystem/GenericValues"/><concept><code value="other"/><display value="Andet"/></concept></include></compose></ValueSet>