<?xml version="1.0" encoding="UTF-8"?><ValueSet xmlns="http://hl7.org/fhir"><id value="EHSVentralHernieType"/><text><status value="extensions"/><div xmlns="http://www.w3.org/1999/xhtml"><p class="res-header-id"><b>Generated Narrative: ValueSet EHSVentralHernieType</b></p><a name="EHSVentralHernieType"> </a><a name="hcEHSVentralHernieType"> </a><a name="EHSVentralHernieType-en-US"> </a><ul><li>Include these codes as defined in <a href="CodeSystem-EHSIncisionalHerniaClassificationType.html"><code>https://kip.rkkp.dk/fhir/CodeSystem/EHSIncisionalHerniaClassificationType</code></a><table class="none"><tr><td style="white-space:nowrap"><b>Code</b></td><td><b>Display</b></td><td><b>Definition</b></td></tr><tr><td><a href="CodeSystem-EHSIncisionalHerniaClassificationType.html#EHSIncisionalHerniaClassificationType-ehslr">ehslr</a></td><td>EHS-klassifikation lateral - Højre</td><td>EHS Klassifikation Lateral - Højre</td></tr><tr><td><a href="CodeSystem-EHSIncisionalHerniaClassificationType.html#EHSIncisionalHerniaClassificationType-ehsm">ehsm</a></td><td>EHS-klassifikation - Midtlinje</td><td>EHS Klassifikation - Midtlinje</td></tr><tr><td><a href="CodeSystem-EHSIncisionalHerniaClassificationType.html#EHSIncisionalHerniaClassificationType-ehsll">ehsll</a></td><td>EHS-klassifikation lateral - Venstre</td><td>EHS Klassifikation Lateral - Venstre</td></tr></table></li></ul></div></text><url value="https://kip.rkkp.dk/fhir/ValueSet/EHSVentralHernieType"/><version value="2.9.3"/><name value="EHSVentralHernieType"/><title value="EHS ventral hernie type"/><status value="active"/><experimental value="true"/><date value="2023-07-06T00:00:00+02:00"/><publisher value="Sundhedsvæsenets Kvalitetsinstitut with Trifork Digital Health A/S"/><contact><name value="Sundhedsvæsenets Kvalitetsinstitut with Trifork Digital Health A/S"/><telecom><system value="url"/><value value="https://trifork.com"/></telecom><telecom><system value="email"/><value value="rbk@trifork.com"/></telecom></contact><description value="EHS ventral hernie type - lateral højre/venstre og midtlinje"/><compose><include><system value="https://kip.rkkp.dk/fhir/CodeSystem/EHSIncisionalHerniaClassificationType"/><concept><code value="ehslr"/><display value="EHS-klassifikation lateral - Højre"/></concept><concept><code value="ehsm"/><display value="EHS-klassifikation - Midtlinje"/></concept><concept><code value="ehsll"/><display value="EHS-klassifikation lateral - Venstre"/></concept></include></compose></ValueSet>