<?xml version="1.0" encoding="UTF-8"?><ValueSet xmlns="http://hl7.org/fhir"><id value="TreatmentCrossSection"/><text><status value="extensions"/><div xmlns="http://www.w3.org/1999/xhtml"><p class="res-header-id"><b>Generated Narrative: ValueSet TreatmentCrossSection</b></p><a name="TreatmentCrossSection"> </a><a name="hcTreatmentCrossSection"> </a><a name="TreatmentCrossSection-en-US"> </a><p>This value set includes codes based on the following rules:</p><ul><li>Include these codes as defined in <a href="CodeSystem-SKS.html"><code>https://kip.rkkp.dk/fhir/CodeSystem/SKS</code></a><table class="none"><tr><td style="white-space:nowrap"><b>Code</b></td><td><b>Display</b></td><td><b>Definition</b></td></tr><tr><td><a href="CodeSystem-SKS.html#SKS-BWG">BWG</a></td><td>Strålebehandling</td><td>BWG - Strålebehandling</td></tr><tr><td><a href="CodeSystem-SKS.html#SKS-BWHA">BWHA</a></td><td>Cytostatika</td><td>Cytostatisk behandling</td></tr><tr><td><a href="CodeSystem-SKS.html#SKS-BOHJ1">BOHJ1</a></td><td>Antistof</td><td>Behandling med antistoffer</td></tr></table></li><li>Include these codes as defined in <a href="CodeSystem-TreatmentType.html"><code>https://kip.rkkp.dk/fhir/CodeSystem/TreatmentType</code></a><table class="none"><tr><td style="white-space:nowrap"><b>Code</b></td><td><b>Display</b></td><td><b>Definition</b></td></tr><tr><td><a href="CodeSystem-TreatmentType.html#TreatmentType-operation">operation</a></td><td>Operation</td><td>Operation</td></tr></table></li><li>Include these codes as defined in <a href="CodeSystem-GenericValues.html"><code>https://kip.rkkp.dk/fhir/CodeSystem/GenericValues</code></a><table class="none"><tr><td style="white-space:nowrap"><b>Code</b></td><td><b>Display</b></td><td><b>Definition</b></td></tr><tr><td><a href="CodeSystem-GenericValues.html#GenericValues-none">none</a></td><td>Ingen</td><td>None - used to choose none of the available values</td></tr></table></li></ul></div></text><url value="https://kip.rkkp.dk/fhir/ValueSet/TreatmentCrossSection"/><version value="2.9.3"/><name value="TreatmentCrossSection"/><title value="Behandling af tværsnit"/><status value="active"/><experimental value="true"/><date value="2022-12-07T00:00:00+02:00"/><publisher value="Sundhedsvæsenets Kvalitetsinstitut with Trifork Digital Health A/S"/><contact><name value="Sundhedsvæsenets Kvalitetsinstitut with Trifork Digital Health A/S"/><telecom><system value="url"/><value value="https://trifork.com"/></telecom><telecom><system value="email"/><value value="rbk@trifork.com"/></telecom></contact><description value="Hvilken type af tværsnit behandling blev valg"/><compose><include><system value="https://kip.rkkp.dk/fhir/CodeSystem/SKS"/><concept><code value="BWG"/><display value="Strålebehandling"/></concept><concept><code value="BWHA"/><display value="Cytostatika"/></concept><concept><code value="BOHJ1"/><display value="Antistof"/></concept></include><include><system value="https://kip.rkkp.dk/fhir/CodeSystem/TreatmentType"/><concept><code value="operation"/><display value="Operation"/></concept></include><include><system value="https://kip.rkkp.dk/fhir/CodeSystem/GenericValues"/><concept><code value="none"/><display value="Ingen"/></concept></include></compose></ValueSet>