<?xml version="1.0" encoding="UTF-8"?><ValueSet xmlns="http://hl7.org/fhir"><id value="HarrisHipScoreSkoStroemper"/><text><status value="extensions"/><div xmlns="http://www.w3.org/1999/xhtml"><p class="res-header-id"><b>Generated Narrative: ValueSet HarrisHipScoreSkoStroemper</b></p><a name="HarrisHipScoreSkoStroemper"> </a><a name="hcHarrisHipScoreSkoStroemper"> </a><a name="HarrisHipScoreSkoStroemper-en-US"> </a><ul><li>Include these codes as defined in <a href="CodeSystem-HarrisHipScoreShoesSocks.html"><code>https://kip.rkkp.dk/fhir/CodeSystem/HarrisHipScoreShoesSocks</code></a><table class="none"><tr><td style="white-space:nowrap"><b>Code</b></td><td><b>Display</b></td><td><b>Definition</b></td></tr><tr><td><a href="CodeSystem-HarrisHipScoreShoesSocks.html#HarrisHipScoreShoesSocks-4">4</a></td><td>Uden besvær</td><td>With ease (4)</td></tr><tr><td><a href="CodeSystem-HarrisHipScoreShoesSocks.html#HarrisHipScoreShoesSocks-2">2</a></td><td>Med besvær</td><td>With difficulty (2)</td></tr><tr><td><a href="CodeSystem-HarrisHipScoreShoesSocks.html#HarrisHipScoreShoesSocks-0">0</a></td><td>Kan ikke</td><td>Unable to fit or tie (0)</td></tr></table></li></ul></div></text><url value="https://kip.rkkp.dk/fhir/ValueSet/HarrisHipScoreSkoStroemper"/><version value="2.9.3"/><name value="HarrisHipScoreSkoStroemper"/><title value="Harris Hip Score - Sko og strømer"/><status value="active"/><experimental value="true"/><date value="2022-11-15T00:00:00+02:00"/><publisher value="Sundhedsvæsenets Kvalitetsinstitut with Trifork Digital Health A/S"/><contact><name value="Sundhedsvæsenets Kvalitetsinstitut with Trifork Digital Health A/S"/><telecom><system value="url"/><value value="https://trifork.com"/></telecom><telecom><system value="email"/><value value="rbk@trifork.com"/></telecom></contact><description value="Harris Hip Score - Sko og strømer"/><compose><include><system value="https://kip.rkkp.dk/fhir/CodeSystem/HarrisHipScoreShoesSocks"/><concept><code value="4"/><display value="Uden besvær"/></concept><concept><code value="2"/><display value="Med besvær"/></concept><concept><code value="0"/><display value="Kan ikke"/></concept></include></compose></ValueSet>