<?xml version="1.0" encoding="UTF-8"?><ValueSet xmlns="http://hl7.org/fhir"><id value="PaavirkningPaagaaendeRETSPSYK"/><text><status value="extensions"/><div xmlns="http://www.w3.org/1999/xhtml"><p class="res-header-id"><b>Generated Narrative: ValueSet PaavirkningPaagaaendeRETSPSYK</b></p><a name="PaavirkningPaagaaendeRETSPSYK"> </a><a name="hcPaavirkningPaagaaendeRETSPSYK"> </a><a name="PaavirkningPaagaaendeRETSPSYK-en-US"> </a><p>This value set includes codes based on the following rules:</p><ul><li>Include these codes as defined in <a href="CodeSystem-AlchoholDrugs.html"><code>https://kip.rkkp.dk/fhir/CodeSystem/AlchoholDrugs</code></a><table class="none"><tr><td style="white-space:nowrap"><b>Code</b></td><td><b>Display</b></td><td><b>Definition</b></td></tr><tr><td><a href="CodeSystem-AlchoholDrugs.html#AlchoholDrugs-alchohol">alchohol</a></td><td>Alkohol</td><td>Alchohol / Alkohol</td></tr><tr><td><a href="CodeSystem-AlchoholDrugs.html#AlchoholDrugs-cannabis">cannabis</a></td><td>Hash</td><td>Cannabis</td></tr><tr><td><a href="CodeSystem-AlchoholDrugs.html#AlchoholDrugs-central_stimulants">central_stimulants</a></td><td>Centralstimulerende stoffer</td><td>Central stimulants / Centralstimulerende stoffer</td></tr><tr><td><a href="CodeSystem-AlchoholDrugs.html#AlchoholDrugs-opioids">opioids</a></td><td>Opioider</td><td>Opioids / Opioider</td></tr><tr><td><a href="CodeSystem-AlchoholDrugs.html#AlchoholDrugs-benzodiazepines">benzodiazepines</a></td><td>Benzodiazepiner</td><td>Benzodiazepines / Benzodiazepiner</td></tr><tr><td><a href="CodeSystem-AlchoholDrugs.html#AlchoholDrugs-steroids">steroids</a></td><td>Steroider</td><td>Steroids / Steroider</td></tr></table></li><li>Include these codes as defined in <a href="CodeSystem-GenericValues.html"><code>https://kip.rkkp.dk/fhir/CodeSystem/GenericValues</code></a><table class="none"><tr><td style="white-space:nowrap"><b>Code</b></td><td><b>Display</b></td><td><b>Definition</b></td></tr><tr><td><a href="CodeSystem-GenericValues.html#GenericValues-other">other</a></td><td>Andet (anfør hvilke)</td><td>Other - used to choose unspecific value not in a valueset</td></tr></table></li></ul></div></text><url value="https://kip.rkkp.dk/fhir/ValueSet/PaavirkningPaagaaendeRETSPSYK"/><version value="2.9.1"/><name value="PaavirkningPaagaaendeRETSPSYK"/><title value="Påvirkning Pågående (RETSPSYK)"/><status value="active"/><experimental value="true"/><date value="2023-05-11T00:00:00+02:00"/><publisher value="Sundhedsvæsnets Kvalistetsinstitut with Trifork Digital Health A/S"/><contact><name value="Sundhedsvæsnets Kvalistetsinstitut with Trifork Digital Health A/S"/><telecom><system value="url"/><value value="https://trifork.com"/></telecom><telecom><system value="email"/><value value="rbk@trifork.com"/></telecom></contact><description value="Påvirkning Pågående (RETSPSYK)"/><compose><include><system value="https://kip.rkkp.dk/fhir/CodeSystem/AlchoholDrugs"/><concept><code value="alchohol"/><display value="Alkohol"/></concept><concept><code value="cannabis"/><display value="Hash"/></concept><concept><code value="central_stimulants"/><display value="Centralstimulerende stoffer"/></concept><concept><code value="opioids"/><display value="Opioider"/></concept><concept><code value="benzodiazepines"/><display value="Benzodiazepiner"/></concept><concept><code value="steroids"/><display value="Steroider"/></concept></include><include><system value="https://kip.rkkp.dk/fhir/CodeSystem/GenericValues"/><concept><code value="other"/><display value="Andet (anfør hvilke)"/></concept></include></compose></ValueSet>