<?xml version="1.0" encoding="UTF-8"?><ValueSet xmlns="http://hl7.org/fhir"><id value="ProcedureTypeDCCG1"/><text><status value="extensions"/><div xmlns="http://www.w3.org/1999/xhtml"><p class="res-header-id"><b>Generated Narrative: ValueSet ProcedureTypeDCCG1</b></p><a name="ProcedureTypeDCCG1"> </a><a name="hcProcedureTypeDCCG1"> </a><a name="ProcedureTypeDCCG1-en-US"> </a><ul><li>Include these codes as defined in <a href="CodeSystem-ProcedureType.html"><code>https://kip.rkkp.dk/fhir/CodeSystem/ProcedureType</code></a><table class="none"><tr><td style="white-space:nowrap"><b>Code</b></td><td><b>Display</b></td><td><b>Definition</b></td></tr><tr><td><a href="CodeSystem-ProcedureType.html#ProcedureType-laparotomy">laparotomy</a></td><td>Laparotomi</td><td>Laparotomy / Laparotomi / SNOMED-CT: 86481000</td></tr><tr><td><a href="CodeSystem-ProcedureType.html#ProcedureType-laparoscopic">laparoscopic</a></td><td>Laparoskopisk</td><td>Laparoscopic / Laparoskopisk</td></tr><tr><td><a href="CodeSystem-ProcedureType.html#ProcedureType-robot_assisted">robot_assisted</a></td><td>Robotassisteret</td><td>Robot assisted / Robotassisteret</td></tr></table></li></ul></div></text><url value="https://kip.rkkp.dk/fhir/ValueSet/ProcedureTypeDCCG1"/><version value="0.1.8"/><name value="ProcedureTypeDCCG1"/><title value="Proceduretyper til DCCG 1"/><status value="active"/><experimental value="true"/><date value="2022-10-11T00:00:00+02:00"/><publisher value="Sundhedsvæsnets Kvalistetsinstitut with Trifork Digital Health A/S"/><contact><name value="Sundhedsvæsnets Kvalistetsinstitut with Trifork Digital Health A/S"/><telecom><system value="url"/><value value="https://trifork.com"/></telecom><telecom><system value="email"/><value value="rbk@trifork.com"/></telecom></contact><description value="Proceduretyper til DCCG 1"/><compose><include><system value="https://kip.rkkp.dk/fhir/CodeSystem/ProcedureType"/><concept><code value="laparotomy"/><display value="Laparotomi"/></concept><concept><code value="laparoscopic"/><display value="Laparoskopisk"/></concept><concept><code value="robot_assisted"/><display value="Robotassisteret"/></concept></include></compose></ValueSet>