<?xml version="1.0" encoding="UTF-8"?><ValueSet xmlns="http://hl7.org/fhir"><id value="TransplantationCageAugmentDHR"/><text><status value="extensions"/><div xmlns="http://www.w3.org/1999/xhtml"><p class="res-header-id"><b>Generated Narrative: ValueSet TransplantationCageAugmentDHR</b></p><a name="TransplantationCageAugmentDHR"> </a><a name="hcTransplantationCageAugmentDHR"> </a><a name="TransplantationCageAugmentDHR-en-US"> </a><ul><li>Include these codes as defined in <a href="CodeSystem-ProcedureType.html"><code>https://kip.rkkp.dk/fhir/CodeSystem/ProcedureType</code></a><table class="none"><tr><td style="white-space:nowrap"><b>Code</b></td><td><b>Display</b></td><td><b>Definition</b></td></tr><tr><td><a href="CodeSystem-ProcedureType.html#ProcedureType-transplant">transplant</a></td><td>Knogletransplantation</td><td>Transplant / Transplantation</td></tr><tr><td><a href="CodeSystem-ProcedureType.html#ProcedureType-cage">cage</a></td><td>Anvendelse af cage</td><td>Cage</td></tr><tr><td><a href="CodeSystem-ProcedureType.html#ProcedureType-augments">augments</a></td><td>Anvendelse af augments</td><td>Augments</td></tr></table></li></ul></div></text><url value="https://kip.rkkp.dk/fhir/ValueSet/TransplantationCageAugmentDHR"/><version value="0.2.1"/><name value="TransplantationCageAugmentDHR"/><title value="Transplantation - Transplant/Cage/Augment (DHR)"/><status value="active"/><experimental value="true"/><date value="2022-11-07T00:00:00+02:00"/><publisher value="Sundhedsvæsnets Kvalistetsinstitut with Trifork Digital Health A/S"/><contact><name value="Sundhedsvæsnets Kvalistetsinstitut with Trifork Digital Health A/S"/><telecom><system value="url"/><value value="https://trifork.com"/></telecom><telecom><system value="email"/><value value="rbk@trifork.com"/></telecom></contact><description value="Transplantation - Transplantation/Cage/Augment (DHR)"/><compose><include><system value="https://kip.rkkp.dk/fhir/CodeSystem/ProcedureType"/><concept><code value="transplant"/><display value="Knogletransplantation"/></concept><concept><code value="cage"/><display value="Anvendelse af cage"/></concept><concept><code value="augments"/><display value="Anvendelse af augments"/></concept></include></compose></ValueSet>