<?xml version="1.0" encoding="UTF-8"?><ValueSet xmlns="http://hl7.org/fhir"><id value="Ingen"/><text><status value="extensions"/><div xmlns="http://www.w3.org/1999/xhtml"><p class="res-header-id"><b>Generated Narrative: ValueSet Ingen</b></p><a name="Ingen"> </a><a name="hcIngen"> </a><a name="Ingen-en-US"> </a><ul><li>Include these codes as defined in <a href="CodeSystem-GenericValues.html"><code>https://kip.sundk.dk/fhir/CodeSystem/GenericValues</code></a><table class="none"><tr><td style="white-space:nowrap"><b>Code</b></td><td><b>Display</b></td><td><b>Definition</b></td></tr><tr><td><a href="CodeSystem-GenericValues.html#GenericValues-none">none</a></td><td>Ingen</td><td>None - used to choose none of the available values</td></tr></table></li></ul></div></text><url value="https://kip.sundk.dk/fhir/ValueSet/Ingen"/><version value="0.0.9"/><name value="Ingen"/><title value="Ingen (enkelt udfald)"/><status value="active"/><experimental value="true"/><date value="2022-09-28T00:00:00+02:00"/><publisher value="Sundhedsvæsnets Kvalistetsinstitut with Trifork Public A/S"/><contact><name value="Sundhedsvæsnets Kvalistetsinstitut with Trifork Public A/S"/><telecom><system value="url"/><value value="https://trifork.com"/></telecom><telecom><system value="email"/><value value="rbk@trifork.com"/></telecom></contact><description value="Giver mulighed for at svare ingen"/><compose><include><system value="https://kip.sundk.dk/fhir/CodeSystem/GenericValues"/><concept><code value="none"/><display value="Ingen"/></concept></include></compose></ValueSet>