<?xml version="1.0" encoding="UTF-8"?><ValueSet xmlns="http://hl7.org/fhir"><id value="HarrisHipScoreOffentligTransport"/><text><status value="extensions"/><div xmlns="http://www.w3.org/1999/xhtml"><p class="res-header-id"><b>Generated Narrative: ValueSet HarrisHipScoreOffentligTransport</b></p><a name="HarrisHipScoreOffentligTransport"> </a><a name="hcHarrisHipScoreOffentligTransport"> </a><a name="HarrisHipScoreOffentligTransport-en-US"> </a><ul><li>Include these codes as defined in <a href="CodeSystem-HarrisHipScorePublicTransportation.html"><code>https://kip.rkkp.dk/fhir/CodeSystem/HarrisHipScorePublicTransportation</code></a><table class="none"><tr><td style="white-space:nowrap"><b>Code</b></td><td><b>Display</b></td><td><b>Definition</b></td></tr><tr><td><a href="CodeSystem-HarrisHipScorePublicTransportation.html#HarrisHipScorePublicTransportation-1">1</a></td><td>Kan bruge dette</td><td>Able to use transportation (bus) (1)</td></tr><tr><td><a href="CodeSystem-HarrisHipScorePublicTransportation.html#HarrisHipScorePublicTransportation-0">0</a></td><td>Kan ikke bruge dette</td><td>Unable to use public transportation (bus) (0)</td></tr></table></li></ul></div></text><url value="https://kip.rkkp.dk/fhir/ValueSet/HarrisHipScoreOffentligTransport"/><version value="0.1.6"/><name value="HarrisHipScoreOffentligTransport"/><title value="Harris Hip Score - Offentlig transport"/><status value="active"/><experimental value="true"/><date value="2022-11-15T00:00:00+02:00"/><publisher value="Sundhedsvæsnets Kvalistetsinstitut with Trifork Digital Health A/S"/><contact><name value="Sundhedsvæsnets Kvalistetsinstitut with Trifork Digital Health A/S"/><telecom><system value="url"/><value value="https://trifork.com"/></telecom><telecom><system value="email"/><value value="rbk@trifork.com"/></telecom></contact><description value="Harris Hip Score - Offentlig transport"/><compose><include><system value="https://kip.rkkp.dk/fhir/CodeSystem/HarrisHipScorePublicTransportation"/><concept><code value="1"/><display value="Kan bruge dette"/></concept><concept><code value="0"/><display value="Kan ikke bruge dette"/></concept></include></compose></ValueSet>