<?xml version="1.0" encoding="UTF-8"?><ValueSet xmlns="http://hl7.org/fhir"><id value="TumorLokalisationDCCG"/><text><status value="extensions"/><div xmlns="http://www.w3.org/1999/xhtml"><p class="res-header-id"><b>Generated Narrative: ValueSet TumorLokalisationDCCG</b></p><a name="TumorLokalisationDCCG"> </a><a name="hcTumorLokalisationDCCG"> </a><a name="TumorLokalisationDCCG-en-US"> </a><ul><li>Include these codes as defined in <a href="CodeSystem-SKS.html"><code>https://kip.rkkp.dk/fhir/CodeSystem/SKS</code></a><table class="none"><tr><td style="white-space:nowrap"><b>Code</b></td><td><b>Display</b></td><td><b>Definition</b></td></tr><tr><td><a href="CodeSystem-SKS.html#SKS-DC180">DC180</a></td><td>Caecum</td><td>Kræft i caecum</td></tr><tr><td><a href="CodeSystem-SKS.html#SKS-DC182">DC182</a></td><td>Colon ascendens</td><td>Kræft i colon ascendens</td></tr><tr><td><a href="CodeSystem-SKS.html#SKS-DC183">DC183</a></td><td>Højre colon fleksur</td><td>Kræft i flexura coli dextra</td></tr><tr><td><a href="CodeSystem-SKS.html#SKS-DC184">DC184</a></td><td>Colon transversum</td><td>Kræft i colon transversum</td></tr><tr><td><a href="CodeSystem-SKS.html#SKS-DC185">DC185</a></td><td>Venstre colon fleksur</td><td>Kræft i flexura coli sinistra</td></tr><tr><td><a href="CodeSystem-SKS.html#SKS-DC186">DC186</a></td><td>Colon descendens</td><td>Kræft i colon descendens</td></tr><tr><td><a href="CodeSystem-SKS.html#SKS-DC187">DC187</a></td><td>Colon sigmoideum</td><td>Kræft i colon sigmoideum</td></tr><tr><td><a href="CodeSystem-SKS.html#SKS-DC189">DC189</a></td><td>Colon UNS</td><td>Kræft i tyktarmen UNS</td></tr></table></li></ul></div></text><url value="https://kip.rkkp.dk/fhir/ValueSet/TumorLokalisationDCCG"/><version value="0.2.1"/><name value="TumorLokalisationDCCG"/><title value="Primærtumors lokalisation DCCG"/><status value="active"/><experimental value="true"/><date value="2022-09-07T00:00:00+02:00"/><publisher value="Sundhedsvæsnets Kvalistetsinstitut with Trifork Digital Health A/S"/><contact><name value="Sundhedsvæsnets Kvalistetsinstitut with Trifork Digital Health A/S"/><telecom><system value="url"/><value value="https://trifork.com"/></telecom><telecom><system value="email"/><value value="rbk@trifork.com"/></telecom></contact><description value="Primærtumors lokalisation DCCG"/><compose><include><system value="https://kip.rkkp.dk/fhir/CodeSystem/SKS"/><concept><code value="DC180"/><display value="Caecum"/></concept><concept><code value="DC182"/><display value="Colon ascendens"/></concept><concept><code value="DC183"/><display value="Højre colon fleksur"/></concept><concept><code value="DC184"/><display value="Colon transversum"/></concept><concept><code value="DC185"/><display value="Venstre colon fleksur"/></concept><concept><code value="DC186"/><display value="Colon descendens"/></concept><concept><code value="DC187"/><display value="Colon sigmoideum"/></concept><concept><code value="DC189"/><display value="Colon UNS"/></concept></include></compose></ValueSet>