<?xml version="1.0" encoding="UTF-8"?><ValueSet xmlns="http://hl7.org/fhir"><id value="ProcedureUdfoertR3DCCG"/><text><status value="extensions"/><div xmlns="http://www.w3.org/1999/xhtml"><p class="res-header-id"><b>Generated Narrative: ValueSet ProcedureUdfoertR3DCCG</b></p><a name="ProcedureUdfoertR3DCCG"> </a><a name="hcProcedureUdfoertR3DCCG"> </a><a name="ProcedureUdfoertR3DCCG-en-US"> </a><ul><li>Include these codes as defined in <a href="CodeSystem-ProcedureType.html"><code>https://kip.rkkp.dk/fhir/CodeSystem/ProcedureType</code></a><table class="none"><tr><td style="white-space:nowrap"><b>Code</b></td><td><b>Display</b></td><td><b>Definition</b></td></tr><tr><td><a href="CodeSystem-ProcedureType.html#ProcedureType-polypectomy">polypectomy</a></td><td>Polypektomi</td><td>Polypektomi</td></tr><tr><td><a href="CodeSystem-ProcedureType.html#ProcedureType-emr">emr</a></td><td>EMR inkl. piecemeal EMR</td><td>EMR inkl. piecemeal EMR</td></tr><tr><td><a href="CodeSystem-ProcedureType.html#ProcedureType-esd">esd</a></td><td>ESD inkl. piecemeal ESD</td><td>ESD inkl. piecemeal ESD</td></tr><tr><td><a href="CodeSystem-ProcedureType.html#ProcedureType-piecemeal_resection">piecemeal_resection</a></td><td>Piecemeal resektion</td><td>Piecemeal resektion</td></tr><tr><td><a href="CodeSystem-ProcedureType.html#ProcedureType-full_wall_resection">full_wall_resection</a></td><td>Endoskopisk fuldvægsresektion</td><td>Endoskopisk fuldvægsresektion</td></tr><tr><td><a href="CodeSystem-ProcedureType.html#ProcedureType-other_endoscopic">other_endoscopic</a></td><td>Anden endoskopisk procedure</td><td>Anden endoskopisk procedure</td></tr></table></li></ul></div></text><url value="https://kip.rkkp.dk/fhir/ValueSet/ProcedureUdfoertR3DCCG"/><version value="2.9.0"/><name value="ProcedureUdfoertR3DCCG"/><title value="Udført procedure R3 (DCCG)"/><status value="active"/><experimental value="true"/><date value="2023-03-02T00:00:00+02:00"/><publisher value="Sundhedsvæsnets Kvalistetsinstitut with Trifork Digital Health A/S"/><contact><name value="Sundhedsvæsnets Kvalistetsinstitut with Trifork Digital Health A/S"/><telecom><system value="url"/><value value="https://trifork.com"/></telecom><telecom><system value="email"/><value value="rbk@trifork.com"/></telecom></contact><description value="Udført procedure R3 (DCCG)"/><compose><include><system value="https://kip.rkkp.dk/fhir/CodeSystem/ProcedureType"/><concept><code value="polypectomy"/><display value="Polypektomi"/></concept><concept><code value="emr"/><display value="EMR inkl. piecemeal EMR"/></concept><concept><code value="esd"/><display value="ESD inkl. piecemeal ESD"/></concept><concept><code value="piecemeal_resection"/><display value="Piecemeal resektion"/></concept><concept><code value="full_wall_resection"/><display value="Endoskopisk fuldvægsresektion"/></concept><concept><code value="other_endoscopic"/><display value="Anden endoskopisk procedure"/></concept></include></compose></ValueSet>