<?xml version="1.0" encoding="UTF-8"?><ValueSet xmlns="http://hl7.org/fhir"><id value="PatobankSNOMEDpTNMpT"/><text><status value="extensions"/><div xmlns="http://www.w3.org/1999/xhtml"><p class="res-header-id"><b>Generated Narrative: ValueSet PatobankSNOMEDpTNMpT</b></p><a name="PatobankSNOMEDpTNMpT"> </a><a name="hcPatobankSNOMEDpTNMpT"> </a><a name="PatobankSNOMEDpTNMpT-en-US"> </a><ul><li>Include these codes as defined in <a href="CodeSystem-PatobankSNOMED.html"><code>https://kip.rkkp.dk/fhir/CodeSystem/PatobankSNOMED</code></a><table class="none"><tr><td style="white-space:nowrap"><b>Code</b></td><td><b>Display</b></td><td><b>Definition</b></td></tr><tr><td><a href="CodeSystem-PatobankSNOMED.html#PatobankSNOMED-AEF1810">AEF1810</a></td><td>pTis (ÆF1810)</td><td>ÆF1810 - pTis</td></tr><tr><td><a href="CodeSystem-PatobankSNOMED.html#PatobankSNOMED-AEF1820">AEF1820</a></td><td>pT0 (ÆF1820)</td><td>ÆF1820 - pT0</td></tr><tr><td><a href="CodeSystem-PatobankSNOMED.html#PatobankSNOMED-AEF1830">AEF1830</a></td><td>pT1 (ÆF1830)</td><td>ÆF1830 - pT1</td></tr><tr><td><a href="CodeSystem-PatobankSNOMED.html#PatobankSNOMED-AEF1831">AEF1831</a></td><td>pT1a (ÆF1831)</td><td>ÆF1831 - pT1a</td></tr><tr><td><a href="CodeSystem-PatobankSNOMED.html#PatobankSNOMED-AEF1832">AEF1832</a></td><td>pT1b (ÆF1832)</td><td>ÆF1832 - pT1b</td></tr><tr><td><a href="CodeSystem-PatobankSNOMED.html#PatobankSNOMED-AEF1840">AEF1840</a></td><td>pT2 (ÆF1840)</td><td>ÆF1840 - pT2</td></tr><tr><td><a href="CodeSystem-PatobankSNOMED.html#PatobankSNOMED-AEF1850">AEF1850</a></td><td>pT3 (ÆF1850)</td><td>ÆF1850 - pT3</td></tr><tr><td><a href="CodeSystem-PatobankSNOMED.html#PatobankSNOMED-AEF1860">AEF1860</a></td><td>pT4 (ÆF1860)</td><td>ÆF1860 - pT4</td></tr><tr><td><a href="CodeSystem-PatobankSNOMED.html#PatobankSNOMED-AEF1861">AEF1861</a></td><td>pT4a (ÆF1861)</td><td>ÆF1861 - pT4a</td></tr><tr><td><a href="CodeSystem-PatobankSNOMED.html#PatobankSNOMED-AEF1862">AEF1862</a></td><td>pT4b (ÆF1862)</td><td>ÆF1862 - pT4b</td></tr><tr><td><a href="CodeSystem-PatobankSNOMED.html#PatobankSNOMED-AEF1870">AEF1870</a></td><td>pTx (ÆF1870)</td><td>ÆF1870 - pTx</td></tr></table></li></ul></div></text><url value="https://kip.rkkp.dk/fhir/ValueSet/PatobankSNOMEDpTNMpT"/><version value="0.2.1"/><name value="PatobankSNOMEDpTNMpT"/><title value="Patobank SNOMED: pTNM klassifikation, pT"/><status value="active"/><experimental value="true"/><date value="2022-06-08T00:00:00+02:00"/><publisher value="Sundhedsvæsnets Kvalistetsinstitut with Trifork Digital Health A/S"/><contact><name value="Sundhedsvæsnets Kvalistetsinstitut with Trifork Digital Health A/S"/><telecom><system value="url"/><value value="https://trifork.com"/></telecom><telecom><system value="email"/><value value="rbk@trifork.com"/></telecom></contact><description value="SNOMED koderne relevante pT tillægskoder"/><compose><include><system value="https://kip.rkkp.dk/fhir/CodeSystem/PatobankSNOMED"/><concept><code value="AEF1810"/><display value="pTis (ÆF1810)"/></concept><concept><code value="AEF1820"/><display value="pT0 (ÆF1820)"/></concept><concept><code value="AEF1830"/><display value="pT1 (ÆF1830)"/></concept><concept><code value="AEF1831"/><display value="pT1a (ÆF1831)"/></concept><concept><code value="AEF1832"/><display value="pT1b (ÆF1832)"/></concept><concept><code value="AEF1840"/><display value="pT2 (ÆF1840)"/></concept><concept><code value="AEF1850"/><display value="pT3 (ÆF1850)"/></concept><concept><code value="AEF1860"/><display value="pT4 (ÆF1860)"/></concept><concept><code value="AEF1861"/><display value="pT4a (ÆF1861)"/></concept><concept><code value="AEF1862"/><display value="pT4b (ÆF1862)"/></concept><concept><code value="AEF1870"/><display value="pTx (ÆF1870)"/></concept></include></compose></ValueSet>