<?xml version="1.0" encoding="UTF-8"?><ValueSet xmlns="http://hl7.org/fhir"><id value="SORNeurokirurgiskeAfdelingerDAP"/><text><status value="extensions"/><div xmlns="http://www.w3.org/1999/xhtml"><p class="res-header-id"><b>Generated Narrative: ValueSet SORNeurokirurgiskeAfdelingerDAP</b></p><a name="SORNeurokirurgiskeAfdelingerDAP"> </a><a name="hcSORNeurokirurgiskeAfdelingerDAP"> </a><a name="SORNeurokirurgiskeAfdelingerDAP-en-US"> </a><ul><li>Include these codes as defined in <a href="CodeSystem-SOR.html"><code>https://kip.rkkp.dk/fhir/CodeSystem/SOR</code></a><table class="none"><tr><td style="white-space:nowrap"><b>Code</b></td><td><b>Display</b></td><td><b>Definition</b></td></tr><tr><td><a href="CodeSystem-SOR.html#SOR-239981000016003">239981000016003</a></td><td>OUH, Neurokirurgisk</td><td>Odense Universitetshospital - Svendborg - OUH Neurokirurgisk Afsnit U (Odense) (Shak: 4202150)</td></tr><tr><td><a href="CodeSystem-SOR.html#SOR-252961000016000">252961000016000</a></td><td>Rigshospitalet , Blegdamsvej, Neurokirurgisk</td><td>Rigshospitalet - Operation (Shak: 1301211)</td></tr><tr><td><a href="CodeSystem-SOR.html#SOR-276361000016000">276361000016000</a></td><td>Aalborg, Neurokirurgisk</td><td>Aalborg Universitetshospital - Alb Neurokir. Afd. (Shak: 8001311)</td></tr><tr><td><a href="CodeSystem-SOR.html#SOR-440051000016002">440051000016002</a></td><td>Aarhus, Hjerne- og Rygkirurgi</td><td>Aarhus Universitetshospital - Hjerne- og Rygkirurgi (Shak: 6620131)</td></tr></table></li></ul></div></text><url value="https://kip.rkkp.dk/fhir/ValueSet/SORNeurokirurgiskeAfdelingerDAP"/><version value="2.9.0"/><name value="SORNeurokirurgiskeAfdelingerDAP"/><title value="SOR: Neurokirurgiske afdelinger (DAP)"/><status value="active"/><experimental value="true"/><date value="2022-09-06T00:00:00+02:00"/><publisher value="Sundhedsvæsnets Kvalistetsinstitut with Trifork Digital Health A/S"/><contact><name value="Sundhedsvæsnets Kvalistetsinstitut with Trifork Digital Health A/S"/><telecom><system value="url"/><value value="https://trifork.com"/></telecom><telecom><system value="email"/><value value="rbk@trifork.com"/></telecom></contact><description value="SOR: Neurokirurgiske afdelinger (DAP)"/><compose><include><system value="https://kip.rkkp.dk/fhir/CodeSystem/SOR"/><concept><code value="239981000016003"/><display value="OUH, Neurokirurgisk"/></concept><concept><code value="252961000016000"/><display value="Rigshospitalet , Blegdamsvej, Neurokirurgisk"/></concept><concept><code value="276361000016000"/><display value="Aalborg, Neurokirurgisk"/></concept><concept><code value="440051000016002"/><display value="Aarhus, Hjerne- og Rygkirurgi"/></concept></include></compose></ValueSet>