<?xml version="1.0" encoding="UTF-8"?><ValueSet xmlns="http://hl7.org/fhir"><id value="OperationerDKRR"/><text><status value="extensions"/><div xmlns="http://www.w3.org/1999/xhtml"><p class="res-header-id"><b>Generated Narrative: ValueSet OperationerDKRR</b></p><a name="OperationerDKRR"> </a><a name="hcOperationerDKRR"> </a><a name="OperationerDKRR-en-US"> </a><p>This value set includes codes based on the following rules:</p><ul><li>Include these codes as defined in <a href="CodeSystem-AnatomicalLocations.html"><code>https://kip.rkkp.dk/fhir/CodeSystem/AnatomicalLocations</code></a><table class="none"><tr><td style="white-space:nowrap"><b>Code</b></td><td><b>Display</b></td><td><b>Definition</b></td></tr><tr><td><a href="CodeSystem-AnatomicalLocations.html#AnatomicalLocations-acl">acl</a></td><td>ACL</td><td>ACL</td></tr><tr><td><a href="CodeSystem-AnatomicalLocations.html#AnatomicalLocations-pcl">pcl</a></td><td>PCL</td><td>PCL</td></tr><tr><td><a href="CodeSystem-AnatomicalLocations.html#AnatomicalLocations-mcl">mcl</a></td><td>MCL</td><td>MCL</td></tr><tr><td><a href="CodeSystem-AnatomicalLocations.html#AnatomicalLocations-lcl">lcl</a></td><td>LCL</td><td>LCL</td></tr><tr><td><a href="CodeSystem-AnatomicalLocations.html#AnatomicalLocations-plc">plc</a></td><td>PLC</td><td>PLC</td></tr><tr><td><a href="CodeSystem-AnatomicalLocations.html#AnatomicalLocations-lateral_meniscus">lateral_meniscus</a></td><td>Laterale menisk</td><td>Lateral meniscus / Laterale menisk</td></tr><tr><td><a href="CodeSystem-AnatomicalLocations.html#AnatomicalLocations-medial_meniscus">medial_meniscus</a></td><td>Mediale menisk</td><td>Medial meniscus / Mediale menisk</td></tr><tr><td><a href="CodeSystem-AnatomicalLocations.html#AnatomicalLocations-cartilage">cartilage</a></td><td>Bruskskade</td><td>Cartilage / Brusk</td></tr></table></li><li>Include these codes as defined in <a href="CodeSystem-ProcedureType.html"><code>https://kip.rkkp.dk/fhir/CodeSystem/ProcedureType</code></a><table class="none"><tr><td style="white-space:nowrap"><b>Code</b></td><td><b>Display</b></td><td><b>Definition</b></td></tr><tr><td><a href="CodeSystem-ProcedureType.html#ProcedureType-transplant">transplant</a></td><td>Optransplantering før ACL</td><td>Transplant / Transplantation</td></tr></table></li><li>Include these codes as defined in <a href="CodeSystem-GenericValues.html"><code>https://kip.rkkp.dk/fhir/CodeSystem/GenericValues</code></a><table class="none"><tr><td style="white-space:nowrap"><b>Code</b></td><td><b>Display</b></td><td><b>Definition</b></td></tr><tr><td><a href="CodeSystem-GenericValues.html#GenericValues-other">other</a></td><td>Andet</td><td>Other - used to choose unspecific value not in a valueset</td></tr></table></li></ul></div></text><url value="https://kip.rkkp.dk/fhir/ValueSet/OperationerDKRR"/><version value="0.1.6"/><name value="OperationerDKRR"/><title value="Operationer (DKRR)"/><status value="active"/><experimental value="true"/><date value="2022-09-19T00:00:00+02:00"/><publisher value="Sundhedsvæsnets Kvalistetsinstitut with Trifork Digital Health A/S"/><contact><name value="Sundhedsvæsnets Kvalistetsinstitut with Trifork Digital Health A/S"/><telecom><system value="url"/><value value="https://trifork.com"/></telecom><telecom><system value="email"/><value value="rbk@trifork.com"/></telecom></contact><description value="Operationer (DKRR)"/><compose><include><system value="https://kip.rkkp.dk/fhir/CodeSystem/AnatomicalLocations"/><concept><code value="acl"/><display value="ACL"/></concept><concept><code value="pcl"/><display value="PCL"/></concept><concept><code value="mcl"/><display value="MCL"/></concept><concept><code value="lcl"/><display value="LCL"/></concept><concept><code value="plc"/><display value="PLC"/></concept><concept><code value="lateral_meniscus"/><display value="Laterale menisk"/></concept><concept><code value="medial_meniscus"/><display value="Mediale menisk"/></concept><concept><code value="cartilage"/><display value="Bruskskade"/></concept></include><include><system value="https://kip.rkkp.dk/fhir/CodeSystem/ProcedureType"/><concept><code value="transplant"/><display value="Optransplantering før ACL"/></concept></include><include><system value="https://kip.rkkp.dk/fhir/CodeSystem/GenericValues"/><concept><code value="other"/><display value="Andet"/></concept></include></compose></ValueSet>