<?xml version="1.0" encoding="UTF-8"?><ValueSet xmlns="http://hl7.org/fhir"><id value="BehandlingEndovaskulaerType"/><text><status value="extensions"/><div xmlns="http://www.w3.org/1999/xhtml"><p class="res-header-id"><b>Generated Narrative: ValueSet BehandlingEndovaskulaerType</b></p><a name="BehandlingEndovaskulaerType"> </a><a name="hcBehandlingEndovaskulaerType"> </a><a name="BehandlingEndovaskulaerType-en-US"> </a><ul><li>Include these codes as defined in <a href="CodeSystem-TreatmentType.html"><code>https://kip.rkkp.dk/fhir/CodeSystem/TreatmentType</code></a><table class="none"><tr><td style="white-space:nowrap"><b>Code</b></td><td><b>Display</b></td><td><b>Definition</b></td></tr><tr><td><a href="CodeSystem-TreatmentType.html#TreatmentType-coil">coil</a></td><td>Coil</td><td>Coil</td></tr><tr><td><a href="CodeSystem-TreatmentType.html#TreatmentType-intrasakkulat">intrasakkulat</a></td><td>Intrasakkulat flowdiversion</td><td>Intrasakkulat flowdiversion</td></tr><tr><td><a href="CodeSystem-TreatmentType.html#TreatmentType-ekstrasakkulat">ekstrasakkulat</a></td><td>Ekstrasakkulat flowdiversion</td><td>Ekstrasakkulat flowdiversion</td></tr></table></li></ul></div></text><url value="https://kip.rkkp.dk/fhir/ValueSet/BehandlingEndovaskulaerType"/><version value="2.9.1"/><name value="BehandlingEndovaskulaerType"/><title value="Behandling; Endovaskulære behandlinger"/><status value="active"/><experimental value="true"/><date value="2022-06-29T00:00:00+02:00"/><publisher value="Sundhedsvæsnets Kvalistetsinstitut with Trifork Digital Health A/S"/><contact><name value="Sundhedsvæsnets Kvalistetsinstitut with Trifork Digital Health A/S"/><telecom><system value="url"/><value value="https://trifork.com"/></telecom><telecom><system value="email"/><value value="rbk@trifork.com"/></telecom></contact><description value="Behandling; Endovaskulære behandlinger"/><compose><include><system value="https://kip.rkkp.dk/fhir/CodeSystem/TreatmentType"/><concept><code value="coil"/><display value="Coil"/></concept><concept><code value="intrasakkulat"/><display value="Intrasakkulat flowdiversion"/></concept><concept><code value="ekstrasakkulat"/><display value="Ekstrasakkulat flowdiversion"/></concept></include></compose></ValueSet>