<?xml version="1.0" encoding="UTF-8"?><ValueSet xmlns="http://hl7.org/fhir"><id value="RevisionDHR"/><text><status value="extensions"/><div xmlns="http://www.w3.org/1999/xhtml"><p class="res-header-id"><b>Generated Narrative: ValueSet RevisionDHR</b></p><a name="RevisionDHR"> </a><a name="hcRevisionDHR"> </a><a name="RevisionDHR-en-US"> </a><ul><li>Include these codes as defined in <a href="CodeSystem-GenericValues.html"><code>https://kip.rkkp.dk/fhir/CodeSystem/GenericValues</code></a><table class="none"><tr><td style="white-space:nowrap"><b>Code</b></td><td><b>Display</b></td><td><b>Definition</b></td></tr><tr><td><a href="CodeSystem-GenericValues.html#GenericValues-total_replacement">total_replacement</a></td><td>Alternativ 1: Total udskiftning</td><td>Total replacement / Total udskiftning</td></tr><tr><td><a href="CodeSystem-GenericValues.html#GenericValues-partial_replacement">partial_replacement</a></td><td>Alternativ 2: Delvis udskiftning</td><td>Partial replacement / Delvis udskiftning</td></tr><tr><td><a href="CodeSystem-GenericValues.html#GenericValues-removed">removed</a></td><td>Alternativ 3: Protesefjernelse</td><td>Removed / Fjernet</td></tr><tr><td><a href="CodeSystem-GenericValues.html#GenericValues-inserted">inserted</a></td><td>Alternativ 4: Proteseindsættelse efter Girdlestone eller cementspacer</td><td>Inserted / Indsat</td></tr></table></li></ul></div></text><url value="https://kip.rkkp.dk/fhir/ValueSet/RevisionDHR"/><version value="0.1.8"/><name value="RevisionDHR"/><title value="Revision (DHR)"/><status value="active"/><experimental value="true"/><date value="2022-11-08T00:00:00+02:00"/><publisher value="Sundhedsvæsnets Kvalistetsinstitut with Trifork Digital Health A/S"/><contact><name value="Sundhedsvæsnets Kvalistetsinstitut with Trifork Digital Health A/S"/><telecom><system value="url"/><value value="https://trifork.com"/></telecom><telecom><system value="email"/><value value="rbk@trifork.com"/></telecom></contact><description value="Revision (DHR)"/><compose><include><system value="https://kip.rkkp.dk/fhir/CodeSystem/GenericValues"/><concept><code value="total_replacement"/><display value="Alternativ 1: Total udskiftning"/></concept><concept><code value="partial_replacement"/><display value="Alternativ 2: Delvis udskiftning"/></concept><concept><code value="removed"/><display value="Alternativ 3: Protesefjernelse"/></concept><concept><code value="inserted"/><display value="Alternativ 4: Proteseindsættelse efter Girdlestone eller cementspacer"/></concept></include></compose></ValueSet>