<?xml version="1.0" encoding="UTF-8"?><ValueSet xmlns="http://hl7.org/fhir"><id value="NKategoriDCCG"/><text><status value="extensions"/><div xmlns="http://www.w3.org/1999/xhtml"><p class="res-header-id"><b>Generated Narrative: ValueSet NKategoriDCCG</b></p><a name="NKategoriDCCG"> </a><a name="hcNKategoriDCCG"> </a><a name="NKategoriDCCG-en-US"> </a><ul><li>Include these codes as defined in <a href="CodeSystem-SKS.html"><code>https://kip.rkkp.dk/fhir/CodeSystem/SKS</code></a><table class="none"><tr><td style="white-space:nowrap"><b>Code</b></td><td><b>Display</b></td><td><b>Definition</b></td></tr><tr><td><a href="CodeSystem-SKS.html#SKS-AZCD30">AZCD30</a></td><td>N0 (Ingen regionale lymfeknudemetastaser)</td><td>AZCD30 - cN0: Ingen regionale lymfeknudemetastaser</td></tr><tr><td><a href="CodeSystem-SKS.html#SKS-AZCD31">AZCD31</a></td><td>N1 (1-3 regionale lymfeknudemetastaser)</td><td>AZCD31 - cN1: Regional lymfeknudemetastase</td></tr><tr><td><a href="CodeSystem-SKS.html#SKS-AZCD32">AZCD32</a></td><td>N2 (&gt;3 regionale lymfeknudemetastaser)</td><td>AZCD32 - cN2: Regional lymfeknudemetastase</td></tr><tr><td><a href="CodeSystem-SKS.html#SKS-AZCD39">AZCD39</a></td><td>Nx (N-kategorien er ikke vurderet)</td><td>AZCD39 - cNx: Opl om regional lymfeknudestatus foreligger ikke i afd</td></tr></table></li></ul></div></text><url value="https://kip.rkkp.dk/fhir/ValueSet/NKategoriDCCG"/><version value="0.1.6"/><name value="NKategoriDCCG"/><title value="Klinisk N-kategori DCCG"/><status value="active"/><experimental value="true"/><date value="2022-11-08T00:00:00+02:00"/><publisher value="Sundhedsvæsnets Kvalistetsinstitut with Trifork Digital Health A/S"/><contact><name value="Sundhedsvæsnets Kvalistetsinstitut with Trifork Digital Health A/S"/><telecom><system value="url"/><value value="https://trifork.com"/></telecom><telecom><system value="email"/><value value="rbk@trifork.com"/></telecom></contact><description value="Klinisk N-kategori DCCG"/><compose><include><system value="https://kip.rkkp.dk/fhir/CodeSystem/SKS"/><concept><code value="AZCD30"/><display value="N0 (Ingen regionale lymfeknudemetastaser)"/></concept><concept><code value="AZCD31"/><display value="N1 (1-3 regionale lymfeknudemetastaser)"/></concept><concept><code value="AZCD32"/><display value="N2 (&gt;3 regionale lymfeknudemetastaser)"/></concept><concept><code value="AZCD39"/><display value="Nx (N-kategorien er ikke vurderet)"/></concept></include></compose></ValueSet>