<?xml version="1.0" encoding="UTF-8"?><ValueSet xmlns="http://hl7.org/fhir"><id value="RevisionIndikationDHR"/><text><status value="extensions"/><div xmlns="http://www.w3.org/1999/xhtml"><p class="res-header-id"><b>Generated Narrative: ValueSet RevisionIndikationDHR</b></p><a name="RevisionIndikationDHR"> </a><a name="hcRevisionIndikationDHR"> </a><a name="RevisionIndikationDHR-en-US"> </a><p>This value set includes codes based on the following rules:</p><ul><li>Include these codes as defined in <a href="CodeSystem-RevisionIndication.html"><code>https://kip.rkkp.dk/fhir/CodeSystem/RevisionIndication</code></a><table class="none"><tr><td style="white-space:nowrap"><b>Code</b></td><td><b>Display</b></td><td><b>Definition</b></td></tr><tr><td><a href="CodeSystem-RevisionIndication.html#RevisionIndication-femur_acetabulum_osteolysis">femur_acetabulum_osteolysis</a></td><td>Aseptisk løsning af femur- og acetabulumkomp. med osteolyse</td><td>Femur og acetabulum med osteolyse</td></tr><tr><td><a href="CodeSystem-RevisionIndication.html#RevisionIndication-femur_acetabulum">femur_acetabulum</a></td><td>Aseptisk løsning af femur- og acetabulumkomp. uden osteolyse</td><td>Femur og acetabulum</td></tr><tr><td><a href="CodeSystem-RevisionIndication.html#RevisionIndication-femur_osteolysis">femur_osteolysis</a></td><td>Aseptisk løsning alene af femurkomp. med osteolyse</td><td>Femur med osteolyse</td></tr><tr><td><a href="CodeSystem-RevisionIndication.html#RevisionIndication-femur">femur</a></td><td>Aseptisk løsning alene af femurkomp. uden osteolyse</td><td>Femur</td></tr><tr><td><a href="CodeSystem-RevisionIndication.html#RevisionIndication-acetabulum_osteolysis">acetabulum_osteolysis</a></td><td>Aseptisk løsning alene af acetabulumkomp. med osteolyse</td><td>Acetabulum med osteolyse</td></tr><tr><td><a href="CodeSystem-RevisionIndication.html#RevisionIndication-acetabulum">acetabulum</a></td><td>Aseptisk løsning alene af acetabulumkomp. uden osteolyse</td><td>Acetabulum</td></tr><tr><td><a href="CodeSystem-RevisionIndication.html#RevisionIndication-polyethylene_wear">polyethylene_wear</a></td><td>Polyethylenslitage uden aseptisk løsning</td><td>Polyethylenslitage</td></tr><tr><td><a href="CodeSystem-RevisionIndication.html#RevisionIndication-infection">infection</a></td><td>Dyb infektion</td><td>Infection / Infektion</td></tr><tr><td><a href="CodeSystem-RevisionIndication.html#RevisionIndication-femur_fracture">femur_fracture</a></td><td>Femurfraktur (Vancouver klassifikation for fraktur)</td><td>Femurfraktur</td></tr><tr><td><a href="CodeSystem-RevisionIndication.html#RevisionIndication-dislocation">dislocation</a></td><td>Luksation</td><td>Luksation</td></tr><tr><td><a href="CodeSystem-RevisionIndication.html#RevisionIndication-component_failure">component_failure</a></td><td>Komponentsvigt</td><td>Komponentsvigt</td></tr><tr><td><a href="CodeSystem-RevisionIndication.html#RevisionIndication-pain">pain</a></td><td>Smerter</td><td>Pain / Smerter</td></tr><tr><td><a href="CodeSystem-RevisionIndication.html#RevisionIndication-osteolysis">osteolysis</a></td><td>Osteolyse/granulom uden løsning</td><td>Osteolyse</td></tr></table></li><li>Include these codes as defined in <a href="CodeSystem-GenericValues.html"><code>https://kip.rkkp.dk/fhir/CodeSystem/GenericValues</code></a><table class="none"><tr><td style="white-space:nowrap"><b>Code</b></td><td><b>Display</b></td><td><b>Definition</b></td></tr><tr><td><a href="CodeSystem-GenericValues.html#GenericValues-other">other</a></td><td>Andet</td><td>Other - used to choose unspecific value not in a valueset</td></tr></table></li></ul></div></text><url value="https://kip.rkkp.dk/fhir/ValueSet/RevisionIndikationDHR"/><version value="2.9.3"/><name value="RevisionIndikationDHR"/><title value="Revision, indikation (DHR)"/><status value="active"/><experimental value="true"/><date value="2022-11-15T00:00:00+02:00"/><publisher value="Sundhedsvæsenets Kvalitetsinstitut with Trifork Digital Health A/S"/><contact><name value="Sundhedsvæsenets Kvalitetsinstitut with Trifork Digital Health A/S"/><telecom><system value="url"/><value value="https://trifork.com"/></telecom><telecom><system value="email"/><value value="rbk@trifork.com"/></telecom></contact><description value="Revision, indikation (DHR)"/><compose><include><system value="https://kip.rkkp.dk/fhir/CodeSystem/RevisionIndication"/><concept><code value="femur_acetabulum_osteolysis"/><display value="Aseptisk løsning af femur- og acetabulumkomp. med osteolyse"/></concept><concept><code value="femur_acetabulum"/><display value="Aseptisk løsning af femur- og acetabulumkomp. uden osteolyse"/></concept><concept><code value="femur_osteolysis"/><display value="Aseptisk løsning alene af femurkomp. med osteolyse"/></concept><concept><code value="femur"/><display value="Aseptisk løsning alene af femurkomp. uden osteolyse"/></concept><concept><code value="acetabulum_osteolysis"/><display value="Aseptisk løsning alene af acetabulumkomp. med osteolyse"/></concept><concept><code value="acetabulum"/><display value="Aseptisk løsning alene af acetabulumkomp. uden osteolyse"/></concept><concept><code value="polyethylene_wear"/><display value="Polyethylenslitage uden aseptisk løsning"/></concept><concept><code value="infection"/><display value="Dyb infektion"/></concept><concept><code value="femur_fracture"/><display value="Femurfraktur (Vancouver klassifikation for fraktur)"/></concept><concept><code value="dislocation"/><display value="Luksation"/></concept><concept><code value="component_failure"/><display value="Komponentsvigt"/></concept><concept><code value="pain"/><display value="Smerter"/></concept><concept><code value="osteolysis"/><display value="Osteolyse/granulom uden løsning"/></concept></include><include><system value="https://kip.rkkp.dk/fhir/CodeSystem/GenericValues"/><concept><code value="other"/><display value="Andet"/></concept></include></compose></ValueSet>