<?xml version="1.0" encoding="UTF-8"?><ValueSet xmlns="http://hl7.org/fhir"><id value="RevisionIndikationAseptiskDSR"/><text><status value="extensions"/><div xmlns="http://www.w3.org/1999/xhtml"><p class="res-header-id"><b>Generated Narrative: ValueSet RevisionIndikationAseptiskDSR</b></p><a name="RevisionIndikationAseptiskDSR"> </a><a name="hcRevisionIndikationAseptiskDSR"> </a><a name="RevisionIndikationAseptiskDSR-en-US"> </a><ul><li>Include these codes as defined in <a href="CodeSystem-RevisionIndication.html"><code>https://kip.rkkp.dk/fhir/CodeSystem/RevisionIndication</code></a><table class="none"><tr><td style="white-space:nowrap"><b>Code</b></td><td><b>Display</b></td><td><b>Definition</b></td></tr><tr><td><a href="CodeSystem-RevisionIndication.html#RevisionIndication-glenoid">glenoid</a></td><td>Glenoid</td><td>Glenoid</td></tr><tr><td><a href="CodeSystem-RevisionIndication.html#RevisionIndication-humerus">humerus</a></td><td>Humerus</td><td>Humerus</td></tr></table></li></ul></div></text><url value="https://kip.rkkp.dk/fhir/ValueSet/RevisionIndikationAseptiskDSR"/><version value="0.1.6"/><name value="RevisionIndikationAseptiskDSR"/><title value="Revision, indikation - Aseptisk løsning (DSR)"/><status value="active"/><experimental value="true"/><date value="2022-10-07T00:00:00+02:00"/><publisher value="Sundhedsvæsnets Kvalistetsinstitut with Trifork Digital Health A/S"/><contact><name value="Sundhedsvæsnets Kvalistetsinstitut with Trifork Digital Health A/S"/><telecom><system value="url"/><value value="https://trifork.com"/></telecom><telecom><system value="email"/><value value="rbk@trifork.com"/></telecom></contact><description value="Revision, indikation - Aseptisk løsning (DSR)"/><compose><include><system value="https://kip.rkkp.dk/fhir/CodeSystem/RevisionIndication"/><concept><code value="glenoid"/><display value="Glenoid"/></concept><concept><code value="humerus"/><display value="Humerus"/></concept></include></compose></ValueSet>