<?xml version="1.0" encoding="UTF-8"?><ValueSet xmlns="http://hl7.org/fhir"><id value="OperationerAktuelDKRR"/><text><status value="extensions"/><div xmlns="http://www.w3.org/1999/xhtml"><p class="res-header-id"><b>Generated Narrative: ValueSet OperationerAktuelDKRR</b></p><a name="OperationerAktuelDKRR"> </a><a name="hcOperationerAktuelDKRR"> </a><a name="OperationerAktuelDKRR-en-US"> </a><p>This value set includes codes based on the following rules:</p><ul><li>Include these codes as defined in <a href="CodeSystem-OperationType.html"><code>https://kip.rkkp.dk/fhir/CodeSystem/OperationType</code></a><table class="none"><tr><td style="white-space:nowrap"><b>Code</b></td><td><b>Display</b></td><td><b>Definition</b></td></tr><tr><td><a href="CodeSystem-OperationType.html#OperationType-primary">primary</a></td><td>Primær rekonstruktion af forreste korsbånd</td><td>Primary</td></tr><tr><td><a href="CodeSystem-OperationType.html#OperationType-revision">revision</a></td><td>Revisionsrekonstruktion</td><td>Revision</td></tr></table></li><li>Include these codes as defined in <a href="CodeSystem-ProcedureType.html"><code>https://kip.rkkp.dk/fhir/CodeSystem/ProcedureType</code></a><table class="none"><tr><td style="white-space:nowrap"><b>Code</b></td><td><b>Display</b></td><td><b>Definition</b></td></tr><tr><td><a href="CodeSystem-ProcedureType.html#ProcedureType-multiple_ligaments_reconstruction">multiple_ligaments_reconstruction</a></td><td>Flerligament-rekonstruktion (Inkl. isoleret PCL, LCL, MCL)</td><td>Multiple ligaments reconstruction / Flerligament-rekonstruktion (inkl. isoleret PCL, LCL, MCL)</td></tr></table></li></ul></div></text><url value="https://kip.rkkp.dk/fhir/ValueSet/OperationerAktuelDKRR"/><version value="2.9.1"/><name value="OperationerAktuelDKRR"/><title value="Operation - aktuel (DKRR)"/><status value="active"/><experimental value="true"/><date value="2022-09-19T00:00:00+02:00"/><publisher value="Sundhedsvæsnets Kvalistetsinstitut with Trifork Digital Health A/S"/><contact><name value="Sundhedsvæsnets Kvalistetsinstitut with Trifork Digital Health A/S"/><telecom><system value="url"/><value value="https://trifork.com"/></telecom><telecom><system value="email"/><value value="rbk@trifork.com"/></telecom></contact><description value="Operation - aktuel (DKRR)"/><compose><include><system value="https://kip.rkkp.dk/fhir/CodeSystem/OperationType"/><concept><code value="primary"/><display value="Primær rekonstruktion af forreste korsbånd"/></concept><concept><code value="revision"/><display value="Revisionsrekonstruktion"/></concept></include><include><system value="https://kip.rkkp.dk/fhir/CodeSystem/ProcedureType"/><concept><code value="multiple_ligaments_reconstruction"/><display value="Flerligament-rekonstruktion (Inkl. isoleret PCL, LCL, MCL)"/></concept></include></compose></ValueSet>