<?xml version="1.0" encoding="UTF-8"?><ValueSet xmlns="http://hl7.org/fhir"><id value="MorsDiagnoseForskelligtDNSL"/><text><status value="generated"/><div xmlns="http://www.w3.org/1999/xhtml"><p class="res-header-id"><b>Generated Narrative: ValueSet MorsDiagnoseForskelligtDNSL</b></p><a name="MorsDiagnoseForskelligtDNSL"> </a><a name="hcMorsDiagnoseForskelligtDNSL"> </a><a name="MorsDiagnoseForskelligtDNSL-en-US"> </a><ul><li>Include these codes as defined in <a href="CodeSystem-MorsDiagnosekoder.html"><code>https://kip.rkkp.dk/fhir/CodeSystem/MorsDiagnosekoder</code></a><table class="none"><tr><td style="white-space:nowrap"><b>Code</b></td><td><b>Display</b></td></tr><tr><td><a href="CodeSystem-MorsDiagnosekoder.html#MorsDiagnosekoder-DD489">DD489</a></td><td>DD489: Neopl uden specifikation og lokalisation</td></tr><tr><td><a href="CodeSystem-MorsDiagnosekoder.html#MorsDiagnosekoder-DD729">DD729</a></td><td>DD729: Sygdomme i hvide blodlegemer uden specifikation</td></tr><tr><td><a href="CodeSystem-MorsDiagnosekoder.html#MorsDiagnosekoder-DF039">DF039</a></td><td>DF039: Demens uden specifikation</td></tr><tr><td><a href="CodeSystem-MorsDiagnosekoder.html#MorsDiagnosekoder-DJ449">DJ449</a></td><td>DJ449: Kronisk obstruktiv lungesygdom uden specifikation</td></tr><tr><td><a href="CodeSystem-MorsDiagnosekoder.html#MorsDiagnosekoder-DK281">DK281</a></td><td>DK281: Ulcus gastrojejunale pepticum acutum m perforation</td></tr><tr><td><a href="CodeSystem-MorsDiagnosekoder.html#MorsDiagnosekoder-DK631">DK631</a></td><td>DK631: Perforatio intestini non traumatica</td></tr><tr><td><a href="CodeSystem-MorsDiagnosekoder.html#MorsDiagnosekoder-DK668">DK668</a></td><td>DK668: Sygdom i bughinde, andre specificerede</td></tr><tr><td><a href="CodeSystem-MorsDiagnosekoder.html#MorsDiagnosekoder-DK859">DK859</a></td><td>DK859: Pancreatitis acuta</td></tr><tr><td><a href="CodeSystem-MorsDiagnosekoder.html#MorsDiagnosekoder-DR649">DR649</a></td><td>DR649: Cachexia</td></tr><tr><td><a href="CodeSystem-MorsDiagnosekoder.html#MorsDiagnosekoder-DR999">DR999</a></td><td>DR999: Mors uden specifkation</td></tr></table></li></ul></div></text><url value="https://kip.rkkp.dk/fhir/ValueSet/MorsDiagnoseForskelligtDNSL"/><version value="0.1.6"/><name value="MorsDiagnoseForskelligtDNSL"/><title value="Mors Diagnosekode - Forskelligt (DNSL)"/><status value="active"/><experimental value="true"/><date value="2024-01-10T00:00:00+02:00"/><publisher value="Sundhedsvæsnets Kvalistetsinstitut with Trifork Digital Health A/S"/><contact><name value="Sundhedsvæsnets Kvalistetsinstitut with Trifork Digital Health A/S"/><telecom><system value="url"/><value value="https://trifork.com"/></telecom><telecom><system value="email"/><value value="rbk@trifork.com"/></telecom></contact><description value="Mors Diagnosekode - Forskelligt (DNSL)"/><compose><include><system value="https://kip.rkkp.dk/fhir/CodeSystem/MorsDiagnosekoder"/><concept><code value="DD489"/><display value="DD489: Neopl uden specifikation og lokalisation"/></concept><concept><code value="DD729"/><display value="DD729: Sygdomme i hvide blodlegemer uden specifikation"/></concept><concept><code value="DF039"/><display value="DF039: Demens uden specifikation"/></concept><concept><code value="DJ449"/><display value="DJ449: Kronisk obstruktiv lungesygdom uden specifikation"/></concept><concept><code value="DK281"/><display value="DK281: Ulcus gastrojejunale pepticum acutum m perforation"/></concept><concept><code value="DK631"/><display value="DK631: Perforatio intestini non traumatica"/></concept><concept><code value="DK668"/><display value="DK668: Sygdom i bughinde, andre specificerede"/></concept><concept><code value="DK859"/><display value="DK859: Pancreatitis acuta"/></concept><concept><code value="DR649"/><display value="DR649: Cachexia"/></concept><concept><code value="DR999"/><display value="DR999: Mors uden specifkation"/></concept></include></compose></ValueSet>