<?xml version="1.0" encoding="UTF-8"?><ValueSet xmlns="http://hl7.org/fhir"><id value="UMComponentTypeDAMYDA"/><text><status value="extensions"/><div xmlns="http://www.w3.org/1999/xhtml"><p class="res-header-id"><b>Generated Narrative: ValueSet UMComponentTypeDAMYDA</b></p><a name="UMComponentTypeDAMYDA"> </a><a name="hcUMComponentTypeDAMYDA"> </a><a name="UMComponentTypeDAMYDA-en-US"> </a><ul><li>Include these codes as defined in <a href="CodeSystem-MComponentType.html"><code>https://kip.rkkp.dk/fhir/CodeSystem/MComponentType</code></a><table class="none"><tr><td style="white-space:nowrap"><b>Code</b></td><td><b>Display</b></td><td><b>Definition</b></td></tr><tr><td><a href="CodeSystem-MComponentType.html#MComponentType-kappa">kappa</a></td><td>Kappa</td><td>Kappa (frie kæder)</td></tr><tr><td><a href="CodeSystem-MComponentType.html#MComponentType-lambda">lambda</a></td><td>Lambda</td><td>Lambda (frie kæder)</td></tr></table></li></ul></div></text><url value="https://kip.rkkp.dk/fhir/ValueSet/UMComponentTypeDAMYDA"/><version value="0.1.8"/><name value="UMComponentTypeDAMYDA"/><title value="U-M komponent type"/><status value="active"/><experimental value="true"/><date value="2022-07-14T00:00:00+02:00"/><publisher value="Sundhedsvæsnets Kvalistetsinstitut with Trifork Digital Health A/S"/><contact><name value="Sundhedsvæsnets Kvalistetsinstitut with Trifork Digital Health A/S"/><telecom><system value="url"/><value value="https://trifork.com"/></telecom><telecom><system value="email"/><value value="rbk@trifork.com"/></telecom></contact><description value="U-M komponent type [DAMYDA]"/><compose><include><system value="https://kip.rkkp.dk/fhir/CodeSystem/MComponentType"/><concept><code value="kappa"/><display value="Kappa"/></concept><concept><code value="lambda"/><display value="Lambda"/></concept></include></compose></ValueSet>