<?xml version="1.0" encoding="UTF-8"?><ValueSet xmlns="http://hl7.org/fhir"><id value="MolecularRemission"/><text><status value="extensions"/><div xmlns="http://www.w3.org/1999/xhtml"><p class="res-header-id"><b>Generated Narrative: ValueSet MolecularRemission</b></p><a name="MolecularRemission"> </a><a name="hcMolecularRemission"> </a><a name="MolecularRemission-en-US"> </a><ul><li>Include these codes as defined in <a href="CodeSystem-MolecularRemission.html"><code>https://kip.rkkp.dk/fhir/CodeSystem/MolecularRemission</code></a><table class="none"><tr><td style="white-space:nowrap"><b>Code</b></td><td><b>Display</b></td><td><b>Definition</b></td></tr><tr><td><a href="CodeSystem-MolecularRemission.html#MolecularRemission-mr_4">mr_4</a></td><td>MR4</td><td>MR4</td></tr><tr><td><a href="CodeSystem-MolecularRemission.html#MolecularRemission-mr_4.465">mr_4.5</a></td><td>MR4.5</td><td>MR4.5</td></tr><tr><td><a href="CodeSystem-MolecularRemission.html#MolecularRemission-mr_5">mr_5</a></td><td>MR5</td><td>MR5</td></tr></table></li></ul></div></text><url value="https://kip.rkkp.dk/fhir/ValueSet/MolecularRemission"/><version value="0.1.6"/><name value="MolecularRemission"/><title value="Molecular remission (MR)"/><status value="active"/><experimental value="true"/><date value="2022-07-18T00:00:00+02:00"/><publisher value="Sundhedsvæsnets Kvalistetsinstitut with Trifork Digital Health A/S"/><contact><name value="Sundhedsvæsnets Kvalistetsinstitut with Trifork Digital Health A/S"/><telecom><system value="url"/><value value="https://trifork.com"/></telecom><telecom><system value="email"/><value value="rbk@trifork.com"/></telecom></contact><description value="Molekylær remission (MR)"/><compose><include><system value="https://kip.rkkp.dk/fhir/CodeSystem/MolecularRemission"/><concept><code value="mr_4"/><display value="MR4"/></concept><concept><code value="mr_4.5"/><display value="MR4.5"/></concept><concept><code value="mr_5"/><display value="MR5"/></concept></include></compose></ValueSet>