<?xml version="1.0" encoding="UTF-8"?><ValueSet xmlns="http://hl7.org/fhir"><id value="AssistDevicesBallonStent"/><text><status value="extensions"/><div xmlns="http://www.w3.org/1999/xhtml"><p class="res-header-id"><b>Generated Narrative: ValueSet AssistDevicesBallonStent</b></p><a name="AssistDevicesBallonStent"> </a><a name="hcAssistDevicesBallonStent"> </a><a name="AssistDevicesBallonStent-en-US"> </a><ul><li>Include these codes as defined in <a href="CodeSystem-AssistDevices.html"><code>https://kip.rkkp.dk/fhir/CodeSystem/AssistDevices</code></a><table class="none"><tr><td style="white-space:nowrap"><b>Code</b></td><td><b>Display</b></td><td><b>Definition</b></td></tr><tr><td><a href="CodeSystem-AssistDevices.html#AssistDevices-balloon">balloon</a></td><td>Ballon</td><td>Intra-aortic balloon</td></tr><tr><td><a href="CodeSystem-AssistDevices.html#AssistDevices-stent">stent</a></td><td>Stent</td><td>Stent</td></tr></table></li></ul></div></text><url value="https://kip.rkkp.dk/fhir/ValueSet/AssistDevicesBallonStent"/><version value="2.9.1"/><name value="AssistDevicesBallonStent"/><title value="Assist devices; Ballon og stent"/><status value="active"/><experimental value="true"/><date value="2022-06-29T00:00:00+02:00"/><publisher value="Sundhedsvæsnets Kvalistetsinstitut with Trifork Digital Health A/S"/><contact><name value="Sundhedsvæsnets Kvalistetsinstitut with Trifork Digital Health A/S"/><telecom><system value="url"/><value value="https://trifork.com"/></telecom><telecom><system value="email"/><value value="rbk@trifork.com"/></telecom></contact><description value="Assist devices; Ballon og stent"/><compose><include><system value="https://kip.rkkp.dk/fhir/CodeSystem/AssistDevices"/><concept><code value="balloon"/><display value="Ballon"/></concept><concept><code value="stent"/><display value="Stent"/></concept></include></compose></ValueSet>