<?xml version="1.0" encoding="UTF-8"?><ValueSet xmlns="http://hl7.org/fhir"><id value="Skala"/><text><status value="extensions"/><div xmlns="http://www.w3.org/1999/xhtml"><p class="res-header-id"><b>Generated Narrative: ValueSet Skala</b></p><a name="Skala"> </a><a name="hcSkala"> </a><a name="Skala-en-US"> </a><ul><li>Include these codes as defined in <a href="CodeSystem-EORTCQLQC1514.html"><code>https://kip.rkkp.dk/fhir/CodeSystem/EORTCQLQC1514</code></a><table class="none"><tr><td style="white-space:nowrap"><b>Code</b></td><td><b>Display</b></td><td><b>Definition</b></td></tr><tr><td><a href="CodeSystem-EORTCQLQC1514.html#EORTCQLQC1514-grade_1">grade_1</a></td><td>Slet ikke</td><td>1. Slet ikke</td></tr><tr><td><a href="CodeSystem-EORTCQLQC1514.html#EORTCQLQC1514-grade_2">grade_2</a></td><td>Lidt</td><td>2. Lidt</td></tr><tr><td><a href="CodeSystem-EORTCQLQC1514.html#EORTCQLQC1514-grade_3">grade_3</a></td><td>Noget</td><td>3. En del</td></tr><tr><td><a href="CodeSystem-EORTCQLQC1514.html#EORTCQLQC1514-grade_4">grade_4</a></td><td>Meget</td><td>4. Meget</td></tr></table></li></ul></div></text><url value="https://kip.rkkp.dk/fhir/ValueSet/Skala"/><version value="0.1.6"/><name value="Skala"/><title value="Symptom skala"/><status value="active"/><experimental value="true"/><date value="2024-04-18T00:00:00+02:00"/><publisher value="Sundhedsvæsnets Kvalistetsinstitut with Trifork Digital Health A/S"/><contact><name value="Sundhedsvæsnets Kvalistetsinstitut with Trifork Digital Health A/S"/><telecom><system value="url"/><value value="https://trifork.com"/></telecom><telecom><system value="email"/><value value="rbk@trifork.com"/></telecom></contact><description value="Symptom skala"/><compose><include><system value="https://kip.rkkp.dk/fhir/CodeSystem/EORTCQLQC1514"/><concept><code value="grade_1"/><display value="Slet ikke"/></concept><concept><code value="grade_2"/><display value="Lidt"/></concept><concept><code value="grade_3"/><display value="Noget"/></concept><concept><code value="grade_4"/><display value="Meget"/></concept></include></compose></ValueSet>