<?xml version="1.0" encoding="UTF-8"?><ValueSet xmlns="http://hl7.org/fhir"><id value="LinertypeDHR"/><text><status value="extensions"/><div xmlns="http://www.w3.org/1999/xhtml"><p class="res-header-id"><b>Generated Narrative: ValueSet LinertypeDHR</b></p><a name="LinertypeDHR"> </a><a name="hcLinertypeDHR"> </a><a name="LinertypeDHR-en-US"> </a><ul><li>Include these codes as defined in <a href="CodeSystem-ImplantComponents.html"><code>https://kip.rkkp.dk/fhir/CodeSystem/ImplantComponents</code></a><table class="none"><tr><td style="white-space:nowrap"><b>Code</b></td><td><b>Display</b></td><td><b>Definition</b></td></tr><tr><td><a href="CodeSystem-ImplantComponents.html#ImplantComponents-non_constrained">non_constrained</a></td><td>Ikke-constrained</td><td>Non-constrained / Ikke-constrained</td></tr><tr><td><a href="CodeSystem-ImplantComponents.html#ImplantComponents-constrained">constrained</a></td><td>Constrained</td><td>Constrained</td></tr><tr><td><a href="CodeSystem-ImplantComponents.html#ImplantComponents-double_mobility">double_mobility</a></td><td>Double mobility</td><td>Double mobility</td></tr></table></li></ul></div></text><url value="https://kip.rkkp.dk/fhir/ValueSet/LinertypeDHR"/><version value="2.9.0"/><name value="LinertypeDHR"/><title value="Linertype - (DHR)"/><status value="active"/><experimental value="true"/><date value="2022-11-02T00:00:00+02:00"/><publisher value="Sundhedsvæsnets Kvalistetsinstitut with Trifork Digital Health A/S"/><contact><name value="Sundhedsvæsnets Kvalistetsinstitut with Trifork Digital Health A/S"/><telecom><system value="url"/><value value="https://trifork.com"/></telecom><telecom><system value="email"/><value value="rbk@trifork.com"/></telecom></contact><description value="Linertype - (DHR)"/><compose><include><system value="https://kip.rkkp.dk/fhir/CodeSystem/ImplantComponents"/><concept><code value="non_constrained"/><display value="Ikke-constrained"/></concept><concept><code value="constrained"/><display value="Constrained"/></concept><concept><code value="double_mobility"/><display value="Double mobility"/></concept></include></compose></ValueSet>