<?xml version="1.0" encoding="UTF-8"?><ValueSet xmlns="http://hl7.org/fhir"><id value="WOOSHaenderDSR"/><text><status value="extensions"/><div xmlns="http://www.w3.org/1999/xhtml"><p class="res-header-id"><b>Generated Narrative: ValueSet WOOSHaenderDSR</b></p><a name="WOOSHaenderDSR"> </a><a name="hcWOOSHaenderDSR"> </a><a name="WOOSHaenderDSR-en-US"> </a><ul><li>Include these codes as defined in <a href="CodeSystem-WOOS.html"><code>https://kip.rkkp.dk/fhir/CodeSystem/WOOS</code></a><table class="none"><tr><td style="white-space:nowrap"><b>Code</b></td><td><b>Display</b></td><td><b>Definition</b></td></tr><tr><td><a href="CodeSystem-WOOS.html#WOOS-left_handed">left_handed</a></td><td>Venstrehåndet</td><td>Venstrehåndet</td></tr><tr><td><a href="CodeSystem-WOOS.html#WOOS-right_handed">right_handed</a></td><td>Højrehåndet</td><td>Højrehåndet</td></tr><tr><td><a href="CodeSystem-WOOS.html#WOOS-both_hands">both_hands</a></td><td>Bruger begge hænder lige godt</td><td>Bruger begge hænder lige godt</td></tr></table></li></ul></div></text><url value="https://kip.rkkp.dk/fhir/ValueSet/WOOSHaenderDSR"/><version value="0.1.6"/><name value="WOOSHaenderDSR"/><title value="WOOS - Hænder (DSR)"/><status value="active"/><experimental value="true"/><date value="2022-10-07T00:00:00+02:00"/><publisher value="Sundhedsvæsnets Kvalistetsinstitut with Trifork Digital Health A/S"/><contact><name value="Sundhedsvæsnets Kvalistetsinstitut with Trifork Digital Health A/S"/><telecom><system value="url"/><value value="https://trifork.com"/></telecom><telecom><system value="email"/><value value="rbk@trifork.com"/></telecom></contact><description value="WOOS - Hænder (DSR)"/><compose><include><system value="https://kip.rkkp.dk/fhir/CodeSystem/WOOS"/><concept><code value="left_handed"/><display value="Venstrehåndet"/></concept><concept><code value="right_handed"/><display value="Højrehåndet"/></concept><concept><code value="both_hands"/><display value="Bruger begge hænder lige godt"/></concept></include></compose></ValueSet>