<?xml version="1.0" encoding="UTF-8"?><ValueSet xmlns="http://hl7.org/fhir"><id value="ExtraordinaryTreatmenCause"/><text><status value="extensions"/><div xmlns="http://www.w3.org/1999/xhtml"><p class="res-header-id"><b>Generated Narrative: ValueSet ExtraordinaryTreatmenCause</b></p><a name="ExtraordinaryTreatmenCause"> </a><a name="hcExtraordinaryTreatmenCause"> </a><a name="ExtraordinaryTreatmenCause-en-US"> </a><p>This value set includes codes based on the following rules:</p><ul><li>Include these codes as defined in <a href="CodeSystem-TreatmentCause.html"><code>https://kip.rkkp.dk/fhir/CodeSystem/TreatmentCause</code></a><table class="none"><tr><td style="white-space:nowrap"><b>Code</b></td><td><b>Display</b></td><td><b>Definition</b></td></tr><tr><td><a href="CodeSystem-TreatmentCause.html#TreatmentCause-toxicity">toxicity</a></td><td>Toksicitet</td><td>Toxicity / Toksicitet SNOMED-CT: 75478009</td></tr><tr><td><a href="CodeSystem-TreatmentCause.html#TreatmentCause-insufficient_response">insufficient_response</a></td><td>Utilstrækkeligt respons</td><td>Insufficient response / Utilstrækkelige repons</td></tr></table></li><li>Include these codes as defined in <a href="CodeSystem-GenericValues.html"><code>https://kip.rkkp.dk/fhir/CodeSystem/GenericValues</code></a><table class="none"><tr><td style="white-space:nowrap"><b>Code</b></td><td><b>Display</b></td><td><b>Definition</b></td></tr><tr><td><a href="CodeSystem-GenericValues.html#GenericValues-not_performed">not_performed</a></td><td>Pt. har ikke fået uplanlagt behandling</td><td>Not performed - used to indicate, if a procedure or test has not been performed</td></tr></table></li></ul></div></text><url value="https://kip.rkkp.dk/fhir/ValueSet/ExtraordinaryTreatmenCause"/><version value="0.2.1"/><name value="ExtraordinaryTreatmenCause"/><title value="Ekstra behandling"/><status value="active"/><experimental value="true"/><date value="2022-07-14T00:00:00+02:00"/><publisher value="Sundhedsvæsnets Kvalistetsinstitut with Trifork Digital Health A/S"/><contact><name value="Sundhedsvæsnets Kvalistetsinstitut with Trifork Digital Health A/S"/><telecom><system value="url"/><value value="https://trifork.com"/></telecom><telecom><system value="email"/><value value="rbk@trifork.com"/></telecom></contact><description value="Årsag for uplanlagt ekstra behandling [DAMYDA]"/><compose><include><system value="https://kip.rkkp.dk/fhir/CodeSystem/TreatmentCause"/><concept><code value="toxicity"/><display value="Toksicitet"/></concept><concept><code value="insufficient_response"/><display value="Utilstrækkeligt respons"/></concept></include><include><system value="https://kip.rkkp.dk/fhir/CodeSystem/GenericValues"/><concept><code value="not_performed"/><display value="Pt. har ikke fået uplanlagt behandling"/></concept></include></compose></ValueSet>