<?xml version="1.0" encoding="UTF-8"?><ValueSet xmlns="http://hl7.org/fhir"><id value="Incisionsvalg"/><text><status value="extensions"/><div xmlns="http://www.w3.org/1999/xhtml"><p class="res-header-id"><b>Generated Narrative: ValueSet Incisionsvalg</b></p><a name="Incisionsvalg"> </a><a name="hcIncisionsvalg"> </a><a name="Incisionsvalg-en-US"> </a><ul><li>Include these codes as defined in <a href="CodeSystem-IncisionChoice.html"><code>https://kip.rkkp.dk/fhir/CodeSystem/IncisionChoice</code></a><table class="none"><tr><td style="white-space:nowrap"><b>Code</b></td><td><b>Display</b></td><td><b>Definition</b></td></tr><tr><td><a href="CodeSystem-IncisionChoice.html#IncisionChoice-abdomnial">abdomnial</a></td><td>Abdominal adgang</td><td>Abdominal adgang</td></tr><tr><td><a href="CodeSystem-IncisionChoice.html#IncisionChoice-abdominal_thoracic">abdominal_thoracic</a></td><td>Separat abdominal og torakal adgang</td><td>Separat abdominal og torakal adgang</td></tr><tr><td><a href="CodeSystem-IncisionChoice.html#IncisionChoice-toracoabdominal">toracoabdominal</a></td><td>Torakabdominal adgang med deling af diafragma</td><td>Torakabdominal adgang med deling af diafragma</td></tr><tr><td><a href="CodeSystem-IncisionChoice.html#IncisionChoice-transhiatal_siewert">transhiatal_siewert</a></td><td>Transhiatal adgang (a.m. Siewert)</td><td>Transhiatal adgang (a.m. Siewert)</td></tr><tr><td><a href="CodeSystem-IncisionChoice.html#IncisionChoice-transhiatal_neck">transhiatal_neck</a></td><td>Transhiatal adgang og anastomose på hals</td><td>Transhiatal adgang og anastomose på hals</td></tr><tr><td><a href="CodeSystem-IncisionChoice.html#IncisionChoice-abdominal_thoracoskopic">abdominal_thoracoskopic</a></td><td>Separat abdominal &amp; torakoskopisk</td><td>Separat abdominal &amp; torakoskopisk</td></tr><tr><td><a href="CodeSystem-IncisionChoice.html#IncisionChoice-laparoscopic_thoracoskopic">laparoscopic_thoracoskopic</a></td><td>Laparoskopisk &amp; torakoskopisk</td><td>Laparoskopisk &amp; torakoskopisk</td></tr><tr><td><a href="CodeSystem-IncisionChoice.html#IncisionChoice-laparoscopic_thoracotomy">laparoscopic_thoracotomy</a></td><td>Laparoskopisk &amp; separat torakotomi</td><td>Laparoskopisk &amp; separat torakotomi</td></tr><tr><td><a href="CodeSystem-IncisionChoice.html#IncisionChoice-laparoscopic">laparoscopic</a></td><td>Laparoskopisk</td><td>Laparoskopisk</td></tr><tr><td><a href="CodeSystem-IncisionChoice.html#IncisionChoice-endoscopic">endoscopic</a></td><td>Endoskopisk</td><td>Endoskopisk</td></tr><tr><td><a href="CodeSystem-IncisionChoice.html#IncisionChoice-cervical">cervical</a></td><td>Cervikal adgang (frit tyndtarmstransplantat)</td><td>Cervikal adgang (frit tyndtarmstransplantat)</td></tr></table></li></ul></div></text><url value="https://kip.rkkp.dk/fhir/ValueSet/Incisionsvalg"/><version value="0.1.8"/><name value="Incisionsvalg"/><title value="Incisionsvalg"/><status value="active"/><experimental value="true"/><date value="2022-06-08T00:00:00+02:00"/><publisher value="Sundhedsvæsnets Kvalistetsinstitut with Trifork Digital Health A/S"/><contact><name value="Sundhedsvæsnets Kvalistetsinstitut with Trifork Digital Health A/S"/><telecom><system value="url"/><value value="https://trifork.com"/></telecom><telecom><system value="email"/><value value="rbk@trifork.com"/></telecom></contact><description value="Incisionsvalg for kræft databaser (DEGC)"/><compose><include><system value="https://kip.rkkp.dk/fhir/CodeSystem/IncisionChoice"/><concept><code value="abdomnial"/><display value="Abdominal adgang"/></concept><concept><code value="abdominal_thoracic"/><display value="Separat abdominal og torakal adgang"/></concept><concept><code value="toracoabdominal"/><display value="Torakabdominal adgang med deling af diafragma"/></concept><concept><code value="transhiatal_siewert"/><display value="Transhiatal adgang (a.m. Siewert)"/></concept><concept><code value="transhiatal_neck"/><display value="Transhiatal adgang og anastomose på hals"/></concept><concept><code value="abdominal_thoracoskopic"/><display value="Separat abdominal &amp; torakoskopisk"/></concept><concept><code value="laparoscopic_thoracoskopic"/><display value="Laparoskopisk &amp; torakoskopisk"/></concept><concept><code value="laparoscopic_thoracotomy"/><display value="Laparoskopisk &amp; separat torakotomi"/></concept><concept><code value="laparoscopic"/><display value="Laparoskopisk"/></concept><concept><code value="endoscopic"/><display value="Endoskopisk"/></concept><concept><code value="cervical"/><display value="Cervikal adgang (frit tyndtarmstransplantat)"/></concept></include></compose></ValueSet>