<?xml version="1.0" encoding="UTF-8"?><ValueSet xmlns="http://hl7.org/fhir"><id value="ProcedurerAndreDKRR"/><text><status value="extensions"/><div xmlns="http://www.w3.org/1999/xhtml"><p class="res-header-id"><b>Generated Narrative: ValueSet ProcedurerAndreDKRR</b></p><a name="ProcedurerAndreDKRR"> </a><a name="hcProcedurerAndreDKRR"> </a><a name="ProcedurerAndreDKRR-en-US"> </a><p>This value set includes codes based on the following rules:</p><ul><li>Include these codes as defined in <a href="CodeSystem-ProcedureType.html"><code>https://kip.sundk.dk/fhir/CodeSystem/ProcedureType</code></a><table class="none"><tr><td style="white-space:nowrap"><b>Code</b></td><td><b>Display</b></td><td><b>Definition</b></td></tr><tr><td><a href="CodeSystem-ProcedureType.html#ProcedureType-synovectomy">synovectomy</a></td><td>Synovektomi</td><td>Synovectomy / Synovektomi</td></tr><tr><td><a href="CodeSystem-ProcedureType.html#ProcedureType-implant_removal">implant_removal</a></td><td>Implantatfjernelse</td><td>Implant removal / Implantatfjernelse</td></tr><tr><td><a href="CodeSystem-ProcedureType.html#ProcedureType-osteotomy">osteotomy</a></td><td>Osteotomi</td><td>Osteotomy / Osteotomi</td></tr><tr><td><a href="CodeSystem-ProcedureType.html#ProcedureType-osteosynthesis">osteosynthesis</a></td><td>Osteosyntese</td><td>Osteosynthesis / Osteosyntese</td></tr><tr><td><a href="CodeSystem-ProcedureType.html#ProcedureType-operation_infection">operation_infection</a></td><td>Operation pga. infektion</td><td>Operation because of an infection / Operation pga. infektion</td></tr><tr><td><a href="CodeSystem-ProcedureType.html#ProcedureType-bone_transplantation">bone_transplantation</a></td><td>Knogletransplantation</td><td>Bone transplantation / Knogletransplantation</td></tr><tr><td><a href="CodeSystem-ProcedureType.html#ProcedureType-operational_mobilization">operational_mobilization</a></td><td>Operativ mobilisering</td><td>Operational mobilization / Operativ mobilisering</td></tr><tr><td><a href="CodeSystem-ProcedureType.html#ProcedureType-tenodesis">tenodesis</a></td><td>Tenodesis</td><td>Tenodesis</td></tr></table></li><li>Include these codes as defined in <a href="CodeSystem-GenericValues.html"><code>https://kip.sundk.dk/fhir/CodeSystem/GenericValues</code></a><table class="none"><tr><td style="white-space:nowrap"><b>Code</b></td><td><b>Display</b></td><td><b>Definition</b></td></tr><tr><td><a href="CodeSystem-GenericValues.html#GenericValues-other">other</a></td><td>Andet</td><td>Other - used to choose unspecific value not in a valueset</td></tr></table></li></ul></div></text><url value="https://kip.sundk.dk/fhir/ValueSet/ProcedurerAndreDKRR"/><version value="0.0.9"/><name value="ProcedurerAndreDKRR"/><title value="Procedurer, andre (DKRR)"/><status value="active"/><experimental value="true"/><date value="2022-09-19T00:00:00+02:00"/><publisher value="Sundhedsvæsnets Kvalistetsinstitut with Trifork Public A/S"/><contact><name value="Sundhedsvæsnets Kvalistetsinstitut with Trifork Public A/S"/><telecom><system value="url"/><value value="https://trifork.com"/></telecom><telecom><system value="email"/><value value="rbk@trifork.com"/></telecom></contact><description value="Procedurer, andre (DKRR)"/><compose><include><system value="https://kip.sundk.dk/fhir/CodeSystem/ProcedureType"/><concept><code value="synovectomy"/><display value="Synovektomi"/></concept><concept><code value="implant_removal"/><display value="Implantatfjernelse"/></concept><concept><code value="osteotomy"/><display value="Osteotomi"/></concept><concept><code value="osteosynthesis"/><display value="Osteosyntese"/></concept><concept><code value="operation_infection"/><display value="Operation pga. infektion"/></concept><concept><code value="bone_transplantation"/><display value="Knogletransplantation"/></concept><concept><code value="operational_mobilization"/><display value="Operativ mobilisering"/></concept><concept><code value="tenodesis"/><display value="Tenodesis"/></concept></include><include><system value="https://kip.sundk.dk/fhir/CodeSystem/GenericValues"/><concept><code value="other"/><display value="Andet"/></concept></include></compose></ValueSet>