<?xml version="1.0" encoding="UTF-8"?><ValueSet xmlns="http://hl7.org/fhir"><id value="ManglendeEORTC"/><text><status value="extensions"/><div xmlns="http://www.w3.org/1999/xhtml"><p class="res-header-id"><b>Generated Narrative: ValueSet ManglendeEORTC</b></p><a name="ManglendeEORTC"> </a><a name="hcManglendeEORTC"> </a><a name="ManglendeEORTC-en-US"> </a><p>This value set includes codes based on the following rules:</p><ul><li>Include these codes as defined in <a href="CodeSystem-TreatmentNotGiven.html"><code>https://kip.sundk.dk/fhir/CodeSystem/TreatmentNotGiven</code></a><table class="none"><tr><td style="white-space:nowrap"><b>Code</b></td><td><b>Display</b></td><td><b>Definition</b></td></tr><tr><td><a href="CodeSystem-TreatmentNotGiven.html#TreatmentNotGiven-bad_condition">bad_condition</a></td><td>For dårlig</td><td>Bad condition / For dårlig</td></tr><tr><td><a href="CodeSystem-TreatmentNotGiven.html#TreatmentNotGiven-unwanted">unwanted</a></td><td>Afslog</td><td>Unwanted treatment / Ønskede ikke behandling</td></tr><tr><td><a href="CodeSystem-TreatmentNotGiven.html#TreatmentNotGiven-died">died</a></td><td>Ikke i live</td><td>Died before treatment / Døde før behandling</td></tr></table></li><li>Include these codes as defined in <a href="CodeSystem-GenericValues.html"><code>https://kip.sundk.dk/fhir/CodeSystem/GenericValues</code></a><table class="none"><tr><td style="white-space:nowrap"><b>Code</b></td><td><b>Display</b></td><td><b>Definition</b></td></tr><tr><td><a href="CodeSystem-GenericValues.html#GenericValues-none">none</a></td><td>Ikke begrundet</td><td>None - used to choose none of the available values</td></tr></table></li></ul></div></text><url value="https://kip.sundk.dk/fhir/ValueSet/ManglendeEORTC"/><version value="0.0.9"/><name value="ManglendeEORTC"/><title value="EORTC skema mangler"/><status value="active"/><experimental value="true"/><date value="2022-09-06T00:00:00+02:00"/><publisher value="Sundhedsvæsnets Kvalistetsinstitut with Trifork Public A/S"/><contact><name value="Sundhedsvæsnets Kvalistetsinstitut with Trifork Public A/S"/><telecom><system value="url"/><value value="https://trifork.com"/></telecom><telecom><system value="email"/><value value="rbk@trifork.com"/></telecom></contact><description value="Årsag til manglende EORTC skema"/><compose><include><system value="https://kip.sundk.dk/fhir/CodeSystem/TreatmentNotGiven"/><concept><code value="bad_condition"/><display value="For dårlig"/></concept><concept><code value="unwanted"/><display value="Afslog"/></concept><concept><code value="died"/><display value="Ikke i live"/></concept></include><include><system value="https://kip.sundk.dk/fhir/CodeSystem/GenericValues"/><concept><code value="none"/><display value="Ikke begrundet"/></concept></include></compose></ValueSet>