<?xml version="1.0" encoding="UTF-8"?><ValueSet xmlns="http://hl7.org/fhir"><id value="POPQBpDUGA"/><text><status value="extensions"/><div xmlns="http://www.w3.org/1999/xhtml"><p class="res-header-id"><b>Generated Narrative: ValueSet POPQBpDUGA</b></p><a name="POPQBpDUGA"> </a><a name="hcPOPQBpDUGA"> </a><a name="POPQBpDUGA-en-US"> </a><ul><li>Include these codes as defined in <a href="CodeSystem-IntervalsExact.html"><code>https://kip.rkkp.dk/fhir/CodeSystem/IntervalsExact</code></a><table class="none"><tr><td style="white-space:nowrap"><b>Code</b></td><td><b>Display</b></td><td><b>Definition</b></td></tr><tr><td><a href="CodeSystem-IntervalsExact.html#IntervalsExact-m3">m3</a></td><td>-3</td><td>-3,0</td></tr><tr><td><a href="CodeSystem-IntervalsExact.html#IntervalsExact-m2-5">m2-5</a></td><td>-2,5</td><td>-2,5</td></tr><tr><td><a href="CodeSystem-IntervalsExact.html#IntervalsExact-m2">m2</a></td><td>-2</td><td>-2,0</td></tr><tr><td><a href="CodeSystem-IntervalsExact.html#IntervalsExact-m1-5">m1-5</a></td><td>-1,5</td><td>-1,5</td></tr><tr><td><a href="CodeSystem-IntervalsExact.html#IntervalsExact-m1">m1</a></td><td>-1</td><td>-1,0</td></tr><tr><td><a href="CodeSystem-IntervalsExact.html#IntervalsExact-m0-5">m0-5</a></td><td>-0,5</td><td>-0,5</td></tr><tr><td><a href="CodeSystem-IntervalsExact.html#IntervalsExact-0">0</a></td><td>0</td><td>0,0</td></tr><tr><td><a href="CodeSystem-IntervalsExact.html#IntervalsExact-0-5">0-5</a></td><td>0,5</td><td>0,5</td></tr><tr><td><a href="CodeSystem-IntervalsExact.html#IntervalsExact-1">1</a></td><td>1</td><td>1,0</td></tr><tr><td><a href="CodeSystem-IntervalsExact.html#IntervalsExact-1-5">1-5</a></td><td>1,5</td><td>1,5</td></tr><tr><td><a href="CodeSystem-IntervalsExact.html#IntervalsExact-2">2</a></td><td>2</td><td>2,0</td></tr><tr><td><a href="CodeSystem-IntervalsExact.html#IntervalsExact-2-5">2-5</a></td><td>2,5</td><td>2,5</td></tr><tr><td><a href="CodeSystem-IntervalsExact.html#IntervalsExact-3">3</a></td><td>3</td><td>3,0</td></tr><tr><td><a href="CodeSystem-IntervalsExact.html#IntervalsExact-3-5">3-5</a></td><td>3,5</td><td>3,5</td></tr><tr><td><a href="CodeSystem-IntervalsExact.html#IntervalsExact-4">4</a></td><td>4</td><td>4,0</td></tr><tr><td><a href="CodeSystem-IntervalsExact.html#IntervalsExact-4-5">4-5</a></td><td>4,5</td><td>4,5</td></tr><tr><td><a href="CodeSystem-IntervalsExact.html#IntervalsExact-5">5</a></td><td>5</td><td>5,0</td></tr><tr><td><a href="CodeSystem-IntervalsExact.html#IntervalsExact-5-5">5-5</a></td><td>5,5</td><td>5,5</td></tr><tr><td><a href="CodeSystem-IntervalsExact.html#IntervalsExact-6">6</a></td><td>6</td><td>6,0</td></tr><tr><td><a href="CodeSystem-IntervalsExact.html#IntervalsExact-6-5">6-5</a></td><td>6,5</td><td>6,5</td></tr><tr><td><a href="CodeSystem-IntervalsExact.html#IntervalsExact-7">7</a></td><td>7</td><td>7,0</td></tr></table></li></ul></div></text><url value="https://kip.rkkp.dk/fhir/ValueSet/POPQBpDUGA"/><version value="0.2.1"/><name value="POPQBpDUGA"/><title value="POP-Q undersøgelse Bp (DUGA)"/><status value="active"/><experimental value="true"/><date value="2024-02-13T00:00:00+02:00"/><publisher value="Sundhedsvæsnets Kvalistetsinstitut with Trifork Digital Health A/S"/><contact><name value="Sundhedsvæsnets Kvalistetsinstitut with Trifork Digital Health A/S"/><telecom><system value="url"/><value value="https://trifork.com"/></telecom><telecom><system value="email"/><value value="rbk@trifork.com"/></telecom></contact><description value="Nedsynkning - POP-Q undersøgelse Bp (DUGA)"/><compose><include><system value="https://kip.rkkp.dk/fhir/CodeSystem/IntervalsExact"/><concept><code value="m3"/><display value="-3"/></concept><concept><code value="m2-5"/><display value="-2,5"/></concept><concept><code value="m2"/><display value="-2"/></concept><concept><code value="m1-5"/><display value="-1,5"/></concept><concept><code value="m1"/><display value="-1"/></concept><concept><code value="m0-5"/><display value="-0,5"/></concept><concept><code value="0"/><display value="0"/></concept><concept><code value="0-5"/><display value="0,5"/></concept><concept><code value="1"/><display value="1"/></concept><concept><code value="1-5"/><display value="1,5"/></concept><concept><code value="2"/><display value="2"/></concept><concept><code value="2-5"/><display value="2,5"/></concept><concept><code value="3"/><display value="3"/></concept><concept><code value="3-5"/><display value="3,5"/></concept><concept><code value="4"/><display value="4"/></concept><concept><code value="4-5"/><display value="4,5"/></concept><concept><code value="5"/><display value="5"/></concept><concept><code value="5-5"/><display value="5,5"/></concept><concept><code value="6"/><display value="6"/></concept><concept><code value="6-5"/><display value="6,5"/></concept><concept><code value="7"/><display value="7"/></concept></include></compose></ValueSet>