<?xml version="1.0" encoding="UTF-8"?><ValueSet xmlns="http://hl7.org/fhir"><id value="IndsatIkkeIndsat"/><text><status value="extensions"/><div xmlns="http://www.w3.org/1999/xhtml"><p class="res-header-id"><b>Generated Narrative: ValueSet IndsatIkkeIndsat</b></p><a name="IndsatIkkeIndsat"> </a><a name="hcIndsatIkkeIndsat"> </a><a name="IndsatIkkeIndsat-en-US"> </a><ul><li>Include these codes as defined in <a href="CodeSystem-GenericValues.html"><code>https://kip.rkkp.dk/fhir/CodeSystem/GenericValues</code></a><table class="none"><tr><td style="white-space:nowrap"><b>Code</b></td><td><b>Display</b></td><td><b>Definition</b></td></tr><tr><td><a href="CodeSystem-GenericValues.html#GenericValues-inserted">inserted</a></td><td>Indsat</td><td>Inserted / Indsat</td></tr><tr><td><a href="CodeSystem-GenericValues.html#GenericValues-not_inserted">not_inserted</a></td><td>Ikke indsat</td><td>Not inserted / Ikke indsat</td></tr></table></li></ul></div></text><url value="https://kip.rkkp.dk/fhir/ValueSet/IndsatIkkeIndsat"/><version value="2.9.3"/><name value="IndsatIkkeIndsat"/><title value="Indsat / ikke indsat"/><status value="active"/><experimental value="true"/><date value="2022-10-06T00:00:00+02:00"/><publisher value="Sundhedsvæsenets Kvalitetsinstitut with Trifork Digital Health A/S"/><contact><name value="Sundhedsvæsenets Kvalitetsinstitut with Trifork Digital Health A/S"/><telecom><system value="url"/><value value="https://trifork.com"/></telecom><telecom><system value="email"/><value value="rbk@trifork.com"/></telecom></contact><description value="Indsat / ikke indsat"/><compose><include><system value="https://kip.rkkp.dk/fhir/CodeSystem/GenericValues"/><concept><code value="inserted"/><display value="Indsat"/></concept><concept><code value="not_inserted"/><display value="Ikke indsat"/></concept></include></compose></ValueSet>