<?xml version="1.0" encoding="UTF-8"?><ValueSet xmlns="http://hl7.org/fhir"><id value="AnasthesiaTypeGen"/><text><status value="extensions"/><div xmlns="http://www.w3.org/1999/xhtml"><p class="res-header-id"><b>Generated Narrative: ValueSet AnasthesiaTypeGen</b></p><a name="AnasthesiaTypeGen"> </a><a name="hcAnasthesiaTypeGen"> </a><a name="AnasthesiaTypeGen-en-US"> </a><ul><li>Include these codes as defined in <a href="CodeSystem-AnasthesiaTypeGen.html"><code>https://kip.rkkp.dk/fhir/CodeSystem/AnasthesiaTypeGen</code></a><table class="none"><tr><td style="white-space:nowrap"><b>Code</b></td><td><b>Display</b></td><td><b>Definition</b></td></tr><tr><td><a href="CodeSystem-AnasthesiaTypeGen.html#AnasthesiaTypeGen-inhalation">inhalation</a></td><td>Inhalation</td><td>Inhalation</td></tr><tr><td><a href="CodeSystem-AnasthesiaTypeGen.html#AnasthesiaTypeGen-IV_inhalation">IV_inhalation</a></td><td>IV og inhalation</td><td>IV og inhalation</td></tr><tr><td><a href="CodeSystem-AnasthesiaTypeGen.html#AnasthesiaTypeGen-TIVA">TIVA</a></td><td>TIVA</td><td>TIVA</td></tr></table></li></ul></div></text><url value="https://kip.rkkp.dk/fhir/ValueSet/AnasthesiaTypeGen"/><version value="0.2.1"/><name value="AnasthesiaTypeGen"/><title value="Anæstesi Type Generel"/><status value="active"/><experimental value="true"/><date value="2022-06-09T00:00:00+02:00"/><publisher value="Sundhedsvæsnets Kvalistetsinstitut with Trifork Digital Health A/S"/><contact><name value="Sundhedsvæsnets Kvalistetsinstitut with Trifork Digital Health A/S"/><telecom><system value="url"/><value value="https://trifork.com"/></telecom><telecom><system value="email"/><value value="rbk@trifork.com"/></telecom></contact><description value="Generel Anæstesiydelse - Tillæg"/><compose><include><system value="https://kip.rkkp.dk/fhir/CodeSystem/AnasthesiaTypeGen"/><concept><code value="inhalation"/><display value="Inhalation"/></concept><concept><code value="IV_inhalation"/><display value="IV og inhalation"/></concept><concept><code value="TIVA"/><display value="TIVA"/></concept></include></compose></ValueSet>