<?xml version="1.0" encoding="UTF-8"?><ValueSet xmlns="http://hl7.org/fhir"><id value="AsaIV"/><text><status value="extensions"/><div xmlns="http://www.w3.org/1999/xhtml"><p class="res-header-id"><b>Generated Narrative: ValueSet AsaIV</b></p><a name="AsaIV"> </a><a name="hcAsaIV"> </a><a name="AsaIV-en-US"> </a><ul><li>Include these codes as defined in <a href="CodeSystem-ASAClassification.html"><code>https://kip.rkkp.dk/fhir/CodeSystem/ASAClassification</code></a><table class="none"><tr><td style="white-space:nowrap"><b>Code</b></td><td><b>Display</b></td><td><b>Definition</b></td></tr><tr><td><a href="CodeSystem-ASAClassification.html#ASAClassification-asai">asai</a></td><td>ASA I - Rask patient</td><td>A normal healthy patient</td></tr><tr><td><a href="CodeSystem-ASAClassification.html#ASAClassification-asaii">asaii</a></td><td>ASA II - Mild systemisk sygdom</td><td>A patient with mild systemic disease</td></tr><tr><td><a href="CodeSystem-ASAClassification.html#ASAClassification-asaiii">asaiii</a></td><td>ASA III - Alvorlig systemisk sygdom</td><td>A patient with severe systemic disease</td></tr><tr><td><a href="CodeSystem-ASAClassification.html#ASAClassification-asaiv">asaiv</a></td><td>ASA IV - Alvorlig systemisk sygdom, som er konstant livstruende</td><td>A patient with severe systemic disease that is a constant threat to life</td></tr><tr><td><a href="CodeSystem-ASAClassification.html#ASAClassification-asav">asav</a></td><td>ASA V - Moribund patient, som ikke forventes at overleve uden operation</td><td>A moribund patient who is not expected to survive without the operation</td></tr></table></li></ul></div></text><url value="https://kip.rkkp.dk/fhir/ValueSet/AsaIV"/><version value="0.1.6"/><name value="AsaIV"/><title value="ASA klassifikation I-V"/><status value="active"/><experimental value="true"/><date value="2022-06-08T00:00:00+02:00"/><publisher value="Sundhedsvæsnets Kvalistetsinstitut with Trifork Digital Health A/S"/><contact><name value="Sundhedsvæsnets Kvalistetsinstitut with Trifork Digital Health A/S"/><telecom><system value="url"/><value value="https://trifork.com"/></telecom><telecom><system value="email"/><value value="rbk@trifork.com"/></telecom></contact><description value="ASA klassifikation: De udvalgte koder for ASA fra I-V"/><compose><include><system value="https://kip.rkkp.dk/fhir/CodeSystem/ASAClassification"/><concept><code value="asai"/><display value="ASA I - Rask patient"/></concept><concept><code value="asaii"/><display value="ASA II - Mild systemisk sygdom"/></concept><concept><code value="asaiii"/><display value="ASA III - Alvorlig systemisk sygdom"/></concept><concept><code value="asaiv"/><display value="ASA IV - Alvorlig systemisk sygdom, som er konstant livstruende"/></concept><concept><code value="asav"/><display value="ASA V - Moribund patient, som ikke forventes at overleve uden operation"/></concept></include></compose></ValueSet>