<?xml version="1.0" encoding="UTF-8"?><ValueSet xmlns="http://hl7.org/fhir"><id value="ParagrafferRETSPSYK"/><text><status value="extensions"/><div xmlns="http://www.w3.org/1999/xhtml"><p class="res-header-id"><b>Generated Narrative: ValueSet ParagrafferRETSPSYK</b></p><a name="ParagrafferRETSPSYK"> </a><a name="hcParagrafferRETSPSYK"> </a><a name="ParagrafferRETSPSYK-en-US"> </a><p>This value set includes codes based on the following rules:</p><ul><li>Include these codes as defined in <a href="CodeSystem-Paragraph.html"><code>https://kip.rkkp.dk/fhir/CodeSystem/Paragraph</code></a><table class="none"><tr><td style="white-space:nowrap"><b>Code</b></td><td><b>Display</b></td><td><b>Definition</b></td></tr><tr><td><a href="CodeSystem-Paragraph.html#Paragraph-.167.167237-241">§§237-241</a></td><td>Manddrab §§ 237-241</td><td>Manddrab §§ 237-241</td></tr><tr><td><a href="CodeSystem-Paragraph.html#Paragraph-.167.167237-241_.16721">§§237-241_§21</a></td><td>Manddrab, forsøg §§ 237-241, jf. § 21</td><td>Manddrab, forsøg §§ 237-241, jf. § 21</td></tr><tr><td><a href="CodeSystem-Paragraph.html#Paragraph-.167244">§244</a></td><td>Vold § 244</td><td>Vold § 244</td></tr><tr><td><a href="CodeSystem-Paragraph.html#Paragraph-.167244_.16721">§244_§21</a></td><td>Vold, forsøg § 244, jf. § 21</td><td>Vold, forsøg § 244, jf. § 21</td></tr><tr><td><a href="CodeSystem-Paragraph.html#Paragraph-.167245">§245</a></td><td>Kvalificeret vold m/skade på legeme eller helbred § 245</td><td>Kvalificeret vold m/skade på legeme eller helbred § 245</td></tr><tr><td><a href="CodeSystem-Paragraph.html#Paragraph-.167245_.16721">§245_§21</a></td><td>Kvalificeret vold m/skade på legeme eller helbred, forsøg § 245, jf. § 21</td><td>Kvalificeret vold m/skade på legeme eller helbred, forsøg § 245, jf. § 21</td></tr><tr><td><a href="CodeSystem-Paragraph.html#Paragraph-.167246">§246</a></td><td>Kvalificeret vold m/grov skade § 246</td><td>Kvalificeret vold m/grov skade § 246</td></tr><tr><td><a href="CodeSystem-Paragraph.html#Paragraph-.167246_.16721">§246_§21</a></td><td>Kvalificeret vold m/grov skade, forsøg § 246, jf. § 21</td><td>Kvalificeret vold m/grov skade, forsøg § 246, jf. § 21</td></tr><tr><td><a href="CodeSystem-Paragraph.html#Paragraph-.167119">§119</a></td><td>Vold og lign. mod nogen i offentlig tjeneste § 119</td><td>Vold og lign. mod nogen i offentlig tjeneste § 119</td></tr><tr><td><a href="CodeSystem-Paragraph.html#Paragraph-.167119_.16721">§119_§21</a></td><td>Vold og lign. mod nogen i offentlig tjeneste, forsøg § 119, jf. § 21</td><td>Vold og lign. mod nogen i offentlig tjeneste, forsøg § 119, jf. § 21</td></tr><tr><td><a href="CodeSystem-Paragraph.html#Paragraph-.167.167249-255">§§249-255</a></td><td>Anden personfarlig kriminalitet § 249-255</td><td>Anden personfarlig kriminalitet § 249-255</td></tr><tr><td><a href="CodeSystem-Paragraph.html#Paragraph-.167.167249-255_.16721">§§249-255_§21</a></td><td>Anden personfarlig kriminalitet, forsøg § 249-255, jf. § 21</td><td>Anden personfarlig kriminalitet, forsøg § 249-255, jf. § 21</td></tr><tr><td><a href="CodeSystem-Paragraph.html#Paragraph-.167.167265-266">§§265-266</a></td><td>Trusler § 265-266</td><td>Trusler § 265-266</td></tr><tr><td><a href="CodeSystem-Paragraph.html#Paragraph-.167.167265-266_attempt">§§265-266_attempt</a></td><td>Trusler, forsøg § 265-266</td><td>Trusler, forsøg § 265-266</td></tr><tr><td><a href="CodeSystem-Paragraph.html#Paragraph-.167123">§123</a></td><td>Trusler, vidnetrusler §123</td><td>Trusler, vidnetrusler §123</td></tr><tr><td><a href="CodeSystem-Paragraph.html#Paragraph-.167.167260-262">§§260-262</a></td><td>Ulovlig tvang §§ 260-262</td><td>Ulovlig tvang §§ 260-262</td></tr><tr><td><a href="CodeSystem-Paragraph.html#Paragraph-.167.167260-262_attempt">§§260-262_attempt</a></td><td>Ulovlig tvang, forsøg §§ 260-262</td><td>Ulovlig tvang, forsøg §§ 260-262</td></tr><tr><td><a href="CodeSystem-Paragraph.html#Paragraph-.167180">§180</a></td><td>Brandstiftelse, kvalificeret § 180</td><td>Brandstiftelse, kvalificeret § 180</td></tr><tr><td><a href="CodeSystem-Paragraph.html#Paragraph-.167180_.16721">§180_§21</a></td><td>Brandstiftelse, kvalificeret, forsøg § 180, jf. § 21</td><td>Brandstiftelse, kvalificeret, forsøg § 180, jf. § 21</td></tr><tr><td><a href="CodeSystem-Paragraph.html#Paragraph-.167181">§181</a></td><td>Brandstiftelse, forsætlig § 181</td><td>Brandstiftelse, forsætlig § 181</td></tr><tr><td><a href="CodeSystem-Paragraph.html#Paragraph-.167181_.16721">§181_§21</a></td><td>Brandstiftelse, forsætlig, forsøg § 181, jf. § 21</td><td>Brandstiftelse, forsætlig, forsøg § 181, jf. § 21</td></tr><tr><td><a href="CodeSystem-Paragraph.html#Paragraph-.167216">§216</a></td><td>Voldtægt § 216</td><td>Voldtægt § 216</td></tr><tr><td><a href="CodeSystem-Paragraph.html#Paragraph-.167216_.16721">§216_§21</a></td><td>Voldtægt, forsøg § 216, jf. § 21</td><td>Voldtægt, forsøg § 216, jf. § 21</td></tr><tr><td><a href="CodeSystem-Paragraph.html#Paragraph-.167.167210-236">§§210-236</a></td><td>Anden sædelighed §§ 210-236 (- § 216)</td><td>Anden sædelighed §§ 210-236 (- § 216)</td></tr><tr><td><a href="CodeSystem-Paragraph.html#Paragraph-.167.167210-236_.16721">§§210-236_§21</a></td><td>Anden sædelighed, forsøg §§ 210-236 (- § 216), jf. § 21</td><td>Anden sædelighed, forsøg §§ 210-236 (- § 216), jf. § 21</td></tr><tr><td><a href="CodeSystem-Paragraph.html#Paragraph-.167191">§191</a></td><td>Narkotikakriminalitet § 191</td><td>Narkotikakriminalitet § 191</td></tr><tr><td><a href="CodeSystem-Paragraph.html#Paragraph-.167191_.16721">§191_§21</a></td><td>Narkotikakriminalitet, forsøg § 191, jf. § 21</td><td>Narkotikakriminalitet, forsøg § 191, jf. § 21</td></tr><tr><td><a href="CodeSystem-Paragraph.html#Paragraph-narcotics">narcotics</a></td><td>Lov om euforiserende stoffer</td><td>Lov om euforiserende stoffer</td></tr><tr><td><a href="CodeSystem-Paragraph.html#Paragraph-narcotics_attempt">narcotics_attempt</a></td><td>Lov om euforiserende stoffer, forsøg</td><td>Lov om euforiserende stoffer, forsøg</td></tr><tr><td><a href="CodeSystem-Paragraph.html#Paragraph-.167288">§288</a></td><td>Røveri §288</td><td>Røveri §288</td></tr><tr><td><a href="CodeSystem-Paragraph.html#Paragraph-.167288_1">§288_1</a></td><td>Røveri § 288, stk. 1</td><td>Røveri § 288, stk. 1</td></tr><tr><td><a href="CodeSystem-Paragraph.html#Paragraph-.167288_1_.16721">§288_1_§21</a></td><td>Røveri, forsøg § 288, stk. 1, jf. § 21</td><td>Røveri, forsøg § 288, stk. 1, jf. § 21</td></tr><tr><td><a href="CodeSystem-Paragraph.html#Paragraph-.167288_2">§288_2</a></td><td>Røveri, særligt farligt, § 288, stk. 2</td><td>Røveri, særligt farligt, § 288, stk. 2</td></tr><tr><td><a href="CodeSystem-Paragraph.html#Paragraph-.167288_2_.16721">§288_2_§21</a></td><td>Røveri, særligt farligt, forsøg § 288, stk. 2, jf. § 21</td><td>Røveri, særligt farligt, forsøg § 288, stk. 2, jf. § 21</td></tr><tr><td><a href="CodeSystem-Paragraph.html#Paragraph-.167276">§276</a></td><td>Tyveri § 276</td><td>Tyveri § 276</td></tr><tr><td><a href="CodeSystem-Paragraph.html#Paragraph-.167276_.16721">§276_§21</a></td><td>Tyveri, forsøg § 276, jf. § 21</td><td>Tyveri, forsøg § 276, jf. § 21</td></tr><tr><td><a href="CodeSystem-Paragraph.html#Paragraph-.167.167278-280">§§278-280</a></td><td>Bedrageri mv. §§ 278-280</td><td>Bedrageri mv. §§ 278-280</td></tr><tr><td><a href="CodeSystem-Paragraph.html#Paragraph-.167.167278-280_.16721">§§278-280_§21</a></td><td>Bedrageri mv., forsøg §§ 278-280, jf. § 21</td><td>Bedrageri mv., forsøg §§ 278-280, jf. § 21</td></tr><tr><td><a href="CodeSystem-Paragraph.html#Paragraph-.167291">§291</a></td><td>Hærværk § 291</td><td>Hærværk § 291</td></tr><tr><td><a href="CodeSystem-Paragraph.html#Paragraph-.167291_.16721">§291_§21</a></td><td>Hærværk, forsøg § 291, jf. § 21</td><td>Hærværk, forsøg § 291, jf. § 21</td></tr><tr><td><a href="CodeSystem-Paragraph.html#Paragraph-criminal_law_other">criminal_law_other</a></td><td>Straffeloven, øvrige</td><td>Straffeloven, øvrige</td></tr><tr><td><a href="CodeSystem-Paragraph.html#Paragraph-criminal_law_other_attempt">criminal_law_other_attempt</a></td><td>Straffeloven, øvrige, forsøg</td><td>Straffeloven, øvrige, forsøg</td></tr><tr><td><a href="CodeSystem-Paragraph.html#Paragraph-weapons_decree">weapons_decree</a></td><td>Våbenbekendtgørelsen</td><td>Våbenbekendtgørelsen</td></tr><tr><td><a href="CodeSystem-Paragraph.html#Paragraph-weapons_decree_attempt">weapons_decree_attempt</a></td><td>Våbenbekendtgørelsen, forsøg</td><td>Våbenbekendtgørelsen, forsøg</td></tr><tr><td><a href="CodeSystem-Paragraph.html#Paragraph-traffic_law">traffic_law</a></td><td>Færdselsloven</td><td>Færdselsloven</td></tr><tr><td><a href="CodeSystem-Paragraph.html#Paragraph-traffic_law_attempt">traffic_law_attempt</a></td><td>Færdselsloven, forsøg</td><td>Færdselsloven, forsøg</td></tr><tr><td><a href="CodeSystem-Paragraph.html#Paragraph-special_law">special_law</a></td><td>Særloven, øvrige</td><td>Særloven, øvrige</td></tr><tr><td><a href="CodeSystem-Paragraph.html#Paragraph-special_law_attempt">special_law_attempt</a></td><td>Særloven, øvrige, forsøg</td><td>Særloven, øvrige, forsøg</td></tr><tr><td><a href="CodeSystem-Paragraph.html#Paragraph-pardon_petition">pardon_petition</a></td><td>Benådningsandragende</td><td>Benådningsandragende</td></tr><tr><td><a href="CodeSystem-Paragraph.html#Paragraph-asylum_seeker">asylum_seeker</a></td><td>Asylansøger</td><td>Asylansøger</td></tr></table></li><li>Include these codes as defined in <a href="CodeSystem-GenericValues.html"><code>https://kip.rkkp.dk/fhir/CodeSystem/GenericValues</code></a><table class="none"><tr><td style="white-space:nowrap"><b>Code</b></td><td><b>Display</b></td><td><b>Definition</b></td></tr><tr><td><a href="CodeSystem-GenericValues.html#GenericValues-other">other</a></td><td>Andet</td><td>Other - used to choose unspecific value not in a valueset</td></tr></table></li></ul></div></text><url value="https://kip.rkkp.dk/fhir/ValueSet/ParagrafferRETSPSYK"/><version value="2.9.0"/><name value="ParagrafferRETSPSYK"/><title value="Paragraffer (RETSPSYK)"/><status value="active"/><experimental value="true"/><date value="2022-09-28T00:00:00+02:00"/><publisher value="Sundhedsvæsnets Kvalistetsinstitut with Trifork Digital Health A/S"/><contact><name value="Sundhedsvæsnets Kvalistetsinstitut with Trifork Digital Health A/S"/><telecom><system value="url"/><value value="https://trifork.com"/></telecom><telecom><system value="email"/><value value="rbk@trifork.com"/></telecom></contact><description value="Paragraffer (RETSPSYK)"/><compose><include><system value="https://kip.rkkp.dk/fhir/CodeSystem/Paragraph"/><concept><code value="§§237-241"/><display value="Manddrab §§ 237-241"/></concept><concept><code value="§§237-241_§21"/><display value="Manddrab, forsøg §§ 237-241, jf. § 21"/></concept><concept><code value="§244"/><display value="Vold § 244"/></concept><concept><code value="§244_§21"/><display value="Vold, forsøg § 244, jf. § 21"/></concept><concept><code value="§245"/><display value="Kvalificeret vold m/skade på legeme eller helbred § 245"/></concept><concept><code value="§245_§21"/><display value="Kvalificeret vold m/skade på legeme eller helbred, forsøg § 245, jf. § 21"/></concept><concept><code value="§246"/><display value="Kvalificeret vold m/grov skade § 246"/></concept><concept><code value="§246_§21"/><display value="Kvalificeret vold m/grov skade, forsøg § 246, jf. § 21"/></concept><concept><code value="§119"/><display value="Vold og lign. mod nogen i offentlig tjeneste § 119"/></concept><concept><code value="§119_§21"/><display value="Vold og lign. mod nogen i offentlig tjeneste, forsøg § 119, jf. § 21"/></concept><concept><code value="§§249-255"/><display value="Anden personfarlig kriminalitet § 249-255"/></concept><concept><code value="§§249-255_§21"/><display value="Anden personfarlig kriminalitet, forsøg § 249-255, jf. § 21"/></concept><concept><code value="§§265-266"/><display value="Trusler § 265-266"/></concept><concept><code value="§§265-266_attempt"/><display value="Trusler, forsøg § 265-266"/></concept><concept><code value="§123"/><display value="Trusler, vidnetrusler §123"/></concept><concept><code value="§§260-262"/><display value="Ulovlig tvang §§ 260-262"/></concept><concept><code value="§§260-262_attempt"/><display value="Ulovlig tvang, forsøg §§ 260-262"/></concept><concept><code value="§180"/><display value="Brandstiftelse, kvalificeret § 180"/></concept><concept><code value="§180_§21"/><display value="Brandstiftelse, kvalificeret, forsøg § 180, jf. § 21"/></concept><concept><code value="§181"/><display value="Brandstiftelse, forsætlig § 181"/></concept><concept><code value="§181_§21"/><display value="Brandstiftelse, forsætlig, forsøg § 181, jf. § 21"/></concept><concept><code value="§216"/><display value="Voldtægt § 216"/></concept><concept><code value="§216_§21"/><display value="Voldtægt, forsøg § 216, jf. § 21"/></concept><concept><code value="§§210-236"/><display value="Anden sædelighed §§ 210-236 (- § 216)"/></concept><concept><code value="§§210-236_§21"/><display value="Anden sædelighed, forsøg §§ 210-236 (- § 216), jf. § 21"/></concept><concept><code value="§191"/><display value="Narkotikakriminalitet § 191"/></concept><concept><code value="§191_§21"/><display value="Narkotikakriminalitet, forsøg § 191, jf. § 21"/></concept><concept><code value="narcotics"/><display value="Lov om euforiserende stoffer"/></concept><concept><code value="narcotics_attempt"/><display value="Lov om euforiserende stoffer, forsøg"/></concept><concept><code value="§288"/><display value="Røveri §288"/></concept><concept><code value="§288_1"/><display value="Røveri § 288, stk. 1"/></concept><concept><code value="§288_1_§21"/><display value="Røveri, forsøg § 288, stk. 1, jf. § 21"/></concept><concept><code value="§288_2"/><display value="Røveri, særligt farligt, § 288, stk. 2"/></concept><concept><code value="§288_2_§21"/><display value="Røveri, særligt farligt, forsøg § 288, stk. 2, jf. § 21"/></concept><concept><code value="§276"/><display value="Tyveri § 276"/></concept><concept><code value="§276_§21"/><display value="Tyveri, forsøg § 276, jf. § 21"/></concept><concept><code value="§§278-280"/><display value="Bedrageri mv. §§ 278-280"/></concept><concept><code value="§§278-280_§21"/><display value="Bedrageri mv., forsøg §§ 278-280, jf. § 21"/></concept><concept><code value="§291"/><display value="Hærværk § 291"/></concept><concept><code value="§291_§21"/><display value="Hærværk, forsøg § 291, jf. § 21"/></concept><concept><code value="criminal_law_other"/><display value="Straffeloven, øvrige"/></concept><concept><code value="criminal_law_other_attempt"/><display value="Straffeloven, øvrige, forsøg"/></concept><concept><code value="weapons_decree"/><display value="Våbenbekendtgørelsen"/></concept><concept><code value="weapons_decree_attempt"/><display value="Våbenbekendtgørelsen, forsøg"/></concept><concept><code value="traffic_law"/><display value="Færdselsloven"/></concept><concept><code value="traffic_law_attempt"/><display value="Færdselsloven, forsøg"/></concept><concept><code value="special_law"/><display value="Særloven, øvrige"/></concept><concept><code value="special_law_attempt"/><display value="Særloven, øvrige, forsøg"/></concept><concept><code value="pardon_petition"/><display value="Benådningsandragende"/></concept><concept><code value="asylum_seeker"/><display value="Asylansøger"/></concept></include><include><system value="https://kip.rkkp.dk/fhir/CodeSystem/GenericValues"/><concept><code value="other"/><display value="Andet"/></concept></include></compose></ValueSet>