<?xml version="1.0" encoding="UTF-8"?><ValueSet xmlns="http://hl7.org/fhir"><id value="KomplBlaereDiagDUGA"/><text><status value="extensions"/><div xmlns="http://www.w3.org/1999/xhtml"><p class="res-header-id"><b>Generated Narrative: ValueSet KomplBlaereDiagDUGA</b></p><a name="KomplBlaereDiagDUGA"> </a><a name="hcKomplBlaereDiagDUGA"> </a><a name="KomplBlaereDiagDUGA-en-US"> </a><ul><li>Include these codes as defined in <a href="CodeSystem-ProcedureUrogyn.html"><code>https://kip.sundk.dk/fhir/CodeSystem/ProcedureUrogyn</code></a><table class="none"><tr><td style="white-space:nowrap"><b>Code</b></td><td><b>Display</b></td><td><b>Definition</b></td></tr><tr><td><a href="CodeSystem-ProcedureUrogyn.html#ProcedureUrogyn-DR339D">DR339D</a></td><td>DR339D: Residualurin</td><td>Residualurin</td></tr><tr><td><a href="CodeSystem-ProcedureUrogyn.html#ProcedureUrogyn-DR391">DR391</a></td><td>DR391: Vandladningsbesvær UNS</td><td>Vandladningsbesvær UNS</td></tr></table></li></ul></div></text><url value="https://kip.sundk.dk/fhir/ValueSet/KomplBlaereDiagDUGA"/><version value="0.0.9"/><name value="KomplBlaereDiagDUGA"/><title value="Komplikationer pga. blæretømningsbesvær - Diagnosekoder (DUGA)"/><status value="active"/><experimental value="true"/><date value="2024-02-21T00:00:00+02:00"/><publisher value="Sundhedsvæsnets Kvalistetsinstitut with Trifork Public A/S"/><contact><name value="Sundhedsvæsnets Kvalistetsinstitut with Trifork Public A/S"/><telecom><system value="url"/><value value="https://trifork.com"/></telecom><telecom><system value="email"/><value value="rbk@trifork.com"/></telecom></contact><description value="Komplikationer pga. blæretømningsbesvær - Diagnosekoder (DUGA)"/><compose><include><system value="https://kip.sundk.dk/fhir/CodeSystem/ProcedureUrogyn"/><concept><code value="DR339D"/><display value="DR339D: Residualurin"/></concept><concept><code value="DR391"/><display value="DR391: Vandladningsbesvær UNS"/></concept></include></compose></ValueSet>