<?xml version="1.0" encoding="UTF-8"?><ValueSet xmlns="http://hl7.org/fhir"><id value="TreatmentResponseEvaluationLYFO"/><text><status value="extensions"/><div xmlns="http://www.w3.org/1999/xhtml"><p class="res-header-id"><b>Generated Narrative: ValueSet TreatmentResponseEvaluationLYFO</b></p><a name="TreatmentResponseEvaluationLYFO"> </a><a name="hcTreatmentResponseEvaluationLYFO"> </a><a name="TreatmentResponseEvaluationLYFO-en-US"> </a><ul><li>Include these codes as defined in <a href="CodeSystem-TreatmentResponseEvaluation.html"><code>https://kip.rkkp.dk/fhir/CodeSystem/TreatmentResponseEvaluation</code></a><table class="none"><tr><td style="white-space:nowrap"><b>Code</b></td><td><b>Display</b></td><td><b>Definition</b></td></tr><tr><td><a href="CodeSystem-TreatmentResponseEvaluation.html#TreatmentResponseEvaluation-complete_remission">complete_remission</a></td><td>Komplet remission (CR)</td><td>Complete remission (CR)</td></tr><tr><td><a href="CodeSystem-TreatmentResponseEvaluation.html#TreatmentResponseEvaluation-uncertain_complete_remission">uncertain_complete_remission</a></td><td>Usikker komplet remission (CRu)</td><td>Uncertain complete remission (CRu)</td></tr><tr><td><a href="CodeSystem-TreatmentResponseEvaluation.html#TreatmentResponseEvaluation-partial_remission">partial_remission</a></td><td>Partiel remission (PR)</td><td>Partial remission (PR)</td></tr><tr><td><a href="CodeSystem-TreatmentResponseEvaluation.html#TreatmentResponseEvaluation-stable_disease">stable_disease</a></td><td>Stabil sygdom (SD/NC)</td><td>Stable disease (SD/NC)</td></tr><tr><td><a href="CodeSystem-TreatmentResponseEvaluation.html#TreatmentResponseEvaluation-progressive_disease">progressive_disease</a></td><td>Progressiv sygdom (PD)</td><td>Progressive disease (PD)</td></tr></table></li></ul></div></text><url value="https://kip.rkkp.dk/fhir/ValueSet/TreatmentResponseEvaluationLYFO"/><version value="0.1.6"/><name value="TreatmentResponseEvaluationLYFO"/><title value="Treatment_Response_Evaluation_LYFO"/><status value="active"/><experimental value="true"/><date value="2022-07-27T00:00:00+02:00"/><publisher value="Sundhedsvæsnets Kvalistetsinstitut with Trifork Digital Health A/S"/><contact><name value="Sundhedsvæsnets Kvalistetsinstitut with Trifork Digital Health A/S"/><telecom><system value="url"/><value value="https://trifork.com"/></telecom><telecom><system value="email"/><value value="rbk@trifork.com"/></telecom></contact><description value="Indikation for kemoterapi/behandling - LYFO"/><compose><include><system value="https://kip.rkkp.dk/fhir/CodeSystem/TreatmentResponseEvaluation"/><concept><code value="complete_remission"/><display value="Komplet remission (CR)"/></concept><concept><code value="uncertain_complete_remission"/><display value="Usikker komplet remission (CRu)"/></concept><concept><code value="partial_remission"/><display value="Partiel remission (PR)"/></concept><concept><code value="stable_disease"/><display value="Stabil sygdom (SD/NC)"/></concept><concept><code value="progressive_disease"/><display value="Progressiv sygdom (PD)"/></concept></include></compose></ValueSet>