<?xml version="1.0" encoding="UTF-8"?><ValueSet xmlns="http://hl7.org/fhir"><id value="MeshTypeVentralhernieDHDB"/><text><status value="extensions"/><div xmlns="http://www.w3.org/1999/xhtml"><p class="res-header-id"><b>Generated Narrative: ValueSet MeshTypeVentralhernieDHDB</b></p><a name="MeshTypeVentralhernieDHDB"> </a><a name="hcMeshTypeVentralhernieDHDB"> </a><a name="MeshTypeVentralhernieDHDB-en-US"> </a><p>This value set includes codes based on the following rules:</p><ul><li>Include these codes as defined in <a href="CodeSystem-MeshType.html"><code>https://kip.sundk.dk/fhir/CodeSystem/MeshType</code></a><table class="none"><tr><td style="white-space:nowrap"><b>Code</b></td><td><b>Display</b></td><td><b>Definition</b></td></tr><tr><td><a href="CodeSystem-MeshType.html#MeshType-adhesix_bard">adhesix_bard</a></td><td>Adhesix, BARD</td><td>Adhesix, BARD</td></tr><tr><td><a href="CodeSystem-MeshType.html#MeshType-bard_flatmesh">bard_flatmesh</a></td><td>BARD Flatmesh</td><td>BARD Flatmesh</td></tr><tr><td><a href="CodeSystem-MeshType.html#MeshType-bio_a">bio_a</a></td><td>BIO-A</td><td>BIO-A</td></tr><tr><td><a href="CodeSystem-MeshType.html#MeshType-cabs_air">cabs_air</a></td><td>CABS AIR Composite, Cousin Biotech</td><td>CABS AIR Composite, Cousin Biotech</td></tr><tr><td><a href="CodeSystem-MeshType.html#MeshType-dynamesh_kebomed">dynamesh_kebomed</a></td><td>Dynamesh, Kebomed</td><td>Dynamesh, Kebomed</td></tr><tr><td><a href="CodeSystem-MeshType.html#MeshType-dynamesh_ipom">dynamesh_ipom</a></td><td>Dynamesh IPOM, Kebomed</td><td>Dynamesh IPOM, Kebomed</td></tr><tr><td><a href="CodeSystem-MeshType.html#MeshType-galmesh_light">galmesh_light</a></td><td>Galmesh Light</td><td>Galmesh Light</td></tr><tr><td><a href="CodeSystem-MeshType.html#MeshType-galmesh_umbilical">galmesh_umbilical</a></td><td>Galmesh Umbilical</td><td>Galmesh Umbilical</td></tr><tr><td><a href="CodeSystem-MeshType.html#MeshType-gore_dualmesh">gore_dualmesh</a></td><td>Gore Dualmesh, ViCare Medical</td><td>Gore Dualmesh, ViCare Medical</td></tr><tr><td><a href="CodeSystem-MeshType.html#MeshType-intramesh">intramesh</a></td><td>Intramesh (T1/P8/W3), Cousin Biotech</td><td>Intramesh (T1/P8/W3), Cousin Biotech</td></tr><tr><td><a href="CodeSystem-MeshType.html#MeshType-optilene_mesh">optilene_mesh</a></td><td>Optilene Mesh</td><td>Optilene Mesh</td></tr><tr><td><a href="CodeSystem-MeshType.html#MeshType-optilene_mesh_elastic">optilene_mesh_elastic</a></td><td>Optilene Mesh Elastic</td><td>Optilene Mesh Elastic</td></tr><tr><td><a href="CodeSystem-MeshType.html#MeshType-optilene_mesh_lp">optilene_mesh_lp</a></td><td>Optilene Mesh LP</td><td>Optilene Mesh LP</td></tr><tr><td><a href="CodeSystem-MeshType.html#MeshType-parietene_composite">parietene_composite</a></td><td>Parietene Composite</td><td>Parietene Composite</td></tr><tr><td><a href="CodeSystem-MeshType.html#MeshType-parietene_covidien">parietene_covidien</a></td><td>Parietene Covidien</td><td>Parietene Covidien</td></tr><tr><td><a href="CodeSystem-MeshType.html#MeshType-parietex_ventral">parietex_ventral</a></td><td>Parietex Ventral Patch</td><td>Parietex Ventral Patch</td></tr><tr><td><a href="CodeSystem-MeshType.html#MeshType-parietex_covidien">parietex_covidien</a></td><td>Parietex Covidien</td><td>Parietex Covidien</td></tr><tr><td><a href="CodeSystem-MeshType.html#MeshType-parietex_composite">parietex_composite</a></td><td>Parietex Composite (incl. Optimized), Covidien</td><td>Parietex Composite (incl. Optimized), Covidien</td></tr><tr><td><a href="CodeSystem-MeshType.html#MeshType-parietex_progrip">parietex_progrip</a></td><td>Parietex Progrip, Covidien</td><td>Parietex Progrip</td></tr><tr><td><a href="CodeSystem-MeshType.html#MeshType-permacol_covidien">permacol_covidien</a></td><td>Permacol, Covidien</td><td>Permacol, Covidien</td></tr><tr><td><a href="CodeSystem-MeshType.html#MeshType-phasix">phasix</a></td><td>Phasix</td><td>Phasix</td></tr><tr><td><a href="CodeSystem-MeshType.html#MeshType-phasix_st">phasix_st</a></td><td>Phasix ST</td><td>Phasix ST</td></tr><tr><td><a href="CodeSystem-MeshType.html#MeshType-physiomesh_ethicon">physiomesh_ethicon</a></td><td>Physiomesh, Ethicon</td><td>Physiomesh, Ethicon</td></tr><tr><td><a href="CodeSystem-MeshType.html#MeshType-proceed_ventral">proceed_ventral</a></td><td>Proceed Ventral Patch, Ethicon</td><td>Proceed Ventral Patch, Ethicon</td></tr><tr><td><a href="CodeSystem-MeshType.html#MeshType-proceed_ehticon">proceed_ehticon</a></td><td>Proceed, Ethicon</td><td>Proceed, Ethicon</td></tr><tr><td><a href="CodeSystem-MeshType.html#MeshType-prolene">prolene</a></td><td>Prolene</td><td>Prolene</td></tr><tr><td><a href="CodeSystem-MeshType.html#MeshType-softmesh_bard">softmesh_bard</a></td><td>SoftMesh, BARD</td><td>SoftMesh, BARD</td></tr><tr><td><a href="CodeSystem-MeshType.html#MeshType-strattice_lifecell">strattice_lifecell</a></td><td>Strattice, Lifecell</td><td>Strattice, Lifecell</td></tr><tr><td><a href="CodeSystem-MeshType.html#MeshType-supromesh">supromesh</a></td><td>Supromesh</td><td>Supromesh</td></tr><tr><td><a href="CodeSystem-MeshType.html#MeshType-symbotex_composite">symbotex_composite</a></td><td>Symbotex Composite</td><td>Symbotex Composite</td></tr><tr><td><a href="CodeSystem-MeshType.html#MeshType-tigr">tigr</a></td><td>TIGR</td><td>TIGR</td></tr><tr><td><a href="CodeSystem-MeshType.html#MeshType-ultrapro_ethicon">ultrapro_ethicon</a></td><td>Ultrapro, Ethicon</td><td>Ultrapro, Ethicon</td></tr><tr><td><a href="CodeSystem-MeshType.html#MeshType-ultrapro_advanced">ultrapro_advanced</a></td><td>Ultrapro Advanced</td><td>Ultrapro Advanced</td></tr><tr><td><a href="CodeSystem-MeshType.html#MeshType-ventralex_st_bard">ventralex_st_bard</a></td><td>Ventralex ST, BARD</td><td>Ventralex ST, BARD</td></tr><tr><td><a href="CodeSystem-MeshType.html#MeshType-ventralight_st_bard">ventralight_st_bard</a></td><td>Ventralight ST, BARD</td><td>Ventralight ST, BARD</td></tr><tr><td><a href="CodeSystem-MeshType.html#MeshType-ventrio_hernia_st_bard">ventrio_hernia_st_bard</a></td><td>Ventrio Hernia ST, BARD</td><td>Ventrio Hernia ST, BARD</td></tr><tr><td><a href="CodeSystem-MeshType.html#MeshType-versatex">versatex</a></td><td>Versatex</td><td>Versatex</td></tr><tr><td><a href="CodeSystem-MeshType.html#MeshType-vypro_ethicon">vypro_ethicon</a></td><td>Vypro, Ethicon</td><td>Vypro, Ethicon</td></tr><tr><td><a href="CodeSystem-MeshType.html#MeshType-xenmatrix">xenmatrix</a></td><td>Xenmatrix</td><td>Xenmatrix</td></tr></table></li><li>Include these codes as defined in <a href="CodeSystem-GenericValues.html"><code>https://kip.sundk.dk/fhir/CodeSystem/GenericValues</code></a><table class="none"><tr><td style="white-space:nowrap"><b>Code</b></td><td><b>Display</b></td><td><b>Definition</b></td></tr><tr><td><a href="CodeSystem-GenericValues.html#GenericValues-other">other</a></td><td>Anden mesh</td><td>Other - used to choose unspecific value not in a valueset</td></tr></table></li><li>Include these codes as defined in <a href="http://terminology.hl7.org/3.1.0/CodeSystem-v2-0532.html"><code>http://terminology.hl7.org/CodeSystem/v2-0532</code></a><table class="none"><tr><td style="white-space:nowrap"><b>Code</b></td><td><b>Display</b></td><td><b>Definition</b></td></tr><tr><td><a href="http://terminology.hl7.org/3.1.0/CodeSystem-v2-0532.html#v2-0532-UNK">UNK</a></td><td>Uoplyst</td><td>unknown</td></tr></table></li></ul></div></text><url value="https://kip.sundk.dk/fhir/ValueSet/MeshTypeVentralhernieDHDB"/><version value="0.0.9"/><name value="MeshTypeVentralhernieDHDB"/><title value="Mesh type - Ventralhernie (DHDB)"/><status value="active"/><experimental value="true"/><date value="2022-07-21T00:00:00+02:00"/><publisher value="Sundhedsvæsnets Kvalistetsinstitut with Trifork Public A/S"/><contact><name value="Sundhedsvæsnets Kvalistetsinstitut with Trifork Public A/S"/><telecom><system value="url"/><value value="https://trifork.com"/></telecom><telecom><system value="email"/><value value="rbk@trifork.com"/></telecom></contact><description value="Mesh type - Ventralhernie (DHDB)"/><compose><include><system value="https://kip.sundk.dk/fhir/CodeSystem/MeshType"/><concept><code value="adhesix_bard"/><display value="Adhesix, BARD"/></concept><concept><code value="bard_flatmesh"/><display value="BARD Flatmesh"/></concept><concept><code value="bio_a"/><display value="BIO-A"/></concept><concept><code value="cabs_air"/><display value="CABS AIR Composite, Cousin Biotech"/></concept><concept><code value="dynamesh_kebomed"/><display value="Dynamesh, Kebomed"/></concept><concept><code value="dynamesh_ipom"/><display value="Dynamesh IPOM, Kebomed"/></concept><concept><code value="galmesh_light"/><display value="Galmesh Light"/></concept><concept><code value="galmesh_umbilical"/><display value="Galmesh Umbilical"/></concept><concept><code value="gore_dualmesh"/><display value="Gore Dualmesh, ViCare Medical"/></concept><concept><code value="intramesh"/><display value="Intramesh (T1/P8/W3), Cousin Biotech"/></concept><concept><code value="optilene_mesh"/><display value="Optilene Mesh"/></concept><concept><code value="optilene_mesh_elastic"/><display value="Optilene Mesh Elastic"/></concept><concept><code value="optilene_mesh_lp"/><display value="Optilene Mesh LP"/></concept><concept><code value="parietene_composite"/><display value="Parietene Composite"/></concept><concept><code value="parietene_covidien"/><display value="Parietene Covidien"/></concept><concept><code value="parietex_ventral"/><display value="Parietex Ventral Patch"/></concept><concept><code value="parietex_covidien"/><display value="Parietex Covidien"/></concept><concept><code value="parietex_composite"/><display value="Parietex Composite (incl. Optimized), Covidien"/></concept><concept><code value="parietex_progrip"/><display value="Parietex Progrip, Covidien"/></concept><concept><code value="permacol_covidien"/><display value="Permacol, Covidien"/></concept><concept><code value="phasix"/><display value="Phasix"/></concept><concept><code value="phasix_st"/><display value="Phasix ST"/></concept><concept><code value="physiomesh_ethicon"/><display value="Physiomesh, Ethicon"/></concept><concept><code value="proceed_ventral"/><display value="Proceed Ventral Patch, Ethicon"/></concept><concept><code value="proceed_ehticon"/><display value="Proceed, Ethicon"/></concept><concept><code value="prolene"/><display value="Prolene"/></concept><concept><code value="softmesh_bard"/><display value="SoftMesh, BARD"/></concept><concept><code value="strattice_lifecell"/><display value="Strattice, Lifecell"/></concept><concept><code value="supromesh"/><display value="Supromesh"/></concept><concept><code value="symbotex_composite"/><display value="Symbotex Composite"/></concept><concept><code value="tigr"/><display value="TIGR"/></concept><concept><code value="ultrapro_ethicon"/><display value="Ultrapro, Ethicon"/></concept><concept><code value="ultrapro_advanced"/><display value="Ultrapro Advanced"/></concept><concept><code value="ventralex_st_bard"/><display value="Ventralex ST, BARD"/></concept><concept><code value="ventralight_st_bard"/><display value="Ventralight ST, BARD"/></concept><concept><code value="ventrio_hernia_st_bard"/><display value="Ventrio Hernia ST, BARD"/></concept><concept><code value="versatex"/><display value="Versatex"/></concept><concept><code value="vypro_ethicon"/><display value="Vypro, Ethicon"/></concept><concept><code value="xenmatrix"/><display value="Xenmatrix"/></concept></include><include><system value="https://kip.sundk.dk/fhir/CodeSystem/GenericValues"/><concept><code value="other"/><display value="Anden mesh"/></concept></include><include><system value="http://terminology.hl7.org/CodeSystem/v2-0532"/><concept><code value="UNK"/><display value="Uoplyst"/></concept></include></compose></ValueSet>