<?xml version="1.0" encoding="UTF-8"?><ValueSet xmlns="http://hl7.org/fhir"><id value="PatobankSNOMEDCytogenetikMDS"/><text><status value="extensions"/><div xmlns="http://www.w3.org/1999/xhtml"><p class="res-header-id"><b>Generated Narrative: ValueSet PatobankSNOMEDCytogenetikMDS</b></p><a name="PatobankSNOMEDCytogenetikMDS"> </a><a name="hcPatobankSNOMEDCytogenetikMDS"> </a><a name="PatobankSNOMEDCytogenetikMDS-en-US"> </a><ul><li>Include these codes as defined in <a href="CodeSystem-PatobankSNOMED.html"><code>https://kip.rkkp.dk/fhir/CodeSystem/PatobankSNOMED</code></a><table class="none"><tr><td style="white-space:nowrap"><b>Code</b></td><td><b>Display</b></td><td><b>Definition</b></td></tr><tr><td><a href="CodeSystem-PatobankSNOMED.html#PatobankSNOMED-M98963">M98963</a></td><td>AML m. t(8;21); RUNX1-RUNX1T1</td><td>AML m. t(8;21); RUNX1-RUNX1T1</td></tr><tr><td><a href="CodeSystem-PatobankSNOMED.html#PatobankSNOMED-M98713">M98713</a></td><td>AML m. inv(16) el. t(16;16); CBFß-MYH11</td><td>AML m. inv(16) el. t(16;16); CBFß-MYH11</td></tr><tr><td><a href="CodeSystem-PatobankSNOMED.html#PatobankSNOMED-M98663">M98663</a></td><td>akut promyelocyt leukæmi m. t(15;17); PML-RARa</td><td>akut promyelocyt leukæmi m. t(15;17); PML-RARa</td></tr><tr><td><a href="CodeSystem-PatobankSNOMED.html#PatobankSNOMED-M98973">M98973</a></td><td>AML m. t(9;11); KMT2A-MLLT3</td><td>AML m. t(9;11); KMT2A-MLLT3</td></tr><tr><td><a href="CodeSystem-PatobankSNOMED.html#PatobankSNOMED-M98653">M98653</a></td><td>AML m. t(6;9); DEK-NUP214</td><td>AML m. t(6;9); DEK-NUP214</td></tr><tr><td><a href="CodeSystem-PatobankSNOMED.html#PatobankSNOMED-M98693">M98693</a></td><td>AML m inv(3)(q21q26.2)el t(3;3)(q21;q26.2);RPN1-EVI1</td><td>AML m inv(3)(q21q26.2)el t(3;3)(q21;q26.2);RPN1-EVI1</td></tr><tr><td><a href="CodeSystem-PatobankSNOMED.html#PatobankSNOMED-M99113">M99113</a></td><td>AML(megakaryoblastisk)m t(1;22)(p13;q13);RBM15-MLK1</td><td>AML(megakaryoblastisk)m t(1;22)(p13;q13);RBM15-MLK1</td></tr><tr><td><a href="CodeSystem-PatobankSNOMED.html#PatobankSNOMED-M98063">M98063</a></td><td>bl. fænotype akut leukæmi m. t(9;22); BCR-ABL1</td><td>bl. fænotype akut leukæmi m. t(9;22); BCR-ABL1</td></tr><tr><td><a href="CodeSystem-PatobankSNOMED.html#PatobankSNOMED-M98073">M98073</a></td><td>bl. fænotype akut leukæmi m. t(v;11q); KMT2A rearr.</td><td>bl. fænotype akut leukæmi m. t(v;11q); KMT2A rearr.</td></tr><tr><td><a href="CodeSystem-PatobankSNOMED.html#PatobankSNOMED-M98143">M98143</a></td><td>B-lymfobl. leukæmi/lymfom m. t(12;21); ETV6-RUNX1</td><td>B-lymfobl. leukæmi/lymfom m. t(12;21); ETV6-RUNX1</td></tr><tr><td><a href="CodeSystem-PatobankSNOMED.html#PatobankSNOMED-M98183">M98183</a></td><td>B-lymfobl. leukæmi/lymfom m. t(1;19); TCF3-PBX1</td><td>B-lymfobl. leukæmi/lymfom m. t(1;19); TCF3-PBX1</td></tr><tr><td><a href="CodeSystem-PatobankSNOMED.html#PatobankSNOMED-M98173">M98173</a></td><td>B-lymfobl. leukæmi/lymfom m. t(5;14); IgH/IL3</td><td>B-lymfobl. leukæmi/lymfom m. t(5;14); IgH/IL3</td></tr><tr><td><a href="CodeSystem-PatobankSNOMED.html#PatobankSNOMED-M98153">M98153</a></td><td>B-lymfobl. leukæmi/lymfom med hyperdiploidi</td><td>B-lymfobl. leukæmi/lymfom med hyperdiploidi</td></tr></table></li></ul></div></text><url value="https://kip.rkkp.dk/fhir/ValueSet/PatobankSNOMEDCytogenetikMDS"/><version value="2.9.1"/><name value="PatobankSNOMEDCytogenetikMDS"/><title value="PatobankSNOMED koder for cytogenetik - recurrente forandringer (MDS)"/><status value="active"/><experimental value="true"/><date value="2022-07-19T00:00:00+02:00"/><publisher value="Sundhedsvæsnets Kvalistetsinstitut with Trifork Digital Health A/S"/><contact><name value="Sundhedsvæsnets Kvalistetsinstitut with Trifork Digital Health A/S"/><telecom><system value="url"/><value value="https://trifork.com"/></telecom><telecom><system value="email"/><value value="rbk@trifork.com"/></telecom></contact><description value="PatobankSNOMED koder for cytogenetik - recurrente forandringer (MDS)"/><compose><include><system value="https://kip.rkkp.dk/fhir/CodeSystem/PatobankSNOMED"/><concept><code value="M98963"/><display value="AML m. t(8;21); RUNX1-RUNX1T1"/></concept><concept><code value="M98713"/><display value="AML m. inv(16) el. t(16;16); CBFß-MYH11"/></concept><concept><code value="M98663"/><display value="akut promyelocyt leukæmi m. t(15;17); PML-RARa"/></concept><concept><code value="M98973"/><display value="AML m. t(9;11); KMT2A-MLLT3"/></concept><concept><code value="M98653"/><display value="AML m. t(6;9); DEK-NUP214"/></concept><concept><code value="M98693"/><display value="AML m inv(3)(q21q26.2)el t(3;3)(q21;q26.2);RPN1-EVI1"/></concept><concept><code value="M99113"/><display value="AML(megakaryoblastisk)m t(1;22)(p13;q13);RBM15-MLK1"/></concept><concept><code value="M98063"/><display value="bl. fænotype akut leukæmi m. t(9;22); BCR-ABL1"/></concept><concept><code value="M98073"/><display value="bl. fænotype akut leukæmi m. t(v;11q); KMT2A rearr."/></concept><concept><code value="M98143"/><display value="B-lymfobl. leukæmi/lymfom m. t(12;21); ETV6-RUNX1"/></concept><concept><code value="M98183"/><display value="B-lymfobl. leukæmi/lymfom m. t(1;19); TCF3-PBX1"/></concept><concept><code value="M98173"/><display value="B-lymfobl. leukæmi/lymfom m. t(5;14); IgH/IL3"/></concept><concept><code value="M98153"/><display value="B-lymfobl. leukæmi/lymfom med hyperdiploidi"/></concept></include></compose></ValueSet>