<?xml version="1.0" encoding="UTF-8"?><ValueSet xmlns="http://hl7.org/fhir"><id value="ALDkemoterapi"/><text><status value="extensions"/><div xmlns="http://www.w3.org/1999/xhtml"><p class="res-header-id"><b>Generated Narrative: ValueSet ALDkemoterapi</b></p><a name="ALDkemoterapi"> </a><a name="hcALDkemoterapi"> </a><a name="ALDkemoterapi-en-US"> </a><ul><li>Include these codes as defined in <a href="CodeSystem-TreatmentIntention.html"><code>https://kip.rkkp.dk/fhir/CodeSystem/TreatmentIntention</code></a><table class="none"><tr><td style="white-space:nowrap"><b>Code</b></td><td><b>Display</b></td><td><b>Definition</b></td></tr><tr><td><a href="CodeSystem-TreatmentIntention.html#TreatmentIntention-intensive">intensive</a></td><td>Intensiv</td><td>Intensiv</td></tr><tr><td><a href="CodeSystem-TreatmentIntention.html#TreatmentIntention-palliative">palliative</a></td><td>Pallitativ</td><td>Palliativt intenderet</td></tr><tr><td><a href="CodeSystem-TreatmentIntention.html#TreatmentIntention-semiintensiv">semiintensiv</a></td><td>Semiintensiv</td><td>Semiintensiv</td></tr></table></li></ul></div></text><url value="https://kip.rkkp.dk/fhir/ValueSet/ALDkemoterapi"/><version value="0.1.8"/><name value="ALDkemoterapi"/><title value=" ALD_Kemoterapi"/><status value="active"/><experimental value="true"/><date value="2024-07-25T00:00:00+02:00"/><publisher value="Sundhedsvæsnets Kvalistetsinstitut with Trifork Digital Health A/S"/><contact><name value="Sundhedsvæsnets Kvalistetsinstitut with Trifork Digital Health A/S"/><telecom><system value="url"/><value value="https://trifork.com"/></telecom><telecom><system value="email"/><value value="rbk@trifork.com"/></telecom></contact><description value="ALD kemoterapi"/><compose><include><system value="https://kip.rkkp.dk/fhir/CodeSystem/TreatmentIntention"/><concept><code value="intensive"/><display value="Intensiv"/></concept><concept><code value="palliative"/><display value="Pallitativ"/></concept><concept><code value="semiintensiv"/><display value="Semiintensiv"/></concept></include></compose></ValueSet>