<?xml version="1.0" encoding="UTF-8"?><ValueSet xmlns="http://hl7.org/fhir"><id value="ResttumorGradering"/><text><status value="extensions"/><div xmlns="http://www.w3.org/1999/xhtml"><p class="res-header-id"><b>Generated Narrative: ValueSet ResttumorGradering</b></p><a name="ResttumorGradering"> </a><a name="hcResttumorGradering"> </a><a name="ResttumorGradering-en-US"> </a><ul><li>Include these codes as defined in <a href="CodeSystem-ResidualTumorGrading.html"><code>https://kip.sundk.dk/fhir/CodeSystem/ResidualTumorGrading</code></a><table class="none"><tr><td style="white-space:nowrap"><b>Code</b></td><td><b>Display</b></td><td><b>Definition</b></td></tr><tr><td><a href="CodeSystem-ResidualTumorGrading.html#ResidualTumorGrading-gradei">gradei</a></td><td>Grad I - Veldifferentieret</td><td>Grad I - Veldifferentieret</td></tr><tr><td><a href="CodeSystem-ResidualTumorGrading.html#ResidualTumorGrading-gradeii">gradeii</a></td><td>Grad II - Moderat differentieret</td><td>Grad II - Moderat differentieret</td></tr><tr><td><a href="CodeSystem-ResidualTumorGrading.html#ResidualTumorGrading-gradeiii">gradeiii</a></td><td>Grad III - Lavt differentieret</td><td>Grad III - Lavt differentieret</td></tr><tr><td><a href="CodeSystem-ResidualTumorGrading.html#ResidualTumorGrading-gradex">gradex</a></td><td>Grad X - Gradering ikke mulig</td><td>Grad X - Gradering ikke mulig</td></tr></table></li></ul></div></text><url value="https://kip.sundk.dk/fhir/ValueSet/ResttumorGradering"/><version value="0.0.9"/><name value="ResttumorGradering"/><title value="Gradering"/><status value="active"/><experimental value="true"/><date value="2022-06-08T00:00:00+02:00"/><publisher value="Sundhedsvæsnets Kvalistetsinstitut with Trifork Public A/S"/><contact><name value="Sundhedsvæsnets Kvalistetsinstitut with Trifork Public A/S"/><telecom><system value="url"/><value value="https://trifork.com"/></telecom><telecom><system value="email"/><value value="rbk@trifork.com"/></telecom></contact><description value="Gradering hvis der er fundet nogen resttumor"/><compose><include><system value="https://kip.sundk.dk/fhir/CodeSystem/ResidualTumorGrading"/><concept><code value="gradei"/><display value="Grad I - Veldifferentieret"/></concept><concept><code value="gradeii"/><display value="Grad II - Moderat differentieret"/></concept><concept><code value="gradeiii"/><display value="Grad III - Lavt differentieret"/></concept><concept><code value="gradex"/><display value="Grad X - Gradering ikke mulig"/></concept></include></compose></ValueSet>