<?xml version="1.0" encoding="UTF-8"?><ValueSet xmlns="http://hl7.org/fhir"><id value="MorsDiagnoseInfektionerDNSL"/><text><status value="generated"/><div xmlns="http://www.w3.org/1999/xhtml"><p class="res-header-id"><b>Generated Narrative: ValueSet MorsDiagnoseInfektionerDNSL</b></p><a name="MorsDiagnoseInfektionerDNSL"> </a><a name="hcMorsDiagnoseInfektionerDNSL"> </a><a name="MorsDiagnoseInfektionerDNSL-en-US"> </a><ul><li>Include these codes as defined in <a href="CodeSystem-MorsDiagnosekoder.html"><code>https://kip.sundk.dk/fhir/CodeSystem/MorsDiagnosekoder</code></a><table class="none"><tr><td style="white-space:nowrap"><b>Code</b></td><td><b>Display</b></td></tr><tr><td><a href="CodeSystem-MorsDiagnosekoder.html#MorsDiagnosekoder-DA162">DA162</a></td><td>DA162: Lungetuberkulose u angivelse af bakt eller hist verif</td></tr><tr><td><a href="CodeSystem-MorsDiagnosekoder.html#MorsDiagnosekoder-DA188">DA188</a></td><td>DA188: Tuberkulose i andre specificerede organer</td></tr><tr><td><a href="CodeSystem-MorsDiagnosekoder.html#MorsDiagnosekoder-DA419">DA419</a></td><td>DA419: Septikæmi uden specifikation</td></tr><tr><td><a href="CodeSystem-MorsDiagnosekoder.html#MorsDiagnosekoder-DB349">DB349</a></td><td>DB349: Virusinfektion uden specifikation</td></tr><tr><td><a href="CodeSystem-MorsDiagnosekoder.html#MorsDiagnosekoder-DB999">DB999</a></td><td>DB999: Andre og ikke specificerede infektiøse sygdomme</td></tr><tr><td><a href="CodeSystem-MorsDiagnosekoder.html#MorsDiagnosekoder-DJ129">DJ129</a></td><td>DJ129: Viruspneumoni uden specifikation</td></tr><tr><td><a href="CodeSystem-MorsDiagnosekoder.html#MorsDiagnosekoder-DJ159">DJ159</a></td><td>DJ159: Bakteriel pneumoni uden specifikation</td></tr><tr><td><a href="CodeSystem-MorsDiagnosekoder.html#MorsDiagnosekoder-DJ168">DJ168</a></td><td>DJ168: Pneumonier forårsaget af andre specificerede infekt agentia</td></tr><tr><td><a href="CodeSystem-MorsDiagnosekoder.html#MorsDiagnosekoder-DK650">DK650</a></td><td>DK650: Peritonitis acuta</td></tr></table></li></ul></div></text><url value="https://kip.sundk.dk/fhir/ValueSet/MorsDiagnoseInfektionerDNSL"/><version value="0.0.9"/><name value="MorsDiagnoseInfektionerDNSL"/><title value="Mors Diagnosekode - Infektioner (DNSL)"/><status value="active"/><experimental value="true"/><date value="2024-01-10T00:00:00+02:00"/><publisher value="Sundhedsvæsnets Kvalistetsinstitut with Trifork Public A/S"/><contact><name value="Sundhedsvæsnets Kvalistetsinstitut with Trifork Public A/S"/><telecom><system value="url"/><value value="https://trifork.com"/></telecom><telecom><system value="email"/><value value="rbk@trifork.com"/></telecom></contact><description value="Mors Diagnosekode - Infektioner (DNSL)"/><compose><include><system value="https://kip.sundk.dk/fhir/CodeSystem/MorsDiagnosekoder"/><concept><code value="DA162"/><display value="DA162: Lungetuberkulose u angivelse af bakt eller hist verif"/></concept><concept><code value="DA188"/><display value="DA188: Tuberkulose i andre specificerede organer"/></concept><concept><code value="DA419"/><display value="DA419: Septikæmi uden specifikation"/></concept><concept><code value="DB349"/><display value="DB349: Virusinfektion uden specifikation"/></concept><concept><code value="DB999"/><display value="DB999: Andre og ikke specificerede infektiøse sygdomme"/></concept><concept><code value="DJ129"/><display value="DJ129: Viruspneumoni uden specifikation"/></concept><concept><code value="DJ159"/><display value="DJ159: Bakteriel pneumoni uden specifikation"/></concept><concept><code value="DJ168"/><display value="DJ168: Pneumonier forårsaget af andre specificerede infekt agentia"/></concept><concept><code value="DK650"/><display value="DK650: Peritonitis acuta"/></concept></include></compose></ValueSet>