<?xml version="1.0" encoding="UTF-8"?><ValueSet xmlns="http://hl7.org/fhir"><id value="TreatmentResponseEvaluationCLL"/><text><status value="extensions"/><div xmlns="http://www.w3.org/1999/xhtml"><p class="res-header-id"><b>Generated Narrative: ValueSet TreatmentResponseEvaluationCLL</b></p><a name="TreatmentResponseEvaluationCLL"> </a><a name="hcTreatmentResponseEvaluationCLL"> </a><a name="TreatmentResponseEvaluationCLL-en-US"> </a><p>This value set includes codes based on the following rules:</p><ul><li>Include these codes as defined in <a href="CodeSystem-TreatmentResponseEvaluation.html"><code>https://kip.rkkp.dk/fhir/CodeSystem/TreatmentResponseEvaluation</code></a><table class="none"><tr><td style="white-space:nowrap"><b>Code</b></td><td><b>Display</b></td><td><b>Definition</b></td></tr><tr><td><a href="CodeSystem-TreatmentResponseEvaluation.html#TreatmentResponseEvaluation-complete_remission">complete_remission</a></td><td>Complete remission (CR)</td><td>Complete remission (CR)</td></tr><tr><td><a href="CodeSystem-TreatmentResponseEvaluation.html#TreatmentResponseEvaluation-complete_remission_incomplete_recovery">complete_remission_incomplete_recovery</a></td><td>Complete remission with incomplete recovery of the bone marrow (CRi)</td><td>Complete remission with incomplete recovery of bone marrow (CRi)</td></tr><tr><td><a href="CodeSystem-TreatmentResponseEvaluation.html#TreatmentResponseEvaluation-partial_response">partial_response</a></td><td>Partial response (PR)</td><td>Partial response (PR)</td></tr><tr><td><a href="CodeSystem-TreatmentResponseEvaluation.html#TreatmentResponseEvaluation-partial_response_lymphocytosis">partial_response_lymphocytosis</a></td><td>Partial response lymphocytose</td><td>Partial response (PR) lymphocytosis</td></tr><tr><td><a href="CodeSystem-TreatmentResponseEvaluation.html#TreatmentResponseEvaluation-stable_disease">stable_disease</a></td><td>Stable disease (SD/NC)</td><td>Stable disease (SD/NC)</td></tr><tr><td><a href="CodeSystem-TreatmentResponseEvaluation.html#TreatmentResponseEvaluation-progressive_disease">progressive_disease</a></td><td>Progressive disease (PD)</td><td>Progressive disease (PD)</td></tr></table></li><li>Include these codes as defined in <a href="CodeSystem-GenericValues.html"><code>https://kip.rkkp.dk/fhir/CodeSystem/GenericValues</code></a><table class="none"><tr><td style="white-space:nowrap"><b>Code</b></td><td><b>Display</b></td><td><b>Definition</b></td></tr><tr><td><a href="CodeSystem-GenericValues.html#GenericValues-not_performed">not_performed</a></td><td>Ikke evalueret</td><td>Not performed - used to indicate, if a procedure or test has not been performed</td></tr></table></li><li>Include these codes as defined in <a href="CodeSystem-Complications.html"><code>https://kip.rkkp.dk/fhir/CodeSystem/Complications</code></a><table class="none"><tr><td style="white-space:nowrap"><b>Code</b></td><td><b>Display</b></td><td><b>Definition</b></td></tr><tr><td><a href="CodeSystem-Complications.html#Complications-mors">mors</a></td><td>Mors (før evaluering)</td><td>Mors, uventet</td></tr></table></li></ul></div></text><url value="https://kip.rkkp.dk/fhir/ValueSet/TreatmentResponseEvaluationCLL"/><version value="0.1.8"/><name value="TreatmentResponseEvaluationCLL"/><title value="Treatment_Response_Evaluation_CLL"/><status value="active"/><experimental value="true"/><date value="2022-07-13T00:00:00+02:00"/><publisher value="Sundhedsvæsnets Kvalistetsinstitut with Trifork Digital Health A/S"/><contact><name value="Sundhedsvæsnets Kvalistetsinstitut with Trifork Digital Health A/S"/><telecom><system value="url"/><value value="https://trifork.com"/></telecom><telecom><system value="email"/><value value="rbk@trifork.com"/></telecom></contact><description value="Indikation for kemoterapi/behandling - CLL"/><compose><include><system value="https://kip.rkkp.dk/fhir/CodeSystem/TreatmentResponseEvaluation"/><concept><code value="complete_remission"/><display value="Complete remission (CR)"/></concept><concept><code value="complete_remission_incomplete_recovery"/><display value="Complete remission with incomplete recovery of the bone marrow (CRi)"/></concept><concept><code value="partial_response"/><display value="Partial response (PR)"/></concept><concept><code value="partial_response_lymphocytosis"/><display value="Partial response lymphocytose"/></concept><concept><code value="stable_disease"/><display value="Stable disease (SD/NC)"/></concept><concept><code value="progressive_disease"/><display value="Progressive disease (PD)"/></concept></include><include><system value="https://kip.rkkp.dk/fhir/CodeSystem/GenericValues"/><concept><code value="not_performed"/><display value="Ikke evalueret"/></concept></include><include><system value="https://kip.rkkp.dk/fhir/CodeSystem/Complications"/><concept><code value="mors"/><display value="Mors (før evaluering)"/></concept></include></compose></ValueSet>