<?xml version="1.0" encoding="UTF-8"?><ValueSet xmlns="http://hl7.org/fhir"><id value="BehandlingsresponsCML"/><text><status value="extensions"/><div xmlns="http://www.w3.org/1999/xhtml"><p class="res-header-id"><b>Generated Narrative: ValueSet BehandlingsresponsCML</b></p><a name="BehandlingsresponsCML"> </a><a name="hcBehandlingsresponsCML"> </a><a name="BehandlingsresponsCML-en-US"> </a><p>This value set includes codes based on the following rules:</p><ul><li>Include these codes as defined in <a href="CodeSystem-TreatmentResponseEvaluation.html"><code>https://kip.rkkp.dk/fhir/CodeSystem/TreatmentResponseEvaluation</code></a><table class="none"><tr><td style="white-space:nowrap"><b>Code</b></td><td><b>Display</b></td><td><b>Definition</b></td></tr><tr><td><a href="CodeSystem-TreatmentResponseEvaluation.html#TreatmentResponseEvaluation-complete_hematological_response">complete_hematological_response</a></td><td>Komplet hæmatologisk respons (CHR)</td><td>Complete Hematological response (CHR)</td></tr><tr><td><a href="CodeSystem-TreatmentResponseEvaluation.html#TreatmentResponseEvaluation-complete_cytogenetic_response">complete_cytogenetic_response</a></td><td>Komplet cytogenetisk Respons (CCyR)</td><td>Complete cytogenetic response (CCyR)</td></tr><tr><td><a href="CodeSystem-TreatmentResponseEvaluation.html#TreatmentResponseEvaluation-partial_cytogenetic_response">partial_cytogenetic_response</a></td><td>Partiel cytogenetisk Respons (PCyR)</td><td>Partial cytogenetic response (PCyR)</td></tr><tr><td><a href="CodeSystem-TreatmentResponseEvaluation.html#TreatmentResponseEvaluation-major_molecular_response">major_molecular_response</a></td><td>Major molekylært Respons (MMR)</td><td>Major molecular response (MMR)</td></tr></table></li><li>Include these codes as defined in <a href="CodeSystem-GenericValues.html"><code>https://kip.rkkp.dk/fhir/CodeSystem/GenericValues</code></a><table class="none"><tr><td style="white-space:nowrap"><b>Code</b></td><td><b>Display</b></td><td><b>Definition</b></td></tr><tr><td><a href="CodeSystem-GenericValues.html#GenericValues-none">none</a></td><td>Ikke målbar molekylær sygdom</td><td>None - used to choose none of the available values</td></tr></table></li><li>Include these codes as defined in <a href="http://terminology.hl7.org/3.1.0/CodeSystem-v2-0532.html"><code>http://terminology.hl7.org/CodeSystem/v2-0532</code></a><table class="none"><tr><td style="white-space:nowrap"><b>Code</b></td><td><b>Display</b></td><td><b>Definition</b></td></tr><tr><td><a href="http://terminology.hl7.org/3.1.0/CodeSystem-v2-0532.html#v2-0532-UNK">UNK</a></td><td>Uoplyst</td><td>unknown</td></tr></table></li></ul></div></text><url value="https://kip.rkkp.dk/fhir/ValueSet/BehandlingsresponsCML"/><version value="2.9.1"/><name value="BehandlingsresponsCML"/><title value="Behandlingsrespons CML"/><status value="active"/><experimental value="true"/><date value="2022-07-18T00:00:00+02:00"/><publisher value="Sundhedsvæsnets Kvalistetsinstitut with Trifork Digital Health A/S"/><contact><name value="Sundhedsvæsnets Kvalistetsinstitut with Trifork Digital Health A/S"/><telecom><system value="url"/><value value="https://trifork.com"/></telecom><telecom><system value="email"/><value value="rbk@trifork.com"/></telecom></contact><description value="Vurdering af behandlingsrespons CML"/><compose><include><system value="https://kip.rkkp.dk/fhir/CodeSystem/TreatmentResponseEvaluation"/><concept><code value="complete_hematological_response"/><display value="Komplet hæmatologisk respons (CHR)"/></concept><concept><code value="complete_cytogenetic_response"/><display value="Komplet cytogenetisk Respons (CCyR)"/></concept><concept><code value="partial_cytogenetic_response"/><display value="Partiel cytogenetisk Respons (PCyR)"/></concept><concept><code value="major_molecular_response"/><display value="Major molekylært Respons (MMR)"/></concept></include><include><system value="https://kip.rkkp.dk/fhir/CodeSystem/GenericValues"/><concept><code value="none"/><display value="Ikke målbar molekylær sygdom"/></concept></include><include><system value="http://terminology.hl7.org/CodeSystem/v2-0532"/><concept><code value="UNK"/><display value="Uoplyst"/></concept></include></compose></ValueSet>