<?xml version="1.0" encoding="UTF-8"?><ValueSet xmlns="http://hl7.org/fhir"><id value="Interventionsforloeb"/><text><status value="extensions"/><div xmlns="http://www.w3.org/1999/xhtml"><p class="res-header-id"><b>Generated Narrative: ValueSet Interventionsforloeb</b></p><a name="Interventionsforloeb"> </a><a name="hcInterventionsforloeb"> </a><a name="Interventionsforloeb-en-US"> </a><ul><li>Include these codes as defined in <a href="CodeSystem-Interventionsforloeb.html"><code>https://kip.rkkp.dk/fhir/CodeSystem/Interventionsforloeb</code></a><table class="none"><tr><td style="white-space:nowrap"><b>Code</b></td><td><b>Display</b></td><td><b>Definition</b></td></tr><tr><td><a href="CodeSystem-Interventionsforloeb.html#Interventionsforloeb-HD">HD</a></td><td>Hæmodialyse</td><td>Hæmodialyse</td></tr><tr><td><a href="CodeSystem-Interventionsforloeb.html#Interventionsforloeb-PD">PD</a></td><td>Peritonealdialyse</td><td>Peritonealdialyse</td></tr><tr><td><a href="CodeSystem-Interventionsforloeb.html#Interventionsforloeb-TX">TX</a></td><td>Transplantation</td><td>Transplantation</td></tr></table></li></ul></div></text><url value="https://kip.rkkp.dk/fhir/ValueSet/Interventionsforloeb"/><version value="0.2.1"/><name value="Interventionsforloeb"/><title value="Interventionsforløb"/><status value="active"/><experimental value="true"/><date value="2024-01-10T00:00:00+02:00"/><publisher value="Sundhedsvæsnets Kvalistetsinstitut with Trifork Digital Health A/S"/><contact><name value="Sundhedsvæsnets Kvalistetsinstitut with Trifork Digital Health A/S"/><telecom><system value="url"/><value value="https://trifork.com"/></telecom><telecom><system value="email"/><value value="rbk@trifork.com"/></telecom></contact><description value="Interventionsforløb"/><compose><include><system value="https://kip.rkkp.dk/fhir/CodeSystem/Interventionsforloeb"/><concept><code value="HD"/><display value="Hæmodialyse"/></concept><concept><code value="PD"/><display value="Peritonealdialyse"/></concept><concept><code value="TX"/><display value="Transplantation"/></concept></include></compose></ValueSet>