<?xml version="1.0" encoding="UTF-8"?><ValueSet xmlns="http://hl7.org/fhir"><id value="SupplerendeIndgrebDSR"/><text><status value="extensions"/><div xmlns="http://www.w3.org/1999/xhtml"><p class="res-header-id"><b>Generated Narrative: ValueSet SupplerendeIndgrebDSR</b></p><a name="SupplerendeIndgrebDSR"> </a><a name="hcSupplerendeIndgrebDSR"> </a><a name="SupplerendeIndgrebDSR-en-US"> </a><p>This value set includes codes based on the following rules:</p><ul><li>Include these codes as defined in <a href="CodeSystem-ProcedureType.html"><code>https://kip.rkkp.dk/fhir/CodeSystem/ProcedureType</code></a><table class="none"><tr><td style="white-space:nowrap"><b>Code</b></td><td><b>Display</b></td><td><b>Definition</b></td></tr><tr><td><a href="CodeSystem-ProcedureType.html#ProcedureType-cuff_reconstruction">cuff_reconstruction</a></td><td>Cuff rekonstruktion</td><td>Cuff reconstruction / Cuff rekonstruktion</td></tr><tr><td><a href="CodeSystem-ProcedureType.html#ProcedureType-tenotomy">tenotomy</a></td><td>Bicepstenotomi</td><td>Tenotomy / Tenotomi / SNOMED-CT: 78545003</td></tr><tr><td><a href="CodeSystem-ProcedureType.html#ProcedureType-tenodesis">tenodesis</a></td><td>Biceps tenodese</td><td>Tenodesis</td></tr></table></li><li>Include these codes as defined in <a href="CodeSystem-GenericValues.html"><code>https://kip.rkkp.dk/fhir/CodeSystem/GenericValues</code></a><table class="none"><tr><td style="white-space:nowrap"><b>Code</b></td><td><b>Display</b></td><td><b>Definition</b></td></tr><tr><td><a href="CodeSystem-GenericValues.html#GenericValues-other">other</a></td><td>Andet</td><td>Other - used to choose unspecific value not in a valueset</td></tr></table></li></ul></div></text><url value="https://kip.rkkp.dk/fhir/ValueSet/SupplerendeIndgrebDSR"/><version value="0.2.1"/><name value="SupplerendeIndgrebDSR"/><title value="Supplerende indgreb (DSR)"/><status value="active"/><experimental value="true"/><date value="2022-07-04T00:00:00+02:00"/><publisher value="Sundhedsvæsnets Kvalistetsinstitut with Trifork Digital Health A/S"/><contact><name value="Sundhedsvæsnets Kvalistetsinstitut with Trifork Digital Health A/S"/><telecom><system value="url"/><value value="https://trifork.com"/></telecom><telecom><system value="email"/><value value="rbk@trifork.com"/></telecom></contact><description value="Supplerende indgreb (DSR)"/><compose><include><system value="https://kip.rkkp.dk/fhir/CodeSystem/ProcedureType"/><concept><code value="cuff_reconstruction"/><display value="Cuff rekonstruktion"/></concept><concept><code value="tenotomy"/><display value="Bicepstenotomi"/></concept><concept><code value="tenodesis"/><display value="Biceps tenodese"/></concept></include><include><system value="https://kip.rkkp.dk/fhir/CodeSystem/GenericValues"/><concept><code value="other"/><display value="Andet"/></concept></include></compose></ValueSet>