<?xml version="1.0" encoding="UTF-8"?><ValueSet xmlns="http://hl7.org/fhir"><id value="ProcedureUdfoertK2DCCG"/><text><status value="extensions"/><div xmlns="http://www.w3.org/1999/xhtml"><p class="res-header-id"><b>Generated Narrative: ValueSet ProcedureUdfoertK2DCCG</b></p><a name="ProcedureUdfoertK2DCCG"> </a><a name="hcProcedureUdfoertK2DCCG"> </a><a name="ProcedureUdfoertK2DCCG-en-US"> </a><p>This value set includes codes based on the following rules:</p><ul><li>Include these codes as defined in <a href="CodeSystem-ProcedureType.html"><code>https://kip.sundk.dk/fhir/CodeSystem/ProcedureType</code></a><table class="none"><tr><td style="white-space:nowrap"><b>Code</b></td><td><b>Display</b></td><td><b>Definition</b></td></tr><tr><td><a href="CodeSystem-ProcedureType.html#ProcedureType-stoma_shunt">stoma_shunt</a></td><td>Kun aflastende stomi eller intern shunt</td><td>Kun aflastende stomi eller intern shunt</td></tr><tr><td><a href="CodeSystem-ProcedureType.html#ProcedureType-exploratory_intervention">exploratory_intervention</a></td><td>Kun eksplorativt indgreb</td><td>Kun eksplorativt indgreb</td></tr><tr><td><a href="CodeSystem-ProcedureType.html#ProcedureType-stent_colon">stent_colon</a></td><td>Stentanlæggelse i colon</td><td>Stentanlæggelse i colon</td></tr></table></li><li>Include these codes as defined in <a href="CodeSystem-GenericValues.html"><code>https://kip.sundk.dk/fhir/CodeSystem/GenericValues</code></a><table class="none"><tr><td style="white-space:nowrap"><b>Code</b></td><td><b>Display</b></td><td><b>Definition</b></td></tr><tr><td><a href="CodeSystem-GenericValues.html#GenericValues-other">other</a></td><td>Anden aflastende procedure</td><td>Other - used to choose unspecific value not in a valueset</td></tr></table></li></ul></div></text><url value="https://kip.sundk.dk/fhir/ValueSet/ProcedureUdfoertK2DCCG"/><version value="0.0.9"/><name value="ProcedureUdfoertK2DCCG"/><title value="Udført procedure K2 (DCCG)"/><status value="active"/><experimental value="true"/><date value="2023-03-02T00:00:00+02:00"/><publisher value="Sundhedsvæsnets Kvalistetsinstitut with Trifork Public A/S"/><contact><name value="Sundhedsvæsnets Kvalistetsinstitut with Trifork Public A/S"/><telecom><system value="url"/><value value="https://trifork.com"/></telecom><telecom><system value="email"/><value value="rbk@trifork.com"/></telecom></contact><description value="Udført procedure K2 (DCCG)"/><compose><include><system value="https://kip.sundk.dk/fhir/CodeSystem/ProcedureType"/><concept><code value="stoma_shunt"/><display value="Kun aflastende stomi eller intern shunt"/></concept><concept><code value="exploratory_intervention"/><display value="Kun eksplorativt indgreb"/></concept><concept><code value="stent_colon"/><display value="Stentanlæggelse i colon"/></concept></include><include><system value="https://kip.sundk.dk/fhir/CodeSystem/GenericValues"/><concept><code value="other"/><display value="Anden aflastende procedure"/></concept></include></compose></ValueSet>