<?xml version="1.0" encoding="UTF-8"?><ValueSet xmlns="http://hl7.org/fhir"><id value="SOROverflytningRETSPSYKNJ"/><text><status value="extensions"/><div xmlns="http://www.w3.org/1999/xhtml"><p class="res-header-id"><b>Generated Narrative: ValueSet SOROverflytningRETSPSYKNJ</b></p><a name="SOROverflytningRETSPSYKNJ"> </a><a name="hcSOROverflytningRETSPSYKNJ"> </a><a name="SOROverflytningRETSPSYKNJ-en-US"> </a><ul><li>Include these codes as defined in <a href="CodeSystem-SOR.html"><code>https://kip.rkkp.dk/fhir/CodeSystem/SOR</code></a><table class="none"><tr><td style="white-space:nowrap"><b>Code</b></td><td><b>Display</b></td><td><b>Definition</b></td></tr><tr><td><a href="CodeSystem-SOR.html#SOR-278121000016009">278121000016009</a></td><td>PS Almenpsykiatrisk Afdeling, Nord</td><td>Psykiatrien Nordjylland - PS Klinik Nord</td></tr><tr><td><a href="CodeSystem-SOR.html#SOR-983051000016003">983051000016003</a></td><td>Brø Amb Midtv. Brøn. Psykose</td><td>Psykiatrien Nordjylland - Brø Amb Midtv. Brøn. Psykose</td></tr><tr><td><a href="CodeSystem-SOR.html#SOR-983041000016001">983041000016001</a></td><td>Brø Amb Midtv. Hjør. Psykose</td><td>Psykiatrien Nordjylland - Brø Amb Midtv. Hjør. Psykose</td></tr><tr><td><a href="CodeSystem-SOR.html#SOR-698861000016003">698861000016003</a></td><td>Brø Amb Midtv. Affektiv </td><td>Psykiatrien Nordjylland - Brø Amb Midtv. Affektiv</td></tr><tr><td><a href="CodeSystem-SOR.html#SOR-278291000016004">278291000016004</a></td><td>PS Almenpsykiatrisk Afdeling, Syd</td><td>Psykiatrien Nordjylland  - PS Klinik Syd</td></tr><tr><td><a href="CodeSystem-SOR.html#SOR-278321000016007">278321000016007</a></td><td>PS Almenpsykiatrisk, Syd Ambulatorier  </td><td>Psykiatrien Nordjylland - PS Klinik Syd Ambulatorier</td></tr><tr><td><a href="CodeSystem-SOR.html#SOR-278231000016000">278231000016000</a></td><td>PS Retspsykiatrisk Sengeafsnit</td><td>Psykiatrien Nordjylland - PS Klinik Syd Retspsykiatri</td></tr><tr><td><a href="CodeSystem-SOR.html#SOR-278221000016002">278221000016002</a></td><td>PS Retspsykiatrisk Afdeling</td><td>Psykiatrien Nordjylland - PS Retspsykiatri</td></tr><tr><td><a href="CodeSystem-SOR.html#SOR-278191000016007">278191000016007</a></td><td>PS Ældrepsykiatrisk Afdeling</td><td>PS Ældrepsykiatrisk Afdeling</td></tr><tr><td><a href="CodeSystem-SOR.html#SOR-625211000016002">625211000016002</a></td><td>Brø Amb Angst og Tvangssygdom </td><td>Brø Amb Angst og Tvangssygdom</td></tr><tr><td><a href="CodeSystem-SOR.html#SOR-456481000016000">456481000016000</a></td><td>Brø Amb Personlighedspsykiatri</td><td/></tr><tr><td><a href="CodeSystem-SOR.html#SOR-576481000016005">576481000016005</a></td><td>Brø Amb Psyk Udviklingshæmmede</td><td>Brø Amb Psyk Udviklingshæmmede</td></tr><tr><td><a href="CodeSystem-SOR.html#SOR-1060741000016000">1060741000016000</a></td><td>TM Psyk Amb Thy-Mors Bosted</td><td>TM Psyk Amb Thy-Mors Bosted</td></tr><tr><td><a href="CodeSystem-SOR.html#SOR-1060711000016001">1060711000016001</a></td><td>TM Psyk Amb Thy-Mors Psykose</td><td>TM Psyk Amb Thy-Mors Psykose</td></tr><tr><td><a href="CodeSystem-SOR.html#SOR-495051000016001">495051000016001</a></td><td>Thy Psyk Amb Thy-Mors</td><td>Thy Psyk Amb Thy-Mors</td></tr><tr><td><a href="CodeSystem-SOR.html#SOR-366121000016007">366121000016007</a></td><td>Frh Psyk Amb Frederikshavn</td><td>Frh Psyk Amb Frederikshavn</td></tr><tr><td><a href="CodeSystem-SOR.html#SOR-1066921000016005">1066921000016005</a></td><td>Frh Psyk Amb Frederikshavn Psykose</td><td>Frh Psyk Amb Frederikshavn Psykose</td></tr><tr><td><a href="CodeSystem-SOR.html#SOR-278131000016006">278131000016006</a></td><td>PS Almenpsykiatrisk, Nord Sengeafsnit</td><td>PS Almenpsykiatrisk, Nord Sengeafsnit</td></tr><tr><td><a href="CodeSystem-SOR.html#SOR-278211000016006">278211000016006</a></td><td>PS Ældrepsykiatrisk Ambulatorier</td><td>PS Ældrepsykiatrisk Ambulatorier</td></tr><tr><td><a href="CodeSystem-SOR.html#SOR-278201000016009">278201000016009</a></td><td>PS Ældrepsykiatrisk Sengeafsnit</td><td>PS Ældrepsykiatrisk Sengeafsnit</td></tr><tr><td><a href="CodeSystem-SOR.html#SOR-366391000016008">366391000016008</a></td><td>Alb Amb Angst og Tvangssygdom</td><td>Alb Amb Angst og Tvangssygdom</td></tr><tr><td><a href="CodeSystem-SOR.html#SOR-366381000016006">366381000016006</a></td><td>Alb Amb Personlighedsforstyrrelser</td><td>Alb Amb Personlighedsforstyrrelser</td></tr><tr><td><a href="CodeSystem-SOR.html#SOR-983011000016002">983011000016002</a></td><td>Alb Amb Psykose Aalborg Centrum </td><td>Alb Amb Psykose Aalborg Centrum</td></tr><tr><td><a href="CodeSystem-SOR.html#SOR-983021000016006">983021000016006</a></td><td>Alb Amb Psykose Aalborg SydØst</td><td>Alb Amb Psykose Aalborg SydØst</td></tr><tr><td><a href="CodeSystem-SOR.html#SOR-983031000016008">983031000016008</a></td><td>Alb Amb Psykose Himmerland</td><td>Alb Amb Psykose Himmerland</td></tr><tr><td><a href="CodeSystem-SOR.html#SOR-366411000016008">366411000016008</a></td><td>Alb Amb Psykose specialafsnit</td><td>Alb Amb Psykose specialafsnit</td></tr><tr><td><a href="CodeSystem-SOR.html#SOR-438091000016005">438091000016005</a></td><td>Alb Amb Unge med Skizofreni</td><td>Alb Amb Unge med Skizofreni</td></tr><tr><td><a href="CodeSystem-SOR.html#SOR-508591000016003">508591000016003</a></td><td>Alb Amb for ADHD Voksne</td><td>Alb Amb for ADHD Voksne</td></tr><tr><td><a href="CodeSystem-SOR.html#SOR-685871000016000">685871000016000</a></td><td>Alb Amb for Bipolar Lidelse</td><td>Alb Amb for Bipolar Lidelse</td></tr><tr><td><a href="CodeSystem-SOR.html#SOR-366431000016002">366431000016002</a></td><td>Alb Amb for Depression</td><td>Alb Amb for Depression</td></tr><tr><td><a href="CodeSystem-SOR.html#SOR-983001000016004">983001000016004</a></td><td>Alm Amb Psykose Aalborg Nord</td><td>Alm Amb Psykose Aalborg Nord</td></tr><tr><td><a href="CodeSystem-SOR.html#SOR-278301000016000">278301000016000</a></td><td>PS Almenpsykiatrisk, Syd Sengeafsnit</td><td>PS Almenpsykiatrisk, Syd Sengeafsnit</td></tr></table></li></ul></div></text><url value="https://kip.rkkp.dk/fhir/ValueSet/SOROverflytningRETSPSYKNJ"/><version value="0.1.8"/><name value="SOROverflytningRETSPSYKNJ"/><title value="SOR: Overflytning Nordjylland (RETSPSYK)"/><status value="active"/><experimental value="true"/><date value="2024-03-13T00:00:00+02:00"/><publisher value="Sundhedsvæsnets Kvalistetsinstitut with Trifork Digital Health A/S"/><contact><name value="Sundhedsvæsnets Kvalistetsinstitut with Trifork Digital Health A/S"/><telecom><system value="url"/><value value="https://trifork.com"/></telecom><telecom><system value="email"/><value value="rbk@trifork.com"/></telecom></contact><description value="SOR: Overflytning Nordjylland (RETSPSYK)"/><compose><include><system value="https://kip.rkkp.dk/fhir/CodeSystem/SOR"/><concept><code value="278121000016009"/><display value="PS Almenpsykiatrisk Afdeling, Nord"/></concept><concept><code value="983051000016003"/><display value="Brø Amb Midtv. Brøn. Psykose"/></concept><concept><code value="983041000016001"/><display value="Brø Amb Midtv. Hjør. Psykose"/></concept><concept><code value="698861000016003"/><display value="Brø Amb Midtv. Affektiv "/></concept><concept><code value="278291000016004"/><display value="PS Almenpsykiatrisk Afdeling, Syd"/></concept><concept><code value="278321000016007"/><display value="PS Almenpsykiatrisk, Syd Ambulatorier  "/></concept><concept><code value="278231000016000"/><display value="PS Retspsykiatrisk Sengeafsnit"/></concept><concept><code value="278221000016002"/><display value="PS Retspsykiatrisk Afdeling"/></concept><concept><code value="278191000016007"/><display value="PS Ældrepsykiatrisk Afdeling"/></concept><concept><code value="625211000016002"/><display value="Brø Amb Angst og Tvangssygdom "/></concept><concept><code value="456481000016000"/><display value="Brø Amb Personlighedspsykiatri"/></concept><concept><code value="576481000016005"/><display value="Brø Amb Psyk Udviklingshæmmede"/></concept><concept><code value="1060741000016000"/><display value="TM Psyk Amb Thy-Mors Bosted"/></concept><concept><code value="1060711000016001"/><display value="TM Psyk Amb Thy-Mors Psykose"/></concept><concept><code value="495051000016001"/><display value="Thy Psyk Amb Thy-Mors"/></concept><concept><code value="366121000016007"/><display value="Frh Psyk Amb Frederikshavn"/></concept><concept><code value="1066921000016005"/><display value="Frh Psyk Amb Frederikshavn Psykose"/></concept><concept><code value="278131000016006"/><display value="PS Almenpsykiatrisk, Nord Sengeafsnit"/></concept><concept><code value="278211000016006"/><display value="PS Ældrepsykiatrisk Ambulatorier"/></concept><concept><code value="278201000016009"/><display value="PS Ældrepsykiatrisk Sengeafsnit"/></concept><concept><code value="366391000016008"/><display value="Alb Amb Angst og Tvangssygdom"/></concept><concept><code value="366381000016006"/><display value="Alb Amb Personlighedsforstyrrelser"/></concept><concept><code value="983011000016002"/><display value="Alb Amb Psykose Aalborg Centrum "/></concept><concept><code value="983021000016006"/><display value="Alb Amb Psykose Aalborg SydØst"/></concept><concept><code value="983031000016008"/><display value="Alb Amb Psykose Himmerland"/></concept><concept><code value="366411000016008"/><display value="Alb Amb Psykose specialafsnit"/></concept><concept><code value="438091000016005"/><display value="Alb Amb Unge med Skizofreni"/></concept><concept><code value="508591000016003"/><display value="Alb Amb for ADHD Voksne"/></concept><concept><code value="685871000016000"/><display value="Alb Amb for Bipolar Lidelse"/></concept><concept><code value="366431000016002"/><display value="Alb Amb for Depression"/></concept><concept><code value="983001000016004"/><display value="Alm Amb Psykose Aalborg Nord"/></concept><concept><code value="278301000016000"/><display value="PS Almenpsykiatrisk, Syd Sengeafsnit"/></concept></include></compose></ValueSet>