<?xml version="1.0" encoding="UTF-8"?><ValueSet xmlns="http://hl7.org/fhir"><id value="AnaestesiGenerelSpinalEpiduralLokalanalgesi"/><text><status value="extensions"/><div xmlns="http://www.w3.org/1999/xhtml"><p class="res-header-id"><b>Generated Narrative: ValueSet AnaestesiGenerelSpinalEpiduralLokalanalgesi</b></p><a name="AnaestesiGenerelSpinalEpiduralLokalanalgesi"> </a><a name="hcAnaestesiGenerelSpinalEpiduralLokalanalgesi"> </a><a name="AnaestesiGenerelSpinalEpiduralLokalanalgesi-en-US"> </a><ul><li>Include these codes as defined in <a href="CodeSystem-AnasthesiaService.html"><code>https://kip.sundk.dk/fhir/CodeSystem/AnasthesiaService</code></a><table class="none"><tr><td style="white-space:nowrap"><b>Code</b></td><td><b>Display</b></td><td><b>Definition</b></td></tr><tr><td><a href="CodeSystem-AnasthesiaService.html#AnasthesiaService-regional">regional</a></td><td>Spinal/epidural</td><td>Regional (spinal/epidural) / SNOMED-CT: 231262009</td></tr><tr><td><a href="CodeSystem-AnasthesiaService.html#AnasthesiaService-gen_anesthesia">gen_anesthesia</a></td><td>Generel anæstesi</td><td>Generel anæstesi / SNOMED-CT: 50697003</td></tr><tr><td><a href="CodeSystem-AnasthesiaService.html#AnasthesiaService-local_analgesia">local_analgesia</a></td><td>Lokalanalgesi</td><td>Lokal analgesi</td></tr></table></li></ul></div></text><url value="https://kip.sundk.dk/fhir/ValueSet/AnaestesiGenerelSpinalEpiduralLokalanalgesi"/><version value="0.0.9"/><name value="AnaestesiGenerelSpinalEpiduralLokalanalgesi"/><title value="Anæstesi - Generel, lokalanalgesi og spinal/epidural anæstesi"/><status value="active"/><experimental value="true"/><date value="2023-01-18T00:00:00+02:00"/><publisher value="Sundhedsvæsnets Kvalistetsinstitut with Trifork Public A/S"/><contact><name value="Sundhedsvæsnets Kvalistetsinstitut with Trifork Public A/S"/><telecom><system value="url"/><value value="https://trifork.com"/></telecom><telecom><system value="email"/><value value="rbk@trifork.com"/></telecom></contact><description value="Værdier for generel, lokalanalgesi og spinal/epidural anæstesi."/><compose><include><system value="https://kip.sundk.dk/fhir/CodeSystem/AnasthesiaService"/><concept><code value="regional"/><display value="Spinal/epidural"/></concept><concept><code value="gen_anesthesia"/><display value="Generel anæstesi"/></concept><concept><code value="local_analgesia"/><display value="Lokalanalgesi"/></concept></include></compose></ValueSet>