<?xml version="1.0" encoding="UTF-8"?><ValueSet xmlns="http://hl7.org/fhir"><id value="TrombektomiPerfusion"/><text><status value="extensions"/><div xmlns="http://www.w3.org/1999/xhtml"><p class="res-header-id"><b>Generated Narrative: ValueSet TrombektomiPerfusion</b></p><a name="TrombektomiPerfusion"> </a><a name="hcTrombektomiPerfusion"> </a><a name="TrombektomiPerfusion-en-US"> </a><ul><li>Include these codes as defined in <a href="CodeSystem-TrombektomiPerfusion.html"><code>https://kip.rkkp.dk/fhir/CodeSystem/TrombektomiPerfusion</code></a><table class="none"><tr><td style="white-space:nowrap"><b>Code</b></td><td><b>Display</b></td><td><b>Definition</b></td></tr><tr><td><a href="CodeSystem-TrombektomiPerfusion.html#TrombektomiPerfusion-med_reperfusion">med_reperfusion</a></td><td>Trombektomi med efterfølgende helt eller delvist opnået reperfusion</td><td>Trombektomi med efterfølgende helt eller delvist opnået reperfusion</td></tr><tr><td><a href="CodeSystem-TrombektomiPerfusion.html#TrombektomiPerfusion-uden_reperfusion">uden_reperfusion</a></td><td>Trombektomi uden efterfølgende reperfusion</td><td>Trombektomi uden efterfølgende reperfusion</td></tr><tr><td><a href="CodeSystem-TrombektomiPerfusion.html#TrombektomiPerfusion-spontan_reperfusion">spontan_reperfusion</a></td><td>Spontan reperfusion</td><td>Spontan reperfusion</td></tr><tr><td><a href="CodeSystem-TrombektomiPerfusion.html#TrombektomiPerfusion-hypoperfusion">hypoperfusion</a></td><td>Stenosebetinget hypoperfusion uden trombektomi behandlet</td><td>Stenosebetinget hypoperfusion uden trombektomi behandlet</td></tr></table></li></ul></div></text><url value="https://kip.rkkp.dk/fhir/ValueSet/TrombektomiPerfusion"/><version value="0.1.6"/><name value="TrombektomiPerfusion"/><title value="Trombektomi-Perfusion (Danstroke)"/><status value="active"/><experimental value="true"/><date value="2023-05-16T00:00:00+02:00"/><publisher value="Sundhedsvæsnets Kvalistetsinstitut with Trifork Digital Health A/S"/><contact><name value="Sundhedsvæsnets Kvalistetsinstitut with Trifork Digital Health A/S"/><telecom><system value="url"/><value value="https://trifork.com"/></telecom><telecom><system value="email"/><value value="rbk@trifork.com"/></telecom></contact><description value="Perfusion opnået under trombektomi"/><compose><include><system value="https://kip.rkkp.dk/fhir/CodeSystem/TrombektomiPerfusion"/><concept><code value="med_reperfusion"/><display value="Trombektomi med efterfølgende helt eller delvist opnået reperfusion"/></concept><concept><code value="uden_reperfusion"/><display value="Trombektomi uden efterfølgende reperfusion"/></concept><concept><code value="spontan_reperfusion"/><display value="Spontan reperfusion"/></concept><concept><code value="hypoperfusion"/><display value="Stenosebetinget hypoperfusion uden trombektomi behandlet"/></concept></include></compose></ValueSet>