<?xml version="1.0" encoding="UTF-8"?><ValueSet xmlns="http://hl7.org/fhir"><id value="ModifiedRaymondRoyKlassification"/><text><status value="extensions"/><div xmlns="http://www.w3.org/1999/xhtml"><p class="res-header-id"><b>Generated Narrative: ValueSet ModifiedRaymondRoyKlassification</b></p><a name="ModifiedRaymondRoyKlassification"> </a><a name="hcModifiedRaymondRoyKlassification"> </a><a name="ModifiedRaymondRoyKlassification-en-US"> </a><ul><li>Include these codes as defined in <a href="CodeSystem-RaymondRoyClassification.html"><code>https://kip.rkkp.dk/fhir/CodeSystem/RaymondRoyClassification</code></a><table class="none"><tr><td style="white-space:nowrap"><b>Code</b></td><td><b>Display</b></td><td><b>Definition</b></td></tr><tr><td><a href="CodeSystem-RaymondRoyClassification.html#RaymondRoyClassification-classi">classi</a></td><td>I, komplet aflukning</td><td>Class I: Complete obliteration</td></tr><tr><td><a href="CodeSystem-RaymondRoyClassification.html#RaymondRoyClassification-classii">classii</a></td><td>II, hals rest</td><td>Class II: Residual neck</td></tr><tr><td><a href="CodeSystem-RaymondRoyClassification.html#RaymondRoyClassification-classiiia">classiiia</a></td><td>IIIa, rest aneurisme - kontrastopløb centralt i coilpakken</td><td>Class IIIa: Contrast opacification within the coil interstices of a residual aneurysm (only in MRRC)</td></tr><tr><td><a href="CodeSystem-RaymondRoyClassification.html#RaymondRoyClassification-classiiib">classiiib</a></td><td>IIIb, rest aneurisme - kontrastopløb langs aneurismevæggen</td><td>Class IIIb: contrast opacification outside the coil interstices, along the residual aneurysm wall (only in MRRC)</td></tr></table></li></ul></div></text><url value="https://kip.rkkp.dk/fhir/ValueSet/ModifiedRaymondRoyKlassification"/><version value="0.2.1"/><name value="ModifiedRaymondRoyKlassification"/><title value="Modified Raymond-Roy klassifikation (MRRC)"/><status value="active"/><experimental value="true"/><date value="2022-06-29T00:00:00+02:00"/><publisher value="Sundhedsvæsnets Kvalistetsinstitut with Trifork Digital Health A/S"/><contact><name value="Sundhedsvæsnets Kvalistetsinstitut with Trifork Digital Health A/S"/><telecom><system value="url"/><value value="https://trifork.com"/></telecom><telecom><system value="email"/><value value="rbk@trifork.com"/></telecom></contact><description value="Modified Raymond-Roy klassifikation (MRRC)"/><compose><include><system value="https://kip.rkkp.dk/fhir/CodeSystem/RaymondRoyClassification"/><concept><code value="classi"/><display value="I, komplet aflukning"/></concept><concept><code value="classii"/><display value="II, hals rest"/></concept><concept><code value="classiiia"/><display value="IIIa, rest aneurisme - kontrastopløb centralt i coilpakken"/></concept><concept><code value="classiiib"/><display value="IIIb, rest aneurisme - kontrastopløb langs aneurismevæggen"/></concept></include></compose></ValueSet>