<?xml version="1.0" encoding="UTF-8"?><ValueSet xmlns="http://hl7.org/fhir"><id value="EORTC17DUGA"/><text><status value="extensions"/><div xmlns="http://www.w3.org/1999/xhtml"><p class="res-header-id"><b>Generated Narrative: ValueSet EORTC17DUGA</b></p><a name="EORTC17DUGA"> </a><a name="hcEORTC17DUGA"> </a><a name="EORTC17DUGA-en-US"> </a><ul><li>Include these codes as defined in <a href="CodeSystem-EORTCQLQC1517.html"><code>https://kip.rkkp.dk/fhir/CodeSystem/EORTCQLQC1517</code></a><table class="none"><tr><td style="white-space:nowrap"><b>Code</b></td><td><b>Display</b></td><td><b>Definition</b></td></tr><tr><td><a href="CodeSystem-EORTCQLQC1517.html#EORTCQLQC1517-grade_7">grade_7</a></td><td>Rigtig meget bedre</td><td>7. Særdeles god</td></tr><tr><td><a href="CodeSystem-EORTCQLQC1517.html#EORTCQLQC1517-grade_6">grade_6</a></td><td>Meget bedre</td><td>6. God</td></tr><tr><td><a href="CodeSystem-EORTCQLQC1517.html#EORTCQLQC1517-grade_5">grade_5</a></td><td>Lidt bedre</td><td>5. Mindre god</td></tr><tr><td><a href="CodeSystem-EORTCQLQC1517.html#EORTCQLQC1517-grade_4">grade_4</a></td><td>Ingen ændring</td><td>4. Hverken god eller dårlig</td></tr><tr><td><a href="CodeSystem-EORTCQLQC1517.html#EORTCQLQC1517-grade_3">grade_3</a></td><td>Lidt værre</td><td>3. Mindre dårlig</td></tr><tr><td><a href="CodeSystem-EORTCQLQC1517.html#EORTCQLQC1517-grade_2">grade_2</a></td><td>Meget værre</td><td>2. Dårlig</td></tr><tr><td><a href="CodeSystem-EORTCQLQC1517.html#EORTCQLQC1517-grade_1">grade_1</a></td><td>Betydeligt værre</td><td>1. Meget dårlig</td></tr></table></li></ul></div></text><url value="https://kip.rkkp.dk/fhir/ValueSet/EORTC17DUGA"/><version value="0.2.1"/><name value="EORTC17DUGA"/><title value="EORTC Grad 1-7 (DUGA)"/><status value="active"/><experimental value="true"/><date value="2024-03-06T00:00:00+02:00"/><publisher value="Sundhedsvæsnets Kvalistetsinstitut with Trifork Digital Health A/S"/><contact><name value="Sundhedsvæsnets Kvalistetsinstitut with Trifork Digital Health A/S"/><telecom><system value="url"/><value value="https://trifork.com"/></telecom><telecom><system value="email"/><value value="rbk@trifork.com"/></telecom></contact><description value="EORTC Grad 1-7 - Livskvalitetssvurdering (DUGA)"/><compose><include><system value="https://kip.rkkp.dk/fhir/CodeSystem/EORTCQLQC1517"/><concept><code value="grade_7"/><display value="Rigtig meget bedre"/></concept><concept><code value="grade_6"/><display value="Meget bedre"/></concept><concept><code value="grade_5"/><display value="Lidt bedre"/></concept><concept><code value="grade_4"/><display value="Ingen ændring"/></concept><concept><code value="grade_3"/><display value="Lidt værre"/></concept><concept><code value="grade_2"/><display value="Meget værre"/></concept><concept><code value="grade_1"/><display value="Betydeligt værre"/></concept></include></compose></ValueSet>