<?xml version="1.0" encoding="UTF-8"?><ValueSet xmlns="http://hl7.org/fhir"><id value="KliniskeSymptomerDCCG"/><text><status value="extensions"/><div xmlns="http://www.w3.org/1999/xhtml"><p class="res-header-id"><b>Generated Narrative: ValueSet KliniskeSymptomerDCCG</b></p><a name="KliniskeSymptomerDCCG"> </a><a name="hcKliniskeSymptomerDCCG"> </a><a name="KliniskeSymptomerDCCG-en-US"> </a><p>This value set includes codes based on the following rules:</p><ul><li>Include these codes as defined in <a href="CodeSystem-KliniskeSymptomerDCCG.html"><code>https://kip.rkkp.dk/fhir/CodeSystem/KliniskeSymptomerDCCG</code></a><table class="none"><tr><td style="white-space:nowrap"><b>Code</b></td><td><b>Display</b></td><td><b>Definition</b></td></tr><tr><td><a href="CodeSystem-KliniskeSymptomerDCCG.html#KliniskeSymptomerDCCG-ileus">ileus</a></td><td>Ileus</td><td>Ileus</td></tr><tr><td><a href="CodeSystem-KliniskeSymptomerDCCG.html#KliniskeSymptomerDCCG-spontan_perf">spontan_perf</a></td><td>Spontan perforation</td><td>Spontan perforation</td></tr><tr><td><a href="CodeSystem-KliniskeSymptomerDCCG.html#KliniskeSymptomerDCCG-bloedning">bloedning</a></td><td>Blødning</td><td>Blødning</td></tr><tr><td><a href="CodeSystem-KliniskeSymptomerDCCG.html#KliniskeSymptomerDCCG-endoscopi_foelge">endoscopi_foelge</a></td><td>Følge efter endoskopi</td><td>Følge efter endoskopi</td></tr><tr><td><a href="CodeSystem-KliniskeSymptomerDCCG.html#KliniskeSymptomerDCCG-endoscopi_lokalresek_foelge">endoscopi_lokalresek_foelge</a></td><td>Følge efter endoskopisk lokalresektion</td><td>Følge efter endoskopisk lokalresektion</td></tr><tr><td><a href="CodeSystem-KliniskeSymptomerDCCG.html#KliniskeSymptomerDCCG-stent_foelge">stent_foelge</a></td><td>Følge af stentanlæggelse</td><td>Følge af stentanlæggelse</td></tr></table></li><li>Include these codes as defined in <a href="CodeSystem-GenericValues.html"><code>https://kip.rkkp.dk/fhir/CodeSystem/GenericValues</code></a><table class="none"><tr><td style="white-space:nowrap"><b>Code</b></td><td><b>Display</b></td><td><b>Definition</b></td></tr><tr><td><a href="CodeSystem-GenericValues.html#GenericValues-other">other</a></td><td>Andet</td><td>Other - used to choose unspecific value not in a valueset</td></tr></table></li></ul></div></text><url value="https://kip.rkkp.dk/fhir/ValueSet/KliniskeSymptomerDCCG"/><version value="2.9.1"/><name value="KliniskeSymptomerDCCG"/><title value="Kliniske symptomer (DCCG)"/><status value="active"/><experimental value="true"/><date value="2022-11-09T00:00:00+02:00"/><publisher value="Sundhedsvæsnets Kvalistetsinstitut with Trifork Digital Health A/S"/><contact><name value="Sundhedsvæsnets Kvalistetsinstitut with Trifork Digital Health A/S"/><telecom><system value="url"/><value value="https://trifork.com"/></telecom><telecom><system value="email"/><value value="rbk@trifork.com"/></telecom></contact><description value="Kliniske symptomer (DCCG)"/><compose><include><system value="https://kip.rkkp.dk/fhir/CodeSystem/KliniskeSymptomerDCCG"/><concept><code value="ileus"/><display value="Ileus"/></concept><concept><code value="spontan_perf"/><display value="Spontan perforation"/></concept><concept><code value="bloedning"/><display value="Blødning"/></concept><concept><code value="endoscopi_foelge"/><display value="Følge efter endoskopi"/></concept><concept><code value="endoscopi_lokalresek_foelge"/><display value="Følge efter endoskopisk lokalresektion"/></concept><concept><code value="stent_foelge"/><display value="Følge af stentanlæggelse"/></concept></include><include><system value="https://kip.rkkp.dk/fhir/CodeSystem/GenericValues"/><concept><code value="other"/><display value="Andet"/></concept></include></compose></ValueSet>