<?xml version="1.0" encoding="UTF-8"?><ValueSet xmlns="http://hl7.org/fhir"><id value="MaaleEnhedHAEMA3"/><text><status value="extensions"/><div xmlns="http://www.w3.org/1999/xhtml"><p class="res-header-id"><b>Generated Narrative: ValueSet MaaleEnhedHAEMA3</b></p><a name="MaaleEnhedHAEMA3"> </a><a name="hcMaaleEnhedHAEMA3"> </a><a name="MaaleEnhedHAEMA3-en-US"> </a><ul><li>Include these codes as defined in <a href="CodeSystem-MaaleEnheder.html"><code>https://kip.rkkp.dk/fhir/CodeSystem/MaaleEnheder</code></a><table class="none"><tr><td style="white-space:nowrap"><b>Code</b></td><td><b>Display</b></td><td><b>Definition</b></td></tr><tr><td><a href="CodeSystem-MaaleEnheder.html#MaaleEnheder-g-l">g-l</a></td><td>g/L - Gram per liter</td><td>Gram per liter</td></tr><tr><td><a href="CodeSystem-MaaleEnheder.html#MaaleEnheder-g-24h">g-24h</a></td><td>g/24h - Gram per døgn</td><td>Gram per døgn</td></tr></table></li></ul></div></text><url value="https://kip.rkkp.dk/fhir/ValueSet/MaaleEnhedHAEMA3"/><version value="0.2.1"/><name value="MaaleEnhedHAEMA3"/><title value="Måleenhed HÆMA-3"/><status value="active"/><experimental value="true"/><date value="2022-06-28T00:00:00+02:00"/><publisher value="Sundhedsvæsnets Kvalistetsinstitut with Trifork Digital Health A/S"/><contact><name value="Sundhedsvæsnets Kvalistetsinstitut with Trifork Digital Health A/S"/><telecom><system value="url"/><value value="https://trifork.com"/></telecom><telecom><system value="email"/><value value="rbk@trifork.com"/></telecom></contact><description value="Måleenheder HÆMA - udfaldsrum med 3 enheder"/><compose><include><system value="https://kip.rkkp.dk/fhir/CodeSystem/MaaleEnheder"/><concept><code value="g-l"/><display value="g/L - Gram per liter"/></concept><concept><code value="g-24h"/><display value="g/24h - Gram per døgn"/></concept></include></compose></ValueSet>