<?xml version="1.0" encoding="UTF-8"?><ValueSet xmlns="http://hl7.org/fhir"><id value="MorsDiagnoseLeverDNSL"/><text><status value="generated"/><div xmlns="http://www.w3.org/1999/xhtml"><p class="res-header-id"><b>Generated Narrative: ValueSet MorsDiagnoseLeverDNSL</b></p><a name="MorsDiagnoseLeverDNSL"> </a><a name="hcMorsDiagnoseLeverDNSL"> </a><a name="MorsDiagnoseLeverDNSL-en-US"> </a><ul><li>Include these codes as defined in <a href="CodeSystem-MorsDiagnosekoder.html"><code>https://kip.rkkp.dk/fhir/CodeSystem/MorsDiagnosekoder</code></a><table class="none"><tr><td style="white-space:nowrap"><b>Code</b></td><td><b>Display</b></td></tr><tr><td><a href="CodeSystem-MorsDiagnosekoder.html#MorsDiagnosekoder-DB181">DB181</a></td><td>DB181: Hepatitis B viralis Chronica u Delta agens</td></tr><tr><td><a href="CodeSystem-MorsDiagnosekoder.html#MorsDiagnosekoder-DB182">DB182</a></td><td>DB182: Hepatitis C viralis chronica</td></tr><tr><td><a href="CodeSystem-MorsDiagnosekoder.html#MorsDiagnosekoder-DB188">DB188</a></td><td>DB188: Hepatitis viralis Chronica alia</td></tr><tr><td><a href="CodeSystem-MorsDiagnosekoder.html#MorsDiagnosekoder-DK719">DK719</a></td><td>DK719: Toksisk leversygdom uden specifikation</td></tr><tr><td><a href="CodeSystem-MorsDiagnosekoder.html#MorsDiagnosekoder-DK729">DK729</a></td><td>DK729: Leversvigt uden specifikation</td></tr><tr><td><a href="CodeSystem-MorsDiagnosekoder.html#MorsDiagnosekoder-DK746">DK746</a></td><td>DK746: Cirrhosis hepatis, anden og uden specifikation</td></tr><tr><td><a href="CodeSystem-MorsDiagnosekoder.html#MorsDiagnosekoder-DQ446">DQ446</a></td><td>DQ446: Hepar cysticum congenitum</td></tr></table></li></ul></div></text><url value="https://kip.rkkp.dk/fhir/ValueSet/MorsDiagnoseLeverDNSL"/><version value="0.2.1"/><name value="MorsDiagnoseLeverDNSL"/><title value="Mors Diagnosekode - Lever (DNSL)"/><status value="active"/><experimental value="true"/><date value="2024-01-10T00:00:00+02:00"/><publisher value="Sundhedsvæsnets Kvalistetsinstitut with Trifork Digital Health A/S"/><contact><name value="Sundhedsvæsnets Kvalistetsinstitut with Trifork Digital Health A/S"/><telecom><system value="url"/><value value="https://trifork.com"/></telecom><telecom><system value="email"/><value value="rbk@trifork.com"/></telecom></contact><description value="Mors Diagnosekode - Leverlidelser (DNSL)"/><compose><include><system value="https://kip.rkkp.dk/fhir/CodeSystem/MorsDiagnosekoder"/><concept><code value="DB181"/><display value="DB181: Hepatitis B viralis Chronica u Delta agens"/></concept><concept><code value="DB182"/><display value="DB182: Hepatitis C viralis chronica"/></concept><concept><code value="DB188"/><display value="DB188: Hepatitis viralis Chronica alia"/></concept><concept><code value="DK719"/><display value="DK719: Toksisk leversygdom uden specifikation"/></concept><concept><code value="DK729"/><display value="DK729: Leversvigt uden specifikation"/></concept><concept><code value="DK746"/><display value="DK746: Cirrhosis hepatis, anden og uden specifikation"/></concept><concept><code value="DQ446"/><display value="DQ446: Hepar cysticum congenitum"/></concept></include></compose></ValueSet>