<?xml version="1.0" encoding="UTF-8"?><ValueSet xmlns="http://hl7.org/fhir"><id value="KomplInfektionProcDUGA"/><text><status value="extensions"/><div xmlns="http://www.w3.org/1999/xhtml"><p class="res-header-id"><b>Generated Narrative: ValueSet KomplInfektionProcDUGA</b></p><a name="KomplInfektionProcDUGA"> </a><a name="hcKomplInfektionProcDUGA"> </a><a name="KomplInfektionProcDUGA-en-US"> </a><ul><li>Include these codes as defined in <a href="CodeSystem-ProcedureUrogyn.html"><code>https://kip.rkkp.dk/fhir/CodeSystem/ProcedureUrogyn</code></a><table class="none"><tr><td style="white-space:nowrap"><b>Code</b></td><td><b>Display</b></td><td><b>Definition</b></td></tr><tr><td><a href="CodeSystem-ProcedureUrogyn.html#ProcedureUrogyn-BPH">BPH</a></td><td>BPH: Systemisk antibiotikabehandling af infektionssygdomme</td><td>Systemisk antibiotikabehandling af infektionssygdomme</td></tr><tr><td><a href="CodeSystem-ProcedureUrogyn.html#ProcedureUrogyn-KKBF00">KKBF00</a></td><td>KKBF00: Fjernelse af fremmedlegeme i urinleder</td><td>Fjernelse af fremmedlegeme i urinleder</td></tr><tr><td><a href="CodeSystem-ProcedureUrogyn.html#ProcedureUrogyn-KKCF01">KKCF01</a></td><td>KKCF01: Perkutan endoskopisk fjernelse af fremmedlegeme i urinblære</td><td>Perkutan endoskopisk fjernelse af fremmedlegeme i urinblære</td></tr><tr><td><a href="CodeSystem-ProcedureUrogyn.html#ProcedureUrogyn-KKDE20">KKDE20</a></td><td>KKDE20: Fjernelse af fremmedlegeme fra urinrør</td><td>Fjernelse af fremmedlegeme fra urinrør</td></tr><tr><td><a href="CodeSystem-ProcedureUrogyn.html#ProcedureUrogyn-KLEE00">KLEE00</a></td><td>KLEE00: Sutur af vagina</td><td>Sutur af vagina</td></tr><tr><td><a href="CodeSystem-ProcedureUrogyn.html#ProcedureUrogyn-KLWB00">KLWB00</a></td><td>KLWB00: Reoperation ved overfladisk infektion efter gynækologisk operation</td><td>Reoperation ved overfladisk infektion efter gynækologisk operation</td></tr><tr><td><a href="CodeSystem-ProcedureUrogyn.html#ProcedureUrogyn-KLWC00">KLWC00</a></td><td>KLWC00: Reoperation ved dyb infektion efter gynækologisk operation</td><td>Reoperation ved dyb infektion efter gynækologisk operation</td></tr><tr><td><a href="CodeSystem-ProcedureUrogyn.html#ProcedureUrogyn-KLWC01">KLWC01</a></td><td>KLWC01: Laparoskopisk reoperation ved dyb infektion efter gynækologisk operation</td><td>Laparoskopisk reoperation ved dyb infektion efter gynækologisk operation</td></tr><tr><td><a href="CodeSystem-ProcedureUrogyn.html#ProcedureUrogyn-KLWW96">KLWW96</a></td><td>KLWW96: Anden reoperation efter gynækologisk operation</td><td>Anden reoperation efter gynækologisk operation</td></tr><tr><td><a href="CodeSystem-ProcedureUrogyn.html#ProcedureUrogyn-KLWW96A">KLWW96A</a></td><td>KLWW96A: Fjernelse af fremmedlegeme i bækkenhulen efter gynækologisk operation</td><td>Fjernelse af fremmedlegeme i bækkenhulen efter gynækologisk operation</td></tr><tr><td><a href="CodeSystem-ProcedureUrogyn.html#ProcedureUrogyn-KLWW97A">KLWW97A</a></td><td>KLWW97A: Laparoskopisk fjernelse af fremmedlegeme i bækkenhulen efter gynækologisk operation</td><td>Laparoskopisk fjernelse af fremmedlegeme i bækkenhulen efter gynækologisk operation</td></tr><tr><td><a href="CodeSystem-ProcedureUrogyn.html#ProcedureUrogyn-KTLE10">KTLE10</a></td><td>KTLE10: Fjernelse af fremmedlegeme fra vagina</td><td>Fjernelse af fremmedlegeme fra vagina</td></tr></table></li></ul></div></text><url value="https://kip.rkkp.dk/fhir/ValueSet/KomplInfektionProcDUGA"/><version value="2.9.3"/><name value="KomplInfektionProcDUGA"/><title value="Komplikationer pga. infektion eller erosion - Procedurekoder (DUGA)"/><status value="active"/><experimental value="true"/><date value="2024-02-21T00:00:00+02:00"/><publisher value="Sundhedsvæsenets Kvalitetsinstitut with Trifork Digital Health A/S"/><contact><name value="Sundhedsvæsenets Kvalitetsinstitut with Trifork Digital Health A/S"/><telecom><system value="url"/><value value="https://trifork.com"/></telecom><telecom><system value="email"/><value value="rbk@trifork.com"/></telecom></contact><description value="Komplikationer pga. infektion eller erosion - Procedurekoder (DUGA)"/><compose><include><system value="https://kip.rkkp.dk/fhir/CodeSystem/ProcedureUrogyn"/><concept><code value="BPH"/><display value="BPH: Systemisk antibiotikabehandling af infektionssygdomme"/></concept><concept><code value="KKBF00"/><display value="KKBF00: Fjernelse af fremmedlegeme i urinleder"/></concept><concept><code value="KKCF01"/><display value="KKCF01: Perkutan endoskopisk fjernelse af fremmedlegeme i urinblære"/></concept><concept><code value="KKDE20"/><display value="KKDE20: Fjernelse af fremmedlegeme fra urinrør"/></concept><concept><code value="KLEE00"/><display value="KLEE00: Sutur af vagina"/></concept><concept><code value="KLWB00"/><display value="KLWB00: Reoperation ved overfladisk infektion efter gynækologisk operation"/></concept><concept><code value="KLWC00"/><display value="KLWC00: Reoperation ved dyb infektion efter gynækologisk operation"/></concept><concept><code value="KLWC01"/><display value="KLWC01: Laparoskopisk reoperation ved dyb infektion efter gynækologisk operation"/></concept><concept><code value="KLWW96"/><display value="KLWW96: Anden reoperation efter gynækologisk operation"/></concept><concept><code value="KLWW96A"/><display value="KLWW96A: Fjernelse af fremmedlegeme i bækkenhulen efter gynækologisk operation"/></concept><concept><code value="KLWW97A"/><display value="KLWW97A: Laparoskopisk fjernelse af fremmedlegeme i bækkenhulen efter gynækologisk operation"/></concept><concept><code value="KTLE10"/><display value="KTLE10: Fjernelse af fremmedlegeme fra vagina"/></concept></include></compose></ValueSet>