<?xml version="1.0" encoding="UTF-8"?><ValueSet xmlns="http://hl7.org/fhir"><id value="KirurgiskAdgangDSR"/><text><status value="extensions"/><div xmlns="http://www.w3.org/1999/xhtml"><p class="res-header-id"><b>Generated Narrative: ValueSet KirurgiskAdgangDSR</b></p><a name="KirurgiskAdgangDSR"> </a><a name="hcKirurgiskAdgangDSR"> </a><a name="KirurgiskAdgangDSR-en-US"> </a><p>This value set includes codes based on the following rules:</p><ul><li>Include these codes as defined in <a href="CodeSystem-IncisionChoice.html"><code>https://kip.sundk.dk/fhir/CodeSystem/IncisionChoice</code></a><table class="none"><tr><td style="white-space:nowrap"><b>Code</b></td><td><b>Display</b></td><td><b>Definition</b></td></tr><tr><td><a href="CodeSystem-IncisionChoice.html#IncisionChoice-delto_pectoral">delto_pectoral</a></td><td>Delto-pectoral</td><td>Delto-pectoral</td></tr><tr><td><a href="CodeSystem-IncisionChoice.html#IncisionChoice-mackenzie">mackenzie</a></td><td>Antero-superior (MacKenzie)</td><td>Antero-superior (MacKenzie)</td></tr></table></li><li>Include these codes as defined in <a href="CodeSystem-GenericValues.html"><code>https://kip.sundk.dk/fhir/CodeSystem/GenericValues</code></a><table class="none"><tr><td style="white-space:nowrap"><b>Code</b></td><td><b>Display</b></td><td><b>Definition</b></td></tr><tr><td><a href="CodeSystem-GenericValues.html#GenericValues-other">other</a></td><td>Anden</td><td>Other - used to choose unspecific value not in a valueset</td></tr></table></li></ul></div></text><url value="https://kip.sundk.dk/fhir/ValueSet/KirurgiskAdgangDSR"/><version value="0.0.9"/><name value="KirurgiskAdgangDSR"/><title value="Kirurgisk adgang (DSR)"/><status value="active"/><experimental value="true"/><date value="2022-10-06T00:00:00+02:00"/><publisher value="Sundhedsvæsnets Kvalistetsinstitut with Trifork Public A/S"/><contact><name value="Sundhedsvæsnets Kvalistetsinstitut with Trifork Public A/S"/><telecom><system value="url"/><value value="https://trifork.com"/></telecom><telecom><system value="email"/><value value="rbk@trifork.com"/></telecom></contact><description value="Kirurgisk adgang (DSR)"/><compose><include><system value="https://kip.sundk.dk/fhir/CodeSystem/IncisionChoice"/><concept><code value="delto_pectoral"/><display value="Delto-pectoral"/></concept><concept><code value="mackenzie"/><display value="Antero-superior (MacKenzie)"/></concept></include><include><system value="https://kip.sundk.dk/fhir/CodeSystem/GenericValues"/><concept><code value="other"/><display value="Anden"/></concept></include></compose></ValueSet>