<?xml version="1.0" encoding="UTF-8"?><ValueSet xmlns="http://hl7.org/fhir"><id value="SKSApopleksiDiagnoser"/><text><status value="extensions"/><div xmlns="http://www.w3.org/1999/xhtml"><p class="res-header-id"><b>Generated Narrative: ValueSet SKSApopleksiDiagnoser</b></p><a name="SKSApopleksiDiagnoser"> </a><a name="hcSKSApopleksiDiagnoser"> </a><a name="SKSApopleksiDiagnoser-en-US"> </a><ul><li>Include these codes as defined in <a href="CodeSystem-SKS.html"><code>https://kip.rkkp.dk/fhir/CodeSystem/SKS</code></a><table class="none"><tr><td style="white-space:nowrap"><b>Code</b></td><td><b>Display</b></td><td><b>Definition</b></td></tr><tr><td><a href="CodeSystem-SKS.html#SKS-DI60">DI60</a></td><td>Aneurysmal Subarachnoidalblødning (SAH I60)</td><td>DI60 - Subaraknoidalblødning</td></tr><tr><td><a href="CodeSystem-SKS.html#SKS-DI61">DI61</a></td><td>Hjerneblødning  (ICH I61)</td><td>DI61 - Hjerneblødning</td></tr><tr><td><a href="CodeSystem-SKS.html#SKS-DI63">DI63</a></td><td>Hjerneinfarkt  (I63)</td><td>DI63 - Hjerneinfarkt</td></tr><tr><td><a href="CodeSystem-SKS.html#SKS-DI64">DI64</a></td><td>Akut apopleksi uden specifikation (I64)</td><td>DI64 - Slagtilfælde uden oplysning om blødning eller infarkt</td></tr><tr><td><a href="CodeSystem-SKS.html#SKS-DG45">DG45</a></td><td>Transitorisk cerebral iskæmi og beslægtede syndromer (TIA) (G45)</td><td>DG45 - Transitorisk cerebral iskæmi og beslægtede syndromer</td></tr></table></li></ul></div></text><url value="https://kip.rkkp.dk/fhir/ValueSet/SKSApopleksiDiagnoser"/><version value="0.1.6"/><name value="SKSApopleksiDiagnoser"/><title value="SKS: Apopleksi diagnoser"/><status value="active"/><experimental value="true"/><date value="2022-06-21T00:00:00+02:00"/><publisher value="Sundhedsvæsnets Kvalistetsinstitut with Trifork Digital Health A/S"/><contact><name value="Sundhedsvæsnets Kvalistetsinstitut with Trifork Digital Health A/S"/><telecom><system value="url"/><value value="https://trifork.com"/></telecom><telecom><system value="email"/><value value="rbk@trifork.com"/></telecom></contact><description value="SKS koderne relevante Apopleksi databasen (DAP)"/><compose><include><system value="https://kip.rkkp.dk/fhir/CodeSystem/SKS"/><concept><code value="DI60"/><display value="Aneurysmal Subarachnoidalblødning (SAH I60)"/></concept><concept><code value="DI61"/><display value="Hjerneblødning  (ICH I61)"/></concept><concept><code value="DI63"/><display value="Hjerneinfarkt  (I63)"/></concept><concept><code value="DI64"/><display value="Akut apopleksi uden specifikation (I64)"/></concept><concept><code value="DG45"/><display value="Transitorisk cerebral iskæmi og beslægtede syndromer (TIA) (G45)"/></concept></include></compose></ValueSet>