<?xml version="1.0" encoding="UTF-8"?><ValueSet xmlns="http://hl7.org/fhir"><id value="PatobankSNOMEDpTNMpM"/><text><status value="extensions"/><div xmlns="http://www.w3.org/1999/xhtml"><p class="res-header-id"><b>Generated Narrative: ValueSet PatobankSNOMEDpTNMpM</b></p><a name="PatobankSNOMEDpTNMpM"> </a><a name="hcPatobankSNOMEDpTNMpM"> </a><a name="PatobankSNOMEDpTNMpM-en-US"> </a><ul><li>Include these codes as defined in <a href="CodeSystem-PatobankSNOMED.html"><code>https://kip.rkkp.dk/fhir/CodeSystem/PatobankSNOMED</code></a><table class="none"><tr><td style="white-space:nowrap"><b>Code</b></td><td><b>Display</b></td><td><b>Definition</b></td></tr><tr><td><a href="CodeSystem-PatobankSNOMED.html#PatobankSNOMED-AEF2000">AEF2000</a></td><td>pM0 (ÆF2000)</td><td>ÆF2000 - pM0</td></tr><tr><td><a href="CodeSystem-PatobankSNOMED.html#PatobankSNOMED-AEF2010">AEF2010</a></td><td>pM1 (ÆF2010)</td><td>ÆF2010 - pM1</td></tr></table></li></ul></div></text><url value="https://kip.rkkp.dk/fhir/ValueSet/PatobankSNOMEDpTNMpM"/><version value="2.9.3"/><name value="PatobankSNOMEDpTNMpM"/><title value="Patobank SNOMED: pTNM klassifikation, pM"/><status value="active"/><experimental value="true"/><date value="2022-06-08T00:00:00+02:00"/><publisher value="Sundhedsvæsenets Kvalitetsinstitut with Trifork Digital Health A/S"/><contact><name value="Sundhedsvæsenets Kvalitetsinstitut with Trifork Digital Health A/S"/><telecom><system value="url"/><value value="https://trifork.com"/></telecom><telecom><system value="email"/><value value="rbk@trifork.com"/></telecom></contact><description value="SNOMED koderne relevante pM tillægskoder"/><compose><include><system value="https://kip.rkkp.dk/fhir/CodeSystem/PatobankSNOMED"/><concept><code value="AEF2000"/><display value="pM0 (ÆF2000)"/></concept><concept><code value="AEF2010"/><display value="pM1 (ÆF2010)"/></concept></include></compose></ValueSet>