<?xml version="1.0" encoding="UTF-8"?><ValueSet xmlns="http://hl7.org/fhir"><id value="LinerUdenPostDKR"/><text><status value="generated"/><div xmlns="http://www.w3.org/1999/xhtml"><p class="res-header-id"><b>Generated Narrative: ValueSet LinerUdenPostDKR</b></p><a name="LinerUdenPostDKR"> </a><a name="hcLinerUdenPostDKR"> </a><a name="LinerUdenPostDKR-en-US"> </a><ul><li>Include these codes as defined in <a href="CodeSystem-KomponentLiner.html"><code>https://kip.rkkp.dk/fhir/CodeSystem/KomponentLiner</code></a><table class="none"><tr><td style="white-space:nowrap"><b>Code</b></td><td><b>Display</b></td></tr><tr><td><a href="CodeSystem-KomponentLiner.html#KomponentLiner-traditional_cr">traditional_cr</a></td><td>Ingen constraint (traditionel CR)</td></tr><tr><td><a href="CodeSystem-KomponentLiner.html#KomponentLiner-medial">medial</a></td><td>Medial stabilized (øget kongruens og konformitet kun medialt)</td></tr><tr><td><a href="CodeSystem-KomponentLiner.html#KomponentLiner-medial_lateral">medial_lateral</a></td><td>Medial og lateral øget constraint (typisk er der øget constraint anteriort)</td></tr><tr><td><a href="CodeSystem-KomponentLiner.html#KomponentLiner-rotating">rotating</a></td><td>Rotating platform</td></tr><tr><td><a href="CodeSystem-KomponentLiner.html#KomponentLiner-bi_retain">bi_retain</a></td><td>Bi-cruciate retaining (begge korsbånd bevaret)</td></tr></table></li></ul></div></text><url value="https://kip.rkkp.dk/fhir/ValueSet/LinerUdenPostDKR"/><version value="2.9.0"/><name value="LinerUdenPostDKR"/><title value="Liner komponent uden Post (DKR)"/><status value="active"/><experimental value="true"/><date value="2023-12-18T00:00:00+02:00"/><publisher value="Sundhedsvæsnets Kvalistetsinstitut with Trifork Digital Health A/S"/><contact><name value="Sundhedsvæsnets Kvalistetsinstitut with Trifork Digital Health A/S"/><telecom><system value="url"/><value value="https://trifork.com"/></telecom><telecom><system value="email"/><value value="rbk@trifork.com"/></telecom></contact><description value="Liner komponent uden Post (DKR)"/><compose><include><system value="https://kip.rkkp.dk/fhir/CodeSystem/KomponentLiner"/><concept><code value="traditional_cr"/><display value="Ingen constraint (traditionel CR)"/></concept><concept><code value="medial"/><display value="Medial stabilized (øget kongruens og konformitet kun medialt)"/></concept><concept><code value="medial_lateral"/><display value="Medial og lateral øget constraint (typisk er der øget constraint anteriort)"/></concept><concept><code value="rotating"/><display value="Rotating platform"/></concept><concept><code value="bi_retain"/><display value="Bi-cruciate retaining (begge korsbånd bevaret)"/></concept></include></compose></ValueSet>