<?xml version="1.0" encoding="UTF-8"?><ValueSet xmlns="http://hl7.org/fhir"><id value="KomplikationerDKRR"/><text><status value="extensions"/><div xmlns="http://www.w3.org/1999/xhtml"><p class="res-header-id"><b>Generated Narrative: ValueSet KomplikationerDKRR</b></p><a name="KomplikationerDKRR"> </a><a name="hcKomplikationerDKRR"> </a><a name="KomplikationerDKRR-en-US"> </a><p>This value set includes codes based on the following rules:</p><ul><li>Include these codes as defined in <a href="CodeSystem-Complications.html"><code>https://kip.rkkp.dk/fhir/CodeSystem/Complications</code></a><table class="none"><tr><td style="white-space:nowrap"><b>Code</b></td><td><b>Display</b></td><td><b>Definition</b></td></tr><tr><td><a href="CodeSystem-Complications.html#Complications-infection">infection</a></td><td>Infektion</td><td>Sårinfektion</td></tr><tr><td><a href="CodeSystem-Complications.html#Complications-dvt">dvt</a></td><td>DVT</td><td>Dyb vene trombose</td></tr><tr><td><a href="CodeSystem-Complications.html#Complications-movement_restriction">movement_restriction</a></td><td>Bevægeindskrænkning(&gt; 5 graders ext., &gt; 10 graders fleksion indskrækning)</td><td>Movement restriction / Bevægelsesindskrænkning</td></tr><tr><td><a href="CodeSystem-Complications.html#Complications-chronic_pain">chronic_pain</a></td><td>Kronisk smerter</td><td>Chronic pain / Kronisk smerte</td></tr><tr><td><a href="CodeSystem-Complications.html#Complications-reoperation">reoperation</a></td><td>Reoperation</td><td>Reoperation</td></tr></table></li><li>Include these codes as defined in <a href="CodeSystem-GenericValues.html"><code>https://kip.rkkp.dk/fhir/CodeSystem/GenericValues</code></a><table class="none"><tr><td style="white-space:nowrap"><b>Code</b></td><td><b>Display</b></td><td><b>Definition</b></td></tr><tr><td><a href="CodeSystem-GenericValues.html#GenericValues-other">other</a></td><td>Anden komplikation</td><td>Other - used to choose unspecific value not in a valueset</td></tr></table></li></ul></div></text><url value="https://kip.rkkp.dk/fhir/ValueSet/KomplikationerDKRR"/><version value="0.1.6"/><name value="KomplikationerDKRR"/><title value="Komplikationer (DKRR)"/><status value="active"/><experimental value="true"/><date value="2022-09-19T00:00:00+02:00"/><publisher value="Sundhedsvæsnets Kvalistetsinstitut with Trifork Digital Health A/S"/><contact><name value="Sundhedsvæsnets Kvalistetsinstitut with Trifork Digital Health A/S"/><telecom><system value="url"/><value value="https://trifork.com"/></telecom><telecom><system value="email"/><value value="rbk@trifork.com"/></telecom></contact><description value="Komplikationer (DKRR)"/><compose><include><system value="https://kip.rkkp.dk/fhir/CodeSystem/Complications"/><concept><code value="infection"/><display value="Infektion"/></concept><concept><code value="dvt"/><display value="DVT"/></concept><concept><code value="movement_restriction"/><display value="Bevægeindskrænkning(&gt; 5 graders ext., &gt; 10 graders fleksion indskrækning)"/></concept><concept><code value="chronic_pain"/><display value="Kronisk smerter"/></concept><concept><code value="reoperation"/><display value="Reoperation"/></concept></include><include><system value="https://kip.rkkp.dk/fhir/CodeSystem/GenericValues"/><concept><code value="other"/><display value="Anden komplikation"/></concept></include></compose></ValueSet>