<?xml version="1.0" encoding="UTF-8"?><ValueSet xmlns="http://hl7.org/fhir"><id value="IPSSRCytogenetiskRisiko"/><text><status value="extensions"/><div xmlns="http://www.w3.org/1999/xhtml"><p class="res-header-id"><b>Generated Narrative: ValueSet IPSSRCytogenetiskRisiko</b></p><a name="IPSSRCytogenetiskRisiko"> </a><a name="hcIPSSRCytogenetiskRisiko"> </a><a name="IPSSRCytogenetiskRisiko-en-US"> </a><ul><li>Include these codes as defined in <a href="CodeSystem-IPSSRCytogeneticCategory.html"><code>https://kip.rkkp.dk/fhir/CodeSystem/IPSSRCytogeneticCategory</code></a><table class="none"><tr><td style="white-space:nowrap"><b>Code</b></td><td><b>Display</b></td><td><b>Definition</b></td></tr><tr><td><a href="CodeSystem-IPSSRCytogeneticCategory.html#IPSSRCytogeneticCategory-0">0</a></td><td>Very good (-Y, del(11q))</td><td>Very good: -Y, del(11q)</td></tr><tr><td><a href="CodeSystem-IPSSRCytogeneticCategory.html#IPSSRCytogeneticCategory-1">1</a></td><td>Good (Normal, del(5q), del(12p), del(20q), double including del(5q))</td><td>Good: normal, del(5q), del(12p), del(20q), double including del(5q)</td></tr><tr><td><a href="CodeSystem-IPSSRCytogeneticCategory.html#IPSSRCytogeneticCategory-2">2</a></td><td>Intermediate (del(7q), +8, +19, i(17q), any other sngl./ dobl. indep. clones)</td><td>Intermediate: del(7q), +8, +19, i(17q), any other single or double independent clones</td></tr><tr><td><a href="CodeSystem-IPSSRCytogeneticCategory.html#IPSSRCytogeneticCategory-3">3</a></td><td>Poor (-7, inv(3)/t(3q)/del(3q), double including -7/del(7q), complex: 3 abnormalities)</td><td>Poor: -7, inv(3)/t(3q)/del(3q), double including -7/del(7q), complex with 3 abnormalities</td></tr><tr><td><a href="CodeSystem-IPSSRCytogeneticCategory.html#IPSSRCytogeneticCategory-4">4</a></td><td>Very poor (Complex: &gt;3 abnormalities)</td><td>Very poor: complex with &gt;3 abnomalities</td></tr></table></li></ul></div></text><url value="https://kip.rkkp.dk/fhir/ValueSet/IPSSRCytogenetiskRisiko"/><version value="2.9.3"/><name value="IPSSRCytogenetiskRisiko"/><title value="IPSS-R - Cytogenetisk risiko-score"/><status value="active"/><experimental value="true"/><date value="2022-06-09T00:00:00+02:00"/><publisher value="Sundhedsvæsenets Kvalitetsinstitut with Trifork Digital Health A/S"/><contact><name value="Sundhedsvæsenets Kvalitetsinstitut with Trifork Digital Health A/S"/><telecom><system value="url"/><value value="https://trifork.com"/></telecom><telecom><system value="email"/><value value="rbk@trifork.com"/></telecom></contact><description value="IPSS-R - Cytogenetisk risiko-score"/><compose><include><system value="https://kip.rkkp.dk/fhir/CodeSystem/IPSSRCytogeneticCategory"/><concept><code value="0"/><display value="Very good (-Y, del(11q))"/></concept><concept><code value="1"/><display value="Good (Normal, del(5q), del(12p), del(20q), double including del(5q))"/></concept><concept><code value="2"/><display value="Intermediate (del(7q), +8, +19, i(17q), any other sngl./ dobl. indep. clones)"/></concept><concept><code value="3"/><display value="Poor (-7, inv(3)/t(3q)/del(3q), double including -7/del(7q), complex: 3 abnormalities)"/></concept><concept><code value="4"/><display value="Very poor (Complex: &gt;3 abnormalities)"/></concept></include></compose></ValueSet>