<?xml version="1.0" encoding="UTF-8"?><ValueSet xmlns="http://hl7.org/fhir"><id value="MuligVanskeligUmulig"/><text><status value="extensions"/><div xmlns="http://www.w3.org/1999/xhtml"><p class="res-header-id"><b>Generated Narrative: ValueSet MuligVanskeligUmulig</b></p><a name="MuligVanskeligUmulig"> </a><a name="hcMuligVanskeligUmulig"> </a><a name="MuligVanskeligUmulig-en-US"> </a><ul><li>Include these codes as defined in <a href="CodeSystem-MuligVanskeligUmulig.html"><code>https://kip.rkkp.dk/fhir/CodeSystem/MuligVanskeligUmulig</code></a><table class="none"><tr><td style="white-space:nowrap"><b>Code</b></td><td><b>Display</b></td><td><b>Definition</b></td></tr><tr><td><a href="CodeSystem-MuligVanskeligUmulig.html#MuligVanskeligUmulig-mulig">mulig</a></td><td>Mulig</td><td>Behandlingen er mulig</td></tr><tr><td><a href="CodeSystem-MuligVanskeligUmulig.html#MuligVanskeligUmulig-vanskelig">vanskelig</a></td><td>Vanskelig</td><td>Behandlingen er vanskelig men mulig</td></tr><tr><td><a href="CodeSystem-MuligVanskeligUmulig.html#MuligVanskeligUmulig-umulig">umulig</a></td><td>Umulig</td><td>Behandlingen er ikke mulig</td></tr></table></li></ul></div></text><url value="https://kip.rkkp.dk/fhir/ValueSet/MuligVanskeligUmulig"/><version value="2.9.1"/><name value="MuligVanskeligUmulig"/><title value="Mulig-Vanskelig-Umulig"/><status value="active"/><experimental value="true"/><date value="2022-06-14T00:00:00+02:00"/><publisher value="Sundhedsvæsnets Kvalistetsinstitut with Trifork Digital Health A/S"/><contact><name value="Sundhedsvæsnets Kvalistetsinstitut with Trifork Digital Health A/S"/><telecom><system value="url"/><value value="https://trifork.com"/></telecom><telecom><system value="email"/><value value="rbk@trifork.com"/></telecom></contact><description value="Vurdering af en given behandling"/><compose><include><system value="https://kip.rkkp.dk/fhir/CodeSystem/MuligVanskeligUmulig"/><concept><code value="mulig"/><display value="Mulig"/></concept><concept><code value="vanskelig"/><display value="Vanskelig"/></concept><concept><code value="umulig"/><display value="Umulig"/></concept></include></compose></ValueSet>