<?xml version="1.0" encoding="UTF-8"?><ValueSet xmlns="http://hl7.org/fhir"><id value="KellgrenLawsonKlassifikation"/><text><status value="extensions"/><div xmlns="http://www.w3.org/1999/xhtml"><p class="res-header-id"><b>Generated Narrative: ValueSet KellgrenLawsonKlassifikation</b></p><a name="KellgrenLawsonKlassifikation"> </a><a name="hcKellgrenLawsonKlassifikation"> </a><a name="KellgrenLawsonKlassifikation-en-US"> </a><ul><li>Include these codes as defined in <a href="CodeSystem-KellgrenLawrenceKlassifikation.html"><code>https://kip.rkkp.dk/fhir/CodeSystem/KellgrenLawrenceKlassifikation</code></a><table class="none"><tr><td style="white-space:nowrap"><b>Code</b></td><td><b>Display</b></td><td><b>Definition</b></td></tr><tr><td><a href="CodeSystem-KellgrenLawrenceKlassifikation.html#KellgrenLawrenceKlassifikation-tvivlsom">tvivlsom</a></td><td>Tvivlsom (normal ledspalte)</td><td>Tvivlsom (normal ledspalte)</td></tr><tr><td><a href="CodeSystem-KellgrenLawrenceKlassifikation.html#KellgrenLawrenceKlassifikation-mild">mild</a></td><td>Mild (osteofyt dannelse, normal ledspalte)</td><td>Mild (osteofyt dannelse, normal ledspalte)</td></tr><tr><td><a href="CodeSystem-KellgrenLawrenceKlassifikation.html#KellgrenLawrenceKlassifikation-moderat">moderat</a></td><td>Moderat (reduktion af ledspalte)</td><td>Moderat (reduktion af ledspalte)</td></tr><tr><td><a href="CodeSystem-KellgrenLawrenceKlassifikation.html#KellgrenLawrenceKlassifikation-svaer">svaer</a></td><td>Svær (markant reduktion af ledspalte)</td><td>Svær (markant reduktion af ledspalte)</td></tr></table></li></ul></div></text><url value="https://kip.rkkp.dk/fhir/ValueSet/KellgrenLawsonKlassifikation"/><version value="0.1.6"/><name value="KellgrenLawsonKlassifikation"/><title value="Kellgren-Lawrence Klassifikation (DKR)"/><status value="active"/><experimental value="true"/><date value="2023-12-19T00:00:00+02:00"/><publisher value="Sundhedsvæsnets Kvalistetsinstitut with Trifork Digital Health A/S"/><contact><name value="Sundhedsvæsnets Kvalistetsinstitut with Trifork Digital Health A/S"/><telecom><system value="url"/><value value="https://trifork.com"/></telecom><telecom><system value="email"/><value value="rbk@trifork.com"/></telecom></contact><description value="Kellgren-Lawrence Klassifikation (DKR)"/><compose><include><system value="https://kip.rkkp.dk/fhir/CodeSystem/KellgrenLawrenceKlassifikation"/><concept><code value="tvivlsom"/><display value="Tvivlsom (normal ledspalte)"/></concept><concept><code value="mild"/><display value="Mild (osteofyt dannelse, normal ledspalte)"/></concept><concept><code value="moderat"/><display value="Moderat (reduktion af ledspalte)"/></concept><concept><code value="svaer"/><display value="Svær (markant reduktion af ledspalte)"/></concept></include></compose></ValueSet>