<?xml version="1.0" encoding="UTF-8"?><ValueSet xmlns="http://hl7.org/fhir"><id value="ATCDMPN"/><text><status value="extensions"/><div xmlns="http://www.w3.org/1999/xhtml"><p class="res-header-id"><b>Generated Narrative: ValueSet ATCDMPN</b></p><a name="ATCDMPN"> </a><a name="hcATCDMPN"> </a><a name="ATCDMPN-en-US"> </a><p>This value set includes codes based on the following rules:</p><ul><li>Include these codes as defined in <a href="CodeSystem-ATC.html"><code>https://kip.rkkp.dk/fhir/CodeSystem/ATC</code></a><table class="none"><tr><td style="white-space:nowrap"><b>Code</b></td><td><b>Display</b></td><td><b>Definition</b></td></tr><tr><td><a href="CodeSystem-ATC.html#ATC-B01AC06">B01AC06</a></td><td>Acetylsalicylsyre (ASA)</td><td>B01AC06 - acetylsalicylic acid</td></tr><tr><td><a href="CodeSystem-ATC.html#ATC-L01XX35">L01XX35</a></td><td>Anagrelide</td><td>L01XX35 - anagrelide</td></tr><tr><td><a href="CodeSystem-ATC.html#ATC-L01AB01">L01AB01</a></td><td>Busulfan (Myleran)</td><td>L01AB01 - busulfan</td></tr><tr><td><a href="CodeSystem-ATC.html#ATC-L01XX05">L01XX05</a></td><td>Hydroxcarbamid</td><td>L01XX05 - hydroxycarbamide</td></tr><tr><td><a href="CodeSystem-ATC.html#ATC-C10AA">C10AA</a></td><td>Statiner</td><td>C10AA - HMG CoA reductase inhibitors</td></tr><tr><td><a href="CodeSystem-ATC.html#ATC-L01XH">L01XH</a></td><td>HDAC hæmmer</td><td>L01XH - Histone deacetylase (HDAC) inhibitors</td></tr><tr><td><a href="CodeSystem-ATC.html#ATC-L03AB">L03AB</a></td><td>Interferon</td><td>L03AB - Interferons</td></tr><tr><td><a href="CodeSystem-ATC.html#ATC-L01EJ01">L01EJ01</a></td><td>Ruxolitinib</td><td>L01EJ01 - ruxolitinib</td></tr><tr><td><a href="CodeSystem-ATC.html#ATC-L04AA">L04AA</a></td><td>JAK-2 inhibitorer</td><td>L04AA - Selective immunosuppressants</td></tr><tr><td><a href="CodeSystem-ATC.html#ATC-B01A">B01A</a></td><td>Anden blodfortyndende behandling</td><td>B01A - ANTITHROMBOTIC AGENTS</td></tr></table></li><li>Include these codes as defined in <a href="CodeSystem-TreatmentUnspecified.html"><code>https://kip.rkkp.dk/fhir/CodeSystem/TreatmentUnspecified</code></a><table class="none"><tr><td style="white-space:nowrap"><b>Code</b></td><td><b>Display</b></td><td><b>Definition</b></td></tr><tr><td><a href="CodeSystem-TreatmentUnspecified.html#TreatmentUnspecified-incision_vein">incision_vein</a></td><td>Venesection</td><td>Incision of Vein / Venesektion</td></tr></table></li><li>Include these codes as defined in <a href="CodeSystem-GenericValues.html"><code>https://kip.rkkp.dk/fhir/CodeSystem/GenericValues</code></a><table class="none"><tr><td style="white-space:nowrap"><b>Code</b></td><td><b>Display</b></td><td><b>Definition</b></td></tr><tr><td><a href="CodeSystem-GenericValues.html#GenericValues-other">other</a></td><td>Anden behandling</td><td>Other - used to choose unspecific value not in a valueset</td></tr></table></li></ul></div></text><url value="https://kip.rkkp.dk/fhir/ValueSet/ATCDMPN"/><version value="2.9.3"/><name value="ATCDMPN"/><title value="ATC DMPN"/><status value="active"/><experimental value="true"/><date value="2022-07-14T00:00:00+02:00"/><publisher value="Sundhedsvæsenets Kvalitetsinstitut with Trifork Digital Health A/S"/><contact><name value="Sundhedsvæsenets Kvalitetsinstitut with Trifork Digital Health A/S"/><telecom><system value="url"/><value value="https://trifork.com"/></telecom><telecom><system value="email"/><value value="rbk@trifork.com"/></telecom></contact><description value="ATC koder DMPN behandling. Erstattet af nyt VS fra okt. 2024"/><compose><include><system value="https://kip.rkkp.dk/fhir/CodeSystem/ATC"/><concept><code value="B01AC06"/><display value="Acetylsalicylsyre (ASA)"/></concept><concept><code value="L01XX35"/><display value="Anagrelide"/></concept><concept><code value="L01AB01"/><display value="Busulfan (Myleran)"/></concept><concept><code value="L01XX05"/><display value="Hydroxcarbamid"/></concept><concept><code value="C10AA"/><display value="Statiner"/></concept><concept><code value="L01XH"/><display value="HDAC hæmmer"/></concept><concept><code value="L03AB"/><display value="Interferon"/></concept><concept><code value="L01EJ01"/><display value="Ruxolitinib"/></concept><concept><code value="L04AA"/><display value="JAK-2 inhibitorer"/></concept><concept><code value="B01A"/><display value="Anden blodfortyndende behandling"/></concept></include><include><system value="https://kip.rkkp.dk/fhir/CodeSystem/TreatmentUnspecified"/><concept><code value="incision_vein"/><display value="Venesection"/></concept></include><include><system value="https://kip.rkkp.dk/fhir/CodeSystem/GenericValues"/><concept><code value="other"/><display value="Anden behandling"/></concept></include></compose></ValueSet>