<?xml version="1.0" encoding="UTF-8"?><ValueSet xmlns="http://hl7.org/fhir"><id value="WalchKlassifikationDSR"/><text><status value="extensions"/><div xmlns="http://www.w3.org/1999/xhtml"><p class="res-header-id"><b>Generated Narrative: ValueSet WalchKlassifikationDSR</b></p><a name="WalchKlassifikationDSR"> </a><a name="hcWalchKlassifikationDSR"> </a><a name="WalchKlassifikationDSR-en-US"> </a><ul><li>Include these codes as defined in <a href="CodeSystem-WalchClassification.html"><code>https://kip.rkkp.dk/fhir/CodeSystem/WalchClassification</code></a><table class="none"><tr><td style="white-space:nowrap"><b>Code</b></td><td><b>Display</b></td><td><b>Definition</b></td></tr><tr><td><a href="CodeSystem-WalchClassification.html#WalchClassification-type_a1">type_a1</a></td><td>A1</td><td>Type A1: minor central erosion</td></tr><tr><td><a href="CodeSystem-WalchClassification.html#WalchClassification-type_a2">type_a2</a></td><td>A2</td><td>Type A2: major central erosion, humeral head protruding into the glenoid cavity</td></tr><tr><td><a href="CodeSystem-WalchClassification.html#WalchClassification-type_b1">type_b1</a></td><td>B1</td><td>Type B1: narrowing of the posterior joint space, subchondral sclerosis, osteophytes</td></tr><tr><td><a href="CodeSystem-WalchClassification.html#WalchClassification-type_b2">type_b2</a></td><td>B2</td><td>Type B2: biconcave aspect of the glenoid with posterior rim erosion and retroverted glenoid</td></tr><tr><td><a href="CodeSystem-WalchClassification.html#WalchClassification-type_b3">type_b3</a></td><td>B3</td><td>Type B3: monoconcave and posterior wear with &gt;15° retroversion or &gt;70% posterior humeral head subluxation, or both</td></tr><tr><td><a href="CodeSystem-WalchClassification.html#WalchClassification-type_c">type_c</a></td><td>C</td><td>Type C: Dysplastic glenoid with at least 25° of retroversion not caused by erosion</td></tr><tr><td><a href="CodeSystem-WalchClassification.html#WalchClassification-type_d">type_d</a></td><td>D</td><td>Type D: glenoid anteversion or anterior humeral head subluxation &lt;40°</td></tr></table></li></ul></div></text><url value="https://kip.rkkp.dk/fhir/ValueSet/WalchKlassifikationDSR"/><version value="2.9.0"/><name value="WalchKlassifikationDSR"/><title value="Walch klassifikation (DSR)"/><status value="active"/><experimental value="true"/><date value="2022-10-06T00:00:00+02:00"/><publisher value="Sundhedsvæsnets Kvalistetsinstitut with Trifork Digital Health A/S"/><contact><name value="Sundhedsvæsnets Kvalistetsinstitut with Trifork Digital Health A/S"/><telecom><system value="url"/><value value="https://trifork.com"/></telecom><telecom><system value="email"/><value value="rbk@trifork.com"/></telecom></contact><description value="Walch klassifikation (DSR)"/><compose><include><system value="https://kip.rkkp.dk/fhir/CodeSystem/WalchClassification"/><concept><code value="type_a1"/><display value="A1"/></concept><concept><code value="type_a2"/><display value="A2"/></concept><concept><code value="type_b1"/><display value="B1"/></concept><concept><code value="type_b2"/><display value="B2"/></concept><concept><code value="type_b3"/><display value="B3"/></concept><concept><code value="type_c"/><display value="C"/></concept><concept><code value="type_d"/><display value="D"/></concept></include></compose></ValueSet>