<?xml version="1.0" encoding="UTF-8"?><ValueSet xmlns="http://hl7.org/fhir"><id value="CytogeneticChanges"/><text><status value="extensions"/><div xmlns="http://www.w3.org/1999/xhtml"><p class="res-header-id"><b>Generated Narrative: ValueSet CytogeneticChanges</b></p><a name="CytogeneticChanges"> </a><a name="hcCytogeneticChanges"> </a><a name="CytogeneticChanges-en-US"> </a><ul><li>Include these codes as defined in <a href="CodeSystem-CytogeneticChanges.html"><code>https://kip.rkkp.dk/fhir/CodeSystem/CytogeneticChanges</code></a><table class="none"><tr><td style="white-space:nowrap"><b>Code</b></td><td><b>Display</b></td><td><b>Definition</b></td></tr><tr><td><a href="CodeSystem-CytogeneticChanges.html#CytogeneticChanges-hyperdiploidy">hyperdiploidy</a></td><td>Hyperdiploid</td><td>hyperdiploidi / hyperdiploidi / SNOMED-CT: 55597007</td></tr><tr><td><a href="CodeSystem-CytogeneticChanges.html#CytogeneticChanges-hypodiploidy">hypodiploidy</a></td><td>Hypodiploid</td><td>Hypoploidy / hypodiploidi / SNOMED-CT: 15486006</td></tr><tr><td><a href="CodeSystem-CytogeneticChanges.html#CytogeneticChanges-pseudodiploidy">pseudodiploidy</a></td><td>Pseudodiploid</td><td>Pseudodiploidy / Pseudodiploidi</td></tr></table></li></ul></div></text><url value="https://kip.rkkp.dk/fhir/ValueSet/CytogeneticChanges"/><version value="0.2.1"/><name value="CytogeneticChanges"/><title value="Cytogenetiske forandringer"/><status value="active"/><experimental value="true"/><date value="2022-07-15T00:00:00+02:00"/><publisher value="Sundhedsvæsnets Kvalistetsinstitut with Trifork Digital Health A/S"/><contact><name value="Sundhedsvæsnets Kvalistetsinstitut with Trifork Digital Health A/S"/><telecom><system value="url"/><value value="https://trifork.com"/></telecom><telecom><system value="email"/><value value="rbk@trifork.com"/></telecom></contact><description value="Cytogenetiske forandringer"/><compose><include><system value="https://kip.rkkp.dk/fhir/CodeSystem/CytogeneticChanges"/><concept><code value="hyperdiploidy"/><display value="Hyperdiploid"/></concept><concept><code value="hypodiploidy"/><display value="Hypodiploid"/></concept><concept><code value="pseudodiploidy"/><display value="Pseudodiploid"/></concept></include></compose></ValueSet>