<?xml version="1.0" encoding="UTF-8"?><ValueSet xmlns="http://hl7.org/fhir"><id value="Genoplivning"/><text><status value="extensions"/><div xmlns="http://www.w3.org/1999/xhtml"><p class="res-header-id"><b>Generated Narrative: ValueSet Genoplivning</b></p><a name="Genoplivning"> </a><a name="hcGenoplivning"> </a><a name="Genoplivning-en-US"> </a><ul><li>Include these codes as defined in <a href="CodeSystem-Genoplivning.html"><code>https://kip.rkkp.dk/fhir/CodeSystem/Genoplivning</code></a><table class="none"><tr><td style="white-space:nowrap"><b>Code</b></td><td><b>Display</b></td><td><b>Definition</b></td></tr><tr><td><a href="CodeSystem-Genoplivning.html#Genoplivning-hjmass_vent">hjmass_vent</a></td><td>Hjertemassage og ventilation</td><td>Hjertemassage og ventilation</td></tr><tr><td><a href="CodeSystem-Genoplivning.html#Genoplivning-hjertemass">hjertemass</a></td><td>Hjertemassage</td><td>Hjertemassage alene</td></tr><tr><td><a href="CodeSystem-Genoplivning.html#Genoplivning-ventilation">ventilation</a></td><td>Ventilation</td><td>Ventilation alene</td></tr><tr><td><a href="CodeSystem-Genoplivning.html#Genoplivning-ingen">ingen</a></td><td>Ingen</td><td>Ingen</td></tr></table></li></ul></div></text><url value="https://kip.rkkp.dk/fhir/ValueSet/Genoplivning"/><version value="0.2.1"/><name value="Genoplivning"/><title value="Genoplivning"/><status value="active"/><experimental value="true"/><date value="2022-06-29T00:00:00+02:00"/><publisher value="Sundhedsvæsnets Kvalistetsinstitut with Trifork Digital Health A/S"/><contact><name value="Sundhedsvæsnets Kvalistetsinstitut with Trifork Digital Health A/S"/><telecom><system value="url"/><value value="https://trifork.com"/></telecom><telecom><system value="email"/><value value="rbk@trifork.com"/></telecom></contact><description value="Aktivitet ifm genoplivning"/><compose><include><system value="https://kip.rkkp.dk/fhir/CodeSystem/Genoplivning"/><concept><code value="hjmass_vent"/><display value="Hjertemassage og ventilation"/></concept><concept><code value="hjertemass"/><display value="Hjertemassage"/></concept><concept><code value="ventilation"/><display value="Ventilation"/></concept><concept><code value="ingen"/><display value="Ingen"/></concept></include></compose></ValueSet>