<?xml version="1.0" encoding="UTF-8"?><ValueSet xmlns="http://hl7.org/fhir"><id value="SSSFacialisparese"/><text><status value="extensions"/><div xmlns="http://www.w3.org/1999/xhtml"><p class="res-header-id"><b>Generated Narrative: ValueSet SSSFacialisparese</b></p><a name="SSSFacialisparese"> </a><a name="hcSSSFacialisparese"> </a><a name="SSSFacialisparese-en-US"> </a><ul><li>Include these codes as defined in <a href="CodeSystem-SSSFacialParesis.html"><code>https://kip.rkkp.dk/fhir/CodeSystem/SSSFacialParesis</code></a><table class="none"><tr><td style="white-space:nowrap"><b>Code</b></td><td><b>Display</b></td><td><b>Definition</b></td></tr><tr><td><a href="CodeSystem-SSSFacialParesis.html#SSSFacialParesis-2">2</a></td><td>2: ingen eller tvivlsom</td><td>Ingen eller tvivlsom parese.</td></tr><tr><td><a href="CodeSystem-SSSFacialParesis.html#SSSFacialParesis-0">0</a></td><td>0: til stede</td><td>Sikker facialisparese</td></tr></table></li></ul></div></text><url value="https://kip.rkkp.dk/fhir/ValueSet/SSSFacialisparese"/><version value="0.1.8"/><name value="SSSFacialisparese"/><title value="Scandinavian Stroke Scale - Facialisparese"/><status value="active"/><experimental value="true"/><date value="2022-06-23T00:00:00+02:00"/><publisher value="Sundhedsvæsnets Kvalistetsinstitut with Trifork Digital Health A/S"/><contact><name value="Sundhedsvæsnets Kvalistetsinstitut with Trifork Digital Health A/S"/><telecom><system value="url"/><value value="https://trifork.com"/></telecom><telecom><system value="email"/><value value="rbk@trifork.com"/></telecom></contact><description value="Scandinavian Stroke Scale - Facialisparese"/><compose><include><system value="https://kip.rkkp.dk/fhir/CodeSystem/SSSFacialParesis"/><concept><code value="2"/><display value="2: ingen eller tvivlsom"/></concept><concept><code value="0"/><display value="0: til stede"/></concept></include></compose></ValueSet>