<?xml version="1.0" encoding="UTF-8"?><ValueSet xmlns="http://hl7.org/fhir"><id value="IngvinalhernieSpecificering"/><text><status value="extensions"/><div xmlns="http://www.w3.org/1999/xhtml"><p class="res-header-id"><b>Generated Narrative: ValueSet IngvinalhernieSpecificering</b></p><a name="IngvinalhernieSpecificering"> </a><a name="hcIngvinalhernieSpecificering"> </a><a name="IngvinalhernieSpecificering-en-US"> </a><p>This value set includes codes based on the following rules:</p><ul><li>Include these codes as defined in <a href="CodeSystem-SKS.html"><code>https://kip.rkkp.dk/fhir/CodeSystem/SKS</code></a><table class="none"><tr><td style="white-space:nowrap"><b>Code</b></td><td><b>Display</b></td><td><b>Definition</b></td></tr><tr><td><a href="CodeSystem-SKS.html#SKS-TUL9B">TUL9B</a></td><td>Medialt</td><td>TUL9B - medial</td></tr><tr><td><a href="CodeSystem-SKS.html#SKS-TUL9A">TUL9A</a></td><td>Lateralt</td><td>TUL9A - lateral</td></tr><tr><td><a href="CodeSystem-SKS.html#SKS-TUL7">TUL7</a></td><td>Kan ikke specificeres</td><td>TUL7 - side kan ikke angives</td></tr></table></li><li>Include these codes as defined in <a href="CodeSystem-GenericValues.html"><code>https://kip.rkkp.dk/fhir/CodeSystem/GenericValues</code></a><table class="none"><tr><td style="white-space:nowrap"><b>Code</b></td><td><b>Display</b></td><td><b>Definition</b></td></tr><tr><td><a href="CodeSystem-GenericValues.html#GenericValues-medial_lateral">medial_lateral</a></td><td>Sadelhernie (medialt + lateralt)</td><td>Medial and lateral</td></tr></table></li></ul></div></text><url value="https://kip.rkkp.dk/fhir/ValueSet/IngvinalhernieSpecificering"/><version value="2.9.0"/><name value="IngvinalhernieSpecificering"/><title value="Ingvinalhernie specificering"/><status value="active"/><experimental value="true"/><date value="2022-07-20T00:00:00+02:00"/><publisher value="Sundhedsvæsnets Kvalistetsinstitut with Trifork Digital Health A/S"/><contact><name value="Sundhedsvæsnets Kvalistetsinstitut with Trifork Digital Health A/S"/><telecom><system value="url"/><value value="https://trifork.com"/></telecom><telecom><system value="email"/><value value="rbk@trifork.com"/></telecom></contact><description value="Ingvinalhernie specificering"/><compose><include><system value="https://kip.rkkp.dk/fhir/CodeSystem/SKS"/><concept><code value="TUL9B"/><display value="Medialt"/></concept><concept><code value="TUL9A"/><display value="Lateralt"/></concept><concept><code value="TUL7"/><display value="Kan ikke specificeres"/></concept></include><include><system value="https://kip.rkkp.dk/fhir/CodeSystem/GenericValues"/><concept><code value="medial_lateral"/><display value="Sadelhernie (medialt + lateralt)"/></concept></include></compose></ValueSet>