<?xml version="1.0" encoding="UTF-8"?><ValueSet xmlns="http://hl7.org/fhir"><id value="SSSArmloeft"/><text><status value="extensions"/><div xmlns="http://www.w3.org/1999/xhtml"><p class="res-header-id"><b>Generated Narrative: ValueSet SSSArmloeft</b></p><a name="SSSArmloeft"> </a><a name="hcSSSArmloeft"> </a><a name="SSSArmloeft-en-US"> </a><ul><li>Include these codes as defined in <a href="CodeSystem-SSSArmLift.html"><code>https://kip.rkkp.dk/fhir/CodeSystem/SSSArmLift</code></a><table class="none"><tr><td style="white-space:nowrap"><b>Code</b></td><td><b>Display</b></td><td><b>Definition</b></td></tr><tr><td><a href="CodeSystem-SSSArmLift.html#SSSArmLift-6">6</a></td><td>6: løfter arm med normal kraft</td><td>Løfter arm med normal kraft</td></tr><tr><td><a href="CodeSystem-SSSArmLift.html#SSSArmLift-5">5</a></td><td>5: løfter arm med nedsat kraft</td><td>Løfter strakt arm med nedsat kraft</td></tr><tr><td><a href="CodeSystem-SSSArmLift.html#SSSArmLift-4">4</a></td><td>4: løfter arm med fleksion af albuen</td><td>Løfter arm med fleksion af albue</td></tr><tr><td><a href="CodeSystem-SSSArmLift.html#SSSArmLift-2">2</a></td><td>2: bevæger arm men ikke mod tyngden</td><td>Bevæger armen men ikke mod tyngden</td></tr><tr><td><a href="CodeSystem-SSSArmLift.html#SSSArmLift-0">0</a></td><td>0: paralyse</td><td>Paralyse: Ingen bevægelse mulig.</td></tr></table></li></ul></div></text><url value="https://kip.rkkp.dk/fhir/ValueSet/SSSArmloeft"/><version value="2.9.3"/><name value="SSSArmloeft"/><title value="Scandinavian Stroke Scale - Armløft"/><status value="active"/><experimental value="true"/><date value="2022-06-23T00:00:00+02:00"/><publisher value="Sundhedsvæsenets Kvalitetsinstitut with Trifork Digital Health A/S"/><contact><name value="Sundhedsvæsenets Kvalitetsinstitut with Trifork Digital Health A/S"/><telecom><system value="url"/><value value="https://trifork.com"/></telecom><telecom><system value="email"/><value value="rbk@trifork.com"/></telecom></contact><description value="Scandinavian Stroke Scale - Armløft"/><compose><include><system value="https://kip.rkkp.dk/fhir/CodeSystem/SSSArmLift"/><concept><code value="6"/><display value="6: løfter arm med normal kraft"/></concept><concept><code value="5"/><display value="5: løfter arm med nedsat kraft"/></concept><concept><code value="4"/><display value="4: løfter arm med fleksion af albuen"/></concept><concept><code value="2"/><display value="2: bevæger arm men ikke mod tyngden"/></concept><concept><code value="0"/><display value="0: paralyse"/></concept></include></compose></ValueSet>