<?xml version="1.0" encoding="UTF-8"?><ValueSet xmlns="http://hl7.org/fhir"><id value="VasospasmerPaavisning"/><text><status value="extensions"/><div xmlns="http://www.w3.org/1999/xhtml"><p class="res-header-id"><b>Generated Narrative: ValueSet VasospasmerPaavisning</b></p><a name="VasospasmerPaavisning"> </a><a name="hcVasospasmerPaavisning"> </a><a name="VasospasmerPaavisning-en-US"> </a><ul><li>Include these codes as defined in <a href="CodeSystem-DetectionMethods.html"><code>https://kip.rkkp.dk/fhir/CodeSystem/DetectionMethods</code></a><table class="none"><tr><td style="white-space:nowrap"><b>Code</b></td><td><b>Display</b></td><td><b>Definition</b></td></tr><tr><td><a href="CodeSystem-DetectionMethods.html#DetectionMethods-doppler">doppler</a></td><td>Transcraniel doppler</td><td>Transcraniel doppler</td></tr><tr><td><a href="CodeSystem-DetectionMethods.html#DetectionMethods-clinical">clinical</a></td><td>Kliniske</td><td>Kliniske</td></tr><tr><td><a href="CodeSystem-DetectionMethods.html#DetectionMethods-radiological">radiological</a></td><td>Radiologisk påvist</td><td>Radiologisk bekræftet</td></tr></table></li></ul></div></text><url value="https://kip.rkkp.dk/fhir/ValueSet/VasospasmerPaavisning"/><version value="0.1.8"/><name value="VasospasmerPaavisning"/><title value="Påvisning af vasospasme; metode"/><status value="active"/><experimental value="true"/><date value="2022-06-29T00:00:00+02:00"/><publisher value="Sundhedsvæsnets Kvalistetsinstitut with Trifork Digital Health A/S"/><contact><name value="Sundhedsvæsnets Kvalistetsinstitut with Trifork Digital Health A/S"/><telecom><system value="url"/><value value="https://trifork.com"/></telecom><telecom><system value="email"/><value value="rbk@trifork.com"/></telecom></contact><description value="Påvisning af vasospasme; metode"/><compose><include><system value="https://kip.rkkp.dk/fhir/CodeSystem/DetectionMethods"/><concept><code value="doppler"/><display value="Transcraniel doppler"/></concept><concept><code value="clinical"/><display value="Kliniske"/></concept><concept><code value="radiological"/><display value="Radiologisk påvist"/></concept></include></compose></ValueSet>