<?xml version="1.0" encoding="UTF-8"?><ValueSet xmlns="http://hl7.org/fhir"><id value="EHSVentralHernieMidtlinie"/><text><status value="extensions"/><div xmlns="http://www.w3.org/1999/xhtml"><p class="res-header-id"><b>Generated Narrative: ValueSet EHSVentralHernieMidtlinie</b></p><a name="EHSVentralHernieMidtlinie"> </a><a name="hcEHSVentralHernieMidtlinie"> </a><a name="EHSVentralHernieMidtlinie-en-US"> </a><ul><li>Include these codes as defined in <a href="CodeSystem-EHSIncisionalHerniaClassification.html"><code>https://kip.rkkp.dk/fhir/CodeSystem/EHSIncisionalHerniaClassification</code></a><table class="none"><tr><td style="white-space:nowrap"><b>Code</b></td><td><b>Display</b></td><td><b>Definition</b></td></tr><tr><td><a href="CodeSystem-EHSIncisionalHerniaClassification.html#EHSIncisionalHerniaClassification-m1">m1</a></td><td>M1 subxiphoidal</td><td>M1 - Subxiphoidal</td></tr><tr><td><a href="CodeSystem-EHSIncisionalHerniaClassification.html#EHSIncisionalHerniaClassification-m2">m2</a></td><td>M2 epigastrielt</td><td>M2 - Epigastric</td></tr><tr><td><a href="CodeSystem-EHSIncisionalHerniaClassification.html#EHSIncisionalHerniaClassification-m3">m3</a></td><td>M3 umbilikalt</td><td>M3 - Umbilical</td></tr><tr><td><a href="CodeSystem-EHSIncisionalHerniaClassification.html#EHSIncisionalHerniaClassification-m4">m4</a></td><td>M4 infraumbilikalt</td><td>M4 - Infraumbilical</td></tr><tr><td><a href="CodeSystem-EHSIncisionalHerniaClassification.html#EHSIncisionalHerniaClassification-m5">m5</a></td><td>M5 suprapubisk</td><td>M5 - Suprapubic</td></tr></table></li></ul></div></text><url value="https://kip.rkkp.dk/fhir/ValueSet/EHSVentralHernieMidtlinie"/><version value="2.9.1"/><name value="EHSVentralHernieMidtlinie"/><title value="EHS ventral hernie - midtlinie"/><status value="active"/><experimental value="true"/><date value="2022-07-20T00:00:00+02:00"/><publisher value="Sundhedsvæsnets Kvalistetsinstitut with Trifork Digital Health A/S"/><contact><name value="Sundhedsvæsnets Kvalistetsinstitut with Trifork Digital Health A/S"/><telecom><system value="url"/><value value="https://trifork.com"/></telecom><telecom><system value="email"/><value value="rbk@trifork.com"/></telecom></contact><description value="EHS ventral hernie - midtlinie"/><compose><include><system value="https://kip.rkkp.dk/fhir/CodeSystem/EHSIncisionalHerniaClassification"/><concept><code value="m1"/><display value="M1 subxiphoidal"/></concept><concept><code value="m2"/><display value="M2 epigastrielt"/></concept><concept><code value="m3"/><display value="M3 umbilikalt"/></concept><concept><code value="m4"/><display value="M4 infraumbilikalt"/></concept><concept><code value="m5"/><display value="M5 suprapubisk"/></concept></include></compose></ValueSet>