<?xml version="1.0" encoding="UTF-8"?><ValueSet xmlns="http://hl7.org/fhir"><id value="ATCDMPN202410"/><text><status value="extensions"/><div xmlns="http://www.w3.org/1999/xhtml"><p class="res-header-id"><b>Generated Narrative: ValueSet ATCDMPN202410</b></p><a name="ATCDMPN202410"> </a><a name="hcATCDMPN202410"> </a><a name="ATCDMPN202410-en-US"> </a><p>This value set includes codes based on the following rules:</p><ul><li>Include these codes as defined in <a href="CodeSystem-ATC.html"><code>https://kip.rkkp.dk/fhir/CodeSystem/ATC</code></a><table class="none"><tr><td style="white-space:nowrap"><b>Code</b></td><td><b>Display</b></td><td><b>Definition</b></td></tr><tr><td><a href="CodeSystem-ATC.html#ATC-B01AC06">B01AC06</a></td><td>Acetylsalicylsyre (ASA)</td><td>B01AC06 - acetylsalicylic acid</td></tr><tr><td><a href="CodeSystem-ATC.html#ATC-L01XX35">L01XX35</a></td><td>Anagrelid</td><td>L01XX35 - anagrelide</td></tr><tr><td><a href="CodeSystem-ATC.html#ATC-L01AB01">L01AB01</a></td><td>Busulfan (Myleran)</td><td>L01AB01 - busulfan</td></tr><tr><td><a href="CodeSystem-ATC.html#ATC-L01XX05">L01XX05</a></td><td>Hydroxcarbamid</td><td>L01XX05 - hydroxycarbamide</td></tr><tr><td><a href="CodeSystem-ATC.html#ATC-C10AA">C10AA</a></td><td>Statiner</td><td>C10AA - HMG CoA reductase inhibitors</td></tr><tr><td><a href="CodeSystem-ATC.html#ATC-L03AB">L03AB</a></td><td>Interferon</td><td>L03AB - Interferons</td></tr><tr><td><a href="CodeSystem-ATC.html#ATC-L0EJ">L0EJ</a></td><td>JAKi</td><td/></tr><tr><td><a href="CodeSystem-ATC.html#ATC-B01A">B01A</a></td><td>Anden blodfortyndende behandling</td><td>B01A - ANTITHROMBOTIC AGENTS</td></tr></table></li><li>Include these codes as defined in <a href="CodeSystem-TreatmentUnspecified.html"><code>https://kip.rkkp.dk/fhir/CodeSystem/TreatmentUnspecified</code></a><table class="none"><tr><td style="white-space:nowrap"><b>Code</b></td><td><b>Display</b></td><td><b>Definition</b></td></tr><tr><td><a href="CodeSystem-TreatmentUnspecified.html#TreatmentUnspecified-incision_vein">incision_vein</a></td><td>Venesectio</td><td>Incision of Vein / Venesektion</td></tr></table></li><li>Include these codes as defined in <a href="CodeSystem-GenericValues.html"><code>https://kip.rkkp.dk/fhir/CodeSystem/GenericValues</code></a><table class="none"><tr><td style="white-space:nowrap"><b>Code</b></td><td><b>Display</b></td><td><b>Definition</b></td></tr><tr><td><a href="CodeSystem-GenericValues.html#GenericValues-other">other</a></td><td>Anden behandling</td><td>Other - used to choose unspecific value not in a valueset</td></tr></table></li></ul></div></text><url value="https://kip.rkkp.dk/fhir/ValueSet/ATCDMPN202410"/><version value="0.2.1"/><name value="ATCDMPN202410"/><title value="ATC DMPN 202410"/><status value="active"/><experimental value="true"/><date value="2024-10-02T00:00:00+02:00"/><publisher value="Sundhedsvæsnets Kvalistetsinstitut with Trifork Digital Health A/S"/><contact><name value="Sundhedsvæsnets Kvalistetsinstitut with Trifork Digital Health A/S"/><telecom><system value="url"/><value value="https://trifork.com"/></telecom><telecom><system value="email"/><value value="rbk@trifork.com"/></telecom></contact><description value="ATC koder DMPN behandling. Valueset erstatter tidligere fra okt. 2024"/><compose><include><system value="https://kip.rkkp.dk/fhir/CodeSystem/ATC"/><concept><code value="B01AC06"/><display value="Acetylsalicylsyre (ASA)"/></concept><concept><code value="L01XX35"/><display value="Anagrelid"/></concept><concept><code value="L01AB01"/><display value="Busulfan (Myleran)"/></concept><concept><code value="L01XX05"/><display value="Hydroxcarbamid"/></concept><concept><code value="C10AA"/><display value="Statiner"/></concept><concept><code value="L03AB"/><display value="Interferon"/></concept><concept><code value="L0EJ"/><display value="JAKi"/></concept><concept><code value="B01A"/><display value="Anden blodfortyndende behandling"/></concept></include><include><system value="https://kip.rkkp.dk/fhir/CodeSystem/TreatmentUnspecified"/><concept><code value="incision_vein"/><display value="Venesectio"/></concept></include><include><system value="https://kip.rkkp.dk/fhir/CodeSystem/GenericValues"/><concept><code value="other"/><display value="Anden behandling"/></concept></include></compose></ValueSet>