<?xml version="1.0" encoding="UTF-8"?><ValueSet xmlns="http://hl7.org/fhir"><id value="ArtrosefoelgeDSR"/><text><status value="extensions"/><div xmlns="http://www.w3.org/1999/xhtml"><p class="res-header-id"><b>Generated Narrative: ValueSet ArtrosefoelgeDSR</b></p><a name="ArtrosefoelgeDSR"> </a><a name="hcArtrosefoelgeDSR"> </a><a name="ArtrosefoelgeDSR-en-US"> </a><p>This value set includes codes based on the following rules:</p><ul><li>Include these codes as defined in <a href="CodeSystem-BasicDisorder.html"><code>https://kip.rkkp.dk/fhir/CodeSystem/BasicDisorder</code></a><table class="none"><tr><td style="white-space:nowrap"><b>Code</b></td><td><b>Display</b></td><td><b>Definition</b></td></tr><tr><td><a href="CodeSystem-BasicDisorder.html#BasicDisorder-fracture">fracture</a></td><td>Frakturfølge</td><td>Fraktur</td></tr><tr><td><a href="CodeSystem-BasicDisorder.html#BasicDisorder-instability">instability</a></td><td>Instabilitetsfølge</td><td>Instabilitet</td></tr></table></li><li>Include these codes as defined in <a href="CodeSystem-GenericValues.html"><code>https://kip.rkkp.dk/fhir/CodeSystem/GenericValues</code></a><table class="none"><tr><td style="white-space:nowrap"><b>Code</b></td><td><b>Display</b></td><td><b>Definition</b></td></tr><tr><td><a href="CodeSystem-GenericValues.html#GenericValues-other">other</a></td><td>Anden årsag</td><td>Other - used to choose unspecific value not in a valueset</td></tr></table></li></ul></div></text><url value="https://kip.rkkp.dk/fhir/ValueSet/ArtrosefoelgeDSR"/><version value="0.1.8"/><name value="ArtrosefoelgeDSR"/><title value="Artrosefølge (DSR)"/><status value="active"/><experimental value="true"/><date value="2022-10-05T00:00:00+02:00"/><publisher value="Sundhedsvæsnets Kvalistetsinstitut with Trifork Digital Health A/S"/><contact><name value="Sundhedsvæsnets Kvalistetsinstitut with Trifork Digital Health A/S"/><telecom><system value="url"/><value value="https://trifork.com"/></telecom><telecom><system value="email"/><value value="rbk@trifork.com"/></telecom></contact><description value="Artrosefølge (DSR)"/><compose><include><system value="https://kip.rkkp.dk/fhir/CodeSystem/BasicDisorder"/><concept><code value="fracture"/><display value="Frakturfølge"/></concept><concept><code value="instability"/><display value="Instabilitetsfølge"/></concept></include><include><system value="https://kip.rkkp.dk/fhir/CodeSystem/GenericValues"/><concept><code value="other"/><display value="Anden årsag"/></concept></include></compose></ValueSet>