<?xml version="1.0" encoding="UTF-8"?><ValueSet xmlns="http://hl7.org/fhir"><id value="ComplicationsManifestation202412"/><text><status value="extensions"/><div xmlns="http://www.w3.org/1999/xhtml"><p class="res-header-id"><b>Generated Narrative: ValueSet ComplicationsManifestation202412</b></p><a name="ComplicationsManifestation202412"> </a><a name="hcComplicationsManifestation202412"> </a><a name="ComplicationsManifestation202412-en-US"> </a><ul><li>Include these codes as defined in <a href="CodeSystem-Complications.html"><code>https://kip.rkkp.dk/fhir/CodeSystem/Complications</code></a><table class="none"><tr><td style="white-space:nowrap"><b>Code</b></td><td><b>Display</b></td><td><b>Definition</b></td></tr><tr><td><a href="CodeSystem-Complications.html#Complications-marrow_relapse">marrow_relapse</a></td><td>Marv relaps</td><td>Marrow relapse / Marv relaps</td></tr><tr><td><a href="CodeSystem-Complications.html#Complications-rising_m_component">rising_m_component</a></td><td>Stigende M-komponent</td><td>Rising M-component / Stigende M-komponent</td></tr><tr><td><a href="CodeSystem-Complications.html#Complications-hypercalcemia">hypercalcemia</a></td><td>Hypercalcæmi (klinisk betydende)</td><td>Hypercalcemia / Hypercalcæmi</td></tr><tr><td><a href="CodeSystem-Complications.html#Complications-osteolytic_foci">osteolytic_foci</a></td><td>Progression af osteolytiske foci</td><td>Progressive osteolytic foci / Progression af osteolytiske foci</td></tr><tr><td><a href="CodeSystem-Complications.html#Complications-medullary_cross_sectional_syndrome">medullary_cross_sectional_syndrome</a></td><td>Medullært tværsnitssyndrom</td><td>Medullary cross-sectional syndrome / Medullært tværsnitssyndrom</td></tr><tr><td><a href="CodeSystem-Complications.html#Complications-extremedullery_myeloma">extremedullery_myeloma</a></td><td>Ekstramedullære Myelomer</td><td>Extremedullary Myeloma / Ekstramedullære Myelomer</td></tr><tr><td><a href="CodeSystem-Complications.html#Complications-plasma_cell_leukemia">plasma_cell_leukemia</a></td><td>Plasmacelle leukæmi</td><td>Plasma cell leukemia / Plasmacelle leukæmi</td></tr><tr><td><a href="CodeSystem-Complications.html#Complications-uremia_clinically">uremia_clinically</a></td><td>Uræmi (klinisk betydende)</td><td>Uremia (clinically significant) / Uræmi (klinisk betydende)</td></tr><tr><td><a href="CodeSystem-Complications.html#Complications-uremia_dialysis">uremia_dialysis</a></td><td>Uræmi (kronisk dialysekrævende)</td><td>Uremia (chronic dialysis requiring) / Uræmi (kronisk dialysekrævende)</td></tr><tr><td><a href="CodeSystem-Complications.html#Complications-amyloidosis">amyloidosis</a></td><td>Amyloidose</td><td>Amyloidosis / Amyloidose / SNOMED-CT: 17602002</td></tr></table></li></ul></div></text><url value="https://kip.rkkp.dk/fhir/ValueSet/ComplicationsManifestation202412"/><version value="2.9.1"/><name value="ComplicationsManifestation202412"/><title value="Manifeste komplikationer 202412"/><status value="active"/><experimental value="true"/><date value="2024-11-29T00:00:00+02:00"/><publisher value="Sundhedsvæsnets Kvalistetsinstitut with Trifork Digital Health A/S"/><contact><name value="Sundhedsvæsnets Kvalistetsinstitut with Trifork Digital Health A/S"/><telecom><system value="url"/><value value="https://trifork.com"/></telecom><telecom><system value="email"/><value value="rbk@trifork.com"/></telecom></contact><description value="Manifeste komplikationer [DAMYDA]"/><compose><include><system value="https://kip.rkkp.dk/fhir/CodeSystem/Complications"/><concept><code value="marrow_relapse"/><display value="Marv relaps"/></concept><concept><code value="rising_m_component"/><display value="Stigende M-komponent"/></concept><concept><code value="hypercalcemia"/><display value="Hypercalcæmi (klinisk betydende)"/></concept><concept><code value="osteolytic_foci"/><display value="Progression af osteolytiske foci"/></concept><concept><code value="medullary_cross_sectional_syndrome"/><display value="Medullært tværsnitssyndrom"/></concept><concept><code value="extremedullery_myeloma"/><display value="Ekstramedullære Myelomer"/></concept><concept><code value="plasma_cell_leukemia"/><display value="Plasmacelle leukæmi"/></concept><concept><code value="uremia_clinically"/><display value="Uræmi (klinisk betydende)"/></concept><concept><code value="uremia_dialysis"/><display value="Uræmi (kronisk dialysekrævende)"/></concept><concept><code value="amyloidosis"/><display value="Amyloidose"/></concept></include></compose></ValueSet>