<?xml version="1.0" encoding="UTF-8"?><ValueSet xmlns="http://hl7.org/fhir"><id value="NIHSS1bBevidsthedsniveau"/><text><status value="extensions"/><div xmlns="http://www.w3.org/1999/xhtml"><p class="res-header-id"><b>Generated Narrative: ValueSet NIHSS1bBevidsthedsniveau</b></p><a name="NIHSS1bBevidsthedsniveau"> </a><a name="hcNIHSS1bBevidsthedsniveau"> </a><a name="NIHSS1bBevidsthedsniveau-en-US"> </a><ul><li>Include these codes as defined in <a href="CodeSystem-NIHSS1bLOC.html"><code>https://kip.sundk.dk/fhir/CodeSystem/NIHSS1bLOC</code></a><table class="none"><tr><td style="white-space:nowrap"><b>Code</b></td><td><b>Display</b></td><td><b>Definition</b></td></tr><tr><td><a href="CodeSystem-NIHSS1bLOC.html#NIHSS1bLOC-0">0</a></td><td>0 = Begge svar korrekt</td><td>Answers both questions correctly.</td></tr><tr><td><a href="CodeSystem-NIHSS1bLOC.html#NIHSS1bLOC-1">1</a></td><td>1 = Ét af svarene korrekt</td><td>Answers one question correctly.</td></tr><tr><td><a href="CodeSystem-NIHSS1bLOC.html#NIHSS1bLOC-2">2</a></td><td>2 = Ingen af svarene er korrekte</td><td>Answers neither question correctly.</td></tr></table></li></ul></div></text><url value="https://kip.sundk.dk/fhir/ValueSet/NIHSS1bBevidsthedsniveau"/><version value="0.0.9"/><name value="NIHSS1bBevidsthedsniveau"/><title value="NIHSS - 1b. Bevidsthedsniveau: spørgsmål"/><status value="active"/><experimental value="true"/><date value="2022-06-24T00:00:00+02:00"/><publisher value="Sundhedsvæsnets Kvalistetsinstitut with Trifork Public A/S"/><contact><name value="Sundhedsvæsnets Kvalistetsinstitut with Trifork Public A/S"/><telecom><system value="url"/><value value="https://trifork.com"/></telecom><telecom><system value="email"/><value value="rbk@trifork.com"/></telecom></contact><description value="The National Institute of Health Stroke Scale (NIHSS) - 1b. Bevidsthedsniveau: spørgsmål"/><compose><include><system value="https://kip.sundk.dk/fhir/CodeSystem/NIHSS1bLOC"/><concept><code value="0"/><display value="0 = Begge svar korrekt"/></concept><concept><code value="1"/><display value="1 = Ét af svarene korrekt"/></concept><concept><code value="2"/><display value="2 = Ingen af svarene er korrekte"/></concept></include></compose></ValueSet>