<?xml version="1.0" encoding="UTF-8"?><ValueSet xmlns="http://hl7.org/fhir"><id value="OperationsstueDKR"/><text><status value="extensions"/><div xmlns="http://www.w3.org/1999/xhtml"><p class="res-header-id"><b>Generated Narrative: ValueSet OperationsstueDKR</b></p><a name="OperationsstueDKR"> </a><a name="hcOperationsstueDKR"> </a><a name="OperationsstueDKR-en-US"> </a><ul><li>Include these codes as defined in <a href="CodeSystem-OperatingRoom.html"><code>https://kip.rkkp.dk/fhir/CodeSystem/OperatingRoom</code></a><table class="none"><tr><td style="white-space:nowrap"><b>Code</b></td><td><b>Display</b></td><td><b>Definition</b></td></tr><tr><td><a href="CodeSystem-OperatingRoom.html#OperatingRoom-flow">flow</a></td><td>Flow stue / green house</td><td>Flow stue/green house</td></tr><tr><td><a href="CodeSystem-OperatingRoom.html#OperatingRoom-conventional">conventional</a></td><td>Konventionel stue</td><td>Konventionel stue</td></tr></table></li></ul></div></text><url value="https://kip.rkkp.dk/fhir/ValueSet/OperationsstueDKR"/><version value="2.9.0"/><name value="OperationsstueDKR"/><title value="Operationsstue (DKR)"/><status value="active"/><experimental value="true"/><date value="2024-06-10T00:00:00+02:00"/><publisher value="Sundhedsvæsnets Kvalistetsinstitut with Trifork Digital Health A/S"/><contact><name value="Sundhedsvæsnets Kvalistetsinstitut with Trifork Digital Health A/S"/><telecom><system value="url"/><value value="https://trifork.com"/></telecom><telecom><system value="email"/><value value="rbk@trifork.com"/></telecom></contact><description value="Operationsstue (DKR)"/><compose><include><system value="https://kip.rkkp.dk/fhir/CodeSystem/OperatingRoom"/><concept><code value="flow"/><display value="Flow stue / green house"/></concept><concept><code value="conventional"/><display value="Konventionel stue"/></concept></include></compose></ValueSet>