<?xml version="1.0" encoding="UTF-8"?><ValueSet xmlns="http://hl7.org/fhir"><id value="SuturTypeVentralhernieDHDB"/><text><status value="extensions"/><div xmlns="http://www.w3.org/1999/xhtml"><p class="res-header-id"><b>Generated Narrative: ValueSet SuturTypeVentralhernieDHDB</b></p><a name="SuturTypeVentralhernieDHDB"> </a><a name="hcSuturTypeVentralhernieDHDB"> </a><a name="SuturTypeVentralhernieDHDB-en-US"> </a><ul><li>Include these codes as defined in <a href="CodeSystem-MedicalFixationClosing.html"><code>https://kip.rkkp.dk/fhir/CodeSystem/MedicalFixationClosing</code></a><table class="none"><tr><td style="white-space:nowrap"><b>Code</b></td><td><b>Display</b></td><td><b>Definition</b></td></tr><tr><td><a href="CodeSystem-MedicalFixationClosing.html#MedicalFixationClosing-multifilament">multifilament</a></td><td>Multifilament</td><td>Multifilament</td></tr><tr><td><a href="CodeSystem-MedicalFixationClosing.html#MedicalFixationClosing-monofilament">monofilament</a></td><td>Monofilament</td><td>Monofilament</td></tr></table></li></ul></div></text><url value="https://kip.rkkp.dk/fhir/ValueSet/SuturTypeVentralhernieDHDB"/><version value="2.9.0"/><name value="SuturTypeVentralhernieDHDB"/><title value="Sutur type, ventralhernie (DHDB)"/><status value="active"/><experimental value="true"/><date value="2022-07-20T00:00:00+02:00"/><publisher value="Sundhedsvæsnets Kvalistetsinstitut with Trifork Digital Health A/S"/><contact><name value="Sundhedsvæsnets Kvalistetsinstitut with Trifork Digital Health A/S"/><telecom><system value="url"/><value value="https://trifork.com"/></telecom><telecom><system value="email"/><value value="rbk@trifork.com"/></telecom></contact><description value="Sutur type, ventralhernie (DHDB)"/><compose><include><system value="https://kip.rkkp.dk/fhir/CodeSystem/MedicalFixationClosing"/><concept><code value="multifilament"/><display value="Multifilament"/></concept><concept><code value="monofilament"/><display value="Monofilament"/></concept></include></compose></ValueSet>