<?xml version="1.0" encoding="UTF-8"?><ValueSet xmlns="http://hl7.org/fhir"><id value="CementFemurTibiaPatellaDKR"/><text><status value="extensions"/><div xmlns="http://www.w3.org/1999/xhtml"><p class="res-header-id"><b>Generated Narrative: ValueSet CementFemurTibiaPatellaDKR</b></p><a name="CementFemurTibiaPatellaDKR"> </a><a name="hcCementFemurTibiaPatellaDKR"> </a><a name="CementFemurTibiaPatellaDKR-en-US"> </a><p>This value set includes codes based on the following rules:</p><ul><li>Include these codes as defined in <a href="CodeSystem-CementType.html"><code>https://kip.rkkp.dk/fhir/CodeSystem/CementType</code></a><table class="none"><tr><td style="white-space:nowrap"><b>Code</b></td><td><b>Display</b></td><td><b>Definition</b></td></tr><tr><td><a href="CodeSystem-CementType.html#CementType-biomet_cement_lv">biomet_cement_lv</a></td><td>Biomet: Bone Cement LV</td><td>Biomet: Bone Cement LV</td></tr><tr><td><a href="CodeSystem-CementType.html#CementType-biomet_cement_r">biomet_cement_r</a></td><td>Biomet: Bone Cement R</td><td>Biomet: Bone Cement R</td></tr><tr><td><a href="CodeSystem-CementType.html#CementType-biomet_cement_v">biomet_cement_v</a></td><td>Biomet: Bone Cement V</td><td>Biomet: Bone Cement V</td></tr><tr><td><a href="CodeSystem-CementType.html#CementType-biomet_cement_plus">biomet_cement_plus</a></td><td>Biomet: Plus Bone Cement</td><td>Biomet: Plus Bone Cement</td></tr><tr><td><a href="CodeSystem-CementType.html#CementType-cmw1">cmw1</a></td><td>CMW I</td><td>CMW I</td></tr><tr><td><a href="CodeSystem-CementType.html#CementType-cmw2">cmw2</a></td><td>CMW II</td><td>CMW II</td></tr><tr><td><a href="CodeSystem-CementType.html#CementType-cmw3">cmw3</a></td><td>CMW III</td><td>CMW III</td></tr><tr><td><a href="CodeSystem-CementType.html#CementType-lvc_standard">lvc_standard</a></td><td>LVC-standard</td><td>LVC-standard</td></tr><tr><td><a href="CodeSystem-CementType.html#CementType-palacos">palacos</a></td><td>Palacos</td><td>Palacos</td></tr><tr><td><a href="CodeSystem-CementType.html#CementType-palacos_low">palacos_low</a></td><td>Palacos low</td><td>Palacos low</td></tr><tr><td><a href="CodeSystem-CementType.html#CementType-refobacin_cement_lv">refobacin_cement_lv</a></td><td>Refobacin: Bone Cement LV</td><td>Refobacin: Bone Cement LV</td></tr><tr><td><a href="CodeSystem-CementType.html#CementType-refobacin_cement_r">refobacin_cement_r</a></td><td>Refobacin: Bone Cement R</td><td>Refobacin: Bone Cement R</td></tr><tr><td><a href="CodeSystem-CementType.html#CementType-refobacin_cement_plus">refobacin_cement_plus</a></td><td>Refobacin: Plus Bone Cement</td><td>Refobacin: Plus Bone Cement</td></tr><tr><td><a href="CodeSystem-CementType.html#CementType-refobacin_revision">refobacin_revision</a></td><td>Refobacin: Revision</td><td>Refobacin: Revision</td></tr><tr><td><a href="CodeSystem-CementType.html#CementType-simplex">simplex</a></td><td>Simplex</td><td>Simplex</td></tr><tr><td><a href="CodeSystem-CementType.html#CementType-smartset">smartset</a></td><td>SmartSet</td><td>SmartSet</td></tr><tr><td><a href="CodeSystem-CementType.html#CementType-sulfix">sulfix</a></td><td>Sulfix</td><td>Sulfix</td></tr></table></li><li>Include these codes as defined in <a href="CodeSystem-GenericValues.html"><code>https://kip.rkkp.dk/fhir/CodeSystem/GenericValues</code></a><table class="none"><tr><td style="white-space:nowrap"><b>Code</b></td><td><b>Display</b></td><td><b>Definition</b></td></tr><tr><td><a href="CodeSystem-GenericValues.html#GenericValues-other">other</a></td><td>Anden cement med eller uden antibiotika</td><td>Other - used to choose unspecific value not in a valueset</td></tr></table></li></ul></div></text><url value="https://kip.rkkp.dk/fhir/ValueSet/CementFemurTibiaPatellaDKR"/><version value="0.1.6"/><name value="CementFemurTibiaPatellaDKR"/><title value="Cement - femur, tibia og patella (DKR)"/><status value="active"/><experimental value="true"/><date value="2022-10-13T00:00:00+02:00"/><publisher value="Sundhedsvæsnets Kvalistetsinstitut with Trifork Digital Health A/S"/><contact><name value="Sundhedsvæsnets Kvalistetsinstitut with Trifork Digital Health A/S"/><telecom><system value="url"/><value value="https://trifork.com"/></telecom><telecom><system value="email"/><value value="rbk@trifork.com"/></telecom></contact><description value="Cement - femur, tibia og patella (DKR)"/><compose><include><system value="https://kip.rkkp.dk/fhir/CodeSystem/CementType"/><concept><code value="biomet_cement_lv"/><display value="Biomet: Bone Cement LV"/></concept><concept><code value="biomet_cement_r"/><display value="Biomet: Bone Cement R"/></concept><concept><code value="biomet_cement_v"/><display value="Biomet: Bone Cement V"/></concept><concept><code value="biomet_cement_plus"/><display value="Biomet: Plus Bone Cement"/></concept><concept><code value="cmw1"/><display value="CMW I"/></concept><concept><code value="cmw2"/><display value="CMW II"/></concept><concept><code value="cmw3"/><display value="CMW III"/></concept><concept><code value="lvc_standard"/><display value="LVC-standard"/></concept><concept><code value="palacos"/><display value="Palacos"/></concept><concept><code value="palacos_low"/><display value="Palacos low"/></concept><concept><code value="refobacin_cement_lv"/><display value="Refobacin: Bone Cement LV"/></concept><concept><code value="refobacin_cement_r"/><display value="Refobacin: Bone Cement R"/></concept><concept><code value="refobacin_cement_plus"/><display value="Refobacin: Plus Bone Cement"/></concept><concept><code value="refobacin_revision"/><display value="Refobacin: Revision"/></concept><concept><code value="simplex"/><display value="Simplex"/></concept><concept><code value="smartset"/><display value="SmartSet"/></concept><concept><code value="sulfix"/><display value="Sulfix"/></concept></include><include><system value="https://kip.rkkp.dk/fhir/CodeSystem/GenericValues"/><concept><code value="other"/><display value="Anden cement med eller uden antibiotika"/></concept></include></compose></ValueSet>