<?xml version="1.0" encoding="UTF-8"?><ValueSet xmlns="http://hl7.org/fhir"><id value="ProcedureTypeDCCG3"/><text><status value="extensions"/><div xmlns="http://www.w3.org/1999/xhtml"><p class="res-header-id"><b>Generated Narrative: ValueSet ProcedureTypeDCCG3</b></p><a name="ProcedureTypeDCCG3"> </a><a name="hcProcedureTypeDCCG3"> </a><a name="ProcedureTypeDCCG3-en-US"> </a><p>This value set includes codes based on the following rules:</p><ul><li>Include these codes as defined in <a href="CodeSystem-ProcedureType.html"><code>https://kip.rkkp.dk/fhir/CodeSystem/ProcedureType</code></a><table class="none"><tr><td style="white-space:nowrap"><b>Code</b></td><td><b>Display</b></td><td><b>Definition</b></td></tr><tr><td><a href="CodeSystem-ProcedureType.html#ProcedureType-tme">tme</a></td><td>TME</td><td>TME</td></tr><tr><td><a href="CodeSystem-ProcedureType.html#ProcedureType-pme">pme</a></td><td>PME</td><td>PME</td></tr></table></li><li>Include these codes as defined in <a href="http://terminology.hl7.org/3.1.0/CodeSystem-v2-0532.html"><code>http://terminology.hl7.org/CodeSystem/v2-0532</code></a><table class="none"><tr><td style="white-space:nowrap"><b>Code</b></td><td><b>Display</b></td><td><b>Definition</b></td></tr><tr><td><a href="http://terminology.hl7.org/3.1.0/CodeSystem-v2-0532.html#v2-0532-NA">NA</a></td><td>Ikke relevant</td><td>not applicable</td></tr></table></li></ul></div></text><url value="https://kip.rkkp.dk/fhir/ValueSet/ProcedureTypeDCCG3"/><version value="2.9.3"/><name value="ProcedureTypeDCCG3"/><title value="Proceduretyper til DCCG 3"/><status value="active"/><experimental value="true"/><date value="2022-10-11T00:00:00+02:00"/><publisher value="Sundhedsvæsenets Kvalitetsinstitut with Trifork Digital Health A/S"/><contact><name value="Sundhedsvæsenets Kvalitetsinstitut with Trifork Digital Health A/S"/><telecom><system value="url"/><value value="https://trifork.com"/></telecom><telecom><system value="email"/><value value="rbk@trifork.com"/></telecom></contact><description value="Proceduretyper til DCCG 3"/><compose><include><system value="https://kip.rkkp.dk/fhir/CodeSystem/ProcedureType"/><concept><code value="tme"/><display value="TME"/></concept><concept><code value="pme"/><display value="PME"/></concept></include><include><system value="http://terminology.hl7.org/CodeSystem/v2-0532"/><concept><code value="NA"/><display value="Ikke relevant"/></concept></include></compose></ValueSet>