<?xml version="1.0" encoding="UTF-8"?><ValueSet xmlns="http://hl7.org/fhir"><id value="OperativtFundIngvinalhernieDHDB"/><text><status value="extensions"/><div xmlns="http://www.w3.org/1999/xhtml"><p class="res-header-id"><b>Generated Narrative: ValueSet OperativtFundIngvinalhernieDHDB</b></p><a name="OperativtFundIngvinalhernieDHDB"> </a><a name="hcOperativtFundIngvinalhernieDHDB"> </a><a name="OperativtFundIngvinalhernieDHDB-en-US"> </a><p>This value set includes codes based on the following rules:</p><ul><li>Include these codes as defined in <a href="CodeSystem-SKS.html"><code>https://kip.sundk.dk/fhir/CodeSystem/SKS</code></a><table class="none"><tr><td style="white-space:nowrap"><b>Code</b></td><td><b>Display</b></td><td><b>Definition</b></td></tr><tr><td><a href="CodeSystem-SKS.html#SKS-DK40">DK40</a></td><td>Ingvinalhernie</td><td>DK40 - Lyskebrok</td></tr><tr><td><a href="CodeSystem-SKS.html#SKS-DK41">DK41</a></td><td>Femoralhernie</td><td>DK41 - Lårbrok</td></tr></table></li><li>Include these codes as defined in <a href="CodeSystem-GenericValues.html"><code>https://kip.sundk.dk/fhir/CodeSystem/GenericValues</code></a><table class="none"><tr><td style="white-space:nowrap"><b>Code</b></td><td><b>Display</b></td><td><b>Definition</b></td></tr><tr><td><a href="CodeSystem-GenericValues.html#GenericValues-combined">combined</a></td><td>Kombination (ingvinal/femoral)</td><td>Combined / Kombineret / SNOMED-CT: 89780004</td></tr></table></li></ul></div></text><url value="https://kip.sundk.dk/fhir/ValueSet/OperativtFundIngvinalhernieDHDB"/><version value="0.0.9"/><name value="OperativtFundIngvinalhernieDHDB"/><title value="Operativt fund - ingvinalhernie (DHDB)"/><status value="active"/><experimental value="true"/><date value="2022-07-20T00:00:00+02:00"/><publisher value="Sundhedsvæsnets Kvalistetsinstitut with Trifork Public A/S"/><contact><name value="Sundhedsvæsnets Kvalistetsinstitut with Trifork Public A/S"/><telecom><system value="url"/><value value="https://trifork.com"/></telecom><telecom><system value="email"/><value value="rbk@trifork.com"/></telecom></contact><description value="Operativt fund - ingvinalhernie (DHDB)"/><compose><include><system value="https://kip.sundk.dk/fhir/CodeSystem/SKS"/><concept><code value="DK40"/><display value="Ingvinalhernie"/></concept><concept><code value="DK41"/><display value="Femoralhernie"/></concept></include><include><system value="https://kip.sundk.dk/fhir/CodeSystem/GenericValues"/><concept><code value="combined"/><display value="Kombination (ingvinal/femoral)"/></concept></include></compose></ValueSet>