<?xml version="1.0" encoding="UTF-8"?><ValueSet xmlns="http://hl7.org/fhir"><id value="BrusklaesionPlaceringDKRR"/><text><status value="extensions"/><div xmlns="http://www.w3.org/1999/xhtml"><p class="res-header-id"><b>Generated Narrative: ValueSet BrusklaesionPlaceringDKRR</b></p><a name="BrusklaesionPlaceringDKRR"> </a><a name="hcBrusklaesionPlaceringDKRR"> </a><a name="BrusklaesionPlaceringDKRR-en-US"> </a><ul><li>Include these codes as defined in <a href="CodeSystem-AnatomicalLocations.html"><code>https://kip.rkkp.dk/fhir/CodeSystem/AnatomicalLocations</code></a><table class="none"><tr><td style="white-space:nowrap"><b>Code</b></td><td><b>Display</b></td><td><b>Definition</b></td></tr><tr><td><a href="CodeSystem-AnatomicalLocations.html#AnatomicalLocations-Patella_medial">Patella_medial</a></td><td>Patella (mediale facet)</td><td>Patella (mediale facet)</td></tr><tr><td><a href="CodeSystem-AnatomicalLocations.html#AnatomicalLocations-Patella_lateral">Patella_lateral</a></td><td>Patella (laterale facet)</td><td>Patella (laterale facet)</td></tr><tr><td><a href="CodeSystem-AnatomicalLocations.html#AnatomicalLocations-Trochlea_femoris">Trochlea_femoris</a></td><td>Trochlea femoris</td><td>Trochlea femoris</td></tr><tr><td><a href="CodeSystem-AnatomicalLocations.html#AnatomicalLocations-Med_femur_kondyl">Med_femur_kondyl</a></td><td>Med. femur kondyl</td><td>Med. femur kondyl</td></tr><tr><td><a href="CodeSystem-AnatomicalLocations.html#AnatomicalLocations-Med_tibia_plateau">Med_tibia_plateau</a></td><td>Med. tibia plateau</td><td>Med. tibia plateau</td></tr><tr><td><a href="CodeSystem-AnatomicalLocations.html#AnatomicalLocations-Lat_femur_kondyl">Lat_femur_kondyl</a></td><td>Lat. femur kondyl</td><td>Lat. femur kondyl</td></tr><tr><td><a href="CodeSystem-AnatomicalLocations.html#AnatomicalLocations-Lat_tibia_plateau">Lat_tibia_plateau</a></td><td>Lat. tibia plateau</td><td>Lat. tibia plateau</td></tr></table></li></ul></div></text><url value="https://kip.rkkp.dk/fhir/ValueSet/BrusklaesionPlaceringDKRR"/><version value="2.9.3"/><name value="BrusklaesionPlaceringDKRR"/><title value="Placering af brusklæsioner (DKRR)"/><status value="active"/><experimental value="true"/><date value="2023-03-23T00:00:00+02:00"/><publisher value="Sundhedsvæsenets Kvalitetsinstitut with Trifork Digital Health A/S"/><contact><name value="Sundhedsvæsenets Kvalitetsinstitut with Trifork Digital Health A/S"/><telecom><system value="url"/><value value="https://trifork.com"/></telecom><telecom><system value="email"/><value value="rbk@trifork.com"/></telecom></contact><description value="Placering af brusklæsioner (DKRR)"/><compose><include><system value="https://kip.rkkp.dk/fhir/CodeSystem/AnatomicalLocations"/><concept><code value="Patella_medial"/><display value="Patella (mediale facet)"/></concept><concept><code value="Patella_lateral"/><display value="Patella (laterale facet)"/></concept><concept><code value="Trochlea_femoris"/><display value="Trochlea femoris"/></concept><concept><code value="Med_femur_kondyl"/><display value="Med. femur kondyl"/></concept><concept><code value="Med_tibia_plateau"/><display value="Med. tibia plateau"/></concept><concept><code value="Lat_femur_kondyl"/><display value="Lat. femur kondyl"/></concept><concept><code value="Lat_tibia_plateau"/><display value="Lat. tibia plateau"/></concept></include></compose></ValueSet>