<?xml version="1.0" encoding="UTF-8"?><ValueSet xmlns="http://hl7.org/fhir"><id value="ManglendeVisitation"/><text><status value="extensions"/><div xmlns="http://www.w3.org/1999/xhtml"><p class="res-header-id"><b>Generated Narrative: ValueSet ManglendeVisitation</b></p><a name="ManglendeVisitation"> </a><a name="hcManglendeVisitation"> </a><a name="ManglendeVisitation-en-US"> </a><p>This value set includes codes based on the following rules:</p><ul><li>Include these codes as defined in <a href="CodeSystem-VisitationCriteriaNotMet.html"><code>https://kip.rkkp.dk/fhir/CodeSystem/VisitationCriteriaNotMet</code></a><table class="none"><tr><td style="white-space:nowrap"><b>Code</b></td><td><b>Display</b></td><td><b>Definition</b></td></tr><tr><td><a href="CodeSystem-VisitationCriteriaNotMet.html#VisitationCriteriaNotMet-not_terminally_ill">not_terminally_ill</a></td><td>Ikke uhelbredeligt syg</td><td>Not terminally ill / Ikke uhelbredeligt syg</td></tr><tr><td><a href="CodeSystem-VisitationCriteriaNotMet.html#VisitationCriteriaNotMet-no_symptomatology">no_symptomatology</a></td><td>Ikke symptomatologi, som kræver en specialiseret/tværfaglig indsats</td><td>No symptomatology / Ikke symptomatologi, som kræver en specialiseret/tværfaglig indsats</td></tr><tr><td><a href="CodeSystem-VisitationCriteriaNotMet.html#VisitationCriteriaNotMet-not_diagnostically_completed">not_diagnostically_completed</a></td><td>Ikke diagnostisk færdigudredt</td><td>Not diagnostically completed / Ikke diagnostisk færdigudredt</td></tr><tr><td><a href="CodeSystem-VisitationCriteriaNotMet.html#VisitationCriteriaNotMet-not_informed">not_informed</a></td><td>Patienten ikke velinformeret om sin sygdom</td><td>Patient not well informed / Patienten ikke velinformeret om sin sygdom</td></tr></table></li><li>Include these codes as defined in <a href="CodeSystem-GenericValues.html"><code>https://kip.rkkp.dk/fhir/CodeSystem/GenericValues</code></a><table class="none"><tr><td style="white-space:nowrap"><b>Code</b></td><td><b>Display</b></td><td><b>Definition</b></td></tr><tr><td><a href="CodeSystem-GenericValues.html#GenericValues-other">other</a></td><td>Andet</td><td>Other - used to choose unspecific value not in a valueset</td></tr></table></li></ul></div></text><url value="https://kip.rkkp.dk/fhir/ValueSet/ManglendeVisitation"/><version value="0.1.8"/><name value="ManglendeVisitation"/><title value="Visitationskriterier uopfyldt"/><status value="active"/><experimental value="true"/><date value="2022-09-06T00:00:00+02:00"/><publisher value="Sundhedsvæsnets Kvalistetsinstitut with Trifork Digital Health A/S"/><contact><name value="Sundhedsvæsnets Kvalistetsinstitut with Trifork Digital Health A/S"/><telecom><system value="url"/><value value="https://trifork.com"/></telecom><telecom><system value="email"/><value value="rbk@trifork.com"/></telecom></contact><description value="Hvilke visitationskriterier var ikke opfyldt"/><compose><include><system value="https://kip.rkkp.dk/fhir/CodeSystem/VisitationCriteriaNotMet"/><concept><code value="not_terminally_ill"/><display value="Ikke uhelbredeligt syg"/></concept><concept><code value="no_symptomatology"/><display value="Ikke symptomatologi, som kræver en specialiseret/tværfaglig indsats"/></concept><concept><code value="not_diagnostically_completed"/><display value="Ikke diagnostisk færdigudredt"/></concept><concept><code value="not_informed"/><display value="Patienten ikke velinformeret om sin sygdom"/></concept></include><include><system value="https://kip.rkkp.dk/fhir/CodeSystem/GenericValues"/><concept><code value="other"/><display value="Andet"/></concept></include></compose></ValueSet>