<?xml version="1.0" encoding="UTF-8"?><ValueSet xmlns="http://hl7.org/fhir"><id value="SSSBevidsthed"/><text><status value="extensions"/><div xmlns="http://www.w3.org/1999/xhtml"><p class="res-header-id"><b>Generated Narrative: ValueSet SSSBevidsthed</b></p><a name="SSSBevidsthed"> </a><a name="hcSSSBevidsthed"> </a><a name="SSSBevidsthed-en-US"> </a><ul><li>Include these codes as defined in <a href="CodeSystem-SSSConsciousness.html"><code>https://kip.rkkp.dk/fhir/CodeSystem/SSSConsciousness</code></a><table class="none"><tr><td style="white-space:nowrap"><b>Code</b></td><td><b>Display</b></td><td><b>Definition</b></td></tr><tr><td><a href="CodeSystem-SSSConsciousness.html#SSSConsciousness-6">6</a></td><td>6: vågen ved fuld bevidsthed</td><td>Vågen, er ved fuld bevidsthed</td></tr><tr><td><a href="CodeSystem-SSSConsciousness.html#SSSConsciousness-4">4</a></td><td>4: somnolent, kan vækkes til vågen tilstand</td><td>Somnolent: pt. kan vækkes til vågen tilstand, men pt. falder hen, når vedkommende overlades til sig selv.</td></tr><tr><td><a href="CodeSystem-SSSConsciousness.html#SSSConsciousness-2">2</a></td><td>2: reagerer på verbal opfordring </td><td>Reagerer på verbal opfordring</td></tr><tr><td><a href="CodeSystem-SSSConsciousness.html#SSSConsciousness-0">0</a></td><td>0: dybt bevidstløs</td><td>Dybt bevidstløs.</td></tr></table></li></ul></div></text><url value="https://kip.rkkp.dk/fhir/ValueSet/SSSBevidsthed"/><version value="0.1.6"/><name value="SSSBevidsthed"/><title value="Scandinavian Stroke Scale - Bevidsthed"/><status value="active"/><experimental value="true"/><date value="2022-06-23T00:00:00+02:00"/><publisher value="Sundhedsvæsnets Kvalistetsinstitut with Trifork Digital Health A/S"/><contact><name value="Sundhedsvæsnets Kvalistetsinstitut with Trifork Digital Health A/S"/><telecom><system value="url"/><value value="https://trifork.com"/></telecom><telecom><system value="email"/><value value="rbk@trifork.com"/></telecom></contact><description value="Scandinavian Stroke Scale - Bevidsthed"/><compose><include><system value="https://kip.rkkp.dk/fhir/CodeSystem/SSSConsciousness"/><concept><code value="6"/><display value="6: vågen ved fuld bevidsthed"/></concept><concept><code value="4"/><display value="4: somnolent, kan vækkes til vågen tilstand"/></concept><concept><code value="2"/><display value="2: reagerer på verbal opfordring "/></concept><concept><code value="0"/><display value="0: dybt bevidstløs"/></concept></include></compose></ValueSet>