<?xml version="1.0" encoding="UTF-8"?><ValueSet xmlns="http://hl7.org/fhir"><id value="StomiTypeDHDB"/><text><status value="extensions"/><div xmlns="http://www.w3.org/1999/xhtml"><p class="res-header-id"><b>Generated Narrative: ValueSet StomiTypeDHDB</b></p><a name="StomiTypeDHDB"> </a><a name="hcStomiTypeDHDB"> </a><a name="StomiTypeDHDB-en-US"> </a><ul><li>Include these codes as defined in <a href="CodeSystem-DiseasesUnspecified.html"><code>https://kip.rkkp.dk/fhir/CodeSystem/DiseasesUnspecified</code></a><table class="none"><tr><td style="white-space:nowrap"><b>Code</b></td><td><b>Display</b></td><td><b>Definition</b></td></tr><tr><td><a href="CodeSystem-DiseasesUnspecified.html#DiseasesUnspecified-colostomy">colostomy</a></td><td>Colostomi</td><td>Colostomy / Colostomi / SNOMED-CT: 264585001</td></tr><tr><td><a href="CodeSystem-DiseasesUnspecified.html#DiseasesUnspecified-ileostomy">ileostomy</a></td><td>Ileostomi</td><td>Ileostomy / Ileostomi / SNOMED-CT: 264364002</td></tr><tr><td><a href="CodeSystem-DiseasesUnspecified.html#DiseasesUnspecified-urologicalstomy">urologicalstomy</a></td><td>Urostomi</td><td>Urological stomy / Urostomi / SNOMED-CT: 281601009</td></tr></table></li></ul></div></text><url value="https://kip.rkkp.dk/fhir/ValueSet/StomiTypeDHDB"/><version value="2.9.1"/><name value="StomiTypeDHDB"/><title value="Stomi type (DHDB)"/><status value="active"/><experimental value="true"/><date value="2022-07-20T00:00:00+02:00"/><publisher value="Sundhedsvæsnets Kvalistetsinstitut with Trifork Digital Health A/S"/><contact><name value="Sundhedsvæsnets Kvalistetsinstitut with Trifork Digital Health A/S"/><telecom><system value="url"/><value value="https://trifork.com"/></telecom><telecom><system value="email"/><value value="rbk@trifork.com"/></telecom></contact><description value="Stomi type (DHDB)"/><compose><include><system value="https://kip.rkkp.dk/fhir/CodeSystem/DiseasesUnspecified"/><concept><code value="colostomy"/><display value="Colostomi"/></concept><concept><code value="ileostomy"/><display value="Ileostomi"/></concept><concept><code value="urologicalstomy"/><display value="Urostomi"/></concept></include></compose></ValueSet>