<?xml version="1.0" encoding="UTF-8"?><ValueSet xmlns="http://hl7.org/fhir"><id value="AnastomoseType1"/><text><status value="extensions"/><div xmlns="http://www.w3.org/1999/xhtml"><p class="res-header-id"><b>Generated Narrative: ValueSet AnastomoseType1</b></p><a name="AnastomoseType1"> </a><a name="hcAnastomoseType1"> </a><a name="AnastomoseType1-en-US"> </a><p>This value set includes codes based on the following rules:</p><ul><li>Include these codes as defined in <a href="CodeSystem-AnastomosisType.html"><code>https://kip.rkkp.dk/fhir/CodeSystem/AnastomosisType</code></a><table class="none"><tr><td style="white-space:nowrap"><b>Code</b></td><td><b>Display</b></td><td><b>Definition</b></td></tr><tr><td><a href="CodeSystem-AnastomosisType.html#AnastomosisType-hand_sewn">hand_sewn</a></td><td>Håndsyet</td><td>Hand sewn / Håndsyet</td></tr><tr><td><a href="CodeSystem-AnastomosisType.html#AnastomosisType-stapled">stapled</a></td><td>Staplet anastomose</td><td>Stapled / Staplet</td></tr></table></li><li>Include these codes as defined in <a href="CodeSystem-GenericValues.html"><code>https://kip.rkkp.dk/fhir/CodeSystem/GenericValues</code></a><table class="none"><tr><td style="white-space:nowrap"><b>Code</b></td><td><b>Display</b></td><td><b>Definition</b></td></tr><tr><td><a href="CodeSystem-GenericValues.html#GenericValues-other">other</a></td><td>Anden</td><td>Other - used to choose unspecific value not in a valueset</td></tr></table></li></ul></div></text><url value="https://kip.rkkp.dk/fhir/ValueSet/AnastomoseType1"/><version value="2.9.1"/><name value="AnastomoseType1"/><title value="Anastomosetype 1"/><status value="active"/><experimental value="true"/><date value="2022-10-11T00:00:00+02:00"/><publisher value="Sundhedsvæsnets Kvalistetsinstitut with Trifork Digital Health A/S"/><contact><name value="Sundhedsvæsnets Kvalistetsinstitut with Trifork Digital Health A/S"/><telecom><system value="url"/><value value="https://trifork.com"/></telecom><telecom><system value="email"/><value value="rbk@trifork.com"/></telecom></contact><description value="Anastomosetype 1"/><compose><include><system value="https://kip.rkkp.dk/fhir/CodeSystem/AnastomosisType"/><concept><code value="hand_sewn"/><display value="Håndsyet"/></concept><concept><code value="stapled"/><display value="Staplet anastomose"/></concept></include><include><system value="https://kip.rkkp.dk/fhir/CodeSystem/GenericValues"/><concept><code value="other"/><display value="Anden"/></concept></include></compose></ValueSet>