<?xml version="1.0" encoding="UTF-8"?><ValueSet xmlns="http://hl7.org/fhir"><id value="RevisionstypeDSR"/><text><status value="extensions"/><div xmlns="http://www.w3.org/1999/xhtml"><p class="res-header-id"><b>Generated Narrative: ValueSet RevisionstypeDSR</b></p><a name="RevisionstypeDSR"> </a><a name="hcRevisionstypeDSR"> </a><a name="RevisionstypeDSR-en-US"> </a><p>This value set includes codes based on the following rules:</p><ul><li>Include these codes as defined in <a href="CodeSystem-RevisionType.html"><code>https://kip.rkkp.dk/fhir/CodeSystem/RevisionType</code></a><table class="none"><tr><td style="white-space:nowrap"><b>Code</b></td><td><b>Display</b></td><td><b>Definition</b></td></tr><tr><td><a href="CodeSystem-RevisionType.html#RevisionType-one-stage">one-stage</a></td><td>One-stage</td><td>One-stage</td></tr><tr><td><a href="CodeSystem-RevisionType.html#RevisionType-two-stage_step_1">two-stage_step_1</a></td><td>Two-stage - trin 1</td><td>Two-stage - Step 1</td></tr><tr><td><a href="CodeSystem-RevisionType.html#RevisionType-two-stage_step_2">two-stage_step_2</a></td><td>Two-stage - trin 2</td><td>Two-stage - Step 2</td></tr></table></li><li>Include these codes as defined in <a href="CodeSystem-GenericValues.html"><code>https://kip.rkkp.dk/fhir/CodeSystem/GenericValues</code></a><table class="none"><tr><td style="white-space:nowrap"><b>Code</b></td><td><b>Display</b></td><td><b>Definition</b></td></tr><tr><td><a href="CodeSystem-GenericValues.html#GenericValues-other">other</a></td><td>Anden</td><td>Other - used to choose unspecific value not in a valueset</td></tr></table></li></ul></div></text><url value="https://kip.rkkp.dk/fhir/ValueSet/RevisionstypeDSR"/><version value="0.1.6"/><name value="RevisionstypeDSR"/><title value="Revisionstype (DSR)"/><status value="active"/><experimental value="true"/><date value="2022-10-07T00:00:00+02:00"/><publisher value="Sundhedsvæsnets Kvalistetsinstitut with Trifork Digital Health A/S"/><contact><name value="Sundhedsvæsnets Kvalistetsinstitut with Trifork Digital Health A/S"/><telecom><system value="url"/><value value="https://trifork.com"/></telecom><telecom><system value="email"/><value value="rbk@trifork.com"/></telecom></contact><description value="Revisionstype (DSR)"/><compose><include><system value="https://kip.rkkp.dk/fhir/CodeSystem/RevisionType"/><concept><code value="one-stage"/><display value="One-stage"/></concept><concept><code value="two-stage_step_1"/><display value="Two-stage - trin 1"/></concept><concept><code value="two-stage_step_2"/><display value="Two-stage - trin 2"/></concept></include><include><system value="https://kip.rkkp.dk/fhir/CodeSystem/GenericValues"/><concept><code value="other"/><display value="Anden"/></concept></include></compose></ValueSet>