<?xml version="1.0" encoding="UTF-8"?><ValueSet xmlns="http://hl7.org/fhir"><id value="KnogletransplantationDHR"/><text><status value="extensions"/><div xmlns="http://www.w3.org/1999/xhtml"><p class="res-header-id"><b>Generated Narrative: ValueSet KnogletransplantationDHR</b></p><a name="KnogletransplantationDHR"> </a><a name="hcKnogletransplantationDHR"> </a><a name="KnogletransplantationDHR-en-US"> </a><ul><li>Include these codes as defined in <a href="CodeSystem-ImplantComponents.html"><code>https://kip.sundk.dk/fhir/CodeSystem/ImplantComponents</code></a><table class="none"><tr><td style="white-space:nowrap"><b>Code</b></td><td><b>Display</b></td><td><b>Definition</b></td></tr><tr><td><a href="CodeSystem-ImplantComponents.html#ImplantComponents-crumble">crumble</a></td><td>Lidt smuld</td><td>Lidt smuld</td></tr><tr><td><a href="CodeSystem-ImplantComponents.html#ImplantComponents-massive_transplant">massive_transplant</a></td><td>Massiv transplantering</td><td>Massiv transplantering</td></tr><tr><td><a href="CodeSystem-ImplantComponents.html#ImplantComponents-structural">structural</a></td><td>Strukturel graft</td><td>Structural / Strukturel</td></tr></table></li></ul></div></text><url value="https://kip.sundk.dk/fhir/ValueSet/KnogletransplantationDHR"/><version value="0.0.9"/><name value="KnogletransplantationDHR"/><title value="Knogletransplantation (DHR)"/><status value="active"/><experimental value="true"/><date value="2023-04-19T00:00:00+02:00"/><publisher value="Sundhedsvæsnets Kvalistetsinstitut with Trifork Public A/S"/><contact><name value="Sundhedsvæsnets Kvalistetsinstitut with Trifork Public A/S"/><telecom><system value="url"/><value value="https://trifork.com"/></telecom><telecom><system value="email"/><value value="rbk@trifork.com"/></telecom></contact><description value="Knogletransplantation acetabulum/femur (DHR)"/><compose><include><system value="https://kip.sundk.dk/fhir/CodeSystem/ImplantComponents"/><concept><code value="crumble"/><display value="Lidt smuld"/></concept><concept><code value="massive_transplant"/><display value="Massiv transplantering"/></concept><concept><code value="structural"/><display value="Strukturel graft"/></concept></include></compose></ValueSet>