<?xml version="1.0" encoding="UTF-8"?><ValueSet xmlns="http://hl7.org/fhir"><id value="NIHSS8Sensibilitet"/><text><status value="extensions"/><div xmlns="http://www.w3.org/1999/xhtml"><p class="res-header-id"><b>Generated Narrative: ValueSet NIHSS8Sensibilitet</b></p><a name="NIHSS8Sensibilitet"> </a><a name="hcNIHSS8Sensibilitet"> </a><a name="NIHSS8Sensibilitet-en-US"> </a><ul><li>Include these codes as defined in <a href="CodeSystem-NIHSS8Sensory.html"><code>https://kip.sundk.dk/fhir/CodeSystem/NIHSS8Sensory</code></a><table class="none"><tr><td style="white-space:nowrap"><b>Code</b></td><td><b>Display</b></td><td><b>Definition</b></td></tr><tr><td><a href="CodeSystem-NIHSS8Sensory.html#NIHSS8Sensory-0">0</a></td><td>0 = Normal sensibilitet for stik</td><td>Normal; no sensory loss.</td></tr><tr><td><a href="CodeSystem-NIHSS8Sensory.html#NIHSS8Sensory-1">1</a></td><td>1 = Let til moderat nedsat sensibilitet for prik</td><td>Mild-to-moderate sensory loss; patient feels pinprick is less sharp or is dull on the affected side; or there is a loss of superficial pain with pinprick, but patient is aware of being touched.</td></tr><tr><td><a href="CodeSystem-NIHSS8Sensory.html#NIHSS8Sensory-2">2</a></td><td>2 = Svær til total sensibilitetstab</td><td>Severe to total sensory loss; patient is not aware of being touched in the face, arm, and leg.</td></tr></table></li></ul></div></text><url value="https://kip.sundk.dk/fhir/ValueSet/NIHSS8Sensibilitet"/><version value="0.0.9"/><name value="NIHSS8Sensibilitet"/><title value="NIHSS - 8. Sensibilitet"/><status value="active"/><experimental value="true"/><date value="2022-06-27T00:00:00+02:00"/><publisher value="Sundhedsvæsnets Kvalistetsinstitut with Trifork Public A/S"/><contact><name value="Sundhedsvæsnets Kvalistetsinstitut with Trifork Public A/S"/><telecom><system value="url"/><value value="https://trifork.com"/></telecom><telecom><system value="email"/><value value="rbk@trifork.com"/></telecom></contact><description value="The National Institute of Health Stroke Scale (NIHSS) - 8. Sensibilitet (brug pinprick til at teste arme, ben, trunkus og ansigt - sammenlign side for side)"/><compose><include><system value="https://kip.sundk.dk/fhir/CodeSystem/NIHSS8Sensory"/><concept><code value="0"/><display value="0 = Normal sensibilitet for stik"/></concept><concept><code value="1"/><display value="1 = Let til moderat nedsat sensibilitet for prik"/></concept><concept><code value="2"/><display value="2 = Svær til total sensibilitetstab"/></concept></include></compose></ValueSet>