<?xml version="1.0" encoding="UTF-8"?><ValueSet xmlns="http://hl7.org/fhir"><id value="KomplOrganperfProcDUGA"/><text><status value="extensions"/><div xmlns="http://www.w3.org/1999/xhtml"><p class="res-header-id"><b>Generated Narrative: ValueSet KomplOrganperfProcDUGA</b></p><a name="KomplOrganperfProcDUGA"> </a><a name="hcKomplOrganperfProcDUGA"> </a><a name="KomplOrganperfProcDUGA-en-US"> </a><ul><li>Include these codes as defined in <a href="CodeSystem-ProcedureUrogyn.html"><code>https://kip.rkkp.dk/fhir/CodeSystem/ProcedureUrogyn</code></a><table class="none"><tr><td style="white-space:nowrap"><b>Code</b></td><td><b>Display</b></td><td><b>Definition</b></td></tr><tr><td><a href="CodeSystem-ProcedureUrogyn.html#ProcedureUrogyn-KKBF00">KKBF00</a></td><td>KKBF00: Fjernelse af fremmedlegeme i urinleder</td><td>Fjernelse af fremmedlegeme i urinleder</td></tr><tr><td><a href="CodeSystem-ProcedureUrogyn.html#ProcedureUrogyn-KKCF01">KKCF01</a></td><td>KKCF01: Perkutan endoskopisk fjernelse af fremmedlegeme i urinblære</td><td>Perkutan endoskopisk fjernelse af fremmedlegeme i urinblære</td></tr><tr><td><a href="CodeSystem-ProcedureUrogyn.html#ProcedureUrogyn-KKDE20">KKDE20</a></td><td>KKDE20: Fjernelse af fremmedlegeme fra urinrør</td><td>Fjernelse af fremmedlegeme fra urinrør</td></tr><tr><td><a href="CodeSystem-ProcedureUrogyn.html#ProcedureUrogyn-KLEE00">KLEE00</a></td><td>KLEE00: Sutur af vagina</td><td>Sutur af vagina</td></tr><tr><td><a href="CodeSystem-ProcedureUrogyn.html#ProcedureUrogyn-KLWW96">KLWW96</a></td><td>KLWW96: Anden reoperation efter gynækologisk operation</td><td>Anden reoperation efter gynækologisk operation</td></tr><tr><td><a href="CodeSystem-ProcedureUrogyn.html#ProcedureUrogyn-KTLE10">KTLE10</a></td><td>KTLE10: Fjernelse af fremmedlegeme fra vagina</td><td>Fjernelse af fremmedlegeme fra vagina</td></tr></table></li></ul></div></text><url value="https://kip.rkkp.dk/fhir/ValueSet/KomplOrganperfProcDUGA"/><version value="0.1.6"/><name value="KomplOrganperfProcDUGA"/><title value="Komplikationer pga. organperforation - Procedurekoder (DUGA)"/><status value="active"/><experimental value="true"/><date value="2024-02-21T00:00:00+02:00"/><publisher value="Sundhedsvæsnets Kvalistetsinstitut with Trifork Digital Health A/S"/><contact><name value="Sundhedsvæsnets Kvalistetsinstitut with Trifork Digital Health A/S"/><telecom><system value="url"/><value value="https://trifork.com"/></telecom><telecom><system value="email"/><value value="rbk@trifork.com"/></telecom></contact><description value="Komplikationer pga. organperforation - Procedurekoder (DUGA)"/><compose><include><system value="https://kip.rkkp.dk/fhir/CodeSystem/ProcedureUrogyn"/><concept><code value="KKBF00"/><display value="KKBF00: Fjernelse af fremmedlegeme i urinleder"/></concept><concept><code value="KKCF01"/><display value="KKCF01: Perkutan endoskopisk fjernelse af fremmedlegeme i urinblære"/></concept><concept><code value="KKDE20"/><display value="KKDE20: Fjernelse af fremmedlegeme fra urinrør"/></concept><concept><code value="KLEE00"/><display value="KLEE00: Sutur af vagina"/></concept><concept><code value="KLWW96"/><display value="KLWW96: Anden reoperation efter gynækologisk operation"/></concept><concept><code value="KTLE10"/><display value="KTLE10: Fjernelse af fremmedlegeme fra vagina"/></concept></include></compose></ValueSet>