<?xml version="1.0" encoding="UTF-8"?><ValueSet xmlns="http://hl7.org/fhir"><id value="BulkingMaterialeDUGA"/><text><status value="extensions"/><div xmlns="http://www.w3.org/1999/xhtml"><p class="res-header-id"><b>Generated Narrative: ValueSet BulkingMaterialeDUGA</b></p><a name="BulkingMaterialeDUGA"> </a><a name="hcBulkingMaterialeDUGA"> </a><a name="BulkingMaterialeDUGA-en-US"> </a><p>This value set includes codes based on the following rules:</p><ul><li>Include these codes as defined in <a href="CodeSystem-BulkingMaterialeDUGA.html"><code>https://kip.rkkp.dk/fhir/CodeSystem/BulkingMaterialeDUGA</code></a><table class="none"><tr><td style="white-space:nowrap"><b>Code</b></td><td><b>Display</b></td><td><b>Definition</b></td></tr><tr><td><a href="CodeSystem-BulkingMaterialeDUGA.html#BulkingMaterialeDUGA-Bulkamid">Bulkamid</a></td><td>Bulkamid</td><td>Bulkamid</td></tr><tr><td><a href="CodeSystem-BulkingMaterialeDUGA.html#BulkingMaterialeDUGA-Deflux">Deflux</a></td><td>Deflux</td><td>Deflux</td></tr><tr><td><a href="CodeSystem-BulkingMaterialeDUGA.html#BulkingMaterialeDUGA-Macroplastik">Macroplastik</a></td><td>Macroplastik</td><td>Macroplastik</td></tr></table></li><li>Include these codes as defined in <a href="CodeSystem-GenericValues.html"><code>https://kip.rkkp.dk/fhir/CodeSystem/GenericValues</code></a><table class="none"><tr><td style="white-space:nowrap"><b>Code</b></td><td><b>Display</b></td><td><b>Definition</b></td></tr><tr><td><a href="CodeSystem-GenericValues.html#GenericValues-other">other</a></td><td>Andet</td><td>Other - used to choose unspecific value not in a valueset</td></tr></table></li></ul></div></text><url value="https://kip.rkkp.dk/fhir/ValueSet/BulkingMaterialeDUGA"/><version value="0.1.8"/><name value="BulkingMaterialeDUGA"/><title value="BulkingMateriale (DUGA)"/><status value="active"/><experimental value="true"/><date value="2024-02-14T00:00:00+02:00"/><publisher value="Sundhedsvæsnets Kvalistetsinstitut with Trifork Digital Health A/S"/><contact><name value="Sundhedsvæsnets Kvalistetsinstitut with Trifork Digital Health A/S"/><telecom><system value="url"/><value value="https://trifork.com"/></telecom><telecom><system value="email"/><value value="rbk@trifork.com"/></telecom></contact><description value="BulkingMateriale (DUGA)"/><compose><include><system value="https://kip.rkkp.dk/fhir/CodeSystem/BulkingMaterialeDUGA"/><concept><code value="Bulkamid"/><display value="Bulkamid"/></concept><concept><code value="Deflux"/><display value="Deflux"/></concept><concept><code value="Macroplastik"/><display value="Macroplastik"/></concept></include><include><system value="https://kip.rkkp.dk/fhir/CodeSystem/GenericValues"/><concept><code value="other"/><display value="Andet"/></concept></include></compose></ValueSet>