<?xml version="1.0" encoding="UTF-8"?><ValueSet xmlns="http://hl7.org/fhir"><id value="UndersoegelsesTypeDUGA"/><text><status value="extensions"/><div xmlns="http://www.w3.org/1999/xhtml"><p class="res-header-id"><b>Generated Narrative: ValueSet UndersoegelsesTypeDUGA</b></p><a name="UndersoegelsesTypeDUGA"> </a><a name="hcUndersoegelsesTypeDUGA"> </a><a name="UndersoegelsesTypeDUGA-en-US"> </a><ul><li>Include these codes as defined in <a href="CodeSystem-UndersoegelsesTypeDUGA.html"><code>https://kip.sundk.dk/fhir/CodeSystem/UndersoegelsesTypeDUGA</code></a><table class="none"><tr><td style="white-space:nowrap"><b>Code</b></td><td><b>Display</b></td><td><b>Definition</b></td></tr><tr><td><a href="CodeSystem-UndersoegelsesTypeDUGA.html#UndersoegelsesTypeDUGA-urin_inkontinens">urin_inkontinens</a></td><td>Urin inkontinens</td><td>Urin inkontinens</td></tr><tr><td><a href="CodeSystem-UndersoegelsesTypeDUGA.html#UndersoegelsesTypeDUGA-genital_prolaps">genital_prolaps</a></td><td>Genital prolaps</td><td>Genital prolaps</td></tr></table></li></ul></div></text><url value="https://kip.sundk.dk/fhir/ValueSet/UndersoegelsesTypeDUGA"/><version value="0.0.9"/><name value="UndersoegelsesTypeDUGA"/><title value="Undersøgelsestype (DUGA)"/><status value="active"/><experimental value="true"/><date value="2024-03-06T00:00:00+02:00"/><publisher value="Sundhedsvæsnets Kvalistetsinstitut with Trifork Public A/S"/><contact><name value="Sundhedsvæsnets Kvalistetsinstitut with Trifork Public A/S"/><telecom><system value="url"/><value value="https://trifork.com"/></telecom><telecom><system value="email"/><value value="rbk@trifork.com"/></telecom></contact><description value="Undersøgelsestype (DUGA)"/><compose><include><system value="https://kip.sundk.dk/fhir/CodeSystem/UndersoegelsesTypeDUGA"/><concept><code value="urin_inkontinens"/><display value="Urin inkontinens"/></concept><concept><code value="genital_prolaps"/><display value="Genital prolaps"/></concept></include></compose></ValueSet>