<?xml version="1.0" encoding="UTF-8"?><ValueSet xmlns="http://hl7.org/fhir"><id value="HernieStoerrelse"/><text><status value="extensions"/><div xmlns="http://www.w3.org/1999/xhtml"><p class="res-header-id"><b>Generated Narrative: ValueSet HernieStoerrelse</b></p><a name="HernieStoerrelse"> </a><a name="hcHernieStoerrelse"> </a><a name="HernieStoerrelse-en-US"> </a><p>This value set includes codes based on the following rules:</p><ul><li>Include these codes as defined in <a href="CodeSystem-HerniaSize.html"><code>https://kip.rkkp.dk/fhir/CodeSystem/HerniaSize</code></a><table class="none"><tr><td style="white-space:nowrap"><b>Code</b></td><td><b>Display</b></td><td><b>Definition</b></td></tr><tr><td><a href="CodeSystem-HerniaSize.html#HerniaSize-.601">&lt;1</a></td><td>&lt;1 finger</td><td>&lt;1 finger / &lt;1 finger</td></tr><tr><td><a href="CodeSystem-HerniaSize.html#HerniaSize-1">1</a></td><td>1 finger</td><td>1 finger</td></tr><tr><td><a href="CodeSystem-HerniaSize.html#HerniaSize-2">2</a></td><td>2 fingre</td><td>2 fingers / 2 fingre</td></tr><tr><td><a href="CodeSystem-HerniaSize.html#HerniaSize-.62.613">&gt;=3</a></td><td>&gt;=3 fingre</td><td>&gt;=3 fingers / &gt;=3 fingre</td></tr></table></li><li>Include these codes as defined in <a href="http://terminology.hl7.org/3.1.0/CodeSystem-v2-0532.html"><code>http://terminology.hl7.org/CodeSystem/v2-0532</code></a><table class="none"><tr><td style="white-space:nowrap"><b>Code</b></td><td><b>Display</b></td><td><b>Definition</b></td></tr><tr><td><a href="http://terminology.hl7.org/3.1.0/CodeSystem-v2-0532.html#v2-0532-UNK">UNK</a></td><td>Ukendt</td><td>unknown</td></tr></table></li></ul></div></text><url value="https://kip.rkkp.dk/fhir/ValueSet/HernieStoerrelse"/><version value="0.1.8"/><name value="HernieStoerrelse"/><title value="Hernie størrelse"/><status value="active"/><experimental value="true"/><date value="2022-07-20T00:00:00+02:00"/><publisher value="Sundhedsvæsnets Kvalistetsinstitut with Trifork Digital Health A/S"/><contact><name value="Sundhedsvæsnets Kvalistetsinstitut with Trifork Digital Health A/S"/><telecom><system value="url"/><value value="https://trifork.com"/></telecom><telecom><system value="email"/><value value="rbk@trifork.com"/></telecom></contact><description value="Hernie størrelse"/><compose><include><system value="https://kip.rkkp.dk/fhir/CodeSystem/HerniaSize"/><concept><code value="&lt;1"/><display value="&lt;1 finger"/></concept><concept><code value="1"/><display value="1 finger"/></concept><concept><code value="2"/><display value="2 fingre"/></concept><concept><code value="&gt;=3"/><display value="&gt;=3 fingre"/></concept></include><include><system value="http://terminology.hl7.org/CodeSystem/v2-0532"/><concept><code value="UNK"/><display value="Ukendt"/></concept></include></compose></ValueSet>