<?xml version="1.0" encoding="UTF-8"?><ValueSet xmlns="http://hl7.org/fhir"><id value="TidligereIndgrebDSR"/><text><status value="extensions"/><div xmlns="http://www.w3.org/1999/xhtml"><p class="res-header-id"><b>Generated Narrative: ValueSet TidligereIndgrebDSR</b></p><a name="TidligereIndgrebDSR"> </a><a name="hcTidligereIndgrebDSR"> </a><a name="TidligereIndgrebDSR-en-US"> </a><p>This value set includes codes based on the following rules:</p><ul><li>Include these codes as defined in <a href="CodeSystem-ProcedureType.html"><code>https://kip.rkkp.dk/fhir/CodeSystem/ProcedureType</code></a><table class="none"><tr><td style="white-space:nowrap"><b>Code</b></td><td><b>Display</b></td><td><b>Definition</b></td></tr><tr><td><a href="CodeSystem-ProcedureType.html#ProcedureType-osteosynthesis">osteosynthesis</a></td><td>Osteosyntese</td><td>Osteosynthesis / Osteosyntese</td></tr><tr><td><a href="CodeSystem-ProcedureType.html#ProcedureType-operation_infection">operation_infection</a></td><td>Operation pga. infektion</td><td>Operation because of an infection / Operation pga. infektion</td></tr><tr><td><a href="CodeSystem-ProcedureType.html#ProcedureType-stabilizing">stabilizing</a></td><td>Stabiliserende indgreb</td><td>Stabilizing / Stabiliserende indgreb</td></tr><tr><td><a href="CodeSystem-ProcedureType.html#ProcedureType-cuff_reconstruction">cuff_reconstruction</a></td><td>Cuff rekonstruktion</td><td>Cuff reconstruction / Cuff rekonstruktion</td></tr><tr><td><a href="CodeSystem-ProcedureType.html#ProcedureType-arthroscopic">arthroscopic</a></td><td>Artroskopisk operation uden indsættelse af fremmedlegeme</td><td>Arthroscopic operation / Artroskopisk operation uden indsættelse af fremmedlegeme</td></tr></table></li><li>Include these codes as defined in <a href="CodeSystem-GenericValues.html"><code>https://kip.rkkp.dk/fhir/CodeSystem/GenericValues</code></a><table class="none"><tr><td style="white-space:nowrap"><b>Code</b></td><td><b>Display</b></td><td><b>Definition</b></td></tr><tr><td><a href="CodeSystem-GenericValues.html#GenericValues-other">other</a></td><td>Andet indgreb</td><td>Other - used to choose unspecific value not in a valueset</td></tr></table></li></ul></div></text><url value="https://kip.rkkp.dk/fhir/ValueSet/TidligereIndgrebDSR"/><version value="2.9.1"/><name value="TidligereIndgrebDSR"/><title value="Tidligere indgreb (DSR)"/><status value="active"/><experimental value="true"/><date value="2022-07-04T00:00:00+02:00"/><publisher value="Sundhedsvæsnets Kvalistetsinstitut with Trifork Digital Health A/S"/><contact><name value="Sundhedsvæsnets Kvalistetsinstitut with Trifork Digital Health A/S"/><telecom><system value="url"/><value value="https://trifork.com"/></telecom><telecom><system value="email"/><value value="rbk@trifork.com"/></telecom></contact><description value="Tidligere indgreb (DSR)"/><compose><include><system value="https://kip.rkkp.dk/fhir/CodeSystem/ProcedureType"/><concept><code value="osteosynthesis"/><display value="Osteosyntese"/></concept><concept><code value="operation_infection"/><display value="Operation pga. infektion"/></concept><concept><code value="stabilizing"/><display value="Stabiliserende indgreb"/></concept><concept><code value="cuff_reconstruction"/><display value="Cuff rekonstruktion"/></concept><concept><code value="arthroscopic"/><display value="Artroskopisk operation uden indsættelse af fremmedlegeme"/></concept></include><include><system value="https://kip.rkkp.dk/fhir/CodeSystem/GenericValues"/><concept><code value="other"/><display value="Andet indgreb"/></concept></include></compose></ValueSet>