<?xml version="1.0" encoding="UTF-8"?><ValueSet xmlns="http://hl7.org/fhir"><id value="Kontamineringsgrad"/><text><status value="extensions"/><div xmlns="http://www.w3.org/1999/xhtml"><p class="res-header-id"><b>Generated Narrative: ValueSet Kontamineringsgrad</b></p><a name="Kontamineringsgrad"> </a><a name="hcKontamineringsgrad"> </a><a name="Kontamineringsgrad-en-US"> </a><ul><li>Include these codes as defined in <a href="CodeSystem-ContaminationDegree.html"><code>https://kip.rkkp.dk/fhir/CodeSystem/ContaminationDegree</code></a><table class="none"><tr><td style="white-space:nowrap"><b>Code</b></td><td><b>Display</b></td><td><b>Definition</b></td></tr><tr><td><a href="CodeSystem-ContaminationDegree.html#ContaminationDegree-clean">clean</a></td><td>Ren</td><td>Clean / Ren</td></tr><tr><td><a href="CodeSystem-ContaminationDegree.html#ContaminationDegree-potentially_contaminated">potentially_contaminated</a></td><td>Potentielt kontamineret</td><td>Potentially contaminated / Potentielt kontamineret</td></tr><tr><td><a href="CodeSystem-ContaminationDegree.html#ContaminationDegree-contaminated">contaminated</a></td><td>Kontamineret</td><td>Contaminated / Kontamineret</td></tr><tr><td><a href="CodeSystem-ContaminationDegree.html#ContaminationDegree-dirty">dirty</a></td><td>Snavset</td><td>Dirty / Snavset</td></tr></table></li></ul></div></text><url value="https://kip.rkkp.dk/fhir/ValueSet/Kontamineringsgrad"/><version value="0.1.6"/><name value="Kontamineringsgrad"/><title value="Kontamineringsgrad"/><status value="active"/><experimental value="true"/><date value="2022-07-20T00:00:00+02:00"/><publisher value="Sundhedsvæsnets Kvalistetsinstitut with Trifork Digital Health A/S"/><contact><name value="Sundhedsvæsnets Kvalistetsinstitut with Trifork Digital Health A/S"/><telecom><system value="url"/><value value="https://trifork.com"/></telecom><telecom><system value="email"/><value value="rbk@trifork.com"/></telecom></contact><description value="Kontamineringsgrad"/><compose><include><system value="https://kip.rkkp.dk/fhir/CodeSystem/ContaminationDegree"/><concept><code value="clean"/><display value="Ren"/></concept><concept><code value="potentially_contaminated"/><display value="Potentielt kontamineret"/></concept><concept><code value="contaminated"/><display value="Kontamineret"/></concept><concept><code value="dirty"/><display value="Snavset"/></concept></include></compose></ValueSet>