<?xml version="1.0" encoding="UTF-8"?><ValueSet xmlns="http://hl7.org/fhir"><id value="AnnArborStagingClassification"/><text><status value="extensions"/><div xmlns="http://www.w3.org/1999/xhtml"><p class="res-header-id"><b>Generated Narrative: ValueSet AnnArborStagingClassification</b></p><a name="AnnArborStagingClassification"> </a><a name="hcAnnArborStagingClassification"> </a><a name="AnnArborStagingClassification-en-US"> </a><ul><li>Include these codes as defined in <a href="CodeSystem-AnnArborStagingClassification.html"><code>https://kip.rkkp.dk/fhir/CodeSystem/AnnArborStagingClassification</code></a><table class="none"><tr><td style="white-space:nowrap"><b>Code</b></td><td><b>Display</b></td><td><b>Definition</b></td></tr><tr><td><a href="CodeSystem-AnnArborStagingClassification.html#AnnArborStagingClassification-stage_1">stage_1</a></td><td>1 (A, B el. E)</td><td>Stage 1: Involvement of a single lymph node region or of a single extralymphatic organ or site</td></tr><tr><td><a href="CodeSystem-AnnArborStagingClassification.html#AnnArborStagingClassification-stage_2">stage_2</a></td><td>2 (A, B el. E)</td><td>Stage 2: Involvement of two or more lymph node regions on the same side of the diaphragm or localized involvement of an extralymphatic organ or site</td></tr><tr><td><a href="CodeSystem-AnnArborStagingClassification.html#AnnArborStagingClassification-stage_3">stage_3</a></td><td>3 (A, B el. E)</td><td>Stage 3: Involvement of lymph node regions or structures on both sides of the diaphragm</td></tr><tr><td><a href="CodeSystem-AnnArborStagingClassification.html#AnnArborStagingClassification-stage_4">stage_4</a></td><td>4 (A, B el. E)</td><td>Stage 4: diffuse or disseminated involvement of one or more extralymphatic organs, or either:
- isolated extralymphatic organ involvement without adjacent regional lymph node involvement, but with disease in distant sites
- involvement of the liver, bone marrow, pleura or cerebrospinal fluid</td></tr></table></li></ul></div></text><url value="https://kip.rkkp.dk/fhir/ValueSet/AnnArborStagingClassification"/><version value="2.9.1"/><name value="AnnArborStagingClassification"/><title value="Ann Arbor gradering klassifikation"/><status value="active"/><experimental value="true"/><date value="2022-07-12T00:00:00+02:00"/><publisher value="Sundhedsvæsnets Kvalistetsinstitut with Trifork Digital Health A/S"/><contact><name value="Sundhedsvæsnets Kvalistetsinstitut with Trifork Digital Health A/S"/><telecom><system value="url"/><value value="https://trifork.com"/></telecom><telecom><system value="email"/><value value="rbk@trifork.com"/></telecom></contact><description value="Ann Arbor er en gradering klassifikation til Hodgkins desease"/><compose><include><system value="https://kip.rkkp.dk/fhir/CodeSystem/AnnArborStagingClassification"/><concept><code value="stage_1"/><display value="1 (A, B el. E)"/></concept><concept><code value="stage_2"/><display value="2 (A, B el. E)"/></concept><concept><code value="stage_3"/><display value="3 (A, B el. E)"/></concept><concept><code value="stage_4"/><display value="4 (A, B el. E)"/></concept></include></compose></ValueSet>