<?xml version="1.0" encoding="UTF-8"?><ValueSet xmlns="http://hl7.org/fhir"><id value="PreoperativTemplating"/><text><status value="extensions"/><div xmlns="http://www.w3.org/1999/xhtml"><p class="res-header-id"><b>Generated Narrative: ValueSet PreoperativTemplating</b></p><a name="PreoperativTemplating"> </a><a name="hcPreoperativTemplating"> </a><a name="PreoperativTemplating-en-US"> </a><ul><li>Include these codes as defined in <a href="CodeSystem-PreoperativTemplating.html"><code>https://kip.sundk.dk/fhir/CodeSystem/PreoperativTemplating</code></a><table class="none"><tr><td style="white-space:nowrap"><b>Code</b></td><td><b>Display</b></td><td><b>Definition</b></td></tr><tr><td><a href="CodeSystem-PreoperativTemplating.html#PreoperativTemplating-digital_both">digital_both</a></td><td>Digital templating af begge komponenter</td><td>Digital templating af begge komponenter</td></tr><tr><td><a href="CodeSystem-PreoperativTemplating.html#PreoperativTemplating-digital_single">digital_single</a></td><td>Digital templating af en komponent</td><td>Digital templating af en komponent</td></tr><tr><td><a href="CodeSystem-PreoperativTemplating.html#PreoperativTemplating-analog">analog</a></td><td>Analog templating</td><td>Analog templating</td></tr></table></li></ul></div></text><url value="https://kip.sundk.dk/fhir/ValueSet/PreoperativTemplating"/><version value="0.0.9"/><name value="PreoperativTemplating"/><title value="Preoperativ templating"/><status value="active"/><experimental value="true"/><date value="2024-01-03T00:00:00+02:00"/><publisher value="Sundhedsvæsnets Kvalistetsinstitut with Trifork Public A/S"/><contact><name value="Sundhedsvæsnets Kvalistetsinstitut with Trifork Public A/S"/><telecom><system value="url"/><value value="https://trifork.com"/></telecom><telecom><system value="email"/><value value="rbk@trifork.com"/></telecom></contact><description value="Preoperativ templating (DHR)"/><compose><include><system value="https://kip.sundk.dk/fhir/CodeSystem/PreoperativTemplating"/><concept><code value="digital_both"/><display value="Digital templating af begge komponenter"/></concept><concept><code value="digital_single"/><display value="Digital templating af en komponent"/></concept><concept><code value="analog"/><display value="Analog templating"/></concept></include></compose></ValueSet>