<?xml version="1.0" encoding="UTF-8"?><ValueSet xmlns="http://hl7.org/fhir"><id value="SuturHurtigResorberbarMonoDHDB"/><text><status value="extensions"/><div xmlns="http://www.w3.org/1999/xhtml"><p class="res-header-id"><b>Generated Narrative: ValueSet SuturHurtigResorberbarMonoDHDB</b></p><a name="SuturHurtigResorberbarMonoDHDB"> </a><a name="hcSuturHurtigResorberbarMonoDHDB"> </a><a name="SuturHurtigResorberbarMonoDHDB-en-US"> </a><p>This value set includes codes based on the following rules:</p><ul><li>Include these codes as defined in <a href="CodeSystem-MedicalFixationClosing.html"><code>https://kip.rkkp.dk/fhir/CodeSystem/MedicalFixationClosing</code></a><table class="none"><tr><td style="white-space:nowrap"><b>Code</b></td><td><b>Display</b></td><td><b>Definition</b></td></tr><tr><td><a href="CodeSystem-MedicalFixationClosing.html#MedicalFixationClosing-monocryl">monocryl</a></td><td>Monocryl</td><td>Monocryl</td></tr><tr><td><a href="CodeSystem-MedicalFixationClosing.html#MedicalFixationClosing-dexon">dexon</a></td><td>Dexon</td><td>Dexon</td></tr></table></li><li>Include these codes as defined in <a href="CodeSystem-GenericValues.html"><code>https://kip.rkkp.dk/fhir/CodeSystem/GenericValues</code></a><table class="none"><tr><td style="white-space:nowrap"><b>Code</b></td><td><b>Display</b></td><td><b>Definition</b></td></tr><tr><td><a href="CodeSystem-GenericValues.html#GenericValues-other">other</a></td><td>Anden type sutur</td><td>Other - used to choose unspecific value not in a valueset</td></tr></table></li></ul></div></text><url value="https://kip.rkkp.dk/fhir/ValueSet/SuturHurtigResorberbarMonoDHDB"/><version value="0.1.8"/><name value="SuturHurtigResorberbarMonoDHDB"/><title value="Suturtype hurtig resorberbar monofilament ventralhernie (DHDB)"/><status value="active"/><experimental value="true"/><date value="2023-07-06T00:00:00+02:00"/><publisher value="Sundhedsvæsnets Kvalistetsinstitut with Trifork Digital Health A/S"/><contact><name value="Sundhedsvæsnets Kvalistetsinstitut with Trifork Digital Health A/S"/><telecom><system value="url"/><value value="https://trifork.com"/></telecom><telecom><system value="email"/><value value="rbk@trifork.com"/></telecom></contact><description value="Suturtype hurtig resorberbar monofilament ventralhernie, ventralhernie (DHDB)"/><compose><include><system value="https://kip.rkkp.dk/fhir/CodeSystem/MedicalFixationClosing"/><concept><code value="monocryl"/><display value="Monocryl"/></concept><concept><code value="dexon"/><display value="Dexon"/></concept></include><include><system value="https://kip.rkkp.dk/fhir/CodeSystem/GenericValues"/><concept><code value="other"/><display value="Anden type sutur"/></concept></include></compose></ValueSet>