<?xml version="1.0" encoding="UTF-8"?><ValueSet xmlns="http://hl7.org/fhir"><id value="OsteotomiTypeAlmindeligExtendedDHR"/><text><status value="extensions"/><div xmlns="http://www.w3.org/1999/xhtml"><p class="res-header-id"><b>Generated Narrative: ValueSet OsteotomiTypeAlmindeligExtendedDHR</b></p><a name="OsteotomiTypeAlmindeligExtendedDHR"> </a><a name="hcOsteotomiTypeAlmindeligExtendedDHR"> </a><a name="OsteotomiTypeAlmindeligExtendedDHR-en-US"> </a><ul><li>Include these codes as defined in <a href="CodeSystem-ImplantComponents.html"><code>https://kip.rkkp.dk/fhir/CodeSystem/ImplantComponents</code></a><table class="none"><tr><td style="white-space:nowrap"><b>Code</b></td><td><b>Display</b></td><td><b>Definition</b></td></tr><tr><td><a href="CodeSystem-ImplantComponents.html#ImplantComponents-ordninary">ordninary</a></td><td>Almindelig</td><td>Ordinary / Almindelig</td></tr><tr><td><a href="CodeSystem-ImplantComponents.html#ImplantComponents-extended">extended</a></td><td>Extended</td><td>Extended</td></tr></table></li></ul></div></text><url value="https://kip.rkkp.dk/fhir/ValueSet/OsteotomiTypeAlmindeligExtendedDHR"/><version value="2.9.3"/><name value="OsteotomiTypeAlmindeligExtendedDHR"/><title value="Osteotomi type - Almindelig/Extended (DHR)"/><status value="active"/><experimental value="true"/><date value="2022-11-07T00:00:00+02:00"/><publisher value="Sundhedsvæsenets Kvalitetsinstitut with Trifork Digital Health A/S"/><contact><name value="Sundhedsvæsenets Kvalitetsinstitut with Trifork Digital Health A/S"/><telecom><system value="url"/><value value="https://trifork.com"/></telecom><telecom><system value="email"/><value value="rbk@trifork.com"/></telecom></contact><description value="Osteotomi type - Almindelig/Extended (DHR)"/><compose><include><system value="https://kip.rkkp.dk/fhir/CodeSystem/ImplantComponents"/><concept><code value="ordninary"/><display value="Almindelig"/></concept><concept><code value="extended"/><display value="Extended"/></concept></include></compose></ValueSet>