<?xml version="1.0" encoding="UTF-8"?><ValueSet xmlns="http://hl7.org/fhir"><id value="APInstabilitetDKR"/><text><status value="extensions"/><div xmlns="http://www.w3.org/1999/xhtml"><p class="res-header-id"><b>Generated Narrative: ValueSet APInstabilitetDKR</b></p><a name="APInstabilitetDKR"> </a><a name="hcAPInstabilitetDKR"> </a><a name="APInstabilitetDKR-en-US"> </a><ul><li>Include these codes as defined in <a href="CodeSystem-Intervals.html"><code>https://kip.rkkp.dk/fhir/CodeSystem/Intervals</code></a><table class="none"><tr><td style="white-space:nowrap"><b>Code</b></td><td><b>Display</b></td><td><b>Definition</b></td></tr><tr><td><a href="CodeSystem-Intervals.html#Intervals-.605">&lt;5</a></td><td>&lt;5 mm</td><td>&lt;5</td></tr><tr><td><a href="CodeSystem-Intervals.html#Intervals-5-10">5-10</a></td><td>5-10 mm</td><td>5-10</td></tr><tr><td><a href="CodeSystem-Intervals.html#Intervals-.6210">&gt;10</a></td><td>&gt;10 mm</td><td>&gt;10</td></tr></table></li></ul></div></text><url value="https://kip.rkkp.dk/fhir/ValueSet/APInstabilitetDKR"/><version value="0.1.6"/><name value="APInstabilitetDKR"/><title value="AP-instabilitet (DKR)"/><status value="active"/><experimental value="true"/><date value="2022-10-12T00:00:00+02:00"/><publisher value="Sundhedsvæsnets Kvalistetsinstitut with Trifork Digital Health A/S"/><contact><name value="Sundhedsvæsnets Kvalistetsinstitut with Trifork Digital Health A/S"/><telecom><system value="url"/><value value="https://trifork.com"/></telecom><telecom><system value="email"/><value value="rbk@trifork.com"/></telecom></contact><description value="AP-instabilitet (DKR)"/><compose><include><system value="https://kip.rkkp.dk/fhir/CodeSystem/Intervals"/><concept><code value="&lt;5"/><display value="&lt;5 mm"/></concept><concept><code value="5-10"/><display value="5-10 mm"/></concept><concept><code value="&gt;10"/><display value="&gt;10 mm"/></concept></include></compose></ValueSet>