<?xml version="1.0" encoding="UTF-8"?><ValueSet xmlns="http://hl7.org/fhir"><id value="AntibiotikaprofylakseDKRR"/><text><status value="extensions"/><div xmlns="http://www.w3.org/1999/xhtml"><p class="res-header-id"><b>Generated Narrative: ValueSet AntibiotikaprofylakseDKRR</b></p><a name="AntibiotikaprofylakseDKRR"> </a><a name="hcAntibiotikaprofylakseDKRR"> </a><a name="AntibiotikaprofylakseDKRR-en-US"> </a><p>This value set includes codes based on the following rules:</p><ul><li>Include these codes as defined in <a href="CodeSystem-ATC.html"><code>https://kip.rkkp.dk/fhir/CodeSystem/ATC</code></a><table class="none"><tr><td style="white-space:nowrap"><b>Code</b></td><td><b>Display</b></td><td><b>Definition</b></td></tr><tr><td><a href="CodeSystem-ATC.html#ATC-J01CF01">J01CF01</a></td><td>Diclosil</td><td>J01CF01 - dicloxacillin</td></tr><tr><td><a href="CodeSystem-ATC.html#ATC-J01DC02">J01DC02</a></td><td>Zinacef</td><td>J01DC02 - cefuroxime</td></tr><tr><td><a href="CodeSystem-ATC.html#ATC-J01CF02">J01CF02</a></td><td>Cloxacillin</td><td>J01CF02 - cloxacillin</td></tr></table></li><li>Include these codes as defined in <a href="CodeSystem-GenericValues.html"><code>https://kip.rkkp.dk/fhir/CodeSystem/GenericValues</code></a><table class="none"><tr><td style="white-space:nowrap"><b>Code</b></td><td><b>Display</b></td><td><b>Definition</b></td></tr><tr><td><a href="CodeSystem-GenericValues.html#GenericValues-other">other</a></td><td>Andet</td><td>Other - used to choose unspecific value not in a valueset</td></tr></table></li></ul></div></text><url value="https://kip.rkkp.dk/fhir/ValueSet/AntibiotikaprofylakseDKRR"/><version value="2.9.0"/><name value="AntibiotikaprofylakseDKRR"/><title value="Antibiotikaprofylakse (DKRR)"/><status value="active"/><experimental value="true"/><date value="2022-09-19T00:00:00+02:00"/><publisher value="Sundhedsvæsnets Kvalistetsinstitut with Trifork Digital Health A/S"/><contact><name value="Sundhedsvæsnets Kvalistetsinstitut with Trifork Digital Health A/S"/><telecom><system value="url"/><value value="https://trifork.com"/></telecom><telecom><system value="email"/><value value="rbk@trifork.com"/></telecom></contact><description value="Antibiotikaprofylakse (DKRR)"/><compose><include><system value="https://kip.rkkp.dk/fhir/CodeSystem/ATC"/><concept><code value="J01CF01"/><display value="Diclosil"/></concept><concept><code value="J01DC02"/><display value="Zinacef"/></concept><concept><code value="J01CF02"/><display value="Cloxacillin"/></concept></include><include><system value="https://kip.rkkp.dk/fhir/CodeSystem/GenericValues"/><concept><code value="other"/><display value="Andet"/></concept></include></compose></ValueSet>