<?xml version="1.0" encoding="UTF-8"?><ValueSet xmlns="http://hl7.org/fhir"><id value="TreatmentMethodMRD"/><text><status value="extensions"/><div xmlns="http://www.w3.org/1999/xhtml"><p class="res-header-id"><b>Generated Narrative: ValueSet TreatmentMethodMRD</b></p><a name="TreatmentMethodMRD"> </a><a name="hcTreatmentMethodMRD"> </a><a name="TreatmentMethodMRD-en-US"> </a><ul><li>Include these codes as defined in <a href="CodeSystem-TreatmentMethodMRD.html"><code>https://kip.rkkp.dk/fhir/CodeSystem/TreatmentMethodMRD</code></a><table class="none"><tr><td style="white-space:nowrap"><b>Code</b></td><td><b>Display</b></td><td><b>Definition</b></td></tr><tr><td><a href="CodeSystem-TreatmentMethodMRD.html#TreatmentMethodMRD-flow">flow</a></td><td>Flow</td><td>Flow</td></tr><tr><td><a href="CodeSystem-TreatmentMethodMRD.html#TreatmentMethodMRD-ngs">ngs</a></td><td>NGS</td><td>NGS</td></tr><tr><td><a href="CodeSystem-TreatmentMethodMRD.html#TreatmentMethodMRD-pct">pct</a></td><td>PCT</td><td>PCT</td></tr><tr><td><a href="CodeSystem-TreatmentMethodMRD.html#TreatmentMethodMRD-pet">pet</a></td><td>PET</td><td>PET</td></tr></table></li></ul></div></text><url value="https://kip.rkkp.dk/fhir/ValueSet/TreatmentMethodMRD"/><version value="2.9.0"/><name value="TreatmentMethodMRD"/><title value="Behandlingsmetode MRD"/><status value="active"/><experimental value="true"/><date value="2022-07-14T00:00:00+02:00"/><publisher value="Sundhedsvæsnets Kvalistetsinstitut with Trifork Digital Health A/S"/><contact><name value="Sundhedsvæsnets Kvalistetsinstitut with Trifork Digital Health A/S"/><telecom><system value="url"/><value value="https://trifork.com"/></telecom><telecom><system value="email"/><value value="rbk@trifork.com"/></telecom></contact><description value="Anvendt behandlingsmetode MRD [DAMYDA]"/><compose><include><system value="https://kip.rkkp.dk/fhir/CodeSystem/TreatmentMethodMRD"/><concept><code value="flow"/><display value="Flow"/></concept><concept><code value="ngs"/><display value="NGS"/></concept><concept><code value="pct"/><display value="PCT"/></concept><concept><code value="pet"/><display value="PET"/></concept></include></compose></ValueSet>