<?xml version="1.0" encoding="UTF-8"?><ValueSet xmlns="http://hl7.org/fhir"><id value="Splenomegali"/><text><status value="extensions"/><div xmlns="http://www.w3.org/1999/xhtml"><p class="res-header-id"><b>Generated Narrative: ValueSet Splenomegali</b></p><a name="Splenomegali"> </a><a name="hcSplenomegali"> </a><a name="Splenomegali-en-US"> </a><p>This value set includes codes based on the following rules:</p><ul><li>Include these codes as defined in <a href="CodeSystem-DetectionMethods.html"><code>https://kip.rkkp.dk/fhir/CodeSystem/DetectionMethods</code></a><table class="none"><tr><td style="white-space:nowrap"><b>Code</b></td><td><b>Display</b></td><td><b>Definition</b></td></tr><tr><td><a href="CodeSystem-DetectionMethods.html#DetectionMethods-splenomegaly_radiological">splenomegaly_radiological</a></td><td>Ja - radiologisk påvist</td><td>Splenomegali, radiologisk påvist</td></tr><tr><td><a href="CodeSystem-DetectionMethods.html#DetectionMethods-splenomegaly_clinical">splenomegaly_clinical</a></td><td>Ja - udelukkende klinisk bedømt</td><td>Splenomegali, klinisk bedømt</td></tr><tr><td><a href="CodeSystem-DetectionMethods.html#DetectionMethods-radiological">radiological</a></td><td>Nej - radiologisk bekræftet</td><td>Radiologisk bekræftet</td></tr><tr><td><a href="CodeSystem-DetectionMethods.html#DetectionMethods-clinical">clinical</a></td><td>Nej - udelukkende klinisk bedømt</td><td>Kliniske</td></tr></table></li><li>Include these codes as defined in <a href="http://terminology.hl7.org/3.1.0/CodeSystem-v2-0532.html"><code>http://terminology.hl7.org/CodeSystem/v2-0532</code></a><table class="none"><tr><td style="white-space:nowrap"><b>Code</b></td><td><b>Display</b></td><td><b>Definition</b></td></tr><tr><td><a href="http://terminology.hl7.org/3.1.0/CodeSystem-v2-0532.html#v2-0532-UNK">UNK</a></td><td>Uoplyst</td><td>unknown</td></tr></table></li></ul></div></text><url value="https://kip.rkkp.dk/fhir/ValueSet/Splenomegali"/><version value="0.2.1"/><name value="Splenomegali"/><title value="Splenomegali, udvikling og konstatering"/><status value="active"/><experimental value="true"/><date value="2022-07-18T00:00:00+02:00"/><publisher value="Sundhedsvæsnets Kvalistetsinstitut with Trifork Digital Health A/S"/><contact><name value="Sundhedsvæsnets Kvalistetsinstitut with Trifork Digital Health A/S"/><telecom><system value="url"/><value value="https://trifork.com"/></telecom><telecom><system value="email"/><value value="rbk@trifork.com"/></telecom></contact><description value="Splenomegali, udvikling og konstatering"/><compose><include><system value="https://kip.rkkp.dk/fhir/CodeSystem/DetectionMethods"/><concept><code value="splenomegaly_radiological"/><display value="Ja - radiologisk påvist"/></concept><concept><code value="splenomegaly_clinical"/><display value="Ja - udelukkende klinisk bedømt"/></concept><concept><code value="radiological"/><display value="Nej - radiologisk bekræftet"/></concept><concept><code value="clinical"/><display value="Nej - udelukkende klinisk bedømt"/></concept></include><include><system value="http://terminology.hl7.org/CodeSystem/v2-0532"/><concept><code value="UNK"/><display value="Uoplyst"/></concept></include></compose></ValueSet>