URL,Version,Status,OIDs,Name,Title,Description,Used
https://kip.rkkp.dk/fhir/CodeSystem/ACTherapyNotGiven,2.14.1,active,,ACTherapyNotGiven,Reasons for not giving anticoagulation therapy,"Årsagen til hvorfor man har fravalgt antikoagulationsbehandling.",
https://kip.rkkp.dk/fhir/CodeSystem/AKBehandling,2.14.1,active,,AKBehandling,AK Behandling (DKR),"AK Behandling (DKR)",
https://kip.rkkp.dk/fhir/CodeSystem/ASAClassification,2.14.1,active,,ASAClassification,ASA Physical Status Classification System,"Score udviklet til vurdering af det fysiske helbred. Link: https://www.asahq.org/standards-and-guidelines/asa-physical-status-classification-system",
https://kip.rkkp.dk/fhir/CodeSystem/ATC,2.14.1,active,"2.16.840.1.113883.6.73",ATC,WHO ATC,"WHO ATC code system. Link: http://www.whocc.no/atc",
https://kip.rkkp.dk/fhir/CodeSystem/ATCMixedCodes,2.14.1,active,,ATCMixedCodes,WHO ATC; Mixed codes,"WHO ATC code system; Mixed codes. Link: http://www.whocc.no/atc",
https://kip.rkkp.dk/fhir/CodeSystem/ActilyseNotGiven,2.14.1,active,,ActilyseNotGiven,Reasons for not giving total dose of actilyse,"Årsagen til hvorfor man ikke har givet totaldosis i.v. actilyse.",
https://kip.rkkp.dk/fhir/CodeSystem/ActivityType,2.14.1,active,,ActivityType,Activity type,"Activity type",
https://kip.rkkp.dk/fhir/CodeSystem/AktuelSygdomsforlob,2.14.1,active,,AktuelSygdomsforlob,Aktuel Sygdomsforløb,"Er patienten i det aktuelle sygdomsforløb",
https://kip.rkkp.dk/fhir/CodeSystem/Alchohol,2.14.1,active,,Alchohol,Alchohol,"Healthfactor alchohol",
https://kip.rkkp.dk/fhir/CodeSystem/AlchoholDrugs,2.14.1,active,,AlchoholDrugs,Alchohol or drugs,"Alchohol or drugs",
https://kip.rkkp.dk/fhir/CodeSystem/AlloplastyTypes,2.14.1,active,,AlloplastyTypes,Alloplasty operation types,"Alloplasty operation types",
https://kip.rkkp.dk/fhir/CodeSystem/AnasthesiaService,2.14.1,active,,AnasthesiaService,Anæstesiydelse,"Anæstesiydelse",
https://kip.rkkp.dk/fhir/CodeSystem/AnasthesiaTypeGen,2.14.1,active,,AnasthesiaTypeGen,Anæstesi Type Generel,"Generel Anæstesiydelse - Tillæg",
https://kip.rkkp.dk/fhir/CodeSystem/AnastomosisLeak,2.14.1,active,,AnastomosisLeak,Anastomosis leak,"Anastomosis Leak",
https://kip.rkkp.dk/fhir/CodeSystem/AnastomosisLeakConsequence,2.14.1,active,,AnastomosisLeakConsequence,Anastomosis leak consequence,"Anastomosis leak consequence",
https://kip.rkkp.dk/fhir/CodeSystem/AnastomosisLeakGrading,2.14.1,active,,AnastomosisLeakGrading,Anastomosis leak grading,"Anastomosis leak grading",
https://kip.rkkp.dk/fhir/CodeSystem/AnastomosisType,2.14.1,active,,AnastomosisType,Anastomosis type,"Anastomosis type",
https://kip.rkkp.dk/fhir/CodeSystem/AnatomicalLocations,2.14.1,active,,AnatomicalLocations,Anatomy locations, not specified in classifcations (SKS, etc.),"Anatomy locations, not specified in classifcations (SKS, etc.)",
https://kip.rkkp.dk/fhir/CodeSystem/AneurysmClosure,2.14.1,active,,AneurysmClosure,Aneurysm closure,"Aneurysm closure - Degree of closure",
https://kip.rkkp.dk/fhir/CodeSystem/AneurysmSizeScale,2.14.1,active,,AneurysmSizeScale,Aneurysm size scale (SAH),"Aneurysm size scale (SAH)",
https://kip.rkkp.dk/fhir/CodeSystem/AnnArborStagingClassification,2.14.1,active,,AnnArborStagingClassification,Ann Arbor staging system,"Ann Arbor staging system; Link: https://radiopaedia.org/articles/ann-arbor-staging-system",
https://kip.rkkp.dk/fhir/CodeSystem/ArtrosePlacering,2.14.1,active,,ArtrosePlacering,Placering af indikationsgivne artrose,"Placering af indikationsgivne artrose",
https://kip.rkkp.dk/fhir/CodeSystem/AssessmentType,2.14.1,active,,AssessmentType,Assessment type,"Assessment type",
https://kip.rkkp.dk/fhir/CodeSystem/AssistDevices,2.14.1,active,,AssistDevices,Assist devices,"Assist devices",
https://kip.rkkp.dk/fhir/CodeSystem/BANFF,2.14.1,active,,BANFF,Banff Classifikation,"Banff Classifikation",
https://kip.rkkp.dk/fhir/CodeSystem/BasicDisorder,2.14.1,active,,BasicDisorder,Basic disorder,"Basic disorder",
https://kip.rkkp.dk/fhir/CodeSystem/BehandlingAfbrudt,2.14.1,active,,BehandlingAfbrudt,Behandling afbrudt/ophørt,"Årsager til behandling eller forløb er afbrudt/ophørt",
https://kip.rkkp.dk/fhir/CodeSystem/BinetStagingSystem,2.14.1,active,,BinetStagingSystem,Binet staging system for Chroniz Lymphocytic Leukemia,"Stages chronic lymphocytic leukemia, similar to Rai Staging System. *Nodal areas: cervical, axillary, inguinal (one side or both), spleen, and liver. Link: https://www.mdcalc.com/calc/10053/binet-staging-system-chronic-lymphocytic-leukemia-cll",
https://kip.rkkp.dk/fhir/CodeSystem/BiobankSamples,2.14.1,active,,BiobankSamples,Danish National Biobank - Samples/materials,"Danish National Biobank - Samples/materials",
https://kip.rkkp.dk/fhir/CodeSystem/Birthplace,2.14.1,active,,Birthplace,Birthplace,"Birthplace",
https://kip.rkkp.dk/fhir/CodeSystem/BleedingStroke,2.14.1,active,,BleedingStroke,Bleeding - Stroke,"Bleeding - Stroke",
https://kip.rkkp.dk/fhir/CodeSystem/BlockTypes,2.14.1,active,,BlockTypes,Typer af blokader,"Blokader - Central, Underekstremitet, Overekstremitet",
https://kip.rkkp.dk/fhir/CodeSystem/BloodThinnersTreatment,2.14.1,active,,BloodThinnersTreatment,Current treatment (if any) of medical blood thinners,"Current treatment (if any) of medical blood thinners",
https://kip.rkkp.dk/fhir/CodeSystem/BoneLossAcetabulumFemurClassification,2.14.1,active,,BoneLossAcetabulumFemurClassification,Bone loss - Acetabulum Femur Classification,"Walch classification; Link: https://radiopaedia.org/articles/walch-classification-of-glenoid-morphology-1",
https://kip.rkkp.dk/fhir/CodeSystem/BulkingMaterialeDUGA,2.14.1,active,,BulkingMaterialeDUGA,Bulking materiale - Urogynækologi (DUGA),"Bulking materiale - Urogynækologi (DUGA)",
https://kip.rkkp.dk/fhir/CodeSystem/CALRGeneType,2.14.1,active,,CALRGeneType,CALR gene type,"CALR gene type",
https://kip.rkkp.dk/fhir/CodeSystem/CalciumType,2.14.1,active,,CalciumType,Calcium type,"Calcium type",
https://kip.rkkp.dk/fhir/CodeSystem/CancerInvestigation,2.14.1,active,,CancerInvestigation,Cancer investigation,"Udredning for cancerpatienter for cancerpatienter.",
https://kip.rkkp.dk/fhir/CodeSystem/CauseOfDeath,2.14.1,active,,CauseOfDeath,Cause of death,"Cause of death",
https://kip.rkkp.dk/fhir/CodeSystem/CementType,2.14.1,active,,CementType,Cement type,"Cement type",
https://kip.rkkp.dk/fhir/CodeSystem/CentralBlock,2.14.1,active,,CentralBlock,Central blokade,"Tidspunkt for central blokade",
https://kip.rkkp.dk/fhir/CodeSystem/ChemotherapyRegimen,2.14.1,active,,ChemotherapyRegimen,Chemotherapy regimen,"Chemotherapy regimen",
https://kip.rkkp.dk/fhir/CodeSystem/ChromosomPair,2.14.1,active,,ChromosomPair,Chromosom pair,"Chromosom pair",
https://kip.rkkp.dk/fhir/CodeSystem/ClinicalProtocolCodes,2.14.1,active,,ClinicalProtocolCodes,Clinical protocol; name,"Clinical protocol; name",
https://kip.rkkp.dk/fhir/CodeSystem/ClinicalProtocolNotParticipated,2.14.1,active,,ClinicalProtocolNotParticipated,Clinical protocol - patient did not participated; cause,"Clinical protocol -  patient did not participated; cause",
https://kip.rkkp.dk/fhir/CodeSystem/CognitiveFunctionFinding,2.14.1,active,,CognitiveFunctionFinding,Cognitive function finding,"Cognitive function finding / SNOMED-CT: 373930000",
https://kip.rkkp.dk/fhir/CodeSystem/CognitiveTest,2.14.1,active,,CognitiveTest,Cognitive test,"Cognitive test",
https://kip.rkkp.dk/fhir/CodeSystem/Competence,2.14.1,active,,Competence,Fagligt niveau,"Udførende personales faglighed",
https://kip.rkkp.dk/fhir/CodeSystem/Complications,2.14.1,active,,Complications,Complications,"Complications - several procedures",
https://kip.rkkp.dk/fhir/CodeSystem/ConferenceParticipants,2.14.1,active,,ConferenceParticipants,Conference Participants,"Deltagende faggrupper",
https://kip.rkkp.dk/fhir/CodeSystem/ContactPatient,2.14.1,active,,ContactPatient,Kontakt til patient,"Kontakttype til patient - Undersøgelse, interview, mv.",
https://kip.rkkp.dk/fhir/CodeSystem/ContactPlace,2.14.1,active,,ContactPlace,Contact; Place of contact,"Contact; Place of contact",
https://kip.rkkp.dk/fhir/CodeSystem/ContaminationDegree,2.14.1,active,,ContaminationDegree,Contamination degree,"Contamination degree",
https://kip.rkkp.dk/fhir/CodeSystem/CoronaryArteryGraph,2.14.1,active,,CoronaryArteryGraph,KAG risk assesment,"Should the patient get a KAG",
https://kip.rkkp.dk/fhir/CodeSystem/Cyclus,2.14.1,active,,Cyclus,Cyclus,"Cyclus længde",
https://kip.rkkp.dk/fhir/CodeSystem/CytogeneticChanges,2.14.1,active,,CytogeneticChanges,Cytogenetic changes,"Cytogenetic changes",
https://kip.rkkp.dk/fhir/CodeSystem/CytogeneticExamination,2.14.1,active,,CytogeneticExamination,Cytogenetic examination,"Examination; cytogenetic examination",
https://kip.rkkp.dk/fhir/CodeSystem/DHDeksklusionskriterie,2.14.1,active,,DHDeksklusionskriterie,DHD eksklusionskriterier,"Patienten skal ikke indberettes til DHD, fordi patienten opfylder et af følgende eksklusionskriterier.",
https://kip.rkkp.dk/fhir/CodeSystem/DSAFindingsLocation,2.14.1,active,,DSAFindingsLocation,Findings with digital subtraction angiography (DSA); location of clot,"Findings with digital subtraction angiography (DSA); location of clot",
https://kip.rkkp.dk/fhir/CodeSystem/DatabasesKIP,2.14.1,active,,DatabasesKIP,Databaser - KIP,"Databaser i KIP",
https://kip.rkkp.dk/fhir/CodeSystem/DeathPlace,2.14.1,active,,DeathPlace,Place of death,"Place of death",
https://kip.rkkp.dk/fhir/CodeSystem/DefibrilleringAnalyse,2.14.1,active,,DefibrilleringAnalyse,Defibrillering_Analyse,"Metode til analyse/defibrillering af hjerterytme",
https://kip.rkkp.dk/fhir/CodeSystem/DetectionMethods,2.14.1,active,,DetectionMethods,Detection methods,"Detection methods (vasospasms etc.)",
https://kip.rkkp.dk/fhir/CodeSystem/Dialyseadgang,2.14.1,active,,Dialyseadgang,Dialyseadgang,"Dialyseadgang",
https://kip.rkkp.dk/fhir/CodeSystem/DiseaseLocalization,2.14.1,active,,DiseaseLocalization,Disease localization,"Disease localization",
https://kip.rkkp.dk/fhir/CodeSystem/DiseasePhase,2.14.1,active,,DiseasePhase,Disease phase,"Disease phase",
https://kip.rkkp.dk/fhir/CodeSystem/DiseasesUnspecified,2.14.1,active,,DiseasesUnspecified,Diseases - Unspecified without a code,"Diseases - Unspecified without a code",
https://kip.rkkp.dk/fhir/CodeSystem/Dosis,2.14.1,active,,Dosis,Dosis,"Dosis i givne mængder",
https://kip.rkkp.dk/fhir/CodeSystem/EDTACodes,2.14.1,active,,EDTACodes,EDTA koder (DNSL),"EDTA koder (DNSL)",
https://kip.rkkp.dk/fhir/CodeSystem/EHSIncisionalHerniaClassification,2.14.1,active,,EHSIncisionalHerniaClassification,EHS - Incisional hernia classification,"EHS (European Hernia Society) - Incisional hernia classification; Link: https://www.ncbi.nlm.nih.gov/pmc/articles/PMC2719726/",
https://kip.rkkp.dk/fhir/CodeSystem/EHSIncisionalHerniaClassificationType,2.14.1,active,,EHSIncisionalHerniaClassificationType,EHS - Incisional hernia classification type,"EHS (European Hernia Society) - Incisional hernia classification type",
https://kip.rkkp.dk/fhir/CodeSystem/EORTCQLQC1514,2.14.1,active,,EORTCQLQC1514,EORTC QLQ-C15-PAL 1-4,"EORTC Palliativ spørgeskema (1-15) grad 1-4. Se https://www.eortc.org/research_field/quality-of-life/",
https://kip.rkkp.dk/fhir/CodeSystem/EORTCQLQC1517,2.14.1,active,,EORTCQLQC1517,EORTC QLQ-C15-PAL G1-7,"EORTC Palliativ spørgeskema (1-15) grad 1-7. Se https://www.eortc.org/research_field/quality-of-life/",
https://kip.rkkp.dk/fhir/CodeSystem/EconomicSupport,2.14.1,active,,EconomicSupport,Economic support,"Economic support",
https://kip.rkkp.dk/fhir/CodeSystem/EdemaStroke,2.14.1,active,,EdemaStroke,Edema (brain) - Stroke,"Edema (brain) - Stroke",
https://kip.rkkp.dk/fhir/CodeSystem/EducationType,2.14.1,active,,EducationType,Education Type,"Education Type",
https://kip.rkkp.dk/fhir/CodeSystem/EndoscopicAppearance,2.14.1,active,,EndoscopicAppearance,Endoscopic appearance,"Endoscopic appearance",
https://kip.rkkp.dk/fhir/CodeSystem/EsophagealLokalization,2.14.1,active,,EsophagealLokalization,Lokalization esophagus cancer,"Lokalization esophagus cancer",
https://kip.rkkp.dk/fhir/CodeSystem/FISHVariables,2.14.1,active,,FISHVariables,FISH variables; test,"FISH variables; test",
https://kip.rkkp.dk/fhir/CodeSystem/Faggruppe,2.14.1,active,,Faggruppe,Faggruppe,"Faggruppe involveret i hændelser",
https://kip.rkkp.dk/fhir/CodeSystem/FisherGradingScale,2.14.1,active,,FisherGradingScale,Fisher grading scale,"Fisher grading scale; Link: https://radiopaedia.org/articles/fisher-scale",
https://kip.rkkp.dk/fhir/CodeSystem/FixationCruciateLigaments,2.14.1,active,,FixationCruciateLigaments,Fixation for cruciate ligaments (femur and tibia); types of screws,"Fixation for cruciate ligaments (femur and tibia), types of screws",
https://kip.rkkp.dk/fhir/CodeSystem/FollowUp,2.14.1,active,,FollowUp,Opfølgning - intervaller,"Opfølgningsperiode, dage, uger, måneder, år",
https://kip.rkkp.dk/fhir/CodeSystem/Frekvens,2.14.1,active,,Frekvens,Frekvens,"Frekvens for hvor ofte en given hændelse optræder",
https://kip.rkkp.dk/fhir/CodeSystem/FunctionGroupAlloplasty,2.14.1,active,,FunctionGroupAlloplasty,Function group (alloplasty),"Function group (alloplasty)",
https://kip.rkkp.dk/fhir/CodeSystem/FunctionTest,2.14.1,active,,FunctionTest,Function test,"Function test",
https://kip.rkkp.dk/fhir/CodeSystem/FunctionalScoreTypes,2.14.1,active,,FunctionalScoreTypes,FunctionalScoreTypes,"Anvendte typer ved måling af helbreds- eller funktionel score",
https://kip.rkkp.dk/fhir/CodeSystem/GenericValues,2.14.1,active,,GenericValues,Generic values,"Generic values for a multitude of questions. This is meant as an extension to several codesystems, where codes from below might appear.",
https://kip.rkkp.dk/fhir/CodeSystem/GenoplivStoppet,2.14.1,active,,GenoplivStoppet,Genoplivning indstillet - årsag,"Årsager til indstilling af genoplivningsforsøg",
https://kip.rkkp.dk/fhir/CodeSystem/Genoplivning,2.14.1,active,,Genoplivning,Genoplivning,"Aktivitet ifm genoplivning",
https://kip.rkkp.dk/fhir/CodeSystem/GraftCruciateLigaments,2.14.1,active,,GraftCruciateLigaments,Grafts for cruciate ligaments; types of grafts,"Grafts for cruciate ligaments, types of grafts",
https://kip.rkkp.dk/fhir/CodeSystem/GynUndersoegDUGA,2.14.1,active,,GynUndersoegDUGA,Gynækologisk undersøgelsesmetode (DUGA),"Gynækologisk undersøgelsesmetode (DUGA)",
https://kip.rkkp.dk/fhir/CodeSystem/HaemoglobinTransf4,2.14.1,active,,HaemoglobinTransf4,HGBTransfusion4,"Hæmoglobinværdi før blodtransfusion",
https://kip.rkkp.dk/fhir/CodeSystem/HaendelseIndtraeffer,2.14.1,active,,HaendelseIndtraeffer,Hændelse indtræffer,"I hvilken sammenhæng sker en given hændelse",
https://kip.rkkp.dk/fhir/CodeSystem/HarrisHipScoreDistanceWalked,2.14.1,active,,HarrisHipScoreDistanceWalked,Harris Hip Score (HHS) - Distance walked,"Harris Hip Score (HHS) - Distance walked. Link: https://www.orthopaedicscore.com/scorepages/harris_hip_score.html",
https://kip.rkkp.dk/fhir/CodeSystem/HarrisHipScoreLimp,2.14.1,active,,HarrisHipScoreLimp,Harris Hip Score (HHS) - Limp,"Harris Hip Score (HHS) - Limp. Link: https://www.orthopaedicscore.com/scorepages/harris_hip_score.html",
https://kip.rkkp.dk/fhir/CodeSystem/HarrisHipScorePain,2.14.1,active,,HarrisHipScorePain,Harris Hip Score (HHS) - Pain,"Harris Hip Score (HHS) - Pain. Link: https://www.orthopaedicscore.com/scorepages/harris_hip_score.html",
https://kip.rkkp.dk/fhir/CodeSystem/HarrisHipScorePublicTransportation,2.14.1,active,,HarrisHipScorePublicTransportation,Harris Hip Score (HHS) - Public transportation,"Harris Hip Score (HHS) - Public transportation. Link: https://www.orthopaedicscore.com/scorepages/harris_hip_score.html",
https://kip.rkkp.dk/fhir/CodeSystem/HarrisHipScoreShoesSocks,2.14.1,active,,HarrisHipScoreShoesSocks,Harris Hip Score (HHS) - Activities - shoes, socks,"Harris Hip Score (HHS) - Activities - shoes socks. Link: https://www.orthopaedicscore.com/scorepages/harris_hip_score.html",
https://kip.rkkp.dk/fhir/CodeSystem/HarrisHipScoreSitting,2.14.1,active,,HarrisHipScoreSitting,Harris Hip Score (HHS) - Sitting,"Harris Hip Score (HHS) - Sitting. Link: https://www.orthopaedicscore.com/scorepages/harris_hip_score.html",
https://kip.rkkp.dk/fhir/CodeSystem/HarrisHipScoreStairs,2.14.1,active,,HarrisHipScoreStairs,Harris Hip Score (HHS) - Stairs,"Harris Hip Score (HHS) - Stairs. Link: https://www.orthopaedicscore.com/scorepages/harris_hip_score.html",
https://kip.rkkp.dk/fhir/CodeSystem/HarrisHipScoreSupport,2.14.1,active,,HarrisHipScoreSupport,Harris Hip Score (HHS) - Support,"Harris Hip Score (HHS) - Support. Link: https://www.orthopaedicscore.com/scorepages/harris_hip_score.html",
https://kip.rkkp.dk/fhir/CodeSystem/HeartRhythm,2.14.1,active,,HeartRhythm,Hjerterytme,"Patientens hjerterytme",
https://kip.rkkp.dk/fhir/CodeSystem/HerniaSize,2.14.1,active,,HerniaSize,Hernia size,"Hernia size",
https://kip.rkkp.dk/fhir/CodeSystem/HipJointArthroplastyComponent,2.14.1,active,,HipJointArthroplastyComponent,Hip joint arthroplasty - components,"Hip joint arthroplasty - components",
https://kip.rkkp.dk/fhir/CodeSystem/HjerterytmeAnalyse,2.14.1,active,,HjerterytmeAnalyse,HjerterytmeAnalyse,"Analyse af hjerterytme",
https://kip.rkkp.dk/fhir/CodeSystem/HjertestopAarsag,2.14.1,active,,HjertestopAarsag,Hjertestop Årsag,"Årsag til hjertestop",
https://kip.rkkp.dk/fhir/CodeSystem/HousingType,2.14.1,active,,HousingType,Housing type,"Housing type",
https://kip.rkkp.dk/fhir/CodeSystem/HuntHessClassification,2.14.1,active,,HuntHessClassification,Hunt and Hess scale,"Hunt and Hess scale; Link: https://radiopaedia.org/articles/hunt-and-hess-grading-system",
https://kip.rkkp.dk/fhir/CodeSystem/ICHAction,2.14.1,active,,ICHAction,Action upon discovery of ICH,"Action upon discovery of ICH (Intracerebral haematoma)",
https://kip.rkkp.dk/fhir/CodeSystem/ICRSGradingSystem,2.14.1,active,,ICRSGradingSystem,ICRS grading system,"ICRS grading system; Link: https://www.researchgate.net/figure/The-International-Cartilage-Repair-Society-ICRS-Cartilage-Lesion-Classification-System_fig2_224847959",
https://kip.rkkp.dk/fhir/CodeSystem/IPSSRCytogeneticCategory,2.14.1,active,,IPSSRCytogeneticCategory,IPSS-R - Cytogenetic Category,"IPSS-R - Cytogenetic Category. Link: https://www.hematology.dk/index.php/vejledninger/udregnere/330-ipss-r",
https://kip.rkkp.dk/fhir/CodeSystem/IkkeBesvaret,2.14.1,active,,IkkeBesvaret,Ikke besvaret,"Årsager til ikke-besvaret spørgsmål",
https://kip.rkkp.dk/fhir/CodeSystem/ImplantComponents,2.14.1,active,,ImplantComponents,Implant components,"Implant components",
https://kip.rkkp.dk/fhir/CodeSystem/ImplantattypeDUGA,2.14.1,active,,ImplantattypeDUGA,Implantattype - Urogynækologi (DUGA),"Implantattype - Urogynækologi (DUGA)",
https://kip.rkkp.dk/fhir/CodeSystem/IncisionChoice,2.14.1,active,,IncisionChoice,Incision choice,"Incisionsvalg eller operativ adgang",
https://kip.rkkp.dk/fhir/CodeSystem/Intervals,2.14.1,active,,Intervals,Intervals,"Intervals. Generic intervals.",
https://kip.rkkp.dk/fhir/CodeSystem/IntervalsExact,2.14.1,active,,IntervalsExact,Intervaller eksakte værdier,"Intervaller med varierende eksakte værdier",
https://kip.rkkp.dk/fhir/CodeSystem/Interventionsforloeb,2.14.1,active,,Interventionsforloeb,Interventionsforløb,"Interventionsforløb",
https://kip.rkkp.dk/fhir/CodeSystem/Interventionsgruppe,2.14.1,active,,Interventionsgruppe,Interventionsgruppe,"Interventionsgruppe (DNSL)",
https://kip.rkkp.dk/fhir/CodeSystem/Intubation,2.14.1,active,,Intubation,Intubation,"Resultat af luftvejshåndtering vha. intubation",
https://kip.rkkp.dk/fhir/CodeSystem/IntubationRelaks,2.14.1,active,,IntubationRelaks,Relaksation til intubation,"Relaksation til intubation",
https://kip.rkkp.dk/fhir/CodeSystem/KellgrenLawrenceKlassifikation,2.14.1,active,,KellgrenLawrenceKlassifikation,Kellgren-Lawrence Klassifikation,"Kellgren-Lawrence Klassifikation",
https://kip.rkkp.dk/fhir/CodeSystem/KliniskeSymptomerDCCG,2.14.1,active,,KliniskeSymptomerDCCG,Kliniske symptomer (DCCG),"Kliniske symptomer (DCCG)",
https://kip.rkkp.dk/fhir/CodeSystem/KneeJointArthroplastyComponent,2.14.1,active,,KneeJointArthroplastyComponent,Knee joint arthroplasty - components,"Knee joint arthroplasty - components",
https://kip.rkkp.dk/fhir/CodeSystem/KneeLoosenessGrading,2.14.1,active,,KneeLoosenessGrading,Knee looseness grading,"Knee looseness grading",
https://kip.rkkp.dk/fhir/CodeSystem/KomponentLiner,2.14.1,active,,KomponentLiner,Liner komponent,"Liner komponenter med/uden post",
https://kip.rkkp.dk/fhir/CodeSystem/KorsbaandEjBevaret,2.14.1,active,,KorsbaandEjBevaret,Korsbånd ikke bevaret,"Korsbånd ikke bevaret efter operation",
https://kip.rkkp.dk/fhir/CodeSystem/LaryngoskopiDegree,2.14.1,active,,LaryngoskopiDegree,Laryngoskopi grad,"Bedst opnåede laryngoskopigrad ved  direkte laryngoskopi efter Cormack & Lehane",
https://kip.rkkp.dk/fhir/CodeSystem/LesionType,2.14.1,active,,LesionType,Lesion type,"Lesion type",
https://kip.rkkp.dk/fhir/CodeSystem/LifeStatus,2.14.1,active,,LifeStatus,Liv Status,"Patientens status ved udskrivelse",
https://kip.rkkp.dk/fhir/CodeSystem/MComponentType,2.14.1,active,,MComponentType,M component (Myeloma protein) type,"M component (Myeloma protein) type",
https://kip.rkkp.dk/fhir/CodeSystem/MDTNotFollowed,2.14.1,active,,MDTNotFollowed,Reasons for MDT-decision not followed,"Årsagen til hvorfor MDT-beslutning (Multidisciplinære Teamkonferencer) ikke er fuldt",
https://kip.rkkp.dk/fhir/CodeSystem/MTICIClassification,2.14.1,active,,MTICIClassification,Modified treatment in cerebral ischemia (mTICI) score,"Modified treatment in cerebral ischemia (mTICI) score; Link: https://radiopaedia.org/articles/modified-treatment-in-cerebral-ischaemia-mtici-score",
https://kip.rkkp.dk/fhir/CodeSystem/MaaleEnheder,2.14.1,active,,MaaleEnheder,Måleenheder,"Enheder til dokumentation af mængde, vægt, længde mm.",
https://kip.rkkp.dk/fhir/CodeSystem/Maengde,2.14.1,active,,Maengde,Mængde,"Angivelse af mængder",
https://kip.rkkp.dk/fhir/CodeSystem/MaritalStatus,2.14.1,active,,MaritalStatus,Marital status / Living with others,"Marital status / Living with others",
https://kip.rkkp.dk/fhir/CodeSystem/MeasurementDevices,2.14.1,active,,MeasurementDevices,Measurement devices,"Measurement devices",
https://kip.rkkp.dk/fhir/CodeSystem/MedicalFixationClosing,2.14.1,active,,MedicalFixationClosing,Medical fixation and closing,"Medical fixation and closing",
https://kip.rkkp.dk/fhir/CodeSystem/MedicalScanningTypes,2.14.1,active,,MedicalScanningTypes,Medical scanning types,"Medical scanning types",
https://kip.rkkp.dk/fhir/CodeSystem/MedicalTreatmentAdministrationType,2.14.1,active,,MedicalTreatmentAdministrationType,Medical treatment: Medication administration,"Medical treatment: Medication administration",
https://kip.rkkp.dk/fhir/CodeSystem/MedicalTreatmentDuration,2.14.1,active,,MedicalTreatmentDuration,Medical treatment duration,"Medical treatment duration",
https://kip.rkkp.dk/fhir/CodeSystem/MedicalTreatmentStartOf,2.14.1,active,,MedicalTreatmentStartOf,Medical treatment: when did the treatment begin,"Medical treatment: when did the treatment begin compared to operation/procedure",
https://kip.rkkp.dk/fhir/CodeSystem/MedicationName,2.14.1,active,,MedicationName,Medication name,"Medication name",
https://kip.rkkp.dk/fhir/CodeSystem/MedicinDANARREST,2.14.1,active,,MedicinDANARREST,Medicin givet ved hjertestop,"Mediciin givet ved behandling i DANARREST specialet",
https://kip.rkkp.dk/fhir/CodeSystem/Medicine,2.14.1,active,,Medicine,Medicine,"Medicine",
https://kip.rkkp.dk/fhir/CodeSystem/MentalDeclaration,2.14.1,active,,MentalDeclaration,Mental declaration,"Mental declaration",
https://kip.rkkp.dk/fhir/CodeSystem/MeshPlacement,2.14.1,active,,MeshPlacement,Mesh placement,"Mesh placement",
https://kip.rkkp.dk/fhir/CodeSystem/MeshTechnique,2.14.1,active,,MeshTechnique,Mesh technique,"Mesh technique",
https://kip.rkkp.dk/fhir/CodeSystem/MeshType,2.14.1,active,,MeshType,Mesh type,"Mesh type",
https://kip.rkkp.dk/fhir/CodeSystem/MolecularRemission,2.14.1,active,,MolecularRemission,Molecular remission (MR),"Molecular remission (MR)",
https://kip.rkkp.dk/fhir/CodeSystem/MorsDiagnosegrupper,2.14.1,active,,MorsDiagnosegrupper,Mors Diagnosegrupper (DNSL),"Mors Diagnosegrupper (DNSL)",
https://kip.rkkp.dk/fhir/CodeSystem/MorsDiagnosekoder,2.14.1,active,,MorsDiagnosekoder,Mors Diagnosekoder (DNSL),"Mors Diagnosekoder (DNSL)",
https://kip.rkkp.dk/fhir/CodeSystem/MuligVanskeligUmulig,2.14.1,active,,MuligVanskeligUmulig,Mulig-Vanskelig-Umulig,"Vurdering af behandling",
https://kip.rkkp.dk/fhir/CodeSystem/NIHSS10Dysarthria,2.14.1,active,,NIHSS10Dysarthria,The National Institute of Health Stroke Scale (NIHSS) - 10. Dysarthria,"The National Institute of Health Stroke Scale (NIHSS) - 10. Dysarthria; Link: https://www.ninds.nih.gov/stroke-scales-and-related-information",
https://kip.rkkp.dk/fhir/CodeSystem/NIHSS11ExtinctionInattention,2.14.1,active,,NIHSS11ExtinctionInattention,The National Institute of Health Stroke Scale (NIHSS) - 11. Extinction and Inattention (formerly Neglect),"The National Institute of Health Stroke Scale (NIHSS) - 11. Extinction and Inattention (formerly Neglect); Link: https://www.ninds.nih.gov/stroke-scales-and-related-information",
https://kip.rkkp.dk/fhir/CodeSystem/NIHSS1aLOC,2.14.1,active,,NIHSS1aLOC,The National Institute of Health Stroke Scale (NIHSS) - 1a. Level of Consciousness,"The National Institute of Health Stroke Scale (NIHSS) - 1a. Level of Consciousness; Link: https://www.ninds.nih.gov/stroke-scales-and-related-information",
https://kip.rkkp.dk/fhir/CodeSystem/NIHSS1bLOC,2.14.1,active,,NIHSS1bLOC,The National Institute of Health Stroke Scale (NIHSS) - 1b. Level of Consciousness: Questions,"The National Institute of Health Stroke Scale (NIHSS) - 1b. Level of Consciousness: Questions; Link: https://www.ninds.nih.gov/stroke-scales-and-related-information",
https://kip.rkkp.dk/fhir/CodeSystem/NIHSS1cLOC,2.14.1,active,,NIHSS1cLOC,The National Institute of Health Stroke Scale (NIHSS) - 1c. Level of Consciousness: Commands,"The National Institute of Health Stroke Scale (NIHSS) - 1c. Level of Consciousness: Commands; Link: https://www.ninds.nih.gov/stroke-scales-and-related-information",
https://kip.rkkp.dk/fhir/CodeSystem/NIHSS2Gaze,2.14.1,active,,NIHSS2Gaze,The National Institute of Health Stroke Scale (NIHSS) - 2. Best Gaze,"The National Institute of Health Stroke Scale (NIHSS) - 2. Best Gaze; Link: https://www.ninds.nih.gov/stroke-scales-and-related-information",
https://kip.rkkp.dk/fhir/CodeSystem/NIHSS3Visual,2.14.1,active,,NIHSS3Visual,The National Institute of Health Stroke Scale (NIHSS) - 3. Visual,"The National Institute of Health Stroke Scale (NIHSS) - 3. Visual; Link: https://www.ninds.nih.gov/stroke-scales-and-related-information",
https://kip.rkkp.dk/fhir/CodeSystem/NIHSS4FacialPalsy,2.14.1,active,,NIHSS4FacialPalsy,The National Institute of Health Stroke Scale (NIHSS) - 4. Facial Palsy,"The National Institute of Health Stroke Scale (NIHSS) - 4. Facial Palsy; Link: https://www.ninds.nih.gov/stroke-scales-and-related-information",
https://kip.rkkp.dk/fhir/CodeSystem/NIHSS5MotorArm,2.14.1,active,,NIHSS5MotorArm,The National Institute of Health Stroke Scale (NIHSS) - 5. Motor Arm,"The National Institute of Health Stroke Scale (NIHSS) - 5. Motor Arm; Link: https://www.ninds.nih.gov/stroke-scales-and-related-information",
https://kip.rkkp.dk/fhir/CodeSystem/NIHSS6MotorLeg,2.14.1,active,,NIHSS6MotorLeg,The National Institute of Health Stroke Scale (NIHSS) - 6. Motor Leg,"The National Institute of Health Stroke Scale (NIHSS) - 6. Motor Leg; Link: https://www.ninds.nih.gov/stroke-scales-and-related-information",
https://kip.rkkp.dk/fhir/CodeSystem/NIHSS7LimbAtaxia,2.14.1,active,,NIHSS7LimbAtaxia,The National Institute of Health Stroke Scale (NIHSS) - 7. Limb Ataxia,"The National Institute of Health Stroke Scale (NIHSS) - 7. Limb Ataxia; Link: https://www.ninds.nih.gov/stroke-scales-and-related-information",
https://kip.rkkp.dk/fhir/CodeSystem/NIHSS8Sensory,2.14.1,active,,NIHSS8Sensory,The National Institute of Health Stroke Scale (NIHSS) - 8. Sensory,"The National Institute of Health Stroke Scale (NIHSS) - 8. Sensory; Link: https://www.ninds.nih.gov/stroke-scales-and-related-information",
https://kip.rkkp.dk/fhir/CodeSystem/NIHSS9Language,2.14.1,active,,NIHSS9Language,The National Institute of Health Stroke Scale (NIHSS) - 9. Best Language,"The National Institute of Health Stroke Scale (NIHSS) - 9. Best Language; Link: https://www.ninds.nih.gov/stroke-scales-and-related-information",
https://kip.rkkp.dk/fhir/CodeSystem/NYHA,2.14.1,active,,NYHA,NYHA klasser - hjertesvigt,"The New York Heart Association (NYHA) Functional Classification link:https://www.heart.org/en/health-topics/heart-failure/what-is-heart-failure/classes-of-heart-failure",
https://kip.rkkp.dk/fhir/CodeSystem/Observationssted,2.14.1,active,,Observationssted,Observationssted,"Sted hvor anæstesien observeres",
https://kip.rkkp.dk/fhir/CodeSystem/OncologyTreatmentCurative,2.14.1,active,,OncologyTreatmentCurative,Oncology Treatment (curative),"Types of oncology treatments for curative treatment intention",
https://kip.rkkp.dk/fhir/CodeSystem/Onkologibehandling,2.14.1,active,,Onkologibehandling,Onkologibehandlinger,"Typer af onkologibehandlinger",
https://kip.rkkp.dk/fhir/CodeSystem/OperatingRoom,2.14.1,active,,OperatingRoom,Operating room, attributes,"Operating room, attributes",
https://kip.rkkp.dk/fhir/CodeSystem/OperationCanal,2.14.1,active,,OperationCanal,Operation canal,"Operation canal",
https://kip.rkkp.dk/fhir/CodeSystem/OperationType,2.14.1,active,,OperationType,Operation type,"Operation type (primary, revision, extirpation)",
https://kip.rkkp.dk/fhir/CodeSystem/Operationserfaring,2.14.1,active,,Operationserfaring,Operationserfaring,"Operationserfaring for operatører og assistenter",
https://kip.rkkp.dk/fhir/CodeSystem/PRDcodes,2.14.1,active,,PRDcodes,ERA PRD Codes,"European Renal Association (ERA)  Primary Renal Disease (PRD)",
https://kip.rkkp.dk/fhir/CodeSystem/PTNMType,2.14.1,active,,PTNMType,Type af pTNM,"Type af pTNM",
https://kip.rkkp.dk/fhir/CodeSystem/Paragraph,2.14.1,active,,Paragraph,Paragraph,"Paragraph",
https://kip.rkkp.dk/fhir/CodeSystem/PatobankSNOMED,2.14.1,active,,PatobankSNOMED,Den Danske SNOMED for Patologi,"Den Danske SNOMED for Patologi - Udvalgte koder i RKKP. Link: https://www.patobank.dk/snomed/",
https://kip.rkkp.dk/fhir/CodeSystem/PerformanceStatusScore,2.14.1,active,,PerformanceStatusScore,Performance Status score (ECOG/WHO/Zubrod),"Score udviklet til performance for cancerpatienter. Kaldes både ECOG, WHO eller Zubrod. Link: https://ecog-acrin.org/resources/ecog-performance-status/",
https://kip.rkkp.dk/fhir/CodeSystem/Periods,2.14.1,active,,Periods,Perioder,"Kalendermæssige perioder",
https://kip.rkkp.dk/fhir/CodeSystem/PersonFamilyRelation,2.14.1,active,,PersonFamilyRelation,Person relation; relation to another person,"Person relation; relation to another person",
https://kip.rkkp.dk/fhir/CodeSystem/PivotShiftGrading,2.14.1,active,,PivotShiftGrading,Pivot Shift grading,"Pivot Shift grading",
https://kip.rkkp.dk/fhir/CodeSystem/PreoperativTemplating,2.14.1,active,,PreoperativTemplating,Preoperativ templating,"Preoperativ templating",
https://kip.rkkp.dk/fhir/CodeSystem/Priority,2.14.1,active,,Priority,Prioritering,"Patientens prioriteringsbehov",
https://kip.rkkp.dk/fhir/CodeSystem/ProcedureDuration,2.14.1,active,,ProcedureDuration,Procedure duration: Codes for different durations,"Procedure duration: Codes for different durations",
https://kip.rkkp.dk/fhir/CodeSystem/ProcedureNotCompleted,2.14.1,active,,ProcedureNotCompleted,Procedure not completed; cause,"Procedure not completed; cause",
https://kip.rkkp.dk/fhir/CodeSystem/ProcedureReasons,2.14.1,active,,ProcedureReasons,Reasons for procedure,"Reasons for procedure",
https://kip.rkkp.dk/fhir/CodeSystem/ProcedureType,2.14.1,active,,ProcedureType,Procedure type: Codes for different durations,"Procedure type: Codes for different durations",
https://kip.rkkp.dk/fhir/CodeSystem/ProcedureUrogyn,2.14.1,active,,ProcedureUrogyn,Procedurekoder - Urogynækologi (DUGA),"Procedurekoder - Urogynækolog (DUGA)",
https://kip.rkkp.dk/fhir/CodeSystem/Profylaksebehandling,2.14.1,active,,Profylaksebehandling,Profylaksebehandling,"Profylaksebehandling",
https://kip.rkkp.dk/fhir/CodeSystem/Prosthesis,2.14.1,active,,Prosthesis,Prosthesis,"Prosthesis",
https://kip.rkkp.dk/fhir/CodeSystem/PupilCondition,2.14.1,active,,PupilCondition,Pupil condition,"Pupil condition",
https://kip.rkkp.dk/fhir/CodeSystem/RadiationTherapyTarget,2.14.1,active,,RadiationTherapyTarget,Target of the radiation therapy,"Target of the radiation therapy",
https://kip.rkkp.dk/fhir/CodeSystem/RadiationTherapyType,2.14.1,active,,RadiationTherapyType,Radiation therapy type,"Radiation therapy type",
https://kip.rkkp.dk/fhir/CodeSystem/RadiologicalBoneChanges,2.14.1,active,,RadiologicalBoneChanges,Radiological bone changes - Indication of changes in bones,"Radiological bone changes - Indication of changes in bones",
https://kip.rkkp.dk/fhir/CodeSystem/RaymondRoyClassification,2.14.1,active,,RaymondRoyClassification,Raymond-Roy occlusion Classification (RROC), incl. modified classification (MRRC),"Raymond-Roy occlusion Classification (RROC), incl. modified classification (MRRC); Link: https://radiopaedia.org/articles/raymondroy-occlusion-classification-of-intracranial-aneurysms-1",
https://kip.rkkp.dk/fhir/CodeSystem/ReferredForTraining,2.14.1,active,,ReferredForTraining,Specifikation of where the paitent is referred to for physical training,"Uddybning af hvor patienten er henvist til fysisk træning",
https://kip.rkkp.dk/fhir/CodeSystem/ReferredFrom,2.14.1,active,,ReferredFrom,Referred from,"Referred from",
https://kip.rkkp.dk/fhir/CodeSystem/Regioner,2.14.1,active,,Regioner,Regioner,"Danske regioner",
https://kip.rkkp.dk/fhir/CodeSystem/Registry,2.14.1,active,,Registry,Registry - Unspecified codes,"Registry - Unspecified codes",
https://kip.rkkp.dk/fhir/CodeSystem/ReoperationCause,2.14.1,active,,ReoperationCause,Cause of reoperation,"Cause of reoperation",
https://kip.rkkp.dk/fhir/CodeSystem/ResectionCompletion,2.14.1,active,,ResectionCompletion,Resection completion; justification,"Resection completion; justification",
https://kip.rkkp.dk/fhir/CodeSystem/ResectionType,2.14.1,active,,ResectionType,Resection type,"Resektionstype for kræft databaser (DEGC)",
https://kip.rkkp.dk/fhir/CodeSystem/ResidualTumorClassification,2.14.1,active,,ResidualTumorClassification,Residual tumor (R) classification,"Residual tumor (R) classification. Link: https://acsjournals.onlinelibrary.wiley.com/doi/10.1002/cncr.10492",
https://kip.rkkp.dk/fhir/CodeSystem/ResidualTumorGrading,2.14.1,active,,ResidualTumorGrading,Residual Tumor Grading,"Gradering hvis der er registreret resttumor i histologisk klassifikation",
https://kip.rkkp.dk/fhir/CodeSystem/Respiration,2.14.1,active,,Respiration,Plan for eller støtte til luftvejsassistance,"Mulige indgreb vedr luftvejsstøtte",
https://kip.rkkp.dk/fhir/CodeSystem/ResultTest,2.14.1,active,,ResultTest,Result of test,"Result of test (for FISH, etc.)",
https://kip.rkkp.dk/fhir/CodeSystem/RevisionCause,2.14.1,active,,RevisionCause,Revision; cause,"Revision; cause",
https://kip.rkkp.dk/fhir/CodeSystem/RevisionIndication,2.14.1,active,,RevisionIndication,Revision; indication,"Revision; indication",
https://kip.rkkp.dk/fhir/CodeSystem/RevisionType,2.14.1,active,,RevisionType,Revision; type,"Revision; type",
https://kip.rkkp.dk/fhir/CodeSystem/RiskAssessment,2.14.1,active,,RiskAssessment,Risk assessment,"Risk assessment",
https://kip.rkkp.dk/fhir/CodeSystem/RiskFactors,2.14.1,active,,RiskFactors,Risk factors,"Risk factors",
https://kip.rkkp.dk/fhir/CodeSystem/RobotAssistDKR,2.14.1,active,,RobotAssistDKR,Robot (DKR),"Robottyper til robot assisteret kirurgi (DKR)",
https://kip.rkkp.dk/fhir/CodeSystem/Rytme1Obs,2.14.1,active,,Rytme1Obs,Hjerterytme - første obs,"Første observerede hjerterytme",
https://kip.rkkp.dk/fhir/CodeSystem/SKS,2.14.1,active,"1.2.208.176.2.4",SKS,Sundhedsvæsenets klassifikationssystem (SKS),"Sundhedsvæsenets klassifikationssystem (SKS) - Udvalgte koder i RKKP. Link: urn:oid:1.2.208.176.2.4",
https://kip.rkkp.dk/fhir/CodeSystem/SKSCodeCollection,2.14.1,active,"1.2.208.176.2.4",SKSCodeCollection,Sundhedsvæsenets klassifikationssystem (SKS) - Samlinger af koder,"Sundhedsvæsenets klassifikationssystem (SKS) - Udvalgte samlinger af koder i RKKP. Link: urn:oid:1.2.208.176.2.4",
https://kip.rkkp.dk/fhir/CodeSystem/SNOMEDCT,2.14.1,active,"2.16.840.1.113883.6.96",SNOMEDCT,SNOMED-CT,"SNOMED-CT - Codes used in databases. Link: https://browser.ihtsdotools.org/",
https://kip.rkkp.dk/fhir/CodeSystem/SOR,2.14.1,active,,SOR,Sundhedsvæsenets Organisationsregister (SOR),"Sundhedsvæsenets OrganisationsregisterR (SOR) - Udvalgte koder i RKKP.",
https://kip.rkkp.dk/fhir/CodeSystem/SSSArmLift,2.14.1,active,,SSSArmLift,Scandinavian Stroke Scale (SSS) - Arm lift,"Scandinavian Stroke Scale (SSS) - Arm lift: Vurderes på begge arme, men der noteres kun i forhold til siden for en eventuel lammelse",
https://kip.rkkp.dk/fhir/CodeSystem/SSSConsciousness,2.14.1,active,,SSSConsciousness,Scandinavian Stroke Scale (SSS) - Consciousness,"Scandinavian Stroke Scale (SSS) - Consciousness: Svækket bevidsthed kan være udtryk for komplikationer som eksempelvis blødning eller ødem",
https://kip.rkkp.dk/fhir/CodeSystem/SSSEyeMotorSkills,2.14.1,active,,SSSEyeMotorSkills,Scandinavian Stroke Scale (SSS) - Eye motor skills,"Scandinavian Stroke Scale (SSS) - Eye motor skills: Øjendeviation er ligeledes et dårligt prognostisk tegn.",
https://kip.rkkp.dk/fhir/CodeSystem/SSSFacialParesis,2.14.1,active,,SSSFacialParesis,Scandinavian Stroke Scale (SSS) - Facial paresis,"Scandinavian Stroke Scale (SSS) - Facial paresis: Kun en sikker facialisparese giver 0. Hvis man er i tvivl gives 2.",
https://kip.rkkp.dk/fhir/CodeSystem/SSSHandshake,2.14.1,active,,SSSHandshake,Scandinavian Stroke Scale (SSS) - Handshake,"Scandinavian Stroke Scale (SSS) - Handshake: Vurderes på begge hænder, men der noteres kun i forhold til siden af en eventuel lammelse",
https://kip.rkkp.dk/fhir/CodeSystem/SSSLegLift,2.14.1,active,,SSSLegLift,Scandinavian Stroke Scale (SSS) - Leg lift,"Scandinavian Stroke Scale (SSS) - Leg lift: Vurderes på begge ben, men der noteres kun i forhold til siden for en eventuel lammelse",
https://kip.rkkp.dk/fhir/CodeSystem/SSSOrientation,2.14.1,active,,SSSOrientation,Scandinavian Stroke Scale (SSS) - Orientation,"Scandinavian Stroke Scale (SSS) - Orientation: Der spørges, om hvilken måned det er, hvilket hospital patienten er på, og patientens CPR-nr.",
https://kip.rkkp.dk/fhir/CodeSystem/SSSSpeech,2.14.1,active,,SSSSpeech,Scandinavian Stroke Scale (SSS) - Speech,"Scandinavian Stroke Scale (SSS) - Speech: Talebesvær på grund af dysartri scorer 10. Kun hvis man er sikker på, at der er sproglige forstyrrelser scores 6, 3 eller 0.",
https://kip.rkkp.dk/fhir/CodeSystem/SSSWalk,2.14.1,active,,SSSWalk,Scandinavian Stroke Scale (SSS) - Walk,"Scandinavian Stroke Scale (SSS) - Walk: Hvis patienten ikke kan gå, bedømmes om patienten kan sidde oprejst på sengekanten uden at støtte hænderne (3) eller ikke (0).",
https://kip.rkkp.dk/fhir/CodeSystem/ScoreCentralBlock,2.14.1,active,,ScoreCentralBlock,Score ved central blokade,"Regional score ved anlæg af central nerveblokade",
https://kip.rkkp.dk/fhir/CodeSystem/SizesGeneral,2.14.1,active,,SizesGeneral,General size scale,"General size scale",
https://kip.rkkp.dk/fhir/CodeSystem/SlyngeDUGA,2.14.1,active,,SlyngeDUGA,Slynge - Urogynækologi (DUGA),"Slynge - Urogynækologi (DUGA)",
https://kip.rkkp.dk/fhir/CodeSystem/SmerteKvalme,2.14.1,active,,SmerteKvalme,Smerter og kvalme,"Smerter og kvalme målt i forskellige situationer",
https://kip.rkkp.dk/fhir/CodeSystem/Smoking,2.14.1,active,,Smoking,Smoking,"Healthfactor smoking",
https://kip.rkkp.dk/fhir/CodeSystem/StemCellType,2.14.1,active,,StemCellType,Stem cell type,"Stem cell type",
https://kip.rkkp.dk/fhir/CodeSystem/StopTeam,2.14.1,active,,StopTeam,Teammedlemmer på stopholdet,"Teammedlemmer/personale på stopholdet",
https://kip.rkkp.dk/fhir/CodeSystem/StraalebehandlingTA,2.14.1,active,,StraalebehandlingTA,Strålebehandling mål,"Mål for strålebehandling",
https://kip.rkkp.dk/fhir/CodeSystem/SurgicalAttire,2.14.1,active,,SurgicalAttire,Surgical attire, during operations,"Surgical attire, during operations",
https://kip.rkkp.dk/fhir/CodeSystem/Sygdomsomraader,2.14.1,active,,Sygdomsomraader,Sygdomsområder,"Sygdomsområder i KIP",
https://kip.rkkp.dk/fhir/CodeSystem/Symptoms,2.14.1,active,,Symptoms,Symptoms,"Symptoms",
https://kip.rkkp.dk/fhir/CodeSystem/SystemiskPraeparat,2.14.1,active,,SystemiskPraeparat,Systemiske præperater,"Dette er systemiske præperater",
https://kip.rkkp.dk/fhir/CodeSystem/TreatmentCause,2.14.1,active,,TreatmentCause,Treatment cause - unplanned,"Treatment cause - unplanned",
https://kip.rkkp.dk/fhir/CodeSystem/TreatmentIndication,2.14.1,active,,TreatmentIndication,Treatment indication,"Treatment indication",
https://kip.rkkp.dk/fhir/CodeSystem/TreatmentInitiatives,2.14.1,active,,TreatmentInitiatives,Treatment initiatives,"Treatment initiatives",
https://kip.rkkp.dk/fhir/CodeSystem/TreatmentIntention,2.14.1,active,,TreatmentIntention,TreatmentIntention,"Behandlingsintention for kræft databaserne",
https://kip.rkkp.dk/fhir/CodeSystem/TreatmentLesion,2.14.1,active,,TreatmentLesion,Treatment lesion,"Treatment lesion",
https://kip.rkkp.dk/fhir/CodeSystem/TreatmentMethodMRD,2.14.1,active,,TreatmentMethodMRD,Treatment method - Minimal Residual Disease (MRD),"Treatment method - Minimal Residual Disease (MRD)",
https://kip.rkkp.dk/fhir/CodeSystem/TreatmentNotGiven,2.14.1,active,,TreatmentNotGiven,Treatment not given; cause,"Treatment not given; cause",
https://kip.rkkp.dk/fhir/CodeSystem/TreatmentPsychopharmacological,2.14.1,active,,TreatmentPsychopharmacological,Treatment psychopharmacological,"Treatment psychopharmacological",
https://kip.rkkp.dk/fhir/CodeSystem/TreatmentRegimen,2.14.1,active,,TreatmentRegimen,Treatment regimen,"Treatment regimen",
https://kip.rkkp.dk/fhir/CodeSystem/TreatmentResponseEvaluation,2.14.1,active,,TreatmentResponseEvaluation,Treatment response evaluation,"Treatment response evaluation",
https://kip.rkkp.dk/fhir/CodeSystem/TreatmentSchedule,2.14.1,active,,TreatmentSchedule,Treatment schedule,"Treatment schedule",
https://kip.rkkp.dk/fhir/CodeSystem/TreatmentSufficient,2.14.1,active,,TreatmentSufficient,Treatment sufficient,"Treatment sufficient",
https://kip.rkkp.dk/fhir/CodeSystem/TreatmentType,2.14.1,active,,TreatmentType,Treatment type,"Treatment type",
https://kip.rkkp.dk/fhir/CodeSystem/TreatmentUnspecified,2.14.1,active,,TreatmentUnspecified,Treatment unspecified,"Treatment unspecified",
https://kip.rkkp.dk/fhir/CodeSystem/TrombektomiPerfusion,2.14.1,active,,TrombektomiPerfusion,Trombektomi-Perfusion (Danstroke),"Perfusion opnået under trombektomi",
https://kip.rkkp.dk/fhir/CodeSystem/TumorClassificationHistology,2.14.1,active,,TumorClassificationHistology,Histologisk klassifikation (fordøjelsessystemet),"Tumor klassificeres histologisk jvf. WHO Classification of Tumours of the Digestive System. Link: https://dccg.dk/wp-content/uploads/2017/08/Tumorklassifikation.pdf",
https://kip.rkkp.dk/fhir/CodeSystem/UdskrevetTil,2.14.1,active,,UdskrevetTil,Udskrevet til,"Udskrevet til",
https://kip.rkkp.dk/fhir/CodeSystem/UndersoegelsesTypeDUGA,2.14.1,active,,UndersoegelsesTypeDUGA,Undersøgelsestype (DUGA),"Undersøgelsestype (DUGA)",
https://kip.rkkp.dk/fhir/CodeSystem/VancouverClassification,2.14.1,active,,VancouverClassification,Vancouver classification of periprosthetic hip fractures,"Vancouver classification of periprosthetic hip fractures; Link: https://radiopaedia.org/articles/vancouver-classification-of-periprosthetic-hip-fractures",
https://kip.rkkp.dk/fhir/CodeSystem/Verdict,2.14.1,active,,Verdict,Verdict,"Verdict",
https://kip.rkkp.dk/fhir/CodeSystem/VisitationCriteriaNotMet,2.14.1,active,,VisitationCriteriaNotMet,Visitation criteria not met; cause,"Visitation criteria not met; cause",
https://kip.rkkp.dk/fhir/CodeSystem/WFNSGradingSystem,2.14.1,active,,WFNSGradingSystem,WFNS grading system,"World Federation of Neurosurgical Societies (WFNS) grading system; Link: https://radiopaedia.org/articles/wfns-grading-system",
https://kip.rkkp.dk/fhir/CodeSystem/WOOS,2.14.1,active,,WOOS,WOOS,"WOOS",
https://kip.rkkp.dk/fhir/CodeSystem/WalchClassification,2.14.1,active,,WalchClassification,Walch classification,"Walch classification; Link: https://radiopaedia.org/articles/walch-classification-of-glenoid-morphology-1",
