{
  "resourceType" : "CodeSystem",
  "id" : "RadiationTherapyTarget",
  "text" : {
    "status" : "generated",
    "div" : "<div xmlns=\"http://www.w3.org/1999/xhtml\"><p class=\"res-header-id\"><b>Generated Narrative: CodeSystem RadiationTherapyTarget</b></p><a name=\"RadiationTherapyTarget\"> </a><a name=\"hcRadiationTherapyTarget\"> </a><a name=\"RadiationTherapyTarget-en-US\"> </a><p>This  code system <code>https://kip.rkkp.dk/fhir/CodeSystem/RadiationTherapyTarget</code> defines the following codes:</p><table class=\"codes\"><tr><td style=\"white-space:nowrap\"><b>Code</b></td><td><b>Display</b></td><td><b>Definition</b></td></tr><tr><td style=\"white-space:nowrap\">primarytumor<a name=\"RadiationTherapyTarget-primarytumor\"> </a></td><td>Primary tumor</td><td>Primary tumor</td></tr><tr><td style=\"white-space:nowrap\">bonemetastases<a name=\"RadiationTherapyTarget-bonemetastases\"> </a></td><td>Bone metastases</td><td>Bone metastases</td></tr><tr><td style=\"white-space:nowrap\">cns<a name=\"RadiationTherapyTarget-cns\"> </a></td><td>CNS</td><td>Central nervous system (CNS)</td></tr><tr><td style=\"white-space:nowrap\">other<a name=\"RadiationTherapyTarget-other\"> </a></td><td>Other/non-specified</td><td>Other target/non-specified target</td></tr></table></div>"
  },
  "url" : "https://kip.rkkp.dk/fhir/CodeSystem/RadiationTherapyTarget",
  "version" : "0.2.1",
  "name" : "RadiationTherapyTarget",
  "title" : "Target of the radiation therapy",
  "status" : "active",
  "date" : "2022-06-17T00:00:00+02:00",
  "publisher" : "Sundhedsvæsnets Kvalistetsinstitut with Trifork Digital Health A/S",
  "contact" : [{
    "name" : "Sundhedsvæsnets Kvalistetsinstitut with Trifork Digital Health A/S",
    "telecom" : [{
      "system" : "url",
      "value" : "https://trifork.com"
    },
    {
      "system" : "email",
      "value" : "rbk@trifork.com"
    }]
  }],
  "description" : "Target of the radiation therapy",
  "content" : "complete",
  "count" : 4,
  "concept" : [{
    "code" : "primarytumor",
    "display" : "Primary tumor",
    "definition" : "Primary tumor"
  },
  {
    "code" : "bonemetastases",
    "display" : "Bone metastases",
    "definition" : "Bone metastases"
  },
  {
    "code" : "cns",
    "display" : "CNS",
    "definition" : "Central nervous system (CNS)"
  },
  {
    "code" : "other",
    "display" : "Other/non-specified",
    "definition" : "Other target/non-specified target"
  }]
}