{
  "resourceType" : "CodeSystem",
  "id" : "EconomicSupport",
  "text" : {
    "status" : "generated",
    "div" : "<div xmlns=\"http://www.w3.org/1999/xhtml\"><p class=\"res-header-id\"><b>Generated Narrative: CodeSystem EconomicSupport</b></p><a name=\"EconomicSupport\"> </a><a name=\"hcEconomicSupport\"> </a><a name=\"EconomicSupport-en-US\"> </a><p>This case-insensitive code system <code>https://kip.rkkp.dk/fhir/CodeSystem/EconomicSupport</code> defines the following codes:</p><table class=\"codes\"><tr><td style=\"white-space:nowrap\"><b>Code</b></td><td><b>Display</b></td><td><b>Definition</b></td></tr><tr><td style=\"white-space:nowrap\">salary<a name=\"EconomicSupport-salary\"> </a></td><td>Salary</td><td>Salary / Lønindkomst</td></tr><tr><td style=\"white-space:nowrap\">education_support<a name=\"EconomicSupport-education_support\"> </a></td><td>Education support</td><td>Education support / Uddannelsesstøtte</td></tr><tr><td style=\"white-space:nowrap\">cash_assistance<a name=\"EconomicSupport-cash_assistance\"> </a></td><td>Cash assistance</td><td>Cash assistance / Kontanthjælp</td></tr><tr><td style=\"white-space:nowrap\">pension<a name=\"EconomicSupport-pension\"> </a></td><td>Pension</td><td>Pension</td></tr></table></div>"
  },
  "url" : "https://kip.rkkp.dk/fhir/CodeSystem/EconomicSupport",
  "version" : "0.2.1",
  "name" : "EconomicSupport",
  "title" : "Economic support",
  "status" : "active",
  "date" : "2022-09-30T00:00:00+02:00",
  "publisher" : "Sundhedsvæsnets Kvalistetsinstitut with Trifork Digital Health A/S",
  "contact" : [{
    "name" : "Sundhedsvæsnets Kvalistetsinstitut with Trifork Digital Health A/S",
    "telecom" : [{
      "system" : "url",
      "value" : "https://trifork.com"
    },
    {
      "system" : "email",
      "value" : "rbk@trifork.com"
    }]
  }],
  "description" : "Economic support",
  "caseSensitive" : false,
  "content" : "complete",
  "count" : 4,
  "concept" : [{
    "code" : "salary",
    "display" : "Salary",
    "definition" : "Salary / Lønindkomst"
  },
  {
    "code" : "education_support",
    "display" : "Education support",
    "definition" : "Education support / Uddannelsesstøtte"
  },
  {
    "code" : "cash_assistance",
    "display" : "Cash assistance",
    "definition" : "Cash assistance / Kontanthjælp"
  },
  {
    "code" : "pension",
    "display" : "Pension",
    "definition" : "Pension"
  }]
}