{
  "resourceType" : "CodeSystem",
  "id" : "DetectionMethods",
  "text" : {
    "status" : "generated",
    "div" : "<div xmlns=\"http://www.w3.org/1999/xhtml\"><p class=\"res-header-id\"><b>Generated Narrative: CodeSystem DetectionMethods</b></p><a name=\"DetectionMethods\"> </a><a name=\"hcDetectionMethods\"> </a><a name=\"DetectionMethods-en-US\"> </a><p>This case-insensitive code system <code>https://kip.rkkp.dk/fhir/CodeSystem/DetectionMethods</code> defines the following codes:</p><table class=\"codes\"><tr><td style=\"white-space:nowrap\"><b>Code</b></td><td><b>Display</b></td><td><b>Definition</b></td></tr><tr><td style=\"white-space:nowrap\">doppler<a name=\"DetectionMethods-doppler\"> </a></td><td>Doppler</td><td>Transcraniel doppler</td></tr><tr><td style=\"white-space:nowrap\">clinical<a name=\"DetectionMethods-clinical\"> </a></td><td>Klinisk</td><td>Kliniske</td></tr><tr><td style=\"white-space:nowrap\">radiological<a name=\"DetectionMethods-radiological\"> </a></td><td>Radiologisk</td><td>Radiologisk bekræftet</td></tr><tr><td style=\"white-space:nowrap\">splenomegaly_clinical<a name=\"DetectionMethods-splenomegaly_clinical\"> </a></td><td>Splenomegali, klinisk bedømt</td><td>Splenomegali, klinisk bedømt</td></tr><tr><td style=\"white-space:nowrap\">splenomegaly_radiological<a name=\"DetectionMethods-splenomegaly_radiological\"> </a></td><td>Splenomegali, radiologisk påvist</td><td>Splenomegali, radiologisk påvist</td></tr></table></div>"
  },
  "url" : "https://kip.rkkp.dk/fhir/CodeSystem/DetectionMethods",
  "version" : "0.2.1",
  "name" : "DetectionMethods",
  "title" : "Detection methods",
  "status" : "active",
  "date" : "2022-06-29T00:00:00+02:00",
  "publisher" : "Sundhedsvæsnets Kvalistetsinstitut with Trifork Digital Health A/S",
  "contact" : [{
    "name" : "Sundhedsvæsnets Kvalistetsinstitut with Trifork Digital Health A/S",
    "telecom" : [{
      "system" : "url",
      "value" : "https://trifork.com"
    },
    {
      "system" : "email",
      "value" : "rbk@trifork.com"
    }]
  }],
  "description" : "Detection methods (vasospasms etc.)",
  "caseSensitive" : false,
  "content" : "complete",
  "count" : 5,
  "concept" : [{
    "code" : "doppler",
    "display" : "Doppler",
    "definition" : "Transcraniel doppler"
  },
  {
    "code" : "clinical",
    "display" : "Klinisk",
    "definition" : "Kliniske"
  },
  {
    "code" : "radiological",
    "display" : "Radiologisk",
    "definition" : "Radiologisk bekræftet"
  },
  {
    "code" : "splenomegaly_clinical",
    "display" : "Splenomegali, klinisk bedømt",
    "definition" : "Splenomegali, klinisk bedømt"
  },
  {
    "code" : "splenomegaly_radiological",
    "display" : "Splenomegali, radiologisk påvist",
    "definition" : "Splenomegali, radiologisk påvist"
  }]
}