{
  "resourceType" : "CodeSystem",
  "id" : "SSSLegLift",
  "text" : {
    "status" : "generated",
    "div" : "<div xmlns=\"http://www.w3.org/1999/xhtml\"><p class=\"res-header-id\"><b>Generated Narrative: CodeSystem SSSLegLift</b></p><a name=\"SSSLegLift\"> </a><a name=\"hcSSSLegLift\"> </a><a name=\"SSSLegLift-en-US\"> </a><p>This  code system <code>https://kip.rkkp.dk/fhir/CodeSystem/SSSLegLift</code> defines the following codes:</p><table class=\"codes\"><tr><td style=\"white-space:nowrap\"><b>Code</b></td><td><b>Definition</b></td></tr><tr><td style=\"white-space:nowrap\">6<a name=\"SSSLegLift-6\"> </a></td><td>Løfter ben med normal kraft</td></tr><tr><td style=\"white-space:nowrap\">5<a name=\"SSSLegLift-5\"> </a></td><td>Løfter strakt ben med nedsat kraft</td></tr><tr><td style=\"white-space:nowrap\">4<a name=\"SSSLegLift-4\"> </a></td><td>Løfter arm med fleksion af knæ</td></tr><tr><td style=\"white-space:nowrap\">2<a name=\"SSSLegLift-2\"> </a></td><td>Bevæger benet men ikke mod tyngden</td></tr><tr><td style=\"white-space:nowrap\">0<a name=\"SSSLegLift-0\"> </a></td><td>Paralyse: Ingen bevægelse mulig.</td></tr></table></div>"
  },
  "url" : "https://kip.rkkp.dk/fhir/CodeSystem/SSSLegLift",
  "version" : "0.2.1",
  "name" : "SSSLegLift",
  "title" : "Scandinavian Stroke Scale (SSS) - Leg lift",
  "status" : "active",
  "date" : "2022-06-23T00:00:00+02:00",
  "publisher" : "Sundhedsvæsnets Kvalistetsinstitut with Trifork Digital Health A/S",
  "contact" : [{
    "name" : "Sundhedsvæsnets Kvalistetsinstitut with Trifork Digital Health A/S",
    "telecom" : [{
      "system" : "url",
      "value" : "https://trifork.com"
    },
    {
      "system" : "email",
      "value" : "rbk@trifork.com"
    }]
  }],
  "description" : "Scandinavian Stroke Scale (SSS) - Leg lift: Vurderes på begge ben, men der noteres kun i forhold til siden for en eventuel lammelse",
  "content" : "complete",
  "count" : 5,
  "concept" : [{
    "code" : "6",
    "display" : "6",
    "definition" : "Løfter ben med normal kraft"
  },
  {
    "code" : "5",
    "display" : "5",
    "definition" : "Løfter strakt ben med nedsat kraft"
  },
  {
    "code" : "4",
    "display" : "4",
    "definition" : "Løfter arm med fleksion af knæ"
  },
  {
    "code" : "2",
    "display" : "2",
    "definition" : "Bevæger benet men ikke mod tyngden"
  },
  {
    "code" : "0",
    "display" : "0",
    "definition" : "Paralyse: Ingen bevægelse mulig."
  }]
}