{
  "resourceType" : "CodeSystem",
  "id" : "ContactPatient",
  "text" : {
    "status" : "generated",
    "div" : "<div xmlns=\"http://www.w3.org/1999/xhtml\"><p class=\"res-header-id\"><b>Generated Narrative: CodeSystem ContactPatient</b></p><a name=\"ContactPatient\"> </a><a name=\"hcContactPatient\"> </a><a name=\"ContactPatient-en-US\"> </a><p>This case-insensitive code system <code>https://kip.rkkp.dk/fhir/CodeSystem/ContactPatient</code> defines the following codes:</p><table class=\"codes\"><tr><td style=\"white-space:nowrap\"><b>Code</b></td><td><b>Display</b></td><td><b>Definition</b></td></tr><tr><td style=\"white-space:nowrap\">interview<a name=\"ContactPatient-interview\"> </a></td><td>Gennemført interview</td><td>Gennemført interview/undersøgelse</td></tr><tr><td style=\"white-space:nowrap\">spoergeskema<a name=\"ContactPatient-spoergeskema\"> </a></td><td>Selvudfyldt spørgeskema</td><td>Selvudfyldt spørgeskema</td></tr><tr><td style=\"white-space:nowrap\">samtale<a name=\"ContactPatient-samtale\"> </a></td><td>Personlig samtale</td><td>Personlig samtale</td></tr><tr><td style=\"white-space:nowrap\">ikke-etableret<a name=\"ContactPatient-ikke-etableret\"> </a></td><td>Ikke etableret</td><td>Forsøgt, men ikke opnået</td></tr></table></div>"
  },
  "url" : "https://kip.rkkp.dk/fhir/CodeSystem/ContactPatient",
  "version" : "0.2.1",
  "name" : "ContactPatient",
  "title" : "Kontakt til patient",
  "status" : "active",
  "date" : "2024-02-21T00:00:00+02:00",
  "publisher" : "Sundhedsvæsnets Kvalistetsinstitut with Trifork Digital Health A/S",
  "contact" : [{
    "name" : "Sundhedsvæsnets Kvalistetsinstitut with Trifork Digital Health A/S",
    "telecom" : [{
      "system" : "url",
      "value" : "https://trifork.com"
    },
    {
      "system" : "email",
      "value" : "rbk@trifork.com"
    }]
  }],
  "description" : "Kontakttype til patient - Undersøgelse, interview, mv.",
  "caseSensitive" : false,
  "content" : "complete",
  "count" : 4,
  "concept" : [{
    "code" : "interview",
    "display" : "Gennemført interview",
    "definition" : "Gennemført interview/undersøgelse"
  },
  {
    "code" : "spoergeskema",
    "display" : "Selvudfyldt spørgeskema",
    "definition" : "Selvudfyldt spørgeskema"
  },
  {
    "code" : "samtale",
    "display" : "Personlig samtale",
    "definition" : "Personlig samtale"
  },
  {
    "code" : "ikke-etableret",
    "display" : "Ikke etableret",
    "definition" : "Forsøgt, men ikke opnået"
  }]
}