{
  "resourceType" : "CodeSystem",
  "id" : "GraftCruciateLigaments",
  "text" : {
    "status" : "generated",
    "div" : "<div xmlns=\"http://www.w3.org/1999/xhtml\"><p class=\"res-header-id\"><b>Generated Narrative: CodeSystem GraftCruciateLigaments</b></p><a name=\"GraftCruciateLigaments\"> </a><a name=\"hcGraftCruciateLigaments\"> </a><a name=\"GraftCruciateLigaments-en-US\"> </a><p>This case-insensitive code system <code>https://kip.rkkp.dk/fhir/CodeSystem/GraftCruciateLigaments</code> defines the following codes:</p><table class=\"codes\"><tr><td style=\"white-space:nowrap\"><b>Code</b></td><td><b>Display</b></td><td><b>Definition</b></td></tr><tr><td style=\"white-space:nowrap\">acl_repair_synthetic_reinforced<a name=\"GraftCruciateLigaments-acl_repair_synthetic_reinforced\"> </a></td><td>ACL repair med syntetisk forstærkning</td><td>ACL repair med syntetisk forstærkning</td></tr><tr><td style=\"white-space:nowrap\">bach-allo<a name=\"GraftCruciateLigaments-bach-allo\"> </a></td><td>BACH-Allo</td><td>BACH-Allo</td></tr><tr><td style=\"white-space:nowrap\">bptb<a name=\"GraftCruciateLigaments-bptb\"> </a></td><td>BPTB</td><td>BPTB</td></tr><tr><td style=\"white-space:nowrap\">bptb-allo<a name=\"GraftCruciateLigaments-bptb-allo\"> </a></td><td>BPTB-Allo</td><td>BPTB-Allo</td></tr><tr><td style=\"white-space:nowrap\">bqt<a name=\"GraftCruciateLigaments-bqt\"> </a></td><td>BQT</td><td>BQT</td></tr><tr><td style=\"white-space:nowrap\">bqt-allo<a name=\"GraftCruciateLigaments-bqt-allo\"> </a></td><td>BQT-Allo</td><td>BQT-Allo</td></tr><tr><td style=\"white-space:nowrap\">direct_suture<a name=\"GraftCruciateLigaments-direct_suture\"> </a></td><td>Direkte sutur</td><td>Direkte sutur</td></tr><tr><td style=\"white-space:nowrap\">double-bundle_bqt<a name=\"GraftCruciateLigaments-double-bundle_bqt\"> </a></td><td>Double-bundle BQT</td><td>Double-bundle BQT</td></tr><tr><td style=\"white-space:nowrap\">double-bundle_st<a name=\"GraftCruciateLigaments-double-bundle_st\"> </a></td><td>Double-bundle ST</td><td>Double-bundle ST</td></tr><tr><td style=\"white-space:nowrap\">qt_without_bone_block<a name=\"GraftCruciateLigaments-qt_without_bone_block\"> </a></td><td>QT uden knogleklods</td><td>QT uden knogleklods</td></tr><tr><td style=\"white-space:nowrap\">st_double<a name=\"GraftCruciateLigaments-st_double\"> </a></td><td>ST - Double</td><td>ST - Double</td></tr><tr><td style=\"white-space:nowrap\">st_quadro<a name=\"GraftCruciateLigaments-st_quadro\"> </a></td><td>ST - Quadro</td><td>ST - Quadro</td></tr><tr><td style=\"white-space:nowrap\">st_triple<a name=\"GraftCruciateLigaments-st_triple\"> </a></td><td>ST - Triple</td><td>ST - Triple</td></tr><tr><td style=\"white-space:nowrap\">st/gr<a name=\"GraftCruciateLigaments-st.47gr\"> </a></td><td>ST/GR</td><td>ST/GR</td></tr><tr><td style=\"white-space:nowrap\">st/gr_allo<a name=\"GraftCruciateLigaments-st.47gr_allo\"> </a></td><td>ST/GR allo</td><td>ST/GR allo</td></tr><tr><td style=\"white-space:nowrap\">synthetic<a name=\"GraftCruciateLigaments-synthetic\"> </a></td><td>Syntetisk graft</td><td>Syntetisk graft</td></tr></table></div>"
  },
  "url" : "https://kip.rkkp.dk/fhir/CodeSystem/GraftCruciateLigaments",
  "version" : "0.2.1",
  "name" : "GraftCruciateLigaments",
  "title" : "Grafts for cruciate ligaments; types of grafts",
  "status" : "active",
  "date" : "2022-09-19T00:00:00+02:00",
  "publisher" : "Sundhedsvæsnets Kvalistetsinstitut with Trifork Digital Health A/S",
  "contact" : [{
    "name" : "Sundhedsvæsnets Kvalistetsinstitut with Trifork Digital Health A/S",
    "telecom" : [{
      "system" : "url",
      "value" : "https://trifork.com"
    },
    {
      "system" : "email",
      "value" : "rbk@trifork.com"
    }]
  }],
  "description" : "Grafts for cruciate ligaments, types of grafts",
  "caseSensitive" : false,
  "content" : "complete",
  "count" : 16,
  "concept" : [{
    "code" : "acl_repair_synthetic_reinforced",
    "display" : "ACL repair med syntetisk forstærkning",
    "definition" : "ACL repair med syntetisk forstærkning"
  },
  {
    "code" : "bach-allo",
    "display" : "BACH-Allo",
    "definition" : "BACH-Allo"
  },
  {
    "code" : "bptb",
    "display" : "BPTB",
    "definition" : "BPTB"
  },
  {
    "code" : "bptb-allo",
    "display" : "BPTB-Allo",
    "definition" : "BPTB-Allo"
  },
  {
    "code" : "bqt",
    "display" : "BQT",
    "definition" : "BQT"
  },
  {
    "code" : "bqt-allo",
    "display" : "BQT-Allo",
    "definition" : "BQT-Allo"
  },
  {
    "code" : "direct_suture",
    "display" : "Direkte sutur",
    "definition" : "Direkte sutur"
  },
  {
    "code" : "double-bundle_bqt",
    "display" : "Double-bundle BQT",
    "definition" : "Double-bundle BQT"
  },
  {
    "code" : "double-bundle_st",
    "display" : "Double-bundle ST",
    "definition" : "Double-bundle ST"
  },
  {
    "code" : "qt_without_bone_block",
    "display" : "QT uden knogleklods",
    "definition" : "QT uden knogleklods"
  },
  {
    "code" : "st_double",
    "display" : "ST - Double",
    "definition" : "ST - Double"
  },
  {
    "code" : "st_quadro",
    "display" : "ST - Quadro",
    "definition" : "ST - Quadro"
  },
  {
    "code" : "st_triple",
    "display" : "ST - Triple",
    "definition" : "ST - Triple"
  },
  {
    "code" : "st/gr",
    "display" : "ST/GR",
    "definition" : "ST/GR"
  },
  {
    "code" : "st/gr_allo",
    "display" : "ST/GR allo",
    "definition" : "ST/GR allo"
  },
  {
    "code" : "synthetic",
    "display" : "Syntetisk graft",
    "definition" : "Syntetisk graft"
  }]
}