{
  "resourceType" : "CodeSystem",
  "id" : "AnastomosisLeakGrading",
  "text" : {
    "status" : "generated",
    "div" : "<div xmlns=\"http://www.w3.org/1999/xhtml\"><p class=\"res-header-id\"><b>Generated Narrative: CodeSystem AnastomosisLeakGrading</b></p><a name=\"AnastomosisLeakGrading\"> </a><a name=\"hcAnastomosisLeakGrading\"> </a><a name=\"AnastomosisLeakGrading-en-US\"> </a><p>This  code system <code>https://kip.rkkp.dk/fhir/CodeSystem/AnastomosisLeakGrading</code> defines the following codes:</p><table class=\"codes\"><tr><td style=\"white-space:nowrap\"><b>Code</b></td><td><b>Display</b></td><td><b>Definition</b></td></tr><tr><td style=\"white-space:nowrap\">grade_a<a name=\"AnastomosisLeakGrading-grade_a\"> </a></td><td>Grade A</td><td>Grad A - Kræver ikke nogen form for aktiv terapeutisk behandling</td></tr><tr><td style=\"white-space:nowrap\">grade_b<a name=\"AnastomosisLeakGrading-grade_b\"> </a></td><td>Grade B</td><td>Grad B - Kræver aktiv terapeutisk behandling men ikke re-labaroskopi eller re-laparotomi</td></tr><tr><td style=\"white-space:nowrap\">grade_c<a name=\"AnastomosisLeakGrading-grade_c\"> </a></td><td>Grade C</td><td>Grad C - Kræver aktiv terapeutisk behandling med re-labaroskopi eller re-laparotomi</td></tr></table></div>"
  },
  "url" : "https://kip.rkkp.dk/fhir/CodeSystem/AnastomosisLeakGrading",
  "version" : "0.2.1",
  "name" : "AnastomosisLeakGrading",
  "title" : "Anastomosis leak grading",
  "status" : "active",
  "date" : "2022-08-17T00:00:00+02:00",
  "publisher" : "Sundhedsvæsnets Kvalistetsinstitut with Trifork Digital Health A/S",
  "contact" : [{
    "name" : "Sundhedsvæsnets Kvalistetsinstitut with Trifork Digital Health A/S",
    "telecom" : [{
      "system" : "url",
      "value" : "https://trifork.com"
    },
    {
      "system" : "email",
      "value" : "rbk@trifork.com"
    }]
  }],
  "description" : "Anastomosis leak grading",
  "content" : "complete",
  "count" : 3,
  "concept" : [{
    "code" : "grade_a",
    "display" : "Grade A",
    "definition" : "Grad A - Kræver ikke nogen form for aktiv terapeutisk behandling"
  },
  {
    "code" : "grade_b",
    "display" : "Grade B",
    "definition" : "Grad B - Kræver aktiv terapeutisk behandling men ikke re-labaroskopi eller re-laparotomi"
  },
  {
    "code" : "grade_c",
    "display" : "Grade C",
    "definition" : "Grad C - Kræver aktiv terapeutisk behandling med re-labaroskopi eller re-laparotomi"
  }]
}