{
  "resourceType" : "CodeSystem",
  "id" : "MeshPlacement",
  "text" : {
    "status" : "generated",
    "div" : "<div xmlns=\"http://www.w3.org/1999/xhtml\"><p class=\"res-header-id\"><b>Generated Narrative: CodeSystem MeshPlacement</b></p><a name=\"MeshPlacement\"> </a><a name=\"hcMeshPlacement\"> </a><a name=\"MeshPlacement-en-US\"> </a><p>This case-insensitive code system <code>https://kip.rkkp.dk/fhir/CodeSystem/MeshPlacement</code> defines the following codes:</p><table class=\"codes\"><tr><td style=\"white-space:nowrap\"><b>Code</b></td><td><b>Display</b></td><td><b>Definition</b></td></tr><tr><td style=\"white-space:nowrap\">onlay<a name=\"MeshPlacement-onlay\"> </a></td><td>Onlay</td><td>Onlay</td></tr><tr><td style=\"white-space:nowrap\">inlay<a name=\"MeshPlacement-inlay\"> </a></td><td>Inlay</td><td>Inlay</td></tr><tr><td style=\"white-space:nowrap\">sublay<a name=\"MeshPlacement-sublay\"> </a></td><td>Sublay</td><td>Sublay</td></tr><tr><td style=\"white-space:nowrap\">retromuscular_preperitoneal<a name=\"MeshPlacement-retromuscular_preperitoneal\"> </a></td><td>Retromuskulær + præperitoneal</td><td>Retromuskulær + præperitoneal</td></tr><tr><td style=\"white-space:nowrap\">preperitoneal<a name=\"MeshPlacement-preperitoneal\"> </a></td><td>Præperitoneal</td><td>Præperitoneal</td></tr><tr><td style=\"white-space:nowrap\">intraperitoneal<a name=\"MeshPlacement-intraperitoneal\"> </a></td><td>Intraperitoneal</td><td>Intraperitoneal</td></tr></table></div>"
  },
  "url" : "https://kip.rkkp.dk/fhir/CodeSystem/MeshPlacement",
  "version" : "0.2.1",
  "name" : "MeshPlacement",
  "title" : "Mesh placement",
  "status" : "active",
  "date" : "2022-07-21T00:00:00+02:00",
  "publisher" : "Sundhedsvæsnets Kvalistetsinstitut with Trifork Digital Health A/S",
  "contact" : [{
    "name" : "Sundhedsvæsnets Kvalistetsinstitut with Trifork Digital Health A/S",
    "telecom" : [{
      "system" : "url",
      "value" : "https://trifork.com"
    },
    {
      "system" : "email",
      "value" : "rbk@trifork.com"
    }]
  }],
  "description" : "Mesh placement",
  "caseSensitive" : false,
  "content" : "complete",
  "count" : 6,
  "concept" : [{
    "code" : "onlay",
    "display" : "Onlay",
    "definition" : "Onlay"
  },
  {
    "code" : "inlay",
    "display" : "Inlay",
    "definition" : "Inlay"
  },
  {
    "code" : "sublay",
    "display" : "Sublay",
    "definition" : "Sublay"
  },
  {
    "code" : "retromuscular_preperitoneal",
    "display" : "Retromuskulær + præperitoneal",
    "definition" : "Retromuskulær + præperitoneal"
  },
  {
    "code" : "preperitoneal",
    "display" : "Præperitoneal",
    "definition" : "Præperitoneal"
  },
  {
    "code" : "intraperitoneal",
    "display" : "Intraperitoneal",
    "definition" : "Intraperitoneal"
  }]
}