{
  "resourceType" : "CodeSystem",
  "id" : "BiobankSamples",
  "text" : {
    "status" : "generated",
    "div" : "<div xmlns=\"http://www.w3.org/1999/xhtml\"><p class=\"res-header-id\"><b>Generated Narrative: CodeSystem BiobankSamples</b></p><a name=\"BiobankSamples\"> </a><a name=\"hcBiobankSamples\"> </a><a name=\"BiobankSamples-en-US\"> </a><p>This case-insensitive code system <code>https://kip.rkkp.dk/fhir/CodeSystem/BiobankSamples</code> defines the following codes in an undefined hierarchy:</p><table class=\"codes\"><tr><td><b>Lvl</b></td><td style=\"white-space:nowrap\"><b>Code</b></td><td><b>Display</b></td><td><b>Definition</b></td></tr><tr><td>1</td><td style=\"white-space:nowrap\">serum/plasma<a name=\"BiobankSamples-serum.47plasma\"> </a></td><td>Serum/plasma</td><td>Serum/plasma</td></tr><tr><td>1</td><td style=\"white-space:nowrap\">marrow_plasma<a name=\"BiobankSamples-marrow_plasma\"> </a></td><td>Marrow plasma</td><td>Marrow plasma</td></tr><tr><td>1</td><td style=\"white-space:nowrap\">marrow_cells<a name=\"BiobankSamples-marrow_cells\"> </a></td><td>Marrow cells</td><td>Marrow cells (unspecified/other)</td></tr><tr><td>2</td><td style=\"white-space:nowrap\">\u00a0\u00a0mononuclear<a name=\"BiobankSamples-mononuclear\"> </a></td><td>Mononuclear marrow cells</td><td>Mononuclear marrow cells (unspecified/other)</td></tr><tr><td>3</td><td style=\"white-space:nowrap\">\u00a0\u00a0\u00a0\u00a0vital_frozen<a name=\"BiobankSamples-vital_frozen\"> </a></td><td>Vital frozen</td><td>Vital frozen / Vitalfrosne; dvs. usorterede ved -196°C</td></tr><tr><td>3</td><td style=\"white-space:nowrap\">\u00a0\u00a0\u00a0\u00a0not_vital_frozen<a name=\"BiobankSamples-not_vital_frozen\"> </a></td><td>Not vital frozen</td><td>Not vital frozen / Ikke vitalfrosne; dvs. usorterede ved -80°C</td></tr><tr><td>1</td><td style=\"white-space:nowrap\">myeloma_cells<a name=\"BiobankSamples-myeloma_cells\"> </a></td><td>Myeloma cells</td><td>Myeloma cells (unespecified/other)</td></tr><tr><td>2</td><td style=\"white-space:nowrap\">\u00a0\u00a0isolated<a name=\"BiobankSamples-isolated\"> </a></td><td>Isolated myolema cells</td><td>Isolated myolema cells</td></tr><tr><td>1</td><td style=\"white-space:nowrap\">dna<a name=\"BiobankSamples-dna\"> </a></td><td>DNA</td><td>DNA</td></tr><tr><td>1</td><td style=\"white-space:nowrap\">rna<a name=\"BiobankSamples-rna\"> </a></td><td>RNA</td><td>RNA</td></tr></table></div>"
  },
  "url" : "https://kip.rkkp.dk/fhir/CodeSystem/BiobankSamples",
  "version" : "0.2.1",
  "name" : "BiobankSamples",
  "title" : "Danish National Biobank - Samples/materials",
  "status" : "active",
  "date" : "2022-07-08T00:00:00+02:00",
  "publisher" : "Sundhedsvæsnets Kvalistetsinstitut with Trifork Digital Health A/S",
  "contact" : [{
    "name" : "Sundhedsvæsnets Kvalistetsinstitut with Trifork Digital Health A/S",
    "telecom" : [{
      "system" : "url",
      "value" : "https://trifork.com"
    },
    {
      "system" : "email",
      "value" : "rbk@trifork.com"
    }]
  }],
  "description" : "Danish National Biobank - Samples/materials",
  "caseSensitive" : false,
  "content" : "complete",
  "count" : 10,
  "concept" : [{
    "code" : "serum/plasma",
    "display" : "Serum/plasma",
    "definition" : "Serum/plasma"
  },
  {
    "code" : "marrow_plasma",
    "display" : "Marrow plasma",
    "definition" : "Marrow plasma"
  },
  {
    "code" : "marrow_cells",
    "display" : "Marrow cells",
    "definition" : "Marrow cells (unspecified/other)",
    "concept" : [{
      "code" : "mononuclear",
      "display" : "Mononuclear marrow cells",
      "definition" : "Mononuclear marrow cells (unspecified/other)",
      "concept" : [{
        "code" : "vital_frozen",
        "display" : "Vital frozen",
        "definition" : "Vital frozen / Vitalfrosne; dvs. usorterede ved -196°C"
      },
      {
        "code" : "not_vital_frozen",
        "display" : "Not vital frozen",
        "definition" : "Not vital frozen / Ikke vitalfrosne; dvs. usorterede ved -80°C"
      }]
    }]
  },
  {
    "code" : "myeloma_cells",
    "display" : "Myeloma cells",
    "definition" : "Myeloma cells (unespecified/other)",
    "concept" : [{
      "code" : "isolated",
      "display" : "Isolated myolema cells",
      "definition" : "Isolated myolema cells"
    }]
  },
  {
    "code" : "dna",
    "display" : "DNA",
    "definition" : "DNA"
  },
  {
    "code" : "rna",
    "display" : "RNA",
    "definition" : "RNA"
  }]
}