{
  "resourceType" : "CodeSystem",
  "id" : "NIHSS7LimbAtaxia",
  "text" : {
    "status" : "generated",
    "div" : "<div xmlns=\"http://www.w3.org/1999/xhtml\"><p class=\"res-header-id\"><b>Generated Narrative: CodeSystem NIHSS7LimbAtaxia</b></p><a name=\"NIHSS7LimbAtaxia\"> </a><a name=\"hcNIHSS7LimbAtaxia\"> </a><a name=\"NIHSS7LimbAtaxia-en-US\"> </a><p>This  code system <code>https://kip.rkkp.dk/fhir/CodeSystem/NIHSS7LimbAtaxia</code> defines the following codes:</p><table class=\"codes\"><tr><td style=\"white-space:nowrap\"><b>Code</b></td><td><b>Definition</b></td></tr><tr><td style=\"white-space:nowrap\">0<a name=\"NIHSS7LimbAtaxia-0\"> </a></td><td>Absent.</td></tr><tr><td style=\"white-space:nowrap\">1<a name=\"NIHSS7LimbAtaxia-1\"> </a></td><td>Present in one limb.</td></tr><tr><td style=\"white-space:nowrap\">2<a name=\"NIHSS7LimbAtaxia-2\"> </a></td><td>Present in two limbs.</td></tr><tr><td style=\"white-space:nowrap\">UN<a name=\"NIHSS7LimbAtaxia-UN\"> </a></td><td>Amputation or joint fusion, explain:</td></tr></table></div>"
  },
  "url" : "https://kip.rkkp.dk/fhir/CodeSystem/NIHSS7LimbAtaxia",
  "version" : "0.2.1",
  "name" : "NIHSS7LimbAtaxia",
  "title" : "The National Institute of Health Stroke Scale (NIHSS) - 7. Limb Ataxia",
  "status" : "active",
  "date" : "2022-06-23T00:00:00+02:00",
  "publisher" : "Sundhedsvæsnets Kvalistetsinstitut with Trifork Digital Health A/S",
  "contact" : [{
    "name" : "Sundhedsvæsnets Kvalistetsinstitut with Trifork Digital Health A/S",
    "telecom" : [{
      "system" : "url",
      "value" : "https://trifork.com"
    },
    {
      "system" : "email",
      "value" : "rbk@trifork.com"
    }]
  }],
  "description" : "The National Institute of Health Stroke Scale (NIHSS) - 7. Limb Ataxia; Link: https://www.ninds.nih.gov/stroke-scales-and-related-information",
  "content" : "complete",
  "count" : 4,
  "concept" : [{
    "code" : "0",
    "display" : "0",
    "definition" : "Absent."
  },
  {
    "code" : "1",
    "display" : "1",
    "definition" : "Present in one limb."
  },
  {
    "code" : "2",
    "display" : "2",
    "definition" : "Present in two limbs."
  },
  {
    "code" : "UN",
    "display" : "UN",
    "definition" : "Amputation or joint fusion, explain:"
  }]
}