{
  "resourceType" : "CodeSystem",
  "id" : "BinetStagingSystem",
  "text" : {
    "status" : "generated",
    "div" : "<div xmlns=\"http://www.w3.org/1999/xhtml\"><p class=\"res-header-id\"><b>Generated Narrative: CodeSystem BinetStagingSystem</b></p><a name=\"BinetStagingSystem\"> </a><a name=\"hcBinetStagingSystem\"> </a><a name=\"BinetStagingSystem-en-US\"> </a><p>This case-insensitive code system <code>https://kip.rkkp.dk/fhir/CodeSystem/BinetStagingSystem</code> defines the following codes:</p><table class=\"codes\"><tr><td style=\"white-space:nowrap\"><b>Code</b></td><td><b>Display</b></td><td><b>Definition</b></td></tr><tr><td style=\"white-space:nowrap\">stage_a<a name=\"BinetStagingSystem-stage_a\"> </a></td><td>A</td><td>Stage A: &lt;3 areas of lymphadenopathy*, and normal hemoglobin and platelet count</td></tr><tr><td style=\"white-space:nowrap\">stage_b<a name=\"BinetStagingSystem-stage_b\"> </a></td><td>B</td><td>≥3 areas of lymphadenopathy*, and normal hemoglobin and platelet count</td></tr><tr><td style=\"white-space:nowrap\">stage_c<a name=\"BinetStagingSystem-stage_c\"> </a></td><td>C</td><td>Anemia (Hgb &lt;10 g/dL) and/or thrombocytopenia (platelets &lt;100,000/mm³), regardless of number of areas of lymphadenopathy</td></tr></table></div>"
  },
  "url" : "https://kip.rkkp.dk/fhir/CodeSystem/BinetStagingSystem",
  "version" : "0.2.1",
  "name" : "BinetStagingSystem",
  "title" : "Binet staging system for Chroniz Lymphocytic Leukemia",
  "status" : "active",
  "date" : "2022-05-31T00:00:00+02:00",
  "publisher" : "Sundhedsvæsnets Kvalistetsinstitut with Trifork Digital Health A/S",
  "contact" : [{
    "name" : "Sundhedsvæsnets Kvalistetsinstitut with Trifork Digital Health A/S",
    "telecom" : [{
      "system" : "url",
      "value" : "https://trifork.com"
    },
    {
      "system" : "email",
      "value" : "rbk@trifork.com"
    }]
  }],
  "description" : "Stages chronic lymphocytic leukemia, similar to Rai Staging System. *Nodal areas: cervical, axillary, inguinal (one side or both), spleen, and liver. Link: https://www.mdcalc.com/calc/10053/binet-staging-system-chronic-lymphocytic-leukemia-cll",
  "caseSensitive" : false,
  "content" : "complete",
  "count" : 3,
  "concept" : [{
    "code" : "stage_a",
    "display" : "A",
    "definition" : "Stage A: <3 areas of lymphadenopathy*, and normal hemoglobin and platelet count"
  },
  {
    "code" : "stage_b",
    "display" : "B",
    "definition" : "≥3 areas of lymphadenopathy*, and normal hemoglobin and platelet count"
  },
  {
    "code" : "stage_c",
    "display" : "C",
    "definition" : "Anemia (Hgb <10 g/dL) and/or thrombocytopenia (platelets <100,000/mm³), regardless of number of areas of lymphadenopathy"
  }]
}