{
  "resourceType" : "CodeSystem",
  "id" : "RiskAssessment",
  "text" : {
    "status" : "generated",
    "div" : "<div xmlns=\"http://www.w3.org/1999/xhtml\"><p class=\"res-header-id\"><b>Generated Narrative: CodeSystem RiskAssessment</b></p><a name=\"RiskAssessment\"> </a><a name=\"hcRiskAssessment\"> </a><a name=\"RiskAssessment-en-US\"> </a><p>This  code system <code>https://kip.rkkp.dk/fhir/CodeSystem/RiskAssessment</code> defines the following codes:</p><table class=\"codes\"><tr><td style=\"white-space:nowrap\"><b>Code</b></td><td><b>Display</b></td><td><b>Definition</b></td></tr><tr><td style=\"white-space:nowrap\">hcr-20<a name=\"RiskAssessment-hcr-20\"> </a></td><td>HCR-20</td><td>HCR-20</td></tr><tr><td style=\"white-space:nowrap\">start<a name=\"RiskAssessment-start\"> </a></td><td>START</td><td>START</td></tr><tr><td style=\"white-space:nowrap\">saprof<a name=\"RiskAssessment-saprof\"> </a></td><td>SAPROF</td><td>SAPROF</td></tr><tr><td style=\"white-space:nowrap\">rsvp<a name=\"RiskAssessment-rsvp\"> </a></td><td>RSVP</td><td>RSVP</td></tr><tr><td style=\"white-space:nowrap\">v-risk-10<a name=\"RiskAssessment-v-risk-10\"> </a></td><td>V-RISK-10</td><td>V-RISK-10</td></tr></table></div>"
  },
  "url" : "https://kip.rkkp.dk/fhir/CodeSystem/RiskAssessment",
  "version" : "0.2.1",
  "name" : "RiskAssessment",
  "title" : "Risk assessment",
  "status" : "active",
  "date" : "2022-07-11T00:00:00+02:00",
  "publisher" : "Sundhedsvæsnets Kvalistetsinstitut with Trifork Digital Health A/S",
  "contact" : [{
    "name" : "Sundhedsvæsnets Kvalistetsinstitut with Trifork Digital Health A/S",
    "telecom" : [{
      "system" : "url",
      "value" : "https://trifork.com"
    },
    {
      "system" : "email",
      "value" : "rbk@trifork.com"
    }]
  }],
  "description" : "Risk assessment",
  "content" : "complete",
  "count" : 5,
  "concept" : [{
    "code" : "hcr-20",
    "display" : "HCR-20",
    "definition" : "HCR-20"
  },
  {
    "code" : "start",
    "display" : "START",
    "definition" : "START"
  },
  {
    "code" : "saprof",
    "display" : "SAPROF",
    "definition" : "SAPROF"
  },
  {
    "code" : "rsvp",
    "display" : "RSVP",
    "definition" : "RSVP"
  },
  {
    "code" : "v-risk-10",
    "display" : "V-RISK-10",
    "definition" : "V-RISK-10"
  }]
}