{
  "resourceType" : "CodeSystem",
  "id" : "LaryngoskopiDegree",
  "text" : {
    "status" : "generated",
    "div" : "<div xmlns=\"http://www.w3.org/1999/xhtml\"><p class=\"res-header-id\"><b>Generated Narrative: CodeSystem LaryngoskopiDegree</b></p><a name=\"LaryngoskopiDegree\"> </a><a name=\"hcLaryngoskopiDegree\"> </a><a name=\"LaryngoskopiDegree-en-US\"> </a><p>This  code system <code>https://kip.rkkp.dk/fhir/CodeSystem/LaryngoskopiDegree</code> defines the following codes:</p><table class=\"codes\"><tr><td style=\"white-space:nowrap\"><b>Code</b></td><td><b>Display</b></td><td><b>Definition</b></td></tr><tr><td style=\"white-space:nowrap\">degree1<a name=\"LaryngoskopiDegree-degree1\"> </a></td><td>Grad 1:</td><td>Grad 1: Stemmebånd kan visualiseres i fuld længde</td></tr><tr><td style=\"white-space:nowrap\">degree2<a name=\"LaryngoskopiDegree-degree2\"> </a></td><td>Grad 2:</td><td>Grad 2: 1/3 af stemmebåndene kan visualiseres</td></tr><tr><td style=\"white-space:nowrap\">degree3<a name=\"LaryngoskopiDegree-degree3\"> </a></td><td>Grad 3:</td><td>Grad 3: Epiglottis men ikke stemmebånd kan visualiseres</td></tr><tr><td style=\"white-space:nowrap\">degree4<a name=\"LaryngoskopiDegree-degree4\"> </a></td><td>Grad 4:</td><td>Grad 4: Epiglottis kan ikke visualiseres</td></tr><tr><td style=\"white-space:nowrap\">noattempt<a name=\"LaryngoskopiDegree-noattempt\"> </a></td><td>Ikke forsøgt</td><td>Direkte laryngoskopi ikke forsøgt</td></tr></table></div>"
  },
  "url" : "https://kip.rkkp.dk/fhir/CodeSystem/LaryngoskopiDegree",
  "version" : "0.2.1",
  "name" : "LaryngoskopiDegree",
  "title" : "Laryngoskopi grad",
  "status" : "active",
  "date" : "2022-06-09T00:00:00+02:00",
  "publisher" : "Sundhedsvæsnets Kvalistetsinstitut with Trifork Digital Health A/S",
  "contact" : [{
    "name" : "Sundhedsvæsnets Kvalistetsinstitut with Trifork Digital Health A/S",
    "telecom" : [{
      "system" : "url",
      "value" : "https://trifork.com"
    },
    {
      "system" : "email",
      "value" : "rbk@trifork.com"
    }]
  }],
  "description" : "Bedst opnåede laryngoskopigrad ved  direkte laryngoskopi efter Cormack & Lehane",
  "content" : "complete",
  "count" : 5,
  "concept" : [{
    "code" : "degree1",
    "display" : "Grad 1:",
    "definition" : "Grad 1: Stemmebånd kan visualiseres i fuld længde"
  },
  {
    "code" : "degree2",
    "display" : "Grad 2:",
    "definition" : "Grad 2: 1/3 af stemmebåndene kan visualiseres"
  },
  {
    "code" : "degree3",
    "display" : "Grad 3:",
    "definition" : "Grad 3: Epiglottis men ikke stemmebånd kan visualiseres"
  },
  {
    "code" : "degree4",
    "display" : "Grad 4:",
    "definition" : "Grad 4: Epiglottis kan ikke visualiseres"
  },
  {
    "code" : "noattempt",
    "display" : "Ikke forsøgt",
    "definition" : "Direkte laryngoskopi ikke forsøgt"
  }]
}