{
  "resourceType" : "CodeSystem",
  "id" : "Symptoms",
  "text" : {
    "status" : "generated",
    "div" : "<div xmlns=\"http://www.w3.org/1999/xhtml\"><p class=\"res-header-id\"><b>Generated Narrative: CodeSystem Symptoms</b></p><a name=\"Symptoms\"> </a><a name=\"hcSymptoms\"> </a><a name=\"Symptoms-en-US\"> </a><p>This  code system <code>https://kip.rkkp.dk/fhir/CodeSystem/Symptoms</code> defines the following codes:</p><table class=\"codes\"><tr><td style=\"white-space:nowrap\"><b>Code</b></td><td><b>Display</b></td><td><b>Definition</b></td></tr><tr><td style=\"white-space:nowrap\">visual_disorders<a name=\"Symptoms-visual_disorders\"> </a></td><td>Visual disorders</td><td>Visual disorders / Synsforstyrrelser</td></tr><tr><td style=\"white-space:nowrap\">dizziness<a name=\"Symptoms-dizziness\"> </a></td><td>Dizziness</td><td>Dizziness / Svimmelhed</td></tr><tr><td style=\"white-space:nowrap\">headache<a name=\"Symptoms-headache\"> </a></td><td>Headache</td><td>Headache / Hovedpine</td></tr><tr><td style=\"white-space:nowrap\">erythromelalgia<a name=\"Symptoms-erythromelalgia\"> </a></td><td>Erythromelalgia</td><td>Erythromelalgia / Erythromelagi</td></tr><tr><td style=\"white-space:nowrap\">necrosis<a name=\"Symptoms-necrosis\"> </a></td><td>Necrosis</td><td>Necrosis / Nekrose; sårdannelse</td></tr></table></div>"
  },
  "url" : "https://kip.rkkp.dk/fhir/CodeSystem/Symptoms",
  "version" : "0.2.1",
  "name" : "Symptoms",
  "title" : "Symptoms",
  "status" : "active",
  "date" : "2022-07-11T00:00:00+02:00",
  "publisher" : "Sundhedsvæsnets Kvalistetsinstitut with Trifork Digital Health A/S",
  "contact" : [{
    "name" : "Sundhedsvæsnets Kvalistetsinstitut with Trifork Digital Health A/S",
    "telecom" : [{
      "system" : "url",
      "value" : "https://trifork.com"
    },
    {
      "system" : "email",
      "value" : "rbk@trifork.com"
    }]
  }],
  "description" : "Symptoms",
  "content" : "complete",
  "count" : 5,
  "concept" : [{
    "code" : "visual_disorders",
    "display" : "Visual disorders",
    "definition" : "Visual disorders / Synsforstyrrelser"
  },
  {
    "code" : "dizziness",
    "display" : "Dizziness",
    "definition" : "Dizziness / Svimmelhed"
  },
  {
    "code" : "headache",
    "display" : "Headache",
    "definition" : "Headache / Hovedpine"
  },
  {
    "code" : "erythromelalgia",
    "display" : "Erythromelalgia",
    "definition" : "Erythromelalgia / Erythromelagi"
  },
  {
    "code" : "necrosis",
    "display" : "Necrosis",
    "definition" : "Necrosis / Nekrose; sårdannelse"
  }]
}