{
  "resourceType" : "SearchParameter",
  "id" : "PlanDefinitionUuid",
  "text" : {
    "status" : "generated",
    "div" : "<div xmlns=\"http://www.w3.org/1999/xhtml\"><p class=\"res-header-id\"><b>Generated Narrative: SearchParameter PlanDefinitionUuid</b></p><a name=\"PlanDefinitionUuid\"> </a><a name=\"hcPlanDefinitionUuid\"> </a><a name=\"PlanDefinitionUuid-en-US\"> </a><h2>PlanDefinitionUuid</h2><p>Parameter <code>uuid</code>:<code>token</code></p><div><p>Search by uuid in PlanDefinition</p>\n</div><table class=\"grid\"><tr><td>Resource</td><td><a href=\"http://hl7.org/fhir/R4/plandefinition.html\">PlanDefinition</a></td></tr><tr><td>Expression</td><td><code>PlanDefinition.extension.where(url='uuid')</code></td></tr><tr><td>Multiples</td><td><ul><li>multipleAnd: It's up to the server whether the parameter may repeat in order to specify multiple values that must all be true</li><li>multipleOr: It's up to the server whether the parameter can have multiple values (separated by comma) where at least one must be true</li></ul></td></tr><tr><td>Comparators</td><td>Allowed: eq</td></tr></table></div>"
  },
  "url" : "https://kip.rkkp.dk/fhir/SearchParameter/PlanDefinitionUuid",
  "version" : "0.2.1",
  "name" : "PlanDefinitionUuid",
  "status" : "active",
  "date" : "2025-03-14T09:53:26+00:00",
  "publisher" : "Sundhedsvæsnets Kvalistetsinstitut with Trifork Digital Health A/S",
  "contact" : [{
    "name" : "Sundhedsvæsnets Kvalistetsinstitut with Trifork Digital Health A/S",
    "telecom" : [{
      "system" : "url",
      "value" : "https://trifork.com"
    },
    {
      "system" : "email",
      "value" : "rbk@trifork.com"
    }]
  }],
  "description" : "Search by uuid in PlanDefinition",
  "code" : "uuid",
  "base" : ["PlanDefinition"],
  "type" : "token",
  "expression" : "PlanDefinition.extension.where(url='uuid')",
  "comparator" : ["eq"]
}