{
  "resourceType" : "ValueSet",
  "id" : "MedicinalBehandlingPaabegyndtDHR",
  "text" : {
    "status" : "extensions",
    "div" : "<div xmlns=\"http://www.w3.org/1999/xhtml\"><p class=\"res-header-id\"><b>Generated Narrative: ValueSet MedicinalBehandlingPaabegyndtDHR</b></p><a name=\"MedicinalBehandlingPaabegyndtDHR\"> </a><a name=\"hcMedicinalBehandlingPaabegyndtDHR\"> </a><a name=\"MedicinalBehandlingPaabegyndtDHR-en-US\"> </a><ul><li>Include these codes as defined in <a href=\"CodeSystem-MedicalTreatmentStartOf.html\"><code>https://kip.rkkp.dk/fhir/CodeSystem/MedicalTreatmentStartOf</code></a><table class=\"none\"><tr><td style=\"white-space:nowrap\"><b>Code</b></td><td><b>Display</b></td><td><b>Definition</b></td></tr><tr><td><a href=\"CodeSystem-MedicalTreatmentStartOf.html#MedicalTreatmentStartOf-before_operation\">before_operation</a></td><td>Påbegyndt før operation</td><td>Before operation</td></tr><tr><td><a href=\"CodeSystem-MedicalTreatmentStartOf.html#MedicalTreatmentStartOf-after_operation\">after_operation</a></td><td>Påbegyndt efter operation på OP-dag</td><td>After operation</td></tr><tr><td><a href=\"CodeSystem-MedicalTreatmentStartOf.html#MedicalTreatmentStartOf-day_after_operation\">day_after_operation</a></td><td>Påbegyndt første postoperative dag</td><td>The day after the operation</td></tr><tr><td><a href=\"CodeSystem-MedicalTreatmentStartOf.html#MedicalTreatmentStartOf-during_admission\">during_admission</a></td><td>Kun under indlæggelse</td><td>During admission</td></tr></table></li></ul></div>"
  },
  "url" : "https://kip.rkkp.dk/fhir/ValueSet/MedicinalBehandlingPaabegyndtDHR",
  "version" : "0.2.1",
  "name" : "MedicinalBehandlingPaabegyndtDHR",
  "title" : "Medicinal behandling - Hvornår bliver dette giver i forhold til proceduren/operatioen? [DHR]",
  "status" : "active",
  "experimental" : true,
  "date" : "2022-07-07T00:00:00+02:00",
  "publisher" : "Sundhedsvæsnets Kvalistetsinstitut with Trifork Digital Health A/S",
  "contact" : [{
    "name" : "Sundhedsvæsnets Kvalistetsinstitut with Trifork Digital Health A/S",
    "telecom" : [{
      "system" : "url",
      "value" : "https://trifork.com"
    },
    {
      "system" : "email",
      "value" : "rbk@trifork.com"
    }]
  }],
  "description" : "Medicinal behandling - Hvornår bliver dette giver i forhold til proceduren/operatioen? [DHR]",
  "compose" : {
    "include" : [{
      "system" : "https://kip.rkkp.dk/fhir/CodeSystem/MedicalTreatmentStartOf",
      "concept" : [{
        "code" : "before_operation",
        "display" : "Påbegyndt før operation"
      },
      {
        "code" : "after_operation",
        "display" : "Påbegyndt efter operation på OP-dag"
      },
      {
        "code" : "day_after_operation",
        "display" : "Påbegyndt første postoperative dag"
      },
      {
        "code" : "during_admission",
        "display" : "Kun under indlæggelse"
      }]
    }]
  }
}