{
  "resourceType" : "ValueSet",
  "id" : "ComplicationPO",
  "text" : {
    "status" : "extensions",
    "div" : "<div xmlns=\"http://www.w3.org/1999/xhtml\"><p class=\"res-header-id\"><b>Generated Narrative: ValueSet ComplicationPO</b></p><a name=\"ComplicationPO\"> </a><a name=\"hcComplicationPO\"> </a><a name=\"ComplicationPO-en-US\"> </a><ul><li>Include these codes as defined in <a href=\"CodeSystem-Complications.html\"><code>https://kip.rkkp.dk/fhir/CodeSystem/Complications</code></a><table class=\"none\"><tr><td style=\"white-space:nowrap\"><b>Code</b></td><td><b>Display</b></td><td><b>Definition</b></td></tr><tr><td><a href=\"CodeSystem-Complications.html#Complications-anafylSchock\">anafylSchock</a></td><td>Anafylaktisk reaktion/shock</td><td>Anafylaktisk reaktion/shock</td></tr><tr><td><a href=\"CodeSystem-Complications.html#Complications-appFailure\">appFailure</a></td><td>Apparaturfejl</td><td>Apparaturfejl</td></tr><tr><td><a href=\"CodeSystem-Complications.html#Complications-aspiration\">aspiration</a></td><td>Aspiration</td><td>Aspiration</td></tr><tr><td><a href=\"CodeSystem-Complications.html#Complications-duraptAcc\">duraptAcc</a></td><td>Durapunktur accidentel</td><td>Durapunktur accidentel</td></tr><tr><td><a href=\"CodeSystem-Complications.html#Complications-heartFail\">heartFail</a></td><td>Hjertestop</td><td>Hjertestop</td></tr><tr><td><a href=\"CodeSystem-Complications.html#Complications-huskeAN\">huskeAN</a></td><td>Huskeanæstesi</td><td>Huskeanæstesi</td></tr><tr><td><a href=\"CodeSystem-Complications.html#Complications-medFail\">medFail</a></td><td>Medicineringsfejl</td><td>Medicineringsfejl</td></tr><tr><td><a href=\"CodeSystem-Complications.html#Complications-neuMuscBlock\">neuMuscBlock</a></td><td>Neuromuskulær blokade, forlænget virkning</td><td>Neuromuskulær blokade, forlænget virkning</td></tr><tr><td><a href=\"CodeSystem-Complications.html#Complications-dentInj\">dentInj</a></td><td>Tandskade</td><td>Tandskade</td></tr><tr><td><a href=\"CodeSystem-Complications.html#Complications-mors\">mors</a></td><td>Mors, uventet</td><td>Mors, uventet</td></tr></table></li></ul></div>"
  },
  "url" : "https://kip.rkkp.dk/fhir/ValueSet/ComplicationPO",
  "version" : "0.2.1",
  "name" : "ComplicationPO",
  "title" : "Postoperativ komplikatione",
  "status" : "active",
  "experimental" : true,
  "date" : "2022-06-01T00:00:00+02:00",
  "publisher" : "Sundhedsvæsnets Kvalistetsinstitut with Trifork Digital Health A/S",
  "contact" : [{
    "name" : "Sundhedsvæsnets Kvalistetsinstitut with Trifork Digital Health A/S",
    "telecom" : [{
      "system" : "url",
      "value" : "https://trifork.com"
    },
    {
      "system" : "email",
      "value" : "rbk@trifork.com"
    }]
  }],
  "description" : "Postoperative komplikationer",
  "compose" : {
    "include" : [{
      "system" : "https://kip.rkkp.dk/fhir/CodeSystem/Complications",
      "concept" : [{
        "code" : "anafylSchock",
        "display" : "Anafylaktisk reaktion/shock"
      },
      {
        "code" : "appFailure",
        "display" : "Apparaturfejl"
      },
      {
        "code" : "aspiration",
        "display" : "Aspiration"
      },
      {
        "code" : "duraptAcc",
        "display" : "Durapunktur accidentel"
      },
      {
        "code" : "heartFail",
        "display" : "Hjertestop"
      },
      {
        "code" : "huskeAN",
        "display" : "Huskeanæstesi"
      },
      {
        "code" : "medFail",
        "display" : "Medicineringsfejl"
      },
      {
        "code" : "neuMuscBlock",
        "display" : "Neuromuskulær blokade, forlænget virkning"
      },
      {
        "code" : "dentInj",
        "display" : "Tandskade"
      },
      {
        "code" : "mors",
        "display" : "Mors, uventet"
      }]
    }]
  }
}