{
  "resourceType" : "ValueSet",
  "id" : "KomplOrganperfProcDUGA",
  "text" : {
    "status" : "extensions",
    "div" : "<div xmlns=\"http://www.w3.org/1999/xhtml\"><p class=\"res-header-id\"><b>Generated Narrative: ValueSet KomplOrganperfProcDUGA</b></p><a name=\"KomplOrganperfProcDUGA\"> </a><a name=\"hcKomplOrganperfProcDUGA\"> </a><a name=\"KomplOrganperfProcDUGA-en-US\"> </a><ul><li>Include these codes as defined in <a href=\"CodeSystem-ProcedureUrogyn.html\"><code>https://kip.rkkp.dk/fhir/CodeSystem/ProcedureUrogyn</code></a><table class=\"none\"><tr><td style=\"white-space:nowrap\"><b>Code</b></td><td><b>Display</b></td><td><b>Definition</b></td></tr><tr><td><a href=\"CodeSystem-ProcedureUrogyn.html#ProcedureUrogyn-KKBF00\">KKBF00</a></td><td>KKBF00: Fjernelse af fremmedlegeme i urinleder</td><td>Fjernelse af fremmedlegeme i urinleder</td></tr><tr><td><a href=\"CodeSystem-ProcedureUrogyn.html#ProcedureUrogyn-KKCF01\">KKCF01</a></td><td>KKCF01: Perkutan endoskopisk fjernelse af fremmedlegeme i urinblære</td><td>Perkutan endoskopisk fjernelse af fremmedlegeme i urinblære</td></tr><tr><td><a href=\"CodeSystem-ProcedureUrogyn.html#ProcedureUrogyn-KKDE20\">KKDE20</a></td><td>KKDE20: Fjernelse af fremmedlegeme fra urinrør</td><td>Fjernelse af fremmedlegeme fra urinrør</td></tr><tr><td><a href=\"CodeSystem-ProcedureUrogyn.html#ProcedureUrogyn-KLEE00\">KLEE00</a></td><td>KLEE00: Sutur af vagina</td><td>Sutur af vagina</td></tr><tr><td><a href=\"CodeSystem-ProcedureUrogyn.html#ProcedureUrogyn-KLWW96\">KLWW96</a></td><td>KLWW96: Anden reoperation efter gynækologisk operation</td><td>Anden reoperation efter gynækologisk operation</td></tr><tr><td><a href=\"CodeSystem-ProcedureUrogyn.html#ProcedureUrogyn-KTLE10\">KTLE10</a></td><td>KTLE10: Fjernelse af fremmedlegeme fra vagina</td><td>Fjernelse af fremmedlegeme fra vagina</td></tr></table></li></ul></div>"
  },
  "url" : "https://kip.rkkp.dk/fhir/ValueSet/KomplOrganperfProcDUGA",
  "version" : "0.2.1",
  "name" : "KomplOrganperfProcDUGA",
  "title" : "Komplikationer pga. organperforation - Procedurekoder (DUGA)",
  "status" : "active",
  "experimental" : true,
  "date" : "2024-02-21T00:00:00+02:00",
  "publisher" : "Sundhedsvæsnets Kvalistetsinstitut with Trifork Digital Health A/S",
  "contact" : [{
    "name" : "Sundhedsvæsnets Kvalistetsinstitut with Trifork Digital Health A/S",
    "telecom" : [{
      "system" : "url",
      "value" : "https://trifork.com"
    },
    {
      "system" : "email",
      "value" : "rbk@trifork.com"
    }]
  }],
  "description" : "Komplikationer pga. organperforation - Procedurekoder (DUGA)",
  "compose" : {
    "include" : [{
      "system" : "https://kip.rkkp.dk/fhir/CodeSystem/ProcedureUrogyn",
      "concept" : [{
        "code" : "KKBF00",
        "display" : "KKBF00: Fjernelse af fremmedlegeme i urinleder"
      },
      {
        "code" : "KKCF01",
        "display" : "KKCF01: Perkutan endoskopisk fjernelse af fremmedlegeme i urinblære"
      },
      {
        "code" : "KKDE20",
        "display" : "KKDE20: Fjernelse af fremmedlegeme fra urinrør"
      },
      {
        "code" : "KLEE00",
        "display" : "KLEE00: Sutur af vagina"
      },
      {
        "code" : "KLWW96",
        "display" : "KLWW96: Anden reoperation efter gynækologisk operation"
      },
      {
        "code" : "KTLE10",
        "display" : "KTLE10: Fjernelse af fremmedlegeme fra vagina"
      }]
    }]
  }
}