{
  "resourceType" : "ValueSet",
  "id" : "LuftvejForsoeg",
  "text" : {
    "status" : "extensions",
    "div" : "<div xmlns=\"http://www.w3.org/1999/xhtml\"><p class=\"res-header-id\"><b>Generated Narrative: ValueSet LuftvejForsoeg</b></p><a name=\"LuftvejForsoeg\"> </a><a name=\"hcLuftvejForsoeg\"> </a><a name=\"LuftvejForsoeg-en-US\"> </a><ul><li>Include these codes as defined in <a href=\"CodeSystem-Respiration.html\"><code>https://kip.rkkp.dk/fhir/CodeSystem/Respiration</code></a><table class=\"none\"><tr><td style=\"white-space:nowrap\"><b>Code</b></td><td><b>Display</b></td><td><b>Definition</b></td></tr><tr><td><a href=\"CodeSystem-Respiration.html#Respiration-without_further\">without_further</a></td><td>Intet yderligere</td><td>Intet yderligere</td></tr><tr><td><a href=\"CodeSystem-Respiration.html#Respiration-larynx_all\">larynx_all</a></td><td>Larynxmaske (alle typer)</td><td>Larynxmaske (alle typer)</td></tr><tr><td><a href=\"CodeSystem-Respiration.html#Respiration-intub_dir_laryngo\">intub_dir_laryngo</a></td><td>Intubation ved direkte laryngoskopi</td><td>Intubation ved direkte laryngoskopi</td></tr><tr><td><a href=\"CodeSystem-Respiration.html#Respiration-intub_video_laryngo\">intub_video_laryngo</a></td><td>Intubation med videolaryngoskopi</td><td>Intubation med videolaryngoskopi</td></tr><tr><td><a href=\"CodeSystem-Respiration.html#Respiration-intub_flex_skop\">intub_flex_skop</a></td><td>Intubation med fleksibelt skopi</td><td>Intubation med fleksibelt skopi</td></tr><tr><td><a href=\"CodeSystem-Respiration.html#Respiration-tracheostomi_loc\">tracheostomi_loc</a></td><td>Tracheostomi i lokalanæstesi</td><td>Tracheostomi i lokalanæstesi</td></tr><tr><td><a href=\"CodeSystem-Respiration.html#Respiration-tracheostomi_emg\">tracheostomi_emg</a></td><td>Nødtracheostomi</td><td>Nødtracheostomi</td></tr><tr><td><a href=\"CodeSystem-Respiration.html#Respiration-intub_diff\">intub_diff</a></td><td>Intubation ved anden metode</td><td>Intubation ved anden metode</td></tr></table></li></ul></div>"
  },
  "url" : "https://kip.rkkp.dk/fhir/ValueSet/LuftvejForsoeg",
  "version" : "0.2.1",
  "name" : "LuftvejForsoeg",
  "title" : "LuftvejForsøgsplan",
  "status" : "active",
  "experimental" : true,
  "date" : "2022-06-01T00:00:00+02:00",
  "publisher" : "Sundhedsvæsnets Kvalistetsinstitut with Trifork Digital Health A/S",
  "contact" : [{
    "name" : "Sundhedsvæsnets Kvalistetsinstitut with Trifork Digital Health A/S",
    "telecom" : [{
      "system" : "url",
      "value" : "https://trifork.com"
    },
    {
      "system" : "email",
      "value" : "rbk@trifork.com"
    }]
  }],
  "description" : "1.-6. forsøg på etablering af Luftvejsadgang",
  "compose" : {
    "include" : [{
      "system" : "https://kip.rkkp.dk/fhir/CodeSystem/Respiration",
      "concept" : [{
        "code" : "without_further",
        "display" : "Intet yderligere"
      },
      {
        "code" : "larynx_all",
        "display" : "Larynxmaske (alle typer)"
      },
      {
        "code" : "intub_dir_laryngo",
        "display" : "Intubation ved direkte laryngoskopi"
      },
      {
        "code" : "intub_video_laryngo",
        "display" : "Intubation med videolaryngoskopi"
      },
      {
        "code" : "intub_flex_skop",
        "display" : "Intubation med fleksibelt skopi"
      },
      {
        "code" : "tracheostomi_loc",
        "display" : "Tracheostomi i lokalanæstesi"
      },
      {
        "code" : "tracheostomi_emg",
        "display" : "Nødtracheostomi"
      },
      {
        "code" : "intub_diff",
        "display" : "Intubation ved anden metode"
      }]
    }]
  }
}