{
  "resourceType" : "ValueSet",
  "id" : "CementHofteDHR",
  "text" : {
    "status" : "extensions",
    "div" : "<div xmlns=\"http://www.w3.org/1999/xhtml\"><p class=\"res-header-id\"><b>Generated Narrative: ValueSet CementHofteDHR</b></p><a name=\"CementHofteDHR\"> </a><a name=\"hcCementHofteDHR\"> </a><a name=\"CementHofteDHR-en-US\"> </a><p>This value set includes codes based on the following rules:</p><ul><li>Include these codes as defined in <a href=\"CodeSystem-CementType.html\"><code>https://kip.rkkp.dk/fhir/CodeSystem/CementType</code></a><table class=\"none\"><tr><td style=\"white-space:nowrap\"><b>Code</b></td><td><b>Display</b></td><td><b>Definition</b></td></tr><tr><td><a href=\"CodeSystem-CementType.html#CementType-biomet_cement_lv\">biomet_cement_lv</a></td><td>Biomet: Bone Cement LV</td><td>Biomet: Bone Cement LV</td></tr><tr><td><a href=\"CodeSystem-CementType.html#CementType-biomet_cement_r\">biomet_cement_r</a></td><td>Biomet: Bone Cement R</td><td>Biomet: Bone Cement R</td></tr><tr><td><a href=\"CodeSystem-CementType.html#CementType-biomet_cement_v\">biomet_cement_v</a></td><td>Biomet: Bone Cement V</td><td>Biomet: Bone Cement V</td></tr><tr><td><a href=\"CodeSystem-CementType.html#CementType-biomet_cement_plus\">biomet_cement_plus</a></td><td>Biomet: Plus Bone Cement</td><td>Biomet: Plus Bone Cement</td></tr><tr><td><a href=\"CodeSystem-CementType.html#CementType-cmw1\">cmw1</a></td><td>CMW I</td><td>CMW I</td></tr><tr><td><a href=\"CodeSystem-CementType.html#CementType-cmw2\">cmw2</a></td><td>CMW II</td><td>CMW II</td></tr><tr><td><a href=\"CodeSystem-CementType.html#CementType-cmw3\">cmw3</a></td><td>CMW III</td><td>CMW III</td></tr><tr><td><a href=\"CodeSystem-CementType.html#CementType-copal_gc\">copal_gc</a></td><td>Copal G+C</td><td>Copal G+C</td></tr><tr><td><a href=\"CodeSystem-CementType.html#CementType-lvc_standard\">lvc_standard</a></td><td>LVC-standard</td><td>LVC-standard</td></tr><tr><td><a href=\"CodeSystem-CementType.html#CementType-palacos\">palacos</a></td><td>Palacos</td><td>Palacos</td></tr><tr><td><a href=\"CodeSystem-CementType.html#CementType-palacos_low\">palacos_low</a></td><td>Palacos low</td><td>Palacos low</td></tr><tr><td><a href=\"CodeSystem-CementType.html#CementType-refobacin_cement_lv\">refobacin_cement_lv</a></td><td>Refobacin: Bone Cement LV</td><td>Refobacin: Bone Cement LV</td></tr><tr><td><a href=\"CodeSystem-CementType.html#CementType-refobacin_cement_r\">refobacin_cement_r</a></td><td>Refobacin: Bone Cement R</td><td>Refobacin: Bone Cement R</td></tr><tr><td><a href=\"CodeSystem-CementType.html#CementType-refobacin_cement_plus\">refobacin_cement_plus</a></td><td>Refobacin: Plus Bone Cement</td><td>Refobacin: Plus Bone Cement</td></tr><tr><td><a href=\"CodeSystem-CementType.html#CementType-refobacin_revision\">refobacin_revision</a></td><td>Refobacin: Revision</td><td>Refobacin: Revision</td></tr><tr><td><a href=\"CodeSystem-CementType.html#CementType-simplex_p\">simplex_p</a></td><td>Simplex P</td><td>Simplex P</td></tr><tr><td><a href=\"CodeSystem-CementType.html#CementType-smartmix\">smartmix</a></td><td>SmartMix</td><td>SmartMix</td></tr><tr><td><a href=\"CodeSystem-CementType.html#CementType-smartset\">smartset</a></td><td>SmartSet</td><td>SmartSet</td></tr><tr><td><a href=\"CodeSystem-CementType.html#CementType-sulfix\">sulfix</a></td><td>Sulfix</td><td>Sulfix</td></tr></table></li><li>Include these codes as defined in <a href=\"CodeSystem-GenericValues.html\"><code>https://kip.rkkp.dk/fhir/CodeSystem/GenericValues</code></a><table class=\"none\"><tr><td style=\"white-space:nowrap\"><b>Code</b></td><td><b>Display</b></td><td><b>Definition</b></td></tr><tr><td><a href=\"CodeSystem-GenericValues.html#GenericValues-other\">other</a></td><td>Anden cement med eller uden antibiotika</td><td>Other - used to choose unspecific value not in a valueset</td></tr></table></li></ul></div>"
  },
  "url" : "https://kip.rkkp.dk/fhir/ValueSet/CementHofteDHR",
  "version" : "0.2.1",
  "name" : "CementHofteDHR",
  "title" : "Cement - hofte (DHR)",
  "status" : "active",
  "experimental" : true,
  "date" : "2022-11-16T00:00:00+02:00",
  "publisher" : "Sundhedsvæsnets Kvalistetsinstitut with Trifork Digital Health A/S",
  "contact" : [{
    "name" : "Sundhedsvæsnets Kvalistetsinstitut with Trifork Digital Health A/S",
    "telecom" : [{
      "system" : "url",
      "value" : "https://trifork.com"
    },
    {
      "system" : "email",
      "value" : "rbk@trifork.com"
    }]
  }],
  "description" : "Cement - hofte (DHR)",
  "compose" : {
    "include" : [{
      "system" : "https://kip.rkkp.dk/fhir/CodeSystem/CementType",
      "concept" : [{
        "code" : "biomet_cement_lv",
        "display" : "Biomet: Bone Cement LV"
      },
      {
        "code" : "biomet_cement_r",
        "display" : "Biomet: Bone Cement R"
      },
      {
        "code" : "biomet_cement_v",
        "display" : "Biomet: Bone Cement V"
      },
      {
        "code" : "biomet_cement_plus",
        "display" : "Biomet: Plus Bone Cement"
      },
      {
        "code" : "cmw1",
        "display" : "CMW I"
      },
      {
        "code" : "cmw2",
        "display" : "CMW II"
      },
      {
        "code" : "cmw3",
        "display" : "CMW III"
      },
      {
        "code" : "copal_gc",
        "display" : "Copal G+C"
      },
      {
        "code" : "lvc_standard",
        "display" : "LVC-standard"
      },
      {
        "code" : "palacos",
        "display" : "Palacos"
      },
      {
        "code" : "palacos_low",
        "display" : "Palacos low"
      },
      {
        "code" : "refobacin_cement_lv",
        "display" : "Refobacin: Bone Cement LV"
      },
      {
        "code" : "refobacin_cement_r",
        "display" : "Refobacin: Bone Cement R"
      },
      {
        "code" : "refobacin_cement_plus",
        "display" : "Refobacin: Plus Bone Cement"
      },
      {
        "code" : "refobacin_revision",
        "display" : "Refobacin: Revision"
      },
      {
        "code" : "simplex_p",
        "display" : "Simplex P"
      },
      {
        "code" : "smartmix",
        "display" : "SmartMix"
      },
      {
        "code" : "smartset",
        "display" : "SmartSet"
      },
      {
        "code" : "sulfix",
        "display" : "Sulfix"
      }]
    },
    {
      "system" : "https://kip.rkkp.dk/fhir/CodeSystem/GenericValues",
      "concept" : [{
        "code" : "other",
        "display" : "Anden cement med eller uden antibiotika"
      }]
    }]
  }
}