{
  "resourceType" : "ValueSet",
  "id" : "MKomponentLaboratoriesvar",
  "text" : {
    "status" : "extensions",
    "div" : "<div xmlns=\"http://www.w3.org/1999/xhtml\"><p class=\"res-header-id\"><b>Generated Narrative: ValueSet MKomponentLaboratoriesvar</b></p><a name=\"MKomponentLaboratoriesvar\"> </a><a name=\"hcMKomponentLaboratoriesvar\"> </a><a name=\"MKomponentLaboratoriesvar-en-US\"> </a><ul><li>Include these codes as defined in <a href=\"CodeSystem-GenericValues.html\"><code>https://kip.rkkp.dk/fhir/CodeSystem/GenericValues</code></a><table class=\"none\"><tr><td style=\"white-space:nowrap\"><b>Code</b></td><td><b>Display</b></td><td><b>Definition</b></td></tr><tr><td><a href=\"CodeSystem-GenericValues.html#GenericValues-none\">none</a></td><td>Der foreligger ikke noget lab. svar</td><td>None - used to choose none of the available values</td></tr><tr><td><a href=\"CodeSystem-GenericValues.html#GenericValues-unspecified\">unspecified</a></td><td>Lab. svar angiver ikke en specifik type</td><td>Uspecificeret</td></tr><tr><td><a href=\"CodeSystem-GenericValues.html#GenericValues-specified\">specified</a></td><td>Lab. svar foreligger, med en specifik M-komponent type</td><td>Specificeret</td></tr></table></li></ul></div>"
  },
  "url" : "https://kip.rkkp.dk/fhir/ValueSet/MKomponentLaboratoriesvar",
  "version" : "0.2.1",
  "name" : "MKomponentLaboratoriesvar",
  "title" : "M-komponent; laboratoriesvar",
  "status" : "active",
  "experimental" : true,
  "date" : "2022-10-05T00:00:00+02:00",
  "publisher" : "Sundhedsvæsnets Kvalistetsinstitut with Trifork Digital Health A/S",
  "contact" : [{
    "name" : "Sundhedsvæsnets Kvalistetsinstitut with Trifork Digital Health A/S",
    "telecom" : [{
      "system" : "url",
      "value" : "https://trifork.com"
    },
    {
      "system" : "email",
      "value" : "rbk@trifork.com"
    }]
  }],
  "description" : "M-komponent; laboratoriesvar",
  "compose" : {
    "include" : [{
      "system" : "https://kip.rkkp.dk/fhir/CodeSystem/GenericValues",
      "concept" : [{
        "code" : "none",
        "display" : "Der foreligger ikke noget lab. svar"
      },
      {
        "code" : "unspecified",
        "display" : "Lab. svar angiver ikke en specifik type"
      },
      {
        "code" : "specified",
        "display" : "Lab. svar foreligger, med en specifik M-komponent type"
      }]
    }]
  }
}