{
  "resourceType" : "ValueSet",
  "id" : "ProcedureUdfoertR1DCCG",
  "text" : {
    "status" : "extensions",
    "div" : "<div xmlns=\"http://www.w3.org/1999/xhtml\"><p class=\"res-header-id\"><b>Generated Narrative: ValueSet ProcedureUdfoertR1DCCG</b></p><a name=\"ProcedureUdfoertR1DCCG\"> </a><a name=\"hcProcedureUdfoertR1DCCG\"> </a><a name=\"ProcedureUdfoertR1DCCG-en-US\"> </a><p>This value set includes codes based on the following rules:</p><ul><li>Include these codes as defined in <a href=\"CodeSystem-SKS.html\"><code>https://kip.rkkp.dk/fhir/CodeSystem/SKS</code></a><table class=\"none\"><tr><td style=\"white-space:nowrap\"><b>Code</b></td><td><b>Display</b></td><td><b>Definition</b></td></tr><tr><td><a href=\"CodeSystem-SKS.html#SKS-KJFH20\">KJFH20</a></td><td>Proktokolektomi og ileostomi - KJFH20</td><td>KJFH20 - Proktokolektomi og ileostomi</td></tr><tr><td><a href=\"CodeSystem-SKS.html#SKS-KJGB00\">KJGB00</a></td><td>Resektion af endetarm - KJGB00</td><td>KJGB00 - Resektion af endetarm</td></tr><tr><td><a href=\"CodeSystem-SKS.html#SKS-KJGB10\">KJGB10</a></td><td>Resektion af endetarm med kolostomi - KJGB10</td><td>KJGB10 - Resektion af endetarm med kolostomi</td></tr><tr><td><a href=\"CodeSystem-SKS.html#SKS-KJGB32\">KJGB32</a></td><td>Abdominal og intersphincterisk excision af endetarm - KJGB32</td><td>KJGB32 - Abdominal og intersphincterisk excision af endetarm</td></tr><tr><td><a href=\"CodeSystem-SKS.html#SKS-KJGB35\">KJGB35</a></td><td>Abdominal og ischioanal excision af endetarm - KJGB35</td><td>KJGB35 - Abdominal og ischioanal excision af endetarm</td></tr><tr><td><a href=\"CodeSystem-SKS.html#SKS-KJGB36\">KJGB36</a></td><td>Abdominal og ekstralevatorisk excision af endetarm - KJGB36</td><td>KJGB36 - Abdominal og ekstralevatorisk excision af endetarm</td></tr></table></li><li>Include these codes as defined in <a href=\"CodeSystem-ProcedureType.html\"><code>https://kip.rkkp.dk/fhir/CodeSystem/ProcedureType</code></a><table class=\"none\"><tr><td style=\"white-space:nowrap\"><b>Code</b></td><td><b>Display</b></td><td><b>Definition</b></td></tr><tr><td><a href=\"CodeSystem-ProcedureType.html#ProcedureType-ape_conventional\">ape_conventional</a></td><td>APE, konventionel</td><td>APE, konventionel</td></tr><tr><td><a href=\"CodeSystem-ProcedureType.html#ProcedureType-proctocolectomy_pouch\">proctocolectomy_pouch</a></td><td>Proktokolektomi med ileoanal pouch</td><td>Proktokolektomi med ileoanal pouch</td></tr></table></li></ul></div>"
  },
  "url" : "https://kip.rkkp.dk/fhir/ValueSet/ProcedureUdfoertR1DCCG",
  "version" : "0.2.1",
  "name" : "ProcedureUdfoertR1DCCG",
  "title" : "Udført procedure R1 (DCCG)",
  "status" : "active",
  "experimental" : true,
  "date" : "2023-03-02T00:00:00+02:00",
  "publisher" : "Sundhedsvæsnets Kvalistetsinstitut with Trifork Digital Health A/S",
  "contact" : [{
    "name" : "Sundhedsvæsnets Kvalistetsinstitut with Trifork Digital Health A/S",
    "telecom" : [{
      "system" : "url",
      "value" : "https://trifork.com"
    },
    {
      "system" : "email",
      "value" : "rbk@trifork.com"
    }]
  }],
  "description" : "Udført procedure R1 (DCCG)",
  "compose" : {
    "include" : [{
      "system" : "https://kip.rkkp.dk/fhir/CodeSystem/SKS",
      "concept" : [{
        "code" : "KJFH20",
        "display" : "Proktokolektomi og ileostomi - KJFH20"
      },
      {
        "code" : "KJGB00",
        "display" : "Resektion af endetarm - KJGB00"
      },
      {
        "code" : "KJGB10",
        "display" : "Resektion af endetarm med kolostomi - KJGB10"
      },
      {
        "code" : "KJGB32",
        "display" : "Abdominal og intersphincterisk excision af endetarm - KJGB32"
      },
      {
        "code" : "KJGB35",
        "display" : "Abdominal og ischioanal excision af endetarm - KJGB35"
      },
      {
        "code" : "KJGB36",
        "display" : "Abdominal og ekstralevatorisk excision af endetarm - KJGB36"
      }]
    },
    {
      "system" : "https://kip.rkkp.dk/fhir/CodeSystem/ProcedureType",
      "concept" : [{
        "code" : "ape_conventional",
        "display" : "APE, konventionel"
      },
      {
        "code" : "proctocolectomy_pouch",
        "display" : "Proktokolektomi med ileoanal pouch"
      }]
    }]
  }
}