{
  "resourceType" : "ValueSet",
  "id" : "CaputTypeDHR",
  "text" : {
    "status" : "extensions",
    "div" : "<div xmlns=\"http://www.w3.org/1999/xhtml\"><p class=\"res-header-id\"><b>Generated Narrative: ValueSet CaputTypeDHR</b></p><a name=\"CaputTypeDHR\"> </a><a name=\"hcCaputTypeDHR\"> </a><a name=\"CaputTypeDHR-en-US\"> </a><ul><li>Include these codes as defined in <a href=\"CodeSystem-ImplantComponents.html\"><code>https://kip.rkkp.dk/fhir/CodeSystem/ImplantComponents</code></a><table class=\"none\"><tr><td style=\"white-space:nowrap\"><b>Code</b></td><td><b>Display</b></td><td><b>Definition</b></td></tr><tr><td><a href=\"CodeSystem-ImplantComponents.html#ImplantComponents-modular\">modular</a></td><td>Modulært</td><td>Modular / Modulært</td></tr><tr><td><a href=\"CodeSystem-ImplantComponents.html#ImplantComponents-adherent\">adherent</a></td><td>Fastsiddende (inkl. resurfacing)</td><td>Adherent / Fastsiddende</td></tr></table></li></ul></div>"
  },
  "url" : "https://kip.rkkp.dk/fhir/ValueSet/CaputTypeDHR",
  "version" : "0.2.1",
  "name" : "CaputTypeDHR",
  "title" : "Caput type - (DHR)",
  "status" : "active",
  "experimental" : true,
  "date" : "2022-11-02T00:00:00+02:00",
  "publisher" : "Sundhedsvæsnets Kvalistetsinstitut with Trifork Digital Health A/S",
  "contact" : [{
    "name" : "Sundhedsvæsnets Kvalistetsinstitut with Trifork Digital Health A/S",
    "telecom" : [{
      "system" : "url",
      "value" : "https://trifork.com"
    },
    {
      "system" : "email",
      "value" : "rbk@trifork.com"
    }]
  }],
  "description" : "Caput type - (DHR)",
  "compose" : {
    "include" : [{
      "system" : "https://kip.rkkp.dk/fhir/CodeSystem/ImplantComponents",
      "concept" : [{
        "code" : "modular",
        "display" : "Modulært"
      },
      {
        "code" : "adherent",
        "display" : "Fastsiddende (inkl. resurfacing)"
      }]
    }]
  }
}