{
  "resourceType" : "ValueSet",
  "id" : "Boligform",
  "text" : {
    "status" : "extensions",
    "div" : "<div xmlns=\"http://www.w3.org/1999/xhtml\"><p class=\"res-header-id\"><b>Generated Narrative: ValueSet Boligform</b></p><a name=\"Boligform\"> </a><a name=\"hcBoligform\"> </a><a name=\"Boligform-en-US\"> </a><ul><li>Include these codes as defined in <a href=\"CodeSystem-MaritalStatus.html\"><code>https://kip.rkkp.dk/fhir/CodeSystem/MaritalStatus</code></a><table class=\"none\"><tr><td style=\"white-space:nowrap\"><b>Code</b></td><td><b>Display</b></td><td><b>Definition</b></td></tr><tr><td><a href=\"CodeSystem-MaritalStatus.html#MaritalStatus-livingalone\">livingalone</a></td><td>Alene</td><td>Bor alene</td></tr><tr><td><a href=\"CodeSystem-MaritalStatus.html#MaritalStatus-livingalone_child\">livingalone_child</a></td><td>Med børn</td><td>Bor alene med børn</td></tr><tr><td><a href=\"CodeSystem-MaritalStatus.html#MaritalStatus-married\">married</a></td><td>Med ægtefælle/partner</td><td>Gift</td></tr><tr><td><a href=\"CodeSystem-MaritalStatus.html#MaritalStatus-married_child\">married_child</a></td><td>Med ægtefælle/partner og børn</td><td>Gift med børn</td></tr><tr><td><a href=\"CodeSystem-MaritalStatus.html#MaritalStatus-living_parents\">living_parents</a></td><td>Med forældre</td><td>Living with parents / Bor med forældre</td></tr><tr><td><a href=\"CodeSystem-MaritalStatus.html#MaritalStatus-cohabitant\">cohabitant</a></td><td>Samboende med andre</td><td>Samboende</td></tr></table></li></ul></div>"
  },
  "url" : "https://kip.rkkp.dk/fhir/ValueSet/Boligform",
  "version" : "0.2.1",
  "name" : "Boligform",
  "title" : "Boligform",
  "status" : "active",
  "experimental" : true,
  "date" : "2022-09-06T00:00:00+02:00",
  "publisher" : "Sundhedsvæsnets Kvalistetsinstitut with Trifork Digital Health A/S",
  "contact" : [{
    "name" : "Sundhedsvæsnets Kvalistetsinstitut with Trifork Digital Health A/S",
    "telecom" : [{
      "system" : "url",
      "value" : "https://trifork.com"
    },
    {
      "system" : "email",
      "value" : "rbk@trifork.com"
    }]
  }],
  "description" : "Patientens boligform",
  "compose" : {
    "include" : [{
      "system" : "https://kip.rkkp.dk/fhir/CodeSystem/MaritalStatus",
      "concept" : [{
        "code" : "livingalone",
        "display" : "Alene"
      },
      {
        "code" : "livingalone_child",
        "display" : "Med børn"
      },
      {
        "code" : "married",
        "display" : "Med ægtefælle/partner"
      },
      {
        "code" : "married_child",
        "display" : "Med ægtefælle/partner og børn"
      },
      {
        "code" : "living_parents",
        "display" : "Med forældre"
      },
      {
        "code" : "cohabitant",
        "display" : "Samboende med andre"
      }]
    }]
  }
}