{
  "resourceType" : "ValueSet",
  "id" : "SKShjertesvigtDHD",
  "text" : {
    "status" : "extensions",
    "div" : "<div xmlns=\"http://www.w3.org/1999/xhtml\"><p class=\"res-header-id\"><b>Generated Narrative: ValueSet SKShjertesvigtDHD</b></p><a name=\"SKShjertesvigtDHD\"> </a><a name=\"hcSKShjertesvigtDHD\"> </a><a name=\"SKShjertesvigtDHD-en-US\"> </a><ul><li>Include these codes as defined in <a href=\"CodeSystem-SKS.html\"><code>https://kip.rkkp.dk/fhir/CodeSystem/SKS</code></a><table class=\"none\"><tr><td style=\"white-space:nowrap\"><b>Code</b></td><td><b>Display</b></td><td><b>Definition</b></td></tr><tr><td><a href=\"CodeSystem-SKS.html#SKS-DI110\">DI110</a></td><td>DI110 - Hypertensiv hjertesygdom med inkompenseret hjertesvigt</td><td>DI110 - Hypertensiv hjertesygdom med inkompenseret hjertesvigt</td></tr><tr><td><a href=\"CodeSystem-SKS.html#SKS-DI130\">DI130</a></td><td>DI130 - Hypertensiv hjertesygdom og nyresygdom med hjertesvigt</td><td>DI130 - Hypertensiv hjertesygdom og nyresygdom med hjertesvigt</td></tr><tr><td><a href=\"CodeSystem-SKS.html#SKS-DI132\">DI132</a></td><td>DI132 - Hypertensiv hjertesygdom og nyresygdom med hjertesvigt og nyresvigt</td><td>DI132 - Hypertensiv hjertesygdom og nyresygdom med hjertesvigt og nyresvigt</td></tr><tr><td><a href=\"CodeSystem-SKS.html#SKS-DI420\">DI420</a></td><td>DI420 - Dilateret kardiomyopati</td><td>DI420 - Dilateret kardiomyopati</td></tr><tr><td><a href=\"CodeSystem-SKS.html#SKS-DI426\">DI426</a></td><td>DI426 - Alkoholisk kardiomyopati</td><td>DI426 - Alkoholisk kardiomyopati</td></tr><tr><td><a href=\"CodeSystem-SKS.html#SKS-DI427\">DI427</a></td><td>DI427 - Kardiomyopati forårsaget af lægemiddel eller andet agens</td><td>DI427 - Kardiomyopati forårsaget af lægemiddel eller andet agens</td></tr><tr><td><a href=\"CodeSystem-SKS.html#SKS-DI429\">DI429</a></td><td>DI429 - Kardiomyopati UNS</td><td>DI429 - Kardiomyopati UNS</td></tr><tr><td><a href=\"CodeSystem-SKS.html#SKS-DI500\">DI500</a></td><td>DI500 - Kronisk hjerteinsufficiens</td><td>DI500 - Kronisk hjerteinsufficiens</td></tr><tr><td><a href=\"CodeSystem-SKS.html#SKS-DI501\">DI501</a></td><td>DI501 - Venstresidig hjerteinsufficiens</td><td>DI501 - Venstresidig hjerteinsufficiens</td></tr><tr><td><a href=\"CodeSystem-SKS.html#SKS-DI501B\">DI501B</a></td><td>DI501B - Kardielt lungeødem</td><td>DI501B - Kardielt lungeødem</td></tr><tr><td><a href=\"CodeSystem-SKS.html#SKS-DI509\">DI509</a></td><td>DI509 - Hjertesvigt UNS</td><td>DI509 - Hjertesvigt UNS</td></tr></table></li></ul></div>"
  },
  "url" : "https://kip.rkkp.dk/fhir/ValueSet/SKShjertesvigtDHD",
  "version" : "0.2.1",
  "name" : "SKShjertesvigtDHD",
  "title" : "SKS: hjertesvigt til DHD",
  "status" : "active",
  "experimental" : true,
  "date" : "2022-07-21T00:00:00+02:00",
  "publisher" : "Sundhedsvæsnets Kvalistetsinstitut with Trifork Digital Health A/S",
  "contact" : [{
    "name" : "Sundhedsvæsnets Kvalistetsinstitut with Trifork Digital Health A/S",
    "telecom" : [{
      "system" : "url",
      "value" : "https://trifork.com"
    },
    {
      "system" : "email",
      "value" : "rbk@trifork.com"
    }]
  }],
  "description" : "SKS koder relevante for DHD",
  "compose" : {
    "include" : [{
      "system" : "https://kip.rkkp.dk/fhir/CodeSystem/SKS",
      "concept" : [{
        "code" : "DI110",
        "display" : "DI110 - Hypertensiv hjertesygdom med inkompenseret hjertesvigt"
      },
      {
        "code" : "DI130",
        "display" : "DI130 - Hypertensiv hjertesygdom og nyresygdom med hjertesvigt"
      },
      {
        "code" : "DI132",
        "display" : "DI132 - Hypertensiv hjertesygdom og nyresygdom med hjertesvigt og nyresvigt"
      },
      {
        "code" : "DI420",
        "display" : "DI420 - Dilateret kardiomyopati"
      },
      {
        "code" : "DI426",
        "display" : "DI426 - Alkoholisk kardiomyopati"
      },
      {
        "code" : "DI427",
        "display" : "DI427 - Kardiomyopati forårsaget af lægemiddel eller andet agens"
      },
      {
        "code" : "DI429",
        "display" : "DI429 - Kardiomyopati UNS"
      },
      {
        "code" : "DI500",
        "display" : "DI500 - Kronisk hjerteinsufficiens"
      },
      {
        "code" : "DI501",
        "display" : "DI501 - Venstresidig hjerteinsufficiens"
      },
      {
        "code" : "DI501B",
        "display" : "DI501B - Kardielt lungeødem"
      },
      {
        "code" : "DI509",
        "display" : "DI509 - Hjertesvigt UNS"
      }]
    }]
  }
}