{
  "resourceType" : "ValueSet",
  "id" : "PatobankSNOMEDLeukemiaDiagnose",
  "text" : {
    "status" : "extensions",
    "div" : "<div xmlns=\"http://www.w3.org/1999/xhtml\"><p class=\"res-header-id\"><b>Generated Narrative: ValueSet PatobankSNOMEDLeukemiaDiagnose</b></p><a name=\"PatobankSNOMEDLeukemiaDiagnose\"> </a><a name=\"hcPatobankSNOMEDLeukemiaDiagnose\"> </a><a name=\"PatobankSNOMEDLeukemiaDiagnose-en-US\"> </a><ul><li>Include these codes as defined in <a href=\"CodeSystem-PatobankSNOMED.html\"><code>https://kip.rkkp.dk/fhir/CodeSystem/PatobankSNOMED</code></a><table class=\"none\"><tr><td style=\"white-space:nowrap\"><b>Code</b></td><td><b>Display</b></td><td><b>Definition</b></td></tr><tr><td><a href=\"CodeSystem-PatobankSNOMED.html#PatobankSNOMED-M98963\">M98963</a></td><td>M98963: AML m. t(8;21); RUNX1-RUNX1T1</td><td>AML m. t(8;21); RUNX1-RUNX1T1</td></tr><tr><td><a href=\"CodeSystem-PatobankSNOMED.html#PatobankSNOMED-M98713\">M98713</a></td><td>M98713: AML m. inv(16) el. t(16;16); CBFß-MYH11</td><td>AML m. inv(16) el. t(16;16); CBFß-MYH11</td></tr><tr><td><a href=\"CodeSystem-PatobankSNOMED.html#PatobankSNOMED-M98663\">M98663</a></td><td>M98663: akut promyelocyt leukæmi m. t(15;17); PML-RARa</td><td>akut promyelocyt leukæmi m. t(15;17); PML-RARa</td></tr><tr><td><a href=\"CodeSystem-PatobankSNOMED.html#PatobankSNOMED-M98973\">M98973</a></td><td>M98973: AML m. t(9;11); KMT2A-MLLT3</td><td>AML m. t(9;11); KMT2A-MLLT3</td></tr><tr><td><a href=\"CodeSystem-PatobankSNOMED.html#PatobankSNOMED-M98953\">M98953</a></td><td>M98953: AML m. myelodysplasi-relaterede forandringer</td><td>AML m. myelodysplasi-relaterede forandringer</td></tr><tr><td><a href=\"CodeSystem-PatobankSNOMED.html#PatobankSNOMED-M99203\">M99203</a></td><td>M99203: terapirelateret myeloid neoplasi</td><td>terapirelateret myeloid neoplasi</td></tr><tr><td><a href=\"CodeSystem-PatobankSNOMED.html#PatobankSNOMED-M98723\">M98723</a></td><td>M98723: akut myeloid leukæmi, minimalt differentieret</td><td>Akut myeloid leukæmi, minimalt differentieret</td></tr><tr><td><a href=\"CodeSystem-PatobankSNOMED.html#PatobankSNOMED-M98733\">M98733</a></td><td>M98733: akut myeloid leukæmi, uden modning</td><td>Akut myeloid leukæmi, uden modning</td></tr><tr><td><a href=\"CodeSystem-PatobankSNOMED.html#PatobankSNOMED-M98743\">M98743</a></td><td>M98743: akut myeloid leukæmi, med modning</td><td>Akut myeloid leukæmi, med modning</td></tr><tr><td><a href=\"CodeSystem-PatobankSNOMED.html#PatobankSNOMED-M98673\">M98673</a></td><td>M98673: akut myelomonocytær leukæmi</td><td>akut myelomonocytær leukæmi</td></tr><tr><td><a href=\"CodeSystem-PatobankSNOMED.html#PatobankSNOMED-M98913\">M98913</a></td><td>M98913: akut monoblastisk/monocytær leukæmi</td><td>Akut monoblastisk/monocytær leukæmi</td></tr><tr><td><a href=\"CodeSystem-PatobankSNOMED.html#PatobankSNOMED-M98403\">M98403</a></td><td>M98403: erytroleukæmi (FAB-type M6)</td><td>erytroleukæmi (FAB-type M6)</td></tr><tr><td><a href=\"CodeSystem-PatobankSNOMED.html#PatobankSNOMED-M99103\">M99103</a></td><td>M99103: akut megakaryoblastleukæmi</td><td>akut megakaryoblastleukæmi</td></tr><tr><td><a href=\"CodeSystem-PatobankSNOMED.html#PatobankSNOMED-M98703\">M98703</a></td><td>M98703: akut basofil leukæmi</td><td>akut basofil leukæmi</td></tr><tr><td><a href=\"CodeSystem-PatobankSNOMED.html#PatobankSNOMED-M99313\">M99313</a></td><td>M99313: panmyeloid proliferation med myelofibrose</td><td>panmyeloid proliferation med myelofibrose</td></tr><tr><td><a href=\"CodeSystem-PatobankSNOMED.html#PatobankSNOMED-M99303\">M99303</a></td><td>M99303: myeloidt sarkom</td><td>myeloidt sarkom</td></tr><tr><td><a href=\"CodeSystem-PatobankSNOMED.html#PatobankSNOMED-M98613\">M98613</a></td><td>M98613: akut myeloid leukæmi</td><td>akut myeloid leukæmi</td></tr><tr><td><a href=\"CodeSystem-PatobankSNOMED.html#PatobankSNOMED-M98013\">M98013</a></td><td>M98013: akut udifferentieret leukæmi</td><td>akut udifferentieret leukæmi</td></tr><tr><td><a href=\"CodeSystem-PatobankSNOMED.html#PatobankSNOMED-M98053\">M98053</a></td><td>M98053: akut leukæmi af ubestemmelig celletype</td><td>akut leukæmi af ubestemmelig celletype</td></tr><tr><td><a href=\"CodeSystem-PatobankSNOMED.html#PatobankSNOMED-M98353\">M98353</a></td><td>M98353: precursor B-lymfoblastisk leukæmi</td><td>precursor B-lymfoblastisk leukæmi</td></tr><tr><td><a href=\"CodeSystem-PatobankSNOMED.html#PatobankSNOMED-M98373\">M98373</a></td><td>M98373: precursor T-lymfoblastisk leukæmi</td><td>precursor T-lymfoblastisk leukæmi</td></tr><tr><td><a href=\"CodeSystem-PatobankSNOMED.html#PatobankSNOMED-M99833\">M99833</a></td><td>M99833: MDS med overskud af blaster</td><td>MDS med overskud af blaster</td></tr></table></li></ul></div>"
  },
  "url" : "https://kip.rkkp.dk/fhir/ValueSet/PatobankSNOMEDLeukemiaDiagnose",
  "version" : "0.2.1",
  "name" : "PatobankSNOMEDLeukemiaDiagnose",
  "title" : "Leukæmi diagnoser",
  "status" : "active",
  "experimental" : true,
  "date" : "2022-06-08T00:00:00+02:00",
  "publisher" : "Sundhedsvæsnets Kvalistetsinstitut with Trifork Digital Health A/S",
  "contact" : [{
    "name" : "Sundhedsvæsnets Kvalistetsinstitut with Trifork Digital Health A/S",
    "telecom" : [{
      "system" : "url",
      "value" : "https://trifork.com"
    },
    {
      "system" : "email",
      "value" : "rbk@trifork.com"
    }]
  }],
  "description" : "Leukæmi diagnoser",
  "compose" : {
    "include" : [{
      "system" : "https://kip.rkkp.dk/fhir/CodeSystem/PatobankSNOMED",
      "concept" : [{
        "code" : "M98963",
        "display" : "M98963: AML m. t(8;21); RUNX1-RUNX1T1"
      },
      {
        "code" : "M98713",
        "display" : "M98713: AML m. inv(16) el. t(16;16); CBFß-MYH11"
      },
      {
        "code" : "M98663",
        "display" : "M98663: akut promyelocyt leukæmi m. t(15;17); PML-RARa"
      },
      {
        "code" : "M98973",
        "display" : "M98973: AML m. t(9;11); KMT2A-MLLT3"
      },
      {
        "code" : "M98953",
        "display" : "M98953: AML m. myelodysplasi-relaterede forandringer"
      },
      {
        "code" : "M99203",
        "display" : "M99203: terapirelateret myeloid neoplasi"
      },
      {
        "code" : "M98723",
        "display" : "M98723: akut myeloid leukæmi, minimalt differentieret"
      },
      {
        "code" : "M98733",
        "display" : "M98733: akut myeloid leukæmi, uden modning"
      },
      {
        "code" : "M98743",
        "display" : "M98743: akut myeloid leukæmi, med modning"
      },
      {
        "code" : "M98673",
        "display" : "M98673: akut myelomonocytær leukæmi"
      },
      {
        "code" : "M98913",
        "display" : "M98913: akut monoblastisk/monocytær leukæmi"
      },
      {
        "code" : "M98403",
        "display" : "M98403: erytroleukæmi (FAB-type M6)"
      },
      {
        "code" : "M99103",
        "display" : "M99103: akut megakaryoblastleukæmi"
      },
      {
        "code" : "M98703",
        "display" : "M98703: akut basofil leukæmi"
      },
      {
        "code" : "M99313",
        "display" : "M99313: panmyeloid proliferation med myelofibrose"
      },
      {
        "code" : "M99303",
        "display" : "M99303: myeloidt sarkom"
      },
      {
        "code" : "M98613",
        "display" : "M98613: akut myeloid leukæmi"
      },
      {
        "code" : "M98013",
        "display" : "M98013: akut udifferentieret leukæmi"
      },
      {
        "code" : "M98053",
        "display" : "M98053: akut leukæmi af ubestemmelig celletype"
      },
      {
        "code" : "M98353",
        "display" : "M98353: precursor B-lymfoblastisk leukæmi"
      },
      {
        "code" : "M98373",
        "display" : "M98373: precursor T-lymfoblastisk leukæmi"
      },
      {
        "code" : "M99833",
        "display" : "M99833: MDS med overskud af blaster"
      }]
    }]
  }
}