{
  "resourceType" : "ValueSet",
  "id" : "KomponentPatellaMaterialeDKR",
  "text" : {
    "status" : "extensions",
    "div" : "<div xmlns=\"http://www.w3.org/1999/xhtml\"><p class=\"res-header-id\"><b>Generated Narrative: ValueSet KomponentPatellaMaterialeDKR</b></p><a name=\"KomponentPatellaMaterialeDKR\"> </a><a name=\"hcKomponentPatellaMaterialeDKR\"> </a><a name=\"KomponentPatellaMaterialeDKR-en-US\"> </a><ul><li>Include these codes as defined in <a href=\"CodeSystem-ImplantComponents.html\"><code>https://kip.rkkp.dk/fhir/CodeSystem/ImplantComponents</code></a><table class=\"none\"><tr><td style=\"white-space:nowrap\"><b>Code</b></td><td><b>Display</b></td><td><b>Definition</b></td></tr><tr><td><a href=\"CodeSystem-ImplantComponents.html#ImplantComponents-metal_backing\">metal_backing</a></td><td>Metal-backing</td><td>Metal-backing</td></tr><tr><td><a href=\"CodeSystem-ImplantComponents.html#ImplantComponents-polyethylene\">polyethylene</a></td><td>Polyethylen</td><td>Polyethylene / Polyethylen / SNOMED-CT: 71463006</td></tr></table></li></ul></div>"
  },
  "url" : "https://kip.rkkp.dk/fhir/ValueSet/KomponentPatellaMaterialeDKR",
  "version" : "0.2.1",
  "name" : "KomponentPatellaMaterialeDKR",
  "title" : "Komponent - patella materiale (DKR)",
  "status" : "active",
  "experimental" : true,
  "date" : "2022-10-13T00:00:00+02:00",
  "publisher" : "Sundhedsvæsnets Kvalistetsinstitut with Trifork Digital Health A/S",
  "contact" : [{
    "name" : "Sundhedsvæsnets Kvalistetsinstitut with Trifork Digital Health A/S",
    "telecom" : [{
      "system" : "url",
      "value" : "https://trifork.com"
    },
    {
      "system" : "email",
      "value" : "rbk@trifork.com"
    }]
  }],
  "description" : "Komponent - patella materiale (DKR)",
  "compose" : {
    "include" : [{
      "system" : "https://kip.rkkp.dk/fhir/CodeSystem/ImplantComponents",
      "concept" : [{
        "code" : "metal_backing",
        "display" : "Metal-backing"
      },
      {
        "code" : "polyethylene",
        "display" : "Polyethylen"
      }]
    }]
  }
}