{
  "resourceType" : "ValueSet",
  "id" : "AktivitetSportDKRR",
  "text" : {
    "status" : "extensions",
    "div" : "<div xmlns=\"http://www.w3.org/1999/xhtml\"><p class=\"res-header-id\"><b>Generated Narrative: ValueSet AktivitetSportDKRR</b></p><a name=\"AktivitetSportDKRR\"> </a><a name=\"hcAktivitetSportDKRR\"> </a><a name=\"AktivitetSportDKRR-en-US\"> </a><p>This value set includes codes based on the following rules:</p><ul><li>Include these codes as defined in <a href=\"CodeSystem-ActivityType.html\"><code>https://kip.rkkp.dk/fhir/CodeSystem/ActivityType</code></a><table class=\"none\"><tr><td style=\"white-space:nowrap\"><b>Code</b></td><td><b>Display</b></td><td><b>Definition</b></td></tr><tr><td><a href=\"CodeSystem-ActivityType.html#ActivityType-football\">football</a></td><td>Fodbold</td><td>Football / Fodbold</td></tr><tr><td><a href=\"CodeSystem-ActivityType.html#ActivityType-handball\">handball</a></td><td>Håndbold</td><td>Handball / Håndbold</td></tr><tr><td><a href=\"CodeSystem-ActivityType.html#ActivityType-alpine\">alpine</a></td><td>Alpint</td><td>Alpine / Alpint</td></tr><tr><td><a href=\"CodeSystem-ActivityType.html#ActivityType-snowboard\">snowboard</a></td><td>Snowboard</td><td>Snowboard</td></tr><tr><td><a href=\"CodeSystem-ActivityType.html#ActivityType-cross-country_skiing\">cross-country_skiing</a></td><td>Langrend</td><td>Cross-country skiing / Langrend</td></tr><tr><td><a href=\"CodeSystem-ActivityType.html#ActivityType-ice_hockey\">ice_hockey</a></td><td>Ishockey</td><td>Ice hockey / Ishockey</td></tr><tr><td><a href=\"CodeSystem-ActivityType.html#ActivityType-badminton\">badminton</a></td><td>Badminton</td><td>Badminton</td></tr><tr><td><a href=\"CodeSystem-ActivityType.html#ActivityType-tennis_squash\">tennis_squash</a></td><td>Tennis/Squash</td><td>Tennis/Squash</td></tr><tr><td><a href=\"CodeSystem-ActivityType.html#ActivityType-martial_arts\">martial_arts</a></td><td>Kampsport</td><td>Martial arts / Kampsport</td></tr><tr><td><a href=\"CodeSystem-ActivityType.html#ActivityType-basketball\">basketball</a></td><td>Basketball</td><td>Basketball</td></tr></table></li><li>Include these codes as defined in <a href=\"CodeSystem-GenericValues.html\"><code>https://kip.rkkp.dk/fhir/CodeSystem/GenericValues</code></a><table class=\"none\"><tr><td style=\"white-space:nowrap\"><b>Code</b></td><td><b>Display</b></td><td><b>Definition</b></td></tr><tr><td><a href=\"CodeSystem-GenericValues.html#GenericValues-other\">other</a></td><td>Anden idræt</td><td>Other - used to choose unspecific value not in a valueset</td></tr></table></li></ul></div>"
  },
  "url" : "https://kip.rkkp.dk/fhir/ValueSet/AktivitetSportDKRR",
  "version" : "0.2.1",
  "name" : "AktivitetSportDKRR",
  "title" : "Aktivitet: Sport (DKRR)",
  "status" : "active",
  "experimental" : true,
  "date" : "2022-09-19T00:00:00+02:00",
  "publisher" : "Sundhedsvæsnets Kvalistetsinstitut with Trifork Digital Health A/S",
  "contact" : [{
    "name" : "Sundhedsvæsnets Kvalistetsinstitut with Trifork Digital Health A/S",
    "telecom" : [{
      "system" : "url",
      "value" : "https://trifork.com"
    },
    {
      "system" : "email",
      "value" : "rbk@trifork.com"
    }]
  }],
  "description" : "Aktivitet: Sport (DKRR)",
  "compose" : {
    "include" : [{
      "system" : "https://kip.rkkp.dk/fhir/CodeSystem/ActivityType",
      "concept" : [{
        "code" : "football",
        "display" : "Fodbold"
      },
      {
        "code" : "handball",
        "display" : "Håndbold"
      },
      {
        "code" : "alpine",
        "display" : "Alpint"
      },
      {
        "code" : "snowboard",
        "display" : "Snowboard"
      },
      {
        "code" : "cross-country_skiing",
        "display" : "Langrend"
      },
      {
        "code" : "ice_hockey",
        "display" : "Ishockey"
      },
      {
        "code" : "badminton",
        "display" : "Badminton"
      },
      {
        "code" : "tennis_squash",
        "display" : "Tennis/Squash"
      },
      {
        "code" : "martial_arts",
        "display" : "Kampsport"
      },
      {
        "code" : "basketball",
        "display" : "Basketball"
      }]
    },
    {
      "system" : "https://kip.rkkp.dk/fhir/CodeSystem/GenericValues",
      "concept" : [{
        "code" : "other",
        "display" : "Anden idræt"
      }]
    }]
  }
}