{
  "resourceType" : "ValueSet",
  "id" : "BehandlingTilstraekkelig",
  "text" : {
    "status" : "extensions",
    "div" : "<div xmlns=\"http://www.w3.org/1999/xhtml\"><p class=\"res-header-id\"><b>Generated Narrative: ValueSet BehandlingTilstraekkelig</b></p><a name=\"BehandlingTilstraekkelig\"> </a><a name=\"hcBehandlingTilstraekkelig\"> </a><a name=\"BehandlingTilstraekkelig-en-US\"> </a><ul><li>Include these codes as defined in <a href=\"CodeSystem-TreatmentSufficient.html\"><code>https://kip.rkkp.dk/fhir/CodeSystem/TreatmentSufficient</code></a><table class=\"none\"><tr><td style=\"white-space:nowrap\"><b>Code</b></td><td><b>Display</b></td><td><b>Definition</b></td></tr><tr><td><a href=\"CodeSystem-TreatmentSufficient.html#TreatmentSufficient-sufficient\">sufficient</a></td><td>Sufficient behandling</td><td>Sufficient treatment</td></tr><tr><td><a href=\"CodeSystem-TreatmentSufficient.html#TreatmentSufficient-insufficient\">insufficient</a></td><td>Insufficient behandling</td><td>Insufficient treatment</td></tr></table></li></ul></div>"
  },
  "url" : "https://kip.rkkp.dk/fhir/ValueSet/BehandlingTilstraekkelig",
  "version" : "0.2.1",
  "name" : "BehandlingTilstraekkelig",
  "title" : "Behandling; Udfald for at angive om det er en tilstrækkelig behandling",
  "status" : "active",
  "experimental" : true,
  "date" : "2022-06-29T00:00:00+02:00",
  "publisher" : "Sundhedsvæsnets Kvalistetsinstitut with Trifork Digital Health A/S",
  "contact" : [{
    "name" : "Sundhedsvæsnets Kvalistetsinstitut with Trifork Digital Health A/S",
    "telecom" : [{
      "system" : "url",
      "value" : "https://trifork.com"
    },
    {
      "system" : "email",
      "value" : "rbk@trifork.com"
    }]
  }],
  "description" : "Behandling; Udfald for at angive om det er en tilstrækkelig behandling",
  "compose" : {
    "include" : [{
      "system" : "https://kip.rkkp.dk/fhir/CodeSystem/TreatmentSufficient",
      "concept" : [{
        "code" : "sufficient",
        "display" : "Sufficient behandling"
      },
      {
        "code" : "insufficient",
        "display" : "Insufficient behandling"
      }]
    }]
  }
}