{
  "resourceType" : "ValueSet",
  "id" : "MorsDiagnoseSocialtDNSL",
  "text" : {
    "status" : "generated",
    "div" : "<div xmlns=\"http://www.w3.org/1999/xhtml\"><p class=\"res-header-id\"><b>Generated Narrative: ValueSet MorsDiagnoseSocialtDNSL</b></p><a name=\"MorsDiagnoseSocialtDNSL\"> </a><a name=\"hcMorsDiagnoseSocialtDNSL\"> </a><a name=\"MorsDiagnoseSocialtDNSL-en-US\"> </a><ul><li>Include these codes as defined in <a href=\"CodeSystem-MorsDiagnosekoder.html\"><code>https://kip.rkkp.dk/fhir/CodeSystem/MorsDiagnosekoder</code></a><table class=\"none\"><tr><td style=\"white-space:nowrap\"><b>Code</b></td><td><b>Display</b></td></tr><tr><td><a href=\"CodeSystem-MorsDiagnosekoder.html#MorsDiagnosekoder-DN199\">DN199</a></td><td>DN199: Uræmi uden specifikation</td></tr><tr><td><a href=\"CodeSystem-MorsDiagnosekoder.html#MorsDiagnosekoder-DZ915\">DZ915</a></td><td>DZ915: Selvpåført skade</td></tr></table></li></ul></div>"
  },
  "url" : "https://kip.rkkp.dk/fhir/ValueSet/MorsDiagnoseSocialtDNSL",
  "version" : "0.2.1",
  "name" : "MorsDiagnoseSocialtDNSL",
  "title" : "Mors Diagnosekode - Socialt (DNSL)",
  "status" : "active",
  "experimental" : true,
  "date" : "2024-01-10T00:00:00+02:00",
  "publisher" : "Sundhedsvæsnets Kvalistetsinstitut with Trifork Digital Health A/S",
  "contact" : [{
    "name" : "Sundhedsvæsnets Kvalistetsinstitut with Trifork Digital Health A/S",
    "telecom" : [{
      "system" : "url",
      "value" : "https://trifork.com"
    },
    {
      "system" : "email",
      "value" : "rbk@trifork.com"
    }]
  }],
  "description" : "Mors Diagnosekode - Socialt (DNSL)",
  "compose" : {
    "include" : [{
      "system" : "https://kip.rkkp.dk/fhir/CodeSystem/MorsDiagnosekoder",
      "concept" : [{
        "code" : "DN199",
        "display" : "DN199: Uræmi uden specifikation"
      },
      {
        "code" : "DZ915",
        "display" : "DZ915: Selvpåført skade"
      }]
    }]
  }
}