{
  "resourceType" : "ValueSet",
  "id" : "OperationerAktuelDKRR",
  "text" : {
    "status" : "extensions",
    "div" : "<div xmlns=\"http://www.w3.org/1999/xhtml\"><p class=\"res-header-id\"><b>Generated Narrative: ValueSet OperationerAktuelDKRR</b></p><a name=\"OperationerAktuelDKRR\"> </a><a name=\"hcOperationerAktuelDKRR\"> </a><a name=\"OperationerAktuelDKRR-en-US\"> </a><p>This value set includes codes based on the following rules:</p><ul><li>Include these codes as defined in <a href=\"CodeSystem-OperationType.html\"><code>https://kip.rkkp.dk/fhir/CodeSystem/OperationType</code></a><table class=\"none\"><tr><td style=\"white-space:nowrap\"><b>Code</b></td><td><b>Display</b></td><td><b>Definition</b></td></tr><tr><td><a href=\"CodeSystem-OperationType.html#OperationType-primary\">primary</a></td><td>Primær rekonstruktion af forreste korsbånd</td><td>Primary</td></tr><tr><td><a href=\"CodeSystem-OperationType.html#OperationType-revision\">revision</a></td><td>Revisionsrekonstruktion</td><td>Revision</td></tr></table></li><li>Include these codes as defined in <a href=\"CodeSystem-ProcedureType.html\"><code>https://kip.rkkp.dk/fhir/CodeSystem/ProcedureType</code></a><table class=\"none\"><tr><td style=\"white-space:nowrap\"><b>Code</b></td><td><b>Display</b></td><td><b>Definition</b></td></tr><tr><td><a href=\"CodeSystem-ProcedureType.html#ProcedureType-multiple_ligaments_reconstruction\">multiple_ligaments_reconstruction</a></td><td>Flerligament-rekonstruktion (Inkl. isoleret PCL, LCL, MCL)</td><td>Multiple ligaments reconstruction / Flerligament-rekonstruktion (inkl. isoleret PCL, LCL, MCL)</td></tr></table></li></ul></div>"
  },
  "url" : "https://kip.rkkp.dk/fhir/ValueSet/OperationerAktuelDKRR",
  "version" : "0.2.1",
  "name" : "OperationerAktuelDKRR",
  "title" : "Operation - aktuel (DKRR)",
  "status" : "active",
  "experimental" : true,
  "date" : "2022-09-19T00:00:00+02:00",
  "publisher" : "Sundhedsvæsnets Kvalistetsinstitut with Trifork Digital Health A/S",
  "contact" : [{
    "name" : "Sundhedsvæsnets Kvalistetsinstitut with Trifork Digital Health A/S",
    "telecom" : [{
      "system" : "url",
      "value" : "https://trifork.com"
    },
    {
      "system" : "email",
      "value" : "rbk@trifork.com"
    }]
  }],
  "description" : "Operation - aktuel (DKRR)",
  "compose" : {
    "include" : [{
      "system" : "https://kip.rkkp.dk/fhir/CodeSystem/OperationType",
      "concept" : [{
        "code" : "primary",
        "display" : "Primær rekonstruktion af forreste korsbånd"
      },
      {
        "code" : "revision",
        "display" : "Revisionsrekonstruktion"
      }]
    },
    {
      "system" : "https://kip.rkkp.dk/fhir/CodeSystem/ProcedureType",
      "concept" : [{
        "code" : "multiple_ligaments_reconstruction",
        "display" : "Flerligament-rekonstruktion (Inkl. isoleret PCL, LCL, MCL)"
      }]
    }]
  }
}