{
  "resourceType" : "ValueSet",
  "id" : "TreatmentMethodMRD",
  "text" : {
    "status" : "extensions",
    "div" : "<div xmlns=\"http://www.w3.org/1999/xhtml\"><p class=\"res-header-id\"><b>Generated Narrative: ValueSet TreatmentMethodMRD</b></p><a name=\"TreatmentMethodMRD\"> </a><a name=\"hcTreatmentMethodMRD\"> </a><a name=\"TreatmentMethodMRD-en-US\"> </a><ul><li>Include these codes as defined in <a href=\"CodeSystem-TreatmentMethodMRD.html\"><code>https://kip.rkkp.dk/fhir/CodeSystem/TreatmentMethodMRD</code></a><table class=\"none\"><tr><td style=\"white-space:nowrap\"><b>Code</b></td><td><b>Display</b></td><td><b>Definition</b></td></tr><tr><td><a href=\"CodeSystem-TreatmentMethodMRD.html#TreatmentMethodMRD-flow\">flow</a></td><td>Flow</td><td>Flow</td></tr><tr><td><a href=\"CodeSystem-TreatmentMethodMRD.html#TreatmentMethodMRD-ngs\">ngs</a></td><td>NGS</td><td>NGS</td></tr><tr><td><a href=\"CodeSystem-TreatmentMethodMRD.html#TreatmentMethodMRD-pct\">pct</a></td><td>PCT</td><td>PCT</td></tr><tr><td><a href=\"CodeSystem-TreatmentMethodMRD.html#TreatmentMethodMRD-pet\">pet</a></td><td>PET</td><td>PET</td></tr></table></li></ul></div>"
  },
  "url" : "https://kip.rkkp.dk/fhir/ValueSet/TreatmentMethodMRD",
  "version" : "0.2.1",
  "name" : "TreatmentMethodMRD",
  "title" : "Behandlingsmetode MRD",
  "status" : "active",
  "experimental" : true,
  "date" : "2022-07-14T00:00:00+02:00",
  "publisher" : "Sundhedsvæsnets Kvalistetsinstitut with Trifork Digital Health A/S",
  "contact" : [{
    "name" : "Sundhedsvæsnets Kvalistetsinstitut with Trifork Digital Health A/S",
    "telecom" : [{
      "system" : "url",
      "value" : "https://trifork.com"
    },
    {
      "system" : "email",
      "value" : "rbk@trifork.com"
    }]
  }],
  "description" : "Anvendt behandlingsmetode MRD [DAMYDA]",
  "compose" : {
    "include" : [{
      "system" : "https://kip.rkkp.dk/fhir/CodeSystem/TreatmentMethodMRD",
      "concept" : [{
        "code" : "flow",
        "display" : "Flow"
      },
      {
        "code" : "ngs",
        "display" : "NGS"
      },
      {
        "code" : "pct",
        "display" : "PCT"
      },
      {
        "code" : "pet",
        "display" : "PET"
      }]
    }]
  }
}