{
  "resourceType" : "ValueSet",
  "id" : "DiagnoseDANDEM",
  "text" : {
    "status" : "extensions",
    "div" : "<div xmlns=\"http://www.w3.org/1999/xhtml\"><p class=\"res-header-id\"><b>Generated Narrative: ValueSet DiagnoseDANDEM</b></p><a name=\"DiagnoseDANDEM\"> </a><a name=\"hcDiagnoseDANDEM\"> </a><a name=\"DiagnoseDANDEM-en-US\"> </a><p>This value set includes codes based on the following rules:</p><ul><li>Include these codes as defined in <a href=\"CodeSystem-DiseasesUnspecified.html\"><code>https://kip.rkkp.dk/fhir/CodeSystem/DiseasesUnspecified</code></a><table class=\"none\"><tr><td style=\"white-space:nowrap\"><b>Code</b></td><td><b>Display</b></td><td><b>Definition</b></td></tr><tr><td><a href=\"CodeSystem-DiseasesUnspecified.html#DiseasesUnspecified-alzheimers_dementia\">alzheimers_dementia</a></td><td>Alzheimer sygdom</td><td>Alzheimers demens</td></tr><tr><td><a href=\"CodeSystem-DiseasesUnspecified.html#DiseasesUnspecified-lewy_body_dementia\">lewy_body_dementia</a></td><td>Lewy Body sygdom</td><td>Lewy Body demens</td></tr><tr><td><a href=\"CodeSystem-DiseasesUnspecified.html#DiseasesUnspecified-parkinson_dementia\">parkinson_dementia</a></td><td>Parkinson sygdom</td><td>Parkinson demens</td></tr><tr><td><a href=\"CodeSystem-DiseasesUnspecified.html#DiseasesUnspecified-vascular_dementia\">vascular_dementia</a></td><td>Cerebrovaskulær sygdom </td><td>Vaskulær demens</td></tr><tr><td><a href=\"CodeSystem-DiseasesUnspecified.html#DiseasesUnspecified-mixed_dementia\">mixed_dementia</a></td><td>Mixed (Alzheimer + Cerebrovaskulær)</td><td>Mixed demens (Alzheimers + vaskulær)</td></tr><tr><td><a href=\"CodeSystem-DiseasesUnspecified.html#DiseasesUnspecified-frontotemporal_dementia\">frontotemporal_dementia</a></td><td>Frontotemporal demens</td><td>Frontotemporal demens</td></tr><tr><td><a href=\"CodeSystem-DiseasesUnspecified.html#DiseasesUnspecified-atypical_parkinson_dementia\">atypical_parkinson_dementia</a></td><td>Atypisk Parkinson (MSA, CBS, PSP)</td><td>Atypisk Parkinson demens</td></tr><tr><td><a href=\"CodeSystem-DiseasesUnspecified.html#DiseasesUnspecified-hydrocephalus_dementia\">hydrocephalus_dementia</a></td><td>Normaltryks hydrocephalus (NPH)</td><td>Normaltryks hydrocephalus demens</td></tr><tr><td><a href=\"CodeSystem-DiseasesUnspecified.html#DiseasesUnspecified-huntingtons_chorea_dementia\">huntingtons_chorea_dementia</a></td><td>Huntingtons sygdom</td><td>Huntingtons Chorea demens</td></tr><tr><td><a href=\"CodeSystem-DiseasesUnspecified.html#DiseasesUnspecified-alchohol_dementia\">alchohol_dementia</a></td><td>Alkohol</td><td>Alkohol demens</td></tr><tr><td><a href=\"CodeSystem-DiseasesUnspecified.html#DiseasesUnspecified-neurodegenerative_dementia\">neurodegenerative_dementia</a></td><td>Anden specifik neurodegenerativ sygdom</td><td>Neurodegenerativ demens</td></tr><tr><td><a href=\"CodeSystem-DiseasesUnspecified.html#DiseasesUnspecified-not_affective_dementia\">not_affective_dementia</a></td><td>Anden ikke neurodegenerativ sygdom</td><td>Ikke-affektiv demens</td></tr><tr><td><a href=\"CodeSystem-DiseasesUnspecified.html#DiseasesUnspecified-affective_dementia\">affective_dementia</a></td><td>Psykiatrisk sygdom</td><td>Affektiv demens</td></tr></table></li><li>Include these codes as defined in <a href=\"CodeSystem-GenericValues.html\"><code>https://kip.rkkp.dk/fhir/CodeSystem/GenericValues</code></a><table class=\"none\"><tr><td style=\"white-space:nowrap\"><b>Code</b></td><td><b>Display</b></td><td><b>Definition</b></td></tr><tr><td><a href=\"CodeSystem-GenericValues.html#GenericValues-uncercertain\">uncercertain</a></td><td>Uafklaret ætiologi</td><td>Uncertain / SNOMED-CT: 64957009</td></tr></table></li></ul></div>"
  },
  "url" : "https://kip.rkkp.dk/fhir/ValueSet/DiagnoseDANDEM",
  "version" : "0.2.1",
  "name" : "DiagnoseDANDEM",
  "title" : "Diagnose (DANDEM)",
  "status" : "active",
  "experimental" : true,
  "date" : "2022-07-19T00:00:00+02:00",
  "publisher" : "Sundhedsvæsnets Kvalistetsinstitut with Trifork Digital Health A/S",
  "contact" : [{
    "name" : "Sundhedsvæsnets Kvalistetsinstitut with Trifork Digital Health A/S",
    "telecom" : [{
      "system" : "url",
      "value" : "https://trifork.com"
    },
    {
      "system" : "email",
      "value" : "rbk@trifork.com"
    }]
  }],
  "description" : "Diagnose (DANDEM)",
  "compose" : {
    "include" : [{
      "system" : "https://kip.rkkp.dk/fhir/CodeSystem/DiseasesUnspecified",
      "concept" : [{
        "code" : "alzheimers_dementia",
        "display" : "Alzheimer sygdom"
      },
      {
        "code" : "lewy_body_dementia",
        "display" : "Lewy Body sygdom"
      },
      {
        "code" : "parkinson_dementia",
        "display" : "Parkinson sygdom"
      },
      {
        "code" : "vascular_dementia",
        "display" : "Cerebrovaskulær sygdom "
      },
      {
        "code" : "mixed_dementia",
        "display" : "Mixed (Alzheimer + Cerebrovaskulær)"
      },
      {
        "code" : "frontotemporal_dementia",
        "display" : "Frontotemporal demens"
      },
      {
        "code" : "atypical_parkinson_dementia",
        "display" : "Atypisk Parkinson (MSA, CBS, PSP)"
      },
      {
        "code" : "hydrocephalus_dementia",
        "display" : "Normaltryks hydrocephalus (NPH)"
      },
      {
        "code" : "huntingtons_chorea_dementia",
        "display" : "Huntingtons sygdom"
      },
      {
        "code" : "alchohol_dementia",
        "display" : "Alkohol"
      },
      {
        "code" : "neurodegenerative_dementia",
        "display" : "Anden specifik neurodegenerativ sygdom"
      },
      {
        "code" : "not_affective_dementia",
        "display" : "Anden ikke neurodegenerativ sygdom"
      },
      {
        "code" : "affective_dementia",
        "display" : "Psykiatrisk sygdom"
      }]
    },
    {
      "system" : "https://kip.rkkp.dk/fhir/CodeSystem/GenericValues",
      "concept" : [{
        "code" : "uncercertain",
        "display" : "Uafklaret ætiologi"
      }]
    }]
  }
}