{
  "resourceType" : "ValueSet",
  "id" : "SKSSymptomatiskAsymptomatisk",
  "text" : {
    "status" : "extensions",
    "div" : "<div xmlns=\"http://www.w3.org/1999/xhtml\"><p class=\"res-header-id\"><b>Generated Narrative: ValueSet SKSSymptomatiskAsymptomatisk</b></p><a name=\"SKSSymptomatiskAsymptomatisk\"> </a><a name=\"hcSKSSymptomatiskAsymptomatisk\"> </a><a name=\"SKSSymptomatiskAsymptomatisk-en-US\"> </a><ul><li>Include these codes as defined in <a href=\"CodeSystem-SKS.html\"><code>https://kip.rkkp.dk/fhir/CodeSystem/SKS</code></a><table class=\"none\"><tr><td style=\"white-space:nowrap\"><b>Code</b></td><td><b>Display</b></td><td><b>Definition</b></td></tr><tr><td><a href=\"CodeSystem-SKS.html#SKS-ZDI021\">ZDI021</a></td><td>Asymptomatisk</td><td>ZDI021 - asymptomatisk</td></tr><tr><td><a href=\"CodeSystem-SKS.html#SKS-ZDI022\">ZDI022</a></td><td>Symptomatisk</td><td>ZDI022 - symptomatisk</td></tr></table></li></ul></div>"
  },
  "url" : "https://kip.rkkp.dk/fhir/ValueSet/SKSSymptomatiskAsymptomatisk",
  "version" : "0.2.1",
  "name" : "SKSSymptomatiskAsymptomatisk",
  "title" : "SKS: Symptomatisk/Asymptomatisk koder",
  "status" : "active",
  "experimental" : true,
  "date" : "2022-06-21T00:00:00+02:00",
  "publisher" : "Sundhedsvæsnets Kvalistetsinstitut with Trifork Digital Health A/S",
  "contact" : [{
    "name" : "Sundhedsvæsnets Kvalistetsinstitut with Trifork Digital Health A/S",
    "telecom" : [{
      "system" : "url",
      "value" : "https://trifork.com"
    },
    {
      "system" : "email",
      "value" : "rbk@trifork.com"
    }]
  }],
  "description" : "SKS koderne for symptomatisk/asymptomatisk",
  "compose" : {
    "include" : [{
      "system" : "https://kip.rkkp.dk/fhir/CodeSystem/SKS",
      "concept" : [{
        "code" : "ZDI021",
        "display" : "Asymptomatisk"
      },
      {
        "code" : "ZDI022",
        "display" : "Symptomatisk"
      }]
    }]
  }
}