{
  "resourceType" : "ValueSet",
  "id" : "NIHSS1cBevidsthedsniveau",
  "text" : {
    "status" : "extensions",
    "div" : "<div xmlns=\"http://www.w3.org/1999/xhtml\"><p class=\"res-header-id\"><b>Generated Narrative: ValueSet NIHSS1cBevidsthedsniveau</b></p><a name=\"NIHSS1cBevidsthedsniveau\"> </a><a name=\"hcNIHSS1cBevidsthedsniveau\"> </a><a name=\"NIHSS1cBevidsthedsniveau-en-US\"> </a><ul><li>Include these codes as defined in <a href=\"CodeSystem-NIHSS1cLOC.html\"><code>https://kip.rkkp.dk/fhir/CodeSystem/NIHSS1cLOC</code></a><table class=\"none\"><tr><td style=\"white-space:nowrap\"><b>Code</b></td><td><b>Display</b></td><td><b>Definition</b></td></tr><tr><td><a href=\"CodeSystem-NIHSS1cLOC.html#NIHSS1cLOC-0\">0</a></td><td>0 = Udfører begge ordrer korrekt</td><td>Performs both tasks correctly.</td></tr><tr><td><a href=\"CodeSystem-NIHSS1cLOC.html#NIHSS1cLOC-1\">1</a></td><td>1 = Udfører én ordre korrekt</td><td>Performs one task correctly.</td></tr><tr><td><a href=\"CodeSystem-NIHSS1cLOC.html#NIHSS1cLOC-2\">2</a></td><td>2 = Ingen af ordrerne udført korrekt</td><td>Performs neither task correctly.</td></tr></table></li></ul></div>"
  },
  "url" : "https://kip.rkkp.dk/fhir/ValueSet/NIHSS1cBevidsthedsniveau",
  "version" : "0.2.1",
  "name" : "NIHSS1cBevidsthedsniveau",
  "title" : "NIHSS - 1c. Bevidsthedsniveau: ordrer",
  "status" : "active",
  "experimental" : true,
  "date" : "2022-06-24T00:00:00+02:00",
  "publisher" : "Sundhedsvæsnets Kvalistetsinstitut with Trifork Digital Health A/S",
  "contact" : [{
    "name" : "Sundhedsvæsnets Kvalistetsinstitut with Trifork Digital Health A/S",
    "telecom" : [{
      "system" : "url",
      "value" : "https://trifork.com"
    },
    {
      "system" : "email",
      "value" : "rbk@trifork.com"
    }]
  }],
  "description" : "The National Institute of Health Stroke Scale (NIHSS) - 1c. Bevidsthedsniveau: ordrer",
  "compose" : {
    "include" : [{
      "system" : "https://kip.rkkp.dk/fhir/CodeSystem/NIHSS1cLOC",
      "concept" : [{
        "code" : "0",
        "display" : "0 = Udfører begge ordrer korrekt"
      },
      {
        "code" : "1",
        "display" : "1 = Udfører én ordre korrekt"
      },
      {
        "code" : "2",
        "display" : "2 = Ingen af ordrerne udført korrekt"
      }]
    }]
  }
}