{
  "resourceType" : "ValueSet",
  "id" : "ReferredForTraining",
  "text" : {
    "status" : "extensions",
    "div" : "<div xmlns=\"http://www.w3.org/1999/xhtml\"><p class=\"res-header-id\"><b>Generated Narrative: ValueSet ReferredForTraining</b></p><a name=\"ReferredForTraining\"> </a><a name=\"hcReferredForTraining\"> </a><a name=\"ReferredForTraining-en-US\"> </a><ul><li>Include these codes as defined in <a href=\"CodeSystem-ReferredForTraining.html\"><code>https://kip.rkkp.dk/fhir/CodeSystem/ReferredForTraining</code></a><table class=\"none\"><tr><td style=\"white-space:nowrap\"><b>Code</b></td><td><b>Display</b></td><td><b>Definition</b></td></tr><tr><td><a href=\"CodeSystem-ReferredForTraining.html#ReferredForTraining-hospitalregi\">hospitalregi</a></td><td>Henvist til superviseret fysisk træning i hospitalsregi</td><td>Henvist til superviseret fysisk træning i hospitalsregi</td></tr><tr><td><a href=\"CodeSystem-ReferredForTraining.html#ReferredForTraining-kommunaltregi\">kommunaltregi</a></td><td>Henvist til superviseret fysisk træning i kommunalt regi</td><td>envist til superviseret fysisk træning i kommunalt regi</td></tr></table></li></ul></div>"
  },
  "url" : "https://kip.rkkp.dk/fhir/ValueSet/ReferredForTraining",
  "version" : "0.2.1",
  "name" : "ReferredForTraining",
  "title" : "Uddybning af hvor patienten er henvist til fysisk træning",
  "status" : "active",
  "experimental" : true,
  "date" : "2022-07-21T00:00:00+02:00",
  "publisher" : "Sundhedsvæsnets Kvalistetsinstitut with Trifork Digital Health A/S",
  "contact" : [{
    "name" : "Sundhedsvæsnets Kvalistetsinstitut with Trifork Digital Health A/S",
    "telecom" : [{
      "system" : "url",
      "value" : "https://trifork.com"
    },
    {
      "system" : "email",
      "value" : "rbk@trifork.com"
    }]
  }],
  "description" : "Uddybning af hvor patienten er henvist til fysisk træning",
  "compose" : {
    "include" : [{
      "system" : "https://kip.rkkp.dk/fhir/CodeSystem/ReferredForTraining",
      "concept" : [{
        "code" : "hospitalregi",
        "display" : "Henvist til superviseret fysisk træning i hospitalsregi"
      },
      {
        "code" : "kommunaltregi",
        "display" : "Henvist til superviseret fysisk træning i kommunalt regi"
      }]
    }]
  }
}