{
  "resourceType" : "ValueSet",
  "id" : "ReoperationAarsagDKRR",
  "text" : {
    "status" : "extensions",
    "div" : "<div xmlns=\"http://www.w3.org/1999/xhtml\"><p class=\"res-header-id\"><b>Generated Narrative: ValueSet ReoperationAarsagDKRR</b></p><a name=\"ReoperationAarsagDKRR\"> </a><a name=\"hcReoperationAarsagDKRR\"> </a><a name=\"ReoperationAarsagDKRR-en-US\"> </a><p>This value set includes codes based on the following rules:</p><ul><li>Include these codes as defined in <a href=\"CodeSystem-ReoperationCause.html\"><code>https://kip.rkkp.dk/fhir/CodeSystem/ReoperationCause</code></a><table class=\"none\"><tr><td style=\"white-space:nowrap\"><b>Code</b></td><td><b>Display</b></td><td><b>Definition</b></td></tr><tr><td><a href=\"CodeSystem-ReoperationCause.html#ReoperationCause-infection\">infection</a></td><td>Infektion</td><td>Infektion</td></tr><tr><td><a href=\"CodeSystem-ReoperationCause.html#ReoperationCause-movement_restriction\">movement_restriction</a></td><td>Bevægelsesindskrænkning (artrofibrose)</td><td>Bevægelsesindskrænkning (artrofibrose)</td></tr><tr><td><a href=\"CodeSystem-ReoperationCause.html#ReoperationCause-meniscus_damage\">meniscus_damage</a></td><td>Menisk skade</td><td>Menisk skade</td></tr><tr><td><a href=\"CodeSystem-ReoperationCause.html#ReoperationCause-cartilage_damage\">cartilage_damage</a></td><td>Brusk skade</td><td>Brusk skade</td></tr><tr><td><a href=\"CodeSystem-ReoperationCause.html#ReoperationCause-implant_removed\">implant_removed</a></td><td>Implantat fjernet</td><td>Implantat fjernet</td></tr><tr><td><a href=\"CodeSystem-ReoperationCause.html#ReoperationCause-cicatricial_tissue\">cicatricial_tissue</a></td><td>Arvæv/Cyklop dannelse</td><td>Arvæv/Cyklop dannelse</td></tr></table></li><li>Include these codes as defined in <a href=\"CodeSystem-GenericValues.html\"><code>https://kip.rkkp.dk/fhir/CodeSystem/GenericValues</code></a><table class=\"none\"><tr><td style=\"white-space:nowrap\"><b>Code</b></td><td><b>Display</b></td><td><b>Definition</b></td></tr><tr><td><a href=\"CodeSystem-GenericValues.html#GenericValues-other\">other</a></td><td>Andet</td><td>Other - used to choose unspecific value not in a valueset</td></tr></table></li></ul></div>"
  },
  "url" : "https://kip.rkkp.dk/fhir/ValueSet/ReoperationAarsagDKRR",
  "version" : "0.2.1",
  "name" : "ReoperationAarsagDKRR",
  "title" : "Reoperation årsager (DKRR)",
  "status" : "active",
  "experimental" : true,
  "date" : "2022-06-01T00:00:00+02:00",
  "publisher" : "Sundhedsvæsnets Kvalistetsinstitut with Trifork Digital Health A/S",
  "contact" : [{
    "name" : "Sundhedsvæsnets Kvalistetsinstitut with Trifork Digital Health A/S",
    "telecom" : [{
      "system" : "url",
      "value" : "https://trifork.com"
    },
    {
      "system" : "email",
      "value" : "rbk@trifork.com"
    }]
  }],
  "description" : "Årsager til reoperation indenfor 1 år (DKRR)",
  "compose" : {
    "include" : [{
      "system" : "https://kip.rkkp.dk/fhir/CodeSystem/ReoperationCause",
      "concept" : [{
        "code" : "infection",
        "display" : "Infektion"
      },
      {
        "code" : "movement_restriction",
        "display" : "Bevægelsesindskrænkning (artrofibrose)"
      },
      {
        "code" : "meniscus_damage",
        "display" : "Menisk skade"
      },
      {
        "code" : "cartilage_damage",
        "display" : "Brusk skade"
      },
      {
        "code" : "implant_removed",
        "display" : "Implantat fjernet"
      },
      {
        "code" : "cicatricial_tissue",
        "display" : "Arvæv/Cyklop dannelse"
      }]
    },
    {
      "system" : "https://kip.rkkp.dk/fhir/CodeSystem/GenericValues",
      "concept" : [{
        "code" : "other",
        "display" : "Andet"
      }]
    }]
  }
}