{
  "resourceType" : "ValueSet",
  "id" : "NIHSS3Synsfelt",
  "text" : {
    "status" : "extensions",
    "div" : "<div xmlns=\"http://www.w3.org/1999/xhtml\"><p class=\"res-header-id\"><b>Generated Narrative: ValueSet NIHSS3Synsfelt</b></p><a name=\"NIHSS3Synsfelt\"> </a><a name=\"hcNIHSS3Synsfelt\"> </a><a name=\"NIHSS3Synsfelt-en-US\"> </a><ul><li>Include these codes as defined in <a href=\"CodeSystem-NIHSS3Visual.html\"><code>https://kip.rkkp.dk/fhir/CodeSystem/NIHSS3Visual</code></a><table class=\"none\"><tr><td style=\"white-space:nowrap\"><b>Code</b></td><td><b>Display</b></td><td><b>Definition</b></td></tr><tr><td><a href=\"CodeSystem-NIHSS3Visual.html#NIHSS3Visual-0\">0</a></td><td>0 = Normalt synsfelt</td><td>No visual loss.</td></tr><tr><td><a href=\"CodeSystem-NIHSS3Visual.html#NIHSS3Visual-1\">1</a></td><td>1 = Partiel hemianopsi</td><td>Partial hemianopia.</td></tr><tr><td><a href=\"CodeSystem-NIHSS3Visual.html#NIHSS3Visual-2\">2</a></td><td>2 = Komplet hemianopsi</td><td>Complete hemianopia.</td></tr><tr><td><a href=\"CodeSystem-NIHSS3Visual.html#NIHSS3Visual-3\">3</a></td><td>3 = Bilateral blindhed (blind inkl. kortikal blindhed)</td><td>Bilateral hemianopia (blind including cortical blindness).</td></tr></table></li></ul></div>"
  },
  "url" : "https://kip.rkkp.dk/fhir/ValueSet/NIHSS3Synsfelt",
  "version" : "0.2.1",
  "name" : "NIHSS3Synsfelt",
  "title" : "NIHSS - 3. Test af synsfelt",
  "status" : "active",
  "experimental" : true,
  "date" : "2022-06-27T00:00:00+02:00",
  "publisher" : "Sundhedsvæsnets Kvalistetsinstitut with Trifork Digital Health A/S",
  "contact" : [{
    "name" : "Sundhedsvæsnets Kvalistetsinstitut with Trifork Digital Health A/S",
    "telecom" : [{
      "system" : "url",
      "value" : "https://trifork.com"
    },
    {
      "system" : "email",
      "value" : "rbk@trifork.com"
    }]
  }],
  "description" : "The National Institute of Health Stroke Scale (NIHSS) - 3. Test af synsfelt",
  "compose" : {
    "include" : [{
      "system" : "https://kip.rkkp.dk/fhir/CodeSystem/NIHSS3Visual",
      "concept" : [{
        "code" : "0",
        "display" : "0 = Normalt synsfelt"
      },
      {
        "code" : "1",
        "display" : "1 = Partiel hemianopsi"
      },
      {
        "code" : "2",
        "display" : "2 = Komplet hemianopsi"
      },
      {
        "code" : "3",
        "display" : "3 = Bilateral blindhed (blind inkl. kortikal blindhed)"
      }]
    }]
  }
}