{
  "resourceType" : "ValueSet",
  "id" : "NeoadjuverendeBehandling",
  "text" : {
    "status" : "extensions",
    "div" : "<div xmlns=\"http://www.w3.org/1999/xhtml\"><p class=\"res-header-id\"><b>Generated Narrative: ValueSet NeoadjuverendeBehandling</b></p><a name=\"NeoadjuverendeBehandling\"> </a><a name=\"hcNeoadjuverendeBehandling\"> </a><a name=\"NeoadjuverendeBehandling-en-US\"> </a><ul><li>Include these codes as defined in <a href=\"CodeSystem-TreatmentType.html\"><code>https://kip.rkkp.dk/fhir/CodeSystem/TreatmentType</code></a><table class=\"none\"><tr><td style=\"white-space:nowrap\"><b>Code</b></td><td><b>Display</b></td><td><b>Definition</b></td></tr><tr><td><a href=\"CodeSystem-TreatmentType.html#TreatmentType-radiotherapy\">radiotherapy</a></td><td>Strålebehandling</td><td>Radiation / Strålebehandling</td></tr><tr><td><a href=\"CodeSystem-TreatmentType.html#TreatmentType-chemotherapy\">chemotherapy</a></td><td>Kemoterapi</td><td>Chemotherapy / Kemoterapi</td></tr><tr><td><a href=\"CodeSystem-TreatmentType.html#TreatmentType-chemoradiationtherapy\">chemoradiationtherapy</a></td><td>Kemostråleterapi</td><td>Chemoradiationtherapy / Kemostråleterapi</td></tr><tr><td><a href=\"CodeSystem-TreatmentType.html#TreatmentType-immunotherapy\">immunotherapy</a></td><td>Immunterapi</td><td>Immunotherapy / Immunterapi</td></tr><tr><td><a href=\"CodeSystem-TreatmentType.html#TreatmentType-uns\">uns</a></td><td>UNS</td><td>UNS</td></tr></table></li></ul></div>"
  },
  "url" : "https://kip.rkkp.dk/fhir/ValueSet/NeoadjuverendeBehandling",
  "version" : "0.2.1",
  "name" : "NeoadjuverendeBehandling",
  "title" : "Neoadjuverende behandling DCCG",
  "status" : "active",
  "experimental" : true,
  "date" : "2022-09-07T00:00:00+02:00",
  "publisher" : "Sundhedsvæsnets Kvalistetsinstitut with Trifork Digital Health A/S",
  "contact" : [{
    "name" : "Sundhedsvæsnets Kvalistetsinstitut with Trifork Digital Health A/S",
    "telecom" : [{
      "system" : "url",
      "value" : "https://trifork.com"
    },
    {
      "system" : "email",
      "value" : "rbk@trifork.com"
    }]
  }],
  "description" : "Neoadjuverende behandling DCCG",
  "compose" : {
    "include" : [{
      "system" : "https://kip.rkkp.dk/fhir/CodeSystem/TreatmentType",
      "concept" : [{
        "code" : "radiotherapy",
        "display" : "Strålebehandling"
      },
      {
        "code" : "chemotherapy",
        "display" : "Kemoterapi"
      },
      {
        "code" : "chemoradiationtherapy",
        "display" : "Kemostråleterapi"
      },
      {
        "code" : "immunotherapy",
        "display" : "Immunterapi"
      },
      {
        "code" : "uns",
        "display" : "UNS"
      }]
    }]
  }
}