{
  "resourceType" : "CodeSystem",
  "id" : "DSAFindingsLocation",
  "text" : {
    "status" : "generated",
    "div" : "<div xmlns=\"http://www.w3.org/1999/xhtml\"><p class=\"res-header-id\"><b>Generated Narrative: CodeSystem DSAFindingsLocation</b></p><a name=\"DSAFindingsLocation\"> </a><a name=\"hcDSAFindingsLocation\"> </a><a name=\"DSAFindingsLocation-en-US\"> </a><p>This  code system <code>https://kip.rkkp.dk/fhir/CodeSystem/DSAFindingsLocation</code> defines the following codes:</p><table class=\"codes\"><tr><td style=\"white-space:nowrap\"><b>Code</b></td><td><b>Display</b></td><td><b>Definition</b></td></tr><tr><td style=\"white-space:nowrap\">cca<a name=\"DSAFindingsLocation-cca\"> </a></td><td>CCA</td><td>CCA</td></tr><tr><td style=\"white-space:nowrap\">ica<a name=\"DSAFindingsLocation-ica\"> </a></td><td>ICA</td><td>ICA</td></tr><tr><td style=\"white-space:nowrap\">ica-t<a name=\"DSAFindingsLocation-ica-t\"> </a></td><td>ICA-T</td><td>ICA-T</td></tr><tr><td style=\"white-space:nowrap\">mca1<a name=\"DSAFindingsLocation-mca1\"> </a></td><td>MCA 1</td><td>MCA 1</td></tr><tr><td style=\"white-space:nowrap\">mca2<a name=\"DSAFindingsLocation-mca2\"> </a></td><td>MCA 2</td><td>MCA 2</td></tr><tr><td style=\"white-space:nowrap\">aca<a name=\"DSAFindingsLocation-aca\"> </a></td><td>ACA</td><td>ACA</td></tr><tr><td style=\"white-space:nowrap\">va<a name=\"DSAFindingsLocation-va\"> </a></td><td>VA</td><td>VA</td></tr><tr><td style=\"white-space:nowrap\">ba<a name=\"DSAFindingsLocation-ba\"> </a></td><td>BA</td><td>BA</td></tr><tr><td style=\"white-space:nowrap\">pca/other<a name=\"DSAFindingsLocation-pca.47other\"> </a></td><td>PCA/Other</td><td>PCA/Other</td></tr><tr><td style=\"white-space:nowrap\">cervical_dissection<a name=\"DSAFindingsLocation-cervical_dissection\"> </a></td><td>Cervical dissection</td><td>Cervical dissection</td></tr></table></div>"
  },
  "url" : "https://kip.rkkp.dk/fhir/CodeSystem/DSAFindingsLocation",
  "version" : "2.9.1",
  "name" : "DSAFindingsLocation",
  "title" : "Findings with digital subtraction angiography (DSA); location of clot",
  "status" : "active",
  "date" : "2022-06-28T00:00:00+02:00",
  "publisher" : "Sundhedsvæsnets Kvalistetsinstitut with Trifork Digital Health A/S",
  "contact" : [{
    "name" : "Sundhedsvæsnets Kvalistetsinstitut with Trifork Digital Health A/S",
    "telecom" : [{
      "system" : "url",
      "value" : "https://trifork.com"
    },
    {
      "system" : "email",
      "value" : "rbk@trifork.com"
    }]
  }],
  "description" : "Findings with digital subtraction angiography (DSA); location of clot",
  "content" : "complete",
  "count" : 10,
  "concept" : [{
    "code" : "cca",
    "display" : "CCA",
    "definition" : "CCA"
  },
  {
    "code" : "ica",
    "display" : "ICA",
    "definition" : "ICA"
  },
  {
    "code" : "ica-t",
    "display" : "ICA-T",
    "definition" : "ICA-T"
  },
  {
    "code" : "mca1",
    "display" : "MCA 1",
    "definition" : "MCA 1"
  },
  {
    "code" : "mca2",
    "display" : "MCA 2",
    "definition" : "MCA 2"
  },
  {
    "code" : "aca",
    "display" : "ACA",
    "definition" : "ACA"
  },
  {
    "code" : "va",
    "display" : "VA",
    "definition" : "VA"
  },
  {
    "code" : "ba",
    "display" : "BA",
    "definition" : "BA"
  },
  {
    "code" : "pca/other",
    "display" : "PCA/Other",
    "definition" : "PCA/Other"
  },
  {
    "code" : "cervical_dissection",
    "display" : "Cervical dissection",
    "definition" : "Cervical dissection"
  }]
}