{
  "resourceType" : "CodeSystem",
  "id" : "PupilCondition",
  "text" : {
    "status" : "generated",
    "div" : "<div xmlns=\"http://www.w3.org/1999/xhtml\"><p class=\"res-header-id\"><b>Generated Narrative: CodeSystem PupilCondition</b></p><a name=\"PupilCondition\"> </a><a name=\"hcPupilCondition\"> </a><a name=\"PupilCondition-en-US\"> </a><p>This  code system <code>https://kip.rkkp.dk/fhir/CodeSystem/PupilCondition</code> defines the following codes:</p><table class=\"codes\"><tr><td style=\"white-space:nowrap\"><b>Code</b></td><td><b>Display</b></td><td><b>Definition</b></td></tr><tr><td style=\"white-space:nowrap\">normal<a name=\"PupilCondition-normal\"> </a></td><td>Normal</td><td>Normal</td></tr><tr><td style=\"white-space:nowrap\">difference<a name=\"PupilCondition-difference\"> </a></td><td>Pupil difference</td><td>Pupil difference</td></tr></table></div>"
  },
  "url" : "https://kip.rkkp.dk/fhir/CodeSystem/PupilCondition",
  "version" : "2.9.1",
  "name" : "PupilCondition",
  "title" : "Pupil condition",
  "status" : "active",
  "date" : "2022-05-31T00:00:00+02:00",
  "publisher" : "Sundhedsvæsnets Kvalistetsinstitut with Trifork Digital Health A/S",
  "contact" : [{
    "name" : "Sundhedsvæsnets Kvalistetsinstitut with Trifork Digital Health A/S",
    "telecom" : [{
      "system" : "url",
      "value" : "https://trifork.com"
    },
    {
      "system" : "email",
      "value" : "rbk@trifork.com"
    }]
  }],
  "description" : "Pupil condition",
  "content" : "complete",
  "count" : 2,
  "concept" : [{
    "code" : "normal",
    "display" : "Normal",
    "definition" : "Normal"
  },
  {
    "code" : "difference",
    "display" : "Pupil difference",
    "definition" : "Pupil difference"
  }]
}