{
  "resourceType" : "CodeSystem",
  "id" : "TreatmentIndication",
  "text" : {
    "status" : "generated",
    "div" : "<div xmlns=\"http://www.w3.org/1999/xhtml\"><p class=\"res-header-id\"><b>Generated Narrative: CodeSystem TreatmentIndication</b></p><a name=\"TreatmentIndication\"> </a><a name=\"hcTreatmentIndication\"> </a><a name=\"TreatmentIndication-en-US\"> </a><p>This  code system <code>https://kip.rkkp.dk/fhir/CodeSystem/TreatmentIndication</code> defines the following codes:</p><table class=\"codes\"><tr><td style=\"white-space:nowrap\"><b>Code</b></td><td><b>Display</b></td><td><b>Definition</b></td></tr><tr><td style=\"white-space:nowrap\">cll<a name=\"TreatmentIndication-cll\"> </a></td><td>CLL</td><td>CLL</td></tr><tr><td style=\"white-space:nowrap\">autoimmune<a name=\"TreatmentIndication-autoimmune\"> </a></td><td>Autoimmune fænomener</td><td>Autoimmune fænomener</td></tr><tr><td style=\"white-space:nowrap\">histological_verified<a name=\"TreatmentIndication-histological_verified\"> </a></td><td>Histologisk verificeret</td><td>Histologisk verificeret</td></tr><tr><td style=\"white-space:nowrap\">diagnostic<a name=\"TreatmentIndication-diagnostic\"> </a></td><td>Diagnostisk</td><td>Diagnostisk</td></tr><tr><td style=\"white-space:nowrap\">additional_procedure<a name=\"TreatmentIndication-additional_procedure\"> </a></td><td>Supplerende procedure</td><td>Supplerende procedure</td></tr></table></div>"
  },
  "url" : "https://kip.rkkp.dk/fhir/CodeSystem/TreatmentIndication",
  "version" : "2.9.1",
  "name" : "TreatmentIndication",
  "title" : "Treatment indication",
  "status" : "active",
  "date" : "2022-07-12T00:00:00+02:00",
  "publisher" : "Sundhedsvæsnets Kvalistetsinstitut with Trifork Digital Health A/S",
  "contact" : [{
    "name" : "Sundhedsvæsnets Kvalistetsinstitut with Trifork Digital Health A/S",
    "telecom" : [{
      "system" : "url",
      "value" : "https://trifork.com"
    },
    {
      "system" : "email",
      "value" : "rbk@trifork.com"
    }]
  }],
  "description" : "Treatment indication",
  "content" : "complete",
  "count" : 5,
  "concept" : [{
    "code" : "cll",
    "display" : "CLL",
    "definition" : "CLL"
  },
  {
    "code" : "autoimmune",
    "display" : "Autoimmune fænomener",
    "definition" : "Autoimmune fænomener"
  },
  {
    "code" : "histological_verified",
    "display" : "Histologisk verificeret",
    "definition" : "Histologisk verificeret"
  },
  {
    "code" : "diagnostic",
    "display" : "Diagnostisk",
    "definition" : "Diagnostisk"
  },
  {
    "code" : "additional_procedure",
    "display" : "Supplerende procedure",
    "definition" : "Supplerende procedure"
  }]
}