{
  "resourceType" : "CodeSystem",
  "id" : "Medicine",
  "text" : {
    "status" : "generated",
    "div" : "<div xmlns=\"http://www.w3.org/1999/xhtml\"><p class=\"res-header-id\"><b>Generated Narrative: CodeSystem Medicine</b></p><a name=\"Medicine\"> </a><a name=\"hcMedicine\"> </a><a name=\"Medicine-en-US\"> </a><p>This case-insensitive code system <code>https://kip.rkkp.dk/fhir/CodeSystem/Medicine</code> defines the following codes:</p><table class=\"codes\"><tr><td style=\"white-space:nowrap\"><b>Code</b></td><td><b>Display</b></td><td><b>Definition</b></td></tr><tr><td style=\"white-space:nowrap\">beh-vitamin_k<a name=\"Medicine-beh-vitamin_k\"> </a></td><td>Vitamin-K-antagonist</td><td>Behandling med vitamin-K-antagonist</td></tr><tr><td style=\"white-space:nowrap\">noak_a<a name=\"Medicine-noak_a\"> </a></td><td>NOAK halv dosis</td><td>NOAK halv dosis</td></tr><tr><td style=\"white-space:nowrap\">noak_b<a name=\"Medicine-noak_b\"> </a></td><td>NOAK fuld dosis</td><td>NOAK fuld dosis</td></tr><tr><td style=\"white-space:nowrap\">antibiotics<a name=\"Medicine-antibiotics\"> </a></td><td>Antibiotics</td><td>Antibiotics / Antibiotika</td></tr><tr><td style=\"white-space:nowrap\">penicillin<a name=\"Medicine-penicillin\"> </a></td><td>Penicillin</td><td>Penicillin</td></tr><tr><td style=\"white-space:nowrap\">penicillinase_stabile<a name=\"Medicine-penicillinase_stabile\"> </a></td><td>Penicillinasestabilt penicilin</td><td>Penicillinasestabilt penicilin</td></tr><tr><td style=\"white-space:nowrap\">cephalosporin<a name=\"Medicine-cephalosporin\"> </a></td><td>Cefalosporin</td><td>Cefalosporin</td></tr><tr><td style=\"white-space:nowrap\">alteplase<a name=\"Medicine-alteplase\"> </a></td><td>Actilyse (alteplase)</td><td>Actilyse (alteplase)</td></tr><tr><td style=\"white-space:nowrap\">tenecteplase<a name=\"Medicine-tenecteplase\"> </a></td><td>Metalyse (tenecteplase)</td><td>Metalyse (tenecteplase)</td></tr></table></div>"
  },
  "url" : "https://kip.rkkp.dk/fhir/CodeSystem/Medicine",
  "version" : "2.9.1",
  "name" : "Medicine",
  "title" : "Medicine",
  "status" : "active",
  "date" : "2022-10-06T00:00:00+02:00",
  "publisher" : "Sundhedsvæsnets Kvalistetsinstitut with Trifork Digital Health A/S",
  "contact" : [{
    "name" : "Sundhedsvæsnets Kvalistetsinstitut with Trifork Digital Health A/S",
    "telecom" : [{
      "system" : "url",
      "value" : "https://trifork.com"
    },
    {
      "system" : "email",
      "value" : "rbk@trifork.com"
    }]
  }],
  "description" : "Medicine",
  "caseSensitive" : false,
  "content" : "complete",
  "count" : 9,
  "concept" : [{
    "code" : "beh-vitamin_k",
    "display" : "Vitamin-K-antagonist",
    "definition" : "Behandling med vitamin-K-antagonist"
  },
  {
    "code" : "noak_a",
    "display" : "NOAK halv dosis",
    "definition" : "NOAK halv dosis"
  },
  {
    "code" : "noak_b",
    "display" : "NOAK fuld dosis",
    "definition" : "NOAK fuld dosis"
  },
  {
    "code" : "antibiotics",
    "display" : "Antibiotics",
    "definition" : "Antibiotics / Antibiotika"
  },
  {
    "code" : "penicillin",
    "display" : "Penicillin",
    "definition" : "Penicillin"
  },
  {
    "code" : "penicillinase_stabile",
    "display" : "Penicillinasestabilt penicilin",
    "definition" : "Penicillinasestabilt penicilin"
  },
  {
    "code" : "cephalosporin",
    "display" : "Cefalosporin",
    "definition" : "Cefalosporin"
  },
  {
    "code" : "alteplase",
    "display" : "Actilyse (alteplase)",
    "definition" : "Actilyse (alteplase)"
  },
  {
    "code" : "tenecteplase",
    "display" : "Metalyse (tenecteplase)",
    "definition" : "Metalyse (tenecteplase)"
  }]
}