{
  "resourceType" : "CodeSystem",
  "id" : "HarrisHipScorePublicTransportation",
  "text" : {
    "status" : "generated",
    "div" : "<div xmlns=\"http://www.w3.org/1999/xhtml\"><p class=\"res-header-id\"><b>Generated Narrative: CodeSystem HarrisHipScorePublicTransportation</b></p><a name=\"HarrisHipScorePublicTransportation\"> </a><a name=\"hcHarrisHipScorePublicTransportation\"> </a><a name=\"HarrisHipScorePublicTransportation-en-US\"> </a><p>This case-insensitive code system <code>https://kip.rkkp.dk/fhir/CodeSystem/HarrisHipScorePublicTransportation</code> defines the following codes:</p><table class=\"codes\"><tr><td style=\"white-space:nowrap\"><b>Code</b></td><td><b>Display</b></td><td><b>Definition</b></td></tr><tr><td style=\"white-space:nowrap\">1<a name=\"HarrisHipScorePublicTransportation-1\"> </a></td><td>Able to use transportation (bus)</td><td>Able to use transportation (bus) (1)</td></tr><tr><td style=\"white-space:nowrap\">0<a name=\"HarrisHipScorePublicTransportation-0\"> </a></td><td>Unable to use public transportation (bus)</td><td>Unable to use public transportation (bus) (0)</td></tr></table></div>"
  },
  "url" : "https://kip.rkkp.dk/fhir/CodeSystem/HarrisHipScorePublicTransportation",
  "version" : "2.9.1",
  "name" : "HarrisHipScorePublicTransportation",
  "title" : "Harris Hip Score (HHS) - Public transportation",
  "status" : "active",
  "date" : "2022-07-06T00:00:00+02:00",
  "publisher" : "Sundhedsvæsnets Kvalistetsinstitut with Trifork Digital Health A/S",
  "contact" : [{
    "name" : "Sundhedsvæsnets Kvalistetsinstitut with Trifork Digital Health A/S",
    "telecom" : [{
      "system" : "url",
      "value" : "https://trifork.com"
    },
    {
      "system" : "email",
      "value" : "rbk@trifork.com"
    }]
  }],
  "description" : "Harris Hip Score (HHS) - Public transportation. Link: https://www.orthopaedicscore.com/scorepages/harris_hip_score.html",
  "caseSensitive" : false,
  "content" : "complete",
  "count" : 2,
  "concept" : [{
    "code" : "1",
    "display" : "Able to use transportation (bus)",
    "definition" : "Able to use transportation (bus) (1)"
  },
  {
    "code" : "0",
    "display" : "Unable to use public transportation (bus)",
    "definition" : "Unable to use public transportation (bus) (0)"
  }]
}