{
  "resourceType" : "CodeSystem",
  "id" : "RevisionType",
  "text" : {
    "status" : "generated",
    "div" : "<div xmlns=\"http://www.w3.org/1999/xhtml\"><p class=\"res-header-id\"><b>Generated Narrative: CodeSystem RevisionType</b></p><a name=\"RevisionType\"> </a><a name=\"hcRevisionType\"> </a><a name=\"RevisionType-en-US\"> </a><p>This case-insensitive code system <code>https://kip.rkkp.dk/fhir/CodeSystem/RevisionType</code> defines the following codes:</p><table class=\"codes\"><tr><td style=\"white-space:nowrap\"><b>Code</b></td><td><b>Display</b></td><td><b>Definition</b></td></tr><tr><td style=\"white-space:nowrap\">one-stage<a name=\"RevisionType-one-stage\"> </a></td><td>One-stage</td><td>One-stage</td></tr><tr><td style=\"white-space:nowrap\">two-stage_step_1<a name=\"RevisionType-two-stage_step_1\"> </a></td><td>Two-stage - Step 1</td><td>Two-stage - Step 1</td></tr><tr><td style=\"white-space:nowrap\">two-stage_step_2<a name=\"RevisionType-two-stage_step_2\"> </a></td><td>Two-stage - Step 2</td><td>Two-stage - Step 2</td></tr></table></div>"
  },
  "url" : "https://kip.rkkp.dk/fhir/CodeSystem/RevisionType",
  "version" : "2.9.1",
  "name" : "RevisionType",
  "title" : "Revision; type",
  "status" : "active",
  "date" : "2022-10-07T00:00:00+02:00",
  "publisher" : "Sundhedsvæsnets Kvalistetsinstitut with Trifork Digital Health A/S",
  "contact" : [{
    "name" : "Sundhedsvæsnets Kvalistetsinstitut with Trifork Digital Health A/S",
    "telecom" : [{
      "system" : "url",
      "value" : "https://trifork.com"
    },
    {
      "system" : "email",
      "value" : "rbk@trifork.com"
    }]
  }],
  "description" : "Revision; type",
  "caseSensitive" : false,
  "content" : "complete",
  "count" : 3,
  "concept" : [{
    "code" : "one-stage",
    "display" : "One-stage",
    "definition" : "One-stage"
  },
  {
    "code" : "two-stage_step_1",
    "display" : "Two-stage - Step 1",
    "definition" : "Two-stage - Step 1"
  },
  {
    "code" : "two-stage_step_2",
    "display" : "Two-stage - Step 2",
    "definition" : "Two-stage - Step 2"
  }]
}