{
  "resourceType" : "CodeSystem",
  "id" : "SSSWalk",
  "text" : {
    "status" : "generated",
    "div" : "<div xmlns=\"http://www.w3.org/1999/xhtml\"><p class=\"res-header-id\"><b>Generated Narrative: CodeSystem SSSWalk</b></p><a name=\"SSSWalk\"> </a><a name=\"hcSSSWalk\"> </a><a name=\"SSSWalk-en-US\"> </a><p>This  code system <code>https://kip.rkkp.dk/fhir/CodeSystem/SSSWalk</code> defines the following codes:</p><table class=\"codes\"><tr><td style=\"white-space:nowrap\"><b>Code</b></td><td><b>Definition</b></td></tr><tr><td style=\"white-space:nowrap\">12<a name=\"SSSWalk-12\"> </a></td><td>Pt. kan gå mindst 5 m uden hjælpemidler.</td></tr><tr><td style=\"white-space:nowrap\">9<a name=\"SSSWalk-9\"> </a></td><td>Pt. kan gå mindst 5 m med hjælpemidler.</td></tr><tr><td style=\"white-space:nowrap\">6<a name=\"SSSWalk-6\"> </a></td><td>Pt. kan gå mindst 5 m med personstøtte.</td></tr><tr><td style=\"white-space:nowrap\">3<a name=\"SSSWalk-3\"> </a></td><td>Pt. kan sidde uden støtte.</td></tr><tr><td style=\"white-space:nowrap\">0<a name=\"SSSWalk-0\"> </a></td><td>Sengebunden eller i kørestol med støtte.</td></tr></table></div>"
  },
  "url" : "https://kip.rkkp.dk/fhir/CodeSystem/SSSWalk",
  "version" : "2.9.1",
  "name" : "SSSWalk",
  "title" : "Scandinavian Stroke Scale (SSS) - Walk",
  "status" : "active",
  "date" : "2022-06-23T00:00:00+02:00",
  "publisher" : "Sundhedsvæsnets Kvalistetsinstitut with Trifork Digital Health A/S",
  "contact" : [{
    "name" : "Sundhedsvæsnets Kvalistetsinstitut with Trifork Digital Health A/S",
    "telecom" : [{
      "system" : "url",
      "value" : "https://trifork.com"
    },
    {
      "system" : "email",
      "value" : "rbk@trifork.com"
    }]
  }],
  "description" : "Scandinavian Stroke Scale (SSS) - Walk: Hvis patienten ikke kan gå, bedømmes om patienten kan sidde oprejst på sengekanten uden at støtte hænderne (3) eller ikke (0).",
  "content" : "complete",
  "count" : 5,
  "concept" : [{
    "code" : "12",
    "display" : "12",
    "definition" : "Pt. kan gå mindst 5 m uden hjælpemidler."
  },
  {
    "code" : "9",
    "display" : "9",
    "definition" : "Pt. kan gå mindst 5 m med hjælpemidler."
  },
  {
    "code" : "6",
    "display" : "6",
    "definition" : "Pt. kan gå mindst 5 m med personstøtte."
  },
  {
    "code" : "3",
    "display" : "3",
    "definition" : "Pt. kan sidde uden støtte."
  },
  {
    "code" : "0",
    "display" : "0",
    "definition" : "Sengebunden eller i kørestol med støtte."
  }]
}