{
  "resourceType" : "CodeSystem",
  "id" : "KomponentLiner",
  "text" : {
    "status" : "generated",
    "div" : "<div xmlns=\"http://www.w3.org/1999/xhtml\"><p class=\"res-header-id\"><b>Generated Narrative: CodeSystem KomponentLiner</b></p><a name=\"KomponentLiner\"> </a><a name=\"hcKomponentLiner\"> </a><a name=\"KomponentLiner-en-US\"> </a><p>This  code system <code>https://kip.rkkp.dk/fhir/CodeSystem/KomponentLiner</code> defines the following codes:</p><table class=\"codes\"><tr><td style=\"white-space:nowrap\"><b>Code</b></td><td><b>Display</b></td></tr><tr><td style=\"white-space:nowrap\">ps_traditional_ap<a name=\"KomponentLiner-ps_traditional_ap\"> </a></td><td>PS (traditionel PS post med AP constraint)</td></tr><tr><td style=\"white-space:nowrap\">ps_rotating<a name=\"KomponentLiner-ps_rotating\"> </a></td><td>PS med roterende platform</td></tr><tr><td style=\"white-space:nowrap\">ckk_VV<a name=\"KomponentLiner-ckk_VV\"> </a></td><td>CCK (Constrained Condylar - Post med VV og rotations constraint)</td></tr><tr><td style=\"white-space:nowrap\">ckk_rotating<a name=\"KomponentLiner-ckk_rotating\"> </a></td><td>CCK med roterende platform</td></tr><tr><td style=\"white-space:nowrap\">bi_cs<a name=\"KomponentLiner-bi_cs\"> </a></td><td>Bi-CS: bicruciate substituting (forreste og bageste korsbånd ofres og substitueres med post og 2 cams)</td></tr><tr><td style=\"white-space:nowrap\">traditional_cr<a name=\"KomponentLiner-traditional_cr\"> </a></td><td>Ingen constraint (traditionel CR)</td></tr><tr><td style=\"white-space:nowrap\">medial<a name=\"KomponentLiner-medial\"> </a></td><td>Medial stabilized (øget kongruens og konformitet kun medialt)</td></tr><tr><td style=\"white-space:nowrap\">medial_lateral<a name=\"KomponentLiner-medial_lateral\"> </a></td><td>Medial og lateral øget constraint (typisk er der øget constraint anteriort)</td></tr><tr><td style=\"white-space:nowrap\">rotating<a name=\"KomponentLiner-rotating\"> </a></td><td>Rotating platform</td></tr><tr><td style=\"white-space:nowrap\">bi_retain<a name=\"KomponentLiner-bi_retain\"> </a></td><td>Bi-cruciate retaining (begge korsbånd bevaret)</td></tr></table></div>"
  },
  "url" : "https://kip.rkkp.dk/fhir/CodeSystem/KomponentLiner",
  "version" : "2.9.1",
  "name" : "KomponentLiner",
  "title" : "Liner komponent",
  "status" : "active",
  "date" : "2023-12-18T00:00:00+02:00",
  "publisher" : "Sundhedsvæsnets Kvalistetsinstitut with Trifork Digital Health A/S",
  "contact" : [{
    "name" : "Sundhedsvæsnets Kvalistetsinstitut with Trifork Digital Health A/S",
    "telecom" : [{
      "system" : "url",
      "value" : "https://trifork.com"
    },
    {
      "system" : "email",
      "value" : "rbk@trifork.com"
    }]
  }],
  "description" : "Liner komponenter med/uden post",
  "content" : "complete",
  "count" : 10,
  "concept" : [{
    "code" : "ps_traditional_ap",
    "display" : "PS (traditionel PS post med AP constraint)"
  },
  {
    "code" : "ps_rotating",
    "display" : "PS med roterende platform"
  },
  {
    "code" : "ckk_VV",
    "display" : "CCK (Constrained Condylar - Post med VV og rotations constraint)"
  },
  {
    "code" : "ckk_rotating",
    "display" : "CCK med roterende platform"
  },
  {
    "code" : "bi_cs",
    "display" : "Bi-CS: bicruciate substituting (forreste og bageste korsbånd ofres og substitueres med post og 2 cams)"
  },
  {
    "code" : "traditional_cr",
    "display" : "Ingen constraint (traditionel CR)"
  },
  {
    "code" : "medial",
    "display" : "Medial stabilized (øget kongruens og konformitet kun medialt)"
  },
  {
    "code" : "medial_lateral",
    "display" : "Medial og lateral øget constraint (typisk er der øget constraint anteriort)"
  },
  {
    "code" : "rotating",
    "display" : "Rotating platform"
  },
  {
    "code" : "bi_retain",
    "display" : "Bi-cruciate retaining (begge korsbånd bevaret)"
  }]
}