{
  "resourceType" : "CodeSystem",
  "id" : "Observationssted",
  "text" : {
    "status" : "generated",
    "div" : "<div xmlns=\"http://www.w3.org/1999/xhtml\"><p class=\"res-header-id\"><b>Generated Narrative: CodeSystem Observationssted</b></p><a name=\"Observationssted\"> </a><a name=\"hcObservationssted\"> </a><a name=\"Observationssted-en-US\"> </a><p>This  code system <code>https://kip.rkkp.dk/fhir/CodeSystem/Observationssted</code> defines the following codes:</p><table class=\"codes\"><tr><td style=\"white-space:nowrap\"><b>Code</b></td><td><b>Display</b></td><td><b>Definition</b></td></tr><tr><td style=\"white-space:nowrap\">ambulat<a name=\"Observationssted-ambulat\"> </a></td><td>Ambulatorium</td><td>Ambulatorium</td></tr><tr><td style=\"white-space:nowrap\">akutmodt<a name=\"Observationssted-akutmodt\"> </a></td><td>Akutmodtagelse</td><td>Akutmodtagelse</td></tr><tr><td style=\"white-space:nowrap\">andet_obs<a name=\"Observationssted-andet_obs\"> </a></td><td>Andet observationsafsnit</td><td>Andet observationsafsnit</td></tr><tr><td style=\"white-space:nowrap\">central_obs<a name=\"Observationssted-central_obs\"> </a></td><td>Centralt observationsafsnit</td><td>Centralt observationsafsnit</td></tr><tr><td style=\"white-space:nowrap\">intensiv<a name=\"Observationssted-intensiv\"> </a></td><td>Intensiv</td><td>Intensiv afdeling</td></tr><tr><td style=\"white-space:nowrap\">kardio_lab<a name=\"Observationssted-kardio_lab\"> </a></td><td>Kardiologisk laboratorium</td><td>Kardiologisk laboratorium</td></tr><tr><td style=\"white-space:nowrap\">neonatal<a name=\"Observationssted-neonatal\"> </a></td><td>Neonatalafdeling</td><td>Neonatalafdeling</td></tr><tr><td style=\"white-space:nowrap\">opergang<a name=\"Observationssted-opergang\"> </a></td><td>Operationsgangen</td><td>Operationsgangen</td></tr><tr><td style=\"white-space:nowrap\">opvaagn<a name=\"Observationssted-opvaagn\"> </a></td><td>Opvågningsafdeling</td><td>Opvågningsafdeling</td></tr><tr><td style=\"white-space:nowrap\">sengeafd<a name=\"Observationssted-sengeafd\"> </a></td><td>Sengeafdeling</td><td>Sengeafdeling</td></tr><tr><td style=\"white-space:nowrap\">skadestue<a name=\"Observationssted-skadestue\"> </a></td><td>Skadestue / modtagelse</td><td>Skadestue / modtagelse</td></tr><tr><td style=\"white-space:nowrap\">egenafd<a name=\"Observationssted-egenafd\"> </a></td><td>Egen afdeling</td><td>Egen afdeling</td></tr><tr><td style=\"white-space:nowrap\">andet<a name=\"Observationssted-andet\"> </a></td><td>Andet</td><td>Andet</td></tr></table></div>"
  },
  "url" : "https://kip.rkkp.dk/fhir/CodeSystem/Observationssted",
  "version" : "2.9.1",
  "name" : "Observationssted",
  "title" : "Observationssted",
  "status" : "active",
  "date" : "2022-06-13T00:00:00+02:00",
  "publisher" : "Sundhedsvæsnets Kvalistetsinstitut with Trifork Digital Health A/S",
  "contact" : [{
    "name" : "Sundhedsvæsnets Kvalistetsinstitut with Trifork Digital Health A/S",
    "telecom" : [{
      "system" : "url",
      "value" : "https://trifork.com"
    },
    {
      "system" : "email",
      "value" : "rbk@trifork.com"
    }]
  }],
  "description" : "Sted hvor anæstesien observeres",
  "content" : "complete",
  "count" : 13,
  "concept" : [{
    "code" : "ambulat",
    "display" : "Ambulatorium",
    "definition" : "Ambulatorium"
  },
  {
    "code" : "akutmodt",
    "display" : "Akutmodtagelse",
    "definition" : "Akutmodtagelse"
  },
  {
    "code" : "andet_obs",
    "display" : "Andet observationsafsnit",
    "definition" : "Andet observationsafsnit"
  },
  {
    "code" : "central_obs",
    "display" : "Centralt observationsafsnit",
    "definition" : "Centralt observationsafsnit"
  },
  {
    "code" : "intensiv",
    "display" : "Intensiv",
    "definition" : "Intensiv afdeling"
  },
  {
    "code" : "kardio_lab",
    "display" : "Kardiologisk laboratorium",
    "definition" : "Kardiologisk laboratorium"
  },
  {
    "code" : "neonatal",
    "display" : "Neonatalafdeling",
    "definition" : "Neonatalafdeling"
  },
  {
    "code" : "opergang",
    "display" : "Operationsgangen",
    "definition" : "Operationsgangen"
  },
  {
    "code" : "opvaagn",
    "display" : "Opvågningsafdeling",
    "definition" : "Opvågningsafdeling"
  },
  {
    "code" : "sengeafd",
    "display" : "Sengeafdeling",
    "definition" : "Sengeafdeling"
  },
  {
    "code" : "skadestue",
    "display" : "Skadestue / modtagelse",
    "definition" : "Skadestue / modtagelse"
  },
  {
    "code" : "egenafd",
    "display" : "Egen afdeling",
    "definition" : "Egen afdeling"
  },
  {
    "code" : "andet",
    "display" : "Andet",
    "definition" : "Andet"
  }]
}