{
  "resourceType" : "ValueSet",
  "id" : "KomponentAcetabulumStatusDHR",
  "text" : {
    "status" : "extensions",
    "div" : "<div xmlns=\"http://www.w3.org/1999/xhtml\"><p class=\"res-header-id\"><b>Generated Narrative: ValueSet KomponentAcetabulumStatusDHR</b></p><a name=\"KomponentAcetabulumStatusDHR\"> </a><a name=\"hcKomponentAcetabulumStatusDHR\"> </a><a name=\"KomponentAcetabulumStatusDHR-en-US\"> </a><ul><li>Include these codes as defined in <a href=\"CodeSystem-GenericValues.html\"><code>https://kip.rkkp.dk/fhir/CodeSystem/GenericValues</code></a><table class=\"none\"><tr><td style=\"white-space:nowrap\"><b>Code</b></td><td><b>Display</b></td><td><b>Definition</b></td></tr><tr><td><a href=\"CodeSystem-GenericValues.html#GenericValues-replaced\">replaced</a></td><td>Udskiftning af acetabulumkomponent</td><td>Replaced / Udskiftet</td></tr><tr><td><a href=\"CodeSystem-GenericValues.html#GenericValues-partial_replacement\">partial_replacement</a></td><td>Kun udskiftning af liner (ved revision)</td><td>Partial replacement / Delvis udskiftning</td></tr><tr><td><a href=\"CodeSystem-GenericValues.html#GenericValues-removed\">removed</a></td><td>Fjernelse af acetabulumkomponent (ved revision)</td><td>Removed / Fjernet</td></tr><tr><td><a href=\"CodeSystem-GenericValues.html#GenericValues-not_replaced\">not_replaced</a></td><td>Ikke udskiftet (revision)</td><td>Not replaced / Ikke udskiftet</td></tr></table></li></ul></div>"
  },
  "url" : "https://kip.rkkp.dk/fhir/ValueSet/KomponentAcetabulumStatusDHR",
  "version" : "2.9.1",
  "name" : "KomponentAcetabulumStatusDHR",
  "title" : "Komponent - acetabulum, status (DHR)",
  "status" : "active",
  "experimental" : true,
  "date" : "2022-11-18T00:00:00+02:00",
  "publisher" : "Sundhedsvæsnets Kvalistetsinstitut with Trifork Digital Health A/S",
  "contact" : [{
    "name" : "Sundhedsvæsnets Kvalistetsinstitut with Trifork Digital Health A/S",
    "telecom" : [{
      "system" : "url",
      "value" : "https://trifork.com"
    },
    {
      "system" : "email",
      "value" : "rbk@trifork.com"
    }]
  }],
  "description" : "Komponent - acetabulum, status (DHR)",
  "compose" : {
    "include" : [{
      "system" : "https://kip.rkkp.dk/fhir/CodeSystem/GenericValues",
      "concept" : [{
        "code" : "replaced",
        "display" : "Udskiftning af acetabulumkomponent"
      },
      {
        "code" : "partial_replacement",
        "display" : "Kun udskiftning af liner (ved revision)"
      },
      {
        "code" : "removed",
        "display" : "Fjernelse af acetabulumkomponent (ved revision)"
      },
      {
        "code" : "not_replaced",
        "display" : "Ikke udskiftet (revision)"
      }]
    }]
  }
}