{
  "resourceType" : "ValueSet",
  "id" : "IndgrebLaparoskopiskDHDB",
  "text" : {
    "status" : "extensions",
    "div" : "<div xmlns=\"http://www.w3.org/1999/xhtml\"><p class=\"res-header-id\"><b>Generated Narrative: ValueSet IndgrebLaparoskopiskDHDB</b></p><a name=\"IndgrebLaparoskopiskDHDB\"> </a><a name=\"hcIndgrebLaparoskopiskDHDB\"> </a><a name=\"IndgrebLaparoskopiskDHDB-en-US\"> </a><ul><li>Include these codes as defined in <a href=\"CodeSystem-ProcedureType.html\"><code>https://kip.rkkp.dk/fhir/CodeSystem/ProcedureType</code></a><table class=\"none\"><tr><td style=\"white-space:nowrap\"><b>Code</b></td><td><b>Display</b></td><td><b>Definition</b></td></tr><tr><td><a href=\"CodeSystem-ProcedureType.html#ProcedureType-transperitoneal\">transperitoneal</a></td><td>Transperitoneal adgang</td><td>Transperitoneal</td></tr><tr><td><a href=\"CodeSystem-ProcedureType.html#ProcedureType-extraperitoneal\">extraperitoneal</a></td><td>Extraperitoneal adgang</td><td>Extraperitoneal</td></tr></table></li></ul></div>"
  },
  "url" : "https://kip.rkkp.dk/fhir/ValueSet/IndgrebLaparoskopiskDHDB",
  "version" : "2.9.1",
  "name" : "IndgrebLaparoskopiskDHDB",
  "title" : "Indgreb, laparoskopisk - ingvinalhernie (DHDB)",
  "status" : "active",
  "experimental" : true,
  "date" : "2022-07-20T00:00:00+02:00",
  "publisher" : "Sundhedsvæsnets Kvalistetsinstitut with Trifork Digital Health A/S",
  "contact" : [{
    "name" : "Sundhedsvæsnets Kvalistetsinstitut with Trifork Digital Health A/S",
    "telecom" : [{
      "system" : "url",
      "value" : "https://trifork.com"
    },
    {
      "system" : "email",
      "value" : "rbk@trifork.com"
    }]
  }],
  "description" : "Indgreb, laparoskopisk - ingvinalhernie (DHDB)",
  "compose" : {
    "include" : [{
      "system" : "https://kip.rkkp.dk/fhir/CodeSystem/ProcedureType",
      "concept" : [{
        "code" : "transperitoneal",
        "display" : "Transperitoneal adgang"
      },
      {
        "code" : "extraperitoneal",
        "display" : "Extraperitoneal adgang"
      }]
    }]
  }
}