{
  "resourceType" : "ValueSet",
  "id" : "MedicinDANARREST",
  "text" : {
    "status" : "extensions",
    "div" : "<div xmlns=\"http://www.w3.org/1999/xhtml\"><p class=\"res-header-id\"><b>Generated Narrative: ValueSet MedicinDANARREST</b></p><a name=\"MedicinDANARREST\"> </a><a name=\"hcMedicinDANARREST\"> </a><a name=\"MedicinDANARREST-en-US\"> </a><ul><li>Include these codes as defined in <a href=\"CodeSystem-MedicinDANARREST.html\"><code>https://kip.rkkp.dk/fhir/CodeSystem/MedicinDANARREST</code></a><table class=\"none\"><tr><td style=\"white-space:nowrap\"><b>Code</b></td><td><b>Display</b></td><td><b>Definition</b></td></tr><tr><td><a href=\"CodeSystem-MedicinDANARREST.html#MedicinDANARREST-adrenalin\">adrenalin</a></td><td>Adrenalin</td><td>Adrenalin</td></tr><tr><td><a href=\"CodeSystem-MedicinDANARREST.html#MedicinDANARREST-amiodaron\">amiodaron</a></td><td>Amiodaron</td><td>Amiodaron</td></tr></table></li></ul></div>"
  },
  "url" : "https://kip.rkkp.dk/fhir/ValueSet/MedicinDANARREST",
  "version" : "2.9.1",
  "name" : "MedicinDANARREST",
  "title" : "Medicin givet ved hjertestop",
  "status" : "active",
  "experimental" : true,
  "date" : "2022-06-29T00:00:00+02:00",
  "publisher" : "Sundhedsvæsnets Kvalistetsinstitut with Trifork Digital Health A/S",
  "contact" : [{
    "name" : "Sundhedsvæsnets Kvalistetsinstitut with Trifork Digital Health A/S",
    "telecom" : [{
      "system" : "url",
      "value" : "https://trifork.com"
    },
    {
      "system" : "email",
      "value" : "rbk@trifork.com"
    }]
  }],
  "description" : "Mediciin givet ved behandling i DANARREST specialet",
  "compose" : {
    "include" : [{
      "system" : "https://kip.rkkp.dk/fhir/CodeSystem/MedicinDANARREST",
      "concept" : [{
        "code" : "adrenalin",
        "display" : "Adrenalin"
      },
      {
        "code" : "amiodaron",
        "display" : "Amiodaron"
      }]
    }]
  }
}