{
  "resourceType" : "ValueSet",
  "id" : "PreoperativTemplating",
  "text" : {
    "status" : "extensions",
    "div" : "<div xmlns=\"http://www.w3.org/1999/xhtml\"><p class=\"res-header-id\"><b>Generated Narrative: ValueSet PreoperativTemplating</b></p><a name=\"PreoperativTemplating\"> </a><a name=\"hcPreoperativTemplating\"> </a><a name=\"PreoperativTemplating-en-US\"> </a><ul><li>Include these codes as defined in <a href=\"CodeSystem-PreoperativTemplating.html\"><code>https://kip.rkkp.dk/fhir/CodeSystem/PreoperativTemplating</code></a><table class=\"none\"><tr><td style=\"white-space:nowrap\"><b>Code</b></td><td><b>Display</b></td><td><b>Definition</b></td></tr><tr><td><a href=\"CodeSystem-PreoperativTemplating.html#PreoperativTemplating-digital_both\">digital_both</a></td><td>Digital templating af begge komponenter</td><td>Digital templating af begge komponenter</td></tr><tr><td><a href=\"CodeSystem-PreoperativTemplating.html#PreoperativTemplating-digital_single\">digital_single</a></td><td>Digital templating af en komponent</td><td>Digital templating af en komponent</td></tr><tr><td><a href=\"CodeSystem-PreoperativTemplating.html#PreoperativTemplating-analog\">analog</a></td><td>Analog templating</td><td>Analog templating</td></tr></table></li></ul></div>"
  },
  "url" : "https://kip.rkkp.dk/fhir/ValueSet/PreoperativTemplating",
  "version" : "2.9.1",
  "name" : "PreoperativTemplating",
  "title" : "Preoperativ templating",
  "status" : "active",
  "experimental" : true,
  "date" : "2024-01-03T00:00:00+02:00",
  "publisher" : "Sundhedsvæsnets Kvalistetsinstitut with Trifork Digital Health A/S",
  "contact" : [{
    "name" : "Sundhedsvæsnets Kvalistetsinstitut with Trifork Digital Health A/S",
    "telecom" : [{
      "system" : "url",
      "value" : "https://trifork.com"
    },
    {
      "system" : "email",
      "value" : "rbk@trifork.com"
    }]
  }],
  "description" : "Preoperativ templating (DHR)",
  "compose" : {
    "include" : [{
      "system" : "https://kip.rkkp.dk/fhir/CodeSystem/PreoperativTemplating",
      "concept" : [{
        "code" : "digital_both",
        "display" : "Digital templating af begge komponenter"
      },
      {
        "code" : "digital_single",
        "display" : "Digital templating af en komponent"
      },
      {
        "code" : "analog",
        "display" : "Analog templating"
      }]
    }]
  }
}