{
  "resourceType" : "ValueSet",
  "id" : "GynUndersoegDUGA",
  "text" : {
    "status" : "extensions",
    "div" : "<div xmlns=\"http://www.w3.org/1999/xhtml\"><p class=\"res-header-id\"><b>Generated Narrative: ValueSet GynUndersoegDUGA</b></p><a name=\"GynUndersoegDUGA\"> </a><a name=\"hcGynUndersoegDUGA\"> </a><a name=\"GynUndersoegDUGA-en-US\"> </a><ul><li>Include these codes as defined in <a href=\"CodeSystem-GynUndersoegDUGA.html\"><code>https://kip.rkkp.dk/fhir/CodeSystem/GynUndersoegDUGA</code></a><table class=\"none\"><tr><td style=\"white-space:nowrap\"><b>Code</b></td><td><b>Display</b></td><td><b>Definition</b></td></tr><tr><td><a href=\"CodeSystem-GynUndersoegDUGA.html#GynUndersoegDUGA-popq\">popq</a></td><td>POPQ</td><td>POPQ</td></tr><tr><td><a href=\"CodeSystem-GynUndersoegDUGA.html#GynUndersoegDUGA-hymscore\">hymscore</a></td><td>Undersøg score (i forhold til hymenal plan)</td><td>Score i forhold til hymenal plan</td></tr></table></li></ul></div>"
  },
  "url" : "https://kip.rkkp.dk/fhir/ValueSet/GynUndersoegDUGA",
  "version" : "2.9.1",
  "name" : "GynUndersoegDUGA",
  "title" : "Gynækologisk undersøgelsesmetode (DUGA)",
  "status" : "active",
  "experimental" : true,
  "date" : "2024-02-13T00:00:00+02:00",
  "publisher" : "Sundhedsvæsnets Kvalistetsinstitut with Trifork Digital Health A/S",
  "contact" : [{
    "name" : "Sundhedsvæsnets Kvalistetsinstitut with Trifork Digital Health A/S",
    "telecom" : [{
      "system" : "url",
      "value" : "https://trifork.com"
    },
    {
      "system" : "email",
      "value" : "rbk@trifork.com"
    }]
  }],
  "description" : "Gynækologisk undersøgelsesmetode (DUGA)",
  "compose" : {
    "include" : [{
      "system" : "https://kip.rkkp.dk/fhir/CodeSystem/GynUndersoegDUGA",
      "concept" : [{
        "code" : "popq",
        "display" : "POPQ"
      },
      {
        "code" : "hymscore",
        "display" : "Undersøg score (i forhold til hymenal plan)"
      }]
    }]
  }
}