{
  "resourceType" : "ValueSet",
  "id" : "PatobankSNOMEDCytogenetikMDS",
  "text" : {
    "status" : "extensions",
    "div" : "<div xmlns=\"http://www.w3.org/1999/xhtml\"><p class=\"res-header-id\"><b>Generated Narrative: ValueSet PatobankSNOMEDCytogenetikMDS</b></p><a name=\"PatobankSNOMEDCytogenetikMDS\"> </a><a name=\"hcPatobankSNOMEDCytogenetikMDS\"> </a><a name=\"PatobankSNOMEDCytogenetikMDS-en-US\"> </a><ul><li>Include these codes as defined in <a href=\"CodeSystem-PatobankSNOMED.html\"><code>https://kip.rkkp.dk/fhir/CodeSystem/PatobankSNOMED</code></a><table class=\"none\"><tr><td style=\"white-space:nowrap\"><b>Code</b></td><td><b>Display</b></td><td><b>Definition</b></td></tr><tr><td><a href=\"CodeSystem-PatobankSNOMED.html#PatobankSNOMED-M98963\">M98963</a></td><td>AML m. t(8;21); RUNX1-RUNX1T1</td><td>AML m. t(8;21); RUNX1-RUNX1T1</td></tr><tr><td><a href=\"CodeSystem-PatobankSNOMED.html#PatobankSNOMED-M98713\">M98713</a></td><td>AML m. inv(16) el. t(16;16); CBFß-MYH11</td><td>AML m. inv(16) el. t(16;16); CBFß-MYH11</td></tr><tr><td><a href=\"CodeSystem-PatobankSNOMED.html#PatobankSNOMED-M98663\">M98663</a></td><td>akut promyelocyt leukæmi m. t(15;17); PML-RARa</td><td>akut promyelocyt leukæmi m. t(15;17); PML-RARa</td></tr><tr><td><a href=\"CodeSystem-PatobankSNOMED.html#PatobankSNOMED-M98973\">M98973</a></td><td>AML m. t(9;11); KMT2A-MLLT3</td><td>AML m. t(9;11); KMT2A-MLLT3</td></tr><tr><td><a href=\"CodeSystem-PatobankSNOMED.html#PatobankSNOMED-M98653\">M98653</a></td><td>AML m. t(6;9); DEK-NUP214</td><td>AML m. t(6;9); DEK-NUP214</td></tr><tr><td><a href=\"CodeSystem-PatobankSNOMED.html#PatobankSNOMED-M98693\">M98693</a></td><td>AML m inv(3)(q21q26.2)el t(3;3)(q21;q26.2);RPN1-EVI1</td><td>AML m inv(3)(q21q26.2)el t(3;3)(q21;q26.2);RPN1-EVI1</td></tr><tr><td><a href=\"CodeSystem-PatobankSNOMED.html#PatobankSNOMED-M99113\">M99113</a></td><td>AML(megakaryoblastisk)m t(1;22)(p13;q13);RBM15-MLK1</td><td>AML(megakaryoblastisk)m t(1;22)(p13;q13);RBM15-MLK1</td></tr><tr><td><a href=\"CodeSystem-PatobankSNOMED.html#PatobankSNOMED-M98063\">M98063</a></td><td>bl. fænotype akut leukæmi m. t(9;22); BCR-ABL1</td><td>bl. fænotype akut leukæmi m. t(9;22); BCR-ABL1</td></tr><tr><td><a href=\"CodeSystem-PatobankSNOMED.html#PatobankSNOMED-M98073\">M98073</a></td><td>bl. fænotype akut leukæmi m. t(v;11q); KMT2A rearr.</td><td>bl. fænotype akut leukæmi m. t(v;11q); KMT2A rearr.</td></tr><tr><td><a href=\"CodeSystem-PatobankSNOMED.html#PatobankSNOMED-M98143\">M98143</a></td><td>B-lymfobl. leukæmi/lymfom m. t(12;21); ETV6-RUNX1</td><td>B-lymfobl. leukæmi/lymfom m. t(12;21); ETV6-RUNX1</td></tr><tr><td><a href=\"CodeSystem-PatobankSNOMED.html#PatobankSNOMED-M98183\">M98183</a></td><td>B-lymfobl. leukæmi/lymfom m. t(1;19); TCF3-PBX1</td><td>B-lymfobl. leukæmi/lymfom m. t(1;19); TCF3-PBX1</td></tr><tr><td><a href=\"CodeSystem-PatobankSNOMED.html#PatobankSNOMED-M98173\">M98173</a></td><td>B-lymfobl. leukæmi/lymfom m. t(5;14); IgH/IL3</td><td>B-lymfobl. leukæmi/lymfom m. t(5;14); IgH/IL3</td></tr><tr><td><a href=\"CodeSystem-PatobankSNOMED.html#PatobankSNOMED-M98153\">M98153</a></td><td>B-lymfobl. leukæmi/lymfom med hyperdiploidi</td><td>B-lymfobl. leukæmi/lymfom med hyperdiploidi</td></tr></table></li></ul></div>"
  },
  "url" : "https://kip.rkkp.dk/fhir/ValueSet/PatobankSNOMEDCytogenetikMDS",
  "version" : "2.9.1",
  "name" : "PatobankSNOMEDCytogenetikMDS",
  "title" : "PatobankSNOMED koder for cytogenetik - recurrente forandringer (MDS)",
  "status" : "active",
  "experimental" : true,
  "date" : "2022-07-19T00:00:00+02:00",
  "publisher" : "Sundhedsvæsnets Kvalistetsinstitut with Trifork Digital Health A/S",
  "contact" : [{
    "name" : "Sundhedsvæsnets Kvalistetsinstitut with Trifork Digital Health A/S",
    "telecom" : [{
      "system" : "url",
      "value" : "https://trifork.com"
    },
    {
      "system" : "email",
      "value" : "rbk@trifork.com"
    }]
  }],
  "description" : "PatobankSNOMED koder for cytogenetik - recurrente forandringer (MDS)",
  "compose" : {
    "include" : [{
      "system" : "https://kip.rkkp.dk/fhir/CodeSystem/PatobankSNOMED",
      "concept" : [{
        "code" : "M98963",
        "display" : "AML m. t(8;21); RUNX1-RUNX1T1"
      },
      {
        "code" : "M98713",
        "display" : "AML m. inv(16) el. t(16;16); CBFß-MYH11"
      },
      {
        "code" : "M98663",
        "display" : "akut promyelocyt leukæmi m. t(15;17); PML-RARa"
      },
      {
        "code" : "M98973",
        "display" : "AML m. t(9;11); KMT2A-MLLT3"
      },
      {
        "code" : "M98653",
        "display" : "AML m. t(6;9); DEK-NUP214"
      },
      {
        "code" : "M98693",
        "display" : "AML m inv(3)(q21q26.2)el t(3;3)(q21;q26.2);RPN1-EVI1"
      },
      {
        "code" : "M99113",
        "display" : "AML(megakaryoblastisk)m t(1;22)(p13;q13);RBM15-MLK1"
      },
      {
        "code" : "M98063",
        "display" : "bl. fænotype akut leukæmi m. t(9;22); BCR-ABL1"
      },
      {
        "code" : "M98073",
        "display" : "bl. fænotype akut leukæmi m. t(v;11q); KMT2A rearr."
      },
      {
        "code" : "M98143",
        "display" : "B-lymfobl. leukæmi/lymfom m. t(12;21); ETV6-RUNX1"
      },
      {
        "code" : "M98183",
        "display" : "B-lymfobl. leukæmi/lymfom m. t(1;19); TCF3-PBX1"
      },
      {
        "code" : "M98173",
        "display" : "B-lymfobl. leukæmi/lymfom m. t(5;14); IgH/IL3"
      },
      {
        "code" : "M98153",
        "display" : "B-lymfobl. leukæmi/lymfom med hyperdiploidi"
      }]
    }]
  }
}