{
  "resourceType" : "ValueSet",
  "id" : "ClavienKomplikationsgradLangDCCG",
  "text" : {
    "status" : "extensions",
    "div" : "<div xmlns=\"http://www.w3.org/1999/xhtml\"><p class=\"res-header-id\"><b>Generated Narrative: ValueSet ClavienKomplikationsgradLangDCCG</b></p><a name=\"ClavienKomplikationsgradLangDCCG\"> </a><a name=\"hcClavienKomplikationsgradLangDCCG\"> </a><a name=\"ClavienKomplikationsgradLangDCCG-en-US\"> </a><p>This value set includes codes based on the following rules:</p><ul><li>Include these codes as defined in <a href=\"CodeSystem-GenericValues.html\"><code>https://kip.rkkp.dk/fhir/CodeSystem/GenericValues</code></a><table class=\"none\"><tr><td style=\"white-space:nowrap\"><b>Code</b></td><td><b>Display</b></td><td><b>Definition</b></td></tr><tr><td><a href=\"CodeSystem-GenericValues.html#GenericValues-none\">none</a></td><td>Ingen</td><td>None - used to choose none of the available values</td></tr></table></li><li>Include these codes as defined in <a href=\"CodeSystem-SKS.html\"><code>https://kip.rkkp.dk/fhir/CodeSystem/SKS</code></a><table class=\"none\"><tr><td style=\"white-space:nowrap\"><b>Code</b></td><td><b>Display</b></td><td><b>Definition</b></td></tr><tr><td><a href=\"CodeSystem-SKS.html#SKS-ZDA03A1\">ZDA03A1</a></td><td>Grad 1: Enhver afvigelse fra det normale postoperative forløb uden kirurgisk, endoskopisk, radiologisk eller farmakologisk intervention med undtagelse af\nvæskebehandling, behandling med antiemetika, febernedsættende medicin, smertestillende medicin eller diuretika og fysioterapi. Omfatter\nsårspaltning bed-side og hjerteinsufficiens som udelukkende behandles med diuretika</td><td>Clavien grad 1</td></tr><tr><td><a href=\"CodeSystem-SKS.html#SKS-ZDA03A2\">ZDA03A2</a></td><td>Grad 2: Medicinsk behandling inkl. blodtransfusion eller parenteral ernæring, men eksklusiv væskebehandling og behandling med antiemetika,\nfebernedsættende medicin, smertestillende medicin eller diuretika</td><td>Clavien grad 2</td></tr><tr><td><a href=\"CodeSystem-SKS.html#SKS-ZDA03A3A\">ZDA03A3A</a></td><td>Grad 3a: Komplikation som er behandlet kirurgisk, endoskopisk eller radiologisk (perkutan drænage) behandling uden narkose, men inkl. eventuel rus</td><td>Clavien grad 3a</td></tr><tr><td><a href=\"CodeSystem-SKS.html#SKS-ZDA03A3B\">ZDA03A3B</a></td><td>Grad 3b: Komplikation som er behandlet kirurgisk, endoskopisk eller radiologisk (perkutan drænage) behandling i narkose ekskl. rus</td><td>Clavien grad 3b</td></tr><tr><td><a href=\"CodeSystem-SKS.html#SKS-ZDA03A4A\">ZDA03A4A</a></td><td>Grad 4a: Livstruende komplikation (inkl. CNS) som krævede indlæggelse på en intensiv afdeling, med svigt af et organ (inkl. dialyse)</td><td>Clavien grad 4a</td></tr><tr><td><a href=\"CodeSystem-SKS.html#SKS-ZDA03A4B\">ZDA03A4B</a></td><td>Grad 4b: Livstruende komplikation (inkl. CNS) som krævede indlæggelse på en intensiv afdeling med multiorgansvigt</td><td>Clavien grad 4b</td></tr><tr><td><a href=\"CodeSystem-SKS.html#SKS-ZDA03A5\">ZDA03A5</a></td><td>Grad 5: Død</td><td>Clavien grad 5</td></tr></table></li></ul></div>"
  },
  "url" : "https://kip.rkkp.dk/fhir/ValueSet/ClavienKomplikationsgradLangDCCG",
  "version" : "2.9.1",
  "name" : "ClavienKomplikationsgradLangDCCG",
  "title" : "Clavien komplikationsgrad lang DCCG",
  "status" : "active",
  "experimental" : true,
  "date" : "2023-06-20T00:00:00+02:00",
  "publisher" : "Sundhedsvæsnets Kvalistetsinstitut with Trifork Digital Health A/S",
  "contact" : [{
    "name" : "Sundhedsvæsnets Kvalistetsinstitut with Trifork Digital Health A/S",
    "telecom" : [{
      "system" : "url",
      "value" : "https://trifork.com"
    },
    {
      "system" : "email",
      "value" : "rbk@trifork.com"
    }]
  }],
  "description" : "Clavien komplikationsgrad lang DCCG",
  "compose" : {
    "include" : [{
      "system" : "https://kip.rkkp.dk/fhir/CodeSystem/GenericValues",
      "concept" : [{
        "code" : "none",
        "display" : "Ingen"
      }]
    },
    {
      "system" : "https://kip.rkkp.dk/fhir/CodeSystem/SKS",
      "concept" : [{
        "code" : "ZDA03A1",
        "display" : "Grad 1: Enhver afvigelse fra det normale postoperative forløb uden kirurgisk, endoskopisk, radiologisk eller farmakologisk intervention med undtagelse af\nvæskebehandling, behandling med antiemetika, febernedsættende medicin, smertestillende medicin eller diuretika og fysioterapi. Omfatter\nsårspaltning bed-side og hjerteinsufficiens som udelukkende behandles med diuretika"
      },
      {
        "code" : "ZDA03A2",
        "display" : "Grad 2: Medicinsk behandling inkl. blodtransfusion eller parenteral ernæring, men eksklusiv væskebehandling og behandling med antiemetika,\nfebernedsættende medicin, smertestillende medicin eller diuretika"
      },
      {
        "code" : "ZDA03A3A",
        "display" : "Grad 3a: Komplikation som er behandlet kirurgisk, endoskopisk eller radiologisk (perkutan drænage) behandling uden narkose, men inkl. eventuel rus"
      },
      {
        "code" : "ZDA03A3B",
        "display" : "Grad 3b: Komplikation som er behandlet kirurgisk, endoskopisk eller radiologisk (perkutan drænage) behandling i narkose ekskl. rus"
      },
      {
        "code" : "ZDA03A4A",
        "display" : "Grad 4a: Livstruende komplikation (inkl. CNS) som krævede indlæggelse på en intensiv afdeling, med svigt af et organ (inkl. dialyse)"
      },
      {
        "code" : "ZDA03A4B",
        "display" : "Grad 4b: Livstruende komplikation (inkl. CNS) som krævede indlæggelse på en intensiv afdeling med multiorgansvigt"
      },
      {
        "code" : "ZDA03A5",
        "display" : "Grad 5: Død"
      }]
    }]
  }
}