{
  "resourceType" : "ValueSet",
  "id" : "DoedsaarsagDAMYDA",
  "text" : {
    "status" : "extensions",
    "div" : "<div xmlns=\"http://www.w3.org/1999/xhtml\"><p class=\"res-header-id\"><b>Generated Narrative: ValueSet DoedsaarsagDAMYDA</b></p><a name=\"DoedsaarsagDAMYDA\"> </a><a name=\"hcDoedsaarsagDAMYDA\"> </a><a name=\"DoedsaarsagDAMYDA-en-US\"> </a><p>This value set includes codes based on the following rules:</p><ul><li>Include these codes as defined in <a href=\"CodeSystem-CauseOfDeath.html\"><code>https://kip.rkkp.dk/fhir/CodeSystem/CauseOfDeath</code></a><table class=\"none\"><tr><td style=\"white-space:nowrap\"><b>Code</b></td><td><b>Display</b></td><td><b>Definition</b></td></tr><tr><td><a href=\"CodeSystem-CauseOfDeath.html#CauseOfDeath-progressive_disease\">progressive_disease</a></td><td>Progressiv Sygdom</td><td>Progressive disease</td></tr><tr><td><a href=\"CodeSystem-CauseOfDeath.html#CauseOfDeath-uremia\">uremia</a></td><td>Uræmi</td><td>Uremia / Uræmi / SNOMED-CT: 44730006</td></tr><tr><td><a href=\"CodeSystem-CauseOfDeath.html#CauseOfDeath-infection\">infection</a></td><td>Infektion</td><td>Infectious disease / Infektionssygdom / SNOMED-CT: 40733004</td></tr><tr><td><a href=\"CodeSystem-CauseOfDeath.html#CauseOfDeath-bleeding\">bleeding</a></td><td>Blødning</td><td>Bleeding / Blødning / SNOMED-CT: 50960005</td></tr></table></li><li>Include these codes as defined in <a href=\"CodeSystem-Complications.html\"><code>https://kip.rkkp.dk/fhir/CodeSystem/Complications</code></a><table class=\"none\"><tr><td style=\"white-space:nowrap\"><b>Code</b></td><td><b>Display</b></td><td><b>Definition</b></td></tr><tr><td><a href=\"CodeSystem-Complications.html#Complications-other\">other</a></td><td>Død af anden årsag</td><td>Other</td></tr></table></li><li>Include these codes as defined in <a href=\"http://terminology.hl7.org/3.1.0/CodeSystem-v2-0532.html\"><code>http://terminology.hl7.org/CodeSystem/v2-0532</code></a><table class=\"none\"><tr><td style=\"white-space:nowrap\"><b>Code</b></td><td><b>Display</b></td><td><b>Definition</b></td></tr><tr><td><a href=\"http://terminology.hl7.org/3.1.0/CodeSystem-v2-0532.html#v2-0532-UNK\">UNK</a></td><td>Usikker dødsårsag</td><td>unknown</td></tr></table></li></ul></div>"
  },
  "url" : "https://kip.rkkp.dk/fhir/ValueSet/DoedsaarsagDAMYDA",
  "version" : "2.9.1",
  "name" : "DoedsaarsagDAMYDA",
  "title" : "Dødsårsager [DAMYDA]",
  "status" : "active",
  "experimental" : true,
  "date" : "2022-05-16T00:00:00+02:00",
  "publisher" : "Sundhedsvæsnets Kvalistetsinstitut with Trifork Digital Health A/S",
  "contact" : [{
    "name" : "Sundhedsvæsnets Kvalistetsinstitut with Trifork Digital Health A/S",
    "telecom" : [{
      "system" : "url",
      "value" : "https://trifork.com"
    },
    {
      "system" : "email",
      "value" : "rbk@trifork.com"
    }]
  }],
  "description" : "Dødsårsager [DAMYDA]",
  "compose" : {
    "include" : [{
      "system" : "https://kip.rkkp.dk/fhir/CodeSystem/CauseOfDeath",
      "concept" : [{
        "code" : "progressive_disease",
        "display" : "Progressiv Sygdom"
      },
      {
        "code" : "uremia",
        "display" : "Uræmi"
      },
      {
        "code" : "infection",
        "display" : "Infektion"
      },
      {
        "code" : "bleeding",
        "display" : "Blødning"
      }]
    },
    {
      "system" : "https://kip.rkkp.dk/fhir/CodeSystem/Complications",
      "concept" : [{
        "code" : "other",
        "display" : "Død af anden årsag"
      }]
    },
    {
      "system" : "http://terminology.hl7.org/CodeSystem/v2-0532",
      "concept" : [{
        "code" : "UNK",
        "display" : "Usikker dødsårsag"
      }]
    }]
  }
}