{
  "resourceType" : "ValueSet",
  "id" : "ICRSGraduering14",
  "text" : {
    "status" : "extensions",
    "div" : "<div xmlns=\"http://www.w3.org/1999/xhtml\"><p class=\"res-header-id\"><b>Generated Narrative: ValueSet ICRSGraduering14</b></p><a name=\"ICRSGraduering14\"> </a><a name=\"hcICRSGraduering14\"> </a><a name=\"ICRSGraduering14-en-US\"> </a><ul><li>Include these codes as defined in <a href=\"CodeSystem-ICRSGradingSystem.html\"><code>https://kip.rkkp.dk/fhir/CodeSystem/ICRSGradingSystem</code></a><table class=\"none\"><tr><td style=\"white-space:nowrap\"><b>Code</b></td><td><b>Display</b></td><td><b>Definition</b></td></tr><tr><td><a href=\"CodeSystem-ICRSGradingSystem.html#ICRSGradingSystem-grade_1\">grade_1</a></td><td>Grad 1: Overfladisk brusklæsion</td><td>Grade 1: Nearly normal, superficial lesions</td></tr><tr><td><a href=\"CodeSystem-ICRSGradingSystem.html#ICRSGradingSystem-grade_2\">grade_2</a></td><td>Grad 2: Brusklæsion &lt; 50% af brusktykkelse</td><td>Grade 2: Abnormal, lesiosn extending down to &lt;50% of cartilage depth</td></tr><tr><td><a href=\"CodeSystem-ICRSGradingSystem.html#ICRSGradingSystem-grade_3\">grade_3</a></td><td>Grad 3: Større end 50% af brusktykkelsen</td><td>Grade 3: Severely abnormal, cartilage defects extending down &gt;50% of cartilage depth</td></tr><tr><td><a href=\"CodeSystem-ICRSGradingSystem.html#ICRSGradingSystem-grade_4\">grade_4</a></td><td>Grad 4: Blottet knogle eller osteokondral læsion</td><td>Grade 4: Severely abnormal</td></tr></table></li></ul></div>"
  },
  "url" : "https://kip.rkkp.dk/fhir/ValueSet/ICRSGraduering14",
  "version" : "2.9.1",
  "name" : "ICRSGraduering14",
  "title" : "ICRS graduering 1-4",
  "status" : "active",
  "experimental" : true,
  "date" : "2022-09-19T00:00:00+02:00",
  "publisher" : "Sundhedsvæsnets Kvalistetsinstitut with Trifork Digital Health A/S",
  "contact" : [{
    "name" : "Sundhedsvæsnets Kvalistetsinstitut with Trifork Digital Health A/S",
    "telecom" : [{
      "system" : "url",
      "value" : "https://trifork.com"
    },
    {
      "system" : "email",
      "value" : "rbk@trifork.com"
    }]
  }],
  "description" : "ICRS graduering 1-4",
  "compose" : {
    "include" : [{
      "system" : "https://kip.rkkp.dk/fhir/CodeSystem/ICRSGradingSystem",
      "concept" : [{
        "code" : "grade_1",
        "display" : "Grad 1: Overfladisk brusklæsion"
      },
      {
        "code" : "grade_2",
        "display" : "Grad 2: Brusklæsion < 50% af brusktykkelse"
      },
      {
        "code" : "grade_3",
        "display" : "Grad 3: Større end 50% af brusktykkelsen"
      },
      {
        "code" : "grade_4",
        "display" : "Grad 4: Blottet knogle eller osteokondral læsion"
      }]
    }]
  }
}