{
  "resourceType" : "ValueSet",
  "id" : "ProteseFjernelseDHR",
  "text" : {
    "status" : "extensions",
    "div" : "<div xmlns=\"http://www.w3.org/1999/xhtml\"><p class=\"res-header-id\"><b>Generated Narrative: ValueSet ProteseFjernelseDHR</b></p><a name=\"ProteseFjernelseDHR\"> </a><a name=\"hcProteseFjernelseDHR\"> </a><a name=\"ProteseFjernelseDHR-en-US\"> </a><ul><li>Include these codes as defined in <a href=\"CodeSystem-ImplantComponents.html\"><code>https://kip.rkkp.dk/fhir/CodeSystem/ImplantComponents</code></a><table class=\"none\"><tr><td style=\"white-space:nowrap\"><b>Code</b></td><td><b>Display</b></td><td><b>Definition</b></td></tr><tr><td><a href=\"CodeSystem-ImplantComponents.html#ImplantComponents-cement_spacer\">cement_spacer</a></td><td>Til cementspacer</td><td>Cement spacer</td></tr><tr><td><a href=\"CodeSystem-ImplantComponents.html#ImplantComponents-girdlestone\">girdlestone</a></td><td>Til Girdlestone status</td><td>Girdlestone</td></tr></table></li></ul></div>"
  },
  "url" : "https://kip.rkkp.dk/fhir/ValueSet/ProteseFjernelseDHR",
  "version" : "2.9.1",
  "name" : "ProteseFjernelseDHR",
  "title" : "Protese fjernelse (DHR)",
  "status" : "active",
  "experimental" : true,
  "date" : "2022-11-08T00:00:00+02:00",
  "publisher" : "Sundhedsvæsnets Kvalistetsinstitut with Trifork Digital Health A/S",
  "contact" : [{
    "name" : "Sundhedsvæsnets Kvalistetsinstitut with Trifork Digital Health A/S",
    "telecom" : [{
      "system" : "url",
      "value" : "https://trifork.com"
    },
    {
      "system" : "email",
      "value" : "rbk@trifork.com"
    }]
  }],
  "description" : "Protese fjernelse (DHR)",
  "compose" : {
    "include" : [{
      "system" : "https://kip.rkkp.dk/fhir/CodeSystem/ImplantComponents",
      "concept" : [{
        "code" : "cement_spacer",
        "display" : "Til cementspacer"
      },
      {
        "code" : "girdlestone",
        "display" : "Til Girdlestone status"
      }]
    }]
  }
}