{
  "resourceType" : "ValueSet",
  "id" : "MenisklaesionTypeDKRR",
  "text" : {
    "status" : "extensions",
    "div" : "<div xmlns=\"http://www.w3.org/1999/xhtml\"><p class=\"res-header-id\"><b>Generated Narrative: ValueSet MenisklaesionTypeDKRR</b></p><a name=\"MenisklaesionTypeDKRR\"> </a><a name=\"hcMenisklaesionTypeDKRR\"> </a><a name=\"MenisklaesionTypeDKRR-en-US\"> </a><ul><li>Include these codes as defined in <a href=\"CodeSystem-LesionType.html\"><code>https://kip.rkkp.dk/fhir/CodeSystem/LesionType</code></a><table class=\"none\"><tr><td style=\"white-space:nowrap\"><b>Code</b></td><td><b>Display</b></td><td><b>Definition</b></td></tr><tr><td><a href=\"CodeSystem-LesionType.html#LesionType-meniscal\">meniscal</a></td><td>Menisklæsion</td><td>Meniscal lesion / Menisklæsion</td></tr><tr><td><a href=\"CodeSystem-LesionType.html#LesionType-root\">root</a></td><td>Rodlæsion</td><td>Root lesion / Rodlæsion</td></tr><tr><td><a href=\"CodeSystem-LesionType.html#LesionType-ramp\">ramp</a></td><td>RAMP læsion</td><td>RAMP lesion / RAMP læsion</td></tr></table></li></ul></div>"
  },
  "url" : "https://kip.rkkp.dk/fhir/ValueSet/MenisklaesionTypeDKRR",
  "version" : "2.9.1",
  "name" : "MenisklaesionTypeDKRR",
  "title" : "Menisklæsion, type (DKRR)",
  "status" : "active",
  "experimental" : true,
  "date" : "2022-09-19T00:00:00+02:00",
  "publisher" : "Sundhedsvæsnets Kvalistetsinstitut with Trifork Digital Health A/S",
  "contact" : [{
    "name" : "Sundhedsvæsnets Kvalistetsinstitut with Trifork Digital Health A/S",
    "telecom" : [{
      "system" : "url",
      "value" : "https://trifork.com"
    },
    {
      "system" : "email",
      "value" : "rbk@trifork.com"
    }]
  }],
  "description" : "Menisklæsion, type (DKRR)",
  "compose" : {
    "include" : [{
      "system" : "https://kip.rkkp.dk/fhir/CodeSystem/LesionType",
      "concept" : [{
        "code" : "meniscal",
        "display" : "Menisklæsion"
      },
      {
        "code" : "root",
        "display" : "Rodlæsion"
      },
      {
        "code" : "ramp",
        "display" : "RAMP læsion"
      }]
    }]
  }
}