{
  "resourceType" : "ValueSet",
  "id" : "KontaktType1",
  "text" : {
    "status" : "extensions",
    "div" : "<div xmlns=\"http://www.w3.org/1999/xhtml\"><p class=\"res-header-id\"><b>Generated Narrative: ValueSet KontaktType1</b></p><a name=\"KontaktType1\"> </a><a name=\"hcKontaktType1\"> </a><a name=\"KontaktType1-en-US\"> </a><ul><li>Include these codes as defined in <a href=\"CodeSystem-SKS.html\"><code>https://kip.rkkp.dk/fhir/CodeSystem/SKS</code></a><table class=\"none\"><tr><td style=\"white-space:nowrap\"><b>Code</b></td><td><b>Display</b></td><td><b>Definition</b></td></tr><tr><td><a href=\"CodeSystem-SKS.html#SKS-AAF2\">AAF2</a></td><td>Ambulant</td><td>AAF2 - Ambulant</td></tr><tr><td><a href=\"CodeSystem-SKS.html#SKS-AAF1\">AAF1</a></td><td>Indlæggelse</td><td>AAF1 - Indlæggelse</td></tr></table></li></ul></div>"
  },
  "url" : "https://kip.rkkp.dk/fhir/ValueSet/KontaktType1",
  "version" : "2.9.1",
  "name" : "KontaktType1",
  "title" : "Foerste kontakt",
  "status" : "active",
  "experimental" : true,
  "date" : "2022-09-06T00:00:00+02:00",
  "publisher" : "Sundhedsvæsnets Kvalistetsinstitut with Trifork Digital Health A/S",
  "contact" : [{
    "name" : "Sundhedsvæsnets Kvalistetsinstitut with Trifork Digital Health A/S",
    "telecom" : [{
      "system" : "url",
      "value" : "https://trifork.com"
    },
    {
      "system" : "email",
      "value" : "rbk@trifork.com"
    }]
  }],
  "description" : "Første kontakt type til behandling",
  "compose" : {
    "include" : [{
      "system" : "https://kip.rkkp.dk/fhir/CodeSystem/SKS",
      "concept" : [{
        "code" : "AAF2",
        "display" : "Ambulant"
      },
      {
        "code" : "AAF1",
        "display" : "Indlæggelse"
      }]
    }]
  }
}