{
  "resourceType" : "ValueSet",
  "id" : "OperativtFundIngvinalhernieDHDB",
  "text" : {
    "status" : "extensions",
    "div" : "<div xmlns=\"http://www.w3.org/1999/xhtml\"><p class=\"res-header-id\"><b>Generated Narrative: ValueSet OperativtFundIngvinalhernieDHDB</b></p><a name=\"OperativtFundIngvinalhernieDHDB\"> </a><a name=\"hcOperativtFundIngvinalhernieDHDB\"> </a><a name=\"OperativtFundIngvinalhernieDHDB-en-US\"> </a><p>This value set includes codes based on the following rules:</p><ul><li>Include these codes as defined in <a href=\"CodeSystem-SKS.html\"><code>https://kip.rkkp.dk/fhir/CodeSystem/SKS</code></a><table class=\"none\"><tr><td style=\"white-space:nowrap\"><b>Code</b></td><td><b>Display</b></td><td><b>Definition</b></td></tr><tr><td><a href=\"CodeSystem-SKS.html#SKS-DK40\">DK40</a></td><td>Ingvinalhernie</td><td>DK40 - Lyskebrok</td></tr><tr><td><a href=\"CodeSystem-SKS.html#SKS-DK41\">DK41</a></td><td>Femoralhernie</td><td>DK41 - Lårbrok</td></tr></table></li><li>Include these codes as defined in <a href=\"CodeSystem-GenericValues.html\"><code>https://kip.rkkp.dk/fhir/CodeSystem/GenericValues</code></a><table class=\"none\"><tr><td style=\"white-space:nowrap\"><b>Code</b></td><td><b>Display</b></td><td><b>Definition</b></td></tr><tr><td><a href=\"CodeSystem-GenericValues.html#GenericValues-combined\">combined</a></td><td>Kombination (ingvinal/femoral)</td><td>Combined / Kombineret / SNOMED-CT: 89780004</td></tr></table></li></ul></div>"
  },
  "url" : "https://kip.rkkp.dk/fhir/ValueSet/OperativtFundIngvinalhernieDHDB",
  "version" : "2.9.1",
  "name" : "OperativtFundIngvinalhernieDHDB",
  "title" : "Operativt fund - ingvinalhernie (DHDB)",
  "status" : "active",
  "experimental" : true,
  "date" : "2022-07-20T00:00:00+02:00",
  "publisher" : "Sundhedsvæsnets Kvalistetsinstitut with Trifork Digital Health A/S",
  "contact" : [{
    "name" : "Sundhedsvæsnets Kvalistetsinstitut with Trifork Digital Health A/S",
    "telecom" : [{
      "system" : "url",
      "value" : "https://trifork.com"
    },
    {
      "system" : "email",
      "value" : "rbk@trifork.com"
    }]
  }],
  "description" : "Operativt fund - ingvinalhernie (DHDB)",
  "compose" : {
    "include" : [{
      "system" : "https://kip.rkkp.dk/fhir/CodeSystem/SKS",
      "concept" : [{
        "code" : "DK40",
        "display" : "Ingvinalhernie"
      },
      {
        "code" : "DK41",
        "display" : "Femoralhernie"
      }]
    },
    {
      "system" : "https://kip.rkkp.dk/fhir/CodeSystem/GenericValues",
      "concept" : [{
        "code" : "combined",
        "display" : "Kombination (ingvinal/femoral)"
      }]
    }]
  }
}