{
  "resourceType" : "ValueSet",
  "id" : "Incisionsvalg",
  "text" : {
    "status" : "extensions",
    "div" : "<div xmlns=\"http://www.w3.org/1999/xhtml\"><p class=\"res-header-id\"><b>Generated Narrative: ValueSet Incisionsvalg</b></p><a name=\"Incisionsvalg\"> </a><a name=\"hcIncisionsvalg\"> </a><a name=\"Incisionsvalg-en-US\"> </a><ul><li>Include these codes as defined in <a href=\"CodeSystem-IncisionChoice.html\"><code>https://kip.rkkp.dk/fhir/CodeSystem/IncisionChoice</code></a><table class=\"none\"><tr><td style=\"white-space:nowrap\"><b>Code</b></td><td><b>Display</b></td><td><b>Definition</b></td></tr><tr><td><a href=\"CodeSystem-IncisionChoice.html#IncisionChoice-abdomnial\">abdomnial</a></td><td>Abdominal adgang</td><td>Abdominal adgang</td></tr><tr><td><a href=\"CodeSystem-IncisionChoice.html#IncisionChoice-abdominal_thoracic\">abdominal_thoracic</a></td><td>Separat abdominal og torakal adgang</td><td>Separat abdominal og torakal adgang</td></tr><tr><td><a href=\"CodeSystem-IncisionChoice.html#IncisionChoice-toracoabdominal\">toracoabdominal</a></td><td>Torakabdominal adgang med deling af diafragma</td><td>Torakabdominal adgang med deling af diafragma</td></tr><tr><td><a href=\"CodeSystem-IncisionChoice.html#IncisionChoice-transhiatal_siewert\">transhiatal_siewert</a></td><td>Transhiatal adgang (a.m. Siewert)</td><td>Transhiatal adgang (a.m. Siewert)</td></tr><tr><td><a href=\"CodeSystem-IncisionChoice.html#IncisionChoice-transhiatal_neck\">transhiatal_neck</a></td><td>Transhiatal adgang og anastomose på hals</td><td>Transhiatal adgang og anastomose på hals</td></tr><tr><td><a href=\"CodeSystem-IncisionChoice.html#IncisionChoice-abdominal_thoracoskopic\">abdominal_thoracoskopic</a></td><td>Separat abdominal &amp; torakoskopisk</td><td>Separat abdominal &amp; torakoskopisk</td></tr><tr><td><a href=\"CodeSystem-IncisionChoice.html#IncisionChoice-laparoscopic_thoracoskopic\">laparoscopic_thoracoskopic</a></td><td>Laparoskopisk &amp; torakoskopisk</td><td>Laparoskopisk &amp; torakoskopisk</td></tr><tr><td><a href=\"CodeSystem-IncisionChoice.html#IncisionChoice-laparoscopic_thoracotomy\">laparoscopic_thoracotomy</a></td><td>Laparoskopisk &amp; separat torakotomi</td><td>Laparoskopisk &amp; separat torakotomi</td></tr><tr><td><a href=\"CodeSystem-IncisionChoice.html#IncisionChoice-laparoscopic\">laparoscopic</a></td><td>Laparoskopisk</td><td>Laparoskopisk</td></tr><tr><td><a href=\"CodeSystem-IncisionChoice.html#IncisionChoice-endoscopic\">endoscopic</a></td><td>Endoskopisk</td><td>Endoskopisk</td></tr><tr><td><a href=\"CodeSystem-IncisionChoice.html#IncisionChoice-cervical\">cervical</a></td><td>Cervikal adgang (frit tyndtarmstransplantat)</td><td>Cervikal adgang (frit tyndtarmstransplantat)</td></tr></table></li></ul></div>"
  },
  "url" : "https://kip.rkkp.dk/fhir/ValueSet/Incisionsvalg",
  "version" : "2.9.1",
  "name" : "Incisionsvalg",
  "title" : "Incisionsvalg",
  "status" : "active",
  "experimental" : true,
  "date" : "2022-06-08T00:00:00+02:00",
  "publisher" : "Sundhedsvæsnets Kvalistetsinstitut with Trifork Digital Health A/S",
  "contact" : [{
    "name" : "Sundhedsvæsnets Kvalistetsinstitut with Trifork Digital Health A/S",
    "telecom" : [{
      "system" : "url",
      "value" : "https://trifork.com"
    },
    {
      "system" : "email",
      "value" : "rbk@trifork.com"
    }]
  }],
  "description" : "Incisionsvalg for kræft databaser (DEGC)",
  "compose" : {
    "include" : [{
      "system" : "https://kip.rkkp.dk/fhir/CodeSystem/IncisionChoice",
      "concept" : [{
        "code" : "abdomnial",
        "display" : "Abdominal adgang"
      },
      {
        "code" : "abdominal_thoracic",
        "display" : "Separat abdominal og torakal adgang"
      },
      {
        "code" : "toracoabdominal",
        "display" : "Torakabdominal adgang med deling af diafragma"
      },
      {
        "code" : "transhiatal_siewert",
        "display" : "Transhiatal adgang (a.m. Siewert)"
      },
      {
        "code" : "transhiatal_neck",
        "display" : "Transhiatal adgang og anastomose på hals"
      },
      {
        "code" : "abdominal_thoracoskopic",
        "display" : "Separat abdominal & torakoskopisk"
      },
      {
        "code" : "laparoscopic_thoracoskopic",
        "display" : "Laparoskopisk & torakoskopisk"
      },
      {
        "code" : "laparoscopic_thoracotomy",
        "display" : "Laparoskopisk & separat torakotomi"
      },
      {
        "code" : "laparoscopic",
        "display" : "Laparoskopisk"
      },
      {
        "code" : "endoscopic",
        "display" : "Endoskopisk"
      },
      {
        "code" : "cervical",
        "display" : "Cervikal adgang (frit tyndtarmstransplantat)"
      }]
    }]
  }
}