{
  "resourceType" : "ValueSet",
  "id" : "KomplAndreDiagDUGA",
  "text" : {
    "status" : "extensions",
    "div" : "<div xmlns=\"http://www.w3.org/1999/xhtml\"><p class=\"res-header-id\"><b>Generated Narrative: ValueSet KomplAndreDiagDUGA</b></p><a name=\"KomplAndreDiagDUGA\"> </a><a name=\"hcKomplAndreDiagDUGA\"> </a><a name=\"KomplAndreDiagDUGA-en-US\"> </a><ul><li>Include these codes as defined in <a href=\"CodeSystem-ProcedureUrogyn.html\"><code>https://kip.rkkp.dk/fhir/CodeSystem/ProcedureUrogyn</code></a><table class=\"none\"><tr><td style=\"white-space:nowrap\"><b>Code</b></td><td><b>Display</b></td><td><b>Definition</b></td></tr><tr><td><a href=\"CodeSystem-ProcedureUrogyn.html#ProcedureUrogyn-DN393\">DN393</a></td><td>DN393: Stress-inkontinens</td><td>Stress-inkontinens</td></tr><tr><td><a href=\"CodeSystem-ProcedureUrogyn.html#ProcedureUrogyn-DN895D\">DN895D</a></td><td>DN895D: Vaginal striktur</td><td>Vaginal striktur</td></tr><tr><td><a href=\"CodeSystem-ProcedureUrogyn.html#ProcedureUrogyn-DR102B\">DR102B</a></td><td>DR102B: Mavesmerter lokaliseret til bækken</td><td>Mavesmerter lokaliseret til bækken</td></tr><tr><td><a href=\"CodeSystem-ProcedureUrogyn.html#ProcedureUrogyn-DR522B\">DR522B</a></td><td>DR522B: Smerter i kønsorganer</td><td>Smerter i kønsorganer</td></tr><tr><td><a href=\"CodeSystem-ProcedureUrogyn.html#ProcedureUrogyn-DT983C\">DT983C</a></td><td>DT983C: Postoperativ seksuel dysfunktion</td><td>Postoperativ seksuel dysfunktion</td></tr></table></li></ul></div>"
  },
  "url" : "https://kip.rkkp.dk/fhir/ValueSet/KomplAndreDiagDUGA",
  "version" : "2.9.1",
  "name" : "KomplAndreDiagDUGA",
  "title" : "Komplikationer pga. 'Andre' - Diagnosekoder (DUGA)",
  "status" : "active",
  "experimental" : true,
  "date" : "2024-02-21T00:00:00+02:00",
  "publisher" : "Sundhedsvæsnets Kvalistetsinstitut with Trifork Digital Health A/S",
  "contact" : [{
    "name" : "Sundhedsvæsnets Kvalistetsinstitut with Trifork Digital Health A/S",
    "telecom" : [{
      "system" : "url",
      "value" : "https://trifork.com"
    },
    {
      "system" : "email",
      "value" : "rbk@trifork.com"
    }]
  }],
  "description" : "Komplikationer pga. 'Andre' - Diagnosekoder (DUGA)",
  "compose" : {
    "include" : [{
      "system" : "https://kip.rkkp.dk/fhir/CodeSystem/ProcedureUrogyn",
      "concept" : [{
        "code" : "DN393",
        "display" : "DN393: Stress-inkontinens"
      },
      {
        "code" : "DN895D",
        "display" : "DN895D: Vaginal striktur"
      },
      {
        "code" : "DR102B",
        "display" : "DR102B: Mavesmerter lokaliseret til bækken"
      },
      {
        "code" : "DR522B",
        "display" : "DR522B: Smerter i kønsorganer"
      },
      {
        "code" : "DT983C",
        "display" : "DT983C: Postoperativ seksuel dysfunktion"
      }]
    }]
  }
}