{
  "resourceType" : "ValueSet",
  "id" : "VarigRespons",
  "text" : {
    "status" : "extensions",
    "div" : "<div xmlns=\"http://www.w3.org/1999/xhtml\"><p class=\"res-header-id\"><b>Generated Narrative: ValueSet VarigRespons</b></p><a name=\"VarigRespons\"> </a><a name=\"hcVarigRespons\"> </a><a name=\"VarigRespons-en-US\"> </a><p>This value set includes codes based on the following rules:</p><ul><li>Include these codes as defined in <a href=\"CodeSystem-Profylaksebehandling.html\"><code>https://kip.rkkp.dk/fhir/CodeSystem/Profylaksebehandling</code></a><table class=\"none\"><tr><td style=\"white-space:nowrap\"><b>Code</b></td><td><b>Display</b></td></tr><tr><td><a href=\"CodeSystem-Profylaksebehandling.html#Profylaksebehandling-nofreeOfTreatment\">nofreeOfTreatment</a></td><td>Nej, og patienten har været behandlingsfri indtil nu</td></tr><tr><td><a href=\"CodeSystem-Profylaksebehandling.html#Profylaksebehandling-noagainprofylakse\">noagainprofylakse</a></td><td>Nej, men patienten er genoptaget profylakse</td></tr></table></li><li>Include these codes as defined in <a href=\"http://terminology.hl7.org/3.1.0/CodeSystem-v2-0532.html\"><code>http://terminology.hl7.org/CodeSystem/v2-0532</code></a><table class=\"none\"><tr><td style=\"white-space:nowrap\"><b>Code</b></td><td><b>Display</b></td><td><b>Definition</b></td></tr><tr><td><a href=\"http://terminology.hl7.org/3.1.0/CodeSystem-v2-0532.html#v2-0532-Y\">Y</a></td><td>Ja</td><td>Yes</td></tr></table></li></ul></div>"
  },
  "url" : "https://kip.rkkp.dk/fhir/ValueSet/VarigRespons",
  "version" : "2.9.1",
  "name" : "VarigRespons",
  "title" : "VarigRespons",
  "status" : "active",
  "experimental" : true,
  "date" : "2024-06-25T00:00:00+02:00",
  "publisher" : "Sundhedsvæsnets Kvalistetsinstitut with Trifork Digital Health A/S",
  "contact" : [{
    "name" : "Sundhedsvæsnets Kvalistetsinstitut with Trifork Digital Health A/S",
    "telecom" : [{
      "system" : "url",
      "value" : "https://trifork.com"
    },
    {
      "system" : "email",
      "value" : "rbk@trifork.com"
    }]
  }],
  "description" : "VarigRespons",
  "compose" : {
    "include" : [{
      "system" : "https://kip.rkkp.dk/fhir/CodeSystem/Profylaksebehandling",
      "concept" : [{
        "code" : "nofreeOfTreatment",
        "display" : "Nej, og patienten har været behandlingsfri indtil nu"
      },
      {
        "code" : "noagainprofylakse",
        "display" : "Nej, men patienten er genoptaget profylakse"
      }]
    },
    {
      "system" : "http://terminology.hl7.org/CodeSystem/v2-0532",
      "concept" : [{
        "code" : "Y",
        "display" : "Ja"
      }]
    }]
  }
}