{
  "resourceType" : "CodeSystem",
  "id" : "MedicalTreatmentDuration",
  "text" : {
    "status" : "generated",
    "div" : "<div xmlns=\"http://www.w3.org/1999/xhtml\"><p class=\"res-header-id\"><b>Generated Narrative: CodeSystem MedicalTreatmentDuration</b></p><a name=\"MedicalTreatmentDuration\"> </a><a name=\"hcMedicalTreatmentDuration\"> </a><a name=\"MedicalTreatmentDuration-en-US\"> </a><p>This  code system <code>https://kip.rkkp.dk/fhir/CodeSystem/MedicalTreatmentDuration</code> defines the following codes:</p><table class=\"codes\"><tr><td style=\"white-space:nowrap\"><b>Code</b></td><td><b>Display</b></td><td><b>Definition</b></td></tr><tr><td style=\"white-space:nowrap\">preoperative_peroperative<a name=\"MedicalTreatmentDuration-preoperative_peroperative\"> </a></td><td>Præ-/peroperativt</td><td>Præ-/peroperativt</td></tr><tr><td style=\"white-space:nowrap\">postoperative_1_day<a name=\"MedicalTreatmentDuration-postoperative_1_day\"> </a></td><td>Postoperativ, 1 døgn</td><td>Postoperativ, 1 døgn</td></tr><tr><td style=\"white-space:nowrap\">postoperative_multiple_days<a name=\"MedicalTreatmentDuration-postoperative_multiple_days\"> </a></td><td>Postoperativ, flere døgn</td><td>Postoperativ, flere døgn</td></tr></table></div>"
  },
  "url" : "https://kip.rkkp.dk/fhir/CodeSystem/MedicalTreatmentDuration",
  "version" : "0.1.8",
  "name" : "MedicalTreatmentDuration",
  "title" : "Medical treatment duration",
  "status" : "active",
  "date" : "2022-07-06T00:00:00+02:00",
  "publisher" : "Sundhedsvæsnets Kvalistetsinstitut with Trifork Digital Health A/S",
  "contact" : [{
    "name" : "Sundhedsvæsnets Kvalistetsinstitut with Trifork Digital Health A/S",
    "telecom" : [{
      "system" : "url",
      "value" : "https://trifork.com"
    },
    {
      "system" : "email",
      "value" : "rbk@trifork.com"
    }]
  }],
  "description" : "Medical treatment duration",
  "content" : "complete",
  "count" : 3,
  "concept" : [{
    "code" : "preoperative_peroperative",
    "display" : "Præ-/peroperativt",
    "definition" : "Præ-/peroperativt"
  },
  {
    "code" : "postoperative_1_day",
    "display" : "Postoperativ, 1 døgn",
    "definition" : "Postoperativ, 1 døgn"
  },
  {
    "code" : "postoperative_multiple_days",
    "display" : "Postoperativ, flere døgn",
    "definition" : "Postoperativ, flere døgn"
  }]
}