{
  "resourceType" : "CodeSystem",
  "id" : "DiseaseLocalization",
  "text" : {
    "status" : "generated",
    "div" : "<div xmlns=\"http://www.w3.org/1999/xhtml\"><p class=\"res-header-id\"><b>Generated Narrative: CodeSystem DiseaseLocalization</b></p><a name=\"DiseaseLocalization\"> </a><a name=\"hcDiseaseLocalization\"> </a><a name=\"DiseaseLocalization-en-US\"> </a><p>This case-insensitive code system <code>https://kip.rkkp.dk/fhir/CodeSystem/DiseaseLocalization</code> defines the following codes in an undefined hierarchy:</p><table class=\"codes\"><tr><td><b>Lvl</b></td><td style=\"white-space:nowrap\"><b>Code</b></td><td><b>Display</b></td><td><b>Definition</b></td></tr><tr><td>1</td><td style=\"white-space:nowrap\">nodal<a name=\"DiseaseLocalization-nodal\"> </a></td><td>Nodal</td><td>Only nodal / Kun nodalt</td></tr><tr><td>2</td><td style=\"white-space:nowrap\">\u00a0\u00a0nodal_extranodal<a name=\"DiseaseLocalization-nodal_extranodal\"> </a></td><td>Primary nodal, secondary extranodal</td><td>Primary nodal, secondary extranodal / Primært nodal, sekundært ekstranodalt</td></tr><tr><td>1</td><td style=\"white-space:nowrap\">extranodel<a name=\"DiseaseLocalization-extranodel\"> </a></td><td>Extranodal</td><td>Only extranodal / Kun ekstranodalt</td></tr><tr><td>2</td><td style=\"white-space:nowrap\">\u00a0\u00a0extranodal_nodal<a name=\"DiseaseLocalization-extranodal_nodal\"> </a></td><td>Primary extranodal, secondary nodal</td><td>Primary extranodal, secondary nodal / Primært ekstranodalt, sekundært nodalt</td></tr></table></div>"
  },
  "url" : "https://kip.rkkp.dk/fhir/CodeSystem/DiseaseLocalization",
  "version" : "2.9.3",
  "name" : "DiseaseLocalization",
  "title" : "Disease localization",
  "status" : "active",
  "date" : "2022-06-07T00:00:00+02:00",
  "publisher" : "Sundhedsvæsenets Kvalitetsinstitut with Trifork Digital Health A/S",
  "contact" : [{
    "name" : "Sundhedsvæsenets Kvalitetsinstitut with Trifork Digital Health A/S",
    "telecom" : [{
      "system" : "url",
      "value" : "https://trifork.com"
    },
    {
      "system" : "email",
      "value" : "rbk@trifork.com"
    }]
  }],
  "description" : "Disease localization",
  "caseSensitive" : false,
  "content" : "complete",
  "count" : 4,
  "concept" : [{
    "code" : "nodal",
    "display" : "Nodal",
    "definition" : "Only nodal / Kun nodalt",
    "concept" : [{
      "code" : "nodal_extranodal",
      "display" : "Primary nodal, secondary extranodal",
      "definition" : "Primary nodal, secondary extranodal / Primært nodal, sekundært ekstranodalt"
    }]
  },
  {
    "code" : "extranodel",
    "display" : "Extranodal",
    "definition" : "Only extranodal / Kun ekstranodalt",
    "concept" : [{
      "code" : "extranodal_nodal",
      "display" : "Primary extranodal, secondary nodal",
      "definition" : "Primary extranodal, secondary nodal / Primært ekstranodalt, sekundært nodalt"
    }]
  }]
}