{
  "resourceType" : "CodeSystem",
  "id" : "CytogeneticExamination",
  "text" : {
    "status" : "generated",
    "div" : "<div xmlns=\"http://www.w3.org/1999/xhtml\"><p class=\"res-header-id\"><b>Generated Narrative: CodeSystem CytogeneticExamination</b></p><a name=\"CytogeneticExamination\"> </a><a name=\"hcCytogeneticExamination\"> </a><a name=\"CytogeneticExamination-en-US\"> </a><p>This case-insensitive code system <code>https://kip.rkkp.dk/fhir/CodeSystem/CytogeneticExamination</code> defines the following codes:</p><table class=\"codes\"><tr><td style=\"white-space:nowrap\"><b>Code</b></td><td><b>Display</b></td><td><b>Definition</b></td></tr><tr><td style=\"white-space:nowrap\">jak2_v617f<a name=\"CytogeneticExamination-jak2_v617f\"> </a></td><td>JAK2 V617F</td><td>JAK2 V617F</td></tr><tr><td style=\"white-space:nowrap\">jak2_exon12<a name=\"CytogeneticExamination-jak2_exon12\"> </a></td><td>JAK2 Exon12</td><td>JAK2 Exon12</td></tr><tr><td style=\"white-space:nowrap\">mpl<a name=\"CytogeneticExamination-mpl\"> </a></td><td>MPL</td><td>MPL</td></tr><tr><td style=\"white-space:nowrap\">cal-r<a name=\"CytogeneticExamination-cal-r\"> </a></td><td>CAL-R</td><td>CAL-R</td></tr><tr><td style=\"white-space:nowrap\">asxl1<a name=\"CytogeneticExamination-asxl1\"> </a></td><td>ASXL1</td><td>ASXL1</td></tr></table></div>"
  },
  "url" : "https://kip.rkkp.dk/fhir/CodeSystem/CytogeneticExamination",
  "version" : "0.1.8",
  "name" : "CytogeneticExamination",
  "title" : "Cytogenetic examination",
  "status" : "active",
  "date" : "2022-06-14T00:00:00+02:00",
  "publisher" : "Sundhedsvæsnets Kvalistetsinstitut with Trifork Digital Health A/S",
  "contact" : [{
    "name" : "Sundhedsvæsnets Kvalistetsinstitut with Trifork Digital Health A/S",
    "telecom" : [{
      "system" : "url",
      "value" : "https://trifork.com"
    },
    {
      "system" : "email",
      "value" : "rbk@trifork.com"
    }]
  }],
  "description" : "Examination; cytogenetic examination",
  "caseSensitive" : false,
  "content" : "complete",
  "count" : 5,
  "concept" : [{
    "code" : "jak2_v617f",
    "display" : "JAK2 V617F",
    "definition" : "JAK2 V617F"
  },
  {
    "code" : "jak2_exon12",
    "display" : "JAK2 Exon12",
    "definition" : "JAK2 Exon12"
  },
  {
    "code" : "mpl",
    "display" : "MPL",
    "definition" : "MPL"
  },
  {
    "code" : "cal-r",
    "display" : "CAL-R",
    "definition" : "CAL-R"
  },
  {
    "code" : "asxl1",
    "display" : "ASXL1",
    "definition" : "ASXL1"
  }]
}