{
  "resourceType" : "CodeSystem",
  "id" : "AnasthesiaService",
  "text" : {
    "status" : "generated",
    "div" : "<div xmlns=\"http://www.w3.org/1999/xhtml\"><p class=\"res-header-id\"><b>Generated Narrative: CodeSystem AnasthesiaService</b></p><a name=\"AnasthesiaService\"> </a><a name=\"hcAnasthesiaService\"> </a><a name=\"AnasthesiaService-en-US\"> </a><p>This  code system <code>https://kip.rkkp.dk/fhir/CodeSystem/AnasthesiaService</code> defines the following codes in an undefined hierarchy:</p><table class=\"codes\"><tr><td><b>Lvl</b></td><td style=\"white-space:nowrap\"><b>Code</b></td><td><b>Display</b></td><td><b>Definition</b></td></tr><tr><td>1</td><td style=\"white-space:nowrap\">gen_anesthesia<a name=\"AnasthesiaService-gen_anesthesia\"> </a></td><td>General anesthesia</td><td>Generel anæstesi / SNOMED-CT: 50697003</td></tr><tr><td>1</td><td style=\"white-space:nowrap\">gen_anesthesia_spc<a name=\"AnasthesiaService-gen_anesthesia_spc\"> </a></td><td>General anasthesia after insufficient local anasthesia and/or central block</td><td>Generel anæstesi efter insufficient regional anæstesi og/eller central blokade</td></tr><tr><td>1</td><td style=\"white-space:nowrap\">local_anesthesia<a name=\"AnasthesiaService-local_anesthesia\"> </a></td><td>Local anesthesia</td><td>Lokal anæstesi / SNOMED-CT: 386761002</td></tr><tr><td>1</td><td style=\"white-space:nowrap\">local_analgesia<a name=\"AnasthesiaService-local_analgesia\"> </a></td><td>Local analgesia</td><td>Lokal analgesi</td></tr><tr><td>1</td><td style=\"white-space:nowrap\">nerve_block<a name=\"AnasthesiaService-nerve_block\"> </a></td><td>Peripheral nerve block</td><td>Perifer nerveblokade</td></tr><tr><td>1</td><td style=\"white-space:nowrap\">central_block<a name=\"AnasthesiaService-central_block\"> </a></td><td>Central block</td><td>Central blokade</td></tr><tr><td>1</td><td style=\"white-space:nowrap\">sedation<a name=\"AnasthesiaService-sedation\"> </a></td><td>Sedation</td><td>Sedation</td></tr><tr><td>1</td><td style=\"white-space:nowrap\">surveillance<a name=\"AnasthesiaService-surveillance\"> </a></td><td>Surveillance</td><td>Overvågning</td></tr><tr><td>1</td><td style=\"white-space:nowrap\">regional<a name=\"AnasthesiaService-regional\"> </a></td><td>Regional (spinal/epidural)</td><td>Regional (spinal/epidural) / SNOMED-CT: 231262009</td></tr><tr><td>2</td><td style=\"white-space:nowrap\">\u00a0\u00a0spinal<a name=\"AnasthesiaService-spinal\"> </a></td><td>Spinal</td><td>Spinal</td></tr><tr><td>2</td><td style=\"white-space:nowrap\">\u00a0\u00a0epidural<a name=\"AnasthesiaService-epidural\"> </a></td><td>Epidural</td><td>Epidural</td></tr><tr><td>3</td><td style=\"white-space:nowrap\">\u00a0\u00a0\u00a0\u00a0normotensive<a name=\"AnasthesiaService-normotensive\"> </a></td><td>Normotensive epidural anaesthesia</td><td>Normotensive epidural anaesthesia</td></tr><tr><td>3</td><td style=\"white-space:nowrap\">\u00a0\u00a0\u00a0\u00a0hypotensive<a name=\"AnasthesiaService-hypotensive\"> </a></td><td>Hypotensive epidural anaesthesia</td><td>Hypotensive epidural anaesthesia</td></tr><tr><td>3</td><td style=\"white-space:nowrap\">\u00a0\u00a0\u00a0\u00a0normo_hypotensive<a name=\"AnasthesiaService-normo_hypotensive\"> </a></td><td>Normo- or Hypotensive epidural anaesthesia</td><td>Normo- eller Hypotensiv epidural anæstesi</td></tr><tr><td>1</td><td style=\"white-space:nowrap\">universal<a name=\"AnasthesiaService-universal\"> </a></td><td>Universal</td><td>Universal</td></tr><tr><td>1</td><td style=\"white-space:nowrap\">combined<a name=\"AnasthesiaService-combined\"> </a></td><td>Combined</td><td>Combined</td></tr><tr><td>1</td><td style=\"white-space:nowrap\">uni_combined<a name=\"AnasthesiaService-uni_combined\"> </a></td><td>Universal_Combined</td><td>Universel/Kombineret</td></tr><tr><td>1</td><td style=\"white-space:nowrap\">rus<a name=\"AnasthesiaService-rus\"> </a></td><td>Rus</td><td>Rus</td></tr></table></div>"
  },
  "url" : "https://kip.rkkp.dk/fhir/CodeSystem/AnasthesiaService",
  "version" : "0.1.8",
  "name" : "AnasthesiaService",
  "title" : "Anæstesiydelse",
  "status" : "active",
  "date" : "2022-06-09T00:00:00+02:00",
  "publisher" : "Sundhedsvæsnets Kvalistetsinstitut with Trifork Digital Health A/S",
  "contact" : [{
    "name" : "Sundhedsvæsnets Kvalistetsinstitut with Trifork Digital Health A/S",
    "telecom" : [{
      "system" : "url",
      "value" : "https://trifork.com"
    },
    {
      "system" : "email",
      "value" : "rbk@trifork.com"
    }]
  }],
  "description" : "Anæstesiydelse",
  "content" : "complete",
  "count" : 18,
  "concept" : [{
    "code" : "gen_anesthesia",
    "display" : "General anesthesia",
    "definition" : "Generel anæstesi / SNOMED-CT: 50697003"
  },
  {
    "code" : "gen_anesthesia_spc",
    "display" : "General anasthesia after insufficient local anasthesia and/or central block",
    "definition" : "Generel anæstesi efter insufficient regional anæstesi og/eller central blokade"
  },
  {
    "code" : "local_anesthesia",
    "display" : "Local anesthesia",
    "definition" : "Lokal anæstesi / SNOMED-CT: 386761002"
  },
  {
    "code" : "local_analgesia",
    "display" : "Local analgesia",
    "definition" : "Lokal analgesi"
  },
  {
    "code" : "nerve_block",
    "display" : "Peripheral nerve block",
    "definition" : "Perifer nerveblokade"
  },
  {
    "code" : "central_block",
    "display" : "Central block",
    "definition" : "Central blokade"
  },
  {
    "code" : "sedation",
    "display" : "Sedation",
    "definition" : "Sedation"
  },
  {
    "code" : "surveillance",
    "display" : "Surveillance",
    "definition" : "Overvågning"
  },
  {
    "code" : "regional",
    "display" : "Regional (spinal/epidural)",
    "definition" : "Regional (spinal/epidural) / SNOMED-CT: 231262009",
    "concept" : [{
      "code" : "spinal",
      "display" : "Spinal",
      "definition" : "Spinal"
    },
    {
      "code" : "epidural",
      "display" : "Epidural",
      "definition" : "Epidural",
      "concept" : [{
        "code" : "normotensive",
        "display" : "Normotensive epidural anaesthesia",
        "definition" : "Normotensive epidural anaesthesia"
      },
      {
        "code" : "hypotensive",
        "display" : "Hypotensive epidural anaesthesia",
        "definition" : "Hypotensive epidural anaesthesia"
      },
      {
        "code" : "normo_hypotensive",
        "display" : "Normo- or Hypotensive epidural anaesthesia",
        "definition" : "Normo- eller Hypotensiv epidural anæstesi"
      }]
    }]
  },
  {
    "code" : "universal",
    "display" : "Universal",
    "definition" : "Universal"
  },
  {
    "code" : "combined",
    "display" : "Combined",
    "definition" : "Combined"
  },
  {
    "code" : "uni_combined",
    "display" : "Universal_Combined",
    "definition" : "Universel/Kombineret"
  },
  {
    "code" : "rus",
    "display" : "Rus",
    "definition" : "Rus"
  }]
}