{
  "resourceType" : "CodeSystem",
  "id" : "DiseasePhase",
  "text" : {
    "status" : "generated",
    "div" : "<div xmlns=\"http://www.w3.org/1999/xhtml\"><p class=\"res-header-id\"><b>Generated Narrative: CodeSystem DiseasePhase</b></p><a name=\"DiseasePhase\"> </a><a name=\"hcDiseasePhase\"> </a><a name=\"DiseasePhase-en-US\"> </a><p>This case-insensitive code system <code>https://kip.rkkp.dk/fhir/CodeSystem/DiseasePhase</code> defines the following codes:</p><table class=\"codes\"><tr><td style=\"white-space:nowrap\"><b>Code</b></td><td><b>Display</b></td><td><b>Definition</b></td></tr><tr><td style=\"white-space:nowrap\">chronic<a name=\"DiseasePhase-chronic\"> </a></td><td>Chronic phase</td><td>Chronic phase / Kronisk fase / SNOMED-CT: 278177007</td></tr><tr><td style=\"white-space:nowrap\">accelerated<a name=\"DiseasePhase-accelerated\"> </a></td><td>Accelerated phase</td><td>Accelerated phase / Accelereret fase / SNOMED-CT: 278179005</td></tr><tr><td style=\"white-space:nowrap\">blast_crisis<a name=\"DiseasePhase-blast_crisis\"> </a></td><td>Blast crisis</td><td>Blast crisis / Blastkrise</td></tr></table></div>"
  },
  "url" : "https://kip.rkkp.dk/fhir/CodeSystem/DiseasePhase",
  "version" : "0.1.8",
  "name" : "DiseasePhase",
  "title" : "Disease phase",
  "status" : "active",
  "date" : "2022-06-07T00:00:00+02:00",
  "publisher" : "Sundhedsvæsnets Kvalistetsinstitut with Trifork Digital Health A/S",
  "contact" : [{
    "name" : "Sundhedsvæsnets Kvalistetsinstitut with Trifork Digital Health A/S",
    "telecom" : [{
      "system" : "url",
      "value" : "https://trifork.com"
    },
    {
      "system" : "email",
      "value" : "rbk@trifork.com"
    }]
  }],
  "description" : "Disease phase",
  "caseSensitive" : false,
  "content" : "complete",
  "count" : 3,
  "concept" : [{
    "code" : "chronic",
    "display" : "Chronic phase",
    "definition" : "Chronic phase / Kronisk fase / SNOMED-CT: 278177007"
  },
  {
    "code" : "accelerated",
    "display" : "Accelerated phase",
    "definition" : "Accelerated phase / Accelereret fase / SNOMED-CT: 278179005"
  },
  {
    "code" : "blast_crisis",
    "display" : "Blast crisis",
    "definition" : "Blast crisis / Blastkrise"
  }]
}