{
  "resourceType" : "CodeSystem",
  "id" : "ProcedureNotCompleted",
  "text" : {
    "status" : "generated",
    "div" : "<div xmlns=\"http://www.w3.org/1999/xhtml\"><p class=\"res-header-id\"><b>Generated Narrative: CodeSystem ProcedureNotCompleted</b></p><a name=\"ProcedureNotCompleted\"> </a><a name=\"hcProcedureNotCompleted\"> </a><a name=\"ProcedureNotCompleted-en-US\"> </a><p>This case-insensitive code system <code>https://kip.rkkp.dk/fhir/CodeSystem/ProcedureNotCompleted</code> defines the following codes:</p><table class=\"codes\"><tr><td style=\"white-space:nowrap\"><b>Code</b></td><td><b>Display</b></td><td><b>Definition</b></td></tr><tr><td style=\"white-space:nowrap\">disease_progression<a name=\"ProcedureNotCompleted-disease_progression\"> </a></td><td>Progression of disease</td><td>Progression of disease / Sygdomsprogression</td></tr><tr><td style=\"white-space:nowrap\">disease_regression<a name=\"ProcedureNotCompleted-disease_regression\"> </a></td><td>Regression of disease</td><td>Regression of disease / Sygdomsregression</td></tr><tr><td style=\"white-space:nowrap\">disseminated_intestinal_cancer<a name=\"ProcedureNotCompleted-disseminated_intestinal_cancer\"> </a></td><td>Disseminated intestinal cancer</td><td>Disseminated intestinal cancer / Dissemineret tarmkræft</td></tr><tr><td style=\"white-space:nowrap\">other_cancer<a name=\"ProcedureNotCompleted-other_cancer\"> </a></td><td>Other cancer</td><td>Other cancer / Anden cancersygdom</td></tr><tr><td style=\"white-space:nowrap\">curative_treatment<a name=\"ProcedureNotCompleted-curative_treatment\"> </a></td><td>Other curative oncological treatment</td><td>Other curative oncological treatment / Kurativ onkologisk behandling</td></tr><tr><td style=\"white-space:nowrap\">palliative_treatment<a name=\"ProcedureNotCompleted-palliative_treatment\"> </a></td><td>Other palliative oncological treatment</td><td>Other palliative oncological treatment / Pallierende onkologisk behandling</td></tr><tr><td style=\"white-space:nowrap\">comorbidity<a name=\"ProcedureNotCompleted-comorbidity\"> </a></td><td>Comorbidity</td><td>Comorbidity / Komorbiditet</td></tr><tr><td style=\"white-space:nowrap\">patients_wish<a name=\"ProcedureNotCompleted-patients_wish\"> </a></td><td>Patient's wish</td><td>Patient's wish / Patientønske</td></tr><tr><td style=\"white-space:nowrap\">death<a name=\"ProcedureNotCompleted-death\"> </a></td><td>Death</td><td>Death / Dødsfald</td></tr></table></div>"
  },
  "url" : "https://kip.rkkp.dk/fhir/CodeSystem/ProcedureNotCompleted",
  "version" : "0.1.8",
  "name" : "ProcedureNotCompleted",
  "title" : "Procedure not completed; cause",
  "status" : "active",
  "date" : "2022-08-22T00:00:00+02:00",
  "publisher" : "Sundhedsvæsnets Kvalistetsinstitut with Trifork Digital Health A/S",
  "contact" : [{
    "name" : "Sundhedsvæsnets Kvalistetsinstitut with Trifork Digital Health A/S",
    "telecom" : [{
      "system" : "url",
      "value" : "https://trifork.com"
    },
    {
      "system" : "email",
      "value" : "rbk@trifork.com"
    }]
  }],
  "description" : "Procedure not completed; cause",
  "caseSensitive" : false,
  "content" : "complete",
  "count" : 9,
  "concept" : [{
    "code" : "disease_progression",
    "display" : "Progression of disease",
    "definition" : "Progression of disease / Sygdomsprogression"
  },
  {
    "code" : "disease_regression",
    "display" : "Regression of disease",
    "definition" : "Regression of disease / Sygdomsregression"
  },
  {
    "code" : "disseminated_intestinal_cancer",
    "display" : "Disseminated intestinal cancer",
    "definition" : "Disseminated intestinal cancer / Dissemineret tarmkræft"
  },
  {
    "code" : "other_cancer",
    "display" : "Other cancer",
    "definition" : "Other cancer / Anden cancersygdom"
  },
  {
    "code" : "curative_treatment",
    "display" : "Other curative oncological treatment",
    "definition" : "Other curative oncological treatment / Kurativ onkologisk behandling"
  },
  {
    "code" : "palliative_treatment",
    "display" : "Other palliative oncological treatment",
    "definition" : "Other palliative oncological treatment / Pallierende onkologisk behandling"
  },
  {
    "code" : "comorbidity",
    "display" : "Comorbidity",
    "definition" : "Comorbidity / Komorbiditet"
  },
  {
    "code" : "patients_wish",
    "display" : "Patient's wish",
    "definition" : "Patient's wish / Patientønske"
  },
  {
    "code" : "death",
    "display" : "Death",
    "definition" : "Death / Dødsfald"
  }]
}