{
  "resourceType" : "CodeSystem",
  "id" : "EsophagealLokalization",
  "text" : {
    "status" : "generated",
    "div" : "<div xmlns=\"http://www.w3.org/1999/xhtml\"><p class=\"res-header-id\"><b>Generated Narrative: CodeSystem EsophagealLokalization</b></p><a name=\"EsophagealLokalization\"> </a><a name=\"hcEsophagealLokalization\"> </a><a name=\"EsophagealLokalization-en-US\"> </a><p>This  code system <code>https://kip.sundk.dk/fhir/CodeSystem/EsophagealLokalization</code> defines the following codes:</p><table class=\"codes\"><tr><td style=\"white-space:nowrap\"><b>Code</b></td><td><b>Display</b></td><td><b>Definition</b></td></tr><tr><td style=\"white-space:nowrap\">upper<a name=\"EsophagealLokalization-upper\"> </a></td><td>Øverste tredjedel</td><td>Øverste tredjedel</td></tr><tr><td style=\"white-space:nowrap\">middle<a name=\"EsophagealLokalization-middle\"> </a></td><td>Midterste tredjedel</td><td>Midterste tredjedel</td></tr><tr><td style=\"white-space:nowrap\">lower<a name=\"EsophagealLokalization-lower\"> </a></td><td>Nederste tredjedel</td><td>Nederste tredjedel</td></tr></table></div>"
  },
  "url" : "https://kip.sundk.dk/fhir/CodeSystem/EsophagealLokalization",
  "version" : "0.0.9",
  "name" : "EsophagealLokalization",
  "title" : "Lokalization esophagus cancer",
  "status" : "active",
  "date" : "2022-06-07T00:00:00+02:00",
  "publisher" : "Sundhedsvæsnets Kvalistetsinstitut with Trifork Public A/S",
  "contact" : [{
    "name" : "Sundhedsvæsnets Kvalistetsinstitut with Trifork Public A/S",
    "telecom" : [{
      "system" : "url",
      "value" : "https://trifork.com"
    },
    {
      "system" : "email",
      "value" : "rbk@trifork.com"
    }]
  }],
  "description" : "Lokalization esophagus cancer",
  "content" : "complete",
  "count" : 3,
  "concept" : [{
    "code" : "upper",
    "display" : "Øverste tredjedel",
    "definition" : "Øverste tredjedel"
  },
  {
    "code" : "middle",
    "display" : "Midterste tredjedel",
    "definition" : "Midterste tredjedel"
  },
  {
    "code" : "lower",
    "display" : "Nederste tredjedel",
    "definition" : "Nederste tredjedel"
  }]
}