{
  "resourceType" : "CodeSystem",
  "id" : "LesionType",
  "text" : {
    "status" : "generated",
    "div" : "<div xmlns=\"http://www.w3.org/1999/xhtml\"><p class=\"res-header-id\"><b>Generated Narrative: CodeSystem LesionType</b></p><a name=\"LesionType\"> </a><a name=\"hcLesionType\"> </a><a name=\"LesionType-en-US\"> </a><p>This case-insensitive code system <code>https://kip.rkkp.dk/fhir/CodeSystem/LesionType</code> defines the following codes:</p><table class=\"codes\"><tr><td style=\"white-space:nowrap\"><b>Code</b></td><td><b>Display</b></td><td><b>Definition</b></td></tr><tr><td style=\"white-space:nowrap\">meniscal<a name=\"LesionType-meniscal\"> </a></td><td>Meniscal lesion</td><td>Meniscal lesion / Menisklæsion</td></tr><tr><td style=\"white-space:nowrap\">root<a name=\"LesionType-root\"> </a></td><td>Root lesion</td><td>Root lesion / Rodlæsion</td></tr><tr><td style=\"white-space:nowrap\">ramp<a name=\"LesionType-ramp\"> </a></td><td>RAMP lesion</td><td>RAMP lesion / RAMP læsion</td></tr></table></div>"
  },
  "url" : "https://kip.rkkp.dk/fhir/CodeSystem/LesionType",
  "version" : "0.2.1",
  "name" : "LesionType",
  "title" : "Lesion type",
  "status" : "active",
  "date" : "2022-09-19T00:00:00+02:00",
  "publisher" : "Sundhedsvæsnets Kvalistetsinstitut with Trifork Digital Health A/S",
  "contact" : [{
    "name" : "Sundhedsvæsnets Kvalistetsinstitut with Trifork Digital Health A/S",
    "telecom" : [{
      "system" : "url",
      "value" : "https://trifork.com"
    },
    {
      "system" : "email",
      "value" : "rbk@trifork.com"
    }]
  }],
  "description" : "Lesion type",
  "caseSensitive" : false,
  "content" : "complete",
  "count" : 3,
  "concept" : [{
    "code" : "meniscal",
    "display" : "Meniscal lesion",
    "definition" : "Meniscal lesion / Menisklæsion"
  },
  {
    "code" : "root",
    "display" : "Root lesion",
    "definition" : "Root lesion / Rodlæsion"
  },
  {
    "code" : "ramp",
    "display" : "RAMP lesion",
    "definition" : "RAMP lesion / RAMP læsion"
  }]
}