{
  "resourceType" : "CodeSystem",
  "id" : "GynUndersoegDUGA",
  "text" : {
    "status" : "generated",
    "div" : "<div xmlns=\"http://www.w3.org/1999/xhtml\"><p class=\"res-header-id\"><b>Generated Narrative: CodeSystem GynUndersoegDUGA</b></p><a name=\"GynUndersoegDUGA\"> </a><a name=\"hcGynUndersoegDUGA\"> </a><a name=\"GynUndersoegDUGA-en-US\"> </a><p>This case-insensitive code system <code>https://kip.rkkp.dk/fhir/CodeSystem/GynUndersoegDUGA</code> defines the following codes:</p><table class=\"codes\"><tr><td style=\"white-space:nowrap\"><b>Code</b></td><td><b>Display</b></td><td><b>Definition</b></td></tr><tr><td style=\"white-space:nowrap\">popq<a name=\"GynUndersoegDUGA-popq\"> </a></td><td>POPQ</td><td>POPQ</td></tr><tr><td style=\"white-space:nowrap\">hymscore<a name=\"GynUndersoegDUGA-hymscore\"> </a></td><td>Score i forhold til hymenal plan</td><td>Score i forhold til hymenal plan</td></tr></table></div>"
  },
  "url" : "https://kip.rkkp.dk/fhir/CodeSystem/GynUndersoegDUGA",
  "version" : "2.9.1",
  "name" : "GynUndersoegDUGA",
  "title" : "Gynækologisk undersøgelsesmetode (DUGA)",
  "status" : "active",
  "date" : "2024-02-13T00:00:00+02:00",
  "publisher" : "Sundhedsvæsnets Kvalistetsinstitut with Trifork Digital Health A/S",
  "contact" : [{
    "name" : "Sundhedsvæsnets Kvalistetsinstitut with Trifork Digital Health A/S",
    "telecom" : [{
      "system" : "url",
      "value" : "https://trifork.com"
    },
    {
      "system" : "email",
      "value" : "rbk@trifork.com"
    }]
  }],
  "description" : "Gynækologisk undersøgelsesmetode (DUGA)",
  "caseSensitive" : false,
  "content" : "complete",
  "count" : 2,
  "concept" : [{
    "code" : "popq",
    "display" : "POPQ",
    "definition" : "POPQ"
  },
  {
    "code" : "hymscore",
    "display" : "Score i forhold til hymenal plan",
    "definition" : "Score i forhold til hymenal plan"
  }]
}