{
  "resourceType" : "CodeSystem",
  "id" : "TreatmentPsychopharmacological",
  "text" : {
    "status" : "generated",
    "div" : "<div xmlns=\"http://www.w3.org/1999/xhtml\"><p class=\"res-header-id\"><b>Generated Narrative: CodeSystem TreatmentPsychopharmacological</b></p><a name=\"TreatmentPsychopharmacological\"> </a><a name=\"hcTreatmentPsychopharmacological\"> </a><a name=\"TreatmentPsychopharmacological-en-US\"> </a><p>This case-insensitive code system <code>https://kip.rkkp.dk/fhir/CodeSystem/TreatmentPsychopharmacological</code> defines the following codes:</p><table class=\"codes\"><tr><td style=\"white-space:nowrap\"><b>Code</b></td><td><b>Display</b></td><td><b>Definition</b></td></tr><tr><td style=\"white-space:nowrap\">antipsychotics<a name=\"TreatmentPsychopharmacological-antipsychotics\"> </a></td><td>Antipsychotics</td><td>Antipsychotics / Antipsykotika</td></tr><tr><td style=\"white-space:nowrap\">antipsychotics_depot<a name=\"TreatmentPsychopharmacological-antipsychotics_depot\"> </a></td><td>Antipsychotics, depot</td><td>Antipsychotics, depot / Antipsykotika, depot</td></tr><tr><td style=\"white-space:nowrap\">antidepressants<a name=\"TreatmentPsychopharmacological-antidepressants\"> </a></td><td>Antidepressants</td><td>Antidepressants / Antidepressiva</td></tr><tr><td style=\"white-space:nowrap\">mood_stabilizer<a name=\"TreatmentPsychopharmacological-mood_stabilizer\"> </a></td><td>Mood stabilizer</td><td>Mood stabilizer / Stemningsstabiliserende</td></tr><tr><td style=\"white-space:nowrap\">benzodiazepines<a name=\"TreatmentPsychopharmacological-benzodiazepines\"> </a></td><td>Benzodiazepines</td><td>Benzodiazepines / Benzodiazepiner</td></tr><tr><td style=\"white-space:nowrap\">central_stimulants<a name=\"TreatmentPsychopharmacological-central_stimulants\"> </a></td><td>Central stimulants</td><td>Central stimulants / Centralstimulerende medicin</td></tr></table></div>"
  },
  "url" : "https://kip.rkkp.dk/fhir/CodeSystem/TreatmentPsychopharmacological",
  "version" : "2.9.3",
  "name" : "TreatmentPsychopharmacological",
  "title" : "Treatment psychopharmacological",
  "status" : "active",
  "date" : "2022-07-12T00:00:00+02:00",
  "publisher" : "Sundhedsvæsenets Kvalitetsinstitut with Trifork Digital Health A/S",
  "contact" : [{
    "name" : "Sundhedsvæsenets Kvalitetsinstitut with Trifork Digital Health A/S",
    "telecom" : [{
      "system" : "url",
      "value" : "https://trifork.com"
    },
    {
      "system" : "email",
      "value" : "rbk@trifork.com"
    }]
  }],
  "description" : "Treatment psychopharmacological",
  "caseSensitive" : false,
  "content" : "complete",
  "count" : 6,
  "concept" : [{
    "code" : "antipsychotics",
    "display" : "Antipsychotics",
    "definition" : "Antipsychotics / Antipsykotika"
  },
  {
    "code" : "antipsychotics_depot",
    "display" : "Antipsychotics, depot",
    "definition" : "Antipsychotics, depot / Antipsykotika, depot"
  },
  {
    "code" : "antidepressants",
    "display" : "Antidepressants",
    "definition" : "Antidepressants / Antidepressiva"
  },
  {
    "code" : "mood_stabilizer",
    "display" : "Mood stabilizer",
    "definition" : "Mood stabilizer / Stemningsstabiliserende"
  },
  {
    "code" : "benzodiazepines",
    "display" : "Benzodiazepines",
    "definition" : "Benzodiazepines / Benzodiazepiner"
  },
  {
    "code" : "central_stimulants",
    "display" : "Central stimulants",
    "definition" : "Central stimulants / Centralstimulerende medicin"
  }]
}