{
  "resourceType" : "CodeSystem",
  "id" : "IkkeBesvaret",
  "text" : {
    "status" : "generated",
    "div" : "<div xmlns=\"http://www.w3.org/1999/xhtml\"><p class=\"res-header-id\"><b>Generated Narrative: CodeSystem IkkeBesvaret</b></p><a name=\"IkkeBesvaret\"> </a><a name=\"hcIkkeBesvaret\"> </a><a name=\"IkkeBesvaret-en-US\"> </a><p>This  code system <code>https://kip.rkkp.dk/fhir/CodeSystem/IkkeBesvaret</code> defines the following codes:</p><table class=\"codes\"><tr><td style=\"white-space:nowrap\"><b>Code</b></td><td><b>Display</b></td><td><b>Definition</b></td></tr><tr><td style=\"white-space:nowrap\">ej_tilg<a name=\"IkkeBesvaret-ej_tilg\"> </a></td><td>Ikke tilgængelig</td><td>Data ikke tilgængelig</td></tr><tr><td style=\"white-space:nowrap\">ej_udt<a name=\"IkkeBesvaret-ej_udt\"> </a></td><td>Ikke udtømmende</td><td>Svarmuligheder er ikke udtømmende</td></tr><tr><td style=\"white-space:nowrap\">na<a name=\"IkkeBesvaret-na\"> </a></td><td>ikke relevant</td><td>Ikke relevant</td></tr></table></div>"
  },
  "url" : "https://kip.rkkp.dk/fhir/CodeSystem/IkkeBesvaret",
  "version" : "0.2.1",
  "name" : "IkkeBesvaret",
  "title" : "Ikke besvaret",
  "status" : "active",
  "date" : "2022-10-19T00:00:00+02:00",
  "publisher" : "Sundhedsvæsnets Kvalistetsinstitut with Trifork Digital Health A/S",
  "contact" : [{
    "name" : "Sundhedsvæsnets Kvalistetsinstitut with Trifork Digital Health A/S",
    "telecom" : [{
      "system" : "url",
      "value" : "https://trifork.com"
    },
    {
      "system" : "email",
      "value" : "rbk@trifork.com"
    }]
  }],
  "description" : "Årsager til ikke-besvaret spørgsmål",
  "content" : "complete",
  "count" : 3,
  "concept" : [{
    "code" : "ej_tilg",
    "display" : "Ikke tilgængelig",
    "definition" : "Data ikke tilgængelig"
  },
  {
    "code" : "ej_udt",
    "display" : "Ikke udtømmende",
    "definition" : "Svarmuligheder er ikke udtømmende"
  },
  {
    "code" : "na",
    "display" : "ikke relevant",
    "definition" : "Ikke relevant"
  }]
}