{
  "resourceType" : "CodeSystem",
  "id" : "AlchoholDrugs",
  "text" : {
    "status" : "generated",
    "div" : "<div xmlns=\"http://www.w3.org/1999/xhtml\"><p class=\"res-header-id\"><b>Generated Narrative: CodeSystem AlchoholDrugs</b></p><a name=\"AlchoholDrugs\"> </a><a name=\"hcAlchoholDrugs\"> </a><a name=\"AlchoholDrugs-en-US\"> </a><p>This case-insensitive code system <code>https://kip.sundk.dk/fhir/CodeSystem/AlchoholDrugs</code> defines the following codes:</p><table class=\"codes\"><tr><td style=\"white-space:nowrap\"><b>Code</b></td><td><b>Display</b></td><td><b>Definition</b></td></tr><tr><td style=\"white-space:nowrap\">alchohol<a name=\"AlchoholDrugs-alchohol\"> </a></td><td>Alchohol</td><td>Alchohol / Alkohol</td></tr><tr><td style=\"white-space:nowrap\">cannabis<a name=\"AlchoholDrugs-cannabis\"> </a></td><td>Cannabis</td><td>Cannabis</td></tr><tr><td style=\"white-space:nowrap\">central_stimulants<a name=\"AlchoholDrugs-central_stimulants\"> </a></td><td>Central stimulants</td><td>Central stimulants / Centralstimulerende stoffer</td></tr><tr><td style=\"white-space:nowrap\">opioids<a name=\"AlchoholDrugs-opioids\"> </a></td><td>Opiods</td><td>Opioids / Opioider</td></tr><tr><td style=\"white-space:nowrap\">benzodiazepines<a name=\"AlchoholDrugs-benzodiazepines\"> </a></td><td>Benzodiazepines</td><td>Benzodiazepines / Benzodiazepiner</td></tr><tr><td style=\"white-space:nowrap\">steroids<a name=\"AlchoholDrugs-steroids\"> </a></td><td>Steroids</td><td>Steroids / Steroider</td></tr></table></div>"
  },
  "url" : "https://kip.sundk.dk/fhir/CodeSystem/AlchoholDrugs",
  "version" : "0.0.9",
  "name" : "AlchoholDrugs",
  "title" : "Alchohol or drugs",
  "status" : "active",
  "date" : "2022-09-30T00:00:00+02:00",
  "publisher" : "Sundhedsvæsnets Kvalistetsinstitut with Trifork Public A/S",
  "contact" : [{
    "name" : "Sundhedsvæsnets Kvalistetsinstitut with Trifork Public A/S",
    "telecom" : [{
      "system" : "url",
      "value" : "https://trifork.com"
    },
    {
      "system" : "email",
      "value" : "rbk@trifork.com"
    }]
  }],
  "description" : "Alchohol or drugs",
  "caseSensitive" : false,
  "content" : "complete",
  "count" : 6,
  "concept" : [{
    "code" : "alchohol",
    "display" : "Alchohol",
    "definition" : "Alchohol / Alkohol"
  },
  {
    "code" : "cannabis",
    "display" : "Cannabis",
    "definition" : "Cannabis"
  },
  {
    "code" : "central_stimulants",
    "display" : "Central stimulants",
    "definition" : "Central stimulants / Centralstimulerende stoffer"
  },
  {
    "code" : "opioids",
    "display" : "Opiods",
    "definition" : "Opioids / Opioider"
  },
  {
    "code" : "benzodiazepines",
    "display" : "Benzodiazepines",
    "definition" : "Benzodiazepines / Benzodiazepiner"
  },
  {
    "code" : "steroids",
    "display" : "Steroids",
    "definition" : "Steroids / Steroider"
  }]
}