{
  "resourceType" : "CodeSystem",
  "id" : "NYHA",
  "text" : {
    "status" : "generated",
    "div" : "<div xmlns=\"http://www.w3.org/1999/xhtml\"><p class=\"res-header-id\"><b>Generated Narrative: CodeSystem NYHA</b></p><a name=\"NYHA\"> </a><a name=\"hcNYHA\"> </a><a name=\"NYHA-en-US\"> </a><p>This  code system <code>https://kip.rkkp.dk/fhir/CodeSystem/NYHA</code> defines the following codes:</p><table class=\"codes\"><tr><td style=\"white-space:nowrap\"><b>Code</b></td><td><b>Definition</b></td></tr><tr><td style=\"white-space:nowrap\">NYHAI<a name=\"NYHA-NYHAI\"> </a></td><td>No limitation of physical activity. Ordinary physical activity does not cause undue fatigue, palpitation, dyspnea (shortness of breath).</td></tr><tr><td style=\"white-space:nowrap\">NYHAII<a name=\"NYHA-NYHAII\"> </a></td><td>Slight limitation of physical activity. Comfortable at rest. Ordinary physical activity results in fatigue, palpitation, dyspnea (shortness of breath).</td></tr><tr><td style=\"white-space:nowrap\">NYHAIII<a name=\"NYHA-NYHAIII\"> </a></td><td>Marked limitation of physical activity. Comfortable at rest. Less than ordinary activity causes fatigue, palpitation, or dyspnea.</td></tr><tr><td style=\"white-space:nowrap\">NYHAIV<a name=\"NYHA-NYHAIV\"> </a></td><td>Unable to carry on any physical activity without discomfort. Symptoms of heart failure at rest. If any physical activity is undertaken, discomfort increases.</td></tr></table></div>"
  },
  "url" : "https://kip.rkkp.dk/fhir/CodeSystem/NYHA",
  "version" : "2.9.0",
  "name" : "NYHA",
  "title" : "NYHA klasser - hjertesvigt",
  "status" : "active",
  "date" : "2022-07-21T00:00:00+02:00",
  "publisher" : "Sundhedsvæsnets Kvalistetsinstitut with Trifork Digital Health A/S",
  "contact" : [{
    "name" : "Sundhedsvæsnets Kvalistetsinstitut with Trifork Digital Health A/S",
    "telecom" : [{
      "system" : "url",
      "value" : "https://trifork.com"
    },
    {
      "system" : "email",
      "value" : "rbk@trifork.com"
    }]
  }],
  "description" : "The New York Heart Association (NYHA) Functional Classification link:https://www.heart.org/en/health-topics/heart-failure/what-is-heart-failure/classes-of-heart-failure",
  "content" : "complete",
  "count" : 4,
  "concept" : [{
    "code" : "NYHAI",
    "display" : "NYHAI",
    "definition" : "No limitation of physical activity. Ordinary physical activity does not cause undue fatigue, palpitation, dyspnea (shortness of breath)."
  },
  {
    "code" : "NYHAII",
    "display" : "NYHAII",
    "definition" : "Slight limitation of physical activity. Comfortable at rest. Ordinary physical activity results in fatigue, palpitation, dyspnea (shortness of breath)."
  },
  {
    "code" : "NYHAIII",
    "display" : "NYHAIII",
    "definition" : "Marked limitation of physical activity. Comfortable at rest. Less than ordinary activity causes fatigue, palpitation, or dyspnea."
  },
  {
    "code" : "NYHAIV",
    "display" : "NYHAIV",
    "definition" : "Unable to carry on any physical activity without discomfort. Symptoms of heart failure at rest. If any physical activity is undertaken, discomfort increases."
  }]
}