{
  "resourceType" : "CodeSystem",
  "id" : "ProcedureType",
  "text" : {
    "status" : "generated",
    "div" : "<div xmlns=\"http://www.w3.org/1999/xhtml\"><p class=\"res-header-id\"><b>Generated Narrative: CodeSystem ProcedureType</b></p><a name=\"ProcedureType\"> </a><a name=\"hcProcedureType\"> </a><a name=\"ProcedureType-en-US\"> </a><p>This case-insensitive code system <code>https://kip.rkkp.dk/fhir/CodeSystem/ProcedureType</code> defines the following codes in an undefined hierarchy:</p><table class=\"codes\"><tr><td><b>Lvl</b></td><td style=\"white-space:nowrap\"><b>Code</b></td><td><b>Display</b></td><td><b>Definition</b></td></tr><tr><td>1</td><td style=\"white-space:nowrap\">lichtenstein<a name=\"ProcedureType-lichtenstein\"> </a></td><td>Lichtenstein</td><td>Lichtenstein</td></tr><tr><td>1</td><td style=\"white-space:nowrap\">maclichtenstein<a name=\"ProcedureType-maclichtenstein\"> </a></td><td>Modified Lichtenstein/MacLichtenstein</td><td>Modificeret Lichtenstein/MacLichtenstein</td></tr><tr><td>1</td><td style=\"white-space:nowrap\">onstep<a name=\"ProcedureType-onstep\"> </a></td><td>Onstep</td><td>Onstep</td></tr><tr><td>1</td><td style=\"white-space:nowrap\">open_mesh<a name=\"ProcedureType-open_mesh\"> </a></td><td>Open mesh</td><td>Open mesh / Åbent mesh</td></tr><tr><td>2</td><td style=\"white-space:nowrap\">\u00a0\u00a0plug<a name=\"ProcedureType-plug\"> </a></td><td>Plug</td><td>Plug</td></tr><tr><td>2</td><td style=\"white-space:nowrap\">\u00a0\u00a0plug_plate<a name=\"ProcedureType-plug_plate\"> </a></td><td>Plug and plate</td><td>Plug and plate / Plug og plade</td></tr><tr><td>1</td><td style=\"white-space:nowrap\">open<a name=\"ProcedureType-open\"> </a></td><td>Open</td><td>Open / Åbent</td></tr><tr><td>2</td><td style=\"white-space:nowrap\">\u00a0\u00a0anuloraphi<a name=\"ProcedureType-anuloraphi\"> </a></td><td>Anuloraphi</td><td>Anuloraphi</td></tr><tr><td>2</td><td style=\"white-space:nowrap\">\u00a0\u00a0mcvay<a name=\"ProcedureType-mcvay\"> </a></td><td>McVay</td><td>McVay</td></tr><tr><td>2</td><td style=\"white-space:nowrap\">\u00a0\u00a0bassini<a name=\"ProcedureType-bassini\"> </a></td><td>Bassini</td><td>Bassini</td></tr><tr><td>2</td><td style=\"white-space:nowrap\">\u00a0\u00a0shouldice<a name=\"ProcedureType-shouldice\"> </a></td><td>Shouldice</td><td>Shouldice</td></tr><tr><td>1</td><td style=\"white-space:nowrap\">laparoscopic<a name=\"ProcedureType-laparoscopic\"> </a></td><td>Laparoscopic</td><td>Laparoscopic / Laparoskopisk</td></tr><tr><td>2</td><td style=\"white-space:nowrap\">\u00a0\u00a0transperitoneal<a name=\"ProcedureType-transperitoneal\"> </a></td><td>Transperitoneal</td><td>Transperitoneal</td></tr><tr><td>2</td><td style=\"white-space:nowrap\">\u00a0\u00a0extraperitoneal<a name=\"ProcedureType-extraperitoneal\"> </a></td><td>Extraperitoneal</td><td>Extraperitoneal</td></tr><tr><td>2</td><td style=\"white-space:nowrap\">\u00a0\u00a0multiple_ports<a name=\"ProcedureType-multiple_ports\"> </a></td><td>Multiple ports</td><td>Multiple ports / Flerport</td></tr><tr><td>1</td><td style=\"white-space:nowrap\">laparotomy<a name=\"ProcedureType-laparotomy\"> </a></td><td>Laparotomy</td><td>Laparotomy / Laparotomi / SNOMED-CT: 86481000</td></tr><tr><td>1</td><td style=\"white-space:nowrap\">converted_open<a name=\"ProcedureType-converted_open\"> </a></td><td>Converted to open from laparoscopic</td><td>Converted to open from laparoscopic / Konverteret til åben fra laparoskopisk</td></tr><tr><td>1</td><td style=\"white-space:nowrap\">converted_open_to_lap<a name=\"ProcedureType-converted_open_to_lap\"> </a></td><td>Converted from open to laparoscopic</td><td>Open converted to laparoscopic / Åben konverteret til laparoskopisk</td></tr><tr><td>1</td><td style=\"white-space:nowrap\">combined_open<a name=\"ProcedureType-combined_open\"> </a></td><td>Combined open</td><td>Combined open / Kombineret åben</td></tr><tr><td>1</td><td style=\"white-space:nowrap\">robot_assisted<a name=\"ProcedureType-robot_assisted\"> </a></td><td>Robot assisted</td><td>Robot assisted / Robotassisteret</td></tr><tr><td>2</td><td style=\"white-space:nowrap\">\u00a0\u00a0robot_laparoscopic<a name=\"ProcedureType-robot_laparoscopic\"> </a></td><td>Robot assisted laparoscopic</td><td>Robot assisted laparoscopic / Robot-assisteret laparoskopisk</td></tr><tr><td>2</td><td style=\"white-space:nowrap\">\u00a0\u00a0robot_converted_laparoscopic<a name=\"ProcedureType-robot_converted_laparoscopic\"> </a></td><td>Robot assisted laparoscopic converted to laparoscopic</td><td>Robot assisted laparoscopic converted to laparoscopic / Robot-assisteret laparoskopisk konverteret til laparoskopisk</td></tr><tr><td>2</td><td style=\"white-space:nowrap\">\u00a0\u00a0robot_converted_open<a name=\"ProcedureType-robot_converted_open\"> </a></td><td>Robot assisted laparoscopic converted to open</td><td>Robot assisted laparoscopic converted to open / Robot-assisteret laparoskopisk konverteret til åben</td></tr><tr><td>1</td><td style=\"white-space:nowrap\">milos<a name=\"ProcedureType-milos\"> </a></td><td>MILOS</td><td>MILOS</td></tr><tr><td>1</td><td style=\"white-space:nowrap\">emilos<a name=\"ProcedureType-emilos\"> </a></td><td>eMILOS</td><td>eMILOS</td></tr><tr><td>1</td><td style=\"white-space:nowrap\">etep<a name=\"ProcedureType-etep\"> </a></td><td>eTEP</td><td>eTEP - Robot-assisteret metode</td></tr><tr><td>1</td><td style=\"white-space:nowrap\">tarup<a name=\"ProcedureType-tarup\"> </a></td><td>TARUP</td><td>TARUP - Robot-assisteret metode</td></tr><tr><td>1</td><td style=\"white-space:nowrap\">tapp<a name=\"ProcedureType-tapp\"> </a></td><td>TAPP</td><td>TAPP - Robot-assisteret metode</td></tr><tr><td>1</td><td style=\"white-space:nowrap\">endoscopic<a name=\"ProcedureType-endoscopic\"> </a></td><td>Endoscopic</td><td>Endoscopic / Endoskopisk</td></tr><tr><td>2</td><td style=\"white-space:nowrap\">\u00a0\u00a0local_resection<a name=\"ProcedureType-local_resection\"> </a></td><td>Local ressection</td><td>Local ressection / Lokalresektion</td></tr><tr><td>2</td><td style=\"white-space:nowrap\">\u00a0\u00a0local_resection_tes<a name=\"ProcedureType-local_resection_tes\"> </a></td><td>Local ressection (incl. TES)</td><td>Local ressection followed by TES / Lokalresektion efterfulgt af TES</td></tr><tr><td>2</td><td style=\"white-space:nowrap\">\u00a0\u00a0local_resection_ex_tes<a name=\"ProcedureType-local_resection_ex_tes\"> </a></td><td>Local ressection (excl. TES)</td><td>Local ressection (excl. TES) / Endoskopisk lokalresektion (ekskl. TES)</td></tr><tr><td>2</td><td style=\"white-space:nowrap\">\u00a0\u00a0transanal_resection<a name=\"ProcedureType-transanal_resection\"> </a></td><td>Transanal endoskopisk lokalresektion (TES)</td><td>Transanal endoskopisk lokalresektion (TES)</td></tr><tr><td>2</td><td style=\"white-space:nowrap\">\u00a0\u00a0full_wall_resection<a name=\"ProcedureType-full_wall_resection\"> </a></td><td>Endoskopisk fuldvægsresektion</td><td>Endoskopisk fuldvægsresektion</td></tr><tr><td>2</td><td style=\"white-space:nowrap\">\u00a0\u00a0other_endoscopic<a name=\"ProcedureType-other_endoscopic\"> </a></td><td>Anden endoskopisk procedure</td><td>Anden endoskopisk procedure</td></tr><tr><td>1</td><td style=\"white-space:nowrap\">cels<a name=\"ProcedureType-cels\"> </a></td><td>Kombineret endoskopisk og laparoskopisk procedure (CELS)</td><td>Kombineret endoskopisk og laparoskopisk procedure (CELS)</td></tr><tr><td>1</td><td style=\"white-space:nowrap\">externus_obliquus<a name=\"ProcedureType-externus_obliquus\"> </a></td><td>Externus Obliquus</td><td>Externus Obliquus</td></tr><tr><td>1</td><td style=\"white-space:nowrap\">transversus_abdominis<a name=\"ProcedureType-transversus_abdominis\"> </a></td><td>Transversus Abdominis</td><td>Transversus Abdominis</td></tr><tr><td>1</td><td style=\"white-space:nowrap\">dissection<a name=\"ProcedureType-dissection\"> </a></td><td>Dissection</td><td>Dissection / Dissektion / SNOMED-CT: 122459003</td></tr><tr><td>2</td><td style=\"white-space:nowrap\">\u00a0\u00a0transanal_dissection<a name=\"ProcedureType-transanal_dissection\"> </a></td><td>Transanal dissection</td><td>Transanal dissektion</td></tr><tr><td>1</td><td style=\"white-space:nowrap\">polypectomy<a name=\"ProcedureType-polypectomy\"> </a></td><td>Polypektomi</td><td>Polypektomi</td></tr><tr><td>1</td><td style=\"white-space:nowrap\">emr<a name=\"ProcedureType-emr\"> </a></td><td>EMR inkl. piecemeal EMR</td><td>EMR inkl. piecemeal EMR</td></tr><tr><td>1</td><td style=\"white-space:nowrap\">piecemeal_resection<a name=\"ProcedureType-piecemeal_resection\"> </a></td><td>Piecemeal resektion</td><td>Piecemeal resektion</td></tr><tr><td>1</td><td style=\"white-space:nowrap\">stent<a name=\"ProcedureType-stent\"> </a></td><td>Stent</td><td>Stent / SNOMED-CT: 65818007</td></tr><tr><td>2</td><td style=\"white-space:nowrap\">\u00a0\u00a0stent_rectum<a name=\"ProcedureType-stent_rectum\"> </a></td><td>Stentanlæggelse i rektum</td><td>Stentanlæggelse i rektum</td></tr><tr><td>2</td><td style=\"white-space:nowrap\">\u00a0\u00a0stent_colon<a name=\"ProcedureType-stent_colon\"> </a></td><td>Stentanlæggelse i colon</td><td>Stentanlæggelse i colon</td></tr><tr><td>1</td><td style=\"white-space:nowrap\">stoma<a name=\"ProcedureType-stoma\"> </a></td><td>Stoma</td><td>Stoma / Stomi / SNOMED-CT: 245857005</td></tr><tr><td>1</td><td style=\"white-space:nowrap\">damage_control<a name=\"ProcedureType-damage_control\"> </a></td><td>Damage control</td><td>Damage control</td></tr><tr><td>1</td><td style=\"white-space:nowrap\">tme<a name=\"ProcedureType-tme\"> </a></td><td>TME</td><td>TME</td></tr><tr><td>1</td><td style=\"white-space:nowrap\">tem<a name=\"ProcedureType-tem\"> </a></td><td>TEM</td><td>TEM</td></tr><tr><td>1</td><td style=\"white-space:nowrap\">pme<a name=\"ProcedureType-pme\"> </a></td><td>PME</td><td>PME</td></tr><tr><td>1</td><td style=\"white-space:nowrap\">extensive_excision<a name=\"ProcedureType-extensive_excision\"> </a></td><td>Extensive excision</td><td>Extensive excision / Ekstensiv excision af peritoneum og  HIPEC</td></tr><tr><td>1</td><td style=\"white-space:nowrap\">rfa<a name=\"ProcedureType-rfa\"> </a></td><td>RFA</td><td>RFA / RFA af hepar</td></tr><tr><td>1</td><td style=\"white-space:nowrap\">metasis_resection<a name=\"ProcedureType-metasis_resection\"> </a></td><td>Metastasis resection</td><td>Metastasis resection / Metastaseresektion</td></tr><tr><td>1</td><td style=\"white-space:nowrap\">ape_conventional<a name=\"ProcedureType-ape_conventional\"> </a></td><td>APE, konventionel</td><td>APE, konventionel</td></tr><tr><td>1</td><td style=\"white-space:nowrap\">proctocolectomy_pouch<a name=\"ProcedureType-proctocolectomy_pouch\"> </a></td><td>Proktokolektomi med ileoanal pouch</td><td>Proktokolektomi med ileoanal pouch</td></tr><tr><td>1</td><td style=\"white-space:nowrap\">stoma_shunt<a name=\"ProcedureType-stoma_shunt\"> </a></td><td>Kun aflastende stomi eller intern shunt</td><td>Kun aflastende stomi eller intern shunt</td></tr><tr><td>1</td><td style=\"white-space:nowrap\">exploratory_intervention<a name=\"ProcedureType-exploratory_intervention\"> </a></td><td>Kun eksplorativt indgreb</td><td>Kun eksplorativt indgreb</td></tr><tr><td>1</td><td style=\"white-space:nowrap\">esd<a name=\"ProcedureType-esd\"> </a></td><td>ESD inkl. piecemeal ESD</td><td>ESD inkl. piecemeal ESD</td></tr><tr><td>1</td><td style=\"white-space:nowrap\">tamis<a name=\"ProcedureType-tamis\"> </a></td><td>TAMIS</td><td>TAMIS</td></tr><tr><td>1</td><td style=\"white-space:nowrap\">teo<a name=\"ProcedureType-teo\"> </a></td><td>TEO</td><td>TEO</td></tr><tr><td>1</td><td style=\"white-space:nowrap\">other_transanal<a name=\"ProcedureType-other_transanal\"> </a></td><td>Anden transanal adgang/teknik</td><td>Anden transanal adgang/teknik</td></tr><tr><td>1</td><td style=\"white-space:nowrap\">transplant<a name=\"ProcedureType-transplant\"> </a></td><td>Transplant</td><td>Transplant / Transplantation</td></tr><tr><td>2</td><td style=\"white-space:nowrap\">\u00a0\u00a0cage<a name=\"ProcedureType-cage\"> </a></td><td>Cage</td><td>Cage</td></tr><tr><td>2</td><td style=\"white-space:nowrap\">\u00a0\u00a0augments<a name=\"ProcedureType-augments\"> </a></td><td>Augments</td><td>Augments</td></tr><tr><td>1</td><td style=\"white-space:nowrap\">luxation<a name=\"ProcedureType-luxation\"> </a></td><td>Luxation</td><td>Luxation / Luksation</td></tr><tr><td>1</td><td style=\"white-space:nowrap\">tractus_tendonesis<a name=\"ProcedureType-tractus_tendonesis\"> </a></td><td>Tractus tendonesis</td><td>Tractus tendonesis</td></tr><tr><td>1</td><td style=\"white-space:nowrap\">internal_brace<a name=\"ProcedureType-internal_brace\"> </a></td><td>Internal brace</td><td>Internal brace / Syntetisk forstærkning</td></tr><tr><td>1</td><td style=\"white-space:nowrap\">multiple_ligaments_reconstruction<a name=\"ProcedureType-multiple_ligaments_reconstruction\"> </a></td><td>Multiple ligaments reconstruction</td><td>Multiple ligaments reconstruction / Flerligament-rekonstruktion (inkl. isoleret PCL, LCL, MCL)</td></tr><tr><td>1</td><td style=\"white-space:nowrap\">synovectomy<a name=\"ProcedureType-synovectomy\"> </a></td><td>Synovectomy</td><td>Synovectomy / Synovektomi</td></tr><tr><td>1</td><td style=\"white-space:nowrap\">implant_removal<a name=\"ProcedureType-implant_removal\"> </a></td><td>Implant removal</td><td>Implant removal / Implantatfjernelse</td></tr><tr><td>1</td><td style=\"white-space:nowrap\">osteotomy<a name=\"ProcedureType-osteotomy\"> </a></td><td>Osteotomy</td><td>Osteotomy / Osteotomi</td></tr><tr><td>1</td><td style=\"white-space:nowrap\">osteosynthesis<a name=\"ProcedureType-osteosynthesis\"> </a></td><td>Osteosynthesis</td><td>Osteosynthesis / Osteosyntese</td></tr><tr><td>1</td><td style=\"white-space:nowrap\">operation_infection<a name=\"ProcedureType-operation_infection\"> </a></td><td>Operation because of an infection</td><td>Operation because of an infection / Operation pga. infektion</td></tr><tr><td>1</td><td style=\"white-space:nowrap\">bone_transplantation<a name=\"ProcedureType-bone_transplantation\"> </a></td><td>Bone transplantation</td><td>Bone transplantation / Knogletransplantation</td></tr><tr><td>1</td><td style=\"white-space:nowrap\">operational_mobilization<a name=\"ProcedureType-operational_mobilization\"> </a></td><td>Operational mobilization</td><td>Operational mobilization / Operativ mobilisering</td></tr><tr><td>1</td><td style=\"white-space:nowrap\">tenodesis<a name=\"ProcedureType-tenodesis\"> </a></td><td>Tenodesis</td><td>Tenodesis</td></tr><tr><td>1</td><td style=\"white-space:nowrap\">stabilizing<a name=\"ProcedureType-stabilizing\"> </a></td><td>Stabilizing</td><td>Stabilizing / Stabiliserende indgreb</td></tr><tr><td>1</td><td style=\"white-space:nowrap\">cuff_reconstruction<a name=\"ProcedureType-cuff_reconstruction\"> </a></td><td>Cuff reconstruction</td><td>Cuff reconstruction / Cuff rekonstruktion</td></tr><tr><td>1</td><td style=\"white-space:nowrap\">arthroscopic<a name=\"ProcedureType-arthroscopic\"> </a></td><td>Arthroscopic operation</td><td>Arthroscopic operation / Artroskopisk operation uden indsættelse af fremmedlegeme</td></tr><tr><td>1</td><td style=\"white-space:nowrap\">templating<a name=\"ProcedureType-templating\"> </a></td><td>Templating</td><td>Templating</td></tr><tr><td>1</td><td style=\"white-space:nowrap\">psi<a name=\"ProcedureType-psi\"> </a></td><td>PSI (Patient specific instruments)</td><td>PSI (Patient specific instruments) / PSI (Patientspecifikke instrumenter)</td></tr><tr><td>1</td><td style=\"white-space:nowrap\">tenotomy<a name=\"ProcedureType-tenotomy\"> </a></td><td>Tenotomy</td><td>Tenotomy / Tenotomi / SNOMED-CT: 78545003</td></tr><tr><td>1</td><td style=\"white-space:nowrap\">meniscetomy<a name=\"ProcedureType-meniscetomy\"> </a></td><td>Meniscectomy</td><td>Meniscectomy / Meniskektomi</td></tr><tr><td>1</td><td style=\"white-space:nowrap\">arthroscopy<a name=\"ProcedureType-arthroscopy\"> </a></td><td>Artroskopi</td><td>Artroskopi</td></tr><tr><td>1</td><td style=\"white-space:nowrap\">reconstruction_cruciate_ligaments<a name=\"ProcedureType-reconstruction_cruciate_ligaments\"> </a></td><td>Reconstruction of cruciate ligaments</td><td>Reconstruction of cruciate ligaments / Korsbåndsrekonstruktion</td></tr><tr><td>1</td><td style=\"white-space:nowrap\">proximal_tibial_osteotomy<a name=\"ProcedureType-proximal_tibial_osteotomy\"> </a></td><td>Proksimal tibiaosteotomi</td><td>Proksimal tibiaosteotomi</td></tr><tr><td>1</td><td style=\"white-space:nowrap\">osteosynthesis_condyle_fracture<a name=\"ProcedureType-osteosynthesis_condyle_fracture\"> </a></td><td>Osteosyntese af kondylfraktur</td><td>Osteosyntese af kondylfraktur</td></tr><tr><td>1</td><td style=\"white-space:nowrap\">patellectomy<a name=\"ProcedureType-patellectomy\"> </a></td><td>Patellektomi</td><td/></tr><tr><td>1</td><td style=\"white-space:nowrap\">arthrodesis<a name=\"ProcedureType-arthrodesis\"> </a></td><td>Artrodese</td><td>Artrodese</td></tr><tr><td>1</td><td style=\"white-space:nowrap\">tumor_resection<a name=\"ProcedureType-tumor_resection\"> </a></td><td>Tumor resection</td><td>Resektion af tumorbærende tarmsegment</td></tr></table></div>"
  },
  "url" : "https://kip.rkkp.dk/fhir/CodeSystem/ProcedureType",
  "version" : "0.1.8",
  "name" : "ProcedureType",
  "title" : "Procedure type: Codes for different durations",
  "status" : "active",
  "date" : "2022-07-20T00:00:00+02:00",
  "publisher" : "Sundhedsvæsnets Kvalistetsinstitut with Trifork Digital Health A/S",
  "contact" : [{
    "name" : "Sundhedsvæsnets Kvalistetsinstitut with Trifork Digital Health A/S",
    "telecom" : [{
      "system" : "url",
      "value" : "https://trifork.com"
    },
    {
      "system" : "email",
      "value" : "rbk@trifork.com"
    }]
  }],
  "description" : "Procedure type: Codes for different durations",
  "caseSensitive" : false,
  "content" : "complete",
  "count" : 91,
  "concept" : [{
    "code" : "lichtenstein",
    "display" : "Lichtenstein",
    "definition" : "Lichtenstein"
  },
  {
    "code" : "maclichtenstein",
    "display" : "Modified Lichtenstein/MacLichtenstein",
    "definition" : "Modificeret Lichtenstein/MacLichtenstein"
  },
  {
    "code" : "onstep",
    "display" : "Onstep",
    "definition" : "Onstep"
  },
  {
    "code" : "open_mesh",
    "display" : "Open mesh",
    "definition" : "Open mesh / Åbent mesh",
    "concept" : [{
      "code" : "plug",
      "display" : "Plug",
      "definition" : "Plug"
    },
    {
      "code" : "plug_plate",
      "display" : "Plug and plate",
      "definition" : "Plug and plate / Plug og plade"
    }]
  },
  {
    "code" : "open",
    "display" : "Open",
    "definition" : "Open / Åbent",
    "concept" : [{
      "code" : "anuloraphi",
      "display" : "Anuloraphi",
      "definition" : "Anuloraphi"
    },
    {
      "code" : "mcvay",
      "display" : "McVay",
      "definition" : "McVay"
    },
    {
      "code" : "bassini",
      "display" : "Bassini",
      "definition" : "Bassini"
    },
    {
      "code" : "shouldice",
      "display" : "Shouldice",
      "definition" : "Shouldice"
    }]
  },
  {
    "code" : "laparoscopic",
    "display" : "Laparoscopic",
    "definition" : "Laparoscopic / Laparoskopisk",
    "concept" : [{
      "code" : "transperitoneal",
      "display" : "Transperitoneal",
      "definition" : "Transperitoneal"
    },
    {
      "code" : "extraperitoneal",
      "display" : "Extraperitoneal",
      "definition" : "Extraperitoneal"
    },
    {
      "code" : "multiple_ports",
      "display" : "Multiple ports",
      "definition" : "Multiple ports / Flerport"
    }]
  },
  {
    "code" : "laparotomy",
    "display" : "Laparotomy",
    "definition" : "Laparotomy / Laparotomi / SNOMED-CT: 86481000"
  },
  {
    "code" : "converted_open",
    "display" : "Converted to open from laparoscopic",
    "definition" : "Converted to open from laparoscopic / Konverteret til åben fra laparoskopisk"
  },
  {
    "code" : "converted_open_to_lap",
    "display" : "Converted from open to laparoscopic",
    "definition" : "Open converted to laparoscopic / Åben konverteret til laparoskopisk"
  },
  {
    "code" : "combined_open",
    "display" : "Combined open",
    "definition" : "Combined open / Kombineret åben"
  },
  {
    "code" : "robot_assisted",
    "display" : "Robot assisted",
    "definition" : "Robot assisted / Robotassisteret",
    "concept" : [{
      "code" : "robot_laparoscopic",
      "display" : "Robot assisted laparoscopic",
      "definition" : "Robot assisted laparoscopic / Robot-assisteret laparoskopisk"
    },
    {
      "code" : "robot_converted_laparoscopic",
      "display" : "Robot assisted laparoscopic converted to laparoscopic",
      "definition" : "Robot assisted laparoscopic converted to laparoscopic / Robot-assisteret laparoskopisk konverteret til laparoskopisk"
    },
    {
      "code" : "robot_converted_open",
      "display" : "Robot assisted laparoscopic converted to open",
      "definition" : "Robot assisted laparoscopic converted to open / Robot-assisteret laparoskopisk konverteret til åben"
    }]
  },
  {
    "code" : "milos",
    "display" : "MILOS",
    "definition" : "MILOS"
  },
  {
    "code" : "emilos",
    "display" : "eMILOS",
    "definition" : "eMILOS"
  },
  {
    "code" : "etep",
    "display" : "eTEP",
    "definition" : "eTEP - Robot-assisteret metode"
  },
  {
    "code" : "tarup",
    "display" : "TARUP",
    "definition" : "TARUP - Robot-assisteret metode"
  },
  {
    "code" : "tapp",
    "display" : "TAPP",
    "definition" : "TAPP - Robot-assisteret metode"
  },
  {
    "code" : "endoscopic",
    "display" : "Endoscopic",
    "definition" : "Endoscopic / Endoskopisk",
    "concept" : [{
      "code" : "local_resection",
      "display" : "Local ressection",
      "definition" : "Local ressection / Lokalresektion"
    },
    {
      "code" : "local_resection_tes",
      "display" : "Local ressection (incl. TES)",
      "definition" : "Local ressection followed by TES / Lokalresektion efterfulgt af TES"
    },
    {
      "code" : "local_resection_ex_tes",
      "display" : "Local ressection (excl. TES)",
      "definition" : "Local ressection (excl. TES) / Endoskopisk lokalresektion (ekskl. TES)"
    },
    {
      "code" : "transanal_resection",
      "display" : "Transanal endoskopisk lokalresektion (TES)",
      "definition" : "Transanal endoskopisk lokalresektion (TES)"
    },
    {
      "code" : "full_wall_resection",
      "display" : "Endoskopisk fuldvægsresektion",
      "definition" : "Endoskopisk fuldvægsresektion"
    },
    {
      "code" : "other_endoscopic",
      "display" : "Anden endoskopisk procedure",
      "definition" : "Anden endoskopisk procedure"
    }]
  },
  {
    "code" : "cels",
    "display" : "Kombineret endoskopisk og laparoskopisk procedure (CELS)",
    "definition" : "Kombineret endoskopisk og laparoskopisk procedure (CELS)"
  },
  {
    "code" : "externus_obliquus",
    "display" : "Externus Obliquus",
    "definition" : "Externus Obliquus"
  },
  {
    "code" : "transversus_abdominis",
    "display" : "Transversus Abdominis",
    "definition" : "Transversus Abdominis"
  },
  {
    "code" : "dissection",
    "display" : "Dissection",
    "definition" : "Dissection / Dissektion / SNOMED-CT: 122459003",
    "concept" : [{
      "code" : "transanal_dissection",
      "display" : "Transanal dissection",
      "definition" : "Transanal dissektion"
    }]
  },
  {
    "code" : "polypectomy",
    "display" : "Polypektomi",
    "definition" : "Polypektomi"
  },
  {
    "code" : "emr",
    "display" : "EMR inkl. piecemeal EMR",
    "definition" : "EMR inkl. piecemeal EMR"
  },
  {
    "code" : "piecemeal_resection",
    "display" : "Piecemeal resektion",
    "definition" : "Piecemeal resektion"
  },
  {
    "code" : "stent",
    "display" : "Stent",
    "definition" : "Stent / SNOMED-CT: 65818007",
    "concept" : [{
      "code" : "stent_rectum",
      "display" : "Stentanlæggelse i rektum",
      "definition" : "Stentanlæggelse i rektum"
    },
    {
      "code" : "stent_colon",
      "display" : "Stentanlæggelse i colon",
      "definition" : "Stentanlæggelse i colon"
    }]
  },
  {
    "code" : "stoma",
    "display" : "Stoma",
    "definition" : "Stoma / Stomi / SNOMED-CT: 245857005"
  },
  {
    "code" : "damage_control",
    "display" : "Damage control",
    "definition" : "Damage control"
  },
  {
    "code" : "tme",
    "display" : "TME",
    "definition" : "TME"
  },
  {
    "code" : "tem",
    "display" : "TEM",
    "definition" : "TEM"
  },
  {
    "code" : "pme",
    "display" : "PME",
    "definition" : "PME"
  },
  {
    "code" : "extensive_excision",
    "display" : "Extensive excision",
    "definition" : "Extensive excision / Ekstensiv excision af peritoneum og  HIPEC"
  },
  {
    "code" : "rfa",
    "display" : "RFA",
    "definition" : "RFA / RFA af hepar"
  },
  {
    "code" : "metasis_resection",
    "display" : "Metastasis resection",
    "definition" : "Metastasis resection / Metastaseresektion"
  },
  {
    "code" : "ape_conventional",
    "display" : "APE, konventionel",
    "definition" : "APE, konventionel"
  },
  {
    "code" : "proctocolectomy_pouch",
    "display" : "Proktokolektomi med ileoanal pouch",
    "definition" : "Proktokolektomi med ileoanal pouch"
  },
  {
    "code" : "stoma_shunt",
    "display" : "Kun aflastende stomi eller intern shunt",
    "definition" : "Kun aflastende stomi eller intern shunt"
  },
  {
    "code" : "exploratory_intervention",
    "display" : "Kun eksplorativt indgreb",
    "definition" : "Kun eksplorativt indgreb"
  },
  {
    "code" : "esd",
    "display" : "ESD inkl. piecemeal ESD",
    "definition" : "ESD inkl. piecemeal ESD"
  },
  {
    "code" : "tamis",
    "display" : "TAMIS",
    "definition" : "TAMIS"
  },
  {
    "code" : "teo",
    "display" : "TEO",
    "definition" : "TEO"
  },
  {
    "code" : "other_transanal",
    "display" : "Anden transanal adgang/teknik",
    "definition" : "Anden transanal adgang/teknik"
  },
  {
    "code" : "transplant",
    "display" : "Transplant",
    "definition" : "Transplant / Transplantation",
    "concept" : [{
      "code" : "cage",
      "display" : "Cage",
      "definition" : "Cage"
    },
    {
      "code" : "augments",
      "display" : "Augments",
      "definition" : "Augments"
    }]
  },
  {
    "code" : "luxation",
    "display" : "Luxation",
    "definition" : "Luxation / Luksation"
  },
  {
    "code" : "tractus_tendonesis",
    "display" : "Tractus tendonesis",
    "definition" : "Tractus tendonesis"
  },
  {
    "code" : "internal_brace",
    "display" : "Internal brace",
    "definition" : "Internal brace / Syntetisk forstærkning"
  },
  {
    "code" : "multiple_ligaments_reconstruction",
    "display" : "Multiple ligaments reconstruction",
    "definition" : "Multiple ligaments reconstruction / Flerligament-rekonstruktion (inkl. isoleret PCL, LCL, MCL)"
  },
  {
    "code" : "synovectomy",
    "display" : "Synovectomy",
    "definition" : "Synovectomy / Synovektomi"
  },
  {
    "code" : "implant_removal",
    "display" : "Implant removal",
    "definition" : "Implant removal / Implantatfjernelse"
  },
  {
    "code" : "osteotomy",
    "display" : "Osteotomy",
    "definition" : "Osteotomy / Osteotomi"
  },
  {
    "code" : "osteosynthesis",
    "display" : "Osteosynthesis",
    "definition" : "Osteosynthesis / Osteosyntese"
  },
  {
    "code" : "operation_infection",
    "display" : "Operation because of an infection",
    "definition" : "Operation because of an infection / Operation pga. infektion"
  },
  {
    "code" : "bone_transplantation",
    "display" : "Bone transplantation",
    "definition" : "Bone transplantation / Knogletransplantation"
  },
  {
    "code" : "operational_mobilization",
    "display" : "Operational mobilization",
    "definition" : "Operational mobilization / Operativ mobilisering"
  },
  {
    "code" : "tenodesis",
    "display" : "Tenodesis",
    "definition" : "Tenodesis"
  },
  {
    "code" : "stabilizing",
    "display" : "Stabilizing",
    "definition" : "Stabilizing / Stabiliserende indgreb"
  },
  {
    "code" : "cuff_reconstruction",
    "display" : "Cuff reconstruction",
    "definition" : "Cuff reconstruction / Cuff rekonstruktion"
  },
  {
    "code" : "arthroscopic",
    "display" : "Arthroscopic operation",
    "definition" : "Arthroscopic operation / Artroskopisk operation uden indsættelse af fremmedlegeme"
  },
  {
    "code" : "templating",
    "display" : "Templating",
    "definition" : "Templating"
  },
  {
    "code" : "psi",
    "display" : "PSI (Patient specific instruments)",
    "definition" : "PSI (Patient specific instruments) / PSI (Patientspecifikke instrumenter)"
  },
  {
    "code" : "tenotomy",
    "display" : "Tenotomy",
    "definition" : "Tenotomy / Tenotomi / SNOMED-CT: 78545003"
  },
  {
    "code" : "meniscetomy",
    "display" : "Meniscectomy",
    "definition" : "Meniscectomy / Meniskektomi"
  },
  {
    "code" : "arthroscopy",
    "display" : "Artroskopi",
    "definition" : "Artroskopi"
  },
  {
    "code" : "reconstruction_cruciate_ligaments",
    "display" : "Reconstruction of cruciate ligaments",
    "definition" : "Reconstruction of cruciate ligaments / Korsbåndsrekonstruktion"
  },
  {
    "code" : "proximal_tibial_osteotomy",
    "display" : "Proksimal tibiaosteotomi",
    "definition" : "Proksimal tibiaosteotomi"
  },
  {
    "code" : "osteosynthesis_condyle_fracture",
    "display" : "Osteosyntese af kondylfraktur",
    "definition" : "Osteosyntese af kondylfraktur"
  },
  {
    "code" : "patellectomy",
    "display" : "Patellektomi"
  },
  {
    "code" : "arthrodesis",
    "display" : "Artrodese",
    "definition" : "Artrodese"
  },
  {
    "code" : "tumor_resection",
    "display" : "Tumor resection",
    "definition" : "Resektion af tumorbærende tarmsegment"
  }]
}