{
  "resourceType" : "CodeSystem",
  "id" : "HarrisHipScoreLimp",
  "text" : {
    "status" : "generated",
    "div" : "<div xmlns=\"http://www.w3.org/1999/xhtml\"><p class=\"res-header-id\"><b>Generated Narrative: CodeSystem HarrisHipScoreLimp</b></p><a name=\"HarrisHipScoreLimp\"> </a><a name=\"hcHarrisHipScoreLimp\"> </a><a name=\"HarrisHipScoreLimp-en-US\"> </a><p>This case-insensitive code system <code>https://kip.rkkp.dk/fhir/CodeSystem/HarrisHipScoreLimp</code> defines the following codes:</p><table class=\"codes\"><tr><td style=\"white-space:nowrap\"><b>Code</b></td><td><b>Display</b></td><td><b>Definition</b></td></tr><tr><td style=\"white-space:nowrap\">11<a name=\"HarrisHipScoreLimp-11\"> </a></td><td>None</td><td>None (11)</td></tr><tr><td style=\"white-space:nowrap\">8<a name=\"HarrisHipScoreLimp-8\"> </a></td><td>Slight</td><td>Slight (8)</td></tr><tr><td style=\"white-space:nowrap\">5<a name=\"HarrisHipScoreLimp-5\"> </a></td><td>Moderate</td><td>Moderate (5)</td></tr><tr><td style=\"white-space:nowrap\">0<a name=\"HarrisHipScoreLimp-0\"> </a></td><td>Severe</td><td>Severe (0)</td></tr></table></div>"
  },
  "url" : "https://kip.rkkp.dk/fhir/CodeSystem/HarrisHipScoreLimp",
  "version" : "0.1.6",
  "name" : "HarrisHipScoreLimp",
  "title" : "Harris Hip Score (HHS) - Limp",
  "status" : "active",
  "date" : "2022-07-06T00:00:00+02:00",
  "publisher" : "Sundhedsvæsnets Kvalistetsinstitut with Trifork Digital Health A/S",
  "contact" : [{
    "name" : "Sundhedsvæsnets Kvalistetsinstitut with Trifork Digital Health A/S",
    "telecom" : [{
      "system" : "url",
      "value" : "https://trifork.com"
    },
    {
      "system" : "email",
      "value" : "rbk@trifork.com"
    }]
  }],
  "description" : "Harris Hip Score (HHS) - Limp. Link: https://www.orthopaedicscore.com/scorepages/harris_hip_score.html",
  "caseSensitive" : false,
  "content" : "complete",
  "count" : 4,
  "concept" : [{
    "code" : "11",
    "display" : "None",
    "definition" : "None (11)"
  },
  {
    "code" : "8",
    "display" : "Slight",
    "definition" : "Slight (8)"
  },
  {
    "code" : "5",
    "display" : "Moderate",
    "definition" : "Moderate (5)"
  },
  {
    "code" : "0",
    "display" : "Severe",
    "definition" : "Severe (0)"
  }]
}