{
  "resourceType" : "CodeSystem",
  "id" : "DatabasesKIP",
  "text" : {
    "status" : "generated",
    "div" : "<div xmlns=\"http://www.w3.org/1999/xhtml\"><p class=\"res-header-id\"><b>Generated Narrative: CodeSystem DatabasesKIP</b></p><a name=\"DatabasesKIP\"> </a><a name=\"hcDatabasesKIP\"> </a><a name=\"DatabasesKIP-en-US\"> </a><p>This  code system <code>https://kip.rkkp.dk/fhir/CodeSystem/DatabasesKIP</code> defines the following codes:</p><table class=\"codes\"><tr><td style=\"white-space:nowrap\"><b>Code</b></td><td><b>Definition</b></td></tr><tr><td style=\"white-space:nowrap\">ALD<a name=\"DatabasesKIP-ALD\"> </a></td><td>HÆMA - ALD</td></tr><tr><td style=\"white-space:nowrap\">DAMYDA<a name=\"DatabasesKIP-DAMYDA\"> </a></td><td>HÆMA - DAMYDA</td></tr><tr><td style=\"white-space:nowrap\">MDS<a name=\"DatabasesKIP-MDS\"> </a></td><td>HÆMA - MDS</td></tr></table></div>"
  },
  "url" : "https://kip.rkkp.dk/fhir/CodeSystem/DatabasesKIP",
  "version" : "2.9.0",
  "name" : "DatabasesKIP",
  "title" : "Databaser - KIP",
  "status" : "active",
  "date" : "2023-03-15T00:00:00+02:00",
  "publisher" : "Sundhedsvæsnets Kvalistetsinstitut with Trifork Digital Health A/S",
  "contact" : [{
    "name" : "Sundhedsvæsnets Kvalistetsinstitut with Trifork Digital Health A/S",
    "telecom" : [{
      "system" : "url",
      "value" : "https://trifork.com"
    },
    {
      "system" : "email",
      "value" : "rbk@trifork.com"
    }]
  }],
  "description" : "Databaser i KIP",
  "content" : "complete",
  "count" : 3,
  "concept" : [{
    "code" : "ALD",
    "display" : "ALD",
    "definition" : "HÆMA - ALD"
  },
  {
    "code" : "DAMYDA",
    "display" : "DAMYDA",
    "definition" : "HÆMA - DAMYDA"
  },
  {
    "code" : "MDS",
    "display" : "MDS",
    "definition" : "HÆMA - MDS"
  }]
}