{
  "resourceType" : "CodeSystem",
  "id" : "EndoscopicAppearance",
  "text" : {
    "status" : "generated",
    "div" : "<div xmlns=\"http://www.w3.org/1999/xhtml\"><p class=\"res-header-id\"><b>Generated Narrative: CodeSystem EndoscopicAppearance</b></p><a name=\"EndoscopicAppearance\"> </a><a name=\"hcEndoscopicAppearance\"> </a><a name=\"EndoscopicAppearance-en-US\"> </a><p>This case-insensitive code system <code>https://kip.rkkp.dk/fhir/CodeSystem/EndoscopicAppearance</code> defines the following codes:</p><table class=\"codes\"><tr><td style=\"white-space:nowrap\"><b>Code</b></td><td><b>Display</b></td><td><b>Definition</b></td></tr><tr><td style=\"white-space:nowrap\">stalk<a name=\"EndoscopicAppearance-stalk\"> </a></td><td>Stalked</td><td>Stalked / Stilket</td></tr><tr><td style=\"white-space:nowrap\">broad<a name=\"EndoscopicAppearance-broad\"> </a></td><td>Broad based</td><td>Broad based / Bredbaset</td></tr><tr><td style=\"white-space:nowrap\">non_polypoid<a name=\"EndoscopicAppearance-non_polypoid\"> </a></td><td>Non-polypoid</td><td>Non-polypoid</td></tr></table></div>"
  },
  "url" : "https://kip.rkkp.dk/fhir/CodeSystem/EndoscopicAppearance",
  "version" : "0.1.6",
  "name" : "EndoscopicAppearance",
  "title" : "Endoscopic appearance",
  "status" : "active",
  "date" : "2022-08-22T00:00:00+02:00",
  "publisher" : "Sundhedsvæsnets Kvalistetsinstitut with Trifork Digital Health A/S",
  "contact" : [{
    "name" : "Sundhedsvæsnets Kvalistetsinstitut with Trifork Digital Health A/S",
    "telecom" : [{
      "system" : "url",
      "value" : "https://trifork.com"
    },
    {
      "system" : "email",
      "value" : "rbk@trifork.com"
    }]
  }],
  "description" : "Endoscopic appearance",
  "caseSensitive" : false,
  "content" : "complete",
  "count" : 3,
  "concept" : [{
    "code" : "stalk",
    "display" : "Stalked",
    "definition" : "Stalked / Stilket"
  },
  {
    "code" : "broad",
    "display" : "Broad based",
    "definition" : "Broad based / Bredbaset"
  },
  {
    "code" : "non_polypoid",
    "display" : "Non-polypoid",
    "definition" : "Non-polypoid"
  }]
}