{
  "resourceType" : "CodeSystem",
  "id" : "CalciumType",
  "text" : {
    "status" : "generated",
    "div" : "<div xmlns=\"http://www.w3.org/1999/xhtml\"><p class=\"res-header-id\"><b>Generated Narrative: CodeSystem CalciumType</b></p><a name=\"CalciumType\"> </a><a name=\"hcCalciumType\"> </a><a name=\"CalciumType-en-US\"> </a><p>This case-insensitive code system <code>https://kip.rkkp.dk/fhir/CodeSystem/CalciumType</code> defines the following codes:</p><table class=\"codes\"><tr><td style=\"white-space:nowrap\"><b>Code</b></td><td><b>Display</b></td><td><b>Definition</b></td></tr><tr><td style=\"white-space:nowrap\">albumin_corrected<a name=\"CalciumType-albumin_corrected\"> </a></td><td>Albumin corrected</td><td>Albumin corrected / Albuminkorrigeret</td></tr><tr><td style=\"white-space:nowrap\">ionized<a name=\"CalciumType-ionized\"> </a></td><td>Ionized</td><td>Ionized / Ioniseret</td></tr></table></div>"
  },
  "url" : "https://kip.rkkp.dk/fhir/CodeSystem/CalciumType",
  "version" : "2.9.0",
  "name" : "CalciumType",
  "title" : "Calcium type",
  "status" : "active",
  "date" : "2022-10-04T00:00:00+02:00",
  "publisher" : "Sundhedsvæsnets Kvalistetsinstitut with Trifork Digital Health A/S",
  "contact" : [{
    "name" : "Sundhedsvæsnets Kvalistetsinstitut with Trifork Digital Health A/S",
    "telecom" : [{
      "system" : "url",
      "value" : "https://trifork.com"
    },
    {
      "system" : "email",
      "value" : "rbk@trifork.com"
    }]
  }],
  "description" : "Calcium type",
  "caseSensitive" : false,
  "content" : "complete",
  "count" : 2,
  "concept" : [{
    "code" : "albumin_corrected",
    "display" : "Albumin corrected",
    "definition" : "Albumin corrected / Albuminkorrigeret"
  },
  {
    "code" : "ionized",
    "display" : "Ionized",
    "definition" : "Ionized / Ioniseret"
  }]
}