{
  "resourceType" : "CodeSystem",
  "id" : "AnastomosisLeak",
  "text" : {
    "status" : "generated",
    "div" : "<div xmlns=\"http://www.w3.org/1999/xhtml\"><p class=\"res-header-id\"><b>Generated Narrative: CodeSystem AnastomosisLeak</b></p><a name=\"AnastomosisLeak\"> </a><a name=\"hcAnastomosisLeak\"> </a><a name=\"AnastomosisLeak-en-US\"> </a><p>This  code system <code>https://kip.sundk.dk/fhir/CodeSystem/AnastomosisLeak</code> defines the following codes:</p><table class=\"codes\"><tr><td style=\"white-space:nowrap\"><b>Code</b></td><td><b>Display</b></td><td><b>Definition</b></td></tr><tr><td style=\"white-space:nowrap\">conservative<a name=\"AnastomosisLeak-conservative\"> </a></td><td>Konservativ</td><td>Konservativ</td></tr><tr><td style=\"white-space:nowrap\">endoscopic<a name=\"AnastomosisLeak-endoscopic\"> </a></td><td>Endoskopisk</td><td>Endoskopisk</td></tr><tr><td style=\"white-space:nowrap\">surgical<a name=\"AnastomosisLeak-surgical\"> </a></td><td>Kirurgisk</td><td>Kirurgisk</td></tr></table></div>"
  },
  "url" : "https://kip.sundk.dk/fhir/CodeSystem/AnastomosisLeak",
  "version" : "0.0.9",
  "name" : "AnastomosisLeak",
  "title" : "Anastomosis leak",
  "status" : "active",
  "date" : "2022-06-07T00:00:00+02:00",
  "publisher" : "Sundhedsvæsnets Kvalistetsinstitut with Trifork Public A/S",
  "contact" : [{
    "name" : "Sundhedsvæsnets Kvalistetsinstitut with Trifork Public A/S",
    "telecom" : [{
      "system" : "url",
      "value" : "https://trifork.com"
    },
    {
      "system" : "email",
      "value" : "rbk@trifork.com"
    }]
  }],
  "description" : "Anastomosis Leak",
  "content" : "complete",
  "count" : 3,
  "concept" : [{
    "code" : "conservative",
    "display" : "Konservativ",
    "definition" : "Konservativ"
  },
  {
    "code" : "endoscopic",
    "display" : "Endoskopisk",
    "definition" : "Endoskopisk"
  },
  {
    "code" : "surgical",
    "display" : "Kirurgisk",
    "definition" : "Kirurgisk"
  }]
}