{
  "resourceType" : "CodeSystem",
  "id" : "EducationType",
  "text" : {
    "status" : "generated",
    "div" : "<div xmlns=\"http://www.w3.org/1999/xhtml\"><p class=\"res-header-id\"><b>Generated Narrative: CodeSystem EducationType</b></p><a name=\"EducationType\"> </a><a name=\"hcEducationType\"> </a><a name=\"EducationType-en-US\"> </a><p>This case-insensitive code system <code>https://kip.rkkp.dk/fhir/CodeSystem/EducationType</code> defines the following codes:</p><table class=\"codes\"><tr><td style=\"white-space:nowrap\"><b>Code</b></td><td><b>Display</b></td><td><b>Definition</b></td></tr><tr><td style=\"white-space:nowrap\">onsite<a name=\"EducationType-onsite\"> </a></td><td>On site</td><td>Personligt fremmøde</td></tr><tr><td style=\"white-space:nowrap\">elearn<a name=\"EducationType-elearn\"> </a></td><td>e-learn</td><td>e-læring</td></tr></table></div>"
  },
  "url" : "https://kip.rkkp.dk/fhir/CodeSystem/EducationType",
  "version" : "2.9.3",
  "name" : "EducationType",
  "title" : "Education Type",
  "status" : "active",
  "date" : "2023-09-05T00:00:00+02:00",
  "publisher" : "Sundhedsvæsenets Kvalitetsinstitut with Trifork Digital Health A/S",
  "contact" : [{
    "name" : "Sundhedsvæsenets Kvalitetsinstitut with Trifork Digital Health A/S",
    "telecom" : [{
      "system" : "url",
      "value" : "https://trifork.com"
    },
    {
      "system" : "email",
      "value" : "rbk@trifork.com"
    }]
  }],
  "description" : "Education Type",
  "caseSensitive" : false,
  "content" : "complete",
  "count" : 2,
  "concept" : [{
    "code" : "onsite",
    "display" : "On site",
    "definition" : "Personligt fremmøde"
  },
  {
    "code" : "elearn",
    "display" : "e-learn",
    "definition" : "e-læring"
  }]
}