{
  "resourceType" : "CodeSystem",
  "id" : "TreatmentResponseEvaluation",
  "text" : {
    "status" : "generated",
    "div" : "<div xmlns=\"http://www.w3.org/1999/xhtml\"><p class=\"res-header-id\"><b>Generated Narrative: CodeSystem TreatmentResponseEvaluation</b></p><a name=\"TreatmentResponseEvaluation\"> </a><a name=\"hcTreatmentResponseEvaluation\"> </a><a name=\"TreatmentResponseEvaluation-en-US\"> </a><p>This case-insensitive code system <code>https://kip.rkkp.dk/fhir/CodeSystem/TreatmentResponseEvaluation</code> defines the following codes in an undefined hierarchy:</p><table class=\"codes\"><tr><td><b>Lvl</b></td><td style=\"white-space:nowrap\"><b>Code</b></td><td><b>Display</b></td><td><b>Definition</b></td></tr><tr><td>1</td><td style=\"white-space:nowrap\">complete_remission<a name=\"TreatmentResponseEvaluation-complete_remission\"> </a></td><td>Complete remission (CR)</td><td>Complete remission (CR)</td></tr><tr><td>2</td><td style=\"white-space:nowrap\">\u00a0\u00a0complete_remission_incomplete_recovery<a name=\"TreatmentResponseEvaluation-complete_remission_incomplete_recovery\"> </a></td><td>Complete remission with incomplete recovery of bone marrow (CRi)</td><td>Complete remission with incomplete recovery of bone marrow (CRi)</td></tr><tr><td>2</td><td style=\"white-space:nowrap\">\u00a0\u00a0uncertain_complete_remission<a name=\"TreatmentResponseEvaluation-uncertain_complete_remission\"> </a></td><td>Uncertain complete remission (CRu)</td><td>Uncertain complete remission (CRu)</td></tr><tr><td>2</td><td style=\"white-space:nowrap\">\u00a0\u00a0complete_remission_metabolic_structurally<a name=\"TreatmentResponseEvaluation-complete_remission_metabolic_structurally\"> </a></td><td>Metabolic and strukturally CR</td><td>Metabolic and strukturally CR / CR (metabolisk og skrukturelt CR, bedømt med PET/CT)</td></tr><tr><td>2</td><td style=\"white-space:nowrap\">\u00a0\u00a0complete_remission_metabolic<a name=\"TreatmentResponseEvaluation-complete_remission_metabolic\"> </a></td><td>Metabolic CR</td><td>Metabolic CR / CR (metabolisk CR, men med strukturel restsygdom, bedømt med PET/CT)</td></tr><tr><td>1</td><td style=\"white-space:nowrap\">partial_remission<a name=\"TreatmentResponseEvaluation-partial_remission\"> </a></td><td>Partial remission (PR)</td><td>Partial remission (PR)</td></tr><tr><td>1</td><td style=\"white-space:nowrap\">complete_response<a name=\"TreatmentResponseEvaluation-complete_response\"> </a></td><td>Complete Response</td><td>Complete Response</td></tr><tr><td>2</td><td style=\"white-space:nowrap\">\u00a0\u00a0stringent_complete_response<a name=\"TreatmentResponseEvaluation-stringent_complete_response\"> </a></td><td>Stringent Complete Response</td><td>Stringent Complete Response</td></tr><tr><td>2</td><td style=\"white-space:nowrap\">\u00a0\u00a0presumed_complete_response<a name=\"TreatmentResponseEvaluation-presumed_complete_response\"> </a></td><td>Presumed Complete Response</td><td>Presumed Complete Response</td></tr><tr><td>2</td><td style=\"white-space:nowrap\">\u00a0\u00a0complete_hematological_response<a name=\"TreatmentResponseEvaluation-complete_hematological_response\"> </a></td><td>Complete Hematological response (CHR)</td><td>Complete Hematological response (CHR)</td></tr><tr><td>2</td><td style=\"white-space:nowrap\">\u00a0\u00a0complete_cytogenetic_response<a name=\"TreatmentResponseEvaluation-complete_cytogenetic_response\"> </a></td><td>Complete cytogenetic response (CCyR)</td><td>Complete cytogenetic response (CCyR)</td></tr><tr><td>1</td><td style=\"white-space:nowrap\">partial_response<a name=\"TreatmentResponseEvaluation-partial_response\"> </a></td><td>Partial response (PR)</td><td>Partial response (PR)</td></tr><tr><td>2</td><td style=\"white-space:nowrap\">\u00a0\u00a0very_good_partial_response<a name=\"TreatmentResponseEvaluation-very_good_partial_response\"> </a></td><td>Very Good Partial Response</td><td>Very Good Partial Response</td></tr><tr><td>2</td><td style=\"white-space:nowrap\">\u00a0\u00a0partial_response_lymphocytosis<a name=\"TreatmentResponseEvaluation-partial_response_lymphocytosis\"> </a></td><td>Partial response (PR) lymphocytosis</td><td>Partial response (PR) lymphocytosis</td></tr><tr><td>2</td><td style=\"white-space:nowrap\">\u00a0\u00a0partial_cytogenetic_response<a name=\"TreatmentResponseEvaluation-partial_cytogenetic_response\"> </a></td><td>Partial cytogenetic response (PCyR)</td><td>Partial cytogenetic response (PCyR)</td></tr><tr><td>1</td><td style=\"white-space:nowrap\">major_molecular_response<a name=\"TreatmentResponseEvaluation-major_molecular_response\"> </a></td><td>Major molecular response (MMR)</td><td>Major molecular response (MMR)</td></tr><tr><td>1</td><td style=\"white-space:nowrap\">minimal_response<a name=\"TreatmentResponseEvaluation-minimal_response\"> </a></td><td>Minimal response</td><td>Minimal response</td></tr><tr><td>1</td><td style=\"white-space:nowrap\">uncertain_response<a name=\"TreatmentResponseEvaluation-uncertain_response\"> </a></td><td>Uncertain response</td><td>Uncertain response</td></tr><tr><td>1</td><td style=\"white-space:nowrap\">stable_disease<a name=\"TreatmentResponseEvaluation-stable_disease\"> </a></td><td>Stable disease (SD/NC)</td><td>Stable disease (SD/NC)</td></tr><tr><td>1</td><td style=\"white-space:nowrap\">progressive_disease<a name=\"TreatmentResponseEvaluation-progressive_disease\"> </a></td><td>Progressive disease (PD)</td><td>Progressive disease (PD)</td></tr></table></div>"
  },
  "url" : "https://kip.rkkp.dk/fhir/CodeSystem/TreatmentResponseEvaluation",
  "version" : "2.9.1",
  "name" : "TreatmentResponseEvaluation",
  "title" : "Treatment response evaluation",
  "status" : "active",
  "date" : "2022-07-12T00:00:00+02:00",
  "publisher" : "Sundhedsvæsnets Kvalistetsinstitut with Trifork Digital Health A/S",
  "contact" : [{
    "name" : "Sundhedsvæsnets Kvalistetsinstitut with Trifork Digital Health A/S",
    "telecom" : [{
      "system" : "url",
      "value" : "https://trifork.com"
    },
    {
      "system" : "email",
      "value" : "rbk@trifork.com"
    }]
  }],
  "description" : "Treatment response evaluation",
  "caseSensitive" : false,
  "content" : "complete",
  "count" : 20,
  "concept" : [{
    "code" : "complete_remission",
    "display" : "Complete remission (CR)",
    "definition" : "Complete remission (CR)",
    "concept" : [{
      "code" : "complete_remission_incomplete_recovery",
      "display" : "Complete remission with incomplete recovery of bone marrow (CRi)",
      "definition" : "Complete remission with incomplete recovery of bone marrow (CRi)"
    },
    {
      "code" : "uncertain_complete_remission",
      "display" : "Uncertain complete remission (CRu)",
      "definition" : "Uncertain complete remission (CRu)"
    },
    {
      "code" : "complete_remission_metabolic_structurally",
      "display" : "Metabolic and strukturally CR",
      "definition" : "Metabolic and strukturally CR / CR (metabolisk og skrukturelt CR, bedømt med PET/CT)"
    },
    {
      "code" : "complete_remission_metabolic",
      "display" : "Metabolic CR",
      "definition" : "Metabolic CR / CR (metabolisk CR, men med strukturel restsygdom, bedømt med PET/CT)"
    }]
  },
  {
    "code" : "partial_remission",
    "display" : "Partial remission (PR)",
    "definition" : "Partial remission (PR)"
  },
  {
    "code" : "complete_response",
    "display" : "Complete Response",
    "definition" : "Complete Response",
    "concept" : [{
      "code" : "stringent_complete_response",
      "display" : "Stringent Complete Response",
      "definition" : "Stringent Complete Response"
    },
    {
      "code" : "presumed_complete_response",
      "display" : "Presumed Complete Response",
      "definition" : "Presumed Complete Response"
    },
    {
      "code" : "complete_hematological_response",
      "display" : "Complete Hematological response (CHR)",
      "definition" : "Complete Hematological response (CHR)"
    },
    {
      "code" : "complete_cytogenetic_response",
      "display" : "Complete cytogenetic response (CCyR)",
      "definition" : "Complete cytogenetic response (CCyR)"
    }]
  },
  {
    "code" : "partial_response",
    "display" : "Partial response (PR)",
    "definition" : "Partial response (PR)",
    "concept" : [{
      "code" : "very_good_partial_response",
      "display" : "Very Good Partial Response",
      "definition" : "Very Good Partial Response"
    },
    {
      "code" : "partial_response_lymphocytosis",
      "display" : "Partial response (PR) lymphocytosis",
      "definition" : "Partial response (PR) lymphocytosis"
    },
    {
      "code" : "partial_cytogenetic_response",
      "display" : "Partial cytogenetic response (PCyR)",
      "definition" : "Partial cytogenetic response (PCyR)"
    }]
  },
  {
    "code" : "major_molecular_response",
    "display" : "Major molecular response (MMR)",
    "definition" : "Major molecular response (MMR)"
  },
  {
    "code" : "minimal_response",
    "display" : "Minimal response",
    "definition" : "Minimal response"
  },
  {
    "code" : "uncertain_response",
    "display" : "Uncertain response",
    "definition" : "Uncertain response"
  },
  {
    "code" : "stable_disease",
    "display" : "Stable disease (SD/NC)",
    "definition" : "Stable disease (SD/NC)"
  },
  {
    "code" : "progressive_disease",
    "display" : "Progressive disease (PD)",
    "definition" : "Progressive disease (PD)"
  }]
}