{
  "resourceType" : "CodeSystem",
  "id" : "RiskFactors",
  "text" : {
    "status" : "generated",
    "div" : "<div xmlns=\"http://www.w3.org/1999/xhtml\"><p class=\"res-header-id\"><b>Generated Narrative: CodeSystem RiskFactors</b></p><a name=\"RiskFactors\"> </a><a name=\"hcRiskFactors\"> </a><a name=\"RiskFactors-en-US\"> </a><p>This  code system <code>https://kip.rkkp.dk/fhir/CodeSystem/RiskFactors</code> defines the following codes in an undefined hierarchy:</p><table class=\"codes\"><tr><td><b>Lvl</b></td><td style=\"white-space:nowrap\"><b>Code</b></td><td><b>Display</b></td><td><b>Definition</b></td></tr><tr><td>1</td><td style=\"white-space:nowrap\">behavioural<a name=\"RiskFactors-behavioural\"> </a></td><td>Behavioural</td><td>Behavioural</td></tr><tr><td>1</td><td style=\"white-space:nowrap\">physiological<a name=\"RiskFactors-physiological\"> </a></td><td>Physiological</td><td>Physiological</td></tr><tr><td>2</td><td style=\"white-space:nowrap\">\u00a0\u00a0bmi<a name=\"RiskFactors-bmi\"> </a></td><td>Body mass index (BMI)</td><td>Body mass index (BMI)</td></tr><tr><td>2</td><td style=\"white-space:nowrap\">\u00a0\u00a0hypertension<a name=\"RiskFactors-hypertension\"> </a></td><td>Hypertension</td><td>Hypertension</td></tr><tr><td>2</td><td style=\"white-space:nowrap\">\u00a0\u00a0hyperlipidemia<a name=\"RiskFactors-hyperlipidemia\"> </a></td><td>Hyperlipidemia</td><td>Hyperlipidemia / Hyperlipidæmi</td></tr><tr><td>1</td><td style=\"white-space:nowrap\">environmental<a name=\"RiskFactors-environmental\"> </a></td><td>Environmental</td><td>Environmental</td></tr><tr><td>1</td><td style=\"white-space:nowrap\">genetic<a name=\"RiskFactors-genetic\"> </a></td><td>Genetic</td><td>Genetic</td></tr></table></div>"
  },
  "url" : "https://kip.rkkp.dk/fhir/CodeSystem/RiskFactors",
  "version" : "2.9.1",
  "name" : "RiskFactors",
  "title" : "Risk factors",
  "status" : "active",
  "date" : "2022-07-11T00:00:00+02:00",
  "publisher" : "Sundhedsvæsnets Kvalistetsinstitut with Trifork Digital Health A/S",
  "contact" : [{
    "name" : "Sundhedsvæsnets Kvalistetsinstitut with Trifork Digital Health A/S",
    "telecom" : [{
      "system" : "url",
      "value" : "https://trifork.com"
    },
    {
      "system" : "email",
      "value" : "rbk@trifork.com"
    }]
  }],
  "description" : "Risk factors",
  "content" : "complete",
  "count" : 7,
  "concept" : [{
    "code" : "behavioural",
    "display" : "Behavioural",
    "definition" : "Behavioural"
  },
  {
    "code" : "physiological",
    "display" : "Physiological",
    "definition" : "Physiological",
    "concept" : [{
      "code" : "bmi",
      "display" : "Body mass index (BMI)",
      "definition" : "Body mass index (BMI)"
    },
    {
      "code" : "hypertension",
      "display" : "Hypertension",
      "definition" : "Hypertension"
    },
    {
      "code" : "hyperlipidemia",
      "display" : "Hyperlipidemia",
      "definition" : "Hyperlipidemia / Hyperlipidæmi"
    }]
  },
  {
    "code" : "environmental",
    "display" : "Environmental",
    "definition" : "Environmental"
  },
  {
    "code" : "genetic",
    "display" : "Genetic",
    "definition" : "Genetic"
  }]
}