{
  "resourceType" : "CodeSystem",
  "id" : "HousingType",
  "text" : {
    "status" : "generated",
    "div" : "<div xmlns=\"http://www.w3.org/1999/xhtml\"><p class=\"res-header-id\"><b>Generated Narrative: CodeSystem HousingType</b></p><a name=\"HousingType\"> </a><a name=\"hcHousingType\"> </a><a name=\"HousingType-en-US\"> </a><p>This  code system <code>https://kip.rkkp.dk/fhir/CodeSystem/HousingType</code> defines the following codes:</p><table class=\"codes\"><tr><td style=\"white-space:nowrap\"><b>Code</b></td><td><b>Display</b></td><td><b>Definition</b></td></tr><tr><td style=\"white-space:nowrap\">private<a name=\"HousingType-private\"> </a></td><td>Private</td><td>Private / Privat</td></tr><tr><td style=\"white-space:nowrap\">house/apartment<a name=\"HousingType-house.47apartment\"> </a></td><td>Hus/lejlighed</td><td>Hus/lejlighed (privat bolig)</td></tr><tr><td style=\"white-space:nowrap\">nursinghome<a name=\"HousingType-nursinghome\"> </a></td><td>Plejebolig</td><td>Plejebolig</td></tr><tr><td style=\"white-space:nowrap\">own_residence<a name=\"HousingType-own_residence\"> </a></td><td>Own residence</td><td>Own residence / Egen bolig</td></tr><tr><td style=\"white-space:nowrap\">institution<a name=\"HousingType-institution\"> </a></td><td>Institution</td><td>Institution</td></tr><tr><td style=\"white-space:nowrap\">homeless<a name=\"HousingType-homeless\"> </a></td><td>Homeless</td><td>Homeless / Hjemløs</td></tr><tr><td style=\"white-space:nowrap\">other<a name=\"HousingType-other\"> </a></td><td>Andet</td><td>Andet</td></tr></table></div>"
  },
  "url" : "https://kip.rkkp.dk/fhir/CodeSystem/HousingType",
  "version" : "2.9.0",
  "name" : "HousingType",
  "title" : "Housing type",
  "status" : "active",
  "date" : "2022-06-21T00:00:00+02:00",
  "publisher" : "Sundhedsvæsnets Kvalistetsinstitut with Trifork Digital Health A/S",
  "contact" : [{
    "name" : "Sundhedsvæsnets Kvalistetsinstitut with Trifork Digital Health A/S",
    "telecom" : [{
      "system" : "url",
      "value" : "https://trifork.com"
    },
    {
      "system" : "email",
      "value" : "rbk@trifork.com"
    }]
  }],
  "description" : "Housing type",
  "content" : "complete",
  "count" : 7,
  "concept" : [{
    "code" : "private",
    "display" : "Private",
    "definition" : "Private / Privat"
  },
  {
    "code" : "house/apartment",
    "display" : "Hus/lejlighed",
    "definition" : "Hus/lejlighed (privat bolig)"
  },
  {
    "code" : "nursinghome",
    "display" : "Plejebolig",
    "definition" : "Plejebolig"
  },
  {
    "code" : "own_residence",
    "display" : "Own residence",
    "definition" : "Own residence / Egen bolig"
  },
  {
    "code" : "institution",
    "display" : "Institution",
    "definition" : "Institution"
  },
  {
    "code" : "homeless",
    "display" : "Homeless",
    "definition" : "Homeless / Hjemløs"
  },
  {
    "code" : "other",
    "display" : "Andet",
    "definition" : "Andet"
  }]
}