{
  "resourceType" : "CodeSystem",
  "id" : "GenoplivStoppet",
  "text" : {
    "status" : "generated",
    "div" : "<div xmlns=\"http://www.w3.org/1999/xhtml\"><p class=\"res-header-id\"><b>Generated Narrative: CodeSystem GenoplivStoppet</b></p><a name=\"GenoplivStoppet\"> </a><a name=\"hcGenoplivStoppet\"> </a><a name=\"GenoplivStoppet-en-US\"> </a><p>This  code system <code>https://kip.rkkp.dk/fhir/CodeSystem/GenoplivStoppet</code> defines the following codes:</p><table class=\"codes\"><tr><td style=\"white-space:nowrap\"><b>Code</b></td><td><b>Display</b></td><td><b>Definition</b></td></tr><tr><td style=\"white-space:nowrap\">spontan_kreds<a name=\"GenoplivStoppet-spontan_kreds\"> </a></td><td>Spontant kredsløb</td><td>Spontant kredsløb</td></tr><tr><td style=\"white-space:nowrap\">doed<a name=\"GenoplivStoppet-doed\"> </a></td><td>Død</td><td>Død</td></tr><tr><td style=\"white-space:nowrap\">kunstig_kreds<a name=\"GenoplivStoppet-kunstig_kreds\"> </a></td><td>Kunstig kredsløb (f.eks. ECMO, CPS, m.fl.)</td><td>Kunstig kredsløb (f.eks. ECMO, CPS, m.fl.)</td></tr></table></div>"
  },
  "url" : "https://kip.rkkp.dk/fhir/CodeSystem/GenoplivStoppet",
  "version" : "0.1.6",
  "name" : "GenoplivStoppet",
  "title" : "Genoplivning indstillet - årsag",
  "status" : "active",
  "date" : "2022-06-29T00:00:00+02:00",
  "publisher" : "Sundhedsvæsnets Kvalistetsinstitut with Trifork Digital Health A/S",
  "contact" : [{
    "name" : "Sundhedsvæsnets Kvalistetsinstitut with Trifork Digital Health A/S",
    "telecom" : [{
      "system" : "url",
      "value" : "https://trifork.com"
    },
    {
      "system" : "email",
      "value" : "rbk@trifork.com"
    }]
  }],
  "description" : "Årsager til indstilling af genoplivningsforsøg",
  "content" : "complete",
  "count" : 3,
  "concept" : [{
    "code" : "spontan_kreds",
    "display" : "Spontant kredsløb",
    "definition" : "Spontant kredsløb"
  },
  {
    "code" : "doed",
    "display" : "Død",
    "definition" : "Død"
  },
  {
    "code" : "kunstig_kreds",
    "display" : "Kunstig kredsløb (f.eks. ECMO, CPS, m.fl.)",
    "definition" : "Kunstig kredsløb (f.eks. ECMO, CPS, m.fl.)"
  }]
}