{
  "resourceType" : "CodeSystem",
  "id" : "SystemiskPraeparat",
  "text" : {
    "status" : "generated",
    "div" : "<div xmlns=\"http://www.w3.org/1999/xhtml\"><p class=\"res-header-id\"><b>Generated Narrative: CodeSystem SystemiskPraeparat</b></p><a name=\"SystemiskPraeparat\"> </a><a name=\"hcSystemiskPraeparat\"> </a><a name=\"SystemiskPraeparat-en-US\"> </a><p>This  code system <code>https://kip.rkkp.dk/fhir/CodeSystem/SystemiskPraeparat</code> defines the following codes:</p><table class=\"codes\"><tr><td style=\"white-space:nowrap\"><b>Code</b></td><td><b>Display</b></td><td><b>Definition</b></td></tr><tr><td style=\"white-space:nowrap\">cisplatin<a name=\"SystemiskPraeparat-cisplatin\"> </a></td><td>Cisplatin</td><td>Et produkt der hedder Cisplatin</td></tr><tr><td style=\"white-space:nowrap\">carboplatin<a name=\"SystemiskPraeparat-carboplatin\"> </a></td><td>Carboplatin</td><td>Et andet produkt, der hedder Carboplatin</td></tr><tr><td style=\"white-space:nowrap\">oxaliplatin<a name=\"SystemiskPraeparat-oxaliplatin\"> </a></td><td>Oxaliplatin</td><td>Et produkt med navnet Oxaliplatin</td></tr><tr><td style=\"white-space:nowrap\">5fu<a name=\"SystemiskPraeparat-5fu\"> </a></td><td>5-FU</td><td>Noget forkortet 5-FU</td></tr><tr><td style=\"white-space:nowrap\">ironetecan<a name=\"SystemiskPraeparat-ironetecan\"> </a></td><td>Irontecan</td><td>Noget med jern i</td></tr><tr><td style=\"white-space:nowrap\">doxorubicin<a name=\"SystemiskPraeparat-doxorubicin\"> </a></td><td>Doxorubicin</td><td>Dette er Doxurubicin</td></tr><tr><td style=\"white-space:nowrap\">paciltaxel<a name=\"SystemiskPraeparat-paciltaxel\"> </a></td><td>Paciltaxel</td><td>Muligheden for Paciltaxel</td></tr><tr><td style=\"white-space:nowrap\">docetaxel<a name=\"SystemiskPraeparat-docetaxel\"> </a></td><td>Docetaxel</td><td>Præperat Docetaxel</td></tr><tr><td style=\"white-space:nowrap\">gemcitabine<a name=\"SystemiskPraeparat-gemcitabine\"> </a></td><td>Gamcitabine</td><td>Her er Gemcitabine</td></tr><tr><td style=\"white-space:nowrap\">vinorelbine<a name=\"SystemiskPraeparat-vinorelbine\"> </a></td><td>Vinorelbine</td><td>Dette er Vinorelbine</td></tr><tr><td style=\"white-space:nowrap\">leucovorin<a name=\"SystemiskPraeparat-leucovorin\"> </a></td><td>Leucovorin</td><td>Leucovorin-præperat</td></tr><tr><td style=\"white-space:nowrap\">epirubicin<a name=\"SystemiskPraeparat-epirubicin\"> </a></td><td>Epirubicin</td><td>Epirubicin mod smerter</td></tr><tr><td style=\"white-space:nowrap\">pembrolizumab<a name=\"SystemiskPraeparat-pembrolizumab\"> </a></td><td>Pembrolizumab</td><td>Præperatet Pembrolizumab</td></tr><tr><td style=\"white-space:nowrap\">dtdTpi<a name=\"SystemiskPraeparat-dtdTpi\"> </a></td><td>FTD/TPI</td><td>En kombo af FTD/TPI</td></tr><tr><td style=\"white-space:nowrap\">nivolumab<a name=\"SystemiskPraeparat-nivolumab\"> </a></td><td>Nivolumab</td><td>Dette er Nivolumab</td></tr><tr><td style=\"white-space:nowrap\">bevacizumab<a name=\"SystemiskPraeparat-bevacizumab\"> </a></td><td>Bevacizumab</td><td>Her er Bevacizumab</td></tr><tr><td style=\"white-space:nowrap\">trastuzumab<a name=\"SystemiskPraeparat-trastuzumab\"> </a></td><td>Trastuzumab</td><td>Dette kaldes Trastuzumab</td></tr><tr><td style=\"white-space:nowrap\">capecitabine<a name=\"SystemiskPraeparat-capecitabine\"> </a></td><td>Capecitabine</td><td>Muligheden Capecitabine</td></tr><tr><td style=\"white-space:nowrap\">andet<a name=\"SystemiskPraeparat-andet\"> </a></td><td>Andet</td><td>Hvis du har givet andet</td></tr></table></div>"
  },
  "url" : "https://kip.rkkp.dk/fhir/CodeSystem/SystemiskPraeparat",
  "version" : "0.2.1",
  "name" : "SystemiskPraeparat",
  "title" : "Systemiske præperater",
  "status" : "active",
  "date" : "2022-04-26T00:00:00+02:00",
  "publisher" : "Sundhedsvæsnets Kvalistetsinstitut with Trifork Digital Health A/S",
  "contact" : [{
    "name" : "Sundhedsvæsnets Kvalistetsinstitut with Trifork Digital Health A/S",
    "telecom" : [{
      "system" : "url",
      "value" : "https://trifork.com"
    },
    {
      "system" : "email",
      "value" : "rbk@trifork.com"
    }]
  }],
  "description" : "Dette er systemiske præperater",
  "content" : "complete",
  "count" : 19,
  "concept" : [{
    "code" : "cisplatin",
    "display" : "Cisplatin",
    "definition" : "Et produkt der hedder Cisplatin"
  },
  {
    "code" : "carboplatin",
    "display" : "Carboplatin",
    "definition" : "Et andet produkt, der hedder Carboplatin"
  },
  {
    "code" : "oxaliplatin",
    "display" : "Oxaliplatin",
    "definition" : "Et produkt med navnet Oxaliplatin"
  },
  {
    "code" : "5fu",
    "display" : "5-FU",
    "definition" : "Noget forkortet 5-FU"
  },
  {
    "code" : "ironetecan",
    "display" : "Irontecan",
    "definition" : "Noget med jern i"
  },
  {
    "code" : "doxorubicin",
    "display" : "Doxorubicin",
    "definition" : "Dette er Doxurubicin"
  },
  {
    "code" : "paciltaxel",
    "display" : "Paciltaxel",
    "definition" : "Muligheden for Paciltaxel"
  },
  {
    "code" : "docetaxel",
    "display" : "Docetaxel",
    "definition" : "Præperat Docetaxel"
  },
  {
    "code" : "gemcitabine",
    "display" : "Gamcitabine",
    "definition" : "Her er Gemcitabine"
  },
  {
    "code" : "vinorelbine",
    "display" : "Vinorelbine",
    "definition" : "Dette er Vinorelbine"
  },
  {
    "code" : "leucovorin",
    "display" : "Leucovorin",
    "definition" : "Leucovorin-præperat"
  },
  {
    "code" : "epirubicin",
    "display" : "Epirubicin",
    "definition" : "Epirubicin mod smerter"
  },
  {
    "code" : "pembrolizumab",
    "display" : "Pembrolizumab",
    "definition" : "Præperatet Pembrolizumab"
  },
  {
    "code" : "dtdTpi",
    "display" : "FTD/TPI",
    "definition" : "En kombo af FTD/TPI"
  },
  {
    "code" : "nivolumab",
    "display" : "Nivolumab",
    "definition" : "Dette er Nivolumab"
  },
  {
    "code" : "bevacizumab",
    "display" : "Bevacizumab",
    "definition" : "Her er Bevacizumab"
  },
  {
    "code" : "trastuzumab",
    "display" : "Trastuzumab",
    "definition" : "Dette kaldes Trastuzumab"
  },
  {
    "code" : "capecitabine",
    "display" : "Capecitabine",
    "definition" : "Muligheden Capecitabine"
  },
  {
    "code" : "andet",
    "display" : "Andet",
    "definition" : "Hvis du har givet andet"
  }]
}