{
  "resourceType" : "CodeSystem",
  "id" : "ContaminationDegree",
  "text" : {
    "status" : "generated",
    "div" : "<div xmlns=\"http://www.w3.org/1999/xhtml\"><p class=\"res-header-id\"><b>Generated Narrative: CodeSystem ContaminationDegree</b></p><a name=\"ContaminationDegree\"> </a><a name=\"hcContaminationDegree\"> </a><a name=\"ContaminationDegree-en-US\"> </a><p>This case-insensitive code system <code>https://kip.rkkp.dk/fhir/CodeSystem/ContaminationDegree</code> defines the following codes:</p><table class=\"codes\"><tr><td style=\"white-space:nowrap\"><b>Code</b></td><td><b>Display</b></td><td><b>Definition</b></td></tr><tr><td style=\"white-space:nowrap\">clean<a name=\"ContaminationDegree-clean\"> </a></td><td>Clean</td><td>Clean / Ren</td></tr><tr><td style=\"white-space:nowrap\">potentially_contaminated<a name=\"ContaminationDegree-potentially_contaminated\"> </a></td><td>Potentially contaminated</td><td>Potentially contaminated / Potentielt kontamineret</td></tr><tr><td style=\"white-space:nowrap\">contaminated<a name=\"ContaminationDegree-contaminated\"> </a></td><td>Contaminated</td><td>Contaminated / Kontamineret</td></tr><tr><td style=\"white-space:nowrap\">dirty<a name=\"ContaminationDegree-dirty\"> </a></td><td>Dirty</td><td>Dirty / Snavset</td></tr></table></div>"
  },
  "url" : "https://kip.rkkp.dk/fhir/CodeSystem/ContaminationDegree",
  "version" : "2.9.0",
  "name" : "ContaminationDegree",
  "title" : "Contamination degree",
  "status" : "active",
  "date" : "2022-06-28T00:00:00+02:00",
  "publisher" : "Sundhedsvæsnets Kvalistetsinstitut with Trifork Digital Health A/S",
  "contact" : [{
    "name" : "Sundhedsvæsnets Kvalistetsinstitut with Trifork Digital Health A/S",
    "telecom" : [{
      "system" : "url",
      "value" : "https://trifork.com"
    },
    {
      "system" : "email",
      "value" : "rbk@trifork.com"
    }]
  }],
  "description" : "Contamination degree",
  "caseSensitive" : false,
  "content" : "complete",
  "count" : 4,
  "concept" : [{
    "code" : "clean",
    "display" : "Clean",
    "definition" : "Clean / Ren"
  },
  {
    "code" : "potentially_contaminated",
    "display" : "Potentially contaminated",
    "definition" : "Potentially contaminated / Potentielt kontamineret"
  },
  {
    "code" : "contaminated",
    "display" : "Contaminated",
    "definition" : "Contaminated / Kontamineret"
  },
  {
    "code" : "dirty",
    "display" : "Dirty",
    "definition" : "Dirty / Snavset"
  }]
}