{
  "resourceType" : "CodeSystem",
  "id" : "BasicDisorder",
  "text" : {
    "status" : "generated",
    "div" : "<div xmlns=\"http://www.w3.org/1999/xhtml\"><p class=\"res-header-id\"><b>Generated Narrative: CodeSystem BasicDisorder</b></p><a name=\"BasicDisorder\"> </a><a name=\"hcBasicDisorder\"> </a><a name=\"BasicDisorder-en-US\"> </a><p>This  code system <code>https://kip.rkkp.dk/fhir/CodeSystem/BasicDisorder</code> defines the following codes in an undefined hierarchy:</p><table class=\"codes\"><tr><td><b>Lvl</b></td><td style=\"white-space:nowrap\"><b>Code</b></td><td><b>Display</b></td><td><b>Definition</b></td></tr><tr><td>1</td><td style=\"white-space:nowrap\">arthrosis<a name=\"BasicDisorder-arthrosis\"> </a></td><td>Artrose</td><td>Artrose</td></tr><tr><td>2</td><td style=\"white-space:nowrap\">\u00a0\u00a0secondary_arthrosis<a name=\"BasicDisorder-secondary_arthrosis\"> </a></td><td>Sekundær artrose</td><td>Sekundær artrose</td></tr><tr><td>2</td><td style=\"white-space:nowrap\">\u00a0\u00a0instability<a name=\"BasicDisorder-instability\"> </a></td><td>Instabilitet</td><td>Instabilitet</td></tr><tr><td>1</td><td style=\"white-space:nowrap\">fracture<a name=\"BasicDisorder-fracture\"> </a></td><td>Fraktur</td><td>Fraktur</td></tr><tr><td>2</td><td style=\"white-space:nowrap\">\u00a0\u00a0fracture_tibia<a name=\"BasicDisorder-fracture_tibia\"> </a></td><td>Tibiafraktur</td><td>Tibiafraktur</td></tr><tr><td>2</td><td style=\"white-space:nowrap\">\u00a0\u00a0fresh_fracture_tibia_condyle<a name=\"BasicDisorder-fresh_fracture_tibia_condyle\"> </a></td><td>Frisk tibiakondylfraktur</td><td>Frisk tibiakondylfraktur</td></tr><tr><td>2</td><td style=\"white-space:nowrap\">\u00a0\u00a0fracture_tibia_condyle<a name=\"BasicDisorder-fracture_tibia_condyle\"> </a></td><td>Følger efter tibiakondylfraktur</td><td>Følger efter tibiakondylfraktur</td></tr><tr><td>2</td><td style=\"white-space:nowrap\">\u00a0\u00a0fracture_femur<a name=\"BasicDisorder-fracture_femur\"> </a></td><td>Femurfraktur</td><td>Femurfraktur</td></tr><tr><td>2</td><td style=\"white-space:nowrap\">\u00a0\u00a0fresh_fracture_femoral_condyle<a name=\"BasicDisorder-fresh_fracture_femoral_condyle\"> </a></td><td>Frisk femurkondylfraktur</td><td>Frisk femurkondylfraktur</td></tr><tr><td>2</td><td style=\"white-space:nowrap\">\u00a0\u00a0fracture_femoral_condyle<a name=\"BasicDisorder-fracture_femoral_condyle\"> </a></td><td>Følger efter tibiakondylfraktur</td><td>Følger efter tibiakondylfraktur</td></tr><tr><td>2</td><td style=\"white-space:nowrap\">\u00a0\u00a0fracture_patella<a name=\"BasicDisorder-fracture_patella\"> </a></td><td>Følger efter patellafraktur</td><td>Følger efter patellafraktur</td></tr><tr><td>1</td><td style=\"white-space:nowrap\">femoral_fracture<a name=\"BasicDisorder-femoral_fracture\"> </a></td><td>Femoral fracture</td><td>Femoral fracture</td></tr><tr><td>2</td><td style=\"white-space:nowrap\">\u00a0\u00a0femoral_no_operation<a name=\"BasicDisorder-femoral_no_operation\"> </a></td><td>Prox femurfraktur: uden OP (tidl ostesyntese eller hemi)</td><td>Prox femurfraktur: uden OP (tidl ostesyntese eller hemi)</td></tr><tr><td>2</td><td style=\"white-space:nowrap\">\u00a0\u00a0femoral_previous_operation<a name=\"BasicDisorder-femoral_previous_operation\"> </a></td><td>Prox femurfraktur: uden OP (tidl ostesyntese eller hemi)</td><td>Prox femurfraktur: med tidl. OP (osteosyntese eller hemi)</td></tr><tr><td>1</td><td style=\"white-space:nowrap\">acetabulum_fracture<a name=\"BasicDisorder-acetabulum_fracture\"> </a></td><td>Acetabulumfraktur</td><td>Acetabulumfraktur</td></tr><tr><td>1</td><td style=\"white-space:nowrap\">hip_dislocation<a name=\"BasicDisorder-hip_dislocation\"> </a></td><td>Hofteluksation</td><td>Hofteluksation</td></tr><tr><td>2</td><td style=\"white-space:nowrap\">\u00a0\u00a0traumatic<a name=\"BasicDisorder-traumatic\"> </a></td><td>Traumatisk</td><td>Traumatisk hofteluksation</td></tr><tr><td>2</td><td style=\"white-space:nowrap\">\u00a0\u00a0congenital<a name=\"BasicDisorder-congenital\"> </a></td><td>Kongenit</td><td>Kongenit hofteluksation</td></tr><tr><td>1</td><td style=\"white-space:nowrap\">caputnecrosis<a name=\"BasicDisorder-caputnecrosis\"> </a></td><td>Caputnekrose</td><td>Caputnekrose</td></tr><tr><td>1</td><td style=\"white-space:nowrap\">osteonecrosis<a name=\"BasicDisorder-osteonecrosis\"> </a></td><td>Osteonekrose</td><td>Osteonekrose</td></tr><tr><td>1</td><td style=\"white-space:nowrap\">arthritis<a name=\"BasicDisorder-arthritis\"> </a></td><td>Artrit</td><td>Artrit</td></tr><tr><td>2</td><td style=\"white-space:nowrap\">\u00a0\u00a0rheumatoid<a name=\"BasicDisorder-rheumatoid\"> </a></td><td>Reumatoid</td><td>Reumatoid artrit</td></tr><tr><td>2</td><td style=\"white-space:nowrap\">\u00a0\u00a0other_arthritis<a name=\"BasicDisorder-other_arthritis\"> </a></td><td>Anden</td><td>Anden artrit</td></tr><tr><td>1</td><td style=\"white-space:nowrap\">mb_bechterew<a name=\"BasicDisorder-mb_bechterew\"> </a></td><td>Mb. Bechterew</td><td>Mb. Bechterew</td></tr><tr><td>1</td><td style=\"white-space:nowrap\">mb_calve_legg_perthes<a name=\"BasicDisorder-mb_calve_legg_perthes\"> </a></td><td>Mb. Calvé-Legg-Perthes</td><td>Mb. Calvé-Legg-Perthes</td></tr><tr><td>1</td><td style=\"white-space:nowrap\">epiphysiolysis<a name=\"BasicDisorder-epiphysiolysis\"> </a></td><td>Epifysiolyse</td><td>Epifysiolyse</td></tr><tr><td>1</td><td style=\"white-space:nowrap\">acetabulum_dysplasia<a name=\"BasicDisorder-acetabulum_dysplasia\"> </a></td><td>Acetabulumdysplasi</td><td>Acetabulumdysplasi</td></tr><tr><td>1</td><td style=\"white-space:nowrap\">primary_tumor<a name=\"BasicDisorder-primary_tumor\"> </a></td><td>Primær tumor</td><td>Primær tumor</td></tr><tr><td>1</td><td style=\"white-space:nowrap\">metastases<a name=\"BasicDisorder-metastases\"> </a></td><td>Metastaser</td><td>Metastaser</td></tr><tr><td>1</td><td style=\"white-space:nowrap\">cuff_rupture<a name=\"BasicDisorder-cuff_rupture\"> </a></td><td>Flersenet rotator cuff ruptur uden degenerative forandringer</td><td>Flersenet rotator cuff ruptur uden degenerative forandringer</td></tr><tr><td>1</td><td style=\"white-space:nowrap\">cuff_rupture_degenerative<a name=\"BasicDisorder-cuff_rupture_degenerative\"> </a></td><td>Cuff artopati (Flersenet rotator cuff ruptur med degenerative forandringer)</td><td>Cuff artopati (Flersenet rotator cuff ruptur med degenerative forandringer)</td></tr><tr><td>1</td><td style=\"white-space:nowrap\">hemophilia<a name=\"BasicDisorder-hemophilia\"> </a></td><td>Hæmofili</td><td>Hæmofili</td></tr></table></div>"
  },
  "url" : "https://kip.rkkp.dk/fhir/CodeSystem/BasicDisorder",
  "version" : "2.9.1",
  "name" : "BasicDisorder",
  "title" : "Basic disorder",
  "status" : "active",
  "date" : "2022-07-04T00:00:00+02:00",
  "publisher" : "Sundhedsvæsnets Kvalistetsinstitut with Trifork Digital Health A/S",
  "contact" : [{
    "name" : "Sundhedsvæsnets Kvalistetsinstitut with Trifork Digital Health A/S",
    "telecom" : [{
      "system" : "url",
      "value" : "https://trifork.com"
    },
    {
      "system" : "email",
      "value" : "rbk@trifork.com"
    }]
  }],
  "description" : "Basic disorder",
  "content" : "complete",
  "count" : 32,
  "concept" : [{
    "code" : "arthrosis",
    "display" : "Artrose",
    "definition" : "Artrose",
    "concept" : [{
      "code" : "secondary_arthrosis",
      "display" : "Sekundær artrose",
      "definition" : "Sekundær artrose"
    },
    {
      "code" : "instability",
      "display" : "Instabilitet",
      "definition" : "Instabilitet"
    }]
  },
  {
    "code" : "fracture",
    "display" : "Fraktur",
    "definition" : "Fraktur",
    "concept" : [{
      "code" : "fracture_tibia",
      "display" : "Tibiafraktur",
      "definition" : "Tibiafraktur"
    },
    {
      "code" : "fresh_fracture_tibia_condyle",
      "display" : "Frisk tibiakondylfraktur",
      "definition" : "Frisk tibiakondylfraktur"
    },
    {
      "code" : "fracture_tibia_condyle",
      "display" : "Følger efter tibiakondylfraktur",
      "definition" : "Følger efter tibiakondylfraktur"
    },
    {
      "code" : "fracture_femur",
      "display" : "Femurfraktur",
      "definition" : "Femurfraktur"
    },
    {
      "code" : "fresh_fracture_femoral_condyle",
      "display" : "Frisk femurkondylfraktur",
      "definition" : "Frisk femurkondylfraktur"
    },
    {
      "code" : "fracture_femoral_condyle",
      "display" : "Følger efter tibiakondylfraktur",
      "definition" : "Følger efter tibiakondylfraktur"
    },
    {
      "code" : "fracture_patella",
      "display" : "Følger efter patellafraktur",
      "definition" : "Følger efter patellafraktur"
    }]
  },
  {
    "code" : "femoral_fracture",
    "display" : "Femoral fracture",
    "definition" : "Femoral fracture",
    "concept" : [{
      "code" : "femoral_no_operation",
      "display" : "Prox femurfraktur: uden OP (tidl ostesyntese eller hemi)",
      "definition" : "Prox femurfraktur: uden OP (tidl ostesyntese eller hemi)"
    },
    {
      "code" : "femoral_previous_operation",
      "display" : "Prox femurfraktur: uden OP (tidl ostesyntese eller hemi)",
      "definition" : "Prox femurfraktur: med tidl. OP (osteosyntese eller hemi)"
    }]
  },
  {
    "code" : "acetabulum_fracture",
    "display" : "Acetabulumfraktur",
    "definition" : "Acetabulumfraktur"
  },
  {
    "code" : "hip_dislocation",
    "display" : "Hofteluksation",
    "definition" : "Hofteluksation",
    "concept" : [{
      "code" : "traumatic",
      "display" : "Traumatisk",
      "definition" : "Traumatisk hofteluksation"
    },
    {
      "code" : "congenital",
      "display" : "Kongenit",
      "definition" : "Kongenit hofteluksation"
    }]
  },
  {
    "code" : "caputnecrosis",
    "display" : "Caputnekrose",
    "definition" : "Caputnekrose"
  },
  {
    "code" : "osteonecrosis",
    "display" : "Osteonekrose",
    "definition" : "Osteonekrose"
  },
  {
    "code" : "arthritis",
    "display" : "Artrit",
    "definition" : "Artrit",
    "concept" : [{
      "code" : "rheumatoid",
      "display" : "Reumatoid",
      "definition" : "Reumatoid artrit"
    },
    {
      "code" : "other_arthritis",
      "display" : "Anden",
      "definition" : "Anden artrit"
    }]
  },
  {
    "code" : "mb_bechterew",
    "display" : "Mb. Bechterew",
    "definition" : "Mb. Bechterew"
  },
  {
    "code" : "mb_calve_legg_perthes",
    "display" : "Mb. Calvé-Legg-Perthes",
    "definition" : "Mb. Calvé-Legg-Perthes"
  },
  {
    "code" : "epiphysiolysis",
    "display" : "Epifysiolyse",
    "definition" : "Epifysiolyse"
  },
  {
    "code" : "acetabulum_dysplasia",
    "display" : "Acetabulumdysplasi",
    "definition" : "Acetabulumdysplasi"
  },
  {
    "code" : "primary_tumor",
    "display" : "Primær tumor",
    "definition" : "Primær tumor"
  },
  {
    "code" : "metastases",
    "display" : "Metastaser",
    "definition" : "Metastaser"
  },
  {
    "code" : "cuff_rupture",
    "display" : "Flersenet rotator cuff ruptur uden degenerative forandringer",
    "definition" : "Flersenet rotator cuff ruptur uden degenerative forandringer"
  },
  {
    "code" : "cuff_rupture_degenerative",
    "display" : "Cuff artopati (Flersenet rotator cuff ruptur med degenerative forandringer)",
    "definition" : "Cuff artopati (Flersenet rotator cuff ruptur med degenerative forandringer)"
  },
  {
    "code" : "hemophilia",
    "display" : "Hæmofili",
    "definition" : "Hæmofili"
  }]
}