{
  "resourceType" : "CodeSystem",
  "id" : "NIHSS4FacialPalsy",
  "text" : {
    "status" : "generated",
    "div" : "<div xmlns=\"http://www.w3.org/1999/xhtml\"><p class=\"res-header-id\"><b>Generated Narrative: CodeSystem NIHSS4FacialPalsy</b></p><a name=\"NIHSS4FacialPalsy\"> </a><a name=\"hcNIHSS4FacialPalsy\"> </a><a name=\"NIHSS4FacialPalsy-en-US\"> </a><p>This  code system <code>https://kip.rkkp.dk/fhir/CodeSystem/NIHSS4FacialPalsy</code> defines the following codes:</p><table class=\"codes\"><tr><td style=\"white-space:nowrap\"><b>Code</b></td><td><b>Definition</b></td></tr><tr><td style=\"white-space:nowrap\">0<a name=\"NIHSS4FacialPalsy-0\"> </a></td><td>Normal symmetrical movements.</td></tr><tr><td style=\"white-space:nowrap\">1<a name=\"NIHSS4FacialPalsy-1\"> </a></td><td>Minor paralysis (flattened nasolabial fold, asymmetry on smiling).</td></tr><tr><td style=\"white-space:nowrap\">2<a name=\"NIHSS4FacialPalsy-2\"> </a></td><td>Partial paralysis (total or near-total paralysis of lower face).</td></tr><tr><td style=\"white-space:nowrap\">3<a name=\"NIHSS4FacialPalsy-3\"> </a></td><td>Complete paralysis of one or both sides (absence of facial movement in the upper and lower face).</td></tr></table></div>"
  },
  "url" : "https://kip.rkkp.dk/fhir/CodeSystem/NIHSS4FacialPalsy",
  "version" : "0.2.1",
  "name" : "NIHSS4FacialPalsy",
  "title" : "The National Institute of Health Stroke Scale (NIHSS) - 4. Facial Palsy",
  "status" : "active",
  "date" : "2022-06-23T00:00:00+02:00",
  "publisher" : "Sundhedsvæsnets Kvalistetsinstitut with Trifork Digital Health A/S",
  "contact" : [{
    "name" : "Sundhedsvæsnets Kvalistetsinstitut with Trifork Digital Health A/S",
    "telecom" : [{
      "system" : "url",
      "value" : "https://trifork.com"
    },
    {
      "system" : "email",
      "value" : "rbk@trifork.com"
    }]
  }],
  "description" : "The National Institute of Health Stroke Scale (NIHSS) - 4. Facial Palsy; Link: https://www.ninds.nih.gov/stroke-scales-and-related-information",
  "content" : "complete",
  "count" : 4,
  "concept" : [{
    "code" : "0",
    "display" : "0",
    "definition" : "Normal symmetrical movements."
  },
  {
    "code" : "1",
    "display" : "1",
    "definition" : "Minor paralysis (flattened nasolabial fold, asymmetry on smiling)."
  },
  {
    "code" : "2",
    "display" : "2",
    "definition" : "Partial paralysis (total or near-total paralysis of lower face)."
  },
  {
    "code" : "3",
    "display" : "3",
    "definition" : "Complete paralysis of one or both sides (absence of facial movement in the upper and lower face)."
  }]
}