{
  "resourceType" : "CodeSystem",
  "id" : "NIHSS1aLOC",
  "text" : {
    "status" : "generated",
    "div" : "<div xmlns=\"http://www.w3.org/1999/xhtml\"><p class=\"res-header-id\"><b>Generated Narrative: CodeSystem NIHSS1aLOC</b></p><a name=\"NIHSS1aLOC\"> </a><a name=\"hcNIHSS1aLOC\"> </a><a name=\"NIHSS1aLOC-en-US\"> </a><p>This  code system <code>https://kip.rkkp.dk/fhir/CodeSystem/NIHSS1aLOC</code> defines the following codes:</p><table class=\"codes\"><tr><td style=\"white-space:nowrap\"><b>Code</b></td><td><b>Definition</b></td></tr><tr><td style=\"white-space:nowrap\">0<a name=\"NIHSS1aLOC-0\"> </a></td><td>Alert; keenly responsive.</td></tr><tr><td style=\"white-space:nowrap\">1<a name=\"NIHSS1aLOC-1\"> </a></td><td>Not alert; but arousable by minor stimulation to obey, answer, or respond.</td></tr><tr><td style=\"white-space:nowrap\">2<a name=\"NIHSS1aLOC-2\"> </a></td><td>Not alert; requires repeated stimulation to attend, or is obtunded and requires strong or painful stimulation to make movements (not stereotyped).</td></tr><tr><td style=\"white-space:nowrap\">3<a name=\"NIHSS1aLOC-3\"> </a></td><td>Responds only with reflex motor or autonomic effects or totally unresponsive, flaccid, and areflexic.</td></tr></table></div>"
  },
  "url" : "https://kip.rkkp.dk/fhir/CodeSystem/NIHSS1aLOC",
  "version" : "2.9.3",
  "name" : "NIHSS1aLOC",
  "title" : "The National Institute of Health Stroke Scale (NIHSS) - 1a. Level of Consciousness",
  "status" : "active",
  "date" : "2022-06-23T00:00:00+02:00",
  "publisher" : "Sundhedsvæsenets Kvalitetsinstitut with Trifork Digital Health A/S",
  "contact" : [{
    "name" : "Sundhedsvæsenets Kvalitetsinstitut with Trifork Digital Health A/S",
    "telecom" : [{
      "system" : "url",
      "value" : "https://trifork.com"
    },
    {
      "system" : "email",
      "value" : "rbk@trifork.com"
    }]
  }],
  "description" : "The National Institute of Health Stroke Scale (NIHSS) - 1a. Level of Consciousness; Link: https://www.ninds.nih.gov/stroke-scales-and-related-information",
  "content" : "complete",
  "count" : 4,
  "concept" : [{
    "code" : "0",
    "display" : "0",
    "definition" : "Alert; keenly responsive."
  },
  {
    "code" : "1",
    "display" : "1",
    "definition" : "Not alert; but arousable by minor stimulation to obey, answer, or respond."
  },
  {
    "code" : "2",
    "display" : "2",
    "definition" : "Not alert; requires repeated stimulation to attend, or is obtunded and requires strong or painful stimulation to make movements (not stereotyped)."
  },
  {
    "code" : "3",
    "display" : "3",
    "definition" : "Responds only with reflex motor or autonomic effects or totally unresponsive, flaccid, and areflexic."
  }]
}