{
  "resourceType" : "CodeSystem",
  "id" : "Dialyseadgang",
  "text" : {
    "status" : "generated",
    "div" : "<div xmlns=\"http://www.w3.org/1999/xhtml\"><p class=\"res-header-id\"><b>Generated Narrative: CodeSystem Dialyseadgang</b></p><a name=\"Dialyseadgang\"> </a><a name=\"hcDialyseadgang\"> </a><a name=\"Dialyseadgang-en-US\"> </a><p>This case-insensitive code system <code>https://kip.sundk.dk/fhir/CodeSystem/Dialyseadgang</code> defines the following codes:</p><table class=\"codes\"><tr><td style=\"white-space:nowrap\"><b>Code</b></td><td><b>Display</b></td></tr><tr><td style=\"white-space:nowrap\">av_fistel<a name=\"Dialyseadgang-av_fistel\"> </a></td><td>AV fistel</td></tr><tr><td style=\"white-space:nowrap\">hd_permanent<a name=\"Dialyseadgang-hd_permanent\"> </a></td><td>Permanent HD kateter som patientens blivende adgang</td></tr><tr><td style=\"white-space:nowrap\">hd_permanent_av<a name=\"Dialyseadgang-hd_permanent_av\"> </a></td><td>Permanent HD kateter, hvor der planlægges senere AV fistel</td></tr><tr><td style=\"white-space:nowrap\">hd_temp<a name=\"Dialyseadgang-hd_temp\"> </a></td><td>Midlertidig HD kateter</td></tr></table></div>"
  },
  "url" : "https://kip.sundk.dk/fhir/CodeSystem/Dialyseadgang",
  "version" : "0.0.9",
  "name" : "Dialyseadgang",
  "title" : "Dialyseadgang",
  "status" : "active",
  "date" : "2024-01-10T00:00:00+02:00",
  "publisher" : "Sundhedsvæsnets Kvalistetsinstitut with Trifork Public A/S",
  "contact" : [{
    "name" : "Sundhedsvæsnets Kvalistetsinstitut with Trifork Public A/S",
    "telecom" : [{
      "system" : "url",
      "value" : "https://trifork.com"
    },
    {
      "system" : "email",
      "value" : "rbk@trifork.com"
    }]
  }],
  "description" : "Dialyseadgang",
  "caseSensitive" : false,
  "content" : "complete",
  "count" : 4,
  "concept" : [{
    "code" : "av_fistel",
    "display" : "AV fistel"
  },
  {
    "code" : "hd_permanent",
    "display" : "Permanent HD kateter som patientens blivende adgang"
  },
  {
    "code" : "hd_permanent_av",
    "display" : "Permanent HD kateter, hvor der planlægges senere AV fistel"
  },
  {
    "code" : "hd_temp",
    "display" : "Midlertidig HD kateter"
  }]
}