{
  "resourceType" : "CodeSystem",
  "id" : "KneeJointArthroplastyComponent",
  "text" : {
    "status" : "generated",
    "div" : "<div xmlns=\"http://www.w3.org/1999/xhtml\"><p class=\"res-header-id\"><b>Generated Narrative: CodeSystem KneeJointArthroplastyComponent</b></p><a name=\"KneeJointArthroplastyComponent\"> </a><a name=\"hcKneeJointArthroplastyComponent\"> </a><a name=\"KneeJointArthroplastyComponent-en-US\"> </a><p>This case-insensitive code system <code>https://kip.rkkp.dk/fhir/CodeSystem/KneeJointArthroplastyComponent</code> defines the following codes:</p><table class=\"codes\"><tr><td style=\"white-space:nowrap\"><b>Code</b></td><td><b>Display</b></td><td><b>Definition</b></td></tr><tr><td style=\"white-space:nowrap\">arthrosurface_hemicap<a name=\"KneeJointArthroplastyComponent-arthrosurface_hemicap\"> </a></td><td>Arthrosurface: HemiCAP</td><td>Arthrosurface: HemiCAP (Femur)</td></tr><tr><td style=\"white-space:nowrap\">arthrosurface_hemicap_pf<a name=\"KneeJointArthroplastyComponent-arthrosurface_hemicap_pf\"> </a></td><td>Arthrosurface: Hemicap PF</td><td>Arthrosurface: Hemicap PF (Femur)</td></tr><tr><td style=\"white-space:nowrap\">arthrosurface_unicap<a name=\"KneeJointArthroplastyComponent-arthrosurface_unicap\"> </a></td><td>Arthrosurface: Unicap</td><td>Arthrosurface: Unicap (Femur + Tibia)</td></tr><tr><td style=\"white-space:nowrap\">biomet_agc_hp_posterior_stabilizer<a name=\"KneeJointArthroplastyComponent-biomet_agc_hp_posterior_stabilizer\"> </a></td><td>Biomet: AGC HP Posterior Stabilizer</td><td>Biomet: AGC HP Posterior Stabilizer (Femur)</td></tr><tr><td style=\"white-space:nowrap\">biomet_agc_v2<a name=\"KneeJointArthroplastyComponent-biomet_agc_v2\"> </a></td><td>Zimmer Biomet: AGC V2</td><td>Zimmer Biomet: AGC V2 (Tibia)</td></tr><tr><td style=\"white-space:nowrap\">biomet_agc_v2_universal<a name=\"KneeJointArthroplastyComponent-biomet_agc_v2_universal\"> </a></td><td>Zimmer Biomet: AGC V2 Universal</td><td>Zimmer Biomet: AGC V2 Universal (Femur)</td></tr><tr><td style=\"white-space:nowrap\">biomet_maxim<a name=\"KneeJointArthroplastyComponent-biomet_maxim\"> </a></td><td>Biomet: Maxim</td><td>Biomet: Maxim (Tibia)</td></tr><tr><td style=\"white-space:nowrap\">biomet_maxim_constrained<a name=\"KneeJointArthroplastyComponent-biomet_maxim_constrained\"> </a></td><td>Biomet: Maxim Constrained</td><td>Biomet: Maxim Constrained (Femur)</td></tr><tr><td style=\"white-space:nowrap\">biomet_maxim_posterior_stabilized<a name=\"KneeJointArthroplastyComponent-biomet_maxim_posterior_stabilized\"> </a></td><td>Biomet: Maxim Posterior Stabilized</td><td>Biomet: Maxim Posterior Stabilized (Femur)</td></tr><tr><td style=\"white-space:nowrap\">biomet_oxford_domed_lateral_pkr<a name=\"KneeJointArthroplastyComponent-biomet_oxford_domed_lateral_pkr\"> </a></td><td>Zimmer Biomet: Oxford domed lateral PKR</td><td>Zimmer Biomet: Oxford domed lateral PKR (Tibia)</td></tr><tr><td style=\"white-space:nowrap\">biomet_oxford_phase_iii_alpha<a name=\"KneeJointArthroplastyComponent-biomet_oxford_phase_iii_alpha\"> </a></td><td>Zimmer Biomet: Oxford Phase III alpha</td><td>Zimmer Biomet: Oxford Phase III alpha (Femur)</td></tr><tr><td style=\"white-space:nowrap\">biomet_rhk_rotating_hinge_knee<a name=\"KneeJointArthroplastyComponent-biomet_rhk_rotating_hinge_knee\"> </a></td><td>Zimmer Biomet: RHK Rotating Hinge Knee</td><td>Zimmer Biomet: RHK Rotating Hinge Knee (Femur + Tibia)</td></tr><tr><td style=\"white-space:nowrap\">biomet_tibia_offset_tray<a name=\"KneeJointArthroplastyComponent-biomet_tibia_offset_tray\"> </a></td><td>Biomet: Tibia Offset Tray</td><td>Biomet: Tibia Offset Tray (Tibia)</td></tr><tr><td style=\"white-space:nowrap\">biomet_vanguard_cr<a name=\"KneeJointArthroplastyComponent-biomet_vanguard_cr\"> </a></td><td>Zimmer Biomet: Vanguard CR</td><td>Zimmer Biomet: Vanguard CR (Femur + Tibia)</td></tr><tr><td style=\"white-space:nowrap\">biomet_vanguard_m_unicompartmental<a name=\"KneeJointArthroplastyComponent-biomet_vanguard_m_unicompartmental\"> </a></td><td>Biomet: Vanguard M Unicompartmental</td><td>Biomet: Vanguard M Unicompartmental (Femur)</td></tr><tr><td style=\"white-space:nowrap\">biomet_vanguard_pfr<a name=\"KneeJointArthroplastyComponent-biomet_vanguard_pfr\"> </a></td><td>Biomet: Vanguard PFR</td><td>Biomet: Vanguard PFR (Femur)</td></tr><tr><td style=\"white-space:nowrap\">biomet_vanguard_ps<a name=\"KneeJointArthroplastyComponent-biomet_vanguard_ps\"> </a></td><td>Biomet: Vanguard PS</td><td>Biomet: Vanguard PS (Femur + Tibia)</td></tr><tr><td style=\"white-space:nowrap\">biomet_vanguard_rocc_interlok_femur<a name=\"KneeJointArthroplastyComponent-biomet_vanguard_rocc_interlok_femur\"> </a></td><td>Biomet: Vanguard ROCC - Interlok Femur</td><td>Biomet: Vanguard ROCC - Interlok Femur (Femur)</td></tr><tr><td style=\"white-space:nowrap\">biomet_vanguard_rocc_interlok_tibia<a name=\"KneeJointArthroplastyComponent-biomet_vanguard_rocc_interlok_tibia\"> </a></td><td>Zimmer Biomet: Vanguard ROCC - Interlok Tibia</td><td>Zimmer Biomet: Vanguard ROCC - Interlok Tibia (Tibia)</td></tr><tr><td style=\"white-space:nowrap\">biomet_vanguard_rocc_interlok_tibia_pps_ha<a name=\"KneeJointArthroplastyComponent-biomet_vanguard_rocc_interlok_tibia_pps_ha\"> </a></td><td>Biomet: Vanguard ROCC - Tibia PPS + HA</td><td>Biomet: Vanguard ROCC - Tibia PPS + HA (Tibia)</td></tr><tr><td style=\"white-space:nowrap\">biomet_vanguard_ssk<a name=\"KneeJointArthroplastyComponent-biomet_vanguard_ssk\"> </a></td><td>Biomet: Vanguard SSK</td><td>Biomet: Vanguard SSK (Femur)</td></tr><tr><td style=\"white-space:nowrap\">biomet_vanguard_unicompartmental<a name=\"KneeJointArthroplastyComponent-biomet_vanguard_unicompartmental\"> </a></td><td>Zimmer Biomet: Vanguard Unicompartmental</td><td>Zimmer Biomet: Vanguard Unicompartmental (Tibia)</td></tr><tr><td style=\"white-space:nowrap\">corin_rotaglide<a name=\"KneeJointArthroplastyComponent-corin_rotaglide\"> </a></td><td>Corin: Rotaglide</td><td>Corin: Rotaglide (Tibia)</td></tr><tr><td style=\"white-space:nowrap\">corin_rotaglide_pegged<a name=\"KneeJointArthroplastyComponent-corin_rotaglide_pegged\"> </a></td><td>Corin: Rotaglide Pegged</td><td>Corin: Rotaglide Pegged (Femur)</td></tr><tr><td style=\"white-space:nowrap\">corin_rotaglide_posterior_stabilizer<a name=\"KneeJointArthroplastyComponent-corin_rotaglide_posterior_stabilizer\"> </a></td><td>Corin: Rotaglide Posterior Stabilizer</td><td>Corin: Rotaglide Posterior Stabilizer (Femur)</td></tr><tr><td style=\"white-space:nowrap\">corin_rotaglide_stemless<a name=\"KneeJointArthroplastyComponent-corin_rotaglide_stemless\"> </a></td><td>Corin: Rotaglide Stemless</td><td>Corin: Rotaglide Stemless (Femur)</td></tr><tr><td style=\"white-space:nowrap\">corin_rotaglide_stemmed<a name=\"KneeJointArthroplastyComponent-corin_rotaglide_stemmed\"> </a></td><td>Corin: Rotaglide Stemmed</td><td>Corin: Rotaglide Stemmed (Femur)</td></tr><tr><td style=\"white-space:nowrap\">depuy_attune_cr<a name=\"KneeJointArthroplastyComponent-depuy_attune_cr\"> </a></td><td>Johnson &amp; Johnson: Attune CR</td><td>Johnson &amp; Johnson: Attune CR (Femur)</td></tr><tr><td style=\"white-space:nowrap\">depuy_limb_preservation_system<a name=\"KneeJointArthroplastyComponent-depuy_limb_preservation_system\"> </a></td><td>Johnson &amp; Johnson: Limb Preservation System</td><td>Johnson &amp; Johnson: Limb Preservation System (Femur)</td></tr><tr><td style=\"white-space:nowrap\">depuy_sigma_hp_partiel_knee<a name=\"KneeJointArthroplastyComponent-depuy_sigma_hp_partiel_knee\"> </a></td><td>DePuy: Sigma HP partial knee</td><td>DePuy: Sigma HP partial knee (Femur + Tibia)</td></tr><tr><td style=\"white-space:nowrap\">episealer_condyle_solo<a name=\"KneeJointArthroplastyComponent-episealer_condyle_solo\"> </a></td><td>Episurf Medical: Episealer Condyle Solo</td><td>Episurf Medical: Episealer Condyle Solo (Femur)</td></tr><tr><td style=\"white-space:nowrap\">howmedica_duracon_all_plastic<a name=\"KneeJointArthroplastyComponent-howmedica_duracon_all_plastic\"> </a></td><td>Howmedica: Duracon All-Plastic</td><td>Howmedica: Duracon All-Plastic (Tibia)</td></tr><tr><td style=\"white-space:nowrap\">howmedica_duracon_cruciform<a name=\"KneeJointArthroplastyComponent-howmedica_duracon_cruciform\"> </a></td><td>Howmedica: Duracon Cruciform</td><td>Howmedica: Duracon Cruciform (Tibia)</td></tr><tr><td style=\"white-space:nowrap\">howmedica_duracon_modular<a name=\"KneeJointArthroplastyComponent-howmedica_duracon_modular\"> </a></td><td>Howmedica: Duracon Modular</td><td>Howmedica: Duracon Modular (Femur)</td></tr><tr><td style=\"white-space:nowrap\">howmedica_duracon_standard<a name=\"KneeJointArthroplastyComponent-howmedica_duracon_standard\"> </a></td><td>Howmedica: Duracon Standard</td><td>Howmedica: Duracon Standard (Femur)</td></tr><tr><td style=\"white-space:nowrap\">howmedica_duracon_stemmed_stabilizer<a name=\"KneeJointArthroplastyComponent-howmedica_duracon_stemmed_stabilizer\"> </a></td><td>Howmedica: Duracon Stemmed Stabilizer</td><td>Howmedica: Duracon Stemmed Stabilizer (Femur)</td></tr><tr><td style=\"white-space:nowrap\">howmedica_duracon_universal<a name=\"KneeJointArthroplastyComponent-howmedica_duracon_universal\"> </a></td><td>Howmedica: Duracon Universal</td><td>Howmedica: Duracon Universal (Tibia)</td></tr><tr><td style=\"white-space:nowrap\">howmedica_interax<a name=\"KneeJointArthroplastyComponent-howmedica_interax\"> </a></td><td>Howmedica: Interax</td><td>Howmedica: Interax (Tibia)</td></tr><tr><td style=\"white-space:nowrap\">howmedica_interax_stabilizer<a name=\"KneeJointArthroplastyComponent-howmedica_interax_stabilizer\"> </a></td><td>Howmedica: Interax Stabiliser</td><td>Howmedica: Interax Stabiliser (Femur)</td></tr><tr><td style=\"white-space:nowrap\">howmedica_interax_standard<a name=\"KneeJointArthroplastyComponent-howmedica_interax_standard\"> </a></td><td>Howmedica: Interax Standard</td><td>Howmedica: Interax Standard (Femur)</td></tr><tr><td style=\"white-space:nowrap\">howmedica_kinemax_plus_stabilizer<a name=\"KneeJointArthroplastyComponent-howmedica_kinemax_plus_stabilizer\"> </a></td><td>Howmedica: Kinemax Plus Stabilizer</td><td>Howmedica: Kinemax Plus Stabilizer (Femur)</td></tr><tr><td style=\"white-space:nowrap\">howmedica_kinemax_plus_standard<a name=\"KneeJointArthroplastyComponent-howmedica_kinemax_plus_standard\"> </a></td><td>Howmedica: Kinemax Plus Standard</td><td>Howmedica: Kinemax Plus Standard (Femur + Tibia)</td></tr><tr><td style=\"white-space:nowrap\">howmedica_kinemax_plus_superstabilizer<a name=\"KneeJointArthroplastyComponent-howmedica_kinemax_plus_superstabilizer\"> </a></td><td>Howmedica: Kinemax Plus Superstabilizer</td><td>Howmedica: Kinemax Plus Superstabilizer (Femur + Tibia)</td></tr><tr><td style=\"white-space:nowrap\">implex_cks_all_poly<a name=\"KneeJointArthroplastyComponent-implex_cks_all_poly\"> </a></td><td>Implex: CKS All Poly</td><td>Implex: CKS All Poly (Tibia)</td></tr><tr><td style=\"white-space:nowrap\">implex_cks_continuum_posterior_stabilized<a name=\"KneeJointArthroplastyComponent-implex_cks_continuum_posterior_stabilized\"> </a></td><td>Implex: CKS Continuum Posterior Stabilized</td><td>Implex: CKS Continuum Posterior Stabilized (Femur)</td></tr><tr><td style=\"white-space:nowrap\">implex_cks_modular<a name=\"KneeJointArthroplastyComponent-implex_cks_modular\"> </a></td><td>Implex: CKS Modular</td><td>Implex: CKS Modular (Tibia)</td></tr><tr><td style=\"white-space:nowrap\">implex_cks_primary<a name=\"KneeJointArthroplastyComponent-implex_cks_primary\"> </a></td><td>Implex: CKS Primary</td><td>Implex: CKS Primary (Femur)</td></tr><tr><td style=\"white-space:nowrap\">insall_burstein<a name=\"KneeJointArthroplastyComponent-insall_burstein\"> </a></td><td>Insall-Burstein</td><td>Insall-Burstein (Tibia)</td></tr><tr><td style=\"white-space:nowrap\">johnson&amp;johnson_attune_crs<a name=\"KneeJointArthroplastyComponent-johnson.38johnson_attune_crs\"> </a></td><td>Johnson &amp; Johnson: Attune CRS (Constrained Revision System)</td><td>Johnson &amp; Johnson: Attune CRS (Constrained Revision System) (Femur)</td></tr><tr><td style=\"white-space:nowrap\">johnson&amp;johnson_attune_fb<a name=\"KneeJointArthroplastyComponent-johnson.38johnson_attune_fb\"> </a></td><td>Johnson &amp; Johnson: Attune FB</td><td>Johnson &amp; Johnson: Attune FB (Tibia)</td></tr><tr><td style=\"white-space:nowrap\">johnson&amp;johnson_attune_fixed_crs<a name=\"KneeJointArthroplastyComponent-johnson.38johnson_attune_fixed_crs\"> </a></td><td>Johnson &amp; Johnson: Attune Fixed CRS (Constrained Revision System)</td><td>Johnson &amp; Johnson: Attune Fixed CRS (Constrained Revision System) (Tibia)</td></tr><tr><td style=\"white-space:nowrap\">johnson&amp;johnson_attune_mbt_crs<a name=\"KneeJointArthroplastyComponent-johnson.38johnson_attune_mbt_crs\"> </a></td><td>Johnson &amp; Johnson: Attune Revision Tibial Base Rotating Platform</td><td>Johnson &amp; Johnson: Attune Revision Tibial Base Rotating Platform (Tibia)</td></tr><tr><td style=\"white-space:nowrap\">johnson&amp;johnson_attune_rotation_platfom<a name=\"KneeJointArthroplastyComponent-johnson.38johnson_attune_rotation_platfom\"> </a></td><td>Johnson &amp; Johnson: Attune Rotation Platfom</td><td>Johnson &amp; Johnson: Attune Rotation Platfom (Tibia)</td></tr><tr><td style=\"white-space:nowrap\">johnson&amp;johnson_pfc_cruciate_substituting<a name=\"KneeJointArthroplastyComponent-johnson.38johnson_pfc_cruciate_substituting\"> </a></td><td>Johnson &amp; Johnson: PFC Crusiate-Substituting</td><td>Johnson &amp; Johnson: PFC Crusiate-Substituting (Tibia)</td></tr><tr><td style=\"white-space:nowrap\">johnson&amp;johnson_pfc_modular<a name=\"KneeJointArthroplastyComponent-johnson.38johnson_pfc_modular\"> </a></td><td>Johnson &amp; Johnson: PFC Modular</td><td>Johnson &amp; Johnson: PFC Modular (Tibia)</td></tr><tr><td style=\"white-space:nowrap\">johnson&amp;johnson_pfc_sigma_all_poly<a name=\"KneeJointArthroplastyComponent-johnson.38johnson_pfc_sigma_all_poly\"> </a></td><td>Johnson &amp; Johnson: PFC Sigma All-Poly</td><td>Johnson &amp; Johnson: PFC Sigma All-Poly (Tibia)</td></tr><tr><td style=\"white-space:nowrap\">johnson&amp;johnson_pfc_sigma_cruciate_retaining<a name=\"KneeJointArthroplastyComponent-johnson.38johnson_pfc_sigma_cruciate_retaining\"> </a></td><td>Johnson &amp; Johnson: PFC Sigma Cruciate-Retaining</td><td>Johnson &amp; Johnson: PFC Sigma Cruciate-Retaining (Femur + Tibia)</td></tr><tr><td style=\"white-space:nowrap\">johnson&amp;johnson_pfc_sigma_cruciate_substituting<a name=\"KneeJointArthroplastyComponent-johnson.38johnson_pfc_sigma_cruciate_substituting\"> </a></td><td>Johnson &amp; Johnson: PFC Sigma Cruciate-Substituting</td><td>Johnson &amp; Johnson: PFC Sigma Cruciate-Substituting (Femur)</td></tr><tr><td style=\"white-space:nowrap\">johnson&amp;johnson_pfc_sigma_ps<a name=\"KneeJointArthroplastyComponent-johnson.38johnson_pfc_sigma_ps\"> </a></td><td>Johnson &amp; Johnson: PFC Sigma PS</td><td>Johnson &amp; Johnson: PFC Sigma PS (Tibia)</td></tr><tr><td style=\"white-space:nowrap\">johnson&amp;johnson_pfc_sigma_revision_tc3<a name=\"KneeJointArthroplastyComponent-johnson.38johnson_pfc_sigma_revision_tc3\"> </a></td><td>Johnson &amp; Johnson: PFC Sigma Revision and TC3</td><td>Johnson &amp; Johnson: PFC Sigma Revision and TC3 (Tibia)</td></tr><tr><td style=\"white-space:nowrap\">johnson&amp;johnson_pfc_sigma_tc3<a name=\"KneeJointArthroplastyComponent-johnson.38johnson_pfc_sigma_tc3\"> </a></td><td>Johnson &amp; Johnson: PFC Sigma TC3</td><td>Johnson &amp; Johnson: PFC Sigma TC3 (Femur)</td></tr><tr><td style=\"white-space:nowrap\">johnson&amp;johnson_pfc_sigma_rotating_platform<a name=\"KneeJointArthroplastyComponent-johnson.38johnson_pfc_sigma_rotating_platform\"> </a></td><td>Johnson &amp; Johnson: PFC Sigma Rotating Platform</td><td>Johnson &amp; Johnson: PFC Sigma Rotating Platform (Tibia)</td></tr><tr><td style=\"white-space:nowrap\">johnson&amp;johnson_pfc_sigma_rp_stabilized<a name=\"KneeJointArthroplastyComponent-johnson.38johnson_pfc_sigma_rp_stabilized\"> </a></td><td>Johnson &amp; Johnson: PFC Sigma RP Stabilized</td><td>Johnson &amp; Johnson: PFC Sigma RP Stabilized (Tibia)</td></tr><tr><td style=\"white-space:nowrap\">johnson&amp;johnson_pfc_standard<a name=\"KneeJointArthroplastyComponent-johnson.38johnson_pfc_standard\"> </a></td><td>Johnson &amp; Johnson: PFC Standard</td><td>Johnson &amp; Johnson: PFC Standard (Tibia)</td></tr><tr><td style=\"white-space:nowrap\">johnson&amp;johnson_preservation_uni_all_poly<a name=\"KneeJointArthroplastyComponent-johnson.38johnson_preservation_uni_all_poly\"> </a></td><td>Johnson &amp; Johnson: Preservation uni all poly</td><td>Johnson &amp; Johnson: Preservation uni all poly (Tibia)</td></tr><tr><td style=\"white-space:nowrap\">johnson&amp;johnson_preservation_uni_tray<a name=\"KneeJointArthroplastyComponent-johnson.38johnson_preservation_uni_tray\"> </a></td><td>Johnson &amp; Johnson: Preservation uni tray</td><td>Johnson &amp; Johnson: Preservation uni tray (Tibia)</td></tr><tr><td style=\"white-space:nowrap\">johnson&amp;johnson_s_rom_noiles<a name=\"KneeJointArthroplastyComponent-johnson.38johnson_s_rom_noiles\"> </a></td><td>Johnson &amp; Johnson: S-ROM Noiles</td><td>Johnson &amp; Johnson: S-ROM Noiles (Femur + Tibia)</td></tr><tr><td style=\"white-space:nowrap\">legion_oxinium_cr<a name=\"KneeJointArthroplastyComponent-legion_oxinium_cr\"> </a></td><td>Legion: Oxinium CR</td><td>Legion: Oxinium CR (Femur)</td></tr><tr><td style=\"white-space:nowrap\">limb_preservation_system_distal_femur<a name=\"KneeJointArthroplastyComponent-limb_preservation_system_distal_femur\"> </a></td><td>Limb Preservation System Distal Femur</td><td>Limb Preservation System Distal Femur (Femur)</td></tr><tr><td style=\"white-space:nowrap\">link_endo_model_rotational<a name=\"KneeJointArthroplastyComponent-link_endo_model_rotational\"> </a></td><td>LINK: Endo-Model Rotational</td><td>LINK: Endo-Model Rotational (Femur + Tibia)</td></tr><tr><td style=\"white-space:nowrap\">link_endo_model_sled_hemi<a name=\"KneeJointArthroplastyComponent-link_endo_model_sled_hemi\"> </a></td><td>LINK: Endo-Model Sled Hemi</td><td>LINK: Endo-Model Sled Hemi (Femur + Tibia)</td></tr><tr><td style=\"white-space:nowrap\">link_endo_model_total_hinge<a name=\"KneeJointArthroplastyComponent-link_endo_model_total_hinge\"> </a></td><td>LINK: Endo-Model Total Hinge</td><td>LINK: Endo-Model Total Hinge (Femur + Tibia)</td></tr><tr><td style=\"white-space:nowrap\">link_lubinus_patella_femoral<a name=\"KneeJointArthroplastyComponent-link_lubinus_patella_femoral\"> </a></td><td>LINK: Lubinus Patella-Femoral</td><td>LINK: Lubinus Patella-Femoral (Femur + Tibia)</td></tr><tr><td style=\"white-space:nowrap\">link_st_georg<a name=\"KneeJointArthroplastyComponent-link_st_georg\"> </a></td><td>LINK: St. Georg</td><td>LINK: St. Georg (Femur + Tibia)</td></tr><tr><td style=\"white-space:nowrap\">link_tack_cementless<a name=\"KneeJointArthroplastyComponent-link_tack_cementless\"> </a></td><td>LINK: TACK Cementless</td><td>LINK: TACK Cementless (Femur + Tibia)</td></tr><tr><td style=\"white-space:nowrap\">maxim_constrained<a name=\"KneeJointArthroplastyComponent-maxim_constrained\"> </a></td><td>Maxim Constrained</td><td>Maxim Constrained (Tibia)</td></tr><tr><td style=\"white-space:nowrap\">maxim_ps<a name=\"KneeJointArthroplastyComponent-maxim_ps\"> </a></td><td>Maxim PS</td><td>Maxim PS (Tibia)</td></tr><tr><td style=\"white-space:nowrap\">megasystem_c<a name=\"KneeJointArthroplastyComponent-megasystem_c\"> </a></td><td>LINK: Megasystem C</td><td>LINK: Megasystem C (Femur + Tibia)</td></tr><tr><td style=\"white-space:nowrap\">nexgen_zuk<a name=\"KneeJointArthroplastyComponent-nexgen_zuk\"> </a></td><td>Zimmer Biomet: NexGen Zuk</td><td>Zimmer Biomet: NexGen Zuk (Femur + Tibia)</td></tr><tr><td style=\"white-space:nowrap\">osteonics_7000_all_poly<a name=\"KneeJointArthroplastyComponent-osteonics_7000_all_poly\"> </a></td><td>Osteonics: All Poly</td><td>Osteonics: All Poly (Tibia)</td></tr><tr><td style=\"white-space:nowrap\">osteonics_7000_modular<a name=\"KneeJointArthroplastyComponent-osteonics_7000_modular\"> </a></td><td>Osteonics: 7000 Modular</td><td>Osteonics: 7000 Modular (Femur + Tibia)</td></tr><tr><td style=\"white-space:nowrap\">osteonics_7000_posterior_stabilized<a name=\"KneeJointArthroplastyComponent-osteonics_7000_posterior_stabilized\"> </a></td><td>Osteonics: 7000 Posterior Stabilized</td><td>Osteonics: 7000 Posterior Stabilized (Femur)</td></tr><tr><td style=\"white-space:nowrap\">osteonics_7000_standard<a name=\"KneeJointArthroplastyComponent-osteonics_7000_standard\"> </a></td><td>Osteonics: 7000 Standard</td><td>Osteonics: 7000 Standard (Femur + Tibia)</td></tr><tr><td style=\"white-space:nowrap\">oxford_domed_lateral_pkr<a name=\"KneeJointArthroplastyComponent-oxford_domed_lateral_pkr\"> </a></td><td>Zimmer Biomet: Oxford domed lateral PKR</td><td>Zimmer Biomet: Oxford domed lateral PKR (Femur)</td></tr><tr><td style=\"white-space:nowrap\">oxford_phase_iii_alpha<a name=\"KneeJointArthroplastyComponent-oxford_phase_iii_alpha\"> </a></td><td>Zimmer Biomet: Oxford Phase III alpha</td><td>Zimmer Biomet: Oxford Phase III alpha (Tibia)</td></tr><tr><td style=\"white-space:nowrap\">oxford_2_peg<a name=\"KneeJointArthroplastyComponent-oxford_2_peg\"> </a></td><td>Zimmer Biomet: Oxford 2-peg</td><td>Zimmer Biomet: Oxford 2-peg (Femur)</td></tr><tr><td style=\"white-space:nowrap\">persona_cr<a name=\"KneeJointArthroplastyComponent-persona_cr\"> </a></td><td>Zimmer Biomet: Persona CR</td><td>Zimmer Biomet: Persona CR (Femur + Tibia)</td></tr><tr><td style=\"white-space:nowrap\">persona_mc<a name=\"KneeJointArthroplastyComponent-persona_mc\"> </a></td><td>Zimmer Biomet: Persona MC</td><td>Zimmer Biomet: Persona MC (Tibia)</td></tr><tr><td style=\"white-space:nowrap\">persona_ps<a name=\"KneeJointArthroplastyComponent-persona_ps\"> </a></td><td>Zimmer Biomet: Persona PS</td><td>Zimmer Biomet: Persona PS (Femur + Tibia)</td></tr><tr><td style=\"white-space:nowrap\">persona_uc<a name=\"KneeJointArthroplastyComponent-persona_uc\"> </a></td><td>Zimmer Biomet: Persona UC</td><td>Zimmer Biomet: Persona UC (Tibia)</td></tr><tr><td style=\"white-space:nowrap\">persona_ppk<a name=\"KneeJointArthroplastyComponent-persona_ppk\"> </a></td><td>Zimmer Biomet: Persona Partial Knee</td><td>Zimmer Biomet: Persona Partial Knee</td></tr><tr><td style=\"white-space:nowrap\">pfc_sigma_offset_tibial_tray<a name=\"KneeJointArthroplastyComponent-pfc_sigma_offset_tibial_tray\"> </a></td><td>PFC Sigma Offset Tibial Tray</td><td>PFC Sigma Offset Tibial Tray (Tibia)</td></tr><tr><td style=\"white-space:nowrap\">physica_cr<a name=\"KneeJointArthroplastyComponent-physica_cr\"> </a></td><td>Lima: Physica CR</td><td>Lima: Physica CR (Femur + Tibia)</td></tr><tr><td style=\"white-space:nowrap\">physica_kr<a name=\"KneeJointArthroplastyComponent-physica_kr\"> </a></td><td>Lima: Physica KR</td><td>Lima: Physica KR (Femur + Tibia)</td></tr><tr><td style=\"white-space:nowrap\">physica_ps<a name=\"KneeJointArthroplastyComponent-physica_ps\"> </a></td><td>Lima: Physica PS</td><td>Lima: Physica PS (Femur + Tibia)</td></tr><tr><td style=\"white-space:nowrap\">preservation<a name=\"KneeJointArthroplastyComponent-preservation\"> </a></td><td>Preservation</td><td>Preservation (Femur + Tibia)</td></tr><tr><td style=\"white-space:nowrap\">sigma_hp_partiel_knee<a name=\"KneeJointArthroplastyComponent-sigma_hp_partiel_knee\"> </a></td><td>Johnson &amp; Johnson: Sigma HP Partial Knee</td><td>Johnson &amp; Johnson: Sigma HP Partial Knee (Femur)</td></tr><tr><td style=\"white-space:nowrap\">sigma_hp_partiel_knee_all_poly<a name=\"KneeJointArthroplastyComponent-sigma_hp_partiel_knee_all_poly\"> </a></td><td>Sigma HP Partial Knee all-poly</td><td>Sigma HP Partial Knee all-poly (Tibia)</td></tr><tr><td style=\"white-space:nowrap\">sigma_hp_partiel_knee_modular<a name=\"KneeJointArthroplastyComponent-sigma_hp_partiel_knee_modular\"> </a></td><td>Johnson &amp; Johnson: Sigma HP Partial Knee modular</td><td>Johnson &amp; Johnson: Sigma HP Partial Knee modular (Tibia)</td></tr><tr><td style=\"white-space:nowrap\">smith&amp;nephew_competitor_pfj<a name=\"KneeJointArthroplastyComponent-smith.38nephew_competitor_pfj\"> </a></td><td>Smith &amp; Nephew: Competitor PFJ</td><td>Smith &amp; Nephew: Competitor PFJ (Femur)</td></tr><tr><td style=\"white-space:nowrap\">smith&amp;nephew_genesis<a name=\"KneeJointArthroplastyComponent-smith.38nephew_genesis\"> </a></td><td>Smith &amp; Nephew: Genesis</td><td>Smith &amp; Nephew: Genesis (Tibia)</td></tr><tr><td style=\"white-space:nowrap\">smith&amp;nephew_genesis_all_poly<a name=\"KneeJointArthroplastyComponent-smith.38nephew_genesis_all_poly\"> </a></td><td>Smith &amp; Nephew: Genesis All-Poly</td><td>Smith &amp; Nephew: Genesis All-Poly (Tibia)</td></tr><tr><td style=\"white-space:nowrap\">smith&amp;nephew_genesis_cruciate_retaining<a name=\"KneeJointArthroplastyComponent-smith.38nephew_genesis_cruciate_retaining\"> </a></td><td>Smith &amp; Nephew: Genesis Cruciate-Retaining</td><td>Smith &amp; Nephew: Genesis Cruciate-Retaining (Femur)</td></tr><tr><td style=\"white-space:nowrap\">smith&amp;nephew_genesis_ii<a name=\"KneeJointArthroplastyComponent-smith.38nephew_genesis_ii\"> </a></td><td>Smith &amp; Nephew: Genesis II</td><td>Smith &amp; Nephew: Genesis II (Tibia)</td></tr><tr><td style=\"white-space:nowrap\">smith&amp;nephew_genesis_ii_all_poly<a name=\"KneeJointArthroplastyComponent-smith.38nephew_genesis_ii_all_poly\"> </a></td><td>Smith &amp; Nephew: Genesis II All-Poly</td><td>Smith &amp; Nephew: Genesis II All-Poly (Tibia)</td></tr><tr><td style=\"white-space:nowrap\">smith&amp;nephew_genesis_ii_cruciate_retaining<a name=\"KneeJointArthroplastyComponent-smith.38nephew_genesis_ii_cruciate_retaining\"> </a></td><td>Smith &amp; Nephew: Genesis II Cruciate Retaining</td><td>Smith &amp; Nephew: Genesis II Cruciate Retaining (Femur)</td></tr><tr><td style=\"white-space:nowrap\">smith&amp;nephew_genesis_ii_long_stem_taper<a name=\"KneeJointArthroplastyComponent-smith.38nephew_genesis_ii_long_stem_taper\"> </a></td><td>Smith &amp; Nephew: Genesis II Long Stem Taper</td><td>Smith &amp; Nephew: Genesis II Long Stem Taper (Femur)</td></tr><tr><td style=\"white-space:nowrap\">smith&amp;nephew_genesis_ii_posterior_stabilized<a name=\"KneeJointArthroplastyComponent-smith.38nephew_genesis_ii_posterior_stabilized\"> </a></td><td>Smith &amp; Nephew: Genesis II Posterior Stabilized</td><td>Smith &amp; Nephew: Genesis II Posterior Stabilized (Femur)</td></tr><tr><td style=\"white-space:nowrap\">smith&amp;nephew_genesis_ii_ps_taper<a name=\"KneeJointArthroplastyComponent-smith.38nephew_genesis_ii_ps_taper\"> </a></td><td>Smith &amp; Nephew: Genesis II PS Taper</td><td>Smith &amp; Nephew: Genesis II PS Taper (Femur)</td></tr><tr><td style=\"white-space:nowrap\">smith&amp;nephew_genesis_ii_revision<a name=\"KneeJointArthroplastyComponent-smith.38nephew_genesis_ii_revision\"> </a></td><td>Smith &amp; Nephew: Genesis II Revision</td><td>Smith &amp; Nephew: Genesis II Revision (Femur + Tibia)</td></tr><tr><td style=\"white-space:nowrap\">smith&amp;nephew_genesis_long_stem_taper<a name=\"KneeJointArthroplastyComponent-smith.38nephew_genesis_long_stem_taper\"> </a></td><td>Smith &amp; Nephew: Genesis Long Stem Taper</td><td>Smith &amp; Nephew: Genesis Long Stem Taper (Femur)</td></tr><tr><td style=\"white-space:nowrap\">smith&amp;nephew_genesis_posterior_stabilized<a name=\"KneeJointArthroplastyComponent-smith.38nephew_genesis_posterior_stabilized\"> </a></td><td>Smith &amp; Nephew: Genesis Posterior Stabilized</td><td>Smith &amp; Nephew: Genesis Posterior Stabilized (Femur)</td></tr><tr><td style=\"white-space:nowrap\">smith&amp;nephew_genesis_ps_taper<a name=\"KneeJointArthroplastyComponent-smith.38nephew_genesis_ps_taper\"> </a></td><td>Smith &amp; Nephew: Genesis PS Taper</td><td>Smith &amp; Nephew: Genesis PS Taper (Femur)</td></tr><tr><td style=\"white-space:nowrap\">smith&amp;nephew_genesis_revision<a name=\"KneeJointArthroplastyComponent-smith.38nephew_genesis_revision\"> </a></td><td>Smith &amp; Nephew: Genesis Revision</td><td>Smith &amp; Nephew: Genesis Revision (Femur + Tibia)</td></tr><tr><td style=\"white-space:nowrap\">smith&amp;nephew_genesis_genesis_uni<a name=\"KneeJointArthroplastyComponent-smith.38nephew_genesis_genesis_uni\"> </a></td><td>Smith &amp; Nephew: Genesis Uni</td><td>Smith &amp; Nephew: Genesis Uni (Femur + Tibia)</td></tr><tr><td style=\"white-space:nowrap\">smith&amp;nephew_genesis_journey_pfj<a name=\"KneeJointArthroplastyComponent-smith.38nephew_genesis_journey_pfj\"> </a></td><td>Smith &amp; Nephew: Journey PFJ</td><td>Smith &amp; Nephew: Journey PFJ (Femur)</td></tr><tr><td style=\"white-space:nowrap\">smith&amp;nephew_genesis_legion_cr_oxinium<a name=\"KneeJointArthroplastyComponent-smith.38nephew_genesis_legion_cr_oxinium\"> </a></td><td>Smith &amp; Nephew: Legion CR Oxinium</td><td>Smith &amp; Nephew: Legion CR Oxinium (Femur)</td></tr><tr><td style=\"white-space:nowrap\">smith&amp;nephew_genesis_patella_mod_iii_cartier<a name=\"KneeJointArthroplastyComponent-smith.38nephew_genesis_patella_mod_iii_cartier\"> </a></td><td>Smith &amp; Nephew: Patella Mod III Cartier</td><td>Smith &amp; Nephew: Patella Mod III Cartier (Femur)</td></tr><tr><td style=\"white-space:nowrap\">smith&amp;nephew_genesis_profix<a name=\"KneeJointArthroplastyComponent-smith.38nephew_genesis_profix\"> </a></td><td>Smith &amp; Nephew: Profix</td><td>Smith &amp; Nephew: Profix (Femur + Tibia)</td></tr><tr><td style=\"white-space:nowrap\">smith&amp;nephew_genesis_profix_all_poly<a name=\"KneeJointArthroplastyComponent-smith.38nephew_genesis_profix_all_poly\"> </a></td><td>Smith &amp; Nephew: Profix All-Poly</td><td>Smith &amp; Nephew: Profix All-Poly (Tibia)</td></tr><tr><td style=\"white-space:nowrap\">smith&amp;nephew_genesis_profix_cruciate_retaining<a name=\"KneeJointArthroplastyComponent-smith.38nephew_genesis_profix_cruciate_retaining\"> </a></td><td>Smith &amp; Nephew: Profix Cruciate Retaining</td><td>Smith &amp; Nephew: Profix Cruciate Retaining (Femur)</td></tr><tr><td style=\"white-space:nowrap\">smith&amp;nephew_genesis_profix_long_stem_taper<a name=\"KneeJointArthroplastyComponent-smith.38nephew_genesis_profix_long_stem_taper\"> </a></td><td>Smith &amp; Nephew: Profix Long Stem Taper</td><td>Smith &amp; Nephew: Profix Long Stem Taper (Femur)</td></tr><tr><td style=\"white-space:nowrap\">smith&amp;nephew_genesis_profix_posterior_stabilized<a name=\"KneeJointArthroplastyComponent-smith.38nephew_genesis_profix_posterior_stabilized\"> </a></td><td>Smith &amp; Nephew: Profix Posterior Stabilized</td><td>Smith &amp; Nephew: Profix Posterior Stabilized (Femur)</td></tr><tr><td style=\"white-space:nowrap\">smith&amp;nephew_genesis_profix_ps_taper<a name=\"KneeJointArthroplastyComponent-smith.38nephew_genesis_profix_ps_taper\"> </a></td><td>Smith &amp; Nephew: Profix PS Taper</td><td>Smith &amp; Nephew: Profix PS Taper (Femur)</td></tr><tr><td style=\"white-space:nowrap\">smith&amp;nephew_genesis_profix_revision<a name=\"KneeJointArthroplastyComponent-smith.38nephew_genesis_profix_revision\"> </a></td><td>Smith &amp; Nephew: Profix Revision</td><td>Smith &amp; Nephew: Profix Revision (Femur + Tibia)</td></tr><tr><td style=\"white-space:nowrap\">stryker_howmetica_avon<a name=\"KneeJointArthroplastyComponent-stryker_howmetica_avon\"> </a></td><td>Stryker/Howmetica: Avon</td><td>Stryker/Howmetica: Avon (Femur)</td></tr><tr><td style=\"white-space:nowrap\">stryker_gmrs<a name=\"KneeJointArthroplastyComponent-stryker_gmrs\"> </a></td><td>Stryker: GMRS</td><td>Stryker: GMRS (Femur + Tibia)</td></tr><tr><td style=\"white-space:nowrap\">stryker_modular_rotating_hinge<a name=\"KneeJointArthroplastyComponent-stryker_modular_rotating_hinge\"> </a></td><td>Stryker: Modular Rotating Hinge</td><td>Stryker: Modular Rotating Hinge (Femur + Tibia)</td></tr><tr><td style=\"white-space:nowrap\">stryker_restoris_pfa<a name=\"KneeJointArthroplastyComponent-stryker_restoris_pfa\"> </a></td><td>Stryker: Restoris PFA</td><td>Stryker: Restoris PFA</td></tr><tr><td style=\"white-space:nowrap\">stryker_restoris_medial_uni<a name=\"KneeJointArthroplastyComponent-stryker_restoris_medial_uni\"> </a></td><td>Stryker: Restoris Medial Uni</td><td>Stryker: Restoris Medial Uni</td></tr><tr><td style=\"white-space:nowrap\">stryker_restoris_lateral_uni<a name=\"KneeJointArthroplastyComponent-stryker_restoris_lateral_uni\"> </a></td><td>Stryker: Restoris Lateral Uni</td><td>Stryker: Restoris Lateral Uni</td></tr><tr><td style=\"white-space:nowrap\">stryker_scorpio<a name=\"KneeJointArthroplastyComponent-stryker_scorpio\"> </a></td><td>Stryker: Scorpio</td><td>Stryker: Scorpio (Tibia)</td></tr><tr><td style=\"white-space:nowrap\">stryker_scorpio_all_poly<a name=\"KneeJointArthroplastyComponent-stryker_scorpio_all_poly\"> </a></td><td>Stryker: Scorpio All Poly</td><td>Stryker: Scorpio All Poly (Tibia)</td></tr><tr><td style=\"white-space:nowrap\">stryker_scorpio_cr<a name=\"KneeJointArthroplastyComponent-stryker_scorpio_cr\"> </a></td><td>Stryker: Scorpio CR</td><td>Stryker: Scorpio CR (Femur)</td></tr><tr><td style=\"white-space:nowrap\">stryker_scorpio_mobile_bearing<a name=\"KneeJointArthroplastyComponent-stryker_scorpio_mobile_bearing\"> </a></td><td>Stryker: Scorpio + Mobile bearing</td><td>Stryker: Scorpio + Mobile bearing (Tibia)</td></tr><tr><td style=\"white-space:nowrap\">stryker_scorpio_ps<a name=\"KneeJointArthroplastyComponent-stryker_scorpio_ps\"> </a></td><td>Stryker: Scorpio PS</td><td>Stryker: Scorpio PS (Femur)</td></tr><tr><td style=\"white-space:nowrap\">stryker_scorpio_ts<a name=\"KneeJointArthroplastyComponent-stryker_scorpio_ts\"> </a></td><td>Stryker: Scorpio TS</td><td>Stryker: Scorpio TS (Femur + Tibia)</td></tr><tr><td style=\"white-space:nowrap\">stryker_triathlon<a name=\"KneeJointArthroplastyComponent-stryker_triathlon\"> </a></td><td>Stryker: Triathlon</td><td>Stryker: Triathlon (Tibia)</td></tr><tr><td style=\"white-space:nowrap\">stryker_triathlon_all_poly<a name=\"KneeJointArthroplastyComponent-stryker_triathlon_all_poly\"> </a></td><td>Stryker: Triathlon All Poly</td><td>Stryker: Triathlon All Poly (Tibia)</td></tr><tr><td style=\"white-space:nowrap\">stryker_triathlon_cr<a name=\"KneeJointArthroplastyComponent-stryker_triathlon_cr\"> </a></td><td>Stryker: Triathlon CR</td><td>Stryker: Triathlon CR (Femur)</td></tr><tr><td style=\"white-space:nowrap\">stryker_thriathlon_pkr<a name=\"KneeJointArthroplastyComponent-stryker_thriathlon_pkr\"> </a></td><td>Stryker: Triathlon PKR</td><td>Stryker: Triathlon PKR (Femur + Tibia)</td></tr><tr><td style=\"white-space:nowrap\">stryker_thriathlon_ps<a name=\"KneeJointArthroplastyComponent-stryker_thriathlon_ps\"> </a></td><td>Stryker: Triathlon PS</td><td>Stryker: Triathlon PS (Femur)</td></tr><tr><td style=\"white-space:nowrap\">stryker_thriathlon_ts<a name=\"KneeJointArthroplastyComponent-stryker_thriathlon_ts\"> </a></td><td>Stryker: Triathlon TS</td><td>Stryker: Triathlon TS (Femur + Tibia)</td></tr><tr><td style=\"white-space:nowrap\">stryker_triathlon_universal<a name=\"KneeJointArthroplastyComponent-stryker_triathlon_universal\"> </a></td><td>Stryker: Triathlon Universal</td><td>Stryker: Triathlon Universal (Tibia)</td></tr><tr><td style=\"white-space:nowrap\">vanguard_da_360<a name=\"KneeJointArthroplastyComponent-vanguard_da_360\"> </a></td><td>Vanguard: DA 360</td><td>Vanguard: DA 360 (Femur)</td></tr><tr><td style=\"white-space:nowrap\">vanguard_da_360_tibia_tray<a name=\"KneeJointArthroplastyComponent-vanguard_da_360_tibia_tray\"> </a></td><td>Vanguard DA 360 tibia tray</td><td>Vanguard DA 360 tibia tray (Tibia)</td></tr><tr><td style=\"white-space:nowrap\">vanguard_rocc_femur_pps_ha_biomet<a name=\"KneeJointArthroplastyComponent-vanguard_rocc_femur_pps_ha_biomet\"> </a></td><td>Vanguard: ROCC - Femur PPS + HA Biomet</td><td>Vanguard: ROCC - Femur PPS + HA Biomet (Femur)</td></tr><tr><td style=\"white-space:nowrap\">vanguard_ssk_360<a name=\"KneeJointArthroplastyComponent-vanguard_ssk_360\"> </a></td><td>Vanguard: SSK 360</td><td>Vanguard: SSK 360 (Femur)</td></tr><tr><td style=\"white-space:nowrap\">vanguard_ssk_360_tibia_tray<a name=\"KneeJointArthroplastyComponent-vanguard_ssk_360_tibia_tray\"> </a></td><td>Vanguard: SSK 360 tibia tray</td><td>Vanguard SSK 360 tibia tray (Tibia)</td></tr><tr><td style=\"white-space:nowrap\">vanguard_xp<a name=\"KneeJointArthroplastyComponent-vanguard_xp\"> </a></td><td>Vanguard: XP</td><td>Vanguard: XP (Femur + Tibia)</td></tr><tr><td style=\"white-space:nowrap\">vanguard_xp_cr<a name=\"KneeJointArthroplastyComponent-vanguard_xp_cr\"> </a></td><td>Vanguard: XP CR</td><td>Vanguard XP CR (Tibia)</td></tr><tr><td style=\"white-space:nowrap\">wright_advance_medial_pivot<a name=\"KneeJointArthroplastyComponent-wright_advance_medial_pivot\"> </a></td><td>Wright: Advance Medial Pivot</td><td>Wright: Advance Medial Pivot (Femur + Tibia)</td></tr><tr><td style=\"white-space:nowrap\">wright_advance_revision<a name=\"KneeJointArthroplastyComponent-wright_advance_revision\"> </a></td><td>Wright: Advance Revision</td><td>Wright: Advance Revision (Femur)</td></tr><tr><td style=\"white-space:nowrap\">wright_advance_revision_constrained<a name=\"KneeJointArthroplastyComponent-wright_advance_revision_constrained\"> </a></td><td>Wright: Advance Revision, Constrained</td><td>Wright: Advance Revision, Constrained (Tibia)</td></tr><tr><td style=\"white-space:nowrap\">wright_advance_revision_ps<a name=\"KneeJointArthroplastyComponent-wright_advance_revision_ps\"> </a></td><td>Wright: Advance Revision, PS</td><td>Wright: Advance Revision, PS (Tibia)</td></tr><tr><td style=\"white-space:nowrap\">wright_advance_statures<a name=\"KneeJointArthroplastyComponent-wright_advance_statures\"> </a></td><td>Wright: Advance Stature</td><td>Wright: Advance Stature (Femur)</td></tr><tr><td style=\"white-space:nowrap\">wright_advance_stemmet<a name=\"KneeJointArthroplastyComponent-wright_advance_stemmet\"> </a></td><td>Wright: Advance Stemmet</td><td>Wright: Advance Stemmet (Femur)</td></tr><tr><td style=\"white-space:nowrap\">zimmer_biomet_oxford_lateral_fixed_bearing<a name=\"KneeJointArthroplastyComponent-zimmer_biomet_oxford_lateral_fixed_bearing\"> </a></td><td>Zimmer-Biomet: Oxford Lateral Fixed Bearing</td><td>Zimmer-Biomet: Oxford Lateral Fixed Bearing (Tibia)</td></tr><tr><td style=\"white-space:nowrap\">zimmer_insall_burstein<a name=\"KneeJointArthroplastyComponent-zimmer_insall_burstein\"> </a></td><td>Zimmer: Insall-Burstein</td><td>Zimmer: Insall-Burstein (Femur)</td></tr><tr><td style=\"white-space:nowrap\">zimmer_miller_galante<a name=\"KneeJointArthroplastyComponent-zimmer_miller_galante\"> </a></td><td>Zimmer: Miller Galante</td><td>Zimmer: Miller Galante (Femur + Tibia)</td></tr><tr><td style=\"white-space:nowrap\">zimmer_nexgen_cr<a name=\"KneeJointArthroplastyComponent-zimmer_nexgen_cr\"> </a></td><td>Zimmer Biomet: NexGen CR</td><td>Zimmer Biomet: NexGen CR (Femur + Tibia)</td></tr><tr><td style=\"white-space:nowrap\">zimmer_nexgen_cr_flex<a name=\"KneeJointArthroplastyComponent-zimmer_nexgen_cr_flex\"> </a></td><td>Zimmer: NexGen CR Flex</td><td>Zimmer: NexGen CR Flex (Femur + Tibia)</td></tr><tr><td style=\"white-space:nowrap\">zimmer_nexgen_cr_flex_gender<a name=\"KneeJointArthroplastyComponent-zimmer_nexgen_cr_flex_gender\"> </a></td><td>Zimmer: NexGen CR Flex Gender</td><td>Zimmer: NexGen CR Flex Gender (Femur)</td></tr><tr><td style=\"white-space:nowrap\">zimmer_nexgen_cr_modular_tmt<a name=\"KneeJointArthroplastyComponent-zimmer_nexgen_cr_modular_tmt\"> </a></td><td>Zimmer Biomet: NexGen CR modulær TMT</td><td>Zimmer Biomet: NexGen CR modulær TMT (Tibia)</td></tr><tr><td style=\"white-space:nowrap\">zimmer_nexgen_cr_monoblock_tmt<a name=\"KneeJointArthroplastyComponent-zimmer_nexgen_cr_monoblock_tmt\"> </a></td><td>Zimmer Biomet: NexGen CR Monoblok, TMT</td><td>Zimmer Biomet: NexGen CR Monoblok, TMT (Tibia)</td></tr><tr><td style=\"white-space:nowrap\">zimmer_nexgen_lcck<a name=\"KneeJointArthroplastyComponent-zimmer_nexgen_lcck\"> </a></td><td>Zimmer Biomet: NexGen LCCK</td><td>Zimmer Biomet: NexGen LCCK (Femur + Tibia)</td></tr><tr><td style=\"white-space:nowrap\">zimmer_nexgen_lps<a name=\"KneeJointArthroplastyComponent-zimmer_nexgen_lps\"> </a></td><td>Zimmer Biomet: NexGen LPS</td><td>Zimmer Biomet: NexGen LPS (Femur + Tibia)</td></tr><tr><td style=\"white-space:nowrap\">zimmer_nexgen_lps_flex<a name=\"KneeJointArthroplastyComponent-zimmer_nexgen_lps_flex\"> </a></td><td>Zimmer Biomet: NexGen LPS Flex</td><td>Zimmer Biomet: NexGen LPS Flex (Femur + Tibia)</td></tr><tr><td style=\"white-space:nowrap\">zimmer_nexgen_lps_modular_tmt<a name=\"KneeJointArthroplastyComponent-zimmer_nexgen_lps_modular_tmt\"> </a></td><td>Zimmer Biomet: NexGen LPS Modulær TMT</td><td>Zimmer Biomet: NexGen LPS Modulær TMT (Tibia)</td></tr><tr><td style=\"white-space:nowrap\">zimmer_nexgen_lps_monoblock_tmt<a name=\"KneeJointArthroplastyComponent-zimmer_nexgen_lps_monoblock_tmt\"> </a></td><td>Zimmer Biomet: NexGen LPS Monoblok TMT</td><td>Zimmer Biomet: NexGen LPS Monoblok TMT (Tibia)</td></tr><tr><td style=\"white-space:nowrap\">zimmer_nexgen_rhk<a name=\"KneeJointArthroplastyComponent-zimmer_nexgen_rhk\"> </a></td><td>Zimmer Biomet: NexGen RHK</td><td>Zimmer Biomet: NexGen RHK (Femur + Tibia)</td></tr><tr><td style=\"white-space:nowrap\">zimmer_nexgen_pfj<a name=\"KneeJointArthroplastyComponent-zimmer_nexgen_pfj\"> </a></td><td>Zimmer Biomet: PFJ</td><td>Zimmer Biomet: PFJ (Femur)</td></tr><tr><td style=\"white-space:nowrap\">zimmer_segmental_system<a name=\"KneeJointArthroplastyComponent-zimmer_segmental_system\"> </a></td><td>Zimmer: Segmental System</td><td>Zimmer: Segmental System (Femur)</td></tr></table></div>"
  },
  "url" : "https://kip.rkkp.dk/fhir/CodeSystem/KneeJointArthroplastyComponent",
  "version" : "2.9.0",
  "name" : "KneeJointArthroplastyComponent",
  "title" : "Knee joint arthroplasty - components",
  "status" : "active",
  "date" : "2025-03-04T00:00:00+02:00",
  "publisher" : "Sundhedsvæsnets Kvalistetsinstitut with Trifork Digital Health A/S",
  "contact" : [{
    "name" : "Sundhedsvæsnets Kvalistetsinstitut with Trifork Digital Health A/S",
    "telecom" : [{
      "system" : "url",
      "value" : "https://trifork.com"
    },
    {
      "system" : "email",
      "value" : "rbk@trifork.com"
    }]
  }],
  "description" : "Knee joint arthroplasty - components",
  "caseSensitive" : false,
  "content" : "complete",
  "count" : 173,
  "concept" : [{
    "code" : "arthrosurface_hemicap",
    "display" : "Arthrosurface: HemiCAP",
    "definition" : "Arthrosurface: HemiCAP (Femur)"
  },
  {
    "code" : "arthrosurface_hemicap_pf",
    "display" : "Arthrosurface: Hemicap PF",
    "definition" : "Arthrosurface: Hemicap PF (Femur)"
  },
  {
    "code" : "arthrosurface_unicap",
    "display" : "Arthrosurface: Unicap",
    "definition" : "Arthrosurface: Unicap (Femur + Tibia)"
  },
  {
    "code" : "biomet_agc_hp_posterior_stabilizer",
    "display" : "Biomet: AGC HP Posterior Stabilizer",
    "definition" : "Biomet: AGC HP Posterior Stabilizer (Femur)"
  },
  {
    "code" : "biomet_agc_v2",
    "display" : "Zimmer Biomet: AGC V2",
    "definition" : "Zimmer Biomet: AGC V2 (Tibia)"
  },
  {
    "code" : "biomet_agc_v2_universal",
    "display" : "Zimmer Biomet: AGC V2 Universal",
    "definition" : "Zimmer Biomet: AGC V2 Universal (Femur)"
  },
  {
    "code" : "biomet_maxim",
    "display" : "Biomet: Maxim",
    "definition" : "Biomet: Maxim (Tibia)"
  },
  {
    "code" : "biomet_maxim_constrained",
    "display" : "Biomet: Maxim Constrained",
    "definition" : "Biomet: Maxim Constrained (Femur)"
  },
  {
    "code" : "biomet_maxim_posterior_stabilized",
    "display" : "Biomet: Maxim Posterior Stabilized",
    "definition" : "Biomet: Maxim Posterior Stabilized (Femur)"
  },
  {
    "code" : "biomet_oxford_domed_lateral_pkr",
    "display" : "Zimmer Biomet: Oxford domed lateral PKR",
    "definition" : "Zimmer Biomet: Oxford domed lateral PKR (Tibia)"
  },
  {
    "code" : "biomet_oxford_phase_iii_alpha",
    "display" : "Zimmer Biomet: Oxford Phase III alpha",
    "definition" : "Zimmer Biomet: Oxford Phase III alpha (Femur)"
  },
  {
    "code" : "biomet_rhk_rotating_hinge_knee",
    "display" : "Zimmer Biomet: RHK Rotating Hinge Knee",
    "definition" : "Zimmer Biomet: RHK Rotating Hinge Knee (Femur + Tibia)"
  },
  {
    "code" : "biomet_tibia_offset_tray",
    "display" : "Biomet: Tibia Offset Tray",
    "definition" : "Biomet: Tibia Offset Tray (Tibia)"
  },
  {
    "code" : "biomet_vanguard_cr",
    "display" : "Zimmer Biomet: Vanguard CR",
    "definition" : "Zimmer Biomet: Vanguard CR (Femur + Tibia)"
  },
  {
    "code" : "biomet_vanguard_m_unicompartmental",
    "display" : "Biomet: Vanguard M Unicompartmental",
    "definition" : "Biomet: Vanguard M Unicompartmental (Femur)"
  },
  {
    "code" : "biomet_vanguard_pfr",
    "display" : "Biomet: Vanguard PFR",
    "definition" : "Biomet: Vanguard PFR (Femur)"
  },
  {
    "code" : "biomet_vanguard_ps",
    "display" : "Biomet: Vanguard PS",
    "definition" : "Biomet: Vanguard PS (Femur + Tibia)"
  },
  {
    "code" : "biomet_vanguard_rocc_interlok_femur",
    "display" : "Biomet: Vanguard ROCC - Interlok Femur",
    "definition" : "Biomet: Vanguard ROCC - Interlok Femur (Femur)"
  },
  {
    "code" : "biomet_vanguard_rocc_interlok_tibia",
    "display" : "Zimmer Biomet: Vanguard ROCC - Interlok Tibia",
    "definition" : "Zimmer Biomet: Vanguard ROCC - Interlok Tibia (Tibia)"
  },
  {
    "code" : "biomet_vanguard_rocc_interlok_tibia_pps_ha",
    "display" : "Biomet: Vanguard ROCC - Tibia PPS + HA",
    "definition" : "Biomet: Vanguard ROCC - Tibia PPS + HA (Tibia)"
  },
  {
    "code" : "biomet_vanguard_ssk",
    "display" : "Biomet: Vanguard SSK",
    "definition" : "Biomet: Vanguard SSK (Femur)"
  },
  {
    "code" : "biomet_vanguard_unicompartmental",
    "display" : "Zimmer Biomet: Vanguard Unicompartmental",
    "definition" : "Zimmer Biomet: Vanguard Unicompartmental (Tibia)"
  },
  {
    "code" : "corin_rotaglide",
    "display" : "Corin: Rotaglide",
    "definition" : "Corin: Rotaglide (Tibia)"
  },
  {
    "code" : "corin_rotaglide_pegged",
    "display" : "Corin: Rotaglide Pegged",
    "definition" : "Corin: Rotaglide Pegged (Femur)"
  },
  {
    "code" : "corin_rotaglide_posterior_stabilizer",
    "display" : "Corin: Rotaglide Posterior Stabilizer",
    "definition" : "Corin: Rotaglide Posterior Stabilizer (Femur)"
  },
  {
    "code" : "corin_rotaglide_stemless",
    "display" : "Corin: Rotaglide Stemless",
    "definition" : "Corin: Rotaglide Stemless (Femur)"
  },
  {
    "code" : "corin_rotaglide_stemmed",
    "display" : "Corin: Rotaglide Stemmed",
    "definition" : "Corin: Rotaglide Stemmed (Femur)"
  },
  {
    "code" : "depuy_attune_cr",
    "display" : "Johnson & Johnson: Attune CR",
    "definition" : "Johnson & Johnson: Attune CR (Femur)"
  },
  {
    "code" : "depuy_limb_preservation_system",
    "display" : "Johnson & Johnson: Limb Preservation System",
    "definition" : "Johnson & Johnson: Limb Preservation System (Femur)"
  },
  {
    "code" : "depuy_sigma_hp_partiel_knee",
    "display" : "DePuy: Sigma HP partial knee",
    "definition" : "DePuy: Sigma HP partial knee (Femur + Tibia)"
  },
  {
    "code" : "episealer_condyle_solo",
    "display" : "Episurf Medical: Episealer Condyle Solo",
    "definition" : "Episurf Medical: Episealer Condyle Solo (Femur)"
  },
  {
    "code" : "howmedica_duracon_all_plastic",
    "display" : "Howmedica: Duracon All-Plastic",
    "definition" : "Howmedica: Duracon All-Plastic (Tibia)"
  },
  {
    "code" : "howmedica_duracon_cruciform",
    "display" : "Howmedica: Duracon Cruciform",
    "definition" : "Howmedica: Duracon Cruciform (Tibia)"
  },
  {
    "code" : "howmedica_duracon_modular",
    "display" : "Howmedica: Duracon Modular",
    "definition" : "Howmedica: Duracon Modular (Femur)"
  },
  {
    "code" : "howmedica_duracon_standard",
    "display" : "Howmedica: Duracon Standard",
    "definition" : "Howmedica: Duracon Standard (Femur)"
  },
  {
    "code" : "howmedica_duracon_stemmed_stabilizer",
    "display" : "Howmedica: Duracon Stemmed Stabilizer",
    "definition" : "Howmedica: Duracon Stemmed Stabilizer (Femur)"
  },
  {
    "code" : "howmedica_duracon_universal",
    "display" : "Howmedica: Duracon Universal",
    "definition" : "Howmedica: Duracon Universal (Tibia)"
  },
  {
    "code" : "howmedica_interax",
    "display" : "Howmedica: Interax",
    "definition" : "Howmedica: Interax (Tibia)"
  },
  {
    "code" : "howmedica_interax_stabilizer",
    "display" : "Howmedica: Interax Stabiliser",
    "definition" : "Howmedica: Interax Stabiliser (Femur)"
  },
  {
    "code" : "howmedica_interax_standard",
    "display" : "Howmedica: Interax Standard",
    "definition" : "Howmedica: Interax Standard (Femur)"
  },
  {
    "code" : "howmedica_kinemax_plus_stabilizer",
    "display" : "Howmedica: Kinemax Plus Stabilizer",
    "definition" : "Howmedica: Kinemax Plus Stabilizer (Femur)"
  },
  {
    "code" : "howmedica_kinemax_plus_standard",
    "display" : "Howmedica: Kinemax Plus Standard",
    "definition" : "Howmedica: Kinemax Plus Standard (Femur + Tibia)"
  },
  {
    "code" : "howmedica_kinemax_plus_superstabilizer",
    "display" : "Howmedica: Kinemax Plus Superstabilizer",
    "definition" : "Howmedica: Kinemax Plus Superstabilizer (Femur + Tibia)"
  },
  {
    "code" : "implex_cks_all_poly",
    "display" : "Implex: CKS All Poly",
    "definition" : "Implex: CKS All Poly (Tibia)"
  },
  {
    "code" : "implex_cks_continuum_posterior_stabilized",
    "display" : "Implex: CKS Continuum Posterior Stabilized",
    "definition" : "Implex: CKS Continuum Posterior Stabilized (Femur)"
  },
  {
    "code" : "implex_cks_modular",
    "display" : "Implex: CKS Modular",
    "definition" : "Implex: CKS Modular (Tibia)"
  },
  {
    "code" : "implex_cks_primary",
    "display" : "Implex: CKS Primary",
    "definition" : "Implex: CKS Primary (Femur)"
  },
  {
    "code" : "insall_burstein",
    "display" : "Insall-Burstein",
    "definition" : "Insall-Burstein (Tibia)"
  },
  {
    "code" : "johnson&johnson_attune_crs",
    "display" : "Johnson & Johnson: Attune CRS (Constrained Revision System)",
    "definition" : "Johnson & Johnson: Attune CRS (Constrained Revision System) (Femur)"
  },
  {
    "code" : "johnson&johnson_attune_fb",
    "display" : "Johnson & Johnson: Attune FB",
    "definition" : "Johnson & Johnson: Attune FB (Tibia)"
  },
  {
    "code" : "johnson&johnson_attune_fixed_crs",
    "display" : "Johnson & Johnson: Attune Fixed CRS (Constrained Revision System)",
    "definition" : "Johnson & Johnson: Attune Fixed CRS (Constrained Revision System) (Tibia)"
  },
  {
    "code" : "johnson&johnson_attune_mbt_crs",
    "display" : "Johnson & Johnson: Attune Revision Tibial Base Rotating Platform",
    "definition" : "Johnson & Johnson: Attune Revision Tibial Base Rotating Platform (Tibia)"
  },
  {
    "code" : "johnson&johnson_attune_rotation_platfom",
    "display" : "Johnson & Johnson: Attune Rotation Platfom",
    "definition" : "Johnson & Johnson: Attune Rotation Platfom (Tibia)"
  },
  {
    "code" : "johnson&johnson_pfc_cruciate_substituting",
    "display" : "Johnson & Johnson: PFC Crusiate-Substituting",
    "definition" : "Johnson & Johnson: PFC Crusiate-Substituting (Tibia)"
  },
  {
    "code" : "johnson&johnson_pfc_modular",
    "display" : "Johnson & Johnson: PFC Modular",
    "definition" : "Johnson & Johnson: PFC Modular (Tibia)"
  },
  {
    "code" : "johnson&johnson_pfc_sigma_all_poly",
    "display" : "Johnson & Johnson: PFC Sigma All-Poly",
    "definition" : "Johnson & Johnson: PFC Sigma All-Poly (Tibia)"
  },
  {
    "code" : "johnson&johnson_pfc_sigma_cruciate_retaining",
    "display" : "Johnson & Johnson: PFC Sigma Cruciate-Retaining",
    "definition" : "Johnson & Johnson: PFC Sigma Cruciate-Retaining (Femur + Tibia)"
  },
  {
    "code" : "johnson&johnson_pfc_sigma_cruciate_substituting",
    "display" : "Johnson & Johnson: PFC Sigma Cruciate-Substituting",
    "definition" : "Johnson & Johnson: PFC Sigma Cruciate-Substituting (Femur)"
  },
  {
    "code" : "johnson&johnson_pfc_sigma_ps",
    "display" : "Johnson & Johnson: PFC Sigma PS",
    "definition" : "Johnson & Johnson: PFC Sigma PS (Tibia)"
  },
  {
    "code" : "johnson&johnson_pfc_sigma_revision_tc3",
    "display" : "Johnson & Johnson: PFC Sigma Revision and TC3",
    "definition" : "Johnson & Johnson: PFC Sigma Revision and TC3 (Tibia)"
  },
  {
    "code" : "johnson&johnson_pfc_sigma_tc3",
    "display" : "Johnson & Johnson: PFC Sigma TC3",
    "definition" : "Johnson & Johnson: PFC Sigma TC3 (Femur)"
  },
  {
    "code" : "johnson&johnson_pfc_sigma_rotating_platform",
    "display" : "Johnson & Johnson: PFC Sigma Rotating Platform",
    "definition" : "Johnson & Johnson: PFC Sigma Rotating Platform (Tibia)"
  },
  {
    "code" : "johnson&johnson_pfc_sigma_rp_stabilized",
    "display" : "Johnson & Johnson: PFC Sigma RP Stabilized",
    "definition" : "Johnson & Johnson: PFC Sigma RP Stabilized (Tibia)"
  },
  {
    "code" : "johnson&johnson_pfc_standard",
    "display" : "Johnson & Johnson: PFC Standard",
    "definition" : "Johnson & Johnson: PFC Standard (Tibia)"
  },
  {
    "code" : "johnson&johnson_preservation_uni_all_poly",
    "display" : "Johnson & Johnson: Preservation uni all poly",
    "definition" : "Johnson & Johnson: Preservation uni all poly (Tibia)"
  },
  {
    "code" : "johnson&johnson_preservation_uni_tray",
    "display" : "Johnson & Johnson: Preservation uni tray",
    "definition" : "Johnson & Johnson: Preservation uni tray (Tibia)"
  },
  {
    "code" : "johnson&johnson_s_rom_noiles",
    "display" : "Johnson & Johnson: S-ROM Noiles",
    "definition" : "Johnson & Johnson: S-ROM Noiles (Femur + Tibia)"
  },
  {
    "code" : "legion_oxinium_cr",
    "display" : "Legion: Oxinium CR",
    "definition" : "Legion: Oxinium CR (Femur)"
  },
  {
    "code" : "limb_preservation_system_distal_femur",
    "display" : "Limb Preservation System Distal Femur",
    "definition" : "Limb Preservation System Distal Femur (Femur)"
  },
  {
    "code" : "link_endo_model_rotational",
    "display" : "LINK: Endo-Model Rotational",
    "definition" : "LINK: Endo-Model Rotational (Femur + Tibia)"
  },
  {
    "code" : "link_endo_model_sled_hemi",
    "display" : "LINK: Endo-Model Sled Hemi",
    "definition" : "LINK: Endo-Model Sled Hemi (Femur + Tibia)"
  },
  {
    "code" : "link_endo_model_total_hinge",
    "display" : "LINK: Endo-Model Total Hinge",
    "definition" : "LINK: Endo-Model Total Hinge (Femur + Tibia)"
  },
  {
    "code" : "link_lubinus_patella_femoral",
    "display" : "LINK: Lubinus Patella-Femoral",
    "definition" : "LINK: Lubinus Patella-Femoral (Femur + Tibia)"
  },
  {
    "code" : "link_st_georg",
    "display" : "LINK: St. Georg",
    "definition" : "LINK: St. Georg (Femur + Tibia)"
  },
  {
    "code" : "link_tack_cementless",
    "display" : "LINK: TACK Cementless",
    "definition" : "LINK: TACK Cementless (Femur + Tibia)"
  },
  {
    "code" : "maxim_constrained",
    "display" : "Maxim Constrained",
    "definition" : "Maxim Constrained (Tibia)"
  },
  {
    "code" : "maxim_ps",
    "display" : "Maxim PS",
    "definition" : "Maxim PS (Tibia)"
  },
  {
    "code" : "megasystem_c",
    "display" : "LINK: Megasystem C",
    "definition" : "LINK: Megasystem C (Femur + Tibia)"
  },
  {
    "code" : "nexgen_zuk",
    "display" : "Zimmer Biomet: NexGen Zuk",
    "definition" : "Zimmer Biomet: NexGen Zuk (Femur + Tibia)"
  },
  {
    "code" : "osteonics_7000_all_poly",
    "display" : "Osteonics: All Poly",
    "definition" : "Osteonics: All Poly (Tibia)"
  },
  {
    "code" : "osteonics_7000_modular",
    "display" : "Osteonics: 7000 Modular",
    "definition" : "Osteonics: 7000 Modular (Femur + Tibia)"
  },
  {
    "code" : "osteonics_7000_posterior_stabilized",
    "display" : "Osteonics: 7000 Posterior Stabilized",
    "definition" : "Osteonics: 7000 Posterior Stabilized (Femur)"
  },
  {
    "code" : "osteonics_7000_standard",
    "display" : "Osteonics: 7000 Standard",
    "definition" : "Osteonics: 7000 Standard (Femur + Tibia)"
  },
  {
    "code" : "oxford_domed_lateral_pkr",
    "display" : "Zimmer Biomet: Oxford domed lateral PKR",
    "definition" : "Zimmer Biomet: Oxford domed lateral PKR (Femur)"
  },
  {
    "code" : "oxford_phase_iii_alpha",
    "display" : "Zimmer Biomet: Oxford Phase III alpha",
    "definition" : "Zimmer Biomet: Oxford Phase III alpha (Tibia)"
  },
  {
    "code" : "oxford_2_peg",
    "display" : "Zimmer Biomet: Oxford 2-peg",
    "definition" : "Zimmer Biomet: Oxford 2-peg (Femur)"
  },
  {
    "code" : "persona_cr",
    "display" : "Zimmer Biomet: Persona CR",
    "definition" : "Zimmer Biomet: Persona CR (Femur + Tibia)"
  },
  {
    "code" : "persona_mc",
    "display" : "Zimmer Biomet: Persona MC",
    "definition" : "Zimmer Biomet: Persona MC (Tibia)"
  },
  {
    "code" : "persona_ps",
    "display" : "Zimmer Biomet: Persona PS",
    "definition" : "Zimmer Biomet: Persona PS (Femur + Tibia)"
  },
  {
    "code" : "persona_uc",
    "display" : "Zimmer Biomet: Persona UC",
    "definition" : "Zimmer Biomet: Persona UC (Tibia)"
  },
  {
    "code" : "persona_ppk",
    "display" : "Zimmer Biomet: Persona Partial Knee",
    "definition" : "Zimmer Biomet: Persona Partial Knee"
  },
  {
    "code" : "pfc_sigma_offset_tibial_tray",
    "display" : "PFC Sigma Offset Tibial Tray",
    "definition" : "PFC Sigma Offset Tibial Tray (Tibia)"
  },
  {
    "code" : "physica_cr",
    "display" : "Lima: Physica CR",
    "definition" : "Lima: Physica CR (Femur + Tibia)"
  },
  {
    "code" : "physica_kr",
    "display" : "Lima: Physica KR",
    "definition" : "Lima: Physica KR (Femur + Tibia)"
  },
  {
    "code" : "physica_ps",
    "display" : "Lima: Physica PS",
    "definition" : "Lima: Physica PS (Femur + Tibia)"
  },
  {
    "code" : "preservation",
    "display" : "Preservation",
    "definition" : "Preservation (Femur + Tibia)"
  },
  {
    "code" : "sigma_hp_partiel_knee",
    "display" : "Johnson & Johnson: Sigma HP Partial Knee",
    "definition" : "Johnson & Johnson: Sigma HP Partial Knee (Femur)"
  },
  {
    "code" : "sigma_hp_partiel_knee_all_poly",
    "display" : "Sigma HP Partial Knee all-poly",
    "definition" : "Sigma HP Partial Knee all-poly (Tibia)"
  },
  {
    "code" : "sigma_hp_partiel_knee_modular",
    "display" : "Johnson & Johnson: Sigma HP Partial Knee modular",
    "definition" : "Johnson & Johnson: Sigma HP Partial Knee modular (Tibia)"
  },
  {
    "code" : "smith&nephew_competitor_pfj",
    "display" : "Smith & Nephew: Competitor PFJ",
    "definition" : "Smith & Nephew: Competitor PFJ (Femur)"
  },
  {
    "code" : "smith&nephew_genesis",
    "display" : "Smith & Nephew: Genesis",
    "definition" : "Smith & Nephew: Genesis (Tibia)"
  },
  {
    "code" : "smith&nephew_genesis_all_poly",
    "display" : "Smith & Nephew: Genesis All-Poly",
    "definition" : "Smith & Nephew: Genesis All-Poly (Tibia)"
  },
  {
    "code" : "smith&nephew_genesis_cruciate_retaining",
    "display" : "Smith & Nephew: Genesis Cruciate-Retaining",
    "definition" : "Smith & Nephew: Genesis Cruciate-Retaining (Femur)"
  },
  {
    "code" : "smith&nephew_genesis_ii",
    "display" : "Smith & Nephew: Genesis II",
    "definition" : "Smith & Nephew: Genesis II (Tibia)"
  },
  {
    "code" : "smith&nephew_genesis_ii_all_poly",
    "display" : "Smith & Nephew: Genesis II All-Poly",
    "definition" : "Smith & Nephew: Genesis II All-Poly (Tibia)"
  },
  {
    "code" : "smith&nephew_genesis_ii_cruciate_retaining",
    "display" : "Smith & Nephew: Genesis II Cruciate Retaining",
    "definition" : "Smith & Nephew: Genesis II Cruciate Retaining (Femur)"
  },
  {
    "code" : "smith&nephew_genesis_ii_long_stem_taper",
    "display" : "Smith & Nephew: Genesis II Long Stem Taper",
    "definition" : "Smith & Nephew: Genesis II Long Stem Taper (Femur)"
  },
  {
    "code" : "smith&nephew_genesis_ii_posterior_stabilized",
    "display" : "Smith & Nephew: Genesis II Posterior Stabilized",
    "definition" : "Smith & Nephew: Genesis II Posterior Stabilized (Femur)"
  },
  {
    "code" : "smith&nephew_genesis_ii_ps_taper",
    "display" : "Smith & Nephew: Genesis II PS Taper",
    "definition" : "Smith & Nephew: Genesis II PS Taper (Femur)"
  },
  {
    "code" : "smith&nephew_genesis_ii_revision",
    "display" : "Smith & Nephew: Genesis II Revision",
    "definition" : "Smith & Nephew: Genesis II Revision (Femur + Tibia)"
  },
  {
    "code" : "smith&nephew_genesis_long_stem_taper",
    "display" : "Smith & Nephew: Genesis Long Stem Taper",
    "definition" : "Smith & Nephew: Genesis Long Stem Taper (Femur)"
  },
  {
    "code" : "smith&nephew_genesis_posterior_stabilized",
    "display" : "Smith & Nephew: Genesis Posterior Stabilized",
    "definition" : "Smith & Nephew: Genesis Posterior Stabilized (Femur)"
  },
  {
    "code" : "smith&nephew_genesis_ps_taper",
    "display" : "Smith & Nephew: Genesis PS Taper",
    "definition" : "Smith & Nephew: Genesis PS Taper (Femur)"
  },
  {
    "code" : "smith&nephew_genesis_revision",
    "display" : "Smith & Nephew: Genesis Revision",
    "definition" : "Smith & Nephew: Genesis Revision (Femur + Tibia)"
  },
  {
    "code" : "smith&nephew_genesis_genesis_uni",
    "display" : "Smith & Nephew: Genesis Uni",
    "definition" : "Smith & Nephew: Genesis Uni (Femur + Tibia)"
  },
  {
    "code" : "smith&nephew_genesis_journey_pfj",
    "display" : "Smith & Nephew: Journey PFJ",
    "definition" : "Smith & Nephew: Journey PFJ (Femur)"
  },
  {
    "code" : "smith&nephew_genesis_legion_cr_oxinium",
    "display" : "Smith & Nephew: Legion CR Oxinium",
    "definition" : "Smith & Nephew: Legion CR Oxinium (Femur)"
  },
  {
    "code" : "smith&nephew_genesis_patella_mod_iii_cartier",
    "display" : "Smith & Nephew: Patella Mod III Cartier",
    "definition" : "Smith & Nephew: Patella Mod III Cartier (Femur)"
  },
  {
    "code" : "smith&nephew_genesis_profix",
    "display" : "Smith & Nephew: Profix",
    "definition" : "Smith & Nephew: Profix (Femur + Tibia)"
  },
  {
    "code" : "smith&nephew_genesis_profix_all_poly",
    "display" : "Smith & Nephew: Profix All-Poly",
    "definition" : "Smith & Nephew: Profix All-Poly (Tibia)"
  },
  {
    "code" : "smith&nephew_genesis_profix_cruciate_retaining",
    "display" : "Smith & Nephew: Profix Cruciate Retaining",
    "definition" : "Smith & Nephew: Profix Cruciate Retaining (Femur)"
  },
  {
    "code" : "smith&nephew_genesis_profix_long_stem_taper",
    "display" : "Smith & Nephew: Profix Long Stem Taper",
    "definition" : "Smith & Nephew: Profix Long Stem Taper (Femur)"
  },
  {
    "code" : "smith&nephew_genesis_profix_posterior_stabilized",
    "display" : "Smith & Nephew: Profix Posterior Stabilized",
    "definition" : "Smith & Nephew: Profix Posterior Stabilized (Femur)"
  },
  {
    "code" : "smith&nephew_genesis_profix_ps_taper",
    "display" : "Smith & Nephew: Profix PS Taper",
    "definition" : "Smith & Nephew: Profix PS Taper (Femur)"
  },
  {
    "code" : "smith&nephew_genesis_profix_revision",
    "display" : "Smith & Nephew: Profix Revision",
    "definition" : "Smith & Nephew: Profix Revision (Femur + Tibia)"
  },
  {
    "code" : "stryker_howmetica_avon",
    "display" : "Stryker/Howmetica: Avon",
    "definition" : "Stryker/Howmetica: Avon (Femur)"
  },
  {
    "code" : "stryker_gmrs",
    "display" : "Stryker: GMRS",
    "definition" : "Stryker: GMRS (Femur + Tibia)"
  },
  {
    "code" : "stryker_modular_rotating_hinge",
    "display" : "Stryker: Modular Rotating Hinge",
    "definition" : "Stryker: Modular Rotating Hinge (Femur + Tibia)"
  },
  {
    "code" : "stryker_restoris_pfa",
    "display" : "Stryker: Restoris PFA",
    "definition" : "Stryker: Restoris PFA"
  },
  {
    "code" : "stryker_restoris_medial_uni",
    "display" : "Stryker: Restoris Medial Uni",
    "definition" : "Stryker: Restoris Medial Uni"
  },
  {
    "code" : "stryker_restoris_lateral_uni",
    "display" : "Stryker: Restoris Lateral Uni",
    "definition" : "Stryker: Restoris Lateral Uni"
  },
  {
    "code" : "stryker_scorpio",
    "display" : "Stryker: Scorpio",
    "definition" : "Stryker: Scorpio (Tibia)"
  },
  {
    "code" : "stryker_scorpio_all_poly",
    "display" : "Stryker: Scorpio All Poly",
    "definition" : "Stryker: Scorpio All Poly (Tibia)"
  },
  {
    "code" : "stryker_scorpio_cr",
    "display" : "Stryker: Scorpio CR",
    "definition" : "Stryker: Scorpio CR (Femur)"
  },
  {
    "code" : "stryker_scorpio_mobile_bearing",
    "display" : "Stryker: Scorpio + Mobile bearing",
    "definition" : "Stryker: Scorpio + Mobile bearing (Tibia)"
  },
  {
    "code" : "stryker_scorpio_ps",
    "display" : "Stryker: Scorpio PS",
    "definition" : "Stryker: Scorpio PS (Femur)"
  },
  {
    "code" : "stryker_scorpio_ts",
    "display" : "Stryker: Scorpio TS",
    "definition" : "Stryker: Scorpio TS (Femur + Tibia)"
  },
  {
    "code" : "stryker_triathlon",
    "display" : "Stryker: Triathlon",
    "definition" : "Stryker: Triathlon (Tibia)"
  },
  {
    "code" : "stryker_triathlon_all_poly",
    "display" : "Stryker: Triathlon All Poly",
    "definition" : "Stryker: Triathlon All Poly (Tibia)"
  },
  {
    "code" : "stryker_triathlon_cr",
    "display" : "Stryker: Triathlon CR",
    "definition" : "Stryker: Triathlon CR (Femur)"
  },
  {
    "code" : "stryker_thriathlon_pkr",
    "display" : "Stryker: Triathlon PKR",
    "definition" : "Stryker: Triathlon PKR (Femur + Tibia)"
  },
  {
    "code" : "stryker_thriathlon_ps",
    "display" : "Stryker: Triathlon PS",
    "definition" : "Stryker: Triathlon PS (Femur)"
  },
  {
    "code" : "stryker_thriathlon_ts",
    "display" : "Stryker: Triathlon TS",
    "definition" : "Stryker: Triathlon TS (Femur + Tibia)"
  },
  {
    "code" : "stryker_triathlon_universal",
    "display" : "Stryker: Triathlon Universal",
    "definition" : "Stryker: Triathlon Universal (Tibia)"
  },
  {
    "code" : "vanguard_da_360",
    "display" : "Vanguard: DA 360",
    "definition" : "Vanguard: DA 360 (Femur)"
  },
  {
    "code" : "vanguard_da_360_tibia_tray",
    "display" : "Vanguard DA 360 tibia tray",
    "definition" : "Vanguard DA 360 tibia tray (Tibia)"
  },
  {
    "code" : "vanguard_rocc_femur_pps_ha_biomet",
    "display" : "Vanguard: ROCC - Femur PPS + HA Biomet",
    "definition" : "Vanguard: ROCC - Femur PPS + HA Biomet (Femur)"
  },
  {
    "code" : "vanguard_ssk_360",
    "display" : "Vanguard: SSK 360",
    "definition" : "Vanguard: SSK 360 (Femur)"
  },
  {
    "code" : "vanguard_ssk_360_tibia_tray",
    "display" : "Vanguard: SSK 360 tibia tray",
    "definition" : "Vanguard SSK 360 tibia tray (Tibia)"
  },
  {
    "code" : "vanguard_xp",
    "display" : "Vanguard: XP",
    "definition" : "Vanguard: XP (Femur + Tibia)"
  },
  {
    "code" : "vanguard_xp_cr",
    "display" : "Vanguard: XP CR",
    "definition" : "Vanguard XP CR (Tibia)"
  },
  {
    "code" : "wright_advance_medial_pivot",
    "display" : "Wright: Advance Medial Pivot",
    "definition" : "Wright: Advance Medial Pivot (Femur + Tibia)"
  },
  {
    "code" : "wright_advance_revision",
    "display" : "Wright: Advance Revision",
    "definition" : "Wright: Advance Revision (Femur)"
  },
  {
    "code" : "wright_advance_revision_constrained",
    "display" : "Wright: Advance Revision, Constrained",
    "definition" : "Wright: Advance Revision, Constrained (Tibia)"
  },
  {
    "code" : "wright_advance_revision_ps",
    "display" : "Wright: Advance Revision, PS",
    "definition" : "Wright: Advance Revision, PS (Tibia)"
  },
  {
    "code" : "wright_advance_statures",
    "display" : "Wright: Advance Stature",
    "definition" : "Wright: Advance Stature (Femur)"
  },
  {
    "code" : "wright_advance_stemmet",
    "display" : "Wright: Advance Stemmet",
    "definition" : "Wright: Advance Stemmet (Femur)"
  },
  {
    "code" : "zimmer_biomet_oxford_lateral_fixed_bearing",
    "display" : "Zimmer-Biomet: Oxford Lateral Fixed Bearing",
    "definition" : "Zimmer-Biomet: Oxford Lateral Fixed Bearing (Tibia)"
  },
  {
    "code" : "zimmer_insall_burstein",
    "display" : "Zimmer: Insall-Burstein",
    "definition" : "Zimmer: Insall-Burstein (Femur)"
  },
  {
    "code" : "zimmer_miller_galante",
    "display" : "Zimmer: Miller Galante",
    "definition" : "Zimmer: Miller Galante (Femur + Tibia)"
  },
  {
    "code" : "zimmer_nexgen_cr",
    "display" : "Zimmer Biomet: NexGen CR",
    "definition" : "Zimmer Biomet: NexGen CR (Femur + Tibia)"
  },
  {
    "code" : "zimmer_nexgen_cr_flex",
    "display" : "Zimmer: NexGen CR Flex",
    "definition" : "Zimmer: NexGen CR Flex (Femur + Tibia)"
  },
  {
    "code" : "zimmer_nexgen_cr_flex_gender",
    "display" : "Zimmer: NexGen CR Flex Gender",
    "definition" : "Zimmer: NexGen CR Flex Gender (Femur)"
  },
  {
    "code" : "zimmer_nexgen_cr_modular_tmt",
    "display" : "Zimmer Biomet: NexGen CR modulær TMT",
    "definition" : "Zimmer Biomet: NexGen CR modulær TMT (Tibia)"
  },
  {
    "code" : "zimmer_nexgen_cr_monoblock_tmt",
    "display" : "Zimmer Biomet: NexGen CR Monoblok, TMT",
    "definition" : "Zimmer Biomet: NexGen CR Monoblok, TMT (Tibia)"
  },
  {
    "code" : "zimmer_nexgen_lcck",
    "display" : "Zimmer Biomet: NexGen LCCK",
    "definition" : "Zimmer Biomet: NexGen LCCK (Femur + Tibia)"
  },
  {
    "code" : "zimmer_nexgen_lps",
    "display" : "Zimmer Biomet: NexGen LPS",
    "definition" : "Zimmer Biomet: NexGen LPS (Femur + Tibia)"
  },
  {
    "code" : "zimmer_nexgen_lps_flex",
    "display" : "Zimmer Biomet: NexGen LPS Flex",
    "definition" : "Zimmer Biomet: NexGen LPS Flex (Femur + Tibia)"
  },
  {
    "code" : "zimmer_nexgen_lps_modular_tmt",
    "display" : "Zimmer Biomet: NexGen LPS Modulær TMT",
    "definition" : "Zimmer Biomet: NexGen LPS Modulær TMT (Tibia)"
  },
  {
    "code" : "zimmer_nexgen_lps_monoblock_tmt",
    "display" : "Zimmer Biomet: NexGen LPS Monoblok TMT",
    "definition" : "Zimmer Biomet: NexGen LPS Monoblok TMT (Tibia)"
  },
  {
    "code" : "zimmer_nexgen_rhk",
    "display" : "Zimmer Biomet: NexGen RHK",
    "definition" : "Zimmer Biomet: NexGen RHK (Femur + Tibia)"
  },
  {
    "code" : "zimmer_nexgen_pfj",
    "display" : "Zimmer Biomet: PFJ",
    "definition" : "Zimmer Biomet: PFJ (Femur)"
  },
  {
    "code" : "zimmer_segmental_system",
    "display" : "Zimmer: Segmental System",
    "definition" : "Zimmer: Segmental System (Femur)"
  }]
}