{
  "resourceType" : "CodeSystem",
  "id" : "DiseasesUnspecified",
  "text" : {
    "status" : "generated",
    "div" : "<div xmlns=\"http://www.w3.org/1999/xhtml\"><p class=\"res-header-id\"><b>Generated Narrative: CodeSystem DiseasesUnspecified</b></p><a name=\"DiseasesUnspecified\"> </a><a name=\"hcDiseasesUnspecified\"> </a><a name=\"DiseasesUnspecified-en-US\"> </a><p>This case-insensitive code system <code>https://kip.rkkp.dk/fhir/CodeSystem/DiseasesUnspecified</code> defines the following codes in an undefined hierarchy:</p><table class=\"codes\"><tr><td><b>Lvl</b></td><td style=\"white-space:nowrap\"><b>Code</b></td><td><b>Display</b></td><td><b>Definition</b></td></tr><tr><td>1</td><td style=\"white-space:nowrap\">diabetes<a name=\"DiseasesUnspecified-diabetes\"> </a></td><td>Diabetes</td><td>Diabetes / Diabetes</td></tr><tr><td>1</td><td style=\"white-space:nowrap\">heart_disease<a name=\"DiseasesUnspecified-heart_disease\"> </a></td><td>Heart disease</td><td>Heart disease / Hjertesygdom</td></tr><tr><td>1</td><td style=\"white-space:nowrap\">lung_disease<a name=\"DiseasesUnspecified-lung_disease\"> </a></td><td>Lung disease</td><td>Lung disease / Lungesygdom</td></tr><tr><td>1</td><td style=\"white-space:nowrap\">al<a name=\"DiseasesUnspecified-al\"> </a></td><td>Akut leukæmi (AL)</td><td>Akut leumæmi (AL)</td></tr><tr><td>1</td><td style=\"white-space:nowrap\">cll<a name=\"DiseasesUnspecified-cll\"> </a></td><td>Kronisk lymfatisk leukæmi (CLL)</td><td>Kronisk lymfatisk leukæmi (CLL)</td></tr><tr><td>1</td><td style=\"white-space:nowrap\">lymfom<a name=\"DiseasesUnspecified-lymfom\"> </a></td><td>Lymfom (LYFO)</td><td>Lymfom (LYFO)</td></tr><tr><td>1</td><td style=\"white-space:nowrap\">mds<a name=\"DiseasesUnspecified-mds\"> </a></td><td>Myelodysplasi (MDS)</td><td>Myelodysplasi (MDS)</td></tr><tr><td>1</td><td style=\"white-space:nowrap\">myeloproliferativ_sygdom<a name=\"DiseasesUnspecified-myeloproliferativ_sygdom\"> </a></td><td>Myeloproliferativ sygdom</td><td>Myeloproliferativ sygdom</td></tr><tr><td>1</td><td style=\"white-space:nowrap\">myelomatose<a name=\"DiseasesUnspecified-myelomatose\"> </a></td><td>Myelomatose</td><td>Myelomatose</td></tr><tr><td>1</td><td style=\"white-space:nowrap\">M96903<a name=\"DiseasesUnspecified-M96903\"> </a></td><td>Follikulært lymfom ukendt grad</td><td>Follikulært lymfom ukendt grad</td></tr><tr><td>1</td><td style=\"white-space:nowrap\">M96913<a name=\"DiseasesUnspecified-M96913\"> </a></td><td>Follikulært lymfom grad 1</td><td>Follikulært lymfom grad 1</td></tr><tr><td>1</td><td style=\"white-space:nowrap\">M96953<a name=\"DiseasesUnspecified-M96953\"> </a></td><td>Follikulært lymfom grad 2</td><td>Follikulært lymfom grad 2</td></tr><tr><td>1</td><td style=\"white-space:nowrap\">M96983<a name=\"DiseasesUnspecified-M96983\"> </a></td><td>Follikulært lymfom grad 3</td><td>Follikulært lymfom grad 3</td></tr><tr><td>1</td><td style=\"white-space:nowrap\">amyloidose&lt;2012<a name=\"DiseasesUnspecified-amyloidose.602012\"> </a></td><td>Amyloidose før 2012</td><td>Amyloidose før 2012</td></tr><tr><td>1</td><td style=\"white-space:nowrap\">all&lt;2005<a name=\"DiseasesUnspecified-all.602005\"> </a></td><td>ALL før 2005</td><td>ALL før 2005</td></tr><tr><td>1</td><td style=\"white-space:nowrap\">all&lt;2000<a name=\"DiseasesUnspecified-all.602000\"> </a></td><td>AML før 2000</td><td>AML før 2000</td></tr><tr><td>1</td><td style=\"white-space:nowrap\">cll&lt;2008<a name=\"DiseasesUnspecified-cll.602008\"> </a></td><td>CLL før 2008</td><td>CLL før 2008</td></tr><tr><td>1</td><td style=\"white-space:nowrap\">hodgkin&lt;1998<a name=\"DiseasesUnspecified-hodgkin.601998\"> </a></td><td>Hodgkin diagnosticeret før 1998 (2000 ØstDK)</td><td>Hodgkin diagnosticeret før 1998 (2000 ØstDK)</td></tr><tr><td>1</td><td style=\"white-space:nowrap\">lymfom&lt;1983<a name=\"DiseasesUnspecified-lymfom.601983\"> </a></td><td>Lymfom diagnosticeret før 1983 (2000 ØstDK)</td><td>Lymfom diagnosticeret før 1983 (2000 ØstDK)</td></tr><tr><td>1</td><td style=\"white-space:nowrap\">mds&lt;2010<a name=\"DiseasesUnspecified-mds.602010\"> </a></td><td>MDS diagnosticeret før 2010</td><td>MDS diagnosticeret før 2010</td></tr><tr><td>1</td><td style=\"white-space:nowrap\">mgus&lt;2013<a name=\"DiseasesUnspecified-mgus.602013\"> </a></td><td>MGUS eller Amyloidose før 2013</td><td>MGUS eller Amyloidose før 2013</td></tr><tr><td>1</td><td style=\"white-space:nowrap\">myelom&lt;2005<a name=\"DiseasesUnspecified-myelom.602005\"> </a></td><td>Myelomatose diagnosticeret før 2005</td><td>Myelomatose diagnosticeret før 2005</td></tr><tr><td>1</td><td style=\"white-space:nowrap\">mpn&lt;2010<a name=\"DiseasesUnspecified-mpn.602010\"> </a></td><td>Myeloproliferativ sygdom diagnosticeret før 2010</td><td>Myeloproliferativ sygdom diagnosticeret før 2010</td></tr><tr><td>1</td><td style=\"white-space:nowrap\">leukaemi_haarcelle<a name=\"DiseasesUnspecified-leukaemi_haarcelle\"> </a></td><td>Hårcelle leukæmi</td><td>Hårcelle leukæmi</td></tr><tr><td>1</td><td style=\"white-space:nowrap\">lgl<a name=\"DiseasesUnspecified-lgl\"> </a></td><td>Large Granular Leukemia (LGL)</td><td>Large Granular Leukemia (LGL)</td></tr><tr><td>1</td><td style=\"white-space:nowrap\">t_pll<a name=\"DiseasesUnspecified-t_pll\"> </a></td><td>T-Prolymfocytleukæmi</td><td>T-Prolymfocytleukæmi</td></tr><tr><td>1</td><td style=\"white-space:nowrap\">myelodysplastic_syndrome<a name=\"DiseasesUnspecified-myelodysplastic_syndrome\"> </a></td><td>Myelodysplastic syndrome</td><td>Myelodysplastic syndrome / Myelodyspl. syndrom (undt. CMML)</td></tr><tr><td>1</td><td style=\"white-space:nowrap\">chronic_myelomonocytic_leukemia<a name=\"DiseasesUnspecified-chronic_myelomonocytic_leukemia\"> </a></td><td>Chronic myelomonocytic leukemia (CMML)</td><td>Chronic myelomonocytic leukemia / CMML (Kronisk MyeloMonocytLeuk.)</td></tr><tr><td>1</td><td style=\"white-space:nowrap\">essential_thrombocytosis<a name=\"DiseasesUnspecified-essential_thrombocytosis\"> </a></td><td>Essential thrombocytosis</td><td>Essential thrombocytosis / Ess. thrombocytose</td></tr><tr><td>1</td><td style=\"white-space:nowrap\">polycythemia_vera<a name=\"DiseasesUnspecified-polycythemia_vera\"> </a></td><td>Polycythemia vera</td><td>Polycythemia vera / Polycytæmia vera</td></tr><tr><td>1</td><td style=\"white-space:nowrap\">myelofibrosis<a name=\"DiseasesUnspecified-myelofibrosis\"> </a></td><td>Myelofibrosis</td><td>Myelofibrosis / Myelofibrose</td></tr><tr><td>2</td><td style=\"white-space:nowrap\">\u00a0\u00a0primary<a name=\"DiseasesUnspecified-primary\"> </a></td><td>Primary myelofibrosis</td><td>Primary myelofibrosis / Primær Myelofibrose</td></tr><tr><td>2</td><td style=\"white-space:nowrap\">\u00a0\u00a0prefibrotic<a name=\"DiseasesUnspecified-prefibrotic\"> </a></td><td>Prefibrotic myelofibrosis</td><td>Prefibrotic myelofibrosis / Præfibrotisk Myelofibrose</td></tr><tr><td>1</td><td style=\"white-space:nowrap\">smouldering_mm<a name=\"DiseasesUnspecified-smouldering_mm\"> </a></td><td>Smouldering MM</td><td>Smouldering MM</td></tr><tr><td>1</td><td style=\"white-space:nowrap\">myelomatosis<a name=\"DiseasesUnspecified-myelomatosis\"> </a></td><td>Myelomatosis</td><td>Myelomatosis / Myelomatose</td></tr><tr><td>1</td><td style=\"white-space:nowrap\">solitary_myelom_osseus<a name=\"DiseasesUnspecified-solitary_myelom_osseus\"> </a></td><td>Solitary myelom (osseus)</td><td>Solitary myelom (osseus) / Solitært myelom (ossøst)</td></tr><tr><td>1</td><td style=\"white-space:nowrap\">solitary_myelom_extra_osseus<a name=\"DiseasesUnspecified-solitary_myelom_extra_osseus\"> </a></td><td>Solitary myelom (extra osseus)</td><td>Solitary myelom (extra osseus) / Solitært myelom (ekstraossøst)</td></tr><tr><td>1</td><td style=\"white-space:nowrap\">plasma_cell_leukemia<a name=\"DiseasesUnspecified-plasma_cell_leukemia\"> </a></td><td>Plasma cell leukemia</td><td>Plasma cell leukemia / Plasmacelleleukæmi</td></tr><tr><td>1</td><td style=\"white-space:nowrap\">DD472<a name=\"DiseasesUnspecified-DD472\"> </a></td><td>Monoklonal gammopati med ubestemt signifikans (MGUS)</td><td>Monoklonal gammopati med ubestemt signifikans (MGUS)</td></tr><tr><td>1</td><td style=\"white-space:nowrap\">ZM973A3<a name=\"DiseasesUnspecified-ZM973A3\"> </a></td><td>Osteosklerotisk myelom (POEMS syndrom)</td><td>Osteosklerotisk myelom (POEMS syndrom)</td></tr><tr><td>1</td><td style=\"white-space:nowrap\">paraprotein_associated_polyneuropathy<a name=\"DiseasesUnspecified-paraprotein_associated_polyneuropathy\"> </a></td><td>Paraprotein associated polyneuropathy</td><td>Paraprotein associated polyneuropathy / Paraprotein associeret polyneuropati</td></tr><tr><td>1</td><td style=\"white-space:nowrap\">chronic_myeloid_leukemia<a name=\"DiseasesUnspecified-chronic_myeloid_leukemia\"> </a></td><td>Chronic myeloid leukemia</td><td>Chronic myeloid leukemia / Kronisk Myeloid Leukæmi (BCR-ABL1 positiv) (CML)</td></tr><tr><td>1</td><td style=\"white-space:nowrap\">myeloproliferative_unclassified<a name=\"DiseasesUnspecified-myeloproliferative_unclassified\"> </a></td><td>Unclassified myeloproliferative</td><td>Unclassified myeloproliferative / Uklassificerbar Myeloproliferativ sygdom</td></tr><tr><td>1</td><td style=\"white-space:nowrap\">anemia<a name=\"DiseasesUnspecified-anemia\"> </a></td><td>Anemia</td><td>Anemia / Anæmi</td></tr><tr><td>1</td><td style=\"white-space:nowrap\">thrombocytopenic_disorder<a name=\"DiseasesUnspecified-thrombocytopenic_disorder\"> </a></td><td>Thrombocytopenic disorder</td><td>Thrombocytopenic disorder / Trombocytopeni</td></tr><tr><td>1</td><td style=\"white-space:nowrap\">neutropenia<a name=\"DiseasesUnspecified-neutropenia\"> </a></td><td>Neutropenia</td><td>Neutropenia / Neutropeni</td></tr><tr><td>1</td><td style=\"white-space:nowrap\">alzheimers_dementia<a name=\"DiseasesUnspecified-alzheimers_dementia\"> </a></td><td>Alzheimers demens</td><td>Alzheimers demens</td></tr><tr><td>1</td><td style=\"white-space:nowrap\">lewy_body_dementia<a name=\"DiseasesUnspecified-lewy_body_dementia\"> </a></td><td>Lewy Body demens</td><td>Lewy Body demens</td></tr><tr><td>1</td><td style=\"white-space:nowrap\">parkinson_dementia<a name=\"DiseasesUnspecified-parkinson_dementia\"> </a></td><td>Parkinson demens</td><td>Parkinson demens</td></tr><tr><td>1</td><td style=\"white-space:nowrap\">vascular_dementia<a name=\"DiseasesUnspecified-vascular_dementia\"> </a></td><td>Vaskulær demens</td><td>Vaskulær demens</td></tr><tr><td>1</td><td style=\"white-space:nowrap\">mixed_dementia<a name=\"DiseasesUnspecified-mixed_dementia\"> </a></td><td>Mixed demens (Alzheimers + vaskulær)</td><td>Mixed demens (Alzheimers + vaskulær)</td></tr><tr><td>1</td><td style=\"white-space:nowrap\">frontotemporal_dementia<a name=\"DiseasesUnspecified-frontotemporal_dementia\"> </a></td><td>Frontotemporal demens</td><td>Frontotemporal demens</td></tr><tr><td>1</td><td style=\"white-space:nowrap\">atypical_parkinson_dementia<a name=\"DiseasesUnspecified-atypical_parkinson_dementia\"> </a></td><td>Atypisk Parkinson demens</td><td>Atypisk Parkinson demens</td></tr><tr><td>1</td><td style=\"white-space:nowrap\">hydrocephalus_dementia<a name=\"DiseasesUnspecified-hydrocephalus_dementia\"> </a></td><td>Normaltryks hydrocephalus demens</td><td>Normaltryks hydrocephalus demens</td></tr><tr><td>1</td><td style=\"white-space:nowrap\">huntingtons_chorea_dementia<a name=\"DiseasesUnspecified-huntingtons_chorea_dementia\"> </a></td><td>Huntingtons Chorea demens</td><td>Huntingtons Chorea demens</td></tr><tr><td>1</td><td style=\"white-space:nowrap\">alchohol_dementia<a name=\"DiseasesUnspecified-alchohol_dementia\"> </a></td><td>Alkohol demens</td><td>Alkohol demens</td></tr><tr><td>1</td><td style=\"white-space:nowrap\">neurodegenerative_dementia<a name=\"DiseasesUnspecified-neurodegenerative_dementia\"> </a></td><td>Neurodegenerativ demens</td><td>Neurodegenerativ demens</td></tr><tr><td>1</td><td style=\"white-space:nowrap\">not_affective_dementia<a name=\"DiseasesUnspecified-not_affective_dementia\"> </a></td><td>Ikke-affektiv demens</td><td>Ikke-affektiv demens</td></tr><tr><td>1</td><td style=\"white-space:nowrap\">affective_dementia<a name=\"DiseasesUnspecified-affective_dementia\"> </a></td><td>Affektiv demens</td><td>Affektiv demens</td></tr><tr><td>1</td><td style=\"white-space:nowrap\">ventral_hernia<a name=\"DiseasesUnspecified-ventral_hernia\"> </a></td><td/><td/></tr><tr><td>2</td><td style=\"white-space:nowrap\">\u00a0\u00a0incisional<a name=\"DiseasesUnspecified-incisional\"> </a></td><td>Incisional</td><td>Incisional / Incisionelt</td></tr><tr><td>3</td><td style=\"white-space:nowrap\">\u00a0\u00a0\u00a0\u00a0length_cicatrice<a name=\"DiseasesUnspecified-length_cicatrice\"> </a></td><td/><td/></tr><tr><td>3</td><td style=\"white-space:nowrap\">\u00a0\u00a0\u00a0\u00a0cross_cicatrice<a name=\"DiseasesUnspecified-cross_cicatrice\"> </a></td><td/><td/></tr><tr><td>2</td><td style=\"white-space:nowrap\">\u00a0\u00a0umbilical<a name=\"DiseasesUnspecified-umbilical\"> </a></td><td>Umbilical</td><td>Umbilical / Umbilicalt</td></tr><tr><td>2</td><td style=\"white-space:nowrap\">\u00a0\u00a0linea_alba<a name=\"DiseasesUnspecified-linea_alba\"> </a></td><td>Linea alba</td><td>Linea alba</td></tr><tr><td>2</td><td style=\"white-space:nowrap\">\u00a0\u00a0spiegel<a name=\"DiseasesUnspecified-spiegel\"> </a></td><td>Spiegel</td><td>Spiegel</td></tr><tr><td>2</td><td style=\"white-space:nowrap\">\u00a0\u00a0stomi<a name=\"DiseasesUnspecified-stomi\"> </a></td><td>Stomi</td><td>Stomi</td></tr><tr><td>3</td><td style=\"white-space:nowrap\">\u00a0\u00a0\u00a0\u00a0stomi_herniotomi<a name=\"DiseasesUnspecified-stomi_herniotomi\"> </a></td><td>Stomi and herniotomi</td><td>Stomi and herniotomi / Stomi og herniotomi</td></tr><tr><td>2</td><td style=\"white-space:nowrap\">\u00a0\u00a0port<a name=\"DiseasesUnspecified-port\"> </a></td><td>Port</td><td>Port</td></tr><tr><td>1</td><td style=\"white-space:nowrap\">colostomy<a name=\"DiseasesUnspecified-colostomy\"> </a></td><td>Colostomy</td><td>Colostomy / Colostomi / SNOMED-CT: 264585001</td></tr><tr><td>1</td><td style=\"white-space:nowrap\">ileostomy<a name=\"DiseasesUnspecified-ileostomy\"> </a></td><td>Ileostomy</td><td>Ileostomy / Ileostomi / SNOMED-CT: 264364002</td></tr><tr><td>1</td><td style=\"white-space:nowrap\">urologicalstomy<a name=\"DiseasesUnspecified-urologicalstomy\"> </a></td><td>Urological stomy</td><td>Urological stomy / Urostomi / SNOMED-CT: 281601009</td></tr><tr><td>1</td><td style=\"white-space:nowrap\">DC00-DC14<a name=\"DiseasesUnspecified-DC00-DC14\"> </a></td><td>Kræft i læber, mundhule og svælg</td><td>Kræft i læber, mundhule og svælg</td></tr><tr><td>1</td><td style=\"white-space:nowrap\">DC15<a name=\"DiseasesUnspecified-DC15\"> </a></td><td>Kræft i spiserøret</td><td>Kræft i spiserøret</td></tr><tr><td>1</td><td style=\"white-space:nowrap\">DC16<a name=\"DiseasesUnspecified-DC16\"> </a></td><td>Kræft i mavesækken</td><td>Kræft i mavesækken</td></tr><tr><td>1</td><td style=\"white-space:nowrap\">DC17<a name=\"DiseasesUnspecified-DC17\"> </a></td><td>Kræft i tyndtarmen</td><td>Kræft i tyndtarmen</td></tr><tr><td>1</td><td style=\"white-space:nowrap\">DC18-DC20<a name=\"DiseasesUnspecified-DC18-DC20\"> </a></td><td>Kræft i tyktarm og endetarm</td><td>Kræft i tyktarm og endetarm</td></tr><tr><td>1</td><td style=\"white-space:nowrap\">DC22<a name=\"DiseasesUnspecified-DC22\"> </a></td><td>Kræft i leveren og intrahepatiske galdegange</td><td>Kræft i leveren og intrahepatiske galdegange</td></tr><tr><td>1</td><td style=\"white-space:nowrap\">DC25<a name=\"DiseasesUnspecified-DC25\"> </a></td><td>Kræft i bugspytkirtlen</td><td>Kræft i bugspytkirtlen</td></tr><tr><td>1</td><td style=\"white-space:nowrap\">DC32<a name=\"DiseasesUnspecified-DC32\"> </a></td><td>Kræft i strubehovedet</td><td>Kræft i strubehovedet</td></tr><tr><td>1</td><td style=\"white-space:nowrap\">DC33-DC34<a name=\"DiseasesUnspecified-DC33-DC34\"> </a></td><td>Kræft i luftrøret og bronkier og lunge</td><td>Kræft i luftrøret og bronkier og lunge</td></tr><tr><td>1</td><td style=\"white-space:nowrap\">DC43<a name=\"DiseasesUnspecified-DC43\"> </a></td><td>Modermærkekræft i huden</td><td>Modermærkekræft i huden</td></tr><tr><td>1</td><td style=\"white-space:nowrap\">DC50<a name=\"DiseasesUnspecified-DC50\"> </a></td><td>Brystkræft</td><td>Brystkræft</td></tr><tr><td>1</td><td style=\"white-space:nowrap\">DC53<a name=\"DiseasesUnspecified-DC53\"> </a></td><td>Kræft i livmoderhalsen</td><td>Kræft i livmoderhalsen</td></tr><tr><td>1</td><td style=\"white-space:nowrap\">DC54-DC55<a name=\"DiseasesUnspecified-DC54-DC55\"> </a></td><td>Kræft i livmoderen (inkl. uspecifik)</td><td>Kræft i livmoderen (inkl. uspecifik)</td></tr><tr><td>1</td><td style=\"white-space:nowrap\">DC56+DC570-DC574<a name=\"DiseasesUnspecified-DC56.43DC570-DC574\"> </a></td><td>Kræft i æggestok og æggeleder</td><td>Kræft i æggestok og æggeleder</td></tr><tr><td>1</td><td style=\"white-space:nowrap\">DC61<a name=\"DiseasesUnspecified-DC61\"> </a></td><td>Kræft i blærehalskirtlen</td><td>Kræft i blærehalskirtlen</td></tr><tr><td>1</td><td style=\"white-space:nowrap\">DC62<a name=\"DiseasesUnspecified-DC62\"> </a></td><td>Testikelkræft</td><td>Testikelkræft</td></tr><tr><td>1</td><td style=\"white-space:nowrap\">DC67<a name=\"DiseasesUnspecified-DC67\"> </a></td><td>Kræft i urinblæren</td><td>Kræft i urinblæren</td></tr><tr><td>1</td><td style=\"white-space:nowrap\">DC64-DC66<a name=\"DiseasesUnspecified-DC64-DC66\"> </a></td><td>Kræft i nyre, nyrebækken og urinleder</td><td>Kræft i nyre, nyrebækken og urinleder</td></tr><tr><td>1</td><td style=\"white-space:nowrap\">DC70-DC72+DC751-DC753<a name=\"DiseasesUnspecified-DC70-DC72.43DC751-DC753\"> </a></td><td>Kræft i centralnervesystem</td><td>Kræft i centralnervesystem</td></tr><tr><td>1</td><td style=\"white-space:nowrap\">DC73<a name=\"DiseasesUnspecified-DC73\"> </a></td><td>Kræft i skjoldbruskkirtlen</td><td>Kræft i skjoldbruskkirtlen</td></tr><tr><td>1</td><td style=\"white-space:nowrap\">DC81<a name=\"DiseasesUnspecified-DC81\"> </a></td><td>Hodgkin lymfomer</td><td>Hodgkin lymfomer</td></tr><tr><td>1</td><td style=\"white-space:nowrap\">DC82-DC85<a name=\"DiseasesUnspecified-DC82-DC85\"> </a></td><td>Non-hodking malignt lymform</td><td>Non-hodking malignt lymform</td></tr><tr><td>1</td><td style=\"white-space:nowrap\">DC90<a name=\"DiseasesUnspecified-DC90\"> </a></td><td>Maligne plasmacelle neoplasier</td><td>Maligne plasmacelle neoplasier</td></tr><tr><td>1</td><td style=\"white-space:nowrap\">DC91-DC95<a name=\"DiseasesUnspecified-DC91-DC95\"> </a></td><td>Leukæmi</td><td>Leukæmi</td></tr><tr><td>1</td><td style=\"white-space:nowrap\">DC45-DC49<a name=\"DiseasesUnspecified-DC45-DC49\"> </a></td><td>Kræft i mesotel, bindevæv og andet bløddelsvæv</td><td>Kræft i mesotel, bindevæv og andet bløddelsvæv</td></tr><tr><td>1</td><td style=\"white-space:nowrap\">DC76-DC80<a name=\"DiseasesUnspecified-DC76-DC80\"> </a></td><td>Kræft med dårligt specificerede, sekundære og ikke specificerede lokalisationer</td><td>Kræft med dårligt specificerede, sekundære og ikke specificerede lokalisationer</td></tr><tr><td>1</td><td style=\"white-space:nowrap\">acute_extremity_ischaemia<a name=\"DiseasesUnspecified-acute_extremity_ischaemia\"> </a></td><td>akut ekstremitetsiskæmi</td><td>akut ekstremitetsiskæmi</td></tr><tr><td>1</td><td style=\"white-space:nowrap\">amurosis_fugax<a name=\"DiseasesUnspecified-amurosis_fugax\"> </a></td><td>amaurosis fugax</td><td>amaurosis fugax</td></tr><tr><td>1</td><td style=\"white-space:nowrap\">aneurysm_asymptomatic<a name=\"DiseasesUnspecified-aneurysm_asymptomatic\"> </a></td><td>aneurisme - asymptomatisk</td><td>aneurisme - asymptomatisk</td></tr><tr><td>1</td><td style=\"white-space:nowrap\">aneurysm_symptomatic<a name=\"DiseasesUnspecified-aneurysm_symptomatic\"> </a></td><td>aneurisme - symptomatisk</td><td>aneurisme - symptomatisk</td></tr><tr><td>1</td><td style=\"white-space:nowrap\">aneurysm_ruptured<a name=\"DiseasesUnspecified-aneurysm_ruptured\"> </a></td><td>aneurisme - rumperet</td><td>aneurisme - rumperet</td></tr><tr><td>1</td><td style=\"white-space:nowrap\">aneurysm_clotted<a name=\"DiseasesUnspecified-aneurysm_clotted\"> </a></td><td>aneurisme - tromboseret</td><td>aneurisme - tromboseret</td></tr><tr><td>1</td><td style=\"white-space:nowrap\">aneurysm_pseudo<a name=\"DiseasesUnspecified-aneurysm_pseudo\"> </a></td><td>aneurisme - pseudo</td><td>aneurisme - pseudo</td></tr><tr><td>1</td><td style=\"white-space:nowrap\">aneurysm_mycotic<a name=\"DiseasesUnspecified-aneurysm_mycotic\"> </a></td><td>aneurisme - mykotisk</td><td>aneurisme - mykotisk</td></tr><tr><td>1</td><td style=\"white-space:nowrap\">bleeding<a name=\"DiseasesUnspecified-bleeding\"> </a></td><td>blødning / hæmatom</td><td>blødning / hæmatom</td></tr><tr><td>1</td><td style=\"white-space:nowrap\">infection<a name=\"DiseasesUnspecified-infection\"> </a></td><td>infektion (ikke proteseinfektion = 55)</td><td>infektion (ikke proteseinfektion = 55)</td></tr><tr><td>1</td><td style=\"white-space:nowrap\">intestinal_ischaemia<a name=\"DiseasesUnspecified-intestinal_ischaemia\"> </a></td><td>intestinal iskæmi, angina abdominalis</td><td>intestinal iskæmi, angina abdominalis</td></tr><tr><td>1</td><td style=\"white-space:nowrap\">function_dependent_ischaemia<a name=\"DiseasesUnspecified-function_dependent_ischaemia\"> </a></td><td>funktionsbetinget iskæmi, claudicatio intermittens</td><td>funktionsbetinget iskæmi, claudicatio intermittens</td></tr><tr><td>1</td><td style=\"white-space:nowrap\">chronic_ischaemia_rest_pain<a name=\"DiseasesUnspecified-chronic_ischaemia_rest_pain\"> </a></td><td>kronisk iskæmi - hvilesmerter</td><td>kronisk iskæmi - hvilesmerter</td></tr><tr><td>1</td><td style=\"white-space:nowrap\">chronic_ischaemia_wound<a name=\"DiseasesUnspecified-chronic_ischaemia_wound\"> </a></td><td>kronisk iskæmi - sår</td><td>kronisk iskæmi - sår</td></tr><tr><td>1</td><td style=\"white-space:nowrap\">chronic_ischaemia_gangrene<a name=\"DiseasesUnspecified-chronic_ischaemia_gangrene\"> </a></td><td>kronisk iskæmi - gangræn</td><td>kronisk iskæmi - gangræn</td></tr><tr><td>1</td><td style=\"white-space:nowrap\">hypertension_renovascular<a name=\"DiseasesUnspecified-hypertension_renovascular\"> </a></td><td>renovaskulær hypertension</td><td>renovaskulær hypertension</td></tr><tr><td>1</td><td style=\"white-space:nowrap\">stroke<a name=\"DiseasesUnspecified-stroke\"> </a></td><td>stroke</td><td>stroke</td></tr><tr><td>1</td><td style=\"white-space:nowrap\">tos<a name=\"DiseasesUnspecified-tos\"> </a></td><td>thoracic outlet syndrom (TOS)</td><td>thoracic outlet syndrom (TOS)</td></tr><tr><td>1</td><td style=\"white-space:nowrap\">tia<a name=\"DiseasesUnspecified-tia\"> </a></td><td>transitorisk iskæmisk attack (TIA)</td><td>transitorisk iskæmisk attack (TIA)</td></tr><tr><td>1</td><td style=\"white-space:nowrap\">trauma<a name=\"DiseasesUnspecified-trauma\"> </a></td><td>traume</td><td>traume</td></tr><tr><td>1</td><td style=\"white-space:nowrap\">thrombosis_vascular_reconstruction<a name=\"DiseasesUnspecified-thrombosis_vascular_reconstruction\"> </a></td><td>trombose af karrekonstruktion</td><td>trombose af karrekonstruktion</td></tr><tr><td>1</td><td style=\"white-space:nowrap\">uremia<a name=\"DiseasesUnspecified-uremia\"> </a></td><td>uræmi</td><td>uræmi</td></tr><tr><td>1</td><td style=\"white-space:nowrap\">varices<a name=\"DiseasesUnspecified-varices\"> </a></td><td>varicer</td><td>varicer</td></tr><tr><td>1</td><td style=\"white-space:nowrap\">vasospasms<a name=\"DiseasesUnspecified-vasospasms\"> </a></td><td>vasospasme/ Raynaud</td><td>vasospasme/ Raynaud</td></tr><tr><td>1</td><td style=\"white-space:nowrap\">venus_thrombosis<a name=\"DiseasesUnspecified-venus_thrombosis\"> </a></td><td>venetrombose</td><td>venetrombose</td></tr><tr><td>1</td><td style=\"white-space:nowrap\">reconstruction_failure<a name=\"DiseasesUnspecified-reconstruction_failure\"> </a></td><td>truende rekonstruktionssvigt</td><td>truende rekonstruktionssvigt</td></tr><tr><td>1</td><td style=\"white-space:nowrap\">permanent_central_venous_access<a name=\"DiseasesUnspecified-permanent_central_venous_access\"> </a></td><td>permanent central venøs adgang</td><td>permanent central venøs adgang</td></tr><tr><td>1</td><td style=\"white-space:nowrap\">wound_complication<a name=\"DiseasesUnspecified-wound_complication\"> </a></td><td>sårkomplikation</td><td>sårkomplikation</td></tr><tr><td>1</td><td style=\"white-space:nowrap\">fascial_rupture<a name=\"DiseasesUnspecified-fascial_rupture\"> </a></td><td>fascieruptur</td><td>fascieruptur</td></tr><tr><td>1</td><td style=\"white-space:nowrap\">ileus<a name=\"DiseasesUnspecified-ileus\"> </a></td><td>ileus</td><td>ileus</td></tr><tr><td>1</td><td style=\"white-space:nowrap\">intestine_ischaemia<a name=\"DiseasesUnspecified-intestine_ischaemia\"> </a></td><td>tarmiskæmi</td><td>tarmiskæmi</td></tr><tr><td>1</td><td style=\"white-space:nowrap\">aorto/prosthesis_intestinal_fistula<a name=\"DiseasesUnspecified-aorto.47prosthesis_intestinal_fistula\"> </a></td><td>aorto/protese-instestinal fistel</td><td>aorto/protese-instestinal fistel</td></tr><tr><td>1</td><td style=\"white-space:nowrap\">prosthetic_infection<a name=\"DiseasesUnspecified-prosthetic_infection\"> </a></td><td>proteseinfektion</td><td>proteseinfektion</td></tr><tr><td>1</td><td style=\"white-space:nowrap\">extremity_compartment<a name=\"DiseasesUnspecified-extremity_compartment\"> </a></td><td>ekstremittets kompartment</td><td>ekstremittets kompartment</td></tr><tr><td>1</td><td style=\"white-space:nowrap\">prolonged_intubation<a name=\"DiseasesUnspecified-prolonged_intubation\"> </a></td><td>langvarig intubation</td><td>langvarig intubation</td></tr><tr><td>1</td><td style=\"white-space:nowrap\">retroperitoneal_fibrosis<a name=\"DiseasesUnspecified-retroperitoneal_fibrosis\"> </a></td><td>retroperitoneal fibrose</td><td>retroperitoneal fibrose</td></tr><tr><td>1</td><td style=\"white-space:nowrap\">abdominal_compartment<a name=\"DiseasesUnspecified-abdominal_compartment\"> </a></td><td>abdominal kompartment</td><td>abdominal kompartment</td></tr><tr><td>1</td><td style=\"white-space:nowrap\">entrapment<a name=\"DiseasesUnspecified-entrapment\"> </a></td><td>entrapment</td><td>entrapment</td></tr><tr><td>1</td><td style=\"white-space:nowrap\">emergency_aortic_dissection<a name=\"DiseasesUnspecified-emergency_aortic_dissection\"> </a></td><td>akut aortadissektion</td><td>akut aortadissektion</td></tr><tr><td>1</td><td style=\"white-space:nowrap\">chronic_aortic_dissection<a name=\"DiseasesUnspecified-chronic_aortic_dissection\"> </a></td><td>kronisk aortadissektion</td><td>kronisk aortadissektion</td></tr><tr><td>1</td><td style=\"white-space:nowrap\">dissection_unspecified<a name=\"DiseasesUnspecified-dissection_unspecified\"> </a></td><td>dissektion uden nærmere specifikation</td><td>dissektion uden nærmere specifikation</td></tr><tr><td>1</td><td style=\"white-space:nowrap\">High_grade_B_lymfom_NOS<a name=\"DiseasesUnspecified-High_grade_B_lymfom_NOS\"> </a></td><td>High-grade B-lymfom NOS</td><td>High-grade B-lymfom NOS </td></tr><tr><td>1</td><td style=\"white-space:nowrap\">Primært_kutant_CD4_positivt_små_medium_T_celle_lymfom<a name=\"DiseasesUnspecified-Prim.230rt_kutant_CD4_positivt_sm.229_medium_T_celle_lymfom\"> </a></td><td>Primært kutant CD4-positivt små/medium T-celle lymfom</td><td>Primært kutant CD4-positivt små/medium T-celle lymfom</td></tr><tr><td>1</td><td style=\"white-space:nowrap\">Malignt_lymfom<a name=\"DiseasesUnspecified-Malignt_lymfom\"> </a></td><td>Malignt lymfom</td><td>Malignt lymfom</td></tr><tr><td>1</td><td style=\"white-space:nowrap\">non-Hodgkin_malignt_lymfom<a name=\"DiseasesUnspecified-non-Hodgkin_malignt_lymfom\"> </a></td><td>non-Hodgkin malignt lymfom</td><td>non-Hodgkin malignt lymfom</td></tr><tr><td>1</td><td style=\"white-space:nowrap\">ascites_lymfom<a name=\"DiseasesUnspecified-ascites_lymfom\"> </a></td><td>Ascites med lymfomceller</td><td>Ascites med lymfomceller</td></tr><tr><td>1</td><td style=\"white-space:nowrap\">perikardieeksudat_lymfom<a name=\"DiseasesUnspecified-perikardieeksudat_lymfom\"> </a></td><td>Perikardieeksudat med lymfomceller</td><td>Perikardieeksudat med lymfomceller</td></tr><tr><td>1</td><td style=\"white-space:nowrap\">pleuraeksudat_lymfom<a name=\"DiseasesUnspecified-pleuraeksudat_lymfom\"> </a></td><td>Pleuraeksudat med lymfomceller</td><td/></tr></table></div>"
  },
  "url" : "https://kip.rkkp.dk/fhir/CodeSystem/DiseasesUnspecified",
  "version" : "0.1.8",
  "name" : "DiseasesUnspecified",
  "title" : "Diseases - Unspecified without a code",
  "status" : "active",
  "date" : "2022-06-07T00:00:00+02:00",
  "publisher" : "Sundhedsvæsnets Kvalistetsinstitut with Trifork Digital Health A/S",
  "contact" : [{
    "name" : "Sundhedsvæsnets Kvalistetsinstitut with Trifork Digital Health A/S",
    "telecom" : [{
      "system" : "url",
      "value" : "https://trifork.com"
    },
    {
      "system" : "email",
      "value" : "rbk@trifork.com"
    }]
  }],
  "description" : "Diseases - Unspecified without a code",
  "caseSensitive" : false,
  "content" : "complete",
  "count" : 146,
  "concept" : [{
    "code" : "diabetes",
    "display" : "Diabetes",
    "definition" : "Diabetes / Diabetes"
  },
  {
    "code" : "heart_disease",
    "display" : "Heart disease",
    "definition" : "Heart disease / Hjertesygdom"
  },
  {
    "code" : "lung_disease",
    "display" : "Lung disease",
    "definition" : "Lung disease / Lungesygdom"
  },
  {
    "code" : "al",
    "display" : "Akut leukæmi (AL)",
    "definition" : "Akut leumæmi (AL)"
  },
  {
    "code" : "cll",
    "display" : "Kronisk lymfatisk leukæmi (CLL)",
    "definition" : "Kronisk lymfatisk leukæmi (CLL)"
  },
  {
    "code" : "lymfom",
    "display" : "Lymfom (LYFO)",
    "definition" : "Lymfom (LYFO)"
  },
  {
    "code" : "mds",
    "display" : "Myelodysplasi (MDS)",
    "definition" : "Myelodysplasi (MDS)"
  },
  {
    "code" : "myeloproliferativ_sygdom",
    "display" : "Myeloproliferativ sygdom",
    "definition" : "Myeloproliferativ sygdom"
  },
  {
    "code" : "myelomatose",
    "display" : "Myelomatose",
    "definition" : "Myelomatose"
  },
  {
    "code" : "M96903",
    "display" : "Follikulært lymfom ukendt grad",
    "definition" : "Follikulært lymfom ukendt grad"
  },
  {
    "code" : "M96913",
    "display" : "Follikulært lymfom grad 1",
    "definition" : "Follikulært lymfom grad 1"
  },
  {
    "code" : "M96953",
    "display" : "Follikulært lymfom grad 2",
    "definition" : "Follikulært lymfom grad 2"
  },
  {
    "code" : "M96983",
    "display" : "Follikulært lymfom grad 3",
    "definition" : "Follikulært lymfom grad 3"
  },
  {
    "code" : "amyloidose<2012",
    "display" : "Amyloidose før 2012",
    "definition" : "Amyloidose før 2012"
  },
  {
    "code" : "all<2005",
    "display" : "ALL før 2005",
    "definition" : "ALL før 2005"
  },
  {
    "code" : "all<2000",
    "display" : "AML før 2000",
    "definition" : "AML før 2000"
  },
  {
    "code" : "cll<2008",
    "display" : "CLL før 2008",
    "definition" : "CLL før 2008"
  },
  {
    "code" : "hodgkin<1998",
    "display" : "Hodgkin diagnosticeret før 1998 (2000 ØstDK)",
    "definition" : "Hodgkin diagnosticeret før 1998 (2000 ØstDK)"
  },
  {
    "code" : "lymfom<1983",
    "display" : "Lymfom diagnosticeret før 1983 (2000 ØstDK)",
    "definition" : "Lymfom diagnosticeret før 1983 (2000 ØstDK)"
  },
  {
    "code" : "mds<2010",
    "display" : "MDS diagnosticeret før 2010",
    "definition" : "MDS diagnosticeret før 2010"
  },
  {
    "code" : "mgus<2013",
    "display" : "MGUS eller Amyloidose før 2013",
    "definition" : "MGUS eller Amyloidose før 2013"
  },
  {
    "code" : "myelom<2005",
    "display" : "Myelomatose diagnosticeret før 2005",
    "definition" : "Myelomatose diagnosticeret før 2005"
  },
  {
    "code" : "mpn<2010",
    "display" : "Myeloproliferativ sygdom diagnosticeret før 2010",
    "definition" : "Myeloproliferativ sygdom diagnosticeret før 2010"
  },
  {
    "code" : "leukaemi_haarcelle",
    "display" : "Hårcelle leukæmi",
    "definition" : "Hårcelle leukæmi"
  },
  {
    "code" : "lgl",
    "display" : "Large Granular Leukemia (LGL)",
    "definition" : "Large Granular Leukemia (LGL)"
  },
  {
    "code" : "t_pll",
    "display" : "T-Prolymfocytleukæmi",
    "definition" : "T-Prolymfocytleukæmi"
  },
  {
    "code" : "myelodysplastic_syndrome",
    "display" : "Myelodysplastic syndrome",
    "definition" : "Myelodysplastic syndrome / Myelodyspl. syndrom (undt. CMML)"
  },
  {
    "code" : "chronic_myelomonocytic_leukemia",
    "display" : "Chronic myelomonocytic leukemia (CMML)",
    "definition" : "Chronic myelomonocytic leukemia / CMML (Kronisk MyeloMonocytLeuk.)"
  },
  {
    "code" : "essential_thrombocytosis",
    "display" : "Essential thrombocytosis",
    "definition" : "Essential thrombocytosis / Ess. thrombocytose"
  },
  {
    "code" : "polycythemia_vera",
    "display" : "Polycythemia vera",
    "definition" : "Polycythemia vera / Polycytæmia vera"
  },
  {
    "code" : "myelofibrosis",
    "display" : "Myelofibrosis",
    "definition" : "Myelofibrosis / Myelofibrose",
    "concept" : [{
      "code" : "primary",
      "display" : "Primary myelofibrosis",
      "definition" : "Primary myelofibrosis / Primær Myelofibrose"
    },
    {
      "code" : "prefibrotic",
      "display" : "Prefibrotic myelofibrosis",
      "definition" : "Prefibrotic myelofibrosis / Præfibrotisk Myelofibrose"
    }]
  },
  {
    "code" : "smouldering_mm",
    "display" : "Smouldering MM",
    "definition" : "Smouldering MM"
  },
  {
    "code" : "myelomatosis",
    "display" : "Myelomatosis",
    "definition" : "Myelomatosis / Myelomatose"
  },
  {
    "code" : "solitary_myelom_osseus",
    "display" : "Solitary myelom (osseus)",
    "definition" : "Solitary myelom (osseus) / Solitært myelom (ossøst)"
  },
  {
    "code" : "solitary_myelom_extra_osseus",
    "display" : "Solitary myelom (extra osseus)",
    "definition" : "Solitary myelom (extra osseus) / Solitært myelom (ekstraossøst)"
  },
  {
    "code" : "plasma_cell_leukemia",
    "display" : "Plasma cell leukemia",
    "definition" : "Plasma cell leukemia / Plasmacelleleukæmi"
  },
  {
    "code" : "DD472",
    "display" : "Monoklonal gammopati med ubestemt signifikans (MGUS)",
    "definition" : "Monoklonal gammopati med ubestemt signifikans (MGUS)"
  },
  {
    "code" : "ZM973A3",
    "display" : "Osteosklerotisk myelom (POEMS syndrom)",
    "definition" : "Osteosklerotisk myelom (POEMS syndrom)"
  },
  {
    "code" : "paraprotein_associated_polyneuropathy",
    "display" : "Paraprotein associated polyneuropathy",
    "definition" : "Paraprotein associated polyneuropathy / Paraprotein associeret polyneuropati"
  },
  {
    "code" : "chronic_myeloid_leukemia",
    "display" : "Chronic myeloid leukemia",
    "definition" : "Chronic myeloid leukemia / Kronisk Myeloid Leukæmi (BCR-ABL1 positiv) (CML)"
  },
  {
    "code" : "myeloproliferative_unclassified",
    "display" : "Unclassified myeloproliferative",
    "definition" : "Unclassified myeloproliferative / Uklassificerbar Myeloproliferativ sygdom"
  },
  {
    "code" : "anemia",
    "display" : "Anemia",
    "definition" : "Anemia / Anæmi"
  },
  {
    "code" : "thrombocytopenic_disorder",
    "display" : "Thrombocytopenic disorder",
    "definition" : "Thrombocytopenic disorder / Trombocytopeni"
  },
  {
    "code" : "neutropenia",
    "display" : "Neutropenia",
    "definition" : "Neutropenia / Neutropeni"
  },
  {
    "code" : "alzheimers_dementia",
    "display" : "Alzheimers demens",
    "definition" : "Alzheimers demens"
  },
  {
    "code" : "lewy_body_dementia",
    "display" : "Lewy Body demens",
    "definition" : "Lewy Body demens"
  },
  {
    "code" : "parkinson_dementia",
    "display" : "Parkinson demens",
    "definition" : "Parkinson demens"
  },
  {
    "code" : "vascular_dementia",
    "display" : "Vaskulær demens",
    "definition" : "Vaskulær demens"
  },
  {
    "code" : "mixed_dementia",
    "display" : "Mixed demens (Alzheimers + vaskulær)",
    "definition" : "Mixed demens (Alzheimers + vaskulær)"
  },
  {
    "code" : "frontotemporal_dementia",
    "display" : "Frontotemporal demens",
    "definition" : "Frontotemporal demens"
  },
  {
    "code" : "atypical_parkinson_dementia",
    "display" : "Atypisk Parkinson demens",
    "definition" : "Atypisk Parkinson demens"
  },
  {
    "code" : "hydrocephalus_dementia",
    "display" : "Normaltryks hydrocephalus demens",
    "definition" : "Normaltryks hydrocephalus demens"
  },
  {
    "code" : "huntingtons_chorea_dementia",
    "display" : "Huntingtons Chorea demens",
    "definition" : "Huntingtons Chorea demens"
  },
  {
    "code" : "alchohol_dementia",
    "display" : "Alkohol demens",
    "definition" : "Alkohol demens"
  },
  {
    "code" : "neurodegenerative_dementia",
    "display" : "Neurodegenerativ demens",
    "definition" : "Neurodegenerativ demens"
  },
  {
    "code" : "not_affective_dementia",
    "display" : "Ikke-affektiv demens",
    "definition" : "Ikke-affektiv demens"
  },
  {
    "code" : "affective_dementia",
    "display" : "Affektiv demens",
    "definition" : "Affektiv demens"
  },
  {
    "code" : "ventral_hernia",
    "concept" : [{
      "code" : "incisional",
      "display" : "Incisional",
      "definition" : "Incisional / Incisionelt",
      "concept" : [{
        "code" : "length_cicatrice"
      },
      {
        "code" : "cross_cicatrice"
      }]
    },
    {
      "code" : "umbilical",
      "display" : "Umbilical",
      "definition" : "Umbilical / Umbilicalt"
    },
    {
      "code" : "linea_alba",
      "display" : "Linea alba",
      "definition" : "Linea alba"
    },
    {
      "code" : "spiegel",
      "display" : "Spiegel",
      "definition" : "Spiegel"
    },
    {
      "code" : "stomi",
      "display" : "Stomi",
      "definition" : "Stomi",
      "concept" : [{
        "code" : "stomi_herniotomi",
        "display" : "Stomi and herniotomi",
        "definition" : "Stomi and herniotomi / Stomi og herniotomi"
      }]
    },
    {
      "code" : "port",
      "display" : "Port",
      "definition" : "Port"
    }]
  },
  {
    "code" : "colostomy",
    "display" : "Colostomy",
    "definition" : "Colostomy / Colostomi / SNOMED-CT: 264585001"
  },
  {
    "code" : "ileostomy",
    "display" : "Ileostomy",
    "definition" : "Ileostomy / Ileostomi / SNOMED-CT: 264364002"
  },
  {
    "code" : "urologicalstomy",
    "display" : "Urological stomy",
    "definition" : "Urological stomy / Urostomi / SNOMED-CT: 281601009"
  },
  {
    "code" : "DC00-DC14",
    "display" : "Kræft i læber, mundhule og svælg",
    "definition" : "Kræft i læber, mundhule og svælg"
  },
  {
    "code" : "DC15",
    "display" : "Kræft i spiserøret",
    "definition" : "Kræft i spiserøret"
  },
  {
    "code" : "DC16",
    "display" : "Kræft i mavesækken",
    "definition" : "Kræft i mavesækken"
  },
  {
    "code" : "DC17",
    "display" : "Kræft i tyndtarmen",
    "definition" : "Kræft i tyndtarmen"
  },
  {
    "code" : "DC18-DC20",
    "display" : "Kræft i tyktarm og endetarm",
    "definition" : "Kræft i tyktarm og endetarm"
  },
  {
    "code" : "DC22",
    "display" : "Kræft i leveren og intrahepatiske galdegange",
    "definition" : "Kræft i leveren og intrahepatiske galdegange"
  },
  {
    "code" : "DC25",
    "display" : "Kræft i bugspytkirtlen",
    "definition" : "Kræft i bugspytkirtlen"
  },
  {
    "code" : "DC32",
    "display" : "Kræft i strubehovedet",
    "definition" : "Kræft i strubehovedet"
  },
  {
    "code" : "DC33-DC34",
    "display" : "Kræft i luftrøret og bronkier og lunge",
    "definition" : "Kræft i luftrøret og bronkier og lunge"
  },
  {
    "code" : "DC43",
    "display" : "Modermærkekræft i huden",
    "definition" : "Modermærkekræft i huden"
  },
  {
    "code" : "DC50",
    "display" : "Brystkræft",
    "definition" : "Brystkræft"
  },
  {
    "code" : "DC53",
    "display" : "Kræft i livmoderhalsen",
    "definition" : "Kræft i livmoderhalsen"
  },
  {
    "code" : "DC54-DC55",
    "display" : "Kræft i livmoderen (inkl. uspecifik)",
    "definition" : "Kræft i livmoderen (inkl. uspecifik)"
  },
  {
    "code" : "DC56+DC570-DC574",
    "display" : "Kræft i æggestok og æggeleder",
    "definition" : "Kræft i æggestok og æggeleder"
  },
  {
    "code" : "DC61",
    "display" : "Kræft i blærehalskirtlen",
    "definition" : "Kræft i blærehalskirtlen"
  },
  {
    "code" : "DC62",
    "display" : "Testikelkræft",
    "definition" : "Testikelkræft"
  },
  {
    "code" : "DC67",
    "display" : "Kræft i urinblæren",
    "definition" : "Kræft i urinblæren"
  },
  {
    "code" : "DC64-DC66",
    "display" : "Kræft i nyre, nyrebækken og urinleder",
    "definition" : "Kræft i nyre, nyrebækken og urinleder"
  },
  {
    "code" : "DC70-DC72+DC751-DC753",
    "display" : "Kræft i centralnervesystem",
    "definition" : "Kræft i centralnervesystem"
  },
  {
    "code" : "DC73",
    "display" : "Kræft i skjoldbruskkirtlen",
    "definition" : "Kræft i skjoldbruskkirtlen"
  },
  {
    "code" : "DC81",
    "display" : "Hodgkin lymfomer",
    "definition" : "Hodgkin lymfomer"
  },
  {
    "code" : "DC82-DC85",
    "display" : "Non-hodking malignt lymform",
    "definition" : "Non-hodking malignt lymform"
  },
  {
    "code" : "DC90",
    "display" : "Maligne plasmacelle neoplasier",
    "definition" : "Maligne plasmacelle neoplasier"
  },
  {
    "code" : "DC91-DC95",
    "display" : "Leukæmi",
    "definition" : "Leukæmi"
  },
  {
    "code" : "DC45-DC49",
    "display" : "Kræft i mesotel, bindevæv og andet bløddelsvæv",
    "definition" : "Kræft i mesotel, bindevæv og andet bløddelsvæv"
  },
  {
    "code" : "DC76-DC80",
    "display" : "Kræft med dårligt specificerede, sekundære og ikke specificerede lokalisationer",
    "definition" : "Kræft med dårligt specificerede, sekundære og ikke specificerede lokalisationer"
  },
  {
    "code" : "acute_extremity_ischaemia",
    "display" : "akut ekstremitetsiskæmi",
    "definition" : "akut ekstremitetsiskæmi"
  },
  {
    "code" : "amurosis_fugax",
    "display" : "amaurosis fugax",
    "definition" : "amaurosis fugax"
  },
  {
    "code" : "aneurysm_asymptomatic",
    "display" : "aneurisme - asymptomatisk",
    "definition" : "aneurisme - asymptomatisk"
  },
  {
    "code" : "aneurysm_symptomatic",
    "display" : "aneurisme - symptomatisk",
    "definition" : "aneurisme - symptomatisk"
  },
  {
    "code" : "aneurysm_ruptured",
    "display" : "aneurisme - rumperet",
    "definition" : "aneurisme - rumperet"
  },
  {
    "code" : "aneurysm_clotted",
    "display" : "aneurisme - tromboseret",
    "definition" : "aneurisme - tromboseret"
  },
  {
    "code" : "aneurysm_pseudo",
    "display" : "aneurisme - pseudo",
    "definition" : "aneurisme - pseudo"
  },
  {
    "code" : "aneurysm_mycotic",
    "display" : "aneurisme - mykotisk",
    "definition" : "aneurisme - mykotisk"
  },
  {
    "code" : "bleeding",
    "display" : "blødning / hæmatom",
    "definition" : "blødning / hæmatom"
  },
  {
    "code" : "infection",
    "display" : "infektion (ikke proteseinfektion = 55)",
    "definition" : "infektion (ikke proteseinfektion = 55)"
  },
  {
    "code" : "intestinal_ischaemia",
    "display" : "intestinal iskæmi, angina abdominalis",
    "definition" : "intestinal iskæmi, angina abdominalis"
  },
  {
    "code" : "function_dependent_ischaemia",
    "display" : "funktionsbetinget iskæmi, claudicatio intermittens",
    "definition" : "funktionsbetinget iskæmi, claudicatio intermittens"
  },
  {
    "code" : "chronic_ischaemia_rest_pain",
    "display" : "kronisk iskæmi - hvilesmerter",
    "definition" : "kronisk iskæmi - hvilesmerter"
  },
  {
    "code" : "chronic_ischaemia_wound",
    "display" : "kronisk iskæmi - sår",
    "definition" : "kronisk iskæmi - sår"
  },
  {
    "code" : "chronic_ischaemia_gangrene",
    "display" : "kronisk iskæmi - gangræn",
    "definition" : "kronisk iskæmi - gangræn"
  },
  {
    "code" : "hypertension_renovascular",
    "display" : "renovaskulær hypertension",
    "definition" : "renovaskulær hypertension"
  },
  {
    "code" : "stroke",
    "display" : "stroke",
    "definition" : "stroke"
  },
  {
    "code" : "tos",
    "display" : "thoracic outlet syndrom (TOS)",
    "definition" : "thoracic outlet syndrom (TOS)"
  },
  {
    "code" : "tia",
    "display" : "transitorisk iskæmisk attack (TIA)",
    "definition" : "transitorisk iskæmisk attack (TIA)"
  },
  {
    "code" : "trauma",
    "display" : "traume",
    "definition" : "traume"
  },
  {
    "code" : "thrombosis_vascular_reconstruction",
    "display" : "trombose af karrekonstruktion",
    "definition" : "trombose af karrekonstruktion"
  },
  {
    "code" : "uremia",
    "display" : "uræmi",
    "definition" : "uræmi"
  },
  {
    "code" : "varices",
    "display" : "varicer",
    "definition" : "varicer"
  },
  {
    "code" : "vasospasms",
    "display" : "vasospasme/ Raynaud",
    "definition" : "vasospasme/ Raynaud"
  },
  {
    "code" : "venus_thrombosis",
    "display" : "venetrombose",
    "definition" : "venetrombose"
  },
  {
    "code" : "reconstruction_failure",
    "display" : "truende rekonstruktionssvigt",
    "definition" : "truende rekonstruktionssvigt"
  },
  {
    "code" : "permanent_central_venous_access",
    "display" : "permanent central venøs adgang",
    "definition" : "permanent central venøs adgang"
  },
  {
    "code" : "wound_complication",
    "display" : "sårkomplikation",
    "definition" : "sårkomplikation"
  },
  {
    "code" : "fascial_rupture",
    "display" : "fascieruptur",
    "definition" : "fascieruptur"
  },
  {
    "code" : "ileus",
    "display" : "ileus",
    "definition" : "ileus"
  },
  {
    "code" : "intestine_ischaemia",
    "display" : "tarmiskæmi",
    "definition" : "tarmiskæmi"
  },
  {
    "code" : "aorto/prosthesis_intestinal_fistula",
    "display" : "aorto/protese-instestinal fistel",
    "definition" : "aorto/protese-instestinal fistel"
  },
  {
    "code" : "prosthetic_infection",
    "display" : "proteseinfektion",
    "definition" : "proteseinfektion"
  },
  {
    "code" : "extremity_compartment",
    "display" : "ekstremittets kompartment",
    "definition" : "ekstremittets kompartment"
  },
  {
    "code" : "prolonged_intubation",
    "display" : "langvarig intubation",
    "definition" : "langvarig intubation"
  },
  {
    "code" : "retroperitoneal_fibrosis",
    "display" : "retroperitoneal fibrose",
    "definition" : "retroperitoneal fibrose"
  },
  {
    "code" : "abdominal_compartment",
    "display" : "abdominal kompartment",
    "definition" : "abdominal kompartment"
  },
  {
    "code" : "entrapment",
    "display" : "entrapment",
    "definition" : "entrapment"
  },
  {
    "code" : "emergency_aortic_dissection",
    "display" : "akut aortadissektion",
    "definition" : "akut aortadissektion"
  },
  {
    "code" : "chronic_aortic_dissection",
    "display" : "kronisk aortadissektion",
    "definition" : "kronisk aortadissektion"
  },
  {
    "code" : "dissection_unspecified",
    "display" : "dissektion uden nærmere specifikation",
    "definition" : "dissektion uden nærmere specifikation"
  },
  {
    "code" : "High_grade_B_lymfom_NOS",
    "display" : "High-grade B-lymfom NOS",
    "definition" : "High-grade B-lymfom NOS "
  },
  {
    "code" : "Primært_kutant_CD4_positivt_små_medium_T_celle_lymfom",
    "display" : "Primært kutant CD4-positivt små/medium T-celle lymfom",
    "definition" : "Primært kutant CD4-positivt små/medium T-celle lymfom"
  },
  {
    "code" : "Malignt_lymfom",
    "display" : "Malignt lymfom",
    "definition" : "Malignt lymfom"
  },
  {
    "code" : "non-Hodgkin_malignt_lymfom",
    "display" : "non-Hodgkin malignt lymfom",
    "definition" : "non-Hodgkin malignt lymfom"
  },
  {
    "code" : "ascites_lymfom",
    "display" : "Ascites med lymfomceller",
    "definition" : "Ascites med lymfomceller"
  },
  {
    "code" : "perikardieeksudat_lymfom",
    "display" : "Perikardieeksudat med lymfomceller",
    "definition" : "Perikardieeksudat med lymfomceller"
  },
  {
    "code" : "pleuraeksudat_lymfom",
    "display" : "Pleuraeksudat med lymfomceller"
  }]
}