{
  "resourceType" : "CodeSystem",
  "id" : "BleedingStroke",
  "text" : {
    "status" : "generated",
    "div" : "<div xmlns=\"http://www.w3.org/1999/xhtml\"><p class=\"res-header-id\"><b>Generated Narrative: CodeSystem BleedingStroke</b></p><a name=\"BleedingStroke\"> </a><a name=\"hcBleedingStroke\"> </a><a name=\"BleedingStroke-en-US\"> </a><p>This case-insensitive code system <code>https://kip.rkkp.dk/fhir/CodeSystem/BleedingStroke</code> defines the following codes:</p><table class=\"codes\"><tr><td style=\"white-space:nowrap\"><b>Code</b></td><td><b>Display</b></td><td><b>Definition</b></td></tr><tr><td style=\"white-space:nowrap\">hi_1<a name=\"BleedingStroke-hi_1\"> </a></td><td>HI 1</td><td>HI 1</td></tr><tr><td style=\"white-space:nowrap\">hi_2<a name=\"BleedingStroke-hi_2\"> </a></td><td>HI 2</td><td>HI 2</td></tr><tr><td style=\"white-space:nowrap\">ph_1<a name=\"BleedingStroke-ph_1\"> </a></td><td>PH 1</td><td>PH 1</td></tr><tr><td style=\"white-space:nowrap\">ph_2<a name=\"BleedingStroke-ph_2\"> </a></td><td>PH 2</td><td>PH 2</td></tr><tr><td style=\"white-space:nowrap\">phr_1<a name=\"BleedingStroke-phr_1\"> </a></td><td>PHr 1</td><td>PHr 1</td></tr><tr><td style=\"white-space:nowrap\">phr_2<a name=\"BleedingStroke-phr_2\"> </a></td><td>PHr 2</td><td>PHr 2</td></tr></table></div>"
  },
  "url" : "https://kip.rkkp.dk/fhir/CodeSystem/BleedingStroke",
  "version" : "2.9.0",
  "name" : "BleedingStroke",
  "title" : "Bleeding - Stroke",
  "status" : "active",
  "date" : "2022-09-01T00:00:00+02:00",
  "publisher" : "Sundhedsvæsnets Kvalistetsinstitut with Trifork Digital Health A/S",
  "contact" : [{
    "name" : "Sundhedsvæsnets Kvalistetsinstitut with Trifork Digital Health A/S",
    "telecom" : [{
      "system" : "url",
      "value" : "https://trifork.com"
    },
    {
      "system" : "email",
      "value" : "rbk@trifork.com"
    }]
  }],
  "description" : "Bleeding - Stroke",
  "caseSensitive" : false,
  "content" : "complete",
  "count" : 6,
  "concept" : [{
    "code" : "hi_1",
    "display" : "HI 1",
    "definition" : "HI 1"
  },
  {
    "code" : "hi_2",
    "display" : "HI 2",
    "definition" : "HI 2"
  },
  {
    "code" : "ph_1",
    "display" : "PH 1",
    "definition" : "PH 1"
  },
  {
    "code" : "ph_2",
    "display" : "PH 2",
    "definition" : "PH 2"
  },
  {
    "code" : "phr_1",
    "display" : "PHr 1",
    "definition" : "PHr 1"
  },
  {
    "code" : "phr_2",
    "display" : "PHr 2",
    "definition" : "PHr 2"
  }]
}