{
  "resourceType" : "CodeSystem",
  "id" : "Genoplivning",
  "text" : {
    "status" : "generated",
    "div" : "<div xmlns=\"http://www.w3.org/1999/xhtml\"><p class=\"res-header-id\"><b>Generated Narrative: CodeSystem Genoplivning</b></p><a name=\"Genoplivning\"> </a><a name=\"hcGenoplivning\"> </a><a name=\"Genoplivning-en-US\"> </a><p>This  code system <code>https://kip.rkkp.dk/fhir/CodeSystem/Genoplivning</code> defines the following codes:</p><table class=\"codes\"><tr><td style=\"white-space:nowrap\"><b>Code</b></td><td><b>Display</b></td><td><b>Definition</b></td></tr><tr><td style=\"white-space:nowrap\">hjertemass<a name=\"Genoplivning-hjertemass\"> </a></td><td>Hjertemassage</td><td>Hjertemassage alene</td></tr><tr><td style=\"white-space:nowrap\">ventilation<a name=\"Genoplivning-ventilation\"> </a></td><td>Ventilation</td><td>Ventilation alene</td></tr><tr><td style=\"white-space:nowrap\">hjmass_vent<a name=\"Genoplivning-hjmass_vent\"> </a></td><td>Hjertemassage og ventilation</td><td>Hjertemassage og ventilation</td></tr><tr><td style=\"white-space:nowrap\">ingen<a name=\"Genoplivning-ingen\"> </a></td><td>Ingen</td><td>Ingen</td></tr></table></div>"
  },
  "url" : "https://kip.rkkp.dk/fhir/CodeSystem/Genoplivning",
  "version" : "0.2.1",
  "name" : "Genoplivning",
  "title" : "Genoplivning",
  "status" : "active",
  "date" : "2022-06-29T00:00:00+02:00",
  "publisher" : "Sundhedsvæsnets Kvalistetsinstitut with Trifork Digital Health A/S",
  "contact" : [{
    "name" : "Sundhedsvæsnets Kvalistetsinstitut with Trifork Digital Health A/S",
    "telecom" : [{
      "system" : "url",
      "value" : "https://trifork.com"
    },
    {
      "system" : "email",
      "value" : "rbk@trifork.com"
    }]
  }],
  "description" : "Aktivitet ifm genoplivning",
  "content" : "complete",
  "count" : 4,
  "concept" : [{
    "code" : "hjertemass",
    "display" : "Hjertemassage",
    "definition" : "Hjertemassage alene"
  },
  {
    "code" : "ventilation",
    "display" : "Ventilation",
    "definition" : "Ventilation alene"
  },
  {
    "code" : "hjmass_vent",
    "display" : "Hjertemassage og ventilation",
    "definition" : "Hjertemassage og ventilation"
  },
  {
    "code" : "ingen",
    "display" : "Ingen",
    "definition" : "Ingen"
  }]
}