{
  "resourceType" : "CodeSystem",
  "id" : "TreatmentCause",
  "text" : {
    "status" : "generated",
    "div" : "<div xmlns=\"http://www.w3.org/1999/xhtml\"><p class=\"res-header-id\"><b>Generated Narrative: CodeSystem TreatmentCause</b></p><a name=\"TreatmentCause\"> </a><a name=\"hcTreatmentCause\"> </a><a name=\"TreatmentCause-en-US\"> </a><p>This  code system <code>https://kip.rkkp.dk/fhir/CodeSystem/TreatmentCause</code> defines the following codes:</p><table class=\"codes\"><tr><td style=\"white-space:nowrap\"><b>Code</b></td><td><b>Display</b></td><td><b>Definition</b></td></tr><tr><td style=\"white-space:nowrap\">toxicity<a name=\"TreatmentCause-toxicity\"> </a></td><td>Toxicity</td><td>Toxicity / Toksicitet SNOMED-CT: 75478009</td></tr><tr><td style=\"white-space:nowrap\">insufficient_response<a name=\"TreatmentCause-insufficient_response\"> </a></td><td>Insufficient response</td><td>Insufficient response / Utilstrækkelige repons</td></tr></table></div>"
  },
  "url" : "https://kip.rkkp.dk/fhir/CodeSystem/TreatmentCause",
  "version" : "2.9.3",
  "name" : "TreatmentCause",
  "title" : "Treatment cause - unplanned",
  "status" : "active",
  "date" : "2022-06-29T00:00:00+02:00",
  "publisher" : "Sundhedsvæsenets Kvalitetsinstitut with Trifork Digital Health A/S",
  "contact" : [{
    "name" : "Sundhedsvæsenets Kvalitetsinstitut with Trifork Digital Health A/S",
    "telecom" : [{
      "system" : "url",
      "value" : "https://trifork.com"
    },
    {
      "system" : "email",
      "value" : "rbk@trifork.com"
    }]
  }],
  "description" : "Treatment cause - unplanned",
  "content" : "complete",
  "count" : 2,
  "concept" : [{
    "code" : "toxicity",
    "display" : "Toxicity",
    "definition" : "Toxicity / Toksicitet SNOMED-CT: 75478009"
  },
  {
    "code" : "insufficient_response",
    "display" : "Insufficient response",
    "definition" : "Insufficient response / Utilstrækkelige repons"
  }]
}