{
  "resourceType" : "CodeSystem",
  "id" : "BoneLossAcetabulumFemurClassification",
  "text" : {
    "status" : "generated",
    "div" : "<div xmlns=\"http://www.w3.org/1999/xhtml\"><p class=\"res-header-id\"><b>Generated Narrative: CodeSystem BoneLossAcetabulumFemurClassification</b></p><a name=\"BoneLossAcetabulumFemurClassification\"> </a><a name=\"hcBoneLossAcetabulumFemurClassification\"> </a><a name=\"BoneLossAcetabulumFemurClassification-en-US\"> </a><p>This case-insensitive code system <code>https://kip.rkkp.dk/fhir/CodeSystem/BoneLossAcetabulumFemurClassification</code> defines the following codes:</p><table class=\"codes\"><tr><td style=\"white-space:nowrap\"><b>Code</b></td><td><b>Display</b></td><td><b>Definition</b></td></tr><tr><td style=\"white-space:nowrap\">acetabulum_type_1<a name=\"BoneLossAcetabulumFemurClassification-acetabulum_type_1\"> </a></td><td>Type I: Intet væsentligt knogletab</td><td>Type I: Intet væsentligt knogletab</td></tr><tr><td style=\"white-space:nowrap\">acetabulum_type_2<a name=\"BoneLossAcetabulumFemurClassification-acetabulum_type_2\"> </a></td><td>Type II: Contained knogletab (intakt rim)</td><td>Type II: Contained knogletab (intakt rim)</td></tr><tr><td style=\"white-space:nowrap\">acetabulum_type_3<a name=\"BoneLossAcetabulumFemurClassification-acetabulum_type_3\"> </a></td><td>Type III: Ikke contained segmentel knogletab</td><td>Type III: Ikke contained segmentel knogletab</td></tr><tr><td style=\"white-space:nowrap\">acetabulum_type_4<a name=\"BoneLossAcetabulumFemurClassification-acetabulum_type_4\"> </a></td><td>Type IV: Ikke contained segmentelt knogletab involverende mere end 50% af acetabulum</td><td>Type IV: Ikke contained segmentelt knogletab involverende mere end 50% af acetabulum</td></tr><tr><td style=\"white-space:nowrap\">acetabulum_type_5<a name=\"BoneLossAcetabulumFemurClassification-acetabulum_type_5\"> </a></td><td>Type V: Knogletab med discontinuitet af acetabulum</td><td>Type V: Knogletab med discontinuitet af acetabulum</td></tr><tr><td style=\"white-space:nowrap\">femur_type_1<a name=\"BoneLossAcetabulumFemurClassification-femur_type_1\"> </a></td><td>Type I: Intet væsentligt knogletab</td><td>Type I: Intet væsentligt knogletab</td></tr><tr><td style=\"white-space:nowrap\">femur_type_2<a name=\"BoneLossAcetabulumFemurClassification-femur_type_2\"> </a></td><td>Type II: Contained knogletab med cortikal udtynding</td><td>Type II: Contained knogletab med cortikal udtynding</td></tr><tr><td style=\"white-space:nowrap\">femur_type_3<a name=\"BoneLossAcetabulumFemurClassification-femur_type_3\"> </a></td><td>Type III: Ikke contained knogletab involverende calcar og trochanter minor med perforation af cortex</td><td>Type III: Ikke contained knogletab involverende calcar og trochanter minor med perforation af cortex</td></tr><tr><td style=\"white-space:nowrap\">femur_type_4<a name=\"BoneLossAcetabulumFemurClassification-femur_type_4\"> </a></td><td>Type IV: Ikke contained knogletab gående ned i diafysen</td><td>Type IV: Ikke contained knogletab gående ned i diafysen</td></tr><tr><td style=\"white-space:nowrap\">femur_type_5<a name=\"BoneLossAcetabulumFemurClassification-femur_type_5\"> </a></td><td>Type V: Fraktur omkring femurstemmet med circumferentielt knogletab svarende til type IV</td><td>Type V: Fraktur omkring femurstemmet med circumferentielt knogletab svarende til type IV</td></tr><tr><td style=\"white-space:nowrap\">femur_type_6<a name=\"BoneLossAcetabulumFemurClassification-femur_type_6\"> </a></td><td>Type VI: Fraktur omkring femurstemmet med knogletab svarende til type I-III</td><td>Type VI: Fraktur omkring femurstemmet med knogletab svarende til type I-III</td></tr></table></div>"
  },
  "url" : "https://kip.rkkp.dk/fhir/CodeSystem/BoneLossAcetabulumFemurClassification",
  "version" : "0.1.6",
  "name" : "BoneLossAcetabulumFemurClassification",
  "title" : "Bone loss - Acetabulum Femur Classification",
  "status" : "active",
  "date" : "2022-10-06T00:00:00+02:00",
  "publisher" : "Sundhedsvæsnets Kvalistetsinstitut with Trifork Digital Health A/S",
  "contact" : [{
    "name" : "Sundhedsvæsnets Kvalistetsinstitut with Trifork Digital Health A/S",
    "telecom" : [{
      "system" : "url",
      "value" : "https://trifork.com"
    },
    {
      "system" : "email",
      "value" : "rbk@trifork.com"
    }]
  }],
  "description" : "Walch classification; Link: https://radiopaedia.org/articles/walch-classification-of-glenoid-morphology-1",
  "caseSensitive" : false,
  "content" : "complete",
  "count" : 11,
  "concept" : [{
    "code" : "acetabulum_type_1",
    "display" : "Type I: Intet væsentligt knogletab",
    "definition" : "Type I: Intet væsentligt knogletab"
  },
  {
    "code" : "acetabulum_type_2",
    "display" : "Type II: Contained knogletab (intakt rim)",
    "definition" : "Type II: Contained knogletab (intakt rim)"
  },
  {
    "code" : "acetabulum_type_3",
    "display" : "Type III: Ikke contained segmentel knogletab",
    "definition" : "Type III: Ikke contained segmentel knogletab"
  },
  {
    "code" : "acetabulum_type_4",
    "display" : "Type IV: Ikke contained segmentelt knogletab involverende mere end 50% af acetabulum",
    "definition" : "Type IV: Ikke contained segmentelt knogletab involverende mere end 50% af acetabulum"
  },
  {
    "code" : "acetabulum_type_5",
    "display" : "Type V: Knogletab med discontinuitet af acetabulum",
    "definition" : "Type V: Knogletab med discontinuitet af acetabulum"
  },
  {
    "code" : "femur_type_1",
    "display" : "Type I: Intet væsentligt knogletab",
    "definition" : "Type I: Intet væsentligt knogletab"
  },
  {
    "code" : "femur_type_2",
    "display" : "Type II: Contained knogletab med cortikal udtynding",
    "definition" : "Type II: Contained knogletab med cortikal udtynding"
  },
  {
    "code" : "femur_type_3",
    "display" : "Type III: Ikke contained knogletab involverende calcar og trochanter minor med perforation af cortex",
    "definition" : "Type III: Ikke contained knogletab involverende calcar og trochanter minor med perforation af cortex"
  },
  {
    "code" : "femur_type_4",
    "display" : "Type IV: Ikke contained knogletab gående ned i diafysen",
    "definition" : "Type IV: Ikke contained knogletab gående ned i diafysen"
  },
  {
    "code" : "femur_type_5",
    "display" : "Type V: Fraktur omkring femurstemmet med circumferentielt knogletab svarende til type IV",
    "definition" : "Type V: Fraktur omkring femurstemmet med circumferentielt knogletab svarende til type IV"
  },
  {
    "code" : "femur_type_6",
    "display" : "Type VI: Fraktur omkring femurstemmet med knogletab svarende til type I-III",
    "definition" : "Type VI: Fraktur omkring femurstemmet med knogletab svarende til type I-III"
  }]
}