{
  "resourceType" : "CodeSystem",
  "id" : "SlyngeDUGA",
  "text" : {
    "status" : "generated",
    "div" : "<div xmlns=\"http://www.w3.org/1999/xhtml\"><p class=\"res-header-id\"><b>Generated Narrative: CodeSystem SlyngeDUGA</b></p><a name=\"SlyngeDUGA\"> </a><a name=\"hcSlyngeDUGA\"> </a><a name=\"SlyngeDUGA-en-US\"> </a><p>This  code system <code>https://kip.sundk.dk/fhir/CodeSystem/SlyngeDUGA</code> defines the following codes:</p><table class=\"codes\"><tr><td style=\"white-space:nowrap\"><b>Code</b></td><td><b>Display</b></td><td><b>Definition</b></td></tr><tr><td style=\"white-space:nowrap\">Bard<a name=\"SlyngeDUGA-Bard\"> </a></td><td>Bard</td><td>Bard</td></tr><tr><td style=\"white-space:nowrap\">BostonScientific<a name=\"SlyngeDUGA-BostonScientific\"> </a></td><td>Boston Scientific</td><td>Boston Scientific</td></tr><tr><td style=\"white-space:nowrap\">Cousin<a name=\"SlyngeDUGA-Cousin\"> </a></td><td>Cousin</td><td>Cousin</td></tr><tr><td style=\"white-space:nowrap\">johnson&amp;johnson<a name=\"SlyngeDUGA-johnson.38johnson\"> </a></td><td>Johnson &amp; Johnson</td><td>Johnson &amp; Johnson</td></tr></table></div>"
  },
  "url" : "https://kip.sundk.dk/fhir/CodeSystem/SlyngeDUGA",
  "version" : "0.0.9",
  "name" : "SlyngeDUGA",
  "title" : "Slynge - Urogynækologi (DUGA)",
  "status" : "active",
  "date" : "2024-02-14T00:00:00+02:00",
  "publisher" : "Sundhedsvæsnets Kvalistetsinstitut with Trifork Public A/S",
  "contact" : [{
    "name" : "Sundhedsvæsnets Kvalistetsinstitut with Trifork Public A/S",
    "telecom" : [{
      "system" : "url",
      "value" : "https://trifork.com"
    },
    {
      "system" : "email",
      "value" : "rbk@trifork.com"
    }]
  }],
  "description" : "Slynge - Urogynækologi (DUGA)",
  "content" : "complete",
  "count" : 4,
  "concept" : [{
    "code" : "Bard",
    "display" : "Bard",
    "definition" : "Bard"
  },
  {
    "code" : "BostonScientific",
    "display" : "Boston Scientific",
    "definition" : "Boston Scientific"
  },
  {
    "code" : "Cousin",
    "display" : "Cousin",
    "definition" : "Cousin"
  },
  {
    "code" : "johnson&johnson",
    "display" : "Johnson & Johnson",
    "definition" : "Johnson & Johnson"
  }]
}