{
  "resourceType" : "SearchParameter",
  "id" : "CarePlanSorAuthor",
  "text" : {
    "status" : "generated",
    "div" : "<div xmlns=\"http://www.w3.org/1999/xhtml\"><p class=\"res-header-id\"><b>Generated Narrative: SearchParameter CarePlanSorAuthor</b></p><a name=\"CarePlanSorAuthor\"> </a><a name=\"hcCarePlanSorAuthor\"> </a><a name=\"CarePlanSorAuthor-en-US\"> </a><h2>CarePlan SorAuthor</h2><p>Parameter <code>SorAuthor</code>:<code>token</code></p><div><p>Search by SOR-code as author on a CarePlan</p>\n</div><table class=\"grid\"><tr><td>Resource</td><td><a href=\"http://hl7.org/fhir/R4/careplan.html\">CarePlan</a></td></tr><tr><td>Expression</td><td><code>CarePlan.extension.where(url='SorAuthor')</code></td></tr><tr><td>Multiples</td><td><ul><li>multipleAnd: It's up to the server whether the parameter may repeat in order to specify multiple values that must all be true</li><li>multipleOr: It's up to the server whether the parameter can have multiple values (separated by comma) where at least one must be true</li></ul></td></tr><tr><td>Comparators</td><td>Allowed: eq</td></tr></table></div>"
  },
  "url" : "https://kip.rkkp.dk/fhir/SearchParameter/CarePlanSorAuthor",
  "version" : "2.9.3",
  "name" : "CarePlan SorAuthor",
  "status" : "active",
  "date" : "2025-03-17T14:39:21+00:00",
  "publisher" : "Sundhedsvæsenets Kvalitetsinstitut with Trifork Digital Health A/S",
  "contact" : [{
    "name" : "Sundhedsvæsenets Kvalitetsinstitut with Trifork Digital Health A/S",
    "telecom" : [{
      "system" : "url",
      "value" : "https://trifork.com"
    },
    {
      "system" : "email",
      "value" : "rbk@trifork.com"
    }]
  }],
  "description" : "Search by SOR-code as author on a CarePlan",
  "code" : "SorAuthor",
  "base" : ["CarePlan"],
  "type" : "token",
  "expression" : "CarePlan.extension.where(url='SorAuthor')",
  "comparator" : ["eq"]
}