{
  "resourceType" : "ValueSet",
  "id" : "ASAIVI",
  "text" : {
    "status" : "extensions",
    "div" : "<div xmlns=\"http://www.w3.org/1999/xhtml\"><p class=\"res-header-id\"><b>Generated Narrative: ValueSet ASAIVI</b></p><a name=\"ASAIVI\"> </a><a name=\"hcASAIVI\"> </a><a name=\"ASAIVI-en-US\"> </a><ul><li>Include these codes as defined in <a href=\"CodeSystem-ASAClassification.html\"><code>https://kip.rkkp.dk/fhir/CodeSystem/ASAClassification</code></a><table class=\"none\"><tr><td style=\"white-space:nowrap\"><b>Code</b></td><td><b>Display</b></td><td><b>Definition</b></td></tr><tr><td><a href=\"CodeSystem-ASAClassification.html#ASAClassification-asai\">asai</a></td><td>ASA I - Fortrinlig</td><td>A normal healthy patient</td></tr><tr><td><a href=\"CodeSystem-ASAClassification.html#ASAClassification-asaii\">asaii</a></td><td>ASA II - God</td><td>A patient with mild systemic disease</td></tr><tr><td><a href=\"CodeSystem-ASAClassification.html#ASAClassification-asaiii\">asaiii</a></td><td>ASA III - Moderat påvirket</td><td>A patient with severe systemic disease</td></tr><tr><td><a href=\"CodeSystem-ASAClassification.html#ASAClassification-asaiv\">asaiv</a></td><td>ASA IV - Dårlig</td><td>A patient with severe systemic disease that is a constant threat to life</td></tr><tr><td><a href=\"CodeSystem-ASAClassification.html#ASAClassification-asav\">asav</a></td><td>ASA V - Yderst ringe</td><td>A moribund patient who is not expected to survive without the operation</td></tr><tr><td><a href=\"CodeSystem-ASAClassification.html#ASAClassification-asavi\">asavi</a></td><td>ASA VI - Erklæret hjernedød</td><td>A declared brain-dead patient whose organs are being removed for donor purposes</td></tr></table></li></ul></div>"
  },
  "url" : "https://kip.rkkp.dk/fhir/ValueSet/ASAIVI",
  "version" : "0.2.1",
  "name" : "ASAIVI",
  "title" : "ASA klassifikation I-VI",
  "status" : "active",
  "experimental" : true,
  "date" : "2022-06-14T00:00:00+02:00",
  "publisher" : "Sundhedsvæsnets Kvalistetsinstitut with Trifork Digital Health A/S",
  "contact" : [{
    "name" : "Sundhedsvæsnets Kvalistetsinstitut with Trifork Digital Health A/S",
    "telecom" : [{
      "system" : "url",
      "value" : "https://trifork.com"
    },
    {
      "system" : "email",
      "value" : "rbk@trifork.com"
    }]
  }],
  "description" : "ASA klassifikation I-VI",
  "compose" : {
    "include" : [{
      "system" : "https://kip.rkkp.dk/fhir/CodeSystem/ASAClassification",
      "concept" : [{
        "code" : "asai",
        "display" : "ASA I - Fortrinlig"
      },
      {
        "code" : "asaii",
        "display" : "ASA II - God"
      },
      {
        "code" : "asaiii",
        "display" : "ASA III - Moderat påvirket"
      },
      {
        "code" : "asaiv",
        "display" : "ASA IV - Dårlig"
      },
      {
        "code" : "asav",
        "display" : "ASA V - Yderst ringe"
      },
      {
        "code" : "asavi",
        "display" : "ASA VI - Erklæret hjernedød"
      }]
    }]
  }
}