{
  "resourceType" : "ValueSet",
  "id" : "HarrisHipScoreGangdistance",
  "text" : {
    "status" : "extensions",
    "div" : "<div xmlns=\"http://www.w3.org/1999/xhtml\"><p class=\"res-header-id\"><b>Generated Narrative: ValueSet HarrisHipScoreGangdistance</b></p><a name=\"HarrisHipScoreGangdistance\"> </a><a name=\"hcHarrisHipScoreGangdistance\"> </a><a name=\"HarrisHipScoreGangdistance-en-US\"> </a><ul><li>Include these codes as defined in <a href=\"CodeSystem-HarrisHipScoreDistanceWalked.html\"><code>https://kip.rkkp.dk/fhir/CodeSystem/HarrisHipScoreDistanceWalked</code></a><table class=\"none\"><tr><td style=\"white-space:nowrap\"><b>Code</b></td><td><b>Display</b></td><td><b>Definition</b></td></tr><tr><td><a href=\"CodeSystem-HarrisHipScoreDistanceWalked.html#HarrisHipScoreDistanceWalked-11\">11</a></td><td>Ubegrænset</td><td>Unlimited (11)</td></tr><tr><td><a href=\"CodeSystem-HarrisHipScoreDistanceWalked.html#HarrisHipScoreDistanceWalked-8\">8</a></td><td>1,5-2 km</td><td>Six blocks (30 minutes) (8)</td></tr><tr><td><a href=\"CodeSystem-HarrisHipScoreDistanceWalked.html#HarrisHipScoreDistanceWalked-5\">5</a></td><td>0,5-1 km</td><td>Two og three blocks (10-15 minutes) (5)</td></tr><tr><td><a href=\"CodeSystem-HarrisHipScoreDistanceWalked.html#HarrisHipScoreDistanceWalked-2\">2</a></td><td>Kun indendørs</td><td>Indoors only (2)</td></tr><tr><td><a href=\"CodeSystem-HarrisHipScoreDistanceWalked.html#HarrisHipScoreDistanceWalked-0\">0</a></td><td>Bunden til seng/kørestol</td><td>Bed and chair only (0)</td></tr></table></li></ul></div>"
  },
  "url" : "https://kip.rkkp.dk/fhir/ValueSet/HarrisHipScoreGangdistance",
  "version" : "2.9.3",
  "name" : "HarrisHipScoreGangdistance",
  "title" : "Harris Hip Score - Gangdistance",
  "status" : "active",
  "experimental" : true,
  "date" : "2022-11-15T00:00:00+02:00",
  "publisher" : "Sundhedsvæsenets Kvalitetsinstitut with Trifork Digital Health A/S",
  "contact" : [{
    "name" : "Sundhedsvæsenets Kvalitetsinstitut with Trifork Digital Health A/S",
    "telecom" : [{
      "system" : "url",
      "value" : "https://trifork.com"
    },
    {
      "system" : "email",
      "value" : "rbk@trifork.com"
    }]
  }],
  "description" : "Harris Hip Score - Gangdistance",
  "compose" : {
    "include" : [{
      "system" : "https://kip.rkkp.dk/fhir/CodeSystem/HarrisHipScoreDistanceWalked",
      "concept" : [{
        "code" : "11",
        "display" : "Ubegrænset"
      },
      {
        "code" : "8",
        "display" : "1,5-2 km"
      },
      {
        "code" : "5",
        "display" : "0,5-1 km"
      },
      {
        "code" : "2",
        "display" : "Kun indendørs"
      },
      {
        "code" : "0",
        "display" : "Bunden til seng/kørestol"
      }]
    }]
  }
}