{
  "resourceType" : "ValueSet",
  "id" : "TreatmentTypeOncology",
  "text" : {
    "status" : "extensions",
    "div" : "<div xmlns=\"http://www.w3.org/1999/xhtml\"><p class=\"res-header-id\"><b>Generated Narrative: ValueSet TreatmentTypeOncology</b></p><a name=\"TreatmentTypeOncology\"> </a><a name=\"hcTreatmentTypeOncology\"> </a><a name=\"TreatmentTypeOncology-en-US\"> </a><ul><li>Include these codes as defined in <a href=\"CodeSystem-OncologyTreatmentCurative.html\"><code>https://kip.rkkp.dk/fhir/CodeSystem/OncologyTreatmentCurative</code></a><table class=\"none\"><tr><td style=\"white-space:nowrap\"><b>Code</b></td><td><b>Display</b></td><td><b>Definition</b></td></tr><tr><td><a href=\"CodeSystem-OncologyTreatmentCurative.html#OncologyTreatmentCurative-neoadjuvant\">neoadjuvant</a></td><td>Neo-adjuverende behandling</td><td>Hvis Neo-adjuverende behandling</td></tr><tr><td><a href=\"CodeSystem-OncologyTreatmentCurative.html#OncologyTreatmentCurative-perioperative\">perioperative</a></td><td>Perioperativ behandling</td><td>Hvis Perioperativ behandling</td></tr><tr><td><a href=\"CodeSystem-OncologyTreatmentCurative.html#OncologyTreatmentCurative-adjuvant\">adjuvant</a></td><td>Adjuverende behandling</td><td>Hvis Adjuverende behandling</td></tr></table></li></ul></div>"
  },
  "url" : "https://kip.rkkp.dk/fhir/ValueSet/TreatmentTypeOncology",
  "version" : "2.9.1",
  "name" : "TreatmentTypeOncology",
  "title" : "Behandlingstyper",
  "status" : "active",
  "experimental" : true,
  "date" : "2022-05-16T00:00:00+02:00",
  "publisher" : "Sundhedsvæsnets Kvalistetsinstitut with Trifork Digital Health A/S",
  "contact" : [{
    "name" : "Sundhedsvæsnets Kvalistetsinstitut with Trifork Digital Health A/S",
    "telecom" : [{
      "system" : "url",
      "value" : "https://trifork.com"
    },
    {
      "system" : "email",
      "value" : "rbk@trifork.com"
    }]
  }],
  "description" : "Hvilken behandlingstype blev der valgt",
  "compose" : {
    "include" : [{
      "system" : "https://kip.rkkp.dk/fhir/CodeSystem/OncologyTreatmentCurative",
      "concept" : [{
        "code" : "neoadjuvant",
        "display" : "Neo-adjuverende behandling"
      },
      {
        "code" : "perioperative",
        "display" : "Perioperativ behandling"
      },
      {
        "code" : "adjuvant",
        "display" : "Adjuverende behandling"
      }]
    }]
  }
}