{
  "resourceType" : "ValueSet",
  "id" : "PatobankSNOMEDpTNMpM",
  "text" : {
    "status" : "extensions",
    "div" : "<div xmlns=\"http://www.w3.org/1999/xhtml\"><p class=\"res-header-id\"><b>Generated Narrative: ValueSet PatobankSNOMEDpTNMpM</b></p><a name=\"PatobankSNOMEDpTNMpM\"> </a><a name=\"hcPatobankSNOMEDpTNMpM\"> </a><a name=\"PatobankSNOMEDpTNMpM-en-US\"> </a><ul><li>Include these codes as defined in <a href=\"CodeSystem-PatobankSNOMED.html\"><code>https://kip.rkkp.dk/fhir/CodeSystem/PatobankSNOMED</code></a><table class=\"none\"><tr><td style=\"white-space:nowrap\"><b>Code</b></td><td><b>Display</b></td><td><b>Definition</b></td></tr><tr><td><a href=\"CodeSystem-PatobankSNOMED.html#PatobankSNOMED-AEF2000\">AEF2000</a></td><td>pM0 (ÆF2000)</td><td>ÆF2000 - pM0</td></tr><tr><td><a href=\"CodeSystem-PatobankSNOMED.html#PatobankSNOMED-AEF2010\">AEF2010</a></td><td>pM1 (ÆF2010)</td><td>ÆF2010 - pM1</td></tr></table></li></ul></div>"
  },
  "url" : "https://kip.rkkp.dk/fhir/ValueSet/PatobankSNOMEDpTNMpM",
  "version" : "0.1.8",
  "name" : "PatobankSNOMEDpTNMpM",
  "title" : "Patobank SNOMED: pTNM klassifikation, pM",
  "status" : "active",
  "experimental" : true,
  "date" : "2022-06-08T00:00:00+02:00",
  "publisher" : "Sundhedsvæsnets Kvalistetsinstitut with Trifork Digital Health A/S",
  "contact" : [{
    "name" : "Sundhedsvæsnets Kvalistetsinstitut with Trifork Digital Health A/S",
    "telecom" : [{
      "system" : "url",
      "value" : "https://trifork.com"
    },
    {
      "system" : "email",
      "value" : "rbk@trifork.com"
    }]
  }],
  "description" : "SNOMED koderne relevante pM tillægskoder",
  "compose" : {
    "include" : [{
      "system" : "https://kip.rkkp.dk/fhir/CodeSystem/PatobankSNOMED",
      "concept" : [{
        "code" : "AEF2000",
        "display" : "pM0 (ÆF2000)"
      },
      {
        "code" : "AEF2010",
        "display" : "pM1 (ÆF2010)"
      }]
    }]
  }
}