{
  "resourceType" : "ValueSet",
  "id" : "RevisionHumerusCavitasDSR",
  "text" : {
    "status" : "extensions",
    "div" : "<div xmlns=\"http://www.w3.org/1999/xhtml\"><p class=\"res-header-id\"><b>Generated Narrative: ValueSet RevisionHumerusCavitasDSR</b></p><a name=\"RevisionHumerusCavitasDSR\"> </a><a name=\"hcRevisionHumerusCavitasDSR\"> </a><a name=\"RevisionHumerusCavitasDSR-en-US\"> </a><ul><li>Include these codes as defined in <a href=\"CodeSystem-ImplantComponents.html\"><code>https://kip.rkkp.dk/fhir/CodeSystem/ImplantComponents</code></a><table class=\"none\"><tr><td style=\"white-space:nowrap\"><b>Code</b></td><td><b>Display</b></td><td><b>Definition</b></td></tr><tr><td><a href=\"CodeSystem-ImplantComponents.html#ImplantComponents-humerus\">humerus</a></td><td>Humerus</td><td>Humerus</td></tr><tr><td><a href=\"CodeSystem-ImplantComponents.html#ImplantComponents-cavitas\">cavitas</a></td><td>Cavitas</td><td>Cavitas</td></tr></table></li></ul></div>"
  },
  "url" : "https://kip.rkkp.dk/fhir/ValueSet/RevisionHumerusCavitasDSR",
  "version" : "2.9.1",
  "name" : "RevisionHumerusCavitasDSR",
  "title" : "Revision - Humerus/cavitas (DSR)",
  "status" : "active",
  "experimental" : true,
  "date" : "2022-10-07T00:00:00+02:00",
  "publisher" : "Sundhedsvæsnets Kvalistetsinstitut with Trifork Digital Health A/S",
  "contact" : [{
    "name" : "Sundhedsvæsnets Kvalistetsinstitut with Trifork Digital Health A/S",
    "telecom" : [{
      "system" : "url",
      "value" : "https://trifork.com"
    },
    {
      "system" : "email",
      "value" : "rbk@trifork.com"
    }]
  }],
  "description" : "Revision - Humerus/cavitas (DSR)",
  "compose" : {
    "include" : [{
      "system" : "https://kip.rkkp.dk/fhir/CodeSystem/ImplantComponents",
      "concept" : [{
        "code" : "humerus",
        "display" : "Humerus"
      },
      {
        "code" : "cavitas",
        "display" : "Cavitas"
      }]
    }]
  }
}