{
  "resourceType" : "ValueSet",
  "id" : "ImplantatAnatomiskReverse",
  "text" : {
    "status" : "extensions",
    "div" : "<div xmlns=\"http://www.w3.org/1999/xhtml\"><p class=\"res-header-id\"><b>Generated Narrative: ValueSet ImplantatAnatomiskReverse</b></p><a name=\"ImplantatAnatomiskReverse\"> </a><a name=\"hcImplantatAnatomiskReverse\"> </a><a name=\"ImplantatAnatomiskReverse-en-US\"> </a><ul><li>Include these codes as defined in <a href=\"CodeSystem-ImplantComponents.html\"><code>https://kip.rkkp.dk/fhir/CodeSystem/ImplantComponents</code></a><table class=\"none\"><tr><td style=\"white-space:nowrap\"><b>Code</b></td><td><b>Display</b></td><td><b>Definition</b></td></tr><tr><td><a href=\"CodeSystem-ImplantComponents.html#ImplantComponents-anatomic\">anatomic</a></td><td>Anatomisk</td><td>Anatomic / Anatomisk / SNOMED-CT: 36298004</td></tr><tr><td><a href=\"CodeSystem-ImplantComponents.html#ImplantComponents-reverse\">reverse</a></td><td>Reverse</td><td>Reverse</td></tr></table></li></ul></div>"
  },
  "url" : "https://kip.rkkp.dk/fhir/ValueSet/ImplantatAnatomiskReverse",
  "version" : "2.9.1",
  "name" : "ImplantatAnatomiskReverse",
  "title" : "Implantat - anatomisk/reverse",
  "status" : "active",
  "experimental" : true,
  "date" : "2022-10-06T00:00:00+02:00",
  "publisher" : "Sundhedsvæsnets Kvalistetsinstitut with Trifork Digital Health A/S",
  "contact" : [{
    "name" : "Sundhedsvæsnets Kvalistetsinstitut with Trifork Digital Health A/S",
    "telecom" : [{
      "system" : "url",
      "value" : "https://trifork.com"
    },
    {
      "system" : "email",
      "value" : "rbk@trifork.com"
    }]
  }],
  "description" : "Implantat - anatomisk/reverse",
  "compose" : {
    "include" : [{
      "system" : "https://kip.rkkp.dk/fhir/CodeSystem/ImplantComponents",
      "concept" : [{
        "code" : "anatomic",
        "display" : "Anatomisk"
      },
      {
        "code" : "reverse",
        "display" : "Reverse"
      }]
    }]
  }
}