{
  "resourceType" : "ValueSet",
  "id" : "UMComponentTypeDAMYDA",
  "text" : {
    "status" : "extensions",
    "div" : "<div xmlns=\"http://www.w3.org/1999/xhtml\"><p class=\"res-header-id\"><b>Generated Narrative: ValueSet UMComponentTypeDAMYDA</b></p><a name=\"UMComponentTypeDAMYDA\"> </a><a name=\"hcUMComponentTypeDAMYDA\"> </a><a name=\"UMComponentTypeDAMYDA-en-US\"> </a><ul><li>Include these codes as defined in <a href=\"CodeSystem-MComponentType.html\"><code>https://kip.rkkp.dk/fhir/CodeSystem/MComponentType</code></a><table class=\"none\"><tr><td style=\"white-space:nowrap\"><b>Code</b></td><td><b>Display</b></td><td><b>Definition</b></td></tr><tr><td><a href=\"CodeSystem-MComponentType.html#MComponentType-kappa\">kappa</a></td><td>Kappa</td><td>Kappa (frie kæder)</td></tr><tr><td><a href=\"CodeSystem-MComponentType.html#MComponentType-lambda\">lambda</a></td><td>Lambda</td><td>Lambda (frie kæder)</td></tr></table></li></ul></div>"
  },
  "url" : "https://kip.rkkp.dk/fhir/ValueSet/UMComponentTypeDAMYDA",
  "version" : "2.9.3",
  "name" : "UMComponentTypeDAMYDA",
  "title" : "U-M komponent type",
  "status" : "active",
  "experimental" : true,
  "date" : "2022-07-14T00:00:00+02:00",
  "publisher" : "Sundhedsvæsenets Kvalitetsinstitut with Trifork Digital Health A/S",
  "contact" : [{
    "name" : "Sundhedsvæsenets Kvalitetsinstitut with Trifork Digital Health A/S",
    "telecom" : [{
      "system" : "url",
      "value" : "https://trifork.com"
    },
    {
      "system" : "email",
      "value" : "rbk@trifork.com"
    }]
  }],
  "description" : "U-M komponent type [DAMYDA]",
  "compose" : {
    "include" : [{
      "system" : "https://kip.rkkp.dk/fhir/CodeSystem/MComponentType",
      "concept" : [{
        "code" : "kappa",
        "display" : "Kappa"
      },
      {
        "code" : "lambda",
        "display" : "Lambda"
      }]
    }]
  }
}