{
  "resourceType" : "ValueSet",
  "id" : "FunktionsgruppeDHR",
  "text" : {
    "status" : "extensions",
    "div" : "<div xmlns=\"http://www.w3.org/1999/xhtml\"><p class=\"res-header-id\"><b>Generated Narrative: ValueSet FunktionsgruppeDHR</b></p><a name=\"FunktionsgruppeDHR\"> </a><a name=\"hcFunktionsgruppeDHR\"> </a><a name=\"FunktionsgruppeDHR-en-US\"> </a><p>This value set includes codes based on the following rules:</p><ul><li>Include these codes as defined in <a href=\"CodeSystem-FunctionGroupAlloplasty.html\"><code>https://kip.rkkp.dk/fhir/CodeSystem/FunctionGroupAlloplasty</code></a><table class=\"none\"><tr><td style=\"white-space:nowrap\"><b>Code</b></td><td><b>Display</b></td><td><b>Definition</b></td></tr><tr><td><a href=\"CodeSystem-FunctionGroupAlloplasty.html#FunctionGroupAlloplasty-one_hip\">one_hip</a></td><td>En hofte afficeret</td><td>One hip affected</td></tr><tr><td><a href=\"CodeSystem-FunctionGroupAlloplasty.html#FunctionGroupAlloplasty-both_hips\">both_hips</a></td><td>Begge hofter afficerede</td><td>Both hips affected</td></tr></table></li><li>Include these codes as defined in <a href=\"CodeSystem-GenericValues.html\"><code>https://kip.rkkp.dk/fhir/CodeSystem/GenericValues</code></a><table class=\"none\"><tr><td style=\"white-space:nowrap\"><b>Code</b></td><td><b>Display</b></td><td><b>Definition</b></td></tr><tr><td><a href=\"CodeSystem-GenericValues.html#GenericValues-other\">other</a></td><td>Anden funktionshæmmende lidelse</td><td>Other - used to choose unspecific value not in a valueset</td></tr></table></li></ul></div>"
  },
  "url" : "https://kip.rkkp.dk/fhir/ValueSet/FunktionsgruppeDHR",
  "version" : "2.9.1",
  "name" : "FunktionsgruppeDHR",
  "title" : "Funktionsgruppe [DHR]",
  "status" : "active",
  "experimental" : true,
  "date" : "2022-07-04T00:00:00+02:00",
  "publisher" : "Sundhedsvæsnets Kvalistetsinstitut with Trifork Digital Health A/S",
  "contact" : [{
    "name" : "Sundhedsvæsnets Kvalistetsinstitut with Trifork Digital Health A/S",
    "telecom" : [{
      "system" : "url",
      "value" : "https://trifork.com"
    },
    {
      "system" : "email",
      "value" : "rbk@trifork.com"
    }]
  }],
  "description" : "Funktionsgruppe [DHR]",
  "compose" : {
    "include" : [{
      "system" : "https://kip.rkkp.dk/fhir/CodeSystem/FunctionGroupAlloplasty",
      "concept" : [{
        "code" : "one_hip",
        "display" : "En hofte afficeret"
      },
      {
        "code" : "both_hips",
        "display" : "Begge hofter afficerede"
      }]
    },
    {
      "system" : "https://kip.rkkp.dk/fhir/CodeSystem/GenericValues",
      "concept" : [{
        "code" : "other",
        "display" : "Anden funktionshæmmende lidelse"
      }]
    }]
  }
}