{
  "resourceType" : "ValueSet",
  "id" : "NIHSS1bBevidsthedsniveau",
  "text" : {
    "status" : "extensions",
    "div" : "<div xmlns=\"http://www.w3.org/1999/xhtml\"><p class=\"res-header-id\"><b>Generated Narrative: ValueSet NIHSS1bBevidsthedsniveau</b></p><a name=\"NIHSS1bBevidsthedsniveau\"> </a><a name=\"hcNIHSS1bBevidsthedsniveau\"> </a><a name=\"NIHSS1bBevidsthedsniveau-en-US\"> </a><ul><li>Include these codes as defined in <a href=\"CodeSystem-NIHSS1bLOC.html\"><code>https://kip.rkkp.dk/fhir/CodeSystem/NIHSS1bLOC</code></a><table class=\"none\"><tr><td style=\"white-space:nowrap\"><b>Code</b></td><td><b>Display</b></td><td><b>Definition</b></td></tr><tr><td><a href=\"CodeSystem-NIHSS1bLOC.html#NIHSS1bLOC-0\">0</a></td><td>0 = Begge svar korrekt</td><td>Answers both questions correctly.</td></tr><tr><td><a href=\"CodeSystem-NIHSS1bLOC.html#NIHSS1bLOC-1\">1</a></td><td>1 = Ét af svarene korrekt</td><td>Answers one question correctly.</td></tr><tr><td><a href=\"CodeSystem-NIHSS1bLOC.html#NIHSS1bLOC-2\">2</a></td><td>2 = Ingen af svarene er korrekte</td><td>Answers neither question correctly.</td></tr></table></li></ul></div>"
  },
  "url" : "https://kip.rkkp.dk/fhir/ValueSet/NIHSS1bBevidsthedsniveau",
  "version" : "0.1.8",
  "name" : "NIHSS1bBevidsthedsniveau",
  "title" : "NIHSS - 1b. Bevidsthedsniveau: spørgsmål",
  "status" : "active",
  "experimental" : true,
  "date" : "2022-06-24T00:00:00+02:00",
  "publisher" : "Sundhedsvæsnets Kvalistetsinstitut with Trifork Digital Health A/S",
  "contact" : [{
    "name" : "Sundhedsvæsnets Kvalistetsinstitut with Trifork Digital Health A/S",
    "telecom" : [{
      "system" : "url",
      "value" : "https://trifork.com"
    },
    {
      "system" : "email",
      "value" : "rbk@trifork.com"
    }]
  }],
  "description" : "The National Institute of Health Stroke Scale (NIHSS) - 1b. Bevidsthedsniveau: spørgsmål",
  "compose" : {
    "include" : [{
      "system" : "https://kip.rkkp.dk/fhir/CodeSystem/NIHSS1bLOC",
      "concept" : [{
        "code" : "0",
        "display" : "0 = Begge svar korrekt"
      },
      {
        "code" : "1",
        "display" : "1 = Ét af svarene korrekt"
      },
      {
        "code" : "2",
        "display" : "2 = Ingen af svarene er korrekte"
      }]
    }]
  }
}