{
  "resourceType" : "ValueSet",
  "id" : "SOROverflytningRETSPSYKNJ",
  "text" : {
    "status" : "extensions",
    "div" : "<div xmlns=\"http://www.w3.org/1999/xhtml\"><p class=\"res-header-id\"><b>Generated Narrative: ValueSet SOROverflytningRETSPSYKNJ</b></p><a name=\"SOROverflytningRETSPSYKNJ\"> </a><a name=\"hcSOROverflytningRETSPSYKNJ\"> </a><a name=\"SOROverflytningRETSPSYKNJ-en-US\"> </a><ul><li>Include these codes as defined in <a href=\"CodeSystem-SOR.html\"><code>https://kip.rkkp.dk/fhir/CodeSystem/SOR</code></a><table class=\"none\"><tr><td style=\"white-space:nowrap\"><b>Code</b></td><td><b>Display</b></td><td><b>Definition</b></td></tr><tr><td><a href=\"CodeSystem-SOR.html#SOR-278121000016009\">278121000016009</a></td><td>PS Almenpsykiatrisk Afdeling, Nord</td><td>Psykiatrien Nordjylland - PS Klinik Nord</td></tr><tr><td><a href=\"CodeSystem-SOR.html#SOR-983051000016003\">983051000016003</a></td><td>Brø Amb Midtv. Brøn. Psykose</td><td>Psykiatrien Nordjylland - Brø Amb Midtv. Brøn. Psykose</td></tr><tr><td><a href=\"CodeSystem-SOR.html#SOR-983041000016001\">983041000016001</a></td><td>Brø Amb Midtv. Hjør. Psykose</td><td>Psykiatrien Nordjylland - Brø Amb Midtv. Hjør. Psykose</td></tr><tr><td><a href=\"CodeSystem-SOR.html#SOR-698861000016003\">698861000016003</a></td><td>Brø Amb Midtv. Affektiv </td><td>Psykiatrien Nordjylland - Brø Amb Midtv. Affektiv</td></tr><tr><td><a href=\"CodeSystem-SOR.html#SOR-278291000016004\">278291000016004</a></td><td>PS Almenpsykiatrisk Afdeling, Syd</td><td>Psykiatrien Nordjylland  - PS Klinik Syd</td></tr><tr><td><a href=\"CodeSystem-SOR.html#SOR-278321000016007\">278321000016007</a></td><td>PS Almenpsykiatrisk, Syd Ambulatorier  </td><td>Psykiatrien Nordjylland - PS Klinik Syd Ambulatorier</td></tr><tr><td><a href=\"CodeSystem-SOR.html#SOR-278231000016000\">278231000016000</a></td><td>PS Retspsykiatrisk Sengeafsnit</td><td>Psykiatrien Nordjylland - PS Klinik Syd Retspsykiatri</td></tr><tr><td><a href=\"CodeSystem-SOR.html#SOR-278221000016002\">278221000016002</a></td><td>PS Retspsykiatrisk Afdeling</td><td>Psykiatrien Nordjylland - PS Retspsykiatri</td></tr><tr><td><a href=\"CodeSystem-SOR.html#SOR-278191000016007\">278191000016007</a></td><td>PS Ældrepsykiatrisk Afdeling</td><td>PS Ældrepsykiatrisk Afdeling</td></tr><tr><td><a href=\"CodeSystem-SOR.html#SOR-625211000016002\">625211000016002</a></td><td>Brø Amb Angst og Tvangssygdom </td><td>Brø Amb Angst og Tvangssygdom</td></tr><tr><td><a href=\"CodeSystem-SOR.html#SOR-456481000016000\">456481000016000</a></td><td>Brø Amb Personlighedspsykiatri</td><td/></tr><tr><td><a href=\"CodeSystem-SOR.html#SOR-576481000016005\">576481000016005</a></td><td>Brø Amb Psyk Udviklingshæmmede</td><td>Brø Amb Psyk Udviklingshæmmede</td></tr><tr><td><a href=\"CodeSystem-SOR.html#SOR-1060741000016000\">1060741000016000</a></td><td>TM Psyk Amb Thy-Mors Bosted</td><td>TM Psyk Amb Thy-Mors Bosted</td></tr><tr><td><a href=\"CodeSystem-SOR.html#SOR-1060711000016001\">1060711000016001</a></td><td>TM Psyk Amb Thy-Mors Psykose</td><td>TM Psyk Amb Thy-Mors Psykose</td></tr><tr><td><a href=\"CodeSystem-SOR.html#SOR-495051000016001\">495051000016001</a></td><td>Thy Psyk Amb Thy-Mors</td><td>Thy Psyk Amb Thy-Mors</td></tr><tr><td><a href=\"CodeSystem-SOR.html#SOR-366121000016007\">366121000016007</a></td><td>Frh Psyk Amb Frederikshavn</td><td>Frh Psyk Amb Frederikshavn</td></tr><tr><td><a href=\"CodeSystem-SOR.html#SOR-1066921000016005\">1066921000016005</a></td><td>Frh Psyk Amb Frederikshavn Psykose</td><td>Frh Psyk Amb Frederikshavn Psykose</td></tr><tr><td><a href=\"CodeSystem-SOR.html#SOR-278131000016006\">278131000016006</a></td><td>PS Almenpsykiatrisk, Nord Sengeafsnit</td><td>PS Almenpsykiatrisk, Nord Sengeafsnit</td></tr><tr><td><a href=\"CodeSystem-SOR.html#SOR-278211000016006\">278211000016006</a></td><td>PS Ældrepsykiatrisk Ambulatorier</td><td>PS Ældrepsykiatrisk Ambulatorier</td></tr><tr><td><a href=\"CodeSystem-SOR.html#SOR-278201000016009\">278201000016009</a></td><td>PS Ældrepsykiatrisk Sengeafsnit</td><td>PS Ældrepsykiatrisk Sengeafsnit</td></tr><tr><td><a href=\"CodeSystem-SOR.html#SOR-366391000016008\">366391000016008</a></td><td>Alb Amb Angst og Tvangssygdom</td><td>Alb Amb Angst og Tvangssygdom</td></tr><tr><td><a href=\"CodeSystem-SOR.html#SOR-366381000016006\">366381000016006</a></td><td>Alb Amb Personlighedsforstyrrelser</td><td>Alb Amb Personlighedsforstyrrelser</td></tr><tr><td><a href=\"CodeSystem-SOR.html#SOR-983011000016002\">983011000016002</a></td><td>Alb Amb Psykose Aalborg Centrum </td><td>Alb Amb Psykose Aalborg Centrum</td></tr><tr><td><a href=\"CodeSystem-SOR.html#SOR-983021000016006\">983021000016006</a></td><td>Alb Amb Psykose Aalborg SydØst</td><td>Alb Amb Psykose Aalborg SydØst</td></tr><tr><td><a href=\"CodeSystem-SOR.html#SOR-983031000016008\">983031000016008</a></td><td>Alb Amb Psykose Himmerland</td><td>Alb Amb Psykose Himmerland</td></tr><tr><td><a href=\"CodeSystem-SOR.html#SOR-366411000016008\">366411000016008</a></td><td>Alb Amb Psykose specialafsnit</td><td>Alb Amb Psykose specialafsnit</td></tr><tr><td><a href=\"CodeSystem-SOR.html#SOR-438091000016005\">438091000016005</a></td><td>Alb Amb Unge med Skizofreni</td><td>Alb Amb Unge med Skizofreni</td></tr><tr><td><a href=\"CodeSystem-SOR.html#SOR-508591000016003\">508591000016003</a></td><td>Alb Amb for ADHD Voksne</td><td>Alb Amb for ADHD Voksne</td></tr><tr><td><a href=\"CodeSystem-SOR.html#SOR-685871000016000\">685871000016000</a></td><td>Alb Amb for Bipolar Lidelse</td><td>Alb Amb for Bipolar Lidelse</td></tr><tr><td><a href=\"CodeSystem-SOR.html#SOR-366431000016002\">366431000016002</a></td><td>Alb Amb for Depression</td><td>Alb Amb for Depression</td></tr><tr><td><a href=\"CodeSystem-SOR.html#SOR-983001000016004\">983001000016004</a></td><td>Alm Amb Psykose Aalborg Nord</td><td>Alm Amb Psykose Aalborg Nord</td></tr><tr><td><a href=\"CodeSystem-SOR.html#SOR-278301000016000\">278301000016000</a></td><td>PS Almenpsykiatrisk, Syd Sengeafsnit</td><td>PS Almenpsykiatrisk, Syd Sengeafsnit</td></tr></table></li></ul></div>"
  },
  "url" : "https://kip.rkkp.dk/fhir/ValueSet/SOROverflytningRETSPSYKNJ",
  "version" : "2.9.3",
  "name" : "SOROverflytningRETSPSYKNJ",
  "title" : "SOR: Overflytning Nordjylland (RETSPSYK)",
  "status" : "active",
  "experimental" : true,
  "date" : "2024-03-13T00:00:00+02:00",
  "publisher" : "Sundhedsvæsenets Kvalitetsinstitut with Trifork Digital Health A/S",
  "contact" : [{
    "name" : "Sundhedsvæsenets Kvalitetsinstitut with Trifork Digital Health A/S",
    "telecom" : [{
      "system" : "url",
      "value" : "https://trifork.com"
    },
    {
      "system" : "email",
      "value" : "rbk@trifork.com"
    }]
  }],
  "description" : "SOR: Overflytning Nordjylland (RETSPSYK)",
  "compose" : {
    "include" : [{
      "system" : "https://kip.rkkp.dk/fhir/CodeSystem/SOR",
      "concept" : [{
        "code" : "278121000016009",
        "display" : "PS Almenpsykiatrisk Afdeling, Nord"
      },
      {
        "code" : "983051000016003",
        "display" : "Brø Amb Midtv. Brøn. Psykose"
      },
      {
        "code" : "983041000016001",
        "display" : "Brø Amb Midtv. Hjør. Psykose"
      },
      {
        "code" : "698861000016003",
        "display" : "Brø Amb Midtv. Affektiv "
      },
      {
        "code" : "278291000016004",
        "display" : "PS Almenpsykiatrisk Afdeling, Syd"
      },
      {
        "code" : "278321000016007",
        "display" : "PS Almenpsykiatrisk, Syd Ambulatorier  "
      },
      {
        "code" : "278231000016000",
        "display" : "PS Retspsykiatrisk Sengeafsnit"
      },
      {
        "code" : "278221000016002",
        "display" : "PS Retspsykiatrisk Afdeling"
      },
      {
        "code" : "278191000016007",
        "display" : "PS Ældrepsykiatrisk Afdeling"
      },
      {
        "code" : "625211000016002",
        "display" : "Brø Amb Angst og Tvangssygdom "
      },
      {
        "code" : "456481000016000",
        "display" : "Brø Amb Personlighedspsykiatri"
      },
      {
        "code" : "576481000016005",
        "display" : "Brø Amb Psyk Udviklingshæmmede"
      },
      {
        "code" : "1060741000016000",
        "display" : "TM Psyk Amb Thy-Mors Bosted"
      },
      {
        "code" : "1060711000016001",
        "display" : "TM Psyk Amb Thy-Mors Psykose"
      },
      {
        "code" : "495051000016001",
        "display" : "Thy Psyk Amb Thy-Mors"
      },
      {
        "code" : "366121000016007",
        "display" : "Frh Psyk Amb Frederikshavn"
      },
      {
        "code" : "1066921000016005",
        "display" : "Frh Psyk Amb Frederikshavn Psykose"
      },
      {
        "code" : "278131000016006",
        "display" : "PS Almenpsykiatrisk, Nord Sengeafsnit"
      },
      {
        "code" : "278211000016006",
        "display" : "PS Ældrepsykiatrisk Ambulatorier"
      },
      {
        "code" : "278201000016009",
        "display" : "PS Ældrepsykiatrisk Sengeafsnit"
      },
      {
        "code" : "366391000016008",
        "display" : "Alb Amb Angst og Tvangssygdom"
      },
      {
        "code" : "366381000016006",
        "display" : "Alb Amb Personlighedsforstyrrelser"
      },
      {
        "code" : "983011000016002",
        "display" : "Alb Amb Psykose Aalborg Centrum "
      },
      {
        "code" : "983021000016006",
        "display" : "Alb Amb Psykose Aalborg SydØst"
      },
      {
        "code" : "983031000016008",
        "display" : "Alb Amb Psykose Himmerland"
      },
      {
        "code" : "366411000016008",
        "display" : "Alb Amb Psykose specialafsnit"
      },
      {
        "code" : "438091000016005",
        "display" : "Alb Amb Unge med Skizofreni"
      },
      {
        "code" : "508591000016003",
        "display" : "Alb Amb for ADHD Voksne"
      },
      {
        "code" : "685871000016000",
        "display" : "Alb Amb for Bipolar Lidelse"
      },
      {
        "code" : "366431000016002",
        "display" : "Alb Amb for Depression"
      },
      {
        "code" : "983001000016004",
        "display" : "Alm Amb Psykose Aalborg Nord"
      },
      {
        "code" : "278301000016000",
        "display" : "PS Almenpsykiatrisk, Syd Sengeafsnit"
      }]
    }]
  }
}