{
  "resourceType" : "ValueSet",
  "id" : "Resektionstype",
  "text" : {
    "status" : "extensions",
    "div" : "<div xmlns=\"http://www.w3.org/1999/xhtml\"><p class=\"res-header-id\"><b>Generated Narrative: ValueSet Resektionstype</b></p><a name=\"Resektionstype\"> </a><a name=\"hcResektionstype\"> </a><a name=\"Resektionstype-en-US\"> </a><ul><li>Include these codes as defined in <a href=\"CodeSystem-ResectionType.html\"><code>https://kip.rkkp.dk/fhir/CodeSystem/ResectionType</code></a><table class=\"none\"><tr><td style=\"white-space:nowrap\"><b>Code</b></td><td><b>Display</b></td><td><b>Definition</b></td></tr><tr><td><a href=\"CodeSystem-ResectionType.html#ResectionType-gastrectomy\">gastrectomy</a></td><td>Gastrektomi og øsofagojejunostomi (Roux) [KJDD00]</td><td>Gastrektomi og øsofagojejunostomi (Roux) [KJDD00]</td></tr><tr><td><a href=\"CodeSystem-ResectionType.html#ResectionType-ventricular\">ventricular</a></td><td>Ventrikelresektion med gastrojejunostomi [KJDC20/KJCD30]</td><td>Ventrikelresektion med gastrojejunostomi [KJDC20/KJCD30]</td></tr><tr><td><a href=\"CodeSystem-ResectionType.html#ResectionType-transthoracic_ventricular\">transthoracic_ventricular</a></td><td>Transtorakal øsofagustresektion og ventrikelresektion med øsofagogastrostomi [KJCC10/KJCC11]</td><td>Transtorakal øsofagustresektion og ventrikelresektion med øsofagogastrostomi [KJCC10/KJCC11]</td></tr><tr><td><a href=\"CodeSystem-ResectionType.html#ResectionType-transhiatal_ventricular\">transhiatal_ventricular</a></td><td>Transhiatal øsofagusresektion og ventrikelresektion med øsofagogastrostomi [KJCC00/KJDC40]</td><td>Transhiatal øsofagusresektion og ventrikelresektion med øsofagogastrostomi [KJCC00/KJDC40]</td></tr><tr><td><a href=\"CodeSystem-ResectionType.html#ResectionType-transthoracic_intestine\">transthoracic_intestine</a></td><td>Transtorakal øsofagusresektion med interposition af tarm [KJCC30]</td><td>Transtorakal øsofagusresektion med interposition af tarm [KJCC30]</td></tr><tr><td><a href=\"CodeSystem-ResectionType.html#ResectionType-transhiatal_intestine\">transhiatal_intestine</a></td><td>Transhiatal øsofagusresektion med interposition af tarm [KJCC20]</td><td>Transhiatal øsofagusresektion med interposition af tarm [KJCC20]</td></tr><tr><td><a href=\"CodeSystem-ResectionType.html#ResectionType-endoscopic\">endoscopic</a></td><td>Endoskopisk [KJCA52/KJCA52A/KJCA52B/KJCA52C]</td><td>Endoskopisk [KJCA52/KJCA52A/KJCA52B/KJCA52C]</td></tr><tr><td><a href=\"CodeSystem-ResectionType.html#ResectionType-otheresophagus\">otheresophagus</a></td><td>Anden resektion af øsofagus med rekonstruktion med frit transplantat</td><td>Anden resektion af øsofagus med rekonstruktion med frit transplantat</td></tr><tr><td><a href=\"CodeSystem-ResectionType.html#ResectionType-other\">other</a></td><td>Andet</td><td>Andet</td></tr></table></li></ul></div>"
  },
  "url" : "https://kip.rkkp.dk/fhir/ValueSet/Resektionstype",
  "version" : "0.1.8",
  "name" : "Resektionstype",
  "title" : "Resektionstype",
  "status" : "active",
  "experimental" : true,
  "date" : "2022-06-08T00:00:00+02:00",
  "publisher" : "Sundhedsvæsnets Kvalistetsinstitut with Trifork Digital Health A/S",
  "contact" : [{
    "name" : "Sundhedsvæsnets Kvalistetsinstitut with Trifork Digital Health A/S",
    "telecom" : [{
      "system" : "url",
      "value" : "https://trifork.com"
    },
    {
      "system" : "email",
      "value" : "rbk@trifork.com"
    }]
  }],
  "description" : "Resektionstype for kræft databaser (DEGC)",
  "compose" : {
    "include" : [{
      "system" : "https://kip.rkkp.dk/fhir/CodeSystem/ResectionType",
      "concept" : [{
        "code" : "gastrectomy",
        "display" : "Gastrektomi og øsofagojejunostomi (Roux) [KJDD00]"
      },
      {
        "code" : "ventricular",
        "display" : "Ventrikelresektion med gastrojejunostomi [KJDC20/KJCD30]"
      },
      {
        "code" : "transthoracic_ventricular",
        "display" : "Transtorakal øsofagustresektion og ventrikelresektion med øsofagogastrostomi [KJCC10/KJCC11]"
      },
      {
        "code" : "transhiatal_ventricular",
        "display" : "Transhiatal øsofagusresektion og ventrikelresektion med øsofagogastrostomi [KJCC00/KJDC40]"
      },
      {
        "code" : "transthoracic_intestine",
        "display" : "Transtorakal øsofagusresektion med interposition af tarm [KJCC30]"
      },
      {
        "code" : "transhiatal_intestine",
        "display" : "Transhiatal øsofagusresektion med interposition af tarm [KJCC20]"
      },
      {
        "code" : "endoscopic",
        "display" : "Endoskopisk [KJCA52/KJCA52A/KJCA52B/KJCA52C]"
      },
      {
        "code" : "otheresophagus",
        "display" : "Anden resektion af øsofagus med rekonstruktion med frit transplantat"
      },
      {
        "code" : "other",
        "display" : "Andet"
      }]
    }]
  }
}