{
  "resourceType" : "ValueSet",
  "id" : "CementBlandesystemDHR",
  "text" : {
    "status" : "extensions",
    "div" : "<div xmlns=\"http://www.w3.org/1999/xhtml\"><p class=\"res-header-id\"><b>Generated Narrative: ValueSet CementBlandesystemDHR</b></p><a name=\"CementBlandesystemDHR\"> </a><a name=\"hcCementBlandesystemDHR\"> </a><a name=\"CementBlandesystemDHR-en-US\"> </a><ul><li>Include these codes as defined in <a href=\"CodeSystem-ImplantComponents.html\"><code>https://kip.rkkp.dk/fhir/CodeSystem/ImplantComponents</code></a><table class=\"none\"><tr><td style=\"white-space:nowrap\"><b>Code</b></td><td><b>Display</b></td><td><b>Definition</b></td></tr><tr><td><a href=\"CodeSystem-ImplantComponents.html#ImplantComponents-open_mixture\">open_mixture</a></td><td>Åben blanding af væske og pulver</td><td>Open mixture / Åben blanding af væske og pulver</td></tr><tr><td><a href=\"CodeSystem-ImplantComponents.html#ImplantComponents-closed_mixture\">closed_mixture</a></td><td>Fuldstændig lukket blanding af væske og pulver</td><td>Closed mixture / Fuldstændig lukket blanding af væske og pulver</td></tr></table></li></ul></div>"
  },
  "url" : "https://kip.rkkp.dk/fhir/ValueSet/CementBlandesystemDHR",
  "version" : "2.9.1",
  "name" : "CementBlandesystemDHR",
  "title" : "Cement blandesystem (DHR)",
  "status" : "active",
  "experimental" : true,
  "date" : "2022-11-07T00:00:00+02:00",
  "publisher" : "Sundhedsvæsnets Kvalistetsinstitut with Trifork Digital Health A/S",
  "contact" : [{
    "name" : "Sundhedsvæsnets Kvalistetsinstitut with Trifork Digital Health A/S",
    "telecom" : [{
      "system" : "url",
      "value" : "https://trifork.com"
    },
    {
      "system" : "email",
      "value" : "rbk@trifork.com"
    }]
  }],
  "description" : "Cement blandesystem (DHR)",
  "compose" : {
    "include" : [{
      "system" : "https://kip.rkkp.dk/fhir/CodeSystem/ImplantComponents",
      "concept" : [{
        "code" : "open_mixture",
        "display" : "Åben blanding af væske og pulver"
      },
      {
        "code" : "closed_mixture",
        "display" : "Fuldstændig lukket blanding af væske og pulver"
      }]
    }]
  }
}