{
  "resourceType" : "ValueSet",
  "id" : "KomplikationerEndovaskulaerSAH",
  "text" : {
    "status" : "extensions",
    "div" : "<div xmlns=\"http://www.w3.org/1999/xhtml\"><p class=\"res-header-id\"><b>Generated Narrative: ValueSet KomplikationerEndovaskulaerSAH</b></p><a name=\"KomplikationerEndovaskulaerSAH\"> </a><a name=\"hcKomplikationerEndovaskulaerSAH\"> </a><a name=\"KomplikationerEndovaskulaerSAH-en-US\"> </a><ul><li>Include these codes as defined in <a href=\"CodeSystem-Complications.html\"><code>https://kip.rkkp.dk/fhir/CodeSystem/Complications</code></a><table class=\"none\"><tr><td style=\"white-space:nowrap\"><b>Code</b></td><td><b>Display</b></td><td><b>Definition</b></td></tr><tr><td><a href=\"CodeSystem-Complications.html#Complications-dissection\">dissection</a></td><td>Dissektion</td><td>Dissektion</td></tr><tr><td><a href=\"CodeSystem-Complications.html#Complications-bloodvessel.47aneurysm\">bloodvessel/aneurysm</a></td><td>Perforation af aneurismet eller kar</td><td>Perforation af kar eller aneurisme</td></tr><tr><td><a href=\"CodeSystem-Complications.html#Complications-thromboembolic\">thromboembolic</a></td><td>Tromboemboliske komplikationer som medfører infarkt inden for 24 timer</td><td>Tromboemboliske komplikationer som medfører infarkt inden for 24 timer</td></tr><tr><td><a href=\"CodeSystem-Complications.html#Complications-groinbleeding\">groinbleeding</a></td><td>Alvorlig blødning fra lysken</td><td>Alvorlig blødning fra lysken</td></tr><tr><td><a href=\"CodeSystem-Complications.html#Complications-mechanical\">mechanical</a></td><td>Mekaniske komplikationer</td><td>Mekaniske komplikationer</td></tr></table></li></ul></div>"
  },
  "url" : "https://kip.rkkp.dk/fhir/ValueSet/KomplikationerEndovaskulaerSAH",
  "version" : "2.9.3",
  "name" : "KomplikationerEndovaskulaerSAH",
  "title" : "Komplikationer, endovaskulær [SAH]",
  "status" : "active",
  "experimental" : true,
  "date" : "2022-06-08T00:00:00+02:00",
  "publisher" : "Sundhedsvæsenets Kvalitetsinstitut with Trifork Digital Health A/S",
  "contact" : [{
    "name" : "Sundhedsvæsenets Kvalitetsinstitut with Trifork Digital Health A/S",
    "telecom" : [{
      "system" : "url",
      "value" : "https://trifork.com"
    },
    {
      "system" : "email",
      "value" : "rbk@trifork.com"
    }]
  }],
  "description" : "Komplikationer i forhold til endovaskulær [SAH]",
  "compose" : {
    "include" : [{
      "system" : "https://kip.rkkp.dk/fhir/CodeSystem/Complications",
      "concept" : [{
        "code" : "dissection",
        "display" : "Dissektion"
      },
      {
        "code" : "bloodvessel/aneurysm",
        "display" : "Perforation af aneurismet eller kar"
      },
      {
        "code" : "thromboembolic",
        "display" : "Tromboemboliske komplikationer som medfører infarkt inden for 24 timer"
      },
      {
        "code" : "groinbleeding",
        "display" : "Alvorlig blødning fra lysken"
      },
      {
        "code" : "mechanical",
        "display" : "Mekaniske komplikationer"
      }]
    }]
  }
}