{
  "resourceType" : "ValueSet",
  "id" : "KomplInfektionDiagDUGA",
  "text" : {
    "status" : "extensions",
    "div" : "<div xmlns=\"http://www.w3.org/1999/xhtml\"><p class=\"res-header-id\"><b>Generated Narrative: ValueSet KomplInfektionDiagDUGA</b></p><a name=\"KomplInfektionDiagDUGA\"> </a><a name=\"hcKomplInfektionDiagDUGA\"> </a><a name=\"KomplInfektionDiagDUGA-en-US\"> </a><ul><li>Include these codes as defined in <a href=\"CodeSystem-ProcedureUrogyn.html\"><code>https://kip.rkkp.dk/fhir/CodeSystem/ProcedureUrogyn</code></a><table class=\"none\"><tr><td style=\"white-space:nowrap\"><b>Code</b></td><td><b>Display</b></td><td><b>Definition</b></td></tr><tr><td><a href=\"CodeSystem-ProcedureUrogyn.html#ProcedureUrogyn-DT814F\">DT814F</a></td><td>DT814F: Postoperativ sårinfektion</td><td>Postoperativ sårinfektion</td></tr><tr><td><a href=\"CodeSystem-ProcedureUrogyn.html#ProcedureUrogyn-DT814U\">DT814U</a></td><td>DT814U: Postoperativ urinvejsinfektion</td><td>Postoperativ urinvejsinfektion</td></tr><tr><td><a href=\"CodeSystem-ProcedureUrogyn.html#ProcedureUrogyn-DT835\">DT835</a></td><td>DT835: Infektion eller inflammation omkring protese, implantat eller transplantat i urinvejene</td><td>Infektion eller inflammation omkring protese, implantat eller transplantat i urinvejene</td></tr><tr><td><a href=\"CodeSystem-ProcedureUrogyn.html#ProcedureUrogyn-DT836\">DT836</a></td><td>DT836: Infektion eller inflammation omkring protese, implantat eller transplantat i kønsorganerne</td><td>Infektion eller inflammation omkring protese, implantat eller transplantat i kønsorganerne</td></tr></table></li></ul></div>"
  },
  "url" : "https://kip.rkkp.dk/fhir/ValueSet/KomplInfektionDiagDUGA",
  "version" : "2.9.0",
  "name" : "KomplInfektionDiagDUGA",
  "title" : "Komplikationer pga. infektion eller erosion - Diagnosekoder (DUGA)",
  "status" : "active",
  "experimental" : true,
  "date" : "2024-02-21T00:00:00+02:00",
  "publisher" : "Sundhedsvæsnets Kvalistetsinstitut with Trifork Digital Health A/S",
  "contact" : [{
    "name" : "Sundhedsvæsnets Kvalistetsinstitut with Trifork Digital Health A/S",
    "telecom" : [{
      "system" : "url",
      "value" : "https://trifork.com"
    },
    {
      "system" : "email",
      "value" : "rbk@trifork.com"
    }]
  }],
  "description" : "Komplikationer pga. infektion eller erosion - Diagnosekoder (DUGA)",
  "compose" : {
    "include" : [{
      "system" : "https://kip.rkkp.dk/fhir/CodeSystem/ProcedureUrogyn",
      "concept" : [{
        "code" : "DT814F",
        "display" : "DT814F: Postoperativ sårinfektion"
      },
      {
        "code" : "DT814U",
        "display" : "DT814U: Postoperativ urinvejsinfektion"
      },
      {
        "code" : "DT835",
        "display" : "DT835: Infektion eller inflammation omkring protese, implantat eller transplantat i urinvejene"
      },
      {
        "code" : "DT836",
        "display" : "DT836: Infektion eller inflammation omkring protese, implantat eller transplantat i kønsorganerne"
      }]
    }]
  }
}