{
  "resourceType" : "ValueSet",
  "id" : "VentralHernieTypeDHDB",
  "text" : {
    "status" : "extensions",
    "div" : "<div xmlns=\"http://www.w3.org/1999/xhtml\"><p class=\"res-header-id\"><b>Generated Narrative: ValueSet VentralHernieTypeDHDB</b></p><a name=\"VentralHernieTypeDHDB\"> </a><a name=\"hcVentralHernieTypeDHDB\"> </a><a name=\"VentralHernieTypeDHDB-en-US\"> </a><p>This value set includes codes based on the following rules:</p><ul><li>Include these codes as defined in <a href=\"CodeSystem-DiseasesUnspecified.html\"><code>https://kip.rkkp.dk/fhir/CodeSystem/DiseasesUnspecified</code></a><table class=\"none\"><tr><td style=\"white-space:nowrap\"><b>Code</b></td><td><b>Display</b></td><td><b>Definition</b></td></tr><tr><td><a href=\"CodeSystem-DiseasesUnspecified.html#DiseasesUnspecified-umbilical\">umbilical</a></td><td>Umbilicalt</td><td>Umbilical / Umbilicalt</td></tr><tr><td><a href=\"CodeSystem-DiseasesUnspecified.html#DiseasesUnspecified-incisional\">incisional</a></td><td>Incisionelt</td><td>Incisional / Incisionelt</td></tr><tr><td><a href=\"CodeSystem-DiseasesUnspecified.html#DiseasesUnspecified-linea_alba\">linea_alba</a></td><td>Linea alba</td><td>Linea alba</td></tr><tr><td><a href=\"CodeSystem-DiseasesUnspecified.html#DiseasesUnspecified-stomi\">stomi</a></td><td>Stomi-hernie</td><td>Stomi</td></tr><tr><td><a href=\"CodeSystem-DiseasesUnspecified.html#DiseasesUnspecified-stomi_herniotomi\">stomi_herniotomi</a></td><td>Tilbagelægning eller flytning af stomi + herniotomi</td><td>Stomi and herniotomi / Stomi og herniotomi</td></tr><tr><td><a href=\"CodeSystem-DiseasesUnspecified.html#DiseasesUnspecified-port\">port</a></td><td>Port-hernie</td><td>Port</td></tr><tr><td><a href=\"CodeSystem-DiseasesUnspecified.html#DiseasesUnspecified-spiegel\">spiegel</a></td><td>Spiegel-hernie</td><td>Spiegel</td></tr></table></li><li>Include these codes as defined in <a href=\"CodeSystem-GenericValues.html\"><code>https://kip.rkkp.dk/fhir/CodeSystem/GenericValues</code></a><table class=\"none\"><tr><td style=\"white-space:nowrap\"><b>Code</b></td><td><b>Display</b></td><td><b>Definition</b></td></tr><tr><td><a href=\"CodeSystem-GenericValues.html#GenericValues-other\">other</a></td><td>Anden hernietype</td><td>Other - used to choose unspecific value not in a valueset</td></tr></table></li></ul></div>"
  },
  "url" : "https://kip.rkkp.dk/fhir/ValueSet/VentralHernieTypeDHDB",
  "version" : "2.9.3",
  "name" : "VentralHernieTypeDHDB",
  "title" : "Ventral hernie type (DHDB)",
  "status" : "active",
  "experimental" : true,
  "date" : "2022-07-20T00:00:00+02:00",
  "publisher" : "Sundhedsvæsenets Kvalitetsinstitut with Trifork Digital Health A/S",
  "contact" : [{
    "name" : "Sundhedsvæsenets Kvalitetsinstitut with Trifork Digital Health A/S",
    "telecom" : [{
      "system" : "url",
      "value" : "https://trifork.com"
    },
    {
      "system" : "email",
      "value" : "rbk@trifork.com"
    }]
  }],
  "description" : "Ventral hernie type (DHDB)",
  "compose" : {
    "include" : [{
      "system" : "https://kip.rkkp.dk/fhir/CodeSystem/DiseasesUnspecified",
      "concept" : [{
        "code" : "umbilical",
        "display" : "Umbilicalt"
      },
      {
        "code" : "incisional",
        "display" : "Incisionelt"
      },
      {
        "code" : "linea_alba",
        "display" : "Linea alba"
      },
      {
        "code" : "stomi",
        "display" : "Stomi-hernie"
      },
      {
        "code" : "stomi_herniotomi",
        "display" : "Tilbagelægning eller flytning af stomi + herniotomi"
      },
      {
        "code" : "port",
        "display" : "Port-hernie"
      },
      {
        "code" : "spiegel",
        "display" : "Spiegel-hernie"
      }]
    },
    {
      "system" : "https://kip.rkkp.dk/fhir/CodeSystem/GenericValues",
      "concept" : [{
        "code" : "other",
        "display" : "Anden hernietype"
      }]
    }]
  }
}