{
  "resourceType" : "ValueSet",
  "id" : "ProgressionCML",
  "text" : {
    "status" : "extensions",
    "div" : "<div xmlns=\"http://www.w3.org/1999/xhtml\"><p class=\"res-header-id\"><b>Generated Narrative: ValueSet ProgressionCML</b></p><a name=\"ProgressionCML\"> </a><a name=\"hcProgressionCML\"> </a><a name=\"ProgressionCML-en-US\"> </a><p>This value set includes codes based on the following rules:</p><ul><li>Include these codes as defined in <a href=\"http://terminology.hl7.org/3.1.0/CodeSystem-v2-0532.html\"><code>http://terminology.hl7.org/CodeSystem/v2-0532</code></a><table class=\"none\"><tr><td style=\"white-space:nowrap\"><b>Code</b></td><td><b>Display</b></td><td><b>Definition</b></td></tr><tr><td><a href=\"http://terminology.hl7.org/3.1.0/CodeSystem-v2-0532.html#v2-0532-N\">N</a></td><td>Nej</td><td>No</td></tr></table></li><li>Include these codes as defined in <a href=\"CodeSystem-DiseasePhase.html\"><code>https://kip.rkkp.dk/fhir/CodeSystem/DiseasePhase</code></a><table class=\"none\"><tr><td style=\"white-space:nowrap\"><b>Code</b></td><td><b>Display</b></td><td><b>Definition</b></td></tr><tr><td><a href=\"CodeSystem-DiseasePhase.html#DiseasePhase-accelerated\">accelerated</a></td><td>Accelereret fase</td><td>Accelerated phase / Accelereret fase / SNOMED-CT: 278179005</td></tr><tr><td><a href=\"CodeSystem-DiseasePhase.html#DiseasePhase-blast_crisis\">blast_crisis</a></td><td>Blastkrise / Akut leukæmi</td><td>Blast crisis / Blastkrise</td></tr></table></li></ul></div>"
  },
  "url" : "https://kip.rkkp.dk/fhir/ValueSet/ProgressionCML",
  "version" : "2.9.1",
  "name" : "ProgressionCML",
  "title" : "Progression CML",
  "status" : "active",
  "experimental" : true,
  "date" : "2022-07-18T00:00:00+02:00",
  "publisher" : "Sundhedsvæsnets Kvalistetsinstitut with Trifork Digital Health A/S",
  "contact" : [{
    "name" : "Sundhedsvæsnets Kvalistetsinstitut with Trifork Digital Health A/S",
    "telecom" : [{
      "system" : "url",
      "value" : "https://trifork.com"
    },
    {
      "system" : "email",
      "value" : "rbk@trifork.com"
    }]
  }],
  "description" : "Progression CML",
  "compose" : {
    "include" : [{
      "system" : "http://terminology.hl7.org/CodeSystem/v2-0532",
      "concept" : [{
        "code" : "N",
        "display" : "Nej"
      }]
    },
    {
      "system" : "https://kip.rkkp.dk/fhir/CodeSystem/DiseasePhase",
      "concept" : [{
        "code" : "accelerated",
        "display" : "Accelereret fase"
      },
      {
        "code" : "blast_crisis",
        "display" : "Blastkrise / Akut leukæmi"
      }]
    }]
  }
}