{
  "resourceType" : "ValueSet",
  "id" : "IndsatFjernet",
  "text" : {
    "status" : "extensions",
    "div" : "<div xmlns=\"http://www.w3.org/1999/xhtml\"><p class=\"res-header-id\"><b>Generated Narrative: ValueSet IndsatFjernet</b></p><a name=\"IndsatFjernet\"> </a><a name=\"hcIndsatFjernet\"> </a><a name=\"IndsatFjernet-en-US\"> </a><ul><li>Include these codes as defined in <a href=\"CodeSystem-GenericValues.html\"><code>https://kip.rkkp.dk/fhir/CodeSystem/GenericValues</code></a><table class=\"none\"><tr><td style=\"white-space:nowrap\"><b>Code</b></td><td><b>Display</b></td><td><b>Definition</b></td></tr><tr><td><a href=\"CodeSystem-GenericValues.html#GenericValues-inserted\">inserted</a></td><td>Indsat</td><td>Inserted / Indsat</td></tr><tr><td><a href=\"CodeSystem-GenericValues.html#GenericValues-removed\">removed</a></td><td>Fjernet</td><td>Removed / Fjernet</td></tr></table></li></ul></div>"
  },
  "url" : "https://kip.rkkp.dk/fhir/ValueSet/IndsatFjernet",
  "version" : "0.1.6",
  "name" : "IndsatFjernet",
  "title" : "Indsat / fjernet",
  "status" : "active",
  "experimental" : true,
  "date" : "2022-10-07T00:00:00+02:00",
  "publisher" : "Sundhedsvæsnets Kvalistetsinstitut with Trifork Digital Health A/S",
  "contact" : [{
    "name" : "Sundhedsvæsnets Kvalistetsinstitut with Trifork Digital Health A/S",
    "telecom" : [{
      "system" : "url",
      "value" : "https://trifork.com"
    },
    {
      "system" : "email",
      "value" : "rbk@trifork.com"
    }]
  }],
  "description" : "Indsat / fjernet",
  "compose" : {
    "include" : [{
      "system" : "https://kip.rkkp.dk/fhir/CodeSystem/GenericValues",
      "concept" : [{
        "code" : "inserted",
        "display" : "Indsat"
      },
      {
        "code" : "removed",
        "display" : "Fjernet"
      }]
    }]
  }
}