{
  "resourceType" : "ValueSet",
  "id" : "BrusklaesionArealDKRR",
  "text" : {
    "status" : "extensions",
    "div" : "<div xmlns=\"http://www.w3.org/1999/xhtml\"><p class=\"res-header-id\"><b>Generated Narrative: ValueSet BrusklaesionArealDKRR</b></p><a name=\"BrusklaesionArealDKRR\"> </a><a name=\"hcBrusklaesionArealDKRR\"> </a><a name=\"BrusklaesionArealDKRR-en-US\"> </a><ul><li>Include these codes as defined in <a href=\"CodeSystem-Intervals.html\"><code>https://kip.rkkp.dk/fhir/CodeSystem/Intervals</code></a><table class=\"none\"><tr><td style=\"white-space:nowrap\"><b>Code</b></td><td><b>Display</b></td><td><b>Definition</b></td></tr><tr><td><a href=\"CodeSystem-Intervals.html#Intervals-.61.602\">=&lt;2</a></td><td>=&lt;2 cm2</td><td>=&lt;2</td></tr><tr><td><a href=\"CodeSystem-Intervals.html#Intervals-.622\">&gt;2</a></td><td>&gt;2 cm2</td><td>&gt;2</td></tr></table></li></ul></div>"
  },
  "url" : "https://kip.rkkp.dk/fhir/ValueSet/BrusklaesionArealDKRR",
  "version" : "2.9.0",
  "name" : "BrusklaesionArealDKRR",
  "title" : "Brusklæsion, areal (DKRR)",
  "status" : "active",
  "experimental" : true,
  "date" : "2022-09-19T00:00:00+02:00",
  "publisher" : "Sundhedsvæsnets Kvalistetsinstitut with Trifork Digital Health A/S",
  "contact" : [{
    "name" : "Sundhedsvæsnets Kvalistetsinstitut with Trifork Digital Health A/S",
    "telecom" : [{
      "system" : "url",
      "value" : "https://trifork.com"
    },
    {
      "system" : "email",
      "value" : "rbk@trifork.com"
    }]
  }],
  "description" : "Brusklæsion, areal (DKRR)",
  "compose" : {
    "include" : [{
      "system" : "https://kip.rkkp.dk/fhir/CodeSystem/Intervals",
      "concept" : [{
        "code" : "=<2",
        "display" : "=<2 cm2"
      },
      {
        "code" : ">2",
        "display" : ">2 cm2"
      }]
    }]
  }
}