{
  "resourceType" : "ValueSet",
  "id" : "AnastomoselaekageKonsekvens",
  "text" : {
    "status" : "extensions",
    "div" : "<div xmlns=\"http://www.w3.org/1999/xhtml\"><p class=\"res-header-id\"><b>Generated Narrative: ValueSet AnastomoselaekageKonsekvens</b></p><a name=\"AnastomoselaekageKonsekvens\"> </a><a name=\"hcAnastomoselaekageKonsekvens\"> </a><a name=\"AnastomoselaekageKonsekvens-en-US\"> </a><ul><li>Include these codes as defined in <a href=\"CodeSystem-AnastomosisLeakConsequence.html\"><code>https://kip.rkkp.dk/fhir/CodeSystem/AnastomosisLeakConsequence</code></a><table class=\"none\"><tr><td style=\"white-space:nowrap\"><b>Code</b></td><td><b>Display</b></td><td><b>Definition</b></td></tr><tr><td><a href=\"CodeSystem-AnastomosisLeakConsequence.html#AnastomosisLeakConsequence-preserved\">preserved</a></td><td>Anastomosen bevaret</td><td>Anastomosis preserved / Anastomosen bevaret</td></tr><tr><td><a href=\"CodeSystem-AnastomosisLeakConsequence.html#AnastomosisLeakConsequence-broken_down\">broken_down</a></td><td>Anastomosen nedbrudt</td><td>Anastomosis broken down / Anastopmose nedbrudt</td></tr><tr><td><a href=\"CodeSystem-AnastomosisLeakConsequence.html#AnastomosisLeakConsequence-preserved_surture\">preserved_surture</a></td><td>Anastomose bevaret, oversyning af defekt</td><td>Anastomosis preserved, surturing of defect / Anastomose bevaret, oversyning af defekt</td></tr><tr><td><a href=\"CodeSystem-AnastomosisLeakConsequence.html#AnastomosisLeakConsequence-preserved_endosponge_vac\">preserved_endosponge_vac</a></td><td>Anastomose bevaret, endosponge/VAC beh.</td><td>Anastomosis preserved, endosponge/VAC / Anastomose bevaret, endosponge/VAC beh</td></tr><tr><td><a href=\"CodeSystem-AnastomosisLeakConsequence.html#AnastomosisLeakConsequence-preserved_drain_antibiotics\">preserved_drain_antibiotics</a></td><td>Anastomose bevaret, alene dræn, antibiotika etc.</td><td>Anastomosis preserved, drain/antibiotics / Anastomose bevaret, alene dræn, antibiotika etc</td></tr><tr><td><a href=\"CodeSystem-AnastomosisLeakConsequence.html#AnastomosisLeakConsequence-broken_down_stoma\">broken_down_stoma</a></td><td>Anastomose nedbrudt, endestomi</td><td>Anastomosis broken down, stoma / Anastopmose nedbrudt, endestomi</td></tr><tr><td><a href=\"CodeSystem-AnastomosisLeakConsequence.html#AnastomosisLeakConsequence-broken_down_reanastomosis\">broken_down_reanastomosis</a></td><td>Anastomose nedbrudt, re-anastomosering</td><td>Anastomosis broken down, re-anastomosis / Anastopmose nedbrudt, re-anastomosering</td></tr></table></li></ul></div>"
  },
  "url" : "https://kip.rkkp.dk/fhir/ValueSet/AnastomoselaekageKonsekvens",
  "version" : "0.1.8",
  "name" : "AnastomoselaekageKonsekvens",
  "title" : "Anastomoselaekage Konsekvens",
  "status" : "active",
  "experimental" : true,
  "date" : "2022-10-19T00:00:00+02:00",
  "publisher" : "Sundhedsvæsnets Kvalistetsinstitut with Trifork Digital Health A/S",
  "contact" : [{
    "name" : "Sundhedsvæsnets Kvalistetsinstitut with Trifork Digital Health A/S",
    "telecom" : [{
      "system" : "url",
      "value" : "https://trifork.com"
    },
    {
      "system" : "email",
      "value" : "rbk@trifork.com"
    }]
  }],
  "description" : "Anastomoselaekage Konsekvens",
  "compose" : {
    "include" : [{
      "system" : "https://kip.rkkp.dk/fhir/CodeSystem/AnastomosisLeakConsequence",
      "concept" : [{
        "code" : "preserved",
        "display" : "Anastomosen bevaret"
      },
      {
        "code" : "broken_down",
        "display" : "Anastomosen nedbrudt"
      },
      {
        "code" : "preserved_surture",
        "display" : "Anastomose bevaret, oversyning af defekt"
      },
      {
        "code" : "preserved_endosponge_vac",
        "display" : "Anastomose bevaret, endosponge/VAC beh."
      },
      {
        "code" : "preserved_drain_antibiotics",
        "display" : "Anastomose bevaret, alene dræn, antibiotika etc."
      },
      {
        "code" : "broken_down_stoma",
        "display" : "Anastomose nedbrudt, endestomi"
      },
      {
        "code" : "broken_down_reanastomosis",
        "display" : "Anastomose nedbrudt, re-anastomosering"
      }]
    }]
  }
}