{
  "resourceType" : "ValueSet",
  "id" : "TreatmentResponseALD",
  "text" : {
    "status" : "extensions",
    "div" : "<div xmlns=\"http://www.w3.org/1999/xhtml\"><p class=\"res-header-id\"><b>Generated Narrative: ValueSet TreatmentResponseALD</b></p><a name=\"TreatmentResponseALD\"> </a><a name=\"hcTreatmentResponseALD\"> </a><a name=\"TreatmentResponseALD-en-US\"> </a><p>This value set includes codes based on the following rules:</p><ul><li>Include these codes as defined in <a href=\"CodeSystem-TreatmentResponseEvaluation.html\"><code>https://kip.rkkp.dk/fhir/CodeSystem/TreatmentResponseEvaluation</code></a><table class=\"none\"><tr><td style=\"white-space:nowrap\"><b>Code</b></td><td><b>Display</b></td><td><b>Definition</b></td></tr><tr><td><a href=\"CodeSystem-TreatmentResponseEvaluation.html#TreatmentResponseEvaluation-complete_remission\">complete_remission</a></td><td>Complete Remission</td><td>Complete remission (CR)</td></tr><tr><td><a href=\"CodeSystem-TreatmentResponseEvaluation.html#TreatmentResponseEvaluation-partial_remission\">partial_remission</a></td><td>Partiel Remission</td><td>Partial remission (PR)</td></tr><tr><td><a href=\"CodeSystem-TreatmentResponseEvaluation.html#TreatmentResponseEvaluation-stable_disease\">stable_disease</a></td><td>Stable Disease</td><td>Stable disease (SD/NC)</td></tr><tr><td><a href=\"CodeSystem-TreatmentResponseEvaluation.html#TreatmentResponseEvaluation-progressive_disease\">progressive_disease</a></td><td>Progressive Disease</td><td>Progressive disease (PD)</td></tr><tr><td><a href=\"CodeSystem-TreatmentResponseEvaluation.html#TreatmentResponseEvaluation-uncertain_response\">uncertain_response</a></td><td>Usikkert respons</td><td>Uncertain response</td></tr></table></li><li>Include these codes as defined in <a href=\"CodeSystem-Complications.html\"><code>https://kip.rkkp.dk/fhir/CodeSystem/Complications</code></a><table class=\"none\"><tr><td style=\"white-space:nowrap\"><b>Code</b></td><td><b>Display</b></td><td><b>Definition</b></td></tr><tr><td><a href=\"CodeSystem-Complications.html#Complications-mors\">mors</a></td><td>Mors (før evaluering)</td><td>Mors, uventet</td></tr></table></li><li>Include these codes as defined in <a href=\"CodeSystem-GenericValues.html\"><code>https://kip.rkkp.dk/fhir/CodeSystem/GenericValues</code></a><table class=\"none\"><tr><td style=\"white-space:nowrap\"><b>Code</b></td><td><b>Display</b></td><td><b>Definition</b></td></tr><tr><td><a href=\"CodeSystem-GenericValues.html#GenericValues-not_performed\">not_performed</a></td><td>Ej evalueret</td><td>Not performed - used to indicate, if a procedure or test has not been performed</td></tr></table></li></ul></div>"
  },
  "url" : "https://kip.rkkp.dk/fhir/ValueSet/TreatmentResponseALD",
  "version" : "2.9.0",
  "name" : "TreatmentResponseALD",
  "title" : "Patient respons på behandling (ALD)",
  "status" : "active",
  "experimental" : true,
  "date" : "2022-07-13T00:00:00+02:00",
  "publisher" : "Sundhedsvæsnets Kvalistetsinstitut with Trifork Digital Health A/S",
  "contact" : [{
    "name" : "Sundhedsvæsnets Kvalistetsinstitut with Trifork Digital Health A/S",
    "telecom" : [{
      "system" : "url",
      "value" : "https://trifork.com"
    },
    {
      "system" : "email",
      "value" : "rbk@trifork.com"
    }]
  }],
  "description" : "Hvordan reagerer patienten på behandlingen [ALD]",
  "compose" : {
    "include" : [{
      "system" : "https://kip.rkkp.dk/fhir/CodeSystem/TreatmentResponseEvaluation",
      "concept" : [{
        "code" : "complete_remission",
        "display" : "Complete Remission"
      },
      {
        "code" : "partial_remission",
        "display" : "Partiel Remission"
      },
      {
        "code" : "stable_disease",
        "display" : "Stable Disease"
      },
      {
        "code" : "progressive_disease",
        "display" : "Progressive Disease"
      },
      {
        "code" : "uncertain_response",
        "display" : "Usikkert respons"
      }]
    },
    {
      "system" : "https://kip.rkkp.dk/fhir/CodeSystem/Complications",
      "concept" : [{
        "code" : "mors",
        "display" : "Mors (før evaluering)"
      }]
    },
    {
      "system" : "https://kip.rkkp.dk/fhir/CodeSystem/GenericValues",
      "concept" : [{
        "code" : "not_performed",
        "display" : "Ej evalueret"
      }]
    }]
  }
}