{
  "resourceType" : "ValueSet",
  "id" : "AnaestesiLokalGenerel",
  "text" : {
    "status" : "extensions",
    "div" : "<div xmlns=\"http://www.w3.org/1999/xhtml\"><p class=\"res-header-id\"><b>Generated Narrative: ValueSet AnaestesiLokalGenerel</b></p><a name=\"AnaestesiLokalGenerel\"> </a><a name=\"hcAnaestesiLokalGenerel\"> </a><a name=\"AnaestesiLokalGenerel-en-US\"> </a><ul><li>Include these codes as defined in <a href=\"CodeSystem-AnasthesiaService.html\"><code>https://kip.rkkp.dk/fhir/CodeSystem/AnasthesiaService</code></a><table class=\"none\"><tr><td style=\"white-space:nowrap\"><b>Code</b></td><td><b>Display</b></td><td><b>Definition</b></td></tr><tr><td><a href=\"CodeSystem-AnasthesiaService.html#AnasthesiaService-gen_anesthesia\">gen_anesthesia</a></td><td>Generel anæstesi (GA)</td><td>Generel anæstesi / SNOMED-CT: 50697003</td></tr><tr><td><a href=\"CodeSystem-AnasthesiaService.html#AnasthesiaService-local_anesthesia\">local_anesthesia</a></td><td>Lokal anæstesi (LA)</td><td>Lokal anæstesi / SNOMED-CT: 386761002</td></tr></table></li></ul></div>"
  },
  "url" : "https://kip.rkkp.dk/fhir/ValueSet/AnaestesiLokalGenerel",
  "version" : "2.9.0",
  "name" : "AnaestesiLokalGenerel",
  "title" : "Anæstesi - Generel og lokal anæstesi",
  "status" : "active",
  "experimental" : true,
  "date" : "2022-06-28T00:00:00+02:00",
  "publisher" : "Sundhedsvæsnets Kvalistetsinstitut with Trifork Digital Health A/S",
  "contact" : [{
    "name" : "Sundhedsvæsnets Kvalistetsinstitut with Trifork Digital Health A/S",
    "telecom" : [{
      "system" : "url",
      "value" : "https://trifork.com"
    },
    {
      "system" : "email",
      "value" : "rbk@trifork.com"
    }]
  }],
  "description" : "Værdier for generel og lokal anæstesi.",
  "compose" : {
    "include" : [{
      "system" : "https://kip.rkkp.dk/fhir/CodeSystem/AnasthesiaService",
      "concept" : [{
        "code" : "gen_anesthesia",
        "display" : "Generel anæstesi (GA)"
      },
      {
        "code" : "local_anesthesia",
        "display" : "Lokal anæstesi (LA)"
      }]
    }]
  }
}