{
  "resourceType" : "ValueSet",
  "id" : "SOROverflytningRETSPSYKSD",
  "text" : {
    "status" : "extensions",
    "div" : "<div xmlns=\"http://www.w3.org/1999/xhtml\"><p class=\"res-header-id\"><b>Generated Narrative: ValueSet SOROverflytningRETSPSYKSD</b></p><a name=\"SOROverflytningRETSPSYKSD\"> </a><a name=\"hcSOROverflytningRETSPSYKSD\"> </a><a name=\"SOROverflytningRETSPSYKSD-en-US\"> </a><ul><li>Include these codes as defined in <a href=\"CodeSystem-SOR.html\"><code>https://kip.rkkp.dk/fhir/CodeSystem/SOR</code></a><table class=\"none\"><tr><td style=\"white-space:nowrap\"><b>Code</b></td><td><b>Display</b></td><td><b>Definition</b></td></tr><tr><td><a href=\"CodeSystem-SOR.html#SOR-243921000016002\">243921000016002</a></td><td>PSY Retspsykiatrisk afdeling (Middelfart)</td><td>Psykiatrien Region Syddanmark - PSY Retspsykiatrisk afdeling (Middelfart)</td></tr><tr><td><a href=\"CodeSystem-SOR.html#SOR-243951000016005\">243951000016005</a></td><td>PSY Retspsykiatrisk Ambulatorium (Middelfart)</td><td>Psykiatrien Region Syddanmark - PSY Retspsykiatrisk Ambulatorium (Middelfart)</td></tr></table></li></ul></div>"
  },
  "url" : "https://kip.rkkp.dk/fhir/ValueSet/SOROverflytningRETSPSYKSD",
  "version" : "0.2.1",
  "name" : "SOROverflytningRETSPSYKSD",
  "title" : "SOR: Overflytning Syddanmark (RETSPSYK)",
  "status" : "active",
  "experimental" : true,
  "date" : "2024-03-13T00:00:00+02:00",
  "publisher" : "Sundhedsvæsnets Kvalistetsinstitut with Trifork Digital Health A/S",
  "contact" : [{
    "name" : "Sundhedsvæsnets Kvalistetsinstitut with Trifork Digital Health A/S",
    "telecom" : [{
      "system" : "url",
      "value" : "https://trifork.com"
    },
    {
      "system" : "email",
      "value" : "rbk@trifork.com"
    }]
  }],
  "description" : "SOR: Overflytning Syddanmark (RETSPSYK)",
  "compose" : {
    "include" : [{
      "system" : "https://kip.rkkp.dk/fhir/CodeSystem/SOR",
      "concept" : [{
        "code" : "243921000016002",
        "display" : "PSY Retspsykiatrisk afdeling (Middelfart)"
      },
      {
        "code" : "243951000016005",
        "display" : "PSY Retspsykiatrisk Ambulatorium (Middelfart)"
      }]
    }]
  }
}