{
  "resourceType" : "ValueSet",
  "id" : "SSSOrientering",
  "text" : {
    "status" : "extensions",
    "div" : "<div xmlns=\"http://www.w3.org/1999/xhtml\"><p class=\"res-header-id\"><b>Generated Narrative: ValueSet SSSOrientering</b></p><a name=\"SSSOrientering\"> </a><a name=\"hcSSSOrientering\"> </a><a name=\"SSSOrientering-en-US\"> </a><ul><li>Include these codes as defined in <a href=\"CodeSystem-SSSOrientation.html\"><code>https://kip.sundk.dk/fhir/CodeSystem/SSSOrientation</code></a><table class=\"none\"><tr><td style=\"white-space:nowrap\"><b>Code</b></td><td><b>Display</b></td><td><b>Definition</b></td></tr><tr><td><a href=\"CodeSystem-SSSOrientation.html#SSSOrientation-6\">6</a></td><td>6: alle</td><td>3 korrekte svar.</td></tr><tr><td><a href=\"CodeSystem-SSSOrientation.html#SSSOrientation-4\">4</a></td><td>4: 2 ud af 3</td><td>2 af 3 svar korrekte.</td></tr><tr><td><a href=\"CodeSystem-SSSOrientation.html#SSSOrientation-2\">2</a></td><td>2: 1 ud af 3</td><td>1 af 3 svar korrekte.</td></tr><tr><td><a href=\"CodeSystem-SSSOrientation.html#SSSOrientation-0\">0</a></td><td>0: 0 ud af 3</td><td>Ingen korrekte svar.</td></tr></table></li></ul></div>"
  },
  "url" : "https://kip.sundk.dk/fhir/ValueSet/SSSOrientering",
  "version" : "0.0.9",
  "name" : "SSSOrientering",
  "title" : "Scandinavian Stroke Scale - Orientering",
  "status" : "active",
  "experimental" : true,
  "date" : "2022-06-23T00:00:00+02:00",
  "publisher" : "Sundhedsvæsnets Kvalistetsinstitut with Trifork Public A/S",
  "contact" : [{
    "name" : "Sundhedsvæsnets Kvalistetsinstitut with Trifork Public A/S",
    "telecom" : [{
      "system" : "url",
      "value" : "https://trifork.com"
    },
    {
      "system" : "email",
      "value" : "rbk@trifork.com"
    }]
  }],
  "description" : "Scandinavian Stroke Scale - Orientering",
  "compose" : {
    "include" : [{
      "system" : "https://kip.sundk.dk/fhir/CodeSystem/SSSOrientation",
      "concept" : [{
        "code" : "6",
        "display" : "6: alle"
      },
      {
        "code" : "4",
        "display" : "4: 2 ud af 3"
      },
      {
        "code" : "2",
        "display" : "2: 1 ud af 3"
      },
      {
        "code" : "0",
        "display" : "0: 0 ud af 3"
      }]
    }]
  }
}