{
  "resourceType" : "ValueSet",
  "id" : "IDC10DPDNonCancer",
  "text" : {
    "status" : "extensions",
    "div" : "<div xmlns=\"http://www.w3.org/1999/xhtml\"><p class=\"res-header-id\"><b>Generated Narrative: ValueSet IDC10DPDNonCancer</b></p><a name=\"IDC10DPDNonCancer\"> </a><a name=\"hcIDC10DPDNonCancer\"> </a><a name=\"IDC10DPDNonCancer-en-US\"> </a><p>This value set includes codes based on the following rules:</p><ul><li>Include these codes as defined in <a href=\"CodeSystem-SKSCodeCollection.html\"><code>https://kip.rkkp.dk/fhir/CodeSystem/SKSCodeCollection</code></a><table class=\"none\"><tr><td style=\"white-space:nowrap\"><b>Code</b></td><td><b>Display</b></td><td><b>Definition</b></td></tr><tr><td><a href=\"CodeSystem-SKSCodeCollection.html#SKSCodeCollection-heart_vessel\">heart_vessel</a></td><td>Hjertekar sygdom (DI00-DI52+DI70-DI99)</td><td>Hjertekar sygdom (DI00-DI52+DI70-DI99)</td></tr><tr><td><a href=\"CodeSystem-SKSCodeCollection.html#SKSCodeCollection-neurological\">neurological</a></td><td>Neurologisk sygdom (ikke apopleksi) (DI64-DI69+DG00-DG99+DF00-DF03)</td><td>Neurologisk sygdom (ikke apopleksi) (DI64-DI69+DG00-DG99+DF00-DF03)</td></tr><tr><td><a href=\"CodeSystem-SKSCodeCollection.html#SKSCodeCollection-apoplexia\">apoplexia</a></td><td>Apopleksi (cerebral thrombose/hæmorrhagi) (DI60-DI63)</td><td>Apopleksi (cerebral thrombose/hæmorrhagi) (DI60-DI63)</td></tr><tr><td><a href=\"CodeSystem-SKSCodeCollection.html#SKSCodeCollection-lung\">lung</a></td><td>Lungesygdomme (DJ00-DJ99+DE84)</td><td>Lungesygdomme (DJ00-DJ99+DE84)</td></tr><tr><td><a href=\"CodeSystem-SKSCodeCollection.html#SKSCodeCollection-kidney\">kidney</a></td><td>Nyresygdomme (DN00-DN29)</td><td>Nyresygdomme (DN00-DN29)</td></tr></table></li><li>Include these codes as defined in <a href=\"CodeSystem-GenericValues.html\"><code>https://kip.rkkp.dk/fhir/CodeSystem/GenericValues</code></a><table class=\"none\"><tr><td style=\"white-space:nowrap\"><b>Code</b></td><td><b>Display</b></td><td><b>Definition</b></td></tr><tr><td><a href=\"CodeSystem-GenericValues.html#GenericValues-other\">other</a></td><td>Anden sygdom</td><td>Other - used to choose unspecific value not in a valueset</td></tr></table></li></ul></div>"
  },
  "url" : "https://kip.rkkp.dk/fhir/ValueSet/IDC10DPDNonCancer",
  "version" : "2.9.0",
  "name" : "IDC10DPDNonCancer",
  "title" : "ICD 10 non-cancer koder til DPD",
  "status" : "active",
  "experimental" : true,
  "date" : "2022-08-25T00:00:00+02:00",
  "publisher" : "Sundhedsvæsnets Kvalistetsinstitut with Trifork Digital Health A/S",
  "contact" : [{
    "name" : "Sundhedsvæsnets Kvalistetsinstitut with Trifork Digital Health A/S",
    "telecom" : [{
      "system" : "url",
      "value" : "https://trifork.com"
    },
    {
      "system" : "email",
      "value" : "rbk@trifork.com"
    }]
  }],
  "description" : "ICD 10 non-cancer koder til DPD",
  "compose" : {
    "include" : [{
      "system" : "https://kip.rkkp.dk/fhir/CodeSystem/SKSCodeCollection",
      "concept" : [{
        "code" : "heart_vessel",
        "display" : "Hjertekar sygdom (DI00-DI52+DI70-DI99)"
      },
      {
        "code" : "neurological",
        "display" : "Neurologisk sygdom (ikke apopleksi) (DI64-DI69+DG00-DG99+DF00-DF03)"
      },
      {
        "code" : "apoplexia",
        "display" : "Apopleksi (cerebral thrombose/hæmorrhagi) (DI60-DI63)"
      },
      {
        "code" : "lung",
        "display" : "Lungesygdomme (DJ00-DJ99+DE84)"
      },
      {
        "code" : "kidney",
        "display" : "Nyresygdomme (DN00-DN29)"
      }]
    },
    {
      "system" : "https://kip.rkkp.dk/fhir/CodeSystem/GenericValues",
      "concept" : [{
        "code" : "other",
        "display" : "Anden sygdom"
      }]
    }]
  }
}