{
  "resourceType" : "ValueSet",
  "id" : "TKategoriDCCG",
  "text" : {
    "status" : "extensions",
    "div" : "<div xmlns=\"http://www.w3.org/1999/xhtml\"><p class=\"res-header-id\"><b>Generated Narrative: ValueSet TKategoriDCCG</b></p><a name=\"TKategoriDCCG\"> </a><a name=\"hcTKategoriDCCG\"> </a><a name=\"TKategoriDCCG-en-US\"> </a><ul><li>Include these codes as defined in <a href=\"CodeSystem-SKS.html\"><code>https://kip.rkkp.dk/fhir/CodeSystem/SKS</code></a><table class=\"none\"><tr><td style=\"white-space:nowrap\"><b>Code</b></td><td><b>Display</b></td><td><b>Definition</b></td></tr><tr><td><a href=\"CodeSystem-SKS.html#SKS-AZCD10\">AZCD10</a></td><td>T0</td><td>AZCD10 - cT0: Primær tumor ikke påvist</td></tr><tr><td><a href=\"CodeSystem-SKS.html#SKS-AZCD13\">AZCD13</a></td><td>T1</td><td>AZCD13 - cT1: Primær tumors størrelse/udstrækning</td></tr><tr><td><a href=\"CodeSystem-SKS.html#SKS-AZCD14\">AZCD14</a></td><td>T2</td><td>AZCD14 - cT2: Primær tumors størrelse/udstrækning</td></tr><tr><td><a href=\"CodeSystem-SKS.html#SKS-AZCD15\">AZCD15</a></td><td>T3</td><td>AZCD15 - cT3: Primær tumors størrelse/udstrækning</td></tr><tr><td><a href=\"CodeSystem-SKS.html#SKS-AZCD16\">AZCD16</a></td><td>T4</td><td>AZCD16 - cT4: Primær tumors størrelse/udstrækning</td></tr><tr><td><a href=\"CodeSystem-SKS.html#SKS-AZCD16A\">AZCD16A</a></td><td>T4a (gennemvækst af peritoneum)</td><td>AZCD16A - cT4a: Primær tumors størrelse/udstrækning</td></tr><tr><td><a href=\"CodeSystem-SKS.html#SKS-AZCD16B\">AZCD16B</a></td><td>T4b (indvækst i naboorgan/-struktur)</td><td>AZCD16B - cT4b: Primær tumors størrelse/udstrækning</td></tr><tr><td><a href=\"CodeSystem-SKS.html#SKS-AZCD19\">AZCD19</a></td><td>Tx</td><td>AZCD19 - cTx: Oplysning om tumors størrelse foreligger ikke i afd.</td></tr></table></li></ul></div>"
  },
  "url" : "https://kip.rkkp.dk/fhir/ValueSet/TKategoriDCCG",
  "version" : "2.9.1",
  "name" : "TKategoriDCCG",
  "title" : "Klinisk T-kategori DCCG",
  "status" : "active",
  "experimental" : true,
  "date" : "2022-11-08T00:00:00+02:00",
  "publisher" : "Sundhedsvæsnets Kvalistetsinstitut with Trifork Digital Health A/S",
  "contact" : [{
    "name" : "Sundhedsvæsnets Kvalistetsinstitut with Trifork Digital Health A/S",
    "telecom" : [{
      "system" : "url",
      "value" : "https://trifork.com"
    },
    {
      "system" : "email",
      "value" : "rbk@trifork.com"
    }]
  }],
  "description" : "Klinisk T-kategori DCCG",
  "compose" : {
    "include" : [{
      "system" : "https://kip.rkkp.dk/fhir/CodeSystem/SKS",
      "concept" : [{
        "code" : "AZCD10",
        "display" : "T0"
      },
      {
        "code" : "AZCD13",
        "display" : "T1"
      },
      {
        "code" : "AZCD14",
        "display" : "T2"
      },
      {
        "code" : "AZCD15",
        "display" : "T3"
      },
      {
        "code" : "AZCD16",
        "display" : "T4"
      },
      {
        "code" : "AZCD16A",
        "display" : "T4a (gennemvækst af peritoneum)"
      },
      {
        "code" : "AZCD16B",
        "display" : "T4b (indvækst i naboorgan/-struktur)"
      },
      {
        "code" : "AZCD19",
        "display" : "Tx"
      }]
    }]
  }
}