{
  "resourceType" : "ValueSet",
  "id" : "OperationsstueDKR",
  "text" : {
    "status" : "extensions",
    "div" : "<div xmlns=\"http://www.w3.org/1999/xhtml\"><p class=\"res-header-id\"><b>Generated Narrative: ValueSet OperationsstueDKR</b></p><a name=\"OperationsstueDKR\"> </a><a name=\"hcOperationsstueDKR\"> </a><a name=\"OperationsstueDKR-en-US\"> </a><ul><li>Include these codes as defined in <a href=\"CodeSystem-OperatingRoom.html\"><code>https://kip.rkkp.dk/fhir/CodeSystem/OperatingRoom</code></a><table class=\"none\"><tr><td style=\"white-space:nowrap\"><b>Code</b></td><td><b>Display</b></td><td><b>Definition</b></td></tr><tr><td><a href=\"CodeSystem-OperatingRoom.html#OperatingRoom-flow\">flow</a></td><td>Flow stue / green house</td><td>Flow stue/green house</td></tr><tr><td><a href=\"CodeSystem-OperatingRoom.html#OperatingRoom-conventional\">conventional</a></td><td>Konventionel stue</td><td>Konventionel stue</td></tr></table></li></ul></div>"
  },
  "url" : "https://kip.rkkp.dk/fhir/ValueSet/OperationsstueDKR",
  "version" : "2.9.1",
  "name" : "OperationsstueDKR",
  "title" : "Operationsstue (DKR)",
  "status" : "active",
  "experimental" : true,
  "date" : "2024-06-10T00:00:00+02:00",
  "publisher" : "Sundhedsvæsnets Kvalistetsinstitut with Trifork Digital Health A/S",
  "contact" : [{
    "name" : "Sundhedsvæsnets Kvalistetsinstitut with Trifork Digital Health A/S",
    "telecom" : [{
      "system" : "url",
      "value" : "https://trifork.com"
    },
    {
      "system" : "email",
      "value" : "rbk@trifork.com"
    }]
  }],
  "description" : "Operationsstue (DKR)",
  "compose" : {
    "include" : [{
      "system" : "https://kip.rkkp.dk/fhir/CodeSystem/OperatingRoom",
      "concept" : [{
        "code" : "flow",
        "display" : "Flow stue / green house"
      },
      {
        "code" : "conventional",
        "display" : "Konventionel stue"
      }]
    }]
  }
}