{
  "resourceType" : "ValueSet",
  "id" : "FollowUp25Y",
  "text" : {
    "status" : "extensions",
    "div" : "<div xmlns=\"http://www.w3.org/1999/xhtml\"><p class=\"res-header-id\"><b>Generated Narrative: ValueSet FollowUp25Y</b></p><a name=\"FollowUp25Y\"> </a><a name=\"hcFollowUp25Y\"> </a><a name=\"FollowUp25Y-en-US\"> </a><ul><li>Include these codes as defined in <a href=\"CodeSystem-FollowUp.html\"><code>https://kip.rkkp.dk/fhir/CodeSystem/FollowUp</code></a><table class=\"none\"><tr><td style=\"white-space:nowrap\"><b>Code</b></td><td><b>Display</b></td><td><b>Definition</b></td></tr><tr><td><a href=\"CodeSystem-FollowUp.html#FollowUp-aar_2\">aar_2</a></td><td>2 år</td><td>2 år</td></tr><tr><td><a href=\"CodeSystem-FollowUp.html#FollowUp-aar_5\">aar_5</a></td><td>5 år</td><td>5 år</td></tr></table></li></ul></div>"
  },
  "url" : "https://kip.rkkp.dk/fhir/ValueSet/FollowUp25Y",
  "version" : "0.1.6",
  "name" : "FollowUp25Y",
  "title" : "Opfølgning 2/5 år",
  "status" : "active",
  "experimental" : true,
  "date" : "2023-07-03T00:00:00+02:00",
  "publisher" : "Sundhedsvæsnets Kvalistetsinstitut with Trifork Digital Health A/S",
  "contact" : [{
    "name" : "Sundhedsvæsnets Kvalistetsinstitut with Trifork Digital Health A/S",
    "telecom" : [{
      "system" : "url",
      "value" : "https://trifork.com"
    },
    {
      "system" : "email",
      "value" : "rbk@trifork.com"
    }]
  }],
  "description" : "Opfølgning efter 2 eller 5 år",
  "compose" : {
    "include" : [{
      "system" : "https://kip.rkkp.dk/fhir/CodeSystem/FollowUp",
      "concept" : [{
        "code" : "aar_2",
        "display" : "2 år"
      },
      {
        "code" : "aar_5",
        "display" : "5 år"
      }]
    }]
  }
}