{
  "resourceType" : "ValueSet",
  "id" : "EHSVentralHernieLateral",
  "text" : {
    "status" : "extensions",
    "div" : "<div xmlns=\"http://www.w3.org/1999/xhtml\"><p class=\"res-header-id\"><b>Generated Narrative: ValueSet EHSVentralHernieLateral</b></p><a name=\"EHSVentralHernieLateral\"> </a><a name=\"hcEHSVentralHernieLateral\"> </a><a name=\"EHSVentralHernieLateral-en-US\"> </a><ul><li>Include these codes as defined in <a href=\"CodeSystem-EHSIncisionalHerniaClassification.html\"><code>https://kip.rkkp.dk/fhir/CodeSystem/EHSIncisionalHerniaClassification</code></a><table class=\"none\"><tr><td style=\"white-space:nowrap\"><b>Code</b></td><td><b>Display</b></td><td><b>Definition</b></td></tr><tr><td><a href=\"CodeSystem-EHSIncisionalHerniaClassification.html#EHSIncisionalHerniaClassification-l1\">l1</a></td><td>L1 subcostal</td><td>L1 - Subcostal</td></tr><tr><td><a href=\"CodeSystem-EHSIncisionalHerniaClassification.html#EHSIncisionalHerniaClassification-l2\">l2</a></td><td>L2 flanke</td><td>L2 - Flank</td></tr><tr><td><a href=\"CodeSystem-EHSIncisionalHerniaClassification.html#EHSIncisionalHerniaClassification-l3\">l3</a></td><td>L3 fossa iliaca</td><td>L3 - Iliac</td></tr><tr><td><a href=\"CodeSystem-EHSIncisionalHerniaClassification.html#EHSIncisionalHerniaClassification-l4\">l4</a></td><td>L4 lumbal</td><td>L4 - Lumbar</td></tr></table></li></ul></div>"
  },
  "url" : "https://kip.rkkp.dk/fhir/ValueSet/EHSVentralHernieLateral",
  "version" : "2.9.0",
  "name" : "EHSVentralHernieLateral",
  "title" : "EHS ventral hernie - lateral",
  "status" : "active",
  "experimental" : true,
  "date" : "2022-07-20T00:00:00+02:00",
  "publisher" : "Sundhedsvæsnets Kvalistetsinstitut with Trifork Digital Health A/S",
  "contact" : [{
    "name" : "Sundhedsvæsnets Kvalistetsinstitut with Trifork Digital Health A/S",
    "telecom" : [{
      "system" : "url",
      "value" : "https://trifork.com"
    },
    {
      "system" : "email",
      "value" : "rbk@trifork.com"
    }]
  }],
  "description" : "EHS ventral hernie - lateral",
  "compose" : {
    "include" : [{
      "system" : "https://kip.rkkp.dk/fhir/CodeSystem/EHSIncisionalHerniaClassification",
      "concept" : [{
        "code" : "l1",
        "display" : "L1 subcostal"
      },
      {
        "code" : "l2",
        "display" : "L2 flanke"
      },
      {
        "code" : "l3",
        "display" : "L3 fossa iliaca"
      },
      {
        "code" : "l4",
        "display" : "L4 lumbal"
      }]
    }]
  }
}