{
  "resourceType" : "ValueSet",
  "id" : "AndenBloedningDAP",
  "text" : {
    "status" : "extensions",
    "div" : "<div xmlns=\"http://www.w3.org/1999/xhtml\"><p class=\"res-header-id\"><b>Generated Narrative: ValueSet AndenBloedningDAP</b></p><a name=\"AndenBloedningDAP\"> </a><a name=\"hcAndenBloedningDAP\"> </a><a name=\"AndenBloedningDAP-en-US\"> </a><ul><li>Include these codes as defined in <a href=\"CodeSystem-BleedingStroke.html\"><code>https://kip.rkkp.dk/fhir/CodeSystem/BleedingStroke</code></a><table class=\"none\"><tr><td style=\"white-space:nowrap\"><b>Code</b></td><td><b>Display</b></td><td><b>Definition</b></td></tr><tr><td><a href=\"CodeSystem-BleedingStroke.html#BleedingStroke-phr_1\">phr_1</a></td><td>PHr 1</td><td>PHr 1</td></tr><tr><td><a href=\"CodeSystem-BleedingStroke.html#BleedingStroke-phr_2\">phr_2</a></td><td>PHr 2</td><td>PHr 2</td></tr></table></li></ul></div>"
  },
  "url" : "https://kip.rkkp.dk/fhir/ValueSet/AndenBloedningDAP",
  "version" : "2.9.3",
  "name" : "AndenBloedningDAP",
  "title" : "Anden blødning (DAP)",
  "status" : "active",
  "experimental" : true,
  "date" : "2022-09-02T00:00:00+02:00",
  "publisher" : "Sundhedsvæsenets Kvalitetsinstitut with Trifork Digital Health A/S",
  "contact" : [{
    "name" : "Sundhedsvæsenets Kvalitetsinstitut with Trifork Digital Health A/S",
    "telecom" : [{
      "system" : "url",
      "value" : "https://trifork.com"
    },
    {
      "system" : "email",
      "value" : "rbk@trifork.com"
    }]
  }],
  "description" : "Anden blødning fundet i forbindelse med billeddiagnostisk undersøgelse (DAP)",
  "compose" : {
    "include" : [{
      "system" : "https://kip.rkkp.dk/fhir/CodeSystem/BleedingStroke",
      "concept" : [{
        "code" : "phr_1",
        "display" : "PHr 1"
      },
      {
        "code" : "phr_2",
        "display" : "PHr 2"
      }]
    }]
  }
}