{
  "resourceType" : "ValueSet",
  "id" : "LokalStraaleterapi",
  "text" : {
    "status" : "extensions",
    "div" : "<div xmlns=\"http://www.w3.org/1999/xhtml\"><p class=\"res-header-id\"><b>Generated Narrative: ValueSet LokalStraaleterapi</b></p><a name=\"LokalStraaleterapi\"> </a><a name=\"hcLokalStraaleterapi\"> </a><a name=\"LokalStraaleterapi-en-US\"> </a><p>This value set includes codes based on the following rules:</p><ul><li>Include these codes as defined in <a href=\"CodeSystem-TreatmentType.html\"><code>https://kip.rkkp.dk/fhir/CodeSystem/TreatmentType</code></a><table class=\"none\"><tr><td style=\"white-space:nowrap\"><b>Code</b></td><td><b>Display</b></td><td><b>Definition</b></td></tr><tr><td><a href=\"CodeSystem-TreatmentType.html#TreatmentType-neoadjuvant\">neoadjuvant</a></td><td>Neoadjuverende/downsizing</td><td>Neoadjuvant / Neoadjuverende</td></tr><tr><td><a href=\"CodeSystem-TreatmentType.html#TreatmentType-watchfull_waiting\">watchfull_waiting</a></td><td>Watchfull waiting</td><td>Watchfull waiting</td></tr></table></li><li>Include these codes as defined in <a href=\"CodeSystem-GenericValues.html\"><code>https://kip.rkkp.dk/fhir/CodeSystem/GenericValues</code></a><table class=\"none\"><tr><td style=\"white-space:nowrap\"><b>Code</b></td><td><b>Display</b></td><td><b>Definition</b></td></tr><tr><td><a href=\"CodeSystem-GenericValues.html#GenericValues-other\">other</a></td><td>Anden indikation</td><td>Other - used to choose unspecific value not in a valueset</td></tr></table></li></ul></div>"
  },
  "url" : "https://kip.rkkp.dk/fhir/ValueSet/LokalStraaleterapi",
  "version" : "2.9.1",
  "name" : "LokalStraaleterapi",
  "title" : "Præoperativ lokal stråleterapi ved malign indikation for TES",
  "status" : "active",
  "experimental" : true,
  "date" : "2022-10-13T00:00:00+02:00",
  "publisher" : "Sundhedsvæsnets Kvalistetsinstitut with Trifork Digital Health A/S",
  "contact" : [{
    "name" : "Sundhedsvæsnets Kvalistetsinstitut with Trifork Digital Health A/S",
    "telecom" : [{
      "system" : "url",
      "value" : "https://trifork.com"
    },
    {
      "system" : "email",
      "value" : "rbk@trifork.com"
    }]
  }],
  "description" : "Præoperativ lokal stråleterapi ved malign indikation for TES",
  "compose" : {
    "include" : [{
      "system" : "https://kip.rkkp.dk/fhir/CodeSystem/TreatmentType",
      "concept" : [{
        "code" : "neoadjuvant",
        "display" : "Neoadjuverende/downsizing"
      },
      {
        "code" : "watchfull_waiting",
        "display" : "Watchfull waiting"
      }]
    },
    {
      "system" : "https://kip.rkkp.dk/fhir/CodeSystem/GenericValues",
      "concept" : [{
        "code" : "other",
        "display" : "Anden indikation"
      }]
    }]
  }
}