{
  "resourceType" : "ValueSet",
  "id" : "SKScTNMcM",
  "text" : {
    "status" : "extensions",
    "div" : "<div xmlns=\"http://www.w3.org/1999/xhtml\"><p class=\"res-header-id\"><b>Generated Narrative: ValueSet SKScTNMcM</b></p><a name=\"SKScTNMcM\"> </a><a name=\"hcSKScTNMcM\"> </a><a name=\"SKScTNMcM-en-US\"> </a><ul><li>Include these codes as defined in <a href=\"CodeSystem-SKS.html\"><code>https://kip.rkkp.dk/fhir/CodeSystem/SKS</code></a><table class=\"none\"><tr><td style=\"white-space:nowrap\"><b>Code</b></td><td><b>Display</b></td><td><b>Definition</b></td></tr><tr><td><a href=\"CodeSystem-SKS.html#SKS-AZCD40\">AZCD40</a></td><td>cM0: Ingen fjernmetastaser</td><td>AZCD40 - cM0: Ingen fjernmetastaser</td></tr><tr><td><a href=\"CodeSystem-SKS.html#SKS-AZCD41\">AZCD41</a></td><td>cM1: Fjernmetastase</td><td>AZCD41 - cM1: Fjernmetastase</td></tr></table></li></ul></div>"
  },
  "url" : "https://kip.rkkp.dk/fhir/ValueSet/SKScTNMcM",
  "version" : "2.9.0",
  "name" : "SKScTNMcM",
  "title" : "SKS: cTNM klassifikation, cM",
  "status" : "active",
  "experimental" : true,
  "date" : "2022-06-08T00:00:00+02:00",
  "publisher" : "Sundhedsvæsnets Kvalistetsinstitut with Trifork Digital Health A/S",
  "contact" : [{
    "name" : "Sundhedsvæsnets Kvalistetsinstitut with Trifork Digital Health A/S",
    "telecom" : [{
      "system" : "url",
      "value" : "https://trifork.com"
    },
    {
      "system" : "email",
      "value" : "rbk@trifork.com"
    }]
  }],
  "description" : "SKS koderne relevante cM tillægskoder",
  "compose" : {
    "include" : [{
      "system" : "https://kip.rkkp.dk/fhir/CodeSystem/SKS",
      "concept" : [{
        "code" : "AZCD40",
        "display" : "cM0: Ingen fjernmetastaser"
      },
      {
        "code" : "AZCD41",
        "display" : "cM1: Fjernmetastase"
      }]
    }]
  }
}