{
  "resourceType" : "ValueSet",
  "id" : "AcetabulumKnogletabKlassifikationDHR",
  "text" : {
    "status" : "extensions",
    "div" : "<div xmlns=\"http://www.w3.org/1999/xhtml\"><p class=\"res-header-id\"><b>Generated Narrative: ValueSet AcetabulumKnogletabKlassifikationDHR</b></p><a name=\"AcetabulumKnogletabKlassifikationDHR\"> </a><a name=\"hcAcetabulumKnogletabKlassifikationDHR\"> </a><a name=\"AcetabulumKnogletabKlassifikationDHR-en-US\"> </a><ul><li>Include these codes as defined in <a href=\"CodeSystem-BoneLossAcetabulumFemurClassification.html\"><code>https://kip.rkkp.dk/fhir/CodeSystem/BoneLossAcetabulumFemurClassification</code></a><table class=\"none\"><tr><td style=\"white-space:nowrap\"><b>Code</b></td><td><b>Display</b></td><td><b>Definition</b></td></tr><tr><td><a href=\"CodeSystem-BoneLossAcetabulumFemurClassification.html#BoneLossAcetabulumFemurClassification-acetabulum_type_1\">acetabulum_type_1</a></td><td>Type I</td><td>Type I: Intet væsentligt knogletab</td></tr><tr><td><a href=\"CodeSystem-BoneLossAcetabulumFemurClassification.html#BoneLossAcetabulumFemurClassification-acetabulum_type_2\">acetabulum_type_2</a></td><td>Type II</td><td>Type II: Contained knogletab (intakt rim)</td></tr><tr><td><a href=\"CodeSystem-BoneLossAcetabulumFemurClassification.html#BoneLossAcetabulumFemurClassification-acetabulum_type_3\">acetabulum_type_3</a></td><td>Type III</td><td>Type III: Ikke contained segmentel knogletab</td></tr><tr><td><a href=\"CodeSystem-BoneLossAcetabulumFemurClassification.html#BoneLossAcetabulumFemurClassification-acetabulum_type_4\">acetabulum_type_4</a></td><td>Type IV</td><td>Type IV: Ikke contained segmentelt knogletab involverende mere end 50% af acetabulum</td></tr><tr><td><a href=\"CodeSystem-BoneLossAcetabulumFemurClassification.html#BoneLossAcetabulumFemurClassification-acetabulum_type_5\">acetabulum_type_5</a></td><td>Type V</td><td>Type V: Knogletab med discontinuitet af acetabulum</td></tr></table></li></ul></div>"
  },
  "url" : "https://kip.rkkp.dk/fhir/ValueSet/AcetabulumKnogletabKlassifikationDHR",
  "version" : "0.1.6",
  "name" : "AcetabulumKnogletabKlassifikationDHR",
  "title" : "Acetabulum knogletab klassifikation (DHR)",
  "status" : "active",
  "experimental" : true,
  "date" : "2022-11-08T00:00:00+02:00",
  "publisher" : "Sundhedsvæsnets Kvalistetsinstitut with Trifork Digital Health A/S",
  "contact" : [{
    "name" : "Sundhedsvæsnets Kvalistetsinstitut with Trifork Digital Health A/S",
    "telecom" : [{
      "system" : "url",
      "value" : "https://trifork.com"
    },
    {
      "system" : "email",
      "value" : "rbk@trifork.com"
    }]
  }],
  "description" : "Acetabulum knogletab klassifikation (DHR)",
  "compose" : {
    "include" : [{
      "system" : "https://kip.rkkp.dk/fhir/CodeSystem/BoneLossAcetabulumFemurClassification",
      "concept" : [{
        "code" : "acetabulum_type_1",
        "display" : "Type I"
      },
      {
        "code" : "acetabulum_type_2",
        "display" : "Type II"
      },
      {
        "code" : "acetabulum_type_3",
        "display" : "Type III"
      },
      {
        "code" : "acetabulum_type_4",
        "display" : "Type IV"
      },
      {
        "code" : "acetabulum_type_5",
        "display" : "Type V"
      }]
    }]
  }
}