{
  "resourceType" : "ValueSet",
  "id" : "LipomHandlingDHDB",
  "text" : {
    "status" : "extensions",
    "div" : "<div xmlns=\"http://www.w3.org/1999/xhtml\"><p class=\"res-header-id\"><b>Generated Narrative: ValueSet LipomHandlingDHDB</b></p><a name=\"LipomHandlingDHDB\"> </a><a name=\"hcLipomHandlingDHDB\"> </a><a name=\"LipomHandlingDHDB-en-US\"> </a><ul><li>Include these codes as defined in <a href=\"CodeSystem-TreatmentType.html\"><code>https://kip.rkkp.dk/fhir/CodeSystem/TreatmentType</code></a><table class=\"none\"><tr><td style=\"white-space:nowrap\"><b>Code</b></td><td><b>Display</b></td><td><b>Definition</b></td></tr><tr><td><a href=\"CodeSystem-TreatmentType.html#TreatmentType-retrahere\">retrahere</a></td><td>Retraheret</td><td>Retraheret - Tilbagetrækning, skrumpning</td></tr><tr><td><a href=\"CodeSystem-TreatmentType.html#TreatmentType-exidere\">exidere</a></td><td>Exideret</td><td>Exideret - Fjerne</td></tr><tr><td><a href=\"CodeSystem-TreatmentType.html#TreatmentType-in_situ\">in_situ</a></td><td>Efterladt in situ</td><td>Efterladt in situ</td></tr></table></li></ul></div>"
  },
  "url" : "https://kip.rkkp.dk/fhir/ValueSet/LipomHandlingDHDB",
  "version" : "0.2.1",
  "name" : "LipomHandlingDHDB",
  "title" : "Håndtering af lipom (DHDB)",
  "status" : "active",
  "experimental" : true,
  "date" : "2024-09-10T00:00:00+02:00",
  "publisher" : "Sundhedsvæsnets Kvalistetsinstitut with Trifork Digital Health A/S",
  "contact" : [{
    "name" : "Sundhedsvæsnets Kvalistetsinstitut with Trifork Digital Health A/S",
    "telecom" : [{
      "system" : "url",
      "value" : "https://trifork.com"
    },
    {
      "system" : "email",
      "value" : "rbk@trifork.com"
    }]
  }],
  "description" : "Håndtering af lipom (DHDB)",
  "compose" : {
    "include" : [{
      "system" : "https://kip.rkkp.dk/fhir/CodeSystem/TreatmentType",
      "concept" : [{
        "code" : "retrahere",
        "display" : "Retraheret"
      },
      {
        "code" : "exidere",
        "display" : "Exideret"
      },
      {
        "code" : "in_situ",
        "display" : "Efterladt in situ"
      }]
    }]
  }
}