{
  "resourceType" : "ValueSet",
  "id" : "CivilstandDAP",
  "text" : {
    "status" : "extensions",
    "div" : "<div xmlns=\"http://www.w3.org/1999/xhtml\"><p class=\"res-header-id\"><b>Generated Narrative: ValueSet CivilstandDAP</b></p><a name=\"CivilstandDAP\"> </a><a name=\"hcCivilstandDAP\"> </a><a name=\"CivilstandDAP-en-US\"> </a><ul><li>Include these codes as defined in <a href=\"CodeSystem-MaritalStatus.html\"><code>https://kip.rkkp.dk/fhir/CodeSystem/MaritalStatus</code></a><table class=\"none\"><tr><td style=\"white-space:nowrap\"><b>Code</b></td><td><b>Display</b></td><td><b>Definition</b></td></tr><tr><td><a href=\"CodeSystem-MaritalStatus.html#MaritalStatus-cohabitant\">cohabitant</a></td><td>Samboende</td><td>Samboende</td></tr><tr><td><a href=\"CodeSystem-MaritalStatus.html#MaritalStatus-livingalone\">livingalone</a></td><td>Bor alene</td><td>Bor alene</td></tr><tr><td><a href=\"CodeSystem-MaritalStatus.html#MaritalStatus-other\">other</a></td><td>Andet</td><td>Andet</td></tr></table></li></ul></div>"
  },
  "url" : "https://kip.rkkp.dk/fhir/ValueSet/CivilstandDAP",
  "version" : "0.1.6",
  "name" : "CivilstandDAP",
  "title" : "Civilstand [DAP]",
  "status" : "active",
  "experimental" : true,
  "date" : "2022-06-21T00:00:00+02:00",
  "publisher" : "Sundhedsvæsnets Kvalistetsinstitut with Trifork Digital Health A/S",
  "contact" : [{
    "name" : "Sundhedsvæsnets Kvalistetsinstitut with Trifork Digital Health A/S",
    "telecom" : [{
      "system" : "url",
      "value" : "https://trifork.com"
    },
    {
      "system" : "email",
      "value" : "rbk@trifork.com"
    }]
  }],
  "description" : "Civilstand for Apopleksi [DAP]",
  "compose" : {
    "include" : [{
      "system" : "https://kip.rkkp.dk/fhir/CodeSystem/MaritalStatus",
      "concept" : [{
        "code" : "cohabitant",
        "display" : "Samboende"
      },
      {
        "code" : "livingalone",
        "display" : "Bor alene"
      },
      {
        "code" : "other",
        "display" : "Andet"
      }]
    }]
  }
}