{
  "resourceType" : "ValueSet",
  "id" : "EHSVentralHernieSamlet",
  "text" : {
    "status" : "extensions",
    "div" : "<div xmlns=\"http://www.w3.org/1999/xhtml\"><p class=\"res-header-id\"><b>Generated Narrative: ValueSet EHSVentralHernieSamlet</b></p><a name=\"EHSVentralHernieSamlet\"> </a><a name=\"hcEHSVentralHernieSamlet\"> </a><a name=\"EHSVentralHernieSamlet-en-US\"> </a><ul><li>Include these codes as defined in <a href=\"CodeSystem-EHSIncisionalHerniaClassification.html\"><code>https://kip.rkkp.dk/fhir/CodeSystem/EHSIncisionalHerniaClassification</code></a><table class=\"none\"><tr><td style=\"white-space:nowrap\"><b>Code</b></td><td><b>Display</b></td><td><b>Definition</b></td></tr><tr><td><a href=\"CodeSystem-EHSIncisionalHerniaClassification.html#EHSIncisionalHerniaClassification-l1r\">l1r</a></td><td>L1 subcostal (Højre)</td><td>L1 - Subcostal (Right)</td></tr><tr><td><a href=\"CodeSystem-EHSIncisionalHerniaClassification.html#EHSIncisionalHerniaClassification-l2r\">l2r</a></td><td>L2 flanke (Højre)</td><td>L2 - Flank (Right)</td></tr><tr><td><a href=\"CodeSystem-EHSIncisionalHerniaClassification.html#EHSIncisionalHerniaClassification-l3r\">l3r</a></td><td>L3 fossa iliaca (Højre)</td><td>L3 - Iliac (Right)</td></tr><tr><td><a href=\"CodeSystem-EHSIncisionalHerniaClassification.html#EHSIncisionalHerniaClassification-l4r\">l4r</a></td><td>L4 lumbal (Højre)</td><td>L4 - Lumbar (Right)</td></tr><tr><td><a href=\"CodeSystem-EHSIncisionalHerniaClassification.html#EHSIncisionalHerniaClassification-m1\">m1</a></td><td>M1 subxiphoidal</td><td>M1 - Subxiphoidal</td></tr><tr><td><a href=\"CodeSystem-EHSIncisionalHerniaClassification.html#EHSIncisionalHerniaClassification-m2\">m2</a></td><td>M2 epigastrielt</td><td>M2 - Epigastric</td></tr><tr><td><a href=\"CodeSystem-EHSIncisionalHerniaClassification.html#EHSIncisionalHerniaClassification-m3\">m3</a></td><td>M3 umbilikalt</td><td>M3 - Umbilical</td></tr><tr><td><a href=\"CodeSystem-EHSIncisionalHerniaClassification.html#EHSIncisionalHerniaClassification-m4\">m4</a></td><td>M4 infraumbilikalt</td><td>M4 - Infraumbilical</td></tr><tr><td><a href=\"CodeSystem-EHSIncisionalHerniaClassification.html#EHSIncisionalHerniaClassification-m5\">m5</a></td><td>M5 suprapubisk</td><td>M5 - Suprapubic</td></tr><tr><td><a href=\"CodeSystem-EHSIncisionalHerniaClassification.html#EHSIncisionalHerniaClassification-l1l\">l1l</a></td><td>L1 subcostal (Venstre)</td><td>L1 - Subcostal (Left)</td></tr><tr><td><a href=\"CodeSystem-EHSIncisionalHerniaClassification.html#EHSIncisionalHerniaClassification-l2l\">l2l</a></td><td>L2 flanke (Venstre)</td><td>L2 - Flank (Left)</td></tr><tr><td><a href=\"CodeSystem-EHSIncisionalHerniaClassification.html#EHSIncisionalHerniaClassification-l3l\">l3l</a></td><td>L3 fossa iliaca (Venstre)</td><td>L3 - Iliac (Left)</td></tr><tr><td><a href=\"CodeSystem-EHSIncisionalHerniaClassification.html#EHSIncisionalHerniaClassification-l4l\">l4l</a></td><td>L4 lumbal (Venstre)</td><td>L4 - Lumbar (Left)</td></tr></table></li></ul></div>"
  },
  "url" : "https://kip.rkkp.dk/fhir/ValueSet/EHSVentralHernieSamlet",
  "version" : "0.2.1",
  "name" : "EHSVentralHernieSamlet",
  "title" : "EHS ventral hernie - samlet",
  "status" : "active",
  "experimental" : true,
  "date" : "2023-07-06T00:00:00+02:00",
  "publisher" : "Sundhedsvæsnets Kvalistetsinstitut with Trifork Digital Health A/S",
  "contact" : [{
    "name" : "Sundhedsvæsnets Kvalistetsinstitut with Trifork Digital Health A/S",
    "telecom" : [{
      "system" : "url",
      "value" : "https://trifork.com"
    },
    {
      "system" : "email",
      "value" : "rbk@trifork.com"
    }]
  }],
  "description" : "EHS ventral hernie - lateral fordelt på højre/venstre og kombineret med midtlinje",
  "compose" : {
    "include" : [{
      "system" : "https://kip.rkkp.dk/fhir/CodeSystem/EHSIncisionalHerniaClassification",
      "concept" : [{
        "code" : "l1r",
        "display" : "L1 subcostal (Højre)"
      },
      {
        "code" : "l2r",
        "display" : "L2 flanke (Højre)"
      },
      {
        "code" : "l3r",
        "display" : "L3 fossa iliaca (Højre)"
      },
      {
        "code" : "l4r",
        "display" : "L4 lumbal (Højre)"
      },
      {
        "code" : "m1",
        "display" : "M1 subxiphoidal"
      },
      {
        "code" : "m2",
        "display" : "M2 epigastrielt"
      },
      {
        "code" : "m3",
        "display" : "M3 umbilikalt"
      },
      {
        "code" : "m4",
        "display" : "M4 infraumbilikalt"
      },
      {
        "code" : "m5",
        "display" : "M5 suprapubisk"
      },
      {
        "code" : "l1l",
        "display" : "L1 subcostal (Venstre)"
      },
      {
        "code" : "l2l",
        "display" : "L2 flanke (Venstre)"
      },
      {
        "code" : "l3l",
        "display" : "L3 fossa iliaca (Venstre)"
      },
      {
        "code" : "l4l",
        "display" : "L4 lumbal (Venstre)"
      }]
    }]
  }
}