{
  "resourceType" : "ValueSet",
  "id" : "InitialRespons",
  "text" : {
    "status" : "extensions",
    "div" : "<div xmlns=\"http://www.w3.org/1999/xhtml\"><p class=\"res-header-id\"><b>Generated Narrative: ValueSet InitialRespons</b></p><a name=\"InitialRespons\"> </a><a name=\"hcInitialRespons\"> </a><a name=\"InitialRespons-en-US\"> </a><p>This value set includes codes based on the following rules:</p><ul><li>Include these codes as defined in <a href=\"CodeSystem-Profylaksebehandling.html\"><code>https://kip.sundk.dk/fhir/CodeSystem/Profylaksebehandling</code></a><table class=\"none\"><tr><td style=\"white-space:nowrap\"><b>Code</b></td><td><b>Display</b></td></tr><tr><td><a href=\"CodeSystem-Profylaksebehandling.html#Profylaksebehandling-yesfreeOfTreatment\">yesfreeOfTreatment</a></td><td>Ja, og patienten genoptog ikke sin vanlige profylaksebehandling</td></tr><tr><td><a href=\"CodeSystem-Profylaksebehandling.html#Profylaksebehandling-yesagainprofylakse\">yesagainprofylakse</a></td><td>Ja, men patienten har genoptaget profylaksebehandling</td></tr></table></li><li>Include these codes as defined in <a href=\"http://terminology.hl7.org/3.1.0/CodeSystem-v2-0532.html\"><code>http://terminology.hl7.org/CodeSystem/v2-0532</code></a><table class=\"none\"><tr><td style=\"white-space:nowrap\"><b>Code</b></td><td><b>Display</b></td><td><b>Definition</b></td></tr><tr><td><a href=\"http://terminology.hl7.org/3.1.0/CodeSystem-v2-0532.html#v2-0532-N\">N</a></td><td>Nej</td><td>No</td></tr></table></li></ul></div>"
  },
  "url" : "https://kip.sundk.dk/fhir/ValueSet/InitialRespons",
  "version" : "0.0.9",
  "name" : "InitialRespons",
  "title" : "InitialRespons",
  "status" : "active",
  "experimental" : true,
  "date" : "2024-06-25T00:00:00+02:00",
  "publisher" : "Sundhedsvæsnets Kvalistetsinstitut with Trifork Public A/S",
  "contact" : [{
    "name" : "Sundhedsvæsnets Kvalistetsinstitut with Trifork Public A/S",
    "telecom" : [{
      "system" : "url",
      "value" : "https://trifork.com"
    },
    {
      "system" : "email",
      "value" : "rbk@trifork.com"
    }]
  }],
  "description" : "InitialRespons",
  "compose" : {
    "include" : [{
      "system" : "https://kip.sundk.dk/fhir/CodeSystem/Profylaksebehandling",
      "concept" : [{
        "code" : "yesfreeOfTreatment",
        "display" : "Ja, og patienten genoptog ikke sin vanlige profylaksebehandling"
      },
      {
        "code" : "yesagainprofylakse",
        "display" : "Ja, men patienten har genoptaget profylaksebehandling"
      }]
    },
    {
      "system" : "http://terminology.hl7.org/CodeSystem/v2-0532",
      "concept" : [{
        "code" : "N",
        "display" : "Nej"
      }]
    }]
  }
}