{
  "resourceType" : "ValueSet",
  "id" : "DomTidligereRETSPSYK",
  "text" : {
    "status" : "extensions",
    "div" : "<div xmlns=\"http://www.w3.org/1999/xhtml\"><p class=\"res-header-id\"><b>Generated Narrative: ValueSet DomTidligereRETSPSYK</b></p><a name=\"DomTidligereRETSPSYK\"> </a><a name=\"hcDomTidligereRETSPSYK\"> </a><a name=\"DomTidligereRETSPSYK-en-US\"> </a><ul><li>Include these codes as defined in <a href=\"CodeSystem-Verdict.html\"><code>https://kip.rkkp.dk/fhir/CodeSystem/Verdict</code></a><table class=\"none\"><tr><td style=\"white-space:nowrap\"><b>Code</b></td><td><b>Display</b></td><td><b>Definition</b></td></tr><tr><td><a href=\"CodeSystem-Verdict.html#Verdict-ordinary_penalty\">ordinary_penalty</a></td><td>Almindelig straf</td><td>Almindelig straf</td></tr><tr><td><a href=\"CodeSystem-Verdict.html#Verdict-placement_psychiatric_ward\">placement_psychiatric_ward</a></td><td>Dom til anbringelse i psykiatrisk afdeling</td><td>Dom til anbringelse i psykiatrisk afdeling</td></tr><tr><td><a href=\"CodeSystem-Verdict.html#Verdict-placement_secure_ward\">placement_secure_ward</a></td><td>Dom til anbringelse på sikringsafdelingen</td><td>Dom til anbringelse på sikringsafdelingen</td></tr><tr><td><a href=\"CodeSystem-Verdict.html#Verdict-placement_psychiatric_ward_etc\">placement_psychiatric_ward_etc</a></td><td>Dom til anbringelse på psykiatrisk afdeling etc.</td><td>Dom til anbringelse på psykiatrisk afdeling etc.</td></tr><tr><td><a href=\"CodeSystem-Verdict.html#Verdict-treatment_correctional\">treatment_correctional</a></td><td>Dom til behandling på psykiatrisk afdeling med tilsyn af kriminalforsorgen etc.</td><td>Dom til behandling på psykiatrisk afdeling med tilsyn af Kriminalforsorgen</td></tr><tr><td><a href=\"CodeSystem-Verdict.html#Verdict-treatment_outpatient\">treatment_outpatient</a></td><td>Dom til ambulant behandling ved psykiatrisk afdeling</td><td>Dom til ambulant behandling ved psykiatrisk afdeling</td></tr><tr><td><a href=\"CodeSystem-Verdict.html#Verdict-treatment_outpatient_correctional\">treatment_outpatient_correctional</a></td><td>Dom til ambulant behandling ved psykiatrisk afdeling med tilsyn af kriminalforsorgen etc.</td><td>Dom til ambulant behandling ved psykiatrisk afdeling med tilsyn af Kriminalforsorgen</td></tr><tr><td><a href=\"CodeSystem-Verdict.html#Verdict-treatment_outpatient_admission\">treatment_outpatient_admission</a></td><td>Dom til ambulant behandling ved psykiatrisk afdeling med mulighed for indlæggelse etc.</td><td>Dom til ambulant behandling ved psykiatrisk afdeling med mulighed for indlæggelse</td></tr><tr><td><a href=\"CodeSystem-Verdict.html#Verdict-treatment_outpatient_correctional_admission\">treatment_outpatient_correctional_admission</a></td><td>Dom til ambulant behandling ved psykiatrisk afdeling med tilsyn af kriminalforsorgen og mulighed for indlæggelse etc.</td><td>Dom til ambulant behandling ved psykiatrisk afdeling med tilsyn af Kriminalforsorgen og mulighed for indlæggelse</td></tr></table></li></ul></div>"
  },
  "url" : "https://kip.rkkp.dk/fhir/ValueSet/DomTidligereRETSPSYK",
  "version" : "0.2.1",
  "name" : "DomTidligereRETSPSYK",
  "title" : "Dom - Tidligere (RETSPSYK)",
  "status" : "active",
  "experimental" : true,
  "date" : "2022-09-28T00:00:00+02:00",
  "publisher" : "Sundhedsvæsnets Kvalistetsinstitut with Trifork Digital Health A/S",
  "contact" : [{
    "name" : "Sundhedsvæsnets Kvalistetsinstitut with Trifork Digital Health A/S",
    "telecom" : [{
      "system" : "url",
      "value" : "https://trifork.com"
    },
    {
      "system" : "email",
      "value" : "rbk@trifork.com"
    }]
  }],
  "description" : "Dom - Tidligere (RETSPSYK)",
  "compose" : {
    "include" : [{
      "system" : "https://kip.rkkp.dk/fhir/CodeSystem/Verdict",
      "concept" : [{
        "code" : "ordinary_penalty",
        "display" : "Almindelig straf"
      },
      {
        "code" : "placement_psychiatric_ward",
        "display" : "Dom til anbringelse i psykiatrisk afdeling"
      },
      {
        "code" : "placement_secure_ward",
        "display" : "Dom til anbringelse på sikringsafdelingen"
      },
      {
        "code" : "placement_psychiatric_ward_etc",
        "display" : "Dom til anbringelse på psykiatrisk afdeling etc."
      },
      {
        "code" : "treatment_correctional",
        "display" : "Dom til behandling på psykiatrisk afdeling med tilsyn af kriminalforsorgen etc."
      },
      {
        "code" : "treatment_outpatient",
        "display" : "Dom til ambulant behandling ved psykiatrisk afdeling"
      },
      {
        "code" : "treatment_outpatient_correctional",
        "display" : "Dom til ambulant behandling ved psykiatrisk afdeling med tilsyn af kriminalforsorgen etc."
      },
      {
        "code" : "treatment_outpatient_admission",
        "display" : "Dom til ambulant behandling ved psykiatrisk afdeling med mulighed for indlæggelse etc."
      },
      {
        "code" : "treatment_outpatient_correctional_admission",
        "display" : "Dom til ambulant behandling ved psykiatrisk afdeling med tilsyn af kriminalforsorgen og mulighed for indlæggelse etc."
      }]
    }]
  }
}