{
  "resourceType" : "ValueSet",
  "id" : "KomplBlaereDiagDUGA",
  "text" : {
    "status" : "extensions",
    "div" : "<div xmlns=\"http://www.w3.org/1999/xhtml\"><p class=\"res-header-id\"><b>Generated Narrative: ValueSet KomplBlaereDiagDUGA</b></p><a name=\"KomplBlaereDiagDUGA\"> </a><a name=\"hcKomplBlaereDiagDUGA\"> </a><a name=\"KomplBlaereDiagDUGA-en-US\"> </a><ul><li>Include these codes as defined in <a href=\"CodeSystem-ProcedureUrogyn.html\"><code>https://kip.sundk.dk/fhir/CodeSystem/ProcedureUrogyn</code></a><table class=\"none\"><tr><td style=\"white-space:nowrap\"><b>Code</b></td><td><b>Display</b></td><td><b>Definition</b></td></tr><tr><td><a href=\"CodeSystem-ProcedureUrogyn.html#ProcedureUrogyn-DR339D\">DR339D</a></td><td>DR339D: Residualurin</td><td>Residualurin</td></tr><tr><td><a href=\"CodeSystem-ProcedureUrogyn.html#ProcedureUrogyn-DR391\">DR391</a></td><td>DR391: Vandladningsbesvær UNS</td><td>Vandladningsbesvær UNS</td></tr></table></li></ul></div>"
  },
  "url" : "https://kip.sundk.dk/fhir/ValueSet/KomplBlaereDiagDUGA",
  "version" : "0.0.9",
  "name" : "KomplBlaereDiagDUGA",
  "title" : "Komplikationer pga. blæretømningsbesvær - Diagnosekoder (DUGA)",
  "status" : "active",
  "experimental" : true,
  "date" : "2024-02-21T00:00:00+02:00",
  "publisher" : "Sundhedsvæsnets Kvalistetsinstitut with Trifork Public A/S",
  "contact" : [{
    "name" : "Sundhedsvæsnets Kvalistetsinstitut with Trifork Public A/S",
    "telecom" : [{
      "system" : "url",
      "value" : "https://trifork.com"
    },
    {
      "system" : "email",
      "value" : "rbk@trifork.com"
    }]
  }],
  "description" : "Komplikationer pga. blæretømningsbesvær - Diagnosekoder (DUGA)",
  "compose" : {
    "include" : [{
      "system" : "https://kip.sundk.dk/fhir/CodeSystem/ProcedureUrogyn",
      "concept" : [{
        "code" : "DR339D",
        "display" : "DR339D: Residualurin"
      },
      {
        "code" : "DR391",
        "display" : "DR391: Vandladningsbesvær UNS"
      }]
    }]
  }
}