{
  "resourceType" : "ValueSet",
  "id" : "HernieStoerrelse",
  "text" : {
    "status" : "extensions",
    "div" : "<div xmlns=\"http://www.w3.org/1999/xhtml\"><p class=\"res-header-id\"><b>Generated Narrative: ValueSet HernieStoerrelse</b></p><a name=\"HernieStoerrelse\"> </a><a name=\"hcHernieStoerrelse\"> </a><a name=\"HernieStoerrelse-en-US\"> </a><p>This value set includes codes based on the following rules:</p><ul><li>Include these codes as defined in <a href=\"CodeSystem-HerniaSize.html\"><code>https://kip.rkkp.dk/fhir/CodeSystem/HerniaSize</code></a><table class=\"none\"><tr><td style=\"white-space:nowrap\"><b>Code</b></td><td><b>Display</b></td><td><b>Definition</b></td></tr><tr><td><a href=\"CodeSystem-HerniaSize.html#HerniaSize-.601\">&lt;1</a></td><td>&lt;1 finger</td><td>&lt;1 finger / &lt;1 finger</td></tr><tr><td><a href=\"CodeSystem-HerniaSize.html#HerniaSize-1\">1</a></td><td>1 finger</td><td>1 finger</td></tr><tr><td><a href=\"CodeSystem-HerniaSize.html#HerniaSize-2\">2</a></td><td>2 fingre</td><td>2 fingers / 2 fingre</td></tr><tr><td><a href=\"CodeSystem-HerniaSize.html#HerniaSize-.62.613\">&gt;=3</a></td><td>&gt;=3 fingre</td><td>&gt;=3 fingers / &gt;=3 fingre</td></tr></table></li><li>Include these codes as defined in <a href=\"http://terminology.hl7.org/3.1.0/CodeSystem-v2-0532.html\"><code>http://terminology.hl7.org/CodeSystem/v2-0532</code></a><table class=\"none\"><tr><td style=\"white-space:nowrap\"><b>Code</b></td><td><b>Display</b></td><td><b>Definition</b></td></tr><tr><td><a href=\"http://terminology.hl7.org/3.1.0/CodeSystem-v2-0532.html#v2-0532-UNK\">UNK</a></td><td>Ukendt</td><td>unknown</td></tr></table></li></ul></div>"
  },
  "url" : "https://kip.rkkp.dk/fhir/ValueSet/HernieStoerrelse",
  "version" : "2.9.1",
  "name" : "HernieStoerrelse",
  "title" : "Hernie størrelse",
  "status" : "active",
  "experimental" : true,
  "date" : "2022-07-20T00:00:00+02:00",
  "publisher" : "Sundhedsvæsnets Kvalistetsinstitut with Trifork Digital Health A/S",
  "contact" : [{
    "name" : "Sundhedsvæsnets Kvalistetsinstitut with Trifork Digital Health A/S",
    "telecom" : [{
      "system" : "url",
      "value" : "https://trifork.com"
    },
    {
      "system" : "email",
      "value" : "rbk@trifork.com"
    }]
  }],
  "description" : "Hernie størrelse",
  "compose" : {
    "include" : [{
      "system" : "https://kip.rkkp.dk/fhir/CodeSystem/HerniaSize",
      "concept" : [{
        "code" : "<1",
        "display" : "<1 finger"
      },
      {
        "code" : "1",
        "display" : "1 finger"
      },
      {
        "code" : "2",
        "display" : "2 fingre"
      },
      {
        "code" : ">=3",
        "display" : ">=3 fingre"
      }]
    },
    {
      "system" : "http://terminology.hl7.org/CodeSystem/v2-0532",
      "concept" : [{
        "code" : "UNK",
        "display" : "Ukendt"
      }]
    }]
  }
}