{
  "resourceType" : "ValueSet",
  "id" : "CytogeneticSpecificerFund",
  "text" : {
    "status" : "extensions",
    "div" : "<div xmlns=\"http://www.w3.org/1999/xhtml\"><p class=\"res-header-id\"><b>Generated Narrative: ValueSet CytogeneticSpecificerFund</b></p><a name=\"CytogeneticSpecificerFund\"> </a><a name=\"hcCytogeneticSpecificerFund\"> </a><a name=\"CytogeneticSpecificerFund-en-US\"> </a><ul><li>Include these codes as defined in <a href=\"CodeSystem-GenericValues.html\"><code>https://kip.rkkp.dk/fhir/CodeSystem/GenericValues</code></a><table class=\"none\"><tr><td style=\"white-space:nowrap\"><b>Code</b></td><td><b>Display</b></td><td><b>Definition</b></td></tr><tr><td><a href=\"CodeSystem-GenericValues.html#GenericValues-normal\">normal</a></td><td>Normal undersøgelse</td><td>Normal</td></tr><tr><td><a href=\"CodeSystem-GenericValues.html#GenericValues-other\">other</a></td><td>Andre cytogenetiske fund</td><td>Other - used to choose unspecific value not in a valueset</td></tr></table></li></ul></div>"
  },
  "url" : "https://kip.rkkp.dk/fhir/ValueSet/CytogeneticSpecificerFund",
  "version" : "2.9.3",
  "name" : "CytogeneticSpecificerFund",
  "title" : "Specificer Cytogenetiske Fund",
  "status" : "active",
  "experimental" : true,
  "date" : "2024-10-02T00:00:00+02:00",
  "publisher" : "Sundhedsvæsenets Kvalitetsinstitut with Trifork Digital Health A/S",
  "contact" : [{
    "name" : "Sundhedsvæsenets Kvalitetsinstitut with Trifork Digital Health A/S",
    "telecom" : [{
      "system" : "url",
      "value" : "https://trifork.com"
    },
    {
      "system" : "email",
      "value" : "rbk@trifork.com"
    }]
  }],
  "description" : "Specificer Cytogenetiske Fund",
  "compose" : {
    "include" : [{
      "system" : "https://kip.rkkp.dk/fhir/CodeSystem/GenericValues",
      "concept" : [{
        "code" : "normal",
        "display" : "Normal undersøgelse"
      },
      {
        "code" : "other",
        "display" : "Andre cytogenetiske fund"
      }]
    }]
  }
}