{
  "resourceType" : "ValueSet",
  "id" : "HeartAttackSTEMIPosition",
  "text" : {
    "status" : "extensions",
    "div" : "<div xmlns=\"http://www.w3.org/1999/xhtml\"><p class=\"res-header-id\"><b>Generated Narrative: ValueSet HeartAttackSTEMIPosition</b></p><a name=\"HeartAttackSTEMIPosition\"> </a><a name=\"hcHeartAttackSTEMIPosition\"> </a><a name=\"HeartAttackSTEMIPosition-en-US\"> </a><ul><li>Include these codes as defined in <a href=\"CodeSystem-Complications.html\"><code>https://kip.rkkp.dk/fhir/CodeSystem/Complications</code></a><table class=\"none\"><tr><td style=\"white-space:nowrap\"><b>Code</b></td><td><b>Display</b></td><td><b>Definition</b></td></tr><tr><td><a href=\"CodeSystem-Complications.html#Complications-anterior_segment_elevation_myocardial_infarction\">anterior_segment_elevation_myocardial_infarction</a></td><td>Anteriort (ST-elevationer i prækordiale afledninger/aVL/I</td><td>--</td></tr><tr><td><a href=\"CodeSystem-Complications.html#Complications-non_anterior_segment_elevation_myocardial_infarction\">non_anterior_segment_elevation_myocardial_infarction</a></td><td>Non anteriort (ST-elevationer i inferiore afledninger/reciprokke anteriore ST-depressioner)</td><td>--</td></tr></table></li></ul></div>"
  },
  "url" : "https://kip.rkkp.dk/fhir/ValueSet/HeartAttackSTEMIPosition",
  "version" : "2.9.3",
  "name" : "HeartAttackSTEMIPosition",
  "title" : "Position af STEMI hjertestop",
  "status" : "active",
  "experimental" : true,
  "date" : "2022-06-07T00:00:00+02:00",
  "publisher" : "Sundhedsvæsenets Kvalitetsinstitut with Trifork Digital Health A/S",
  "contact" : [{
    "name" : "Sundhedsvæsenets Kvalitetsinstitut with Trifork Digital Health A/S",
    "telecom" : [{
      "system" : "url",
      "value" : "https://trifork.com"
    },
    {
      "system" : "email",
      "value" : "rbk@trifork.com"
    }]
  }],
  "description" : "En mere detailiert positions beskrivelse af hjertestop",
  "compose" : {
    "include" : [{
      "system" : "https://kip.rkkp.dk/fhir/CodeSystem/Complications",
      "concept" : [{
        "code" : "anterior_segment_elevation_myocardial_infarction",
        "display" : "Anteriort (ST-elevationer i prækordiale afledninger/aVL/I"
      },
      {
        "code" : "non_anterior_segment_elevation_myocardial_infarction",
        "display" : "Non anteriort (ST-elevationer i inferiore afledninger/reciprokke anteriore ST-depressioner)"
      }]
    }]
  }
}