{
  "resourceType" : "ValueSet",
  "id" : "GlenoidalkomponentSupplerendeDSR",
  "text" : {
    "status" : "extensions",
    "div" : "<div xmlns=\"http://www.w3.org/1999/xhtml\"><p class=\"res-header-id\"><b>Generated Narrative: ValueSet GlenoidalkomponentSupplerendeDSR</b></p><a name=\"GlenoidalkomponentSupplerendeDSR\"> </a><a name=\"hcGlenoidalkomponentSupplerendeDSR\"> </a><a name=\"GlenoidalkomponentSupplerendeDSR-en-US\"> </a><p>This value set includes codes based on the following rules:</p><ul><li>Include these codes as defined in <a href=\"CodeSystem-ImplantComponents.html\"><code>https://kip.sundk.dk/fhir/CodeSystem/ImplantComponents</code></a><table class=\"none\"><tr><td style=\"white-space:nowrap\"><b>Code</b></td><td><b>Display</b></td><td><b>Definition</b></td></tr><tr><td><a href=\"CodeSystem-ImplantComponents.html#ImplantComponents-polyethylene_cool\">polyethylene_cool</a></td><td>Polyethylen køl</td><td>Polyethylen køl</td></tr><tr><td><a href=\"CodeSystem-ImplantComponents.html#ImplantComponents-polyethylene_pegs\">polyethylene_pegs</a></td><td>Polyethylen pegs</td><td>Polyethylen pegs</td></tr><tr><td><a href=\"CodeSystem-ImplantComponents.html#ImplantComponents-metal_pegs\">metal_pegs</a></td><td>Metal pegs</td><td>Metal pegs</td></tr><tr><td><a href=\"CodeSystem-ImplantComponents.html#ImplantComponents-screws\">screws</a></td><td>Skruer</td><td>Skruer</td></tr><tr><td><a href=\"CodeSystem-ImplantComponents.html#ImplantComponents-augmented\">augmented</a></td><td>Augmented</td><td>Augmented</td></tr></table></li><li>Include these codes as defined in <a href=\"CodeSystem-GenericValues.html\"><code>https://kip.sundk.dk/fhir/CodeSystem/GenericValues</code></a><table class=\"none\"><tr><td style=\"white-space:nowrap\"><b>Code</b></td><td><b>Display</b></td><td><b>Definition</b></td></tr><tr><td><a href=\"CodeSystem-GenericValues.html#GenericValues-other\">other</a></td><td>Andet</td><td>Other - used to choose unspecific value not in a valueset</td></tr></table></li></ul></div>"
  },
  "url" : "https://kip.sundk.dk/fhir/ValueSet/GlenoidalkomponentSupplerendeDSR",
  "version" : "0.0.9",
  "name" : "GlenoidalkomponentSupplerendeDSR",
  "title" : "Glenoidalkomponent - supplerende (DSR)",
  "status" : "active",
  "experimental" : true,
  "date" : "2022-10-06T00:00:00+02:00",
  "publisher" : "Sundhedsvæsnets Kvalistetsinstitut with Trifork Public A/S",
  "contact" : [{
    "name" : "Sundhedsvæsnets Kvalistetsinstitut with Trifork Public A/S",
    "telecom" : [{
      "system" : "url",
      "value" : "https://trifork.com"
    },
    {
      "system" : "email",
      "value" : "rbk@trifork.com"
    }]
  }],
  "description" : "Glenoidalkomponent - supplerende (DSR)",
  "compose" : {
    "include" : [{
      "system" : "https://kip.sundk.dk/fhir/CodeSystem/ImplantComponents",
      "concept" : [{
        "code" : "polyethylene_cool",
        "display" : "Polyethylen køl"
      },
      {
        "code" : "polyethylene_pegs",
        "display" : "Polyethylen pegs"
      },
      {
        "code" : "metal_pegs",
        "display" : "Metal pegs"
      },
      {
        "code" : "screws",
        "display" : "Skruer"
      },
      {
        "code" : "augmented",
        "display" : "Augmented"
      }]
    },
    {
      "system" : "https://kip.sundk.dk/fhir/CodeSystem/GenericValues",
      "concept" : [{
        "code" : "other",
        "display" : "Andet"
      }]
    }]
  }
}