{
  "resourceType" : "ValueSet",
  "id" : "SmerteKvalme",
  "text" : {
    "status" : "extensions",
    "div" : "<div xmlns=\"http://www.w3.org/1999/xhtml\"><p class=\"res-header-id\"><b>Generated Narrative: ValueSet SmerteKvalme</b></p><a name=\"SmerteKvalme\"> </a><a name=\"hcSmerteKvalme\"> </a><a name=\"SmerteKvalme-en-US\"> </a><ul><li>Include these codes as defined in <a href=\"CodeSystem-SmerteKvalme.html\"><code>https://kip.sundk.dk/fhir/CodeSystem/SmerteKvalme</code></a><table class=\"none\"><tr><td style=\"white-space:nowrap\"><b>Code</b></td><td><b>Display</b></td><td><b>Definition</b></td></tr><tr><td><a href=\"CodeSystem-SmerteKvalme.html#SmerteKvalme-0\">0</a></td><td>0</td><td>0</td></tr><tr><td><a href=\"CodeSystem-SmerteKvalme.html#SmerteKvalme-1\">1</a></td><td>1</td><td>1</td></tr><tr><td><a href=\"CodeSystem-SmerteKvalme.html#SmerteKvalme-2\">2</a></td><td>2</td><td>2</td></tr><tr><td><a href=\"CodeSystem-SmerteKvalme.html#SmerteKvalme-3\">3</a></td><td>3</td><td>3</td></tr></table></li></ul></div>"
  },
  "url" : "https://kip.sundk.dk/fhir/ValueSet/SmerteKvalme",
  "version" : "0.0.9",
  "name" : "SmerteKvalme",
  "title" : "KvalmeSmerte",
  "status" : "active",
  "experimental" : true,
  "date" : "2022-05-31T00:00:00+02:00",
  "publisher" : "Sundhedsvæsnets Kvalistetsinstitut with Trifork Public A/S",
  "contact" : [{
    "name" : "Sundhedsvæsnets Kvalistetsinstitut with Trifork Public A/S",
    "telecom" : [{
      "system" : "url",
      "value" : "https://trifork.com"
    },
    {
      "system" : "email",
      "value" : "rbk@trifork.com"
    }]
  }],
  "description" : "Vurdering af patientens smerte- / kvalmetilstand",
  "compose" : {
    "include" : [{
      "system" : "https://kip.sundk.dk/fhir/CodeSystem/SmerteKvalme",
      "concept" : [{
        "code" : "0",
        "display" : "0"
      },
      {
        "code" : "1",
        "display" : "1"
      },
      {
        "code" : "2",
        "display" : "2"
      },
      {
        "code" : "3",
        "display" : "3"
      }]
    }]
  }
}