{
  "resourceType" : "ValueSet",
  "id" : "HjertestopAarsag",
  "text" : {
    "status" : "extensions",
    "div" : "<div xmlns=\"http://www.w3.org/1999/xhtml\"><p class=\"res-header-id\"><b>Generated Narrative: ValueSet HjertestopAarsag</b></p><a name=\"HjertestopAarsag\"> </a><a name=\"hcHjertestopAarsag\"> </a><a name=\"HjertestopAarsag-en-US\"> </a><ul><li>Include these codes as defined in <a href=\"CodeSystem-HjertestopAarsag.html\"><code>https://kip.rkkp.dk/fhir/CodeSystem/HjertestopAarsag</code></a><table class=\"none\"><tr><td style=\"white-space:nowrap\"><b>Code</b></td><td><b>Display</b></td><td><b>Definition</b></td></tr><tr><td><a href=\"CodeSystem-HjertestopAarsag.html#HjertestopAarsag-non_kardial\">non_kardial</a></td><td>Non-kardial</td><td>Non-kardial</td></tr><tr><td><a href=\"CodeSystem-HjertestopAarsag.html#HjertestopAarsag-formodet_kardial\">formodet_kardial</a></td><td>Formodet kardial</td><td>Formodet kardial</td></tr></table></li></ul></div>"
  },
  "url" : "https://kip.rkkp.dk/fhir/ValueSet/HjertestopAarsag",
  "version" : "2.9.0",
  "name" : "HjertestopAarsag",
  "title" : "Hjertestop Årsag",
  "status" : "active",
  "experimental" : true,
  "date" : "2022-06-29T00:00:00+02:00",
  "publisher" : "Sundhedsvæsnets Kvalistetsinstitut with Trifork Digital Health A/S",
  "contact" : [{
    "name" : "Sundhedsvæsnets Kvalistetsinstitut with Trifork Digital Health A/S",
    "telecom" : [{
      "system" : "url",
      "value" : "https://trifork.com"
    },
    {
      "system" : "email",
      "value" : "rbk@trifork.com"
    }]
  }],
  "description" : "Årsag til hjertestop",
  "compose" : {
    "include" : [{
      "system" : "https://kip.rkkp.dk/fhir/CodeSystem/HjertestopAarsag",
      "concept" : [{
        "code" : "non_kardial",
        "display" : "Non-kardial"
      },
      {
        "code" : "formodet_kardial",
        "display" : "Formodet kardial"
      }]
    }]
  }
}