{
  "resourceType" : "ValueSet",
  "id" : "FisherGrad",
  "text" : {
    "status" : "extensions",
    "div" : "<div xmlns=\"http://www.w3.org/1999/xhtml\"><p class=\"res-header-id\"><b>Generated Narrative: ValueSet FisherGrad</b></p><a name=\"FisherGrad\"> </a><a name=\"hcFisherGrad\"> </a><a name=\"FisherGrad-en-US\"> </a><ul><li>Include these codes as defined in <a href=\"CodeSystem-FisherGradingScale.html\"><code>https://kip.rkkp.dk/fhir/CodeSystem/FisherGradingScale</code></a><table class=\"none\"><tr><td style=\"white-space:nowrap\"><b>Code</b></td><td><b>Display</b></td><td><b>Definition</b></td></tr><tr><td><a href=\"CodeSystem-FisherGradingScale.html#FisherGradingScale-grade1\">grade1</a></td><td>Intet synligt blod</td><td>Grade 1: No SAH detected</td></tr><tr><td><a href=\"CodeSystem-FisherGradingScale.html#FisherGradingScale-grade2\">grade2</a></td><td>SAH &lt; 1 mm</td><td>Grade 2: Diffuse or vertical layer of subarachnoid blood &lt; 1mm thick</td></tr><tr><td><a href=\"CodeSystem-FisherGradingScale.html#FisherGradingScale-grade3\">grade3</a></td><td>SAH &gt; 1 mm</td><td>Grade 3: Localized clot and/or vertical layer within the subarachnoid space &gt; 1mm thick</td></tr><tr><td><a href=\"CodeSystem-FisherGradingScale.html#FisherGradingScale-grade4\">grade4</a></td><td>SAH med IVH eller ICH</td><td>Grade 4: Intracerebral hemorrhage (ICH) or intraventricular hemorrhage (IVH) with diffuse or no SAH</td></tr></table></li></ul></div>"
  },
  "url" : "https://kip.rkkp.dk/fhir/ValueSet/FisherGrad",
  "version" : "0.2.1",
  "name" : "FisherGrad",
  "title" : "Fisher grad for SAH",
  "status" : "active",
  "experimental" : true,
  "date" : "2022-06-28T00:00:00+02:00",
  "publisher" : "Sundhedsvæsnets Kvalistetsinstitut with Trifork Digital Health A/S",
  "contact" : [{
    "name" : "Sundhedsvæsnets Kvalistetsinstitut with Trifork Digital Health A/S",
    "telecom" : [{
      "system" : "url",
      "value" : "https://trifork.com"
    },
    {
      "system" : "email",
      "value" : "rbk@trifork.com"
    }]
  }],
  "description" : "Fisher grad for SAH",
  "compose" : {
    "include" : [{
      "system" : "https://kip.rkkp.dk/fhir/CodeSystem/FisherGradingScale",
      "concept" : [{
        "code" : "grade1",
        "display" : "Intet synligt blod"
      },
      {
        "code" : "grade2",
        "display" : "SAH < 1 mm"
      },
      {
        "code" : "grade3",
        "display" : "SAH > 1 mm"
      },
      {
        "code" : "grade4",
        "display" : "SAH med IVH eller ICH"
      }]
    }]
  }
}