{
  "resourceType" : "ValueSet",
  "id" : "LokalBloedningDAP",
  "text" : {
    "status" : "extensions",
    "div" : "<div xmlns=\"http://www.w3.org/1999/xhtml\"><p class=\"res-header-id\"><b>Generated Narrative: ValueSet LokalBloedningDAP</b></p><a name=\"LokalBloedningDAP\"> </a><a name=\"hcLokalBloedningDAP\"> </a><a name=\"LokalBloedningDAP-en-US\"> </a><ul><li>Include these codes as defined in <a href=\"CodeSystem-BleedingStroke.html\"><code>https://kip.rkkp.dk/fhir/CodeSystem/BleedingStroke</code></a><table class=\"none\"><tr><td style=\"white-space:nowrap\"><b>Code</b></td><td><b>Display</b></td><td><b>Definition</b></td></tr><tr><td><a href=\"CodeSystem-BleedingStroke.html#BleedingStroke-hi_1\">hi_1</a></td><td>HI 1</td><td>HI 1</td></tr><tr><td><a href=\"CodeSystem-BleedingStroke.html#BleedingStroke-hi_2\">hi_2</a></td><td>HI 2</td><td>HI 2</td></tr><tr><td><a href=\"CodeSystem-BleedingStroke.html#BleedingStroke-ph_1\">ph_1</a></td><td>PH 1</td><td>PH 1</td></tr><tr><td><a href=\"CodeSystem-BleedingStroke.html#BleedingStroke-ph_2\">ph_2</a></td><td>PH 2</td><td>PH 2</td></tr></table></li></ul></div>"
  },
  "url" : "https://kip.rkkp.dk/fhir/ValueSet/LokalBloedningDAP",
  "version" : "0.2.1",
  "name" : "LokalBloedningDAP",
  "title" : "Lokal blødning (DAP)",
  "status" : "active",
  "experimental" : true,
  "date" : "2022-09-02T00:00:00+02:00",
  "publisher" : "Sundhedsvæsnets Kvalistetsinstitut with Trifork Digital Health A/S",
  "contact" : [{
    "name" : "Sundhedsvæsnets Kvalistetsinstitut with Trifork Digital Health A/S",
    "telecom" : [{
      "system" : "url",
      "value" : "https://trifork.com"
    },
    {
      "system" : "email",
      "value" : "rbk@trifork.com"
    }]
  }],
  "description" : "Lokal blødning fundet i forbindelse med billeddiagnostisk undersøgelse (DAP)",
  "compose" : {
    "include" : [{
      "system" : "https://kip.rkkp.dk/fhir/CodeSystem/BleedingStroke",
      "concept" : [{
        "code" : "hi_1",
        "display" : "HI 1"
      },
      {
        "code" : "hi_2",
        "display" : "HI 2"
      },
      {
        "code" : "ph_1",
        "display" : "PH 1"
      },
      {
        "code" : "ph_2",
        "display" : "PH 2"
      }]
    }]
  }
}