{
  "resourceType" : "ValueSet",
  "id" : "KomplikationerKirurgiskSAH",
  "text" : {
    "status" : "extensions",
    "div" : "<div xmlns=\"http://www.w3.org/1999/xhtml\"><p class=\"res-header-id\"><b>Generated Narrative: ValueSet KomplikationerKirurgiskSAH</b></p><a name=\"KomplikationerKirurgiskSAH\"> </a><a name=\"hcKomplikationerKirurgiskSAH\"> </a><a name=\"KomplikationerKirurgiskSAH-en-US\"> </a><ul><li>Include these codes as defined in <a href=\"CodeSystem-Complications.html\"><code>https://kip.rkkp.dk/fhir/CodeSystem/Complications</code></a><table class=\"none\"><tr><td style=\"white-space:nowrap\"><b>Code</b></td><td><b>Display</b></td><td><b>Definition</b></td></tr><tr><td><a href=\"CodeSystem-Complications.html#Complications-bloodvesselocclusion\">bloodvesselocclusion</a></td><td>Aflukning af kar medførende infarkt indenfor 24 timer</td><td>Aflukning af kar medførende infarkt indenfor 24 timer</td></tr><tr><td><a href=\"CodeSystem-Complications.html#Complications-peroperativebleeding\">peroperativebleeding</a></td><td>Livstruende peroperativ blødning, der ikke kan kontrolleres inden for få sekunder</td><td>Livstruende peroperativ blødning, der ikke kan kontrolleres inden for få sekunder</td></tr><tr><td><a href=\"CodeSystem-Complications.html#Complications-infection\">infection</a></td><td>Sårinfektion</td><td>Sårinfektion</td></tr></table></li></ul></div>"
  },
  "url" : "https://kip.rkkp.dk/fhir/ValueSet/KomplikationerKirurgiskSAH",
  "version" : "2.9.3",
  "name" : "KomplikationerKirurgiskSAH",
  "title" : "Komplikationer, kirurgisk [SAH]",
  "status" : "active",
  "experimental" : true,
  "date" : "2022-06-08T00:00:00+02:00",
  "publisher" : "Sundhedsvæsenets Kvalitetsinstitut with Trifork Digital Health A/S",
  "contact" : [{
    "name" : "Sundhedsvæsenets Kvalitetsinstitut with Trifork Digital Health A/S",
    "telecom" : [{
      "system" : "url",
      "value" : "https://trifork.com"
    },
    {
      "system" : "email",
      "value" : "rbk@trifork.com"
    }]
  }],
  "description" : "Komplikationer i forhold til kirurgisk [SAH]",
  "compose" : {
    "include" : [{
      "system" : "https://kip.rkkp.dk/fhir/CodeSystem/Complications",
      "concept" : [{
        "code" : "bloodvesselocclusion",
        "display" : "Aflukning af kar medførende infarkt indenfor 24 timer"
      },
      {
        "code" : "peroperativebleeding",
        "display" : "Livstruende peroperativ blødning, der ikke kan kontrolleres inden for få sekunder"
      },
      {
        "code" : "infection",
        "display" : "Sårinfektion"
      }]
    }]
  }
}