{
  "resourceType" : "ValueSet",
  "id" : "EDTAHaemodialyseDNSL",
  "text" : {
    "status" : "extensions",
    "div" : "<div xmlns=\"http://www.w3.org/1999/xhtml\"><p class=\"res-header-id\"><b>Generated Narrative: ValueSet EDTAHaemodialyseDNSL</b></p><a name=\"EDTAHaemodialyseDNSL\"> </a><a name=\"hcEDTAHaemodialyseDNSL\"> </a><a name=\"EDTAHaemodialyseDNSL-en-US\"> </a><ul><li>Include these codes as defined in <a href=\"CodeSystem-EDTACodes.html\"><code>https://kip.sundk.dk/fhir/CodeSystem/EDTACodes</code></a><table class=\"none\"><tr><td style=\"white-space:nowrap\"><b>Code</b></td><td><b>Display</b></td><td><b>Definition</b></td></tr><tr><td><a href=\"CodeSystem-EDTACodes.html#EDTACodes-EDTA10\">EDTA10</a></td><td>EDTA 10, Center-hæmodialyse</td><td>EDTA 10, Center-hæmodialyse</td></tr><tr><td><a href=\"CodeSystem-EDTACodes.html#EDTACodes-EDTA11\">EDTA11</a></td><td>EDTA 11, Limited-care dialyse</td><td>EDTA 11, Limited-care dialyse</td></tr><tr><td><a href=\"CodeSystem-EDTACodes.html#EDTACodes-EDTA20\">EDTA20</a></td><td>EDTA 20, Hjemme-hæmodialyse</td><td>EDTA 20, Hjemme-hæmodialyse</td></tr></table></li></ul></div>"
  },
  "url" : "https://kip.sundk.dk/fhir/ValueSet/EDTAHaemodialyseDNSL",
  "version" : "0.0.9",
  "name" : "EDTAHaemodialyseDNSL",
  "title" : "EDTA koder Hæmodialyse (DNSL)",
  "status" : "active",
  "experimental" : true,
  "date" : "2024-01-31T00:00:00+02:00",
  "publisher" : "Sundhedsvæsnets Kvalistetsinstitut with Trifork Public A/S",
  "contact" : [{
    "name" : "Sundhedsvæsnets Kvalistetsinstitut with Trifork Public A/S",
    "telecom" : [{
      "system" : "url",
      "value" : "https://trifork.com"
    },
    {
      "system" : "email",
      "value" : "rbk@trifork.com"
    }]
  }],
  "description" : "EDTA koder Hæmodialyse (DNSL)",
  "compose" : {
    "include" : [{
      "system" : "https://kip.sundk.dk/fhir/CodeSystem/EDTACodes",
      "concept" : [{
        "code" : "EDTA10",
        "display" : "EDTA 10, Center-hæmodialyse"
      },
      {
        "code" : "EDTA11",
        "display" : "EDTA 11, Limited-care dialyse"
      },
      {
        "code" : "EDTA20",
        "display" : "EDTA 20, Hjemme-hæmodialyse"
      }]
    }]
  }
}