{
  "resourceType" : "ValueSet",
  "id" : "SOROverflytningRETSPSYK",
  "text" : {
    "status" : "extensions",
    "div" : "<div xmlns=\"http://www.w3.org/1999/xhtml\"><p class=\"res-header-id\"><b>Generated Narrative: ValueSet SOROverflytningRETSPSYK</b></p><a name=\"SOROverflytningRETSPSYK\"> </a><a name=\"hcSOROverflytningRETSPSYK\"> </a><a name=\"SOROverflytningRETSPSYK-en-US\"> </a><ul><li>Include these codes as defined in <a href=\"CodeSystem-SOR.html\"><code>https://kip.rkkp.dk/fhir/CodeSystem/SOR</code></a><table class=\"none\"><tr><td style=\"white-space:nowrap\"><b>Code</b></td><td><b>Display</b></td><td><b>Definition</b></td></tr><tr><td><a href=\"CodeSystem-SOR.html#SOR-1200011000016005\">1200011000016005</a></td><td>ADA Klinik for Bipolar Sygdom - AUH</td><td>Psykiatrien Region Midtjylland - ADA Klinik for Bipolar Sygdom - AUH</td></tr><tr><td><a href=\"CodeSystem-SOR.html#SOR-237021000016009\">237021000016009</a></td><td>Afdeling For Retspsykiatri - Ledelse</td><td>Region Sjællands Sygehusvæsen - Afdeling For Retspsykiatri - Ledelse</td></tr><tr><td><a href=\"CodeSystem-SOR.html#SOR-237041000016004\">237041000016004</a></td><td>PSL Retspsykiatrisk Afd.</td><td>Region Sjællands Sygehusvæsen - PSL Retspsykiatrisk Afd.</td></tr><tr><td><a href=\"CodeSystem-SOR.html#SOR-243921000016002\">243921000016002</a></td><td>PSY Retspsykiatrisk afdeling (Middelfart)</td><td>Psykiatrien Region Syddanmark - PSY Retspsykiatrisk afdeling (Middelfart)</td></tr><tr><td><a href=\"CodeSystem-SOR.html#SOR-243951000016005\">243951000016005</a></td><td>PSY Retspsykiatrisk Ambulatorium (Middelfart)</td><td>Psykiatrien Region Syddanmark - PSY Retspsykiatrisk Ambulatorium (Middelfart)</td></tr><tr><td><a href=\"CodeSystem-SOR.html#SOR-261341000016001\">261341000016001</a></td><td>Psyk. Center Amager, overafd.</td><td>Region Hovedstadens Psykiatri - Psyk. Center Amager, overafd.</td></tr><tr><td><a href=\"CodeSystem-SOR.html#SOR-261431000016003\">261431000016003</a></td><td>Børne- og Ungdomspsykiatrisk overafdeling, Bispebjerg, B1</td><td>Region Hovedstadens Psykiatri - Børne- og Ungdomspsykiatrisk overafdeling, Bispebjerg, B1</td></tr><tr><td><a href=\"CodeSystem-SOR.html#SOR-261501000016006\">261501000016006</a></td><td>Psyk. Center København, overafd. N,  Nørrebro-afdelingen</td><td>Region Hovedstadens Psykiatri - Psyk. Center København, overafd. N,  Nørrebro-afdelingen</td></tr><tr><td><a href=\"CodeSystem-SOR.html#SOR-262181000016004\">262181000016004</a></td><td>Psyk. Center Sct. Hans, Retspsyk. overafd. R</td><td>Region Hovedstadens Psykiatri - Psyk. Center Sct. Hans, Retspsyk. overafd. R</td></tr><tr><td><a href=\"CodeSystem-SOR.html#SOR-262221000016007\">262221000016007</a></td><td>Psyk. Center Sct. Hans, overafd. M</td><td>Region Hovedstadens Psykiatri - Psyk. Center Sct. Hans, overafd. M</td></tr><tr><td><a href=\"CodeSystem-SOR.html#SOR-262391000016004\">262391000016004</a></td><td>Psyk. Center Ballerup, overafd. Ballerup</td><td>Region Hovedstadens Psykiatri - Psyk. Center Ballerup, overafd. Ballerup</td></tr><tr><td><a href=\"CodeSystem-SOR.html#SOR-262511000016000\">262511000016000</a></td><td>Psyk. Center Nordsjælland, overafd.</td><td>Region Hovedstadens Psykiatri - Psyk. Center Nordsjælland, overafd.</td></tr><tr><td><a href=\"CodeSystem-SOR.html#SOR-262671000016009\">262671000016009</a></td><td>Psyk. Center Glostrup, overafd.</td><td>Region Hovedstadens Psykiatri - Psyk. Center Glostrup, overafd.</td></tr><tr><td><a href=\"CodeSystem-SOR.html#SOR-262681000016006\">262681000016006</a></td><td>PCGL, Psyk. sengeafd.</td><td>Region Hovedstadens Psykiatri - PCGL, Psyk. sengeafd.</td></tr><tr><td><a href=\"CodeSystem-SOR.html#SOR-278121000016009\">278121000016009</a></td><td>PS Klinik Nord</td><td>Psykiatrien Nordjylland - PS Klinik Nord</td></tr><tr><td><a href=\"CodeSystem-SOR.html#SOR-278221000016002\">278221000016002</a></td><td>PS Retspsykiatri</td><td>Psykiatrien Nordjylland - PS Retspsykiatri</td></tr><tr><td><a href=\"CodeSystem-SOR.html#SOR-278231000016000\">278231000016000</a></td><td>PS Klinik Syd Retspsykiatri</td><td>Psykiatrien Nordjylland - PS Klinik Syd Retspsykiatri</td></tr><tr><td><a href=\"CodeSystem-SOR.html#SOR-278291000016004\">278291000016004</a></td><td>PS Klinik Syd</td><td>Psykiatrien Nordjylland  - PS Klinik Syd</td></tr><tr><td><a href=\"CodeSystem-SOR.html#SOR-278321000016007\">278321000016007</a></td><td>PS Klinik Syd Ambulatorier</td><td>Psykiatrien Nordjylland - PS Klinik Syd Ambulatorier</td></tr><tr><td><a href=\"CodeSystem-SOR.html#SOR-282651000016004\">282651000016004</a></td><td>Psyk. Center Bornholm</td><td>Region Hovedstadens Psykiatri - Psyk. Center Bornholm</td></tr><tr><td><a href=\"CodeSystem-SOR.html#SOR-339031000016008\">339031000016008</a></td><td>Børne- og Ungdomspsyk. Center Bispebjerg, B</td><td>Region Hovedstadens Psykiatri - Børne- og Ungdomspsyk. Center Bispebjerg, B</td></tr><tr><td><a href=\"CodeSystem-SOR.html#SOR-387101000016000\">387101000016000</a></td><td>PVE Ambulant psykose enhed - vest</td><td>Psykiatrien Region Midtjylland - PVE Ambulant psykose enhed - vest</td></tr><tr><td><a href=\"CodeSystem-SOR.html#SOR-391151000016008\">391151000016008</a></td><td>PMI Regionspsykiatrien Midt</td><td>Psykiatrien Region Midtjylland - PMI Regionspsykiatrien Midt</td></tr><tr><td><a href=\"CodeSystem-SOR.html#SOR-454401000016004\">454401000016004</a></td><td>PMI Sengeafsnit - Regionspsykiatri Midt</td><td>Psykiatrien Region Midtjylland - PMI Sengeafsnit - Regionspsykiatri Midt</td></tr><tr><td><a href=\"CodeSystem-SOR.html#SOR-454411000016002\">454411000016002</a></td><td>PMI Klinik for depression og mani - Midt</td><td>PMI Klinik for depression og mani - Midt</td></tr><tr><td><a href=\"CodeSystem-SOR.html#SOR-454451000016003\">454451000016003</a></td><td>PMI Klinik for psykoser - Midt</td><td>Psykiatrien Region Midtjylland - PMI Klinik for psykoser - Midt</td></tr><tr><td><a href=\"CodeSystem-SOR.html#SOR-454461000016000\">454461000016000</a></td><td>PMI Klinik for retspsykiatri - Midt</td><td>Psykiatrien Region Midtjylland - PMI Klinik for retspsykiatri - Midt</td></tr><tr><td><a href=\"CodeSystem-SOR.html#SOR-463791000016008\">463791000016008</a></td><td>PMI Sengeafsnit retspsykiatri - Viborg</td><td>Psykiatrien Region Midtjylland - PMI Sengeafsnit retspsykiatri - Viborg</td></tr><tr><td><a href=\"CodeSystem-SOR.html#SOR-479221000016009\">479221000016009</a></td><td>PHO O1 Sengeafsnit Regionspsykiatri - Horsens</td><td>Psykiatrien Region Midtjylland - PHO O1 Sengeafsnit Regionspsykiatri - Horsens</td></tr><tr><td><a href=\"CodeSystem-SOR.html#SOR-486741000016006\">486741000016006</a></td><td>PRA Psykiatrisk Klinik 2 - Randers</td><td>Psykiatrien Region Midtjylland - PRA Psykiatrisk Klinik 2 - Randers</td></tr><tr><td><a href=\"CodeSystem-SOR.html#SOR-694221000016003\">694221000016003</a></td><td>Retspsykiatrisk Afdeling - AUH</td><td>Psykiatrien Region Midtjylland - Retspsykiatrisk Afdeling - AUH</td></tr><tr><td><a href=\"CodeSystem-SOR.html#SOR-694231000016001\">694231000016001</a></td><td>RET Psykiatri Sengeafsnit for Retspsykiatri  - AUH</td><td>Psykiatrien Region Midtjylland - RET Psykiatri Sengeafsnit for Retspsykiatri  - AUH</td></tr><tr><td><a href=\"CodeSystem-SOR.html#SOR-694251000016006\">694251000016006</a></td><td>RET Retspsykiatrisk Klinik - AUH</td><td>Psykiatrien Region Midtjylland - RET Retspsykiatrisk Klinik - AUH</td></tr><tr><td><a href=\"CodeSystem-SOR.html#SOR-694681000016004\">694681000016004</a></td><td>BUA Klinik for Mentalobservation - AUH</td><td>Psykiatrien Region Midtjylland - BUA Klinik for Mentalobservation - AUH</td></tr><tr><td><a href=\"CodeSystem-SOR.html#SOR-694841000016009\">694841000016009</a></td><td>ADA Klinik for Personlighedsforstyrrelser - AUH</td><td>Psykiatrien Region Midtjylland - ADA Klinik for Personlighedsforstyrrelser - AUH</td></tr><tr><td><a href=\"CodeSystem-SOR.html#SOR-694891000016001\">694891000016001</a></td><td>ADA Klinik for Angst og OCD - AUH</td><td>Psykiatrien Region Midtjylland - ADA Klinik for Angst og OCD - AUH</td></tr><tr><td><a href=\"CodeSystem-SOR.html#SOR-694901000016000\">694901000016000</a></td><td>ADA Klinik for PTSD og Transkulturel Psykiatri - AUH</td><td>Psykiatrien Region Midtjylland - ADA Klinik for PTSD og Transkulturel Psykiatri - AUH</td></tr><tr><td><a href=\"CodeSystem-SOR.html#SOR-695161000016000\">695161000016000</a></td><td>AFP Psykiatri Sengeafsnit for Psykoser - AUH</td><td>Psykiatrien Region Midtjylland - AFP Psykiatri Sengeafsnit for Psykoser - AUH</td></tr><tr><td><a href=\"CodeSystem-SOR.html#SOR-695251000016007\">695251000016007</a></td><td>AFP Psykiatrisk Klinik 1 - AUH</td><td>Psykiatrien Region Midtjylland - AFP Psykiatrisk Klinik 1 - AUH</td></tr><tr><td><a href=\"CodeSystem-SOR.html#SOR-695281000016003\">695281000016003</a></td><td>AFP Psykiatrisk Klinik 2 - AUH</td><td>Psykiatrien Region Midtjylland - AFP Psykiatrisk Klinik 2 - AUH</td></tr><tr><td><a href=\"CodeSystem-SOR.html#SOR-698861000016003\">698861000016003</a></td><td>Brø Amb Midtv. Affektiv</td><td>Psykiatrien Nordjylland - Brø Amb Midtv. Affektiv</td></tr><tr><td><a href=\"CodeSystem-SOR.html#SOR-886951000016001\">886951000016001</a></td><td>Psyk. Center Nordsjælland, overafd. - N4</td><td>Region Hovedstadens Psykiatri - Psyk. Center Nordsjælland, overafd. - N4</td></tr><tr><td><a href=\"CodeSystem-SOR.html#SOR-983041000016001\">983041000016001</a></td><td>Brø Amb Midtv. Hjør. Psykose</td><td>Psykiatrien Nordjylland - Brø Amb Midtv. Hjør. Psykose</td></tr><tr><td><a href=\"CodeSystem-SOR.html#SOR-983051000016003\">983051000016003</a></td><td>Brø Amb Midtv. Brøn. Psykose</td><td>Psykiatrien Nordjylland - Brø Amb Midtv. Brøn. Psykose</td></tr></table></li></ul></div>"
  },
  "url" : "https://kip.rkkp.dk/fhir/ValueSet/SOROverflytningRETSPSYK",
  "version" : "0.1.8",
  "name" : "SOROverflytningRETSPSYK",
  "title" : "SOR: Overflytning (RETSPSYK)",
  "status" : "active",
  "experimental" : true,
  "date" : "2022-11-01T00:00:00+02:00",
  "publisher" : "Sundhedsvæsnets Kvalistetsinstitut with Trifork Digital Health A/S",
  "contact" : [{
    "name" : "Sundhedsvæsnets Kvalistetsinstitut with Trifork Digital Health A/S",
    "telecom" : [{
      "system" : "url",
      "value" : "https://trifork.com"
    },
    {
      "system" : "email",
      "value" : "rbk@trifork.com"
    }]
  }],
  "description" : "SOR: Overflytning (RETSPSYK)",
  "compose" : {
    "include" : [{
      "system" : "https://kip.rkkp.dk/fhir/CodeSystem/SOR",
      "concept" : [{
        "code" : "1200011000016005",
        "display" : "ADA Klinik for Bipolar Sygdom - AUH"
      },
      {
        "code" : "237021000016009",
        "display" : "Afdeling For Retspsykiatri - Ledelse"
      },
      {
        "code" : "237041000016004",
        "display" : "PSL Retspsykiatrisk Afd."
      },
      {
        "code" : "243921000016002",
        "display" : "PSY Retspsykiatrisk afdeling (Middelfart)"
      },
      {
        "code" : "243951000016005",
        "display" : "PSY Retspsykiatrisk Ambulatorium (Middelfart)"
      },
      {
        "code" : "261341000016001",
        "display" : "Psyk. Center Amager, overafd."
      },
      {
        "code" : "261431000016003",
        "display" : "Børne- og Ungdomspsykiatrisk overafdeling, Bispebjerg, B1"
      },
      {
        "code" : "261501000016006",
        "display" : "Psyk. Center København, overafd. N,  Nørrebro-afdelingen"
      },
      {
        "code" : "262181000016004",
        "display" : "Psyk. Center Sct. Hans, Retspsyk. overafd. R"
      },
      {
        "code" : "262221000016007",
        "display" : "Psyk. Center Sct. Hans, overafd. M"
      },
      {
        "code" : "262391000016004",
        "display" : "Psyk. Center Ballerup, overafd. Ballerup"
      },
      {
        "code" : "262511000016000",
        "display" : "Psyk. Center Nordsjælland, overafd."
      },
      {
        "code" : "262671000016009",
        "display" : "Psyk. Center Glostrup, overafd."
      },
      {
        "code" : "262681000016006",
        "display" : "PCGL, Psyk. sengeafd."
      },
      {
        "code" : "278121000016009",
        "display" : "PS Klinik Nord"
      },
      {
        "code" : "278221000016002",
        "display" : "PS Retspsykiatri"
      },
      {
        "code" : "278231000016000",
        "display" : "PS Klinik Syd Retspsykiatri"
      },
      {
        "code" : "278291000016004",
        "display" : "PS Klinik Syd"
      },
      {
        "code" : "278321000016007",
        "display" : "PS Klinik Syd Ambulatorier"
      },
      {
        "code" : "282651000016004",
        "display" : "Psyk. Center Bornholm"
      },
      {
        "code" : "339031000016008",
        "display" : "Børne- og Ungdomspsyk. Center Bispebjerg, B"
      },
      {
        "code" : "387101000016000",
        "display" : "PVE Ambulant psykose enhed - vest"
      },
      {
        "code" : "391151000016008",
        "display" : "PMI Regionspsykiatrien Midt"
      },
      {
        "code" : "454401000016004",
        "display" : "PMI Sengeafsnit - Regionspsykiatri Midt"
      },
      {
        "code" : "454411000016002",
        "display" : "PMI Klinik for depression og mani - Midt"
      },
      {
        "code" : "454451000016003",
        "display" : "PMI Klinik for psykoser - Midt"
      },
      {
        "code" : "454461000016000",
        "display" : "PMI Klinik for retspsykiatri - Midt"
      },
      {
        "code" : "463791000016008",
        "display" : "PMI Sengeafsnit retspsykiatri - Viborg"
      },
      {
        "code" : "479221000016009",
        "display" : "PHO O1 Sengeafsnit Regionspsykiatri - Horsens"
      },
      {
        "code" : "486741000016006",
        "display" : "PRA Psykiatrisk Klinik 2 - Randers"
      },
      {
        "code" : "694221000016003",
        "display" : "Retspsykiatrisk Afdeling - AUH"
      },
      {
        "code" : "694231000016001",
        "display" : "RET Psykiatri Sengeafsnit for Retspsykiatri  - AUH"
      },
      {
        "code" : "694251000016006",
        "display" : "RET Retspsykiatrisk Klinik - AUH"
      },
      {
        "code" : "694681000016004",
        "display" : "BUA Klinik for Mentalobservation - AUH"
      },
      {
        "code" : "694841000016009",
        "display" : "ADA Klinik for Personlighedsforstyrrelser - AUH"
      },
      {
        "code" : "694891000016001",
        "display" : "ADA Klinik for Angst og OCD - AUH"
      },
      {
        "code" : "694901000016000",
        "display" : "ADA Klinik for PTSD og Transkulturel Psykiatri - AUH"
      },
      {
        "code" : "695161000016000",
        "display" : "AFP Psykiatri Sengeafsnit for Psykoser - AUH"
      },
      {
        "code" : "695251000016007",
        "display" : "AFP Psykiatrisk Klinik 1 - AUH"
      },
      {
        "code" : "695281000016003",
        "display" : "AFP Psykiatrisk Klinik 2 - AUH"
      },
      {
        "code" : "698861000016003",
        "display" : "Brø Amb Midtv. Affektiv"
      },
      {
        "code" : "886951000016001",
        "display" : "Psyk. Center Nordsjælland, overafd. - N4"
      },
      {
        "code" : "983041000016001",
        "display" : "Brø Amb Midtv. Hjør. Psykose"
      },
      {
        "code" : "983051000016003",
        "display" : "Brø Amb Midtv. Brøn. Psykose"
      }]
    }]
  }
}