{
  "resourceType" : "ValueSet",
  "id" : "KomponentAcetabulumDHR",
  "text" : {
    "status" : "extensions",
    "div" : "<div xmlns=\"http://www.w3.org/1999/xhtml\"><p class=\"res-header-id\"><b>Generated Narrative: ValueSet KomponentAcetabulumDHR</b></p><a name=\"KomponentAcetabulumDHR\"> </a><a name=\"hcKomponentAcetabulumDHR\"> </a><a name=\"KomponentAcetabulumDHR-en-US\"> </a><p>This value set includes codes based on the following rules:</p><ul><li>Include these codes as defined in <a href=\"CodeSystem-HipJointArthroplastyComponent.html\"><code>https://kip.rkkp.dk/fhir/CodeSystem/HipJointArthroplastyComponent</code></a><table class=\"none\"><tr><td style=\"white-space:nowrap\"><b>Code</b></td><td><b>Display</b></td><td><b>Definition</b></td></tr><tr><td><a href=\"CodeSystem-HipJointArthroplastyComponent.html#HipJointArthroplastyComponent-depuy_bi_mentum_cemented_cup\">depuy_bi_mentum_cemented_cup</a></td><td>DePuy: BI Mentum Cemented Cup</td><td>DePuy: BI MENTUM CEMENTED CUP</td></tr><tr><td><a href=\"CodeSystem-HipJointArthroplastyComponent.html#HipJointArthroplastyComponent-depuy_bi_mentum_plus_cup\">depuy_bi_mentum_plus_cup</a></td><td>DePuy: BI Mentum Plus Cup</td><td>DePuy: BI MENTUM PLUS CUP</td></tr><tr><td><a href=\"CodeSystem-HipJointArthroplastyComponent.html#HipJointArthroplastyComponent-depuy_bi_mentum_pressfit_cup\">depuy_bi_mentum_pressfit_cup</a></td><td>DePuy: BI Mentum Pressfit Cup</td><td>DePuy: BI MENTUM PRESSFIT CUP</td></tr><tr><td><a href=\"CodeSystem-HipJointArthroplastyComponent.html#HipJointArthroplastyComponent-depuy_bi_mentum_revision_cup\">depuy_bi_mentum_revision_cup</a></td><td>DePuy: BI Mentum Revision Cup</td><td>DePuy: BI MENTUM REVISION CUP</td></tr><tr><td><a href=\"CodeSystem-HipJointArthroplastyComponent.html#HipJointArthroplastyComponent-depuy_pinnacle_gripton\">depuy_pinnacle_gripton</a></td><td>DePuy: Pinnacle Gription</td><td>DePuy: Pinnacle Gription</td></tr><tr><td><a href=\"CodeSystem-HipJointArthroplastyComponent.html#HipJointArthroplastyComponent-depuy_pinnacle_porocoat\">depuy_pinnacle_porocoat</a></td><td>DePuy: Pinnacle Porocoat</td><td>DePuy: Pinnacle Porocoat</td></tr><tr><td><a href=\"CodeSystem-HipJointArthroplastyComponent.html#HipJointArthroplastyComponent-implant_cast_mutars_lumic\">implant_cast_mutars_lumic</a></td><td>Implantcast: Mutars Lumic</td><td>Implantcast: Mutars Lumic</td></tr><tr><td><a href=\"CodeSystem-HipJointArthroplastyComponent.html#HipJointArthroplastyComponent-link_lubinus\">link_lubinus</a></td><td>Link: Lubinus</td><td>Link: Lubinus</td></tr><tr><td><a href=\"CodeSystem-HipJointArthroplastyComponent.html#HipJointArthroplastyComponent-ortotech_saturne\">ortotech_saturne</a></td><td>Ortotech: Saturne</td><td>Ortotech: Saturne</td></tr><tr><td><a href=\"CodeSystem-HipJointArthroplastyComponent.html#HipJointArthroplastyComponent-ortotech_saturne_reconstruction\">ortotech_saturne_reconstruction</a></td><td>Ortotech: Saturne rekonstruktion</td><td>Ortotech: Saturne rekonstruktion</td></tr><tr><td><a href=\"CodeSystem-HipJointArthroplastyComponent.html#HipJointArthroplastyComponent-serf_fischer_medical_novae_coptos_th\">serf_fischer_medical_novae_coptos_th</a></td><td>Serf: Novae Coptos TH</td><td>Serf: Novae Coptos TH</td></tr><tr><td><a href=\"CodeSystem-HipJointArthroplastyComponent.html#HipJointArthroplastyComponent-serf_fischer_medical_novae_e_th\">serf_fischer_medical_novae_e_th</a></td><td>Serf: Novae E TH</td><td>Serf: Novae E TH</td></tr><tr><td><a href=\"CodeSystem-HipJointArthroplastyComponent.html#HipJointArthroplastyComponent-serf_fischer_medical_novae_stick\">serf_fischer_medical_novae_stick</a></td><td>Serf: Novae Stick</td><td>Serf: Novae Stick</td></tr><tr><td><a href=\"CodeSystem-HipJointArthroplastyComponent.html#HipJointArthroplastyComponent-serf_fischer_medical_novae_sunfit\">serf_fischer_medical_novae_sunfit</a></td><td>Serf: Novae Sunfit</td><td>Serf: Novae Sunfit</td></tr><tr><td><a href=\"CodeSystem-HipJointArthroplastyComponent.html#HipJointArthroplastyComponent-smith.38nephew_bhr\">smith&amp;nephew_bhr</a></td><td>Smith &amp; Nephew: BHR</td><td>Smith &amp; Nephew: BHR (Acetabulum + Femur)</td></tr><tr><td><a href=\"CodeSystem-HipJointArthroplastyComponent.html#HipJointArthroplastyComponent-smith.38nephew_polarcup\">smith&amp;nephew_polarcup</a></td><td>Smith &amp; Nephew: Polarcup</td><td>Smith &amp; Nephew: Polarcup</td></tr><tr><td><a href=\"CodeSystem-HipJointArthroplastyComponent.html#HipJointArthroplastyComponent-smith.38nephew_r3\">smith&amp;nephew_r3</a></td><td>Smith &amp; Nephew: R3</td><td>Smith &amp; Nephew: R3</td></tr><tr><td><a href=\"CodeSystem-HipJointArthroplastyComponent.html#HipJointArthroplastyComponent-stryker_contemporary\">stryker_contemporary</a></td><td>Stryker: Contemporary</td><td>Stryker: Contemporary</td></tr><tr><td><a href=\"CodeSystem-HipJointArthroplastyComponent.html#HipJointArthroplastyComponent-stryker_exeter_rimfit_x3\">stryker_exeter_rimfit_x3</a></td><td>Stryker: Exeter Rimfit X3</td><td>Stryker: Exeter Rimfit X3</td></tr><tr><td><a href=\"CodeSystem-HipJointArthroplastyComponent.html#HipJointArthroplastyComponent-stryker_restoration_anatomical\">stryker_restoration_anatomical</a></td><td>Stryker: Restoration Anatomical</td><td>Stryker: Restoration Anatomical</td></tr><tr><td><a href=\"CodeSystem-HipJointArthroplastyComponent.html#HipJointArthroplastyComponent-stryker_trident_ad_hemispheric\">stryker_trident_ad_hemispheric</a></td><td>Stryker: Trident AD hemisfærisk</td><td>Stryker: Trident AD hemisfærisk</td></tr><tr><td><a href=\"CodeSystem-HipJointArthroplastyComponent.html#HipJointArthroplastyComponent-stryker_trident_ad_psl\">stryker_trident_ad_psl</a></td><td>Stryker: Trident AD PSL</td><td>Stryker: Trident AD PSL</td></tr><tr><td><a href=\"CodeSystem-HipJointArthroplastyComponent.html#HipJointArthroplastyComponent-stryker_trident_all_poly\">stryker_trident_all_poly</a></td><td>Stryker: Trident All Poly</td><td>Stryker: Trident All Poly</td></tr><tr><td><a href=\"CodeSystem-HipJointArthroplastyComponent.html#HipJointArthroplastyComponent-stryker_trident_ii\">stryker_trident_ii</a></td><td>Stryker: Trident II</td><td>Stryker: Trident II</td></tr><tr><td><a href=\"CodeSystem-HipJointArthroplastyComponent.html#HipJointArthroplastyComponent-stryker_trident_ii_psl\">stryker_trident_ii_psl</a></td><td>Stryker: Trident II PSL</td><td>Stryker: Trident II PSL</td></tr><tr><td><a href=\"CodeSystem-HipJointArthroplastyComponent.html#HipJointArthroplastyComponent-stryker_trident_ii_tritanium\">stryker_trident_ii_tritanium</a></td><td>Stryker: Trident II Tritanium</td><td>Stryker: Trident II Tritanium</td></tr><tr><td><a href=\"CodeSystem-HipJointArthroplastyComponent.html#HipJointArthroplastyComponent-stryker_trident_tritanium_primary\">stryker_trident_tritanium_primary</a></td><td>Stryker: Trident Tritanium primary</td><td>Stryker: Trident Tritanium primary</td></tr><tr><td><a href=\"CodeSystem-HipJointArthroplastyComponent.html#HipJointArthroplastyComponent-stryker_trident_tritanium_revision\">stryker_trident_tritanium_revision</a></td><td>Stryker: Trident Tritanium Revision</td><td>Stryker: Trident Tritanium Revision</td></tr><tr><td><a href=\"CodeSystem-HipJointArthroplastyComponent.html#HipJointArthroplastyComponent-zimmer_biomet_advantage\">zimmer_biomet_advantage</a></td><td>Zimmer Biomet: Avantage</td><td>Zimmer Biomet: Avantage</td></tr><tr><td><a href=\"CodeSystem-HipJointArthroplastyComponent.html#HipJointArthroplastyComponent-zimmer_biomet_tmt_continuum\">zimmer_biomet_tmt_continuum</a></td><td>Zimmer Biomet: Continuum</td><td>Zimmer Biomet: TMT Continuum</td></tr><tr><td><a href=\"CodeSystem-HipJointArthroplastyComponent.html#HipJointArthroplastyComponent-zimmer_biomet_exceed_cemented_flanged_e1\">zimmer_biomet_exceed_cemented_flanged_e1</a></td><td>Zimmer Biomet: Exceed Cemented Flanged E1</td><td>Zimmer Biomet: Exceed Cemented Flanged E1</td></tr><tr><td><a href=\"CodeSystem-HipJointArthroplastyComponent.html#HipJointArthroplastyComponent-zimmer_biomet_exceed_cemented_muller_e1\">zimmer_biomet_exceed_cemented_muller_e1</a></td><td>Zimmer Biomet: Exceed Cemented Muller E1</td><td>Zimmer Biomet: Exceed Cemented Muller E1</td></tr><tr><td><a href=\"CodeSystem-HipJointArthroplastyComponent.html#HipJointArthroplastyComponent-zimmer_biomet_exceed_cemented_non_flanged_e1\">zimmer_biomet_exceed_cemented_non_flanged_e1</a></td><td>Zimmer Biomet: Exceed Cemented Non Flanged E1</td><td>Zimmer Biomet: Exceed Cemented Non Flanged E1</td></tr><tr><td><a href=\"CodeSystem-HipJointArthroplastyComponent.html#HipJointArthroplastyComponent-zimmer_biomet_g7_osseoti_coating\">zimmer_biomet_g7_osseoti_coating</a></td><td>Zimmer Biomet: G7 OsseoTi coating </td><td>Zimmer Biomet: G7 OsseoTi coating </td></tr><tr><td><a href=\"CodeSystem-HipJointArthroplastyComponent.html#HipJointArthroplastyComponent-zimmer_biomet_g7_pps\">zimmer_biomet_g7_pps</a></td><td>Zimmer Biomet: G7 PPS</td><td>Zimmer: G7 PPS</td></tr><tr><td><a href=\"CodeSystem-HipJointArthroplastyComponent.html#HipJointArthroplastyComponent-zimmer_biomet_mueller\">zimmer_biomet_mueller</a></td><td>Zimmer Biomet: Müller</td><td>Zimmer Biomet: Müller</td></tr><tr><td><a href=\"CodeSystem-HipJointArthroplastyComponent.html#HipJointArthroplastyComponent-zimmer_biomet_tmt_revision\">zimmer_biomet_tmt_revision</a></td><td>Zimmer Biomet: TMARS</td><td>Zimmer Biomet: TMARS</td></tr><tr><td><a href=\"CodeSystem-HipJointArthroplastyComponent.html#HipJointArthroplastyComponent-zimmer_biomet_tmt_modular_cup\">zimmer_biomet_tmt_modular_cup</a></td><td>Zimmer Biomet: TMT Modular Cup</td><td>Zimmer Biomet: TMT Modular Cup</td></tr><tr><td><a href=\"CodeSystem-HipJointArthroplastyComponent.html#HipJointArthroplastyComponent-zimmer_biomet_trilogy\">zimmer_biomet_trilogy</a></td><td>Zimmer Biomet: Trilogy</td><td>Zimmer Biomet: Trilogy</td></tr><tr><td><a href=\"CodeSystem-HipJointArthroplastyComponent.html#HipJointArthroplastyComponent-zimmer_biomet_trilogy_it\">zimmer_biomet_trilogy_it</a></td><td>Zimmer Biomet: Trilogy IT</td><td>Zimmer: Trilogy IT</td></tr><tr><td><a href=\"CodeSystem-HipJointArthroplastyComponent.html#HipJointArthroplastyComponent-zimmer_biomet_zca\">zimmer_biomet_zca</a></td><td>Zimmer Biomet: ZCA</td><td>Zimmer Biomet: ZCA</td></tr></table></li><li>Include these codes as defined in <a href=\"CodeSystem-GenericValues.html\"><code>https://kip.rkkp.dk/fhir/CodeSystem/GenericValues</code></a><table class=\"none\"><tr><td style=\"white-space:nowrap\"><b>Code</b></td><td><b>Display</b></td><td><b>Definition</b></td></tr><tr><td><a href=\"CodeSystem-GenericValues.html#GenericValues-custom\">custom</a></td><td>Custom made</td><td>Custom made</td></tr><tr><td><a href=\"CodeSystem-GenericValues.html#GenericValues-other\">other</a></td><td>Anden komponent</td><td>Other - used to choose unspecific value not in a valueset</td></tr></table></li></ul></div>"
  },
  "url" : "https://kip.rkkp.dk/fhir/ValueSet/KomponentAcetabulumDHR",
  "version" : "2.9.0",
  "name" : "KomponentAcetabulumDHR",
  "title" : "Komponent - acetabulum (DHR)",
  "status" : "active",
  "experimental" : true,
  "date" : "2022-11-16T00:00:00+02:00",
  "publisher" : "Sundhedsvæsnets Kvalistetsinstitut with Trifork Digital Health A/S",
  "contact" : [{
    "name" : "Sundhedsvæsnets Kvalistetsinstitut with Trifork Digital Health A/S",
    "telecom" : [{
      "system" : "url",
      "value" : "https://trifork.com"
    },
    {
      "system" : "email",
      "value" : "rbk@trifork.com"
    }]
  }],
  "description" : "Komponent - acetabulum (DHR)",
  "compose" : {
    "include" : [{
      "system" : "https://kip.rkkp.dk/fhir/CodeSystem/HipJointArthroplastyComponent",
      "concept" : [{
        "code" : "depuy_bi_mentum_cemented_cup",
        "display" : "DePuy: BI Mentum Cemented Cup"
      },
      {
        "code" : "depuy_bi_mentum_plus_cup",
        "display" : "DePuy: BI Mentum Plus Cup"
      },
      {
        "code" : "depuy_bi_mentum_pressfit_cup",
        "display" : "DePuy: BI Mentum Pressfit Cup"
      },
      {
        "code" : "depuy_bi_mentum_revision_cup",
        "display" : "DePuy: BI Mentum Revision Cup"
      },
      {
        "code" : "depuy_pinnacle_gripton",
        "display" : "DePuy: Pinnacle Gription"
      },
      {
        "code" : "depuy_pinnacle_porocoat",
        "display" : "DePuy: Pinnacle Porocoat"
      },
      {
        "code" : "implant_cast_mutars_lumic",
        "display" : "Implantcast: Mutars Lumic"
      },
      {
        "code" : "link_lubinus",
        "display" : "Link: Lubinus"
      },
      {
        "code" : "ortotech_saturne",
        "display" : "Ortotech: Saturne"
      },
      {
        "code" : "ortotech_saturne_reconstruction",
        "display" : "Ortotech: Saturne rekonstruktion"
      },
      {
        "code" : "serf_fischer_medical_novae_coptos_th",
        "display" : "Serf: Novae Coptos TH"
      },
      {
        "code" : "serf_fischer_medical_novae_e_th",
        "display" : "Serf: Novae E TH"
      },
      {
        "code" : "serf_fischer_medical_novae_stick",
        "display" : "Serf: Novae Stick"
      },
      {
        "code" : "serf_fischer_medical_novae_sunfit",
        "display" : "Serf: Novae Sunfit"
      },
      {
        "code" : "smith&nephew_bhr",
        "display" : "Smith & Nephew: BHR"
      },
      {
        "code" : "smith&nephew_polarcup",
        "display" : "Smith & Nephew: Polarcup"
      },
      {
        "code" : "smith&nephew_r3",
        "display" : "Smith & Nephew: R3"
      },
      {
        "code" : "stryker_contemporary",
        "display" : "Stryker: Contemporary"
      },
      {
        "code" : "stryker_exeter_rimfit_x3",
        "display" : "Stryker: Exeter Rimfit X3"
      },
      {
        "code" : "stryker_restoration_anatomical",
        "display" : "Stryker: Restoration Anatomical"
      },
      {
        "code" : "stryker_trident_ad_hemispheric",
        "display" : "Stryker: Trident AD hemisfærisk"
      },
      {
        "code" : "stryker_trident_ad_psl",
        "display" : "Stryker: Trident AD PSL"
      },
      {
        "code" : "stryker_trident_all_poly",
        "display" : "Stryker: Trident All Poly"
      },
      {
        "code" : "stryker_trident_ii",
        "display" : "Stryker: Trident II"
      },
      {
        "code" : "stryker_trident_ii_psl",
        "display" : "Stryker: Trident II PSL"
      },
      {
        "code" : "stryker_trident_ii_tritanium",
        "display" : "Stryker: Trident II Tritanium"
      },
      {
        "code" : "stryker_trident_tritanium_primary",
        "display" : "Stryker: Trident Tritanium primary"
      },
      {
        "code" : "stryker_trident_tritanium_revision",
        "display" : "Stryker: Trident Tritanium Revision"
      },
      {
        "code" : "zimmer_biomet_advantage",
        "display" : "Zimmer Biomet: Avantage"
      },
      {
        "code" : "zimmer_biomet_tmt_continuum",
        "display" : "Zimmer Biomet: Continuum"
      },
      {
        "code" : "zimmer_biomet_exceed_cemented_flanged_e1",
        "display" : "Zimmer Biomet: Exceed Cemented Flanged E1"
      },
      {
        "code" : "zimmer_biomet_exceed_cemented_muller_e1",
        "display" : "Zimmer Biomet: Exceed Cemented Muller E1"
      },
      {
        "code" : "zimmer_biomet_exceed_cemented_non_flanged_e1",
        "display" : "Zimmer Biomet: Exceed Cemented Non Flanged E1"
      },
      {
        "code" : "zimmer_biomet_g7_osseoti_coating",
        "display" : "Zimmer Biomet: G7 OsseoTi coating "
      },
      {
        "code" : "zimmer_biomet_g7_pps",
        "display" : "Zimmer Biomet: G7 PPS"
      },
      {
        "code" : "zimmer_biomet_mueller",
        "display" : "Zimmer Biomet: Müller"
      },
      {
        "code" : "zimmer_biomet_tmt_revision",
        "display" : "Zimmer Biomet: TMARS"
      },
      {
        "code" : "zimmer_biomet_tmt_modular_cup",
        "display" : "Zimmer Biomet: TMT Modular Cup"
      },
      {
        "code" : "zimmer_biomet_trilogy",
        "display" : "Zimmer Biomet: Trilogy"
      },
      {
        "code" : "zimmer_biomet_trilogy_it",
        "display" : "Zimmer Biomet: Trilogy IT"
      },
      {
        "code" : "zimmer_biomet_zca",
        "display" : "Zimmer Biomet: ZCA"
      }]
    },
    {
      "system" : "https://kip.rkkp.dk/fhir/CodeSystem/GenericValues",
      "concept" : [{
        "code" : "custom",
        "display" : "Custom made"
      },
      {
        "code" : "other",
        "display" : "Anden komponent"
      }]
    }]
  }
}