{
  "resourceType" : "ValueSet",
  "id" : "Anastomoselaekage",
  "text" : {
    "status" : "extensions",
    "div" : "<div xmlns=\"http://www.w3.org/1999/xhtml\"><p class=\"res-header-id\"><b>Generated Narrative: ValueSet Anastomoselaekage</b></p><a name=\"Anastomoselaekage\"> </a><a name=\"hcAnastomoselaekage\"> </a><a name=\"Anastomoselaekage-en-US\"> </a><ul><li>Include these codes as defined in <a href=\"CodeSystem-AnastomosisLeak.html\"><code>https://kip.rkkp.dk/fhir/CodeSystem/AnastomosisLeak</code></a><table class=\"none\"><tr><td style=\"white-space:nowrap\"><b>Code</b></td><td><b>Display</b></td><td><b>Definition</b></td></tr><tr><td><a href=\"CodeSystem-AnastomosisLeak.html#AnastomosisLeak-conservative\">conservative</a></td><td>Konservativ</td><td>Konservativ</td></tr><tr><td><a href=\"CodeSystem-AnastomosisLeak.html#AnastomosisLeak-endoscopic\">endoscopic</a></td><td>Endoskopisk</td><td>Endoskopisk</td></tr><tr><td><a href=\"CodeSystem-AnastomosisLeak.html#AnastomosisLeak-surgical\">surgical</a></td><td>Kirurgisk</td><td>Kirurgisk</td></tr></table></li></ul></div>"
  },
  "url" : "https://kip.rkkp.dk/fhir/ValueSet/Anastomoselaekage",
  "version" : "0.1.8",
  "name" : "Anastomoselaekage",
  "title" : "Anastomoselækage",
  "status" : "active",
  "experimental" : true,
  "date" : "2022-06-08T00:00:00+02:00",
  "publisher" : "Sundhedsvæsnets Kvalistetsinstitut with Trifork Digital Health A/S",
  "contact" : [{
    "name" : "Sundhedsvæsnets Kvalistetsinstitut with Trifork Digital Health A/S",
    "telecom" : [{
      "system" : "url",
      "value" : "https://trifork.com"
    },
    {
      "system" : "email",
      "value" : "rbk@trifork.com"
    }]
  }],
  "description" : "Anastomoselækage for operationen, og hvordan den er håndteret",
  "compose" : {
    "include" : [{
      "system" : "https://kip.rkkp.dk/fhir/CodeSystem/AnastomosisLeak",
      "concept" : [{
        "code" : "conservative",
        "display" : "Konservativ"
      },
      {
        "code" : "endoscopic",
        "display" : "Endoskopisk"
      },
      {
        "code" : "surgical",
        "display" : "Kirurgisk"
      }]
    }]
  }
}