{
  "resourceType" : "ValueSet",
  "id" : "TackertypeDHDB",
  "text" : {
    "status" : "extensions",
    "div" : "<div xmlns=\"http://www.w3.org/1999/xhtml\"><p class=\"res-header-id\"><b>Generated Narrative: ValueSet TackertypeDHDB</b></p><a name=\"TackertypeDHDB\"> </a><a name=\"hcTackertypeDHDB\"> </a><a name=\"TackertypeDHDB-en-US\"> </a><ul><li>Include these codes as defined in <a href=\"CodeSystem-MedicalFixationClosing.html\"><code>https://kip.rkkp.dk/fhir/CodeSystem/MedicalFixationClosing</code></a><table class=\"none\"><tr><td style=\"white-space:nowrap\"><b>Code</b></td><td><b>Display</b></td><td><b>Definition</b></td></tr><tr><td><a href=\"CodeSystem-MedicalFixationClosing.html#MedicalFixationClosing-absorbable\">absorbable</a></td><td>Absorberbar</td><td>Absorbable / Absorberbar</td></tr><tr><td><a href=\"CodeSystem-MedicalFixationClosing.html#MedicalFixationClosing-non_absorbable\">non_absorbable</a></td><td>Non-absorberbar</td><td>Non-absorbable / Non-absorberbar</td></tr></table></li></ul></div>"
  },
  "url" : "https://kip.rkkp.dk/fhir/ValueSet/TackertypeDHDB",
  "version" : "2.9.3",
  "name" : "TackertypeDHDB",
  "title" : "Tackertype; absorberbar/non-absorberbar (DHDB)",
  "status" : "active",
  "experimental" : true,
  "date" : "2022-07-20T00:00:00+02:00",
  "publisher" : "Sundhedsvæsenets Kvalitetsinstitut with Trifork Digital Health A/S",
  "contact" : [{
    "name" : "Sundhedsvæsenets Kvalitetsinstitut with Trifork Digital Health A/S",
    "telecom" : [{
      "system" : "url",
      "value" : "https://trifork.com"
    },
    {
      "system" : "email",
      "value" : "rbk@trifork.com"
    }]
  }],
  "description" : "Tackertype; absorberbar/non-absorberbar (DHDB)",
  "compose" : {
    "include" : [{
      "system" : "https://kip.rkkp.dk/fhir/CodeSystem/MedicalFixationClosing",
      "concept" : [{
        "code" : "absorbable",
        "display" : "Absorberbar"
      },
      {
        "code" : "non_absorbable",
        "display" : "Non-absorberbar"
      }]
    }]
  }
}