{
  "resourceType" : "ValueSet",
  "id" : "LocationPriSecNodalMale",
  "text" : {
    "status" : "extensions",
    "div" : "<div xmlns=\"http://www.w3.org/1999/xhtml\"><p class=\"res-header-id\"><b>Generated Narrative: ValueSet LocationPriSecNodalMale</b></p><a name=\"LocationPriSecNodalMale\"> </a><a name=\"hcLocationPriSecNodalMale\"> </a><a name=\"LocationPriSecNodalMale-en-US\"> </a><p>This value set includes codes based on the following rules:</p><ul><li>Include these codes as defined in <a href=\"CodeSystem-SKS.html\"><code>https://kip.rkkp.dk/fhir/CodeSystem/SKS</code></a><table class=\"none\"><tr><td style=\"white-space:nowrap\"><b>Code</b></td><td><b>Display</b></td><td><b>Definition</b></td></tr><tr><td><a href=\"CodeSystem-SKS.html#SKS-T000174\">T000174</a></td><td>Axiller</td><td>T000174 - lymfeknude i aksil</td></tr><tr><td><a href=\"CodeSystem-SKS.html#SKS-T000352\">T000352</a></td><td>Bihuler</td><td>T000352 - Bihule</td></tr><tr><td><a href=\"CodeSystem-SKS.html#SKS-T000347\">T000347</a></td><td>Cavum nasi</td><td>T000347 - cavitas nasi</td></tr><tr><td><a href=\"CodeSystem-SKS.html#SKS-T001039\">T001039</a></td><td>CNS</td><td>T001039 - centralnervesystem</td></tr><tr><td><a href=\"CodeSystem-SKS.html#SKS-T000438\">T000438</a></td><td>Cor</td><td>T000438 - Hjerte</td></tr><tr><td><a href=\"CodeSystem-SKS.html#SKS-T001022\">T001022</a></td><td>Gl. thyroidea</td><td>T001022 - glandula thyroidea</td></tr><tr><td><a href=\"CodeSystem-SKS.html#SKS-T000146\">T000146</a></td><td>Hals, Øvre</td><td>T000146 - lymfeknude på hals</td></tr><tr><td><a href=\"CodeSystem-SKS.html#SKS-T000010\">T000010</a></td><td>Hud</td><td>T000010 - hud</td></tr><tr><td><a href=\"CodeSystem-SKS.html#SKS-T000154\">T000154</a></td><td>Infraclaviculært</td><td>T000154 - infraclaviculær lymfeknude</td></tr><tr><td><a href=\"CodeSystem-SKS.html#SKS-T000177\">T000177</a></td><td>Ingvinale</td><td>T000177 - lymfeknude i inguen</td></tr><tr><td><a href=\"CodeSystem-SKS.html#SKS-T000492\">T000492</a></td><td>Intravaskulært</td><td>T000492 - blodkar</td></tr><tr><td><a href=\"CodeSystem-SKS.html#SKS-T000224\">T000224</a></td><td>Knogler</td><td>T000224 - Knogle</td></tr><tr><td><a href=\"CodeSystem-SKS.html#SKS-T001057\">T001057</a></td><td>Leptomeninges</td><td>T001057 - arachnoidea</td></tr><tr><td><a href=\"CodeSystem-SKS.html#SKS-T000607\">T000607</a></td><td>Lever</td><td>T000607 - lever</td></tr><tr><td><a href=\"CodeSystem-SKS.html#SKS-T000400\">T000400</a></td><td>Lungehili</td><td>T000400 - lungehilum</td></tr><tr><td><a href=\"CodeSystem-SKS.html#SKS-T000398\">T000398</a></td><td>Lunge</td><td>T000398 - lunge</td></tr><tr><td><a href=\"CodeSystem-SKS.html#SKS-T000094\">T000094</a></td><td>Mamma</td><td>T000094 - mamma</td></tr><tr><td><a href=\"CodeSystem-SKS.html#SKS-T001210\">T001210</a></td><td>Mediastinum</td><td>T001210 - mediastinum</td></tr><tr><td><a href=\"CodeSystem-SKS.html#SKS-T000569\">T000569</a></td><td>Mundhule i øvrigt</td><td>T000569 - mund</td></tr><tr><td><a href=\"CodeSystem-SKS.html#SKS-T000298\">T000298</a></td><td>Muskulatur</td><td>T000298 - skeletmuskulatur</td></tr><tr><td><a href=\"CodeSystem-SKS.html#SKS-T000773\">T000773</a></td><td>Nyrer</td><td>T000773 - nyre</td></tr><tr><td><a href=\"CodeSystem-SKS.html#SKS-T001182\">T001182</a></td><td>Orbita</td><td>T001182 - Orbita</td></tr><tr><td><a href=\"CodeSystem-SKS.html#SKS-T000638\">T000638</a></td><td>Pancreas</td><td>T000638 - pancreas</td></tr><tr><td><a href=\"CodeSystem-SKS.html#SKS-T001231\">T001231</a></td><td>Pelvis</td><td>T001231 - Pelvis</td></tr><tr><td><a href=\"CodeSystem-SKS.html#SKS-T001227\">T001227</a></td><td>Retroperitoneum</td><td>T001227 - retroperitoneum</td></tr><tr><td><a href=\"CodeSystem-SKS.html#SKS-T000647\">T000647</a></td><td>Rhinopharynx</td><td>T000647 - Pharynx</td></tr><tr><td><a href=\"CodeSystem-SKS.html#SKS-T000600\">T000600</a></td><td>Spytkirtler</td><td>T000600 - Spytkirtler</td></tr><tr><td><a href=\"CodeSystem-SKS.html#SKS-T000148\">T000148</a></td><td>Supraclaviculært</td><td>T000148 - supraclaviculær lymfeknude</td></tr><tr><td><a href=\"CodeSystem-SKS.html#SKS-T000702\">T000702</a></td><td>Tarmkrøs</td><td>T000702 - mesenterium</td></tr><tr><td><a href=\"CodeSystem-SKS.html#SKS-T000842\">T000842</a></td><td>Testis</td><td>T000842 - testis</td></tr><tr><td><a href=\"CodeSystem-SKS.html#SKS-T000657\">T000657</a></td><td>Tonsilla Palatina</td><td>T000657 - Ganetonsiller</td></tr><tr><td><a href=\"CodeSystem-SKS.html#SKS-T000725\">T000725</a></td><td>Tyktarm</td><td>T000725 - colon</td></tr><tr><td><a href=\"CodeSystem-SKS.html#SKS-T000695\">T000695</a></td><td>Tyndtarm</td><td>T000695 - tyndtarm</td></tr><tr><td><a href=\"CodeSystem-SKS.html#SKS-T001145\">T001145</a></td><td>Tårekirtel</td><td>T001145 - glandula lacrimalis</td></tr><tr><td><a href=\"CodeSystem-SKS.html#SKS-T000812\">T000812</a></td><td>Urinblære</td><td>T000812 - vesica urinaria</td></tr><tr><td><a href=\"CodeSystem-SKS.html#SKS-T000670\">T000670</a></td><td>Ventrikel</td><td>T000670 - ventrikel</td></tr><tr><td><a href=\"CodeSystem-SKS.html#SKS-T000654\">T000654</a></td><td>Waldeyers svælgring</td><td>T000654 - Ganetonsil</td></tr></table></li><li>Include these codes as defined in <a href=\"CodeSystem-DiseasesUnspecified.html\"><code>https://kip.rkkp.dk/fhir/CodeSystem/DiseasesUnspecified</code></a><table class=\"none\"><tr><td style=\"white-space:nowrap\"><b>Code</b></td><td><b>Display</b></td><td><b>Definition</b></td></tr><tr><td><a href=\"CodeSystem-DiseasesUnspecified.html#DiseasesUnspecified-ascites_lymfom\">ascites_lymfom</a></td><td>Ascites med lymfomceller</td><td>Ascites med lymfomceller</td></tr><tr><td><a href=\"CodeSystem-DiseasesUnspecified.html#DiseasesUnspecified-perikardieeksudat_lymfom\">perikardieeksudat_lymfom</a></td><td>Perikardieeksudat med lymfomceller</td><td>Perikardieeksudat med lymfomceller</td></tr><tr><td><a href=\"CodeSystem-DiseasesUnspecified.html#DiseasesUnspecified-pleuraeksudat_lymfom\">pleuraeksudat_lymfom</a></td><td>Pleuraeksudat med lymfomceller</td><td/></tr></table></li></ul></div>"
  },
  "url" : "https://kip.rkkp.dk/fhir/ValueSet/LocationPriSecNodalMale",
  "version" : "0.1.6",
  "name" : "LocationPriSecNodalMale",
  "title" : "Sygdomslokalisation er prim. nodalt, sek. ekstranodalt eller omv, mænd (LYFO)",
  "status" : "active",
  "experimental" : true,
  "date" : "2023-03-15T00:00:00+02:00",
  "publisher" : "Sundhedsvæsnets Kvalistetsinstitut with Trifork Digital Health A/S",
  "contact" : [{
    "name" : "Sundhedsvæsnets Kvalistetsinstitut with Trifork Digital Health A/S",
    "telecom" : [{
      "system" : "url",
      "value" : "https://trifork.com"
    },
    {
      "system" : "email",
      "value" : "rbk@trifork.com"
    }]
  }],
  "description" : "Sygdomslokalisation i lymfe områder er primært nodalt, sekundært ekstranodalt eller primært ekstranodalt, sekundært nodalt, og patienten er en mand (LYFO)",
  "compose" : {
    "include" : [{
      "system" : "https://kip.rkkp.dk/fhir/CodeSystem/SKS",
      "concept" : [{
        "code" : "T000174",
        "display" : "Axiller"
      },
      {
        "code" : "T000352",
        "display" : "Bihuler"
      },
      {
        "code" : "T000347",
        "display" : "Cavum nasi"
      },
      {
        "code" : "T001039",
        "display" : "CNS"
      },
      {
        "code" : "T000438",
        "display" : "Cor"
      },
      {
        "code" : "T001022",
        "display" : "Gl. thyroidea"
      },
      {
        "code" : "T000146",
        "display" : "Hals, Øvre"
      },
      {
        "code" : "T000010",
        "display" : "Hud"
      },
      {
        "code" : "T000154",
        "display" : "Infraclaviculært"
      },
      {
        "code" : "T000177",
        "display" : "Ingvinale"
      },
      {
        "code" : "T000492",
        "display" : "Intravaskulært"
      },
      {
        "code" : "T000224",
        "display" : "Knogler"
      },
      {
        "code" : "T001057",
        "display" : "Leptomeninges"
      },
      {
        "code" : "T000607",
        "display" : "Lever"
      },
      {
        "code" : "T000400",
        "display" : "Lungehili"
      },
      {
        "code" : "T000398",
        "display" : "Lunge"
      },
      {
        "code" : "T000094",
        "display" : "Mamma"
      },
      {
        "code" : "T001210",
        "display" : "Mediastinum"
      },
      {
        "code" : "T000569",
        "display" : "Mundhule i øvrigt"
      },
      {
        "code" : "T000298",
        "display" : "Muskulatur"
      },
      {
        "code" : "T000773",
        "display" : "Nyrer"
      },
      {
        "code" : "T001182",
        "display" : "Orbita"
      },
      {
        "code" : "T000638",
        "display" : "Pancreas"
      },
      {
        "code" : "T001231",
        "display" : "Pelvis"
      },
      {
        "code" : "T001227",
        "display" : "Retroperitoneum"
      },
      {
        "code" : "T000647",
        "display" : "Rhinopharynx"
      },
      {
        "code" : "T000600",
        "display" : "Spytkirtler"
      },
      {
        "code" : "T000148",
        "display" : "Supraclaviculært"
      },
      {
        "code" : "T000702",
        "display" : "Tarmkrøs"
      },
      {
        "code" : "T000842",
        "display" : "Testis"
      },
      {
        "code" : "T000657",
        "display" : "Tonsilla Palatina"
      },
      {
        "code" : "T000725",
        "display" : "Tyktarm"
      },
      {
        "code" : "T000695",
        "display" : "Tyndtarm"
      },
      {
        "code" : "T001145",
        "display" : "Tårekirtel"
      },
      {
        "code" : "T000812",
        "display" : "Urinblære"
      },
      {
        "code" : "T000670",
        "display" : "Ventrikel"
      },
      {
        "code" : "T000654",
        "display" : "Waldeyers svælgring"
      }]
    },
    {
      "system" : "https://kip.rkkp.dk/fhir/CodeSystem/DiseasesUnspecified",
      "concept" : [{
        "code" : "ascites_lymfom",
        "display" : "Ascites med lymfomceller"
      },
      {
        "code" : "perikardieeksudat_lymfom",
        "display" : "Perikardieeksudat med lymfomceller"
      },
      {
        "code" : "pleuraeksudat_lymfom",
        "display" : "Pleuraeksudat med lymfomceller"
      }]
    }]
  }
}