{
  "resourceType" : "ValueSet",
  "id" : "EDTATransplantationDNSL",
  "text" : {
    "status" : "extensions",
    "div" : "<div xmlns=\"http://www.w3.org/1999/xhtml\"><p class=\"res-header-id\"><b>Generated Narrative: ValueSet EDTATransplantationDNSL</b></p><a name=\"EDTATransplantationDNSL\"> </a><a name=\"hcEDTATransplantationDNSL\"> </a><a name=\"EDTATransplantationDNSL-en-US\"> </a><ul><li>Include these codes as defined in <a href=\"CodeSystem-EDTACodes.html\"><code>https://kip.sundk.dk/fhir/CodeSystem/EDTACodes</code></a><table class=\"none\"><tr><td style=\"white-space:nowrap\"><b>Code</b></td><td><b>Display</b></td><td><b>Definition</b></td></tr><tr><td><a href=\"CodeSystem-EDTACodes.html#EDTACodes-EDTA70\">EDTA70</a></td><td>EDTA 70, Grafttab, irreversibelt (årsag ukendt)</td><td>EDTA70, Grafttab, irreversibelt (årsag ukendt)</td></tr><tr><td><a href=\"CodeSystem-EDTACodes.html#EDTACodes-EDTA71\">EDTA71</a></td><td>EDTA 71, Grafttab, hyperakut rejektion</td><td>EDTA71, Grafttab, hyperakut rejektion</td></tr><tr><td><a href=\"CodeSystem-EDTACodes.html#EDTACodes-EDTA72\">EDTA72</a></td><td>EDTA 72, Grafttab, rejektion (med immunosuppressiv beh.)</td><td>EDTA72, Grafttab, rejektion (med immunosuppressiv beh.)</td></tr><tr><td><a href=\"CodeSystem-EDTACodes.html#EDTACodes-EDTA73\">EDTA73</a></td><td>EDTA 73, Grafttab, rejektion (uden immunosuppressiv beh.)</td><td>EDTA73, Grafttab, rejektion (uden immunosuppressiv beh.)</td></tr><tr><td><a href=\"CodeSystem-EDTACodes.html#EDTACodes-EDTA74\">EDTA74</a></td><td>EDTA 74, Grafttab, reccurent primær leverlidelse</td><td>EDTA74, Grafttab, reccurent primær leverlidelse</td></tr><tr><td><a href=\"CodeSystem-EDTACodes.html#EDTACodes-EDTA75\">EDTA75</a></td><td>EDTA 75, Grafttab, vasculær/ureter operativt problem</td><td>EDTA75, Grafttab, vasculær/ureter operativt problem</td></tr><tr><td><a href=\"CodeSystem-EDTACodes.html#EDTACodes-EDTA76\">EDTA76</a></td><td>EDTA 76, Grafttab, vasculær thrombose uden op problem</td><td>EDTA76, Grafttab, vasculær thrombose uden op problem</td></tr><tr><td><a href=\"CodeSystem-EDTACodes.html#EDTACodes-EDTA77\">EDTA77</a></td><td>EDTA 77, Grafttab, infektion</td><td>EDTA77, Grafttab, infektion</td></tr><tr><td><a href=\"CodeSystem-EDTACodes.html#EDTACodes-EDTA78\">EDTA78</a></td><td>EDTA 78, Grafttab, fjernelse af fungerende graft</td><td>EDTA78, Grafttab, fjernelse af fungerende graft</td></tr><tr><td><a href=\"CodeSystem-EDTACodes.html#EDTACodes-EDTA79\">EDTA79</a></td><td>EDTA 79, Grafttab, ikke-fungerende graft</td><td>EDTA79, Grafttab, ikke-fungerende graft</td></tr></table></li></ul></div>"
  },
  "url" : "https://kip.sundk.dk/fhir/ValueSet/EDTATransplantationDNSL",
  "version" : "0.0.9",
  "name" : "EDTATransplantationDNSL",
  "title" : "EDTA koder Transplantation (DNSL)",
  "status" : "active",
  "experimental" : true,
  "date" : "2024-01-10T00:00:00+02:00",
  "publisher" : "Sundhedsvæsnets Kvalistetsinstitut with Trifork Public A/S",
  "contact" : [{
    "name" : "Sundhedsvæsnets Kvalistetsinstitut with Trifork Public A/S",
    "telecom" : [{
      "system" : "url",
      "value" : "https://trifork.com"
    },
    {
      "system" : "email",
      "value" : "rbk@trifork.com"
    }]
  }],
  "description" : "EDTA koder Transplantation (DNSL)",
  "compose" : {
    "include" : [{
      "system" : "https://kip.sundk.dk/fhir/CodeSystem/EDTACodes",
      "concept" : [{
        "code" : "EDTA70",
        "display" : "EDTA 70, Grafttab, irreversibelt (årsag ukendt)"
      },
      {
        "code" : "EDTA71",
        "display" : "EDTA 71, Grafttab, hyperakut rejektion"
      },
      {
        "code" : "EDTA72",
        "display" : "EDTA 72, Grafttab, rejektion (med immunosuppressiv beh.)"
      },
      {
        "code" : "EDTA73",
        "display" : "EDTA 73, Grafttab, rejektion (uden immunosuppressiv beh.)"
      },
      {
        "code" : "EDTA74",
        "display" : "EDTA 74, Grafttab, reccurent primær leverlidelse"
      },
      {
        "code" : "EDTA75",
        "display" : "EDTA 75, Grafttab, vasculær/ureter operativt problem"
      },
      {
        "code" : "EDTA76",
        "display" : "EDTA 76, Grafttab, vasculær thrombose uden op problem"
      },
      {
        "code" : "EDTA77",
        "display" : "EDTA 77, Grafttab, infektion"
      },
      {
        "code" : "EDTA78",
        "display" : "EDTA 78, Grafttab, fjernelse af fungerende graft"
      },
      {
        "code" : "EDTA79",
        "display" : "EDTA 79, Grafttab, ikke-fungerende graft"
      }]
    }]
  }
}