{
  "resourceType" : "ValueSet",
  "id" : "AnastomoseType2",
  "text" : {
    "status" : "extensions",
    "div" : "<div xmlns=\"http://www.w3.org/1999/xhtml\"><p class=\"res-header-id\"><b>Generated Narrative: ValueSet AnastomoseType2</b></p><a name=\"AnastomoseType2\"> </a><a name=\"hcAnastomoseType2\"> </a><a name=\"AnastomoseType2-en-US\"> </a><ul><li>Include these codes as defined in <a href=\"CodeSystem-AnastomosisType.html\"><code>https://kip.rkkp.dk/fhir/CodeSystem/AnastomosisType</code></a><table class=\"none\"><tr><td style=\"white-space:nowrap\"><b>Code</b></td><td><b>Display</b></td><td><b>Definition</b></td></tr><tr><td><a href=\"CodeSystem-AnastomosisType.html#AnastomosisType-intracorporeal\">intracorporeal</a></td><td>Intrakorporalt</td><td>Intracorporeal / Intrakorporalt</td></tr><tr><td><a href=\"CodeSystem-AnastomosisType.html#AnastomosisType-extracorporeal\">extracorporeal</a></td><td>Ekstrakorporalt</td><td>extracorporeal / Ekstrakorporalt</td></tr></table></li></ul></div>"
  },
  "url" : "https://kip.rkkp.dk/fhir/ValueSet/AnastomoseType2",
  "version" : "2.9.3",
  "name" : "AnastomoseType2",
  "title" : "Anastomosetype 2",
  "status" : "active",
  "experimental" : true,
  "date" : "2022-10-11T00:00:00+02:00",
  "publisher" : "Sundhedsvæsenets Kvalitetsinstitut with Trifork Digital Health A/S",
  "contact" : [{
    "name" : "Sundhedsvæsenets Kvalitetsinstitut with Trifork Digital Health A/S",
    "telecom" : [{
      "system" : "url",
      "value" : "https://trifork.com"
    },
    {
      "system" : "email",
      "value" : "rbk@trifork.com"
    }]
  }],
  "description" : "Anastomosetype 2",
  "compose" : {
    "include" : [{
      "system" : "https://kip.rkkp.dk/fhir/CodeSystem/AnastomosisType",
      "concept" : [{
        "code" : "intracorporeal",
        "display" : "Intrakorporalt"
      },
      {
        "code" : "extracorporeal",
        "display" : "Ekstrakorporalt"
      }]
    }]
  }
}