{
  "resourceType" : "ValueSet",
  "id" : "RevisionUdskiftningDHR",
  "text" : {
    "status" : "extensions",
    "div" : "<div xmlns=\"http://www.w3.org/1999/xhtml\"><p class=\"res-header-id\"><b>Generated Narrative: ValueSet RevisionUdskiftningDHR</b></p><a name=\"RevisionUdskiftningDHR\"> </a><a name=\"hcRevisionUdskiftningDHR\"> </a><a name=\"RevisionUdskiftningDHR-en-US\"> </a><p>This value set includes codes based on the following rules:</p><ul><li>Include these codes as defined in <a href=\"CodeSystem-ImplantComponents.html\"><code>https://kip.rkkp.dk/fhir/CodeSystem/ImplantComponents</code></a><table class=\"none\"><tr><td style=\"white-space:nowrap\"><b>Code</b></td><td><b>Display</b></td><td><b>Definition</b></td></tr><tr><td><a href=\"CodeSystem-ImplantComponents.html#ImplantComponents-acetabulum_component\">acetabulum_component</a></td><td>Acetabulumkomponent</td><td>Acetabulumkomponent</td></tr><tr><td><a href=\"CodeSystem-ImplantComponents.html#ImplantComponents-acetabulum_liner\">acetabulum_liner</a></td><td>Acetabulumliner</td><td>Acetabulumliner</td></tr><tr><td><a href=\"CodeSystem-ImplantComponents.html#ImplantComponents-caput\">caput</a></td><td>Caput</td><td>Caput</td></tr><tr><td><a href=\"CodeSystem-ImplantComponents.html#ImplantComponents-detachable_neck\">detachable_neck</a></td><td>Udskiftning af aftagelig hals (neck segment)</td><td>Detachable neck / Aftagelig hals</td></tr><tr><td><a href=\"CodeSystem-ImplantComponents.html#ImplantComponents-femur_component\">femur_component</a></td><td>Femurkomponent</td><td>Femurkomponent</td></tr><tr><td><a href=\"CodeSystem-ImplantComponents.html#ImplantComponents-soft_tissue\">soft_tissue</a></td><td>Bløddelsrevisioner uden udskiftning af protesekomponenter</td><td>Bløddelsrevisioner uden udskiftning af protesekomponenter</td></tr></table></li><li>Include these codes as defined in <a href=\"CodeSystem-GenericValues.html\"><code>https://kip.rkkp.dk/fhir/CodeSystem/GenericValues</code></a><table class=\"none\"><tr><td style=\"white-space:nowrap\"><b>Code</b></td><td><b>Display</b></td><td><b>Definition</b></td></tr><tr><td><a href=\"CodeSystem-GenericValues.html#GenericValues-other\">other</a></td><td>Andet</td><td>Other - used to choose unspecific value not in a valueset</td></tr></table></li></ul></div>"
  },
  "url" : "https://kip.rkkp.dk/fhir/ValueSet/RevisionUdskiftningDHR",
  "version" : "2.9.0",
  "name" : "RevisionUdskiftningDHR",
  "title" : "Revision, udskiftning (DHR)",
  "status" : "active",
  "experimental" : true,
  "date" : "2022-11-08T00:00:00+02:00",
  "publisher" : "Sundhedsvæsnets Kvalistetsinstitut with Trifork Digital Health A/S",
  "contact" : [{
    "name" : "Sundhedsvæsnets Kvalistetsinstitut with Trifork Digital Health A/S",
    "telecom" : [{
      "system" : "url",
      "value" : "https://trifork.com"
    },
    {
      "system" : "email",
      "value" : "rbk@trifork.com"
    }]
  }],
  "description" : "Revision, udskiftning (DHR)",
  "compose" : {
    "include" : [{
      "system" : "https://kip.rkkp.dk/fhir/CodeSystem/ImplantComponents",
      "concept" : [{
        "code" : "acetabulum_component",
        "display" : "Acetabulumkomponent"
      },
      {
        "code" : "acetabulum_liner",
        "display" : "Acetabulumliner"
      },
      {
        "code" : "caput",
        "display" : "Caput"
      },
      {
        "code" : "detachable_neck",
        "display" : "Udskiftning af aftagelig hals (neck segment)"
      },
      {
        "code" : "femur_component",
        "display" : "Femurkomponent"
      },
      {
        "code" : "soft_tissue",
        "display" : "Bløddelsrevisioner uden udskiftning af protesekomponenter"
      }]
    },
    {
      "system" : "https://kip.rkkp.dk/fhir/CodeSystem/GenericValues",
      "concept" : [{
        "code" : "other",
        "display" : "Andet"
      }]
    }]
  }
}