{
  "resourceType" : "ValueSet",
  "id" : "WOOSTraeningDSR",
  "text" : {
    "status" : "extensions",
    "div" : "<div xmlns=\"http://www.w3.org/1999/xhtml\"><p class=\"res-header-id\"><b>Generated Narrative: ValueSet WOOSTraeningDSR</b></p><a name=\"WOOSTraeningDSR\"> </a><a name=\"hcWOOSTraeningDSR\"> </a><a name=\"WOOSTraeningDSR-en-US\"> </a><ul><li>Include these codes as defined in <a href=\"CodeSystem-WOOS.html\"><code>https://kip.sundk.dk/fhir/CodeSystem/WOOS</code></a><table class=\"none\"><tr><td style=\"white-space:nowrap\"><b>Code</b></td><td><b>Display</b></td><td><b>Definition</b></td></tr><tr><td><a href=\"CodeSystem-WOOS.html#WOOS-no_physiotherapy\">no_physiotherapy</a></td><td>Ingen fysioterapi</td><td>Ingen fysioterapi</td></tr><tr><td><a href=\"CodeSystem-WOOS.html#WOOS-home_training\">home_training</a></td><td>Hjemmetræning efter instruks</td><td>Hjemmetræning efter instruks</td></tr><tr><td><a href=\"CodeSystem-WOOS.html#WOOS-supervised_municipality\">supervised_municipality</a></td><td>Superviseret fysioterapi via kommunen  (træning eller noget af denne foregår hos fysioterapeut i kommunen hvor du bor)</td><td>Superviseret fysioterapi via kommunen  (træning eller noget af denne foregår hos fysioterapeut i kommunen hvor du bor)</td></tr><tr><td><a href=\"CodeSystem-WOOS.html#WOOS-supervised_hospital\">supervised_hospital</a></td><td>Superviseret fysioterapi på sygehus/hospital  (træningen eller noget af denne foregår hos fysioterapi på sygehus)</td><td>Superviseret fysioterapi på sygehus/hospital  (træningen eller noget af denne foregår hos fysioterapi på sygehus)</td></tr></table></li></ul></div>"
  },
  "url" : "https://kip.sundk.dk/fhir/ValueSet/WOOSTraeningDSR",
  "version" : "0.0.9",
  "name" : "WOOSTraeningDSR",
  "title" : "WOOS - Træning (DSR)",
  "status" : "active",
  "experimental" : true,
  "date" : "2022-10-07T00:00:00+02:00",
  "publisher" : "Sundhedsvæsnets Kvalistetsinstitut with Trifork Public A/S",
  "contact" : [{
    "name" : "Sundhedsvæsnets Kvalistetsinstitut with Trifork Public A/S",
    "telecom" : [{
      "system" : "url",
      "value" : "https://trifork.com"
    },
    {
      "system" : "email",
      "value" : "rbk@trifork.com"
    }]
  }],
  "description" : "WOOS - Træning (DSR)",
  "compose" : {
    "include" : [{
      "system" : "https://kip.sundk.dk/fhir/CodeSystem/WOOS",
      "concept" : [{
        "code" : "no_physiotherapy",
        "display" : "Ingen fysioterapi"
      },
      {
        "code" : "home_training",
        "display" : "Hjemmetræning efter instruks"
      },
      {
        "code" : "supervised_municipality",
        "display" : "Superviseret fysioterapi via kommunen  (træning eller noget af denne foregår hos fysioterapeut i kommunen hvor du bor)"
      },
      {
        "code" : "supervised_hospital",
        "display" : "Superviseret fysioterapi på sygehus/hospital  (træningen eller noget af denne foregår hos fysioterapi på sygehus)"
      }]
    }]
  }
}