{
  "resourceType" : "ValueSet",
  "id" : "OsteotomiTypeAlmindeligExtendedDHR",
  "text" : {
    "status" : "extensions",
    "div" : "<div xmlns=\"http://www.w3.org/1999/xhtml\"><p class=\"res-header-id\"><b>Generated Narrative: ValueSet OsteotomiTypeAlmindeligExtendedDHR</b></p><a name=\"OsteotomiTypeAlmindeligExtendedDHR\"> </a><a name=\"hcOsteotomiTypeAlmindeligExtendedDHR\"> </a><a name=\"OsteotomiTypeAlmindeligExtendedDHR-en-US\"> </a><ul><li>Include these codes as defined in <a href=\"CodeSystem-ImplantComponents.html\"><code>https://kip.rkkp.dk/fhir/CodeSystem/ImplantComponents</code></a><table class=\"none\"><tr><td style=\"white-space:nowrap\"><b>Code</b></td><td><b>Display</b></td><td><b>Definition</b></td></tr><tr><td><a href=\"CodeSystem-ImplantComponents.html#ImplantComponents-ordninary\">ordninary</a></td><td>Almindelig</td><td>Ordinary / Almindelig</td></tr><tr><td><a href=\"CodeSystem-ImplantComponents.html#ImplantComponents-extended\">extended</a></td><td>Extended</td><td>Extended</td></tr></table></li></ul></div>"
  },
  "url" : "https://kip.rkkp.dk/fhir/ValueSet/OsteotomiTypeAlmindeligExtendedDHR",
  "version" : "0.1.6",
  "name" : "OsteotomiTypeAlmindeligExtendedDHR",
  "title" : "Osteotomi type - Almindelig/Extended (DHR)",
  "status" : "active",
  "experimental" : true,
  "date" : "2022-11-07T00:00:00+02:00",
  "publisher" : "Sundhedsvæsnets Kvalistetsinstitut with Trifork Digital Health A/S",
  "contact" : [{
    "name" : "Sundhedsvæsnets Kvalistetsinstitut with Trifork Digital Health A/S",
    "telecom" : [{
      "system" : "url",
      "value" : "https://trifork.com"
    },
    {
      "system" : "email",
      "value" : "rbk@trifork.com"
    }]
  }],
  "description" : "Osteotomi type - Almindelig/Extended (DHR)",
  "compose" : {
    "include" : [{
      "system" : "https://kip.rkkp.dk/fhir/CodeSystem/ImplantComponents",
      "concept" : [{
        "code" : "ordninary",
        "display" : "Almindelig"
      },
      {
        "code" : "extended",
        "display" : "Extended"
      }]
    }]
  }
}