{
  "resourceType" : "ValueSet",
  "id" : "ATCChemoCLL",
  "text" : {
    "status" : "extensions",
    "div" : "<div xmlns=\"http://www.w3.org/1999/xhtml\"><p class=\"res-header-id\"><b>Generated Narrative: ValueSet ATCChemoCLL</b></p><a name=\"ATCChemoCLL\"> </a><a name=\"hcATCChemoCLL\"> </a><a name=\"ATCChemoCLL-en-US\"> </a><p>This value set includes codes based on the following rules:</p><ul><li>Include these codes as defined in <a href=\"CodeSystem-GenericValues.html\"><code>https://kip.rkkp.dk/fhir/CodeSystem/GenericValues</code></a><table class=\"none\"><tr><td style=\"white-space:nowrap\"><b>Code</b></td><td><b>Display</b></td><td><b>Definition</b></td></tr><tr><td><a href=\"CodeSystem-GenericValues.html#GenericValues-none\">none</a></td><td>Ingen kemoterapi</td><td>None - used to choose none of the available values</td></tr><tr><td><a href=\"CodeSystem-GenericValues.html#GenericValues-other\">other</a></td><td>Andet (incl behandling for evt. anden malignitet)</td><td>Other - used to choose unspecific value not in a valueset</td></tr></table></li><li>Include these codes as defined in <a href=\"CodeSystem-ATC.html\"><code>https://kip.rkkp.dk/fhir/CodeSystem/ATC</code></a><table class=\"none\"><tr><td style=\"white-space:nowrap\"><b>Code</b></td><td><b>Display</b></td><td><b>Definition</b></td></tr><tr><td><a href=\"CodeSystem-ATC.html#ATC-L01BB05\">L01BB05</a></td><td>Fludarabin</td><td>L01BB05 - fludarabine</td></tr><tr><td><a href=\"CodeSystem-ATC.html#ATC-L01AA01\">L01AA01</a></td><td>Cyklofosmamid</td><td>L01AA01 - cyclophosphamide</td></tr><tr><td><a href=\"CodeSystem-ATC.html#ATC-L01AA02\">L01AA02</a></td><td>Chlorambucil</td><td>L01AA02 - chlorambucil</td></tr><tr><td><a href=\"CodeSystem-ATC.html#ATC-L01AA09\">L01AA09</a></td><td>Bendamustin</td><td>L01AA09 - bendamustine</td></tr></table></li></ul></div>"
  },
  "url" : "https://kip.rkkp.dk/fhir/ValueSet/ATCChemoCLL",
  "version" : "2.9.3",
  "name" : "ATCChemoCLL",
  "title" : "ATC_CLL_kemo",
  "status" : "active",
  "experimental" : true,
  "date" : "2022-07-13T00:00:00+02:00",
  "publisher" : "Sundhedsvæsenets Kvalitetsinstitut with Trifork Digital Health A/S",
  "contact" : [{
    "name" : "Sundhedsvæsenets Kvalitetsinstitut with Trifork Digital Health A/S",
    "telecom" : [{
      "system" : "url",
      "value" : "https://trifork.com"
    },
    {
      "system" : "email",
      "value" : "rbk@trifork.com"
    }]
  }],
  "description" : "ATC koder kemoterapi - [CLL]",
  "compose" : {
    "include" : [{
      "system" : "https://kip.rkkp.dk/fhir/CodeSystem/GenericValues",
      "concept" : [{
        "code" : "none",
        "display" : "Ingen kemoterapi"
      },
      {
        "code" : "other",
        "display" : "Andet (incl behandling for evt. anden malignitet)"
      }]
    },
    {
      "system" : "https://kip.rkkp.dk/fhir/CodeSystem/ATC",
      "concept" : [{
        "code" : "L01BB05",
        "display" : "Fludarabin"
      },
      {
        "code" : "L01AA01",
        "display" : "Cyklofosmamid"
      },
      {
        "code" : "L01AA02",
        "display" : "Chlorambucil"
      },
      {
        "code" : "L01AA09",
        "display" : "Bendamustin"
      }]
    }]
  }
}