{
  "resourceType" : "ValueSet",
  "id" : "ProtesestatusDHR",
  "text" : {
    "status" : "extensions",
    "div" : "<div xmlns=\"http://www.w3.org/1999/xhtml\"><p class=\"res-header-id\"><b>Generated Narrative: ValueSet ProtesestatusDHR</b></p><a name=\"ProtesestatusDHR\"> </a><a name=\"hcProtesestatusDHR\"> </a><a name=\"ProtesestatusDHR-en-US\"> </a><p>This value set includes codes based on the following rules:</p><ul><li>Include these codes as defined in <a href=\"CodeSystem-ImplantComponents.html\"><code>https://kip.rkkp.dk/fhir/CodeSystem/ImplantComponents</code></a><table class=\"none\"><tr><td style=\"white-space:nowrap\"><b>Code</b></td><td><b>Display</b></td><td><b>Definition</b></td></tr><tr><td><a href=\"CodeSystem-ImplantComponents.html#ImplantComponents-cemented\">cemented</a></td><td>Cementeret</td><td>Cemented / Cementeret</td></tr><tr><td><a href=\"CodeSystem-ImplantComponents.html#ImplantComponents-uncemented\">uncemented</a></td><td>Ucementeret</td><td>Uncemented / Ucementeret</td></tr><tr><td><a href=\"CodeSystem-ImplantComponents.html#ImplantComponents-hybrid_a\">hybrid_a</a></td><td>Hybrid A (cementeret femur)</td><td>Hybrid A</td></tr><tr><td><a href=\"CodeSystem-ImplantComponents.html#ImplantComponents-hybrid_b\">hybrid_b</a></td><td>Hybrid B (cementeret acetabulum)</td><td>Hybrid B</td></tr><tr><td><a href=\"CodeSystem-ImplantComponents.html#ImplantComponents-girdlestone\">girdlestone</a></td><td>Girdlestone status</td><td>Girdlestone</td></tr><tr><td><a href=\"CodeSystem-ImplantComponents.html#ImplantComponents-cement_spacer\">cement_spacer</a></td><td>Cementspacer</td><td>Cement spacer</td></tr></table></li><li>Include these codes as defined in <a href=\"CodeSystem-GenericValues.html\"><code>https://kip.rkkp.dk/fhir/CodeSystem/GenericValues</code></a><table class=\"none\"><tr><td style=\"white-space:nowrap\"><b>Code</b></td><td><b>Display</b></td><td><b>Definition</b></td></tr><tr><td><a href=\"CodeSystem-GenericValues.html#GenericValues-other\">other</a></td><td>Anden</td><td>Other - used to choose unspecific value not in a valueset</td></tr></table></li></ul></div>"
  },
  "url" : "https://kip.rkkp.dk/fhir/ValueSet/ProtesestatusDHR",
  "version" : "2.9.3",
  "name" : "ProtesestatusDHR",
  "title" : "Protesestatus (DHR)",
  "status" : "active",
  "experimental" : true,
  "date" : "2022-11-08T00:00:00+02:00",
  "publisher" : "Sundhedsvæsenets Kvalitetsinstitut with Trifork Digital Health A/S",
  "contact" : [{
    "name" : "Sundhedsvæsenets Kvalitetsinstitut with Trifork Digital Health A/S",
    "telecom" : [{
      "system" : "url",
      "value" : "https://trifork.com"
    },
    {
      "system" : "email",
      "value" : "rbk@trifork.com"
    }]
  }],
  "description" : "Protesestatus (DHR)",
  "compose" : {
    "include" : [{
      "system" : "https://kip.rkkp.dk/fhir/CodeSystem/ImplantComponents",
      "concept" : [{
        "code" : "cemented",
        "display" : "Cementeret"
      },
      {
        "code" : "uncemented",
        "display" : "Ucementeret"
      },
      {
        "code" : "hybrid_a",
        "display" : "Hybrid A (cementeret femur)"
      },
      {
        "code" : "hybrid_b",
        "display" : "Hybrid B (cementeret acetabulum)"
      },
      {
        "code" : "girdlestone",
        "display" : "Girdlestone status"
      },
      {
        "code" : "cement_spacer",
        "display" : "Cementspacer"
      }]
    },
    {
      "system" : "https://kip.rkkp.dk/fhir/CodeSystem/GenericValues",
      "concept" : [{
        "code" : "other",
        "display" : "Anden"
      }]
    }]
  }
}