{
  "resourceType" : "ValueSet",
  "id" : "HaemoglobinTransf4",
  "text" : {
    "status" : "extensions",
    "div" : "<div xmlns=\"http://www.w3.org/1999/xhtml\"><p class=\"res-header-id\"><b>Generated Narrative: ValueSet HaemoglobinTransf4</b></p><a name=\"HaemoglobinTransf4\"> </a><a name=\"hcHaemoglobinTransf4\"> </a><a name=\"HaemoglobinTransf4-en-US\"> </a><ul><li>Include these codes as defined in <a href=\"CodeSystem-HaemoglobinTransf4.html\"><code>https://kip.rkkp.dk/fhir/CodeSystem/HaemoglobinTransf4</code></a><table class=\"none\"><tr><td style=\"white-space:nowrap\"><b>Code</b></td><td><b>Display</b></td><td><b>Definition</b></td></tr><tr><td><a href=\"CodeSystem-HaemoglobinTransf4.html#HaemoglobinTransf4-hgb_trfGE56\">hgb_trfGE56</a></td><td>=&gt;5,6 mmol/L</td><td>=&gt;5,6 mmol/L</td></tr><tr><td><a href=\"CodeSystem-HaemoglobinTransf4.html#HaemoglobinTransf4-hgb_trfGE43\">hgb_trfGE43</a></td><td>=&gt;4,3 mmol/L og &lt;5,6 mmol/L</td><td>=&gt;4,3 mmol/L og &lt;5,6 mmol/L</td></tr><tr><td><a href=\"CodeSystem-HaemoglobinTransf4.html#HaemoglobinTransf4-hgb_trfLT43\">hgb_trfLT43</a></td><td>&lt;4,3 mmol/L</td><td>&lt;4,3 mmol/L</td></tr><tr><td><a href=\"CodeSystem-HaemoglobinTransf4.html#HaemoglobinTransf4-hgb_novalue\">hgb_novalue</a></td><td>Ikke målt</td><td>Ikke målt</td></tr></table></li></ul></div>"
  },
  "url" : "https://kip.rkkp.dk/fhir/ValueSet/HaemoglobinTransf4",
  "version" : "0.1.8",
  "name" : "HaemoglobinTransf4",
  "title" : "HGBTransfusion4",
  "status" : "active",
  "experimental" : true,
  "date" : "2022-05-16T00:00:00+02:00",
  "publisher" : "Sundhedsvæsnets Kvalistetsinstitut with Trifork Digital Health A/S",
  "contact" : [{
    "name" : "Sundhedsvæsnets Kvalistetsinstitut with Trifork Digital Health A/S",
    "telecom" : [{
      "system" : "url",
      "value" : "https://trifork.com"
    },
    {
      "system" : "email",
      "value" : "rbk@trifork.com"
    }]
  }],
  "description" : "Hæmoglobinværdi før blodtransfusion - 4 valg",
  "compose" : {
    "include" : [{
      "system" : "https://kip.rkkp.dk/fhir/CodeSystem/HaemoglobinTransf4",
      "concept" : [{
        "code" : "hgb_trfGE56",
        "display" : "=>5,6 mmol/L"
      },
      {
        "code" : "hgb_trfGE43",
        "display" : "=>4,3 mmol/L og <5,6 mmol/L"
      },
      {
        "code" : "hgb_trfLT43",
        "display" : "<4,3 mmol/L"
      },
      {
        "code" : "hgb_novalue",
        "display" : "Ikke målt"
      }]
    }]
  }
}