{
  "resourceType" : "ValueSet",
  "id" : "LokalisationEsophagusDEGC",
  "text" : {
    "status" : "extensions",
    "div" : "<div xmlns=\"http://www.w3.org/1999/xhtml\"><p class=\"res-header-id\"><b>Generated Narrative: ValueSet LokalisationEsophagusDEGC</b></p><a name=\"LokalisationEsophagusDEGC\"> </a><a name=\"hcLokalisationEsophagusDEGC\"> </a><a name=\"LokalisationEsophagusDEGC-en-US\"> </a><ul><li>Include these codes as defined in <a href=\"CodeSystem-EsophagealLokalization.html\"><code>https://kip.rkkp.dk/fhir/CodeSystem/EsophagealLokalization</code></a><table class=\"none\"><tr><td style=\"white-space:nowrap\"><b>Code</b></td><td><b>Display</b></td><td><b>Definition</b></td></tr><tr><td><a href=\"CodeSystem-EsophagealLokalization.html#EsophagealLokalization-upper\">upper</a></td><td>Øverste tredjedel</td><td>Øverste tredjedel</td></tr><tr><td><a href=\"CodeSystem-EsophagealLokalization.html#EsophagealLokalization-middle\">middle</a></td><td>Midterste tredjedel</td><td>Midterste tredjedel</td></tr><tr><td><a href=\"CodeSystem-EsophagealLokalization.html#EsophagealLokalization-lower\">lower</a></td><td>Nederste tredjedel</td><td>Nederste tredjedel</td></tr></table></li></ul></div>"
  },
  "url" : "https://kip.rkkp.dk/fhir/ValueSet/LokalisationEsophagusDEGC",
  "version" : "2.9.1",
  "name" : "LokalisationEsophagusDEGC",
  "title" : "Lokalisation",
  "status" : "active",
  "experimental" : true,
  "date" : "2022-06-08T00:00:00+02:00",
  "publisher" : "Sundhedsvæsnets Kvalistetsinstitut with Trifork Digital Health A/S",
  "contact" : [{
    "name" : "Sundhedsvæsnets Kvalistetsinstitut with Trifork Digital Health A/S",
    "telecom" : [{
      "system" : "url",
      "value" : "https://trifork.com"
    },
    {
      "system" : "email",
      "value" : "rbk@trifork.com"
    }]
  }],
  "description" : "Lokalisation af cancer i esophagus [DEGC]",
  "compose" : {
    "include" : [{
      "system" : "https://kip.rkkp.dk/fhir/CodeSystem/EsophagealLokalization",
      "concept" : [{
        "code" : "upper",
        "display" : "Øverste tredjedel"
      },
      {
        "code" : "middle",
        "display" : "Midterste tredjedel"
      },
      {
        "code" : "lower",
        "display" : "Nederste tredjedel"
      }]
    }]
  }
}