{
  "resourceType" : "ValueSet",
  "id" : "DonorRelationship",
  "text" : {
    "status" : "extensions",
    "div" : "<div xmlns=\"http://www.w3.org/1999/xhtml\"><p class=\"res-header-id\"><b>Generated Narrative: ValueSet DonorRelationship</b></p><a name=\"DonorRelationship\"> </a><a name=\"hcDonorRelationship\"> </a><a name=\"DonorRelationship-en-US\"> </a><p>This value set includes codes based on the following rules:</p><ul><li>Include these codes as defined in <a href=\"CodeSystem-SNOMEDCT.html\"><code>https://kip.rkkp.dk/fhir/CodeSystem/SNOMEDCT</code></a><table class=\"none\"><tr><td style=\"white-space:nowrap\"><b>Code</b></td><td><b>Display</b></td><td><b>Definition</b></td></tr><tr><td><a href=\"CodeSystem-SNOMEDCT.html#SNOMEDCT-303071001\">303071001</a></td><td>Familiedonor</td><td>Person in the family</td></tr><tr><td><a href=\"CodeSystem-SNOMEDCT.html#SNOMEDCT-11286003\">11286003</a></td><td>Tvilling</td><td>Tvilling</td></tr><tr><td><a href=\"CodeSystem-SNOMEDCT.html#SNOMEDCT-394863008\">394863008</a></td><td>Ubeslægtet</td><td>Non-family member</td></tr></table></li><li>Include these codes as defined in <a href=\"http://terminology.hl7.org/3.1.0/CodeSystem-v2-0532.html\"><code>http://terminology.hl7.org/CodeSystem/v2-0532</code></a><table class=\"none\"><tr><td style=\"white-space:nowrap\"><b>Code</b></td><td><b>Display</b></td><td><b>Definition</b></td></tr><tr><td><a href=\"http://terminology.hl7.org/3.1.0/CodeSystem-v2-0532.html#v2-0532-UNK\">UNK</a></td><td>Uvist</td><td>unknown</td></tr></table></li></ul></div>"
  },
  "url" : "https://kip.rkkp.dk/fhir/ValueSet/DonorRelationship",
  "version" : "2.9.1",
  "name" : "DonorRelationship",
  "title" : "Relationen til doner",
  "status" : "active",
  "experimental" : true,
  "date" : "2022-07-13T00:00:00+02:00",
  "publisher" : "Sundhedsvæsnets Kvalistetsinstitut with Trifork Digital Health A/S",
  "contact" : [{
    "name" : "Sundhedsvæsnets Kvalistetsinstitut with Trifork Digital Health A/S",
    "telecom" : [{
      "system" : "url",
      "value" : "https://trifork.com"
    },
    {
      "system" : "email",
      "value" : "rbk@trifork.com"
    }]
  }],
  "description" : "Familie relation til donor",
  "compose" : {
    "include" : [{
      "system" : "https://kip.rkkp.dk/fhir/CodeSystem/SNOMEDCT",
      "concept" : [{
        "code" : "303071001",
        "display" : "Familiedonor"
      },
      {
        "code" : "11286003",
        "display" : "Tvilling"
      },
      {
        "code" : "394863008",
        "display" : "Ubeslægtet"
      }]
    },
    {
      "system" : "http://terminology.hl7.org/CodeSystem/v2-0532",
      "concept" : [{
        "code" : "UNK",
        "display" : "Uvist"
      }]
    }]
  }
}