{
  "resourceType" : "ValueSet",
  "id" : "HarrisHipScoreSkoStroemper",
  "text" : {
    "status" : "extensions",
    "div" : "<div xmlns=\"http://www.w3.org/1999/xhtml\"><p class=\"res-header-id\"><b>Generated Narrative: ValueSet HarrisHipScoreSkoStroemper</b></p><a name=\"HarrisHipScoreSkoStroemper\"> </a><a name=\"hcHarrisHipScoreSkoStroemper\"> </a><a name=\"HarrisHipScoreSkoStroemper-en-US\"> </a><ul><li>Include these codes as defined in <a href=\"CodeSystem-HarrisHipScoreShoesSocks.html\"><code>https://kip.rkkp.dk/fhir/CodeSystem/HarrisHipScoreShoesSocks</code></a><table class=\"none\"><tr><td style=\"white-space:nowrap\"><b>Code</b></td><td><b>Display</b></td><td><b>Definition</b></td></tr><tr><td><a href=\"CodeSystem-HarrisHipScoreShoesSocks.html#HarrisHipScoreShoesSocks-4\">4</a></td><td>Uden besvær</td><td>With ease (4)</td></tr><tr><td><a href=\"CodeSystem-HarrisHipScoreShoesSocks.html#HarrisHipScoreShoesSocks-2\">2</a></td><td>Med besvær</td><td>With difficulty (2)</td></tr><tr><td><a href=\"CodeSystem-HarrisHipScoreShoesSocks.html#HarrisHipScoreShoesSocks-0\">0</a></td><td>Kan ikke</td><td>Unable to fit or tie (0)</td></tr></table></li></ul></div>"
  },
  "url" : "https://kip.rkkp.dk/fhir/ValueSet/HarrisHipScoreSkoStroemper",
  "version" : "2.9.0",
  "name" : "HarrisHipScoreSkoStroemper",
  "title" : "Harris Hip Score - Sko og strømer",
  "status" : "active",
  "experimental" : true,
  "date" : "2022-11-15T00:00:00+02:00",
  "publisher" : "Sundhedsvæsnets Kvalistetsinstitut with Trifork Digital Health A/S",
  "contact" : [{
    "name" : "Sundhedsvæsnets Kvalistetsinstitut with Trifork Digital Health A/S",
    "telecom" : [{
      "system" : "url",
      "value" : "https://trifork.com"
    },
    {
      "system" : "email",
      "value" : "rbk@trifork.com"
    }]
  }],
  "description" : "Harris Hip Score - Sko og strømer",
  "compose" : {
    "include" : [{
      "system" : "https://kip.rkkp.dk/fhir/CodeSystem/HarrisHipScoreShoesSocks",
      "concept" : [{
        "code" : "4",
        "display" : "Uden besvær"
      },
      {
        "code" : "2",
        "display" : "Med besvær"
      },
      {
        "code" : "0",
        "display" : "Kan ikke"
      }]
    }]
  }
}