{
  "resourceType" : "ValueSet",
  "id" : "PlasmaDiagnose202412",
  "text" : {
    "status" : "extensions",
    "div" : "<div xmlns=\"http://www.w3.org/1999/xhtml\"><p class=\"res-header-id\"><b>Generated Narrative: ValueSet PlasmaDiagnose202412</b></p><a name=\"PlasmaDiagnose202412\"> </a><a name=\"hcPlasmaDiagnose202412\"> </a><a name=\"PlasmaDiagnose202412-en-US\"> </a><ul><li>Include these codes as defined in <a href=\"CodeSystem-DiseasesUnspecified.html\"><code>https://kip.rkkp.dk/fhir/CodeSystem/DiseasesUnspecified</code></a><table class=\"none\"><tr><td style=\"white-space:nowrap\"><b>Code</b></td><td><b>Display</b></td><td><b>Definition</b></td></tr><tr><td><a href=\"CodeSystem-DiseasesUnspecified.html#DiseasesUnspecified-smouldering_mm\">smouldering_mm</a></td><td>Smouldering MM</td><td>Smouldering MM</td></tr><tr><td><a href=\"CodeSystem-DiseasesUnspecified.html#DiseasesUnspecified-myelomatosis\">myelomatosis</a></td><td>Myelomatose</td><td>Myelomatosis / Myelomatose</td></tr><tr><td><a href=\"CodeSystem-DiseasesUnspecified.html#DiseasesUnspecified-solitary_myelom_osseus\">solitary_myelom_osseus</a></td><td>Solitært myelom (ossøst)</td><td>Solitary myelom (osseus) / Solitært myelom (ossøst)</td></tr><tr><td><a href=\"CodeSystem-DiseasesUnspecified.html#DiseasesUnspecified-solitary_myelom_extra_osseus\">solitary_myelom_extra_osseus</a></td><td>Solitært myelom (ekstraossøst)</td><td>Solitary myelom (extra osseus) / Solitært myelom (ekstraossøst)</td></tr><tr><td><a href=\"CodeSystem-DiseasesUnspecified.html#DiseasesUnspecified-plasma_cell_leukemia\">plasma_cell_leukemia</a></td><td>Plasmacelleleukæmi</td><td>Plasma cell leukemia / Plasmacelleleukæmi</td></tr><tr><td><a href=\"CodeSystem-DiseasesUnspecified.html#DiseasesUnspecified-ZM973A3\">ZM973A3</a></td><td>POEMS</td><td>Osteosklerotisk myelom (POEMS syndrom)</td></tr></table></li></ul></div>"
  },
  "url" : "https://kip.rkkp.dk/fhir/ValueSet/PlasmaDiagnose202412",
  "version" : "2.9.3",
  "name" : "PlasmaDiagnose202412",
  "title" : "Plasma Analyse - kræft diagnose 202412",
  "status" : "active",
  "experimental" : true,
  "date" : "2024-11-29T00:00:00+02:00",
  "publisher" : "Sundhedsvæsenets Kvalitetsinstitut with Trifork Digital Health A/S",
  "contact" : [{
    "name" : "Sundhedsvæsenets Kvalitetsinstitut with Trifork Digital Health A/S",
    "telecom" : [{
      "system" : "url",
      "value" : "https://trifork.com"
    },
    {
      "system" : "email",
      "value" : "rbk@trifork.com"
    }]
  }],
  "description" : "Plasma analyse - kræft diagnose kriterier [DAMYDA]",
  "compose" : {
    "include" : [{
      "system" : "https://kip.rkkp.dk/fhir/CodeSystem/DiseasesUnspecified",
      "concept" : [{
        "code" : "smouldering_mm",
        "display" : "Smouldering MM"
      },
      {
        "code" : "myelomatosis",
        "display" : "Myelomatose"
      },
      {
        "code" : "solitary_myelom_osseus",
        "display" : "Solitært myelom (ossøst)"
      },
      {
        "code" : "solitary_myelom_extra_osseus",
        "display" : "Solitært myelom (ekstraossøst)"
      },
      {
        "code" : "plasma_cell_leukemia",
        "display" : "Plasmacelleleukæmi"
      },
      {
        "code" : "ZM973A3",
        "display" : "POEMS"
      }]
    }]
  }
}