{
  "resourceType" : "ValueSet",
  "id" : "RevisionIndikationDSR",
  "text" : {
    "status" : "extensions",
    "div" : "<div xmlns=\"http://www.w3.org/1999/xhtml\"><p class=\"res-header-id\"><b>Generated Narrative: ValueSet RevisionIndikationDSR</b></p><a name=\"RevisionIndikationDSR\"> </a><a name=\"hcRevisionIndikationDSR\"> </a><a name=\"RevisionIndikationDSR-en-US\"> </a><p>This value set includes codes based on the following rules:</p><ul><li>Include these codes as defined in <a href=\"CodeSystem-RevisionIndication.html\"><code>https://kip.rkkp.dk/fhir/CodeSystem/RevisionIndication</code></a><table class=\"none\"><tr><td style=\"white-space:nowrap\"><b>Code</b></td><td><b>Display</b></td><td><b>Definition</b></td></tr><tr><td><a href=\"CodeSystem-RevisionIndication.html#RevisionIndication-aseptic_solution\">aseptic_solution</a></td><td>Aseptisk løsning</td><td>Aseptisk løsning</td></tr><tr><td><a href=\"CodeSystem-RevisionIndication.html#RevisionIndication-suspected_infection\">suspected_infection</a></td><td>Mistænkt eller manifest infektion</td><td>Mistænkt eller manifest infektion</td></tr><tr><td><a href=\"CodeSystem-RevisionIndication.html#RevisionIndication-instability\">instability</a></td><td>Instabilitet</td><td>Instabilitet</td></tr><tr><td><a href=\"CodeSystem-RevisionIndication.html#RevisionIndication-dislocation\">dislocation</a></td><td>Luksation</td><td>Luksation</td></tr><tr><td><a href=\"CodeSystem-RevisionIndication.html#RevisionIndication-rotator_cuff\">rotator_cuff</a></td><td>Rotator cuff ruptur / insufficiens</td><td>Rotator cuff ruptur / insufficiens</td></tr><tr><td><a href=\"CodeSystem-RevisionIndication.html#RevisionIndication-cavitas_erosion\">cavitas_erosion</a></td><td>Cavitas erosion</td><td>Cavitas erosion</td></tr><tr><td><a href=\"CodeSystem-RevisionIndication.html#RevisionIndication-prosthetic_joint_fracture\">prosthetic_joint_fracture</a></td><td>Protesenær fraktur</td><td>Protesenær fraktur</td></tr><tr><td><a href=\"CodeSystem-RevisionIndication.html#RevisionIndication-malplaced_component\">malplaced_component</a></td><td>Malplaceret komponent</td><td>Malplaceret komponent</td></tr><tr><td><a href=\"CodeSystem-RevisionIndication.html#RevisionIndication-implant_failure\">implant_failure</a></td><td>Implantat failure</td><td>Implantat failure</td></tr></table></li><li>Include these codes as defined in <a href=\"CodeSystem-GenericValues.html\"><code>https://kip.rkkp.dk/fhir/CodeSystem/GenericValues</code></a><table class=\"none\"><tr><td style=\"white-space:nowrap\"><b>Code</b></td><td><b>Display</b></td><td><b>Definition</b></td></tr><tr><td><a href=\"CodeSystem-GenericValues.html#GenericValues-other\">other</a></td><td>Anden</td><td>Other - used to choose unspecific value not in a valueset</td></tr></table></li></ul></div>"
  },
  "url" : "https://kip.rkkp.dk/fhir/ValueSet/RevisionIndikationDSR",
  "version" : "0.1.8",
  "name" : "RevisionIndikationDSR",
  "title" : "Revision, indikation (DSR)",
  "status" : "active",
  "experimental" : true,
  "date" : "2022-10-07T00:00:00+02:00",
  "publisher" : "Sundhedsvæsnets Kvalistetsinstitut with Trifork Digital Health A/S",
  "contact" : [{
    "name" : "Sundhedsvæsnets Kvalistetsinstitut with Trifork Digital Health A/S",
    "telecom" : [{
      "system" : "url",
      "value" : "https://trifork.com"
    },
    {
      "system" : "email",
      "value" : "rbk@trifork.com"
    }]
  }],
  "description" : "Revision, indikation (DSR)",
  "compose" : {
    "include" : [{
      "system" : "https://kip.rkkp.dk/fhir/CodeSystem/RevisionIndication",
      "concept" : [{
        "code" : "aseptic_solution",
        "display" : "Aseptisk løsning"
      },
      {
        "code" : "suspected_infection",
        "display" : "Mistænkt eller manifest infektion"
      },
      {
        "code" : "instability",
        "display" : "Instabilitet"
      },
      {
        "code" : "dislocation",
        "display" : "Luksation"
      },
      {
        "code" : "rotator_cuff",
        "display" : "Rotator cuff ruptur / insufficiens"
      },
      {
        "code" : "cavitas_erosion",
        "display" : "Cavitas erosion"
      },
      {
        "code" : "prosthetic_joint_fracture",
        "display" : "Protesenær fraktur"
      },
      {
        "code" : "malplaced_component",
        "display" : "Malplaceret komponent"
      },
      {
        "code" : "implant_failure",
        "display" : "Implantat failure"
      }]
    },
    {
      "system" : "https://kip.rkkp.dk/fhir/CodeSystem/GenericValues",
      "concept" : [{
        "code" : "other",
        "display" : "Anden"
      }]
    }]
  }
}