{
  "resourceType" : "ValueSet",
  "id" : "TransplantationTypeDHR",
  "text" : {
    "status" : "extensions",
    "div" : "<div xmlns=\"http://www.w3.org/1999/xhtml\"><p class=\"res-header-id\"><b>Generated Narrative: ValueSet TransplantationTypeDHR</b></p><a name=\"TransplantationTypeDHR\"> </a><a name=\"hcTransplantationTypeDHR\"> </a><a name=\"TransplantationTypeDHR-en-US\"> </a><p>This value set includes codes based on the following rules:</p><ul><li>Include these codes as defined in <a href=\"CodeSystem-SKS.html\"><code>https://kip.rkkp.dk/fhir/CodeSystem/SKS</code></a><table class=\"none\"><tr><td style=\"white-space:nowrap\"><b>Code</b></td><td><b>Display</b></td><td><b>Definition</b></td></tr><tr><td><a href=\"CodeSystem-SKS.html#SKS-BOQF0\">BOQF0</a></td><td>Autolog</td><td>BOQF0 - Autolog knoglemarvstransplantation</td></tr></table></li><li>Include these codes as defined in <a href=\"CodeSystem-GenericValues.html\"><code>https://kip.rkkp.dk/fhir/CodeSystem/GenericValues</code></a><table class=\"none\"><tr><td style=\"white-space:nowrap\"><b>Code</b></td><td><b>Display</b></td><td><b>Definition</b></td></tr><tr><td><a href=\"CodeSystem-GenericValues.html#GenericValues-heterologous\">heterologous</a></td><td>Heterolog</td><td>Heterologous / Heterolog / SNOMED-CT: 255346001</td></tr><tr><td><a href=\"CodeSystem-GenericValues.html#GenericValues-combined\">combined</a></td><td>Kombination</td><td>Combined / Kombineret / SNOMED-CT: 89780004</td></tr><tr><td><a href=\"CodeSystem-GenericValues.html#GenericValues-other\">other</a></td><td>Andet</td><td>Other - used to choose unspecific value not in a valueset</td></tr></table></li></ul></div>"
  },
  "url" : "https://kip.rkkp.dk/fhir/ValueSet/TransplantationTypeDHR",
  "version" : "0.1.8",
  "name" : "TransplantationTypeDHR",
  "title" : "Transplantation type (DHR)",
  "status" : "active",
  "experimental" : true,
  "date" : "2022-11-07T00:00:00+02:00",
  "publisher" : "Sundhedsvæsnets Kvalistetsinstitut with Trifork Digital Health A/S",
  "contact" : [{
    "name" : "Sundhedsvæsnets Kvalistetsinstitut with Trifork Digital Health A/S",
    "telecom" : [{
      "system" : "url",
      "value" : "https://trifork.com"
    },
    {
      "system" : "email",
      "value" : "rbk@trifork.com"
    }]
  }],
  "description" : "Transplantation type (DHR)",
  "compose" : {
    "include" : [{
      "system" : "https://kip.rkkp.dk/fhir/CodeSystem/SKS",
      "concept" : [{
        "code" : "BOQF0",
        "display" : "Autolog"
      }]
    },
    {
      "system" : "https://kip.rkkp.dk/fhir/CodeSystem/GenericValues",
      "concept" : [{
        "code" : "heterologous",
        "display" : "Heterolog"
      },
      {
        "code" : "combined",
        "display" : "Kombination"
      },
      {
        "code" : "other",
        "display" : "Andet"
      }]
    }]
  }
}