{
  "resourceType" : "ValueSet",
  "id" : "BenlaengdeDHR",
  "text" : {
    "status" : "extensions",
    "div" : "<div xmlns=\"http://www.w3.org/1999/xhtml\"><p class=\"res-header-id\"><b>Generated Narrative: ValueSet BenlaengdeDHR</b></p><a name=\"BenlaengdeDHR\"> </a><a name=\"hcBenlaengdeDHR\"> </a><a name=\"BenlaengdeDHR-en-US\"> </a><ul><li>Include these codes as defined in <a href=\"CodeSystem-Intervals.html\"><code>https://kip.rkkp.dk/fhir/CodeSystem/Intervals</code></a><table class=\"none\"><tr><td style=\"white-space:nowrap\"><b>Code</b></td><td><b>Display</b></td><td><b>Definition</b></td></tr><tr><td><a href=\"CodeSystem-Intervals.html#Intervals-.61.601\">=&lt;1</a></td><td>Lige lange +/- 1 cm</td><td>=&lt;1</td></tr><tr><td><a href=\"CodeSystem-Intervals.html#Intervals-1-2\">1-2</a></td><td>1-2 cm forskel</td><td>1-2</td></tr><tr><td><a href=\"CodeSystem-Intervals.html#Intervals-2-3\">2-3</a></td><td>2-3 cm forskel</td><td>2-3</td></tr><tr><td><a href=\"CodeSystem-Intervals.html#Intervals-.623\">&gt;3</a></td><td>&gt;3 cm</td><td>&gt;3</td></tr></table></li></ul></div>"
  },
  "url" : "https://kip.rkkp.dk/fhir/ValueSet/BenlaengdeDHR",
  "version" : "0.2.1",
  "name" : "BenlaengdeDHR",
  "title" : "Benlængde (DHR)",
  "status" : "active",
  "experimental" : true,
  "date" : "2022-11-15T00:00:00+02:00",
  "publisher" : "Sundhedsvæsnets Kvalistetsinstitut with Trifork Digital Health A/S",
  "contact" : [{
    "name" : "Sundhedsvæsnets Kvalistetsinstitut with Trifork Digital Health A/S",
    "telecom" : [{
      "system" : "url",
      "value" : "https://trifork.com"
    },
    {
      "system" : "email",
      "value" : "rbk@trifork.com"
    }]
  }],
  "description" : "Benlængde (DHR)",
  "compose" : {
    "include" : [{
      "system" : "https://kip.rkkp.dk/fhir/CodeSystem/Intervals",
      "concept" : [{
        "code" : "=<1",
        "display" : "Lige lange +/- 1 cm"
      },
      {
        "code" : "1-2",
        "display" : "1-2 cm forskel"
      },
      {
        "code" : "2-3",
        "display" : "2-3 cm forskel"
      },
      {
        "code" : ">3",
        "display" : ">3 cm"
      }]
    }]
  }
}