{
  "resourceType" : "ValueSet",
  "id" : "PaavirkningRETSPSYK",
  "text" : {
    "status" : "extensions",
    "div" : "<div xmlns=\"http://www.w3.org/1999/xhtml\"><p class=\"res-header-id\"><b>Generated Narrative: ValueSet PaavirkningRETSPSYK</b></p><a name=\"PaavirkningRETSPSYK\"> </a><a name=\"hcPaavirkningRETSPSYK\"> </a><a name=\"PaavirkningRETSPSYK-en-US\"> </a><p>This value set includes codes based on the following rules:</p><ul><li>Include these codes as defined in <a href=\"CodeSystem-AlchoholDrugs.html\"><code>https://kip.rkkp.dk/fhir/CodeSystem/AlchoholDrugs</code></a><table class=\"none\"><tr><td style=\"white-space:nowrap\"><b>Code</b></td><td><b>Display</b></td><td><b>Definition</b></td></tr><tr><td><a href=\"CodeSystem-AlchoholDrugs.html#AlchoholDrugs-alchohol\">alchohol</a></td><td>Alkohol</td><td>Alchohol / Alkohol</td></tr><tr><td><a href=\"CodeSystem-AlchoholDrugs.html#AlchoholDrugs-cannabis\">cannabis</a></td><td>Hash</td><td>Cannabis</td></tr><tr><td><a href=\"CodeSystem-AlchoholDrugs.html#AlchoholDrugs-central_stimulants\">central_stimulants</a></td><td>Centralstimulerende stoffer</td><td>Central stimulants / Centralstimulerende stoffer</td></tr><tr><td><a href=\"CodeSystem-AlchoholDrugs.html#AlchoholDrugs-opioids\">opioids</a></td><td>Opioider</td><td>Opioids / Opioider</td></tr><tr><td><a href=\"CodeSystem-AlchoholDrugs.html#AlchoholDrugs-benzodiazepines\">benzodiazepines</a></td><td>Benzodiazepiner</td><td>Benzodiazepines / Benzodiazepiner</td></tr></table></li><li>Include these codes as defined in <a href=\"CodeSystem-GenericValues.html\"><code>https://kip.rkkp.dk/fhir/CodeSystem/GenericValues</code></a><table class=\"none\"><tr><td style=\"white-space:nowrap\"><b>Code</b></td><td><b>Display</b></td><td><b>Definition</b></td></tr><tr><td><a href=\"CodeSystem-GenericValues.html#GenericValues-other\">other</a></td><td>Andet (anfør hvilke)</td><td>Other - used to choose unspecific value not in a valueset</td></tr></table></li></ul></div>"
  },
  "url" : "https://kip.rkkp.dk/fhir/ValueSet/PaavirkningRETSPSYK",
  "version" : "2.9.3",
  "name" : "PaavirkningRETSPSYK",
  "title" : "Påvirkning (RETSPSYK)",
  "status" : "active",
  "experimental" : true,
  "date" : "2022-09-30T00:00:00+02:00",
  "publisher" : "Sundhedsvæsenets Kvalitetsinstitut with Trifork Digital Health A/S",
  "contact" : [{
    "name" : "Sundhedsvæsenets Kvalitetsinstitut with Trifork Digital Health A/S",
    "telecom" : [{
      "system" : "url",
      "value" : "https://trifork.com"
    },
    {
      "system" : "email",
      "value" : "rbk@trifork.com"
    }]
  }],
  "description" : "Påvirkning (RETSPSYK)",
  "compose" : {
    "include" : [{
      "system" : "https://kip.rkkp.dk/fhir/CodeSystem/AlchoholDrugs",
      "concept" : [{
        "code" : "alchohol",
        "display" : "Alkohol"
      },
      {
        "code" : "cannabis",
        "display" : "Hash"
      },
      {
        "code" : "central_stimulants",
        "display" : "Centralstimulerende stoffer"
      },
      {
        "code" : "opioids",
        "display" : "Opioider"
      },
      {
        "code" : "benzodiazepines",
        "display" : "Benzodiazepiner"
      }]
    },
    {
      "system" : "https://kip.rkkp.dk/fhir/CodeSystem/GenericValues",
      "concept" : [{
        "code" : "other",
        "display" : "Andet (anfør hvilke)"
      }]
    }]
  }
}