{
  "resourceType" : "ValueSet",
  "id" : "AKFravalgt",
  "text" : {
    "status" : "extensions",
    "div" : "<div xmlns=\"http://www.w3.org/1999/xhtml\"><p class=\"res-header-id\"><b>Generated Narrative: ValueSet AKFravalgt</b></p><a name=\"AKFravalgt\"> </a><a name=\"hcAKFravalgt\"> </a><a name=\"AKFravalgt-en-US\"> </a><p>This value set includes codes based on the following rules:</p><ul><li>Include these codes as defined in <a href=\"CodeSystem-ACTherapyNotGiven.html\"><code>https://kip.rkkp.dk/fhir/CodeSystem/ACTherapyNotGiven</code></a><table class=\"none\"><tr><td style=\"white-space:nowrap\"><b>Code</b></td><td><b>Display</b></td><td><b>Definition</b></td></tr><tr><td><a href=\"CodeSystem-ACTherapyNotGiven.html#ACTherapyNotGiven-activebleeding\">activebleeding</a></td><td>Aktiv blødning</td><td>Aktiv blødning</td></tr><tr><td><a href=\"CodeSystem-ACTherapyNotGiven.html#ACTherapyNotGiven-intracerebralhaemorrhage\">intracerebralhaemorrhage</a></td><td>Nylig intracerebral blødning</td><td>Nylig intracerebral blødning</td></tr><tr><td><a href=\"CodeSystem-ACTherapyNotGiven.html#ACTherapyNotGiven-hypertension\">hypertension</a></td><td>Ukontrolleret hypertension (≥160 mmHg)</td><td>Ukontrolleret hypertension (≥160 mmHg)</td></tr><tr><td><a href=\"CodeSystem-ACTherapyNotGiven.html#ACTherapyNotGiven-diathesis\">diathesis</a></td><td>Hæmoragisk diatese</td><td>Hæmoragisk diatese</td></tr><tr><td><a href=\"CodeSystem-ACTherapyNotGiven.html#ACTherapyNotGiven-othertreatment\">othertreatment</a></td><td>Anden behandling (aurikellukning, LMWH i terapeutiske doser)</td><td>Anden behandling (aurikellukning, LMWH i terapeutiske doser)</td></tr><tr><td><a href=\"CodeSystem-ACTherapyNotGiven.html#ACTherapyNotGiven-dementia\">dementia</a></td><td>Svær demens</td><td>Svær demens</td></tr><tr><td><a href=\"CodeSystem-ACTherapyNotGiven.html#ACTherapyNotGiven-reducedfunctionlevel\">reducedfunctionlevel</a></td><td>Betydelig reduceret funktionsniveau (mRS ≥4)</td><td>Betydelig reduceret funktionsniveau (mRS ≥4)</td></tr><tr><td><a href=\"CodeSystem-ACTherapyNotGiven.html#ACTherapyNotGiven-lifespanbelow3months\">lifespanbelow3months</a></td><td>Forventet livslængde under 3 måneder</td><td>Forventet livslængde under 3 måneder</td></tr><tr><td><a href=\"CodeSystem-ACTherapyNotGiven.html#ACTherapyNotGiven-nopatientconsent\">nopatientconsent</a></td><td>Manglende patientsamtykke</td><td>Manglende patientsamtykke</td></tr></table></li><li>Include these codes as defined in <a href=\"CodeSystem-GenericValues.html\"><code>https://kip.rkkp.dk/fhir/CodeSystem/GenericValues</code></a><table class=\"none\"><tr><td style=\"white-space:nowrap\"><b>Code</b></td><td><b>Display</b></td><td><b>Definition</b></td></tr><tr><td><a href=\"CodeSystem-GenericValues.html#GenericValues-other\">other</a></td><td>Anden årsag</td><td>Other - used to choose unspecific value not in a valueset</td></tr></table></li></ul></div>"
  },
  "url" : "https://kip.rkkp.dk/fhir/ValueSet/AKFravalgt",
  "version" : "0.2.1",
  "name" : "AKFravalgt",
  "title" : "Fravalg af antikoagulationsbehandling; årsag",
  "status" : "active",
  "experimental" : true,
  "date" : "2022-06-23T00:00:00+02:00",
  "publisher" : "Sundhedsvæsnets Kvalistetsinstitut with Trifork Digital Health A/S",
  "contact" : [{
    "name" : "Sundhedsvæsnets Kvalistetsinstitut with Trifork Digital Health A/S",
    "telecom" : [{
      "system" : "url",
      "value" : "https://trifork.com"
    },
    {
      "system" : "email",
      "value" : "rbk@trifork.com"
    }]
  }],
  "description" : "Årsagen til hvorfor antikoagulationsbehandling er fravalgt",
  "compose" : {
    "include" : [{
      "system" : "https://kip.rkkp.dk/fhir/CodeSystem/ACTherapyNotGiven",
      "concept" : [{
        "code" : "activebleeding",
        "display" : "Aktiv blødning"
      },
      {
        "code" : "intracerebralhaemorrhage",
        "display" : "Nylig intracerebral blødning"
      },
      {
        "code" : "hypertension",
        "display" : "Ukontrolleret hypertension (≥160 mmHg)"
      },
      {
        "code" : "diathesis",
        "display" : "Hæmoragisk diatese"
      },
      {
        "code" : "othertreatment",
        "display" : "Anden behandling (aurikellukning, LMWH i terapeutiske doser)"
      },
      {
        "code" : "dementia",
        "display" : "Svær demens"
      },
      {
        "code" : "reducedfunctionlevel",
        "display" : "Betydelig reduceret funktionsniveau (mRS ≥4)"
      },
      {
        "code" : "lifespanbelow3months",
        "display" : "Forventet livslængde under 3 måneder"
      },
      {
        "code" : "nopatientconsent",
        "display" : "Manglende patientsamtykke"
      }]
    },
    {
      "system" : "https://kip.rkkp.dk/fhir/CodeSystem/GenericValues",
      "concept" : [{
        "code" : "other",
        "display" : "Anden årsag"
      }]
    }]
  }
}