{
  "resourceType" : "ValueSet",
  "id" : "KomplikationerPeroperativeDHR",
  "text" : {
    "status" : "extensions",
    "div" : "<div xmlns=\"http://www.w3.org/1999/xhtml\"><p class=\"res-header-id\"><b>Generated Narrative: ValueSet KomplikationerPeroperativeDHR</b></p><a name=\"KomplikationerPeroperativeDHR\"> </a><a name=\"hcKomplikationerPeroperativeDHR\"> </a><a name=\"KomplikationerPeroperativeDHR-en-US\"> </a><ul><li>Include these codes as defined in <a href=\"CodeSystem-GenericValues.html\"><code>https://kip.sundk.dk/fhir/CodeSystem/GenericValues</code></a><table class=\"none\"><tr><td style=\"white-space:nowrap\"><b>Code</b></td><td><b>Display</b></td><td><b>Definition</b></td></tr><tr><td><a href=\"CodeSystem-GenericValues.html#GenericValues-none\">none</a></td><td>Ingen</td><td>None - used to choose none of the available values</td></tr><tr><td><a href=\"CodeSystem-GenericValues.html#GenericValues-fracture\">fracture</a></td><td>Fraktur </td><td>Fracture</td></tr><tr><td><a href=\"CodeSystem-GenericValues.html#GenericValues-other\">other</a></td><td>Andet</td><td>Other - used to choose unspecific value not in a valueset</td></tr></table></li></ul></div>"
  },
  "url" : "https://kip.sundk.dk/fhir/ValueSet/KomplikationerPeroperativeDHR",
  "version" : "0.0.9",
  "name" : "KomplikationerPeroperativeDHR",
  "title" : "Komplikationer, peroperative (DHR)",
  "status" : "active",
  "experimental" : true,
  "date" : "2022-11-07T00:00:00+02:00",
  "publisher" : "Sundhedsvæsnets Kvalistetsinstitut with Trifork Public A/S",
  "contact" : [{
    "name" : "Sundhedsvæsnets Kvalistetsinstitut with Trifork Public A/S",
    "telecom" : [{
      "system" : "url",
      "value" : "https://trifork.com"
    },
    {
      "system" : "email",
      "value" : "rbk@trifork.com"
    }]
  }],
  "description" : "Komplikationer, peroperative (DHR)",
  "compose" : {
    "include" : [{
      "system" : "https://kip.sundk.dk/fhir/CodeSystem/GenericValues",
      "concept" : [{
        "code" : "none",
        "display" : "Ingen"
      },
      {
        "code" : "fracture",
        "display" : "Fraktur "
      },
      {
        "code" : "other",
        "display" : "Andet"
      }]
    }]
  }
}