{
  "resourceType" : "ValueSet",
  "id" : "LinerCrosslinkedDHR",
  "text" : {
    "status" : "extensions",
    "div" : "<div xmlns=\"http://www.w3.org/1999/xhtml\"><p class=\"res-header-id\"><b>Generated Narrative: ValueSet LinerCrosslinkedDHR</b></p><a name=\"LinerCrosslinkedDHR\"> </a><a name=\"hcLinerCrosslinkedDHR\"> </a><a name=\"LinerCrosslinkedDHR-en-US\"> </a><ul><li>Include these codes as defined in <a href=\"CodeSystem-ImplantComponents.html\"><code>https://kip.sundk.dk/fhir/CodeSystem/ImplantComponents</code></a><table class=\"none\"><tr><td style=\"white-space:nowrap\"><b>Code</b></td><td><b>Display</b></td><td><b>Definition</b></td></tr><tr><td><a href=\"CodeSystem-ImplantComponents.html#ImplantComponents-non_highy_crosslinked\">non_highy_crosslinked</a></td><td>Ikke highly-crosslinked</td><td>Ikke highly-crosslinked</td></tr><tr><td><a href=\"CodeSystem-ImplantComponents.html#ImplantComponents-highly_crosslinked\">highly_crosslinked</a></td><td>Highly crosslinked</td><td>Highly crosslinked</td></tr><tr><td><a href=\"CodeSystem-ImplantComponents.html#ImplantComponents-highly_crosslinked_antioxidant\">highly_crosslinked_antioxidant</a></td><td>Highly crosslinked med antioxidant (Vitamin E og AOX)</td><td>Highly crosslinked med antioxidant (Vitamin E og AOX)</td></tr></table></li></ul></div>"
  },
  "url" : "https://kip.sundk.dk/fhir/ValueSet/LinerCrosslinkedDHR",
  "version" : "0.0.9",
  "name" : "LinerCrosslinkedDHR",
  "title" : "Liner - Crosslinked (DHR)",
  "status" : "active",
  "experimental" : true,
  "date" : "2022-11-08T00:00:00+02:00",
  "publisher" : "Sundhedsvæsnets Kvalistetsinstitut with Trifork Public A/S",
  "contact" : [{
    "name" : "Sundhedsvæsnets Kvalistetsinstitut with Trifork Public A/S",
    "telecom" : [{
      "system" : "url",
      "value" : "https://trifork.com"
    },
    {
      "system" : "email",
      "value" : "rbk@trifork.com"
    }]
  }],
  "description" : "Liner - Crosslinked (DHR)",
  "compose" : {
    "include" : [{
      "system" : "https://kip.sundk.dk/fhir/CodeSystem/ImplantComponents",
      "concept" : [{
        "code" : "non_highy_crosslinked",
        "display" : "Ikke highly-crosslinked"
      },
      {
        "code" : "highly_crosslinked",
        "display" : "Highly crosslinked"
      },
      {
        "code" : "highly_crosslinked_antioxidant",
        "display" : "Highly crosslinked med antioxidant (Vitamin E og AOX)"
      }]
    }]
  }
}