{
  "resourceType" : "ValueSet",
  "id" : "ECOG",
  "text" : {
    "status" : "extensions",
    "div" : "<div xmlns=\"http://www.w3.org/1999/xhtml\"><p class=\"res-header-id\"><b>Generated Narrative: ValueSet ECOG</b></p><a name=\"ECOG\"> </a><a name=\"hcECOG\"> </a><a name=\"ECOG-en-US\"> </a><ul><li>Include these codes as defined in <a href=\"CodeSystem-PerformanceStatusScore.html\"><code>https://kip.rkkp.dk/fhir/CodeSystem/PerformanceStatusScore</code></a><table class=\"none\"><tr><td style=\"white-space:nowrap\"><b>Code</b></td><td><b>Display</b></td><td><b>Definition</b></td></tr><tr><td><a href=\"CodeSystem-PerformanceStatusScore.html#PerformanceStatusScore-grade_0\">grade_0</a></td><td>0: Ingen symptomer</td><td>Fully active, able to carry on all pre-disease performance without restriction</td></tr><tr><td><a href=\"CodeSystem-PerformanceStatusScore.html#PerformanceStatusScore-grade_1\">grade_1</a></td><td>1: Klarer ikke svær fysisk aktivitet</td><td>Restricted in physically strenuous activity but ambulatory and able to carry out work of a light or sedentary nature, e.g., light house work, office work</td></tr><tr><td><a href=\"CodeSystem-PerformanceStatusScore.html#PerformanceStatusScore-grade_2\">grade_2</a></td><td>2: Klarer ikke moderat fysisk aktivitet</td><td>Ambulatory and capable of all selfcare but unable to carry out any work activities; up and about more than 50% of waking hours</td></tr><tr><td><a href=\"CodeSystem-PerformanceStatusScore.html#PerformanceStatusScore-grade_3\">grade_3</a></td><td>3: Klarer ikke let fysisk aktivitet</td><td>Capable of only limited selfcare; confined to bed or chair more than 50% of waking hours</td></tr><tr><td><a href=\"CodeSystem-PerformanceStatusScore.html#PerformanceStatusScore-grade_4\">grade_4</a></td><td>4: Sengeliggende</td><td>Completely disabled; cannot carry on any selfcare; totally confined to bed or chair</td></tr><tr><td><a href=\"CodeSystem-PerformanceStatusScore.html#PerformanceStatusScore-grade_5\">grade_5</a></td><td>5: Død</td><td>Dead</td></tr></table></li></ul></div>"
  },
  "url" : "https://kip.rkkp.dk/fhir/ValueSet/ECOG",
  "version" : "0.1.6",
  "name" : "ECOG",
  "title" : "ECOG Performance Status Scale",
  "status" : "active",
  "experimental" : true,
  "date" : "2022-06-08T00:00:00+02:00",
  "publisher" : "Sundhedsvæsnets Kvalistetsinstitut with Trifork Digital Health A/S",
  "contact" : [{
    "name" : "Sundhedsvæsnets Kvalistetsinstitut with Trifork Digital Health A/S",
    "telecom" : [{
      "system" : "url",
      "value" : "https://trifork.com"
    },
    {
      "system" : "email",
      "value" : "rbk@trifork.com"
    }]
  }],
  "description" : "Valueset for ECOG skalaen",
  "compose" : {
    "include" : [{
      "system" : "https://kip.rkkp.dk/fhir/CodeSystem/PerformanceStatusScore",
      "concept" : [{
        "code" : "grade_0",
        "display" : "0: Ingen symptomer"
      },
      {
        "code" : "grade_1",
        "display" : "1: Klarer ikke svær fysisk aktivitet"
      },
      {
        "code" : "grade_2",
        "display" : "2: Klarer ikke moderat fysisk aktivitet"
      },
      {
        "code" : "grade_3",
        "display" : "3: Klarer ikke let fysisk aktivitet"
      },
      {
        "code" : "grade_4",
        "display" : "4: Sengeliggende"
      },
      {
        "code" : "grade_5",
        "display" : "5: Død"
      }]
    }]
  }
}