{
  "resourceType" : "ValueSet",
  "id" : "TreatmentResponseEvaluationLYFO",
  "text" : {
    "status" : "extensions",
    "div" : "<div xmlns=\"http://www.w3.org/1999/xhtml\"><p class=\"res-header-id\"><b>Generated Narrative: ValueSet TreatmentResponseEvaluationLYFO</b></p><a name=\"TreatmentResponseEvaluationLYFO\"> </a><a name=\"hcTreatmentResponseEvaluationLYFO\"> </a><a name=\"TreatmentResponseEvaluationLYFO-en-US\"> </a><ul><li>Include these codes as defined in <a href=\"CodeSystem-TreatmentResponseEvaluation.html\"><code>https://kip.rkkp.dk/fhir/CodeSystem/TreatmentResponseEvaluation</code></a><table class=\"none\"><tr><td style=\"white-space:nowrap\"><b>Code</b></td><td><b>Display</b></td><td><b>Definition</b></td></tr><tr><td><a href=\"CodeSystem-TreatmentResponseEvaluation.html#TreatmentResponseEvaluation-complete_remission\">complete_remission</a></td><td>Komplet remission (CR)</td><td>Complete remission (CR)</td></tr><tr><td><a href=\"CodeSystem-TreatmentResponseEvaluation.html#TreatmentResponseEvaluation-uncertain_complete_remission\">uncertain_complete_remission</a></td><td>Usikker komplet remission (CRu)</td><td>Uncertain complete remission (CRu)</td></tr><tr><td><a href=\"CodeSystem-TreatmentResponseEvaluation.html#TreatmentResponseEvaluation-partial_remission\">partial_remission</a></td><td>Partiel remission (PR)</td><td>Partial remission (PR)</td></tr><tr><td><a href=\"CodeSystem-TreatmentResponseEvaluation.html#TreatmentResponseEvaluation-stable_disease\">stable_disease</a></td><td>Stabil sygdom (SD/NC)</td><td>Stable disease (SD/NC)</td></tr><tr><td><a href=\"CodeSystem-TreatmentResponseEvaluation.html#TreatmentResponseEvaluation-progressive_disease\">progressive_disease</a></td><td>Progressiv sygdom (PD)</td><td>Progressive disease (PD)</td></tr></table></li></ul></div>"
  },
  "url" : "https://kip.rkkp.dk/fhir/ValueSet/TreatmentResponseEvaluationLYFO",
  "version" : "2.9.1",
  "name" : "TreatmentResponseEvaluationLYFO",
  "title" : "Treatment_Response_Evaluation_LYFO",
  "status" : "active",
  "experimental" : true,
  "date" : "2022-07-27T00:00:00+02:00",
  "publisher" : "Sundhedsvæsnets Kvalistetsinstitut with Trifork Digital Health A/S",
  "contact" : [{
    "name" : "Sundhedsvæsnets Kvalistetsinstitut with Trifork Digital Health A/S",
    "telecom" : [{
      "system" : "url",
      "value" : "https://trifork.com"
    },
    {
      "system" : "email",
      "value" : "rbk@trifork.com"
    }]
  }],
  "description" : "Indikation for kemoterapi/behandling - LYFO",
  "compose" : {
    "include" : [{
      "system" : "https://kip.rkkp.dk/fhir/CodeSystem/TreatmentResponseEvaluation",
      "concept" : [{
        "code" : "complete_remission",
        "display" : "Komplet remission (CR)"
      },
      {
        "code" : "uncertain_complete_remission",
        "display" : "Usikker komplet remission (CRu)"
      },
      {
        "code" : "partial_remission",
        "display" : "Partiel remission (PR)"
      },
      {
        "code" : "stable_disease",
        "display" : "Stabil sygdom (SD/NC)"
      },
      {
        "code" : "progressive_disease",
        "display" : "Progressiv sygdom (PD)"
      }]
    }]
  }
}