{
  "resourceType" : "ValueSet",
  "id" : "POPQCDDUGA",
  "text" : {
    "status" : "extensions",
    "div" : "<div xmlns=\"http://www.w3.org/1999/xhtml\"><p class=\"res-header-id\"><b>Generated Narrative: ValueSet POPQCDDUGA</b></p><a name=\"POPQCDDUGA\"> </a><a name=\"hcPOPQCDDUGA\"> </a><a name=\"POPQCDDUGA-en-US\"> </a><ul><li>Include these codes as defined in <a href=\"CodeSystem-IntervalsExact.html\"><code>https://kip.sundk.dk/fhir/CodeSystem/IntervalsExact</code></a><table class=\"none\"><tr><td style=\"white-space:nowrap\"><b>Code</b></td><td><b>Display</b></td><td><b>Definition</b></td></tr><tr><td><a href=\"CodeSystem-IntervalsExact.html#IntervalsExact-m10\">m10</a></td><td>-10</td><td>-10,0</td></tr><tr><td><a href=\"CodeSystem-IntervalsExact.html#IntervalsExact-m9-5\">m9-5</a></td><td>-9,5</td><td>-9,5</td></tr><tr><td><a href=\"CodeSystem-IntervalsExact.html#IntervalsExact-m9\">m9</a></td><td>-9</td><td>-9,0</td></tr><tr><td><a href=\"CodeSystem-IntervalsExact.html#IntervalsExact-m8-5\">m8-5</a></td><td>-8,5</td><td>-8,5</td></tr><tr><td><a href=\"CodeSystem-IntervalsExact.html#IntervalsExact-m8\">m8</a></td><td>-8</td><td>-8,0</td></tr><tr><td><a href=\"CodeSystem-IntervalsExact.html#IntervalsExact-m7-5\">m7-5</a></td><td>-7,5</td><td>-7,5</td></tr><tr><td><a href=\"CodeSystem-IntervalsExact.html#IntervalsExact-m7\">m7</a></td><td>-7</td><td>-7,0</td></tr><tr><td><a href=\"CodeSystem-IntervalsExact.html#IntervalsExact-m6-5\">m6-5</a></td><td>-6,5</td><td>-6,5</td></tr><tr><td><a href=\"CodeSystem-IntervalsExact.html#IntervalsExact-m6\">m6</a></td><td>-6</td><td>-6,0</td></tr><tr><td><a href=\"CodeSystem-IntervalsExact.html#IntervalsExact-m5-5\">m5-5</a></td><td>-5,5</td><td>-5,5</td></tr><tr><td><a href=\"CodeSystem-IntervalsExact.html#IntervalsExact-m5\">m5</a></td><td>-5</td><td>-5,0</td></tr><tr><td><a href=\"CodeSystem-IntervalsExact.html#IntervalsExact-m4-5\">m4-5</a></td><td>-4,5</td><td>-4,5</td></tr><tr><td><a href=\"CodeSystem-IntervalsExact.html#IntervalsExact-m4\">m4</a></td><td>-4</td><td>-4,0</td></tr><tr><td><a href=\"CodeSystem-IntervalsExact.html#IntervalsExact-m3-5\">m3-5</a></td><td>-3,5</td><td>-3,5</td></tr><tr><td><a href=\"CodeSystem-IntervalsExact.html#IntervalsExact-m3\">m3</a></td><td>-3</td><td>-3,0</td></tr><tr><td><a href=\"CodeSystem-IntervalsExact.html#IntervalsExact-m2-5\">m2-5</a></td><td>-2,5</td><td>-2,5</td></tr><tr><td><a href=\"CodeSystem-IntervalsExact.html#IntervalsExact-m2\">m2</a></td><td>-2</td><td>-2,0</td></tr><tr><td><a href=\"CodeSystem-IntervalsExact.html#IntervalsExact-m1-5\">m1-5</a></td><td>-1,5</td><td>-1,5</td></tr><tr><td><a href=\"CodeSystem-IntervalsExact.html#IntervalsExact-m1\">m1</a></td><td>-1</td><td>-1,0</td></tr><tr><td><a href=\"CodeSystem-IntervalsExact.html#IntervalsExact-m0-5\">m0-5</a></td><td>-0,5</td><td>-0,5</td></tr><tr><td><a href=\"CodeSystem-IntervalsExact.html#IntervalsExact-0\">0</a></td><td>0</td><td>0,0</td></tr><tr><td><a href=\"CodeSystem-IntervalsExact.html#IntervalsExact-0-5\">0-5</a></td><td>0,5</td><td>0,5</td></tr><tr><td><a href=\"CodeSystem-IntervalsExact.html#IntervalsExact-1\">1</a></td><td>1</td><td>1,0</td></tr><tr><td><a href=\"CodeSystem-IntervalsExact.html#IntervalsExact-1-5\">1-5</a></td><td>1,5</td><td>1,5</td></tr><tr><td><a href=\"CodeSystem-IntervalsExact.html#IntervalsExact-2\">2</a></td><td>2</td><td>2,0</td></tr><tr><td><a href=\"CodeSystem-IntervalsExact.html#IntervalsExact-2-5\">2-5</a></td><td>2,5</td><td>2,5</td></tr><tr><td><a href=\"CodeSystem-IntervalsExact.html#IntervalsExact-3\">3</a></td><td>3</td><td>3,0</td></tr><tr><td><a href=\"CodeSystem-IntervalsExact.html#IntervalsExact-3-5\">3-5</a></td><td>3,5</td><td>3,5</td></tr><tr><td><a href=\"CodeSystem-IntervalsExact.html#IntervalsExact-4\">4</a></td><td>4</td><td>4,0</td></tr><tr><td><a href=\"CodeSystem-IntervalsExact.html#IntervalsExact-4-5\">4-5</a></td><td>4,5</td><td>4,5</td></tr><tr><td><a href=\"CodeSystem-IntervalsExact.html#IntervalsExact-5\">5</a></td><td>5</td><td>5,0</td></tr><tr><td><a href=\"CodeSystem-IntervalsExact.html#IntervalsExact-5-5\">5-5</a></td><td>5,5</td><td>5,5</td></tr></table></li></ul></div>"
  },
  "url" : "https://kip.sundk.dk/fhir/ValueSet/POPQCDDUGA",
  "version" : "0.0.9",
  "name" : "POPQCDDUGA",
  "title" : "POP-Q undersøgelse C+D (DUGA)",
  "status" : "active",
  "experimental" : true,
  "date" : "2024-02-13T00:00:00+02:00",
  "publisher" : "Sundhedsvæsnets Kvalistetsinstitut with Trifork Public A/S",
  "contact" : [{
    "name" : "Sundhedsvæsnets Kvalistetsinstitut with Trifork Public A/S",
    "telecom" : [{
      "system" : "url",
      "value" : "https://trifork.com"
    },
    {
      "system" : "email",
      "value" : "rbk@trifork.com"
    }]
  }],
  "description" : "Nedsynkning - POP-Q undersøgelse C+D (DUGA)",
  "compose" : {
    "include" : [{
      "system" : "https://kip.sundk.dk/fhir/CodeSystem/IntervalsExact",
      "concept" : [{
        "code" : "m10",
        "display" : "-10"
      },
      {
        "code" : "m9-5",
        "display" : "-9,5"
      },
      {
        "code" : "m9",
        "display" : "-9"
      },
      {
        "code" : "m8-5",
        "display" : "-8,5"
      },
      {
        "code" : "m8",
        "display" : "-8"
      },
      {
        "code" : "m7-5",
        "display" : "-7,5"
      },
      {
        "code" : "m7",
        "display" : "-7"
      },
      {
        "code" : "m6-5",
        "display" : "-6,5"
      },
      {
        "code" : "m6",
        "display" : "-6"
      },
      {
        "code" : "m5-5",
        "display" : "-5,5"
      },
      {
        "code" : "m5",
        "display" : "-5"
      },
      {
        "code" : "m4-5",
        "display" : "-4,5"
      },
      {
        "code" : "m4",
        "display" : "-4"
      },
      {
        "code" : "m3-5",
        "display" : "-3,5"
      },
      {
        "code" : "m3",
        "display" : "-3"
      },
      {
        "code" : "m2-5",
        "display" : "-2,5"
      },
      {
        "code" : "m2",
        "display" : "-2"
      },
      {
        "code" : "m1-5",
        "display" : "-1,5"
      },
      {
        "code" : "m1",
        "display" : "-1"
      },
      {
        "code" : "m0-5",
        "display" : "-0,5"
      },
      {
        "code" : "0",
        "display" : "0"
      },
      {
        "code" : "0-5",
        "display" : "0,5"
      },
      {
        "code" : "1",
        "display" : "1"
      },
      {
        "code" : "1-5",
        "display" : "1,5"
      },
      {
        "code" : "2",
        "display" : "2"
      },
      {
        "code" : "2-5",
        "display" : "2,5"
      },
      {
        "code" : "3",
        "display" : "3"
      },
      {
        "code" : "3-5",
        "display" : "3,5"
      },
      {
        "code" : "4",
        "display" : "4"
      },
      {
        "code" : "4-5",
        "display" : "4,5"
      },
      {
        "code" : "5",
        "display" : "5"
      },
      {
        "code" : "5-5",
        "display" : "5,5"
      }]
    }]
  }
}