{
  "resourceType" : "ValueSet",
  "id" : "KellgrenLawsonKlassifikation",
  "text" : {
    "status" : "extensions",
    "div" : "<div xmlns=\"http://www.w3.org/1999/xhtml\"><p class=\"res-header-id\"><b>Generated Narrative: ValueSet KellgrenLawsonKlassifikation</b></p><a name=\"KellgrenLawsonKlassifikation\"> </a><a name=\"hcKellgrenLawsonKlassifikation\"> </a><a name=\"KellgrenLawsonKlassifikation-en-US\"> </a><ul><li>Include these codes as defined in <a href=\"CodeSystem-KellgrenLawrenceKlassifikation.html\"><code>https://kip.rkkp.dk/fhir/CodeSystem/KellgrenLawrenceKlassifikation</code></a><table class=\"none\"><tr><td style=\"white-space:nowrap\"><b>Code</b></td><td><b>Display</b></td><td><b>Definition</b></td></tr><tr><td><a href=\"CodeSystem-KellgrenLawrenceKlassifikation.html#KellgrenLawrenceKlassifikation-tvivlsom\">tvivlsom</a></td><td>Tvivlsom (normal ledspalte)</td><td>Tvivlsom (normal ledspalte)</td></tr><tr><td><a href=\"CodeSystem-KellgrenLawrenceKlassifikation.html#KellgrenLawrenceKlassifikation-mild\">mild</a></td><td>Mild (osteofyt dannelse, normal ledspalte)</td><td>Mild (osteofyt dannelse, normal ledspalte)</td></tr><tr><td><a href=\"CodeSystem-KellgrenLawrenceKlassifikation.html#KellgrenLawrenceKlassifikation-moderat\">moderat</a></td><td>Moderat (reduktion af ledspalte)</td><td>Moderat (reduktion af ledspalte)</td></tr><tr><td><a href=\"CodeSystem-KellgrenLawrenceKlassifikation.html#KellgrenLawrenceKlassifikation-svaer\">svaer</a></td><td>Svær (markant reduktion af ledspalte)</td><td>Svær (markant reduktion af ledspalte)</td></tr></table></li></ul></div>"
  },
  "url" : "https://kip.rkkp.dk/fhir/ValueSet/KellgrenLawsonKlassifikation",
  "version" : "0.1.8",
  "name" : "KellgrenLawsonKlassifikation",
  "title" : "Kellgren-Lawrence Klassifikation (DKR)",
  "status" : "active",
  "experimental" : true,
  "date" : "2023-12-19T00:00:00+02:00",
  "publisher" : "Sundhedsvæsnets Kvalistetsinstitut with Trifork Digital Health A/S",
  "contact" : [{
    "name" : "Sundhedsvæsnets Kvalistetsinstitut with Trifork Digital Health A/S",
    "telecom" : [{
      "system" : "url",
      "value" : "https://trifork.com"
    },
    {
      "system" : "email",
      "value" : "rbk@trifork.com"
    }]
  }],
  "description" : "Kellgren-Lawrence Klassifikation (DKR)",
  "compose" : {
    "include" : [{
      "system" : "https://kip.rkkp.dk/fhir/CodeSystem/KellgrenLawrenceKlassifikation",
      "concept" : [{
        "code" : "tvivlsom",
        "display" : "Tvivlsom (normal ledspalte)"
      },
      {
        "code" : "mild",
        "display" : "Mild (osteofyt dannelse, normal ledspalte)"
      },
      {
        "code" : "moderat",
        "display" : "Moderat (reduktion af ledspalte)"
      },
      {
        "code" : "svaer",
        "display" : "Svær (markant reduktion af ledspalte)"
      }]
    }]
  }
}