{
  "resourceType" : "ValueSet",
  "id" : "BehandlingsVarighedDHR",
  "text" : {
    "status" : "extensions",
    "div" : "<div xmlns=\"http://www.w3.org/1999/xhtml\"><p class=\"res-header-id\"><b>Generated Narrative: ValueSet BehandlingsVarighedDHR</b></p><a name=\"BehandlingsVarighedDHR\"> </a><a name=\"hcBehandlingsVarighedDHR\"> </a><a name=\"BehandlingsVarighedDHR-en-US\"> </a><p>This value set includes codes based on the following rules:</p><ul><li>Include these codes as defined in <a href=\"http://terminology.hl7.org/3.1.0/CodeSystem-v2-0532.html\"><code>http://terminology.hl7.org/CodeSystem/v2-0532</code></a><table class=\"none\"><tr><td style=\"white-space:nowrap\"><b>Code</b></td><td><b>Display</b></td><td><b>Definition</b></td></tr><tr><td><a href=\"http://terminology.hl7.org/3.1.0/CodeSystem-v2-0532.html#v2-0532-NA\">NA</a></td><td>Kun præoperativt (varighed angives ikke)</td><td>not applicable</td></tr></table></li><li>Include these codes as defined in <a href=\"CodeSystem-ProcedureDuration.html\"><code>https://kip.rkkp.dk/fhir/CodeSystem/ProcedureDuration</code></a><table class=\"none\"><tr><td style=\"white-space:nowrap\"><b>Code</b></td><td><b>Display</b></td><td><b>Definition</b></td></tr><tr><td><a href=\"CodeSystem-ProcedureDuration.html#ProcedureDuration-.61.601\">=&lt;1</a></td><td>Max. i 1 døgn</td><td>=&lt;1</td></tr><tr><td><a href=\"CodeSystem-ProcedureDuration.html#ProcedureDuration-.621\">&gt;1</a></td><td>&gt;1 døgn</td><td>&gt;1</td></tr></table></li></ul></div>"
  },
  "url" : "https://kip.rkkp.dk/fhir/ValueSet/BehandlingsVarighedDHR",
  "version" : "0.1.8",
  "name" : "BehandlingsVarighedDHR",
  "title" : "Behandlingsvarighed",
  "status" : "active",
  "experimental" : true,
  "date" : "2022-07-06T00:00:00+02:00",
  "publisher" : "Sundhedsvæsnets Kvalistetsinstitut with Trifork Digital Health A/S",
  "contact" : [{
    "name" : "Sundhedsvæsnets Kvalistetsinstitut with Trifork Digital Health A/S",
    "telecom" : [{
      "system" : "url",
      "value" : "https://trifork.com"
    },
    {
      "system" : "email",
      "value" : "rbk@trifork.com"
    }]
  }],
  "description" : "Behandlingsvarighed [DHR]",
  "compose" : {
    "include" : [{
      "system" : "http://terminology.hl7.org/CodeSystem/v2-0532",
      "concept" : [{
        "code" : "NA",
        "display" : "Kun præoperativt (varighed angives ikke)"
      }]
    },
    {
      "system" : "https://kip.rkkp.dk/fhir/CodeSystem/ProcedureDuration",
      "concept" : [{
        "code" : "=<1",
        "display" : "Max. i 1 døgn"
      },
      {
        "code" : ">1",
        "display" : ">1 døgn"
      }]
    }]
  }
}