{
  "resourceType" : "ValueSet",
  "id" : "VancouverKlassifikationPeroperativDHR",
  "text" : {
    "status" : "extensions",
    "div" : "<div xmlns=\"http://www.w3.org/1999/xhtml\"><p class=\"res-header-id\"><b>Generated Narrative: ValueSet VancouverKlassifikationPeroperativDHR</b></p><a name=\"VancouverKlassifikationPeroperativDHR\"> </a><a name=\"hcVancouverKlassifikationPeroperativDHR\"> </a><a name=\"VancouverKlassifikationPeroperativDHR-en-US\"> </a><ul><li>Include these codes as defined in <a href=\"CodeSystem-VancouverClassification.html\"><code>https://kip.rkkp.dk/fhir/CodeSystem/VancouverClassification</code></a><table class=\"none\"><tr><td style=\"white-space:nowrap\"><b>Code</b></td><td><b>Display</b></td><td><b>Definition</b></td></tr><tr><td><a href=\"CodeSystem-VancouverClassification.html#VancouverClassification-type_ag\">type_ag</a></td><td>A1. Fraktur svarende til trochanter major</td><td>Type A(G): greater trochanter</td></tr><tr><td><a href=\"CodeSystem-VancouverClassification.html#VancouverClassification-type_al\">type_al</a></td><td>A2. Fraktur svarende til trochanter minor</td><td>Type A(L): lesser trochanter</td></tr><tr><td><a href=\"CodeSystem-VancouverClassification.html#VancouverClassification-type_b\">type_b</a></td><td>B. Fraktur omkring stem evt. gående nedenfor stem spids</td><td>Type B: around the stem or just below it</td></tr><tr><td><a href=\"CodeSystem-VancouverClassification.html#VancouverClassification-type_c\">type_c</a></td><td>C. Fraktur klart distalt for stemmet</td><td>Type C: well below the stem</td></tr></table></li></ul></div>"
  },
  "url" : "https://kip.rkkp.dk/fhir/ValueSet/VancouverKlassifikationPeroperativDHR",
  "version" : "0.2.1",
  "name" : "VancouverKlassifikationPeroperativDHR",
  "title" : "Vancouver klassifikation - Peroperativ (DHR)",
  "status" : "active",
  "experimental" : true,
  "date" : "2022-07-20T00:00:00+02:00",
  "publisher" : "Sundhedsvæsnets Kvalistetsinstitut with Trifork Digital Health A/S",
  "contact" : [{
    "name" : "Sundhedsvæsnets Kvalistetsinstitut with Trifork Digital Health A/S",
    "telecom" : [{
      "system" : "url",
      "value" : "https://trifork.com"
    },
    {
      "system" : "email",
      "value" : "rbk@trifork.com"
    }]
  }],
  "description" : "Vancouver klassifikation - Peroperativ (DHR)",
  "compose" : {
    "include" : [{
      "system" : "https://kip.rkkp.dk/fhir/CodeSystem/VancouverClassification",
      "concept" : [{
        "code" : "type_ag",
        "display" : "A1. Fraktur svarende til trochanter major"
      },
      {
        "code" : "type_al",
        "display" : "A2. Fraktur svarende til trochanter minor"
      },
      {
        "code" : "type_b",
        "display" : "B. Fraktur omkring stem evt. gående nedenfor stem spids"
      },
      {
        "code" : "type_c",
        "display" : "C. Fraktur klart distalt for stemmet"
      }]
    }]
  }
}