{
  "resourceType" : "ValueSet",
  "id" : "ProteseDSR",
  "text" : {
    "status" : "extensions",
    "div" : "<div xmlns=\"http://www.w3.org/1999/xhtml\"><p class=\"res-header-id\"><b>Generated Narrative: ValueSet ProteseDSR</b></p><a name=\"ProteseDSR\"> </a><a name=\"hcProteseDSR\"> </a><a name=\"ProteseDSR-en-US\"> </a><p>This value set includes codes based on the following rules:</p><ul><li>Include these codes as defined in <a href=\"CodeSystem-Prosthesis.html\"><code>https://kip.rkkp.dk/fhir/CodeSystem/Prosthesis</code></a><table class=\"none\"><tr><td style=\"white-space:nowrap\"><b>Code</b></td><td><b>Display</b></td><td><b>Definition</b></td></tr><tr><td><a href=\"CodeSystem-Prosthesis.html#Prosthesis-arthrex_eclipse\">arthrex_eclipse</a></td><td>Arthrex: Eclipse</td><td>Arthrex: Eclipse</td></tr><tr><td><a href=\"CodeSystem-Prosthesis.html#Prosthesis-arthrex_universe\">arthrex_universe</a></td><td>Arthrex: Universe</td><td>Arthrex: Universe</td></tr><tr><td><a href=\"CodeSystem-Prosthesis.html#Prosthesis-biomet_comprehensive_fraktur\">biomet_comprehensive_fraktur</a></td><td>Biomet: Comprehensive - Fraktur</td><td>Biomet: Comprehensive - Fraktur</td></tr><tr><td><a href=\"CodeSystem-Prosthesis.html#Prosthesis-biomet_comprehensive_nano\">biomet_comprehensive_nano</a></td><td>Biomet: Comprehensive - Nano</td><td>Biomet: Comprehensive - Nano</td></tr><tr><td><a href=\"CodeSystem-Prosthesis.html#Prosthesis-biomet_comprehensive_reverse\">biomet_comprehensive_reverse</a></td><td>Biomet: Comprehensive - Reverse</td><td>Biomet: Comprehensive - Reverse</td></tr><tr><td><a href=\"CodeSystem-Prosthesis.html#Prosthesis-biomet_comprehensive_standard\">biomet_comprehensive_standard</a></td><td>Biomet: Comprehensive - Standard</td><td>Biomet: Comprehensive - Standard</td></tr><tr><td><a href=\"CodeSystem-Prosthesis.html#Prosthesis-biomet_copeland\">biomet_copeland</a></td><td>Biomet: Copeland</td><td>Biomet: Copeland</td></tr><tr><td><a href=\"CodeSystem-Prosthesis.html#Prosthesis-depuy_delta_extend\">depuy_delta_extend</a></td><td>Depuy: Delta - Extend</td><td>Depuy: Delta - Extend</td></tr><tr><td><a href=\"CodeSystem-Prosthesis.html#Prosthesis-depuy_global_advantage\">depuy_global_advantage</a></td><td>Depuy: Global - Advantage</td><td>Depuy: Global - Advantage</td></tr><tr><td><a href=\"CodeSystem-Prosthesis.html#Prosthesis-depuy_global_cap\">depuy_global_cap</a></td><td>Depuy: Global - C.A.P</td><td>Depuy: Global - C.A.P</td></tr><tr><td><a href=\"CodeSystem-Prosthesis.html#Prosthesis-depuy_global_fx_fraktur\">depuy_global_fx_fraktur</a></td><td>Depuy: Global - FX (fraktur)</td><td>Depuy: Global - FX (fraktur)</td></tr><tr><td><a href=\"CodeSystem-Prosthesis.html#Prosthesis-depuy_global_unite\">depuy_global_unite</a></td><td>Depuy: Global - Unite</td><td>Depuy: Global - Unite</td></tr><tr><td><a href=\"CodeSystem-Prosthesis.html#Prosthesis-exactech_equinoxe_fracture\">exactech_equinoxe_fracture</a></td><td>Exactech: Equinoxe - Fracture</td><td>Exactech: Equinoxe - Fracture</td></tr><tr><td><a href=\"CodeSystem-Prosthesis.html#Prosthesis-exactech_equinoxe_primary\">exactech_equinoxe_primary</a></td><td>Exactech: Equinoxe - Primary</td><td>Exactech: Equinoxe - Primary</td></tr><tr><td><a href=\"CodeSystem-Prosthesis.html#Prosthesis-exactech_equinoxe_reversed\">exactech_equinoxe_reversed</a></td><td>Exactech: Equinoxe - Reversed</td><td>Exactech: Equinoxe - Reversed</td></tr><tr><td><a href=\"CodeSystem-Prosthesis.html#Prosthesis-lima_smr_anatomic\">lima_smr_anatomic</a></td><td>Lima SMR: Anatomic</td><td>Lima SMR: Anatomic</td></tr><tr><td><a href=\"CodeSystem-Prosthesis.html#Prosthesis-lima_smr_fracture\">lima_smr_fracture</a></td><td>Lima SMR: Fracture</td><td>Lima SMR: Fracture</td></tr><tr><td><a href=\"CodeSystem-Prosthesis.html#Prosthesis-lima_smr_resurfacing\">lima_smr_resurfacing</a></td><td>Lima SMR: Resurfacing</td><td>Lima SMR: Resurfacing</td></tr><tr><td><a href=\"CodeSystem-Prosthesis.html#Prosthesis-lima_smr_reverse\">lima_smr_reverse</a></td><td>Lima SMR: Reverse</td><td>Lima SMR: Reverse</td></tr><tr><td><a href=\"CodeSystem-Prosthesis.html#Prosthesis-lima_smr_stemless\">lima_smr_stemless</a></td><td>Lima SMR: Stemless</td><td>Lima SMR: Stemless</td></tr><tr><td><a href=\"CodeSystem-Prosthesis.html#Prosthesis-smith.38nephew_neer_3\">smith&amp;nephew_neer_3</a></td><td>Smith &amp; Nephew: Neer 3</td><td>Smith &amp; Nephew: Neer 3</td></tr><tr><td><a href=\"CodeSystem-Prosthesis.html#Prosthesis-tornier_aequalis_fracture\">tornier_aequalis_fracture</a></td><td>Tornier: Aequalis - Fracture</td><td>Tornier: Aequalis - Fracture</td></tr><tr><td><a href=\"CodeSystem-Prosthesis.html#Prosthesis-tornier_aequalis_resurfacing\">tornier_aequalis_resurfacing</a></td><td>Tornier: Aequalis - Resurfacing</td><td>Tornier: Aequalis - Resurfacing</td></tr><tr><td><a href=\"CodeSystem-Prosthesis.html#Prosthesis-tornier_aequalis_reverse\">tornier_aequalis_reverse</a></td><td>Tornier: Aequalis - Reverse</td><td>Tornier: Aequalis - Reverse</td></tr><tr><td><a href=\"CodeSystem-Prosthesis.html#Prosthesis-tornier_aequalis_standard\">tornier_aequalis_standard</a></td><td>Tornier: Aequalis - Standard</td><td>Tornier: Aequalis - Standard</td></tr><tr><td><a href=\"CodeSystem-Prosthesis.html#Prosthesis-tornier_ascend_flex\">tornier_ascend_flex</a></td><td>Tornier: Ascend Flex</td><td>Tornier: Ascend Flex</td></tr><tr><td><a href=\"CodeSystem-Prosthesis.html#Prosthesis-tornier_simpliciti\">tornier_simpliciti</a></td><td>Tornier: Simpliciti</td><td>Tornier: Simpliciti</td></tr><tr><td><a href=\"CodeSystem-Prosthesis.html#Prosthesis-zimmer_anatomical_fracture\">zimmer_anatomical_fracture</a></td><td>Zimmer: Anatomical - Fracture</td><td>Zimmer: Anatomical - Fracture</td></tr><tr><td><a href=\"CodeSystem-Prosthesis.html#Prosthesis-zimmer_anatomical_reverse\">zimmer_anatomical_reverse</a></td><td>Zimmer: Anatomical - Reverse</td><td>Zimmer: Anatomical - Reverse</td></tr><tr><td><a href=\"CodeSystem-Prosthesis.html#Prosthesis-zimmer_anatomical_shoulder_combined\">zimmer_anatomical_shoulder_combined</a></td><td>Zimmer: Anatomical - Shoulder Combined</td><td>Zimmer: Anatomical - Shoulder Combined</td></tr><tr><td><a href=\"CodeSystem-Prosthesis.html#Prosthesis-zimmer_anatomical_standard\">zimmer_anatomical_standard</a></td><td>Zimmer: Anatomical - Standard</td><td>Zimmer: Anatomical - Standard</td></tr><tr><td><a href=\"CodeSystem-Prosthesis.html#Prosthesis-zimmer_bigliani_flatow\">zimmer_bigliani_flatow</a></td><td>Zimmer: Bigliani-Flatow</td><td>Zimmer: Bigliani-Flatow</td></tr><tr><td><a href=\"CodeSystem-Prosthesis.html#Prosthesis-zimmer_sidus\">zimmer_sidus</a></td><td>Zimmer: Sidus</td><td>Zimmer: Sidus</td></tr><tr><td><a href=\"CodeSystem-Prosthesis.html#Prosthesis-zimmer_tm_reverse\">zimmer_tm_reverse</a></td><td>Zimmer: TM Reverse</td><td>Zimmer: TM Reverse</td></tr></table></li><li>Include these codes as defined in <a href=\"CodeSystem-GenericValues.html\"><code>https://kip.rkkp.dk/fhir/CodeSystem/GenericValues</code></a><table class=\"none\"><tr><td style=\"white-space:nowrap\"><b>Code</b></td><td><b>Display</b></td><td><b>Definition</b></td></tr><tr><td><a href=\"CodeSystem-GenericValues.html#GenericValues-other\">other</a></td><td>Anden</td><td>Other - used to choose unspecific value not in a valueset</td></tr></table></li></ul></div>"
  },
  "url" : "https://kip.rkkp.dk/fhir/ValueSet/ProteseDSR",
  "version" : "0.1.6",
  "name" : "ProteseDSR",
  "title" : "Protese (DSR)",
  "status" : "active",
  "experimental" : true,
  "date" : "2022-10-07T00:00:00+02:00",
  "publisher" : "Sundhedsvæsnets Kvalistetsinstitut with Trifork Digital Health A/S",
  "contact" : [{
    "name" : "Sundhedsvæsnets Kvalistetsinstitut with Trifork Digital Health A/S",
    "telecom" : [{
      "system" : "url",
      "value" : "https://trifork.com"
    },
    {
      "system" : "email",
      "value" : "rbk@trifork.com"
    }]
  }],
  "description" : "Protese (DSR)",
  "compose" : {
    "include" : [{
      "system" : "https://kip.rkkp.dk/fhir/CodeSystem/Prosthesis",
      "concept" : [{
        "code" : "arthrex_eclipse",
        "display" : "Arthrex: Eclipse"
      },
      {
        "code" : "arthrex_universe",
        "display" : "Arthrex: Universe"
      },
      {
        "code" : "biomet_comprehensive_fraktur",
        "display" : "Biomet: Comprehensive - Fraktur"
      },
      {
        "code" : "biomet_comprehensive_nano",
        "display" : "Biomet: Comprehensive - Nano"
      },
      {
        "code" : "biomet_comprehensive_reverse",
        "display" : "Biomet: Comprehensive - Reverse"
      },
      {
        "code" : "biomet_comprehensive_standard",
        "display" : "Biomet: Comprehensive - Standard"
      },
      {
        "code" : "biomet_copeland",
        "display" : "Biomet: Copeland"
      },
      {
        "code" : "depuy_delta_extend",
        "display" : "Depuy: Delta - Extend"
      },
      {
        "code" : "depuy_global_advantage",
        "display" : "Depuy: Global - Advantage"
      },
      {
        "code" : "depuy_global_cap",
        "display" : "Depuy: Global - C.A.P"
      },
      {
        "code" : "depuy_global_fx_fraktur",
        "display" : "Depuy: Global - FX (fraktur)"
      },
      {
        "code" : "depuy_global_unite",
        "display" : "Depuy: Global - Unite"
      },
      {
        "code" : "exactech_equinoxe_fracture",
        "display" : "Exactech: Equinoxe - Fracture"
      },
      {
        "code" : "exactech_equinoxe_primary",
        "display" : "Exactech: Equinoxe - Primary"
      },
      {
        "code" : "exactech_equinoxe_reversed",
        "display" : "Exactech: Equinoxe - Reversed"
      },
      {
        "code" : "lima_smr_anatomic",
        "display" : "Lima SMR: Anatomic"
      },
      {
        "code" : "lima_smr_fracture",
        "display" : "Lima SMR: Fracture"
      },
      {
        "code" : "lima_smr_resurfacing",
        "display" : "Lima SMR: Resurfacing"
      },
      {
        "code" : "lima_smr_reverse",
        "display" : "Lima SMR: Reverse"
      },
      {
        "code" : "lima_smr_stemless",
        "display" : "Lima SMR: Stemless"
      },
      {
        "code" : "smith&nephew_neer_3",
        "display" : "Smith & Nephew: Neer 3"
      },
      {
        "code" : "tornier_aequalis_fracture",
        "display" : "Tornier: Aequalis - Fracture"
      },
      {
        "code" : "tornier_aequalis_resurfacing",
        "display" : "Tornier: Aequalis - Resurfacing"
      },
      {
        "code" : "tornier_aequalis_reverse",
        "display" : "Tornier: Aequalis - Reverse"
      },
      {
        "code" : "tornier_aequalis_standard",
        "display" : "Tornier: Aequalis - Standard"
      },
      {
        "code" : "tornier_ascend_flex",
        "display" : "Tornier: Ascend Flex"
      },
      {
        "code" : "tornier_simpliciti",
        "display" : "Tornier: Simpliciti"
      },
      {
        "code" : "zimmer_anatomical_fracture",
        "display" : "Zimmer: Anatomical - Fracture"
      },
      {
        "code" : "zimmer_anatomical_reverse",
        "display" : "Zimmer: Anatomical - Reverse"
      },
      {
        "code" : "zimmer_anatomical_shoulder_combined",
        "display" : "Zimmer: Anatomical - Shoulder Combined"
      },
      {
        "code" : "zimmer_anatomical_standard",
        "display" : "Zimmer: Anatomical - Standard"
      },
      {
        "code" : "zimmer_bigliani_flatow",
        "display" : "Zimmer: Bigliani-Flatow"
      },
      {
        "code" : "zimmer_sidus",
        "display" : "Zimmer: Sidus"
      },
      {
        "code" : "zimmer_tm_reverse",
        "display" : "Zimmer: TM Reverse"
      }]
    },
    {
      "system" : "https://kip.rkkp.dk/fhir/CodeSystem/GenericValues",
      "concept" : [{
        "code" : "other",
        "display" : "Anden"
      }]
    }]
  }
}