{
  "resourceType" : "ValueSet",
  "id" : "SSSBenloeft",
  "text" : {
    "status" : "extensions",
    "div" : "<div xmlns=\"http://www.w3.org/1999/xhtml\"><p class=\"res-header-id\"><b>Generated Narrative: ValueSet SSSBenloeft</b></p><a name=\"SSSBenloeft\"> </a><a name=\"hcSSSBenloeft\"> </a><a name=\"SSSBenloeft-en-US\"> </a><ul><li>Include these codes as defined in <a href=\"CodeSystem-SSSLegLift.html\"><code>https://kip.rkkp.dk/fhir/CodeSystem/SSSLegLift</code></a><table class=\"none\"><tr><td style=\"white-space:nowrap\"><b>Code</b></td><td><b>Display</b></td><td><b>Definition</b></td></tr><tr><td><a href=\"CodeSystem-SSSLegLift.html#SSSLegLift-6\">6</a></td><td>6: løfter ben med normal kraft</td><td>Løfter ben med normal kraft</td></tr><tr><td><a href=\"CodeSystem-SSSLegLift.html#SSSLegLift-5\">5</a></td><td>5: løfter strakt ben med nedsat kraft</td><td>Løfter strakt ben med nedsat kraft</td></tr><tr><td><a href=\"CodeSystem-SSSLegLift.html#SSSLegLift-4\">4</a></td><td>4: løfter ben med fleksion af knæet</td><td>Løfter arm med fleksion af knæ</td></tr><tr><td><a href=\"CodeSystem-SSSLegLift.html#SSSLegLift-2\">2</a></td><td>2: bevæger benet men ikke mod tyngden</td><td>Bevæger benet men ikke mod tyngden</td></tr><tr><td><a href=\"CodeSystem-SSSLegLift.html#SSSLegLift-0\">0</a></td><td>0: paralyse</td><td>Paralyse: Ingen bevægelse mulig.</td></tr></table></li></ul></div>"
  },
  "url" : "https://kip.rkkp.dk/fhir/ValueSet/SSSBenloeft",
  "version" : "2.9.1",
  "name" : "SSSBenloeft",
  "title" : "Scandinavian Stroke Scale - Benløft",
  "status" : "active",
  "experimental" : true,
  "date" : "2022-06-23T00:00:00+02:00",
  "publisher" : "Sundhedsvæsnets Kvalistetsinstitut with Trifork Digital Health A/S",
  "contact" : [{
    "name" : "Sundhedsvæsnets Kvalistetsinstitut with Trifork Digital Health A/S",
    "telecom" : [{
      "system" : "url",
      "value" : "https://trifork.com"
    },
    {
      "system" : "email",
      "value" : "rbk@trifork.com"
    }]
  }],
  "description" : "Scandinavian Stroke Scale - Benløft",
  "compose" : {
    "include" : [{
      "system" : "https://kip.rkkp.dk/fhir/CodeSystem/SSSLegLift",
      "concept" : [{
        "code" : "6",
        "display" : "6: løfter ben med normal kraft"
      },
      {
        "code" : "5",
        "display" : "5: løfter strakt ben med nedsat kraft"
      },
      {
        "code" : "4",
        "display" : "4: løfter ben med fleksion af knæet"
      },
      {
        "code" : "2",
        "display" : "2: bevæger benet men ikke mod tyngden"
      },
      {
        "code" : "0",
        "display" : "0: paralyse"
      }]
    }]
  }
}