{
  "resourceType" : "ValueSet",
  "id" : "MeshTypeVentralhernieDHDB",
  "text" : {
    "status" : "extensions",
    "div" : "<div xmlns=\"http://www.w3.org/1999/xhtml\"><p class=\"res-header-id\"><b>Generated Narrative: ValueSet MeshTypeVentralhernieDHDB</b></p><a name=\"MeshTypeVentralhernieDHDB\"> </a><a name=\"hcMeshTypeVentralhernieDHDB\"> </a><a name=\"MeshTypeVentralhernieDHDB-en-US\"> </a><p>This value set includes codes based on the following rules:</p><ul><li>Include these codes as defined in <a href=\"CodeSystem-MeshType.html\"><code>https://kip.rkkp.dk/fhir/CodeSystem/MeshType</code></a><table class=\"none\"><tr><td style=\"white-space:nowrap\"><b>Code</b></td><td><b>Display</b></td><td><b>Definition</b></td></tr><tr><td><a href=\"CodeSystem-MeshType.html#MeshType-adhesix_bard\">adhesix_bard</a></td><td>Adhesix, BARD</td><td>Adhesix, BARD</td></tr><tr><td><a href=\"CodeSystem-MeshType.html#MeshType-bard_flatmesh\">bard_flatmesh</a></td><td>BARD Flatmesh</td><td>BARD Flatmesh</td></tr><tr><td><a href=\"CodeSystem-MeshType.html#MeshType-bio_a\">bio_a</a></td><td>BIO-A</td><td>BIO-A</td></tr><tr><td><a href=\"CodeSystem-MeshType.html#MeshType-cabs_air\">cabs_air</a></td><td>CABS AIR Composite, Cousin Biotech</td><td>CABS AIR Composite, Cousin Biotech</td></tr><tr><td><a href=\"CodeSystem-MeshType.html#MeshType-dynamesh_kebomed\">dynamesh_kebomed</a></td><td>Dynamesh, Kebomed</td><td>Dynamesh, Kebomed</td></tr><tr><td><a href=\"CodeSystem-MeshType.html#MeshType-dynamesh_ipom\">dynamesh_ipom</a></td><td>Dynamesh IPOM, Kebomed</td><td>Dynamesh IPOM, Kebomed</td></tr><tr><td><a href=\"CodeSystem-MeshType.html#MeshType-galmesh_light\">galmesh_light</a></td><td>Galmesh Light</td><td>Galmesh Light</td></tr><tr><td><a href=\"CodeSystem-MeshType.html#MeshType-galmesh_umbilical\">galmesh_umbilical</a></td><td>Galmesh Umbilical</td><td>Galmesh Umbilical</td></tr><tr><td><a href=\"CodeSystem-MeshType.html#MeshType-gore_dualmesh\">gore_dualmesh</a></td><td>Gore Dualmesh, ViCare Medical</td><td>Gore Dualmesh, ViCare Medical</td></tr><tr><td><a href=\"CodeSystem-MeshType.html#MeshType-intramesh\">intramesh</a></td><td>Intramesh (T1/P8/W3), Cousin Biotech</td><td>Intramesh (T1/P8/W3), Cousin Biotech</td></tr><tr><td><a href=\"CodeSystem-MeshType.html#MeshType-optilene_mesh\">optilene_mesh</a></td><td>Optilene Mesh</td><td>Optilene Mesh</td></tr><tr><td><a href=\"CodeSystem-MeshType.html#MeshType-optilene_mesh_elastic\">optilene_mesh_elastic</a></td><td>Optilene Mesh Elastic</td><td>Optilene Mesh Elastic</td></tr><tr><td><a href=\"CodeSystem-MeshType.html#MeshType-optilene_mesh_lp\">optilene_mesh_lp</a></td><td>Optilene Mesh LP</td><td>Optilene Mesh LP</td></tr><tr><td><a href=\"CodeSystem-MeshType.html#MeshType-parietene_composite\">parietene_composite</a></td><td>Parietene Composite</td><td>Parietene Composite</td></tr><tr><td><a href=\"CodeSystem-MeshType.html#MeshType-parietene_covidien\">parietene_covidien</a></td><td>Parietene Covidien</td><td>Parietene Covidien</td></tr><tr><td><a href=\"CodeSystem-MeshType.html#MeshType-parietex_ventral\">parietex_ventral</a></td><td>Parietex Ventral Patch</td><td>Parietex Ventral Patch</td></tr><tr><td><a href=\"CodeSystem-MeshType.html#MeshType-parietex_covidien\">parietex_covidien</a></td><td>Parietex Covidien</td><td>Parietex Covidien</td></tr><tr><td><a href=\"CodeSystem-MeshType.html#MeshType-parietex_composite\">parietex_composite</a></td><td>Parietex Composite (incl. Optimized), Covidien</td><td>Parietex Composite (incl. Optimized), Covidien</td></tr><tr><td><a href=\"CodeSystem-MeshType.html#MeshType-parietex_progrip\">parietex_progrip</a></td><td>Parietex Progrip, Covidien</td><td>Parietex Progrip</td></tr><tr><td><a href=\"CodeSystem-MeshType.html#MeshType-permacol_covidien\">permacol_covidien</a></td><td>Permacol, Covidien</td><td>Permacol, Covidien</td></tr><tr><td><a href=\"CodeSystem-MeshType.html#MeshType-phasix\">phasix</a></td><td>Phasix</td><td>Phasix</td></tr><tr><td><a href=\"CodeSystem-MeshType.html#MeshType-phasix_st\">phasix_st</a></td><td>Phasix ST</td><td>Phasix ST</td></tr><tr><td><a href=\"CodeSystem-MeshType.html#MeshType-physiomesh_ethicon\">physiomesh_ethicon</a></td><td>Physiomesh, Ethicon</td><td>Physiomesh, Ethicon</td></tr><tr><td><a href=\"CodeSystem-MeshType.html#MeshType-proceed_ventral\">proceed_ventral</a></td><td>Proceed Ventral Patch, Ethicon</td><td>Proceed Ventral Patch, Ethicon</td></tr><tr><td><a href=\"CodeSystem-MeshType.html#MeshType-proceed_ehticon\">proceed_ehticon</a></td><td>Proceed, Ethicon</td><td>Proceed, Ethicon</td></tr><tr><td><a href=\"CodeSystem-MeshType.html#MeshType-prolene\">prolene</a></td><td>Prolene</td><td>Prolene</td></tr><tr><td><a href=\"CodeSystem-MeshType.html#MeshType-softmesh_bard\">softmesh_bard</a></td><td>SoftMesh, BARD</td><td>SoftMesh, BARD</td></tr><tr><td><a href=\"CodeSystem-MeshType.html#MeshType-strattice_lifecell\">strattice_lifecell</a></td><td>Strattice, Lifecell</td><td>Strattice, Lifecell</td></tr><tr><td><a href=\"CodeSystem-MeshType.html#MeshType-supromesh\">supromesh</a></td><td>Supromesh</td><td>Supromesh</td></tr><tr><td><a href=\"CodeSystem-MeshType.html#MeshType-symbotex_composite\">symbotex_composite</a></td><td>Symbotex Composite</td><td>Symbotex Composite</td></tr><tr><td><a href=\"CodeSystem-MeshType.html#MeshType-tigr\">tigr</a></td><td>TIGR</td><td>TIGR</td></tr><tr><td><a href=\"CodeSystem-MeshType.html#MeshType-ultrapro_ethicon\">ultrapro_ethicon</a></td><td>Ultrapro, Ethicon</td><td>Ultrapro, Ethicon</td></tr><tr><td><a href=\"CodeSystem-MeshType.html#MeshType-ultrapro_advanced\">ultrapro_advanced</a></td><td>Ultrapro Advanced</td><td>Ultrapro Advanced</td></tr><tr><td><a href=\"CodeSystem-MeshType.html#MeshType-ventralex_st_bard\">ventralex_st_bard</a></td><td>Ventralex ST, BARD</td><td>Ventralex ST, BARD</td></tr><tr><td><a href=\"CodeSystem-MeshType.html#MeshType-ventralight_st_bard\">ventralight_st_bard</a></td><td>Ventralight ST, BARD</td><td>Ventralight ST, BARD</td></tr><tr><td><a href=\"CodeSystem-MeshType.html#MeshType-ventrio_hernia_st_bard\">ventrio_hernia_st_bard</a></td><td>Ventrio Hernia ST, BARD</td><td>Ventrio Hernia ST, BARD</td></tr><tr><td><a href=\"CodeSystem-MeshType.html#MeshType-versatex\">versatex</a></td><td>Versatex</td><td>Versatex</td></tr><tr><td><a href=\"CodeSystem-MeshType.html#MeshType-vypro_ethicon\">vypro_ethicon</a></td><td>Vypro, Ethicon</td><td>Vypro, Ethicon</td></tr><tr><td><a href=\"CodeSystem-MeshType.html#MeshType-xenmatrix\">xenmatrix</a></td><td>Xenmatrix</td><td>Xenmatrix</td></tr></table></li><li>Include these codes as defined in <a href=\"CodeSystem-GenericValues.html\"><code>https://kip.rkkp.dk/fhir/CodeSystem/GenericValues</code></a><table class=\"none\"><tr><td style=\"white-space:nowrap\"><b>Code</b></td><td><b>Display</b></td><td><b>Definition</b></td></tr><tr><td><a href=\"CodeSystem-GenericValues.html#GenericValues-other\">other</a></td><td>Anden mesh</td><td>Other - used to choose unspecific value not in a valueset</td></tr></table></li><li>Include these codes as defined in <a href=\"http://terminology.hl7.org/3.1.0/CodeSystem-v2-0532.html\"><code>http://terminology.hl7.org/CodeSystem/v2-0532</code></a><table class=\"none\"><tr><td style=\"white-space:nowrap\"><b>Code</b></td><td><b>Display</b></td><td><b>Definition</b></td></tr><tr><td><a href=\"http://terminology.hl7.org/3.1.0/CodeSystem-v2-0532.html#v2-0532-UNK\">UNK</a></td><td>Uoplyst</td><td>unknown</td></tr></table></li></ul></div>"
  },
  "url" : "https://kip.rkkp.dk/fhir/ValueSet/MeshTypeVentralhernieDHDB",
  "version" : "0.2.1",
  "name" : "MeshTypeVentralhernieDHDB",
  "title" : "Mesh type - Ventralhernie (DHDB)",
  "status" : "active",
  "experimental" : true,
  "date" : "2022-07-21T00:00:00+02:00",
  "publisher" : "Sundhedsvæsnets Kvalistetsinstitut with Trifork Digital Health A/S",
  "contact" : [{
    "name" : "Sundhedsvæsnets Kvalistetsinstitut with Trifork Digital Health A/S",
    "telecom" : [{
      "system" : "url",
      "value" : "https://trifork.com"
    },
    {
      "system" : "email",
      "value" : "rbk@trifork.com"
    }]
  }],
  "description" : "Mesh type - Ventralhernie (DHDB)",
  "compose" : {
    "include" : [{
      "system" : "https://kip.rkkp.dk/fhir/CodeSystem/MeshType",
      "concept" : [{
        "code" : "adhesix_bard",
        "display" : "Adhesix, BARD"
      },
      {
        "code" : "bard_flatmesh",
        "display" : "BARD Flatmesh"
      },
      {
        "code" : "bio_a",
        "display" : "BIO-A"
      },
      {
        "code" : "cabs_air",
        "display" : "CABS AIR Composite, Cousin Biotech"
      },
      {
        "code" : "dynamesh_kebomed",
        "display" : "Dynamesh, Kebomed"
      },
      {
        "code" : "dynamesh_ipom",
        "display" : "Dynamesh IPOM, Kebomed"
      },
      {
        "code" : "galmesh_light",
        "display" : "Galmesh Light"
      },
      {
        "code" : "galmesh_umbilical",
        "display" : "Galmesh Umbilical"
      },
      {
        "code" : "gore_dualmesh",
        "display" : "Gore Dualmesh, ViCare Medical"
      },
      {
        "code" : "intramesh",
        "display" : "Intramesh (T1/P8/W3), Cousin Biotech"
      },
      {
        "code" : "optilene_mesh",
        "display" : "Optilene Mesh"
      },
      {
        "code" : "optilene_mesh_elastic",
        "display" : "Optilene Mesh Elastic"
      },
      {
        "code" : "optilene_mesh_lp",
        "display" : "Optilene Mesh LP"
      },
      {
        "code" : "parietene_composite",
        "display" : "Parietene Composite"
      },
      {
        "code" : "parietene_covidien",
        "display" : "Parietene Covidien"
      },
      {
        "code" : "parietex_ventral",
        "display" : "Parietex Ventral Patch"
      },
      {
        "code" : "parietex_covidien",
        "display" : "Parietex Covidien"
      },
      {
        "code" : "parietex_composite",
        "display" : "Parietex Composite (incl. Optimized), Covidien"
      },
      {
        "code" : "parietex_progrip",
        "display" : "Parietex Progrip, Covidien"
      },
      {
        "code" : "permacol_covidien",
        "display" : "Permacol, Covidien"
      },
      {
        "code" : "phasix",
        "display" : "Phasix"
      },
      {
        "code" : "phasix_st",
        "display" : "Phasix ST"
      },
      {
        "code" : "physiomesh_ethicon",
        "display" : "Physiomesh, Ethicon"
      },
      {
        "code" : "proceed_ventral",
        "display" : "Proceed Ventral Patch, Ethicon"
      },
      {
        "code" : "proceed_ehticon",
        "display" : "Proceed, Ethicon"
      },
      {
        "code" : "prolene",
        "display" : "Prolene"
      },
      {
        "code" : "softmesh_bard",
        "display" : "SoftMesh, BARD"
      },
      {
        "code" : "strattice_lifecell",
        "display" : "Strattice, Lifecell"
      },
      {
        "code" : "supromesh",
        "display" : "Supromesh"
      },
      {
        "code" : "symbotex_composite",
        "display" : "Symbotex Composite"
      },
      {
        "code" : "tigr",
        "display" : "TIGR"
      },
      {
        "code" : "ultrapro_ethicon",
        "display" : "Ultrapro, Ethicon"
      },
      {
        "code" : "ultrapro_advanced",
        "display" : "Ultrapro Advanced"
      },
      {
        "code" : "ventralex_st_bard",
        "display" : "Ventralex ST, BARD"
      },
      {
        "code" : "ventralight_st_bard",
        "display" : "Ventralight ST, BARD"
      },
      {
        "code" : "ventrio_hernia_st_bard",
        "display" : "Ventrio Hernia ST, BARD"
      },
      {
        "code" : "versatex",
        "display" : "Versatex"
      },
      {
        "code" : "vypro_ethicon",
        "display" : "Vypro, Ethicon"
      },
      {
        "code" : "xenmatrix",
        "display" : "Xenmatrix"
      }]
    },
    {
      "system" : "https://kip.rkkp.dk/fhir/CodeSystem/GenericValues",
      "concept" : [{
        "code" : "other",
        "display" : "Anden mesh"
      }]
    },
    {
      "system" : "http://terminology.hl7.org/CodeSystem/v2-0532",
      "concept" : [{
        "code" : "UNK",
        "display" : "Uoplyst"
      }]
    }]
  }
}