{
  "resourceType" : "ValueSet",
  "id" : "NIHSS11EkstinktionInattention",
  "text" : {
    "status" : "extensions",
    "div" : "<div xmlns=\"http://www.w3.org/1999/xhtml\"><p class=\"res-header-id\"><b>Generated Narrative: ValueSet NIHSS11EkstinktionInattention</b></p><a name=\"NIHSS11EkstinktionInattention\"> </a><a name=\"hcNIHSS11EkstinktionInattention\"> </a><a name=\"NIHSS11EkstinktionInattention-en-US\"> </a><ul><li>Include these codes as defined in <a href=\"CodeSystem-NIHSS11ExtinctionInattention.html\"><code>https://kip.rkkp.dk/fhir/CodeSystem/NIHSS11ExtinctionInattention</code></a><table class=\"none\"><tr><td style=\"white-space:nowrap\"><b>Code</b></td><td><b>Display</b></td><td><b>Definition</b></td></tr><tr><td><a href=\"CodeSystem-NIHSS11ExtinctionInattention.html#NIHSS11ExtinctionInattention-0\">0</a></td><td>0 = Ingen abnormalitet påvist</td><td>No abnormality.</td></tr><tr><td><a href=\"CodeSystem-NIHSS11ExtinctionInattention.html#NIHSS11ExtinctionInattention-1\">1</a></td><td>1 = Inattention eller ekstinktion ved bilateral simultan stimulation ved en af sansemodaliteterne</td><td>Visual, tactile, auditory, spatial, or personal inattention or extinction to bilateral simultaneous stimulation in one of the sensory modalities.</td></tr><tr><td><a href=\"CodeSystem-NIHSS11ExtinctionInattention.html#NIHSS11ExtinctionInattention-2\">2</a></td><td>2 = Udtalt hemi-inattention / hemi-inattention for mere end én modalitet.</td><td>Profound hemi-inattention or extinction to more than one modality; does not recognize own hand or orients to only one side of space.</td></tr></table></li></ul></div>"
  },
  "url" : "https://kip.rkkp.dk/fhir/ValueSet/NIHSS11EkstinktionInattention",
  "version" : "2.9.3",
  "name" : "NIHSS11EkstinktionInattention",
  "title" : "NIHSS - 11. Ekstinktion og inattention",
  "status" : "active",
  "experimental" : true,
  "date" : "2022-06-27T00:00:00+02:00",
  "publisher" : "Sundhedsvæsenets Kvalitetsinstitut with Trifork Digital Health A/S",
  "contact" : [{
    "name" : "Sundhedsvæsenets Kvalitetsinstitut with Trifork Digital Health A/S",
    "telecom" : [{
      "system" : "url",
      "value" : "https://trifork.com"
    },
    {
      "system" : "email",
      "value" : "rbk@trifork.com"
    }]
  }],
  "description" : "The National Institute of Health Stroke Scale (NIHSS) - 11. Ekstinktion og inattention (tidligere ”neglekt”) (brug visuel eller sensorisk dobbeltsidig stimulation)",
  "compose" : {
    "include" : [{
      "system" : "https://kip.rkkp.dk/fhir/CodeSystem/NIHSS11ExtinctionInattention",
      "concept" : [{
        "code" : "0",
        "display" : "0 = Ingen abnormalitet påvist"
      },
      {
        "code" : "1",
        "display" : "1 = Inattention eller ekstinktion ved bilateral simultan stimulation ved en af sansemodaliteterne"
      },
      {
        "code" : "2",
        "display" : "2 = Udtalt hemi-inattention / hemi-inattention for mere end én modalitet."
      }]
    }]
  }
}