{
  "resourceType" : "ValueSet",
  "id" : "ATCDMPN",
  "text" : {
    "status" : "extensions",
    "div" : "<div xmlns=\"http://www.w3.org/1999/xhtml\"><p class=\"res-header-id\"><b>Generated Narrative: ValueSet ATCDMPN</b></p><a name=\"ATCDMPN\"> </a><a name=\"hcATCDMPN\"> </a><a name=\"ATCDMPN-en-US\"> </a><p>This value set includes codes based on the following rules:</p><ul><li>Include these codes as defined in <a href=\"CodeSystem-ATC.html\"><code>https://kip.rkkp.dk/fhir/CodeSystem/ATC</code></a><table class=\"none\"><tr><td style=\"white-space:nowrap\"><b>Code</b></td><td><b>Display</b></td><td><b>Definition</b></td></tr><tr><td><a href=\"CodeSystem-ATC.html#ATC-B01AC06\">B01AC06</a></td><td>Acetylsalicylsyre (ASA)</td><td>B01AC06 - acetylsalicylic acid</td></tr><tr><td><a href=\"CodeSystem-ATC.html#ATC-L01XX35\">L01XX35</a></td><td>Anagrelide</td><td>L01XX35 - anagrelide</td></tr><tr><td><a href=\"CodeSystem-ATC.html#ATC-L01AB01\">L01AB01</a></td><td>Busulfan (Myleran)</td><td>L01AB01 - busulfan</td></tr><tr><td><a href=\"CodeSystem-ATC.html#ATC-L01XX05\">L01XX05</a></td><td>Hydroxcarbamid</td><td>L01XX05 - hydroxycarbamide</td></tr><tr><td><a href=\"CodeSystem-ATC.html#ATC-C10AA\">C10AA</a></td><td>Statiner</td><td>C10AA - HMG CoA reductase inhibitors</td></tr><tr><td><a href=\"CodeSystem-ATC.html#ATC-L01XH\">L01XH</a></td><td>HDAC hæmmer</td><td>L01XH - Histone deacetylase (HDAC) inhibitors</td></tr><tr><td><a href=\"CodeSystem-ATC.html#ATC-L03AB\">L03AB</a></td><td>Interferon</td><td>L03AB - Interferons</td></tr><tr><td><a href=\"CodeSystem-ATC.html#ATC-L01EJ01\">L01EJ01</a></td><td>Ruxolitinib</td><td>L01EJ01 - ruxolitinib</td></tr><tr><td><a href=\"CodeSystem-ATC.html#ATC-L04AA\">L04AA</a></td><td>JAK-2 inhibitorer</td><td>L04AA - Selective immunosuppressants</td></tr><tr><td><a href=\"CodeSystem-ATC.html#ATC-B01A\">B01A</a></td><td>Anden blodfortyndende behandling</td><td>B01A - ANTITHROMBOTIC AGENTS</td></tr></table></li><li>Include these codes as defined in <a href=\"CodeSystem-TreatmentUnspecified.html\"><code>https://kip.rkkp.dk/fhir/CodeSystem/TreatmentUnspecified</code></a><table class=\"none\"><tr><td style=\"white-space:nowrap\"><b>Code</b></td><td><b>Display</b></td><td><b>Definition</b></td></tr><tr><td><a href=\"CodeSystem-TreatmentUnspecified.html#TreatmentUnspecified-incision_vein\">incision_vein</a></td><td>Venesection</td><td>Incision of Vein / Venesektion</td></tr></table></li><li>Include these codes as defined in <a href=\"CodeSystem-GenericValues.html\"><code>https://kip.rkkp.dk/fhir/CodeSystem/GenericValues</code></a><table class=\"none\"><tr><td style=\"white-space:nowrap\"><b>Code</b></td><td><b>Display</b></td><td><b>Definition</b></td></tr><tr><td><a href=\"CodeSystem-GenericValues.html#GenericValues-other\">other</a></td><td>Anden behandling</td><td>Other - used to choose unspecific value not in a valueset</td></tr></table></li></ul></div>"
  },
  "url" : "https://kip.rkkp.dk/fhir/ValueSet/ATCDMPN",
  "version" : "0.1.8",
  "name" : "ATCDMPN",
  "title" : "ATC DMPN",
  "status" : "active",
  "experimental" : true,
  "date" : "2022-07-14T00:00:00+02:00",
  "publisher" : "Sundhedsvæsnets Kvalistetsinstitut with Trifork Digital Health A/S",
  "contact" : [{
    "name" : "Sundhedsvæsnets Kvalistetsinstitut with Trifork Digital Health A/S",
    "telecom" : [{
      "system" : "url",
      "value" : "https://trifork.com"
    },
    {
      "system" : "email",
      "value" : "rbk@trifork.com"
    }]
  }],
  "description" : "ATC koder DMPN behandling. Erstattet af nyt VS fra okt. 2024",
  "compose" : {
    "include" : [{
      "system" : "https://kip.rkkp.dk/fhir/CodeSystem/ATC",
      "concept" : [{
        "code" : "B01AC06",
        "display" : "Acetylsalicylsyre (ASA)"
      },
      {
        "code" : "L01XX35",
        "display" : "Anagrelide"
      },
      {
        "code" : "L01AB01",
        "display" : "Busulfan (Myleran)"
      },
      {
        "code" : "L01XX05",
        "display" : "Hydroxcarbamid"
      },
      {
        "code" : "C10AA",
        "display" : "Statiner"
      },
      {
        "code" : "L01XH",
        "display" : "HDAC hæmmer"
      },
      {
        "code" : "L03AB",
        "display" : "Interferon"
      },
      {
        "code" : "L01EJ01",
        "display" : "Ruxolitinib"
      },
      {
        "code" : "L04AA",
        "display" : "JAK-2 inhibitorer"
      },
      {
        "code" : "B01A",
        "display" : "Anden blodfortyndende behandling"
      }]
    },
    {
      "system" : "https://kip.rkkp.dk/fhir/CodeSystem/TreatmentUnspecified",
      "concept" : [{
        "code" : "incision_vein",
        "display" : "Venesection"
      }]
    },
    {
      "system" : "https://kip.rkkp.dk/fhir/CodeSystem/GenericValues",
      "concept" : [{
        "code" : "other",
        "display" : "Anden behandling"
      }]
    }]
  }
}