{
  "resourceType" : "ValueSet",
  "id" : "InterventionsgruppeTransplantExclDNSL",
  "text" : {
    "status" : "extensions",
    "div" : "<div xmlns=\"http://www.w3.org/1999/xhtml\"><p class=\"res-header-id\"><b>Generated Narrative: ValueSet InterventionsgruppeTransplantExclDNSL</b></p><a name=\"InterventionsgruppeTransplantExclDNSL\"> </a><a name=\"hcInterventionsgruppeTransplantExclDNSL\"> </a><a name=\"InterventionsgruppeTransplantExclDNSL-en-US\"> </a><ul><li>Include these codes as defined in <a href=\"CodeSystem-Interventionsgruppe.html\"><code>https://kip.sundk.dk/fhir/CodeSystem/Interventionsgruppe</code></a><table class=\"none\"><tr><td style=\"white-space:nowrap\"><b>Code</b></td><td><b>Display</b></td><td><b>Definition</b></td></tr><tr><td><a href=\"CodeSystem-Interventionsgruppe.html#Interventionsgruppe-620\">620</a></td><td>Nyrestart</td><td>Nyrestart</td></tr><tr><td><a href=\"CodeSystem-Interventionsgruppe.html#Interventionsgruppe-630\">630</a></td><td>Rejektion</td><td>Rejektion</td></tr><tr><td><a href=\"CodeSystem-Interventionsgruppe.html#Interventionsgruppe-650\">650</a></td><td>Grafttab</td><td>Grafttab</td></tr><tr><td><a href=\"CodeSystem-Interventionsgruppe.html#Interventionsgruppe-120\">120</a></td><td>Afsendelse til</td><td>Afsendelse til</td></tr><tr><td><a href=\"CodeSystem-Interventionsgruppe.html#Interventionsgruppe-130\">130</a></td><td>Modtagelse fra</td><td>Modtagelse fra</td></tr></table></li></ul></div>"
  },
  "url" : "https://kip.sundk.dk/fhir/ValueSet/InterventionsgruppeTransplantExclDNSL",
  "version" : "0.0.9",
  "name" : "InterventionsgruppeTransplantExclDNSL",
  "title" : "Interventionsgruppe Transplantation Excl (DNSL)",
  "status" : "active",
  "experimental" : true,
  "date" : "2024-01-10T00:00:00+02:00",
  "publisher" : "Sundhedsvæsnets Kvalistetsinstitut with Trifork Public A/S",
  "contact" : [{
    "name" : "Sundhedsvæsnets Kvalistetsinstitut with Trifork Public A/S",
    "telecom" : [{
      "system" : "url",
      "value" : "https://trifork.com"
    },
    {
      "system" : "email",
      "value" : "rbk@trifork.com"
    }]
  }],
  "description" : "Interventionsgruppe Transplantation eksklusiv transplantation udfaldet (DNSL)",
  "compose" : {
    "include" : [{
      "system" : "https://kip.sundk.dk/fhir/CodeSystem/Interventionsgruppe",
      "concept" : [{
        "code" : "620",
        "display" : "Nyrestart"
      },
      {
        "code" : "630",
        "display" : "Rejektion"
      },
      {
        "code" : "650",
        "display" : "Grafttab"
      },
      {
        "code" : "120",
        "display" : "Afsendelse til"
      },
      {
        "code" : "130",
        "display" : "Modtagelse fra"
      }]
    }]
  }
}