{
  "resourceType" : "ValueSet",
  "id" : "ManglendeBehandling",
  "text" : {
    "status" : "extensions",
    "div" : "<div xmlns=\"http://www.w3.org/1999/xhtml\"><p class=\"res-header-id\"><b>Generated Narrative: ValueSet ManglendeBehandling</b></p><a name=\"ManglendeBehandling\"> </a><a name=\"hcManglendeBehandling\"> </a><a name=\"ManglendeBehandling-en-US\"> </a><p>This value set includes codes based on the following rules:</p><ul><li>Include these codes as defined in <a href=\"CodeSystem-TreatmentNotGiven.html\"><code>https://kip.rkkp.dk/fhir/CodeSystem/TreatmentNotGiven</code></a><table class=\"none\"><tr><td style=\"white-space:nowrap\"><b>Code</b></td><td><b>Display</b></td><td><b>Definition</b></td></tr><tr><td><a href=\"CodeSystem-TreatmentNotGiven.html#TreatmentNotGiven-unsuitable\">unsuitable</a></td><td>Uegnet til behandling</td><td>Unsuitable for treatment / Uegnet til behandling</td></tr><tr><td><a href=\"CodeSystem-TreatmentNotGiven.html#TreatmentNotGiven-unwanted\">unwanted</a></td><td>Ønskede ikke behandling</td><td>Unwanted treatment / Ønskede ikke behandling</td></tr><tr><td><a href=\"CodeSystem-TreatmentNotGiven.html#TreatmentNotGiven-died\">died</a></td><td>Døde før behandling</td><td>Died before treatment / Døde før behandling</td></tr><tr><td><a href=\"CodeSystem-TreatmentNotGiven.html#TreatmentNotGiven-lack_capacity\">lack_capacity</a></td><td>Manglende kapacitet</td><td>Lack of capacity / Manglende kapacitet</td></tr><tr><td><a href=\"CodeSystem-TreatmentNotGiven.html#TreatmentNotGiven-other_palliative_department\">other_palliative_department</a></td><td>Behandlet af anden palliativ enhed</td><td>Other palliative department / Behandlet af anden palliativ enhed</td></tr></table></li><li>Include these codes as defined in <a href=\"CodeSystem-GenericValues.html\"><code>https://kip.rkkp.dk/fhir/CodeSystem/GenericValues</code></a><table class=\"none\"><tr><td style=\"white-space:nowrap\"><b>Code</b></td><td><b>Display</b></td><td><b>Definition</b></td></tr><tr><td><a href=\"CodeSystem-GenericValues.html#GenericValues-other\">other</a></td><td>Anden årsag</td><td>Other - used to choose unspecific value not in a valueset</td></tr></table></li></ul></div>"
  },
  "url" : "https://kip.rkkp.dk/fhir/ValueSet/ManglendeBehandling",
  "version" : "2.9.3",
  "name" : "ManglendeBehandling",
  "title" : "Grund til manglende behandling",
  "status" : "active",
  "experimental" : true,
  "date" : "2022-09-06T00:00:00+02:00",
  "publisher" : "Sundhedsvæsenets Kvalitetsinstitut with Trifork Digital Health A/S",
  "contact" : [{
    "name" : "Sundhedsvæsenets Kvalitetsinstitut with Trifork Digital Health A/S",
    "telecom" : [{
      "system" : "url",
      "value" : "https://trifork.com"
    },
    {
      "system" : "email",
      "value" : "rbk@trifork.com"
    }]
  }],
  "description" : "Årsag til manglende behandling",
  "compose" : {
    "include" : [{
      "system" : "https://kip.rkkp.dk/fhir/CodeSystem/TreatmentNotGiven",
      "concept" : [{
        "code" : "unsuitable",
        "display" : "Uegnet til behandling"
      },
      {
        "code" : "unwanted",
        "display" : "Ønskede ikke behandling"
      },
      {
        "code" : "died",
        "display" : "Døde før behandling"
      },
      {
        "code" : "lack_capacity",
        "display" : "Manglende kapacitet"
      },
      {
        "code" : "other_palliative_department",
        "display" : "Behandlet af anden palliativ enhed"
      }]
    },
    {
      "system" : "https://kip.rkkp.dk/fhir/CodeSystem/GenericValues",
      "concept" : [{
        "code" : "other",
        "display" : "Anden årsag"
      }]
    }]
  }
}