<?xml version="1.0" encoding="UTF-8"?><CodeSystem xmlns="http://hl7.org/fhir"><id value="MedicalTreatmentDuration"/><text><status value="generated"/><div xmlns="http://www.w3.org/1999/xhtml"><p class="res-header-id"><b>Generated Narrative: CodeSystem MedicalTreatmentDuration</b></p><a name="MedicalTreatmentDuration"> </a><a name="hcMedicalTreatmentDuration"> </a><a name="MedicalTreatmentDuration-en-US"> </a><p>This  code system <code>https://kip.rkkp.dk/fhir/CodeSystem/MedicalTreatmentDuration</code> defines the following codes:</p><table class="codes"><tr><td style="white-space:nowrap"><b>Code</b></td><td><b>Display</b></td><td><b>Definition</b></td></tr><tr><td style="white-space:nowrap">preoperative_peroperative<a name="MedicalTreatmentDuration-preoperative_peroperative"> </a></td><td>Præ-/peroperativt</td><td>Præ-/peroperativt</td></tr><tr><td style="white-space:nowrap">postoperative_1_day<a name="MedicalTreatmentDuration-postoperative_1_day"> </a></td><td>Postoperativ, 1 døgn</td><td>Postoperativ, 1 døgn</td></tr><tr><td style="white-space:nowrap">postoperative_multiple_days<a name="MedicalTreatmentDuration-postoperative_multiple_days"> </a></td><td>Postoperativ, flere døgn</td><td>Postoperativ, flere døgn</td></tr></table></div></text><url value="https://kip.rkkp.dk/fhir/CodeSystem/MedicalTreatmentDuration"/><version value="2.9.1"/><name value="MedicalTreatmentDuration"/><title value="Medical treatment duration"/><status value="active"/><date value="2022-07-06T00:00:00+02:00"/><publisher value="Sundhedsvæsnets Kvalistetsinstitut with Trifork Digital Health A/S"/><contact><name value="Sundhedsvæsnets Kvalistetsinstitut with Trifork Digital Health A/S"/><telecom><system value="url"/><value value="https://trifork.com"/></telecom><telecom><system value="email"/><value value="rbk@trifork.com"/></telecom></contact><description value="Medical treatment duration"/><content value="complete"/><count value="3"/><concept><code value="preoperative_peroperative"/><display value="Præ-/peroperativt"/><definition value="Præ-/peroperativt"/></concept><concept><code value="postoperative_1_day"/><display value="Postoperativ, 1 døgn"/><definition value="Postoperativ, 1 døgn"/></concept><concept><code value="postoperative_multiple_days"/><display value="Postoperativ, flere døgn"/><definition value="Postoperativ, flere døgn"/></concept></CodeSystem>