<?xml version="1.0" encoding="UTF-8"?><CodeSystem xmlns="http://hl7.org/fhir"><id value="FISHVariables"/><text><status value="generated"/><div xmlns="http://www.w3.org/1999/xhtml"><p class="res-header-id"><b>Generated Narrative: CodeSystem FISHVariables</b></p><a name="FISHVariables"> </a><a name="hcFISHVariables"> </a><a name="FISHVariables-en-US"> </a><p>This case-insensitive code system <code>https://kip.rkkp.dk/fhir/CodeSystem/FISHVariables</code> defines the following codes in an undefined hierarchy:</p><table class="codes"><tr><td><b>Lvl</b></td><td style="white-space:nowrap"><b>Code</b></td><td><b>Display</b></td><td><b>Definition</b></td></tr><tr><td>1</td><td style="white-space:nowrap">plasma_cell_identifikation_unspecific<a name="FISHVariables-plasma_cell_identifikation_unspecific"> </a></td><td>Plasma cell identification</td><td>Plasma cell identification, unspecific / Plasmacelleidentifikation, uspecifik</td></tr><tr><td>2</td><td style="white-space:nowrap">  cd138_sort<a name="FISHVariables-cd138_sort"> </a></td><td>CD138 sort</td><td>CD138 sort</td></tr><tr><td>2</td><td style="white-space:nowrap">  antibodies<a name="FISHVariables-antibodies"> </a></td><td>Antibodies</td><td>Antibodies / Antistof</td></tr><tr><td>1</td><td style="white-space:nowrap">igh_fgfr3<a name="FISHVariables-igh_fgfr3"> </a></td><td>t(4;14)/IGH-FGFR3</td><td>t(4;14)/IGH-FGFR3</td></tr><tr><td>1</td><td style="white-space:nowrap">igh_ccnd1<a name="FISHVariables-igh_ccnd1"> </a></td><td>t(11;14)/IGH-CCND1</td><td>t(11;14)/IGH-CCND1</td></tr><tr><td>1</td><td style="white-space:nowrap">igh_mbf<a name="FISHVariables-igh_mbf"> </a></td><td>t(14;16)/IGH-MBF</td><td>t(14;16)/IGH-MBF</td></tr><tr><td>1</td><td style="white-space:nowrap">igh_mafb<a name="FISHVariables-igh_mafb"> </a></td><td>t(14;20)/IGH-MAFB</td><td>t(14;20)/IGH-MAFB</td></tr><tr><td>1</td><td style="white-space:nowrap">igh_split_signal<a name="FISHVariables-igh_split_signal"> </a></td><td>IgH split signal</td><td>IgH split signal</td></tr><tr><td>1</td><td style="white-space:nowrap">13q_deletion<a name="FISHVariables-13q_deletion"> </a></td><td>13q deletion</td><td>13q deletion</td></tr><tr><td>1</td><td style="white-space:nowrap">tp53_deletion<a name="FISHVariables-tp53_deletion"> </a></td><td>TP53 deletion</td><td>TP53 deletion</td></tr><tr><td>1</td><td style="white-space:nowrap">1q21<a name="FISHVariables-1q21"> </a></td><td>1q21 amplifikation</td><td>1q21 amplifikation</td></tr><tr><td>1</td><td style="white-space:nowrap">11q22<a name="FISHVariables-11q22"> </a></td><td>11q22/ATM amplifikation</td><td>11q22/ATM amplifikation</td></tr><tr><td>1</td><td style="white-space:nowrap">1q21gain<a name="FISHVariables-1q21gain"> </a></td><td>1q21 gain (3 spot)</td><td>1q21 gain (3 spot)</td></tr><tr><td>1</td><td style="white-space:nowrap">1qdeletion<a name="FISHVariables-1qdeletion"> </a></td><td>1p deletion</td><td>1p deletion</td></tr></table></div></text><url value="https://kip.rkkp.dk/fhir/CodeSystem/FISHVariables"/><version value="2.9.1"/><name value="FISHVariables"/><title value="FISH variables; test"/><status value="active"/><date value="2025-02-21T00:00:00+02:00"/><publisher value="Sundhedsvæsnets Kvalistetsinstitut with Trifork Digital Health A/S"/><contact><name value="Sundhedsvæsnets Kvalistetsinstitut with Trifork Digital Health A/S"/><telecom><system value="url"/><value value="https://trifork.com"/></telecom><telecom><system value="email"/><value value="rbk@trifork.com"/></telecom></contact><description value="FISH variables; test"/><caseSensitive value="false"/><content value="complete"/><count value="14"/><concept><code value="plasma_cell_identifikation_unspecific"/><display value="Plasma cell identification"/><definition value="Plasma cell identification, unspecific / Plasmacelleidentifikation, uspecifik"/><concept><code value="cd138_sort"/><display value="CD138 sort"/><definition value="CD138 sort"/></concept><concept><code value="antibodies"/><display value="Antibodies"/><definition value="Antibodies / Antistof"/></concept></concept><concept><code value="igh_fgfr3"/><display value="t(4;14)/IGH-FGFR3"/><definition value="t(4;14)/IGH-FGFR3"/></concept><concept><code value="igh_ccnd1"/><display value="t(11;14)/IGH-CCND1"/><definition value="t(11;14)/IGH-CCND1"/></concept><concept><code value="igh_mbf"/><display value="t(14;16)/IGH-MBF"/><definition value="t(14;16)/IGH-MBF"/></concept><concept><code value="igh_mafb"/><display value="t(14;20)/IGH-MAFB"/><definition value="t(14;20)/IGH-MAFB"/></concept><concept><code value="igh_split_signal"/><display value="IgH split signal"/><definition value="IgH split signal"/></concept><concept><code value="13q_deletion"/><display value="13q deletion"/><definition value="13q deletion"/></concept><concept><code value="tp53_deletion"/><display value="TP53 deletion"/><definition value="TP53 deletion"/></concept><concept><code value="1q21"/><display value="1q21 amplifikation"/><definition value="1q21 amplifikation"/></concept><concept><code value="11q22"/><display value="11q22/ATM amplifikation"/><definition value="11q22/ATM amplifikation"/></concept><concept><code value="1q21gain"/><display value="1q21 gain (3 spot)"/><definition value="1q21 gain (3 spot)"/></concept><concept><code value="1qdeletion"/><display value="1p deletion"/><definition value="1p deletion"/></concept></CodeSystem>