<?xml version="1.0" encoding="UTF-8"?><CodeSystem xmlns="http://hl7.org/fhir"><id value="BANFF"/><text><status value="generated"/><div xmlns="http://www.w3.org/1999/xhtml"><p class="res-header-id"><b>Generated Narrative: CodeSystem BANFF</b></p><a name="BANFF"> </a><a name="hcBANFF"> </a><a name="BANFF-en-US"> </a><p>This  code system <code>https://kip.rkkp.dk/fhir/CodeSystem/BANFF</code> provides <b>a fragment</b> that includes following codes:</p><table class="codes"><tr><td style="white-space:nowrap"><b>Code</b></td><td><b>Display</b></td><td><b>Definition</b></td></tr><tr><td style="white-space:nowrap">Borderline<a name="BANFF-Borderline"> </a></td><td>Borderline</td><td>Borderline</td></tr><tr><td style="white-space:nowrap">1A<a name="BANFF-1A"> </a></td><td>1A</td><td>1A</td></tr><tr><td style="white-space:nowrap">1B<a name="BANFF-1B"> </a></td><td>1B</td><td>1B</td></tr><tr><td style="white-space:nowrap">2A<a name="BANFF-2A"> </a></td><td>2A</td><td>2A</td></tr><tr><td style="white-space:nowrap">2B<a name="BANFF-2B"> </a></td><td>2B</td><td>2B</td></tr><tr><td style="white-space:nowrap">3<a name="BANFF-3"> </a></td><td>3</td><td>3</td></tr><tr><td style="white-space:nowrap">InsufBiopsi<a name="BANFF-InsufBiopsi"> </a></td><td>Insufficient biopsi</td><td>Insufficient biopsi</td></tr><tr><td style="white-space:nowrap">AntistofMedi<a name="BANFF-AntistofMedi"> </a></td><td>Antistof-medieret</td><td>Antistof-medieret</td></tr></table></div></text><url value="https://kip.rkkp.dk/fhir/CodeSystem/BANFF"/><version value="2.9.1"/><name value="BANFF"/><title value="Banff Classifikation"/><status value="active"/><date value="2024-10-01T00:00:00+02:00"/><publisher value="Sundhedsvæsnets Kvalistetsinstitut with Trifork Digital Health A/S"/><contact><name value="Sundhedsvæsnets Kvalistetsinstitut with Trifork Digital Health A/S"/><telecom><system value="url"/><value value="https://trifork.com"/></telecom><telecom><system value="email"/><value value="rbk@trifork.com"/></telecom></contact><description value="Banff Classifikation"/><content value="fragment"/><concept><code value="Borderline"/><display value="Borderline"/><definition value="Borderline"/></concept><concept><code value="1A"/><display value="1A"/><definition value="1A"/></concept><concept><code value="1B"/><display value="1B"/><definition value="1B"/></concept><concept><code value="2A"/><display value="2A"/><definition value="2A"/></concept><concept><code value="2B"/><display value="2B"/><definition value="2B"/></concept><concept><code value="3"/><display value="3"/><definition value="3"/></concept><concept><code value="InsufBiopsi"/><display value="Insufficient biopsi"/><definition value="Insufficient biopsi"/></concept><concept><code value="AntistofMedi"/><display value="Antistof-medieret"/><definition value="Antistof-medieret"/></concept></CodeSystem>