<?xml version="1.0" encoding="UTF-8"?><CodeSystem xmlns="http://hl7.org/fhir"><id value="OperationType"/><text><status value="generated"/><div xmlns="http://www.w3.org/1999/xhtml"><p class="res-header-id"><b>Generated Narrative: CodeSystem OperationType</b></p><a name="OperationType"> </a><a name="hcOperationType"> </a><a name="OperationType-en-US"> </a><p>This case-insensitive code system <code>https://kip.rkkp.dk/fhir/CodeSystem/OperationType</code> defines the following codes:</p><table class="codes"><tr><td style="white-space:nowrap"><b>Code</b></td><td><b>Display</b></td><td><b>Definition</b></td></tr><tr><td style="white-space:nowrap">extirpation<a name="OperationType-extirpation"> </a></td><td>Extirpation</td><td>Extirpation / Ekstirpation / SNOMED-CT: 360020006</td></tr><tr><td style="white-space:nowrap">primary<a name="OperationType-primary"> </a></td><td>Primary</td><td>Primary</td></tr><tr><td style="white-space:nowrap">secondary<a name="OperationType-secondary"> </a></td><td>Secondary</td><td>Secondary</td></tr><tr><td style="white-space:nowrap">revision<a name="OperationType-revision"> </a></td><td>Revision</td><td>Revision</td></tr><tr><td style="white-space:nowrap">first_time<a name="OperationType-first_time"> </a></td><td>First time</td><td>First time / Første gang</td></tr><tr><td style="white-space:nowrap">recurrent<a name="OperationType-recurrent"> </a></td><td>Recurrent</td><td>Recurrent / Recidiv</td></tr></table></div></text><url value="https://kip.rkkp.dk/fhir/CodeSystem/OperationType"/><version value="2.9.1"/><name value="OperationType"/><title value="Operation type"/><status value="active"/><date value="2022-07-04T00:00:00+02:00"/><publisher value="Sundhedsvæsnets Kvalistetsinstitut with Trifork Digital Health A/S"/><contact><name value="Sundhedsvæsnets Kvalistetsinstitut with Trifork Digital Health A/S"/><telecom><system value="url"/><value value="https://trifork.com"/></telecom><telecom><system value="email"/><value value="rbk@trifork.com"/></telecom></contact><description value="Operation type (primary, revision, extirpation)"/><caseSensitive value="false"/><content value="complete"/><count value="6"/><concept><code value="extirpation"/><display value="Extirpation"/><definition value="Extirpation / Ekstirpation / SNOMED-CT: 360020006"/></concept><concept><code value="primary"/><display value="Primary"/><definition value="Primary"/></concept><concept><code value="secondary"/><display value="Secondary"/><definition value="Secondary"/></concept><concept><code value="revision"/><display value="Revision"/><definition value="Revision"/></concept><concept><code value="first_time"/><display value="First time"/><definition value="First time / Første gang"/></concept><concept><code value="recurrent"/><display value="Recurrent"/><definition value="Recurrent / Recidiv"/></concept></CodeSystem>