<?xml version="1.0" encoding="UTF-8"?><CodeSystem xmlns="http://hl7.org/fhir"><id value="NIHSS1cLOC"/><text><status value="generated"/><div xmlns="http://www.w3.org/1999/xhtml"><p class="res-header-id"><b>Generated Narrative: CodeSystem NIHSS1cLOC</b></p><a name="NIHSS1cLOC"> </a><a name="hcNIHSS1cLOC"> </a><a name="NIHSS1cLOC-en-US"> </a><p>This  code system <code>https://kip.rkkp.dk/fhir/CodeSystem/NIHSS1cLOC</code> defines the following codes:</p><table class="codes"><tr><td style="white-space:nowrap"><b>Code</b></td><td><b>Definition</b></td></tr><tr><td style="white-space:nowrap">0<a name="NIHSS1cLOC-0"> </a></td><td>Performs both tasks correctly.</td></tr><tr><td style="white-space:nowrap">1<a name="NIHSS1cLOC-1"> </a></td><td>Performs one task correctly.</td></tr><tr><td style="white-space:nowrap">2<a name="NIHSS1cLOC-2"> </a></td><td>Performs neither task correctly.</td></tr></table></div></text><url value="https://kip.rkkp.dk/fhir/CodeSystem/NIHSS1cLOC"/><version value="2.9.1"/><name value="NIHSS1cLOC"/><title value="The National Institute of Health Stroke Scale (NIHSS) - 1c. Level of Consciousness: Commands"/><status value="active"/><date value="2022-06-23T00:00:00+02:00"/><publisher value="Sundhedsvæsnets Kvalistetsinstitut with Trifork Digital Health A/S"/><contact><name value="Sundhedsvæsnets Kvalistetsinstitut with Trifork Digital Health A/S"/><telecom><system value="url"/><value value="https://trifork.com"/></telecom><telecom><system value="email"/><value value="rbk@trifork.com"/></telecom></contact><description value="The National Institute of Health Stroke Scale (NIHSS) - 1c. Level of Consciousness: Commands; Link: https://www.ninds.nih.gov/stroke-scales-and-related-information"/><content value="complete"/><count value="3"/><concept><code value="0"/><display value="0"/><definition value="Performs both tasks correctly."/></concept><concept><code value="1"/><display value="1"/><definition value="Performs one task correctly."/></concept><concept><code value="2"/><display value="2"/><definition value="Performs neither task correctly."/></concept></CodeSystem>