<?xml version="1.0" encoding="UTF-8"?><CodeSystem xmlns="http://hl7.org/fhir"><id value="Interventionsgruppe"/><text><status value="generated"/><div xmlns="http://www.w3.org/1999/xhtml"><p class="res-header-id"><b>Generated Narrative: CodeSystem Interventionsgruppe</b></p><a name="Interventionsgruppe"> </a><a name="hcInterventionsgruppe"> </a><a name="Interventionsgruppe-en-US"> </a><p>This case-insensitive code system <code>https://kip.rkkp.dk/fhir/CodeSystem/Interventionsgruppe</code> defines the following codes:</p><table class="codes"><tr><td style="white-space:nowrap"><b>Code</b></td><td><b>Display</b></td><td><b>Definition</b></td></tr><tr><td style="white-space:nowrap">100<a name="Interventionsgruppe-100"> </a></td><td>100: Ophør med aktiv behandling</td><td>Ophør med aktiv behandling</td></tr><tr><td style="white-space:nowrap">110<a name="Interventionsgruppe-110"> </a></td><td>110: Genvunden funktion</td><td>Genvunden funktion</td></tr><tr><td style="white-space:nowrap">120<a name="Interventionsgruppe-120"> </a></td><td>120: Afsendelse til</td><td>Afsendelse til</td></tr><tr><td style="white-space:nowrap">130<a name="Interventionsgruppe-130"> </a></td><td>130: Modtagelse fra</td><td>Modtagelse fra</td></tr><tr><td style="white-space:nowrap">310<a name="Interventionsgruppe-310"> </a></td><td>310: Hæmodialyse</td><td>Hæmodialyse</td></tr><tr><td style="white-space:nowrap">510<a name="Interventionsgruppe-510"> </a></td><td>510: Peritonealdialyse</td><td>Peritonealdialyse</td></tr><tr><td style="white-space:nowrap">550<a name="Interventionsgruppe-550"> </a></td><td>550: Peritonitis</td><td>Peritonitis</td></tr><tr><td style="white-space:nowrap">610<a name="Interventionsgruppe-610"> </a></td><td>610: Transplantation</td><td>Transplantation</td></tr><tr><td style="white-space:nowrap">620<a name="Interventionsgruppe-620"> </a></td><td>620: Nyrestart</td><td>Nyrestart</td></tr><tr><td style="white-space:nowrap">630<a name="Interventionsgruppe-630"> </a></td><td>630: Rejektion</td><td>Rejektion</td></tr><tr><td style="white-space:nowrap">650<a name="Interventionsgruppe-650"> </a></td><td>650: Grafttab</td><td>Grafttab</td></tr></table></div></text><url value="https://kip.rkkp.dk/fhir/CodeSystem/Interventionsgruppe"/><version value="2.9.1"/><name value="Interventionsgruppe"/><title value="Interventionsgruppe"/><status value="active"/><date value="2024-01-10T00:00:00+02:00"/><publisher value="Sundhedsvæsnets Kvalistetsinstitut with Trifork Digital Health A/S"/><contact><name value="Sundhedsvæsnets Kvalistetsinstitut with Trifork Digital Health A/S"/><telecom><system value="url"/><value value="https://trifork.com"/></telecom><telecom><system value="email"/><value value="rbk@trifork.com"/></telecom></contact><description value="Interventionsgruppe (DNSL)"/><caseSensitive value="false"/><content value="complete"/><count value="11"/><concept><code value="100"/><display value="100: Ophør med aktiv behandling"/><definition value="Ophør med aktiv behandling"/></concept><concept><code value="110"/><display value="110: Genvunden funktion"/><definition value="Genvunden funktion"/></concept><concept><code value="120"/><display value="120: Afsendelse til"/><definition value="Afsendelse til"/></concept><concept><code value="130"/><display value="130: Modtagelse fra"/><definition value="Modtagelse fra"/></concept><concept><code value="310"/><display value="310: Hæmodialyse"/><definition value="Hæmodialyse"/></concept><concept><code value="510"/><display value="510: Peritonealdialyse"/><definition value="Peritonealdialyse"/></concept><concept><code value="550"/><display value="550: Peritonitis"/><definition value="Peritonitis"/></concept><concept><code value="610"/><display value="610: Transplantation"/><definition value="Transplantation"/></concept><concept><code value="620"/><display value="620: Nyrestart"/><definition value="Nyrestart"/></concept><concept><code value="630"/><display value="630: Rejektion"/><definition value="Rejektion"/></concept><concept><code value="650"/><display value="650: Grafttab"/><definition value="Grafttab"/></concept></CodeSystem>