<?xml version="1.0" encoding="UTF-8"?><CodeSystem xmlns="http://hl7.org/fhir"><id value="NIHSS4FacialPalsy"/><text><status value="generated"/><div xmlns="http://www.w3.org/1999/xhtml"><p class="res-header-id"><b>Generated Narrative: CodeSystem NIHSS4FacialPalsy</b></p><a name="NIHSS4FacialPalsy"> </a><a name="hcNIHSS4FacialPalsy"> </a><a name="NIHSS4FacialPalsy-en-US"> </a><p>This  code system <code>https://kip.rkkp.dk/fhir/CodeSystem/NIHSS4FacialPalsy</code> defines the following codes:</p><table class="codes"><tr><td style="white-space:nowrap"><b>Code</b></td><td><b>Definition</b></td></tr><tr><td style="white-space:nowrap">0<a name="NIHSS4FacialPalsy-0"> </a></td><td>Normal symmetrical movements.</td></tr><tr><td style="white-space:nowrap">1<a name="NIHSS4FacialPalsy-1"> </a></td><td>Minor paralysis (flattened nasolabial fold, asymmetry on smiling).</td></tr><tr><td style="white-space:nowrap">2<a name="NIHSS4FacialPalsy-2"> </a></td><td>Partial paralysis (total or near-total paralysis of lower face).</td></tr><tr><td style="white-space:nowrap">3<a name="NIHSS4FacialPalsy-3"> </a></td><td>Complete paralysis of one or both sides (absence of facial movement in the upper and lower face).</td></tr></table></div></text><url value="https://kip.rkkp.dk/fhir/CodeSystem/NIHSS4FacialPalsy"/><version value="2.9.1"/><name value="NIHSS4FacialPalsy"/><title value="The National Institute of Health Stroke Scale (NIHSS) - 4. Facial Palsy"/><status value="active"/><date value="2022-06-23T00:00:00+02:00"/><publisher value="Sundhedsvæsnets Kvalistetsinstitut with Trifork Digital Health A/S"/><contact><name value="Sundhedsvæsnets Kvalistetsinstitut with Trifork Digital Health A/S"/><telecom><system value="url"/><value value="https://trifork.com"/></telecom><telecom><system value="email"/><value value="rbk@trifork.com"/></telecom></contact><description value="The National Institute of Health Stroke Scale (NIHSS) - 4. Facial Palsy; Link: https://www.ninds.nih.gov/stroke-scales-and-related-information"/><content value="complete"/><count value="4"/><concept><code value="0"/><display value="0"/><definition value="Normal symmetrical movements."/></concept><concept><code value="1"/><display value="1"/><definition value="Minor paralysis (flattened nasolabial fold, asymmetry on smiling)."/></concept><concept><code value="2"/><display value="2"/><definition value="Partial paralysis (total or near-total paralysis of lower face)."/></concept><concept><code value="3"/><display value="3"/><definition value="Complete paralysis of one or both sides (absence of facial movement in the upper and lower face)."/></concept></CodeSystem>