<?xml version="1.0" encoding="UTF-8"?><ValueSet xmlns="http://hl7.org/fhir"><id value="NIHSS1aBevidsthedsniveau"/><text><status value="extensions"/><div xmlns="http://www.w3.org/1999/xhtml"><p class="res-header-id"><b>Generated Narrative: ValueSet NIHSS1aBevidsthedsniveau</b></p><a name="NIHSS1aBevidsthedsniveau"> </a><a name="hcNIHSS1aBevidsthedsniveau"> </a><a name="NIHSS1aBevidsthedsniveau-en-US"> </a><ul><li>Include these codes as defined in <a href="CodeSystem-NIHSS1aLOC.html"><code>https://kip.rkkp.dk/fhir/CodeSystem/NIHSS1aLOC</code></a><table class="none"><tr><td style="white-space:nowrap"><b>Code</b></td><td><b>Display</b></td><td><b>Definition</b></td></tr><tr><td><a href="CodeSystem-NIHSS1aLOC.html#NIHSS1aLOC-0">0</a></td><td>0 = Helt vågen, reagerer naturligt</td><td>Alert; keenly responsive.</td></tr><tr><td><a href="CodeSystem-NIHSS1aLOC.html#NIHSS1aLOC-1">1</a></td><td>1 = Ikke vågen, men responderer ved mindre stimuli</td><td>Not alert; but arousable by minor stimulation to obey, answer, or respond.</td></tr><tr><td><a href="CodeSystem-NIHSS1aLOC.html#NIHSS1aLOC-2">2</a></td><td>2 = Ikke vågen, kan kun vækkes ved gentagne eller kraftige stimuli</td><td>Not alert; requires repeated stimulation to attend, or is obtunded and requires strong or painful stimulation to make movements (not stereotyped).</td></tr><tr><td><a href="CodeSystem-NIHSS1aLOC.html#NIHSS1aLOC-3">3</a></td><td>3 = Koma</td><td>Responds only with reflex motor or autonomic effects or totally unresponsive, flaccid, and areflexic.</td></tr></table></li></ul></div></text><url value="https://kip.rkkp.dk/fhir/ValueSet/NIHSS1aBevidsthedsniveau"/><version value="2.9.1"/><name value="NIHSS1aBevidsthedsniveau"/><title value="NIHSS - 1a. Bevidsthedsniveau"/><status value="active"/><experimental value="true"/><date value="2022-06-24T00:00:00+02:00"/><publisher value="Sundhedsvæsnets Kvalistetsinstitut with Trifork Digital Health A/S"/><contact><name value="Sundhedsvæsnets Kvalistetsinstitut with Trifork Digital Health A/S"/><telecom><system value="url"/><value value="https://trifork.com"/></telecom><telecom><system value="email"/><value value="rbk@trifork.com"/></telecom></contact><description value="The National Institute of Health Stroke Scale (NIHSS) - 1a. Bevidsthedsniveau"/><compose><include><system value="https://kip.rkkp.dk/fhir/CodeSystem/NIHSS1aLOC"/><concept><code value="0"/><display value="0 = Helt vågen, reagerer naturligt"/></concept><concept><code value="1"/><display value="1 = Ikke vågen, men responderer ved mindre stimuli"/></concept><concept><code value="2"/><display value="2 = Ikke vågen, kan kun vækkes ved gentagne eller kraftige stimuli"/></concept><concept><code value="3"/><display value="3 = Koma"/></concept></include></compose></ValueSet>