<?xml version="1.0" encoding="UTF-8"?><ValueSet xmlns="http://hl7.org/fhir"><id value="OperativtSigteDCCG"/><text><status value="extensions"/><div xmlns="http://www.w3.org/1999/xhtml"><p class="res-header-id"><b>Generated Narrative: ValueSet OperativtSigteDCCG</b></p><a name="OperativtSigteDCCG"> </a><a name="hcOperativtSigteDCCG"> </a><a name="OperativtSigteDCCG-en-US"> </a><ul><li>Include these codes as defined in <a href="CodeSystem-TreatmentIntention.html"><code>https://kip.rkkp.dk/fhir/CodeSystem/TreatmentIntention</code></a><table class="none"><tr><td style="white-space:nowrap"><b>Code</b></td><td><b>Display</b></td><td><b>Definition</b></td></tr><tr><td><a href="CodeSystem-TreatmentIntention.html#TreatmentIntention-curative">curative</a></td><td>Kurativ</td><td>Kurativt intenderet</td></tr><tr><td><a href="CodeSystem-TreatmentIntention.html#TreatmentIntention-compromised_resection">compromised_resection</a></td><td>Compromiteret resektion</td><td>Compromised resection</td></tr><tr><td><a href="CodeSystem-TreatmentIntention.html#TreatmentIntention-palliative">palliative</a></td><td>Palliativt</td><td>Palliativt intenderet</td></tr></table></li></ul></div></text><url value="https://kip.rkkp.dk/fhir/ValueSet/OperativtSigteDCCG"/><version value="2.9.1"/><name value="OperativtSigteDCCG"/><title value="Operativt Sigte DCCG"/><status value="active"/><experimental value="true"/><date value="2022-09-07T00:00:00+02:00"/><publisher value="Sundhedsvæsnets Kvalistetsinstitut with Trifork Digital Health A/S"/><contact><name value="Sundhedsvæsnets Kvalistetsinstitut with Trifork Digital Health A/S"/><telecom><system value="url"/><value value="https://trifork.com"/></telecom><telecom><system value="email"/><value value="rbk@trifork.com"/></telecom></contact><description value="Operativt Sigte DCCG"/><compose><include><system value="https://kip.rkkp.dk/fhir/CodeSystem/TreatmentIntention"/><concept><code value="curative"/><display value="Kurativ"/></concept><concept><code value="compromised_resection"/><display value="Compromiteret resektion"/></concept><concept><code value="palliative"/><display value="Palliativt"/></concept></include></compose></ValueSet>