<?xml version="1.0" encoding="UTF-8"?><ValueSet xmlns="http://hl7.org/fhir"><id value="EndoskopiskUdseende"/><text><status value="extensions"/><div xmlns="http://www.w3.org/1999/xhtml"><p class="res-header-id"><b>Generated Narrative: ValueSet EndoskopiskUdseende</b></p><a name="EndoskopiskUdseende"> </a><a name="hcEndoskopiskUdseende"> </a><a name="EndoskopiskUdseende-en-US"> </a><p>This value set includes codes based on the following rules:</p><ul><li>Include these codes as defined in <a href="CodeSystem-EndoscopicAppearance.html"><code>https://kip.rkkp.dk/fhir/CodeSystem/EndoscopicAppearance</code></a><table class="none"><tr><td style="white-space:nowrap"><b>Code</b></td><td><b>Display</b></td><td><b>Definition</b></td></tr><tr><td><a href="CodeSystem-EndoscopicAppearance.html#EndoscopicAppearance-stalk">stalk</a></td><td>Stilket</td><td>Stalked / Stilket</td></tr><tr><td><a href="CodeSystem-EndoscopicAppearance.html#EndoscopicAppearance-broad">broad</a></td><td>Bredbaset</td><td>Broad based / Bredbaset</td></tr><tr><td><a href="CodeSystem-EndoscopicAppearance.html#EndoscopicAppearance-non_polypoid">non_polypoid</a></td><td>Non-polypoid</td><td>Non-polypoid</td></tr></table></li><li>Include these codes as defined in <a href="CodeSystem-GenericValues.html"><code>https://kip.rkkp.dk/fhir/CodeSystem/GenericValues</code></a><table class="none"><tr><td style="white-space:nowrap"><b>Code</b></td><td><b>Display</b></td><td><b>Definition</b></td></tr><tr><td><a href="CodeSystem-GenericValues.html#GenericValues-other">other</a></td><td>Anden morfologi</td><td>Other - used to choose unspecific value not in a valueset</td></tr></table></li></ul></div></text><url value="https://kip.rkkp.dk/fhir/ValueSet/EndoskopiskUdseende"/><version value="2.9.1"/><name value="EndoskopiskUdseende"/><title value="Polyppens endoskopiske udseende"/><status value="active"/><experimental value="true"/><date value="2022-09-07T00:00:00+02:00"/><publisher value="Sundhedsvæsnets Kvalistetsinstitut with Trifork Digital Health A/S"/><contact><name value="Sundhedsvæsnets Kvalistetsinstitut with Trifork Digital Health A/S"/><telecom><system value="url"/><value value="https://trifork.com"/></telecom><telecom><system value="email"/><value value="rbk@trifork.com"/></telecom></contact><description value="Polyppens endoskopiske udseende"/><compose><include><system value="https://kip.rkkp.dk/fhir/CodeSystem/EndoscopicAppearance"/><concept><code value="stalk"/><display value="Stilket"/></concept><concept><code value="broad"/><display value="Bredbaset"/></concept><concept><code value="non_polypoid"/><display value="Non-polypoid"/></concept></include><include><system value="https://kip.rkkp.dk/fhir/CodeSystem/GenericValues"/><concept><code value="other"/><display value="Anden morfologi"/></concept></include></compose></ValueSet>