<?xml version="1.0" encoding="UTF-8"?><ValueSet xmlns="http://hl7.org/fhir"><id value="PatobankSNOMEDLeukemiaDiagnose"/><text><status value="extensions"/><div xmlns="http://www.w3.org/1999/xhtml"><p class="res-header-id"><b>Generated Narrative: ValueSet PatobankSNOMEDLeukemiaDiagnose</b></p><a name="PatobankSNOMEDLeukemiaDiagnose"> </a><a name="hcPatobankSNOMEDLeukemiaDiagnose"> </a><a name="PatobankSNOMEDLeukemiaDiagnose-en-US"> </a><ul><li>Include these codes as defined in <a href="CodeSystem-PatobankSNOMED.html"><code>https://kip.rkkp.dk/fhir/CodeSystem/PatobankSNOMED</code></a><table class="none"><tr><td style="white-space:nowrap"><b>Code</b></td><td><b>Display</b></td><td><b>Definition</b></td></tr><tr><td><a href="CodeSystem-PatobankSNOMED.html#PatobankSNOMED-M98963">M98963</a></td><td>M98963: AML m. t(8;21); RUNX1-RUNX1T1</td><td>AML m. t(8;21); RUNX1-RUNX1T1</td></tr><tr><td><a href="CodeSystem-PatobankSNOMED.html#PatobankSNOMED-M98713">M98713</a></td><td>M98713: AML m. inv(16) el. t(16;16); CBFß-MYH11</td><td>AML m. inv(16) el. t(16;16); CBFß-MYH11</td></tr><tr><td><a href="CodeSystem-PatobankSNOMED.html#PatobankSNOMED-M98663">M98663</a></td><td>M98663: akut promyelocyt leukæmi m. t(15;17); PML-RARa</td><td>akut promyelocyt leukæmi m. t(15;17); PML-RARa</td></tr><tr><td><a href="CodeSystem-PatobankSNOMED.html#PatobankSNOMED-M98973">M98973</a></td><td>M98973: AML m. t(9;11); KMT2A-MLLT3</td><td>AML m. t(9;11); KMT2A-MLLT3</td></tr><tr><td><a href="CodeSystem-PatobankSNOMED.html#PatobankSNOMED-M98953">M98953</a></td><td>M98953: AML m. myelodysplasi-relaterede forandringer</td><td>AML m. myelodysplasi-relaterede forandringer</td></tr><tr><td><a href="CodeSystem-PatobankSNOMED.html#PatobankSNOMED-M99203">M99203</a></td><td>M99203: terapirelateret myeloid neoplasi</td><td>terapirelateret myeloid neoplasi</td></tr><tr><td><a href="CodeSystem-PatobankSNOMED.html#PatobankSNOMED-M98723">M98723</a></td><td>M98723: akut myeloid leukæmi, minimalt differentieret</td><td>Akut myeloid leukæmi, minimalt differentieret</td></tr><tr><td><a href="CodeSystem-PatobankSNOMED.html#PatobankSNOMED-M98733">M98733</a></td><td>M98733: akut myeloid leukæmi, uden modning</td><td>Akut myeloid leukæmi, uden modning</td></tr><tr><td><a href="CodeSystem-PatobankSNOMED.html#PatobankSNOMED-M98743">M98743</a></td><td>M98743: akut myeloid leukæmi, med modning</td><td>Akut myeloid leukæmi, med modning</td></tr><tr><td><a href="CodeSystem-PatobankSNOMED.html#PatobankSNOMED-M98673">M98673</a></td><td>M98673: akut myelomonocytær leukæmi</td><td>akut myelomonocytær leukæmi</td></tr><tr><td><a href="CodeSystem-PatobankSNOMED.html#PatobankSNOMED-M98913">M98913</a></td><td>M98913: akut monoblastisk/monocytær leukæmi</td><td>Akut monoblastisk/monocytær leukæmi</td></tr><tr><td><a href="CodeSystem-PatobankSNOMED.html#PatobankSNOMED-M98403">M98403</a></td><td>M98403: erytroleukæmi (FAB-type M6)</td><td>erytroleukæmi (FAB-type M6)</td></tr><tr><td><a href="CodeSystem-PatobankSNOMED.html#PatobankSNOMED-M99103">M99103</a></td><td>M99103: akut megakaryoblastleukæmi</td><td>akut megakaryoblastleukæmi</td></tr><tr><td><a href="CodeSystem-PatobankSNOMED.html#PatobankSNOMED-M98703">M98703</a></td><td>M98703: akut basofil leukæmi</td><td>akut basofil leukæmi</td></tr><tr><td><a href="CodeSystem-PatobankSNOMED.html#PatobankSNOMED-M99313">M99313</a></td><td>M99313: panmyeloid proliferation med myelofibrose</td><td>panmyeloid proliferation med myelofibrose</td></tr><tr><td><a href="CodeSystem-PatobankSNOMED.html#PatobankSNOMED-M99303">M99303</a></td><td>M99303: myeloidt sarkom</td><td>myeloidt sarkom</td></tr><tr><td><a href="CodeSystem-PatobankSNOMED.html#PatobankSNOMED-M98613">M98613</a></td><td>M98613: akut myeloid leukæmi</td><td>akut myeloid leukæmi</td></tr><tr><td><a href="CodeSystem-PatobankSNOMED.html#PatobankSNOMED-M98013">M98013</a></td><td>M98013: akut udifferentieret leukæmi</td><td>akut udifferentieret leukæmi</td></tr><tr><td><a href="CodeSystem-PatobankSNOMED.html#PatobankSNOMED-M98053">M98053</a></td><td>M98053: akut leukæmi af ubestemmelig celletype</td><td>akut leukæmi af ubestemmelig celletype</td></tr><tr><td><a href="CodeSystem-PatobankSNOMED.html#PatobankSNOMED-M98353">M98353</a></td><td>M98353: precursor B-lymfoblastisk leukæmi</td><td>precursor B-lymfoblastisk leukæmi</td></tr><tr><td><a href="CodeSystem-PatobankSNOMED.html#PatobankSNOMED-M98373">M98373</a></td><td>M98373: precursor T-lymfoblastisk leukæmi</td><td>precursor T-lymfoblastisk leukæmi</td></tr><tr><td><a href="CodeSystem-PatobankSNOMED.html#PatobankSNOMED-M99833">M99833</a></td><td>M99833: MDS med overskud af blaster</td><td>MDS med overskud af blaster</td></tr></table></li></ul></div></text><url value="https://kip.rkkp.dk/fhir/ValueSet/PatobankSNOMEDLeukemiaDiagnose"/><version value="2.9.1"/><name value="PatobankSNOMEDLeukemiaDiagnose"/><title value="Leukæmi diagnoser"/><status value="active"/><experimental value="true"/><date value="2022-06-08T00:00:00+02:00"/><publisher value="Sundhedsvæsnets Kvalistetsinstitut with Trifork Digital Health A/S"/><contact><name value="Sundhedsvæsnets Kvalistetsinstitut with Trifork Digital Health A/S"/><telecom><system value="url"/><value value="https://trifork.com"/></telecom><telecom><system value="email"/><value value="rbk@trifork.com"/></telecom></contact><description value="Leukæmi diagnoser"/><compose><include><system value="https://kip.rkkp.dk/fhir/CodeSystem/PatobankSNOMED"/><concept><code value="M98963"/><display value="M98963: AML m. t(8;21); RUNX1-RUNX1T1"/></concept><concept><code value="M98713"/><display value="M98713: AML m. inv(16) el. t(16;16); CBFß-MYH11"/></concept><concept><code value="M98663"/><display value="M98663: akut promyelocyt leukæmi m. t(15;17); PML-RARa"/></concept><concept><code value="M98973"/><display value="M98973: AML m. t(9;11); KMT2A-MLLT3"/></concept><concept><code value="M98953"/><display value="M98953: AML m. myelodysplasi-relaterede forandringer"/></concept><concept><code value="M99203"/><display value="M99203: terapirelateret myeloid neoplasi"/></concept><concept><code value="M98723"/><display value="M98723: akut myeloid leukæmi, minimalt differentieret"/></concept><concept><code value="M98733"/><display value="M98733: akut myeloid leukæmi, uden modning"/></concept><concept><code value="M98743"/><display value="M98743: akut myeloid leukæmi, med modning"/></concept><concept><code value="M98673"/><display value="M98673: akut myelomonocytær leukæmi"/></concept><concept><code value="M98913"/><display value="M98913: akut monoblastisk/monocytær leukæmi"/></concept><concept><code value="M98403"/><display value="M98403: erytroleukæmi (FAB-type M6)"/></concept><concept><code value="M99103"/><display value="M99103: akut megakaryoblastleukæmi"/></concept><concept><code value="M98703"/><display value="M98703: akut basofil leukæmi"/></concept><concept><code value="M99313"/><display value="M99313: panmyeloid proliferation med myelofibrose"/></concept><concept><code value="M99303"/><display value="M99303: myeloidt sarkom"/></concept><concept><code value="M98613"/><display value="M98613: akut myeloid leukæmi"/></concept><concept><code value="M98013"/><display value="M98013: akut udifferentieret leukæmi"/></concept><concept><code value="M98053"/><display value="M98053: akut leukæmi af ubestemmelig celletype"/></concept><concept><code value="M98353"/><display value="M98353: precursor B-lymfoblastisk leukæmi"/></concept><concept><code value="M98373"/><display value="M98373: precursor T-lymfoblastisk leukæmi"/></concept><concept><code value="M99833"/><display value="M99833: MDS med overskud af blaster"/></concept></include></compose></ValueSet>