<?xml version="1.0" encoding="UTF-8"?><ValueSet xmlns="http://hl7.org/fhir"><id value="PatobankSNOMEDMDSDiagnose"/><text><status value="extensions"/><div xmlns="http://www.w3.org/1999/xhtml"><p class="res-header-id"><b>Generated Narrative: ValueSet PatobankSNOMEDMDSDiagnose</b></p><a name="PatobankSNOMEDMDSDiagnose"> </a><a name="hcPatobankSNOMEDMDSDiagnose"> </a><a name="PatobankSNOMEDMDSDiagnose-en-US"> </a><ul><li>Include these codes as defined in <a href="CodeSystem-PatobankSNOMED.html"><code>https://kip.rkkp.dk/fhir/CodeSystem/PatobankSNOMED</code></a><table class="none"><tr><td style="white-space:nowrap"><b>Code</b></td><td><b>Display</b></td><td><b>Definition</b></td></tr><tr><td><a href="CodeSystem-PatobankSNOMED.html#PatobankSNOMED-M99453">M99453</a></td><td>Kronisk myelomonocytær leukæmi (CMML)</td><td>kronisk myelomonocytær leukæmi</td></tr><tr><td><a href="CodeSystem-PatobankSNOMED.html#PatobankSNOMED-M99803">M99803</a></td><td>MDS med unilinie dysplasi</td><td>MDS med unilinie dysplasi</td></tr><tr><td><a href="CodeSystem-PatobankSNOMED.html#PatobankSNOMED-M99823">M99823</a></td><td>MDS med ringsideroblaster og unilinie dysplasi</td><td>MDS med ringsideroblaster og unilinie dysplasi</td></tr><tr><td><a href="CodeSystem-PatobankSNOMED.html#PatobankSNOMED-M99853">M99853</a></td><td>MDS med multilineær dysplasi</td><td>MDS med multilineær dysplasi</td></tr><tr><td><a href="CodeSystem-PatobankSNOMED.html#PatobankSNOMED-M99833">M99833</a></td><td>MDS med overskud af blaster</td><td>MDS med overskud af blaster</td></tr><tr><td><a href="CodeSystem-PatobankSNOMED.html#PatobankSNOMED-M99863">M99863</a></td><td>MDS med isoleret del(5q) kromosomafvigelse</td><td>MDS med isoleret del(5q) kromosomafvigelse</td></tr><tr><td><a href="CodeSystem-PatobankSNOMED.html#PatobankSNOMED-M99893">M99893</a></td><td>MDS - uklassificerbar</td><td>myelodysplastisk syndrom</td></tr></table></li></ul></div></text><url value="https://kip.rkkp.dk/fhir/ValueSet/PatobankSNOMEDMDSDiagnose"/><version value="2.9.1"/><name value="PatobankSNOMEDMDSDiagnose"/><title value="MDS diagnoser (Patobank SNOMED)"/><status value="active"/><experimental value="true"/><date value="2022-06-08T00:00:00+02:00"/><publisher value="Sundhedsvæsnets Kvalistetsinstitut with Trifork Digital Health A/S"/><contact><name value="Sundhedsvæsnets Kvalistetsinstitut with Trifork Digital Health A/S"/><telecom><system value="url"/><value value="https://trifork.com"/></telecom><telecom><system value="email"/><value value="rbk@trifork.com"/></telecom></contact><description value="MDS diagnoser (Patobank SNOMED)"/><compose><include><system value="https://kip.rkkp.dk/fhir/CodeSystem/PatobankSNOMED"/><concept><code value="M99453"/><display value="Kronisk myelomonocytær leukæmi (CMML)"/></concept><concept><code value="M99803"/><display value="MDS med unilinie dysplasi"/></concept><concept><code value="M99823"/><display value="MDS med ringsideroblaster og unilinie dysplasi"/></concept><concept><code value="M99853"/><display value="MDS med multilineær dysplasi"/></concept><concept><code value="M99833"/><display value="MDS med overskud af blaster"/></concept><concept><code value="M99863"/><display value="MDS med isoleret del(5q) kromosomafvigelse"/></concept><concept><code value="M99893"/><display value="MDS - uklassificerbar"/></concept></include></compose></ValueSet>