<?xml version="1.0" encoding="UTF-8"?><ValueSet xmlns="http://hl7.org/fhir"><id value="SKScTNMcN"/><text><status value="extensions"/><div xmlns="http://www.w3.org/1999/xhtml"><p class="res-header-id"><b>Generated Narrative: ValueSet SKScTNMcN</b></p><a name="SKScTNMcN"> </a><a name="hcSKScTNMcN"> </a><a name="SKScTNMcN-en-US"> </a><ul><li>Include these codes as defined in <a href="CodeSystem-SKS.html"><code>https://kip.rkkp.dk/fhir/CodeSystem/SKS</code></a><table class="none"><tr><td style="white-space:nowrap"><b>Code</b></td><td><b>Display</b></td><td><b>Definition</b></td></tr><tr><td><a href="CodeSystem-SKS.html#SKS-AZCD30">AZCD30</a></td><td>cN0: Ingen regionale lymfeknudemetastaser</td><td>AZCD30 - cN0: Ingen regionale lymfeknudemetastaser</td></tr><tr><td><a href="CodeSystem-SKS.html#SKS-AZCD31">AZCD31</a></td><td>cN1: Regional lymfeknudemetastase</td><td>AZCD31 - cN1: Regional lymfeknudemetastase</td></tr><tr><td><a href="CodeSystem-SKS.html#SKS-AZCD32">AZCD32</a></td><td>cN2: Regional lymfeknudemetastase</td><td>AZCD32 - cN2: Regional lymfeknudemetastase</td></tr><tr><td><a href="CodeSystem-SKS.html#SKS-AZCD33">AZCD33</a></td><td>cN3: Regional lymfeknudemetastase</td><td>AZCD33 - cN3: Regional lymfeknudemetastase</td></tr><tr><td><a href="CodeSystem-SKS.html#SKS-AZCD39">AZCD39</a></td><td>cNx: Opl om regional lymfeknudestatus foreligger ikke i afd</td><td>AZCD39 - cNx: Opl om regional lymfeknudestatus foreligger ikke i afd</td></tr></table></li></ul></div></text><url value="https://kip.rkkp.dk/fhir/ValueSet/SKScTNMcN"/><version value="2.9.1"/><name value="SKScTNMcN"/><title value="SKS: cTNM klassifikation, cN"/><status value="active"/><experimental value="true"/><date value="2022-06-08T00:00:00+02:00"/><publisher value="Sundhedsvæsnets Kvalistetsinstitut with Trifork Digital Health A/S"/><contact><name value="Sundhedsvæsnets Kvalistetsinstitut with Trifork Digital Health A/S"/><telecom><system value="url"/><value value="https://trifork.com"/></telecom><telecom><system value="email"/><value value="rbk@trifork.com"/></telecom></contact><description value="SKS koderne relevante cN tillægskoder"/><compose><include><system value="https://kip.rkkp.dk/fhir/CodeSystem/SKS"/><concept><code value="AZCD30"/><display value="cN0: Ingen regionale lymfeknudemetastaser"/></concept><concept><code value="AZCD31"/><display value="cN1: Regional lymfeknudemetastase"/></concept><concept><code value="AZCD32"/><display value="cN2: Regional lymfeknudemetastase"/></concept><concept><code value="AZCD33"/><display value="cN3: Regional lymfeknudemetastase"/></concept><concept><code value="AZCD39"/><display value="cNx: Opl om regional lymfeknudestatus foreligger ikke i afd"/></concept></include></compose></ValueSet>