<?xml version="1.0" encoding="UTF-8"?><ValueSet xmlns="http://hl7.org/fhir"><id value="KognitivTestDANDEM"/><text><status value="extensions"/><div xmlns="http://www.w3.org/1999/xhtml"><p class="res-header-id"><b>Generated Narrative: ValueSet KognitivTestDANDEM</b></p><a name="KognitivTestDANDEM"> </a><a name="hcKognitivTestDANDEM"> </a><a name="KognitivTestDANDEM-en-US"> </a><ul><li>Include these codes as defined in <a href="CodeSystem-CognitiveTest.html"><code>https://kip.rkkp.dk/fhir/CodeSystem/CognitiveTest</code></a><table class="none"><tr><td style="white-space:nowrap"><b>Code</b></td><td><b>Display</b></td><td><b>Definition</b></td></tr><tr><td><a href="CodeSystem-CognitiveTest.html#CognitiveTest-mmse">mmse</a></td><td>MMSE</td><td>MMSE</td></tr><tr><td><a href="CodeSystem-CognitiveTest.html#CognitiveTest-ace">ace</a></td><td>ACE</td><td>ACE</td></tr><tr><td><a href="CodeSystem-CognitiveTest.html#CognitiveTest-basic">basic</a></td><td>BASIC</td><td>BASIC</td></tr><tr><td><a href="CodeSystem-CognitiveTest.html#CognitiveTest-camcog">camcog</a></td><td>CAMcog</td><td>CAMcog</td></tr><tr><td><a href="CodeSystem-CognitiveTest.html#CognitiveTest-moca">moca</a></td><td>MoCa</td><td>MoCa</td></tr><tr><td><a href="CodeSystem-CognitiveTest.html#CognitiveTest-rudas">rudas</a></td><td>RUDAS</td><td>RUDAS</td></tr></table></li></ul></div></text><url value="https://kip.rkkp.dk/fhir/ValueSet/KognitivTestDANDEM"/><version value="2.9.1"/><name value="KognitivTestDANDEM"/><title value="Kognitiv test (DANDEM)"/><status value="active"/><experimental value="true"/><date value="2022-07-19T00:00:00+02:00"/><publisher value="Sundhedsvæsnets Kvalistetsinstitut with Trifork Digital Health A/S"/><contact><name value="Sundhedsvæsnets Kvalistetsinstitut with Trifork Digital Health A/S"/><telecom><system value="url"/><value value="https://trifork.com"/></telecom><telecom><system value="email"/><value value="rbk@trifork.com"/></telecom></contact><description value="Kognitiv test (DANDEM)"/><compose><include><system value="https://kip.rkkp.dk/fhir/CodeSystem/CognitiveTest"/><concept><code value="mmse"/><display value="MMSE"/></concept><concept><code value="ace"/><display value="ACE"/></concept><concept><code value="basic"/><display value="BASIC"/></concept><concept><code value="camcog"/><display value="CAMcog"/></concept><concept><code value="moca"/><display value="MoCa"/></concept><concept><code value="rudas"/><display value="RUDAS"/></concept></include></compose></ValueSet>