<?xml version="1.0" encoding="UTF-8"?><ValueSet xmlns="http://hl7.org/fhir"><id value="KomponentPatellaMaterialeDKR"/><text><status value="extensions"/><div xmlns="http://www.w3.org/1999/xhtml"><p class="res-header-id"><b>Generated Narrative: ValueSet KomponentPatellaMaterialeDKR</b></p><a name="KomponentPatellaMaterialeDKR"> </a><a name="hcKomponentPatellaMaterialeDKR"> </a><a name="KomponentPatellaMaterialeDKR-en-US"> </a><ul><li>Include these codes as defined in <a href="CodeSystem-ImplantComponents.html"><code>https://kip.rkkp.dk/fhir/CodeSystem/ImplantComponents</code></a><table class="none"><tr><td style="white-space:nowrap"><b>Code</b></td><td><b>Display</b></td><td><b>Definition</b></td></tr><tr><td><a href="CodeSystem-ImplantComponents.html#ImplantComponents-metal_backing">metal_backing</a></td><td>Metal-backing</td><td>Metal-backing</td></tr><tr><td><a href="CodeSystem-ImplantComponents.html#ImplantComponents-polyethylene">polyethylene</a></td><td>Polyethylen</td><td>Polyethylene / Polyethylen / SNOMED-CT: 71463006</td></tr></table></li></ul></div></text><url value="https://kip.rkkp.dk/fhir/ValueSet/KomponentPatellaMaterialeDKR"/><version value="2.9.1"/><name value="KomponentPatellaMaterialeDKR"/><title value="Komponent - patella materiale (DKR)"/><status value="active"/><experimental value="true"/><date value="2022-10-13T00:00:00+02:00"/><publisher value="Sundhedsvæsnets Kvalistetsinstitut with Trifork Digital Health A/S"/><contact><name value="Sundhedsvæsnets Kvalistetsinstitut with Trifork Digital Health A/S"/><telecom><system value="url"/><value value="https://trifork.com"/></telecom><telecom><system value="email"/><value value="rbk@trifork.com"/></telecom></contact><description value="Komponent - patella materiale (DKR)"/><compose><include><system value="https://kip.rkkp.dk/fhir/CodeSystem/ImplantComponents"/><concept><code value="metal_backing"/><display value="Metal-backing"/></concept><concept><code value="polyethylene"/><display value="Polyethylen"/></concept></include></compose></ValueSet>