<?xml version="1.0" encoding="UTF-8"?><ValueSet xmlns="http://hl7.org/fhir"><id value="IngenBehandling"/><text><status value="extensions"/><div xmlns="http://www.w3.org/1999/xhtml"><p class="res-header-id"><b>Generated Narrative: ValueSet IngenBehandling</b></p><a name="IngenBehandling"> </a><a name="hcIngenBehandling"> </a><a name="IngenBehandling-en-US"> </a><ul><li>Include these codes as defined in <a href="CodeSystem-GenericValues.html"><code>https://kip.rkkp.dk/fhir/CodeSystem/GenericValues</code></a><table class="none"><tr><td style="white-space:nowrap"><b>Code</b></td><td><b>Display</b></td><td><b>Definition</b></td></tr><tr><td><a href="CodeSystem-GenericValues.html#GenericValues-none">none</a></td><td>Ingen behandling</td><td>None - used to choose none of the available values</td></tr></table></li></ul></div></text><url value="https://kip.rkkp.dk/fhir/ValueSet/IngenBehandling"/><version value="2.9.1"/><name value="IngenBehandling"/><title value="Ingen Behandling(enkelt udfald)"/><status value="active"/><experimental value="true"/><date value="2023-02-03T00:00:00+02:00"/><publisher value="Sundhedsvæsnets Kvalistetsinstitut with Trifork Digital Health A/S"/><contact><name value="Sundhedsvæsnets Kvalistetsinstitut with Trifork Digital Health A/S"/><telecom><system value="url"/><value value="https://trifork.com"/></telecom><telecom><system value="email"/><value value="rbk@trifork.com"/></telecom></contact><description value="Giver mulighed for at svare ingen behandling"/><compose><include><system value="https://kip.rkkp.dk/fhir/CodeSystem/GenericValues"/><concept><code value="none"/><display value="Ingen behandling"/></concept></include></compose></ValueSet>