<?xml version="1.0" encoding="UTF-8"?><ValueSet xmlns="http://hl7.org/fhir"><id value="RevisionIndikationDSR"/><text><status value="extensions"/><div xmlns="http://www.w3.org/1999/xhtml"><p class="res-header-id"><b>Generated Narrative: ValueSet RevisionIndikationDSR</b></p><a name="RevisionIndikationDSR"> </a><a name="hcRevisionIndikationDSR"> </a><a name="RevisionIndikationDSR-en-US"> </a><p>This value set includes codes based on the following rules:</p><ul><li>Include these codes as defined in <a href="CodeSystem-RevisionIndication.html"><code>https://kip.rkkp.dk/fhir/CodeSystem/RevisionIndication</code></a><table class="none"><tr><td style="white-space:nowrap"><b>Code</b></td><td><b>Display</b></td><td><b>Definition</b></td></tr><tr><td><a href="CodeSystem-RevisionIndication.html#RevisionIndication-aseptic_solution">aseptic_solution</a></td><td>Aseptisk løsning</td><td>Aseptisk løsning</td></tr><tr><td><a href="CodeSystem-RevisionIndication.html#RevisionIndication-suspected_infection">suspected_infection</a></td><td>Mistænkt eller manifest infektion</td><td>Mistænkt eller manifest infektion</td></tr><tr><td><a href="CodeSystem-RevisionIndication.html#RevisionIndication-instability">instability</a></td><td>Instabilitet</td><td>Instabilitet</td></tr><tr><td><a href="CodeSystem-RevisionIndication.html#RevisionIndication-dislocation">dislocation</a></td><td>Luksation</td><td>Luksation</td></tr><tr><td><a href="CodeSystem-RevisionIndication.html#RevisionIndication-rotator_cuff">rotator_cuff</a></td><td>Rotator cuff ruptur / insufficiens</td><td>Rotator cuff ruptur / insufficiens</td></tr><tr><td><a href="CodeSystem-RevisionIndication.html#RevisionIndication-cavitas_erosion">cavitas_erosion</a></td><td>Cavitas erosion</td><td>Cavitas erosion</td></tr><tr><td><a href="CodeSystem-RevisionIndication.html#RevisionIndication-prosthetic_joint_fracture">prosthetic_joint_fracture</a></td><td>Protesenær fraktur</td><td>Protesenær fraktur</td></tr><tr><td><a href="CodeSystem-RevisionIndication.html#RevisionIndication-malplaced_component">malplaced_component</a></td><td>Malplaceret komponent</td><td>Malplaceret komponent</td></tr><tr><td><a href="CodeSystem-RevisionIndication.html#RevisionIndication-implant_failure">implant_failure</a></td><td>Implantat failure</td><td>Implantat failure</td></tr></table></li><li>Include these codes as defined in <a href="CodeSystem-GenericValues.html"><code>https://kip.rkkp.dk/fhir/CodeSystem/GenericValues</code></a><table class="none"><tr><td style="white-space:nowrap"><b>Code</b></td><td><b>Display</b></td><td><b>Definition</b></td></tr><tr><td><a href="CodeSystem-GenericValues.html#GenericValues-other">other</a></td><td>Anden</td><td>Other - used to choose unspecific value not in a valueset</td></tr></table></li></ul></div></text><url value="https://kip.rkkp.dk/fhir/ValueSet/RevisionIndikationDSR"/><version value="2.9.1"/><name value="RevisionIndikationDSR"/><title value="Revision, indikation (DSR)"/><status value="active"/><experimental value="true"/><date value="2022-10-07T00:00:00+02:00"/><publisher value="Sundhedsvæsnets Kvalistetsinstitut with Trifork Digital Health A/S"/><contact><name value="Sundhedsvæsnets Kvalistetsinstitut with Trifork Digital Health A/S"/><telecom><system value="url"/><value value="https://trifork.com"/></telecom><telecom><system value="email"/><value value="rbk@trifork.com"/></telecom></contact><description value="Revision, indikation (DSR)"/><compose><include><system value="https://kip.rkkp.dk/fhir/CodeSystem/RevisionIndication"/><concept><code value="aseptic_solution"/><display value="Aseptisk løsning"/></concept><concept><code value="suspected_infection"/><display value="Mistænkt eller manifest infektion"/></concept><concept><code value="instability"/><display value="Instabilitet"/></concept><concept><code value="dislocation"/><display value="Luksation"/></concept><concept><code value="rotator_cuff"/><display value="Rotator cuff ruptur / insufficiens"/></concept><concept><code value="cavitas_erosion"/><display value="Cavitas erosion"/></concept><concept><code value="prosthetic_joint_fracture"/><display value="Protesenær fraktur"/></concept><concept><code value="malplaced_component"/><display value="Malplaceret komponent"/></concept><concept><code value="implant_failure"/><display value="Implantat failure"/></concept></include><include><system value="https://kip.rkkp.dk/fhir/CodeSystem/GenericValues"/><concept><code value="other"/><display value="Anden"/></concept></include></compose></ValueSet>