<?xml version="1.0" encoding="UTF-8"?><ValueSet xmlns="http://hl7.org/fhir"><id value="Competence"/><text><status value="extensions"/><div xmlns="http://www.w3.org/1999/xhtml"><p class="res-header-id"><b>Generated Narrative: ValueSet Competence</b></p><a name="Competence"> </a><a name="hcCompetence"> </a><a name="Competence-en-US"> </a><ul><li>Include these codes as defined in <a href="CodeSystem-Competence.html"><code>https://kip.rkkp.dk/fhir/CodeSystem/Competence</code></a><table class="none"><tr><td style="white-space:nowrap"><b>Code</b></td><td><b>Display</b></td><td><b>Definition</b></td></tr><tr><td><a href="CodeSystem-Competence.html#Competence-nu_anesthesia">nu_anesthesia</a></td><td>Anæstesisygeplejerske</td><td>Sygeplejerske med specialuddannelse i anæstesi</td></tr><tr><td><a href="CodeSystem-Competence.html#Competence-nu_anesthesia_edu">nu_anesthesia_edu</a></td><td>Sygeplejerske (uddannelse)</td><td>Sygeplejerske under uddannelse til anæstesisygeplejerske</td></tr><tr><td><a href="CodeSystem-Competence.html#Competence-anesthesiologist">anesthesiologist</a></td><td>Speciallæge i anæstesi</td><td>Læge som har specialuddannelse i anæstesiologi</td></tr><tr><td><a href="CodeSystem-Competence.html#Competence-doc">doc</a></td><td>Læge</td><td>Læge som ikke er under uddannelse til speciallæge i anæstesiologi</td></tr><tr><td><a href="CodeSystem-Competence.html#Competence-doc_edu_anae_main">doc_edu_anae_main</a></td><td>Hoveduddannelsesforløb</td><td>Læge som er i hoveduddannelsesforløb til speciallæge i anæstesiologi</td></tr><tr><td><a href="CodeSystem-Competence.html#Competence-doc_edu_anae_intro">doc_edu_anae_intro</a></td><td>Introduktionsforløb</td><td>Læge som er i introduktionsforløb til anæstesiologi</td></tr><tr><td><a href="CodeSystem-Competence.html#Competence-nu_recovery">nu_recovery</a></td><td>Opvågningsygeplejerske</td><td>Opvågningsygeplejerske</td></tr></table></li></ul></div></text><url value="https://kip.rkkp.dk/fhir/ValueSet/Competence"/><version value="2.9.1"/><name value="Competence"/><title value="FagligtNiveau - DAD"/><status value="active"/><experimental value="true"/><date value="2022-06-01T00:00:00+02:00"/><publisher value="Sundhedsvæsnets Kvalistetsinstitut with Trifork Digital Health A/S"/><contact><name value="Sundhedsvæsnets Kvalistetsinstitut with Trifork Digital Health A/S"/><telecom><system value="url"/><value value="https://trifork.com"/></telecom><telecom><system value="email"/><value value="rbk@trifork.com"/></telecom></contact><description value="Fagligt niveau for udførende anæstesi personale"/><compose><include><system value="https://kip.rkkp.dk/fhir/CodeSystem/Competence"/><concept><code value="nu_anesthesia"/><display value="Anæstesisygeplejerske"/></concept><concept><code value="nu_anesthesia_edu"/><display value="Sygeplejerske (uddannelse)"/></concept><concept><code value="anesthesiologist"/><display value="Speciallæge i anæstesi"/></concept><concept><code value="doc"/><display value="Læge"/></concept><concept><code value="doc_edu_anae_main"/><display value="Hoveduddannelsesforløb"/></concept><concept><code value="doc_edu_anae_intro"/><display value="Introduktionsforløb"/></concept><concept><code value="nu_recovery"/><display value="Opvågningsygeplejerske"/></concept></include></compose></ValueSet>