<?xml version="1.0" encoding="UTF-8"?><ValueSet xmlns="http://hl7.org/fhir"><id value="IndikationTES"/><text><status value="extensions"/><div xmlns="http://www.w3.org/1999/xhtml"><p class="res-header-id"><b>Generated Narrative: ValueSet IndikationTES</b></p><a name="IndikationTES"> </a><a name="hcIndikationTES"> </a><a name="IndikationTES-en-US"> </a><ul><li>Include these codes as defined in <a href="CodeSystem-TreatmentIndication.html"><code>https://kip.rkkp.dk/fhir/CodeSystem/TreatmentIndication</code></a><table class="none"><tr><td style="white-space:nowrap"><b>Code</b></td><td><b>Display</b></td><td><b>Definition</b></td></tr><tr><td><a href="CodeSystem-TreatmentIndication.html#TreatmentIndication-histological_verified">histological_verified</a></td><td>Histologisk verificeret karcinom</td><td>Histologisk verificeret</td></tr><tr><td><a href="CodeSystem-TreatmentIndication.html#TreatmentIndication-diagnostic">diagnostic</a></td><td>Benign/diagnostisk indikation</td><td>Diagnostisk</td></tr><tr><td><a href="CodeSystem-TreatmentIndication.html#TreatmentIndication-additional_procedure">additional_procedure</a></td><td>Supplerende procedure efter endoskopisk lokalresektion</td><td>Supplerende procedure</td></tr></table></li></ul></div></text><url value="https://kip.rkkp.dk/fhir/ValueSet/IndikationTES"/><version value="2.9.1"/><name value="IndikationTES"/><title value="Indikation for TES"/><status value="active"/><experimental value="true"/><date value="2022-10-13T00:00:00+02:00"/><publisher value="Sundhedsvæsnets Kvalistetsinstitut with Trifork Digital Health A/S"/><contact><name value="Sundhedsvæsnets Kvalistetsinstitut with Trifork Digital Health A/S"/><telecom><system value="url"/><value value="https://trifork.com"/></telecom><telecom><system value="email"/><value value="rbk@trifork.com"/></telecom></contact><description value="Indikation for TES"/><compose><include><system value="https://kip.rkkp.dk/fhir/CodeSystem/TreatmentIndication"/><concept><code value="histological_verified"/><display value="Histologisk verificeret karcinom"/></concept><concept><code value="diagnostic"/><display value="Benign/diagnostisk indikation"/></concept><concept><code value="additional_procedure"/><display value="Supplerende procedure efter endoskopisk lokalresektion"/></concept></include></compose></ValueSet>