<?xml version="1.0" encoding="UTF-8"?><ValueSet xmlns="http://hl7.org/fhir"><id value="HematologicalDiseases"/><text><status value="extensions"/><div xmlns="http://www.w3.org/1999/xhtml"><p class="res-header-id"><b>Generated Narrative: ValueSet HematologicalDiseases</b></p><a name="HematologicalDiseases"> </a><a name="hcHematologicalDiseases"> </a><a name="HematologicalDiseases-en-US"> </a><p>This value set includes codes based on the following rules:</p><ul><li>Include these codes as defined in <a href="CodeSystem-DiseasesUnspecified.html"><code>https://kip.rkkp.dk/fhir/CodeSystem/DiseasesUnspecified</code></a><table class="none"><tr><td style="white-space:nowrap"><b>Code</b></td><td><b>Display</b></td><td><b>Definition</b></td></tr><tr><td><a href="CodeSystem-DiseasesUnspecified.html#DiseasesUnspecified-myelodysplastic_syndrome">myelodysplastic_syndrome</a></td><td>1: Myelodyspl. syndrom (undt. CMML)</td><td>Myelodysplastic syndrome / Myelodyspl. syndrom (undt. CMML)</td></tr><tr><td><a href="CodeSystem-DiseasesUnspecified.html#DiseasesUnspecified-chronic_myelomonocytic_leukemia">chronic_myelomonocytic_leukemia</a></td><td>2: CMML (Kronisk MyeloMonocytLeuk.)</td><td>Chronic myelomonocytic leukemia / CMML (Kronisk MyeloMonocytLeuk.)</td></tr><tr><td><a href="CodeSystem-DiseasesUnspecified.html#DiseasesUnspecified-essential_thrombocytosis">essential_thrombocytosis</a></td><td>3: Ess. thrombocytose</td><td>Essential thrombocytosis / Ess. thrombocytose</td></tr><tr><td><a href="CodeSystem-DiseasesUnspecified.html#DiseasesUnspecified-polycythemia_vera">polycythemia_vera</a></td><td>4: Polycytæmia vera</td><td>Polycythemia vera / Polycytæmia vera</td></tr><tr><td><a href="CodeSystem-DiseasesUnspecified.html#DiseasesUnspecified-myelofibrosis">myelofibrosis</a></td><td>5: Myelofibrose</td><td>Myelofibrosis / Myelofibrose</td></tr></table></li><li>Include these codes as defined in <a href="CodeSystem-GenericValues.html"><code>https://kip.rkkp.dk/fhir/CodeSystem/GenericValues</code></a><table class="none"><tr><td style="white-space:nowrap"><b>Code</b></td><td><b>Display</b></td><td><b>Definition</b></td></tr><tr><td><a href="CodeSystem-GenericValues.html#GenericValues-other">other</a></td><td>6: Andet</td><td>Other - used to choose unspecific value not in a valueset</td></tr></table></li></ul></div></text><url value="https://kip.rkkp.dk/fhir/ValueSet/HematologicalDiseases"/><version value="2.9.1"/><name value="HematologicalDiseases"/><title value="Blodsygdomme"/><status value="active"/><experimental value="true"/><date value="2022-07-08T00:00:00+02:00"/><publisher value="Sundhedsvæsnets Kvalistetsinstitut with Trifork Digital Health A/S"/><contact><name value="Sundhedsvæsnets Kvalistetsinstitut with Trifork Digital Health A/S"/><telecom><system value="url"/><value value="https://trifork.com"/></telecom><telecom><system value="email"/><value value="rbk@trifork.com"/></telecom></contact><description value="Blodsygdomme"/><compose><include><system value="https://kip.rkkp.dk/fhir/CodeSystem/DiseasesUnspecified"/><concept><code value="myelodysplastic_syndrome"/><display value="1: Myelodyspl. syndrom (undt. CMML)"/></concept><concept><code value="chronic_myelomonocytic_leukemia"/><display value="2: CMML (Kronisk MyeloMonocytLeuk.)"/></concept><concept><code value="essential_thrombocytosis"/><display value="3: Ess. thrombocytose"/></concept><concept><code value="polycythemia_vera"/><display value="4: Polycytæmia vera"/></concept><concept><code value="myelofibrosis"/><display value="5: Myelofibrose"/></concept></include><include><system value="https://kip.rkkp.dk/fhir/CodeSystem/GenericValues"/><concept><code value="other"/><display value="6: Andet"/></concept></include></compose></ValueSet>