<?xml version="1.0" encoding="UTF-8"?><ValueSet xmlns="http://hl7.org/fhir"><id value="RevisionStatusDKR"/><text><status value="extensions"/><div xmlns="http://www.w3.org/1999/xhtml"><p class="res-header-id"><b>Generated Narrative: ValueSet RevisionStatusDKR</b></p><a name="RevisionStatusDKR"> </a><a name="hcRevisionStatusDKR"> </a><a name="RevisionStatusDKR-en-US"> </a><p>This value set includes codes based on the following rules:</p><ul><li>Include these codes as defined in <a href="CodeSystem-AlloplastyTypes.html"><code>https://kip.rkkp.dk/fhir/CodeSystem/AlloplastyTypes</code></a><table class="none"><tr><td style="white-space:nowrap"><b>Code</b></td><td><b>Display</b></td><td><b>Definition</b></td></tr><tr><td><a href="CodeSystem-AlloplastyTypes.html#AlloplastyTypes-total_alloplasty">total_alloplasty</a></td><td>Totalalloplastik</td><td>Total alloplasty</td></tr><tr><td><a href="CodeSystem-AlloplastyTypes.html#AlloplastyTypes-medial_unilateral_knee">medial_unilateral_knee</a></td><td>Medial UKR</td><td>Medial UKA</td></tr><tr><td><a href="CodeSystem-AlloplastyTypes.html#AlloplastyTypes-lateral_unitaleral_knee">lateral_unitaleral_knee</a></td><td>Lateral UKR</td><td>Lateral UKA</td></tr><tr><td><a href="CodeSystem-AlloplastyTypes.html#AlloplastyTypes-patellofemoral_unitaleral_knee">patellofemoral_unitaleral_knee</a></td><td>Patellofemoral UKR</td><td>Patellofemoral UKA</td></tr><tr><td><a href="CodeSystem-AlloplastyTypes.html#AlloplastyTypes-hinge_knee">hinge_knee</a></td><td>Hængslet TKR</td><td>Roterende hængselalloplastik</td></tr><tr><td><a href="CodeSystem-AlloplastyTypes.html#AlloplastyTypes-cement_spacer_articulated">cement_spacer_articulated</a></td><td>Cementspacer, artikuleret</td><td>Cementspacer, artikuleret</td></tr><tr><td><a href="CodeSystem-AlloplastyTypes.html#AlloplastyTypes-cement_spacer_fixated">cement_spacer_fixated</a></td><td>Cementspacer, fikseret</td><td>Cementspacer, fikseret</td></tr><tr><td><a href="CodeSystem-AlloplastyTypes.html#AlloplastyTypes-partial_resurfacing">partial_resurfacing</a></td><td>Partiel resurfacing</td><td>Partiel resurfacing</td></tr></table></li><li>Include these codes as defined in <a href="CodeSystem-GenericValues.html"><code>https://kip.rkkp.dk/fhir/CodeSystem/GenericValues</code></a><table class="none"><tr><td style="white-space:nowrap"><b>Code</b></td><td><b>Display</b></td><td><b>Definition</b></td></tr><tr><td><a href="CodeSystem-GenericValues.html#GenericValues-other">other</a></td><td>Andet</td><td>Other - used to choose unspecific value not in a valueset</td></tr></table></li></ul></div></text><url value="https://kip.rkkp.dk/fhir/ValueSet/RevisionStatusDKR"/><version value="2.9.1"/><name value="RevisionStatusDKR"/><title value="Revision, status (DKR)"/><status value="active"/><experimental value="true"/><date value="2022-10-14T00:00:00+02:00"/><publisher value="Sundhedsvæsnets Kvalistetsinstitut with Trifork Digital Health A/S"/><contact><name value="Sundhedsvæsnets Kvalistetsinstitut with Trifork Digital Health A/S"/><telecom><system value="url"/><value value="https://trifork.com"/></telecom><telecom><system value="email"/><value value="rbk@trifork.com"/></telecom></contact><description value="Revision, status (DKR)"/><compose><include><system value="https://kip.rkkp.dk/fhir/CodeSystem/AlloplastyTypes"/><concept><code value="total_alloplasty"/><display value="Totalalloplastik"/></concept><concept><code value="medial_unilateral_knee"/><display value="Medial UKR"/></concept><concept><code value="lateral_unitaleral_knee"/><display value="Lateral UKR"/></concept><concept><code value="patellofemoral_unitaleral_knee"/><display value="Patellofemoral UKR"/></concept><concept><code value="hinge_knee"/><display value="Hængslet TKR"/></concept><concept><code value="cement_spacer_articulated"/><display value="Cementspacer, artikuleret"/></concept><concept><code value="cement_spacer_fixated"/><display value="Cementspacer, fikseret"/></concept><concept><code value="partial_resurfacing"/><display value="Partiel resurfacing"/></concept></include><include><system value="https://kip.rkkp.dk/fhir/CodeSystem/GenericValues"/><concept><code value="other"/><display value="Andet"/></concept></include></compose></ValueSet>