<?xml version="1.0" encoding="UTF-8"?><ValueSet xmlns="http://hl7.org/fhir"><id value="KomplAndreProcDUGA"/><text><status value="extensions"/><div xmlns="http://www.w3.org/1999/xhtml"><p class="res-header-id"><b>Generated Narrative: ValueSet KomplAndreProcDUGA</b></p><a name="KomplAndreProcDUGA"> </a><a name="hcKomplAndreProcDUGA"> </a><a name="KomplAndreProcDUGA-en-US"> </a><ul><li>Include these codes as defined in <a href="CodeSystem-ProcedureUrogyn.html"><code>https://kip.rkkp.dk/fhir/CodeSystem/ProcedureUrogyn</code></a><table class="none"><tr><td style="white-space:nowrap"><b>Code</b></td><td><b>Display</b></td><td><b>Definition</b></td></tr><tr><td><a href="CodeSystem-ProcedureUrogyn.html#ProcedureUrogyn-KLWW96">KLWW96</a></td><td>KLWW96: Anden reoperation efter gynækologisk operation</td><td>Anden reoperation efter gynækologisk operation</td></tr><tr><td><a href="CodeSystem-ProcedureUrogyn.html#ProcedureUrogyn-KLWW96A">KLWW96A</a></td><td>KLWW96A: Fjernelse af fremmedlegeme i bækkenhulen efter gynækologisk operation</td><td>Fjernelse af fremmedlegeme i bækkenhulen efter gynækologisk operation</td></tr><tr><td><a href="CodeSystem-ProcedureUrogyn.html#ProcedureUrogyn-KLWW97A">KLWW97A</a></td><td>KLWW97A: Laparoskopisk fjernelse af fremmedlegeme i bækkenhulen efter gynækologisk operation</td><td>Laparoskopisk fjernelse af fremmedlegeme i bækkenhulen efter gynækologisk operation</td></tr><tr><td><a href="CodeSystem-ProcedureUrogyn.html#ProcedureUrogyn-KTLE10">KTLE10</a></td><td>KTLE10: Fjernelse af fremmedlegeme fra vagina</td><td>Fjernelse af fremmedlegeme fra vagina</td></tr><tr><td><a href="CodeSystem-ProcedureUrogyn.html#ProcedureUrogyn-KTLW99B">KTLW99B</a></td><td>KTLW99B: Stramning af vaginal slynge</td><td>Stramning af vaginal slynge</td></tr></table></li></ul></div></text><url value="https://kip.rkkp.dk/fhir/ValueSet/KomplAndreProcDUGA"/><version value="2.9.1"/><name value="KomplAndreProcDUGA"/><title value="Komplikationer pga. 'Andre' - Procedurekoder (DUGA)"/><status value="active"/><experimental value="true"/><date value="2024-02-21T00:00:00+02:00"/><publisher value="Sundhedsvæsnets Kvalistetsinstitut with Trifork Digital Health A/S"/><contact><name value="Sundhedsvæsnets Kvalistetsinstitut with Trifork Digital Health A/S"/><telecom><system value="url"/><value value="https://trifork.com"/></telecom><telecom><system value="email"/><value value="rbk@trifork.com"/></telecom></contact><description value="Komplikationer pga. 'Andre' - Procedurekoder (DUGA)"/><compose><include><system value="https://kip.rkkp.dk/fhir/CodeSystem/ProcedureUrogyn"/><concept><code value="KLWW96"/><display value="KLWW96: Anden reoperation efter gynækologisk operation"/></concept><concept><code value="KLWW96A"/><display value="KLWW96A: Fjernelse af fremmedlegeme i bækkenhulen efter gynækologisk operation"/></concept><concept><code value="KLWW97A"/><display value="KLWW97A: Laparoskopisk fjernelse af fremmedlegeme i bækkenhulen efter gynækologisk operation"/></concept><concept><code value="KTLE10"/><display value="KTLE10: Fjernelse af fremmedlegeme fra vagina"/></concept><concept><code value="KTLW99B"/><display value="KTLW99B: Stramning af vaginal slynge"/></concept></include></compose></ValueSet>