<?xml version="1.0" encoding="UTF-8"?><ValueSet xmlns="http://hl7.org/fhir"><id value="KontaktType1"/><text><status value="extensions"/><div xmlns="http://www.w3.org/1999/xhtml"><p class="res-header-id"><b>Generated Narrative: ValueSet KontaktType1</b></p><a name="KontaktType1"> </a><a name="hcKontaktType1"> </a><a name="KontaktType1-en-US"> </a><ul><li>Include these codes as defined in <a href="CodeSystem-SKS.html"><code>https://kip.rkkp.dk/fhir/CodeSystem/SKS</code></a><table class="none"><tr><td style="white-space:nowrap"><b>Code</b></td><td><b>Display</b></td><td><b>Definition</b></td></tr><tr><td><a href="CodeSystem-SKS.html#SKS-AAF2">AAF2</a></td><td>Ambulant</td><td>AAF2 - Ambulant</td></tr><tr><td><a href="CodeSystem-SKS.html#SKS-AAF1">AAF1</a></td><td>Indlæggelse</td><td>AAF1 - Indlæggelse</td></tr></table></li></ul></div></text><url value="https://kip.rkkp.dk/fhir/ValueSet/KontaktType1"/><version value="2.9.1"/><name value="KontaktType1"/><title value="Foerste kontakt"/><status value="active"/><experimental value="true"/><date value="2022-09-06T00:00:00+02:00"/><publisher value="Sundhedsvæsnets Kvalistetsinstitut with Trifork Digital Health A/S"/><contact><name value="Sundhedsvæsnets Kvalistetsinstitut with Trifork Digital Health A/S"/><telecom><system value="url"/><value value="https://trifork.com"/></telecom><telecom><system value="email"/><value value="rbk@trifork.com"/></telecom></contact><description value="Første kontakt type til behandling"/><compose><include><system value="https://kip.rkkp.dk/fhir/CodeSystem/SKS"/><concept><code value="AAF2"/><display value="Ambulant"/></concept><concept><code value="AAF1"/><display value="Indlæggelse"/></concept></include></compose></ValueSet>