<?xml version="1.0" encoding="UTF-8"?><ValueSet xmlns="http://hl7.org/fhir"><id value="TidligereOperationDKR"/><text><status value="extensions"/><div xmlns="http://www.w3.org/1999/xhtml"><p class="res-header-id"><b>Generated Narrative: ValueSet TidligereOperationDKR</b></p><a name="TidligereOperationDKR"> </a><a name="hcTidligereOperationDKR"> </a><a name="TidligereOperationDKR-en-US"> </a><p>This value set includes codes based on the following rules:</p><ul><li>Include these codes as defined in <a href="CodeSystem-ProcedureType.html"><code>https://kip.rkkp.dk/fhir/CodeSystem/ProcedureType</code></a><table class="none"><tr><td style="white-space:nowrap"><b>Code</b></td><td><b>Display</b></td><td><b>Definition</b></td></tr><tr><td><a href="CodeSystem-ProcedureType.html#ProcedureType-meniscetomy">meniscetomy</a></td><td>Partiel eller total meniskektomi</td><td>Meniscectomy / Meniskektomi</td></tr><tr><td><a href="CodeSystem-ProcedureType.html#ProcedureType-arthroscopy">arthroscopy</a></td><td>Artroskopi med house cleaning</td><td>Artroskopi</td></tr><tr><td><a href="CodeSystem-ProcedureType.html#ProcedureType-reconstruction_cruciate_ligaments">reconstruction_cruciate_ligaments</a></td><td>Korsbåndsrekonstruktion</td><td>Reconstruction of cruciate ligaments / Korsbåndsrekonstruktion</td></tr><tr><td><a href="CodeSystem-ProcedureType.html#ProcedureType-proximal_tibial_osteotomy">proximal_tibial_osteotomy</a></td><td>Proksimal tibiaosteotomi</td><td>Proksimal tibiaosteotomi</td></tr><tr><td><a href="CodeSystem-ProcedureType.html#ProcedureType-osteosynthesis_condyle_fracture">osteosynthesis_condyle_fracture</a></td><td>Osteosyntese af kondylfraktur</td><td>Osteosyntese af kondylfraktur</td></tr><tr><td><a href="CodeSystem-ProcedureType.html#ProcedureType-patellectomy">patellectomy</a></td><td>Patellektomi</td><td/></tr><tr><td><a href="CodeSystem-ProcedureType.html#ProcedureType-arthrodesis">arthrodesis</a></td><td>Artrodese</td><td>Artrodese</td></tr></table></li><li>Include these codes as defined in <a href="CodeSystem-GenericValues.html"><code>https://kip.rkkp.dk/fhir/CodeSystem/GenericValues</code></a><table class="none"><tr><td style="white-space:nowrap"><b>Code</b></td><td><b>Display</b></td><td><b>Definition</b></td></tr><tr><td><a href="CodeSystem-GenericValues.html#GenericValues-other">other</a></td><td>Andet</td><td>Other - used to choose unspecific value not in a valueset</td></tr></table></li></ul></div></text><url value="https://kip.rkkp.dk/fhir/ValueSet/TidligereOperationDKR"/><version value="2.9.1"/><name value="TidligereOperationDKR"/><title value="Tidligere operation (DKR)"/><status value="active"/><experimental value="true"/><date value="2022-10-12T00:00:00+02:00"/><publisher value="Sundhedsvæsnets Kvalistetsinstitut with Trifork Digital Health A/S"/><contact><name value="Sundhedsvæsnets Kvalistetsinstitut with Trifork Digital Health A/S"/><telecom><system value="url"/><value value="https://trifork.com"/></telecom><telecom><system value="email"/><value value="rbk@trifork.com"/></telecom></contact><description value="Tidligere operation (DKR)"/><compose><include><system value="https://kip.rkkp.dk/fhir/CodeSystem/ProcedureType"/><concept><code value="meniscetomy"/><display value="Partiel eller total meniskektomi"/></concept><concept><code value="arthroscopy"/><display value="Artroskopi med house cleaning"/></concept><concept><code value="reconstruction_cruciate_ligaments"/><display value="Korsbåndsrekonstruktion"/></concept><concept><code value="proximal_tibial_osteotomy"/><display value="Proksimal tibiaosteotomi"/></concept><concept><code value="osteosynthesis_condyle_fracture"/><display value="Osteosyntese af kondylfraktur"/></concept><concept><code value="patellectomy"/><display value="Patellektomi"/></concept><concept><code value="arthrodesis"/><display value="Artrodese"/></concept></include><include><system value="https://kip.rkkp.dk/fhir/CodeSystem/GenericValues"/><concept><code value="other"/><display value="Andet"/></concept></include></compose></ValueSet>