<?xml version="1.0" encoding="UTF-8"?><ValueSet xmlns="http://hl7.org/fhir"><id value="SKSVentrikelEsophagus"/><text><status value="extensions"/><div xmlns="http://www.w3.org/1999/xhtml"><p class="res-header-id"><b>Generated Narrative: ValueSet SKSVentrikelEsophagus</b></p><a name="SKSVentrikelEsophagus"> </a><a name="hcSKSVentrikelEsophagus"> </a><a name="SKSVentrikelEsophagus-en-US"> </a><ul><li>Include these codes as defined in <a href="CodeSystem-SKS.html"><code>https://kip.rkkp.dk/fhir/CodeSystem/SKS</code></a><table class="none"><tr><td style="white-space:nowrap"><b>Code</b></td><td><b>Display</b></td><td><b>Definition</b></td></tr><tr><td><a href="CodeSystem-SKS.html#SKS-T000662">T000662</a></td><td>Esophagus</td><td>T000662 - øsofagus</td></tr><tr><td><a href="CodeSystem-SKS.html#SKS-T000670">T000670</a></td><td>Ventrikel</td><td>T000670 - ventrikel</td></tr></table></li></ul></div></text><url value="https://kip.rkkp.dk/fhir/ValueSet/SKSVentrikelEsophagus"/><version value="2.9.1"/><name value="SKSVentrikelEsophagus"/><title value="SKS: Anatomisk lokation for ventrikel/esophagus"/><status value="active"/><experimental value="true"/><date value="2022-06-08T00:00:00+02:00"/><publisher value="Sundhedsvæsnets Kvalistetsinstitut with Trifork Digital Health A/S"/><contact><name value="Sundhedsvæsnets Kvalistetsinstitut with Trifork Digital Health A/S"/><telecom><system value="url"/><value value="https://trifork.com"/></telecom><telecom><system value="email"/><value value="rbk@trifork.com"/></telecom></contact><description value="SKS koderne for den anatomiske lokation for ventrikel/esophagus"/><compose><include><system value="https://kip.rkkp.dk/fhir/CodeSystem/SKS"/><concept><code value="T000662"/><display value="Esophagus"/></concept><concept><code value="T000670"/><display value="Ventrikel"/></concept></include></compose></ValueSet>