<?xml version="1.0" encoding="UTF-8"?><ValueSet xmlns="http://hl7.org/fhir"><id value="SKSUdskrivningsdiagnoserTrombolyse"/><text><status value="extensions"/><div xmlns="http://www.w3.org/1999/xhtml"><p class="res-header-id"><b>Generated Narrative: ValueSet SKSUdskrivningsdiagnoserTrombolyse</b></p><a name="SKSUdskrivningsdiagnoserTrombolyse"> </a><a name="hcSKSUdskrivningsdiagnoserTrombolyse"> </a><a name="SKSUdskrivningsdiagnoserTrombolyse-en-US"> </a><ul><li>Include these codes as defined in <a href="CodeSystem-SKS.html"><code>https://kip.rkkp.dk/fhir/CodeSystem/SKS</code></a><table class="none"><tr><td style="white-space:nowrap"><b>Code</b></td><td><b>Display</b></td><td><b>Definition</b></td></tr><tr><td><a href="CodeSystem-SKS.html#SKS-DI630">DI630</a></td><td>DI630 - Hjerneinfarkt forårsaget af trombose i præcerebral arterie</td><td>DI630 - Hjerneinfarkt forårsaget af trombose i præcerebral arterie</td></tr><tr><td><a href="CodeSystem-SKS.html#SKS-DI631">DI631</a></td><td>DI631 - Hjerneinfarkt forårsaget af emboli i præcerebral arterie</td><td>DI631 - Hjerneinfarkt forårsaget af emboli i præcerebral arterie</td></tr><tr><td><a href="CodeSystem-SKS.html#SKS-DI632">DI632</a></td><td>DI632 - Hjerneinfarkt forårsaget af tillukning eller stenose i præcerebral arterie UNS</td><td>DI632 - Hjerneinfarkt forårsaget af tillukning eller stenose i præcerebral arterie UNS</td></tr><tr><td><a href="CodeSystem-SKS.html#SKS-DI633">DI633</a></td><td>DI633 - Hjerneinfarkt forårsaget af trombose i cerebral arterie</td><td>DI633 - Hjerneinfarkt forårsaget af trombose i cerebral arterie</td></tr><tr><td><a href="CodeSystem-SKS.html#SKS-DI634">DI634</a></td><td>DI634 - Hjerneinfarkt forårsaget af emboli i cerebral arterie</td><td>DI634 - Hjerneinfarkt forårsaget af emboli i cerebral arterie</td></tr><tr><td><a href="CodeSystem-SKS.html#SKS-DI635">DI635</a></td><td>DI635 - Hjerneinfarkt forårsaget af tillukning eller stenose i cerebral arterie UNS</td><td>DI635 - Hjerneinfarkt forårsaget af tillukning eller stenose i cerebral arterie UNS</td></tr><tr><td><a href="CodeSystem-SKS.html#SKS-DI638">DI638</a></td><td>DI638 - Anden form for hjerneinfarkt</td><td>DI638 - Anden form for hjerneinfarkt</td></tr><tr><td><a href="CodeSystem-SKS.html#SKS-DI639">DI639</a></td><td>DI639 - Hjerneinfarkt UNS</td><td>DI639 - Hjerneinfarkt UNS</td></tr></table></li></ul></div></text><url value="https://kip.rkkp.dk/fhir/ValueSet/SKSUdskrivningsdiagnoserTrombolyse"/><version value="2.9.1"/><name value="SKSUdskrivningsdiagnoserTrombolyse"/><title value="SKS: Udskrivningsiagnoser for Trombolyse (DAP)"/><status value="active"/><experimental value="true"/><date value="2022-06-28T00:00:00+02:00"/><publisher value="Sundhedsvæsnets Kvalistetsinstitut with Trifork Digital Health A/S"/><contact><name value="Sundhedsvæsnets Kvalistetsinstitut with Trifork Digital Health A/S"/><telecom><system value="url"/><value value="https://trifork.com"/></telecom><telecom><system value="email"/><value value="rbk@trifork.com"/></telecom></contact><description value="SKS koderne relevante for Trombolyse (DAP)"/><compose><include><system value="https://kip.rkkp.dk/fhir/CodeSystem/SKS"/><concept><code value="DI630"/><display value="DI630 - Hjerneinfarkt forårsaget af trombose i præcerebral arterie"/></concept><concept><code value="DI631"/><display value="DI631 - Hjerneinfarkt forårsaget af emboli i præcerebral arterie"/></concept><concept><code value="DI632"/><display value="DI632 - Hjerneinfarkt forårsaget af tillukning eller stenose i præcerebral arterie UNS"/></concept><concept><code value="DI633"/><display value="DI633 - Hjerneinfarkt forårsaget af trombose i cerebral arterie"/></concept><concept><code value="DI634"/><display value="DI634 - Hjerneinfarkt forårsaget af emboli i cerebral arterie"/></concept><concept><code value="DI635"/><display value="DI635 - Hjerneinfarkt forårsaget af tillukning eller stenose i cerebral arterie UNS"/></concept><concept><code value="DI638"/><display value="DI638 - Anden form for hjerneinfarkt"/></concept><concept><code value="DI639"/><display value="DI639 - Hjerneinfarkt UNS"/></concept></include></compose></ValueSet>