<?xml version="1.0" encoding="UTF-8"?><ValueSet xmlns="http://hl7.org/fhir"><id value="FrekvensLaekDUGA"/><text><status value="extensions"/><div xmlns="http://www.w3.org/1999/xhtml"><p class="res-header-id"><b>Generated Narrative: ValueSet FrekvensLaekDUGA</b></p><a name="FrekvensLaekDUGA"> </a><a name="hcFrekvensLaekDUGA"> </a><a name="FrekvensLaekDUGA-en-US"> </a><ul><li>Include these codes as defined in <a href="CodeSystem-Frekvens.html"><code>https://kip.rkkp.dk/fhir/CodeSystem/Frekvens</code></a><table class="none"><tr><td style="white-space:nowrap"><b>Code</b></td><td><b>Display</b></td><td><b>Definition</b></td></tr><tr><td><a href="CodeSystem-Frekvens.html#Frekvens-aldrig">aldrig</a></td><td>Aldrig</td><td>Aldrig / Slet ikke</td></tr><tr><td><a href="CodeSystem-Frekvens.html#Frekvens-ugl-le1">ugl-le1</a></td><td>Ca. 1 gang om ugen eller mindre</td><td>1 gang om ugen eller mindre</td></tr><tr><td><a href="CodeSystem-Frekvens.html#Frekvens-ugl-2-3">ugl-2-3</a></td><td>2-3 gange om ugen</td><td>2-3 gange om ugen</td></tr><tr><td><a href="CodeSystem-Frekvens.html#Frekvens-dgl-1">dgl-1</a></td><td>Ca. 1 gang dagligt</td><td>1 gang om dagen</td></tr><tr><td><a href="CodeSystem-Frekvens.html#Frekvens-dgl-ge1">dgl-ge1</a></td><td>Flere gange om dagen</td><td>1 eller flere gange om dagen</td></tr><tr><td><a href="CodeSystem-Frekvens.html#Frekvens-konstant">konstant</a></td><td>Hele tiden</td><td>Hele tiden</td></tr></table></li></ul></div></text><url value="https://kip.rkkp.dk/fhir/ValueSet/FrekvensLaekDUGA"/><version value="2.9.1"/><name value="FrekvensLaekDUGA"/><title value="Frekvens læk (DUGA)"/><status value="active"/><experimental value="true"/><date value="2024-02-13T00:00:00+02:00"/><publisher value="Sundhedsvæsnets Kvalistetsinstitut with Trifork Digital Health A/S"/><contact><name value="Sundhedsvæsnets Kvalistetsinstitut with Trifork Digital Health A/S"/><telecom><system value="url"/><value value="https://trifork.com"/></telecom><telecom><system value="email"/><value value="rbk@trifork.com"/></telecom></contact><description value="Hvor ofte lækkes urin (DUGA)"/><compose><include><system value="https://kip.rkkp.dk/fhir/CodeSystem/Frekvens"/><concept><code value="aldrig"/><display value="Aldrig"/></concept><concept><code value="ugl-le1"/><display value="Ca. 1 gang om ugen eller mindre"/></concept><concept><code value="ugl-2-3"/><display value="2-3 gange om ugen"/></concept><concept><code value="dgl-1"/><display value="Ca. 1 gang dagligt"/></concept><concept><code value="dgl-ge1"/><display value="Flere gange om dagen"/></concept><concept><code value="konstant"/><display value="Hele tiden"/></concept></include></compose></ValueSet>