<?xml version="1.0" encoding="UTF-8"?><ValueSet xmlns="http://hl7.org/fhir"><id value="KomplikationerVaskulaerDMPN"/><text><status value="extensions"/><div xmlns="http://www.w3.org/1999/xhtml"><p class="res-header-id"><b>Generated Narrative: ValueSet KomplikationerVaskulaerDMPN</b></p><a name="KomplikationerVaskulaerDMPN"> </a><a name="hcKomplikationerVaskulaerDMPN"> </a><a name="KomplikationerVaskulaerDMPN-en-US"> </a><ul><li>Include these codes as defined in <a href="CodeSystem-Complications.html"><code>https://kip.rkkp.dk/fhir/CodeSystem/Complications</code></a><table class="none"><tr><td style="white-space:nowrap"><b>Code</b></td><td><b>Display</b></td><td><b>Definition</b></td></tr><tr><td><a href="CodeSystem-Complications.html#Complications-dvt">dvt</a></td><td>Dyb vene trombose</td><td>Dyb vene trombose</td></tr><tr><td><a href="CodeSystem-Complications.html#Complications-pulmonaryembolism">pulmonaryembolism</a></td><td>Lungeemboli</td><td>Lungeemboli</td></tr><tr><td><a href="CodeSystem-Complications.html#Complications-ami">ami</a></td><td>Myocardieinfarkt</td><td>AMI - Myocardieinfarkt</td></tr><tr><td><a href="CodeSystem-Complications.html#Complications-apoplexia_cerebri">apoplexia_cerebri</a></td><td>Apoplexia cerebri</td><td>Apopleksi cerebri</td></tr><tr><td><a href="CodeSystem-Complications.html#Complications-abdominal">abdominal</a></td><td>Abdominal/hepatisk/milt trombose</td><td>Abdominal /hepatisk/milt trombose</td></tr><tr><td><a href="CodeSystem-Complications.html#Complications-tci">tci</a></td><td>TCI</td><td>TCI</td></tr><tr><td><a href="CodeSystem-Complications.html#Complications-thromboembolic">thromboembolic</a></td><td>Anden trombo/emboli</td><td>Tromboemboliske komplikationer som medfører infarkt inden for 24 timer</td></tr></table></li></ul></div></text><url value="https://kip.rkkp.dk/fhir/ValueSet/KomplikationerVaskulaerDMPN"/><version value="2.9.1"/><name value="KomplikationerVaskulaerDMPN"/><title value="Komplikationer Vaskulær DMPN"/><status value="active"/><experimental value="true"/><date value="2022-07-14T00:00:00+02:00"/><publisher value="Sundhedsvæsnets Kvalistetsinstitut with Trifork Digital Health A/S"/><contact><name value="Sundhedsvæsnets Kvalistetsinstitut with Trifork Digital Health A/S"/><telecom><system value="url"/><value value="https://trifork.com"/></telecom><telecom><system value="email"/><value value="rbk@trifork.com"/></telecom></contact><description value="Typer af komplikationer ved vaskulære events - DMPN"/><compose><include><system value="https://kip.rkkp.dk/fhir/CodeSystem/Complications"/><concept><code value="dvt"/><display value="Dyb vene trombose"/></concept><concept><code value="pulmonaryembolism"/><display value="Lungeemboli"/></concept><concept><code value="ami"/><display value="Myocardieinfarkt"/></concept><concept><code value="apoplexia_cerebri"/><display value="Apoplexia cerebri"/></concept><concept><code value="abdominal"/><display value="Abdominal/hepatisk/milt trombose"/></concept><concept><code value="tci"/><display value="TCI"/></concept><concept><code value="thromboembolic"/><display value="Anden trombo/emboli"/></concept></include></compose></ValueSet>