{"resourceType":"CodeSystem","id":"NIHSS11ExtinctionInattention","text":{"status":"generated","div":"<div xmlns=\"http://www.w3.org/1999/xhtml\"><p class=\"res-header-id\"><b>Generated Narrative: CodeSystem NIHSS11ExtinctionInattention</b></p><a name=\"NIHSS11ExtinctionInattention\"> </a><a name=\"hcNIHSS11ExtinctionInattention\"> </a><a name=\"NIHSS11ExtinctionInattention-en-US\"> </a><p>This  code system <code>https://kip.rkkp.dk/fhir/CodeSystem/NIHSS11ExtinctionInattention</code> defines the following codes:</p><table class=\"codes\"><tr><td style=\"white-space:nowrap\"><b>Code</b></td><td><b>Definition</b></td></tr><tr><td style=\"white-space:nowrap\">0<a name=\"NIHSS11ExtinctionInattention-0\"> </a></td><td>No abnormality.</td></tr><tr><td style=\"white-space:nowrap\">1<a name=\"NIHSS11ExtinctionInattention-1\"> </a></td><td>Visual, tactile, auditory, spatial, or personal inattention or extinction to bilateral simultaneous stimulation in one of the sensory modalities.</td></tr><tr><td style=\"white-space:nowrap\">2<a name=\"NIHSS11ExtinctionInattention-2\"> </a></td><td>Profound hemi-inattention or extinction to more than one modality; does not recognize own hand or orients to only one side of space.</td></tr></table></div>"},"url":"https://kip.rkkp.dk/fhir/CodeSystem/NIHSS11ExtinctionInattention","version":"0.2.1","name":"NIHSS11ExtinctionInattention","title":"The National Institute of Health Stroke Scale (NIHSS) - 11. Extinction and Inattention (formerly Neglect)","status":"active","date":"2022-06-23T00:00:00+02:00","publisher":"Sundhedsvæsnets Kvalistetsinstitut with Trifork Digital Health A/S","contact":[{"name":"Sundhedsvæsnets Kvalistetsinstitut with Trifork Digital Health A/S","telecom":[{"system":"url","value":"https://trifork.com"},{"system":"email","value":"rbk@trifork.com"}]}],"description":"The National Institute of Health Stroke Scale (NIHSS) - 11. Extinction and Inattention (formerly Neglect); Link: https://www.ninds.nih.gov/stroke-scales-and-related-information","content":"complete","count":3,"concept":[{"code":"0","display":"0","definition":"No abnormality."},{"code":"1","display":"1","definition":"Visual, tactile, auditory, spatial, or personal inattention or extinction to bilateral simultaneous stimulation in one of the sensory modalities."},{"code":"2","display":"2","definition":"Profound hemi-inattention or extinction to more than one modality; does not recognize own hand or orients to only one side of space."}]}