{"resourceType":"CodeSystem","id":"LifeStatus","text":{"status":"generated","div":"<div xmlns=\"http://www.w3.org/1999/xhtml\"><p class=\"res-header-id\"><b>Generated Narrative: CodeSystem LifeStatus</b></p><a name=\"LifeStatus\"> </a><a name=\"hcLifeStatus\"> </a><a name=\"LifeStatus-en-US\"> </a><p>This  code system <code>https://kip.rkkp.dk/fhir/CodeSystem/LifeStatus</code> defines the following codes:</p><table class=\"codes\"><tr><td style=\"white-space:nowrap\"><b>Code</b></td><td><b>Display</b></td><td><b>Definition</b></td></tr><tr><td style=\"white-space:nowrap\">alive<a name=\"LifeStatus-alive\"> </a></td><td>Levende</td><td>Patienten udskrives levende</td></tr><tr><td style=\"white-space:nowrap\">dead<a name=\"LifeStatus-dead\"> </a></td><td>Palliativ</td><td>Patienten udskrives død</td></tr></table></div>"},"url":"https://kip.rkkp.dk/fhir/CodeSystem/LifeStatus","version":"0.2.1","name":"LifeStatus","title":"Liv Status","status":"active","date":"2022-06-22T00:00:00+02:00","publisher":"Sundhedsvæsnets Kvalistetsinstitut with Trifork Digital Health A/S","contact":[{"name":"Sundhedsvæsnets Kvalistetsinstitut with Trifork Digital Health A/S","telecom":[{"system":"url","value":"https://trifork.com"},{"system":"email","value":"rbk@trifork.com"}]}],"description":"Patientens status ved udskrivelse","content":"complete","count":2,"concept":[{"code":"alive","display":"Levende","definition":"Patienten udskrives levende"},{"code":"dead","display":"Palliativ","definition":"Patienten udskrives død"}]}