{"resourceType":"CodeSystem","id":"ProcedureUrogyn","text":{"status":"generated","div":"<div xmlns=\"http://www.w3.org/1999/xhtml\"><p class=\"res-header-id\"><b>Generated Narrative: CodeSystem ProcedureUrogyn</b></p><a name=\"ProcedureUrogyn\"> </a><a name=\"hcProcedureUrogyn\"> </a><a name=\"ProcedureUrogyn-en-US\"> </a><p>This  code system <code>https://kip.rkkp.dk/fhir/CodeSystem/ProcedureUrogyn</code> defines the following codes:</p><table class=\"codes\"><tr><td style=\"white-space:nowrap\"><b>Code</b></td><td><b>Display</b></td><td><b>Definition</b></td></tr><tr><td style=\"white-space:nowrap\">KKDG00<a name=\"ProcedureUrogyn-KKDG00\"> </a></td><td>Retropubisk supension af urinrør</td><td>Retropubisk supension af urinrør</td></tr><tr><td style=\"white-space:nowrap\">KKDG30<a name=\"ProcedureUrogyn-KKDG30\"> </a></td><td>Abdominal uretrocystopeksi med slynge</td><td>Abdominal uretrocystopeksi med slynge</td></tr><tr><td style=\"white-space:nowrap\">KKDV22<a name=\"ProcedureUrogyn-KKDV22\"> </a></td><td>Uretroskopisk submukøs injektionsbehandling i urinrør</td><td>Uretroskopisk submukøs injektionsbehandling i urinrør</td></tr><tr><td style=\"white-space:nowrap\">KLEG10<a name=\"ProcedureUrogyn-KLEG10\"> </a></td><td>Vaginal uretrocystopeksi med slynge</td><td>Vaginal uretrocystopeksi med slynge</td></tr><tr><td style=\"white-space:nowrap\">KLEG10A<a name=\"ProcedureUrogyn-KLEG10A\"> </a></td><td>Vaginal uretrocystopeksi med slynge gennem foramen obturatum</td><td>Vaginal uretrocystopeksi med slynge gennem foramen obturatum</td></tr><tr><td style=\"white-space:nowrap\">KLEF00<a name=\"ProcedureUrogyn-KLEF00\"> </a></td><td>Forreste kolporafi</td><td>Forreste kolporafi</td></tr><tr><td style=\"white-space:nowrap\">KLEF00A<a name=\"ProcedureUrogyn-KLEF00A\"> </a></td><td>Forreste kolporafi med meche</td><td>Forreste kolporafi med meche</td></tr><tr><td style=\"white-space:nowrap\">KLEF03<a name=\"ProcedureUrogyn-KLEF03\"> </a></td><td>Bageste kolporafi</td><td>Bageste kolporafi</td></tr><tr><td style=\"white-space:nowrap\">KLEF03A<a name=\"ProcedureUrogyn-KLEF03A\"> </a></td><td>Bageste kolporafi med meche</td><td>Bageste kolporafi med meche</td></tr><tr><td style=\"white-space:nowrap\">KLEF20<a name=\"ProcedureUrogyn-KLEF20\"> </a></td><td>Partiel kolpokleise</td><td>Partiel kolpokleise</td></tr><tr><td style=\"white-space:nowrap\">KLEF40<a name=\"ProcedureUrogyn-KLEF40\"> </a></td><td>Vaginal operation for enterocele</td><td>Vaginal operation for enterocele</td></tr><tr><td style=\"white-space:nowrap\">KLEF40A<a name=\"ProcedureUrogyn-KLEF40A\"> </a></td><td>Vaginal operation for enterocele med meche</td><td>Vaginal operation for enterocele med meche</td></tr><tr><td style=\"white-space:nowrap\">KLEF43<a name=\"ProcedureUrogyn-KLEF43\"> </a></td><td>Abdominal operation for enterocele</td><td>Abdominal operation for enterocele</td></tr><tr><td style=\"white-space:nowrap\">KLEF43A<a name=\"ProcedureUrogyn-KLEF43A\"> </a></td><td>Abdominal operation for enterocele med meche</td><td>Abdominal operation for enterocele med meche</td></tr><tr><td style=\"white-space:nowrap\">KLEF50<a name=\"ProcedureUrogyn-KLEF50\"> </a></td><td>Abdominal apikal kolpopeksi efter tidligere hysterektomi</td><td>Abdominal apikal kolpopeksi efter tidligere hysterektomi</td></tr><tr><td style=\"white-space:nowrap\">KLEF50A<a name=\"ProcedureUrogyn-KLEF50A\"> </a></td><td>Abdominal apikal kolpopeksi eft. tidl. hysterektomi m. meche</td><td>Abdominal apikal kolpopeksi eft. tidl. hysterektomi m. meche</td></tr><tr><td style=\"white-space:nowrap\">KLEF51<a name=\"ProcedureUrogyn-KLEF51\"> </a></td><td>Laparoskopisk apikal kolpopeksi efter tidligere hysterektomi</td><td>Laparoskopisk apikal kolpopeksi efter tidligere hysterektomi</td></tr><tr><td style=\"white-space:nowrap\">KLEF51A<a name=\"ProcedureUrogyn-KLEF51A\"> </a></td><td>Laparoskop. apikal kolpopeksi eft.tidl. hysterektomi m. meche</td><td>Laparoskop. apikal kolpopeksi eft.tidl. hysterektomi m. meche</td></tr><tr><td style=\"white-space:nowrap\">KLEF53<a name=\"ProcedureUrogyn-KLEF53\"> </a></td><td>Vaginal apikal kolpopeksi efter tidligere hysterektomi</td><td>Vaginal apikal kolpopeksi efter tidligere hysterektomi</td></tr><tr><td style=\"white-space:nowrap\">KLEF53A<a name=\"ProcedureUrogyn-KLEF53A\"> </a></td><td>Vaginal apikal kolpopeksi efter tidl. hysterektomi med meche</td><td>Vaginal apikal kolpopeksi efter tidl. hysterektomi med meche</td></tr><tr><td style=\"white-space:nowrap\">KLEF53B<a name=\"ProcedureUrogyn-KLEF53B\"> </a></td><td>Vaginal apikal kolpopeksi til det sakrospinøse ligament</td><td>Vaginal apikal kolpopeksi til det sakrospinøse ligament</td></tr><tr><td style=\"white-space:nowrap\">KLEF60<a name=\"ProcedureUrogyn-KLEF60\"> </a></td><td>Vaginal lateral kolpopeksi</td><td>Vaginal lateral kolpopeksi</td></tr><tr><td style=\"white-space:nowrap\">KLEF63<a name=\"ProcedureUrogyn-KLEF63\"> </a></td><td>Abdominal lateral kolpopeksi</td><td>Abdominal lateral kolpopeksi</td></tr><tr><td style=\"white-space:nowrap\">KLCG20<a name=\"ProcedureUrogyn-KLCG20\"> </a></td><td>Hysteropeksi</td><td>Hysteropeksi</td></tr><tr><td style=\"white-space:nowrap\">KLCG21<a name=\"ProcedureUrogyn-KLCG21\"> </a></td><td>Laparoskopisk hysteropeksi</td><td>Laparoskopisk hysteropeksi</td></tr><tr><td style=\"white-space:nowrap\">KLCG21A<a name=\"ProcedureUrogyn-KLCG21A\"> </a></td><td>Laparoskopisk hysteropeksi med mesh</td><td>Laparoskopisk hysteropeksi med mesh</td></tr><tr><td style=\"white-space:nowrap\">KLCD10<a name=\"ProcedureUrogyn-KLCD10\"> </a></td><td>Vaginal hysterektomi</td><td>Vaginal hysterektomi</td></tr><tr><td style=\"white-space:nowrap\">KLDC10<a name=\"ProcedureUrogyn-KLDC10\"> </a></td><td>Resektion af livmoderhals</td><td>Resektion af livmoderhals</td></tr><tr><td style=\"white-space:nowrap\">KLED00<a name=\"ProcedureUrogyn-KLED00\"> </a></td><td>Kolpektomi</td><td>Kolpektomi</td></tr><tr><td style=\"white-space:nowrap\">KZLA01<a name=\"ProcedureUrogyn-KZLA01\"> </a></td><td>Suspension af vaginaltop a.m. McCall</td><td>Suspension af vaginaltop a.m. McCall</td></tr><tr><td style=\"white-space:nowrap\">KZLA02<a name=\"ProcedureUrogyn-KZLA02\"> </a></td><td>Suspension af vaginaltop a.m. Bob Shull</td><td>Suspension af vaginaltop a.m. Bob Shull</td></tr><tr><td style=\"white-space:nowrap\">KLEE00<a name=\"ProcedureUrogyn-KLEE00\"> </a></td><td>Sutur af vagina</td><td>Sutur af vagina</td></tr><tr><td style=\"white-space:nowrap\">KLFE00<a name=\"ProcedureUrogyn-KLFE00\"> </a></td><td>Sutur af vulva</td><td>Sutur af vulva</td></tr><tr><td style=\"white-space:nowrap\">KLFE96<a name=\"ProcedureUrogyn-KLFE96\"> </a></td><td>Anden rekonstruktion på vulva eller perineum</td><td>Anden rekonstruktion på vulva eller perineum</td></tr><tr><td style=\"white-space:nowrap\">KJHC10<a name=\"ProcedureUrogyn-KJHC10\"> </a></td><td>Rekonstruktion af sphincter ani</td><td>Rekonstruktion af sphincter ani</td></tr><tr><td style=\"white-space:nowrap\">KUKC02<a name=\"ProcedureUrogyn-KUKC02\"> </a></td><td>Cystoskopi</td><td>Cystoskopi</td></tr><tr><td style=\"white-space:nowrap\">KZXF84A<a name=\"ProcedureUrogyn-KZXF84A\"> </a></td><td>Ikke resorberbar sutur</td><td>Ikke resorberbar sutur</td></tr><tr><td style=\"white-space:nowrap\">KZXF84B<a name=\"ProcedureUrogyn-KZXF84B\"> </a></td><td>Korttidsresorberbar sutur (&lt; 3 uger)</td><td>Korttidsresorberbar sutur (&lt; 3 uger)</td></tr><tr><td style=\"white-space:nowrap\">KZXF84C<a name=\"ProcedureUrogyn-KZXF84C\"> </a></td><td>Forsinket resorberbar sutur</td><td>Forsinket resorberbar sutur</td></tr><tr><td style=\"white-space:nowrap\">KZXX00<a name=\"ProcedureUrogyn-KZXX00\"> </a></td><td>Anvendelse af robot</td><td>Anvendelse af robot</td></tr><tr><td style=\"white-space:nowrap\">DN393<a name=\"ProcedureUrogyn-DN393\"> </a></td><td>Stress-inkontinens</td><td>Stress-inkontinens</td></tr><tr><td style=\"white-space:nowrap\">DN895D<a name=\"ProcedureUrogyn-DN895D\"> </a></td><td>Vaginal striktur</td><td>Vaginal striktur</td></tr><tr><td style=\"white-space:nowrap\">DR102B<a name=\"ProcedureUrogyn-DR102B\"> </a></td><td>Mavesmerter lokaliseret til bækken</td><td>Mavesmerter lokaliseret til bækken</td></tr><tr><td style=\"white-space:nowrap\">DR339D<a name=\"ProcedureUrogyn-DR339D\"> </a></td><td>Residualurin</td><td>Residualurin</td></tr><tr><td style=\"white-space:nowrap\">DR391<a name=\"ProcedureUrogyn-DR391\"> </a></td><td>Vandladningsbesvær UNS</td><td>Vandladningsbesvær UNS</td></tr><tr><td style=\"white-space:nowrap\">DR522B<a name=\"ProcedureUrogyn-DR522B\"> </a></td><td>Smerter i kønsorganer</td><td>Smerter i kønsorganer</td></tr><tr><td style=\"white-space:nowrap\">DT810G<a name=\"ProcedureUrogyn-DT810G\"> </a></td><td>Postoperativ blødning UNS</td><td>Postoperativ blødning UNS</td></tr><tr><td style=\"white-space:nowrap\">DT810H<a name=\"ProcedureUrogyn-DT810H\"> </a></td><td>Postoperativt hæmatom UNS</td><td>Postoperativt hæmatom UNS</td></tr><tr><td style=\"white-space:nowrap\">DT812G<a name=\"ProcedureUrogyn-DT812G\"> </a></td><td>Utilsigtet peroperativ punktur eller læsion af gastrointestinalkanalen</td><td>Utilsigtet peroperativ punktur eller læsion af gastrointestinalkanalen</td></tr><tr><td style=\"white-space:nowrap\">DT812H<a name=\"ProcedureUrogyn-DT812H\"> </a></td><td>Utilsigtet peroperativ punktur eller læsion af kvindeligt kønsorgan</td><td>Utilsigtet peroperativ punktur eller læsion af kvindeligt kønsorgan</td></tr><tr><td style=\"white-space:nowrap\">DT812UC<a name=\"ProcedureUrogyn-DT812UC\"> </a></td><td>Utilsigtet peroperativ punktur eller læsion af urinleder</td><td>Utilsigtet peroperativ punktur eller læsion af urinleder</td></tr><tr><td style=\"white-space:nowrap\">DT812UD<a name=\"ProcedureUrogyn-DT812UD\"> </a></td><td>Utilsigtet peroperativ punktur eller læsion af urinblære</td><td>Utilsigtet peroperativ punktur eller læsion af urinblære</td></tr><tr><td style=\"white-space:nowrap\">DT812UE<a name=\"ProcedureUrogyn-DT812UE\"> </a></td><td>Utilsigtet peroperativ punktur eller læsion af urinrør</td><td>Utilsigtet peroperativ punktur eller læsion af urinrør</td></tr><tr><td style=\"white-space:nowrap\">DT814F<a name=\"ProcedureUrogyn-DT814F\"> </a></td><td>Postoperativ sårinfektion</td><td>Postoperativ sårinfektion</td></tr><tr><td style=\"white-space:nowrap\">DT814U<a name=\"ProcedureUrogyn-DT814U\"> </a></td><td>Postoperativ urinvejsinfektion</td><td>Postoperativ urinvejsinfektion</td></tr><tr><td style=\"white-space:nowrap\">DT818F<a name=\"ProcedureUrogyn-DT818F\"> </a></td><td>Peroperativ blødning UNS</td><td>Peroperativ blødning UNS</td></tr><tr><td style=\"white-space:nowrap\">DT835<a name=\"ProcedureUrogyn-DT835\"> </a></td><td>Infektion eller inflammation omkring protese, implantat eller transplantat i urinvejene</td><td>Infektion eller inflammation omkring protese, implantat eller transplantat i urinvejene</td></tr><tr><td style=\"white-space:nowrap\">DT836<a name=\"ProcedureUrogyn-DT836\"> </a></td><td>Infektion eller inflammation omkring protese, implantat eller transplantat i kønsorganerne</td><td>Infektion eller inflammation omkring protese, implantat eller transplantat i kønsorganerne</td></tr><tr><td style=\"white-space:nowrap\">DT983C<a name=\"ProcedureUrogyn-DT983C\"> </a></td><td>Postoperativ seksuel dysfunktion</td><td>Postoperativ seksuel dysfunktion</td></tr><tr><td style=\"white-space:nowrap\">KKBF00<a name=\"ProcedureUrogyn-KKBF00\"> </a></td><td>Fjernelse af fremmedlegeme i urinleder</td><td>Fjernelse af fremmedlegeme i urinleder</td></tr><tr><td style=\"white-space:nowrap\">KKCF01<a name=\"ProcedureUrogyn-KKCF01\"> </a></td><td>Perkutan endoskopisk fjernelse af fremmedlegeme i urinblære</td><td>Perkutan endoskopisk fjernelse af fremmedlegeme i urinblære</td></tr><tr><td style=\"white-space:nowrap\">KKDE20<a name=\"ProcedureUrogyn-KKDE20\"> </a></td><td>Fjernelse af fremmedlegeme fra urinrør</td><td>Fjernelse af fremmedlegeme fra urinrør</td></tr><tr><td style=\"white-space:nowrap\">KLWB00<a name=\"ProcedureUrogyn-KLWB00\"> </a></td><td>Reoperation ved overfladisk infektion efter gynækologisk operation</td><td>Reoperation ved overfladisk infektion efter gynækologisk operation</td></tr><tr><td style=\"white-space:nowrap\">KLWC00<a name=\"ProcedureUrogyn-KLWC00\"> </a></td><td>Reoperation ved dyb infektion efter gynækologisk operation</td><td>Reoperation ved dyb infektion efter gynækologisk operation</td></tr><tr><td style=\"white-space:nowrap\">KLWC01<a name=\"ProcedureUrogyn-KLWC01\"> </a></td><td>Laparoskopisk reoperation ved dyb infektion efter gynækologisk operation</td><td>Laparoskopisk reoperation ved dyb infektion efter gynækologisk operation</td></tr><tr><td style=\"white-space:nowrap\">KLWD00<a name=\"ProcedureUrogyn-KLWD00\"> </a></td><td>Reoperation for overfladisk blødning efter gynækologisk operation</td><td>Reoperation for overfladisk blødning efter gynækologisk operation</td></tr><tr><td style=\"white-space:nowrap\">KLWE00<a name=\"ProcedureUrogyn-KLWE00\"> </a></td><td>Reoperation for dyb blødning efter gynækologisk operation</td><td>Reoperation for dyb blødning efter gynækologisk operation</td></tr><tr><td style=\"white-space:nowrap\">KLWE01<a name=\"ProcedureUrogyn-KLWE01\"> </a></td><td>Laparoskopisk reoperation for dyb blødning efter gynækologisk operation</td><td>Laparoskopisk reoperation for dyb blødning efter gynækologisk operation</td></tr><tr><td style=\"white-space:nowrap\">KLWW96<a name=\"ProcedureUrogyn-KLWW96\"> </a></td><td>Anden reoperation efter gynækologisk operation</td><td>Anden reoperation efter gynækologisk operation</td></tr><tr><td style=\"white-space:nowrap\">KLWW96A<a name=\"ProcedureUrogyn-KLWW96A\"> </a></td><td>Fjernelse af fremmedlegeme i bækkenhulen efter gynækologisk operation</td><td>Fjernelse af fremmedlegeme i bækkenhulen efter gynækologisk operation</td></tr><tr><td style=\"white-space:nowrap\">KLWW97A<a name=\"ProcedureUrogyn-KLWW97A\"> </a></td><td>Laparoskopisk fjernelse af fremmedlegeme i bækkenhulen efter gynækologisk operation</td><td>Laparoskopisk fjernelse af fremmedlegeme i bækkenhulen efter gynækologisk operation</td></tr><tr><td style=\"white-space:nowrap\">KTLE10<a name=\"ProcedureUrogyn-KTLE10\"> </a></td><td>Fjernelse af fremmedlegeme fra vagina</td><td>Fjernelse af fremmedlegeme fra vagina</td></tr><tr><td style=\"white-space:nowrap\">KTLW99A<a name=\"ProcedureUrogyn-KTLW99A\"> </a></td><td>Løsning eller overskæring af vaginal slynge</td><td>Løsning eller overskæring af vaginal slynge</td></tr><tr><td style=\"white-space:nowrap\">KTLW99B<a name=\"ProcedureUrogyn-KTLW99B\"> </a></td><td>Stramning af vaginal slynge</td><td>Stramning af vaginal slynge</td></tr><tr><td style=\"white-space:nowrap\">BJAA0<a name=\"ProcedureUrogyn-BJAA0\"> </a></td><td>Engangskateterisation af blæren</td><td>Engangskateterisation af blæren</td></tr><tr><td style=\"white-space:nowrap\">BJAZ0<a name=\"ProcedureUrogyn-BJAZ0\"> </a></td><td>Anlæggelse af blærekateter</td><td>Anlæggelse af blærekateter</td></tr><tr><td style=\"white-space:nowrap\">BJKA02<a name=\"ProcedureUrogyn-BJKA02\"> </a></td><td>Vejledning og undervisning i selvkateterisation</td><td>Vejledning og undervisning i selvkateterisation</td></tr><tr><td style=\"white-space:nowrap\">BOQA0<a name=\"ProcedureUrogyn-BOQA0\"> </a></td><td>Blodtransfusion</td><td>Blodtransfusion</td></tr><tr><td style=\"white-space:nowrap\">BPH<a name=\"ProcedureUrogyn-BPH\"> </a></td><td>Systemisk antibiotikabehandling af infektionssygdomme</td><td>Systemisk antibiotikabehandling af infektionssygdomme</td></tr><tr><td style=\"white-space:nowrap\">ZZ1295<a name=\"ProcedureUrogyn-ZZ1295\"> </a></td><td>Væske og vandladningsskema</td><td>Væske og vandladningsskema</td></tr></table></div>"},"url":"https://kip.rkkp.dk/fhir/CodeSystem/ProcedureUrogyn","version":"0.2.1","name":"ProcedureUrogyn","title":"Procedurekoder - Urogynækologi (DUGA)","status":"active","date":"2024-02-14T00:00:00+02:00","publisher":"Sundhedsvæsnets Kvalistetsinstitut with Trifork Digital Health A/S","contact":[{"name":"Sundhedsvæsnets Kvalistetsinstitut with Trifork Digital Health A/S","telecom":[{"system":"url","value":"https://trifork.com"},{"system":"email","value":"rbk@trifork.com"}]}],"description":"Procedurekoder - Urogynækolog (DUGA)","content":"complete","count":80,"concept":[{"code":"KKDG00","display":"Retropubisk supension af urinrør","definition":"Retropubisk supension af urinrør"},{"code":"KKDG30","display":"Abdominal uretrocystopeksi med slynge","definition":"Abdominal uretrocystopeksi med slynge"},{"code":"KKDV22","display":"Uretroskopisk submukøs injektionsbehandling i urinrør","definition":"Uretroskopisk submukøs injektionsbehandling i urinrør"},{"code":"KLEG10","display":"Vaginal uretrocystopeksi med slynge","definition":"Vaginal uretrocystopeksi med slynge"},{"code":"KLEG10A","display":"Vaginal uretrocystopeksi med slynge gennem foramen obturatum","definition":"Vaginal uretrocystopeksi med slynge gennem foramen obturatum"},{"code":"KLEF00","display":"Forreste kolporafi","definition":"Forreste kolporafi"},{"code":"KLEF00A","display":"Forreste kolporafi med meche","definition":"Forreste kolporafi med meche"},{"code":"KLEF03","display":"Bageste kolporafi","definition":"Bageste kolporafi"},{"code":"KLEF03A","display":"Bageste kolporafi med meche","definition":"Bageste kolporafi med meche"},{"code":"KLEF20","display":"Partiel kolpokleise","definition":"Partiel kolpokleise"},{"code":"KLEF40","display":"Vaginal operation for enterocele","definition":"Vaginal operation for enterocele"},{"code":"KLEF40A","display":"Vaginal operation for enterocele med meche","definition":"Vaginal operation for enterocele med meche"},{"code":"KLEF43","display":"Abdominal operation for enterocele","definition":"Abdominal operation for enterocele"},{"code":"KLEF43A","display":"Abdominal operation for enterocele med meche","definition":"Abdominal operation for enterocele med meche"},{"code":"KLEF50","display":"Abdominal apikal kolpopeksi efter tidligere hysterektomi","definition":"Abdominal apikal kolpopeksi efter tidligere hysterektomi"},{"code":"KLEF50A","display":"Abdominal apikal kolpopeksi eft. tidl. hysterektomi m. meche","definition":"Abdominal apikal kolpopeksi eft. tidl. hysterektomi m. meche"},{"code":"KLEF51","display":"Laparoskopisk apikal kolpopeksi efter tidligere hysterektomi","definition":"Laparoskopisk apikal kolpopeksi efter tidligere hysterektomi"},{"code":"KLEF51A","display":"Laparoskop. apikal kolpopeksi eft.tidl. hysterektomi m. meche","definition":"Laparoskop. apikal kolpopeksi eft.tidl. hysterektomi m. meche"},{"code":"KLEF53","display":"Vaginal apikal kolpopeksi efter tidligere hysterektomi","definition":"Vaginal apikal kolpopeksi efter tidligere hysterektomi"},{"code":"KLEF53A","display":"Vaginal apikal kolpopeksi efter tidl. hysterektomi med meche","definition":"Vaginal apikal kolpopeksi efter tidl. hysterektomi med meche"},{"code":"KLEF53B","display":"Vaginal apikal kolpopeksi til det sakrospinøse ligament","definition":"Vaginal apikal kolpopeksi til det sakrospinøse ligament"},{"code":"KLEF60","display":"Vaginal lateral kolpopeksi","definition":"Vaginal lateral kolpopeksi"},{"code":"KLEF63","display":"Abdominal lateral kolpopeksi","definition":"Abdominal lateral kolpopeksi"},{"code":"KLCG20","display":"Hysteropeksi","definition":"Hysteropeksi"},{"code":"KLCG21","display":"Laparoskopisk hysteropeksi","definition":"Laparoskopisk hysteropeksi"},{"code":"KLCG21A","display":"Laparoskopisk hysteropeksi med mesh","definition":"Laparoskopisk hysteropeksi med mesh"},{"code":"KLCD10","display":"Vaginal hysterektomi","definition":"Vaginal hysterektomi"},{"code":"KLDC10","display":"Resektion af livmoderhals","definition":"Resektion af livmoderhals"},{"code":"KLED00","display":"Kolpektomi","definition":"Kolpektomi"},{"code":"KZLA01","display":"Suspension af vaginaltop a.m. McCall","definition":"Suspension af vaginaltop a.m. McCall"},{"code":"KZLA02","display":"Suspension af vaginaltop a.m. Bob Shull","definition":"Suspension af vaginaltop a.m. Bob Shull"},{"code":"KLEE00","display":"Sutur af vagina","definition":"Sutur af vagina"},{"code":"KLFE00","display":"Sutur af vulva","definition":"Sutur af vulva"},{"code":"KLFE96","display":"Anden rekonstruktion på vulva eller perineum","definition":"Anden rekonstruktion på vulva eller perineum"},{"code":"KJHC10","display":"Rekonstruktion af sphincter ani","definition":"Rekonstruktion af sphincter ani"},{"code":"KUKC02","display":"Cystoskopi","definition":"Cystoskopi"},{"code":"KZXF84A","display":"Ikke resorberbar sutur","definition":"Ikke resorberbar sutur"},{"code":"KZXF84B","display":"Korttidsresorberbar sutur (< 3 uger)","definition":"Korttidsresorberbar sutur (< 3 uger)"},{"code":"KZXF84C","display":"Forsinket resorberbar sutur","definition":"Forsinket resorberbar sutur"},{"code":"KZXX00","display":"Anvendelse af robot","definition":"Anvendelse af robot"},{"code":"DN393","display":"Stress-inkontinens","definition":"Stress-inkontinens"},{"code":"DN895D","display":"Vaginal striktur","definition":"Vaginal striktur"},{"code":"DR102B","display":"Mavesmerter lokaliseret til bækken","definition":"Mavesmerter lokaliseret til bækken"},{"code":"DR339D","display":"Residualurin","definition":"Residualurin"},{"code":"DR391","display":"Vandladningsbesvær UNS","definition":"Vandladningsbesvær UNS"},{"code":"DR522B","display":"Smerter i kønsorganer","definition":"Smerter i kønsorganer"},{"code":"DT810G","display":"Postoperativ blødning UNS","definition":"Postoperativ blødning UNS"},{"code":"DT810H","display":"Postoperativt hæmatom UNS","definition":"Postoperativt hæmatom UNS"},{"code":"DT812G","display":"Utilsigtet peroperativ punktur eller læsion af gastrointestinalkanalen","definition":"Utilsigtet peroperativ punktur eller læsion af gastrointestinalkanalen"},{"code":"DT812H","display":"Utilsigtet peroperativ punktur eller læsion af kvindeligt kønsorgan","definition":"Utilsigtet peroperativ punktur eller læsion af kvindeligt kønsorgan"},{"code":"DT812UC","display":"Utilsigtet peroperativ punktur eller læsion af urinleder","definition":"Utilsigtet peroperativ punktur eller læsion af urinleder"},{"code":"DT812UD","display":"Utilsigtet peroperativ punktur eller læsion af urinblære","definition":"Utilsigtet peroperativ punktur eller læsion af urinblære"},{"code":"DT812UE","display":"Utilsigtet peroperativ punktur eller læsion af urinrør","definition":"Utilsigtet peroperativ punktur eller læsion af urinrør"},{"code":"DT814F","display":"Postoperativ sårinfektion","definition":"Postoperativ sårinfektion"},{"code":"DT814U","display":"Postoperativ urinvejsinfektion","definition":"Postoperativ urinvejsinfektion"},{"code":"DT818F","display":"Peroperativ blødning UNS","definition":"Peroperativ blødning UNS"},{"code":"DT835","display":"Infektion eller inflammation omkring protese, implantat eller transplantat i urinvejene","definition":"Infektion eller inflammation omkring protese, implantat eller transplantat i urinvejene"},{"code":"DT836","display":"Infektion eller inflammation omkring protese, implantat eller transplantat i kønsorganerne","definition":"Infektion eller inflammation omkring protese, implantat eller transplantat i kønsorganerne"},{"code":"DT983C","display":"Postoperativ seksuel dysfunktion","definition":"Postoperativ seksuel dysfunktion"},{"code":"KKBF00","display":"Fjernelse af fremmedlegeme i urinleder","definition":"Fjernelse af fremmedlegeme i urinleder"},{"code":"KKCF01","display":"Perkutan endoskopisk fjernelse af fremmedlegeme i urinblære","definition":"Perkutan endoskopisk fjernelse af fremmedlegeme i urinblære"},{"code":"KKDE20","display":"Fjernelse af fremmedlegeme fra urinrør","definition":"Fjernelse af fremmedlegeme fra urinrør"},{"code":"KLWB00","display":"Reoperation ved overfladisk infektion efter gynækologisk operation","definition":"Reoperation ved overfladisk infektion efter gynækologisk operation"},{"code":"KLWC00","display":"Reoperation ved dyb infektion efter gynækologisk operation","definition":"Reoperation ved dyb infektion efter gynækologisk operation"},{"code":"KLWC01","display":"Laparoskopisk reoperation ved dyb infektion efter gynækologisk operation","definition":"Laparoskopisk reoperation ved dyb infektion efter gynækologisk operation"},{"code":"KLWD00","display":"Reoperation for overfladisk blødning efter gynækologisk operation","definition":"Reoperation for overfladisk blødning efter gynækologisk operation"},{"code":"KLWE00","display":"Reoperation for dyb blødning efter gynækologisk operation","definition":"Reoperation for dyb blødning efter gynækologisk operation"},{"code":"KLWE01","display":"Laparoskopisk reoperation for dyb blødning efter gynækologisk operation","definition":"Laparoskopisk reoperation for dyb blødning efter gynækologisk operation"},{"code":"KLWW96","display":"Anden reoperation efter gynækologisk operation","definition":"Anden reoperation efter gynækologisk operation"},{"code":"KLWW96A","display":"Fjernelse af fremmedlegeme i bækkenhulen efter gynækologisk operation","definition":"Fjernelse af fremmedlegeme i bækkenhulen efter gynækologisk operation"},{"code":"KLWW97A","display":"Laparoskopisk fjernelse af fremmedlegeme i bækkenhulen efter gynækologisk operation","definition":"Laparoskopisk fjernelse af fremmedlegeme i bækkenhulen efter gynækologisk operation"},{"code":"KTLE10","display":"Fjernelse af fremmedlegeme fra vagina","definition":"Fjernelse af fremmedlegeme fra vagina"},{"code":"KTLW99A","display":"Løsning eller overskæring af vaginal slynge","definition":"Løsning eller overskæring af vaginal slynge"},{"code":"KTLW99B","display":"Stramning af vaginal slynge","definition":"Stramning af vaginal slynge"},{"code":"BJAA0","display":"Engangskateterisation af blæren","definition":"Engangskateterisation af blæren"},{"code":"BJAZ0","display":"Anlæggelse af blærekateter","definition":"Anlæggelse af blærekateter"},{"code":"BJKA02","display":"Vejledning og undervisning i selvkateterisation","definition":"Vejledning og undervisning i selvkateterisation"},{"code":"BOQA0","display":"Blodtransfusion","definition":"Blodtransfusion"},{"code":"BPH","display":"Systemisk antibiotikabehandling af infektionssygdomme","definition":"Systemisk antibiotikabehandling af infektionssygdomme"},{"code":"ZZ1295","display":"Væske og vandladningsskema","definition":"Væske og vandladningsskema"}]}