{"resourceType":"CodeSystem","id":"VancouverClassification","text":{"status":"generated","div":"<div xmlns=\"http://www.w3.org/1999/xhtml\"><p class=\"res-header-id\"><b>Generated Narrative: CodeSystem VancouverClassification</b></p><a name=\"VancouverClassification\"> </a><a name=\"hcVancouverClassification\"> </a><a name=\"VancouverClassification-en-US\"> </a><p>This case-insensitive code system <code>https://kip.rkkp.dk/fhir/CodeSystem/VancouverClassification</code> defines the following codes in an undefined hierarchy:</p><table class=\"codes\"><tr><td><b>Lvl</b></td><td style=\"white-space:nowrap\"><b>Code</b></td><td><b>Display</b></td><td><b>Definition</b></td></tr><tr><td>1</td><td style=\"white-space:nowrap\">type_a<a name=\"VancouverClassification-type_a\"> </a></td><td>Type A: fractures involve the trochanteric area</td><td>Type A: fractures involve the trochanteric area</td></tr><tr><td>2</td><td style=\"white-space:nowrap\">\u00a0\u00a0type_ag<a name=\"VancouverClassification-type_ag\"> </a></td><td>Type A(G): greater trochanter</td><td>Type A(G): greater trochanter</td></tr><tr><td>2</td><td style=\"white-space:nowrap\">\u00a0\u00a0type_al<a name=\"VancouverClassification-type_al\"> </a></td><td>Type A(L): lesser trochanter</td><td>Type A(L): lesser trochanter</td></tr><tr><td>1</td><td style=\"white-space:nowrap\">type_b<a name=\"VancouverClassification-type_b\"> </a></td><td>Type B: around the stem or just below it</td><td>Type B: around the stem or just below it</td></tr><tr><td>2</td><td style=\"white-space:nowrap\">\u00a0\u00a0type_b1<a name=\"VancouverClassification-type_b1\"> </a></td><td>Type B1: stem stable</td><td>Type B1: stem stable</td></tr><tr><td>2</td><td style=\"white-space:nowrap\">\u00a0\u00a0type_b2<a name=\"VancouverClassification-type_b2\"> </a></td><td>Type B2: stem loose</td><td>Type B2: stem loose</td></tr><tr><td>2</td><td style=\"white-space:nowrap\">\u00a0\u00a0type_b3<a name=\"VancouverClassification-type_b3\"> </a></td><td>Type B3: stem loose, bone stock inadequate</td><td>Type B3: stem loose, bone stock inadequate</td></tr><tr><td>1</td><td style=\"white-space:nowrap\">type_c<a name=\"VancouverClassification-type_c\"> </a></td><td>Type C: well below the stem</td><td>Type C: well below the stem</td></tr><tr><td>2</td><td style=\"white-space:nowrap\">\u00a0\u00a0type_c1<a name=\"VancouverClassification-type_c1\"> </a></td><td>Type C1</td><td>Type C1</td></tr><tr><td>2</td><td style=\"white-space:nowrap\">\u00a0\u00a0type_c2<a name=\"VancouverClassification-type_c2\"> </a></td><td>Type C2</td><td>Type C2</td></tr><tr><td>2</td><td style=\"white-space:nowrap\">\u00a0\u00a0type_c3<a name=\"VancouverClassification-type_c3\"> </a></td><td>Type C3</td><td>Type C3</td></tr></table></div>"},"url":"https://kip.rkkp.dk/fhir/CodeSystem/VancouverClassification","version":"0.2.1","name":"VancouverClassification","title":"Vancouver classification of periprosthetic hip fractures","status":"active","date":"2022-11-07T00:00:00+02:00","publisher":"Sundhedsvæsnets Kvalistetsinstitut with Trifork Digital Health A/S","contact":[{"name":"Sundhedsvæsnets Kvalistetsinstitut with Trifork Digital Health A/S","telecom":[{"system":"url","value":"https://trifork.com"},{"system":"email","value":"rbk@trifork.com"}]}],"description":"Vancouver classification of periprosthetic hip fractures; Link: https://radiopaedia.org/articles/vancouver-classification-of-periprosthetic-hip-fractures","caseSensitive":false,"content":"complete","count":11,"concept":[{"code":"type_a","display":"Type A: fractures involve the trochanteric area","definition":"Type A: fractures involve the trochanteric area","concept":[{"code":"type_ag","display":"Type A(G): greater trochanter","definition":"Type A(G): greater trochanter"},{"code":"type_al","display":"Type A(L): lesser trochanter","definition":"Type A(L): lesser trochanter"}]},{"code":"type_b","display":"Type B: around the stem or just below it","definition":"Type B: around the stem or just below it","concept":[{"code":"type_b1","display":"Type B1: stem stable","definition":"Type B1: stem stable"},{"code":"type_b2","display":"Type B2: stem loose","definition":"Type B2: stem loose"},{"code":"type_b3","display":"Type B3: stem loose, bone stock inadequate","definition":"Type B3: stem loose, bone stock inadequate"}]},{"code":"type_c","display":"Type C: well below the stem","definition":"Type C: well below the stem","concept":[{"code":"type_c1","display":"Type C1","definition":"Type C1"},{"code":"type_c2","display":"Type C2","definition":"Type C2"},{"code":"type_c3","display":"Type C3","definition":"Type C3"}]}]}