{"resourceType":"CodeSystem","id":"BulkingMaterialeDUGA","text":{"status":"generated","div":"<div xmlns=\"http://www.w3.org/1999/xhtml\"><p class=\"res-header-id\"><b>Generated Narrative: CodeSystem BulkingMaterialeDUGA</b></p><a name=\"BulkingMaterialeDUGA\"> </a><a name=\"hcBulkingMaterialeDUGA\"> </a><a name=\"BulkingMaterialeDUGA-en-US\"> </a><p>This  code system <code>https://kip.rkkp.dk/fhir/CodeSystem/BulkingMaterialeDUGA</code> defines the following codes:</p><table class=\"codes\"><tr><td style=\"white-space:nowrap\"><b>Code</b></td><td><b>Definition</b></td></tr><tr><td style=\"white-space:nowrap\">Bulkamid<a name=\"BulkingMaterialeDUGA-Bulkamid\"> </a></td><td>Bulkamid</td></tr><tr><td style=\"white-space:nowrap\">Deflux<a name=\"BulkingMaterialeDUGA-Deflux\"> </a></td><td>Deflux</td></tr><tr><td style=\"white-space:nowrap\">Macroplastik<a name=\"BulkingMaterialeDUGA-Macroplastik\"> </a></td><td>Macroplastik</td></tr></table></div>"},"url":"https://kip.rkkp.dk/fhir/CodeSystem/BulkingMaterialeDUGA","version":"0.2.1","name":"BulkingMaterialeDUGA","title":"Bulking materiale - Urogynækologi (DUGA)","status":"active","date":"2024-02-14T00:00:00+02:00","publisher":"Sundhedsvæsnets Kvalistetsinstitut with Trifork Digital Health A/S","contact":[{"name":"Sundhedsvæsnets Kvalistetsinstitut with Trifork Digital Health A/S","telecom":[{"system":"url","value":"https://trifork.com"},{"system":"email","value":"rbk@trifork.com"}]}],"description":"Bulking materiale - Urogynækologi (DUGA)","content":"complete","count":3,"concept":[{"code":"Bulkamid","display":"Bulkamid","definition":"Bulkamid"},{"code":"Deflux","display":"Deflux","definition":"Deflux"},{"code":"Macroplastik","display":"Macroplastik","definition":"Macroplastik"}]}