{"resourceType":"CodeSystem","id":"ResectionType","text":{"status":"generated","div":"<div xmlns=\"http://www.w3.org/1999/xhtml\"><p class=\"res-header-id\"><b>Generated Narrative: CodeSystem ResectionType</b></p><a name=\"ResectionType\"> </a><a name=\"hcResectionType\"> </a><a name=\"ResectionType-en-US\"> </a><p>This  code system <code>https://kip.rkkp.dk/fhir/CodeSystem/ResectionType</code> defines the following codes:</p><table class=\"codes\"><tr><td style=\"white-space:nowrap\"><b>Code</b></td><td><b>Display</b></td><td><b>Definition</b></td></tr><tr><td style=\"white-space:nowrap\">gastrectomy<a name=\"ResectionType-gastrectomy\"> </a></td><td>Gastrektomi og øsofagojejunostomi (Roux)</td><td>Gastrektomi og øsofagojejunostomi (Roux) [KJDD00]</td></tr><tr><td style=\"white-space:nowrap\">ventricular<a name=\"ResectionType-ventricular\"> </a></td><td>Ventrikelresektion med gastrojejunostomi</td><td>Ventrikelresektion med gastrojejunostomi [KJDC20/KJCD30]</td></tr><tr><td style=\"white-space:nowrap\">transthoracic_ventricular<a name=\"ResectionType-transthoracic_ventricular\"> </a></td><td>Transtorakal øsofagustresektion og ventrikelresektion (øsofagogastrostomi)</td><td>Transtorakal øsofagustresektion og ventrikelresektion med øsofagogastrostomi [KJCC10/KJCC11]</td></tr><tr><td style=\"white-space:nowrap\">transhiatal_ventricular<a name=\"ResectionType-transhiatal_ventricular\"> </a></td><td>Transhiatal øsofagusresektion og ventrikelresektion (øsofagogastrostomi)</td><td>Transhiatal øsofagusresektion og ventrikelresektion med øsofagogastrostomi [KJCC00/KJDC40]</td></tr><tr><td style=\"white-space:nowrap\">transthoracic_intestine<a name=\"ResectionType-transthoracic_intestine\"> </a></td><td>Transtorakal øsofagusresektion (interposition af tarm)</td><td>Transtorakal øsofagusresektion med interposition af tarm [KJCC30]</td></tr><tr><td style=\"white-space:nowrap\">transhiatal_intestine<a name=\"ResectionType-transhiatal_intestine\"> </a></td><td>Transhiatal øsofagusresektion (interposition af tarm)</td><td>Transhiatal øsofagusresektion med interposition af tarm [KJCC20]</td></tr><tr><td style=\"white-space:nowrap\">endoscopic<a name=\"ResectionType-endoscopic\"> </a></td><td>Endoskopisk</td><td>Endoskopisk [KJCA52/KJCA52A/KJCA52B/KJCA52C]</td></tr><tr><td style=\"white-space:nowrap\">otheresophagus<a name=\"ResectionType-otheresophagus\"> </a></td><td>Anden resektion af øsofagus (rekonstruktion med frit transplantat)</td><td>Anden resektion af øsofagus med rekonstruktion med frit transplantat</td></tr><tr><td style=\"white-space:nowrap\">other<a name=\"ResectionType-other\"> </a></td><td>Andet</td><td>Andet</td></tr></table></div>"},"url":"https://kip.rkkp.dk/fhir/CodeSystem/ResectionType","version":"0.2.1","name":"ResectionType","title":"Resection type","status":"active","date":"2022-06-07T00:00:00+02:00","publisher":"Sundhedsvæsnets Kvalistetsinstitut with Trifork Digital Health A/S","contact":[{"name":"Sundhedsvæsnets Kvalistetsinstitut with Trifork Digital Health A/S","telecom":[{"system":"url","value":"https://trifork.com"},{"system":"email","value":"rbk@trifork.com"}]}],"description":"Resektionstype for kræft databaser (DEGC)","content":"complete","count":9,"concept":[{"code":"gastrectomy","display":"Gastrektomi og øsofagojejunostomi (Roux)","definition":"Gastrektomi og øsofagojejunostomi (Roux) [KJDD00]"},{"code":"ventricular","display":"Ventrikelresektion med gastrojejunostomi","definition":"Ventrikelresektion med gastrojejunostomi [KJDC20/KJCD30]"},{"code":"transthoracic_ventricular","display":"Transtorakal øsofagustresektion og ventrikelresektion (øsofagogastrostomi)","definition":"Transtorakal øsofagustresektion og ventrikelresektion med øsofagogastrostomi [KJCC10/KJCC11]"},{"code":"transhiatal_ventricular","display":"Transhiatal øsofagusresektion og ventrikelresektion (øsofagogastrostomi)","definition":"Transhiatal øsofagusresektion og ventrikelresektion med øsofagogastrostomi [KJCC00/KJDC40]"},{"code":"transthoracic_intestine","display":"Transtorakal øsofagusresektion (interposition af tarm)","definition":"Transtorakal øsofagusresektion med interposition af tarm [KJCC30]"},{"code":"transhiatal_intestine","display":"Transhiatal øsofagusresektion (interposition af tarm)","definition":"Transhiatal øsofagusresektion med interposition af tarm [KJCC20]"},{"code":"endoscopic","display":"Endoskopisk","definition":"Endoskopisk [KJCA52/KJCA52A/KJCA52B/KJCA52C]"},{"code":"otheresophagus","display":"Anden resektion af øsofagus (rekonstruktion med frit transplantat)","definition":"Anden resektion af øsofagus med rekonstruktion med frit transplantat"},{"code":"other","display":"Andet","definition":"Andet"}]}