{"resourceType":"CodeSystem","id":"NIHSS9Language","text":{"status":"generated","div":"<div xmlns=\"http://www.w3.org/1999/xhtml\"><p class=\"res-header-id\"><b>Generated Narrative: CodeSystem NIHSS9Language</b></p><a name=\"NIHSS9Language\"> </a><a name=\"hcNIHSS9Language\"> </a><a name=\"NIHSS9Language-en-US\"> </a><p>This  code system <code>https://kip.rkkp.dk/fhir/CodeSystem/NIHSS9Language</code> defines the following codes:</p><table class=\"codes\"><tr><td style=\"white-space:nowrap\"><b>Code</b></td><td><b>Definition</b></td></tr><tr><td style=\"white-space:nowrap\">0<a name=\"NIHSS9Language-0\"> </a></td><td>No aphasia; normal.</td></tr><tr><td style=\"white-space:nowrap\">1<a name=\"NIHSS9Language-1\"> </a></td><td>Mild-to-moderate aphasia; some obvious loss of fluency or facility of comprehension, without significant limitation on ideas expressed or form of expression. Reduction of speech and/or comprehension, however, makes conversation about provided materials difficult or impossible. For example, in conversation about provided materials, examiner can identify picture or naming card content from patient's response.</td></tr><tr><td style=\"white-space:nowrap\">2<a name=\"NIHSS9Language-2\"> </a></td><td>Severe aphasia; all communication is through fragmentary expression; great need for inference, questioning, and guessing by the listener. Range of information that can be exchanged is limited; listener carries burden of communication. Examiner cannot identify materials provided from patient response.</td></tr><tr><td style=\"white-space:nowrap\">3<a name=\"NIHSS9Language-3\"> </a></td><td>Mute, global aphasia; no usable speech or auditory comprehension.</td></tr></table></div>"},"url":"https://kip.rkkp.dk/fhir/CodeSystem/NIHSS9Language","version":"0.2.1","name":"NIHSS9Language","title":"The National Institute of Health Stroke Scale (NIHSS) - 9. Best Language","status":"active","date":"2022-06-23T00:00:00+02:00","publisher":"Sundhedsvæsnets Kvalistetsinstitut with Trifork Digital Health A/S","contact":[{"name":"Sundhedsvæsnets Kvalistetsinstitut with Trifork Digital Health A/S","telecom":[{"system":"url","value":"https://trifork.com"},{"system":"email","value":"rbk@trifork.com"}]}],"description":"The National Institute of Health Stroke Scale (NIHSS) - 9. Best Language; Link: https://www.ninds.nih.gov/stroke-scales-and-related-information","content":"complete","count":4,"concept":[{"code":"0","display":"0","definition":"No aphasia; normal."},{"code":"1","display":"1","definition":"Mild-to-moderate aphasia; some obvious loss of fluency or facility of comprehension, without significant limitation on ideas expressed or form of expression. Reduction of speech and/or comprehension, however, makes conversation about provided materials difficult or impossible. For example, in conversation about provided materials, examiner can identify picture or naming card content from patient's response."},{"code":"2","display":"2","definition":"Severe aphasia; all communication is through fragmentary expression; great need for inference, questioning, and guessing by the listener. Range of information that can be exchanged is limited; listener carries burden of communication. Examiner cannot identify materials provided from patient response."},{"code":"3","display":"3","definition":"Mute, global aphasia; no usable speech or auditory comprehension."}]}