{"resourceType":"CodeSystem","id":"TrombektomiPerfusion","text":{"status":"generated","div":"<div xmlns=\"http://www.w3.org/1999/xhtml\"><p class=\"res-header-id\"><b>Generated Narrative: CodeSystem TrombektomiPerfusion</b></p><a name=\"TrombektomiPerfusion\"> </a><a name=\"hcTrombektomiPerfusion\"> </a><a name=\"TrombektomiPerfusion-en-US\"> </a><p>This  code system <code>https://kip.rkkp.dk/fhir/CodeSystem/TrombektomiPerfusion</code> defines the following codes:</p><table class=\"codes\"><tr><td style=\"white-space:nowrap\"><b>Code</b></td><td><b>Display</b></td><td><b>Definition</b></td></tr><tr><td style=\"white-space:nowrap\">med_reperfusion<a name=\"TrombektomiPerfusion-med_reperfusion\"> </a></td><td>Hel/delvis reperfusion</td><td>Trombektomi med efterfølgende helt eller delvist opnået reperfusion</td></tr><tr><td style=\"white-space:nowrap\">uden_reperfusion<a name=\"TrombektomiPerfusion-uden_reperfusion\"> </a></td><td>Uden efterflg. reperfusion</td><td>Trombektomi uden efterfølgende reperfusion</td></tr><tr><td style=\"white-space:nowrap\">spontan_reperfusion<a name=\"TrombektomiPerfusion-spontan_reperfusion\"> </a></td><td>Spontan reperfusion</td><td>Spontan reperfusion</td></tr><tr><td style=\"white-space:nowrap\">hypoperfusion<a name=\"TrombektomiPerfusion-hypoperfusion\"> </a></td><td>Hypoperfusion uden trombektomi</td><td>Stenosebetinget hypoperfusion uden trombektomi behandlet</td></tr></table></div>"},"url":"https://kip.rkkp.dk/fhir/CodeSystem/TrombektomiPerfusion","version":"0.2.1","name":"TrombektomiPerfusion","title":"Trombektomi-Perfusion (Danstroke)","status":"active","date":"2023-05-16T00:00:00+02:00","publisher":"Sundhedsvæsnets Kvalistetsinstitut with Trifork Digital Health A/S","contact":[{"name":"Sundhedsvæsnets Kvalistetsinstitut with Trifork Digital Health A/S","telecom":[{"system":"url","value":"https://trifork.com"},{"system":"email","value":"rbk@trifork.com"}]}],"description":"Perfusion opnået under trombektomi","content":"complete","count":4,"concept":[{"code":"med_reperfusion","display":"Hel/delvis reperfusion","definition":"Trombektomi med efterfølgende helt eller delvist opnået reperfusion"},{"code":"uden_reperfusion","display":"Uden efterflg. reperfusion","definition":"Trombektomi uden efterfølgende reperfusion"},{"code":"spontan_reperfusion","display":"Spontan reperfusion","definition":"Spontan reperfusion"},{"code":"hypoperfusion","display":"Hypoperfusion uden trombektomi","definition":"Stenosebetinget hypoperfusion uden trombektomi behandlet"}]}