{"resourceType":"CodeSystem","id":"HaendelseIndtraeffer","text":{"status":"generated","div":"<div xmlns=\"http://www.w3.org/1999/xhtml\"><p class=\"res-header-id\"><b>Generated Narrative: CodeSystem HaendelseIndtraeffer</b></p><a name=\"HaendelseIndtraeffer\"> </a><a name=\"hcHaendelseIndtraeffer\"> </a><a name=\"HaendelseIndtraeffer-en-US\"> </a><p>This  code system <code>https://kip.rkkp.dk/fhir/CodeSystem/HaendelseIndtraeffer</code> defines the following codes:</p><table class=\"codes\"><tr><td style=\"white-space:nowrap\"><b>Code</b></td><td><b>Display</b></td><td><b>Definition</b></td></tr><tr><td style=\"white-space:nowrap\">aldrig<a name=\"HaendelseIndtraeffer-aldrig\"> </a></td><td>Aldrig</td><td>Aldrig</td></tr><tr><td style=\"white-space:nowrap\">altid<a name=\"HaendelseIndtraeffer-altid\"> </a></td><td>Hele tiden</td><td>Hele tiden</td></tr><tr><td style=\"white-space:nowrap\">aktiv<a name=\"HaendelseIndtraeffer-aktiv\"> </a></td><td>Fysisk aktiv</td><td>Fysisk aktiv</td></tr><tr><td style=\"white-space:nowrap\">efter-toilet<a name=\"HaendelseIndtraeffer-efter-toilet\"> </a></td><td>Efter toilet</td><td>Efter toilet</td></tr><tr><td style=\"white-space:nowrap\">inden-toilet<a name=\"HaendelseIndtraeffer-inden-toilet\"> </a></td><td>Inden toilet</td><td>Inden toilet</td></tr><tr><td style=\"white-space:nowrap\">hoste<a name=\"HaendelseIndtraeffer-hoste\"> </a></td><td>Ved hoste</td><td>Ved hoste</td></tr><tr><td style=\"white-space:nowrap\">sover<a name=\"HaendelseIndtraeffer-sover\"> </a></td><td>Sover</td><td>Sover</td></tr><tr><td style=\"white-space:nowrap\">uden-grund<a name=\"HaendelseIndtraeffer-uden-grund\"> </a></td><td>Uden grund</td><td>Uden grund</td></tr></table></div>"},"url":"https://kip.rkkp.dk/fhir/CodeSystem/HaendelseIndtraeffer","version":"0.2.1","name":"HaendelseIndtraeffer","title":"Hændelse indtræffer","status":"active","date":"2024-02-13T00:00:00+02:00","publisher":"Sundhedsvæsnets Kvalistetsinstitut with Trifork Digital Health A/S","contact":[{"name":"Sundhedsvæsnets Kvalistetsinstitut with Trifork Digital Health A/S","telecom":[{"system":"url","value":"https://trifork.com"},{"system":"email","value":"rbk@trifork.com"}]}],"description":"I hvilken sammenhæng sker en given hændelse","content":"complete","count":8,"concept":[{"code":"aldrig","display":"Aldrig","definition":"Aldrig"},{"code":"altid","display":"Hele tiden","definition":"Hele tiden"},{"code":"aktiv","display":"Fysisk aktiv","definition":"Fysisk aktiv"},{"code":"efter-toilet","display":"Efter toilet","definition":"Efter toilet"},{"code":"inden-toilet","display":"Inden toilet","definition":"Inden toilet"},{"code":"hoste","display":"Ved hoste","definition":"Ved hoste"},{"code":"sover","display":"Sover","definition":"Sover"},{"code":"uden-grund","display":"Uden grund","definition":"Uden grund"}]}