{"resourceType":"CodeSystem","id":"ResidualTumorClassification","text":{"status":"generated","div":"<div xmlns=\"http://www.w3.org/1999/xhtml\"><p class=\"res-header-id\"><b>Generated Narrative: CodeSystem ResidualTumorClassification</b></p><a name=\"ResidualTumorClassification\"> </a><a name=\"hcResidualTumorClassification\"> </a><a name=\"ResidualTumorClassification-en-US\"> </a><p>This  code system <code>https://kip.rkkp.dk/fhir/CodeSystem/ResidualTumorClassification</code> defines the following codes:</p><table class=\"codes\"><tr><td style=\"white-space:nowrap\"><b>Code</b></td><td><b>Display</b></td><td><b>Definition</b></td></tr><tr><td style=\"white-space:nowrap\">rx<a name=\"ResidualTumorClassification-rx\"> </a></td><td>RX</td><td>RX The presence of residual tumor cannot be assessed.</td></tr><tr><td style=\"white-space:nowrap\">r0<a name=\"ResidualTumorClassification-r0\"> </a></td><td>R0</td><td>R0 No residual tumor.</td></tr><tr><td style=\"white-space:nowrap\">r1<a name=\"ResidualTumorClassification-r1\"> </a></td><td>R1</td><td>R1 Microscopic residual tumor.</td></tr><tr><td style=\"white-space:nowrap\">r01<a name=\"ResidualTumorClassification-r01\"> </a></td><td>R0/R1</td><td>No visible presence of residual tumor</td></tr><tr><td style=\"white-space:nowrap\">r2<a name=\"ResidualTumorClassification-r2\"> </a></td><td>R2</td><td>R2 Macroscopic residual tumor.</td></tr></table></div>"},"url":"https://kip.rkkp.dk/fhir/CodeSystem/ResidualTumorClassification","version":"0.2.1","name":"ResidualTumorClassification","title":"Residual tumor (R) classification","status":"active","date":"2022-06-07T00:00:00+02:00","publisher":"Sundhedsvæsnets Kvalistetsinstitut with Trifork Digital Health A/S","contact":[{"name":"Sundhedsvæsnets Kvalistetsinstitut with Trifork Digital Health A/S","telecom":[{"system":"url","value":"https://trifork.com"},{"system":"email","value":"rbk@trifork.com"}]}],"description":"Residual tumor (R) classification. Link: https://acsjournals.onlinelibrary.wiley.com/doi/10.1002/cncr.10492","content":"complete","count":5,"concept":[{"code":"rx","display":"RX","definition":"RX The presence of residual tumor cannot be assessed."},{"code":"r0","display":"R0","definition":"R0 No residual tumor."},{"code":"r1","display":"R1","definition":"R1 Microscopic residual tumor."},{"code":"r01","display":"R0/R1","definition":"No visible presence of residual tumor"},{"code":"r2","display":"R2","definition":"R2 Macroscopic residual tumor."}]}