{"resourceType":"CodeSystem","id":"ClinicalProtocolNotParticipated","text":{"status":"generated","div":"<div xmlns=\"http://www.w3.org/1999/xhtml\"><p class=\"res-header-id\"><b>Generated Narrative: CodeSystem ClinicalProtocolNotParticipated</b></p><a name=\"ClinicalProtocolNotParticipated\"> </a><a name=\"hcClinicalProtocolNotParticipated\"> </a><a name=\"ClinicalProtocolNotParticipated-en-US\"> </a><p>This case-insensitive code system <code>https://kip.rkkp.dk/fhir/CodeSystem/ClinicalProtocolNotParticipated</code> defines the following codes:</p><table class=\"codes\"><tr><td style=\"white-space:nowrap\"><b>Code</b></td><td><b>Display</b></td><td><b>Definition</b></td></tr><tr><td style=\"white-space:nowrap\">rejected<a name=\"ClinicalProtocolNotParticipated-rejected\"> </a></td><td>Patient rejected invitation</td><td>Patient rejected invitation</td></tr><tr><td style=\"white-space:nowrap\">deselected<a name=\"ClinicalProtocolNotParticipated-deselected\"> </a></td><td>Health department deselected patient</td><td>Health department deselected patient</td></tr><tr><td style=\"white-space:nowrap\">no_invitation<a name=\"ClinicalProtocolNotParticipated-no_invitation\"> </a></td><td>Patient was not invited</td><td>Patient was not invited</td></tr></table></div>"},"url":"https://kip.rkkp.dk/fhir/CodeSystem/ClinicalProtocolNotParticipated","version":"0.2.1","name":"ClinicalProtocolNotParticipated","title":"Clinical protocol - patient did not participated; cause","status":"active","date":"2022-07-11T00:00:00+02:00","publisher":"Sundhedsvæsnets Kvalistetsinstitut with Trifork Digital Health A/S","contact":[{"name":"Sundhedsvæsnets Kvalistetsinstitut with Trifork Digital Health A/S","telecom":[{"system":"url","value":"https://trifork.com"},{"system":"email","value":"rbk@trifork.com"}]}],"description":"Clinical protocol -  patient did not participated; cause","caseSensitive":false,"content":"complete","count":3,"concept":[{"code":"rejected","display":"Patient rejected invitation","definition":"Patient rejected invitation"},{"code":"deselected","display":"Health department deselected patient","definition":"Health department deselected patient"},{"code":"no_invitation","display":"Patient was not invited","definition":"Patient was not invited"}]}