{"resourceType":"ValueSet","id":"RevisionHumerusKomponentDSR","text":{"status":"extensions","div":"<div xmlns=\"http://www.w3.org/1999/xhtml\"><p class=\"res-header-id\"><b>Generated Narrative: ValueSet RevisionHumerusKomponentDSR</b></p><a name=\"RevisionHumerusKomponentDSR\"> </a><a name=\"hcRevisionHumerusKomponentDSR\"> </a><a name=\"RevisionHumerusKomponentDSR-en-US\"> </a><ul><li>Include these codes as defined in <a href=\"CodeSystem-ImplantComponents.html\"><code>https://kip.rkkp.dk/fhir/CodeSystem/ImplantComponents</code></a><table class=\"none\"><tr><td style=\"white-space:nowrap\"><b>Code</b></td><td><b>Display</b></td><td><b>Definition</b></td></tr><tr><td><a href=\"CodeSystem-ImplantComponents.html#ImplantComponents-liner\">liner</a></td><td>Kun liner</td><td>Liner</td></tr><tr><td><a href=\"CodeSystem-ImplantComponents.html#ImplantComponents-caput\">caput</a></td><td>Kun caput</td><td>Caput</td></tr><tr><td><a href=\"CodeSystem-ImplantComponents.html#ImplantComponents-component\">component</a></td><td>Hele komponenten</td><td>Komponent</td></tr><tr><td><a href=\"CodeSystem-ImplantComponents.html#ImplantComponents-cement_spacer\">cement_spacer</a></td><td>Cementspacer</td><td>Cement spacer</td></tr></table></li></ul></div>"},"url":"https://kip.rkkp.dk/fhir/ValueSet/RevisionHumerusKomponentDSR","version":"0.2.1","name":"RevisionHumerusKomponentDSR","title":"Revision - Humerus komponent (DSR)","status":"active","experimental":true,"date":"2022-10-07T00:00:00+02:00","publisher":"Sundhedsvæsnets Kvalistetsinstitut with Trifork Digital Health A/S","contact":[{"name":"Sundhedsvæsnets Kvalistetsinstitut with Trifork Digital Health A/S","telecom":[{"system":"url","value":"https://trifork.com"},{"system":"email","value":"rbk@trifork.com"}]}],"description":"Revision - Humerus komponent (DSR)","compose":{"include":[{"system":"https://kip.rkkp.dk/fhir/CodeSystem/ImplantComponents","concept":[{"code":"liner","display":"Kun liner"},{"code":"caput","display":"Kun caput"},{"code":"component","display":"Hele komponenten"},{"code":"cement_spacer","display":"Cementspacer"}]}]}}