{"resourceType":"ValueSet","id":"SupplerendeIndgrebDSR","text":{"status":"extensions","div":"<div xmlns=\"http://www.w3.org/1999/xhtml\"><p class=\"res-header-id\"><b>Generated Narrative: ValueSet SupplerendeIndgrebDSR</b></p><a name=\"SupplerendeIndgrebDSR\"> </a><a name=\"hcSupplerendeIndgrebDSR\"> </a><a name=\"SupplerendeIndgrebDSR-en-US\"> </a><p>This value set includes codes based on the following rules:</p><ul><li>Include these codes as defined in <a href=\"CodeSystem-ProcedureType.html\"><code>https://kip.rkkp.dk/fhir/CodeSystem/ProcedureType</code></a><table class=\"none\"><tr><td style=\"white-space:nowrap\"><b>Code</b></td><td><b>Display</b></td><td><b>Definition</b></td></tr><tr><td><a href=\"CodeSystem-ProcedureType.html#ProcedureType-cuff_reconstruction\">cuff_reconstruction</a></td><td>Cuff rekonstruktion</td><td>Cuff reconstruction / Cuff rekonstruktion</td></tr><tr><td><a href=\"CodeSystem-ProcedureType.html#ProcedureType-tenotomy\">tenotomy</a></td><td>Bicepstenotomi</td><td>Tenotomy / Tenotomi / SNOMED-CT: 78545003</td></tr><tr><td><a href=\"CodeSystem-ProcedureType.html#ProcedureType-tenodesis\">tenodesis</a></td><td>Biceps tenodese</td><td>Tenodesis</td></tr></table></li><li>Include these codes as defined in <a href=\"CodeSystem-GenericValues.html\"><code>https://kip.rkkp.dk/fhir/CodeSystem/GenericValues</code></a><table class=\"none\"><tr><td style=\"white-space:nowrap\"><b>Code</b></td><td><b>Display</b></td><td><b>Definition</b></td></tr><tr><td><a href=\"CodeSystem-GenericValues.html#GenericValues-other\">other</a></td><td>Andet</td><td>Other - used to choose unspecific value not in a valueset</td></tr></table></li></ul></div>"},"url":"https://kip.rkkp.dk/fhir/ValueSet/SupplerendeIndgrebDSR","version":"0.2.1","name":"SupplerendeIndgrebDSR","title":"Supplerende indgreb (DSR)","status":"active","experimental":true,"date":"2022-07-04T00:00:00+02:00","publisher":"Sundhedsvæsnets Kvalistetsinstitut with Trifork Digital Health A/S","contact":[{"name":"Sundhedsvæsnets Kvalistetsinstitut with Trifork Digital Health A/S","telecom":[{"system":"url","value":"https://trifork.com"},{"system":"email","value":"rbk@trifork.com"}]}],"description":"Supplerende indgreb (DSR)","compose":{"include":[{"system":"https://kip.rkkp.dk/fhir/CodeSystem/ProcedureType","concept":[{"code":"cuff_reconstruction","display":"Cuff rekonstruktion"},{"code":"tenotomy","display":"Bicepstenotomi"},{"code":"tenodesis","display":"Biceps tenodese"}]},{"system":"https://kip.rkkp.dk/fhir/CodeSystem/GenericValues","concept":[{"code":"other","display":"Andet"}]}]}}