{"resourceType":"ValueSet","id":"MeshTeknikDHDB","text":{"status":"extensions","div":"<div xmlns=\"http://www.w3.org/1999/xhtml\"><p class=\"res-header-id\"><b>Generated Narrative: ValueSet MeshTeknikDHDB</b></p><a name=\"MeshTeknikDHDB\"> </a><a name=\"hcMeshTeknikDHDB\"> </a><a name=\"MeshTeknikDHDB-en-US\"> </a><ul><li>Include these codes as defined in <a href=\"CodeSystem-MeshTechnique.html\"><code>https://kip.rkkp.dk/fhir/CodeSystem/MeshTechnique</code></a><table class=\"none\"><tr><td style=\"white-space:nowrap\"><b>Code</b></td><td><b>Display</b></td><td><b>Definition</b></td></tr><tr><td><a href=\"CodeSystem-MeshTechnique.html#MeshTechnique-keyhole\">keyhole</a></td><td>Keyhole teknik</td><td>Keyhole technique / Keyhole teknik</td></tr><tr><td><a href=\"CodeSystem-MeshTechnique.html#MeshTechnique-sugarbaker\">sugarbaker</a></td><td>Sugarbaker teknik</td><td>Sugarbaker technique / Sugarbaker teknik</td></tr><tr><td><a href=\"CodeSystem-MeshTechnique.html#MeshTechnique-combined\">combined</a></td><td>Kombineret Keyhole og Sugarbaker teknik</td><td>Combined Keyhole and Sugerbaker technique / Kombineret Keyhole og Sugarbaker teknik</td></tr><tr><td><a href=\"CodeSystem-MeshTechnique.html#MeshTechnique-preperitoneal\">preperitoneal</a></td><td>Præperitoneal</td><td>Preperitoneal technique / Præperitoneal teknik</td></tr><tr><td><a href=\"CodeSystem-MeshTechnique.html#MeshTechnique-retromuscular\">retromuscular</a></td><td>Retromuskulær</td><td>Retromuscular technique / Retromuskulær teknik</td></tr></table></li></ul></div>"},"url":"https://kip.rkkp.dk/fhir/ValueSet/MeshTeknikDHDB","version":"0.2.1","name":"MeshTeknikDHDB","title":"Mesh teknik (DHDB)","status":"active","experimental":true,"date":"2022-07-21T00:00:00+02:00","publisher":"Sundhedsvæsnets Kvalistetsinstitut with Trifork Digital Health A/S","contact":[{"name":"Sundhedsvæsnets Kvalistetsinstitut with Trifork Digital Health A/S","telecom":[{"system":"url","value":"https://trifork.com"},{"system":"email","value":"rbk@trifork.com"}]}],"description":"Mesh teknik (DHDB)","compose":{"include":[{"system":"https://kip.rkkp.dk/fhir/CodeSystem/MeshTechnique","concept":[{"code":"keyhole","display":"Keyhole teknik"},{"code":"sugarbaker","display":"Sugarbaker teknik"},{"code":"combined","display":"Kombineret Keyhole og Sugarbaker teknik"},{"code":"preperitoneal","display":"Præperitoneal"},{"code":"retromuscular","display":"Retromuskulær"}]}]}}