{"resourceType":"ValueSet","id":"LokationAneurismeSAH","text":{"status":"extensions","div":"<div xmlns=\"http://www.w3.org/1999/xhtml\"><p class=\"res-header-id\"><b>Generated Narrative: ValueSet LokationAneurismeSAH</b></p><a name=\"LokationAneurismeSAH\"> </a><a name=\"hcLokationAneurismeSAH\"> </a><a name=\"LokationAneurismeSAH-en-US\"> </a><p>This value set includes codes based on the following rules:</p><ul><li>Include these codes as defined in <a href=\"CodeSystem-SKS.html\"><code>https://kip.rkkp.dk/fhir/CodeSystem/SKS</code></a><table class=\"none\"><tr><td style=\"white-space:nowrap\"><b>Code</b></td><td><b>Display</b></td><td><b>Definition</b></td></tr><tr><td><a href=\"CodeSystem-SKS.html#SKS-T000526\">T000526</a></td><td>A. communicans anterior</td><td>T000526 - arteria communicans anterior</td></tr><tr><td><a href=\"CodeSystem-SKS.html#SKS-T000527\">T000527</a></td><td>A. cerebri anterior (inkl. a. pericallosa)</td><td>T000527 - arteria cerebri anterior</td></tr><tr><td><a href=\"CodeSystem-SKS.html#SKS-T000522\">T000522</a></td><td>A. carotis interna (inkl. paraopthalmisk)</td><td>T000522 - arteria carotis interna</td></tr><tr><td><a href=\"CodeSystem-SKS.html#SKS-T000528\">T000528</a></td><td>A. cerebri media</td><td>T000528 - arteria cerebri media</td></tr><tr><td><a href=\"CodeSystem-SKS.html#SKS-T000523\">T000523</a></td><td>A. communicans posterior</td><td>T000523 - arteria communicans posterior</td></tr><tr><td><a href=\"CodeSystem-SKS.html#SKS-T000530\">T000530</a></td><td>A. basilaris (inkl. Basilaris toppen)</td><td>T000530 - arteria basilaris</td></tr><tr><td><a href=\"CodeSystem-SKS.html#SKS-T000529\">T000529</a></td><td>A. vertebralis</td><td>T000529 - arteria vertebralis</td></tr></table></li><li>Include these codes as defined in <a href=\"CodeSystem-AnatomicalLocations.html\"><code>https://kip.rkkp.dk/fhir/CodeSystem/AnatomicalLocations</code></a><table class=\"none\"><tr><td style=\"white-space:nowrap\"><b>Code</b></td><td><b>Display</b></td><td><b>Definition</b></td></tr><tr><td><a href=\"CodeSystem-AnatomicalLocations.html#AnatomicalLocations-acarotistop\">acarotistop</a></td><td>Carotistop aneurisme</td><td>Top of arteria catoris</td></tr><tr><td><a href=\"CodeSystem-AnatomicalLocations.html#AnatomicalLocations-acerebellisuperior\">acerebellisuperior</a></td><td>A. cerebelli superior</td><td>Arteria cerebelli superior</td></tr><tr><td><a href=\"CodeSystem-AnatomicalLocations.html#AnatomicalLocations-acerebelliantinf\">acerebelliantinf</a></td><td>A. cerebelli anterior inferior</td><td>Arteria cerebelli anterior inferior</td></tr><tr><td><a href=\"CodeSystem-AnatomicalLocations.html#AnatomicalLocations-acerebelliposinf\">acerebelliposinf</a></td><td>A. cerebelli posterior inferior</td><td>Arteria cerebelli posterior inferior</td></tr></table></li><li>Include these codes as defined in <a href=\"CodeSystem-GenericValues.html\"><code>https://kip.rkkp.dk/fhir/CodeSystem/GenericValues</code></a><table class=\"none\"><tr><td style=\"white-space:nowrap\"><b>Code</b></td><td><b>Display</b></td><td><b>Definition</b></td></tr><tr><td><a href=\"CodeSystem-GenericValues.html#GenericValues-other\">other</a></td><td>Andet</td><td>Other - used to choose unspecific value not in a valueset</td></tr></table></li></ul></div>"},"url":"https://kip.rkkp.dk/fhir/ValueSet/LokationAneurismeSAH","version":"0.2.1","name":"LokationAneurismeSAH","title":"Anatomisk lokation for anurisme [SAH]","status":"active","experimental":true,"date":"2022-06-08T00:00:00+02:00","publisher":"Sundhedsvæsnets Kvalistetsinstitut with Trifork Digital Health A/S","contact":[{"name":"Sundhedsvæsnets Kvalistetsinstitut with Trifork Digital Health A/S","telecom":[{"system":"url","value":"https://trifork.com"},{"system":"email","value":"rbk@trifork.com"}]}],"description":"Anatomisk lokation for anurisme [SAH]","compose":{"include":[{"system":"https://kip.rkkp.dk/fhir/CodeSystem/SKS","concept":[{"code":"T000526","display":"A. communicans anterior"},{"code":"T000527","display":"A. cerebri anterior (inkl. a. pericallosa)"},{"code":"T000522","display":"A. carotis interna (inkl. paraopthalmisk)"},{"code":"T000528","display":"A. cerebri media"},{"code":"T000523","display":"A. communicans posterior"},{"code":"T000530","display":"A. basilaris (inkl. Basilaris toppen)"},{"code":"T000529","display":"A. vertebralis"}]},{"system":"https://kip.rkkp.dk/fhir/CodeSystem/AnatomicalLocations","concept":[{"code":"acarotistop","display":"Carotistop aneurisme"},{"code":"acerebellisuperior","display":"A. cerebelli superior"},{"code":"acerebelliantinf","display":"A. cerebelli anterior inferior"},{"code":"acerebelliposinf","display":"A. cerebelli posterior inferior"}]},{"system":"https://kip.rkkp.dk/fhir/CodeSystem/GenericValues","concept":[{"code":"other","display":"Andet"}]}]}}