{"resourceType":"ValueSet","id":"IndgrebVentralhernieAndenDHDB","text":{"status":"extensions","div":"<div xmlns=\"http://www.w3.org/1999/xhtml\"><p class=\"res-header-id\"><b>Generated Narrative: ValueSet IndgrebVentralhernieAndenDHDB</b></p><a name=\"IndgrebVentralhernieAndenDHDB\"> </a><a name=\"hcIndgrebVentralhernieAndenDHDB\"> </a><a name=\"IndgrebVentralhernieAndenDHDB-en-US\"> </a><p>This value set includes codes based on the following rules:</p><ul><li>Include these codes as defined in <a href=\"CodeSystem-ProcedureType.html\"><code>https://kip.rkkp.dk/fhir/CodeSystem/ProcedureType</code></a><table class=\"none\"><tr><td style=\"white-space:nowrap\"><b>Code</b></td><td><b>Display</b></td><td><b>Definition</b></td></tr><tr><td><a href=\"CodeSystem-ProcedureType.html#ProcedureType-milos\">milos</a></td><td>MILOS</td><td>MILOS</td></tr><tr><td><a href=\"CodeSystem-ProcedureType.html#ProcedureType-emilos\">emilos</a></td><td>eMILOS</td><td>eMILOS</td></tr><tr><td><a href=\"CodeSystem-ProcedureType.html#ProcedureType-etep\">etep</a></td><td>eTEP</td><td>eTEP - Robot-assisteret metode</td></tr></table></li><li>Include these codes as defined in <a href=\"CodeSystem-GenericValues.html\"><code>https://kip.rkkp.dk/fhir/CodeSystem/GenericValues</code></a><table class=\"none\"><tr><td style=\"white-space:nowrap\"><b>Code</b></td><td><b>Display</b></td><td><b>Definition</b></td></tr><tr><td><a href=\"CodeSystem-GenericValues.html#GenericValues-other\">other</a></td><td>Anden - specificér</td><td>Other - used to choose unspecific value not in a valueset</td></tr></table></li></ul></div>"},"url":"https://kip.rkkp.dk/fhir/ValueSet/IndgrebVentralhernieAndenDHDB","version":"0.2.1","name":"IndgrebVentralhernieAndenDHDB","title":"Indgreb - ventralhernie anden minimal indgreb (DHDB)","status":"active","experimental":true,"date":"2022-07-20T00:00:00+02:00","publisher":"Sundhedsvæsnets Kvalistetsinstitut with Trifork Digital Health A/S","contact":[{"name":"Sundhedsvæsnets Kvalistetsinstitut with Trifork Digital Health A/S","telecom":[{"system":"url","value":"https://trifork.com"},{"system":"email","value":"rbk@trifork.com"}]}],"description":"Indgreb - ventralhernie anden minimal indgreb (DHDB)","compose":{"include":[{"system":"https://kip.rkkp.dk/fhir/CodeSystem/ProcedureType","concept":[{"code":"milos","display":"MILOS"},{"code":"emilos","display":"eMILOS"},{"code":"etep","display":"eTEP"}]},{"system":"https://kip.rkkp.dk/fhir/CodeSystem/GenericValues","concept":[{"code":"other","display":"Anden - specificér"}]}]}}