{"resourceType":"ValueSet","id":"OperationstypeFoersteRecidiv","text":{"status":"extensions","div":"<div xmlns=\"http://www.w3.org/1999/xhtml\"><p class=\"res-header-id\"><b>Generated Narrative: ValueSet OperationstypeFoersteRecidiv</b></p><a name=\"OperationstypeFoersteRecidiv\"> </a><a name=\"hcOperationstypeFoersteRecidiv\"> </a><a name=\"OperationstypeFoersteRecidiv-en-US\"> </a><ul><li>Include these codes as defined in <a href=\"CodeSystem-OperationType.html\"><code>https://kip.rkkp.dk/fhir/CodeSystem/OperationType</code></a><table class=\"none\"><tr><td style=\"white-space:nowrap\"><b>Code</b></td><td><b>Display</b></td><td><b>Definition</b></td></tr><tr><td><a href=\"CodeSystem-OperationType.html#OperationType-first_time\">first_time</a></td><td>1. gangs operation</td><td>First time / Første gang</td></tr><tr><td><a href=\"CodeSystem-OperationType.html#OperationType-recurrent\">recurrent</a></td><td>Recidiv operation</td><td>Recurrent / Recidiv</td></tr></table></li></ul></div>"},"url":"https://kip.rkkp.dk/fhir/ValueSet/OperationstypeFoersteRecidiv","version":"0.2.1","name":"OperationstypeFoersteRecidiv","title":"Operationstype (første gangs/recidiv)","status":"active","experimental":true,"date":"2022-07-20T00:00:00+02:00","publisher":"Sundhedsvæsnets Kvalistetsinstitut with Trifork Digital Health A/S","contact":[{"name":"Sundhedsvæsnets Kvalistetsinstitut with Trifork Digital Health A/S","telecom":[{"system":"url","value":"https://trifork.com"},{"system":"email","value":"rbk@trifork.com"}]}],"description":"Operationstype (første gangs/recidiv)","compose":{"include":[{"system":"https://kip.rkkp.dk/fhir/CodeSystem/OperationType","concept":[{"code":"first_time","display":"1. gangs operation"},{"code":"recurrent","display":"Recidiv operation"}]}]}}