{"resourceType":"ValueSet","id":"WHOPerformanceStatus04","text":{"status":"extensions","div":"<div xmlns=\"http://www.w3.org/1999/xhtml\"><p class=\"res-header-id\"><b>Generated Narrative: ValueSet WHOPerformanceStatus04</b></p><a name=\"WHOPerformanceStatus04\"> </a><a name=\"hcWHOPerformanceStatus04\"> </a><a name=\"WHOPerformanceStatus04-en-US\"> </a><ul><li>Include these codes as defined in <a href=\"CodeSystem-PerformanceStatusScore.html\"><code>https://kip.rkkp.dk/fhir/CodeSystem/PerformanceStatusScore</code></a><table class=\"none\"><tr><td style=\"white-space:nowrap\"><b>Code</b></td><td><b>Display</b></td><td><b>Definition</b></td></tr><tr><td><a href=\"CodeSystem-PerformanceStatusScore.html#PerformanceStatusScore-grade_0\">grade_0</a></td><td>Performance status 0</td><td>Fully active, able to carry on all pre-disease performance without restriction</td></tr><tr><td><a href=\"CodeSystem-PerformanceStatusScore.html#PerformanceStatusScore-grade_1\">grade_1</a></td><td>Performance status 1</td><td>Restricted in physically strenuous activity but ambulatory and able to carry out work of a light or sedentary nature, e.g., light house work, office work</td></tr><tr><td><a href=\"CodeSystem-PerformanceStatusScore.html#PerformanceStatusScore-grade_2\">grade_2</a></td><td>Performance status 2</td><td>Ambulatory and capable of all selfcare but unable to carry out any work activities; up and about more than 50% of waking hours</td></tr><tr><td><a href=\"CodeSystem-PerformanceStatusScore.html#PerformanceStatusScore-grade_3\">grade_3</a></td><td>Performance status 3</td><td>Capable of only limited selfcare; confined to bed or chair more than 50% of waking hours</td></tr><tr><td><a href=\"CodeSystem-PerformanceStatusScore.html#PerformanceStatusScore-grade_4\">grade_4</a></td><td>Performance status 4</td><td>Completely disabled; cannot carry on any selfcare; totally confined to bed or chair</td></tr></table></li></ul></div>"},"url":"https://kip.rkkp.dk/fhir/ValueSet/WHOPerformanceStatus04","version":"0.2.1","name":"WHOPerformanceStatus04","title":"WHO Performance status grad 1-4","status":"active","experimental":true,"date":"2022-11-08T00:00:00+02:00","publisher":"Sundhedsvæsnets Kvalistetsinstitut with Trifork Digital Health A/S","contact":[{"name":"Sundhedsvæsnets Kvalistetsinstitut with Trifork Digital Health A/S","telecom":[{"system":"url","value":"https://trifork.com"},{"system":"email","value":"rbk@trifork.com"}]}],"description":"WHO Performance status grad 1-4","compose":{"include":[{"system":"https://kip.rkkp.dk/fhir/CodeSystem/PerformanceStatusScore","concept":[{"code":"grade_0","display":"Performance status 0"},{"code":"grade_1","display":"Performance status 1"},{"code":"grade_2","display":"Performance status 2"},{"code":"grade_3","display":"Performance status 3"},{"code":"grade_4","display":"Performance status 4"}]}]}}