{"resourceType":"ValueSet","id":"OperationstypePrimaerSekundaer","text":{"status":"extensions","div":"<div xmlns=\"http://www.w3.org/1999/xhtml\"><p class=\"res-header-id\"><b>Generated Narrative: ValueSet OperationstypePrimaerSekundaer</b></p><a name=\"OperationstypePrimaerSekundaer\"> </a><a name=\"hcOperationstypePrimaerSekundaer\"> </a><a name=\"OperationstypePrimaerSekundaer-en-US\"> </a><ul><li>Include these codes as defined in <a href=\"CodeSystem-OperationType.html\"><code>https://kip.rkkp.dk/fhir/CodeSystem/OperationType</code></a><table class=\"none\"><tr><td style=\"white-space:nowrap\"><b>Code</b></td><td><b>Display</b></td><td><b>Definition</b></td></tr><tr><td><a href=\"CodeSystem-OperationType.html#OperationType-primary\">primary</a></td><td>Primær</td><td>Primary</td></tr><tr><td><a href=\"CodeSystem-OperationType.html#OperationType-secondary\">secondary</a></td><td>Sekundær</td><td>Secondary</td></tr></table></li></ul></div>"},"url":"https://kip.rkkp.dk/fhir/ValueSet/OperationstypePrimaerSekundaer","version":"0.2.1","name":"OperationstypePrimaerSekundaer","title":"Operationstype (primær/sekundær)","status":"active","experimental":true,"date":"2022-07-20T00:00:00+02:00","publisher":"Sundhedsvæsnets Kvalistetsinstitut with Trifork Digital Health A/S","contact":[{"name":"Sundhedsvæsnets Kvalistetsinstitut with Trifork Digital Health A/S","telecom":[{"system":"url","value":"https://trifork.com"},{"system":"email","value":"rbk@trifork.com"}]}],"description":"Operationstype (primær/sekundær)","compose":{"include":[{"system":"https://kip.rkkp.dk/fhir/CodeSystem/OperationType","concept":[{"code":"primary","display":"Primær"},{"code":"secondary","display":"Sekundær"}]}]}}