{"resourceType":"ValueSet","id":"SKSExtraModularDisease","text":{"status":"extensions","div":"<div xmlns=\"http://www.w3.org/1999/xhtml\"><p class=\"res-header-id\"><b>Generated Narrative: ValueSet SKSExtraModularDisease</b></p><a name=\"SKSExtraModularDisease\"> </a><a name=\"hcSKSExtraModularDisease\"> </a><a name=\"SKSExtraModularDisease-en-US\"> </a><p>This value set includes codes based on the following rules:</p><ul><li>Include these codes as defined in <a href=\"CodeSystem-SKS.html\"><code>https://kip.rkkp.dk/fhir/CodeSystem/SKS</code></a><table class=\"none\"><tr><td style=\"white-space:nowrap\"><b>Code</b></td><td><b>Display</b></td><td><b>Definition</b></td></tr><tr><td><a href=\"CodeSystem-SKS.html#SKS-T000010\">T000010</a></td><td>Hud</td><td>T000010 - hud</td></tr><tr><td><a href=\"CodeSystem-SKS.html#SKS-T000569\">T000569</a></td><td>Oralt</td><td>T000569 - mund</td></tr><tr><td><a href=\"CodeSystem-SKS.html#SKS-T001039\">T001039</a></td><td>CNS</td><td>T001039 - centralnervesystem</td></tr><tr><td><a href=\"CodeSystem-SKS.html#SKS-T000607\">T000607</a></td><td>Lever</td><td>T000607 - lever</td></tr><tr><td><a href=\"CodeSystem-SKS.html#SKS-T000132\">T000132</a></td><td>Milt</td><td>T000132 - milt</td></tr><tr><td><a href=\"CodeSystem-SKS.html#SKS-T000854\">T000854</a></td><td>Testes</td><td>T000854 - begge testes</td></tr><tr><td><a href=\"CodeSystem-SKS.html#SKS-T000134\">T000134</a></td><td>Lymfeknude</td><td>T000134 - lymfeknude</td></tr></table></li><li>Include these codes as defined in <a href=\"CodeSystem-GenericValues.html\"><code>https://kip.rkkp.dk/fhir/CodeSystem/GenericValues</code></a><table class=\"none\"><tr><td style=\"white-space:nowrap\"><b>Code</b></td><td><b>Display</b></td><td><b>Definition</b></td></tr><tr><td><a href=\"CodeSystem-GenericValues.html#GenericValues-other\">other</a></td><td>Andet</td><td>Other - used to choose unspecific value not in a valueset</td></tr></table></li></ul></div>"},"url":"https://kip.rkkp.dk/fhir/ValueSet/SKSExtraModularDisease","version":"0.2.1","name":"SKSExtraModularDisease","title":"Ekstramedullær sygdom","status":"active","experimental":true,"date":"2022-06-08T00:00:00+02:00","publisher":"Sundhedsvæsnets Kvalistetsinstitut with Trifork Digital Health A/S","contact":[{"name":"Sundhedsvæsnets Kvalistetsinstitut with Trifork Digital Health A/S","telecom":[{"system":"url","value":"https://trifork.com"},{"system":"email","value":"rbk@trifork.com"}]}],"description":"Ekstramedullær sygdom","compose":{"include":[{"system":"https://kip.rkkp.dk/fhir/CodeSystem/SKS","concept":[{"code":"T000010","display":"Hud"},{"code":"T000569","display":"Oralt"},{"code":"T001039","display":"CNS"},{"code":"T000607","display":"Lever"},{"code":"T000132","display":"Milt"},{"code":"T000854","display":"Testes"},{"code":"T000134","display":"Lymfeknude"}]},{"system":"https://kip.rkkp.dk/fhir/CodeSystem/GenericValues","concept":[{"code":"other","display":"Andet"}]}]}}