{"resourceType":"ValueSet","id":"HarrisHipScoreHjaelpemidler","text":{"status":"extensions","div":"<div xmlns=\"http://www.w3.org/1999/xhtml\"><p class=\"res-header-id\"><b>Generated Narrative: ValueSet HarrisHipScoreHjaelpemidler</b></p><a name=\"HarrisHipScoreHjaelpemidler\"> </a><a name=\"hcHarrisHipScoreHjaelpemidler\"> </a><a name=\"HarrisHipScoreHjaelpemidler-en-US\"> </a><ul><li>Include these codes as defined in <a href=\"CodeSystem-HarrisHipScoreSupport.html\"><code>https://kip.rkkp.dk/fhir/CodeSystem/HarrisHipScoreSupport</code></a><table class=\"none\"><tr><td style=\"white-space:nowrap\"><b>Code</b></td><td><b>Display</b></td><td><b>Definition</b></td></tr><tr><td><a href=\"CodeSystem-HarrisHipScoreSupport.html#HarrisHipScoreSupport-11\">11</a></td><td>Ingen</td><td>None (11)</td></tr><tr><td><a href=\"CodeSystem-HarrisHipScoreSupport.html#HarrisHipScoreSupport-7\">7</a></td><td>Én stok ved lange ture</td><td>Cane/Walking stick for long walks (7)</td></tr><tr><td><a href=\"CodeSystem-HarrisHipScoreSupport.html#HarrisHipScoreSupport-5\">5</a></td><td>Næsten altid én stok</td><td>Cane/Walking stick most of the time (5)</td></tr><tr><td><a href=\"CodeSystem-HarrisHipScoreSupport.html#HarrisHipScoreSupport-3\">3</a></td><td>Én albue-/aksilkrykke</td><td>One crutch (3)</td></tr><tr><td><a href=\"CodeSystem-HarrisHipScoreSupport.html#HarrisHipScoreSupport-2\">2</a></td><td>To stokke</td><td>Two Canes/Walking sticks (2)</td></tr><tr><td><a href=\"CodeSystem-HarrisHipScoreSupport.html#HarrisHipScoreSupport-0\">0</a></td><td>To albue-/aksilkrykker eller rollator</td><td>Two crutches, walker or not able to walk (0)</td></tr></table></li></ul></div>"},"url":"https://kip.rkkp.dk/fhir/ValueSet/HarrisHipScoreHjaelpemidler","version":"0.2.1","name":"HarrisHipScoreHjaelpemidler","title":"Harris Hip Score - Hjælpemidler","status":"active","experimental":true,"date":"2022-11-15T00:00:00+02:00","publisher":"Sundhedsvæsnets Kvalistetsinstitut with Trifork Digital Health A/S","contact":[{"name":"Sundhedsvæsnets Kvalistetsinstitut with Trifork Digital Health A/S","telecom":[{"system":"url","value":"https://trifork.com"},{"system":"email","value":"rbk@trifork.com"}]}],"description":"Harris Hip Score - Hjælpemidler","compose":{"include":[{"system":"https://kip.rkkp.dk/fhir/CodeSystem/HarrisHipScoreSupport","concept":[{"code":"11","display":"Ingen"},{"code":"7","display":"Én stok ved lange ture"},{"code":"5","display":"Næsten altid én stok"},{"code":"3","display":"Én albue-/aksilkrykke"},{"code":"2","display":"To stokke"},{"code":"0","display":"To albue-/aksilkrykker eller rollator"}]}]}}