{"resourceType":"ValueSet","id":"SORNeurokirurgiskeAfdelingerDAP","text":{"status":"extensions","div":"<div xmlns=\"http://www.w3.org/1999/xhtml\"><p class=\"res-header-id\"><b>Generated Narrative: ValueSet SORNeurokirurgiskeAfdelingerDAP</b></p><a name=\"SORNeurokirurgiskeAfdelingerDAP\"> </a><a name=\"hcSORNeurokirurgiskeAfdelingerDAP\"> </a><a name=\"SORNeurokirurgiskeAfdelingerDAP-en-US\"> </a><ul><li>Include these codes as defined in <a href=\"CodeSystem-SOR.html\"><code>https://kip.rkkp.dk/fhir/CodeSystem/SOR</code></a><table class=\"none\"><tr><td style=\"white-space:nowrap\"><b>Code</b></td><td><b>Display</b></td><td><b>Definition</b></td></tr><tr><td><a href=\"CodeSystem-SOR.html#SOR-239981000016003\">239981000016003</a></td><td>OUH, Neurokirurgisk</td><td>Odense Universitetshospital - Svendborg - OUH Neurokirurgisk Afsnit U (Odense) (Shak: 4202150)</td></tr><tr><td><a href=\"CodeSystem-SOR.html#SOR-252961000016000\">252961000016000</a></td><td>Rigshospitalet , Blegdamsvej, Neurokirurgisk</td><td>Rigshospitalet - Operation (Shak: 1301211)</td></tr><tr><td><a href=\"CodeSystem-SOR.html#SOR-276361000016000\">276361000016000</a></td><td>Aalborg, Neurokirurgisk</td><td>Aalborg Universitetshospital - Alb Neurokir. Afd. (Shak: 8001311)</td></tr><tr><td><a href=\"CodeSystem-SOR.html#SOR-440051000016002\">440051000016002</a></td><td>Aarhus, Hjerne- og Rygkirurgi</td><td>Aarhus Universitetshospital - Hjerne- og Rygkirurgi (Shak: 6620131)</td></tr></table></li></ul></div>"},"url":"https://kip.rkkp.dk/fhir/ValueSet/SORNeurokirurgiskeAfdelingerDAP","version":"0.2.1","name":"SORNeurokirurgiskeAfdelingerDAP","title":"SOR: Neurokirurgiske afdelinger (DAP)","status":"active","experimental":true,"date":"2022-09-06T00:00:00+02:00","publisher":"Sundhedsvæsnets Kvalistetsinstitut with Trifork Digital Health A/S","contact":[{"name":"Sundhedsvæsnets Kvalistetsinstitut with Trifork Digital Health A/S","telecom":[{"system":"url","value":"https://trifork.com"},{"system":"email","value":"rbk@trifork.com"}]}],"description":"SOR: Neurokirurgiske afdelinger (DAP)","compose":{"include":[{"system":"https://kip.rkkp.dk/fhir/CodeSystem/SOR","concept":[{"code":"239981000016003","display":"OUH, Neurokirurgisk"},{"code":"252961000016000","display":"Rigshospitalet , Blegdamsvej, Neurokirurgisk"},{"code":"276361000016000","display":"Aalborg, Neurokirurgisk"},{"code":"440051000016002","display":"Aarhus, Hjerne- og Rygkirurgi"}]}]}}