{"resourceType":"ValueSet","id":"KomponentFemurStatusDKR","text":{"status":"extensions","div":"<div xmlns=\"http://www.w3.org/1999/xhtml\"><p class=\"res-header-id\"><b>Generated Narrative: ValueSet KomponentFemurStatusDKR</b></p><a name=\"KomponentFemurStatusDKR\"> </a><a name=\"hcKomponentFemurStatusDKR\"> </a><a name=\"KomponentFemurStatusDKR-en-US\"> </a><ul><li>Include these codes as defined in <a href=\"CodeSystem-GenericValues.html\"><code>https://kip.rkkp.dk/fhir/CodeSystem/GenericValues</code></a><table class=\"none\"><tr><td style=\"white-space:nowrap\"><b>Code</b></td><td><b>Display</b></td><td><b>Definition</b></td></tr><tr><td><a href=\"CodeSystem-GenericValues.html#GenericValues-inserted\">inserted</a></td><td>Indsat</td><td>Inserted / Indsat</td></tr><tr><td><a href=\"CodeSystem-GenericValues.html#GenericValues-not_replaced\">not_replaced</a></td><td>Ikke udskiftet (revision)</td><td>Not replaced / Ikke udskiftet</td></tr><tr><td><a href=\"CodeSystem-GenericValues.html#GenericValues-other\">other</a></td><td>Andet</td><td>Other - used to choose unspecific value not in a valueset</td></tr></table></li></ul></div>"},"url":"https://kip.rkkp.dk/fhir/ValueSet/KomponentFemurStatusDKR","version":"0.2.1","name":"KomponentFemurStatusDKR","title":"Komponent - femur, status (DKR)","status":"active","experimental":true,"date":"2022-10-13T00:00:00+02:00","publisher":"Sundhedsvæsnets Kvalistetsinstitut with Trifork Digital Health A/S","contact":[{"name":"Sundhedsvæsnets Kvalistetsinstitut with Trifork Digital Health A/S","telecom":[{"system":"url","value":"https://trifork.com"},{"system":"email","value":"rbk@trifork.com"}]}],"description":"Komponent - femur, status (DKR)","compose":{"include":[{"system":"https://kip.rkkp.dk/fhir/CodeSystem/GenericValues","concept":[{"code":"inserted","display":"Indsat"},{"code":"not_replaced","display":"Ikke udskiftet (revision)"},{"code":"other","display":"Andet"}]}]}}