{"resourceType":"ValueSet","id":"ChromosomPairs","text":{"status":"extensions","div":"<div xmlns=\"http://www.w3.org/1999/xhtml\"><p class=\"res-header-id\"><b>Generated Narrative: ValueSet ChromosomPairs</b></p><a name=\"ChromosomPairs\"> </a><a name=\"hcChromosomPairs\"> </a><a name=\"ChromosomPairs-en-US\"> </a><p>This value set includes codes based on the following rules:</p><ul><li>Include these codes as defined in <a href=\"CodeSystem-ChromosomPair.html\"><code>https://kip.rkkp.dk/fhir/CodeSystem/ChromosomPair</code></a><table class=\"none\"><tr><td style=\"white-space:nowrap\"><b>Code</b></td><td><b>Display</b></td><td><b>Definition</b></td></tr><tr><td><a href=\"CodeSystem-ChromosomPair.html#ChromosomPair-pair_13\">pair_13</a></td><td>Kromosom 13 forandringer</td><td>Chromosom pair 13 / Kromosompar 13 / SNOMED-CT: 55401003</td></tr><tr><td><a href=\"CodeSystem-ChromosomPair.html#ChromosomPair-pair_17\">pair_17</a></td><td>Kromosom 17 forandringer</td><td>Chromosom pair 17 / Kromosompar 17 / SNOMED-CT: 45201007</td></tr></table></li><li>Include these codes as defined in <a href=\"CodeSystem-GenericValues.html\"><code>https://kip.rkkp.dk/fhir/CodeSystem/GenericValues</code></a><table class=\"none\"><tr><td style=\"white-space:nowrap\"><b>Code</b></td><td><b>Display</b></td><td><b>Definition</b></td></tr><tr><td><a href=\"CodeSystem-GenericValues.html#GenericValues-none\">none</a></td><td>Ingen</td><td>None - used to choose none of the available values</td></tr><tr><td><a href=\"CodeSystem-GenericValues.html#GenericValues-other\">other</a></td><td>Andet</td><td>Other - used to choose unspecific value not in a valueset</td></tr></table></li></ul></div>"},"url":"https://kip.rkkp.dk/fhir/ValueSet/ChromosomPairs","version":"0.2.1","name":"ChromosomPairs","title":"Kromosom par","status":"active","experimental":true,"date":"2022-07-14T00:00:00+02:00","publisher":"Sundhedsvæsnets Kvalistetsinstitut with Trifork Digital Health A/S","contact":[{"name":"Sundhedsvæsnets Kvalistetsinstitut with Trifork Digital Health A/S","telecom":[{"system":"url","value":"https://trifork.com"},{"system":"email","value":"rbk@trifork.com"}]}],"description":"Kromosom par","compose":{"include":[{"system":"https://kip.rkkp.dk/fhir/CodeSystem/ChromosomPair","concept":[{"code":"pair_13","display":"Kromosom 13 forandringer"},{"code":"pair_17","display":"Kromosom 17 forandringer"}]},{"system":"https://kip.rkkp.dk/fhir/CodeSystem/GenericValues","concept":[{"code":"none","display":"Ingen"},{"code":"other","display":"Andet"}]}]}}