{"resourceType":"ValueSet","id":"OnkologiBehandlingsintention","text":{"status":"extensions","div":"<div xmlns=\"http://www.w3.org/1999/xhtml\"><p class=\"res-header-id\"><b>Generated Narrative: ValueSet OnkologiBehandlingsintention</b></p><a name=\"OnkologiBehandlingsintention\"> </a><a name=\"hcOnkologiBehandlingsintention\"> </a><a name=\"OnkologiBehandlingsintention-en-US\"> </a><ul><li>Include these codes as defined in <a href=\"CodeSystem-TreatmentIntention.html\"><code>https://kip.rkkp.dk/fhir/CodeSystem/TreatmentIntention</code></a><table class=\"none\"><tr><td style=\"white-space:nowrap\"><b>Code</b></td><td><b>Display</b></td><td><b>Definition</b></td></tr><tr><td><a href=\"CodeSystem-TreatmentIntention.html#TreatmentIntention-curative\">curative</a></td><td>Kurativt</td><td>Kurativt intenderet</td></tr><tr><td><a href=\"CodeSystem-TreatmentIntention.html#TreatmentIntention-palliative\">palliative</a></td><td>Palliativt</td><td>Palliativt intenderet</td></tr></table></li></ul></div>"},"url":"https://kip.rkkp.dk/fhir/ValueSet/OnkologiBehandlingsintention","version":"0.2.1","name":"OnkologiBehandlingsintention","title":"Onkologisk behandlingsintention","status":"active","experimental":true,"date":"2022-05-16T00:00:00+02:00","publisher":"Sundhedsvæsnets Kvalistetsinstitut with Trifork Digital Health A/S","contact":[{"name":"Sundhedsvæsnets Kvalistetsinstitut with Trifork Digital Health A/S","telecom":[{"system":"url","value":"https://trifork.com"},{"system":"email","value":"rbk@trifork.com"}]}],"description":"Behandlingsintention for onkologiske forløb","compose":{"include":[{"system":"https://kip.rkkp.dk/fhir/CodeSystem/TreatmentIntention","concept":[{"code":"curative","display":"Kurativt"},{"code":"palliative","display":"Palliativt"}]}]}}