{"resourceType":"ValueSet","id":"PTNMtype","text":{"status":"extensions","div":"<div xmlns=\"http://www.w3.org/1999/xhtml\"><p class=\"res-header-id\"><b>Generated Narrative: ValueSet PTNMtype</b></p><a name=\"PTNMtype\"> </a><a name=\"hcPTNMtype\"> </a><a name=\"PTNMtype-en-US\"> </a><ul><li>Include these codes as defined in <a href=\"CodeSystem-PTNMType.html\"><code>https://kip.rkkp.dk/fhir/CodeSystem/PTNMType</code></a><table class=\"none\"><tr><td style=\"white-space:nowrap\"><b>Code</b></td><td><b>Display</b></td><td><b>Definition</b></td></tr><tr><td><a href=\"CodeSystem-PTNMType.html#PTNMType-ptnm\">ptnm</a></td><td>pTNM</td><td>pTNM</td></tr><tr><td><a href=\"CodeSystem-PTNMType.html#PTNMType-yptnm\">yptnm</a></td><td>ypTNM</td><td>ypTNM</td></tr></table></li></ul></div>"},"url":"https://kip.rkkp.dk/fhir/ValueSet/PTNMtype","version":"0.2.1","name":"PTNMtype","title":"pTNM type","status":"active","experimental":true,"date":"2022-06-08T00:00:00+02:00","publisher":"Sundhedsvæsnets Kvalistetsinstitut with Trifork Digital Health A/S","contact":[{"name":"Sundhedsvæsnets Kvalistetsinstitut with Trifork Digital Health A/S","telecom":[{"system":"url","value":"https://trifork.com"},{"system":"email","value":"rbk@trifork.com"}]}],"description":"Typen af pTNM klassifikationen","compose":{"include":[{"system":"https://kip.rkkp.dk/fhir/CodeSystem/PTNMType","concept":[{"code":"ptnm","display":"pTNM"},{"code":"yptnm","display":"ypTNM"}]}]}}