{"resourceType":"ValueSet","id":"KomponentFemurDHR","text":{"status":"extensions","div":"<div xmlns=\"http://www.w3.org/1999/xhtml\"><p class=\"res-header-id\"><b>Generated Narrative: ValueSet KomponentFemurDHR</b></p><a name=\"KomponentFemurDHR\"> </a><a name=\"hcKomponentFemurDHR\"> </a><a name=\"KomponentFemurDHR-en-US\"> </a><p>This value set includes codes based on the following rules:</p><ul><li>Include these codes as defined in <a href=\"CodeSystem-HipJointArthroplastyComponent.html\"><code>https://kip.rkkp.dk/fhir/CodeSystem/HipJointArthroplastyComponent</code></a><table class=\"none\"><tr><td style=\"white-space:nowrap\"><b>Code</b></td><td><b>Display</b></td><td><b>Definition</b></td></tr><tr><td><a href=\"CodeSystem-HipJointArthroplastyComponent.html#HipJointArthroplastyComponent-depuy_corail_collar\">depuy_corail_collar</a></td><td>DePuy: Corail m/krave</td><td>DePuy: Corail m/krave</td></tr><tr><td><a href=\"CodeSystem-HipJointArthroplastyComponent.html#HipJointArthroplastyComponent-depuy_corail_without_collar\">depuy_corail_without_collar</a></td><td>DePuy: Corail u/krave</td><td>DePuy: Corail u/krave</td></tr><tr><td><a href=\"CodeSystem-HipJointArthroplastyComponent.html#HipJointArthroplastyComponent-depuy_corail_revision_stem\">depuy_corail_revision_stem</a></td><td>DePuy: Corail Revision Stem - KAR</td><td>DePuy: Corail Revision Stem - KAR</td></tr><tr><td><a href=\"CodeSystem-HipJointArthroplastyComponent.html#HipJointArthroplastyComponent-depuy_c_stem_amt\">depuy_c_stem_amt</a></td><td>DePuy: C-stem AMT</td><td>DePuy: C-stem AMT</td></tr><tr><td><a href=\"CodeSystem-HipJointArthroplastyComponent.html#HipJointArthroplastyComponent-depuy_summit\">depuy_summit</a></td><td>DePuy: Summit</td><td>DePuy: Summit</td></tr><tr><td><a href=\"CodeSystem-HipJointArthroplastyComponent.html#HipJointArthroplastyComponent-implantcast_mutars_proximal_femoral_replacement\">implantcast_mutars_proximal_femoral_replacement</a></td><td>Implantcast: Mutars proksimal femoral replacement</td><td>Implantcast: Mutars proksimal femoral replacement</td></tr><tr><td><a href=\"CodeSystem-HipJointArthroplastyComponent.html#HipJointArthroplastyComponent-lima_h_max_lateralized\">lima_h_max_lateralized</a></td><td>Lima: H-MAX: Lateralized</td><td>Lima: H-MAX: Lateralized</td></tr><tr><td><a href=\"CodeSystem-HipJointArthroplastyComponent.html#HipJointArthroplastyComponent-lima_h_max_standard\">lima_h_max_standard</a></td><td>Lima: H-MAX: Standard</td><td>Lima: H-MAX: Standard</td></tr><tr><td><a href=\"CodeSystem-HipJointArthroplastyComponent.html#HipJointArthroplastyComponent-link_link_mp\">link_link_mp</a></td><td>Link: Link MP</td><td>Link: Link MP</td></tr><tr><td><a href=\"CodeSystem-HipJointArthroplastyComponent.html#HipJointArthroplastyComponent-link_lubinus_sp_ii\">link_lubinus_sp_ii</a></td><td>Link: Lubinus SP II</td><td>Link: Lubinus SP II</td></tr><tr><td><a href=\"CodeSystem-HipJointArthroplastyComponent.html#HipJointArthroplastyComponent-peter_brehm_gmbh_mrp_titan\">peter_brehm_gmbh_mrp_titan</a></td><td>Peter Brehm GmbH: MRP-Titan</td><td>Peter Brehm GmbH: MRP-Titan </td></tr><tr><td><a href=\"CodeSystem-HipJointArthroplastyComponent.html#HipJointArthroplastyComponent-smith.38nephew_bhr\">smith&amp;nephew_bhr</a></td><td>Smith &amp; Nephew: BHR</td><td>Smith &amp; Nephew: BHR (Acetabulum + Femur)</td></tr><tr><td><a href=\"CodeSystem-HipJointArthroplastyComponent.html#HipJointArthroplastyComponent-smith.38nephew_polarstem\">smith&amp;nephew_polarstem</a></td><td>Smith &amp; Nephew: Polarstem</td><td>Smith &amp; Nephew: Polarstem</td></tr><tr><td><a href=\"CodeSystem-HipJointArthroplastyComponent.html#HipJointArthroplastyComponent-stryker_acolade_ii\">stryker_acolade_ii</a></td><td>Stryker: Accolade II </td><td>Stryker: Accolade II </td></tr><tr><td><a href=\"CodeSystem-HipJointArthroplastyComponent.html#HipJointArthroplastyComponent-stryker_exeter_primary_v40\">stryker_exeter_primary_v40</a></td><td>Stryker: Exeter Primary V40</td><td>Stryker: Exeter Primary V40</td></tr><tr><td><a href=\"CodeSystem-HipJointArthroplastyComponent.html#HipJointArthroplastyComponent-stryker_gmrs_proximal_femoral_component\">stryker_gmrs_proximal_femoral_component</a></td><td>Stryker: GMRS Proximal Femoral Component</td><td>Stryker: GMRS Proximal Femoral Component</td></tr><tr><td><a href=\"CodeSystem-HipJointArthroplastyComponent.html#HipJointArthroplastyComponent-stryker_restoration_modular\">stryker_restoration_modular</a></td><td>Stryker: Restoration modular</td><td>Stryker: Restoration modular</td></tr><tr><td><a href=\"CodeSystem-HipJointArthroplastyComponent.html#HipJointArthroplastyComponent-viking_medical_cfp\">viking_medical_cfp</a></td><td>Viking Medical: C.F.P.</td><td>Viking Medical: C.F.P.</td></tr><tr><td><a href=\"CodeSystem-HipJointArthroplastyComponent.html#HipJointArthroplastyComponent-zimmer_biomet_arcos_revision\">zimmer_biomet_arcos_revision</a></td><td>Zimmer Biomet: Arcos revision</td><td>Zimmer Biomet: Arcos revision</td></tr><tr><td><a href=\"CodeSystem-HipJointArthroplastyComponent.html#HipJointArthroplastyComponent-zimmer_biomet_avenir_cemented_stem\">zimmer_biomet_avenir_cemented_stem</a></td><td>Zimmer Biomet: Avenir cemented stem</td><td>Zimmer Biomet: Avenir cemented stem</td></tr><tr><td><a href=\"CodeSystem-HipJointArthroplastyComponent.html#HipJointArthroplastyComponent-zimmer_biomet_avenir_cementless_stem\">zimmer_biomet_avenir_cementless_stem</a></td><td>Zimmer Biomet: Avenir cementless stem </td><td>Zimmer Biomet: Avenir cementless stem</td></tr><tr><td><a href=\"CodeSystem-HipJointArthroplastyComponent.html#HipJointArthroplastyComponent-zimmer_biomet_avenir_complete\">zimmer_biomet_avenir_complete</a></td><td>Zimmer Biomet: Avenir complete</td><td>Zimmer Biomet: Avenir complete</td></tr><tr><td><a href=\"CodeSystem-HipJointArthroplastyComponent.html#HipJointArthroplastyComponent-zimmer_biomet_bimetrix_without_collar_chrome_cobalt\">zimmer_biomet_bimetrix_without_collar_chrome_cobalt</a></td><td>Zimmer Biomet: Bimetric u/krave chrom/cobolt</td><td>Zimmer Biomet: Bimetric u/krave chrom/cobolt</td></tr><tr><td><a href=\"CodeSystem-HipJointArthroplastyComponent.html#HipJointArthroplastyComponent-zimmer_biomet_bimetric_without_collar_titaneum\">zimmer_biomet_bimetric_without_collar_titaneum</a></td><td>Zimmer Biomet: Bimetric u/krave titaneum</td><td>Zimmer Biomet: Bimetric u/krave titaneum</td></tr><tr><td><a href=\"CodeSystem-HipJointArthroplastyComponent.html#HipJointArthroplastyComponent-zimmer_biomet_cls_spotorno\">zimmer_biomet_cls_spotorno</a></td><td>Zimmer Biomet: CLS Spotorno</td><td>Zimmer Biomet: CLS Spotorno</td></tr><tr><td><a href=\"CodeSystem-HipJointArthroplastyComponent.html#HipJointArthroplastyComponent-zimmer_biomet_cpt\">zimmer_biomet_cpt</a></td><td>Zimmer Biomet: CPT</td><td>Zimmer Biomet: CPT</td></tr><tr><td><a href=\"CodeSystem-HipJointArthroplastyComponent.html#HipJointArthroplastyComponent-zimmer_biomet_echo_bi_metric_hip_stem_full_proximal_profile\">zimmer_biomet_echo_bi_metric_hip_stem_full_proximal_profile</a></td><td>Zimmer Biomet: Echo Bi-metric Hip Stem Full Proximal Profile</td><td>Zimmer Biomet: Echo Bi-metric Hip Stem Full Proximal Profile</td></tr><tr><td><a href=\"CodeSystem-HipJointArthroplastyComponent.html#HipJointArthroplastyComponent-zimmer_biomet_echo_bi_metric_reduced_proximal_profile\">zimmer_biomet_echo_bi_metric_reduced_proximal_profile</a></td><td>Zimmer Biomet: Echo Bi-Metric Reduceret Proximal Profil</td><td>Zimmer Biomet: Echo Bi-Metric Reduceret Proximal Profil</td></tr><tr><td><a href=\"CodeSystem-HipJointArthroplastyComponent.html#HipJointArthroplastyComponent-zimmer_biomet_fitmore\">zimmer_biomet_fitmore</a></td><td>Zimmer Biomet: Fitmore</td><td>Zimmer Biomet: Fitmore</td></tr><tr><td><a href=\"CodeSystem-HipJointArthroplastyComponent.html#HipJointArthroplastyComponent-zimmer_biomet_ms_30\">zimmer_biomet_ms_30</a></td><td>Zimmer Biomet: MS-30</td><td>Zimmer Biomet: MS-30</td></tr><tr><td><a href=\"CodeSystem-HipJointArthroplastyComponent.html#HipJointArthroplastyComponent-zimmer_biomet_revitan_revision_hip_system\">zimmer_biomet_revitan_revision_hip_system</a></td><td>Zimmer Biomet: Revitan Revision Hip System</td><td>Zimmer Biomet: Revitan Revision Hip System</td></tr><tr><td><a href=\"CodeSystem-HipJointArthroplastyComponent.html#HipJointArthroplastyComponent-zimmer_biomet_taperloc\">zimmer_biomet_taperloc</a></td><td>Zimmer Biomet: Taperloc</td><td>Zimmer Biomet: Taperloc</td></tr><tr><td><a href=\"CodeSystem-HipJointArthroplastyComponent.html#HipJointArthroplastyComponent-zimmer_biomet_wagner_cone\">zimmer_biomet_wagner_cone</a></td><td>Zimmer Biomet: Wagner Cone</td><td>Zimmer Biomet: Wagner Cone</td></tr><tr><td><a href=\"CodeSystem-HipJointArthroplastyComponent.html#HipJointArthroplastyComponent-zimmer_biomet_wagner_sl\">zimmer_biomet_wagner_sl</a></td><td>Zimmer Biomet: Wagner SL</td><td>Zimmer Biomet: Wagner SL</td></tr><tr><td><a href=\"CodeSystem-HipJointArthroplastyComponent.html#HipJointArthroplastyComponent-zimmer_biomet_zmr_porous_coated\">zimmer_biomet_zmr_porous_coated</a></td><td>Zimmer Biomet: ZMR porous-coated</td><td>Zimmer Biomet: ZMR porous-coated</td></tr><tr><td><a href=\"CodeSystem-HipJointArthroplastyComponent.html#HipJointArthroplastyComponent-zimmer_biomet_zmr_splined\">zimmer_biomet_zmr_splined</a></td><td>Zimmer Biomet: ZMR splined</td><td>Zimmer Biomet: ZMR splined</td></tr><tr><td><a href=\"CodeSystem-HipJointArthroplastyComponent.html#HipJointArthroplastyComponent-zimmer_biomet_zmr_taper\">zimmer_biomet_zmr_taper</a></td><td>Zimmer Biomet: ZMR Taper</td><td>Zimmer Biomet: ZMR Taper</td></tr><tr><td><a href=\"CodeSystem-HipJointArthroplastyComponent.html#HipJointArthroplastyComponent-zimmer_biomet_zmr_taper_xl\">zimmer_biomet_zmr_taper_xl</a></td><td>Zimmer Biomet: ZMR Taper XL</td><td>Zimmer Biomet: ZMR Taper XL</td></tr></table></li><li>Include these codes as defined in <a href=\"CodeSystem-GenericValues.html\"><code>https://kip.rkkp.dk/fhir/CodeSystem/GenericValues</code></a><table class=\"none\"><tr><td style=\"white-space:nowrap\"><b>Code</b></td><td><b>Display</b></td><td><b>Definition</b></td></tr><tr><td><a href=\"CodeSystem-GenericValues.html#GenericValues-custom\">custom</a></td><td>Custom made</td><td>Custom made</td></tr><tr><td><a href=\"CodeSystem-GenericValues.html#GenericValues-other\">other</a></td><td>Anden komponent</td><td>Other - used to choose unspecific value not in a valueset</td></tr></table></li></ul></div>"},"url":"https://kip.rkkp.dk/fhir/ValueSet/KomponentFemurDHR","version":"0.2.1","name":"KomponentFemurDHR","title":"Komponent - femur (DHR)","status":"active","experimental":true,"date":"2022-11-16T00:00:00+02:00","publisher":"Sundhedsvæsnets Kvalistetsinstitut with Trifork Digital Health A/S","contact":[{"name":"Sundhedsvæsnets Kvalistetsinstitut with Trifork Digital Health A/S","telecom":[{"system":"url","value":"https://trifork.com"},{"system":"email","value":"rbk@trifork.com"}]}],"description":"Komponent - femur (DHR)","compose":{"include":[{"system":"https://kip.rkkp.dk/fhir/CodeSystem/HipJointArthroplastyComponent","concept":[{"code":"depuy_corail_collar","display":"DePuy: Corail m/krave"},{"code":"depuy_corail_without_collar","display":"DePuy: Corail u/krave"},{"code":"depuy_corail_revision_stem","display":"DePuy: Corail Revision Stem - KAR"},{"code":"depuy_c_stem_amt","display":"DePuy: C-stem AMT"},{"code":"depuy_summit","display":"DePuy: Summit"},{"code":"implantcast_mutars_proximal_femoral_replacement","display":"Implantcast: Mutars proksimal femoral replacement"},{"code":"lima_h_max_lateralized","display":"Lima: H-MAX: Lateralized"},{"code":"lima_h_max_standard","display":"Lima: H-MAX: Standard"},{"code":"link_link_mp","display":"Link: Link MP"},{"code":"link_lubinus_sp_ii","display":"Link: Lubinus SP II"},{"code":"peter_brehm_gmbh_mrp_titan","display":"Peter Brehm GmbH: MRP-Titan"},{"code":"smith&nephew_bhr","display":"Smith & Nephew: BHR"},{"code":"smith&nephew_polarstem","display":"Smith & Nephew: Polarstem"},{"code":"stryker_acolade_ii","display":"Stryker: Accolade II "},{"code":"stryker_exeter_primary_v40","display":"Stryker: Exeter Primary V40"},{"code":"stryker_gmrs_proximal_femoral_component","display":"Stryker: GMRS Proximal Femoral Component"},{"code":"stryker_restoration_modular","display":"Stryker: Restoration modular"},{"code":"viking_medical_cfp","display":"Viking Medical: C.F.P."},{"code":"zimmer_biomet_arcos_revision","display":"Zimmer Biomet: Arcos revision"},{"code":"zimmer_biomet_avenir_cemented_stem","display":"Zimmer Biomet: Avenir cemented stem"},{"code":"zimmer_biomet_avenir_cementless_stem","display":"Zimmer Biomet: Avenir cementless stem "},{"code":"zimmer_biomet_avenir_complete","display":"Zimmer Biomet: Avenir complete"},{"code":"zimmer_biomet_bimetrix_without_collar_chrome_cobalt","display":"Zimmer Biomet: Bimetric u/krave chrom/cobolt"},{"code":"zimmer_biomet_bimetric_without_collar_titaneum","display":"Zimmer Biomet: Bimetric u/krave titaneum"},{"code":"zimmer_biomet_cls_spotorno","display":"Zimmer Biomet: CLS Spotorno"},{"code":"zimmer_biomet_cpt","display":"Zimmer Biomet: CPT"},{"code":"zimmer_biomet_echo_bi_metric_hip_stem_full_proximal_profile","display":"Zimmer Biomet: Echo Bi-metric Hip Stem Full Proximal Profile"},{"code":"zimmer_biomet_echo_bi_metric_reduced_proximal_profile","display":"Zimmer Biomet: Echo Bi-Metric Reduceret Proximal Profil"},{"code":"zimmer_biomet_fitmore","display":"Zimmer Biomet: Fitmore"},{"code":"zimmer_biomet_ms_30","display":"Zimmer Biomet: MS-30"},{"code":"zimmer_biomet_revitan_revision_hip_system","display":"Zimmer Biomet: Revitan Revision Hip System"},{"code":"zimmer_biomet_taperloc","display":"Zimmer Biomet: Taperloc"},{"code":"zimmer_biomet_wagner_cone","display":"Zimmer Biomet: Wagner Cone"},{"code":"zimmer_biomet_wagner_sl","display":"Zimmer Biomet: Wagner SL"},{"code":"zimmer_biomet_zmr_porous_coated","display":"Zimmer Biomet: ZMR porous-coated"},{"code":"zimmer_biomet_zmr_splined","display":"Zimmer Biomet: ZMR splined"},{"code":"zimmer_biomet_zmr_taper","display":"Zimmer Biomet: ZMR Taper"},{"code":"zimmer_biomet_zmr_taper_xl","display":"Zimmer Biomet: ZMR Taper XL"}]},{"system":"https://kip.rkkp.dk/fhir/CodeSystem/GenericValues","concept":[{"code":"custom","display":"Custom made"},{"code":"other","display":"Anden komponent"}]}]}}