{"resourceType":"ValueSet","id":"DoedLokation","text":{"status":"extensions","div":"<div xmlns=\"http://www.w3.org/1999/xhtml\"><p class=\"res-header-id\"><b>Generated Narrative: ValueSet DoedLokation</b></p><a name=\"DoedLokation\"> </a><a name=\"hcDoedLokation\"> </a><a name=\"DoedLokation-en-US\"> </a><p>This value set includes codes based on the following rules:</p><ul><li>Include these codes as defined in <a href=\"CodeSystem-DeathPlace.html\"><code>https://kip.rkkp.dk/fhir/CodeSystem/DeathPlace</code></a><table class=\"none\"><tr><td style=\"white-space:nowrap\"><b>Code</b></td><td><b>Display</b></td><td><b>Definition</b></td></tr><tr><td><a href=\"CodeSystem-DeathPlace.html#DeathPlace-home\">home</a></td><td>Hjemmet</td><td>Home / Hjemmet</td></tr><tr><td><a href=\"CodeSystem-DeathPlace.html#DeathPlace-palliative\">palliative</a></td><td>I denne palliative afdeling</td><td>This palliative department / I denne palliative afdeling</td></tr><tr><td><a href=\"CodeSystem-DeathPlace.html#DeathPlace-other_palliative\">other_palliative</a></td><td>I anden palliativ afdeling</td><td>Other palliative department / I anden palliativ afdeling</td></tr><tr><td><a href=\"CodeSystem-DeathPlace.html#DeathPlace-non_palliative\">non_palliative</a></td><td>Ikke-palliativ sygehusafdeling</td><td>Ikke-palliativ sygehusafdeling</td></tr><tr><td><a href=\"CodeSystem-DeathPlace.html#DeathPlace-relief_area\">relief_area</a></td><td>Aflastningsplads</td><td>Aflastningsplads</td></tr></table></li><li>Include these codes as defined in <a href=\"CodeSystem-GenericValues.html\"><code>https://kip.rkkp.dk/fhir/CodeSystem/GenericValues</code></a><table class=\"none\"><tr><td style=\"white-space:nowrap\"><b>Code</b></td><td><b>Display</b></td><td><b>Definition</b></td></tr><tr><td><a href=\"CodeSystem-GenericValues.html#GenericValues-other\">other</a></td><td>Andet sted/ukendt</td><td>Other - used to choose unspecific value not in a valueset</td></tr></table></li></ul></div>"},"url":"https://kip.rkkp.dk/fhir/ValueSet/DoedLokation","version":"0.2.1","name":"DoedLokation","title":"Doed lokation","status":"active","experimental":true,"date":"2022-09-07T00:00:00+02:00","publisher":"Sundhedsvæsnets Kvalistetsinstitut with Trifork Digital Health A/S","contact":[{"name":"Sundhedsvæsnets Kvalistetsinstitut with Trifork Digital Health A/S","telecom":[{"system":"url","value":"https://trifork.com"},{"system":"email","value":"rbk@trifork.com"}]}],"description":"Hvor døde patienten","compose":{"include":[{"system":"https://kip.rkkp.dk/fhir/CodeSystem/DeathPlace","concept":[{"code":"home","display":"Hjemmet"},{"code":"palliative","display":"I denne palliative afdeling"},{"code":"other_palliative","display":"I anden palliativ afdeling"},{"code":"non_palliative","display":"Ikke-palliativ sygehusafdeling"},{"code":"relief_area","display":"Aflastningsplads"}]},{"system":"https://kip.rkkp.dk/fhir/CodeSystem/GenericValues","concept":[{"code":"other","display":"Andet sted/ukendt"}]}]}}