{"resourceType":"ValueSet","id":"EDTAPeritonedialyseDNSL","text":{"status":"extensions","div":"<div xmlns=\"http://www.w3.org/1999/xhtml\"><p class=\"res-header-id\"><b>Generated Narrative: ValueSet EDTAPeritonedialyseDNSL</b></p><a name=\"EDTAPeritonedialyseDNSL\"> </a><a name=\"hcEDTAPeritonedialyseDNSL\"> </a><a name=\"EDTAPeritonedialyseDNSL-en-US\"> </a><ul><li>Include these codes as defined in <a href=\"CodeSystem-EDTACodes.html\"><code>https://kip.rkkp.dk/fhir/CodeSystem/EDTACodes</code></a><table class=\"none\"><tr><td style=\"white-space:nowrap\"><b>Code</b></td><td><b>Display</b></td><td><b>Definition</b></td></tr><tr><td><a href=\"CodeSystem-EDTACodes.html#EDTACodes-EDTA30\">EDTA30</a></td><td>EDTA 30, IPD-dialyse (hospital)</td><td>EDTA 30, IPD-dialyse (hospital)</td></tr><tr><td><a href=\"CodeSystem-EDTACodes.html#EDTACodes-EDTA40\">EDTA40</a></td><td>EDTA 40, CAPD-dialyse</td><td>EDTA 40, CAPD-dialyse</td></tr><tr><td><a href=\"CodeSystem-EDTACodes.html#EDTACodes-EDTA41\">EDTA41</a></td><td>EDTA 41, APD-dialyse</td><td>EDTA 41, APD-dialyse</td></tr><tr><td><a href=\"CodeSystem-EDTACodes.html#EDTACodes-EDTA45\">EDTA45</a></td><td>EDTA 45, Blandet PDHD-dialyse</td><td>EDTA 45, Blandet PDHD-dialyse</td></tr><tr><td><a href=\"CodeSystem-EDTACodes.html#EDTACodes-EDTA46a\">EDTA46a</a></td><td>EDTA46a, Assisteret CAPD (kun professionel)</td><td>EDTA 46a, Assisteret CAPD (kun professionel)</td></tr><tr><td><a href=\"CodeSystem-EDTACodes.html#EDTACodes-EDTA46b\">EDTA46b</a></td><td>EDTA46b, Assisteret APD (kun professionel)</td><td>EDTA 46b, Assisteret APD (kun professionel)</td></tr></table></li></ul></div>"},"url":"https://kip.rkkp.dk/fhir/ValueSet/EDTAPeritonedialyseDNSL","version":"0.2.1","name":"EDTAPeritonedialyseDNSL","title":"EDTA koder Peritonedialyse (DNSL)","status":"active","experimental":true,"date":"2024-01-31T00:00:00+02:00","publisher":"Sundhedsvæsnets Kvalistetsinstitut with Trifork Digital Health A/S","contact":[{"name":"Sundhedsvæsnets Kvalistetsinstitut with Trifork Digital Health A/S","telecom":[{"system":"url","value":"https://trifork.com"},{"system":"email","value":"rbk@trifork.com"}]}],"description":"EDTA koder Peritonedialyse (DNSL)","compose":{"include":[{"system":"https://kip.rkkp.dk/fhir/CodeSystem/EDTACodes","concept":[{"code":"EDTA30","display":"EDTA 30, IPD-dialyse (hospital)"},{"code":"EDTA40","display":"EDTA 40, CAPD-dialyse"},{"code":"EDTA41","display":"EDTA 41, APD-dialyse"},{"code":"EDTA45","display":"EDTA 45, Blandet PDHD-dialyse"},{"code":"EDTA46a","display":"EDTA46a, Assisteret CAPD (kun professionel)"},{"code":"EDTA46b","display":"EDTA46b, Assisteret APD (kun professionel)"}]}]}}