{"resourceType":"ValueSet","id":"KomplBlaereProcDUGA","text":{"status":"extensions","div":"<div xmlns=\"http://www.w3.org/1999/xhtml\"><p class=\"res-header-id\"><b>Generated Narrative: ValueSet KomplBlaereProcDUGA</b></p><a name=\"KomplBlaereProcDUGA\"> </a><a name=\"hcKomplBlaereProcDUGA\"> </a><a name=\"KomplBlaereProcDUGA-en-US\"> </a><ul><li>Include these codes as defined in <a href=\"CodeSystem-ProcedureUrogyn.html\"><code>https://kip.rkkp.dk/fhir/CodeSystem/ProcedureUrogyn</code></a><table class=\"none\"><tr><td style=\"white-space:nowrap\"><b>Code</b></td><td><b>Display</b></td><td><b>Definition</b></td></tr><tr><td><a href=\"CodeSystem-ProcedureUrogyn.html#ProcedureUrogyn-BJAZ0\">BJAZ0</a></td><td>BJAZ0: Anlæggelse af blærekateter</td><td>Anlæggelse af blærekateter</td></tr><tr><td><a href=\"CodeSystem-ProcedureUrogyn.html#ProcedureUrogyn-BJKA02\">BJKA02</a></td><td>BJKA02: Vejledning og undervisning i selvkateterisation</td><td>Vejledning og undervisning i selvkateterisation</td></tr><tr><td><a href=\"CodeSystem-ProcedureUrogyn.html#ProcedureUrogyn-BJAA0\">BJAA0</a></td><td>BJAA0: Engangskateterisation af blæren</td><td>Engangskateterisation af blæren</td></tr><tr><td><a href=\"CodeSystem-ProcedureUrogyn.html#ProcedureUrogyn-KLWW96\">KLWW96</a></td><td>KLWW96: Anden reoperation efter gynækologisk operation</td><td>Anden reoperation efter gynækologisk operation</td></tr><tr><td><a href=\"CodeSystem-ProcedureUrogyn.html#ProcedureUrogyn-KLWW96A\">KLWW96A</a></td><td>KLWW96A: Fjernelse af fremmedlegeme i bækkenhulen efter gynækologisk operation</td><td>Fjernelse af fremmedlegeme i bækkenhulen efter gynækologisk operation</td></tr><tr><td><a href=\"CodeSystem-ProcedureUrogyn.html#ProcedureUrogyn-KLWW97A\">KLWW97A</a></td><td>KLWW97A: Laparoskopisk fjernelse af fremmedlegeme i bækkenhulen efter gynækologisk operation</td><td>Laparoskopisk fjernelse af fremmedlegeme i bækkenhulen efter gynækologisk operation</td></tr><tr><td><a href=\"CodeSystem-ProcedureUrogyn.html#ProcedureUrogyn-KTLW99A\">KTLW99A</a></td><td>KTLW99A: Løsning eller overskæring af vaginal slynge</td><td>Løsning eller overskæring af vaginal slynge</td></tr><tr><td><a href=\"CodeSystem-ProcedureUrogyn.html#ProcedureUrogyn-ZZ1295\">ZZ1295</a></td><td>ZZ1295: Væske og vandladningsskema</td><td>Væske og vandladningsskema</td></tr></table></li></ul></div>"},"url":"https://kip.rkkp.dk/fhir/ValueSet/KomplBlaereProcDUGA","version":"0.2.1","name":"KomplBlaereProcDUGA","title":"Komplikationer pga. blæretømningsbesvær - Procedurekoder (DUGA)","status":"active","experimental":true,"date":"2024-02-21T00:00:00+02:00","publisher":"Sundhedsvæsnets Kvalistetsinstitut with Trifork Digital Health A/S","contact":[{"name":"Sundhedsvæsnets Kvalistetsinstitut with Trifork Digital Health A/S","telecom":[{"system":"url","value":"https://trifork.com"},{"system":"email","value":"rbk@trifork.com"}]}],"description":"Komplikationer pga. blæretømningsbesvær - Procedurekoder (DUGA)","compose":{"include":[{"system":"https://kip.rkkp.dk/fhir/CodeSystem/ProcedureUrogyn","concept":[{"code":"BJAZ0","display":"BJAZ0: Anlæggelse af blærekateter"},{"code":"BJKA02","display":"BJKA02: Vejledning og undervisning i selvkateterisation"},{"code":"BJAA0","display":"BJAA0: Engangskateterisation af blæren"},{"code":"KLWW96","display":"KLWW96: Anden reoperation efter gynækologisk operation"},{"code":"KLWW96A","display":"KLWW96A: Fjernelse af fremmedlegeme i bækkenhulen efter gynækologisk operation"},{"code":"KLWW97A","display":"KLWW97A: Laparoskopisk fjernelse af fremmedlegeme i bækkenhulen efter gynækologisk operation"},{"code":"KTLW99A","display":"KTLW99A: Løsning eller overskæring af vaginal slynge"},{"code":"ZZ1295","display":"ZZ1295: Væske og vandladningsskema"}]}]}}