{"resourceType":"ValueSet","id":"CoronaryArteryGraph","text":{"status":"extensions","div":"<div xmlns=\"http://www.w3.org/1999/xhtml\"><p class=\"res-header-id\"><b>Generated Narrative: ValueSet CoronaryArteryGraph</b></p><a name=\"CoronaryArteryGraph\"> </a><a name=\"hcCoronaryArteryGraph\"> </a><a name=\"CoronaryArteryGraph-en-US\"> </a><ul><li>Include these codes as defined in <a href=\"CodeSystem-CoronaryArteryGraph.html\"><code>https://kip.rkkp.dk/fhir/CodeSystem/CoronaryArteryGraph</code></a><table class=\"none\"><tr><td style=\"white-space:nowrap\"><b>Code</b></td><td><b>Display</b></td><td><b>Definition</b></td></tr><tr><td><a href=\"CodeSystem-CoronaryArteryGraph.html#CoronaryArteryGraph-coronary_artery_graph_instant_KAG\">coronary_artery_graph_instant_KAG</a></td><td>Meget Høj Risiko: Akut KAG</td><td>Do a KAG Instantantly</td></tr><tr><td><a href=\"CodeSystem-CoronaryArteryGraph.html#CoronaryArteryGraph-coronary_artery_graph_high_risk\">coronary_artery_graph_high_risk</a></td><td>Høj risiko: KAG &lt; 24 timer</td><td>Do a KAG within 24 hours</td></tr><tr><td><a href=\"CodeSystem-CoronaryArteryGraph.html#CoronaryArteryGraph-coronary_artery_graph_low_risk\">coronary_artery_graph_low_risk</a></td><td>Lav risiko: Selektiv invasiv strategi</td><td>Selectiv strategy</td></tr><tr><td><a href=\"CodeSystem-CoronaryArteryGraph.html#CoronaryArteryGraph-coronary_artery_graph_unknown_risk\">coronary_artery_graph_unknown_risk</a></td><td>Risikoestimering er ikke foretaget: Klinisk vurderet at KAG ikke er relevant</td><td>Assment that KAG isnt relevent</td></tr></table></li></ul></div>"},"url":"https://kip.rkkp.dk/fhir/ValueSet/CoronaryArteryGraph","version":"0.2.1","name":"CoronaryArteryGraph","title":"KAG vurdering","status":"active","experimental":true,"date":"2022-06-07T00:00:00+02:00","publisher":"Sundhedsvæsnets Kvalistetsinstitut with Trifork Digital Health A/S","contact":[{"name":"Sundhedsvæsnets Kvalistetsinstitut with Trifork Digital Health A/S","telecom":[{"system":"url","value":"https://trifork.com"},{"system":"email","value":"rbk@trifork.com"}]}],"description":"Skal patienten få et KAG","compose":{"include":[{"system":"https://kip.rkkp.dk/fhir/CodeSystem/CoronaryArteryGraph","concept":[{"code":"coronary_artery_graph_instant_KAG","display":"Meget Høj Risiko: Akut KAG"},{"code":"coronary_artery_graph_high_risk","display":"Høj risiko: KAG < 24 timer"},{"code":"coronary_artery_graph_low_risk","display":"Lav risiko: Selektiv invasiv strategi"},{"code":"coronary_artery_graph_unknown_risk","display":"Risikoestimering er ikke foretaget: Klinisk vurderet at KAG ikke er relevant"}]}]}}